#ifdef __has_include
    #if __has_include("lvgl.h")
        #ifndef LV_LVGL_H_INCLUDE_SIMPLE
            #define LV_LVGL_H_INCLUDE_SIMPLE
        #endif
    #endif
#endif

#if defined(LV_LVGL_H_INCLUDE_SIMPLE)
    #include "lvgl.h"
#else
    #include "lvgl/lvgl.h"
#endif

#ifndef LV_ATTRIBUTE_MEM_ALIGN
#define LV_ATTRIBUTE_MEM_ALIGN
#endif

#ifndef LV_ATTRIBUTE_IMAGE_COUNTDOWN_1
#define LV_ATTRIBUTE_IMAGE_COUNTDOWN_1
#endif

const LV_ATTRIBUTE_MEM_ALIGN LV_ATTRIBUTE_LARGE_CONST LV_ATTRIBUTE_IMAGE_COUNTDOWN_1 uint8_t countdown_1_map[] = {
  0x00, 0x00, 0x00, 0x00, 0x00, 0x00, 0x00, 0x00, 0x00, 0x00, 0x00, 0x00, 0x00, 0x00, 0x00, 0x00,
  0x00, 0x00, 0x00, 0x00, 0x00, 0x00, 0x00, 0x00, 0x00, 0x00, 0x00, 0x00, 0x00, 0x00, 0x00, 0x00,
  0x00, 0x00, 0x00, 0x00, 0x00, 0x00, 0x00, 0x00, 0x00, 0x00, 0x00, 0x00, 0x00, 0x00, 0x00, 0x00,
  0x00, 0x00, 0x00, 0x00, 0x00, 0x00, 0x00, 0x00, 0x00, 0x00, 0x00, 0x00, 0x00, 0x00, 0x00, 0x00,
  0x00, 0x00, 0x00, 0x00, 0x00, 0x00, 0x00, 0x00, 0x00, 0x00, 0x00, 0x00, 0x00, 0x00, 0x00, 0x00,
  0x00, 0x00, 0x00, 0x00, 0x00, 0x00, 0x00, 0x00, 0x00, 0x00, 0x00, 0x00, 0x00, 0x00, 0x00, 0x00,
  0x00, 0x00, 0x00, 0x00, 0x00, 0x00, 0x00, 0x00, 0x00, 0x00, 0x00, 0x00, 0x00, 0x00, 0x00, 0x00,
  0x00, 0x00, 0x00, 0x00, 0x00, 0x00, 0x00, 0x00, 0x00, 0x00, 0x00, 0x00, 0x00, 0x00, 0x00, 0x00,
  0x00, 0x00, 0x00, 0x00, 0x00, 0x00, 0x00, 0x00, 0x00, 0x00, 0x00, 0x00, 0x00, 0x00, 0x00, 0x00,
  0x00, 0x00, 0x00, 0x00, 0x00, 0x00, 0x00, 0x00, 0x00, 0x00, 0x00, 0x00, 0x00, 0x00, 0x00, 0x00,
  0x00, 0x00, 0x00, 0x00, 0x00, 0x00, 0x00, 0x00, 0x00, 0x00, 0x00, 0x00, 0x00, 0x00, 0x00, 0x00,
  0x00, 0x00, 0x00, 0x00, 0x00, 0x00, 0x00, 0x00, 0x00, 0x00, 0x00, 0x00, 0x00, 0x00, 0x00, 0x00,
  0x00, 0x00, 0x00, 0x00, 0x00, 0x00, 0x00, 0x00, 0x00, 0x00, 0x00, 0x00, 0x00, 0x00, 0x00, 0x00,
  0x00, 0x00, 0x00, 0x00, 0x00, 0x00, 0x00, 0x78, 0x80, 0x58, 0x00, 0x78, 0x00, 0x00, 0x00, 0x00,
  0x00, 0x00, 0x00, 0x00, 0x00, 0x00, 0x00, 0x00, 0x00, 0x00, 0x00, 0x00, 0x00, 0x00, 0x00, 0x00,
  0x00, 0x00, 0x00, 0x00, 0x00, 0x00, 0x00, 0x00, 0x00, 0x00, 0x00, 0x00, 0x00, 0x00, 0x00, 0x00,
  0x00, 0x00, 0x00, 0x00, 0x00, 0x00, 0x00, 0x00, 0x00, 0x00, 0x00, 0x00, 0x00, 0x00, 0x00, 0x00,
  0x00, 0x00, 0x00, 0x00, 0x00, 0x00, 0x00, 0x00, 0x00, 0x00, 0x00, 0x00, 0x00, 0x00, 0x00, 0x00,
  0x00, 0x00, 0x00, 0x00, 0x00, 0x00, 0x00, 0x00, 0x00, 0x00, 0x00, 0x00, 0x00, 0x00, 0x00, 0x00,
  0x00, 0x00, 0x00, 0x00, 0x00, 0x00, 0x00, 0x00, 0x00, 0x00, 0x00, 0x00, 0x00, 0x00, 0x00, 0x00,
  0x00, 0x00, 0x00, 0x00, 0x00, 0x00, 0x00, 0x00, 0x00, 0x00, 0x00, 0x00, 0x00, 0x00, 0x00, 0x00,
  0x00, 0x00, 0x00, 0x00, 0x00, 0x00, 0x00, 0x00, 0x00, 0x00, 0x00, 0x00, 0x00, 0x00, 0x00, 0x00,
  0x00, 0x00, 0x00, 0x00, 0x00, 0x00, 0x00, 0x00, 0x00, 0x00, 0x00, 0x00, 0x00, 0x00, 0x00, 0x00,
  0x00, 0x00, 0x00, 0x00, 0x00, 0x00, 0x00, 0x00, 0x00, 0x00, 0x00, 0x00, 0x00, 0x00, 0x00, 0x00,
  0x00, 0x00, 0x00, 0x00, 0x00, 0x00, 0x00, 0x00, 0x00, 0x00, 0x00, 0x00, 0x00, 0x00, 0x00, 0x00,
  0x00, 0x00, 0x00, 0x00, 0x00, 0x00, 0x00, 0x00, 0x00, 0x00, 0x00, 0x00, 0x00, 0x00, 0x00, 0x00,
  0x00, 0x00, 0x00, 0x00, 0x00, 0x00, 0x00, 0x00, 0x00, 0x00, 0x00, 0x00, 0x00, 0x00, 0x00, 0x00,
  0x00, 0x00, 0x00, 0x00, 0x00, 0x00, 0x00, 0x00, 0x00, 0x00, 0x00, 0x00, 0x00, 0x00, 0x00, 0x00,
  0x00, 0x00, 0x00, 0x00, 0x00, 0x00, 0x00, 0x00, 0x00, 0x00, 0x00, 0x00, 0x00, 0x00, 0x00, 0x00,
  0x00, 0x00, 0x00, 0x00, 0x00, 0x00, 0x00, 0x00, 0x00, 0x00, 0x00, 0x00, 0x00, 0x00, 0x00, 0x00,
  0x00, 0x00, 0x00, 0x00, 0x00, 0x00, 0x00, 0x00, 0x00, 0x00, 0x00, 0x00, 0x00, 0x00, 0x00, 0x00,
  0x00, 0x00, 0x00, 0x00, 0x00, 0x00, 0x00, 0x00, 0x00, 0x00, 0x00, 0x00, 0x00, 0x00, 0x00, 0x00,
  0x00, 0x00, 0x00, 0x00, 0x00, 0x00, 0x00, 0x00, 0x00, 0x00, 0x00, 0x00, 0x00, 0x00, 0x00, 0x00,
  0x00, 0x00, 0x00, 0x00, 0x00, 0x00, 0x00, 0x00, 0x00, 0x00, 0x00, 0x00, 0x00, 0x00, 0x00, 0x00,
  0x00, 0x00, 0x00, 0x00, 0x00, 0x00, 0x00, 0x00, 0x00, 0x00, 0x00, 0x00, 0x00, 0x00, 0x00, 0x00,
  0x00, 0x00, 0x00, 0x00, 0x00, 0x00, 0x00, 0x00, 0x00, 0x00, 0x00, 0x00, 0x00, 0x00, 0x00, 0x00,
  0x00, 0x00, 0x00, 0x00, 0x00, 0x00, 0x00, 0x00, 0x00, 0x00, 0x00, 0x00, 0x00, 0x00, 0x00, 0x00,
  0x00, 0x00, 0x00, 0x00, 0x00, 0x00, 0x00, 0x00, 0x00, 0x00, 0x00, 0x00, 0x00, 0x00, 0x00, 0x00,
  0x00, 0x00, 0x00, 0x00, 0x00, 0x00, 0x00, 0x00, 0x00, 0x00, 0x00, 0x00, 0x00, 0x00, 0x00, 0x00,
  0x00, 0x00, 0x00, 0x00, 0x00, 0x00, 0x00, 0x00, 0x00, 0x00, 0x00, 0x00, 0x00, 0x00, 0x00, 0x00,
  0x00, 0x00, 0x00, 0x00, 0x00, 0x00, 0x00, 0x00, 0x00, 0x00, 0x00, 0x00, 0x00, 0x00, 0x00, 0x00,
  0x00, 0x00, 0x00, 0x00, 0x00, 0x00, 0x00, 0x00, 0x00, 0x00, 0x00, 0x00, 0x00, 0x00, 0x00, 0x00,
  0x00, 0x00, 0x00, 0x00, 0x00, 0x00, 0x00, 0x00, 0x00, 0x00, 0x00, 0x00, 0x00, 0x00, 0x00, 0x00,
  0x00, 0x00, 0x00, 0x00, 0x00, 0x00, 0x00, 0x00, 0x00, 0x00, 0x00, 0x00, 0xa0, 0x52, 0x00, 0x78,
  0xc0, 0x60, 0xc0, 0x68, 0xa0, 0x60, 0x00, 0x00, 0x00, 0x00, 0x00, 0x00, 0x00, 0x00, 0x00, 0x00,
  0x00, 0x00, 0x00, 0x00, 0x00, 0x00, 0x00, 0x00, 0x00, 0x00, 0x00, 0x00, 0x00, 0x00, 0x00, 0x00,
  0x00, 0x00, 0x00, 0x00, 0x00, 0x00, 0x00, 0x00, 0x00, 0x00, 0x00, 0x00, 0x00, 0x00, 0x00, 0x00,
  0x00, 0x00, 0x00, 0x00, 0x00, 0x00, 0x00, 0x00, 0x00, 0x00, 0x00, 0x00, 0x00, 0x00, 0x00, 0x00,
  0x00, 0x00, 0x00, 0x00, 0x00, 0x00, 0x00, 0x00, 0x00, 0x00, 0x00, 0x00, 0x00, 0x00, 0x00, 0x00,
  0x00, 0x00, 0x00, 0x00, 0x00, 0x00, 0x00, 0x00, 0x00, 0x00, 0x00, 0x00, 0x00, 0x00, 0x00, 0x00,
  0x00, 0x00, 0x00, 0x00, 0x00, 0x00, 0x00, 0x00, 0x00, 0x00, 0x00, 0x00, 0x00, 0x00, 0x00, 0x00,
  0x00, 0x00, 0x00, 0x00, 0x00, 0x00, 0x00, 0x00, 0x00, 0x00, 0x00, 0x00, 0x00, 0x00, 0x00, 0x00,
  0x00, 0x00, 0x00, 0x00, 0x00, 0x00, 0x00, 0x00, 0x00, 0x00, 0x00, 0x00, 0x00, 0x00, 0x00, 0x00,
  0x00, 0x00, 0x00, 0x00, 0x00, 0x00, 0x00, 0x00, 0x00, 0x00, 0x00, 0x00, 0x00, 0x00, 0x00, 0x00,
  0x00, 0x00, 0x00, 0x00, 0x00, 0x00, 0x00, 0x00, 0x00, 0x00, 0x00, 0x00, 0x00, 0x00, 0x00, 0x00,
  0x00, 0x00, 0x00, 0x00, 0x00, 0x00, 0x00, 0x00, 0x00, 0x00, 0x00, 0x00, 0x00, 0x00, 0x00, 0x00,
  0x00, 0x00, 0x00, 0x00, 0x00, 0x00, 0x00, 0x00, 0x00, 0x00, 0x00, 0x00, 0x00, 0x00, 0x00, 0x00,
  0x00, 0x00, 0x00, 0x00, 0x00, 0x00, 0x00, 0x00, 0x00, 0x00, 0x00, 0x00, 0x00, 0x00, 0x00, 0x00,
  0x00, 0x00, 0x00, 0x00, 0x00, 0x00, 0x00, 0x00, 0x00, 0x00, 0x00, 0x00, 0x00, 0x00, 0x00, 0x00,
  0x00, 0x00, 0x00, 0x00, 0x00, 0x00, 0x00, 0x00, 0x00, 0x00, 0x00, 0x00, 0x00, 0x00, 0x00, 0x00,
  0x00, 0x00, 0x00, 0x00, 0x00, 0x00, 0x00, 0x00, 0x00, 0x00, 0x00, 0x00, 0x00, 0x00, 0x00, 0x00,
  0x00, 0x00, 0x00, 0x00, 0x00, 0x00, 0x00, 0x00, 0x00, 0x00, 0x00, 0x00, 0x00, 0x00, 0x00, 0x00,
  0x00, 0x00, 0x00, 0x00, 0x00, 0x00, 0x00, 0x00, 0x00, 0x00, 0x00, 0x00, 0x00, 0x00, 0x00, 0x00,
  0x00, 0x00, 0x00, 0x00, 0x00, 0x00, 0x00, 0x00, 0x00, 0x00, 0x00, 0x00, 0x00, 0x00, 0x00, 0x00,
  0x00, 0x00, 0x00, 0x00, 0x00, 0x00, 0x00, 0x00, 0x00, 0x00, 0x00, 0x00, 0x00, 0x00, 0x00, 0x00,
  0x00, 0x00, 0x00, 0x00, 0x00, 0x00, 0x00, 0x00, 0x00, 0x00, 0x00, 0x00, 0x00, 0x00, 0x00, 0x00,
  0x00, 0x00, 0x00, 0x00, 0x00, 0x00, 0x00, 0x00, 0x00, 0x00, 0x00, 0x00, 0x00, 0x00, 0x00, 0x00,
  0x00, 0x00, 0x00, 0x00, 0x00, 0x00, 0x00, 0x00, 0x00, 0x00, 0x00, 0x00, 0x00, 0x00, 0x00, 0x00,
  0x00, 0x00, 0x00, 0x00, 0x00, 0x00, 0x00, 0x00, 0x00, 0x00, 0x00, 0x00, 0x00, 0x00, 0x00, 0x00,
  0x00, 0x00, 0x00, 0x00, 0x00, 0x00, 0x00, 0x00, 0x00, 0x00, 0x00, 0x00, 0x00, 0x00, 0x00, 0x00,
  0x00, 0x00, 0x00, 0x00, 0x00, 0x00, 0x00, 0x00, 0x00, 0x00, 0x00, 0x00, 0x00, 0x00, 0x00, 0x00,
  0x00, 0x00, 0x00, 0x00, 0x00, 0x00, 0x00, 0x00, 0x00, 0x00, 0x00, 0x00, 0x00, 0x00, 0x00, 0x00,
  0x00, 0x00, 0x00, 0x00, 0x00, 0x00, 0x00, 0x00, 0x00, 0x00, 0x00, 0x00, 0x00, 0x00, 0x00, 0x00,
  0x00, 0x00, 0x00, 0x00, 0x00, 0x00, 0x00, 0x00, 0x00, 0x00, 0x00, 0x00, 0x00, 0x00, 0x00, 0x00,
  0x00, 0x00, 0x00, 0x00, 0x00, 0x00, 0x00, 0xf8, 0xc0, 0x58, 0xa0, 0x58, 0xc0, 0x60, 0xc0, 0x60,
  0x00, 0x00, 0x00, 0x00, 0x00, 0x00, 0x00, 0x00, 0x00, 0x00, 0x00, 0x00, 0x00, 0x00, 0x00, 0x00,
  0x00, 0x00, 0x00, 0x00, 0x00, 0x00, 0x00, 0x00, 0x00, 0x00, 0x00, 0x00, 0x00, 0x00, 0x00, 0x00,
  0x00, 0x00, 0x00, 0x00, 0x00, 0x00, 0x00, 0x00, 0x00, 0x00, 0x00, 0x00, 0x00, 0x00, 0x00, 0x00,
  0x00, 0x00, 0x00, 0x00, 0x00, 0x00, 0x00, 0x00, 0x00, 0x00, 0x00, 0x00, 0x00, 0x00, 0x00, 0x00,
  0x00, 0x00, 0x00, 0x00, 0x00, 0x00, 0x00, 0x00, 0x00, 0x00, 0x00, 0x00, 0x00, 0x00, 0x00, 0x00,
  0x00, 0x00, 0x00, 0x00, 0x00, 0x00, 0x00, 0x00, 0x00, 0x00, 0x00, 0x00, 0x00, 0x00, 0x00, 0x00,
  0x00, 0x00, 0x00, 0x00, 0x00, 0x00, 0x00, 0x00, 0x00, 0x00, 0x00, 0x00, 0x00, 0x00, 0x00, 0x00,
  0x00, 0x00, 0x00, 0x00, 0x00, 0x00, 0x00, 0x00, 0x00, 0x00, 0x00, 0x00, 0x00, 0x00, 0x00, 0x00,
  0x00, 0x00, 0x00, 0x00, 0x00, 0x00, 0x00, 0x00, 0x00, 0x00, 0x00, 0x00, 0x00, 0x00, 0x00, 0x00,
  0x00, 0x00, 0x00, 0x00, 0x00, 0x00, 0x00, 0x00, 0x00, 0x00, 0x00, 0x00, 0x00, 0x00, 0x00, 0x00,
  0x00, 0x00, 0x00, 0x00, 0x00, 0x00, 0x00, 0x00, 0x00, 0x00, 0x00, 0x00, 0x00, 0x00, 0x00, 0x00,
  0x00, 0x00, 0x00, 0x00, 0x00, 0x00, 0x00, 0x00, 0x00, 0x00, 0x00, 0x00, 0x00, 0x00, 0x00, 0x00,
  0x00, 0x00, 0x00, 0x00, 0x00, 0x00, 0x00, 0x00, 0x00, 0x00, 0x00, 0x00, 0x00, 0x00, 0x00, 0x00,
  0x00, 0x00, 0x00, 0x00, 0x00, 0x00, 0x00, 0x00, 0x00, 0x00, 0x00, 0x00, 0x00, 0x00, 0x00, 0x00,
  0x00, 0x00, 0x00, 0x00, 0x00, 0x00, 0x00, 0x00, 0x00, 0x00, 0x00, 0x00, 0x00, 0x00, 0x00, 0x00,
  0x00, 0x00, 0x00, 0x00, 0x00, 0x00, 0x00, 0x00, 0x00, 0x00, 0x00, 0x00, 0x00, 0x00, 0x00, 0x00,
  0x00, 0x00, 0x00, 0x00, 0x00, 0x00, 0x00, 0x00, 0x00, 0x00, 0x00, 0x00, 0x00, 0x00, 0x00, 0x00,
  0x00, 0x00, 0x00, 0x00, 0x00, 0x00, 0x00, 0x00, 0x00, 0x00, 0x00, 0x00, 0x00, 0x00, 0x00, 0x00,
  0x00, 0x00, 0x00, 0x00, 0x00, 0x00, 0x00, 0x00, 0x00, 0x00, 0x00, 0x00, 0x00, 0x00, 0x00, 0x00,
  0x00, 0x00, 0x00, 0x00, 0x00, 0x00, 0x00, 0x00, 0x00, 0x00, 0x00, 0x00, 0x00, 0x00, 0x00, 0x00,
  0x00, 0x00, 0x00, 0x00, 0x00, 0x00, 0x00, 0x00, 0x00, 0x00, 0x00, 0x00, 0x00, 0x00, 0x00, 0x00,
  0x00, 0x00, 0x00, 0x00, 0x00, 0x00, 0x00, 0x00, 0x00, 0x00, 0x00, 0x00, 0x00, 0x00, 0x00, 0x00,
  0x00, 0x00, 0x00, 0x00, 0x00, 0x00, 0x00, 0x00, 0x00, 0x00, 0x00, 0x00, 0x00, 0x00, 0x00, 0x00,
  0x00, 0x00, 0x00, 0x00, 0x00, 0x00, 0x00, 0x00, 0x00, 0x00, 0x00, 0x00, 0x00, 0x00, 0x00, 0x00,
  0x00, 0x00, 0x00, 0x00, 0x00, 0x00, 0x00, 0x00, 0x00, 0x00, 0x00, 0x00, 0x00, 0x00, 0x00, 0x00,
  0x00, 0x00, 0x00, 0x00, 0x00, 0x00, 0x00, 0x00, 0x00, 0x00, 0x00, 0x00, 0x00, 0x00, 0x00, 0x00,
  0x00, 0x00, 0x00, 0x00, 0x00, 0x00, 0x00, 0x00, 0x00, 0x00, 0x00, 0x00, 0x00, 0x00, 0x00, 0x00,
  0x00, 0x00, 0x00, 0x00, 0x00, 0x00, 0x00, 0x00, 0x00, 0x00, 0x00, 0x00, 0x00, 0x00, 0x00, 0x00,
  0x00, 0x00, 0x00, 0x00, 0x00, 0x00, 0x00, 0x00, 0x00, 0x00, 0x00, 0x00, 0x00, 0x00, 0x00, 0x00,
  0x00, 0x00, 0x00, 0x00, 0x00, 0x00, 0x00, 0x00, 0x00, 0x00, 0x00, 0x00, 0x00, 0x00, 0x00, 0x00,
  0x00, 0x78, 0x00, 0x50, 0xa0, 0x58, 0xa0, 0x58, 0xa0, 0x60, 0x00, 0x00, 0x00, 0x00, 0x00, 0x00,
  0x00, 0x00, 0x00, 0x00, 0x00, 0x00, 0x00, 0x00, 0x00, 0x00, 0x00, 0x00, 0x00, 0x00, 0x00, 0x00,
  0x00, 0x00, 0x00, 0x00, 0x00, 0x00, 0x00, 0x00, 0x00, 0x00, 0x00, 0x00, 0x00, 0x00, 0x00, 0x00,
  0x00, 0x00, 0x00, 0x00, 0x00, 0x00, 0x00, 0x00, 0x00, 0x00, 0x00, 0x00, 0x00, 0x00, 0x00, 0x00,
  0x00, 0x00, 0x00, 0x00, 0x00, 0x00, 0x00, 0x00, 0x00, 0x00, 0x00, 0x00, 0x00, 0x00, 0x00, 0x00,
  0x00, 0x00, 0x00, 0x00, 0x00, 0x00, 0x00, 0x00, 0x00, 0x00, 0x00, 0x00, 0x00, 0x00, 0x00, 0x00,
  0x00, 0x00, 0x00, 0x00, 0x00, 0x00, 0x00, 0x00, 0x00, 0x00, 0x00, 0x00, 0x00, 0x00, 0x00, 0x00,
  0x00, 0x00, 0x00, 0x00, 0x00, 0x00, 0x00, 0x00, 0x00, 0x00, 0x00, 0x00, 0x00, 0x00, 0x00, 0x00,
  0x00, 0x00, 0x00, 0x00, 0x00, 0x00, 0x00, 0x00, 0x00, 0x00, 0x00, 0x00, 0x00, 0x00, 0x00, 0x00,
  0x00, 0x00, 0x00, 0x00, 0x00, 0x00, 0x00, 0x00, 0x00, 0x00, 0x00, 0x00, 0x00, 0x00, 0x00, 0x00,
  0x00, 0x00, 0x00, 0x00, 0x00, 0x00, 0x00, 0x00, 0x00, 0x00, 0x00, 0x00, 0x00, 0x00, 0x00, 0x00,
  0x00, 0x00, 0x00, 0x00, 0x00, 0x00, 0x00, 0x00, 0x00, 0x00, 0x00, 0x00, 0x00, 0x00, 0x00, 0x00,
  0x00, 0x00, 0x00, 0x00, 0x00, 0x00, 0x00, 0x00, 0x00, 0x00, 0x00, 0x00, 0x00, 0x00, 0x00, 0x00,
  0x00, 0x00, 0x00, 0x00, 0x00, 0x00, 0x00, 0x00, 0x00, 0x00, 0x00, 0x00, 0x00, 0x00, 0x00, 0x00,
  0x00, 0x00, 0x00, 0x00, 0x00, 0x00, 0x00, 0x00, 0x00, 0x00, 0x00, 0x00, 0x00, 0x00, 0x00, 0x00,
  0x00, 0x00, 0x00, 0x00, 0x00, 0x00, 0x00, 0x00, 0x00, 0x00, 0x00, 0x00, 0x00, 0x00, 0x00, 0x00,
  0x00, 0x00, 0x00, 0x00, 0x00, 0x00, 0x00, 0x00, 0x00, 0x00, 0x00, 0x00, 0x00, 0x00, 0x00, 0x00,
  0x00, 0x00, 0x00, 0x00, 0x00, 0x00, 0x00, 0x00, 0x00, 0x00, 0x00, 0x00, 0x00, 0x00, 0x00, 0x00,
  0x00, 0x00, 0x00, 0x00, 0x00, 0x00, 0x00, 0x00, 0x00, 0x00, 0x00, 0x00, 0x00, 0x00, 0x00, 0x00,
  0x00, 0x00, 0x00, 0x00, 0x00, 0x00, 0x00, 0x00, 0x00, 0x00, 0x00, 0x00, 0x00, 0x00, 0x00, 0x00,
  0x00, 0x00, 0x00, 0x00, 0x00, 0x00, 0x00, 0x00, 0x00, 0x00, 0x00, 0x00, 0x00, 0x00, 0x00, 0x00,
  0x00, 0x00, 0x00, 0x00, 0x00, 0x00, 0x00, 0x00, 0x00, 0x00, 0x00, 0x00, 0x00, 0x00, 0x00, 0x00,
  0x00, 0x00, 0x00, 0x00, 0x00, 0x00, 0x00, 0x00, 0x00, 0x00, 0x00, 0x00, 0x00, 0x00, 0x00, 0x00,
  0x00, 0x00, 0x00, 0x00, 0x00, 0x00, 0x00, 0x00, 0x00, 0x00, 0x00, 0x00, 0x00, 0x00, 0x00, 0x00,
  0x00, 0x00, 0x00, 0x00, 0x00, 0x00, 0x00, 0x00, 0x00, 0x00, 0x00, 0x00, 0x00, 0x00, 0x00, 0x00,
  0x00, 0x00, 0x00, 0x00, 0x00, 0x00, 0x00, 0x00, 0x00, 0x00, 0x00, 0x00, 0x00, 0x00, 0x00, 0x00,
  0x00, 0x00, 0x00, 0x00, 0x00, 0x00, 0x00, 0x00, 0x00, 0x00, 0x00, 0x00, 0x00, 0x00, 0x00, 0x00,
  0x00, 0x00, 0x00, 0x00, 0x00, 0x00, 0x00, 0x00, 0x00, 0x00, 0x00, 0x00, 0x00, 0x00, 0x00, 0x00,
  0x00, 0x00, 0x00, 0x00, 0x00, 0x00, 0x00, 0x00, 0x00, 0x00, 0x00, 0x00, 0x00, 0x00, 0x00, 0x00,
  0x00, 0x00, 0x00, 0x00, 0x00, 0x00, 0x00, 0x00, 0x00, 0x00, 0x00, 0x00, 0x00, 0x00, 0x00, 0x00,
  0x00, 0x00, 0x00, 0x00, 0x00, 0x00, 0x00, 0x00, 0x00, 0x00, 0x00, 0x00, 0x00, 0x00, 0x00, 0x00,
  0x00, 0x00, 0x00, 0x00, 0x00, 0x00, 0x00, 0x00, 0x00, 0x00, 0x00, 0x00, 0x00, 0x00, 0x00, 0x00,
  0x00, 0x00, 0x00, 0x00, 0x00, 0x00, 0x00, 0x00, 0x00, 0x00, 0x00, 0x00, 0x00, 0x00, 0x00, 0x00,
  0x00, 0x00, 0x00, 0x00, 0x00, 0x00, 0x00, 0x00, 0x00, 0x00, 0x00, 0x00, 0x00, 0x00, 0x00, 0x00,
  0x00, 0x00, 0x00, 0x00, 0x00, 0x00, 0x00, 0x00, 0x00, 0x00, 0x00, 0x00, 0x00, 0x00, 0x00, 0x00,
  0x00, 0x00, 0x00, 0x00, 0x00, 0x00, 0x00, 0x00, 0x00, 0x00, 0x00, 0x00, 0x00, 0x00, 0x00, 0x00,
  0x00, 0x00, 0x00, 0x00, 0x00, 0x00, 0x00, 0x00, 0x00, 0x00, 0x00, 0x00, 0x00, 0x00, 0x00, 0x00,
  0x00, 0x00, 0x00, 0x00, 0x00, 0x00, 0x00, 0x00, 0x00, 0x00, 0x00, 0x00, 0x00, 0x00, 0x00, 0x00,
  0x00, 0x00, 0x00, 0x00, 0x00, 0x00, 0x00, 0x00, 0x00, 0x00, 0x00, 0x00, 0x00, 0x00, 0x00, 0x00,
  0x00, 0x00, 0x00, 0x00, 0x00, 0x00, 0x00, 0x00, 0x00, 0x00, 0x00, 0x00, 0x00, 0x00, 0x00, 0x00,
  0x00, 0x00, 0x00, 0x00, 0x00, 0x00, 0x00, 0x00, 0x00, 0x00, 0x00, 0x00, 0x00, 0x00, 0x00, 0x00,
  0x00, 0x00, 0x00, 0x00, 0x00, 0x00, 0x00, 0x00, 0x00, 0x00, 0x00, 0x00, 0x00, 0x00, 0x00, 0x00,
  0x00, 0x00, 0x00, 0x00, 0x00, 0x00, 0x00, 0x00, 0x00, 0x00, 0x00, 0x00, 0x00, 0x00, 0x00, 0x00,
  0x00, 0x00, 0x00, 0x00, 0x00, 0x00, 0x00, 0x00, 0x00, 0x00, 0x00, 0x00, 0x00, 0x00, 0x00, 0x00,
  0x00, 0x00, 0x00, 0x00, 0x00, 0x00, 0x00, 0x00, 0x00, 0x00, 0x00, 0x00, 0x00, 0x00, 0x00, 0x00,
  0x00, 0x00, 0x00, 0x00, 0x00, 0x00, 0x00, 0x00, 0x00, 0x00, 0x00, 0x00, 0x00, 0x00, 0x00, 0x00,
  0x00, 0x00, 0x00, 0x00, 0x00, 0x00, 0x00, 0x00, 0x00, 0x00, 0x00, 0x00, 0x00, 0x00, 0x00, 0x00,
  0x00, 0x00, 0x00, 0x00, 0x00, 0x00, 0x00, 0x00, 0x00, 0x00, 0x00, 0x00, 0x00, 0x00, 0x00, 0x00,
  0x00, 0x00, 0x00, 0x00, 0x00, 0x00, 0x00, 0x00, 0x00, 0x00, 0x00, 0x00, 0x00, 0x00, 0x00, 0x00,
  0x00, 0x00, 0x00, 0x00, 0x00, 0x00, 0x00, 0x00, 0x00, 0x00, 0x00, 0x00, 0x00, 0x00, 0x00, 0x00,
  0x00, 0x00, 0x00, 0x00, 0x00, 0x00, 0x00, 0x00, 0x00, 0x00, 0x00, 0x00, 0x00, 0x00, 0x00, 0x00,
  0x00, 0x00, 0x00, 0x00, 0x00, 0x00, 0x00, 0x00, 0x00, 0x00, 0x00, 0x00, 0x00, 0x00, 0x00, 0x00,
  0x00, 0x00, 0x00, 0x00, 0x00, 0x00, 0x00, 0x00, 0x00, 0x00, 0x00, 0x00, 0x00, 0x00, 0x00, 0x00,
  0x00, 0x00, 0x00, 0x00, 0x00, 0x00, 0x00, 0x00, 0x00, 0x00, 0x00, 0x00, 0x00, 0x00, 0x00, 0x00,
  0x00, 0x00, 0x00, 0x00, 0x00, 0x00, 0x00, 0x00, 0x00, 0x00, 0x00, 0x00, 0x00, 0x00, 0x00, 0x00,
  0x00, 0x00, 0x00, 0x00, 0x00, 0x00, 0x00, 0x00, 0x00, 0x00, 0x00, 0x00, 0x00, 0x00, 0x00, 0x00,
  0x00, 0x00, 0x00, 0x00, 0x00, 0x00, 0x00, 0x00, 0x00, 0x00, 0x00, 0x00, 0x00, 0x00, 0x00, 0x00,
  0x00, 0x00, 0x00, 0x00, 0x00, 0x00, 0x00, 0x00, 0x00, 0x00, 0x00, 0x00, 0x00, 0x00, 0x00, 0x00,
  0x00, 0x00, 0x00, 0x00, 0x00, 0x00, 0x00, 0x00, 0x00, 0x00, 0x00, 0x00, 0x00, 0x00, 0x00, 0x00,
  0x00, 0x00, 0x00, 0x00, 0x00, 0x00, 0x00, 0x00, 0x00, 0xf8, 0x00, 0x00, 0xc0, 0x68, 0xe0, 0x68,
  0x00, 0x00, 0x00, 0x00, 0x00, 0x00, 0x00, 0x00, 0x00, 0x00, 0x00, 0x00, 0x00, 0x00, 0x00, 0x00,
  0x00, 0x00, 0x00, 0x00, 0x00, 0x00, 0x00, 0x00, 0x00, 0x00, 0x00, 0x00, 0x00, 0x00, 0x00, 0x00,
  0x00, 0x00, 0x00, 0x00, 0x00, 0x00, 0x00, 0x00, 0x00, 0x00, 0x00, 0x00, 0x00, 0x00, 0x00, 0x00,
  0x00, 0x00, 0x00, 0x00, 0x00, 0x00, 0x00, 0x00, 0x00, 0x00, 0x00, 0x00, 0x00, 0x00, 0x00, 0x00,
  0x00, 0x00, 0x00, 0x00, 0x00, 0x00, 0x00, 0x00, 0x00, 0x00, 0x00, 0x00, 0x00, 0x00, 0x00, 0x00,
  0x00, 0x00, 0x00, 0x00, 0x00, 0x00, 0x00, 0x00, 0x00, 0x00, 0x00, 0x00, 0x00, 0x00, 0x00, 0x00,
  0x00, 0x00, 0x00, 0x00, 0x00, 0x00, 0x00, 0x00, 0x00, 0x00, 0x00, 0x00, 0x00, 0x00, 0x00, 0x00,
  0x00, 0x00, 0x00, 0x00, 0x00, 0x00, 0x00, 0x00, 0x00, 0x00, 0x00, 0x00, 0x00, 0x00, 0x00, 0x00,
  0x00, 0x00, 0x00, 0x00, 0x00, 0x00, 0x00, 0x00, 0x00, 0x00, 0x00, 0x00, 0x00, 0x00, 0x00, 0x00,
  0x00, 0x00, 0x00, 0x00, 0x00, 0x00, 0x00, 0x00, 0x00, 0x00, 0x00, 0x00, 0x00, 0x00, 0x00, 0x00,
  0x00, 0x00, 0x00, 0x00, 0x00, 0x00, 0x00, 0x00, 0x00, 0x00, 0x00, 0x00, 0x00, 0x00, 0x00, 0x00,
  0x00, 0x00, 0x00, 0x00, 0x00, 0x00, 0x00, 0x00, 0x00, 0x00, 0x00, 0x00, 0x00, 0x00, 0x00, 0x00,
  0x00, 0x00, 0x00, 0x00, 0x00, 0x00, 0x00, 0x00, 0x00, 0x00, 0x00, 0x00, 0x00, 0x00, 0x00, 0x00,
  0x00, 0x00, 0x00, 0x00, 0x00, 0x00, 0x00, 0x00, 0x00, 0x00, 0x00, 0x00, 0x00, 0x00, 0x00, 0x00,
  0x00, 0x00, 0x00, 0x00, 0x00, 0x00, 0x00, 0x00, 0x00, 0x00, 0x00, 0x00, 0x00, 0x00, 0x00, 0x00,
  0x00, 0x00, 0x00, 0x00, 0x00, 0x00, 0x00, 0x00, 0x00, 0x00, 0x00, 0x00, 0x00, 0x00, 0x00, 0x00,
  0x00, 0x00, 0x00, 0x00, 0x00, 0x00, 0x00, 0x00, 0x00, 0x00, 0x00, 0x00, 0x00, 0x00, 0x00, 0x00,
  0x00, 0x00, 0x00, 0x00, 0x00, 0x00, 0x00, 0x00, 0x00, 0x00, 0x00, 0x00, 0x00, 0x00, 0x00, 0x00,
  0x00, 0x00, 0x00, 0x00, 0x00, 0x00, 0x00, 0x00, 0x00, 0x00, 0x00, 0x00, 0x00, 0x00, 0x00, 0x00,
  0x00, 0x00, 0x00, 0x00, 0x00, 0x00, 0x00, 0x00, 0x00, 0x00, 0x00, 0x00, 0x00, 0x00, 0x00, 0x00,
  0x00, 0x00, 0x00, 0x00, 0x00, 0x00, 0x00, 0x00, 0x00, 0x00, 0x00, 0x00, 0x00, 0x00, 0x00, 0x00,
  0x00, 0x00, 0x00, 0x00, 0x00, 0x00, 0x00, 0x00, 0x00, 0x00, 0x00, 0x00, 0x00, 0x00, 0x00, 0x00,
  0x00, 0x00, 0x00, 0x00, 0x00, 0x00, 0x00, 0x00, 0x00, 0x00, 0x00, 0x00, 0x00, 0x00, 0x00, 0x00,
  0x00, 0x00, 0x00, 0x00, 0x00, 0x00, 0x00, 0x00, 0x00, 0x00, 0x00, 0x00, 0x00, 0x00, 0x00, 0x00,
  0x00, 0x00, 0x00, 0x00, 0x00, 0x00, 0x00, 0x00, 0x00, 0x00, 0x00, 0x00, 0x00, 0x00, 0x00, 0x00,
  0x00, 0x00, 0x00, 0x00, 0x00, 0x00, 0x00, 0x00, 0x00, 0x00, 0x00, 0x00, 0x00, 0x00, 0x00, 0x00,
  0x00, 0x00, 0x00, 0x00, 0x00, 0x00, 0x00, 0x00, 0x00, 0x00, 0x00, 0x00, 0x00, 0x00, 0x00, 0x00,
  0x00, 0x00, 0x00, 0x00, 0x00, 0x00, 0x00, 0x00, 0x00, 0x00, 0x00, 0x00, 0x00, 0x00, 0x00, 0x00,
  0x00, 0x00, 0x00, 0x00, 0x00, 0x00, 0x00, 0x00, 0x00, 0x00, 0x00, 0x00, 0x00, 0x00, 0x00, 0x00,
  0x00, 0x00, 0x00, 0x00, 0x00, 0x00, 0x00, 0x00, 0x00, 0x00, 0x00, 0x00, 0x00, 0x00, 0x00, 0x00,
  0x00, 0x00, 0x00, 0x00, 0x00, 0x00, 0xe0, 0x70, 0xe0, 0x68, 0x00, 0x00, 0x00, 0x00, 0x00, 0x00,
  0x00, 0x00, 0x00, 0x00, 0x00, 0x00, 0x00, 0x00, 0x00, 0x00, 0x00, 0x00, 0x00, 0x00, 0x00, 0x00,
  0x00, 0x00, 0x00, 0x00, 0x00, 0x00, 0x00, 0x00, 0x00, 0x00, 0x00, 0x00, 0x00, 0x00, 0x00, 0x00,
  0x00, 0x00, 0x00, 0x00, 0x00, 0x00, 0x00, 0x00, 0x00, 0x00, 0x00, 0x00, 0x00, 0x00, 0x00, 0x00,
  0x00, 0x00, 0x00, 0x00, 0x00, 0x00, 0x00, 0x00, 0x00, 0x00, 0x00, 0x00, 0x00, 0x00, 0x00, 0x00,
  0x00, 0x00, 0x00, 0x00, 0x00, 0x00, 0x00, 0x00, 0x00, 0x00, 0x00, 0x00, 0x00, 0x00, 0x00, 0x00,
  0x00, 0x00, 0x00, 0x00, 0x00, 0x00, 0x00, 0x00, 0x00, 0x00, 0x00, 0x00, 0x00, 0x00, 0x00, 0x00,
  0x00, 0x00, 0x00, 0x00, 0x00, 0x00, 0x00, 0x00, 0x00, 0x00, 0x00, 0x00, 0x00, 0x00, 0x00, 0x00,
  0x00, 0x00, 0x00, 0x00, 0x00, 0x00, 0x00, 0x00, 0x00, 0x00, 0x00, 0x00, 0x00, 0x00, 0x00, 0x00,
  0x00, 0x00, 0x00, 0x00, 0x00, 0x00, 0x00, 0x00, 0x00, 0x00, 0x00, 0x00, 0x00, 0x00, 0x00, 0x00,
  0x00, 0x00, 0x00, 0x00, 0x00, 0x00, 0x00, 0x00, 0x00, 0x00, 0x00, 0x00, 0x00, 0x00, 0x00, 0x00,
  0x00, 0x00, 0x00, 0x00, 0x00, 0x00, 0x00, 0x00, 0x00, 0x00, 0x00, 0x00, 0x00, 0x00, 0x00, 0x00,
  0x00, 0x00, 0x00, 0x00, 0x00, 0x00, 0x00, 0x00, 0x00, 0x00, 0x00, 0x00, 0x00, 0x00, 0x00, 0x00,
  0x00, 0x00, 0x00, 0x00, 0x00, 0x00, 0x00, 0x00, 0x00, 0x00, 0x00, 0x00, 0x00, 0x00, 0x00, 0x00,
  0x00, 0x00, 0x00, 0x00, 0x00, 0x00, 0x00, 0x00, 0x00, 0x00, 0x00, 0x00, 0x00, 0x00, 0x00, 0x00,
  0x00, 0x00, 0x00, 0x00, 0x00, 0x00, 0x00, 0x00, 0x00, 0x00, 0x00, 0x00, 0x00, 0x00, 0x00, 0x00,
  0x00, 0x00, 0x00, 0x00, 0x00, 0x00, 0x00, 0x00, 0x00, 0x00, 0x00, 0x00, 0x00, 0x00, 0x00, 0x00,
  0x00, 0x00, 0x00, 0x00, 0x00, 0x00, 0x00, 0x00, 0x00, 0x00, 0x00, 0x00, 0x00, 0x00, 0x00, 0x00,
  0x00, 0x00, 0x00, 0x00, 0x00, 0x00, 0x00, 0x00, 0x00, 0x00, 0x00, 0x00, 0x00, 0x00, 0x00, 0x00,
  0x00, 0x00, 0x00, 0x00, 0x00, 0x00, 0x00, 0x00, 0x00, 0x00, 0x00, 0x00, 0x00, 0x00, 0x00, 0x00,
  0x00, 0x00, 0x00, 0x00, 0x00, 0x00, 0x00, 0x00, 0x00, 0x00, 0x00, 0x00, 0x00, 0x00, 0x00, 0x00,
  0x00, 0x00, 0x00, 0x00, 0x00, 0x00, 0x00, 0x00, 0x00, 0x00, 0x00, 0x00, 0x00, 0x00, 0x00, 0x00,
  0x00, 0x00, 0x00, 0x00, 0x00, 0x00, 0x00, 0x00, 0x00, 0x00, 0x00, 0x00, 0x00, 0x00, 0x00, 0x00,
  0x00, 0x00, 0x00, 0x00, 0x00, 0x00, 0x00, 0x00, 0x00, 0x00, 0x00, 0x00, 0x00, 0x00, 0x00, 0x00,
  0x00, 0x00, 0x00, 0x00, 0x00, 0x00, 0x00, 0x00, 0x00, 0x00, 0x00, 0x00, 0x00, 0x00, 0x00, 0x00,
  0x00, 0x00, 0x00, 0x00, 0x00, 0x00, 0x00, 0x00, 0x00, 0x00, 0x00, 0x00, 0x00, 0x00, 0x00, 0x00,
  0x00, 0x00, 0x00, 0x00, 0x00, 0x00, 0x00, 0x00, 0x00, 0x00, 0x00, 0x00, 0x00, 0x00, 0x00, 0x00,
  0x00, 0x00, 0x00, 0x00, 0x00, 0x00, 0x00, 0x00, 0x00, 0x00, 0x00, 0x00, 0x00, 0x00, 0x00, 0x00,
  0x00, 0x00, 0x00, 0x00, 0x00, 0x00, 0x00, 0x00, 0x00, 0x00, 0x00, 0x00, 0x00, 0x00, 0x00, 0x00,
  0x00, 0x00, 0x00, 0x00, 0x00, 0x00, 0x00, 0x00, 0x00, 0x00, 0x00, 0x00, 0x00, 0x00, 0x00, 0x00,
  0x00, 0x00, 0x00, 0x00, 0x00, 0x00, 0x00, 0x00, 0x00, 0x00, 0x00, 0x00, 0x00, 0x00, 0x00, 0x00,
  0x00, 0x00, 0x00, 0x00, 0x00, 0x00, 0x00, 0x00, 0x00, 0x00, 0x00, 0x00, 0x00, 0x00, 0x00, 0x00,
  0x00, 0x00, 0x00, 0x00, 0x00, 0x00, 0x00, 0x00, 0x00, 0x00, 0x00, 0x00, 0x00, 0x00, 0x00, 0x00,
  0x00, 0x00, 0x00, 0x00, 0x00, 0x00, 0x00, 0x00, 0x00, 0x00, 0x00, 0x00, 0x00, 0x00, 0x00, 0x00,
  0x00, 0x00, 0x00, 0x00, 0x00, 0x00, 0x00, 0x00, 0x00, 0x00, 0x00, 0x00, 0x00, 0x00, 0x00, 0x00,
  0x00, 0x00, 0x00, 0x00, 0x00, 0x00, 0x00, 0x00, 0x00, 0x00, 0x00, 0x00, 0x00, 0x00, 0x00, 0x00,
  0x00, 0x00, 0x00, 0x00, 0x00, 0x00, 0x00, 0x00, 0x00, 0x00, 0x00, 0x00, 0x00, 0x00, 0x00, 0x00,
  0x00, 0x00, 0x00, 0x00, 0x00, 0x00, 0x00, 0x00, 0x00, 0x00, 0x00, 0x00, 0x00, 0x00, 0x00, 0x00,
  0x00, 0x00, 0x00, 0x00, 0x00, 0x00, 0x00, 0x00, 0x00, 0x00, 0x00, 0x00, 0x00, 0x00, 0x00, 0x00,
  0x00, 0x00, 0x00, 0x00, 0x00, 0x00, 0x00, 0x00, 0x00, 0x00, 0x00, 0x00, 0x00, 0x00, 0x00, 0x00,
  0x00, 0x00, 0x00, 0x00, 0x00, 0x00, 0x00, 0x00, 0x00, 0x00, 0x00, 0x00, 0x00, 0x00, 0x00, 0x00,
  0x00, 0x00, 0x00, 0x00, 0x00, 0x00, 0x00, 0x00, 0x00, 0x00, 0x00, 0x00, 0x00, 0x00, 0x00, 0x00,
  0x00, 0x00, 0x00, 0x00, 0x00, 0x00, 0x00, 0x00, 0x00, 0x00, 0x00, 0x00, 0x00, 0x00, 0x00, 0x00,
  0x00, 0x00, 0x00, 0x00, 0x00, 0x00, 0x00, 0x00, 0x00, 0x00, 0x00, 0x00, 0x00, 0x00, 0x00, 0x00,
  0x00, 0x00, 0x00, 0x00, 0x00, 0x00, 0x00, 0x00, 0x00, 0x00, 0x00, 0x00, 0x00, 0x00, 0x00, 0x00,
  0x00, 0x00, 0x00, 0x00, 0x00, 0x00, 0x00, 0x00, 0x00, 0x00, 0x00, 0x00, 0x00, 0x00, 0x00, 0x00,
  0x00, 0x00, 0x00, 0x00, 0x00, 0x00, 0x00, 0x00, 0x00, 0x00, 0x00, 0x00, 0x00, 0x00, 0x00, 0x00,
  0x00, 0x00, 0x00, 0x00, 0x00, 0x00, 0x00, 0x00, 0x00, 0x00, 0x00, 0x00, 0x00, 0x00, 0x00, 0x00,
  0x00, 0x00, 0x00, 0x00, 0x00, 0x00, 0x00, 0x00, 0x00, 0x00, 0x00, 0x00, 0x00, 0x00, 0x00, 0x00,
  0x00, 0x00, 0x00, 0x00, 0x00, 0x00, 0x00, 0x00, 0x00, 0x00, 0x00, 0x00, 0x00, 0x00, 0x00, 0x00,
  0x00, 0x00, 0x00, 0x00, 0x00, 0x00, 0x00, 0x00, 0x00, 0x00, 0x00, 0x00, 0x00, 0x00, 0x00, 0x00,
  0x00, 0x00, 0x00, 0x00, 0x00, 0x00, 0x00, 0x00, 0x00, 0x00, 0x00, 0x00, 0x00, 0x00, 0x00, 0x00,
  0x00, 0x00, 0x00, 0x00, 0x00, 0x00, 0x00, 0x00, 0x00, 0x00, 0x00, 0x00, 0x00, 0x00, 0x00, 0x00,
  0x00, 0x00, 0x00, 0x00, 0x00, 0x00, 0x00, 0x00, 0x00, 0x00, 0x00, 0x00, 0x00, 0x00, 0x00, 0x00,
  0x00, 0x00, 0x00, 0x00, 0x00, 0x00, 0x00, 0x00, 0x00, 0x00, 0x00, 0x00, 0x00, 0x00, 0x00, 0x00,
  0x00, 0x00, 0x00, 0x00, 0x00, 0x00, 0x00, 0x00, 0x00, 0x00, 0x00, 0x00, 0x00, 0x00, 0x00, 0x00,
  0x00, 0x00, 0x00, 0x00, 0x00, 0x00, 0x00, 0x00, 0x00, 0x00, 0x00, 0x00, 0x00, 0x00, 0x00, 0x00,
  0x00, 0x00, 0x00, 0x00, 0x00, 0x00, 0x00, 0x00, 0x00, 0x00, 0x00, 0x00, 0x00, 0x00, 0x00, 0x00,
  0x00, 0x00, 0x00, 0x00, 0x00, 0x00, 0x00, 0x00, 0x00, 0x00, 0x00, 0x00, 0x00, 0x00, 0x00, 0x00,
  0x00, 0x00, 0x00, 0x00, 0x00, 0x00, 0x00, 0x00, 0x00, 0x00, 0x00, 0x00, 0x00, 0x00, 0x00, 0x00,
  0x00, 0x00, 0x00, 0x00, 0x00, 0x00, 0x00, 0x00, 0x00, 0x00, 0x00, 0x00, 0x00, 0x00, 0x00, 0x00,
  0x00, 0x00, 0x00, 0x00, 0x00, 0x00, 0x00, 0x00, 0x00, 0x00, 0x00, 0x00, 0x00, 0x78, 0x00, 0x00,
  0x00, 0x00, 0x00, 0x00, 0x00, 0x00, 0x00, 0x00, 0x00, 0x00, 0x00, 0x00, 0x00, 0x00, 0x00, 0x00,
  0x00, 0x00, 0x00, 0x00, 0x00, 0x00, 0x00, 0x00, 0x00, 0x00, 0x00, 0x00, 0x00, 0x00, 0x00, 0x00,
  0x00, 0x00, 0x00, 0x00, 0x00, 0x00, 0x00, 0x00, 0x00, 0x00, 0x00, 0x00, 0x00, 0x00, 0x00, 0x00,
  0x00, 0x00, 0x00, 0x00, 0x00, 0x00, 0x00, 0x00, 0x00, 0x00, 0x00, 0x00, 0x00, 0x00, 0x00, 0x00,
  0x00, 0x00, 0x00, 0x00, 0x00, 0x00, 0x00, 0x00, 0x00, 0x00, 0x00, 0x00, 0x00, 0x00, 0x00, 0x00,
  0x00, 0x00, 0x00, 0x00, 0x00, 0x00, 0x00, 0x00, 0x00, 0x00, 0x00, 0x00, 0x00, 0x00, 0x00, 0x00,
  0x00, 0x00, 0x00, 0x00, 0x00, 0x00, 0x00, 0x00, 0x00, 0x00, 0x00, 0x00, 0x00, 0x00, 0x00, 0x00,
  0x00, 0x00, 0x00, 0x00, 0x00, 0x00, 0x00, 0x00, 0x00, 0x00, 0x00, 0x00, 0x00, 0x00, 0x00, 0x00,
  0x00, 0x00, 0x00, 0x00, 0x00, 0x00, 0x00, 0x00, 0x00, 0x00, 0x00, 0x00, 0x00, 0x00, 0x00, 0x00,
  0x00, 0x00, 0x00, 0x00, 0x00, 0x00, 0x00, 0x00, 0x00, 0x00, 0x00, 0x00, 0x00, 0x00, 0x00, 0x00,
  0x00, 0x00, 0x00, 0x00, 0x00, 0x00, 0x00, 0x00, 0x00, 0x00, 0x00, 0x00, 0x00, 0x00, 0x00, 0x00,
  0x00, 0x00, 0x00, 0x00, 0x00, 0x00, 0x00, 0x00, 0x00, 0x00, 0x00, 0x00, 0x00, 0x00, 0x00, 0x00,
  0x00, 0x00, 0x00, 0x00, 0x00, 0x00, 0x00, 0x00, 0x00, 0x00, 0x00, 0x00, 0x00, 0x00, 0x00, 0x00,
  0x00, 0x00, 0x00, 0x00, 0x00, 0x00, 0x00, 0x00, 0x00, 0x00, 0x00, 0x00, 0x00, 0x00, 0x00, 0x00,
  0x00, 0x00, 0x00, 0x00, 0x00, 0x00, 0x00, 0x00, 0x00, 0x00, 0x00, 0x00, 0x00, 0x00, 0x00, 0x00,
  0x00, 0x00, 0x00, 0x00, 0x00, 0x00, 0x00, 0x00, 0x00, 0x00, 0x00, 0x00, 0x00, 0x00, 0x00, 0x00,
  0x00, 0x00, 0x00, 0x00, 0x00, 0x00, 0x00, 0x00, 0x00, 0x00, 0x00, 0x00, 0x00, 0x00, 0x00, 0x00,
  0x00, 0x00, 0x00, 0x00, 0x00, 0x00, 0x00, 0x00, 0x00, 0x00, 0x00, 0x00, 0x00, 0x00, 0x00, 0x00,
  0x00, 0x00, 0x00, 0x00, 0x00, 0x00, 0x00, 0x00, 0x00, 0x00, 0x00, 0x00, 0x00, 0x00, 0x00, 0x00,
  0x00, 0x00, 0x00, 0x00, 0x00, 0x00, 0x00, 0x00, 0x00, 0x00, 0x00, 0x00, 0x00, 0x00, 0x00, 0x00,
  0x00, 0x00, 0x00, 0x00, 0x00, 0x00, 0x00, 0x00, 0x00, 0x00, 0x00, 0x00, 0x00, 0x00, 0x00, 0x00,
  0x00, 0x00, 0x00, 0x00, 0x00, 0x00, 0x00, 0x00, 0x00, 0x00, 0x00, 0x00, 0x00, 0x00, 0x00, 0x00,
  0x00, 0x00, 0x00, 0x00, 0x00, 0x00, 0x00, 0x00, 0x00, 0x00, 0x00, 0x00, 0x00, 0x00, 0x00, 0x00,
  0x00, 0x00, 0x00, 0x00, 0x00, 0x00, 0x00, 0x00, 0x00, 0x00, 0x00, 0x00, 0x00, 0x00, 0x00, 0x00,
  0x00, 0x00, 0x00, 0x00, 0x00, 0x00, 0x00, 0x00, 0x00, 0x00, 0x00, 0x00, 0x00, 0x00, 0x00, 0x00,
  0x00, 0x00, 0x00, 0x00, 0x00, 0x00, 0x00, 0x00, 0x00, 0x00, 0x00, 0x00, 0x00, 0x00, 0x00, 0x00,
  0x00, 0x00, 0x00, 0x00, 0x00, 0x00, 0x00, 0x00, 0x00, 0x00, 0x00, 0x00, 0x00, 0x00, 0x00, 0x00,
  0x00, 0x00, 0x00, 0x00, 0x00, 0x00, 0x00, 0x00, 0x00, 0x00, 0x00, 0x00, 0x00, 0x00, 0x00, 0x00,
  0x00, 0x00, 0x00, 0x00, 0x00, 0x00, 0x00, 0x00, 0x00, 0x00, 0x00, 0x00, 0x00, 0x00, 0x00, 0x00,
  0x00, 0xf8, 0xc0, 0x78, 0x00, 0x00, 0x00, 0x00, 0x00, 0x00, 0x00, 0x00, 0x00, 0x00, 0x00, 0x00,
  0x00, 0x00, 0x00, 0x00, 0x00, 0x00, 0x00, 0x00, 0x00, 0x00, 0x00, 0x00, 0x00, 0x00, 0x00, 0x00,
  0x00, 0x00, 0x00, 0x00, 0x00, 0x00, 0x00, 0x00, 0x00, 0x00, 0x00, 0x00, 0x00, 0x00, 0x00, 0x00,
  0x00, 0x00, 0x00, 0x00, 0x00, 0x00, 0x00, 0x00, 0x00, 0x00, 0x00, 0x00, 0x00, 0x00, 0x00, 0x00,
  0x00, 0x00, 0x00, 0x00, 0x00, 0x00, 0x00, 0xf8, 0x00, 0x00, 0x00, 0x00, 0x00, 0x00, 0x00, 0x00,
  0x00, 0x00, 0x00, 0x00, 0x00, 0x00, 0x00, 0x00, 0x00, 0x00, 0x00, 0x00, 0x00, 0x00, 0x00, 0x00,
  0x00, 0x00, 0x00, 0x00, 0x00, 0x00, 0x00, 0x00, 0x00, 0x00, 0x00, 0x00, 0x00, 0x00, 0x00, 0x00,
  0x00, 0x00, 0x00, 0x00, 0x00, 0x00, 0x00, 0x00, 0x00, 0x00, 0x00, 0x00, 0x00, 0x00, 0x00, 0x00,
  0x00, 0x00, 0x00, 0x00, 0x00, 0x00, 0x00, 0xf8, 0x00, 0xf8, 0x00, 0x00, 0x00, 0x00, 0x00, 0x00,
  0x00, 0x00, 0x00, 0x00, 0x00, 0x00, 0x00, 0x00, 0x00, 0x00, 0x00, 0x00, 0x00, 0x00, 0x00, 0x00,
  0x00, 0x00, 0x00, 0x00, 0x00, 0x00, 0x00, 0x78, 0x00, 0x50, 0x00, 0x00, 0x00, 0x00, 0x00, 0x00,
  0x00, 0x00, 0x00, 0x00, 0x00, 0x00, 0x00, 0x00, 0x00, 0x00, 0x00, 0x00, 0x00, 0x00, 0x00, 0x00,
  0x00, 0x00, 0x00, 0x00, 0x00, 0x00, 0x00, 0x00, 0x00, 0x00, 0x00, 0x00, 0x00, 0x00, 0x00, 0x00,
  0x00, 0x00, 0x00, 0x00, 0x00, 0x00, 0x00, 0x00, 0x00, 0x00, 0x00, 0x00, 0x00, 0x00, 0x00, 0x00,
  0x00, 0x00, 0x00, 0x00, 0x00, 0x00, 0x00, 0x00, 0x00, 0x00, 0x00, 0x00, 0x00, 0x00, 0x00, 0x00,
  0x00, 0x00, 0x00, 0x00, 0x00, 0x00, 0x00, 0x00, 0x00, 0x00, 0x00, 0x00, 0x00, 0x00, 0x00, 0x00,
  0x00, 0x00, 0x00, 0x00, 0x00, 0x00, 0x00, 0x00, 0x00, 0x00, 0x00, 0x00, 0x00, 0x00, 0x00, 0x00,
  0x00, 0x00, 0x00, 0x00, 0x00, 0x00, 0x00, 0x00, 0x00, 0x00, 0x00, 0x00, 0x00, 0x00, 0x00, 0x00,
  0x00, 0x00, 0x00, 0x00, 0x00, 0x00, 0x00, 0x00, 0x00, 0x00, 0x00, 0x00, 0x00, 0x00, 0x00, 0x00,
  0x00, 0x00, 0x00, 0x00, 0x00, 0x00, 0x00, 0x00, 0x00, 0x00, 0x00, 0x00, 0x00, 0x00, 0x00, 0x00,
  0x00, 0x00, 0x00, 0x00, 0x00, 0x00, 0x00, 0x00, 0x00, 0x00, 0x00, 0x00, 0x00, 0x00, 0x00, 0x00,
  0x00, 0x00, 0x00, 0x00, 0x00, 0x00, 0x00, 0x00, 0x00, 0x00, 0x00, 0x00, 0x00, 0x00, 0x00, 0x00,
  0x00, 0x00, 0x00, 0x00, 0x00, 0x00, 0x00, 0x00, 0x00, 0x00, 0x00, 0x00, 0x00, 0x00, 0x00, 0x00,
  0x00, 0x00, 0x00, 0x00, 0x00, 0x00, 0x00, 0x00, 0x00, 0x00, 0x00, 0x00, 0x00, 0x00, 0x00, 0x00,
  0x00, 0x00, 0x00, 0x00, 0x00, 0x00, 0x00, 0x00, 0x00, 0x00, 0x00, 0x00, 0x00, 0x00, 0x00, 0x00,
  0x00, 0x00, 0x00, 0x00, 0x00, 0x00, 0x00, 0x00, 0x00, 0x00, 0x00, 0x00, 0x00, 0x00, 0x00, 0x00,
  0x00, 0x00, 0x00, 0x00, 0x00, 0x00, 0x00, 0x00, 0x00, 0x00, 0x00, 0x00, 0x00, 0x00, 0x00, 0x00,
  0x00, 0x00, 0x00, 0x00, 0x00, 0x00, 0x00, 0x00, 0x00, 0x00, 0x00, 0x00, 0x00, 0x00, 0x00, 0x00,
  0x00, 0x00, 0x00, 0x00, 0x00, 0x00, 0x00, 0x00, 0x00, 0x00, 0x00, 0x00, 0x00, 0x00, 0x00, 0x00,
  0x00, 0x00, 0x00, 0x00, 0x00, 0x00, 0x00, 0x00, 0x00, 0x00, 0x00, 0x00, 0x00, 0x00, 0x00, 0x00,
  0x00, 0x00, 0x00, 0x00, 0x00, 0x00, 0x00, 0x00, 0xe0, 0x7b, 0x00, 0x00, 0xc0, 0x60, 0xc0, 0x68,
  0x00, 0x00, 0x00, 0x00, 0x00, 0x00, 0x00, 0x00, 0x00, 0x00, 0x00, 0x00, 0x00, 0x00, 0x00, 0x00,
  0x00, 0x00, 0x00, 0x00, 0x00, 0x00, 0x00, 0x00, 0x00, 0x00, 0x00, 0x00, 0x00, 0x00, 0x00, 0x00,
  0x00, 0x00, 0x00, 0x00, 0x00, 0x00, 0x00, 0x00, 0x00, 0x00, 0x00, 0x00, 0x00, 0x00, 0x00, 0x00,
  0x00, 0x00, 0x00, 0x00, 0x00, 0x00, 0x00, 0x00, 0x00, 0x00, 0x00, 0x00, 0x00, 0x00, 0x00, 0x00,
  0x00, 0x00, 0x00, 0x00, 0x00, 0x00, 0x00, 0x00, 0x00, 0x00, 0x00, 0x00, 0x00, 0x00, 0x00, 0x00,
  0x00, 0x00, 0x00, 0x00, 0x00, 0x00, 0x00, 0x00, 0x00, 0x00, 0x00, 0x00, 0x00, 0x00, 0x00, 0x00,
  0x00, 0x00, 0x00, 0x00, 0x00, 0x00, 0x00, 0x00, 0x00, 0x00, 0x00, 0x00, 0x00, 0x00, 0x00, 0x00,
  0x00, 0x00, 0x00, 0x00, 0x00, 0x00, 0x00, 0x00, 0x00, 0xf8, 0x00, 0xf8, 0x00, 0x00, 0x00, 0x00,
  0x00, 0x00, 0x00, 0x00, 0x00, 0x00, 0x00, 0x00, 0x00, 0x00, 0x00, 0x00, 0x00, 0x00, 0x00, 0x00,
  0x00, 0x00, 0x00, 0x00, 0x00, 0x00, 0x00, 0x00, 0x00, 0x00, 0x00, 0x00, 0x00, 0x00, 0x00, 0x00,
  0x00, 0x00, 0x00, 0x00, 0x00, 0x00, 0x00, 0x00, 0x00, 0x00, 0x00, 0x00, 0x00, 0x00, 0x00, 0x00,
  0x00, 0x00, 0x00, 0x00, 0x00, 0x00, 0x00, 0x00, 0x00, 0x00, 0x00, 0x00, 0x00, 0x00, 0x00, 0x00,
  0x00, 0x00, 0x00, 0x00, 0x00, 0x00, 0x00, 0x00, 0x00, 0x00, 0x00, 0x00, 0x00, 0x00, 0x00, 0x00,
  0x00, 0x00, 0x00, 0x00, 0x00, 0x00, 0x00, 0x00, 0x00, 0x00, 0x00, 0x00, 0x00, 0x00, 0x00, 0x00,
  0x00, 0x00, 0x00, 0x00, 0x00, 0x00, 0x00, 0x00, 0x00, 0x00, 0x00, 0x00, 0x00, 0x00, 0x00, 0x00,
  0x00, 0x00, 0x00, 0x00, 0x00, 0x00, 0x00, 0x00, 0x00, 0x00, 0x00, 0x00, 0x00, 0x00, 0x00, 0x00,
  0x00, 0x00, 0x00, 0x00, 0x00, 0x00, 0x00, 0x00, 0x00, 0x00, 0x00, 0x00, 0x00, 0x00, 0x00, 0x00,
  0x00, 0x00, 0x00, 0x00, 0x00, 0x00, 0x00, 0x00, 0x00, 0x00, 0x00, 0x00, 0x00, 0x00, 0x00, 0x00,
  0x00, 0x00, 0x00, 0x00, 0x00, 0x00, 0x00, 0x00, 0x00, 0x00, 0x00, 0x00, 0x00, 0x00, 0x00, 0x00,
  0x00, 0x00, 0x00, 0x00, 0x00, 0x00, 0x00, 0x00, 0x00, 0x00, 0x00, 0x00, 0x00, 0x00, 0x00, 0x00,
  0x00, 0x00, 0x00, 0x00, 0x00, 0x00, 0x00, 0x00, 0x00, 0x00, 0x00, 0x00, 0x00, 0x00, 0x00, 0x00,
  0x00, 0x00, 0x00, 0x00, 0x00, 0x00, 0x00, 0x00, 0x00, 0x00, 0x00, 0x00, 0x00, 0x00, 0x00, 0x00,
  0x00, 0x00, 0x00, 0x00, 0x00, 0x00, 0x00, 0x00, 0x00, 0x00, 0x00, 0x00, 0x00, 0x00, 0x00, 0x00,
  0x00, 0x00, 0x00, 0x00, 0x00, 0x00, 0x00, 0x00, 0x00, 0x00, 0x00, 0x00, 0x00, 0x00, 0x00, 0x00,
  0x00, 0x00, 0x00, 0x00, 0x00, 0x00, 0x00, 0x00, 0x00, 0x00, 0x00, 0x00, 0x00, 0x00, 0x00, 0x00,
  0x00, 0x00, 0x00, 0x00, 0x00, 0x00, 0x00, 0x00, 0x00, 0x00, 0x00, 0x00, 0x00, 0x00, 0x00, 0x00,
  0x00, 0x00, 0x00, 0x00, 0x00, 0x00, 0x00, 0x00, 0x00, 0x00, 0x00, 0x00, 0x00, 0x00, 0x00, 0x00,
  0x00, 0x00, 0x00, 0x00, 0x00, 0x00, 0x00, 0x00, 0x00, 0x00, 0x00, 0x00, 0x00, 0x00, 0x00, 0x00,
  0x00, 0x00, 0x00, 0x00, 0x00, 0x00, 0x00, 0x00, 0x00, 0x00, 0x00, 0x00, 0x00, 0x00, 0x00, 0x00,
  0x00, 0x00, 0x00, 0x00, 0x00, 0x00, 0x00, 0x00, 0x00, 0x00, 0x00, 0x00, 0x00, 0x00, 0x00, 0x00,
  0x00, 0x00, 0xc0, 0x48, 0xe0, 0x70, 0x00, 0x81, 0xe0, 0x70, 0x00, 0x00, 0x00, 0x00, 0x00, 0x00,
  0x00, 0x00, 0x00, 0x00, 0x00, 0x00, 0x00, 0x00, 0x00, 0x00, 0x00, 0x00, 0x00, 0x00, 0x00, 0x00,
  0x00, 0x00, 0x00, 0x00, 0x00, 0x00, 0x00, 0x00, 0x00, 0x00, 0x00, 0x00, 0x00, 0x00, 0x00, 0x00,
  0x00, 0x00, 0x00, 0x00, 0x00, 0x00, 0x00, 0x00, 0x00, 0x00, 0x00, 0xf8, 0x00, 0x00, 0x00, 0x00,
  0x00, 0x00, 0x00, 0x00, 0x00, 0x00, 0x00, 0x00, 0x00, 0x00, 0x00, 0x00, 0x00, 0x00, 0x00, 0x00,
  0x00, 0x00, 0x00, 0x00, 0x00, 0x00, 0x00, 0x00, 0x00, 0x00, 0x00, 0x00, 0x00, 0x00, 0x00, 0x00,
  0x00, 0x00, 0x00, 0x00, 0x00, 0x00, 0x00, 0x00, 0x00, 0x00, 0x00, 0x00, 0x00, 0x00, 0x00, 0x00,
  0x00, 0x00, 0x00, 0x00, 0x00, 0x00, 0x00, 0x00, 0x00, 0x00, 0x00, 0x00, 0x00, 0x00, 0x00, 0x00,
  0x00, 0x00, 0x00, 0x00, 0x00, 0x00, 0x00, 0x00, 0x00, 0x00, 0x00, 0x00, 0x00, 0x00, 0x00, 0x00,
  0x00, 0x00, 0x00, 0x00, 0x00, 0x00, 0x00, 0x00, 0x00, 0x00, 0x00, 0x00, 0x00, 0x00, 0x00, 0x00,
  0x00, 0x00, 0x00, 0x00, 0x00, 0x00, 0x00, 0x00, 0x00, 0x00, 0x00, 0x00, 0x00, 0x00, 0x00, 0x00,
  0x00, 0x00, 0x00, 0x00, 0x00, 0x00, 0x00, 0x00, 0x00, 0x00, 0x00, 0x00, 0x00, 0x00, 0x00, 0x00,
  0x00, 0x00, 0x00, 0x00, 0x00, 0x00, 0x00, 0x00, 0x00, 0x00, 0x00, 0x00, 0x00, 0x00, 0x00, 0x00,
  0x00, 0x00, 0x00, 0x00, 0x00, 0x00, 0x00, 0x00, 0x00, 0x00, 0x00, 0x00, 0x00, 0x00, 0x00, 0x00,
  0x00, 0x00, 0x00, 0x00, 0x00, 0x00, 0x00, 0x00, 0x00, 0x00, 0x00, 0x00, 0x00, 0x00, 0x00, 0x00,
  0x00, 0x00, 0x00, 0x00, 0x00, 0x00, 0x00, 0x00, 0x00, 0x00, 0x00, 0x00, 0x00, 0x00, 0x00, 0x00,
  0x00, 0x00, 0x00, 0x00, 0x00, 0x00, 0x00, 0x00, 0x00, 0x00, 0x00, 0x00, 0x00, 0x00, 0x00, 0x00,
  0x00, 0x00, 0x00, 0x00, 0x00, 0x00, 0x00, 0x00, 0x00, 0x00, 0x00, 0x00, 0x00, 0x00, 0x00, 0x00,
  0x00, 0x00, 0x00, 0x00, 0x00, 0x00, 0x00, 0x00, 0x00, 0x00, 0x00, 0x00, 0x00, 0x00, 0x00, 0x00,
  0x00, 0x00, 0x00, 0x00, 0x00, 0x00, 0x00, 0x00, 0x00, 0x00, 0x00, 0x00, 0x00, 0x00, 0x00, 0x00,
  0x00, 0x00, 0x00, 0x00, 0x00, 0x00, 0x00, 0x00, 0x00, 0x00, 0x00, 0x00, 0x00, 0x00, 0x00, 0x00,
  0x00, 0x00, 0x00, 0x00, 0x00, 0x00, 0x00, 0x00, 0x00, 0x00, 0x00, 0x00, 0x00, 0x00, 0x00, 0x00,
  0x00, 0x00, 0x00, 0x00, 0x00, 0x00, 0x00, 0x00, 0x00, 0x00, 0x00, 0x00, 0x00, 0x00, 0x00, 0x00,
  0x00, 0x00, 0x00, 0x00, 0x00, 0x00, 0x00, 0x00, 0x00, 0x00, 0x00, 0x00, 0x00, 0x00, 0x00, 0x00,
  0x00, 0x00, 0x00, 0x00, 0x00, 0x00, 0x00, 0x00, 0x00, 0x00, 0x00, 0x00, 0x00, 0x00, 0x00, 0x00,
  0x00, 0x00, 0x00, 0x00, 0x00, 0x00, 0x00, 0x00, 0x00, 0x00, 0x00, 0x00, 0x00, 0x00, 0x00, 0x00,
  0x00, 0x00, 0x00, 0x00, 0x00, 0x00, 0x00, 0x00, 0x00, 0x00, 0x00, 0x00, 0x00, 0x00, 0x00, 0x00,
  0x00, 0x00, 0x00, 0x00, 0x00, 0x00, 0x00, 0x00, 0x00, 0x00, 0x00, 0x00, 0x00, 0x00, 0x00, 0x00,
  0x00, 0x00, 0x00, 0x00, 0x00, 0x00, 0x00, 0x00, 0x00, 0x00, 0x00, 0x00, 0x00, 0x00, 0x00, 0x00,
  0x00, 0x00, 0x00, 0x00, 0x00, 0x00, 0x00, 0x00, 0x00, 0x00, 0x00, 0x00, 0x00, 0x00, 0x00, 0x00,
  0x00, 0x00, 0x00, 0x00, 0x00, 0x00, 0x00, 0x00, 0x00, 0x00, 0x00, 0x00, 0xc0, 0x68, 0x00, 0x79,
  0x00, 0x89, 0x00, 0x00, 0x00, 0x00, 0x00, 0x00, 0x00, 0x00, 0x00, 0x00, 0x00, 0x00, 0x00, 0x00,
  0x00, 0x00, 0x00, 0x00, 0x00, 0x00, 0x00, 0x00, 0x00, 0x00, 0x00, 0x00, 0x00, 0x00, 0x00, 0x00,
  0x00, 0x00, 0x00, 0x00, 0x00, 0x00, 0x00, 0x00, 0x00, 0x00, 0x00, 0x00, 0x00, 0x00, 0x00, 0x00,
  0x00, 0x00, 0x00, 0x00, 0x00, 0x00, 0x00, 0x00, 0x00, 0x00, 0x00, 0x00, 0x00, 0x00, 0x00, 0x00,
  0x00, 0x00, 0x00, 0x00, 0x00, 0x00, 0x00, 0x00, 0x00, 0x00, 0x00, 0x00, 0x00, 0x00, 0x00, 0x00,
  0x00, 0x00, 0x00, 0x00, 0x00, 0x00, 0x00, 0x00, 0x00, 0x00, 0x00, 0x00, 0x00, 0x00, 0x00, 0x00,
  0x00, 0x00, 0x00, 0x00, 0x00, 0x00, 0x00, 0x00, 0x00, 0x00, 0x00, 0x00, 0x00, 0x00, 0x00, 0x00,
  0x00, 0x00, 0x00, 0x00, 0x00, 0x00, 0x00, 0x00, 0x00, 0x00, 0x00, 0x00, 0x00, 0x00, 0x00, 0x00,
  0x00, 0x00, 0x00, 0x00, 0x00, 0x00, 0x00, 0x00, 0x00, 0x00, 0x00, 0x00, 0x00, 0x00, 0x00, 0x00,
  0x00, 0x00, 0x00, 0x00, 0x00, 0x00, 0x00, 0x00, 0x00, 0x00, 0x00, 0x00, 0x00, 0x00, 0x00, 0x00,
  0x00, 0x00, 0x00, 0x00, 0x00, 0x00, 0x00, 0x00, 0x00, 0x00, 0x00, 0x00, 0x00, 0x00, 0x00, 0x00,
  0x00, 0x00, 0x00, 0x00, 0x00, 0x00, 0x00, 0x00, 0x00, 0x00, 0x00, 0x00, 0x00, 0x00, 0x00, 0x00,
  0x00, 0x00, 0x00, 0x00, 0x00, 0x00, 0x00, 0x00, 0x00, 0x00, 0x00, 0x00, 0x00, 0x00, 0x00, 0x00,
  0x00, 0x00, 0x00, 0x00, 0x00, 0x00, 0x00, 0x00, 0x00, 0x00, 0x00, 0x00, 0x00, 0x00, 0x00, 0x00,
  0x00, 0x00, 0x00, 0x00, 0x00, 0x00, 0x00, 0x00, 0x00, 0x00, 0x00, 0x00, 0x00, 0x00, 0x00, 0x00,
  0x00, 0x00, 0x00, 0x00, 0x00, 0x00, 0x00, 0x00, 0x00, 0x00, 0x00, 0x00, 0x00, 0x00, 0x00, 0x00,
  0x00, 0x00, 0x00, 0x00, 0x00, 0x00, 0x00, 0x00, 0x00, 0x00, 0x00, 0x00, 0x00, 0x00, 0x00, 0x00,
  0x00, 0x00, 0x00, 0x00, 0x00, 0x00, 0x00, 0x00, 0x00, 0x00, 0x00, 0x00, 0x00, 0x00, 0x00, 0x00,
  0x00, 0x00, 0x00, 0x00, 0x00, 0x00, 0x00, 0x00, 0x00, 0x00, 0x00, 0x00, 0x00, 0x00, 0x00, 0x00,
  0x00, 0x00, 0x00, 0x00, 0x00, 0x00, 0x00, 0x00, 0x00, 0x00, 0x00, 0x00, 0x00, 0x00, 0x00, 0x00,
  0x00, 0x00, 0x00, 0x00, 0x00, 0x00, 0x00, 0x00, 0x00, 0x00, 0x00, 0x00, 0x00, 0x00, 0x00, 0x00,
  0x00, 0x00, 0x00, 0x00, 0x00, 0x00, 0x00, 0x00, 0x00, 0x00, 0x00, 0x00, 0x00, 0x00, 0x00, 0x00,
  0x00, 0x00, 0x00, 0x00, 0x00, 0x00, 0x00, 0x00, 0x00, 0x00, 0x00, 0x00, 0x00, 0x00, 0x00, 0x00,
  0x00, 0x00, 0x00, 0x00, 0x00, 0x00, 0x00, 0x00, 0x00, 0x00, 0x00, 0x00, 0x00, 0x00, 0x00, 0x00,
  0x00, 0x00, 0x00, 0x00, 0x00, 0x00, 0x00, 0x00, 0x00, 0x00, 0x00, 0x00, 0x00, 0x00, 0x00, 0x00,
  0x00, 0x00, 0x00, 0x00, 0x00, 0x00, 0x00, 0x00, 0x00, 0x00, 0x00, 0x00, 0x00, 0x00, 0x00, 0x00,
  0x00, 0x00, 0x00, 0x00, 0x00, 0x00, 0x00, 0x00, 0x00, 0x00, 0x00, 0x00, 0x80, 0x60, 0x20, 0x69,
  0x00, 0x00, 0x00, 0x00, 0x00, 0x00, 0x00, 0x00, 0x00, 0x00, 0x00, 0x00, 0x00, 0x00, 0x00, 0x00,
  0x00, 0x00, 0x00, 0x00, 0x00, 0x00, 0x00, 0x00, 0x00, 0x00, 0x00, 0x00, 0x00, 0x00, 0x00, 0x00,
  0x00, 0x00, 0x00, 0x00, 0x00, 0x00, 0x00, 0x00, 0x00, 0x00, 0x00, 0x00, 0x00, 0x00, 0x00, 0x00,
  0x00, 0x00, 0x00, 0x00, 0x00, 0x00, 0x00, 0x60, 0xe0, 0x68, 0x20, 0x59, 0x20, 0x69, 0xa0, 0x52,
  0x00, 0x00, 0x00, 0x00, 0x00, 0x00, 0x00, 0x00, 0x00, 0x00, 0x00, 0x00, 0x00, 0x00, 0x00, 0x00,
  0x00, 0x00, 0x00, 0x00, 0x00, 0x00, 0x00, 0x00, 0x00, 0x00, 0x00, 0x00, 0x00, 0x00, 0x00, 0x00,
  0x00, 0x00, 0x00, 0x00, 0x00, 0x00, 0x00, 0x00, 0x00, 0xf8, 0xa0, 0xaa, 0x00, 0x00, 0x00, 0x00,
  0x00, 0x00, 0x00, 0x00, 0x00, 0x00, 0x00, 0x00, 0x00, 0x00, 0x00, 0x00, 0x00, 0x00, 0xe0, 0x7b,
  0x00, 0x00, 0x00, 0x00, 0x00, 0x00, 0x00, 0x00, 0x00, 0x00, 0x00, 0x00, 0x00, 0x00, 0x00, 0x00,
  0x00, 0x00, 0x00, 0x00, 0x00, 0x00, 0x00, 0x00, 0x00, 0x00, 0x00, 0x00, 0x00, 0x00, 0x00, 0x00,
  0x00, 0x00, 0x00, 0x00, 0x00, 0x00, 0x00, 0x00, 0x00, 0x00, 0x00, 0x00, 0x00, 0x00, 0x00, 0x00,
  0x00, 0x00, 0x00, 0x00, 0x00, 0x00, 0x00, 0x00, 0x00, 0x00, 0x00, 0x00, 0x00, 0x00, 0x00, 0x00,
  0x00, 0x00, 0x00, 0x00, 0x00, 0x00, 0x00, 0x00, 0x00, 0x00, 0x00, 0x00, 0x00, 0x00, 0x00, 0x00,
  0x00, 0x00, 0x00, 0x00, 0x00, 0x00, 0x00, 0x00, 0x00, 0xf8, 0x00, 0x00, 0x00, 0x00, 0x00, 0x00,
  0x00, 0x00, 0x00, 0x00, 0x00, 0x00, 0x00, 0x00, 0x00, 0x00, 0x00, 0x00, 0x00, 0x00, 0x00, 0x00,
  0x00, 0x00, 0x00, 0x00, 0x00, 0x00, 0x00, 0x00, 0x00, 0x00, 0x00, 0x00, 0x00, 0x00, 0x00, 0x00,
  0x00, 0x00, 0x00, 0x00, 0x00, 0x00, 0x00, 0x00, 0x00, 0x00, 0x00, 0x00, 0x00, 0x00, 0x00, 0x00,
  0x00, 0x00, 0x00, 0x00, 0x00, 0x00, 0x00, 0x00, 0x00, 0x00, 0x00, 0x00, 0x00, 0x00, 0x00, 0x00,
  0x00, 0x00, 0x00, 0x00, 0x00, 0x00, 0x00, 0x00, 0x00, 0x00, 0x00, 0x00, 0x00, 0x00, 0x00, 0x00,
  0x00, 0x00, 0x00, 0x00, 0x00, 0x00, 0x00, 0x00, 0x00, 0x00, 0x00, 0x00, 0x00, 0x00, 0x00, 0x00,
  0x00, 0x00, 0x00, 0x00, 0x00, 0x00, 0x00, 0x00, 0x00, 0x00, 0x00, 0x00, 0x00, 0x00, 0x00, 0x00,
  0x00, 0x00, 0x00, 0x00, 0x00, 0x00, 0x00, 0x00, 0x00, 0x00, 0x00, 0x00, 0x00, 0x00, 0x00, 0x00,
  0x00, 0x00, 0x00, 0x00, 0x00, 0x00, 0x00, 0x00, 0x00, 0x00, 0x00, 0x00, 0x00, 0x00, 0x00, 0x00,
  0x00, 0x00, 0x00, 0x00, 0x00, 0x00, 0x00, 0x00, 0x00, 0x00, 0x00, 0x00, 0x00, 0x00, 0x00, 0x00,
  0x00, 0x00, 0x00, 0x00, 0x00, 0x00, 0x00, 0x00, 0x00, 0x00, 0x00, 0x00, 0x00, 0x00, 0x00, 0x00,
  0x00, 0x00, 0x00, 0x00, 0x00, 0x00, 0x00, 0x00, 0x00, 0x00, 0x00, 0x00, 0x00, 0x00, 0x00, 0x00,
  0x00, 0x00, 0x00, 0x00, 0x00, 0x00, 0x00, 0x00, 0x00, 0x00, 0x00, 0x00, 0x00, 0x00, 0x00, 0x00,
  0x00, 0x00, 0x00, 0x00, 0x00, 0x00, 0x00, 0x00, 0x00, 0x00, 0x00, 0x00, 0x00, 0x00, 0x00, 0x00,
  0x00, 0x00, 0x00, 0x00, 0x00, 0x00, 0x00, 0x00, 0x00, 0x00, 0x00, 0x00, 0x00, 0x00, 0x00, 0x00,
  0x00, 0x00, 0x00, 0x00, 0x00, 0x00, 0x00, 0x00, 0x00, 0x00, 0x00, 0x00, 0x00, 0x00, 0x00, 0x00,
  0x00, 0x00, 0x00, 0x00, 0x00, 0x00, 0x00, 0x38, 0x00, 0x78, 0x00, 0x00, 0x00, 0x00, 0x00, 0x00,
  0x00, 0x00, 0x00, 0x00, 0x00, 0x00, 0x00, 0xf8, 0x00, 0x00, 0x00, 0x00, 0x00, 0x00, 0x00, 0x00,
  0x00, 0x00, 0x00, 0x00, 0x00, 0x00, 0x00, 0x00, 0x00, 0x00, 0x00, 0x00, 0x00, 0x00, 0x00, 0x00,
  0x00, 0x00, 0x00, 0x00, 0x00, 0x00, 0x00, 0x00, 0x00, 0x00, 0x00, 0x00, 0x00, 0x00, 0x00, 0x00,
  0x00, 0x00, 0x00, 0x78, 0x00, 0xa8, 0x00, 0x00, 0x00, 0x00, 0x00, 0x78, 0x00, 0x00, 0x00, 0x00,
  0x00, 0x00, 0x00, 0x00, 0x00, 0x00, 0x00, 0x00, 0x00, 0x00, 0x00, 0x00, 0x00, 0x00, 0x00, 0x00,
  0x00, 0x00, 0x00, 0x00, 0x00, 0x00, 0x00, 0x00, 0x00, 0x00, 0x00, 0x00, 0x00, 0x00, 0x00, 0x00,
  0x00, 0x00, 0x00, 0x00, 0x00, 0x78, 0x00, 0x00, 0x00, 0x00, 0x00, 0x00, 0x00, 0x00, 0x00, 0x00,
  0x00, 0x00, 0x00, 0x00, 0x00, 0x00, 0x00, 0x00, 0x00, 0x00, 0x00, 0x00, 0x00, 0x00, 0x00, 0x00,
  0x00, 0x00, 0x00, 0x00, 0x00, 0x00, 0x00, 0x00, 0x00, 0x00, 0x00, 0x00, 0x00, 0x00, 0x00, 0x00,
  0x00, 0x00, 0x00, 0x00, 0x00, 0x00, 0x00, 0x00, 0x00, 0x00, 0x00, 0x00, 0x00, 0x00, 0x00, 0x00,
  0x00, 0x00, 0x00, 0x00, 0x00, 0x00, 0x00, 0x00, 0x00, 0x00, 0x00, 0x00, 0x00, 0x00, 0x00, 0x00,
  0x00, 0x00, 0x00, 0x00, 0x00, 0x00, 0x00, 0x00, 0x00, 0x00, 0x00, 0x00, 0x00, 0x00, 0x00, 0x00,
  0x00, 0x00, 0x00, 0x00, 0x00, 0x00, 0x00, 0x00, 0x00, 0x00, 0x00, 0x00, 0x00, 0x00, 0x00, 0x78,
  0x00, 0x00, 0x00, 0x00, 0xa0, 0x60, 0xc0, 0x60, 0x00, 0x00, 0x60, 0x68, 0x80, 0x58, 0x00, 0x78,
  0x00, 0x00, 0x00, 0x00, 0x00, 0x00, 0x00, 0x00, 0x00, 0x00, 0x00, 0x00, 0x00, 0x00, 0x00, 0x00,
  0x00, 0x00, 0x00, 0x00, 0x00, 0x00, 0x00, 0x00, 0x00, 0x00, 0x00, 0x00, 0x00, 0x00, 0x00, 0x00,
  0x00, 0x00, 0x00, 0x00, 0x00, 0x00, 0x00, 0x00, 0x00, 0x00, 0x00, 0x00, 0x00, 0x00, 0x00, 0x00,
  0x00, 0x00, 0x00, 0x00, 0x00, 0x00, 0x00, 0x00, 0x00, 0x00, 0x00, 0x00, 0x00, 0x00, 0x00, 0x00,
  0x00, 0x00, 0x00, 0x00, 0x00, 0x00, 0x00, 0x00, 0x00, 0x00, 0x00, 0x00, 0x00, 0x00, 0x00, 0x00,
  0x00, 0x00, 0x00, 0x00, 0x00, 0x00, 0x00, 0x00, 0x00, 0x00, 0x00, 0x00, 0x00, 0x00, 0x00, 0x00,
  0x00, 0x00, 0x00, 0x00, 0x00, 0x00, 0x00, 0x00, 0x00, 0x00, 0x00, 0x00, 0x00, 0x00, 0x00, 0x00,
  0x00, 0x00, 0x00, 0x00, 0x00, 0x00, 0x00, 0x00, 0x00, 0x00, 0x00, 0x00, 0x00, 0x00, 0x00, 0x00,
  0x00, 0x00, 0x00, 0x00, 0x00, 0x00, 0x00, 0x00, 0x00, 0x00, 0x00, 0x00, 0x00, 0x00, 0x00, 0x00,
  0x00, 0x00, 0x00, 0x00, 0x00, 0x00, 0x00, 0x00, 0x00, 0x00, 0x00, 0x00, 0x00, 0x00, 0x00, 0x00,
  0x00, 0x00, 0x00, 0x00, 0x00, 0x00, 0x00, 0x00, 0x00, 0x00, 0x00, 0x00, 0x00, 0x00, 0x00, 0x00,
  0x00, 0x00, 0x00, 0x00, 0x00, 0x00, 0x00, 0x00, 0x00, 0x00, 0x00, 0x00, 0x00, 0x00, 0x00, 0x00,
  0x00, 0x00, 0x00, 0x00, 0x00, 0x00, 0x00, 0x00, 0x00, 0x00, 0x00, 0x00, 0x00, 0x00, 0x00, 0x00,
  0x00, 0x00, 0x00, 0x00, 0x00, 0x00, 0x00, 0x00, 0x00, 0x00, 0x00, 0x00, 0x00, 0x00, 0x00, 0x00,
  0x00, 0x00, 0x00, 0x00, 0x00, 0x00, 0x00, 0x00, 0x00, 0x00, 0x00, 0x00, 0x00, 0x00, 0x00, 0x00,
  0x00, 0x00, 0x00, 0x00, 0x00, 0x00, 0x00, 0x00, 0x00, 0x00, 0x00, 0x00, 0x00, 0x00, 0x00, 0x00,
  0x00, 0x00, 0x00, 0x00, 0x00, 0x00, 0x00, 0x00, 0x00, 0x00, 0x00, 0x00, 0x00, 0x00, 0x00, 0x00,
  0x00, 0x00, 0x00, 0xf8, 0x00, 0x00, 0x00, 0x00, 0x00, 0x00, 0x00, 0x00, 0x00, 0x00, 0x00, 0x00,
  0x00, 0x00, 0x00, 0x00, 0x00, 0x00, 0x00, 0x00, 0x00, 0x00, 0x00, 0x00, 0x00, 0x00, 0x00, 0x00,
  0x00, 0x00, 0x00, 0x00, 0x00, 0x00, 0x00, 0x00, 0x00, 0x00, 0x00, 0x00, 0x00, 0x00, 0x00, 0x00,
  0x01, 0x81, 0x00, 0x81, 0x00, 0x00, 0x00, 0x00, 0x20, 0x69, 0x00, 0x00, 0x00, 0x00, 0x00, 0x00,
  0x00, 0x00, 0x00, 0x00, 0x00, 0x00, 0x00, 0x00, 0x00, 0x00, 0x00, 0x00, 0x00, 0x00, 0x00, 0x00,
  0x00, 0x00, 0x00, 0x00, 0x00, 0x00, 0x00, 0x00, 0x00, 0x00, 0x00, 0x00, 0x00, 0x00, 0x00, 0x00,
  0x00, 0x78, 0x00, 0x00, 0x00, 0x00, 0x00, 0x00, 0x00, 0x00, 0x00, 0x00, 0x00, 0x00, 0x00, 0x00,
  0x00, 0x00, 0x00, 0x00, 0x00, 0x00, 0x00, 0x00, 0x00, 0x00, 0x00, 0x00, 0x00, 0x00, 0x00, 0x00,
  0x00, 0x00, 0x00, 0x00, 0x00, 0x00, 0x00, 0x00, 0x00, 0x00, 0x00, 0x00, 0x00, 0x00, 0x00, 0x00,
  0x00, 0x00, 0x00, 0x00, 0x00, 0x00, 0x00, 0x00, 0x00, 0x00, 0x00, 0x00, 0x00, 0x00, 0x00, 0x00,
  0x00, 0x00, 0x00, 0x00, 0x00, 0x00, 0x00, 0x00, 0x00, 0x00, 0x00, 0x00, 0x00, 0x00, 0x00, 0x00,
  0x00, 0x00, 0x00, 0x00, 0x00, 0x00, 0x00, 0x00, 0x00, 0x00, 0x00, 0x00, 0x00, 0x00, 0x00, 0x00,
  0x00, 0x00, 0x00, 0x00, 0x00, 0x00, 0x00, 0x78, 0x00, 0x50, 0x00, 0x00, 0x00, 0x00, 0x60, 0x58,
  0xe0, 0x60, 0x00, 0x00, 0xa0, 0x60, 0xc0, 0x60, 0x00, 0xa8, 0x00, 0x00, 0x00, 0x00, 0x00, 0x00,
  0x00, 0x00, 0x00, 0x00, 0x00, 0x00, 0x00, 0x00, 0x00, 0x00, 0x00, 0x00, 0x00, 0x00, 0x00, 0x00,
  0x00, 0x00, 0x00, 0x00, 0x00, 0x00, 0x00, 0x00, 0x00, 0x00, 0x00, 0x00, 0x00, 0x00, 0x00, 0x00,
  0x00, 0x00, 0x00, 0x00, 0x00, 0x00, 0x00, 0x00, 0x00, 0x00, 0x00, 0x00, 0x00, 0x00, 0x00, 0x00,
  0x00, 0x00, 0x00, 0x00, 0x00, 0x00, 0x00, 0x00, 0x00, 0x00, 0x00, 0x00, 0x00, 0x00, 0x00, 0x00,
  0x00, 0x00, 0x00, 0x00, 0x00, 0x00, 0x00, 0x00, 0x00, 0x00, 0x00, 0x00, 0x00, 0x00, 0x00, 0x00,
  0x00, 0x00, 0x00, 0x00, 0x00, 0x00, 0x00, 0x00, 0x00, 0x00, 0x00, 0x00, 0x00, 0x00, 0x00, 0x00,
  0x00, 0x00, 0x00, 0x00, 0x00, 0x00, 0x00, 0x00, 0x00, 0x00, 0x00, 0x00, 0x00, 0x00, 0x00, 0x00,
  0x00, 0x00, 0x00, 0x00, 0x00, 0x00, 0x00, 0x00, 0x00, 0x00, 0x00, 0x00, 0x00, 0x00, 0x00, 0x00,
  0x00, 0x00, 0x00, 0x00, 0x00, 0x00, 0x00, 0x00, 0x00, 0x00, 0x00, 0x00, 0x00, 0x00, 0x00, 0x00,
  0x00, 0x00, 0x00, 0x00, 0x00, 0x00, 0x00, 0x00, 0x00, 0x00, 0x00, 0x00, 0x00, 0x00, 0x00, 0x00,
  0x00, 0x00, 0x00, 0x00, 0x00, 0x00, 0x00, 0x00, 0x00, 0x00, 0x00, 0x00, 0x00, 0x00, 0x00, 0x00,
  0x00, 0x00, 0x00, 0x00, 0x00, 0x00, 0x00, 0x00, 0x00, 0x00, 0x00, 0x00, 0x00, 0x00, 0x00, 0x00,
  0x00, 0x00, 0x00, 0x00, 0x00, 0x00, 0x00, 0x00, 0x00, 0x00, 0x00, 0x00, 0x00, 0x00, 0x00, 0x00,
  0x00, 0x00, 0x00, 0x00, 0x00, 0x00, 0x00, 0x00, 0x00, 0x00, 0x00, 0x00, 0x00, 0x00, 0x00, 0x00,
  0x00, 0x00, 0x00, 0x00, 0x00, 0x00, 0x00, 0x00, 0x00, 0x00, 0x00, 0x00, 0x00, 0x00, 0x00, 0x00,
  0x00, 0x00, 0x00, 0x00, 0x00, 0x00, 0x00, 0x00, 0x00, 0x00, 0x00, 0x00, 0x00, 0x00, 0x00, 0x00,
  0x00, 0x00, 0x00, 0x00, 0x00, 0x00, 0x00, 0x00, 0x00, 0x00, 0x00, 0x00, 0x00, 0x00, 0x00, 0x00,
  0x00, 0x00, 0x00, 0x00, 0x00, 0x00, 0x00, 0x00, 0x00, 0x00, 0x00, 0x00, 0x00, 0x00, 0x00, 0x00,
  0x00, 0x00, 0x00, 0x00, 0x00, 0x00, 0x00, 0x00, 0x00, 0x00, 0x00, 0x00, 0x00, 0x00, 0x00, 0x00,
  0x00, 0x00, 0x00, 0x00, 0x00, 0x00, 0x00, 0xf8, 0x00, 0x00, 0x00, 0x79, 0x00, 0x79, 0x00, 0x81,
  0xe0, 0x78, 0x40, 0x79, 0x00, 0x00, 0x00, 0x00, 0x00, 0x00, 0x00, 0x00, 0x00, 0x00, 0x00, 0x00,
  0x00, 0x00, 0x00, 0x00, 0x00, 0x00, 0x00, 0x00, 0x00, 0x00, 0x00, 0x00, 0x00, 0x00, 0x00, 0x00,
  0x00, 0x00, 0x00, 0x78, 0x00, 0x00, 0x00, 0x00, 0x00, 0x00, 0x00, 0x00, 0x00, 0x00, 0x00, 0x00,
  0x00, 0x00, 0x00, 0x00, 0x00, 0x00, 0x00, 0x00, 0x00, 0x00, 0x00, 0x00, 0x00, 0x00, 0x00, 0x00,
  0x00, 0x00, 0x00, 0x00, 0x00, 0x00, 0x00, 0x00, 0x00, 0x00, 0x00, 0x00, 0x00, 0x00, 0x00, 0x00,
  0x00, 0x00, 0x00, 0x00, 0x00, 0x00, 0x00, 0x00, 0x00, 0x00, 0x00, 0x00, 0x00, 0x00, 0x00, 0x00,
  0x00, 0x00, 0x00, 0x00, 0x00, 0x00, 0x00, 0x00, 0x00, 0x00, 0x00, 0x00, 0x00, 0x00, 0x00, 0x00,
  0x00, 0x00, 0x00, 0x00, 0x00, 0x00, 0x00, 0x00, 0x00, 0x00, 0x00, 0x00, 0x00, 0x00, 0x00, 0x00,
  0x00, 0x00, 0x00, 0x00, 0x00, 0x00, 0x00, 0x00, 0x00, 0x00, 0x00, 0x00, 0x00, 0x00, 0x00, 0x00,
  0x00, 0x78, 0x00, 0x50, 0x00, 0x00, 0x00, 0x50, 0xe0, 0x7b, 0x00, 0x00, 0xe0, 0x68, 0xc0, 0x60,
  0x80, 0x60, 0x00, 0xf8, 0x00, 0x00, 0x00, 0x00, 0x00, 0x00, 0x00, 0x00, 0x00, 0x00, 0x00, 0x00,
  0x00, 0x00, 0x00, 0x00, 0x00, 0x00, 0x00, 0x00, 0x00, 0x00, 0x00, 0x00, 0x00, 0x00, 0x00, 0x00,
  0x00, 0x00, 0x00, 0x00, 0x00, 0x00, 0x00, 0x00, 0x00, 0x00, 0x00, 0x00, 0x00, 0x00, 0x00, 0x00,
  0x00, 0x00, 0x00, 0x00, 0x00, 0x00, 0x00, 0x00, 0x00, 0x00, 0x00, 0x00, 0x00, 0x00, 0x00, 0x00,
  0x00, 0x00, 0x00, 0x00, 0x00, 0x00, 0x00, 0x00, 0x00, 0x00, 0x00, 0x00, 0x00, 0x00, 0x00, 0x00,
  0x00, 0x00, 0x00, 0x00, 0x00, 0x00, 0x00, 0x00, 0x00, 0x00, 0x00, 0x00, 0x00, 0x00, 0x00, 0x00,
  0x00, 0x00, 0x00, 0x00, 0x00, 0x00, 0x00, 0x00, 0x00, 0x00, 0x00, 0x00, 0x00, 0x00, 0x00, 0x00,
  0x00, 0x00, 0x00, 0x00, 0x00, 0x00, 0x00, 0x00, 0x00, 0x00, 0x00, 0x00, 0x00, 0x00, 0x00, 0x00,
  0x00, 0x00, 0x00, 0x00, 0x00, 0x00, 0x00, 0x00, 0x00, 0x00, 0x00, 0x00, 0x00, 0x00, 0x00, 0x00,
  0x00, 0x00, 0x00, 0x00, 0x00, 0x00, 0x00, 0x00, 0x00, 0x00, 0x00, 0x00, 0x00, 0x00, 0x00, 0x00,
  0x00, 0x00, 0x00, 0x00, 0x00, 0x00, 0x00, 0x00, 0x00, 0x00, 0x00, 0x00, 0x00, 0x00, 0x00, 0x00,
  0x00, 0x00, 0x00, 0x00, 0x00, 0x00, 0x00, 0x00, 0x00, 0x00, 0x00, 0x00, 0x00, 0x00, 0x00, 0x00,
  0x00, 0x00, 0x00, 0x00, 0x00, 0x00, 0x00, 0x00, 0x00, 0x00, 0x00, 0x00, 0x00, 0x00, 0x00, 0x00,
  0x00, 0x00, 0x00, 0x00, 0x00, 0x00, 0x00, 0x00, 0x00, 0x00, 0x00, 0x00, 0x00, 0x00, 0x00, 0x00,
  0x00, 0x00, 0x00, 0x00, 0x00, 0x00, 0x00, 0x00, 0x00, 0x00, 0x00, 0x00, 0x00, 0x00, 0x00, 0x00,
  0x00, 0x00, 0x00, 0x00, 0x00, 0x00, 0x00, 0x00, 0x00, 0x00, 0x00, 0x00, 0x00, 0x00, 0x00, 0x00,
  0x00, 0x00, 0x00, 0x00, 0x00, 0x00, 0x00, 0x00, 0x00, 0x00, 0x00, 0x00, 0x00, 0x00, 0x00, 0x00,
  0x00, 0x00, 0xc0, 0x60, 0xc0, 0x68, 0x00, 0x00, 0x00, 0x00, 0x00, 0x00, 0x00, 0x00, 0x00, 0x00,
  0x00, 0x00, 0x00, 0x00, 0x00, 0x00, 0x00, 0x00, 0x00, 0x00, 0x00, 0x00, 0x00, 0x00, 0x00, 0xf8,
  0x00, 0x00, 0x00, 0x00, 0x00, 0x00, 0x00, 0x00, 0x00, 0x00, 0x00, 0x00, 0x00, 0x00, 0x00, 0x78,
  0x00, 0x00, 0x00, 0x00, 0x20, 0x71, 0xe0, 0x78, 0x20, 0x81, 0x20, 0x81, 0x00, 0x00, 0x00, 0x00,
  0x00, 0x00, 0x00, 0x00, 0x00, 0x00, 0x00, 0x00, 0x00, 0x00, 0x00, 0x00, 0x00, 0x00, 0x00, 0x00,
  0x00, 0x00, 0x00, 0x00, 0x00, 0x00, 0x00, 0x00, 0x00, 0x00, 0x00, 0x00, 0x00, 0x78, 0x00, 0x00,
  0x00, 0x00, 0x00, 0x00, 0x00, 0x00, 0x00, 0x00, 0x00, 0x00, 0x00, 0x00, 0x00, 0x00, 0x00, 0x00,
  0x00, 0x00, 0x00, 0x00, 0x00, 0x00, 0x00, 0x00, 0x00, 0x00, 0x00, 0x00, 0x00, 0x00, 0x00, 0x00,
  0x00, 0x00, 0x00, 0x00, 0x00, 0xf8, 0x00, 0x00, 0x00, 0x00, 0x00, 0x00, 0x00, 0x00, 0x00, 0x00,
  0x00, 0x00, 0x00, 0x00, 0x00, 0x00, 0x00, 0x00, 0x00, 0x00, 0x00, 0x00, 0x00, 0x00, 0x00, 0x00,
  0x00, 0x00, 0x00, 0x00, 0x00, 0x00, 0x00, 0x00, 0x00, 0x00, 0x00, 0x00, 0x00, 0x00, 0x00, 0x00,
  0x00, 0x00, 0x00, 0x48, 0x00, 0x78, 0x00, 0x00, 0x00, 0x00, 0x00, 0x00, 0x00, 0x00, 0x00, 0x00,
  0x00, 0x00, 0x00, 0x00, 0x00, 0x00, 0x00, 0x00, 0x00, 0x00, 0x00, 0x00, 0x00, 0x00, 0xe0, 0x79,
  0x00, 0x00, 0xe0, 0x78, 0x00, 0x78, 0xa0, 0x58, 0x00, 0x78, 0x00, 0x00, 0x00, 0x00, 0x00, 0x00,
  0x00, 0x00, 0x00, 0x00, 0x00, 0x00, 0x00, 0x00, 0x00, 0x00, 0x00, 0x00, 0x00, 0x00, 0x00, 0x00,
  0x00, 0x00, 0x00, 0x00, 0x00, 0x00, 0x00, 0x00, 0x00, 0x00, 0x00, 0x00, 0x00, 0x00, 0x00, 0x00,
  0x00, 0x00, 0x00, 0x00, 0x00, 0x00, 0x00, 0x00, 0x00, 0x00, 0x00, 0x00, 0x00, 0x00, 0x00, 0x00,
  0x00, 0x00, 0x00, 0x00, 0x00, 0x00, 0x00, 0x00, 0x00, 0x00, 0x00, 0x00, 0x00, 0x00, 0x00, 0x00,
  0x00, 0x00, 0x00, 0x00, 0x00, 0x00, 0x00, 0x00, 0x00, 0x00, 0x00, 0x00, 0x00, 0x00, 0x00, 0x00,
  0x00, 0x00, 0x00, 0x00, 0x00, 0x00, 0x00, 0x00, 0x00, 0x00, 0x00, 0x00, 0x00, 0x00, 0x00, 0x00,
  0x00, 0x00, 0x00, 0x00, 0x00, 0x00, 0x00, 0x00, 0x00, 0x00, 0x00, 0x00, 0x00, 0x00, 0x00, 0x00,
  0x00, 0x00, 0x00, 0x00, 0x00, 0x00, 0x00, 0x00, 0x00, 0x00, 0x00, 0x00, 0x00, 0x00, 0x00, 0x00,
  0x00, 0x00, 0x00, 0x00, 0x00, 0x00, 0x00, 0x00, 0x00, 0x00, 0x00, 0x00, 0x00, 0x00, 0x00, 0x00,
  0x00, 0x00, 0x00, 0x00, 0x00, 0x00, 0x00, 0x00, 0x00, 0x00, 0x00, 0x00, 0x00, 0x00, 0x00, 0x00,
  0x00, 0x00, 0x00, 0x00, 0x00, 0x00, 0x00, 0x00, 0x00, 0x00, 0x00, 0x00, 0x00, 0x00, 0x00, 0x00,
  0x00, 0x00, 0x00, 0x00, 0x00, 0x00, 0x00, 0x00, 0x00, 0x00, 0x00, 0x00, 0x00, 0x00, 0x00, 0x00,
  0x00, 0x00, 0x00, 0x00, 0x00, 0x00, 0x00, 0x00, 0x00, 0x00, 0x00, 0x00, 0x00, 0x00, 0x00, 0x00,
  0x00, 0x00, 0x00, 0x00, 0x00, 0x00, 0x00, 0x00, 0x00, 0x00, 0x00, 0x00, 0x00, 0x00, 0x00, 0x00,
  0x00, 0x00, 0x00, 0x00, 0x00, 0x00, 0x00, 0x00, 0x00, 0x00, 0x00, 0x00, 0x00, 0x00, 0x00, 0x00,
  0x00, 0x00, 0x00, 0x00, 0x00, 0x00, 0x00, 0x00, 0x00, 0x00, 0x00, 0x00, 0x00, 0x00, 0x00, 0x00,
  0x00, 0x00, 0x00, 0x00, 0x00, 0x00, 0x00, 0x00, 0x00, 0x00, 0x00, 0x00, 0xe0, 0x68, 0xe0, 0x68,
  0xe0, 0xff, 0x00, 0x00, 0x00, 0xf8, 0x00, 0x00, 0x00, 0x00, 0x00, 0x00, 0x00, 0x00, 0x00, 0x00,
  0x00, 0x00, 0x00, 0x00, 0x00, 0x00, 0x00, 0x00, 0x00, 0xf8, 0x00, 0x00, 0x00, 0x00, 0x00, 0x00,
  0x00, 0x00, 0x00, 0x00, 0x00, 0x00, 0x00, 0x00, 0x00, 0xf8, 0x00, 0x00, 0x00, 0x00, 0x00, 0x00,
  0xe0, 0x70, 0x00, 0x78, 0x00, 0x00, 0x00, 0x00, 0x00, 0x00, 0x00, 0x00, 0x00, 0x00, 0x00, 0x00,
  0x00, 0x00, 0x00, 0x00, 0x00, 0x00, 0x00, 0x00, 0x00, 0x00, 0x00, 0x00, 0x00, 0x00, 0x00, 0x00,
  0x00, 0x00, 0x00, 0x00, 0x00, 0x00, 0x00, 0x00, 0x00, 0x00, 0x00, 0xf8, 0x00, 0xf8, 0x00, 0x00,
  0x00, 0x00, 0x00, 0x00, 0x00, 0x00, 0x00, 0x00, 0x00, 0x00, 0x00, 0x00, 0x00, 0x00, 0x00, 0x00,
  0x00, 0x00, 0x00, 0x00, 0x00, 0x00, 0x00, 0x00, 0x00, 0x00, 0x00, 0x00, 0x00, 0x00, 0x00, 0x00,
  0x00, 0x00, 0x00, 0x00, 0x00, 0x00, 0x00, 0x00, 0x00, 0x00, 0x00, 0x00, 0x00, 0x00, 0x00, 0x78,
  0x00, 0x00, 0x00, 0x00, 0xe0, 0x78, 0xe0, 0x79, 0x00, 0x00, 0x00, 0x00, 0x00, 0x00, 0x00, 0x00,
  0x00, 0x00, 0x00, 0x00, 0x00, 0x00, 0x00, 0x00, 0x00, 0x00, 0x00, 0x78, 0xa0, 0x68, 0xc0, 0x68,
  0x00, 0x00, 0x00, 0xf8, 0xa0, 0xaa, 0x00, 0x00, 0x00, 0x00, 0x00, 0x00, 0x00, 0x00, 0x00, 0x00,
  0x00, 0x00, 0x00, 0x00, 0x00, 0x78, 0x00, 0x78, 0xa0, 0x52, 0x00, 0x00, 0xa0, 0xaa, 0x00, 0xf8,
  0x00, 0x00, 0x00, 0x00, 0x00, 0x00, 0x00, 0x00, 0x00, 0x00, 0x00, 0x00, 0x00, 0x00, 0x00, 0x00,
  0x00, 0x00, 0x00, 0x00, 0x00, 0x00, 0x00, 0x00, 0x00, 0x00, 0x00, 0x00, 0x00, 0x00, 0x00, 0x00,
  0x00, 0x00, 0x00, 0x00, 0x00, 0x00, 0x00, 0x00, 0x00, 0x00, 0x00, 0x00, 0x00, 0x00, 0x00, 0x00,
  0x00, 0x00, 0x00, 0x00, 0x00, 0x00, 0x00, 0x50, 0xa0, 0x58, 0xc0, 0x50, 0x00, 0x00, 0x00, 0x00,
  0x00, 0x00, 0x00, 0x00, 0x00, 0x00, 0x00, 0x00, 0x00, 0x00, 0x00, 0x00, 0x00, 0x00, 0x00, 0x00,
  0x00, 0x00, 0x00, 0x00, 0x00, 0x00, 0x00, 0x00, 0x00, 0x00, 0x00, 0x00, 0x00, 0x00, 0x00, 0x00,
  0x00, 0x00, 0x00, 0x00, 0x00, 0x00, 0x00, 0x00, 0x00, 0x00, 0x00, 0x00, 0x00, 0x00, 0x00, 0x00,
  0x00, 0x00, 0x00, 0x00, 0x00, 0x00, 0x00, 0x00, 0x00, 0x00, 0x00, 0x00, 0x00, 0x00, 0x00, 0x00,
  0x00, 0x00, 0x00, 0x00, 0x00, 0x00, 0x00, 0x00, 0x00, 0x00, 0x00, 0x00, 0x00, 0x00, 0x00, 0x00,
  0x00, 0x00, 0x00, 0x00, 0x00, 0x00, 0x00, 0x00, 0x00, 0x00, 0x00, 0x00, 0x00, 0x00, 0x00, 0x00,
  0x00, 0x00, 0x00, 0x00, 0x00, 0x00, 0x00, 0x00, 0x00, 0x00, 0x00, 0x00, 0x00, 0x00, 0x00, 0x00,
  0x00, 0x00, 0x00, 0x00, 0x00, 0x00, 0x00, 0x00, 0x00, 0x00, 0x00, 0x00, 0x00, 0x00, 0x00, 0x00,
  0x00, 0x00, 0x00, 0x00, 0x00, 0x00, 0x00, 0x00, 0x00, 0x00, 0x00, 0x00, 0x00, 0x00, 0x00, 0x00,
  0x00, 0x00, 0x00, 0x00, 0x00, 0x00, 0x00, 0x00, 0x00, 0x00, 0x00, 0x00, 0x00, 0x00, 0x00, 0x00,
  0x00, 0x00, 0x00, 0x00, 0x00, 0x00, 0x00, 0x00, 0x00, 0x00, 0x00, 0x00, 0x00, 0x00, 0x00, 0x00,
  0x00, 0x00, 0x00, 0x00, 0x00, 0x00, 0x00, 0x00, 0x00, 0x00, 0x00, 0x00, 0x00, 0x00, 0x00, 0x00,
  0x00, 0x00, 0x00, 0x00, 0x00, 0x00, 0x00, 0x00, 0x00, 0x00, 0x00, 0x00, 0x00, 0x00, 0x00, 0x00,
  0x00, 0x00, 0x00, 0x00, 0x00, 0x00, 0x00, 0xf8, 0x00, 0xf8, 0x00, 0x00, 0x00, 0x00, 0x00, 0x00,
  0x00, 0x00, 0x00, 0x00, 0x00, 0x00, 0x00, 0x00, 0x00, 0x00, 0x00, 0x00, 0x00, 0x00, 0x00, 0x00,
  0x00, 0x00, 0x00, 0x00, 0x00, 0x00, 0x00, 0x00, 0x00, 0x00, 0x00, 0x00, 0x00, 0x00, 0x00, 0x00,
  0x00, 0x00, 0x00, 0x00, 0x00, 0x00, 0x00, 0x78, 0x80, 0x61, 0x00, 0x00, 0x00, 0x00, 0x00, 0x00,
  0x00, 0x00, 0x00, 0x00, 0x00, 0x00, 0x00, 0x00, 0x00, 0x00, 0x00, 0x00, 0x00, 0xf8, 0x00, 0x00,
  0x00, 0x00, 0x00, 0x00, 0x00, 0x00, 0x40, 0x79, 0x00, 0x00, 0x00, 0x00, 0x00, 0x00, 0x00, 0x00,
  0x00, 0x00, 0x00, 0x00, 0x00, 0x00, 0x00, 0x00, 0x80, 0x61, 0x40, 0x79, 0xe0, 0x88, 0x00, 0x78,
  0x00, 0x00, 0x00, 0x00, 0x00, 0x00, 0x00, 0x00, 0x00, 0x00, 0x00, 0x00, 0x00, 0x00, 0x00, 0x00,
  0x00, 0x00, 0x00, 0x00, 0x00, 0x00, 0x00, 0x00, 0x00, 0x00, 0x00, 0x00, 0x00, 0x00, 0x00, 0x00,
  0x00, 0x00, 0x00, 0x00, 0x00, 0x00, 0x00, 0x00, 0x00, 0xf8, 0x00, 0x00, 0xc0, 0x70, 0xc0, 0x70,
  0x00, 0x00, 0x00, 0x78, 0x00, 0x00, 0x00, 0x00, 0x00, 0x78, 0x00, 0x00, 0x00, 0x50, 0x00, 0x78,
  0x00, 0xf8, 0x00, 0x00, 0x00, 0x00, 0x00, 0x78, 0x00, 0x78, 0x00, 0xf8, 0x00, 0xf8, 0x00, 0x00,
  0x00, 0x00, 0x00, 0x00, 0x00, 0x00, 0x00, 0x00, 0x00, 0x00, 0x00, 0x00, 0x00, 0x00, 0x00, 0x00,
  0x00, 0x00, 0x00, 0x00, 0x00, 0x00, 0x00, 0x00, 0x00, 0x00, 0x00, 0x00, 0x00, 0x00, 0x00, 0x00,
  0x00, 0x00, 0x00, 0x00, 0x00, 0x50, 0x00, 0x78, 0x00, 0x00, 0x00, 0x00, 0x00, 0x00, 0x00, 0x00,
  0x00, 0x00, 0x00, 0x00, 0x00, 0x00, 0x00, 0x00, 0x00, 0x00, 0x00, 0x00, 0x00, 0x00, 0x00, 0x00,
  0x00, 0x00, 0x00, 0x00, 0x00, 0x00, 0x00, 0x00, 0x00, 0x00, 0x00, 0x00, 0x00, 0x00, 0x00, 0x69,
  0xc0, 0x58, 0xc0, 0x50, 0x40, 0x51, 0x00, 0x00, 0x00, 0x00, 0x00, 0x00, 0x00, 0x00, 0x00, 0x00,
  0x00, 0x00, 0x00, 0x00, 0x00, 0x00, 0x00, 0x00, 0x00, 0x00, 0x00, 0x00, 0x00, 0x00, 0x00, 0x00,
  0x00, 0x00, 0x00, 0x00, 0x00, 0x00, 0x00, 0x00, 0x00, 0x00, 0x00, 0x00, 0x00, 0x00, 0x00, 0x00,
  0x00, 0x00, 0x00, 0x00, 0x00, 0x00, 0x00, 0x00, 0x00, 0x00, 0x00, 0x00, 0x00, 0x00, 0x00, 0x00,
  0x00, 0x00, 0x00, 0x00, 0x00, 0x00, 0x00, 0x00, 0x00, 0x00, 0x00, 0x00, 0x00, 0x00, 0x00, 0x00,
  0x00, 0x00, 0x00, 0x00, 0x00, 0x00, 0x00, 0x00, 0x00, 0x00, 0x00, 0x00, 0x00, 0x00, 0x00, 0x00,
  0x00, 0x00, 0x00, 0x00, 0x00, 0x00, 0x00, 0x00, 0x00, 0x00, 0x00, 0x00, 0x00, 0x00, 0x00, 0x00,
  0x00, 0x00, 0x00, 0x00, 0x00, 0x00, 0x00, 0x00, 0x00, 0x00, 0x00, 0x00, 0x00, 0x00, 0x00, 0x00,
  0x00, 0x00, 0x00, 0x00, 0x00, 0x00, 0x00, 0x00, 0x00, 0x00, 0x00, 0x00, 0x00, 0x00, 0x00, 0x00,
  0x00, 0x00, 0x00, 0x00, 0x00, 0x00, 0x00, 0x00, 0x00, 0x00, 0x00, 0x00, 0x00, 0x00, 0x00, 0x00,
  0x00, 0x00, 0x00, 0x00, 0x00, 0x00, 0x00, 0x00, 0x00, 0x00, 0x00, 0x00, 0x00, 0x00, 0x00, 0x00,
  0x00, 0x00, 0x00, 0x00, 0x00, 0x00, 0x00, 0x00, 0x00, 0x00, 0x00, 0x00, 0x00, 0x00, 0x00, 0x00,
  0x00, 0x00, 0x00, 0x00, 0x00, 0x00, 0x00, 0x00, 0x00, 0x00, 0x00, 0x00, 0x00, 0x00, 0x00, 0x00,
  0x00, 0x00, 0x00, 0x00, 0x00, 0x00, 0x00, 0x00, 0x00, 0x00, 0x00, 0x00, 0x00, 0x00, 0x00, 0x00,
  0x00, 0x00, 0x00, 0x00, 0x00, 0x00, 0x00, 0x00, 0x00, 0x00, 0x00, 0x00, 0x00, 0x00, 0x00, 0x00,
  0x00, 0x00, 0x00, 0x00, 0x00, 0x00, 0x00, 0x00, 0x00, 0x00, 0x00, 0x00, 0x00, 0x00, 0x00, 0x00,
  0x00, 0x00, 0x00, 0x00, 0x00, 0x00, 0x00, 0x00, 0x00, 0x00, 0x00, 0x00, 0x00, 0x00, 0x00, 0x00,
  0x00, 0x00, 0xe0, 0xff, 0x00, 0x00, 0x00, 0x00, 0x00, 0x00, 0x00, 0x00, 0x00, 0x00, 0x00, 0x00,
  0x00, 0x00, 0x00, 0x00, 0x00, 0x00, 0x00, 0x00, 0x00, 0x00, 0x00, 0x00, 0x00, 0x00, 0x00, 0x00,
  0x20, 0x69, 0x80, 0x70, 0x00, 0x00, 0xe0, 0xff, 0x00, 0x00, 0x00, 0xf8, 0x00, 0x00, 0x40, 0xb1,
  0x40, 0xa9, 0xe0, 0x78, 0x00, 0x00, 0xe0, 0x70, 0xc0, 0x78, 0x00, 0x00, 0x00, 0x00, 0x00, 0x00,
  0x00, 0x00, 0x00, 0x00, 0x00, 0x00, 0x00, 0x00, 0x00, 0x00, 0x00, 0x00, 0x00, 0x00, 0x00, 0x00,
  0x00, 0x00, 0x00, 0xf8, 0x00, 0x00, 0x00, 0x00, 0x00, 0xf8, 0x00, 0x00, 0x00, 0x00, 0x00, 0x00,
  0x00, 0x00, 0x00, 0x00, 0x40, 0x79, 0xa0, 0x70, 0xe0, 0x78, 0x00, 0x00, 0x00, 0x78, 0x00, 0x00,
  0x00, 0x00, 0x40, 0x79, 0x00, 0x50, 0x00, 0x78, 0x00, 0x60, 0xa0, 0x52, 0x00, 0x00, 0x00, 0x00,
  0x00, 0x00, 0x00, 0x00, 0x00, 0x00, 0x00, 0x00, 0x00, 0x00, 0x00, 0x00, 0x00, 0x00, 0x00, 0x00,
  0x00, 0x00, 0x00, 0x00, 0x00, 0x00, 0x00, 0xf8, 0x00, 0x00, 0x00, 0x00, 0x00, 0x00, 0x00, 0x00,
  0x00, 0x00, 0x00, 0x00, 0x00, 0x00, 0x00, 0x00, 0x00, 0x00, 0x00, 0x00, 0x00, 0x00, 0x00, 0x00,
  0xe0, 0x7b, 0x00, 0x00, 0x00, 0x00, 0x00, 0x00, 0x00, 0x00, 0x00, 0x00, 0x00, 0x00, 0x00, 0x00,
  0x00, 0x00, 0x00, 0x00, 0x00, 0x00, 0x00, 0x00, 0x00, 0x00, 0x00, 0x00, 0x00, 0x00, 0x00, 0x00,
  0x00, 0x00, 0x00, 0x00, 0x00, 0x00, 0x00, 0x00, 0xc0, 0x60, 0xc0, 0x58, 0x00, 0x00, 0x00, 0x00,
  0x00, 0x00, 0x00, 0x00, 0x00, 0x00, 0x00, 0x00, 0x00, 0x00, 0x00, 0x00, 0x00, 0x00, 0x00, 0x00,
  0x00, 0x00, 0x00, 0x00, 0x00, 0x00, 0x00, 0x00, 0x00, 0x00, 0x00, 0x00, 0x00, 0x00, 0x00, 0x00,
  0x00, 0x00, 0x00, 0x00, 0x00, 0x00, 0x00, 0x00, 0x00, 0x00, 0x00, 0x00, 0x00, 0x00, 0x00, 0x00,
  0x00, 0x00, 0x00, 0x00, 0x00, 0x00, 0x00, 0x00, 0x00, 0x00, 0x00, 0x00, 0x00, 0x00, 0x00, 0x00,
  0x00, 0x00, 0x00, 0x00, 0x00, 0x00, 0x00, 0x00, 0x00, 0x00, 0x00, 0x00, 0x00, 0x00, 0x00, 0x00,
  0x00, 0x00, 0x00, 0x00, 0x00, 0x00, 0x00, 0x00, 0x00, 0x00, 0x00, 0x00, 0x00, 0x00, 0x00, 0x00,
  0x00, 0x00, 0x00, 0x00, 0x00, 0x00, 0x00, 0x00, 0x00, 0x00, 0x00, 0x00, 0x00, 0x00, 0x00, 0x00,
  0x00, 0x00, 0x00, 0x00, 0x00, 0x00, 0x00, 0x00, 0x00, 0x00, 0x00, 0x00, 0x00, 0x00, 0x00, 0x00,
  0x00, 0x00, 0x00, 0x00, 0x00, 0x00, 0x00, 0x00, 0x00, 0x00, 0x00, 0x00, 0x00, 0x00, 0x00, 0x00,
  0x00, 0x00, 0x00, 0x00, 0x00, 0x00, 0x00, 0x00, 0x00, 0x00, 0x00, 0x00, 0x00, 0x00, 0x00, 0x00,
  0x00, 0x00, 0x00, 0x00, 0x00, 0x00, 0x00, 0x00, 0x00, 0x00, 0x00, 0x00, 0x00, 0x00, 0x00, 0x00,
  0x00, 0x00, 0x00, 0x00, 0x00, 0x00, 0x00, 0x00, 0x00, 0x00, 0x00, 0x00, 0x00, 0x00, 0x00, 0x00,
  0x00, 0x00, 0x00, 0x00, 0x00, 0x00, 0x00, 0x00, 0x00, 0x00, 0x00, 0x00, 0x00, 0x00, 0x00, 0x00,
  0x00, 0x00, 0x00, 0x00, 0x00, 0x00, 0x00, 0x00, 0x00, 0x00, 0x00, 0x00, 0x00, 0x00, 0x00, 0x00,
  0x00, 0x00, 0x00, 0x00, 0x00, 0x00, 0x00, 0x00, 0x00, 0x00, 0x00, 0x00, 0x00, 0xf8, 0x00, 0x00,
  0x00, 0x00, 0x00, 0x00, 0x00, 0x00, 0x00, 0x00, 0x00, 0x00, 0x00, 0x00, 0x00, 0x00, 0x00, 0x00,
  0x00, 0x00, 0x00, 0x00, 0x00, 0x00, 0x00, 0x00, 0x00, 0x00, 0x00, 0x00, 0x00, 0x00, 0x00, 0x00,
  0x00, 0x00, 0x00, 0x00, 0x00, 0x00, 0x00, 0x00, 0x00, 0x00, 0x00, 0x00, 0x00, 0x00, 0x00, 0x00,
  0x00, 0x00, 0x00, 0x00, 0x00, 0x00, 0x00, 0xf8, 0x00, 0xf8, 0xe0, 0x78, 0xe0, 0x88, 0x00, 0x00,
  0x00, 0x00, 0x00, 0x00, 0x00, 0x00, 0x00, 0x00, 0x20, 0x99, 0x60, 0xb1, 0xc0, 0x70, 0x60, 0x71,
  0xe0, 0x70, 0xa0, 0x70, 0x00, 0x00, 0x00, 0x00, 0x00, 0x00, 0x00, 0x00, 0x00, 0xf8, 0x00, 0xf8,
  0x00, 0x00, 0x00, 0x00, 0x00, 0xf8, 0x00, 0x00, 0x00, 0x00, 0x00, 0xf8, 0x00, 0x00, 0x00, 0x00,
  0x00, 0x00, 0x00, 0x00, 0x00, 0x00, 0x00, 0x00, 0x00, 0x00, 0x00, 0x00, 0x00, 0x00, 0x20, 0x71,
  0xa0, 0x70, 0xc0, 0x70, 0x00, 0x00, 0x00, 0xf8, 0x00, 0x00, 0x00, 0x78, 0xe0, 0x79, 0x00, 0xa8,
  0x00, 0x78, 0x00, 0x00, 0x00, 0x60, 0x00, 0x00, 0x00, 0x00, 0x00, 0x00, 0x00, 0x00, 0x00, 0x00,
  0x00, 0x00, 0x00, 0x00, 0x00, 0x00, 0x00, 0x00, 0x00, 0x00, 0x00, 0x00, 0x00, 0x78, 0x00, 0xf8,
  0x00, 0x00, 0x00, 0x00, 0x00, 0x00, 0x00, 0x00, 0x00, 0x00, 0x00, 0x00, 0x00, 0x00, 0x00, 0x00,
  0x00, 0x00, 0x00, 0x00, 0x00, 0x00, 0x00, 0x00, 0x00, 0x00, 0x00, 0x78, 0x00, 0x00, 0x00, 0x00,
  0x00, 0x00, 0x00, 0x00, 0x00, 0x00, 0x00, 0x00, 0x00, 0x00, 0x00, 0x00, 0x00, 0x00, 0x00, 0x00,
  0x00, 0x00, 0x00, 0x00, 0x00, 0x00, 0x00, 0x00, 0x00, 0x00, 0x00, 0x00, 0x00, 0x00, 0x00, 0x00,
  0x00, 0x00, 0x00, 0x00, 0x00, 0x00, 0x00, 0x00, 0x00, 0x00, 0x00, 0x00, 0x00, 0x00, 0x00, 0x00,
  0x00, 0x00, 0x00, 0x00, 0x00, 0x00, 0x00, 0x00, 0x00, 0x00, 0x00, 0x00, 0x00, 0x00, 0x00, 0x00,
  0x00, 0x00, 0x00, 0x00, 0x00, 0x00, 0x00, 0x00, 0x00, 0x00, 0x00, 0x00, 0x00, 0x00, 0x00, 0x00,
  0x00, 0x00, 0x00, 0x00, 0x00, 0x00, 0x00, 0x00, 0x00, 0x00, 0x00, 0x00, 0x00, 0x00, 0x00, 0x00,
  0x00, 0x00, 0x00, 0x00, 0x00, 0x00, 0x00, 0x00, 0x00, 0x00, 0x00, 0x00, 0x00, 0x00, 0x00, 0x00,
  0x00, 0x00, 0x00, 0x00, 0x00, 0x00, 0x00, 0x00, 0x00, 0x00, 0x00, 0x00, 0x00, 0x00, 0x00, 0x00,
  0x00, 0x00, 0x00, 0x00, 0x00, 0x00, 0x00, 0x00, 0x00, 0x00, 0x00, 0x00, 0x00, 0x00, 0x00, 0x00,
  0x00, 0x00, 0x00, 0x00, 0x00, 0x00, 0x00, 0x00, 0x00, 0x00, 0x00, 0x00, 0x00, 0x00, 0x00, 0x00,
  0x00, 0x00, 0x00, 0x00, 0x00, 0x00, 0x00, 0x00, 0x00, 0x00, 0x00, 0x00, 0x00, 0x00, 0x00, 0x00,
  0x00, 0x00, 0x00, 0x00, 0x00, 0x00, 0x00, 0x00, 0x00, 0x00, 0x00, 0x00, 0x00, 0x00, 0x00, 0x00,
  0x00, 0x00, 0x00, 0x00, 0x00, 0x00, 0x00, 0x00, 0x00, 0x00, 0x00, 0x00, 0x00, 0x00, 0x00, 0x00,
  0x00, 0x00, 0x00, 0x00, 0x00, 0x00, 0x00, 0x00, 0x00, 0x00, 0x00, 0x00, 0x00, 0x00, 0x00, 0x00,
  0x00, 0x00, 0x00, 0x00, 0x00, 0x00, 0x00, 0x00, 0x00, 0x00, 0x00, 0x00, 0x00, 0x00, 0x00, 0x00,
  0x00, 0x00, 0x00, 0x00, 0x00, 0xf8, 0x00, 0x00, 0x00, 0x00, 0x00, 0x00, 0x00, 0x00, 0x00, 0x00,
  0x00, 0x00, 0x00, 0x00, 0x00, 0x00, 0x00, 0x00, 0x00, 0x00, 0x00, 0x00, 0x00, 0x00, 0x00, 0x00,
  0x00, 0x00, 0x00, 0x00, 0x00, 0x00, 0x00, 0x00, 0x00, 0x00, 0x00, 0x00, 0x00, 0x00, 0x00, 0x00,
  0x00, 0x00, 0x00, 0x00, 0x00, 0x00, 0x00, 0x00, 0x00, 0x00, 0x00, 0x00, 0x00, 0x00, 0x00, 0x00,
  0x00, 0x00, 0x00, 0x00, 0x00, 0x00, 0x00, 0x00, 0x00, 0x00, 0x00, 0x00, 0x00, 0x00, 0x00, 0x00,
  0x00, 0x00, 0x00, 0x00, 0x00, 0x00, 0x00, 0x00, 0x00, 0x00, 0xe0, 0x7b, 0x00, 0x00, 0x40, 0x79,
  0x40, 0x79, 0x00, 0x00, 0x80, 0x99, 0x20, 0x69, 0x00, 0xa8, 0x00, 0x00, 0x00, 0x00, 0xe0, 0x70,
  0xe0, 0x7b, 0xa0, 0x68, 0x80, 0x68, 0x60, 0x89, 0x40, 0x79, 0xe0, 0x78, 0x00, 0xf8, 0x00, 0x00,
  0x00, 0xf8, 0x00, 0x00, 0x00, 0x00, 0x00, 0x00, 0x00, 0x00, 0x00, 0x00, 0x00, 0xf8, 0x00, 0x00,
  0x00, 0x00, 0x00, 0xf8, 0x00, 0xf8, 0x00, 0xf8, 0x00, 0x00, 0x00, 0x00, 0x00, 0x00, 0x00, 0xf8,
  0x00, 0x00, 0x00, 0x00, 0x00, 0x00, 0x00, 0xf8, 0x00, 0x78, 0x00, 0x00, 0x00, 0x78, 0x00, 0x00,
  0x00, 0x00, 0x00, 0xf8, 0x00, 0xf8, 0x00, 0x78, 0xe0, 0x07, 0xa0, 0x68, 0xc0, 0x78, 0x00, 0x50,
  0x00, 0x00, 0x00, 0x00, 0x00, 0x00, 0x00, 0x00, 0x00, 0x00, 0x00, 0x00, 0x00, 0x00, 0x00, 0x00,
  0x00, 0x00, 0x00, 0x00, 0x00, 0x00, 0x00, 0x00, 0x00, 0x00, 0x00, 0x00, 0x00, 0x00, 0x00, 0x00,
  0x00, 0x00, 0x00, 0x00, 0x00, 0x78, 0x00, 0xf8, 0x00, 0x00, 0x00, 0x00, 0x00, 0x00, 0x00, 0xf8,
  0x00, 0x50, 0x00, 0x00, 0x00, 0x00, 0x00, 0x00, 0x00, 0x00, 0x00, 0x00, 0x00, 0x00, 0x00, 0x00,
  0x00, 0x00, 0x00, 0x00, 0x00, 0x00, 0x00, 0x00, 0x00, 0x00, 0x00, 0x00, 0x00, 0x00, 0x00, 0x00,
  0x00, 0x00, 0x00, 0x00, 0x00, 0x00, 0x00, 0x00, 0x00, 0x00, 0x00, 0x00, 0x00, 0x00, 0x00, 0x78,
  0x00, 0x00, 0x00, 0x00, 0x00, 0x00, 0x00, 0x00, 0x00, 0x00, 0x00, 0x00, 0x00, 0x00, 0x00, 0x00,
  0x00, 0x00, 0x00, 0x00, 0x00, 0x00, 0x00, 0x00, 0x00, 0x00, 0x00, 0x00, 0x00, 0x00, 0x00, 0x00,
  0x00, 0x00, 0x00, 0x00, 0x00, 0x00, 0x00, 0x00, 0x00, 0x00, 0x00, 0x00, 0x00, 0x00, 0x00, 0x00,
  0x00, 0x00, 0x00, 0x00, 0x00, 0x00, 0x00, 0x00, 0x00, 0x00, 0x00, 0x00, 0x00, 0x00, 0x00, 0x00,
  0x00, 0x00, 0x00, 0x00, 0x00, 0x00, 0x00, 0x00, 0x00, 0x00, 0x00, 0x00, 0x00, 0x00, 0x00, 0x00,
  0x00, 0x00, 0x00, 0x00, 0x00, 0x00, 0x00, 0x00, 0x00, 0x00, 0x00, 0x00, 0x00, 0x00, 0x00, 0x00,
  0x00, 0x00, 0x00, 0x00, 0x00, 0x00, 0x00, 0x00, 0x00, 0x00, 0x00, 0x00, 0x00, 0x00, 0x00, 0x00,
  0x00, 0x00, 0x00, 0x00, 0x00, 0x00, 0x00, 0x00, 0x00, 0x00, 0x00, 0x00, 0x00, 0x00, 0x00, 0x00,
  0x00, 0x00, 0x00, 0x00, 0x00, 0x00, 0x00, 0x00, 0x00, 0x00, 0x00, 0x00, 0x00, 0x00, 0x00, 0x00,
  0x00, 0x00, 0x00, 0x00, 0x00, 0x00, 0x00, 0x00, 0x00, 0x00, 0x00, 0x00, 0x00, 0x00, 0x00, 0x00,
  0x00, 0x00, 0x00, 0x00, 0x00, 0x00, 0x00, 0x00, 0x00, 0x00, 0x00, 0x00, 0x00, 0x00, 0x00, 0x00,
  0x00, 0x00, 0x00, 0x00, 0x00, 0x00, 0x00, 0x00, 0x00, 0x00, 0x00, 0x00, 0x00, 0x00, 0x00, 0x00,
  0x00, 0x00, 0x00, 0x00, 0x00, 0x00, 0x00, 0x00, 0x00, 0x00, 0x00, 0x00, 0x00, 0x00, 0x00, 0x00,
  0x00, 0x00, 0x00, 0x00, 0x00, 0x00, 0x00, 0x00, 0x00, 0x00, 0x00, 0x00, 0x00, 0x00, 0x00, 0x00,
  0x00, 0x00, 0x00, 0x00, 0x00, 0x00, 0x00, 0x00, 0x00, 0x00, 0x00, 0x00, 0x00, 0x00, 0x00, 0x00,
  0x00, 0x00, 0x00, 0x00, 0x00, 0x00, 0x00, 0x00, 0x00, 0x00, 0x00, 0x00, 0x00, 0x00, 0x00, 0x00,
  0x00, 0x00, 0xc0, 0x78, 0x20, 0x79, 0xa0, 0x68, 0x00, 0x00, 0x00, 0xf8, 0x00, 0x00, 0x00, 0x00,
  0x00, 0x00, 0x20, 0x89, 0xa0, 0x78, 0x00, 0x00, 0x00, 0x78, 0x00, 0xf8, 0x00, 0x00, 0x00, 0xf8,
  0x00, 0x78, 0x00, 0x00, 0xe0, 0x88, 0x20, 0xa1, 0x60, 0x91, 0x20, 0x89, 0x20, 0x89, 0x00, 0x78,
  0x80, 0x61, 0xe0, 0x98, 0x00, 0xf8, 0x00, 0x00, 0x20, 0x69, 0xa0, 0x88, 0xa0, 0x70, 0xc0, 0x70,
  0x00, 0x89, 0x40, 0x79, 0x40, 0x79, 0x00, 0x00, 0x00, 0xf8, 0x00, 0x00, 0x00, 0x00, 0x00, 0x00,
  0x00, 0x00, 0x00, 0x00, 0x00, 0x00, 0x00, 0x98, 0x00, 0xf8, 0x00, 0x00, 0x00, 0x00, 0x00, 0x00,
  0x00, 0x00, 0x00, 0x00, 0x00, 0x00, 0x00, 0xf8, 0x00, 0xf8, 0x00, 0xf8, 0x00, 0x00, 0x00, 0x00,
  0x00, 0xf8, 0x00, 0x00, 0x00, 0xf8, 0x00, 0x00, 0x00, 0x00, 0x00, 0x00, 0x00, 0x00, 0x00, 0x00,
  0xc0, 0x80, 0xc0, 0x80, 0xe0, 0x90, 0xe0, 0x80, 0x00, 0xf8, 0x00, 0x78, 0x00, 0x00, 0x00, 0x00,
  0x00, 0x00, 0x00, 0x00, 0x00, 0x00, 0x00, 0x00, 0x00, 0x00, 0x00, 0x00, 0x00, 0x00, 0x00, 0x00,
  0x00, 0x00, 0x00, 0x00, 0x00, 0x00, 0x00, 0x00, 0x00, 0x00, 0x00, 0x00, 0x00, 0x00, 0x00, 0x00,
  0x00, 0x00, 0x00, 0x00, 0x00, 0xf8, 0x00, 0x60, 0x00, 0x78, 0x00, 0x78, 0x00, 0x00, 0x00, 0x00,
  0x00, 0x00, 0x00, 0x00, 0x00, 0x00, 0x00, 0x00, 0x00, 0x00, 0x00, 0x00, 0x00, 0x00, 0x00, 0x00,
  0x00, 0x00, 0x00, 0x00, 0x00, 0x00, 0x00, 0x00, 0x00, 0x00, 0x00, 0x00, 0x00, 0x00, 0x00, 0x00,
  0x00, 0x00, 0x00, 0x00, 0x00, 0x00, 0x00, 0x00, 0x00, 0x00, 0x00, 0x00, 0x00, 0x00, 0x00, 0x00,
  0x00, 0x00, 0x00, 0x00, 0x00, 0x00, 0x00, 0x00, 0x00, 0x00, 0x00, 0x00, 0x00, 0x00, 0x00, 0x00,
  0x00, 0x00, 0x00, 0x00, 0x00, 0x00, 0x00, 0x00, 0x00, 0x00, 0x00, 0x00, 0x00, 0x00, 0x00, 0x00,
  0x00, 0x00, 0x00, 0x00, 0x00, 0x00, 0x00, 0x00, 0x00, 0x00, 0x00, 0x00, 0x00, 0x00, 0x00, 0x00,
  0x00, 0x00, 0x00, 0x00, 0x00, 0x00, 0x00, 0x00, 0x00, 0x00, 0x00, 0x00, 0x00, 0x00, 0x00, 0x00,
  0x00, 0x00, 0x00, 0x00, 0x00, 0x00, 0x00, 0x00, 0x00, 0x00, 0x00, 0x00, 0x00, 0x00, 0x00, 0x00,
  0x00, 0x00, 0x00, 0x00, 0x00, 0x00, 0x00, 0x00, 0x00, 0x00, 0x00, 0x00, 0x00, 0x00, 0x00, 0x00,
  0x00, 0x00, 0x00, 0x00, 0x00, 0x00, 0x00, 0x00, 0x00, 0x00, 0x00, 0x00, 0x00, 0x00, 0x00, 0x00,
  0x00, 0x00, 0x00, 0x00, 0x00, 0x00, 0x00, 0x00, 0x00, 0x00, 0x00, 0x00, 0x00, 0x00, 0x00, 0x00,
  0x00, 0x00, 0x00, 0x00, 0x00, 0x00, 0x00, 0x00, 0x00, 0x00, 0x00, 0x00, 0x00, 0x00, 0x00, 0x00,
  0x00, 0x00, 0x00, 0x00, 0x00, 0x00, 0x00, 0x00, 0x00, 0x00, 0x00, 0x00, 0x00, 0x00, 0x00, 0x00,
  0x00, 0x00, 0x00, 0x00, 0x00, 0x00, 0x00, 0x00, 0x00, 0x00, 0x00, 0x00, 0x00, 0x00, 0x00, 0x00,
  0x00, 0x00, 0x00, 0x00, 0x00, 0x00, 0x00, 0x00, 0x00, 0x00, 0x00, 0x00, 0x00, 0x00, 0x00, 0x00,
  0x00, 0x00, 0x00, 0x00, 0x00, 0x00, 0x00, 0x00, 0x00, 0x00, 0x00, 0x00, 0x00, 0x00, 0x00, 0x00,
  0x00, 0x00, 0x00, 0x00, 0x00, 0x00, 0x00, 0x00, 0x00, 0x00, 0x00, 0x00, 0x00, 0x00, 0x00, 0x00,
  0x00, 0x00, 0x00, 0x00, 0x00, 0x00, 0x00, 0x00, 0x00, 0x00, 0x00, 0x00, 0x00, 0x00, 0x00, 0x00,
  0x00, 0x00, 0x00, 0x00, 0x00, 0x00, 0x00, 0x00, 0x00, 0x00, 0xe0, 0x88, 0xc0, 0x70, 0xe0, 0x78,
  0xe0, 0x78, 0x00, 0xf8, 0x00, 0x00, 0x00, 0x00, 0x00, 0x00, 0x00, 0x00, 0x40, 0xa9, 0xc0, 0x78,
  0x00, 0x00, 0x00, 0xf8, 0x00, 0x00, 0x00, 0x00, 0x00, 0x78, 0xa0, 0x52, 0x20, 0x79, 0xe0, 0x80,
  0x80, 0x68, 0x20, 0x89, 0xe0, 0x90, 0x40, 0x79, 0x00, 0x78, 0x00, 0x00, 0x00, 0x00, 0x20, 0x79,
  0xc0, 0x78, 0x00, 0xf8, 0x00, 0x60, 0x00, 0xf8, 0xe0, 0xfb, 0xe0, 0x88, 0x00, 0x00, 0x00, 0x00,
  0x00, 0x00, 0x00, 0x00, 0x00, 0x00, 0xe0, 0x7b, 0x00, 0x00, 0x00, 0x00, 0x00, 0x00, 0x00, 0x00,
  0xe0, 0x70, 0xc0, 0x70, 0x00, 0x60, 0x00, 0x78, 0xc0, 0x78, 0x20, 0x69, 0x00, 0x00, 0x00, 0x00,
  0x00, 0x00, 0xa0, 0xaa, 0x00, 0x78, 0x00, 0x00, 0x00, 0x00, 0x00, 0x00, 0x00, 0x00, 0x00, 0x78,
  0x00, 0xa8, 0xe0, 0x79, 0x00, 0x78, 0x40, 0x79, 0xe0, 0x79, 0xc0, 0x80, 0xc0, 0x80, 0xe0, 0x98,
  0xc0, 0x90, 0x00, 0x00, 0x00, 0xf8, 0x00, 0x00, 0x00, 0x00, 0x00, 0x00, 0x00, 0x00, 0x00, 0x00,
  0x00, 0x00, 0x00, 0x00, 0x00, 0x00, 0x00, 0x00, 0x00, 0x00, 0x00, 0x00, 0x00, 0x00, 0x00, 0x00,
  0x00, 0xf8, 0x00, 0x00, 0x00, 0x00, 0x00, 0x00, 0x00, 0x00, 0x00, 0x00, 0x00, 0x00, 0x00, 0x00,
  0x00, 0x78, 0xe0, 0x70, 0x00, 0x38, 0x00, 0xf8, 0x00, 0x00, 0x00, 0x00, 0x00, 0x00, 0x00, 0x00,
  0x00, 0x00, 0x00, 0x00, 0x00, 0x00, 0x00, 0x00, 0x00, 0x00, 0x00, 0x00, 0x00, 0x00, 0x00, 0x00,
  0x00, 0x00, 0x00, 0x00, 0x00, 0x00, 0x00, 0x00, 0x00, 0x00, 0x00, 0x00, 0x00, 0x00, 0x00, 0x00,
  0x00, 0x00, 0x00, 0x00, 0x00, 0x00, 0x00, 0x00, 0x00, 0x00, 0x00, 0x00, 0x00, 0x00, 0x00, 0x00,
  0x00, 0x00, 0x00, 0x00, 0x00, 0x00, 0x00, 0x00, 0x00, 0x00, 0x00, 0x00, 0x00, 0x00, 0x00, 0x00,
  0x00, 0x00, 0x00, 0x00, 0x00, 0x00, 0x00, 0x00, 0x00, 0x00, 0x00, 0x00, 0x00, 0x00, 0x00, 0x00,
  0x00, 0x00, 0x00, 0x00, 0x00, 0x00, 0x00, 0x00, 0x00, 0x00, 0x00, 0x00, 0x00, 0x00, 0x00, 0x00,
  0x00, 0x00, 0x00, 0x00, 0x00, 0x00, 0x00, 0x00, 0x00, 0x00, 0x00, 0x00, 0x00, 0x00, 0x00, 0x00,
  0x00, 0x00, 0x00, 0x00, 0x00, 0x00, 0x00, 0x00, 0x00, 0x00, 0x00, 0x00, 0x00, 0x00, 0x00, 0x00,
  0x00, 0x00, 0x00, 0x00, 0x00, 0x00, 0x00, 0x00, 0x00, 0x00, 0x00, 0x00, 0x00, 0x00, 0x00, 0x00,
  0x00, 0x00, 0x00, 0x00, 0x00, 0x00, 0x00, 0x00, 0x00, 0x00, 0x00, 0x00, 0x00, 0x00, 0x00, 0x00,
  0x00, 0x00, 0x00, 0x00, 0x00, 0x00, 0x00, 0x00, 0x00, 0x00, 0x00, 0x00, 0x00, 0x00, 0x00, 0x00,
  0x00, 0x00, 0x00, 0x00, 0x00, 0x00, 0x00, 0x00, 0x00, 0x00, 0x00, 0x00, 0x00, 0x00, 0x00, 0x00,
  0x00, 0x00, 0x00, 0x00, 0x00, 0x00, 0x00, 0x00, 0x00, 0x00, 0x00, 0x00, 0x00, 0x00, 0x00, 0x00,
  0x00, 0x00, 0x00, 0x00, 0x00, 0x00, 0x00, 0x00, 0x00, 0x00, 0x00, 0x00, 0x00, 0x00, 0x00, 0x00,
  0x00, 0x00, 0x00, 0x00, 0x00, 0x00, 0x00, 0x00, 0x00, 0x00, 0x00, 0x00, 0x00, 0x00, 0x00, 0x00,
  0x00, 0x00, 0x00, 0x00, 0x00, 0x00, 0x00, 0x00, 0x00, 0x00, 0x00, 0x00, 0x00, 0x00, 0x00, 0x00,
  0x00, 0x00, 0x00, 0x00, 0x00, 0x00, 0x00, 0x00, 0x00, 0x00, 0x00, 0x00, 0x00, 0x00, 0x00, 0x00,
  0x00, 0x00, 0x00, 0x00, 0x00, 0x00, 0x00, 0x00, 0x00, 0x00, 0x00, 0x00, 0x00, 0x00, 0x00, 0x00,
  0x00, 0x00, 0x00, 0x00, 0x00, 0x78, 0xe0, 0x70, 0x20, 0x69, 0x00, 0x00, 0x00, 0x00, 0x00, 0x00,
  0x00, 0x00, 0x00, 0x00, 0x00, 0x00, 0x00, 0x00, 0x00, 0x00, 0x00, 0x78, 0x80, 0x99, 0x00, 0x00,
  0x00, 0x00, 0x00, 0xf8, 0x00, 0xf8, 0xe0, 0x79, 0x00, 0x91, 0xa0, 0xb1, 0x20, 0x99, 0xe0, 0x88,
  0x20, 0x91, 0x00, 0x78, 0x00, 0x00, 0x00, 0x00, 0x80, 0x99, 0xe0, 0x78, 0x20, 0x79, 0x00, 0x00,
  0x00, 0x00, 0x00, 0x00, 0x00, 0x00, 0x00, 0x00, 0x00, 0x00, 0x00, 0x00, 0x00, 0x00, 0x00, 0x00,
  0x00, 0xf8, 0x00, 0x00, 0x00, 0x00, 0x00, 0x78, 0x00, 0x00, 0x00, 0x78, 0x60, 0x78, 0x40, 0x79,
  0x80, 0x70, 0xc0, 0x78, 0x80, 0x88, 0x00, 0x00, 0x00, 0xa8, 0x00, 0x78, 0x00, 0x00, 0x00, 0x78,
  0x00, 0x78, 0x00, 0x00, 0x00, 0x00, 0x00, 0xf8, 0x00, 0xf8, 0x00, 0xf8, 0x00, 0xf8, 0x00, 0xf8,
  0x00, 0x00, 0x00, 0xf8, 0x00, 0x00, 0x00, 0x00, 0x80, 0x78, 0xe0, 0x90, 0x00, 0x00, 0x00, 0x00,
  0x00, 0x00, 0x00, 0x00, 0x00, 0x00, 0x00, 0x00, 0x00, 0x00, 0x00, 0x00, 0x00, 0x00, 0x00, 0x00,
  0x00, 0x00, 0x00, 0x00, 0x00, 0x00, 0x00, 0x00, 0x00, 0x00, 0x00, 0x00, 0x00, 0x00, 0x00, 0x00,
  0x00, 0x00, 0x00, 0x00, 0x00, 0x00, 0x00, 0x00, 0x00, 0x00, 0x00, 0x00, 0x00, 0x50, 0x00, 0xa8,
  0x00, 0x50, 0x00, 0x00, 0x00, 0x00, 0x00, 0x00, 0x00, 0x00, 0x00, 0x00, 0x00, 0x00, 0x00, 0x00,
  0x00, 0x00, 0x00, 0x00, 0x00, 0x00, 0x00, 0x00, 0x00, 0x00, 0x00, 0x00, 0x00, 0x00, 0x00, 0x00,
  0x00, 0x00, 0x00, 0x00, 0x00, 0x00, 0x00, 0x00, 0x00, 0x00, 0x00, 0x00, 0x00, 0x00, 0x00, 0x00,
  0x00, 0x00, 0x00, 0x00, 0x00, 0x00, 0x00, 0x00, 0x00, 0x00, 0x00, 0x00, 0x00, 0x00, 0x00, 0x00,
  0x00, 0x00, 0x00, 0x00, 0x00, 0x00, 0x00, 0x00, 0x00, 0x00, 0x00, 0x00, 0x00, 0x00, 0x00, 0x00,
  0x00, 0x00, 0x00, 0x00, 0x00, 0x00, 0x00, 0x00, 0x00, 0x00, 0x00, 0x00, 0x00, 0x00, 0x00, 0x00,
  0x00, 0x00, 0x00, 0x00, 0x00, 0x00, 0x00, 0x00, 0x00, 0x00, 0x00, 0x00, 0x00, 0x00, 0x00, 0x00,
  0x00, 0x00, 0x00, 0x00, 0x00, 0x00, 0x00, 0x00, 0x00, 0x00, 0x00, 0x00, 0x00, 0x00, 0x00, 0x00,
  0x00, 0x00, 0x00, 0x00, 0x00, 0x00, 0x00, 0x00, 0x00, 0x00, 0x00, 0x00, 0x00, 0x00, 0x00, 0x00,
  0x00, 0x00, 0x00, 0x00, 0x00, 0x00, 0x00, 0x00, 0x00, 0x00, 0x00, 0x00, 0x00, 0x00, 0x00, 0x00,
  0x00, 0x00, 0x00, 0x00, 0x00, 0x00, 0x00, 0x00, 0x00, 0x00, 0x00, 0x00, 0x00, 0x00, 0x00, 0x00,
  0x00, 0x00, 0x00, 0x00, 0x00, 0x00, 0x00, 0x00, 0x00, 0x00, 0x00, 0x00, 0x00, 0x00, 0x00, 0x00,
  0x00, 0x00, 0x00, 0x00, 0x00, 0x00, 0x00, 0x00, 0x00, 0x00, 0x00, 0x00, 0x00, 0x00, 0x00, 0x00,
  0x00, 0x00, 0x00, 0x00, 0x00, 0x00, 0x00, 0x00, 0x00, 0x00, 0x00, 0x00, 0x00, 0x00, 0x00, 0x00,
  0x00, 0x00, 0x00, 0x00, 0x00, 0x00, 0x00, 0x00, 0x00, 0x00, 0x00, 0x00, 0x00, 0x00, 0x00, 0x00,
  0x00, 0x00, 0x00, 0x00, 0x00, 0x00, 0x00, 0x00, 0x00, 0x00, 0x00, 0x00, 0x00, 0x00, 0x00, 0x00,
  0x00, 0x00, 0x00, 0x00, 0x00, 0x00, 0x00, 0x00, 0x00, 0x00, 0x00, 0x00, 0x00, 0x00, 0x00, 0x00,
  0x00, 0x00, 0x00, 0x00, 0x00, 0x00, 0x00, 0x00, 0x00, 0x00, 0x00, 0x00, 0x00, 0x00, 0x00, 0x00,
  0x00, 0x00, 0x00, 0x00, 0x00, 0x00, 0x00, 0x00, 0x00, 0x00, 0x00, 0x00, 0x00, 0x00, 0x00, 0x00,
  0x00, 0x00, 0x00, 0x00, 0x00, 0x00, 0x00, 0x00, 0x00, 0x00, 0x00, 0x00, 0x00, 0x00, 0x00, 0x00,
  0x00, 0x00, 0x00, 0x00, 0x00, 0x00, 0xe0, 0x80, 0x40, 0x79, 0x00, 0x00, 0x00, 0xf8, 0x00, 0xf8,
  0x00, 0x00, 0x40, 0xa1, 0xa0, 0xb9, 0x00, 0x91, 0xe0, 0x88, 0xe0, 0x90, 0x00, 0x50, 0x00, 0x50,
  0x00, 0x00, 0x00, 0x00, 0x00, 0x89, 0xe0, 0x88, 0x00, 0x00, 0x00, 0x78, 0x00, 0xf8, 0x80, 0x99,
  0x00, 0x78, 0x00, 0x00, 0x00, 0x00, 0x00, 0xf8, 0x00, 0x00, 0x00, 0x00, 0x00, 0x00, 0x00, 0x78,
  0x00, 0xf8, 0x00, 0x00, 0xe0, 0xb9, 0x00, 0x00, 0x00, 0x78, 0xc0, 0x78, 0x20, 0x79, 0x20, 0x89,
  0x00, 0x78, 0x00, 0xa8, 0x00, 0xf8, 0x00, 0x00, 0x00, 0x78, 0x00, 0x78, 0x00, 0xf8, 0x00, 0x00,
  0x00, 0xf8, 0x00, 0x00, 0x00, 0x00, 0x00, 0x00, 0x00, 0x00, 0x00, 0x00, 0x00, 0x00, 0x00, 0xf8,
  0x00, 0x00, 0x00, 0xf8, 0x00, 0x00, 0x00, 0xf8, 0x00, 0x00, 0x00, 0x00, 0x00, 0x00, 0x00, 0x00,
  0x00, 0x00, 0x00, 0x00, 0x00, 0x00, 0x00, 0x00, 0x00, 0x00, 0x00, 0x00, 0x00, 0x00, 0x00, 0x00,
  0x00, 0x00, 0x00, 0x00, 0x00, 0x00, 0x00, 0x00, 0x00, 0xf8, 0x00, 0x00, 0xa0, 0x68, 0xa0, 0x68,
  0x80, 0x99, 0x00, 0x00, 0x00, 0x00, 0xa0, 0x68, 0xe0, 0x68, 0xe0, 0x7b, 0x00, 0x00, 0x00, 0x00,
  0x00, 0x00, 0x00, 0x00, 0x00, 0x00, 0x00, 0x00, 0x00, 0x00, 0x00, 0x00, 0x00, 0x00, 0x00, 0x00,
  0x00, 0x00, 0x00, 0x00, 0x00, 0x00, 0x00, 0x00, 0x00, 0x00, 0x00, 0x00, 0x00, 0x00, 0x00, 0x00,
  0x00, 0x00, 0x00, 0x00, 0x00, 0x00, 0x00, 0x00, 0x00, 0x00, 0x00, 0x00, 0x00, 0x00, 0x00, 0x00,
  0x00, 0x00, 0x00, 0x00, 0x00, 0x00, 0x00, 0x00, 0x00, 0x00, 0x00, 0x00, 0x00, 0x00, 0x00, 0x00,
  0x00, 0x00, 0x00, 0x00, 0x00, 0x00, 0x00, 0x00, 0x00, 0x00, 0x00, 0x00, 0x00, 0x00, 0x00, 0x00,
  0x00, 0x00, 0x00, 0x00, 0x00, 0x00, 0x00, 0x00, 0x00, 0x00, 0x00, 0x00, 0x00, 0x00, 0x00, 0x00,
  0x00, 0x00, 0x00, 0x00, 0x00, 0x00, 0x00, 0x00, 0x00, 0x00, 0x00, 0x00, 0x00, 0x00, 0x00, 0x00,
  0x00, 0x00, 0x00, 0x00, 0x00, 0x00, 0x00, 0x00, 0x00, 0x00, 0x00, 0x00, 0x00, 0x00, 0x00, 0x00,
  0x00, 0x00, 0x00, 0x00, 0x00, 0x00, 0x00, 0x00, 0x00, 0x00, 0x00, 0x00, 0x00, 0x00, 0x00, 0x00,
  0x00, 0x00, 0x00, 0x00, 0x00, 0x00, 0x00, 0x00, 0x00, 0x00, 0x00, 0x00, 0x00, 0x00, 0x00, 0x00,
  0x00, 0x00, 0x00, 0x00, 0x00, 0x00, 0x00, 0x00, 0x00, 0x00, 0x00, 0x00, 0x00, 0x00, 0x00, 0x00,
  0x00, 0x00, 0x00, 0x00, 0x00, 0x00, 0x00, 0x00, 0x00, 0x00, 0x00, 0x00, 0x00, 0x00, 0x00, 0x00,
  0x00, 0x00, 0x00, 0x00, 0x00, 0x00, 0x00, 0x00, 0x00, 0x00, 0x00, 0x00, 0x00, 0x00, 0x00, 0x00,
  0x00, 0x00, 0x00, 0x00, 0x00, 0x00, 0x00, 0x00, 0x00, 0x00, 0x00, 0x00, 0x00, 0x00, 0x00, 0x00,
  0x00, 0x00, 0x00, 0x00, 0x00, 0x00, 0x00, 0x00, 0x00, 0x00, 0x00, 0x00, 0x00, 0x00, 0x00, 0x00,
  0x00, 0x00, 0x00, 0x00, 0x00, 0x00, 0x00, 0x00, 0x00, 0x00, 0x00, 0x00, 0x00, 0x00, 0x00, 0x00,
  0x00, 0x00, 0x00, 0x00, 0x00, 0x00, 0x00, 0x00, 0x00, 0x00, 0x00, 0x00, 0x00, 0x00, 0x00, 0x00,
  0x00, 0x00, 0x00, 0x00, 0x00, 0x00, 0x00, 0x00, 0x00, 0x00, 0x00, 0x00, 0x00, 0x00, 0x00, 0x00,
  0x00, 0x00, 0x00, 0x00, 0x00, 0x78, 0x00, 0x00, 0x00, 0x00, 0x00, 0x00, 0x00, 0x00, 0x00, 0x00,
  0x00, 0x00, 0x00, 0x00, 0x00, 0x00, 0x00, 0x00, 0x00, 0x00, 0x00, 0xf8, 0x00, 0xf8, 0x00, 0x78,
  0x80, 0x89, 0x40, 0x91, 0xe0, 0x79, 0x00, 0x00, 0x00, 0x00, 0xe0, 0x79, 0x20, 0x99, 0x40, 0xb1,
  0x40, 0xa1, 0x00, 0x91, 0x21, 0x91, 0x00, 0xa8, 0xe0, 0xfb, 0x00, 0x00, 0x80, 0x99, 0xe0, 0x80,
  0x00, 0x78, 0x00, 0xf8, 0x00, 0xa8, 0x40, 0x79, 0x00, 0x00, 0x00, 0x00, 0x00, 0x00, 0x00, 0x78,
  0x00, 0x00, 0x00, 0x78, 0xe0, 0x79, 0x00, 0x78, 0xe0, 0xb9, 0xe0, 0x78, 0xe0, 0x70, 0x80, 0x99,
  0xe0, 0x78, 0x20, 0x91, 0x80, 0x79, 0x00, 0x90, 0xa0, 0x68, 0x00, 0x98, 0x00, 0x00, 0x00, 0x00,
  0x00, 0xf8, 0xe0, 0x79, 0x00, 0x00, 0x00, 0x00, 0x00, 0x00, 0xe0, 0xb9, 0x00, 0xf8, 0x00, 0x00,
  0x00, 0xf8, 0x00, 0x00, 0x00, 0x00, 0x00, 0x00, 0x00, 0x00, 0x00, 0x81, 0x00, 0x89, 0x20, 0x91,
  0x00, 0x00, 0x00, 0x00, 0x00, 0x00, 0x00, 0x00, 0x00, 0x00, 0x00, 0x00, 0xc0, 0x80, 0x80, 0x99,
  0x40, 0x79, 0x00, 0xf8, 0x00, 0x00, 0x00, 0x00, 0x00, 0x00, 0x00, 0x00, 0x00, 0x00, 0x00, 0x00,
  0x00, 0x00, 0x00, 0x00, 0x00, 0x78, 0xc0, 0x70, 0xa0, 0x70, 0x00, 0x00, 0x00, 0x00, 0x00, 0x78,
  0xa0, 0x68, 0xc0, 0x68, 0x00, 0x00, 0x00, 0x00, 0x00, 0x00, 0x00, 0x00, 0x00, 0x00, 0x00, 0x00,
  0x00, 0x00, 0x00, 0x00, 0x00, 0x00, 0x00, 0x00, 0x00, 0x00, 0x00, 0x00, 0x00, 0x00, 0x00, 0x00,
  0x00, 0x00, 0x00, 0x00, 0x00, 0x00, 0x00, 0x00, 0x00, 0x00, 0x00, 0x00, 0x00, 0x00, 0x00, 0x00,
  0x00, 0x00, 0x00, 0x00, 0x00, 0x00, 0x00, 0x00, 0x00, 0x00, 0x00, 0x00, 0x00, 0x00, 0x00, 0x00,
  0x00, 0x00, 0x00, 0x00, 0x00, 0x00, 0x00, 0x00, 0x00, 0x00, 0x00, 0x00, 0x00, 0x00, 0x00, 0x00,
  0x00, 0x00, 0x00, 0x00, 0x00, 0x00, 0x00, 0x00, 0x00, 0x00, 0x00, 0x00, 0x00, 0x00, 0x00, 0x00,
  0x00, 0x00, 0x00, 0x00, 0x00, 0x00, 0x00, 0x00, 0x00, 0x00, 0x00, 0x00, 0x00, 0x00, 0x00, 0x00,
  0x00, 0x00, 0x00, 0x00, 0x00, 0x00, 0x00, 0x00, 0x00, 0x00, 0x00, 0x00, 0x00, 0x00, 0x00, 0x00,
  0x00, 0x00, 0x00, 0x00, 0x00, 0x00, 0x00, 0x00, 0x00, 0x00, 0x00, 0x00, 0x00, 0x00, 0x00, 0x00,
  0x00, 0x00, 0x00, 0x00, 0x00, 0x00, 0x00, 0x00, 0x00, 0x00, 0x00, 0x00, 0x00, 0x00, 0x00, 0x00,
  0x00, 0x00, 0x00, 0x00, 0x00, 0x00, 0x00, 0x00, 0x00, 0x00, 0x00, 0x00, 0x00, 0x00, 0x00, 0x00,
  0x00, 0x00, 0x00, 0x00, 0x00, 0x00, 0x00, 0x00, 0x00, 0x00, 0x00, 0x00, 0x00, 0x00, 0x00, 0x00,
  0x00, 0x00, 0x00, 0x00, 0x00, 0x00, 0x00, 0x00, 0x00, 0x00, 0x00, 0x00, 0x00, 0x00, 0x00, 0x00,
  0x00, 0x00, 0x00, 0x00, 0x00, 0x00, 0x00, 0x00, 0x00, 0x00, 0x00, 0x00, 0x00, 0x00, 0x00, 0x00,
  0x00, 0x00, 0x00, 0x00, 0x00, 0x00, 0x00, 0x00, 0x00, 0x00, 0x00, 0x00, 0x00, 0x00, 0x00, 0x00,
  0x00, 0x00, 0x00, 0x00, 0x00, 0x00, 0x00, 0x00, 0x00, 0x00, 0x00, 0x00, 0x00, 0x00, 0x00, 0x00,
  0x00, 0x00, 0x00, 0x00, 0x00, 0x00, 0x00, 0x00, 0x00, 0x00, 0x00, 0xf8, 0x00, 0x00, 0x00, 0x00,
  0x00, 0x00, 0x00, 0x00, 0x00, 0xa8, 0x00, 0x00, 0x00, 0x00, 0x00, 0x00, 0x00, 0x00, 0x00, 0x00,
  0x00, 0x00, 0x00, 0x00, 0x00, 0x00, 0x00, 0x00, 0x00, 0x00, 0x00, 0x00, 0x00, 0xf8, 0xe0, 0x79,
  0x00, 0x00, 0x00, 0x00, 0x00, 0x00, 0x00, 0x00, 0x00, 0x00, 0x00, 0x00, 0x00, 0x00, 0x00, 0x00,
  0x00, 0x00, 0x00, 0x00, 0x00, 0x78, 0x00, 0xf8, 0x00, 0x78, 0xe0, 0x7b, 0x80, 0x79, 0x00, 0x78,
  0x00, 0x00, 0x00, 0x00, 0x20, 0x91, 0x20, 0x99, 0x20, 0x91, 0x40, 0xa1, 0x20, 0x99, 0xe0, 0x80,
  0x80, 0x99, 0x00, 0x00, 0x00, 0x78, 0x00, 0x50, 0x00, 0x00, 0x00, 0xa8, 0xe0, 0x79, 0x00, 0x00,
  0xe0, 0x78, 0xe0, 0x80, 0xa0, 0xaa, 0x00, 0x00, 0x00, 0xb8, 0x00, 0xf8, 0x00, 0x00, 0x00, 0x50,
  0x00, 0x78, 0xc0, 0x78, 0xc0, 0x78, 0xe0, 0x78, 0x40, 0x79, 0xc0, 0x78, 0xc0, 0x78, 0xe0, 0x78,
  0x00, 0xa8, 0x00, 0x00, 0x80, 0x88, 0xe0, 0x78, 0xe0, 0x88, 0x00, 0x89, 0x00, 0x78, 0x20, 0x89,
  0x80, 0x79, 0xe0, 0x79, 0xe0, 0x70, 0x00, 0xf8, 0x00, 0x00, 0x00, 0x00, 0x00, 0x00, 0x00, 0x00,
  0x00, 0x00, 0xa0, 0x88, 0xe0, 0x80, 0x60, 0x71, 0x00, 0x00, 0x00, 0x78, 0x00, 0x00, 0x00, 0x00,
  0x00, 0x00, 0xe0, 0x79, 0x00, 0xf8, 0xe0, 0x88, 0xe0, 0x88, 0xe0, 0x80, 0x00, 0xf8, 0x00, 0x00,
  0x00, 0x00, 0x00, 0x00, 0x00, 0x00, 0x00, 0x00, 0x00, 0x00, 0x00, 0xf8, 0x00, 0x00, 0x00, 0xf8,
  0x00, 0x00, 0x00, 0x00, 0xe0, 0x7b, 0x00, 0x78, 0x40, 0x79, 0x20, 0x69, 0x00, 0xf8, 0x00, 0x00,
  0x00, 0x00, 0x00, 0x00, 0x00, 0x00, 0x00, 0x00, 0x00, 0x00, 0x00, 0x00, 0x00, 0x00, 0x00, 0x00,
  0x00, 0x00, 0x00, 0x00, 0x00, 0x00, 0x00, 0x00, 0x00, 0x00, 0x00, 0x00, 0x00, 0x00, 0x00, 0x00,
  0x00, 0x00, 0x00, 0x00, 0x00, 0x00, 0x00, 0x00, 0x00, 0x00, 0x00, 0x00, 0x00, 0x00, 0x00, 0x00,
  0x00, 0x00, 0x00, 0x00, 0x00, 0x00, 0x00, 0x00, 0x00, 0x00, 0x00, 0x00, 0x00, 0x00, 0x00, 0x00,
  0x00, 0x00, 0x00, 0x00, 0x00, 0x00, 0x00, 0x00, 0x00, 0x00, 0x00, 0x00, 0x00, 0x00, 0x00, 0x00,
  0x00, 0x00, 0x00, 0x00, 0x00, 0x00, 0x00, 0x00, 0x00, 0x00, 0x00, 0x00, 0x00, 0x00, 0x00, 0x00,
  0x00, 0x00, 0x00, 0x00, 0x00, 0x00, 0x00, 0x00, 0x00, 0x00, 0x00, 0x00, 0x00, 0x00, 0x00, 0x00,
  0x00, 0x00, 0x00, 0x00, 0x00, 0x00, 0x00, 0x00, 0x00, 0x00, 0x00, 0x00, 0x00, 0x00, 0x00, 0x00,
  0x00, 0x00, 0x00, 0x00, 0x00, 0x00, 0x00, 0x00, 0x00, 0x00, 0x00, 0x00, 0x00, 0x00, 0x00, 0x00,
  0x00, 0x00, 0x00, 0x00, 0x00, 0x00, 0x00, 0x00, 0x00, 0x00, 0x00, 0x00, 0x00, 0x00, 0x00, 0x00,
  0x00, 0x00, 0x00, 0x00, 0x00, 0x00, 0x00, 0x00, 0x00, 0x00, 0x00, 0x00, 0x00, 0x00, 0x00, 0x00,
  0x00, 0x00, 0x00, 0x00, 0x00, 0x00, 0x00, 0x00, 0x00, 0x00, 0x00, 0x00, 0x00, 0x00, 0x00, 0x00,
  0x00, 0x00, 0x00, 0x00, 0x00, 0x00, 0x00, 0x00, 0x00, 0x00, 0x00, 0x00, 0x00, 0x00, 0x00, 0x00,
  0x00, 0x00, 0x00, 0x00, 0x00, 0x00, 0x00, 0x00, 0x00, 0x00, 0x00, 0x00, 0x00, 0x00, 0x00, 0x00,
  0x00, 0x00, 0x00, 0x00, 0x00, 0x00, 0x00, 0x00, 0x00, 0x00, 0x00, 0x00, 0x00, 0x00, 0x00, 0x00,
  0x00, 0x00, 0x00, 0x00, 0x00, 0x00, 0x00, 0x00, 0x00, 0x00, 0x00, 0x00, 0x00, 0x00, 0x00, 0x00,
  0x00, 0x00, 0x00, 0x00, 0x00, 0x00, 0x00, 0x00, 0x00, 0x00, 0x00, 0x00, 0x00, 0x00, 0x00, 0x00,
  0x00, 0x00, 0x00, 0x00, 0x00, 0x00, 0x00, 0x00, 0x00, 0x00, 0x00, 0x00, 0x00, 0x00, 0x00, 0xf8,
  0x00, 0x00, 0x00, 0xf8, 0x00, 0x78, 0x00, 0x78, 0x00, 0x00, 0x00, 0x00, 0x00, 0x00, 0x00, 0x00,
  0x00, 0xf8, 0x00, 0x00, 0x00, 0x00, 0x00, 0x00, 0x00, 0x00, 0x00, 0x00, 0x00, 0x00, 0x00, 0x78,
  0x00, 0x00, 0x00, 0x00, 0x00, 0x00, 0x00, 0x00, 0x00, 0x00, 0x00, 0xf8, 0x00, 0x00, 0x00, 0xa8,
  0x00, 0x89, 0x20, 0x89, 0xe0, 0x88, 0xc0, 0x88, 0x00, 0x89, 0xe0, 0x88, 0x00, 0xf8, 0x00, 0xa8,
  0xe0, 0xff, 0x80, 0x99, 0xe0, 0x98, 0x40, 0x79, 0x00, 0x78, 0x40, 0x81, 0xc0, 0x80, 0xc0, 0x88,
  0x00, 0x90, 0x00, 0xb8, 0xe0, 0xb9, 0x80, 0x99, 0xe0, 0xfb, 0x00, 0x78, 0x00, 0x00, 0xe0, 0x88,
  0xe0, 0x80, 0xe0, 0x88, 0xc0, 0x98, 0x80, 0x88, 0xa0, 0x88, 0x20, 0x91, 0x60, 0x89, 0x80, 0x90,
  0xe0, 0x80, 0xe0, 0x78, 0xa0, 0x80, 0x80, 0x88, 0x20, 0x91, 0xc0, 0x80, 0x00, 0x78, 0xe0, 0x98,
  0xe0, 0x88, 0x00, 0x78, 0x00, 0x00, 0x00, 0xf8, 0x20, 0x91, 0x00, 0xf8, 0xe0, 0x88, 0xe0, 0x88,
  0x00, 0x00, 0x00, 0x78, 0x00, 0x78, 0x40, 0x79, 0x00, 0x00, 0x40, 0x79, 0x20, 0x91, 0x80, 0x99,
  0x20, 0x69, 0x20, 0x91, 0x00, 0xa8, 0x00, 0xf8, 0x00, 0xf8, 0xe0, 0x7b, 0x00, 0x00, 0x00, 0x00,
  0x00, 0x00, 0x00, 0x00, 0x00, 0xf8, 0x00, 0x00, 0x00, 0x78, 0x00, 0x50, 0x00, 0xf8, 0x00, 0xf8,
  0x40, 0x79, 0x00, 0x60, 0x00, 0x78, 0x00, 0x50, 0x00, 0x78, 0x00, 0x78, 0x00, 0x00, 0x00, 0xf8,
  0x00, 0x00, 0x00, 0x00, 0x00, 0x00, 0x00, 0x00, 0x00, 0x78, 0x00, 0x78, 0x00, 0x00, 0x00, 0x00,
  0x00, 0x00, 0x00, 0x00, 0x00, 0x00, 0x00, 0x00, 0x00, 0x00, 0x00, 0x00, 0x00, 0x00, 0x00, 0x00,
  0x00, 0x00, 0x00, 0x00, 0x00, 0x00, 0x00, 0x00, 0x00, 0x00, 0x00, 0x00, 0x00, 0x00, 0x00, 0x00,
  0x00, 0x00, 0x00, 0x00, 0x00, 0x00, 0x00, 0x00, 0x00, 0x00, 0x00, 0x00, 0x00, 0x00, 0x00, 0x00,
  0x00, 0x00, 0x00, 0x00, 0x00, 0x00, 0x00, 0x00, 0x00, 0x00, 0x00, 0x00, 0x00, 0x00, 0x00, 0x00,
  0x00, 0x00, 0x00, 0x00, 0x00, 0x00, 0x00, 0x00, 0x00, 0x00, 0x00, 0x00, 0x00, 0x00, 0x00, 0x00,
  0x00, 0x00, 0x00, 0x00, 0x00, 0x00, 0x00, 0x00, 0x00, 0x00, 0x00, 0x00, 0x00, 0x00, 0x00, 0x00,
  0x00, 0x00, 0x00, 0x00, 0x00, 0x00, 0x00, 0x00, 0x00, 0x00, 0x00, 0x00, 0x00, 0x00, 0x00, 0x00,
  0x00, 0x00, 0x00, 0x00, 0x00, 0x00, 0x00, 0x00, 0x00, 0x00, 0x00, 0x00, 0x00, 0x00, 0x00, 0x00,
  0x00, 0x00, 0x00, 0x00, 0x00, 0x00, 0x00, 0x00, 0x00, 0x00, 0x00, 0x00, 0x00, 0x00, 0x00, 0x00,
  0x00, 0x00, 0x00, 0x00, 0x00, 0x00, 0x00, 0x00, 0x00, 0x00, 0x00, 0x00, 0x00, 0x00, 0x00, 0x00,
  0x00, 0x00, 0x00, 0x00, 0x00, 0x00, 0x00, 0x00, 0x00, 0x00, 0x00, 0x00, 0x00, 0x00, 0x00, 0x00,
  0x00, 0x00, 0x00, 0x00, 0x00, 0x00, 0x00, 0x00, 0x00, 0x00, 0x00, 0x00, 0x00, 0x00, 0x00, 0x00,
  0x00, 0x00, 0x00, 0x00, 0x00, 0x00, 0x00, 0x00, 0x00, 0x00, 0x00, 0x00, 0x00, 0x00, 0x00, 0x00,
  0x00, 0x00, 0x00, 0x00, 0x00, 0x00, 0x00, 0x00, 0x00, 0x00, 0x00, 0x00, 0x00, 0x00, 0x00, 0x00,
  0x00, 0x00, 0x00, 0x00, 0x00, 0x00, 0x00, 0x00, 0x00, 0x00, 0x00, 0x00, 0x40, 0x79, 0x40, 0x71,
  0x20, 0x91, 0x00, 0x00, 0x00, 0x00, 0x00, 0x00, 0x00, 0x00, 0x00, 0x00, 0x00, 0x00, 0x00, 0x00,
  0x00, 0x00, 0x00, 0x00, 0x00, 0x00, 0x00, 0x00, 0x00, 0x00, 0x00, 0xf8, 0x00, 0xf8, 0x00, 0x78,
  0x00, 0x00, 0x00, 0x00, 0x00, 0x00, 0x00, 0x00, 0x00, 0x00, 0x00, 0xf8, 0x80, 0x99, 0x00, 0xf8,
  0x00, 0x00, 0x00, 0x00, 0x00, 0x00, 0x00, 0x00, 0x00, 0x00, 0x00, 0x00, 0x00, 0x00, 0x00, 0x00,
  0x00, 0xf8, 0x00, 0x00, 0x00, 0xf8, 0x00, 0x00, 0x00, 0x00, 0xe0, 0x98, 0xe0, 0x90, 0x60, 0xa1,
  0x00, 0x89, 0xc0, 0x80, 0xe0, 0x78, 0x00, 0xa8, 0xa0, 0xaa, 0x00, 0x78, 0x00, 0xf8, 0x80, 0x99,
  0xe0, 0x70, 0x40, 0x79, 0xe0, 0x88, 0xa0, 0x80, 0xe0, 0x80, 0xe0, 0x88, 0x20, 0x91, 0x60, 0x89,
  0x20, 0x79, 0x80, 0x88, 0x00, 0x98, 0xa0, 0x88, 0x60, 0x89, 0xe0, 0x88, 0xc0, 0x78, 0xe0, 0x80,
  0xe0, 0x88, 0x00, 0xf8, 0xa0, 0x88, 0xa0, 0x88, 0x60, 0x88, 0x20, 0x91, 0x40, 0xa9, 0xe0, 0x88,
  0xe0, 0x88, 0x00, 0x00, 0x00, 0xf8, 0xe0, 0x79, 0xa0, 0xa0, 0x80, 0x88, 0xe0, 0x88, 0xe0, 0x98,
  0xc0, 0x80, 0xc0, 0x88, 0x00, 0x00, 0xa0, 0x90, 0xe0, 0x78, 0x00, 0x00, 0x00, 0x78, 0x00, 0x00,
  0xe0, 0x88, 0x00, 0x00, 0xc0, 0x80, 0xc0, 0x80, 0x00, 0x00, 0x20, 0x71, 0xa0, 0x78, 0xe0, 0x7b,
  0xe0, 0x7b, 0x00, 0x78, 0x00, 0x50, 0x00, 0x78, 0x00, 0x00, 0x00, 0x00, 0x00, 0x00, 0x00, 0x00,
  0xe0, 0x79, 0x20, 0x69, 0x00, 0x50, 0x00, 0x00, 0x00, 0x00, 0x00, 0xf8, 0x00, 0xf8, 0x00, 0x78,
  0x00, 0xf8, 0x00, 0x00, 0x00, 0x00, 0x00, 0x00, 0x00, 0x00, 0xe0, 0x7b, 0xa0, 0x70, 0xe0, 0x70,
  0x00, 0x78, 0x00, 0x00, 0x00, 0x60, 0x00, 0xf8, 0x00, 0x00, 0x00, 0x00, 0x00, 0x00, 0x00, 0x00,
  0x00, 0x00, 0x00, 0x00, 0x00, 0x00, 0x00, 0x00, 0x00, 0x00, 0x00, 0x00, 0x00, 0x00, 0x00, 0x00,
  0x00, 0x00, 0x00, 0x00, 0x00, 0x00, 0x00, 0x00, 0x00, 0x00, 0x00, 0x00, 0x00, 0x00, 0x00, 0x00,
  0x00, 0x00, 0x00, 0x00, 0x00, 0x00, 0x00, 0x00, 0x00, 0x00, 0x00, 0x00, 0x00, 0x00, 0x00, 0x00,
  0x00, 0x00, 0x00, 0x00, 0x00, 0x00, 0x00, 0x00, 0x00, 0x00, 0x00, 0x00, 0x00, 0x00, 0x00, 0x00,
  0x00, 0x00, 0x00, 0x00, 0x00, 0x00, 0x00, 0x00, 0x00, 0x00, 0x00, 0x00, 0x00, 0x00, 0x00, 0x00,
  0x00, 0x00, 0x00, 0x00, 0x00, 0x00, 0x00, 0x00, 0x00, 0x00, 0x00, 0x00, 0x00, 0x00, 0x00, 0x00,
  0x00, 0x00, 0x00, 0x00, 0x00, 0x00, 0x00, 0x00, 0x00, 0x00, 0x00, 0x00, 0x00, 0x00, 0x00, 0x00,
  0x00, 0x00, 0x00, 0x00, 0x00, 0x00, 0x00, 0x00, 0x00, 0x00, 0x00, 0x00, 0x00, 0x00, 0x00, 0x00,
  0x00, 0x00, 0x00, 0x00, 0x00, 0x00, 0x00, 0x00, 0x00, 0x00, 0x00, 0x00, 0x00, 0x00, 0x00, 0x00,
  0x00, 0x00, 0x00, 0x00, 0x00, 0x00, 0x00, 0x00, 0x00, 0x00, 0x00, 0x00, 0x00, 0x00, 0x00, 0x00,
  0x00, 0x00, 0x00, 0x00, 0x00, 0x00, 0x00, 0x00, 0x00, 0x00, 0x00, 0x00, 0x00, 0x00, 0x00, 0x00,
  0x00, 0x00, 0x00, 0x00, 0x00, 0x00, 0x00, 0x00, 0x00, 0x00, 0x00, 0x00, 0x00, 0x00, 0x00, 0x00,
  0x00, 0x00, 0x00, 0x00, 0x00, 0x00, 0x00, 0x00, 0x00, 0x00, 0x00, 0x00, 0x00, 0x00, 0x00, 0x00,
  0x00, 0x00, 0x00, 0x00, 0x00, 0x00, 0x00, 0x00, 0x00, 0x00, 0x00, 0x00, 0x00, 0x00, 0x00, 0x00,
  0x00, 0x00, 0x00, 0x78, 0x00, 0x00, 0xc0, 0x60, 0xe0, 0x78, 0xe0, 0x78, 0xe0, 0x50, 0x00, 0xf8,
  0x00, 0x00, 0x00, 0x00, 0x00, 0x00, 0x00, 0x00, 0x00, 0x00, 0x00, 0x00, 0x00, 0x00, 0x00, 0x00,
  0x00, 0x00, 0x00, 0x00, 0x00, 0x00, 0x00, 0xf8, 0x00, 0x78, 0x00, 0x00, 0x00, 0x00, 0x00, 0x00,
  0x00, 0x00, 0x00, 0x00, 0x00, 0x00, 0x20, 0x89, 0x20, 0x89, 0x00, 0x00, 0xa0, 0xaa, 0x00, 0x00,
  0x00, 0x00, 0x00, 0x00, 0x00, 0x00, 0x00, 0x00, 0x00, 0x00, 0x00, 0x00, 0x00, 0xf8, 0x00, 0x00,
  0x00, 0x00, 0x00, 0xf8, 0xe0, 0x79, 0xe0, 0x99, 0x00, 0x58, 0xc0, 0x90, 0x20, 0xa1, 0x00, 0x60,
  0x80, 0x99, 0xe0, 0x98, 0xa0, 0xfa, 0x40, 0x91, 0x00, 0x81, 0x20, 0x91, 0x20, 0x91, 0xe0, 0x88,
  0xe0, 0x88, 0x60, 0x78, 0xa0, 0x78, 0xc0, 0x78, 0xe0, 0x88, 0xc0, 0x80, 0xc0, 0x88, 0xa0, 0x88,
  0xe0, 0x88, 0xa0, 0x80, 0xc0, 0x88, 0xa0, 0x80, 0x80, 0x78, 0xc0, 0x78, 0xa0, 0x88, 0xc0, 0x88,
  0xc1, 0x90, 0xc0, 0x88, 0xc0, 0x88, 0x40, 0x79, 0xe0, 0x88, 0x00, 0x50, 0xc0, 0x88, 0xc0, 0x88,
  0x00, 0x91, 0xe0, 0x88, 0x00, 0x99, 0x00, 0x78, 0xa0, 0x80, 0xa0, 0x80, 0xc0, 0x88, 0xe0, 0x78,
  0xe0, 0x88, 0x20, 0x89, 0x00, 0x78, 0x00, 0xa8, 0xe0, 0xb9, 0xe0, 0x98, 0x00, 0x78, 0xa0, 0x80,
  0xc0, 0x80, 0xe0, 0x79, 0x00, 0x81, 0x40, 0x79, 0x00, 0x00, 0x00, 0xf8, 0x00, 0xf8, 0x20, 0x91,
  0x80, 0x99, 0x00, 0x00, 0x00, 0x78, 0x00, 0xf8, 0xe0, 0xfb, 0x00, 0x78, 0x00, 0x00, 0x00, 0x00,
  0x00, 0x50, 0x00, 0x00, 0x20, 0x91, 0x00, 0x50, 0x00, 0x00, 0x00, 0x00, 0x00, 0x00, 0x00, 0x00,
  0x00, 0x00, 0x00, 0xf8, 0x00, 0x00, 0xc0, 0x68, 0xc0, 0x70, 0xa0, 0x70, 0xa0, 0x78, 0xe0, 0x78,
  0x00, 0x00, 0x00, 0xf8, 0x00, 0x00, 0x00, 0x00, 0x00, 0x00, 0x00, 0x00, 0x00, 0x00, 0x00, 0x00,
  0x00, 0x00, 0x00, 0x00, 0x00, 0x00, 0x00, 0x00, 0x00, 0xf8, 0x00, 0x00, 0x00, 0x00, 0x00, 0x00,
  0x00, 0x00, 0x00, 0x00, 0x00, 0x00, 0x00, 0x00, 0x00, 0x00, 0x00, 0x00, 0x00, 0x00, 0x00, 0x00,
  0x00, 0x00, 0x00, 0x00, 0x00, 0x00, 0x00, 0x00, 0x00, 0x00, 0x00, 0x00, 0x00, 0x00, 0x00, 0x00,
  0x00, 0x00, 0x00, 0x00, 0x00, 0x00, 0x00, 0x00, 0x00, 0x00, 0x00, 0x00, 0x00, 0x00, 0x00, 0x00,
  0x00, 0x00, 0x00, 0x00, 0x00, 0x00, 0x00, 0x00, 0x00, 0x00, 0x00, 0x00, 0x00, 0x00, 0x00, 0x00,
  0x00, 0x00, 0x00, 0x00, 0x00, 0x00, 0x00, 0x00, 0x00, 0x00, 0x00, 0x00, 0x00, 0x00, 0x00, 0x00,
  0x00, 0x00, 0x00, 0x00, 0x00, 0x00, 0x00, 0x00, 0x00, 0x00, 0x00, 0x00, 0x00, 0x00, 0x00, 0x00,
  0x00, 0x00, 0x00, 0x00, 0x00, 0x00, 0x00, 0x00, 0x00, 0x00, 0x00, 0x00, 0x00, 0x00, 0x00, 0x00,
  0x00, 0x00, 0x00, 0x00, 0x00, 0x00, 0x00, 0x00, 0x00, 0x00, 0x00, 0x00, 0x00, 0x00, 0x00, 0x00,
  0x00, 0x00, 0x00, 0x00, 0x00, 0x00, 0x00, 0x00, 0x00, 0x00, 0x00, 0x00, 0x00, 0x00, 0x00, 0x00,
  0x00, 0x00, 0x00, 0x00, 0x00, 0x00, 0x00, 0x00, 0x00, 0x00, 0x00, 0x00, 0x00, 0x00, 0x00, 0x00,
  0x00, 0x00, 0x00, 0x00, 0x00, 0x00, 0x00, 0x00, 0x00, 0x00, 0x00, 0x00, 0x00, 0x00, 0x00, 0x00,
  0x00, 0x00, 0x00, 0x00, 0x00, 0x00, 0x00, 0x00, 0x00, 0x00, 0x00, 0x00, 0x00, 0x00, 0x00, 0x00,
  0x00, 0x00, 0x00, 0x00, 0x00, 0x00, 0x00, 0x00, 0x00, 0x00, 0x00, 0x00, 0x00, 0x78, 0x00, 0x78,
  0x80, 0x78, 0xe0, 0x78, 0xc0, 0x70, 0x40, 0x79, 0x00, 0x00, 0x00, 0x00, 0x00, 0x00, 0x00, 0x00,
  0x00, 0x00, 0x00, 0x00, 0x00, 0x00, 0x00, 0x00, 0x00, 0x00, 0x00, 0x00, 0x00, 0x00, 0x00, 0x00,
  0x00, 0x00, 0x00, 0x00, 0x00, 0x00, 0x00, 0x00, 0x00, 0x00, 0x00, 0x00, 0x00, 0x00, 0x00, 0x00,
  0x00, 0xf8, 0xa0, 0x88, 0x00, 0x78, 0x00, 0xf8, 0x00, 0x00, 0x00, 0x00, 0x00, 0x00, 0x00, 0x00,
  0x00, 0x00, 0x00, 0x00, 0x00, 0x00, 0x00, 0x00, 0x00, 0x00, 0x00, 0x00, 0x00, 0x78, 0xa0, 0xaa,
  0x20, 0x88, 0xa0, 0xca, 0x20, 0xba, 0xc0, 0x70, 0x40, 0x91, 0xc0, 0x88, 0x00, 0x89, 0x20, 0xb1,
  0x00, 0x81, 0xe0, 0x88, 0xe0, 0x88, 0x00, 0x91, 0xe0, 0x88, 0xa0, 0x90, 0xa0, 0x80, 0x80, 0x78,
  0xe0, 0x80, 0xc0, 0x88, 0xc0, 0x88, 0xe0, 0x80, 0x20, 0x99, 0xc0, 0x88, 0xc0, 0x88, 0xc0, 0x80,
  0xa0, 0x88, 0xa0, 0x78, 0xa0, 0x80, 0xe0, 0x90, 0xc0, 0x80, 0xc0, 0x80, 0xa0, 0x80, 0xa0, 0x90,
  0xe0, 0x98, 0xc0, 0x90, 0x00, 0x91, 0xe0, 0x88, 0xc0, 0x88, 0xe0, 0x98, 0x20, 0x91, 0xe0, 0x98,
  0xa0, 0x52, 0xe0, 0x88, 0xe0, 0x98, 0xa0, 0xaa, 0xc0, 0x80, 0xc0, 0x80, 0x40, 0xa9, 0x00, 0x90,
  0xe0, 0xa8, 0xe0, 0x88, 0x80, 0x99, 0x20, 0x91, 0xe0, 0x98, 0x00, 0xa8, 0xe0, 0x78, 0xe0, 0x98,
  0x00, 0x78, 0x00, 0xf8, 0x00, 0x78, 0x00, 0xf8, 0xe0, 0x78, 0x40, 0x79, 0x00, 0x00, 0x00, 0xf8,
  0xe0, 0x79, 0x80, 0x99, 0x00, 0x50, 0xa0, 0x70, 0xe0, 0x78, 0x00, 0x00, 0x00, 0x60, 0x20, 0x91,
  0x00, 0x50, 0x00, 0x00, 0x00, 0x00, 0xe0, 0x7b, 0x00, 0x00, 0x00, 0xf8, 0x00, 0x00, 0x00, 0xf8,
  0xc0, 0x70, 0xe0, 0x70, 0xa0, 0x78, 0xe0, 0x68, 0x00, 0x78, 0x20, 0x69, 0x00, 0x00, 0x00, 0x00,
  0x00, 0x00, 0x00, 0x00, 0x00, 0x00, 0x00, 0x00, 0x00, 0x00, 0x00, 0x00, 0x00, 0x00, 0x00, 0x00,
  0x00, 0x00, 0x00, 0x00, 0x00, 0x00, 0x00, 0x00, 0x00, 0x00, 0x00, 0x00, 0x00, 0x00, 0x00, 0x00,
  0x00, 0x00, 0x00, 0x00, 0x00, 0x00, 0x00, 0x00, 0x00, 0x00, 0x00, 0x00, 0x00, 0x00, 0x00, 0x00,
  0x00, 0x00, 0x00, 0x00, 0x00, 0x00, 0x00, 0x00, 0x00, 0x00, 0x00, 0x00, 0x00, 0x00, 0x00, 0x00,
  0x00, 0x00, 0x00, 0x00, 0x00, 0x00, 0x00, 0x00, 0x00, 0x00, 0x00, 0x00, 0x00, 0x00, 0x00, 0x00,
  0x00, 0x00, 0x00, 0x00, 0x00, 0x00, 0x00, 0x00, 0x00, 0x00, 0x00, 0x00, 0x00, 0x00, 0x00, 0x00,
  0x00, 0x00, 0x00, 0x00, 0x00, 0x00, 0x00, 0x00, 0x00, 0x00, 0x00, 0x00, 0x00, 0x00, 0x00, 0x00,
  0x00, 0x00, 0x00, 0x00, 0x00, 0x00, 0x00, 0x00, 0x00, 0x00, 0x00, 0x00, 0x00, 0x00, 0x00, 0x00,
  0x00, 0x00, 0x00, 0x00, 0x00, 0x00, 0x00, 0x00, 0x00, 0x00, 0x00, 0x00, 0x00, 0x00, 0x00, 0x00,
  0x00, 0x00, 0x00, 0x00, 0x00, 0x00, 0x00, 0x00, 0x00, 0x00, 0x00, 0x00, 0x00, 0x00, 0x00, 0x00,
  0x00, 0x00, 0x00, 0x00, 0x00, 0x00, 0x00, 0x00, 0x00, 0x00, 0x00, 0x00, 0x00, 0x00, 0x00, 0x00,
  0x00, 0x00, 0x00, 0x00, 0x00, 0x00, 0x00, 0x00, 0x00, 0x00, 0x00, 0x00, 0x00, 0x00, 0x00, 0x00,
  0x00, 0x00, 0x00, 0x00, 0x00, 0x00, 0x00, 0x00, 0x00, 0x00, 0x00, 0x00, 0x00, 0x00, 0x00, 0x00,
  0x00, 0x00, 0x00, 0x00, 0x00, 0x00, 0x00, 0x00, 0x00, 0x00, 0x00, 0x00, 0x00, 0x50, 0x00, 0x78,
  0x00, 0xf8, 0x80, 0x61, 0x00, 0x50, 0x00, 0x78, 0x00, 0xf8, 0x00, 0x00, 0x00, 0x00, 0x00, 0x00,
  0x00, 0x00, 0x00, 0x00, 0x00, 0x00, 0x00, 0x00, 0x00, 0x00, 0x00, 0x00, 0x00, 0x00, 0x00, 0x00,
  0x00, 0x00, 0x00, 0x00, 0x00, 0x00, 0x00, 0x00, 0x00, 0x00, 0x00, 0xf8, 0x00, 0xf8, 0x00, 0x00,
  0x00, 0x00, 0x00, 0x00, 0x00, 0x00, 0x00, 0x00, 0x00, 0x00, 0x00, 0x00, 0x00, 0x00, 0x00, 0x00,
  0x00, 0x00, 0x00, 0x00, 0x00, 0x00, 0x00, 0x00, 0x00, 0x00, 0x00, 0x00, 0x00, 0x00, 0x00, 0x00,
  0x00, 0x00, 0x00, 0xf8, 0x00, 0x00, 0x00, 0xf8, 0x00, 0x00, 0xc0, 0x98, 0x40, 0xe3, 0x21, 0xd3,
  0x20, 0x70, 0x00, 0x91, 0xe0, 0x88, 0xe0, 0x90, 0x00, 0x91, 0x60, 0x99, 0xc0, 0x78, 0xa0, 0x78,
  0xa0, 0x78, 0xc0, 0x78, 0xc0, 0x80, 0xe0, 0x80, 0xc0, 0x80, 0xe0, 0x90, 0xc0, 0x88, 0xa0, 0x80,
  0x20, 0x91, 0xe0, 0x90, 0xa0, 0x78, 0xa0, 0x78, 0x80, 0x68, 0xa0, 0x80, 0xc0, 0x88, 0x20, 0x81,
  0x00, 0x99, 0xe0, 0x80, 0xa0, 0x80, 0xc0, 0x88, 0xe0, 0x88, 0x20, 0x91, 0xc0, 0x80, 0xa0, 0x80,
  0xe0, 0x90, 0x00, 0xf8, 0x20, 0x91, 0x00, 0xa8, 0x00, 0xf8, 0x00, 0xf8, 0x00, 0x00, 0x40, 0x79,
  0x00, 0xf8, 0xc0, 0x98, 0x00, 0x91, 0x20, 0xa1, 0xe0, 0x78, 0x00, 0x78, 0x00, 0x00, 0x00, 0x50,
  0x40, 0xa9, 0xe0, 0x88, 0xa0, 0xaa, 0xa0, 0x90, 0xc0, 0x98, 0x00, 0x00, 0x00, 0x00, 0x00, 0x50,
  0x00, 0x78, 0x40, 0x79, 0x00, 0x00, 0x00, 0xa8, 0xe0, 0xb9, 0x00, 0x78, 0x00, 0xa8, 0x00, 0x00,
  0xc0, 0x78, 0xc0, 0x78, 0x00, 0x00, 0xe0, 0x70, 0x80, 0x99, 0x00, 0x78, 0x00, 0x78, 0x00, 0x00,
  0x00, 0x60, 0x20, 0x69, 0x00, 0x00, 0x00, 0x00, 0x00, 0x00, 0x20, 0x71, 0x40, 0x60, 0xc0, 0x78,
  0x80, 0x68, 0x00, 0x78, 0x20, 0x69, 0x00, 0x00, 0x00, 0x00, 0x00, 0x00, 0x00, 0x00, 0x00, 0x00,
  0x00, 0x00, 0x00, 0x00, 0x00, 0x00, 0x00, 0x00, 0x00, 0x00, 0x00, 0x00, 0x00, 0x00, 0x00, 0x00,
  0x00, 0x00, 0x00, 0x00, 0x00, 0x00, 0x00, 0x00, 0x00, 0x00, 0x00, 0x00, 0x00, 0x00, 0x00, 0x00,
  0x00, 0x00, 0x00, 0x00, 0x00, 0x00, 0x00, 0x00, 0x00, 0x00, 0x00, 0x00, 0x00, 0x00, 0x00, 0x00,
  0x00, 0x00, 0x00, 0x00, 0x00, 0x00, 0x00, 0x00, 0x00, 0x00, 0x00, 0x00, 0x00, 0x00, 0x00, 0x00,
  0x00, 0x00, 0x00, 0x00, 0x00, 0x00, 0x00, 0x00, 0x00, 0x00, 0x00, 0x00, 0x00, 0x00, 0x00, 0x00,
  0x00, 0x00, 0x00, 0x00, 0x00, 0x00, 0x00, 0x00, 0x00, 0x00, 0x00, 0x00, 0x00, 0x00, 0x00, 0x00,
  0x00, 0x00, 0x00, 0x00, 0x00, 0x00, 0x00, 0x00, 0x00, 0x00, 0x00, 0x00, 0x00, 0x00, 0x00, 0x00,
  0x00, 0x00, 0x00, 0x00, 0x00, 0x00, 0x00, 0x00, 0x00, 0x00, 0x00, 0x00, 0x00, 0x00, 0x00, 0x00,
  0x00, 0x00, 0x00, 0x00, 0x00, 0x00, 0x00, 0x00, 0x00, 0x00, 0x00, 0x00, 0x00, 0x00, 0x00, 0x00,
  0x00, 0x00, 0x00, 0x00, 0x00, 0x00, 0x00, 0x00, 0x00, 0x00, 0x00, 0x00, 0x00, 0x00, 0x00, 0x00,
  0x00, 0x00, 0x00, 0x00, 0x00, 0x00, 0x00, 0x00, 0x00, 0x00, 0x00, 0x00, 0x00, 0x00, 0x00, 0x00,
  0x00, 0x00, 0x00, 0x00, 0x00, 0x00, 0x00, 0x00, 0x00, 0x00, 0x00, 0x00, 0x00, 0x00, 0x00, 0x00,
  0x00, 0x00, 0x00, 0x00, 0x00, 0x00, 0x00, 0x00, 0x00, 0x00, 0x00, 0x00, 0x00, 0x00, 0x00, 0x00,
  0x00, 0x00, 0x00, 0x00, 0x00, 0x00, 0x00, 0x78, 0x00, 0x78, 0x00, 0x78, 0xe0, 0x7b, 0xe0, 0x79,
  0x00, 0x00, 0x00, 0x00, 0x00, 0x00, 0x00, 0x78, 0x00, 0x78, 0xa0, 0x52, 0xe0, 0x7b, 0xe0, 0x7b,
  0x00, 0xf8, 0x00, 0xf8, 0x00, 0x00, 0x00, 0x00, 0x00, 0x00, 0x00, 0x00, 0x00, 0x00, 0x00, 0xf8,
  0x00, 0xf8, 0x00, 0x00, 0x00, 0xf8, 0x00, 0x78, 0x00, 0x00, 0x00, 0x00, 0x00, 0xf8, 0x00, 0x00,
  0x00, 0x00, 0x00, 0x00, 0x00, 0x00, 0x00, 0xf8, 0x00, 0xf8, 0x00, 0x00, 0x00, 0x00, 0x00, 0x00,
  0x00, 0x00, 0x00, 0x00, 0x00, 0x00, 0x00, 0xf8, 0xe0, 0x7b, 0x00, 0xf8, 0xe0, 0x7b, 0x00, 0x00,
  0x40, 0xa9, 0xa2, 0x70, 0xa0, 0xa9, 0x60, 0xb1, 0x00, 0x99, 0xc0, 0x88, 0x00, 0x91, 0x00, 0x91,
  0xc0, 0x90, 0xe0, 0x90, 0xc0, 0x88, 0xc0, 0x80, 0xa0, 0x78, 0xa0, 0x80, 0xc0, 0x88, 0xa0, 0x88,
  0xc0, 0x90, 0xe0, 0x88, 0xa0, 0x80, 0xe0, 0xa8, 0xe0, 0x88, 0xe0, 0x90, 0xc0, 0x88, 0xa0, 0x90,
  0xa0, 0x88, 0xa0, 0x88, 0xa0, 0x80, 0xc0, 0x90, 0x60, 0xa1, 0x20, 0x91, 0xe0, 0x90, 0xc0, 0x90,
  0xa0, 0x90, 0x00, 0x91, 0xc0, 0x98, 0xa0, 0x88, 0x80, 0x88, 0xe0, 0x90, 0x00, 0x99, 0x40, 0x91,
  0x20, 0x91, 0x80, 0x90, 0x80, 0x99, 0xe0, 0x98, 0x20, 0x99, 0x20, 0x91, 0x00, 0x91, 0xe0, 0x98,
  0xe0, 0x98, 0xe0, 0x88, 0x20, 0x91, 0xe0, 0x98, 0x20, 0x91, 0x20, 0xa1, 0x20, 0x99, 0x20, 0x91,
  0xc0, 0x80, 0xe0, 0x88, 0x40, 0xa9, 0x40, 0x79, 0x00, 0xa8, 0x00, 0xa8, 0x40, 0xa9, 0x00, 0x00,
  0x20, 0x91, 0x80, 0x99, 0x80, 0x99, 0x20, 0x91, 0x00, 0x00, 0x00, 0x00, 0x00, 0x00, 0x00, 0x00,
  0x20, 0x69, 0x00, 0xf8, 0x20, 0x91, 0x00, 0x98, 0xe0, 0xfb, 0x80, 0x61, 0x40, 0x79, 0x40, 0x79,
  0x00, 0xf8, 0x80, 0x79, 0xa0, 0x80, 0xe0, 0xb1, 0x20, 0x91, 0x00, 0x00, 0xa0, 0x70, 0x00, 0x78,
  0x00, 0x00, 0x00, 0x00, 0x00, 0x00, 0x00, 0x00, 0x00, 0x00, 0x00, 0x00, 0x00, 0x00, 0x00, 0x00,
  0x00, 0x00, 0x00, 0x00, 0x00, 0x00, 0x00, 0x00, 0x00, 0x00, 0x00, 0x00, 0x00, 0x00, 0x00, 0x00,
  0x00, 0x00, 0x00, 0x00, 0x00, 0x00, 0x00, 0x00, 0x00, 0x00, 0x00, 0x00, 0x00, 0x00, 0x00, 0x00,
  0x00, 0x00, 0x00, 0x00, 0x00, 0x00, 0x00, 0x00, 0x00, 0x00, 0x00, 0x00, 0x00, 0x00, 0x00, 0x00,
  0x00, 0xf8, 0x00, 0x00, 0x00, 0x00, 0x00, 0x00, 0x00, 0x00, 0x00, 0x00, 0x00, 0x00, 0x00, 0x00,
  0x00, 0x00, 0x00, 0x00, 0x00, 0x00, 0x00, 0x00, 0x00, 0x00, 0x00, 0x00, 0x00, 0x00, 0x00, 0x00,
  0x00, 0x00, 0x00, 0x00, 0x00, 0x00, 0x00, 0x00, 0x00, 0x00, 0x00, 0x00, 0x00, 0x00, 0x00, 0x00,
  0x00, 0x00, 0x00, 0x00, 0x00, 0x00, 0x00, 0x00, 0x00, 0x00, 0x00, 0x00, 0x00, 0x00, 0x00, 0x00,
  0x00, 0x00, 0x00, 0x00, 0x00, 0x00, 0x00, 0x00, 0x00, 0x00, 0x00, 0x00, 0x00, 0x00, 0x00, 0x00,
  0x00, 0x00, 0x00, 0x00, 0x00, 0x00, 0x00, 0x00, 0x00, 0x00, 0x00, 0x00, 0x00, 0x00, 0x00, 0x00,
  0x00, 0x00, 0x00, 0x00, 0x00, 0x00, 0x00, 0x00, 0x00, 0x00, 0x00, 0x00, 0x00, 0x00, 0x00, 0x00,
  0x00, 0x00, 0x00, 0x00, 0x00, 0x00, 0x00, 0x00, 0x00, 0x00, 0x00, 0x00, 0x00, 0x00, 0x00, 0x00,
  0x00, 0x00, 0x00, 0x00, 0x00, 0x00, 0x00, 0x00, 0x00, 0x00, 0x00, 0x00, 0x00, 0x00, 0x00, 0x00,
  0x00, 0x00, 0x00, 0x00, 0x00, 0x00, 0x00, 0x50, 0x00, 0x00, 0x00, 0x00, 0x00, 0x00, 0x00, 0x00,
  0x00, 0x00, 0x00, 0x00, 0x00, 0x50, 0x00, 0x78, 0x00, 0xf8, 0x00, 0x00, 0x00, 0x00, 0x00, 0x00,
  0x00, 0x00, 0x00, 0x00, 0x00, 0x00, 0x00, 0x00, 0x00, 0x00, 0x00, 0x00, 0x00, 0x00, 0x00, 0x00,
  0x00, 0x00, 0x00, 0x00, 0x00, 0x00, 0x00, 0x00, 0x00, 0x00, 0x00, 0x00, 0x00, 0x00, 0x00, 0x00,
  0x00, 0x00, 0x00, 0xf8, 0x00, 0x00, 0x00, 0x00, 0x00, 0x00, 0x00, 0xf8, 0x00, 0xf8, 0x00, 0x00,
  0x00, 0x00, 0x00, 0x00, 0x00, 0x00, 0x00, 0x00, 0x00, 0x00, 0x00, 0x00, 0x00, 0x00, 0x00, 0x00,
  0x00, 0xa8, 0x00, 0xf8, 0x00, 0x50, 0xa0, 0x52, 0x00, 0x00, 0x40, 0x79, 0xe0, 0x90, 0xa0, 0x88,
  0x80, 0x78, 0xa0, 0x80, 0xc0, 0x88, 0xe0, 0x90, 0xa0, 0x90, 0xe0, 0x98, 0xc0, 0x90, 0x80, 0x80,
  0x80, 0x80, 0xa0, 0x88, 0xc0, 0x90, 0xa0, 0x90, 0xc0, 0x88, 0xc0, 0x88, 0xe0, 0x88, 0xc0, 0x80,
  0xa0, 0x90, 0xe0, 0x78, 0xc0, 0x90, 0xa0, 0x88, 0x80, 0x80, 0xc0, 0x90, 0xc0, 0x90, 0xa0, 0x90,
  0xa0, 0x88, 0xe0, 0x98, 0xa0, 0x98, 0xc0, 0x90, 0xe0, 0x98, 0xa0, 0x90, 0xc0, 0x90, 0xc0, 0x98,
  0xa0, 0x90, 0xa0, 0x90, 0x00, 0x00, 0xc0, 0x98, 0xc0, 0x98, 0x20, 0xb1, 0xe0, 0x90, 0x00, 0x99,
  0x80, 0x90, 0x00, 0x99, 0xc0, 0x88, 0xc0, 0x88, 0xa0, 0x90, 0x80, 0x99, 0x20, 0xb1, 0xe0, 0x98,
  0xc0, 0x98, 0x00, 0xa8, 0x80, 0x99, 0x20, 0x91, 0xa0, 0x90, 0x20, 0x99, 0xe0, 0x88, 0x20, 0x91,
  0x80, 0x99, 0x00, 0x50, 0x00, 0xa8, 0x40, 0x79, 0x40, 0xa9, 0x00, 0x78, 0xe0, 0x7b, 0x00, 0x50,
  0xe0, 0xb9, 0x00, 0x00, 0x00, 0x50, 0x20, 0x91, 0x00, 0x00, 0x00, 0x78, 0xe0, 0x79, 0xe0, 0x88,
  0xe0, 0x88, 0xe0, 0x79, 0xa0, 0x88, 0xa0, 0x78, 0xe0, 0x79, 0xe0, 0x79, 0xe0, 0x79, 0x20, 0xa9,
  0xa0, 0xb9, 0xc0, 0x78, 0x00, 0x00, 0x00, 0x71, 0x00, 0x50, 0x00, 0x00, 0x00, 0x00, 0x00, 0x00,
  0x00, 0x00, 0x00, 0xf8, 0x00, 0x00, 0x00, 0x00, 0x00, 0x00, 0x00, 0x00, 0x00, 0x00, 0x00, 0x00,
  0x00, 0x00, 0x00, 0x00, 0x00, 0x00, 0x00, 0x00, 0x00, 0x00, 0x00, 0x00, 0x00, 0x00, 0x00, 0x00,
  0x00, 0x00, 0x00, 0x00, 0x00, 0x00, 0x00, 0x00, 0x00, 0x00, 0x00, 0x00, 0x00, 0x00, 0x00, 0x00,
  0x00, 0x00, 0x00, 0x00, 0x00, 0x00, 0x00, 0x00, 0x00, 0x00, 0x00, 0x00, 0x00, 0x00, 0x00, 0x00,
  0x00, 0x00, 0x00, 0x00, 0x00, 0x00, 0x00, 0x00, 0x00, 0x00, 0x00, 0x00, 0x00, 0x00, 0x00, 0x00,
  0x00, 0x00, 0x00, 0x00, 0x00, 0x00, 0x00, 0x00, 0x00, 0x00, 0x00, 0x00, 0x00, 0x00, 0x00, 0x00,
  0x00, 0x00, 0x00, 0x00, 0x00, 0x00, 0x00, 0x00, 0x00, 0x00, 0x00, 0x00, 0x00, 0x00, 0x00, 0x00,
  0x00, 0x00, 0x00, 0x00, 0x00, 0x00, 0x00, 0x00, 0x00, 0x00, 0x00, 0x00, 0x00, 0x00, 0x00, 0x00,
  0x00, 0x00, 0x00, 0x00, 0x00, 0x00, 0x00, 0x00, 0x00, 0x00, 0x00, 0x00, 0x00, 0x00, 0x00, 0x00,
  0x00, 0x00, 0x00, 0x00, 0x00, 0x00, 0x00, 0x00, 0x00, 0x00, 0x00, 0x00, 0x00, 0x00, 0x00, 0x00,
  0x00, 0x00, 0x00, 0x00, 0x00, 0x00, 0x00, 0x00, 0x00, 0x00, 0x00, 0x00, 0x00, 0x00, 0x00, 0x00,
  0x00, 0x00, 0x00, 0x00, 0x00, 0x00, 0x00, 0x00, 0x00, 0x00, 0x00, 0x00, 0x00, 0x00, 0x00, 0x00,
  0x00, 0x00, 0x00, 0x00, 0x00, 0x00, 0x00, 0x00, 0x00, 0x00, 0x00, 0x00, 0x00, 0x00, 0x00, 0x00,
  0x00, 0x00, 0xe0, 0x70, 0x00, 0x00, 0x00, 0x00, 0x00, 0x78, 0x00, 0x78, 0x00, 0x00, 0x00, 0xf8,
  0x00, 0xf8, 0x00, 0x78, 0x00, 0x00, 0x00, 0x00, 0x00, 0x00, 0x00, 0x00, 0x00, 0x00, 0x00, 0x00,
  0x00, 0x00, 0x00, 0x00, 0x00, 0x00, 0x00, 0x00, 0x00, 0x00, 0x00, 0x00, 0x00, 0x00, 0x00, 0x00,
  0x00, 0x00, 0x00, 0x00, 0x00, 0x00, 0x00, 0x00, 0x00, 0x00, 0x00, 0x00, 0x00, 0x00, 0x00, 0x00,
  0x00, 0x00, 0x00, 0x00, 0x00, 0x00, 0x00, 0x00, 0x00, 0x00, 0x00, 0x00, 0x00, 0xf8, 0x00, 0x78,
  0x00, 0x78, 0x00, 0x00, 0x00, 0xf8, 0x00, 0xf8, 0x00, 0xf8, 0x00, 0x78, 0x00, 0xf8, 0xe0, 0x79,
  0x00, 0x00, 0x40, 0xa9, 0x00, 0x00, 0xc0, 0x98, 0xa0, 0x88, 0xa0, 0x88, 0xe0, 0x90, 0x00, 0x99,
  0xc0, 0x90, 0xe0, 0x90, 0xc0, 0x90, 0xc0, 0x90, 0xa0, 0x80, 0x80, 0x80, 0x60, 0x78, 0x60, 0x78,
  0x80, 0x88, 0xc0, 0x90, 0x80, 0x88, 0xe0, 0x88, 0xa0, 0x90, 0xe0, 0x88, 0xe0, 0x88, 0xc0, 0x90,
  0xa0, 0x88, 0x80, 0x80, 0xa0, 0x88, 0xa0, 0x88, 0xc0, 0x90, 0xa0, 0x80, 0x20, 0x99, 0x20, 0xa9,
  0x00, 0x99, 0xc0, 0x90, 0xa0, 0x88, 0xa0, 0x88, 0xa0, 0x88, 0xa0, 0x88, 0xc0, 0x88, 0x80, 0xc9,
  0xe0, 0x98, 0x00, 0x91, 0x20, 0x91, 0xe0, 0x98, 0xe0, 0x98, 0x60, 0xb1, 0x80, 0x88, 0xa0, 0x80,
  0xe0, 0x98, 0xa0, 0x90, 0x40, 0xa9, 0x40, 0xa9, 0xe0, 0x98, 0xe0, 0x98, 0x20, 0xb1, 0xe0, 0x98,
  0x40, 0x91, 0xc0, 0x98, 0x00, 0x99, 0xc0, 0x98, 0x20, 0x99, 0x00, 0xa8, 0x20, 0x91, 0x00, 0x89,
  0xe0, 0x98, 0xa0, 0x88, 0x00, 0xf8, 0x00, 0xa8, 0x20, 0x91, 0x80, 0x99, 0x00, 0x78, 0xe0, 0xb9,
  0xe0, 0x79, 0x00, 0x00, 0x40, 0x79, 0x00, 0x00, 0xc0, 0x78, 0xe0, 0x80, 0x00, 0xf8, 0xa0, 0x78,
  0xc0, 0x78, 0x00, 0x78, 0xe0, 0x58, 0x00, 0x89, 0xe0, 0x70, 0x20, 0x48, 0x80, 0x58, 0xe0, 0x78,
  0x20, 0x79, 0x00, 0xf8, 0x00, 0x00, 0x00, 0x00, 0x00, 0x00, 0x00, 0x00, 0x00, 0x00, 0x00, 0x00,
  0x00, 0x00, 0x00, 0x00, 0x00, 0x00, 0x00, 0x00, 0x00, 0x00, 0x00, 0x00, 0x00, 0x00, 0x00, 0x00,
  0x00, 0x00, 0x00, 0x00, 0x00, 0x00, 0x00, 0x00, 0x00, 0x00, 0x00, 0x00, 0x00, 0x00, 0x00, 0x00,
  0x00, 0x00, 0x00, 0x00, 0x00, 0x00, 0x00, 0x00, 0x00, 0x00, 0x00, 0x00, 0x00, 0x00, 0x00, 0x00,
  0x00, 0x00, 0x00, 0x00, 0x00, 0x00, 0x00, 0x00, 0x00, 0x00, 0x00, 0x00, 0x00, 0x00, 0x00, 0x00,
  0x00, 0x00, 0x00, 0x00, 0x00, 0x00, 0x00, 0x00, 0x00, 0x00, 0x00, 0x00, 0x00, 0x00, 0x00, 0x00,
  0x00, 0x00, 0x00, 0x00, 0x00, 0x00, 0x00, 0x00, 0x00, 0x00, 0x00, 0x00, 0x00, 0x00, 0x00, 0x00,
  0x00, 0x00, 0x00, 0x00, 0x00, 0x00, 0x00, 0x00, 0x00, 0x00, 0x00, 0x00, 0x00, 0x00, 0x00, 0x00,
  0x00, 0x00, 0x00, 0x00, 0x00, 0x00, 0x00, 0x00, 0x00, 0x00, 0x00, 0x00, 0x00, 0x00, 0x00, 0x00,
  0x00, 0x00, 0x00, 0x00, 0x00, 0x00, 0x00, 0x00, 0x00, 0x00, 0x00, 0x00, 0x00, 0x00, 0x00, 0x00,
  0x00, 0x00, 0x00, 0x00, 0x00, 0x00, 0x00, 0x00, 0x00, 0x00, 0x00, 0x00, 0x00, 0x00, 0x00, 0x00,
  0x00, 0x00, 0x00, 0x00, 0x00, 0x00, 0x00, 0x00, 0x00, 0x00, 0x00, 0x00, 0x00, 0x00, 0x00, 0x00,
  0x00, 0x00, 0x00, 0x00, 0x00, 0x00, 0x00, 0x00, 0x00, 0x00, 0x00, 0x00, 0x00, 0x00, 0x00, 0x00,
  0x00, 0x00, 0x00, 0x00, 0x00, 0x00, 0x00, 0x00, 0x00, 0x00, 0x00, 0x00, 0xa0, 0x50, 0xa0, 0x58,
  0xc0, 0x58, 0x00, 0x00, 0x00, 0x00, 0x00, 0x78, 0x00, 0x00, 0x00, 0x00, 0x00, 0x00, 0x20, 0x69,
  0x00, 0xf8, 0x00, 0x00, 0x00, 0x00, 0x00, 0x00, 0x00, 0xf8, 0x00, 0x50, 0x00, 0x00, 0x00, 0xf8,
  0x00, 0xf8, 0x00, 0x00, 0x00, 0x00, 0x00, 0x00, 0x00, 0x00, 0x00, 0x00, 0x00, 0x00, 0x00, 0x00,
  0x00, 0x00, 0xa0, 0x52, 0x00, 0x00, 0x00, 0x00, 0x00, 0x00, 0x00, 0x00, 0x00, 0xf8, 0x00, 0x00,
  0x00, 0x00, 0x00, 0x50, 0x00, 0x00, 0x00, 0xf8, 0x00, 0x00, 0x00, 0x00, 0x00, 0xf8, 0x00, 0x00,
  0x00, 0xf8, 0x00, 0xf8, 0x00, 0x00, 0x00, 0xa8, 0x80, 0x99, 0xe0, 0x78, 0x00, 0x00, 0xa0, 0x80,
  0xa0, 0x88, 0xa0, 0x88, 0xa0, 0x78, 0xa0, 0x88, 0xa0, 0x88, 0x80, 0x88, 0xe0, 0x90, 0xe0, 0x90,
  0x80, 0x80, 0x60, 0x70, 0x80, 0x88, 0x80, 0x90, 0xa0, 0x88, 0x80, 0x80, 0x80, 0x80, 0xc0, 0x88,
  0xe0, 0x88, 0xc0, 0x90, 0xe0, 0x90, 0x20, 0x89, 0xc0, 0x88, 0xa0, 0x88, 0xe0, 0x90, 0xa0, 0x80,
  0x80, 0x80, 0x80, 0x80, 0x00, 0xa1, 0x80, 0x80, 0x80, 0x80, 0xa0, 0x88, 0xa0, 0x90, 0xa0, 0x88,
  0x80, 0xc9, 0x80, 0x88, 0x80, 0x88, 0xc0, 0x90, 0xe0, 0x98, 0xe0, 0xa0, 0xe0, 0xa8, 0xe0, 0xa0,
  0x80, 0x78, 0xa0, 0xa0, 0x00, 0xb1, 0x80, 0x88, 0xc0, 0x98, 0xc0, 0x98, 0xa0, 0x98, 0xe0, 0x98,
  0x20, 0xb1, 0xe0, 0xf9, 0xe0, 0x98, 0xe0, 0x98, 0x40, 0xa9, 0x00, 0x99, 0x40, 0xa1, 0xc0, 0x90,
  0xc0, 0x98, 0x20, 0x99, 0x60, 0xa1, 0xa0, 0xa8, 0xe0, 0x78, 0x80, 0x98, 0x80, 0x99, 0xa0, 0x88,
  0x60, 0x89, 0x40, 0x79, 0xe0, 0x78, 0x00, 0x60, 0x00, 0x50, 0x20, 0x91, 0x00, 0x78, 0x00, 0xf8,
  0x00, 0x78, 0x00, 0x89, 0xe0, 0x80, 0x20, 0x79, 0x00, 0x00, 0x00, 0x78, 0x20, 0x69, 0x20, 0x79,
  0xe0, 0x78, 0xc0, 0x78, 0xe0, 0x80, 0xc0, 0x78, 0xa0, 0x78, 0x60, 0x71, 0x00, 0x50, 0x00, 0x00,
  0x00, 0x00, 0x00, 0xf8, 0x00, 0x00, 0x00, 0xf8, 0x00, 0x00, 0x00, 0x00, 0x00, 0x00, 0x00, 0x00,
  0x00, 0x00, 0x00, 0x00, 0x00, 0x00, 0x00, 0x00, 0x00, 0x00, 0x00, 0x00, 0x00, 0x00, 0x00, 0x00,
  0x00, 0x00, 0x00, 0x00, 0x00, 0x00, 0x00, 0x00, 0x00, 0x00, 0x00, 0x00, 0x00, 0x00, 0x00, 0x00,
  0x00, 0x00, 0x00, 0x00, 0x00, 0x00, 0x00, 0x00, 0x00, 0x00, 0x00, 0x00, 0x00, 0x00, 0x00, 0x00,
  0x00, 0x00, 0x00, 0x00, 0x00, 0x00, 0x00, 0x00, 0x00, 0x00, 0x00, 0x00, 0x00, 0x00, 0x00, 0x00,
  0x00, 0x00, 0x00, 0x00, 0x00, 0x00, 0x00, 0x00, 0x00, 0x00, 0x00, 0x00, 0x00, 0x00, 0x00, 0x00,
  0x00, 0x00, 0x00, 0x00, 0x00, 0x00, 0x00, 0x00, 0x00, 0x00, 0x00, 0x00, 0x00, 0x00, 0x00, 0x00,
  0x00, 0x00, 0x00, 0x00, 0x00, 0x00, 0x00, 0x00, 0x00, 0x00, 0x00, 0x00, 0x00, 0x00, 0x00, 0x00,
  0x00, 0x00, 0x00, 0x00, 0x00, 0x00, 0x00, 0x00, 0x00, 0x00, 0x00, 0x00, 0x00, 0x00, 0x00, 0x00,
  0x00, 0x00, 0x00, 0x00, 0x00, 0x00, 0x00, 0x00, 0x00, 0x00, 0x00, 0x00, 0x00, 0x00, 0x00, 0x00,
  0x00, 0x00, 0x00, 0x00, 0x00, 0x00, 0x00, 0x00, 0x00, 0x00, 0x00, 0x00, 0x00, 0x00, 0x00, 0x00,
  0x00, 0x00, 0x00, 0x00, 0x00, 0x00, 0x00, 0x00, 0x00, 0x00, 0x00, 0x00, 0x00, 0x00, 0x00, 0x00,
  0x00, 0x00, 0x00, 0x00, 0x00, 0x00, 0x00, 0x00, 0x00, 0x00, 0x00, 0x00, 0x00, 0x00, 0x00, 0x00,
  0x00, 0x00, 0x00, 0x00, 0x00, 0x00, 0x00, 0x00, 0xc0, 0x68, 0xc0, 0x60, 0xc0, 0x60, 0x00, 0x50,
  0x00, 0x00, 0x80, 0x61, 0x00, 0x50, 0x00, 0x00, 0xc0, 0x68, 0x00, 0x69, 0x00, 0x00, 0x00, 0x78,
  0x00, 0x00, 0x00, 0xf8, 0x00, 0x78, 0x00, 0x00, 0xa0, 0x52, 0x00, 0xf8, 0x00, 0x00, 0x00, 0x00,
  0x00, 0x00, 0x00, 0xf8, 0x00, 0xf8, 0x00, 0x00, 0x00, 0x00, 0x00, 0x00, 0x00, 0x00, 0x00, 0x00,
  0x00, 0x00, 0x00, 0x00, 0x00, 0x00, 0x00, 0xf8, 0x00, 0x00, 0x00, 0x00, 0xe0, 0x78, 0xe0, 0x79,
  0xc0, 0xa9, 0xe0, 0x98, 0xe0, 0x88, 0x00, 0x00, 0x00, 0x00, 0x00, 0x00, 0x00, 0xf8, 0x00, 0x00,
  0xc0, 0x89, 0x00, 0x99, 0xe0, 0xa0, 0xc0, 0x80, 0x80, 0x78, 0x80, 0x80, 0x80, 0x80, 0xa0, 0x80,
  0xe0, 0x98, 0xc0, 0x88, 0xc0, 0x90, 0xc0, 0x90, 0xa0, 0x88, 0xa0, 0x90, 0x60, 0x78, 0x60, 0x80,
  0x80, 0x88, 0xa0, 0x90, 0xc0, 0x98, 0xc0, 0x88, 0xc0, 0x90, 0x00, 0x89, 0xe0, 0x98, 0x80, 0x88,
  0x20, 0x91, 0xc0, 0x88, 0x80, 0x80, 0xa0, 0x80, 0x80, 0x80, 0xa0, 0x88, 0xa0, 0x90, 0x20, 0xb1,
  0xc0, 0x98, 0x00, 0xb1, 0x80, 0x88, 0xc0, 0x90, 0x60, 0x70, 0x40, 0x60, 0x80, 0x88, 0x80, 0x98,
  0xa0, 0xb8, 0xe0, 0x90, 0x20, 0x91, 0xa0, 0x78, 0x00, 0x91, 0x40, 0x70, 0x80, 0x88, 0xa0, 0x90,
  0xe0, 0xa0, 0x00, 0x99, 0xa0, 0x90, 0xe0, 0x90, 0x20, 0x91, 0x60, 0xa1, 0x20, 0xa1, 0x00, 0x91,
  0xe0, 0x98, 0xe0, 0x90, 0x00, 0x91, 0x80, 0xb1, 0x40, 0xa1, 0xc0, 0x90, 0x00, 0x99, 0x40, 0xa9,
  0x40, 0x91, 0x00, 0x00, 0xc0, 0x88, 0xa0, 0x80, 0x00, 0x91, 0x00, 0x91, 0x20, 0x89, 0xe0, 0x88,
  0xa0, 0x88, 0xc0, 0x88, 0x00, 0x89, 0x00, 0x78, 0x40, 0x79, 0x80, 0x61, 0xe0, 0x88, 0xc0, 0x80,
  0xc0, 0x80, 0xc0, 0x78, 0x20, 0x69, 0xe0, 0x78, 0xe0, 0x78, 0x00, 0x89, 0x20, 0x89, 0xa0, 0x78,
  0xe0, 0x78, 0xa0, 0x88, 0x80, 0x61, 0x00, 0x78, 0x00, 0x00, 0x00, 0x00, 0x00, 0xf8, 0x00, 0xf8,
  0x00, 0x00, 0x00, 0x00, 0x00, 0x00, 0x00, 0x00, 0x00, 0x00, 0x00, 0x00, 0x00, 0x00, 0x00, 0x00,
  0x00, 0x00, 0x00, 0x00, 0x00, 0x00, 0x00, 0x00, 0x00, 0x00, 0x00, 0x00, 0x00, 0x00, 0x00, 0x00,
  0x00, 0x00, 0x00, 0x00, 0x00, 0x00, 0x00, 0x00, 0x00, 0x00, 0x00, 0x00, 0x00, 0x00, 0x00, 0x00,
  0x00, 0x00, 0x00, 0x00, 0x00, 0x00, 0x00, 0x00, 0x00, 0x00, 0x00, 0x00, 0x00, 0x00, 0x00, 0x00,
  0x00, 0x00, 0x00, 0x00, 0x00, 0x00, 0x00, 0x00, 0x00, 0x00, 0x00, 0x00, 0x00, 0x00, 0x00, 0x00,
  0x00, 0x00, 0x00, 0x00, 0x00, 0x00, 0x00, 0x00, 0x00, 0x00, 0x00, 0x00, 0x00, 0x00, 0x00, 0x00,
  0x00, 0x00, 0x00, 0x00, 0x00, 0x00, 0x00, 0x00, 0x00, 0x00, 0x00, 0x00, 0x00, 0x00, 0x00, 0x00,
  0x00, 0x00, 0x00, 0x00, 0x00, 0x00, 0x00, 0x00, 0x00, 0x00, 0x00, 0x00, 0x00, 0x00, 0x00, 0x00,
  0x00, 0x00, 0x00, 0x00, 0x00, 0x00, 0x00, 0x00, 0x00, 0x00, 0x00, 0x00, 0x00, 0x00, 0x00, 0x00,
  0x00, 0x00, 0x00, 0x00, 0x00, 0x00, 0x00, 0x00, 0x00, 0x00, 0x00, 0x00, 0x00, 0x00, 0x00, 0x00,
  0x00, 0x00, 0x00, 0x00, 0x00, 0x00, 0x00, 0x00, 0x00, 0x00, 0x00, 0x00, 0x00, 0x00, 0x00, 0x00,
  0x00, 0x00, 0x00, 0x00, 0x00, 0x00, 0x00, 0x00, 0x00, 0x00, 0x00, 0x00, 0x00, 0x00, 0x00, 0x00,
  0x00, 0x00, 0x00, 0x00, 0x00, 0x00, 0x00, 0x00, 0x00, 0x00, 0x00, 0x00, 0x00, 0x00, 0x00, 0x00,
  0x00, 0x00, 0x00, 0x00, 0x80, 0x61, 0xc0, 0x60, 0xa0, 0x60, 0xc0, 0x68, 0x00, 0x00, 0x00, 0x50,
  0x00, 0x78, 0x60, 0x68, 0xc0, 0x68, 0xc0, 0x68, 0x00, 0x00, 0x00, 0xf8, 0x00, 0x78, 0x00, 0x78,
  0x00, 0xf8, 0xe0, 0x7b, 0x00, 0x78, 0x00, 0x00, 0x00, 0x00, 0x00, 0x00, 0x00, 0x00, 0xe0, 0x79,
  0xa0, 0xaa, 0x00, 0x00, 0x00, 0x00, 0x00, 0x00, 0x00, 0x00, 0x00, 0x00, 0x00, 0xf8, 0x00, 0x00,
  0x00, 0xf8, 0x00, 0x78, 0x00, 0xf8, 0x40, 0xb2, 0x00, 0xb8, 0x62, 0xa1, 0x40, 0x91, 0x21, 0x99,
  0x00, 0xf8, 0x00, 0xa8, 0x00, 0xa8, 0x00, 0x00, 0x00, 0xa8, 0x40, 0x91, 0xe0, 0x90, 0x60, 0xb1,
  0xa0, 0x88, 0x60, 0x78, 0xa0, 0x90, 0x80, 0x78, 0xc0, 0x90, 0xa0, 0x88, 0xa0, 0x88, 0xc0, 0x90,
  0xa0, 0x88, 0x40, 0x78, 0x60, 0x88, 0xa0, 0x90, 0x60, 0x70, 0x40, 0x70, 0xa0, 0x88, 0x80, 0x80,
  0x80, 0x80, 0xa0, 0x88, 0xe0, 0x90, 0xe0, 0x90, 0x80, 0x88, 0xe0, 0x90, 0xa0, 0x88, 0x40, 0x70,
  0x60, 0x70, 0x60, 0x78, 0x80, 0x88, 0x80, 0x88, 0xa0, 0x98, 0x40, 0xb1, 0x60, 0xc9, 0x60, 0x80,
  0x80, 0x80, 0x60, 0x70, 0x40, 0x68, 0x60, 0x80, 0xe0, 0x98, 0xc0, 0x90, 0xe0, 0xa8, 0xc0, 0x90,
  0x80, 0x80, 0x60, 0x78, 0xa0, 0x90, 0x80, 0x88, 0x80, 0x90, 0xa0, 0x98, 0x80, 0x88, 0xe0, 0xa0,
  0x60, 0x88, 0xa0, 0x88, 0x40, 0xa9, 0xe0, 0x98, 0xe0, 0x98, 0xe0, 0x90, 0x80, 0x88, 0xe0, 0xa0,
  0x60, 0x88, 0x80, 0x88, 0xa0, 0x88, 0xa0, 0x88, 0xa0, 0x98, 0xa0, 0x88, 0xa0, 0x90, 0xc0, 0x88,
  0xa0, 0x78, 0xe0, 0x90, 0x21, 0x91, 0xe0, 0x88, 0xc0, 0x90, 0xc0, 0x98, 0xe0, 0x88, 0x00, 0x89,
  0x20, 0x91, 0xa0, 0x90, 0x00, 0x00, 0x00, 0x89, 0xe0, 0x80, 0xc0, 0x78, 0xa0, 0x78, 0x00, 0x00,
  0xe0, 0x79, 0x00, 0xa8, 0x00, 0x78, 0xe0, 0x78, 0xc0, 0x78, 0x00, 0x79, 0x20, 0x91, 0x00, 0x78,
  0x00, 0x78, 0x00, 0x00, 0x00, 0x00, 0x00, 0x00, 0x00, 0x00, 0x00, 0x00, 0x00, 0x00, 0x00, 0x00,
  0x00, 0x00, 0x00, 0x00, 0x00, 0x00, 0x00, 0x00, 0x00, 0x00, 0x00, 0x00, 0x00, 0x00, 0x00, 0x00,
  0x00, 0x00, 0x00, 0x00, 0x00, 0x00, 0x00, 0x00, 0x00, 0x00, 0x00, 0x00, 0x00, 0x00, 0x00, 0x00,
  0x00, 0x00, 0x00, 0x00, 0x00, 0x00, 0x00, 0x00, 0x00, 0x00, 0x00, 0x00, 0x00, 0x00, 0x00, 0x00,
  0x00, 0x00, 0x00, 0x00, 0x00, 0x00, 0x00, 0x00, 0x00, 0x00, 0x00, 0x00, 0x00, 0x00, 0x00, 0x00,
  0x00, 0x00, 0x00, 0x00, 0x00, 0x00, 0x00, 0x00, 0x00, 0x00, 0x00, 0x00, 0x00, 0x00, 0x00, 0x00,
  0x00, 0x00, 0x00, 0x00, 0x00, 0x00, 0x00, 0x00, 0x00, 0x00, 0x00, 0x00, 0x00, 0x00, 0x00, 0x00,
  0x00, 0x00, 0x00, 0x00, 0x00, 0x00, 0x00, 0x00, 0x00, 0x00, 0x00, 0x00, 0x00, 0x00, 0x00, 0x00,
  0x00, 0x00, 0x00, 0x00, 0x00, 0x00, 0x00, 0x00, 0x00, 0x00, 0x00, 0x00, 0x00, 0x00, 0x00, 0x00,
  0x00, 0x00, 0x00, 0x00, 0x00, 0x00, 0x00, 0x00, 0x00, 0x00, 0x00, 0x00, 0x00, 0x00, 0x00, 0x00,
  0x00, 0x00, 0x00, 0x00, 0x00, 0x00, 0x00, 0x00, 0x00, 0x00, 0x00, 0x00, 0x00, 0x00, 0x00, 0x00,
  0x00, 0x00, 0x00, 0x00, 0x00, 0x00, 0x00, 0x00, 0x00, 0x00, 0x00, 0x00, 0x00, 0x00, 0x00, 0x00,
  0x00, 0x00, 0x00, 0x00, 0x00, 0x00, 0x00, 0x00, 0x00, 0x00, 0x00, 0x00, 0x00, 0x00, 0x00, 0x00,
  0x00, 0x00, 0x00, 0x00, 0x00, 0x00, 0x00, 0x00, 0x00, 0x00, 0x00, 0x00, 0x00, 0x00, 0x00, 0x00,
  0x00, 0x00, 0x80, 0x60, 0xa0, 0x60, 0xa0, 0x68, 0xa0, 0x68, 0x00, 0x50, 0x00, 0x00, 0xc0, 0x68,
  0xa0, 0x68, 0xc0, 0x70, 0x00, 0x78, 0xe0, 0x79, 0x40, 0xa9, 0x00, 0xf8, 0xa0, 0x52, 0x00, 0x50,
  0x00, 0xf8, 0x00, 0x00, 0x00, 0x00, 0x00, 0x78, 0x00, 0x00, 0x00, 0x00, 0x00, 0x00, 0x00, 0xf8,
  0x00, 0x00, 0x00, 0x00, 0x00, 0xf8, 0x00, 0x00, 0x00, 0x00, 0x00, 0x00, 0x80, 0x99, 0xe0, 0xb9,
  0x80, 0xc9, 0x80, 0x99, 0x40, 0x79, 0x40, 0xa9, 0xe0, 0xfb, 0x00, 0x00, 0x00, 0x78, 0xc0, 0xb0,
  0x00, 0x98, 0x80, 0x99, 0x20, 0xa9, 0xc0, 0x98, 0xa0, 0x98, 0x80, 0x88, 0xa0, 0x90, 0x60, 0x88,
  0x40, 0x78, 0xc0, 0x88, 0xa0, 0x90, 0xa0, 0x88, 0xa0, 0x88, 0xa0, 0x90, 0xa0, 0x88, 0xa0, 0x88,
  0x60, 0x78, 0x80, 0x90, 0xa0, 0x90, 0xa0, 0x80, 0x80, 0x80, 0x80, 0x80, 0xa0, 0x88, 0x80, 0x90,
  0xe0, 0x98, 0xc0, 0x98, 0xc0, 0x90, 0xa0, 0x88, 0x00, 0xa9, 0xa0, 0x90, 0xa0, 0x88, 0x80, 0x80,
  0x60, 0x78, 0x60, 0x88, 0x80, 0x88, 0x60, 0x88, 0x60, 0x78, 0xa0, 0xa0, 0x60, 0x90, 0x60, 0x88,
  0x00, 0xa1, 0xa0, 0x90, 0xc0, 0x98, 0x80, 0xa0, 0xa0, 0xa0, 0xa0, 0xa0, 0xa0, 0x98, 0xc0, 0xa0,
  0x60, 0x90, 0x80, 0x98, 0xa0, 0xa0, 0x80, 0x88, 0xc0, 0xa0, 0x60, 0x90, 0x60, 0x88, 0xe0, 0xa8,
  0xc0, 0xa8, 0xa0, 0x98, 0x00, 0xb1, 0x80, 0x98, 0xa0, 0xa0, 0x60, 0x80, 0x80, 0x88, 0x40, 0x80,
  0x20, 0x70, 0x60, 0x80, 0xa0, 0x90, 0x80, 0x88, 0xc0, 0x90, 0x80, 0xc9, 0x40, 0xa9, 0x20, 0x91,
  0xe0, 0x98, 0xc0, 0x90, 0x40, 0x91, 0x00, 0xb8, 0x00, 0xf8, 0xc0, 0x78, 0xa0, 0x88, 0xc0, 0x88,
  0xe0, 0x88, 0xa0, 0x88, 0x00, 0x00, 0x00, 0x00, 0x00, 0x50, 0x00, 0x78, 0x80, 0x61, 0x40, 0x79,
  0x20, 0x79, 0x00, 0x98, 0x00, 0x00, 0xe0, 0x88, 0x40, 0x79, 0x00, 0x78, 0xe0, 0x70, 0x00, 0x50,
  0x00, 0x00, 0x00, 0x00, 0x00, 0xf8, 0x80, 0x61, 0x00, 0x50, 0x00, 0x78, 0x00, 0x00, 0x00, 0x00,
  0x00, 0x00, 0x00, 0x00, 0x00, 0x00, 0x00, 0x00, 0x00, 0x00, 0x00, 0x00, 0x00, 0x00, 0x00, 0x00,
  0x00, 0x00, 0x00, 0x00, 0x00, 0x00, 0x00, 0x00, 0x00, 0x00, 0x00, 0x00, 0x00, 0x00, 0x00, 0x00,
  0x00, 0x00, 0x00, 0x00, 0x00, 0x00, 0x00, 0x00, 0x00, 0x00, 0x00, 0x00, 0x00, 0x00, 0x00, 0x00,
  0x00, 0x00, 0x00, 0x00, 0x00, 0x00, 0x00, 0x00, 0x00, 0x00, 0x00, 0x00, 0x00, 0x00, 0x00, 0x00,
  0x00, 0x00, 0x00, 0x00, 0x00, 0x00, 0x00, 0x00, 0x00, 0x00, 0x00, 0x00, 0x00, 0x00, 0x00, 0x00,
  0x00, 0x00, 0x00, 0x00, 0x00, 0x00, 0x00, 0x00, 0x00, 0x00, 0x00, 0x00, 0x00, 0x00, 0x00, 0x00,
  0x00, 0x00, 0x00, 0x00, 0x00, 0x00, 0x00, 0x00, 0x00, 0x00, 0x00, 0x00, 0x00, 0x00, 0x00, 0x00,
  0x00, 0x00, 0x00, 0x00, 0x00, 0x00, 0x00, 0x00, 0x00, 0x00, 0x00, 0x00, 0x00, 0x00, 0x00, 0x00,
  0x00, 0x00, 0x00, 0x00, 0x00, 0x00, 0x00, 0x00, 0x00, 0x00, 0x00, 0x00, 0x00, 0x00, 0x00, 0x00,
  0x00, 0x00, 0x00, 0x00, 0x00, 0x00, 0x00, 0x00, 0x00, 0x00, 0x00, 0x00, 0x00, 0x00, 0x00, 0x00,
  0x00, 0x00, 0x00, 0x00, 0x00, 0x00, 0x00, 0x00, 0x00, 0x00, 0x00, 0x00, 0x00, 0x00, 0x00, 0x00,
  0x00, 0x00, 0x00, 0x00, 0x00, 0x00, 0x00, 0x00, 0x00, 0x00, 0x00, 0x00, 0x00, 0x00, 0x00, 0x00,
  0x00, 0x00, 0x00, 0x00, 0x00, 0x00, 0x00, 0x00, 0x00, 0x00, 0x00, 0x00, 0x00, 0x00, 0xa0, 0x58,
  0x80, 0x60, 0xa0, 0x68, 0x80, 0x68, 0xe0, 0x68, 0x20, 0x69, 0xa0, 0x70, 0xa0, 0x70, 0xc0, 0x70,
  0x20, 0x79, 0x00, 0x98, 0x00, 0x78, 0x40, 0x79, 0x00, 0x78, 0x00, 0x00, 0x00, 0x00, 0x00, 0x00,
  0x00, 0xf8, 0x00, 0x00, 0x00, 0xf8, 0x00, 0x00, 0x00, 0x00, 0x00, 0xf8, 0x00, 0xf8, 0x00, 0xf8,
  0x00, 0x00, 0x00, 0x00, 0x00, 0xf8, 0x00, 0x00, 0x60, 0xa1, 0xe0, 0xa8, 0x80, 0x99, 0xc0, 0xa0,
  0xe0, 0xa0, 0xe0, 0xb9, 0x60, 0xa1, 0xa0, 0xa0, 0xe0, 0x88, 0xc0, 0x98, 0x00, 0x99, 0x40, 0xa9,
  0xa0, 0x88, 0xa0, 0x90, 0x80, 0x88, 0xa0, 0x88, 0x40, 0x78, 0xa0, 0x88, 0x80, 0x88, 0xa0, 0x90,
  0xa0, 0x88, 0x80, 0x88, 0x60, 0x78, 0x40, 0x70, 0x80, 0x78, 0x80, 0x80, 0xa0, 0x90, 0xc0, 0x98,
  0xc0, 0x98, 0xe0, 0xa8, 0x40, 0xb9, 0xc0, 0x98, 0xc0, 0x90, 0xc0, 0x90, 0xc0, 0xa0, 0xc0, 0x98,
  0x60, 0x88, 0x60, 0x80, 0x80, 0x88, 0x60, 0x80, 0xa0, 0x90, 0xc0, 0x98, 0x80, 0x90, 0xa0, 0x90,
  0xc0, 0x98, 0xc0, 0x90, 0xa0, 0x90, 0x40, 0x78, 0x60, 0x78, 0x80, 0x98, 0xa0, 0x90, 0xc0, 0x98,
  0x80, 0x98, 0x80, 0x98, 0x80, 0x90, 0x80, 0x88, 0xa0, 0x98, 0x60, 0x88, 0x60, 0x80, 0x80, 0x98,
  0x80, 0x90, 0x80, 0xa0, 0xa0, 0xa0, 0x80, 0x90, 0x80, 0x90, 0x60, 0x88, 0x60, 0x80, 0xa0, 0x98,
  0xa0, 0xa8, 0x60, 0x88, 0x40, 0x80, 0xc0, 0x98, 0x40, 0x78, 0x40, 0x70, 0x40, 0x80, 0x80, 0x90,
  0x80, 0x88, 0xa0, 0x88, 0xa0, 0x88, 0xa0, 0x88, 0xe0, 0x98, 0x00, 0x99, 0xe0, 0x90, 0xc0, 0x88,
  0xe0, 0x90, 0xe0, 0x98, 0x80, 0x99, 0xc0, 0x88, 0xe0, 0x88, 0xe0, 0x88, 0xc0, 0x88, 0xe0, 0x78,
  0xe0, 0x88, 0x00, 0x00, 0xe0, 0xfb, 0x80, 0x61, 0x80, 0x88, 0x00, 0x79, 0xc0, 0x78, 0xc0, 0x70,
  0x20, 0x79, 0xe0, 0x78, 0x00, 0x78, 0xc0, 0x70, 0xa0, 0x78, 0x00, 0x00, 0x00, 0x00, 0x00, 0x00,
  0x00, 0x00, 0x00, 0x00, 0x00, 0x00, 0x00, 0x78, 0x00, 0x78, 0xc0, 0x68, 0xe0, 0x7b, 0xa0, 0xaa,
  0x00, 0x00, 0x00, 0x00, 0x00, 0x00, 0x00, 0x00, 0x00, 0x00, 0x00, 0x00, 0x00, 0x00, 0x00, 0x00,
  0x00, 0x00, 0x00, 0x00, 0x00, 0x00, 0x00, 0x00, 0x00, 0x00, 0x00, 0x00, 0x00, 0x00, 0x00, 0x00,
  0x00, 0x00, 0x00, 0x00, 0x00, 0x00, 0x00, 0x00, 0x00, 0x00, 0x00, 0x00, 0x00, 0x00, 0x00, 0x00,
  0x00, 0x00, 0x00, 0x00, 0x00, 0x00, 0x00, 0x00, 0x00, 0x00, 0x00, 0x00, 0x00, 0x00, 0x00, 0x00,
  0x00, 0x00, 0x00, 0x00, 0x00, 0x00, 0x00, 0x00, 0x00, 0x00, 0x00, 0x00, 0x00, 0x00, 0x00, 0x00,
  0x00, 0x00, 0x00, 0x00, 0x00, 0x00, 0x00, 0x00, 0x00, 0x00, 0x00, 0x00, 0x00, 0x00, 0x00, 0x00,
  0x00, 0x00, 0x00, 0x00, 0x00, 0x00, 0x00, 0x00, 0x00, 0x00, 0x00, 0x00, 0x00, 0x00, 0x00, 0x00,
  0x00, 0x00, 0x00, 0x00, 0x00, 0x00, 0x00, 0x00, 0x00, 0x00, 0x00, 0x00, 0x00, 0x00, 0x00, 0x00,
  0x00, 0x00, 0x00, 0x00, 0x00, 0x00, 0x00, 0x00, 0x00, 0x00, 0x00, 0x00, 0x00, 0x00, 0x00, 0x00,
  0x00, 0x00, 0x00, 0x00, 0x00, 0x00, 0x00, 0x00, 0x00, 0x00, 0x00, 0x00, 0x00, 0x00, 0x00, 0x00,
  0x00, 0x00, 0x00, 0x00, 0x00, 0x00, 0x00, 0x00, 0x00, 0x00, 0x00, 0x00, 0x00, 0x00, 0x00, 0x00,
  0x00, 0x00, 0x00, 0x00, 0x00, 0x00, 0x00, 0x00, 0x00, 0x00, 0x00, 0x00, 0x00, 0x00, 0x00, 0x00,
  0x00, 0x00, 0x00, 0x00, 0x00, 0x00, 0x00, 0x00, 0x00, 0xf8, 0xe0, 0x78, 0xa0, 0x68, 0xa0, 0x70,
  0xa0, 0x68, 0xc0, 0x68, 0xe0, 0x78, 0xe0, 0x78, 0xa0, 0x68, 0xc0, 0x78, 0xa0, 0xa0, 0x00, 0x78,
  0x80, 0x61, 0x00, 0x00, 0x00, 0x00, 0x00, 0x00, 0x00, 0xf8, 0x00, 0x00, 0x00, 0x00, 0x00, 0x00,
  0x00, 0xf8, 0x00, 0x00, 0x00, 0x78, 0x00, 0x78, 0x00, 0x78, 0x00, 0xf8, 0x00, 0x00, 0x00, 0x78,
  0x00, 0x78, 0x20, 0xa1, 0x00, 0x99, 0x40, 0xa9, 0xe0, 0xa8, 0xe0, 0xa0, 0x00, 0x78, 0xc1, 0xa8,
  0x20, 0xa1, 0x40, 0xa9, 0x20, 0xa1, 0xa0, 0x98, 0x60, 0x90, 0xc0, 0xa0, 0xa0, 0x90, 0x60, 0x78,
  0x60, 0x80, 0x60, 0x88, 0xa0, 0x88, 0x80, 0x88, 0xa0, 0x90, 0x60, 0x88, 0x80, 0x88, 0x80, 0x80,
  0x60, 0x80, 0x80, 0x80, 0x80, 0x80, 0xa0, 0x90, 0xc0, 0xa0, 0x20, 0xb9, 0x40, 0xc1, 0xe0, 0x98,
  0xe0, 0x98, 0xc0, 0x90, 0xc0, 0x98, 0xa0, 0x88, 0xc0, 0x88, 0x60, 0x80, 0x60, 0x80, 0x80, 0x90,
  0x80, 0x88, 0x80, 0x80, 0xa0, 0x90, 0x80, 0x90, 0x60, 0x88, 0xc0, 0xa0, 0xa0, 0x88, 0x60, 0x80,
  0x80, 0x90, 0x80, 0x88, 0xa0, 0x98, 0x80, 0x90, 0xe0, 0xa0, 0x60, 0x98, 0x40, 0x88, 0x60, 0x88,
  0x40, 0x78, 0x80, 0x88, 0x80, 0xa0, 0x40, 0x80, 0x80, 0x88, 0x80, 0x98, 0xa0, 0xa0, 0x80, 0xa0,
  0x20, 0x78, 0x60, 0x80, 0x80, 0x90, 0x60, 0x90, 0x60, 0x90, 0x80, 0x98, 0x20, 0x78, 0x20, 0x78,
  0x60, 0x88, 0x60, 0x88, 0x80, 0x90, 0x60, 0x80, 0xa0, 0x90, 0xa0, 0x90, 0xc0, 0x90, 0xa0, 0x88,
  0xa0, 0x90, 0xc0, 0x98, 0xc0, 0x80, 0xa0, 0x88, 0xa0, 0xa0, 0x80, 0xc9, 0xa0, 0x80, 0x80, 0x78,
  0xa0, 0x80, 0xe0, 0x88, 0x00, 0x91, 0xe0, 0x88, 0xe0, 0x78, 0xc0, 0x78, 0x00, 0xa8, 0x40, 0x79,
  0x00, 0x78, 0x80, 0x99, 0x00, 0x89, 0xc0, 0x78, 0xe0, 0x78, 0xe0, 0x98, 0x00, 0x78, 0xa0, 0xaa,
  0x00, 0x71, 0x20, 0x79, 0x00, 0x00, 0x00, 0x00, 0x00, 0x00, 0x00, 0x00, 0x00, 0x00, 0x00, 0x00,
  0x00, 0x00, 0xa0, 0x78, 0xc0, 0x68, 0x00, 0xf8, 0x00, 0x78, 0x00, 0x00, 0x00, 0x00, 0x00, 0x00,
  0x00, 0x00, 0x00, 0x00, 0x00, 0x00, 0x00, 0x00, 0x00, 0x00, 0x00, 0x00, 0x00, 0x00, 0x00, 0x00,
  0x00, 0x00, 0x00, 0x00, 0x00, 0x00, 0x00, 0x00, 0x00, 0x00, 0x00, 0x00, 0x00, 0x00, 0x00, 0x00,
  0x00, 0x00, 0x00, 0x00, 0x00, 0x00, 0x00, 0x00, 0x00, 0x00, 0x00, 0x00, 0x00, 0x00, 0x00, 0x00,
  0x00, 0x00, 0x00, 0x00, 0x00, 0x00, 0x00, 0x00, 0x00, 0x00, 0x00, 0x00, 0x00, 0x00, 0x00, 0x00,
  0x00, 0x00, 0x00, 0x00, 0x00, 0x00, 0x00, 0x00, 0x00, 0x00, 0x00, 0x00, 0x00, 0x00, 0x00, 0x00,
  0x00, 0x00, 0x00, 0x00, 0x00, 0x00, 0x00, 0x00, 0x00, 0x00, 0x00, 0x00, 0x00, 0x00, 0x00, 0x00,
  0x00, 0x00, 0x00, 0x00, 0x00, 0x00, 0x00, 0x00, 0x00, 0x00, 0x00, 0x00, 0x00, 0x00, 0x00, 0x00,
  0x00, 0x00, 0x00, 0x00, 0x00, 0x00, 0x00, 0x00, 0x00, 0x00, 0x00, 0x00, 0x00, 0x00, 0x00, 0x00,
  0x00, 0x00, 0x00, 0x00, 0x00, 0x00, 0x00, 0x00, 0x00, 0x00, 0x00, 0x00, 0x00, 0x00, 0x00, 0x00,
  0x00, 0x00, 0x00, 0x00, 0x00, 0x00, 0x00, 0x00, 0x00, 0x00, 0x00, 0x00, 0x00, 0x00, 0x00, 0x00,
  0x00, 0x00, 0x00, 0x00, 0x00, 0x00, 0x00, 0x00, 0x00, 0x00, 0x00, 0x00, 0x00, 0x00, 0x00, 0x00,
  0x00, 0x00, 0x00, 0x00, 0x00, 0x00, 0x00, 0x00, 0x00, 0x00, 0x00, 0x00, 0x00, 0x00, 0x00, 0x00,
  0x00, 0x00, 0x00, 0x00, 0x00, 0x70, 0xa0, 0x70, 0x60, 0x78, 0x60, 0x78, 0xe0, 0x70, 0xc0, 0x70,
  0xc0, 0x78, 0x20, 0x79, 0xa0, 0x70, 0xa0, 0x70, 0xe0, 0x80, 0x40, 0xfd, 0x00, 0xf8, 0x00, 0x00,
  0x00, 0x00, 0x00, 0x00, 0x00, 0x78, 0xa0, 0xaa, 0xe0, 0x7b, 0xe0, 0xb9, 0x00, 0x78, 0x20, 0x99,
  0x40, 0xa9, 0x80, 0x99, 0x00, 0x78, 0x00, 0x00, 0xe0, 0xb9, 0x00, 0x00, 0xc0, 0xa8, 0x00, 0x99,
  0x20, 0xa1, 0xc0, 0x90, 0x20, 0x99, 0xa0, 0xaa, 0xe0, 0xa0, 0x20, 0xa1, 0x20, 0xa1, 0xc0, 0xd1,
  0x00, 0x91, 0x60, 0x90, 0xa0, 0xa8, 0xa0, 0x88, 0x80, 0x90, 0x60, 0x80, 0x60, 0x80, 0x80, 0x88,
  0xa0, 0x90, 0xa0, 0x88, 0x80, 0x90, 0x80, 0x88, 0xa0, 0x88, 0x60, 0x80, 0x80, 0x80, 0xa0, 0x88,
  0x60, 0x80, 0x80, 0x88, 0x20, 0x68, 0x40, 0x68, 0x80, 0x80, 0xa0, 0x90, 0xa0, 0x88, 0xc0, 0x90,
  0x80, 0x88, 0x60, 0x80, 0x60, 0x80, 0x60, 0x80, 0x80, 0x88, 0xa0, 0x90, 0xc0, 0x90, 0xa0, 0x90,
  0xa0, 0x90, 0xa0, 0x98, 0xa0, 0x98, 0xe0, 0x98, 0xa0, 0x90, 0x00, 0xa1, 0x80, 0x90, 0xa0, 0x90,
  0xa0, 0x90, 0x20, 0xa9, 0x60, 0x78, 0x40, 0x78, 0x80, 0x90, 0x40, 0x80, 0x40, 0x78, 0x80, 0x90,
  0x40, 0x88, 0x60, 0x88, 0xa0, 0x98, 0xa0, 0xa0, 0xa0, 0xa8, 0x60, 0x98, 0x80, 0xa0, 0x60, 0xa0,
  0x60, 0x98, 0x60, 0x88, 0x40, 0x78, 0x60, 0x88, 0x40, 0x88, 0x60, 0x88, 0x80, 0xa0, 0x60, 0x90,
  0x80, 0xa0, 0x60, 0x90, 0x40, 0x78, 0x80, 0x80, 0x80, 0x88, 0x80, 0x88, 0xa0, 0x88, 0xa0, 0x88,
  0xc0, 0x90, 0x80, 0x70, 0x80, 0x70, 0x80, 0x70, 0x80, 0x78, 0xa0, 0x80, 0x20, 0x99, 0xa0, 0x80,
  0xc0, 0x80, 0xe0, 0x80, 0x80, 0x99, 0xe0, 0x79, 0x00, 0x78, 0x80, 0x61, 0x00, 0xf8, 0x00, 0x78,
  0x20, 0x91, 0xe0, 0x80, 0x20, 0x81, 0x80, 0x88, 0x00, 0x78, 0xc0, 0x78, 0x80, 0x61, 0x40, 0x79,
  0x00, 0x00, 0x00, 0x00, 0x00, 0x78, 0x00, 0x00, 0xc0, 0x68, 0xc0, 0x68, 0x00, 0x78, 0xe0, 0x78,
  0x00, 0x00, 0x00, 0x00, 0x00, 0x00, 0x00, 0x00, 0x00, 0x00, 0x00, 0x00, 0x00, 0x00, 0x00, 0x00,
  0x00, 0x00, 0x00, 0x00, 0x00, 0x00, 0x00, 0x00, 0x00, 0x00, 0x00, 0x00, 0x00, 0x00, 0x00, 0x00,
  0x00, 0x00, 0x00, 0xf8, 0x00, 0xf8, 0x00, 0x00, 0x00, 0x00, 0x00, 0x00, 0x00, 0x00, 0x00, 0x00,
  0x00, 0x00, 0x00, 0x00, 0x00, 0x00, 0x00, 0x00, 0x00, 0x00, 0x00, 0x00, 0x00, 0x00, 0x00, 0x00,
  0x00, 0x00, 0x00, 0x00, 0x00, 0x00, 0x00, 0x00, 0x00, 0x00, 0x00, 0x00, 0x00, 0x00, 0x00, 0x00,
  0x00, 0x00, 0x00, 0x00, 0x00, 0x00, 0x00, 0x00, 0x00, 0x00, 0x00, 0x00, 0x00, 0x00, 0x00, 0x00,
  0x00, 0x00, 0x00, 0x00, 0x00, 0x00, 0x00, 0x00, 0x00, 0x00, 0x00, 0x00, 0x00, 0x00, 0x00, 0x00,
  0x00, 0x00, 0x00, 0x00, 0x00, 0x00, 0x00, 0x00, 0x00, 0x00, 0x00, 0x00, 0x00, 0x00, 0x00, 0x00,
  0x00, 0x00, 0x00, 0x00, 0x00, 0x00, 0x00, 0x00, 0x00, 0x00, 0x00, 0x00, 0x00, 0x00, 0x00, 0x00,
  0x00, 0x00, 0x00, 0x00, 0x00, 0x00, 0x00, 0x00, 0x00, 0x00, 0x00, 0x00, 0x00, 0x00, 0x00, 0x00,
  0x00, 0x00, 0x00, 0x00, 0x00, 0x00, 0x00, 0x00, 0x00, 0x00, 0x00, 0x00, 0x00, 0x00, 0x00, 0x00,
  0x00, 0x00, 0x00, 0x00, 0x00, 0x00, 0x00, 0x00, 0x00, 0x00, 0x00, 0x00, 0x00, 0x00, 0x00, 0x00,
  0x00, 0x00, 0x00, 0x00, 0x00, 0x00, 0x00, 0x00, 0x00, 0x00, 0x00, 0x00, 0x00, 0x00, 0x00, 0x00,
  0xe0, 0x7b, 0xa0, 0x68, 0xe0, 0x78, 0xc0, 0x60, 0xa0, 0x78, 0xc0, 0x70, 0xc0, 0x80, 0x60, 0x60,
  0x80, 0x68, 0xa0, 0x70, 0xa0, 0x78, 0xc0, 0x78, 0x00, 0xf8, 0x00, 0x00, 0x00, 0x00, 0x00, 0xa8,
  0xe0, 0x98, 0x00, 0x78, 0x00, 0x78, 0x80, 0xb1, 0x00, 0x99, 0xe0, 0xa8, 0xc0, 0x98, 0x00, 0xf8,
  0x00, 0x78, 0x00, 0x98, 0x60, 0xb9, 0x00, 0xa9, 0xe0, 0xa0, 0xe0, 0xa8, 0xe0, 0x98, 0xe0, 0xa0,
  0x00, 0xa1, 0x20, 0xa9, 0xe0, 0xa0, 0x20, 0xb1, 0xc0, 0x98, 0xa0, 0x98, 0xe0, 0xb0, 0xa0, 0x90,
  0xa0, 0x98, 0x00, 0xb9, 0x40, 0x78, 0x80, 0x80, 0xc0, 0x90, 0x80, 0x80, 0x60, 0x80, 0x60, 0x78,
  0x40, 0x78, 0x80, 0x88, 0x80, 0x88, 0x80, 0x80, 0x60, 0x80, 0x60, 0x78, 0x40, 0x70, 0x40, 0x78,
  0x20, 0x68, 0x40, 0x70, 0x60, 0x80, 0x60, 0x80, 0x40, 0x78, 0x80, 0x88, 0xe0, 0xa0, 0x60, 0x80,
  0x20, 0x68, 0x40, 0x78, 0x80, 0x88, 0x80, 0x98, 0xc0, 0xa0, 0x80, 0x90, 0x60, 0x80, 0x60, 0x90,
  0xa0, 0x98, 0xa0, 0x98, 0xc0, 0x98, 0xa0, 0x98, 0xc0, 0xa0, 0x80, 0x90, 0x40, 0x78, 0x20, 0x68,
  0x40, 0x80, 0x80, 0xa0, 0x80, 0xa0, 0x80, 0x98, 0x20, 0x78, 0x40, 0x88, 0xa0, 0xa8, 0x60, 0x90,
  0x40, 0x80, 0x60, 0x88, 0x60, 0x90, 0x40, 0x98, 0x40, 0xa0, 0x80, 0xb0, 0x60, 0x90, 0x60, 0xa0,
  0xe0, 0xc8, 0xa0, 0xa8, 0x60, 0x98, 0x60, 0x98, 0x40, 0xa0, 0xa0, 0xc0, 0x60, 0xa0, 0x20, 0x80,
  0x60, 0x80, 0x60, 0x88, 0xa0, 0x90, 0xa0, 0x90, 0xc0, 0x98, 0x80, 0x88, 0x80, 0x78, 0x80, 0x78,
  0xe0, 0x90, 0xc0, 0xa0, 0xe0, 0x90, 0xe0, 0x88, 0xa0, 0x88, 0xc0, 0x88, 0xa0, 0x88, 0xe0, 0x80,
  0xe0, 0x7b, 0x00, 0xf8, 0x00, 0xa8, 0x00, 0x78, 0x00, 0xf8, 0x00, 0x91, 0xe0, 0x80, 0xe0, 0x78,
  0xc0, 0x78, 0xc0, 0x80, 0xe0, 0x78, 0xc0, 0x78, 0x20, 0x69, 0xe0, 0x78, 0x00, 0x78, 0x00, 0x50,
  0x00, 0x00, 0xc0, 0x70, 0xc0, 0x70, 0x00, 0x00, 0x00, 0x00, 0x00, 0x00, 0x00, 0x00, 0x00, 0x00,
  0x00, 0x00, 0x00, 0x00, 0x00, 0x00, 0x00, 0x00, 0x00, 0x00, 0x00, 0x50, 0x00, 0x00, 0x00, 0x00,
  0x00, 0x00, 0x00, 0x00, 0x00, 0x00, 0x00, 0x00, 0x00, 0x00, 0x00, 0x00, 0x00, 0x00, 0x00, 0x00,
  0x00, 0x00, 0x00, 0x00, 0x00, 0x00, 0x00, 0x00, 0x00, 0x00, 0x00, 0x00, 0x00, 0x00, 0x00, 0x00,
  0x00, 0x00, 0x00, 0x00, 0x00, 0x00, 0x00, 0x00, 0x00, 0x00, 0x00, 0x00, 0x00, 0x00, 0x00, 0x00,
  0x00, 0x00, 0x00, 0x00, 0x00, 0x00, 0x00, 0x00, 0x00, 0x00, 0x00, 0x00, 0x00, 0x00, 0x00, 0x00,
  0x00, 0x00, 0x00, 0x00, 0x00, 0x00, 0x00, 0x00, 0x00, 0x00, 0x00, 0x00, 0x00, 0x00, 0x00, 0x00,
  0x00, 0x00, 0x00, 0x00, 0x00, 0x00, 0x00, 0x00, 0x00, 0x00, 0x00, 0x00, 0x00, 0x00, 0x00, 0x00,
  0x00, 0x00, 0x00, 0x00, 0x00, 0x00, 0x00, 0x00, 0x00, 0x00, 0x00, 0x00, 0x00, 0x00, 0x00, 0x00,
  0x00, 0x00, 0x00, 0x00, 0x00, 0x00, 0x00, 0x00, 0x00, 0x00, 0x00, 0x00, 0x00, 0x00, 0x00, 0x00,
  0x00, 0x00, 0x00, 0x00, 0x00, 0x00, 0x00, 0x00, 0x00, 0x00, 0x00, 0x00, 0x00, 0x00, 0x00, 0x00,
  0x00, 0x00, 0x00, 0x00, 0x00, 0x00, 0x00, 0x00, 0x00, 0x00, 0x00, 0x00, 0x00, 0x00, 0x00, 0x00,
  0x00, 0x00, 0x00, 0x00, 0x00, 0x00, 0x00, 0x00, 0x00, 0x00, 0x00, 0x00, 0x00, 0x00, 0x00, 0x00,
  0x00, 0x00, 0x00, 0xf8, 0x00, 0x00, 0x00, 0x00, 0x00, 0x00, 0x00, 0x00, 0x00, 0x00, 0x00, 0x00,
  0xa0, 0xaa, 0x00, 0x00, 0xe0, 0xfb, 0xc0, 0x78, 0xa0, 0x80, 0x80, 0x70, 0xa0, 0x68, 0x80, 0x70,
  0x80, 0x68, 0x80, 0x78, 0x40, 0xd1, 0x00, 0x90, 0xe0, 0x78, 0xc0, 0x98, 0x20, 0x91, 0xa0, 0xaa,
  0x20, 0x91, 0x00, 0x99, 0xe0, 0x98, 0x20, 0xb1, 0x80, 0x99, 0xc0, 0xb0, 0x20, 0xb1, 0x20, 0xa9,
  0x00, 0xa9, 0xe0, 0xa8, 0xc0, 0xa8, 0xe0, 0xa8, 0xc0, 0xa0, 0xc0, 0xa0, 0x00, 0xb1, 0xe0, 0xb0,
  0xe0, 0xa8, 0x60, 0x98, 0xe0, 0xb0, 0x00, 0xb9, 0x40, 0x78, 0x40, 0xb9, 0xc0, 0xa0, 0x40, 0x78,
  0x00, 0xb1, 0x80, 0x90, 0x40, 0x80, 0x60, 0x80, 0x60, 0x80, 0x60, 0x88, 0xa0, 0x98, 0xa0, 0x90,
  0xa0, 0x90, 0xc0, 0xa8, 0xa0, 0xa0, 0xc0, 0x98, 0xe0, 0xa8, 0x80, 0x90, 0x60, 0x80, 0xa0, 0xa0,
  0x40, 0x88, 0xa0, 0x90, 0x80, 0x90, 0x80, 0x88, 0x60, 0x90, 0x40, 0x88, 0x20, 0x70, 0x20, 0x78,
  0x40, 0x90, 0x80, 0xa8, 0x20, 0x80, 0x20, 0x80, 0x80, 0xa0, 0xc0, 0xa0, 0xa0, 0xa0, 0x60, 0x90,
  0x80, 0x98, 0xa0, 0xa0, 0x60, 0x90, 0x60, 0x88, 0x40, 0x90, 0x60, 0x88, 0x60, 0xa0, 0x40, 0x90,
  0x80, 0x90, 0x20, 0x90, 0x60, 0xa8, 0x80, 0xa0, 0x40, 0x90, 0x40, 0x98, 0x40, 0x88, 0x60, 0x98,
  0x60, 0xb8, 0x60, 0xb8, 0x20, 0x98, 0x60, 0xa0, 0x80, 0xb0, 0x40, 0xb0, 0x20, 0xa0, 0x40, 0x98,
  0x80, 0xb8, 0x80, 0xb0, 0x40, 0xb0, 0x20, 0x98, 0x20, 0x98, 0x60, 0x98, 0x80, 0x90, 0xa0, 0xa0,
  0x80, 0x90, 0x80, 0x88, 0x60, 0x80, 0xe0, 0xa8, 0xe0, 0xa8, 0xe0, 0x98, 0xe0, 0x90, 0xe0, 0x90,
  0xa0, 0x90, 0xe0, 0x90, 0xe0, 0x88, 0xe0, 0x88, 0xa0, 0x88, 0x00, 0x78, 0x80, 0x61, 0x00, 0xa8,
  0x40, 0x79, 0xc0, 0x89, 0xe0, 0x88, 0xe0, 0x98, 0xe0, 0x7b, 0xe0, 0x78, 0xe0, 0x78, 0xe0, 0x80,
  0xe0, 0x78, 0x20, 0x91, 0x20, 0x91, 0x20, 0x79, 0xe0, 0x78, 0xe0, 0x88, 0x00, 0x00, 0x00, 0x00,
  0x00, 0x00, 0x00, 0x00, 0x00, 0x00, 0x00, 0x00, 0x00, 0x00, 0x00, 0x00, 0x00, 0xf8, 0xe0, 0x7b,
  0x00, 0xa8, 0x80, 0x99, 0xc0, 0x78, 0x00, 0x78, 0x00, 0x00, 0x00, 0x00, 0x00, 0x00, 0x00, 0x00,
  0x00, 0x00, 0x00, 0x00, 0x00, 0x00, 0x00, 0x00, 0x00, 0x00, 0x00, 0x00, 0x00, 0x00, 0x00, 0x00,
  0x00, 0x00, 0x00, 0x00, 0x00, 0x00, 0x00, 0x00, 0x00, 0x00, 0x00, 0x00, 0x00, 0x00, 0x00, 0x00,
  0x00, 0x00, 0x00, 0x00, 0x00, 0x00, 0x00, 0x00, 0x00, 0x00, 0x00, 0x00, 0x00, 0x00, 0x00, 0x00,
  0x00, 0x00, 0x00, 0x00, 0x00, 0x00, 0x00, 0x00, 0x00, 0x00, 0x00, 0x00, 0x00, 0x00, 0x00, 0x00,
  0x00, 0x00, 0x00, 0x00, 0x00, 0x00, 0x00, 0x00, 0x00, 0x00, 0x00, 0x00, 0x00, 0x00, 0x00, 0x00,
  0x00, 0x00, 0x00, 0x00, 0x00, 0x00, 0x00, 0x00, 0x00, 0x00, 0x00, 0x00, 0x00, 0x00, 0x00, 0x00,
  0x00, 0x00, 0x00, 0x00, 0x00, 0x00, 0x00, 0x00, 0x00, 0x00, 0x00, 0x00, 0x00, 0x00, 0x00, 0x00,
  0x00, 0x00, 0x00, 0x00, 0x00, 0x00, 0x00, 0x00, 0x00, 0x00, 0x00, 0x00, 0x00, 0x00, 0x00, 0x00,
  0x00, 0x00, 0x00, 0x00, 0x00, 0x00, 0x00, 0x00, 0x00, 0x00, 0x00, 0x00, 0x00, 0x00, 0x00, 0x00,
  0x00, 0x00, 0x00, 0x00, 0x00, 0x00, 0x00, 0x00, 0x00, 0x00, 0x00, 0x00, 0x00, 0x00, 0x00, 0x00,
  0x00, 0x00, 0x00, 0x00, 0x00, 0x00, 0x00, 0x00, 0x00, 0x00, 0x00, 0x00, 0x00, 0x00, 0x00, 0x00,
  0x00, 0x00, 0x00, 0x00, 0x00, 0x00, 0x00, 0x00, 0x00, 0x00, 0x00, 0x00, 0x00, 0xa8, 0x40, 0x79,
  0x00, 0x78, 0xa0, 0x78, 0xa0, 0x78, 0xa0, 0x78, 0xe0, 0x78, 0x80, 0x70, 0x80, 0x70, 0xa0, 0x78,
  0x00, 0x99, 0xe0, 0x90, 0xe0, 0x98, 0xe0, 0xa8, 0xa0, 0xaa, 0x00, 0x00, 0x20, 0xa1, 0x00, 0x99,
  0x20, 0xa9, 0x60, 0xb1, 0x40, 0xb9, 0x40, 0xb9, 0x41, 0xb1, 0xe0, 0xa8, 0x00, 0xb1, 0xe0, 0xb0,
  0xe0, 0xa8, 0x00, 0xb1, 0xc0, 0xa8, 0x00, 0xb1, 0x20, 0xb1, 0xc0, 0xb0, 0x80, 0xd1, 0x60, 0xc9,
  0x20, 0x78, 0xa0, 0xc1, 0xa0, 0xd1, 0x40, 0x88, 0x80, 0x98, 0xa0, 0x90, 0x60, 0x88, 0x60, 0x88,
  0x60, 0x88, 0x40, 0x80, 0x60, 0x90, 0x80, 0x88, 0x60, 0x80, 0xa0, 0x90, 0xa0, 0x90, 0x80, 0x90,
  0xa0, 0x90, 0x40, 0x78, 0x20, 0x68, 0x40, 0x78, 0xa0, 0xa0, 0x80, 0x98, 0xa0, 0xa0, 0x60, 0x88,
  0xa0, 0x98, 0x80, 0xa0, 0x40, 0x88, 0x20, 0x70, 0x40, 0x78, 0x20, 0x68, 0x40, 0x88, 0x00, 0x78,
  0x80, 0x90, 0xa0, 0xa8, 0x80, 0x98, 0xa0, 0x98, 0x60, 0x88, 0x20, 0x80, 0x40, 0x88, 0x60, 0x88,
  0x40, 0x80, 0x40, 0x78, 0x00, 0x70, 0x40, 0x90, 0x20, 0x88, 0x60, 0x90, 0x40, 0x98, 0x40, 0x98,
  0x40, 0x90, 0x60, 0x90, 0x80, 0xa8, 0x80, 0xa8, 0x80, 0xb0, 0x60, 0xa8, 0x40, 0x90, 0x60, 0x98,
  0x80, 0xd0, 0x80, 0xd8, 0xe0, 0xe0, 0xe0, 0xe8, 0xc0, 0xe0, 0xa0, 0xe8, 0x80, 0xe0, 0x60, 0xb8,
  0x00, 0x90, 0x40, 0xa8, 0x40, 0x90, 0x60, 0x88, 0x40, 0x80, 0x80, 0x88, 0xa0, 0x90, 0xa0, 0x88,
  0x80, 0x80, 0xa0, 0x90, 0xa0, 0x90, 0xe0, 0xa0, 0xc0, 0x88, 0xe0, 0x90, 0xc0, 0x88, 0xe0, 0x88,
  0xc0, 0x88, 0xc0, 0x88, 0x00, 0x00, 0x00, 0x78, 0x00, 0x78, 0x00, 0x50, 0x60, 0x89, 0xe0, 0x80,
  0xc0, 0x78, 0xe0, 0x88, 0xe0, 0x78, 0xe0, 0x80, 0x00, 0x99, 0xe0, 0x78, 0xc0, 0x78, 0xa0, 0x78,
  0xe0, 0x78, 0x00, 0x78, 0xe0, 0x79, 0x40, 0x79, 0x00, 0x90, 0x00, 0x50, 0x00, 0x00, 0x00, 0xf8,
  0x00, 0x00, 0x00, 0x00, 0x00, 0x00, 0x00, 0x78, 0xa0, 0xaa, 0x80, 0x60, 0x80, 0x40, 0xc0, 0x58,
  0x00, 0x50, 0x00, 0x00, 0x00, 0x00, 0x00, 0x00, 0x00, 0x00, 0x00, 0x00, 0x00, 0x00, 0x00, 0x00,
  0x00, 0x00, 0x00, 0x00, 0x00, 0x00, 0x00, 0x00, 0x00, 0x00, 0x00, 0x00, 0x00, 0x00, 0x00, 0x00,
  0x00, 0x00, 0x00, 0x00, 0x00, 0x00, 0x00, 0x00, 0x00, 0x00, 0x00, 0x00, 0x00, 0x00, 0x00, 0x00,
  0x00, 0x00, 0x00, 0x00, 0x00, 0x00, 0x00, 0x00, 0x00, 0x00, 0x00, 0x00, 0x00, 0x00, 0x00, 0x00,
  0x00, 0x00, 0x00, 0x00, 0x00, 0x00, 0x00, 0x00, 0x00, 0x00, 0x00, 0x00, 0x00, 0x00, 0x00, 0x00,
  0x00, 0x00, 0x00, 0x00, 0x00, 0x00, 0x00, 0x00, 0x00, 0x00, 0x00, 0x00, 0x00, 0x00, 0x00, 0x00,
  0x00, 0x00, 0x00, 0x00, 0x00, 0x00, 0x00, 0x00, 0x00, 0x00, 0x00, 0x00, 0x00, 0x00, 0x00, 0x00,
  0x00, 0x00, 0x00, 0x00, 0x00, 0x00, 0x00, 0x00, 0x00, 0x00, 0x00, 0x00, 0x00, 0x00, 0x00, 0x00,
  0x00, 0x00, 0x00, 0x00, 0x00, 0x00, 0x00, 0x00, 0x00, 0x00, 0x00, 0x00, 0x00, 0x00, 0x00, 0x00,
  0x00, 0x00, 0x00, 0x00, 0x00, 0x00, 0x00, 0x00, 0x00, 0x00, 0x00, 0x00, 0x00, 0x00, 0x00, 0x00,
  0x00, 0x00, 0x00, 0x00, 0x00, 0x00, 0x00, 0x00, 0x00, 0x00, 0x00, 0x00, 0x00, 0x00, 0x00, 0x00,
  0x00, 0xf8, 0x00, 0x00, 0x00, 0x00, 0x00, 0x00, 0x00, 0x00, 0x00, 0x00, 0x00, 0x00, 0x00, 0x00,
  0x00, 0x00, 0x00, 0x00, 0x00, 0xf8, 0x00, 0x00, 0x00, 0xf8, 0x00, 0x78, 0x20, 0x79, 0xe0, 0x80,
  0xa0, 0x78, 0xa0, 0x78, 0xc0, 0x80, 0xa0, 0x78, 0x60, 0x70, 0x80, 0x78, 0xe0, 0x90, 0x20, 0xa1,
  0x20, 0xb1, 0xe0, 0xa8, 0x20, 0x99, 0x80, 0xb1, 0x00, 0xa1, 0x00, 0xa1, 0x20, 0xb1, 0x20, 0xa9,
  0x60, 0xb9, 0x60, 0xb9, 0x00, 0xa9, 0xa0, 0xa0, 0x00, 0xb9, 0xe0, 0xb0, 0xe0, 0xa8, 0xe0, 0xa8,
  0x20, 0xc1, 0x80, 0xb0, 0xc0, 0xd9, 0xc0, 0xe1, 0x40, 0xa0, 0x00, 0xb2, 0x61, 0xf3, 0x80, 0x98,
  0xa0, 0xa0, 0x80, 0x98, 0x80, 0x98, 0x80, 0x98, 0x40, 0x80, 0x80, 0x98, 0x80, 0x98, 0x80, 0x88,
  0x60, 0x88, 0x60, 0x80, 0x80, 0x88, 0x80, 0x80, 0xa0, 0x90, 0xc0, 0xa0, 0x80, 0x90, 0xa0, 0x90,
  0x40, 0xb1, 0xa0, 0xa8, 0xa0, 0xa0, 0x80, 0x88, 0xa0, 0x88, 0x80, 0x80, 0x80, 0x98, 0xe0, 0xc0,
  0xa0, 0xb8, 0x80, 0xb0, 0x80, 0xa0, 0x80, 0xa0, 0x80, 0xb0, 0xa0, 0xa0, 0x60, 0x80, 0x60, 0x90,
  0x60, 0x90, 0x20, 0x80, 0x20, 0x88, 0x20, 0x80, 0x20, 0x78, 0x00, 0x70, 0x20, 0x80, 0xa0, 0xb0,
  0x60, 0xa0, 0x80, 0xa8, 0x60, 0x98, 0x80, 0xa8, 0x60, 0xa0, 0x80, 0xa8, 0xa0, 0xb8, 0xa0, 0xc8,
  0x60, 0xa8, 0x80, 0xc0, 0x80, 0xb8, 0x00, 0xd9, 0xc0, 0xe0, 0xe0, 0xe8, 0x00, 0xfa, 0xe0, 0xf1,
  0x20, 0xe9, 0x40, 0xe8, 0x20, 0xe8, 0x20, 0xe9, 0x00, 0xd9, 0x40, 0xc0, 0x60, 0xa8, 0x80, 0xa0,
  0xa0, 0xa8, 0x80, 0x90, 0x80, 0x90, 0xa0, 0x88, 0xa0, 0x90, 0x60, 0x88, 0xc0, 0x90, 0xa0, 0x90,
  0xe0, 0x90, 0xa0, 0x90, 0xc0, 0x90, 0xc0, 0x90, 0xe0, 0x90, 0xc0, 0x88, 0x00, 0x89, 0x80, 0x99,
  0x00, 0x78, 0x00, 0x00, 0x00, 0x00, 0xe0, 0x88, 0xe0, 0x80, 0xe0, 0x80, 0xc0, 0x80, 0xe0, 0x78,
  0xe0, 0x88, 0xe0, 0x88, 0xe0, 0x78, 0xc0, 0x70, 0xc0, 0x78, 0xc0, 0x70, 0x00, 0x79, 0xe0, 0x70,
  0xe0, 0x70, 0xe0, 0x78, 0x00, 0x60, 0x00, 0x00, 0x00, 0x00, 0x00, 0x00, 0x00, 0x00, 0x00, 0x00,
  0x20, 0x69, 0x00, 0x00, 0x40, 0x91, 0x20, 0xa9, 0x00, 0xa1, 0x00, 0x00, 0x00, 0xf8, 0x00, 0x00,
  0x00, 0x00, 0x00, 0x00, 0x00, 0x00, 0x00, 0x00, 0x00, 0x00, 0x00, 0x00, 0x00, 0x00, 0x00, 0x00,
  0x00, 0x00, 0x00, 0x00, 0x00, 0x00, 0x00, 0x00, 0x00, 0x00, 0x00, 0x00, 0x00, 0x00, 0x00, 0x00,
  0x00, 0x00, 0x00, 0x00, 0x00, 0x00, 0x00, 0x00, 0x00, 0x00, 0x00, 0x00, 0x00, 0x00, 0x00, 0x00,
  0x00, 0x00, 0x00, 0x00, 0x00, 0x00, 0x00, 0x00, 0x00, 0x00, 0x00, 0x00, 0x00, 0x00, 0x00, 0x00,
  0x00, 0x00, 0x00, 0x00, 0x00, 0x00, 0x00, 0x00, 0x00, 0x00, 0x00, 0x00, 0x00, 0x00, 0x00, 0x00,
  0x00, 0x00, 0x00, 0x00, 0x00, 0x00, 0x00, 0x00, 0x00, 0x00, 0x00, 0x00, 0x00, 0x00, 0x00, 0x00,
  0x00, 0x00, 0x00, 0x00, 0x00, 0x00, 0x00, 0x00, 0x00, 0x00, 0x00, 0x00, 0x00, 0x00, 0x00, 0x00,
  0x00, 0x00, 0x00, 0x00, 0x00, 0x00, 0x00, 0x00, 0x00, 0x00, 0x00, 0x00, 0x00, 0x00, 0x00, 0x00,
  0x00, 0x00, 0x00, 0x00, 0x00, 0x00, 0x00, 0x00, 0x00, 0x00, 0x00, 0x00, 0x00, 0x00, 0x00, 0x00,
  0x00, 0x00, 0x00, 0x00, 0x00, 0x00, 0x00, 0x00, 0x00, 0x00, 0x00, 0x00, 0x00, 0x00, 0x00, 0x00,
  0x00, 0x00, 0x00, 0x00, 0x00, 0x00, 0x00, 0x00, 0x00, 0x00, 0x00, 0x00, 0x00, 0x00, 0x00, 0x00,
  0x00, 0x00, 0x00, 0x00, 0x00, 0x00, 0x00, 0x00, 0x00, 0x00, 0x00, 0x00, 0x00, 0x00, 0x00, 0x00,
  0x00, 0x00, 0x00, 0xf8, 0x00, 0x00, 0xe0, 0x88, 0x80, 0x99, 0xc0, 0x88, 0xc0, 0x80, 0xc0, 0x80,
  0xa0, 0x80, 0xc0, 0x88, 0x80, 0x78, 0x60, 0x78, 0xc0, 0x88, 0x00, 0xa1, 0x00, 0xa9, 0xc0, 0xc1,
  0x20, 0xa9, 0x40, 0xa9, 0x01, 0xb1, 0x00, 0xb1, 0x00, 0xb1, 0x60, 0xc1, 0xa0, 0xc1, 0x20, 0xb9,
  0xc0, 0xa8, 0xc0, 0xa8, 0x00, 0xb1, 0x20, 0xc1, 0x40, 0xc1, 0x40, 0xc9, 0x20, 0xe2, 0x20, 0xea,
  0xe0, 0xd0, 0x40, 0xb9, 0x40, 0xf3, 0x00, 0xb9, 0x80, 0xb0, 0xc0, 0xa8, 0x80, 0x90, 0x60, 0x90,
  0x60, 0x88, 0x60, 0x80, 0x20, 0x70, 0xa0, 0xa8, 0x60, 0x88, 0x40, 0x68, 0x80, 0x88, 0x80, 0x88,
  0xc0, 0x90, 0xc0, 0xa0, 0xe0, 0xa0, 0x00, 0xa9, 0x00, 0xa9, 0x20, 0xa9, 0xa0, 0x90, 0xa0, 0x98,
  0xa0, 0x90, 0xa0, 0x98, 0x00, 0xb9, 0xe0, 0xb8, 0x00, 0xb9, 0x60, 0x90, 0x40, 0x88, 0x40, 0x80,
  0xa0, 0xa8, 0xa0, 0xb8, 0x40, 0x88, 0x60, 0x90, 0x60, 0x88, 0x80, 0x98, 0x60, 0x98, 0x80, 0xa8,
  0xa0, 0xb0, 0x80, 0xb0, 0xa0, 0xc8, 0x00, 0xd1, 0x80, 0xb0, 0x60, 0x98, 0x80, 0xa0, 0x60, 0xa0,
  0x60, 0xa8, 0x60, 0xb0, 0xa0, 0xc0, 0xe0, 0xd8, 0xe0, 0xe0, 0xe0, 0xd8, 0xa0, 0xd0, 0xe0, 0xe0,
  0x40, 0xe9, 0x20, 0xf1, 0xc0, 0xf9, 0xa0, 0xf9, 0x20, 0xe8, 0xc0, 0xe8, 0x40, 0xf2, 0x68, 0xfd,
  0x65, 0xff, 0x80, 0xfa, 0x40, 0xd0, 0x60, 0xb8, 0xa0, 0xa8, 0x80, 0x90, 0x60, 0x90, 0xa0, 0x98,
  0xa0, 0x88, 0x60, 0x78, 0x80, 0x88, 0xc0, 0x90, 0xe0, 0xa0, 0xe0, 0x90, 0xa0, 0x88, 0xc0, 0x98,
  0xc0, 0x90, 0xa0, 0x88, 0x80, 0x80, 0xc0, 0x88, 0x20, 0x99, 0x20, 0x89, 0x20, 0x89, 0xc0, 0x70,
  0xc0, 0x78, 0xe0, 0x80, 0xe0, 0x88, 0xe0, 0x78, 0xe0, 0x80, 0xe0, 0x80, 0xa0, 0x70, 0xe0, 0x70,
  0xe0, 0x70, 0xa0, 0x70, 0xa0, 0x60, 0xe0, 0x70, 0xc0, 0x78, 0x20, 0x69, 0x00, 0x00, 0x00, 0x00,
  0x00, 0x00, 0x00, 0x00, 0x00, 0x00, 0x00, 0x00, 0x00, 0x00, 0x40, 0x79, 0x00, 0x00, 0x60, 0x99,
  0x40, 0xa1, 0x00, 0x89, 0x00, 0x00, 0x00, 0x78, 0x00, 0x00, 0x00, 0x00, 0x00, 0x00, 0x00, 0x00,
  0x00, 0x00, 0x00, 0x00, 0x00, 0x00, 0x00, 0x00, 0x00, 0x00, 0x00, 0x00, 0x00, 0x00, 0x00, 0x00,
  0x00, 0x00, 0x00, 0x00, 0x00, 0x00, 0x00, 0x00, 0x00, 0x00, 0x00, 0x00, 0x00, 0x00, 0x00, 0x00,
  0x00, 0x00, 0x00, 0x00, 0x00, 0x00, 0x00, 0x00, 0x00, 0x00, 0x00, 0x00, 0x00, 0x00, 0x00, 0x00,
  0x00, 0x00, 0x00, 0x00, 0x00, 0x00, 0x00, 0x00, 0x00, 0x00, 0x00, 0x00, 0x00, 0x00, 0x00, 0x00,
  0x00, 0x00, 0x00, 0x00, 0x00, 0x00, 0x00, 0x00, 0x00, 0x00, 0x00, 0x00, 0x00, 0x00, 0x00, 0x00,
  0x00, 0x00, 0x00, 0x00, 0x00, 0x00, 0x00, 0x00, 0x00, 0x00, 0x00, 0x00, 0x00, 0x00, 0x00, 0x00,
  0x00, 0x00, 0x00, 0x00, 0x00, 0x00, 0x00, 0x00, 0x00, 0x00, 0x00, 0x00, 0x00, 0x00, 0x00, 0x00,
  0x00, 0x00, 0x00, 0x00, 0x00, 0x00, 0x00, 0x00, 0x00, 0x00, 0x00, 0x00, 0x00, 0x00, 0x00, 0x00,
  0x00, 0x00, 0x00, 0x00, 0x00, 0x00, 0x00, 0x00, 0x00, 0x00, 0x00, 0x00, 0x00, 0x00, 0x00, 0x00,
  0x00, 0x00, 0x00, 0x00, 0x00, 0x00, 0x00, 0x00, 0x00, 0x00, 0x00, 0x00, 0x00, 0x00, 0x00, 0x00,
  0x00, 0x00, 0x00, 0x00, 0x00, 0x00, 0x00, 0x00, 0x00, 0x00, 0x00, 0x00, 0x00, 0x00, 0x00, 0x00,
  0x00, 0x00, 0x00, 0x00, 0x00, 0x00, 0x00, 0x00, 0x00, 0x00, 0x00, 0x00, 0x00, 0x00, 0x00, 0x00,
  0x80, 0x61, 0xe0, 0x78, 0xe0, 0x88, 0x60, 0xa9, 0xc0, 0x80, 0xc0, 0x88, 0xc0, 0x90, 0xa0, 0x90,
  0xa0, 0x80, 0x80, 0x80, 0x60, 0x78, 0x60, 0x78, 0xe0, 0xa0, 0x20, 0xa9, 0xe1, 0xa8, 0x41, 0xb9,
  0x40, 0xb9, 0x00, 0xb1, 0x40, 0xb9, 0x20, 0xb9, 0x00, 0xb1, 0x00, 0xc1, 0xe0, 0xb8, 0xe0, 0xb8,
  0x40, 0xc9, 0xc0, 0xb8, 0x60, 0xd9, 0x80, 0xfb, 0x40, 0xea, 0x40, 0xd9, 0x00, 0xe2, 0x80, 0xd1,
  0x20, 0xd1, 0x00, 0xc9, 0x60, 0x90, 0x20, 0x80, 0x60, 0x90, 0xa0, 0x98, 0x80, 0x98, 0x20, 0x78,
  0x80, 0x98, 0xc0, 0x98, 0x60, 0x88, 0x20, 0x68, 0x80, 0x88, 0xa0, 0x98, 0xe0, 0xa0, 0x00, 0xa9,
  0xe0, 0xa0, 0xe0, 0xa0, 0x20, 0xb1, 0x80, 0x90, 0xa0, 0xa0, 0x40, 0xc9, 0xe0, 0xb8, 0xa0, 0xa0,
  0x40, 0x88, 0x00, 0x60, 0x00, 0x58, 0x00, 0x60, 0x00, 0x58, 0x20, 0x80, 0x40, 0x88, 0x40, 0x88,
  0x20, 0x80, 0x00, 0x68, 0x20, 0x80, 0x80, 0xa0, 0x60, 0x98, 0x40, 0x98, 0x40, 0x88, 0x60, 0x98,
  0xa0, 0xb0, 0x60, 0xa0, 0x60, 0xa8, 0x40, 0xa0, 0xa0, 0xc8, 0xc0, 0xc8, 0xa0, 0xd0, 0x00, 0xe1,
  0x00, 0xe9, 0x00, 0xe9, 0xc0, 0xe0, 0x00, 0xe1, 0x20, 0xe9, 0xc0, 0xf1, 0x60, 0xf9, 0x00, 0xf1,
  0xc0, 0xf0, 0x62, 0xfb, 0xe7, 0xfe, 0xa8, 0xff, 0xf6, 0xff, 0xaa, 0xfe, 0x40, 0xfa, 0x20, 0xc8,
  0x60, 0xa8, 0x80, 0x90, 0x60, 0x80, 0x40, 0x70, 0x80, 0x88, 0xa0, 0x90, 0x60, 0x80, 0x80, 0x80,
  0x00, 0xa1, 0xc0, 0x88, 0xa0, 0x88, 0xa0, 0x88, 0x60, 0x78, 0x80, 0x78, 0xe0, 0xa0, 0x80, 0x80,
  0xa0, 0x80, 0x40, 0x99, 0xa0, 0x88, 0xe0, 0x88, 0xa0, 0x70, 0xa0, 0x78, 0xe0, 0x88, 0xe0, 0x80,
  0xe0, 0x80, 0xc0, 0x80, 0xc0, 0x80, 0xe0, 0x88, 0xc0, 0x70, 0xc0, 0x78, 0xa0, 0x78, 0x80, 0x68,
  0xe0, 0x78, 0x00, 0x00, 0x00, 0x78, 0x80, 0x70, 0xe0, 0x70, 0x00, 0x78, 0x00, 0x00, 0x00, 0x00,
  0x00, 0xf8, 0x00, 0x00, 0x00, 0x78, 0xe0, 0x7b, 0x00, 0x28, 0x60, 0x08, 0x00, 0x00, 0x00, 0xf8,
  0x00, 0x00, 0x00, 0x00, 0x00, 0x00, 0x00, 0x00, 0x00, 0x00, 0x00, 0x00, 0x00, 0x00, 0x00, 0x00,
  0x00, 0x00, 0x00, 0x00, 0x00, 0x00, 0x00, 0x00, 0x00, 0x00, 0x00, 0x00, 0x00, 0x00, 0x00, 0x00,
  0x00, 0x00, 0x00, 0x00, 0x00, 0x00, 0x00, 0x00, 0x00, 0x00, 0x00, 0x00, 0x00, 0x00, 0x00, 0x00,
  0x00, 0x00, 0x00, 0x00, 0x00, 0x00, 0x00, 0x00, 0x00, 0x00, 0x00, 0x00, 0x00, 0x00, 0x00, 0x00,
  0x00, 0x00, 0x00, 0x00, 0x00, 0x00, 0x00, 0x00, 0x00, 0x00, 0x00, 0x00, 0x00, 0x00, 0x00, 0x00,
  0x00, 0x00, 0x00, 0x00, 0x00, 0x00, 0x00, 0x00, 0x00, 0x00, 0x00, 0x00, 0x00, 0x00, 0x00, 0x00,
  0x00, 0x00, 0x00, 0x00, 0x00, 0x00, 0x00, 0x00, 0x00, 0x00, 0x00, 0x00, 0x00, 0x00, 0x00, 0x00,
  0x00, 0x00, 0x00, 0x00, 0x00, 0x00, 0x00, 0x00, 0x00, 0x00, 0x00, 0x00, 0x00, 0x00, 0x00, 0x00,
  0x00, 0x00, 0x00, 0x00, 0x00, 0x00, 0x00, 0x00, 0x00, 0x00, 0x00, 0x00, 0x00, 0x00, 0x00, 0x00,
  0x00, 0x00, 0x00, 0x00, 0x00, 0x00, 0x00, 0x00, 0x00, 0x00, 0x00, 0x00, 0x00, 0x00, 0x00, 0x00,
  0x00, 0x00, 0x00, 0x00, 0x00, 0x00, 0x00, 0x00, 0x00, 0x00, 0x00, 0x00, 0x00, 0x00, 0x00, 0x00,
  0x00, 0x00, 0x00, 0x00, 0x00, 0x00, 0x00, 0x00, 0x00, 0x00, 0x00, 0x00, 0x00, 0x00, 0x00, 0xf8,
  0x00, 0x00, 0x00, 0x00, 0x00, 0x00, 0x00, 0x00, 0x00, 0x00, 0x00, 0x00, 0xe0, 0x88, 0xe0, 0x90,
  0x20, 0x91, 0x00, 0x91, 0xc0, 0x88, 0xc0, 0x90, 0xe0, 0x98, 0xe0, 0x90, 0xc0, 0x80, 0xa0, 0x90,
  0x60, 0x90, 0x60, 0x88, 0x80, 0x90, 0xe0, 0xa8, 0x41, 0xb9, 0x20, 0xb9, 0x00, 0xb9, 0x00, 0xb1,
  0xe0, 0xb0, 0xc0, 0xa8, 0xc0, 0xb0, 0xa0, 0xa8, 0x60, 0xc9, 0x40, 0xc9, 0x60, 0xb8, 0x80, 0xfb,
  0x80, 0xf3, 0xc0, 0xd8, 0x40, 0xea, 0x00, 0xda, 0x00, 0xc1, 0xc0, 0xa8, 0x60, 0x90, 0x60, 0x88,
  0x80, 0x98, 0xc0, 0xa8, 0xe0, 0xb8, 0xa0, 0xa8, 0x60, 0x88, 0x60, 0x78, 0x40, 0x88, 0x00, 0x90,
  0x80, 0x98, 0x80, 0x88, 0x80, 0x88, 0x80, 0xa0, 0xc0, 0xa8, 0xa0, 0x90, 0x60, 0x80, 0x00, 0xb1,
  0xc0, 0xa8, 0x60, 0xa0, 0x60, 0x90, 0x60, 0x90, 0xa0, 0xa8, 0xa0, 0xa0, 0x60, 0x80, 0x60, 0x88,
  0x60, 0x90, 0xa0, 0xa8, 0x40, 0x80, 0x60, 0x90, 0x40, 0x88, 0x00, 0x68, 0x60, 0x98, 0x60, 0x98,
  0x20, 0x98, 0x20, 0x90, 0x20, 0x88, 0x60, 0xa0, 0xa0, 0xb0, 0x60, 0xa8, 0x80, 0xa8, 0x80, 0xb0,
  0x60, 0xe1, 0x60, 0xb8, 0x40, 0xb8, 0xa0, 0xd0, 0xa0, 0xc0, 0x80, 0xd0, 0x60, 0xd8, 0xc0, 0xe0,
  0x00, 0xe9, 0xa0, 0xe8, 0x40, 0xf1, 0x60, 0xf0, 0xa4, 0xfb, 0x11, 0xff, 0xfa, 0xff, 0xfa, 0xff,
  0x73, 0xff, 0x6b, 0xff, 0x80, 0xfd, 0x60, 0xe8, 0x20, 0xb0, 0x60, 0xb0, 0x20, 0x98, 0x20, 0x78,
  0x60, 0x78, 0x60, 0x88, 0x60, 0x90, 0x80, 0x88, 0x80, 0x88, 0xc0, 0x88, 0xc0, 0x90, 0xa0, 0x90,
  0xc0, 0x90, 0xc0, 0x90, 0x80, 0x88, 0x80, 0x80, 0xa0, 0x80, 0x00, 0x99, 0x20, 0x99, 0xa0, 0xaa,
  0x20, 0x91, 0xe0, 0x98, 0x60, 0xa9, 0x80, 0x88, 0xe0, 0x88, 0xa0, 0x90, 0xc0, 0x98, 0x00, 0x89,
  0x00, 0x89, 0xa0, 0x90, 0xc0, 0x80, 0xe0, 0x80, 0x00, 0x89, 0xe0, 0x98, 0x20, 0x81, 0xc0, 0x78,
  0x00, 0x81, 0xa0, 0x70, 0xa0, 0x70, 0x00, 0x00, 0x00, 0x00, 0x00, 0x00, 0x00, 0xf8, 0x00, 0x00,
  0x00, 0x00, 0x80, 0x61, 0x20, 0x79, 0xa0, 0xaa, 0x00, 0x00, 0x00, 0x00, 0x00, 0x00, 0x00, 0x00,
  0x00, 0x00, 0x00, 0x00, 0x00, 0x00, 0x00, 0x00, 0x00, 0x00, 0x00, 0x00, 0x00, 0x00, 0x00, 0x00,
  0x00, 0x00, 0x00, 0x00, 0x00, 0x00, 0x00, 0x00, 0x00, 0x00, 0x00, 0x00, 0x00, 0x00, 0x00, 0x00,
  0x00, 0x00, 0x00, 0x00, 0x00, 0x00, 0x00, 0x00, 0x00, 0x00, 0x00, 0x00, 0x00, 0x00, 0x00, 0x00,
  0x00, 0x00, 0x00, 0x00, 0x00, 0x00, 0x00, 0x00, 0x00, 0x00, 0x00, 0x00, 0x00, 0x00, 0x00, 0x00,
  0x00, 0x00, 0x00, 0x00, 0x00, 0x00, 0x00, 0x00, 0x00, 0x00, 0x00, 0x00, 0x00, 0x00, 0x00, 0x00,
  0x00, 0x00, 0x00, 0x00, 0x00, 0x00, 0x00, 0x00, 0x00, 0x00, 0x00, 0x00, 0x00, 0x00, 0x00, 0x00,
  0x00, 0x00, 0x00, 0x00, 0x00, 0x00, 0x00, 0x00, 0x00, 0x00, 0x00, 0x00, 0x00, 0x00, 0x00, 0x00,
  0x00, 0x00, 0x00, 0x00, 0x00, 0x00, 0x00, 0x00, 0x00, 0x00, 0x00, 0x00, 0x00, 0x00, 0x00, 0x00,
  0x00, 0x00, 0x00, 0x00, 0x00, 0x00, 0x00, 0x00, 0x00, 0x00, 0x00, 0x00, 0x00, 0xf8, 0x00, 0x00,
  0x00, 0x00, 0x00, 0x00, 0x00, 0x00, 0x00, 0x00, 0x00, 0x00, 0x00, 0x00, 0x00, 0x00, 0x00, 0x00,
  0x00, 0x00, 0x00, 0x00, 0x00, 0x00, 0x00, 0x00, 0x00, 0x00, 0x00, 0x00, 0x00, 0x00, 0x00, 0x00,
  0x00, 0x00, 0xc0, 0x70, 0xe0, 0x70, 0xe0, 0x78, 0x00, 0x00, 0x00, 0xf8, 0x00, 0x00, 0x00, 0xf8,
  0x00, 0xf8, 0x00, 0x00, 0xa0, 0xaa, 0x00, 0xa8, 0x00, 0xf8, 0x20, 0x91, 0x00, 0xa8, 0x20, 0x91,
  0xc0, 0x88, 0xc0, 0x90, 0xe0, 0x98, 0xc0, 0x88, 0xc0, 0x90, 0xc0, 0xa0, 0xa0, 0x90, 0x60, 0x88,
  0x80, 0x90, 0xc0, 0x98, 0xc0, 0xb0, 0x20, 0xb9, 0x60, 0xd1, 0xe0, 0xb8, 0x00, 0xb9, 0x60, 0xd1,
  0xe0, 0xb8, 0x00, 0xda, 0x20, 0xd9, 0x60, 0xe2, 0x21, 0xfe, 0xc0, 0xe9, 0x80, 0xea, 0xc0, 0xf2,
  0x40, 0xd1, 0xc0, 0xa8, 0x80, 0xa0, 0x80, 0xa0, 0xa0, 0xa0, 0xe0, 0xb8, 0x80, 0xa0, 0x60, 0x90,
  0x40, 0x80, 0x40, 0x78, 0xe0, 0xb0, 0x20, 0xb1, 0xa1, 0xf4, 0x80, 0xb9, 0x00, 0x60, 0x40, 0x70,
  0x60, 0x98, 0xe0, 0xb0, 0x20, 0xa9, 0x20, 0xb1, 0xe0, 0xa8, 0xa0, 0xa8, 0xc0, 0xa8, 0xe0, 0xb0,
  0x80, 0x98, 0x00, 0x68, 0x60, 0x90, 0x80, 0xa0, 0xa0, 0xa0, 0x80, 0xa8, 0xa0, 0xa0, 0x40, 0x78,
  0x40, 0x90, 0x00, 0xa1, 0x40, 0xa9, 0x40, 0xc9, 0xa0, 0xe1, 0xc0, 0xd8, 0xc0, 0xc8, 0x80, 0xa8,
  0x80, 0xa0, 0x60, 0x98, 0x80, 0xa8, 0xc0, 0xc0, 0xe0, 0xd0, 0xc0, 0xc8, 0xa0, 0xc0, 0x40, 0xd0,
  0xe0, 0xe0, 0x60, 0xe9, 0xe0, 0xe8, 0x80, 0xe9, 0xc0, 0xe8, 0x20, 0xf0, 0x60, 0xf9, 0x26, 0xf3,
  0x30, 0xfe, 0xfe, 0xff, 0xfe, 0xf7, 0x96, 0xff, 0x2f, 0xff, 0x10, 0xff, 0xc6, 0xff, 0x40, 0xf4,
  0x00, 0xe0, 0x80, 0xd0, 0x00, 0xe1, 0xe0, 0xd0, 0xc0, 0xb0, 0xa0, 0xa0, 0x40, 0x88, 0x40, 0x78,
  0x80, 0x80, 0x80, 0x80, 0xa0, 0x90, 0xc0, 0x90, 0xc0, 0x98, 0x60, 0x80, 0xa0, 0x88, 0xa0, 0x88,
  0x40, 0x70, 0xa0, 0x70, 0x80, 0x78, 0xe0, 0x90, 0xc0, 0x88, 0xe0, 0x88, 0x00, 0x91, 0xa0, 0x80,
  0xc0, 0x90, 0xe0, 0x80, 0x00, 0x89, 0xc0, 0x78, 0x80, 0x78, 0xc0, 0x78, 0xc0, 0x78, 0xe0, 0x78,
  0xe0, 0x80, 0xc0, 0x78, 0xa0, 0x78, 0xe0, 0x70, 0xc0, 0x88, 0xe0, 0x80, 0xc0, 0x78, 0xc0, 0x70,
  0x00, 0x00, 0x00, 0xa8, 0x00, 0x78, 0x00, 0x00, 0x00, 0x00, 0x00, 0x00, 0x00, 0x00, 0x00, 0x00,
  0x00, 0x00, 0x00, 0x00, 0x00, 0x00, 0x00, 0x00, 0x00, 0x00, 0x00, 0x00, 0x00, 0x00, 0x00, 0x00,
  0x00, 0x00, 0x00, 0xf8, 0x00, 0x00, 0x00, 0x00, 0x00, 0x00, 0x00, 0x00, 0x00, 0x00, 0x00, 0x00,
  0x00, 0x00, 0x00, 0x00, 0x00, 0x00, 0x00, 0x00, 0x00, 0x00, 0x00, 0x00, 0x00, 0x00, 0x00, 0x00,
  0x00, 0x00, 0x00, 0x00, 0x00, 0x00, 0x00, 0x00, 0x00, 0x00, 0x00, 0x00, 0x00, 0x00, 0x00, 0x00,
  0x00, 0x00, 0x00, 0x00, 0x00, 0x00, 0x00, 0x00, 0x00, 0x00, 0x00, 0x00, 0x00, 0x00, 0x00, 0x00,
  0x00, 0x00, 0x00, 0x00, 0x00, 0x00, 0x00, 0x00, 0x00, 0x00, 0x00, 0x00, 0x00, 0x00, 0x00, 0x00,
  0x00, 0x00, 0x00, 0x00, 0x00, 0x00, 0x00, 0x00, 0x00, 0x00, 0x00, 0x00, 0x00, 0x00, 0x00, 0x00,
  0x00, 0x00, 0x00, 0x00, 0x00, 0x00, 0x00, 0x00, 0x00, 0x00, 0x00, 0x00, 0x00, 0x00, 0x00, 0x00,
  0x00, 0x00, 0x00, 0x00, 0x00, 0x00, 0x00, 0x00, 0x00, 0x00, 0x00, 0x00, 0x00, 0x00, 0x00, 0x00,
  0x00, 0x00, 0x00, 0x00, 0x00, 0x00, 0x00, 0x00, 0x00, 0x00, 0x00, 0x00, 0x00, 0x00, 0x00, 0x00,
  0x00, 0x00, 0x00, 0x00, 0x00, 0x00, 0x00, 0x00, 0x00, 0x00, 0x00, 0x00, 0x00, 0x00, 0x00, 0x00,
  0x00, 0x00, 0x00, 0x00, 0x00, 0x00, 0x00, 0x00, 0x00, 0x00, 0x00, 0xf8, 0xc0, 0x78, 0xe0, 0x78,
  0x00, 0x81, 0x00, 0x00, 0x00, 0x00, 0x00, 0x00, 0x00, 0x00, 0x00, 0x00, 0x00, 0x00, 0x00, 0x00,
  0x00, 0x78, 0x00, 0x00, 0x00, 0xf8, 0x00, 0x78, 0x80, 0x99, 0x00, 0x99, 0xc0, 0x90, 0xa0, 0x90,
  0xe0, 0x98, 0xc0, 0x90, 0xa0, 0x88, 0xc0, 0x98, 0x80, 0x98, 0x80, 0x90, 0xa0, 0xa0, 0x00, 0xb9,
  0xc0, 0xb0, 0x00, 0xb9, 0x20, 0xb9, 0x00, 0xb9, 0x40, 0xd1, 0x60, 0xc9, 0x60, 0xe1, 0x40, 0xe1,
  0x81, 0xfd, 0x60, 0xfb, 0xe0, 0xf2, 0x81, 0xfc, 0xa0, 0xe1, 0xa0, 0xd9, 0xe0, 0xb8, 0xa0, 0xb0,
  0x40, 0xc1, 0xc0, 0xb8, 0xa0, 0xa8, 0x60, 0x88, 0x60, 0x90, 0x80, 0x90, 0x80, 0x90, 0xa0, 0xb0,
  0xe0, 0xc1, 0x20, 0xec, 0x80, 0xa0, 0x00, 0x70, 0x00, 0x80, 0xe0, 0xb0, 0xc0, 0xa0, 0x60, 0x78,
  0x40, 0xc1, 0xe0, 0xa8, 0x40, 0x88, 0xe0, 0xa8, 0xc0, 0xa8, 0x20, 0x70, 0xe0, 0xa0, 0xc0, 0xb8,
  0xc0, 0xb8, 0x60, 0x88, 0x40, 0x80, 0x00, 0x58, 0x00, 0xa1, 0x60, 0xd9, 0xe0, 0xd1, 0x20, 0xda,
  0xc0, 0xb8, 0xe0, 0xc0, 0xa0, 0xc0, 0x60, 0x98, 0x40, 0x90, 0x40, 0x98, 0xa0, 0xa8, 0x40, 0xb8,
  0x80, 0xc8, 0xa0, 0xe0, 0xc0, 0xe0, 0xe0, 0xe8, 0x40, 0xf1, 0xc0, 0xf1, 0x40, 0xf9, 0xc0, 0xf8,
  0x00, 0xf9, 0x60, 0xf1, 0x6a, 0xfc, 0xd5, 0xfe, 0xfe, 0xff, 0xfc, 0xff, 0x31, 0xff, 0x2c, 0xff,
  0xe8, 0xfe, 0x2e, 0xff, 0x98, 0xff, 0xeb, 0xff, 0xe1, 0xf3, 0x00, 0xe8, 0xc0, 0xe0, 0xa0, 0xc8,
  0x00, 0xd9, 0x80, 0xe1, 0xc0, 0xa8, 0x80, 0xa0, 0x40, 0x88, 0x40, 0x80, 0x40, 0x78, 0xa0, 0x90,
  0xa0, 0x88, 0xa0, 0x80, 0x80, 0x88, 0x00, 0xa9, 0xe0, 0x90, 0xa0, 0xc9, 0x00, 0xb1, 0x80, 0x80,
  0xc0, 0x88, 0xc0, 0x88, 0xe0, 0x88, 0x00, 0x99, 0x00, 0x99, 0xe0, 0x90, 0x00, 0x89, 0xe0, 0x88,
  0xc0, 0x78, 0xa0, 0x78, 0xc0, 0x78, 0xe0, 0x80, 0xc0, 0x78, 0xc0, 0x78, 0xa0, 0x78, 0xa0, 0x78,
  0xa0, 0x70, 0xa0, 0x78, 0xa0, 0x70, 0xa0, 0x70, 0xa0, 0x70, 0x00, 0x00, 0x00, 0x00, 0x00, 0x00,
  0x00, 0x00, 0x00, 0x00, 0x00, 0x00, 0x00, 0x00, 0x00, 0x00, 0x00, 0x00, 0x00, 0x00, 0x00, 0x00,
  0x00, 0x00, 0x00, 0x00, 0x00, 0x00, 0x00, 0x00, 0x00, 0x00, 0x00, 0x00, 0x00, 0x00, 0x00, 0x00,
  0x00, 0x00, 0x00, 0x00, 0x00, 0x00, 0x00, 0x00, 0x00, 0x00, 0x00, 0x00, 0x00, 0x00, 0x00, 0x00,
  0x00, 0x00, 0x00, 0x00, 0x00, 0x00, 0x00, 0x00, 0x00, 0x00, 0x00, 0x00, 0x00, 0x00, 0x00, 0x00,
  0x00, 0x00, 0x00, 0x00, 0x00, 0x00, 0x00, 0x00, 0x00, 0x00, 0x00, 0x00, 0x00, 0x00, 0x00, 0x00,
  0x00, 0x00, 0x00, 0x00, 0x00, 0x00, 0x00, 0x00, 0x00, 0x00, 0x00, 0x00, 0x00, 0x00, 0x00, 0x00,
  0x00, 0x00, 0x00, 0x00, 0x00, 0x00, 0x00, 0x00, 0x00, 0x00, 0x00, 0x00, 0x00, 0x00, 0x00, 0x00,
  0x00, 0x00, 0x00, 0x00, 0x00, 0x00, 0x00, 0x00, 0x00, 0x00, 0x00, 0x00, 0x00, 0x00, 0x00, 0x00,
  0x00, 0x00, 0x00, 0x00, 0x00, 0x00, 0x00, 0x00, 0x00, 0x00, 0x00, 0x00, 0x00, 0x00, 0x00, 0x00,
  0x00, 0x00, 0x00, 0x00, 0x00, 0x00, 0x00, 0x00, 0x00, 0x00, 0x00, 0x00, 0x00, 0x00, 0x00, 0x00,
  0x00, 0x00, 0x00, 0x00, 0x00, 0x00, 0x00, 0x00, 0x00, 0x00, 0x00, 0x00, 0x00, 0x00, 0x00, 0x00,
  0x00, 0x00, 0x00, 0x00, 0x00, 0x00, 0x00, 0x00, 0x00, 0x00, 0x00, 0x00, 0x00, 0x00, 0x00, 0x00,
  0x00, 0x00, 0x00, 0x00, 0x00, 0x00, 0x00, 0x00, 0x00, 0x00, 0x00, 0x00, 0x00, 0x00, 0x00, 0x00,
  0x00, 0x00, 0x00, 0x00, 0x00, 0x00, 0x00, 0x00, 0x00, 0x00, 0x00, 0xf8, 0x00, 0x00, 0x00, 0xf8,
  0x00, 0xf8, 0x00, 0x98, 0x00, 0xa1, 0xe0, 0xa8, 0xc0, 0x90, 0xe0, 0x98, 0xe0, 0xa0, 0xa0, 0x90,
  0xc0, 0xa0, 0x40, 0xc1, 0xc0, 0xb0, 0xc0, 0xb0, 0x20, 0xd1, 0x60, 0xd9, 0xa0, 0xa8, 0xe0, 0xc0,
  0x40, 0xd9, 0x60, 0xd9, 0xa0, 0xd1, 0x00, 0xe9, 0x21, 0xfc, 0xe1, 0xfd, 0x40, 0xfb, 0x81, 0xfe,
  0x80, 0xf2, 0x00, 0xea, 0xc0, 0xe9, 0xe0, 0xd0, 0xc0, 0xe1, 0xa0, 0xd9, 0xa0, 0xa8, 0x60, 0x90,
  0xa0, 0x98, 0xe0, 0xb0, 0xc0, 0xa0, 0x60, 0x88, 0x20, 0x78, 0x20, 0x78, 0x00, 0x90, 0x80, 0xa0,
  0xe0, 0xca, 0x60, 0xe2, 0xa0, 0xc9, 0x00, 0xa1, 0x40, 0x80, 0x60, 0x88, 0x20, 0x70, 0x20, 0xb1,
  0x20, 0xc1, 0x40, 0x88, 0x80, 0x98, 0x60, 0xc9, 0x80, 0x90, 0x20, 0x78, 0x40, 0x80, 0x60, 0x98,
  0x00, 0xb1, 0xa0, 0xd9, 0xc0, 0xe1, 0x80, 0xb0, 0x60, 0xa0, 0x60, 0xa0, 0xa0, 0xb0, 0x40, 0x90,
  0x00, 0x90, 0x60, 0xa0, 0xc0, 0xd0, 0x00, 0xe1, 0x80, 0xe9, 0x80, 0xf1, 0xe0, 0xf9, 0x60, 0xf1,
  0xc0, 0xf9, 0x40, 0xf2, 0x80, 0xf9, 0x80, 0xf8, 0x62, 0xfa, 0x0b, 0xfd, 0x77, 0xff, 0xfc, 0xff,
  0xd5, 0xff, 0x0c, 0xff, 0xa6, 0xfe, 0xc7, 0xfe, 0x70, 0xff, 0x71, 0xff, 0xb3, 0xff, 0x11, 0xff,
  0xec, 0xff, 0xa1, 0xf3, 0x20, 0xf0, 0x20, 0xe9, 0xa0, 0xc8, 0x00, 0xd1, 0x80, 0xe9, 0xe0, 0xb0,
  0x20, 0x80, 0x60, 0x90, 0x60, 0x80, 0x80, 0x80, 0xe0, 0xa0, 0xe0, 0x98, 0x80, 0x80, 0xa0, 0x90,
  0x40, 0xc1, 0xc0, 0x88, 0x20, 0xc2, 0xe0, 0xa0, 0x60, 0x70, 0xc0, 0x90, 0x20, 0x99, 0xe0, 0x88,
  0xe0, 0x88, 0x00, 0x89, 0xe0, 0x88, 0x20, 0x89, 0xe0, 0x80, 0xe0, 0x88, 0x00, 0x89, 0xc0, 0x80,
  0xc0, 0x78, 0xa0, 0x78, 0xc0, 0x78, 0xa0, 0x70, 0xe0, 0x80, 0xc0, 0x78, 0xa0, 0x68, 0x20, 0x91,
  0x00, 0x91, 0x00, 0x78, 0x00, 0x78, 0x00, 0xf8, 0x00, 0x00, 0x00, 0x00, 0x00, 0x00, 0x00, 0x00,
  0x00, 0x00, 0x00, 0x00, 0x00, 0x00, 0x00, 0x00, 0x00, 0x00, 0x00, 0x00, 0x00, 0x00, 0x00, 0x00,
  0x00, 0x00, 0x00, 0x00, 0x00, 0x00, 0x00, 0x00, 0x00, 0x00, 0x00, 0x00, 0x00, 0x00, 0x00, 0x00,
  0x00, 0x00, 0x00, 0x00, 0x00, 0x00, 0x00, 0x00, 0x00, 0x00, 0x00, 0x00, 0x00, 0x00, 0x00, 0x00,
  0x00, 0x00, 0x00, 0x00, 0x00, 0x00, 0x00, 0x00, 0x00, 0x00, 0x00, 0x00, 0x00, 0x00, 0x00, 0x00,
  0x00, 0x00, 0x00, 0x00, 0x00, 0x00, 0x00, 0x00, 0x00, 0x00, 0x00, 0x00, 0x00, 0x00, 0x00, 0x00,
  0x00, 0x00, 0x00, 0x00, 0x00, 0x00, 0x00, 0x00, 0x00, 0x00, 0x00, 0x00, 0x00, 0x00, 0x00, 0x00,
  0x00, 0x00, 0x00, 0x00, 0x00, 0x00, 0x00, 0x00, 0x00, 0x00, 0x00, 0x00, 0x00, 0x00, 0x00, 0x00,
  0x00, 0x00, 0x00, 0x00, 0x00, 0x00, 0x00, 0x00, 0x00, 0x00, 0x00, 0x00, 0x00, 0x00, 0x00, 0x00,
  0x00, 0x00, 0x00, 0x00, 0x00, 0x00, 0x00, 0x00, 0x00, 0x00, 0x00, 0x00, 0x00, 0x00, 0x00, 0x00,
  0x00, 0x00, 0x00, 0x00, 0x00, 0x00, 0x00, 0x00, 0x00, 0x00, 0x00, 0x00, 0x00, 0x00, 0x00, 0x00,
  0x00, 0x00, 0x00, 0x00, 0x00, 0x00, 0x00, 0x00, 0x00, 0x00, 0x00, 0x00, 0x00, 0x00, 0x00, 0x00,
  0x00, 0x00, 0x00, 0x00, 0x00, 0x00, 0x00, 0x00, 0x00, 0x00, 0x00, 0x00, 0x00, 0x00, 0x00, 0x00,
  0x00, 0x00, 0x00, 0x78, 0x00, 0xf8, 0x00, 0x00, 0x00, 0x00, 0x00, 0x00, 0x00, 0x00, 0x00, 0x00,
  0x00, 0x00, 0x00, 0xf8, 0x00, 0x00, 0x00, 0x00, 0x00, 0x78, 0x00, 0x00, 0x80, 0x99, 0xc0, 0xa0,
  0xe0, 0xa0, 0x00, 0xa1, 0xc0, 0x88, 0xc0, 0xa0, 0x20, 0xb9, 0xc0, 0xa8, 0xe0, 0xa8, 0xc0, 0xd9,
  0xa0, 0xc9, 0xc0, 0xb0, 0x60, 0xe1, 0xc0, 0xe9, 0x00, 0xd1, 0x80, 0xe1, 0x20, 0xea, 0xc0, 0xf2,
  0x21, 0xfc, 0x23, 0xfd, 0x61, 0xfb, 0x45, 0xff, 0x80, 0xfc, 0xe0, 0xe9, 0x40, 0xea, 0x40, 0xd1,
  0x80, 0xf2, 0x00, 0xc9, 0x80, 0xb0, 0xa0, 0xa0, 0xa0, 0xa0, 0xa0, 0xd9, 0xe0, 0xb0, 0x00, 0x78,
  0x80, 0x90, 0xc0, 0xa8, 0xc0, 0xa8, 0xa0, 0xc9, 0xe0, 0xe1, 0xa0, 0xe2, 0xe0, 0xfa, 0x20, 0x78,
  0x00, 0x58, 0xe0, 0xb0, 0xa0, 0xc9, 0xa0, 0xc9, 0x80, 0xa0, 0xc0, 0xa0, 0x00, 0xc1, 0xe0, 0xb0,
  0x00, 0x68, 0x40, 0x88, 0xc0, 0xb0, 0xe0, 0xe9, 0x40, 0xf2, 0x80, 0xf2, 0xe0, 0xc8, 0x80, 0xb8,
  0x00, 0xc9, 0xe0, 0xc0, 0xc0, 0xb8, 0xa0, 0xb0, 0x40, 0xa0, 0x80, 0xc0, 0xe0, 0xc8, 0x00, 0xea,
  0x40, 0xf2, 0x60, 0xf2, 0x00, 0xfb, 0x40, 0xfb, 0x20, 0xf9, 0xa0, 0xf0, 0xc0, 0xf0, 0xe3, 0xfa,
  0x4f, 0xf6, 0xf9, 0xf7, 0xfc, 0xff, 0x75, 0xff, 0x0a, 0xff, 0xe8, 0xfe, 0xea, 0xfe, 0x6f, 0xff,
  0xd4, 0xff, 0xb3, 0xff, 0x93, 0xff, 0xd4, 0xff, 0x8d, 0xfe, 0xcd, 0xf7, 0x61, 0xfb, 0x20, 0xe8,
  0x00, 0xe9, 0xc0, 0xd8, 0xe0, 0xc0, 0x60, 0xd1, 0x60, 0xd1, 0x80, 0x98, 0x40, 0x80, 0x40, 0x78,
  0xa0, 0x88, 0xe0, 0xa0, 0xa0, 0x98, 0x20, 0xb1, 0x80, 0x88, 0x80, 0x88, 0x80, 0x80, 0x00, 0x60,
  0x20, 0x58, 0x80, 0x78, 0xc0, 0x88, 0xe0, 0x88, 0xe0, 0x88, 0x00, 0x91, 0x00, 0x89, 0xe0, 0x88,
  0x00, 0x89, 0xc0, 0x88, 0xe0, 0x80, 0xe0, 0x88, 0xa0, 0x80, 0xa0, 0x78, 0xe0, 0x78, 0xe0, 0x78,
  0xa0, 0x78, 0xe0, 0x80, 0xa0, 0x68, 0x00, 0xa1, 0xa0, 0xc1, 0xe0, 0x90, 0x00, 0x00, 0x00, 0x00,
  0x00, 0x00, 0x00, 0x00, 0x00, 0x00, 0x00, 0x00, 0x00, 0x00, 0x00, 0x00, 0x00, 0x00, 0x00, 0x00,
  0x40, 0x79, 0x00, 0x00, 0x00, 0x00, 0x00, 0x00, 0x00, 0x00, 0x00, 0x00, 0x00, 0x00, 0x00, 0x00,
  0x00, 0x00, 0x00, 0x00, 0x00, 0x00, 0x00, 0x00, 0x00, 0x00, 0x00, 0x00, 0x00, 0x00, 0x00, 0x00,
  0x00, 0x00, 0x00, 0x00, 0x00, 0x00, 0x00, 0x00, 0x00, 0x00, 0x00, 0x00, 0x00, 0x00, 0x00, 0x00,
  0x00, 0x00, 0x00, 0x00, 0x00, 0x00, 0x00, 0x00, 0x00, 0x00, 0x00, 0x00, 0x00, 0x00, 0x00, 0x00,
  0x00, 0x00, 0x00, 0x00, 0x00, 0x00, 0x00, 0x00, 0x00, 0x00, 0x00, 0x00, 0x00, 0x00, 0x00, 0x00,
  0x00, 0x00, 0x00, 0x00, 0x00, 0x00, 0x00, 0x00, 0x00, 0x00, 0x00, 0x00, 0x00, 0x00, 0x00, 0x00,
  0x00, 0x00, 0x00, 0x00, 0x00, 0x00, 0x00, 0x00, 0x00, 0x00, 0x00, 0x00, 0x00, 0x00, 0x00, 0x00,
  0x00, 0x00, 0x00, 0x00, 0x00, 0x00, 0x00, 0x00, 0x00, 0x00, 0x00, 0x00, 0x00, 0x00, 0x00, 0x00,
  0x00, 0x00, 0x00, 0x00, 0x00, 0x00, 0x00, 0x00, 0x00, 0x00, 0x00, 0x00, 0x00, 0x00, 0x00, 0x00,
  0x00, 0x00, 0x00, 0x00, 0x00, 0x00, 0x00, 0x00, 0x00, 0x00, 0x00, 0x00, 0x00, 0x00, 0x00, 0x00,
  0x00, 0x00, 0x00, 0x00, 0x00, 0x00, 0x00, 0x00, 0x00, 0x00, 0x00, 0x00, 0x00, 0x00, 0x00, 0x00,
  0x00, 0x00, 0x00, 0x00, 0x00, 0x00, 0x00, 0x00, 0x00, 0x00, 0x00, 0x00, 0x00, 0x00, 0x00, 0x00,
  0x00, 0x00, 0x00, 0x00, 0x00, 0x00, 0x00, 0x00, 0x00, 0x00, 0x00, 0x00, 0x00, 0x00, 0x00, 0x00,
  0x00, 0x00, 0x00, 0xf8, 0xa0, 0xa0, 0x20, 0xa1, 0x00, 0xa1, 0x00, 0xa1, 0xc0, 0x98, 0xa0, 0x88,
  0xe0, 0xa0, 0xc0, 0xa8, 0xe0, 0xb0, 0x40, 0x88, 0x00, 0xa9, 0x40, 0xda, 0xa0, 0xd1, 0x00, 0xc9,
  0x00, 0xd9, 0x60, 0xe2, 0x20, 0xea, 0xa0, 0xe8, 0x80, 0xfa, 0x82, 0xfe, 0xe0, 0xfb, 0x03, 0xfe,
  0xc2, 0xfd, 0x00, 0xfb, 0xe0, 0xf2, 0xa0, 0xf1, 0x80, 0xf2, 0x60, 0xf3, 0x00, 0xd9, 0x20, 0xd9,
  0x60, 0xe1, 0xc0, 0xd0, 0xa0, 0xc0, 0xa0, 0xb0, 0xc0, 0xa8, 0x20, 0xb9, 0x60, 0xd1, 0xe0, 0xc0,
  0x00, 0xda, 0x00, 0xda, 0xe0, 0xc0, 0x60, 0xd9, 0xe0, 0xe2, 0x00, 0xca, 0x20, 0xc1, 0x00, 0xc2,
  0xe0, 0xc9, 0x00, 0xb1, 0xa0, 0xb8, 0x40, 0xea, 0xe0, 0xb0, 0x80, 0xb0, 0x60, 0xd9, 0x60, 0xd9,
  0x40, 0xc9, 0x40, 0xc9, 0x80, 0xa8, 0x60, 0x98, 0x60, 0xa8, 0x60, 0xa0, 0x80, 0xa8, 0x80, 0xb8,
  0x60, 0xb8, 0x60, 0xc8, 0x60, 0xe1, 0xc1, 0xf2, 0x40, 0xfa, 0x60, 0xf2, 0xa0, 0xf2, 0xa1, 0xfa,
  0x60, 0xf1, 0x80, 0xf0, 0x48, 0xfb, 0x0f, 0xfe, 0xfd, 0xff, 0xfe, 0xff, 0xb8, 0xff, 0x30, 0xff,
  0x4f, 0xff, 0x4f, 0xff, 0x0e, 0xff, 0xd5, 0xff, 0xf6, 0xff, 0xb1, 0xff, 0xb3, 0xff, 0xd8, 0xff,
  0xd5, 0xff, 0x8c, 0xff, 0xce, 0xff, 0x41, 0xf2, 0xe0, 0xe8, 0x60, 0xe9, 0x60, 0xc0, 0x00, 0xc1,
  0x40, 0xc9, 0x60, 0xd1, 0x60, 0xa8, 0x80, 0xa8, 0x60, 0x88, 0xa0, 0x98, 0xa0, 0x90, 0xa0, 0x90,
  0x20, 0xb1, 0xa0, 0x88, 0x20, 0x70, 0x40, 0x80, 0x20, 0xc1, 0xa0, 0x90, 0xa0, 0x88, 0xc0, 0x80,
  0xc0, 0x88, 0xa0, 0x88, 0xa0, 0x80, 0x20, 0x99, 0xe0, 0x98, 0xc0, 0x88, 0x80, 0x78, 0xc0, 0x88,
  0x20, 0x99, 0x60, 0x80, 0xe0, 0x88, 0xc0, 0x78, 0xe0, 0x78, 0xe0, 0x80, 0xc0, 0x78, 0x80, 0x70,
  0x00, 0x91, 0x20, 0x91, 0xa0, 0x68, 0xc0, 0x78, 0x80, 0x99, 0x00, 0x00, 0x00, 0x00, 0x00, 0xf8,
  0x00, 0x00, 0x00, 0x00, 0x00, 0x00, 0x00, 0x00, 0x00, 0x00, 0x00, 0x00, 0x00, 0x00, 0x00, 0x00,
  0x00, 0x00, 0x00, 0x00, 0x00, 0x00, 0x00, 0x00, 0x00, 0x00, 0x00, 0x00, 0x00, 0x00, 0x00, 0x00,
  0x00, 0x00, 0x00, 0x00, 0x00, 0x00, 0x00, 0x00, 0x00, 0x00, 0x00, 0x00, 0x00, 0x00, 0x00, 0x00,
  0x00, 0x00, 0x00, 0x00, 0x00, 0x00, 0x00, 0x00, 0x00, 0x00, 0x00, 0x00, 0x00, 0x00, 0x00, 0x78,
  0x00, 0x00, 0x00, 0x00, 0x00, 0x00, 0x00, 0x00, 0x00, 0x00, 0x00, 0x00, 0x00, 0x00, 0x00, 0x00,
  0x00, 0x00, 0x00, 0x00, 0x00, 0x00, 0x00, 0x00, 0x00, 0x00, 0x00, 0x00, 0x00, 0x00, 0x00, 0x00,
  0x00, 0x00, 0x00, 0x00, 0x00, 0x00, 0x00, 0x00, 0x00, 0x00, 0x00, 0x00, 0x00, 0x00, 0x00, 0x00,
  0x00, 0x00, 0x00, 0x00, 0x00, 0x00, 0x00, 0x00, 0x00, 0x00, 0x00, 0x00, 0x00, 0x00, 0x00, 0x00,
  0x00, 0x00, 0x00, 0x00, 0x00, 0x00, 0x00, 0x00, 0x00, 0x00, 0x00, 0x00, 0x00, 0x00, 0x00, 0x00,
  0x00, 0x00, 0x00, 0x00, 0x00, 0x00, 0x00, 0x00, 0x00, 0x00, 0x00, 0x00, 0x00, 0x00, 0x00, 0x00,
  0x00, 0x00, 0x00, 0x00, 0x00, 0x00, 0x00, 0x00, 0x00, 0x00, 0x00, 0x00, 0x00, 0x00, 0x00, 0x00,
  0x00, 0x00, 0x00, 0x00, 0x00, 0x00, 0x00, 0x00, 0x00, 0x00, 0x00, 0x00, 0x00, 0x00, 0x00, 0x00,
  0x00, 0x00, 0x00, 0x00, 0x00, 0x00, 0x00, 0x00, 0x00, 0x00, 0x00, 0x00, 0x00, 0x00, 0x00, 0x00,
  0x00, 0x00, 0x00, 0x00, 0x00, 0x00, 0x00, 0x00, 0x00, 0x00, 0x00, 0xf8, 0x40, 0x79, 0x00, 0x91,
  0xc0, 0xa0, 0x40, 0xa9, 0x20, 0xa1, 0x00, 0xa1, 0xe0, 0xa0, 0xe0, 0xa0, 0x80, 0x90, 0xe0, 0xa8,
  0x20, 0xc1, 0xe0, 0xb0, 0xe0, 0xb8, 0xc0, 0xea, 0xe0, 0xf2, 0xe0, 0xd8, 0x80, 0xe9, 0xc0, 0xfc,
  0x60, 0xfc, 0xc2, 0xfd, 0xe1, 0xfd, 0x61, 0xfd, 0x02, 0xff, 0x40, 0xfd, 0xe0, 0xfc, 0xa0, 0xfb,
  0x81, 0xf3, 0x41, 0xfc, 0x80, 0xf1, 0xe0, 0xf1, 0x80, 0xe1, 0x80, 0xe1, 0x80, 0xea, 0x00, 0xf3,
  0x20, 0xe2, 0x40, 0xc9, 0xe0, 0xc8, 0xe0, 0xd0, 0xa0, 0xd1, 0x00, 0xfc, 0xa0, 0xf3, 0xe0, 0xfb,
  0x20, 0xf3, 0xe0, 0xfb, 0x60, 0xeb, 0x20, 0xa0, 0x20, 0x90, 0x60, 0xa0, 0xc0, 0x98, 0x80, 0xa0,
  0x60, 0xc1, 0x20, 0x70, 0xe0, 0xb8, 0x40, 0xc9, 0x80, 0x98, 0xa0, 0xa0, 0x80, 0x98, 0xc0, 0xa8,
  0x60, 0xa0, 0x60, 0xa0, 0xc0, 0xb8, 0xe0, 0xc8, 0x80, 0xd9, 0xe0, 0xe9, 0x40, 0xea, 0xc1, 0xfa,
  0xc0, 0xf1, 0x40, 0xf1, 0x40, 0xf9, 0x20, 0xf0, 0x00, 0xf1, 0xc7, 0xf3, 0xf6, 0xfe, 0xfd, 0xff,
  0xff, 0xff, 0xb6, 0xff, 0x71, 0xff, 0x4f, 0xff, 0x71, 0xff, 0x71, 0xff, 0x92, 0xff, 0x91, 0xff,
  0x72, 0xff, 0x73, 0xff, 0x6f, 0xff, 0x4f, 0xff, 0xb7, 0xff, 0xb2, 0xff, 0xaf, 0xff, 0x2f, 0xff,
  0xc0, 0xf0, 0x60, 0xe9, 0xa0, 0xf1, 0xa0, 0xb8, 0x00, 0xb9, 0x80, 0xa8, 0xc0, 0xb8, 0x60, 0x98,
  0xe0, 0xc0, 0xc0, 0xa8, 0x80, 0x88, 0xa0, 0x90, 0xc0, 0x98, 0xc0, 0x98, 0xe0, 0xa0, 0xa0, 0x90,
  0x80, 0x90, 0xc0, 0x98, 0x00, 0xa1, 0xa0, 0x88, 0x80, 0x80, 0xa0, 0x80, 0xc0, 0x80, 0x80, 0x80,
  0xa0, 0x78, 0xa0, 0x90, 0xe0, 0x90, 0xc0, 0x88, 0xa0, 0x78, 0x80, 0x78, 0xa0, 0x80, 0xe0, 0x88,
  0xc0, 0x78, 0x00, 0x89, 0xc0, 0x80, 0xe0, 0x80, 0x80, 0x70, 0xc0, 0x78, 0xe0, 0x80, 0xc0, 0x80,
  0xe0, 0x78, 0x00, 0xf8, 0x00, 0x50, 0x00, 0x38, 0x00, 0x00, 0x00, 0x00, 0x00, 0x00, 0x00, 0x00,
  0x00, 0x00, 0x00, 0x00, 0xe0, 0x79, 0x80, 0x61, 0x00, 0x00, 0x00, 0x00, 0x00, 0x00, 0x00, 0x00,
  0x00, 0x00, 0x00, 0x00, 0x00, 0x00, 0x00, 0x00, 0x00, 0x00, 0x00, 0x00, 0x00, 0x00, 0x00, 0x00,
  0x00, 0x00, 0x00, 0x00, 0x00, 0x00, 0x00, 0x00, 0x00, 0x00, 0x00, 0x00, 0x00, 0x00, 0x00, 0x00,
  0x00, 0x00, 0x00, 0x00, 0x00, 0x00, 0x00, 0x00, 0x00, 0x00, 0x00, 0x00, 0x00, 0x00, 0x00, 0x00,
  0x00, 0x00, 0x00, 0x00, 0x00, 0x00, 0x00, 0x00, 0x00, 0x00, 0x00, 0x00, 0x00, 0x00, 0x00, 0x00,
  0x00, 0x00, 0x00, 0x00, 0x00, 0x00, 0x00, 0x00, 0x00, 0x00, 0x00, 0x00, 0x00, 0x00, 0x00, 0x00,
  0x00, 0x00, 0x00, 0x00, 0x00, 0x00, 0x00, 0x00, 0x00, 0x00, 0x00, 0x00, 0x00, 0x00, 0x00, 0x00,
  0x00, 0x00, 0x00, 0x00, 0x00, 0x00, 0x00, 0x00, 0x00, 0x00, 0x00, 0x00, 0x00, 0x00, 0x00, 0x00,
  0x00, 0x00, 0x00, 0x00, 0x00, 0x00, 0x00, 0x00, 0x00, 0x00, 0x00, 0x00, 0x00, 0x00, 0x00, 0x00,
  0x00, 0x00, 0x00, 0x00, 0x00, 0x00, 0x00, 0x00, 0x00, 0x00, 0x00, 0x00, 0x00, 0x00, 0x00, 0x00,
  0x00, 0x00, 0x00, 0x00, 0x00, 0x00, 0x00, 0x00, 0x00, 0x00, 0x00, 0x00, 0x00, 0x00, 0x00, 0x00,
  0x00, 0x00, 0x00, 0x00, 0x00, 0x00, 0x00, 0x00, 0x00, 0x00, 0x00, 0x00, 0x00, 0x00, 0x00, 0x00,
  0x00, 0x00, 0x00, 0x00, 0x00, 0x00, 0x00, 0x00, 0x00, 0x00, 0x00, 0x00, 0x00, 0x00, 0x00, 0x00,
  0x00, 0xf8, 0x00, 0x00, 0x00, 0x00, 0x00, 0xf8, 0xe0, 0xa0, 0x20, 0x99, 0xe0, 0xa8, 0x20, 0xa1,
  0x40, 0xa9, 0x40, 0xb9, 0x40, 0xb9, 0xc0, 0x98, 0xe0, 0xa0, 0xe0, 0xb0, 0x00, 0xa9, 0xa0, 0xb0,
  0x40, 0xea, 0x00, 0xfc, 0x60, 0xf3, 0x40, 0xeb, 0x80, 0xfc, 0x81, 0xfd, 0xc2, 0xfe, 0xe7, 0xfe,
  0xa6, 0xfe, 0x82, 0xfe, 0xea, 0xfe, 0xe5, 0xfd, 0x03, 0xfe, 0xa0, 0xfc, 0x40, 0xfa, 0xa0, 0xfb,
  0x40, 0xfc, 0xc0, 0xfb, 0x00, 0xf3, 0x00, 0xe2, 0x60, 0xd9, 0x60, 0xd1, 0x80, 0xd1, 0xc0, 0xea,
  0x60, 0xf4, 0xa0, 0xfc, 0x40, 0xf3, 0x60, 0xeb, 0x40, 0xe2, 0x80, 0xe1, 0xe0, 0xc9, 0xa0, 0xeb,
  0xa0, 0xb8, 0x20, 0xc9, 0xa0, 0xa8, 0x00, 0x70, 0xa0, 0x90, 0x00, 0x80, 0xc0, 0xb0, 0xa0, 0xa8,
  0x60, 0x98, 0x80, 0xa0, 0x80, 0xa8, 0x40, 0xa0, 0x60, 0xa8, 0xe0, 0xc0, 0xe0, 0xc0, 0x80, 0xe1,
  0x00, 0xf2, 0x60, 0xfa, 0xa0, 0xfa, 0xe1, 0xfa, 0x40, 0xf1, 0x60, 0xe8, 0x80, 0xf0, 0x60, 0xf1,
  0x0a, 0xfc, 0x36, 0xff, 0xff, 0xff, 0xfd, 0xff, 0xd8, 0xff, 0xd6, 0xff, 0x92, 0xff, 0x72, 0xff,
  0x92, 0xff, 0x50, 0xff, 0x0f, 0xff, 0x92, 0xff, 0xce, 0xfe, 0xce, 0xfe, 0x73, 0xff, 0x2d, 0xff,
  0x4f, 0xff, 0xd8, 0xff, 0x6e, 0xff, 0xb0, 0xff, 0x8d, 0xfe, 0x40, 0xf0, 0x60, 0xe9, 0x40, 0xe9,
  0x40, 0x98, 0xe0, 0xb0, 0xa0, 0xb8, 0xe0, 0xc0, 0xc0, 0xb8, 0x20, 0x80, 0x60, 0x88, 0xa0, 0x98,
  0xc0, 0xa0, 0xa0, 0x98, 0x80, 0x88, 0xa0, 0x90, 0xa0, 0x90, 0x60, 0x80, 0x60, 0x80, 0x80, 0x88,
  0x60, 0x80, 0xa0, 0x88, 0xa0, 0x88, 0xc0, 0x88, 0xa0, 0x80, 0xa0, 0x78, 0x80, 0x78, 0x60, 0x70,
  0x80, 0x70, 0xa0, 0x80, 0xc0, 0x80, 0xc0, 0x90, 0xa0, 0x80, 0xc0, 0x80, 0xc0, 0x78, 0xc0, 0x78,
  0xe0, 0x88, 0xe0, 0x88, 0xe0, 0x80, 0xe0, 0x80, 0x20, 0x79, 0x40, 0x79, 0x00, 0x00, 0x00, 0x38,
  0xa0, 0x52, 0x00, 0x78, 0x00, 0x00, 0x00, 0x00, 0x00, 0x00, 0x00, 0x00, 0x00, 0x00, 0xa0, 0x52,
  0xe0, 0x7b, 0x00, 0x00, 0x00, 0x00, 0xa0, 0xaa, 0x00, 0x00, 0x00, 0x00, 0x00, 0x00, 0x00, 0x00,
  0x00, 0x00, 0x00, 0x00, 0x00, 0x00, 0x00, 0x00, 0x00, 0x00, 0x00, 0x00, 0x00, 0x00, 0x00, 0x00,
  0x00, 0x00, 0x00, 0x00, 0x00, 0x00, 0x00, 0x00, 0x00, 0x00, 0x00, 0x00, 0x00, 0x00, 0x00, 0x00,
  0xe0, 0x58, 0xc0, 0x50, 0x20, 0x49, 0x00, 0x00, 0x00, 0x00, 0x00, 0x00, 0x00, 0x00, 0x00, 0x00,
  0x00, 0x00, 0x00, 0x00, 0x00, 0x00, 0x00, 0x00, 0x00, 0x00, 0x00, 0x00, 0x00, 0x00, 0x00, 0x00,
  0x00, 0x00, 0x00, 0x00, 0x00, 0x00, 0x00, 0x00, 0x00, 0x00, 0x00, 0x00, 0x00, 0x00, 0x00, 0x00,
  0x00, 0x00, 0x00, 0x00, 0x00, 0x00, 0x00, 0x00, 0x00, 0x00, 0x00, 0x00, 0x00, 0x00, 0x00, 0x00,
  0x00, 0x00, 0x00, 0x00, 0x00, 0x00, 0x00, 0x00, 0x00, 0x00, 0x00, 0x00, 0x00, 0x00, 0x00, 0x00,
  0x00, 0x00, 0x00, 0x00, 0x00, 0x00, 0x00, 0x00, 0x00, 0x00, 0x00, 0x00, 0x00, 0x00, 0x00, 0x00,
  0x00, 0x00, 0x00, 0x00, 0x00, 0x00, 0x00, 0x00, 0x00, 0x00, 0x00, 0x00, 0x00, 0x00, 0x00, 0x00,
  0x00, 0x00, 0x00, 0x00, 0x00, 0x00, 0x00, 0x00, 0x00, 0x00, 0x00, 0x00, 0x00, 0x00, 0x00, 0x00,
  0x00, 0x00, 0x00, 0x00, 0x00, 0x00, 0x00, 0x00, 0x00, 0x00, 0x00, 0x00, 0x00, 0x00, 0x00, 0x00,
  0x00, 0x00, 0x00, 0x00, 0x00, 0x00, 0x00, 0x00, 0x00, 0x00, 0x00, 0x00, 0x00, 0x00, 0x00, 0xf8,
  0x00, 0xb8, 0xa0, 0xb8, 0x20, 0xa1, 0x60, 0xa9, 0x00, 0xa9, 0x20, 0xb1, 0x81, 0xc1, 0x00, 0xa9,
  0xc0, 0xa0, 0xc0, 0xb0, 0xc0, 0xb0, 0xc0, 0xa8, 0xe0, 0xb8, 0x40, 0xd1, 0x61, 0xec, 0xa0, 0xfd,
  0x01, 0xfe, 0x83, 0xfd, 0xa1, 0xfd, 0xe5, 0xfe, 0xd5, 0xff, 0xd7, 0xff, 0xbc, 0xff, 0xd7, 0xff,
  0x8a, 0xff, 0xc2, 0xfe, 0x42, 0xfe, 0x03, 0xfe, 0x40, 0xfd, 0x40, 0xfc, 0xe0, 0xf2, 0x20, 0xf2,
  0x20, 0xea, 0x40, 0xfb, 0x00, 0xfc, 0xa0, 0xfb, 0xe0, 0xea, 0xc0, 0xda, 0x40, 0xc1, 0x40, 0x98,
  0x20, 0x98, 0x20, 0x98, 0x80, 0xb0, 0x20, 0x98, 0x80, 0xc1, 0x40, 0xc1, 0xc0, 0xb8, 0xa0, 0xb8,
  0xc0, 0xb0, 0x80, 0x90, 0x40, 0x88, 0x80, 0xd1, 0xe0, 0xa8, 0x40, 0x98, 0x40, 0xd9, 0x40, 0xd9,
  0xc0, 0xe1, 0xa0, 0xf2, 0xa0, 0xf2, 0x80, 0xe1, 0xe0, 0xf1, 0xe0, 0xf1, 0x20, 0xf2, 0x40, 0xfa,
  0x20, 0xf9, 0x00, 0xf0, 0x22, 0xfa, 0x2d, 0xfd, 0x7a, 0xff, 0xfd, 0xff, 0xfb, 0xff, 0xd7, 0xff,
  0xd6, 0xff, 0x93, 0xff, 0x72, 0xff, 0xef, 0xfe, 0x8c, 0xfe, 0x8d, 0xfe, 0xce, 0xfe, 0xce, 0xfe,
  0x6d, 0xfe, 0xcb, 0xfd, 0xcb, 0xfd, 0x73, 0xff, 0x0f, 0xff, 0x73, 0xff, 0xd9, 0xff, 0x4e, 0xff,
  0xd4, 0xff, 0xc9, 0xfd, 0x40, 0xe8, 0x00, 0xd9, 0x60, 0xe1, 0x40, 0x90, 0xa0, 0xa8, 0xe0, 0xc0,
  0xc0, 0xb0, 0x60, 0xa0, 0x80, 0x98, 0xe0, 0xa0, 0xe0, 0xb0, 0x80, 0x98, 0x80, 0x90, 0x80, 0x90,
  0x60, 0x78, 0xa0, 0x88, 0xe0, 0x98, 0x00, 0xb1, 0x60, 0xb9, 0x80, 0x80, 0x00, 0xa1, 0xe0, 0x88,
  0xc0, 0x88, 0x20, 0x99, 0xe0, 0x88, 0x40, 0x68, 0x80, 0x70, 0x80, 0x70, 0xc0, 0x88, 0xc0, 0x80,
  0xa0, 0x78, 0xa0, 0x80, 0xc0, 0x80, 0xe0, 0x80, 0xe0, 0x80, 0xe0, 0x88, 0xc0, 0x80, 0x00, 0x81,
  0xa0, 0x88, 0xe0, 0x88, 0x00, 0xa8, 0x00, 0x00, 0x00, 0x60, 0xc0, 0x78, 0x40, 0x79, 0x00, 0x00,
  0x00, 0x00, 0x00, 0x00, 0x00, 0x00, 0x00, 0x00, 0x00, 0x00, 0x00, 0x00, 0x00, 0x00, 0x00, 0x00,
  0x00, 0xf8, 0x00, 0x00, 0x00, 0x00, 0x00, 0x00, 0x00, 0x00, 0x00, 0x00, 0x00, 0x00, 0x00, 0x00,
  0x00, 0x00, 0x00, 0x00, 0x00, 0x00, 0x00, 0x00, 0x00, 0x00, 0x00, 0x00, 0x00, 0x00, 0x00, 0x00,
  0x00, 0x00, 0x00, 0x00, 0x00, 0x00, 0x00, 0x00, 0x00, 0x00, 0x00, 0x61, 0xe0, 0x60, 0x00, 0x38,
  0x00, 0x00, 0x00, 0x00, 0x00, 0x00, 0x00, 0x00, 0x00, 0x00, 0x00, 0x00, 0x00, 0x00, 0x00, 0x00,
  0x00, 0x00, 0x00, 0x00, 0x00, 0x00, 0x00, 0x00, 0x00, 0x00, 0x00, 0x00, 0x00, 0x00, 0x00, 0x00,
  0x00, 0x00, 0x00, 0x00, 0x00, 0x00, 0x00, 0x00, 0x00, 0x00, 0x00, 0x00, 0x00, 0x00, 0x00, 0x00,
  0x00, 0x00, 0x00, 0x00, 0x00, 0x00, 0x00, 0x00, 0x00, 0x00, 0x00, 0x00, 0x00, 0x00, 0x00, 0x00,
  0x00, 0x00, 0x00, 0x00, 0x00, 0x00, 0x00, 0x00, 0x00, 0x00, 0x00, 0x00, 0x00, 0x00, 0x00, 0x00,
  0x00, 0x00, 0x00, 0x00, 0x00, 0x00, 0x00, 0x00, 0x00, 0x00, 0x00, 0x00, 0x00, 0x00, 0x00, 0x00,
  0x00, 0x00, 0x00, 0x00, 0x00, 0x00, 0x00, 0x00, 0x00, 0x00, 0x00, 0x00, 0x00, 0x00, 0x00, 0x00,
  0x00, 0x00, 0x00, 0x00, 0x00, 0x00, 0x00, 0x00, 0x00, 0x00, 0x00, 0x00, 0x00, 0x00, 0x00, 0x00,
  0x00, 0x00, 0x00, 0x00, 0x00, 0x00, 0x00, 0x00, 0x00, 0x00, 0x00, 0x00, 0x00, 0x00, 0x00, 0x00,
  0x00, 0x00, 0x00, 0xf8, 0x00, 0x00, 0x00, 0xf8, 0x00, 0x00, 0x00, 0xf8, 0xc0, 0xb0, 0xe0, 0x98,
  0x40, 0xa9, 0x20, 0xa1, 0xa0, 0x90, 0xa0, 0x88, 0x80, 0x80, 0x80, 0xa0, 0x20, 0xc9, 0xe0, 0xb0,
  0x80, 0xa0, 0x00, 0xb9, 0x40, 0xd9, 0x40, 0xd8, 0x20, 0xeb, 0x44, 0xfe, 0x82, 0xfd, 0x40, 0xfe,
  0xe6, 0xfe, 0xd6, 0xff, 0xd7, 0xff, 0x73, 0xff, 0x6d, 0xff, 0x92, 0xff, 0x0b, 0xff, 0x81, 0xfe,
  0xc3, 0xfe, 0x83, 0xfe, 0x41, 0xfe, 0xa1, 0xfe, 0x61, 0xfd, 0x60, 0xfb, 0x00, 0xe2, 0x00, 0xd9,
  0xc0, 0xc8, 0x40, 0xa8, 0x60, 0xb0, 0xa0, 0xa8, 0x00, 0xb1, 0x40, 0xc1, 0x20, 0xb1, 0xe0, 0xa8,
  0x20, 0xc1, 0xc0, 0xb0, 0x20, 0xc9, 0xc0, 0xe9, 0xe0, 0xe9, 0x00, 0xc1, 0xa0, 0xa0, 0xc0, 0xb0,
  0xa0, 0xb0, 0xa0, 0xb8, 0xc0, 0xb8, 0xa0, 0xe1, 0xa0, 0xfa, 0x40, 0xea, 0x40, 0xd9, 0x40, 0xe1,
  0x80, 0xe1, 0xe0, 0xf1, 0x20, 0xf2, 0x20, 0xf9, 0x40, 0xf0, 0xe0, 0xf1, 0x8a, 0xfd, 0xf8, 0xff,
  0xfd, 0xff, 0xd7, 0xff, 0x73, 0xff, 0x51, 0xff, 0xef, 0xfe, 0xcc, 0xfe, 0xed, 0xfe, 0xaf, 0xfe,
  0x6d, 0xfe, 0x6c, 0xfe, 0x4b, 0xfe, 0xce, 0xfe, 0x8e, 0xfe, 0xcb, 0xfd, 0xa7, 0xfc, 0xec, 0xfd,
  0x10, 0xff, 0xef, 0xfe, 0xb6, 0xff, 0xd5, 0xff, 0x4d, 0xff, 0xf7, 0xff, 0x87, 0xfc, 0x80, 0xe8,
  0x00, 0xd9, 0x40, 0xd9, 0x20, 0x90, 0x20, 0xc1, 0x20, 0xc9, 0xa0, 0xa8, 0x20, 0x80, 0xc0, 0xa8,
  0x00, 0xa9, 0x60, 0x80, 0xa0, 0x98, 0xa0, 0x98, 0xc0, 0xa0, 0x60, 0x70, 0x80, 0x80, 0x40, 0xb1,
  0xe0, 0xa8, 0x00, 0xa9, 0x40, 0xa1, 0x80, 0x78, 0xc0, 0x88, 0xa0, 0x88, 0xe0, 0x90, 0xa0, 0x78,
  0x60, 0x70, 0xc0, 0x88, 0xa0, 0x80, 0xe0, 0x80, 0xe0, 0x88, 0xa0, 0x80, 0xa0, 0x80, 0xc0, 0x80,
  0xe0, 0x80, 0xc0, 0x80, 0xc0, 0x88, 0x00, 0x89, 0x40, 0x79, 0x40, 0x79, 0xe0, 0x80, 0x00, 0x78,
  0xe0, 0x70, 0xe0, 0x78, 0xe0, 0x78, 0x00, 0x00, 0x00, 0xf8, 0x00, 0x00, 0x00, 0x00, 0x00, 0x00,
  0x00, 0x00, 0x00, 0x00, 0x00, 0x00, 0x00, 0x00, 0x00, 0x00, 0x00, 0x00, 0x00, 0x00, 0x00, 0x00,
  0x00, 0x00, 0x00, 0x00, 0x00, 0x00, 0x00, 0x00, 0x00, 0x00, 0x00, 0x00, 0x00, 0x00, 0x00, 0x00,
  0x00, 0x00, 0x00, 0x00, 0x00, 0x00, 0x00, 0x00, 0x00, 0x00, 0x00, 0x00, 0x00, 0x00, 0x00, 0x00,
  0x00, 0x00, 0x40, 0x51, 0xe0, 0x58, 0x20, 0x61, 0x00, 0x00, 0x00, 0x00, 0x00, 0x00, 0x00, 0x00,
  0x00, 0x00, 0x00, 0x00, 0x00, 0x00, 0x00, 0x00, 0x00, 0x00, 0x00, 0x00, 0x00, 0x00, 0x00, 0x00,
  0x00, 0x00, 0x00, 0x00, 0x00, 0x00, 0x00, 0x00, 0x00, 0x00, 0x00, 0x00, 0x00, 0x00, 0x00, 0x00,
  0x00, 0x00, 0x00, 0x00, 0x00, 0x00, 0x00, 0x00, 0x00, 0x00, 0x00, 0x00, 0x00, 0x00, 0x00, 0x00,
  0x00, 0x00, 0x00, 0x00, 0x00, 0x00, 0x00, 0x00, 0x00, 0x00, 0x00, 0x00, 0x00, 0x00, 0x00, 0x00,
  0x00, 0x00, 0x00, 0x00, 0x00, 0x00, 0x00, 0x00, 0x00, 0x00, 0x00, 0x00, 0x00, 0x00, 0x00, 0x00,
  0x00, 0x00, 0x00, 0x00, 0x00, 0x00, 0x00, 0x00, 0x00, 0x00, 0x00, 0x00, 0x00, 0x00, 0x00, 0x00,
  0x00, 0x00, 0x00, 0x00, 0x00, 0x00, 0x00, 0x00, 0x00, 0x00, 0x00, 0x00, 0x00, 0x00, 0x00, 0x00,
  0x00, 0x00, 0x00, 0x00, 0x00, 0x00, 0x00, 0x00, 0x00, 0x00, 0x00, 0x00, 0x00, 0x00, 0x00, 0x00,
  0x00, 0x00, 0x00, 0x00, 0x00, 0x00, 0x00, 0x00, 0x00, 0x00, 0x00, 0x00, 0x00, 0xf8, 0xa0, 0xaa,
  0xe0, 0xff, 0xc0, 0xb0, 0xe0, 0x98, 0x20, 0x91, 0xe0, 0xa8, 0xe0, 0xa0, 0x00, 0xa1, 0xc0, 0x98,
  0xc0, 0x90, 0x80, 0x98, 0x00, 0xc9, 0xe0, 0xc8, 0xa0, 0xb8, 0xe0, 0xc8, 0x20, 0xe2, 0x20, 0xe1,
  0xc0, 0xe0, 0xc0, 0xf2, 0x04, 0xff, 0x07, 0xff, 0x61, 0xfe, 0x4d, 0xff, 0xdb, 0xff, 0xb9, 0xff,
  0x73, 0xff, 0xb8, 0xff, 0xb8, 0xff, 0xd1, 0xff, 0x06, 0xff, 0xa4, 0xfe, 0x63, 0xfe, 0xe4, 0xfe,
  0xa3, 0xfe, 0x81, 0xfd, 0xa0, 0xfb, 0x80, 0xea, 0x80, 0xd9, 0x60, 0xc9, 0xe0, 0xb0, 0x40, 0xc1,
  0xa0, 0xd1, 0xe0, 0xe1, 0x40, 0xc1, 0xe0, 0xb0, 0x60, 0xc1, 0x20, 0xc9, 0xc0, 0xb0, 0x00, 0xb9,
  0x20, 0xc9, 0x60, 0xc9, 0x00, 0xea, 0x60, 0xd1, 0xa0, 0xa0, 0xc0, 0xb0, 0x20, 0xd1, 0xc0, 0xe1,
  0x80, 0xd9, 0x60, 0xd9, 0xe0, 0xd0, 0x40, 0xd9, 0xc0, 0xe9, 0x80, 0xf1, 0x00, 0xf1, 0x80, 0xf0,
  0xa2, 0xf2, 0x89, 0xfd, 0xb8, 0xff, 0xfb, 0xff, 0x93, 0xff, 0x93, 0xff, 0x93, 0xff, 0x50, 0xff,
  0x8c, 0xfe, 0x0f, 0xff, 0x31, 0xff, 0x8e, 0xfe, 0xeb, 0xfd, 0xeb, 0xfd, 0xab, 0xfd, 0xeb, 0xfd,
  0x32, 0xff, 0x73, 0xff, 0xeb, 0xfd, 0x2e, 0xfe, 0x53, 0xff, 0x11, 0xff, 0xd8, 0xff, 0xd8, 0xff,
  0xb5, 0xff, 0x50, 0xff, 0xf5, 0xff, 0x45, 0xfb, 0x20, 0xd8, 0xc0, 0xe1, 0x60, 0xd9, 0x60, 0xa0,
  0x40, 0xe2, 0xa0, 0xe1, 0xc0, 0xb8, 0x40, 0x88, 0xe0, 0xa0, 0xa0, 0x98, 0x20, 0x70, 0x80, 0x90,
  0xa0, 0x98, 0x00, 0xb1, 0xa0, 0xa8, 0x40, 0x80, 0x80, 0xa8, 0x60, 0x98, 0x80, 0x98, 0x40, 0xc9,
  0xc0, 0xa0, 0xe0, 0x98, 0x20, 0xa9, 0x60, 0x80, 0x40, 0x99, 0xe0, 0x88, 0x80, 0x80, 0xa0, 0x80,
  0x80, 0x80, 0xc0, 0x88, 0xc0, 0x88, 0xe0, 0x80, 0xc0, 0x80, 0xc0, 0x80, 0xc0, 0x80, 0xe0, 0x80,
  0xa0, 0x88, 0x20, 0x79, 0x40, 0x79, 0xa0, 0x78, 0xc0, 0x78, 0xe0, 0x78, 0xe0, 0x78, 0xe0, 0x78,
  0x40, 0x79, 0xe0, 0x7b, 0x00, 0x00, 0x00, 0x00, 0x00, 0x00, 0x00, 0x00, 0x00, 0x00, 0x00, 0x00,
  0x00, 0x00, 0x00, 0x00, 0x00, 0x00, 0x00, 0x00, 0x00, 0x00, 0x00, 0x00, 0x00, 0x00, 0x00, 0x00,
  0x00, 0x00, 0x00, 0x00, 0x00, 0x00, 0x00, 0x00, 0x00, 0x00, 0x00, 0x00, 0x00, 0x00, 0x00, 0x00,
  0x00, 0x00, 0x00, 0x00, 0x00, 0x00, 0x00, 0x00, 0x00, 0x00, 0x00, 0x00, 0x00, 0x78, 0x00, 0x00,
  0x00, 0x00, 0x00, 0x00, 0x00, 0x00, 0x00, 0x00, 0x00, 0x00, 0x00, 0x00, 0x00, 0x00, 0x00, 0x00,
  0x00, 0x00, 0x00, 0x00, 0x00, 0x00, 0x00, 0x00, 0x00, 0x00, 0x00, 0x00, 0x00, 0x00, 0x00, 0x00,
  0x00, 0x00, 0x00, 0x00, 0x00, 0x00, 0x00, 0x00, 0x00, 0x00, 0x00, 0x00, 0x00, 0x00, 0x00, 0x00,
  0x00, 0x00, 0x00, 0x00, 0x00, 0x00, 0x00, 0x00, 0x00, 0x00, 0x00, 0x00, 0x00, 0x00, 0x00, 0x00,
  0x00, 0x00, 0x00, 0x00, 0x00, 0x00, 0x00, 0x00, 0x00, 0x00, 0x00, 0x00, 0x00, 0x00, 0x00, 0x00,
  0x00, 0x00, 0x00, 0x00, 0x00, 0x00, 0x00, 0x00, 0x00, 0x00, 0x00, 0x00, 0x00, 0x00, 0x00, 0x00,
  0x00, 0x00, 0x00, 0x00, 0x00, 0x00, 0x00, 0x00, 0x00, 0x00, 0x00, 0x00, 0x00, 0x00, 0x00, 0x00,
  0x00, 0x00, 0x00, 0x00, 0x00, 0x00, 0x00, 0x00, 0x00, 0x00, 0x00, 0x00, 0x00, 0x00, 0x00, 0x00,
  0x00, 0x00, 0x00, 0xf8, 0x00, 0x00, 0x00, 0x00, 0x00, 0x00, 0x00, 0x00, 0x00, 0x00, 0x00, 0x00,
  0x00, 0x00, 0x00, 0x00, 0x00, 0xf8, 0x00, 0x00, 0xc0, 0x90, 0xe0, 0x90, 0x20, 0xa1, 0xe0, 0xb8,
  0x00, 0x99, 0x20, 0xa1, 0x00, 0xa1, 0x00, 0xa1, 0x20, 0xb1, 0xe0, 0xa0, 0x20, 0xb1, 0x00, 0xc1,
  0x60, 0x98, 0xa0, 0xb0, 0xc0, 0xc8, 0xe0, 0xd0, 0x20, 0xd9, 0x80, 0xe9, 0xe1, 0xfc, 0x42, 0xfe,
  0x02, 0xfe, 0xe2, 0xfe, 0xb3, 0xff, 0x98, 0xff, 0xb9, 0xff, 0xb7, 0xff, 0xfb, 0xff, 0xd6, 0xff,
  0xd3, 0xff, 0x93, 0xff, 0x6c, 0xff, 0x47, 0xff, 0x82, 0xfd, 0x00, 0xfc, 0x40, 0xf3, 0xa0, 0xf2,
  0x60, 0xd1, 0xe0, 0xb8, 0x40, 0xd1, 0x00, 0xb9, 0xa0, 0xa8, 0xe0, 0xb0, 0x40, 0xc9, 0xa0, 0xd1,
  0xe0, 0xa8, 0xa0, 0x98, 0x00, 0xb9, 0x00, 0xb9, 0x00, 0xc1, 0x20, 0xc1, 0xe0, 0xb0, 0x20, 0xc9,
  0xe0, 0xb0, 0x80, 0x98, 0x80, 0xa8, 0xa0, 0xb0, 0x00, 0xc1, 0xe0, 0xd9, 0x81, 0xea, 0x20, 0xea,
  0xc0, 0xf1, 0xa0, 0xf0, 0x60, 0xf0, 0x63, 0xf2, 0x0f, 0xfe, 0xf9, 0xff, 0xfe, 0xff, 0xda, 0xff,
  0x70, 0xff, 0xb3, 0xff, 0xd5, 0xff, 0xd5, 0xff, 0x50, 0xff, 0x52, 0xff, 0x4e, 0xfe, 0xeb, 0xfd,
  0x0c, 0xfe, 0x48, 0xfd, 0x49, 0xfd, 0x8e, 0xfe, 0x8a, 0xfd, 0xf0, 0xfe, 0x0c, 0xfe, 0x07, 0xfd,
  0x32, 0xff, 0x95, 0xff, 0x11, 0xff, 0xb8, 0xff, 0xfb, 0xff, 0xb7, 0xff, 0x51, 0xff, 0xf3, 0xff,
  0x41, 0xf2, 0x20, 0xd0, 0x20, 0xea, 0xa0, 0xd9, 0x80, 0xa8, 0xa0, 0xd9, 0x20, 0xc9, 0x40, 0xc9,
  0x60, 0x88, 0x80, 0x90, 0x40, 0x80, 0x40, 0x88, 0x40, 0x80, 0xe0, 0xa8, 0x20, 0x90, 0x80, 0xa8,
  0x20, 0xc1, 0x40, 0xc9, 0x80, 0xc0, 0x60, 0xb0, 0xe0, 0xb0, 0x00, 0xa9, 0xc0, 0x98, 0x80, 0x80,
  0x00, 0x99, 0x60, 0xd2, 0xa0, 0x88, 0x80, 0x78, 0xa0, 0x80, 0xa0, 0x80, 0xc0, 0x88, 0xe0, 0x88,
  0xc0, 0x90, 0xc0, 0x80, 0x20, 0x89, 0xe0, 0x80, 0xe0, 0x80, 0xc0, 0x80, 0xc0, 0x90, 0xe0, 0xb9,
  0xc0, 0x78, 0xa0, 0x78, 0x20, 0x69, 0xe0, 0x80, 0xe0, 0x88, 0xc0, 0x70, 0xc0, 0x68, 0x20, 0x69,
  0x00, 0x00, 0x00, 0x00, 0x00, 0x00, 0x00, 0x00, 0x00, 0x00, 0x00, 0x00, 0x00, 0x00, 0x00, 0x00,
  0x00, 0x00, 0x00, 0x00, 0x00, 0x00, 0x00, 0x00, 0x00, 0x00, 0x00, 0x00, 0x00, 0x00, 0x00, 0x00,
  0x00, 0x00, 0x00, 0x00, 0x00, 0x00, 0x00, 0x00, 0x00, 0x00, 0x00, 0x00, 0x00, 0x00, 0x00, 0x00,
  0x00, 0x00, 0x00, 0x00, 0x00, 0x00, 0x00, 0x00, 0x00, 0x00, 0x00, 0x78, 0x00, 0x00, 0x00, 0x00,
  0x00, 0x00, 0x00, 0x00, 0x00, 0x00, 0x00, 0x00, 0x00, 0x00, 0x00, 0x00, 0x00, 0x00, 0x00, 0x00,
  0x00, 0x00, 0x00, 0x00, 0x00, 0x00, 0x00, 0x00, 0x00, 0x00, 0x00, 0x00, 0x00, 0x00, 0x00, 0x00,
  0x00, 0x00, 0x00, 0x00, 0x00, 0x00, 0x00, 0x00, 0x00, 0x00, 0x00, 0x00, 0x00, 0x00, 0x00, 0x00,
  0x00, 0x00, 0x00, 0x00, 0x00, 0x00, 0x00, 0x00, 0x00, 0x00, 0x00, 0x00, 0x00, 0x00, 0x00, 0x00,
  0x00, 0x00, 0x00, 0x00, 0x00, 0x00, 0x00, 0x00, 0x00, 0x00, 0x00, 0x00, 0x00, 0x00, 0x00, 0x00,
  0x00, 0x00, 0x00, 0x00, 0x00, 0x00, 0x00, 0x00, 0x00, 0x00, 0x00, 0x00, 0x00, 0x00, 0x00, 0x00,
  0x00, 0x00, 0x00, 0x00, 0x00, 0x00, 0x00, 0x00, 0x00, 0x00, 0x00, 0x00, 0x00, 0x00, 0x00, 0x00,
  0x00, 0x00, 0x00, 0x00, 0x00, 0x00, 0x00, 0x00, 0x00, 0x00, 0x00, 0x00, 0x00, 0x00, 0x00, 0x00,
  0x00, 0x00, 0x00, 0x00, 0x00, 0x00, 0x00, 0x00, 0x00, 0x00, 0x00, 0x00, 0x00, 0x00, 0x00, 0x00,
  0x00, 0x00, 0xe0, 0x90, 0xe0, 0x90, 0xe0, 0x90, 0x80, 0x99, 0x60, 0xa1, 0x00, 0x99, 0xc0, 0x98,
  0xc0, 0xa0, 0xe0, 0xa0, 0xc0, 0x98, 0x00, 0xb1, 0xa0, 0xa8, 0x80, 0xa0, 0xa0, 0xb0, 0x00, 0xd1,
  0x20, 0xf2, 0xa0, 0xe9, 0xe0, 0xe9, 0xc0, 0xfd, 0x02, 0xfe, 0xa1, 0xfd, 0xe3, 0xfe, 0xd8, 0xff,
  0x94, 0xff, 0x07, 0xff, 0x2b, 0xff, 0xd3, 0xff, 0xd6, 0xff, 0xd8, 0xff, 0xd7, 0xff, 0x69, 0xfd,
  0xa2, 0xfc, 0x00, 0xfb, 0x80, 0xfa, 0x80, 0xe9, 0x00, 0xd9, 0xc0, 0xd1, 0x20, 0xb1, 0xe0, 0xb0,
  0x20, 0xc1, 0x00, 0xb1, 0x40, 0xc1, 0xc0, 0xa0, 0x20, 0xb9, 0xc0, 0xd1, 0x80, 0xc9, 0xa0, 0xd1,
  0xe0, 0xb0, 0x40, 0xc1, 0x20, 0xb9, 0xa0, 0xa8, 0xa0, 0xa8, 0x80, 0xa0, 0x80, 0xa0, 0xa0, 0xc9,
  0x00, 0xe2, 0xc0, 0xe1, 0x81, 0xf2, 0x21, 0xf2, 0xa0, 0xf0, 0x60, 0xf0, 0x43, 0xfa, 0xb0, 0xfd,
  0xfc, 0xff, 0xfd, 0xff, 0xbc, 0xff, 0xd8, 0xff, 0xd5, 0xff, 0xd5, 0xff, 0xb3, 0xff, 0xd7, 0xff,
  0xb5, 0xff, 0x30, 0xff, 0x2c, 0xfe, 0x07, 0xfd, 0xaa, 0xfd, 0xaa, 0xfd, 0x29, 0xfd, 0xcb, 0xfd,
  0x8a, 0xfd, 0x29, 0xfd, 0x31, 0xff, 0x67, 0xfd, 0x6e, 0xfe, 0xb5, 0xff, 0x73, 0xff, 0x74, 0xff,
  0x72, 0xff, 0xd8, 0xff, 0xb8, 0xff, 0x70, 0xff, 0x51, 0xfe, 0x40, 0xf9, 0xa0, 0xd0, 0xe0, 0xe9,
  0x60, 0xc9, 0x80, 0xa8, 0xe0, 0xc8, 0xe0, 0xb8, 0xc0, 0xa8, 0x00, 0x70, 0x60, 0x88, 0xc0, 0xa8,
  0x80, 0x98, 0xc0, 0xa0, 0x60, 0x90, 0xc0, 0xb1, 0xc0, 0xc9, 0xa0, 0xd9, 0xc0, 0xe9, 0x60, 0xfb,
  0xc0, 0xf3, 0xe0, 0xe3, 0xa1, 0xfd, 0xa0, 0xb9, 0x80, 0x90, 0x60, 0xb9, 0x00, 0xa9, 0xa0, 0x80,
  0xa0, 0x78, 0xa0, 0x78, 0xc0, 0x80, 0xc0, 0x88, 0xe0, 0x90, 0xe0, 0x88, 0x00, 0x89, 0x00, 0x89,
  0xe0, 0x80, 0xc0, 0x88, 0x00, 0x81, 0xc0, 0x78, 0xe0, 0x88, 0xe0, 0x79, 0x40, 0x79, 0xa0, 0xaa,
  0x00, 0x89, 0xe0, 0x80, 0xc0, 0x70, 0xe0, 0x70, 0x00, 0x00, 0x00, 0x00, 0x00, 0x00, 0x00, 0x00,
  0x00, 0x00, 0x00, 0xf8, 0x00, 0x00, 0x00, 0x00, 0x00, 0x00, 0x00, 0x00, 0x00, 0x00, 0x00, 0x00,
  0x00, 0x00, 0x00, 0x00, 0x00, 0x00, 0x00, 0x00, 0x00, 0x00, 0x00, 0x00, 0x00, 0x00, 0x00, 0x00,
  0x00, 0x00, 0x00, 0x00, 0x00, 0x00, 0x00, 0x00, 0x00, 0x00, 0x00, 0x00, 0x00, 0x00, 0x00, 0x00,
  0x00, 0x00, 0x00, 0x00, 0x00, 0x00, 0x00, 0x00, 0x00, 0x00, 0x00, 0x00, 0x00, 0x00, 0x00, 0x00,
  0x00, 0x00, 0x00, 0x00, 0x00, 0x00, 0x00, 0x00, 0x00, 0x00, 0x00, 0x00, 0x00, 0x00, 0x00, 0x00,
  0x00, 0x00, 0x00, 0x00, 0x00, 0x00, 0x00, 0x00, 0x00, 0x00, 0x00, 0x00, 0x00, 0x00, 0x00, 0x00,
  0x00, 0x00, 0x00, 0x00, 0x00, 0x00, 0x00, 0x00, 0x00, 0x00, 0x00, 0x00, 0x00, 0x00, 0x00, 0x00,
  0x00, 0x00, 0x00, 0x00, 0x00, 0x00, 0x00, 0x00, 0x00, 0x00, 0x00, 0x00, 0x00, 0x00, 0x00, 0x00,
  0x00, 0x00, 0x00, 0x00, 0x00, 0x00, 0x00, 0x00, 0x00, 0x00, 0x00, 0x00, 0x00, 0x00, 0x00, 0x00,
  0x00, 0x00, 0x00, 0x00, 0x00, 0x00, 0x00, 0x00, 0x00, 0x00, 0x00, 0x00, 0x00, 0x00, 0x00, 0x00,
  0x00, 0x00, 0x00, 0x00, 0x00, 0x00, 0x00, 0x00, 0x00, 0x00, 0x00, 0x00, 0x00, 0x00, 0x00, 0x00,
  0x00, 0x00, 0x00, 0x00, 0x00, 0x00, 0x00, 0x00, 0x00, 0x00, 0x00, 0x00, 0x00, 0x00, 0x00, 0x00,
  0x00, 0x00, 0x00, 0x00, 0x00, 0xf8, 0x00, 0x00, 0x00, 0x00, 0x00, 0xf8, 0x20, 0x91, 0xe0, 0x98,
  0x20, 0x99, 0x41, 0xa9, 0xe0, 0x88, 0xc0, 0x90, 0xc0, 0xa0, 0xc0, 0x98, 0xe0, 0xa0, 0x00, 0xa9,
  0xc0, 0xa8, 0x60, 0xa8, 0x80, 0xb0, 0x00, 0xd1, 0x80, 0xd8, 0xc0, 0xe0, 0x40, 0xf4, 0x63, 0xff,
  0xa1, 0xfd, 0x40, 0xfc, 0xe0, 0xfc, 0xc8, 0xfe, 0xfa, 0xff, 0x4b, 0xff, 0x41, 0xfe, 0x92, 0xff,
  0xf8, 0xff, 0x95, 0xff, 0xb4, 0xff, 0x66, 0xfd, 0x40, 0xfa, 0x00, 0xf2, 0xa0, 0xf2, 0x80, 0xfb,
  0x20, 0xf2, 0x80, 0xd9, 0x00, 0xb9, 0x60, 0x90, 0x60, 0xc1, 0xa0, 0xd1, 0xe0, 0xa8, 0x40, 0xb9,
  0x80, 0xea, 0xe0, 0xd9, 0x20, 0xb9, 0xc0, 0xa0, 0x00, 0xb1, 0xe0, 0xb0, 0xe0, 0xa8, 0xa0, 0xa8,
  0xa0, 0xa8, 0x00, 0xc1, 0x00, 0xe2, 0x20, 0xfb, 0xc0, 0xfa, 0x40, 0xf2, 0x80, 0xe9, 0x60, 0xe8,
  0x60, 0xf0, 0xe3, 0xfa, 0x30, 0xfe, 0xfa, 0xff, 0xfc, 0xff, 0xd8, 0xff, 0xb6, 0xff, 0xd6, 0xff,
  0xd6, 0xff, 0xf9, 0xff, 0xf8, 0xff, 0xd6, 0xff, 0x72, 0xff, 0x2f, 0xff, 0x30, 0xff, 0x2c, 0xfe,
  0x0b, 0xfe, 0xcb, 0xfd, 0x65, 0xfc, 0x8a, 0xfd, 0x0c, 0xfe, 0xc4, 0xfb, 0x29, 0xfd, 0xf0, 0xfe,
  0xcd, 0xfe, 0x72, 0xff, 0xb5, 0xff, 0x73, 0xff, 0xf9, 0xff, 0xd8, 0xff, 0xb6, 0xff, 0x76, 0xff,
  0xf0, 0xff, 0xed, 0xfc, 0x20, 0xf0, 0xc0, 0xd0, 0xc0, 0xe1, 0xa0, 0xa8, 0xa0, 0xa8, 0x60, 0xd9,
  0xe0, 0xb8, 0x60, 0x90, 0x60, 0x88, 0x40, 0x78, 0x80, 0x98, 0x80, 0x98, 0xa0, 0xa0, 0x40, 0x90,
  0x60, 0xc2, 0x20, 0xfc, 0x80, 0xea, 0xa0, 0xf4, 0x63, 0xff, 0x64, 0xfe, 0xe1, 0xf2, 0x00, 0xd2,
  0x40, 0xb9, 0x40, 0xb1, 0x00, 0xa1, 0xc0, 0x98, 0x40, 0xa9, 0xc0, 0x88, 0xc0, 0x88, 0xc0, 0x88,
  0x00, 0x89, 0xe0, 0x88, 0x00, 0x89, 0xe0, 0x90, 0xe0, 0x88, 0x00, 0x91, 0xc0, 0x80, 0xc0, 0x78,
  0xe0, 0x80, 0xe0, 0x80, 0x00, 0x98, 0xe0, 0x70, 0xa0, 0x68, 0xe0, 0x78, 0xe0, 0x68, 0x20, 0x79,
  0x20, 0x69, 0x00, 0x78, 0x00, 0xf8, 0x00, 0x00, 0x00, 0x00, 0x00, 0x78, 0x00, 0x78, 0x00, 0x00,
  0x00, 0x00, 0x00, 0x00, 0x00, 0xf8, 0x00, 0x00, 0x00, 0x00, 0x00, 0x00, 0x00, 0x00, 0x80, 0x61,
  0x00, 0x78, 0x00, 0x00, 0x00, 0x00, 0x00, 0x00, 0x00, 0x00, 0x00, 0x00, 0x00, 0x00, 0x00, 0x00,
  0x00, 0x00, 0x00, 0x00, 0x00, 0x00, 0x00, 0x00, 0x00, 0x00, 0x00, 0x00, 0x00, 0x00, 0x00, 0x00,
  0x00, 0x00, 0x00, 0x00, 0x00, 0x00, 0x00, 0x00, 0x00, 0x00, 0x00, 0x00, 0x00, 0x00, 0x00, 0x00,
  0x00, 0x00, 0x00, 0x00, 0x00, 0x00, 0x00, 0x00, 0x00, 0x00, 0x00, 0x00, 0x00, 0x00, 0x00, 0x00,
  0x00, 0x00, 0x00, 0x00, 0x00, 0x00, 0x00, 0x00, 0x00, 0x00, 0x00, 0x00, 0x00, 0x00, 0x00, 0x00,
  0x00, 0x00, 0x00, 0x00, 0x00, 0x00, 0x00, 0x00, 0x00, 0x00, 0x00, 0x00, 0x00, 0x00, 0x00, 0x00,
  0x00, 0x00, 0x00, 0x00, 0x00, 0x00, 0x00, 0x00, 0x00, 0x00, 0x00, 0x00, 0x00, 0x00, 0x00, 0x00,
  0x00, 0x00, 0x00, 0x00, 0x00, 0x00, 0x00, 0x00, 0x00, 0x00, 0x00, 0x00, 0x00, 0x00, 0x00, 0x00,
  0x00, 0x00, 0x00, 0x00, 0x00, 0x00, 0x00, 0x00, 0x00, 0x00, 0x00, 0x00, 0x00, 0x00, 0x00, 0x00,
  0x00, 0x00, 0x00, 0x00, 0x00, 0x00, 0x00, 0x00, 0x00, 0x00, 0x00, 0x00, 0x00, 0x00, 0x00, 0x00,
  0x00, 0xf8, 0x00, 0x00, 0x00, 0x00, 0x00, 0x00, 0x00, 0x00, 0x00, 0x00, 0x00, 0x00, 0x00, 0x00,
  0x00, 0x00, 0x00, 0x00, 0x00, 0xf8, 0x00, 0x50, 0xc0, 0x98, 0xc0, 0x98, 0xa0, 0xd2, 0xe0, 0x88,
  0xa0, 0x88, 0x00, 0xa1, 0xe0, 0xa0, 0x00, 0xb1, 0x20, 0xb9, 0xc0, 0xa8, 0xc0, 0xb8, 0xc0, 0xc8,
  0x20, 0xd0, 0xa0, 0xd0, 0x01, 0xf5, 0xa0, 0xfd, 0x00, 0xf3, 0xe0, 0xe8, 0x20, 0xea, 0xe1, 0xfc,
  0x28, 0xff, 0x2a, 0xff, 0x46, 0xfe, 0x82, 0xfd, 0xcb, 0xfe, 0x8b, 0xfe, 0xe9, 0xfe, 0x40, 0xfd,
  0x01, 0xfc, 0x42, 0xfc, 0xa1, 0xfc, 0x60, 0xea, 0xe0, 0xd8, 0x40, 0xd9, 0x20, 0xd1, 0x20, 0xc1,
  0xe0, 0xd1, 0xa0, 0xd1, 0x80, 0xc9, 0xe0, 0xb0, 0xa0, 0xa0, 0xe0, 0xa8, 0xa0, 0xd1, 0x80, 0xc9,
  0x40, 0xc1, 0x00, 0xb1, 0xc0, 0xa8, 0xa0, 0xb0, 0xe0, 0xc0, 0xa0, 0xd9, 0xa0, 0xf2, 0xe0, 0xfa,
  0x80, 0xfa, 0xe0, 0xe9, 0xe0, 0xf0, 0xa0, 0xe8, 0x43, 0xf3, 0x91, 0xfe, 0xfb, 0xff, 0xfb, 0xff,
  0xb8, 0xff, 0xb3, 0xff, 0xb4, 0xff, 0xd5, 0xff, 0xd5, 0xff, 0xd5, 0xff, 0xb5, 0xff, 0xb5, 0xff,
  0x93, 0xff, 0x4f, 0xff, 0x0f, 0xff, 0x11, 0xff, 0x4d, 0xfe, 0x69, 0xfd, 0x28, 0xfd, 0x49, 0xfd,
  0xec, 0xfd, 0xa7, 0xfc, 0x63, 0xfb, 0x4e, 0xfe, 0x0f, 0xff, 0xad, 0xfe, 0xb6, 0xff, 0xb5, 0xff,
  0x94, 0xff, 0xb7, 0xff, 0xd7, 0xff, 0xb5, 0xff, 0x54, 0xff, 0xae, 0xff, 0x47, 0xf4, 0x20, 0xe8,
  0x00, 0xd1, 0xc0, 0xe9, 0x80, 0xa0, 0x20, 0xb9, 0x80, 0xe1, 0x60, 0x98, 0x60, 0x90, 0xa0, 0xa0,
  0x40, 0x88, 0x80, 0x98, 0xe0, 0xa8, 0xa0, 0x90, 0x80, 0x98, 0x60, 0x90, 0x20, 0xd1, 0x20, 0xf4,
  0x00, 0xff, 0x49, 0xff, 0x2d, 0xff, 0x61, 0xf3, 0x40, 0xe2, 0xa0, 0xda, 0x20, 0xb9, 0xc0, 0x98,
  0x60, 0x80, 0x20, 0xa1, 0x00, 0x99, 0xe0, 0x90, 0x00, 0x91, 0x00, 0x91, 0x00, 0x89, 0x20, 0x91,
  0x00, 0x91, 0x80, 0x88, 0x20, 0x99, 0x00, 0x89, 0xa0, 0x68, 0xc0, 0x78, 0x00, 0x99, 0x00, 0x78,
  0x20, 0x91, 0x00, 0x78, 0xc0, 0x78, 0xe0, 0x70, 0x80, 0x68, 0x00, 0x98, 0x00, 0x78, 0x00, 0x00,
  0x00, 0x00, 0x00, 0x00, 0x00, 0x00, 0x00, 0x00, 0x00, 0x00, 0x00, 0x00, 0x00, 0x00, 0x00, 0x00,
  0x00, 0x00, 0x00, 0x00, 0x00, 0x00, 0x00, 0x00, 0xa0, 0x52, 0x00, 0xf8, 0x00, 0x00, 0x00, 0x00,
  0x00, 0x00, 0x00, 0x00, 0x00, 0x00, 0x00, 0x00, 0x00, 0x00, 0x00, 0x00, 0x00, 0x00, 0x00, 0x00,
  0x00, 0x00, 0x00, 0x00, 0x00, 0x00, 0x00, 0x00, 0x00, 0x00, 0x00, 0x00, 0x00, 0x00, 0x00, 0x00,
  0x00, 0x00, 0x00, 0x00, 0x00, 0x00, 0x00, 0x00, 0x00, 0x00, 0x00, 0x00, 0x00, 0x00, 0x00, 0x00,
  0x00, 0x00, 0x00, 0x00, 0x00, 0x00, 0x00, 0x00, 0x00, 0x00, 0x00, 0x00, 0x00, 0x00, 0x00, 0x00,
  0x00, 0x00, 0x00, 0x00, 0x00, 0x00, 0x00, 0x00, 0x00, 0x00, 0x00, 0x00, 0x00, 0x00, 0x00, 0x00,
  0x00, 0x00, 0x00, 0x00, 0x00, 0x00, 0x00, 0x00, 0x00, 0x00, 0x00, 0x00, 0x00, 0x00, 0x00, 0x00,
  0x00, 0x00, 0x00, 0x00, 0x00, 0x00, 0x00, 0x00, 0x00, 0x00, 0x00, 0x00, 0x00, 0x00, 0x00, 0x00,
  0x00, 0x00, 0x00, 0x00, 0x00, 0x00, 0x00, 0x00, 0x00, 0x00, 0x00, 0x00, 0xa0, 0x68, 0xe0, 0x68,
  0x00, 0x50, 0x00, 0x00, 0x00, 0x00, 0x00, 0x00, 0x00, 0x00, 0x00, 0x00, 0x00, 0x00, 0x00, 0x00,
  0x00, 0x00, 0x00, 0x00, 0x00, 0x00, 0x00, 0x00, 0x00, 0x00, 0x00, 0x00, 0x00, 0x00, 0x00, 0x00,
  0x00, 0x00, 0x00, 0x00, 0x00, 0x00, 0x00, 0x00, 0x00, 0x00, 0x00, 0x00, 0x00, 0x00, 0x00, 0x00,
  0xa0, 0xaa, 0x00, 0xb8, 0xe0, 0x88, 0x20, 0x99, 0xe0, 0x98, 0xe0, 0x98, 0xc0, 0x98, 0xe0, 0xa8,
  0xc0, 0xa0, 0x60, 0x90, 0x80, 0xb8, 0x40, 0xc8, 0x20, 0xd0, 0xa1, 0xeb, 0x01, 0xfe, 0xe0, 0xeb,
  0x40, 0xe9, 0xa0, 0xf2, 0xa0, 0xf2, 0x80, 0xf2, 0xa2, 0xfd, 0x49, 0xff, 0x2a, 0xff, 0x82, 0xfd,
  0x02, 0xfe, 0xa0, 0xfc, 0x41, 0xfd, 0xe4, 0xfe, 0xe3, 0xfd, 0x82, 0xfd, 0x80, 0xfc, 0x82, 0xfc,
  0xa2, 0xfc, 0xe0, 0xf2, 0x60, 0xe1, 0x00, 0xd9, 0x80, 0xd9, 0x40, 0xc9, 0x40, 0xa0, 0xe0, 0xb8,
  0x60, 0xd1, 0xe0, 0xb8, 0x60, 0x98, 0x20, 0x80, 0x80, 0xa0, 0xe0, 0xd9, 0x80, 0xd1, 0x80, 0xd9,
  0x00, 0xe2, 0x60, 0xea, 0x80, 0xea, 0x00, 0xea, 0x00, 0xfa, 0xc0, 0xf0, 0x80, 0xf0, 0x81, 0xfa,
  0x2d, 0xfe, 0xfa, 0xff, 0xf9, 0xff, 0x4f, 0xff, 0x2e, 0xff, 0xb3, 0xff, 0xb3, 0xff, 0xb4, 0xff,
  0xb4, 0xff, 0xb4, 0xff, 0x92, 0xff, 0x71, 0xff, 0x92, 0xff, 0xac, 0xfe, 0x31, 0xff, 0x10, 0xff,
  0xef, 0xfe, 0xaa, 0xfd, 0x08, 0xfd, 0x69, 0xfd, 0x2c, 0xfe, 0xec, 0xfd, 0x25, 0xfc, 0x85, 0xfc,
  0xb5, 0xff, 0x73, 0xff, 0xee, 0xfe, 0xb4, 0xff, 0xb5, 0xff, 0x93, 0xff, 0x73, 0xff, 0x91, 0xff,
  0xd6, 0xff, 0x71, 0xff, 0xf6, 0xff, 0x45, 0xf4, 0x00, 0xe0, 0x20, 0xd9, 0xc0, 0xe9, 0x60, 0x98,
  0xe0, 0xc1, 0xc0, 0xc9, 0x60, 0xa0, 0x80, 0x98, 0x80, 0x98, 0x80, 0x98, 0x80, 0x98, 0x80, 0x90,
  0x60, 0x90, 0x80, 0x90, 0x80, 0x90, 0xa0, 0xb0, 0x00, 0xda, 0x40, 0xfd, 0x82, 0xfe, 0x81, 0xfe,
  0x20, 0xfd, 0x80, 0xfb, 0x40, 0xf4, 0xa0, 0xda, 0xc0, 0x98, 0xa0, 0x80, 0xc0, 0x80, 0xc0, 0x88,
  0xe0, 0x88, 0xe0, 0x88, 0xe0, 0x88, 0xe0, 0x80, 0xc0, 0x80, 0xc0, 0x88, 0x00, 0x91, 0x60, 0x89,
  0x40, 0xa9, 0xe0, 0x78, 0xc0, 0x78, 0x00, 0x78, 0xa0, 0xaa, 0x00, 0x78, 0x00, 0x00, 0x00, 0xf8,
  0xc0, 0x78, 0x40, 0x71, 0x00, 0x00, 0x00, 0x00, 0x00, 0x00, 0x00, 0x00, 0x00, 0x00, 0x00, 0x00,
  0x00, 0x00, 0x00, 0x00, 0x00, 0x00, 0x00, 0x00, 0x00, 0x00, 0x00, 0x00, 0x00, 0x00, 0x00, 0x00,
  0x00, 0x00, 0xe0, 0x7b, 0x00, 0x00, 0x00, 0x00, 0x00, 0x00, 0x00, 0x00, 0x00, 0x00, 0x00, 0x00,
  0x00, 0x00, 0x00, 0x00, 0x00, 0x00, 0x00, 0x00, 0x00, 0x00, 0x00, 0x00, 0x00, 0x00, 0x00, 0x00,
  0x00, 0x00, 0x00, 0x00, 0x00, 0x00, 0x00, 0x00, 0x00, 0x00, 0x00, 0x00, 0x00, 0x00, 0x00, 0x00,
  0x00, 0x00, 0x00, 0x00, 0x00, 0x00, 0x00, 0x00, 0x00, 0x00, 0x00, 0x00, 0x00, 0x00, 0x00, 0x00,
  0x00, 0x00, 0x00, 0x00, 0x00, 0x00, 0x00, 0x00, 0x00, 0x00, 0x00, 0x00, 0x00, 0x00, 0x00, 0x00,
  0x00, 0x00, 0x00, 0x00, 0x00, 0x00, 0x00, 0x00, 0x00, 0x00, 0x00, 0x00, 0x00, 0x00, 0x00, 0x00,
  0x00, 0x00, 0x00, 0x00, 0x00, 0x00, 0x00, 0x00, 0x00, 0x00, 0x00, 0x00, 0x00, 0x00, 0x00, 0x00,
  0x00, 0x00, 0x00, 0x00, 0x00, 0x00, 0x00, 0x00, 0x00, 0x00, 0x00, 0x00, 0x00, 0x00, 0x00, 0x00,
  0x00, 0x00, 0x00, 0x00, 0x00, 0x00, 0xe0, 0x68, 0xe0, 0x68, 0xe0, 0x58, 0x00, 0x00, 0x00, 0x00,
  0x00, 0x00, 0x00, 0x00, 0x00, 0x00, 0x00, 0x00, 0x00, 0x00, 0x00, 0x00, 0x00, 0x00, 0x00, 0x00,
  0x00, 0x00, 0x00, 0x78, 0x00, 0x00, 0x00, 0x00, 0x00, 0xf8, 0x00, 0xf8, 0x00, 0xf8, 0x00, 0xf8,
  0x00, 0x00, 0x00, 0x00, 0x00, 0x00, 0x00, 0x00, 0x00, 0x00, 0x00, 0x78, 0x80, 0x99, 0x20, 0x99,
  0xe0, 0x98, 0x00, 0x99, 0x00, 0x99, 0xe0, 0xa0, 0xc0, 0xa8, 0x20, 0x98, 0x20, 0xb1, 0x80, 0xd1,
  0x20, 0xda, 0xc0, 0xfd, 0x20, 0xf5, 0x40, 0xe1, 0x20, 0xd8, 0x00, 0xd1, 0xc0, 0xe9, 0xa0, 0xf1,
  0x00, 0xfb, 0xc9, 0xfe, 0xa4, 0xfe, 0x83, 0xfd, 0x20, 0xfd, 0x64, 0xfd, 0xc1, 0xfb, 0x02, 0xfd,
  0x62, 0xfd, 0x80, 0xfc, 0x60, 0xfc, 0x00, 0xfc, 0x40, 0xf2, 0x40, 0xf2, 0xc0, 0xf2, 0xe0, 0xf2,
  0x00, 0xf3, 0x60, 0xd1, 0x40, 0xc1, 0x80, 0xd2, 0xc0, 0xb0, 0x60, 0xa8, 0x80, 0xd1, 0xc0, 0xb8,
  0xa0, 0xa0, 0xc0, 0xe2, 0x60, 0xe2, 0xc0, 0xd9, 0xa0, 0xea, 0xc0, 0xea, 0x81, 0xea, 0x40, 0xe1,
  0xa0, 0xe8, 0x20, 0xf0, 0xe1, 0xf1, 0x8c, 0xfd, 0xf8, 0xff, 0xf8, 0xff, 0x92, 0xff, 0x6e, 0xff,
  0x92, 0xff, 0x94, 0xff, 0xb2, 0xff, 0xb2, 0xff, 0xb3, 0xff, 0xb5, 0xff, 0xb3, 0xff, 0x70, 0xff,
  0x51, 0xff, 0x72, 0xff, 0x0f, 0xff, 0xce, 0xfe, 0xce, 0xfe, 0xce, 0xfe, 0x0b, 0xfe, 0x08, 0xfd,
  0x28, 0xfd, 0xaa, 0xfd, 0x2c, 0xfe, 0x0c, 0xfe, 0xce, 0xfe, 0xd6, 0xff, 0xb4, 0xff, 0x2f, 0xff,
  0xb4, 0xff, 0xd5, 0xff, 0x93, 0xff, 0x93, 0xff, 0x93, 0xff, 0xd7, 0xff, 0x92, 0xff, 0xf6, 0xff,
  0x81, 0xfb, 0x00, 0xe0, 0x40, 0xd9, 0x80, 0xe1, 0x20, 0x80, 0x20, 0xda, 0xe0, 0xa8, 0x60, 0x90,
  0xa0, 0xa0, 0x80, 0x98, 0x60, 0x88, 0x80, 0x88, 0x60, 0x88, 0x40, 0x78, 0x00, 0x78, 0x40, 0x88,
  0xa0, 0xa0, 0x20, 0xc1, 0xa0, 0xe1, 0x40, 0xfb, 0x60, 0xeb, 0xe0, 0xe2, 0x60, 0xd1, 0xa0, 0xc9,
  0x40, 0xb1, 0xa0, 0x90, 0xc0, 0x90, 0xc0, 0x80, 0xe0, 0x88, 0xc0, 0x88, 0xe0, 0x80, 0xc0, 0x80,
  0x40, 0x89, 0xa0, 0x88, 0xe0, 0x88, 0xa0, 0x88, 0x40, 0x79, 0x20, 0x91, 0x80, 0xc9, 0x00, 0x00,
  0x40, 0x79, 0x20, 0x89, 0x00, 0x78, 0x00, 0x78, 0xc0, 0x78, 0xe0, 0x70, 0xe0, 0x70, 0x00, 0x00,
  0x00, 0x00, 0x00, 0x00, 0x00, 0x00, 0x00, 0x00, 0x00, 0x00, 0xa0, 0x52, 0x00, 0xf8, 0x00, 0x00,
  0x00, 0x00, 0x00, 0x00, 0x00, 0x00, 0x00, 0x00, 0x00, 0x00, 0x00, 0x00, 0x00, 0xf8, 0x00, 0x00,
  0x00, 0x00, 0x20, 0x61, 0xc0, 0x58, 0x00, 0x78, 0x00, 0x00, 0x00, 0x00, 0x00, 0x00, 0x00, 0x00,
  0x00, 0x00, 0x00, 0x00, 0x00, 0x00, 0x00, 0x00, 0x00, 0x00, 0x00, 0x00, 0x00, 0x00, 0x00, 0x00,
  0x00, 0x00, 0x00, 0x00, 0x00, 0x00, 0x00, 0x00, 0x00, 0x00, 0x00, 0x00, 0x00, 0x00, 0x00, 0x00,
  0x00, 0x00, 0x00, 0x00, 0x00, 0x00, 0x00, 0x00, 0x00, 0x00, 0x00, 0x00, 0x00, 0x00, 0x00, 0x00,
  0x00, 0x00, 0x00, 0x00, 0x00, 0x00, 0x00, 0x00, 0x00, 0x00, 0x00, 0x00, 0x00, 0x00, 0x00, 0x00,
  0x00, 0x00, 0x00, 0x00, 0x00, 0x00, 0x00, 0x00, 0x00, 0x00, 0x00, 0x00, 0x00, 0x00, 0x00, 0x00,
  0x00, 0x00, 0x00, 0x00, 0x00, 0x00, 0x00, 0x00, 0x00, 0x00, 0x00, 0x00, 0x00, 0x00, 0x00, 0x00,
  0x00, 0x00, 0x00, 0x00, 0x00, 0x00, 0x00, 0x00, 0x00, 0x00, 0x00, 0x00, 0x00, 0x00, 0x00, 0x00,
  0x00, 0x00, 0x00, 0x00, 0x00, 0x00, 0x00, 0x00, 0x00, 0x00, 0x00, 0x00, 0x00, 0x00, 0x00, 0x00,
  0x00, 0x00, 0x00, 0x00, 0x00, 0x00, 0x00, 0x00, 0x00, 0x00, 0x00, 0x00, 0x00, 0x00, 0x00, 0x00,
  0x00, 0x00, 0x00, 0x00, 0x00, 0x00, 0x00, 0x00, 0x00, 0x78, 0x00, 0x78, 0x00, 0x00, 0x00, 0x00,
  0x00, 0xf8, 0x00, 0xf8, 0x80, 0x99, 0x60, 0xa1, 0x60, 0xa1, 0xe0, 0x98, 0xe0, 0x98, 0x80, 0x88,
  0x80, 0x90, 0x00, 0xb1, 0xc0, 0xd9, 0xe0, 0xfb, 0xe0, 0xf3, 0x20, 0xeb, 0xc0, 0xc1, 0x20, 0xb8,
  0xc0, 0xd0, 0x00, 0xd1, 0x20, 0xd9, 0xa0, 0xe9, 0x20, 0xe9, 0x27, 0xfd, 0xf4, 0xff, 0x81, 0xfd,
  0x20, 0xea, 0xa0, 0xf2, 0xa0, 0xf2, 0x00, 0xf3, 0xa0, 0xf2, 0xe0, 0xfa, 0x60, 0xf2, 0xa0, 0xfb,
  0x20, 0xfc, 0x40, 0xf2, 0x80, 0xe9, 0x20, 0xe1, 0x00, 0xd9, 0xa0, 0xe1, 0xe0, 0xd9, 0x00, 0xc1,
  0x60, 0xe2, 0x80, 0xfc, 0x80, 0xe3, 0x00, 0xf3, 0x80, 0xf2, 0x60, 0xf2, 0x60, 0xf2, 0x40, 0xea,
  0x80, 0xf2, 0x00, 0xea, 0x60, 0xe9, 0xc0, 0xf0, 0xa0, 0xf0, 0xe1, 0xf1, 0x2b, 0xfd, 0xd9, 0xff,
  0xfc, 0xff, 0x95, 0xff, 0x6e, 0xff, 0xb0, 0xff, 0xb4, 0xff, 0xb4, 0xff, 0xb4, 0xff, 0xb4, 0xff,
  0xb4, 0xff, 0xd5, 0xff, 0xb4, 0xff, 0xb4, 0xff, 0xb4, 0xff, 0x93, 0xff, 0x0f, 0xff, 0x50, 0xff,
  0x50, 0xff, 0xce, 0xfe, 0xae, 0xfe, 0x8e, 0xfe, 0xaa, 0xfd, 0xca, 0xfd, 0xca, 0xfd, 0x0a, 0xfe,
  0x30, 0xff, 0x30, 0xff, 0x71, 0xff, 0xef, 0xfe, 0xed, 0xfe, 0xd8, 0xff, 0xd7, 0xff, 0x93, 0xff,
  0xb7, 0xff, 0xb7, 0xff, 0xd7, 0xff, 0xb4, 0xff, 0xb3, 0xff, 0x20, 0xfa, 0x40, 0xe0, 0x40, 0xd9,
  0x20, 0xd9, 0x20, 0x78, 0x20, 0xda, 0x80, 0xa8, 0x80, 0x90, 0x80, 0x90, 0x40, 0x80, 0x40, 0x78,
  0x40, 0x90, 0x20, 0x88, 0x20, 0x78, 0xa0, 0xc1, 0xe0, 0xd9, 0x40, 0xda, 0xa0, 0xd1, 0xc0, 0xd9,
  0xe0, 0xea, 0x00, 0xf4, 0x60, 0xe2, 0x80, 0xe2, 0x00, 0xb1, 0x20, 0x80, 0x80, 0x88, 0x00, 0x99,
  0xc0, 0x80, 0xc0, 0x80, 0xc0, 0x80, 0xc0, 0x80, 0xe0, 0x80, 0x40, 0x91, 0xe0, 0x78, 0x40, 0x79,
  0x20, 0x89, 0x80, 0x99, 0x20, 0x91, 0x40, 0x79, 0x00, 0x00, 0xc0, 0x78, 0xc0, 0x78, 0xa0, 0x78,
  0x00, 0x00, 0xa0, 0x68, 0xe0, 0x70, 0xe0, 0x79, 0x00, 0x00, 0x00, 0x00, 0x00, 0x00, 0x00, 0x00,
  0x00, 0x00, 0x00, 0x00, 0xe0, 0xff, 0x00, 0xf8, 0x00, 0xf8, 0x00, 0x00, 0x00, 0x00, 0x00, 0x00,
  0x00, 0x00, 0x00, 0x00, 0x00, 0x00, 0x00, 0x00, 0x00, 0x00, 0x00, 0x00, 0xa0, 0x58, 0xc0, 0x50,
  0xe0, 0x58, 0x00, 0x00, 0x00, 0x00, 0x00, 0x00, 0x00, 0x00, 0x00, 0x00, 0x00, 0x00, 0x00, 0x00,
  0x00, 0x00, 0x00, 0x00, 0x00, 0x00, 0x00, 0x00, 0x00, 0x00, 0x00, 0x00, 0x00, 0x00, 0x00, 0x00,
  0x00, 0x00, 0x00, 0x00, 0x00, 0x00, 0x00, 0x00, 0x00, 0x00, 0x00, 0x00, 0x00, 0x00, 0x00, 0x00,
  0x00, 0x00, 0x00, 0x00, 0x00, 0x00, 0x00, 0x00, 0x00, 0x00, 0x00, 0x00, 0x00, 0x00, 0x00, 0x00,
  0x00, 0x00, 0x00, 0x00, 0x00, 0x00, 0x00, 0x00, 0x00, 0x00, 0x00, 0x00, 0x00, 0x00, 0x00, 0x00,
  0x00, 0x00, 0x00, 0x00, 0x00, 0x00, 0x00, 0x00, 0x00, 0x00, 0x00, 0x00, 0x00, 0x00, 0x00, 0x00,
  0x00, 0x00, 0x00, 0x00, 0x00, 0x00, 0x00, 0x00, 0x00, 0x00, 0x00, 0x00, 0x00, 0x00, 0x00, 0x00,
  0x00, 0x00, 0x00, 0x00, 0x00, 0x00, 0x00, 0x00, 0x00, 0x00, 0x00, 0x00, 0x00, 0x00, 0x00, 0x00,
  0x00, 0x00, 0x00, 0x00, 0x00, 0x00, 0x00, 0x00, 0x00, 0x00, 0x00, 0x00, 0x00, 0x00, 0x00, 0x00,
  0x00, 0x00, 0x00, 0x00, 0x00, 0x00, 0x00, 0x00, 0x00, 0x00, 0x00, 0x00, 0x00, 0x00, 0x00, 0x00,
  0x00, 0x00, 0x00, 0xa8, 0x00, 0xf8, 0x00, 0x00, 0x00, 0x00, 0x00, 0x78, 0x00, 0x78, 0xe0, 0x88,
  0xe0, 0xa0, 0x00, 0xa1, 0xe0, 0x98, 0xc0, 0x98, 0xc0, 0xa8, 0xa0, 0xd9, 0x00, 0xea, 0x20, 0xea,
  0x20, 0xc9, 0x00, 0xc1, 0x40, 0xc9, 0x20, 0x98, 0x20, 0xb1, 0x40, 0xc9, 0xe0, 0xc8, 0x80, 0xe1,
  0x80, 0xe9, 0x40, 0xf2, 0xb4, 0xff, 0x71, 0xff, 0x60, 0xf3, 0x40, 0xd9, 0x61, 0xf3, 0xa0, 0xe9,
  0x00, 0xf3, 0x80, 0xf2, 0x40, 0xea, 0x80, 0xea, 0x20, 0xea, 0x80, 0xf2, 0xc0, 0xea, 0x60, 0xea,
  0x60, 0xea, 0x80, 0xea, 0xc0, 0xc8, 0x00, 0xc1, 0xc0, 0xb0, 0x60, 0xc9, 0x40, 0xea, 0x80, 0xf3,
  0xe0, 0xf2, 0xe0, 0xe1, 0x00, 0xea, 0xc0, 0xe1, 0x60, 0xe1, 0x20, 0xe9, 0x60, 0xe8, 0xc0, 0xf0,
  0x42, 0xfb, 0x2d, 0xfe, 0xf7, 0xff, 0xfc, 0xff, 0xb7, 0xff, 0x93, 0xff, 0x94, 0xff, 0xb6, 0xff,
  0xd4, 0xff, 0xb3, 0xff, 0x94, 0xff, 0x93, 0xff, 0xb4, 0xff, 0xd7, 0xff, 0xd4, 0xff, 0xb4, 0xff,
  0xb4, 0xff, 0xb3, 0xff, 0x92, 0xff, 0x2f, 0xff, 0x30, 0xff, 0x50, 0xff, 0x2f, 0xff, 0xcf, 0xfe,
  0xaf, 0xfe, 0x10, 0xff, 0x0f, 0xff, 0xef, 0xfe, 0x92, 0xff, 0x70, 0xff, 0x0f, 0xff, 0x70, 0xff,
  0x4b, 0xfe, 0xcc, 0xfe, 0xd6, 0xff, 0xd5, 0xff, 0xb4, 0xff, 0xb6, 0xff, 0xd9, 0xff, 0xd7, 0xff,
  0xb4, 0xff, 0x0e, 0xff, 0xc0, 0xf0, 0x80, 0xe0, 0x80, 0xe9, 0xe0, 0xc0, 0x80, 0x90, 0xa0, 0xea,
  0x40, 0xa0, 0xa0, 0x98, 0xe0, 0xb0, 0x60, 0x90, 0x80, 0x98, 0x40, 0xb9, 0xc0, 0xa0, 0xa0, 0xeb,
  0x41, 0xfc, 0x00, 0xc1, 0x20, 0xb9, 0xe0, 0xa8, 0x00, 0xb9, 0x00, 0xca, 0x20, 0xa1, 0x00, 0xb1,
  0x20, 0xa1, 0x00, 0xa9, 0xa0, 0x98, 0xa0, 0x78, 0xe0, 0x90, 0xc0, 0x88, 0xc0, 0x80, 0xc0, 0x88,
  0xa0, 0x88, 0x40, 0x91, 0x80, 0x88, 0x20, 0x91, 0xe0, 0x88, 0x20, 0x99, 0xe0, 0x88, 0x00, 0x00,
  0x00, 0xa8, 0x00, 0x00, 0xc0, 0x78, 0xc0, 0x70, 0xc0, 0x60, 0xe0, 0x70, 0xe0, 0x88, 0x00, 0x78,
  0x00, 0x78, 0x00, 0x00, 0x00, 0x00, 0x00, 0x00, 0x00, 0x00, 0x00, 0x00, 0x00, 0x00, 0x00, 0x00,
  0x00, 0x00, 0xa0, 0xaa, 0x00, 0xf8, 0x00, 0x00, 0x00, 0x00, 0x00, 0x00, 0x00, 0x00, 0x00, 0x00,
  0x00, 0xf8, 0x00, 0x00, 0x00, 0x00, 0x00, 0x78, 0xc0, 0x58, 0xa0, 0x60, 0x00, 0x00, 0x00, 0x00,
  0x00, 0x00, 0x00, 0x00, 0x00, 0x00, 0x00, 0x00, 0x00, 0x00, 0x00, 0x00, 0x00, 0x00, 0x00, 0x00,
  0x00, 0x00, 0x00, 0x00, 0x00, 0x00, 0x00, 0x00, 0x00, 0x00, 0x00, 0x00, 0x00, 0x00, 0x00, 0x00,
  0x00, 0x00, 0x00, 0x00, 0x00, 0x00, 0x00, 0x00, 0x00, 0x00, 0x00, 0x00, 0x00, 0x00, 0x00, 0x00,
  0x00, 0x00, 0x00, 0x00, 0x00, 0x00, 0x00, 0x00, 0x00, 0x00, 0x00, 0x00, 0x00, 0x00, 0x00, 0x00,
  0x00, 0x00, 0x00, 0x00, 0x00, 0x00, 0x00, 0x00, 0x00, 0x00, 0x00, 0x00, 0x00, 0x00, 0x00, 0x00,
  0x00, 0x00, 0x00, 0x00, 0x00, 0x00, 0x00, 0x00, 0x00, 0x00, 0x00, 0x00, 0x00, 0x00, 0x00, 0x00,
  0x00, 0x00, 0x00, 0x00, 0x00, 0x00, 0x00, 0x00, 0x00, 0x00, 0x00, 0x00, 0x00, 0x00, 0x00, 0x00,
  0x00, 0x00, 0x00, 0x00, 0x00, 0x00, 0x00, 0x00, 0x00, 0x00, 0x00, 0x00, 0x00, 0xf8, 0x00, 0x00,
  0x00, 0x00, 0x00, 0x00, 0x00, 0x00, 0x00, 0x00, 0x00, 0x00, 0x00, 0x00, 0x00, 0x00, 0x00, 0x00,
  0x00, 0x00, 0x00, 0x00, 0x00, 0x00, 0x00, 0x00, 0x00, 0x00, 0x00, 0x00, 0x00, 0xf8, 0x00, 0x00,
  0x00, 0x00, 0x00, 0x00, 0x00, 0xa8, 0xe0, 0x98, 0x60, 0xa1, 0x20, 0x89, 0xe0, 0x88, 0x40, 0x68,
  0x80, 0x90, 0x60, 0xd1, 0xc0, 0xd9, 0x40, 0xc9, 0x00, 0xb9, 0xa0, 0xa0, 0xe0, 0xa8, 0xc0, 0xa8,
  0x40, 0x80, 0xe0, 0xb0, 0xe0, 0xc0, 0xa0, 0xb8, 0x40, 0xd9, 0x00, 0xd0, 0x06, 0xf5, 0xf2, 0xff,
  0x01, 0xfc, 0xa0, 0xd8, 0xe0, 0xd9, 0x62, 0xfc, 0xe0, 0xe9, 0xc0, 0xe9, 0x60, 0xe9, 0x20, 0xd9,
  0x40, 0xea, 0xc0, 0xe1, 0x40, 0xd9, 0x20, 0xea, 0xa1, 0xf3, 0x80, 0xe1, 0x60, 0xe1, 0x80, 0xe1,
  0x20, 0xea, 0x60, 0xc9, 0xe0, 0xb8, 0x60, 0xb8, 0x20, 0xb8, 0x60, 0xd1, 0x20, 0xc9, 0xe0, 0xe1,
  0x40, 0xea, 0xa0, 0xe9, 0x80, 0xf1, 0xc5, 0xfb, 0xd0, 0xfe, 0xf8, 0xff, 0xf9, 0xff, 0xbb, 0xff,
  0x74, 0xff, 0x72, 0xff, 0x96, 0xff, 0x97, 0xff, 0x94, 0xff, 0xd8, 0xff, 0xb4, 0xff, 0x73, 0xff,
  0x74, 0xff, 0x94, 0xff, 0xd6, 0xff, 0xd5, 0xff, 0xb5, 0xff, 0xb5, 0xff, 0xb5, 0xff, 0x93, 0xff,
  0x93, 0xff, 0x72, 0xff, 0x71, 0xff, 0x51, 0xff, 0xae, 0xfe, 0x8e, 0xfe, 0xce, 0xfe, 0x2b, 0xfe,
  0x31, 0xff, 0x92, 0xff, 0x0f, 0xff, 0x0f, 0xff, 0xef, 0xfe, 0x0a, 0xfe, 0xac, 0xfe, 0xf7, 0xff,
  0xb3, 0xff, 0xb3, 0xff, 0xb5, 0xff, 0xfb, 0xff, 0xb5, 0xff, 0xd4, 0xff, 0x0b, 0xfe, 0x80, 0xf0,
  0xa0, 0xe0, 0x80, 0xf1, 0x80, 0xa8, 0x40, 0xb9, 0x20, 0xeb, 0x60, 0xa8, 0xe0, 0xb8, 0x00, 0xb9,
  0xa0, 0xb8, 0x20, 0xf3, 0xc0, 0xfd, 0xe0, 0xe3, 0x80, 0xb9, 0x40, 0xc1, 0xe0, 0xa8, 0xa0, 0xa8,
  0x80, 0x98, 0xa0, 0x98, 0xe0, 0xa0, 0x20, 0x70, 0xe0, 0xb0, 0x20, 0xb1, 0x80, 0x88, 0x60, 0x78,
  0x80, 0x78, 0xc0, 0x90, 0xc1, 0x88, 0xc0, 0x80, 0xc0, 0x90, 0x20, 0x91, 0xe0, 0x88, 0xe0, 0x88,
  0xe0, 0x78, 0x40, 0xa9, 0x20, 0x91, 0xe0, 0x79, 0x00, 0x00, 0x00, 0x00, 0x80, 0x61, 0x00, 0x79,
  0x00, 0x89, 0x20, 0x89, 0x00, 0x78, 0xe0, 0x78, 0x00, 0x78, 0x00, 0xa8, 0x00, 0x78, 0x00, 0x00,
  0x00, 0x00, 0x00, 0x00, 0x00, 0x00, 0x00, 0x00, 0x00, 0x00, 0x00, 0x00, 0x00, 0x00, 0x00, 0x00,
  0x00, 0x00, 0x00, 0x00, 0x00, 0x00, 0x00, 0x00, 0x00, 0x00, 0x00, 0x00, 0x00, 0x00, 0x00, 0x00,
  0x00, 0x00, 0x00, 0x00, 0x00, 0xf8, 0x00, 0x00, 0x00, 0x00, 0x00, 0x00, 0x00, 0x00, 0x00, 0x00,
  0x00, 0x00, 0x00, 0x00, 0x00, 0x00, 0x00, 0x00, 0x00, 0x00, 0x00, 0x00, 0x00, 0x00, 0x00, 0x00,
  0x00, 0x00, 0x00, 0x00, 0x00, 0x00, 0x00, 0x00, 0x00, 0x00, 0x00, 0x00, 0x00, 0x00, 0x00, 0x00,
  0x00, 0x00, 0x00, 0x00, 0x00, 0x00, 0x00, 0x00, 0x00, 0x00, 0x00, 0x00, 0x00, 0x00, 0x00, 0x00,
  0x00, 0x00, 0x00, 0x00, 0x00, 0x00, 0x00, 0x00, 0x00, 0x00, 0x00, 0x00, 0x00, 0x00, 0x00, 0x00,
  0x00, 0x00, 0x00, 0x00, 0x00, 0x00, 0x00, 0x00, 0x00, 0x00, 0x00, 0x00, 0x00, 0x00, 0x00, 0x00,
  0x00, 0x00, 0x00, 0x00, 0x00, 0x00, 0x00, 0x00, 0x00, 0x00, 0x00, 0x00, 0x00, 0x00, 0x00, 0x00,
  0x00, 0x00, 0x00, 0x00, 0x00, 0x00, 0x00, 0x00, 0x00, 0x00, 0x00, 0x00, 0x00, 0x00, 0x00, 0x00,
  0x00, 0x00, 0x00, 0x00, 0x00, 0x00, 0x00, 0x00, 0x80, 0x61, 0x00, 0x00, 0x00, 0x00, 0x00, 0x00,
  0x00, 0x00, 0x00, 0x00, 0x00, 0x00, 0x00, 0x00, 0x00, 0x00, 0x00, 0x00, 0x00, 0x00, 0x00, 0x00,
  0x00, 0x00, 0x00, 0x00, 0x00, 0x00, 0xe0, 0x79, 0xe0, 0x79, 0xe0, 0x88, 0x20, 0x91, 0x20, 0x99,
  0xe0, 0x90, 0xc0, 0x90, 0x80, 0xa0, 0xa0, 0xa8, 0x40, 0xc9, 0x60, 0xe1, 0x20, 0xc9, 0xe0, 0xb8,
  0x40, 0xc1, 0x00, 0xb1, 0x80, 0x98, 0x60, 0x88, 0x40, 0x80, 0xa0, 0xa8, 0xa0, 0xa8, 0x60, 0x98,
  0x20, 0xc1, 0x40, 0xe1, 0xc0, 0xe0, 0x44, 0xfe, 0x82, 0xfd, 0x40, 0xe1, 0x80, 0xb8, 0x60, 0xd1,
  0x20, 0xf2, 0x80, 0xd1, 0x20, 0xd9, 0x62, 0xfc, 0x81, 0xe1, 0x80, 0xe9, 0x20, 0xea, 0x40, 0xd9,
  0xc0, 0xc8, 0xc0, 0xe1, 0x60, 0xea, 0x40, 0xea, 0x60, 0xe1, 0x40, 0xd9, 0xc0, 0xe9, 0x60, 0xe1,
  0xc0, 0xe9, 0x40, 0xe1, 0xa0, 0xe9, 0x60, 0xfa, 0xc0, 0xf0, 0xc0, 0xf0, 0xa3, 0xfb, 0x14, 0xff,
  0xf9, 0xff, 0xd7, 0xff, 0x94, 0xff, 0xb5, 0xff, 0xd6, 0xff, 0xb4, 0xff, 0x93, 0xff, 0x94, 0xff,
  0x93, 0xff, 0x71, 0xff, 0x94, 0xff, 0x2f, 0xff, 0x50, 0xff, 0x72, 0xff, 0x72, 0xff, 0xd5, 0xff,
  0xb4, 0xff, 0xb3, 0xff, 0xb3, 0xff, 0x93, 0xff, 0x92, 0xff, 0xb2, 0xff, 0x92, 0xff, 0x30, 0xff,
  0xee, 0xfe, 0xad, 0xfe, 0xae, 0xfe, 0x6d, 0xfe, 0xae, 0xfe, 0x30, 0xff, 0x0f, 0xff, 0xad, 0xfe,
  0xad, 0xfe, 0x4c, 0xfe, 0xea, 0xfd, 0x8c, 0xfe, 0xb3, 0xff, 0xb3, 0xff, 0xb3, 0xff, 0xd5, 0xff,
  0xf8, 0xff, 0xd8, 0xff, 0xf6, 0xff, 0x48, 0xfd, 0x80, 0xf8, 0x20, 0xe9, 0x80, 0xe1, 0x00, 0xa0,
  0xe0, 0xd2, 0xa0, 0xea, 0x00, 0xd1, 0xc0, 0xc0, 0x20, 0xd1, 0x00, 0xd1, 0x00, 0xda, 0x80, 0xc1,
  0x00, 0x80, 0x80, 0xa0, 0x20, 0xf3, 0x80, 0xb1, 0x00, 0x78, 0xa0, 0x98, 0xe0, 0xa8, 0xc0, 0xa8,
  0xa0, 0x98, 0xe0, 0x98, 0x20, 0xa9, 0xa0, 0x90, 0xc0, 0x88, 0xc0, 0x90, 0xa0, 0x90, 0x80, 0x88,
  0xc0, 0x88, 0xc0, 0x88, 0xa0, 0x78, 0xc0, 0x90, 0xe0, 0x98, 0xa0, 0x70, 0x00, 0xa8, 0x00, 0xb8,
  0x00, 0x78, 0x40, 0x79, 0x00, 0x00, 0xe0, 0x79, 0xc0, 0x78, 0xe0, 0x80, 0xc0, 0x80, 0x00, 0x00,
  0x00, 0x78, 0x00, 0xa8, 0x00, 0x78, 0xe0, 0x78, 0x00, 0xa8, 0x00, 0x00, 0x00, 0x00, 0x00, 0x00,
  0x00, 0x00, 0x00, 0x00, 0x00, 0x00, 0x00, 0x00, 0x00, 0x78, 0x00, 0x00, 0x00, 0x00, 0x00, 0x00,
  0x00, 0x00, 0x00, 0x00, 0x00, 0x00, 0x00, 0x00, 0x00, 0x00, 0x00, 0x00, 0x00, 0x78, 0x00, 0x00,
  0x00, 0xf8, 0x00, 0x00, 0x00, 0x00, 0x00, 0x00, 0x00, 0x00, 0x00, 0x00, 0x00, 0x00, 0x00, 0x00,
  0x00, 0x00, 0x00, 0x00, 0x00, 0x00, 0x00, 0x00, 0x00, 0x00, 0x00, 0x00, 0x00, 0x00, 0x00, 0x00,
  0x00, 0x00, 0x00, 0x00, 0x00, 0x00, 0x00, 0x00, 0x00, 0x00, 0x00, 0x00, 0x00, 0x00, 0x00, 0x00,
  0x00, 0x00, 0x00, 0x00, 0x00, 0x00, 0x00, 0x00, 0x00, 0x00, 0x00, 0x00, 0x00, 0x00, 0x00, 0x00,
  0x00, 0x00, 0x00, 0x00, 0x00, 0x00, 0x00, 0x00, 0x00, 0x00, 0x00, 0x00, 0x00, 0x00, 0x00, 0x00,
  0x00, 0x00, 0x00, 0x00, 0x00, 0x00, 0x00, 0x00, 0x00, 0x00, 0x00, 0x00, 0x00, 0x00, 0x00, 0x00,
  0x00, 0x00, 0x00, 0x00, 0x00, 0x00, 0x00, 0x00, 0x00, 0x00, 0x00, 0x00, 0x00, 0x00, 0x00, 0x00,
  0x00, 0x00, 0x00, 0x00, 0x00, 0x00, 0x00, 0x00, 0x00, 0x00, 0x40, 0x79, 0x00, 0xf8, 0xe0, 0x60,
  0xe0, 0x68, 0xe0, 0x58, 0x20, 0x69, 0x00, 0x60, 0x00, 0x00, 0x00, 0x00, 0x00, 0x00, 0x00, 0x00,
  0x00, 0x00, 0x00, 0x00, 0x00, 0x00, 0x00, 0x00, 0x00, 0x00, 0x00, 0x00, 0x00, 0x78, 0xe0, 0x79,
  0x40, 0x91, 0x80, 0x99, 0x60, 0x99, 0x40, 0x99, 0x60, 0x70, 0xe0, 0x98, 0xc0, 0xa8, 0x20, 0xc9,
  0xa0, 0xe9, 0xa0, 0xd9, 0xa0, 0xa0, 0x60, 0x90, 0xc0, 0xa8, 0xc0, 0xa8, 0x80, 0x90, 0xc0, 0x98,
  0x80, 0x98, 0xa0, 0xa0, 0xc0, 0xa0, 0xc0, 0xa8, 0x80, 0xa0, 0xc0, 0xa8, 0x80, 0xc0, 0x22, 0xf4,
  0x02, 0xff, 0xa0, 0xe9, 0xc0, 0xd0, 0xe0, 0xb0, 0xe0, 0xb8, 0x60, 0xf2, 0xa0, 0xb0, 0x00, 0xd1,
  0x61, 0xfc, 0x40, 0xda, 0xa0, 0xc0, 0x80, 0xe1, 0xc0, 0xe9, 0x60, 0xd9, 0x20, 0xe1, 0xa0, 0xe1,
  0xc0, 0xe9, 0xa0, 0xe1, 0xe0, 0xe1, 0x60, 0xe1, 0x40, 0xd9, 0xe0, 0xe9, 0x60, 0xe9, 0x20, 0xe0,
  0x00, 0xe8, 0x27, 0xfb, 0x52, 0xfe, 0xfa, 0xff, 0x34, 0xff, 0x48, 0xfe, 0x87, 0xfe, 0x07, 0xfe,
  0x29, 0xfe, 0x0e, 0xff, 0x71, 0xff, 0x51, 0xff, 0x50, 0xff, 0x50, 0xff, 0x50, 0xff, 0x2f, 0xff,
  0x2f, 0xff, 0x2f, 0xff, 0x4f, 0xff, 0x50, 0xff, 0xd4, 0xff, 0xb2, 0xff, 0x93, 0xff, 0xb3, 0xff,
  0x90, 0xff, 0x70, 0xff, 0x71, 0xff, 0x2f, 0xff, 0x0e, 0xff, 0xee, 0xfe, 0x8c, 0xfe, 0xad, 0xfe,
  0x8d, 0xfe, 0xae, 0xfe, 0x0f, 0xff, 0xce, 0xfe, 0x2a, 0xfe, 0x8c, 0xfe, 0x6c, 0xfe, 0x68, 0xfd,
  0x27, 0xfd, 0x0f, 0xff, 0xf4, 0xff, 0xb3, 0xff, 0x92, 0xff, 0xd7, 0xff, 0xda, 0xff, 0xf3, 0xff,
  0x27, 0xfd, 0xa0, 0xf8, 0x00, 0xe1, 0xa0, 0xd9, 0x00, 0xa0, 0xa0, 0xdb, 0xa0, 0xc1, 0xe0, 0xc8,
  0xe0, 0xc0, 0xe0, 0xc0, 0x80, 0xa8, 0x00, 0x80, 0x20, 0x80, 0x80, 0x88, 0x80, 0x88, 0x40, 0x68,
  0x20, 0x68, 0x20, 0xc1, 0xc0, 0xb0, 0xa0, 0x98, 0x40, 0x78, 0x00, 0xb1, 0x60, 0x80, 0xa0, 0x90,
  0xe0, 0x98, 0x00, 0x99, 0xc0, 0x90, 0xa0, 0x88, 0x80, 0x80, 0xc0, 0x90, 0x00, 0x91, 0xc0, 0x88,
  0xe0, 0x90, 0xe0, 0xb9, 0xe0, 0x88, 0x00, 0xf8, 0x00, 0x00, 0x00, 0x78, 0xe0, 0x79, 0x20, 0x89,
  0x20, 0x81, 0xe0, 0x78, 0x00, 0x70, 0x20, 0x69, 0x00, 0x60, 0xc0, 0x78, 0x00, 0x78, 0x00, 0x78,
  0x80, 0x61, 0x00, 0x00, 0x00, 0x00, 0x00, 0x00, 0x00, 0x00, 0x00, 0x00, 0x20, 0x69, 0x80, 0x99,
  0x00, 0x00, 0x00, 0x50, 0x00, 0x00, 0x00, 0x00, 0x00, 0x00, 0x00, 0x00, 0x00, 0x00, 0x00, 0x00,
  0x00, 0x00, 0x00, 0x00, 0x00, 0x00, 0x00, 0x00, 0x00, 0x00, 0x00, 0x78, 0x00, 0x00, 0x00, 0x00,
  0x00, 0x00, 0x00, 0x00, 0x00, 0x00, 0x00, 0x00, 0x00, 0x00, 0x00, 0x00, 0x00, 0x00, 0x00, 0x00,
  0x00, 0x00, 0x00, 0x00, 0x00, 0x00, 0x00, 0x00, 0x00, 0x00, 0x00, 0x00, 0x00, 0x00, 0x00, 0x00,
  0x00, 0x00, 0x00, 0x00, 0x00, 0x00, 0x00, 0x00, 0x00, 0x00, 0x00, 0x00, 0x00, 0x00, 0x00, 0x00,
  0x00, 0x00, 0x00, 0x00, 0x00, 0x00, 0x00, 0x00, 0x00, 0x00, 0x00, 0x00, 0x00, 0x00, 0x00, 0x00,
  0x00, 0x00, 0x00, 0x00, 0x00, 0x00, 0x00, 0x00, 0x00, 0x00, 0x00, 0x00, 0x00, 0x00, 0x00, 0x00,
  0x00, 0x00, 0x00, 0x00, 0x00, 0x00, 0x00, 0x00, 0x00, 0x00, 0x00, 0x00, 0x00, 0x00, 0x00, 0x00,
  0x00, 0x00, 0x00, 0x00, 0x00, 0x00, 0x00, 0x00, 0x00, 0x00, 0x00, 0x00, 0x00, 0x00, 0x00, 0x00,
  0x00, 0x00, 0x00, 0x00, 0x00, 0x50, 0x00, 0x00, 0xc0, 0x68, 0xe0, 0x68, 0x40, 0x51, 0xe0, 0x68,
  0xc0, 0x68, 0x00, 0x00, 0x00, 0x00, 0x00, 0x00, 0x00, 0x00, 0x00, 0x00, 0x00, 0x00, 0x00, 0x00,
  0x00, 0x00, 0x00, 0x00, 0xe0, 0x7b, 0x20, 0x91, 0x00, 0x78, 0xc0, 0x98, 0x60, 0x99, 0xc0, 0x88,
  0xa0, 0x88, 0x20, 0xb1, 0xa0, 0xd9, 0x60, 0xe2, 0xe0, 0xd1, 0xc0, 0xa0, 0x40, 0x80, 0x40, 0x80,
  0xa0, 0x90, 0xc0, 0xa0, 0xa0, 0x98, 0xe0, 0xa0, 0x00, 0xa9, 0xc0, 0xa8, 0x00, 0xb9, 0xe0, 0xb0,
  0xa0, 0xa8, 0x80, 0xa0, 0x00, 0x88, 0x40, 0xc9, 0x02, 0xff, 0x41, 0xeb, 0x60, 0xd8, 0x60, 0xd9,
  0x20, 0xc1, 0x40, 0x90, 0x40, 0xea, 0x20, 0xc1, 0xa0, 0xb0, 0x80, 0xd9, 0xa0, 0xfc, 0xe0, 0xb8,
  0xa0, 0xc0, 0x60, 0xd9, 0x00, 0xf3, 0x60, 0xf2, 0xe0, 0xd8, 0x00, 0xd9, 0xa0, 0xe9, 0x80, 0xe1,
  0xe0, 0xe9, 0x20, 0xd9, 0x00, 0xd0, 0x60, 0xd0, 0xe6, 0xea, 0xb4, 0xfe, 0xf6, 0xff, 0xed, 0xfe,
  0x68, 0xfe, 0x48, 0xfe, 0xab, 0xfe, 0xcd, 0xfe, 0x0f, 0xff, 0xce, 0xfe, 0xcc, 0xfe, 0x0e, 0xff,
  0xce, 0xfe, 0x0f, 0xff, 0x30, 0xff, 0xef, 0xfe, 0x0e, 0xff, 0x2f, 0xff, 0x50, 0xff, 0x71, 0xff,
  0x51, 0xff, 0x91, 0xff, 0x93, 0xff, 0xb4, 0xff, 0x93, 0xff, 0x92, 0xff, 0x91, 0xff, 0x2f, 0xff,
  0xcc, 0xfe, 0xee, 0xfe, 0x8d, 0xfe, 0x8c, 0xfe, 0xae, 0xfe, 0x4c, 0xfe, 0xad, 0xfe, 0xac, 0xfe,
  0x0f, 0xff, 0xcd, 0xfe, 0x8c, 0xfe, 0x4b, 0xfe, 0x68, 0xfd, 0xc3, 0xfb, 0x25, 0xfc, 0xd3, 0xff,
  0x70, 0xff, 0x2d, 0xff, 0xfb, 0xff, 0xd8, 0xff, 0xf2, 0xff, 0x25, 0xfc, 0x80, 0xf8, 0x20, 0xe9,
  0x60, 0xd1, 0x00, 0x98, 0xa0, 0xe3, 0x20, 0xc9, 0x00, 0xd1, 0x20, 0xc9, 0xa0, 0xa8, 0x60, 0x90,
  0x20, 0x70, 0x40, 0x78, 0x20, 0x78, 0x00, 0x60, 0x80, 0x88, 0xc0, 0xa8, 0xa0, 0x98, 0xc0, 0xb8,
  0x80, 0x88, 0x60, 0x78, 0x00, 0xb1, 0x60, 0x80, 0xc0, 0x98, 0xc0, 0x98, 0xc0, 0x90, 0xc0, 0x98,
  0xa0, 0x88, 0x80, 0x80, 0xa0, 0x80, 0xe0, 0x90, 0xe0, 0x88, 0x00, 0x91, 0x00, 0x81, 0xc0, 0x88,
  0xc0, 0x78, 0x80, 0x99, 0x00, 0x00, 0x00, 0x50, 0xc0, 0x78, 0xc0, 0x80, 0x00, 0x00, 0x00, 0x78,
  0x00, 0x78, 0x00, 0x50, 0xe0, 0x78, 0x00, 0x50, 0x00, 0xf8, 0xe0, 0x78, 0xa0, 0x70, 0xa0, 0x70,
  0x00, 0x00, 0x00, 0x00, 0x00, 0x38, 0x80, 0x68, 0xe0, 0x70, 0xe0, 0x70, 0xc0, 0x68, 0x00, 0x00,
  0x00, 0xf8, 0x00, 0x00, 0x00, 0x00, 0x00, 0x00, 0x00, 0x00, 0x00, 0x00, 0x00, 0x00, 0x00, 0x00,
  0x00, 0x00, 0x00, 0x00, 0x00, 0x00, 0x00, 0x00, 0x00, 0x00, 0x00, 0x00, 0x00, 0x00, 0x00, 0x00,
  0x00, 0x00, 0x00, 0x00, 0x00, 0x00, 0x00, 0x00, 0x00, 0x00, 0x00, 0x00, 0x00, 0x00, 0x00, 0x00,
  0x00, 0x00, 0x00, 0x00, 0x00, 0x00, 0x00, 0x00, 0x00, 0x00, 0x00, 0x00, 0x00, 0x00, 0x00, 0x00,
  0x00, 0x00, 0x00, 0x00, 0x00, 0x00, 0x00, 0x00, 0x00, 0x00, 0x00, 0x00, 0x00, 0x00, 0x00, 0x00,
  0x00, 0x00, 0x00, 0x00, 0x00, 0x00, 0x00, 0x00, 0x00, 0x00, 0x00, 0x00, 0x00, 0x00, 0x00, 0x00,
  0x00, 0x00, 0x00, 0x00, 0x00, 0x00, 0x00, 0x00, 0x00, 0x00, 0x00, 0x00, 0x00, 0x00, 0x00, 0x00,
  0x00, 0x00, 0x00, 0x00, 0x00, 0x00, 0x00, 0x00, 0x00, 0x00, 0x00, 0x00, 0x00, 0x00, 0x00, 0x00,
  0x00, 0x00, 0x00, 0x00, 0x00, 0x00, 0x00, 0x00, 0x00, 0x00, 0x00, 0x00, 0x00, 0x00, 0x00, 0x00,
  0x00, 0x78, 0x00, 0xf8, 0x00, 0x00, 0x20, 0x71, 0x00, 0x71, 0x00, 0x00, 0x00, 0x00, 0x00, 0x00,
  0x00, 0x00, 0x00, 0x00, 0x00, 0x00, 0x00, 0x00, 0x00, 0x00, 0x40, 0x79, 0x00, 0x38, 0xe0, 0x7b,
  0xc0, 0x78, 0x20, 0x99, 0xc0, 0x98, 0xa0, 0x88, 0xe0, 0x98, 0x40, 0xb1, 0x80, 0xc1, 0xe0, 0xb0,
  0xa0, 0x98, 0x80, 0x88, 0x60, 0x88, 0x40, 0x78, 0x60, 0x80, 0x80, 0x88, 0xa0, 0x90, 0xe0, 0xa0,
  0xe0, 0xa0, 0x00, 0xa1, 0x00, 0xa9, 0x00, 0xb1, 0xe0, 0xb8, 0xc0, 0xa8, 0x80, 0x98, 0x40, 0xb8,
  0xe1, 0xf3, 0xe3, 0xfd, 0x80, 0xd8, 0x20, 0xd9, 0xe0, 0xc0, 0xe0, 0xf1, 0x20, 0x70, 0x40, 0xc1,
  0xc0, 0xb0, 0xc0, 0xa8, 0xe0, 0xc8, 0x00, 0xf3, 0x80, 0xe2, 0x60, 0xc0, 0xa0, 0xc0, 0x80, 0xd1,
  0x60, 0xfb, 0xe0, 0xea, 0xa0, 0xe1, 0x40, 0xea, 0x00, 0xf2, 0x60, 0xe0, 0x40, 0xd0, 0x87, 0xeb,
  0x90, 0xfe, 0xb3, 0xff, 0x6c, 0xfe, 0x06, 0xfe, 0x69, 0xfe, 0x8b, 0xfe, 0xac, 0xfe, 0xee, 0xfe,
  0x51, 0xff, 0x71, 0xff, 0x0e, 0xff, 0xee, 0xfe, 0x0f, 0xff, 0xae, 0xfe, 0xce, 0xfe, 0x6c, 0xfe,
  0xcd, 0xfe, 0x2f, 0xff, 0x0f, 0xff, 0x0f, 0xff, 0x92, 0xff, 0x71, 0xff, 0x91, 0xff, 0xd4, 0xff,
  0xb4, 0xff, 0x72, 0xff, 0xb3, 0xff, 0x91, 0xff, 0x0d, 0xff, 0x2f, 0xff, 0xed, 0xfe, 0x6b, 0xfe,
  0xae, 0xfe, 0xef, 0xfe, 0x71, 0xff, 0x2f, 0xff, 0xcc, 0xfe, 0x2f, 0xff, 0xad, 0xfe, 0x4b, 0xfe,
  0xed, 0xfe, 0xea, 0xfd, 0xe7, 0xfc, 0x84, 0xfb, 0x6d, 0xfe, 0x4e, 0xff, 0x92, 0xff, 0xfd, 0xff,
  0xd5, 0xff, 0xf2, 0xff, 0x02, 0xfb, 0x20, 0xf0, 0x60, 0xe9, 0x60, 0xd1, 0x00, 0x90, 0xa0, 0xdb,
  0xe0, 0xe9, 0x00, 0xd1, 0xc0, 0xb0, 0x40, 0x90, 0xe0, 0xb0, 0xe0, 0xa8, 0x60, 0x88, 0x60, 0x80,
  0x20, 0x68, 0xa0, 0x90, 0x20, 0x68, 0x20, 0x70, 0x20, 0xc9, 0x40, 0x80, 0xc0, 0xa8, 0x20, 0xb1,
  0x80, 0x78, 0xa0, 0x88, 0xa0, 0x90, 0x00, 0x99, 0xe0, 0x98, 0xc0, 0x90, 0xa0, 0x88, 0xc0, 0x88,
  0xe0, 0x90, 0xe0, 0x90, 0xc0, 0x90, 0xc0, 0x80, 0xc0, 0x80, 0x00, 0x99, 0xc0, 0x80, 0xc0, 0x78,
  0x40, 0xa9, 0xe0, 0x78, 0x00, 0xa8, 0xe0, 0x39, 0x00, 0x00, 0x00, 0x78, 0x00, 0x78, 0x00, 0x00,
  0x00, 0x00, 0x80, 0x61, 0xe0, 0x70, 0xa0, 0x70, 0xa0, 0xaa, 0x00, 0x00, 0x00, 0x00, 0x00, 0x50,
  0x00, 0x68, 0xc0, 0x70, 0xe0, 0x70, 0xc0, 0x70, 0xa0, 0x52, 0x00, 0xf8, 0x00, 0x00, 0x00, 0x00,
  0x00, 0x00, 0x00, 0x00, 0x00, 0x00, 0x00, 0x00, 0x00, 0x00, 0x00, 0x00, 0x00, 0x00, 0x00, 0x00,
  0x00, 0x00, 0x00, 0x00, 0x00, 0x00, 0x00, 0x00, 0x00, 0x00, 0x00, 0x00, 0x00, 0x00, 0x00, 0x00,
  0x00, 0x00, 0x00, 0x00, 0x00, 0x00, 0x00, 0x00, 0x00, 0x00, 0x00, 0x00, 0x00, 0x00, 0x00, 0x00,
  0x00, 0x00, 0x00, 0x00, 0x00, 0x00, 0x00, 0x00, 0x00, 0x00, 0x00, 0x00, 0x00, 0x00, 0x00, 0x00,
  0x00, 0x00, 0x00, 0x00, 0x00, 0x00, 0x00, 0x00, 0x00, 0x00, 0x00, 0x00, 0x00, 0x00, 0x00, 0x00,
  0x00, 0x00, 0x00, 0x00, 0x00, 0x00, 0x00, 0x00, 0x00, 0x00, 0x00, 0x00, 0x00, 0x00, 0x00, 0x00,
  0x00, 0x00, 0x00, 0x00, 0x00, 0x00, 0x00, 0x00, 0x00, 0x00, 0x00, 0x00, 0x00, 0x00, 0x00, 0x00,
  0x00, 0x00, 0x00, 0x00, 0x00, 0x00, 0x00, 0x00, 0x00, 0x00, 0x00, 0x00, 0x00, 0x00, 0x00, 0x00,
  0x00, 0x00, 0x00, 0x00, 0x00, 0x00, 0x00, 0x00, 0x00, 0x00, 0x00, 0x00, 0x00, 0x00, 0x00, 0x78,
  0xe0, 0x58, 0x00, 0x00, 0x00, 0x00, 0x00, 0x00, 0x00, 0x00, 0x00, 0x00, 0x00, 0x00, 0x00, 0x00,
  0x00, 0x00, 0x00, 0x00, 0xe0, 0x79, 0x00, 0x00, 0x00, 0x00, 0x20, 0x99, 0xe0, 0x88, 0xe0, 0x80,
  0xc0, 0x90, 0xe0, 0x98, 0xe0, 0x98, 0x80, 0x80, 0x80, 0x78, 0x80, 0x78, 0xc0, 0x90, 0x80, 0x80,
  0xc0, 0x88, 0xc0, 0x90, 0xa0, 0x90, 0xe0, 0xa0, 0x00, 0xa1, 0xe0, 0xa0, 0xc0, 0x90, 0xa0, 0x90,
  0x20, 0xc1, 0xc0, 0xa0, 0xe0, 0xb0, 0x80, 0xb0, 0x20, 0xe2, 0xa1, 0xfd, 0x00, 0xe2, 0x80, 0xc0,
  0xe0, 0xb8, 0xa0, 0xb0, 0x80, 0xa0, 0x00, 0x68, 0xa0, 0xd1, 0xe0, 0xb0, 0x80, 0x98, 0xa0, 0xb0,
  0xe0, 0xc8, 0x40, 0xea, 0x20, 0xc9, 0x80, 0xb0, 0xe0, 0xc0, 0x60, 0xd9, 0x60, 0xf3, 0x80, 0xfb,
  0xa0, 0xe9, 0xa0, 0xe0, 0x03, 0xeb, 0xef, 0xfe, 0xf3, 0xff, 0x09, 0xfe, 0x22, 0xfd, 0x24, 0xfd,
  0x2a, 0xfe, 0x30, 0xff, 0xee, 0xfe, 0xcd, 0xfe, 0xee, 0xfe, 0x0e, 0xff, 0xab, 0xfe, 0x6a, 0xfe,
  0x8c, 0xfe, 0x8d, 0xfe, 0xad, 0xfe, 0x6c, 0xfe, 0x8c, 0xfe, 0xce, 0xfe, 0xae, 0xfe, 0x2a, 0xfe,
  0xce, 0xfe, 0x93, 0xff, 0xb5, 0xff, 0xd5, 0xff, 0xd4, 0xff, 0xd4, 0xff, 0xd4, 0xff, 0xd4, 0xff,
  0x91, 0xff, 0x4f, 0xff, 0x91, 0xff, 0xcd, 0xfe, 0xcd, 0xfe, 0x0e, 0xff, 0x30, 0xff, 0xb2, 0xff,
  0x0e, 0xff, 0xac, 0xfe, 0x2f, 0xff, 0x8d, 0xfe, 0x6b, 0xfe, 0x6b, 0xfe, 0x65, 0xfc, 0x8a, 0xfd,
  0x46, 0xfc, 0xa5, 0xfc, 0xed, 0xfe, 0xf5, 0xff, 0xb6, 0xff, 0xd4, 0xff, 0xaf, 0xff, 0x20, 0xfa,
  0x40, 0xf0, 0xa0, 0xf1, 0x20, 0xc9, 0x20, 0x90, 0x00, 0xe3, 0x60, 0xd9, 0xe0, 0xc0, 0x80, 0xa0,
  0x80, 0xa0, 0xa0, 0xa0, 0x40, 0x80, 0x40, 0x78, 0x40, 0x80, 0x60, 0x88, 0x60, 0x80, 0x40, 0x78,
  0x80, 0x90, 0xa0, 0xa0, 0x40, 0x88, 0xc0, 0xa8, 0xa0, 0x98, 0xc0, 0x90, 0xa0, 0x98, 0xa0, 0x88,
  0xe0, 0xa0, 0x20, 0xa1, 0xc0, 0x90, 0xc0, 0x90, 0xa0, 0x88, 0xe0, 0x90, 0xe0, 0x90, 0xa0, 0x88,
  0xa0, 0x80, 0xc0, 0x80, 0x60, 0xa1, 0xc0, 0x80, 0xc0, 0x78, 0x20, 0x69, 0x00, 0x00, 0xe0, 0x7b,
  0x00, 0xf8, 0x00, 0x00, 0x00, 0x00, 0x00, 0x00, 0x00, 0x00, 0x00, 0x00, 0x00, 0x00, 0x00, 0x00,
  0x00, 0x00, 0x00, 0x00, 0x00, 0x00, 0x00, 0x00, 0x40, 0x79, 0x00, 0x78, 0x20, 0x69, 0xa0, 0x70,
  0xa0, 0x68, 0x00, 0x38, 0x00, 0x00, 0x00, 0x00, 0x00, 0x00, 0x00, 0x00, 0x00, 0x00, 0x00, 0x00,
  0x00, 0x00, 0x00, 0x00, 0x00, 0x00, 0x00, 0x00, 0x00, 0x00, 0x00, 0x00, 0x00, 0x00, 0x00, 0x00,
  0x00, 0x00, 0x00, 0x00, 0x00, 0x00, 0x00, 0x00, 0x00, 0x00, 0x00, 0x00, 0x00, 0x00, 0x00, 0x00,
  0x00, 0x00, 0x00, 0x00, 0x00, 0x00, 0x00, 0x00, 0x00, 0x00, 0x00, 0x00, 0x00, 0x00, 0x00, 0x00,
  0x00, 0x00, 0x00, 0x00, 0x00, 0x00, 0x00, 0x00, 0x00, 0x00, 0x00, 0x00, 0x00, 0x00, 0x00, 0x00,
  0x00, 0x00, 0x00, 0x00, 0x00, 0x00, 0x00, 0x00, 0x00, 0x00, 0x00, 0x00, 0x00, 0x00, 0x00, 0x00,
  0x00, 0x00, 0x00, 0x00, 0x00, 0x00, 0x00, 0x00, 0x00, 0x00, 0x00, 0x00, 0x00, 0x00, 0x00, 0x00,
  0x00, 0x00, 0x00, 0x00, 0x00, 0x00, 0x00, 0x00, 0x00, 0x00, 0x00, 0x00, 0x00, 0x00, 0x00, 0x00,
  0x00, 0x00, 0x00, 0x00, 0x00, 0x00, 0x00, 0x00, 0x00, 0x00, 0x00, 0x00, 0x00, 0x00, 0x00, 0x00,
  0x00, 0x00, 0x00, 0x00, 0x00, 0x00, 0x00, 0x00, 0x00, 0x00, 0x00, 0x00, 0x00, 0x00, 0x00, 0x00,
  0x00, 0x00, 0x00, 0x00, 0x00, 0x00, 0x80, 0x61, 0x00, 0xf8, 0xe0, 0x7b, 0x40, 0x79, 0xe0, 0x78,
  0xa0, 0x70, 0xc0, 0x78, 0xe0, 0x80, 0xa0, 0x78, 0xa0, 0x78, 0xc0, 0x80, 0xa0, 0x78, 0x80, 0x70,
  0xa0, 0x78, 0xe0, 0x88, 0xe0, 0x90, 0xc0, 0x88, 0xe0, 0x98, 0x00, 0x99, 0x20, 0xa1, 0xe0, 0x98,
  0xe0, 0xa0, 0x00, 0xa1, 0xc0, 0x98, 0xe0, 0x98, 0xc0, 0x98, 0xc0, 0xa0, 0xe0, 0xb0, 0xc0, 0x98,
  0x40, 0x90, 0xc0, 0xea, 0x20, 0xf3, 0x40, 0xb0, 0xe0, 0xb8, 0xa0, 0xb8, 0xa0, 0xa0, 0x40, 0x88,
  0x60, 0x88, 0xe0, 0xb8, 0x40, 0xd1, 0xc0, 0xb0, 0x20, 0x90, 0xc0, 0xc0, 0x20, 0xc9, 0x20, 0xd9,
  0xa0, 0xd8, 0xa0, 0xd8, 0xa0, 0xe1, 0x60, 0xe0, 0x20, 0xe8, 0xe0, 0xe9, 0xcb, 0xf5, 0xf4, 0xff,
  0x4f, 0xff, 0x43, 0xfd, 0x24, 0xfd, 0xa7, 0xfd, 0x49, 0xfe, 0xee, 0xfe, 0x50, 0xff, 0x50, 0xff,
  0xad, 0xfe, 0x6b, 0xfe, 0x6b, 0xfe, 0x8c, 0xfe, 0xad, 0xfe, 0xcd, 0xfe, 0xcd, 0xfe, 0xed, 0xfe,
  0xee, 0xfe, 0x0d, 0xff, 0xeb, 0xfe, 0x2d, 0xff, 0x71, 0xff, 0xb6, 0xff, 0x76, 0xff, 0xb6, 0xff,
  0xd3, 0xff, 0xd6, 0xff, 0xd6, 0xff, 0xb4, 0xff, 0x92, 0xff, 0x4f, 0xff, 0x70, 0xff, 0xed, 0xfe,
  0x0f, 0xff, 0x30, 0xff, 0x51, 0xff, 0x92, 0xff, 0x71, 0xff, 0xcc, 0xfe, 0x8b, 0xfe, 0xee, 0xfe,
  0x2f, 0xff, 0x6d, 0xfe, 0x85, 0xfc, 0x24, 0xfc, 0x8a, 0xfd, 0x87, 0xfc, 0xa3, 0xfb, 0x68, 0xfd,
  0xd3, 0xff, 0xb5, 0xff, 0xf6, 0xff, 0x8c, 0xff, 0x40, 0xfa, 0x80, 0xe8, 0x20, 0xf2, 0xc0, 0xb8,
  0x80, 0xa8, 0x60, 0xe2, 0x40, 0xc9, 0x80, 0xa8, 0x80, 0xa0, 0x80, 0x98, 0x80, 0xa0, 0x80, 0x98,
  0xa0, 0xa0, 0x80, 0x90, 0xa0, 0xa0, 0x80, 0x88, 0x60, 0x80, 0x60, 0x80, 0x60, 0x78, 0xa0, 0x90,
  0x60, 0x88, 0x80, 0x88, 0x80, 0x88, 0xa0, 0x88, 0xc0, 0x90, 0xc0, 0x90, 0xc0, 0x88, 0xc0, 0x88,
  0xc0, 0x88, 0xc0, 0x88, 0xc0, 0x88, 0xc0, 0x88, 0xc0, 0x88, 0xc0, 0x80, 0xe0, 0x80, 0xa0, 0x88,
  0x20, 0x89, 0x00, 0x00, 0x20, 0x69, 0xa0, 0xaa, 0x00, 0x00, 0x00, 0x78, 0x00, 0x78, 0x40, 0x79,
  0x00, 0x78, 0x00, 0x78, 0x80, 0x70, 0xe0, 0x78, 0xc0, 0x60, 0xa0, 0xaa, 0x00, 0xf8, 0x00, 0x00,
  0x00, 0xf8, 0x00, 0x50, 0x00, 0x00, 0x00, 0x50, 0x00, 0x60, 0x40, 0x51, 0x00, 0x00, 0x00, 0x00,
  0x00, 0x00, 0x00, 0x00, 0x00, 0x00, 0x00, 0x00, 0x00, 0x00, 0x00, 0x78, 0x00, 0x00, 0x00, 0x00,
  0x00, 0x00, 0x00, 0x00, 0x00, 0x00, 0x00, 0x00, 0x00, 0x00, 0x00, 0xf8, 0x00, 0x00, 0x00, 0x00,
  0x00, 0x00, 0x00, 0x00, 0x00, 0x00, 0x00, 0x00, 0x00, 0x00, 0x00, 0x00, 0x00, 0x00, 0x00, 0x00,
  0x00, 0x00, 0x00, 0x00, 0x00, 0x00, 0x00, 0x00, 0x00, 0x00, 0x00, 0x00, 0x00, 0x00, 0x00, 0x00,
  0x00, 0x00, 0x00, 0x00, 0x00, 0x00, 0x00, 0x00, 0x00, 0x00, 0x00, 0x00, 0x00, 0x00, 0x00, 0x00,
  0x00, 0x00, 0x00, 0x00, 0x00, 0x00, 0x00, 0x00, 0x00, 0x00, 0x00, 0x00, 0x00, 0x00, 0x00, 0x00,
  0x00, 0x00, 0x00, 0x00, 0x00, 0x00, 0x00, 0x00, 0x00, 0x00, 0x00, 0x00, 0x00, 0x00, 0x00, 0x00,
  0x00, 0x00, 0x00, 0x00, 0x00, 0x00, 0x00, 0x00, 0x00, 0x00, 0x00, 0x00, 0x00, 0x00, 0x00, 0x00,
  0x00, 0x00, 0x00, 0x00, 0x00, 0x00, 0x00, 0x00, 0x00, 0x00, 0x00, 0x78, 0x00, 0x00, 0x00, 0x00,
  0x00, 0x00, 0x00, 0x00, 0x00, 0x00, 0x00, 0x00, 0x00, 0x00, 0x00, 0x00, 0x00, 0x00, 0x00, 0x00,
  0x80, 0x61, 0xe0, 0x70, 0x40, 0x79, 0x20, 0x89, 0xc0, 0x78, 0xc0, 0x78, 0xa0, 0x70, 0x80, 0x70,
  0xa0, 0x70, 0xa0, 0x70, 0xc0, 0x78, 0xc0, 0x78, 0xa0, 0x80, 0xc0, 0x80, 0xc0, 0x80, 0xe0, 0x90,
  0x00, 0x91, 0xe0, 0x90, 0x00, 0x98, 0x00, 0x98, 0x20, 0x99, 0xe0, 0x98, 0xe0, 0x98, 0xe0, 0xa0,
  0x00, 0xa1, 0xe0, 0xa0, 0xa0, 0x98, 0xc0, 0xa0, 0x80, 0x90, 0xe0, 0xa8, 0xc0, 0xe9, 0xa0, 0xa0,
  0x40, 0x88, 0xe0, 0xb8, 0x60, 0x80, 0x40, 0x68, 0x60, 0x90, 0xc0, 0xb8, 0xe0, 0xb8, 0xa0, 0xb0,
  0xa0, 0xe1, 0xc0, 0xa0, 0x40, 0x88, 0x20, 0x88, 0x00, 0xd9, 0x80, 0xe9, 0xa0, 0xe8, 0x00, 0xe8,
  0xa0, 0xf1, 0xa7, 0xfc, 0xf2, 0xff, 0xf1, 0xff, 0x6f, 0xff, 0x31, 0xff, 0x51, 0xff, 0x30, 0xff,
  0x0e, 0xff, 0x4f, 0xff, 0x50, 0xff, 0x2f, 0xff, 0x6b, 0xfe, 0xc9, 0xfd, 0x4b, 0xfe, 0x8c, 0xfe,
  0xce, 0xfe, 0xad, 0xfe, 0x8c, 0xfe, 0xcd, 0xfe, 0xed, 0xfe, 0xcd, 0xfe, 0x4f, 0xff, 0xd4, 0xff,
  0xf7, 0xff, 0xd7, 0xff, 0xda, 0xff, 0xf8, 0xff, 0xb1, 0xff, 0x94, 0xff, 0xfa, 0xff, 0xd6, 0xff,
  0xb4, 0xff, 0xb3, 0xff, 0x4f, 0xff, 0xab, 0xfe, 0xed, 0xfe, 0x50, 0xff, 0x72, 0xff, 0xd7, 0xff,
  0x93, 0xff, 0x71, 0xff, 0x4e, 0xff, 0x2e, 0xff, 0x50, 0xff, 0x0e, 0xff, 0x2b, 0xfe, 0x48, 0xfd,
  0x66, 0xfc, 0x08, 0xfd, 0xc8, 0xfc, 0x22, 0xfb, 0xad, 0xfe, 0x91, 0xff, 0xb7, 0xff, 0xd7, 0xff,
  0x28, 0xff, 0x00, 0xfa, 0x00, 0xe9, 0x40, 0xf2, 0xa0, 0xb0, 0x20, 0x98, 0x60, 0xda, 0x60, 0xd1,
  0x40, 0x98, 0x60, 0x98, 0x60, 0x98, 0xc0, 0xa8, 0x80, 0xa0, 0xc0, 0xa8, 0xa0, 0xa0, 0xa0, 0xa0,
  0x80, 0x90, 0x40, 0x80, 0x60, 0x80, 0x60, 0x80, 0xa0, 0x98, 0xc0, 0xa0, 0x80, 0x88, 0x60, 0x80,
  0x80, 0x80, 0x80, 0x88, 0xc0, 0x90, 0xc0, 0x88, 0xc0, 0x88, 0xc0, 0x88, 0xc0, 0x80, 0xe0, 0x88,
  0xe0, 0x88, 0xc0, 0x88, 0xe0, 0x88, 0xe0, 0x80, 0xe0, 0x88, 0xc0, 0x89, 0xe0, 0x88, 0xa0, 0x88,
  0xa0, 0x88, 0xa0, 0x52, 0x00, 0x78, 0x00, 0xa8, 0x80, 0x61, 0x40, 0x79, 0x00, 0x00, 0xe0, 0x78,
  0xe0, 0x78, 0xa0, 0x68, 0x00, 0x78, 0x00, 0x00, 0x00, 0x00, 0x00, 0x00, 0x00, 0x00, 0x00, 0x00,
  0xe0, 0x70, 0xe0, 0x78, 0x00, 0x00, 0x00, 0x00, 0x00, 0x00, 0x00, 0x00, 0x00, 0x00, 0x00, 0x00,
  0x00, 0x00, 0x00, 0x78, 0x00, 0x50, 0x00, 0x00, 0x00, 0x00, 0x00, 0x00, 0x00, 0x00, 0x00, 0xf8,
  0x00, 0x00, 0x00, 0x00, 0x00, 0x00, 0x00, 0x00, 0x00, 0x00, 0x00, 0x00, 0x00, 0x00, 0x00, 0x00,
  0x00, 0x00, 0x00, 0x00, 0x00, 0x00, 0x00, 0x00, 0x00, 0x00, 0x00, 0x00, 0x00, 0x00, 0x00, 0x00,
  0x00, 0x00, 0x00, 0x00, 0x00, 0x00, 0x00, 0x00, 0x00, 0x00, 0x00, 0x00, 0x00, 0x00, 0x00, 0x00,
  0x00, 0x00, 0x00, 0x00, 0x00, 0x00, 0x00, 0x00, 0x00, 0x00, 0x00, 0x00, 0x00, 0x00, 0x00, 0x00,
  0x00, 0x00, 0x00, 0x00, 0x00, 0x00, 0x00, 0x00, 0x00, 0x00, 0x00, 0x00, 0x00, 0x00, 0x00, 0x00,
  0x00, 0x00, 0x00, 0x00, 0x00, 0x00, 0x00, 0x00, 0x00, 0x00, 0x00, 0x00, 0x00, 0x00, 0x00, 0x00,
  0x00, 0x00, 0x00, 0x00, 0x00, 0x00, 0x00, 0x00, 0x00, 0x00, 0x00, 0x00, 0x00, 0x00, 0x00, 0x00,
  0x00, 0x00, 0x00, 0x00, 0x00, 0x00, 0x00, 0x00, 0x00, 0x00, 0x00, 0x00, 0x00, 0x00, 0x00, 0x00,
  0x00, 0x00, 0x00, 0x00, 0x00, 0x00, 0x00, 0x78, 0x00, 0x50, 0x00, 0x00, 0xc0, 0x98, 0xe0, 0x78,
  0xa0, 0x70, 0xa0, 0x70, 0xa0, 0x70, 0x80, 0x70, 0xa0, 0x70, 0xe0, 0x80, 0xc0, 0x80, 0xc0, 0x78,
  0xc0, 0x80, 0xc0, 0x80, 0xc0, 0x88, 0x00, 0x91, 0xc0, 0x88, 0x40, 0x89, 0xc0, 0x78, 0x80, 0x99,
  0x00, 0x98, 0x20, 0xb1, 0xe0, 0xa0, 0xe0, 0x98, 0xe0, 0xa0, 0x20, 0xa9, 0xe0, 0xa0, 0xa0, 0x98,
  0x80, 0x90, 0x80, 0xa0, 0xc0, 0xe9, 0x00, 0xb9, 0x00, 0x68, 0xa0, 0xa0, 0xe0, 0xb0, 0x00, 0x58,
  0x40, 0x80, 0x60, 0x80, 0x60, 0x88, 0x00, 0xb9, 0x20, 0x80, 0x00, 0xb9, 0x20, 0xb9, 0x40, 0x80,
  0x40, 0x98, 0x80, 0xc8, 0xe1, 0xfc, 0x81, 0xfb, 0x2a, 0xfd, 0x24, 0xfe, 0x71, 0xff, 0x94, 0xff,
  0x71, 0xff, 0x92, 0xff, 0xb5, 0xff, 0x93, 0xff, 0x72, 0xff, 0x8d, 0xfe, 0xa9, 0xfd, 0x68, 0xfd,
  0x4c, 0xfe, 0xae, 0xfe, 0xaa, 0xfd, 0xa9, 0xfd, 0xae, 0xfe, 0xcf, 0xfe, 0x10, 0xff, 0xee, 0xfe,
  0x0e, 0xff, 0x30, 0xff, 0x71, 0xff, 0x93, 0xff, 0xb7, 0xff, 0xfc, 0xff, 0xfb, 0xff, 0x31, 0xff,
  0xe6, 0xf3, 0x80, 0xf1, 0x07, 0xfe, 0xfe, 0xff, 0xdb, 0xff, 0xd8, 0xff, 0xb5, 0xff, 0x2f, 0xff,
  0xcc, 0xfe, 0x0d, 0xff, 0x70, 0xff, 0xb4, 0xff, 0xb4, 0xff, 0xb5, 0xff, 0xd5, 0xff, 0xb2, 0xff,
  0xb4, 0xff, 0xb2, 0xff, 0x92, 0xff, 0x30, 0xff, 0xca, 0xfd, 0x01, 0xfb, 0x07, 0xfd, 0xe8, 0xfc,
  0x66, 0xfc, 0x30, 0xff, 0xcc, 0xfe, 0xb6, 0xff, 0xf6, 0xff, 0x07, 0xfe, 0xa0, 0xf0, 0x00, 0xe9,
  0xc0, 0xe9, 0x80, 0xa8, 0x20, 0xa0, 0x20, 0xe3, 0x00, 0xea, 0x80, 0xb0, 0xc0, 0xb0, 0xe0, 0xb8,
  0xa0, 0xa0, 0x40, 0x80, 0x80, 0x98, 0x80, 0x90, 0x80, 0x90, 0x80, 0xa0, 0xa0, 0xa8, 0x80, 0x90,
  0x80, 0x90, 0x60, 0x88, 0x60, 0x88, 0x60, 0x88, 0xa0, 0x88, 0x80, 0x78, 0x80, 0x80, 0xa0, 0x88,
  0xc0, 0x88, 0xa0, 0x88, 0xc0, 0x88, 0xc0, 0x88, 0xe0, 0x88, 0xc0, 0x88, 0xe0, 0x88, 0x00, 0x81,
  0x40, 0x89, 0xe0, 0x78, 0x40, 0x79, 0xe0, 0x98, 0x20, 0x91, 0xc0, 0x80, 0x20, 0x81, 0xe0, 0x79,
  0x00, 0xa8, 0x00, 0x78, 0x00, 0x50, 0x00, 0x00, 0xe0, 0x78, 0xe0, 0x78, 0xc0, 0x70, 0x20, 0x71,
  0x00, 0x00, 0x00, 0x00, 0x00, 0x00, 0x00, 0x00, 0x00, 0x00, 0x00, 0x00, 0x00, 0x00, 0x00, 0x00,
  0x00, 0x00, 0x00, 0x00, 0x00, 0x00, 0x00, 0x00, 0x00, 0x00, 0x00, 0x00, 0x00, 0x00, 0x00, 0x00,
  0x00, 0x00, 0x00, 0x00, 0x00, 0x00, 0x00, 0xf8, 0xa0, 0x52, 0x00, 0x78, 0x00, 0x00, 0x00, 0x00,
  0x00, 0x00, 0x00, 0x00, 0x00, 0x00, 0x00, 0x00, 0x00, 0x00, 0x00, 0x00, 0x00, 0x00, 0x00, 0x00,
  0x00, 0x00, 0x00, 0x00, 0x00, 0x00, 0x00, 0x00, 0x00, 0x00, 0x00, 0x00, 0x00, 0x00, 0x00, 0x00,
  0x00, 0x00, 0x00, 0x00, 0x00, 0x00, 0x00, 0x00, 0x00, 0x00, 0x00, 0x00, 0x00, 0x00, 0x00, 0x00,
  0x00, 0x00, 0x00, 0x00, 0x00, 0x00, 0x00, 0x00, 0x00, 0x00, 0x00, 0x00, 0x00, 0x00, 0x00, 0x00,
  0x00, 0x00, 0x00, 0x00, 0x00, 0x00, 0x00, 0x00, 0x00, 0x00, 0x00, 0x00, 0x00, 0x00, 0x00, 0x00,
  0x00, 0x00, 0x00, 0x00, 0x00, 0x00, 0x00, 0x78, 0x00, 0x00, 0x00, 0x00, 0x00, 0x00, 0x00, 0x00,
  0x00, 0x00, 0x00, 0x00, 0x00, 0x00, 0x00, 0x00, 0x00, 0x00, 0x00, 0x00, 0x00, 0x00, 0x00, 0x00,
  0x00, 0x00, 0x00, 0x00, 0x00, 0x00, 0x00, 0x00, 0x00, 0x00, 0x00, 0x00, 0x00, 0x50, 0x00, 0x00,
  0x00, 0x00, 0x00, 0x00, 0xa0, 0x70, 0xa0, 0x70, 0xa0, 0x68, 0xa0, 0x68, 0xc0, 0x68, 0xe0, 0x68,
  0xc0, 0x80, 0xe0, 0x80, 0xc0, 0x78, 0xc0, 0x80, 0x60, 0x81, 0x60, 0x88, 0x20, 0x91, 0xe1, 0x88,
  0xe0, 0x80, 0x20, 0x91, 0x80, 0x61, 0x00, 0x50, 0x00, 0x00, 0xe0, 0xb9, 0xe0, 0x98, 0x20, 0xa1,
  0xe0, 0xa0, 0xe0, 0x98, 0xe0, 0xa0, 0x80, 0x98, 0xa0, 0xa0, 0x80, 0x88, 0xc0, 0xb8, 0xe0, 0xc0,
  0x40, 0x70, 0xa0, 0xa8, 0xa0, 0xb8, 0x00, 0xb1, 0x40, 0x78, 0x80, 0xa0, 0x20, 0x78, 0x40, 0x78,
  0xa0, 0xa8, 0x80, 0x88, 0x40, 0x80, 0x00, 0xc9, 0x40, 0x90, 0x60, 0xa8, 0x01, 0xf4, 0x41, 0xfe,
  0x65, 0xfe, 0xec, 0xff, 0x83, 0xfd, 0x6b, 0xfe, 0x2c, 0xff, 0x90, 0xff, 0x73, 0xff, 0x72, 0xff,
  0x93, 0xff, 0xaf, 0xfe, 0x89, 0xfd, 0xa9, 0xfd, 0x48, 0xfd, 0xca, 0xfd, 0xc7, 0xfc, 0x66, 0xfc,
  0xca, 0xfd, 0x0b, 0xfe, 0x4c, 0xfe, 0x10, 0xff, 0x50, 0xff, 0x70, 0xff, 0x72, 0xff, 0x95, 0xff,
  0xd7, 0xff, 0xfb, 0xff, 0x53, 0xff, 0xe5, 0xf3, 0xc0, 0xf0, 0x00, 0xe8, 0x00, 0xf0, 0x25, 0xfd,
  0xfd, 0xff, 0xdb, 0xff, 0xfa, 0xff, 0x93, 0xff, 0x0d, 0xff, 0xcc, 0xfe, 0x2e, 0xff, 0xb3, 0xff,
  0xb4, 0xff, 0xd6, 0xff, 0xf9, 0xff, 0xda, 0xff, 0xfa, 0xff, 0xd7, 0xff, 0x92, 0xff, 0x70, 0xff,
  0x6f, 0xff, 0x47, 0xfd, 0x22, 0xfb, 0x8c, 0xfe, 0x08, 0xfd, 0xa8, 0xfc, 0x0e, 0xff, 0x4f, 0xff,
  0xb6, 0xff, 0xcd, 0xff, 0x07, 0xfd, 0xa0, 0xf0, 0x40, 0xe9, 0xe0, 0xe1, 0x80, 0xa8, 0x60, 0xa8,
  0x20, 0xeb, 0xc0, 0xf2, 0xe0, 0xd0, 0x20, 0xc9, 0xa0, 0xe1, 0x20, 0xb9, 0x40, 0x88, 0x80, 0x90,
  0xa0, 0xa0, 0x40, 0x80, 0x00, 0xb1, 0x40, 0xc9, 0x60, 0x88, 0xc0, 0xa0, 0x80, 0x90, 0xa0, 0x98,
  0x80, 0x90, 0x60, 0x78, 0x60, 0x70, 0xc0, 0x90, 0xc0, 0x88, 0xe0, 0x90, 0xc0, 0x88, 0xc0, 0x88,
  0xc0, 0x88, 0xe0, 0x88, 0xe0, 0x88, 0xe0, 0x88, 0x00, 0x79, 0xe0, 0x78, 0xe0, 0x88, 0x00, 0xa8,
  0x00, 0x78, 0xa0, 0x70, 0xe0, 0x78, 0xc0, 0x80, 0xe0, 0x7b, 0x00, 0x78, 0xe0, 0x78, 0x00, 0x00,
  0x00, 0x50, 0xc0, 0x78, 0xc0, 0x70, 0x80, 0x61, 0x00, 0x78, 0x00, 0x00, 0x00, 0x00, 0x00, 0x00,
  0x00, 0x00, 0x00, 0x00, 0x00, 0x00, 0x00, 0x00, 0x00, 0x00, 0x00, 0x00, 0x00, 0x00, 0x00, 0x00,
  0x00, 0x00, 0x00, 0x00, 0xe0, 0x7b, 0x00, 0x00, 0x00, 0x00, 0x00, 0x00, 0x00, 0x00, 0x00, 0x00,
  0x00, 0x00, 0x00, 0x00, 0x00, 0x00, 0x00, 0x50, 0x00, 0x00, 0x00, 0x00, 0x00, 0x00, 0x00, 0x00,
  0x00, 0x00, 0x00, 0x00, 0x00, 0x00, 0x00, 0x00, 0x00, 0x00, 0x00, 0x00, 0x00, 0x00, 0x00, 0x00,
  0x00, 0x00, 0x00, 0x00, 0x00, 0x00, 0x00, 0x00, 0x00, 0x00, 0x00, 0x00, 0x00, 0x00, 0x00, 0x00,
  0x00, 0x00, 0x00, 0x00, 0x00, 0x00, 0x00, 0x00, 0x00, 0x00, 0x00, 0x00, 0x00, 0x00, 0x00, 0x00,
  0x00, 0x00, 0x00, 0x00, 0x00, 0x00, 0x00, 0x00, 0x00, 0x00, 0x00, 0x00, 0x00, 0x00, 0x00, 0x00,
  0x00, 0x00, 0x00, 0x00, 0x00, 0x00, 0x00, 0x00, 0x00, 0x00, 0x00, 0x00, 0x00, 0x00, 0x00, 0x00,
  0x00, 0x00, 0x00, 0x00, 0x00, 0x00, 0x00, 0x00, 0x00, 0x00, 0x00, 0x00, 0x00, 0x00, 0x00, 0x00,
  0x00, 0x00, 0x00, 0x00, 0x00, 0x00, 0x00, 0x00, 0x00, 0x00, 0x00, 0x00, 0x00, 0x00, 0x00, 0x00,
  0x00, 0x00, 0x00, 0x00, 0x00, 0x00, 0x00, 0x00, 0x00, 0x00, 0xc0, 0x68, 0xe0, 0x68, 0xa0, 0x68,
  0xa0, 0x60, 0xa0, 0x60, 0xc0, 0x78, 0xe0, 0x78, 0xc0, 0x80, 0xa0, 0x78, 0xe0, 0x78, 0x40, 0x91,
  0x00, 0x78, 0x00, 0x78, 0x80, 0x99, 0x00, 0x00, 0x00, 0xf8, 0xa0, 0xaa, 0x00, 0xa8, 0x00, 0x50,
  0x00, 0xf8, 0x00, 0x00, 0x00, 0x00, 0x80, 0x99, 0xe0, 0x98, 0x20, 0x99, 0xe0, 0x98, 0x00, 0x99,
  0xe0, 0xa0, 0x80, 0x90, 0x60, 0x90, 0x00, 0xc9, 0xa0, 0xa0, 0xc0, 0xa0, 0xe0, 0xc0, 0x00, 0xb9,
  0x20, 0xb1, 0x20, 0x70, 0x40, 0x88, 0x20, 0xc1, 0x40, 0xd1, 0x20, 0xd9, 0x00, 0xb1, 0x00, 0x68,
  0xa0, 0xb0, 0x20, 0xc1, 0xe0, 0xf2, 0x40, 0xe2, 0x00, 0xe9, 0xc1, 0xfa, 0xea, 0xff, 0x87, 0xfe,
  0x02, 0xfe, 0xea, 0xfe, 0x2d, 0xff, 0x93, 0xff, 0x93, 0xff, 0x8c, 0xfe, 0xa9, 0xfd, 0x48, 0xfd,
  0xaa, 0xfd, 0xaa, 0xfd, 0x0b, 0xfe, 0xe7, 0xfc, 0xaa, 0xfd, 0x4c, 0xfe, 0x8e, 0xfe, 0x0b, 0xfe,
  0xae, 0xfe, 0x93, 0xff, 0xb7, 0xff, 0xfa, 0xff, 0xfb, 0xff, 0x53, 0xff, 0x67, 0xfc, 0x20, 0xf1,
  0x00, 0xe8, 0x40, 0xe8, 0xa0, 0xe8, 0x20, 0xe8, 0x65, 0xfd, 0xfc, 0xff, 0xb7, 0xff, 0xb8, 0xff,
  0x92, 0xff, 0x0e, 0xff, 0x0e, 0xff, 0x92, 0xff, 0xd6, 0xff, 0xd7, 0xff, 0xd7, 0xff, 0xfb, 0xff,
  0xfc, 0xff, 0xfc, 0xff, 0xd9, 0xff, 0xb4, 0xff, 0x2f, 0xff, 0xab, 0xfe, 0x41, 0xfb, 0x62, 0xfb,
  0x50, 0xff, 0x6a, 0xfd, 0xaa, 0xfd, 0x4b, 0xfe, 0x73, 0xff, 0xb4, 0xff, 0x88, 0xff, 0x21, 0xf3,
  0xc0, 0xf0, 0x60, 0xf1, 0xe0, 0xe1, 0xa0, 0xa8, 0x60, 0xa0, 0x80, 0xda, 0xe0, 0xf2, 0xe0, 0xe9,
  0xc0, 0xd9, 0x20, 0xc9, 0xe0, 0xe1, 0x00, 0xb9, 0x80, 0x98, 0xc0, 0xa8, 0xa0, 0xa0, 0xa0, 0x98,
  0xa0, 0xa0, 0x60, 0x88, 0xa0, 0x90, 0xa0, 0x90, 0xa0, 0x90, 0xc0, 0x98, 0xa0, 0x90, 0x80, 0x88,
  0xe0, 0xa0, 0xe0, 0x90, 0xe0, 0x90, 0xc0, 0x88, 0xc0, 0x88, 0xc0, 0x90, 0xe0, 0x88, 0xc0, 0x98,
  0x20, 0x91, 0xe0, 0x88, 0x20, 0x89, 0x20, 0x79, 0x40, 0x79, 0xa0, 0x70, 0x00, 0xb8, 0x00, 0x00,
  0x00, 0x00, 0x00, 0x00, 0x00, 0x00, 0x00, 0xf8, 0x00, 0x78, 0x00, 0x98, 0x00, 0xf8, 0x00, 0x00,
  0x00, 0x00, 0x00, 0x00, 0x00, 0x00, 0x00, 0x00, 0x00, 0x00, 0x00, 0x00, 0x00, 0x00, 0x00, 0x00,
  0x00, 0x00, 0x00, 0x00, 0x00, 0x00, 0x00, 0x00, 0x00, 0x00, 0x00, 0x00, 0x00, 0x00, 0x00, 0x00,
  0x00, 0x00, 0x00, 0x00, 0x00, 0x00, 0x00, 0x00, 0x00, 0x00, 0x00, 0x00, 0xa0, 0x60, 0x00, 0x61,
  0x00, 0x38, 0x00, 0x00, 0x00, 0x00, 0x00, 0x00, 0x00, 0x00, 0x00, 0x00, 0x00, 0x00, 0x00, 0x00,
  0x00, 0x00, 0x00, 0x00, 0x00, 0x00, 0x00, 0x00, 0x00, 0x00, 0x00, 0x00, 0x00, 0x00, 0x00, 0x00,
  0x00, 0x00, 0x00, 0x00, 0x00, 0x00, 0x00, 0x00, 0x00, 0x00, 0x00, 0x00, 0x00, 0x00, 0x00, 0x00,
  0x00, 0x00, 0x00, 0x00, 0x00, 0x00, 0x00, 0x00, 0x00, 0x00, 0x00, 0x00, 0x00, 0x00, 0x00, 0x00,
  0x00, 0x00, 0x00, 0x00, 0x00, 0x00, 0x00, 0x00, 0x00, 0x00, 0x00, 0x00, 0x00, 0x00, 0x00, 0x00,
  0x00, 0x00, 0x00, 0x00, 0x00, 0x00, 0x00, 0x00, 0x00, 0x00, 0xc0, 0x58, 0xc0, 0x60, 0x00, 0x00,
  0x00, 0xf8, 0x00, 0x00, 0x00, 0x00, 0x00, 0x00, 0x00, 0x00, 0x00, 0x00, 0x00, 0x00, 0x00, 0x00,
  0x00, 0x00, 0x00, 0x78, 0x00, 0x00, 0x00, 0x00, 0x00, 0x00, 0x00, 0x00, 0x00, 0x00, 0x40, 0x60,
  0xa0, 0x58, 0x80, 0x58, 0xa0, 0x60, 0xc0, 0x68, 0xc0, 0x68, 0xc0, 0x60, 0xe0, 0x88, 0x00, 0x71,
  0xa0, 0x70, 0x00, 0x88, 0x00, 0x00, 0x80, 0x99, 0x00, 0x50, 0x00, 0x00, 0x00, 0xf8, 0x00, 0x00,
  0x00, 0x00, 0x00, 0xf8, 0xe0, 0xff, 0xa0, 0xaa, 0x00, 0xf8, 0xa0, 0xaa, 0x00, 0xf8, 0x00, 0xa8,
  0x00, 0x78, 0x20, 0x91, 0x20, 0x91, 0x00, 0x99, 0xe0, 0x90, 0xe0, 0x98, 0xa0, 0xa0, 0x40, 0xc1,
  0xc0, 0xe1, 0x40, 0xb1, 0x20, 0xa9, 0x80, 0xa8, 0x00, 0x88, 0x40, 0x90, 0x40, 0x80, 0x40, 0x88,
  0xa0, 0x98, 0xa0, 0xa0, 0xe0, 0xb0, 0x80, 0x98, 0x80, 0x80, 0xc0, 0xb0, 0xe0, 0xb8, 0xa0, 0xa0,
  0x00, 0xb0, 0x80, 0xc8, 0x00, 0xe8, 0xa4, 0xf3, 0xec, 0xff, 0x8b, 0xfe, 0xcb, 0xfe, 0x0d, 0xff,
  0x2e, 0xff, 0x0f, 0xff, 0x31, 0xff, 0x11, 0xff, 0xa9, 0xfd, 0x27, 0xfd, 0x27, 0xfd, 0x89, 0xfd,
  0xca, 0xfd, 0x2b, 0xfe, 0x8d, 0xfe, 0xcd, 0xfe, 0x8a, 0xfe, 0x54, 0xff, 0xfa, 0xff, 0xf9, 0xff,
  0x0f, 0xff, 0xc7, 0xf3, 0x00, 0xf1, 0x80, 0xe8, 0x60, 0xe8, 0xc0, 0xe0, 0x40, 0xf1, 0x00, 0xe9,
  0x20, 0xe8, 0x52, 0xfe, 0xfb, 0xff, 0x95, 0xff, 0x94, 0xff, 0x50, 0xff, 0xec, 0xfe, 0x70, 0xff,
  0xb4, 0xff, 0xd7, 0xff, 0xd8, 0xff, 0xd7, 0xff, 0xfa, 0xff, 0xdc, 0xff, 0xdc, 0xff, 0xd7, 0xff,
  0xb3, 0xff, 0x70, 0xff, 0x6b, 0xfe, 0x64, 0xfc, 0x06, 0xfd, 0x91, 0xff, 0xad, 0xfe, 0xc9, 0xfd,
  0x0a, 0xfe, 0x2e, 0xff, 0x30, 0xff, 0xf1, 0xff, 0xa0, 0xfb, 0xc0, 0xe8, 0x00, 0xe9, 0xa0, 0xd9,
  0x80, 0xa8, 0x60, 0xa0, 0xa0, 0xda, 0x60, 0xf2, 0x00, 0xe1, 0xe0, 0xc8, 0x40, 0xc9, 0xe0, 0xb0,
  0x80, 0xa0, 0x80, 0x98, 0x40, 0x80, 0x60, 0x88, 0x40, 0x80, 0x40, 0x80, 0x40, 0x78, 0x80, 0x90,
  0x80, 0x88, 0xa0, 0x90, 0xa0, 0x98, 0xa0, 0x90, 0xc0, 0x90, 0x00, 0x91, 0x00, 0x91, 0xc0, 0x98,
  0xc0, 0x88, 0xc0, 0x88, 0xe0, 0x88, 0xe0, 0x88, 0xa0, 0x80, 0xc0, 0x80, 0x80, 0x90, 0xe0, 0x88,
  0x20, 0x91, 0x00, 0xa8, 0xe0, 0x88, 0x00, 0xf8, 0x00, 0xf8, 0x00, 0x78, 0x00, 0x00, 0x00, 0xa8,
  0x00, 0xa8, 0x00, 0x78, 0x00, 0x00, 0xa0, 0xaa, 0xe0, 0x79, 0x00, 0x78, 0x00, 0x00, 0x00, 0x00,
  0x00, 0x00, 0x00, 0x78, 0x00, 0x00, 0x00, 0x00, 0x00, 0x00, 0x00, 0x00, 0x00, 0x00, 0x00, 0xf8,
  0x00, 0x00, 0x00, 0x00, 0x00, 0x00, 0x00, 0x00, 0x00, 0xf8, 0x00, 0x00, 0x00, 0x00, 0x00, 0x00,
  0x00, 0x00, 0x00, 0xf8, 0x00, 0x78, 0xc0, 0x58, 0xe0, 0x60, 0xe0, 0x7b, 0x00, 0x00, 0x00, 0x00,
  0x00, 0x00, 0x00, 0x00, 0x00, 0x00, 0x00, 0x00, 0x00, 0x00, 0x00, 0x00, 0x00, 0x00, 0x00, 0x00,
  0x00, 0x00, 0x00, 0x00, 0x00, 0x00, 0x00, 0x00, 0x00, 0x00, 0x00, 0x00, 0x00, 0x00, 0x00, 0x00,
  0x00, 0x00, 0x00, 0x00, 0x00, 0x00, 0x00, 0x00, 0x00, 0x00, 0x00, 0x00, 0x00, 0x00, 0x00, 0x00,
  0x00, 0x00, 0x00, 0x00, 0x00, 0x00, 0x00, 0x00, 0x00, 0x00, 0x00, 0x00, 0x00, 0x00, 0x00, 0x00,
  0x00, 0x00, 0x00, 0x00, 0x00, 0x00, 0x00, 0x00, 0x00, 0x00, 0x00, 0x00, 0x00, 0x00, 0x00, 0x00,
  0x00, 0x00, 0x00, 0x51, 0xc0, 0x58, 0xc0, 0x58, 0x00, 0x00, 0x00, 0x78, 0x00, 0x00, 0x00, 0x00,
  0x00, 0x00, 0x00, 0x00, 0x00, 0x00, 0x00, 0x00, 0x00, 0x00, 0x00, 0x00, 0x00, 0x00, 0x00, 0x00,
  0x00, 0x00, 0x00, 0x00, 0x00, 0xa8, 0xa0, 0x60, 0x80, 0x58, 0x80, 0x58, 0xa0, 0x58, 0x80, 0x58,
  0x00, 0x00, 0x00, 0x50, 0x40, 0x79, 0x20, 0x79, 0x40, 0x69, 0xc0, 0x78, 0x00, 0x78, 0x00, 0x00,
  0x00, 0x78, 0x00, 0x00, 0x00, 0xf8, 0x00, 0x00, 0x00, 0x00, 0x00, 0x00, 0x00, 0x00, 0x00, 0x00,
  0x00, 0xf8, 0x00, 0xa8, 0xa0, 0xaa, 0x00, 0x00, 0x00, 0xf8, 0x00, 0xa8, 0xa0, 0x90, 0x40, 0xa9,
  0xe0, 0xa0, 0xc0, 0x90, 0xe0, 0x98, 0x00, 0xc1, 0xc0, 0xa8, 0x80, 0xa0, 0xc0, 0xf2, 0xc0, 0x88,
  0xa0, 0x99, 0xa0, 0xb9, 0xa0, 0xd1, 0x00, 0xb9, 0xa0, 0x90, 0x60, 0x80, 0xa0, 0x98, 0x40, 0x80,
  0x00, 0xb9, 0x00, 0xea, 0xc0, 0xb0, 0x00, 0xb9, 0x00, 0x68, 0xc0, 0xb0, 0x40, 0xd1, 0xa0, 0xc8,
  0x00, 0xd8, 0xe3, 0xfd, 0xf0, 0xff, 0x34, 0xff, 0x0c, 0xff, 0x2d, 0xff, 0x2f, 0xff, 0xb4, 0xff,
  0xd7, 0xff, 0x30, 0xff, 0xcd, 0xfe, 0x8c, 0xfe, 0x6b, 0xfe, 0x2b, 0xfe, 0xe8, 0xf5, 0x46, 0xfe,
  0xc9, 0xfe, 0xf6, 0xff, 0xfc, 0xff, 0x4c, 0xfe, 0x62, 0xf2, 0xc0, 0xe8, 0x00, 0xd8, 0xc0, 0xe0,
  0xc0, 0xe0, 0x60, 0xe9, 0xc0, 0xe9, 0x60, 0xe9, 0xa0, 0xe0, 0xa0, 0xe8, 0xb9, 0xfe, 0xf8, 0xff,
  0x95, 0xff, 0xb5, 0xff, 0x2e, 0xff, 0x8a, 0xfe, 0xb3, 0xff, 0xb4, 0xff, 0xb7, 0xff, 0xfb, 0xff,
  0xd8, 0xff, 0xda, 0xff, 0xdd, 0xff, 0xb5, 0xff, 0x4d, 0xff, 0x91, 0xff, 0x4b, 0xfe, 0x88, 0xfd,
  0x8b, 0xfe, 0xcc, 0xfe, 0x0e, 0xff, 0xcd, 0xfe, 0x27, 0xfd, 0x4b, 0xfe, 0xeb, 0xfe, 0xf2, 0xf6,
  0x93, 0xff, 0x00, 0xfc, 0x00, 0xe9, 0xc0, 0xe0, 0x40, 0xd1, 0xc0, 0xa8, 0xa0, 0xb0, 0x40, 0xdb,
  0x60, 0xf2, 0xc0, 0xf1, 0x80, 0xf2, 0xc0, 0xb8, 0x40, 0x90, 0xc0, 0xb0, 0xa0, 0x98, 0x20, 0x70,
  0x80, 0x90, 0xa0, 0xa0, 0xa0, 0x90, 0x60, 0x80, 0x80, 0x88, 0xa0, 0x90, 0x80, 0x80, 0x80, 0x88,
  0x60, 0x70, 0xe0, 0x90, 0xe0, 0x98, 0xe0, 0x88, 0x80, 0x99, 0x00, 0x98, 0xe0, 0x80, 0xa0, 0x80,
  0x80, 0x88, 0xc0, 0x80, 0xc0, 0x80, 0x00, 0x00, 0x00, 0x00, 0x00, 0x00, 0x00, 0x00, 0x00, 0xf8,
  0x00, 0x78, 0x00, 0xf8, 0x00, 0xf8, 0x00, 0x00, 0x00, 0x78, 0xe0, 0x79, 0x00, 0xa8, 0x00, 0x00,
  0x00, 0x00, 0x00, 0x50, 0x00, 0x50, 0x00, 0x78, 0x00, 0xf8, 0x00, 0x00, 0x00, 0x00, 0x00, 0x00,
  0x00, 0x00, 0x00, 0x00, 0x00, 0x00, 0x00, 0x00, 0x00, 0x00, 0x00, 0x00, 0x00, 0xf8, 0x00, 0x00,
  0x00, 0x00, 0x00, 0x00, 0x00, 0x00, 0x00, 0x00, 0x00, 0x00, 0x00, 0x00, 0x00, 0x00, 0x80, 0x48,
  0xe0, 0x60, 0xe0, 0x68, 0x00, 0x00, 0x00, 0x78, 0x00, 0x00, 0x00, 0x00, 0x00, 0x00, 0x00, 0x00,
  0x00, 0x00, 0x00, 0x00, 0x00, 0x00, 0x00, 0x00, 0x00, 0x00, 0x00, 0x00, 0x00, 0x00, 0x00, 0x00,
  0x00, 0x00, 0x00, 0x00, 0x00, 0x00, 0x00, 0x00, 0x00, 0x00, 0x00, 0x00, 0x00, 0x00, 0x00, 0x00,
  0x00, 0x00, 0x00, 0x00, 0x00, 0x00, 0x00, 0x00, 0x00, 0x00, 0x00, 0x00, 0x00, 0x00, 0x00, 0x00,
  0x00, 0x00, 0x00, 0x00, 0x00, 0x00, 0x00, 0x00, 0x00, 0x00, 0x00, 0x00, 0x00, 0x00, 0x00, 0x00,
  0x00, 0x00, 0x00, 0x00, 0x00, 0x00, 0x00, 0x00, 0x00, 0x00, 0x00, 0x00, 0x20, 0x49, 0xa0, 0x50,
  0x00, 0x00, 0x00, 0x00, 0x00, 0x00, 0x00, 0x00, 0x00, 0x00, 0x00, 0x00, 0x00, 0x00, 0x00, 0x00,
  0x00, 0x00, 0x00, 0x00, 0x00, 0xf8, 0x00, 0x78, 0x00, 0x00, 0x00, 0x00, 0xa0, 0x58, 0xc0, 0x60,
  0xa0, 0x60, 0xa0, 0x58, 0x00, 0x00, 0x00, 0x00, 0x00, 0x00, 0x00, 0x78, 0x00, 0x78, 0x00, 0x50,
  0x00, 0xf8, 0x80, 0x61, 0x40, 0x79, 0x00, 0x78, 0x00, 0xf8, 0x00, 0x78, 0x00, 0x00, 0x00, 0xf8,
  0x00, 0x00, 0x00, 0x00, 0x00, 0x00, 0x00, 0x00, 0x00, 0x00, 0x00, 0x00, 0x00, 0x00, 0x00, 0xf8,
  0x00, 0x00, 0x00, 0x50, 0x80, 0x99, 0xc0, 0x98, 0xe0, 0xa8, 0xc0, 0x90, 0x20, 0xa1, 0x00, 0xb9,
  0xe0, 0xb0, 0x20, 0x78, 0xc0, 0x98, 0x40, 0xe2, 0x80, 0xa0, 0x40, 0xec, 0x60, 0xf3, 0xa0, 0xea,
  0x40, 0xc1, 0xc0, 0xa0, 0x60, 0xc9, 0xc0, 0xb0, 0x00, 0x68, 0x00, 0xb9, 0x20, 0xc1, 0x80, 0x88,
  0xc0, 0xe1, 0x80, 0x88, 0x20, 0x78, 0xc0, 0xb0, 0xa0, 0xb8, 0x40, 0xc0, 0x80, 0xd8, 0xc3, 0xf5,
  0xed, 0xff, 0x71, 0xff, 0x71, 0xff, 0x71, 0xff, 0x0f, 0xff, 0x31, 0xff, 0x73, 0xff, 0xce, 0xfe,
  0x2c, 0xfe, 0x68, 0xfd, 0x43, 0xfc, 0xc9, 0xfd, 0xb5, 0xff, 0xf9, 0xff, 0x71, 0xfe, 0x66, 0xfb,
  0xa0, 0xe8, 0x40, 0xe0, 0xe0, 0xe0, 0x20, 0xe1, 0xc0, 0xe0, 0x60, 0xea, 0xe0, 0xfa, 0xc0, 0xd8,
  0x80, 0xd0, 0x60, 0xe0, 0x80, 0xe9, 0x78, 0xff, 0xd6, 0xff, 0x94, 0xff, 0x92, 0xff, 0x4f, 0xff,
  0x0c, 0xff, 0xb4, 0xff, 0xb3, 0xff, 0xd7, 0xff, 0xfc, 0xff, 0xfb, 0xff, 0xfc, 0xff, 0xd6, 0xff,
  0x0c, 0xff, 0x6a, 0xfe, 0xe7, 0xfc, 0x44, 0xfc, 0xe6, 0xfc, 0x8c, 0xfe, 0x4e, 0xff, 0x2e, 0xff,
  0x30, 0xff, 0x88, 0xfd, 0xe9, 0xfd, 0xaa, 0xfe, 0x98, 0xff, 0x2c, 0xff, 0xa0, 0xfa, 0x60, 0xe0,
  0x20, 0xd9, 0x40, 0xc1, 0xc0, 0xa8, 0x40, 0xb0, 0x00, 0xe3, 0x20, 0xfb, 0xe0, 0xfa, 0x20, 0xe2,
  0xa0, 0xa0, 0x80, 0x98, 0xe0, 0xb0, 0x80, 0x90, 0x40, 0x70, 0x60, 0x80, 0x60, 0x88, 0x40, 0x80,
  0x80, 0x90, 0x80, 0x98, 0x80, 0x90, 0x60, 0x68, 0x60, 0x78, 0xc0, 0x88, 0x80, 0x80, 0xc0, 0x88,
  0x20, 0xa1, 0xe0, 0x98, 0x20, 0x89, 0x60, 0x90, 0xc0, 0x80, 0xc0, 0x88, 0x00, 0x89, 0xc0, 0x80,
  0x00, 0x98, 0xe0, 0x79, 0x00, 0xf8, 0x00, 0x00, 0x00, 0xf8, 0x00, 0xf8, 0x00, 0x00, 0xa0, 0xaa,
  0x00, 0x50, 0x00, 0x00, 0x00, 0x50, 0x00, 0x78, 0x00, 0x00, 0x00, 0xf8, 0x00, 0x00, 0x00, 0x50,
  0x00, 0x50, 0x00, 0x00, 0x00, 0x00, 0x00, 0x00, 0x00, 0x00, 0x00, 0x00, 0x00, 0x00, 0x00, 0x00,
  0x00, 0x00, 0x00, 0x00, 0x00, 0x00, 0x00, 0x00, 0x00, 0x00, 0x00, 0x00, 0x00, 0x00, 0x00, 0x00,
  0x00, 0x00, 0x00, 0x00, 0x00, 0x00, 0x00, 0x00, 0xc0, 0x48, 0xc0, 0x60, 0xe0, 0x68, 0x00, 0x00,
  0x00, 0x00, 0x00, 0x00, 0x00, 0x00, 0x00, 0x00, 0x00, 0x00, 0x00, 0x00, 0x00, 0x00, 0x00, 0x00,
  0x00, 0x00, 0x00, 0x00, 0x00, 0x00, 0x00, 0x00, 0x00, 0x00, 0x00, 0x00, 0x00, 0x00, 0x00, 0x00,
  0x00, 0x00, 0x00, 0x00, 0x00, 0x00, 0x00, 0x00, 0x00, 0x00, 0x00, 0x00, 0x00, 0x00, 0x00, 0x00,
  0x00, 0x00, 0x00, 0x00, 0x00, 0x00, 0x00, 0x00, 0x00, 0x00, 0x00, 0x00, 0x00, 0x00, 0x00, 0x00,
  0x00, 0x00, 0x00, 0x00, 0x00, 0x00, 0x00, 0x00, 0x00, 0x00, 0x00, 0x00, 0x00, 0x00, 0x00, 0x00,
  0x00, 0x00, 0x00, 0x00, 0x00, 0x00, 0x00, 0x00, 0x00, 0x00, 0x00, 0x00, 0x00, 0x00, 0x00, 0x00,
  0x00, 0x00, 0x00, 0x00, 0x00, 0x00, 0x00, 0x00, 0x00, 0x00, 0x00, 0x00, 0x00, 0x50, 0xe0, 0x79,
  0x40, 0x51, 0x80, 0x60, 0xa0, 0x58, 0xa0, 0x60, 0xa0, 0x60, 0x20, 0x69, 0x00, 0x00, 0x00, 0x00,
  0x00, 0x78, 0x00, 0x00, 0x00, 0x00, 0x00, 0x00, 0x00, 0x00, 0x00, 0x00, 0x00, 0x00, 0x00, 0x00,
  0x00, 0x00, 0x00, 0x78, 0x00, 0x68, 0xe0, 0x78, 0x00, 0x00, 0x00, 0x00, 0x00, 0x00, 0x00, 0x00,
  0x00, 0x78, 0x00, 0x00, 0x00, 0x00, 0xe0, 0xfb, 0x00, 0x78, 0x80, 0x99, 0x20, 0x91, 0xe0, 0xb9,
  0x40, 0xd1, 0x20, 0x99, 0xc0, 0x90, 0x20, 0xb9, 0xc0, 0xa0, 0x60, 0x80, 0xa0, 0x90, 0xc0, 0x98,
  0x00, 0xa9, 0x60, 0x98, 0x00, 0xc9, 0x20, 0x98, 0x00, 0x78, 0x60, 0x88, 0xa0, 0x98, 0xc0, 0xa8,
  0xc0, 0x98, 0x40, 0x78, 0xc0, 0xa8, 0x00, 0xc9, 0x00, 0x68, 0x00, 0xb9, 0x00, 0xc1, 0x00, 0x68,
  0x40, 0x80, 0xc0, 0xc0, 0xa0, 0xb0, 0x20, 0xb8, 0xa0, 0xd0, 0x84, 0xfe, 0xf2, 0xff, 0xb6, 0xff,
  0x72, 0xff, 0xcf, 0xfe, 0xae, 0xfe, 0x6a, 0xfe, 0xe7, 0xfd, 0xe4, 0xf4, 0x86, 0xfd, 0xf0, 0xfe,
  0xfa, 0xff, 0x92, 0xfe, 0xe4, 0xf2, 0x60, 0xf0, 0x00, 0xe8, 0xa0, 0xe0, 0x40, 0xd9, 0x00, 0xe1,
  0x60, 0xe9, 0x00, 0xd9, 0x20, 0xf2, 0xa0, 0xf1, 0x80, 0xd0, 0x00, 0xe1, 0x20, 0xd8, 0x46, 0xf3,
  0xfb, 0xff, 0xb3, 0xff, 0x72, 0xff, 0x71, 0xff, 0x71, 0xff, 0x91, 0xff, 0xd7, 0xff, 0xb6, 0xff,
  0xb6, 0xff, 0xd8, 0xff, 0xfe, 0xff, 0xd9, 0xff, 0xab, 0xfe, 0x08, 0xfe, 0x47, 0xfd, 0x04, 0xfc,
  0x85, 0xfc, 0x48, 0xfd, 0xca, 0xfd, 0x4e, 0xff, 0x92, 0xff, 0x10, 0xff, 0x8c, 0xfe, 0xcd, 0xfe,
  0x0c, 0xff, 0xda, 0xff, 0xec, 0xfe, 0xe0, 0xf9, 0x40, 0xd8, 0xa0, 0xd1, 0x60, 0xc1, 0xa0, 0xa8,
  0x40, 0xc9, 0x40, 0xf5, 0x00, 0xf3, 0x60, 0xd9, 0x00, 0x80, 0x60, 0x80, 0x80, 0x90, 0x20, 0x78,
  0x40, 0x78, 0x60, 0x80, 0x40, 0x88, 0x40, 0x88, 0x80, 0x90, 0x80, 0x90, 0x60, 0x80, 0x60, 0x88,
  0xc0, 0x88, 0xc0, 0x98, 0xa0, 0x80, 0x80, 0x78, 0xc0, 0x88, 0xe0, 0x98, 0xe0, 0x90, 0x20, 0x99,
  0x00, 0x89, 0xe0, 0x80, 0xe0, 0x88, 0xe0, 0x88, 0xc0, 0x88, 0x40, 0x91, 0x00, 0x78, 0x00, 0x78,
  0x00, 0xf8, 0x00, 0x00, 0x00, 0xf8, 0x00, 0xa8, 0xe0, 0x79, 0x00, 0x00, 0xe0, 0x7b, 0x00, 0x00,
  0x00, 0xf8, 0x00, 0xf8, 0x00, 0xf8, 0x00, 0x00, 0x00, 0x00, 0x00, 0x00, 0x00, 0x00, 0x00, 0x00,
  0x00, 0x00, 0x00, 0x00, 0x00, 0x00, 0x00, 0x00, 0x00, 0x00, 0x00, 0x00, 0x00, 0x00, 0x00, 0x00,
  0x00, 0x00, 0x00, 0x00, 0x00, 0x00, 0x00, 0x00, 0x00, 0x78, 0x00, 0xf8, 0x00, 0xf8, 0x00, 0x00,
  0x00, 0x00, 0xe0, 0x58, 0xc0, 0x58, 0x00, 0x50, 0x00, 0x00, 0x00, 0x00, 0x00, 0x00, 0x00, 0x00,
  0x00, 0x00, 0x00, 0x00, 0x00, 0x00, 0x00, 0x00, 0x00, 0x00, 0x00, 0x00, 0x00, 0x00, 0x00, 0x00,
  0x00, 0x00, 0x00, 0x00, 0x00, 0x00, 0x00, 0x00, 0x00, 0x00, 0x00, 0x00, 0x00, 0x00, 0x00, 0x00,
  0x00, 0x00, 0x00, 0x00, 0x00, 0x00, 0x00, 0x00, 0x00, 0x00, 0x00, 0x00, 0x00, 0x00, 0x00, 0x00,
  0x00, 0x00, 0x00, 0x00, 0x00, 0x00, 0x00, 0x00, 0x00, 0x00, 0x00, 0x00, 0x00, 0x00, 0x00, 0x00,
  0x00, 0x00, 0x00, 0x00, 0x00, 0x00, 0x00, 0x00, 0x00, 0x00, 0x00, 0x00, 0x00, 0x00, 0x00, 0x00,
  0x00, 0x00, 0x00, 0x00, 0x00, 0x00, 0x00, 0x00, 0x00, 0x00, 0x00, 0x00, 0x00, 0x00, 0x00, 0x00,
  0x00, 0xf8, 0x00, 0x38, 0x00, 0x00, 0xe0, 0x58, 0xc0, 0x60, 0xa0, 0x58, 0xa0, 0x58, 0xc0, 0x60,
  0xa0, 0x68, 0x00, 0x00, 0x00, 0xf8, 0x00, 0x78, 0x00, 0x00, 0x00, 0x00, 0x00, 0x00, 0x00, 0x78,
  0x00, 0x00, 0x00, 0x00, 0x00, 0x00, 0x00, 0x00, 0x00, 0x78, 0x00, 0x00, 0x00, 0x00, 0xa0, 0x70,
  0x20, 0x81, 0x00, 0x00, 0x00, 0x00, 0x00, 0x00, 0x00, 0x00, 0x00, 0x00, 0x00, 0x00, 0x00, 0xf8,
  0x00, 0x00, 0x00, 0xf8, 0x20, 0x91, 0x40, 0x79, 0xa0, 0xaa, 0xe0, 0x98, 0x80, 0x88, 0x60, 0xb9,
  0xe0, 0xa0, 0x80, 0x88, 0xc0, 0x90, 0xa0, 0x90, 0xa0, 0x88, 0xe0, 0x90, 0x80, 0x80, 0x80, 0xa0,
  0x80, 0x90, 0x60, 0x78, 0xa0, 0x98, 0xa0, 0x98, 0x80, 0x88, 0xc0, 0x98, 0xa0, 0xa0, 0x60, 0x90,
  0x00, 0xb9, 0x40, 0x78, 0x40, 0x78, 0x60, 0xe1, 0x60, 0x80, 0x20, 0x68, 0xa0, 0xa0, 0xe0, 0xb8,
  0xe0, 0xc8, 0x60, 0xd0, 0x60, 0xe1, 0x66, 0xfe, 0x90, 0xff, 0x72, 0xff, 0x52, 0xff, 0xcf, 0xfe,
  0x2b, 0xfe, 0xae, 0xfe, 0x92, 0xff, 0xb8, 0xff, 0xd4, 0xf6, 0xe5, 0xf2, 0x60, 0xf0, 0x00, 0xe0,
  0xa0, 0xe0, 0xa0, 0xd8, 0xc0, 0xd8, 0xe0, 0xd8, 0xa0, 0xf1, 0xa0, 0xe9, 0xa0, 0xc8, 0x40, 0xfa,
  0x80, 0xe1, 0x80, 0xc0, 0x00, 0xd9, 0x20, 0xe0, 0x4c, 0xf4, 0xfa, 0xff, 0x72, 0xff, 0x51, 0xff,
  0x70, 0xff, 0x93, 0xff, 0xd6, 0xff, 0xd9, 0xff, 0xd8, 0xff, 0xd6, 0xff, 0xf9, 0xff, 0x97, 0xff,
  0x69, 0xfe, 0x86, 0xfd, 0xc6, 0xfc, 0xe4, 0xfb, 0x65, 0xfc, 0x65, 0xfc, 0x86, 0xfc, 0x4c, 0xfe,
  0xb1, 0xff, 0x92, 0xff, 0xee, 0xfe, 0xee, 0xfe, 0x50, 0xff, 0x2d, 0xff, 0xf9, 0xff, 0x4a, 0xfe,
  0x20, 0xf1, 0x60, 0xd0, 0xc0, 0xd1, 0x20, 0xa9, 0x40, 0xa0, 0x40, 0xd2, 0x40, 0xfd, 0x00, 0xe9,
  0xe0, 0xc8, 0x60, 0x70, 0x40, 0x68, 0x40, 0x78, 0x20, 0x70, 0x40, 0x78, 0x40, 0x78, 0x40, 0x80,
  0xe0, 0xb0, 0x80, 0x90, 0x80, 0x88, 0x60, 0x70, 0x80, 0x80, 0xa0, 0x88, 0x60, 0x80, 0x60, 0x70,
  0x80, 0x80, 0xe1, 0x90, 0xe0, 0x88, 0xe0, 0x88, 0xa0, 0x90, 0xa0, 0x88, 0xe0, 0x90, 0x20, 0x89,
  0xe0, 0x88, 0x80, 0x99, 0xe0, 0x79, 0x00, 0x78, 0xe0, 0x07, 0x00, 0x78, 0x00, 0xf8, 0x00, 0xf8,
  0x40, 0x79, 0xa0, 0x88, 0xc0, 0x78, 0xa0, 0x78, 0x00, 0x00, 0x00, 0xf8, 0x00, 0xa8, 0x00, 0x78,
  0x00, 0x00, 0x00, 0xf8, 0x00, 0x60, 0x00, 0x78, 0x00, 0x00, 0x00, 0x00, 0x00, 0x00, 0x00, 0x00,
  0x00, 0x00, 0x00, 0x00, 0x00, 0x00, 0x00, 0x00, 0x00, 0x00, 0x00, 0x00, 0x00, 0xf8, 0x00, 0x00,
  0x00, 0x00, 0x00, 0x00, 0x00, 0x00, 0x00, 0x00, 0x00, 0x00, 0x00, 0x00, 0x00, 0x00, 0x00, 0x00,
  0x00, 0x00, 0x00, 0x00, 0x00, 0x00, 0x00, 0x00, 0x00, 0x00, 0x00, 0x00, 0x00, 0x00, 0x00, 0x00,
  0x00, 0x00, 0x00, 0x00, 0x00, 0x00, 0x00, 0x00, 0x00, 0x00, 0x00, 0x00, 0x00, 0x00, 0x00, 0x00,
  0x00, 0x00, 0x00, 0x00, 0x00, 0x00, 0x00, 0x00, 0x00, 0x00, 0x00, 0x00, 0x00, 0x00, 0x00, 0x00,
  0x00, 0x00, 0x00, 0x00, 0x00, 0x00, 0x00, 0x00, 0x00, 0x00, 0x00, 0x00, 0x00, 0x00, 0x00, 0x00,
  0x00, 0x00, 0x00, 0x00, 0x00, 0x00, 0x00, 0x00, 0x00, 0x00, 0x00, 0x00, 0x00, 0x00, 0x00, 0x00,
  0x00, 0x00, 0x00, 0x00, 0x00, 0x00, 0x00, 0x00, 0x00, 0x00, 0x00, 0x00, 0x00, 0x00, 0x00, 0x00,
  0x00, 0x00, 0x00, 0x00, 0x00, 0x00, 0x00, 0x00, 0x00, 0x00, 0x00, 0x00, 0x00, 0x00, 0x80, 0x60,
  0xa0, 0x58, 0xa0, 0x58, 0xc0, 0x58, 0xe0, 0x7b, 0x00, 0x00, 0x00, 0x00, 0x00, 0x00, 0x00, 0x00,
  0x00, 0x00, 0x00, 0x00, 0x00, 0xf8, 0x00, 0xf8, 0x00, 0xf8, 0x00, 0x00, 0x00, 0x00, 0x00, 0x78,
  0x00, 0x00, 0xa0, 0x52, 0x00, 0xf8, 0x00, 0x00, 0x00, 0x00, 0xe0, 0x7b, 0x00, 0xf8, 0x00, 0xf8,
  0x00, 0x00, 0xa0, 0x68, 0xc0, 0x78, 0x20, 0x89, 0x00, 0xf8, 0x00, 0xf8, 0x00, 0xf8, 0x00, 0x78,
  0x00, 0xf8, 0xa0, 0x90, 0x80, 0x88, 0x60, 0xe1, 0xa0, 0x90, 0x60, 0x78, 0xa0, 0x90, 0xe0, 0xa0,
  0x80, 0x88, 0xa0, 0x90, 0xa0, 0x90, 0xa0, 0x88, 0xa0, 0x88, 0x80, 0x88, 0x80, 0x88, 0x80, 0x88,
  0x60, 0x88, 0xa0, 0x90, 0xa0, 0x90, 0xc0, 0xa0, 0x80, 0x98, 0xc0, 0xa0, 0x60, 0x80, 0x00, 0x60,
  0xa0, 0xa0, 0xc0, 0xc0, 0x80, 0x90, 0x00, 0x68, 0xc0, 0xa0, 0xe0, 0xc8, 0x80, 0xa8, 0x20, 0xc0,
  0xc1, 0xfa, 0xea, 0xff, 0xd6, 0xff, 0x97, 0xff, 0x74, 0xff, 0xf5, 0xff, 0xf2, 0xff, 0x6e, 0xfd,
  0x24, 0xf2, 0x60, 0xe8, 0x60, 0xe0, 0xa0, 0xe0, 0xc0, 0xd8, 0xa0, 0xd8, 0xe0, 0xd8, 0x80, 0xe9,
  0xc0, 0xf1, 0x80, 0xe1, 0xa0, 0xb8, 0x20, 0xc8, 0x80, 0xfa, 0x80, 0xd9, 0x80, 0xc8, 0xe0, 0xe0,
  0x40, 0xd8, 0x8d, 0xf5, 0xfc, 0xff, 0x70, 0xff, 0x50, 0xff, 0xb5, 0xff, 0xb4, 0xff, 0xd8, 0xff,
  0xfb, 0xff, 0xd8, 0xff, 0x95, 0xff, 0x32, 0xff, 0xc7, 0xfd, 0x6a, 0xfe, 0xc6, 0xfc, 0x83, 0xfb,
  0x66, 0xfc, 0x66, 0xfc, 0x45, 0xfc, 0x28, 0xfd, 0x30, 0xff, 0x91, 0xff, 0x71, 0xff, 0x50, 0xff,
  0x51, 0xff, 0x72, 0xff, 0x30, 0xff, 0xf8, 0xff, 0x66, 0xfd, 0xe0, 0xf0, 0x80, 0xd0, 0xe0, 0xd9,
  0x20, 0xb1, 0x40, 0xa0, 0xe0, 0xb8, 0x20, 0xeb, 0x80, 0xe1, 0x60, 0x98, 0x60, 0x70, 0x60, 0x70,
  0x80, 0x88, 0x80, 0x88, 0x40, 0x80, 0x40, 0x80, 0xa0, 0xa0, 0x20, 0xd9, 0xc0, 0xc0, 0x20, 0x78,
  0x40, 0x78, 0x60, 0x80, 0x80, 0x80, 0x40, 0x70, 0x60, 0x78, 0xa0, 0x80, 0xa0, 0x88, 0xe0, 0x90,
  0xe0, 0x98, 0xe0, 0x88, 0xa0, 0x88, 0x60, 0x89, 0x40, 0x79, 0xe0, 0x88, 0xa0, 0x88, 0xc0, 0x98,
  0xe0, 0x88, 0xe0, 0x70, 0x00, 0x78, 0x00, 0x98, 0xe0, 0x78, 0x00, 0x00, 0xe0, 0x78, 0xc0, 0x78,
  0xa0, 0x78, 0x00, 0x00, 0x00, 0xf8, 0x20, 0x91, 0xa0, 0x52, 0x00, 0x00, 0x00, 0xf8, 0x00, 0x50,
  0x00, 0x00, 0x00, 0x00, 0x00, 0x00, 0x00, 0xf8, 0x00, 0x00, 0x00, 0x00, 0x00, 0x00, 0x00, 0x00,
  0x00, 0xf8, 0x00, 0x00, 0x00, 0x00, 0x00, 0x00, 0x00, 0x00, 0x00, 0x00, 0x00, 0x00, 0x00, 0x00,
  0x00, 0x00, 0x00, 0x00, 0x00, 0xf8, 0x00, 0x00, 0x00, 0x78, 0x00, 0x00, 0x00, 0x00, 0x00, 0x00,
  0x00, 0x00, 0x00, 0x00, 0x00, 0x00, 0x00, 0x00, 0x00, 0x00, 0x00, 0x00, 0x00, 0x00, 0x00, 0x00,
  0x00, 0x00, 0x00, 0x00, 0x00, 0x00, 0x00, 0x00, 0x00, 0x00, 0x00, 0x00, 0x00, 0x00, 0x00, 0x00,
  0x00, 0x00, 0x00, 0x00, 0x00, 0x00, 0x00, 0x00, 0x00, 0x00, 0x00, 0x00, 0x00, 0x00, 0x00, 0x00,
  0x00, 0x00, 0x00, 0x00, 0x00, 0x00, 0x00, 0x00, 0x00, 0x00, 0x00, 0x00, 0x00, 0x00, 0x00, 0x00,
  0x00, 0x00, 0x00, 0x00, 0x00, 0x00, 0x00, 0x00, 0x00, 0x00, 0x00, 0x00, 0x00, 0x00, 0x00, 0x00,
  0x00, 0x00, 0x00, 0x00, 0x00, 0x00, 0x00, 0x00, 0x00, 0x00, 0x00, 0x00, 0x00, 0x00, 0x00, 0x00,
  0x00, 0x00, 0x00, 0x00, 0x80, 0x50, 0x80, 0x50, 0x80, 0x50, 0x80, 0x58, 0xa0, 0x50, 0x00, 0x00,
  0x00, 0x00, 0x00, 0x00, 0x00, 0x00, 0x00, 0x00, 0x00, 0x00, 0x00, 0x00, 0x00, 0x00, 0x00, 0x00,
  0x00, 0x00, 0x00, 0x00, 0x00, 0x00, 0x00, 0x78, 0x00, 0x00, 0x00, 0xf8, 0x00, 0x00, 0x00, 0x00,
  0x00, 0x00, 0x00, 0x00, 0x00, 0x00, 0x00, 0x00, 0x00, 0x00, 0x00, 0x00, 0xe0, 0x78, 0xe0, 0x78,
  0xc0, 0x78, 0x00, 0x00, 0x00, 0x00, 0x00, 0x00, 0x00, 0x00, 0x00, 0x00, 0xa0, 0x90, 0x00, 0xa9,
  0x60, 0x80, 0x40, 0x78, 0x60, 0x80, 0x80, 0x80, 0x80, 0x80, 0x80, 0x88, 0x80, 0x90, 0x60, 0x80,
  0x60, 0x78, 0xc0, 0x98, 0xa0, 0x98, 0x80, 0x88, 0x80, 0x80, 0x60, 0x78, 0x80, 0x88, 0x60, 0x88,
  0xc0, 0xb0, 0xe0, 0xb0, 0xc0, 0xa8, 0x20, 0x78, 0x20, 0x68, 0x00, 0x60, 0x60, 0xa8, 0xc0, 0xa8,
  0x80, 0x98, 0x40, 0x88, 0xe0, 0xb0, 0x60, 0x90, 0xc0, 0xb0, 0xa0, 0xe0, 0xa2, 0xf3, 0x52, 0xff,
  0xb9, 0xff, 0x37, 0xff, 0x44, 0xf4, 0x60, 0xe9, 0x40, 0xe8, 0x60, 0xe8, 0xc0, 0xe8, 0xe0, 0xd0,
  0x00, 0xd1, 0xe0, 0xd8, 0x80, 0xe9, 0xe0, 0xf1, 0x80, 0xe1, 0xa0, 0xb0, 0x00, 0x90, 0x20, 0xa0,
  0x80, 0xd8, 0x00, 0xfa, 0xc0, 0xd0, 0xe0, 0xd8, 0x80, 0xd8, 0x60, 0xe0, 0x14, 0xff, 0xfd, 0xff,
  0x70, 0xff, 0xb4, 0xff, 0xf4, 0xff, 0xb2, 0xff, 0xfd, 0xff, 0xb7, 0xff, 0xed, 0xfe, 0xed, 0xfe,
  0xc8, 0xfd, 0xe9, 0xfd, 0xc9, 0xfd, 0x45, 0xfc, 0x86, 0xfc, 0xe7, 0xfc, 0x83, 0xfb, 0x25, 0xfc,
  0x67, 0xfd, 0x50, 0xff, 0xd3, 0xff, 0xb2, 0xff, 0xb2, 0xff, 0x93, 0xff, 0xb1, 0xff, 0xb3, 0xff,
  0xf6, 0xff, 0x64, 0xfc, 0x00, 0xf1, 0xa0, 0xc8, 0xa0, 0xd1, 0x20, 0xb9, 0x80, 0xa8, 0xc0, 0xc8,
  0xe0, 0xea, 0xe0, 0xd9, 0x40, 0x98, 0xc0, 0xa0, 0x60, 0x80, 0x40, 0x80, 0x20, 0x78, 0x40, 0x80,
  0x20, 0x78, 0xa0, 0xa0, 0xc2, 0xfd, 0xc3, 0xfd, 0x60, 0xa8, 0x20, 0x80, 0x40, 0x88, 0xa0, 0x90,
  0x40, 0x80, 0x40, 0x78, 0xe0, 0x90, 0xc0, 0x88, 0xe0, 0x90, 0xe0, 0x90, 0xa0, 0x88, 0xc0, 0x90,
  0x00, 0x89, 0xe0, 0x78, 0xe0, 0x88, 0xc0, 0x80, 0xe0, 0x88, 0xc0, 0x80, 0xe0, 0x78, 0x20, 0x69,
  0xe0, 0x70, 0xc0, 0x78, 0xe0, 0x80, 0x20, 0x79, 0x00, 0x78, 0x60, 0x80, 0x00, 0x00, 0x00, 0x00,
  0x00, 0x00, 0x00, 0x00, 0x00, 0x00, 0x00, 0x00, 0x00, 0x00, 0x00, 0x00, 0x00, 0x00, 0x00, 0x00,
  0x00, 0x00, 0x00, 0x00, 0x00, 0x00, 0x00, 0x00, 0x00, 0x00, 0x00, 0x00, 0x00, 0x00, 0x00, 0x00,
  0x00, 0x00, 0x00, 0x00, 0x00, 0x00, 0x00, 0x00, 0x00, 0x00, 0x00, 0x00, 0x00, 0x00, 0x00, 0x00,
  0x00, 0x00, 0x00, 0x00, 0x00, 0x00, 0x00, 0x00, 0x00, 0x00, 0x00, 0x00, 0x00, 0x00, 0x00, 0x00,
  0x00, 0x00, 0x00, 0x00, 0x00, 0x00, 0x00, 0x00, 0x00, 0x00, 0x00, 0x00, 0x00, 0x00, 0x00, 0x00,
  0x00, 0x00, 0x00, 0x00, 0x00, 0x00, 0x00, 0x00, 0x00, 0x00, 0x00, 0x00, 0x00, 0x00, 0x00, 0x00,
  0x00, 0x00, 0x00, 0x00, 0x00, 0x00, 0x00, 0x00, 0x00, 0x00, 0x00, 0x00, 0x00, 0x00, 0x00, 0x00,
  0x00, 0x00, 0x00, 0x00, 0x00, 0x00, 0x00, 0x00, 0x00, 0x00, 0x00, 0x00, 0x00, 0x00, 0x00, 0x00,
  0x00, 0x00, 0x00, 0x00, 0x00, 0x00, 0x00, 0x00, 0x00, 0x00, 0x00, 0x00, 0x00, 0x00, 0x00, 0x00,
  0x00, 0x00, 0x00, 0x00, 0x00, 0x00, 0x00, 0x00, 0x00, 0x00, 0xc0, 0x50, 0x80, 0x58, 0x60, 0x50,
  0x60, 0x48, 0xe0, 0x58, 0x00, 0x00, 0x00, 0x00, 0x00, 0x00, 0x00, 0x00, 0x00, 0x00, 0x00, 0x00,
  0x00, 0x00, 0x00, 0x00, 0x00, 0x00, 0x00, 0x00, 0x00, 0x00, 0x00, 0x00, 0x00, 0x00, 0x00, 0x00,
  0xa0, 0x68, 0xa0, 0x68, 0x00, 0xa8, 0x00, 0x00, 0x00, 0x00, 0x00, 0x00, 0x00, 0x00, 0x00, 0x00,
  0x00, 0x00, 0x00, 0x00, 0x00, 0x00, 0x00, 0x00, 0x00, 0x00, 0x00, 0x00, 0x00, 0xf8, 0x00, 0x00,
  0x00, 0x00, 0x00, 0x00, 0x00, 0xf8, 0x00, 0x89, 0xa0, 0x88, 0x80, 0x78, 0x80, 0x80, 0xa0, 0x88,
  0xe0, 0x88, 0x80, 0x80, 0x80, 0x80, 0x60, 0x88, 0x80, 0x88, 0x80, 0x88, 0xa0, 0x90, 0xa0, 0x90,
  0x80, 0x88, 0x80, 0x88, 0x60, 0x80, 0x80, 0x88, 0x60, 0x88, 0xc0, 0xa0, 0x60, 0x88, 0xa0, 0x98,
  0x00, 0x68, 0x20, 0x70, 0x20, 0x78, 0xe0, 0xb8, 0x40, 0xc9, 0xe0, 0xc0, 0x40, 0x80, 0x80, 0x90,
  0x80, 0xa0, 0x60, 0x90, 0x60, 0xc8, 0x00, 0xe0, 0x00, 0xe9, 0x00, 0xf2, 0x80, 0xe0, 0x60, 0xd8,
  0x60, 0xd8, 0x20, 0xe1, 0xa0, 0xd0, 0x40, 0xb0, 0xa0, 0xc0, 0x00, 0xd9, 0xc0, 0xf1, 0xa0, 0xe1,
  0xc0, 0xa8, 0x00, 0x88, 0x40, 0xa0, 0x00, 0xc9, 0xc0, 0xe0, 0x20, 0xe1, 0x20, 0xfb, 0x80, 0xd0,
  0xc0, 0xd0, 0x20, 0xd0, 0xe1, 0xf0, 0xdb, 0xff, 0xd3, 0xff, 0xd2, 0xff, 0xd6, 0xff, 0xd7, 0xff,
  0xfd, 0xff, 0x96, 0xff, 0x25, 0xfe, 0xec, 0xfe, 0x4b, 0xfe, 0xa6, 0xfc, 0x68, 0xfd, 0xa5, 0xfc,
  0xa6, 0xfc, 0xe7, 0xfc, 0x04, 0xfc, 0x45, 0xfc, 0x46, 0xfc, 0xc6, 0xfc, 0xd6, 0xff, 0xb5, 0xff,
  0xd5, 0xff, 0xd6, 0xff, 0xd6, 0xff, 0xb4, 0xff, 0xd6, 0xff, 0xf1, 0xff, 0x81, 0xfb, 0xc0, 0xe8,
  0x40, 0xb0, 0x40, 0xc9, 0xe0, 0xb8, 0x00, 0xb9, 0x20, 0xc9, 0xe0, 0xd9, 0x80, 0xc9, 0x60, 0x90,
  0x60, 0x88, 0x20, 0x70, 0x40, 0x80, 0x40, 0x80, 0x40, 0x78, 0x60, 0x80, 0x80, 0x80, 0x61, 0xf4,
  0x82, 0xf4, 0x00, 0xc9, 0x80, 0x98, 0x40, 0x80, 0x80, 0x90, 0x60, 0x88, 0x80, 0x80, 0xc0, 0x90,
  0xa0, 0x88, 0xe0, 0x98, 0xe0, 0x98, 0x80, 0x80, 0xa0, 0x78, 0xa0, 0x80, 0x80, 0x78, 0xe0, 0x88,
  0xc0, 0x80, 0x00, 0x89, 0xe0, 0x70, 0xe0, 0x78, 0xe0, 0x78, 0xc0, 0x78, 0x40, 0x79, 0x80, 0x88,
  0xe0, 0x78, 0xe0, 0x98, 0x00, 0x78, 0x00, 0x00, 0x00, 0x00, 0x00, 0x00, 0x00, 0x00, 0x00, 0x00,
  0x00, 0x00, 0x00, 0x00, 0x00, 0x00, 0x00, 0x00, 0x00, 0xf8, 0x00, 0xf8, 0x00, 0x00, 0x00, 0x00,
  0x00, 0x00, 0xe0, 0x7b, 0x00, 0x00, 0x00, 0x00, 0x00, 0x00, 0x00, 0x00, 0x00, 0x00, 0x00, 0x00,
  0x00, 0x00, 0x00, 0x00, 0x00, 0x00, 0x00, 0x00, 0x00, 0xf8, 0x00, 0x00, 0x00, 0x00, 0x00, 0x00,
  0x00, 0x00, 0x00, 0x00, 0x00, 0x00, 0x00, 0x00, 0x00, 0x00, 0x00, 0x00, 0x00, 0x00, 0x00, 0x00,
  0x00, 0x00, 0x00, 0x00, 0x00, 0x00, 0x00, 0x00, 0x00, 0x00, 0x00, 0x00, 0x00, 0x00, 0x00, 0x00,
  0x00, 0x00, 0x00, 0x00, 0x00, 0x00, 0x00, 0x00, 0x00, 0x00, 0x00, 0x00, 0x00, 0x00, 0x00, 0x00,
  0x00, 0x00, 0x00, 0x00, 0x00, 0x00, 0x00, 0x00, 0x00, 0x00, 0x00, 0x00, 0x00, 0x00, 0x00, 0x00,
  0x00, 0x00, 0x00, 0x00, 0x00, 0x00, 0x00, 0x00, 0x00, 0x00, 0x00, 0x00, 0x00, 0x00, 0x00, 0x00,
  0x00, 0x00, 0x00, 0x00, 0x00, 0x00, 0x00, 0x00, 0x00, 0x00, 0x00, 0x00, 0x00, 0x00, 0x00, 0x78,
  0x60, 0x50, 0x80, 0x50, 0x80, 0x50, 0xa0, 0x50, 0x00, 0x78, 0x00, 0x00, 0x00, 0x00, 0x00, 0x00,
  0x00, 0x00, 0x00, 0x00, 0x00, 0x00, 0x00, 0x00, 0x00, 0x00, 0x00, 0x00, 0x00, 0x00, 0x00, 0x00,
  0x00, 0x00, 0x00, 0x00, 0x00, 0x00, 0x00, 0xf8, 0xe0, 0x58, 0xc0, 0x68, 0xc0, 0x68, 0x00, 0xf8,
  0x00, 0xf8, 0x00, 0x00, 0x00, 0x00, 0x00, 0x00, 0x00, 0x00, 0x00, 0x00, 0x00, 0x00, 0x00, 0x00,
  0x00, 0x00, 0x00, 0x78, 0x00, 0x00, 0x00, 0x00, 0x00, 0x00, 0x00, 0x00, 0x00, 0xa8, 0x00, 0x78,
  0xa0, 0x88, 0x80, 0x78, 0xa0, 0x80, 0xc0, 0x88, 0x80, 0x78, 0xa0, 0x80, 0xa0, 0x90, 0x80, 0x88,
  0xa0, 0x88, 0xc0, 0xa0, 0xc0, 0x90, 0xc0, 0x90, 0xc0, 0x98, 0xa0, 0x90, 0xc0, 0x98, 0x80, 0x80,
  0x80, 0x88, 0x60, 0x80, 0x60, 0x88, 0x60, 0x88, 0x60, 0x80, 0x20, 0x70, 0x60, 0x80, 0xa0, 0xa8,
  0x80, 0x98, 0x60, 0x68, 0x80, 0x98, 0x40, 0x88, 0x40, 0x80, 0xa0, 0xa0, 0x40, 0x88, 0xa0, 0xc8,
  0x80, 0xc0, 0x00, 0xc0, 0x00, 0xd0, 0xa0, 0xd8, 0x00, 0xd9, 0xa0, 0xc8, 0x60, 0xa8, 0x60, 0x98,
  0x40, 0xa0, 0x00, 0xd1, 0xe0, 0xf1, 0x40, 0xd1, 0x20, 0x90, 0x00, 0x70, 0xc0, 0xb8, 0xe0, 0xf9,
  0xa0, 0xf1, 0x80, 0xd8, 0xc0, 0xe9, 0x00, 0xf3, 0x80, 0xd0, 0xc0, 0xd0, 0x00, 0xe0, 0x62, 0xfa,
  0xfe, 0xff, 0x8d, 0xff, 0xb1, 0xff, 0xda, 0xff, 0xfd, 0xff, 0xb7, 0xff, 0x0c, 0xff, 0xed, 0xfe,
  0x2f, 0xff, 0x0b, 0xfe, 0xc4, 0xfb, 0xc6, 0xfc, 0x07, 0xfd, 0xa6, 0xfc, 0x65, 0xfc, 0x65, 0xfc,
  0x86, 0xfc, 0x65, 0xfc, 0x4c, 0xfe, 0xf5, 0xff, 0x93, 0xff, 0xf5, 0xff, 0xf8, 0xff, 0xfe, 0xff,
  0xb7, 0xff, 0xf9, 0xff, 0x0f, 0xff, 0x40, 0xfa, 0xc0, 0xd8, 0x40, 0xa8, 0x60, 0xd1, 0xe0, 0xb0,
  0x20, 0xc1, 0x20, 0xc9, 0x00, 0xb9, 0xa0, 0x98, 0x80, 0x90, 0x60, 0x88, 0x20, 0x68, 0x20, 0x68,
  0x40, 0x78, 0x40, 0x88, 0x60, 0x88, 0x60, 0x88, 0x60, 0xc0, 0xe0, 0xe8, 0x60, 0xe1, 0x80, 0x90,
  0x20, 0x70, 0x20, 0x78, 0x60, 0x78, 0x80, 0x80, 0xa0, 0x88, 0xa0, 0x88, 0xe0, 0x98, 0xc0, 0x88,
  0xa0, 0x80, 0x80, 0x78, 0xa0, 0x80, 0xc0, 0x80, 0xa0, 0x88, 0xa0, 0x80, 0x20, 0x89, 0xe0, 0x88,
  0xe0, 0x88, 0x00, 0x89, 0x20, 0x91, 0x40, 0xa9, 0xa0, 0x88, 0x00, 0x00, 0x00, 0xf8, 0x00, 0xa8,
  0x00, 0x00, 0x00, 0x00, 0x00, 0x00, 0x00, 0x00, 0x00, 0x00, 0x00, 0x00, 0x00, 0x00, 0x00, 0x00,
  0x00, 0x00, 0x00, 0x00, 0x00, 0x00, 0x00, 0xf8, 0x00, 0x00, 0x00, 0x00, 0x00, 0x00, 0x00, 0x00,
  0x00, 0x00, 0x00, 0x00, 0x00, 0x00, 0x00, 0x00, 0x00, 0x00, 0x00, 0x00, 0x00, 0x00, 0x00, 0xf8,
  0x00, 0x00, 0x00, 0x00, 0x00, 0x00, 0x00, 0x00, 0x00, 0x00, 0x00, 0x00, 0x00, 0x00, 0x00, 0x00,
  0x00, 0x00, 0x00, 0x00, 0x00, 0x00, 0x00, 0x00, 0x00, 0x00, 0x00, 0x00, 0x00, 0x00, 0x00, 0x00,
  0x00, 0x00, 0x00, 0x00, 0x00, 0x00, 0x00, 0x00, 0x00, 0x00, 0x00, 0x00, 0x00, 0x00, 0x00, 0x00,
  0x00, 0x00, 0x00, 0x00, 0x00, 0x00, 0x00, 0x00, 0x00, 0x00, 0x00, 0x00, 0x00, 0x00, 0x00, 0x00,
  0x00, 0x00, 0x00, 0x00, 0x00, 0x00, 0x00, 0x00, 0x00, 0x00, 0x00, 0x00, 0x00, 0x00, 0x00, 0x00,
  0x00, 0x00, 0x00, 0x00, 0x00, 0x00, 0x00, 0x00, 0x00, 0x00, 0x00, 0x00, 0x00, 0x00, 0x00, 0x00,
  0x00, 0x00, 0x00, 0x00, 0x20, 0x69, 0xa0, 0x50, 0x80, 0x48, 0x80, 0x50, 0xc0, 0x60, 0x00, 0x00,
  0x00, 0x00, 0x00, 0x00, 0x00, 0x00, 0x00, 0x00, 0x00, 0x00, 0x00, 0x00, 0x00, 0x00, 0x00, 0x00,
  0x00, 0x00, 0x00, 0x00, 0x00, 0x00, 0x00, 0x00, 0x00, 0x00, 0x00, 0x00, 0x00, 0x00, 0x00, 0x00,
  0x00, 0x00, 0xe0, 0x68, 0x00, 0x00, 0x00, 0x00, 0xa0, 0xaa, 0x00, 0xf8, 0x00, 0x00, 0x00, 0x00,
  0x00, 0x00, 0x00, 0x00, 0x00, 0x00, 0x00, 0x00, 0x00, 0x00, 0x00, 0x00, 0x00, 0x00, 0x00, 0x00,
  0x00, 0x00, 0x00, 0x00, 0x00, 0x00, 0x00, 0xf8, 0x00, 0x00, 0xa0, 0x80, 0x80, 0x78, 0xa0, 0x88,
  0xc0, 0x80, 0x00, 0xa9, 0xe0, 0xa0, 0xa0, 0x90, 0x80, 0x88, 0x80, 0x80, 0xa0, 0x88, 0xa0, 0x88,
  0xe0, 0xa0, 0xc0, 0x98, 0xc0, 0x98, 0xc0, 0x98, 0x80, 0x88, 0x40, 0x70, 0x80, 0x88, 0x60, 0x88,
  0x80, 0x88, 0x40, 0x78, 0x20, 0x80, 0x40, 0x88, 0x60, 0x90, 0x00, 0xb9, 0x20, 0x58, 0x00, 0xb9,
  0x00, 0xb1, 0x00, 0x60, 0x60, 0x88, 0x00, 0xb1, 0xe0, 0xd0, 0xa0, 0xc8, 0xa0, 0xc0, 0xc0, 0xc8,
  0x40, 0xc0, 0x60, 0xa8, 0x60, 0x98, 0x60, 0xa0, 0x80, 0xb0, 0xa0, 0xc8, 0x40, 0xe1, 0xa0, 0xb0,
  0x20, 0x88, 0x40, 0x90, 0x80, 0xb0, 0x20, 0xe1, 0x80, 0xe9, 0xe0, 0xd0, 0x20, 0xb8, 0x60, 0xf2,
  0x60, 0xea, 0xa0, 0xd8, 0x00, 0xd9, 0x00, 0xe8, 0x65, 0xfc, 0xfd, 0xff, 0x6e, 0xff, 0x92, 0xff,
  0xfc, 0xff, 0x71, 0xff, 0x2c, 0xff, 0x90, 0xff, 0x2f, 0xff, 0x90, 0xff, 0xea, 0xfd, 0xc6, 0xfc,
  0x07, 0xfd, 0xe6, 0xfc, 0xc6, 0xfc, 0xa6, 0xfc, 0x65, 0xfc, 0xe4, 0xfb, 0x65, 0xfc, 0xce, 0xfe,
  0xd4, 0xff, 0x50, 0xff, 0xd4, 0xff, 0xfa, 0xff, 0xfb, 0xff, 0xb4, 0xff, 0xf8, 0xff, 0xea, 0xfd,
  0x20, 0xf9, 0x00, 0xc9, 0xa0, 0xb0, 0xc0, 0xd9, 0x80, 0xa0, 0xe0, 0xb8, 0x20, 0xc9, 0x20, 0xb9,
  0x80, 0x90, 0x80, 0x88, 0x20, 0x78, 0x00, 0x60, 0x20, 0x70, 0x40, 0x78, 0x80, 0x90, 0x40, 0x88,
  0x60, 0x80, 0x00, 0xc1, 0xc0, 0xb0, 0xa0, 0x90, 0x40, 0x80, 0x20, 0x70, 0x60, 0x78, 0x60, 0x78,
  0x80, 0x88, 0xa0, 0x90, 0xe0, 0x90, 0xc0, 0x90, 0xc0, 0x88, 0xc0, 0x88, 0xa0, 0x80, 0xa0, 0x80,
  0xc0, 0x88, 0x00, 0x89, 0xe0, 0x7b, 0xe0, 0x79, 0x00, 0x60, 0xe0, 0x88, 0x00, 0x78, 0x00, 0xf8,
  0x60, 0x89, 0xe0, 0x80, 0xe0, 0x79, 0x00, 0x00, 0x00, 0xf8, 0x00, 0x00, 0x00, 0x00, 0x00, 0x00,
  0x00, 0x00, 0x00, 0x00, 0x00, 0x00, 0x00, 0x00, 0x00, 0x00, 0x00, 0x00, 0x00, 0x00, 0x80, 0x61,
  0x00, 0x00, 0x00, 0x00, 0x00, 0x00, 0x00, 0x00, 0x00, 0x00, 0x00, 0x00, 0x00, 0x00, 0x00, 0x00,
  0x00, 0x00, 0x00, 0x00, 0x00, 0x00, 0x00, 0x00, 0x00, 0x00, 0x00, 0x00, 0x00, 0x00, 0x00, 0x00,
  0x00, 0x00, 0x00, 0x00, 0x00, 0x00, 0x00, 0x00, 0x00, 0x00, 0x00, 0x00, 0x00, 0x00, 0x00, 0x00,
  0x00, 0x00, 0x00, 0x00, 0x00, 0x00, 0x00, 0x00, 0x00, 0x00, 0x00, 0x00, 0x00, 0x00, 0x00, 0x00,
  0x00, 0x00, 0x00, 0x00, 0x00, 0x00, 0x00, 0x00, 0x00, 0x00, 0x00, 0x00, 0x00, 0x00, 0x00, 0x00,
  0x00, 0x00, 0x00, 0x00, 0x00, 0x00, 0x00, 0x00, 0x00, 0x00, 0x00, 0x00, 0x00, 0x00, 0x00, 0x00,
  0x00, 0x00, 0x00, 0x00, 0x00, 0x00, 0x00, 0x00, 0x00, 0x00, 0x00, 0x00, 0x00, 0x00, 0x00, 0x00,
  0x00, 0x00, 0x00, 0x00, 0x00, 0x00, 0x00, 0x00, 0x00, 0x00, 0x00, 0x00, 0x00, 0x00, 0xa0, 0x50,
  0x80, 0x48, 0x00, 0x68, 0x00, 0x00, 0x00, 0x00, 0x00, 0x00, 0x00, 0x00, 0x00, 0x00, 0x00, 0x00,
  0x00, 0x00, 0x00, 0x00, 0x00, 0x00, 0x00, 0x00, 0x00, 0x00, 0x00, 0x00, 0x00, 0x00, 0x00, 0x00,
  0x00, 0x78, 0x00, 0x00, 0x00, 0x00, 0x00, 0x00, 0x00, 0x00, 0x00, 0x00, 0x00, 0x00, 0x00, 0x00,
  0x00, 0x78, 0x00, 0x00, 0x00, 0x00, 0x00, 0x00, 0x00, 0x00, 0x00, 0x00, 0x00, 0x00, 0x00, 0x00,
  0x00, 0x00, 0x00, 0x00, 0x00, 0x00, 0x00, 0x00, 0x00, 0x00, 0x00, 0x00, 0x00, 0x00, 0x00, 0x00,
  0xe0, 0x78, 0xe0, 0x88, 0x80, 0x78, 0xa0, 0x88, 0xc0, 0x88, 0x80, 0x78, 0xc0, 0xd1, 0xc0, 0xc9,
  0x20, 0xa1, 0xe0, 0x90, 0xa0, 0x88, 0xa0, 0x88, 0xc0, 0x90, 0x60, 0x88, 0xe0, 0x98, 0xc0, 0x98,
  0xc0, 0x90, 0xa0, 0x90, 0x60, 0x78, 0x40, 0x70, 0xa0, 0xa0, 0xa0, 0xa0, 0x80, 0x88, 0x80, 0x98,
  0xa0, 0x98, 0x60, 0x80, 0xc0, 0xa8, 0xc0, 0xa8, 0x40, 0x80, 0x00, 0xb1, 0x60, 0x88, 0x20, 0x78,
  0x60, 0xd1, 0x80, 0xa0, 0x80, 0xa8, 0xe0, 0xc8, 0xc0, 0xc8, 0x40, 0x90, 0x40, 0x98, 0x60, 0xa8,
  0x00, 0xc1, 0xe0, 0xd8, 0xc0, 0xd0, 0x80, 0xa8, 0x00, 0x78, 0x60, 0x90, 0xc0, 0xb8, 0xc0, 0xc0,
  0xc0, 0xc8, 0xa0, 0xc0, 0x60, 0xb8, 0x40, 0xb8, 0xe0, 0xfa, 0xe0, 0xe9, 0xc0, 0xd8, 0xe0, 0xd0,
  0x00, 0xe0, 0x4e, 0xfd, 0xf9, 0xff, 0x6f, 0xff, 0xf8, 0xff, 0x94, 0xff, 0xa9, 0xfe, 0x2e, 0xff,
  0x2f, 0xff, 0x0e, 0xff, 0x72, 0xff, 0x88, 0xfd, 0x28, 0xfd, 0x28, 0xfd, 0x27, 0xfd, 0x48, 0xfd,
  0x27, 0xfd, 0xa6, 0xfc, 0xe3, 0xfb, 0x26, 0xfd, 0x0f, 0xff, 0x92, 0xff, 0x70, 0xff, 0xd8, 0xff,
  0xfa, 0xff, 0xd9, 0xff, 0x93, 0xff, 0xf7, 0xff, 0x24, 0xfd, 0x40, 0xf1, 0x00, 0xc1, 0xa0, 0xb8,
  0x60, 0xd1, 0x40, 0x98, 0x00, 0xb9, 0x60, 0xd1, 0xc0, 0xa8, 0xa0, 0x90, 0xa0, 0x90, 0x40, 0x70,
  0x20, 0x60, 0x40, 0x70, 0x40, 0x78, 0x60, 0x88, 0x40, 0x78, 0x40, 0x78, 0xc0, 0x98, 0x80, 0x80,
  0x00, 0x58, 0x60, 0x80, 0x40, 0x78, 0x60, 0x78, 0x80, 0x80, 0xa0, 0x88, 0xa0, 0x88, 0x80, 0x80,
  0x80, 0x78, 0xa0, 0x80, 0xc0, 0x88, 0xa0, 0x80, 0xa0, 0x80, 0x60, 0xa1, 0xe0, 0x98, 0x00, 0x78,
  0x00, 0x78, 0x00, 0xf8, 0x80, 0x61, 0xe0, 0x79, 0x00, 0x78, 0x00, 0x78, 0x00, 0xa8, 0x00, 0x78,
  0x00, 0x78, 0x00, 0x78, 0x00, 0x00, 0x00, 0x00, 0x00, 0x00, 0x00, 0x00, 0x00, 0x00, 0x00, 0x00,
  0x00, 0x00, 0x00, 0x00, 0x00, 0x00, 0x00, 0x00, 0x00, 0x50, 0x00, 0x00, 0x00, 0x00, 0x00, 0x00,
  0x00, 0x00, 0x00, 0x00, 0x00, 0x00, 0x00, 0x00, 0x00, 0x00, 0x00, 0x00, 0x00, 0x00, 0x00, 0x00,
  0x00, 0x00, 0x00, 0x00, 0x00, 0x00, 0x00, 0x00, 0x00, 0x00, 0x00, 0x00, 0x00, 0x00, 0x00, 0x00,
  0x00, 0x00, 0x00, 0x00, 0x00, 0x00, 0x00, 0x00, 0x00, 0x00, 0x00, 0x00, 0x00, 0x00, 0x00, 0x00,
  0x00, 0x00, 0x00, 0x00, 0x00, 0x00, 0x00, 0x00, 0x00, 0x00, 0x00, 0x00, 0x00, 0x00, 0x00, 0x00,
  0x00, 0x00, 0x00, 0x00, 0x00, 0x00, 0x00, 0x00, 0x00, 0x00, 0x00, 0x00, 0x00, 0x00, 0x00, 0x00,
  0x00, 0x00, 0x00, 0x00, 0x00, 0x00, 0x00, 0x00, 0x00, 0x00, 0x00, 0x00, 0x00, 0x00, 0x00, 0x00,
  0x00, 0x00, 0x00, 0x00, 0x00, 0x00, 0x00, 0x00, 0x00, 0x00, 0x00, 0x00, 0x00, 0x00, 0x00, 0x00,
  0x00, 0x00, 0x00, 0x00, 0x00, 0x00, 0x00, 0x00, 0x00, 0x00, 0x00, 0x00, 0x00, 0x00, 0x00, 0x00,
  0x00, 0x00, 0x00, 0x00, 0x00, 0x00, 0x00, 0x00, 0x00, 0x00, 0x00, 0x00, 0x00, 0x00, 0x00, 0x00,
  0x00, 0x00, 0x00, 0x00, 0x00, 0x00, 0x00, 0x00, 0x00, 0x00, 0xe0, 0x58, 0x00, 0x00, 0x00, 0x00,
  0x00, 0x00, 0x00, 0x78, 0x00, 0x00, 0x00, 0x00, 0x00, 0x00, 0x00, 0x00, 0x00, 0x00, 0x00, 0x00,
  0x00, 0x00, 0x00, 0x00, 0x00, 0x00, 0x00, 0x00, 0x00, 0x00, 0x00, 0x00, 0x00, 0x00, 0x00, 0x00,
  0x00, 0x00, 0x00, 0xf8, 0x00, 0x78, 0x00, 0x00, 0x00, 0x78, 0xc0, 0x88, 0xc0, 0x80, 0xa0, 0x78,
  0x60, 0x70, 0x60, 0x70, 0x80, 0x80, 0x80, 0xa9, 0x80, 0xe2, 0x40, 0xe2, 0xa0, 0x88, 0xa0, 0x88,
  0xa0, 0x88, 0xc0, 0x90, 0xc0, 0x88, 0xc0, 0x88, 0xc0, 0x90, 0xc0, 0x90, 0xc0, 0x98, 0xa0, 0x98,
  0x20, 0x60, 0x00, 0xb9, 0xe0, 0xb0, 0x60, 0x70, 0xe0, 0xa0, 0xa0, 0x90, 0x60, 0x80, 0x80, 0x90,
  0x20, 0xc9, 0x20, 0x68, 0x20, 0x68, 0x80, 0x90, 0x20, 0x68, 0x60, 0x88, 0x60, 0x90, 0x80, 0xd9,
  0xe0, 0xe9, 0x00, 0x80, 0x20, 0x78, 0xa0, 0xe1, 0x20, 0xfa, 0x00, 0xea, 0xe0, 0xb8, 0x80, 0xa8,
  0xa0, 0x98, 0x80, 0x90, 0xa0, 0xa8, 0xa0, 0xb0, 0xa0, 0xb8, 0xc0, 0xb8, 0xa0, 0xc0, 0xc0, 0xd0,
  0x00, 0xd9, 0x20, 0xfb, 0x80, 0xe1, 0xc0, 0xd0, 0x00, 0xd9, 0x00, 0xe0, 0xd5, 0xf5, 0xf8, 0xff,
  0x72, 0xff, 0x50, 0xff, 0xee, 0xfe, 0xef, 0xfe, 0xcd, 0xfe, 0x0e, 0xff, 0x0f, 0xff, 0xaa, 0xfd,
  0x86, 0xfc, 0x66, 0xfc, 0xc6, 0xfc, 0xea, 0xfd, 0xe7, 0xfc, 0xc6, 0xfc, 0xc6, 0xfc, 0x07, 0xfd,
  0x2a, 0xfe, 0x2e, 0xff, 0xd2, 0xff, 0x8f, 0xff, 0x95, 0xff, 0xff, 0xff, 0xd6, 0xff, 0x92, 0xff,
  0xf6, 0xff, 0x22, 0xfc, 0xa0, 0xf0, 0xe0, 0xc0, 0xc0, 0xb8, 0x40, 0xc1, 0x00, 0x80, 0xa0, 0xc9,
  0xa0, 0xd9, 0x40, 0x90, 0x60, 0x88, 0x60, 0x80, 0x60, 0x78, 0x40, 0x68, 0x40, 0x70, 0x20, 0x60,
  0x40, 0x78, 0x20, 0x68, 0xa0, 0x78, 0x20, 0xfb, 0xa0, 0x90, 0x00, 0x58, 0x60, 0x78, 0x80, 0x78,
  0x60, 0x80, 0x60, 0x80, 0x80, 0x80, 0xe0, 0x88, 0xc0, 0x88, 0xe0, 0x90, 0xc0, 0x90, 0xe0, 0x88,
  0xc0, 0x88, 0xc0, 0x80, 0xa0, 0x88, 0xe0, 0x88, 0xa0, 0x88, 0x00, 0x78, 0x00, 0xa8, 0x00, 0xf8,
  0x00, 0x00, 0x00, 0xb8, 0x00, 0xf8, 0xa0, 0xaa, 0xe0, 0x79, 0x00, 0x00, 0x00, 0x00, 0x00, 0x00,
  0x00, 0xf8, 0x00, 0x00, 0x00, 0x00, 0x00, 0x00, 0x00, 0x00, 0x00, 0x00, 0x00, 0x00, 0x00, 0x00,
  0x00, 0x00, 0x00, 0x00, 0x00, 0x78, 0x00, 0x00, 0x00, 0x00, 0x00, 0x78, 0x00, 0x78, 0x00, 0x00,
  0x00, 0x00, 0x00, 0x78, 0x00, 0x50, 0x00, 0xf8, 0x00, 0x00, 0x00, 0x00, 0x00, 0x00, 0x00, 0x00,
  0x00, 0x00, 0x00, 0x00, 0x00, 0x00, 0x00, 0x00, 0x00, 0x00, 0x00, 0x00, 0x00, 0x00, 0x00, 0x00,
  0x00, 0x00, 0x00, 0x00, 0x00, 0x00, 0x00, 0x00, 0x00, 0x00, 0x00, 0x00, 0x00, 0x00, 0x00, 0x00,
  0x00, 0x00, 0x00, 0x00, 0x00, 0x00, 0x00, 0x00, 0x00, 0x00, 0x00, 0x00, 0x00, 0x00, 0x00, 0x00,
  0x00, 0x00, 0x00, 0x00, 0x00, 0x00, 0x00, 0x00, 0x00, 0x00, 0x00, 0x00, 0x00, 0x00, 0x00, 0x00,
  0x00, 0x00, 0x00, 0x00, 0x00, 0x00, 0x00, 0x00, 0x00, 0x00, 0x00, 0x00, 0x00, 0x00, 0x00, 0x00,
  0x00, 0x00, 0x00, 0x00, 0x00, 0x00, 0x00, 0x00, 0x00, 0x00, 0x00, 0x00, 0x00, 0x00, 0x00, 0x00,
  0x00, 0x00, 0x00, 0x00, 0x00, 0x00, 0x00, 0x00, 0x00, 0x00, 0x00, 0x00, 0x00, 0x00, 0x00, 0x00,
  0x00, 0x00, 0x00, 0x00, 0x00, 0x00, 0x00, 0x00, 0x00, 0x00, 0x00, 0x00, 0x00, 0x00, 0x00, 0x00,
  0x00, 0x00, 0x00, 0x00, 0x00, 0x78, 0x00, 0x00, 0x00, 0x00, 0x00, 0x00, 0x00, 0x00, 0x00, 0x50,
  0x00, 0x00, 0x00, 0x00, 0x00, 0x00, 0x00, 0x00, 0xe0, 0x7b, 0x00, 0x00, 0x00, 0x00, 0x00, 0x00,
  0x00, 0x00, 0x00, 0x00, 0x00, 0x00, 0x00, 0x00, 0x00, 0x00, 0x00, 0xf8, 0x00, 0x00, 0x00, 0x78,
  0x00, 0x00, 0x80, 0x78, 0xc0, 0x88, 0xe0, 0x90, 0x80, 0x78, 0x80, 0x70, 0xc0, 0x88, 0xc0, 0x80,
  0x00, 0x60, 0x40, 0xb1, 0x60, 0xb1, 0xa0, 0x80, 0xa0, 0x88, 0xa0, 0x80, 0xe0, 0x80, 0xe0, 0x90,
  0xc0, 0x90, 0xe0, 0x88, 0xe0, 0x98, 0xc0, 0x98, 0xa0, 0x90, 0x80, 0x78, 0x00, 0xa9, 0xe0, 0xa0,
  0xa0, 0x88, 0xa0, 0x98, 0xc0, 0xa0, 0xc0, 0x98, 0xa0, 0xa0, 0x80, 0xd1, 0xe0, 0xa8, 0x00, 0x68,
  0x00, 0x68, 0x60, 0x80, 0x40, 0x78, 0x80, 0x90, 0xe0, 0xc0, 0xe0, 0xc0, 0x20, 0xc9, 0x60, 0xe2,
  0xa0, 0xc1, 0xa0, 0xa0, 0x40, 0x98, 0x40, 0x90, 0x60, 0x80, 0x40, 0x70, 0x40, 0x78, 0x40, 0x88,
  0x80, 0xa0, 0xa0, 0xa8, 0x60, 0xa0, 0xc0, 0xb8, 0xe0, 0xd8, 0xa0, 0xe1, 0xc0, 0xfa, 0xe0, 0xd8,
  0x20, 0xd9, 0xc0, 0xd8, 0xc0, 0xe8, 0xf6, 0xfe, 0xd7, 0xff, 0x30, 0xff, 0x0f, 0xff, 0x10, 0xff,
  0x0f, 0xff, 0xad, 0xfe, 0xab, 0xfd, 0x69, 0xfd, 0x28, 0xfd, 0xc4, 0xfb, 0x25, 0xfc, 0x25, 0xfc,
  0xc6, 0xfc, 0x07, 0xfd, 0x25, 0xfc, 0x24, 0xfc, 0xc9, 0xfd, 0x4f, 0xff, 0x50, 0xff, 0x6b, 0xfe,
  0xec, 0xfe, 0x0d, 0xff, 0xfb, 0xff, 0x91, 0xff, 0x73, 0xff, 0xf4, 0xff, 0x60, 0xfb, 0x40, 0xe0,
  0xe0, 0xb0, 0xe0, 0xb8, 0x40, 0xc1, 0x00, 0x78, 0x20, 0xc1, 0x00, 0xb9, 0x60, 0x88, 0x60, 0x80,
  0x60, 0x78, 0x40, 0x70, 0x40, 0x70, 0x60, 0x80, 0x20, 0x68, 0x60, 0x80, 0x20, 0x70, 0x40, 0x58,
  0x00, 0xa1, 0x40, 0x68, 0x20, 0x60, 0x40, 0x70, 0x60, 0x78, 0x80, 0x80, 0x80, 0x80, 0x80, 0x80,
  0xe0, 0x88, 0xc0, 0x88, 0xc0, 0x78, 0x00, 0xa8, 0xa0, 0xa0, 0xc0, 0x88, 0xc0, 0x80, 0x00, 0x89,
  0xe0, 0x88, 0xe0, 0x78, 0x00, 0xb8, 0x00, 0xf8, 0x00, 0xf8, 0x00, 0x78, 0x20, 0x91, 0x00, 0x78,
  0xc0, 0x78, 0x20, 0x69, 0x00, 0xf8, 0x00, 0x00, 0x00, 0x00, 0x00, 0xf8, 0x00, 0x00, 0x00, 0x00,
  0x00, 0x00, 0x00, 0xf8, 0x00, 0x00, 0x00, 0x00, 0x00, 0x00, 0x00, 0x00, 0x00, 0x00, 0x00, 0x78,
  0x00, 0x00, 0x00, 0x00, 0x00, 0x50, 0x40, 0x79, 0x00, 0x68, 0x80, 0x61, 0xe0, 0x70, 0xc0, 0x70,
  0x00, 0x68, 0x00, 0x00, 0x00, 0x00, 0x00, 0x00, 0x00, 0x00, 0x00, 0x00, 0x00, 0x00, 0x00, 0x00,
  0x00, 0x00, 0x00, 0x00, 0x00, 0x00, 0x00, 0x00, 0x00, 0x00, 0x00, 0x00, 0x00, 0x00, 0x00, 0x00,
  0x00, 0x00, 0x00, 0x00, 0x00, 0x00, 0x00, 0x00, 0x00, 0x00, 0x00, 0x00, 0x00, 0x00, 0x00, 0x00,
  0x00, 0x00, 0x00, 0x00, 0x00, 0x00, 0x00, 0x00, 0x00, 0x00, 0x00, 0x00, 0x00, 0x00, 0x00, 0x00,
  0x00, 0x00, 0x00, 0x00, 0x00, 0x00, 0x00, 0x00, 0x00, 0x00, 0x00, 0x00, 0x00, 0x00, 0x00, 0x00,
  0x00, 0x00, 0x00, 0x00, 0x00, 0x00, 0x00, 0x00, 0x00, 0x00, 0x00, 0x00, 0x00, 0x00, 0x00, 0x00,
  0x00, 0x00, 0x00, 0x00, 0x00, 0x00, 0x00, 0x00, 0x00, 0x00, 0x00, 0x00, 0x00, 0x00, 0x00, 0x00,
  0x00, 0x00, 0x00, 0x00, 0x00, 0x00, 0x00, 0x00, 0x00, 0x00, 0x00, 0x00, 0x00, 0x00, 0x00, 0x00,
  0x00, 0x00, 0x00, 0x00, 0x00, 0x00, 0x00, 0x00, 0x00, 0x00, 0x00, 0x00, 0x00, 0x00, 0x00, 0x00,
  0x00, 0xf8, 0x00, 0x00, 0x00, 0x48, 0xa0, 0x68, 0x00, 0x78, 0x00, 0x00, 0x00, 0x00, 0x00, 0x00,
  0x00, 0x00, 0x00, 0x00, 0x00, 0x00, 0x00, 0x00, 0x00, 0x00, 0x00, 0x00, 0x00, 0x00, 0x00, 0x00,
  0x00, 0xf8, 0x00, 0x00, 0x00, 0x00, 0x00, 0xf8, 0xe0, 0xb9, 0xe0, 0x07, 0xe0, 0x78, 0xa0, 0x78,
  0xa0, 0x80, 0xa0, 0x78, 0xc0, 0x88, 0xe0, 0x90, 0xc0, 0x88, 0x00, 0xa1, 0x80, 0x70, 0xc0, 0x88,
  0xe0, 0x88, 0xa0, 0x80, 0xc0, 0x88, 0xc0, 0x90, 0x80, 0xc9, 0x00, 0xc8, 0x20, 0x91, 0xc0, 0x90,
  0xc0, 0x90, 0xa0, 0x90, 0x80, 0x88, 0x80, 0x80, 0xa0, 0x80, 0xc0, 0x88, 0x00, 0xa9, 0xe0, 0xa0,
  0xc0, 0x98, 0x00, 0xa9, 0xc0, 0xa8, 0x00, 0xc1, 0x40, 0x80, 0x00, 0x68, 0x60, 0x90, 0x60, 0x80,
  0x00, 0x70, 0xc0, 0xb0, 0x20, 0xea, 0x80, 0xea, 0xc0, 0xe9, 0xa0, 0xd1, 0x60, 0x98, 0x40, 0x90,
  0x40, 0x78, 0xa0, 0x90, 0x60, 0x80, 0x00, 0x60, 0x40, 0x80, 0x60, 0x90, 0x40, 0x88, 0x60, 0xa0,
  0x00, 0xc9, 0x80, 0xd8, 0x40, 0xf2, 0x60, 0xf2, 0x80, 0xd8, 0x20, 0xe1, 0x40, 0xe0, 0x43, 0xfa,
  0xf9, 0xff, 0x51, 0xff, 0x10, 0xff, 0xf0, 0xfe, 0xae, 0xfe, 0x10, 0xff, 0x8e, 0xfe, 0x86, 0xfc,
  0x89, 0xfd, 0xcb, 0xfd, 0x05, 0xfc, 0x05, 0xfc, 0x66, 0xfc, 0x05, 0xfc, 0xe7, 0xfc, 0xc6, 0xfc,
  0x04, 0xfc, 0x0b, 0xfe, 0x71, 0xff, 0x45, 0xfc, 0xa5, 0xfc, 0x8b, 0xfe, 0x50, 0xff, 0xd7, 0xff,
  0x90, 0xff, 0xd6, 0xff, 0x0f, 0xff, 0x00, 0xfa, 0xc0, 0xd8, 0xc0, 0xa8, 0x00, 0xc1, 0x60, 0xd1,
  0x40, 0x80, 0xe0, 0xb0, 0xe0, 0xb8, 0x40, 0x80, 0x40, 0x70, 0x60, 0x78, 0x40, 0x70, 0x40, 0x70,
  0x60, 0x80, 0x40, 0x70, 0xa0, 0x90, 0xa0, 0x98, 0x20, 0x60, 0x20, 0x78, 0x40, 0x70, 0x80, 0x80,
  0x60, 0x78, 0x60, 0x80, 0x80, 0x80, 0xa0, 0x80, 0x80, 0x88, 0xc0, 0x88, 0xc0, 0x80, 0x40, 0xa9,
  0x40, 0x79, 0x00, 0x89, 0xe0, 0x88, 0x00, 0x89, 0xa0, 0x88, 0x00, 0x91, 0xe0, 0x80, 0xa0, 0x78,
  0xe0, 0xfb, 0x00, 0xf8, 0x00, 0x78, 0x20, 0x89, 0xe0, 0x88, 0x20, 0x91, 0xe0, 0x79, 0x00, 0x00,
  0x00, 0x00, 0x00, 0x50, 0x00, 0xf8, 0x00, 0x00, 0x00, 0x00, 0x00, 0xf8, 0x00, 0x00, 0x00, 0x00,
  0x00, 0x00, 0x00, 0x00, 0x00, 0x00, 0x00, 0x00, 0x00, 0x00, 0x00, 0x00, 0x00, 0x00, 0x00, 0x00,
  0x00, 0x00, 0xe0, 0x70, 0xc0, 0x78, 0xa0, 0x68, 0xc0, 0x60, 0x20, 0x69, 0x00, 0x00, 0x00, 0x00,
  0x00, 0x00, 0x00, 0x00, 0x00, 0x00, 0x00, 0x78, 0x00, 0xf8, 0x00, 0x00, 0x00, 0x00, 0x00, 0x00,
  0x00, 0x00, 0x00, 0x00, 0x00, 0x00, 0x00, 0x00, 0x00, 0x00, 0x00, 0x00, 0x00, 0x00, 0x00, 0x00,
  0x00, 0x00, 0x00, 0x00, 0x00, 0x00, 0x00, 0x00, 0x00, 0x00, 0x00, 0x00, 0x00, 0x00, 0x00, 0x00,
  0x00, 0x00, 0x00, 0x00, 0x00, 0x00, 0x00, 0x00, 0x00, 0x00, 0x00, 0x00, 0x00, 0x00, 0x00, 0x00,
  0x00, 0x00, 0x00, 0x00, 0x00, 0x00, 0x00, 0x00, 0x00, 0x00, 0x00, 0x00, 0x00, 0x00, 0x00, 0x00,
  0x00, 0x00, 0x00, 0x00, 0x00, 0x00, 0x00, 0x00, 0x00, 0x00, 0x00, 0x00, 0x00, 0x00, 0x00, 0x00,
  0x00, 0x00, 0x00, 0x00, 0x00, 0x00, 0x00, 0x00, 0x00, 0x00, 0x00, 0x00, 0x00, 0x00, 0x00, 0x00,
  0x00, 0x00, 0x00, 0x00, 0x00, 0x00, 0x00, 0x00, 0x00, 0x00, 0x00, 0x00, 0x00, 0x00, 0x00, 0x00,
  0x00, 0x00, 0x00, 0x00, 0x00, 0x00, 0x00, 0x00, 0x00, 0x00, 0x00, 0x78, 0x00, 0x00, 0xe0, 0x68,
  0xc0, 0x68, 0xe0, 0x70, 0x00, 0x00, 0x00, 0xf8, 0x00, 0x00, 0x00, 0x00, 0x00, 0x00, 0x00, 0x00,
  0x00, 0x00, 0x00, 0x00, 0x00, 0x00, 0x00, 0x00, 0x00, 0x00, 0x00, 0x00, 0x00, 0x00, 0x00, 0x00,
  0x00, 0x00, 0x00, 0x78, 0x00, 0x50, 0xa0, 0x78, 0xa0, 0x78, 0xe0, 0x80, 0xc0, 0x80, 0xa0, 0x80,
  0xc0, 0x88, 0xc0, 0x88, 0xc0, 0x90, 0xc0, 0x90, 0x20, 0x99, 0xe0, 0x90, 0xe0, 0x90, 0xc0, 0x90,
  0xe0, 0x90, 0x20, 0x91, 0x00, 0x99, 0x20, 0x99, 0x60, 0xb9, 0xa0, 0x90, 0xe0, 0x90, 0xc0, 0x90,
  0x80, 0x80, 0x80, 0x88, 0xc0, 0x90, 0x00, 0xa1, 0x20, 0xa9, 0xe0, 0x98, 0xe0, 0x90, 0x60, 0x78,
  0x60, 0x90, 0x60, 0x90, 0x20, 0x60, 0x00, 0x68, 0x40, 0x78, 0x60, 0x90, 0x80, 0x98, 0x00, 0xc1,
  0x40, 0xd9, 0x00, 0xc1, 0xc0, 0xb0, 0x20, 0x88, 0x40, 0x80, 0x00, 0xb1, 0x40, 0xc1, 0x80, 0x88,
  0x40, 0x78, 0x40, 0x80, 0xc0, 0xa8, 0xa0, 0xa8, 0x40, 0x98, 0x00, 0xd1, 0xa0, 0xd8, 0xa0, 0xfa,
  0xe0, 0xf1, 0xc0, 0xd8, 0x00, 0xd9, 0x00, 0xd8, 0xc7, 0xf2, 0xfd, 0xff, 0x32, 0xff, 0xcf, 0xfe,
  0xcf, 0xfe, 0x4d, 0xfe, 0x2c, 0xfe, 0xaa, 0xfd, 0x69, 0xfd, 0xaa, 0xfd, 0x08, 0xfd, 0x28, 0xfd,
  0xc7, 0xfc, 0x25, 0xfc, 0xc4, 0xfb, 0x66, 0xfc, 0xa6, 0xfc, 0xc6, 0xfc, 0x48, 0xfd, 0x23, 0xfb,
  0xc1, 0xfa, 0xe4, 0xfb, 0x4c, 0xfe, 0xb4, 0xff, 0xd5, 0xff, 0xb1, 0xff, 0xf9, 0xff, 0xab, 0xfd,
  0x20, 0xf1, 0xe0, 0xd0, 0xc0, 0xa8, 0x00, 0xc9, 0x00, 0xb9, 0x40, 0x78, 0xe0, 0xb0, 0xc0, 0xb0,
  0x40, 0x80, 0x40, 0x78, 0x40, 0x70, 0x20, 0x60, 0x40, 0x68, 0x40, 0x70, 0x40, 0x70, 0x60, 0x80,
  0xa0, 0x90, 0x40, 0x78, 0x60, 0x88, 0x40, 0x70, 0x40, 0x70, 0x60, 0x78, 0x80, 0x80, 0x80, 0x88,
  0xa0, 0x88, 0xa0, 0x88, 0xe0, 0x90, 0x20, 0x91, 0x00, 0xa8, 0x40, 0xa9, 0x00, 0xa8, 0xe0, 0x88,
  0xe0, 0x88, 0x60, 0x81, 0x20, 0x91, 0x20, 0x89, 0x00, 0x98, 0x60, 0x89, 0x00, 0xa8, 0x00, 0x00,
  0xe0, 0x88, 0x00, 0x89, 0x00, 0x78, 0x00, 0x00, 0x00, 0x00, 0x00, 0x50, 0x00, 0xf8, 0x00, 0x00,
  0x00, 0xf8, 0x00, 0x00, 0x00, 0x00, 0x00, 0xf8, 0x00, 0xf8, 0x00, 0x00, 0x00, 0x00, 0x00, 0x00,
  0x00, 0x00, 0x00, 0x00, 0x00, 0x00, 0x00, 0x00, 0x00, 0x00, 0xc0, 0x80, 0xa0, 0x68, 0xa0, 0x70,
  0xc0, 0x70, 0x60, 0x68, 0xe0, 0x7b, 0x00, 0x00, 0x00, 0x00, 0x00, 0x00, 0x00, 0x00, 0x00, 0x00,
  0x00, 0xf8, 0x00, 0x00, 0x00, 0x00, 0x00, 0x00, 0x00, 0x00, 0x00, 0x00, 0x00, 0x00, 0x00, 0x00,
  0x00, 0x00, 0x00, 0x00, 0x00, 0x00, 0x00, 0x00, 0x00, 0x00, 0x00, 0x00, 0x00, 0x00, 0x00, 0x00,
  0x00, 0x00, 0x00, 0x00, 0x00, 0x00, 0x00, 0x00, 0x00, 0x00, 0x00, 0x00, 0x00, 0x00, 0x00, 0x00,
  0x00, 0x00, 0x00, 0x00, 0x00, 0x00, 0x00, 0x00, 0x00, 0x00, 0x00, 0x00, 0x00, 0x00, 0x00, 0x00,
  0x00, 0x00, 0x00, 0x00, 0x00, 0x00, 0x00, 0x00, 0x00, 0x00, 0x00, 0x00, 0x00, 0x00, 0x00, 0x00,
  0x00, 0x00, 0x00, 0x00, 0x00, 0x00, 0x00, 0x00, 0x00, 0x00, 0x00, 0x00, 0x00, 0x00, 0x00, 0x00,
  0x00, 0x00, 0x00, 0x00, 0x00, 0x00, 0x00, 0x00, 0x00, 0x00, 0x00, 0x00, 0x00, 0x00, 0x00, 0x00,
  0x00, 0x00, 0x00, 0x00, 0x00, 0x00, 0x00, 0x00, 0x00, 0x00, 0x00, 0x00, 0x00, 0x00, 0x00, 0x00,
  0x00, 0x00, 0x00, 0x00, 0x00, 0x00, 0x00, 0xf8, 0x00, 0x69, 0xc0, 0x68, 0xe0, 0x68, 0x00, 0x00,
  0x00, 0x78, 0x00, 0x00, 0x00, 0x00, 0x00, 0xf8, 0x00, 0x78, 0x00, 0x00, 0x00, 0x00, 0x00, 0x00,
  0x00, 0x00, 0x00, 0x00, 0x00, 0x00, 0x00, 0x00, 0x00, 0x00, 0x00, 0x78, 0x20, 0x69, 0xe0, 0x88,
  0xa0, 0x80, 0xc0, 0x80, 0xc0, 0x78, 0xc0, 0x80, 0xa0, 0x80, 0xe0, 0x78, 0xe0, 0x90, 0xe0, 0x80,
  0xe0, 0x88, 0xe0, 0x88, 0xc0, 0x88, 0xe0, 0x90, 0xc0, 0x88, 0xc1, 0x88, 0x40, 0x91, 0x40, 0x91,
  0xa0, 0x88, 0xa0, 0x80, 0xc0, 0x88, 0xc0, 0x90, 0x00, 0x91, 0x80, 0x80, 0x60, 0x78, 0xa0, 0x90,
  0xe0, 0x98, 0xe0, 0xa0, 0x00, 0xa9, 0xa0, 0x88, 0x80, 0x78, 0xc0, 0x98, 0x40, 0x88, 0x40, 0x78,
  0x40, 0x78, 0x60, 0x78, 0x80, 0xa0, 0x40, 0x90, 0xc0, 0xb8, 0x80, 0x88, 0x00, 0x60, 0x60, 0x90,
  0xc0, 0xa8, 0x00, 0xc1, 0x80, 0x90, 0x20, 0x70, 0x60, 0x80, 0x40, 0x78, 0x40, 0x78, 0x40, 0x80,
  0x40, 0xc9, 0x00, 0xc1, 0x80, 0xc0, 0x00, 0xe1, 0xa0, 0xfa, 0x00, 0xd9, 0xe0, 0xd0, 0xe0, 0xd0,
  0x00, 0xd8, 0x29, 0xf4, 0xfd, 0xff, 0x0f, 0xff, 0xcf, 0xfe, 0x6d, 0xfe, 0x4d, 0xfe, 0xaf, 0xfe,
  0x0c, 0xfe, 0x2b, 0xfe, 0xca, 0xfd, 0x49, 0xfd, 0xcb, 0xfd, 0x49, 0xfd, 0xa4, 0xfb, 0x66, 0xfc,
  0x84, 0xfb, 0x84, 0xfb, 0xe5, 0xfb, 0x61, 0xfa, 0xc3, 0xfa, 0x64, 0xfb, 0x63, 0xfb, 0x8c, 0xfe,
  0xb4, 0xff, 0xd3, 0xff, 0x72, 0xff, 0xf8, 0xff, 0x47, 0xf4, 0xe0, 0xf0, 0x00, 0xd1, 0x80, 0xa8,
  0xc0, 0xd1, 0x00, 0xb1, 0x20, 0x80, 0xa0, 0xa8, 0x80, 0x98, 0x20, 0x70, 0x40, 0x78, 0x40, 0x70,
  0x00, 0x58, 0x20, 0x68, 0x40, 0x78, 0x40, 0x78, 0x60, 0x80, 0x80, 0x88, 0x60, 0x80, 0x60, 0x88,
  0x40, 0x78, 0x40, 0x78, 0x60, 0x78, 0x80, 0x80, 0x80, 0x88, 0xa0, 0x88, 0xa0, 0x88, 0xe0, 0x90,
  0xc0, 0x98, 0x00, 0x90, 0x00, 0x98, 0x00, 0x78, 0xc0, 0x90, 0xc0, 0x88, 0xa0, 0x88, 0x20, 0x91,
  0x00, 0x78, 0x40, 0x79, 0xe0, 0x98, 0x00, 0xf8, 0x00, 0xf8, 0xc0, 0x98, 0xc0, 0x98, 0x00, 0x00,
  0x00, 0xf8, 0x00, 0xf8, 0x00, 0x78, 0x00, 0x60, 0xe0, 0x78, 0x20, 0x91, 0x00, 0x00, 0x00, 0xf8,
  0x00, 0x00, 0x00, 0x00, 0x00, 0x00, 0x00, 0x00, 0x00, 0x78, 0x00, 0x78, 0x00, 0xf8, 0x00, 0x78,
  0xe0, 0x78, 0xe0, 0x58, 0xc0, 0x78, 0xc0, 0x78, 0xc0, 0x70, 0xc0, 0x70, 0xc0, 0x68, 0x00, 0x00,
  0x00, 0x00, 0x00, 0x00, 0x00, 0x00, 0x00, 0x00, 0x00, 0x30, 0x20, 0x69, 0x00, 0x00, 0x00, 0x00,
  0x00, 0x00, 0x00, 0x00, 0x00, 0x00, 0x00, 0x00, 0x00, 0x00, 0x00, 0x00, 0x00, 0x00, 0x00, 0x00,
  0x00, 0x00, 0x00, 0x00, 0x00, 0x00, 0x00, 0x00, 0x00, 0x00, 0x00, 0x00, 0x00, 0x00, 0x00, 0x00,
  0x00, 0x00, 0x00, 0x00, 0x00, 0x00, 0x00, 0x00, 0x00, 0x00, 0x00, 0x00, 0x00, 0x00, 0x00, 0x00,
  0x00, 0x00, 0x00, 0x00, 0x00, 0x00, 0x00, 0x00, 0x00, 0x00, 0x00, 0x00, 0x00, 0x00, 0x00, 0x00,
  0x00, 0x00, 0x00, 0x00, 0x00, 0x00, 0x00, 0x00, 0x00, 0x00, 0x00, 0x00, 0x00, 0x00, 0x00, 0x00,
  0x00, 0x00, 0x00, 0x00, 0x00, 0x00, 0x00, 0x00, 0x00, 0x00, 0x00, 0x00, 0x00, 0x00, 0x00, 0x00,
  0x00, 0x00, 0x00, 0x00, 0x00, 0x00, 0x00, 0x00, 0x00, 0x00, 0x00, 0x00, 0x00, 0x00, 0x00, 0x00,
  0x00, 0x00, 0x00, 0xf8, 0x00, 0x00, 0x00, 0x00, 0x00, 0x00, 0x00, 0x00, 0x00, 0x00, 0x00, 0x00,
  0x00, 0x00, 0x60, 0x68, 0xc0, 0x70, 0xe0, 0x70, 0x00, 0x00, 0x00, 0x50, 0x00, 0xf8, 0x00, 0x00,
  0x00, 0x50, 0xc0, 0x78, 0x00, 0x78, 0x00, 0x00, 0x00, 0x00, 0x00, 0x00, 0x00, 0x00, 0x00, 0x00,
  0x00, 0x00, 0x00, 0x00, 0x00, 0x78, 0x80, 0x99, 0x00, 0x98, 0x00, 0x78, 0xa0, 0x70, 0xa0, 0x78,
  0xe0, 0x88, 0xa0, 0x90, 0x20, 0x91, 0xc0, 0x88, 0x80, 0x88, 0xe0, 0x78, 0x00, 0x78, 0x00, 0xa8,
  0x20, 0x91, 0x20, 0xa1, 0xc0, 0x98, 0x40, 0x79, 0x80, 0x88, 0xc0, 0x88, 0x80, 0x78, 0xa0, 0x78,
  0x00, 0x00, 0xe0, 0x90, 0xe0, 0x98, 0xc0, 0x98, 0xe0, 0xa0, 0xc0, 0x90, 0xc0, 0x98, 0xe0, 0xa0,
  0x20, 0x70, 0x00, 0x68, 0x20, 0x78, 0x60, 0x80, 0x80, 0x88, 0x60, 0x80, 0x60, 0x88, 0x20, 0x68,
  0x60, 0x78, 0x60, 0x80, 0x60, 0x88, 0xa0, 0x90, 0x20, 0x68, 0x60, 0x88, 0xc0, 0xb0, 0x80, 0xa0,
  0x80, 0x98, 0x40, 0x70, 0x20, 0x68, 0x40, 0x70, 0x20, 0x80, 0x80, 0xd9, 0x40, 0xc1, 0x00, 0xa0,
  0x40, 0xe1, 0x40, 0xf2, 0x40, 0xc0, 0xa0, 0xd8, 0x80, 0xd0, 0x20, 0xd8, 0x4f, 0xfe, 0xf9, 0xff,
  0xca, 0xfe, 0x8e, 0xfe, 0x48, 0xfd, 0xc7, 0xfc, 0x28, 0xfd, 0xeb, 0xfd, 0x4c, 0xfe, 0xeb, 0xfd,
  0x4d, 0xfe, 0x49, 0xfd, 0x28, 0xfd, 0xca, 0xfd, 0x45, 0xfc, 0xe3, 0xfa, 0xa4, 0xfb, 0x23, 0xfb,
  0x04, 0xfb, 0x48, 0xfc, 0xe3, 0xfa, 0xa1, 0xfa, 0x47, 0xfd, 0x93, 0xff, 0xb3, 0xff, 0x94, 0xff,
  0xf5, 0xff, 0xa2, 0xfb, 0xe0, 0xe8, 0xe0, 0xd0, 0x80, 0xb8, 0x00, 0xda, 0xc0, 0xa8, 0x80, 0xa0,
  0x00, 0xd1, 0x80, 0x98, 0x20, 0x78, 0x60, 0x88, 0x40, 0x78, 0x20, 0x68, 0x00, 0x58, 0x40, 0x88,
  0x80, 0xb0, 0x00, 0x90, 0x00, 0x70, 0x80, 0x88, 0x40, 0x80, 0x40, 0x78, 0x80, 0x90, 0xc0, 0x88,
  0x80, 0x88, 0xa0, 0x80, 0xa0, 0x80, 0xa0, 0x80, 0xe0, 0x88, 0xa0, 0x88, 0xc0, 0x90, 0x20, 0x91,
  0x80, 0x99, 0x40, 0x79, 0x00, 0x00, 0x00, 0x00, 0x20, 0x91, 0x40, 0x91, 0x00, 0x98, 0x00, 0xf8,
  0x00, 0x00, 0x00, 0x00, 0x80, 0x99, 0x00, 0x78, 0x00, 0xf8, 0x00, 0xf8, 0xe0, 0xb9, 0x00, 0x78,
  0x00, 0xf8, 0x00, 0x00, 0x00, 0x00, 0x00, 0xf8, 0x00, 0x00, 0x00, 0x00, 0x00, 0x00, 0x00, 0xf8,
  0x00, 0x00, 0x00, 0x50, 0x40, 0x79, 0x40, 0x79, 0xa0, 0x70, 0xe0, 0x60, 0xe0, 0x58, 0x00, 0x50,
  0xc0, 0x70, 0xc0, 0x70, 0xa0, 0x68, 0xe0, 0x60, 0xe0, 0x70, 0x00, 0x78, 0x80, 0x61, 0x00, 0x00,
  0x20, 0x69, 0x80, 0x61, 0x00, 0x50, 0x00, 0x00, 0x00, 0x00, 0x00, 0xf8, 0x00, 0xf8, 0x00, 0x00,
  0x00, 0x00, 0x00, 0x00, 0x00, 0x00, 0x00, 0x00, 0x00, 0x00, 0x00, 0x00, 0x00, 0x00, 0x00, 0x00,
  0x00, 0x00, 0x00, 0x00, 0x00, 0x00, 0x00, 0x00, 0x00, 0x00, 0x00, 0xf8, 0x00, 0x00, 0x00, 0x00,
  0x00, 0x00, 0x00, 0x00, 0x00, 0x00, 0x00, 0x00, 0x00, 0x00, 0x00, 0x00, 0x00, 0x00, 0x00, 0x00,
  0x00, 0x00, 0x00, 0x00, 0x00, 0x00, 0x00, 0x00, 0x00, 0x00, 0x00, 0x00, 0x00, 0x00, 0x00, 0x00,
  0x00, 0x00, 0x00, 0x00, 0x00, 0x00, 0x00, 0x00, 0x00, 0x00, 0x00, 0x00, 0x00, 0x78, 0x00, 0x78,
  0x00, 0x00, 0x00, 0x00, 0x00, 0x00, 0x00, 0x00, 0x00, 0x00, 0x00, 0x00, 0x00, 0x00, 0x00, 0x00,
  0x00, 0x00, 0x00, 0x00, 0x00, 0x00, 0x00, 0x00, 0x00, 0x00, 0x00, 0x00, 0x00, 0x00, 0x00, 0x00,
  0x00, 0x00, 0x00, 0x00, 0x00, 0x00, 0x00, 0x00, 0x00, 0x00, 0x00, 0x00, 0x00, 0x00, 0x00, 0x00,
  0x00, 0x00, 0x00, 0x00, 0x00, 0x00, 0x00, 0x00, 0x00, 0x00, 0x00, 0x00, 0x00, 0x00, 0x00, 0x00,
  0x00, 0x00, 0x00, 0xf8, 0x00, 0xf8, 0x00, 0x00, 0x00, 0x00, 0x00, 0x00, 0x00, 0x00, 0x40, 0x79,
  0x00, 0x78, 0xc0, 0x78, 0xa0, 0x78, 0x80, 0x70, 0xc0, 0x78, 0xe0, 0x88, 0x00, 0x98, 0x00, 0x78,
  0x00, 0x89, 0x00, 0x89, 0xe0, 0x78, 0x00, 0xf8, 0x00, 0x78, 0x00, 0xa8, 0xe0, 0x88, 0xe0, 0x78,
  0x80, 0x88, 0xe0, 0x88, 0x80, 0x99, 0xa0, 0xd2, 0xc0, 0x98, 0x00, 0x50, 0xe0, 0x98, 0xc0, 0x98,
  0xc0, 0x98, 0xe0, 0x98, 0xa0, 0x90, 0xc0, 0x90, 0x80, 0x98, 0x60, 0xb9, 0x00, 0xba, 0xa0, 0xa0,
  0xc0, 0xa8, 0x40, 0x78, 0x20, 0x68, 0x40, 0x70, 0x40, 0x68, 0x20, 0x68, 0x20, 0x60, 0x40, 0x70,
  0x40, 0x70, 0x40, 0x68, 0x20, 0x60, 0x20, 0x60, 0x00, 0x50, 0x20, 0x58, 0x20, 0x68, 0x20, 0x68,
  0x40, 0x70, 0x40, 0x78, 0x00, 0xb9, 0x60, 0xa0, 0x20, 0xa0, 0xa0, 0xe9, 0xc0, 0xe1, 0x40, 0xb8,
  0xc0, 0xd8, 0x80, 0xd0, 0x40, 0xd8, 0x36, 0xff, 0xb5, 0xff, 0x0d, 0xff, 0x0f, 0xff, 0x0b, 0xfe,
  0xec, 0xfd, 0xcb, 0xfd, 0xca, 0xfd, 0x0b, 0xfe, 0x2c, 0xfe, 0x0b, 0xfe, 0x08, 0xfd, 0x05, 0xfc,
  0x84, 0xfb, 0xc3, 0xfa, 0x24, 0xfb, 0x06, 0xfc, 0x64, 0xfb, 0x44, 0xfb, 0x65, 0xfb, 0xc3, 0xfa,
  0x02, 0xfb, 0xc5, 0xfc, 0x6e, 0xff, 0x74, 0xff, 0x72, 0xff, 0xf4, 0xff, 0x01, 0xfb, 0xc0, 0xe8,
  0xe0, 0xc8, 0xa0, 0xb0, 0xa0, 0xd1, 0x60, 0x90, 0xe0, 0xb8, 0x00, 0xc1, 0x40, 0x80, 0x60, 0x88,
  0x40, 0x78, 0x20, 0x68, 0x00, 0x58, 0x60, 0x78, 0x00, 0xd1, 0xe1, 0xfd, 0x00, 0xdc, 0x00, 0xdb,
  0x60, 0xb9, 0x40, 0x80, 0x80, 0x88, 0xa0, 0x98, 0xa0, 0x88, 0x80, 0x80, 0x60, 0x80, 0xc0, 0x88,
  0xc0, 0x80, 0xe0, 0x90, 0xc0, 0x98, 0x20, 0x91, 0x80, 0x99, 0xc0, 0x98, 0x20, 0x91, 0xe0, 0x79,
  0x00, 0x78, 0xe0, 0x98, 0xe0, 0x88, 0x00, 0x98, 0x00, 0x78, 0x00, 0x78, 0x00, 0xa8, 0xc0, 0x78,
  0x00, 0xa8, 0x00, 0x00, 0x00, 0x00, 0x00, 0x78, 0x00, 0x78, 0x00, 0xb8, 0x00, 0xa8, 0x40, 0x79,
  0xe0, 0x88, 0xe0, 0x79, 0x00, 0x78, 0x00, 0xf8, 0x00, 0x00, 0x00, 0x78, 0x00, 0x50, 0x20, 0x69,
  0x00, 0x00, 0xa0, 0x70, 0xa0, 0x70, 0xc0, 0x70, 0x00, 0x78, 0xa0, 0x68, 0xc0, 0x68, 0xc0, 0x68,
  0x80, 0x60, 0xc0, 0x68, 0xe0, 0x58, 0x00, 0x00, 0x00, 0x78, 0xc0, 0x68, 0x60, 0x58, 0x00, 0x00,
  0x00, 0x00, 0x00, 0xf8, 0x00, 0x78, 0x00, 0xf8, 0x00, 0x00, 0x00, 0x00, 0x00, 0x00, 0x00, 0xf8,
  0x00, 0x00, 0x00, 0x00, 0x00, 0x00, 0x00, 0x00, 0x00, 0x00, 0x00, 0x00, 0x00, 0x00, 0x00, 0x00,
  0x00, 0x00, 0x00, 0x00, 0x00, 0x00, 0x00, 0x00, 0x00, 0x00, 0x00, 0x00, 0x00, 0x00, 0x00, 0x00,
  0x00, 0x00, 0x00, 0x00, 0x00, 0x00, 0x00, 0x00, 0x00, 0x00, 0x00, 0x00, 0x00, 0x00, 0x00, 0x00,
  0x00, 0x00, 0x00, 0x00, 0x00, 0x00, 0x00, 0x00, 0x00, 0x00, 0x00, 0x00, 0x00, 0x00, 0x00, 0x00,
  0x00, 0x00, 0x00, 0x00, 0x00, 0x00, 0x00, 0x00, 0x00, 0x00, 0x00, 0x00, 0x00, 0x00, 0x00, 0x00,
  0x00, 0x00, 0x00, 0x00, 0x00, 0x00, 0x00, 0x00, 0x00, 0x00, 0x00, 0x00, 0x00, 0xf8, 0x00, 0x00,
  0x00, 0x00, 0x00, 0x00, 0x00, 0x00, 0x00, 0x00, 0x00, 0x00, 0x00, 0x00, 0x00, 0x00, 0x00, 0x00,
  0x00, 0x00, 0x00, 0x00, 0x00, 0x00, 0x00, 0xf8, 0x00, 0xf8, 0x00, 0x00, 0x00, 0x00, 0x00, 0x00,
  0x00, 0x00, 0xc0, 0x68, 0xe0, 0x70, 0xa0, 0x70, 0x00, 0x00, 0x00, 0x00, 0x00, 0x00, 0x00, 0x00,
  0x00, 0x00, 0x00, 0x00, 0x00, 0x00, 0xe0, 0xfb, 0x20, 0x91, 0x80, 0x79, 0xe0, 0x78, 0x80, 0x70,
  0x80, 0x70, 0x00, 0x89, 0xe0, 0x88, 0x00, 0x98, 0x00, 0x78, 0xa0, 0x90, 0xc0, 0x78, 0x00, 0x78,
  0xe0, 0x79, 0x00, 0xf8, 0x00, 0x78, 0x40, 0x79, 0xe0, 0x98, 0x80, 0x99, 0x00, 0x78, 0x00, 0x50,
  0x80, 0x99, 0xe0, 0x88, 0x00, 0xa8, 0x00, 0xa8, 0xe0, 0xb9, 0x00, 0x90, 0x20, 0xb1, 0xa0, 0x90,
  0xc0, 0x98, 0x60, 0x98, 0xe0, 0xc9, 0x01, 0xf4, 0x60, 0xfb, 0xe0, 0xb8, 0x00, 0x70, 0x20, 0x70,
  0x60, 0x78, 0x40, 0x78, 0x40, 0x70, 0x20, 0x68, 0x20, 0x60, 0x20, 0x60, 0x20, 0x70, 0x20, 0x70,
  0x40, 0x78, 0x40, 0x70, 0x40, 0x68, 0x40, 0x70, 0x20, 0x68, 0x40, 0x78, 0x20, 0x80, 0x40, 0x88,
  0x60, 0x98, 0x40, 0xa8, 0x20, 0xf2, 0x60, 0xd1, 0x60, 0xb8, 0xe0, 0xd8, 0x80, 0xd8, 0x80, 0xe0,
  0x9b, 0xff, 0x72, 0xff, 0x0e, 0xff, 0xef, 0xfe, 0xae, 0xfe, 0x6d, 0xfe, 0x28, 0xfd, 0x08, 0xfd,
  0x6d, 0xfe, 0x6d, 0xfe, 0x0c, 0xfe, 0x8a, 0xfd, 0xa5, 0xfb, 0x62, 0xfa, 0x24, 0xfb, 0x84, 0xfb,
  0x23, 0xfb, 0x03, 0xfb, 0x04, 0xfb, 0xa3, 0xfa, 0xa3, 0xfa, 0x23, 0xfb, 0x67, 0xfd, 0x4c, 0xff,
  0x93, 0xff, 0x70, 0xff, 0xb4, 0xff, 0x00, 0xfa, 0x60, 0xd8, 0x00, 0xc9, 0xa0, 0xb0, 0xc0, 0xd9,
  0x60, 0x90, 0xe0, 0xb8, 0xe0, 0xb8, 0x60, 0x88, 0x60, 0x80, 0x40, 0x80, 0xa0, 0xa0, 0x60, 0x90,
  0x80, 0xc9, 0x20, 0xb9, 0xe1, 0xd3, 0xe0, 0xfd, 0xa0, 0xeb, 0x00, 0x99, 0x20, 0x78, 0xa0, 0x88,
  0x80, 0x88, 0xc0, 0x88, 0xa0, 0x80, 0x80, 0x78, 0xa0, 0x80, 0x80, 0x90, 0xe0, 0x88, 0x00, 0x78,
  0x20, 0x91, 0xc0, 0x78, 0xa0, 0x90, 0xa0, 0x88, 0x80, 0x99, 0xc0, 0xa9, 0x80, 0x61, 0x80, 0x99,
  0xe0, 0x78, 0xe0, 0xb9, 0x00, 0x78, 0x00, 0xa8, 0xe0, 0x78, 0xa0, 0x78, 0xa0, 0x88, 0x00, 0xf8,
  0x00, 0x00, 0x00, 0xf8, 0x00, 0x68, 0xe0, 0x70, 0xa0, 0x78, 0xc0, 0x80, 0x80, 0x99, 0x00, 0x78,
  0xe0, 0x79, 0xa0, 0x70, 0x00, 0x78, 0xe0, 0x79, 0xe0, 0x70, 0xa0, 0x78, 0xc0, 0x78, 0xc0, 0x78,
  0xc0, 0x70, 0xe0, 0x79, 0x00, 0x00, 0xa0, 0x70, 0xa0, 0x70, 0x20, 0x69, 0xc0, 0x60, 0x00, 0x60,
  0x00, 0xf8, 0x00, 0xf8, 0xa0, 0x60, 0xa0, 0x58, 0x00, 0x00, 0x00, 0x00, 0x00, 0x00, 0x00, 0x00,
  0x00, 0x00, 0x00, 0x00, 0x00, 0x00, 0x00, 0x00, 0x00, 0x00, 0x00, 0x78, 0x00, 0x00, 0x00, 0x00,
  0x00, 0x00, 0x00, 0x00, 0x00, 0x00, 0x00, 0x00, 0x00, 0x00, 0x00, 0x00, 0x00, 0x00, 0x00, 0x00,
  0x00, 0x00, 0x00, 0x00, 0x00, 0x00, 0x00, 0x00, 0x00, 0x00, 0x00, 0x00, 0x00, 0x00, 0x00, 0x00,
  0x00, 0x00, 0x00, 0x00, 0x00, 0x00, 0x00, 0x00, 0x00, 0x00, 0x00, 0x00, 0x00, 0x00, 0x00, 0x00,
  0x00, 0x00, 0x00, 0x00, 0x00, 0x00, 0x00, 0x00, 0x00, 0x00, 0x00, 0x00, 0x00, 0x00, 0x00, 0x00,
  0x00, 0x00, 0x00, 0x00, 0x00, 0x00, 0x00, 0x00, 0x00, 0x00, 0x00, 0x00, 0x00, 0x00, 0x00, 0x00,
  0x00, 0x00, 0x00, 0x00, 0x00, 0x00, 0x00, 0x00, 0x00, 0x00, 0x00, 0x00, 0x00, 0x00, 0x00, 0x00,
  0x00, 0x00, 0x00, 0x00, 0x00, 0x00, 0x00, 0x00, 0x00, 0x00, 0x00, 0x00, 0x00, 0x00, 0x00, 0x00,
  0x00, 0x00, 0x00, 0x00, 0x00, 0x00, 0x00, 0x00, 0x00, 0x00, 0xe0, 0x78, 0xc0, 0x68, 0xc0, 0x68,
  0x40, 0x69, 0x00, 0x00, 0x00, 0x00, 0x00, 0x00, 0x00, 0x00, 0x00, 0x00, 0x00, 0x00, 0x00, 0x00,
  0x00, 0x00, 0xc0, 0x78, 0xc0, 0x78, 0xe0, 0x80, 0x80, 0x70, 0x80, 0x70, 0x00, 0x00, 0xe0, 0x78,
  0x80, 0x61, 0xe0, 0x7b, 0x00, 0xa8, 0x00, 0x89, 0x20, 0x79, 0x60, 0xa1, 0x00, 0xa8, 0x00, 0x78,
  0xe0, 0xb9, 0xe0, 0x78, 0x00, 0xf8, 0xa0, 0x52, 0x00, 0x38, 0x00, 0xb8, 0xa0, 0x52, 0x00, 0xa8,
  0x00, 0xf8, 0x00, 0x78, 0xa0, 0x52, 0xa0, 0x80, 0xa0, 0x88, 0xc0, 0x90, 0xc0, 0xa8, 0x20, 0xb9,
  0x00, 0xc9, 0x60, 0xf2, 0x00, 0xa1, 0x00, 0x68, 0x00, 0x58, 0x20, 0x58, 0x40, 0x68, 0x20, 0x60,
  0x40, 0x70, 0x20, 0x60, 0x00, 0x48, 0x20, 0x58, 0x00, 0x50, 0x20, 0x60, 0x40, 0x78, 0x40, 0x70,
  0x40, 0x68, 0x20, 0x68, 0x40, 0x78, 0x40, 0x78, 0x60, 0x98, 0x40, 0x98, 0x60, 0xb8, 0x40, 0xfa,
  0xc0, 0xc0, 0x80, 0xb8, 0x00, 0xd9, 0x20, 0xd8, 0xc2, 0xea, 0xfc, 0xf7, 0x51, 0xff, 0xcc, 0xfe,
  0x4c, 0xfe, 0x4c, 0xfe, 0x0c, 0xfe, 0xeb, 0xfd, 0x6a, 0xfd, 0x26, 0xfc, 0x66, 0xfc, 0x67, 0xfc,
  0xc5, 0xfb, 0xa5, 0xfb, 0xc3, 0xfa, 0xe3, 0xfa, 0x44, 0xfb, 0xe3, 0xfa, 0xe3, 0xfa, 0xc3, 0xfa,
  0x82, 0xfa, 0xa3, 0xfa, 0x41, 0xfa, 0x09, 0xfe, 0x71, 0xff, 0x4f, 0xff, 0xb3, 0xff, 0xd2, 0xfe,
  0x60, 0xf0, 0xa0, 0xd0, 0x00, 0xc1, 0xc0, 0xb0, 0x80, 0xc1, 0xa0, 0x98, 0x80, 0x98, 0xa0, 0xa0,
  0x60, 0x80, 0x60, 0x80, 0x80, 0x90, 0x20, 0xc1, 0xc0, 0xa0, 0x80, 0x88, 0x20, 0x78, 0x40, 0x90,
  0xe0, 0xd0, 0xa0, 0xc0, 0xc0, 0xa0, 0x60, 0x80, 0xa0, 0x88, 0x80, 0x80, 0xc0, 0x88, 0xa0, 0x88,
  0xa0, 0x80, 0x80, 0x78, 0x80, 0x80, 0xe0, 0xff, 0x20, 0x91, 0xa0, 0x88, 0xc0, 0x88, 0x00, 0x89,
  0xc0, 0x98, 0x80, 0x90, 0x20, 0x91, 0x80, 0x99, 0x00, 0x60, 0x00, 0x78, 0x00, 0x00, 0x00, 0xa8,
  0x00, 0x00, 0xc0, 0x88, 0xc0, 0x88, 0xa0, 0x78, 0x00, 0xa8, 0x00, 0xf8, 0x00, 0x78, 0x00, 0x00,
  0x00, 0x78, 0x00, 0x50, 0x00, 0xf8, 0x80, 0x99, 0x00, 0xf8, 0x00, 0xf8, 0xe0, 0x78, 0x00, 0x90,
  0x00, 0x00, 0x00, 0x68, 0xe0, 0x78, 0x20, 0x69, 0x20, 0x79, 0xa0, 0x70, 0xc0, 0x78, 0x00, 0x00,
  0x40, 0x79, 0xe0, 0x60, 0xc0, 0x68, 0xe0, 0x70, 0x00, 0x00, 0x00, 0x78, 0x40, 0x79, 0xa0, 0x58,
  0xa0, 0x58, 0xe0, 0x68, 0x40, 0x51, 0x00, 0x78, 0x00, 0x00, 0x00, 0x00, 0x00, 0x00, 0x00, 0x00,
  0x00, 0x00, 0xe0, 0x7b, 0x00, 0x78, 0x00, 0x00, 0x00, 0x00, 0x00, 0x00, 0x00, 0x00, 0x00, 0x00,
  0x00, 0x00, 0x00, 0x00, 0x00, 0x00, 0x00, 0x00, 0x00, 0x00, 0x00, 0x00, 0x00, 0x00, 0x00, 0x00,
  0x00, 0x00, 0x00, 0x00, 0x00, 0x00, 0x00, 0x00, 0x00, 0x00, 0x00, 0x00, 0x00, 0x00, 0x00, 0x00,
  0x00, 0x00, 0x00, 0x00, 0x00, 0x00, 0x00, 0x00, 0x00, 0x00, 0x00, 0x00, 0x00, 0x00, 0x00, 0x00,
  0x00, 0x00, 0x00, 0x00, 0x00, 0x78, 0x00, 0xf8, 0x00, 0x50, 0xe0, 0x58, 0x00, 0x00, 0x00, 0x00,
  0x00, 0x00, 0x00, 0x00, 0x00, 0x00, 0x00, 0x00, 0x00, 0x00, 0x00, 0x00, 0xc0, 0x58, 0xc0, 0x60,
  0x00, 0x00, 0x00, 0x00, 0x00, 0x00, 0x00, 0x00, 0x00, 0x00, 0x00, 0x00, 0x00, 0x00, 0x00, 0x00,
  0x00, 0x00, 0x00, 0x00, 0x00, 0x00, 0x00, 0x00, 0x00, 0x00, 0x00, 0x00, 0x00, 0x00, 0x00, 0x00,
  0x00, 0x00, 0x00, 0x78, 0xc0, 0x60, 0xe0, 0x70, 0x00, 0x78, 0x00, 0x00, 0x00, 0x00, 0x00, 0x00,
  0x00, 0x00, 0x00, 0x00, 0x00, 0x00, 0x00, 0x00, 0x00, 0x00, 0x00, 0x00, 0x00, 0x78, 0xc0, 0x80,
  0xa0, 0x78, 0xa0, 0x78, 0x40, 0x79, 0x00, 0x00, 0x20, 0x91, 0x00, 0xa8, 0x00, 0x78, 0xe0, 0x98,
  0x60, 0xa1, 0x20, 0x89, 0x20, 0x91, 0x40, 0xa9, 0x20, 0x91, 0xe0, 0x88, 0xe0, 0x78, 0xa0, 0x52,
  0x00, 0x00, 0x00, 0xa8, 0x80, 0x99, 0x20, 0xb1, 0x40, 0xa9, 0x80, 0xc9, 0xe0, 0x80, 0xa0, 0x88,
  0xc0, 0x88, 0xc0, 0x80, 0xc0, 0x90, 0xe0, 0xa0, 0x60, 0xb1, 0x80, 0xc9, 0xe0, 0xc8, 0x40, 0x70,
  0x20, 0x70, 0x00, 0x60, 0x00, 0x58, 0x20, 0x68, 0x40, 0x70, 0x40, 0x70, 0x60, 0x88, 0x20, 0x60,
  0x00, 0x38, 0x20, 0x50, 0x20, 0x58, 0x20, 0x50, 0x00, 0x48, 0x20, 0x60, 0x80, 0x90, 0x40, 0x80,
  0x20, 0x70, 0x60, 0x90, 0x40, 0x90, 0xa0, 0xc8, 0x40, 0xfa, 0x60, 0xb8, 0xa0, 0xc0, 0x00, 0xd9,
  0x00, 0xd0, 0x65, 0xec, 0xfa, 0xff, 0x50, 0xff, 0x8b, 0xfe, 0x0c, 0xfe, 0x0c, 0xfe, 0x8a, 0xfd,
  0x29, 0xfd, 0xab, 0xfd, 0xa7, 0xfc, 0x64, 0xfb, 0x23, 0xfb, 0x03, 0xfb, 0x64, 0xfb, 0xe3, 0xfa,
  0xa4, 0xfb, 0xe5, 0xfb, 0x82, 0xfa, 0xa2, 0xfa, 0x62, 0xfa, 0x62, 0xfa, 0x01, 0xfa, 0x64, 0xfb,
  0x88, 0xfe, 0x0f, 0xff, 0x91, 0xff, 0xf6, 0xff, 0x8b, 0xfd, 0x40, 0xf0, 0xc0, 0xd0, 0xe0, 0xc0,
  0xc0, 0xb0, 0xc0, 0xa8, 0x60, 0x90, 0x40, 0x88, 0x60, 0x90, 0x60, 0x88, 0xa0, 0xa0, 0xa0, 0x98,
  0x60, 0x88, 0x60, 0x88, 0x20, 0xb1, 0x40, 0xb1, 0x20, 0x78, 0x00, 0xc1, 0x00, 0xc9, 0xc0, 0xa8,
  0x80, 0x90, 0xa0, 0x88, 0x60, 0x78, 0xc0, 0x88, 0xa0, 0x88, 0x80, 0x88, 0xa0, 0x80, 0xa0, 0x80,
  0xe0, 0x90, 0x80, 0x98, 0xe0, 0x88, 0xe0, 0x90, 0xe0, 0x88, 0xc0, 0x90, 0xc0, 0x98, 0xc0, 0x98,
  0x80, 0x79, 0x00, 0x78, 0x00, 0x78, 0x40, 0x79, 0x40, 0x79, 0x80, 0x61, 0xe0, 0x80, 0xe0, 0x80,
  0x00, 0x00, 0x00, 0x78, 0x00, 0xa8, 0xe0, 0x70, 0xc0, 0x78, 0x40, 0x79, 0xe0, 0x79, 0x00, 0x78,
  0x00, 0x78, 0xe0, 0xb9, 0x00, 0x00, 0x00, 0x00, 0x00, 0xa8, 0x00, 0xa8, 0x00, 0x68, 0x20, 0x71,
  0xe0, 0x70, 0xe0, 0x88, 0xa0, 0x70, 0xa0, 0x68, 0xe0, 0x79, 0xa0, 0x68, 0xe0, 0x68, 0xe0, 0x70,
  0x00, 0x50, 0x00, 0x00, 0x00, 0x00, 0x00, 0x38, 0xe0, 0x70, 0x00, 0x61, 0xc0, 0x60, 0xc0, 0x60,
  0x00, 0x78, 0xe0, 0x79, 0x00, 0x00, 0x00, 0xf8, 0x00, 0x00, 0x00, 0x00, 0x00, 0x00, 0x00, 0x00,
  0x00, 0x00, 0x00, 0x00, 0x00, 0x00, 0x00, 0x00, 0x00, 0x00, 0x00, 0x00, 0x00, 0x00, 0x00, 0x00,
  0x00, 0x00, 0x00, 0x00, 0x00, 0x00, 0x00, 0x00, 0x00, 0x00, 0x00, 0x00, 0x00, 0x00, 0x00, 0x00,
  0x00, 0x00, 0x00, 0x00, 0x00, 0x00, 0x00, 0x00, 0x00, 0x00, 0x00, 0x00, 0x00, 0x00, 0x00, 0x00,
  0x00, 0x00, 0x00, 0x00, 0x00, 0x00, 0x00, 0x00, 0x00, 0x00, 0x00, 0x00, 0x00, 0x00, 0xc0, 0x48,
  0x80, 0x50, 0xa0, 0x50, 0x60, 0x48, 0x00, 0x00, 0x00, 0x00, 0x00, 0x00, 0x00, 0x00, 0x00, 0x00,
  0x00, 0x00, 0x00, 0x00, 0x00, 0x00, 0xa0, 0x58, 0xa0, 0x58, 0x00, 0x00, 0x00, 0x00, 0x00, 0x00,
  0x00, 0x00, 0x00, 0x00, 0x00, 0x00, 0x00, 0x00, 0x00, 0x00, 0x00, 0x00, 0x00, 0x00, 0x00, 0x00,
  0x00, 0x00, 0x00, 0x00, 0x00, 0x00, 0x00, 0x00, 0x00, 0x00, 0x00, 0x00, 0x00, 0x00, 0x00, 0x00,
  0x00, 0x00, 0x00, 0xf8, 0x00, 0x00, 0x00, 0x00, 0x00, 0x00, 0x00, 0x00, 0x00, 0x00, 0x00, 0x00,
  0x00, 0x00, 0x00, 0x00, 0x00, 0x00, 0xc0, 0x78, 0xc0, 0x78, 0xa0, 0x80, 0xc0, 0x80, 0x40, 0x79,
  0x00, 0x78, 0x00, 0x00, 0x00, 0x78, 0x40, 0x79, 0xe0, 0x80, 0xe0, 0x98, 0x00, 0x78, 0x00, 0xf8,
  0x80, 0x99, 0x00, 0xf8, 0x00, 0xf8, 0x00, 0x78, 0x00, 0x00, 0x00, 0x78, 0x00, 0xa8, 0xe0, 0x79,
  0xe0, 0x90, 0x80, 0x88, 0x60, 0x78, 0xc0, 0x90, 0xa0, 0x88, 0xc0, 0xa0, 0xa0, 0x98, 0xc0, 0x98,
  0xa0, 0x90, 0x60, 0x88, 0x60, 0x90, 0xa0, 0xb8, 0x60, 0x90, 0x40, 0x78, 0x40, 0x78, 0x40, 0x70,
  0x20, 0x70, 0x40, 0x98, 0x20, 0x68, 0x20, 0x68, 0x40, 0xc9, 0xa0, 0x80, 0x40, 0x80, 0x60, 0x88,
  0x20, 0x60, 0x20, 0x60, 0x20, 0x68, 0x20, 0x60, 0x20, 0x60, 0x40, 0x80, 0x40, 0x78, 0x20, 0x88,
  0x60, 0xe1, 0x00, 0xfa, 0x20, 0xb0, 0xc0, 0xc0, 0xc0, 0xd8, 0x00, 0xe0, 0x0d, 0xfd, 0xf9, 0xff,
  0x0f, 0xff, 0xea, 0xfd, 0x08, 0xfd, 0x0b, 0xfe, 0x08, 0xfd, 0x26, 0xfc, 0xc8, 0xfc, 0x29, 0xfd,
  0x87, 0xfc, 0xa5, 0xfb, 0x03, 0xfb, 0x03, 0xfb, 0xa2, 0xfa, 0x28, 0xfd, 0x48, 0xfd, 0x43, 0xfb,
  0x22, 0xfb, 0xc3, 0xfa, 0xa3, 0xfa, 0xc0, 0xf9, 0x27, 0xfc, 0x6a, 0xfe, 0xee, 0xfe, 0xb3, 0xff,
  0xfa, 0xff, 0xc7, 0xfd, 0x60, 0xf8, 0xc0, 0xd8, 0xa0, 0xb8, 0xc0, 0xb8, 0x00, 0xb9, 0x60, 0x98,
  0x40, 0x80, 0x20, 0x88, 0x60, 0x90, 0x40, 0x90, 0x60, 0x98, 0x60, 0x88, 0x20, 0x70, 0x60, 0x90,
  0x60, 0x88, 0x80, 0x98, 0xa0, 0xa8, 0x40, 0x80, 0xa0, 0x90, 0x80, 0x90, 0x80, 0x88, 0x60, 0x88,
  0x80, 0x80, 0xa0, 0x88, 0xc0, 0x88, 0xa0, 0x88, 0xc0, 0x88, 0xc0, 0x90, 0xe0, 0x90, 0xc0, 0x98,
  0xa0, 0xfa, 0x20, 0x91, 0xa0, 0x78, 0xe0, 0x70, 0x80, 0x99, 0xe0, 0x78, 0xe0, 0x78, 0x00, 0x00,
  0x00, 0x50, 0x00, 0x00, 0x00, 0xa8, 0x00, 0x50, 0x00, 0x78, 0x00, 0xa8, 0x00, 0x78, 0x00, 0xf8,
  0xe0, 0x7b, 0x00, 0x78, 0x00, 0x00, 0x00, 0xf8, 0x00, 0x00, 0x00, 0x00, 0x00, 0xf8, 0x00, 0x00,
  0xe0, 0x7b, 0x00, 0x50, 0x20, 0x69, 0x00, 0x78, 0x00, 0x78, 0x00, 0x78, 0x00, 0x78, 0x60, 0x70,
  0xc0, 0x60, 0x00, 0x00, 0xe0, 0x50, 0xe0, 0x70, 0x40, 0x79, 0xc0, 0x60, 0x80, 0x60, 0x00, 0x78,
  0x00, 0x38, 0xc0, 0x60, 0x60, 0x58, 0xa0, 0x58, 0xe0, 0x50, 0x00, 0x00, 0x00, 0x00, 0x00, 0x00,
  0x00, 0x00, 0x00, 0x00, 0x00, 0x00, 0xc0, 0x48, 0x40, 0x51, 0xe0, 0x7b, 0x00, 0x00, 0x00, 0x00,
  0x00, 0x00, 0x00, 0x00, 0x00, 0x00, 0x00, 0x00, 0x00, 0x00, 0x00, 0x00, 0x00, 0x00, 0x00, 0x00,
  0x00, 0x00, 0x00, 0x00, 0x00, 0x00, 0x00, 0x00, 0x00, 0x00, 0x00, 0x00, 0x00, 0x00, 0x00, 0x00,
  0x00, 0x00, 0x00, 0x00, 0x00, 0x00, 0x00, 0x00, 0x00, 0x00, 0x00, 0x00, 0x00, 0x00, 0x00, 0x00,
  0x00, 0x00, 0x00, 0x00, 0x00, 0x00, 0x00, 0x00, 0x00, 0x00, 0x80, 0x50, 0xa0, 0x58, 0xc0, 0x50,
  0x00, 0x00, 0x00, 0x00, 0x00, 0x00, 0x00, 0x00, 0x00, 0x00, 0x00, 0x00, 0x00, 0x00, 0x00, 0x00,
  0x00, 0x00, 0x00, 0x00, 0x00, 0xf8, 0x00, 0x00, 0x00, 0x00, 0x00, 0x00, 0x00, 0x00, 0x00, 0x00,
  0x00, 0x00, 0x00, 0x00, 0x00, 0x00, 0x00, 0x00, 0x00, 0x00, 0x00, 0x00, 0x00, 0x00, 0x00, 0x00,
  0x00, 0x00, 0x00, 0x00, 0x00, 0x00, 0x00, 0x00, 0x00, 0x00, 0x00, 0x00, 0x00, 0x00, 0x00, 0x00,
  0x00, 0x00, 0x00, 0x00, 0x00, 0x00, 0x00, 0x00, 0x00, 0x00, 0x00, 0x00, 0x00, 0x00, 0xc0, 0x78,
  0xe0, 0x78, 0x40, 0x79, 0xe0, 0x88, 0xc0, 0x80, 0xe0, 0x78, 0xe0, 0xb9, 0xe0, 0x79, 0x00, 0x00,
  0x00, 0x00, 0x00, 0x00, 0xe0, 0x98, 0x40, 0x91, 0x00, 0x00, 0x00, 0x78, 0xe0, 0x7b, 0xa0, 0xaa,
  0xe0, 0xfb, 0x00, 0x00, 0x00, 0x00, 0x00, 0xf8, 0x00, 0x98, 0xc0, 0x80, 0x60, 0x80, 0x60, 0x78,
  0xa0, 0x80, 0xa0, 0x80, 0xc0, 0xa0, 0xc0, 0xa0, 0x80, 0x80, 0xa0, 0x90, 0x80, 0x90, 0x40, 0x70,
  0x60, 0x90, 0xa0, 0xa0, 0x60, 0x88, 0x60, 0x80, 0x60, 0x78, 0x00, 0x60, 0x80, 0x98, 0x60, 0x88,
  0x20, 0x50, 0xc0, 0x80, 0x60, 0x80, 0x00, 0x60, 0x00, 0x60, 0x00, 0xa9, 0x80, 0x90, 0x20, 0x68,
  0x20, 0x68, 0x20, 0x68, 0x20, 0x70, 0x20, 0x78, 0x20, 0x98, 0x20, 0xf2, 0xa0, 0xe9, 0x60, 0xc0,
  0xc0, 0xb8, 0x40, 0xd0, 0x60, 0xe8, 0x52, 0xfe, 0xfa, 0xff, 0xad, 0xfe, 0x68, 0xfd, 0x87, 0xfc,
  0xeb, 0xfd, 0xc8, 0xfc, 0xe5, 0xfb, 0xe5, 0xfb, 0xe8, 0xfc, 0x46, 0xfc, 0xa2, 0xfa, 0x44, 0xfb,
  0x64, 0xfb, 0xc3, 0xfa, 0x82, 0xfa, 0x84, 0xfb, 0xa4, 0xfb, 0x23, 0xfb, 0x04, 0xfb, 0xc3, 0xfa,
  0x80, 0xf9, 0x05, 0xfc, 0x88, 0xfd, 0xed, 0xfe, 0x90, 0xff, 0xf9, 0xff, 0x64, 0xfc, 0x00, 0xf0,
  0x00, 0xe1, 0x80, 0xb0, 0xa0, 0xb0, 0xe0, 0xb0, 0x20, 0x90, 0x40, 0x88, 0x60, 0x90, 0x60, 0x88,
  0x40, 0x80, 0x80, 0xa0, 0x60, 0x90, 0x20, 0x68, 0x40, 0x88, 0x60, 0x88, 0x80, 0xa0, 0x60, 0x98,
  0x40, 0x78, 0xa0, 0x90, 0x60, 0x80, 0x80, 0x80, 0x60, 0x80, 0x60, 0x88, 0x80, 0x88, 0xc0, 0x88,
  0x80, 0x88, 0xa0, 0x80, 0xe0, 0x88, 0xc0, 0x88, 0xa0, 0xa0, 0xa0, 0x88, 0xe0, 0x78, 0xe0, 0x98,
  0x00, 0x98, 0xe0, 0x78, 0xe0, 0x88, 0xe0, 0x88, 0x20, 0x91, 0x00, 0xf8, 0xe0, 0x78, 0x00, 0x98,
  0xe0, 0x88, 0xe0, 0x88, 0x00, 0x00, 0x00, 0xa8, 0x00, 0x78, 0x00, 0xf8, 0x00, 0x00, 0x00, 0x00,
  0x00, 0x00, 0x00, 0x50, 0xe0, 0x98, 0x00, 0xf8, 0x00, 0x00, 0x00, 0x50, 0xe0, 0x78, 0x00, 0x78,
  0x00, 0x00, 0x00, 0x00, 0x00, 0x00, 0x00, 0x78, 0xe0, 0x70, 0xa0, 0x78, 0xa0, 0x68, 0xe0, 0x70,
  0x40, 0x51, 0x00, 0x60, 0x00, 0x61, 0xe0, 0x70, 0x00, 0x00, 0x00, 0x78, 0x80, 0x60, 0x80, 0x70,
  0x00, 0x00, 0x00, 0x00, 0x00, 0x00, 0x00, 0xf8, 0x00, 0x00, 0x00, 0x00, 0x00, 0x00, 0x40, 0x79,
  0xa0, 0x50, 0xa0, 0x48, 0x80, 0x50, 0x60, 0x50, 0x00, 0x00, 0x00, 0x60, 0x00, 0x00, 0x00, 0x00,
  0x00, 0x00, 0x00, 0x00, 0x00, 0x00, 0x00, 0x00, 0x00, 0x00, 0x00, 0x00, 0x00, 0x00, 0x00, 0x00,
  0x00, 0x00, 0x00, 0x00, 0x00, 0x00, 0x00, 0x00, 0x00, 0x00, 0x00, 0x00, 0x00, 0x00, 0x00, 0x00,
  0x00, 0x00, 0x00, 0x00, 0x00, 0x00, 0x00, 0x00, 0x00, 0x00, 0x00, 0x00, 0x00, 0x00, 0x00, 0x00,
  0x00, 0x00, 0x00, 0x00, 0xe0, 0x38, 0xa0, 0x58, 0xa0, 0x50, 0x00, 0x00, 0x00, 0x00, 0x00, 0x00,
  0x00, 0x00, 0x00, 0x00, 0x00, 0x00, 0x00, 0x00, 0x00, 0x00, 0x00, 0x00, 0x00, 0x00, 0x00, 0x00,
  0x00, 0x00, 0x00, 0x00, 0x00, 0x00, 0x00, 0x00, 0x00, 0x00, 0x00, 0x00, 0x00, 0x00, 0x00, 0x00,
  0x00, 0x00, 0x00, 0x00, 0x00, 0x00, 0x00, 0x00, 0x00, 0x00, 0x00, 0x00, 0x00, 0x00, 0x00, 0x00,
  0x00, 0x00, 0x00, 0x00, 0x00, 0x00, 0x00, 0x00, 0x00, 0x00, 0x00, 0x00, 0x00, 0x00, 0x00, 0x00,
  0x00, 0x00, 0x00, 0x00, 0x00, 0xf8, 0xe0, 0x79, 0xc0, 0x78, 0xc0, 0x78, 0x00, 0x00, 0xc0, 0x78,
  0xc0, 0x78, 0xc0, 0x78, 0xe0, 0x79, 0xa0, 0x52, 0x00, 0x00, 0x00, 0x00, 0x00, 0xf8, 0x00, 0x00,
  0x00, 0xf8, 0x00, 0xf8, 0x00, 0x78, 0xe0, 0x78, 0x80, 0x61, 0x40, 0x91, 0x00, 0xf8, 0x00, 0x00,
  0x00, 0xf8, 0x00, 0x00, 0xa0, 0x88, 0xa0, 0x88, 0x80, 0x80, 0x80, 0x80, 0x80, 0x80, 0xc0, 0x98,
  0xc0, 0x90, 0xa0, 0x90, 0x80, 0x90, 0xc0, 0x98, 0x80, 0x88, 0x60, 0x88, 0x80, 0x88, 0x40, 0x78,
  0x40, 0x78, 0x60, 0x78, 0x20, 0x60, 0x60, 0x80, 0x40, 0x80, 0x20, 0x60, 0x40, 0x80, 0x00, 0x60,
  0x00, 0x60, 0x00, 0x50, 0x20, 0x68, 0x00, 0x68, 0x20, 0x68, 0x00, 0x68, 0x20, 0x70, 0x40, 0x88,
  0x20, 0x80, 0x60, 0xa8, 0x80, 0xfa, 0x00, 0xe1, 0xa0, 0xc8, 0xa0, 0xc0, 0x00, 0xc8, 0x60, 0xe9,
  0xb6, 0xff, 0xb8, 0xff, 0x6b, 0xfe, 0xe7, 0xfc, 0xe4, 0xfb, 0xc7, 0xfc, 0x05, 0xfc, 0x06, 0xfc,
  0x67, 0xfc, 0x28, 0xfd, 0x49, 0xfd, 0x03, 0xfb, 0x84, 0xfb, 0x05, 0xfc, 0xa4, 0xfb, 0x03, 0xfb,
  0x62, 0xfa, 0x23, 0xfb, 0xc2, 0xfa, 0x04, 0xfb, 0x82, 0xfa, 0x80, 0xf9, 0x26, 0xfc, 0x69, 0xfd,
  0x51, 0xff, 0x51, 0xff, 0xf6, 0xff, 0x40, 0xfa, 0x00, 0xf0, 0xe0, 0xd8, 0x60, 0xa0, 0xe0, 0xb8,
  0xc0, 0xa8, 0x20, 0x88, 0x60, 0x88, 0x80, 0x98, 0x60, 0x88, 0x60, 0x88, 0xa0, 0xa0, 0x60, 0x88,
  0x20, 0x78, 0x60, 0x88, 0x80, 0x90, 0x80, 0x98, 0x40, 0x80, 0xa0, 0x90, 0x80, 0x88, 0x80, 0x88,
  0x80, 0x88, 0x80, 0x88, 0x80, 0x88, 0xa0, 0x90, 0xc0, 0x90, 0xe0, 0x88, 0x80, 0x88, 0xa0, 0x88,
  0xc0, 0x90, 0xe0, 0x90, 0xe0, 0x88, 0xe0, 0x90, 0xc0, 0x98, 0x00, 0x90, 0xc0, 0x98, 0x00, 0x78,
  0xe0, 0x98, 0xe0, 0x88, 0x00, 0xa8, 0x20, 0x91, 0xe0, 0x80, 0xa0, 0x88, 0xe0, 0x80, 0x00, 0x00,
  0x00, 0xa8, 0x00, 0x78, 0x00, 0x78, 0x00, 0xf8, 0x00, 0xf8, 0x00, 0xa8, 0x80, 0x88, 0x20, 0x79,
  0x00, 0xf8, 0x00, 0xf8, 0x00, 0x00, 0xa0, 0x52, 0x00, 0x78, 0x00, 0x78, 0x00, 0x00, 0x00, 0x00,
  0x40, 0x51, 0x20, 0x69, 0xa0, 0x78, 0xa0, 0x70, 0xe0, 0x70, 0x40, 0x51, 0x00, 0x78, 0xe0, 0x70,
  0x80, 0x68, 0xa0, 0x60, 0xa0, 0x60, 0x00, 0x68, 0x00, 0x78, 0x00, 0x50, 0x00, 0x00, 0x00, 0x00,
  0x00, 0x00, 0x00, 0xf8, 0x00, 0xf8, 0x00, 0x78, 0x00, 0x78, 0xc0, 0x48, 0xc0, 0x50, 0x80, 0x48,
  0xc0, 0x50, 0xa0, 0x40, 0xe0, 0x38, 0x00, 0xf8, 0x00, 0x00, 0x00, 0x00, 0x00, 0x00, 0x00, 0x00,
  0x00, 0x00, 0x00, 0x00, 0x00, 0x00, 0x00, 0x00, 0x00, 0x00, 0x00, 0x00, 0x00, 0x00, 0x00, 0xf8,
  0x00, 0x00, 0x00, 0x00, 0x00, 0x00, 0x00, 0x00, 0x00, 0x00, 0x00, 0x00, 0x00, 0x00, 0x00, 0x00,
  0x00, 0x00, 0x00, 0x00, 0x00, 0x00, 0x00, 0x00, 0x00, 0x00, 0x00, 0x00, 0x00, 0x00, 0x00, 0x00,
  0x00, 0x00, 0x00, 0x00, 0x00, 0x00, 0x00, 0x00, 0x00, 0x00, 0x00, 0x00, 0x00, 0x00, 0x00, 0x00,
  0x00, 0x00, 0x00, 0x00, 0x00, 0x00, 0x00, 0x00, 0x00, 0x00, 0x00, 0x00, 0x00, 0x00, 0x00, 0x00,
  0x00, 0x00, 0x00, 0x00, 0x00, 0x00, 0x00, 0x00, 0x00, 0x00, 0x00, 0x00, 0x00, 0x00, 0x00, 0x00,
  0x00, 0x00, 0x00, 0x00, 0x00, 0x00, 0x00, 0x00, 0x00, 0x00, 0x00, 0x00, 0x00, 0x00, 0x00, 0x00,
  0x00, 0x00, 0x00, 0x00, 0x00, 0x00, 0x00, 0x00, 0x00, 0x00, 0x00, 0x00, 0x00, 0x00, 0x00, 0x00,
  0x00, 0xa8, 0xc0, 0x78, 0x00, 0x78, 0x00, 0xf8, 0xe0, 0x80, 0xc0, 0x80, 0x00, 0x98, 0x00, 0xa8,
  0x00, 0xf8, 0x00, 0x00, 0x00, 0x00, 0x00, 0x00, 0x00, 0x00, 0x00, 0x00, 0x00, 0xf8, 0x00, 0x00,
  0x40, 0x79, 0xc0, 0x78, 0xa0, 0x70, 0x00, 0x00, 0x00, 0xf8, 0x00, 0x00, 0x00, 0x00, 0xc0, 0x90,
  0xc0, 0x98, 0xa0, 0x88, 0xa0, 0x80, 0xa0, 0x80, 0xa0, 0x88, 0xc0, 0x98, 0xe0, 0x90, 0xa0, 0x98,
  0xe0, 0x98, 0x80, 0x88, 0x60, 0x88, 0x80, 0x98, 0x40, 0x80, 0x60, 0x80, 0x60, 0x80, 0x80, 0x88,
  0x80, 0x88, 0x60, 0x88, 0x20, 0x70, 0x00, 0x68, 0x20, 0x68, 0x00, 0x58, 0x20, 0x68, 0x40, 0x78,
  0x00, 0x68, 0x20, 0x68, 0x20, 0x68, 0x20, 0x68, 0x40, 0x80, 0x00, 0x78, 0xc0, 0xc0, 0x80, 0xfa,
  0x80, 0xc8, 0x80, 0xc0, 0x80, 0xb0, 0x00, 0xc8, 0x44, 0xfa, 0xfc, 0xff, 0x32, 0xff, 0x88, 0xfd,
  0xc7, 0xfc, 0x0b, 0xfe, 0x69, 0xfd, 0x25, 0xfc, 0x08, 0xfd, 0x49, 0xfd, 0x8d, 0xfe, 0x08, 0xfd,
  0x84, 0xfb, 0x43, 0xfb, 0xa5, 0xfb, 0xe6, 0xfb, 0xc3, 0xfa, 0xa3, 0xfa, 0xe3, 0xfa, 0xa2, 0xfa,
  0x24, 0xfb, 0xe3, 0xfa, 0xe1, 0xf9, 0x66, 0xfc, 0x0c, 0xfe, 0x72, 0xff, 0x53, 0xff, 0xd1, 0xff,
  0x40, 0xf1, 0x00, 0xf0, 0x00, 0xd9, 0x40, 0xa0, 0xe0, 0xb8, 0xc0, 0xa8, 0x40, 0x90, 0x80, 0xa0,
  0x60, 0x90, 0x40, 0x80, 0x40, 0x80, 0x60, 0x90, 0x20, 0x78, 0x60, 0x80, 0x60, 0x80, 0x40, 0x78,
  0x20, 0x78, 0x40, 0x78, 0xa0, 0x98, 0x60, 0x88, 0xa0, 0x88, 0x80, 0x90, 0x80, 0x88, 0xa0, 0x88,
  0xe0, 0x90, 0xe0, 0x88, 0x40, 0xa9, 0xa0, 0x90, 0xa0, 0x90, 0xa0, 0x88, 0x40, 0x79, 0xc0, 0x88,
  0x80, 0x80, 0x20, 0xb1, 0xe0, 0x98, 0x00, 0xa8, 0x00, 0x00, 0x00, 0x78, 0x00, 0xa8, 0xa0, 0x80,
  0xe0, 0x88, 0x00, 0x78, 0xe0, 0x79, 0xc0, 0x78, 0x00, 0x00, 0x00, 0x00, 0x00, 0x00, 0x00, 0x00,
  0x80, 0x99, 0x00, 0x50, 0x00, 0xf8, 0xc0, 0x78, 0x00, 0x71, 0x80, 0x99, 0x00, 0x78, 0x00, 0xf8,
  0x00, 0x00, 0x00, 0x00, 0x00, 0xf8, 0xe0, 0x78, 0x00, 0xf8, 0xa0, 0x70, 0x60, 0x70, 0x80, 0x70,
  0x80, 0x60, 0xc0, 0x68, 0x60, 0x68, 0xc0, 0x78, 0x80, 0x58, 0xc0, 0x68, 0xa0, 0x68, 0xe0, 0x68,
  0x00, 0x78, 0x00, 0x78, 0x00, 0x00, 0x00, 0x00, 0x00, 0x00, 0x00, 0x00, 0x00, 0x00, 0x00, 0x00,
  0xe0, 0x7b, 0x00, 0x38, 0xe0, 0x39, 0x00, 0x78, 0xa0, 0x52, 0x00, 0x00, 0x00, 0x50, 0x00, 0x00,
  0x00, 0x00, 0x00, 0x00, 0x00, 0x00, 0x00, 0x00, 0x00, 0x00, 0x00, 0x00, 0x00, 0x00, 0x00, 0x00,
  0x00, 0x00, 0x00, 0x00, 0x00, 0x00, 0x00, 0x00, 0x00, 0x00, 0x00, 0x00, 0x00, 0x00, 0x00, 0x00,
  0x00, 0x00, 0x00, 0x00, 0x00, 0x00, 0x00, 0x00, 0x00, 0x00, 0x00, 0x00, 0x00, 0x00, 0x00, 0x00,
  0x00, 0x00, 0x00, 0x00, 0x00, 0x00, 0x00, 0x00, 0x00, 0x00, 0x00, 0x78, 0x00, 0x00, 0x00, 0x00,
  0x00, 0x00, 0x00, 0x00, 0x00, 0x00, 0x00, 0x00, 0x00, 0x00, 0x00, 0x00, 0x00, 0x00, 0x00, 0x00,
  0x00, 0x00, 0x00, 0x00, 0x00, 0x00, 0x00, 0x00, 0x00, 0x00, 0x00, 0x00, 0x00, 0x00, 0x00, 0x00,
  0x00, 0x00, 0x00, 0x00, 0x00, 0x00, 0x00, 0x00, 0x00, 0x00, 0x00, 0x00, 0x00, 0x00, 0x00, 0x00,
  0x00, 0x00, 0x00, 0x00, 0x00, 0x00, 0x00, 0x00, 0x00, 0x00, 0x00, 0x00, 0x00, 0x00, 0x00, 0x00,
  0x00, 0x00, 0x00, 0x00, 0x00, 0x00, 0x00, 0x00, 0x00, 0x00, 0x00, 0x00, 0x00, 0x00, 0x00, 0x00,
  0xe0, 0x78, 0xe0, 0x80, 0xa0, 0x80, 0xa0, 0xaa, 0x00, 0xf8, 0x00, 0x00, 0x00, 0x00, 0x00, 0x00,
  0x00, 0x00, 0x00, 0xf8, 0x00, 0xf8, 0x00, 0xf8, 0x00, 0x78, 0x80, 0x70, 0xe0, 0x88, 0x00, 0x00,
  0x00, 0x00, 0x00, 0x00, 0x00, 0x00, 0x20, 0x91, 0xc0, 0x80, 0xa0, 0x98, 0x80, 0x88, 0x80, 0x80,
  0xa0, 0x88, 0xc0, 0x90, 0xe0, 0x98, 0x60, 0x98, 0xe0, 0x90, 0xa0, 0x98, 0xa0, 0x90, 0x60, 0x88,
  0x60, 0x88, 0x80, 0x88, 0x80, 0x80, 0x60, 0x80, 0xa0, 0x80, 0x60, 0x70, 0x40, 0x70, 0x20, 0x60,
  0x00, 0x48, 0x00, 0x58, 0x00, 0x60, 0x20, 0x58, 0x20, 0x70, 0x20, 0x70, 0x20, 0x70, 0x20, 0x70,
  0x20, 0x70, 0x40, 0x78, 0x00, 0x78, 0x40, 0xc9, 0x40, 0xfa, 0x60, 0xc0, 0x40, 0xa8, 0x60, 0xa8,
  0x00, 0xd0, 0x47, 0xfb, 0xfd, 0xff, 0xee, 0xfe, 0x8e, 0xfe, 0x29, 0xfd, 0x48, 0xfd, 0x69, 0xfd,
  0xa7, 0xfc, 0x08, 0xfd, 0x28, 0xfd, 0x26, 0xfc, 0x03, 0xfb, 0xc5, 0xfb, 0xe3, 0xfa, 0xa3, 0xfa,
  0xa3, 0xfa, 0x63, 0xfa, 0x42, 0xfa, 0x83, 0xfa, 0x62, 0xfa, 0xc3, 0xfa, 0x04, 0xfb, 0xa1, 0xf9,
  0xc8, 0xfc, 0x0f, 0xff, 0x0b, 0xff, 0xb3, 0xff, 0xef, 0xfe, 0xa0, 0xe8, 0x20, 0xe8, 0x00, 0xd1,
  0x20, 0x98, 0xc0, 0xb0, 0xa0, 0xa0, 0x20, 0x88, 0x80, 0x98, 0x60, 0x90, 0x60, 0x88, 0x60, 0x80,
  0x20, 0x78, 0x20, 0x70, 0x60, 0x80, 0x60, 0x88, 0x60, 0x88, 0x20, 0x70, 0x20, 0x70, 0x80, 0x90,
  0x60, 0x88, 0x80, 0x90, 0xa0, 0x90, 0x80, 0x88, 0xa0, 0x90, 0x80, 0x78, 0x60, 0x88, 0xe0, 0x90,
  0x80, 0x90, 0xc0, 0x90, 0xe0, 0x88, 0x00, 0x89, 0xc0, 0x90, 0xa0, 0x90, 0x20, 0x91, 0xe0, 0x78,
  0x00, 0x78, 0x00, 0xb8, 0xc0, 0x88, 0xc0, 0x88, 0xc0, 0x80, 0xa0, 0x88, 0xc0, 0x80, 0xa0, 0x78,
  0xc0, 0x98, 0x00, 0x00, 0x00, 0xa8, 0x00, 0x78, 0x00, 0x78, 0xa0, 0x88, 0x00, 0x00, 0x00, 0x78,
  0xa0, 0x70, 0x00, 0xf8, 0x00, 0xa8, 0x00, 0x00, 0x00, 0x78, 0x00, 0xa8, 0x00, 0x00, 0x00, 0x78,
  0x80, 0x70, 0x20, 0x69, 0x80, 0x78, 0xa0, 0x68, 0x00, 0x68, 0xe0, 0x68, 0xa0, 0x78, 0xa0, 0x70,
  0xa0, 0x68, 0xc0, 0x68, 0xc0, 0x60, 0x00, 0xf8, 0xa0, 0x70, 0x60, 0x58, 0xe0, 0x70, 0x00, 0x00,
  0x00, 0x00, 0x00, 0xf8, 0x00, 0x00, 0x00, 0x78, 0x00, 0x38, 0xa0, 0x52, 0x00, 0x00, 0x80, 0x61,
  0x20, 0x69, 0x00, 0x50, 0x00, 0x00, 0x00, 0x00, 0x00, 0x00, 0x00, 0x00, 0x00, 0x00, 0x00, 0x00,
  0x00, 0x00, 0x00, 0x00, 0x00, 0xf8, 0x00, 0x00, 0x00, 0x00, 0x00, 0x00, 0x00, 0x00, 0x00, 0x50,
  0x00, 0x00, 0x00, 0x00, 0x00, 0x00, 0x00, 0x00, 0x00, 0x00, 0x00, 0x00, 0x00, 0x00, 0x00, 0x00,
  0x00, 0x00, 0x00, 0x00, 0x00, 0x00, 0x00, 0x00, 0x00, 0x00, 0x00, 0x00, 0x00, 0x00, 0x00, 0x00,
  0x00, 0x00, 0x00, 0x00, 0x00, 0x00, 0x00, 0x00, 0x00, 0x00, 0x00, 0x00, 0x00, 0x00, 0x00, 0x00,
  0x00, 0x00, 0x00, 0x00, 0x00, 0x00, 0x00, 0x00, 0x00, 0x00, 0x00, 0x00, 0x00, 0x00, 0x00, 0x00,
  0x00, 0x00, 0x00, 0x00, 0x00, 0x00, 0x00, 0x00, 0x00, 0x00, 0x00, 0x00, 0x00, 0x00, 0x00, 0x00,
  0x00, 0x00, 0x00, 0x00, 0x00, 0x00, 0x00, 0x00, 0x00, 0x00, 0x00, 0x00, 0x00, 0x00, 0x00, 0x00,
  0x00, 0x00, 0x00, 0x00, 0x00, 0x00, 0x00, 0x00, 0x00, 0x00, 0x00, 0x00, 0x00, 0x00, 0x00, 0xf8,
  0x00, 0x00, 0x00, 0x00, 0x00, 0x00, 0x00, 0x00, 0x00, 0x00, 0x00, 0x00, 0xe0, 0x78, 0xa0, 0x88,
  0xe0, 0x79, 0x00, 0x00, 0x00, 0xf8, 0x00, 0xf8, 0x00, 0x78, 0x00, 0xf8, 0x00, 0x50, 0x00, 0x98,
  0x00, 0xf8, 0xe0, 0x88, 0xa0, 0x78, 0xa0, 0x78, 0x00, 0x78, 0x00, 0x78, 0x00, 0x78, 0x00, 0x00,
  0xa0, 0x80, 0xa0, 0x78, 0x00, 0x78, 0xc0, 0x78, 0xa0, 0x88, 0xa0, 0x88, 0x40, 0x91, 0xe0, 0x98,
  0xe0, 0x78, 0x20, 0x91, 0xa0, 0x90, 0xe0, 0x90, 0xc0, 0x90, 0xc0, 0x90, 0x80, 0x88, 0x80, 0x88,
  0x80, 0x80, 0x80, 0x88, 0x80, 0x88, 0x80, 0x88, 0x60, 0x78, 0x60, 0x78, 0x00, 0x68, 0x20, 0x60,
  0x40, 0x68, 0x20, 0x68, 0x40, 0x60, 0x40, 0x70, 0x20, 0x78, 0x20, 0x78, 0x60, 0x88, 0x40, 0x98,
  0x80, 0xd9, 0xc0, 0xe9, 0xc0, 0xb8, 0x60, 0xa0, 0x60, 0xb0, 0x00, 0xe0, 0x8e, 0xf5, 0xfb, 0xff,
  0xad, 0xfe, 0xae, 0xfe, 0x0b, 0xfe, 0x68, 0xfd, 0x89, 0xfd, 0x29, 0xfd, 0x66, 0xfc, 0x45, 0xfc,
  0xe8, 0xfc, 0xe6, 0xfb, 0xa3, 0xfa, 0xc1, 0xf9, 0x01, 0xfa, 0x42, 0xfa, 0xa3, 0xfa, 0xc3, 0xfa,
  0x62, 0xfa, 0xa3, 0xfa, 0x62, 0xfa, 0x22, 0xfa, 0xc1, 0xf9, 0x2d, 0xfd, 0x91, 0xff, 0x2b, 0xff,
  0xf8, 0xff, 0x6f, 0xfe, 0xa0, 0xe8, 0x60, 0xd8, 0xa0, 0xb8, 0x40, 0x90, 0xe0, 0xb0, 0xe0, 0xb0,
  0x20, 0x78, 0x60, 0x80, 0x40, 0x78, 0x80, 0x98, 0x40, 0x80, 0x20, 0x78, 0x20, 0x78, 0x40, 0x78,
  0x40, 0x78, 0x40, 0x78, 0x20, 0x68, 0x40, 0x70, 0x80, 0x90, 0x80, 0x88, 0x80, 0x88, 0xa0, 0x90,
  0x40, 0x78, 0x40, 0x78, 0x00, 0xa1, 0xc0, 0x90, 0xc0, 0x98, 0xa0, 0x90, 0xc0, 0x88, 0x80, 0x88,
  0xc0, 0x90, 0xe0, 0x90, 0xc1, 0x98, 0xa0, 0xa0, 0xa0, 0x80, 0xc0, 0x98, 0x80, 0x80, 0xc0, 0x88,
  0xe0, 0x98, 0xc0, 0x88, 0xc0, 0x90, 0xc0, 0x90, 0x80, 0x90, 0x80, 0x88, 0x80, 0x98, 0x80, 0x88,
  0xc0, 0x80, 0xa0, 0x80, 0x40, 0x91, 0x60, 0x88, 0xc0, 0x78, 0xe0, 0x88, 0xc0, 0x78, 0x60, 0x78,
  0x80, 0x68, 0x80, 0x70, 0xc0, 0x78, 0x80, 0x68, 0xc0, 0x78, 0xe0, 0x80, 0xa0, 0x78, 0xe0, 0x78,
  0x80, 0x70, 0x40, 0x79, 0x00, 0xa8, 0x00, 0x78, 0x00, 0x50, 0xa0, 0xaa, 0x80, 0x61, 0xc0, 0x60,
  0xa0, 0x70, 0xa0, 0x68, 0xe0, 0x58, 0xc0, 0x60, 0x40, 0x51, 0x20, 0x69, 0xa0, 0x58, 0xa0, 0x60,
  0xa0, 0x58, 0xe0, 0x50, 0xe0, 0x58, 0xc0, 0x60, 0x00, 0x60, 0x00, 0x78, 0x00, 0x00, 0x00, 0xf8,
  0x00, 0x00, 0x00, 0x00, 0x00, 0xf8, 0x00, 0x78, 0x00, 0x00, 0x00, 0x00, 0x00, 0x00, 0x00, 0xf8,
  0x00, 0x00, 0x00, 0x00, 0x00, 0x00, 0x00, 0x00, 0x00, 0x00, 0x00, 0x00, 0x00, 0x00, 0x00, 0x00,
  0x00, 0x00, 0x00, 0x00, 0x00, 0x00, 0x00, 0x00, 0x00, 0x00, 0x00, 0x00, 0x00, 0x00, 0x00, 0x00,
  0x00, 0x00, 0x00, 0x00, 0x00, 0x00, 0x00, 0x00, 0x00, 0x00, 0x00, 0x00, 0x00, 0x00, 0x00, 0x00,
  0x00, 0x00, 0x00, 0x00, 0x00, 0x00, 0x00, 0x00, 0x00, 0x00, 0x00, 0x00, 0x00, 0x00, 0x00, 0x00,
  0x00, 0x00, 0x00, 0x00, 0x00, 0x00, 0x00, 0x00, 0x00, 0x00, 0x00, 0x00, 0x00, 0x00, 0x00, 0x00,
  0x00, 0x00, 0x00, 0x00, 0x00, 0x00, 0x00, 0x00, 0x00, 0x00, 0x00, 0x00, 0x00, 0x00, 0x00, 0x00,
  0x00, 0x00, 0x00, 0x00, 0x00, 0x00, 0x00, 0x00, 0x00, 0x00, 0x00, 0x00, 0x00, 0x00, 0x00, 0x00,
  0x00, 0x00, 0x00, 0x00, 0x00, 0x00, 0x00, 0x00, 0x00, 0x00, 0x00, 0x00, 0x00, 0x00, 0x00, 0x00,
  0x00, 0x00, 0x00, 0x00, 0x00, 0x00, 0x00, 0x00, 0x00, 0x00, 0x00, 0x00, 0x00, 0x00, 0x00, 0xf8,
  0x00, 0x50, 0x00, 0x78, 0x00, 0x78, 0x80, 0x99, 0x80, 0x99, 0x00, 0x00, 0xa0, 0xaa, 0xa0, 0xaa,
  0x00, 0x78, 0x00, 0x78, 0x00, 0xf8, 0x00, 0x78, 0x00, 0x50, 0x00, 0xa8, 0x40, 0x79, 0x00, 0x78,
  0xe0, 0x79, 0x00, 0xa8, 0xe0, 0x7b, 0xe0, 0x88, 0x00, 0x98, 0xe0, 0xa8, 0xe0, 0xa8, 0x80, 0x88,
  0xc0, 0x88, 0xe0, 0x90, 0xc0, 0x88, 0xa0, 0x88, 0xa0, 0x88, 0x80, 0x90, 0xa0, 0x90, 0x80, 0x88,
  0x80, 0x78, 0x80, 0x88, 0xa0, 0x98, 0x80, 0x88, 0x20, 0x78, 0x20, 0x58, 0x20, 0x68, 0x20, 0x68,
  0x40, 0x68, 0x20, 0x70, 0x20, 0x70, 0x80, 0x90, 0x20, 0x98, 0xe0, 0xe1, 0x80, 0xd9, 0xa0, 0xb0,
  0x40, 0xa0, 0x60, 0xb8, 0x20, 0xd8, 0xf8, 0xfe, 0xf8, 0xff, 0xeb, 0xfd, 0x2d, 0xfe, 0xa9, 0xfd,
  0x2b, 0xfe, 0x08, 0xfd, 0x28, 0xfd, 0xe7, 0xfc, 0xc4, 0xfb, 0x27, 0xfc, 0xa3, 0xfa, 0xa3, 0xfa,
  0x44, 0xfb, 0x85, 0xfb, 0x42, 0xfa, 0xa3, 0xfa, 0xc3, 0xfa, 0x42, 0xfa, 0xa3, 0xfa, 0x01, 0xfa,
  0xc4, 0xfa, 0xc3, 0xfa, 0xd3, 0xfe, 0x8f, 0xff, 0x91, 0xff, 0xf9, 0xff, 0x6a, 0xfd, 0x00, 0xe8,
  0x80, 0xd0, 0xa0, 0xb8, 0x40, 0x90, 0xc0, 0xa8, 0xc0, 0xb0, 0x20, 0x70, 0x60, 0x78, 0x20, 0x70,
  0x40, 0x88, 0x60, 0x88, 0x40, 0x78, 0x60, 0x88, 0x40, 0x78, 0x20, 0x70, 0x40, 0x78, 0x40, 0x70,
  0x40, 0x78, 0x80, 0x90, 0x80, 0x88, 0xa0, 0x88, 0x80, 0x88, 0x40, 0x78, 0x60, 0x88, 0xe0, 0xa8,
  0xa0, 0x90, 0xa0, 0x90, 0xc0, 0x90, 0x80, 0x88, 0xc0, 0x90, 0x80, 0x90, 0xc0, 0x90, 0xe0, 0x90,
  0xc0, 0x88, 0xc0, 0x90, 0xa0, 0x90, 0xc0, 0x88, 0xc0, 0x88, 0xa0, 0x88, 0xc0, 0x88, 0x00, 0x91,
  0xa0, 0x88, 0xa0, 0x88, 0x80, 0x80, 0xc0, 0x90, 0xa0, 0x80, 0xc0, 0x80, 0xa0, 0x88, 0xc0, 0x80,
  0xc0, 0x80, 0xa0, 0x80, 0xa0, 0x80, 0xc0, 0x80, 0xa0, 0x78, 0x80, 0x78, 0xc0, 0x78, 0x80, 0x78,
  0xe0, 0x68, 0xc0, 0x78, 0xa0, 0x78, 0xa0, 0x78, 0xa0, 0x78, 0x80, 0x70, 0xe0, 0x78, 0x00, 0x70,
  0x80, 0x70, 0x40, 0x51, 0xa0, 0x70, 0xa0, 0x68, 0xe0, 0x60, 0x80, 0x70, 0xa0, 0x60, 0xa0, 0x58,
  0xa0, 0x58, 0x80, 0x58, 0x80, 0x58, 0x80, 0x60, 0xa0, 0x58, 0xc0, 0x58, 0x00, 0x50, 0x00, 0x50,
  0x20, 0x69, 0xe0, 0x58, 0x20, 0x49, 0x00, 0x50, 0x00, 0x38, 0xe0, 0x79, 0x00, 0x78, 0x00, 0x78,
  0x00, 0xf8, 0x00, 0x00, 0x00, 0x78, 0x00, 0x50, 0x00, 0x50, 0x00, 0x00, 0x00, 0x00, 0x00, 0xf8,
  0x00, 0x00, 0x00, 0x00, 0x00, 0x00, 0x00, 0x00, 0x00, 0x00, 0x00, 0x00, 0x00, 0x00, 0x00, 0x00,
  0x00, 0x00, 0x00, 0x00, 0x00, 0x00, 0x00, 0x00, 0x00, 0x00, 0x00, 0x00, 0x00, 0x00, 0x00, 0x00,
  0x00, 0x00, 0x00, 0x00, 0x00, 0x00, 0x00, 0x00, 0x00, 0x00, 0x00, 0x00, 0x00, 0x00, 0x00, 0x00,
  0x00, 0x00, 0x00, 0x00, 0x00, 0x00, 0x00, 0x00, 0x00, 0x00, 0x00, 0x00, 0x00, 0x00, 0x00, 0x00,
  0x00, 0x00, 0x00, 0x00, 0x00, 0x00, 0x00, 0x00, 0x00, 0x00, 0x00, 0x00, 0x00, 0x00, 0x00, 0x00,
  0x00, 0x00, 0x00, 0x00, 0x00, 0x00, 0x00, 0x00, 0x00, 0x00, 0x00, 0x00, 0x00, 0x00, 0x00, 0x00,
  0x00, 0x00, 0x00, 0x00, 0x00, 0x00, 0x00, 0x00, 0x00, 0x00, 0x00, 0x00, 0x00, 0x00, 0x00, 0x00,
  0x00, 0x00, 0x00, 0x00, 0x00, 0x00, 0x00, 0x00, 0x00, 0x00, 0x00, 0x00, 0x00, 0x00, 0x00, 0x00,
  0x00, 0xf8, 0x00, 0x00, 0x00, 0x00, 0x00, 0x00, 0x00, 0x78, 0x00, 0xf8, 0x00, 0x00, 0x40, 0x79,
  0xa0, 0x78, 0x80, 0x98, 0x00, 0xf8, 0x00, 0x78, 0x00, 0x78, 0xa0, 0x52, 0xe0, 0x79, 0x00, 0xf8,
  0x00, 0x00, 0x00, 0xf8, 0x00, 0xa8, 0x80, 0x61, 0x00, 0xa8, 0x00, 0x50, 0x00, 0x78, 0x00, 0x38,
  0xe0, 0x79, 0x40, 0xa9, 0x40, 0xa9, 0xe0, 0x88, 0x40, 0xa9, 0xe0, 0x98, 0xc0, 0x90, 0xc0, 0x90,
  0xa0, 0x90, 0xa0, 0x88, 0x80, 0x88, 0x80, 0x88, 0x60, 0x78, 0x40, 0x70, 0x60, 0x80, 0x80, 0x90,
  0x80, 0x80, 0x40, 0x78, 0x00, 0x60, 0x20, 0x70, 0x20, 0x60, 0x40, 0x68, 0x40, 0x78, 0x00, 0x68,
  0x80, 0x98, 0x40, 0x98, 0xc0, 0xe1, 0x20, 0xc9, 0xa0, 0xb0, 0x40, 0xa0, 0x80, 0xc0, 0x20, 0xd8,
  0x18, 0xff, 0xf8, 0xff, 0x45, 0xfc, 0x82, 0xfa, 0x83, 0xfa, 0x42, 0xfa, 0xe1, 0xf9, 0x41, 0xfa,
  0x42, 0xfa, 0x42, 0xfa, 0x80, 0xf9, 0x22, 0xfa, 0x04, 0xfb, 0x88, 0xfc, 0x47, 0xfc, 0x22, 0xfa,
  0x42, 0xfa, 0x42, 0xfa, 0x62, 0xfa, 0x42, 0xfa, 0x21, 0xfa, 0xa3, 0xfa, 0x84, 0xfb, 0x52, 0xff,
  0x2e, 0xff, 0x93, 0xff, 0xf5, 0xff, 0x65, 0xfc, 0x00, 0xe8, 0x80, 0xd8, 0xc0, 0xc0, 0x20, 0x80,
  0xa0, 0xa0, 0xc0, 0xb0, 0x20, 0x78, 0x40, 0x78, 0x40, 0x78, 0x60, 0x80, 0x40, 0x80, 0x20, 0x70,
  0x40, 0x80, 0x60, 0x88, 0x40, 0x80, 0x40, 0x78, 0x40, 0x70, 0x40, 0x70, 0x80, 0x88, 0x80, 0x88,
  0x80, 0x88, 0xa0, 0x88, 0x60, 0x78, 0x60, 0x88, 0x60, 0x88, 0x60, 0x78, 0x80, 0x88, 0xa0, 0x88,
  0xa0, 0x88, 0x80, 0x88, 0xa0, 0x90, 0xe0, 0x88, 0xa0, 0x88, 0x80, 0x88, 0xa0, 0x88, 0xc0, 0x88,
  0xc0, 0x88, 0xa0, 0x88, 0x80, 0x80, 0x80, 0x80, 0xa0, 0x88, 0xa0, 0x88, 0xc0, 0x80, 0x80, 0x80,
  0xa0, 0x80, 0x80, 0x80, 0xa0, 0x78, 0xc0, 0x88, 0x80, 0x80, 0xc0, 0x80, 0xa0, 0x88, 0xa0, 0x80,
  0xa0, 0x78, 0xa0, 0x78, 0x80, 0x78, 0xc0, 0x78, 0xa0, 0x80, 0xa0, 0x78, 0xc0, 0x70, 0xc0, 0x80,
  0x80, 0x78, 0xa0, 0x70, 0xa0, 0x70, 0xa0, 0x78, 0xa0, 0x70, 0xc0, 0x78, 0x60, 0x78, 0x80, 0x70,
  0xa0, 0x70, 0x80, 0x68, 0x80, 0x60, 0xa0, 0x60, 0xa0, 0x60, 0x80, 0x58, 0x80, 0x58, 0xa0, 0x58,
  0x80, 0x58, 0xa0, 0x58, 0x80, 0x60, 0x20, 0x49, 0x60, 0x50, 0xa0, 0x58, 0xa0, 0x50, 0xa0, 0x50,
  0xe0, 0x38, 0x00, 0x50, 0x40, 0x39, 0x80, 0x48, 0x40, 0x29, 0x00, 0x38, 0x00, 0x00, 0xe0, 0x39,
  0x00, 0x58, 0x80, 0x61, 0x00, 0x00, 0x00, 0x00, 0x00, 0x00, 0x00, 0x00, 0x00, 0x00, 0x00, 0x00,
  0x00, 0x00, 0x00, 0x00, 0x00, 0x00, 0x00, 0x00, 0x00, 0x00, 0x00, 0x00, 0x00, 0x00, 0x00, 0x00,
  0x00, 0x00, 0x00, 0x00, 0x00, 0x00, 0x00, 0x00, 0x00, 0x00, 0x00, 0x00, 0x00, 0xf8, 0x00, 0xf8,
  0x00, 0x00, 0x00, 0x00, 0x00, 0x00, 0x00, 0x00, 0x00, 0x00, 0x00, 0x00, 0x00, 0x00, 0x00, 0x00,
  0x00, 0x00, 0x00, 0x00, 0x00, 0x00, 0x00, 0x00, 0x00, 0x00, 0x00, 0x00, 0x00, 0x00, 0x00, 0x00,
  0x00, 0x00, 0x00, 0x00, 0x00, 0x00, 0x00, 0x00, 0x00, 0x00, 0x00, 0x69, 0xc0, 0x68, 0x00, 0x00,
  0x00, 0x00, 0x00, 0x00, 0x00, 0x00, 0x00, 0x00, 0x00, 0x00, 0x00, 0x00, 0x00, 0x00, 0x00, 0x00,
  0x00, 0x00, 0x00, 0x00, 0x00, 0x00, 0x00, 0x00, 0x00, 0x00, 0x00, 0x00, 0x00, 0x00, 0x00, 0x00,
  0x00, 0x00, 0x00, 0x00, 0x00, 0x00, 0x00, 0x00, 0x00, 0xf8, 0x00, 0x00, 0x00, 0x00, 0x00, 0x00,
  0x00, 0x00, 0x00, 0x00, 0x00, 0xf8, 0x00, 0x00, 0x00, 0x78, 0xa0, 0x90, 0x20, 0x91, 0x00, 0x00,
  0x00, 0x50, 0x00, 0xf8, 0x00, 0x00, 0x00, 0x78, 0x00, 0xf8, 0x00, 0xf8, 0x00, 0x00, 0x00, 0x00,
  0x00, 0x78, 0x00, 0xb8, 0x00, 0x50, 0x00, 0x78, 0x00, 0x00, 0x00, 0xf8, 0x00, 0x50, 0x80, 0x61,
  0x20, 0x91, 0x00, 0x78, 0xa0, 0x88, 0xc0, 0x88, 0xa0, 0x90, 0x80, 0x88, 0xa0, 0x80, 0x80, 0x80,
  0xa0, 0x90, 0x80, 0x88, 0x60, 0x78, 0x80, 0x78, 0x60, 0x78, 0x20, 0x68, 0x40, 0x78, 0x80, 0x98,
  0x40, 0x80, 0x20, 0x68, 0x20, 0x68, 0x40, 0x80, 0x40, 0x80, 0x60, 0x90, 0x60, 0x98, 0xc0, 0xe9,
  0xc0, 0xc0, 0x80, 0xa8, 0xa0, 0xb0, 0x40, 0xc8, 0x22, 0xe2, 0xda, 0xff, 0x34, 0xff, 0xc5, 0xfb,
  0x62, 0xfa, 0x81, 0xf9, 0x83, 0xfa, 0x42, 0xfa, 0xe1, 0xf9, 0x02, 0xfa, 0x42, 0xfa, 0x84, 0xfa,
  0x02, 0xfa, 0xc1, 0xf9, 0x24, 0xfb, 0xc6, 0xfb, 0xa3, 0xfa, 0x01, 0xfa, 0x82, 0xfa, 0xc2, 0xfa,
  0x22, 0xfa, 0x42, 0xfa, 0x00, 0xfa, 0xca, 0xfd, 0xf3, 0xff, 0x50, 0xff, 0x92, 0xff, 0xf4, 0xff,
  0x81, 0xfb, 0x00, 0xe0, 0x80, 0xc8, 0xa0, 0xb0, 0x40, 0x88, 0x80, 0x98, 0xa0, 0x98, 0x40, 0x78,
  0x60, 0x80, 0x40, 0x78, 0x40, 0x80, 0x40, 0x80, 0x40, 0x80, 0x20, 0x78, 0x20, 0x70, 0x80, 0x88,
  0x60, 0x80, 0x60, 0x80, 0x60, 0x80, 0x80, 0x90, 0x60, 0x80, 0x80, 0x88, 0xa0, 0x88, 0x60, 0x80,
  0x80, 0x90, 0x40, 0x70, 0x80, 0x80, 0xa0, 0x90, 0x80, 0x80, 0xa0, 0x80, 0xa0, 0x88, 0xc0, 0x88,
  0xc0, 0x90, 0xc0, 0x88, 0xa0, 0x88, 0xc0, 0x90, 0xa0, 0x88, 0xc0, 0x80, 0xc0, 0x90, 0x80, 0x80,
  0xa0, 0x88, 0xc0, 0x88, 0xc0, 0x78, 0x80, 0x78, 0x80, 0x80, 0x80, 0x78, 0xa0, 0x78, 0x80, 0x78,
  0xa0, 0x80, 0x80, 0x80, 0xa0, 0x80, 0xa0, 0x80, 0xa0, 0x88, 0xc0, 0x90, 0xa0, 0x78, 0xa0, 0x78,
  0xa0, 0x78, 0x80, 0x78, 0xa0, 0x78, 0xa0, 0x70, 0x80, 0x68, 0x80, 0x70, 0xa0, 0x70, 0xa0, 0x70,
  0xa0, 0x70, 0xc0, 0x70, 0xe0, 0x70, 0xc0, 0x68, 0xa0, 0x68, 0x80, 0x68, 0xa0, 0x68, 0x80, 0x60,
  0xa0, 0x60, 0xe0, 0x68, 0x80, 0x58, 0x80, 0x58, 0x60, 0x58, 0xe0, 0x58, 0x60, 0x48, 0x80, 0x58,
  0x00, 0x61, 0xa0, 0x50, 0xc0, 0x50, 0xc0, 0x50, 0x80, 0x50, 0x00, 0x50, 0x20, 0x69, 0xa0, 0x50,
  0xe0, 0x50, 0xe0, 0x38, 0xe0, 0x58, 0x40, 0x29, 0x00, 0x38, 0x40, 0x51, 0x00, 0x78, 0x00, 0x00,
  0x00, 0x78, 0x00, 0x50, 0x00, 0x00, 0x00, 0x00, 0x00, 0x00, 0x00, 0x00, 0x00, 0x00, 0x00, 0x00,
  0x00, 0x00, 0x00, 0x00, 0x00, 0x00, 0x00, 0x00, 0x00, 0x00, 0x00, 0x00, 0x00, 0x00, 0x00, 0x00,
  0x00, 0x00, 0x00, 0x00, 0x00, 0x00, 0x00, 0x00, 0x00, 0x00, 0x00, 0x00, 0x00, 0x00, 0x00, 0x00,
  0xe0, 0x7b, 0x00, 0x00, 0x00, 0x00, 0x00, 0x00, 0x00, 0x00, 0x00, 0x00, 0x00, 0x00, 0x00, 0x00,
  0x00, 0x00, 0x00, 0x00, 0x00, 0x00, 0x00, 0x00, 0x00, 0x00, 0x00, 0x00, 0x00, 0x00, 0x00, 0x00,
  0x00, 0x00, 0x00, 0x00, 0xe0, 0x70, 0xc0, 0x68, 0xc0, 0x58, 0x00, 0x00, 0x00, 0x00, 0x00, 0x00,
  0x00, 0x00, 0x00, 0x00, 0x00, 0x00, 0x00, 0x00, 0x00, 0x00, 0x00, 0x00, 0x00, 0x00, 0x00, 0x00,
  0x00, 0x00, 0x00, 0x00, 0x00, 0x00, 0x00, 0xf8, 0x00, 0x00, 0x00, 0x00, 0x00, 0x00, 0x00, 0x00,
  0x00, 0x00, 0x00, 0x00, 0x00, 0x00, 0x00, 0x00, 0x00, 0xf8, 0x00, 0x00, 0x00, 0x00, 0x00, 0x00,
  0x00, 0x00, 0x00, 0x50, 0x40, 0x79, 0x00, 0xa8, 0x40, 0x79, 0x00, 0x78, 0xe0, 0x79, 0x00, 0x00,
  0x00, 0x78, 0x00, 0xf8, 0x00, 0x00, 0x00, 0xf8, 0x00, 0x00, 0x00, 0x78, 0x00, 0x78, 0x00, 0x00,
  0x00, 0xf8, 0x00, 0xf8, 0x00, 0x78, 0x00, 0x78, 0x00, 0x00, 0x00, 0x78, 0xe0, 0x79, 0xc0, 0x98,
  0xa0, 0xa0, 0xe0, 0x90, 0xe0, 0x98, 0xa0, 0x90, 0x80, 0x88, 0xa0, 0x90, 0xc0, 0x98, 0x80, 0x80,
  0x60, 0x78, 0x60, 0x78, 0x20, 0x70, 0x20, 0x60, 0x40, 0x70, 0xa0, 0x98, 0x20, 0x68, 0x00, 0x68,
  0x60, 0x78, 0x40, 0x88, 0x00, 0x70, 0xc0, 0xb0, 0x40, 0xe1, 0xa0, 0xb8, 0x80, 0xa0, 0xa0, 0xb0,
  0x00, 0xd0, 0xa7, 0xf3, 0xfb, 0xff, 0x4d, 0xfe, 0xc1, 0xfa, 0x23, 0xfa, 0xc1, 0xf9, 0x42, 0xfa,
  0x22, 0xfa, 0xc1, 0xf9, 0xe2, 0xf9, 0xc2, 0xf9, 0xc2, 0xf9, 0x63, 0xfa, 0x43, 0xfa, 0x02, 0xfa,
  0x43, 0xfa, 0xa3, 0xfa, 0x02, 0xfa, 0xa3, 0xfa, 0xa2, 0xfa, 0x01, 0xfa, 0x22, 0xfb, 0x26, 0xfc,
  0x70, 0xff, 0x72, 0xff, 0x70, 0xff, 0xb1, 0xff, 0x93, 0xff, 0xa0, 0xf1, 0x00, 0xd8, 0x80, 0xc8,
  0xa0, 0xa8, 0x00, 0x78, 0x60, 0x98, 0x40, 0x88, 0x40, 0x78, 0x60, 0x80, 0x80, 0x90, 0x60, 0x90,
  0x60, 0x90, 0x60, 0x98, 0x60, 0x88, 0x80, 0x90, 0x40, 0x70, 0x00, 0x60, 0x40, 0x78, 0x80, 0x88,
  0x60, 0x80, 0x60, 0x78, 0x80, 0x88, 0x80, 0x80, 0x60, 0x78, 0x40, 0x78, 0x40, 0x78, 0x40, 0x70,
  0x80, 0x88, 0x60, 0x80, 0xa0, 0x90, 0xc0, 0x88, 0x80, 0x80, 0xa0, 0x88, 0xc0, 0x90, 0xe0, 0x90,
  0xc0, 0x90, 0xa0, 0x90, 0xa0, 0x88, 0xa0, 0x90, 0x80, 0x80, 0xa0, 0x88, 0xc0, 0x88, 0x80, 0x78,
  0x80, 0x78, 0xa0, 0x88, 0x80, 0x80, 0x80, 0x78, 0xa0, 0x80, 0xa0, 0x80, 0x80, 0x80, 0xc0, 0x80,
  0xa0, 0x78, 0xa0, 0x80, 0xa0, 0x78, 0x80, 0x78, 0x80, 0x78, 0x80, 0x70, 0x80, 0x78, 0x80, 0x70,
  0x80, 0x68, 0x60, 0x68, 0x80, 0x70, 0xa0, 0x70, 0xa0, 0x68, 0x80, 0x70, 0xa0, 0x70, 0x80, 0x68,
  0x80, 0x68, 0x80, 0x60, 0x80, 0x60, 0xa0, 0x68, 0x80, 0x68, 0x80, 0x68, 0xe0, 0x70, 0x80, 0x60,
  0xa0, 0x60, 0x40, 0x58, 0xa0, 0x68, 0xe0, 0x60, 0x80, 0x58, 0xa0, 0x58, 0x80, 0x50, 0x80, 0x50,
  0xa0, 0x50, 0x80, 0x50, 0x00, 0x48, 0x00, 0x60, 0x60, 0x41, 0xa0, 0x48, 0xe0, 0x48, 0x00, 0x48,
  0x00, 0x50, 0xe0, 0x39, 0x00, 0x00, 0x00, 0xf8, 0x00, 0x50, 0x00, 0x00, 0xa0, 0xaa, 0x00, 0x00,
  0x00, 0x00, 0x00, 0x00, 0x00, 0x00, 0x00, 0x00, 0x00, 0x00, 0x00, 0xf8, 0x00, 0x00, 0x00, 0x00,
  0x00, 0x00, 0x00, 0x00, 0x00, 0x00, 0x00, 0x00, 0x00, 0x00, 0x00, 0x00, 0x00, 0x00, 0x00, 0x00,
  0x40, 0x51, 0x00, 0x00, 0x00, 0x00, 0x00, 0x00, 0x00, 0x00, 0x00, 0x00, 0x00, 0x00, 0x00, 0x00,
  0x00, 0x00, 0x00, 0x00, 0x00, 0x00, 0x00, 0x00, 0x00, 0x00, 0x00, 0x00, 0x00, 0x00, 0x00, 0x00,
  0x00, 0x00, 0x00, 0x00, 0x00, 0x00, 0x00, 0x00, 0x00, 0xf8, 0x00, 0x00, 0x00, 0x00, 0x00, 0x00,
  0xe0, 0x60, 0xa0, 0x58, 0x00, 0x00, 0x00, 0x00, 0x00, 0x00, 0x00, 0x00, 0x00, 0x00, 0x00, 0xf8,
  0x00, 0x00, 0x00, 0x00, 0xc0, 0x78, 0xe0, 0x70, 0x00, 0x71, 0x00, 0x00, 0x00, 0x00, 0x00, 0x00,
  0x00, 0x00, 0x00, 0x00, 0x00, 0x00, 0x00, 0x00, 0x00, 0x00, 0x00, 0x00, 0x00, 0x00, 0x00, 0x00,
  0x00, 0x00, 0x00, 0x00, 0x00, 0xf8, 0x00, 0xf8, 0x00, 0xf8, 0x00, 0x00, 0x00, 0x00, 0x00, 0x78,
  0xa0, 0xaa, 0x00, 0xf8, 0x00, 0xf8, 0x00, 0xf8, 0x00, 0x00, 0x00, 0xf8, 0x00, 0x00, 0x00, 0xf8,
  0x00, 0x00, 0x00, 0x00, 0x00, 0x50, 0x00, 0x50, 0xe0, 0x79, 0x00, 0x78, 0x00, 0x78, 0x00, 0xa8,
  0x80, 0x99, 0xa0, 0x90, 0xa0, 0x88, 0x00, 0xa8, 0x00, 0x99, 0xa0, 0x88, 0x80, 0x80, 0x60, 0x80,
  0x60, 0x80, 0xa0, 0x88, 0xa0, 0x88, 0x80, 0x88, 0xa0, 0x88, 0xa0, 0x88, 0x60, 0x78, 0x40, 0x68,
  0x20, 0x68, 0x20, 0x58, 0x80, 0xb8, 0x40, 0x88, 0x20, 0x70, 0x40, 0x80, 0x20, 0x70, 0x00, 0x78,
  0x20, 0xc9, 0x80, 0xd9, 0x80, 0xb0, 0x80, 0xa8, 0xa0, 0xc0, 0x00, 0xe0, 0xad, 0xfc, 0xf8, 0xff,
  0x86, 0xfc, 0x23, 0xfa, 0xa4, 0xfa, 0x63, 0xfa, 0x83, 0xfa, 0x62, 0xfa, 0xe1, 0xf9, 0xe2, 0xf9,
  0xe2, 0xf9, 0xc2, 0xf9, 0x23, 0xfa, 0xe2, 0xf9, 0x02, 0xfa, 0xe2, 0xf9, 0xc3, 0xfa, 0x83, 0xfa,
  0x01, 0xfa, 0x42, 0xfa, 0x42, 0xfa, 0xe0, 0xf9, 0x6d, 0xfe, 0xd4, 0xff, 0x4f, 0xff, 0x91, 0xff,
  0xd3, 0xff, 0x74, 0xff, 0xe0, 0xf0, 0x20, 0xe0, 0xa0, 0xd0, 0xa0, 0xa8, 0x40, 0x80, 0xa0, 0xa8,
  0x60, 0x88, 0xa0, 0xa0, 0x60, 0x88, 0x40, 0x80, 0x40, 0x80, 0x40, 0x88, 0x60, 0x98, 0x40, 0x80,
  0x60, 0x78, 0x40, 0xa0, 0xa0, 0xc0, 0x40, 0x68, 0x20, 0x70, 0xa0, 0x98, 0x80, 0x88, 0x80, 0x88,
  0x60, 0x80, 0x40, 0x78, 0x60, 0x80, 0xa0, 0x90, 0x60, 0x80, 0x80, 0x80, 0x80, 0x88, 0xa0, 0x98,
  0xa0, 0x90, 0x80, 0x80, 0x80, 0x88, 0xa0, 0x90, 0xa0, 0x90, 0x60, 0x88, 0xa0, 0xa0, 0xa0, 0x90,
  0xc0, 0x98, 0xc0, 0xa0, 0x80, 0x80, 0x80, 0x88, 0xa0, 0x88, 0xa0, 0x88, 0x60, 0x88, 0x80, 0x88,
  0x80, 0x80, 0xa0, 0x88, 0xa0, 0x88, 0xa0, 0x80, 0xa0, 0x80, 0x80, 0x80, 0x80, 0x78, 0x60, 0x78,
  0x80, 0x80, 0x80, 0x80, 0xa0, 0x88, 0x60, 0x80, 0x80, 0x78, 0x60, 0x70, 0x80, 0x70, 0x80, 0x78,
  0x80, 0x70, 0x60, 0x70, 0x80, 0x68, 0x80, 0x68, 0x80, 0x68, 0x80, 0x68, 0xa0, 0x68, 0xa1, 0x70,
  0x60, 0x60, 0xa0, 0x60, 0x60, 0x60, 0x80, 0x68, 0x80, 0x68, 0xa0, 0x58, 0xa0, 0x58, 0x80, 0x58,
  0x80, 0x50, 0x80, 0x58, 0xa0, 0x58, 0xc0, 0x50, 0x00, 0x58, 0x00, 0x38, 0x00, 0x40, 0x60, 0x48,
  0xa0, 0x50, 0xc0, 0x48, 0x80, 0x48, 0xa0, 0x58, 0x00, 0x38, 0xa0, 0x40, 0x00, 0x38, 0x60, 0x38,
  0x60, 0x38, 0x00, 0x00, 0x20, 0x49, 0xa0, 0x40, 0xc0, 0x38, 0x00, 0xf8, 0x00, 0x00, 0x00, 0x00,
  0x00, 0xf8, 0xa0, 0x52, 0x00, 0x00, 0x00, 0x00, 0x00, 0x00, 0x00, 0x00, 0x00, 0x00, 0x00, 0x00,
  0x00, 0x00, 0x00, 0x00, 0x00, 0x00, 0x00, 0x00, 0x00, 0xf8, 0x00, 0x58, 0x00, 0x00, 0x00, 0x00,
  0x00, 0x00, 0x00, 0x00, 0x00, 0x00, 0x00, 0x00, 0x00, 0x00, 0x00, 0x00, 0x00, 0x00, 0x00, 0x00,
  0x00, 0x00, 0x00, 0x00, 0x00, 0x00, 0x00, 0x00, 0x00, 0x00, 0x00, 0x00, 0x00, 0x00, 0x00, 0x00,
  0x00, 0xf8, 0x00, 0x00, 0x00, 0x00, 0x00, 0x00, 0x00, 0x00, 0x00, 0x00, 0x00, 0x00, 0x00, 0x00,
  0x00, 0x00, 0x00, 0x00, 0x00, 0xf8, 0x00, 0x00, 0x00, 0x00, 0x00, 0x00, 0x00, 0x78, 0xe0, 0x78,
  0xc0, 0x70, 0xe0, 0x70, 0x00, 0x00, 0x00, 0xf8, 0x00, 0xf8, 0x00, 0x00, 0x00, 0x00, 0x00, 0x00,
  0x00, 0x78, 0x00, 0x78, 0x00, 0x00, 0x00, 0x00, 0x00, 0x00, 0x00, 0x00, 0x00, 0x78, 0x00, 0xf8,
  0x00, 0x00, 0x00, 0x00, 0x00, 0x78, 0x00, 0xa8, 0x00, 0xa8, 0x00, 0xf8, 0x00, 0x00, 0xe0, 0xfb,
  0x00, 0x78, 0x00, 0xa8, 0x00, 0xf8, 0x00, 0x00, 0x00, 0x00, 0x00, 0x78, 0xa0, 0xaa, 0xa0, 0xaa,
  0x00, 0x50, 0x00, 0x78, 0x40, 0xa9, 0xe0, 0x79, 0x00, 0x98, 0x00, 0x78, 0x80, 0x78, 0x00, 0x99,
  0x40, 0x91, 0x20, 0x91, 0x80, 0x88, 0x80, 0x88, 0x80, 0x88, 0x80, 0x88, 0x80, 0x88, 0x80, 0x88,
  0x60, 0x80, 0x60, 0x80, 0xa0, 0x88, 0x60, 0x70, 0x20, 0x68, 0x60, 0x80, 0x20, 0x40, 0x20, 0xc1,
  0x80, 0xe2, 0xa0, 0x98, 0x20, 0x80, 0x20, 0x70, 0x00, 0x88, 0x80, 0xd9, 0xa0, 0xd9, 0x80, 0xb0,
  0x80, 0xb0, 0x60, 0xd0, 0x80, 0xe0, 0xd1, 0xfe, 0xd6, 0xff, 0xe2, 0xfa, 0x84, 0xfa, 0x23, 0xfa,
  0x43, 0xfa, 0xe4, 0xfa, 0xc3, 0xfa, 0x22, 0xfa, 0xe2, 0xf9, 0xe2, 0xf9, 0x03, 0xfa, 0x02, 0xfa,
  0x02, 0xfa, 0x23, 0xfa, 0x22, 0xfa, 0xa3, 0xfa, 0x22, 0xfa, 0xc1, 0xf9, 0x64, 0xfb, 0xe0, 0xf9,
  0x63, 0xfb, 0xb4, 0xff, 0x70, 0xff, 0x71, 0xff, 0x92, 0xff, 0xd7, 0xff, 0x33, 0xff, 0xa0, 0xf0,
  0x60, 0xd8, 0xa0, 0xd0, 0xc0, 0xb0, 0x40, 0x88, 0xa0, 0xa8, 0x80, 0x98, 0x80, 0x90, 0x20, 0x80,
  0x40, 0x80, 0x40, 0x78, 0x60, 0x88, 0x40, 0x80, 0x20, 0x78, 0x40, 0x78, 0xc0, 0xb8, 0x42, 0xfd,
  0x81, 0xca, 0x00, 0xa0, 0xa0, 0x90, 0x60, 0x80, 0x80, 0x88, 0x80, 0x88, 0x60, 0x80, 0x80, 0x88,
  0xc0, 0x98, 0xc0, 0x88, 0x80, 0x90, 0xa0, 0x98, 0xa0, 0x90, 0x80, 0x80, 0x80, 0x80, 0xa0, 0x88,
  0x80, 0x88, 0xa0, 0x90, 0x60, 0x80, 0xa0, 0x90, 0x80, 0x90, 0xa0, 0x98, 0xa0, 0xa8, 0xa0, 0x90,
  0x60, 0x80, 0xa0, 0x88, 0x80, 0x88, 0x60, 0x80, 0x80, 0x80, 0xa0, 0x88, 0xa0, 0x80, 0x80, 0x88,
  0x60, 0x80, 0x60, 0x88, 0xa0, 0x88, 0xa0, 0x80, 0x80, 0x80, 0xc0, 0x98, 0x60, 0x80, 0x80, 0x88,
  0xc0, 0x98, 0x80, 0x88, 0x40, 0x70, 0x60, 0x70, 0x80, 0x78, 0x60, 0x70, 0x60, 0x70, 0x60, 0x68,
  0x60, 0x68, 0x80, 0x68, 0x80, 0x68, 0xa0, 0x68, 0x80, 0x68, 0x80, 0x60, 0xa0, 0x68, 0xe0, 0x70,
  0x60, 0x60, 0x80, 0x60, 0x80, 0x58, 0x80, 0x58, 0x80, 0x58, 0xa0, 0x58, 0x80, 0x50, 0x20, 0x69,
  0x80, 0x58, 0xc0, 0x50, 0xe0, 0x50, 0xa0, 0x50, 0xa0, 0x48, 0x60, 0x48, 0x00, 0x48, 0x80, 0x58,
  0x00, 0x50, 0xa0, 0x40, 0xa0, 0x50, 0xa0, 0x40, 0x80, 0x40, 0xa0, 0x40, 0xe0, 0x40, 0x80, 0x48,
  0x80, 0x40, 0xa0, 0x40, 0x00, 0x00, 0x00, 0x00, 0x00, 0x00, 0x00, 0x00, 0xa0, 0x50, 0xc0, 0x58,
  0x00, 0x48, 0x00, 0x00, 0x00, 0x00, 0x00, 0x00, 0x00, 0x00, 0x00, 0x00, 0x00, 0x00, 0x00, 0x00,
  0x00, 0x00, 0x00, 0x00, 0x00, 0x00, 0x00, 0x00, 0x00, 0x00, 0x00, 0x00, 0x00, 0x00, 0x00, 0x00,
  0x00, 0x00, 0x00, 0x00, 0x00, 0x00, 0x00, 0x00, 0x00, 0x00, 0x00, 0x00, 0x00, 0x00, 0x00, 0x00,
  0x00, 0x00, 0x00, 0x00, 0x00, 0x00, 0x00, 0x00, 0x00, 0x00, 0x00, 0x00, 0x00, 0x00, 0x00, 0x00,
  0x00, 0x00, 0x00, 0xf8, 0x00, 0xf8, 0x00, 0x00, 0x00, 0x00, 0x00, 0x00, 0x00, 0x00, 0x00, 0x00,
  0x00, 0x00, 0x00, 0x00, 0x00, 0x00, 0x00, 0x78, 0x60, 0x89, 0xc0, 0x68, 0x40, 0x51, 0x00, 0x00,
  0x00, 0x00, 0x00, 0x00, 0x00, 0x00, 0x00, 0xf8, 0x00, 0x00, 0xe0, 0x58, 0x40, 0x79, 0x00, 0x00,
  0x00, 0x00, 0x00, 0x00, 0x00, 0x00, 0x00, 0x78, 0x00, 0x78, 0x00, 0x78, 0x00, 0x00, 0x00, 0x00,
  0x00, 0x78, 0x00, 0xf8, 0x00, 0xa8, 0x00, 0x78, 0x00, 0x00, 0x00, 0xf8, 0x00, 0x78, 0x00, 0x78,
  0x00, 0x00, 0x00, 0x00, 0x00, 0x00, 0x00, 0x78, 0x00, 0xf8, 0x00, 0xf8, 0x00, 0x78, 0x00, 0xf8,
  0x00, 0x78, 0x00, 0x78, 0xe0, 0x78, 0x60, 0x78, 0xc0, 0x88, 0xe0, 0x88, 0xa0, 0x88, 0x80, 0x88,
  0x80, 0x88, 0x80, 0x80, 0xa0, 0x88, 0x80, 0x88, 0x80, 0x88, 0x60, 0x78, 0x80, 0x88, 0x80, 0x80,
  0xa0, 0x88, 0x20, 0x68, 0x60, 0x90, 0x20, 0x68, 0x20, 0x58, 0x00, 0xb9, 0x80, 0xb0, 0x60, 0x88,
  0x20, 0x80, 0x60, 0xa0, 0xe0, 0xe9, 0xe0, 0xd0, 0x60, 0xa8, 0x80, 0xb0, 0x20, 0xd8, 0x81, 0xf1,
  0xf7, 0xff, 0x90, 0xfe, 0xc0, 0xf9, 0x44, 0xfa, 0xa2, 0xf9, 0xc1, 0xf9, 0x43, 0xfa, 0x65, 0xfb,
  0xc4, 0xfa, 0xe2, 0xf9, 0xc2, 0xf9, 0x23, 0xfa, 0x02, 0xfa, 0x02, 0xfa, 0x23, 0xfa, 0x02, 0xfa,
  0x82, 0xfa, 0x22, 0xfa, 0x42, 0xfa, 0x44, 0xfb, 0x81, 0xfa, 0x31, 0xff, 0xb4, 0xff, 0x4e, 0xff,
  0x93, 0xff, 0x72, 0xff, 0xfa, 0xff, 0x4d, 0xfe, 0x80, 0xf0, 0x80, 0xe0, 0x80, 0xc8, 0x60, 0xa0,
  0x40, 0x88, 0xa0, 0xa8, 0x80, 0xa0, 0xc0, 0xa0, 0x80, 0x90, 0x60, 0x90, 0x60, 0x88, 0x80, 0x98,
  0x20, 0x80, 0x80, 0xa0, 0x60, 0x98, 0xa0, 0xb0, 0x00, 0xfc, 0x00, 0xca, 0x80, 0xb8, 0x80, 0x98,
  0x20, 0x78, 0x60, 0x80, 0x60, 0x80, 0x60, 0x80, 0x80, 0x88, 0x60, 0x88, 0xa0, 0x90, 0xa0, 0x90,
  0x80, 0x88, 0x60, 0x80, 0x80, 0x88, 0x80, 0x80, 0x80, 0x88, 0x60, 0x80, 0x80, 0x90, 0x40, 0x80,
  0x40, 0x88, 0xc0, 0x98, 0x00, 0xa9, 0xa0, 0x98, 0x60, 0x88, 0x40, 0x78, 0x40, 0x78, 0x60, 0x80,
  0x80, 0x88, 0x80, 0x88, 0x60, 0x78, 0x60, 0x78, 0xa0, 0x88, 0xa0, 0x88, 0xa0, 0x80, 0x80, 0x80,
  0x80, 0x80, 0x80, 0x80, 0x40, 0x80, 0x60, 0x88, 0x40, 0x78, 0xc0, 0xa8, 0xa0, 0xa0, 0x80, 0x80,
  0x80, 0x78, 0x80, 0x70, 0x80, 0x70, 0x60, 0x70, 0x80, 0x70, 0x80, 0x68, 0x60, 0x68, 0xa0, 0x68,
  0xa0, 0x68, 0xa0, 0x68, 0x80, 0x60, 0x60, 0x58, 0x60, 0x58, 0x60, 0x58, 0x80, 0x60, 0x60, 0x60,
  0xa0, 0x68, 0x80, 0x58, 0xa0, 0x58, 0xa0, 0x50, 0xa0, 0x58, 0xc0, 0x58, 0xa0, 0x50, 0xa0, 0x50,
  0xa0, 0x50, 0x60, 0x48, 0xa0, 0x50, 0x80, 0x48, 0x80, 0x50, 0xa0, 0x48, 0xa0, 0x48, 0xa0, 0x40,
  0xc0, 0x48, 0xe0, 0x50, 0x20, 0x49, 0xc0, 0x48, 0x00, 0x00, 0x00, 0x00, 0x00, 0x00, 0x00, 0x00,
  0x00, 0x00, 0x00, 0x00, 0x00, 0x60, 0x60, 0x48, 0xa0, 0x58, 0xa0, 0x60, 0x80, 0x50, 0x00, 0x00,
  0x00, 0x00, 0x00, 0x00, 0x00, 0x00, 0x00, 0x00, 0x00, 0x00, 0x00, 0x00, 0x00, 0x00, 0x00, 0x00,
  0x00, 0x00, 0x00, 0x00, 0x00, 0x00, 0x00, 0x00, 0x00, 0x00, 0x00, 0x00, 0x00, 0x00, 0x00, 0x00,
  0x00, 0x00, 0x00, 0x00, 0x00, 0x00, 0x00, 0x00, 0x00, 0x00, 0x00, 0x00, 0x00, 0x00, 0x00, 0x00,
  0x00, 0x00, 0x00, 0x00, 0x00, 0xf8, 0x00, 0x00, 0x00, 0x00, 0x00, 0x78, 0x00, 0x00, 0x00, 0x00,
  0x00, 0x00, 0x00, 0x00, 0x00, 0x00, 0x00, 0x00, 0x00, 0x00, 0x00, 0x00, 0x00, 0x00, 0x00, 0x00,
  0x00, 0x00, 0x00, 0x78, 0xe0, 0x79, 0xa0, 0x70, 0x00, 0x00, 0x00, 0x00, 0x00, 0x00, 0x00, 0x00,
  0x00, 0x00, 0x00, 0x00, 0x00, 0xf8, 0x00, 0x00, 0x00, 0x00, 0xc0, 0x78, 0x00, 0x78, 0x00, 0x00,
  0x00, 0x00, 0x00, 0x00, 0x00, 0xf8, 0x00, 0xf8, 0x00, 0x00, 0x00, 0x00, 0x00, 0x00, 0x00, 0x00,
  0x00, 0x00, 0xe0, 0x78, 0x00, 0x78, 0x00, 0x00, 0x00, 0xb8, 0x00, 0xa8, 0x00, 0xf8, 0x00, 0xa8,
  0x00, 0xf8, 0x00, 0xf8, 0x40, 0xa9, 0xe0, 0x88, 0x00, 0xa8, 0x00, 0xf8, 0x00, 0x50, 0xe0, 0x78,
  0xc0, 0x88, 0x00, 0x81, 0xa0, 0x88, 0xc0, 0x90, 0xe0, 0xa8, 0x80, 0x88, 0x60, 0x78, 0xa0, 0x88,
  0xa0, 0x88, 0xa0, 0x90, 0xc0, 0x90, 0x80, 0x88, 0xc0, 0x90, 0x80, 0x88, 0x40, 0x78, 0x20, 0x68,
  0x20, 0x78, 0x00, 0x68, 0x60, 0xa0, 0xc0, 0xc0, 0x40, 0x88, 0x40, 0x90, 0xc0, 0xb8, 0x20, 0xea,
  0xa0, 0xc8, 0x80, 0xa8, 0x80, 0xc0, 0x00, 0xd8, 0x24, 0xf3, 0xfe, 0xff, 0x0e, 0xfe, 0xa1, 0xf9,
  0x03, 0xfa, 0x23, 0xfa, 0xe2, 0xf9, 0x82, 0xfa, 0x24, 0xfb, 0xe4, 0xfa, 0x02, 0xfa, 0xe2, 0xf9,
  0x23, 0xfa, 0x02, 0xfa, 0x23, 0xfa, 0x02, 0xfa, 0x22, 0xfa, 0x83, 0xfa, 0x01, 0xfa, 0x24, 0xfb,
  0xe1, 0xf9, 0x29, 0xfd, 0xf4, 0xff, 0x2f, 0xff, 0x70, 0xff, 0x94, 0xff, 0x94, 0xff, 0xfd, 0xff,
  0x89, 0xfc, 0x20, 0xf0, 0xa0, 0xd8, 0x80, 0xd0, 0xa0, 0xb0, 0x40, 0x80, 0x80, 0x98, 0xe0, 0xb0,
  0xa0, 0xa0, 0x00, 0xb9, 0x60, 0x88, 0x20, 0x80, 0x40, 0x88, 0xc0, 0xa8, 0x20, 0xd9, 0x00, 0xc9,
  0x80, 0x98, 0x80, 0xa0, 0x80, 0xb0, 0xc0, 0xb0, 0x80, 0xa0, 0x40, 0x78, 0x20, 0x78, 0x40, 0x78,
  0x60, 0x80, 0x60, 0x80, 0x40, 0x78, 0x80, 0x88, 0xa0, 0x90, 0xa0, 0x90, 0xa0, 0x90, 0x60, 0x78,
  0x60, 0x80, 0xa0, 0x88, 0x80, 0x88, 0x60, 0x90, 0xa0, 0xa0, 0xc0, 0xd1, 0x20, 0xe2, 0x00, 0xb1,
  0xc0, 0xa0, 0x20, 0x70, 0x60, 0x80, 0x40, 0x78, 0x40, 0x78, 0x80, 0xa0, 0x60, 0x80, 0x40, 0x70,
  0x60, 0x78, 0xa0, 0x88, 0x80, 0x88, 0x40, 0x70, 0x40, 0x68, 0x60, 0x80, 0x60, 0x78, 0x40, 0x78,
  0x80, 0x98, 0x80, 0x98, 0x80, 0x98, 0x60, 0x78, 0x80, 0x80, 0x80, 0x80, 0x80, 0x70, 0x80, 0x78,
  0x60, 0x70, 0x60, 0x68, 0xa0, 0x70, 0x80, 0x70, 0xa0, 0x68, 0xa0, 0x68, 0x60, 0x60, 0x40, 0x58,
  0x60, 0x58, 0x60, 0x58, 0x60, 0x60, 0x80, 0x60, 0xa0, 0x60, 0xc0, 0x60, 0x80, 0x58, 0xc0, 0x50,
  0x60, 0x60, 0x80, 0x50, 0xc0, 0x50, 0xa0, 0x50, 0x80, 0x50, 0x80, 0x48, 0xa0, 0x48, 0xa0, 0x48,
  0xa0, 0x48, 0xa0, 0x48, 0xa0, 0x48, 0xa0, 0x48, 0xe0, 0x38, 0x00, 0x00, 0x00, 0x50, 0x00, 0x00,
  0x00, 0x00, 0x00, 0x00, 0x00, 0x00, 0x00, 0x00, 0x00, 0x00, 0x00, 0x00, 0x00, 0x00, 0x00, 0x00,
  0x00, 0x00, 0xa0, 0x40, 0xa0, 0x58, 0xa0, 0x50, 0x00, 0x00, 0x00, 0x78, 0x00, 0x00, 0x00, 0x00,
  0x00, 0x00, 0x00, 0x00, 0x00, 0x00, 0x00, 0x00, 0x00, 0x00, 0x00, 0x00, 0x00, 0x00, 0x00, 0x00,
  0x00, 0x00, 0x00, 0x00, 0x00, 0x00, 0x00, 0x00, 0x00, 0x00, 0x00, 0x00, 0x00, 0x00, 0x00, 0x00,
  0x00, 0x00, 0x00, 0x00, 0x00, 0x00, 0x00, 0x00, 0x00, 0x00, 0x00, 0x00, 0x00, 0x00, 0x00, 0x00,
  0x00, 0x00, 0x00, 0x00, 0x00, 0x00, 0x00, 0x00, 0x00, 0x00, 0x00, 0x00, 0x00, 0x00, 0x00, 0x00,
  0x00, 0x00, 0x00, 0x00, 0x00, 0x00, 0x00, 0x00, 0x00, 0x00, 0x00, 0x00, 0xc0, 0x60, 0x20, 0x79,
  0x40, 0x79, 0x00, 0x00, 0x00, 0x00, 0x00, 0x00, 0x00, 0x00, 0x00, 0x00, 0x00, 0x00, 0x00, 0x00,
  0x00, 0x00, 0x00, 0x00, 0xc0, 0x78, 0x20, 0x91, 0x00, 0x00, 0x00, 0xf8, 0x00, 0x00, 0x00, 0xf8,
  0x00, 0xf8, 0x00, 0x00, 0x00, 0x00, 0x00, 0x00, 0x00, 0x78, 0xe0, 0x80, 0xe0, 0x80, 0xa0, 0x52,
  0x00, 0x78, 0x00, 0x89, 0x00, 0xf8, 0x00, 0x00, 0x00, 0xf8, 0x00, 0x00, 0x00, 0x98, 0x00, 0x89,
  0x20, 0x79, 0x00, 0xf8, 0x00, 0xf8, 0x00, 0xa8, 0xe0, 0x88, 0xe0, 0x88, 0xa0, 0x80, 0xe0, 0x88,
  0xe0, 0x88, 0xa0, 0x88, 0xa0, 0x88, 0xa0, 0x88, 0xc0, 0x90, 0xc0, 0x90, 0xa0, 0x90, 0xc0, 0x98,
  0x60, 0x78, 0x80, 0x80, 0x80, 0x88, 0x60, 0x80, 0x80, 0x80, 0xa0, 0x90, 0xa0, 0xb0, 0x80, 0xa0,
  0xc0, 0xc0, 0x60, 0x88, 0x40, 0x88, 0x20, 0xd1, 0xa0, 0xe9, 0x80, 0xb8, 0x60, 0xa8, 0x80, 0xc0,
  0x00, 0xd8, 0x09, 0xf5, 0xfc, 0xff, 0xab, 0xfd, 0xe2, 0xf9, 0x23, 0xfa, 0x03, 0xfa, 0x22, 0xfa,
  0xa3, 0xfa, 0x45, 0xfb, 0x22, 0xfa, 0x42, 0xfa, 0xe4, 0xfa, 0x03, 0xfa, 0xe2, 0xf9, 0x02, 0xfa,
  0x02, 0xfa, 0x43, 0xfa, 0x62, 0xfa, 0x42, 0xfa, 0x85, 0xfb, 0xa1, 0xfa, 0x4f, 0xff, 0xb4, 0xff,
  0x30, 0xff, 0x30, 0xff, 0x95, 0xff, 0x95, 0xff, 0xfb, 0xff, 0x26, 0xfb, 0x20, 0xe8, 0xe0, 0xd8,
  0xc0, 0xd0, 0xe0, 0xc0, 0x60, 0x90, 0x40, 0x88, 0x00, 0xb9, 0xa0, 0xa8, 0xc0, 0xa8, 0x40, 0x78,
  0xe0, 0xb9, 0x20, 0x70, 0x40, 0x70, 0xa0, 0xb0, 0xa0, 0x98, 0x40, 0x88, 0x60, 0x80, 0x60, 0x90,
  0x40, 0xb1, 0x80, 0x90, 0x60, 0x98, 0x40, 0x88, 0x60, 0x80, 0x60, 0x88, 0x60, 0x80, 0x60, 0x78,
  0x80, 0x88, 0xa0, 0x88, 0x80, 0x88, 0xa0, 0x88, 0x80, 0x78, 0x60, 0x80, 0x80, 0x80, 0x80, 0x80,
  0xa0, 0x98, 0x60, 0xb9, 0xa0, 0xd1, 0xa0, 0xa8, 0x00, 0xa9, 0x60, 0x80, 0x40, 0x70, 0x60, 0x80,
  0x60, 0x78, 0x40, 0x78, 0xc0, 0xb0, 0x60, 0x80, 0x40, 0x70, 0xa0, 0x90, 0x80, 0x80, 0x40, 0x68,
  0x40, 0x68, 0x40, 0x70, 0x40, 0x68, 0x60, 0x70, 0x40, 0x78, 0x20, 0x70, 0x60, 0x80, 0x80, 0x88,
  0x40, 0x70, 0x40, 0x60, 0x60, 0x70, 0x80, 0x78, 0x80, 0x70, 0x60, 0x68, 0x80, 0x68, 0x60, 0x68,
  0x80, 0x70, 0x80, 0x68, 0x80, 0x68, 0x80, 0x60, 0x60, 0x60, 0x80, 0x60, 0x80, 0x60, 0x80, 0x58,
  0x80, 0x60, 0xa0, 0x60, 0x80, 0x68, 0xc0, 0x60, 0xa0, 0x50, 0xa0, 0x50, 0x80, 0x50, 0xa0, 0x50,
  0xa0, 0x58, 0xa0, 0x50, 0xa0, 0x50, 0x80, 0x48, 0xa0, 0x48, 0xc0, 0x48, 0xa0, 0x48, 0x80, 0x48,
  0xe0, 0x79, 0x00, 0x00, 0x00, 0x00, 0x00, 0x00, 0x00, 0x00, 0x00, 0x00, 0x00, 0x00, 0x00, 0x00,
  0x00, 0x00, 0x00, 0x00, 0x00, 0x00, 0x00, 0x00, 0x00, 0x00, 0x00, 0xf8, 0x00, 0x00, 0x00, 0x00,
  0xc0, 0x48, 0x00, 0x00, 0x00, 0x00, 0x00, 0x00, 0x00, 0x00, 0x00, 0x00, 0x00, 0x00, 0x00, 0x00,
  0x00, 0x00, 0x00, 0x00, 0x00, 0x00, 0x00, 0x00, 0x00, 0x00, 0x00, 0x00, 0x00, 0x00, 0x00, 0x00,
  0x00, 0x00, 0x00, 0x00, 0x00, 0x00, 0x00, 0x00, 0x00, 0x00, 0x00, 0x00, 0x00, 0x00, 0x00, 0x00,
  0x00, 0x00, 0x00, 0x00, 0x00, 0x00, 0x00, 0x00, 0x00, 0x00, 0x00, 0x00, 0xa0, 0x70, 0xc0, 0x68,
  0xc0, 0x58, 0x00, 0x00, 0x00, 0xf8, 0x00, 0x00, 0x00, 0x00, 0x00, 0x00, 0x00, 0x00, 0x00, 0x00,
  0x00, 0x78, 0x00, 0x00, 0x00, 0x00, 0x00, 0x78, 0x00, 0x00, 0x00, 0x00, 0x00, 0x00, 0x00, 0x00,
  0x00, 0x00, 0x00, 0x00, 0x00, 0x00, 0x00, 0x00, 0x00, 0x00, 0x00, 0x00, 0x00, 0x00, 0x00, 0xf8,
  0x00, 0x00, 0x00, 0x00, 0x00, 0x00, 0x00, 0x00, 0x00, 0xf8, 0x00, 0x00, 0x00, 0x00, 0x00, 0x00,
  0x00, 0x00, 0x00, 0xa8, 0xa0, 0x78, 0x00, 0x78, 0x00, 0x00, 0x00, 0x00, 0x00, 0x00, 0x00, 0x00,
  0x00, 0x00, 0x00, 0x00, 0x00, 0x00, 0x00, 0x78, 0x00, 0x50, 0x00, 0x78, 0x00, 0x00, 0x00, 0x00,
  0xa0, 0x52, 0xa0, 0x88, 0xe0, 0x78, 0xc0, 0x88, 0xa0, 0x88, 0xc0, 0x90, 0x80, 0x80, 0xa0, 0x88,
  0xc0, 0x90, 0xa0, 0x88, 0xa0, 0x88, 0x60, 0x78, 0x60, 0x78, 0x60, 0x78, 0x60, 0x80, 0x60, 0x88,
  0x20, 0x70, 0x40, 0x78, 0x00, 0xb2, 0xc0, 0xeb, 0x00, 0x60, 0x20, 0x78, 0x60, 0x90, 0x60, 0x98,
  0xc0, 0xd0, 0x60, 0xe9, 0x40, 0xb0, 0x60, 0xb0, 0x80, 0xc0, 0x00, 0xd0, 0x31, 0xfe, 0xfc, 0xff,
  0x49, 0xfd, 0x23, 0xfa, 0x02, 0xfa, 0x81, 0xf9, 0x83, 0xfa, 0x43, 0xfa, 0x02, 0xfa, 0x83, 0xfa,
  0x04, 0xfb, 0x23, 0xfa, 0xa2, 0xf9, 0x02, 0xfa, 0xa4, 0xfa, 0x63, 0xfa, 0xe2, 0xf9, 0x22, 0xfa,
  0x62, 0xfa, 0x82, 0xfa, 0xca, 0xfd, 0x70, 0xff, 0x2e, 0xff, 0x4f, 0xff, 0x72, 0xff, 0x71, 0xff,
  0x95, 0xff, 0xf2, 0xff, 0x01, 0xfa, 0x60, 0xe8, 0xe0, 0xd8, 0x20, 0xd1, 0x00, 0xc9, 0xa0, 0xa8,
  0x80, 0xa0, 0x60, 0xd9, 0xc0, 0xb0, 0x60, 0xa0, 0x20, 0xd1, 0xc0, 0xd9, 0x00, 0x70, 0x20, 0x68,
  0x20, 0x70, 0x40, 0x88, 0x40, 0x80, 0x20, 0x70, 0x60, 0x88, 0x20, 0x68, 0x80, 0x98, 0xc1, 0xfb,
  0x80, 0xd1, 0x20, 0x78, 0x60, 0x80, 0x80, 0x98, 0x80, 0x90, 0x80, 0x90, 0xa0, 0x98, 0x80, 0x90,
  0x40, 0x78, 0x60, 0x88, 0x80, 0x90, 0x80, 0x90, 0x60, 0x78, 0x40, 0x78, 0x40, 0x70, 0x60, 0x80,
  0xa0, 0xa0, 0xa0, 0x90, 0x20, 0x70, 0x20, 0x70, 0x20, 0x78, 0x20, 0x70, 0x40, 0x78, 0xa0, 0xa8,
  0x60, 0x98, 0xc0, 0x98, 0x20, 0xb9, 0x80, 0x98, 0x60, 0x80, 0x40, 0x80, 0x20, 0x78, 0x20, 0x70,
  0x60, 0x78, 0x40, 0x78, 0x60, 0x78, 0x40, 0x68, 0x20, 0x70, 0x20, 0x70, 0x60, 0x80, 0x40, 0x78,
  0x40, 0x68, 0x40, 0x60, 0x40, 0x60, 0x40, 0x70, 0x60, 0x70, 0x60, 0x70, 0x60, 0x70, 0x40, 0x60,
  0x40, 0x58, 0x40, 0x60, 0x40, 0x60, 0x40, 0x58, 0x40, 0x50, 0x60, 0x58, 0x80, 0x50, 0x60, 0x48,
  0x80, 0x50, 0x80, 0x58, 0x60, 0x58, 0x80, 0x50, 0x60, 0x50, 0xa0, 0x50, 0xa0, 0x50, 0x80, 0x48,
  0x80, 0x50, 0xe0, 0x48, 0x60, 0x38, 0xa0, 0x58, 0x80, 0x31, 0xe0, 0x38, 0x00, 0x38, 0x00, 0x00,
  0x00, 0x00, 0x00, 0x78, 0x00, 0x00, 0x00, 0x00, 0x00, 0x00, 0x00, 0x00, 0x00, 0x00, 0x00, 0x00,
  0x00, 0x00, 0x00, 0x00, 0x00, 0x00, 0x00, 0x00, 0x00, 0x00, 0x00, 0x00, 0x00, 0x00, 0x00, 0x00,
  0x00, 0x00, 0x00, 0x00, 0x00, 0x00, 0x00, 0x00, 0x00, 0x00, 0x00, 0x00, 0x00, 0x00, 0x00, 0x00,
  0x00, 0x00, 0x00, 0x00, 0x00, 0x00, 0x00, 0x00, 0x00, 0x00, 0x00, 0x00, 0x00, 0x00, 0x00, 0x00,
  0x00, 0x00, 0x00, 0x00, 0x00, 0x00, 0x00, 0x00, 0x00, 0x00, 0x00, 0x00, 0x00, 0x00, 0x00, 0x00,
  0x00, 0x00, 0x00, 0x00, 0x00, 0xf8, 0xe0, 0x68, 0xe0, 0x70, 0xe0, 0x68, 0x00, 0x00, 0x00, 0x78,
  0x00, 0xf8, 0x00, 0x00, 0x00, 0x00, 0x00, 0x00, 0x00, 0xf8, 0x00, 0x00, 0x00, 0x00, 0x00, 0x00,
  0x00, 0x00, 0x00, 0x00, 0x00, 0x00, 0x00, 0x00, 0x00, 0x00, 0x00, 0x00, 0x00, 0x00, 0x00, 0x00,
  0x00, 0x00, 0x00, 0x00, 0x00, 0x00, 0x00, 0x00, 0x00, 0x00, 0x00, 0x00, 0x00, 0x00, 0x00, 0xf8,
  0x00, 0x00, 0x00, 0x00, 0x00, 0x00, 0x00, 0x00, 0x00, 0x00, 0x00, 0x00, 0x00, 0x00, 0x00, 0x00,
  0x00, 0x00, 0x00, 0x00, 0x00, 0x00, 0x00, 0x00, 0x00, 0x00, 0x00, 0xf8, 0x00, 0x00, 0x00, 0x00,
  0x00, 0x00, 0x00, 0xf8, 0x00, 0x00, 0x00, 0xf8, 0x00, 0x00, 0xe0, 0x79, 0x00, 0x78, 0x00, 0xa8,
  0xc0, 0x88, 0xa0, 0x90, 0x40, 0xa9, 0xe0, 0x90, 0x80, 0x90, 0x60, 0x90, 0xc0, 0x90, 0xc0, 0x88,
  0x40, 0x78, 0x20, 0x78, 0x80, 0x88, 0x40, 0x78, 0x40, 0x88, 0x80, 0x90, 0x00, 0x78, 0x60, 0x81,
  0xa0, 0xaa, 0x20, 0x78, 0x40, 0x80, 0x80, 0xa0, 0x20, 0xa0, 0x00, 0xd1, 0x80, 0xe9, 0x60, 0xb0,
  0x80, 0xb8, 0x80, 0xc0, 0x00, 0xd8, 0x97, 0xfe, 0xf8, 0xff, 0x46, 0xfc, 0x85, 0xfa, 0xe2, 0xf9,
  0x81, 0xf9, 0x83, 0xfa, 0x25, 0xfb, 0x43, 0xfa, 0x63, 0xfa, 0xa3, 0xfa, 0xe2, 0xf9, 0x03, 0xfa,
  0xe2, 0xf9, 0x03, 0xfa, 0x22, 0xfa, 0x42, 0xfa, 0x62, 0xfa, 0x82, 0xfa, 0xc1, 0xfa, 0x8e, 0xfe,
  0xb4, 0xff, 0x2f, 0xff, 0x70, 0xff, 0x94, 0xff, 0x4f, 0xff, 0xd7, 0xff, 0x91, 0xff, 0x60, 0xf1,
  0x80, 0xe8, 0xa0, 0xc0, 0x80, 0xc9, 0x00, 0xc1, 0x60, 0xa0, 0x20, 0xc1, 0x60, 0xd1, 0x60, 0xa0,
  0x80, 0xa8, 0xe0, 0xc8, 0xe0, 0xc0, 0x40, 0x80, 0x40, 0x78, 0x40, 0x78, 0x40, 0x80, 0x60, 0x88,
  0x60, 0x90, 0x60, 0x80, 0x60, 0x90, 0x20, 0x78, 0x80, 0x88, 0x40, 0x90, 0x20, 0x88, 0x40, 0x88,
  0x60, 0x88, 0x80, 0x88, 0x60, 0x80, 0x60, 0x78, 0x60, 0x88, 0x40, 0x80, 0x60, 0x90, 0x40, 0x88,
  0x60, 0x88, 0x60, 0x78, 0x00, 0x60, 0x20, 0x68, 0x40, 0x70, 0x20, 0x68, 0x40, 0x78, 0x40, 0x80,
  0x40, 0x88, 0x60, 0x88, 0x60, 0x90, 0xa0, 0xa8, 0x80, 0xa0, 0x60, 0x98, 0x00, 0xb9, 0x40, 0xc1,
  0x60, 0x90, 0x80, 0xa8, 0x40, 0x88, 0x80, 0x98, 0x80, 0x98, 0x40, 0x70, 0x60, 0x80, 0x80, 0x90,
  0xa0, 0xa8, 0x00, 0xb9, 0x40, 0xc1, 0xa0, 0xa0, 0x40, 0x88, 0x60, 0x78, 0x40, 0x78, 0x40, 0x70,
  0x40, 0x70, 0x60, 0x70, 0x40, 0x68, 0x40, 0x68, 0x40, 0x60, 0x60, 0x68, 0x40, 0x60, 0x60, 0x60,
  0x40, 0x50, 0x20, 0x50, 0x40, 0x58, 0x60, 0x58, 0x80, 0x58, 0x60, 0x58, 0x80, 0x58, 0x60, 0x58,
  0x60, 0x50, 0x60, 0x50, 0x60, 0x50, 0x80, 0x48, 0x60, 0x48, 0xa0, 0x48, 0x60, 0x48, 0xe0, 0x50,
  0xe0, 0x38, 0xa0, 0x40, 0x80, 0x61, 0x00, 0x50, 0x00, 0x00, 0x00, 0x00, 0x00, 0x00, 0x00, 0x00,
  0x00, 0x00, 0x00, 0x00, 0x00, 0x00, 0x00, 0x00, 0x00, 0x00, 0x00, 0x00, 0x00, 0x00, 0x00, 0x00,
  0x00, 0x00, 0x00, 0x00, 0x00, 0x00, 0x00, 0x00, 0x00, 0x00, 0x00, 0x00, 0x00, 0x00, 0x00, 0x00,
  0x00, 0x00, 0x00, 0x00, 0x00, 0x00, 0x00, 0x00, 0x00, 0x00, 0x00, 0x00, 0x00, 0x00, 0x00, 0x00,
  0x00, 0x00, 0x00, 0x00, 0x00, 0x00, 0x00, 0x00, 0x00, 0x00, 0x00, 0x00, 0x00, 0x00, 0x00, 0x00,
  0x00, 0x00, 0x00, 0x00, 0x00, 0x00, 0x00, 0x00, 0x00, 0x00, 0x00, 0x00, 0x00, 0x00, 0x00, 0x00,
  0xe0, 0x78, 0x80, 0x60, 0x20, 0x69, 0x00, 0x00, 0x00, 0x00, 0x00, 0x00, 0x00, 0x00, 0x00, 0x00,
  0x00, 0x00, 0x00, 0x00, 0x00, 0x00, 0x00, 0x00, 0x00, 0x00, 0x00, 0x00, 0x00, 0x00, 0x00, 0x00,
  0x00, 0x00, 0x00, 0x00, 0x00, 0x00, 0x00, 0x00, 0x00, 0x00, 0x00, 0x00, 0x00, 0x00, 0x00, 0x00,
  0x00, 0x00, 0x00, 0x00, 0x00, 0x00, 0x00, 0x00, 0x00, 0x00, 0x00, 0x00, 0x00, 0x00, 0x00, 0x00,
  0x00, 0x00, 0x00, 0x00, 0x00, 0x00, 0x00, 0x00, 0x00, 0x00, 0x00, 0x00, 0x00, 0x00, 0x00, 0x00,
  0x00, 0x00, 0x00, 0x00, 0x00, 0x00, 0x00, 0x00, 0x00, 0x00, 0x00, 0x00, 0x00, 0x60, 0x80, 0x61,
  0x00, 0x00, 0x00, 0x78, 0x40, 0x79, 0x20, 0x91, 0xa0, 0x78, 0xe0, 0x78, 0x40, 0x79, 0xc0, 0x98,
  0xc0, 0x78, 0xc0, 0x98, 0x60, 0x90, 0xc0, 0x90, 0xc0, 0x90, 0x60, 0x70, 0x20, 0x70, 0x60, 0x80,
  0x80, 0x80, 0x40, 0x80, 0x40, 0x80, 0xa0, 0x90, 0x00, 0x70, 0x00, 0x70, 0x60, 0x98, 0x80, 0x98,
  0xc0, 0xb8, 0x20, 0xa0, 0xa0, 0xe1, 0x20, 0xd9, 0x40, 0xb0, 0x80, 0xb8, 0x20, 0xc8, 0x20, 0xf1,
  0x59, 0xff, 0xf8, 0xff, 0x24, 0xfb, 0x84, 0xfa, 0xc2, 0xf9, 0xa2, 0xf9, 0xc1, 0xf9, 0xe2, 0xf9,
  0x63, 0xfa, 0x63, 0xfa, 0xe4, 0xfa, 0x22, 0xfa, 0xe2, 0xf9, 0xa1, 0xf9, 0xc2, 0xf9, 0x84, 0xfa,
  0x42, 0xfa, 0x62, 0xfa, 0x62, 0xfa, 0x84, 0xfb, 0x94, 0xff, 0xb5, 0xff, 0x51, 0xff, 0x71, 0xff,
  0x50, 0xff, 0x4e, 0xff, 0xfa, 0xff, 0x70, 0xfe, 0xc0, 0xf8, 0xa0, 0xe0, 0x60, 0xc0, 0x60, 0xd1,
  0x00, 0xc1, 0xe0, 0xb8, 0x40, 0xd1, 0x00, 0xc9, 0xe0, 0xc0, 0x40, 0x90, 0x20, 0x70, 0x60, 0x80,
  0x60, 0x90, 0x40, 0x80, 0x40, 0x80, 0xc0, 0xa8, 0x80, 0x90, 0x80, 0x90, 0x80, 0x90, 0xa0, 0xa0,
  0x60, 0x90, 0x20, 0x80, 0x20, 0x70, 0x20, 0x70, 0x60, 0x88, 0x60, 0x98, 0x20, 0x80, 0x80, 0x90,
  0x80, 0x88, 0x40, 0x78, 0x20, 0x78, 0x20, 0x70, 0x40, 0x88, 0xa0, 0xa8, 0x60, 0x80, 0x60, 0x80,
  0xc0, 0xa8, 0xe0, 0xa8, 0x40, 0x70, 0x20, 0x68, 0x60, 0x80, 0x20, 0x68, 0x40, 0x78, 0x20, 0x78,
  0x80, 0x98, 0x60, 0x90, 0x40, 0x88, 0x20, 0xc9, 0x60, 0xd1, 0x60, 0x88, 0x40, 0x88, 0x40, 0x88,
  0x60, 0x88, 0x20, 0x70, 0x40, 0x78, 0x40, 0x70, 0x40, 0x80, 0x60, 0x90, 0x60, 0x90, 0xc0, 0xa0,
  0x80, 0x90, 0x40, 0x80, 0x20, 0x78, 0x20, 0x68, 0x40, 0x68, 0x40, 0x70, 0x60, 0x78, 0x60, 0x78,
  0x60, 0x68, 0x40, 0x68, 0x40, 0x60, 0x20, 0x48, 0x20, 0x50, 0x60, 0x68, 0x60, 0x68, 0x80, 0x68,
  0x80, 0x60, 0x80, 0x60, 0x60, 0x50, 0x60, 0x48, 0x60, 0x50, 0xa0, 0x58, 0x80, 0x50, 0x60, 0x50,
  0x60, 0x50, 0x80, 0x48, 0x80, 0x50, 0x60, 0x48, 0xa0, 0x50, 0xa0, 0x40, 0xe0, 0x50, 0x00, 0x00,
  0x00, 0x00, 0x00, 0x00, 0x00, 0x00, 0x60, 0x38, 0x00, 0x00, 0x00, 0x00, 0x00, 0x00, 0x00, 0x00,
  0x00, 0x00, 0x00, 0x00, 0x00, 0x00, 0x00, 0x00, 0x00, 0x00, 0x00, 0x00, 0x00, 0x00, 0x00, 0x00,
  0x00, 0x00, 0x00, 0x00, 0x00, 0x00, 0x00, 0x00, 0x00, 0x00, 0x00, 0x00, 0x00, 0x00, 0x00, 0x00,
  0x00, 0x00, 0x00, 0x00, 0x00, 0x00, 0x00, 0x00, 0x00, 0x00, 0x00, 0x00, 0x00, 0x00, 0x00, 0x00,
  0x00, 0x00, 0x00, 0x00, 0x00, 0x00, 0x00, 0x00, 0x00, 0x00, 0x00, 0x00, 0x00, 0x00, 0x00, 0x00,
  0x00, 0x00, 0x00, 0x00, 0x00, 0x00, 0x00, 0x00, 0x00, 0xf8, 0x00, 0x00, 0x00, 0x00, 0x00, 0x00,
  0x00, 0x00, 0x00, 0x00, 0x00, 0x00, 0x00, 0x00, 0x00, 0x00, 0x00, 0x00, 0x00, 0x00, 0x00, 0x00,
  0x00, 0x00, 0x00, 0x00, 0x00, 0x00, 0x00, 0x00, 0x00, 0x00, 0x00, 0x00, 0x00, 0x00, 0x00, 0x00,
  0x00, 0x00, 0x00, 0x00, 0x00, 0x00, 0x00, 0x00, 0x00, 0x00, 0x00, 0x00, 0x00, 0x00, 0x00, 0x00,
  0x00, 0x00, 0x00, 0x00, 0x00, 0x00, 0x00, 0x00, 0x00, 0x00, 0x00, 0x00, 0x00, 0x00, 0x00, 0x00,
  0x00, 0x00, 0x00, 0x00, 0x00, 0x00, 0x00, 0x00, 0x00, 0x00, 0x00, 0x00, 0x00, 0x00, 0x00, 0x00,
  0x00, 0x00, 0x00, 0x00, 0x00, 0x00, 0x00, 0x98, 0xc0, 0x78, 0x00, 0x00, 0x00, 0x78, 0x40, 0xa9,
  0x60, 0x89, 0x00, 0x89, 0xe0, 0x88, 0x40, 0xa9, 0xa0, 0x88, 0xe0, 0x88, 0xc0, 0x98, 0xa0, 0x88,
  0xc0, 0x90, 0xa0, 0x88, 0x60, 0x78, 0x40, 0x70, 0x60, 0x80, 0xc0, 0xa0, 0x60, 0x90, 0x20, 0x70,
  0x20, 0x68, 0x60, 0x80, 0x60, 0x90, 0x20, 0x80, 0x40, 0x88, 0xa0, 0xb0, 0x60, 0xb0, 0x00, 0xf2,
  0xe0, 0xc8, 0x60, 0xa8, 0xc0, 0xc0, 0x00, 0xd0, 0xc3, 0xfa, 0xfb, 0xff, 0x14, 0xff, 0x42, 0xfa,
  0xc3, 0xf9, 0x22, 0xfa, 0x03, 0xfa, 0x81, 0xf9, 0x81, 0xf9, 0xa1, 0xf9, 0xc2, 0xf9, 0x42, 0xfa,
  0x42, 0xfa, 0xc2, 0xf9, 0xc2, 0xf9, 0x64, 0xfa, 0xc2, 0xf9, 0xa2, 0xf9, 0x63, 0xfa, 0x82, 0xfa,
  0x8a, 0xfd, 0xf3, 0xff, 0x31, 0xff, 0x95, 0xff, 0x71, 0xff, 0x4f, 0xff, 0x2e, 0xff, 0xf9, 0xff,
  0x48, 0xfd, 0x00, 0xf0, 0xa0, 0xd8, 0xa0, 0xd0, 0x40, 0xf2, 0x00, 0xc9, 0xc0, 0xc0, 0xe0, 0xc0,
  0xe0, 0xb8, 0xc0, 0xb8, 0x20, 0x88, 0x20, 0x70, 0x00, 0x60, 0x60, 0x88, 0x60, 0x88, 0x60, 0x90,
  0x80, 0x90, 0x60, 0x80, 0x60, 0x80, 0xe0, 0xa8, 0xa0, 0x98, 0x20, 0x78, 0x60, 0x88, 0x60, 0x88,
  0x40, 0x80, 0x20, 0x70, 0xa0, 0xa0, 0xc0, 0xa8, 0x40, 0x78, 0x60, 0x80, 0xc0, 0xa0, 0xc0, 0xb0,
  0x40, 0x88, 0x40, 0x88, 0xa0, 0x98, 0x40, 0x80, 0x20, 0x78, 0x40, 0x80, 0x80, 0x98, 0x40, 0x80,
  0x20, 0x70, 0x40, 0x80, 0x60, 0x90, 0xa0, 0xa0, 0x20, 0x78, 0x40, 0x88, 0x80, 0x98, 0x80, 0x98,
  0xa0, 0xa8, 0x00, 0xc1, 0x60, 0x90, 0x80, 0x98, 0x40, 0x88, 0x40, 0x80, 0x60, 0x88, 0x40, 0x88,
  0x80, 0x90, 0x40, 0x88, 0x60, 0x88, 0xc0, 0xa8, 0x60, 0x90, 0x80, 0x90, 0xa0, 0x98, 0x60, 0x88,
  0x60, 0x88, 0x60, 0x80, 0x40, 0x78, 0x40, 0x70, 0x20, 0x60, 0x00, 0x58, 0x40, 0x60, 0x80, 0x70,
  0xa0, 0x80, 0xa0, 0x80, 0xa0, 0x78, 0x80, 0x70, 0x80, 0x60, 0x60, 0x50, 0x60, 0x50, 0x60, 0x50,
  0x80, 0x50, 0x40, 0x50, 0x60, 0x58, 0xa0, 0x50, 0xe0, 0x50, 0x40, 0x50, 0xa0, 0x50, 0xa0, 0x50,
  0xe0, 0x48, 0xc0, 0x48, 0x00, 0x78, 0x40, 0x51, 0x00, 0x00, 0x00, 0x00, 0xa0, 0x52, 0xa0, 0x50,
  0xa0, 0x40, 0x00, 0x00, 0x00, 0x00, 0x00, 0x00, 0x00, 0x00, 0x00, 0x00, 0x00, 0x00, 0x00, 0x00,
  0x00, 0x00, 0x00, 0x00, 0x00, 0x00, 0x00, 0x00, 0x00, 0x00, 0x00, 0x00, 0x00, 0x00, 0x00, 0x00,
  0x00, 0x00, 0x00, 0x00, 0x00, 0x00, 0x00, 0x00, 0x00, 0x00, 0x00, 0x00, 0x00, 0x00, 0x00, 0x00,
  0x00, 0x00, 0x00, 0x00, 0x00, 0x00, 0x00, 0x00, 0x00, 0x00, 0x00, 0x00, 0x00, 0x00, 0x00, 0x00,
  0x00, 0x00, 0x00, 0x00, 0x00, 0x00, 0x00, 0x00, 0x00, 0x00, 0x00, 0x00, 0x00, 0x00, 0x00, 0x00,
  0x00, 0xf8, 0xe0, 0x7b, 0x00, 0x00, 0x00, 0x00, 0x00, 0x00, 0x00, 0x00, 0x00, 0x00, 0x00, 0x78,
  0x80, 0x58, 0xa0, 0x68, 0x00, 0x50, 0x00, 0x78, 0x00, 0x00, 0x00, 0x00, 0x00, 0x00, 0x00, 0x00,
  0x00, 0x00, 0x00, 0xf8, 0x00, 0x00, 0x00, 0x00, 0x00, 0x00, 0x00, 0x00, 0x00, 0x00, 0x00, 0x00,
  0x00, 0x00, 0x00, 0x00, 0x00, 0x00, 0x00, 0x00, 0x00, 0x00, 0x00, 0x00, 0x00, 0x00, 0x00, 0xf8,
  0x00, 0x78, 0x00, 0x00, 0x00, 0x00, 0x00, 0xf8, 0x00, 0x00, 0x00, 0xf8, 0x00, 0x00, 0x00, 0x00,
  0x00, 0xf8, 0x00, 0x00, 0x00, 0x00, 0x00, 0x00, 0x00, 0x00, 0x00, 0x00, 0x00, 0x00, 0x00, 0x78,
  0xe0, 0x88, 0x00, 0x78, 0x00, 0x00, 0x00, 0x00, 0x00, 0xa8, 0x00, 0x89, 0x00, 0xa8, 0x00, 0xb8,
  0x00, 0x60, 0xa0, 0x90, 0xa0, 0x88, 0xa0, 0x88, 0xc0, 0x88, 0xe0, 0x90, 0xa0, 0x88, 0x80, 0x80,
  0xa0, 0x88, 0x60, 0x80, 0x80, 0x90, 0x60, 0x90, 0x20, 0x68, 0x60, 0x88, 0x60, 0x98, 0x80, 0xa0,
  0x40, 0x80, 0x20, 0x78, 0x60, 0xa0, 0x80, 0xb0, 0x20, 0xfa, 0xa0, 0xb8, 0x80, 0xa8, 0xa0, 0xc0,
  0x00, 0xd8, 0x4a, 0xfb, 0xfc, 0xff, 0xd0, 0xfe, 0xe1, 0xf9, 0x41, 0xf9, 0x20, 0xf9, 0x82, 0xf9,
  0xc2, 0xf9, 0xe2, 0xf9, 0xc2, 0xf9, 0x02, 0xfa, 0xe2, 0xf9, 0x22, 0xfa, 0xc2, 0xf1, 0xc2, 0xf9,
  0xe2, 0xf9, 0xe2, 0xf9, 0x23, 0xfa, 0xa3, 0xfa, 0x03, 0xfb, 0x8d, 0xfe, 0x8d, 0xfe, 0x0a, 0xfe,
  0xd5, 0xff, 0xcd, 0xfe, 0x2e, 0xff, 0x4e, 0xff, 0xf5, 0xff, 0x22, 0xfc, 0x00, 0xf0, 0x80, 0xd0,
  0x20, 0xea, 0x00, 0xea, 0xc0, 0xc0, 0x80, 0xb0, 0xc0, 0xb8, 0x60, 0xa0, 0xa0, 0xb0, 0xe0, 0xa0,
  0xe0, 0xa8, 0x20, 0x70, 0x40, 0x78, 0x40, 0x80, 0x80, 0x90, 0x80, 0x90, 0x20, 0x70, 0x60, 0x80,
  0x40, 0x78, 0x60, 0x78, 0x60, 0x88, 0x40, 0x80, 0x60, 0x80, 0x40, 0x80, 0x20, 0x78, 0x60, 0x88,
  0xe0, 0xb0, 0xa0, 0x90, 0x40, 0x80, 0x80, 0x98, 0x80, 0xf1, 0x20, 0xc9, 0x80, 0x98, 0xc0, 0xa8,
  0xc0, 0xa0, 0x60, 0x90, 0x60, 0x80, 0x00, 0x60, 0x20, 0x68, 0x40, 0x78, 0x80, 0x90, 0x60, 0x90,
  0xe0, 0xb0, 0x40, 0x80, 0x40, 0x70, 0x80, 0xa0, 0x60, 0x90, 0xc0, 0xa8, 0x20, 0xc1, 0x60, 0x90,
  0x80, 0x98, 0x80, 0x90, 0x40, 0x78, 0x80, 0x90, 0x40, 0x80, 0x20, 0x78, 0xc0, 0xa8, 0x60, 0xd1,
  0x00, 0xb9, 0x40, 0x80, 0x60, 0x90, 0x80, 0x90, 0x80, 0x88, 0x80, 0x88, 0x60, 0x80, 0x40, 0x70,
  0x60, 0x70, 0xc0, 0x88, 0x40, 0xa9, 0xc0, 0xc9, 0x40, 0xb1, 0xa0, 0x88, 0xa0, 0x70, 0x60, 0x58,
  0x40, 0x50, 0x40, 0x48, 0x60, 0x50, 0x60, 0x58, 0x60, 0x58, 0x60, 0x50, 0x40, 0x50, 0x80, 0x50,
  0x80, 0x50, 0xa0, 0x50, 0x80, 0x50, 0xa0, 0x48, 0xc0, 0x48, 0xa0, 0x50, 0x00, 0x78, 0x00, 0x78,
  0x00, 0x50, 0x00, 0x00, 0x00, 0x78, 0xe0, 0x38, 0x80, 0x40, 0x00, 0x38, 0x00, 0x00, 0x00, 0x00,
  0x00, 0x00, 0x00, 0x00, 0x00, 0x00, 0x00, 0x00, 0x00, 0x00, 0x00, 0x00, 0x00, 0x00, 0x00, 0x00,
  0x00, 0x00, 0x00, 0x00, 0x00, 0x00, 0x00, 0x00, 0x00, 0x00, 0x00, 0x00, 0x00, 0x00, 0x00, 0x00,
  0x00, 0x00, 0x00, 0x00, 0x00, 0x00, 0x00, 0x00, 0x00, 0x00, 0x00, 0x00, 0x00, 0x00, 0x00, 0x00,
  0x00, 0x00, 0x00, 0x00, 0x00, 0x00, 0x00, 0x00, 0x00, 0x00, 0x00, 0x00, 0x00, 0x00, 0x00, 0x00,
  0x00, 0x00, 0x00, 0x78, 0x00, 0x00, 0x00, 0x00, 0x00, 0x00, 0x00, 0x00, 0x00, 0x00, 0x00, 0x00,
  0x00, 0x00, 0x00, 0x00, 0x00, 0x00, 0x00, 0x00, 0x00, 0x00, 0xc0, 0x70, 0xa0, 0x68, 0x00, 0x50,
  0x00, 0x78, 0x00, 0x00, 0x00, 0x00, 0x00, 0x00, 0x00, 0x00, 0x00, 0x00, 0x00, 0x00, 0x00, 0x00,
  0x00, 0xf8, 0x00, 0x50, 0x00, 0x00, 0x00, 0x00, 0x00, 0x00, 0x00, 0x00, 0x00, 0x00, 0x00, 0x00,
  0x00, 0x00, 0x00, 0x00, 0x00, 0x00, 0x00, 0x00, 0x00, 0x78, 0x00, 0x78, 0x00, 0x00, 0x00, 0x00,
  0x00, 0x00, 0x00, 0x00, 0x00, 0xf8, 0x00, 0xf8, 0x00, 0xf8, 0x00, 0x00, 0x00, 0x00, 0xe0, 0xfb,
  0x00, 0x00, 0x00, 0x00, 0x00, 0xf8, 0x00, 0x00, 0x80, 0x99, 0x00, 0x98, 0x00, 0xf8, 0xe0, 0x90,
  0xa0, 0x90, 0xe0, 0x88, 0xa0, 0x78, 0xa0, 0x88, 0xc0, 0x88, 0xa0, 0x80, 0xe0, 0x88, 0x80, 0x88,
  0xa0, 0x88, 0x80, 0x88, 0x80, 0x88, 0x80, 0x88, 0x80, 0x88, 0x40, 0x78, 0x20, 0x68, 0x20, 0x78,
  0x60, 0x88, 0x20, 0x68, 0x40, 0x70, 0x20, 0x70, 0x40, 0x88, 0x40, 0x88, 0x40, 0x88, 0x60, 0xa8,
  0xe0, 0xd0, 0x40, 0xfa, 0x60, 0xb8, 0x80, 0xb8, 0xa0, 0xc8, 0x00, 0xd8, 0x0c, 0xf4, 0xfd, 0xff,
  0x0c, 0xfe, 0xe1, 0xf9, 0x42, 0xfa, 0x42, 0xfa, 0x81, 0xf9, 0xc2, 0xf9, 0xc2, 0xf9, 0xc1, 0xf9,
  0xc1, 0xf9, 0xc2, 0xf9, 0xe2, 0xf9, 0x81, 0xf9, 0xc2, 0xf9, 0x02, 0xfa, 0xe2, 0xf9, 0xc2, 0xf9,
  0x02, 0xfa, 0xe1, 0xf9, 0xa5, 0xfb, 0xc6, 0xfc, 0x6c, 0xfe, 0x92, 0xff, 0xcd, 0xfe, 0x0c, 0xff,
  0x2e, 0xff, 0xd8, 0xff, 0xa1, 0xfa, 0x00, 0xe0, 0x00, 0xe1, 0x40, 0xf2, 0xc0, 0xe1, 0xe0, 0xd0,
  0xc0, 0xc0, 0x20, 0xd1, 0x20, 0xc9, 0x20, 0xf3, 0xa0, 0xd1, 0xa0, 0xa8, 0xa0, 0xa0, 0x40, 0x88,
  0x40, 0x80, 0x40, 0x78, 0x60, 0x78, 0x40, 0x80, 0x40, 0x78, 0x20, 0x70, 0x20, 0x68, 0x60, 0x80,
  0x60, 0x90, 0x40, 0x80, 0x20, 0x78, 0x40, 0x88, 0x80, 0x98, 0x80, 0x98, 0x40, 0x80, 0xc0, 0xd9,
  0x80, 0x98, 0x60, 0x90, 0x00, 0xc9, 0xc0, 0xb8, 0xa0, 0xa8, 0x40, 0x80, 0x40, 0x80, 0x40, 0x88,
  0x60, 0x88, 0x60, 0x88, 0x80, 0x98, 0x60, 0x90, 0x60, 0x90, 0xa0, 0xa8, 0x40, 0x88, 0x40, 0x88,
  0xa0, 0xa0, 0x60, 0x98, 0x80, 0xa8, 0xa0, 0xa8, 0x60, 0x90, 0x60, 0x90, 0x40, 0x88, 0x60, 0x90,
  0x80, 0x98, 0x60, 0x90, 0x60, 0xa0, 0x80, 0xb0, 0xa0, 0xc0, 0x60, 0xa0, 0x40, 0x80, 0xa0, 0x98,
  0x40, 0x98, 0x00, 0x98, 0x40, 0x98, 0xa0, 0x98, 0x20, 0xb9, 0xa0, 0xd1, 0xa0, 0xc9, 0x60, 0xc1,
  0x00, 0x99, 0x80, 0x78, 0x20, 0x58, 0x40, 0x58, 0x60, 0x58, 0x60, 0x58, 0x60, 0x58, 0x60, 0x50,
  0x60, 0x50, 0x60, 0x58, 0x60, 0x50, 0x60, 0x50, 0x80, 0x58, 0x80, 0x50, 0xa0, 0x58, 0x80, 0x48,
  0xc0, 0x48, 0x60, 0x48, 0xc0, 0x48, 0x80, 0x48, 0x00, 0x38, 0x40, 0x51, 0x20, 0x49, 0x00, 0x78,
  0x00, 0x00, 0x00, 0x50, 0x00, 0x38, 0x00, 0x00, 0x00, 0x00, 0x00, 0x00, 0x00, 0x00, 0x00, 0x00,
  0x00, 0x00, 0x00, 0x00, 0x00, 0x00, 0x00, 0x00, 0x00, 0x00, 0x00, 0x00, 0x00, 0x00, 0x00, 0x00,
  0x00, 0x00, 0x00, 0x00, 0x00, 0x00, 0x00, 0x00, 0x00, 0x00, 0x00, 0x00, 0x00, 0x00, 0x00, 0x00,
  0x00, 0x00, 0x00, 0x00, 0x00, 0x00, 0x00, 0x00, 0x00, 0x00, 0x00, 0x00, 0x00, 0x00, 0x00, 0x00,
  0x00, 0x00, 0x00, 0x00, 0x00, 0x00, 0x00, 0x00, 0x00, 0xf8, 0x00, 0x00, 0x00, 0x00, 0x00, 0x00,
  0x00, 0x00, 0x00, 0x00, 0x00, 0x00, 0x00, 0x00, 0x00, 0x00, 0x00, 0x00, 0x00, 0x00, 0x00, 0x00,
  0x00, 0x00, 0x00, 0x00, 0x00, 0x00, 0x00, 0x00, 0x00, 0x00, 0x00, 0x00, 0x00, 0x00, 0x00, 0x00,
  0x00, 0x00, 0x00, 0x00, 0x00, 0x00, 0x00, 0x00, 0x00, 0x00, 0x00, 0x00, 0x00, 0x50, 0x00, 0x00,
  0x00, 0x00, 0x00, 0x00, 0x00, 0x00, 0x00, 0x00, 0x00, 0x00, 0x00, 0x00, 0x00, 0x00, 0x00, 0xf8,
  0x00, 0xf8, 0x00, 0x78, 0x00, 0x00, 0x00, 0x00, 0x00, 0x00, 0x00, 0x00, 0x00, 0x00, 0x00, 0x78,
  0x00, 0x00, 0x00, 0x78, 0x00, 0x78, 0x00, 0x00, 0xe0, 0x79, 0x00, 0x00, 0x00, 0x78, 0xe0, 0xfb,
  0x00, 0x78, 0x00, 0xa8, 0x00, 0x00, 0x40, 0xa9, 0xc0, 0x88, 0xa0, 0x88, 0xa0, 0xa0, 0xc0, 0x78,
  0x00, 0x91, 0xc0, 0x88, 0xa0, 0x88, 0xc0, 0x88, 0x80, 0x88, 0xc0, 0x90, 0xe0, 0x90, 0xc0, 0x90,
  0xa0, 0x88, 0x60, 0x88, 0x20, 0x60, 0x00, 0x50, 0x20, 0x68, 0x60, 0x88, 0x60, 0x98, 0x00, 0x60,
  0x00, 0x58, 0x20, 0x70, 0x40, 0x90, 0x80, 0xa8, 0x40, 0xb0, 0x40, 0xe1, 0x20, 0xf2, 0x60, 0xb0,
  0xa0, 0xc0, 0x60, 0xc8, 0x80, 0xd0, 0x8e, 0xfe, 0xf9, 0xff, 0xe7, 0xfc, 0x82, 0xfa, 0xa2, 0xfa,
  0xa3, 0xfa, 0x22, 0xfa, 0xe1, 0xf9, 0x02, 0xfa, 0x42, 0xfa, 0x61, 0xf9, 0xa1, 0xf9, 0xe2, 0xf9,
  0xe2, 0xf9, 0xa1, 0xf9, 0xc1, 0xf9, 0xc1, 0xf9, 0xa3, 0xfa, 0xe2, 0xf9, 0x81, 0xf9, 0xc1, 0xf9,
  0x64, 0xfb, 0xea, 0xfd, 0x4e, 0xff, 0x92, 0xff, 0x2c, 0xff, 0x0f, 0xff, 0x98, 0xff, 0xc0, 0xe8,
  0x80, 0xd8, 0x00, 0xea, 0x60, 0xe1, 0x80, 0xf2, 0x40, 0xe1, 0x80, 0xb0, 0x80, 0xb0, 0xe0, 0xc0,
  0x20, 0xb9, 0xa0, 0xb0, 0x80, 0xa0, 0xc0, 0xb8, 0xc0, 0xa8, 0x80, 0x98, 0x60, 0x88, 0x40, 0x70,
  0x60, 0x88, 0x60, 0x80, 0x40, 0x80, 0x40, 0x70, 0x20, 0x70, 0x80, 0x98, 0x80, 0x90, 0x40, 0x78,
  0x40, 0x88, 0x40, 0x88, 0xa0, 0xa8, 0x00, 0x70, 0xa0, 0x90, 0xe0, 0xc0, 0x60, 0x88, 0x40, 0x88,
  0x40, 0x80, 0xe0, 0xa8, 0x80, 0xa0, 0x80, 0xa0, 0x80, 0x98, 0x60, 0x98, 0x60, 0x90, 0xa0, 0xa8,
  0x60, 0x90, 0x60, 0x98, 0x60, 0x98, 0x60, 0x90, 0x80, 0xa8, 0x00, 0xc1, 0xa0, 0xa0, 0x40, 0x88,
  0x80, 0x98, 0x40, 0x90, 0x60, 0x90, 0x80, 0x98, 0x80, 0x98, 0x80, 0xa0, 0xa0, 0xa8, 0xa0, 0xa8,
  0x00, 0xc1, 0xa0, 0xb0, 0x00, 0x80, 0x00, 0x88, 0x20, 0xa0, 0xc0, 0xc8, 0x40, 0xda, 0x20, 0xeb,
  0x60, 0xda, 0xa0, 0xd1, 0xe0, 0xb0, 0x80, 0x80, 0x40, 0x70, 0x20, 0x60, 0x40, 0x58, 0x80, 0x70,
  0x80, 0x68, 0x60, 0x60, 0x40, 0x58, 0x40, 0x50, 0x60, 0x50, 0x60, 0x50, 0x60, 0x50, 0x60, 0x50,
  0x60, 0x50, 0xa0, 0x58, 0x80, 0x50, 0xa0, 0x50, 0x80, 0x50, 0xa0, 0x50, 0x80, 0x48, 0x60, 0x48,
  0xa0, 0x48, 0xa0, 0x48, 0xa0, 0x48, 0xe0, 0x50, 0xa0, 0x50, 0x00, 0x30, 0x00, 0x00, 0x00, 0x00,
  0x00, 0x00, 0x00, 0x00, 0x00, 0x00, 0x00, 0x00, 0x00, 0x00, 0x00, 0x00, 0x00, 0x00, 0x00, 0x00,
  0x00, 0x00, 0x00, 0x00, 0x00, 0x00, 0x00, 0x00, 0x00, 0x00, 0x00, 0x00, 0x00, 0x00, 0x00, 0x00,
  0x00, 0x00, 0x00, 0x00, 0x00, 0x00, 0x00, 0x00, 0x00, 0x00, 0x00, 0x00, 0x00, 0x00, 0x00, 0x00,
  0x00, 0x00, 0x00, 0x00, 0x00, 0x00, 0x00, 0x00, 0x00, 0x00, 0x00, 0x00, 0x00, 0x00, 0x00, 0x00,
  0x00, 0x00, 0x00, 0x00, 0x00, 0x00, 0x00, 0x00, 0x00, 0x00, 0x00, 0x00, 0x00, 0x00, 0x00, 0x00,
  0x00, 0x00, 0x00, 0x00, 0x00, 0x00, 0x00, 0x00, 0x00, 0x00, 0x00, 0x00, 0x00, 0x00, 0x00, 0x00,
  0x00, 0x00, 0x00, 0x00, 0x00, 0x00, 0x00, 0x00, 0x00, 0x00, 0x00, 0x00, 0x00, 0x00, 0x00, 0x00,
  0x00, 0x00, 0x00, 0x00, 0x00, 0x00, 0x00, 0x78, 0x00, 0x00, 0x00, 0x00, 0x00, 0x00, 0x00, 0x00,
  0x00, 0x00, 0x00, 0x00, 0x00, 0x00, 0x00, 0x00, 0x00, 0x00, 0x00, 0xf8, 0x00, 0xb8, 0x00, 0x78,
  0x00, 0x00, 0x00, 0x00, 0x00, 0x00, 0x00, 0x00, 0x00, 0x00, 0x00, 0x00, 0x00, 0x00, 0x00, 0x00,
  0xe0, 0x79, 0xe0, 0x88, 0x20, 0x91, 0x20, 0x91, 0xe0, 0x79, 0xe0, 0x79, 0x00, 0xa8, 0x00, 0x78,
  0x20, 0x99, 0xe0, 0x88, 0x00, 0x78, 0xe0, 0x78, 0x20, 0x91, 0xe0, 0x88, 0xe0, 0x88, 0xa0, 0x88,
  0xa0, 0x80, 0xc0, 0x88, 0xa0, 0x88, 0x60, 0x80, 0x80, 0x88, 0xc0, 0x90, 0x40, 0x78, 0x00, 0x58,
  0x00, 0x60, 0x40, 0x78, 0x60, 0x80, 0x40, 0x80, 0x40, 0x78, 0x00, 0x60, 0x20, 0x88, 0x40, 0x90,
  0x80, 0xa0, 0x80, 0xb8, 0xa0, 0xe9, 0xe0, 0xe1, 0x40, 0xa0, 0xa0, 0xc8, 0x40, 0xd0, 0xc0, 0xd8,
  0x95, 0xff, 0x33, 0xff, 0xa3, 0xfb, 0xe4, 0xfa, 0x62, 0xfa, 0x22, 0xfa, 0x42, 0xfa, 0xe1, 0xf9,
  0xc1, 0xf9, 0x81, 0xf9, 0xa1, 0xf9, 0x22, 0xfa, 0xc1, 0xf9, 0xa1, 0xf9, 0xe2, 0xf9, 0x81, 0xf9,
  0xc2, 0xf9, 0xa4, 0xfa, 0xe1, 0xf9, 0x81, 0xf9, 0xe1, 0xf9, 0x02, 0xfa, 0x86, 0xfc, 0xea, 0xfe,
  0xd6, 0xff, 0xed, 0xfe, 0x0e, 0xff, 0xd0, 0xfe, 0x60, 0xd8, 0xc0, 0xd8, 0x00, 0xea, 0x00, 0xd9,
  0x20, 0xd9, 0x40, 0xd9, 0xa0, 0xb0, 0xa0, 0xa8, 0x40, 0x98, 0x20, 0x98, 0x80, 0x90, 0xe0, 0xb0,
  0x80, 0x98, 0x60, 0x88, 0xa0, 0x98, 0x80, 0x90, 0x60, 0x88, 0x60, 0x80, 0x60, 0x88, 0x40, 0x80,
  0x60, 0x80, 0x60, 0x88, 0x20, 0x78, 0x60, 0x90, 0x60, 0x90, 0x40, 0x88, 0x80, 0x98, 0x60, 0x88,
  0xa0, 0x98, 0x40, 0x78, 0x60, 0x90, 0xe0, 0xb0, 0x00, 0xb9, 0xc0, 0x98, 0x00, 0x68, 0xa0, 0xa0,
  0xa0, 0xa8, 0x40, 0x88, 0xe0, 0xb0, 0x60, 0x98, 0x40, 0x88, 0xa0, 0xa0, 0xe0, 0xb8, 0x20, 0xc1,
  0xa0, 0xa8, 0x00, 0xc1, 0x00, 0xc1, 0xc0, 0xb0, 0xe0, 0xb0, 0x60, 0xa0, 0xc0, 0xa8, 0xa0, 0xa8,
  0xc0, 0xa8, 0xe0, 0xb8, 0xc0, 0xb0, 0xa0, 0xd1, 0xe0, 0xb8, 0x20, 0xa8, 0x60, 0x98, 0x20, 0xc2,
  0xa0, 0xdb, 0x40, 0xeb, 0xc0, 0xf3, 0xe0, 0xea, 0x60, 0xd1, 0xe0, 0xc0, 0xa0, 0x98, 0x40, 0x78,
  0x60, 0x68, 0x60, 0x70, 0x60, 0x68, 0x40, 0x68, 0x60, 0x68, 0x60, 0x60, 0x60, 0x58, 0x40, 0x50,
  0x40, 0x50, 0x60, 0x50, 0x60, 0x50, 0x60, 0x50, 0x80, 0x50, 0x80, 0x50, 0x80, 0x50, 0xa0, 0x50,
  0xa0, 0x50, 0xa0, 0x50, 0xc0, 0x50, 0x40, 0x51, 0x00, 0x51, 0xa0, 0x48, 0xc0, 0x50, 0xa0, 0x40,
  0xa0, 0x48, 0xa0, 0x48, 0x00, 0x38, 0x00, 0x28, 0x00, 0x00, 0x00, 0x00, 0x00, 0x00, 0x00, 0x00,
  0x00, 0x00, 0x00, 0x00, 0x00, 0x00, 0x00, 0x00, 0x00, 0x00, 0x00, 0x00, 0x00, 0x00, 0x00, 0x00,
  0x00, 0x00, 0x00, 0x00, 0x00, 0x00, 0x00, 0x00, 0x00, 0x00, 0x00, 0x00, 0x00, 0x00, 0x00, 0x00,
  0x00, 0x00, 0x00, 0x00, 0x00, 0x00, 0x00, 0x00, 0x00, 0x00, 0x00, 0x00, 0x00, 0x00, 0x00, 0x00,
  0x00, 0x00, 0x00, 0x00, 0x00, 0x00, 0x00, 0x00, 0x00, 0x00, 0x00, 0x00, 0x00, 0x00, 0x00, 0x00,
  0x00, 0x00, 0x00, 0x00, 0x00, 0x00, 0x00, 0x00, 0x00, 0x00, 0x00, 0x00, 0x00, 0x00, 0x00, 0x00,
  0x00, 0x00, 0x00, 0x00, 0x00, 0x00, 0x00, 0x00, 0x00, 0x00, 0x00, 0x00, 0x00, 0x00, 0x00, 0x00,
  0x00, 0x00, 0x00, 0x00, 0x00, 0x00, 0x00, 0x00, 0x00, 0x00, 0x00, 0x00, 0x00, 0x00, 0x00, 0x78,
  0x00, 0x78, 0x00, 0x00, 0x00, 0x00, 0x00, 0x00, 0x00, 0x00, 0x00, 0x00, 0x00, 0x00, 0x00, 0x00,
  0x00, 0x00, 0x00, 0xf8, 0x00, 0x00, 0x00, 0xf8, 0x00, 0xa8, 0x00, 0x00, 0x00, 0xf8, 0x00, 0x00,
  0x00, 0x00, 0x00, 0xf8, 0x00, 0xf8, 0x00, 0x00, 0x00, 0x00, 0x40, 0xa9, 0xe0, 0x88, 0xc0, 0x88,
  0xe0, 0x79, 0x20, 0x91, 0x00, 0x78, 0x00, 0xa8, 0x00, 0x98, 0x00, 0xf8, 0x00, 0xa8, 0x00, 0x98,
  0xe0, 0x98, 0xe0, 0x88, 0xe0, 0x88, 0xc0, 0x90, 0xc0, 0x90, 0xa0, 0x80, 0x60, 0x80, 0x80, 0x80,
  0x60, 0x80, 0xa0, 0x90, 0xa0, 0x90, 0x40, 0x80, 0x20, 0x70, 0x00, 0x68, 0x40, 0x80, 0x60, 0x90,
  0x20, 0x70, 0x40, 0x78, 0x40, 0x88, 0x40, 0x88, 0x60, 0x98, 0x60, 0x98, 0xa0, 0xc8, 0xc0, 0xf1,
  0xa0, 0xe1, 0x60, 0xa8, 0xc0, 0xc8, 0x20, 0xd0, 0x42, 0xe1, 0xfd, 0xff, 0x4b, 0xfd, 0xa0, 0xf9,
  0x61, 0xf9, 0x01, 0xfa, 0x21, 0xfa, 0xe1, 0xf9, 0x01, 0xfa, 0xc2, 0xf9, 0x81, 0xf9, 0xe2, 0xf9,
  0xc1, 0xf9, 0xc2, 0xf9, 0xa1, 0xf9, 0xc1, 0xf9, 0xc2, 0xf9, 0x02, 0xfa, 0x63, 0xfa, 0x02, 0xfa,
  0x40, 0xf9, 0xc1, 0xf9, 0x61, 0xf9, 0xc4, 0xfb, 0xab, 0xfe, 0x93, 0xff, 0x2e, 0xff, 0xb0, 0xff,
  0xc9, 0xfc, 0x40, 0xd8, 0xe0, 0xd0, 0x80, 0xe1, 0x60, 0xe1, 0x40, 0xd9, 0xe0, 0xc8, 0xc0, 0xb0,
  0x40, 0xd9, 0x80, 0xa8, 0x60, 0x90, 0x40, 0x88, 0x60, 0x90, 0xa0, 0xa0, 0x60, 0x90, 0x80, 0x98,
  0x80, 0x88, 0x40, 0x80, 0x60, 0x88, 0x60, 0x80, 0x60, 0x80, 0x40, 0x80, 0x60, 0x80, 0x60, 0x88,
  0x00, 0x70, 0x40, 0x80, 0x80, 0x98, 0x80, 0xa0, 0x80, 0x98, 0x20, 0xc9, 0xe0, 0xb8, 0x20, 0xb1,
  0x60, 0xc9, 0x40, 0x88, 0x40, 0xc9, 0x00, 0xb9, 0x60, 0x90, 0xe0, 0xc0, 0xa0, 0xa8, 0xc0, 0xb0,
  0x00, 0xc9, 0xc0, 0xb8, 0x60, 0x98, 0x20, 0xc9, 0x20, 0xc9, 0x80, 0xa8, 0xa0, 0xa8, 0xe0, 0xc0,
  0x00, 0xc1, 0xa0, 0xd9, 0x60, 0xd1, 0xe0, 0xc0, 0x00, 0xb9, 0xe0, 0xb8, 0x60, 0xc9, 0x20, 0xc9,
  0x80, 0xa8, 0x00, 0xc9, 0x00, 0xe3, 0xe0, 0xfd, 0xc0, 0xfd, 0x20, 0xfd, 0xa0, 0xe2, 0xa0, 0xc0,
  0x60, 0xb0, 0x60, 0x98, 0x60, 0x88, 0x60, 0x80, 0x20, 0x68, 0x40, 0x70, 0x60, 0x68, 0x40, 0x60,
  0x40, 0x60, 0x40, 0x58, 0x40, 0x58, 0x40, 0x50, 0x40, 0x58, 0x80, 0x58, 0x80, 0x58, 0x60, 0x58,
  0x60, 0x58, 0x80, 0x50, 0x80, 0x50, 0x80, 0x50, 0xa0, 0x50, 0xc0, 0x58, 0x80, 0x50, 0xa0, 0x40,
  0xa0, 0x50, 0xe0, 0x50, 0xa0, 0x50, 0xc0, 0x48, 0x00, 0x78, 0xa0, 0x40, 0xc0, 0x48, 0x00, 0xf8,
  0x00, 0x00, 0x00, 0x00, 0x00, 0x00, 0x00, 0x00, 0x00, 0x00, 0x00, 0x00, 0x00, 0x00, 0x00, 0x00,
  0x00, 0x00, 0x00, 0x00, 0x00, 0x00, 0x00, 0x00, 0x00, 0x00, 0x00, 0x00, 0x00, 0x00, 0x00, 0x00,
  0x00, 0x00, 0x00, 0x00, 0x00, 0x00, 0x00, 0x00, 0x00, 0x00, 0x00, 0x00, 0x00, 0x00, 0x00, 0x00,
  0x00, 0x00, 0x00, 0x00, 0x00, 0x00, 0x00, 0x00, 0x00, 0x00, 0x00, 0x00, 0x00, 0x00, 0x00, 0x00,
  0x00, 0x00, 0x00, 0x00, 0x00, 0x00, 0x00, 0x00, 0x00, 0x00, 0x00, 0x00, 0x00, 0x00, 0x00, 0x00,
  0x00, 0x00, 0x00, 0x00, 0x00, 0x00, 0x00, 0x00, 0x00, 0x00, 0x00, 0x00, 0x00, 0x00, 0x00, 0x00,
  0x00, 0x00, 0x00, 0x00, 0x00, 0x00, 0x00, 0x00, 0x00, 0x00, 0x00, 0x00, 0x00, 0x00, 0x00, 0x00,
  0x00, 0x00, 0x00, 0x00, 0x00, 0x00, 0x00, 0x00, 0x00, 0x78, 0x00, 0x78, 0x00, 0x00, 0x00, 0x00,
  0x00, 0x00, 0x00, 0x00, 0x00, 0x00, 0x00, 0x00, 0x00, 0x00, 0x00, 0x00, 0x00, 0x00, 0x00, 0x78,
  0x00, 0x78, 0x00, 0x00, 0x00, 0x00, 0x00, 0x00, 0x00, 0xf8, 0x00, 0x00, 0x00, 0x00, 0x00, 0x00,
  0x00, 0xa8, 0x00, 0xa8, 0xc0, 0x98, 0xc0, 0x88, 0xe0, 0x88, 0x20, 0x91, 0x00, 0x00, 0x00, 0x00,
  0x00, 0x78, 0x40, 0xa9, 0x00, 0x00, 0x80, 0x99, 0x00, 0xb8, 0x20, 0x91, 0x00, 0x81, 0xc0, 0x80,
  0xa0, 0x88, 0xa0, 0x88, 0x80, 0x78, 0x60, 0x80, 0xa0, 0x90, 0x60, 0x78, 0x60, 0x78, 0x80, 0x80,
  0x40, 0x78, 0x60, 0x80, 0x40, 0x78, 0x40, 0x70, 0x40, 0x78, 0x40, 0x70, 0x60, 0x90, 0x60, 0xa0,
  0x60, 0xa0, 0x80, 0xa0, 0xc0, 0xb8, 0x00, 0xd9, 0xc0, 0xf1, 0xe0, 0xc8, 0x80, 0xa0, 0xa0, 0xc0,
  0x00, 0xd0, 0x06, 0xec, 0xfc, 0xff, 0x49, 0xfd, 0x02, 0xf2, 0x63, 0xfa, 0xa1, 0xf9, 0x21, 0xfa,
  0xe1, 0xf9, 0xe2, 0xf9, 0xc1, 0xf9, 0x02, 0xfa, 0xe1, 0xf9, 0xa1, 0xf9, 0x22, 0xfa, 0xa3, 0xfa,
  0xa1, 0xf9, 0xe2, 0xf9, 0xc2, 0xf9, 0x02, 0xfa, 0x63, 0xfa, 0x61, 0xf9, 0xa3, 0xfa, 0xc1, 0xf9,
  0x08, 0xfd, 0x30, 0xff, 0xef, 0xfe, 0x6f, 0xff, 0xf3, 0xff, 0x07, 0xfb, 0x00, 0xc8, 0x20, 0xd1,
  0xa0, 0xe1, 0x40, 0xd9, 0x00, 0xf2, 0x00, 0xd1, 0x60, 0xa8, 0x00, 0xc9, 0x80, 0xa0, 0x40, 0x90,
  0xa0, 0xa0, 0x60, 0x80, 0x40, 0x78, 0x60, 0x90, 0x80, 0x90, 0x40, 0x78, 0x40, 0x78, 0x60, 0x88,
  0x40, 0x80, 0x60, 0x88, 0xa0, 0x98, 0x60, 0x78, 0x60, 0x80, 0x40, 0x78, 0x00, 0x60, 0x60, 0x88,
  0x80, 0xa0, 0x60, 0x90, 0xc0, 0xa0, 0xa0, 0xa0, 0xa0, 0xa0, 0x20, 0xc1, 0x80, 0x98, 0x60, 0x90,
  0xa0, 0xa0, 0x60, 0x90, 0xa0, 0xa8, 0xa0, 0xa8, 0xa0, 0xa8, 0x80, 0xa0, 0x00, 0xc1, 0x80, 0xa0,
  0x60, 0x98, 0x00, 0xc1, 0xc0, 0xb8, 0xe0, 0xc0, 0xa0, 0xe1, 0x20, 0xd1, 0x40, 0xd1, 0x20, 0xc1,
  0x60, 0xa0, 0x00, 0xc1, 0xa0, 0xa8, 0x80, 0xa0, 0xc0, 0xb0, 0xe0, 0xc0, 0x40, 0xfc, 0x80, 0xfc,
  0x20, 0xf2, 0xc0, 0xd8, 0x60, 0xc8, 0x60, 0xb8, 0x60, 0xa0, 0x80, 0x80, 0x60, 0x78, 0x20, 0x70,
  0x20, 0x68, 0x40, 0x68, 0x40, 0x68, 0x20, 0x58, 0x40, 0x60, 0x40, 0x60, 0x60, 0x60, 0x80, 0x60,
  0x60, 0x60, 0x60, 0x60, 0x60, 0x58, 0x60, 0x50, 0x60, 0x58, 0x80, 0x58, 0x80, 0x50, 0x60, 0x58,
  0xa0, 0x58, 0xa0, 0x58, 0xc0, 0x50, 0xc0, 0x48, 0xe0, 0x50, 0xa0, 0x58, 0x00, 0x30, 0x80, 0x61,
  0x00, 0x38, 0x80, 0x61, 0x00, 0x00, 0x00, 0x00, 0x00, 0x00, 0x00, 0xf8, 0x00, 0x00, 0x00, 0x00,
  0x00, 0x00, 0x00, 0x00, 0x00, 0x00, 0x00, 0x00, 0x00, 0x00, 0x00, 0x00, 0x00, 0x00, 0x00, 0x00,
  0x00, 0x00, 0x00, 0x00, 0x00, 0x00, 0x00, 0x00, 0x00, 0x00, 0x00, 0x00, 0x00, 0x00, 0x00, 0x00,
  0x00, 0x00, 0x00, 0x00, 0x00, 0x00, 0x00, 0x00, 0x00, 0x00, 0x00, 0x00, 0x00, 0x00, 0x00, 0x00,
  0x00, 0x00, 0x00, 0x00, 0x00, 0x00, 0x00, 0x00, 0x00, 0x00, 0x00, 0x00, 0x00, 0x00, 0x00, 0x00,
  0x00, 0x00, 0x00, 0x00, 0x00, 0x00, 0x00, 0x00, 0x00, 0x00, 0x00, 0x00, 0x00, 0x00, 0x00, 0x00,
  0x00, 0x00, 0x00, 0x00, 0x00, 0xf8, 0x00, 0x00, 0x00, 0x00, 0x00, 0x00, 0x00, 0x00, 0x00, 0x00,
  0x00, 0x00, 0x00, 0x00, 0x00, 0x00, 0x00, 0x00, 0x00, 0x00, 0x00, 0x00, 0x00, 0x00, 0x00, 0xf8,
  0x00, 0x00, 0x00, 0x00, 0x00, 0x00, 0x00, 0x00, 0x00, 0x00, 0x00, 0x00, 0x00, 0x00, 0x00, 0xf8,
  0x00, 0x00, 0xe0, 0x79, 0x00, 0x00, 0x00, 0x00, 0xe0, 0xff, 0xa0, 0xaa, 0x20, 0x91, 0xa0, 0xaa,
  0x00, 0x50, 0x00, 0x00, 0x00, 0x00, 0xe0, 0xfb, 0x00, 0xf8, 0x00, 0x78, 0x00, 0x78, 0x80, 0x99,
  0x21, 0x91, 0xc0, 0x90, 0x00, 0x78, 0x00, 0xf8, 0xe0, 0x79, 0x00, 0xa8, 0x00, 0xa8, 0x00, 0x00,
  0xe0, 0x78, 0x80, 0x61, 0x00, 0x78, 0x80, 0x90, 0xe0, 0x80, 0xe0, 0x90, 0xa0, 0x80, 0xa0, 0x88,
  0x60, 0x80, 0x60, 0x80, 0x40, 0x78, 0x40, 0x78, 0x60, 0x80, 0x60, 0x80, 0x20, 0x68, 0x40, 0x78,
  0x20, 0x70, 0x40, 0x78, 0x40, 0x88, 0x60, 0x90, 0x60, 0x90, 0x80, 0xa8, 0x60, 0x88, 0xc0, 0xc0,
  0x20, 0xe1, 0xa0, 0xf1, 0x80, 0xb0, 0x80, 0xa8, 0xa0, 0xc8, 0x00, 0xd8, 0x70, 0xf5, 0xd8, 0xff,
  0x8c, 0xfe, 0xe6, 0xfc, 0x07, 0xfd, 0x28, 0xfd, 0xc3, 0xfa, 0x81, 0xf9, 0xc2, 0xf9, 0xe2, 0xf9,
  0x22, 0xfa, 0x22, 0xfa, 0xa1, 0xf9, 0x02, 0xfa, 0x83, 0xfa, 0xe1, 0xf9, 0x63, 0xfa, 0x02, 0xf2,
  0x23, 0xfa, 0xc1, 0xf9, 0x20, 0xf9, 0x06, 0xfc, 0xe2, 0xfa, 0xc5, 0xfb, 0x71, 0xff, 0xad, 0xfe,
  0x71, 0xff, 0xf3, 0xff, 0xe5, 0xf2, 0x40, 0xe0, 0xe0, 0xd8, 0xa0, 0xe1, 0x00, 0xd1, 0x20, 0xd9,
  0xe0, 0xc0, 0x80, 0xa0, 0xa0, 0xa8, 0x60, 0x98, 0x80, 0x98, 0x40, 0x80, 0x40, 0x78, 0x40, 0x80,
  0x20, 0x78, 0x40, 0x80, 0x20, 0x70, 0x40, 0x70, 0x80, 0x88, 0x60, 0x80, 0x40, 0x70, 0x80, 0x90,
  0xa0, 0x90, 0x20, 0x70, 0x60, 0x88, 0x40, 0x70, 0x20, 0x70, 0x60, 0x98, 0x80, 0xa0, 0xa0, 0xa0,
  0x40, 0x88, 0x80, 0x98, 0xa0, 0xa0, 0xa0, 0xa0, 0x60, 0x90, 0x80, 0x98, 0x00, 0xb9, 0x80, 0x98,
  0x60, 0x98, 0xa0, 0xa8, 0xa0, 0xa8, 0xa0, 0xb0, 0x20, 0xc9, 0x00, 0xc1, 0xa0, 0xe1, 0xe0, 0xe1,
  0x40, 0xd1, 0x80, 0xd1, 0xc0, 0xb0, 0x00, 0xc9, 0xc0, 0xb0, 0xc0, 0xb0, 0x20, 0xd1, 0x00, 0xc9,
  0x00, 0xc9, 0x40, 0xd1, 0x20, 0xc9, 0xa0, 0xa8, 0x00, 0xa0, 0x20, 0xb8, 0x40, 0xa0, 0x40, 0x90,
  0x60, 0x88, 0x80, 0x88, 0x60, 0x80, 0x60, 0x78, 0x40, 0x70, 0x20, 0x60, 0x60, 0x70, 0x40, 0x60,
  0x40, 0x60, 0x60, 0x68, 0x60, 0x68, 0x60, 0x60, 0x60, 0x60, 0x60, 0x58, 0x40, 0x50, 0x60, 0x58,
  0x80, 0x58, 0xa0, 0x58, 0xa0, 0x58, 0x40, 0x50, 0x80, 0x50, 0x60, 0x58, 0xa0, 0x40, 0x60, 0x58,
  0xa0, 0x50, 0xe0, 0x38, 0x00, 0x38, 0x00, 0x50, 0x00, 0x00, 0x00, 0x00, 0x00, 0x00, 0x00, 0xf8,
  0x00, 0x00, 0x00, 0xf8, 0x00, 0x00, 0x00, 0x00, 0x00, 0x00, 0x00, 0x00, 0x00, 0x00, 0x00, 0x00,
  0x00, 0x00, 0x00, 0x00, 0x00, 0x00, 0x00, 0x00, 0x00, 0x00, 0x00, 0x00, 0x00, 0x00, 0x00, 0x00,
  0x00, 0x00, 0x00, 0x00, 0x00, 0x00, 0x00, 0x00, 0x00, 0x00, 0x00, 0x00, 0x00, 0x00, 0x00, 0x00,
  0x00, 0x00, 0x00, 0x00, 0x00, 0x00, 0x00, 0x00, 0x00, 0x00, 0x00, 0x00, 0x00, 0x00, 0x00, 0x00,
  0x00, 0x00, 0x00, 0x00, 0x00, 0x00, 0x00, 0x00, 0x00, 0x00, 0x00, 0x00, 0x00, 0x00, 0x00, 0x00,
  0x00, 0x00, 0x00, 0x00, 0x00, 0x00, 0x00, 0x00, 0x00, 0x00, 0x00, 0x00, 0x00, 0x00, 0x00, 0x00,
  0x00, 0xf8, 0x00, 0x50, 0x00, 0x00, 0x00, 0x00, 0x00, 0x00, 0x00, 0x00, 0x00, 0x00, 0x00, 0x00,
  0x00, 0x00, 0x00, 0x00, 0x00, 0x00, 0x00, 0xf8, 0x00, 0x00, 0x00, 0x00, 0x00, 0x00, 0x00, 0x00,
  0x00, 0xf8, 0x00, 0x00, 0x00, 0xf8, 0x00, 0xa8, 0x00, 0x00, 0x00, 0x00, 0xa0, 0xfa, 0x00, 0xf8,
  0x00, 0x78, 0x00, 0x00, 0x00, 0x79, 0xe0, 0x78, 0x00, 0x78, 0x40, 0x79, 0xe0, 0xb9, 0x00, 0x78,
  0x20, 0x91, 0x00, 0xf8, 0x00, 0x78, 0x00, 0xf8, 0x00, 0x00, 0x00, 0x00, 0x00, 0x00, 0x00, 0x78,
  0x80, 0x99, 0x00, 0xf8, 0x00, 0x98, 0x40, 0xa9, 0x20, 0x91, 0x00, 0x00, 0xe0, 0xfb, 0xe0, 0x88,
  0x80, 0x90, 0xe0, 0x90, 0xa0, 0x90, 0xe0, 0x90, 0xc0, 0x90, 0xa0, 0x90, 0x80, 0x90, 0xe0, 0xb0,
  0xa0, 0x90, 0x80, 0x88, 0x60, 0x88, 0x20, 0x70, 0x60, 0x80, 0x60, 0x80, 0x80, 0x90, 0x60, 0x90,
  0x00, 0x68, 0x60, 0x88, 0x80, 0xa0, 0x20, 0x78, 0xa0, 0xb0, 0x40, 0xe9, 0x20, 0xd9, 0x60, 0xa8,
  0x60, 0xa8, 0xc0, 0xc8, 0x00, 0xe8, 0xd4, 0xfd, 0xf7, 0xff, 0x2e, 0xff, 0x0a, 0xfe, 0x05, 0xfc,
  0x64, 0xfb, 0x29, 0xfd, 0x85, 0xfb, 0x04, 0xfb, 0x22, 0xfa, 0x45, 0xfb, 0x24, 0xfb, 0x81, 0xf1,
  0xc2, 0xf1, 0xa1, 0xf1, 0x22, 0xfa, 0x42, 0xfa, 0xc2, 0xf1, 0xa2, 0xf1, 0xc1, 0xf9, 0x60, 0xf9,
  0x66, 0xfc, 0x45, 0xfc, 0x01, 0xf2, 0xed, 0xfe, 0x4e, 0xff, 0x10, 0xff, 0xf2, 0xff, 0xe2, 0xfa,
  0x60, 0xe0, 0xa0, 0xd8, 0xc0, 0xe9, 0x60, 0xd9, 0x60, 0xe9, 0x00, 0xc1, 0xa0, 0xb0, 0x20, 0xc1,
  0x60, 0x98, 0x60, 0x90, 0x40, 0x80, 0x60, 0x88, 0x60, 0x88, 0x40, 0x80, 0x60, 0x88, 0x80, 0x90,
  0x60, 0x88, 0x60, 0x80, 0xc0, 0xa0, 0xa0, 0x90, 0x60, 0x80, 0xa0, 0xa0, 0x60, 0x90, 0x40, 0x78,
  0x40, 0x78, 0x40, 0x88, 0x20, 0x80, 0x40, 0x90, 0x00, 0xc9, 0x20, 0xc9, 0x60, 0x98, 0x60, 0x90,
  0x40, 0x88, 0xa0, 0x98, 0x80, 0x90, 0x80, 0x98, 0x80, 0x98, 0x80, 0xa0, 0xc0, 0xb0, 0xe0, 0xb0,
  0xc0, 0xa8, 0x60, 0xd1, 0x00, 0xc1, 0x00, 0xc1, 0x20, 0xc9, 0xe0, 0xc8, 0x80, 0xa8, 0x20, 0x90,
  0x80, 0xa8, 0xa0, 0xa8, 0x00, 0xb9, 0xe0, 0xb8, 0xc0, 0xb8, 0x20, 0xc9, 0x60, 0xa8, 0x60, 0x90,
  0x00, 0x68, 0x20, 0x60, 0x40, 0x78, 0x40, 0x80, 0x60, 0x80, 0xa0, 0xa0, 0xa0, 0x98, 0x60, 0x88,
  0x60, 0x70, 0x80, 0x70, 0x40, 0x60, 0x40, 0x68, 0x60, 0x68, 0x60, 0x70, 0x60, 0x70, 0x40, 0x60,
  0x40, 0x50, 0x60, 0x58, 0x60, 0x58, 0x80, 0x50, 0x80, 0x58, 0x80, 0x60, 0xa0, 0x58, 0xa0, 0x58,
  0x60, 0x60, 0x60, 0x58, 0x80, 0x58, 0xa0, 0x58, 0x80, 0x50, 0x80, 0x48, 0xa0, 0x58, 0x00, 0x50,
  0x00, 0x00, 0x00, 0x50, 0x00, 0x00, 0x00, 0xf8, 0x00, 0x00, 0x00, 0x00, 0x00, 0x78, 0x00, 0x00,
  0x00, 0x00, 0x00, 0x00, 0x00, 0x00, 0x00, 0x00, 0x00, 0x00, 0x00, 0x00, 0x00, 0x00, 0x00, 0x00,
  0x00, 0x00, 0x00, 0x00, 0x00, 0x00, 0x00, 0x00, 0x00, 0x00, 0x00, 0x00, 0x00, 0x00, 0x00, 0x00,
  0x00, 0x00, 0x00, 0x00, 0x00, 0x00, 0x00, 0x00, 0x00, 0x00, 0x00, 0x00, 0x00, 0x00, 0x00, 0x00,
  0x00, 0x00, 0x00, 0x00, 0x00, 0x00, 0x00, 0x00, 0x00, 0x00, 0x00, 0x00, 0x00, 0x00, 0x00, 0x00,
  0x00, 0x00, 0x00, 0x00, 0x00, 0x00, 0x00, 0x00, 0x00, 0x00, 0x00, 0x00, 0x00, 0x00, 0x00, 0x00,
  0x00, 0x00, 0x00, 0x00, 0x00, 0x00, 0x00, 0x00, 0x00, 0x00, 0x00, 0x00, 0x00, 0xf8, 0x00, 0x00,
  0x00, 0x00, 0x00, 0x00, 0x00, 0x00, 0x00, 0xf8, 0x00, 0xf8, 0x00, 0x00, 0x00, 0x00, 0x00, 0x00,
  0x00, 0xf8, 0x00, 0x00, 0xe0, 0x7b, 0x00, 0x00, 0x00, 0x00, 0x00, 0x78, 0x00, 0x78, 0x00, 0x78,
  0x00, 0x00, 0x00, 0x00, 0x00, 0x00, 0xa0, 0x70, 0xc0, 0x78, 0x00, 0x00, 0x00, 0x00, 0xe0, 0x80,
  0x00, 0x81, 0x00, 0x00, 0x00, 0x78, 0x00, 0x00, 0x00, 0x98, 0x80, 0x79, 0x40, 0x79, 0x00, 0xf8,
  0x00, 0x00, 0x00, 0xa8, 0x20, 0x91, 0x00, 0xb8, 0x00, 0x78, 0x00, 0x78, 0x00, 0xa8, 0xe0, 0x78,
  0x80, 0x88, 0xa0, 0xaa, 0xa0, 0x78, 0xa0, 0x80, 0x40, 0xa9, 0xc0, 0x98, 0xe0, 0x88, 0xa0, 0x90,
  0xc0, 0x98, 0xc0, 0x90, 0x80, 0x88, 0x80, 0x90, 0xe0, 0xa8, 0x60, 0x80, 0x60, 0x70, 0x60, 0x80,
  0x40, 0x78, 0x60, 0x80, 0x20, 0x78, 0x60, 0x90, 0x80, 0x98, 0x60, 0x90, 0x20, 0x80, 0x60, 0x90,
  0x20, 0x80, 0xa0, 0xb8, 0x80, 0xe9, 0xe0, 0xc8, 0xa0, 0xb8, 0xa0, 0xb0, 0xa0, 0xc8, 0x20, 0xe8,
  0x55, 0xfe, 0xd5, 0xff, 0x52, 0xff, 0x28, 0xfd, 0xc4, 0xfb, 0x02, 0xfb, 0xe2, 0xfa, 0x44, 0xfb,
  0x65, 0xfb, 0x22, 0xfa, 0x47, 0xfc, 0xe2, 0xf1, 0x41, 0xf9, 0xc2, 0xf9, 0x61, 0xf1, 0x02, 0xf2,
  0x02, 0xf2, 0xe2, 0xf1, 0xc2, 0xf1, 0xe2, 0xf9, 0x61, 0xf9, 0x84, 0xfb, 0x65, 0xfc, 0xe1, 0xf9,
  0xad, 0xfe, 0xad, 0xfe, 0xf1, 0xfe, 0xae, 0xff, 0x60, 0xfa, 0x60, 0xe0, 0xe0, 0xd8, 0xe0, 0xe9,
  0xc0, 0xe9, 0x80, 0xe1, 0x60, 0xd1, 0x80, 0xa0, 0xc0, 0xa8, 0x40, 0x90, 0x40, 0x88, 0x80, 0x98,
  0x80, 0x90, 0x80, 0x90, 0x40, 0x80, 0x40, 0x80, 0x80, 0x90, 0xc0, 0x98, 0x60, 0x80, 0x80, 0x90,
  0x40, 0xb9, 0x80, 0x88, 0x40, 0x78, 0x80, 0x88, 0x40, 0x80, 0x20, 0x68, 0x40, 0x78, 0x40, 0x88,
  0x40, 0x80, 0x60, 0x90, 0xc0, 0xa8, 0x20, 0x78, 0x80, 0x98, 0xc0, 0xa0, 0x80, 0x98, 0xa0, 0xa0,
  0xa0, 0xa0, 0x80, 0xa0, 0xc0, 0xa8, 0x00, 0xc1, 0x20, 0xc1, 0x00, 0xc1, 0xe0, 0xc0, 0xc0, 0xb0,
  0xa0, 0xa8, 0x80, 0xa8, 0xa0, 0xa8, 0x40, 0xc9, 0x60, 0xc9, 0x00, 0xc1, 0x80, 0xc9, 0x20, 0xb9,
  0x80, 0xa0, 0x80, 0xa0, 0xa0, 0x98, 0x40, 0x80, 0x20, 0x70, 0x40, 0x80, 0x20, 0x78, 0x20, 0x70,
  0xa0, 0x98, 0x40, 0x68, 0x80, 0x88, 0xa0, 0x98, 0x20, 0x60, 0x00, 0x58, 0x60, 0x78, 0x80, 0x90,
  0x60, 0x78, 0x60, 0x68, 0x60, 0x68, 0x60, 0x60, 0x60, 0x60, 0x60, 0x60, 0x80, 0x60, 0x80, 0x58,
  0x80, 0x58, 0x80, 0x58, 0xe0, 0x60, 0xa0, 0x58, 0x80, 0x58, 0xc0, 0x58, 0x80, 0x50, 0x80, 0x50,
  0xa0, 0x50, 0xc0, 0x50, 0x60, 0x50, 0x80, 0x48, 0x00, 0x78, 0x00, 0x78, 0x00, 0x00, 0x00, 0x00,
  0x00, 0xf8, 0x00, 0x00, 0x00, 0x00, 0x00, 0x00, 0x00, 0x00, 0x00, 0x00, 0x00, 0x00, 0x00, 0x00,
  0x00, 0x00, 0x00, 0x00, 0x00, 0x00, 0x00, 0x00, 0x00, 0x00, 0x00, 0x00, 0x00, 0x00, 0x00, 0x00,
  0x00, 0x00, 0x00, 0x00, 0x00, 0x00, 0x00, 0x00, 0x00, 0x00, 0x00, 0x00, 0x00, 0x00, 0x00, 0x00,
  0x00, 0x00, 0x00, 0x00, 0x00, 0x00, 0x00, 0x00, 0x00, 0x00, 0x00, 0x00, 0x00, 0x00, 0x00, 0x00,
  0x00, 0x00, 0x00, 0x00, 0x00, 0x00, 0x00, 0x00, 0x00, 0x00, 0x00, 0x00, 0x00, 0x00, 0x00, 0x00,
  0x00, 0x00, 0x00, 0x00, 0x00, 0x00, 0x00, 0x00, 0x00, 0x00, 0x00, 0x00, 0x00, 0x00, 0x00, 0x00,
  0x00, 0x00, 0x00, 0x00, 0x00, 0x00, 0x00, 0x00, 0x00, 0x00, 0x00, 0x00, 0x00, 0x00, 0x00, 0x00,
  0x00, 0x00, 0x00, 0x00, 0x00, 0x00, 0x00, 0x00, 0x00, 0xf8, 0xa0, 0x52, 0x00, 0xf8, 0x20, 0x91,
  0x00, 0x38, 0x00, 0x00, 0x00, 0x00, 0x00, 0x78, 0x00, 0x00, 0xa0, 0x78, 0xe0, 0x78, 0x00, 0x00,
  0xc0, 0x78, 0xc0, 0x80, 0x00, 0xa8, 0x00, 0x50, 0xa0, 0x88, 0xa0, 0x88, 0x00, 0x78, 0x00, 0xf8,
  0x00, 0x00, 0x80, 0x99, 0x40, 0x79, 0x80, 0xc9, 0x40, 0x79, 0x00, 0x78, 0x00, 0x00, 0xe0, 0x79,
  0x00, 0x78, 0x00, 0xb8, 0x00, 0x78, 0x00, 0x50, 0x20, 0x91, 0x60, 0x80, 0xe0, 0xfb, 0xa0, 0x78,
  0xa0, 0x78, 0xe0, 0x99, 0xa0, 0x88, 0xe0, 0x88, 0x00, 0x89, 0xc0, 0x90, 0xc0, 0x90, 0xa0, 0x88,
  0x80, 0x88, 0x80, 0x88, 0x60, 0x80, 0x80, 0x78, 0xc0, 0xa0, 0x40, 0x80, 0x40, 0x80, 0x20, 0x78,
  0x60, 0x98, 0x20, 0x88, 0xc0, 0xb8, 0x80, 0xa0, 0xa0, 0xa0, 0x40, 0x90, 0x00, 0xc9, 0xa0, 0xf1,
  0xc0, 0xc8, 0xa0, 0xb8, 0xa0, 0xa8, 0x20, 0xd0, 0x20, 0xf1, 0x16, 0xf7, 0x30, 0xff, 0x52, 0xff,
  0xb1, 0xfe, 0xc6, 0xfc, 0x02, 0xfb, 0xc2, 0xfa, 0x44, 0xfb, 0xc1, 0xf9, 0x04, 0xfb, 0x26, 0xfc,
  0x22, 0xfa, 0xe2, 0xf9, 0xa1, 0xf9, 0x22, 0xfa, 0xe2, 0xf1, 0xc2, 0xf1, 0x43, 0xfa, 0xa1, 0xf9,
  0xa1, 0xf9, 0xa1, 0xf9, 0x22, 0xfb, 0x48, 0xfd, 0xa2, 0xfa, 0x8e, 0xfe, 0x8e, 0xfe, 0x31, 0xff,
  0x0c, 0xff, 0xa0, 0xf9, 0x60, 0xe8, 0xe0, 0xd8, 0xe0, 0xe9, 0x60, 0xe1, 0xc0, 0xc8, 0x00, 0xb9,
  0xa0, 0xb0, 0xc0, 0xa8, 0x60, 0x90, 0x80, 0x88, 0xa0, 0xa0, 0xa0, 0x98, 0xe0, 0xb0, 0x00, 0xb1,
  0x40, 0x80, 0x40, 0x80, 0x80, 0x88, 0x60, 0x80, 0x40, 0x80, 0x80, 0x88, 0xa0, 0x98, 0x60, 0x90,
  0x20, 0x70, 0x80, 0x90, 0x80, 0x88, 0x60, 0x80, 0x40, 0x90, 0x80, 0x90, 0x20, 0x78, 0x80, 0x98,
  0x20, 0xc9, 0x40, 0x88, 0x00, 0xb1, 0xa0, 0xa0, 0x20, 0x80, 0xa0, 0xa0, 0x80, 0xa0, 0x60, 0x98,
  0x40, 0x88, 0x60, 0x98, 0xc0, 0xb0, 0xa0, 0xa0, 0xa0, 0xa8, 0xc0, 0xa8, 0x60, 0x98, 0x80, 0xa0,
  0x40, 0xc9, 0x60, 0xc9, 0x20, 0xc1, 0xc0, 0xb0, 0xa0, 0xa8, 0x60, 0x90, 0x60, 0x88, 0x60, 0x80,
  0x40, 0x78, 0x40, 0x78, 0x20, 0x78, 0x40, 0x78, 0x20, 0x68, 0x40, 0x80, 0xc0, 0x98, 0x80, 0x80,
  0x40, 0x70, 0x20, 0x58, 0x20, 0x60, 0x20, 0x58, 0x40, 0x68, 0x40, 0x60, 0x60, 0x60, 0x40, 0x60,
  0x40, 0x60, 0x60, 0x60, 0x60, 0x60, 0x60, 0x60, 0x60, 0x60, 0x80, 0x58, 0x80, 0x58, 0x80, 0x58,
  0xa0, 0x58, 0x80, 0x58, 0xc0, 0x50, 0xc0, 0x50, 0xe0, 0x58, 0x80, 0x50, 0x60, 0x58, 0x00, 0x60,
  0x00, 0x38, 0x00, 0x50, 0x00, 0x78, 0x00, 0x00, 0x00, 0x00, 0x00, 0x00, 0x00, 0x00, 0x00, 0x00,
  0x00, 0x00, 0x00, 0x00, 0x00, 0x00, 0x00, 0x00, 0x00, 0x00, 0x00, 0x00, 0x00, 0x00, 0x00, 0x00,
  0x00, 0x00, 0x00, 0x00, 0x00, 0x00, 0x00, 0x00, 0x00, 0x00, 0x00, 0x00, 0x00, 0x00, 0x00, 0x00,
  0x00, 0x00, 0x00, 0x00, 0x00, 0x00, 0x00, 0x00, 0x00, 0x00, 0x00, 0x00, 0x00, 0x00, 0x00, 0x00,
  0x00, 0x00, 0x00, 0x00, 0x00, 0x00, 0x00, 0x00, 0x00, 0x00, 0x00, 0x00, 0x00, 0x00, 0x00, 0x00,
  0x00, 0x00, 0x00, 0x00, 0x00, 0x00, 0x00, 0x00, 0x00, 0x00, 0x00, 0x00, 0x00, 0x00, 0x00, 0x00,
  0x00, 0x00, 0x00, 0x00, 0x00, 0x00, 0x00, 0x00, 0x00, 0x00, 0x00, 0x00, 0x00, 0xf8, 0x00, 0x00,
  0x00, 0x00, 0x00, 0x00, 0x00, 0x00, 0x00, 0xf8, 0x00, 0x00, 0x00, 0xf8, 0x00, 0x00, 0x00, 0x00,
  0x00, 0x00, 0x00, 0x00, 0x00, 0x78, 0x00, 0xa8, 0x00, 0xa8, 0x00, 0x78, 0x00, 0x00, 0x00, 0x00,
  0xe0, 0x79, 0xa0, 0x78, 0xc0, 0x70, 0x20, 0x79, 0x00, 0x00, 0x00, 0xa8, 0x80, 0x99, 0x00, 0x50,
  0x00, 0x78, 0x00, 0xf8, 0x00, 0xf8, 0xe0, 0x79, 0xa0, 0x88, 0xa0, 0x78, 0x00, 0x89, 0xe0, 0x80,
  0x00, 0xb8, 0x00, 0xa8, 0x00, 0xa8, 0x00, 0x00, 0x00, 0x78, 0x00, 0x50, 0x00, 0xb8, 0xc0, 0x98,
  0x40, 0x91, 0xc0, 0x78, 0xe1, 0x80, 0xe0, 0x88, 0x00, 0xa8, 0xa0, 0x90, 0xe0, 0x88, 0xc0, 0x88,
  0xc0, 0x90, 0xe0, 0x88, 0xc0, 0x90, 0xc0, 0x88, 0xa0, 0x90, 0x80, 0x88, 0xa0, 0x90, 0x80, 0x88,
  0x60, 0x78, 0xc0, 0xa0, 0x60, 0x88, 0x20, 0x78, 0x60, 0xc9, 0x60, 0xd1, 0xa0, 0xc8, 0x20, 0xd9,
  0xa0, 0xb0, 0x40, 0xc9, 0x40, 0xe1, 0x60, 0xe1, 0x60, 0xe1, 0x80, 0xb8, 0xa0, 0xb0, 0xa0, 0xa8,
  0x00, 0xd0, 0x84, 0xf2, 0xf8, 0xff, 0xaf, 0xfe, 0x54, 0xff, 0x74, 0xff, 0x71, 0xff, 0xc7, 0xfc,
  0x62, 0xfa, 0xa3, 0xfa, 0x62, 0xfa, 0x82, 0xfa, 0x22, 0xfa, 0x63, 0xfa, 0xa3, 0xfa, 0x44, 0xfb,
  0x44, 0xfb, 0x63, 0xfa, 0xc2, 0xf1, 0x41, 0xf1, 0x81, 0xf1, 0xc1, 0xf1, 0xe1, 0xf9, 0xa2, 0xfa,
  0x65, 0xfc, 0x83, 0xfb, 0xef, 0xfe, 0x0e, 0xff, 0x6e, 0xff, 0xe5, 0xfd, 0xa0, 0xf8, 0xc0, 0xe0,
  0xc0, 0xd0, 0x00, 0xea, 0x40, 0xd9, 0xc0, 0xc0, 0x80, 0xa0, 0xa0, 0xa8, 0xe0, 0xb0, 0xe0, 0xb0,
  0xa0, 0x98, 0x60, 0x88, 0x80, 0x90, 0x60, 0x88, 0xa0, 0x98, 0xe0, 0xa8, 0x80, 0x88, 0x60, 0x80,
  0x60, 0x80, 0x80, 0x80, 0x40, 0x78, 0x80, 0x88, 0xa0, 0x98, 0x80, 0x90, 0xa0, 0xa0, 0xa0, 0xa0,
  0xa0, 0xa0, 0xa0, 0x98, 0xc0, 0xa0, 0x20, 0xc1, 0x00, 0xc1, 0xa0, 0xa0, 0x80, 0x98, 0x60, 0x90,
  0x80, 0xa0, 0xc0, 0xa8, 0xa0, 0xa0, 0xa0, 0xa0, 0xc0, 0xa8, 0x20, 0xc1, 0x40, 0xc9, 0x00, 0xb9,
  0x80, 0xa0, 0xc0, 0xb0, 0xe0, 0xb8, 0x00, 0xc1, 0x60, 0xd1, 0x00, 0xb9, 0xa0, 0xa0, 0x80, 0x98,
  0x40, 0x80, 0x20, 0x70, 0x60, 0x80, 0x60, 0x80, 0x40, 0x78, 0x60, 0x78, 0x40, 0x70, 0x60, 0x88,
  0x80, 0x90, 0x40, 0x78, 0x60, 0x80, 0x60, 0x80, 0x60, 0x68, 0x40, 0x68, 0x40, 0x68, 0x60, 0x70,
  0xa0, 0x78, 0x60, 0x68, 0x40, 0x60, 0x60, 0x60, 0x60, 0x60, 0x60, 0x60, 0x60, 0x60, 0x80, 0x60,
  0x80, 0x60, 0x80, 0x60, 0xc0, 0x68, 0x80, 0x58, 0xa0, 0x58, 0x60, 0x58, 0xa0, 0x58, 0xa0, 0x58,
  0x20, 0x59, 0xa0, 0x58, 0xa0, 0x58, 0x00, 0x00, 0x00, 0x78, 0x00, 0x78, 0x00, 0xf8, 0x00, 0x00,
  0x00, 0x78, 0x00, 0x00, 0x00, 0x00, 0x00, 0x00, 0x00, 0x00, 0x00, 0xf8, 0x00, 0x00, 0x00, 0x00,
  0x00, 0x00, 0x00, 0x00, 0x00, 0x00, 0x00, 0x00, 0x00, 0x00, 0x00, 0x00, 0x00, 0x00, 0x00, 0x00,
  0x00, 0x00, 0x00, 0x00, 0x00, 0x00, 0x00, 0x00, 0x00, 0x00, 0x00, 0x00, 0x00, 0x00, 0x00, 0x00,
  0x00, 0x00, 0x00, 0x00, 0x00, 0x00, 0x00, 0x00, 0x00, 0x00, 0x00, 0x00, 0x00, 0x00, 0x00, 0x00,
  0x00, 0x00, 0x00, 0xf8, 0x00, 0x00, 0x00, 0x00, 0x00, 0x00, 0x00, 0x00, 0x00, 0x00, 0x00, 0x00,
  0x00, 0x00, 0x00, 0x00, 0x00, 0x00, 0x00, 0x00, 0x00, 0x00, 0x00, 0x00, 0x00, 0x00, 0x00, 0x00,
  0x00, 0xf8, 0x00, 0x00, 0x00, 0x00, 0x00, 0x00, 0x00, 0xf8, 0x00, 0x78, 0x00, 0x00, 0x00, 0x00,
  0x00, 0x00, 0x00, 0x00, 0x00, 0xf8, 0x00, 0x00, 0x00, 0x00, 0x00, 0x00, 0x00, 0x00, 0xa0, 0xaa,
  0x00, 0x78, 0x00, 0x00, 0x00, 0x00, 0xc0, 0x78, 0x00, 0x68, 0xe0, 0x58, 0x00, 0x71, 0xe0, 0x78,
  0x00, 0x78, 0x00, 0x00, 0x20, 0x91, 0x00, 0x00, 0x00, 0x00, 0xa0, 0xaa, 0xa0, 0xaa, 0x80, 0x99,
  0xe0, 0x79, 0xc0, 0x78, 0xa0, 0x80, 0xe0, 0x88, 0xe0, 0x88, 0xe0, 0x7b, 0x00, 0xf8, 0x00, 0x78,
  0x80, 0x61, 0x80, 0x61, 0xa0, 0x52, 0x00, 0x78, 0xe0, 0x88, 0xe0, 0x90, 0x01, 0x91, 0xa0, 0x90,
  0xa0, 0x90, 0xa0, 0x78, 0x40, 0x91, 0xe0, 0x88, 0xa0, 0x88, 0xa0, 0x88, 0xa0, 0x90, 0xe1, 0x88,
  0x00, 0x91, 0x60, 0x88, 0x80, 0x88, 0xa0, 0x98, 0x80, 0x88, 0x80, 0x80, 0x40, 0x80, 0x40, 0x78,
  0x40, 0x78, 0x20, 0xc1, 0x40, 0xd9, 0xe0, 0xc0, 0x20, 0xc1, 0x40, 0x98, 0x80, 0xb0, 0x00, 0xd1,
  0x40, 0xd9, 0x60, 0xe1, 0x80, 0xb8, 0xe0, 0xc0, 0xa0, 0xb0, 0x00, 0xd8, 0xa7, 0xf2, 0xf8, 0xff,
  0xef, 0xfe, 0xb5, 0xff, 0x10, 0xff, 0xc7, 0xfc, 0xa5, 0xfb, 0x63, 0xfa, 0x20, 0xf9, 0x62, 0xfa,
  0x22, 0xfa, 0xe1, 0xf9, 0xe1, 0xf9, 0x22, 0xfa, 0x04, 0xfb, 0xe2, 0xf9, 0x81, 0xf9, 0xc1, 0xf9,
  0x61, 0xf9, 0x81, 0xf9, 0x02, 0xfa, 0x01, 0xfa, 0x81, 0xfa, 0x23, 0xfc, 0x66, 0xfc, 0x93, 0xff,
  0x71, 0xff, 0xae, 0xff, 0xe0, 0xfc, 0x40, 0xf8, 0xe0, 0xe0, 0x00, 0xd9, 0xa0, 0xe1, 0x00, 0xd1,
  0xa0, 0xb8, 0xc0, 0xb0, 0xa0, 0xa0, 0xc0, 0xa8, 0xa0, 0xa8, 0x60, 0x90, 0x40, 0x88, 0x60, 0x88,
  0x60, 0x88, 0x40, 0x88, 0x60, 0x90, 0xa0, 0x98, 0x80, 0x88, 0x40, 0x88, 0x60, 0x88, 0x60, 0x88,
  0x40, 0x80, 0x60, 0x80, 0xc0, 0xa0, 0xa0, 0x98, 0x40, 0x80, 0xa0, 0xa0, 0x60, 0x88, 0xa0, 0xa0,
  0x00, 0xb1, 0x20, 0xc1, 0x80, 0x98, 0x60, 0x90, 0x80, 0xa0, 0xc0, 0xb0, 0xa0, 0xa8, 0xa0, 0xa8,
  0xa0, 0xa8, 0x20, 0xc1, 0xe0, 0xb8, 0x80, 0xa0, 0xa0, 0xa8, 0x40, 0xc9, 0x60, 0xd1, 0x40, 0xc9,
  0xa0, 0xa8, 0x40, 0x88, 0x60, 0x90, 0xa0, 0xa0, 0x80, 0x98, 0xa0, 0x98, 0x80, 0x98, 0x40, 0x80,
  0x40, 0x80, 0x60, 0x88, 0x60, 0x90, 0xc0, 0xa0, 0xa0, 0xa0, 0x40, 0x78, 0x20, 0x78, 0x20, 0x70,
  0x00, 0x58, 0x60, 0x80, 0x80, 0x88, 0x60, 0x80, 0x60, 0x80, 0x80, 0x70, 0x40, 0x60, 0x40, 0x60,
  0x60, 0x60, 0x40, 0x60, 0x60, 0x60, 0x60, 0x60, 0xa0, 0x68, 0x80, 0x60, 0x80, 0x60, 0x80, 0x60,
  0xc0, 0x60, 0xc0, 0x60, 0xa0, 0x58, 0xa0, 0x58, 0x80, 0x60, 0xe0, 0x60, 0xa0, 0x58, 0x00, 0x28,
  0x00, 0x78, 0x00, 0x78, 0xe0, 0x7b, 0x00, 0x00, 0x00, 0x00, 0x00, 0x00, 0x00, 0xf8, 0x00, 0xf8,
  0x00, 0x00, 0x00, 0x00, 0x00, 0x00, 0x00, 0xf8, 0x00, 0x00, 0x00, 0x00, 0x00, 0x00, 0x00, 0x00,
  0x00, 0x00, 0x00, 0x00, 0x00, 0x00, 0x00, 0x00, 0x00, 0x00, 0x00, 0x00, 0x00, 0x00, 0x00, 0x00,
  0x00, 0x00, 0x00, 0x00, 0x00, 0x00, 0x00, 0x00, 0x00, 0x00, 0x00, 0x00, 0x00, 0x00, 0x00, 0x00,
  0x00, 0x00, 0x00, 0x00, 0x00, 0x00, 0x00, 0x00, 0x00, 0x00, 0x00, 0x00, 0x00, 0x00, 0x00, 0x00,
  0x00, 0x00, 0x00, 0x00, 0x00, 0x00, 0x00, 0x00, 0x00, 0x00, 0x00, 0x00, 0x00, 0x00, 0x00, 0x00,
  0x00, 0x00, 0x00, 0x00, 0x00, 0x00, 0x00, 0x00, 0x00, 0x00, 0xe0, 0x7b, 0x00, 0x00, 0x00, 0x00,
  0x00, 0x00, 0x00, 0x00, 0x00, 0x00, 0x00, 0xf8, 0x00, 0x78, 0x00, 0x00, 0x00, 0x00, 0x00, 0x00,
  0x00, 0x00, 0x00, 0x00, 0x00, 0x00, 0x00, 0x00, 0x00, 0x00, 0x00, 0x00, 0x00, 0x00, 0x00, 0x00,
  0x20, 0x69, 0x00, 0x78, 0x00, 0x00, 0x00, 0x00, 0x00, 0x00, 0x00, 0xf8, 0x00, 0x00, 0x00, 0xf8,
  0x00, 0x78, 0x20, 0x91, 0x00, 0xa8, 0x00, 0x00, 0xa0, 0x52, 0x00, 0x00, 0x00, 0x00, 0x00, 0x00,
  0x00, 0x00, 0x00, 0x00, 0xa0, 0x90, 0xe0, 0x88, 0x00, 0xa8, 0x00, 0x00, 0x00, 0x78, 0x00, 0xa8,
  0x20, 0x91, 0xe0, 0x79, 0xc0, 0x98, 0xe0, 0x90, 0xc0, 0x90, 0xc0, 0x88, 0xe0, 0x88, 0x20, 0xa1,
  0xc0, 0x88, 0x00, 0x91, 0x80, 0x90, 0xc0, 0x90, 0xc0, 0x90, 0xa0, 0x90, 0x60, 0x80, 0x80, 0x90,
  0x40, 0x80, 0x80, 0x88, 0x60, 0x88, 0x00, 0x68, 0x20, 0x70, 0x60, 0x88, 0x40, 0x80, 0xe0, 0xc0,
  0x00, 0xd1, 0x40, 0xa0, 0x40, 0x90, 0x60, 0x90, 0x40, 0xa8, 0x40, 0xe1, 0x20, 0xe1, 0xe0, 0xc8,
  0xa0, 0xb8, 0x60, 0xb0, 0x00, 0xe0, 0xea, 0xf3, 0xf5, 0xff, 0x6e, 0xff, 0x73, 0xff, 0x92, 0xff,
  0xcb, 0xfd, 0xa6, 0xfb, 0x43, 0xfa, 0x22, 0xfa, 0x01, 0xfa, 0x03, 0xfb, 0x62, 0xfa, 0xc1, 0xf9,
  0xe1, 0xf9, 0x81, 0xf9, 0x61, 0xf9, 0xe2, 0xf9, 0xe1, 0xf9, 0x61, 0xf9, 0x20, 0xf9, 0xa0, 0xf1,
  0x21, 0xfa, 0xe1, 0xfa, 0x02, 0xfc, 0x04, 0xfc, 0xb1, 0xff, 0xb0, 0xff, 0x4e, 0xff, 0xc0, 0xfc,
  0x20, 0xf0, 0x00, 0xe1, 0x20, 0xd9, 0xe0, 0xc8, 0x00, 0xc9, 0xc0, 0xc0, 0xa0, 0xa8, 0x60, 0x98,
  0xc0, 0xa8, 0x80, 0x98, 0xa0, 0xa0, 0x60, 0x80, 0x20, 0x70, 0x40, 0x80, 0x60, 0x90, 0x80, 0x90,
  0x40, 0x88, 0x80, 0x90, 0x80, 0x90, 0x20, 0x78, 0x40, 0x80, 0x40, 0x78, 0x20, 0x68, 0x60, 0x80,
  0x60, 0x88, 0x40, 0x78, 0x40, 0x80, 0x20, 0x80, 0xa0, 0xa0, 0x60, 0x90, 0x00, 0x80, 0xe0, 0xb8,
  0x80, 0x98, 0x80, 0x98, 0x00, 0xb9, 0x80, 0xa0, 0xc0, 0xb0, 0x60, 0x98, 0x40, 0x98, 0xa0, 0xa8,
  0x20, 0xb9, 0x60, 0xc9, 0xc0, 0xb0, 0x80, 0xa0, 0x40, 0x90, 0x40, 0x90, 0x80, 0xa0, 0x80, 0xa8,
  0x40, 0x90, 0x80, 0x98, 0xa0, 0xa8, 0x80, 0xa0, 0x60, 0x80, 0x40, 0x78, 0x40, 0x80, 0x60, 0x90,
  0x60, 0x98, 0x00, 0x70, 0x20, 0x60, 0x80, 0x90, 0xc0, 0xb0, 0xc0, 0xb8, 0x40, 0x80, 0x20, 0x60,
  0x40, 0x68, 0x40, 0x70, 0x20, 0x60, 0x40, 0x60, 0x60, 0x60, 0x40, 0x60, 0x60, 0x60, 0x60, 0x60,
  0x80, 0x60, 0x80, 0x68, 0x80, 0x60, 0x60, 0x58, 0x60, 0x60, 0xa0, 0x58, 0xa0, 0x58, 0x80, 0x58,
  0xa0, 0x58, 0x00, 0x60, 0xa0, 0x58, 0x00, 0x58, 0x00, 0x50, 0x00, 0x78, 0x00, 0x00, 0x00, 0x00,
  0x00, 0x00, 0x00, 0x00, 0x00, 0x00, 0x00, 0x00, 0x00, 0x00, 0x00, 0x00, 0x00, 0x00, 0x00, 0x00,
  0x00, 0x00, 0x00, 0x00, 0x00, 0x00, 0x00, 0x00, 0x00, 0x00, 0x00, 0x00, 0x00, 0x00, 0x00, 0x00,
  0x00, 0x00, 0x00, 0x00, 0x00, 0x00, 0x00, 0x00, 0x00, 0x00, 0x00, 0x00, 0x00, 0x00, 0x00, 0x00,
  0x00, 0x00, 0x00, 0x00, 0x00, 0x00, 0x00, 0x00, 0x00, 0x00, 0x00, 0x00, 0x00, 0x00, 0x00, 0x00,
  0x00, 0x00, 0x00, 0x00, 0x00, 0x00, 0x00, 0x00, 0x00, 0x00, 0x00, 0x00, 0x00, 0x00, 0x00, 0x00,
  0x00, 0x00, 0x00, 0x00, 0x00, 0x00, 0x00, 0x00, 0x00, 0x00, 0x00, 0x00, 0x00, 0x00, 0x00, 0x00,
  0x00, 0x58, 0xe0, 0x60, 0xe0, 0x60, 0xa0, 0x60, 0x00, 0xf8, 0x00, 0xf8, 0x00, 0x00, 0x00, 0x30,
  0xa0, 0x70, 0x00, 0x00, 0xe0, 0x7b, 0x00, 0x00, 0x00, 0x00, 0x00, 0x00, 0x00, 0x00, 0x00, 0x00,
  0x00, 0x00, 0x00, 0x00, 0x00, 0x00, 0x00, 0x00, 0x00, 0x00, 0x00, 0x00, 0x00, 0x00, 0x00, 0x00,
  0x00, 0x00, 0x00, 0x00, 0x00, 0x00, 0x00, 0x00, 0x00, 0x78, 0x00, 0xa8, 0x40, 0xa9, 0xe0, 0x78,
  0xe0, 0x78, 0x00, 0x00, 0x00, 0x00, 0x00, 0x00, 0x40, 0x79, 0x00, 0xf8, 0xa0, 0xaa, 0x00, 0x78,
  0xa0, 0x88, 0x80, 0x88, 0xe0, 0x78, 0x40, 0xa9, 0x00, 0x98, 0x20, 0x91, 0xc0, 0x78, 0xa0, 0x88,
  0xe0, 0x88, 0xc0, 0x88, 0xa0, 0x88, 0xa0, 0x90, 0xe0, 0xb9, 0xa0, 0x88, 0xa0, 0x88, 0xa0, 0x88,
  0xa0, 0x90, 0xa0, 0x90, 0x80, 0x88, 0x80, 0x90, 0x80, 0x80, 0x40, 0x78, 0x60, 0x80, 0x60, 0x80,
  0x00, 0x70, 0x00, 0x70, 0x20, 0x70, 0x20, 0x70, 0x40, 0x78, 0xe0, 0x98, 0x80, 0xd9, 0x80, 0xb8,
  0x20, 0x98, 0xa0, 0xb0, 0x80, 0xe9, 0x00, 0xd9, 0xc0, 0xc8, 0x40, 0xa8, 0x40, 0xb8, 0x00, 0xe0,
  0x4f, 0xfe, 0xf8, 0xff, 0x92, 0xff, 0xef, 0xfe, 0x10, 0xff, 0xf5, 0xff, 0xeb, 0xfd, 0x83, 0xfa,
  0x63, 0xfa, 0x21, 0xfa, 0x62, 0xfa, 0x01, 0xfa, 0xe1, 0xf9, 0xe1, 0xf9, 0x81, 0xf9, 0x61, 0xf1,
  0x02, 0xfa, 0xc1, 0xf9, 0x80, 0xf9, 0xa1, 0xf9, 0xc1, 0xf9, 0x21, 0xfa, 0xe1, 0xfa, 0x61, 0xfb,
  0x23, 0xfb, 0x4a, 0xff, 0x4c, 0xff, 0x4d, 0xff, 0x20, 0xfc, 0x00, 0xe8, 0x00, 0xd9, 0xe0, 0xd0,
  0xa0, 0xb8, 0x00, 0xc9, 0x00, 0xc1, 0xe0, 0xb8, 0x60, 0x90, 0x60, 0x98, 0x40, 0x90, 0xc0, 0xa8,
  0x80, 0x90, 0x40, 0x78, 0x60, 0x88, 0x40, 0x80, 0x80, 0x88, 0x80, 0x98, 0x20, 0x80, 0xa0, 0x98,
  0x00, 0x78, 0x80, 0x90, 0xe0, 0xa0, 0x20, 0x78, 0x40, 0x78, 0x40, 0x80, 0x40, 0x88, 0x60, 0x98,
  0x40, 0x88, 0x00, 0x78, 0x00, 0xb1, 0x00, 0xb9, 0x20, 0x80, 0xa0, 0xa8, 0x40, 0x88, 0xc0, 0xb0,
  0xe0, 0xb8, 0xa0, 0xa8, 0xc0, 0xa8, 0xa0, 0xa8, 0xc0, 0xb0, 0x20, 0xc1, 0x00, 0xb9, 0x80, 0xa0,
  0x80, 0x98, 0xa0, 0xa8, 0x00, 0xc1, 0xa0, 0xa8, 0x40, 0x80, 0x60, 0x90, 0x60, 0x90, 0x20, 0x88,
  0x40, 0x90, 0x00, 0x80, 0x00, 0x70, 0x00, 0x88, 0x80, 0x98, 0xc0, 0xa0, 0xa0, 0xd1, 0x40, 0xf2,
  0x40, 0xd1, 0x00, 0xa9, 0x80, 0x78, 0x40, 0x68, 0x60, 0x68, 0x80, 0x80, 0x60, 0x70, 0x60, 0x68,
  0x80, 0x68, 0x80, 0x68, 0x60, 0x68, 0x60, 0x68, 0x80, 0x60, 0x60, 0x60, 0x80, 0x60, 0x80, 0x60,
  0x80, 0x58, 0x80, 0x58, 0xa0, 0x58, 0xe0, 0x58, 0x60, 0x58, 0xe0, 0x70, 0x00, 0x78, 0x40, 0x51,
  0x00, 0x00, 0x00, 0x00, 0x00, 0x00, 0x00, 0x00, 0x00, 0x00, 0x00, 0x00, 0x00, 0x00, 0x00, 0x00,
  0x00, 0x00, 0x00, 0x00, 0x00, 0x00, 0x00, 0x00, 0x00, 0x00, 0x00, 0x00, 0x00, 0x00, 0x00, 0x00,
  0x00, 0x00, 0x00, 0x00, 0x00, 0x00, 0x00, 0x00, 0x00, 0x00, 0x00, 0x00, 0x00, 0x00, 0x00, 0x00,
  0x00, 0x00, 0x00, 0x00, 0x00, 0x00, 0x00, 0x00, 0x00, 0x00, 0x00, 0x00, 0x00, 0x00, 0x00, 0x00,
  0x00, 0x00, 0x00, 0x00, 0x00, 0x00, 0x00, 0x00, 0x00, 0x00, 0x00, 0x00, 0x00, 0x00, 0x00, 0x00,
  0x00, 0x00, 0x00, 0x00, 0x00, 0x00, 0x00, 0x00, 0x00, 0x00, 0x00, 0x00, 0x00, 0x00, 0x00, 0x00,
  0x00, 0x00, 0x00, 0x00, 0x00, 0x00, 0x00, 0x00, 0x00, 0x00, 0xa0, 0x60, 0xa0, 0x60, 0xc0, 0x68,
  0xa0, 0x60, 0x00, 0x00, 0x00, 0x78, 0x00, 0x00, 0xe0, 0x78, 0xa0, 0x70, 0xa0, 0x58, 0xc0, 0x78,
  0xe0, 0x68, 0xc0, 0x78, 0x00, 0x00, 0x00, 0x00, 0x00, 0x00, 0xe0, 0x78, 0x40, 0x69, 0x00, 0x00,
  0x00, 0x00, 0x00, 0x00, 0x00, 0x00, 0x00, 0x00, 0x00, 0x00, 0x00, 0x00, 0x00, 0x00, 0x00, 0x00,
  0x00, 0x00, 0x80, 0x99, 0x60, 0x89, 0x00, 0x00, 0xa0, 0x78, 0xc0, 0x78, 0x00, 0x00, 0x00, 0xf8,
  0x00, 0x00, 0x00, 0xa8, 0x00, 0xa8, 0xe0, 0x7b, 0x00, 0x00, 0x80, 0x88, 0xc0, 0x90, 0x00, 0xb8,
  0x60, 0x78, 0x80, 0x88, 0xa0, 0x88, 0xa0, 0x80, 0xa0, 0x88, 0xc0, 0x88, 0xa0, 0x88, 0xc0, 0x88,
  0xa0, 0x90, 0x40, 0x99, 0xc0, 0x90, 0xa0, 0x88, 0xa0, 0x88, 0xa0, 0x88, 0xa0, 0x88, 0xa0, 0x88,
  0x80, 0x90, 0x80, 0x88, 0x60, 0x80, 0x80, 0x90, 0x60, 0x80, 0x60, 0x90, 0x80, 0x98, 0x40, 0x88,
  0x60, 0x80, 0x60, 0x90, 0x20, 0x70, 0x40, 0x88, 0x00, 0x98, 0x20, 0x98, 0x00, 0xc9, 0x80, 0xe9,
  0x00, 0xd9, 0xc0, 0xc0, 0x60, 0xa0, 0x40, 0xc8, 0x80, 0xe8, 0x77, 0xff, 0xd6, 0xff, 0xb2, 0xff,
  0x50, 0xff, 0x6b, 0xfe, 0x86, 0xfc, 0x42, 0xfa, 0x60, 0xf9, 0x82, 0xfa, 0x22, 0xfa, 0xe1, 0xf9,
  0xc1, 0xf9, 0xe1, 0xf9, 0x01, 0xfa, 0xc1, 0xf9, 0x81, 0xf9, 0x80, 0xf9, 0xc1, 0xf9, 0x82, 0xfa,
  0x63, 0xfb, 0x41, 0xfa, 0xe0, 0xf9, 0xa1, 0xfa, 0x82, 0xfb, 0x43, 0xfb, 0xa5, 0xfe, 0x29, 0xff,
  0xab, 0xfe, 0xe0, 0xfa, 0x20, 0xf0, 0x40, 0xe9, 0xe0, 0xc8, 0x20, 0xc9, 0x20, 0xd1, 0x00, 0xc9,
  0xc0, 0xb8, 0x80, 0x98, 0xc0, 0xa8, 0xa0, 0xa0, 0x40, 0x90, 0x60, 0x90, 0x60, 0x88, 0xa0, 0x98,
  0xa0, 0x98, 0x60, 0x90, 0xa0, 0xa0, 0xc0, 0xa8, 0xa0, 0x98, 0x00, 0xb1, 0x20, 0xb1, 0xe0, 0xa8,
  0x60, 0x88, 0x40, 0x80, 0x60, 0x90, 0x80, 0x90, 0xa0, 0xa8, 0x80, 0xa0, 0x60, 0x98, 0xa0, 0xb0,
  0x20, 0xc1, 0x80, 0x98, 0x60, 0x90, 0xe0, 0xb0, 0x40, 0x98, 0x40, 0x90, 0x00, 0xb9, 0x60, 0xd9,
  0x60, 0xd1, 0xe0, 0xb8, 0xc0, 0xb0, 0xe0, 0xb8, 0xe0, 0xb8, 0x00, 0xc1, 0xc0, 0xa0, 0x00, 0x68,
  0x00, 0x68, 0x60, 0x88, 0x80, 0x90, 0x40, 0x80, 0xc0, 0xa8, 0xc0, 0xa8, 0x60, 0xc9, 0x80, 0xe2,
  0x40, 0xfb, 0x60, 0xfb, 0xe0, 0xe9, 0xe0, 0xa8, 0x60, 0x68, 0x00, 0x60, 0x00, 0x50, 0x00, 0x50,
  0x20, 0x60, 0x40, 0x60, 0x60, 0x70, 0x60, 0x70, 0x60, 0x68, 0x60, 0x68, 0x60, 0x68, 0x60, 0x68,
  0x80, 0x68, 0x60, 0x60, 0x80, 0x60, 0x80, 0x60, 0xa0, 0x60, 0x60, 0x58, 0xa0, 0x60, 0xc0, 0x60,
  0x80, 0x68, 0x00, 0x68, 0x40, 0x51, 0x00, 0x38, 0x00, 0x78, 0x00, 0x00, 0x00, 0x00, 0x00, 0x00,
  0x00, 0x00, 0x00, 0x00, 0x00, 0x00, 0x00, 0x00, 0x00, 0x00, 0x00, 0x00, 0x00, 0x00, 0x00, 0x00,
  0x00, 0x00, 0x00, 0x00, 0x00, 0x00, 0x00, 0x00, 0x00, 0x00, 0x00, 0x00, 0x00, 0x00, 0x00, 0x00,
  0x00, 0x00, 0x00, 0x00, 0x00, 0x00, 0x00, 0x00, 0x00, 0x00, 0x00, 0x00, 0x00, 0x00, 0x00, 0x00,
  0x00, 0x00, 0x00, 0x00, 0x00, 0x00, 0x00, 0x00, 0x00, 0x00, 0x00, 0x00, 0x00, 0x00, 0x00, 0x00,
  0x00, 0x00, 0x00, 0x00, 0x00, 0x00, 0x00, 0x00, 0x00, 0x00, 0x00, 0x00, 0x00, 0x00, 0x00, 0x00,
  0x00, 0x00, 0x00, 0x00, 0x00, 0x00, 0x00, 0x00, 0x00, 0x00, 0x00, 0x00, 0x00, 0x00, 0x00, 0x00,
  0x00, 0x00, 0x00, 0x00, 0x00, 0x50, 0x80, 0x68, 0xe0, 0x60, 0x00, 0x00, 0x00, 0x00, 0x00, 0x00,
  0x00, 0x00, 0x00, 0xa8, 0xc0, 0x70, 0x80, 0x70, 0x00, 0x00, 0xa0, 0x68, 0xc0, 0x70, 0x00, 0x00,
  0x00, 0x78, 0x00, 0x00, 0x00, 0x78, 0xc0, 0x78, 0x00, 0xf8, 0x00, 0x00, 0x00, 0x00, 0x00, 0x00,
  0x00, 0x00, 0x00, 0x00, 0x00, 0x00, 0x00, 0x00, 0x00, 0x00, 0x00, 0x00, 0xa0, 0xaa, 0x40, 0x79,
  0x00, 0x78, 0xa0, 0x78, 0xc0, 0x80, 0x00, 0x50, 0x00, 0xa8, 0x00, 0x00, 0x00, 0x00, 0x00, 0x00,
  0x00, 0xf8, 0x00, 0x00, 0x20, 0x91, 0xa0, 0x80, 0xe0, 0x90, 0xc0, 0x80, 0xa0, 0x80, 0xc0, 0x88,
  0xc0, 0x80, 0xc0, 0x88, 0xc0, 0x88, 0xa0, 0x90, 0xc0, 0x88, 0xe0, 0x88, 0xa0, 0x88, 0xc0, 0x88,
  0xa0, 0x90, 0xa0, 0x88, 0xa0, 0x88, 0xa0, 0x90, 0xa0, 0x88, 0x80, 0x88, 0xa0, 0x90, 0x80, 0x90,
  0xa0, 0x88, 0x80, 0x80, 0x60, 0x80, 0x20, 0x80, 0x20, 0x70, 0x60, 0x90, 0x40, 0x90, 0x40, 0x88,
  0x40, 0x80, 0x40, 0xc9, 0x20, 0xa0, 0x00, 0xd1, 0x80, 0xe9, 0x20, 0xd9, 0xa0, 0xb8, 0x40, 0xa0,
  0x00, 0xc8, 0x00, 0xe9, 0xdd, 0xff, 0xd4, 0xff, 0x2d, 0xff, 0x2e, 0xff, 0xf1, 0xff, 0x46, 0xfc,
  0x21, 0xfa, 0x02, 0xfa, 0x42, 0xfa, 0x02, 0xfa, 0xc1, 0xf9, 0xe1, 0xf9, 0xe1, 0xf9, 0x62, 0xfa,
  0x01, 0xfa, 0x80, 0xf9, 0x61, 0xfa, 0xc1, 0xfa, 0xc1, 0xfa, 0x41, 0xfb, 0xa1, 0xfa, 0x60, 0xfa,
  0xa1, 0xfa, 0x41, 0xfb, 0x81, 0xfb, 0xc6, 0xfe, 0xc6, 0xfe, 0xa5, 0xfd, 0x40, 0xfa, 0x60, 0xf8,
  0x40, 0xe1, 0xa0, 0xc0, 0x60, 0xd9, 0x40, 0xd9, 0xe0, 0xc0, 0x00, 0xc9, 0x00, 0xc1, 0xa0, 0xb0,
  0xc0, 0xb8, 0xa0, 0xa8, 0x80, 0x98, 0x80, 0x90, 0xc0, 0xa0, 0xe0, 0xb0, 0x40, 0xb9, 0xa0, 0x98,
  0xc0, 0xb0, 0xe0, 0xa8, 0x60, 0xc1, 0xc0, 0xa0, 0x40, 0x88, 0x60, 0x80, 0xe0, 0xb0, 0xa0, 0xa0,
  0x80, 0x90, 0xe0, 0xb8, 0x00, 0xc1, 0x60, 0xd1, 0x40, 0xc9, 0xc0, 0xb0, 0x20, 0xc1, 0x80, 0xa0,
  0x60, 0x98, 0x00, 0xc1, 0x40, 0xc1, 0xe0, 0xb8, 0x20, 0xc9, 0xe0, 0xb8, 0x60, 0xd1, 0x40, 0xc9,
  0x00, 0xb9, 0xa0, 0x90, 0x20, 0x70, 0x00, 0x60, 0x40, 0x80, 0x80, 0x98, 0x60, 0x90, 0xa0, 0xb0,
  0xc0, 0xc0, 0x60, 0xe1, 0x20, 0xea, 0x40, 0xf3, 0x20, 0xf3, 0x00, 0xca, 0x20, 0x88, 0x00, 0x68,
  0x00, 0x60, 0x00, 0x60, 0x40, 0x80, 0x40, 0x78, 0x20, 0x60, 0x20, 0x68, 0x40, 0x68, 0x60, 0x68,
  0x40, 0x68, 0x40, 0x60, 0x60, 0x60, 0x60, 0x60, 0x60, 0x60, 0x60, 0x60, 0x80, 0x68, 0xa0, 0x68,
  0x80, 0x60, 0x80, 0x60, 0xc0, 0x60, 0xc0, 0x60, 0xe0, 0x58, 0x00, 0x78, 0x00, 0x50, 0x00, 0xf8,
  0xe0, 0x7b, 0x00, 0x00, 0x00, 0x00, 0x00, 0x00, 0x00, 0x00, 0x00, 0x00, 0x00, 0x00, 0x00, 0x00,
  0x00, 0x00, 0x00, 0x00, 0x00, 0x00, 0x00, 0x00, 0x00, 0x00, 0x00, 0x00, 0x00, 0x00, 0x00, 0x00,
  0x00, 0x00, 0x00, 0x00, 0x00, 0x00, 0x00, 0x00, 0x00, 0x00, 0x00, 0x00, 0x00, 0x00, 0x00, 0x00,
  0x00, 0x00, 0x00, 0x00, 0x00, 0x00, 0x00, 0x00, 0x00, 0x00, 0x00, 0x00, 0x00, 0x00, 0x00, 0x78,
  0x00, 0x00, 0x00, 0x00, 0x00, 0x00, 0x00, 0x00, 0x00, 0x00, 0x00, 0xf8, 0x00, 0x00, 0x00, 0x00,
  0x00, 0x00, 0x00, 0x00, 0x00, 0xf8, 0x00, 0x00, 0x00, 0x00, 0x00, 0x00, 0x00, 0x00, 0x00, 0x00,
  0x00, 0x00, 0x00, 0x00, 0x00, 0x00, 0x00, 0x78, 0x00, 0x78, 0x00, 0x00, 0x00, 0x00, 0x00, 0x00,
  0x00, 0x00, 0x00, 0x00, 0x00, 0x00, 0x00, 0x00, 0x00, 0x00, 0x00, 0x78, 0x00, 0x78, 0xe0, 0x78,
  0xe0, 0x68, 0x20, 0x91, 0xe0, 0x80, 0xa0, 0x60, 0x00, 0x00, 0x00, 0x00, 0xe0, 0x07, 0x00, 0x00,
  0x00, 0xf8, 0xa0, 0x52, 0x00, 0x00, 0x00, 0x00, 0x00, 0xf8, 0x00, 0x00, 0x00, 0xf8, 0x00, 0xf8,
  0x00, 0x00, 0x00, 0xf8, 0x00, 0xf8, 0xe0, 0x88, 0x80, 0x99, 0x00, 0x00, 0xa0, 0x78, 0xe0, 0x88,
  0x00, 0x60, 0x00, 0xa8, 0x00, 0xf8, 0x00, 0x78, 0x00, 0x78, 0x00, 0x90, 0x00, 0x78, 0x00, 0xa8,
  0x00, 0x78, 0xe0, 0x90, 0xc0, 0x88, 0x80, 0x80, 0xa0, 0x88, 0x80, 0x88, 0xc0, 0x88, 0xe0, 0x90,
  0xc0, 0x90, 0xa0, 0x88, 0xc0, 0x90, 0xc0, 0x80, 0xc0, 0x98, 0x80, 0x88, 0x80, 0x88, 0x80, 0x88,
  0x80, 0x80, 0xa0, 0x90, 0xa0, 0x98, 0xa0, 0x90, 0xe0, 0xa0, 0xc0, 0x98, 0xe0, 0x98, 0xa0, 0x98,
  0x80, 0x98, 0x20, 0x68, 0x40, 0x80, 0x60, 0xa0, 0x20, 0x78, 0x20, 0x68, 0xe0, 0xd9, 0x80, 0xb0,
  0x80, 0xe1, 0x80, 0xe9, 0x00, 0xd9, 0x60, 0xb0, 0x80, 0xa8, 0x00, 0xc8, 0xa4, 0xea, 0xfc, 0xff,
  0x4e, 0xff, 0x0c, 0xff, 0x6a, 0xfe, 0xa8, 0xfd, 0xa4, 0xfa, 0x60, 0xf9, 0x02, 0xfa, 0x01, 0xfa,
  0xe1, 0xf9, 0x02, 0xfa, 0xe1, 0xf9, 0xc1, 0xf9, 0x21, 0xfa, 0x01, 0xfa, 0x80, 0xf9, 0x61, 0xfa,
  0x20, 0xfa, 0x20, 0xfa, 0x60, 0xfa, 0x81, 0xfa, 0x40, 0xfa, 0x40, 0xfa, 0x60, 0xfa, 0x21, 0xfc,
  0x24, 0xfe, 0x07, 0xff, 0x83, 0xfd, 0xa0, 0xf9, 0xc0, 0xf0, 0x00, 0xd1, 0x80, 0xb8, 0xa0, 0xe1,
  0x20, 0xc9, 0xa0, 0xb0, 0x00, 0xc9, 0x00, 0xc1, 0x60, 0xa0, 0xa0, 0xb0, 0xe0, 0xb8, 0xa0, 0xa8,
  0x80, 0x98, 0x40, 0x88, 0x40, 0x88, 0xc0, 0xa8, 0xa0, 0xa8, 0xa0, 0xa0, 0x40, 0x88, 0xa0, 0xa0,
  0x80, 0x90, 0xc0, 0xa8, 0xa0, 0xa0, 0xc0, 0xa8, 0xa0, 0xa0, 0x00, 0xb9, 0x20, 0xc1, 0x40, 0xd1,
  0x40, 0xc9, 0x00, 0xb9, 0x80, 0x98, 0xa0, 0xa8, 0xc0, 0xb8, 0x00, 0xc1, 0x60, 0xc9, 0x20, 0xc1,
  0x60, 0xd1, 0xa0, 0xd9, 0x60, 0xd1, 0x40, 0xc1, 0x80, 0x98, 0x60, 0x90, 0x20, 0x68, 0x40, 0x78,
  0xa0, 0xa0, 0xa0, 0x90, 0x60, 0x88, 0x60, 0x90, 0xe0, 0xc8, 0xc0, 0xc0, 0xc0, 0xd0, 0x80, 0xb8,
  0x80, 0xb8, 0x20, 0xa0, 0x00, 0x70, 0x00, 0x50, 0x00, 0x50, 0x40, 0x78, 0x40, 0x78, 0x60, 0x80,
  0x60, 0x78, 0x20, 0x68, 0x60, 0x70, 0x40, 0x68, 0x60, 0x60, 0x40, 0x60, 0x40, 0x60, 0x60, 0x60,
  0x60, 0x60, 0x60, 0x60, 0x80, 0x60, 0xa0, 0x68, 0x60, 0x68, 0xa0, 0x70, 0xc0, 0x60, 0xe0, 0x78,
  0x20, 0x69, 0x40, 0x79, 0x00, 0xf8, 0x00, 0x50, 0x00, 0x00, 0x00, 0xf8, 0x00, 0x00, 0x00, 0x00,
  0x00, 0x00, 0x00, 0x00, 0x00, 0x00, 0x00, 0x00, 0x00, 0x00, 0x00, 0x00, 0x00, 0x00, 0x00, 0x00,
  0x00, 0x00, 0x00, 0x00, 0x00, 0x00, 0x00, 0x00, 0x00, 0x00, 0x00, 0x00, 0x00, 0x00, 0x00, 0x00,
  0x00, 0x00, 0x00, 0x00, 0x00, 0x00, 0x00, 0x00, 0x00, 0x00, 0x00, 0x00, 0x00, 0x00, 0x00, 0x00,
  0x00, 0x00, 0x00, 0x00, 0x00, 0x00, 0x00, 0x00, 0x80, 0x58, 0xe0, 0x50, 0x00, 0x70, 0x00, 0x50,
  0x00, 0x00, 0x00, 0x78, 0x00, 0x00, 0x00, 0x00, 0x00, 0x00, 0x00, 0x00, 0x00, 0x00, 0x00, 0x78,
  0x00, 0x00, 0x00, 0x00, 0x00, 0x00, 0x00, 0x00, 0x00, 0x00, 0x00, 0x00, 0x00, 0x78, 0x00, 0x00,
  0x00, 0xf8, 0x00, 0x78, 0x00, 0x00, 0x00, 0x00, 0x00, 0x00, 0x00, 0x00, 0x00, 0x00, 0x00, 0x00,
  0x00, 0xf8, 0x00, 0x50, 0x00, 0x50, 0x00, 0xa8, 0x00, 0x00, 0xc0, 0x60, 0x40, 0x99, 0x40, 0x91,
  0x00, 0x38, 0x00, 0x00, 0xe0, 0x78, 0xc0, 0x70, 0xe0, 0x70, 0x00, 0x78, 0x00, 0x00, 0xa0, 0x52,
  0x00, 0x78, 0x00, 0x00, 0x00, 0xa8, 0x80, 0x99, 0x80, 0x99, 0x00, 0xf8, 0x00, 0x50, 0xe0, 0x79,
  0xa0, 0x90, 0x40, 0x79, 0xa0, 0x88, 0xc0, 0x80, 0xc0, 0x80, 0x00, 0x00, 0x00, 0x78, 0x00, 0x78,
  0x00, 0x78, 0x00, 0x98, 0xe0, 0x88, 0xc0, 0x78, 0x40, 0x79, 0xe0, 0x90, 0xa0, 0x80, 0x80, 0x80,
  0xa0, 0x88, 0xa0, 0x90, 0xc0, 0x90, 0xa0, 0x80, 0xa0, 0x88, 0xa0, 0x98, 0xe0, 0x90, 0xc0, 0x90,
  0x20, 0x91, 0x80, 0x98, 0x00, 0x00, 0x80, 0x80, 0x80, 0x80, 0x80, 0x80, 0xa0, 0x88, 0xe0, 0xb8,
  0xa0, 0x90, 0xe0, 0x90, 0xc0, 0x90, 0xa0, 0x88, 0xa0, 0xa0, 0x00, 0xa9, 0x20, 0xb1, 0xe0, 0xa0,
  0x80, 0xa0, 0x40, 0x90, 0x20, 0x78, 0x00, 0x60, 0x20, 0xa8, 0x20, 0xfa, 0xa0, 0xe1, 0xe0, 0xe0,
  0x80, 0xb8, 0xc0, 0xc0, 0x00, 0xd8, 0x4c, 0xfd, 0xfc, 0xff, 0xcb, 0xfe, 0x91, 0xff, 0xe9, 0xfb,
  0x02, 0xfb, 0x64, 0xfb, 0x02, 0xfa, 0x62, 0xfa, 0x43, 0xfb, 0x41, 0xfa, 0x80, 0xf9, 0x21, 0xfa,
  0x21, 0xfa, 0x81, 0xfa, 0x21, 0xfa, 0x81, 0xf1, 0x40, 0xf9, 0x62, 0xfa, 0x22, 0xfa, 0xa0, 0xf1,
  0xa0, 0xfa, 0x80, 0xfa, 0x40, 0xfa, 0x60, 0xfa, 0x60, 0xfb, 0x81, 0xfd, 0xa6, 0xfe, 0x47, 0xff,
  0x80, 0xf9, 0xe0, 0xe8, 0xa0, 0xc0, 0xe0, 0xc8, 0x20, 0xf2, 0x60, 0xa0, 0x20, 0xc9, 0x20, 0xd1,
  0xa0, 0xb0, 0xa0, 0xa8, 0x40, 0x88, 0xe0, 0xb0, 0xe0, 0xb0, 0xa0, 0xa8, 0x80, 0x98, 0xc0, 0xa8,
  0xa0, 0xa0, 0xa0, 0xa0, 0x80, 0x98, 0xc0, 0xa8, 0x40, 0xc1, 0xc0, 0xa0, 0x60, 0x90, 0x00, 0xb9,
  0xc0, 0xb0, 0x80, 0xd1, 0xa0, 0xd9, 0xe0, 0xb0, 0x60, 0x90, 0x60, 0x90, 0xa0, 0x98, 0xc0, 0xb0,
  0x80, 0xa8, 0xc0, 0xb8, 0x60, 0xd1, 0x80, 0xd1, 0xa0, 0xd1, 0xc0, 0xd1, 0x00, 0xa9, 0x80, 0x98,
  0x80, 0x90, 0xc0, 0xa0, 0xc0, 0xa0, 0x80, 0x88, 0x20, 0x60, 0x80, 0x80, 0x80, 0x80, 0x60, 0x68,
  0xa0, 0x90, 0x60, 0x88, 0x20, 0x60, 0x60, 0xd9, 0x40, 0xd1, 0x80, 0xa0, 0x20, 0x68, 0x20, 0x60,
  0x60, 0x80, 0x20, 0x60, 0x40, 0x60, 0x40, 0x68, 0x40, 0x68, 0x40, 0x68, 0x40, 0x60, 0x40, 0x60,
  0x60, 0x68, 0x60, 0x60, 0x80, 0x60, 0x60, 0x68, 0x80, 0x68, 0x80, 0x68, 0xa0, 0x68, 0xa0, 0x68,
  0x80, 0x70, 0xa0, 0x68, 0xa0, 0x68, 0xe0, 0x70, 0xe0, 0x70, 0x00, 0x78, 0x00, 0x50, 0x00, 0x50,
  0x00, 0x78, 0x00, 0x00, 0x00, 0x00, 0x00, 0x78, 0x00, 0x00, 0x00, 0xf8, 0x00, 0x00, 0x00, 0x00,
  0x00, 0x00, 0x00, 0x00, 0x00, 0x00, 0x00, 0x00, 0x00, 0x00, 0x00, 0x00, 0x00, 0x00, 0x00, 0x00,
  0x00, 0x00, 0x00, 0x00, 0x00, 0x00, 0x00, 0x00, 0x00, 0x00, 0x00, 0x00, 0x00, 0x00, 0x00, 0x00,
  0x00, 0x00, 0x00, 0x00, 0x00, 0x00, 0x00, 0x00, 0x00, 0x00, 0x00, 0x00, 0x00, 0x00, 0x00, 0x30,
  0xe0, 0x60, 0xa0, 0x60, 0xa0, 0x68, 0xa0, 0x68, 0xc0, 0x60, 0x00, 0x00, 0x00, 0x00, 0xc0, 0x60,
  0x00, 0xa8, 0x00, 0x00, 0x00, 0x00, 0x00, 0x00, 0x00, 0x00, 0x00, 0x00, 0x00, 0x00, 0x00, 0x00,
  0x00, 0x00, 0x00, 0x00, 0x00, 0x78, 0x00, 0x00, 0x00, 0x00, 0x00, 0x78, 0x00, 0xa8, 0x00, 0x00,
  0x00, 0x00, 0x00, 0x00, 0x00, 0x00, 0x00, 0x00, 0x00, 0x00, 0x00, 0x00, 0x00, 0x00, 0x00, 0x00,
  0x00, 0x00, 0x00, 0x00, 0x00, 0x00, 0x81, 0x68, 0xe0, 0x60, 0x00, 0x00, 0x00, 0x78, 0xc0, 0x78,
  0xa0, 0x70, 0xe0, 0x78, 0x20, 0x69, 0x00, 0xf8, 0x00, 0x78, 0x00, 0x50, 0xe0, 0x79, 0xc0, 0x78,
  0x00, 0x68, 0x40, 0x79, 0x00, 0x00, 0x00, 0xf8, 0x00, 0xa8, 0xa0, 0xaa, 0x00, 0x00, 0xe0, 0x78,
  0x00, 0x89, 0x80, 0x99, 0x00, 0x98, 0x00, 0x78, 0x00, 0x78, 0x00, 0x89, 0x20, 0x91, 0x80, 0x88,
  0xe0, 0x78, 0xe0, 0xb9, 0xc0, 0x90, 0xa0, 0x88, 0xe0, 0xa0, 0x20, 0xa9, 0xc0, 0x90, 0xa0, 0x90,
  0xc0, 0x88, 0xc0, 0x90, 0xc0, 0x90, 0xc0, 0x90, 0xc0, 0x90, 0xc0, 0x90, 0x80, 0x88, 0x80, 0x80,
  0xa0, 0x90, 0x60, 0x80, 0xc0, 0x90, 0xc0, 0x90, 0x60, 0x90, 0x00, 0x99, 0xa0, 0x90, 0xc0, 0x98,
  0xa0, 0x90, 0xa0, 0x98, 0x80, 0x90, 0x40, 0x80, 0x60, 0x80, 0x80, 0x98, 0x40, 0x90, 0x20, 0x80,
  0x20, 0x88, 0xa0, 0xc0, 0xe0, 0xf9, 0x40, 0xe1, 0xc0, 0xd0, 0x60, 0xb0, 0x60, 0xc0, 0x40, 0xe0,
  0x11, 0xfe, 0xfb, 0xff, 0xed, 0xfe, 0xaa, 0xfd, 0x05, 0xfb, 0x03, 0xfa, 0x04, 0xfb, 0x04, 0xfb,
  0x02, 0xfa, 0xc2, 0xfa, 0xe2, 0xfa, 0x62, 0xfa, 0xa2, 0xfa, 0xe1, 0xfa, 0x81, 0xfa, 0xe0, 0xf9,
  0x40, 0xf9, 0x80, 0xf9, 0x01, 0xfb, 0x21, 0xfa, 0x80, 0xf9, 0x60, 0xfb, 0x40, 0xfc, 0xe0, 0xfa,
  0xc0, 0xfa, 0xc0, 0xfc, 0xe1, 0xfc, 0xe1, 0xfc, 0x25, 0xff, 0x80, 0xfa, 0xc0, 0xe8, 0xa0, 0xc0,
  0x20, 0xd9, 0xa0, 0xe1, 0x80, 0xa8, 0x40, 0xd1, 0x00, 0xc9, 0x00, 0xc1, 0x80, 0xa0, 0xa0, 0xa0,
  0x00, 0xb9, 0xa0, 0xb0, 0xc0, 0xb0, 0xa0, 0xa0, 0xe0, 0xb0, 0x60, 0x98, 0x40, 0x90, 0xc0, 0xb0,
  0xa0, 0xa0, 0x60, 0x90, 0xc0, 0xa8, 0xc0, 0xb0, 0x00, 0xb9, 0x00, 0xb9, 0xc0, 0xd1, 0x20, 0xc1,
  0xa0, 0xa0, 0x60, 0x98, 0x40, 0x98, 0xc0, 0xb8, 0x20, 0xc9, 0x80, 0xd1, 0xa0, 0xe1, 0x40, 0xd1,
  0x80, 0xd9, 0x00, 0xa9, 0x20, 0x78, 0x40, 0x80, 0x80, 0x88, 0xa0, 0x98, 0x20, 0x78, 0x00, 0x58,
  0x40, 0x78, 0x80, 0x90, 0xa0, 0x90, 0xc0, 0xa8, 0x00, 0xa9, 0x80, 0x90, 0x40, 0x78, 0x40, 0x78,
  0xe0, 0xa8, 0x80, 0x80, 0x00, 0x58, 0x20, 0x58, 0x00, 0x50, 0x20, 0x68, 0x80, 0x80, 0x40, 0x68,
  0x40, 0x68, 0x40, 0x68, 0x40, 0x60, 0x40, 0x60, 0x60, 0x68, 0x80, 0x68, 0x60, 0x68, 0x80, 0x68,
  0x80, 0x68, 0x80, 0x70, 0x60, 0x78, 0x40, 0x60, 0xa0, 0x68, 0xc0, 0x70, 0xa0, 0x60, 0xa0, 0x60,
  0xe0, 0x70, 0xe0, 0x70, 0x00, 0x00, 0x00, 0x48, 0x80, 0x61, 0x00, 0x00, 0x00, 0x78, 0x00, 0x00,
  0x00, 0xf8, 0x00, 0x00, 0x00, 0x00, 0x00, 0x00, 0x00, 0x00, 0x00, 0x00, 0x00, 0x00, 0x00, 0x00,
  0x00, 0x00, 0x00, 0x00, 0x00, 0x00, 0x00, 0x00, 0x00, 0x00, 0x00, 0x00, 0x00, 0x00, 0x00, 0x00,
  0x00, 0x00, 0x00, 0x00, 0x00, 0x50, 0x00, 0x00, 0x00, 0x00, 0x00, 0x00, 0x00, 0x00, 0x00, 0x00,
  0x00, 0x00, 0x00, 0x00, 0x00, 0x00, 0x00, 0x00, 0x80, 0x60, 0xa0, 0x60, 0xc0, 0x60, 0xa0, 0x68,
  0xa0, 0x70, 0x80, 0x60, 0xa0, 0x58, 0xc0, 0x60, 0xc0, 0x60, 0xc0, 0x60, 0x00, 0x00, 0x00, 0x00,
  0x00, 0x00, 0x00, 0x00, 0x00, 0x00, 0x00, 0x00, 0x00, 0x00, 0x00, 0x00, 0x00, 0x00, 0x00, 0x00,
  0x00, 0x00, 0x00, 0x00, 0x00, 0x00, 0x00, 0x50, 0x00, 0x00, 0x00, 0x00, 0x00, 0x00, 0x00, 0x00,
  0x00, 0x00, 0x00, 0x00, 0x00, 0x00, 0x00, 0x00, 0x00, 0x00, 0x00, 0x00, 0x00, 0x00, 0x00, 0xa8,
  0xe0, 0x78, 0xa0, 0x78, 0x00, 0x00, 0x00, 0x78, 0xc0, 0x60, 0x00, 0x00, 0xe0, 0x78, 0xa0, 0x70,
  0x80, 0x61, 0x00, 0x50, 0x00, 0x00, 0x00, 0xf8, 0x80, 0x99, 0xc0, 0x78, 0x00, 0x00, 0x80, 0x61,
  0x20, 0x91, 0x00, 0x78, 0x00, 0x00, 0x00, 0xa8, 0x00, 0x50, 0x00, 0x00, 0x00, 0xf8, 0x00, 0x98,
  0xe0, 0x79, 0xc0, 0x78, 0xe0, 0x90, 0x40, 0xd1, 0xe0, 0x88, 0x20, 0x89, 0xe0, 0x98, 0xa0, 0x80,
  0xc0, 0x90, 0xe0, 0xa0, 0xc0, 0x98, 0xa0, 0x88, 0xa0, 0x88, 0xc0, 0x90, 0xc0, 0x90, 0xa0, 0x88,
  0xc0, 0x88, 0xa0, 0x88, 0xc0, 0x88, 0xa0, 0x88, 0x80, 0x80, 0xe0, 0x88, 0xa0, 0x90, 0xe0, 0x90,
  0xe0, 0x90, 0x80, 0x88, 0xc0, 0x98, 0xc0, 0x98, 0xe0, 0x98, 0xc0, 0x98, 0xc0, 0x90, 0x60, 0x88,
  0x40, 0x80, 0x80, 0x88, 0xa0, 0xa0, 0x00, 0x70, 0x40, 0x88, 0x40, 0x98, 0x40, 0xd9, 0xc0, 0xf9,
  0x00, 0xe1, 0xa0, 0xc8, 0x60, 0xb0, 0x20, 0xc8, 0x60, 0xe9, 0xb4, 0xff, 0xf9, 0xff, 0x2e, 0xff,
  0x04, 0xfc, 0xe0, 0xf8, 0x01, 0xf9, 0x81, 0xf9, 0x61, 0xf9, 0xc1, 0xf9, 0xe1, 0xf9, 0x42, 0xfa,
  0x44, 0xfb, 0xc2, 0xfa, 0x00, 0xfa, 0xa1, 0xfa, 0xc0, 0xfa, 0x80, 0xfa, 0xc0, 0xfa, 0x60, 0xfb,
  0x00, 0xfc, 0x80, 0xfb, 0x00, 0xfb, 0xc0, 0xfa, 0x40, 0xfa, 0x20, 0xfa, 0xa0, 0xfc, 0x20, 0xfd,
  0xe0, 0xfc, 0x26, 0xff, 0x81, 0xfa, 0x40, 0xf0, 0xc0, 0xd0, 0x40, 0xd9, 0xa0, 0xe9, 0xc0, 0xc0,
  0x20, 0xd1, 0xc0, 0xb0, 0xc0, 0xb0, 0xc0, 0xb0, 0xe0, 0xb0, 0xc0, 0xb0, 0x00, 0xc1, 0xe0, 0xb0,
  0xa0, 0xa0, 0x40, 0xc9, 0xc0, 0xb0, 0x80, 0x98, 0xa0, 0xa0, 0x40, 0x98, 0x80, 0xa8, 0x20, 0xc1,
  0x80, 0xd1, 0xc0, 0xb8, 0x60, 0xd1, 0xc0, 0xd1, 0xc0, 0xc8, 0x60, 0xc0, 0x60, 0xc9, 0x20, 0xe2,
  0x00, 0xe2, 0xe0, 0xe1, 0xc0, 0xd9, 0x20, 0xc9, 0xe0, 0xb8, 0x80, 0x98, 0x40, 0x88, 0x40, 0x88,
  0x20, 0x80, 0x40, 0x80, 0xa0, 0x98, 0x40, 0xa1, 0x00, 0xb1, 0x80, 0xa0, 0x80, 0xa0, 0x60, 0x88,
  0x20, 0x68, 0x20, 0x68, 0xa0, 0xa0, 0x80, 0x78, 0x20, 0x58, 0x00, 0x58, 0x60, 0x80, 0x20, 0x68,
  0x20, 0x88, 0x80, 0xc9, 0xa0, 0x98, 0x60, 0x90, 0x60, 0x70, 0x40, 0x68, 0x40, 0x68, 0x60, 0x68,
  0x80, 0x70, 0x60, 0x70, 0x80, 0x68, 0xa0, 0x70, 0xa0, 0x70, 0x80, 0x70, 0x80, 0x70, 0xc0, 0x78,
  0x40, 0x68, 0xc0, 0x68, 0xc0, 0x60, 0xa0, 0x60, 0xa0, 0x60, 0xa0, 0x60, 0xe0, 0x68, 0x80, 0x61,
  0x00, 0x50, 0x00, 0x38, 0x00, 0x00, 0x00, 0x78, 0x00, 0x00, 0x00, 0x78, 0x40, 0x51, 0x00, 0xf8,
  0x00, 0x00, 0x00, 0x00, 0x00, 0x00, 0x00, 0x00, 0x00, 0x00, 0x00, 0x00, 0x00, 0x00, 0x00, 0x00,
  0x00, 0x00, 0x00, 0x00, 0x00, 0x00, 0x00, 0x00, 0x00, 0x00, 0x00, 0x00, 0x00, 0x00, 0x00, 0x50,
  0x80, 0x61, 0x00, 0x00, 0x00, 0x00, 0x20, 0x49, 0x00, 0x00, 0x00, 0x00, 0x00, 0x00, 0x00, 0x00,
  0x00, 0x58, 0xa0, 0x58, 0xc0, 0x60, 0xa0, 0x60, 0xa0, 0x70, 0xe0, 0x80, 0xc0, 0x78, 0xc0, 0x70,
  0xc0, 0x70, 0xe0, 0x58, 0xc0, 0x60, 0x00, 0x00, 0x00, 0x00, 0x00, 0x00, 0x00, 0x00, 0x00, 0x00,
  0x00, 0x00, 0x00, 0x00, 0x00, 0x00, 0x00, 0x78, 0x00, 0x00, 0xc0, 0x60, 0xa0, 0x60, 0x00, 0x00,
  0x00, 0x78, 0x00, 0x00, 0x00, 0x00, 0x00, 0x00, 0x00, 0x00, 0x00, 0x00, 0x00, 0x00, 0x00, 0x00,
  0x00, 0x00, 0x00, 0x00, 0x00, 0x00, 0x00, 0x00, 0x80, 0x61, 0xc0, 0x70, 0xe0, 0x70, 0x00, 0x38,
  0x40, 0x79, 0xc0, 0x78, 0x20, 0x91, 0xe0, 0x70, 0x40, 0x79, 0xe0, 0x07, 0x80, 0x61, 0x00, 0x78,
  0x00, 0x50, 0x00, 0x00, 0xc0, 0x78, 0xc0, 0x78, 0xc0, 0x78, 0x20, 0x89, 0x00, 0x89, 0xc0, 0x80,
  0xc0, 0x80, 0x00, 0x78, 0x00, 0x78, 0x00, 0x00, 0x00, 0x00, 0x00, 0x90, 0x40, 0xa9, 0xa0, 0x78,
  0xa0, 0x78, 0xe0, 0x88, 0xc0, 0x88, 0xc0, 0x88, 0x40, 0x89, 0xc0, 0x80, 0xc0, 0x90, 0x80, 0x88,
  0xa0, 0x88, 0xa0, 0x80, 0xc0, 0x88, 0xe0, 0xa0, 0xe0, 0x98, 0xe0, 0x98, 0xc0, 0x90, 0xc0, 0x90,
  0xe0, 0xa0, 0xe0, 0x98, 0x80, 0x98, 0xe0, 0x90, 0x80, 0x98, 0x00, 0xa1, 0xa0, 0x88, 0x80, 0x80,
  0xa0, 0x98, 0xe0, 0xa0, 0xe0, 0xa0, 0xc0, 0xa0, 0x20, 0xb1, 0x20, 0xb9, 0x60, 0xd9, 0xa0, 0x88,
  0x40, 0x80, 0x40, 0x90, 0x40, 0x98, 0x40, 0xd9, 0x80, 0xf1, 0xe0, 0xe0, 0xa0, 0xc0, 0x80, 0xb0,
  0x40, 0xd8, 0x02, 0xea, 0xf4, 0xff, 0xb4, 0xff, 0x70, 0xff, 0xa6, 0xfc, 0xa2, 0xf9, 0x61, 0xf9,
  0xa4, 0xfa, 0x83, 0xfa, 0xc1, 0xf9, 0x01, 0xfa, 0x41, 0xfa, 0xa4, 0xfb, 0xe2, 0xfa, 0x00, 0xfa,
  0x20, 0xfa, 0xc0, 0xfa, 0x00, 0xfc, 0x60, 0xfb, 0x20, 0xfb, 0xe0, 0xfa, 0xa0, 0xfa, 0xa0, 0xfb,
  0xc0, 0xfb, 0x00, 0xfc, 0x80, 0xfb, 0x00, 0xfb, 0xe0, 0xfc, 0xc1, 0xfd, 0xe4, 0xfe, 0xe1, 0xfc,
  0x60, 0xf2, 0x20, 0xe9, 0xa0, 0xe9, 0xc0, 0xe9, 0x00, 0xc9, 0xe0, 0xc0, 0x40, 0xd1, 0xe0, 0xb0,
  0xa0, 0xa8, 0x80, 0xa0, 0x00, 0xb9, 0xe0, 0xb8, 0x60, 0xd1, 0xc0, 0xa8, 0x40, 0xc9, 0x00, 0xb9,
  0x20, 0xc9, 0x60, 0xb0, 0x80, 0xd1, 0x20, 0xfb, 0x20, 0xea, 0x60, 0xe1, 0x60, 0xd9, 0xc0, 0xc0,
  0x80, 0xb8, 0xc0, 0xd9, 0x20, 0xf3, 0xa0, 0xfb, 0x20, 0xfb, 0x60, 0xf2, 0xc0, 0xd9, 0x20, 0xc9,
  0xe0, 0xb0, 0x60, 0x90, 0x40, 0x80, 0x80, 0x90, 0x00, 0xa9, 0x40, 0xb1, 0xc0, 0x90, 0x20, 0xc1,
  0xe0, 0xe2, 0x40, 0xa9, 0x80, 0xa8, 0x80, 0x98, 0x20, 0x70, 0x20, 0x60, 0x40, 0x80, 0x60, 0x80,
  0x60, 0x78, 0x20, 0x68, 0x60, 0x80, 0xa0, 0x90, 0x40, 0x80, 0x00, 0xc1, 0xc0, 0xfb, 0x60, 0xeb,
  0x20, 0x88, 0x40, 0x60, 0x60, 0x70, 0x80, 0x78, 0x40, 0x78, 0x60, 0x70, 0x80, 0x70, 0xa0, 0x68,
  0xa0, 0x78, 0xa0, 0x70, 0x80, 0x70, 0xe0, 0x70, 0xc0, 0x70, 0xc0, 0x68, 0x60, 0x68, 0x00, 0x00,
  0xa0, 0x68, 0xc0, 0x60, 0xa0, 0x70, 0x00, 0x78, 0x00, 0x00, 0x00, 0x00, 0x00, 0x00, 0x00, 0x00,
  0x00, 0x00, 0x00, 0x00, 0x00, 0x00, 0xe0, 0x79, 0x00, 0x00, 0x00, 0xf8, 0xe0, 0x7b, 0x00, 0x00,
  0x00, 0x00, 0x00, 0x00, 0x00, 0x00, 0x00, 0x50, 0x00, 0x00, 0x00, 0x00, 0x00, 0x00, 0x00, 0x00,
  0x00, 0x00, 0x00, 0x00, 0x00, 0x00, 0x00, 0x00, 0x00, 0x00, 0x00, 0x00, 0x00, 0x00, 0x00, 0x00,
  0x00, 0x00, 0x00, 0x00, 0x00, 0x00, 0x00, 0x00, 0x00, 0x38, 0xe0, 0x58, 0xc0, 0x50, 0xa0, 0x68,
  0xc0, 0x70, 0xc0, 0x70, 0xe0, 0x80, 0x00, 0x89, 0xc0, 0x70, 0xa0, 0x68, 0x00, 0x00, 0x00, 0x00,
  0x00, 0x78, 0x00, 0x00, 0x00, 0x00, 0x00, 0x00, 0x00, 0x00, 0x00, 0x00, 0x00, 0x00, 0x00, 0x00,
  0x00, 0x50, 0x00, 0x00, 0xa0, 0x60, 0xa0, 0x60, 0xc0, 0x58, 0x00, 0x00, 0x00, 0x00, 0x00, 0x00,
  0x00, 0x00, 0x00, 0x00, 0x00, 0x00, 0x00, 0x00, 0x00, 0x00, 0x00, 0x00, 0x00, 0x00, 0x00, 0x00,
  0x00, 0x00, 0x40, 0x51, 0x80, 0x61, 0xe0, 0x79, 0x00, 0x78, 0x00, 0x78, 0xe0, 0x78, 0x80, 0x61,
  0x40, 0x79, 0xa0, 0x78, 0xe0, 0x78, 0xe0, 0x79, 0xe0, 0x88, 0x60, 0x71, 0x20, 0x91, 0xe0, 0x78,
  0xc0, 0x78, 0xa0, 0x78, 0x00, 0x60, 0xe0, 0x88, 0xc0, 0x80, 0xc0, 0x80, 0xa0, 0x88, 0x00, 0x50,
  0x80, 0x99, 0x00, 0x98, 0x00, 0x98, 0x40, 0xa9, 0xa0, 0x80, 0xa0, 0x78, 0xa0, 0x88, 0x80, 0x88,
  0xa0, 0x90, 0xe0, 0x78, 0xa0, 0x88, 0xa0, 0x80, 0xe0, 0xa0, 0xc0, 0x90, 0xa0, 0x88, 0xa0, 0x80,
  0xc0, 0x98, 0xc0, 0x98, 0xc0, 0x90, 0xc0, 0x98, 0xc0, 0x90, 0xe0, 0x90, 0xc0, 0x88, 0xe0, 0x78,
  0x00, 0x78, 0x00, 0x50, 0x00, 0x99, 0x80, 0x90, 0x80, 0x88, 0x40, 0x78, 0xc0, 0xa0, 0x80, 0x90,
  0xc0, 0x98, 0x80, 0x90, 0x40, 0x88, 0x60, 0x88, 0xa0, 0x98, 0x60, 0x98, 0x20, 0x80, 0x80, 0xb0,
  0x20, 0xd9, 0x60, 0xfa, 0xc0, 0xd8, 0x80, 0xb8, 0x80, 0xb8, 0x20, 0xd8, 0x83, 0xf2, 0xb0, 0xff,
  0x2f, 0xff, 0xae, 0xfe, 0xc7, 0xfc, 0x4a, 0xfd, 0xe4, 0xfa, 0xe4, 0xfa, 0x83, 0xfa, 0xc1, 0xf9,
  0x61, 0xfa, 0x81, 0xfa, 0xe2, 0xfa, 0x81, 0xfa, 0xa0, 0xfa, 0xc1, 0xfa, 0xa0, 0xfa, 0x20, 0xfb,
  0xc0, 0xfa, 0x80, 0xfa, 0xa0, 0xfb, 0x81, 0xfc, 0x60, 0xfc, 0xa0, 0xfc, 0x21, 0xfd, 0xc1, 0xfd,
  0xa1, 0xfd, 0xc0, 0xfc, 0x01, 0xfe, 0xe0, 0xfd, 0xc1, 0xfe, 0xc0, 0xfe, 0x00, 0xfc, 0xe0, 0xf1,
  0xc0, 0xe9, 0x00, 0xd1, 0x00, 0xc9, 0x00, 0xc9, 0xe0, 0xc0, 0xa0, 0xa0, 0xc0, 0xa8, 0xa0, 0xd9,
  0x20, 0xb9, 0x20, 0xc1, 0x80, 0xd9, 0x20, 0xc9, 0xe0, 0xd9, 0x20, 0xd1, 0x60, 0xd9, 0x60, 0xf2,
  0xa0, 0xd9, 0xe0, 0xd0, 0xe0, 0xe9, 0x80, 0xe9, 0x40, 0xd9, 0xe0, 0xf2, 0x20, 0xfd, 0x20, 0xf4,
  0xa0, 0xe1, 0x20, 0xea, 0x20, 0xc9, 0xa0, 0xb8, 0xa0, 0xa0, 0x60, 0x90, 0x60, 0x90, 0x80, 0x98,
  0xa0, 0x98, 0xe0, 0xa8, 0x00, 0xa9, 0x80, 0x90, 0x80, 0x88, 0x20, 0x88, 0x00, 0x70, 0x60, 0x88,
  0x80, 0x88, 0x60, 0x80, 0x80, 0x88, 0x80, 0x80, 0x60, 0x80, 0x40, 0x70, 0x20, 0x70, 0x40, 0x78,
  0x40, 0x70, 0x40, 0x60, 0x80, 0xa0, 0xe0, 0xd0, 0xc0, 0xe1, 0xe0, 0xa8, 0x60, 0x78, 0x60, 0x78,
  0x60, 0x70, 0x60, 0x78, 0x80, 0x78, 0x80, 0x70, 0xa0, 0x78, 0x60, 0x70, 0x60, 0x78, 0xa0, 0x70,
  0xa0, 0x68, 0xc0, 0x68, 0x00, 0x61, 0xa0, 0x68, 0x00, 0x60, 0xa0, 0x68, 0xa0, 0x58, 0x00, 0x00,
  0x00, 0x00, 0x00, 0xf8, 0x00, 0x00, 0x00, 0x00, 0x00, 0x00, 0x00, 0x00, 0x00, 0x00, 0x00, 0x00,
  0x00, 0x00, 0x00, 0x00, 0x00, 0x00, 0x00, 0x00, 0x00, 0x00, 0x00, 0x00, 0x00, 0x00, 0x00, 0x00,
  0xc0, 0x48, 0x60, 0x58, 0x00, 0x00, 0x00, 0x00, 0x00, 0x00, 0x00, 0x00, 0x00, 0x00, 0x00, 0x00,
  0x00, 0x00, 0x00, 0x00, 0x00, 0x00, 0x00, 0x00, 0x00, 0x00, 0x00, 0x00, 0x00, 0x00, 0x00, 0x00,
  0x00, 0x00, 0x00, 0x78, 0x00, 0x50, 0x80, 0x58, 0xa0, 0x58, 0xc0, 0x70, 0xc0, 0x70, 0xa0, 0x60,
  0xc0, 0x60, 0x80, 0x58, 0x60, 0x68, 0xe0, 0x58, 0x00, 0x00, 0x00, 0x50, 0x00, 0x00, 0x00, 0x00,
  0x00, 0x00, 0x00, 0x00, 0x00, 0xf8, 0x00, 0x00, 0x00, 0x00, 0x00, 0xf8, 0x00, 0x50, 0x00, 0x00,
  0xe0, 0x78, 0xc0, 0x68, 0x00, 0x00, 0x00, 0xa8, 0x00, 0x78, 0x00, 0x00, 0x00, 0x00, 0x00, 0xf8,
  0x00, 0x00, 0x00, 0x78, 0x40, 0x79, 0xc0, 0x68, 0xa0, 0x70, 0x00, 0xa8, 0x00, 0x78, 0x00, 0x78,
  0x00, 0x00, 0xa0, 0x52, 0xe0, 0x70, 0xc0, 0x78, 0x80, 0x70, 0xa1, 0x70, 0x00, 0x78, 0x00, 0x60,
  0x00, 0xf8, 0x00, 0x78, 0x00, 0x78, 0x40, 0x79, 0x00, 0x00, 0x00, 0x00, 0xe0, 0x7b, 0x00, 0xa8,
  0x00, 0x00, 0x00, 0x00, 0x00, 0xf8, 0xc0, 0x78, 0x00, 0x78, 0x00, 0x78, 0x40, 0x79, 0xe0, 0xff,
  0xc0, 0x88, 0xa0, 0x80, 0xa0, 0x80, 0xc0, 0x98, 0xa0, 0x88, 0xe0, 0x88, 0xe0, 0x79, 0xc0, 0x98,
  0xc0, 0x88, 0xa0, 0x90, 0xc0, 0x90, 0xa0, 0x90, 0xc0, 0x88, 0xc0, 0x90, 0x00, 0x91, 0x20, 0x91,
  0xa0, 0x98, 0xc0, 0x98, 0x00, 0x99, 0xa0, 0xa8, 0xa0, 0xa0, 0xe0, 0x98, 0x80, 0x88, 0xa0, 0x98,
  0xa0, 0x98, 0xe0, 0xa8, 0xc0, 0x98, 0xa0, 0x98, 0xc0, 0xa0, 0x80, 0x98, 0xc0, 0xb8, 0xe0, 0xa8,
  0x40, 0x88, 0x20, 0x78, 0x20, 0x70, 0x60, 0x90, 0x00, 0xa0, 0x20, 0xd2, 0x60, 0xfb, 0x60, 0xc0,
  0xa0, 0xd0, 0xa0, 0xd8, 0x00, 0xd8, 0x67, 0xfc, 0x8f, 0xff, 0x08, 0xff, 0x08, 0xfe, 0xc2, 0xfa,
  0x21, 0xfa, 0x22, 0xfa, 0xe2, 0xf9, 0xe2, 0xf9, 0x02, 0xfa, 0x04, 0xfb, 0xe1, 0xf9, 0x60, 0xf9,
  0xc0, 0xf9, 0xe0, 0xf9, 0x41, 0xfa, 0x40, 0xfa, 0x20, 0xfa, 0x40, 0xfa, 0x40, 0xfb, 0x41, 0xfd,
  0xa0, 0xfc, 0x41, 0xfb, 0x85, 0xfd, 0x03, 0xfd, 0xa1, 0xfc, 0xe4, 0xfe, 0xc2, 0xfd, 0x40, 0xfd,
  0xa1, 0xfd, 0x61, 0xfe, 0x81, 0xfe, 0x00, 0xfd, 0x60, 0xfa, 0x00, 0xf1, 0x80, 0xf1, 0x40, 0xe9,
  0x80, 0xe1, 0x60, 0xd9, 0x20, 0xea, 0x20, 0xea, 0x40, 0xd1, 0xe0, 0xe1, 0x00, 0xc9, 0x00, 0xc9,
  0xc0, 0xe1, 0x20, 0xf3, 0xa0, 0xd0, 0x00, 0xea, 0x60, 0xfb, 0x40, 0xf2, 0x20, 0xea, 0x20, 0xfb,
  0x60, 0xf1, 0xc0, 0xf2, 0xe0, 0xfc, 0xc0, 0xfb, 0xe0, 0xf2, 0xa0, 0xd1, 0x40, 0xa0, 0xa0, 0xb0,
  0xe0, 0xb8, 0x80, 0xa0, 0x60, 0x90, 0x40, 0x80, 0x60, 0x88, 0x60, 0x88, 0x60, 0x80, 0x60, 0x90,
  0x40, 0x80, 0x20, 0x78, 0x60, 0x88, 0x80, 0x98, 0xc0, 0x90, 0x80, 0x80, 0x60, 0x78, 0x60, 0x78,
  0xa0, 0x90, 0x80, 0x68, 0x20, 0x50, 0x00, 0x50, 0x20, 0x60, 0x40, 0x60, 0x40, 0x60, 0x60, 0x88,
  0x20, 0x80, 0xe0, 0xb0, 0xe0, 0xf1, 0x80, 0x70, 0x80, 0x78, 0x60, 0x70, 0x60, 0x68, 0x80, 0x70,
  0x60, 0x70, 0xe0, 0x80, 0xa0, 0x68, 0xa0, 0x60, 0x80, 0x68, 0x80, 0x68, 0x80, 0x68, 0xe0, 0x68,
  0x80, 0x68, 0xe0, 0x88, 0x00, 0xa8, 0x00, 0x00, 0x00, 0x78, 0x00, 0x00, 0x00, 0x00, 0x00, 0xa8,
  0x00, 0xf8, 0x00, 0x00, 0x00, 0x00, 0x00, 0x00, 0x00, 0x00, 0x00, 0x00, 0x00, 0x00, 0x00, 0x00,
  0x00, 0x00, 0x00, 0x00, 0x00, 0x00, 0x00, 0x00, 0x20, 0x49, 0xe0, 0x60, 0xc0, 0x60, 0x00, 0x00,
  0x00, 0x78, 0x00, 0x00, 0x00, 0x00, 0x00, 0x00, 0x00, 0x00, 0x00, 0x00, 0x80, 0x61, 0x00, 0x78,
  0x00, 0x00, 0x00, 0x00, 0x00, 0x00, 0x00, 0x00, 0x00, 0x00, 0x00, 0x00, 0x00, 0x00, 0x00, 0x00,
  0x00, 0x38, 0xe0, 0x58, 0xc0, 0x68, 0xc0, 0x68, 0xa0, 0x58, 0xa0, 0x58, 0xa0, 0x68, 0xe0, 0x58,
  0x80, 0x99, 0x00, 0x00, 0x00, 0x00, 0x00, 0x00, 0x00, 0x00, 0x00, 0x00, 0x00, 0x00, 0x00, 0x00,
  0x00, 0x00, 0x00, 0x00, 0x00, 0x78, 0x40, 0x51, 0x80, 0x58, 0xc0, 0x70, 0x00, 0x71, 0x00, 0x00,
  0x00, 0x78, 0x00, 0x00, 0x00, 0x00, 0x00, 0x00, 0x00, 0x00, 0x00, 0x00, 0x00, 0x00, 0xa0, 0x70,
  0xc0, 0x60, 0xc0, 0x68, 0x80, 0x68, 0x00, 0x78, 0x00, 0x78, 0x00, 0x68, 0xc0, 0x78, 0xc0, 0x70,
  0xa0, 0x70, 0xa0, 0x70, 0xc0, 0x70, 0xe0, 0x78, 0xa0, 0x68, 0xc0, 0x78, 0xc0, 0x70, 0xc0, 0x78,
  0x00, 0x71, 0x00, 0xb8, 0x00, 0x78, 0x00, 0x00, 0x00, 0x00, 0x00, 0x78, 0x20, 0x91, 0xe0, 0x88,
  0x20, 0x91, 0xe0, 0x88, 0x60, 0x78, 0x00, 0x81, 0xc0, 0x90, 0xa0, 0x88, 0xc0, 0x80, 0xc0, 0x88,
  0xc0, 0x90, 0xa0, 0x80, 0xc0, 0x88, 0x40, 0x92, 0xc0, 0x78, 0x20, 0x91, 0xe0, 0x98, 0xc0, 0x98,
  0xe0, 0x90, 0x40, 0x91, 0x80, 0x88, 0xe0, 0x98, 0x20, 0xa1, 0xe0, 0x98, 0x40, 0xa1, 0xa0, 0x98,
  0xe0, 0xa8, 0xe0, 0xa0, 0xc0, 0x90, 0x40, 0xb2, 0xa0, 0xa0, 0x00, 0xb1, 0xa0, 0x98, 0x60, 0x88,
  0x80, 0x80, 0xa0, 0xa0, 0xe0, 0xc9, 0xa0, 0xda, 0xa0, 0xb8, 0x80, 0xb0, 0x00, 0x68, 0x20, 0x78,
  0x80, 0x98, 0x00, 0x90, 0xc0, 0xea, 0x40, 0xf2, 0x80, 0xc0, 0x80, 0xc8, 0xa0, 0xd0, 0x00, 0xd8,
  0x2b, 0xfe, 0x51, 0xff, 0x86, 0xfe, 0x08, 0xfe, 0x23, 0xfb, 0x01, 0xfa, 0x83, 0xfa, 0xe1, 0xf9,
  0xe1, 0xf9, 0xc3, 0xfa, 0x64, 0xfb, 0xc3, 0xfb, 0x81, 0xfa, 0xa0, 0xf9, 0xa0, 0xf9, 0xe0, 0xf9,
  0x20, 0xfa, 0xa1, 0xfa, 0x01, 0xfb, 0xc1, 0xfb, 0xc0, 0xfb, 0xa1, 0xfc, 0x63, 0xfe, 0xc5, 0xfe,
  0x02, 0xfd, 0x41, 0xfd, 0xe2, 0xfd, 0x64, 0xfe, 0x02, 0xfe, 0xe1, 0xfd, 0x81, 0xfd, 0x02, 0xfe,
  0xe0, 0xfc, 0x20, 0xfc, 0xa0, 0xf1, 0x80, 0xf1, 0x20, 0xf1, 0x80, 0xe1, 0x40, 0xd9, 0x00, 0xd1,
  0x40, 0xea, 0xa0, 0xea, 0x40, 0xea, 0xe0, 0xc0, 0xa0, 0xb0, 0xe0, 0xd0, 0x20, 0xf2, 0xa0, 0xe9,
  0x40, 0xf3, 0x26, 0xff, 0x61, 0xfe, 0xa0, 0xfc, 0x21, 0xfe, 0x21, 0xfe, 0xa0, 0xfb, 0x80, 0xf3,
  0xc0, 0xe1, 0x40, 0xc9, 0x00, 0xb9, 0xe0, 0xc0, 0x00, 0xc1, 0xa0, 0xb0, 0xe0, 0xb8, 0xc0, 0xa8,
  0x40, 0x80, 0x60, 0x80, 0x40, 0x70, 0x00, 0x60, 0x80, 0x88, 0x40, 0x80, 0x20, 0x70, 0x20, 0x68,
  0x40, 0x78, 0xa0, 0x80, 0x80, 0x80, 0x80, 0x80, 0xc0, 0x90, 0xa0, 0x88, 0x40, 0x60, 0x40, 0x68,
  0x60, 0x70, 0x80, 0x70, 0xa0, 0x80, 0xe0, 0x98, 0xe0, 0x88, 0xa0, 0x60, 0xa0, 0x70, 0xc0, 0x88,
  0xa0, 0x80, 0xa0, 0x90, 0x60, 0x68, 0x40, 0x60, 0x80, 0x70, 0x80, 0x78, 0x80, 0x68, 0x60, 0x68,
  0x80, 0x68, 0x60, 0x68, 0xa0, 0x68, 0xa0, 0x70, 0xe0, 0x68, 0xe0, 0x70, 0x00, 0x50, 0x00, 0x50,
  0x00, 0x78, 0x00, 0x78, 0x00, 0x00, 0x00, 0x00, 0x00, 0xf8, 0x00, 0x00, 0x00, 0xf8, 0x20, 0x69,
  0x00, 0xf8, 0x00, 0x78, 0x00, 0x00, 0x00, 0x00, 0x00, 0x00, 0x00, 0x00, 0x00, 0x00, 0x00, 0x00,
  0x00, 0x00, 0x80, 0x48, 0x00, 0x69, 0x00, 0x69, 0x00, 0x00, 0x00, 0xf8, 0x00, 0x00, 0x00, 0x00,
  0x00, 0x00, 0x00, 0x00, 0x00, 0x00, 0xa0, 0x50, 0xc0, 0x50, 0xc0, 0x48, 0x00, 0x00, 0x00, 0x00,
  0x00, 0x00, 0x00, 0x00, 0x00, 0x50, 0x00, 0xf8, 0x00, 0x00, 0x00, 0x00, 0xe0, 0x79, 0xe0, 0x48,
  0x60, 0x58, 0xc0, 0x60, 0x00, 0x00, 0x00, 0x78, 0x00, 0x38, 0x00, 0x78, 0x00, 0x00, 0x00, 0x00,
  0x00, 0x00, 0x00, 0x00, 0x00, 0xf8, 0x00, 0x00, 0x00, 0x00, 0x00, 0x00, 0x00, 0x00, 0x00, 0x50,
  0x00, 0x68, 0x00, 0xa8, 0x80, 0x50, 0x00, 0x00, 0x00, 0xf8, 0x00, 0x00, 0x00, 0x00, 0x00, 0x00,
  0x00, 0x00, 0x00, 0xf8, 0x00, 0x00, 0x00, 0x00, 0x00, 0x00, 0x00, 0x00, 0x00, 0x60, 0xe0, 0x70,
  0xe0, 0x70, 0x40, 0x51, 0x80, 0x60, 0x80, 0x70, 0x80, 0x70, 0xa0, 0x78, 0xa0, 0x70, 0xa0, 0x70,
  0xe1, 0x70, 0xc0, 0x70, 0xa0, 0x70, 0x00, 0x71, 0xe0, 0x78, 0x80, 0x78, 0x80, 0x88, 0x20, 0x91,
  0xa0, 0xaa, 0x20, 0x91, 0x40, 0x79, 0x00, 0xa8, 0x80, 0x79, 0xc0, 0x78, 0x00, 0x89, 0xc0, 0x78,
  0xc0, 0x80, 0xc0, 0x80, 0xa0, 0x90, 0x00, 0xb8, 0xe0, 0x90, 0xe0, 0x88, 0xc0, 0x88, 0xc0, 0x90,
  0xa0, 0x90, 0x40, 0x79, 0x00, 0x99, 0xc0, 0x98, 0x00, 0x99, 0x80, 0x98, 0x80, 0x90, 0xe0, 0x98,
  0xc0, 0x98, 0x80, 0x90, 0x20, 0x91, 0xe0, 0x98, 0xe0, 0x90, 0xa0, 0x90, 0xa0, 0x90, 0xa0, 0x90,
  0x80, 0x80, 0x80, 0x80, 0x60, 0x78, 0x40, 0x78, 0x40, 0x80, 0x80, 0x90, 0x20, 0x80, 0xc0, 0xd9,
  0x60, 0xe2, 0xe0, 0xc0, 0x80, 0xa8, 0x60, 0x90, 0x20, 0x78, 0xa0, 0xb0, 0x80, 0xb8, 0xa0, 0xf2,
  0xa0, 0xf1, 0xa0, 0xc8, 0xa0, 0xd0, 0x60, 0xd0, 0x00, 0xe0, 0x11, 0xff, 0x8e, 0xfe, 0x65, 0xfe,
  0x45, 0xfd, 0xe2, 0xfa, 0xad, 0xfd, 0x91, 0xff, 0xae, 0xfe, 0x25, 0xfc, 0xe0, 0xf9, 0xe2, 0xfa,
  0x04, 0xfc, 0xa6, 0xfd, 0x82, 0xfd, 0x66, 0xfe, 0xc8, 0xfe, 0xe6, 0xfd, 0x41, 0xfb, 0x00, 0xfb,
  0xa0, 0xfa, 0x22, 0xfc, 0x02, 0xfd, 0x64, 0xfe, 0xa2, 0xfd, 0xa0, 0xfc, 0x21, 0xfd, 0x41, 0xfd,
  0xa3, 0xfe, 0x22, 0xfe, 0x81, 0xfd, 0xa1, 0xfd, 0x62, 0xfe, 0x41, 0xfe, 0xc0, 0xfc, 0xc0, 0xfb,
  0xa0, 0xfa, 0x60, 0xfa, 0x60, 0xe9, 0xc0, 0xd8, 0x40, 0xe1, 0xc0, 0xfc, 0x40, 0xf3, 0x40, 0xe1,
  0x00, 0xc9, 0xc0, 0xc8, 0x20, 0xf2, 0x80, 0xfc, 0x40, 0xfb, 0xa3, 0xfd, 0xb4, 0xff, 0xb6, 0xf7,
  0x45, 0xfe, 0xc0, 0xfb, 0x40, 0xfb, 0x00, 0xea, 0xe0, 0xe9, 0xe0, 0xe1, 0x40, 0xc9, 0x40, 0xd1,
  0xc0, 0xc0, 0xa0, 0xb8, 0x20, 0xc1, 0x00, 0xb9, 0xa0, 0xa0, 0x80, 0x98, 0x60, 0x80, 0x00, 0x58,
  0x80, 0x90, 0x20, 0x78, 0x00, 0xa9, 0xa0, 0xd1, 0x60, 0x90, 0x60, 0x88, 0xe0, 0x98, 0x20, 0xa9,
  0xa0, 0x88, 0xa0, 0x88, 0xe0, 0x88, 0xa0, 0x80, 0xe0, 0xa8, 0xe0, 0x98, 0x00, 0x99, 0xa0, 0x88,
  0xa0, 0x78, 0xa0, 0x88, 0xa0, 0x88, 0x80, 0x80, 0x80, 0x80, 0x00, 0xa9, 0xa0, 0x88, 0x80, 0x70,
  0x60, 0x70, 0x60, 0x70, 0x80, 0x68, 0xa0, 0x68, 0xa0, 0x70, 0x80, 0x70, 0xa0, 0x70, 0xa0, 0x68,
  0xa0, 0x70, 0x00, 0x61, 0x00, 0x78, 0x00, 0x78, 0x20, 0x69, 0x00, 0x60, 0x00, 0x00, 0x00, 0x00,
  0x00, 0x00, 0x00, 0x00, 0x00, 0x00, 0x00, 0x00, 0x00, 0x78, 0x00, 0x00, 0x00, 0xf8, 0x00, 0x00,
  0x00, 0x00, 0x00, 0x00, 0x00, 0x00, 0x00, 0x00, 0x00, 0x00, 0x00, 0x00, 0x00, 0x00, 0x80, 0x38,
  0x00, 0x51, 0x00, 0x00, 0x00, 0x00, 0x00, 0x00, 0x00, 0x00, 0x00, 0x00, 0x00, 0x78, 0x00, 0x00,
  0x80, 0x48, 0xc0, 0x48, 0x60, 0x48, 0x00, 0x00, 0x00, 0x00, 0x00, 0x00, 0x40, 0x40, 0x40, 0x51,
  0x00, 0x00, 0x00, 0x00, 0x00, 0x00, 0x00, 0x50, 0x00, 0x50, 0x00, 0x00, 0x00, 0x00, 0x00, 0x00,
  0x00, 0x00, 0x00, 0x78, 0xe0, 0x50, 0x00, 0x00, 0x00, 0x00, 0x00, 0x00, 0x00, 0x50, 0x00, 0xf8,
  0x00, 0x00, 0x00, 0x00, 0x00, 0x00, 0x00, 0x00, 0x00, 0x00, 0x00, 0x00, 0x00, 0x78, 0xe0, 0x07,
  0x00, 0xf8, 0x00, 0xf8, 0x00, 0x00, 0x00, 0x00, 0x00, 0xf8, 0x00, 0x00, 0xe0, 0x79, 0x00, 0x00,
  0x00, 0x00, 0x00, 0x00, 0x00, 0x00, 0x00, 0x00, 0x00, 0x68, 0xc0, 0x70, 0xa0, 0x78, 0x80, 0x68,
  0xc0, 0x68, 0x80, 0x78, 0x60, 0x78, 0xc0, 0x70, 0x80, 0x60, 0xa0, 0x68, 0xc0, 0x70, 0xe0, 0x78,
  0x80, 0x70, 0xc0, 0x70, 0xc0, 0x70, 0xa0, 0x78, 0xa0, 0x80, 0xa0, 0x78, 0x00, 0x98, 0x40, 0xa9,
  0x00, 0x98, 0x40, 0x79, 0xc0, 0x78, 0xc0, 0x78, 0xa0, 0x78, 0xa0, 0x78, 0x20, 0x81, 0xc0, 0x78,
  0xa0, 0x90, 0xa0, 0x80, 0xa0, 0x80, 0x01, 0x91, 0xa0, 0x90, 0xe0, 0x88, 0x20, 0x89, 0x40, 0xa9,
  0x20, 0x69, 0x20, 0x91, 0x40, 0x79, 0xc0, 0x98, 0xe0, 0x98, 0xc0, 0x98, 0xe0, 0x90, 0xe0, 0x88,
  0xc0, 0x90, 0xc0, 0x90, 0xc0, 0x98, 0xe0, 0xa8, 0x60, 0x88, 0x40, 0x78, 0x60, 0x68, 0x40, 0x78,
  0x40, 0x80, 0xa0, 0x98, 0x60, 0x88, 0x80, 0x90, 0x00, 0x68, 0x20, 0x78, 0x40, 0xd1, 0xe0, 0xe9,
  0x60, 0x90, 0x00, 0x60, 0xa0, 0xa0, 0xc0, 0xc0, 0x40, 0xf2, 0x40, 0xe9, 0xa0, 0xd0, 0x80, 0xd0,
  0x60, 0xe0, 0x40, 0xe8, 0x33, 0xff, 0xee, 0xfe, 0x4a, 0xff, 0x64, 0xfc, 0x80, 0xf9, 0x42, 0xfa,
  0x03, 0xfb, 0x6b, 0xfe, 0xd1, 0xff, 0xa9, 0xfd, 0xc1, 0xfb, 0xa0, 0xfa, 0x84, 0xfc, 0x24, 0xfe,
  0x82, 0xfc, 0xe1, 0xfb, 0x21, 0xfc, 0xe0, 0xfa, 0xa0, 0xfa, 0x61, 0xfc, 0x60, 0xfc, 0x42, 0xfd,
  0x64, 0xfe, 0x41, 0xfd, 0x61, 0xfd, 0x41, 0xfd, 0x81, 0xfc, 0xe1, 0xfc, 0x23, 0xfe, 0xc1, 0xfd,
  0xa0, 0xfc, 0xe2, 0xfd, 0x41, 0xfe, 0x80, 0xfd, 0x60, 0xfd, 0x80, 0xfc, 0x60, 0xfc, 0xa0, 0xfb,
  0xa0, 0xe9, 0xa0, 0xe9, 0x40, 0xea, 0xc0, 0xf2, 0x20, 0xe2, 0xa0, 0xe1, 0x40, 0xe1, 0x20, 0xfc,
  0xa2, 0xff, 0x80, 0xf3, 0x21, 0xfd, 0xaa, 0xff, 0xf4, 0xf7, 0xcc, 0xfe, 0x80, 0xea, 0xa0, 0xd0,
  0xc0, 0xd1, 0x20, 0xc9, 0x40, 0xc9, 0x40, 0xc9, 0x80, 0xd9, 0x00, 0xe2, 0x40, 0xf2, 0x40, 0xf2,
  0xa0, 0xd9, 0x20, 0xc9, 0x80, 0x88, 0x80, 0x90, 0xc0, 0xa8, 0xa0, 0xa0, 0xa0, 0x98, 0x40, 0xc9,
  0xc0, 0xc0, 0x40, 0x80, 0x80, 0x90, 0xc0, 0xa0, 0xa0, 0x88, 0xa0, 0x88, 0xa0, 0x80, 0xe0, 0x98,
  0xe0, 0x90, 0xa0, 0x80, 0xa0, 0x88, 0xc0, 0x90, 0xc0, 0x88, 0xa0, 0x88, 0xa0, 0x80, 0x80, 0x78,
  0xa0, 0x80, 0xc0, 0x90, 0x20, 0x60, 0x60, 0x78, 0xa0, 0x80, 0xa0, 0x80, 0x60, 0x78, 0xa0, 0x70,
  0xa0, 0x70, 0xa0, 0x68, 0xc0, 0x78, 0xe0, 0x70, 0xe0, 0x78, 0xe0, 0x70, 0xe0, 0x78, 0xe0, 0x79,
  0xe0, 0x7b, 0xe0, 0x79, 0x00, 0xf8, 0x00, 0x00, 0x00, 0x00, 0x00, 0xf8, 0x00, 0x00, 0x00, 0x00,
  0x00, 0x00, 0x00, 0x00, 0x00, 0x00, 0x00, 0x00, 0x00, 0x00, 0x00, 0x00, 0x00, 0x00, 0x00, 0x00,
  0x00, 0x00, 0x00, 0x00, 0x00, 0x00, 0x00, 0x00, 0x00, 0x00, 0x00, 0x00, 0x00, 0x00, 0x00, 0x00,
  0x00, 0x00, 0x00, 0x00, 0x00, 0x00, 0x00, 0xf8, 0x00, 0x00, 0xe0, 0x38, 0xa0, 0x50, 0x00, 0x00,
  0x00, 0x00, 0x00, 0x00, 0x00, 0x00, 0x80, 0x40, 0x00, 0xf8, 0x00, 0x00, 0x00, 0x00, 0x00, 0x00,
  0x00, 0x00, 0x00, 0x00, 0x00, 0x00, 0x00, 0x00, 0x00, 0x00, 0x00, 0xf8, 0x00, 0x00, 0xe0, 0x58,
  0x00, 0x50, 0x00, 0x00, 0x80, 0x60, 0xa0, 0x58, 0x00, 0x00, 0x00, 0x00, 0x00, 0x00, 0x00, 0x00,
  0x00, 0x00, 0x00, 0x00, 0x00, 0xf8, 0x00, 0xf8, 0x00, 0x00, 0x00, 0x00, 0x00, 0x00, 0x00, 0x00,
  0x00, 0x00, 0x00, 0x00, 0x00, 0x00, 0x00, 0x00, 0x00, 0x78, 0x00, 0x00, 0x00, 0x00, 0x00, 0x78,
  0x80, 0x60, 0xc0, 0x68, 0xc0, 0x70, 0xc0, 0x70, 0xc0, 0x68, 0xe0, 0x70, 0x00, 0x68, 0xc0, 0x68,
  0xc0, 0x78, 0xa0, 0x78, 0xa0, 0x70, 0xa0, 0x70, 0x80, 0x78, 0xa0, 0x68, 0xa0, 0x70, 0xa0, 0x70,
  0xa0, 0x70, 0x80, 0x70, 0xa0, 0x78, 0x20, 0x89, 0x20, 0x69, 0x00, 0x78, 0x00, 0xa8, 0x00, 0x98,
  0xa0, 0x78, 0xa0, 0x80, 0xe0, 0x80, 0xc0, 0x78, 0x00, 0x00, 0x00, 0xa8, 0xc0, 0x80, 0xa0, 0x78,
  0xe0, 0xfb, 0xc0, 0x98, 0x20, 0x91, 0x00, 0x78, 0x80, 0x88, 0xc0, 0x90, 0x00, 0xa8, 0x00, 0x98,
  0xc0, 0x88, 0xc0, 0x90, 0xe0, 0x90, 0xe0, 0x90, 0xe0, 0x98, 0xa0, 0x88, 0xc0, 0x90, 0xa0, 0x98,
  0x80, 0x80, 0xa0, 0x98, 0xc0, 0x90, 0x40, 0x70, 0x20, 0x78, 0x60, 0x88, 0x80, 0x90, 0x60, 0x80,
  0x40, 0x78, 0x20, 0x60, 0x00, 0x50, 0x20, 0x78, 0x40, 0xd9, 0xa0, 0xa8, 0x40, 0x88, 0xa0, 0xa8,
  0x00, 0xc9, 0xa0, 0xf1, 0xe0, 0xe0, 0xa0, 0xd8, 0xa0, 0xd8, 0x40, 0xe0, 0x80, 0xf1, 0x54, 0xff,
  0xac, 0xfe, 0xaf, 0xff, 0x68, 0xfd, 0x80, 0xf9, 0xc3, 0xfa, 0xe4, 0xfb, 0xca, 0xfd, 0xe9, 0xfd,
  0xee, 0xfe, 0x2c, 0xff, 0x05, 0xfd, 0x01, 0xfc, 0xa3, 0xfc, 0x00, 0xfb, 0xe0, 0xfb, 0x80, 0xfb,
  0x00, 0xfa, 0x80, 0xfa, 0x00, 0xfc, 0xc2, 0xfd, 0x23, 0xfe, 0x80, 0xfc, 0x21, 0xfd, 0xa2, 0xfd,
  0x41, 0xfd, 0x41, 0xfd, 0x40, 0xfc, 0xa0, 0xfc, 0x02, 0xfe, 0x62, 0xfe, 0xe0, 0xfc, 0x00, 0xfb,
  0xc0, 0xfb, 0xe0, 0xfc, 0xe0, 0xfc, 0x20, 0xfc, 0x20, 0xfd, 0x00, 0xfb, 0x20, 0xe1, 0xa0, 0xd8,
  0xc0, 0xf3, 0xc0, 0xfb, 0xe0, 0xe1, 0xa0, 0xe9, 0x00, 0xf3, 0x22, 0xfe, 0x21, 0xf3, 0xc0, 0xf2,
  0xc3, 0xfd, 0xe0, 0xfd, 0x80, 0xfb, 0x60, 0xea, 0x40, 0xd9, 0xc0, 0xd9, 0xc0, 0xd9, 0x00, 0xd2,
  0x60, 0xe2, 0xa0, 0xfb, 0xc0, 0xfa, 0x60, 0xf2, 0x40, 0xea, 0x00, 0xd1, 0x80, 0xb0, 0x20, 0x80,
  0xe0, 0xa0, 0xa0, 0xd1, 0x20, 0xc1, 0xa0, 0xa0, 0x80, 0xa0, 0x80, 0xe2, 0x20, 0xdb, 0x80, 0xc9,
  0xa0, 0x98, 0xa0, 0x88, 0xa0, 0x80, 0xa0, 0x80, 0xc0, 0x98, 0xc0, 0x80, 0xc0, 0x80, 0xa0, 0x88,
  0xc0, 0x88, 0xc0, 0x88, 0xc0, 0x78, 0xe0, 0x88, 0x20, 0x91, 0x80, 0x70, 0x60, 0x70, 0xa0, 0x80,
  0xc0, 0x80, 0x80, 0x78, 0xa0, 0x78, 0xa0, 0x70, 0xa0, 0x70, 0xa0, 0x68, 0x20, 0x69, 0x60, 0x71,
  0x80, 0x61, 0x20, 0x71, 0xa0, 0x68, 0x00, 0x78, 0x00, 0x78, 0x00, 0xf8, 0x00, 0x00, 0x00, 0x00,
  0x00, 0x00, 0x00, 0x00, 0x00, 0x00, 0x00, 0x00, 0x00, 0x00, 0x00, 0x00, 0x00, 0x00, 0x00, 0x00,
  0x00, 0x00, 0x00, 0x00, 0x00, 0x00, 0x00, 0x00, 0x00, 0x00, 0x00, 0x00, 0x00, 0x00, 0x00, 0x00,
  0x00, 0x00, 0x00, 0x00, 0x00, 0x00, 0x00, 0x00, 0x00, 0x00, 0x00, 0x00, 0x00, 0x00, 0x00, 0x00,
  0x00, 0x00, 0x00, 0x00, 0x00, 0x00, 0x00, 0x00, 0x00, 0x00, 0x00, 0x00, 0x00, 0x00, 0x00, 0x00,
  0x00, 0x00, 0x00, 0x00, 0xa0, 0x50, 0xa0, 0x58, 0x00, 0x78, 0x00, 0x00, 0x00, 0x00, 0x00, 0x00,
  0x00, 0x00, 0x00, 0x00, 0x00, 0x00, 0x00, 0x00, 0x00, 0x00, 0x00, 0x00, 0x00, 0x38, 0xc0, 0x68,
  0xc0, 0x60, 0x00, 0x50, 0x00, 0x00, 0x00, 0x00, 0x00, 0x00, 0x00, 0x00, 0x00, 0x00, 0x00, 0x00,
  0x00, 0x00, 0x00, 0x00, 0x00, 0x00, 0x00, 0x00, 0x00, 0x00, 0x00, 0x50, 0x00, 0x78, 0xa0, 0x60,
  0xa0, 0x60, 0x00, 0x00, 0x80, 0x61, 0x00, 0x78, 0xa0, 0x68, 0xa0, 0x68, 0xe0, 0x39, 0x80, 0x70,
  0xa0, 0x68, 0xa0, 0x70, 0x00, 0xf8, 0xc0, 0x78, 0xc0, 0x70, 0x80, 0x78, 0xe0, 0x90, 0xe0, 0x90,
  0x60, 0x70, 0xa0, 0x78, 0xa0, 0x70, 0x80, 0x70, 0xa0, 0x78, 0xa0, 0x78, 0x60, 0x78, 0x80, 0x68,
  0xc0, 0x98, 0x00, 0x00, 0x80, 0x88, 0x00, 0x90, 0x00, 0x78, 0x00, 0x78, 0x00, 0x00, 0x00, 0xf8,
  0x00, 0x00, 0x00, 0x78, 0x00, 0xf8, 0xe0, 0x88, 0xa0, 0x90, 0xa0, 0x90, 0xe0, 0x90, 0x60, 0x98,
  0x80, 0x90, 0xa0, 0x90, 0xe0, 0xa8, 0xc0, 0x98, 0xe0, 0x90, 0xa0, 0x88, 0xc0, 0x90, 0xe0, 0xa8,
  0xa0, 0x90, 0xe0, 0x98, 0xa0, 0x98, 0xa0, 0x90, 0xa0, 0x98, 0x80, 0x98, 0x80, 0x90, 0x40, 0x80,
  0x40, 0x80, 0x80, 0xa0, 0x20, 0x70, 0x40, 0x80, 0x00, 0x78, 0x00, 0x78, 0x20, 0x70, 0x20, 0x70,
  0x40, 0x80, 0x40, 0x98, 0xa0, 0xc0, 0xa0, 0xc0, 0xe0, 0xc0, 0x40, 0xb8, 0x80, 0xf2, 0x60, 0xe1,
  0xc0, 0xe0, 0x00, 0xf1, 0x80, 0xf0, 0xe1, 0xf0, 0x31, 0xfe, 0xe7, 0xfd, 0xcc, 0xfe, 0xc4, 0xfb,
  0xe5, 0xfb, 0x06, 0xfc, 0x83, 0xfb, 0x83, 0xfb, 0x87, 0xfd, 0x2a, 0xfe, 0x0e, 0xff, 0xe9, 0xfd,
  0x07, 0xfe, 0x81, 0xfb, 0xc0, 0xfa, 0x00, 0xfa, 0x80, 0xf9, 0x00, 0xfa, 0xc0, 0xfa, 0x01, 0xfd,
  0x62, 0xfe, 0xa1, 0xfd, 0xc3, 0xfd, 0x46, 0xfe, 0xa3, 0xfd, 0x01, 0xfd, 0x03, 0xfe, 0x83, 0xfe,
  0x23, 0xfe, 0x02, 0xfe, 0x21, 0xfe, 0xc2, 0xfe, 0xe2, 0xfe, 0x40, 0xfc, 0xa1, 0xfc, 0xa3, 0xfe,
  0x80, 0xfc, 0xe0, 0xfc, 0xc0, 0xf1, 0x60, 0xe9, 0x80, 0xe1, 0x00, 0xe2, 0x20, 0xfc, 0x60, 0xf3,
  0x80, 0xe2, 0xa0, 0xd9, 0x20, 0xd1, 0x80, 0xd1, 0x00, 0xea, 0x40, 0xf2, 0x40, 0xf3, 0xc0, 0xf2,
  0x40, 0xfb, 0x00, 0xfb, 0x40, 0xfb, 0x00, 0xfb, 0xc0, 0xf2, 0xc0, 0xfb, 0x80, 0xf2, 0x00, 0xf3,
  0xc0, 0xf2, 0x00, 0xea, 0x40, 0xda, 0x40, 0xe2, 0x80, 0xc0, 0x00, 0xc1, 0x60, 0xc9, 0x20, 0xb1,
  0x40, 0xa0, 0xc0, 0xd1, 0xa0, 0xfe, 0x40, 0xcb, 0x00, 0x88, 0xe0, 0x98, 0xa0, 0x90, 0xa0, 0x88,
  0xa0, 0x88, 0xa0, 0x90, 0xe0, 0x88, 0xa0, 0x80, 0xa0, 0x88, 0xc0, 0x80, 0xc0, 0x80, 0xe0, 0x88,
  0x80, 0x78, 0x60, 0x70, 0x60, 0x68, 0x60, 0x68, 0xc0, 0x78, 0xa0, 0x70, 0xa0, 0x78, 0x80, 0x70,
  0xa0, 0x70, 0xc0, 0x70, 0xe0, 0x78, 0x20, 0x69, 0x00, 0x78, 0x00, 0x00, 0x00, 0x50, 0x00, 0xf8,
  0x00, 0xf8, 0x00, 0x00, 0x00, 0xa8, 0xe0, 0x07, 0x00, 0x00, 0x00, 0x00, 0x00, 0x00, 0x00, 0x00,
  0x00, 0x00, 0x00, 0x00, 0x00, 0x00, 0x00, 0x00, 0x00, 0x00, 0x00, 0x00, 0x00, 0x00, 0x00, 0x00,
  0x00, 0x00, 0x00, 0x00, 0x00, 0x00, 0x00, 0x00, 0x00, 0x00, 0x00, 0x00, 0x00, 0x00, 0x00, 0x00,
  0x00, 0x00, 0x00, 0x00, 0x00, 0x00, 0x00, 0x00, 0x00, 0x00, 0x00, 0x00, 0x00, 0x00, 0x00, 0x00,
  0x00, 0x00, 0x00, 0x00, 0x00, 0x00, 0x00, 0x00, 0x00, 0x00, 0x00, 0x00, 0x00, 0x00, 0xa0, 0x50,
  0xa0, 0x50, 0x00, 0x00, 0x00, 0x38, 0x00, 0x00, 0x00, 0x00, 0x00, 0x00, 0x00, 0x00, 0x00, 0x00,
  0x00, 0x00, 0x00, 0x00, 0x00, 0x00, 0xe0, 0x58, 0xa0, 0x60, 0xa0, 0x60, 0x00, 0x50, 0x00, 0x00,
  0x00, 0x00, 0x00, 0x00, 0x00, 0x00, 0x00, 0x00, 0x00, 0x00, 0x00, 0x00, 0x00, 0x00, 0x00, 0x00,
  0x00, 0x00, 0x00, 0x00, 0x00, 0x78, 0x00, 0x00, 0xc0, 0x60, 0xa0, 0x60, 0xc0, 0x68, 0xa0, 0x68,
  0xc0, 0x68, 0xa0, 0x70, 0xc0, 0x78, 0xe0, 0x70, 0xa0, 0x68, 0xa0, 0x68, 0x80, 0x70, 0x20, 0x79,
  0x80, 0x60, 0x80, 0x78, 0xa0, 0x78, 0xa0, 0x78, 0xa0, 0x68, 0xa0, 0x78, 0xa0, 0x70, 0xa0, 0x80,
  0xa0, 0x78, 0xc0, 0x88, 0xe0, 0x88, 0x00, 0x00, 0x40, 0x79, 0x00, 0x81, 0x20, 0x71, 0xc0, 0x80,
  0xe0, 0x88, 0x00, 0x78, 0xa0, 0x78, 0xe0, 0x78, 0x00, 0x98, 0xa0, 0xaa, 0x00, 0xf8, 0xe0, 0xff,
  0x40, 0x89, 0xc0, 0x90, 0xe0, 0x79, 0x20, 0x99, 0x80, 0x90, 0xc0, 0x90, 0x20, 0x91, 0xe0, 0x90,
  0xc0, 0x98, 0xc0, 0x98, 0xe0, 0x90, 0xe0, 0x90, 0xa0, 0x88, 0xa0, 0x90, 0xa0, 0x98, 0xc0, 0x98,
  0xa0, 0x88, 0x60, 0x78, 0xa0, 0x90, 0x60, 0x70, 0x80, 0x88, 0x80, 0x80, 0x40, 0x88, 0x60, 0x88,
  0x60, 0x88, 0x00, 0xa9, 0x60, 0x80, 0x20, 0x80, 0x00, 0x68, 0x40, 0x80, 0x40, 0x88, 0xc0, 0xc0,
  0x60, 0xa8, 0xe0, 0xb8, 0x40, 0xb8, 0x40, 0xf3, 0x20, 0xfc, 0x60, 0xe8, 0xc0, 0xf1, 0x60, 0xf0,
  0x61, 0xe9, 0xf4, 0xff, 0xae, 0xff, 0xa3, 0xfa, 0xa0, 0xf8, 0xc1, 0xf9, 0x64, 0xfb, 0x66, 0xfc,
  0xe3, 0xfa, 0x22, 0xfb, 0x64, 0xfc, 0x08, 0xfd, 0xa5, 0xfc, 0x24, 0xfd, 0xc1, 0xfb, 0x23, 0xfd,
  0x24, 0xfd, 0xa3, 0xfc, 0xe7, 0xfd, 0x29, 0xff, 0x47, 0xff, 0x45, 0xfe, 0xa7, 0xfe, 0x89, 0xff,
  0x48, 0xff, 0x27, 0xff, 0xe7, 0xfe, 0xe7, 0xfe, 0x07, 0xff, 0x48, 0xff, 0x06, 0xff, 0xa6, 0xfe,
  0xe4, 0xfe, 0xe2, 0xfe, 0xe0, 0xfc, 0xc0, 0xfb, 0xc2, 0xfe, 0x41, 0xfe, 0x80, 0xfc, 0x20, 0xfa,
  0x20, 0xf2, 0x80, 0xe9, 0xc0, 0xd0, 0x00, 0xda, 0x40, 0xda, 0x40, 0xb0, 0x00, 0xc1, 0x00, 0xc1,
  0x40, 0xd1, 0x00, 0xc1, 0x00, 0xc9, 0x80, 0xf3, 0xc0, 0xfc, 0x40, 0xf3, 0xa0, 0xf2, 0x40, 0xf2,
  0x00, 0xd9, 0xa0, 0xd0, 0xa0, 0xec, 0x20, 0xfe, 0xe1, 0xfd, 0x00, 0xf4, 0xe0, 0xe8, 0xa0, 0xf4,
  0x60, 0xf4, 0x20, 0xd0, 0x00, 0xc9, 0xc0, 0xe2, 0x40, 0xd2, 0x60, 0x98, 0x20, 0xb9, 0xc0, 0xe4,
  0x40, 0xcb, 0x00, 0x98, 0x80, 0x70, 0x80, 0x88, 0xa0, 0x88, 0xc0, 0x90, 0xc0, 0x88, 0xc0, 0x88,
  0xe0, 0x90, 0xc0, 0x78, 0xa0, 0x78, 0x60, 0x70, 0x40, 0x68, 0x40, 0x60, 0x60, 0x68, 0xc0, 0x80,
  0xc0, 0xa9, 0xe0, 0x78, 0xe0, 0x78, 0xe0, 0x78, 0xe0, 0x78, 0x80, 0x70, 0x60, 0x68, 0xe0, 0x70,
  0x00, 0x78, 0x00, 0x60, 0x00, 0x50, 0x00, 0xf8, 0x00, 0x00, 0x00, 0x78, 0x00, 0x00, 0x00, 0x00,
  0x00, 0x78, 0x00, 0x00, 0x00, 0x00, 0x00, 0x00, 0x00, 0x00, 0x00, 0x00, 0x00, 0x00, 0x00, 0x00,
  0x00, 0x00, 0x00, 0x00, 0x00, 0x00, 0x00, 0x00, 0x00, 0x00, 0x00, 0x00, 0x00, 0x00, 0x00, 0x00,
  0x00, 0x00, 0x00, 0x00, 0x00, 0x00, 0x00, 0x00, 0x00, 0x00, 0x00, 0x00, 0x00, 0x00, 0x00, 0x00,
  0x00, 0x00, 0x00, 0x00, 0x00, 0x00, 0x00, 0x00, 0x00, 0x00, 0x00, 0x00, 0x00, 0x00, 0x00, 0x00,
  0x00, 0x00, 0x00, 0x00, 0x00, 0x00, 0x00, 0x00, 0xa0, 0x48, 0x60, 0x48, 0x00, 0x00, 0x00, 0x00,
  0x00, 0x00, 0x00, 0x00, 0x00, 0x00, 0x00, 0x00, 0x00, 0x00, 0x00, 0x00, 0x00, 0x00, 0x00, 0x00,
  0x00, 0x00, 0x80, 0x58, 0x60, 0x58, 0x00, 0x00, 0x00, 0x00, 0x00, 0x00, 0x00, 0x00, 0x00, 0x00,
  0x00, 0x00, 0x00, 0x00, 0x00, 0x00, 0xc0, 0x60, 0x00, 0x60, 0x00, 0x00, 0x00, 0x00, 0x00, 0x00,
  0x00, 0x00, 0x20, 0x49, 0xa0, 0x52, 0xa0, 0x60, 0x80, 0x60, 0xa0, 0x68, 0xa0, 0x68, 0xe0, 0x78,
  0x00, 0x69, 0x00, 0x78, 0x00, 0x00, 0xc0, 0x60, 0x20, 0x69, 0x80, 0x70, 0xc0, 0x78, 0xa0, 0x70,
  0x80, 0x68, 0xc0, 0x78, 0xa0, 0x78, 0x80, 0x70, 0xa0, 0x78, 0xc0, 0x78, 0xc0, 0x80, 0xa0, 0x78,
  0xa0, 0x80, 0xa0, 0x80, 0xa0, 0x88, 0xc0, 0x80, 0xa0, 0x80, 0xa0, 0x80, 0xe0, 0x80, 0xe0, 0x78,
  0x00, 0xf8, 0xe0, 0x98, 0x00, 0x78, 0x00, 0x00, 0x00, 0xf8, 0xc0, 0x80, 0xe0, 0x88, 0xe0, 0x90,
  0xe0, 0x98, 0xe0, 0x98, 0xc0, 0x90, 0x20, 0x89, 0xc0, 0x98, 0xc0, 0x98, 0xa0, 0x90, 0xa0, 0x90,
  0xe0, 0x90, 0xa0, 0x90, 0xa0, 0x90, 0xa0, 0x98, 0xa0, 0x98, 0xa0, 0x90, 0xa0, 0x98, 0xe0, 0x98,
  0x40, 0x68, 0x60, 0x80, 0x60, 0x90, 0x80, 0x98, 0xa0, 0xa0, 0x20, 0x70, 0xc0, 0xa8, 0xc0, 0xa0,
  0x20, 0x88, 0x60, 0x98, 0x20, 0x80, 0x20, 0x80, 0x80, 0xa0, 0x60, 0xa0, 0xc0, 0xb8, 0x40, 0xb8,
  0x00, 0xf2, 0x61, 0xfd, 0x80, 0xf2, 0x00, 0xfd, 0xc4, 0xfc, 0xa4, 0xfc, 0xa6, 0xf3, 0x66, 0xfb,
  0x0b, 0xfe, 0x64, 0xfb, 0xa1, 0xf9, 0xc0, 0xf8, 0x00, 0xf9, 0x60, 0xf9, 0x61, 0xfb, 0xc5, 0xfc,
  0x09, 0xfd, 0x41, 0xfb, 0x60, 0xfa, 0x01, 0xfc, 0xe2, 0xfc, 0x21, 0xfd, 0x03, 0xfe, 0xa7, 0xfe,
  0xef, 0xff, 0x8c, 0xff, 0x8d, 0xff, 0x0a, 0xff, 0xe5, 0xfe, 0x47, 0xff, 0x06, 0xff, 0x64, 0xfe,
  0x64, 0xfe, 0xc5, 0xfe, 0xa6, 0xfe, 0x4a, 0xff, 0xac, 0xff, 0x48, 0xff, 0x24, 0xff, 0x62, 0xff,
  0x61, 0xfe, 0x21, 0xfe, 0xc1, 0xfc, 0x40, 0xf2, 0xa0, 0xf1, 0xa0, 0xe9, 0x80, 0xe1, 0xa0, 0xe9,
  0xa0, 0xc0, 0xc0, 0xc0, 0x40, 0xc9, 0x20, 0xc9, 0x80, 0xb0, 0x80, 0xb0, 0x40, 0xc9, 0x00, 0xe2,
  0xa0, 0xf2, 0x40, 0xf2, 0x40, 0xea, 0xe0, 0xe9, 0x60, 0xd9, 0x40, 0xd1, 0x00, 0xc1, 0xe0, 0xd1,
  0x41, 0xfe, 0xe1, 0xfd, 0x40, 0xfa, 0x42, 0xfc, 0x06, 0xff, 0x60, 0xfe, 0x40, 0xea, 0x60, 0xe2,
  0xa0, 0xcb, 0x60, 0x91, 0x00, 0x60, 0x00, 0x70, 0x40, 0x80, 0x00, 0x58, 0x40, 0x68, 0xa0, 0x88,
  0x60, 0x78, 0x80, 0x78, 0x80, 0x80, 0xa0, 0x80, 0x60, 0x78, 0x60, 0x70, 0x60, 0x70, 0x60, 0x70,
  0x80, 0x78, 0x80, 0x70, 0xa0, 0x80, 0xc0, 0x80, 0xa0, 0x88, 0x80, 0x70, 0xe0, 0x78, 0x20, 0x69,
  0xe0, 0x78, 0x00, 0x70, 0xe0, 0x70, 0x00, 0x58, 0x00, 0x50, 0x00, 0x78, 0x40, 0x79, 0x00, 0xf8,
  0x00, 0x78, 0x00, 0x00, 0x00, 0x00, 0x00, 0x00, 0x00, 0x00, 0x00, 0x00, 0x00, 0x00, 0x00, 0x00,
  0x00, 0x00, 0x00, 0x00, 0x00, 0x00, 0x00, 0x00, 0x00, 0x00, 0x00, 0x00, 0x00, 0x00, 0x00, 0x00,
  0x00, 0x00, 0x00, 0x00, 0x00, 0x00, 0x00, 0x00, 0x00, 0x00, 0x00, 0x00, 0x00, 0x00, 0x00, 0x00,
  0x00, 0x00, 0x00, 0x00, 0x00, 0x00, 0x00, 0x00, 0x00, 0x00, 0x00, 0x00, 0x00, 0x00, 0x00, 0x00,
  0x00, 0x00, 0x00, 0x00, 0x00, 0x00, 0x00, 0x00, 0x00, 0x00, 0x00, 0x00, 0x00, 0x00, 0x00, 0x00,
  0x00, 0x00, 0x00, 0x00, 0x00, 0x00, 0x00, 0x00, 0x00, 0x00, 0x00, 0x00, 0x00, 0x00, 0x00, 0x00,
  0x00, 0x00, 0x00, 0x00, 0x00, 0x00, 0x00, 0x00, 0x00, 0x00, 0x00, 0xf8, 0x00, 0x00, 0x00, 0x00,
  0x00, 0x00, 0x00, 0x00, 0x00, 0x00, 0x00, 0x00, 0x00, 0x00, 0x00, 0x00, 0x00, 0x00, 0x80, 0x61,
  0xa0, 0x60, 0x80, 0x58, 0xa0, 0x58, 0x40, 0x51, 0x00, 0x00, 0x00, 0x00, 0x00, 0x00, 0xe0, 0x68,
  0xa0, 0x68, 0x80, 0x60, 0x80, 0x68, 0xa0, 0x68, 0x00, 0x78, 0x00, 0x00, 0x00, 0x78, 0x00, 0x38,
  0x80, 0x68, 0xa0, 0x68, 0xa0, 0x78, 0x80, 0x70, 0x80, 0x68, 0xa0, 0x70, 0xc0, 0x78, 0x80, 0x70,
  0xa0, 0x70, 0xa0, 0x78, 0xc0, 0x80, 0xe0, 0x78, 0xc0, 0x80, 0xc0, 0x88, 0xa0, 0x80, 0xa0, 0x78,
  0xa0, 0x88, 0xa0, 0x80, 0xc0, 0x80, 0xc0, 0x78, 0xe0, 0x78, 0xe0, 0x88, 0xe0, 0x78, 0x00, 0xa8,
  0x00, 0x78, 0x00, 0xf8, 0x00, 0x98, 0xe0, 0x98, 0xc0, 0x88, 0x80, 0x60, 0xa0, 0x80, 0xa0, 0x88,
  0xe0, 0x98, 0xc0, 0x98, 0xa0, 0x98, 0x80, 0x88, 0xc0, 0x90, 0xc0, 0x98, 0x80, 0x90, 0x80, 0x88,
  0xa0, 0x88, 0xa0, 0x90, 0x80, 0x90, 0xa0, 0xa0, 0x00, 0x60, 0x00, 0x60, 0x60, 0x98, 0x80, 0xa8,
  0x00, 0xc1, 0xa0, 0x90, 0x80, 0x98, 0x40, 0x90, 0x80, 0xd9, 0xc0, 0xe9, 0x40, 0xd9, 0x60, 0x90,
  0x40, 0x90, 0xa0, 0xa8, 0x60, 0x98, 0xc0, 0xc0, 0x40, 0xb8, 0x60, 0xe9, 0xe0, 0xfb, 0x42, 0xfd,
  0x62, 0xfc, 0x84, 0xfd, 0xa4, 0xfb, 0xa4, 0xf9, 0xa6, 0xfa, 0x69, 0xfc, 0x88, 0xfd, 0xeb, 0xfd,
  0xb0, 0xfe, 0x15, 0xff, 0x3a, 0xff, 0xae, 0xfe, 0x83, 0xfc, 0xc4, 0xfa, 0xa4, 0xfb, 0xc6, 0xfd,
  0xc8, 0xfe, 0x09, 0xff, 0x6b, 0xff, 0x2b, 0xff, 0x8d, 0xff, 0x6c, 0xff, 0x07, 0xff, 0xc6, 0xfe,
  0x43, 0xfe, 0x4b, 0xff, 0xef, 0xff, 0x8d, 0xff, 0x4c, 0xff, 0x4b, 0xff, 0x48, 0xff, 0xe6, 0xfe,
  0x26, 0xff, 0x88, 0xff, 0x27, 0xff, 0x23, 0xfe, 0xe1, 0xfc, 0xc0, 0xfb, 0xc0, 0xfa, 0x60, 0xfa,
  0xa0, 0xf1, 0x40, 0xe9, 0x80, 0xe9, 0x60, 0xe1, 0x40, 0xe9, 0x40, 0xf2, 0xa0, 0xe1, 0x80, 0xe1,
  0xa0, 0xf2, 0x80, 0xe2, 0x80, 0xd9, 0xc0, 0xea, 0x80, 0xea, 0x20, 0xe2, 0x20, 0xc1, 0x20, 0xc9,
  0x00, 0xea, 0xa0, 0xe1, 0x40, 0xea, 0x80, 0xf3, 0xc0, 0xd1, 0x80, 0xd9, 0xc1, 0xfc, 0x60, 0xf2,
  0xaa, 0xfe, 0xcd, 0xf6, 0x40, 0xfc, 0x60, 0xd1, 0x00, 0x78, 0x00, 0x58, 0x20, 0x80, 0xc0, 0xa8,
  0x00, 0x60, 0xc0, 0x80, 0x80, 0x78, 0x60, 0x78, 0x40, 0x70, 0x40, 0x70, 0x40, 0x68, 0x60, 0x78,
  0x80, 0x88, 0x60, 0x70, 0x60, 0x68, 0x80, 0x78, 0x80, 0x80, 0xa0, 0x78, 0xa0, 0x78, 0xa0, 0x80,
  0xc0, 0x78, 0xe0, 0x88, 0x00, 0xa8, 0xe0, 0x79, 0x20, 0x69, 0xe0, 0x70, 0x00, 0x50, 0x40, 0x79,
  0x00, 0x00, 0x40, 0x79, 0xe0, 0x78, 0x00, 0xf8, 0xe0, 0x79, 0x00, 0x00, 0x00, 0x70, 0x00, 0x78,
  0x00, 0x00, 0x00, 0x00, 0x00, 0xf8, 0x00, 0x00, 0x00, 0x00, 0x00, 0x00, 0x00, 0x00, 0x00, 0x00,
  0x00, 0x00, 0x00, 0x00, 0x00, 0x00, 0x00, 0x00, 0x00, 0x00, 0x00, 0x00, 0x00, 0x00, 0x00, 0x00,
  0x00, 0x00, 0x00, 0x00, 0x00, 0x00, 0x00, 0x00, 0x00, 0x00, 0x00, 0x00, 0x00, 0x00, 0x00, 0x00,
  0x00, 0x00, 0x00, 0x00, 0x00, 0x00, 0x00, 0x00, 0x00, 0x00, 0x00, 0x00, 0x00, 0x00, 0x00, 0x00,
  0x00, 0x00, 0x00, 0x00, 0x00, 0x00, 0x00, 0x00, 0x00, 0x00, 0x00, 0x00, 0x00, 0x00, 0x00, 0x00,
  0x00, 0x00, 0x00, 0x00, 0x00, 0x00, 0x00, 0x00, 0x00, 0x00, 0x00, 0x00, 0x00, 0x00, 0x00, 0x00,
  0x00, 0x00, 0x00, 0x00, 0x00, 0x00, 0x00, 0xf8, 0x00, 0x38, 0x00, 0x50, 0x00, 0x00, 0x00, 0x00,
  0x00, 0x00, 0x00, 0x00, 0x00, 0x00, 0x00, 0x00, 0x00, 0x50, 0xa0, 0x58, 0xa0, 0x58, 0x60, 0x58,
  0x80, 0x61, 0xa0, 0x52, 0x00, 0x78, 0xa0, 0x60, 0xa0, 0x60, 0xa0, 0x68, 0x00, 0x78, 0xc0, 0x68,
  0xa0, 0x68, 0xa0, 0x70, 0x00, 0x00, 0x00, 0xf8, 0x00, 0x78, 0xa0, 0x68, 0x80, 0x68, 0x80, 0x70,
  0x60, 0x70, 0x80, 0x70, 0xa0, 0x68, 0xa0, 0x78, 0x80, 0x68, 0xa0, 0x70, 0xa0, 0x78, 0x80, 0x78,
  0xc0, 0x78, 0xa0, 0x80, 0xa0, 0x88, 0xa0, 0x80, 0xa0, 0x70, 0xc0, 0x80, 0xc0, 0x88, 0xc0, 0x88,
  0xa0, 0x80, 0xa0, 0x80, 0xe0, 0x80, 0xa0, 0x88, 0x20, 0x99, 0x20, 0x89, 0x80, 0x99, 0x80, 0x90,
  0x60, 0x78, 0xc0, 0xa0, 0xc0, 0x98, 0x80, 0x80, 0xe0, 0x90, 0x80, 0x90, 0xa0, 0x88, 0xa0, 0x88,
  0x80, 0x90, 0x80, 0x88, 0x80, 0x80, 0xa0, 0x88, 0xa0, 0x88, 0xc0, 0xa0, 0x80, 0x80, 0x40, 0x68,
  0x60, 0x88, 0x20, 0xb1, 0xc0, 0xd1, 0x00, 0xb9, 0x60, 0x80, 0x40, 0x80, 0x40, 0x78, 0xe0, 0xb0,
  0x80, 0xa0, 0xc0, 0xb0, 0xe0, 0xc0, 0xc0, 0xb8, 0x80, 0x98, 0x40, 0x90, 0xa0, 0xa8, 0x20, 0x88,
  0x60, 0xa0, 0x60, 0xc8, 0x60, 0xf1, 0xc1, 0xfb, 0x06, 0xfe, 0x4c, 0xff, 0xa3, 0xfb, 0x41, 0xf1,
  0xe8, 0xfb, 0xac, 0xfd, 0x0f, 0xff, 0x0e, 0xff, 0xed, 0xfe, 0xed, 0xfe, 0xac, 0xfe, 0xac, 0xfe,
  0xca, 0xfe, 0x27, 0xfe, 0xca, 0xfe, 0x4a, 0xff, 0x6a, 0xff, 0x28, 0xff, 0xc7, 0xfe, 0xa9, 0xfe,
  0xea, 0xfe, 0xc9, 0xfe, 0xc5, 0xfe, 0x07, 0xff, 0x45, 0xfe, 0x66, 0xfe, 0xe7, 0xfe, 0x29, 0xff,
  0x8b, 0xff, 0xac, 0xff, 0x4b, 0xff, 0xa5, 0xfe, 0x25, 0xfe, 0xa3, 0xfd, 0xa4, 0xfc, 0xe1, 0xfa,
  0x00, 0xfa, 0xa0, 0xf9, 0x60, 0xf9, 0x60, 0xf1, 0xe0, 0xf1, 0xa0, 0xfa, 0x40, 0xe1, 0x80, 0xe9,
  0x20, 0xe9, 0x80, 0xf2, 0x20, 0xfc, 0xe0, 0xe9, 0x00, 0xea, 0x80, 0xf2, 0x40, 0xea, 0xc0, 0xb0,
  0x00, 0x90, 0x20, 0xc9, 0x60, 0xd1, 0x00, 0xb9, 0x80, 0xd9, 0xa0, 0xd9, 0x40, 0xc9, 0x00, 0xb9,
  0xa0, 0xa0, 0x00, 0x88, 0xe0, 0xc8, 0x60, 0xe9, 0x20, 0xea, 0xe0, 0xf4, 0xa0, 0xfb, 0x20, 0xd8,
  0x20, 0xa0, 0x60, 0xa0, 0x80, 0x90, 0x40, 0x80, 0x60, 0x88, 0x60, 0x78, 0xe0, 0xa0, 0x20, 0x68,
  0x40, 0x78, 0x40, 0x68, 0xa0, 0x88, 0xe0, 0xa0, 0xe0, 0xa0, 0xe0, 0x98, 0xc0, 0x90, 0xc0, 0x90,
  0xc0, 0x88, 0xa0, 0x80, 0xa0, 0x80, 0x60, 0x80, 0xa0, 0x90, 0xe0, 0xfb, 0x00, 0xf8, 0x00, 0x78,
  0xe0, 0x39, 0x00, 0x78, 0x40, 0x79, 0x00, 0x50, 0x00, 0x78, 0x00, 0x50, 0x00, 0x00, 0x00, 0x68,
  0x80, 0x60, 0xc0, 0x70, 0xc0, 0x78, 0xe0, 0x70, 0x00, 0x78, 0x00, 0x00, 0x00, 0x78, 0x00, 0x78,
  0x00, 0x00, 0x00, 0x00, 0x00, 0x00, 0x00, 0x00, 0x00, 0x60, 0x00, 0x00, 0x00, 0x00, 0x00, 0x78,
  0x00, 0x00, 0x00, 0x00, 0x00, 0x00, 0x00, 0x00, 0x00, 0x00, 0x00, 0x00, 0x00, 0x00, 0x00, 0x00,
  0x00, 0x00, 0x00, 0x00, 0x00, 0x00, 0x00, 0x00, 0x00, 0x00, 0x00, 0x00, 0x00, 0x00, 0x00, 0x00,
  0x00, 0x00, 0x00, 0x00, 0x00, 0x00, 0x00, 0x00, 0x00, 0x00, 0x00, 0x00, 0x00, 0x00, 0x00, 0x00,
  0x00, 0x00, 0x00, 0x00, 0x00, 0x00, 0x00, 0x00, 0x00, 0x00, 0x00, 0x00, 0x00, 0x00, 0x00, 0x00,
  0x00, 0x00, 0x00, 0x00, 0x00, 0x00, 0x00, 0x00, 0x00, 0x00, 0x00, 0x00, 0x00, 0x00, 0x00, 0x00,
  0x00, 0x50, 0x20, 0x69, 0xe0, 0x58, 0x00, 0x00, 0x00, 0x00, 0x00, 0x00, 0x00, 0x00, 0x00, 0x00,
  0x00, 0x00, 0x00, 0x00, 0x00, 0x00, 0x00, 0x00, 0x00, 0x00, 0xe0, 0x79, 0xe0, 0x79, 0xa0, 0x68,
  0xc0, 0x70, 0xa0, 0x68, 0x00, 0x38, 0xe0, 0x60, 0xe0, 0x68, 0xe0, 0x70, 0xc0, 0x70, 0xe0, 0x79,
  0x00, 0xa8, 0x00, 0x78, 0xe0, 0x70, 0xa0, 0x68, 0x80, 0x68, 0x80, 0x78, 0x80, 0x70, 0xc0, 0x70,
  0xa0, 0x78, 0xc1, 0x78, 0xc1, 0x78, 0xa0, 0x78, 0xa0, 0x88, 0xe0, 0x98, 0xe0, 0x98, 0xa0, 0x80,
  0x80, 0x78, 0x00, 0x89, 0x80, 0x78, 0x80, 0x78, 0xc0, 0x88, 0xa0, 0x80, 0xa0, 0x88, 0xa0, 0x80,
  0xe0, 0x90, 0xe0, 0x88, 0xe0, 0x88, 0x40, 0x79, 0xe0, 0x98, 0x80, 0x88, 0xa0, 0x80, 0xc0, 0xa0,
  0xc0, 0xa8, 0x80, 0x80, 0xa0, 0x88, 0xe0, 0xa0, 0xe0, 0x98, 0xc0, 0xa0, 0xa0, 0x90, 0xa0, 0x90,
  0xa0, 0x98, 0xa0, 0x98, 0xc0, 0xa0, 0x80, 0xa0, 0xc0, 0x98, 0x80, 0xa0, 0x60, 0xc1, 0x20, 0xe2,
  0x60, 0x90, 0x80, 0xa0, 0xa0, 0x98, 0xa0, 0xa0, 0xe0, 0xb0, 0x60, 0x90, 0xe0, 0xc0, 0xa0, 0xda,
  0x00, 0xeb, 0x80, 0xa8, 0xc0, 0xb0, 0x80, 0x98, 0x60, 0x98, 0x60, 0xa8, 0x00, 0xb0, 0xe0, 0xe9,
  0xc3, 0xff, 0x04, 0xff, 0x68, 0xff, 0xc5, 0xfd, 0x65, 0xfd, 0x66, 0xfe, 0x86, 0xfe, 0xc6, 0xfe,
  0x63, 0xfe, 0x22, 0xfe, 0x63, 0xfe, 0xa6, 0xfe, 0xe7, 0xfe, 0x89, 0xff, 0xab, 0xff, 0x47, 0xff,
  0x45, 0xff, 0xc5, 0xff, 0xa4, 0xff, 0xe5, 0xff, 0xc4, 0xff, 0xc5, 0xff, 0xe7, 0xff, 0xe6, 0xff,
  0xc6, 0xff, 0x24, 0xff, 0x27, 0xff, 0x6c, 0xff, 0x4a, 0xff, 0x8b, 0xff, 0xad, 0xff, 0x4b, 0xff,
  0x20, 0xff, 0xa0, 0xfe, 0x61, 0xfe, 0x80, 0xfd, 0x80, 0xfc, 0xe0, 0xfa, 0xc0, 0xf0, 0x00, 0xf1,
  0x80, 0xf1, 0x20, 0xe9, 0xe0, 0xd8, 0x20, 0xe1, 0x40, 0xf2, 0xa0, 0xe9, 0xe0, 0xf2, 0xe1, 0xf3,
  0x80, 0xe1, 0x80, 0xe9, 0x00, 0xea, 0x40, 0xd9, 0xe0, 0xe1, 0xc0, 0xe1, 0x60, 0xea, 0x00, 0xf3,
  0x80, 0xf2, 0x20, 0xb1, 0xa0, 0x98, 0x20, 0xb9, 0xc0, 0xb0, 0xa0, 0x98, 0x40, 0xc1, 0x40, 0xc9,
  0x60, 0xc1, 0x00, 0xb1, 0x20, 0x88, 0xc0, 0x98, 0xa0, 0x98, 0x80, 0x90, 0x40, 0x78, 0x20, 0x60,
  0x20, 0x60, 0x80, 0x80, 0xa0, 0x80, 0xe0, 0x98, 0x40, 0x80, 0xc0, 0x98, 0x80, 0x78, 0xa0, 0x80,
  0xe0, 0x90, 0xc0, 0x78, 0x80, 0x78, 0xc0, 0x88, 0xc0, 0x80, 0xc0, 0x78, 0xa0, 0x78, 0xc0, 0x80,
  0xe0, 0x88, 0x00, 0xa8, 0x00, 0xf8, 0x00, 0x00, 0x00, 0x00, 0x00, 0x00, 0x00, 0x00, 0x00, 0x00,
  0x00, 0x00, 0x00, 0x00, 0x00, 0xa8, 0x00, 0x78, 0x00, 0x00, 0x00, 0x78, 0xe0, 0x70, 0xa0, 0x68,
  0xc0, 0x68, 0xc0, 0x70, 0xc0, 0x68, 0x00, 0x50, 0x00, 0x78, 0x00, 0x00, 0x00, 0xf8, 0x00, 0x00,
  0x00, 0x78, 0xe0, 0x58, 0x00, 0x79, 0xe0, 0x70, 0x80, 0x60, 0xe0, 0x7b, 0x00, 0x00, 0x00, 0x00,
  0x00, 0x00, 0x00, 0x00, 0x00, 0x00, 0x00, 0x00, 0x00, 0x00, 0x00, 0x00, 0x00, 0x00, 0x00, 0x00,
  0x00, 0x58, 0xe0, 0x38, 0x00, 0x00, 0x00, 0x00, 0x00, 0x00, 0x00, 0x00, 0x00, 0x00, 0x00, 0x00,
  0x00, 0x00, 0x00, 0x00, 0x00, 0x00, 0x00, 0x00, 0x00, 0x00, 0x00, 0x00, 0x00, 0x00, 0x00, 0x00,
  0x00, 0xf8, 0x00, 0x00, 0x00, 0x00, 0x00, 0x00, 0x00, 0x78, 0x00, 0x78, 0x00, 0x00, 0x00, 0x00,
  0x00, 0x00, 0x00, 0x00, 0x00, 0x78, 0x00, 0x78, 0x80, 0x50, 0xa0, 0x58, 0xc0, 0x50, 0xa0, 0x60,
  0xa0, 0x60, 0x00, 0x00, 0x00, 0xf8, 0x00, 0x00, 0x00, 0xf8, 0x00, 0xf8, 0x00, 0x00, 0xe0, 0x78,
  0xa0, 0x68, 0xe0, 0x39, 0x00, 0x00, 0x00, 0x00, 0xc0, 0x68, 0xc0, 0x68, 0xa0, 0x60, 0xa0, 0x68,
  0xc0, 0x68, 0xa0, 0x68, 0x00, 0x38, 0x60, 0x68, 0x40, 0x51, 0x00, 0x00, 0xc0, 0x78, 0x40, 0x79,
  0x20, 0x69, 0x80, 0x61, 0x80, 0x61, 0x80, 0x60, 0xc0, 0x78, 0x80, 0x88, 0xc0, 0x78, 0xe1, 0x78,
  0xc0, 0x80, 0xc0, 0x98, 0x00, 0xa9, 0x00, 0xa1, 0xc0, 0x90, 0xc0, 0x98, 0xe0, 0x90, 0x80, 0x78,
  0x80, 0x78, 0xa0, 0x80, 0xa0, 0x80, 0xc0, 0x80, 0xc0, 0x80, 0xa0, 0x88, 0x00, 0x78, 0x00, 0xa8,
  0xc0, 0x78, 0xc0, 0x90, 0x00, 0x91, 0xa0, 0x80, 0x80, 0x88, 0xc0, 0xa0, 0xa0, 0x90, 0xe0, 0x90,
  0x80, 0xa8, 0x40, 0x98, 0xc0, 0x80, 0xc0, 0x90, 0x80, 0x88, 0x80, 0x90, 0xa0, 0xa0, 0xa0, 0x98,
  0xa0, 0xa0, 0x00, 0xb9, 0x00, 0xb1, 0xc0, 0xb8, 0x00, 0x88, 0x00, 0x68, 0x40, 0x88, 0x80, 0x98,
  0x60, 0x90, 0x60, 0x98, 0x80, 0xc9, 0x20, 0xea, 0xc0, 0xea, 0x40, 0xc9, 0x80, 0xa8, 0xc0, 0xb0,
  0xa0, 0xa8, 0x80, 0xa8, 0x40, 0xa0, 0x60, 0xb0, 0xa0, 0xe9, 0x81, 0xfe, 0xa5, 0xfe, 0x6a, 0xff,
  0x47, 0xff, 0x69, 0xff, 0x8c, 0xff, 0x4b, 0xff, 0x4a, 0xff, 0x28, 0xff, 0x49, 0xff, 0x08, 0xff,
  0x87, 0xfe, 0x47, 0xfe, 0xe7, 0xfd, 0xc5, 0xfd, 0x64, 0xfd, 0x02, 0xfc, 0x82, 0xfa, 0x81, 0xfa,
  0xa0, 0xfa, 0xe1, 0xfa, 0x81, 0xfb, 0x02, 0xf4, 0xc3, 0xfc, 0x61, 0xfd, 0xc2, 0xfd, 0x24, 0xfe,
  0x29, 0xff, 0x08, 0xff, 0x08, 0xff, 0xe8, 0xfe, 0xa7, 0xfe, 0x21, 0xfe, 0x40, 0xfd, 0x80, 0xfc,
  0x40, 0xfb, 0xc0, 0xfa, 0xe0, 0xfa, 0xa0, 0xfb, 0x20, 0xfc, 0xa0, 0xfa, 0xe0, 0xf1, 0xe0, 0xe9,
  0xa0, 0xf2, 0x60, 0xfa, 0xa0, 0xf1, 0x60, 0xf2, 0xe0, 0xf2, 0x20, 0xea, 0xc0, 0xe9, 0xa0, 0xe1,
  0x20, 0xea, 0xe0, 0xe1, 0xa0, 0xd9, 0x20, 0xd1, 0x20, 0xd9, 0xe0, 0xc0, 0xa0, 0x98, 0xa0, 0xc9,
  0x60, 0xc9, 0xc0, 0xa8, 0xe0, 0xa8, 0x40, 0xc1, 0x80, 0xd1, 0xc0, 0x88, 0x20, 0x68, 0x00, 0x60,
  0x20, 0x70, 0x80, 0x98, 0x80, 0x98, 0x20, 0x60, 0x20, 0x60, 0x60, 0x78, 0x60, 0x70, 0x20, 0x68,
  0x60, 0xb9, 0x60, 0xeb, 0x40, 0xd2, 0xc0, 0x98, 0xe0, 0x90, 0xc0, 0x78, 0xc0, 0x78, 0xc0, 0x80,
  0xe0, 0x80, 0xc0, 0x78, 0xe0, 0x78, 0xc0, 0x80, 0xe0, 0x80, 0x00, 0x78, 0x00, 0x00, 0x00, 0x00,
  0x00, 0x00, 0x00, 0x00, 0x00, 0x00, 0x00, 0x00, 0x00, 0x00, 0x00, 0x00, 0x00, 0x00, 0x00, 0x00,
  0x00, 0x00, 0x00, 0xf8, 0x00, 0xa8, 0x00, 0x00, 0xe0, 0x78, 0xe0, 0x78, 0x20, 0x89, 0xe0, 0x78,
  0x00, 0x00, 0x00, 0x78, 0x00, 0x00, 0x00, 0x00, 0x00, 0x00, 0x00, 0x00, 0xa0, 0x40, 0x00, 0x79,
  0x00, 0x79, 0xa0, 0x38, 0xe0, 0xff, 0x00, 0xf8, 0x00, 0x00, 0x00, 0x00, 0x00, 0x00, 0x00, 0x00,
  0x00, 0x00, 0x00, 0x00, 0x00, 0x00, 0x00, 0xf8, 0x20, 0x49, 0xa0, 0x50, 0xc0, 0x50, 0x80, 0x61,
  0x00, 0x00, 0x00, 0x00, 0x00, 0x00, 0x00, 0x00, 0x00, 0x00, 0x00, 0x00, 0x00, 0x00, 0x00, 0x00,
  0x00, 0x00, 0x00, 0x00, 0x00, 0x00, 0x00, 0x00, 0x00, 0x00, 0x00, 0x00, 0x00, 0x00, 0x00, 0x00,
  0x00, 0x00, 0x00, 0x00, 0x00, 0x00, 0x00, 0x00, 0x00, 0x00, 0x00, 0x00, 0x00, 0x00, 0x00, 0x78,
  0x00, 0x00, 0xa0, 0x60, 0xc0, 0x68, 0xc0, 0x68, 0xc0, 0x60, 0xc0, 0x60, 0x00, 0x38, 0x00, 0x00,
  0x00, 0x00, 0x00, 0xf8, 0x00, 0x78, 0x00, 0x00, 0xe0, 0x58, 0x80, 0x58, 0x00, 0x00, 0x00, 0x00,
  0x00, 0x00, 0xc0, 0x68, 0x80, 0x60, 0xe0, 0x60, 0xc0, 0x60, 0x80, 0x60, 0x80, 0x60, 0x00, 0x00,
  0xc0, 0x68, 0xe0, 0x70, 0xe0, 0x70, 0xa0, 0x78, 0x20, 0x71, 0xe0, 0x58, 0x40, 0x79, 0xa0, 0x70,
  0x40, 0x79, 0x00, 0x60, 0xc0, 0x78, 0xc0, 0x70, 0xc0, 0x80, 0xa0, 0x80, 0xa0, 0x80, 0xc0, 0x90,
  0xa0, 0x70, 0xe0, 0xa0, 0x60, 0xc9, 0xe0, 0x90, 0x80, 0x70, 0xa0, 0x80, 0x80, 0x78, 0xa0, 0x80,
  0xe0, 0x88, 0xe0, 0x98, 0x00, 0x78, 0xe0, 0x88, 0x00, 0x90, 0x00, 0xa8, 0xc0, 0xa0, 0xa0, 0x80,
  0xa0, 0x80, 0xc0, 0x90, 0xc0, 0x88, 0xc0, 0x88, 0x00, 0x78, 0x00, 0x91, 0xe1, 0xeb, 0xc0, 0xc9,
  0x60, 0x98, 0xa0, 0x98, 0x80, 0x90, 0xa0, 0x98, 0xa0, 0x90, 0xa0, 0x98, 0x40, 0x88, 0x40, 0x88,
  0x00, 0x70, 0x20, 0x80, 0x00, 0x58, 0x20, 0x70, 0xa0, 0xa8, 0x80, 0xa8, 0x80, 0xb8, 0x40, 0xd9,
  0x40, 0xea, 0xa0, 0xe1, 0xc0, 0xe1, 0xe0, 0xc0, 0xa0, 0xa8, 0x80, 0xd1, 0x60, 0xd1, 0x80, 0xb0,
  0xe0, 0xc8, 0x40, 0xb8, 0x80, 0xd8, 0x60, 0xe1, 0x20, 0xf2, 0xc0, 0xfa, 0x60, 0xf1, 0xa0, 0xf0,
  0x80, 0xe8, 0x40, 0xe0, 0x80, 0xe8, 0x80, 0xe8, 0x20, 0xe0, 0x20, 0xe0, 0x20, 0xe8, 0x00, 0xe8,
  0x00, 0xe8, 0x00, 0xe8, 0x00, 0xe8, 0x00, 0xe8, 0x00, 0xe8, 0x00, 0xf0, 0x00, 0xe8, 0x00, 0xe8,
  0x00, 0xe8, 0x00, 0xe8, 0x20, 0xf0, 0x40, 0xf0, 0x80, 0xf0, 0xa0, 0xf0, 0x60, 0xf0, 0x20, 0xf0,
  0x00, 0xf0, 0x20, 0xf0, 0xa0, 0xf0, 0x20, 0xfa, 0xe0, 0xfb, 0x60, 0xfc, 0x20, 0xfc, 0xc0, 0xfb,
  0x40, 0xfc, 0xc0, 0xfb, 0xa0, 0xf2, 0x60, 0xf2, 0xc0, 0xfa, 0x60, 0xfa, 0xc0, 0xf1, 0x40, 0xf2,
  0x20, 0xf2, 0x40, 0xf2, 0x40, 0xf2, 0xe0, 0xe9, 0xc0, 0xe9, 0x60, 0xe1, 0x20, 0xc9, 0x20, 0xc1,
  0x20, 0xc9, 0xc0, 0xb8, 0x60, 0xd1, 0x00, 0xa9, 0xc0, 0x98, 0x40, 0x80, 0x40, 0x88, 0xc0, 0xa8,
  0x60, 0x80, 0xa0, 0x98, 0xa0, 0xc1, 0xc0, 0x98, 0xc0, 0xa0, 0xa0, 0xa8, 0xe0, 0xb8, 0x40, 0x80,
  0x40, 0x68, 0x20, 0x60, 0xa0, 0x80, 0xc0, 0x90, 0x80, 0x80, 0x20, 0xb9, 0x40, 0xa9, 0xc0, 0x90,
  0xc0, 0x88, 0xe0, 0x90, 0xc0, 0x88, 0xc0, 0x88, 0xc0, 0x80, 0xa0, 0x80, 0xc0, 0x80, 0xe0, 0x78,
  0x20, 0x91, 0x40, 0x79, 0x00, 0x00, 0x00, 0x00, 0x00, 0x00, 0x00, 0x00, 0x00, 0x00, 0x00, 0x00,
  0x00, 0x00, 0x00, 0x00, 0x00, 0x00, 0x00, 0x00, 0x00, 0x00, 0x00, 0x00, 0x00, 0x00, 0x00, 0xf8,
  0x00, 0x00, 0x20, 0x89, 0x00, 0x91, 0xc0, 0x78, 0xc0, 0x70, 0x00, 0x78, 0x00, 0x78, 0x00, 0x00,
  0x00, 0x00, 0x00, 0x00, 0x00, 0x00, 0xe0, 0x58, 0xc0, 0x68, 0xc0, 0x60, 0xe0, 0x7b, 0x00, 0x00,
  0x00, 0x00, 0x00, 0x00, 0x00, 0x00, 0x00, 0x00, 0x00, 0x00, 0x00, 0x00, 0x00, 0x00, 0x00, 0x00,
  0x00, 0x00, 0x80, 0x48, 0xc0, 0x50, 0xc0, 0x50, 0x40, 0x51, 0x00, 0x00, 0x00, 0x00, 0x00, 0x00,
  0x00, 0x00, 0x00, 0x00, 0x00, 0x00, 0x00, 0x00, 0x00, 0x00, 0x00, 0x00, 0x00, 0x00, 0x00, 0x00,
  0x00, 0x00, 0x00, 0x00, 0x00, 0x00, 0x00, 0x00, 0x00, 0x00, 0x00, 0x00, 0x00, 0x00, 0x00, 0x00,
  0x00, 0x00, 0x00, 0x00, 0x00, 0x00, 0x00, 0x00, 0x00, 0x00, 0xe0, 0x50, 0xa0, 0x60, 0xa0, 0x60,
  0xc0, 0x68, 0x80, 0x60, 0x00, 0x78, 0x00, 0x78, 0x00, 0x00, 0x00, 0x00, 0x00, 0x00, 0x00, 0x00,
  0x00, 0x00, 0x00, 0x00, 0x40, 0x79, 0x00, 0x78, 0x20, 0x49, 0x00, 0x78, 0x00, 0x68, 0x00, 0x78,
  0xe0, 0x68, 0x80, 0x60, 0x80, 0x68, 0xa0, 0x68, 0x80, 0x60, 0x80, 0x60, 0x00, 0x60, 0x80, 0x68,
  0x00, 0xa8, 0x20, 0x69, 0xa0, 0x70, 0xa0, 0x70, 0xc0, 0x78, 0x00, 0x79, 0xc0, 0x78, 0xe0, 0x70,
  0xa0, 0x78, 0xa0, 0x80, 0x80, 0x78, 0xa0, 0x88, 0xa0, 0x80, 0x60, 0x70, 0xe0, 0xa8, 0xe0, 0xb0,
  0xc0, 0x80, 0xa0, 0x78, 0x80, 0x78, 0xa0, 0x78, 0xe0, 0x80, 0xc0, 0x88, 0x20, 0x79, 0xc0, 0x88,
  0xa0, 0x90, 0xe0, 0x88, 0xa0, 0x70, 0xa0, 0x78, 0xa0, 0x80, 0x80, 0x98, 0xe0, 0x88, 0xc0, 0x88,
  0x60, 0x78, 0x00, 0xa9, 0x81, 0xf3, 0xc1, 0xe3, 0x60, 0x88, 0x40, 0x88, 0x40, 0x88, 0xa0, 0xa0,
  0xa0, 0x98, 0x60, 0x90, 0xa0, 0x98, 0x60, 0xc9, 0x60, 0xd1, 0x80, 0x98, 0xa0, 0xa0, 0x20, 0x80,
  0x00, 0x90, 0xa0, 0xb8, 0x00, 0xd2, 0xa0, 0xeb, 0x80, 0xf3, 0xa0, 0xfb, 0x20, 0xfb, 0x40, 0xea,
  0x80, 0xd9, 0x80, 0xa8, 0x80, 0xc9, 0x60, 0xf2, 0xc0, 0xb0, 0x80, 0xa0, 0xc0, 0xc0, 0x60, 0xb8,
  0x20, 0xc0, 0x00, 0xc8, 0x00, 0xd0, 0x00, 0xc8, 0x20, 0xd0, 0x00, 0xd0, 0x00, 0xd8, 0x00, 0xd0,
  0x00, 0xd0, 0x00, 0xc8, 0x20, 0xd8, 0x60, 0xe0, 0x60, 0xe0, 0x80, 0xe0, 0x80, 0xe0, 0xc0, 0xe0,
  0x40, 0xf1, 0x60, 0xe9, 0x80, 0xf1, 0x80, 0xf1, 0x40, 0xf1, 0x20, 0xf1, 0x00, 0xf1, 0xe0, 0xf0,
  0xc0, 0xe8, 0xc0, 0xf0, 0x60, 0xf1, 0x40, 0xf1, 0x60, 0xf1, 0xc0, 0xf9, 0x40, 0xfa, 0x00, 0xfb,
  0x00, 0xfa, 0x20, 0xf1, 0x20, 0xf1, 0xa0, 0xe8, 0xa0, 0xe8, 0x60, 0xe8, 0x60, 0xe8, 0x80, 0xe0,
  0x60, 0xd8, 0xa0, 0xd8, 0xe0, 0xe9, 0x60, 0xfa, 0x00, 0xf2, 0xa0, 0xe9, 0xc0, 0xe9, 0x40, 0xd9,
  0x20, 0xd1, 0xe0, 0xc8, 0xc0, 0xc0, 0x20, 0xc9, 0xa0, 0xa8, 0xe0, 0xb8, 0xe0, 0xb8, 0xc0, 0xb8,
  0xa0, 0xa0, 0x60, 0x80, 0xa0, 0xa0, 0x00, 0xb9, 0x60, 0x88, 0x60, 0x80, 0x60, 0x90, 0x20, 0x78,
  0x60, 0x88, 0x60, 0x90, 0xa0, 0xa0, 0xc0, 0xa0, 0x40, 0x80, 0x60, 0x88, 0x40, 0x68, 0x80, 0x78,
  0xa0, 0x88, 0xc0, 0x88, 0x60, 0x78, 0x40, 0x70, 0xc0, 0x80, 0xc0, 0x80, 0xc0, 0x80, 0xc0, 0x80,
  0xc0, 0x88, 0xe0, 0x80, 0xe0, 0x88, 0xc0, 0x80, 0x00, 0x98, 0x00, 0x50, 0x00, 0x98, 0x00, 0xf8,
  0x00, 0x00, 0x00, 0x00, 0x00, 0x00, 0x00, 0x00, 0x00, 0x00, 0x00, 0x00, 0x00, 0x00, 0x00, 0x00,
  0x00, 0x00, 0x00, 0x00, 0x00, 0x78, 0x00, 0x78, 0x00, 0x78, 0x00, 0x00, 0xa0, 0x60, 0xe0, 0x78,
  0xa0, 0x68, 0xc0, 0x60, 0x00, 0x38, 0x00, 0x00, 0x00, 0x00, 0x00, 0x00, 0x00, 0x00, 0x00, 0x00,
  0x00, 0x50, 0x00, 0x00, 0x00, 0x00, 0x00, 0xf8, 0x00, 0xf8, 0x00, 0x00, 0x00, 0x00, 0x00, 0x00,
  0x00, 0x00, 0x00, 0x00, 0x00, 0x00, 0x00, 0x00, 0x00, 0x00, 0x00, 0x00, 0x00, 0x00, 0x00, 0x00,
  0x00, 0x00, 0x00, 0x50, 0x00, 0x00, 0x00, 0x00, 0x00, 0x00, 0x00, 0x00, 0x00, 0x00, 0x00, 0x00,
  0x00, 0x00, 0x00, 0x00, 0x00, 0x00, 0x00, 0x00, 0x00, 0x00, 0x00, 0x00, 0x00, 0x00, 0x00, 0x00,
  0x00, 0x00, 0x00, 0x00, 0x00, 0x00, 0x00, 0x00, 0x00, 0x00, 0x00, 0x00, 0x00, 0x00, 0x00, 0x00,
  0x00, 0x00, 0x00, 0x00, 0x60, 0x48, 0xa0, 0x50, 0x40, 0x40, 0x80, 0x48, 0xa0, 0x58, 0xa0, 0x52,
  0x00, 0x00, 0x00, 0x00, 0x00, 0x00, 0x00, 0x38, 0x00, 0x50, 0x00, 0x00, 0x00, 0x00, 0x00, 0x00,
  0x00, 0x60, 0x80, 0x60, 0x00, 0x78, 0x00, 0x50, 0xe0, 0x70, 0x80, 0x68, 0x40, 0x68, 0x20, 0x69,
  0x80, 0x60, 0xa0, 0x68, 0xa0, 0x68, 0x00, 0x00, 0x80, 0x61, 0xe0, 0x58, 0xe0, 0x50, 0x80, 0x60,
  0x40, 0x79, 0xe0, 0x78, 0x80, 0x70, 0xa0, 0x70, 0xc0, 0x78, 0xa0, 0x78, 0xa0, 0x78, 0x80, 0x78,
  0xa0, 0x88, 0xa0, 0x88, 0x80, 0x78, 0x80, 0x80, 0x60, 0x78, 0x80, 0x78, 0x80, 0x78, 0x80, 0x78,
  0x80, 0x78, 0x60, 0x80, 0x80, 0x80, 0x80, 0x80, 0x60, 0x70, 0x80, 0x70, 0x80, 0x70, 0x60, 0x70,
  0x80, 0x70, 0x80, 0x80, 0x60, 0x80, 0x80, 0x80, 0xa0, 0x80, 0x80, 0x80, 0x20, 0xa9, 0x40, 0xc9,
  0x00, 0x98, 0x00, 0x68, 0x20, 0x68, 0x60, 0x80, 0x80, 0x90, 0x60, 0x90, 0x60, 0x98, 0xa0, 0x98,
  0x20, 0xb1, 0x40, 0x98, 0x20, 0xa0, 0x60, 0x90, 0xe0, 0xb8, 0x60, 0xea, 0x80, 0xea, 0x60, 0xf2,
  0x80, 0xf2, 0x00, 0xf3, 0x60, 0xf2, 0x60, 0xea, 0xa0, 0xf2, 0xe0, 0xd9, 0xa0, 0xb0, 0x20, 0xb9,
  0xa0, 0xd9, 0x60, 0xa0, 0x40, 0x98, 0xa0, 0xb0, 0xa0, 0xb0, 0xc0, 0xc8, 0xc0, 0xd0, 0xa0, 0xc8,
  0xc0, 0xd0, 0xe0, 0xe0, 0xc0, 0xd8, 0xa0, 0xd8, 0x80, 0xe0, 0xc0, 0xe0, 0x20, 0xe9, 0x40, 0xf1,
  0x60, 0xe9, 0xe0, 0xf1, 0x20, 0xf2, 0x00, 0xf2, 0x20, 0xf2, 0x60, 0xf2, 0x80, 0xfa, 0x60, 0xfa,
  0x80, 0xf2, 0x20, 0xf2, 0xa0, 0xf1, 0xc0, 0xf1, 0x00, 0xfa, 0x40, 0xfa, 0xa0, 0xfa, 0x40, 0xfa,
  0xe0, 0xf1, 0xc0, 0xf1, 0xc0, 0xf1, 0x60, 0xe9, 0xc0, 0xf0, 0xe0, 0xf0, 0xc0, 0xf1, 0xa0, 0xf2,
  0x60, 0xfb, 0xa0, 0xf2, 0xc0, 0xf2, 0x00, 0xfb, 0xc0, 0xfb, 0x00, 0xfb, 0x80, 0xf2, 0x00, 0xf2,
  0xa0, 0xf1, 0x60, 0xe1, 0x40, 0xe1, 0x20, 0xd9, 0xe0, 0xc8, 0xe0, 0xd0, 0xc0, 0xb8, 0x80, 0xa0,
  0xa0, 0xa8, 0xc0, 0xb0, 0x60, 0x98, 0xa0, 0xa0, 0x80, 0x98, 0x80, 0x98, 0xa0, 0xa0, 0xc0, 0xa8,
  0xa0, 0xa0, 0xa0, 0xa0, 0xa0, 0x98, 0xe0, 0xa8, 0xe0, 0xa8, 0x80, 0x90, 0x80, 0x98, 0x80, 0x90,
  0x40, 0x70, 0x60, 0x80, 0x60, 0x80, 0x60, 0x78, 0x40, 0x70, 0x40, 0x68, 0xe0, 0x98, 0x00, 0x99,
  0xc0, 0x98, 0xc0, 0x90, 0xe0, 0x88, 0xc0, 0x88, 0xe0, 0x80, 0xe0, 0x88, 0xe0, 0x88, 0x40, 0x79,
  0x00, 0xa8, 0x00, 0x90, 0x00, 0x50, 0x00, 0x78, 0x00, 0x00, 0x00, 0x00, 0x00, 0x00, 0x00, 0x00,
  0x00, 0x00, 0x00, 0x00, 0x00, 0x00, 0x00, 0xf8, 0x00, 0x78, 0x00, 0xf8, 0x00, 0x00, 0x00, 0x00,
  0x00, 0x78, 0x00, 0x78, 0x00, 0x00, 0x00, 0xa8, 0x40, 0x51, 0xc0, 0x68, 0x40, 0x79, 0x00, 0x00,
  0x00, 0xf8, 0x00, 0x00, 0x00, 0x00, 0x00, 0x00, 0x00, 0x00, 0x00, 0xf8, 0xa0, 0xaa, 0x00, 0x78,
  0x00, 0x00, 0x00, 0x00, 0x00, 0x00, 0x00, 0x00, 0x00, 0x00, 0x00, 0x00, 0x00, 0x00, 0x00, 0x00,
  0x00, 0x00, 0x00, 0x00, 0x00, 0x00, 0x00, 0x00, 0x00, 0x50, 0x00, 0x00, 0x00, 0x00, 0x00, 0x00,
  0x00, 0x00, 0x00, 0x00, 0x00, 0x00, 0x00, 0x00, 0x00, 0x00, 0x00, 0x00, 0x00, 0x00, 0x00, 0x00,
  0x00, 0x00, 0x00, 0x00, 0x00, 0x00, 0x00, 0x00, 0x00, 0x00, 0x00, 0x00, 0x00, 0x00, 0x00, 0x00,
  0x00, 0x00, 0x00, 0x00, 0xe0, 0x39, 0x00, 0x00, 0x00, 0x00, 0x00, 0x00, 0x00, 0x00, 0x00, 0x00,
  0x00, 0x50, 0x00, 0x78, 0x00, 0x60, 0x00, 0x00, 0x00, 0x00, 0x00, 0x00, 0x00, 0x00, 0x00, 0xf8,
  0x00, 0x00, 0x00, 0xf8, 0x00, 0x78, 0x00, 0x78, 0x00, 0x00, 0x00, 0x00, 0x00, 0x78, 0x00, 0x00,
  0xe0, 0x50, 0xa0, 0x58, 0xa0, 0x68, 0x00, 0x78, 0x00, 0x50, 0x80, 0x68, 0xa0, 0x60, 0xa0, 0x58,
  0x00, 0xf8, 0x00, 0x78, 0x00, 0x50, 0x00, 0x50, 0xe0, 0x58, 0x20, 0x69, 0x80, 0x60, 0x80, 0x70,
  0xa0, 0x68, 0x60, 0x68, 0xc0, 0x60, 0x80, 0x78, 0x80, 0x80, 0xa0, 0x70, 0x80, 0x70, 0x80, 0x70,
  0x60, 0x70, 0x60, 0x68, 0x80, 0x78, 0x80, 0x78, 0x80, 0x78, 0xa0, 0x78, 0x80, 0x78, 0x80, 0x70,
  0x80, 0x70, 0x80, 0x78, 0x80, 0x70, 0x60, 0x78, 0x80, 0x80, 0x80, 0x78, 0x80, 0x80, 0x80, 0x88,
  0xa0, 0x88, 0x80, 0x90, 0x80, 0x88, 0xa0, 0x90, 0x80, 0x88, 0xe0, 0x98, 0x80, 0x98, 0x80, 0x90,
  0x60, 0x90, 0xa0, 0xb0, 0x20, 0xd1, 0x60, 0x98, 0x00, 0x70, 0x20, 0xa0, 0xe0, 0xd1, 0x00, 0xeb,
  0xc0, 0xf3, 0x00, 0xf3, 0x20, 0xea, 0x20, 0xe2, 0x60, 0xe9, 0x80, 0xe9, 0x60, 0xe1, 0x40, 0xe9,
  0xe0, 0xe9, 0x80, 0xd9, 0x60, 0xf2, 0x60, 0xd1, 0x20, 0xc1, 0x00, 0xc1, 0x00, 0xc1, 0xc0, 0xb8,
  0xc0, 0xb8, 0x60, 0xa8, 0xe0, 0xc0, 0x00, 0xd1, 0x00, 0xc9, 0x40, 0xe1, 0x40, 0xe1, 0xc0, 0xd0,
  0xa0, 0xd0, 0xe0, 0xd8, 0x00, 0xe1, 0x20, 0xe9, 0x20, 0xe9, 0x80, 0xe9, 0xa0, 0xe9, 0xe0, 0xe9,
  0xc0, 0xe9, 0x80, 0xe9, 0x60, 0xe9, 0x40, 0xe9, 0x60, 0xe9, 0x80, 0xf1, 0x40, 0xf2, 0x20, 0xfb,
  0xe0, 0xfa, 0xc0, 0xfa, 0xa0, 0xfa, 0xc0, 0xf1, 0x60, 0xf1, 0x60, 0xf1, 0xa0, 0xf1, 0xc0, 0xf1,
  0x20, 0xea, 0xc0, 0xfb, 0x80, 0xfd, 0xa0, 0xfd, 0x40, 0xfd, 0xa0, 0xfc, 0xc0, 0xfb, 0xe0, 0xf2,
  0x00, 0xf2, 0xc0, 0xe1, 0x00, 0xd1, 0xa0, 0xe9, 0x40, 0xe1, 0x20, 0xd9, 0x80, 0xe9, 0x40, 0xe1,
  0x60, 0xe1, 0x40, 0xe1, 0x00, 0xc9, 0x00, 0xc1, 0xa0, 0xa8, 0xa0, 0xa8, 0xe0, 0xb8, 0x40, 0xc9,
  0x20, 0xc9, 0xe0, 0xb0, 0x80, 0x90, 0x80, 0x88, 0x40, 0x78, 0x40, 0x70, 0x60, 0x78, 0x20, 0xb9,
  0x80, 0x90, 0xc0, 0xa0, 0xe0, 0xb8, 0x00, 0xc9, 0xe0, 0xa8, 0xc0, 0x88, 0xa0, 0x90, 0x80, 0x80,
  0x60, 0x78, 0x60, 0x70, 0x80, 0x78, 0xa0, 0x88, 0x00, 0x91, 0xe0, 0x88, 0xc0, 0x88, 0xe0, 0x80,
  0x80, 0x88, 0xc0, 0x78, 0x00, 0x81, 0xe0, 0x70, 0x20, 0x91, 0x00, 0x78, 0x00, 0x78, 0x00, 0xf8,
  0xe0, 0x79, 0x80, 0x61, 0x00, 0x00, 0x00, 0x00, 0x00, 0x00, 0x00, 0xf8, 0x00, 0x00, 0x00, 0x00,
  0x00, 0x00, 0x00, 0x00, 0x00, 0x00, 0x00, 0x00, 0x00, 0x00, 0x00, 0x00, 0x00, 0x00, 0x00, 0x00,
  0x00, 0xf8, 0x00, 0x00, 0x00, 0x00, 0x00, 0x00, 0x00, 0x00, 0x00, 0x00, 0x00, 0x00, 0x00, 0x00,
  0x00, 0x00, 0x00, 0x00, 0x00, 0xf8, 0x00, 0x78, 0x00, 0x00, 0x00, 0x00, 0x00, 0x00, 0x00, 0x00,
  0x00, 0x00, 0x00, 0x00, 0x00, 0x00, 0x00, 0x00, 0x00, 0x00, 0x00, 0x00, 0x00, 0x00, 0x00, 0x00,
  0x00, 0x00, 0x00, 0x00, 0x00, 0x00, 0x00, 0x00, 0x00, 0x00, 0x00, 0x00, 0x00, 0x00, 0x00, 0x00,
  0x00, 0x00, 0x00, 0x00, 0x00, 0x00, 0x00, 0x00, 0x00, 0x00, 0x00, 0x00, 0x00, 0x00, 0x00, 0x00,
  0x00, 0x00, 0x00, 0x00, 0x00, 0x00, 0x00, 0x00, 0x00, 0xf8, 0x00, 0x00, 0xe0, 0x50, 0xc0, 0x48,
  0x00, 0x00, 0x00, 0x00, 0x00, 0x00, 0x00, 0x00, 0x00, 0x00, 0x00, 0x00, 0x00, 0x00, 0x00, 0x00,
  0x00, 0x00, 0x00, 0x00, 0x00, 0x00, 0x00, 0x00, 0x00, 0x78, 0x00, 0xf8, 0x00, 0x00, 0x00, 0x78,
  0xe0, 0x50, 0x00, 0x30, 0xe0, 0x70, 0x80, 0x60, 0x00, 0x00, 0xa0, 0x60, 0xa0, 0x60, 0x80, 0x60,
  0x00, 0x00, 0xe0, 0x70, 0x00, 0x98, 0x00, 0x00, 0x80, 0x58, 0xe0, 0x70, 0x00, 0x00, 0x00, 0x50,
  0x00, 0x00, 0x00, 0x00, 0x80, 0x78, 0xa0, 0x68, 0x80, 0x68, 0xc0, 0x68, 0x80, 0x70, 0xa0, 0x70,
  0xa0, 0x70, 0x80, 0x70, 0x80, 0x68, 0x80, 0x70, 0x60, 0x68, 0x60, 0x68, 0x60, 0x68, 0x80, 0x70,
  0xa0, 0x78, 0x80, 0x78, 0xa0, 0x78, 0x80, 0x78, 0xa0, 0x78, 0x80, 0x78, 0x80, 0x80, 0xc0, 0x90,
  0xe0, 0x90, 0xe0, 0x90, 0xa0, 0x90, 0xa0, 0x90, 0x80, 0x80, 0x60, 0x80, 0x80, 0x88, 0xa0, 0x88,
  0xc0, 0x98, 0xa0, 0xa0, 0xa0, 0xb0, 0x60, 0x90, 0x00, 0x68, 0x00, 0x80, 0x20, 0x88, 0x20, 0x98,
  0xe0, 0xa0, 0x80, 0xe3, 0x20, 0xfc, 0x00, 0xfc, 0x40, 0xea, 0xa0, 0xe1, 0x20, 0xea, 0x40, 0xd9,
  0x40, 0xd9, 0x80, 0xd9, 0xa0, 0xea, 0x40, 0xfb, 0xa0, 0xf2, 0x00, 0xea, 0x80, 0xe1, 0xe0, 0xe9,
  0x20, 0xc9, 0x20, 0xe2, 0xa0, 0xd9, 0xc0, 0xb8, 0x00, 0xc1, 0x20, 0xd1, 0x00, 0xc9, 0x40, 0xd1,
  0x20, 0xd1, 0x60, 0xd9, 0xe0, 0xe9, 0x80, 0xe1, 0x40, 0xe1, 0x00, 0xd1, 0xa0, 0xc8, 0x00, 0xd1,
  0x20, 0xd9, 0x00, 0xe1, 0x20, 0xe9, 0x00, 0xe1, 0xc0, 0xe0, 0xc0, 0xe0, 0x80, 0xe9, 0x20, 0xfa,
  0x00, 0xfa, 0x00, 0xfa, 0x80, 0xf9, 0xa0, 0xf1, 0x40, 0xf1, 0xe0, 0xf9, 0x40, 0xfa, 0xa0, 0xf2,
  0xe0, 0xfb, 0x00, 0xfd, 0x40, 0xfd, 0xe0, 0xfd, 0x20, 0xfe, 0x40, 0xfd, 0x20, 0xfc, 0x00, 0xeb,
  0xc0, 0xe9, 0x40, 0xe1, 0xa0, 0xd0, 0xc0, 0xd8, 0x60, 0xb0, 0x40, 0xa0, 0x20, 0x90, 0x20, 0x90,
  0x00, 0xd1, 0xc0, 0xc0, 0xa0, 0xb0, 0x40, 0xd1, 0x20, 0xd1, 0xc0, 0xc0, 0x40, 0xd9, 0xe0, 0xc0,
  0xe0, 0xb8, 0xa0, 0xa8, 0x60, 0x98, 0x80, 0xa0, 0xa0, 0xa8, 0xa0, 0xa0, 0x60, 0x88, 0x40, 0x78,
  0x80, 0x88, 0x80, 0x88, 0x60, 0xa0, 0x40, 0x80, 0x40, 0x70, 0xa0, 0xa8, 0xa0, 0xa0, 0xe0, 0xb0,
  0x40, 0xc1, 0x80, 0xc9, 0xc0, 0x98, 0x80, 0x80, 0xa0, 0x88, 0xa0, 0x88, 0x80, 0x78, 0x80, 0x80,
  0xc0, 0x88, 0xe0, 0x88, 0x00, 0x91, 0xa0, 0x80, 0xc0, 0x88, 0x20, 0x89, 0x80, 0x88, 0x00, 0x89,
  0xa0, 0x90, 0x00, 0x78, 0x00, 0x00, 0x00, 0x00, 0x00, 0x00, 0x00, 0x78, 0xa0, 0xaa, 0x00, 0x00,
  0x00, 0x00, 0x00, 0x00, 0x00, 0x00, 0x00, 0x00, 0x00, 0x00, 0x00, 0x00, 0x00, 0x00, 0x00, 0x00,
  0x00, 0x00, 0x00, 0x00, 0x00, 0x00, 0x00, 0x00, 0x00, 0x00, 0x00, 0x00, 0x00, 0x00, 0x00, 0x00,
  0x00, 0x00, 0x00, 0x00, 0x00, 0x00, 0x00, 0x00, 0x00, 0x00, 0x00, 0x00, 0x00, 0x00, 0x00, 0x00,
  0x00, 0x00, 0x00, 0x00, 0x00, 0x00, 0x00, 0x00, 0x00, 0x00, 0x00, 0x00, 0x00, 0x00, 0x00, 0x00,
  0x00, 0x00, 0x00, 0x00, 0x00, 0x00, 0x00, 0x00, 0x00, 0x00, 0x00, 0x00, 0x00, 0x00, 0x00, 0x00,
  0x00, 0x00, 0x00, 0x00, 0x00, 0x00, 0x00, 0x00, 0x00, 0x00, 0x00, 0x00, 0x00, 0x00, 0x00, 0x00,
  0x00, 0x00, 0x00, 0x00, 0x00, 0x00, 0x00, 0x00, 0x00, 0x00, 0x00, 0x00, 0x00, 0x00, 0x00, 0x00,
  0x00, 0x00, 0x00, 0x00, 0x00, 0x00, 0x00, 0x50, 0x00, 0x00, 0x00, 0x00, 0x00, 0x00, 0x00, 0x00,
  0x00, 0x00, 0x00, 0x00, 0x00, 0x00, 0x00, 0x00, 0x00, 0x00, 0x00, 0x00, 0x00, 0x00, 0x00, 0x00,
  0x00, 0x00, 0x00, 0x00, 0x00, 0x00, 0x00, 0x00, 0x00, 0x00, 0x00, 0x38, 0xa0, 0x60, 0xc0, 0x60,
  0xe0, 0x50, 0x00, 0x50, 0xa0, 0x68, 0xa0, 0x68, 0x80, 0x60, 0xa0, 0x68, 0xe0, 0x58, 0x00, 0xa8,
  0x20, 0x69, 0xa0, 0x60, 0xa0, 0x60, 0x00, 0x00, 0x00, 0x00, 0x00, 0x78, 0x40, 0x69, 0x80, 0x70,
  0x80, 0x68, 0x60, 0x68, 0xa0, 0x68, 0xa0, 0x70, 0x80, 0x70, 0xa0, 0x70, 0x80, 0x70, 0x80, 0x68,
  0xa0, 0x70, 0x60, 0x70, 0x80, 0x70, 0x80, 0x70, 0x80, 0x78, 0x80, 0x68, 0x60, 0x70, 0x60, 0x78,
  0x60, 0x70, 0x60, 0x70, 0xa0, 0x80, 0xa0, 0x80, 0x80, 0x78, 0x40, 0x70, 0x80, 0x78, 0x80, 0x80,
  0x80, 0x88, 0x60, 0x80, 0x60, 0x80, 0x40, 0x78, 0x20, 0x60, 0x60, 0x88, 0x20, 0x80, 0x00, 0x88,
  0x00, 0x80, 0x80, 0x90, 0x60, 0xc1, 0x00, 0xda, 0xc0, 0xea, 0x20, 0xfc, 0xc0, 0xfb, 0x00, 0xf2,
  0xc0, 0xd0, 0x80, 0xc8, 0xe0, 0xc0, 0xe0, 0xb8, 0xe0, 0xb8, 0xc0, 0xc0, 0xc0, 0xc0, 0x60, 0xb8,
  0xc0, 0xc0, 0x40, 0xd9, 0xc0, 0xe1, 0x00, 0xe2, 0x80, 0xd9, 0xe0, 0xb8, 0x80, 0xd9, 0x60, 0xd1,
  0x20, 0xd1, 0xc0, 0xb8, 0x00, 0xc9, 0xe0, 0xc0, 0x00, 0xc9, 0x60, 0xd9, 0xa0, 0xe1, 0xe0, 0xe9,
  0xc0, 0xe9, 0x60, 0xe1, 0x40, 0xd9, 0xe0, 0xd8, 0x00, 0xe1, 0xc0, 0xe8, 0x40, 0xe9, 0x20, 0xf2,
  0x60, 0xf2, 0xc0, 0xfa, 0x00, 0xfb, 0x80, 0xfa, 0x20, 0xfa, 0x60, 0xfa, 0x80, 0xfa, 0x20, 0xfb,
  0x00, 0xfc, 0x20, 0xfd, 0xe1, 0xfd, 0xa0, 0xfd, 0xa0, 0xfd, 0xe0, 0xfd, 0x80, 0xfc, 0x80, 0xfb,
  0xa0, 0xfa, 0xc0, 0xf9, 0x00, 0xe9, 0x40, 0xc0, 0x00, 0xb0, 0x40, 0xb0, 0x60, 0xa8, 0x60, 0xa8,
  0x60, 0x88, 0x60, 0x90, 0x80, 0xa0, 0x40, 0x88, 0x60, 0x90, 0xa0, 0xb0, 0xa0, 0xb0, 0x20, 0x90,
  0x80, 0xa8, 0xc0, 0xb8, 0xe0, 0xc0, 0xc0, 0xb8, 0x80, 0xa8, 0xa0, 0xa8, 0x80, 0x98, 0x60, 0x90,
  0x80, 0x98, 0xa0, 0xa0, 0xa0, 0xa0, 0x60, 0x88, 0xc0, 0xa0, 0xc0, 0xa8, 0x60, 0x90, 0x80, 0xd9,
  0xc0, 0xe9, 0x60, 0x98, 0x60, 0x88, 0x80, 0x90, 0x60, 0x78, 0x60, 0x70, 0xa0, 0x80, 0x60, 0x78,
  0xa0, 0x80, 0xa0, 0x88, 0xa0, 0x88, 0xa0, 0x88, 0x80, 0x70, 0x80, 0x78, 0xa0, 0x80, 0xc0, 0x88,
  0xc0, 0x88, 0xc0, 0x78, 0xc0, 0x78, 0xc0, 0x80, 0xa0, 0x80, 0x40, 0x79, 0xe0, 0xfb, 0x00, 0x00,
  0x00, 0x00, 0x00, 0x00, 0x00, 0x78, 0xa0, 0xaa, 0x00, 0x00, 0x00, 0x00, 0x00, 0x00, 0x00, 0x00,
  0x00, 0x00, 0x00, 0x00, 0x00, 0x00, 0x00, 0x00, 0x00, 0x00, 0x00, 0x00, 0x00, 0x00, 0x00, 0x00,
  0x00, 0x00, 0x00, 0x00, 0x00, 0x00, 0x00, 0x00, 0x00, 0x00, 0x00, 0x00, 0x00, 0x00, 0x00, 0x00,
  0x00, 0x00, 0x00, 0x00, 0x00, 0x00, 0x00, 0x00, 0x00, 0x00, 0x00, 0x00, 0x00, 0x00, 0x00, 0x00,
  0x00, 0x00, 0x00, 0x00, 0x00, 0x00, 0x00, 0x00, 0x00, 0x00, 0x00, 0x00, 0x00, 0x00, 0x00, 0x00,
  0x00, 0x00, 0x00, 0x00, 0x00, 0x00, 0x00, 0x00, 0x00, 0x00, 0x00, 0x00, 0x00, 0x00, 0x00, 0x00,
  0x00, 0x00, 0x00, 0x00, 0x00, 0x00, 0x00, 0x00, 0x00, 0x00, 0x00, 0x00, 0x00, 0x00, 0x00, 0x00,
  0x00, 0x00, 0x00, 0x00, 0x00, 0x00, 0x00, 0x00, 0x00, 0x00, 0x00, 0x00, 0x00, 0x00, 0x00, 0x00,
  0x00, 0x00, 0x00, 0x00, 0x00, 0x00, 0x00, 0x00, 0x00, 0x00, 0x00, 0x00, 0x00, 0x00, 0x00, 0x00,
  0x00, 0x00, 0x00, 0x00, 0x00, 0x00, 0x00, 0x00, 0x00, 0x00, 0x00, 0x00, 0x00, 0x00, 0x00, 0x00,
  0x00, 0x00, 0xe0, 0x7b, 0x00, 0x60, 0xa0, 0x60, 0x80, 0x60, 0xe0, 0x58, 0x00, 0x50, 0xe0, 0x68,
  0x20, 0x49, 0x00, 0x60, 0xc0, 0x78, 0xe0, 0x58, 0x80, 0x61, 0xe0, 0x70, 0xe0, 0x60, 0x60, 0x60,
  0x00, 0x00, 0x00, 0x00, 0x00, 0x38, 0x00, 0x78, 0x00, 0x78, 0xe0, 0x78, 0x80, 0x68, 0xa0, 0x68,
  0x60, 0x70, 0xc0, 0x68, 0xe0, 0x78, 0x80, 0x70, 0xa0, 0x70, 0xa0, 0x78, 0xa0, 0x70, 0xa0, 0x78,
  0x60, 0x70, 0x80, 0x70, 0x60, 0x68, 0x60, 0x68, 0x60, 0x70, 0x40, 0x68, 0x40, 0x68, 0x60, 0x70,
  0x40, 0x70, 0x60, 0x70, 0x40, 0x78, 0x80, 0x80, 0x80, 0x78, 0x40, 0x80, 0x40, 0x78, 0x20, 0x68,
  0x00, 0x58, 0x40, 0x70, 0xe0, 0xb0, 0xa0, 0xd9, 0x80, 0xd9, 0x00, 0xf3, 0x60, 0xfc, 0xe0, 0xea,
  0xe0, 0xd9, 0xc0, 0xd1, 0xe0, 0xb8, 0x40, 0xa8, 0x20, 0x98, 0x80, 0xa8, 0x60, 0x90, 0x00, 0x78,
  0x20, 0x80, 0x60, 0x98, 0x80, 0xa8, 0x80, 0xa8, 0x00, 0xc9, 0x60, 0xa8, 0xc0, 0xc0, 0x60, 0xfb,
  0x00, 0xf3, 0x80, 0xe1, 0xc0, 0xb8, 0xa0, 0xd9, 0xe0, 0xe9, 0x20, 0xd1, 0xc0, 0xc0, 0xc0, 0xc8,
  0x80, 0xb8, 0xa0, 0xc0, 0xe0, 0xd0, 0xc0, 0xc8, 0xe0, 0xd0, 0x60, 0xd0, 0x80, 0xe0, 0xe0, 0xf0,
  0x40, 0xf1, 0x20, 0xf2, 0x40, 0xfb, 0x20, 0xfc, 0xe0, 0xfb, 0xa0, 0xfb, 0x40, 0xfb, 0x20, 0xfb,
  0x20, 0xfc, 0xa0, 0xfd, 0x40, 0xfe, 0xc0, 0xfd, 0x20, 0xfd, 0x40, 0xfc, 0xa0, 0xfb, 0xe0, 0xfa,
  0x00, 0xf2, 0x60, 0xf1, 0x40, 0xf1, 0x20, 0xe9, 0xc0, 0xd8, 0x80, 0xc0, 0x60, 0xb8, 0xa0, 0xc8,
  0xc0, 0xc0, 0x80, 0xb8, 0x80, 0xb0, 0xc0, 0xc0, 0xe0, 0xd0, 0x80, 0xa0, 0x20, 0x80, 0x80, 0x98,
  0xc0, 0xb8, 0xa0, 0xb0, 0x60, 0x90, 0x20, 0x80, 0x80, 0x98, 0x20, 0xc9, 0x80, 0xd9, 0xe0, 0xb8,
  0xa0, 0xb0, 0x40, 0x98, 0x40, 0x90, 0xa0, 0xa0, 0x60, 0x90, 0x40, 0x80, 0x60, 0x88, 0x40, 0x70,
  0x80, 0x98, 0xc0, 0xa8, 0x60, 0x88, 0xa0, 0xb0, 0x20, 0xb9, 0xe0, 0xa8, 0x60, 0x88, 0xa0, 0xa0,
  0xa0, 0x98, 0x60, 0x78, 0x40, 0x68, 0x60, 0x78, 0xa0, 0x88, 0xc0, 0x88, 0xc0, 0x88, 0xc0, 0x88,
  0xe0, 0x88, 0x80, 0x80, 0xa0, 0x80, 0xc0, 0x88, 0xc0, 0x80, 0xa0, 0x80, 0xe0, 0x78, 0xe0, 0x88,
  0xc0, 0x80, 0xe0, 0x78, 0x80, 0x99, 0x00, 0xb8, 0x00, 0xf8, 0x00, 0x00, 0x00, 0x00, 0x00, 0x00,
  0x00, 0x00, 0x00, 0x00, 0x00, 0xf8, 0x00, 0x00, 0x00, 0x00, 0x00, 0x00, 0x00, 0x00, 0x00, 0x00,
  0x00, 0x00, 0x00, 0x00, 0x00, 0x00, 0x00, 0x00, 0x00, 0x00, 0x00, 0x00, 0x00, 0x00, 0x00, 0x00,
  0x00, 0x00, 0x00, 0x00, 0x00, 0x00, 0x00, 0x00, 0x00, 0x00, 0x00, 0x00, 0x00, 0x00, 0x00, 0x00,
  0x00, 0x00, 0x00, 0x00, 0x00, 0x00, 0x00, 0x00, 0x00, 0x00, 0x00, 0x00, 0x00, 0x00, 0x00, 0x00,
  0x00, 0x00, 0x00, 0x00, 0x00, 0x00, 0x00, 0x00, 0x00, 0x00, 0x00, 0x00, 0x00, 0x00, 0x00, 0x00,
  0x00, 0x00, 0x00, 0x00, 0x00, 0x00, 0x00, 0x00, 0x00, 0x00, 0x00, 0x00, 0x00, 0x00, 0x00, 0x00,
  0x00, 0x00, 0x00, 0x00, 0x00, 0x00, 0x00, 0x00, 0x00, 0x00, 0x00, 0x00, 0x00, 0x00, 0x00, 0x00,
  0x00, 0x00, 0x00, 0x00, 0x00, 0x00, 0x00, 0x00, 0x00, 0x00, 0x00, 0x00, 0x00, 0x00, 0x00, 0x00,
  0x00, 0x78, 0x00, 0x00, 0x00, 0x00, 0x00, 0x00, 0x00, 0x00, 0x00, 0x00, 0x00, 0x00, 0x00, 0x00,
  0x00, 0x00, 0x00, 0x00, 0x00, 0x00, 0x00, 0x00, 0x00, 0x00, 0x00, 0x00, 0x00, 0xf8, 0x00, 0x38,
  0x00, 0x00, 0xe0, 0x58, 0x60, 0x60, 0x00, 0x78, 0x00, 0x50, 0x00, 0xa8, 0x00, 0x60, 0x00, 0x00,
  0x00, 0x00, 0x00, 0x78, 0xc0, 0x60, 0xc0, 0x60, 0x00, 0x00, 0x00, 0x00, 0x00, 0x00, 0x00, 0x78,
  0x00, 0xf8, 0x40, 0x79, 0x60, 0x70, 0x80, 0x60, 0xc0, 0x60, 0x40, 0x60, 0xa0, 0x70, 0x80, 0x68,
  0x80, 0x68, 0xa0, 0x70, 0xa0, 0x70, 0x80, 0x70, 0x80, 0x70, 0x60, 0x70, 0x60, 0x70, 0x80, 0x78,
  0x60, 0x70, 0x80, 0x78, 0x60, 0x70, 0x60, 0x78, 0x80, 0x78, 0x60, 0x70, 0x80, 0x80, 0xc0, 0xa0,
  0x60, 0x80, 0x40, 0x70, 0x40, 0x78, 0x60, 0x88, 0xa0, 0x98, 0x20, 0xb9, 0x80, 0xe9, 0x60, 0xd9,
  0xe0, 0xb8, 0xa0, 0xa8, 0xc0, 0xa8, 0xe0, 0xa0, 0x40, 0x88, 0x00, 0x78, 0x00, 0x68, 0x00, 0x60,
  0x00, 0x68, 0x20, 0x88, 0x20, 0x80, 0x40, 0x78, 0x40, 0x78, 0xe0, 0xa8, 0xa0, 0x98, 0x40, 0x88,
  0x80, 0xa0, 0xc0, 0xb0, 0xa0, 0xb8, 0x60, 0xd9, 0x61, 0xfc, 0xa0, 0xf2, 0x00, 0xd1, 0x20, 0xc9,
  0x60, 0xd9, 0x80, 0xf2, 0x00, 0xea, 0x00, 0xd1, 0xe0, 0xc8, 0x40, 0xe1, 0x60, 0xe1, 0x20, 0xd9,
  0x40, 0xe1, 0x20, 0xe9, 0x60, 0xe9, 0x00, 0xf3, 0xc0, 0xfb, 0xc0, 0xfb, 0x40, 0xfc, 0xa0, 0xfb,
  0xa0, 0xfb, 0x40, 0xfc, 0xa0, 0xfc, 0x40, 0xfd, 0x40, 0xfd, 0xe0, 0xfc, 0x00, 0xfc, 0xe0, 0xf2,
  0xc0, 0xf1, 0x60, 0xf1, 0xe0, 0xe0, 0xa0, 0xe0, 0x80, 0xe0, 0x60, 0xd0, 0x60, 0xc0, 0x80, 0xc0,
  0x80, 0xb0, 0x40, 0xa0, 0x80, 0xa8, 0xa0, 0xb0, 0xc0, 0xb8, 0x80, 0xc0, 0xa0, 0xb8, 0x40, 0x98,
  0x60, 0xa0, 0x80, 0xb8, 0x40, 0x88, 0x60, 0x80, 0x80, 0x98, 0x80, 0xa0, 0xa0, 0xa8, 0x40, 0x88,
  0xa0, 0xa8, 0x80, 0xd1, 0x00, 0xb9, 0x00, 0xc1, 0xc0, 0xb8, 0xa0, 0xb8, 0x60, 0xea, 0x00, 0xb9,
  0x40, 0x90, 0x40, 0x88, 0x60, 0x80, 0x80, 0x90, 0x60, 0x90, 0x20, 0x70, 0x40, 0x78, 0x60, 0x80,
  0xa0, 0x98, 0x00, 0x78, 0x00, 0x68, 0x40, 0x70, 0x60, 0x78, 0x40, 0x68, 0x60, 0x70, 0x60, 0x78,
  0x60, 0x80, 0x80, 0x80, 0xa0, 0x78, 0xc0, 0x88, 0xa0, 0x90, 0xc0, 0x88, 0xc0, 0x88, 0xc0, 0x80,
  0xc0, 0x88, 0xc0, 0x80, 0x00, 0x89, 0xa0, 0x70, 0x00, 0x00, 0x00, 0x00, 0xa0, 0x88, 0x00, 0xf8,
  0xe0, 0xb9, 0x00, 0xf8, 0x00, 0x00, 0x00, 0x00, 0x00, 0x00, 0x00, 0x00, 0x00, 0x00, 0x00, 0x00,
  0x00, 0xf8, 0x00, 0x78, 0x00, 0x00, 0x00, 0x00, 0x00, 0x00, 0x00, 0x00, 0x00, 0x00, 0x00, 0x00,
  0x00, 0x00, 0x00, 0x00, 0x00, 0x00, 0x00, 0x00, 0x00, 0x00, 0x00, 0x00, 0x00, 0x00, 0x00, 0x00,
  0x00, 0x00, 0x00, 0x00, 0x00, 0x00, 0x00, 0x00, 0x00, 0x00, 0x00, 0x00, 0x00, 0x00, 0x00, 0x00,
  0x00, 0x00, 0x00, 0x00, 0x00, 0x00, 0x00, 0x00, 0x00, 0x00, 0x00, 0x00, 0x00, 0x00, 0x00, 0x00,
  0x00, 0x00, 0x00, 0x00, 0x00, 0x00, 0x00, 0x00, 0x00, 0x00, 0x00, 0x00, 0x00, 0x00, 0x00, 0x00,
  0x00, 0x00, 0x00, 0x00, 0x00, 0x00, 0x00, 0x00, 0x00, 0x00, 0x00, 0x00, 0x00, 0x00, 0x00, 0x00,
  0x00, 0x00, 0x00, 0x00, 0x00, 0x00, 0x00, 0x00, 0x00, 0x00, 0x00, 0x00, 0x00, 0x00, 0x00, 0x00,
  0x00, 0x00, 0x00, 0x00, 0x00, 0x00, 0x00, 0x50, 0x00, 0x60, 0x00, 0x00, 0x00, 0x00, 0x00, 0x00,
  0x00, 0x00, 0x00, 0x78, 0x00, 0x00, 0xc0, 0x60, 0x80, 0x50, 0x80, 0x61, 0x00, 0x00, 0x00, 0x00,
  0x00, 0x00, 0x00, 0x00, 0x00, 0x00, 0x00, 0x78, 0x00, 0x78, 0x00, 0x60, 0x80, 0x58, 0x80, 0x58,
  0x00, 0x38, 0xe0, 0x50, 0x00, 0x38, 0x00, 0x68, 0xa0, 0x60, 0xa0, 0x60, 0x00, 0x00, 0xa0, 0x60,
  0x00, 0x78, 0x00, 0x00, 0x00, 0x00, 0x00, 0x00, 0x00, 0xf8, 0x00, 0x78, 0x00, 0x00, 0x00, 0x00,
  0xc0, 0x70, 0x80, 0x70, 0x80, 0x68, 0xa0, 0x70, 0x00, 0x78, 0x80, 0x70, 0x60, 0x70, 0x60, 0x68,
  0x60, 0x70, 0x40, 0x68, 0x60, 0x70, 0x80, 0x70, 0x80, 0x70, 0x60, 0x78, 0xa0, 0x88, 0x80, 0x88,
  0x60, 0x80, 0x80, 0x80, 0x80, 0x80, 0x80, 0x88, 0x60, 0x88, 0x60, 0x88, 0x80, 0xa0, 0x00, 0xc9,
  0x20, 0xd9, 0x40, 0xe1, 0x20, 0xc9, 0xa0, 0xb0, 0x40, 0x90, 0x00, 0x68, 0x00, 0x70, 0x40, 0x90,
  0x20, 0x90, 0x60, 0x98, 0x80, 0xa0, 0x80, 0xa8, 0xa0, 0xa8, 0x40, 0x90, 0x60, 0xa0, 0x60, 0x98,
  0x60, 0x90, 0x60, 0x90, 0x00, 0xc1, 0xa0, 0xa8, 0x00, 0x70, 0xe0, 0xb8, 0x60, 0xd1, 0xc0, 0xe1,
  0x80, 0xe1, 0x20, 0xfb, 0x00, 0xea, 0xa0, 0xe1, 0xe0, 0xe9, 0x60, 0xd9, 0x80, 0xe1, 0x40, 0xf2,
  0x80, 0xe9, 0x00, 0xea, 0xc0, 0xfa, 0xe0, 0xfa, 0xa0, 0xfb, 0xa0, 0xfb, 0xa0, 0xfb, 0xc0, 0xfc,
  0x40, 0xfd, 0x80, 0xfc, 0x40, 0xfc, 0x00, 0xfd, 0xe0, 0xfc, 0xc0, 0xfc, 0x80, 0xfd, 0x80, 0xfd,
  0xa0, 0xfc, 0xa0, 0xfa, 0x60, 0xf1, 0xc0, 0xe8, 0x40, 0xf1, 0xe0, 0xe0, 0xc0, 0xe8, 0xe0, 0xd8,
  0x20, 0xd9, 0x00, 0xc9, 0x80, 0xb0, 0x00, 0x80, 0x20, 0x80, 0x60, 0x90, 0x80, 0x88, 0x80, 0x98,
  0x60, 0xa0, 0xe0, 0xa0, 0x60, 0xe2, 0x80, 0xb8, 0x60, 0xb0, 0x60, 0xa8, 0xe0, 0xd0, 0xe0, 0xc0,
  0xa0, 0xb0, 0xc0, 0xb8, 0x80, 0xb0, 0xa0, 0xb0, 0xa0, 0xa8, 0x00, 0xc1, 0x20, 0xd1, 0xc0, 0xd0,
  0x60, 0xd9, 0xe0, 0xf1, 0x40, 0xd9, 0x60, 0xd9, 0x20, 0xc1, 0x00, 0x70, 0x80, 0x90, 0xa0, 0xb0,
  0x40, 0x88, 0x20, 0x78, 0x20, 0x78, 0x40, 0x78, 0x40, 0x78, 0x40, 0x70, 0xe0, 0xa0, 0xe0, 0x98,
  0xa0, 0x90, 0x60, 0x80, 0x60, 0x80, 0x80, 0x70, 0x80, 0x80, 0xa0, 0x88, 0x80, 0x78, 0x80, 0x78,
  0x80, 0x78, 0x80, 0x78, 0xc0, 0x80, 0xa0, 0x80, 0xc0, 0x88, 0xc0, 0x80, 0xa0, 0x78, 0x80, 0x78,
  0xa0, 0x78, 0xa0, 0x78, 0xa0, 0x80, 0xc0, 0x80, 0x60, 0x78, 0x80, 0x99, 0x80, 0x61, 0x00, 0xf8,
  0x00, 0x00, 0x00, 0x00, 0x00, 0x00, 0x00, 0x00, 0x00, 0x00, 0x00, 0x00, 0x00, 0xf8, 0x00, 0x00,
  0x00, 0x78, 0x00, 0x78, 0x00, 0x78, 0x00, 0x78, 0x00, 0x78, 0x00, 0x00, 0x00, 0x00, 0x00, 0x00,
  0x00, 0x00, 0x00, 0x00, 0x00, 0x00, 0x00, 0x00, 0x00, 0x00, 0x00, 0x00, 0x00, 0x00, 0x00, 0x00,
  0x00, 0x00, 0x00, 0x00, 0x00, 0x00, 0x00, 0x00, 0x00, 0x00, 0x00, 0x00, 0x00, 0x00, 0x00, 0x00,
  0x00, 0x00, 0x00, 0x00, 0x00, 0x00, 0x00, 0x00, 0x00, 0x00, 0x00, 0x00, 0x00, 0x00, 0x00, 0x00,
  0x00, 0x00, 0x00, 0x00, 0x00, 0x00, 0x00, 0x00, 0x00, 0x00, 0x00, 0x00, 0x00, 0x00, 0x00, 0x00,
  0x00, 0x00, 0x00, 0x00, 0x00, 0x00, 0x00, 0x00, 0x00, 0x00, 0x00, 0x00, 0x00, 0x00, 0x00, 0x00,
  0x00, 0x00, 0x00, 0x00, 0x00, 0x00, 0x00, 0x00, 0x00, 0x00, 0x00, 0x00, 0x00, 0x00, 0xe0, 0x39,
  0x00, 0x50, 0x00, 0x78, 0xe0, 0x39, 0x00, 0xf8, 0x00, 0x78, 0x00, 0x58, 0x80, 0x50, 0x80, 0x58,
  0x80, 0x58, 0xa0, 0x50, 0x60, 0x58, 0x00, 0x50, 0x00, 0x00, 0x00, 0x00, 0x00, 0x00, 0x00, 0x00,
  0x00, 0x00, 0x00, 0x50, 0x20, 0x69, 0x00, 0x78, 0xe0, 0x58, 0x00, 0x00, 0x00, 0x50, 0xa0, 0x52,
  0x00, 0x00, 0x80, 0x68, 0xa0, 0x60, 0x00, 0x68, 0xe0, 0x39, 0x00, 0x60, 0x00, 0x50, 0x80, 0x61,
  0xe0, 0x58, 0x00, 0x98, 0x00, 0x00, 0x40, 0x68, 0x80, 0x68, 0x80, 0x68, 0x80, 0x68, 0x80, 0x70,
  0xa0, 0x70, 0x80, 0x70, 0x80, 0x70, 0x80, 0x70, 0x60, 0x70, 0x60, 0x70, 0x60, 0x78, 0x80, 0x78,
  0x80, 0x78, 0xa0, 0x78, 0x80, 0x78, 0x80, 0x80, 0x80, 0x80, 0x80, 0x88, 0x80, 0x80, 0x60, 0x80,
  0x80, 0x90, 0xa0, 0xa8, 0xe0, 0xc0, 0xe0, 0xd0, 0xa0, 0xb0, 0x40, 0x90, 0x20, 0x70, 0x20, 0x78,
  0x40, 0x90, 0x40, 0x88, 0x40, 0x78, 0x80, 0x88, 0x60, 0x90, 0x40, 0x80, 0x40, 0x80, 0x40, 0x80,
  0x80, 0x98, 0x40, 0x88, 0x40, 0x80, 0x60, 0x98, 0xc0, 0xb0, 0xe0, 0xb8, 0xc0, 0xa8, 0xa0, 0xa8,
  0x20, 0xb9, 0x80, 0x98, 0x40, 0x98, 0xc0, 0xb0, 0x40, 0xd9, 0x80, 0xe9, 0xe0, 0xe9, 0xc0, 0xe9,
  0xc0, 0xe1, 0xe0, 0xe9, 0xc0, 0xe9, 0x20, 0xf2, 0xc0, 0xe9, 0x60, 0xf2, 0x80, 0xfa, 0x80, 0xfa,
  0xe0, 0xfb, 0xe0, 0xfc, 0x20, 0xfd, 0x80, 0xfc, 0x60, 0xfc, 0x40, 0xfc, 0x00, 0xfd, 0xe0, 0xfd,
  0xe1, 0xfe, 0x80, 0xfe, 0xa0, 0xfc, 0xa0, 0xfa, 0x40, 0xf9, 0x00, 0xf9, 0x20, 0xf1, 0x20, 0xe9,
  0xc0, 0xd0, 0x80, 0xc0, 0x40, 0xa0, 0x40, 0x98, 0x60, 0xa0, 0xc0, 0xb8, 0x80, 0xb0, 0xe0, 0xb8,
  0x60, 0xb9, 0xc0, 0xa8, 0x40, 0xc1, 0xe0, 0xa0, 0xe0, 0xa8, 0xc0, 0xa8, 0x00, 0x99, 0xc0, 0xeb,
  0xc0, 0xe1, 0x80, 0xe1, 0x20, 0xe1, 0x20, 0xd1, 0x20, 0xd1, 0xe0, 0xc0, 0x80, 0x98, 0x80, 0xa0,
  0xa0, 0xa0, 0xa0, 0x98, 0x40, 0x80, 0x80, 0x98, 0x00, 0xd1, 0x20, 0xf9, 0xe0, 0xe9, 0xa0, 0xe1,
  0x00, 0xda, 0x60, 0x88, 0x40, 0x70, 0x60, 0x88, 0x60, 0x88, 0x20, 0x68, 0x20, 0x78, 0x40, 0x88,
  0x40, 0x80, 0x00, 0xb1, 0x00, 0xb1, 0xa0, 0x90, 0xa0, 0x88, 0xa0, 0x90, 0xa0, 0x88, 0xa0, 0x90,
  0xc0, 0x90, 0xe0, 0x90, 0xc0, 0x88, 0x80, 0x70, 0x80, 0x78, 0x80, 0x78, 0xa0, 0x80, 0xa0, 0x88,
  0xc0, 0x78, 0xa0, 0x78, 0xa0, 0x70, 0x80, 0x70, 0x80, 0x70, 0xa0, 0x78, 0xa0, 0x78, 0x00, 0x81,
  0xc0, 0x78, 0xc0, 0x78, 0x80, 0x99, 0x00, 0xf8, 0x00, 0xf8, 0x00, 0x00, 0x00, 0x00, 0x00, 0x00,
  0x00, 0x00, 0x00, 0x00, 0x00, 0x00, 0x00, 0x00, 0x00, 0x00, 0xe0, 0x7b, 0x00, 0x00, 0x00, 0x18,
  0x80, 0x68, 0x40, 0x79, 0x00, 0x00, 0x00, 0x00, 0x00, 0x00, 0x00, 0x00, 0x00, 0x00, 0x00, 0x00,
  0x00, 0x00, 0x00, 0x00, 0x00, 0xf8, 0x00, 0x00, 0x00, 0x00, 0x00, 0x00, 0x00, 0x00, 0x00, 0x00,
  0x00, 0x00, 0x00, 0x00, 0x00, 0x00, 0x00, 0x00, 0x00, 0x00, 0x00, 0x00, 0x00, 0x00, 0x00, 0x00,
  0x00, 0x00, 0x00, 0x00, 0x00, 0x00, 0x00, 0x00, 0x00, 0x00, 0x00, 0x00, 0x00, 0x00, 0x00, 0x00,
  0x00, 0x00, 0x00, 0x00, 0x00, 0x00, 0x00, 0x00, 0x00, 0x00, 0x00, 0x00, 0x00, 0x00, 0x00, 0x00,
  0x00, 0x00, 0x00, 0x00, 0x00, 0x00, 0x00, 0x00, 0x00, 0x00, 0x00, 0x00, 0x00, 0x00, 0x00, 0x00,
  0x00, 0x00, 0x00, 0x00, 0x00, 0x00, 0x00, 0x00, 0x00, 0x38, 0x00, 0x00, 0x00, 0x00, 0x00, 0x38,
  0x00, 0x00, 0x00, 0x00, 0x60, 0x48, 0x80, 0x50, 0x80, 0x50, 0x80, 0x58, 0x80, 0x58, 0x80, 0x50,
  0x20, 0x69, 0x00, 0x00, 0x00, 0x00, 0x00, 0x00, 0x00, 0x00, 0x00, 0x00, 0x00, 0x00, 0x00, 0x00,
  0x00, 0x00, 0x00, 0x00, 0x00, 0x00, 0x00, 0xf8, 0x00, 0x00, 0x00, 0x50, 0xc0, 0x68, 0x80, 0x68,
  0xc0, 0x60, 0xc0, 0x60, 0xe0, 0x70, 0x20, 0x69, 0x20, 0x69, 0x00, 0x78, 0xa0, 0x70, 0xa0, 0x60,
  0x80, 0x68, 0x60, 0x60, 0xa0, 0x68, 0xa0, 0x70, 0xc0, 0x68, 0x80, 0x68, 0x60, 0x70, 0x80, 0x70,
  0x80, 0x68, 0x40, 0x68, 0x60, 0x68, 0x80, 0x78, 0x80, 0x78, 0xa0, 0x78, 0x80, 0x80, 0x80, 0x78,
  0x60, 0x70, 0x60, 0x70, 0x60, 0x70, 0x80, 0x88, 0x80, 0x98, 0xa0, 0xb8, 0xc0, 0xc0, 0xa0, 0xb0,
  0x60, 0x90, 0x20, 0x70, 0x00, 0x58, 0x40, 0x80, 0x80, 0x90, 0xa0, 0xa0, 0x60, 0x88, 0x40, 0x78,
  0x60, 0x88, 0x60, 0x88, 0x40, 0x80, 0x20, 0x68, 0x00, 0x60, 0x00, 0x68, 0x80, 0x90, 0x80, 0xa0,
  0x40, 0x88, 0x80, 0x90, 0x80, 0x98, 0xe0, 0xb0, 0x20, 0xd9, 0x40, 0xd9, 0x60, 0xa0, 0xa0, 0xa8,
  0xa0, 0xb8, 0x80, 0xd1, 0x60, 0xea, 0xe0, 0xe9, 0xc0, 0xe1, 0x40, 0xd9, 0x00, 0xea, 0xe0, 0xd0,
  0xe0, 0xf1, 0xa0, 0xf1, 0x00, 0xf2, 0x40, 0xfb, 0x40, 0xfb, 0x00, 0xfc, 0x60, 0xfc, 0xa0, 0xfb,
  0x20, 0xfc, 0x60, 0xfc, 0x40, 0xfd, 0x00, 0xfd, 0x40, 0xfb, 0xe0, 0xf9, 0x20, 0xf1, 0x80, 0xd8,
  0x80, 0xd8, 0xa0, 0xd8, 0x80, 0xc0, 0x80, 0xb0, 0x40, 0x98, 0x00, 0x70, 0x40, 0x80, 0x40, 0x80,
  0x40, 0x80, 0x40, 0x78, 0x40, 0x88, 0x80, 0xa8, 0x80, 0xc0, 0x61, 0xf3, 0x00, 0xeb, 0x20, 0xe2,
  0xa0, 0xc9, 0x00, 0x68, 0x40, 0x70, 0x60, 0x80, 0x20, 0xb0, 0xc0, 0xc0, 0xc0, 0xa8, 0x40, 0x90,
  0x60, 0x98, 0x80, 0x98, 0x80, 0x90, 0x80, 0x98, 0x20, 0x88, 0x00, 0x60, 0x40, 0x88, 0x80, 0x98,
  0xe0, 0xa0, 0x40, 0x80, 0x20, 0xe1, 0x40, 0xfb, 0x00, 0xd1, 0xa1, 0xfd, 0x80, 0xaa, 0x00, 0x70,
  0xe0, 0x98, 0x40, 0x78, 0x20, 0x68, 0x60, 0x88, 0xa0, 0x98, 0xa0, 0x90, 0x00, 0xb9, 0xe0, 0xa0,
  0xa0, 0x90, 0xa0, 0x88, 0xa0, 0x88, 0xa0, 0x88, 0xa0, 0x88, 0xc0, 0x88, 0xc0, 0x88, 0xc0, 0x88,
  0xa0, 0x88, 0xa0, 0x78, 0xc0, 0x88, 0xe0, 0x88, 0xc0, 0x88, 0xc0, 0x78, 0x80, 0x70, 0x80, 0x78,
  0xa0, 0x70, 0xe0, 0x70, 0xe0, 0x88, 0xc0, 0x78, 0x40, 0x79, 0xa0, 0xaa, 0x80, 0x61, 0x00, 0x78,
  0x00, 0x00, 0x00, 0x00, 0x00, 0x00, 0x00, 0x00, 0x00, 0x00, 0x00, 0x00, 0x00, 0x00, 0x00, 0x00,
  0x00, 0x00, 0x00, 0x00, 0x00, 0x00, 0x80, 0x80, 0xe0, 0x98, 0xc0, 0x80, 0x00, 0x00, 0x00, 0x00,
  0x00, 0x00, 0x00, 0x00, 0x00, 0x00, 0x00, 0x00, 0x00, 0x00, 0x00, 0x00, 0x00, 0x00, 0x00, 0x00,
  0x00, 0x00, 0x00, 0x00, 0x00, 0x00, 0x00, 0x00, 0x00, 0x00, 0x00, 0x00, 0x00, 0x00, 0x00, 0x00,
  0x00, 0x00, 0x00, 0x00, 0x00, 0x00, 0x00, 0x00, 0x00, 0x00, 0x00, 0x00, 0x00, 0x00, 0x00, 0x00,
  0x00, 0x00, 0x00, 0x00, 0x00, 0x00, 0x00, 0x00, 0x00, 0x00, 0x00, 0x00, 0x00, 0x00, 0x00, 0x00,
  0x00, 0x00, 0x00, 0x00, 0x00, 0x00, 0x00, 0x00, 0x00, 0x00, 0x00, 0x00, 0x00, 0x00, 0x00, 0x00,
  0x00, 0x00, 0x00, 0x00, 0x00, 0x00, 0x00, 0x00, 0x00, 0x00, 0x00, 0x00, 0x00, 0x00, 0x00, 0x00,
  0x00, 0x00, 0x00, 0x00, 0x00, 0x00, 0x00, 0x00, 0x00, 0x00, 0x00, 0x00, 0x00, 0x00, 0x80, 0x50,
  0x80, 0x58, 0x80, 0x58, 0x60, 0x58, 0x80, 0x58, 0xc0, 0x50, 0x00, 0x00, 0x00, 0x00, 0x00, 0x00,
  0x00, 0x00, 0x00, 0x00, 0x00, 0x00, 0x00, 0x00, 0x00, 0x00, 0x00, 0x00, 0x00, 0x00, 0x00, 0x00,
  0x00, 0xa8, 0x00, 0x00, 0x00, 0x78, 0xe0, 0x58, 0x40, 0x51, 0x60, 0x60, 0x80, 0x60, 0xe0, 0x68,
  0x00, 0x50, 0x00, 0x00, 0x00, 0x78, 0x60, 0x58, 0xa0, 0x60, 0x60, 0x68, 0x00, 0xa8, 0x80, 0x68,
  0x80, 0x68, 0x80, 0x68, 0xc0, 0x70, 0x80, 0x68, 0x40, 0x68, 0x60, 0x68, 0x60, 0x70, 0x80, 0x70,
  0x80, 0x80, 0x80, 0x78, 0x60, 0x70, 0x40, 0x60, 0x40, 0x68, 0x80, 0x98, 0xa0, 0x98, 0x80, 0x88,
  0x60, 0x90, 0x80, 0x90, 0x40, 0x88, 0x20, 0x70, 0x20, 0x68, 0x60, 0x68, 0x80, 0x80, 0x40, 0x88,
  0x60, 0x80, 0x60, 0x78, 0x60, 0x78, 0x60, 0x70, 0x80, 0x98, 0xa0, 0xa0, 0x60, 0x88, 0x40, 0x80,
  0x60, 0x88, 0x20, 0x78, 0x40, 0x88, 0xa0, 0xa8, 0x80, 0x88, 0x20, 0x70, 0x40, 0x88, 0x20, 0x80,
  0x20, 0x70, 0x40, 0x80, 0x80, 0xa8, 0xc0, 0xc0, 0x80, 0xe1, 0x80, 0xe9, 0x40, 0xfb, 0xa0, 0xfb,
  0xe0, 0xfa, 0xe0, 0xf1, 0xa0, 0xe9, 0x00, 0xf2, 0xa0, 0xe9, 0xa0, 0xf1, 0x60, 0xfa, 0x20, 0xfc,
  0xc0, 0xfc, 0x00, 0xfd, 0xc0, 0xfc, 0x40, 0xfd, 0x00, 0xfd, 0x40, 0xfc, 0xa0, 0xf2, 0xa0, 0xe9,
  0x80, 0xe0, 0x40, 0xe0, 0x40, 0xd8, 0x00, 0xc8, 0x60, 0xc0, 0x60, 0xb0, 0x60, 0xa0, 0x40, 0x98,
  0x00, 0x90, 0x80, 0xa8, 0xa0, 0xb8, 0x60, 0xa0, 0x80, 0xb0, 0xa0, 0xc8, 0xe0, 0xd0, 0xc0, 0xb0,
  0x60, 0x98, 0x60, 0x88, 0x00, 0x80, 0x40, 0x78, 0x40, 0x88, 0x40, 0x80, 0x60, 0x98, 0x80, 0x98,
  0x80, 0x98, 0x40, 0x80, 0x00, 0x60, 0x00, 0x60, 0x20, 0x78, 0x80, 0x98, 0x60, 0x90, 0x00, 0x68,
  0x60, 0x88, 0x40, 0xd9, 0x60, 0x80, 0x20, 0x70, 0x40, 0xd1, 0xe0, 0xe9, 0x40, 0x80, 0x80, 0x98,
  0xa0, 0xa0, 0x60, 0xa0, 0xa0, 0xa8, 0xe0, 0xa0, 0x60, 0x88, 0xa0, 0x98, 0x40, 0x80, 0x20, 0x70,
  0x40, 0x70, 0x40, 0x78, 0x80, 0x80, 0x80, 0x88, 0x80, 0x80, 0xc0, 0x90, 0xa0, 0x90, 0xa0, 0x90,
  0xa0, 0x88, 0x80, 0x88, 0xa0, 0x88, 0xa0, 0x88, 0xc0, 0x90, 0xc0, 0x90, 0xc0, 0x90, 0xe0, 0x90,
  0x00, 0x91, 0xc0, 0x80, 0xa0, 0x80, 0xc0, 0x80, 0x60, 0xa1, 0xe0, 0x78, 0xc0, 0x78, 0x20, 0x91,
  0x00, 0x00, 0x00, 0x78, 0x00, 0x00, 0xa0, 0xaa, 0x00, 0x00, 0x00, 0x00, 0x00, 0x00, 0x00, 0x00,
  0x00, 0x00, 0x00, 0x00, 0x00, 0x00, 0x00, 0x00, 0x00, 0x00, 0x00, 0x78, 0x00, 0x00, 0x00, 0x89,
  0x80, 0xc1, 0x20, 0xb9, 0xc0, 0x80, 0x00, 0x00, 0x00, 0xf8, 0x00, 0x00, 0x00, 0x00, 0x00, 0x00,
  0x00, 0x00, 0x00, 0x00, 0x00, 0xf8, 0x00, 0x00, 0x00, 0x00, 0x00, 0x00, 0x00, 0x00, 0x00, 0x00,
  0x00, 0x00, 0x00, 0x00, 0x00, 0x00, 0x00, 0x00, 0x00, 0x00, 0x00, 0x00, 0x00, 0x00, 0x00, 0x00,
  0x00, 0x00, 0x00, 0x00, 0x00, 0x00, 0x00, 0x00, 0x00, 0x00, 0x00, 0x00, 0x00, 0x00, 0x00, 0x00,
  0x00, 0x00, 0x00, 0x00, 0x00, 0x00, 0x00, 0x00, 0x00, 0x00, 0x00, 0x00, 0x00, 0x00, 0x00, 0x00,
  0x00, 0x00, 0x00, 0x00, 0x00, 0x00, 0x00, 0x00, 0x00, 0x00, 0x00, 0x00, 0x00, 0x00, 0x00, 0x00,
  0x00, 0x00, 0x00, 0x00, 0x00, 0x00, 0x00, 0x00, 0x00, 0x00, 0x00, 0x00, 0x00, 0x00, 0x00, 0x00,
  0x00, 0x00, 0x00, 0x00, 0x00, 0x00, 0x00, 0x30, 0x60, 0x50, 0x80, 0x58, 0x60, 0x58, 0x80, 0x58,
  0x80, 0x58, 0xe0, 0x38, 0x00, 0x60, 0x00, 0xf8, 0x00, 0x00, 0x00, 0x00, 0x00, 0x00, 0x00, 0x00,
  0x00, 0x00, 0x00, 0x00, 0x00, 0x00, 0x00, 0x00, 0x00, 0x00, 0x00, 0x00, 0x00, 0x00, 0x00, 0x00,
  0x00, 0x00, 0x00, 0x78, 0x00, 0x00, 0x00, 0x00, 0x00, 0x00, 0x00, 0x00, 0xa0, 0x60, 0x60, 0x60,
  0xa0, 0x52, 0x00, 0x00, 0xc0, 0x60, 0x80, 0x68, 0x60, 0x68, 0xe0, 0x70, 0x40, 0x68, 0x80, 0x68,
  0x60, 0x68, 0x60, 0x68, 0x80, 0x68, 0x80, 0x70, 0x80, 0x70, 0x40, 0x68, 0x20, 0x60, 0x40, 0x68,
  0x80, 0x80, 0x80, 0x98, 0x60, 0x88, 0x60, 0x88, 0x40, 0x78, 0x40, 0x70, 0x40, 0x70, 0x40, 0x78,
  0x80, 0x88, 0xa0, 0x88, 0x80, 0x80, 0x60, 0x88, 0x40, 0x78, 0x20, 0x68, 0x40, 0x78, 0x60, 0x78,
  0x40, 0x78, 0x80, 0x90, 0x40, 0x80, 0x20, 0x78, 0x00, 0x68, 0x20, 0x70, 0x40, 0x80, 0x00, 0x70,
  0x00, 0x78, 0x40, 0x90, 0x60, 0x90, 0x40, 0x80, 0x40, 0x90, 0x40, 0x90, 0x80, 0x98, 0x00, 0xc9,
  0xc0, 0xe9, 0x20, 0xd1, 0xa0, 0xc0, 0xe0, 0xe0, 0xa0, 0xf1, 0x40, 0xf2, 0x40, 0xf2, 0x40, 0xf2,
  0xc0, 0xf1, 0x60, 0xfb, 0x20, 0xfd, 0x61, 0xfe, 0x01, 0xff, 0xa0, 0xfe, 0x80, 0xfe, 0x00, 0xfd,
  0xc0, 0xfa, 0x60, 0xe9, 0x80, 0xe0, 0x00, 0xd8, 0x60, 0xd8, 0x20, 0xe1, 0x00, 0xd9, 0xc0, 0xd8,
  0xe0, 0xd0, 0x20, 0xe1, 0xa0, 0xc8, 0x60, 0xb8, 0xa0, 0xc8, 0x60, 0xa8, 0xa0, 0xa8, 0xc0, 0xb8,
  0x60, 0xb0, 0x80, 0xb8, 0xa0, 0xd0, 0x60, 0xa8, 0x60, 0xa0, 0x40, 0x98, 0x00, 0x80, 0x00, 0x78,
  0x00, 0x70, 0x60, 0x88, 0x60, 0x90, 0x40, 0x88, 0x20, 0x78, 0x20, 0x78, 0x40, 0x80, 0x20, 0x70,
  0x00, 0x78, 0x60, 0x90, 0x40, 0x78, 0xa0, 0xb0, 0x40, 0x90, 0x00, 0x68, 0xa0, 0xa8, 0x20, 0xd1,
  0xa0, 0xa0, 0x40, 0x88, 0xc0, 0xb0, 0x20, 0xb1, 0x60, 0x78, 0x60, 0x88, 0x20, 0xa9, 0x60, 0x78,
  0x80, 0x98, 0x00, 0xb1, 0x40, 0x70, 0x40, 0x78, 0x60, 0x80, 0xa0, 0x88, 0x80, 0x88, 0x60, 0x88,
  0xa0, 0x90, 0xc0, 0x90, 0xa0, 0x90, 0xc0, 0x90, 0xc0, 0x90, 0xc0, 0x90, 0xa0, 0x98, 0x20, 0x99,
  0xe0, 0x88, 0xc0, 0x90, 0x20, 0x91, 0x20, 0x91, 0xe0, 0x98, 0xe0, 0x88, 0xe0, 0x88, 0xe0, 0x80,
  0xe0, 0x88, 0xe0, 0x98, 0x20, 0x91, 0x00, 0x98, 0x00, 0xf8, 0x00, 0x00, 0x00, 0x00, 0x00, 0x00,
  0x00, 0x00, 0x00, 0x00, 0x00, 0x00, 0x00, 0x00, 0x00, 0x00, 0x00, 0x00, 0x00, 0x00, 0x00, 0x00,
  0x00, 0x00, 0x00, 0x00, 0x00, 0x00, 0x00, 0x78, 0x00, 0x89, 0x40, 0xa1, 0xe0, 0x80, 0xe0, 0x70,
  0x00, 0x00, 0x00, 0xf8, 0x00, 0x00, 0x00, 0x00, 0x00, 0x00, 0x00, 0x00, 0x00, 0xf8, 0xe0, 0x50,
  0x00, 0x78, 0x00, 0x00, 0x00, 0x00, 0x00, 0x00, 0x00, 0x00, 0x00, 0x00, 0x00, 0x00, 0x00, 0x00,
  0x00, 0x00, 0x00, 0x00, 0x00, 0x00, 0x00, 0x00, 0x00, 0x00, 0x00, 0x00, 0x00, 0x00, 0x00, 0x00,
  0x00, 0x00, 0x00, 0x00, 0x00, 0x00, 0x00, 0x00, 0x00, 0x00, 0x00, 0x00, 0x00, 0x00, 0x00, 0x00,
  0x00, 0x00, 0x00, 0x00, 0x00, 0x00, 0x00, 0x00, 0x00, 0x00, 0x00, 0x00, 0x00, 0x00, 0x00, 0x00,
  0x00, 0x00, 0x00, 0x00, 0x00, 0x00, 0x00, 0x00, 0x00, 0x00, 0x00, 0x00, 0x00, 0x00, 0x00, 0x00,
  0x00, 0x00, 0x00, 0x00, 0x00, 0x00, 0x00, 0x00, 0x00, 0x00, 0x00, 0x00, 0x00, 0x00, 0x00, 0x00,
  0x00, 0x30, 0xa0, 0x50, 0xa0, 0x50, 0xa0, 0x58, 0x80, 0x58, 0x80, 0x58, 0x00, 0x00, 0x00, 0x00,
  0x00, 0x00, 0x00, 0x00, 0x00, 0x00, 0x00, 0x00, 0x00, 0x78, 0x00, 0x00, 0x00, 0x00, 0x00, 0x78,
  0x00, 0x00, 0x00, 0x00, 0x00, 0x00, 0x00, 0x50, 0x00, 0x78, 0x00, 0x78, 0x00, 0xf8, 0x00, 0x78,
  0x00, 0x60, 0x40, 0x51, 0x20, 0x69, 0x80, 0x60, 0x80, 0x68, 0xa0, 0x70, 0xc0, 0x70, 0x60, 0x68,
  0x20, 0x69, 0x80, 0x70, 0x80, 0x68, 0x60, 0x68, 0x60, 0x60, 0x60, 0x68, 0x60, 0x60, 0x40, 0x50,
  0x40, 0x50, 0x40, 0x68, 0x40, 0x68, 0x40, 0x60, 0x40, 0x68, 0x60, 0x78, 0x40, 0x70, 0x20, 0x58,
  0x60, 0x60, 0x60, 0x68, 0x60, 0x68, 0xa0, 0x80, 0x80, 0x88, 0x60, 0x80, 0xa0, 0x78, 0xe0, 0x80,
  0x60, 0x70, 0x60, 0x70, 0xa0, 0x80, 0xa0, 0x88, 0x80, 0x80, 0x80, 0x78, 0x40, 0x70, 0x40, 0x68,
  0x60, 0x88, 0x60, 0x90, 0x20, 0x68, 0x00, 0x60, 0x00, 0x68, 0x80, 0xa0, 0x60, 0x90, 0x60, 0x98,
  0x40, 0x80, 0x40, 0x78, 0x60, 0x88, 0xa0, 0xa8, 0x80, 0xb0, 0xe0, 0xc8, 0x20, 0xd9, 0x60, 0xd9,
  0x60, 0xf2, 0x60, 0xfa, 0xe0, 0xf1, 0x00, 0xfa, 0x20, 0xfc, 0xc0, 0xfc, 0x81, 0xfe, 0xa3, 0xff,
  0xe2, 0xff, 0x21, 0xff, 0x01, 0xfd, 0x40, 0xfb, 0xa0, 0xe9, 0xa0, 0xe0, 0x80, 0xd0, 0xa0, 0xd0,
  0xc0, 0xd8, 0x40, 0xd9, 0xa0, 0xe1, 0x40, 0xd9, 0xc0, 0xc0, 0xe0, 0xd0, 0x80, 0xb0, 0x80, 0xb0,
  0x80, 0xb0, 0x80, 0xa0, 0x20, 0x80, 0x20, 0x70, 0x60, 0x98, 0x40, 0x88, 0x60, 0x90, 0x60, 0x98,
  0x40, 0x88, 0x80, 0x90, 0x60, 0x98, 0x80, 0xa8, 0x60, 0x98, 0x40, 0x90, 0x60, 0x80, 0x40, 0x80,
  0x40, 0x78, 0xa0, 0x90, 0xc0, 0x98, 0x60, 0x88, 0x40, 0x78, 0x40, 0x88, 0x60, 0x98, 0x40, 0x78,
  0x60, 0x88, 0xa0, 0xb0, 0xe0, 0xc0, 0xa0, 0xa0, 0x80, 0x98, 0xc0, 0xa8, 0xa0, 0xa0, 0xa0, 0x98,
  0xc0, 0xa0, 0x80, 0x80, 0xa0, 0x90, 0x60, 0x88, 0x80, 0x80, 0xc0, 0x90, 0xe0, 0x98, 0xa0, 0x88,
  0x80, 0x88, 0xa0, 0x90, 0xc0, 0x90, 0x80, 0x88, 0x60, 0x80, 0xa0, 0x80, 0xa0, 0x90, 0xe0, 0x98,
  0xc0, 0x90, 0xe0, 0x90, 0xc0, 0x98, 0xe0, 0x90, 0xc0, 0x80, 0x20, 0x99, 0xe0, 0x88, 0x40, 0x79,
  0x00, 0xa8, 0x60, 0xa1, 0xe0, 0x88, 0xc0, 0x88, 0xe0, 0x78, 0xa0, 0x78, 0x80, 0x79, 0x00, 0x89,
  0x80, 0x78, 0x40, 0x79, 0x00, 0x78, 0x00, 0x78, 0x00, 0x50, 0xe0, 0x79, 0x00, 0x00, 0x00, 0x00,
  0x00, 0x00, 0x00, 0x00, 0x00, 0x00, 0x00, 0x00, 0x00, 0x00, 0x00, 0x00, 0x00, 0x00, 0x00, 0x00,
  0x40, 0x51, 0x00, 0x00, 0x00, 0x10, 0xa0, 0x68, 0xe0, 0x78, 0x00, 0x78, 0x00, 0x00, 0x00, 0x00,
  0x00, 0x00, 0x00, 0x00, 0x00, 0x00, 0x00, 0x00, 0x00, 0xf8, 0x00, 0x00, 0x00, 0x00, 0x00, 0xf8,
  0x00, 0x00, 0x00, 0x00, 0x00, 0x00, 0x00, 0x00, 0x00, 0x00, 0x00, 0x00, 0x00, 0x00, 0x00, 0x00,
  0x00, 0x00, 0x00, 0x00, 0x00, 0x00, 0x00, 0x00, 0x00, 0x00, 0x00, 0x00, 0x00, 0x00, 0x00, 0x00,
  0x00, 0x00, 0x00, 0x00, 0x00, 0x00, 0x00, 0x00, 0x00, 0x00, 0x00, 0x00, 0x00, 0x00, 0x00, 0x00,
  0x00, 0x00, 0x00, 0x00, 0x00, 0x00, 0x00, 0x00, 0x00, 0x00, 0x00, 0x00, 0x00, 0x00, 0x00, 0x00,
  0x00, 0x00, 0x00, 0x00, 0x00, 0x00, 0x00, 0x00, 0x00, 0x00, 0x00, 0x00, 0x00, 0x00, 0x00, 0x00,
  0x00, 0x00, 0x00, 0x00, 0x00, 0x00, 0x00, 0x00, 0x00, 0x00, 0x00, 0x00, 0x00, 0x00, 0xe0, 0x50,
  0xc0, 0x50, 0xa0, 0x50, 0x00, 0x51, 0x00, 0xf8, 0x00, 0x00, 0x00, 0x00, 0x00, 0x00, 0x00, 0x00,
  0x00, 0x00, 0x00, 0x60, 0xe0, 0x79, 0x00, 0x50, 0x00, 0x50, 0x00, 0xf8, 0x00, 0x50, 0x00, 0x50,
  0x00, 0x00, 0x00, 0xf8, 0x00, 0x00, 0x00, 0x78, 0x00, 0x50, 0x00, 0x48, 0xc0, 0x48, 0xa0, 0x70,
  0xc0, 0x68, 0x80, 0x68, 0xa0, 0x60, 0x80, 0x68, 0x60, 0x60, 0x80, 0x68, 0x80, 0x70, 0x60, 0x60,
  0x60, 0x58, 0x40, 0x58, 0x40, 0x60, 0x40, 0x60, 0x40, 0x68, 0x60, 0x80, 0x40, 0x60, 0x40, 0x50,
  0x40, 0x58, 0x40, 0x50, 0x40, 0x58, 0x60, 0x60, 0x60, 0x68, 0x60, 0x60, 0x60, 0x68, 0x80, 0x68,
  0xa0, 0x70, 0xa0, 0x70, 0x80, 0x70, 0xa0, 0x78, 0x80, 0x78, 0x80, 0x70, 0xc0, 0x78, 0x80, 0x78,
  0x60, 0x70, 0xa0, 0x80, 0x60, 0x70, 0x40, 0x68, 0x40, 0x78, 0x80, 0x88, 0x80, 0x88, 0x60, 0x80,
  0x20, 0x68, 0x20, 0x70, 0x60, 0x98, 0x60, 0x98, 0x40, 0x88, 0x80, 0x98, 0x60, 0x88, 0x20, 0x78,
  0x80, 0x98, 0x80, 0xa0, 0x60, 0xe1, 0x00, 0xf2, 0xe0, 0xf1, 0x80, 0xf1, 0xe0, 0xf0, 0x80, 0xfb,
  0x20, 0xfd, 0x80, 0xfe, 0x01, 0xff, 0xe0, 0xfe, 0xc1, 0xfd, 0x00, 0xfc, 0xa0, 0xfa, 0x00, 0xf9,
  0x80, 0xf0, 0x80, 0xd8, 0xe0, 0xd8, 0xa0, 0xc0, 0xa0, 0xc8, 0xc0, 0xc0, 0xe0, 0xb8, 0xe0, 0xb8,
  0xa0, 0xb0, 0x80, 0xa8, 0xa0, 0xb8, 0x60, 0x98, 0x80, 0x98, 0x40, 0x88, 0x40, 0x80, 0x80, 0xa0,
  0xa0, 0x98, 0x80, 0x98, 0x60, 0x88, 0x60, 0x88, 0x40, 0x88, 0x60, 0x88, 0x80, 0x88, 0x60, 0x78,
  0xa0, 0x98, 0x80, 0x88, 0x60, 0x80, 0x80, 0x90, 0x80, 0x88, 0x60, 0x80, 0xa0, 0x90, 0xa0, 0x88,
  0x40, 0x78, 0x60, 0x80, 0xa0, 0x98, 0xc0, 0x98, 0xc0, 0xa0, 0xa0, 0x98, 0xc0, 0xa0, 0xa0, 0xd9,
  0x00, 0xb9, 0xc0, 0xa0, 0x60, 0x88, 0x80, 0x88, 0x60, 0x78, 0x80, 0x90, 0xa0, 0x90, 0x80, 0x88,
  0xa0, 0x88, 0xc0, 0x88, 0xa0, 0x88, 0x20, 0xa1, 0xa0, 0x80, 0x80, 0x80, 0xc0, 0x88, 0xa0, 0x80,
  0xa0, 0x80, 0xc0, 0x88, 0xa0, 0x80, 0xe0, 0x90, 0xe0, 0x90, 0x20, 0x99, 0xc0, 0x88, 0xe0, 0x80,
  0x20, 0x91, 0xa0, 0x78, 0x20, 0x89, 0xe0, 0x88, 0x00, 0x78, 0x00, 0x50, 0x80, 0x99, 0xe0, 0x98,
  0xc0, 0x98, 0x00, 0xf8, 0x80, 0x61, 0x20, 0x69, 0x20, 0x91, 0xe0, 0x78, 0x80, 0x61, 0xe0, 0x79,
  0x00, 0x78, 0x00, 0x00, 0x00, 0x78, 0x00, 0xf8, 0x00, 0x00, 0x00, 0x00, 0x00, 0xf8, 0x00, 0x00,
  0x00, 0x00, 0x00, 0x00, 0x00, 0x00, 0x00, 0x00, 0x00, 0x00, 0x00, 0x00, 0x00, 0x00, 0x00, 0xb8,
  0x80, 0x99, 0x00, 0x78, 0x00, 0xf8, 0x00, 0x00, 0x00, 0x00, 0x00, 0x00, 0x00, 0x00, 0x00, 0x00,
  0x00, 0x00, 0x00, 0x00, 0x00, 0x00, 0x00, 0x00, 0x00, 0x00, 0x00, 0x00, 0x00, 0x00, 0x00, 0x00,
  0x00, 0x00, 0x00, 0x00, 0x00, 0x00, 0x00, 0x00, 0x00, 0x00, 0x00, 0x00, 0x00, 0x00, 0x00, 0x00,
  0x00, 0x00, 0x00, 0x00, 0x00, 0x00, 0x00, 0x00, 0x00, 0x00, 0x00, 0x00, 0x00, 0x00, 0x00, 0x00,
  0x00, 0x00, 0x00, 0x00, 0x00, 0x00, 0x00, 0x00, 0x00, 0x00, 0x00, 0x00, 0x00, 0x00, 0x00, 0x00,
  0x00, 0x00, 0x00, 0x00, 0x00, 0x00, 0x00, 0x00, 0x00, 0x00, 0x00, 0x00, 0x00, 0x00, 0x00, 0x00,
  0x00, 0x00, 0x00, 0x00, 0x00, 0x00, 0x00, 0x00, 0x00, 0x00, 0x00, 0x00, 0x00, 0x00, 0x00, 0x00,
  0x00, 0x00, 0x00, 0x00, 0x00, 0x00, 0x00, 0x00, 0x00, 0x00, 0x40, 0x51, 0x20, 0x49, 0x00, 0x78,
  0x00, 0x00, 0x00, 0x00, 0x00, 0x00, 0x00, 0x00, 0x00, 0x00, 0x00, 0x38, 0x00, 0x50, 0x00, 0x00,
  0x00, 0x78, 0x00, 0x78, 0x00, 0x00, 0x00, 0x00, 0x00, 0x00, 0x00, 0x38, 0x00, 0x00, 0x80, 0x60,
  0xe0, 0x58, 0x60, 0x60, 0x60, 0x58, 0x60, 0x60, 0x40, 0x68, 0x00, 0x00, 0x80, 0x60, 0xa0, 0x68,
  0xc0, 0x70, 0x80, 0x68, 0x60, 0x68, 0x60, 0x58, 0x20, 0x48, 0x40, 0x58, 0x60, 0x60, 0x40, 0x60,
  0x40, 0x60, 0x60, 0x70, 0x60, 0x70, 0x40, 0x58, 0x60, 0x58, 0x60, 0x60, 0xa0, 0x78, 0xa0, 0x78,
  0x80, 0x70, 0x80, 0x70, 0x80, 0x70, 0x80, 0x70, 0xa0, 0x70, 0x60, 0x70, 0xa0, 0x78, 0xa0, 0x78,
  0xa0, 0x78, 0x80, 0x78, 0x80, 0x70, 0x20, 0x91, 0xa0, 0x78, 0x80, 0x80, 0xa0, 0x78, 0x80, 0x78,
  0x60, 0x70, 0x60, 0x78, 0x60, 0x78, 0x60, 0x80, 0x60, 0x80, 0x60, 0x80, 0x40, 0x80, 0x40, 0x88,
  0x80, 0xa0, 0x80, 0x98, 0x20, 0x70, 0x40, 0x80, 0xa0, 0xb0, 0x00, 0xd9, 0x80, 0xc0, 0x60, 0xc0,
  0xa0, 0xd8, 0x60, 0xe9, 0x40, 0xf4, 0xc1, 0xfd, 0x40, 0xfe, 0x01, 0xff, 0x40, 0xfe, 0xc0, 0xfd,
  0xa0, 0xfb, 0xa0, 0xf9, 0x40, 0xe8, 0x00, 0xd8, 0x60, 0xc8, 0xc0, 0xd0, 0x00, 0xd9, 0x20, 0xd9,
  0x80, 0xb8, 0xc0, 0xd0, 0x60, 0xa8, 0x40, 0x80, 0xc0, 0xa0, 0xc0, 0xa8, 0x80, 0x98, 0x80, 0x98,
  0x60, 0x98, 0x60, 0xa0, 0x40, 0x98, 0x80, 0xa8, 0x80, 0xa0, 0x60, 0x98, 0x40, 0x98, 0x60, 0x90,
  0x40, 0x80, 0x40, 0x80, 0x40, 0x80, 0x40, 0x80, 0x20, 0x70, 0x60, 0x88, 0x80, 0x90, 0x80, 0x90,
  0xa0, 0x98, 0x60, 0x88, 0x60, 0x88, 0x60, 0x80, 0x60, 0x80, 0x80, 0x80, 0x60, 0x80, 0x80, 0x90,
  0x80, 0x90, 0x80, 0x88, 0xa0, 0x98, 0xe0, 0xa0, 0xa0, 0xc9, 0x00, 0xb9, 0xa0, 0x98, 0x80, 0x88,
  0x80, 0x90, 0x80, 0x88, 0xa0, 0x98, 0xe0, 0xa0, 0x60, 0x88, 0xa0, 0x88, 0xa0, 0x88, 0xc0, 0x98,
  0x00, 0x99, 0xc0, 0x90, 0xa0, 0x90, 0xa0, 0x88, 0xa0, 0x90, 0xe0, 0x90, 0xe0, 0x90, 0xe0, 0x90,
  0xc0, 0x98, 0xa0, 0x90, 0x00, 0x00, 0xa0, 0x80, 0xa0, 0x80, 0x20, 0x99, 0xe0, 0xff, 0x00, 0x00,
  0x20, 0x91, 0x00, 0x78, 0x00, 0x00, 0x00, 0xf8, 0x80, 0x99, 0x40, 0xa9, 0x00, 0x00, 0x00, 0xf8,
  0x00, 0xf8, 0x00, 0x78, 0x00, 0x00, 0x00, 0x00, 0x00, 0x00, 0x00, 0x00, 0x00, 0x00, 0x00, 0x00,
  0x00, 0xf8, 0x00, 0x00, 0x00, 0x00, 0x00, 0x00, 0x00, 0x00, 0x00, 0x00, 0x00, 0x00, 0x00, 0x00,
  0x00, 0x00, 0x00, 0x00, 0x00, 0x00, 0x00, 0x00, 0x00, 0x00, 0x00, 0x00, 0x00, 0x00, 0x00, 0x00,
  0x00, 0x00, 0x00, 0x00, 0x00, 0x00, 0x00, 0x00, 0x00, 0x00, 0x00, 0x00, 0x00, 0x00, 0x00, 0x00,
  0x00, 0x00, 0x00, 0x00, 0x00, 0x00, 0x00, 0x00, 0x00, 0x00, 0x00, 0x00, 0x00, 0x00, 0x00, 0x00,
  0x00, 0x00, 0x00, 0x00, 0x00, 0x00, 0x00, 0x00, 0x00, 0x00, 0x00, 0x00, 0x00, 0x00, 0x00, 0x00,
  0x00, 0x00, 0x00, 0x00, 0x00, 0x00, 0x00, 0x00, 0x00, 0x00, 0x00, 0x00, 0x00, 0x00, 0x00, 0x00,
  0x00, 0x00, 0x00, 0x00, 0x00, 0x00, 0x00, 0x00, 0x00, 0x00, 0x00, 0x00, 0x00, 0x00, 0x00, 0x00,
  0x00, 0x00, 0x00, 0x00, 0x00, 0x00, 0x00, 0x00, 0x00, 0x00, 0x00, 0x00, 0x00, 0x00, 0x00, 0x00,
  0x00, 0x00, 0x00, 0x00, 0x00, 0x00, 0x00, 0x00, 0x00, 0x00, 0x00, 0x00, 0x00, 0x00, 0x00, 0x00,
  0x00, 0x00, 0x00, 0xf8, 0x00, 0xf8, 0x00, 0x78, 0x00, 0xf8, 0x00, 0x00, 0x00, 0x00, 0x00, 0x00,
  0x00, 0x00, 0x00, 0x50, 0x00, 0x58, 0x00, 0x38, 0x80, 0x50, 0x00, 0x60, 0x00, 0x00, 0x00, 0x00,
  0x00, 0x38, 0x80, 0x58, 0x80, 0x60, 0x00, 0x78, 0x80, 0x58, 0xc0, 0x58, 0x80, 0x60, 0x80, 0x60,
  0x60, 0x68, 0x80, 0x70, 0x80, 0x70, 0xe0, 0x60, 0x60, 0x58, 0x60, 0x60, 0x60, 0x68, 0x40, 0x58,
  0x20, 0x50, 0x40, 0x60, 0x80, 0x78, 0x40, 0x68, 0x40, 0x58, 0x40, 0x58, 0x60, 0x58, 0x80, 0x58,
  0x80, 0x70, 0xa0, 0x78, 0x80, 0x70, 0x80, 0x78, 0xc0, 0x70, 0xa0, 0x70, 0x60, 0x70, 0xa0, 0x70,
  0xa0, 0x70, 0xc0, 0x78, 0xe0, 0x88, 0xc0, 0x78, 0xa0, 0x78, 0x60, 0x80, 0xc0, 0x80, 0xa0, 0x80,
  0xc0, 0x88, 0xa0, 0x80, 0x80, 0x78, 0xa0, 0x88, 0xc0, 0x88, 0x60, 0x80, 0x60, 0x78, 0x60, 0x70,
  0x60, 0x70, 0x60, 0x78, 0x20, 0x70, 0x40, 0x88, 0xa0, 0xa0, 0x80, 0xa0, 0xe0, 0xb8, 0xc0, 0xa0,
  0x00, 0x90, 0x40, 0xa0, 0xa0, 0xb9, 0x80, 0xeb, 0x20, 0xf3, 0x60, 0xf3, 0x42, 0xff, 0xa3, 0xff,
  0xa1, 0xfe, 0x00, 0xfe, 0xe0, 0xfd, 0xe0, 0xfc, 0xa0, 0xfa, 0x00, 0xfa, 0x20, 0xe9, 0xa0, 0xd0,
  0xe0, 0xd0, 0xa0, 0xc8, 0xc0, 0xc8, 0x00, 0xe1, 0x60, 0xb0, 0x40, 0x98, 0x80, 0xb8, 0xa0, 0xc8,
  0x60, 0x98, 0x40, 0x80, 0x40, 0x88, 0x60, 0x98, 0x40, 0x88, 0x60, 0x98, 0x40, 0xa8, 0x60, 0xd9,
  0x40, 0xd9, 0x60, 0xa8, 0x40, 0x90, 0x20, 0x80, 0x40, 0x78, 0xc0, 0x98, 0xa0, 0x98, 0xc0, 0xa0,
  0xc0, 0xa8, 0x60, 0x88, 0xc0, 0xa0, 0x80, 0x90, 0xa0, 0x98, 0xa0, 0xa0, 0x80, 0x88, 0x40, 0x70,
  0x80, 0x90, 0xc0, 0x90, 0x80, 0x88, 0x60, 0x88, 0x80, 0x88, 0x80, 0x88, 0x60, 0x88, 0xc0, 0xa8,
  0x20, 0xb9, 0xe0, 0xa0, 0xc0, 0x98, 0xc0, 0x98, 0x80, 0x90, 0xa0, 0x98, 0xc0, 0x98, 0x00, 0xa1,
  0xc0, 0x98, 0xa0, 0x98, 0xc0, 0x90, 0xc0, 0x90, 0xc0, 0x90, 0xc0, 0x98, 0xa0, 0x88, 0xa0, 0x90,
  0x80, 0x90, 0x00, 0x91, 0xc0, 0x88, 0xa0, 0x88, 0x80, 0x80, 0xc0, 0x88, 0xc0, 0x90, 0x80, 0x88,
  0xc0, 0x98, 0xa0, 0x90, 0xc0, 0x88, 0xc0, 0x80, 0xc0, 0x80, 0xc0, 0x78, 0x00, 0x00, 0x00, 0xf8,
  0x00, 0x78, 0xe0, 0x79, 0x00, 0x50, 0x00, 0x00, 0x00, 0x00, 0x00, 0xf8, 0x00, 0x00, 0x00, 0x00,
  0x00, 0xf8, 0x00, 0x00, 0x00, 0x00, 0x00, 0x00, 0x00, 0x00, 0x00, 0xf8, 0x00, 0x00, 0x00, 0x00,
  0x00, 0x00, 0x00, 0x00, 0x00, 0x00, 0x00, 0x00, 0x00, 0x00, 0x00, 0x00, 0x00, 0x00, 0x00, 0x00,
  0x00, 0x00, 0x00, 0x00, 0x00, 0x00, 0x00, 0x00, 0x00, 0x00, 0x00, 0x00, 0x00, 0x00, 0x00, 0x00,
  0x00, 0x00, 0x00, 0x00, 0x00, 0x00, 0x00, 0x00, 0x00, 0x00, 0x00, 0x00, 0x00, 0x00, 0x00, 0x00,
  0x00, 0x00, 0x00, 0x00, 0x00, 0x00, 0x00, 0x00, 0x00, 0x00, 0x00, 0x00, 0x00, 0x00, 0x00, 0x00,
  0x00, 0x00, 0x00, 0x00, 0x00, 0x00, 0x00, 0x00, 0x00, 0x00, 0x00, 0x00, 0x00, 0x00, 0x00, 0x00,
  0x00, 0x00, 0x00, 0x00, 0x00, 0x00, 0x00, 0x00, 0x00, 0x00, 0x00, 0x00, 0x00, 0x00, 0x00, 0x00,
  0x00, 0x00, 0x00, 0x00, 0x00, 0x00, 0x00, 0x00, 0x00, 0x00, 0x00, 0x00, 0x00, 0x00, 0x00, 0x00,
  0x00, 0x00, 0x00, 0x00, 0x00, 0x00, 0x00, 0x00, 0x00, 0x00, 0x00, 0x00, 0x00, 0x00, 0x00, 0x00,
  0x00, 0x00, 0x00, 0x00, 0x00, 0x00, 0x00, 0x00, 0x00, 0x00, 0x00, 0x00, 0x00, 0x00, 0x00, 0x00,
  0x00, 0x00, 0x00, 0x00, 0x00, 0x00, 0x00, 0x00, 0x00, 0x38, 0xe0, 0x50, 0x60, 0x58, 0x20, 0x69,
  0x00, 0x00, 0xc0, 0x60, 0xc0, 0x60, 0x00, 0x38, 0x00, 0x78, 0xa0, 0x50, 0xa0, 0x58, 0xc0, 0x48,
  0xa0, 0x58, 0x00, 0x00, 0x00, 0x00, 0x00, 0x00, 0xa0, 0x52, 0x00, 0xa8, 0x80, 0x60, 0xa0, 0x50,
  0x40, 0x60, 0x80, 0x68, 0x80, 0x70, 0x40, 0x60, 0x40, 0x60, 0x40, 0x68, 0x60, 0x78, 0x80, 0x78,
  0x60, 0x68, 0xc0, 0x78, 0x00, 0xb8, 0x80, 0x70, 0x80, 0x78, 0x60, 0x68, 0x60, 0x68, 0x60, 0x70,
  0x00, 0x70, 0x00, 0x98, 0x00, 0x78, 0x20, 0x69, 0xc0, 0x78, 0x40, 0xa9, 0x00, 0x50, 0x00, 0xa8,
  0xe0, 0x70, 0x80, 0x68, 0xa0, 0x78, 0xa0, 0x78, 0x80, 0x78, 0x80, 0x78, 0xe0, 0x98, 0x00, 0x88,
  0x40, 0xa9, 0x80, 0x80, 0x40, 0x70, 0x60, 0x78, 0x80, 0x78, 0x60, 0x78, 0x60, 0x78, 0xc0, 0xa8,
  0x60, 0x90, 0x60, 0x90, 0x40, 0x90, 0x80, 0xa0, 0x00, 0xd1, 0x80, 0xb0, 0x40, 0xe2, 0x60, 0xfb,
  0x20, 0xda, 0x60, 0xe2, 0xe0, 0xe1, 0x40, 0xf3, 0xa0, 0xfa, 0x00, 0xfa, 0x40, 0xe9, 0x20, 0xe9,
  0x00, 0xf2, 0xc0, 0xf1, 0x60, 0xe9, 0xa0, 0xd0, 0x80, 0xc0, 0xa0, 0xc8, 0xc0, 0xd0, 0xa0, 0xb0,
  0x40, 0xa8, 0x60, 0xa8, 0x80, 0xa0, 0x20, 0x88, 0xc0, 0xe1, 0x60, 0xd1, 0xe0, 0xc0, 0x60, 0xd9,
  0xe0, 0xd0, 0x00, 0xd1, 0xc0, 0xb8, 0xc0, 0xd9, 0x40, 0xf2, 0xc0, 0xc0, 0x60, 0x98, 0xa0, 0x98,
  0x80, 0x88, 0xc0, 0xa0, 0x40, 0xc1, 0x60, 0xc9, 0xe0, 0xb0, 0xe0, 0xa8, 0xa0, 0x98, 0xc0, 0xa0,
  0xc0, 0x98, 0x80, 0x90, 0xa0, 0x98, 0x80, 0x90, 0xc0, 0x98, 0xc0, 0x98, 0xc0, 0x98, 0xa0, 0xa0,
  0xa0, 0x98, 0xc0, 0x98, 0xc0, 0xe9, 0x20, 0xd9, 0xe0, 0xb0, 0x20, 0xc1, 0xe0, 0xa8, 0xa0, 0x90,
  0xc0, 0x98, 0x80, 0x90, 0x80, 0x88, 0xc0, 0x90, 0xc0, 0x98, 0xe0, 0x98, 0xc0, 0x90, 0xc0, 0x98,
  0x80, 0x90, 0xc0, 0xa0, 0xe0, 0x98, 0xa0, 0x90, 0xa0, 0x90, 0x00, 0x78, 0xa0, 0x88, 0xe0, 0x98,
  0xa0, 0x90, 0xc0, 0x88, 0xe0, 0x88, 0xc0, 0x88, 0xa0, 0x88, 0x80, 0x80, 0xc0, 0xc8, 0xc0, 0x88,
  0xc0, 0x80, 0xc0, 0x80, 0xc0, 0x80, 0xe0, 0x88, 0x00, 0xa8, 0x40, 0x79, 0x00, 0xf8, 0xe0, 0x79,
  0x00, 0x00, 0x00, 0x00, 0x00, 0x00, 0x00, 0x00, 0x00, 0x00, 0x00, 0x00, 0x00, 0x00, 0x00, 0x78,
  0x00, 0x00, 0x00, 0x00, 0x00, 0xf8, 0x00, 0x00, 0x00, 0x00, 0x00, 0x00, 0x00, 0x00, 0x00, 0x00,
  0x00, 0x00, 0x00, 0x00, 0x00, 0x00, 0x00, 0x00, 0x00, 0x00, 0x00, 0x00, 0x00, 0x00, 0x00, 0x00,
  0x00, 0x00, 0x00, 0x00, 0x00, 0x00, 0x00, 0x00, 0x00, 0x00, 0x00, 0x00, 0x00, 0x00, 0x00, 0x00,
  0x00, 0x00, 0x00, 0x00, 0x00, 0x00, 0x00, 0x00, 0x00, 0x00, 0x00, 0x00, 0x00, 0x00, 0x00, 0x00,
  0x00, 0x00, 0x00, 0x00, 0x00, 0x00, 0x00, 0x00, 0x00, 0x00, 0x00, 0x00, 0x00, 0x00, 0x00, 0x00,
  0x00, 0x00, 0x00, 0x00, 0x00, 0x00, 0x00, 0x00, 0x00, 0x00, 0x00, 0x00, 0x00, 0x00, 0x00, 0x00,
  0x00, 0x00, 0x00, 0x00, 0x00, 0x00, 0x00, 0x00, 0x00, 0x00, 0x00, 0x00, 0x00, 0x00, 0x00, 0x00,
  0x00, 0x00, 0x00, 0x00, 0x00, 0x00, 0x00, 0x00, 0x00, 0x00, 0x00, 0x00, 0x00, 0x00, 0x00, 0x00,
  0x00, 0x00, 0x00, 0x00, 0x00, 0x00, 0x00, 0x00, 0x00, 0x00, 0x00, 0x00, 0x00, 0x00, 0x00, 0x00,
  0x00, 0x00, 0x00, 0x00, 0x00, 0x00, 0x00, 0x00, 0x00, 0x00, 0x00, 0x00, 0x00, 0x78, 0x00, 0x00,
  0x00, 0x00, 0x00, 0x00, 0xe0, 0x50, 0x60, 0x48, 0x00, 0x50, 0x00, 0x00, 0xc0, 0x58, 0xc0, 0x50,
  0xa0, 0x58, 0x00, 0x38, 0x00, 0x78, 0x00, 0x00, 0x00, 0x00, 0xe0, 0x50, 0xc0, 0x60, 0x80, 0x60,
  0x60, 0x50, 0x40, 0x30, 0x60, 0x50, 0x60, 0x68, 0x60, 0x68, 0x60, 0x68, 0x60, 0x78, 0x60, 0x78,
  0x60, 0x58, 0x40, 0x60, 0x60, 0x68, 0x40, 0x60, 0x60, 0x48, 0x00, 0x60, 0x40, 0x79, 0x20, 0x69,
  0x00, 0x68, 0x80, 0x68, 0xa0, 0x70, 0x00, 0x78, 0x00, 0xf8, 0xe0, 0x78, 0x80, 0x61, 0x00, 0xf8,
  0x00, 0x78, 0x00, 0x78, 0x00, 0xa8, 0x00, 0x00, 0xa0, 0x52, 0x00, 0x50, 0x00, 0x78, 0xa0, 0x70,
  0x80, 0x78, 0xa0, 0x78, 0xa0, 0x70, 0xa0, 0x78, 0x60, 0x78, 0xc0, 0x70, 0x60, 0x78, 0x80, 0x98,
  0xe0, 0xb8, 0x80, 0x88, 0xc0, 0x90, 0x80, 0x90, 0x80, 0x88, 0x40, 0x70, 0x20, 0x70, 0x20, 0x78,
  0x60, 0x98, 0xc0, 0xd8, 0x80, 0xf1, 0x20, 0xd9, 0x00, 0xc8, 0xa0, 0xd8, 0xe0, 0xd0, 0xc0, 0xe9,
  0xa0, 0xf1, 0x40, 0xf1, 0xe0, 0xf9, 0xc0, 0xf1, 0xc0, 0xf1, 0x20, 0xe1, 0x60, 0xf2, 0x20, 0xe9,
  0xc0, 0xd0, 0x80, 0xb8, 0x00, 0x90, 0x00, 0x88, 0xa0, 0xa8, 0x80, 0xa0, 0x60, 0x98, 0x40, 0x88,
  0x20, 0x80, 0xa0, 0xb8, 0x00, 0xc1, 0xe0, 0xb8, 0x00, 0xb9, 0x00, 0xc9, 0xc0, 0xd0, 0x00, 0xea,
  0xa0, 0xfa, 0xa0, 0xb0, 0x40, 0x88, 0x80, 0x88, 0xa0, 0x88, 0x00, 0xb9, 0x20, 0xb1, 0xe0, 0xa0,
  0x00, 0xa9, 0xe0, 0xa0, 0xc0, 0x98, 0xa0, 0x98, 0xa0, 0x98, 0xc0, 0x98, 0xc0, 0x98, 0x00, 0xa1,
  0xe0, 0xa0, 0x00, 0xa9, 0xe0, 0xa0, 0x00, 0xa1, 0xe0, 0xa0, 0x20, 0xa1, 0xe0, 0xa0, 0xc0, 0x90,
  0x80, 0x78, 0xe0, 0x98, 0xe0, 0x90, 0xc0, 0x98, 0xe0, 0xb0, 0x00, 0xa1, 0x00, 0xb1, 0x00, 0xa9,
  0xc0, 0x88, 0xe0, 0x98, 0x20, 0x99, 0xc0, 0x88, 0xa0, 0x88, 0xe0, 0x98, 0x00, 0x99, 0xc0, 0xa9,
  0x00, 0x99, 0x20, 0x89, 0xe0, 0x98, 0xe0, 0x88, 0xe0, 0x88, 0xc0, 0x88, 0xe0, 0x90, 0x00, 0x78,
  0x00, 0x98, 0xe0, 0x88, 0x00, 0x89, 0xc0, 0x98, 0xc0, 0x90, 0xe0, 0x78, 0x20, 0x89, 0xe0, 0x88,
  0x80, 0x99, 0x00, 0x00, 0x00, 0x78, 0xe0, 0x7b, 0xe0, 0x7b, 0x00, 0x00, 0x00, 0x00, 0xe0, 0x79,
  0x00, 0x78, 0xa0, 0xaa, 0x00, 0xf8, 0x00, 0x00, 0x00, 0xf8, 0x00, 0xf8, 0x00, 0x00, 0xe0, 0x7b,
  0x00, 0x00, 0x00, 0x00, 0x00, 0x00, 0x00, 0x00, 0x00, 0x00, 0x00, 0x00, 0x00, 0x00, 0x00, 0x00,
  0x00, 0x00, 0x00, 0x00, 0x00, 0x00, 0x00, 0x00, 0x00, 0x00, 0x00, 0x00, 0x00, 0x00, 0x00, 0x00,
  0x00, 0x00, 0x00, 0x00, 0x00, 0x00, 0x00, 0x00, 0x00, 0x00, 0x00, 0x00, 0x00, 0x00, 0x00, 0x00,
  0x00, 0x00, 0x00, 0x00, 0x00, 0x00, 0x00, 0x00, 0x00, 0x00, 0x00, 0x00, 0x00, 0x00, 0x00, 0x00,
  0x00, 0x00, 0x00, 0x00, 0x00, 0x00, 0x00, 0x00, 0x00, 0x00, 0x00, 0x00, 0x00, 0x00, 0x00, 0x00,
  0x00, 0x00, 0x00, 0x00, 0x00, 0x00, 0x00, 0x00, 0x00, 0x00, 0x00, 0x00, 0x00, 0x00, 0x00, 0x00,
  0x00, 0x00, 0x00, 0x00, 0x00, 0x00, 0x00, 0x00, 0x00, 0x00, 0x00, 0x00, 0x00, 0x00, 0x00, 0x00,
  0x00, 0x00, 0x00, 0x00, 0x00, 0x00, 0x00, 0x00, 0x00, 0x00, 0x00, 0x00, 0x00, 0x00, 0x00, 0x00,
  0x00, 0x00, 0x00, 0x00, 0x00, 0x00, 0x00, 0x00, 0x00, 0x00, 0x00, 0x00, 0x00, 0x00, 0x00, 0x00,
  0x00, 0x00, 0x00, 0x00, 0x00, 0x00, 0x00, 0x00, 0x00, 0x00, 0x00, 0x00, 0x00, 0x00, 0x00, 0x00,
  0x00, 0x00, 0x40, 0x51, 0xe0, 0x79, 0x00, 0x00, 0x00, 0xf8, 0x00, 0x38, 0x40, 0x51, 0x00, 0x98,
  0xa0, 0x40, 0x00, 0x60, 0x00, 0x00, 0xe0, 0x38, 0x60, 0x50, 0x60, 0x58, 0x60, 0x60, 0x80, 0x78,
  0x60, 0x78, 0x60, 0x68, 0x60, 0x60, 0x40, 0x60, 0x60, 0x60, 0xa0, 0x50, 0xa0, 0x60, 0x60, 0x50,
  0x60, 0x58, 0x80, 0x60, 0x00, 0x78, 0x80, 0x60, 0xc0, 0x78, 0x00, 0xa8, 0x00, 0x70, 0x00, 0x78,
  0x00, 0x00, 0x00, 0xf8, 0x00, 0x00, 0x00, 0x00, 0x00, 0xf8, 0x00, 0x00, 0x00, 0xf8, 0x00, 0x00,
  0x00, 0x00, 0xe0, 0x78, 0x80, 0x61, 0x00, 0x60, 0x80, 0x70, 0xc0, 0x78, 0xa0, 0x70, 0xa0, 0x78,
  0xa0, 0x78, 0xa0, 0x78, 0x80, 0x78, 0x80, 0x78, 0x40, 0x79, 0xe0, 0x80, 0xa0, 0x88, 0x80, 0x88,
  0xa0, 0x88, 0x60, 0x88, 0x20, 0x68, 0x20, 0x70, 0x60, 0x90, 0xa0, 0xb0, 0x80, 0xb0, 0x00, 0x78,
  0x60, 0x98, 0x20, 0xf3, 0xe0, 0xfb, 0x40, 0xf2, 0xc0, 0xe1, 0x40, 0xd9, 0x40, 0xe1, 0x20, 0xe1,
  0x40, 0xd9, 0x60, 0xe1, 0x20, 0xd9, 0x60, 0xf2, 0xa0, 0xe9, 0x20, 0xe2, 0xa0, 0xd1, 0xe0, 0xb8,
  0xa0, 0xa8, 0xa0, 0xa8, 0x80, 0xa8, 0x60, 0x98, 0x40, 0x80, 0x80, 0x90, 0x40, 0x90, 0x40, 0x78,
  0x60, 0x88, 0x20, 0x70, 0x80, 0xa0, 0x60, 0xe9, 0xe0, 0xe9, 0xe0, 0x98, 0x40, 0x68, 0x60, 0x78,
  0x80, 0x80, 0xc0, 0x88, 0xc0, 0x98, 0xe0, 0x98, 0x00, 0xa1, 0xe0, 0xa0, 0x00, 0x99, 0xe0, 0xa0,
  0x40, 0xa9, 0x20, 0xa9, 0x20, 0xa9, 0x20, 0xa9, 0x20, 0xa1, 0x20, 0xa9, 0xe0, 0x98, 0xe0, 0x98,
  0xe0, 0x98, 0xe0, 0xa0, 0xc0, 0x98, 0xe0, 0xa0, 0xc0, 0x90, 0x60, 0x80, 0xe0, 0xa8, 0xe0, 0x98,
  0xa0, 0x88, 0x00, 0xb9, 0x80, 0xc1, 0x20, 0xa9, 0x00, 0xa1, 0xe0, 0x90, 0x00, 0x91, 0xe0, 0x98,
  0xc0, 0x90, 0xc0, 0x88, 0xe0, 0x98, 0xe0, 0x90, 0x40, 0x91, 0xe0, 0x98, 0x00, 0x91, 0xe0, 0x88,
  0xc0, 0x88, 0xc0, 0x80, 0xa0, 0x80, 0xe0, 0x80, 0x20, 0x91, 0x00, 0x50, 0x00, 0xf8, 0xe0, 0x78,
  0xc0, 0x80, 0xc0, 0x90, 0x80, 0x99, 0x80, 0x78, 0x80, 0x68, 0x00, 0x00, 0x00, 0xf8, 0x00, 0x00,
  0x00, 0x00, 0x00, 0xf8, 0x00, 0x50, 0x00, 0x60, 0x00, 0x50, 0x80, 0x61, 0x00, 0x78, 0xe0, 0xff,
  0x00, 0x78, 0x00, 0x00, 0x00, 0x00, 0x00, 0x00, 0x00, 0x00, 0x00, 0x00, 0x00, 0x00, 0x00, 0x00,
  0x00, 0x00, 0x00, 0x00, 0x00, 0x00, 0x00, 0x00, 0x00, 0x00, 0x00, 0x00, 0x00, 0x00, 0x00, 0x00,
  0x00, 0x00, 0x00, 0x00, 0x00, 0x00, 0x00, 0x00, 0x00, 0x00, 0x00, 0x00, 0x00, 0x00, 0x00, 0x00,
  0x00, 0x00, 0x00, 0x00, 0x00, 0x00, 0x00, 0x00, 0x00, 0x00, 0x00, 0x00, 0x00, 0x00, 0x00, 0x00,
  0x00, 0x00, 0x00, 0x00, 0x00, 0x00, 0x00, 0x00, 0x00, 0x00, 0x00, 0x00, 0x00, 0x00, 0x00, 0x00,
  0x00, 0x00, 0x00, 0x00, 0x00, 0x00, 0x00, 0x00, 0x00, 0x00, 0x00, 0x00, 0x00, 0x00, 0x00, 0x00,
  0x00, 0x00, 0x00, 0x00, 0x00, 0x00, 0x00, 0x00, 0x00, 0x00, 0x00, 0x00, 0x00, 0x00, 0x00, 0x00,
  0x00, 0x00, 0x00, 0x00, 0x00, 0x00, 0x00, 0x00, 0x00, 0x00, 0x00, 0x00, 0x00, 0x00, 0x00, 0x00,
  0x00, 0x00, 0x00, 0x00, 0x00, 0x00, 0x00, 0x00, 0x00, 0x00, 0x00, 0x00, 0x00, 0x00, 0x00, 0x00,
  0x00, 0x00, 0x00, 0x00, 0x00, 0x00, 0x00, 0x00, 0x00, 0x00, 0x00, 0x00, 0x00, 0x00, 0x00, 0x00,
  0x00, 0x00, 0x00, 0x00, 0x00, 0x00, 0x00, 0x00, 0x00, 0x78, 0x00, 0x00, 0x00, 0x00, 0x00, 0x00,
  0x00, 0x50, 0x00, 0x78, 0x00, 0x38, 0x80, 0x48, 0xa0, 0x50, 0x80, 0x50, 0x60, 0x58, 0x60, 0x58,
  0x60, 0x58, 0x80, 0x68, 0x80, 0x70, 0x80, 0x68, 0x80, 0x68, 0x80, 0x60, 0x60, 0x50, 0xa0, 0x50,
  0xe0, 0x50, 0x80, 0x61, 0x00, 0x78, 0x80, 0x60, 0x80, 0x68, 0x80, 0x60, 0x80, 0x68, 0x00, 0x60,
  0x00, 0x78, 0x00, 0xf8, 0x00, 0x00, 0x00, 0xf8, 0x00, 0x78, 0x00, 0x00, 0x00, 0x00, 0x00, 0x00,
  0x00, 0x00, 0x00, 0x00, 0x00, 0x00, 0x00, 0x00, 0x00, 0x50, 0x00, 0x78, 0xe0, 0x79, 0x00, 0x78,
  0x00, 0x38, 0x80, 0x78, 0x60, 0x70, 0xc0, 0x78, 0xc0, 0x78, 0x80, 0x88, 0xc0, 0x78, 0x80, 0x78,
  0xa0, 0x80, 0x80, 0x78, 0x40, 0x88, 0x80, 0x88, 0xa0, 0x80, 0x60, 0x78, 0x40, 0x78, 0x60, 0x78,
  0x40, 0x70, 0x60, 0x80, 0x60, 0x80, 0x00, 0xb1, 0xe0, 0xb8, 0x40, 0xd1, 0x00, 0xd2, 0x80, 0xb0,
  0x40, 0x98, 0x20, 0x98, 0x20, 0x98, 0x60, 0xb0, 0x60, 0xb0, 0x60, 0xb0, 0x20, 0xd9, 0x80, 0xe1,
  0x00, 0xe1, 0xe0, 0xc8, 0x40, 0xda, 0xa0, 0xd9, 0x00, 0xb9, 0x80, 0x98, 0x60, 0x98, 0xa0, 0xa8,
  0xe0, 0xb0, 0xa0, 0xa0, 0xa0, 0x98, 0x80, 0x90, 0x60, 0x90, 0xa0, 0xa0, 0x80, 0x90, 0x40, 0x88,
  0x00, 0xb9, 0xc0, 0xa8, 0x80, 0x90, 0xa0, 0x90, 0xa0, 0x90, 0xa0, 0x90, 0xa0, 0x98, 0xc0, 0x98,
  0xe0, 0x98, 0x00, 0xa1, 0xe0, 0xa0, 0x00, 0xa1, 0xc0, 0x98, 0xe0, 0x98, 0x00, 0xa1, 0x00, 0xa1,
  0xc0, 0xa0, 0x20, 0xb1, 0x20, 0xb1, 0xe0, 0xa8, 0xe0, 0xa8, 0x20, 0xa1, 0x40, 0xa9, 0xc0, 0x90,
  0xe0, 0x98, 0xc0, 0x98, 0xa0, 0x98, 0x60, 0xc1, 0x20, 0xa9, 0xe0, 0xa0, 0x40, 0xb1, 0x40, 0xa9,
  0xe0, 0x88, 0xe0, 0x88, 0x00, 0x91, 0xc0, 0x88, 0xc0, 0x88, 0x00, 0x99, 0xe0, 0x88, 0xc0, 0x88,
  0xa0, 0xa0, 0xa0, 0x88, 0x00, 0x91, 0x00, 0x91, 0xc0, 0x88, 0xe0, 0x80, 0xe0, 0x88, 0xa0, 0x90,
  0xe0, 0x88, 0xc0, 0x98, 0x00, 0x50, 0x20, 0x91, 0xe0, 0x80, 0xa0, 0x78, 0xe0, 0x88, 0xe0, 0x79,
  0x20, 0x91, 0x80, 0x99, 0x00, 0x00, 0x00, 0x00, 0x00, 0x00, 0x00, 0x00, 0x80, 0x99, 0xc0, 0x60,
  0xa0, 0x78, 0x60, 0x70, 0x00, 0x78, 0x00, 0x00, 0x80, 0x70, 0x80, 0x70, 0x00, 0x00, 0x00, 0xf8,
  0x00, 0x00, 0x00, 0x00, 0x00, 0x00, 0x00, 0x00, 0x00, 0x00, 0x00, 0x00, 0x00, 0x00, 0x00, 0x00,
  0x00, 0x00, 0x00, 0x00, 0x00, 0x00, 0x00, 0x00, 0x00, 0x00, 0x00, 0x00, 0x00, 0x00, 0x00, 0x00,
  0x00, 0x00, 0x00, 0x00, 0x00, 0x00, 0x00, 0x00, 0x00, 0x00, 0x00, 0x00, 0x00, 0x00, 0x00, 0x00,
  0x00, 0x00, 0x00, 0x00, 0x00, 0x00, 0x00, 0x00, 0x00, 0x00, 0x00, 0x00, 0x00, 0x00, 0x00, 0x00,
  0x00, 0x00, 0x00, 0x00, 0x00, 0x00, 0x00, 0x00, 0x00, 0x00, 0x00, 0x00, 0x00, 0x00, 0x00, 0x00,
  0x00, 0x00, 0x00, 0x00, 0x00, 0x00, 0x00, 0x00, 0x00, 0x00, 0x00, 0x00, 0x00, 0x00, 0x00, 0x00,
  0x00, 0x00, 0x00, 0x00, 0x00, 0x00, 0x00, 0x00, 0x00, 0x00, 0x00, 0x00, 0x00, 0x00, 0x00, 0x00,
  0x00, 0x00, 0x00, 0x00, 0x00, 0x00, 0x00, 0x00, 0x00, 0x00, 0x00, 0x00, 0x00, 0x00, 0x00, 0x00,
  0x00, 0x00, 0x00, 0x00, 0x00, 0x00, 0x00, 0x00, 0x00, 0x00, 0x80, 0x38, 0x80, 0x48, 0x60, 0x48,
  0x00, 0x00, 0x00, 0x00, 0x00, 0x00, 0x00, 0x00, 0x00, 0x00, 0x00, 0x00, 0x00, 0x00, 0x00, 0x00,
  0x00, 0x00, 0x00, 0x00, 0x00, 0x00, 0x00, 0x50, 0x00, 0x00, 0x00, 0x00, 0x00, 0x00, 0x00, 0x00,
  0xa0, 0x58, 0x60, 0x50, 0x80, 0x50, 0x60, 0x50, 0x60, 0x50, 0x60, 0x60, 0x60, 0x60, 0x80, 0x58,
  0x40, 0x50, 0x40, 0x38, 0x40, 0x79, 0x00, 0xf8, 0x00, 0x50, 0x00, 0x38, 0x00, 0x78, 0x00, 0xf8,
  0x00, 0x38, 0x80, 0x60, 0xa0, 0x60, 0x80, 0x60, 0x80, 0x60, 0x00, 0x78, 0x00, 0x00, 0x00, 0x00,
  0x00, 0x00, 0x00, 0x60, 0x00, 0x50, 0x00, 0x00, 0x00, 0x78, 0x00, 0x00, 0x00, 0x00, 0x00, 0x00,
  0x00, 0x00, 0x00, 0x78, 0x00, 0x78, 0x00, 0x78, 0x00, 0x00, 0x00, 0x38, 0x00, 0x78, 0x00, 0x00,
  0x00, 0x78, 0xc0, 0x78, 0x80, 0x70, 0xc0, 0x70, 0x80, 0x70, 0x60, 0x70, 0x60, 0x78, 0x60, 0x78,
  0x80, 0x78, 0x60, 0x78, 0x60, 0x78, 0x60, 0x78, 0x60, 0x80, 0x80, 0x80, 0xa0, 0x90, 0xc0, 0xa0,
  0x20, 0xd9, 0x80, 0x88, 0x40, 0x78, 0x00, 0x78, 0x40, 0x80, 0x40, 0x88, 0x40, 0x80, 0xa0, 0x90,
  0x40, 0x80, 0x20, 0x78, 0x20, 0x80, 0x60, 0xa8, 0x00, 0xd1, 0x80, 0xb8, 0x60, 0xb0, 0xe0, 0xd0,
  0xa0, 0xc0, 0x60, 0x90, 0x60, 0x80, 0x40, 0x88, 0x00, 0xb9, 0xe0, 0xb8, 0xc0, 0xa0, 0xc0, 0xa0,
  0xe0, 0xa8, 0xc0, 0xb0, 0xc0, 0xb0, 0xa0, 0xd1, 0x40, 0xb1, 0x40, 0x80, 0xa0, 0x98, 0xe0, 0xa8,
  0xc0, 0xa0, 0xe0, 0xa8, 0xc0, 0x98, 0xe0, 0xa0, 0xe0, 0xa0, 0xe0, 0xa0, 0xe0, 0xa0, 0xe0, 0xa0,
  0x00, 0xa1, 0x00, 0xa1, 0xe0, 0x98, 0x00, 0x99, 0xa0, 0xa8, 0x40, 0xa9, 0x80, 0x99, 0x40, 0xa9,
  0x20, 0xb1, 0x00, 0xf8, 0x00, 0x99, 0xc0, 0x98, 0xa0, 0x88, 0xc0, 0x90, 0x00, 0xa9, 0x20, 0xa1,
  0x40, 0xa9, 0x00, 0xa1, 0xe0, 0xa0, 0x00, 0xa9, 0x20, 0xa1, 0x20, 0x99, 0x80, 0x99, 0xe0, 0x90,
  0x20, 0x99, 0xe0, 0x88, 0xe0, 0x90, 0xa0, 0xa0, 0x20, 0x91, 0xa0, 0x88, 0xe0, 0x98, 0xc0, 0x88,
  0xe0, 0x80, 0xe0, 0x88, 0x40, 0xa9, 0x00, 0x78, 0x00, 0xa8, 0xe0, 0x88, 0xc0, 0x80, 0x80, 0x99,
  0xe0, 0x78, 0x00, 0x81, 0xe0, 0x80, 0x00, 0x78, 0x00, 0xa8, 0x00, 0xf8, 0x00, 0xf8, 0x00, 0x00,
  0x00, 0x00, 0x00, 0xf8, 0x00, 0x00, 0x40, 0x51, 0x00, 0x00, 0x80, 0x70, 0xc0, 0x70, 0x00, 0x00,
  0x00, 0x00, 0xa0, 0x70, 0x80, 0x68, 0x00, 0x00, 0x00, 0x00, 0x00, 0x00, 0x00, 0x00, 0x00, 0x00,
  0x00, 0x00, 0x00, 0x00, 0x00, 0x00, 0x00, 0x00, 0x00, 0x00, 0x00, 0x00, 0x00, 0x00, 0x00, 0x00,
  0x00, 0x00, 0x00, 0x00, 0x00, 0x00, 0x00, 0x00, 0x00, 0x00, 0x00, 0x00, 0x00, 0x00, 0x00, 0x00,
  0x00, 0x00, 0x00, 0x00, 0x00, 0x00, 0x00, 0x00, 0x00, 0x00, 0x00, 0x00, 0x00, 0x00, 0x00, 0x00,
  0x00, 0x00, 0x00, 0x00, 0x00, 0x00, 0x00, 0x00, 0x00, 0x00, 0x00, 0x00, 0x00, 0x00, 0x00, 0x00,
  0x00, 0x00, 0x00, 0x00, 0x00, 0x00, 0x00, 0x00, 0x00, 0x00, 0x00, 0x00, 0x00, 0x00, 0x00, 0x00,
  0x00, 0x00, 0x00, 0x00, 0x00, 0x00, 0x00, 0x00, 0x00, 0x00, 0x00, 0x00, 0x00, 0x00, 0x00, 0x00,
  0x00, 0x00, 0x00, 0x00, 0x00, 0x00, 0x00, 0x00, 0x00, 0x00, 0x00, 0x00, 0x00, 0x00, 0x00, 0x00,
  0x00, 0x00, 0x00, 0x00, 0x00, 0x00, 0x00, 0x00, 0x00, 0x00, 0x00, 0x00, 0x00, 0x00, 0x00, 0x00,
  0x00, 0x00, 0x00, 0x00, 0x60, 0x48, 0x80, 0x48, 0x00, 0x38, 0x00, 0x00, 0x00, 0x00, 0x00, 0x00,
  0x00, 0x00, 0x00, 0x00, 0x00, 0x00, 0x00, 0x00, 0x00, 0x00, 0x00, 0x00, 0x00, 0x00, 0x00, 0x00,
  0x00, 0x00, 0x00, 0x00, 0x60, 0x50, 0x80, 0x50, 0x60, 0x50, 0x60, 0x48, 0x60, 0x48, 0x60, 0x50,
  0x60, 0x48, 0x60, 0x50, 0x60, 0x58, 0x00, 0x00, 0x00, 0x48, 0x00, 0x50, 0x00, 0xf8, 0x00, 0x58,
  0x00, 0x38, 0x00, 0x78, 0x00, 0x00, 0x00, 0x00, 0x00, 0xf8, 0x00, 0x00, 0x60, 0x60, 0xa0, 0x58,
  0xa0, 0x68, 0x80, 0x61, 0x00, 0x00, 0x00, 0x00, 0x00, 0x00, 0x00, 0x00, 0x00, 0x00, 0x00, 0x00,
  0x00, 0x78, 0x00, 0x00, 0x00, 0x00, 0x00, 0x00, 0x00, 0x50, 0x00, 0x78, 0x00, 0xa8, 0x00, 0x00,
  0x00, 0x78, 0x00, 0x50, 0x00, 0x00, 0x00, 0x50, 0x00, 0x00, 0x00, 0x78, 0x80, 0x70, 0x80, 0x70,
  0xa0, 0x78, 0xa0, 0x78, 0x80, 0x78, 0x80, 0x80, 0x80, 0x78, 0x60, 0x70, 0x80, 0x58, 0x40, 0x70,
  0x40, 0x90, 0x60, 0x90, 0x80, 0x90, 0x80, 0x88, 0x80, 0x90, 0x20, 0x70, 0x20, 0x68, 0x60, 0x78,
  0x40, 0x70, 0x40, 0x80, 0x40, 0x78, 0x40, 0x68, 0x60, 0x80, 0x60, 0x98, 0x80, 0xb0, 0x80, 0xa0,
  0x20, 0x90, 0x20, 0xd9, 0x60, 0xd9, 0xe0, 0xc0, 0x00, 0xc9, 0xe0, 0xb8, 0xa0, 0xa8, 0xe0, 0xb0,
  0xe0, 0xb8, 0xc0, 0xb0, 0xe0, 0xb0, 0xe0, 0xb0, 0x00, 0xb1, 0x00, 0xb1, 0x00, 0xb1, 0xa0, 0xa0,
  0x20, 0xb9, 0x20, 0xb9, 0x00, 0xb1, 0x40, 0xb9, 0xe0, 0xa8, 0x00, 0xb1, 0x00, 0xb9, 0x80, 0xb9,
  0x00, 0xb1, 0x20, 0xb1, 0x20, 0xa9, 0xe0, 0xa0, 0x00, 0xa1, 0x20, 0xa1, 0xe0, 0x7b, 0x40, 0xa9,
  0x40, 0xa9, 0x20, 0x91, 0x80, 0xc9, 0x00, 0xb8, 0x40, 0x79, 0x20, 0xb1, 0xe0, 0x99, 0xc0, 0x98,
  0xc0, 0x90, 0xe0, 0x98, 0xe0, 0xa0, 0xe0, 0xb9, 0x00, 0xa8, 0x00, 0xb9, 0x20, 0xb1, 0xe0, 0xa0,
  0x40, 0xa1, 0x20, 0x99, 0xe0, 0xa8, 0x20, 0x91, 0xa0, 0x88, 0xe0, 0x90, 0x40, 0x91, 0xe0, 0x98,
  0xe0, 0x98, 0x20, 0xb1, 0xc0, 0x98, 0x00, 0x00, 0xa0, 0x88, 0xc0, 0x88, 0x20, 0x91, 0x00, 0xf8,
  0x40, 0x79, 0x00, 0x00, 0x00, 0xa8, 0xe0, 0x78, 0x00, 0xa8, 0x00, 0x78, 0x20, 0x89, 0x00, 0x00,
  0x00, 0xf8, 0xe0, 0xb9, 0x80, 0x61, 0x00, 0xa8, 0x00, 0x00, 0x00, 0x00, 0x00, 0xf8, 0x00, 0x00,
  0xe0, 0x78, 0xe0, 0x88, 0xc0, 0x78, 0xe0, 0x78, 0x00, 0x00, 0x00, 0x00, 0x00, 0x00, 0x00, 0x00,
  0x00, 0x00, 0x00, 0x00, 0x00, 0x00, 0x00, 0x00, 0x00, 0x00, 0x00, 0x00, 0x00, 0x00, 0x00, 0x00,
  0x00, 0x00, 0x00, 0x00, 0x00, 0x00, 0x00, 0x00, 0x00, 0x00, 0x00, 0x00, 0x00, 0x00, 0x00, 0x00,
  0x00, 0x00, 0x00, 0x00, 0x00, 0x00, 0x00, 0x00, 0x00, 0x00, 0x00, 0x00, 0x00, 0x00, 0x00, 0x00,
  0x00, 0x00, 0x00, 0x00, 0x00, 0x00, 0x00, 0x00, 0x00, 0x00, 0x00, 0x00, 0x00, 0x00, 0x00, 0x00,
  0x00, 0x00, 0x00, 0x00, 0x00, 0x00, 0x00, 0x00, 0x00, 0x00, 0x00, 0x00, 0x00, 0x00, 0x00, 0x00,
  0x00, 0x00, 0x00, 0x00, 0x00, 0x00, 0x00, 0x00, 0x00, 0x00, 0x00, 0x00, 0x00, 0x00, 0x00, 0x00,
  0x00, 0x00, 0x00, 0x00, 0x00, 0x00, 0x00, 0x00, 0x00, 0x00, 0x00, 0x00, 0x00, 0x00, 0x00, 0x00,
  0x00, 0x00, 0x00, 0x00, 0x00, 0x00, 0x00, 0x00, 0x00, 0x00, 0x00, 0x00, 0x00, 0x00, 0x00, 0x00,
  0x00, 0x00, 0x00, 0x00, 0x00, 0x00, 0x00, 0x00, 0x00, 0x00, 0x00, 0x00, 0x00, 0x00, 0x00, 0x38,
  0x60, 0x40, 0x00, 0x30, 0x00, 0x00, 0x00, 0x00, 0x00, 0x00, 0x00, 0x00, 0x00, 0x00, 0x00, 0x00,
  0x00, 0x00, 0x00, 0x00, 0x00, 0x00, 0x00, 0x78, 0x80, 0x48, 0x60, 0x40, 0x60, 0x48, 0x60, 0x48,
  0x60, 0x48, 0x60, 0x50, 0x60, 0x48, 0x80, 0x50, 0x00, 0x00, 0x00, 0x00, 0x00, 0x00, 0x00, 0x00,
  0x00, 0x78, 0x00, 0x50, 0x00, 0x38, 0x00, 0x78, 0x00, 0x00, 0x00, 0x00, 0x00, 0xf8, 0x00, 0x00,
  0x00, 0x00, 0x00, 0xf8, 0x00, 0x00, 0x00, 0x00, 0x00, 0x00, 0x00, 0x78, 0x00, 0x00, 0x00, 0x00,
  0x00, 0xf8, 0x00, 0x00, 0x00, 0x00, 0x80, 0x58, 0x60, 0x58, 0x00, 0x78, 0x40, 0x58, 0x60, 0x60,
  0x00, 0x00, 0x00, 0x00, 0x00, 0x00, 0x00, 0x00, 0x00, 0x00, 0x00, 0x78, 0x00, 0x00, 0x00, 0x50,
  0x00, 0x78, 0x00, 0x98, 0xe0, 0x70, 0x80, 0x70, 0x60, 0x70, 0x80, 0x70, 0x80, 0x70, 0x60, 0x68,
  0x60, 0x68, 0x80, 0x70, 0x60, 0x78, 0x40, 0x78, 0x40, 0x70, 0x20, 0x70, 0x60, 0x78, 0x60, 0x78,
  0x60, 0x78, 0x80, 0x80, 0x60, 0x70, 0x80, 0x90, 0xa0, 0xa0, 0x80, 0x90, 0x60, 0x78, 0x40, 0x70,
  0x20, 0x68, 0x40, 0x80, 0x40, 0x88, 0x80, 0xa0, 0x80, 0xa0, 0xa0, 0xb0, 0xc0, 0xc0, 0xe0, 0xc0,
  0xc0, 0xb0, 0xc0, 0xd9, 0x80, 0x90, 0xa0, 0x98, 0x20, 0xb9, 0xe0, 0xa8, 0xe0, 0xa8, 0xe0, 0xa8,
  0xe0, 0xa0, 0xc0, 0xa0, 0xa0, 0x98, 0xc0, 0xa0, 0x80, 0xb9, 0xc0, 0x90, 0xa0, 0x98, 0x00, 0xb1,
  0x00, 0xb1, 0xe0, 0x98, 0x20, 0xa9, 0x00, 0xa1, 0x20, 0xb1, 0xe0, 0xa8, 0xe0, 0xa8, 0xa0, 0xb8,
  0x80, 0x99, 0x00, 0xb8, 0xe0, 0x98, 0xe0, 0x79, 0x00, 0xf8, 0x80, 0x99, 0x80, 0x99, 0x80, 0xc9,
  0x00, 0xa8, 0x00, 0xf8, 0xe0, 0xb9, 0x20, 0xb1, 0x40, 0xa9, 0x80, 0x99, 0x20, 0xb1, 0x00, 0xa9,
  0x80, 0x98, 0x00, 0x99, 0x00, 0xa9, 0x00, 0x99, 0xe0, 0x98, 0x00, 0x99, 0xe0, 0x98, 0x00, 0x99,
  0x40, 0x79, 0x80, 0x99, 0xe0, 0x88, 0xa0, 0x88, 0xa0, 0xaa, 0x00, 0x78, 0xa0, 0xaa, 0xe0, 0x79,
  0x00, 0x78, 0xe0, 0x88, 0xe0, 0x88, 0xe0, 0xb9, 0x40, 0x79, 0x40, 0x79, 0x00, 0xa8, 0x00, 0x00,
  0x00, 0x00, 0x00, 0x78, 0x00, 0xa8, 0x00, 0xf8, 0x00, 0x00, 0x00, 0xf8, 0x00, 0xf8, 0x00, 0xa8,
  0x40, 0xa9, 0x00, 0xf8, 0x00, 0x00, 0x00, 0x90, 0xa0, 0x78, 0xe0, 0x78, 0xe0, 0x80, 0x20, 0x71,
  0x00, 0x00, 0x00, 0x00, 0x00, 0x78, 0x00, 0x00, 0x00, 0x00, 0x00, 0x00, 0x00, 0x00, 0x00, 0x00,
  0x00, 0x00, 0x00, 0xf8, 0x00, 0x00, 0x00, 0x00, 0x00, 0x00, 0x00, 0x00, 0x00, 0x00, 0x00, 0x00,
  0x00, 0x00, 0x00, 0x00, 0x00, 0x00, 0x00, 0x00, 0x00, 0x00, 0x00, 0x00, 0x00, 0x00, 0x00, 0x00,
  0x00, 0x00, 0x00, 0x00, 0x00, 0x00, 0x00, 0x00, 0x00, 0x00, 0x00, 0x00, 0x00, 0x00, 0x00, 0x00,
  0x00, 0x00, 0x00, 0x00, 0x00, 0x00, 0x00, 0x00, 0x00, 0x00, 0x00, 0x00, 0x00, 0x00, 0x00, 0x00,
  0x00, 0x00, 0x00, 0x00, 0x00, 0x00, 0x00, 0x00, 0x00, 0x00, 0x00, 0x00, 0x00, 0x00, 0x00, 0x00,
  0x00, 0x00, 0x00, 0x00, 0x00, 0x00, 0x00, 0x00, 0x00, 0x00, 0x00, 0x00, 0x00, 0x00, 0x00, 0x00,
  0x00, 0x00, 0x00, 0x00, 0x00, 0x00, 0x00, 0x00, 0x00, 0x00, 0x00, 0x00, 0x00, 0x00, 0x00, 0x00,
  0x00, 0x00, 0x00, 0x00, 0x00, 0x00, 0x00, 0x00, 0x00, 0x00, 0x00, 0x00, 0x00, 0x00, 0x00, 0x00,
  0x00, 0x00, 0x00, 0x00, 0x00, 0x00, 0x00, 0x00, 0x00, 0x00, 0x40, 0x40, 0x00, 0x38, 0x00, 0x00,
  0x00, 0x00, 0x00, 0x00, 0x00, 0x00, 0x00, 0x00, 0x00, 0x00, 0x00, 0x00, 0xe0, 0x58, 0x60, 0x48,
  0x60, 0x48, 0x60, 0x48, 0x40, 0x48, 0x60, 0x48, 0x60, 0x50, 0x00, 0x50, 0x00, 0x00, 0x00, 0x00,
  0x00, 0x00, 0x00, 0x00, 0x00, 0x78, 0x00, 0x00, 0x00, 0x00, 0x00, 0x00, 0x00, 0x00, 0x00, 0x00,
  0x00, 0x00, 0x00, 0x00, 0x00, 0x00, 0x00, 0x00, 0x00, 0x00, 0x00, 0x00, 0x00, 0x00, 0x00, 0x00,
  0x00, 0x00, 0x00, 0x00, 0x00, 0x00, 0x00, 0x00, 0x00, 0x00, 0x00, 0x00, 0x00, 0x00, 0x00, 0xf8,
  0x60, 0x60, 0x60, 0x58, 0x20, 0x69, 0x60, 0x60, 0x60, 0x60, 0x00, 0x00, 0x00, 0x00, 0x00, 0x00,
  0x00, 0x00, 0x00, 0x00, 0x00, 0x00, 0x00, 0x38, 0x00, 0x60, 0x60, 0x70, 0x60, 0x78, 0x60, 0x68,
  0x80, 0x70, 0x80, 0x70, 0x60, 0x60, 0x60, 0x68, 0x40, 0x70, 0x60, 0x80, 0x80, 0x90, 0x60, 0x88,
  0x60, 0x88, 0x40, 0x70, 0x60, 0x60, 0x80, 0x78, 0x60, 0x78, 0x60, 0x78, 0x80, 0x88, 0x80, 0x90,
  0x80, 0x88, 0x80, 0x80, 0x60, 0x70, 0x40, 0x60, 0x40, 0x70, 0x40, 0x70, 0x40, 0x70, 0x40, 0x78,
  0x80, 0x88, 0x40, 0x80, 0x80, 0x90, 0x80, 0xa8, 0xe0, 0xc0, 0xa0, 0xb8, 0xc0, 0xb0, 0xa0, 0x90,
  0xc0, 0xa0, 0x80, 0x88, 0xc0, 0xa0, 0x80, 0x90, 0xa0, 0x90, 0xa0, 0x90, 0x80, 0x90, 0x80, 0x88,
  0xc0, 0x90, 0x80, 0xc9, 0x20, 0xb1, 0x00, 0x00, 0x00, 0x00, 0x00, 0xa9, 0x20, 0xa1, 0x00, 0xa1,
  0xe0, 0xa8, 0x00, 0xa1, 0xe0, 0xa0, 0x00, 0xb8, 0x40, 0xa9, 0x40, 0xa9, 0xa0, 0xaa, 0x80, 0x99,
  0x00, 0x78, 0xe0, 0xb9, 0xa0, 0xaa, 0x00, 0x00, 0x00, 0xa8, 0x00, 0xf8, 0x00, 0x00, 0x00, 0x00,
  0x00, 0x00, 0x00, 0x78, 0x80, 0x99, 0x00, 0x78, 0x00, 0xa8, 0x00, 0xf8, 0xe0, 0x98, 0x00, 0x99,
  0x00, 0x78, 0xe0, 0x90, 0xe0, 0x98, 0xe0, 0x88, 0xe0, 0x98, 0xe0, 0x88, 0x00, 0xf8, 0x00, 0xf8,
  0x00, 0xb8, 0x00, 0xa8, 0x00, 0x00, 0x00, 0x00, 0x00, 0x00, 0x00, 0xf8, 0xe0, 0x88, 0xa0, 0x80,
  0xc0, 0x78, 0xe0, 0x78, 0x80, 0x70, 0x00, 0x98, 0x00, 0x00, 0x00, 0x00, 0x00, 0xf8, 0x00, 0x60,
  0xa0, 0xaa, 0x00, 0x00, 0x00, 0x00, 0x00, 0x00, 0x00, 0x00, 0x00, 0xa8, 0x00, 0x78, 0x00, 0x00,
  0x00, 0x90, 0xe0, 0x70, 0x00, 0x50, 0x00, 0x00, 0x00, 0x00, 0x00, 0x00, 0x00, 0x00, 0x00, 0x00,
  0x00, 0x00, 0x00, 0x00, 0x00, 0x00, 0x00, 0x00, 0x00, 0x00, 0x00, 0x00, 0x00, 0x00, 0x00, 0x00,
  0x00, 0x00, 0x00, 0x00, 0x00, 0x00, 0x00, 0x00, 0x00, 0x00, 0x00, 0x00, 0x00, 0x00, 0x00, 0x00,
  0x00, 0x00, 0x00, 0x00, 0x00, 0x00, 0x00, 0x00, 0x00, 0x00, 0x00, 0x00, 0x00, 0x00, 0x00, 0x00,
  0x00, 0x00, 0x00, 0x00, 0x00, 0x00, 0x00, 0x00, 0x00, 0x00, 0x00, 0x00, 0x00, 0x00, 0x00, 0x00,
  0x00, 0x00, 0x00, 0x00, 0x00, 0x00, 0x00, 0x00, 0x00, 0x00, 0x00, 0x00, 0x00, 0x00, 0x00, 0x00,
  0x00, 0x00, 0x00, 0x00, 0x00, 0x00, 0x00, 0x00, 0x00, 0x00, 0x00, 0x00, 0x00, 0x00, 0x00, 0x00,
  0x00, 0x00, 0x00, 0x00, 0x00, 0x00, 0x00, 0x00, 0x00, 0x00, 0x00, 0x00, 0x00, 0x00, 0x00, 0x00,
  0x00, 0x00, 0x00, 0x00, 0x00, 0x00, 0x00, 0x00, 0x00, 0x00, 0x00, 0x00, 0x00, 0x00, 0x00, 0x00,
  0x00, 0x00, 0x00, 0x00, 0x00, 0x00, 0x00, 0x00, 0x00, 0x00, 0x00, 0x00, 0x00, 0x78, 0x00, 0x00,
  0x00, 0x00, 0x00, 0x00, 0x00, 0x00, 0x00, 0x00, 0x00, 0x00, 0x00, 0x00, 0x00, 0x00, 0x00, 0x00,
  0x00, 0x00, 0x80, 0x40, 0x80, 0x48, 0x60, 0x48, 0x80, 0x48, 0x40, 0x48, 0xa0, 0x40, 0x00, 0x00,
  0x00, 0x00, 0x00, 0x00, 0x00, 0x00, 0x00, 0x78, 0x00, 0x00, 0x00, 0x00, 0x00, 0x00, 0x00, 0x00,
  0x00, 0x00, 0x00, 0x00, 0x00, 0x00, 0x00, 0x00, 0x00, 0x00, 0x00, 0x00, 0x00, 0x00, 0x00, 0x00,
  0x00, 0x00, 0x00, 0x00, 0x00, 0x00, 0x00, 0x00, 0x00, 0x00, 0x00, 0x00, 0x00, 0x00, 0x00, 0x00,
  0x00, 0x00, 0x00, 0x00, 0x00, 0x00, 0x00, 0x78, 0x00, 0xf8, 0x80, 0x68, 0x60, 0x70, 0xc0, 0x68,
  0x60, 0x60, 0x00, 0x00, 0x00, 0x00, 0x00, 0x00, 0x00, 0x00, 0x00, 0xf8, 0x00, 0x50, 0x20, 0x69,
  0x00, 0x38, 0x00, 0x50, 0xe0, 0x78, 0xc0, 0x78, 0x80, 0x70, 0x60, 0x58, 0x40, 0x58, 0x40, 0x68,
  0x60, 0x80, 0x60, 0x80, 0x60, 0x88, 0x40, 0x80, 0x40, 0x68, 0x40, 0x70, 0x80, 0x78, 0x80, 0x80,
  0x60, 0x80, 0x80, 0x88, 0x60, 0x88, 0x60, 0x78, 0x40, 0x68, 0x40, 0x78, 0x40, 0x68, 0x20, 0x60,
  0x40, 0x68, 0x60, 0x88, 0x40, 0x78, 0x40, 0x70, 0x40, 0x88, 0xa0, 0x98, 0xa0, 0x98, 0x60, 0x80,
  0xa0, 0xb0, 0xa0, 0xa8, 0x60, 0x88, 0x60, 0x88, 0x40, 0x88, 0x80, 0x90, 0xa0, 0x98, 0xc0, 0x98,
  0x80, 0x90, 0xa0, 0x90, 0xa0, 0x98, 0xc0, 0x90, 0xa0, 0x90, 0xe0, 0xa0, 0xe0, 0xfb, 0x00, 0xa8,
  0x00, 0xa8, 0xa0, 0xaa, 0x40, 0xa9, 0xc0, 0xa0, 0xe0, 0x98, 0x80, 0xb9, 0xe0, 0xa0, 0xe0, 0x98,
  0x00, 0x00, 0x40, 0xa9, 0x00, 0xf8, 0x80, 0xc9, 0xe0, 0xb9, 0x00, 0x00, 0x00, 0x00, 0x00, 0xf8,
  0x00, 0xf8, 0x00, 0x00, 0x00, 0x00, 0x00, 0x00, 0x00, 0xf8, 0x00, 0x00, 0x00, 0x78, 0x00, 0xf8,
  0x00, 0x00, 0x00, 0x00, 0x00, 0x78, 0x00, 0xf8, 0x80, 0x99, 0xe0, 0xa0, 0xc0, 0x90, 0xa0, 0x88,
  0x20, 0xa1, 0xe0, 0x98, 0x00, 0x98, 0x00, 0xf8, 0xa0, 0xaa, 0x80, 0x99, 0x00, 0x00, 0x00, 0x00,
  0x00, 0x00, 0x00, 0x00, 0x00, 0x00, 0xc0, 0x88, 0xa0, 0x80, 0xc0, 0x80, 0xa0, 0x80, 0xe0, 0x78,
  0x00, 0x60, 0x00, 0xf8, 0x00, 0x00, 0x00, 0x00, 0x00, 0x78, 0x00, 0x78, 0x00, 0x00, 0x00, 0x00,
  0x00, 0x00, 0x00, 0xf8, 0x00, 0x78, 0x00, 0x00, 0x00, 0x00, 0x00, 0x00, 0x00, 0x00, 0x00, 0x00,
  0x00, 0x78, 0x00, 0x00, 0x00, 0x00, 0x00, 0x00, 0x00, 0x00, 0x00, 0x00, 0x00, 0x00, 0x00, 0x00,
  0x00, 0x00, 0x00, 0x00, 0x00, 0x00, 0x00, 0x00, 0x00, 0x00, 0x00, 0x00, 0x00, 0x00, 0x00, 0x00,
  0x00, 0x00, 0x00, 0x00, 0x00, 0x00, 0x00, 0x00, 0x00, 0x00, 0x00, 0x00, 0x00, 0x00, 0x00, 0x00,
  0x00, 0x00, 0x00, 0x00, 0x00, 0x00, 0x00, 0x00, 0x00, 0x00, 0x00, 0x00, 0x00, 0x00, 0x00, 0x00,
  0x00, 0x00, 0x00, 0x00, 0x00, 0x00, 0x00, 0x00, 0x00, 0x00, 0x00, 0x00, 0x00, 0x00, 0x00, 0x00,
  0x00, 0x00, 0x00, 0x00, 0x00, 0x00, 0x00, 0x00, 0x00, 0x00, 0x00, 0x00, 0x00, 0x00, 0x00, 0x00,
  0x00, 0x00, 0x00, 0x00, 0x00, 0x00, 0x00, 0x00, 0x00, 0x00, 0x00, 0x00, 0x00, 0x00, 0x00, 0x00,
  0x00, 0x00, 0x00, 0x00, 0x00, 0x00, 0x00, 0x00, 0x00, 0x00, 0x00, 0x00, 0x00, 0x00, 0x00, 0x00,
  0x00, 0x00, 0x00, 0x00, 0x00, 0x00, 0x00, 0x00, 0x00, 0x00, 0x00, 0x00, 0x00, 0x00, 0x00, 0x00,
  0x00, 0x00, 0x00, 0x00, 0x00, 0x00, 0x00, 0x00, 0x00, 0x00, 0x00, 0x00, 0x00, 0x00, 0x00, 0x00,
  0x00, 0x00, 0x00, 0x00, 0x00, 0x50, 0x60, 0x38, 0x40, 0x40, 0x40, 0x40, 0x40, 0x40, 0x60, 0x48,
  0x00, 0x40, 0x00, 0x00, 0x00, 0x00, 0x00, 0x00, 0x00, 0x00, 0x00, 0x00, 0x00, 0x00, 0x00, 0x00,
  0x00, 0x00, 0x00, 0x00, 0x00, 0x00, 0x00, 0x00, 0x00, 0x00, 0x00, 0x00, 0x00, 0x00, 0x00, 0x00,
  0x00, 0x00, 0x00, 0x00, 0x00, 0x00, 0x00, 0x00, 0x00, 0x00, 0x00, 0x00, 0x00, 0xf8, 0x00, 0x00,
  0x00, 0x00, 0x00, 0x00, 0x00, 0x00, 0x00, 0x00, 0x00, 0x00, 0x00, 0x00, 0x00, 0x00, 0x00, 0xa8,
  0xe0, 0x58, 0x00, 0x00, 0xe0, 0x07, 0x00, 0x00, 0x00, 0x00, 0x00, 0x00, 0x00, 0x00, 0x00, 0x00,
  0x00, 0x00, 0x00, 0x00, 0x00, 0x00, 0x00, 0x50, 0x00, 0x60, 0xe0, 0x70, 0xa0, 0x78, 0x60, 0x60,
  0x60, 0x58, 0x20, 0x60, 0x40, 0x60, 0x40, 0x70, 0x40, 0x78, 0x40, 0x70, 0x60, 0x70, 0x40, 0x70,
  0x40, 0x70, 0x60, 0x70, 0x80, 0x78, 0x60, 0x78, 0x60, 0x78, 0x20, 0x80, 0x00, 0x58, 0x00, 0x58,
  0x20, 0x60, 0x40, 0x70, 0x80, 0x80, 0x80, 0x88, 0xa0, 0x88, 0xa0, 0xa0, 0xc0, 0xa0, 0x60, 0x88,
  0x80, 0x90, 0x60, 0x80, 0xa0, 0x90, 0xa0, 0xa8, 0x80, 0x98, 0x60, 0x98, 0xa0, 0xa0, 0xa0, 0xa8,
  0xc0, 0xa0, 0x80, 0x90, 0xa0, 0x98, 0x00, 0xa9, 0xe0, 0x98, 0xc0, 0x98, 0xe0, 0x98, 0x40, 0xa9,
  0x00, 0xa1, 0x40, 0xa9, 0xe0, 0x98, 0x00, 0xf8, 0x00, 0xf8, 0x00, 0xf8, 0x00, 0xa8, 0xa0, 0xaa,
  0x00, 0x78, 0x00, 0xf8, 0x00, 0x00, 0x20, 0xb1, 0xc0, 0xa9, 0x00, 0xa8, 0x00, 0x00, 0xe0, 0x98,
  0xe0, 0x98, 0xe0, 0x80, 0xc0, 0x90, 0xe0, 0x98, 0xe0, 0xfb, 0x00, 0x00, 0x00, 0xa8, 0x00, 0x00,
  0x00, 0x00, 0x00, 0xf8, 0x00, 0x00, 0x00, 0x78, 0x00, 0xf8, 0x00, 0x00, 0x00, 0xf8, 0x00, 0x00,
  0x00, 0xf8, 0x20, 0x91, 0xe0, 0x98, 0x00, 0xa1, 0x20, 0xa9, 0x20, 0xb1, 0x60, 0xa1, 0x00, 0xb8,
  0xe0, 0xb9, 0x00, 0x50, 0x00, 0xf8, 0x00, 0x00, 0x00, 0x00, 0x00, 0x00, 0x00, 0xf8, 0xe0, 0x78,
  0xe0, 0x88, 0xe0, 0x80, 0xc0, 0x80, 0xa0, 0x80, 0xe0, 0x79, 0x00, 0x78, 0x00, 0xf8, 0x00, 0x78,
  0x00, 0x00, 0x00, 0x00, 0x00, 0xf8, 0x00, 0x00, 0x00, 0x00, 0x00, 0x00, 0x00, 0x00, 0x00, 0xf8,
  0x00, 0x00, 0x00, 0x00, 0x00, 0x00, 0x00, 0x00, 0x00, 0x00, 0x00, 0x00, 0x00, 0x00, 0x00, 0x00,
  0x00, 0x00, 0x00, 0x00, 0x00, 0x00, 0x00, 0x00, 0x00, 0x00, 0x00, 0x00, 0x00, 0x00, 0x00, 0x00,
  0x00, 0x00, 0x00, 0x00, 0x00, 0x00, 0x00, 0x00, 0x00, 0x00, 0x00, 0x00, 0x00, 0x00, 0x00, 0x00,
  0x00, 0x00, 0x00, 0x00, 0x00, 0x00, 0x00, 0x00, 0x00, 0x00, 0x00, 0x00, 0x00, 0x00, 0x00, 0x00,
  0x00, 0x00, 0x00, 0x00, 0x00, 0x00, 0x00, 0x00, 0x00, 0x00, 0x00, 0x00, 0x00, 0x00, 0x00, 0x00,
  0x00, 0x00, 0x00, 0x00, 0x00, 0x00, 0x00, 0x00, 0x00, 0x00, 0x00, 0x00, 0x00, 0x00, 0x00, 0x00,
  0x00, 0x00, 0x00, 0x00, 0x00, 0x00, 0x00, 0x00, 0x00, 0x00, 0x00, 0x00, 0x00, 0x00, 0x00, 0x00,
  0x00, 0x00, 0x00, 0x00, 0x00, 0x00, 0x00, 0x00, 0x00, 0x00, 0x00, 0x00, 0x00, 0x00, 0x00, 0x00,
  0x00, 0x00, 0x00, 0x00, 0x00, 0x00, 0x00, 0x00, 0x00, 0x00, 0x00, 0x00, 0x00, 0x00, 0x00, 0x00,
  0x00, 0x00, 0x00, 0x00, 0x00, 0x00, 0x00, 0x00, 0x00, 0x00, 0x00, 0x00, 0x00, 0x00, 0x00, 0x00,
  0x00, 0x00, 0x00, 0x00, 0x00, 0x00, 0x00, 0x00, 0x00, 0x00, 0x00, 0x38, 0x60, 0x40, 0x80, 0x40,
  0x60, 0x40, 0x60, 0x40, 0x60, 0x40, 0x00, 0x00, 0x00, 0x00, 0x00, 0x00, 0x00, 0x00, 0x00, 0x00,
  0x00, 0x00, 0x00, 0x00, 0x00, 0x00, 0x00, 0x00, 0x00, 0x00, 0x00, 0x00, 0x00, 0x00, 0x00, 0x00,
  0x00, 0x00, 0x00, 0x00, 0x00, 0x00, 0x00, 0x00, 0x00, 0x00, 0x00, 0x00, 0x00, 0x00, 0x00, 0x00,
  0x00, 0x00, 0x00, 0x00, 0x00, 0x00, 0x00, 0x00, 0x00, 0x00, 0x00, 0x00, 0x00, 0x00, 0x00, 0x00,
  0x00, 0x00, 0x00, 0x00, 0x00, 0x00, 0x00, 0x00, 0x00, 0x00, 0x00, 0x00, 0x00, 0x00, 0x00, 0x50,
  0x00, 0x00, 0x00, 0x00, 0x00, 0x78, 0x00, 0x00, 0x00, 0x00, 0x00, 0x00, 0x00, 0x00, 0x00, 0x78,
  0x00, 0x00, 0x80, 0x68, 0x40, 0x58, 0x20, 0x50, 0x40, 0x58, 0x40, 0x68, 0x40, 0x68, 0x20, 0x68,
  0x20, 0x68, 0x20, 0x60, 0x20, 0x60, 0x60, 0x70, 0x60, 0x70, 0x80, 0x70, 0x60, 0x78, 0x80, 0x78,
  0x60, 0x70, 0x40, 0x60, 0x20, 0x58, 0x20, 0x58, 0x40, 0x68, 0x60, 0x80, 0x80, 0x90, 0xc0, 0x98,
  0xc0, 0x98, 0x80, 0x88, 0xc0, 0x90, 0xa0, 0x90, 0xa0, 0x90, 0xa0, 0x90, 0xc0, 0xa0, 0xc0, 0xa0,
  0xc0, 0xa0, 0x80, 0x90, 0x80, 0x90, 0xe0, 0xa0, 0xc0, 0xa0, 0xa0, 0x98, 0xa0, 0x98, 0x20, 0xa9,
  0x20, 0xb1, 0xc0, 0xa0, 0xe0, 0xa0, 0xe0, 0x98, 0xe0, 0xa8, 0xe0, 0x88, 0x60, 0x89, 0x00, 0x78,
  0x00, 0x00, 0x00, 0xa8, 0x00, 0xf8, 0x00, 0x78, 0x00, 0x78, 0xe0, 0xff, 0xe0, 0xfb, 0x00, 0x00,
  0x00, 0x00, 0x00, 0x00, 0x00, 0xf8, 0x00, 0x00, 0xe0, 0x98, 0xe0, 0x98, 0xa0, 0x98, 0xc0, 0x98,
  0xe0, 0x98, 0x00, 0x00, 0x00, 0xf8, 0x00, 0x78, 0x00, 0x00, 0x00, 0x00, 0x00, 0x78, 0x00, 0x00,
  0x00, 0x00, 0x00, 0x00, 0x00, 0x00, 0x00, 0xf8, 0x00, 0x00, 0x00, 0xf8, 0x20, 0x91, 0xe0, 0x90,
  0xe0, 0x98, 0xe0, 0xa0, 0x00, 0x99, 0x00, 0x78, 0xa0, 0xa0, 0x00, 0x78, 0x00, 0x00, 0x00, 0x00,
  0x00, 0x78, 0x00, 0x00, 0x00, 0x00, 0x00, 0x78, 0x00, 0x78, 0x00, 0x00, 0xa0, 0x88, 0xa0, 0x78,
  0x00, 0x00, 0x00, 0x00, 0x00, 0x00, 0x00, 0x00, 0x00, 0x50, 0x00, 0x00, 0x00, 0x00, 0x00, 0x00,
  0x00, 0x00, 0x00, 0x00, 0x00, 0xf8, 0x40, 0x79, 0x80, 0x99, 0x00, 0x00, 0x00, 0x00, 0x00, 0x00,
  0x00, 0x00, 0x00, 0x00, 0x00, 0x00, 0x00, 0x00, 0x00, 0x00, 0x00, 0x00, 0x00, 0x00, 0x00, 0x00,
  0x00, 0x00, 0x00, 0x00, 0x00, 0x00, 0x00, 0x00, 0x00, 0x00, 0x00, 0x00, 0x00, 0x00, 0x00, 0x00,
  0x00, 0x00, 0x00, 0x00, 0x00, 0x00, 0x00, 0x00, 0x00, 0x00, 0x00, 0x00, 0x00, 0x00, 0x00, 0x00,
  0x00, 0x00, 0x00, 0x00, 0x00, 0x00, 0x00, 0x00, 0x00, 0x00, 0x00, 0x00, 0x00, 0x00, 0x00, 0x00,
  0x00, 0x00, 0x00, 0x00, 0x00, 0x00, 0x00, 0x00, 0x00, 0x00, 0x00, 0x00, 0x00, 0x00, 0x00, 0x00,
  0x00, 0x00, 0x00, 0x00, 0x00, 0x00, 0x00, 0x00, 0x00, 0x00, 0x00, 0x00, 0x00, 0x00, 0x00, 0x00,
  0x00, 0x00, 0x00, 0x00, 0x00, 0x00, 0x00, 0x00, 0x00, 0x00, 0x00, 0x00, 0x00, 0x00, 0x00, 0x00,
  0x00, 0x00, 0x00, 0x00, 0x00, 0x00, 0x00, 0x00, 0x00, 0x00, 0x00, 0x00, 0x00, 0x00, 0x00, 0x00,
  0x00, 0x00, 0x00, 0x00, 0x00, 0x00, 0x00, 0x00, 0x00, 0x00, 0x00, 0x00, 0x00, 0x00, 0x00, 0x00,
  0x00, 0x00, 0x00, 0x00, 0x00, 0x00, 0x00, 0x00, 0x00, 0x00, 0x00, 0x00, 0x00, 0x00, 0x00, 0x00,
  0x00, 0x50, 0x00, 0x30, 0x80, 0x38, 0x00, 0x48, 0x00, 0x38, 0x00, 0x00, 0x00, 0x00, 0x00, 0x00,
  0x00, 0x78, 0x00, 0x00, 0x00, 0x00, 0x00, 0x00, 0x00, 0x00, 0x00, 0x00, 0x00, 0x00, 0x00, 0x00,
  0x00, 0x00, 0x00, 0x00, 0x00, 0x00, 0x00, 0x00, 0x00, 0x00, 0x00, 0x00, 0x00, 0x00, 0x00, 0x00,
  0x00, 0x00, 0x00, 0x00, 0x00, 0x00, 0x00, 0x00, 0x00, 0x00, 0x00, 0x00, 0x00, 0x00, 0xa0, 0x68,
  0xa0, 0x60, 0x60, 0x58, 0x00, 0x00, 0x00, 0x00, 0x00, 0x00, 0x00, 0x00, 0x00, 0xf8, 0x00, 0x00,
  0x00, 0x00, 0x00, 0x00, 0x00, 0x00, 0x00, 0x00, 0x00, 0x00, 0x00, 0x00, 0x00, 0x00, 0x00, 0x00,
  0x00, 0x78, 0x00, 0x60, 0x60, 0x58, 0x60, 0x60, 0x60, 0x58, 0x60, 0x60, 0x60, 0x60, 0x40, 0x68,
  0x40, 0x68, 0x40, 0x70, 0x60, 0x70, 0x40, 0x68, 0x00, 0x58, 0x40, 0x58, 0xa0, 0x68, 0xa0, 0x70,
  0x60, 0x70, 0xa0, 0x78, 0x80, 0x78, 0xa0, 0x70, 0x80, 0x70, 0x80, 0x78, 0x60, 0x70, 0x60, 0x70,
  0xa0, 0x98, 0xc0, 0x88, 0x80, 0x88, 0xc0, 0x90, 0x80, 0x88, 0x80, 0x80, 0x80, 0x88, 0xe0, 0x98,
  0x80, 0x90, 0xe0, 0x90, 0xc0, 0x90, 0xc0, 0x90, 0xc0, 0x90, 0xa0, 0x90, 0x80, 0x88, 0xa0, 0x90,
  0xa0, 0x88, 0xc0, 0x90, 0xa0, 0x98, 0xc0, 0x90, 0xa0, 0x98, 0xc0, 0x98, 0x40, 0x91, 0xe0, 0x98,
  0xe0, 0x88, 0xa0, 0x90, 0x20, 0xb1, 0x20, 0x91, 0x00, 0xf8, 0x00, 0x00, 0x00, 0xf8, 0x00, 0x00,
  0x00, 0x78, 0x00, 0xa8, 0x00, 0xf8, 0x00, 0x78, 0x00, 0x00, 0x80, 0x99, 0xe0, 0x79, 0x00, 0x00,
  0x00, 0x00, 0x20, 0x91, 0xa0, 0xa8, 0x00, 0x00, 0xe0, 0xb9, 0x00, 0x00, 0x00, 0x78, 0x00, 0xa8,
  0x00, 0xa8, 0xa0, 0xaa, 0x00, 0xa8, 0x80, 0x99, 0x20, 0x91, 0x20, 0x99, 0x00, 0xf8, 0x00, 0x00,
  0x00, 0xf8, 0x00, 0x00, 0x00, 0xf8, 0xe0, 0x88, 0x20, 0x69, 0x80, 0x78, 0xa0, 0x78, 0xe0, 0x78,
  0x00, 0xa8, 0x00, 0x98, 0x00, 0x78, 0x00, 0x78, 0x00, 0xf8, 0x00, 0xf8, 0x00, 0xf8, 0x00, 0x00,
  0x00, 0x00, 0x00, 0x00, 0xa0, 0x52, 0x00, 0xf8, 0x00, 0x00, 0x00, 0x78, 0x00, 0x00, 0x00, 0x00,
  0x00, 0x00, 0x00, 0x00, 0x00, 0x00, 0x00, 0x00, 0x00, 0xf8, 0x00, 0x00, 0x00, 0x00, 0x00, 0x00,
  0xa0, 0x70, 0x00, 0x79, 0x00, 0x00, 0x00, 0x00, 0x00, 0x00, 0x00, 0xf8, 0x00, 0x00, 0x00, 0x00,
  0x00, 0x00, 0x00, 0x00, 0x00, 0x00, 0x00, 0x00, 0x00, 0x00, 0x00, 0x00, 0x00, 0x00, 0x00, 0x00,
  0x00, 0x00, 0x00, 0x00, 0x00, 0x00, 0x00, 0x00, 0x00, 0x00, 0x00, 0x00, 0x00, 0x00, 0x00, 0x00,
  0x00, 0x00, 0x00, 0x00, 0x00, 0x00, 0x00, 0x00, 0x00, 0x00, 0x00, 0x00, 0x00, 0x00, 0x00, 0x00,
  0x00, 0x00, 0x00, 0xf8, 0x00, 0x78, 0x00, 0x00, 0x00, 0x00, 0x00, 0x00, 0x00, 0x00, 0x00, 0x00,
  0x00, 0x00, 0x00, 0x00, 0x00, 0x00, 0x00, 0x00, 0x00, 0x00, 0x00, 0x00, 0x00, 0x00, 0x00, 0x00,
  0x00, 0x00, 0x00, 0x00, 0x00, 0x00, 0x00, 0x00, 0x00, 0x00, 0x00, 0x00, 0x00, 0x00, 0x00, 0x00,
  0x00, 0x00, 0x00, 0x00, 0x00, 0x00, 0x00, 0x00, 0x00, 0x00, 0x00, 0x00, 0x00, 0x00, 0x00, 0x00,
  0x00, 0x00, 0x00, 0x00, 0x00, 0x00, 0x00, 0x00, 0x00, 0x00, 0x00, 0x00, 0x00, 0x00, 0x00, 0x00,
  0x00, 0x00, 0x00, 0x00, 0x00, 0x00, 0x00, 0x00, 0x00, 0x00, 0x00, 0x00, 0x00, 0x00, 0x00, 0x00,
  0x00, 0x00, 0x00, 0x00, 0x00, 0x00, 0x00, 0x00, 0x00, 0x00, 0x00, 0x50, 0x00, 0x30, 0x00, 0x00,
  0x00, 0x00, 0x00, 0x00, 0x00, 0x00, 0x00, 0x00, 0x00, 0x00, 0x00, 0x00, 0x00, 0x00, 0x00, 0x00,
  0x00, 0x00, 0x00, 0x00, 0x00, 0x00, 0x00, 0x00, 0x00, 0x00, 0x00, 0x00, 0x00, 0x00, 0x00, 0x00,
  0x00, 0x00, 0x00, 0x00, 0x00, 0x00, 0x00, 0x00, 0x00, 0x00, 0x00, 0x00, 0x00, 0x00, 0x00, 0x00,
  0x00, 0x00, 0x00, 0x00, 0x00, 0x00, 0x00, 0x50, 0x80, 0x60, 0x80, 0x60, 0x80, 0x60, 0xa0, 0x60,
  0x00, 0x00, 0x00, 0x00, 0x00, 0x00, 0x00, 0x00, 0x00, 0x00, 0x00, 0x00, 0x00, 0x00, 0x00, 0x00,
  0x00, 0x00, 0x00, 0x00, 0x00, 0x00, 0x00, 0x00, 0x00, 0x50, 0x00, 0x68, 0xa0, 0x58, 0x80, 0x60,
  0x60, 0x60, 0x60, 0x58, 0x60, 0x70, 0x60, 0x78, 0x60, 0x78, 0x40, 0x70, 0x60, 0x60, 0x60, 0x58,
  0x80, 0x60, 0xc0, 0x68, 0x80, 0x68, 0x60, 0x68, 0x80, 0x68, 0x80, 0x68, 0x80, 0x70, 0xa0, 0x68,
  0x60, 0x70, 0x60, 0x68, 0x80, 0x70, 0xe0, 0x80, 0xa0, 0x80, 0xa0, 0x80, 0xc0, 0x80, 0xc0, 0x90,
  0xa0, 0x88, 0xa0, 0x80, 0xa0, 0x80, 0xa0, 0x88, 0xa0, 0x80, 0xa0, 0x90, 0xa0, 0x80, 0xc0, 0x88,
  0xa0, 0x80, 0xc0, 0x88, 0xa0, 0x90, 0xa0, 0x88, 0xa0, 0x88, 0xa0, 0x80, 0xc0, 0x90, 0xe0, 0x98,
  0xc0, 0x90, 0xe0, 0x98, 0xe0, 0x90, 0xe0, 0xa0, 0xe0, 0x79, 0x00, 0xf8, 0x00, 0xf8, 0x00, 0x00,
  0x00, 0xf8, 0x00, 0xf8, 0x00, 0xf8, 0x00, 0x00, 0x00, 0x00, 0x00, 0xf8, 0xe0, 0xb9, 0x40, 0x79,
  0x80, 0x99, 0x00, 0xf8, 0x40, 0xa9, 0xe0, 0x99, 0xe0, 0x98, 0x80, 0x99, 0x00, 0x00, 0x00, 0x00,
  0xe0, 0x79, 0x00, 0xf8, 0x00, 0xf8, 0x00, 0xf8, 0x00, 0xa8, 0x40, 0xa9, 0xe0, 0x88, 0xc0, 0x90,
  0xe0, 0x98, 0xc0, 0x90, 0xe0, 0x98, 0x00, 0x00, 0xe0, 0x7b, 0x00, 0x00, 0x00, 0x00, 0x00, 0x00,
  0x00, 0x00, 0x00, 0x00, 0x00, 0x00, 0x60, 0x91, 0xe0, 0x88, 0x00, 0x00, 0x00, 0x00, 0x00, 0x00,
  0x00, 0xf8, 0x00, 0xf8, 0x00, 0x00, 0x00, 0x00, 0x00, 0x00, 0x00, 0x00, 0x00, 0x00, 0x00, 0x00,
  0x00, 0xf8, 0x00, 0x00, 0x00, 0x00, 0x00, 0x00, 0x00, 0xf8, 0x00, 0x00, 0x00, 0x00, 0x00, 0xf8,
  0x00, 0x00, 0xe0, 0x79, 0x00, 0x78, 0xc0, 0x78, 0xe0, 0x88, 0xe0, 0x78, 0xe0, 0x70, 0x00, 0x00,
  0x00, 0x00, 0x00, 0x00, 0x00, 0x00, 0x00, 0x00, 0x00, 0x00, 0x00, 0x00, 0x00, 0x00, 0x00, 0x00,
  0x00, 0x00, 0x00, 0x00, 0x00, 0x00, 0x00, 0x00, 0x00, 0x00, 0x00, 0x00, 0x00, 0x00, 0x00, 0x00,
  0x00, 0x00, 0x00, 0x00, 0x00, 0x00, 0x00, 0x00, 0x00, 0x00, 0x00, 0x00, 0x00, 0x00, 0x00, 0x00,
  0x00, 0x00, 0x00, 0x00, 0x00, 0x00, 0x00, 0x00, 0x00, 0x00, 0x00, 0x00, 0x00, 0x00, 0x00, 0x00,
  0x00, 0x00, 0x00, 0x00, 0x00, 0x00, 0x00, 0x00, 0x00, 0x00, 0x00, 0x00, 0x00, 0x00, 0x00, 0x00,
  0x00, 0x00, 0x00, 0x00, 0x00, 0x00, 0x00, 0x00, 0x00, 0x00, 0x00, 0x00, 0x00, 0x00, 0x00, 0x00,
  0x00, 0x00, 0x00, 0x00, 0x00, 0x00, 0x00, 0x00, 0x00, 0x00, 0x00, 0x00, 0x00, 0x00, 0x00, 0x00,
  0x00, 0x00, 0x00, 0x00, 0x00, 0x00, 0x00, 0x00, 0x00, 0x00, 0x00, 0x00, 0x00, 0x00, 0x00, 0x00,
  0x00, 0x00, 0x00, 0x00, 0x00, 0x00, 0x00, 0x00, 0x00, 0x00, 0x00, 0x00, 0x00, 0x00, 0x00, 0x00,
  0x00, 0x00, 0x00, 0x00, 0x00, 0x00, 0x00, 0x00, 0x00, 0x00, 0x00, 0x00, 0x00, 0x00, 0x00, 0x00,
  0x00, 0x00, 0x00, 0x00, 0x00, 0x00, 0x00, 0x00, 0x00, 0x00, 0x00, 0x00, 0x00, 0x00, 0x00, 0x00,
  0x00, 0x00, 0x00, 0x00, 0x00, 0x00, 0x00, 0x00, 0x00, 0x00, 0x00, 0x00, 0x00, 0x00, 0x00, 0x00,
  0x00, 0x00, 0x00, 0x00, 0x00, 0x00, 0x00, 0x00, 0x00, 0x00, 0x00, 0x00, 0x00, 0x00, 0x00, 0x00,
  0x00, 0x00, 0x00, 0x00, 0x00, 0x00, 0x00, 0x00, 0x00, 0x00, 0x00, 0x00, 0x00, 0x00, 0x00, 0x00,
  0x00, 0x78, 0x80, 0x58, 0x60, 0x58, 0x80, 0x60, 0xa0, 0x58, 0x00, 0x00, 0x00, 0x00, 0x00, 0x00,
  0x00, 0x00, 0x00, 0x00, 0x00, 0x00, 0x00, 0x00, 0x00, 0x00, 0x00, 0x00, 0x00, 0x78, 0x00, 0x38,
  0x00, 0x00, 0x00, 0x00, 0xa0, 0x52, 0x60, 0x68, 0x40, 0x60, 0x40, 0x58, 0x60, 0x60, 0x60, 0x68,
  0x40, 0x60, 0x40, 0x60, 0x40, 0x58, 0xc0, 0x60, 0x40, 0x70, 0x80, 0x68, 0x80, 0x60, 0x80, 0x68,
  0x80, 0x68, 0x80, 0x70, 0xc0, 0x68, 0x80, 0x70, 0x80, 0x70, 0xe0, 0x79, 0x00, 0x89, 0x80, 0x78,
  0xa0, 0x80, 0xa0, 0x88, 0x80, 0x80, 0xa0, 0x80, 0xc0, 0x80, 0xa0, 0x80, 0xa0, 0x88, 0xa0, 0x88,
  0xc0, 0x88, 0xc0, 0x88, 0xc0, 0x88, 0xa0, 0x80, 0x80, 0x80, 0xc0, 0x80, 0xc0, 0x90, 0xe0, 0x88,
  0xc0, 0x90, 0xa0, 0x90, 0x00, 0xa1, 0xa0, 0xa0, 0xc0, 0x98, 0xe0, 0x88, 0x20, 0x91, 0x40, 0x91,
  0x40, 0xa9, 0xe0, 0xb9, 0x00, 0x78, 0x00, 0xa8, 0x00, 0x00, 0x00, 0x00, 0x00, 0x00, 0x00, 0x00,
  0x00, 0x00, 0x00, 0x00, 0x00, 0x00, 0x00, 0xf8, 0x80, 0x99, 0xe0, 0x98, 0xa0, 0xaa, 0x00, 0x00,
  0xe0, 0x7b, 0xa0, 0xaa, 0xe0, 0x79, 0x00, 0x00, 0x00, 0xf8, 0x00, 0xf8, 0x00, 0xf8, 0x00, 0xf8,
  0x00, 0xf8, 0x00, 0x00, 0x80, 0x98, 0xe0, 0x98, 0xe0, 0x90, 0x00, 0x99, 0xc0, 0x90, 0xc0, 0x90,
  0x00, 0x00, 0x00, 0x00, 0x00, 0x00, 0x00, 0x00, 0x00, 0x00, 0x00, 0x00, 0x00, 0x00, 0x00, 0x00,
  0x00, 0x00, 0x00, 0xf8, 0x00, 0xf8, 0x00, 0x00, 0x00, 0x00, 0x00, 0x00, 0x00, 0x00, 0x00, 0x00,
  0x00, 0x00, 0x00, 0x78, 0x00, 0x00, 0x00, 0xf8, 0x00, 0x00, 0x00, 0x00, 0x00, 0x00, 0x00, 0x00,
  0x00, 0x00, 0xe0, 0x79, 0x00, 0x78, 0x00, 0x00, 0x00, 0x00, 0x00, 0x00, 0x00, 0xa8, 0x00, 0x00,
  0xe0, 0x80, 0x00, 0x99, 0xe0, 0x80, 0xc0, 0x70, 0x00, 0x00, 0x00, 0xf8, 0x00, 0x00, 0x00, 0x00,
  0x00, 0x00, 0x00, 0x00, 0x00, 0x00, 0x00, 0x00, 0x00, 0x00, 0x00, 0x00, 0x00, 0x00, 0x00, 0x00,
  0x00, 0x00, 0x00, 0x00, 0x00, 0x00, 0x00, 0x00, 0x00, 0x00, 0x00, 0x00, 0x00, 0x00, 0x00, 0x00,
  0x00, 0x00, 0x00, 0x00, 0x00, 0x00, 0x00, 0x00, 0x00, 0x00, 0x00, 0x00, 0x00, 0x00, 0x00, 0x00,
  0x00, 0x00, 0x00, 0x00, 0x00, 0x00, 0x00, 0x00, 0x00, 0x00, 0x00, 0x00, 0x00, 0x00, 0x00, 0x00,
  0x00, 0x00, 0x00, 0x00, 0x00, 0x00, 0x00, 0x00, 0x00, 0x00, 0x00, 0x00, 0x00, 0x00, 0x00, 0x00,
  0x00, 0x00, 0x00, 0x00, 0x00, 0x00, 0x00, 0x00, 0x00, 0x00, 0x00, 0x00, 0x00, 0x00, 0x00, 0x00,
  0x00, 0x00, 0x00, 0x00, 0x00, 0x00, 0x00, 0x00, 0x00, 0x00, 0x00, 0x00, 0x00, 0x00, 0x00, 0x00,
  0x00, 0x00, 0x00, 0x00, 0x00, 0x00, 0x00, 0x00, 0x00, 0x00, 0x00, 0x00, 0x00, 0x00, 0x00, 0x00,
  0x00, 0x00, 0x00, 0x00, 0x00, 0x00, 0x00, 0x00, 0x00, 0x00, 0x00, 0x00, 0x00, 0x00, 0x00, 0x00,
  0x00, 0x00, 0x00, 0x00, 0x00, 0x00, 0x00, 0x00, 0x00, 0x00, 0x00, 0x00, 0x00, 0x00, 0x00, 0x00,
  0x00, 0x00, 0x00, 0x00, 0x00, 0x00, 0x00, 0x00, 0x00, 0x00, 0x00, 0x00, 0x00, 0x00, 0x00, 0x00,
  0x00, 0x00, 0x00, 0x00, 0x00, 0x00, 0x00, 0x00, 0x00, 0x00, 0x00, 0x00, 0x00, 0x00, 0x00, 0x00,
  0x00, 0x00, 0x00, 0x00, 0x00, 0x00, 0x00, 0x00, 0x00, 0x00, 0x00, 0x00, 0x00, 0x00, 0x00, 0x00,
  0x00, 0x00, 0x00, 0x00, 0x00, 0x00, 0x00, 0x00, 0x00, 0x00, 0x00, 0x00, 0x00, 0x30, 0x80, 0x58,
  0x60, 0x58, 0xa0, 0x58, 0x00, 0x00, 0x00, 0x00, 0x00, 0x00, 0x00, 0x00, 0x00, 0x00, 0x00, 0xf8,
  0x00, 0x00, 0x00, 0x00, 0x00, 0x38, 0x00, 0x00, 0x00, 0x00, 0x60, 0x50, 0x40, 0x50, 0x40, 0x58,
  0x40, 0x58, 0x40, 0x58, 0x40, 0x58, 0x80, 0x60, 0x80, 0x58, 0xa0, 0x68, 0xc0, 0x68, 0xa0, 0x70,
  0x60, 0x68, 0xa0, 0x78, 0xa0, 0x68, 0xc0, 0x78, 0xa0, 0x78, 0xa0, 0x70, 0xc0, 0x78, 0x20, 0x69,
  0x00, 0x98, 0x00, 0x78, 0x00, 0x60, 0xe0, 0x88, 0xa0, 0x80, 0xa0, 0x78, 0x81, 0x50, 0x80, 0x70,
  0xa0, 0x80, 0xc0, 0x80, 0xc0, 0x88, 0xa0, 0x90, 0xa0, 0x80, 0x80, 0x70, 0xc0, 0x80, 0x00, 0x81,
  0xc0, 0x90, 0xc0, 0x90, 0xa0, 0x80, 0xc0, 0x90, 0x20, 0x91, 0xe0, 0x88, 0x00, 0x91, 0x80, 0xa0,
  0x20, 0x89, 0x40, 0xa9, 0x00, 0xa8, 0x00, 0x00, 0xa0, 0xaa, 0x00, 0xf8, 0x00, 0x00, 0x00, 0x00,
  0x00, 0x00, 0x00, 0x00, 0x00, 0x00, 0x00, 0x00, 0x00, 0x00, 0x00, 0x00, 0x00, 0x00, 0x00, 0x00,
  0x00, 0x00, 0x00, 0x00, 0x00, 0x78, 0x00, 0x78, 0x00, 0x00, 0x00, 0xf8, 0x00, 0xf8, 0x00, 0xf8,
  0x00, 0x00, 0x00, 0x00, 0x00, 0x00, 0x00, 0xf8, 0xe0, 0x79, 0x00, 0xf8, 0x00, 0x00, 0xc0, 0x98,
  0xe0, 0x90, 0xc0, 0x90, 0xe0, 0x98, 0xe0, 0x90, 0xc0, 0x88, 0x00, 0x00, 0x00, 0x00, 0x00, 0x00,
  0x00, 0x00, 0x00, 0x00, 0x00, 0x00, 0x00, 0x00, 0x00, 0x00, 0x00, 0x00, 0x00, 0x00, 0x00, 0x00,
  0x00, 0x00, 0x00, 0x00, 0x00, 0x00, 0x00, 0x00, 0x00, 0x00, 0x00, 0x00, 0x00, 0x00, 0x00, 0x00,
  0x00, 0x00, 0x00, 0x00, 0x00, 0x00, 0x00, 0x00, 0x00, 0x00, 0x00, 0x00, 0x00, 0x00, 0x00, 0x78,
  0x00, 0x78, 0x00, 0xf8, 0x00, 0x00, 0x00, 0xf8, 0xa0, 0x52, 0x80, 0x68, 0xa0, 0x78, 0xa0, 0x78,
  0xc0, 0x78, 0x00, 0x00, 0x00, 0x00, 0x00, 0x00, 0x00, 0x00, 0x00, 0x00, 0x00, 0x00, 0x00, 0x00,
  0x00, 0x00, 0x00, 0x00, 0x00, 0x00, 0x00, 0x00, 0x00, 0x00, 0x00, 0x00, 0x00, 0x00, 0x00, 0x00,
  0x00, 0x00, 0x00, 0x00, 0x00, 0x00, 0x00, 0x00, 0x00, 0x00, 0x00, 0x00, 0x00, 0x00, 0x00, 0x00,
  0x00, 0x00, 0x00, 0x00, 0x00, 0x00, 0x00, 0x00, 0x00, 0x00, 0x00, 0x00, 0x00, 0x00, 0x00, 0x00,
  0x00, 0x00, 0x00, 0x00, 0x00, 0x00, 0x00, 0x00, 0x00, 0x00, 0x00, 0x00, 0x00, 0x00, 0x00, 0x00,
  0x00, 0x00, 0x00, 0x00, 0x00, 0x00, 0x00, 0x00, 0x00, 0x00, 0x00, 0x00, 0x00, 0x00, 0x00, 0x00,
  0x00, 0x00, 0x00, 0x00, 0x00, 0x00, 0x00, 0x00, 0x00, 0x00, 0x00, 0x00, 0x00, 0x00, 0x00, 0x00,
  0x00, 0x00, 0x00, 0x00, 0x00, 0x00, 0x00, 0x00, 0x00, 0x00, 0x00, 0x00, 0x00, 0x00, 0x00, 0x00,
  0x00, 0x00, 0x00, 0x00, 0x00, 0x00, 0x00, 0x00, 0x00, 0x00, 0x00, 0x00, 0x00, 0x00, 0x00, 0x00,
  0x00, 0x00, 0x00, 0x00, 0x00, 0x00, 0x00, 0x00, 0x00, 0x00, 0x00, 0x00, 0x00, 0x00, 0x00, 0x00,
  0x00, 0x00, 0x00, 0x00, 0x00, 0x00, 0x00, 0x00, 0x00, 0x00, 0x00, 0x00, 0x00, 0x00, 0x00, 0x00,
  0x00, 0x00, 0x00, 0x00, 0x00, 0x00, 0x00, 0x00, 0x00, 0x00, 0x00, 0x00, 0x00, 0x00, 0x00, 0x00,
  0x00, 0x00, 0x00, 0x00, 0x00, 0x00, 0x00, 0x00, 0x00, 0x00, 0x00, 0x00, 0x00, 0x00, 0x00, 0x00,
  0x00, 0x00, 0x00, 0x00, 0x00, 0x00, 0x00, 0x00, 0x00, 0x00, 0x00, 0x00, 0x00, 0x00, 0x00, 0x00,
  0x00, 0x00, 0x00, 0x00, 0x00, 0x00, 0x00, 0x00, 0x00, 0x00, 0x00, 0x00, 0x00, 0x00, 0x00, 0x00,
  0x00, 0x00, 0x00, 0x00, 0x00, 0x00, 0x00, 0x00, 0x00, 0x00, 0x00, 0x00, 0x00, 0x00, 0x00, 0x00,
  0x60, 0x58, 0x40, 0x50, 0x40, 0x50, 0x40, 0x50, 0x40, 0x50, 0x60, 0x50, 0x60, 0x60, 0x80, 0x70,
  0x80, 0x70, 0xa0, 0x68, 0xc0, 0x60, 0x80, 0x60, 0xc0, 0x60, 0x00, 0x60, 0x00, 0x38, 0xe0, 0x70,
  0xe0, 0x58, 0x00, 0xa8, 0x40, 0x79, 0x00, 0x78, 0x00, 0x78, 0x00, 0x00, 0x00, 0x78, 0x00, 0xf8,
  0x00, 0x00, 0xc0, 0x60, 0xe0, 0x98, 0x00, 0xb9, 0xc0, 0xa0, 0xc0, 0x88, 0x00, 0xf8, 0x00, 0x00,
  0xe0, 0x88, 0x00, 0x78, 0x00, 0x78, 0x80, 0x90, 0x00, 0x78, 0x00, 0xa8, 0x00, 0x98, 0xa0, 0x80,
  0xc0, 0x90, 0xe0, 0x98, 0xe0, 0x98, 0x00, 0x98, 0x00, 0xa8, 0xc0, 0x98, 0x40, 0xa9, 0xe0, 0x79,
  0xe0, 0xff, 0xe0, 0x90, 0xe0, 0x88, 0x00, 0x00, 0x00, 0x00, 0x00, 0x00, 0x00, 0xf8, 0x00, 0x00,
  0x00, 0x00, 0x00, 0x00, 0x00, 0x00, 0x00, 0xf8, 0x00, 0x00, 0x00, 0x00, 0x00, 0x00, 0x00, 0x00,
  0x00, 0x00, 0x00, 0x00, 0x00, 0x00, 0x00, 0x00, 0x00, 0x00, 0x00, 0x00, 0x00, 0xa8, 0x20, 0x91,
  0x00, 0x00, 0x00, 0xa8, 0xe0, 0xb9, 0x00, 0xf8, 0x00, 0x90, 0xc0, 0x88, 0xe0, 0x98, 0xe0, 0x90,
  0xe0, 0x90, 0x80, 0xa0, 0x00, 0x00, 0x00, 0x00, 0x00, 0x00, 0x00, 0x00, 0x00, 0x00, 0x00, 0x00,
  0x00, 0x00, 0x00, 0x00, 0x00, 0x00, 0x00, 0x00, 0x00, 0x00, 0x00, 0x00, 0x00, 0x00, 0x00, 0x00,
  0x00, 0x00, 0x00, 0x00, 0x00, 0x00, 0x00, 0x00, 0x00, 0x00, 0x00, 0x00, 0x00, 0x00, 0x00, 0x00,
  0x00, 0x00, 0x00, 0xf8, 0x00, 0x00, 0x00, 0x00, 0xa0, 0x70, 0x80, 0x78, 0x00, 0x00, 0x00, 0x00,
  0x00, 0x00, 0x00, 0x78, 0x00, 0x00, 0x00, 0x00, 0x00, 0x00, 0x00, 0x00, 0x00, 0x00, 0x00, 0x00,
  0x00, 0x00, 0x00, 0x00, 0x00, 0x00, 0x00, 0x00, 0x00, 0x00, 0x00, 0x00, 0x00, 0x00, 0x00, 0x00,
  0x00, 0x00, 0x00, 0x00, 0x00, 0x00, 0x00, 0x00, 0x00, 0x00, 0x00, 0x00, 0x00, 0x00, 0x00, 0x00,
  0x00, 0x00, 0x00, 0x00, 0x00, 0x00, 0x00, 0x00, 0x00, 0x00, 0x00, 0x00, 0x00, 0x00, 0x00, 0x00,
  0x00, 0x00, 0x00, 0x00, 0x00, 0x00, 0x00, 0x00, 0x00, 0x00, 0x00, 0x00, 0x00, 0x00, 0x00, 0x00,
  0x00, 0x00, 0x00, 0x00, 0x00, 0x00, 0x00, 0x00, 0x00, 0x00, 0x00, 0x00, 0x00, 0x00, 0x00, 0x00,
  0x00, 0x00, 0x00, 0x00, 0x00, 0x00, 0x00, 0x00, 0x00, 0x00, 0x00, 0x00, 0x00, 0x00, 0x00, 0x00,
  0x00, 0x00, 0x00, 0x00, 0x00, 0x00, 0x00, 0x00, 0x00, 0x00, 0x00, 0x00, 0x00, 0x00, 0x00, 0x00,
  0x00, 0x00, 0x00, 0x00, 0x00, 0x00, 0x00, 0x00, 0x00, 0x00, 0x00, 0x00, 0x00, 0x00, 0x00, 0x00,
  0x00, 0x00, 0x00, 0x00, 0x00, 0x00, 0x00, 0x00, 0x00, 0x00, 0x00, 0x00, 0x00, 0x00, 0x00, 0x00,
  0x00, 0x00, 0x00, 0x00, 0x00, 0x00, 0x00, 0x00, 0x00, 0x00, 0x00, 0x00, 0x00, 0x00, 0x00, 0x00,
  0x00, 0x00, 0x00, 0x00, 0x00, 0x00, 0x00, 0x00, 0x00, 0x00, 0x00, 0x00, 0x00, 0x00, 0x00, 0x00,
  0x00, 0x00, 0x00, 0x00, 0x00, 0x00, 0x00, 0x00, 0x00, 0x00, 0x00, 0x00, 0x00, 0x00, 0x00, 0x00,
  0x00, 0x00, 0x00, 0x00, 0x00, 0x00, 0x00, 0x00, 0x00, 0x00, 0x00, 0x00, 0x00, 0x00, 0x00, 0x00,
  0x00, 0x00, 0x00, 0x00, 0x00, 0x00, 0x00, 0x50, 0x00, 0x38, 0x00, 0x00, 0x00, 0x00, 0x00, 0x00,
  0x00, 0x00, 0x00, 0x78, 0x00, 0x00, 0x80, 0x61, 0x00, 0x00, 0x00, 0x00, 0x00, 0x00, 0x00, 0x78,
  0x00, 0x00, 0x00, 0x00, 0x00, 0xf8, 0x60, 0x50, 0x60, 0x50, 0x40, 0x48, 0x40, 0x50, 0x60, 0x50,
  0x60, 0x58, 0xe0, 0x58, 0x80, 0x61, 0x40, 0x51, 0xe0, 0x58, 0x20, 0x69, 0x00, 0x78, 0x00, 0x78,
  0xe0, 0x79, 0x00, 0x78, 0x00, 0x00, 0x00, 0x38, 0x00, 0x78, 0x00, 0x78, 0x00, 0x78, 0x00, 0x00,
  0x00, 0x78, 0x00, 0x00, 0x00, 0x00, 0x00, 0x00, 0x00, 0x00, 0x00, 0x78, 0x00, 0x00, 0xc0, 0x90,
  0x20, 0xc1, 0x00, 0xb1, 0x80, 0x70, 0xe0, 0x98, 0x60, 0x88, 0xa0, 0x78, 0x20, 0x91, 0x00, 0x78,
  0xe0, 0x88, 0x00, 0x98, 0x00, 0xa8, 0xe0, 0x78, 0x00, 0x78, 0x00, 0x78, 0x00, 0x78, 0x20, 0x91,
  0xe0, 0x78, 0x00, 0x78, 0xc0, 0x98, 0x00, 0xf8, 0x00, 0xf8, 0x00, 0xf8, 0xc0, 0x88, 0xc0, 0x90,
  0x00, 0x00, 0x00, 0x00, 0x00, 0x00, 0x00, 0xf8, 0x00, 0x00, 0x00, 0x00, 0x00, 0x00, 0x00, 0x00,
  0x00, 0x00, 0x00, 0x00, 0x00, 0x00, 0x00, 0x00, 0x00, 0x00, 0x00, 0x00, 0x00, 0xf8, 0x00, 0xf8,
  0x00, 0x00, 0x00, 0xf8, 0x00, 0x00, 0xe0, 0xb9, 0xa0, 0x88, 0x00, 0x00, 0x00, 0x00, 0x00, 0xf8,
  0x00, 0xa8, 0x80, 0x88, 0xc0, 0x88, 0xe0, 0x90, 0xe0, 0x90, 0xe0, 0x90, 0xa0, 0xa0, 0x00, 0x00,
  0x00, 0x00, 0x00, 0x00, 0x00, 0x00, 0x00, 0x00, 0x00, 0x00, 0x00, 0x00, 0x00, 0x00, 0x00, 0x00,
  0x00, 0x00, 0x00, 0x00, 0x00, 0x00, 0x00, 0x00, 0x00, 0x00, 0x00, 0x00, 0x00, 0x00, 0x00, 0x00,
  0x00, 0x00, 0x00, 0x00, 0x00, 0x00, 0x00, 0x00, 0x00, 0x00, 0x00, 0xf8, 0x00, 0x00, 0x00, 0x00,
  0x00, 0x00, 0xe0, 0x78, 0x00, 0x00, 0x00, 0x00, 0x00, 0x00, 0x00, 0xf8, 0x00, 0xf8, 0x00, 0x00,
  0x00, 0x50, 0x00, 0x50, 0x00, 0xf8, 0x00, 0x00, 0x00, 0x00, 0x00, 0x00, 0x00, 0x00, 0x00, 0x00,
  0x00, 0x00, 0x00, 0x00, 0x00, 0x00, 0x00, 0x00, 0x00, 0x00, 0x00, 0x00, 0x00, 0x00, 0x00, 0x00,
  0x00, 0x00, 0x00, 0x00, 0x00, 0x00, 0x00, 0x00, 0x00, 0x00, 0x00, 0x00, 0x00, 0x00, 0x00, 0x00,
  0x00, 0x00, 0x00, 0x00, 0x00, 0x00, 0x00, 0x00, 0x00, 0x00, 0x00, 0x00, 0x00, 0x00, 0x00, 0x00,
  0x00, 0x00, 0x00, 0x00, 0x00, 0x00, 0x00, 0x00, 0x00, 0x00, 0x00, 0x00, 0x00, 0x00, 0x00, 0x00,
  0x00, 0x00, 0x00, 0x00, 0x00, 0x00, 0x00, 0x00, 0x00, 0x00, 0x00, 0x00, 0x00, 0x00, 0x00, 0x00,
  0x00, 0x00, 0x00, 0x00, 0x00, 0x00, 0x00, 0x00, 0x00, 0x00, 0x00, 0x00, 0x00, 0x00, 0x00, 0x00,
  0x00, 0x00, 0x00, 0x00, 0x00, 0x00, 0x00, 0x00, 0x00, 0x00, 0x00, 0x00, 0x00, 0x00, 0x00, 0x00,
  0x00, 0x00, 0x00, 0x00, 0x00, 0x00, 0x00, 0x00, 0x00, 0x00, 0x00, 0x00, 0x00, 0x00, 0x00, 0x00,
  0x00, 0x00, 0x00, 0x00, 0x00, 0x00, 0x00, 0x00, 0x00, 0x00, 0x00, 0x00, 0x00, 0x00, 0x00, 0x00,
  0x00, 0x00, 0x00, 0x00, 0x00, 0x00, 0x00, 0x00, 0x00, 0x00, 0x00, 0x00, 0x00, 0x00, 0x00, 0x00,
  0x00, 0x00, 0x00, 0x00, 0x00, 0x00, 0x00, 0x00, 0x00, 0x00, 0x00, 0x00, 0x00, 0x00, 0x00, 0x00,
  0x00, 0x00, 0x00, 0x50, 0x00, 0x38, 0x00, 0x00, 0x00, 0x00, 0x00, 0x00, 0x00, 0x00, 0x00, 0x00,
  0x00, 0x00, 0x00, 0x00, 0x00, 0x00, 0x00, 0x00, 0x00, 0x00, 0x00, 0xf8, 0x00, 0x00, 0x40, 0x48,
  0x80, 0x48, 0x80, 0x50, 0x00, 0x50, 0x00, 0x00, 0x00, 0x00, 0x00, 0x00, 0x00, 0x00, 0x00, 0x00,
  0xe0, 0x39, 0x00, 0x00, 0x00, 0xf8, 0x00, 0x00, 0x00, 0x38, 0x40, 0x50, 0x60, 0x50, 0x60, 0x48,
  0x60, 0x48, 0x40, 0x48, 0x60, 0x50, 0xe0, 0x58, 0xa0, 0x50, 0x60, 0x58, 0x00, 0x58, 0x00, 0x50,
  0x00, 0x00, 0x00, 0x00, 0x00, 0x00, 0x00, 0x00, 0x00, 0x50, 0x00, 0x00, 0x00, 0x00, 0xa0, 0xaa,
  0x00, 0x71, 0x00, 0x78, 0x00, 0x00, 0x00, 0x00, 0x00, 0x00, 0x00, 0x00, 0x00, 0x50, 0xc0, 0x78,
  0x80, 0x99, 0x00, 0x00, 0x00, 0x00, 0x00, 0x00, 0xa0, 0x68, 0x60, 0x60, 0x80, 0x50, 0xa0, 0xaa,
  0x20, 0x91, 0x00, 0x98, 0x40, 0x51, 0x80, 0x99, 0x00, 0xa8, 0xe0, 0x79, 0x00, 0xf8, 0x00, 0x78,
  0x80, 0x99, 0x20, 0x91, 0x00, 0x78, 0xe0, 0x88, 0x20, 0x91, 0x80, 0x61, 0x00, 0x78, 0xa0, 0xa0,
  0x80, 0x99, 0x00, 0x00, 0x00, 0x00, 0x00, 0x00, 0x00, 0x00, 0x00, 0x00, 0x00, 0x00, 0x00, 0x00,
  0x00, 0x00, 0x00, 0x00, 0x00, 0x00, 0x00, 0x00, 0x00, 0xf8, 0x00, 0x00, 0x00, 0x00, 0x00, 0xf8,
  0x00, 0x00, 0x00, 0x78, 0x00, 0x00, 0x00, 0x78, 0xa0, 0xaa, 0x00, 0x00, 0x00, 0xf8, 0x00, 0x00,
  0x00, 0x00, 0x00, 0xf8, 0x00, 0x00, 0x00, 0xf8, 0x00, 0x00, 0x00, 0x00, 0x40, 0x91, 0xe0, 0x90,
  0xc0, 0x98, 0xe0, 0x7b, 0x80, 0xc9, 0x40, 0xa9, 0x00, 0xf8, 0x00, 0x00, 0x00, 0xf8, 0x00, 0x00,
  0x00, 0xf8, 0x00, 0xf8, 0x00, 0xf8, 0x00, 0xf8, 0x00, 0x00, 0x00, 0x00, 0x00, 0xf8, 0x00, 0xf8,
  0x00, 0x00, 0x00, 0x00, 0x00, 0x00, 0x00, 0x00, 0x00, 0x00, 0x00, 0x00, 0x00, 0x00, 0x00, 0x00,
  0x00, 0x00, 0x00, 0x00, 0x00, 0x00, 0x00, 0x00, 0x00, 0x00, 0x00, 0x00, 0x00, 0x00, 0x20, 0x69,
  0x20, 0x91, 0x00, 0x00, 0x00, 0x00, 0x00, 0x00, 0x00, 0x00, 0x00, 0x00, 0x00, 0x00, 0x00, 0x00,
  0x00, 0x00, 0x00, 0x00, 0x00, 0x00, 0x00, 0x00, 0x00, 0x00, 0x00, 0x00, 0x00, 0x00, 0x00, 0x00,
  0x00, 0x00, 0x00, 0x00, 0x00, 0x00, 0x00, 0x00, 0x00, 0x00, 0x00, 0x00, 0x00, 0x00, 0x00, 0x00,
  0x00, 0x00, 0x00, 0x00, 0x00, 0x00, 0x00, 0x00, 0x00, 0x00, 0x00, 0x00, 0x00, 0x00, 0x00, 0x00,
  0x00, 0x00, 0x00, 0x00, 0x00, 0x00, 0x00, 0x00, 0x00, 0x00, 0x00, 0x00, 0x00, 0x00, 0x00, 0x00,
  0x00, 0x00, 0x00, 0x00, 0x00, 0x00, 0x00, 0x00, 0x00, 0x00, 0x00, 0x00, 0x00, 0x00, 0x00, 0x00,
  0x00, 0x00, 0x00, 0x00, 0x00, 0x00, 0x00, 0x00, 0x00, 0x00, 0x00, 0x00, 0x00, 0x00, 0x00, 0x00,
  0x00, 0x00, 0x00, 0x00, 0x00, 0x00, 0x00, 0x00, 0x00, 0x00, 0x00, 0x00, 0x00, 0x00, 0x00, 0x00,
  0x00, 0x00, 0x00, 0x00, 0x00, 0x00, 0x00, 0x00, 0x00, 0x00, 0x00, 0x00, 0x00, 0x00, 0x00, 0x00,
  0x00, 0x00, 0x00, 0x00, 0x00, 0x00, 0x00, 0x00, 0x00, 0x00, 0x00, 0x00, 0x00, 0x00, 0x00, 0x00,
  0x00, 0x00, 0x00, 0x00, 0x00, 0x00, 0x00, 0x00, 0x00, 0x00, 0x00, 0x00, 0x00, 0x00, 0x00, 0x00,
  0x00, 0x00, 0x00, 0x00, 0x00, 0x00, 0x00, 0x00, 0x00, 0x00, 0x00, 0x00, 0x00, 0x00, 0x00, 0x00,
  0x00, 0x00, 0x00, 0x00, 0x00, 0x00, 0x00, 0x00, 0x00, 0x00, 0x00, 0x00, 0x00, 0x00, 0x00, 0x00,
  0x00, 0x00, 0x00, 0x00, 0x00, 0x00, 0xc0, 0x60, 0x00, 0x38, 0x00, 0x00, 0x00, 0x00, 0x00, 0x00,
  0x00, 0x00, 0x00, 0xf8, 0x00, 0x00, 0x00, 0x48, 0x80, 0x48, 0x80, 0x48, 0x00, 0x00, 0x80, 0x31,
  0x00, 0x00, 0x00, 0x00, 0x00, 0x00, 0x00, 0x00, 0x00, 0x78, 0x00, 0x00, 0x00, 0x50, 0x00, 0x00,
  0x00, 0x48, 0x60, 0x50, 0x60, 0x50, 0x60, 0x50, 0x60, 0x48, 0x60, 0x48, 0xa1, 0x60, 0x80, 0x60,
  0xe0, 0x58, 0x00, 0x50, 0x00, 0x78, 0x00, 0x00, 0x00, 0x78, 0x00, 0xf8, 0x00, 0x00, 0x00, 0x00,
  0x00, 0x00, 0x00, 0x00, 0x00, 0x00, 0x00, 0x00, 0x00, 0x78, 0x00, 0x78, 0x00, 0x00, 0x00, 0x00,
  0x00, 0x00, 0x00, 0x00, 0x00, 0x00, 0x00, 0x50, 0x00, 0x60, 0x00, 0x78, 0xe0, 0x79, 0x00, 0x00,
  0x00, 0x00, 0x80, 0x78, 0x80, 0x70, 0x80, 0x70, 0xe0, 0xfb, 0x80, 0x99, 0x00, 0xf8, 0x00, 0x00,
  0x00, 0xf8, 0x00, 0xa8, 0x00, 0x78, 0x00, 0xf8, 0x00, 0x00, 0x00, 0xf8, 0x00, 0x00, 0x00, 0x00,
  0x00, 0x78, 0x00, 0x78, 0x00, 0x00, 0x00, 0xf8, 0x40, 0xa9, 0x00, 0x78, 0x00, 0x00, 0x00, 0x00,
  0x00, 0xf8, 0x00, 0xf8, 0x00, 0x78, 0x00, 0x00, 0x00, 0x00, 0x00, 0x00, 0x00, 0x00, 0xa0, 0xaa,
  0x00, 0x00, 0x00, 0x00, 0x00, 0x00, 0x00, 0x00, 0x00, 0xf8, 0xe0, 0x79, 0x00, 0x00, 0x00, 0x00,
  0x00, 0x00, 0x00, 0xf8, 0x00, 0x00, 0x00, 0x00, 0x00, 0x00, 0x00, 0x00, 0x00, 0xf8, 0x00, 0x00,
  0x00, 0x00, 0x00, 0x00, 0x00, 0x00, 0xc0, 0x78, 0xe0, 0x88, 0xe0, 0x80, 0x60, 0x88, 0xe0, 0xb9,
  0x40, 0xa9, 0x00, 0x00, 0x00, 0x00, 0x00, 0xf8, 0x00, 0x00, 0x00, 0xf8, 0x00, 0x00, 0x00, 0x00,
  0x00, 0x00, 0x00, 0x00, 0x00, 0x00, 0x00, 0x00, 0x00, 0x00, 0x00, 0x00, 0x00, 0x00, 0x00, 0x00,
  0x00, 0x00, 0x00, 0x00, 0x00, 0x00, 0x00, 0x00, 0x00, 0x00, 0x00, 0x00, 0x00, 0x00, 0x00, 0x00,
  0x00, 0x00, 0x00, 0x00, 0x00, 0xf8, 0x00, 0x00, 0xe0, 0x78, 0xc0, 0x78, 0x00, 0x00, 0x00, 0x78,
  0x00, 0x00, 0x00, 0x00, 0x00, 0x00, 0x00, 0x00, 0x00, 0x00, 0x00, 0x00, 0x00, 0x00, 0x00, 0x00,
  0x00, 0x00, 0x00, 0x00, 0x00, 0x00, 0x00, 0x00, 0x00, 0x00, 0x00, 0x00, 0x00, 0x00, 0x00, 0x00,
  0x00, 0x00, 0x00, 0x00, 0x00, 0x00, 0x00, 0x00, 0x00, 0x00, 0x00, 0x00, 0x00, 0x00, 0x00, 0x00,
  0x00, 0x78, 0x00, 0x00, 0x00, 0x00, 0x00, 0x00, 0x00, 0x00, 0x00, 0x00, 0x00, 0x00, 0x00, 0x00,
  0x00, 0x00, 0x00, 0x00, 0x00, 0x00, 0x00, 0x00, 0x00, 0x00, 0x00, 0x00, 0x00, 0x00, 0x00, 0x00,
  0x00, 0x00, 0x00, 0x00, 0x00, 0x00, 0x00, 0x00, 0x00, 0x00, 0x00, 0x00, 0x00, 0x00, 0x00, 0x00,
  0x00, 0x00, 0x00, 0x00, 0x00, 0x00, 0x00, 0x00, 0x00, 0x00, 0x00, 0x00, 0x00, 0x00, 0x00, 0x00,
  0x00, 0x00, 0x00, 0x00, 0x00, 0x00, 0x00, 0x00, 0x00, 0x00, 0x00, 0x00, 0x00, 0x00, 0x00, 0x00,
  0x00, 0x00, 0x00, 0x00, 0x00, 0x00, 0x00, 0x00, 0x00, 0x00, 0x00, 0x00, 0x00, 0x00, 0x00, 0x00,
  0x00, 0x00, 0x00, 0x00, 0x00, 0x00, 0x00, 0x00, 0x00, 0x00, 0x00, 0x00, 0x00, 0x00, 0x00, 0x00,
  0x00, 0x00, 0x00, 0x00, 0x00, 0x00, 0x00, 0x00, 0x00, 0x00, 0x00, 0x00, 0x00, 0x00, 0x00, 0x00,
  0x00, 0x00, 0x00, 0x00, 0x00, 0x00, 0x00, 0x00, 0x00, 0x00, 0x00, 0x00, 0x00, 0x00, 0x00, 0x00,
  0x00, 0x78, 0x00, 0x00, 0x00, 0x00, 0x00, 0x00, 0x00, 0x00, 0x00, 0x00, 0x00, 0x00, 0x00, 0x00,
  0x80, 0x48, 0x60, 0x40, 0x00, 0x00, 0x00, 0x00, 0x00, 0x00, 0x00, 0x00, 0x00, 0x00, 0x00, 0x00,
  0xe0, 0x58, 0xa0, 0x52, 0x00, 0x00, 0x00, 0x00, 0x00, 0x00, 0x00, 0x00, 0x00, 0x78, 0x00, 0x00,
  0x00, 0x00, 0x00, 0x00, 0x00, 0x50, 0xe0, 0xff, 0x60, 0x58, 0x80, 0x50, 0x60, 0x50, 0x60, 0x48,
  0x80, 0x48, 0xa0, 0x58, 0xe0, 0x58, 0x00, 0x48, 0x00, 0x00, 0x00, 0x00, 0x00, 0xf8, 0x00, 0x78,
  0x00, 0x00, 0xa0, 0x60, 0x60, 0x58, 0x00, 0x00, 0x00, 0x00, 0x00, 0x00, 0x00, 0x00, 0x00, 0x00,
  0x00, 0x00, 0x00, 0x00, 0x00, 0x00, 0x00, 0x00, 0x00, 0x00, 0x00, 0x00, 0x00, 0x00, 0x00, 0x00,
  0x00, 0x00, 0x00, 0x00, 0x00, 0x00, 0x00, 0x78, 0x00, 0x00, 0x00, 0x00, 0xc0, 0x78, 0xe0, 0xff,
  0x00, 0x78, 0x00, 0x98, 0x00, 0xf8, 0x00, 0xf8, 0x00, 0x00, 0x00, 0x00, 0x00, 0xf8, 0x00, 0xf8,
  0x00, 0x00, 0x00, 0x00, 0x00, 0x00, 0x00, 0xf8, 0xe0, 0xfb, 0x00, 0x00, 0x00, 0x00, 0x00, 0x00,
  0x00, 0xf8, 0x80, 0x99, 0x00, 0xf8, 0x00, 0x00, 0x00, 0x00, 0x00, 0x00, 0x00, 0x00, 0x00, 0x00,
  0x00, 0x00, 0x00, 0x00, 0x00, 0xf8, 0x00, 0x00, 0xe0, 0x88, 0x20, 0x89, 0x00, 0x00, 0x00, 0xf8,
  0x00, 0x00, 0x00, 0x00, 0x00, 0xf8, 0x00, 0x00, 0x00, 0x00, 0x00, 0x00, 0x00, 0x00, 0x00, 0x00,
  0x00, 0x00, 0x00, 0x00, 0x00, 0xf8, 0x00, 0x78, 0x00, 0x00, 0x00, 0x00, 0x00, 0x00, 0x00, 0x00,
  0xc0, 0x89, 0x20, 0x99, 0xe0, 0x88, 0xa0, 0x88, 0x00, 0x00, 0x80, 0x99, 0x00, 0x00, 0x00, 0x00,
  0x00, 0x00, 0x00, 0x00, 0x00, 0x00, 0x00, 0x00, 0x00, 0x00, 0x00, 0x00, 0x00, 0xf8, 0x00, 0x00,
  0x00, 0x00, 0x00, 0x00, 0x00, 0x00, 0x00, 0x00, 0x00, 0x00, 0x00, 0x00, 0x00, 0x00, 0x00, 0x00,
  0x00, 0x00, 0x00, 0x00, 0x00, 0x00, 0x00, 0x00, 0x00, 0x00, 0x00, 0x00, 0x00, 0x00, 0x00, 0x00,
  0x00, 0x00, 0xc0, 0x78, 0xc0, 0x78, 0x00, 0x00, 0x00, 0x00, 0x00, 0x00, 0x00, 0x00, 0x00, 0x00,
  0x00, 0x00, 0x00, 0x00, 0x00, 0x00, 0x00, 0x00, 0x00, 0x00, 0x00, 0x00, 0x00, 0x00, 0x00, 0x00,
  0x00, 0x00, 0x00, 0x00, 0x00, 0x00, 0x00, 0x00, 0x00, 0x00, 0x00, 0x00, 0x00, 0x00, 0x00, 0x00,
  0x00, 0x00, 0x00, 0x00, 0x00, 0x00, 0x00, 0x00, 0x00, 0x00, 0x00, 0x00, 0x00, 0x00, 0x00, 0x00,
  0x00, 0x00, 0x00, 0x00, 0x00, 0x00, 0x00, 0x00, 0x00, 0x00, 0x00, 0x00, 0x00, 0x00, 0x00, 0x00,
  0x00, 0x00, 0x00, 0x00, 0x00, 0x00, 0x00, 0x00, 0x00, 0x00, 0x00, 0x00, 0x00, 0x00, 0x00, 0x00,
  0x00, 0x00, 0x00, 0x00, 0x00, 0x00, 0x00, 0x00, 0x00, 0x00, 0x00, 0x00, 0x00, 0x00, 0x00, 0x00,
  0x00, 0x00, 0x00, 0x00, 0x00, 0x00, 0x00, 0x00, 0x00, 0x00, 0x00, 0x00, 0x00, 0x00, 0x00, 0x00,
  0x00, 0x00, 0x00, 0x00, 0x00, 0x00, 0x00, 0x00, 0x00, 0x00, 0x00, 0x00, 0x00, 0x00, 0x00, 0x00,
  0x00, 0x00, 0x00, 0x00, 0x00, 0x00, 0x00, 0x00, 0x00, 0x00, 0x00, 0x00, 0x00, 0x00, 0x00, 0x00,
  0x00, 0x00, 0x00, 0x00, 0x00, 0x00, 0x00, 0x00, 0x00, 0x00, 0x00, 0x00, 0x00, 0x00, 0x00, 0x00,
  0x00, 0x00, 0x00, 0x00, 0x00, 0x00, 0x00, 0x00, 0x00, 0x00, 0x00, 0x00, 0x00, 0x00, 0x00, 0x00,
  0x00, 0x00, 0x00, 0x00, 0x00, 0x00, 0x00, 0x00, 0x00, 0x38, 0xe0, 0x38, 0x00, 0x00, 0x00, 0x00,
  0x00, 0x00, 0x00, 0x00, 0x00, 0x00, 0x00, 0x00, 0x00, 0x00, 0xe0, 0x58, 0xa0, 0x40, 0x00, 0x00,
  0x00, 0x00, 0x00, 0x00, 0x00, 0x00, 0x00, 0x00, 0x00, 0x00, 0x00, 0x00, 0x00, 0x00, 0x00, 0x38,
  0x00, 0x50, 0x00, 0x00, 0x00, 0x78, 0x00, 0x00, 0x00, 0x00, 0x00, 0x00, 0x60, 0x50, 0x80, 0x50,
  0x60, 0x48, 0x60, 0x50, 0x80, 0x50, 0x80, 0x50, 0xa0, 0x58, 0xa0, 0x58, 0x80, 0x61, 0x00, 0x00,
  0x00, 0x00, 0x00, 0x00, 0x00, 0x00, 0x00, 0x00, 0x00, 0x00, 0x00, 0x38, 0xc0, 0x60, 0xc0, 0x60,
  0x00, 0x78, 0x00, 0x00, 0x00, 0x00, 0x00, 0x78, 0x00, 0x00, 0x00, 0x00, 0x00, 0x00, 0x00, 0x00,
  0x00, 0x00, 0x00, 0x00, 0x00, 0x00, 0x00, 0x00, 0x00, 0x00, 0x00, 0x00, 0x00, 0x00, 0x00, 0x00,
  0x00, 0x00, 0x00, 0x00, 0x00, 0x00, 0x40, 0x51, 0x20, 0x69, 0x00, 0x78, 0x00, 0x00, 0x00, 0x78,
  0x00, 0x78, 0x00, 0xf8, 0x00, 0xb8, 0x00, 0x78, 0x00, 0x78, 0x00, 0x00, 0x00, 0x00, 0x00, 0x00,
  0x00, 0x00, 0x00, 0xf8, 0x00, 0x00, 0x00, 0x00, 0x00, 0x00, 0x00, 0x78, 0x00, 0xf8, 0x00, 0x00,
  0x00, 0x00, 0x00, 0x00, 0x00, 0x00, 0x00, 0x00, 0x00, 0x00, 0x00, 0x00, 0x00, 0x00, 0x00, 0xf8,
  0x00, 0x00, 0xe0, 0x88, 0x00, 0xb8, 0x00, 0x00, 0x00, 0xf8, 0x00, 0x00, 0x00, 0x00, 0x00, 0x00,
  0x00, 0x00, 0x00, 0x00, 0x00, 0x00, 0x00, 0x00, 0x00, 0xa8, 0x00, 0xf8, 0x00, 0x00, 0x00, 0x00,
  0x00, 0xf8, 0x00, 0x00, 0x00, 0x00, 0x00, 0x00, 0x00, 0x00, 0x00, 0xa8, 0x20, 0x81, 0xe0, 0x88,
  0x20, 0x99, 0x00, 0x78, 0x00, 0x78, 0x00, 0x00, 0x00, 0x00, 0x00, 0x00, 0x00, 0x00, 0x00, 0x00,
  0x00, 0xf8, 0x00, 0x00, 0x00, 0x00, 0x00, 0x00, 0x00, 0x00, 0x00, 0x00, 0x00, 0x00, 0x00, 0x00,
  0x00, 0x00, 0x00, 0x00, 0x00, 0x00, 0x00, 0x00, 0x00, 0x00, 0x00, 0x00, 0x00, 0x00, 0x00, 0x00,
  0x00, 0x00, 0x00, 0x00, 0x00, 0x00, 0x00, 0x00, 0x00, 0x00, 0x00, 0x00, 0x00, 0x00, 0x00, 0x00,
  0x00, 0x00, 0x00, 0x00, 0x00, 0x00, 0x00, 0x00, 0x00, 0x00, 0x00, 0x00, 0x00, 0x00, 0x00, 0x00,
  0x00, 0x00, 0x00, 0x00, 0x00, 0x00, 0x00, 0x00, 0x00, 0x00, 0x00, 0x00, 0x00, 0x00, 0x00, 0x00,
  0x00, 0x00, 0x00, 0x00, 0x00, 0x00, 0x00, 0x00, 0x00, 0x00, 0x00, 0x00, 0x00, 0x00, 0x00, 0x00,
  0x00, 0x00, 0x00, 0x00, 0x00, 0x00, 0x00, 0x00, 0x00, 0x00, 0x00, 0x00, 0x00, 0x00, 0x00, 0x00,
  0x00, 0x00, 0x00, 0x00, 0x00, 0x00, 0x00, 0x00, 0x00, 0x00, 0x00, 0x00, 0x00, 0x00, 0x00, 0x00,
  0x00, 0x00, 0x00, 0x00, 0x00, 0x00, 0x00, 0x00, 0x00, 0x00, 0x00, 0x00, 0x00, 0x00, 0x00, 0x00,
  0x00, 0x00, 0x00, 0x00, 0x00, 0x00, 0x00, 0x00, 0x00, 0x00, 0x00, 0x00, 0x00, 0x00, 0x00, 0x00,
  0x00, 0x00, 0x00, 0x00, 0x00, 0x00, 0x00, 0x00, 0x00, 0x00, 0x00, 0x00, 0x00, 0x00, 0x00, 0x00,
  0x00, 0x00, 0x00, 0x00, 0x00, 0x00, 0x00, 0x00, 0x00, 0x00, 0x00, 0x00, 0x00, 0x00, 0x00, 0x00,
  0x00, 0x00, 0x00, 0x00, 0x00, 0x00, 0x00, 0x00, 0x00, 0x00, 0x00, 0x00, 0x00, 0x00, 0x00, 0x00,
  0x00, 0x00, 0x00, 0x00, 0x00, 0x00, 0x00, 0x00, 0x00, 0x00, 0x00, 0x00, 0x00, 0x00, 0x00, 0x00,
  0x00, 0x00, 0x00, 0x00, 0x00, 0x00, 0x00, 0x00, 0x00, 0xf8, 0x00, 0x00, 0x00, 0x00, 0x00, 0x00,
  0x00, 0x00, 0x00, 0x50, 0x00, 0x78, 0x00, 0x00, 0x00, 0x00, 0x00, 0x00, 0x00, 0x00, 0x00, 0x00,
  0x00, 0x00, 0x00, 0x00, 0x00, 0x00, 0x00, 0x00, 0x00, 0x00, 0x00, 0x00, 0x00, 0x00, 0x00, 0x00,
  0x00, 0x50, 0x00, 0x00, 0x00, 0x00, 0xe0, 0x38, 0x00, 0x48, 0x00, 0xf8, 0x00, 0x00, 0x00, 0x00,
  0x00, 0x40, 0x60, 0x40, 0x60, 0x40, 0x60, 0x48, 0x60, 0x48, 0x60, 0x48, 0x40, 0x50, 0x00, 0x98,
  0x00, 0xf8, 0x00, 0x00, 0x00, 0x60, 0x00, 0x00, 0x00, 0x00, 0x00, 0x00, 0x00, 0x00, 0x00, 0x00,
  0x00, 0x00, 0x00, 0x00, 0x00, 0x00, 0x00, 0x00, 0x00, 0x00, 0x00, 0x00, 0xe0, 0x7b, 0x00, 0x78,
  0x00, 0x78, 0x00, 0x00, 0x00, 0x00, 0x00, 0x00, 0x00, 0xf8, 0x00, 0x00, 0x00, 0x50, 0x00, 0x00,
  0x00, 0x00, 0x00, 0xf8, 0x00, 0x00, 0x00, 0xf8, 0x00, 0x00, 0x00, 0x00, 0x00, 0x00, 0x00, 0xf8,
  0x00, 0x50, 0x00, 0x00, 0x00, 0xf8, 0x00, 0xf8, 0x00, 0x00, 0x00, 0x00, 0x00, 0xf8, 0x00, 0x78,
  0x00, 0xa8, 0x00, 0xf8, 0x00, 0xf8, 0x00, 0x78, 0xe0, 0x79, 0x00, 0x00, 0x00, 0x00, 0x00, 0x00,
  0x00, 0x00, 0x00, 0xf8, 0x00, 0xa8, 0x00, 0x78, 0x00, 0x00, 0x00, 0x00, 0x00, 0x00, 0x00, 0x00,
  0x00, 0x50, 0x00, 0x78, 0x00, 0x00, 0x00, 0xf8, 0x00, 0x00, 0x00, 0xf8, 0x00, 0x00, 0x00, 0x00,
  0x00, 0x00, 0x00, 0x00, 0x00, 0xf8, 0x00, 0x00, 0x00, 0x00, 0x00, 0x00, 0x00, 0x00, 0x00, 0xf8,
  0x00, 0xf8, 0x00, 0x00, 0x00, 0x00, 0x00, 0x00, 0x00, 0xf8, 0x00, 0x00, 0x00, 0x00, 0x00, 0x00,
  0x00, 0x00, 0x00, 0x00, 0x20, 0x91, 0x00, 0x89, 0x00, 0x89, 0xe0, 0x88, 0xe0, 0x79, 0xa0, 0xaa,
  0x00, 0x00, 0x00, 0x00, 0x00, 0x00, 0x00, 0x00, 0x00, 0x00, 0x00, 0x00, 0x00, 0x00, 0x00, 0x00,
  0x00, 0x00, 0x00, 0xf8, 0x00, 0x00, 0x00, 0x00, 0x00, 0x00, 0x00, 0x00, 0x00, 0xf8, 0x00, 0x00,
  0x00, 0x00, 0x00, 0x00, 0x00, 0x00, 0x00, 0x00, 0x00, 0x00, 0x00, 0x00, 0x00, 0x00, 0x00, 0x00,
  0x00, 0xf8, 0x00, 0x00, 0x00, 0x00, 0x00, 0x00, 0x00, 0x00, 0x00, 0x00, 0x00, 0x00, 0x00, 0x00,
  0x00, 0x00, 0x00, 0x00, 0x00, 0x00, 0x00, 0x00, 0x00, 0x00, 0x00, 0x00, 0x00, 0x00, 0x00, 0xf8,
  0x00, 0x00, 0x00, 0x00, 0x00, 0x00, 0x00, 0x00, 0x00, 0x00, 0x00, 0x00, 0x00, 0x00, 0x00, 0x00,
  0x00, 0x00, 0x00, 0x00, 0x00, 0x00, 0x00, 0x00, 0x00, 0x00, 0x00, 0x00, 0x00, 0x00, 0x00, 0x00,
  0x00, 0x00, 0x00, 0x00, 0x00, 0x00, 0x00, 0x00, 0x00, 0x00, 0x00, 0x00, 0x00, 0x00, 0x00, 0x00,
  0x00, 0x00, 0x00, 0x00, 0x00, 0x00, 0x00, 0x00, 0x00, 0x00, 0x00, 0x00, 0x00, 0x00, 0x00, 0x00,
  0x00, 0x00, 0x00, 0x00, 0x00, 0x00, 0x00, 0x00, 0x00, 0x00, 0x00, 0x00, 0x00, 0x00, 0x00, 0x00,
  0x00, 0x00, 0x00, 0x00, 0x00, 0x00, 0x00, 0x00, 0x00, 0x00, 0x00, 0x00, 0x00, 0x00, 0x00, 0x00,
  0x00, 0x00, 0x00, 0x00, 0x00, 0x00, 0x00, 0x00, 0x00, 0x00, 0x00, 0x00, 0x00, 0x00, 0x00, 0x00,
  0x00, 0x00, 0x00, 0x00, 0x00, 0x00, 0x00, 0x00, 0x00, 0x00, 0x00, 0x00, 0x00, 0x00, 0x00, 0x00,
  0x00, 0x00, 0x00, 0x00, 0x00, 0x00, 0x00, 0x00, 0x00, 0x00, 0x00, 0x00, 0x00, 0x00, 0x00, 0x00,
  0x00, 0x00, 0x00, 0x00, 0x00, 0x00, 0x00, 0x00, 0x00, 0x00, 0x00, 0x00, 0x00, 0x00, 0x00, 0x00,
  0x00, 0x00, 0x00, 0x00, 0x00, 0x00, 0x00, 0x00, 0x00, 0x00, 0x00, 0x00, 0x00, 0x00, 0x00, 0x00,
  0x00, 0x00, 0x00, 0x00, 0x00, 0x00, 0x00, 0x00, 0x00, 0x00, 0x00, 0x00, 0x00, 0x00, 0x00, 0x00,
  0x00, 0x00, 0x00, 0x00, 0x00, 0x00, 0x00, 0x00, 0x00, 0x00, 0x00, 0x00, 0x00, 0x00, 0x00, 0x00,
  0x00, 0x00, 0x00, 0x00, 0x00, 0x38, 0x80, 0x40, 0x20, 0x38, 0x40, 0x40, 0x40, 0x40, 0x60, 0x48,
  0x40, 0x40, 0x80, 0x48, 0x00, 0x00, 0x00, 0x00, 0x00, 0x00, 0x00, 0x00, 0x00, 0x00, 0x00, 0x00,
  0x00, 0x78, 0x00, 0x00, 0x00, 0x00, 0x00, 0x00, 0x00, 0x00, 0x00, 0x00, 0x00, 0x00, 0x00, 0x00,
  0x00, 0x00, 0x00, 0x00, 0x00, 0x00, 0x00, 0x00, 0x00, 0x00, 0x00, 0x00, 0x00, 0x00, 0x00, 0x00,
  0x00, 0x00, 0x00, 0x00, 0x00, 0x00, 0x00, 0x00, 0x00, 0x00, 0x00, 0x00, 0x00, 0x00, 0x00, 0x00,
  0x40, 0x79, 0x00, 0x00, 0x00, 0x00, 0x00, 0x00, 0x00, 0x00, 0x00, 0x00, 0x00, 0x00, 0x00, 0x00,
  0x00, 0x00, 0x00, 0x00, 0x00, 0x00, 0x00, 0xf8, 0x00, 0x00, 0x00, 0x00, 0x00, 0x00, 0x00, 0x00,
  0x00, 0x00, 0x00, 0x00, 0x00, 0x00, 0x00, 0x00, 0x00, 0x00, 0x00, 0x00, 0x00, 0x00, 0x00, 0x00,
  0x00, 0x00, 0x00, 0x00, 0x00, 0x00, 0x00, 0x00, 0x00, 0x00, 0x00, 0x00, 0x00, 0x00, 0x00, 0x00,
  0x00, 0x00, 0x00, 0x00, 0x00, 0x00, 0x00, 0x00, 0x00, 0x00, 0x00, 0x00, 0x00, 0x00, 0x00, 0x00,
  0x00, 0x00, 0x00, 0x00, 0x00, 0x00, 0x00, 0x00, 0x00, 0x00, 0x00, 0x00, 0x00, 0x00, 0x00, 0x00,
  0x00, 0x00, 0x00, 0x00, 0x00, 0x00, 0x00, 0x00, 0x00, 0x00, 0x00, 0x00, 0x00, 0x00, 0x00, 0x00,
  0x00, 0x78, 0x00, 0x78, 0x00, 0x00, 0x00, 0x00, 0x00, 0x78, 0x00, 0xf8, 0x00, 0x00, 0x00, 0x00,
  0x00, 0x00, 0x00, 0xf8, 0x00, 0x00, 0x00, 0x00, 0x00, 0x00, 0x00, 0x00, 0x00, 0x00, 0x00, 0x00,
  0x00, 0x00, 0x00, 0x00, 0x00, 0x00, 0x00, 0x00, 0x00, 0x00, 0x00, 0x00, 0x00, 0x00, 0x00, 0x00,
  0x00, 0x00, 0x00, 0x00, 0x00, 0x00, 0x00, 0x00, 0x00, 0x00, 0x00, 0x00, 0x00, 0x00, 0x00, 0x00,
  0x00, 0x00, 0x00, 0x00, 0x00, 0x00, 0x00, 0x00, 0x00, 0xf8, 0x00, 0xf8, 0x00, 0x00, 0x00, 0x00,
  0x00, 0x00, 0x00, 0x00, 0x00, 0x00, 0x00, 0x00, 0x00, 0x00, 0x00, 0x00, 0x00, 0x00, 0x00, 0x00,
  0x00, 0x00, 0x00, 0x00, 0x00, 0x00, 0x00, 0x00, 0x00, 0x00, 0x00, 0x00, 0x00, 0x00, 0x00, 0x00,
  0x00, 0x00, 0x00, 0x00, 0x00, 0x00, 0x00, 0x00, 0x00, 0x00, 0x00, 0x00, 0x00, 0x00, 0x00, 0x00,
  0x00, 0x00, 0x00, 0x00, 0x00, 0x00, 0x00, 0x00, 0x00, 0x00, 0x00, 0x00, 0x00, 0x00, 0x00, 0x00,
  0x00, 0x00, 0x00, 0x00, 0x00, 0x00, 0x00, 0x00, 0x00, 0x00, 0x00, 0x00, 0x00, 0x00, 0x00, 0x00,
  0x00, 0x00, 0x00, 0x00, 0x00, 0x00, 0x00, 0x00, 0x00, 0x00, 0x00, 0x00, 0x00, 0x00, 0x00, 0x00,
  0x00, 0x00, 0x00, 0x00, 0x00, 0x00, 0x00, 0x00, 0x00, 0x00, 0x00, 0x00, 0x00, 0x00, 0x00, 0x00,
  0x00, 0x00, 0x00, 0x00, 0x00, 0x00, 0x00, 0x00, 0x00, 0x00, 0x00, 0x00, 0x00, 0x00, 0x00, 0x00,
  0x00, 0x00, 0x00, 0x00, 0x00, 0x00, 0x00, 0x00, 0x00, 0x00, 0x00, 0x00, 0x00, 0x00, 0x00, 0x00,
  0x00, 0x00, 0x00, 0x00, 0x00, 0x00, 0x00, 0x00, 0x00, 0x00, 0x00, 0x00, 0x00, 0x00, 0x00, 0x00,
  0x00, 0x00, 0x00, 0x00, 0x00, 0x00, 0x00, 0x00, 0x00, 0x00, 0x00, 0x00, 0x00, 0x00, 0x00, 0x00,
  0x00, 0x00, 0x00, 0x00, 0x00, 0x00, 0x00, 0x00, 0x00, 0x00, 0x00, 0x00, 0x00, 0x00, 0x00, 0x00,
  0x00, 0x00, 0x00, 0x00, 0x00, 0x00, 0x00, 0x00, 0x00, 0x00, 0x00, 0x00, 0x00, 0x00, 0x00, 0x00,
  0x00, 0x00, 0x00, 0x00, 0x00, 0x00, 0x00, 0x00, 0x60, 0x38, 0x40, 0x38, 0x60, 0x48, 0x60, 0x48,
  0x60, 0x48, 0x40, 0x40, 0x60, 0x48, 0x60, 0x48, 0x00, 0x00, 0x00, 0x00, 0x00, 0x00, 0x00, 0x00,
  0x00, 0x00, 0x00, 0x00, 0x00, 0x00, 0x00, 0x00, 0x00, 0x00, 0x00, 0x00, 0x00, 0x00, 0x00, 0x00,
  0x00, 0x00, 0x00, 0x00, 0x00, 0x00, 0x00, 0x00, 0x00, 0x00, 0x00, 0x00, 0x00, 0x00, 0x00, 0x00,
  0x00, 0x00, 0x00, 0x00, 0x00, 0x00, 0x00, 0x00, 0x00, 0x00, 0x00, 0x00, 0x00, 0x00, 0x00, 0x00,
  0x00, 0x00, 0x00, 0x00, 0x00, 0x00, 0x00, 0x00, 0x00, 0x00, 0x00, 0x00, 0x00, 0x00, 0x00, 0x00,
  0x00, 0x00, 0x00, 0x00, 0x00, 0x00, 0x00, 0x00, 0x00, 0x00, 0x00, 0x00, 0x00, 0x00, 0x00, 0x00,
  0x00, 0x00, 0x00, 0x00, 0x00, 0x00, 0x00, 0x00, 0x00, 0x00, 0x00, 0x00, 0x00, 0x00, 0x00, 0x00,
  0x00, 0x00, 0x00, 0x00, 0x00, 0x00, 0x00, 0x00, 0x00, 0x00, 0x00, 0x00, 0x00, 0x00, 0x00, 0x00,
  0x00, 0x00, 0x00, 0x00, 0x00, 0x00, 0x00, 0x00, 0x00, 0x00, 0x00, 0x00, 0x00, 0x00, 0x00, 0x00,
  0x00, 0x00, 0x00, 0x00, 0x00, 0x00, 0x00, 0x00, 0x00, 0x00, 0x00, 0x00, 0x00, 0x00, 0x00, 0x00,
  0x00, 0x00, 0x00, 0x00, 0x00, 0x00, 0x00, 0x00, 0x00, 0x00, 0x00, 0x00, 0x00, 0x00, 0x00, 0x00,
  0x00, 0x00, 0x00, 0x00, 0x00, 0x00, 0x00, 0x00, 0x00, 0x00, 0x00, 0x00, 0x00, 0xf8, 0x00, 0xf8,
  0x00, 0x00, 0x00, 0x50, 0x00, 0xf8, 0x00, 0x00, 0x00, 0x00, 0x00, 0x00, 0x00, 0x00, 0x00, 0x00,
  0x00, 0x00, 0x00, 0x00, 0x00, 0x00, 0x00, 0x00, 0x00, 0x00, 0x00, 0x00, 0x00, 0x00, 0x00, 0x00,
  0x00, 0x00, 0x00, 0x00, 0x00, 0x00, 0x00, 0x00, 0x00, 0x00, 0x00, 0x00, 0x00, 0x00, 0x00, 0x00,
  0x00, 0x00, 0x00, 0x00, 0x00, 0x00, 0x00, 0x00, 0x00, 0x00, 0x00, 0x00, 0x00, 0x00, 0x00, 0x00,
  0x00, 0x00, 0x00, 0x00, 0x00, 0x00, 0x00, 0x00, 0x00, 0x00, 0x00, 0x00, 0x00, 0x00, 0x00, 0x00,
  0x00, 0x00, 0x00, 0x00, 0x00, 0x00, 0x00, 0x00, 0x00, 0x00, 0x00, 0x00, 0x00, 0x00, 0x00, 0x00,
  0x00, 0x00, 0x00, 0x00, 0x00, 0x00, 0x00, 0x00, 0x00, 0x00, 0x00, 0x00, 0x00, 0x00, 0x00, 0x00,
  0x00, 0x00, 0x00, 0x00, 0x00, 0x00, 0x00, 0x00, 0x00, 0x00, 0x00, 0x00, 0x00, 0x00, 0x00, 0x00,
  0x00, 0x00, 0x00, 0x00, 0x00, 0x00, 0x00, 0x00, 0x00, 0x00, 0x00, 0x00, 0x00, 0x00, 0x00, 0x00,
  0x00, 0x00, 0x00, 0x00, 0x00, 0x00, 0x00, 0x00, 0x00, 0x00, 0x00, 0x00, 0x00, 0x00, 0x00, 0x00,
  0x00, 0x00, 0x00, 0x00, 0x00, 0x00, 0x00, 0x00, 0x00, 0x00, 0x00, 0x00, 0x00, 0x00, 0x00, 0x00,
  0x00, 0x00, 0x00, 0x00, 0x00, 0x00, 0x00, 0x00, 0x00, 0x00, 0x00, 0x00, 0x00, 0x00, 0x00, 0x00,
  0x00, 0x00, 0x00, 0x00, 0x00, 0x00, 0x00, 0x00, 0x00, 0x00, 0x00, 0x00, 0x00, 0x00, 0x00, 0x00,
  0x00, 0x00, 0x00, 0x00, 0x00, 0x00, 0x00, 0x00, 0x00, 0x00, 0x00, 0x00, 0x00, 0x00, 0x00, 0x00,
  0x00, 0x00, 0x00, 0x00, 0x00, 0x00, 0x00, 0x00, 0x00, 0x00, 0x00, 0x00, 0x00, 0x00, 0x00, 0x00,
  0x00, 0x00, 0x00, 0x00, 0x00, 0x00, 0x00, 0x00, 0x00, 0x00, 0x00, 0x00, 0x00, 0x00, 0x00, 0x00,
  0x00, 0x00, 0x00, 0x00, 0x00, 0x00, 0x00, 0x00, 0x00, 0x00, 0x00, 0x00, 0x00, 0x00, 0x00, 0x00,
  0x00, 0x00, 0x00, 0x00, 0x00, 0x00, 0x00, 0x00, 0x00, 0x00, 0x00, 0x00, 0x00, 0x38, 0x80, 0x40,
  0x60, 0x48, 0x40, 0x40, 0x60, 0x40, 0x60, 0x48, 0x80, 0x48, 0x60, 0x48, 0x00, 0xf8, 0x00, 0x00,
  0x00, 0x00, 0x00, 0x00, 0x00, 0x00, 0x00, 0x00, 0x00, 0x00, 0x00, 0x00, 0x00, 0x00, 0x00, 0x00,
  0x00, 0x00, 0x00, 0x00, 0x00, 0x00, 0x00, 0x00, 0x00, 0x00, 0x00, 0x78, 0x00, 0x00, 0x00, 0x00,
  0x00, 0x00, 0x00, 0x00, 0x00, 0x00, 0x00, 0x00, 0x00, 0x00, 0x00, 0x00, 0x00, 0x00, 0x00, 0x00,
  0x00, 0x00, 0x00, 0x00, 0x00, 0x00, 0x00, 0x00, 0x00, 0x00, 0x00, 0x00, 0x00, 0x00, 0x00, 0x00,
  0x00, 0xf8, 0x00, 0x00, 0x00, 0x00, 0x00, 0x00, 0x00, 0x00, 0x00, 0x00, 0x00, 0x00, 0x00, 0x00,
  0x00, 0x00, 0x00, 0x00, 0x00, 0x00, 0x00, 0xf8, 0x00, 0x00, 0x00, 0x00, 0x00, 0x00, 0x00, 0x00,
  0x00, 0x00, 0x00, 0x00, 0x00, 0x00, 0x00, 0x00, 0x00, 0x00, 0x00, 0x00, 0x00, 0x00, 0x00, 0x00,
  0x00, 0x00, 0x00, 0x00, 0x00, 0x00, 0x00, 0x00, 0x00, 0x00, 0x00, 0x00, 0x00, 0x00, 0x00, 0x00,
  0x00, 0x00, 0x00, 0x00, 0x00, 0x00, 0x00, 0x00, 0x00, 0x00, 0x00, 0x00, 0x00, 0x00, 0x00, 0x00,
  0x00, 0x00, 0x00, 0x00, 0x00, 0x00, 0x00, 0x00, 0x00, 0x00, 0x00, 0x00, 0x00, 0x00, 0x00, 0x00,
  0x00, 0x00, 0x00, 0x00, 0x00, 0x00, 0x00, 0x00, 0x00, 0x00, 0x00, 0x00, 0x00, 0x00, 0x00, 0x00,
  0x00, 0xf8, 0x00, 0xf8, 0x00, 0x00, 0x00, 0x00, 0x60, 0xa1, 0x00, 0x89, 0xc0, 0x78, 0x00, 0x00,
  0x00, 0x00, 0x00, 0x00, 0x00, 0x00, 0x00, 0x00, 0x00, 0x00, 0x00, 0x00, 0x00, 0x00, 0x00, 0x00,
  0x00, 0x00, 0x00, 0x00, 0x00, 0x00, 0x00, 0x00, 0x00, 0x00, 0x00, 0x00, 0x00, 0x00, 0x00, 0x00,
  0x00, 0x00, 0x00, 0x00, 0x00, 0x00, 0x00, 0x00, 0x00, 0x00, 0x00, 0x00, 0x00, 0x00, 0x00, 0x00,
  0x00, 0x00, 0x00, 0x00, 0x00, 0x00, 0x00, 0x00, 0x00, 0x00, 0x00, 0x00, 0x00, 0x00, 0x00, 0x00,
  0x00, 0x00, 0x00, 0x00, 0x00, 0x00, 0x00, 0x00, 0x00, 0x00, 0x00, 0x00, 0x00, 0x00, 0x00, 0x00,
  0x00, 0x00, 0x00, 0x00, 0x00, 0x00, 0x00, 0x00, 0x00, 0x00, 0x00, 0x00, 0x00, 0x00, 0x00, 0x00,
  0x00, 0x00, 0x00, 0x00, 0x00, 0x00, 0x00, 0x00, 0x00, 0x00, 0x00, 0x00, 0x00, 0x00, 0x00, 0x00,
  0x00, 0x00, 0x00, 0x00, 0x00, 0x00, 0x00, 0x00, 0x00, 0x00, 0x00, 0x00, 0x00, 0x00, 0x00, 0x00,
  0x00, 0x00, 0x00, 0x00, 0x00, 0x00, 0x00, 0x00, 0x00, 0x00, 0x00, 0x00, 0x00, 0x00, 0x00, 0x00,
  0x00, 0x00, 0x00, 0x00, 0x00, 0x00, 0x00, 0x00, 0x00, 0x00, 0x00, 0x00, 0x00, 0x00, 0x00, 0x00,
  0x00, 0x00, 0x00, 0x00, 0x00, 0x00, 0x00, 0x00, 0x00, 0x00, 0x00, 0x00, 0x00, 0x00, 0x00, 0x00,
  0x00, 0x00, 0x00, 0x00, 0x00, 0x00, 0x00, 0x00, 0x00, 0x00, 0x00, 0x00, 0x00, 0x00, 0x00, 0x00,
  0x00, 0x00, 0x00, 0x00, 0x00, 0x00, 0x00, 0x00, 0x00, 0x00, 0x00, 0x00, 0x00, 0x00, 0x00, 0x00,
  0x00, 0x00, 0x00, 0x00, 0x00, 0x00, 0x00, 0x00, 0x00, 0x00, 0x00, 0x00, 0x00, 0x00, 0x00, 0x00,
  0x00, 0x00, 0x00, 0x00, 0x00, 0x00, 0x00, 0x00, 0x00, 0x00, 0x00, 0x00, 0x00, 0x00, 0x00, 0x00,
  0x00, 0x00, 0x00, 0x00, 0x00, 0x00, 0x00, 0x00, 0x00, 0x00, 0x00, 0x00, 0x00, 0x00, 0x00, 0x00,
  0x00, 0x00, 0x00, 0x00, 0x00, 0x00, 0x00, 0x00, 0x00, 0x00, 0x00, 0x00, 0x00, 0x00, 0x00, 0x00,
  0x00, 0x00, 0xa0, 0x38, 0x60, 0x40, 0x60, 0x40, 0x60, 0x40, 0x80, 0x40, 0x40, 0x48, 0xc0, 0x48,
  0x00, 0x00, 0x00, 0x00, 0x00, 0x00, 0x00, 0x00, 0x00, 0x00, 0x00, 0x00, 0x00, 0x00, 0x00, 0x00,
  0x00, 0x00, 0x00, 0x00, 0x00, 0x00, 0x00, 0x00, 0x00, 0x00, 0x00, 0x00, 0x00, 0x00, 0x00, 0x00,
  0x00, 0x00, 0x00, 0x00, 0x00, 0x00, 0x00, 0x00, 0x00, 0x00, 0x00, 0x00, 0x00, 0x00, 0x00, 0x00,
  0x00, 0x00, 0x00, 0x00, 0x00, 0x00, 0x00, 0x00, 0x00, 0x00, 0x00, 0x00, 0x00, 0x00, 0x00, 0x00,
  0x00, 0x00, 0x00, 0x00, 0x00, 0x00, 0x00, 0x00, 0x00, 0x00, 0x00, 0x00, 0x40, 0x79, 0x00, 0x00,
  0x00, 0x00, 0x00, 0x00, 0x00, 0x00, 0x00, 0x00, 0x00, 0x00, 0x00, 0x00, 0x00, 0x00, 0x00, 0x78,
  0x00, 0x00, 0x00, 0x00, 0x00, 0x00, 0x00, 0x00, 0x00, 0x00, 0x00, 0x00, 0x00, 0x00, 0x00, 0x00,
  0x00, 0x00, 0x00, 0x00, 0x00, 0x00, 0x00, 0x00, 0x00, 0x00, 0x00, 0x00, 0x00, 0x00, 0x00, 0x00,
  0x00, 0x00, 0x00, 0x00, 0x00, 0x00, 0x00, 0x00, 0x00, 0x00, 0x00, 0x00, 0x00, 0x00, 0x00, 0x00,
  0x00, 0x00, 0x00, 0x00, 0x00, 0x00, 0x00, 0x00, 0x00, 0x00, 0x00, 0x00, 0x00, 0x00, 0x00, 0x00,
  0x00, 0x00, 0x00, 0x00, 0x00, 0x00, 0x00, 0x00, 0x00, 0x00, 0x00, 0x00, 0x00, 0x00, 0x00, 0x00,
  0x00, 0x00, 0x00, 0x00, 0x00, 0x00, 0x00, 0x00, 0x00, 0x00, 0x00, 0x00, 0x00, 0x00, 0x00, 0x00,
  0x00, 0x00, 0x00, 0x90, 0xe0, 0x90, 0x00, 0x91, 0x00, 0x00, 0x00, 0xf8, 0x00, 0x98, 0x00, 0x78,
  0x00, 0x00, 0x00, 0x00, 0x00, 0x00, 0x00, 0x00, 0x00, 0x00, 0x00, 0x00, 0x00, 0x00, 0x00, 0x00,
  0x00, 0x00, 0x00, 0x00, 0x00, 0x00, 0x00, 0x00, 0x00, 0x00, 0x00, 0x00, 0x00, 0x00, 0x00, 0x00,
  0x00, 0x00, 0x00, 0x00, 0x00, 0x00, 0x00, 0x00, 0x00, 0x00, 0x00, 0x00, 0x00, 0x00, 0x00, 0x00,
  0x00, 0x00, 0x00, 0x00, 0x00, 0x00, 0x00, 0x00, 0x00, 0x00, 0x00, 0x00, 0x00, 0x00, 0x00, 0x00,
  0x00, 0x00, 0x00, 0x00, 0x00, 0x00, 0x00, 0x00, 0x00, 0x00, 0x00, 0x00, 0x00, 0x00, 0x00, 0x00,
  0x00, 0x00, 0x00, 0x00, 0x00, 0x00, 0x00, 0x00, 0x00, 0x00, 0x00, 0x00, 0x00, 0x00, 0x00, 0x00,
  0x00, 0x00, 0x00, 0x00, 0x00, 0x00, 0x00, 0x00, 0x00, 0x00, 0x00, 0x00, 0x00, 0x00, 0x00, 0x00,
  0x00, 0x00, 0x00, 0x00, 0x00, 0x00, 0x00, 0x00, 0x00, 0x00, 0x00, 0x00, 0x00, 0x00, 0x00, 0x00,
  0x00, 0x00, 0x00, 0x00, 0x00, 0x00, 0x00, 0x00, 0x00, 0x00, 0x00, 0x00, 0x00, 0x00, 0x00, 0x00,
  0x00, 0x00, 0x00, 0x00, 0x00, 0x00, 0x00, 0x00, 0x00, 0x00, 0x00, 0x00, 0x00, 0x00, 0x00, 0x00,
  0x00, 0x00, 0x00, 0x00, 0x00, 0x00, 0x00, 0x00, 0x00, 0x00, 0x00, 0x00, 0x00, 0x00, 0x00, 0x00,
  0x00, 0x00, 0x00, 0x00, 0x00, 0x00, 0x00, 0x00, 0x00, 0x00, 0x00, 0x00, 0x00, 0x00, 0x00, 0x00,
  0x00, 0x00, 0x00, 0x00, 0x00, 0x00, 0x00, 0x00, 0x00, 0x00, 0x00, 0x00, 0x00, 0x00, 0x00, 0x00,
  0x00, 0x00, 0x00, 0x00, 0x00, 0x00, 0x00, 0x00, 0x00, 0x00, 0x00, 0x00, 0x00, 0x00, 0x00, 0x00,
  0x00, 0x00, 0x00, 0x00, 0x00, 0x00, 0x00, 0x00, 0x00, 0x00, 0x00, 0x00, 0x00, 0x00, 0x00, 0x00,
  0x00, 0x00, 0x00, 0x00, 0x00, 0x00, 0x00, 0x00, 0x00, 0x00, 0x00, 0x00, 0x00, 0x00, 0x00, 0x00,
  0x00, 0x00, 0x00, 0x00, 0x00, 0x00, 0x00, 0x00, 0x80, 0x38, 0x40, 0x40, 0x60, 0x40, 0x40, 0x40,
  0x40, 0x40, 0x00, 0x50, 0x00, 0x00, 0x00, 0x00, 0x00, 0x00, 0x00, 0x50, 0x00, 0x78, 0x00, 0x00,
  0x00, 0x00, 0x00, 0x00, 0x00, 0x00, 0x00, 0x00, 0x00, 0x00, 0x00, 0xf8, 0x00, 0x00, 0x00, 0x00,
  0x00, 0x00, 0x00, 0x50, 0x00, 0x00, 0x00, 0x00, 0x00, 0x00, 0x00, 0x00, 0x00, 0x00, 0x00, 0x00,
  0x00, 0x00, 0x00, 0x00, 0x00, 0x00, 0x00, 0x00, 0x00, 0x00, 0x00, 0x00, 0x00, 0x00, 0x00, 0x00,
  0x00, 0x00, 0x00, 0xf8, 0x00, 0x00, 0x00, 0x00, 0x00, 0x00, 0x00, 0x00, 0x00, 0x00, 0x00, 0x00,
  0x00, 0x00, 0x00, 0x00, 0x00, 0x78, 0x00, 0x50, 0x00, 0x00, 0x00, 0x00, 0x00, 0x00, 0x00, 0x00,
  0x00, 0x00, 0x00, 0x00, 0x00, 0x00, 0x00, 0x00, 0x00, 0xa8, 0x00, 0x00, 0x00, 0x00, 0x00, 0x00,
  0x00, 0x00, 0x00, 0x00, 0x00, 0x00, 0x00, 0x00, 0x00, 0x00, 0x00, 0x00, 0x00, 0x00, 0x00, 0x00,
  0x00, 0x00, 0x00, 0x00, 0x00, 0x00, 0x00, 0x00, 0x00, 0x00, 0x00, 0x00, 0x00, 0x00, 0x00, 0x00,
  0x00, 0x00, 0x00, 0x00, 0x00, 0x00, 0x00, 0x00, 0x00, 0x00, 0x00, 0x00, 0x00, 0x00, 0x00, 0x00,
  0x00, 0x00, 0x00, 0x00, 0x00, 0x00, 0x00, 0x00, 0x00, 0x00, 0x00, 0x00, 0x00, 0x00, 0x00, 0x00,
  0x00, 0x00, 0x00, 0x00, 0x00, 0x00, 0x00, 0x00, 0x00, 0x00, 0x00, 0x00, 0x00, 0x00, 0x00, 0x00,
  0x00, 0x00, 0x00, 0x00, 0x00, 0x00, 0x00, 0x00, 0x00, 0x00, 0x00, 0xf8, 0x00, 0x00, 0xe0, 0x90,
  0xe0, 0x88, 0x00, 0x00, 0x00, 0xa8, 0x00, 0x90, 0x00, 0xa8, 0x00, 0x00, 0x00, 0x00, 0x00, 0x00,
  0x00, 0x00, 0x00, 0x00, 0x00, 0x00, 0x00, 0x00, 0x00, 0x00, 0x00, 0x00, 0x00, 0x00, 0x00, 0x00,
  0x00, 0x00, 0x00, 0x00, 0x00, 0x00, 0x00, 0x00, 0x00, 0x00, 0x00, 0x00, 0x00, 0x00, 0x00, 0x00,
  0x00, 0x00, 0x00, 0x00, 0x00, 0x00, 0x00, 0x00, 0x00, 0x00, 0x00, 0x00, 0x00, 0x00, 0x00, 0x00,
  0x00, 0x00, 0x00, 0x00, 0x00, 0x00, 0x00, 0x00, 0x00, 0x00, 0x00, 0x00, 0x00, 0x00, 0x00, 0x00,
  0x00, 0x00, 0x00, 0x00, 0x00, 0x00, 0x00, 0x00, 0x00, 0x00, 0x00, 0x00, 0x00, 0x00, 0x00, 0x00,
  0x00, 0x00, 0x00, 0x00, 0x00, 0x00, 0x00, 0x00, 0x00, 0x00, 0x00, 0x00, 0x00, 0x00, 0x00, 0x00,
  0x00, 0x00, 0x00, 0x00, 0x00, 0x00, 0x00, 0x00, 0x00, 0x00, 0x00, 0x00, 0x00, 0x00, 0x00, 0x00,
  0x00, 0x00, 0x00, 0x00, 0x00, 0x00, 0x00, 0x00, 0x00, 0x00, 0x00, 0x00, 0x00, 0x00, 0x00, 0x00,
  0x00, 0x00, 0x00, 0x00, 0x00, 0x00, 0x00, 0x00, 0x00, 0x00, 0x00, 0x00, 0x00, 0x00, 0x00, 0x00,
  0x00, 0x00, 0x00, 0x00, 0x00, 0x00, 0x00, 0x00, 0x00, 0x00, 0x00, 0x00, 0x00, 0x00, 0x00, 0x00,
  0x00, 0x00, 0x00, 0x00, 0x00, 0x00, 0x00, 0x00, 0x00, 0x00, 0x00, 0x00, 0x00, 0x00, 0x00, 0x00,
  0x00, 0x00, 0x00, 0x00, 0x00, 0x00, 0x00, 0x00, 0x00, 0x00, 0x00, 0x00, 0x00, 0x00, 0x00, 0x00,
  0x00, 0x00, 0x00, 0x00, 0x00, 0x00, 0x00, 0x00, 0x00, 0x00, 0x00, 0x00, 0x00, 0x00, 0x00, 0x00,
  0x00, 0x00, 0x00, 0x00, 0x00, 0x00, 0x00, 0x00, 0x00, 0x00, 0x00, 0x00, 0x00, 0x00, 0x00, 0x00,
  0x00, 0x00, 0x00, 0x00, 0x00, 0x00, 0x00, 0x00, 0x00, 0x00, 0x00, 0x00, 0x00, 0x00, 0x00, 0x00,
  0x00, 0x00, 0x00, 0x00, 0x00, 0x00, 0x00, 0x00, 0x00, 0x00, 0x00, 0x00, 0x00, 0x38, 0x60, 0x38,
  0x60, 0x38, 0x40, 0x38, 0x40, 0x38, 0x00, 0x50, 0x00, 0x00, 0x00, 0x00, 0x00, 0x00, 0x00, 0x00,
  0x00, 0x00, 0x00, 0x00, 0x00, 0x00, 0x00, 0x00, 0x00, 0x00, 0x00, 0x00, 0x00, 0x00, 0x00, 0x00,
  0x00, 0x00, 0x00, 0x00, 0x00, 0x00, 0x00, 0x00, 0x00, 0x30, 0x00, 0x38, 0xe0, 0x58, 0x00, 0xf8,
  0x00, 0x00, 0x00, 0x00, 0x00, 0x00, 0x00, 0x00, 0x00, 0x00, 0x00, 0x00, 0x00, 0x00, 0x00, 0x00,
  0x00, 0x00, 0x00, 0x00, 0x00, 0x00, 0x00, 0x00, 0x00, 0x00, 0x00, 0x00, 0x00, 0x00, 0x00, 0x00,
  0x00, 0x00, 0x00, 0x00, 0x00, 0x00, 0x00, 0x00, 0x00, 0x00, 0x00, 0x00, 0x00, 0x00, 0x00, 0x00,
  0x00, 0x00, 0x00, 0x00, 0x00, 0x00, 0x00, 0x00, 0x00, 0x00, 0x00, 0x00, 0x00, 0x00, 0x00, 0x00,
  0x00, 0x00, 0x00, 0x00, 0x00, 0x00, 0x00, 0x00, 0x00, 0x00, 0x00, 0x00, 0x00, 0x00, 0x00, 0x00,
  0x00, 0x00, 0x00, 0x00, 0x00, 0x00, 0x00, 0x00, 0x00, 0x00, 0x00, 0x00, 0x00, 0x00, 0x00, 0x00,
  0x00, 0x00, 0x00, 0x00, 0x00, 0x00, 0x00, 0x00, 0x00, 0x00, 0x00, 0x00, 0x00, 0x00, 0x00, 0x00,
  0x00, 0x00, 0x00, 0x00, 0x00, 0x00, 0x00, 0x00, 0x00, 0x00, 0x00, 0x00, 0x00, 0x00, 0x00, 0x00,
  0x00, 0x00, 0x00, 0x00, 0x00, 0x00, 0x00, 0x00, 0x00, 0x00, 0x00, 0x00, 0x00, 0x00, 0x00, 0x00,
  0x00, 0x00, 0x00, 0x00, 0x00, 0x00, 0x00, 0x00, 0x00, 0x00, 0x00, 0x00, 0x00, 0x00, 0x00, 0x00,
  0x00, 0x00, 0x00, 0xf8, 0x00, 0x00, 0x00, 0x00, 0x00, 0x78, 0x00, 0x78, 0x00, 0x00, 0x00, 0x00,
  0x00, 0x00, 0x00, 0x00, 0x00, 0x00, 0x00, 0x00, 0x00, 0x00, 0x00, 0x00, 0x00, 0x00, 0x00, 0x00,
  0x00, 0x00, 0x00, 0x00, 0x00, 0x00, 0x00, 0x00, 0x00, 0x00, 0x00, 0x00, 0x00, 0x00, 0x00, 0x00,
  0x00, 0x00, 0x00, 0x00, 0x00, 0x00, 0x00, 0x00, 0x00, 0x00, 0x00, 0x00, 0x00, 0x00, 0x00, 0x00,
  0x00, 0x00, 0x00, 0x00, 0x00, 0x00, 0x00, 0x00, 0x00, 0x00, 0x00, 0x00, 0x00, 0x00, 0x00, 0x00,
  0x00, 0x00, 0x00, 0x00, 0x00, 0x00, 0x00, 0x00, 0x00, 0x00, 0x00, 0x00, 0x00, 0x00, 0x00, 0x00,
  0x00, 0x00, 0x00, 0x00, 0x00, 0x00, 0x00, 0x00, 0x00, 0x00, 0x00, 0x00, 0x00, 0x00, 0x00, 0x00,
  0x00, 0x00, 0x00, 0x00, 0x00, 0x00, 0x00, 0x00, 0x00, 0x00, 0x00, 0x00, 0x00, 0x00, 0x00, 0x00,
  0x00, 0x00, 0x00, 0x00, 0x00, 0x00, 0x00, 0x00, 0x00, 0x00, 0x00, 0x00, 0x00, 0x00, 0x00, 0x00,
  0x00, 0x00, 0x00, 0x00, 0x00, 0x00, 0x00, 0x00, 0x00, 0x00, 0x00, 0x00, 0x00, 0x00, 0x00, 0x00,
  0x00, 0x00, 0x00, 0x00, 0x00, 0x00, 0x00, 0x00, 0x00, 0x00, 0x00, 0x00, 0x00, 0x00, 0x00, 0x00,
  0x00, 0x00, 0x00, 0x00, 0x00, 0x00, 0x00, 0x00, 0x00, 0x00, 0x00, 0x00, 0x00, 0x00, 0x00, 0x00,
  0x00, 0x00, 0x00, 0x00, 0x00, 0x00, 0x00, 0x00, 0x00, 0x00, 0x00, 0x00, 0x00, 0x00, 0x00, 0x00,
  0x00, 0x00, 0x00, 0x00, 0x00, 0x00, 0x00, 0x00, 0x00, 0x00, 0x00, 0x00, 0x00, 0x00, 0x00, 0x00,
  0x00, 0x00, 0x00, 0x00, 0x00, 0x00, 0x00, 0x00, 0x00, 0x00, 0x00, 0x00, 0x00, 0x00, 0x00, 0x00,
  0x00, 0x00, 0x00, 0x00, 0x00, 0x00, 0x00, 0x00, 0x00, 0x00, 0x00, 0x00, 0x00, 0x00, 0x00, 0x00,
  0x00, 0x00, 0x00, 0x00, 0x00, 0x00, 0x00, 0x00, 0x00, 0x00, 0x00, 0x00, 0x00, 0x00, 0x00, 0x00,
  0x00, 0x00, 0x00, 0x28, 0x60, 0x38, 0x40, 0x38, 0x60, 0x38, 0x40, 0x38, 0x00, 0x00, 0x00, 0x00,
  0x00, 0x00, 0x00, 0x00, 0x00, 0x00, 0x00, 0x00, 0x00, 0x00, 0x00, 0x00, 0x00, 0x00, 0x00, 0x00,
  0x00, 0x00, 0x00, 0x00, 0x00, 0x00, 0x00, 0x00, 0x00, 0x00, 0x00, 0x00, 0x00, 0x00, 0x00, 0x00,
  0x00, 0x00, 0x00, 0x48, 0x40, 0x48, 0x00, 0x68, 0x00, 0x00, 0x00, 0x00, 0x00, 0x00, 0x00, 0x00,
  0x00, 0x00, 0x00, 0x00, 0x00, 0x00, 0x00, 0x00, 0x00, 0x00, 0x00, 0x00, 0x00, 0x00, 0x00, 0x00,
  0x00, 0x00, 0x00, 0x00, 0x00, 0x00, 0x00, 0x00, 0x00, 0x00, 0x00, 0x00, 0x00, 0x00, 0x00, 0x00,
  0x00, 0x00, 0x00, 0x00, 0x00, 0x00, 0x00, 0x00, 0x00, 0x00, 0x00, 0x00, 0x00, 0x00, 0x00, 0x00,
  0x00, 0x00, 0x00, 0x00, 0x00, 0x00, 0x00, 0x00, 0x00, 0x00, 0x00, 0x00, 0x00, 0x00, 0x00, 0x00,
  0x00, 0x00, 0x00, 0x00, 0x00, 0x00, 0x00, 0x00, 0x00, 0x00, 0x00, 0x00, 0x00, 0x00, 0x00, 0x00,
  0x00, 0x00, 0x00, 0x00, 0x00, 0x00, 0x00, 0x00, 0x00, 0x00, 0x00, 0x00, 0x00, 0x00, 0x00, 0x00,
  0x00, 0x00, 0x00, 0x00, 0x00, 0x00, 0x00, 0x00, 0x00, 0x00, 0x00, 0x00, 0x00, 0x00, 0x00, 0x00,
  0x00, 0x00, 0x00, 0x00, 0x00, 0x00, 0x00, 0x00, 0x00, 0x00, 0x00, 0x00, 0x00, 0x00, 0x00, 0x00,
  0x00, 0x00, 0x00, 0x00, 0x00, 0x00, 0x00, 0x00, 0x00, 0x00, 0x00, 0x00, 0x00, 0x00, 0x00, 0x00,
  0x00, 0x00, 0x00, 0x00, 0x00, 0x00, 0x00, 0x00, 0x00, 0x00, 0x00, 0x00, 0x00, 0x00, 0x00, 0x00,
  0x00, 0x00, 0x00, 0x00, 0x00, 0x00, 0x00, 0x00, 0x00, 0x00, 0x00, 0x00, 0x00, 0x00, 0x00, 0x00,
  0x00, 0x00, 0x00, 0x00, 0x00, 0x00, 0x00, 0x00, 0x00, 0x00, 0x00, 0x00, 0x00, 0x00, 0x00, 0x00,
  0x00, 0x00, 0x00, 0x00, 0x00, 0x00, 0x00, 0x00, 0x00, 0x00, 0x00, 0x00, 0x00, 0x00, 0x00, 0x00,
  0x00, 0x00, 0x00, 0x00, 0x00, 0x00, 0x00, 0x00, 0x00, 0x00, 0x00, 0x00, 0x00, 0x00, 0x00, 0x00,
  0x00, 0x00, 0x00, 0x00, 0x00, 0x00, 0x00, 0x00, 0x00, 0x00, 0x00, 0x00, 0x00, 0x00, 0x00, 0x00,
  0x00, 0x00, 0x00, 0x00, 0x00, 0x00, 0x00, 0x00, 0x00, 0x00, 0x00, 0x00, 0x00, 0x00, 0x00, 0x00,
  0x00, 0x00, 0x00, 0x00, 0x00, 0x00, 0x00, 0x00, 0x00, 0x00, 0x00, 0x00, 0x00, 0x00, 0x00, 0x00,
  0x00, 0x00, 0x00, 0x00, 0x00, 0x00, 0x00, 0x00, 0x00, 0x00, 0x00, 0x00, 0x00, 0x00, 0x00, 0x00,
  0x00, 0x00, 0x00, 0x00, 0x00, 0x00, 0x00, 0x00, 0x00, 0x00, 0x00, 0x00, 0x00, 0x00, 0x00, 0x00,
  0x00, 0x00, 0x00, 0x00, 0x00, 0x00, 0x00, 0x00, 0x00, 0x00, 0x00, 0x00, 0x00, 0x00, 0x00, 0x00,
  0x00, 0x00, 0x00, 0x00, 0x00, 0x00, 0x00, 0x00, 0x00, 0x00, 0x00, 0x00, 0x00, 0x00, 0x00, 0x00,
  0x00, 0x00, 0x00, 0x00, 0x00, 0x00, 0x00, 0x00, 0x00, 0x00, 0x00, 0x00, 0x00, 0x00, 0x00, 0x00,
  0x00, 0x00, 0x00, 0x00, 0x00, 0x00, 0x00, 0x00, 0x00, 0x00, 0x00, 0x00, 0x00, 0x00, 0x00, 0x00,
  0x00, 0x00, 0x00, 0x00, 0x00, 0x00, 0x00, 0x00, 0x00, 0x00, 0x00, 0x00, 0x00, 0x00, 0x00, 0x00,
  0x00, 0x00, 0x00, 0x00, 0x00, 0x00, 0x00, 0x00, 0x00, 0x00, 0x00, 0x00, 0x00, 0x00, 0x00, 0x00,
  0x00, 0x00, 0x00, 0x00, 0x00, 0x00, 0x00, 0x00, 0x00, 0x00, 0x00, 0x00, 0x00, 0x00, 0x00, 0x00,
  0x00, 0x00, 0x00, 0x00, 0x00, 0x00, 0x00, 0x00, 0x00, 0x40, 0x60, 0x38, 0x60, 0x38, 0x60, 0x38,
  0x80, 0x38, 0x00, 0x00, 0x00, 0x00, 0x00, 0x00, 0x00, 0x00, 0x00, 0x00, 0x00, 0x00, 0x00, 0x00,
  0x00, 0x00, 0x00, 0x00, 0x00, 0x00, 0x00, 0x00, 0x00, 0x00, 0x00, 0x00, 0x00, 0x00, 0x00, 0x00,
  0x00, 0x00, 0x00, 0x00, 0x00, 0x00, 0x00, 0x00, 0x00, 0x00, 0x00, 0x00, 0x00, 0x00, 0x00, 0xf8,
  0xc0, 0x48, 0x00, 0x60, 0x00, 0x00, 0x00, 0x00, 0x60, 0x48, 0x00, 0x50, 0x00, 0x00, 0x00, 0x00,
  0x00, 0x00, 0x00, 0x00, 0x00, 0x00, 0x00, 0x00, 0x00, 0x00, 0x00, 0x00, 0x00, 0x00, 0x00, 0x00,
  0x00, 0x00, 0x00, 0x00, 0x00, 0x00, 0x00, 0x00, 0x00, 0x00, 0x00, 0x00, 0x00, 0x00, 0x00, 0x00,
  0x00, 0x00, 0x00, 0x00, 0x00, 0x78, 0x00, 0x00, 0x00, 0x00, 0x00, 0x00, 0x00, 0x00, 0x00, 0x00,
  0x00, 0x00, 0x00, 0x00, 0x00, 0x00, 0x00, 0x00, 0x00, 0x00, 0x00, 0x00, 0x00, 0x00, 0x00, 0x00,
  0x00, 0xf8, 0x00, 0x00, 0x00, 0x00, 0x00, 0x00, 0x00, 0x00, 0x00, 0x00, 0x00, 0x00, 0x00, 0x00,
  0x00, 0x00, 0x00, 0x00, 0x00, 0x00, 0x00, 0x00, 0x00, 0x00, 0x00, 0x00, 0x00, 0x00, 0x00, 0x00,
  0x00, 0x00, 0x00, 0x00, 0x00, 0x00, 0x00, 0x00, 0x00, 0x00, 0x00, 0x00, 0x00, 0x00, 0x00, 0x00,
  0x00, 0x00, 0x00, 0x00, 0x00, 0x00, 0x00, 0x00, 0x00, 0x00, 0x00, 0x00, 0x00, 0x00, 0x00, 0x00,
  0x00, 0x00, 0x00, 0x00, 0x00, 0x00, 0x00, 0x00, 0x00, 0x00, 0x00, 0x00, 0x00, 0x00, 0x00, 0x00,
  0x00, 0x00, 0x00, 0x00, 0x00, 0x00, 0x00, 0x00, 0x00, 0x00, 0x00, 0x00, 0x00, 0x00, 0x00, 0x00,
  0x00, 0x00, 0x00, 0x00, 0x00, 0x00, 0x00, 0x00, 0x00, 0x00, 0x00, 0x00, 0x00, 0x00, 0x00, 0x00,
  0x00, 0x00, 0x00, 0x00, 0x00, 0x00, 0x00, 0x00, 0x00, 0x00, 0x00, 0x00, 0x00, 0x00, 0x00, 0x00,
  0x00, 0x00, 0x00, 0x00, 0x00, 0x00, 0x00, 0x00, 0x00, 0x00, 0x00, 0x00, 0x00, 0x00, 0x00, 0x00,
  0x00, 0x00, 0x00, 0x00, 0x00, 0x00, 0x00, 0x00, 0x00, 0x00, 0x00, 0x00, 0x00, 0x00, 0x00, 0x00,
  0x00, 0x00, 0x00, 0x00, 0x00, 0x00, 0x00, 0x00, 0x00, 0x00, 0x00, 0x00, 0x00, 0x00, 0x00, 0x00,
  0x00, 0x00, 0x00, 0x00, 0x00, 0x00, 0x00, 0x00, 0x00, 0x00, 0x00, 0x00, 0x00, 0x00, 0x00, 0x00,
  0x00, 0x00, 0x00, 0x00, 0x00, 0x00, 0x00, 0x00, 0x00, 0x00, 0x00, 0x00, 0x00, 0x00, 0x00, 0x00,
  0x00, 0x00, 0x00, 0x00, 0x00, 0x00, 0x00, 0x00, 0x00, 0x00, 0x00, 0x00, 0x00, 0x00, 0x00, 0x00,
  0x00, 0x00, 0x00, 0x00, 0x00, 0x00, 0x00, 0x00, 0x00, 0x00, 0x00, 0x00, 0x00, 0x00, 0x00, 0x00,
  0x00, 0x00, 0x00, 0x00, 0x00, 0x00, 0x00, 0x00, 0x00, 0x00, 0x00, 0x00, 0x00, 0x00, 0x00, 0x00,
  0x00, 0x00, 0x00, 0x00, 0x00, 0x00, 0x00, 0x00, 0x00, 0x00, 0x00, 0x00, 0x00, 0x00, 0x00, 0x00,
  0x00, 0x00, 0x00, 0x00, 0x00, 0x00, 0x00, 0x00, 0x00, 0x00, 0x00, 0x00, 0x00, 0x00, 0x00, 0x00,
  0x00, 0x00, 0x00, 0x00, 0x00, 0x00, 0x00, 0x00, 0x00, 0x00, 0x00, 0x00, 0x00, 0x00, 0x00, 0x00,
  0x00, 0x00, 0x00, 0x00, 0x00, 0x00, 0x00, 0x00, 0x00, 0x00, 0x00, 0x00, 0x00, 0x00, 0x00, 0x00,
  0x00, 0x00, 0x00, 0x00, 0x00, 0x00, 0x00, 0x00, 0x00, 0x00, 0x00, 0x00, 0x00, 0x00, 0x00, 0x00,
  0x00, 0x00, 0x00, 0x00, 0x00, 0x00, 0x00, 0x00, 0x00, 0x00, 0x00, 0x00, 0x00, 0x30, 0x60, 0x30,
  0x40, 0x38, 0x60, 0x38, 0x40, 0x38, 0x00, 0x38, 0x00, 0x00, 0x00, 0x00, 0x00, 0x00, 0x00, 0x00,
  0x00, 0x00, 0x00, 0x00, 0x00, 0x00, 0x00, 0x00, 0x00, 0x00, 0x00, 0x00, 0x00, 0x00, 0x00, 0x00,
  0x00, 0x00, 0x00, 0x00, 0x00, 0x00, 0x00, 0x00, 0x00, 0x00, 0x00, 0x00, 0x00, 0x00, 0x00, 0x00,
  0x00, 0x00, 0x00, 0x00, 0x00, 0x00, 0x00, 0xf8, 0x00, 0x00, 0x00, 0x60, 0x00, 0x78, 0x00, 0x00,
  0x20, 0x49, 0x80, 0x50, 0x00, 0x50, 0x00, 0x00, 0x00, 0x00, 0x00, 0x00, 0x00, 0x00, 0x00, 0x00,
  0x00, 0x00, 0x00, 0x00, 0x00, 0x00, 0x00, 0x00, 0x00, 0x00, 0x00, 0x00, 0x00, 0x00, 0x00, 0x00,
  0x00, 0x00, 0x00, 0x00, 0x00, 0x00, 0x00, 0x00, 0x00, 0x00, 0x00, 0x00, 0x00, 0x00, 0x00, 0x50,
  0x00, 0x00, 0x00, 0x00, 0x00, 0x00, 0x00, 0x00, 0x00, 0x78, 0x00, 0x00, 0x00, 0x00, 0x00, 0x00,
  0x00, 0x00, 0x00, 0x00, 0x00, 0x78, 0xa0, 0x68, 0x20, 0x61, 0xe0, 0x70, 0x00, 0x78, 0x00, 0x00,
  0x00, 0x00, 0x00, 0x00, 0x00, 0x00, 0x00, 0x00, 0x00, 0x00, 0x00, 0x00, 0x00, 0x00, 0x00, 0x00,
  0x00, 0x00, 0x00, 0x00, 0x00, 0x00, 0x00, 0x00, 0x00, 0x00, 0x00, 0x00, 0x00, 0x00, 0x00, 0x00,
  0x00, 0x00, 0x00, 0x00, 0x00, 0x00, 0x00, 0x00, 0x00, 0x00, 0x00, 0x00, 0x00, 0x00, 0x00, 0x00,
  0x00, 0x00, 0x00, 0x00, 0x00, 0x00, 0x00, 0x00, 0x00, 0x00, 0x00, 0x00, 0x00, 0x00, 0x00, 0x00,
  0x00, 0x00, 0x00, 0x00, 0x00, 0x00, 0x00, 0x00, 0x00, 0x00, 0x00, 0x00, 0x00, 0x00, 0x00, 0x00,
  0x00, 0x00, 0x00, 0x00, 0x00, 0x00, 0x00, 0x00, 0x00, 0xf8, 0x00, 0x00, 0x00, 0x00, 0x00, 0x00,
  0x00, 0x00, 0x00, 0x00, 0x00, 0x00, 0x00, 0x00, 0x00, 0x00, 0x00, 0x00, 0x00, 0x00, 0x00, 0x00,
  0x00, 0x00, 0x00, 0x00, 0x00, 0x00, 0x00, 0x00, 0x00, 0x00, 0x00, 0x00, 0x00, 0x00, 0x00, 0x00,
  0x00, 0x00, 0x00, 0x00, 0x00, 0x00, 0x00, 0x00, 0x00, 0x00, 0x00, 0x00, 0x00, 0x00, 0x00, 0x00,
  0x00, 0x00, 0x00, 0x00, 0x00, 0x00, 0x00, 0x00, 0x00, 0x00, 0x00, 0x00, 0x00, 0x00, 0x00, 0x00,
  0x00, 0x00, 0x00, 0x00, 0x00, 0x00, 0x00, 0x00, 0x00, 0x00, 0x00, 0x00, 0x00, 0x00, 0x00, 0x00,
  0x00, 0x00, 0x00, 0x00, 0x00, 0x00, 0x00, 0x00, 0x00, 0x00, 0x00, 0x00, 0x00, 0x00, 0x00, 0x00,
  0x00, 0x00, 0x00, 0x00, 0x00, 0x00, 0x00, 0x00, 0x00, 0x00, 0x00, 0x00, 0x00, 0x00, 0x00, 0x00,
  0x00, 0x00, 0x00, 0x00, 0x00, 0x00, 0x00, 0x00, 0x00, 0x00, 0x00, 0x00, 0x00, 0x00, 0x00, 0x00,
  0x00, 0x00, 0x00, 0x00, 0x00, 0x00, 0x00, 0x00, 0x00, 0x00, 0x00, 0x00, 0x00, 0x00, 0x00, 0x00,
  0x00, 0x00, 0x00, 0x00, 0x00, 0x00, 0x00, 0x00, 0x00, 0x00, 0x00, 0x00, 0x00, 0x00, 0x00, 0x00,
  0x00, 0x00, 0x00, 0x00, 0x00, 0x00, 0x00, 0x00, 0x00, 0x00, 0x00, 0x00, 0x00, 0x00, 0x00, 0x00,
  0x00, 0x00, 0x00, 0x00, 0x00, 0x00, 0x00, 0x00, 0x00, 0x00, 0x00, 0x00, 0x00, 0x00, 0x00, 0x00,
  0x00, 0x00, 0x00, 0x00, 0x00, 0x00, 0x00, 0x00, 0x00, 0x00, 0x00, 0x00, 0x00, 0x00, 0x00, 0x00,
  0x00, 0x00, 0x00, 0x00, 0x00, 0x00, 0x00, 0x00, 0x00, 0x00, 0x00, 0x00, 0x00, 0x00, 0x00, 0x00,
  0x00, 0x00, 0x00, 0x00, 0x00, 0x00, 0x00, 0x00, 0x00, 0x00, 0x00, 0x00, 0x00, 0x00, 0x00, 0x00,
  0x00, 0x00, 0x00, 0x48, 0x60, 0x28, 0xa0, 0x28, 0x00, 0x40, 0x60, 0x38, 0x00, 0x00, 0x00, 0x00,
  0x00, 0x00, 0x00, 0x00, 0x00, 0x00, 0x00, 0x00, 0x00, 0x00, 0x00, 0x00, 0x00, 0x00, 0x00, 0x00,
  0x00, 0x00, 0x00, 0x00, 0x00, 0x00, 0x00, 0x00, 0x00, 0x00, 0x00, 0x00, 0x00, 0x00, 0x00, 0x78,
  0x00, 0xf8, 0x00, 0x00, 0x00, 0x00, 0x00, 0x00, 0x00, 0x00, 0x00, 0x00, 0x00, 0x00, 0x00, 0x78,
  0x00, 0x20, 0x00, 0x00, 0x00, 0x78, 0x00, 0x00, 0x00, 0x00, 0x00, 0x00, 0x00, 0xf8, 0x00, 0x00,
  0x00, 0x00, 0x00, 0x00, 0x00, 0x00, 0x00, 0x00, 0x00, 0x00, 0x00, 0x00, 0x00, 0x00, 0x00, 0x00,
  0x00, 0x00, 0x00, 0x00, 0x00, 0x00, 0x00, 0x00, 0x00, 0x00, 0x00, 0x00, 0x00, 0x00, 0x00, 0x00,
  0x00, 0x00, 0x00, 0x00, 0x00, 0x00, 0x00, 0x00, 0x00, 0x00, 0x00, 0x00, 0x00, 0x00, 0x00, 0x00,
  0x00, 0x00, 0x00, 0xf8, 0x00, 0x00, 0x00, 0x00, 0x00, 0x00, 0x00, 0x00, 0x00, 0xf8, 0xa0, 0x68,
  0xc0, 0x78, 0x00, 0x81, 0xe0, 0x78, 0x00, 0x70, 0x00, 0x00, 0x00, 0x00, 0x00, 0x00, 0x00, 0x00,
  0x00, 0x00, 0x00, 0x00, 0x00, 0x00, 0x00, 0x00, 0x00, 0x00, 0x00, 0x00, 0x00, 0x00, 0x00, 0x00,
  0x00, 0x00, 0x00, 0x00, 0x00, 0x00, 0x00, 0x00, 0x00, 0x00, 0x00, 0x00, 0x00, 0x00, 0x00, 0x00,
  0x00, 0x00, 0x00, 0x00, 0x00, 0x00, 0x00, 0x00, 0x00, 0x00, 0x00, 0x00, 0x00, 0x00, 0x00, 0x00,
  0x00, 0x00, 0x00, 0x00, 0x00, 0x00, 0x00, 0x00, 0x00, 0x00, 0x00, 0x00, 0x00, 0x00, 0x00, 0x00,
  0x00, 0x00, 0x00, 0x00, 0x00, 0x00, 0x00, 0x00, 0x00, 0x00, 0x00, 0x00, 0x00, 0x00, 0x00, 0x00,
  0x00, 0xf8, 0x00, 0x00, 0x00, 0x00, 0x00, 0x00, 0x00, 0x00, 0x00, 0x00, 0x00, 0x00, 0x00, 0x00,
  0x00, 0x00, 0x00, 0x00, 0x00, 0x00, 0x00, 0x00, 0x00, 0x00, 0x00, 0x00, 0x00, 0x00, 0x00, 0x00,
  0x00, 0x00, 0x00, 0x00, 0x00, 0x00, 0x00, 0x00, 0x00, 0x00, 0x00, 0x00, 0x00, 0x00, 0x00, 0x00,
  0x00, 0x00, 0x00, 0x00, 0x00, 0x00, 0x00, 0x00, 0x00, 0x00, 0x00, 0x00, 0x00, 0x00, 0x00, 0x00,
  0x00, 0x00, 0x00, 0x00, 0x00, 0x00, 0x00, 0x00, 0x00, 0x00, 0x00, 0x00, 0x00, 0x00, 0x00, 0x00,
  0x00, 0x00, 0x00, 0x00, 0x00, 0x00, 0x00, 0x00, 0x00, 0x00, 0x00, 0x00, 0x00, 0x00, 0x00, 0x00,
  0x00, 0x00, 0x00, 0x00, 0x00, 0x00, 0x00, 0x00, 0x00, 0x00, 0x00, 0x00, 0x00, 0x00, 0x00, 0x00,
  0x00, 0x00, 0x00, 0x00, 0x00, 0x00, 0x00, 0x00, 0x00, 0x00, 0x00, 0x00, 0x00, 0x00, 0x00, 0x00,
  0x00, 0x00, 0x00, 0x00, 0x00, 0x00, 0x00, 0x00, 0x00, 0x00, 0x00, 0x00, 0x00, 0x00, 0x00, 0x00,
  0x00, 0x00, 0x00, 0x00, 0x00, 0x00, 0x00, 0x00, 0x00, 0x00, 0x00, 0x00, 0x00, 0x00, 0x00, 0x00,
  0x00, 0x00, 0x00, 0x00, 0x00, 0x00, 0x00, 0x00, 0x00, 0x00, 0x00, 0x00, 0x00, 0x00, 0x00, 0x00,
  0x00, 0x00, 0x00, 0x00, 0x00, 0x00, 0x00, 0x00, 0x00, 0x00, 0x00, 0x00, 0x00, 0x00, 0x00, 0x00,
  0x00, 0x00, 0x00, 0x00, 0x00, 0x00, 0x00, 0x00, 0x00, 0x00, 0x00, 0x00, 0x00, 0x00, 0x00, 0x00,
  0x00, 0x00, 0x00, 0x00, 0x00, 0x00, 0x00, 0x00, 0x00, 0x00, 0x00, 0x00, 0x00, 0x00, 0x00, 0x00,
  0x00, 0x00, 0x00, 0x00, 0x00, 0x00, 0x00, 0x00, 0x00, 0x00, 0x00, 0x00, 0x00, 0x00, 0x00, 0x00,
  0x00, 0x00, 0x00, 0x00, 0x00, 0x00, 0x00, 0x00, 0x00, 0x00, 0x00, 0x00, 0x00, 0x00, 0x00, 0x00,
  0x00, 0x00, 0x00, 0x00, 0x00, 0x00, 0x00, 0x00, 0x00, 0x00, 0x00, 0x00, 0x00, 0x00, 0x00, 0x00,
  0x00, 0x00, 0x00, 0x00, 0x00, 0x00, 0x00, 0x00, 0x00, 0x00, 0x00, 0x00, 0x00, 0x00, 0x00, 0x00,
  0x00, 0x00, 0x00, 0x00, 0x00, 0x00, 0x00, 0x00, 0x00, 0x00, 0x00, 0x00, 0x00, 0x00, 0x00, 0x00,
  0x00, 0x00, 0x00, 0x00, 0x00, 0x00, 0x00, 0x00, 0x00, 0x28, 0xc0, 0x68, 0x80, 0x58, 0x80, 0x40,
  0x00, 0x78, 0x00, 0x00, 0x00, 0x00, 0x00, 0x00, 0x00, 0x00, 0x00, 0x00, 0x00, 0x00, 0x00, 0x00,
  0x00, 0x00, 0x00, 0x00, 0x00, 0x00, 0x00, 0x00, 0x00, 0x00, 0x00, 0x00, 0x00, 0x00, 0x00, 0x00,
  0x00, 0x00, 0x00, 0x00, 0x00, 0x00, 0x00, 0x00, 0x00, 0x00, 0x00, 0x00, 0x00, 0x00, 0x00, 0x00,
  0x00, 0x00, 0x00, 0x00, 0x00, 0x00, 0x00, 0x00, 0x00, 0x00, 0x00, 0x00, 0x00, 0x00, 0x00, 0x00,
  0x00, 0x00, 0x00, 0x00, 0x00, 0x00, 0xc0, 0x60, 0xa0, 0x68, 0xa0, 0x78, 0xc0, 0x78, 0xe0, 0x80,
  0x20, 0x91, 0x00, 0x00, 0x00, 0x00, 0x00, 0x00, 0x00, 0x00, 0x00, 0x00, 0x00, 0x00, 0x00, 0x00,
  0x00, 0x00, 0x00, 0x00, 0x00, 0x00, 0x00, 0x00, 0x00, 0x00, 0x00, 0x00, 0x00, 0x00, 0x00, 0x00,
  0x00, 0x00, 0x00, 0x00, 0x00, 0x00, 0x00, 0x00, 0x00, 0x00, 0x00, 0x00, 0x00, 0x00, 0x00, 0x00,
  0x00, 0x00, 0x00, 0x00, 0x00, 0x00, 0x00, 0x00, 0x00, 0x00, 0x00, 0x00, 0x00, 0x00, 0x00, 0x00,
  0x00, 0x00, 0x00, 0x00, 0x00, 0x00, 0x00, 0x00, 0x00, 0x00, 0x00, 0x00, 0x00, 0x00, 0x00, 0x00,
  0x00, 0x00, 0x00, 0x00, 0x00, 0x00, 0x00, 0x00, 0x00, 0x00, 0x00, 0x00, 0x00, 0x00, 0x00, 0x00,
  0x00, 0x00, 0x00, 0x00, 0x00, 0x00, 0x00, 0x00, 0x00, 0x00, 0x00, 0x00, 0x00, 0x00, 0x00, 0x00,
  0x00, 0x00, 0x00, 0x00, 0x00, 0x00, 0x00, 0x00, 0x00, 0x00, 0x00, 0x00, 0x00, 0x00, 0x00, 0x00,
  0x00, 0x00, 0x00, 0x00, 0x00, 0x00, 0x00, 0x00, 0x00, 0x00, 0x00, 0x00, 0x00, 0x00, 0x00, 0x00,
  0x00, 0x00, 0x00, 0x00, 0x00, 0x00, 0x00, 0x00, 0x00, 0x00, 0x00, 0x00, 0x00, 0x00, 0x00, 0x00,
  0x00, 0x00, 0x00, 0x00, 0x00, 0x00, 0x00, 0x00, 0x00, 0x00, 0x00, 0x00, 0x00, 0x00, 0x00, 0x00,
  0x00, 0x00, 0x00, 0x00, 0x00, 0x00, 0x00, 0x00, 0x00, 0x00, 0x00, 0x00, 0x00, 0x00, 0x00, 0x00,
  0x00, 0x00, 0x00, 0x00, 0x00, 0x00, 0x00, 0x00, 0x00, 0x00, 0x00, 0x00, 0x00, 0x00, 0x00, 0x00,
  0x00, 0x00, 0x00, 0x00, 0x00, 0x00, 0x00, 0x00, 0x00, 0x00, 0x00, 0x00, 0x00, 0x00, 0x00, 0x00,
  0x00, 0x00, 0x00, 0x00, 0x00, 0x00, 0x00, 0x00, 0x00, 0x00, 0x00, 0x00, 0x00, 0x00, 0x00, 0x00,
  0x00, 0x00, 0x00, 0x00, 0x00, 0x00, 0x00, 0x00, 0x00, 0x00, 0x00, 0x00, 0x00, 0x00, 0x00, 0x00,
  0x00, 0x00, 0x00, 0x00, 0x00, 0x00, 0x00, 0x00, 0x00, 0x00, 0x00, 0x00, 0x00, 0x00, 0x00, 0x00,
  0x00, 0x00, 0x00, 0x00, 0x00, 0x00, 0x00, 0x00, 0x00, 0x00, 0x00, 0x00, 0x00, 0x00, 0x00, 0x00,
  0x00, 0x00, 0x00, 0x00, 0x00, 0x00, 0x00, 0x00, 0x00, 0x00, 0x00, 0x00, 0x00, 0x00, 0x00, 0x00,
  0x00, 0x00, 0x00, 0x00, 0x00, 0x00, 0x00, 0x00, 0x00, 0x00, 0x00, 0x00, 0x00, 0x00, 0x00, 0x00,
  0x00, 0x00, 0x00, 0x00, 0x00, 0x00, 0x00, 0x00, 0x00, 0x00, 0x00, 0x00, 0x00, 0x00, 0x00, 0x00,
  0x00, 0x00, 0x00, 0x00, 0x00, 0x00, 0x00, 0x00, 0x00, 0x00, 0x00, 0x00, 0x00, 0x00, 0x00, 0x00,
  0x00, 0x00, 0x00, 0x00, 0x00, 0x00, 0x00, 0x00, 0x00, 0x00, 0x00, 0x00, 0x00, 0x00, 0x00, 0x00,
  0x00, 0x00, 0x00, 0x00, 0x00, 0x00, 0x00, 0x00, 0x00, 0x00, 0x00, 0x00, 0x00, 0x00, 0x00, 0x00,
  0x00, 0x00, 0x00, 0x00, 0x00, 0x00, 0x00, 0x00, 0x00, 0x00, 0x00, 0x00, 0x00, 0x00, 0x00, 0x00,
  0x00, 0x00, 0x00, 0x10, 0xe0, 0x80, 0xc0, 0x78, 0x00, 0x00, 0x00, 0xf8, 0x00, 0x00, 0x00, 0x00,
  0x00, 0x00, 0x00, 0x00, 0x00, 0x00, 0x00, 0x00, 0x00, 0x00, 0x00, 0x00, 0x00, 0x00, 0x00, 0x00,
  0x00, 0x00, 0x00, 0x00, 0x00, 0x00, 0x00, 0x00, 0x00, 0x00, 0x00, 0x00, 0x00, 0x00, 0x00, 0x00,
  0x00, 0x00, 0x00, 0x00, 0x00, 0x00, 0x00, 0x00, 0x00, 0x00, 0x00, 0x00, 0x00, 0x00, 0xa0, 0x68,
  0xc0, 0x60, 0x00, 0x00, 0x00, 0x00, 0x00, 0x00, 0x00, 0x00, 0x00, 0x00, 0x00, 0x00, 0x00, 0x00,
  0x00, 0x00, 0xa0, 0x70, 0xc0, 0x70, 0x80, 0x58, 0x20, 0x69, 0x00, 0x78, 0x00, 0x00, 0x00, 0x00,
  0x00, 0x00, 0x00, 0x00, 0x00, 0x00, 0x00, 0x00, 0x00, 0x00, 0x00, 0x00, 0x00, 0x00, 0x00, 0x00,
  0x00, 0x00, 0x00, 0x00, 0x00, 0x00, 0x00, 0x00, 0x00, 0x00, 0x00, 0x00, 0x00, 0x00, 0x00, 0x00,
  0x00, 0x00, 0x00, 0x00, 0x00, 0x00, 0x00, 0x00, 0x00, 0x00, 0x00, 0x00, 0x00, 0x00, 0x00, 0x00,
  0x00, 0x00, 0x00, 0x00, 0x00, 0x00, 0x00, 0x00, 0x00, 0x00, 0x00, 0x00, 0x00, 0x00, 0x00, 0x00,
  0x00, 0x00, 0x00, 0x00, 0x00, 0x00, 0x00, 0x00, 0x00, 0x00, 0x00, 0x00, 0x00, 0x00, 0x00, 0x00,
  0x00, 0x00, 0x00, 0x00, 0x00, 0x00, 0x00, 0x00, 0x00, 0x00, 0x00, 0x00, 0x00, 0x00, 0x00, 0x00,
  0x00, 0x00, 0x00, 0x00, 0x00, 0x00, 0x00, 0x00, 0x00, 0x00, 0x00, 0x00, 0x00, 0x00, 0x00, 0x00,
  0x00, 0x00, 0x00, 0x00, 0x00, 0x00, 0x00, 0x00, 0x00, 0x00, 0x00, 0x00, 0x00, 0x00, 0x00, 0x00,
  0x00, 0x00, 0x00, 0x00, 0x00, 0x00, 0x00, 0x00, 0x00, 0x00, 0x00, 0x00, 0x00, 0x00, 0x00, 0x00,
  0x00, 0x00, 0x00, 0x00, 0x00, 0x00, 0x00, 0x00, 0x00, 0x00, 0x00, 0x00, 0x00, 0x00, 0x00, 0x00,
  0x00, 0x00, 0x00, 0x00, 0x00, 0xf8, 0x00, 0xf8, 0x00, 0x00, 0x00, 0x00, 0x00, 0x00, 0x00, 0x00,
  0x00, 0x00, 0x00, 0x00, 0x00, 0x00, 0x00, 0x00, 0x00, 0x00, 0x00, 0x00, 0x00, 0x00, 0x00, 0x00,
  0x00, 0x00, 0x00, 0x00, 0x00, 0x00, 0x00, 0x00, 0x00, 0x00, 0x00, 0x00, 0x00, 0x00, 0x00, 0x00,
  0x00, 0x00, 0x00, 0x00, 0x00, 0x00, 0x00, 0x00, 0x00, 0x00, 0x00, 0x00, 0x00, 0x00, 0x00, 0x00,
  0x00, 0x00, 0x00, 0x00, 0x00, 0x00, 0x00, 0x00, 0x00, 0x00, 0x00, 0x00, 0x00, 0x00, 0x00, 0x00,
  0x00, 0x00, 0x00, 0x00, 0x00, 0x00, 0x00, 0x00, 0x00, 0x00, 0x00, 0x00, 0x00, 0x00, 0x00, 0x00,
  0x00, 0x00, 0x00, 0x00, 0x00, 0x00, 0x00, 0x00, 0x00, 0x00, 0x00, 0x00, 0x00, 0x00, 0x00, 0x00,
  0x00, 0x00, 0x00, 0x00, 0x00, 0x00, 0x00, 0x00, 0x00, 0x00, 0x00, 0x00, 0x00, 0x00, 0x00, 0x00,
  0x00, 0x00, 0x00, 0x00, 0x00, 0x00, 0x00, 0x00, 0x00, 0x00, 0x00, 0x00, 0x00, 0x00, 0x00, 0x00,
  0x00, 0x00, 0x00, 0x00, 0x00, 0x00, 0x00, 0x00, 0x00, 0x00, 0x00, 0x00, 0x00, 0x00, 0x00, 0x00,
  0x00, 0x00, 0x00, 0x00, 0x00, 0x00, 0x00, 0x00, 0x00, 0x00, 0x00, 0x00, 0x00, 0x00, 0x00, 0x00,
  0x00, 0x00, 0x00, 0x00, 0x00, 0x00, 0x00, 0x00, 0x00, 0x00, 0x00, 0x00, 0x00, 0x00, 0x00, 0x00,
  0x00, 0x00, 0x00, 0x00, 0x00, 0x00, 0x00, 0x00, 0x00, 0x00, 0x00, 0x00, 0x00, 0x00, 0x00, 0x00,
  0x00, 0x00, 0x00, 0x00, 0x00, 0x00, 0x00, 0x00, 0x00, 0x00, 0x00, 0x00, 0x00, 0x00, 0x00, 0x00,
  0x00, 0x00, 0x00, 0x00, 0x00, 0x00, 0x00, 0x00, 0x00, 0x00, 0x00, 0xf8, 0x00, 0x00, 0xa0, 0x60,
  0xa0, 0x58, 0x00, 0x00, 0x00, 0xf8, 0x00, 0x00, 0x00, 0x00, 0x00, 0x00, 0x00, 0x00, 0x00, 0x00,
  0x00, 0x00, 0x00, 0x00, 0x00, 0x00, 0x00, 0x00, 0x00, 0x00, 0x00, 0x00, 0x00, 0x00, 0x00, 0x00,
  0x00, 0x00, 0x00, 0x00, 0x00, 0x00, 0x00, 0x00, 0x00, 0x00, 0x00, 0x00, 0x00, 0x00, 0x00, 0x00,
  0x00, 0x00, 0x00, 0x00, 0x00, 0x00, 0x00, 0x00, 0xa0, 0x60, 0xa0, 0x60, 0x00, 0x00, 0x00, 0xf8,
  0x00, 0x00, 0x00, 0x00, 0x00, 0x00, 0x00, 0x00, 0x00, 0x00, 0x00, 0x00, 0x00, 0x00, 0x00, 0x00,
  0x00, 0x78, 0x00, 0x00, 0x00, 0x00, 0x00, 0x00, 0x00, 0x00, 0x00, 0x00, 0x00, 0x00, 0x00, 0x00,
  0x00, 0x00, 0x00, 0x00, 0x00, 0x00, 0x00, 0x00, 0x00, 0x00, 0x00, 0x00, 0x00, 0x00, 0x00, 0x00,
  0x00, 0x00, 0x00, 0x00, 0x00, 0x00, 0x00, 0x00, 0x00, 0x00, 0x00, 0x00, 0x00, 0x00, 0x00, 0x00,
  0x00, 0x00, 0x00, 0x00, 0x00, 0x00, 0x00, 0x00, 0x00, 0x00, 0x00, 0x00, 0x00, 0x00, 0x00, 0x00,
  0x00, 0x00, 0x00, 0x00, 0x00, 0x00, 0x00, 0x00, 0x00, 0x00, 0x00, 0x00, 0x00, 0x00, 0x00, 0x00,
  0x00, 0x00, 0x00, 0x00, 0x00, 0x00, 0x00, 0x00, 0x00, 0x00, 0x00, 0x00, 0x00, 0x00, 0x00, 0x00,
  0x00, 0x00, 0x00, 0x00, 0x00, 0x00, 0x00, 0x50, 0x00, 0x78, 0x00, 0x00, 0x00, 0x00, 0x00, 0x00,
  0x00, 0x00, 0x00, 0x00, 0x00, 0x00, 0x00, 0x00, 0x00, 0x00, 0x00, 0x00, 0x00, 0x00, 0x00, 0x00,
  0x00, 0x00, 0x00, 0x00, 0x00, 0x00, 0x00, 0x00, 0x00, 0x00, 0x00, 0x00, 0x00, 0x00, 0x00, 0x00,
  0x00, 0x00, 0x00, 0x00, 0x00, 0x00, 0x00, 0x00, 0x00, 0x00, 0x00, 0x00, 0x00, 0x00, 0x00, 0x00,
  0x00, 0x00, 0x00, 0x00, 0x00, 0x00, 0x00, 0x00, 0x00, 0x00, 0x00, 0x00, 0x00, 0x00, 0x00, 0x00,
  0x00, 0x00, 0x00, 0x00, 0x00, 0x00, 0x00, 0x00, 0x00, 0x00, 0x00, 0x00, 0x00, 0x00, 0x00, 0x00,
  0x00, 0x00, 0x00, 0x00, 0x00, 0x00, 0x00, 0x00, 0x00, 0x00, 0x00, 0x00, 0x00, 0x00, 0x00, 0x00,
  0x00, 0x00, 0x00, 0x00, 0x00, 0x00, 0x00, 0x00, 0x00, 0x00, 0x00, 0x00, 0x00, 0x00, 0x00, 0x00,
  0x00, 0x00, 0x00, 0x00, 0x00, 0x00, 0x00, 0x00, 0x00, 0x00, 0x00, 0x00, 0x00, 0x00, 0x00, 0x00,
  0x00, 0x00, 0x00, 0x00, 0x00, 0x00, 0x00, 0x00, 0x00, 0x00, 0x00, 0x00, 0x00, 0x00, 0x00, 0x00,
  0x00, 0x00, 0x00, 0x00, 0x00, 0x00, 0x00, 0x00, 0x00, 0x00, 0x00, 0x00, 0x00, 0x00, 0x00, 0x00,
  0x00, 0x00, 0x00, 0x00, 0x00, 0x00, 0x00, 0x00, 0x00, 0x00, 0x00, 0x00, 0x00, 0x00, 0x00, 0x00,
  0x00, 0x00, 0x00, 0x00, 0x00, 0x00, 0x00, 0x00, 0x00, 0x00, 0x00, 0x00, 0x00, 0x00, 0x00, 0x00,
  0x00, 0x00, 0x00, 0x00, 0x00, 0x00, 0x00, 0x00, 0x00, 0x00, 0x00, 0x00, 0x00, 0x00, 0x00, 0x00,
  0x00, 0x00, 0x00, 0x00, 0x00, 0x00, 0x00, 0x00, 0x00, 0x00, 0x00, 0x00, 0x00, 0x00, 0x00, 0x00,
  0x00, 0x00, 0x00, 0x00, 0x00, 0x00, 0x00, 0x00, 0x00, 0x00, 0x00, 0x00, 0x00, 0x00, 0x00, 0x00,
  0x00, 0x00, 0x00, 0x00, 0x00, 0x00, 0x00, 0x00, 0x00, 0x00, 0x00, 0x00, 0x00, 0x00, 0x00, 0x00,
  0x00, 0x00, 0x00, 0x00, 0x00, 0x00, 0x00, 0x00, 0x00, 0x00, 0x00, 0x00, 0x00, 0x00, 0x00, 0x00,
  0x00, 0x00, 0x00, 0x00, 0x00, 0x00, 0x00, 0x00, 0x00, 0x00, 0x00, 0x00, 0x00, 0x00, 0x00, 0x00,
  0x00, 0x00, 0x00, 0x00, 0x00, 0x00, 0x00, 0x00, 0x40, 0x38, 0x80, 0x48, 0x00, 0x00, 0x00, 0x00,
  0x00, 0x00, 0x00, 0x00, 0x00, 0x00, 0x00, 0x00, 0x00, 0x00, 0x00, 0x00, 0x00, 0x00, 0x00, 0x00,
  0x00, 0x00, 0x00, 0x00, 0x00, 0x00, 0x00, 0x00, 0x00, 0x00, 0x00, 0x00, 0x00, 0x00, 0x00, 0x00,
  0x00, 0x00, 0x00, 0x00, 0x00, 0x00, 0x00, 0x00, 0x00, 0x00, 0x00, 0x00, 0x00, 0x00, 0x00, 0x00,
  0x00, 0x00, 0x00, 0x00, 0x00, 0x00, 0x00, 0x00, 0x00, 0x00, 0x00, 0x00, 0x00, 0x00, 0x00, 0x00,
  0x00, 0x00, 0x00, 0x00, 0x00, 0x00, 0x00, 0x00, 0x00, 0x78, 0x00, 0xf8, 0x00, 0x00, 0x00, 0xf8,
  0x00, 0x00, 0x00, 0x00, 0x00, 0x00, 0x00, 0x00, 0x00, 0x00, 0x00, 0x00, 0x00, 0x00, 0x00, 0x00,
  0x00, 0x00, 0x00, 0x00, 0x00, 0x00, 0x00, 0x00, 0x00, 0x00, 0x00, 0x00, 0x00, 0x00, 0x00, 0x00,
  0x00, 0x00, 0x00, 0x00, 0x00, 0x00, 0x00, 0x00, 0x00, 0x00, 0x00, 0x00, 0x00, 0x00, 0x00, 0x00,
  0x00, 0x00, 0x00, 0x00, 0x00, 0x00, 0x00, 0x00, 0x00, 0x00, 0x00, 0x00, 0x00, 0x00, 0x00, 0x00,
  0x00, 0x00, 0x00, 0x00, 0x00, 0x00, 0x00, 0x00, 0x00, 0x00, 0x00, 0x00, 0x00, 0x00, 0x00, 0x00,
  0x00, 0x00, 0x00, 0x00, 0x00, 0x00, 0x00, 0x00, 0x00, 0x00, 0x00, 0x00, 0x00, 0x00, 0x00, 0x00,
  0x00, 0x78, 0x00, 0xa8, 0x00, 0x00, 0x00, 0x00, 0x00, 0x00, 0x00, 0x00, 0x00, 0x00, 0x00, 0x00,
  0x00, 0x00, 0x00, 0x00, 0x00, 0x00, 0x00, 0x00, 0x00, 0x00, 0x00, 0x00, 0x00, 0x00, 0x00, 0x00,
  0x00, 0x00, 0x00, 0x00, 0x00, 0x00, 0x00, 0x00, 0x00, 0x00, 0x00, 0x00, 0x00, 0x00, 0x00, 0x00,
  0x00, 0x00, 0x00, 0x00, 0x00, 0x00, 0x00, 0x00, 0x00, 0x00, 0x00, 0x00, 0x00, 0x00, 0x00, 0x00,
  0x00, 0x00, 0x00, 0x00, 0x00, 0x00, 0xe0, 0x79, 0xa0, 0x58, 0x80, 0x50, 0x00, 0x00, 0x00, 0x00,
  0x00, 0x00, 0x00, 0x00, 0x00, 0x00, 0x00, 0x00, 0x00, 0x00, 0x00, 0x00, 0x00, 0x00, 0x00, 0x00,
  0x00, 0x00, 0x00, 0x00, 0x00, 0x00, 0x00, 0x00, 0x00, 0x00, 0x00, 0x00, 0x00, 0x00, 0x00, 0x00,
  0x00, 0x00, 0x00, 0x00, 0x00, 0x00, 0x00, 0x00, 0x00, 0x00, 0x00, 0x00, 0x00, 0x00, 0x00, 0x00,
  0x00, 0x00, 0x00, 0x00, 0x00, 0x00, 0x00, 0x00, 0x00, 0x00, 0x00, 0x00, 0x00, 0x00, 0x00, 0x00,
  0x00, 0x00, 0x00, 0x00, 0x00, 0x00, 0x00, 0x00, 0x00, 0x00, 0x00, 0x00, 0x00, 0x00, 0x00, 0x00,
  0x00, 0x00, 0x00, 0x00, 0x00, 0x00, 0x00, 0x00, 0x00, 0x00, 0x00, 0x00, 0x00, 0x00, 0x00, 0x00,
  0x00, 0x00, 0x00, 0x00, 0x00, 0x00, 0x00, 0x00, 0x00, 0x00, 0x00, 0x00, 0x00, 0x00, 0x00, 0x00,
  0x00, 0x00, 0x00, 0x00, 0x00, 0x00, 0x00, 0x00, 0x00, 0x00, 0x00, 0x00, 0x00, 0x00, 0x00, 0x00,
  0x00, 0x00, 0x00, 0x00, 0x00, 0x00, 0x00, 0x00, 0x00, 0x00, 0x00, 0x00, 0x00, 0x00, 0x00, 0x00,
  0x00, 0x00, 0x00, 0x00, 0x00, 0x00, 0x00, 0x00, 0x00, 0x00, 0x00, 0x00, 0x00, 0x00, 0x00, 0x00,
  0x00, 0x00, 0x00, 0x00, 0x00, 0x00, 0x00, 0x00, 0x00, 0x00, 0x00, 0x00, 0x00, 0x00, 0x00, 0x00,
  0x00, 0x00, 0x00, 0x00, 0x00, 0x00, 0x00, 0x00, 0x00, 0x00, 0x00, 0x00, 0x00, 0x00, 0x00, 0x00,
  0x00, 0x00, 0x00, 0x00, 0x00, 0x00, 0x00, 0x00, 0x00, 0x00, 0x00, 0x00, 0x00, 0x00, 0x00, 0x00,
  0x00, 0x00, 0x00, 0x00, 0x00, 0x00, 0x00, 0x00, 0x00, 0x00, 0x00, 0x00, 0x00, 0x00, 0x00, 0x00,
  0x00, 0x00, 0x00, 0x00, 0x00, 0x00, 0x00, 0x00, 0x00, 0x00, 0x00, 0x00, 0x00, 0x00, 0x00, 0x00,
  0x00, 0x00, 0x60, 0x50, 0x00, 0x38, 0x00, 0x00, 0x00, 0x00, 0x00, 0x00, 0x00, 0x00, 0x00, 0x00,
  0x00, 0x00, 0x00, 0x00, 0x00, 0x00, 0x00, 0x00, 0x00, 0x00, 0x00, 0x00, 0x00, 0x00, 0x00, 0x00,
  0x00, 0x00, 0x00, 0x00, 0x00, 0x00, 0x00, 0x00, 0x00, 0x00, 0x00, 0x00, 0x00, 0x00, 0x00, 0x00,
  0x00, 0x00, 0x00, 0x00, 0x00, 0x00, 0x00, 0x00, 0x00, 0x00, 0x00, 0x00, 0x00, 0x00, 0x00, 0x00,
  0x00, 0x00, 0x00, 0x00, 0x00, 0x00, 0x00, 0x78, 0x00, 0x00, 0x00, 0x00, 0x00, 0x00, 0x00, 0x00,
  0x00, 0x00, 0x00, 0x00, 0x00, 0x00, 0x00, 0x00, 0x00, 0x00, 0x00, 0x00, 0x00, 0x00, 0x00, 0x00,
  0x00, 0x00, 0x00, 0x00, 0x00, 0x00, 0x00, 0x00, 0x00, 0x00, 0x00, 0x00, 0x00, 0x00, 0x00, 0x00,
  0x00, 0x00, 0x00, 0x78, 0x00, 0x00, 0x00, 0x00, 0x00, 0x00, 0x00, 0x00, 0x00, 0x00, 0x00, 0x00,
  0x00, 0x00, 0x00, 0x00, 0x00, 0x00, 0x00, 0x00, 0x00, 0x00, 0x00, 0x00, 0x00, 0x00, 0x00, 0x00,
  0x00, 0x00, 0x00, 0x00, 0x00, 0x00, 0x00, 0x00, 0x00, 0x00, 0x00, 0x00, 0x00, 0x00, 0x00, 0x00,
  0x00, 0x00, 0x00, 0x00, 0x00, 0x00, 0x00, 0x00, 0x00, 0x00, 0x00, 0x00, 0x00, 0x00, 0x00, 0x00,
  0x00, 0x00, 0x00, 0x00, 0x00, 0x00, 0x00, 0x00, 0x00, 0x00, 0x00, 0x00, 0x00, 0x00, 0x00, 0x00,
  0x00, 0x00, 0x00, 0x00, 0x00, 0x00, 0x00, 0x00, 0x00, 0x00, 0x00, 0x00, 0x00, 0x00, 0x00, 0x00,
  0x00, 0x00, 0x00, 0x00, 0x00, 0x00, 0x00, 0x00, 0x00, 0x00, 0x00, 0x00, 0x00, 0x00, 0x00, 0x00,
  0x00, 0x00, 0x00, 0x00, 0x00, 0x00, 0x00, 0x00, 0x00, 0x00, 0x00, 0x00, 0x00, 0x00, 0x00, 0x00,
  0x00, 0x00, 0xa0, 0x50, 0x60, 0x50, 0x00, 0x00, 0x00, 0xf8, 0x00, 0x00, 0x00, 0x00, 0x00, 0x00,
  0x00, 0x00, 0x00, 0x00, 0x00, 0x00, 0x00, 0x00, 0x00, 0x00, 0x00, 0x00, 0x00, 0x00, 0x00, 0x00,
  0x00, 0x00, 0x00, 0x00, 0x00, 0x00, 0x00, 0x00, 0x00, 0x00, 0x00, 0x00, 0x00, 0x00, 0x00, 0x00,
  0x00, 0x00, 0x00, 0x00, 0x00, 0x00, 0x00, 0x00, 0x00, 0x00, 0x00, 0x00, 0x00, 0x00, 0x00, 0x00,
  0x00, 0x00, 0x00, 0x00, 0x00, 0x00, 0x00, 0x00, 0x00, 0x00, 0x00, 0x00, 0x00, 0x00, 0x00, 0x00,
  0x00, 0x00, 0x00, 0x00, 0x00, 0x00, 0x00, 0x00, 0x00, 0x00, 0x00, 0x00, 0x00, 0x00, 0x00, 0x00,
  0x00, 0x00, 0x00, 0x00, 0x00, 0x00, 0x00, 0x00, 0x00, 0x00, 0x00, 0x00, 0x00, 0x00, 0x00, 0x00,
  0x00, 0x00, 0x00, 0x00, 0x00, 0x00, 0x00, 0x00, 0x00, 0x00, 0x00, 0x00, 0x00, 0x00, 0x00, 0x00,
  0x00, 0x00, 0x00, 0x00, 0x00, 0x00, 0x00, 0x00, 0x00, 0x00, 0x00, 0x00, 0x00, 0x00, 0x00, 0x00,
  0x00, 0x00, 0x00, 0x00, 0x00, 0x00, 0x00, 0x00, 0x00, 0x00, 0x00, 0x00, 0x00, 0x00, 0x00, 0x00,
  0x00, 0x00, 0x00, 0x00, 0x00, 0x00, 0x00, 0x00, 0x00, 0x00, 0x00, 0x00, 0x00, 0x00, 0x00, 0x00,
  0x00, 0x00, 0x00, 0x00, 0x00, 0x00, 0x00, 0x00, 0x00, 0x00, 0x00, 0x00, 0x00, 0x00, 0x00, 0x00,
  0x00, 0x00, 0x00, 0x00, 0x00, 0x00, 0x00, 0x00, 0x00, 0x00, 0x00, 0x00, 0x00, 0x00, 0x00, 0x00,
  0x00, 0x00, 0x00, 0x00, 0x00, 0x00, 0x00, 0x00, 0x00, 0x00, 0x00, 0x00, 0x00, 0x00, 0x00, 0x00,
  0x00, 0x00, 0x00, 0x00, 0x00, 0x00, 0x00, 0xf8, 0x00, 0x00, 0x00, 0x00, 0x00, 0x00, 0x00, 0x00,
  0x00, 0x00, 0x00, 0x00, 0x00, 0x00, 0x00, 0x00, 0x00, 0x00, 0x00, 0x00, 0x00, 0x60, 0x00, 0x00,
  0x00, 0x00, 0x00, 0x00, 0x00, 0x00, 0x00, 0x00, 0x00, 0x00, 0x00, 0x00, 0x00, 0x00, 0x00, 0x00,
  0x00, 0x00, 0x00, 0x00, 0x00, 0x00, 0x00, 0x00, 0x00, 0x00, 0x00, 0x00, 0x00, 0x00, 0x00, 0x00,
  0x00, 0x00, 0x00, 0x00, 0x00, 0x00, 0x00, 0x00, 0x00, 0x00, 0x00, 0x00, 0x00, 0x00, 0x00, 0x00,
  0x00, 0x00, 0x00, 0x00, 0x00, 0x00, 0x00, 0x00, 0x00, 0x00, 0x00, 0x00, 0x00, 0x00, 0x00, 0x00,
  0x00, 0x00, 0x00, 0x00, 0x00, 0x00, 0x00, 0x00, 0x00, 0x00, 0x00, 0x00, 0x00, 0x00, 0x00, 0x00,
  0x00, 0x00, 0x00, 0x00, 0x00, 0x00, 0x00, 0x00, 0x00, 0x00, 0x00, 0x00, 0x00, 0x00, 0x00, 0x00,
  0x00, 0x00, 0x00, 0x00, 0x00, 0x00, 0x00, 0x00, 0x00, 0x00, 0x00, 0x00, 0x00, 0xf8, 0x00, 0x00,
  0x00, 0x00, 0x00, 0x00, 0x00, 0x00, 0x00, 0x00, 0x00, 0x00, 0x00, 0x00, 0x00, 0x00, 0x00, 0x00,
  0x00, 0x00, 0x00, 0x00, 0x00, 0x00, 0x00, 0x00, 0x00, 0x00, 0x00, 0x00, 0x00, 0x00, 0x00, 0x00,
  0x00, 0x00, 0x00, 0x00, 0x00, 0x00, 0x00, 0x00, 0x00, 0x00, 0x00, 0x00, 0x00, 0x00, 0x00, 0x00,
  0x00, 0x00, 0x00, 0x00, 0x00, 0x00, 0x00, 0x00, 0x00, 0x00, 0x00, 0x00, 0x00, 0x00, 0x00, 0x00,
  0x00, 0x00, 0x00, 0x00, 0x00, 0x00, 0x00, 0x00, 0x00, 0x00, 0x00, 0x00, 0x00, 0x00, 0x00, 0x00,
  0x00, 0x00, 0x00, 0x00, 0x00, 0x00, 0x00, 0x00, 0x00, 0x00, 0x00, 0x00, 0x00, 0x00, 0x00, 0x00,
  0x00, 0x00, 0x00, 0x00, 0x00, 0x00, 0x00, 0x00, 0x00, 0x00, 0x00, 0x00, 0x00, 0x00, 0x00, 0x00,
  0x00, 0x00, 0x00, 0x00, 0x00, 0x00, 0x00, 0x00, 0x00, 0x00, 0x00, 0x00, 0x00, 0x50, 0x00, 0x00,
  0x00, 0x00, 0x00, 0x00, 0x00, 0x00, 0x00, 0x00, 0x00, 0x00, 0x00, 0x00, 0x00, 0x00, 0x00, 0x00,
  0x00, 0x00, 0x00, 0x00, 0x00, 0x00, 0x00, 0x00, 0x00, 0x00, 0x00, 0x00, 0x00, 0x00, 0x00, 0x00,
  0x00, 0x00, 0x00, 0x00, 0x00, 0x00, 0x00, 0x00, 0x00, 0x00, 0x00, 0x00, 0x00, 0x00, 0x00, 0x00,
  0x00, 0x00, 0x00, 0x00, 0x00, 0x00, 0x00, 0x00, 0x00, 0x00, 0x00, 0x00, 0x00, 0x00, 0x00, 0x00,
  0x00, 0x00, 0x00, 0x00, 0x00, 0x00, 0x00, 0x00, 0x00, 0x00, 0x00, 0x00, 0x00, 0x00, 0x00, 0x00,
  0x00, 0x00, 0x00, 0x00, 0x00, 0x00, 0x00, 0x00, 0x00, 0x00, 0x00, 0x00, 0x00, 0x00, 0x00, 0x00,
  0x00, 0x00, 0x00, 0x00, 0x00, 0x00, 0x00, 0x00, 0x00, 0x00, 0x00, 0x00, 0x00, 0x00, 0x00, 0x00,
  0x00, 0x00, 0x00, 0x00, 0x00, 0x00, 0x00, 0x00, 0x00, 0x00, 0x00, 0x00, 0x00, 0x00, 0x00, 0x00,
  0x00, 0x00, 0x00, 0x00, 0x00, 0x00, 0x00, 0x00, 0x00, 0x00, 0x00, 0x00, 0x00, 0x00, 0x00, 0x00,
  0x00, 0x00, 0x00, 0x00, 0x00, 0x00, 0x00, 0x00, 0x00, 0x00, 0x00, 0x00, 0x00, 0x00, 0x00, 0x00,
  0x00, 0x00, 0x00, 0x00, 0x00, 0x00, 0x00, 0x00, 0x00, 0x00, 0x00, 0x00, 0x00, 0x00, 0x00, 0x00,
  0x00, 0x00, 0x00, 0x00, 0x00, 0x00, 0x00, 0x00, 0x00, 0x00, 0x00, 0x00, 0x00, 0x00, 0x00, 0x00,
  0x00, 0x00, 0x00, 0x00, 0x00, 0x00, 0x00, 0x00, 0x00, 0x00, 0x00, 0x00, 0x00, 0x00, 0x00, 0x00,
  0x00, 0x00, 0x00, 0x00, 0x00, 0x00, 0x00, 0x00, 0x00, 0x00, 0x00, 0x00, 0x00, 0x00, 0x00, 0x00,
  0x00, 0x00, 0x00, 0x00, 0x00, 0x00, 0x00, 0x00, 0x00, 0x00, 0x00, 0x00, 0x00, 0x00, 0x00, 0x00,
  0x00, 0x00, 0x00, 0x00, 0x00, 0x00, 0x00, 0x00, 0x00, 0x00, 0x00, 0x00, 0x00, 0x00, 0x00, 0x00,
  0x00, 0x00, 0x00, 0x00, 0x00, 0x00, 0x00, 0x00, 0x00, 0x00, 0x00, 0x00, 0x00, 0x00, 0x00, 0x00,
  0x00, 0x00, 0x00, 0x00, 0x00, 0x00, 0x00, 0x00, 0x00, 0x00, 0x00, 0x00, 0x00, 0x00, 0x00, 0x00,
  0x00, 0x00, 0x00, 0x00, 0x00, 0x00, 0x00, 0x00, 0x00, 0x00, 0x00, 0x00, 0x00, 0x00, 0x00, 0x00,
  0x00, 0x00, 0x00, 0x00, 0x00, 0x00, 0x00, 0x00, 0x00, 0x00, 0x00, 0x00, 0x00, 0x00, 0x00, 0x00,
  0x00, 0x00, 0x00, 0x00, 0x00, 0x00, 0x00, 0x00, 0x00, 0x00, 0x00, 0x00, 0x00, 0x00, 0x00, 0x00,
  0x00, 0x00, 0x00, 0x00, 0x00, 0x00, 0x00, 0x00, 0x00, 0x00, 0x00, 0x00, 0x00, 0x00, 0x00, 0x00,
  0x00, 0x00, 0x00, 0x00, 0x00, 0x00, 0x00, 0x00, 0x00, 0x00, 0x00, 0x00, 0x00, 0x00, 0x00, 0x00,
  0x00, 0x00, 0x00, 0x00, 0x00, 0x00, 0x00, 0x00, 0x00, 0x00, 0x00, 0x00, 0x00, 0x00, 0x00, 0x00,
  0x00, 0x00, 0x00, 0x00, 0x00, 0x00, 0x00, 0x00, 0x00, 0x00, 0x00, 0x00, 0x00, 0x00, 0x00, 0x00,
  0x00, 0x00, 0x00, 0x00, 0x00, 0x00, 0x00, 0x00, 0x00, 0x00, 0x00, 0x00, 0x00, 0x00, 0x00, 0x00,
  0x00, 0x00, 0x00, 0x00, 0x00, 0x00, 0x00, 0x00, 0x00, 0x00, 0x00, 0x00, 0x00, 0x00, 0x00, 0x00,
  0x00, 0x00, 0x00, 0x00, 0x00, 0x00, 0x00, 0x00, 0x00, 0x00, 0x00, 0x00, 0x00, 0x00, 0x00, 0x00,
  0x00, 0x00, 0x00, 0x00, 0x00, 0x00, 0x00, 0x00, 0x00, 0x00, 0x00, 0x00, 0x00, 0x00, 0x00, 0x00,
  0x00, 0x00, 0x00, 0x00, 0x00, 0x00, 0x00, 0x00, 0x00, 0x00, 0x00, 0x00, 0x00, 0x00, 0xe0, 0x39,
  0x80, 0x58, 0x00, 0x60, 0x00, 0x78, 0x00, 0x00, 0x00, 0x00, 0x00, 0x00, 0x00, 0x00, 0x00, 0x00,
  0x00, 0x00, 0x00, 0x00, 0x00, 0x00, 0x00, 0x00, 0x00, 0x00, 0x00, 0x00, 0x00, 0x00, 0x00, 0x00,
  0x00, 0x00, 0x00, 0x00, 0x00, 0x00, 0x00, 0x00, 0x00, 0x00, 0x00, 0x00, 0x00, 0x00, 0x00, 0x00,
  0x00, 0x00, 0x00, 0x00, 0x00, 0x00, 0x00, 0x00, 0x00, 0x00, 0x00, 0x00, 0x00, 0x00, 0x00, 0x00,
  0x00, 0x00, 0x00, 0x00, 0x00, 0x00, 0x00, 0x00, 0x00, 0x00, 0x00, 0x00, 0x00, 0x00, 0x00, 0x00,
  0x00, 0x00, 0x00, 0x00, 0x00, 0x00, 0x00, 0x00, 0x00, 0x00, 0x00, 0x00, 0x00, 0x00, 0x00, 0x00,
  0x00, 0x00, 0x00, 0x00, 0x00, 0x00, 0x00, 0x00, 0x00, 0x00, 0x00, 0x00, 0x00, 0x00, 0x00, 0x00,
  0x00, 0x00, 0x00, 0x00, 0x00, 0x00, 0x00, 0x00, 0x00, 0x00, 0x00, 0x00, 0x00, 0x00, 0x00, 0x00,
  0x00, 0x00, 0x00, 0x00, 0x00, 0x00, 0x00, 0x00, 0x00, 0x00, 0x00, 0x00, 0x00, 0x00, 0x00, 0x00,
  0x00, 0x00, 0x00, 0x00, 0x00, 0x00, 0x00, 0x00, 0x00, 0x00, 0x00, 0x00, 0x00, 0x00, 0x00, 0x00,
  0x00, 0x00, 0x00, 0x00, 0x00, 0x00, 0x00, 0x00, 0x00, 0x00, 0x00, 0x00, 0x00, 0x00, 0x00, 0x00,
  0x00, 0x00, 0x00, 0x00, 0x00, 0x00, 0x00, 0x00, 0x00, 0x00, 0x00, 0x00, 0x00, 0x00, 0x00, 0x00,
  0x00, 0x00, 0x00, 0x00, 0x00, 0x00, 0x00, 0x00, 0x00, 0x00, 0x00, 0x00, 0x00, 0x00, 0x00, 0x00,
  0x00, 0x00, 0x00, 0x00, 0x00, 0x00, 0x00, 0x00, 0x00, 0x00, 0x00, 0x00, 0x00, 0x00, 0x00, 0x00,
  0x00, 0x00, 0x00, 0x00, 0x00, 0x00, 0x00, 0x00, 0x00, 0x00, 0x00, 0x00, 0x00, 0x00, 0x00, 0x00,
  0x00, 0x00, 0x00, 0x00, 0x00, 0x00, 0x00, 0x00, 0x00, 0x00, 0x00, 0x00, 0x00, 0x00, 0x00, 0x00,
  0x00, 0x00, 0x00, 0x00, 0x00, 0x00, 0x00, 0x00, 0x00, 0x00, 0x00, 0x00, 0x00, 0x00, 0x00, 0x00,
  0x00, 0x00, 0x00, 0x00, 0x00, 0x00, 0x00, 0x00, 0x00, 0x00, 0x00, 0x00, 0x00, 0x00, 0x00, 0x00,
  0x00, 0x00, 0x00, 0x00, 0x00, 0x00, 0x00, 0x00, 0x00, 0x00, 0x00, 0x00, 0x00, 0x00, 0x00, 0x00,
  0x00, 0x00, 0x00, 0x00, 0x00, 0x00, 0x00, 0x00, 0x00, 0x00, 0x00, 0x00, 0x00, 0x00, 0x00, 0x00,
  0x00, 0x00, 0x00, 0x00, 0x00, 0x00, 0x00, 0x00, 0x00, 0x00, 0x00, 0x00, 0x00, 0x00, 0x00, 0x00,
  0x00, 0x00, 0x00, 0x00, 0x00, 0x00, 0x00, 0x00, 0x00, 0x00, 0x00, 0x00, 0x00, 0x00, 0x00, 0x00,
  0x00, 0x00, 0x00, 0x00, 0x00, 0x00, 0x00, 0x00, 0x00, 0x00, 0x00, 0x00, 0x00, 0x00, 0x00, 0x00,
  0x00, 0x00, 0x00, 0x00, 0x00, 0x00, 0x00, 0x00, 0x00, 0x00, 0x00, 0x00, 0x00, 0x00, 0x00, 0x00,
  0x00, 0x00, 0x00, 0x00, 0x00, 0x00, 0x00, 0x00, 0x00, 0x00, 0x00, 0x00, 0x00, 0x00, 0x00, 0x00,
  0x00, 0x00, 0x00, 0x00, 0x00, 0x00, 0x00, 0x00, 0x00, 0x00, 0x00, 0x00, 0x00, 0x00, 0x00, 0x00,
  0x00, 0x00, 0x00, 0x00, 0x00, 0x00, 0x00, 0x00, 0x00, 0x00, 0x00, 0x00, 0x00, 0x00, 0x00, 0x00,
  0x00, 0x00, 0x00, 0x00, 0x00, 0x00, 0x00, 0x00, 0x00, 0x00, 0x00, 0x00, 0x00, 0x00, 0x00, 0x00,
  0x00, 0x00, 0x00, 0x00, 0x00, 0x00, 0x00, 0x00, 0x00, 0x00, 0x00, 0x00, 0x00, 0x00, 0x00, 0x00,
  0x00, 0x00, 0x00, 0x00, 0x00, 0x00, 0x00, 0x00, 0x00, 0x00, 0x00, 0x00, 0x00, 0x00, 0x00, 0x00,
  0x00, 0x00, 0x00, 0x00, 0x00, 0x00, 0x00, 0x00, 0x20, 0x49, 0xa0, 0x50, 0xe0, 0x58, 0x00, 0x00,
  0x00, 0x00, 0x00, 0x00, 0x00, 0x00, 0x00, 0x00, 0x00, 0x00, 0x00, 0x00, 0x00, 0x00, 0x00, 0x00,
  0x00, 0x00, 0x00, 0x00, 0x00, 0x00, 0x00, 0x00, 0x00, 0x00, 0x00, 0x00, 0x00, 0x00, 0x00, 0x00,
  0x00, 0x00, 0x00, 0x00, 0x00, 0x00, 0x00, 0x00, 0x00, 0x00, 0x00, 0x00, 0x00, 0x00, 0x00, 0x00,
  0x00, 0x00, 0x00, 0x00, 0x00, 0x00, 0x00, 0x00, 0x00, 0x00, 0x00, 0x00, 0x00, 0x00, 0x00, 0x00,
  0x00, 0x00, 0x00, 0x00, 0x00, 0x00, 0x00, 0x00, 0x00, 0x00, 0x00, 0x00, 0x00, 0x00, 0x00, 0x00,
  0x00, 0x00, 0x00, 0x00, 0x00, 0x00, 0x00, 0x00, 0x00, 0x00, 0x00, 0x00, 0x00, 0x00, 0x00, 0x00,
  0x00, 0x00, 0x00, 0x00, 0x00, 0x00, 0x00, 0x00, 0x00, 0x00, 0x00, 0x00, 0x00, 0x00, 0x00, 0x00,
  0x00, 0x00, 0x00, 0x00, 0x00, 0x00, 0x00, 0x00, 0x00, 0x00, 0x00, 0x00, 0x00, 0x00, 0x00, 0x00,
  0x00, 0x00, 0x00, 0x00, 0x00, 0x00, 0x00, 0x00, 0x00, 0x00, 0x00, 0x00, 0x00, 0x00, 0x00, 0x00,
  0x00, 0x00, 0x00, 0x00, 0x00, 0x00, 0x00, 0x00, 0x00, 0x00, 0x00, 0x00, 0x00, 0x00, 0x00, 0x00,
  0x00, 0x00, 0x00, 0x00, 0x00, 0x00, 0x00, 0x00, 0x00, 0x00, 0x00, 0x00, 0x00, 0x00, 0x00, 0x00,
  0x00, 0x00, 0x00, 0x00, 0x00, 0x00, 0x00, 0x00, 0x00, 0x00, 0x00, 0x00, 0x00, 0x00, 0x00, 0x00,
  0x00, 0x00, 0x00, 0x00, 0x00, 0x00, 0x00, 0x00, 0x00, 0x00, 0x00, 0x00, 0x00, 0x00, 0x00, 0x00,
  0x00, 0x00, 0x00, 0x00, 0x00, 0x00, 0x00, 0x00, 0x00, 0x00, 0x00, 0x00, 0x00, 0x00, 0x00, 0x00,
  0x00, 0x00, 0x00, 0x00, 0x00, 0x00, 0x00, 0x00, 0x00, 0x00, 0x00, 0x00, 0x00, 0x00, 0x00, 0x00,
  0x00, 0x00, 0x00, 0x00, 0x00, 0x00, 0x00, 0x00, 0x00, 0x00, 0x00, 0x00, 0x00, 0x00, 0x00, 0x00,
  0x00, 0x00, 0x00, 0x00, 0x00, 0x00, 0x00, 0x00, 0x00, 0x00, 0x00, 0x00, 0x00, 0x00, 0x00, 0x00,
  0x00, 0x00, 0x00, 0x00, 0x00, 0x00, 0x00, 0x00, 0x00, 0x00, 0x00, 0x00, 0x00, 0x00, 0x00, 0x00,
  0x00, 0x00, 0x00, 0x00, 0x00, 0x00, 0x00, 0x00, 0x00, 0x00, 0x00, 0x00, 0x00, 0x00, 0x00, 0x00,
  0x00, 0x00, 0x00, 0x00, 0x00, 0x00, 0x00, 0x00, 0x00, 0x00, 0x00, 0x00, 0x00, 0x00, 0x00, 0x00,
  0x00, 0x00, 0x00, 0x00, 0x00, 0x00, 0x00, 0x00, 0x00, 0x00, 0x00, 0x00, 0x00, 0x00, 0x00, 0x00,
  0x00, 0x00, 0x00, 0x00, 0x00, 0x00, 0x00, 0x00, 0x00, 0x00, 0x00, 0x00, 0x00, 0x00, 0x00, 0x00,
  0x00, 0x00, 0x00, 0x00, 0x00, 0x00, 0x00, 0x00, 0x00, 0x00, 0x00, 0x00, 0x00, 0x00, 0x00, 0x00,
  0x00, 0x00, 0x00, 0x00, 0x00, 0x00, 0x00, 0x00, 0x00, 0x00, 0x00, 0x00, 0x00, 0x00, 0x00, 0x00,
  0x00, 0x00, 0x00, 0x00, 0x00, 0x00, 0x00, 0x00, 0x00, 0x00, 0x00, 0x00, 0x00, 0x00, 0x00, 0x00,
  0x00, 0x00, 0x00, 0x00, 0x00, 0x00, 0x00, 0x00, 0x00, 0x00, 0x00, 0x00, 0x00, 0x00, 0x00, 0x00,
  0x00, 0x00, 0x00, 0x00, 0x00, 0x00, 0x00, 0x00, 0x00, 0x00, 0x00, 0x00, 0x00, 0x00, 0x00, 0x00,
  0x00, 0x00, 0x00, 0x00, 0x00, 0x00, 0x00, 0x00, 0x00, 0x00, 0x00, 0x00, 0x00, 0x00, 0x00, 0x00,
  0x00, 0x00, 0x00, 0x00, 0x00, 0x00, 0x00, 0x00, 0x00, 0x00, 0x00, 0x00, 0x00, 0x00, 0x00, 0x00,
  0x00, 0x00, 0x00, 0x00, 0x00, 0x00, 0x00, 0x00, 0x00, 0x00, 0x00, 0x00, 0x00, 0x00, 0x00, 0x00,
  0x00, 0x00, 0x00, 0x00, 0x80, 0x48, 0x80, 0x50, 0x00, 0x38, 0x00, 0x00, 0x00, 0x00, 0x00, 0x00,
  0x00, 0x00, 0x00, 0x00, 0x00, 0x00, 0x00, 0x00, 0x00, 0x00, 0x00, 0x00, 0x00, 0x00, 0x00, 0x00,
  0x00, 0x00, 0x00, 0x00, 0x00, 0x00, 0x00, 0x00, 0x00, 0x00, 0x00, 0x00, 0x00, 0x00, 0x00, 0x00,
  0x00, 0x00, 0x00, 0x00, 0x00, 0x00, 0x00, 0x00, 0x00, 0x00, 0x00, 0x00, 0x00, 0x00, 0x00, 0x00,
  0x00, 0x00, 0x00, 0x00, 0x00, 0x00, 0x00, 0x00, 0x00, 0x00, 0x00, 0x00, 0x00, 0x00, 0x00, 0x00,
  0x00, 0x00, 0x00, 0x00, 0x00, 0x00, 0x00, 0x00, 0x00, 0x00, 0x00, 0x00, 0x00, 0x00, 0x00, 0x00,
  0x00, 0x00, 0x00, 0x00, 0x00, 0x00, 0x00, 0x00, 0x00, 0x00, 0x00, 0x00, 0x00, 0x00, 0x00, 0x00,
  0x00, 0x00, 0x00, 0x00, 0x00, 0x00, 0x00, 0x00, 0x00, 0x00, 0x00, 0x00, 0x00, 0x00, 0x00, 0x00,
  0x00, 0x00, 0x00, 0x00, 0x00, 0x00, 0x00, 0x00, 0x00, 0x00, 0x00, 0x00, 0x00, 0x00, 0x00, 0x00,
  0x00, 0x00, 0x00, 0x00, 0x00, 0x00, 0x00, 0x00, 0x00, 0x00, 0x00, 0x00, 0x00, 0x00, 0x00, 0x00,
  0x00, 0x00, 0x00, 0x00, 0x00, 0x00, 0x00, 0x00, 0x00, 0x00, 0x00, 0x00, 0x00, 0x00, 0x00, 0x00,
  0x00, 0x00, 0x00, 0x00, 0x00, 0x00, 0x00, 0x00, 0x00, 0x00, 0x00, 0x00, 0x00, 0x00, 0x00, 0x00,
  0x00, 0x00, 0x00, 0x00, 0x00, 0x00, 0x00, 0x00, 0x00, 0x00, 0x00, 0x00, 0x00, 0x00, 0x00, 0x00,
  0x00, 0x00, 0x00, 0x00, 0x00, 0x00, 0x00, 0x00, 0x00, 0x00, 0x00, 0x00, 0x00, 0x00, 0x00, 0x00,
  0x00, 0x00, 0x00, 0x00, 0x00, 0x00, 0x00, 0x00, 0x00, 0x00, 0x00, 0x00, 0x00, 0x00, 0x00, 0x00,
  0x00, 0x00, 0x00, 0x00, 0x00, 0x00, 0x00, 0x00, 0x00, 0x00, 0x00, 0x00, 0x00, 0x00, 0x00, 0x00,
  0x00, 0x00, 0x00, 0x00, 0x00, 0x00, 0x00, 0x00, 0x00, 0x00, 0x00, 0x00, 0x00, 0x00, 0x00, 0x00,
  0x00, 0x00, 0x00, 0x00, 0x00, 0x00, 0x00, 0x00, 0x00, 0x00, 0x00, 0x00, 0x00, 0x00, 0x00, 0x00,
  0x00, 0x00, 0x00, 0x00, 0x00, 0x00, 0x00, 0x00, 0x00, 0x00, 0x00, 0x00, 0x00, 0x00, 0x00, 0x00,
  0x00, 0x00, 0x00, 0x00, 0x00, 0x00, 0x00, 0x00, 0x00, 0x00, 0x00, 0x00, 0x00, 0x00, 0x00, 0x00,
  0x00, 0x00, 0x00, 0x00, 0x00, 0x00, 0x00, 0x00, 0x00, 0x00, 0x00, 0x00, 0x00, 0x00, 0x00, 0x00,
  0x00, 0x00, 0x00, 0x00, 0x00, 0x00, 0x00, 0x00, 0x00, 0x00, 0x00, 0x00, 0x00, 0x00, 0x00, 0x00,
  0x00, 0x00, 0x00, 0x00, 0x00, 0x00, 0x00, 0x00, 0x00, 0x00, 0x00, 0x00, 0x00, 0x00, 0x00, 0x00,
  0x00, 0x00, 0x00, 0x00, 0x00, 0x00, 0x00, 0x00, 0x00, 0x00, 0x00, 0x00, 0x00, 0x00, 0x00, 0x00,
  0x00, 0x00, 0x00, 0x00, 0x00, 0x00, 0x00, 0x00, 0x00, 0x00, 0x00, 0x00, 0x00, 0x00, 0x00, 0x00,
  0x00, 0x00, 0x00, 0x00, 0x00, 0x00, 0x00, 0x00, 0x00, 0x00, 0x00, 0x00, 0x00, 0x00, 0x00, 0x00,
  0x00, 0x00, 0x00, 0x00, 0x00, 0x00, 0x00, 0x00, 0x00, 0x00, 0x00, 0x00, 0x00, 0x00, 0x00, 0x00,
  0x00, 0x00, 0x00, 0x00, 0x00, 0x00, 0x00, 0x00, 0x00, 0x00, 0x00, 0x00, 0x00, 0x00, 0x00, 0x00,
  0x00, 0x00, 0x00, 0x00, 0x00, 0x00, 0x00, 0x00, 0x00, 0x00, 0x00, 0x00, 0x00, 0x00, 0x00, 0x00,
  0x00, 0x00, 0x00, 0x00, 0x00, 0x00, 0x00, 0x00, 0x00, 0x00, 0x00, 0x00, 0x00, 0x00, 0x00, 0x00,
  0x00, 0x00, 0x00, 0x00, 0x00, 0x00, 0x00, 0x00, 0x00, 0x00, 0x00, 0x00, 0x00, 0x00, 0x00, 0x00,
  0xa0, 0x58, 0xa0, 0x58, 0x80, 0x50, 0x00, 0x00, 0xe0, 0x39, 0x00, 0x00, 0x00, 0x00, 0x00, 0x00,
  0x00, 0x00, 0x00, 0x00, 0x00, 0x00, 0x00, 0x00, 0x00, 0x00, 0x00, 0x00, 0x00, 0x00, 0x00, 0x00,
  0x00, 0x00, 0x00, 0x00, 0x00, 0x00, 0x00, 0x00, 0x00, 0x00, 0x00, 0x00, 0x00, 0x00, 0x00, 0x00,
  0x00, 0x00, 0x00, 0x00, 0x00, 0x00, 0x00, 0x00, 0x00, 0x00, 0x00, 0x00, 0x00, 0x00, 0x00, 0x00,
  0x00, 0x00, 0x00, 0x00, 0x00, 0x00, 0x00, 0x00, 0x00, 0x00, 0x00, 0x00, 0x00, 0x00, 0x00, 0x00,
  0x00, 0x00, 0x00, 0x00, 0x00, 0x00, 0x00, 0x00, 0x00, 0x00, 0x00, 0x00, 0x00, 0x00, 0x00, 0x00,
  0x00, 0x00, 0x00, 0x00, 0x00, 0x00, 0x00, 0x00, 0x00, 0x00, 0x00, 0x00, 0x00, 0x00, 0x00, 0x00,
  0x00, 0x00, 0x00, 0x00, 0x00, 0x00, 0x00, 0x00, 0x00, 0x00, 0x00, 0x00, 0x00, 0x00, 0x00, 0x00,
  0x00, 0x00, 0x00, 0x00, 0x00, 0x00, 0x00, 0x00, 0x00, 0x00, 0x00, 0x00, 0x00, 0x00, 0x00, 0x00,
  0x00, 0x00, 0x00, 0x00, 0x00, 0x00, 0x00, 0x00, 0x00, 0x00, 0x00, 0x00, 0x00, 0x00, 0x00, 0x00,
  0x00, 0x00, 0x00, 0x00, 0x00, 0x00, 0x00, 0x00, 0x00, 0x00, 0x00, 0x00, 0x00, 0x00, 0x00, 0x00,
  0x00, 0x00, 0x00, 0x00, 0x00, 0x00, 0x00, 0x00, 0x00, 0x00, 0x00, 0x00, 0x00, 0x00, 0x00, 0x00,
  0x00, 0x00, 0x00, 0x00, 0x00, 0x00, 0x00, 0x00, 0x00, 0x00, 0x00, 0x00, 0x00, 0x00, 0x00, 0x00,
  0x00, 0x00, 0x00, 0x00, 0x00, 0x00, 0x00, 0x00, 0x00, 0x00, 0x00, 0x00, 0x00, 0x00, 0x00, 0x00,
  0x00, 0x00, 0x00, 0x00, 0x00, 0x00, 0x00, 0x00, 0x00, 0x00, 0x00, 0x00, 0x00, 0x00, 0x00, 0x00,
  0x00, 0x00, 0x00, 0x00, 0x00, 0x00, 0x00, 0x00, 0x00, 0x00, 0x00, 0x00, 0x00, 0x00, 0x00, 0x00,
  0x00, 0x00, 0x00, 0x00, 0x00, 0x00, 0x00, 0x00, 0x00, 0x00, 0x00, 0x00, 0x00, 0x00, 0x00, 0x00,
  0x00, 0x00, 0x00, 0x00, 0x00, 0x00, 0x00, 0x00, 0x00, 0x00, 0x00, 0x00, 0x00, 0x00, 0x00, 0x00,
  0x00, 0x00, 0x00, 0x00, 0x00, 0x00, 0x00, 0x00, 0x00, 0x00, 0x00, 0x00, 0x00, 0x00, 0x00, 0x00,
  0x00, 0x00, 0x00, 0x00, 0x00, 0x00, 0x00, 0x00, 0x00, 0x00, 0x00, 0x00, 0x00, 0x00, 0x00, 0x00,
  0x00, 0x00, 0x00, 0x00, 0x00, 0x00, 0x00, 0x00, 0x00, 0x00, 0x00, 0x00, 0x00, 0x00, 0x00, 0x00,
  0x00, 0x00, 0x00, 0x00, 0x00, 0x00, 0x00, 0x00, 0x00, 0x00, 0x00, 0x00, 0x00, 0x00, 0x00, 0x00,
  0x00, 0x00, 0x00, 0x00, 0x00, 0x00, 0x00, 0x00, 0x00, 0x00, 0x00, 0x00, 0x00, 0x00, 0x00, 0x00,
  0x00, 0x00, 0x00, 0x00, 0x00, 0x00, 0x00, 0x00, 0x00, 0x00, 0x00, 0x00, 0x00, 0x00, 0x00, 0x00,
  0x00, 0x00, 0x00, 0x00, 0x00, 0x00, 0x00, 0x00, 0x00, 0x00, 0x00, 0x00, 0x00, 0x00, 0x00, 0x00,
  0x00, 0x00, 0x00, 0x00, 0x00, 0x00, 0x00, 0x00, 0x00, 0x00, 0x00, 0x00, 0x00, 0x00, 0x00, 0x00,
  0x00, 0x00, 0x00, 0x00, 0x00, 0x00, 0x00, 0x00, 0x00, 0x00, 0x00, 0x00, 0x00, 0x00, 0x00, 0x00,
  0x00, 0x00, 0x00, 0x00, 0x00, 0x00, 0x00, 0x00, 0x00, 0x00, 0x00, 0x00, 0x00, 0x00, 0x00, 0x00,
  0x00, 0x00, 0x00, 0x00, 0x00, 0x00, 0x00, 0x00, 0x00, 0x00, 0x00, 0x00, 0x00, 0x00, 0x00, 0x00,
  0x00, 0x00, 0x00, 0x00, 0x00, 0x00, 0x00, 0x00, 0x00, 0x00, 0x00, 0x00, 0x00, 0x00, 0x00, 0x00,
  0x00, 0x00, 0x00, 0x00, 0x00, 0x00, 0x00, 0x00, 0x00, 0x00, 0xa0, 0x58, 0xc0, 0x60, 0xa0, 0x60,
  0x00, 0x00, 0x00, 0x00, 0x00, 0x00, 0x00, 0x00, 0x00, 0x00, 0x00, 0x00, 0x00, 0x00, 0x00, 0x00,
  0x00, 0x00, 0x00, 0x00, 0x00, 0x00, 0x00, 0x00, 0x00, 0x00, 0x00, 0x00, 0x00, 0x00, 0x00, 0x00,
  0x00, 0x00, 0x00, 0x00, 0x00, 0x00, 0x00, 0x00, 0x00, 0x00, 0x00, 0x00, 0x00, 0x00, 0x00, 0x00,
  0x00, 0x00, 0x00, 0x00, 0x00, 0x00, 0x00, 0x00, 0x00, 0x00, 0x00, 0x00, 0x00, 0x00, 0x00, 0x00,
  0x00, 0x00, 0x00, 0x00, 0x00, 0x00, 0x00, 0x00, 0x00, 0x00, 0x00, 0x00, 0x00, 0x00, 0x00, 0x00,
  0x00, 0x00, 0x00, 0x00, 0x00, 0x00, 0x00, 0x00, 0x00, 0x00, 0x00, 0x00, 0x00, 0x00, 0x00, 0x00,
  0x00, 0x00, 0x00, 0x00, 0x00, 0x00, 0x00, 0x00, 0x00, 0x00, 0x00, 0x00, 0x00, 0x00, 0x00, 0x00,
  0x00, 0x00, 0x00, 0x00, 0x00, 0x00, 0x00, 0x00, 0x00, 0x00, 0x00, 0x00, 0x00, 0x00, 0x00, 0x00,
  0x00, 0x00, 0x00, 0x00, 0x00, 0x00, 0x00, 0x00, 0x00, 0x00, 0x00, 0x00, 0x00, 0x00, 0x00, 0x00,
  0x00, 0x00, 0x00, 0x00, 0x00, 0x00, 0x00, 0x00, 0x00, 0x00, 0x00, 0x00, 0x00, 0x00, 0x00, 0x00,
  0x00, 0x00, 0x00, 0x00, 0x00, 0x00, 0x00, 0x00, 0x00, 0x00, 0x00, 0x00, 0x00, 0x00, 0x00, 0x00,
  0x00, 0x00, 0x00, 0x00, 0x00, 0x00, 0x00, 0x00, 0x00, 0x00, 0x00, 0x00, 0x00, 0x00, 0x00, 0x00,
  0x00, 0x00, 0x00, 0x00, 0x00, 0x00, 0x00, 0x00, 0x00, 0x00, 0x00, 0x00, 0x00, 0x00, 0x00, 0x00,
  0x00, 0x00, 0x00, 0x00, 0x00, 0x00, 0x00, 0x00, 0x00, 0x00, 0x00, 0x00, 0x00, 0x00, 0x00, 0x00,
  0x00, 0x00, 0x00, 0x00, 0x00, 0x00, 0x00, 0x00, 0x00, 0x00, 0x00, 0x00, 0x00, 0x00, 0x00, 0x00,
  0x00, 0x00, 0x00, 0x00, 0x00, 0x00, 0x00, 0x02, 0x0e, 0x02, 0x00, 0x00, 0x00, 0x00, 0x00, 0x00,
  0x00, 0x00, 0x00, 0x00, 0x00, 0x00, 0x00, 0x00, 0x00, 0x00, 0x00, 0x00, 0x00, 0x00, 0x00, 0x00,
  0x00, 0x00, 0x00, 0x00, 0x00, 0x00, 0x00, 0x00, 0x00, 0x00, 0x00, 0x00, 0x00, 0x00, 0x00, 0x00,
  0x00, 0x00, 0x00, 0x00, 0x00, 0x00, 0x00, 0x00, 0x00, 0x00, 0x00, 0x00, 0x00, 0x00, 0x00, 0x00,
  0x00, 0x00, 0x00, 0x00, 0x00, 0x00, 0x00, 0x00, 0x00, 0x00, 0x00, 0x00, 0x00, 0x00, 0x00, 0x00,
  0x00, 0x00, 0x00, 0x00, 0x00, 0x00, 0x00, 0x00, 0x00, 0x00, 0x00, 0x00, 0x00, 0x00, 0x00, 0x00,
  0x00, 0x00, 0x00, 0x00, 0x00, 0x00, 0x00, 0x00, 0x00, 0x00, 0x00, 0x00, 0x00, 0x00, 0x00, 0x00,
  0x00, 0x00, 0x00, 0x00, 0x00, 0x00, 0x00, 0x00, 0x00, 0x00, 0x00, 0x00, 0x00, 0x00, 0x00, 0x00,
  0x00, 0x00, 0x00, 0x00, 0x00, 0x00, 0x00, 0x00, 0x00, 0x00, 0x00, 0x00, 0x00, 0x00, 0x00, 0x00,
  0x00, 0x00, 0x00, 0x00, 0x00, 0x00, 0x00, 0x00, 0x00, 0x00, 0x00, 0x00, 0x00, 0x00, 0x00, 0x00,
  0x00, 0x00, 0x00, 0x00, 0x00, 0x00, 0x00, 0x00, 0x00, 0x00, 0x00, 0x00, 0x00, 0x00, 0x00, 0x00,
  0x00, 0x00, 0x00, 0x00, 0x00, 0x00, 0x00, 0x00, 0x00, 0x00, 0x00, 0x00, 0x00, 0x00, 0x00, 0x00,
  0x00, 0x00, 0x00, 0x00, 0x00, 0x00, 0x00, 0x00, 0x00, 0x00, 0x00, 0x00, 0x00, 0x00, 0x00, 0x00,
  0x00, 0x00, 0x00, 0x00, 0x00, 0x00, 0x00, 0x00, 0x00, 0x00, 0x00, 0x00, 0x00, 0x00, 0x00, 0x00,
  0x00, 0x00, 0x00, 0x00, 0x00, 0x00, 0x00, 0x00, 0x00, 0x00, 0x00, 0x00, 0x00, 0x00, 0x00, 0x00,
  0x00, 0x00, 0x00, 0x00, 0x00, 0x00, 0x00, 0x00, 0x00, 0x00, 0x03, 0x02, 0x41, 0x6f, 0x36, 0x01,
  0x00, 0x00, 0x00, 0x00, 0x00, 0x00, 0x00, 0x00, 0x00, 0x00, 0x00, 0x00, 0x00, 0x00, 0x00, 0x00,
  0x00, 0x00, 0x00, 0x00, 0x00, 0x00, 0x00, 0x00, 0x00, 0x00, 0x00, 0x00, 0x00, 0x00, 0x00, 0x00,
  0x00, 0x00, 0x00, 0x00, 0x00, 0x00, 0x00, 0x00, 0x00, 0x00, 0x00, 0x00, 0x00, 0x00, 0x00, 0x00,
  0x00, 0x00, 0x00, 0x00, 0x00, 0x00, 0x00, 0x00, 0x00, 0x00, 0x00, 0x00, 0x00, 0x00, 0x00, 0x00,
  0x00, 0x00, 0x00, 0x00, 0x00, 0x00, 0x00, 0x00, 0x00, 0x00, 0x00, 0x00, 0x00, 0x00, 0x00, 0x00,
  0x00, 0x00, 0x00, 0x00, 0x00, 0x00, 0x00, 0x00, 0x00, 0x00, 0x00, 0x00, 0x00, 0x00, 0x00, 0x00,
  0x00, 0x00, 0x00, 0x00, 0x00, 0x00, 0x00, 0x00, 0x00, 0x00, 0x00, 0x00, 0x00, 0x00, 0x00, 0x00,
  0x00, 0x00, 0x00, 0x00, 0x00, 0x00, 0x00, 0x00, 0x00, 0x00, 0x00, 0x00, 0x00, 0x00, 0x00, 0x00,
  0x00, 0x00, 0x00, 0x00, 0x00, 0x00, 0x00, 0x00, 0x00, 0x00, 0x00, 0x00, 0x00, 0x00, 0x00, 0x00,
  0x00, 0x00, 0x00, 0x00, 0x00, 0x00, 0x00, 0x00, 0x00, 0x00, 0x00, 0x00, 0x00, 0x00, 0x00, 0x00,
  0x00, 0x00, 0x00, 0x00, 0x00, 0x00, 0x00, 0x00, 0x00, 0x00, 0x00, 0x00, 0x00, 0x00, 0x00, 0x00,
  0x00, 0x00, 0x00, 0x00, 0x00, 0x00, 0x00, 0x00, 0x00, 0x00, 0x00, 0x00, 0x00, 0x00, 0x00, 0x00,
  0x00, 0x00, 0x00, 0x00, 0x00, 0x00, 0x00, 0x00, 0x00, 0x00, 0x00, 0x00, 0x00, 0x00, 0x00, 0x00,
  0x00, 0x00, 0x00, 0x00, 0x00, 0x00, 0x00, 0x00, 0x00, 0x00, 0x00, 0x00, 0x00, 0x00, 0x00, 0x00,
  0x00, 0x00, 0x00, 0x00, 0x00, 0x00, 0x00, 0x00, 0x00, 0x00, 0x00, 0x00, 0x00, 0x00, 0x01, 0x01,
  0x14, 0x82, 0x8e, 0x42, 0x01, 0x00, 0x00, 0x00, 0x00, 0x00, 0x00, 0x00, 0x00, 0x00, 0x00, 0x00,
  0x00, 0x00, 0x00, 0x00, 0x00, 0x00, 0x00, 0x00, 0x00, 0x00, 0x00, 0x00, 0x00, 0x00, 0x00, 0x00,
  0x00, 0x00, 0x00, 0x00, 0x00, 0x00, 0x00, 0x00, 0x00, 0x00, 0x00, 0x00, 0x00, 0x00, 0x00, 0x00,
  0x00, 0x00, 0x00, 0x00, 0x00, 0x00, 0x00, 0x00, 0x00, 0x00, 0x00, 0x00, 0x00, 0x00, 0x00, 0x00,
  0x00, 0x00, 0x00, 0x00, 0x00, 0x00, 0x00, 0x00, 0x00, 0x00, 0x00, 0x00, 0x00, 0x00, 0x00, 0x00,
  0x00, 0x00, 0x00, 0x00, 0x00, 0x00, 0x00, 0x00, 0x00, 0x00, 0x00, 0x00, 0x00, 0x00, 0x00, 0x00,
  0x00, 0x00, 0x00, 0x00, 0x00, 0x00, 0x00, 0x00, 0x00, 0x00, 0x00, 0x00, 0x00, 0x00, 0x00, 0x00,
  0x00, 0x00, 0x00, 0x00, 0x00, 0x00, 0x00, 0x00, 0x00, 0x00, 0x00, 0x00, 0x00, 0x00, 0x00, 0x00,
  0x00, 0x00, 0x00, 0x00, 0x00, 0x00, 0x00, 0x00, 0x00, 0x00, 0x00, 0x00, 0x00, 0x00, 0x00, 0x00,
  0x00, 0x00, 0x00, 0x00, 0x00, 0x00, 0x00, 0x00, 0x00, 0x00, 0x00, 0x00, 0x00, 0x00, 0x00, 0x00,
  0x00, 0x00, 0x00, 0x00, 0x00, 0x00, 0x00, 0x00, 0x00, 0x00, 0x00, 0x00, 0x00, 0x00, 0x00, 0x00,
  0x00, 0x00, 0x00, 0x00, 0x00, 0x00, 0x00, 0x00, 0x00, 0x00, 0x00, 0x00, 0x00, 0x00, 0x00, 0x00,
  0x00, 0x00, 0x00, 0x00, 0x00, 0x00, 0x00, 0x00, 0x00, 0x00, 0x00, 0x00, 0x00, 0x00, 0x00, 0x00,
  0x00, 0x00, 0x00, 0x00, 0x00, 0x00, 0x00, 0x00, 0x00, 0x00, 0x00, 0x00, 0x00, 0x00, 0x00, 0x00,
  0x00, 0x00, 0x00, 0x00, 0x00, 0x00, 0x00, 0x00, 0x00, 0x00, 0x00, 0x00, 0x00, 0x00, 0x00, 0x00,
  0x00, 0x00, 0x00, 0x00, 0x02, 0x03, 0x31, 0x50, 0x19, 0x00, 0x00, 0x00, 0x00, 0x00, 0x00, 0x00,
  0x00, 0x00, 0x00, 0x00, 0x00, 0x00, 0x00, 0x00, 0x00, 0x00, 0x00, 0x00, 0x00, 0x00, 0x00, 0x00,
  0x00, 0x00, 0x00, 0x00, 0x00, 0x00, 0x00, 0x00, 0x00, 0x00, 0x00, 0x00, 0x00, 0x00, 0x00, 0x00,
  0x00, 0x00, 0x00, 0x00, 0x00, 0x00, 0x00, 0x00, 0x00, 0x00, 0x00, 0x00, 0x00, 0x00, 0x00, 0x00,
  0x00, 0x00, 0x00, 0x00, 0x00, 0x00, 0x00, 0x00, 0x00, 0x00, 0x00, 0x00, 0x00, 0x00, 0x00, 0x00,
  0x00, 0x00, 0x00, 0x00, 0x00, 0x00, 0x00, 0x00, 0x00, 0x00, 0x00, 0x00, 0x00, 0x00, 0x00, 0x00,
  0x00, 0x00, 0x00, 0x00, 0x00, 0x00, 0x00, 0x00, 0x00, 0x00, 0x00, 0x00, 0x00, 0x00, 0x00, 0x00,
  0x00, 0x00, 0x00, 0x00, 0x00, 0x00, 0x00, 0x00, 0x00, 0x00, 0x00, 0x00, 0x00, 0x00, 0x00, 0x00,
  0x00, 0x00, 0x00, 0x00, 0x00, 0x00, 0x00, 0x00, 0x00, 0x00, 0x00, 0x00, 0x00, 0x00, 0x00, 0x00,
  0x00, 0x00, 0x00, 0x00, 0x00, 0x00, 0x00, 0x00, 0x00, 0x00, 0x00, 0x00, 0x00, 0x00, 0x00, 0x00,
  0x00, 0x00, 0x00, 0x00, 0x00, 0x00, 0x00, 0x00, 0x00, 0x00, 0x00, 0x00, 0x00, 0x00, 0x00, 0x00,
  0x00, 0x00, 0x00, 0x00, 0x00, 0x00, 0x00, 0x00, 0x00, 0x00, 0x00, 0x00, 0x00, 0x00, 0x00, 0x00,
  0x00, 0x00, 0x00, 0x00, 0x00, 0x00, 0x00, 0x00, 0x00, 0x00, 0x00, 0x00, 0x00, 0x00, 0x00, 0x00,
  0x00, 0x00, 0x00, 0x00, 0x00, 0x00, 0x00, 0x00, 0x00, 0x00, 0x00, 0x00, 0x00, 0x00, 0x00, 0x00,
  0x00, 0x00, 0x00, 0x00, 0x00, 0x00, 0x00, 0x00, 0x00, 0x00, 0x00, 0x01, 0x00, 0x00, 0x00, 0x00,
  0x00, 0x00, 0x00, 0x00, 0x00, 0x00, 0x00, 0x00, 0x00, 0x01, 0x00, 0x00, 0x00, 0x00, 0x00, 0x00,
  0x00, 0x00, 0x00, 0x00, 0x00, 0x00, 0x00, 0x00, 0x00, 0x00, 0x00, 0x00, 0x00, 0x00, 0x00, 0x00,
  0x00, 0x00, 0x00, 0x00, 0x00, 0x00, 0x00, 0x00, 0x00, 0x00, 0x00, 0x00, 0x00, 0x00, 0x00, 0x00,
  0x00, 0x00, 0x00, 0x00, 0x00, 0x00, 0x00, 0x00, 0x00, 0x00, 0x00, 0x00, 0x00, 0x00, 0x00, 0x00,
  0x00, 0x00, 0x00, 0x00, 0x00, 0x00, 0x00, 0x00, 0x00, 0x00, 0x00, 0x00, 0x00, 0x00, 0x00, 0x00,
  0x00, 0x00, 0x00, 0x00, 0x00, 0x00, 0x00, 0x00, 0x00, 0x00, 0x00, 0x00, 0x00, 0x00, 0x00, 0x00,
  0x00, 0x00, 0x00, 0x00, 0x00, 0x00, 0x00, 0x00, 0x00, 0x00, 0x00, 0x00, 0x00, 0x00, 0x00, 0x00,
  0x00, 0x00, 0x00, 0x00, 0x00, 0x00, 0x00, 0x00, 0x00, 0x00, 0x00, 0x00, 0x00, 0x00, 0x00, 0x00,
  0x00, 0x00, 0x00, 0x00, 0x00, 0x00, 0x00, 0x00, 0x00, 0x00, 0x00, 0x00, 0x00, 0x00, 0x00, 0x00,
  0x00, 0x00, 0x00, 0x00, 0x00, 0x00, 0x00, 0x00, 0x00, 0x00, 0x00, 0x00, 0x00, 0x00, 0x00, 0x00,
  0x00, 0x00, 0x00, 0x00, 0x00, 0x00, 0x00, 0x00, 0x00, 0x00, 0x00, 0x00, 0x00, 0x00, 0x00, 0x00,
  0x00, 0x00, 0x00, 0x00, 0x00, 0x00, 0x00, 0x00, 0x00, 0x00, 0x00, 0x00, 0x00, 0x00, 0x00, 0x00,
  0x00, 0x00, 0x00, 0x00, 0x00, 0x00, 0x00, 0x00, 0x00, 0x00, 0x00, 0x00, 0x00, 0x00, 0x00, 0x00,
  0x00, 0x00, 0x00, 0x00, 0x00, 0x00, 0x00, 0x00, 0x00, 0x00, 0x00, 0x00, 0x00, 0x00, 0x00, 0x00,
  0x00, 0x00, 0x00, 0x00, 0x00, 0x00, 0x00, 0x00, 0x00, 0x00, 0x00, 0x00, 0x00, 0x00, 0x00, 0x00,
  0x01, 0x00, 0x4b, 0x62, 0x01, 0x00, 0x00, 0x00, 0x00, 0x00, 0x00, 0x00, 0x00, 0x00, 0x00, 0x00,
  0x01, 0x01, 0x01, 0x00, 0x00, 0x00, 0x00, 0x00, 0x00, 0x00, 0x00, 0x00, 0x00, 0x00, 0x00, 0x00,
  0x00, 0x00, 0x00, 0x00, 0x00, 0x00, 0x00, 0x00, 0x00, 0x00, 0x00, 0x00, 0x00, 0x00, 0x00, 0x00,
  0x00, 0x00, 0x00, 0x00, 0x00, 0x00, 0x00, 0x00, 0x00, 0x00, 0x00, 0x00, 0x00, 0x00, 0x00, 0x00,
  0x00, 0x00, 0x00, 0x00, 0x00, 0x00, 0x00, 0x00, 0x00, 0x00, 0x00, 0x00, 0x00, 0x00, 0x00, 0x00,
  0x00, 0x00, 0x00, 0x00, 0x00, 0x00, 0x00, 0x00, 0x00, 0x00, 0x00, 0x00, 0x00, 0x00, 0x00, 0x00,
  0x00, 0x00, 0x00, 0x00, 0x00, 0x00, 0x00, 0x00, 0x00, 0x00, 0x00, 0x00, 0x00, 0x00, 0x00, 0x00,
  0x00, 0x00, 0x00, 0x00, 0x00, 0x00, 0x00, 0x00, 0x00, 0x00, 0x00, 0x00, 0x00, 0x00, 0x00, 0x00,
  0x00, 0x00, 0x00, 0x00, 0x00, 0x00, 0x00, 0x00, 0x00, 0x00, 0x00, 0x00, 0x00, 0x00, 0x00, 0x00,
  0x00, 0x00, 0x00, 0x00, 0x00, 0x00, 0x00, 0x00, 0x00, 0x00, 0x00, 0x00, 0x00, 0x00, 0x00, 0x00,
  0x00, 0x00, 0x00, 0x00, 0x00, 0x00, 0x00, 0x00, 0x00, 0x00, 0x00, 0x00, 0x00, 0x00, 0x00, 0x00,
  0x00, 0x00, 0x00, 0x00, 0x00, 0x00, 0x00, 0x00, 0x00, 0x00, 0x00, 0x00, 0x00, 0x00, 0x00, 0x00,
  0x00, 0x00, 0x00, 0x00, 0x00, 0x00, 0x00, 0x00, 0x00, 0x00, 0x00, 0x00, 0x00, 0x00, 0x00, 0x00,
  0x00, 0x00, 0x00, 0x00, 0x00, 0x00, 0x00, 0x00, 0x00, 0x00, 0x00, 0x00, 0x00, 0x00, 0x00, 0x00,
  0x00, 0x00, 0x00, 0x00, 0x00, 0x00, 0x00, 0x00, 0x00, 0x00, 0x00, 0x00, 0x00, 0x00, 0x00, 0x00,
  0x00, 0x00, 0x00, 0x00, 0x00, 0x00, 0x00, 0x22, 0x38, 0x02, 0x00, 0x00, 0x00, 0x00, 0x00, 0x00,
  0x00, 0x00, 0x00, 0x00, 0x00, 0x00, 0x00, 0x00, 0x00, 0x00, 0x00, 0x00, 0x00, 0x00, 0x00, 0x00,
  0x00, 0x00, 0x00, 0x00, 0x00, 0x00, 0x00, 0x00, 0x00, 0x00, 0x00, 0x00, 0x00, 0x00, 0x00, 0x00,
  0x00, 0x00, 0x00, 0x00, 0x00, 0x00, 0x00, 0x00, 0x00, 0x00, 0x00, 0x00, 0x00, 0x00, 0x00, 0x00,
  0x00, 0x00, 0x00, 0x00, 0x00, 0x00, 0x00, 0x00, 0x00, 0x00, 0x00, 0x00, 0x00, 0x00, 0x00, 0x00,
  0x00, 0x00, 0x00, 0x00, 0x00, 0x00, 0x00, 0x00, 0x00, 0x00, 0x00, 0x00, 0x00, 0x00, 0x00, 0x00,
  0x00, 0x00, 0x00, 0x00, 0x00, 0x00, 0x00, 0x00, 0x00, 0x00, 0x00, 0x00, 0x00, 0x00, 0x00, 0x00,
  0x00, 0x00, 0x00, 0x00, 0x00, 0x00, 0x00, 0x00, 0x00, 0x00, 0x00, 0x00, 0x00, 0x00, 0x00, 0x00,
  0x00, 0x00, 0x00, 0x00, 0x00, 0x00, 0x00, 0x00, 0x00, 0x00, 0x00, 0x00, 0x00, 0x00, 0x00, 0x00,
  0x00, 0x00, 0x00, 0x00, 0x00, 0x00, 0x00, 0x00, 0x00, 0x00, 0x00, 0x00, 0x00, 0x00, 0x00, 0x00,
  0x00, 0x00, 0x00, 0x00, 0x00, 0x00, 0x00, 0x00, 0x00, 0x00, 0x00, 0x00, 0x00, 0x00, 0x00, 0x00,
  0x00, 0x00, 0x00, 0x00, 0x00, 0x00, 0x00, 0x00, 0x00, 0x00, 0x00, 0x00, 0x00, 0x00, 0x00, 0x00,
  0x00, 0x00, 0x00, 0x00, 0x00, 0x00, 0x00, 0x00, 0x00, 0x00, 0x00, 0x00, 0x00, 0x00, 0x00, 0x00,
  0x00, 0x00, 0x00, 0x00, 0x00, 0x00, 0x00, 0x00, 0x00, 0x00, 0x00, 0x00, 0x00, 0x00, 0x00, 0x00,
  0x00, 0x00, 0x00, 0x00, 0x00, 0x00, 0x00, 0x00, 0x00, 0x00, 0x00, 0x00, 0x00, 0x00, 0x00, 0x00,
  0x00, 0x00, 0x00, 0x00, 0x00, 0x00, 0x00, 0x00, 0x00, 0x00, 0x00, 0x00, 0x00, 0x00, 0x01, 0x00,
  0x00, 0x00, 0x00, 0x00, 0x00, 0x00, 0x00, 0x00, 0x00, 0x00, 0x00, 0x00, 0x00, 0x00, 0x00, 0x00,
  0x00, 0x00, 0x00, 0x00, 0x00, 0x00, 0x00, 0x00, 0x00, 0x00, 0x00, 0x00, 0x00, 0x00, 0x00, 0x00,
  0x00, 0x00, 0x00, 0x00, 0x00, 0x00, 0x00, 0x00, 0x00, 0x00, 0x00, 0x00, 0x00, 0x00, 0x00, 0x00,
  0x00, 0x00, 0x00, 0x00, 0x00, 0x00, 0x00, 0x00, 0x00, 0x00, 0x00, 0x00, 0x00, 0x00, 0x00, 0x00,
  0x00, 0x00, 0x00, 0x00, 0x00, 0x00, 0x00, 0x00, 0x00, 0x00, 0x00, 0x00, 0x00, 0x00, 0x00, 0x00,
  0x00, 0x00, 0x00, 0x00, 0x00, 0x00, 0x00, 0x00, 0x00, 0x00, 0x00, 0x00, 0x00, 0x00, 0x00, 0x00,
  0x00, 0x00, 0x00, 0x00, 0x00, 0x00, 0x00, 0x00, 0x00, 0x00, 0x00, 0x00, 0x00, 0x00, 0x00, 0x00,
  0x00, 0x00, 0x00, 0x00, 0x00, 0x00, 0x00, 0x00, 0x00, 0x00, 0x00, 0x00, 0x00, 0x00, 0x00, 0x00,
  0x00, 0x00, 0x00, 0x00, 0x00, 0x00, 0x00, 0x00, 0x00, 0x00, 0x00, 0x00, 0x00, 0x00, 0x00, 0x00,
  0x00, 0x00, 0x00, 0x00, 0x00, 0x00, 0x00, 0x00, 0x00, 0x00, 0x00, 0x00, 0x00, 0x00, 0x00, 0x00,
  0x00, 0x00, 0x00, 0x00, 0x00, 0x00, 0x00, 0x00, 0x00, 0x00, 0x00, 0x00, 0x00, 0x00, 0x00, 0x00,
  0x00, 0x00, 0x00, 0x00, 0x00, 0x00, 0x00, 0x00, 0x00, 0x00, 0x00, 0x00, 0x00, 0x00, 0x00, 0x00,
  0x00, 0x00, 0x00, 0x00, 0x00, 0x00, 0x00, 0x00, 0x00, 0x00, 0x00, 0x00, 0x00, 0x00, 0x00, 0x00,
  0x00, 0x00, 0x00, 0x00, 0x00, 0x00, 0x00, 0x00, 0x00, 0x00, 0x00, 0x00, 0x00, 0x00, 0x00, 0x00,
  0x00, 0x00, 0x00, 0x00, 0x00, 0x00, 0x00, 0x00, 0x00, 0x00, 0x00, 0x00, 0x00, 0x00, 0x00, 0x00,
  0x00, 0x01, 0x02, 0x00, 0x00, 0x00, 0x00, 0x00, 0x00, 0x00, 0x00, 0x00, 0x00, 0x00, 0x00, 0x00,
  0x00, 0x00, 0x00, 0x00, 0x00, 0x00, 0x00, 0x00, 0x00, 0x00, 0x00, 0x00, 0x00, 0x00, 0x00, 0x00,
  0x00, 0x00, 0x00, 0x00, 0x00, 0x00, 0x00, 0x00, 0x00, 0x00, 0x00, 0x00, 0x00, 0x00, 0x00, 0x00,
  0x00, 0x00, 0x00, 0x00, 0x00, 0x00, 0x00, 0x00, 0x00, 0x00, 0x00, 0x00, 0x00, 0x00, 0x00, 0x00,
  0x00, 0x00, 0x00, 0x00, 0x00, 0x00, 0x00, 0x00, 0x00, 0x00, 0x00, 0x00, 0x00, 0x00, 0x00, 0x00,
  0x00, 0x00, 0x00, 0x00, 0x00, 0x00, 0x00, 0x00, 0x00, 0x00, 0x00, 0x00, 0x00, 0x00, 0x00, 0x00,
  0x00, 0x00, 0x00, 0x00, 0x00, 0x00, 0x00, 0x00, 0x00, 0x00, 0x00, 0x00, 0x00, 0x00, 0x00, 0x00,
  0x00, 0x00, 0x00, 0x00, 0x00, 0x00, 0x00, 0x00, 0x00, 0x00, 0x00, 0x00, 0x00, 0x00, 0x00, 0x00,
  0x00, 0x00, 0x00, 0x00, 0x00, 0x00, 0x00, 0x00, 0x00, 0x00, 0x00, 0x00, 0x00, 0x00, 0x00, 0x00,
  0x00, 0x00, 0x00, 0x00, 0x00, 0x00, 0x00, 0x00, 0x00, 0x00, 0x00, 0x00, 0x00, 0x00, 0x00, 0x00,
  0x00, 0x00, 0x00, 0x00, 0x00, 0x00, 0x00, 0x00, 0x00, 0x00, 0x00, 0x00, 0x00, 0x00, 0x00, 0x00,
  0x00, 0x00, 0x00, 0x00, 0x00, 0x00, 0x00, 0x00, 0x00, 0x00, 0x00, 0x00, 0x00, 0x00, 0x00, 0x00,
  0x00, 0x00, 0x00, 0x00, 0x00, 0x00, 0x00, 0x00, 0x00, 0x00, 0x00, 0x00, 0x00, 0x00, 0x00, 0x00,
  0x00, 0x00, 0x00, 0x00, 0x00, 0x00, 0x00, 0x00, 0x00, 0x00, 0x00, 0x00, 0x00, 0x00, 0x00, 0x00,
  0x00, 0x00, 0x00, 0x00, 0x00, 0x00, 0x00, 0x00, 0x01, 0x01, 0x00, 0x00, 0x01, 0x0a, 0x01, 0x00,
  0x00, 0x00, 0x00, 0x00, 0x00, 0x00, 0x00, 0x00, 0x00, 0x00, 0x00, 0x00, 0x00, 0x00, 0x00, 0x00,
  0x00, 0x00, 0x00, 0x00, 0x00, 0x00, 0x00, 0x00, 0x00, 0x00, 0x00, 0x00, 0x00, 0x00, 0x00, 0x01,
  0x00, 0x00, 0x00, 0x00, 0x00, 0x00, 0x00, 0x00, 0x00, 0x00, 0x00, 0x00, 0x00, 0x00, 0x00, 0x00,
  0x00, 0x00, 0x00, 0x00, 0x00, 0x00, 0x00, 0x00, 0x00, 0x00, 0x00, 0x00, 0x00, 0x00, 0x00, 0x01,
  0x01, 0x00, 0x00, 0x00, 0x00, 0x00, 0x00, 0x00, 0x00, 0x00, 0x00, 0x00, 0x00, 0x00, 0x00, 0x02,
  0x03, 0x00, 0x00, 0x00, 0x00, 0x00, 0x00, 0x00, 0x00, 0x00, 0x00, 0x00, 0x00, 0x00, 0x00, 0x00,
  0x00, 0x00, 0x00, 0x00, 0x00, 0x00, 0x00, 0x00, 0x00, 0x00, 0x00, 0x00, 0x00, 0x00, 0x00, 0x00,
  0x00, 0x00, 0x00, 0x00, 0x00, 0x00, 0x00, 0x00, 0x00, 0x00, 0x00, 0x00, 0x00, 0x00, 0x00, 0x00,
  0x00, 0x00, 0x00, 0x00, 0x00, 0x00, 0x00, 0x00, 0x00, 0x00, 0x00, 0x00, 0x00, 0x00, 0x00, 0x00,
  0x00, 0x00, 0x00, 0x00, 0x00, 0x00, 0x00, 0x00, 0x00, 0x00, 0x00, 0x00, 0x00, 0x00, 0x00, 0x00,
  0x00, 0x00, 0x00, 0x00, 0x00, 0x00, 0x00, 0x00, 0x00, 0x00, 0x00, 0x00, 0x00, 0x00, 0x00, 0x00,
  0x00, 0x00, 0x00, 0x00, 0x00, 0x00, 0x00, 0x00, 0x00, 0x00, 0x00, 0x00, 0x00, 0x00, 0x00, 0x00,
  0x00, 0x00, 0x00, 0x00, 0x00, 0x00, 0x00, 0x00, 0x00, 0x00, 0x00, 0x00, 0x00, 0x00, 0x00, 0x00,
  0x00, 0x00, 0x00, 0x00, 0x00, 0x00, 0x00, 0x00, 0x00, 0x00, 0x00, 0x00, 0x00, 0x00, 0x00, 0x00,
  0x00, 0x00, 0x00, 0x00, 0x00, 0x00, 0x00, 0x00, 0x00, 0x00, 0x00, 0x00, 0x00, 0x00, 0x00, 0x00,
  0x02, 0x01, 0x1e, 0x15, 0x00, 0x01, 0x00, 0x00, 0x00, 0x00, 0x00, 0x00, 0x00, 0x00, 0x00, 0x00,
  0x00, 0x00, 0x00, 0x00, 0x00, 0x00, 0x00, 0x00, 0x00, 0x00, 0x00, 0x00, 0x00, 0x00, 0x00, 0x00,
  0x00, 0x00, 0x00, 0x00, 0x00, 0x00, 0x00, 0x00, 0x00, 0x00, 0x00, 0x00, 0x00, 0x00, 0x00, 0x00,
  0x00, 0x00, 0x00, 0x00, 0x00, 0x00, 0x00, 0x00, 0x00, 0x00, 0x00, 0x00, 0x00, 0x00, 0x00, 0x00,
  0x01, 0x01, 0x00, 0x00, 0x00, 0x00, 0x00, 0x00, 0x00, 0x00, 0x00, 0x00, 0x00, 0x00, 0x00, 0x00,
  0x00, 0x00, 0x00, 0x00, 0x00, 0x01, 0x00, 0x00, 0x00, 0x00, 0x00, 0x00, 0x00, 0x00, 0x00, 0x00,
  0x00, 0x00, 0x00, 0x00, 0x00, 0x00, 0x00, 0x00, 0x00, 0x00, 0x00, 0x00, 0x00, 0x00, 0x00, 0x00,
  0x00, 0x00, 0x00, 0x00, 0x00, 0x00, 0x00, 0x00, 0x00, 0x00, 0x00, 0x00, 0x00, 0x00, 0x00, 0x00,
  0x00, 0x00, 0x00, 0x00, 0x00, 0x00, 0x00, 0x00, 0x00, 0x00, 0x00, 0x00, 0x00, 0x00, 0x00, 0x00,
  0x00, 0x00, 0x00, 0x00, 0x00, 0x00, 0x00, 0x00, 0x00, 0x00, 0x00, 0x00, 0x00, 0x00, 0x00, 0x00,
  0x00, 0x00, 0x00, 0x00, 0x00, 0x00, 0x00, 0x00, 0x00, 0x00, 0x00, 0x00, 0x00, 0x00, 0x00, 0x00,
  0x00, 0x00, 0x00, 0x00, 0x00, 0x00, 0x00, 0x00, 0x00, 0x00, 0x00, 0x00, 0x00, 0x00, 0x00, 0x00,
  0x00, 0x00, 0x00, 0x00, 0x00, 0x00, 0x00, 0x00, 0x00, 0x00, 0x00, 0x00, 0x00, 0x00, 0x00, 0x00,
  0x00, 0x00, 0x00, 0x00, 0x00, 0x00, 0x00, 0x00, 0x00, 0x00, 0x00, 0x00, 0x00, 0x00, 0x00, 0x00,
  0x00, 0x00, 0x00, 0x00, 0x00, 0x00, 0x00, 0x00, 0x00, 0x00, 0x00, 0x00, 0x00, 0x00, 0x00, 0x00,
  0x00, 0x00, 0x00, 0x00, 0x00, 0x0a, 0x64, 0x62, 0x09, 0x00, 0x01, 0x00, 0x00, 0x00, 0x00, 0x00,
  0x00, 0x00, 0x00, 0x00, 0x00, 0x00, 0x00, 0x00, 0x00, 0x00, 0x00, 0x00, 0x00, 0x00, 0x00, 0x00,
  0x00, 0x01, 0x00, 0x00, 0x00, 0x00, 0x00, 0x00, 0x00, 0x00, 0x00, 0x00, 0x00, 0x00, 0x00, 0x00,
  0x00, 0x00, 0x00, 0x00, 0x00, 0x00, 0x00, 0x00, 0x00, 0x00, 0x00, 0x00, 0x00, 0x00, 0x00, 0x00,
  0x00, 0x00, 0x00, 0x00, 0x00, 0x00, 0x00, 0x00, 0x00, 0x00, 0x00, 0x00, 0x00, 0x00, 0x00, 0x00,
  0x00, 0x00, 0x00, 0x00, 0x00, 0x00, 0x00, 0x00, 0x00, 0x00, 0x00, 0x00, 0x00, 0x00, 0x00, 0x00,
  0x00, 0x00, 0x00, 0x00, 0x00, 0x00, 0x00, 0x00, 0x00, 0x00, 0x00, 0x00, 0x00, 0x00, 0x00, 0x00,
  0x00, 0x00, 0x00, 0x00, 0x00, 0x00, 0x00, 0x00, 0x00, 0x00, 0x00, 0x00, 0x00, 0x00, 0x00, 0x00,
  0x00, 0x00, 0x00, 0x00, 0x00, 0x00, 0x00, 0x00, 0x00, 0x00, 0x00, 0x00, 0x00, 0x00, 0x00, 0x00,
  0x00, 0x00, 0x00, 0x00, 0x00, 0x00, 0x00, 0x00, 0x00, 0x00, 0x00, 0x00, 0x00, 0x00, 0x00, 0x00,
  0x00, 0x00, 0x00, 0x00, 0x00, 0x00, 0x00, 0x00, 0x00, 0x00, 0x00, 0x00, 0x00, 0x00, 0x00, 0x00,
  0x00, 0x00, 0x00, 0x00, 0x00, 0x00, 0x00, 0x00, 0x00, 0x00, 0x00, 0x00, 0x00, 0x00, 0x00, 0x00,
  0x00, 0x00, 0x00, 0x00, 0x00, 0x00, 0x00, 0x00, 0x00, 0x00, 0x00, 0x00, 0x00, 0x00, 0x00, 0x00,
  0x00, 0x00, 0x00, 0x00, 0x00, 0x00, 0x00, 0x00, 0x00, 0x00, 0x00, 0x00, 0x00, 0x00, 0x00, 0x00,
  0x00, 0x00, 0x00, 0x00, 0x00, 0x00, 0x00, 0x00, 0x00, 0x00, 0x00, 0x00, 0x00, 0x00, 0x00, 0x00,
  0x00, 0x00, 0x00, 0x00, 0x00, 0x00, 0x00, 0x00, 0x00, 0x01, 0x13, 0x65, 0x4f, 0x00, 0x00, 0x00,
  0x00, 0x00, 0x00, 0x00, 0x00, 0x00, 0x00, 0x00, 0x00, 0x00, 0x00, 0x00, 0x00, 0x00, 0x00, 0x00,
  0x00, 0x00, 0x00, 0x00, 0x00, 0x00, 0x00, 0x00, 0x00, 0x00, 0x00, 0x00, 0x00, 0x00, 0x00, 0x00,
  0x00, 0x00, 0x00, 0x00, 0x00, 0x00, 0x00, 0x00, 0x00, 0x00, 0x00, 0x00, 0x00, 0x00, 0x00, 0x00,
  0x00, 0x00, 0x00, 0x00, 0x00, 0x00, 0x00, 0x00, 0x00, 0x00, 0x00, 0x00, 0x00, 0x00, 0x00, 0x00,
  0x00, 0x00, 0x00, 0x00, 0x00, 0x00, 0x00, 0x00, 0x00, 0x00, 0x00, 0x00, 0x00, 0x00, 0x00, 0x01,
  0x01, 0x00, 0x00, 0x00, 0x00, 0x00, 0x00, 0x00, 0x00, 0x00, 0x00, 0x00, 0x00, 0x00, 0x00, 0x00,
  0x00, 0x00, 0x00, 0x00, 0x00, 0x00, 0x00, 0x00, 0x00, 0x00, 0x00, 0x00, 0x00, 0x00, 0x00, 0x00,
  0x00, 0x00, 0x00, 0x00, 0x00, 0x00, 0x00, 0x00, 0x00, 0x00, 0x00, 0x00, 0x00, 0x00, 0x00, 0x00,
  0x00, 0x00, 0x00, 0x00, 0x00, 0x00, 0x00, 0x00, 0x00, 0x00, 0x00, 0x00, 0x00, 0x00, 0x00, 0x00,
  0x00, 0x00, 0x00, 0x00, 0x00, 0x00, 0x00, 0x00, 0x00, 0x00, 0x00, 0x00, 0x00, 0x00, 0x00, 0x00,
  0x00, 0x00, 0x00, 0x00, 0x00, 0x00, 0x00, 0x00, 0x00, 0x00, 0x00, 0x00, 0x00, 0x00, 0x00, 0x00,
  0x00, 0x00, 0x00, 0x00, 0x00, 0x00, 0x00, 0x00, 0x00, 0x00, 0x00, 0x00, 0x00, 0x00, 0x00, 0x00,
  0x00, 0x00, 0x00, 0x00, 0x00, 0x00, 0x00, 0x00, 0x00, 0x00, 0x00, 0x00, 0x00, 0x00, 0x00, 0x00,
  0x00, 0x00, 0x0f, 0x07, 0x00, 0x00, 0x00, 0x00, 0x00, 0x00, 0x00, 0x00, 0x00, 0x00, 0x00, 0x00,
  0x00, 0x00, 0x00, 0x00, 0x00, 0x00, 0x00, 0x00, 0x00, 0x00, 0x00, 0x00, 0x00, 0x00, 0x01, 0x05,
  0x10, 0x0e, 0x07, 0x03, 0x01, 0x00, 0x00, 0x00, 0x00, 0x00, 0x00, 0x00, 0x00, 0x00, 0x00, 0x00,
  0x00, 0x00, 0x00, 0x00, 0x00, 0x00, 0x00, 0x00, 0x01, 0x03, 0x00, 0x00, 0x00, 0x00, 0x00, 0x00,
  0x00, 0x00, 0x00, 0x02, 0x00, 0x00, 0x00, 0x00, 0x00, 0x00, 0x00, 0x00, 0x00, 0x00, 0x00, 0x00,
  0x00, 0x00, 0x00, 0x00, 0x00, 0x00, 0x00, 0x00, 0x00, 0x00, 0x00, 0x00, 0x00, 0x00, 0x00, 0x01,
  0x01, 0x00, 0x00, 0x00, 0x00, 0x00, 0x00, 0x00, 0x00, 0x00, 0x00, 0x00, 0x00, 0x00, 0x00, 0x00,
  0x01, 0x00, 0x00, 0x00, 0x00, 0x00, 0x00, 0x00, 0x00, 0x00, 0x00, 0x00, 0x00, 0x00, 0x00, 0x00,
  0x00, 0x00, 0x00, 0x00, 0x00, 0x00, 0x00, 0x00, 0x00, 0x00, 0x00, 0x00, 0x00, 0x00, 0x00, 0x00,
  0x00, 0x00, 0x00, 0x00, 0x00, 0x00, 0x00, 0x00, 0x00, 0x00, 0x00, 0x00, 0x00, 0x00, 0x00, 0x00,
  0x00, 0x00, 0x00, 0x00, 0x00, 0x00, 0x00, 0x00, 0x00, 0x00, 0x00, 0x00, 0x00, 0x00, 0x00, 0x00,
  0x00, 0x00, 0x00, 0x00, 0x00, 0x00, 0x00, 0x00, 0x00, 0x00, 0x00, 0x00, 0x00, 0x00, 0x00, 0x00,
  0x00, 0x00, 0x00, 0x00, 0x00, 0x00, 0x00, 0x00, 0x00, 0x00, 0x00, 0x00, 0x00, 0x00, 0x00, 0x00,
  0x00, 0x00, 0x00, 0x00, 0x00, 0x00, 0x00, 0x00, 0x00, 0x00, 0x00, 0x00, 0x00, 0x00, 0x00, 0x00,
  0x00, 0x00, 0x00, 0x00, 0x00, 0x00, 0x00, 0x00, 0x00, 0x00, 0x00, 0x00, 0x00, 0x00, 0x00, 0x00,
  0x00, 0x00, 0x00, 0x00, 0x00, 0x00, 0x00, 0x04, 0x02, 0x00, 0x00, 0x00, 0x00, 0x00, 0x00, 0x01,
  0x00, 0x00, 0x00, 0x00, 0x00, 0x00, 0x00, 0x00, 0x00, 0x00, 0x00, 0x00, 0x00, 0x00, 0x00, 0x00,
  0x00, 0x00, 0x00, 0x00, 0x00, 0x02, 0x03, 0x00, 0x00, 0x02, 0x00, 0x00, 0x00, 0x00, 0x00, 0x00,
  0x00, 0x00, 0x00, 0x00, 0x00, 0x00, 0x00, 0x00, 0x00, 0x00, 0x00, 0x00, 0x00, 0x00, 0x02, 0x00,
  0x00, 0x00, 0x00, 0x00, 0x00, 0x00, 0x00, 0x00, 0x00, 0x00, 0x00, 0x00, 0x00, 0x00, 0x00, 0x00,
  0x00, 0x00, 0x00, 0x00, 0x00, 0x00, 0x00, 0x00, 0x00, 0x00, 0x00, 0x00, 0x00, 0x00, 0x00, 0x00,
  0x00, 0x00, 0x00, 0x00, 0x00, 0x00, 0x00, 0x00, 0x00, 0x00, 0x00, 0x00, 0x00, 0x00, 0x00, 0x00,
  0x00, 0x00, 0x01, 0x02, 0x00, 0x00, 0x17, 0x14, 0x00, 0x10, 0x1e, 0x02, 0x00, 0x00, 0x00, 0x00,
  0x00, 0x00, 0x00, 0x00, 0x00, 0x00, 0x00, 0x00, 0x00, 0x00, 0x00, 0x00, 0x00, 0x00, 0x00, 0x00,
  0x00, 0x00, 0x00, 0x00, 0x00, 0x00, 0x00, 0x00, 0x00, 0x00, 0x00, 0x00, 0x00, 0x00, 0x00, 0x00,
  0x00, 0x00, 0x00, 0x00, 0x00, 0x00, 0x00, 0x00, 0x00, 0x00, 0x00, 0x00, 0x00, 0x00, 0x00, 0x00,
  0x00, 0x00, 0x00, 0x00, 0x00, 0x00, 0x00, 0x00, 0x00, 0x00, 0x00, 0x00, 0x00, 0x00, 0x00, 0x00,
  0x00, 0x00, 0x00, 0x00, 0x00, 0x00, 0x00, 0x00, 0x00, 0x00, 0x00, 0x00, 0x00, 0x00, 0x00, 0x00,
  0x00, 0x00, 0x00, 0x00, 0x00, 0x00, 0x00, 0x00, 0x00, 0x00, 0x00, 0x00, 0x00, 0x00, 0x00, 0x00,
  0x00, 0x00, 0x00, 0x00, 0x00, 0x00, 0x00, 0x00, 0x00, 0x00, 0x00, 0x00, 0x00, 0x00, 0x00, 0x00,
  0x00, 0x00, 0x00, 0x00, 0x00, 0x00, 0x00, 0x00, 0x00, 0x00, 0x00, 0x00, 0x00, 0x00, 0x00, 0x00,
  0x00, 0x00, 0x00, 0x01, 0x01, 0x01, 0x00, 0x00, 0x00, 0x00, 0x00, 0x00, 0x00, 0x00, 0x00, 0x00,
  0x00, 0x00, 0x00, 0x00, 0x00, 0x00, 0x00, 0x00, 0x00, 0x00, 0x01, 0x00, 0x17, 0x17, 0x00, 0x00,
  0x07, 0x01, 0x00, 0x00, 0x00, 0x00, 0x00, 0x00, 0x00, 0x00, 0x00, 0x00, 0x00, 0x00, 0x00, 0x00,
  0x00, 0x00, 0x00, 0x01, 0x02, 0x01, 0x00, 0x00, 0x00, 0x00, 0x00, 0x00, 0x00, 0x00, 0x00, 0x00,
  0x00, 0x00, 0x00, 0x00, 0x00, 0x00, 0x00, 0x00, 0x00, 0x00, 0x00, 0x00, 0x00, 0x00, 0x00, 0x00,
  0x00, 0x00, 0x00, 0x00, 0x00, 0x00, 0x00, 0x00, 0x00, 0x00, 0x00, 0x00, 0x00, 0x00, 0x00, 0x00,
  0x00, 0x00, 0x00, 0x00, 0x00, 0x00, 0x00, 0x04, 0x06, 0x00, 0x00, 0x13, 0x12, 0x01, 0x50, 0x68,
  0x03, 0x00, 0x00, 0x00, 0x00, 0x00, 0x00, 0x00, 0x00, 0x00, 0x00, 0x00, 0x00, 0x00, 0x00, 0x00,
  0x00, 0x00, 0x00, 0x00, 0x00, 0x00, 0x00, 0x00, 0x00, 0x00, 0x00, 0x00, 0x00, 0x00, 0x00, 0x00,
  0x00, 0x00, 0x00, 0x00, 0x00, 0x00, 0x00, 0x00, 0x00, 0x00, 0x00, 0x00, 0x00, 0x00, 0x00, 0x00,
  0x00, 0x00, 0x00, 0x00, 0x00, 0x00, 0x00, 0x00, 0x00, 0x00, 0x00, 0x00, 0x00, 0x00, 0x00, 0x00,
  0x00, 0x00, 0x00, 0x00, 0x00, 0x00, 0x00, 0x00, 0x00, 0x00, 0x00, 0x00, 0x00, 0x00, 0x00, 0x00,
  0x00, 0x00, 0x00, 0x00, 0x00, 0x00, 0x00, 0x00, 0x00, 0x00, 0x00, 0x00, 0x00, 0x00, 0x00, 0x00,
  0x00, 0x00, 0x00, 0x00, 0x00, 0x00, 0x00, 0x00, 0x00, 0x00, 0x00, 0x00, 0x00, 0x00, 0x00, 0x00,
  0x00, 0x00, 0x00, 0x00, 0x00, 0x00, 0x00, 0x00, 0x00, 0x00, 0x00, 0x00, 0x00, 0x00, 0x00, 0x00,
  0x00, 0x00, 0x00, 0x00, 0x00, 0x00, 0x00, 0x00, 0x00, 0x00, 0x01, 0x00, 0x00, 0x00, 0x00, 0x00,
  0x00, 0x00, 0x00, 0x00, 0x00, 0x00, 0x00, 0x00, 0x00, 0x00, 0x00, 0x00, 0x00, 0x00, 0x00, 0x01,
  0x00, 0x2d, 0x39, 0x34, 0x1a, 0x06, 0x01, 0x00, 0x00, 0x00, 0x00, 0x00, 0x00, 0x00, 0x00, 0x00,
  0x00, 0x00, 0x00, 0x00, 0x00, 0x02, 0x00, 0x00, 0x00, 0x00, 0x00, 0x00, 0x00, 0x00, 0x00, 0x00,
  0x00, 0x00, 0x00, 0x00, 0x00, 0x00, 0x00, 0x00, 0x00, 0x00, 0x00, 0x00, 0x00, 0x00, 0x00, 0x00,
  0x00, 0x00, 0x00, 0x00, 0x00, 0x00, 0x00, 0x00, 0x00, 0x00, 0x00, 0x00, 0x00, 0x00, 0x00, 0x00,
  0x00, 0x00, 0x00, 0x00, 0x00, 0x00, 0x00, 0x00, 0x00, 0x00, 0x00, 0x00, 0x02, 0x03, 0x01, 0x03,
  0x02, 0x00, 0x1a, 0x29, 0x0f, 0x01, 0x00, 0x00, 0x00, 0x00, 0x00, 0x00, 0x00, 0x00, 0x00, 0x00,
  0x00, 0x00, 0x00, 0x00, 0x00, 0x00, 0x00, 0x00, 0x00, 0x00, 0x00, 0x00, 0x00, 0x00, 0x00, 0x00,
  0x00, 0x00, 0x00, 0x00, 0x00, 0x01, 0x01, 0x00, 0x00, 0x00, 0x00, 0x00, 0x00, 0x00, 0x00, 0x00,
  0x00, 0x00, 0x00, 0x00, 0x00, 0x00, 0x00, 0x00, 0x00, 0x00, 0x00, 0x00, 0x00, 0x00, 0x00, 0x00,
  0x00, 0x00, 0x00, 0x00, 0x00, 0x00, 0x00, 0x00, 0x00, 0x00, 0x00, 0x00, 0x00, 0x00, 0x00, 0x00,
  0x00, 0x00, 0x00, 0x00, 0x00, 0x00, 0x00, 0x00, 0x00, 0x00, 0x00, 0x00, 0x00, 0x00, 0x00, 0x00,
  0x00, 0x00, 0x00, 0x00, 0x00, 0x00, 0x00, 0x00, 0x00, 0x00, 0x00, 0x00, 0x00, 0x00, 0x00, 0x00,
  0x00, 0x00, 0x00, 0x00, 0x00, 0x00, 0x00, 0x00, 0x00, 0x00, 0x00, 0x00, 0x00, 0x00, 0x00, 0x00,
  0x00, 0x00, 0x00, 0x00, 0x00, 0x00, 0x00, 0x00, 0x00, 0x00, 0x00, 0x01, 0x00, 0x2a, 0x32, 0x00,
  0x00, 0x00, 0x00, 0x00, 0x00, 0x00, 0x00, 0x00, 0x00, 0x00, 0x00, 0x01, 0x00, 0x00, 0x00, 0x00,
  0x00, 0x00, 0x00, 0x02, 0x00, 0x01, 0x14, 0x23, 0x3c, 0x15, 0x00, 0x00, 0x00, 0x00, 0x00, 0x00,
  0x00, 0x00, 0x00, 0x00, 0x00, 0x00, 0x00, 0x00, 0x00, 0x01, 0x02, 0x00, 0x00, 0x00, 0x00, 0x01,
  0x00, 0x00, 0x00, 0x00, 0x00, 0x00, 0x00, 0x00, 0x00, 0x00, 0x00, 0x00, 0x00, 0x00, 0x01, 0x00,
  0x00, 0x00, 0x00, 0x00, 0x00, 0x00, 0x00, 0x00, 0x01, 0x01, 0x00, 0x00, 0x00, 0x00, 0x00, 0x00,
  0x00, 0x00, 0x00, 0x00, 0x00, 0x07, 0x04, 0x00, 0x00, 0x00, 0x00, 0x00, 0x00, 0x00, 0x00, 0x00,
  0x00, 0x00, 0x00, 0x04, 0x01, 0x08, 0x04, 0x0b, 0x04, 0x00, 0x01, 0x00, 0x00, 0x00, 0x00, 0x00,
  0x00, 0x00, 0x00, 0x00, 0x00, 0x00, 0x00, 0x00, 0x00, 0x00, 0x00, 0x00, 0x00, 0x00, 0x00, 0x00,
  0x00, 0x00, 0x00, 0x00, 0x00, 0x00, 0x00, 0x00, 0x00, 0x00, 0x00, 0x00, 0x00, 0x00, 0x00, 0x00,
  0x00, 0x00, 0x00, 0x00, 0x00, 0x00, 0x00, 0x00, 0x00, 0x00, 0x00, 0x00, 0x00, 0x00, 0x00, 0x00,
  0x00, 0x00, 0x00, 0x00, 0x00, 0x00, 0x00, 0x00, 0x00, 0x00, 0x00, 0x00, 0x00, 0x00, 0x00, 0x00,
  0x00, 0x00, 0x00, 0x00, 0x00, 0x00, 0x00, 0x00, 0x00, 0x00, 0x00, 0x00, 0x00, 0x00, 0x00, 0x00,
  0x00, 0x00, 0x00, 0x00, 0x00, 0x00, 0x00, 0x00, 0x00, 0x00, 0x00, 0x00, 0x00, 0x00, 0x00, 0x00,
  0x00, 0x00, 0x00, 0x00, 0x00, 0x00, 0x00, 0x00, 0x00, 0x00, 0x00, 0x00, 0x00, 0x00, 0x00, 0x00,
  0x00, 0x00, 0x00, 0x00, 0x00, 0x00, 0x00, 0x00, 0x00, 0x00, 0x00, 0x00, 0x00, 0x00, 0x00, 0x00,
  0x01, 0x00, 0x39, 0x56, 0x01, 0x01, 0x01, 0x00, 0x00, 0x00, 0x00, 0x00, 0x00, 0x00, 0x00, 0x00,
  0x01, 0x00, 0x00, 0x00, 0x00, 0x00, 0x00, 0x00, 0x01, 0x00, 0x01, 0x01, 0x12, 0x06, 0x00, 0x00,
  0x00, 0x00, 0x00, 0x00, 0x00, 0x00, 0x00, 0x01, 0x01, 0x00, 0x00, 0x00, 0x00, 0x00, 0x00, 0x00,
  0x00, 0x01, 0x02, 0x01, 0x01, 0x00, 0x00, 0x00, 0x00, 0x00, 0x00, 0x00, 0x00, 0x00, 0x00, 0x00,
  0x00, 0x00, 0x00, 0x00, 0x00, 0x00, 0x00, 0x00, 0x00, 0x00, 0x00, 0x02, 0x00, 0x00, 0x08, 0x04,
  0x00, 0x00, 0x00, 0x00, 0x00, 0x00, 0x00, 0x00, 0x00, 0x02, 0x20, 0x13, 0x00, 0x01, 0x03, 0x00,
  0x00, 0x00, 0x00, 0x00, 0x00, 0x00, 0x02, 0x02, 0x03, 0x00, 0x03, 0x01, 0x00, 0x00, 0x01, 0x00,
  0x00, 0x02, 0x02, 0x00, 0x00, 0x00, 0x00, 0x00, 0x00, 0x00, 0x00, 0x00, 0x00, 0x00, 0x00, 0x00,
  0x00, 0x00, 0x00, 0x00, 0x00, 0x00, 0x00, 0x06, 0x36, 0x15, 0x00, 0x01, 0x00, 0x00, 0x00, 0x00,
  0x00, 0x00, 0x00, 0x00, 0x00, 0x00, 0x00, 0x00, 0x00, 0x00, 0x00, 0x00, 0x00, 0x00, 0x00, 0x00,
  0x00, 0x00, 0x00, 0x00, 0x00, 0x00, 0x00, 0x00, 0x00, 0x00, 0x00, 0x00, 0x00, 0x00, 0x00, 0x00,
  0x00, 0x00, 0x00, 0x00, 0x00, 0x00, 0x00, 0x00, 0x00, 0x00, 0x00, 0x00, 0x00, 0x00, 0x00, 0x00,
  0x00, 0x00, 0x00, 0x00, 0x00, 0x00, 0x00, 0x00, 0x00, 0x00, 0x00, 0x00, 0x00, 0x00, 0x00, 0x00,
  0x00, 0x00, 0x00, 0x00, 0x00, 0x00, 0x00, 0x00, 0x00, 0x00, 0x00, 0x00, 0x00, 0x00, 0x00, 0x00,
  0x00, 0x00, 0x00, 0x00, 0x00, 0x00, 0x00, 0x00, 0x00, 0x00, 0x00, 0x00, 0x00, 0x00, 0x00, 0x00,
  0x00, 0x00, 0x00, 0x00, 0x00, 0x00, 0x00, 0x01, 0x01, 0x00, 0x00, 0x00, 0x00, 0x00, 0x00, 0x00,
  0x00, 0x00, 0x00, 0x00, 0x00, 0x00, 0x00, 0x00, 0x00, 0x00, 0x00, 0x00, 0x00, 0x00, 0x00, 0x02,
  0x05, 0x00, 0x00, 0x00, 0x00, 0x00, 0x00, 0x00, 0x00, 0x00, 0x01, 0x00, 0x01, 0x01, 0x00, 0x06,
  0x00, 0x00, 0x00, 0x00, 0x00, 0x00, 0x00, 0x02, 0x05, 0x06, 0x09, 0x02, 0x00, 0x00, 0x00, 0x00,
  0x00, 0x00, 0x00, 0x01, 0x01, 0x00, 0x00, 0x00, 0x00, 0x00, 0x01, 0x00, 0x00, 0x00, 0x00, 0x00,
  0x01, 0x00, 0x1e, 0x45, 0x01, 0x02, 0x00, 0x00, 0x02, 0x00, 0x03, 0x02, 0x01, 0x00, 0x01, 0x04,
  0x02, 0x01, 0x01, 0x01, 0x00, 0x00, 0x00, 0x00, 0x00, 0x00, 0x00, 0x01, 0x01, 0x00, 0x00, 0x00,
  0x00, 0x00, 0x00, 0x00, 0x00, 0x00, 0x03, 0x02, 0x00, 0x00, 0x00, 0x00, 0x00, 0x00, 0x00, 0x00,
  0x00, 0x00, 0x00, 0x00, 0x00, 0x00, 0x00, 0x00, 0x00, 0x01, 0x00, 0x16, 0x77, 0x1e, 0x06, 0x01,
  0x00, 0x00, 0x00, 0x00, 0x00, 0x00, 0x00, 0x00, 0x00, 0x00, 0x00, 0x00, 0x00, 0x00, 0x00, 0x00,
  0x00, 0x00, 0x00, 0x00, 0x00, 0x00, 0x00, 0x00, 0x00, 0x00, 0x00, 0x00, 0x00, 0x00, 0x00, 0x00,
  0x00, 0x00, 0x00, 0x00, 0x00, 0x00, 0x00, 0x00, 0x00, 0x00, 0x00, 0x00, 0x00, 0x00, 0x00, 0x00,
  0x00, 0x00, 0x00, 0x00, 0x00, 0x00, 0x00, 0x00, 0x00, 0x00, 0x00, 0x00, 0x00, 0x00, 0x00, 0x00,
  0x00, 0x00, 0x00, 0x00, 0x00, 0x00, 0x00, 0x00, 0x00, 0x00, 0x00, 0x00, 0x00, 0x00, 0x00, 0x00,
  0x00, 0x00, 0x00, 0x00, 0x00, 0x00, 0x00, 0x00, 0x00, 0x00, 0x00, 0x00, 0x00, 0x00, 0x00, 0x00,
  0x00, 0x00, 0x00, 0x00, 0x00, 0x00, 0x00, 0x00, 0x00, 0x00, 0x00, 0x00, 0x00, 0x00, 0x00, 0x00,
  0x00, 0x00, 0x00, 0x00, 0x00, 0x00, 0x00, 0x00, 0x00, 0x00, 0x00, 0x00, 0x00, 0x00, 0x00, 0x00,
  0x00, 0x00, 0x00, 0x00, 0x01, 0x01, 0x01, 0x00, 0x00, 0x00, 0x00, 0x00, 0x00, 0x00, 0x00, 0x00,
  0x00, 0x00, 0x01, 0x00, 0x0e, 0x0d, 0x00, 0x01, 0x00, 0x01, 0x00, 0x41, 0x91, 0x22, 0x01, 0x21,
  0x13, 0x00, 0x00, 0x00, 0x00, 0x00, 0x00, 0x00, 0x00, 0x00, 0x00, 0x00, 0x00, 0x01, 0x00, 0x01,
  0x01, 0x00, 0x00, 0x00, 0x00, 0x00, 0x06, 0x75, 0x33, 0x00, 0x02, 0x00, 0x00, 0x06, 0x03, 0x04,
  0x05, 0x03, 0x00, 0x00, 0x00, 0x00, 0x00, 0x00, 0x00, 0x00, 0x00, 0x00, 0x00, 0x00, 0x00, 0x01,
  0x00, 0x00, 0x00, 0x00, 0x00, 0x00, 0x00, 0x00, 0x00, 0x00, 0x00, 0x01, 0x02, 0x00, 0x00, 0x00,
  0x00, 0x00, 0x00, 0x00, 0x00, 0x00, 0x00, 0x00, 0x00, 0x00, 0x00, 0x00, 0x00, 0x00, 0x01, 0x00,
  0x14, 0x3c, 0x00, 0x00, 0x00, 0x00, 0x00, 0x00, 0x00, 0x00, 0x00, 0x00, 0x00, 0x00, 0x00, 0x00,
  0x00, 0x00, 0x00, 0x00, 0x00, 0x00, 0x00, 0x00, 0x00, 0x00, 0x00, 0x00, 0x00, 0x00, 0x00, 0x00,
  0x00, 0x00, 0x00, 0x00, 0x00, 0x00, 0x00, 0x00, 0x00, 0x00, 0x00, 0x00, 0x00, 0x00, 0x00, 0x00,
  0x00, 0x00, 0x00, 0x00, 0x00, 0x00, 0x00, 0x00, 0x00, 0x00, 0x00, 0x00, 0x00, 0x00, 0x00, 0x00,
  0x00, 0x00, 0x00, 0x00, 0x00, 0x00, 0x00, 0x00, 0x00, 0x00, 0x00, 0x00, 0x00, 0x00, 0x00, 0x00,
  0x00, 0x00, 0x00, 0x00, 0x00, 0x00, 0x00, 0x00, 0x00, 0x00, 0x00, 0x00, 0x00, 0x00, 0x00, 0x00,
  0x00, 0x00, 0x00, 0x00, 0x00, 0x00, 0x00, 0x00, 0x00, 0x00, 0x00, 0x00, 0x00, 0x00, 0x00, 0x00,
  0x00, 0x00, 0x00, 0x00, 0x00, 0x00, 0x00, 0x00, 0x00, 0x00, 0x01, 0x00, 0x00, 0x00, 0x00, 0x00,
  0x00, 0x00, 0x00, 0x00, 0x01, 0x01, 0x00, 0x00, 0x00, 0x00, 0x00, 0x00, 0x00, 0x00, 0x00, 0x00,
  0x00, 0x00, 0x00, 0x00, 0x00, 0x00, 0x00, 0x01, 0x01, 0x08, 0x09, 0x00, 0x00, 0x00, 0x00, 0x00,
  0x99, 0xac, 0x31, 0x0b, 0x18, 0x0b, 0x00, 0x00, 0x00, 0x00, 0x01, 0x01, 0x00, 0x00, 0x01, 0x00,
  0x00, 0x01, 0x00, 0x00, 0x00, 0x00, 0x00, 0x00, 0x00, 0x00, 0x00, 0x0d, 0x5b, 0x14, 0x00, 0x01,
  0x00, 0x02, 0x04, 0x03, 0x04, 0x00, 0x05, 0x00, 0x00, 0x00, 0x00, 0x00, 0x00, 0x00, 0x00, 0x00,
  0x00, 0x00, 0x02, 0x01, 0x00, 0x00, 0x00, 0x00, 0x00, 0x00, 0x00, 0x00, 0x00, 0x00, 0x00, 0x00,
  0x00, 0x02, 0x00, 0x00, 0x00, 0x00, 0x00, 0x00, 0x00, 0x00, 0x00, 0x00, 0x00, 0x00, 0x00, 0x00,
  0x00, 0x00, 0x00, 0x00, 0x00, 0x00, 0x00, 0x00, 0x00, 0x00, 0x00, 0x00, 0x00, 0x00, 0x00, 0x00,
  0x00, 0x00, 0x00, 0x00, 0x00, 0x00, 0x00, 0x00, 0x00, 0x00, 0x00, 0x00, 0x00, 0x00, 0x00, 0x00,
  0x00, 0x00, 0x00, 0x00, 0x00, 0x00, 0x00, 0x00, 0x00, 0x00, 0x00, 0x00, 0x00, 0x00, 0x00, 0x00,
  0x00, 0x00, 0x00, 0x00, 0x00, 0x00, 0x00, 0x00, 0x00, 0x00, 0x00, 0x00, 0x00, 0x00, 0x00, 0x00,
  0x00, 0x00, 0x00, 0x00, 0x00, 0x00, 0x00, 0x00, 0x00, 0x00, 0x00, 0x00, 0x00, 0x00, 0x00, 0x00,
  0x00, 0x00, 0x00, 0x00, 0x00, 0x00, 0x00, 0x00, 0x00, 0x00, 0x00, 0x00, 0x00, 0x00, 0x00, 0x00,
  0x00, 0x00, 0x00, 0x00, 0x00, 0x00, 0x00, 0x00, 0x00, 0x00, 0x00, 0x00, 0x00, 0x00, 0x01, 0x00,
  0x00, 0x00, 0x00, 0x00, 0x00, 0x00, 0x00, 0x00, 0x00, 0x00, 0x00, 0x00, 0x00, 0x00, 0x00, 0x00,
  0x00, 0x00, 0x00, 0x00, 0x00, 0x00, 0x00, 0x00, 0x00, 0x00, 0x00, 0x00, 0x00, 0x00, 0x00, 0x00,
  0x00, 0x00, 0x00, 0x00, 0x00, 0x00, 0x00, 0x00, 0x00, 0x02, 0x00, 0x06, 0x06, 0x00, 0x05, 0x07,
  0x03, 0x00, 0x01, 0x09, 0x02, 0x70, 0x64, 0x0b, 0x06, 0x08, 0x01, 0x01, 0x01, 0x01, 0x00, 0x00,
  0x00, 0x00, 0x01, 0x00, 0x00, 0x01, 0x01, 0x01, 0x00, 0x00, 0x00, 0x01, 0x00, 0x00, 0x00, 0x01,
  0x04, 0x00, 0x02, 0x00, 0x00, 0x01, 0x01, 0x04, 0x01, 0x30, 0x40, 0x03, 0x00, 0x00, 0x00, 0x00,
  0x00, 0x00, 0x00, 0x00, 0x00, 0x00, 0x00, 0x00, 0x00, 0x00, 0x00, 0x00, 0x00, 0x00, 0x02, 0x01,
  0x00, 0x00, 0x00, 0x01, 0x03, 0x01, 0x00, 0x00, 0x00, 0x00, 0x00, 0x00, 0x00, 0x00, 0x00, 0x00,
  0x00, 0x00, 0x00, 0x00, 0x00, 0x00, 0x00, 0x00, 0x00, 0x00, 0x00, 0x02, 0x00, 0x00, 0x00, 0x00,
  0x00, 0x00, 0x00, 0x00, 0x00, 0x00, 0x00, 0x00, 0x00, 0x00, 0x00, 0x00, 0x00, 0x00, 0x00, 0x00,
  0x00, 0x00, 0x00, 0x00, 0x00, 0x00, 0x00, 0x00, 0x00, 0x00, 0x00, 0x00, 0x00, 0x00, 0x00, 0x00,
  0x00, 0x00, 0x00, 0x00, 0x00, 0x00, 0x00, 0x00, 0x00, 0x00, 0x00, 0x00, 0x00, 0x00, 0x00, 0x00,
  0x00, 0x00, 0x00, 0x00, 0x00, 0x00, 0x00, 0x00, 0x00, 0x00, 0x00, 0x00, 0x00, 0x00, 0x00, 0x00,
  0x00, 0x00, 0x00, 0x00, 0x00, 0x00, 0x00, 0x00, 0x00, 0x00, 0x00, 0x00, 0x00, 0x00, 0x00, 0x00,
  0x00, 0x00, 0x00, 0x00, 0x00, 0x00, 0x00, 0x00, 0x00, 0x00, 0x00, 0x00, 0x00, 0x00, 0x00, 0x00,
  0x00, 0x00, 0x00, 0x00, 0x00, 0x00, 0x00, 0x00, 0x00, 0x00, 0x00, 0x00, 0x00, 0x00, 0x00, 0x00,
  0x00, 0x00, 0x00, 0x00, 0x00, 0x00, 0x00, 0x00, 0x00, 0x00, 0x00, 0x00, 0x00, 0x13, 0x14, 0x0c,
  0x00, 0x01, 0x00, 0x00, 0x00, 0x0d, 0x16, 0x00, 0x02, 0x01, 0x00, 0x02, 0x02, 0x00, 0x09, 0x0e,
  0x17, 0x2d, 0x0d, 0x02, 0x05, 0x08, 0x01, 0x00, 0x07, 0x0b, 0x42, 0x50, 0x0f, 0x06, 0x06, 0x00,
  0x01, 0x00, 0x00, 0x00, 0x00, 0x00, 0x00, 0x05, 0x01, 0x00, 0x00, 0x00, 0x00, 0x01, 0x00, 0x01,
  0x01, 0x01, 0x00, 0x00, 0x01, 0x00, 0x01, 0x00, 0x00, 0x00, 0x02, 0x00, 0x25, 0x7b, 0xd2, 0x76,
  0x01, 0x02, 0x00, 0x00, 0x00, 0x00, 0x00, 0x00, 0x00, 0x00, 0x00, 0x00, 0x00, 0x00, 0x00, 0x00,
  0x00, 0x00, 0x00, 0x00, 0x00, 0x00, 0x01, 0x05, 0x08, 0x04, 0x00, 0x00, 0x00, 0x00, 0x00, 0x00,
  0x00, 0x00, 0x00, 0x00, 0x00, 0x00, 0x00, 0x00, 0x00, 0x00, 0x00, 0x00, 0x00, 0x00, 0x00, 0x00,
  0x00, 0x01, 0x01, 0x00, 0x00, 0x00, 0x00, 0x00, 0x00, 0x00, 0x00, 0x00, 0x00, 0x00, 0x00, 0x00,
  0x00, 0x00, 0x00, 0x00, 0x00, 0x00, 0x00, 0x00, 0x00, 0x00, 0x00, 0x00, 0x00, 0x00, 0x00, 0x00,
  0x00, 0x00, 0x00, 0x00, 0x00, 0x00, 0x00, 0x00, 0x00, 0x00, 0x00, 0x00, 0x00, 0x00, 0x00, 0x00,
  0x00, 0x00, 0x00, 0x00, 0x00, 0x00, 0x00, 0x00, 0x00, 0x00, 0x00, 0x00, 0x00, 0x00, 0x00, 0x00,
  0x00, 0x00, 0x00, 0x00, 0x00, 0x00, 0x00, 0x00, 0x00, 0x00, 0x00, 0x00, 0x00, 0x00, 0x00, 0x00,
  0x00, 0x00, 0x00, 0x00, 0x00, 0x00, 0x00, 0x00, 0x00, 0x00, 0x00, 0x00, 0x00, 0x00, 0x00, 0x00,
  0x00, 0x00, 0x00, 0x00, 0x00, 0x00, 0x00, 0x00, 0x00, 0x00, 0x00, 0x00, 0x00, 0x00, 0x00, 0x00,
  0x00, 0x00, 0x00, 0x00, 0x00, 0x00, 0x00, 0x00, 0x00, 0x00, 0x00, 0x00, 0x00, 0x00, 0x00, 0x01,
  0x00, 0x09, 0x64, 0x45, 0x08, 0x01, 0x00, 0x00, 0x00, 0x00, 0x06, 0x0a, 0x00, 0x01, 0x00, 0x00,
  0x02, 0x03, 0x0e, 0x21, 0x1a, 0x30, 0x18, 0x0c, 0x02, 0x00, 0x00, 0x0e, 0x25, 0x01, 0x05, 0x02,
  0x02, 0x09, 0x01, 0x00, 0x00, 0x00, 0x01, 0x02, 0x00, 0x00, 0x00, 0x00, 0x09, 0x1e, 0x05, 0x02,
  0x0a, 0x07, 0x00, 0x00, 0x00, 0x03, 0x04, 0x01, 0x00, 0x00, 0x00, 0x02, 0x03, 0x04, 0x02, 0x06,
  0x04, 0x15, 0x39, 0x98, 0x91, 0x00, 0x01, 0x00, 0x00, 0x00, 0x01, 0x01, 0x00, 0x00, 0x00, 0x00,
  0x00, 0x00, 0x00, 0x00, 0x01, 0x00, 0x00, 0x00, 0x01, 0x01, 0x00, 0x00, 0x02, 0x09, 0x04, 0x01,
  0x01, 0x00, 0x00, 0x00, 0x00, 0x00, 0x00, 0x00, 0x00, 0x00, 0x00, 0x00, 0x00, 0x00, 0x00, 0x00,
  0x00, 0x00, 0x00, 0x00, 0x00, 0x00, 0x00, 0x00, 0x00, 0x00, 0x00, 0x00, 0x00, 0x00, 0x00, 0x00,
  0x00, 0x00, 0x00, 0x00, 0x00, 0x00, 0x00, 0x00, 0x00, 0x00, 0x00, 0x00, 0x00, 0x00, 0x00, 0x00,
  0x00, 0x00, 0x00, 0x00, 0x00, 0x00, 0x00, 0x00, 0x00, 0x00, 0x00, 0x00, 0x00, 0x00, 0x00, 0x00,
  0x00, 0x00, 0x00, 0x00, 0x00, 0x00, 0x00, 0x00, 0x00, 0x00, 0x00, 0x00, 0x00, 0x00, 0x00, 0x00,
  0x00, 0x00, 0x00, 0x00, 0x00, 0x00, 0x00, 0x00, 0x00, 0x00, 0x00, 0x00, 0x00, 0x00, 0x00, 0x00,
  0x00, 0x00, 0x00, 0x00, 0x00, 0x00, 0x00, 0x00, 0x00, 0x00, 0x00, 0x00, 0x00, 0x00, 0x00, 0x00,
  0x00, 0x00, 0x00, 0x00, 0x00, 0x00, 0x00, 0x00, 0x00, 0x00, 0x00, 0x00, 0x00, 0x00, 0x00, 0x00,
  0x00, 0x00, 0x00, 0x00, 0x00, 0x00, 0x00, 0x00, 0x00, 0x00, 0x00, 0x00, 0x00, 0x00, 0x00, 0x00,
  0x00, 0x00, 0x00, 0x01, 0x01, 0x00, 0x02, 0x09, 0x07, 0x00, 0x00, 0x00, 0x00, 0x00, 0x00, 0x00,
  0x00, 0x02, 0x05, 0x00, 0x00, 0x01, 0x01, 0x04, 0x40, 0x90, 0x8a, 0x2b, 0x0e, 0x04, 0x00, 0x01,
  0x05, 0x1b, 0x0e, 0x00, 0x00, 0x00, 0x00, 0x01, 0x00, 0x00, 0x00, 0x00, 0x01, 0x00, 0x00, 0x02,
  0x01, 0x04, 0x11, 0x06, 0x0f, 0x28, 0x0f, 0x00, 0x03, 0x04, 0x00, 0x04, 0x02, 0x00, 0x00, 0x01,
  0x01, 0x01, 0x01, 0x01, 0x00, 0x01, 0x00, 0x00, 0x1c, 0x5a, 0x01, 0x00, 0x00, 0x00, 0x00, 0x00,
  0x00, 0x00, 0x00, 0x00, 0x00, 0x00, 0x00, 0x00, 0x00, 0x00, 0x00, 0x00, 0x00, 0x00, 0x00, 0x00,
  0x00, 0x01, 0x03, 0x03, 0x03, 0x01, 0x00, 0x00, 0x00, 0x00, 0x00, 0x00, 0x00, 0x00, 0x00, 0x00,
  0x00, 0x00, 0x00, 0x00, 0x00, 0x00, 0x00, 0x00, 0x00, 0x00, 0x00, 0x00, 0x00, 0x00, 0x00, 0x00,
  0x00, 0x00, 0x00, 0x00, 0x00, 0x00, 0x00, 0x00, 0x00, 0x00, 0x00, 0x00, 0x00, 0x00, 0x00, 0x00,
  0x00, 0x00, 0x00, 0x00, 0x00, 0x00, 0x00, 0x00, 0x00, 0x00, 0x00, 0x00, 0x00, 0x00, 0x00, 0x00,
  0x00, 0x00, 0x00, 0x00, 0x00, 0x00, 0x00, 0x00, 0x00, 0x00, 0x00, 0x00, 0x00, 0x00, 0x00, 0x00,
  0x00, 0x00, 0x00, 0x00, 0x00, 0x00, 0x00, 0x00, 0x00, 0x00, 0x00, 0x00, 0x00, 0x00, 0x00, 0x00,
  0x00, 0x00, 0x00, 0x00, 0x00, 0x00, 0x00, 0x00, 0x00, 0x00, 0x00, 0x00, 0x00, 0x00, 0x00, 0x00,
  0x00, 0x00, 0x00, 0x00, 0x00, 0x00, 0x00, 0x00, 0x00, 0x00, 0x00, 0x00, 0x00, 0x00, 0x00, 0x00,
  0x00, 0x00, 0x00, 0x00, 0x00, 0x00, 0x00, 0x00, 0x00, 0x00, 0x00, 0x00, 0x00, 0x00, 0x00, 0x00,
  0x00, 0x00, 0x00, 0x00, 0x00, 0x00, 0x00, 0x00, 0x00, 0x00, 0x00, 0x01, 0x00, 0x00, 0x00, 0x00,
  0x00, 0x00, 0x00, 0x00, 0x00, 0x00, 0x01, 0x11, 0x06, 0x00, 0x01, 0x01, 0x00, 0x6a, 0xc6, 0x83,
  0x51, 0x18, 0x03, 0x03, 0x01, 0x00, 0x0f, 0x09, 0x00, 0x02, 0x02, 0x05, 0x02, 0x00, 0x00, 0x01,
  0x00, 0x01, 0x00, 0x02, 0x01, 0x00, 0x04, 0x00, 0x06, 0x13, 0x15, 0x0d, 0x04, 0x03, 0x01, 0x01,
  0x04, 0x02, 0x01, 0x00, 0x01, 0x00, 0x00, 0x00, 0x00, 0x00, 0x00, 0x01, 0x00, 0x01, 0x00, 0x01,
  0x00, 0x00, 0x00, 0x00, 0x00, 0x00, 0x00, 0x00, 0x00, 0x00, 0x00, 0x00, 0x00, 0x00, 0x00, 0x00,
  0x01, 0x00, 0x3c, 0x5d, 0x05, 0x01, 0x01, 0x2b, 0x1a, 0x02, 0x00, 0x00, 0x00, 0x00, 0x00, 0x00,
  0x00, 0x00, 0x00, 0x00, 0x00, 0x00, 0x00, 0x00, 0x00, 0x00, 0x00, 0x00, 0x00, 0x00, 0x00, 0x00,
  0x00, 0x00, 0x00, 0x00, 0x00, 0x00, 0x00, 0x00, 0x00, 0x00, 0x00, 0x00, 0x00, 0x00, 0x00, 0x00,
  0x00, 0x00, 0x00, 0x00, 0x00, 0x00, 0x00, 0x00, 0x00, 0x00, 0x00, 0x00, 0x00, 0x00, 0x00, 0x00,
  0x00, 0x00, 0x00, 0x00, 0x00, 0x00, 0x00, 0x00, 0x00, 0x00, 0x00, 0x00, 0x00, 0x00, 0x00, 0x00,
  0x00, 0x00, 0x00, 0x00, 0x00, 0x00, 0x00, 0x00, 0x00, 0x00, 0x00, 0x00, 0x00, 0x00, 0x00, 0x00,
  0x00, 0x00, 0x00, 0x00, 0x00, 0x00, 0x00, 0x00, 0x00, 0x00, 0x00, 0x00, 0x00, 0x00, 0x00, 0x00,
  0x00, 0x00, 0x00, 0x00, 0x00, 0x00, 0x00, 0x00, 0x00, 0x00, 0x00, 0x00, 0x00, 0x00, 0x00, 0x00,
  0x00, 0x00, 0x00, 0x00, 0x00, 0x00, 0x00, 0x00, 0x00, 0x00, 0x00, 0x00, 0x00, 0x00, 0x00, 0x00,
  0x00, 0x00, 0x00, 0x00, 0x00, 0x00, 0x00, 0x00, 0x00, 0x00, 0x00, 0x00, 0x00, 0x01, 0x02, 0x00,
  0x00, 0x00, 0x00, 0x00, 0x00, 0x00, 0x00, 0x00, 0x00, 0x01, 0x01, 0x02, 0x0f, 0x0c, 0x04, 0x00,
  0x00, 0x04, 0x76, 0x8e, 0x8b, 0x57, 0x15, 0x03, 0x02, 0x00, 0x05, 0x11, 0x04, 0x01, 0x03, 0x06,
  0x00, 0x01, 0x00, 0x02, 0x00, 0x02, 0x04, 0x02, 0x04, 0x1b, 0x1a, 0x05, 0x08, 0x07, 0x0a, 0x07,
  0x0c, 0x05, 0x00, 0x00, 0x02, 0x04, 0x00, 0x00, 0x01, 0x04, 0x01, 0x00, 0x01, 0x00, 0x00, 0x00,
  0x00, 0x1f, 0x0f, 0x07, 0x00, 0x00, 0x00, 0x00, 0x00, 0x00, 0x15, 0x05, 0x06, 0x01, 0x00, 0x00,
  0x00, 0x00, 0x00, 0x00, 0x00, 0x00, 0x02, 0x39, 0x2f, 0x00, 0x01, 0x02, 0x4c, 0x2a, 0x01, 0x00,
  0x00, 0x00, 0x00, 0x00, 0x00, 0x00, 0x00, 0x00, 0x00, 0x00, 0x00, 0x00, 0x00, 0x00, 0x00, 0x00,
  0x00, 0x00, 0x00, 0x00, 0x00, 0x00, 0x00, 0x00, 0x00, 0x00, 0x00, 0x00, 0x00, 0x00, 0x00, 0x00,
  0x00, 0x00, 0x00, 0x00, 0x00, 0x00, 0x00, 0x00, 0x00, 0x00, 0x00, 0x00, 0x00, 0x00, 0x00, 0x00,
  0x00, 0x00, 0x00, 0x00, 0x00, 0x00, 0x00, 0x00, 0x00, 0x00, 0x00, 0x00, 0x00, 0x00, 0x00, 0x00,
  0x00, 0x00, 0x00, 0x00, 0x00, 0x00, 0x00, 0x00, 0x00, 0x00, 0x00, 0x00, 0x00, 0x00, 0x00, 0x00,
  0x00, 0x00, 0x00, 0x00, 0x00, 0x00, 0x00, 0x00, 0x00, 0x00, 0x00, 0x00, 0x00, 0x00, 0x00, 0x00,
  0x00, 0x00, 0x00, 0x00, 0x00, 0x00, 0x00, 0x00, 0x00, 0x00, 0x00, 0x00, 0x00, 0x00, 0x00, 0x00,
  0x00, 0x00, 0x00, 0x00, 0x00, 0x00, 0x00, 0x00, 0x00, 0x00, 0x00, 0x00, 0x00, 0x00, 0x00, 0x00,
  0x00, 0x01, 0x01, 0x00, 0x00, 0x00, 0x03, 0x01, 0x00, 0x00, 0x00, 0x00, 0x00, 0x00, 0x00, 0x00,
  0x00, 0x00, 0x02, 0x04, 0x00, 0x00, 0x00, 0x00, 0x00, 0x00, 0x00, 0x00, 0x00, 0x01, 0x04, 0x01,
  0x02, 0x02, 0x0a, 0x02, 0x00, 0x00, 0x07, 0x5a, 0x56, 0x58, 0x28, 0x19, 0x05, 0x00, 0x02, 0x03,
  0x00, 0x03, 0x04, 0x00, 0x10, 0x22, 0x03, 0x01, 0x04, 0x02, 0x00, 0x03, 0x02, 0x0a, 0x66, 0x58,
  0x0c, 0x0a, 0x0a, 0x08, 0x03, 0x00, 0x0d, 0x12, 0x10, 0x16, 0x02, 0x0d, 0x0a, 0x04, 0x09, 0x02,
  0x00, 0x00, 0x00, 0x01, 0x00, 0x19, 0x7a, 0x0b, 0x00, 0x02, 0x00, 0x00, 0x00, 0x04, 0x01, 0x10,
  0x12, 0x11, 0x01, 0x00, 0x00, 0x00, 0x00, 0x00, 0x00, 0x01, 0x00, 0x01, 0x00, 0x00, 0x02, 0x04,
  0x06, 0x07, 0x01, 0x00, 0x00, 0x00, 0x00, 0x00, 0x00, 0x01, 0x00, 0x00, 0x00, 0x00, 0x00, 0x00,
  0x00, 0x00, 0x00, 0x00, 0x00, 0x00, 0x00, 0x00, 0x00, 0x00, 0x00, 0x00, 0x00, 0x00, 0x00, 0x00,
  0x00, 0x00, 0x00, 0x00, 0x00, 0x00, 0x00, 0x00, 0x00, 0x00, 0x00, 0x00, 0x00, 0x00, 0x00, 0x00,
  0x00, 0x00, 0x00, 0x00, 0x00, 0x00, 0x00, 0x00, 0x00, 0x00, 0x00, 0x00, 0x00, 0x00, 0x00, 0x00,
  0x00, 0x00, 0x00, 0x00, 0x00, 0x00, 0x00, 0x00, 0x00, 0x00, 0x00, 0x00, 0x00, 0x00, 0x00, 0x00,
  0x00, 0x00, 0x00, 0x00, 0x00, 0x00, 0x00, 0x00, 0x00, 0x00, 0x00, 0x00, 0x00, 0x00, 0x00, 0x00,
  0x00, 0x00, 0x00, 0x00, 0x00, 0x00, 0x00, 0x00, 0x00, 0x00, 0x00, 0x00, 0x00, 0x00, 0x00, 0x00,
  0x00, 0x00, 0x00, 0x00, 0x00, 0x00, 0x00, 0x00, 0x00, 0x00, 0x00, 0x00, 0x00, 0x00, 0x00, 0x00,
  0x00, 0x00, 0x00, 0x00, 0x00, 0x00, 0x00, 0x00, 0x00, 0x00, 0x00, 0x00, 0x00, 0x00, 0x00, 0x00,
  0x00, 0x00, 0x01, 0x01, 0x00, 0x01, 0x02, 0x02, 0x01, 0x00, 0x00, 0x00, 0x01, 0x00, 0x00, 0x00,
  0x00, 0x00, 0x00, 0x02, 0x00, 0x00, 0x00, 0x00, 0x00, 0x01, 0x00, 0x03, 0x0f, 0x1c, 0x38, 0x52,
  0x2e, 0x09, 0x01, 0x03, 0x01, 0x05, 0x08, 0x06, 0x02, 0x13, 0x4c, 0x1e, 0x07, 0x04, 0x04, 0x05,
  0x02, 0x02, 0x00, 0x12, 0x33, 0x09, 0x0a, 0x0d, 0x0b, 0x07, 0x0b, 0x0e, 0x11, 0x10, 0x17, 0x0d,
  0x0e, 0x13, 0x02, 0x08, 0x12, 0x02, 0x00, 0x02, 0x0e, 0x01, 0x19, 0x2a, 0x00, 0x02, 0x04, 0x06,
  0x00, 0x06, 0x0e, 0x05, 0x07, 0x07, 0x03, 0x01, 0x01, 0x02, 0x00, 0x00, 0x01, 0x00, 0x01, 0x01,
  0x02, 0x03, 0x01, 0x01, 0x06, 0x05, 0x02, 0x03, 0x02, 0x02, 0x00, 0x01, 0x00, 0x01, 0x00, 0x01,
  0x02, 0x02, 0x01, 0x01, 0x00, 0x00, 0x00, 0x00, 0x00, 0x00, 0x00, 0x00, 0x00, 0x00, 0x00, 0x00,
  0x00, 0x00, 0x00, 0x00, 0x00, 0x00, 0x00, 0x00, 0x00, 0x00, 0x00, 0x00, 0x00, 0x00, 0x00, 0x00,
  0x00, 0x00, 0x00, 0x00, 0x00, 0x00, 0x00, 0x00, 0x00, 0x00, 0x00, 0x00, 0x00, 0x00, 0x00, 0x00,
  0x00, 0x00, 0x00, 0x00, 0x00, 0x00, 0x00, 0x00, 0x00, 0x00, 0x00, 0x00, 0x00, 0x00, 0x00, 0x00,
  0x00, 0x00, 0x00, 0x00, 0x00, 0x00, 0x00, 0x00, 0x00, 0x00, 0x00, 0x00, 0x00, 0x00, 0x00, 0x00,
  0x00, 0x00, 0x00, 0x00, 0x00, 0x00, 0x00, 0x00, 0x00, 0x00, 0x00, 0x00, 0x00, 0x00, 0x00, 0x00,
  0x00, 0x00, 0x00, 0x00, 0x00, 0x00, 0x00, 0x00, 0x00, 0x00, 0x00, 0x00, 0x00, 0x00, 0x00, 0x00,
  0x00, 0x00, 0x00, 0x00, 0x00, 0x00, 0x00, 0x00, 0x00, 0x00, 0x06, 0x12, 0x07, 0x00, 0x00, 0x00,
  0x00, 0x00, 0x00, 0x00, 0x00, 0x00, 0x00, 0x00, 0x00, 0x01, 0x01, 0x02, 0x00, 0x00, 0x00, 0x00,
  0x00, 0x01, 0x05, 0x01, 0x00, 0x00, 0x00, 0x00, 0x00, 0x00, 0x00, 0x00, 0x01, 0x00, 0x01, 0x00,
  0x00, 0x08, 0x11, 0x1b, 0x37, 0x40, 0x08, 0x03, 0x03, 0x04, 0x01, 0x05, 0x09, 0x06, 0x12, 0x23,
  0x22, 0x1a, 0x07, 0x0b, 0x0e, 0x0d, 0x08, 0x0b, 0x0b, 0x1b, 0x1c, 0x2a, 0x1b, 0x01, 0x16, 0x18,
  0x14, 0x0e, 0x06, 0x10, 0x10, 0x00, 0x02, 0x04, 0x0b, 0x0d, 0x09, 0x08, 0x6a, 0x42, 0x00, 0x0c,
  0x08, 0x01, 0x02, 0x00, 0x09, 0x00, 0x25, 0x31, 0x00, 0x0d, 0x16, 0x02, 0x02, 0x02, 0x03, 0x02,
  0x01, 0x00, 0x00, 0x00, 0x04, 0x07, 0x03, 0x01, 0x00, 0x01, 0x01, 0x02, 0x01, 0x01, 0x01, 0x00,
  0x01, 0x02, 0x0b, 0x1b, 0x08, 0x00, 0x05, 0x01, 0x01, 0x00, 0x00, 0x00, 0x00, 0x00, 0x00, 0x00,
  0x00, 0x00, 0x00, 0x00, 0x00, 0x00, 0x00, 0x00, 0x00, 0x00, 0x00, 0x00, 0x00, 0x00, 0x00, 0x00,
  0x00, 0x00, 0x00, 0x00, 0x00, 0x00, 0x00, 0x00, 0x00, 0x00, 0x00, 0x00, 0x00, 0x00, 0x00, 0x00,
  0x00, 0x00, 0x00, 0x00, 0x00, 0x00, 0x00, 0x00, 0x00, 0x00, 0x00, 0x00, 0x00, 0x00, 0x00, 0x00,
  0x00, 0x00, 0x00, 0x00, 0x00, 0x00, 0x00, 0x00, 0x00, 0x00, 0x00, 0x00, 0x00, 0x00, 0x00, 0x00,
  0x00, 0x00, 0x00, 0x00, 0x00, 0x00, 0x00, 0x00, 0x00, 0x00, 0x00, 0x00, 0x00, 0x00, 0x00, 0x00,
  0x00, 0x00, 0x00, 0x00, 0x00, 0x00, 0x00, 0x00, 0x00, 0x00, 0x00, 0x00, 0x00, 0x00, 0x00, 0x00,
  0x00, 0x00, 0x00, 0x00, 0x00, 0x00, 0x00, 0x00, 0x00, 0x00, 0x00, 0x00, 0x00, 0x02, 0x00, 0x2a,
  0xb3, 0x7a, 0x09, 0x01, 0x00, 0x00, 0x00, 0x00, 0x00, 0x00, 0x00, 0x00, 0x00, 0x00, 0x00, 0x02,
  0x02, 0x00, 0x00, 0x00, 0x00, 0x00, 0x00, 0x14, 0x1a, 0x00, 0x03, 0x00, 0x00, 0x00, 0x00, 0x00,
  0x00, 0x00, 0x01, 0x00, 0x00, 0x01, 0x04, 0x08, 0x1f, 0x53, 0x27, 0x05, 0x05, 0x08, 0x03, 0x0c,
  0x17, 0x07, 0x07, 0x10, 0x1a, 0x11, 0x40, 0x5d, 0x12, 0x13, 0x14, 0x0b, 0x3d, 0x57, 0x38, 0x66,
  0xb6, 0x54, 0x0b, 0x3a, 0x1e, 0x3d, 0x1f, 0x06, 0x10, 0x03, 0x54, 0x72, 0x16, 0x10, 0x0f, 0x02,
  0x24, 0x8a, 0x27, 0x08, 0x23, 0x14, 0x02, 0x03, 0x04, 0x08, 0x04, 0x2c, 0x2f, 0x04, 0x17, 0x0c,
  0x01, 0x01, 0x01, 0x07, 0x05, 0x01, 0x02, 0x02, 0x02, 0x02, 0x00, 0x00, 0x03, 0x00, 0x07, 0x03,
  0x01, 0x01, 0x01, 0x00, 0x00, 0x01, 0x00, 0x5c, 0x66, 0x0b, 0x0c, 0x08, 0x00, 0x01, 0x01, 0x00,
  0x00, 0x00, 0x00, 0x00, 0x00, 0x00, 0x00, 0x00, 0x01, 0x00, 0x00, 0x00, 0x00, 0x00, 0x00, 0x00,
  0x00, 0x00, 0x00, 0x00, 0x00, 0x00, 0x00, 0x00, 0x00, 0x00, 0x00, 0x00, 0x00, 0x00, 0x00, 0x00,
  0x00, 0x00, 0x00, 0x00, 0x00, 0x00, 0x00, 0x00, 0x00, 0x00, 0x00, 0x00, 0x00, 0x00, 0x00, 0x00,
  0x00, 0x00, 0x00, 0x00, 0x00, 0x00, 0x00, 0x00, 0x00, 0x00, 0x00, 0x00, 0x00, 0x00, 0x00, 0x00,
  0x00, 0x00, 0x00, 0x00, 0x00, 0x00, 0x00, 0x00, 0x00, 0x00, 0x00, 0x00, 0x00, 0x00, 0x00, 0x00,
  0x00, 0x00, 0x00, 0x00, 0x00, 0x00, 0x00, 0x00, 0x00, 0x00, 0x00, 0x00, 0x00, 0x00, 0x00, 0x00,
  0x00, 0x00, 0x00, 0x00, 0x00, 0x00, 0x00, 0x00, 0x00, 0x00, 0x00, 0x00, 0x00, 0x00, 0x00, 0x00,
  0x00, 0x00, 0x02, 0x02, 0x0e, 0x59, 0x53, 0x06, 0x00, 0x00, 0x00, 0x00, 0x00, 0x00, 0x00, 0x00,
  0x00, 0x00, 0x00, 0x00, 0x00, 0x00, 0x00, 0x00, 0x00, 0x00, 0x00, 0x00, 0x02, 0x0b, 0x02, 0x01,
  0x00, 0x00, 0x00, 0x00, 0x00, 0x00, 0x00, 0x00, 0x00, 0x00, 0x02, 0x06, 0x27, 0xa0, 0x79, 0x14,
  0x13, 0x26, 0x26, 0x07, 0x17, 0x36, 0x22, 0x1f, 0x21, 0x0c, 0x4b, 0x67, 0x36, 0x40, 0x30, 0x11,
  0x0d, 0x44, 0x47, 0x32, 0x89, 0x96, 0x40, 0x1a, 0x26, 0x35, 0x3b, 0x17, 0x12, 0x1e, 0x17, 0x36,
  0x34, 0x10, 0x0e, 0x08, 0x03, 0x09, 0x08, 0x03, 0x15, 0x5c, 0x06, 0x07, 0x09, 0x09, 0x05, 0x07,
  0x08, 0x03, 0x08, 0x08, 0x02, 0x01, 0x02, 0x01, 0x08, 0x06, 0x00, 0x02, 0x04, 0x05, 0x03, 0x2e,
  0x33, 0x00, 0x05, 0x07, 0x03, 0x00, 0x01, 0x02, 0x00, 0x01, 0x01, 0x01, 0x4b, 0x30, 0x0c, 0x10,
  0x04, 0x07, 0x00, 0x00, 0x00, 0x00, 0x00, 0x00, 0x00, 0x00, 0x00, 0x00, 0x00, 0x00, 0x00, 0x00,
  0x00, 0x00, 0x00, 0x00, 0x00, 0x00, 0x00, 0x00, 0x00, 0x00, 0x00, 0x00, 0x00, 0x00, 0x00, 0x00,
  0x00, 0x00, 0x00, 0x00, 0x00, 0x00, 0x00, 0x00, 0x00, 0x00, 0x00, 0x00, 0x00, 0x00, 0x00, 0x00,
  0x00, 0x00, 0x00, 0x00, 0x00, 0x00, 0x00, 0x00, 0x00, 0x00, 0x00, 0x00, 0x00, 0x00, 0x00, 0x00,
  0x00, 0x00, 0x00, 0x00, 0x00, 0x00, 0x00, 0x00, 0x00, 0x00, 0x00, 0x00, 0x00, 0x00, 0x00, 0x00,
  0x00, 0x00, 0x00, 0x00, 0x00, 0x00, 0x00, 0x00, 0x00, 0x00, 0x00, 0x00, 0x00, 0x00, 0x00, 0x00,
  0x00, 0x00, 0x00, 0x00, 0x00, 0x00, 0x00, 0x00, 0x00, 0x00, 0x00, 0x00, 0x00, 0x00, 0x00, 0x00,
  0x00, 0x00, 0x03, 0x04, 0x01, 0x05, 0x03, 0x02, 0x01, 0x00, 0x00, 0x00, 0x00, 0x01, 0x01, 0x00,
  0x00, 0x00, 0x00, 0x00, 0x00, 0x00, 0x00, 0x00, 0x00, 0x01, 0x01, 0x00, 0x00, 0x00, 0x00, 0x00,
  0x00, 0x00, 0x00, 0x01, 0x00, 0x00, 0x00, 0x00, 0x00, 0x00, 0x00, 0x00, 0x00, 0x01, 0x00, 0x02,
  0x00, 0x51, 0xf2, 0x84, 0x2c, 0x35, 0x3f, 0x23, 0x1d, 0x17, 0x3e, 0x79, 0x66, 0x66, 0x13, 0x22,
  0x4b, 0x1b, 0x38, 0x20, 0x0e, 0x28, 0x5c, 0x2e, 0x2a, 0xb7, 0x80, 0x1b, 0x0f, 0x33, 0x51, 0x2a,
  0x19, 0x15, 0x25, 0x77, 0x24, 0x02, 0x07, 0x03, 0x01, 0x01, 0x00, 0x06, 0x01, 0x0a, 0x24, 0x0e,
  0x08, 0x04, 0x00, 0x03, 0x06, 0x09, 0x03, 0x0c, 0x0a, 0x00, 0x01, 0x03, 0x04, 0x06, 0x01, 0x03,
  0x04, 0x02, 0x03, 0x00, 0x40, 0x40, 0x00, 0x09, 0x05, 0x02, 0x02, 0x00, 0x05, 0x07, 0x01, 0x00,
  0x01, 0x14, 0x44, 0x69, 0x0e, 0x04, 0x07, 0x00, 0x00, 0x00, 0x00, 0x00, 0x00, 0x00, 0x00, 0x00,
  0x00, 0x00, 0x00, 0x00, 0x00, 0x00, 0x00, 0x00, 0x00, 0x00, 0x00, 0x00, 0x00, 0x00, 0x00, 0x00,
  0x00, 0x00, 0x00, 0x00, 0x00, 0x00, 0x00, 0x00, 0x00, 0x00, 0x00, 0x00, 0x00, 0x00, 0x00, 0x00,
  0x00, 0x00, 0x00, 0x00, 0x00, 0x00, 0x00, 0x00, 0x00, 0x00, 0x00, 0x00, 0x00, 0x00, 0x00, 0x00,
  0x00, 0x00, 0x00, 0x00, 0x00, 0x00, 0x00, 0x00, 0x00, 0x00, 0x00, 0x00, 0x00, 0x00, 0x00, 0x00,
  0x00, 0x00, 0x00, 0x00, 0x00, 0x00, 0x00, 0x00, 0x00, 0x00, 0x00, 0x00, 0x00, 0x00, 0x00, 0x00,
  0x00, 0x00, 0x00, 0x00, 0x00, 0x00, 0x00, 0x00, 0x00, 0x00, 0x00, 0x00, 0x00, 0x00, 0x00, 0x00,
  0x00, 0x00, 0x01, 0x02, 0x00, 0x00, 0x00, 0x02, 0x02, 0x02, 0x02, 0x04, 0x00, 0x00, 0x00, 0x02,
  0x02, 0x03, 0x02, 0x02, 0x01, 0x01, 0x00, 0x00, 0x00, 0x00, 0x00, 0x01, 0x01, 0x00, 0x01, 0x02,
  0x00, 0x00, 0x01, 0x00, 0x00, 0x01, 0x01, 0x01, 0x01, 0x00, 0x00, 0x00, 0x00, 0x00, 0x00, 0x01,
  0x02, 0x01, 0x02, 0x00, 0x06, 0x0b, 0x27, 0x95, 0x89, 0x79, 0x26, 0x17, 0x1f, 0x3c, 0x45, 0x34,
  0x5f, 0x78, 0x5e, 0x40, 0x13, 0x2d, 0x43, 0x09, 0x09, 0x20, 0x34, 0x62, 0x5d, 0x62, 0x8b, 0x58,
  0x0b, 0x07, 0x32, 0x1d, 0x0c, 0x17, 0x0a, 0x3f, 0x8d, 0x1a, 0x0f, 0x13, 0x07, 0x0e, 0x05, 0x08,
  0x0d, 0x15, 0x17, 0x08, 0x12, 0x09, 0x07, 0x08, 0x07, 0x0e, 0x0d, 0x07, 0x15, 0x12, 0x06, 0x06,
  0x03, 0x03, 0x06, 0x00, 0x07, 0x05, 0x05, 0x07, 0x00, 0x00, 0x00, 0x00, 0x07, 0x01, 0x07, 0x05,
  0x02, 0x05, 0x06, 0x06, 0x02, 0x0a, 0x19, 0xbc, 0x7a, 0x01, 0x0b, 0x02, 0x00, 0x00, 0x00, 0x00,
  0x00, 0x00, 0x00, 0x00, 0x00, 0x00, 0x00, 0x00, 0x00, 0x00, 0x00, 0x00, 0x00, 0x00, 0x00, 0x00,
  0x00, 0x00, 0x00, 0x00, 0x00, 0x00, 0x00, 0x00, 0x00, 0x00, 0x00, 0x01, 0x01, 0x00, 0x00, 0x00,
  0x00, 0x00, 0x00, 0x00, 0x00, 0x00, 0x00, 0x00, 0x00, 0x00, 0x00, 0x00, 0x00, 0x00, 0x00, 0x00,
  0x00, 0x00, 0x00, 0x00, 0x00, 0x00, 0x00, 0x00, 0x00, 0x00, 0x00, 0x00, 0x00, 0x00, 0x00, 0x00,
  0x00, 0x00, 0x00, 0x00, 0x00, 0x00, 0x00, 0x00, 0x00, 0x00, 0x00, 0x00, 0x00, 0x00, 0x00, 0x00,
  0x00, 0x00, 0x00, 0x00, 0x00, 0x00, 0x00, 0x00, 0x00, 0x00, 0x00, 0x00, 0x00, 0x00, 0x00, 0x00,
  0x00, 0x00, 0x00, 0x00, 0x00, 0x00, 0x00, 0x03, 0x01, 0x00, 0x01, 0x00, 0x00, 0x00, 0x03, 0x02,
  0x01, 0x00, 0x00, 0x00, 0x00, 0x00, 0x00, 0x00, 0x00, 0x00, 0x00, 0x01, 0x00, 0x00, 0x00, 0x00,
  0x00, 0x00, 0x00, 0x00, 0x00, 0x01, 0x00, 0x00, 0x00, 0x01, 0x01, 0x00, 0x00, 0x00, 0x00, 0x01,
  0x00, 0x00, 0x00, 0x00, 0x03, 0x01, 0x03, 0x03, 0x01, 0x06, 0x11, 0x4f, 0x49, 0x3b, 0x72, 0x2a,
  0x0c, 0x19, 0x46, 0x7c, 0x7e, 0x56, 0x31, 0x40, 0x5f, 0x26, 0x18, 0x3e, 0x0c, 0x08, 0x15, 0x64,
  0x99, 0x5d, 0x7a, 0x8f, 0x48, 0x23, 0x19, 0x1d, 0x12, 0x16, 0x32, 0x1c, 0x45, 0x3a, 0x00, 0x14,
  0x14, 0x07, 0x11, 0x0f, 0x0e, 0x0f, 0x5f, 0x46, 0x0c, 0x05, 0x07, 0x08, 0x0a, 0x06, 0x05, 0x07,
  0x0c, 0x0d, 0x09, 0x07, 0x05, 0x03, 0x03, 0x06, 0x06, 0x02, 0x02, 0x03, 0x04, 0x00, 0x03, 0x07,
  0x00, 0x04, 0x04, 0x09, 0x09, 0x04, 0x0b, 0x0c, 0x04, 0x04, 0x04, 0x40, 0xdc, 0x6a, 0x00, 0x0f,
  0x03, 0x00, 0x00, 0x00, 0x00, 0x01, 0x00, 0x00, 0x00, 0x00, 0x00, 0x00, 0x00, 0x00, 0x00, 0x00,
  0x00, 0x00, 0x00, 0x00, 0x00, 0x00, 0x00, 0x00, 0x00, 0x00, 0x00, 0x00, 0x00, 0x00, 0x00, 0x00,
  0x00, 0x00, 0x00, 0x00, 0x00, 0x00, 0x00, 0x00, 0x00, 0x00, 0x00, 0x00, 0x00, 0x00, 0x00, 0x00,
  0x00, 0x00, 0x00, 0x00, 0x00, 0x00, 0x00, 0x00, 0x00, 0x00, 0x00, 0x00, 0x00, 0x00, 0x00, 0x00,
  0x00, 0x00, 0x00, 0x00, 0x00, 0x00, 0x00, 0x00, 0x00, 0x00, 0x00, 0x00, 0x00, 0x00, 0x00, 0x00,
  0x00, 0x00, 0x00, 0x00, 0x00, 0x00, 0x00, 0x00, 0x00, 0x00, 0x00, 0x00, 0x00, 0x00, 0x00, 0x00,
  0x00, 0x00, 0x00, 0x00, 0x00, 0x00, 0x00, 0x00, 0x00, 0x00, 0x00, 0x00, 0x02, 0x09, 0x00, 0x00,
  0x02, 0x02, 0x01, 0x01, 0x01, 0x02, 0x00, 0x00, 0x00, 0x00, 0x00, 0x00, 0x00, 0x00, 0x00, 0x00,
  0x00, 0x00, 0x00, 0x00, 0x00, 0x00, 0x00, 0x00, 0x00, 0x00, 0x00, 0x00, 0x00, 0x00, 0x00, 0x00,
  0x00, 0x00, 0x01, 0x02, 0x02, 0x00, 0x01, 0x01, 0x01, 0x02, 0x02, 0x04, 0x00, 0x06, 0x00, 0x32,
  0x87, 0x7a, 0x58, 0x56, 0x25, 0x3b, 0x39, 0x41, 0x7c, 0x8b, 0x98, 0x9b, 0x90, 0x51, 0x1d, 0x12,
  0x16, 0x29, 0x12, 0x1e, 0x77, 0x76, 0x59, 0x6b, 0x7c, 0x3d, 0x27, 0x15, 0x24, 0x1e, 0x65, 0x6a,
  0x22, 0x5d, 0x38, 0x05, 0x19, 0x16, 0x0e, 0x31, 0x20, 0x11, 0x5b, 0x79, 0x20, 0x0c, 0x06, 0x06,
  0x08, 0x08, 0x07, 0x08, 0x0c, 0x15, 0x0f, 0x0a, 0x0d, 0x06, 0x07, 0x0f, 0x08, 0x0b, 0x03, 0x03,
  0x07, 0x05, 0x02, 0x04, 0x04, 0x01, 0x06, 0x01, 0x25, 0x2d, 0x01, 0x0c, 0x0a, 0x04, 0x08, 0x0f,
  0x36, 0x31, 0x1c, 0x22, 0x0e, 0x01, 0x00, 0x00, 0x00, 0x00, 0x00, 0x00, 0x00, 0x00, 0x00, 0x00,
  0x00, 0x00, 0x00, 0x00, 0x00, 0x00, 0x00, 0x00, 0x00, 0x00, 0x00, 0x00, 0x00, 0x00, 0x00, 0x00,
  0x00, 0x00, 0x00, 0x00, 0x00, 0x00, 0x00, 0x00, 0x00, 0x00, 0x00, 0x00, 0x00, 0x00, 0x00, 0x00,
  0x00, 0x00, 0x00, 0x00, 0x00, 0x00, 0x00, 0x00, 0x00, 0x00, 0x00, 0x00, 0x00, 0x00, 0x00, 0x00,
  0x00, 0x00, 0x00, 0x00, 0x00, 0x00, 0x00, 0x00, 0x00, 0x00, 0x00, 0x00, 0x00, 0x00, 0x00, 0x00,
  0x00, 0x00, 0x00, 0x00, 0x00, 0x00, 0x00, 0x00, 0x00, 0x00, 0x00, 0x00, 0x00, 0x00, 0x00, 0x00,
  0x00, 0x00, 0x00, 0x00, 0x00, 0x00, 0x00, 0x00, 0x00, 0x00, 0x00, 0x00, 0x00, 0x00, 0x00, 0x00,
  0x00, 0x00, 0x0c, 0x2b, 0x1e, 0x00, 0x00, 0x02, 0x00, 0x00, 0x00, 0x07, 0x01, 0x01, 0x00, 0x00,
  0x01, 0x03, 0x00, 0x01, 0x01, 0x00, 0x00, 0x00, 0x00, 0x00, 0x00, 0x00, 0x00, 0x03, 0x00, 0x00,
  0x00, 0x00, 0x01, 0x00, 0x00, 0x03, 0x00, 0x01, 0x00, 0x00, 0x01, 0x00, 0x01, 0x01, 0x00, 0x03,
  0x05, 0x08, 0x00, 0x36, 0x9f, 0x4e, 0x66, 0x72, 0x36, 0x29, 0x45, 0x58, 0x80, 0xac, 0xaf, 0xc6,
  0x97, 0x9a, 0x49, 0x33, 0x2d, 0x13, 0x20, 0x1b, 0x2a, 0x71, 0x48, 0x71, 0x95, 0x78, 0x61, 0x70,
  0x6f, 0x4f, 0x83, 0x83, 0x0f, 0x78, 0x79, 0x1c, 0x10, 0x1b, 0x10, 0x1b, 0x7b, 0x20, 0x17, 0x5c,
  0x39, 0x3f, 0x17, 0x08, 0x0d, 0x04, 0x12, 0x20, 0x0c, 0x1f, 0x13, 0x1c, 0x14, 0x0d, 0x11, 0x0c,
  0x08, 0x0f, 0x0a, 0x0b, 0x0b, 0x06, 0x08, 0x05, 0x03, 0x07, 0x02, 0x02, 0x02, 0x0f, 0x23, 0x0e,
  0x00, 0x04, 0x07, 0x0e, 0x1b, 0x2e, 0x19, 0x26, 0x21, 0x0b, 0x03, 0x00, 0x00, 0x01, 0x00, 0x01,
  0x00, 0x00, 0x00, 0x00, 0x00, 0x00, 0x00, 0x00, 0x00, 0x00, 0x00, 0x00, 0x00, 0x00, 0x00, 0x00,
  0x00, 0x00, 0x00, 0x00, 0x00, 0x00, 0x00, 0x00, 0x00, 0x00, 0x00, 0x00, 0x00, 0x00, 0x00, 0x00,
  0x00, 0x00, 0x00, 0x00, 0x00, 0x00, 0x00, 0x00, 0x00, 0x00, 0x00, 0x00, 0x00, 0x00, 0x00, 0x00,
  0x00, 0x00, 0x00, 0x00, 0x00, 0x00, 0x00, 0x00, 0x00, 0x00, 0x00, 0x00, 0x00, 0x00, 0x00, 0x00,
  0x00, 0x00, 0x00, 0x00, 0x00, 0x00, 0x00, 0x00, 0x00, 0x00, 0x00, 0x00, 0x00, 0x00, 0x00, 0x00,
  0x00, 0x00, 0x00, 0x00, 0x00, 0x00, 0x00, 0x00, 0x00, 0x00, 0x00, 0x00, 0x00, 0x00, 0x00, 0x00,
  0x00, 0x00, 0x00, 0x00, 0x00, 0x00, 0x00, 0x00, 0x13, 0x49, 0x30, 0x03, 0x00, 0x05, 0x03, 0x00,
  0x27, 0x17, 0x00, 0x02, 0x00, 0x01, 0x02, 0x00, 0x03, 0x01, 0x00, 0x00, 0x00, 0x01, 0x02, 0x01,
  0x00, 0x00, 0x01, 0x00, 0x00, 0x00, 0x00, 0x01, 0x00, 0x01, 0x08, 0x04, 0x09, 0x08, 0x09, 0x00,
  0x00, 0x00, 0x01, 0x00, 0x09, 0x1f, 0x11, 0x26, 0xac, 0x78, 0x81, 0x7f, 0x2d, 0x33, 0x53, 0x4c,
  0x67, 0xd0, 0xcd, 0xd7, 0xd9, 0xc3, 0x72, 0x3e, 0x60, 0x34, 0x19, 0x0d, 0x07, 0x30, 0x65, 0x6b,
  0x8b, 0x88, 0xa6, 0xc3, 0xf5, 0xf7, 0xd0, 0xc9, 0xa8, 0x66, 0xad, 0x35, 0x0c, 0x11, 0x0e, 0x16,
  0x1f, 0x87, 0x9a, 0x79, 0x40, 0x35, 0x43, 0x42, 0x1b, 0x11, 0x14, 0x25, 0x3a, 0x3a, 0x24, 0x0a,
  0x13, 0x31, 0x1e, 0x0c, 0x0c, 0x00, 0x34, 0x4e, 0x16, 0x24, 0x20, 0x1b, 0x0b, 0x29, 0x2d, 0x02,
  0x06, 0x05, 0x09, 0x31, 0x49, 0x2f, 0x07, 0x08, 0x18, 0x0f, 0x0d, 0x0c, 0x22, 0x0b, 0x05, 0x02,
  0x00, 0x01, 0x01, 0x01, 0x00, 0x00, 0x00, 0x00, 0x00, 0x00, 0x00, 0x00, 0x00, 0x00, 0x00, 0x00,
  0x00, 0x00, 0x00, 0x00, 0x00, 0x00, 0x00, 0x00, 0x00, 0x00, 0x00, 0x00, 0x00, 0x00, 0x00, 0x00,
  0x00, 0x00, 0x00, 0x00, 0x00, 0x00, 0x00, 0x00, 0x00, 0x00, 0x00, 0x00, 0x00, 0x00, 0x00, 0x00,
  0x00, 0x00, 0x00, 0x00, 0x00, 0x00, 0x00, 0x00, 0x00, 0x00, 0x00, 0x00, 0x00, 0x00, 0x00, 0x00,
  0x00, 0x00, 0x00, 0x00, 0x00, 0x00, 0x00, 0x00, 0x00, 0x00, 0x00, 0x00, 0x00, 0x00, 0x00, 0x00,
  0x00, 0x00, 0x00, 0x00, 0x00, 0x00, 0x00, 0x00, 0x00, 0x00, 0x00, 0x00, 0x00, 0x00, 0x00, 0x00,
  0x00, 0x00, 0x00, 0x00, 0x00, 0x00, 0x00, 0x00, 0x00, 0x00, 0x00, 0x00, 0x00, 0x00, 0x05, 0x3b,
  0x45, 0x13, 0x00, 0x03, 0x04, 0x11, 0x35, 0x15, 0x00, 0x01, 0x02, 0x04, 0x01, 0x02, 0x02, 0x01,
  0x00, 0x00, 0x00, 0x04, 0x03, 0x00, 0x00, 0x00, 0x00, 0x00, 0x01, 0x00, 0x01, 0x04, 0x01, 0x07,
  0x04, 0x0b, 0x13, 0x14, 0x01, 0x03, 0x03, 0x00, 0x03, 0x0c, 0x20, 0x17, 0x89, 0x89, 0x4e, 0xac,
  0x41, 0x30, 0x54, 0x46, 0x57, 0x8a, 0xc9, 0x8a, 0x9e, 0xab, 0xae, 0xd7, 0xb4, 0x7d, 0x1a, 0x11,
  0x0d, 0x11, 0x43, 0x81, 0x8c, 0x94, 0x8d, 0xc5, 0xb8, 0xa2, 0xc8, 0xb9, 0x75, 0x86, 0xd5, 0x59,
  0x22, 0x25, 0x12, 0x51, 0x78, 0x62, 0x2e, 0xa1, 0xb3, 0xb6, 0xa6, 0x3a, 0xa5, 0x6d, 0x24, 0x35,
  0x38, 0x30, 0x7b, 0x4e, 0x39, 0x4e, 0x72, 0x7b, 0x25, 0x22, 0x25, 0x34, 0x5d, 0x33, 0x1b, 0x22,
  0x1c, 0x0a, 0x24, 0x25, 0x0e, 0x0c, 0x00, 0x16, 0x24, 0x1c, 0x2c, 0x01, 0x04, 0x03, 0x04, 0x10,
  0x13, 0x27, 0x07, 0x02, 0x06, 0x00, 0x00, 0x01, 0x00, 0x00, 0x00, 0x00, 0x00, 0x00, 0x00, 0x00,
  0x00, 0x00, 0x00, 0x00, 0x00, 0x00, 0x00, 0x00, 0x00, 0x00, 0x00, 0x00, 0x00, 0x00, 0x00, 0x00,
  0x00, 0x00, 0x00, 0x00, 0x00, 0x00, 0x00, 0x00, 0x00, 0x00, 0x00, 0x00, 0x00, 0x00, 0x00, 0x00,
  0x00, 0x00, 0x00, 0x00, 0x00, 0x00, 0x00, 0x00, 0x00, 0x00, 0x00, 0x00, 0x00, 0x00, 0x00, 0x00,
  0x00, 0x00, 0x00, 0x00, 0x00, 0x00, 0x00, 0x00, 0x00, 0x00, 0x00, 0x00, 0x00, 0x00, 0x00, 0x00,
  0x00, 0x00, 0x00, 0x00, 0x00, 0x00, 0x00, 0x00, 0x00, 0x00, 0x00, 0x00, 0x00, 0x00, 0x00, 0x00,
  0x00, 0x00, 0x00, 0x00, 0x00, 0x00, 0x00, 0x00, 0x00, 0x00, 0x00, 0x00, 0x00, 0x00, 0x00, 0x00,
  0x00, 0x00, 0x01, 0x00, 0x00, 0x1a, 0x45, 0x31, 0x0c, 0x06, 0x00, 0x1c, 0x4f, 0x1c, 0x02, 0x08,
  0x06, 0x02, 0x03, 0x03, 0x01, 0x00, 0x00, 0x02, 0x00, 0x00, 0x00, 0x01, 0x00, 0x00, 0x01, 0x00,
  0x00, 0x00, 0x05, 0x04, 0x05, 0x05, 0x06, 0x06, 0x02, 0x01, 0x06, 0x0a, 0x05, 0x05, 0x15, 0x2f,
  0x7d, 0xbe, 0x38, 0xa0, 0x82, 0x29, 0x66, 0x88, 0x58, 0x63, 0x7b, 0x76, 0x8f, 0x8e, 0x86, 0x5c,
  0x7e, 0x4f, 0x4a, 0x35, 0x12, 0x14, 0x35, 0x4d, 0x25, 0x5b, 0x5d, 0x43, 0x72, 0xa7, 0x73, 0x68,
  0x44, 0x60, 0xc0, 0x87, 0x25, 0x38, 0x29, 0x34, 0x4e, 0x4e, 0x3b, 0x30, 0x9b, 0x89, 0x9e, 0xaf,
  0x6f, 0xae, 0x87, 0x3d, 0x49, 0x53, 0x4f, 0xa6, 0xc6, 0xbc, 0xac, 0x90, 0xa8, 0x85, 0x66, 0x60,
  0x33, 0x0a, 0x0c, 0x0e, 0x12, 0x1c, 0x0c, 0x04, 0x01, 0x0a, 0x21, 0x14, 0x10, 0x0b, 0x00, 0x00,
  0x03, 0x02, 0x05, 0x06, 0x0e, 0x05, 0x00, 0x09, 0x06, 0x02, 0x09, 0x03, 0x00, 0x00, 0x01, 0x05,
  0x03, 0x02, 0x00, 0x00, 0x00, 0x00, 0x00, 0x00, 0x00, 0x00, 0x00, 0x00, 0x00, 0x00, 0x00, 0x00,
  0x00, 0x00, 0x00, 0x00, 0x00, 0x00, 0x00, 0x00, 0x00, 0x00, 0x00, 0x00, 0x00, 0x00, 0x00, 0x00,
  0x00, 0x00, 0x00, 0x00, 0x00, 0x00, 0x00, 0x00, 0x00, 0x00, 0x00, 0x00, 0x00, 0x00, 0x00, 0x00,
  0x00, 0x00, 0x00, 0x00, 0x00, 0x00, 0x00, 0x00, 0x00, 0x00, 0x00, 0x00, 0x00, 0x00, 0x00, 0x00,
  0x00, 0x00, 0x00, 0x00, 0x00, 0x00, 0x00, 0x00, 0x00, 0x00, 0x00, 0x00, 0x00, 0x00, 0x00, 0x00,
  0x00, 0x00, 0x00, 0x00, 0x00, 0x00, 0x00, 0x00, 0x00, 0x00, 0x00, 0x00, 0x00, 0x00, 0x00, 0x00,
  0x00, 0x00, 0x00, 0x00, 0x00, 0x00, 0x00, 0x00, 0x00, 0x01, 0x00, 0x0b, 0x40, 0x46, 0x1d, 0x10,
  0x07, 0x23, 0x5a, 0x44, 0x0e, 0x05, 0x04, 0x06, 0x02, 0x01, 0x00, 0x00, 0x01, 0x00, 0x01, 0x00,
  0x00, 0x01, 0x01, 0x01, 0x00, 0x00, 0x01, 0x00, 0x0b, 0x09, 0x05, 0x13, 0x11, 0x04, 0x0b, 0x0b,
  0x09, 0x0a, 0x0f, 0x19, 0x65, 0xd0, 0x4f, 0x77, 0xc6, 0x3d, 0x5e, 0x67, 0x6d, 0x49, 0x8e, 0xa7,
  0x8a, 0x7c, 0x87, 0x95, 0x5c, 0x28, 0x0c, 0x1d, 0x48, 0x30, 0x25, 0x2f, 0x68, 0x82, 0x84, 0x7a,
  0x37, 0x3a, 0x5a, 0x60, 0x4d, 0x54, 0x63, 0xc1, 0x92, 0x5b, 0x5a, 0x25, 0x62, 0x82, 0x8c, 0x75,
  0x74, 0xb4, 0xbe, 0xae, 0xaa, 0xb3, 0x77, 0x8c, 0x8e, 0xa5, 0xcd, 0xa9, 0xba, 0xcf, 0xca, 0xa6,
  0xae, 0x98, 0x9c, 0x83, 0x90, 0x61, 0x5d, 0x4e, 0x24, 0x1f, 0x2b, 0x27, 0x11, 0x21, 0x05, 0x28,
  0x35, 0x34, 0x14, 0x1a, 0x10, 0x01, 0x02, 0x05, 0x0d, 0x16, 0x5b, 0x43, 0x0e, 0x11, 0x02, 0x1c,
  0x0c, 0x00, 0x01, 0x00, 0x00, 0x00, 0x01, 0x02, 0x08, 0x30, 0x02, 0x03, 0x00, 0x00, 0x00, 0x00,
  0x00, 0x00, 0x00, 0x00, 0x00, 0x00, 0x00, 0x00, 0x00, 0x00, 0x00, 0x00, 0x00, 0x00, 0x00, 0x00,
  0x00, 0x00, 0x00, 0x00, 0x00, 0x00, 0x00, 0x00, 0x00, 0x00, 0x00, 0x00, 0x00, 0x00, 0x00, 0x00,
  0x00, 0x00, 0x00, 0x00, 0x00, 0x00, 0x00, 0x00, 0x00, 0x00, 0x00, 0x00, 0x00, 0x00, 0x00, 0x00,
  0x00, 0x00, 0x00, 0x00, 0x00, 0x00, 0x00, 0x00, 0x00, 0x00, 0x00, 0x00, 0x00, 0x00, 0x00, 0x00,
  0x00, 0x00, 0x00, 0x00, 0x00, 0x00, 0x00, 0x00, 0x00, 0x00, 0x00, 0x00, 0x00, 0x00, 0x00, 0x00,
  0x00, 0x00, 0x00, 0x00, 0x00, 0x00, 0x00, 0x00, 0x00, 0x00, 0x00, 0x00, 0x00, 0x00, 0x00, 0x01,
  0x01, 0x11, 0x2c, 0x2d, 0x2c, 0x1d, 0x08, 0x22, 0x6e, 0x49, 0x0b, 0x04, 0x05, 0x01, 0x00, 0x00,
  0x01, 0x01, 0x00, 0x00, 0x02, 0x00, 0x02, 0x02, 0x02, 0x01, 0x00, 0x02, 0x02, 0x14, 0x1d, 0x0c,
  0x21, 0x30, 0x02, 0x1c, 0x22, 0x18, 0x0e, 0x23, 0x70, 0xb2, 0x9b, 0x51, 0xcb, 0x85, 0x64, 0x5a,
  0x41, 0x82, 0xa7, 0xad, 0xa6, 0xa1, 0xa3, 0x64, 0x56, 0x27, 0x25, 0x34, 0x2d, 0x4a, 0x46, 0x52,
  0x59, 0x60, 0x83, 0x85, 0x9c, 0x4f, 0x62, 0x5a, 0x52, 0x4b, 0x8c, 0x91, 0x5f, 0x5f, 0x60, 0x68,
  0x3a, 0xa7, 0xc9, 0xb2, 0xaf, 0x87, 0x9a, 0xc2, 0x9e, 0x92, 0x8b, 0xb9, 0xd9, 0xbf, 0xbb, 0xc0,
  0xd8, 0xd4, 0xc6, 0xc2, 0xbf, 0xc3, 0xb9, 0xb1, 0x98, 0x83, 0x50, 0x61, 0x4d, 0x31, 0x44, 0x3d,
  0x23, 0x05, 0x3b, 0x34, 0x22, 0x10, 0x17, 0x19, 0x11, 0x0a, 0x03, 0x06, 0x04, 0x05, 0x0f, 0x33,
  0x22, 0x08, 0x04, 0x03, 0x0f, 0x0e, 0x00, 0x00, 0x00, 0x00, 0x00, 0x00, 0x00, 0x16, 0x51, 0x01,
  0x02, 0x00, 0x00, 0x00, 0x00, 0x00, 0x00, 0x00, 0x00, 0x00, 0x00, 0x00, 0x00, 0x00, 0x00, 0x00,
  0x00, 0x00, 0x00, 0x00, 0x00, 0x00, 0x00, 0x00, 0x00, 0x00, 0x00, 0x00, 0x00, 0x00, 0x00, 0x00,
  0x00, 0x00, 0x00, 0x00, 0x00, 0x00, 0x00, 0x00, 0x00, 0x00, 0x00, 0x00, 0x00, 0x00, 0x00, 0x00,
  0x00, 0x00, 0x00, 0x00, 0x00, 0x00, 0x00, 0x00, 0x00, 0x00, 0x00, 0x00, 0x00, 0x00, 0x00, 0x00,
  0x00, 0x00, 0x00, 0x00, 0x00, 0x00, 0x00, 0x00, 0x00, 0x00, 0x00, 0x00, 0x00, 0x00, 0x00, 0x00,
  0x00, 0x00, 0x00, 0x00, 0x00, 0x00, 0x00, 0x00, 0x00, 0x00, 0x00, 0x00, 0x00, 0x00, 0x00, 0x00,
  0x00, 0x00, 0x00, 0x00, 0x00, 0x00, 0x09, 0x0b, 0x13, 0x14, 0x18, 0x3c, 0x1d, 0x0e, 0x66, 0x7c,
  0x24, 0x03, 0x01, 0x01, 0x00, 0x00, 0x02, 0x03, 0x02, 0x04, 0x04, 0x0d, 0x06, 0x05, 0x02, 0x00,
  0x04, 0x00, 0x13, 0x5c, 0x1a, 0x5e, 0x35, 0x06, 0x28, 0x31, 0x1c, 0x0d, 0x4e, 0xcd, 0xd1, 0x7b,
  0xd2, 0xd2, 0x8d, 0x7b, 0x57, 0x63, 0xa8, 0xd3, 0xa0, 0xa7, 0xb9, 0xbd, 0x88, 0x80, 0x88, 0x92,
  0x8d, 0x7b, 0x60, 0x56, 0x96, 0x71, 0x72, 0x88, 0x7d, 0x9b, 0x52, 0x53, 0x6e, 0x59, 0x7c, 0x76,
  0x62, 0x25, 0x47, 0x70, 0x58, 0x30, 0xa1, 0xd9, 0xd2, 0xcd, 0xd0, 0xcc, 0xd1, 0xab, 0xb1, 0x95,
  0xcd, 0xd9, 0xd0, 0xd8, 0xe2, 0xe6, 0xe6, 0xe5, 0xee, 0xee, 0xe7, 0xd8, 0xd2, 0xd8, 0xc9, 0x84,
  0x76, 0x56, 0x6e, 0x79, 0x3d, 0x4d, 0x6f, 0x6d, 0x2e, 0x2d, 0x0d, 0x20, 0x4d, 0x2a, 0x05, 0x04,
  0x02, 0x05, 0x01, 0x02, 0x2a, 0x35, 0x15, 0x0f, 0x02, 0x0a, 0x05, 0x06, 0x00, 0x00, 0x02, 0x00,
  0x2f, 0x43, 0x02, 0x08, 0x00, 0x00, 0x01, 0x00, 0x00, 0x00, 0x00, 0x00, 0x00, 0x00, 0x00, 0x00,
  0x00, 0x00, 0x00, 0x00, 0x00, 0x01, 0x01, 0x00, 0x00, 0x00, 0x00, 0x00, 0x00, 0x00, 0x00, 0x00,
  0x00, 0x00, 0x00, 0x00, 0x00, 0x00, 0x00, 0x00, 0x00, 0x00, 0x00, 0x00, 0x00, 0x00, 0x00, 0x00,
  0x00, 0x00, 0x00, 0x00, 0x00, 0x00, 0x00, 0x00, 0x00, 0x00, 0x00, 0x00, 0x00, 0x00, 0x00, 0x00,
  0x00, 0x00, 0x00, 0x00, 0x00, 0x00, 0x00, 0x00, 0x00, 0x00, 0x00, 0x00, 0x00, 0x00, 0x00, 0x00,
  0x00, 0x00, 0x00, 0x00, 0x00, 0x00, 0x00, 0x00, 0x00, 0x00, 0x00, 0x00, 0x00, 0x00, 0x00, 0x00,
  0x00, 0x00, 0x00, 0x00, 0x00, 0x00, 0x00, 0x00, 0x00, 0x00, 0x00, 0x01, 0x02, 0x0c, 0x12, 0x0a,
  0x21, 0x30, 0x15, 0x41, 0x91, 0xa9, 0x78, 0x28, 0x03, 0x00, 0x02, 0x03, 0x08, 0x04, 0x02, 0x0a,
  0x1e, 0x09, 0x0a, 0x02, 0x02, 0x05, 0x0b, 0x2e, 0x5a, 0x2a, 0x72, 0x61, 0x4d, 0x3e, 0x50, 0x37,
  0x4a, 0xb8, 0xf0, 0xb4, 0xca, 0xf1, 0xe3, 0x7b, 0x53, 0x6e, 0xb1, 0xcf, 0xbf, 0x92, 0x99, 0x98,
  0x8d, 0xa1, 0xd2, 0xdc, 0xe6, 0xc9, 0xd0, 0xca, 0xb3, 0x89, 0x62, 0x71, 0xd6, 0xbd, 0x9e, 0x80,
  0x52, 0x83, 0xb1, 0xb4, 0x89, 0x4c, 0x54, 0x6e, 0x43, 0x89, 0xae, 0xdf, 0xcf, 0xd8, 0xda, 0xde,
  0xf9, 0xd0, 0xc4, 0xe4, 0xdd, 0xe1, 0xe6, 0xe1, 0xe4, 0xe5, 0xf3, 0xf1, 0xf2, 0xf2, 0xf4, 0xf9,
  0xf1, 0xed, 0xe4, 0xe8, 0x9d, 0x90, 0x96, 0x82, 0x56, 0x5b, 0x9f, 0x75, 0x30, 0x13, 0x11, 0x10,
  0x46, 0x44, 0x22, 0x19, 0x02, 0x01, 0x03, 0x04, 0x02, 0x52, 0x3e, 0x2a, 0x2e, 0x13, 0x19, 0x15,
  0x0e, 0x08, 0x06, 0x03, 0x00, 0x1d, 0x1d, 0x00, 0x01, 0x00, 0x00, 0x00, 0x00, 0x01, 0x00, 0x01,
  0x00, 0x03, 0x01, 0x00, 0x00, 0x00, 0x00, 0x00, 0x00, 0x00, 0x00, 0x00, 0x00, 0x00, 0x00, 0x00,
  0x00, 0x00, 0x00, 0x00, 0x00, 0x00, 0x00, 0x00, 0x00, 0x00, 0x00, 0x00, 0x00, 0x00, 0x00, 0x00,
  0x00, 0x00, 0x00, 0x00, 0x00, 0x00, 0x00, 0x00, 0x00, 0x00, 0x00, 0x00, 0x00, 0x00, 0x00, 0x00,
  0x00, 0x00, 0x00, 0x00, 0x00, 0x00, 0x00, 0x00, 0x00, 0x00, 0x00, 0x00, 0x00, 0x00, 0x00, 0x00,
  0x00, 0x00, 0x00, 0x00, 0x00, 0x00, 0x00, 0x00, 0x00, 0x00, 0x00, 0x00, 0x00, 0x00, 0x00, 0x00,
  0x00, 0x00, 0x00, 0x00, 0x00, 0x00, 0x00, 0x00, 0x00, 0x00, 0x00, 0x00, 0x00, 0x01, 0x00, 0x00,
  0x00, 0x00, 0x00, 0x00, 0x03, 0x00, 0x02, 0x0a, 0x2d, 0x34, 0x58, 0xa3, 0xa3, 0x36, 0x06, 0x07,
  0x08, 0x0a, 0x07, 0x03, 0x07, 0x36, 0x19, 0x07, 0x0a, 0x0a, 0x0e, 0x20, 0x57, 0x4d, 0x49, 0x8a,
  0x68, 0x74, 0x47, 0x71, 0x60, 0xc2, 0xfa, 0xee, 0xc8, 0xe5, 0xf9, 0xc3, 0x54, 0x6b, 0xbc, 0xe5,
  0xed, 0xbf, 0x92, 0x91, 0x95, 0xae, 0x6d, 0xac, 0xbd, 0xe0, 0xd9, 0xb6, 0xd8, 0xc7, 0xa8, 0xbe,
  0xd0, 0xf2, 0xda, 0xeb, 0xd0, 0x9d, 0xc7, 0xc7, 0xae, 0x8a, 0x71, 0x9b, 0x9b, 0x92, 0xc2, 0xa3,
  0xac, 0xa7, 0xba, 0xeb, 0xe5, 0xef, 0xbd, 0xc9, 0xd1, 0xd2, 0xe5, 0xec, 0xdb, 0xe7, 0xee, 0xed,
  0xf1, 0xf1, 0xf3, 0xf5, 0xf9, 0xfc, 0xf1, 0xea, 0xed, 0xa6, 0x80, 0x8c, 0x90, 0xa9, 0x85, 0x31,
  0x1b, 0x23, 0x35, 0x22, 0x16, 0x20, 0x19, 0x23, 0x16, 0x02, 0x05, 0x03, 0x06, 0x09, 0x10, 0x08,
  0x02, 0x1b, 0x3c, 0x2d, 0x18, 0x07, 0x07, 0x0e, 0x08, 0x09, 0x00, 0x00, 0x01, 0x01, 0x00, 0x00,
  0x00, 0x00, 0x01, 0x02, 0x03, 0x05, 0x0a, 0x02, 0x00, 0x00, 0x00, 0x00, 0x00, 0x00, 0x00, 0x00,
  0x00, 0x00, 0x00, 0x00, 0x00, 0x00, 0x00, 0x00, 0x00, 0x00, 0x00, 0x00, 0x00, 0x00, 0x00, 0x00,
  0x00, 0x00, 0x00, 0x00, 0x00, 0x00, 0x00, 0x00, 0x00, 0x00, 0x00, 0x00, 0x00, 0x00, 0x00, 0x00,
  0x00, 0x00, 0x00, 0x00, 0x00, 0x00, 0x00, 0x00, 0x00, 0x00, 0x00, 0x00, 0x00, 0x00, 0x00, 0x00,
  0x00, 0x00, 0x00, 0x00, 0x00, 0x00, 0x00, 0x00, 0x00, 0x00, 0x00, 0x00, 0x00, 0x00, 0x00, 0x00,
  0x00, 0x00, 0x00, 0x00, 0x00, 0x00, 0x00, 0x00, 0x00, 0x00, 0x00, 0x00, 0x00, 0x00, 0x00, 0x00,
  0x00, 0x00, 0x00, 0x00, 0x00, 0x00, 0x00, 0x00, 0x00, 0x00, 0x03, 0x06, 0x02, 0x41, 0x6d, 0x2b,
  0x34, 0x9b, 0x97, 0x65, 0x1e, 0x11, 0x12, 0x09, 0x03, 0x00, 0x2f, 0x66, 0x1c, 0x11, 0x0c, 0x0c,
  0x1e, 0x69, 0x62, 0x49, 0x77, 0x72, 0x80, 0x63, 0x6d, 0x9c, 0xef, 0xf9, 0xda, 0xdd, 0xf5, 0xf3,
  0xad, 0x95, 0xda, 0xe9, 0xf2, 0xf2, 0xa4, 0xaf, 0xbd, 0x92, 0xd3, 0x83, 0x83, 0xd3, 0xc7, 0x9e,
  0x85, 0xc8, 0xb4, 0x94, 0x7f, 0xcb, 0xfd, 0xf5, 0xf5, 0xfa, 0xda, 0xb7, 0xbe, 0xb6, 0xa8, 0x8e,
  0xca, 0xd6, 0xe1, 0xc2, 0xa9, 0xa4, 0xd0, 0xd6, 0xe9, 0xf2, 0xe3, 0xe1, 0xef, 0xef, 0xea, 0xf2,
  0xee, 0xe9, 0xf8, 0xf9, 0xf9, 0xfb, 0xfc, 0xfb, 0xf8, 0xfa, 0xfb, 0xfa, 0xf8, 0xf4, 0xd9, 0xb8,
  0xb2, 0x9a, 0x98, 0x7d, 0x6b, 0x5b, 0x36, 0x1b, 0x27, 0x2c, 0x2a, 0x19, 0x30, 0x26, 0x00, 0x02,
  0x02, 0x03, 0x0b, 0x34, 0x38, 0x19, 0x32, 0x95, 0x74, 0x3e, 0x2e, 0x0c, 0x12, 0x04, 0x04, 0x06,
  0x07, 0x03, 0x00, 0x01, 0x00, 0x00, 0x00, 0x02, 0x03, 0x0d, 0x1b, 0x13, 0x03, 0x00, 0x00, 0x00,
  0x00, 0x00, 0x00, 0x00, 0x00, 0x00, 0x00, 0x00, 0x00, 0x00, 0x00, 0x00, 0x00, 0x00, 0x00, 0x00,
  0x00, 0x00, 0x00, 0x00, 0x00, 0x00, 0x00, 0x00, 0x00, 0x00, 0x00, 0x00, 0x00, 0x00, 0x00, 0x00,
  0x00, 0x00, 0x00, 0x00, 0x00, 0x00, 0x00, 0x00, 0x00, 0x00, 0x00, 0x00, 0x00, 0x00, 0x00, 0x00,
  0x00, 0x00, 0x00, 0x00, 0x00, 0x00, 0x00, 0x00, 0x00, 0x00, 0x00, 0x00, 0x00, 0x00, 0x00, 0x00,
  0x00, 0x00, 0x00, 0x00, 0x00, 0x00, 0x00, 0x00, 0x00, 0x00, 0x00, 0x00, 0x00, 0x00, 0x00, 0x00,
  0x00, 0x00, 0x00, 0x00, 0x01, 0x00, 0x00, 0x00, 0x00, 0x00, 0x00, 0x00, 0x00, 0x00, 0x01, 0x00,
  0x01, 0x02, 0x0e, 0x46, 0x6d, 0x52, 0x59, 0x91, 0xa0, 0x77, 0x3f, 0x22, 0x14, 0x09, 0x0d, 0x0a,
  0x42, 0x4c, 0x22, 0x15, 0x16, 0x27, 0x53, 0x81, 0x50, 0x83, 0xab, 0xc3, 0x9a, 0x8e, 0xe7, 0xfb,
  0xfb, 0xed, 0xfa, 0xf4, 0xd8, 0xd5, 0xdb, 0xe9, 0xed, 0xe6, 0xe3, 0xcd, 0xc3, 0xb1, 0x79, 0x89,
  0x5d, 0x50, 0x74, 0x64, 0x39, 0x84, 0xae, 0xb7, 0x9a, 0x87, 0xcf, 0xff, 0xf6, 0xf0, 0xf1, 0xef,
  0xb0, 0xa4, 0xad, 0x90, 0xb1, 0xeb, 0xe0, 0xd9, 0xca, 0xde, 0xf5, 0xe3, 0xd8, 0xeb, 0xf6, 0xf6,
  0xf7, 0xf9, 0xfb, 0xfa, 0xf8, 0xf8, 0xf9, 0xf9, 0xfa, 0xfb, 0xfb, 0xfc, 0xfc, 0xfb, 0xfb, 0xfb,
  0xfc, 0xf9, 0xfb, 0xe5, 0xbe, 0xa4, 0x91, 0x85, 0x78, 0xa6, 0x5c, 0x20, 0x2c, 0x2e, 0x3a, 0x32,
  0x3c, 0x33, 0x1f, 0x05, 0x04, 0x00, 0x00, 0x10, 0x51, 0x3e, 0x39, 0x32, 0x5a, 0x73, 0x91, 0x5c,
  0x1e, 0x27, 0x25, 0x48, 0x2b, 0x08, 0x05, 0x00, 0x00, 0x00, 0x00, 0x00, 0x07, 0x04, 0x66, 0xdd,
  0x7a, 0x00, 0x02, 0x00, 0x00, 0x00, 0x00, 0x00, 0x00, 0x00, 0x00, 0x00, 0x00, 0x00, 0x00, 0x00,
  0x00, 0x00, 0x00, 0x00, 0x00, 0x00, 0x00, 0x00, 0x00, 0x00, 0x00, 0x00, 0x00, 0x00, 0x00, 0x00,
  0x00, 0x00, 0x00, 0x00, 0x00, 0x00, 0x00, 0x00, 0x00, 0x00, 0x00, 0x00, 0x00, 0x00, 0x00, 0x00,
  0x00, 0x00, 0x00, 0x00, 0x00, 0x00, 0x00, 0x00, 0x00, 0x00, 0x00, 0x00, 0x00, 0x00, 0x00, 0x00,
  0x00, 0x00, 0x00, 0x00, 0x00, 0x00, 0x00, 0x00, 0x00, 0x00, 0x00, 0x00, 0x00, 0x00, 0x00, 0x00,
  0x00, 0x00, 0x00, 0x00, 0x00, 0x00, 0x00, 0x00, 0x00, 0x00, 0x00, 0x00, 0x00, 0x00, 0x00, 0x00,
  0x00, 0x00, 0x00, 0x00, 0x00, 0x01, 0x00, 0x09, 0x05, 0x3c, 0x85, 0x5e, 0x69, 0x90, 0xb1, 0xa2,
  0x5a, 0x44, 0x1f, 0x09, 0x15, 0x06, 0x1e, 0x47, 0x49, 0x21, 0x22, 0x4d, 0xcb, 0x8d, 0x93, 0xcb,
  0xd1, 0xc4, 0xe8, 0xfb, 0xfc, 0xfb, 0xfc, 0xfc, 0xeb, 0xd6, 0xdf, 0xf1, 0xf6, 0xec, 0xe6, 0xe1,
  0xe7, 0xbc, 0x81, 0x7a, 0x7b, 0x6f, 0x3c, 0x3c, 0x4b, 0x34, 0x82, 0xcc, 0xe8, 0xdd, 0xe3, 0xef,
  0xfd, 0xf7, 0xf8, 0xf7, 0xf4, 0xf5, 0xe9, 0xe5, 0xcf, 0xea, 0xf5, 0xe5, 0xf2, 0xef, 0xef, 0xec,
  0xe6, 0xec, 0xef, 0xf2, 0xfd, 0xfd, 0xfd, 0xfc, 0xf9, 0xfb, 0xfb, 0xfb, 0xfb, 0xf8, 0xfc, 0xfc,
  0xfc, 0xfb, 0xfb, 0xfc, 0xfb, 0xf9, 0xfa, 0xfa, 0xe1, 0xab, 0xaa, 0x9e, 0x8e, 0x90, 0x97, 0x5d,
  0x30, 0x5a, 0x69, 0x42, 0x49, 0x7a, 0x8e, 0x48, 0x0d, 0x0d, 0x14, 0x53, 0x72, 0x48, 0x2b, 0x24,
  0x20, 0x19, 0x36, 0x29, 0x19, 0x20, 0x54, 0x23, 0x14, 0x07, 0x00, 0x00, 0x00, 0x00, 0x01, 0x01,
  0x00, 0x06, 0x01, 0x42, 0xbc, 0x53, 0x00, 0x02, 0x00, 0x00, 0x00, 0x00, 0x00, 0x00, 0x00, 0x00,
  0x00, 0x00, 0x00, 0x00, 0x00, 0x00, 0x00, 0x00, 0x00, 0x00, 0x00, 0x00, 0x00, 0x00, 0x00, 0x00,
  0x00, 0x00, 0x00, 0x00, 0x00, 0x00, 0x00, 0x00, 0x00, 0x00, 0x00, 0x00, 0x00, 0x00, 0x00, 0x00,
  0x00, 0x00, 0x00, 0x00, 0x00, 0x00, 0x00, 0x00, 0x00, 0x00, 0x00, 0x00, 0x00, 0x00, 0x00, 0x00,
  0x00, 0x00, 0x00, 0x00, 0x00, 0x00, 0x00, 0x00, 0x00, 0x00, 0x00, 0x00, 0x00, 0x00, 0x00, 0x00,
  0x00, 0x00, 0x00, 0x00, 0x00, 0x00, 0x00, 0x00, 0x00, 0x00, 0x00, 0x00, 0x00, 0x00, 0x00, 0x00,
  0x00, 0x00, 0x00, 0x01, 0x01, 0x00, 0x01, 0x00, 0x00, 0x00, 0x00, 0x00, 0x05, 0x10, 0x10, 0x16,
  0x42, 0x45, 0x5d, 0x9b, 0xb2, 0xbb, 0xb3, 0x94, 0x40, 0x15, 0x19, 0x12, 0x1d, 0x4e, 0x45, 0x37,
  0x6d, 0xd3, 0x90, 0xaa, 0xec, 0xd8, 0xe0, 0xfb, 0xfc, 0xfb, 0xfb, 0xfb, 0xf7, 0xee, 0xef, 0xec,
  0xf6, 0xf8, 0xf6, 0xf7, 0xf6, 0xe9, 0xd3, 0xc8, 0x8f, 0x9b, 0x82, 0x3b, 0x5b, 0x46, 0x4e, 0xc8,
  0xee, 0xe4, 0xef, 0xe1, 0xf1, 0xf7, 0xf6, 0xfa, 0xf8, 0xf7, 0xf9, 0xf2, 0xf6, 0xf8, 0xf6, 0xe7,
  0xf3, 0xf4, 0xef, 0xf2, 0xed, 0xf5, 0xf7, 0xfa, 0xf9, 0xfb, 0xfd, 0xfd, 0xfb, 0xfa, 0xfb, 0xfa,
  0xfb, 0xfd, 0xfb, 0xfd, 0xfc, 0xfb, 0xfd, 0xfd, 0xfc, 0xfa, 0xfa, 0xfe, 0xf8, 0xe5, 0xd2, 0xd1,
  0xac, 0xb0, 0xc3, 0xb0, 0x3f, 0x49, 0x72, 0x77, 0x91, 0x9e, 0xa9, 0xad, 0x61, 0x12, 0x16, 0x2b,
  0x53, 0x62, 0x1a, 0x20, 0x1b, 0x1f, 0x33, 0x19, 0x1e, 0x1d, 0x22, 0x56, 0x11, 0x00, 0x02, 0x0d,
  0x18, 0x02, 0x00, 0x00, 0x01, 0x00, 0x04, 0x02, 0x06, 0x10, 0x00, 0x01, 0x00, 0x00, 0x00, 0x00,
  0x00, 0x00, 0x00, 0x00, 0x00, 0x00, 0x00, 0x00, 0x00, 0x00, 0x00, 0x00, 0x00, 0x00, 0x00, 0x00,
  0x00, 0x00, 0x00, 0x00, 0x00, 0x00, 0x00, 0x00, 0x00, 0x00, 0x00, 0x00, 0x00, 0x00, 0x00, 0x00,
  0x00, 0x00, 0x00, 0x00, 0x00, 0x00, 0x00, 0x00, 0x00, 0x00, 0x00, 0x00, 0x00, 0x00, 0x00, 0x00,
  0x00, 0x00, 0x00, 0x00, 0x00, 0x00, 0x00, 0x00, 0x00, 0x00, 0x00, 0x00, 0x00, 0x00, 0x00, 0x00,
  0x00, 0x00, 0x00, 0x00, 0x00, 0x00, 0x00, 0x00, 0x00, 0x00, 0x00, 0x00, 0x00, 0x00, 0x00, 0x00,
  0x00, 0x00, 0x00, 0x00, 0x00, 0x00, 0x00, 0x00, 0x00, 0x00, 0x00, 0x01, 0x00, 0x00, 0x00, 0x00,
  0x00, 0x00, 0x09, 0x11, 0x07, 0x17, 0x3b, 0x38, 0x30, 0x3d, 0x94, 0xe9, 0xc1, 0xb6, 0x9d, 0x51,
  0x1e, 0x21, 0x27, 0x6e, 0x86, 0x90, 0x98, 0x91, 0xdc, 0xe2, 0xe6, 0xfc, 0xfa, 0xf8, 0xf9, 0xf9,
  0xf7, 0xf0, 0xe4, 0xe4, 0xeb, 0xf2, 0xef, 0xf4, 0xf9, 0xfa, 0xec, 0xda, 0xad, 0x9d, 0xc6, 0xa8,
  0x94, 0xc7, 0xb9, 0xb2, 0xef, 0xf5, 0xee, 0xe7, 0xd9, 0xf0, 0xfa, 0xfa, 0xf7, 0xf6, 0xfa, 0xfc,
  0xfc, 0xfa, 0xfb, 0xf4, 0xe5, 0xec, 0xe9, 0xdb, 0xe9, 0xf7, 0xf8, 0xfa, 0xf9, 0xf9, 0xfc, 0xfb,
  0xfb, 0xf9, 0xfc, 0xfd, 0xfc, 0xfc, 0xfc, 0xfc, 0xfc, 0xfd, 0xfb, 0xfc, 0xfd, 0xfc, 0xfc, 0xfb,
  0xfb, 0xfb, 0xeb, 0xe4, 0xde, 0xc6, 0xd8, 0xbc, 0xa8, 0x4a, 0x6f, 0x64, 0x2a, 0x6a, 0xab, 0x90,
  0x7d, 0x3f, 0x0d, 0x03, 0x07, 0x08, 0x10, 0x0d, 0x09, 0x0c, 0x0a, 0x0f, 0x1f, 0x17, 0x25, 0x11,
  0x0f, 0x08, 0x15, 0x26, 0x1f, 0x60, 0x18, 0x00, 0x01, 0x00, 0x01, 0x01, 0x00, 0x05, 0x0e, 0x03,
  0x00, 0x00, 0x00, 0x00, 0x00, 0x00, 0x00, 0x00, 0x00, 0x00, 0x00, 0x00, 0x00, 0x00, 0x00, 0x00,
  0x00, 0x00, 0x00, 0x00, 0x00, 0x00, 0x00, 0x00, 0x00, 0x00, 0x00, 0x00, 0x00, 0x00, 0x00, 0x00,
  0x00, 0x00, 0x00, 0x00, 0x00, 0x00, 0x00, 0x00, 0x00, 0x00, 0x00, 0x00, 0x00, 0x00, 0x00, 0x00,
  0x00, 0x00, 0x00, 0x00, 0x00, 0x00, 0x00, 0x00, 0x00, 0x00, 0x00, 0x00, 0x00, 0x00, 0x00, 0x00,
  0x00, 0x00, 0x00, 0x00, 0x00, 0x00, 0x00, 0x00, 0x00, 0x00, 0x01, 0x00, 0x00, 0x00, 0x00, 0x00,
  0x00, 0x00, 0x00, 0x00, 0x00, 0x00, 0x00, 0x00, 0x00, 0x00, 0x00, 0x01, 0x00, 0x25, 0x72, 0x24,
  0x00, 0x01, 0x00, 0x01, 0x01, 0x00, 0x03, 0x03, 0x01, 0x07, 0x06, 0x07, 0x55, 0x5d, 0x3b, 0x5c,
  0x7f, 0xd3, 0xd3, 0xe7, 0xc8, 0x68, 0x44, 0x5c, 0x5d, 0x8f, 0xac, 0x9b, 0xb1, 0xf4, 0xeb, 0xf3,
  0xfd, 0xfc, 0xfc, 0xfc, 0xf9, 0xf6, 0xf2, 0xf6, 0xf6, 0xf4, 0xf5, 0xf8, 0xfb, 0xfa, 0xf9, 0xf6,
  0xf0, 0xee, 0xe9, 0xff, 0x92, 0x8b, 0xe1, 0xf0, 0xf7, 0xf8, 0xf7, 0xf6, 0xf8, 0xfb, 0xfb, 0xfd,
  0xfc, 0xfc, 0xf9, 0xfa, 0xfc, 0xfd, 0xfc, 0xfb, 0xfa, 0xf8, 0xf3, 0xf9, 0xf9, 0xf6, 0xf8, 0xfb,
  0xfd, 0xfa, 0xfa, 0xfd, 0xfd, 0xfd, 0xfc, 0xfa, 0xfd, 0xfe, 0xfe, 0xfe, 0xfc, 0xfd, 0xfe, 0xfe,
  0xfd, 0xfc, 0xfc, 0xfe, 0xfc, 0xfd, 0xfa, 0xf5, 0xf0, 0xe5, 0xc3, 0xb1, 0x90, 0xd8, 0x73, 0x68,
  0x4a, 0x6e, 0xbd, 0xb4, 0x96, 0x54, 0x35, 0x35, 0x42, 0x19, 0x16, 0x17, 0x13, 0x19, 0x26, 0x62,
  0x67, 0x48, 0x33, 0x33, 0x31, 0x26, 0x2b, 0x36, 0x1e, 0x19, 0x5c, 0x4a, 0x00, 0x03, 0x02, 0x01,
  0x00, 0x00, 0x00, 0x00, 0x00, 0x00, 0x00, 0x00, 0x00, 0x00, 0x00, 0x00, 0x00, 0x01, 0x00, 0x00,
  0x00, 0x00, 0x00, 0x00, 0x00, 0x00, 0x00, 0x00, 0x00, 0x00, 0x00, 0x00, 0x00, 0x00, 0x00, 0x00,
  0x00, 0x00, 0x00, 0x00, 0x00, 0x00, 0x00, 0x00, 0x00, 0x00, 0x00, 0x00, 0x00, 0x00, 0x00, 0x00,
  0x00, 0x00, 0x00, 0x00, 0x00, 0x00, 0x00, 0x00, 0x00, 0x00, 0x00, 0x00, 0x00, 0x00, 0x00, 0x00,
  0x00, 0x00, 0x00, 0x00, 0x00, 0x00, 0x00, 0x00, 0x00, 0x00, 0x00, 0x00, 0x00, 0x00, 0x00, 0x00,
  0x00, 0x00, 0x00, 0x00, 0x00, 0x00, 0x00, 0x00, 0x00, 0x00, 0x00, 0x00, 0x00, 0x00, 0x00, 0x00,
  0x00, 0x01, 0x13, 0x4c, 0x1f, 0x00, 0x01, 0x00, 0x00, 0x00, 0x00, 0x01, 0x02, 0x00, 0x01, 0x02,
  0x0a, 0x1e, 0x4c, 0x6c, 0x73, 0x83, 0xad, 0xc2, 0xe0, 0xe0, 0xf1, 0xbe, 0x95, 0x7a, 0x8d, 0xc1,
  0xd9, 0xda, 0xf5, 0xf6, 0xfb, 0xfd, 0xfa, 0xfd, 0xfc, 0xf9, 0xf7, 0xf6, 0xf7, 0xf9, 0xf5, 0xf8,
  0xfb, 0xfa, 0xf8, 0xf7, 0xf9, 0xf8, 0xfa, 0xf4, 0xf6, 0xc9, 0xd7, 0xea, 0xe9, 0xd8, 0xe8, 0xfa,
  0xf7, 0xf7, 0xf9, 0xfb, 0xfc, 0xfb, 0xfb, 0xfa, 0xf9, 0xfd, 0xfc, 0xfb, 0xfb, 0xf8, 0xf8, 0xf8,
  0xf7, 0xf9, 0xf9, 0xfc, 0xfc, 0xfc, 0xfb, 0xfb, 0xfd, 0xfb, 0xfb, 0xfc, 0xfb, 0xfd, 0xfd, 0xfc,
  0xfc, 0xfb, 0xfd, 0xfd, 0xfc, 0xfe, 0xfb, 0xfc, 0xfd, 0xfb, 0xfb, 0xf9, 0xf9, 0xfa, 0xf4, 0xd7,
  0xc1, 0xab, 0xc2, 0x92, 0x72, 0x62, 0x94, 0x95, 0x89, 0xa8, 0xc2, 0xb3, 0x68, 0x51, 0x28, 0x0f,
  0x0f, 0x23, 0x1e, 0x20, 0x54, 0x57, 0x3c, 0x47, 0x2f, 0x31, 0x2c, 0x9a, 0x96, 0x4b, 0x36, 0x2f,
  0x21, 0x01, 0x01, 0x00, 0x00, 0x00, 0x00, 0x00, 0x00, 0x00, 0x00, 0x00, 0x00, 0x00, 0x00, 0x00,
  0x00, 0x00, 0x00, 0x00, 0x00, 0x00, 0x00, 0x00, 0x00, 0x00, 0x00, 0x00, 0x00, 0x00, 0x00, 0x00,
  0x00, 0x00, 0x00, 0x00, 0x00, 0x00, 0x00, 0x00, 0x00, 0x00, 0x00, 0x00, 0x00, 0x00, 0x00, 0x00,
  0x00, 0x00, 0x00, 0x00, 0x00, 0x00, 0x00, 0x00, 0x00, 0x00, 0x00, 0x00, 0x00, 0x00, 0x00, 0x00,
  0x00, 0x00, 0x00, 0x00, 0x00, 0x00, 0x00, 0x00, 0x00, 0x00, 0x00, 0x00, 0x00, 0x00, 0x00, 0x00,
  0x00, 0x00, 0x00, 0x00, 0x00, 0x00, 0x00, 0x00, 0x00, 0x00, 0x00, 0x00, 0x00, 0x00, 0x00, 0x00,
  0x00, 0x00, 0x00, 0x00, 0x00, 0x00, 0x00, 0x00, 0x00, 0x00, 0x00, 0x00, 0x00, 0x00, 0x00, 0x00,
  0x00, 0x01, 0x00, 0x02, 0x01, 0x05, 0x16, 0x12, 0x53, 0x76, 0x85, 0xb0, 0xb0, 0xda, 0xd4, 0xcf,
  0xf5, 0xe6, 0xd4, 0xd3, 0xe8, 0xf2, 0xf0, 0xf7, 0xfb, 0xfc, 0xfb, 0xfc, 0xfa, 0xfb, 0xf9, 0xf9,
  0xfa, 0xf8, 0xf8, 0xf6, 0xf9, 0xfa, 0xf9, 0xf9, 0xf6, 0xfa, 0xfa, 0xfb, 0xfd, 0xfa, 0xfa, 0xf8,
  0xf8, 0xf8, 0xea, 0xf5, 0xfc, 0xf8, 0xfa, 0xfa, 0xf9, 0xfc, 0xfa, 0xfb, 0xfa, 0xfa, 0xfd, 0xfc,
  0xfb, 0xfb, 0xf9, 0xfb, 0xfb, 0xfa, 0xfa, 0xf9, 0xfc, 0xfb, 0xfb, 0xfc, 0xf9, 0xfc, 0xfd, 0xfb,
  0xfc, 0xfa, 0xfc, 0xfd, 0xfc, 0xfd, 0xfb, 0xfc, 0xfc, 0xfd, 0xfe, 0xfc, 0xfc, 0xfc, 0xfa, 0xfc,
  0xfa, 0xf9, 0xf8, 0xf4, 0xdd, 0xcb, 0xc2, 0x9a, 0x4f, 0x46, 0x87, 0x9f, 0x8d, 0xe7, 0xf3, 0xe7,
  0xb8, 0x51, 0x22, 0x32, 0x3f, 0x34, 0x3d, 0x2a, 0x24, 0x1a, 0x1f, 0x25, 0x33, 0x24, 0x2f, 0x4b,
  0x96, 0x9d, 0x80, 0x7c, 0x2e, 0x04, 0x02, 0x01, 0x00, 0x00, 0x00, 0x00, 0x00, 0x00, 0x00, 0x00,
  0x00, 0x00, 0x00, 0x00, 0x00, 0x00, 0x00, 0x00, 0x00, 0x00, 0x00, 0x00, 0x00, 0x00, 0x00, 0x00,
  0x00, 0x00, 0x00, 0x00, 0x00, 0x00, 0x00, 0x00, 0x00, 0x00, 0x00, 0x00, 0x00, 0x00, 0x00, 0x00,
  0x00, 0x00, 0x00, 0x00, 0x00, 0x00, 0x00, 0x00, 0x00, 0x00, 0x00, 0x00, 0x00, 0x00, 0x00, 0x00,
  0x00, 0x00, 0x00, 0x00, 0x00, 0x00, 0x00, 0x00, 0x00, 0x00, 0x00, 0x00, 0x00, 0x00, 0x00, 0x00,
  0x00, 0x00, 0x00, 0x00, 0x00, 0x00, 0x00, 0x00, 0x00, 0x00, 0x00, 0x00, 0x00, 0x00, 0x00, 0x00,
  0x00, 0x00, 0x00, 0x00, 0x00, 0x00, 0x00, 0x00, 0x00, 0x00, 0x00, 0x00, 0x01, 0x02, 0x01, 0x00,
  0x00, 0x00, 0x00, 0x00, 0x00, 0x01, 0x00, 0x00, 0x02, 0x01, 0x05, 0x13, 0x22, 0x2e, 0x5e, 0x74,
  0x89, 0xd1, 0xda, 0xd4, 0xb0, 0xaa, 0xf1, 0xf7, 0xee, 0xee, 0xf9, 0xf3, 0xfb, 0xfd, 0xfd, 0xfc,
  0xfb, 0xfd, 0xfc, 0xfb, 0xfa, 0xf8, 0xfa, 0xfa, 0xf7, 0xfa, 0xfa, 0xfa, 0xfb, 0xfa, 0xfc, 0xfb,
  0xfa, 0xfc, 0xfc, 0xfa, 0xf6, 0xf9, 0xfc, 0xfa, 0xfb, 0xf8, 0xfb, 0xfc, 0xfb, 0xfa, 0xfb, 0xfc,
  0xfc, 0xfb, 0xfc, 0xfb, 0xfb, 0xfd, 0xfc, 0xfa, 0xfb, 0xfc, 0xfd, 0xfb, 0xfb, 0xfc, 0xfa, 0xfc,
  0xfd, 0xfb, 0xfb, 0xfc, 0xfe, 0xfb, 0xfb, 0xfd, 0xfc, 0xfe, 0xfe, 0xfd, 0xfd, 0xfd, 0xfe, 0xfe,
  0xfd, 0xfc, 0xfb, 0xfc, 0xfe, 0xfb, 0xfb, 0xf8, 0xf5, 0xea, 0xe8, 0xdb, 0x92, 0x3c, 0x40, 0x4d,
  0xaa, 0xe8, 0xed, 0xec, 0xe7, 0xc1, 0x5e, 0x3a, 0x32, 0x24, 0x3e, 0x46, 0x2d, 0x41, 0x5f, 0x78,
  0x43, 0x58, 0x24, 0x3c, 0x60, 0x7a, 0x86, 0x8f, 0xe2, 0x75, 0x02, 0x00, 0x00, 0x00, 0x00, 0x00,
  0x00, 0x00, 0x00, 0x00, 0x06, 0x00, 0x00, 0x00, 0x00, 0x00, 0x00, 0x00, 0x00, 0x00, 0x00, 0x00,
  0x00, 0x00, 0x00, 0x00, 0x00, 0x00, 0x00, 0x00, 0x00, 0x00, 0x00, 0x00, 0x00, 0x00, 0x00, 0x00,
  0x00, 0x00, 0x00, 0x00, 0x00, 0x00, 0x00, 0x00, 0x00, 0x00, 0x00, 0x00, 0x00, 0x00, 0x00, 0x00,
  0x00, 0x00, 0x00, 0x00, 0x00, 0x00, 0x00, 0x00, 0x00, 0x00, 0x00, 0x00, 0x00, 0x00, 0x00, 0x00,
  0x00, 0x00, 0x00, 0x00, 0x00, 0x00, 0x00, 0x00, 0x00, 0x00, 0x00, 0x00, 0x00, 0x00, 0x00, 0x00,
  0x00, 0x00, 0x00, 0x00, 0x00, 0x00, 0x00, 0x00, 0x00, 0x00, 0x00, 0x00, 0x00, 0x00, 0x00, 0x00,
  0x00, 0x00, 0x00, 0x00, 0x00, 0x00, 0x00, 0x00, 0x00, 0x00, 0x00, 0x00, 0x00, 0x01, 0x0b, 0x14,
  0x35, 0x6f, 0x7c, 0x98, 0x69, 0x69, 0xca, 0xed, 0xdf, 0xf1, 0xcb, 0xde, 0xfa, 0xfb, 0xf9, 0xfd,
  0xfc, 0xfd, 0xfe, 0xff, 0xff, 0xfd, 0xfd, 0xfc, 0xfb, 0xfc, 0xfd, 0xfc, 0xfd, 0xfc, 0xfb, 0xfb,
  0xfb, 0xfb, 0xfc, 0xfc, 0xfc, 0xfa, 0xfc, 0xfc, 0xfb, 0xfa, 0xfa, 0xfb, 0xf8, 0xf8, 0xf9, 0xfc,
  0xfb, 0xfc, 0xfd, 0xfd, 0xfd, 0xfc, 0xfb, 0xfd, 0xfe, 0xfd, 0xfd, 0xfc, 0xfc, 0xfd, 0xfd, 0xfc,
  0xfd, 0xfe, 0xff, 0xfe, 0xfc, 0xfd, 0xfd, 0xfe, 0xfd, 0xfd, 0xfe, 0xfe, 0xfe, 0xff, 0xfd, 0xfd,
  0xfe, 0xfe, 0xff, 0xfd, 0xfd, 0xfd, 0xff, 0xfd, 0xfc, 0xfe, 0xfd, 0xfd, 0xfd, 0xfa, 0xef, 0xf0,
  0xb1, 0x86, 0x5e, 0x54, 0x54, 0x8a, 0xf2, 0xd8, 0xdb, 0xcc, 0xb8, 0xaa, 0x7b, 0x68, 0x5f, 0x3e,
  0x21, 0x4f, 0x98, 0xa9, 0x84, 0x20, 0x2d, 0x1d, 0x2a, 0x34, 0x9b, 0xab, 0xc5, 0xbf, 0x69, 0x1d,
  0x05, 0x01, 0x02, 0x01, 0x00, 0x00, 0x00, 0x00, 0x00, 0x00, 0x01, 0x00, 0x00, 0x00, 0x00, 0x00,
  0x00, 0x00, 0x00, 0x00, 0x00, 0x00, 0x00, 0x00, 0x00, 0x00, 0x00, 0x00, 0x00, 0x00, 0x00, 0x00,
  0x00, 0x00, 0x01, 0x02, 0x00, 0x00, 0x00, 0x00, 0x00, 0x00, 0x00, 0x00, 0x00, 0x00, 0x00, 0x00,
  0x00, 0x00, 0x00, 0x00, 0x00, 0x00, 0x00, 0x00, 0x00, 0x00, 0x00, 0x00, 0x00, 0x00, 0x00, 0x00,
  0x00, 0x00, 0x00, 0x00, 0x00, 0x00, 0x00, 0x00, 0x00, 0x00, 0x00, 0x00, 0x00, 0x00, 0x00, 0x00,
  0x00, 0x00, 0x00, 0x00, 0x00, 0x00, 0x00, 0x00, 0x00, 0x00, 0x00, 0x00, 0x00, 0x00, 0x00, 0x00,
  0x00, 0x00, 0x00, 0x00, 0x00, 0x00, 0x00, 0x00, 0x00, 0x00, 0x00, 0x00, 0x00, 0x00, 0x01, 0x01,
  0x00, 0x01, 0x06, 0x16, 0x14, 0x0c, 0x23, 0x39, 0x54, 0x5d, 0x8a, 0xac, 0xc0, 0xe2, 0xf6, 0xf7,
  0xf2, 0xf1, 0xfb, 0xfc, 0xfd, 0xfd, 0xfe, 0xff, 0xfe, 0xff, 0xff, 0xfd, 0xfe, 0xfd, 0xfd, 0xfe,
  0xfe, 0xfd, 0xfc, 0xfc, 0xfd, 0xfd, 0xfd, 0xfc, 0xfd, 0xfd, 0xfd, 0xfd, 0xfc, 0xfc, 0xfd, 0xfa,
  0xfa, 0xfa, 0xfb, 0xfc, 0xfc, 0xfc, 0xfd, 0xfc, 0xfe, 0xfd, 0xfd, 0xfc, 0xfc, 0xfe, 0xfe, 0xfe,
  0xfd, 0xfc, 0xfe, 0xfe, 0xfd, 0xfe, 0xfe, 0xfe, 0xff, 0xfd, 0xfd, 0xfd, 0xfe, 0xfe, 0xfd, 0xfe,
  0xfe, 0xfe, 0xfe, 0xfd, 0xfd, 0xfd, 0xff, 0xfe, 0xfd, 0xfd, 0xfe, 0xfe, 0xff, 0xfd, 0xfd, 0xfe,
  0xfc, 0xfd, 0xf9, 0xf2, 0xf4, 0xa5, 0x81, 0x77, 0x75, 0x7c, 0x55, 0x9c, 0xbc, 0xad, 0x88, 0x8f,
  0x75, 0x71, 0x6a, 0x97, 0x42, 0x25, 0x4c, 0x65, 0x71, 0x81, 0x6c, 0x3a, 0x29, 0x1f, 0x25, 0x64,
  0xb3, 0x9c, 0x54, 0x3b, 0x1b, 0x01, 0x03, 0x04, 0x00, 0x00, 0x00, 0x00, 0x00, 0x00, 0x04, 0x05,
  0x01, 0x00, 0x00, 0x00, 0x00, 0x00, 0x00, 0x00, 0x00, 0x00, 0x00, 0x00, 0x00, 0x00, 0x00, 0x00,
  0x00, 0x00, 0x00, 0x00, 0x00, 0x00, 0x00, 0x00, 0x00, 0x00, 0x00, 0x00, 0x00, 0x00, 0x00, 0x00,
  0x00, 0x00, 0x00, 0x00, 0x00, 0x00, 0x00, 0x00, 0x00, 0x00, 0x00, 0x00, 0x00, 0x00, 0x00, 0x00,
  0x00, 0x00, 0x00, 0x00, 0x00, 0x00, 0x00, 0x00, 0x00, 0x00, 0x00, 0x00, 0x00, 0x00, 0x00, 0x00,
  0x00, 0x00, 0x00, 0x00, 0x00, 0x00, 0x00, 0x00, 0x00, 0x00, 0x00, 0x00, 0x00, 0x00, 0x00, 0x00,
  0x00, 0x00, 0x00, 0x00, 0x00, 0x00, 0x00, 0x00, 0x00, 0x00, 0x00, 0x00, 0x00, 0x00, 0x00, 0x00,
  0x00, 0x00, 0x00, 0x00, 0x01, 0x00, 0x00, 0x02, 0x11, 0x15, 0x09, 0x0e, 0x12, 0x13, 0x33, 0x5a,
  0x86, 0x83, 0x9f, 0xe7, 0xfa, 0xfb, 0xfc, 0xfa, 0xfe, 0xfe, 0xfe, 0xff, 0xfd, 0xfe, 0xfe, 0xfe,
  0xff, 0xfd, 0xfe, 0xfe, 0xfd, 0xfe, 0xfd, 0xfb, 0xfe, 0xfb, 0xfd, 0xfe, 0xfd, 0xfd, 0xfc, 0xfd,
  0xfc, 0xfc, 0xfc, 0xfa, 0xf8, 0xf7, 0xf6, 0xfc, 0xfc, 0xfc, 0xfd, 0xfa, 0xfd, 0xfe, 0xfc, 0xfe,
  0xfc, 0xfd, 0xfe, 0xfe, 0xfd, 0xfd, 0xfd, 0xfe, 0xfe, 0xff, 0xfd, 0xff, 0xff, 0xfe, 0xfe, 0xfe,
  0xfc, 0xfe, 0xfc, 0xff, 0xfd, 0xfe, 0xff, 0xfe, 0xfe, 0xfd, 0xfd, 0xfe, 0xfc, 0xff, 0xfd, 0xfc,
  0xff, 0xfd, 0xfe, 0xfe, 0xfd, 0xfc, 0xfc, 0xf9, 0xf8, 0xef, 0xcd, 0x9a, 0x82, 0x81, 0x79, 0x71,
  0x98, 0xc4, 0x9e, 0x93, 0xa1, 0xaa, 0x87, 0x68, 0x69, 0x7e, 0x8d, 0x93, 0x9b, 0xad, 0x8f, 0x53,
  0x57, 0x3c, 0x4a, 0x73, 0x67, 0x9f, 0x39, 0x1b, 0x0e, 0x06, 0x01, 0x04, 0x03, 0x02, 0x00, 0x00,
  0x00, 0x00, 0x00, 0x03, 0x02, 0x00, 0x01, 0x03, 0x00, 0x00, 0x00, 0x00, 0x00, 0x00, 0x00, 0x00,
  0x00, 0x00, 0x00, 0x00, 0x00, 0x00, 0x00, 0x00, 0x00, 0x00, 0x01, 0x00, 0x60, 0x6f, 0x07, 0x00,
  0x01, 0x00, 0x00, 0x00, 0x00, 0x00, 0x00, 0x00, 0x00, 0x00, 0x00, 0x00, 0x00, 0x00, 0x00, 0x00,
  0x00, 0x00, 0x00, 0x00, 0x00, 0x00, 0x00, 0x00, 0x00, 0x00, 0x00, 0x00, 0x00, 0x00, 0x00, 0x00,
  0x00, 0x00, 0x00, 0x00, 0x00, 0x00, 0x00, 0x00, 0x00, 0x00, 0x00, 0x00, 0x00, 0x00, 0x00, 0x00,
  0x00, 0x00, 0x00, 0x00, 0x00, 0x00, 0x00, 0x00, 0x00, 0x00, 0x00, 0x00, 0x00, 0x00, 0x00, 0x00,
  0x00, 0x00, 0x00, 0x00, 0x00, 0x00, 0x00, 0x00, 0x00, 0x00, 0x00, 0x01, 0x04, 0x0b, 0x1c, 0x16,
  0x1d, 0x27, 0x1e, 0x47, 0x68, 0x6f, 0xb5, 0xb4, 0xce, 0xfe, 0xf9, 0xfc, 0xfc, 0xfc, 0xfd, 0xfd,
  0xfb, 0xfc, 0xfe, 0xfd, 0xfe, 0xff, 0xfd, 0xfe, 0xfd, 0xfc, 0xfe, 0xfc, 0xfd, 0xfd, 0xfc, 0xfd,
  0xfc, 0xfc, 0xfd, 0xfd, 0xfd, 0xfb, 0xfc, 0xfb, 0xf8, 0xfb, 0xf9, 0xf9, 0xfc, 0xfb, 0xfd, 0xfb,
  0xfa, 0xfd, 0xfd, 0xfd, 0xfd, 0xfc, 0xfd, 0xff, 0xfe, 0xfd, 0xfc, 0xfe, 0xfc, 0xfd, 0xfe, 0xfc,
  0xff, 0xfd, 0xfd, 0xfe, 0xfe, 0xff, 0xfd, 0xfe, 0xfe, 0xfd, 0xff, 0xfe, 0xfd, 0xff, 0xfe, 0xfe,
  0xfe, 0xfd, 0xff, 0xfd, 0xfe, 0xfe, 0xfd, 0xfd, 0xfd, 0xfd, 0xfd, 0xfa, 0xfa, 0xf0, 0xeb, 0xb1,
  0x7b, 0x9e, 0x76, 0x8f, 0xbc, 0xc7, 0xc1, 0xd6, 0xca, 0xa3, 0x7d, 0x7e, 0x68, 0x62, 0xb4, 0xe4,
  0xd2, 0xb2, 0xa2, 0x91, 0x59, 0x4b, 0x28, 0x3a, 0x50, 0x61, 0x81, 0x17, 0x0b, 0x09, 0x03, 0x00,
  0x05, 0x0a, 0x06, 0x00, 0x00, 0x00, 0x00, 0x00, 0x00, 0x00, 0x00, 0x00, 0x01, 0x00, 0x00, 0x00,
  0x00, 0x00, 0x00, 0x00, 0x00, 0x00, 0x00, 0x00, 0x00, 0x00, 0x00, 0x00, 0x00, 0x00, 0x00, 0x00,
  0x00, 0xb9, 0xb6, 0x0c, 0x01, 0x01, 0x00, 0x00, 0x00, 0x00, 0x00, 0x00, 0x00, 0x00, 0x00, 0x00,
  0x00, 0x00, 0x00, 0x00, 0x00, 0x00, 0x00, 0x00, 0x00, 0x00, 0x00, 0x00, 0x00, 0x00, 0x00, 0x00,
  0x00, 0x00, 0x00, 0x00, 0x00, 0x00, 0x00, 0x00, 0x00, 0x00, 0x00, 0x00, 0x00, 0x00, 0x00, 0x00,
  0x00, 0x00, 0x00, 0x00, 0x00, 0x00, 0x00, 0x00, 0x00, 0x00, 0x00, 0x00, 0x00, 0x00, 0x00, 0x00,
  0x00, 0x00, 0x00, 0x00, 0x00, 0x00, 0x00, 0x00, 0x00, 0x00, 0x00, 0x00, 0x00, 0x01, 0x01, 0x01,
  0x00, 0x01, 0x0a, 0x12, 0x12, 0x20, 0x7f, 0xba, 0xcf, 0xe2, 0xec, 0xdc, 0xe7, 0xec, 0xf8, 0xf9,
  0xfd, 0xfe, 0xfd, 0xfd, 0xfd, 0xfc, 0xfd, 0xfd, 0xfc, 0xfe, 0xfd, 0xff, 0xfe, 0xfc, 0xfd, 0xfe,
  0xfe, 0xfd, 0xfb, 0xfd, 0xfc, 0xfc, 0xfd, 0xfb, 0xfc, 0xfc, 0xfb, 0xfc, 0xf9, 0xfb, 0xfb, 0xfb,
  0xfb, 0xf9, 0xfb, 0xfc, 0xfc, 0xfc, 0xfb, 0xfb, 0xfd, 0xfc, 0xfd, 0xfc, 0xfd, 0xff, 0xfd, 0xfe,
  0xfc, 0xfd, 0xff, 0xfd, 0xfd, 0xfd, 0xfc, 0xfe, 0xff, 0xfe, 0xfd, 0xfc, 0xff, 0xff, 0xfe, 0xfe,
  0xfc, 0xfe, 0xfe, 0xfe, 0xfe, 0xfd, 0xfd, 0xfe, 0xfe, 0xfe, 0xfd, 0xfd, 0xfd, 0xfe, 0xfe, 0xf9,
  0xfb, 0xfb, 0xf2, 0xe6, 0xdd, 0xbf, 0x8b, 0x78, 0x89, 0xa4, 0xdf, 0xd7, 0xe1, 0xea, 0xe4, 0xb0,
  0x82, 0x8c, 0x7f, 0xd4, 0xb7, 0xc1, 0xa5, 0xa3, 0xa1, 0x7b, 0x60, 0x50, 0x3f, 0x2f, 0x1c, 0x0f,
  0x06, 0x0c, 0x11, 0x06, 0x1a, 0x1b, 0x08, 0x00, 0x01, 0x00, 0x00, 0x00, 0x00, 0x00, 0x00, 0x00,
  0x00, 0x00, 0x00, 0x00, 0x00, 0x00, 0x00, 0x00, 0x00, 0x00, 0x00, 0x00, 0x00, 0x00, 0x00, 0x00,
  0x00, 0x00, 0x00, 0x00, 0x00, 0x06, 0x58, 0x1c, 0x00, 0x01, 0x00, 0x00, 0x00, 0x00, 0x00, 0x00,
  0x00, 0x00, 0x00, 0x00, 0x00, 0x00, 0x00, 0x00, 0x00, 0x00, 0x00, 0x00, 0x00, 0x00, 0x00, 0x00,
  0x00, 0x00, 0x00, 0x00, 0x00, 0x00, 0x00, 0x00, 0x00, 0x00, 0x00, 0x00, 0x00, 0x00, 0x00, 0x00,
  0x00, 0x00, 0x00, 0x00, 0x00, 0x00, 0x00, 0x00, 0x00, 0x00, 0x00, 0x00, 0x00, 0x00, 0x00, 0x00,
  0x00, 0x00, 0x00, 0x00, 0x00, 0x00, 0x00, 0x00, 0x00, 0x00, 0x00, 0x00, 0x00, 0x00, 0x00, 0x00,
  0x00, 0x00, 0x01, 0x03, 0x01, 0x0a, 0x08, 0x07, 0x12, 0x22, 0x24, 0x62, 0xa2, 0xc6, 0xd1, 0xe2,
  0xee, 0xea, 0xf1, 0xf7, 0xf9, 0xfc, 0xfc, 0xfd, 0xfd, 0xfd, 0xfd, 0xfc, 0xfd, 0xfd, 0xfc, 0xfc,
  0xfd, 0xfd, 0xfd, 0xfc, 0xfd, 0xfc, 0xfc, 0xfd, 0xfc, 0xfc, 0xfb, 0xfb, 0xfc, 0xfc, 0xfb, 0xfb,
  0xfb, 0xfb, 0xfc, 0xfc, 0xfc, 0xfb, 0xfb, 0xfb, 0xfc, 0xfd, 0xfb, 0xfd, 0xfd, 0xfc, 0xfd, 0xfc,
  0xfc, 0xfe, 0xfe, 0xfe, 0xfc, 0xfc, 0xfd, 0xfe, 0xfd, 0xfe, 0xfe, 0xfd, 0xfe, 0xfe, 0xfd, 0xfd,
  0xfc, 0xfe, 0xfe, 0xfd, 0xfc, 0xfe, 0xfe, 0xfd, 0xfe, 0xfd, 0xfd, 0xfd, 0xfd, 0xfd, 0xfd, 0xfd,
  0xfc, 0xfd, 0xfd, 0xfb, 0xfc, 0xfc, 0xfc, 0xfb, 0xf8, 0xf7, 0xef, 0xd2, 0xe4, 0xc9, 0xcc, 0xf7,
  0xf9, 0xf4, 0xf3, 0xee, 0xca, 0xb9, 0xbb, 0xcb, 0xe8, 0x8b, 0x78, 0x9b, 0xb3, 0x84, 0x4b, 0x33,
  0x2f, 0x41, 0x2f, 0x24, 0x0b, 0x0e, 0x06, 0x61, 0x57, 0x39, 0x11, 0x3d, 0x0c, 0x02, 0x00, 0x01,
  0x00, 0x01, 0x01, 0x00, 0x00, 0x00, 0x00, 0x00, 0x00, 0x00, 0x00, 0x00, 0x00, 0x00, 0x00, 0x00,
  0x00, 0x00, 0x00, 0x00, 0x00, 0x00, 0x00, 0x00, 0x00, 0x00, 0x02, 0x00, 0x00, 0x00, 0x00, 0x00,
  0x00, 0x00, 0x00, 0x00, 0x00, 0x00, 0x00, 0x00, 0x00, 0x00, 0x00, 0x00, 0x00, 0x00, 0x00, 0x00,
  0x00, 0x00, 0x00, 0x00, 0x00, 0x00, 0x00, 0x00, 0x00, 0x00, 0x00, 0x00, 0x00, 0x00, 0x00, 0x00,
  0x00, 0x00, 0x00, 0x00, 0x00, 0x00, 0x00, 0x00, 0x00, 0x00, 0x00, 0x00, 0x00, 0x00, 0x00, 0x00,
  0x00, 0x00, 0x00, 0x00, 0x00, 0x00, 0x00, 0x00, 0x00, 0x00, 0x00, 0x00, 0x00, 0x01, 0x01, 0x00,
  0x00, 0x00, 0x00, 0x00, 0x00, 0x00, 0x01, 0x00, 0x13, 0x34, 0x21, 0x08, 0x0f, 0x21, 0x27, 0x24,
  0x27, 0x53, 0x65, 0xa7, 0xdf, 0xf0, 0xf3, 0xf5, 0xfd, 0xfd, 0xfd, 0xfc, 0xfd, 0xfe, 0xfe, 0xfd,
  0xfc, 0xfc, 0xfe, 0xfe, 0xfd, 0xfe, 0xfe, 0xfd, 0xfd, 0xfc, 0xfe, 0xfd, 0xfd, 0xfd, 0xfc, 0xfc,
  0xfa, 0xfc, 0xfc, 0xfc, 0xfb, 0xfb, 0xfc, 0xfc, 0xfc, 0xfc, 0xfb, 0xfc, 0xfd, 0xfd, 0xfd, 0xfc,
  0xfe, 0xfe, 0xfe, 0xfe, 0xfc, 0xfd, 0xff, 0xfd, 0xfc, 0xfd, 0xfd, 0xfe, 0xfe, 0xfe, 0xfe, 0xfd,
  0xfe, 0xfe, 0xfd, 0xfd, 0xfd, 0xfe, 0xfd, 0xfd, 0xfe, 0xfd, 0xfe, 0xfe, 0xfd, 0xfe, 0xfe, 0xfd,
  0xff, 0xfe, 0xfd, 0xfd, 0xfd, 0xfe, 0xfd, 0xfd, 0xfb, 0xfc, 0xfc, 0xfb, 0xfb, 0xf9, 0xeb, 0xf1,
  0xf5, 0xe9, 0xf3, 0xfc, 0xf9, 0xf9, 0xf8, 0xf9, 0xe5, 0xcc, 0xc9, 0xae, 0xd9, 0xdb, 0xc2, 0x80,
  0x83, 0x90, 0x45, 0x22, 0x1c, 0x13, 0x14, 0x1b, 0x29, 0x3a, 0x15, 0x04, 0x27, 0x17, 0x07, 0x56,
  0xd9, 0x4d, 0x42, 0x07, 0x01, 0x00, 0x00, 0x00, 0x00, 0x00, 0x00, 0x00, 0x00, 0x00, 0x00, 0x00,
  0x00, 0x00, 0x00, 0x00, 0x00, 0x00, 0x00, 0x00, 0x00, 0x00, 0x00, 0x00, 0x00, 0x00, 0x00, 0x00,
  0x01, 0x02, 0x00, 0x00, 0x00, 0x00, 0x00, 0x00, 0x00, 0x00, 0x00, 0x00, 0x00, 0x00, 0x00, 0x00,
  0x00, 0x00, 0x00, 0x00, 0x00, 0x00, 0x00, 0x00, 0x00, 0x00, 0x00, 0x00, 0x00, 0x00, 0x00, 0x00,
  0x00, 0x00, 0x00, 0x00, 0x00, 0x00, 0x00, 0x00, 0x00, 0x00, 0x00, 0x00, 0x00, 0x00, 0x00, 0x00,
  0x00, 0x00, 0x00, 0x00, 0x00, 0x00, 0x00, 0x00, 0x00, 0x00, 0x00, 0x00, 0x00, 0x00, 0x00, 0x00,
  0x00, 0x00, 0x01, 0x01, 0x00, 0x00, 0x00, 0x00, 0x00, 0x00, 0x00, 0x00, 0x00, 0x22, 0x5b, 0x29,
  0x0a, 0x17, 0x5f, 0x6c, 0x4a, 0x5c, 0x92, 0xa0, 0xd6, 0xec, 0xeb, 0xf8, 0xf8, 0xfd, 0xfc, 0xfd,
  0xfe, 0xfd, 0xfd, 0xfd, 0xfe, 0xfe, 0xfc, 0xfd, 0xfd, 0xfd, 0xfe, 0xfe, 0xfc, 0xfd, 0xfc, 0xfe,
  0xfc, 0xfc, 0xfd, 0xfd, 0xfd, 0xfb, 0xfb, 0xfc, 0xfb, 0xfc, 0xfc, 0xfa, 0xfd, 0xfd, 0xfd, 0xfb,
  0xfb, 0xfd, 0xfc, 0xfe, 0xfc, 0xfc, 0xfe, 0xfd, 0xfe, 0xfd, 0xfd, 0xfe, 0xfe, 0xfd, 0xfd, 0xfd,
  0xfe, 0xfd, 0xfd, 0xff, 0xfd, 0xfe, 0xfd, 0xfe, 0xfe, 0xfe, 0xfe, 0xfd, 0xfd, 0xfd, 0xfd, 0xfe,
  0xfe, 0xfd, 0xff, 0xfe, 0xfe, 0xfe, 0xfd, 0xfe, 0xfc, 0xfb, 0xfd, 0xfc, 0xfe, 0xfc, 0xfb, 0xfd,
  0xfa, 0xfa, 0xfa, 0xf3, 0xf6, 0xf3, 0xf6, 0xfb, 0xfb, 0xfa, 0xfb, 0xfa, 0xfb, 0xf7, 0xea, 0xd5,
  0xd7, 0xc4, 0xbc, 0x7e, 0x6d, 0x89, 0x64, 0x38, 0x31, 0x1b, 0x16, 0x16, 0x11, 0x1e, 0x17, 0x25,
  0x09, 0x04, 0x06, 0x03, 0x4e, 0x72, 0x68, 0x5b, 0x01, 0x01, 0x00, 0x01, 0x01, 0x01, 0x00, 0x00,
  0x00, 0x00, 0x00, 0x00, 0x00, 0x00, 0x00, 0x00, 0x00, 0x00, 0x00, 0x00, 0x00, 0x00, 0x00, 0x00,
  0x00, 0x00, 0x00, 0x00, 0x00, 0x00, 0x00, 0x00, 0x00, 0x00, 0x00, 0x00, 0x00, 0x00, 0x00, 0x00,
  0x00, 0x00, 0x00, 0x00, 0x00, 0x00, 0x00, 0x00, 0x00, 0x00, 0x00, 0x00, 0x00, 0x00, 0x00, 0x00,
  0x00, 0x00, 0x00, 0x00, 0x00, 0x00, 0x00, 0x00, 0x00, 0x00, 0x00, 0x00, 0x00, 0x00, 0x00, 0x00,
  0x00, 0x00, 0x00, 0x00, 0x00, 0x00, 0x00, 0x00, 0x00, 0x01, 0x00, 0x00, 0x00, 0x00, 0x00, 0x00,
  0x00, 0x00, 0x00, 0x00, 0x00, 0x00, 0x00, 0x00, 0x00, 0x00, 0x00, 0x00, 0x00, 0x00, 0x01, 0x00,
  0x00, 0x01, 0x0e, 0x12, 0x1c, 0x1f, 0x1a, 0x8a, 0x6d, 0x69, 0x99, 0x8f, 0xc7, 0xe7, 0xee, 0xf2,
  0xf7, 0xfb, 0xfe, 0xfd, 0xfc, 0xfb, 0xfc, 0xfd, 0xfd, 0xfd, 0xfd, 0xfd, 0xfe, 0xfd, 0xfd, 0xfd,
  0xfd, 0xfd, 0xfe, 0xfe, 0xfa, 0xfb, 0xfc, 0xfe, 0xfc, 0xfa, 0xfa, 0xfc, 0xfc, 0xfa, 0xfa, 0xf9,
  0xfb, 0xfe, 0xfc, 0xfc, 0xfb, 0xfc, 0xfe, 0xfc, 0xfd, 0xfb, 0xfd, 0xfe, 0xfc, 0xfb, 0xfb, 0xfc,
  0xff, 0xfd, 0xfd, 0xfc, 0xfc, 0xfe, 0xfd, 0xfd, 0xfd, 0xfc, 0xff, 0xfe, 0xfe, 0xfd, 0xfd, 0xff,
  0xfe, 0xfd, 0xfc, 0xfc, 0xff, 0xfe, 0xfd, 0xfd, 0xfd, 0xfd, 0xfe, 0xfe, 0xfc, 0xfc, 0xfc, 0xfd,
  0xfd, 0xfc, 0xfa, 0xfc, 0xfd, 0xfb, 0xfa, 0xf9, 0xf9, 0xfc, 0xf9, 0xf9, 0xf9, 0xfc, 0xfc, 0xfc,
  0xfb, 0xfb, 0xf9, 0xf1, 0xee, 0xdf, 0xc3, 0x8f, 0x3e, 0x66, 0x54, 0x3b, 0x27, 0x39, 0x2b, 0x23,
  0x2b, 0x17, 0x40, 0x68, 0x35, 0x11, 0x05, 0x09, 0x0c, 0x11, 0x10, 0x14, 0x07, 0x02, 0x01, 0x00,
  0x00, 0x02, 0x02, 0x00, 0x00, 0x00, 0x01, 0x00, 0x00, 0x00, 0x00, 0x05, 0x02, 0x00, 0x00, 0x00,
  0x00, 0x00, 0x00, 0x00, 0x00, 0x00, 0x00, 0x00, 0x00, 0x00, 0x00, 0x00, 0x00, 0x00, 0x00, 0x00,
  0x00, 0x00, 0x00, 0x00, 0x00, 0x00, 0x00, 0x00, 0x00, 0x00, 0x00, 0x00, 0x00, 0x00, 0x00, 0x00,
  0x00, 0x00, 0x00, 0x00, 0x00, 0x00, 0x00, 0x00, 0x00, 0x00, 0x00, 0x00, 0x00, 0x00, 0x00, 0x00,
  0x00, 0x00, 0x00, 0x00, 0x00, 0x00, 0x00, 0x00, 0x00, 0x00, 0x00, 0x00, 0x00, 0x00, 0x00, 0x00,
  0x00, 0x00, 0x00, 0x00, 0x00, 0x00, 0x00, 0x00, 0x00, 0x00, 0x00, 0x00, 0x01, 0x00, 0x00, 0x00,
  0x00, 0x00, 0x00, 0x00, 0x00, 0x01, 0x01, 0x03, 0x0a, 0x0a, 0x06, 0x56, 0xae, 0x7e, 0x54, 0x98,
  0xbd, 0xdd, 0xea, 0xf5, 0xfb, 0xfa, 0xfe, 0xfe, 0xfe, 0xfe, 0xfe, 0xfc, 0xfc, 0xfe, 0xff, 0xff,
  0xfd, 0xfd, 0xfe, 0xff, 0xfe, 0xfd, 0xfe, 0xfe, 0xfe, 0xfe, 0xfc, 0xfb, 0xfd, 0xfc, 0xfd, 0xfc,
  0xfc, 0xfd, 0xfd, 0xfc, 0xfa, 0xfa, 0xfd, 0xfd, 0xfd, 0xfb, 0xfc, 0xfd, 0xff, 0xfd, 0xfc, 0xfd,
  0xfe, 0xff, 0xfe, 0xfd, 0xfd, 0xfc, 0xfd, 0xff, 0xfe, 0xfe, 0xfe, 0xfe, 0xff, 0xff, 0xfe, 0xfd,
  0xff, 0xff, 0xff, 0xfe, 0xfe, 0xfe, 0xff, 0xfe, 0xfd, 0xfe, 0xff, 0xff, 0xff, 0xfe, 0xfd, 0xfe,
  0xff, 0xfe, 0xfe, 0xfc, 0xfc, 0xfd, 0xfe, 0xfc, 0xfb, 0xfc, 0xfb, 0xfb, 0xfc, 0xf8, 0xf7, 0xf8,
  0xf9, 0xf9, 0xfc, 0xfb, 0xfd, 0xfc, 0xfd, 0xfa, 0xf9, 0xf5, 0xe4, 0xd3, 0xa3, 0x42, 0x39, 0x2b,
  0x1e, 0x17, 0x27, 0x1b, 0x16, 0x0f, 0x0d, 0x33, 0x75, 0x5d, 0x0f, 0x04, 0x07, 0x02, 0x0a, 0x1a,
  0x0e, 0x05, 0x02, 0x00, 0x01, 0x00, 0x00, 0x00, 0x00, 0x00, 0x00, 0x00, 0x00, 0x00, 0x00, 0x00,
  0x03, 0x01, 0x00, 0x00, 0x01, 0x00, 0x00, 0x00, 0x00, 0x00, 0x00, 0x00, 0x00, 0x00, 0x00, 0x00,
  0x00, 0x00, 0x00, 0x00, 0x00, 0x00, 0x00, 0x00, 0x00, 0x00, 0x00, 0x00, 0x00, 0x00, 0x00, 0x00,
  0x00, 0x00, 0x00, 0x00, 0x00, 0x00, 0x00, 0x00, 0x00, 0x00, 0x00, 0x00, 0x00, 0x00, 0x00, 0x00,
  0x00, 0x00, 0x00, 0x00, 0x00, 0x00, 0x00, 0x00, 0x00, 0x00, 0x00, 0x00, 0x00, 0x00, 0x00, 0x00,
  0x00, 0x00, 0x0c, 0x35, 0x03, 0x00, 0x00, 0x00, 0x00, 0x00, 0x00, 0x00, 0x00, 0x00, 0x00, 0x00,
  0x00, 0x00, 0x00, 0x00, 0x00, 0x00, 0x00, 0x00, 0x00, 0x00, 0x00, 0x00, 0x03, 0x04, 0x12, 0x1c,
  0x44, 0x5a, 0x7f, 0x72, 0xc0, 0xed, 0xf6, 0xf4, 0xf8, 0xfb, 0xfd, 0xfb, 0xfd, 0xfb, 0xfb, 0xfb,
  0xfb, 0xfe, 0xfc, 0xfb, 0xfc, 0xfc, 0xfd, 0xfc, 0xfb, 0xfb, 0xfc, 0xfc, 0xfc, 0xfa, 0xfb, 0xfb,
  0xfb, 0xfb, 0xf9, 0xf9, 0xfb, 0xfd, 0xfd, 0xfb, 0xfb, 0xfb, 0xfd, 0xfe, 0xfb, 0xfc, 0xfb, 0xfd,
  0xfd, 0xfc, 0xfc, 0xfb, 0xfc, 0xfe, 0xfd, 0xfc, 0xfd, 0xfc, 0xfd, 0xfc, 0xfb, 0xfd, 0xfc, 0xfe,
  0xfc, 0xfb, 0xfc, 0xfc, 0xfd, 0xfd, 0xfb, 0xfc, 0xfd, 0xfd, 0xfd, 0xfb, 0xfb, 0xfd, 0xfe, 0xfd,
  0xfa, 0xfb, 0xfc, 0xfe, 0xfe, 0xfb, 0xfc, 0xfd, 0xfd, 0xfc, 0xfa, 0xfa, 0xfc, 0xfc, 0xfb, 0xf9,
  0xf8, 0xf8, 0xf8, 0xf6, 0xf4, 0xf7, 0xf7, 0xf9, 0xfa, 0xfa, 0xf8, 0xfb, 0xf9, 0xf1, 0xed, 0xde,
  0xa1, 0x85, 0x6b, 0x53, 0x3d, 0x40, 0x39, 0x3e, 0x25, 0x1c, 0x1d, 0x0b, 0x06, 0x2c, 0x25, 0x06,
  0x03, 0x02, 0x00, 0x01, 0x0a, 0x12, 0x00, 0x00, 0x00, 0x00, 0x00, 0x00, 0x01, 0x00, 0x00, 0x00,
  0x00, 0x00, 0x00, 0x00, 0x00, 0x02, 0x01, 0x00, 0x00, 0x00, 0x00, 0x00, 0x00, 0x00, 0x00, 0x00,
  0x00, 0x00, 0x00, 0x00, 0x00, 0x00, 0x00, 0x00, 0x00, 0x00, 0x00, 0x00, 0x00, 0x00, 0x00, 0x00,
  0x00, 0x00, 0x00, 0x00, 0x00, 0x00, 0x00, 0x00, 0x00, 0x00, 0x00, 0x00, 0x00, 0x00, 0x00, 0x00,
  0x00, 0x00, 0x00, 0x00, 0x00, 0x00, 0x00, 0x00, 0x00, 0x00, 0x00, 0x00, 0x00, 0x00, 0x00, 0x00,
  0x00, 0x00, 0x00, 0x00, 0x00, 0x00, 0x00, 0x11, 0x53, 0x08, 0x00, 0x00, 0x00, 0x00, 0x00, 0x00,
  0x00, 0x00, 0x00, 0x00, 0x00, 0x02, 0x00, 0x00, 0x01, 0x01, 0x01, 0x01, 0x00, 0x00, 0x00, 0x00,
  0x00, 0x04, 0x05, 0x1a, 0x22, 0x35, 0x43, 0x6c, 0xb4, 0xd9, 0xee, 0xf5, 0xf8, 0xfa, 0xfc, 0xfa,
  0xf8, 0xfb, 0xfc, 0xfa, 0xfc, 0xfc, 0xfc, 0xfc, 0xfa, 0xfd, 0xfd, 0xfc, 0xfd, 0xfb, 0xfd, 0xfc,
  0xfc, 0xfc, 0xfa, 0xfb, 0xfc, 0xfa, 0xfc, 0xf9, 0xfa, 0xfa, 0xfc, 0xfe, 0xfb, 0xfc, 0xfc, 0xfc,
  0xfe, 0xfb, 0xfc, 0xfd, 0xfc, 0xfd, 0xfc, 0xfc, 0xfd, 0xfb, 0xfd, 0xfb, 0xfb, 0xfd, 0xfc, 0xfe,
  0xfb, 0xf9, 0xfc, 0xfd, 0xfd, 0xfc, 0xfa, 0xfe, 0xfc, 0xfc, 0xfc, 0xfa, 0xfd, 0xfd, 0xfc, 0xfd,
  0xfa, 0xfd, 0xfc, 0xfd, 0xfd, 0xf9, 0xfd, 0xfd, 0xfc, 0xfd, 0xfa, 0xfc, 0xfd, 0xfd, 0xfe, 0xfb,
  0xfb, 0xfb, 0xfc, 0xfc, 0xf9, 0xf9, 0xf9, 0xf8, 0xfa, 0xf7, 0xf7, 0xf9, 0xf6, 0xf9, 0xfa, 0xfa,
  0xfc, 0xfb, 0xf3, 0xe4, 0xe1, 0xa9, 0x55, 0x2f, 0x51, 0x52, 0x6a, 0x54, 0x12, 0x0b, 0x10, 0x0b,
  0x06, 0x07, 0x05, 0x00, 0x06, 0x0d, 0x02, 0x02, 0x0a, 0x19, 0x12, 0x00, 0x00, 0x00, 0x00, 0x00,
  0x00, 0x03, 0x01, 0x00, 0x00, 0x00, 0x00, 0x00, 0x00, 0x00, 0x01, 0x01, 0x00, 0x15, 0x25, 0x02,
  0x00, 0x00, 0x00, 0x00, 0x00, 0x00, 0x00, 0x00, 0x00, 0x00, 0x00, 0x00, 0x00, 0x00, 0x00, 0x00,
  0x00, 0x00, 0x00, 0x00, 0x00, 0x00, 0x00, 0x00, 0x00, 0x00, 0x00, 0x00, 0x00, 0x00, 0x00, 0x00,
  0x00, 0x00, 0x00, 0x00, 0x00, 0x00, 0x00, 0x00, 0x00, 0x00, 0x00, 0x00, 0x00, 0x00, 0x00, 0x00,
  0x00, 0x00, 0x00, 0x00, 0x00, 0x00, 0x00, 0x00, 0x00, 0x00, 0x00, 0x00, 0x00, 0x00, 0x00, 0x00,
  0x00, 0x00, 0x00, 0x00, 0x00, 0x00, 0x00, 0x00, 0x00, 0x00, 0x00, 0x00, 0x00, 0x00, 0x00, 0x00,
  0x02, 0x02, 0x00, 0x00, 0x01, 0x02, 0x05, 0x0b, 0x11, 0x3c, 0x63, 0x61, 0x9e, 0xe6, 0xf8, 0xfa,
  0xfb, 0xf8, 0xf9, 0xfa, 0xfa, 0xfc, 0xfb, 0xfc, 0xfd, 0xfc, 0xfc, 0xfc, 0xfb, 0xfe, 0xfe, 0xfe,
  0xfd, 0xfc, 0xfe, 0xfe, 0xfd, 0xfc, 0xfc, 0xfc, 0xfe, 0xfb, 0xfc, 0xfc, 0xfe, 0xfd, 0xfb, 0xfd,
  0xfc, 0xfc, 0xff, 0xfc, 0xfd, 0xfd, 0xfd, 0xff, 0xfe, 0xfe, 0xfd, 0xfd, 0xfd, 0xfd, 0xfe, 0xfc,
  0xfe, 0xfe, 0xfe, 0xff, 0xfd, 0xfc, 0xfd, 0xfd, 0xfe, 0xfd, 0xfd, 0xfe, 0xfe, 0xfe, 0xfe, 0xfc,
  0xfe, 0xfe, 0xfe, 0xfd, 0xfc, 0xfe, 0xfe, 0xfe, 0xfe, 0xfb, 0xfd, 0xfe, 0xfd, 0xfe, 0xfe, 0xfe,
  0xfd, 0xfd, 0xfd, 0xfc, 0xfc, 0xfe, 0xfc, 0xfc, 0xfc, 0xfc, 0xfd, 0xfb, 0xfa, 0xfb, 0xf8, 0xf7,
  0xfa, 0xfa, 0xfb, 0xfb, 0xfc, 0xfc, 0xfd, 0xf0, 0xe3, 0xee, 0xab, 0x57, 0x66, 0x58, 0x59, 0x55,
  0x33, 0x0c, 0x08, 0x06, 0x0d, 0x0a, 0x07, 0x06, 0x01, 0x1e, 0x6e, 0x0c, 0x01, 0x0c, 0x09, 0x04,
  0x01, 0x00, 0x00, 0x00, 0x01, 0x00, 0x01, 0x01, 0x01, 0x01, 0x00, 0x00, 0x00, 0x00, 0x00, 0x00,
  0x00, 0x00, 0x17, 0x54, 0x10, 0x00, 0x00, 0x00, 0x00, 0x00, 0x00, 0x00, 0x00, 0x00, 0x00, 0x00,
  0x00, 0x00, 0x00, 0x00, 0x00, 0x00, 0x00, 0x00, 0x00, 0x00, 0x00, 0x00, 0x00, 0x00, 0x00, 0x00,
  0x00, 0x00, 0x00, 0x00, 0x00, 0x00, 0x00, 0x00, 0x00, 0x00, 0x00, 0x00, 0x00, 0x00, 0x00, 0x00,
  0x00, 0x00, 0x00, 0x00, 0x00, 0x00, 0x00, 0x00, 0x00, 0x00, 0x00, 0x00, 0x00, 0x00, 0x00, 0x00,
  0x00, 0x00, 0x01, 0x00, 0x00, 0x00, 0x00, 0x00, 0x00, 0x00, 0x00, 0x00, 0x00, 0x00, 0x00, 0x00,
  0x00, 0x00, 0x00, 0x00, 0x00, 0x03, 0x01, 0x00, 0x00, 0x02, 0x02, 0x10, 0x1b, 0x24, 0x44, 0x6d,
  0xc4, 0xf2, 0xf8, 0xf5, 0xf7, 0xf6, 0xf6, 0xee, 0xea, 0xf9, 0xf9, 0xf8, 0xfb, 0xfb, 0xfa, 0xfb,
  0xfd, 0xfc, 0xfd, 0xfc, 0xfc, 0xfb, 0xfb, 0xfa, 0xfa, 0xfc, 0xfc, 0xfa, 0xfb, 0xfb, 0xfb, 0xfb,
  0xfb, 0xfb, 0xfb, 0xfa, 0xfc, 0xfc, 0xfc, 0xfc, 0xfc, 0xfd, 0xfc, 0xfc, 0xfc, 0xfc, 0xfd, 0xfb,
  0xfc, 0xfc, 0xfc, 0xfd, 0xfc, 0xfc, 0xfe, 0xfd, 0xfe, 0xfe, 0xfd, 0xfd, 0xfd, 0xfe, 0xfc, 0xfc,
  0xfe, 0xfd, 0xfd, 0xfc, 0xfc, 0xfd, 0xfc, 0xfc, 0xfd, 0xfc, 0xfe, 0xfc, 0xfd, 0xfd, 0xfb, 0xfd,
  0xfc, 0xfc, 0xfc, 0xfc, 0xfd, 0xfc, 0xfc, 0xfc, 0xfc, 0xfc, 0xfc, 0xfc, 0xfb, 0xfb, 0xfc, 0xfa,
  0xf9, 0xfa, 0xfc, 0xfb, 0xfc, 0xfc, 0xf9, 0xfa, 0xfb, 0xfa, 0xfa, 0xf8, 0xe4, 0xe9, 0xc9, 0x72,
  0x73, 0x78, 0x5b, 0x3a, 0x21, 0x0c, 0x0f, 0x07, 0x09, 0x0d, 0x09, 0x01, 0x03, 0x01, 0x0a, 0x34,
  0x0a, 0x09, 0x09, 0x02, 0x02, 0x00, 0x00, 0x00, 0x00, 0x00, 0x00, 0x00, 0x00, 0x03, 0x01, 0x00,
  0x00, 0x00, 0x00, 0x01, 0x01, 0x00, 0x00, 0x02, 0x1f, 0x17, 0x00, 0x01, 0x00, 0x00, 0x00, 0x00,
  0x00, 0x00, 0x00, 0x00, 0x00, 0x00, 0x00, 0x00, 0x00, 0x00, 0x00, 0x00, 0x00, 0x00, 0x00, 0x00,
  0x00, 0x00, 0x00, 0x00, 0x00, 0x00, 0x00, 0x00, 0x00, 0x00, 0x00, 0x00, 0x00, 0x00, 0x00, 0x00,
  0x00, 0x00, 0x00, 0x00, 0x00, 0x00, 0x00, 0x00, 0x00, 0x00, 0x00, 0x00, 0x00, 0x00, 0x00, 0x00,
  0x00, 0x00, 0x00, 0x00, 0x00, 0x00, 0x00, 0x00, 0x00, 0x01, 0x01, 0x00, 0x00, 0x00, 0x00, 0x00,
  0x00, 0x00, 0x00, 0x00, 0x00, 0x00, 0x00, 0x00, 0x00, 0x00, 0x02, 0x01, 0x00, 0x00, 0x03, 0x08,
  0x17, 0x20, 0x36, 0x9c, 0xe5, 0xf4, 0xea, 0xf5, 0xf6, 0xea, 0xd8, 0xd2, 0xcb, 0xe2, 0xf8, 0xf6,
  0xf7, 0xfb, 0xfc, 0xfc, 0xfb, 0xfa, 0xfb, 0xfb, 0xfc, 0xfb, 0xfa, 0xfc, 0xfc, 0xfc, 0xfb, 0xf9,
  0xfb, 0xfc, 0xfc, 0xfb, 0xf9, 0xfb, 0xfc, 0xfb, 0xfb, 0xfb, 0xfb, 0xfc, 0xfd, 0xfc, 0xfb, 0xfb,
  0xfe, 0xfb, 0xfc, 0xfb, 0xf9, 0xfd, 0xfc, 0xfd, 0xfc, 0xfb, 0xfe, 0xfd, 0xfd, 0xfd, 0xfb, 0xfd,
  0xfd, 0xfd, 0xfc, 0xfb, 0xfc, 0xfd, 0xfe, 0xfd, 0xfb, 0xfc, 0xfd, 0xfc, 0xfb, 0xfb, 0xfd, 0xfe,
  0xfe, 0xfd, 0xfb, 0xfc, 0xfe, 0xfd, 0xfd, 0xfb, 0xfb, 0xfd, 0xfe, 0xfd, 0xfb, 0xfa, 0xfc, 0xfc,
  0xfc, 0xfa, 0xf9, 0xfb, 0xfb, 0xfa, 0xf9, 0xf9, 0xfb, 0xfa, 0xfa, 0xf9, 0xf7, 0xf9, 0xf9, 0xfa,
  0xf1, 0xdc, 0xdb, 0xae, 0x84, 0x61, 0x37, 0x3d, 0x25, 0x0e, 0x09, 0x09, 0x08, 0x06, 0x07, 0x04,
  0x01, 0x02, 0x05, 0x16, 0x58, 0x14, 0x04, 0x08, 0x02, 0x03, 0x02, 0x00, 0x00, 0x00, 0x00, 0x00,
  0x00, 0x01, 0x01, 0x00, 0x00, 0x00, 0x00, 0x00, 0x00, 0x00, 0x00, 0x00, 0x00, 0x00, 0x01, 0x00,
  0x00, 0x00, 0x00, 0x00, 0x00, 0x00, 0x00, 0x00, 0x00, 0x00, 0x00, 0x00, 0x00, 0x00, 0x00, 0x00,
  0x00, 0x00, 0x00, 0x00, 0x00, 0x00, 0x00, 0x00, 0x00, 0x00, 0x00, 0x00, 0x00, 0x00, 0x00, 0x00,
  0x00, 0x00, 0x00, 0x00, 0x00, 0x00, 0x00, 0x00, 0x00, 0x00, 0x00, 0x00, 0x00, 0x00, 0x00, 0x00,
  0x00, 0x00, 0x00, 0x00, 0x00, 0x00, 0x00, 0x00, 0x00, 0x00, 0x00, 0x00, 0x00, 0x00, 0x00, 0x00,
  0x05, 0x00, 0x00, 0x00, 0x00, 0x00, 0x00, 0x00, 0x00, 0x00, 0x00, 0x00, 0x00, 0x00, 0x00, 0x04,
  0x04, 0x09, 0x07, 0x0d, 0x20, 0x4e, 0xad, 0xd1, 0xf8, 0xf8, 0xf0, 0xd3, 0xcf, 0xde, 0xae, 0xb5,
  0xe7, 0xd3, 0xd7, 0xf1, 0xf3, 0xf8, 0xfb, 0xfd, 0xfd, 0xfc, 0xfc, 0xfc, 0xfc, 0xfc, 0xfc, 0xfc,
  0xfb, 0xfd, 0xfd, 0xfd, 0xfc, 0xfc, 0xfc, 0xfc, 0xfb, 0xfd, 0xfd, 0xfc, 0xfd, 0xfc, 0xfd, 0xfe,
  0xfd, 0xfd, 0xfd, 0xfd, 0xfd, 0xfe, 0xfd, 0xfe, 0xfd, 0xfd, 0xfd, 0xfd, 0xfd, 0xfc, 0xfd, 0xfd,
  0xfd, 0xfe, 0xfd, 0xfc, 0xfd, 0xfd, 0xfe, 0xfe, 0xfd, 0xfd, 0xfd, 0xfd, 0xfe, 0xfd, 0xff, 0xfc,
  0xfd, 0xfd, 0xfe, 0xfe, 0xfd, 0xfe, 0xfe, 0xfd, 0xfe, 0xfe, 0xfc, 0xfd, 0xfd, 0xfd, 0xfc, 0xfd,
  0xfe, 0xfc, 0xfb, 0xfd, 0xfc, 0xfd, 0xfc, 0xfb, 0xfa, 0xfb, 0xfb, 0xfb, 0xfa, 0xfb, 0xfa, 0xfb,
  0xf9, 0xf9, 0xf8, 0xf9, 0xf1, 0xea, 0xbf, 0xb4, 0xac, 0x80, 0x95, 0xa7, 0x51, 0x56, 0x70, 0x2f,
  0x08, 0x0b, 0x03, 0x04, 0x04, 0x06, 0x01, 0x04, 0x65, 0x8e, 0x13, 0x00, 0x04, 0x03, 0x02, 0x10,
  0x03, 0x00, 0x00, 0x00, 0x00, 0x00, 0x00, 0x01, 0x02, 0x01, 0x00, 0x00, 0x00, 0x00, 0x00, 0x00,
  0x00, 0x00, 0x02, 0x00, 0x01, 0x00, 0x00, 0x00, 0x00, 0x00, 0x00, 0x00, 0x00, 0x00, 0x00, 0x00,
  0x00, 0x00, 0x00, 0x00, 0x00, 0x00, 0x00, 0x00, 0x00, 0x00, 0x00, 0x00, 0x00, 0x00, 0x00, 0x00,
  0x00, 0x00, 0x00, 0x00, 0x00, 0x00, 0x00, 0x00, 0x00, 0x00, 0x00, 0x00, 0x00, 0x00, 0x00, 0x00,
  0x00, 0x00, 0x00, 0x00, 0x00, 0x00, 0x00, 0x00, 0x00, 0x00, 0x00, 0x00, 0x00, 0x00, 0x00, 0x00,
  0x00, 0x06, 0x01, 0x36, 0x4e, 0x08, 0x07, 0x05, 0x00, 0x00, 0x00, 0x00, 0x00, 0x00, 0x00, 0x00,
  0x00, 0x00, 0x02, 0x04, 0x0c, 0x05, 0x10, 0x18, 0x20, 0x6b, 0xde, 0xfd, 0xf4, 0xf4, 0xe5, 0xdd,
  0xab, 0x84, 0x92, 0x70, 0xa8, 0xbd, 0xbb, 0xde, 0xda, 0xef, 0xfb, 0xfc, 0xfd, 0xfd, 0xfd, 0xfb,
  0xfc, 0xfc, 0xfd, 0xfe, 0xfc, 0xfc, 0xfc, 0xfd, 0xfc, 0xfd, 0xfe, 0xfc, 0xfd, 0xfb, 0xfc, 0xfd,
  0xfd, 0xfe, 0xfd, 0xfd, 0xfe, 0xfd, 0xfd, 0xff, 0xfe, 0xfe, 0xfd, 0xfd, 0xff, 0xfe, 0xfe, 0xfd,
  0xfc, 0xfe, 0xfe, 0xff, 0xfe, 0xfe, 0xff, 0xfe, 0xfe, 0xfe, 0xfd, 0xfd, 0xfe, 0xfe, 0xfe, 0xfc,
  0xfe, 0xfd, 0xfe, 0xfe, 0xfc, 0xfe, 0xfe, 0xfd, 0xfe, 0xfc, 0xff, 0xfe, 0xfe, 0xfe, 0xfd, 0xfd,
  0xff, 0xfd, 0xfd, 0xfc, 0xfd, 0xff, 0xfd, 0xff, 0xfd, 0xfd, 0xfd, 0xfc, 0xfc, 0xfc, 0xfa, 0xfb,
  0xfc, 0xfc, 0xfc, 0xfc, 0xfc, 0xfa, 0xf9, 0xfa, 0xf3, 0xf5, 0xe9, 0x99, 0x88, 0x6b, 0x6d, 0x89,
  0xa0, 0x53, 0x46, 0x5b, 0x21, 0x04, 0x09, 0x01, 0x00, 0x02, 0x04, 0x0d, 0x15, 0x22, 0x09, 0x07,
  0x05, 0x0a, 0x02, 0x02, 0x05, 0x00, 0x00, 0x00, 0x00, 0x01, 0x07, 0x05, 0x00, 0x03, 0x00, 0x00,
  0x00, 0x00, 0x00, 0x00, 0x01, 0x00, 0x00, 0x00, 0x00, 0x02, 0x00, 0x00, 0x00, 0x00, 0x00, 0x00,
  0x00, 0x00, 0x00, 0x00, 0x00, 0x00, 0x00, 0x00, 0x00, 0x00, 0x00, 0x00, 0x00, 0x00, 0x00, 0x00,
  0x00, 0x00, 0x00, 0x00, 0x00, 0x00, 0x00, 0x00, 0x00, 0x00, 0x00, 0x00, 0x00, 0x00, 0x00, 0x00,
  0x00, 0x00, 0x00, 0x00, 0x00, 0x00, 0x00, 0x00, 0x00, 0x00, 0x00, 0x00, 0x00, 0x00, 0x00, 0x00,
  0x00, 0x00, 0x00, 0x00, 0x00, 0x00, 0x03, 0x00, 0x57, 0x62, 0x06, 0x57, 0x2e, 0x00, 0x01, 0x00,
  0x00, 0x00, 0x00, 0x00, 0x00, 0x00, 0x02, 0x07, 0x04, 0x0a, 0x10, 0x1d, 0x4e, 0xa6, 0xce, 0xee,
  0xf5, 0xef, 0xe4, 0xd7, 0xbd, 0x90, 0x72, 0x5d, 0x57, 0x95, 0x89, 0x8b, 0xce, 0xcf, 0xd7, 0xff,
  0xfd, 0xfd, 0xfc, 0xfc, 0xfb, 0xfd, 0xfd, 0xfc, 0xfb, 0xfb, 0xfd, 0xfd, 0xfd, 0xfc, 0xfc, 0xfd,
  0xfe, 0xfd, 0xfc, 0xfe, 0xfe, 0xfd, 0xfe, 0xfc, 0xfd, 0xfe, 0xfe, 0xfe, 0xfd, 0xfe, 0xff, 0xff,
  0xfd, 0xfe, 0xfe, 0xfe, 0xfe, 0xfd, 0xfe, 0xfe, 0xfe, 0xfe, 0xfe, 0xfd, 0xfe, 0xfd, 0xfe, 0xfd,
  0xfc, 0xfd, 0xfd, 0xfd, 0xfd, 0xfe, 0xfe, 0xfe, 0xfe, 0xfd, 0xfe, 0xfd, 0xfe, 0xfd, 0xfd, 0xfe,
  0xfe, 0xfe, 0xfe, 0xfe, 0xfd, 0xfd, 0xfd, 0xfd, 0xfe, 0xfd, 0xfd, 0xfd, 0xfe, 0xfd, 0xff, 0xfe,
  0xfc, 0xfa, 0xfc, 0xfa, 0xfa, 0xf9, 0xfd, 0xfd, 0xfd, 0xfb, 0xfa, 0xf9, 0xf8, 0xf5, 0xf8, 0xc6,
  0x86, 0x7f, 0x5f, 0x57, 0x6f, 0xa3, 0x6b, 0x46, 0x33, 0x1f, 0x17, 0x1c, 0x0a, 0x05, 0x00, 0x03,
  0x40, 0x15, 0x00, 0x02, 0x04, 0x03, 0x08, 0x03, 0x01, 0x1b, 0x42, 0x24, 0x00, 0x00, 0x04, 0x0e,
  0x2a, 0x6f, 0x27, 0x00, 0x01, 0x00, 0x00, 0x00, 0x00, 0x01, 0x00, 0x00, 0x00, 0x01, 0x01, 0x00,
  0x00, 0x00, 0x00, 0x00, 0x00, 0x00, 0x00, 0x00, 0x00, 0x00, 0x00, 0x00, 0x00, 0x00, 0x00, 0x00,
  0x00, 0x00, 0x00, 0x00, 0x00, 0x00, 0x00, 0x00, 0x00, 0x00, 0x00, 0x00, 0x00, 0x00, 0x00, 0x00,
  0x00, 0x00, 0x00, 0x00, 0x00, 0x00, 0x00, 0x00, 0x00, 0x00, 0x00, 0x00, 0x00, 0x00, 0x00, 0x00,
  0x00, 0x00, 0x00, 0x00, 0x00, 0x00, 0x00, 0x00, 0x00, 0x00, 0x00, 0x00, 0x02, 0x01, 0x00, 0x14,
  0x1f, 0x01, 0x00, 0x00, 0x00, 0x00, 0x00, 0x00, 0x00, 0x06, 0x04, 0x02, 0x0a, 0x0d, 0x0a, 0x3b,
  0x75, 0xc7, 0xf2, 0xe7, 0xd8, 0xbf, 0xbb, 0xc3, 0xae, 0x95, 0x6b, 0x5f, 0x6d, 0x77, 0x6e, 0x4f,
  0x69, 0xae, 0xd2, 0xe6, 0xfe, 0xfc, 0xfe, 0xfd, 0xfc, 0xfc, 0xfc, 0xfd, 0xfc, 0xfc, 0xfa, 0xfc,
  0xfe, 0xfd, 0xfd, 0xfc, 0xfb, 0xfd, 0xfd, 0xfd, 0xfe, 0xfd, 0xfc, 0xfc, 0xfd, 0xfe, 0xfc, 0xfd,
  0xfd, 0xfd, 0xfe, 0xfd, 0xff, 0xfe, 0xfc, 0xfe, 0xfe, 0xfe, 0xff, 0xfd, 0xff, 0xfd, 0xfe, 0xff,
  0xfb, 0xfe, 0xfe, 0xfd, 0xff, 0xfd, 0xff, 0xfe, 0xfc, 0xff, 0xfe, 0xfe, 0xfd, 0xfe, 0xff, 0xfd,
  0xfe, 0xff, 0xfb, 0xfe, 0xfd, 0xfe, 0xfe, 0xfd, 0xff, 0xfd, 0xfc, 0xfe, 0xfb, 0xfe, 0xff, 0xfe,
  0xfe, 0xfd, 0xfe, 0xfd, 0xfd, 0xfd, 0xfa, 0xfa, 0xfa, 0xfa, 0xfa, 0xfb, 0xfc, 0xfd, 0xfb, 0xfb,
  0xf7, 0xf6, 0xf8, 0xe0, 0xa2, 0x87, 0x7a, 0x5b, 0x3b, 0x5d, 0x63, 0x53, 0x45, 0x2a, 0x34, 0x4c,
  0x38, 0x0f, 0x28, 0x48, 0x06, 0x12, 0x03, 0x04, 0x00, 0x02, 0x02, 0x01, 0x01, 0x05, 0x2b, 0x18,
  0x03, 0x01, 0x01, 0x03, 0x07, 0x53, 0x9b, 0x1f, 0x03, 0x01, 0x00, 0x00, 0x00, 0x00, 0x00, 0x00,
  0x00, 0x00, 0x00, 0x00, 0x00, 0x00, 0x00, 0x00, 0x00, 0x00, 0x00, 0x00, 0x00, 0x00, 0x00, 0x00,
  0x00, 0x00, 0x00, 0x00, 0x00, 0x00, 0x00, 0x00, 0x00, 0x00, 0x00, 0x00, 0x00, 0x00, 0x00, 0x00,
  0x00, 0x00, 0x00, 0x00, 0x00, 0x00, 0x00, 0x00, 0x00, 0x00, 0x00, 0x00, 0x00, 0x00, 0x00, 0x00,
  0x00, 0x00, 0x00, 0x00, 0x00, 0x00, 0x00, 0x00, 0x00, 0x00, 0x00, 0x00, 0x00, 0x00, 0x00, 0x00,
  0x00, 0x01, 0x02, 0x06, 0x08, 0x00, 0x00, 0x00, 0x00, 0x01, 0x00, 0x00, 0x00, 0x00, 0x04, 0x00,
  0x00, 0x0d, 0x19, 0x59, 0xb7, 0xd5, 0xc2, 0xa8, 0x5f, 0x77, 0x7c, 0x86, 0x87, 0x74, 0x78, 0x43,
  0x3f, 0x5b, 0xa7, 0x75, 0x55, 0x5c, 0x87, 0xe8, 0xf7, 0xfd, 0xfc, 0xfc, 0xff, 0xfc, 0xfb, 0xfd,
  0xfc, 0xfd, 0xfb, 0xfb, 0xfd, 0xfb, 0xfe, 0xfd, 0xfd, 0xfc, 0xfc, 0xfd, 0xfd, 0xfe, 0xfe, 0xfe,
  0xfe, 0xfe, 0xfe, 0xfe, 0xff, 0xfe, 0xff, 0xfe, 0xfd, 0xfe, 0xff, 0xff, 0xff, 0xfd, 0xff, 0xff,
  0xff, 0xff, 0xff, 0xfe, 0xfe, 0xff, 0xfe, 0xfe, 0xfe, 0xfe, 0xfe, 0xff, 0xfd, 0xfe, 0xfe, 0xfe,
  0xfe, 0xfd, 0xfe, 0xfe, 0xff, 0xff, 0xfe, 0xfd, 0xfe, 0xfe, 0xff, 0xfd, 0xfe, 0xff, 0xff, 0xfe,
  0xfc, 0xfd, 0xff, 0xfe, 0xff, 0xfd, 0xfd, 0xfd, 0xff, 0xfe, 0xfc, 0xfc, 0xfb, 0xfc, 0xfd, 0xfb,
  0xf9, 0xfb, 0xfb, 0xfb, 0xf8, 0xf8, 0xfc, 0xf9, 0xec, 0xd4, 0xa4, 0x75, 0x57, 0x23, 0x33, 0x52,
  0x40, 0x36, 0x35, 0x43, 0x6c, 0x1d, 0x0b, 0x43, 0x46, 0x07, 0x00, 0x02, 0x02, 0x00, 0x00, 0x00,
  0x01, 0x00, 0x00, 0x00, 0x00, 0x00, 0x00, 0x00, 0x06, 0x02, 0x07, 0x0b, 0x0c, 0x04, 0x00, 0x00,
  0x00, 0x00, 0x00, 0x00, 0x00, 0x00, 0x00, 0x01, 0x01, 0x00, 0x00, 0x00, 0x00, 0x00, 0x00, 0x00,
  0x00, 0x00, 0x00, 0x00, 0x00, 0x00, 0x00, 0x00, 0x00, 0x00, 0x00, 0x00, 0x00, 0x00, 0x00, 0x00,
  0x00, 0x00, 0x00, 0x00, 0x00, 0x00, 0x00, 0x00, 0x00, 0x00, 0x00, 0x00, 0x00, 0x00, 0x00, 0x00,
  0x00, 0x00, 0x00, 0x00, 0x00, 0x00, 0x00, 0x00, 0x00, 0x00, 0x00, 0x00, 0x00, 0x00, 0x00, 0x00,
  0x00, 0x00, 0x00, 0x00, 0x00, 0x00, 0x00, 0x01, 0x00, 0x00, 0x01, 0x00, 0x00, 0x00, 0x01, 0x05,
  0x02, 0x02, 0x0c, 0x10, 0x16, 0x1d, 0x57, 0xa6, 0xc7, 0x9e, 0x6a, 0x63, 0x56, 0x4b, 0x48, 0x42,
  0x3d, 0x35, 0x1a, 0x28, 0x33, 0x3f, 0x6e, 0x67, 0x65, 0x5d, 0x62, 0x92, 0xdd, 0xf5, 0xfb, 0xf8,
  0xfa, 0xfa, 0xfb, 0xfc, 0xfc, 0xfb, 0xfc, 0xfb, 0xfc, 0xfc, 0xfd, 0xfc, 0xfb, 0xfe, 0xfd, 0xfd,
  0xfc, 0xfd, 0xfd, 0xfe, 0xfe, 0xfe, 0xfc, 0xff, 0xfd, 0xfd, 0xfd, 0xfd, 0xfe, 0xfe, 0xfd, 0xfe,
  0xfe, 0xfd, 0xff, 0xfd, 0xfd, 0xfd, 0xfd, 0xfe, 0xfd, 0xfe, 0xfe, 0xfd, 0xfe, 0xfd, 0xfd, 0xfd,
  0xfd, 0xfe, 0xfd, 0xfe, 0xfe, 0xfe, 0xfe, 0xfe, 0xfd, 0xfd, 0xfd, 0xfd, 0xfe, 0xfd, 0xfe, 0xfe,
  0xfe, 0xfe, 0xfd, 0xfd, 0xfe, 0xfe, 0xfc, 0xfc, 0xfd, 0xfd, 0xfd, 0xfc, 0xfc, 0xfd, 0xfc, 0xfc,
  0xfc, 0xfc, 0xfb, 0xfb, 0xfa, 0xfa, 0xfa, 0xfa, 0xf9, 0xee, 0xec, 0xd1, 0xc5, 0xcf, 0xb0, 0x8b,
  0x6f, 0x6f, 0x5e, 0x5d, 0x38, 0x49, 0x59, 0x42, 0x4a, 0x49, 0x1b, 0x0b, 0x0d, 0x00, 0x07, 0x03,
  0x01, 0x02, 0x02, 0x06, 0x02, 0x02, 0x0f, 0x2c, 0x0a, 0x03, 0x01, 0x00, 0x01, 0x03, 0x01, 0x06,
  0x05, 0x06, 0x00, 0x00, 0x00, 0x00, 0x00, 0x00, 0x00, 0x02, 0x00, 0x00, 0x00, 0x00, 0x00, 0x00,
  0x00, 0x01, 0x00, 0x00, 0x00, 0x00, 0x00, 0x00, 0x00, 0x00, 0x00, 0x00, 0x00, 0x00, 0x00, 0x00,
  0x00, 0x00, 0x00, 0x00, 0x00, 0x00, 0x00, 0x00, 0x00, 0x00, 0x00, 0x00, 0x00, 0x00, 0x00, 0x00,
  0x00, 0x00, 0x00, 0x00, 0x00, 0x00, 0x00, 0x00, 0x00, 0x00, 0x00, 0x00, 0x00, 0x00, 0x00, 0x00,
  0x00, 0x00, 0x00, 0x00, 0x00, 0x00, 0x00, 0x00, 0x00, 0x02, 0x00, 0x00, 0x00, 0x00, 0x00, 0x00,
  0x00, 0x00, 0x00, 0x00, 0x05, 0x09, 0x0c, 0x0d, 0x2f, 0x67, 0x9d, 0xb4, 0x99, 0x64, 0x30, 0x3f,
  0x56, 0x3e, 0x35, 0x23, 0x1f, 0x18, 0x05, 0x05, 0x0d, 0x4c, 0x48, 0x23, 0x4b, 0x5d, 0x5f, 0xb3,
  0xbc, 0xe0, 0xf8, 0xfb, 0xf7, 0xf9, 0xfa, 0xfa, 0xfb, 0xfc, 0xfb, 0xfb, 0xfc, 0xfc, 0xfb, 0xfb,
  0xfc, 0xfc, 0xfd, 0xfc, 0xfa, 0xfc, 0xfd, 0xfc, 0xfd, 0xfb, 0xfc, 0xfe, 0xfe, 0xfe, 0xfc, 0xfc,
  0xfe, 0xfe, 0xfe, 0xfb, 0xfe, 0xfd, 0xfd, 0xfe, 0xfb, 0xfc, 0xfe, 0xfd, 0xfe, 0xfc, 0xfc, 0xfd,
  0xfd, 0xfe, 0xfc, 0xfc, 0xfd, 0xfe, 0xfe, 0xfd, 0xfc, 0xfe, 0xfe, 0xfd, 0xfc, 0xfa, 0xfd, 0xfe,
  0xfe, 0xfd, 0xfb, 0xff, 0xfd, 0xfe, 0xfe, 0xfb, 0xfd, 0xfe, 0xfd, 0xfb, 0xfa, 0xfb, 0xfd, 0xfd,
  0xfd, 0xfc, 0xfb, 0xfb, 0xfe, 0xfe, 0xfb, 0xfb, 0xfa, 0xfb, 0xfb, 0xfa, 0xf9, 0xfd, 0xe4, 0xd3,
  0x9f, 0x91, 0xa7, 0x86, 0xab, 0x76, 0x53, 0x4a, 0x45, 0x46, 0x5e, 0x51, 0x47, 0x45, 0x30, 0x1b,
  0x09, 0x09, 0x09, 0x0b, 0x0b, 0x03, 0x02, 0x03, 0x05, 0x06, 0x01, 0x48, 0x7f, 0x0c, 0x02, 0x01,
  0x00, 0x00, 0x00, 0x00, 0x09, 0x08, 0x00, 0x00, 0x00, 0x00, 0x00, 0x00, 0x00, 0x02, 0x03, 0x00,
  0x00, 0x00, 0x01, 0x01, 0x00, 0x00, 0x00, 0x00, 0x00, 0x00, 0x00, 0x00, 0x00, 0x00, 0x00, 0x00,
  0x00, 0x00, 0x00, 0x00, 0x00, 0x00, 0x00, 0x00, 0x00, 0x00, 0x00, 0x00, 0x00, 0x00, 0x00, 0x00,
  0x00, 0x00, 0x00, 0x00, 0x00, 0x00, 0x00, 0x00, 0x00, 0x00, 0x00, 0x00, 0x00, 0x00, 0x00, 0x00,
  0x00, 0x00, 0x00, 0x00, 0x00, 0x00, 0x00, 0x00, 0x00, 0x00, 0x00, 0x00, 0x00, 0x00, 0x00, 0x00,
  0x00, 0x00, 0x00, 0x00, 0x00, 0x00, 0x00, 0x02, 0x03, 0x00, 0x0a, 0x2c, 0x6d, 0xa5, 0x9b, 0x73,
  0x4c, 0x46, 0x40, 0x3a, 0x3c, 0x37, 0x1c, 0x1d, 0x1e, 0x12, 0x0a, 0x05, 0x05, 0x0d, 0x28, 0x4e,
  0x4a, 0x3d, 0x3c, 0x62, 0xc9, 0xe8, 0xf3, 0xf1, 0xe8, 0xf2, 0xf7, 0xfb, 0xfa, 0xf9, 0xfb, 0xfd,
  0xfc, 0xfb, 0xfc, 0xfc, 0xfc, 0xfd, 0xfb, 0xfc, 0xfc, 0xfc, 0xfd, 0xfb, 0xfc, 0xfc, 0xfc, 0xfe,
  0xfd, 0xfc, 0xfd, 0xfd, 0xfe, 0xfd, 0xfc, 0xfe, 0xfd, 0xfe, 0xfd, 0xfc, 0xfc, 0xfc, 0xfe, 0xfd,
  0xfd, 0xfd, 0xfe, 0xfd, 0xfd, 0xfb, 0xfb, 0xfd, 0xfc, 0xfd, 0xfc, 0xfd, 0xfe, 0xfd, 0xfd, 0xfc,
  0xfc, 0xfb, 0xfc, 0xfe, 0xfd, 0xfd, 0xfb, 0xfd, 0xfe, 0xfd, 0xfd, 0xff, 0xfd, 0xff, 0xfe, 0xfc,
  0xfb, 0xfd, 0xfe, 0xfc, 0xfb, 0xfd, 0xfc, 0xfd, 0xfc, 0xfb, 0xfd, 0xfc, 0xfd, 0xfb, 0xfa, 0xfb,
  0xfb, 0xf9, 0xfa, 0xf6, 0xdb, 0xb8, 0xa1, 0xb1, 0x7f, 0x8a, 0x95, 0x5a, 0x4a, 0x63, 0x5d, 0x5c,
  0x3f, 0x3d, 0x3c, 0x27, 0x12, 0x08, 0x06, 0x08, 0x07, 0x2f, 0x15, 0x04, 0x03, 0x04, 0x03, 0x00,
  0x45, 0x65, 0x1f, 0x0d, 0x00, 0x01, 0x00, 0x00, 0x00, 0x00, 0x00, 0x00, 0x00, 0x00, 0x00, 0x00,
  0x00, 0x01, 0x00, 0x00, 0x00, 0x00, 0x00, 0x01, 0x03, 0x02, 0x01, 0x00, 0x00, 0x00, 0x00, 0x00,
  0x00, 0x00, 0x00, 0x00, 0x00, 0x00, 0x00, 0x00, 0x00, 0x00, 0x00, 0x00, 0x00, 0x00, 0x00, 0x00,
  0x00, 0x00, 0x00, 0x00, 0x00, 0x00, 0x00, 0x00, 0x00, 0x00, 0x00, 0x00, 0x00, 0x00, 0x00, 0x00,
  0x00, 0x00, 0x00, 0x00, 0x00, 0x00, 0x00, 0x02, 0x01, 0x00, 0x00, 0x00, 0x00, 0x00, 0x00, 0x00,
  0x00, 0x00, 0x00, 0x00, 0x00, 0x00, 0x00, 0x00, 0x00, 0x01, 0x03, 0x01, 0x00, 0x00, 0x2d, 0x62,
  0x8d, 0x90, 0x6a, 0x2c, 0x2f, 0x39, 0x40, 0x25, 0x11, 0x10, 0x15, 0x19, 0x11, 0x15, 0x05, 0x03,
  0x02, 0x04, 0x10, 0x0e, 0x36, 0x5d, 0x38, 0x4e, 0x6b, 0xa0, 0xeb, 0xf0, 0xc9, 0xd6, 0xe1, 0xf1,
  0xf8, 0xf7, 0xfa, 0xfb, 0xfd, 0xfc, 0xfb, 0xfb, 0xfb, 0xfe, 0xfc, 0xfc, 0xfd, 0xfb, 0xfd, 0xfc,
  0xfc, 0xfd, 0xfb, 0xfe, 0xfd, 0xfe, 0xfe, 0xfc, 0xfd, 0xfd, 0xfc, 0xfe, 0xfb, 0xfe, 0xfe, 0xfd,
  0xfc, 0xfb, 0xfd, 0xfc, 0xfc, 0xfe, 0xfb, 0xfc, 0xfd, 0xfb, 0xfd, 0xfc, 0xfc, 0xfe, 0xfc, 0xfe,
  0xfd, 0xfc, 0xfe, 0xfd, 0xfe, 0xfd, 0xfc, 0xfe, 0xfd, 0xfd, 0xfd, 0xfc, 0xfe, 0xfd, 0xfe, 0xfe,
  0xfd, 0xfe, 0xfd, 0xfc, 0xfd, 0xfa, 0xfc, 0xfd, 0xfc, 0xfd, 0xfc, 0xfd, 0xfd, 0xfc, 0xfd, 0xfc,
  0xfd, 0xfd, 0xfb, 0xfa, 0xf9, 0xfa, 0xfa, 0xfe, 0xe7, 0xbd, 0xd4, 0xb3, 0x80, 0xa8, 0xb7, 0x4d,
  0x3f, 0x35, 0x47, 0x49, 0x35, 0x31, 0x24, 0x23, 0x16, 0x10, 0x09, 0x03, 0x06, 0x0b, 0x24, 0x13,
  0x02, 0x02, 0x08, 0x01, 0x03, 0x14, 0x14, 0x05, 0x02, 0x00, 0x00, 0x00, 0x00, 0x00, 0x01, 0x00,
  0x00, 0x00, 0x00, 0x00, 0x00, 0x00, 0x02, 0x01, 0x02, 0x00, 0x00, 0x00, 0x01, 0x00, 0x00, 0x03,
  0x00, 0x00, 0x00, 0x00, 0x00, 0x00, 0x00, 0x00, 0x00, 0x00, 0x00, 0x00, 0x00, 0x00, 0x00, 0x00,
  0x00, 0x00, 0x00, 0x00, 0x00, 0x00, 0x00, 0x00, 0x00, 0x00, 0x00, 0x00, 0x00, 0x00, 0x00, 0x00,
  0x00, 0x00, 0x00, 0x00, 0x00, 0x00, 0x00, 0x00, 0x00, 0x00, 0x00, 0x00, 0x00, 0x00, 0x00, 0x00,
  0x00, 0x00, 0x00, 0x00, 0x00, 0x00, 0x00, 0x00, 0x00, 0x00, 0x00, 0x00, 0x01, 0x01, 0x00, 0x00,
  0x00, 0x1e, 0x5b, 0x84, 0x74, 0x41, 0x1d, 0x08, 0x13, 0x20, 0x24, 0x0c, 0x02, 0x04, 0x05, 0x00,
  0x01, 0x03, 0x03, 0x03, 0x02, 0x00, 0x00, 0x05, 0x10, 0x0d, 0x18, 0x25, 0x46, 0x78, 0xd1, 0xf9,
  0xbc, 0xa6, 0xd4, 0xd4, 0xef, 0xf8, 0xf5, 0xf7, 0xfb, 0xfb, 0xfb, 0xfa, 0xf9, 0xfc, 0xfb, 0xfb,
  0xfa, 0xfb, 0xfd, 0xfe, 0xfd, 0xfd, 0xfc, 0xfc, 0xfe, 0xfe, 0xfe, 0xfc, 0xfe, 0xfe, 0xfe, 0xfe,
  0xfd, 0xfd, 0xfd, 0xfd, 0xfd, 0xfc, 0xfc, 0xfd, 0xfc, 0xfe, 0xfc, 0xfa, 0xfc, 0xfe, 0xfc, 0xfc,
  0xfc, 0xfc, 0xfe, 0xfd, 0xfd, 0xfb, 0xfd, 0xfe, 0xfd, 0xfd, 0xfc, 0xfc, 0xfe, 0xfc, 0xfc, 0xfc,
  0xfd, 0xfe, 0xfd, 0xfd, 0xfd, 0xfd, 0xfe, 0xfe, 0xfd, 0xfa, 0xfb, 0xfe, 0xfc, 0xfc, 0xfa, 0xfc,
  0xfc, 0xfd, 0xfc, 0xfa, 0xfc, 0xfd, 0xfc, 0xfb, 0xf9, 0xf9, 0xf9, 0xf8, 0xfe, 0xdd, 0xc8, 0xdf,
  0xc2, 0x79, 0xca, 0xc4, 0x23, 0x2a, 0x31, 0x5b, 0x47, 0x2e, 0x44, 0x14, 0x0e, 0x18, 0x0d, 0x0e,
  0x0c, 0x0b, 0x04, 0x01, 0x00, 0x00, 0x00, 0x01, 0x02, 0x05, 0x01, 0x00, 0x00, 0x00, 0x00, 0x00,
  0x00, 0x00, 0x00, 0x01, 0x00, 0x00, 0x00, 0x00, 0x00, 0x00, 0x00, 0x00, 0x00, 0x00, 0x00, 0x00,
  0x01, 0x02, 0x17, 0x1f, 0x04, 0x01, 0x00, 0x00, 0x00, 0x00, 0x00, 0x00, 0x00, 0x00, 0x00, 0x00,
  0x00, 0x00, 0x00, 0x00, 0x00, 0x00, 0x00, 0x00, 0x00, 0x00, 0x00, 0x00, 0x00, 0x00, 0x00, 0x00,
  0x00, 0x00, 0x00, 0x00, 0x00, 0x00, 0x00, 0x00, 0x00, 0x00, 0x00, 0x00, 0x00, 0x00, 0x00, 0x00,
  0x00, 0x30, 0x1d, 0x00, 0x01, 0x00, 0x00, 0x00, 0x00, 0x00, 0x00, 0x00, 0x01, 0x02, 0x01, 0x00,
  0x01, 0x00, 0x00, 0x17, 0x4a, 0x73, 0x77, 0x56, 0x2a, 0x0a, 0x09, 0x0f, 0x0b, 0x09, 0x00, 0x05,
  0x03, 0x00, 0x01, 0x00, 0x00, 0x01, 0x01, 0x03, 0x01, 0x03, 0x01, 0x03, 0x04, 0x07, 0x07, 0x1f,
  0x71, 0x56, 0xbc, 0xf2, 0xf4, 0xd4, 0xe2, 0xdf, 0xe7, 0xf1, 0xf3, 0xf3, 0xf6, 0xf6, 0xf8, 0xfc,
  0xf8, 0xf9, 0xfa, 0xfa, 0xfa, 0xfc, 0xfb, 0xfa, 0xfc, 0xfc, 0xfb, 0xfc, 0xfd, 0xfc, 0xfd, 0xfe,
  0xfc, 0xfc, 0xfd, 0xfd, 0xfc, 0xfd, 0xfc, 0xfd, 0xfc, 0xfc, 0xfe, 0xfc, 0xfc, 0xfd, 0xfc, 0xfd,
  0xfb, 0xfd, 0xfd, 0xfc, 0xfb, 0xfb, 0xfc, 0xfc, 0xfc, 0xfd, 0xfc, 0xfc, 0xfc, 0xfc, 0xfd, 0xfd,
  0xfc, 0xfb, 0xfd, 0xfd, 0xfc, 0xfc, 0xfd, 0xfe, 0xfd, 0xfc, 0xfd, 0xfd, 0xfd, 0xfd, 0xfc, 0xfa,
  0xfc, 0xfc, 0xfc, 0xfc, 0xfb, 0xfb, 0xfb, 0xfc, 0xfb, 0xfa, 0xfb, 0xfc, 0xfb, 0xfa, 0xf7, 0xf8,
  0xf8, 0xf6, 0xe6, 0xe2, 0xea, 0xd2, 0x8d, 0x8d, 0x65, 0x17, 0x26, 0x1c, 0x2a, 0x37, 0x2a, 0x2d,
  0x39, 0x39, 0x0e, 0x09, 0x07, 0x06, 0x09, 0x01, 0x01, 0x02, 0x00, 0x03, 0x03, 0x02, 0x01, 0x03,
  0x04, 0x02, 0x00, 0x00, 0x00, 0x02, 0x01, 0x00, 0x00, 0x00, 0x00, 0x01, 0x00, 0x00, 0x00, 0x01,
  0x01, 0x00, 0x00, 0x00, 0x00, 0x01, 0x02, 0x2a, 0x42, 0x02, 0x01, 0x00, 0x00, 0x00, 0x00, 0x00,
  0x00, 0x00, 0x00, 0x00, 0x00, 0x00, 0x00, 0x00, 0x00, 0x00, 0x00, 0x00, 0x00, 0x00, 0x00, 0x00,
  0x00, 0x00, 0x00, 0x00, 0x00, 0x00, 0x00, 0x00, 0x00, 0x00, 0x00, 0x00, 0x00, 0x00, 0x00, 0x00,
  0x00, 0x00, 0x00, 0x00, 0x00, 0x0f, 0x8b, 0x2e, 0x00, 0x02, 0x00, 0x00, 0x00, 0x00, 0x00, 0x00,
  0x00, 0x00, 0x01, 0x01, 0x00, 0x00, 0x03, 0x49, 0x93, 0x85, 0x3b, 0x0e, 0x00, 0x03, 0x0c, 0x0e,
  0x0c, 0x0a, 0x02, 0x01, 0x02, 0x00, 0x01, 0x01, 0x00, 0x00, 0x00, 0x00, 0x01, 0x03, 0x03, 0x00,
  0x02, 0x03, 0x0c, 0x12, 0x1a, 0x41, 0x6b, 0xec, 0xee, 0xdc, 0xf6, 0xd2, 0xd6, 0xf7, 0xed, 0xe8,
  0xf1, 0xf4, 0xf5, 0xf8, 0xf6, 0xf5, 0xfa, 0xfa, 0xf9, 0xf9, 0xfb, 0xfb, 0xf9, 0xfa, 0xfb, 0xfa,
  0xfb, 0xfb, 0xfa, 0xfa, 0xfd, 0xfc, 0xfb, 0xfb, 0xfb, 0xfb, 0xfc, 0xfc, 0xfa, 0xfa, 0xfb, 0xfc,
  0xfb, 0xfb, 0xfb, 0xfc, 0xfd, 0xfb, 0xfb, 0xfb, 0xfb, 0xfc, 0xfc, 0xfa, 0xfb, 0xfd, 0xfd, 0xfc,
  0xfc, 0xfb, 0xfc, 0xfd, 0xfc, 0xfc, 0xfb, 0xfd, 0xfd, 0xfc, 0xfc, 0xfc, 0xfc, 0xfd, 0xfd, 0xfc,
  0xfc, 0xfb, 0xfc, 0xfb, 0xfb, 0xfb, 0xfb, 0xfc, 0xfc, 0xfc, 0xfb, 0xfb, 0xfb, 0xfd, 0xfb, 0xfb,
  0xfa, 0xfa, 0xfa, 0xf9, 0xf5, 0xf1, 0xdf, 0xda, 0xe7, 0xb9, 0xb0, 0xaa, 0x61, 0x3c, 0x39, 0x18,
  0x0a, 0x08, 0x11, 0x22, 0x1a, 0x3a, 0x46, 0x00, 0x01, 0x00, 0x00, 0x01, 0x02, 0x01, 0x02, 0x00,
  0x02, 0x04, 0x03, 0x00, 0x00, 0x03, 0x03, 0x02, 0x01, 0x00, 0x01, 0x01, 0x00, 0x00, 0x00, 0x00,
  0x00, 0x00, 0x01, 0x00, 0x00, 0x00, 0x00, 0x00, 0x00, 0x01, 0x00, 0x0d, 0x78, 0x6c, 0x00, 0x02,
  0x00, 0x00, 0x00, 0x00, 0x00, 0x00, 0x00, 0x00, 0x00, 0x00, 0x00, 0x00, 0x00, 0x00, 0x00, 0x00,
  0x00, 0x00, 0x00, 0x00, 0x00, 0x00, 0x00, 0x00, 0x00, 0x00, 0x00, 0x00, 0x00, 0x00, 0x00, 0x00,
  0x00, 0x00, 0x00, 0x00, 0x00, 0x00, 0x00, 0x00, 0x00, 0x00, 0x07, 0x20, 0x00, 0x00, 0x00, 0x00,
  0x00, 0x00, 0x00, 0x00, 0x00, 0x00, 0x01, 0x04, 0x00, 0x00, 0x2c, 0x64, 0x83, 0x3a, 0x00, 0x00,
  0x00, 0x02, 0x04, 0x03, 0x01, 0x05, 0x06, 0x02, 0x01, 0x02, 0x00, 0x01, 0x00, 0x00, 0x00, 0x00,
  0x01, 0x01, 0x01, 0x02, 0x00, 0x03, 0x05, 0x0a, 0x09, 0x15, 0x1a, 0xbe, 0xef, 0xaf, 0xae, 0xe4,
  0xd5, 0xf1, 0xf4, 0xf4, 0xe5, 0xde, 0xd5, 0xd9, 0xf5, 0xf5, 0xf7, 0xfa, 0xfb, 0xfa, 0xfb, 0xfa,
  0xfb, 0xfa, 0xfc, 0xfc, 0xfa, 0xfc, 0xfd, 0xfb, 0xfb, 0xfc, 0xfc, 0xfe, 0xfe, 0xfc, 0xfd, 0xfc,
  0xfd, 0xfd, 0xfa, 0xfb, 0xfb, 0xfd, 0xfd, 0xfc, 0xfd, 0xfa, 0xfc, 0xfd, 0xfd, 0xfc, 0xfc, 0xfc,
  0xfd, 0xfb, 0xfc, 0xfc, 0xfd, 0xfc, 0xfb, 0xfc, 0xfc, 0xfd, 0xfd, 0xfd, 0xfc, 0xfb, 0xfd, 0xfd,
  0xfc, 0xfb, 0xfc, 0xfd, 0xfd, 0xfc, 0xfc, 0xfc, 0xfd, 0xfc, 0xfd, 0xfc, 0xfb, 0xfd, 0xfd, 0xfc,
  0xfc, 0xfb, 0xfc, 0xfd, 0xfb, 0xfa, 0xfa, 0xf7, 0xf2, 0xf5, 0xef, 0xe0, 0xce, 0xca, 0x99, 0xa8,
  0xc0, 0x87, 0x90, 0x5f, 0x0e, 0x12, 0x0d, 0x11, 0x2e, 0x3a, 0x24, 0x26, 0x05, 0x04, 0x02, 0x00,
  0x01, 0x01, 0x00, 0x03, 0x03, 0x01, 0x03, 0x02, 0x01, 0x01, 0x01, 0x03, 0x03, 0x00, 0x00, 0x00,
  0x00, 0x00, 0x00, 0x00, 0x00, 0x00, 0x00, 0x00, 0x00, 0x00, 0x00, 0x00, 0x00, 0x00, 0x01, 0x00,
  0x15, 0xc7, 0x64, 0x00, 0x01, 0x00, 0x00, 0x00, 0x00, 0x00, 0x00, 0x00, 0x00, 0x00, 0x00, 0x00,
  0x00, 0x00, 0x00, 0x00, 0x00, 0x00, 0x00, 0x00, 0x00, 0x00, 0x00, 0x00, 0x00, 0x00, 0x00, 0x00,
  0x00, 0x00, 0x00, 0x00, 0x00, 0x00, 0x00, 0x00, 0x00, 0x00, 0x00, 0x00, 0x00, 0x00, 0x00, 0x00,
  0x00, 0x00, 0x00, 0x00, 0x00, 0x00, 0x00, 0x00, 0x01, 0x02, 0x03, 0x04, 0x06, 0x1a, 0x4b, 0x67,
  0x39, 0x0e, 0x00, 0x02, 0x02, 0x01, 0x01, 0x00, 0x00, 0x00, 0x00, 0x00, 0x01, 0x02, 0x07, 0x08,
  0x00, 0x00, 0x00, 0x00, 0x02, 0x00, 0x01, 0x02, 0x02, 0x05, 0x07, 0x04, 0x06, 0x0d, 0x13, 0x6c,
  0xef, 0x96, 0xb2, 0xbb, 0x86, 0xd6, 0xea, 0xed, 0xed, 0xb5, 0xbc, 0xae, 0xa8, 0xec, 0xf1, 0xf4,
  0xfa, 0xfa, 0xfb, 0xfb, 0xfb, 0xfb, 0xfb, 0xfd, 0xfc, 0xfb, 0xfd, 0xfc, 0xfd, 0xfc, 0xfb, 0xfd,
  0xfd, 0xfd, 0xfc, 0xfc, 0xfd, 0xfc, 0xfe, 0xfc, 0xfc, 0xfc, 0xfd, 0xfd, 0xfd, 0xfc, 0xfc, 0xfd,
  0xfc, 0xfd, 0xfb, 0xfc, 0xfe, 0xfc, 0xfe, 0xfc, 0xfd, 0xfe, 0xfb, 0xfd, 0xfc, 0xfc, 0xfe, 0xfd,
  0xfe, 0xfd, 0xfd, 0xff, 0xfd, 0xfe, 0xfc, 0xfb, 0xfe, 0xfd, 0xfd, 0xfc, 0xfc, 0xfd, 0xfc, 0xfd,
  0xfd, 0xfc, 0xfe, 0xfd, 0xfd, 0xfe, 0xfb, 0xfc, 0xfc, 0xfc, 0xfc, 0xf8, 0xf8, 0xf5, 0xf5, 0xf5,
  0xee, 0xdb, 0xc8, 0xa9, 0x9e, 0x81, 0x6f, 0x72, 0x34, 0x1a, 0x1a, 0x0d, 0x0f, 0x28, 0x1b, 0x10,
  0x14, 0x13, 0x04, 0x04, 0x01, 0x01, 0x01, 0x03, 0x04, 0x00, 0x02, 0x00, 0x01, 0x01, 0x01, 0x00,
  0x01, 0x01, 0x01, 0x01, 0x00, 0x00, 0x00, 0x01, 0x00, 0x00, 0x00, 0x01, 0x00, 0x00, 0x00, 0x00,
  0x02, 0x01, 0x01, 0x00, 0x00, 0x08, 0x31, 0x09, 0x00, 0x00, 0x00, 0x00, 0x00, 0x00, 0x00, 0x00,
  0x00, 0x00, 0x00, 0x00, 0x00, 0x00, 0x00, 0x00, 0x00, 0x00, 0x00, 0x00, 0x00, 0x00, 0x00, 0x00,
  0x00, 0x00, 0x00, 0x00, 0x00, 0x00, 0x00, 0x00, 0x00, 0x00, 0x00, 0x00, 0x00, 0x00, 0x00, 0x00,
  0x00, 0x00, 0x00, 0x00, 0x00, 0x01, 0x00, 0x00, 0x00, 0x00, 0x00, 0x00, 0x01, 0x04, 0x02, 0x08,
  0x1d, 0x4b, 0x45, 0x2a, 0x0c, 0x01, 0x01, 0x02, 0x00, 0x00, 0x00, 0x02, 0x00, 0x00, 0x00, 0x00,
  0x02, 0x01, 0x00, 0x0b, 0x15, 0x01, 0x01, 0x00, 0x00, 0x00, 0x00, 0x01, 0x01, 0x01, 0x07, 0x06,
  0x03, 0x08, 0x0d, 0x3b, 0xd7, 0xc6, 0x76, 0x99, 0xa3, 0x98, 0xb0, 0xc1, 0xe9, 0xb8, 0x93, 0xb4,
  0x97, 0xa3, 0xe7, 0xf6, 0xf4, 0xf7, 0xf9, 0xf8, 0xfa, 0xfc, 0xfa, 0xfa, 0xfa, 0xfa, 0xfb, 0xfc,
  0xfb, 0xfd, 0xfd, 0xfd, 0xfd, 0xfb, 0xfb, 0xfc, 0xfd, 0xfd, 0xfb, 0xfc, 0xfd, 0xfc, 0xfd, 0xfc,
  0xfb, 0xfc, 0xfc, 0xfc, 0xfb, 0xfb, 0xfc, 0xfb, 0xfc, 0xfc, 0xfc, 0xfd, 0xfe, 0xfe, 0xfb, 0xfc,
  0xfd, 0xfd, 0xff, 0xfc, 0xfb, 0xfe, 0xff, 0xff, 0xfd, 0xfd, 0xfc, 0xfd, 0xfd, 0xfc, 0xfb, 0xfc,
  0xfc, 0xfc, 0xfb, 0xfb, 0xfc, 0xfd, 0xfc, 0xfd, 0xfc, 0xfb, 0xfc, 0xfd, 0xfc, 0xfa, 0xfb, 0xfa,
  0xf9, 0xfa, 0xf6, 0xf4, 0xfa, 0xe9, 0xdb, 0xbb, 0xa3, 0x95, 0x85, 0x98, 0x7c, 0x3c, 0x2b, 0x24,
  0x21, 0x0b, 0x18, 0x0d, 0x09, 0x05, 0x04, 0x04, 0x01, 0x02, 0x01, 0x01, 0x06, 0x0b, 0x54, 0x18,
  0x00, 0x02, 0x03, 0x02, 0x01, 0x02, 0x05, 0x02, 0x01, 0x00, 0x00, 0x00, 0x01, 0x00, 0x00, 0x00,
  0x01, 0x00, 0x01, 0x00, 0x00, 0x01, 0x00, 0x00, 0x00, 0x01, 0x00, 0x00, 0x00, 0x00, 0x00, 0x00,
  0x00, 0x00, 0x00, 0x00, 0x00, 0x00, 0x00, 0x00, 0x00, 0x00, 0x00, 0x00, 0x00, 0x00, 0x00, 0x00,
  0x00, 0x00, 0x00, 0x00, 0x00, 0x00, 0x00, 0x00, 0x00, 0x00, 0x00, 0x00, 0x00, 0x00, 0x00, 0x00,
  0x00, 0x00, 0x00, 0x00, 0x00, 0x00, 0x00, 0x00, 0x00, 0x00, 0x00, 0x00, 0x00, 0x00, 0x00, 0x01,
  0x01, 0x00, 0x00, 0x1c, 0x4d, 0x50, 0x29, 0x02, 0x00, 0x01, 0x01, 0x00, 0x00, 0x00, 0x01, 0x01,
  0x01, 0x00, 0x00, 0x02, 0x00, 0x03, 0x01, 0x00, 0x00, 0x02, 0x01, 0x01, 0x00, 0x0c, 0x3e, 0x0d,
  0x01, 0x01, 0x01, 0x02, 0x01, 0x0c, 0x0f, 0x0b, 0x97, 0xe7, 0xbe, 0x7d, 0x78, 0x82, 0xa4, 0x93,
  0x8b, 0xc4, 0x9f, 0x88, 0xb4, 0x97, 0x93, 0xe2, 0xe7, 0xf8, 0xf7, 0xf9, 0xfa, 0xfa, 0xfb, 0xfb,
  0xfb, 0xfb, 0xfb, 0xfa, 0xfd, 0xfc, 0xfd, 0xfd, 0xfd, 0xfe, 0xfd, 0xfd, 0xfc, 0xfb, 0xfd, 0xfb,
  0xfc, 0xfc, 0xfd, 0xfd, 0xfc, 0xfc, 0xfd, 0xfb, 0xfd, 0xfc, 0xfc, 0xfc, 0xfc, 0xfd, 0xfd, 0xfc,
  0xfd, 0xfd, 0xfe, 0xfc, 0xfd, 0xfc, 0xfd, 0xfe, 0xfd, 0xfc, 0xfd, 0xfd, 0xfe, 0xfd, 0xfd, 0xfc,
  0xfd, 0xfe, 0xfe, 0xfd, 0xfc, 0xfd, 0xfd, 0xfd, 0xfc, 0xfc, 0xfe, 0xfc, 0xfd, 0xfc, 0xfc, 0xfd,
  0xfb, 0xfc, 0xfa, 0xfb, 0xfb, 0xfa, 0xfa, 0xf9, 0xf8, 0xf9, 0xe6, 0xe3, 0xcf, 0xb7, 0x9a, 0xae,
  0x88, 0x66, 0x62, 0x2c, 0x23, 0x24, 0x0b, 0x0b, 0x06, 0x09, 0x16, 0x0a, 0x09, 0x09, 0x04, 0x05,
  0x08, 0x01, 0x11, 0x52, 0x20, 0x01, 0x01, 0x07, 0x03, 0x00, 0x01, 0x03, 0x00, 0x00, 0x00, 0x01,
  0x00, 0x00, 0x00, 0x00, 0x01, 0x00, 0x00, 0x00, 0x00, 0x00, 0x00, 0x00, 0x00, 0x01, 0x01, 0x00,
  0x02, 0x00, 0x00, 0x00, 0x00, 0x00, 0x00, 0x00, 0x00, 0x00, 0x00, 0x00, 0x00, 0x00, 0x00, 0x00,
  0x00, 0x00, 0x00, 0x00, 0x00, 0x00, 0x00, 0x00, 0x00, 0x00, 0x00, 0x00, 0x00, 0x00, 0x00, 0x00,
  0x00, 0x00, 0x00, 0x00, 0x00, 0x00, 0x00, 0x00, 0x00, 0x00, 0x00, 0x00, 0x00, 0x00, 0x00, 0x00,
  0x00, 0x00, 0x00, 0x00, 0x00, 0x00, 0x1b, 0x3b, 0x41, 0x2b, 0x0c, 0x00, 0x00, 0x01, 0x00, 0x00,
  0x00, 0x00, 0x00, 0x00, 0x00, 0x00, 0x00, 0x02, 0x00, 0x01, 0x00, 0x00, 0x00, 0x00, 0x00, 0x00,
  0x00, 0x00, 0x08, 0x2c, 0x0a, 0x00, 0x00, 0x00, 0x00, 0x00, 0x16, 0x0f, 0x72, 0xe5, 0xe0, 0x82,
  0x70, 0xa6, 0xb6, 0xa5, 0x91, 0x72, 0x97, 0x9a, 0x9f, 0xb1, 0x87, 0x98, 0xb8, 0xc0, 0xdc, 0xfc,
  0xfa, 0xfd, 0xfa, 0xfa, 0xfd, 0xfa, 0xfb, 0xfc, 0xfb, 0xfd, 0xfc, 0xfc, 0xfd, 0xfc, 0xfe, 0xfd,
  0xfd, 0xfd, 0xfc, 0xfe, 0xfd, 0xfd, 0xfe, 0xfe, 0xfe, 0xfd, 0xfe, 0xfd, 0xfd, 0xfe, 0xfd, 0xfc,
  0xfc, 0xfd, 0xff, 0xfe, 0xfd, 0xfd, 0xfe, 0xfd, 0xfe, 0xfe, 0xfd, 0xfe, 0xfe, 0xfe, 0xff, 0xfe,
  0xfe, 0xff, 0xff, 0xff, 0xfe, 0xfe, 0xff, 0xff, 0xfe, 0xfc, 0xfd, 0xfe, 0xfe, 0xfd, 0xfc, 0xfe,
  0xfd, 0xfe, 0xfc, 0xfd, 0xfd, 0xfc, 0xfc, 0xfd, 0xfc, 0xfc, 0xfc, 0xfc, 0xfa, 0xf9, 0xfb, 0xff,
  0xfd, 0xf3, 0xae, 0xa2, 0xc4, 0x96, 0x40, 0x40, 0x1b, 0x1b, 0x2b, 0x2a, 0x0f, 0x10, 0x12, 0x2a,
  0x09, 0x13, 0x1a, 0x07, 0x09, 0x14, 0x11, 0x0e, 0x04, 0x11, 0x01, 0x00, 0x00, 0x00, 0x00, 0x00,
  0x00, 0x00, 0x00, 0x00, 0x00, 0x00, 0x00, 0x00, 0x01, 0x00, 0x00, 0x00, 0x00, 0x00, 0x00, 0x00,
  0x00, 0x00, 0x00, 0x00, 0x00, 0x00, 0x00, 0x00, 0x00, 0x00, 0x00, 0x00, 0x00, 0x00, 0x00, 0x00,
  0x00, 0x00, 0x00, 0x00, 0x00, 0x00, 0x00, 0x00, 0x00, 0x00, 0x00, 0x00, 0x00, 0x00, 0x00, 0x00,
  0x00, 0x00, 0x00, 0x00, 0x00, 0x00, 0x00, 0x00, 0x00, 0x00, 0x00, 0x00, 0x00, 0x00, 0x00, 0x00,
  0x00, 0x00, 0x00, 0x00, 0x00, 0x00, 0x00, 0x00, 0x00, 0x15, 0x2b, 0x42, 0x37, 0x08, 0x00, 0x00,
  0x01, 0x00, 0x00, 0x00, 0x00, 0x00, 0x00, 0x00, 0x00, 0x00, 0x01, 0x00, 0x2e, 0x4e, 0x03, 0x01,
  0x01, 0x00, 0x00, 0x00, 0x00, 0x00, 0x00, 0x00, 0x00, 0x00, 0x01, 0x00, 0x00, 0x00, 0x02, 0x0f,
  0x42, 0xd0, 0xc9, 0x7a, 0x42, 0x83, 0x85, 0x7d, 0x9c, 0x8c, 0x60, 0x7a, 0x6b, 0x6a, 0xae, 0x9d,
  0xa0, 0x9e, 0xc0, 0xdd, 0xf5, 0xf5, 0xf7, 0xf6, 0xfa, 0xfc, 0xfb, 0xfb, 0xfd, 0xfd, 0xfc, 0xfc,
  0xfc, 0xfc, 0xfc, 0xfd, 0xfe, 0xfd, 0xfe, 0xfe, 0xfe, 0xfd, 0xfd, 0xff, 0xfe, 0xfe, 0xff, 0xfd,
  0xfd, 0xfe, 0xfe, 0xfd, 0xfd, 0xfe, 0xff, 0xff, 0xfe, 0xfd, 0xfc, 0xff, 0xff, 0xfe, 0xfe, 0xfd,
  0xff, 0xfe, 0xfe, 0xff, 0xfe, 0xff, 0xff, 0xfe, 0xfe, 0xfe, 0xfe, 0xfe, 0xff, 0xfd, 0xfd, 0xfe,
  0xfe, 0xfd, 0xfd, 0xfc, 0xfe, 0xff, 0xfe, 0xfc, 0xfb, 0xfd, 0xfd, 0xfc, 0xfd, 0xfc, 0xfb, 0xfd,
  0xfd, 0xfa, 0xf8, 0xfb, 0xfe, 0xf9, 0xdf, 0xa0, 0x94, 0xb3, 0x9c, 0x66, 0x64, 0x39, 0x34, 0x75,
  0x8c, 0x3b, 0x0e, 0x12, 0x34, 0x0f, 0x09, 0x08, 0x11, 0x0a, 0x0c, 0x0d, 0x12, 0x08, 0x02, 0x00,
  0x00, 0x00, 0x00, 0x00, 0x00, 0x00, 0x00, 0x00, 0x01, 0x01, 0x00, 0x00, 0x00, 0x02, 0x00, 0x00,
  0x00, 0x00, 0x00, 0x00, 0x00, 0x00, 0x00, 0x00, 0x01, 0x00, 0x00, 0x00, 0x00, 0x00, 0x00, 0x00,
  0x00, 0x00, 0x00, 0x00, 0x00, 0x00, 0x00, 0x00, 0x00, 0x00, 0x00, 0x00, 0x00, 0x00, 0x00, 0x00,
  0x00, 0x00, 0x00, 0x00, 0x00, 0x00, 0x00, 0x00, 0x00, 0x00, 0x00, 0x00, 0x00, 0x00, 0x00, 0x00,
  0x00, 0x00, 0x00, 0x00, 0x00, 0x00, 0x00, 0x00, 0x00, 0x00, 0x00, 0x02, 0x12, 0x28, 0x2c, 0x16,
  0x02, 0x00, 0x00, 0x01, 0x01, 0x00, 0x00, 0x00, 0x00, 0x00, 0x00, 0x00, 0x00, 0x00, 0x00, 0x01,
  0x08, 0x37, 0x5e, 0x01, 0x01, 0x00, 0x00, 0x00, 0x00, 0x00, 0x00, 0x00, 0x00, 0x02, 0x00, 0x00,
  0x00, 0x01, 0x03, 0x02, 0x2b, 0x8a, 0xcc, 0x69, 0x57, 0x77, 0x6d, 0x5c, 0x5f, 0x5c, 0x73, 0x52,
  0x46, 0x68, 0x5e, 0x7e, 0x8c, 0x88, 0xbb, 0xa4, 0xc2, 0xf6, 0xf3, 0xee, 0xec, 0xf9, 0xfd, 0xfd,
  0xfc, 0xfc, 0xfd, 0xfd, 0xfd, 0xfd, 0xfd, 0xfe, 0xfd, 0xff, 0xfd, 0xfe, 0xff, 0xfe, 0xfe, 0xfd,
  0xfe, 0xfe, 0xfe, 0xfe, 0xfe, 0xfe, 0xfe, 0xff, 0xff, 0xfe, 0xfe, 0xff, 0xff, 0xff, 0xff, 0xfe,
  0xfe, 0xff, 0xff, 0xff, 0xff, 0xff, 0xff, 0xff, 0xff, 0xfe, 0xfe, 0xff, 0xff, 0xff, 0xff, 0xfe,
  0xff, 0xff, 0xfe, 0xfd, 0xfe, 0xff, 0xfe, 0xfe, 0xfd, 0xfd, 0xff, 0xfe, 0xfd, 0xfc, 0xfd, 0xfd,
  0xfd, 0xfe, 0xfe, 0xfb, 0xfd, 0xfc, 0xfc, 0xfc, 0xfa, 0xfc, 0xf9, 0xc2, 0xaa, 0x8f, 0x93, 0x6b,
  0x77, 0x74, 0x3f, 0x41, 0x59, 0x5f, 0x51, 0x1d, 0x16, 0x22, 0x0d, 0x18, 0x10, 0x0f, 0x07, 0x06,
  0x0b, 0x00, 0x01, 0x03, 0x00, 0x00, 0x00, 0x00, 0x00, 0x00, 0x00, 0x00, 0x00, 0x00, 0x00, 0x01,
  0x00, 0x00, 0x00, 0x00, 0x00, 0x00, 0x00, 0x00, 0x00, 0x00, 0x00, 0x01, 0x00, 0x00, 0x00, 0x00,
  0x00, 0x00, 0x00, 0x00, 0x00, 0x00, 0x00, 0x00, 0x00, 0x00, 0x00, 0x00, 0x00, 0x00, 0x00, 0x00,
  0x00, 0x00, 0x00, 0x00, 0x00, 0x00, 0x00, 0x00, 0x00, 0x00, 0x00, 0x00, 0x00, 0x00, 0x00, 0x00,
  0x00, 0x00, 0x00, 0x00, 0x00, 0x00, 0x00, 0x00, 0x00, 0x00, 0x00, 0x00, 0x00, 0x00, 0x07, 0x0c,
  0x1a, 0x1d, 0x0a, 0x00, 0x00, 0x00, 0x01, 0x00, 0x00, 0x00, 0x00, 0x00, 0x00, 0x00, 0x00, 0x00,
  0x00, 0x00, 0x00, 0x00, 0x02, 0x10, 0x00, 0x00, 0x03, 0x01, 0x00, 0x00, 0x00, 0x00, 0x00, 0x00,
  0x00, 0x00, 0x00, 0x00, 0x00, 0x00, 0x00, 0x02, 0x00, 0x48, 0xb2, 0x85, 0x63, 0xc6, 0xd3, 0x69,
  0x5d, 0x70, 0x60, 0x64, 0x33, 0x34, 0x3e, 0x3f, 0x6b, 0xaa, 0x7a, 0xc0, 0x95, 0xa8, 0xef, 0xd4,
  0xe3, 0xe4, 0xf7, 0xfd, 0xfe, 0xfc, 0xfd, 0xfd, 0xfc, 0xfd, 0xfe, 0xfe, 0xfe, 0xff, 0xff, 0xfd,
  0xfd, 0xfe, 0xff, 0xfe, 0xfd, 0xfd, 0xfe, 0xff, 0xff, 0xfe, 0xfe, 0xfd, 0xff, 0xfe, 0xfe, 0xfd,
  0xfd, 0xff, 0xff, 0xfe, 0xff, 0xff, 0xff, 0xff, 0xff, 0xff, 0xff, 0xff, 0xff, 0xff, 0xff, 0xff,
  0xff, 0xff, 0xff, 0xff, 0xff, 0xff, 0xff, 0xfe, 0xfe, 0xfe, 0xff, 0xfe, 0xfe, 0xff, 0xfd, 0xfe,
  0xfe, 0xfe, 0xfd, 0xfe, 0xfd, 0xfe, 0xfe, 0xfc, 0xfc, 0xf9, 0xf8, 0xfb, 0xfa, 0xfb, 0xfe, 0xec,
  0xca, 0xc1, 0xa8, 0x7e, 0x61, 0x63, 0x47, 0x3b, 0x27, 0x1d, 0x2e, 0x2d, 0x1c, 0x0f, 0x02, 0x04,
  0x05, 0x09, 0x02, 0x01, 0x0b, 0x11, 0x04, 0x00, 0x01, 0x00, 0x00, 0x00, 0x00, 0x00, 0x00, 0x00,
  0x00, 0x00, 0x00, 0x05, 0x00, 0x00, 0x00, 0x00, 0x00, 0x00, 0x00, 0x01, 0x01, 0x00, 0x00, 0x00,
  0x00, 0x00, 0x00, 0x00, 0x00, 0x00, 0x00, 0x00, 0x00, 0x00, 0x00, 0x00, 0x00, 0x00, 0x00, 0x00,
  0x00, 0x00, 0x00, 0x00, 0x00, 0x00, 0x00, 0x00, 0x00, 0x00, 0x00, 0x00, 0x00, 0x00, 0x00, 0x00,
  0x00, 0x00, 0x00, 0x00, 0x00, 0x00, 0x00, 0x00, 0x00, 0x00, 0x00, 0x00, 0x00, 0x00, 0x00, 0x00,
  0x01, 0x00, 0x00, 0x0c, 0x0d, 0x07, 0x00, 0x00, 0x00, 0x01, 0x00, 0x00, 0x00, 0x00, 0x00, 0x00,
  0x00, 0x00, 0x00, 0x01, 0x02, 0x00, 0x00, 0x00, 0x00, 0x00, 0x00, 0x00, 0x02, 0x00, 0x00, 0x00,
  0x00, 0x00, 0x00, 0x00, 0x00, 0x00, 0x00, 0x00, 0x00, 0x00, 0x01, 0x01, 0x10, 0x21, 0x62, 0x92,
  0x58, 0xcb, 0xf6, 0xe9, 0xae, 0x82, 0x86, 0x51, 0x3a, 0x20, 0x23, 0x1c, 0x31, 0x5a, 0x93, 0x68,
  0x8c, 0x95, 0x91, 0x9d, 0x99, 0xb9, 0xf4, 0xf3, 0xfc, 0xfc, 0xfb, 0xfd, 0xfc, 0xfc, 0xfc, 0xfc,
  0xfd, 0xfd, 0xfe, 0xfd, 0xfd, 0xfd, 0xfd, 0xfd, 0xfc, 0xfd, 0xfd, 0xfd, 0xfe, 0xfe, 0xfe, 0xfe,
  0xfd, 0xfd, 0xfd, 0xfe, 0xfd, 0xfe, 0xff, 0xfe, 0xfd, 0xff, 0xff, 0xfe, 0xfe, 0xff, 0xff, 0xfe,
  0xfe, 0xfe, 0xff, 0xfe, 0xfe, 0xfe, 0xfe, 0xff, 0xfe, 0xfe, 0xfe, 0xfe, 0xfe, 0xfe, 0xff, 0xfe,
  0xfd, 0xfe, 0xfd, 0xfe, 0xfd, 0xfd, 0xfd, 0xfc, 0xfd, 0xfc, 0xfc, 0xfd, 0xfc, 0xfd, 0xfa, 0xfa,
  0xfb, 0xf9, 0xf9, 0xf6, 0xe1, 0xb7, 0xb2, 0x99, 0x70, 0x4e, 0x4e, 0x45, 0x6e, 0x7d, 0x3e, 0x59,
  0x41, 0x0b, 0x08, 0x06, 0x02, 0x01, 0x05, 0x04, 0x04, 0x06, 0x03, 0x04, 0x02, 0x02, 0x01, 0x00,
  0x01, 0x01, 0x00, 0x00, 0x00, 0x00, 0x00, 0x00, 0x03, 0x00, 0x00, 0x00, 0x00, 0x00, 0x00, 0x00,
  0x00, 0x00, 0x01, 0x00, 0x00, 0x00, 0x00, 0x00, 0x00, 0x00, 0x00, 0x00, 0x00, 0x00, 0x00, 0x00,
  0x00, 0x00, 0x00, 0x00, 0x00, 0x00, 0x00, 0x00, 0x00, 0x00, 0x00, 0x00, 0x00, 0x00, 0x00, 0x00,
  0x00, 0x00, 0x00, 0x00, 0x00, 0x00, 0x00, 0x00, 0x00, 0x00, 0x00, 0x00, 0x00, 0x00, 0x00, 0x00,
  0x00, 0x00, 0x00, 0x00, 0x00, 0x01, 0x00, 0x00, 0x00, 0x00, 0x00, 0x00, 0x00, 0x00, 0x00, 0x00,
  0x00, 0x00, 0x00, 0x00, 0x00, 0x00, 0x00, 0x00, 0x01, 0x08, 0x01, 0x00, 0x00, 0x02, 0x02, 0x00,
  0x00, 0x00, 0x00, 0x00, 0x00, 0x00, 0x00, 0x00, 0x00, 0x00, 0x00, 0x00, 0x00, 0x01, 0x02, 0x01,
  0x06, 0x28, 0x55, 0x6c, 0x8c, 0x98, 0xc9, 0x9d, 0xf1, 0xd0, 0x89, 0x8c, 0x58, 0x39, 0x49, 0x40,
  0x49, 0x43, 0x37, 0x5a, 0x8c, 0xcc, 0xdc, 0x76, 0x45, 0x95, 0x82, 0xbf, 0xf4, 0xfa, 0xfa, 0xfa,
  0xf8, 0xfa, 0xfc, 0xfa, 0xfa, 0xfa, 0xfa, 0xfb, 0xfb, 0xfb, 0xfb, 0xfa, 0xfb, 0xfb, 0xfb, 0xfa,
  0xf8, 0xfc, 0xfb, 0xfb, 0xfc, 0xfb, 0xfd, 0xfd, 0xfb, 0xfa, 0xfb, 0xfc, 0xfc, 0xfc, 0xfd, 0xfc,
  0xfd, 0xfd, 0xfd, 0xfd, 0xfe, 0xfd, 0xfc, 0xfc, 0xfb, 0xfc, 0xfd, 0xfd, 0xfd, 0xfb, 0xfd, 0xfd,
  0xfc, 0xfc, 0xfb, 0xfd, 0xfd, 0xfd, 0xfc, 0xfb, 0xfc, 0xfb, 0xfd, 0xfd, 0xfa, 0xfa, 0xf8, 0xfb,
  0xfb, 0xfb, 0xfb, 0xfa, 0xfa, 0xf6, 0xf4, 0xf8, 0xf8, 0xd5, 0xae, 0x8f, 0x64, 0x80, 0x55, 0x2d,
  0x2a, 0x1a, 0x1c, 0x24, 0x5f, 0x45, 0x16, 0x12, 0x0b, 0x02, 0x03, 0x02, 0x00, 0x04, 0x01, 0x03,
  0x04, 0x00, 0x01, 0x00, 0x01, 0x00, 0x00, 0x00, 0x00, 0x00, 0x01, 0x01, 0x00, 0x00, 0x02, 0x01,
  0x00, 0x02, 0x02, 0x01, 0x00, 0x04, 0x03, 0x01, 0x00, 0x00, 0x00, 0x00, 0x00, 0x00, 0x00, 0x00,
  0x00, 0x00, 0x00, 0x00, 0x00, 0x00, 0x00, 0x00, 0x00, 0x00, 0x00, 0x00, 0x00, 0x00, 0x00, 0x00,
  0x00, 0x00, 0x00, 0x00, 0x00, 0x00, 0x00, 0x00, 0x00, 0x00, 0x00, 0x00, 0x00, 0x00, 0x00, 0x00,
  0x00, 0x00, 0x00, 0x00, 0x00, 0x00, 0x00, 0x00, 0x00, 0x00, 0x00, 0x00, 0x00, 0x00, 0x00, 0x00,
  0x00, 0x00, 0x00, 0x00, 0x00, 0x00, 0x00, 0x00, 0x00, 0x00, 0x00, 0x00, 0x00, 0x00, 0x02, 0x00,
  0x00, 0x00, 0x00, 0x03, 0x00, 0x00, 0x00, 0x01, 0x02, 0x00, 0x00, 0x00, 0x00, 0x00, 0x00, 0x00,
  0x00, 0x01, 0x00, 0x04, 0x00, 0x0e, 0x31, 0x2a, 0x82, 0x8e, 0x80, 0x5d, 0x34, 0x83, 0x9b, 0x7f,
  0x6f, 0x58, 0x2c, 0x2c, 0x41, 0x3e, 0x23, 0x39, 0x7b, 0x97, 0x90, 0x83, 0x44, 0x41, 0x69, 0x60,
  0x95, 0xf2, 0xf4, 0xfa, 0xfa, 0xfa, 0xfa, 0xfb, 0xfb, 0xfc, 0xfd, 0xfb, 0xfb, 0xfd, 0xfc, 0xfc,
  0xfb, 0xfb, 0xfc, 0xfa, 0xfb, 0xfa, 0xfc, 0xfc, 0xfd, 0xfd, 0xfd, 0xfc, 0xfc, 0xfc, 0xfb, 0xfb,
  0xfc, 0xfd, 0xfb, 0xfc, 0xfd, 0xfd, 0xfd, 0xfe, 0xfd, 0xfe, 0xfd, 0xfd, 0xfc, 0xfc, 0xfd, 0xfd,
  0xfc, 0xfc, 0xfd, 0xfd, 0xfc, 0xfd, 0xfd, 0xfc, 0xfe, 0xfd, 0xfc, 0xfd, 0xfc, 0xfd, 0xfb, 0xfc,
  0xfd, 0xfa, 0xfb, 0xf9, 0xfb, 0xfc, 0xfc, 0xfb, 0xfb, 0xf8, 0xf8, 0xf6, 0xec, 0xe5, 0xbf, 0x9e,
  0x88, 0x6b, 0x79, 0x46, 0x24, 0x14, 0x0a, 0x03, 0x0b, 0x3d, 0x43, 0x0f, 0x12, 0x08, 0x04, 0x01,
  0x01, 0x04, 0x07, 0x04, 0x0a, 0x07, 0x01, 0x00, 0x00, 0x01, 0x00, 0x00, 0x00, 0x01, 0x01, 0x01,
  0x01, 0x00, 0x00, 0x02, 0x01, 0x00, 0x03, 0x06, 0x07, 0x05, 0x09, 0x14, 0x07, 0x01, 0x00, 0x00,
  0x00, 0x00, 0x00, 0x00, 0x00, 0x00, 0x00, 0x00, 0x00, 0x00, 0x00, 0x00, 0x00, 0x00, 0x00, 0x00,
  0x00, 0x00, 0x00, 0x00, 0x00, 0x00, 0x00, 0x00, 0x00, 0x00, 0x00, 0x00, 0x00, 0x00, 0x00, 0x00,
  0x00, 0x00, 0x00, 0x00, 0x00, 0x00, 0x00, 0x00, 0x00, 0x00, 0x00, 0x00, 0x00, 0x00, 0x00, 0x00,
  0x00, 0x00, 0x00, 0x00, 0x00, 0x00, 0x00, 0x00, 0x00, 0x00, 0x00, 0x00, 0x00, 0x00, 0x00, 0x00,
  0x00, 0x00, 0x00, 0x00, 0x01, 0x00, 0x07, 0x17, 0x04, 0x00, 0x00, 0x00, 0x00, 0x00, 0x00, 0x00,
  0x00, 0x00, 0x00, 0x00, 0x01, 0x00, 0x00, 0x01, 0x04, 0x01, 0x24, 0x4d, 0x36, 0x96, 0x3e, 0x6c,
  0x4b, 0x24, 0x2c, 0x55, 0x59, 0x5d, 0x3f, 0x25, 0x05, 0x05, 0x0e, 0x1c, 0x2f, 0x4c, 0x5b, 0x9c,
  0x58, 0x65, 0x25, 0x45, 0x7a, 0x7c, 0xca, 0xfe, 0xf8, 0xf9, 0xf8, 0xf9, 0xfb, 0xfc, 0xfb, 0xfb,
  0xf9, 0xfc, 0xfc, 0xfb, 0xfc, 0xf9, 0xf9, 0xfb, 0xfa, 0xfb, 0xf8, 0xfb, 0xfd, 0xfc, 0xfd, 0xfc,
  0xfb, 0xfd, 0xfc, 0xfb, 0xf9, 0xfb, 0xfe, 0xfd, 0xfe, 0xfc, 0xfd, 0xfd, 0xfd, 0xfe, 0xfe, 0xfd,
  0xfe, 0xfd, 0xfd, 0xfd, 0xfd, 0xfe, 0xfd, 0xfc, 0xfd, 0xfd, 0xfd, 0xfc, 0xfd, 0xfd, 0xfc, 0xfc,
  0xfd, 0xfd, 0xfc, 0xfb, 0xfc, 0xfc, 0xfa, 0xfa, 0xf8, 0xfa, 0xfb, 0xfa, 0xfa, 0xfa, 0xfa, 0xf8,
  0xfa, 0xf0, 0xb6, 0x7e, 0x97, 0x87, 0x64, 0x5d, 0x36, 0x27, 0x13, 0x06, 0x06, 0x0f, 0x1b, 0x1e,
  0x0b, 0x17, 0x11, 0x0c, 0x02, 0x01, 0x02, 0x0d, 0x09, 0x0e, 0x04, 0x00, 0x00, 0x03, 0x01, 0x00,
  0x00, 0x01, 0x00, 0x00, 0x00, 0x00, 0x00, 0x00, 0x00, 0x00, 0x00, 0x00, 0x00, 0x09, 0x39, 0x38,
  0x0a, 0x07, 0x00, 0x00, 0x00, 0x00, 0x00, 0x02, 0x01, 0x00, 0x00, 0x00, 0x00, 0x00, 0x00, 0x00,
  0x00, 0x00, 0x00, 0x00, 0x00, 0x00, 0x00, 0x00, 0x00, 0x00, 0x00, 0x00, 0x00, 0x00, 0x00, 0x00,
  0x00, 0x00, 0x00, 0x00, 0x00, 0x00, 0x00, 0x00, 0x00, 0x00, 0x00, 0x00, 0x00, 0x00, 0x00, 0x00,
  0x00, 0x00, 0x00, 0x00, 0x00, 0x00, 0x00, 0x00, 0x00, 0x00, 0x00, 0x00, 0x00, 0x00, 0x00, 0x00,
  0x00, 0x00, 0x00, 0x00, 0x00, 0x00, 0x00, 0x00, 0x00, 0x02, 0x00, 0x36, 0xaf, 0x3d, 0x00, 0x01,
  0x00, 0x00, 0x00, 0x00, 0x00, 0x00, 0x00, 0x00, 0x00, 0x00, 0x00, 0x00, 0x00, 0x04, 0x03, 0x4c,
  0x43, 0x50, 0x5a, 0x48, 0x55, 0x33, 0x1c, 0x25, 0x29, 0x2a, 0x33, 0x2f, 0x21, 0x07, 0x0f, 0x14,
  0x0b, 0x21, 0x18, 0x31, 0xa3, 0x67, 0x86, 0x47, 0x30, 0x69, 0x85, 0xd1, 0xf5, 0xf6, 0xfb, 0xf8,
  0xfa, 0xfa, 0xfb, 0xfa, 0xfb, 0xfb, 0xfc, 0xfb, 0xfb, 0xfa, 0xfb, 0xf9, 0xf8, 0xf8, 0xf9, 0xf9,
  0xfb, 0xfc, 0xfc, 0xfc, 0xfc, 0xfb, 0xfb, 0xfb, 0xfc, 0xfb, 0xfc, 0xfe, 0xfd, 0xfe, 0xfd, 0xfe,
  0xfe, 0xfd, 0xfe, 0xfd, 0xfe, 0xfd, 0xfc, 0xfd, 0xfd, 0xfe, 0xfe, 0xfc, 0xfd, 0xfe, 0xfe, 0xfc,
  0xfd, 0xfe, 0xfd, 0xfd, 0xfd, 0xfd, 0xfc, 0xfc, 0xfc, 0xfb, 0xfb, 0xf9, 0xf9, 0xf8, 0xf8, 0xf9,
  0xfa, 0xfa, 0xfb, 0xfb, 0xfb, 0xf6, 0xe7, 0xcd, 0x92, 0x87, 0x77, 0x5b, 0x47, 0x20, 0x23, 0x0e,
  0x03, 0x06, 0x06, 0x22, 0x44, 0x11, 0x0e, 0x0d, 0x05, 0x0b, 0x03, 0x00, 0x09, 0x0f, 0x02, 0x01,
  0x00, 0x03, 0x01, 0x01, 0x01, 0x01, 0x01, 0x01, 0x01, 0x00, 0x00, 0x00, 0x00, 0x00, 0x00, 0x00,
  0x00, 0x13, 0x69, 0x97, 0x68, 0x11, 0x02, 0x00, 0x00, 0x00, 0x00, 0x01, 0x01, 0x00, 0x00, 0x00,
  0x00, 0x00, 0x00, 0x00, 0x00, 0x00, 0x00, 0x00, 0x00, 0x00, 0x00, 0x00, 0x00, 0x00, 0x00, 0x00,
  0x00, 0x00, 0x00, 0x00, 0x00, 0x00, 0x00, 0x00, 0x00, 0x00, 0x00, 0x00, 0x00, 0x00, 0x00, 0x00,
  0x00, 0x00, 0x00, 0x00, 0x00, 0x00, 0x00, 0x00, 0x00, 0x00, 0x00, 0x00, 0x00, 0x00, 0x00, 0x00,
  0x00, 0x00, 0x00, 0x00, 0x00, 0x00, 0x00, 0x00, 0x01, 0x00, 0x00, 0x00, 0x00, 0x00, 0x01, 0x01,
  0x16, 0x74, 0x3a, 0x00, 0x02, 0x00, 0x00, 0x01, 0x02, 0x01, 0x00, 0x00, 0x00, 0x00, 0x00, 0x00,
  0x00, 0x02, 0x07, 0x09, 0x2c, 0x1d, 0x3f, 0x27, 0x31, 0x12, 0x23, 0x19, 0x12, 0x1b, 0x14, 0x18,
  0x1d, 0x1d, 0x0c, 0x0c, 0x37, 0x43, 0x3c, 0x1c, 0x26, 0x6f, 0x64, 0x41, 0x43, 0x53, 0x4a, 0x8d,
  0xe9, 0xe4, 0xf4, 0xfa, 0xf9, 0xf9, 0xfa, 0xfb, 0xfa, 0xfb, 0xfb, 0xfc, 0xfc, 0xfb, 0xfb, 0xfb,
  0xfa, 0xf8, 0xf9, 0xfa, 0xfb, 0xfb, 0xfc, 0xfd, 0xfd, 0xfd, 0xfd, 0xfd, 0xfc, 0xfc, 0xfc, 0xfd,
  0xfe, 0xfe, 0xfe, 0xfd, 0xff, 0xfe, 0xfe, 0xfd, 0xfe, 0xfe, 0xfe, 0xfe, 0xfe, 0xfe, 0xfe, 0xff,
  0xfe, 0xff, 0xfe, 0xfd, 0xfe, 0xfd, 0xfe, 0xfe, 0xfd, 0xfc, 0xfd, 0xfc, 0xfd, 0xfd, 0xfc, 0xfc,
  0xfa, 0xfa, 0xf7, 0xf9, 0xfc, 0xfb, 0xfb, 0xf9, 0xf9, 0xf5, 0xf0, 0xd0, 0x9c, 0xa5, 0x77, 0x52,
  0x4f, 0x3f, 0x2b, 0x21, 0x0a, 0x07, 0x05, 0x04, 0x13, 0x1f, 0x0b, 0x07, 0x04, 0x06, 0x08, 0x02,
  0x01, 0x0a, 0x0a, 0x01, 0x01, 0x02, 0x04, 0x05, 0x08, 0x07, 0x01, 0x01, 0x00, 0x00, 0x00, 0x00,
  0x04, 0x02, 0x01, 0x02, 0x08, 0x08, 0x1c, 0x95, 0x71, 0x52, 0x29, 0x00, 0x01, 0x00, 0x00, 0x01,
  0x05, 0x07, 0x00, 0x00, 0x01, 0x01, 0x00, 0x00, 0x00, 0x00, 0x00, 0x00, 0x00, 0x00, 0x00, 0x00,
  0x00, 0x00, 0x00, 0x00, 0x00, 0x00, 0x00, 0x00, 0x00, 0x00, 0x00, 0x00, 0x00, 0x00, 0x00, 0x00,
  0x00, 0x00, 0x00, 0x00, 0x00, 0x00, 0x00, 0x00, 0x00, 0x00, 0x00, 0x00, 0x00, 0x00, 0x01, 0x00,
  0x00, 0x01, 0x01, 0x00, 0x00, 0x00, 0x00, 0x00, 0x01, 0x01, 0x00, 0x00, 0x00, 0x01, 0x00, 0x00,
  0x00, 0x00, 0x00, 0x00, 0x00, 0x11, 0x5e, 0x24, 0x00, 0x03, 0x01, 0x01, 0x03, 0x0a, 0x04, 0x00,
  0x00, 0x01, 0x01, 0x00, 0x00, 0x00, 0x02, 0x05, 0x05, 0x06, 0x5b, 0x5a, 0x10, 0x0c, 0x07, 0x14,
  0x0d, 0x08, 0x02, 0x03, 0x07, 0x0e, 0x14, 0x06, 0x0d, 0x4a, 0x73, 0x3c, 0x00, 0x11, 0x1a, 0x0a,
  0x11, 0x2e, 0x83, 0xa4, 0xcb, 0xe8, 0xf3, 0xf5, 0xf8, 0xf7, 0xf7, 0xfb, 0xfb, 0xfb, 0xfa, 0xfa,
  0xfd, 0xfc, 0xfb, 0xfa, 0xf7, 0xfc, 0xfd, 0xfd, 0xfc, 0xfc, 0xfd, 0xfd, 0xfc, 0xfc, 0xfd, 0xfd,
  0xfe, 0xfb, 0xfc, 0xfd, 0xfe, 0xfd, 0xfd, 0xfc, 0xfd, 0xfd, 0xff, 0xfd, 0xfc, 0xfe, 0xfe, 0xfd,
  0xfd, 0xfe, 0xfd, 0xfd, 0xfe, 0xfc, 0xfc, 0xfd, 0xfd, 0xfe, 0xfd, 0xfc, 0xfe, 0xfe, 0xfd, 0xfb,
  0xfb, 0xfa, 0xfa, 0xfc, 0xfb, 0xfa, 0xfb, 0xfb, 0xfc, 0xfb, 0xfa, 0xfb, 0xf9, 0xf6, 0xed, 0xec,
  0xdf, 0x95, 0x5c, 0x3f, 0x34, 0x43, 0x48, 0x26, 0x1b, 0x0b, 0x13, 0x0e, 0x0a, 0x06, 0x00, 0x01,
  0x07, 0x0c, 0x05, 0x01, 0x01, 0x01, 0x05, 0x02, 0x01, 0x02, 0x04, 0x02, 0x01, 0x01, 0x00, 0x01,
  0x01, 0x01, 0x01, 0x01, 0x00, 0x03, 0x06, 0x06, 0x0b, 0x12, 0x08, 0x06, 0x5c, 0x68, 0x16, 0x1b,
  0x09, 0x02, 0x05, 0x01, 0x07, 0x05, 0x03, 0x01, 0x01, 0x01, 0x01, 0x00, 0x00, 0x00, 0x00, 0x01,
  0x00, 0x00, 0x00, 0x00, 0x00, 0x00, 0x00, 0x00, 0x00, 0x01, 0x00, 0x00, 0x00, 0x00, 0x00, 0x00,
  0x00, 0x00, 0x00, 0x00, 0x00, 0x00, 0x00, 0x00, 0x00, 0x00, 0x00, 0x00, 0x00, 0x00, 0x00, 0x00,
  0x00, 0x00, 0x02, 0x02, 0x00, 0x00, 0x00, 0x00, 0x00, 0x00, 0x00, 0x00, 0x00, 0x00, 0x00, 0x00,
  0x00, 0x00, 0x00, 0x00, 0x00, 0x00, 0x00, 0x00, 0x00, 0x00, 0x00, 0x00, 0x00, 0x00, 0x00, 0x01,
  0x00, 0x00, 0x01, 0x00, 0x00, 0x01, 0x01, 0x01, 0x00, 0x00, 0x00, 0x06, 0x06, 0x0a, 0x18, 0x6a,
  0x3f, 0x12, 0x05, 0x04, 0x0f, 0x0f, 0x08, 0x02, 0x04, 0x03, 0x09, 0x08, 0x0d, 0x09, 0x05, 0x06,
  0x0a, 0x03, 0x08, 0x0a, 0x0a, 0x18, 0x2f, 0x82, 0x84, 0xb9, 0xed, 0xf3, 0xf5, 0xf6, 0xfa, 0xf8,
  0xfb, 0xfc, 0xfb, 0xfc, 0xfc, 0xfb, 0xfb, 0xfa, 0xfb, 0xfb, 0xfc, 0xfd, 0xfa, 0xfc, 0xfc, 0xfd,
  0xfc, 0xfb, 0xfc, 0xfe, 0xfd, 0xfe, 0xfb, 0xfb, 0xfd, 0xfe, 0xfd, 0xfb, 0xfb, 0xfd, 0xfc, 0xfd,
  0xfd, 0xfb, 0xfe, 0xff, 0xfe, 0xfd, 0xfd, 0xfe, 0xfe, 0xfd, 0xfd, 0xfb, 0xfd, 0xfe, 0xfd, 0xfd,
  0xfc, 0xfe, 0xfd, 0xfc, 0xfc, 0xfa, 0xfb, 0xfb, 0xfd, 0xfc, 0xf9, 0xfc, 0xfb, 0xfb, 0xfa, 0xfa,
  0xf9, 0xfb, 0xfc, 0xf2, 0xdc, 0xd4, 0xa5, 0x58, 0x4a, 0x39, 0x44, 0x34, 0x13, 0x11, 0x0a, 0x07,
  0x0a, 0x0a, 0x07, 0x04, 0x04, 0x08, 0x09, 0x05, 0x02, 0x02, 0x03, 0x0a, 0x03, 0x00, 0x00, 0x02,
  0x02, 0x04, 0x03, 0x06, 0x09, 0x04, 0x02, 0x01, 0x01, 0x02, 0x03, 0x07, 0x00, 0x21, 0x60, 0x14,
  0x02, 0x21, 0x45, 0x25, 0x1b, 0x13, 0x08, 0x01, 0x04, 0x15, 0x10, 0x00, 0x01, 0x01, 0x02, 0x01,
  0x00, 0x00, 0x00, 0x01, 0x01, 0x00, 0x00, 0x00, 0x00, 0x00, 0x00, 0x00, 0x00, 0x00, 0x00, 0x00,
  0x00, 0x00, 0x00, 0x00, 0x00, 0x00, 0x00, 0x00, 0x00, 0x00, 0x00, 0x00, 0x00, 0x00, 0x00, 0x00,
  0x00, 0x00, 0x01, 0x01, 0x00, 0x00, 0x00, 0x00, 0x00, 0x00, 0x00, 0x00, 0x00, 0x00, 0x00, 0x00,
  0x00, 0x00, 0x01, 0x00, 0x00, 0x00, 0x00, 0x00, 0x00, 0x00, 0x00, 0x00, 0x00, 0x00, 0x00, 0x01,
  0x01, 0x01, 0x01, 0x01, 0x00, 0x25, 0x2c, 0x0b, 0x00, 0x00, 0x00, 0x00, 0x00, 0x00, 0x00, 0x02,
  0x07, 0x0a, 0x08, 0x53, 0x6a, 0x0f, 0x09, 0x05, 0x04, 0x0c, 0x0a, 0x04, 0x04, 0x01, 0x04, 0x06,
  0x08, 0x05, 0x02, 0x03, 0x05, 0x09, 0x03, 0x03, 0x04, 0x07, 0x0d, 0x41, 0x8e, 0xa8, 0xd2, 0xf5,
  0xf1, 0xf2, 0xf7, 0xfa, 0xf9, 0xfc, 0xfb, 0xfa, 0xfb, 0xfc, 0xfa, 0xfc, 0xfd, 0xfa, 0xfa, 0xfb,
  0xfb, 0xfa, 0xfc, 0xfb, 0xfc, 0xfd, 0xfc, 0xfd, 0xfd, 0xfd, 0xfc, 0xfc, 0xfb, 0xfc, 0xfc, 0xfc,
  0xfc, 0xfb, 0xfc, 0xfe, 0xfe, 0xfc, 0xfd, 0xfe, 0xfe, 0xfe, 0xfd, 0xfc, 0xfd, 0xfd, 0xfe, 0xfb,
  0xfd, 0xfc, 0xfc, 0xfd, 0xfc, 0xfd, 0xfe, 0xfd, 0xfe, 0xfb, 0xfa, 0xfb, 0xfc, 0xfc, 0xfb, 0xfb,
  0xfb, 0xfa, 0xfa, 0xfb, 0xfa, 0xfa, 0xfb, 0xfa, 0xf8, 0xd3, 0xc0, 0x94, 0x4e, 0x4a, 0x48, 0x56,
  0x3e, 0x1a, 0x10, 0x04, 0x07, 0x0a, 0x0c, 0x0b, 0x05, 0x09, 0x05, 0x0a, 0x08, 0x04, 0x02, 0x03,
  0x08, 0x0c, 0x0b, 0x01, 0x00, 0x01, 0x07, 0x09, 0x18, 0x13, 0x05, 0x02, 0x04, 0x0b, 0x06, 0x04,
  0x09, 0x0c, 0x13, 0x48, 0x1d, 0x04, 0x00, 0x0b, 0x22, 0x15, 0x0a, 0x05, 0x01, 0x01, 0x37, 0x3e,
  0x01, 0x00, 0x01, 0x01, 0x00, 0x00, 0x00, 0x00, 0x00, 0x02, 0x00, 0x00, 0x00, 0x00, 0x00, 0x00,
  0x00, 0x00, 0x00, 0x00, 0x00, 0x00, 0x00, 0x00, 0x00, 0x00, 0x00, 0x00, 0x00, 0x00, 0x00, 0x00,
  0x00, 0x00, 0x00, 0x00, 0x00, 0x00, 0x00, 0x00, 0x00, 0x00, 0x00, 0x00, 0x00, 0x00, 0x00, 0x00,
  0x00, 0x00, 0x00, 0x00, 0x00, 0x00, 0x00, 0x00, 0x00, 0x00, 0x00, 0x00, 0x00, 0x00, 0x00, 0x00,
  0x00, 0x00, 0x00, 0x00, 0x00, 0x00, 0x00, 0x01, 0x00, 0x10, 0x86, 0x39, 0x13, 0x01, 0x00, 0x00,
  0x00, 0x00, 0x00, 0x00, 0x01, 0x0a, 0x26, 0x19, 0x7d, 0x2c, 0x00, 0x10, 0x05, 0x02, 0x06, 0x0f,
  0x0e, 0x0b, 0x03, 0x02, 0x04, 0x08, 0x01, 0x03, 0x04, 0x04, 0x03, 0x03, 0x02, 0x02, 0x03, 0x57,
  0x7a, 0x7f, 0xb8, 0xd7, 0xee, 0xf7, 0xf5, 0xf9, 0xf6, 0xf8, 0xfc, 0xfb, 0xfb, 0xfb, 0xf9, 0xfb,
  0xf2, 0xf1, 0xfa, 0xf7, 0xfb, 0xfb, 0xfb, 0xfb, 0xfb, 0xfc, 0xfd, 0xfd, 0xfb, 0xfd, 0xfd, 0xfc,
  0xfc, 0xfb, 0xfb, 0xfd, 0xfb, 0xfb, 0xfc, 0xfc, 0xff, 0xfd, 0xfc, 0xfe, 0xfe, 0xfe, 0xfd, 0xfd,
  0xfd, 0xfe, 0xfe, 0xfd, 0xfd, 0xfc, 0xfc, 0xfd, 0xfd, 0xfd, 0xfd, 0xfe, 0xfe, 0xfc, 0xfb, 0xfb,
  0xfb, 0xfb, 0xfc, 0xfa, 0xfb, 0xfa, 0xfc, 0xfc, 0xfb, 0xfb, 0xf8, 0xfa, 0xf0, 0xfb, 0xe9, 0xa4,
  0x6e, 0x69, 0x39, 0x37, 0x47, 0x81, 0x43, 0x01, 0x07, 0x0b, 0x31, 0x1e, 0x0a, 0x0e, 0x0e, 0x05,
  0x05, 0x04, 0x00, 0x03, 0x00, 0x14, 0x1c, 0x0c, 0x03, 0x01, 0x06, 0x01, 0x04, 0x03, 0x02, 0x05,
  0x01, 0x01, 0x08, 0x07, 0x00, 0x07, 0x12, 0x0e, 0x0e, 0x16, 0x0a, 0x01, 0x06, 0x12, 0x1c, 0x09,
  0x00, 0x02, 0x06, 0x31, 0x47, 0x18, 0x0c, 0x04, 0x00, 0x00, 0x00, 0x00, 0x00, 0x02, 0x02, 0x00,
  0x00, 0x00, 0x00, 0x00, 0x00, 0x00, 0x00, 0x00, 0x00, 0x00, 0x00, 0x00, 0x00, 0x00, 0x00, 0x00,
  0x00, 0x00, 0x00, 0x00, 0x00, 0x00, 0x00, 0x00, 0x00, 0x00, 0x00, 0x00, 0x00, 0x00, 0x02, 0x01,
  0x03, 0x08, 0x00, 0x00, 0x00, 0x00, 0x00, 0x00, 0x00, 0x00, 0x13, 0x0a, 0x00, 0x00, 0x00, 0x00,
  0x00, 0x00, 0x00, 0x00, 0x00, 0x00, 0x00, 0x00, 0x00, 0x00, 0x00, 0x00, 0x01, 0x02, 0x0a, 0x22,
  0x02, 0x00, 0x00, 0x00, 0x00, 0x00, 0x00, 0x00, 0x01, 0x01, 0x06, 0x29, 0x38, 0x41, 0x06, 0x01,
  0x07, 0x03, 0x02, 0x08, 0x0b, 0x0d, 0x07, 0x06, 0x07, 0x09, 0x08, 0x03, 0x00, 0x03, 0x05, 0x07,
  0x06, 0x05, 0x19, 0x43, 0x5f, 0x3f, 0x57, 0x8a, 0xda, 0xeb, 0xf4, 0xf2, 0xf2, 0xf1, 0xf5, 0xf9,
  0xf9, 0xf9, 0xff, 0xe0, 0xed, 0xf6, 0xf1, 0xfc, 0xf9, 0xfb, 0xfb, 0xf9, 0xfa, 0xfb, 0xfb, 0xfd,
  0xfc, 0xfd, 0xfc, 0xfd, 0xfd, 0xfb, 0xfd, 0xfe, 0xfc, 0xfd, 0xfd, 0xfe, 0xfe, 0xfd, 0xfe, 0xfe,
  0xfd, 0xff, 0xfd, 0xfd, 0xfe, 0xfd, 0xff, 0xfd, 0xfd, 0xfd, 0xfc, 0xfe, 0xfd, 0xfe, 0xfd, 0xfc,
  0xfe, 0xfe, 0xfb, 0xfc, 0xfb, 0xfc, 0xfc, 0xfb, 0xfc, 0xfa, 0xfb, 0xfa, 0xfb, 0xfa, 0xf8, 0xfb,
  0xfd, 0xf8, 0xf8, 0xde, 0x81, 0x7b, 0x69, 0x35, 0x2b, 0x29, 0x56, 0x46, 0x11, 0x0d, 0x09, 0x1a,
  0x21, 0x1e, 0x0a, 0x0a, 0x0a, 0x04, 0x04, 0x06, 0x06, 0x05, 0x19, 0x11, 0x01, 0x02, 0x03, 0x09,
  0x0a, 0x06, 0x04, 0x02, 0x04, 0x04, 0x00, 0x00, 0x03, 0x03, 0x07, 0x0d, 0x09, 0x09, 0x4d, 0x23,
  0x04, 0x0c, 0x23, 0x19, 0x06, 0x01, 0x00, 0x04, 0x09, 0x0f, 0x64, 0x43, 0x02, 0x04, 0x01, 0x01,
  0x00, 0x00, 0x00, 0x00, 0x01, 0x00, 0x00, 0x00, 0x00, 0x00, 0x00, 0x00, 0x00, 0x00, 0x00, 0x00,
  0x00, 0x00, 0x00, 0x00, 0x00, 0x00, 0x00, 0x00, 0x00, 0x00, 0x00, 0x00, 0x00, 0x00, 0x00, 0x00,
  0x00, 0x00, 0x00, 0x0a, 0x27, 0x56, 0x10, 0x00, 0x00, 0x00, 0x00, 0x00, 0x00, 0x01, 0x00, 0x2e,
  0x20, 0x01, 0x01, 0x00, 0x00, 0x00, 0x00, 0x00, 0x00, 0x00, 0x00, 0x00, 0x00, 0x00, 0x00, 0x00,
  0x00, 0x00, 0x00, 0x00, 0x00, 0x01, 0x00, 0x00, 0x00, 0x00, 0x00, 0x00, 0x00, 0x01, 0x00, 0x13,
  0x13, 0x63, 0x6c, 0x06, 0x04, 0x00, 0x02, 0x06, 0x11, 0x08, 0x06, 0x01, 0x05, 0x01, 0x02, 0x02,
  0x00, 0x02, 0x03, 0x04, 0x29, 0x4d, 0x78, 0x85, 0xb0, 0x78, 0x78, 0x93, 0x79, 0xc5, 0xed, 0xe5,
  0xe2, 0xcd, 0xcf, 0xdc, 0xe4, 0xf3, 0xf4, 0xf9, 0xfa, 0xfb, 0xff, 0xff, 0xf9, 0xf9, 0xfd, 0xfe,
  0xff, 0xfc, 0xfd, 0xff, 0xfd, 0xfe, 0xfe, 0xfe, 0xfe, 0xff, 0xfe, 0xfe, 0xff, 0xff, 0xff, 0xff,
  0xfe, 0xfe, 0xff, 0xff, 0xfe, 0xfe, 0xff, 0xff, 0xff, 0xfe, 0xfe, 0xff, 0xff, 0xff, 0xfe, 0xfe,
  0xff, 0xff, 0xfe, 0xfe, 0xfe, 0xff, 0xff, 0xff, 0xfe, 0xff, 0xff, 0xfe, 0xfe, 0xfd, 0xfb, 0xf8,
  0xf8, 0xfe, 0xff, 0xfd, 0xfd, 0xff, 0xe8, 0xc8, 0x92, 0x6c, 0x6e, 0x69, 0x53, 0x30, 0x1f, 0x25,
  0x27, 0x26, 0x1a, 0x0a, 0x03, 0x07, 0x0c, 0x09, 0x05, 0x08, 0x08, 0x01, 0x03, 0x00, 0x03, 0x03,
  0x02, 0x03, 0x02, 0x01, 0x02, 0x02, 0x01, 0x01, 0x00, 0x00, 0x01, 0x00, 0x02, 0x03, 0x07, 0x02,
  0x02, 0x02, 0x04, 0x14, 0x0a, 0x01, 0x09, 0x09, 0x06, 0x0a, 0x0d, 0x02, 0x04, 0x15, 0x13, 0x18,
  0x09, 0x00, 0x00, 0x00, 0x00, 0x00, 0x01, 0x0a, 0x06, 0x02, 0x02, 0x00, 0x00, 0x00, 0x00, 0x00,
  0x00, 0x00, 0x00, 0x00, 0x00, 0x00, 0x00, 0x00, 0x00, 0x00, 0x00, 0x00, 0x00, 0x00, 0x00, 0x00,
  0x00, 0x00, 0x00, 0x00, 0x00, 0x00, 0x00, 0x01, 0x01, 0x34, 0xae, 0x15, 0x00, 0x01, 0x00, 0x00,
  0x00, 0x00, 0x00, 0x00, 0x00, 0x00, 0x01, 0x00, 0x00, 0x00, 0x00, 0x00, 0x00, 0x00, 0x00, 0x00,
  0x00, 0x00, 0x00, 0x00, 0x00, 0x00, 0x00, 0x00, 0x00, 0x01, 0x00, 0x00, 0x00, 0x00, 0x00, 0x00,
  0x00, 0x00, 0x00, 0x1f, 0x23, 0x06, 0x21, 0x75, 0x24, 0x04, 0x04, 0x00, 0x01, 0x00, 0x08, 0x0c,
  0x00, 0x04, 0x02, 0x03, 0x02, 0x00, 0x01, 0x02, 0x05, 0x15, 0x72, 0xa0, 0x7e, 0x6f, 0x78, 0xca,
  0x5f, 0x55, 0x83, 0xb2, 0xc1, 0xcd, 0xb5, 0xb5, 0xbc, 0xdf, 0xee, 0xe5, 0xf5, 0xfe, 0xfd, 0xfb,
  0xfc, 0xfd, 0xfd, 0xfd, 0xfe, 0xfd, 0xff, 0xff, 0xff, 0xfe, 0xfe, 0xfe, 0xff, 0xff, 0xff, 0xfe,
  0xff, 0xff, 0xff, 0xfe, 0xfe, 0xfe, 0xfe, 0xff, 0xff, 0xff, 0xff, 0xff, 0xff, 0xfe, 0xfe, 0xff,
  0xff, 0xff, 0xff, 0xfe, 0xff, 0xff, 0xff, 0xff, 0xfe, 0xfe, 0xff, 0xff, 0xff, 0xfe, 0xfe, 0xff,
  0xff, 0xfe, 0xfc, 0xfc, 0xfd, 0xfb, 0xfd, 0xfd, 0xfd, 0xfc, 0xff, 0xd0, 0x92, 0x7d, 0x6e, 0x6b,
  0x5f, 0x50, 0x2d, 0x1c, 0x1a, 0x19, 0x18, 0x14, 0x0b, 0x0b, 0x08, 0x08, 0x05, 0x08, 0x09, 0x09,
  0x07, 0x02, 0x08, 0x05, 0x09, 0x12, 0x01, 0x03, 0x02, 0x01, 0x00, 0x00, 0x00, 0x03, 0x08, 0x02,
  0x00, 0x03, 0x08, 0x02, 0x01, 0x00, 0x01, 0x06, 0x09, 0x0c, 0x0c, 0x12, 0x06, 0x05, 0x0f, 0x12,
  0x00, 0x06, 0x0f, 0x0d, 0x00, 0x00, 0x00, 0x01, 0x00, 0x00, 0x01, 0x06, 0x4b, 0x30, 0x2c, 0x12,
  0x01, 0x05, 0x00, 0x00, 0x00, 0x00, 0x00, 0x00, 0x00, 0x00, 0x00, 0x00, 0x00, 0x00, 0x00, 0x00,
  0x00, 0x00, 0x00, 0x00, 0x00, 0x00, 0x00, 0x00, 0x00, 0x00, 0x00, 0x00, 0x01, 0x00, 0x08, 0x48,
  0x0c, 0x00, 0x00, 0x00, 0x00, 0x00, 0x00, 0x00, 0x00, 0x01, 0x01, 0x00, 0x00, 0x00, 0x00, 0x00,
  0x00, 0x00, 0x00, 0x00, 0x00, 0x00, 0x00, 0x00, 0x00, 0x00, 0x00, 0x00, 0x00, 0x00, 0x00, 0x00,
  0x00, 0x00, 0x00, 0x00, 0x00, 0x01, 0x01, 0x04, 0x6e, 0x29, 0x00, 0x13, 0x45, 0x39, 0x04, 0x03,
  0x00, 0x01, 0x01, 0x01, 0x01, 0x01, 0x02, 0x08, 0x05, 0x0c, 0x02, 0x00, 0x01, 0x00, 0x26, 0x7f,
  0x6e, 0x6b, 0x62, 0x7c, 0x6a, 0x25, 0x63, 0x40, 0x6e, 0xbc, 0xa7, 0x9b, 0x99, 0x99, 0xad, 0x9b,
  0xc0, 0xee, 0xee, 0xfb, 0xfc, 0xfc, 0xfd, 0xfc, 0xfd, 0xfd, 0xfd, 0xff, 0xfe, 0xfe, 0xfe, 0xfd,
  0xfd, 0xff, 0xfe, 0xfe, 0xff, 0xfe, 0xfe, 0xfe, 0xff, 0xff, 0xff, 0xfe, 0xff, 0xff, 0xff, 0xfe,
  0xff, 0xff, 0xff, 0xff, 0xfe, 0xff, 0xff, 0xff, 0xff, 0xff, 0xfe, 0xff, 0xfe, 0xfd, 0xff, 0xfe,
  0xff, 0xff, 0xfe, 0xfd, 0xfe, 0xff, 0xfc, 0xfd, 0xfd, 0xfe, 0xfb, 0xfc, 0xfd, 0xfd, 0xfa, 0xff,
  0xc4, 0x70, 0x79, 0x68, 0x45, 0x4a, 0x48, 0x2f, 0x15, 0x09, 0x0d, 0x18, 0x28, 0x18, 0x12, 0x11,
  0x0a, 0x07, 0x0a, 0x04, 0x08, 0x12, 0x03, 0x0e, 0x11, 0x0b, 0x11, 0x00, 0x03, 0x02, 0x02, 0x01,
  0x01, 0x03, 0x0d, 0x0e, 0x01, 0x01, 0x01, 0x03, 0x04, 0x02, 0x00, 0x01, 0x06, 0x07, 0x0c, 0x16,
  0x1b, 0x06, 0x02, 0x09, 0x1d, 0x25, 0x2d, 0x0c, 0x06, 0x03, 0x00, 0x00, 0x01, 0x01, 0x01, 0x02,
  0x02, 0x2a, 0x15, 0x29, 0x13, 0x0b, 0x08, 0x01, 0x00, 0x00, 0x00, 0x00, 0x00, 0x00, 0x00, 0x00,
  0x00, 0x00, 0x00, 0x01, 0x00, 0x00, 0x00, 0x00, 0x00, 0x00, 0x00, 0x00, 0x00, 0x00, 0x00, 0x00,
  0x00, 0x00, 0x00, 0x00, 0x00, 0x00, 0x00, 0x00, 0x00, 0x00, 0x00, 0x00, 0x00, 0x00, 0x00, 0x00,
  0x00, 0x00, 0x00, 0x00, 0x00, 0x00, 0x00, 0x00, 0x00, 0x00, 0x00, 0x00, 0x00, 0x00, 0x00, 0x00,
  0x00, 0x00, 0x00, 0x00, 0x00, 0x00, 0x00, 0x00, 0x00, 0x00, 0x00, 0x00, 0x03, 0x1c, 0x04, 0x01,
  0x35, 0x34, 0x05, 0x03, 0x01, 0x00, 0x00, 0x00, 0x00, 0x00, 0x01, 0x00, 0x06, 0x0a, 0x0b, 0x00,
  0x01, 0x00, 0x00, 0x13, 0x28, 0x22, 0x37, 0x48, 0x5d, 0x37, 0x1b, 0x2d, 0x21, 0x45, 0xcd, 0x9c,
  0x81, 0x75, 0x86, 0x62, 0x64, 0x84, 0xad, 0xf1, 0xfb, 0xfd, 0xfd, 0xfc, 0xfb, 0xfd, 0xfd, 0xfd,
  0xfd, 0xfc, 0xfe, 0xfe, 0xfd, 0xfd, 0xfc, 0xfe, 0xfe, 0xfe, 0xfe, 0xfd, 0xff, 0xff, 0xfe, 0xfe,
  0xfd, 0xfe, 0xff, 0xfe, 0xfe, 0xfd, 0xff, 0xff, 0xfe, 0xfe, 0xfe, 0xfe, 0xff, 0xff, 0xfe, 0xfc,
  0xfd, 0xfe, 0xfe, 0xfe, 0xfe, 0xfd, 0xfe, 0xfe, 0xff, 0xfc, 0xfc, 0xfd, 0xfc, 0xfb, 0xfc, 0xf8,
  0xfa, 0xfd, 0xfe, 0xfb, 0xff, 0xc2, 0x7f, 0x7b, 0x66, 0x41, 0x44, 0x3e, 0x23, 0x12, 0x06, 0x0c,
  0x17, 0x0b, 0x06, 0x3f, 0x6c, 0x07, 0x08, 0x03, 0x00, 0x04, 0x06, 0x19, 0x2c, 0x04, 0x04, 0x0a,
  0x01, 0x00, 0x00, 0x00, 0x05, 0x03, 0x02, 0x0a, 0x0f, 0x05, 0x02, 0x01, 0x01, 0x00, 0x01, 0x08,
  0x01, 0x0b, 0x12, 0x0d, 0x0f, 0x1c, 0x10, 0x0a, 0x1b, 0x1d, 0x24, 0x11, 0x02, 0x02, 0x00, 0x00,
  0x02, 0x01, 0x00, 0x02, 0x02, 0x04, 0x04, 0x02, 0x03, 0x01, 0x03, 0x00, 0x00, 0x00, 0x00, 0x00,
  0x00, 0x00, 0x00, 0x00, 0x00, 0x00, 0x00, 0x00, 0x00, 0x00, 0x00, 0x00, 0x00, 0x00, 0x00, 0x00,
  0x00, 0x00, 0x00, 0x00, 0x00, 0x00, 0x00, 0x00, 0x00, 0x02, 0x00, 0x00, 0x00, 0x00, 0x00, 0x00,
  0x00, 0x00, 0x00, 0x00, 0x00, 0x00, 0x00, 0x00, 0x00, 0x00, 0x00, 0x00, 0x00, 0x00, 0x00, 0x00,
  0x00, 0x00, 0x00, 0x00, 0x00, 0x00, 0x00, 0x00, 0x00, 0x00, 0x00, 0x00, 0x00, 0x00, 0x00, 0x00,
  0x00, 0x01, 0x00, 0x00, 0x08, 0x47, 0x19, 0x03, 0x01, 0x00, 0x00, 0x00, 0x00, 0x01, 0x01, 0x01,
  0x02, 0x0f, 0x09, 0x00, 0x00, 0x00, 0x00, 0x07, 0x1f, 0x17, 0x1d, 0x43, 0x6b, 0x25, 0x12, 0x14,
  0x1b, 0x19, 0x3c, 0x83, 0x70, 0x5e, 0x45, 0x69, 0x62, 0x6a, 0x6e, 0xba, 0xe9, 0xf5, 0xfa, 0xfb,
  0xfc, 0xfb, 0xfb, 0xfc, 0xfd, 0xfe, 0xfd, 0xfe, 0xfc, 0xfd, 0xfe, 0xfd, 0xfd, 0xfd, 0xfe, 0xff,
  0xff, 0xfe, 0xfd, 0xfd, 0xfe, 0xfe, 0xfe, 0xfd, 0xfe, 0xff, 0xfe, 0xff, 0xfd, 0xfe, 0xff, 0xff,
  0xfe, 0xfd, 0xfe, 0xff, 0xfe, 0xfd, 0xfd, 0xfe, 0xfe, 0xff, 0xff, 0xfd, 0xfd, 0xfe, 0xfe, 0xfd,
  0xfc, 0xf8, 0xf9, 0xf9, 0xfa, 0xfa, 0xfa, 0xfb, 0xfa, 0xff, 0xbc, 0x83, 0x8f, 0x6d, 0x44, 0x52,
  0x41, 0x1a, 0x12, 0x11, 0x0e, 0x13, 0x09, 0x16, 0x48, 0x2e, 0x07, 0x10, 0x02, 0x04, 0x14, 0x25,
  0x13, 0x21, 0x13, 0x0c, 0x0a, 0x01, 0x03, 0x02, 0x02, 0x0b, 0x00, 0x08, 0x0b, 0x01, 0x03, 0x00,
  0x04, 0x03, 0x01, 0x06, 0x0f, 0x07, 0x0e, 0x0c, 0x07, 0x10, 0x0c, 0x0b, 0x0c, 0x15, 0x0a, 0x01,
  0x0b, 0x10, 0x09, 0x01, 0x00, 0x01, 0x00, 0x02, 0x04, 0x03, 0x01, 0x05, 0x07, 0x03, 0x00, 0x01,
  0x00, 0x00, 0x00, 0x00, 0x00, 0x01, 0x01, 0x00, 0x00, 0x00, 0x01, 0x03, 0x01, 0x00, 0x00, 0x00,
  0x00, 0x00, 0x00, 0x00, 0x00, 0x00, 0x00, 0x00, 0x00, 0x00, 0x00, 0x00, 0x00, 0x00, 0x00, 0x00,
  0x01, 0x00, 0x00, 0x00, 0x00, 0x00, 0x00, 0x00, 0x00, 0x00, 0x00, 0x00, 0x00, 0x00, 0x00, 0x00,
  0x00, 0x00, 0x00, 0x00, 0x00, 0x00, 0x00, 0x00, 0x00, 0x00, 0x00, 0x00, 0x00, 0x00, 0x00, 0x00,
  0x00, 0x00, 0x00, 0x01, 0x00, 0x00, 0x00, 0x01, 0x00, 0x01, 0x08, 0x0b, 0x04, 0x01, 0x01, 0x01,
  0x02, 0x01, 0x03, 0x05, 0x01, 0x10, 0x54, 0x18, 0x02, 0x04, 0x04, 0x01, 0x17, 0x4d, 0x02, 0x0a,
  0x16, 0x22, 0x0c, 0x08, 0x08, 0x0e, 0x21, 0x2d, 0x28, 0x5f, 0x8b, 0x67, 0x5d, 0x5c, 0x66, 0x6d,
  0xb6, 0xe5, 0xf9, 0xfa, 0xf9, 0xf9, 0xf9, 0xfb, 0xfc, 0xfc, 0xfc, 0xfb, 0xfc, 0xfc, 0xfd, 0xfe,
  0xfc, 0xfc, 0xfd, 0xfc, 0xfc, 0xfd, 0xfd, 0xfd, 0xfe, 0xfe, 0xfd, 0xfd, 0xfd, 0xfe, 0xfe, 0xfe,
  0xfe, 0xfd, 0xfd, 0xfd, 0xfd, 0xfd, 0xfe, 0xfe, 0xff, 0xfe, 0xfd, 0xfc, 0xfd, 0xfd, 0xfc, 0xfd,
  0xfd, 0xfd, 0xfc, 0xfc, 0xfc, 0xfc, 0xfb, 0xfa, 0xfa, 0xfb, 0xf7, 0xef, 0xf0, 0xe2, 0xf3, 0xb5,
  0x86, 0x85, 0x79, 0x72, 0x8e, 0xb2, 0x4f, 0x35, 0x30, 0x26, 0x1f, 0x1b, 0x1f, 0x1a, 0x1d, 0x0b,
  0x17, 0x14, 0x28, 0x26, 0x12, 0x1f, 0x15, 0x15, 0x0e, 0x0f, 0x0f, 0x0f, 0x15, 0x22, 0x0c, 0x12,
  0x0a, 0x09, 0x0a, 0x12, 0x0e, 0x0d, 0x14, 0x0e, 0x0a, 0x11, 0x19, 0x11, 0x0d, 0x06, 0x03, 0x02,
  0x03, 0x03, 0x0a, 0x0a, 0x0b, 0x0c, 0x10, 0x0a, 0x06, 0x07, 0x20, 0x2d, 0x2b, 0x09, 0x08, 0x0a,
  0x05, 0x02, 0x00, 0x01, 0x00, 0x01, 0x01, 0x02, 0x01, 0x02, 0x00, 0x01, 0x00, 0x00, 0x00, 0x00,
  0x01, 0x00, 0x00, 0x00, 0x00, 0x00, 0x00, 0x00, 0x00, 0x00, 0x00, 0x00, 0x00, 0x00, 0x00, 0x00,
  0x00, 0x00, 0x00, 0x00, 0x00, 0x01, 0x00, 0x00, 0x00, 0x00, 0x00, 0x00, 0x00, 0x00, 0x00, 0x00,
  0x00, 0x00, 0x00, 0x00, 0x00, 0x00, 0x00, 0x01, 0x01, 0x00, 0x00, 0x00, 0x00, 0x00, 0x00, 0x00,
  0x00, 0x00, 0x00, 0x00, 0x00, 0x00, 0x00, 0x00, 0x00, 0x00, 0x00, 0x00, 0x00, 0x00, 0x00, 0x00,
  0x00, 0x00, 0x00, 0x01, 0x03, 0x02, 0x02, 0x05, 0x05, 0x00, 0x03, 0x03, 0x02, 0x04, 0x01, 0x02,
  0x03, 0x03, 0x06, 0x02, 0x04, 0x03, 0x02, 0x09, 0x05, 0x09, 0x09, 0x0f, 0x1d, 0x21, 0x30, 0x4a,
  0x53, 0x41, 0x53, 0x73, 0x79, 0xa8, 0xd1, 0xe4, 0xfa, 0xfa, 0xfb, 0xfa, 0xfc, 0xfc, 0xfb, 0xfc,
  0xfd, 0xfd, 0xfd, 0xfc, 0xfe, 0xfd, 0xfd, 0xfd, 0xfc, 0xfc, 0xfe, 0xfe, 0xfd, 0xfd, 0xfd, 0xfe,
  0xfe, 0xfe, 0xfe, 0xfd, 0xff, 0xfd, 0xfd, 0xfd, 0xfc, 0xfe, 0xfe, 0xff, 0xfd, 0xfc, 0xfe, 0xfe,
  0xfc, 0xfd, 0xfd, 0xfe, 0xff, 0xfd, 0xfd, 0xfc, 0xfd, 0xfc, 0xfb, 0xfb, 0xfa, 0xfa, 0xfc, 0xf1,
  0xe0, 0xe7, 0xe2, 0xe5, 0xac, 0x73, 0x6c, 0x6d, 0x88, 0x84, 0x9c, 0xd1, 0x72, 0x46, 0x1c, 0x1b,
  0x1e, 0x1a, 0x26, 0x2d, 0x14, 0x1c, 0x2c, 0x29, 0x3a, 0x22, 0x1f, 0x16, 0x23, 0x19, 0x1d, 0x1e,
  0x20, 0x1f, 0x22, 0x13, 0x28, 0x17, 0x19, 0x27, 0x16, 0x1c, 0x14, 0x0e, 0x11, 0x13, 0x21, 0x24,
  0x17, 0x0d, 0x08, 0x09, 0x0d, 0x06, 0x0b, 0x18, 0x19, 0x0d, 0x17, 0x0b, 0x19, 0x40, 0x4b, 0x5c,
  0x2f, 0x1e, 0x06, 0x03, 0x07, 0x08, 0x07, 0x03, 0x04, 0x04, 0x02, 0x04, 0x01, 0x00, 0x02, 0x03,
  0x03, 0x00, 0x00, 0x01, 0x01, 0x00, 0x00, 0x00, 0x00, 0x00, 0x00, 0x00, 0x00, 0x00, 0x00, 0x00,
  0x00, 0x00, 0x00, 0x00, 0x00, 0x00, 0x00, 0x00, 0x00, 0x00, 0x00, 0x00, 0x00, 0x00, 0x00, 0x00,
  0x00, 0x00, 0x00, 0x00, 0x00, 0x00, 0x00, 0x00, 0x00, 0x00, 0x00, 0x00, 0x00, 0x00, 0x00, 0x00,
  0x00, 0x00, 0x00, 0x00, 0x00, 0x00, 0x00, 0x00, 0x00, 0x00, 0x00, 0x00, 0x00, 0x01, 0x01, 0x00,
  0x00, 0x00, 0x00, 0x00, 0x01, 0x00, 0x00, 0x00, 0x02, 0x01, 0x01, 0x06, 0x0c, 0x0d, 0x01, 0x02,
  0x02, 0x03, 0x04, 0x01, 0x00, 0x01, 0x03, 0x05, 0x03, 0x03, 0x02, 0x04, 0x04, 0x06, 0x06, 0x09,
  0x06, 0x19, 0x1c, 0x25, 0x33, 0x43, 0x56, 0x4e, 0x82, 0xb8, 0xa3, 0xcf, 0xef, 0xf9, 0xfb, 0xfc,
  0xfd, 0xfc, 0xfb, 0xfb, 0xfe, 0xfd, 0xfd, 0xfe, 0xfc, 0xfe, 0xfe, 0xfe, 0xff, 0xfd, 0xfd, 0xfe,
  0xfe, 0xff, 0xfd, 0xfe, 0xff, 0xfe, 0xfe, 0xff, 0xfe, 0xff, 0xfe, 0xfd, 0xfd, 0xfd, 0xfe, 0xfe,
  0xff, 0xff, 0xfd, 0xfe, 0xfe, 0xfe, 0xfc, 0xfd, 0xff, 0xfe, 0xfd, 0xfd, 0xfc, 0xfe, 0xfd, 0xfb,
  0xfc, 0xfc, 0xfc, 0xfd, 0xf2, 0xe0, 0xe1, 0xcd, 0xc6, 0xa2, 0x6e, 0x6e, 0x56, 0x66, 0x82, 0x77,
  0x9f, 0x84, 0x4d, 0x3a, 0x22, 0x1a, 0x17, 0x22, 0x4e, 0x5a, 0x20, 0x32, 0x39, 0x41, 0x4f, 0x43,
  0x38, 0x3b, 0x35, 0x3b, 0x2f, 0x43, 0x4b, 0x3f, 0x52, 0x28, 0x23, 0x3b, 0x3a, 0x2d, 0x2a, 0x1c,
  0x2b, 0x42, 0x1f, 0x15, 0x29, 0x23, 0x21, 0x19, 0x16, 0x14, 0x11, 0x1b, 0x19, 0x2c, 0x40, 0x30,
  0x32, 0x7d, 0x99, 0x53, 0x3b, 0x16, 0x0f, 0x07, 0x12, 0x17, 0x23, 0x24, 0x08, 0x03, 0x0c, 0x0d,
  0x06, 0x04, 0x02, 0x04, 0x08, 0x05, 0x00, 0x00, 0x00, 0x00, 0x00, 0x00, 0x00, 0x00, 0x00, 0x00,
  0x00, 0x00, 0x00, 0x00, 0x00, 0x00, 0x00, 0x00, 0x00, 0x01, 0x01, 0x01, 0x00, 0x00, 0x00, 0x00,
  0x00, 0x00, 0x00, 0x00, 0x00, 0x00, 0x00, 0x00, 0x00, 0x00, 0x00, 0x00, 0x00, 0x00, 0x00, 0x00,
  0x00, 0x1f, 0x13, 0x00, 0x00, 0x00, 0x00, 0x00, 0x00, 0x00, 0x00, 0x00, 0x00, 0x01, 0x00, 0x00,
  0x00, 0x00, 0x00, 0x00, 0x00, 0x00, 0x00, 0x00, 0x01, 0x00, 0x00, 0x00, 0x00, 0x00, 0x01, 0x00,
  0x04, 0x0c, 0x07, 0x00, 0x03, 0x01, 0x00, 0x02, 0x01, 0x01, 0x00, 0x00, 0x02, 0x04, 0x03, 0x02,
  0x01, 0x02, 0x03, 0x05, 0x07, 0x02, 0x0b, 0x14, 0x21, 0x28, 0x2f, 0x5f, 0x60, 0x64, 0x98, 0x8c,
  0xb8, 0xf9, 0xf3, 0xf9, 0xf9, 0xfa, 0xfc, 0xfc, 0xfb, 0xfc, 0xfc, 0xfd, 0xfe, 0xfc, 0xfc, 0xfd,
  0xfe, 0xff, 0xfc, 0xfd, 0xfd, 0xfd, 0xff, 0xfd, 0xfd, 0xfc, 0xff, 0xfe, 0xfd, 0xfd, 0xfd, 0xfe,
  0xff, 0xfc, 0xfd, 0xfc, 0xfd, 0xff, 0xfd, 0xfd, 0xfc, 0xfd, 0xfd, 0xfc, 0xfd, 0xfe, 0xfd, 0xfe,
  0xfd, 0xfd, 0xfb, 0xfc, 0xfc, 0xfc, 0xfb, 0xfa, 0xfb, 0xf9, 0xf8, 0xf3, 0xdf, 0xb2, 0x91, 0x6f,
  0x74, 0x67, 0x5a, 0x84, 0x9f, 0x90, 0x97, 0x6b, 0x62, 0x2f, 0x36, 0x44, 0x25, 0x4a, 0x41, 0x4c,
  0x7a, 0x4a, 0x3f, 0x76, 0x6e, 0x55, 0x49, 0x67, 0x50, 0x4f, 0x43, 0x42, 0x4b, 0x3a, 0x26, 0x2b,
  0x25, 0x13, 0x30, 0x3f, 0x49, 0x69, 0x53, 0x4c, 0x50, 0x4d, 0x2b, 0x3d, 0x2f, 0x1d, 0x22, 0x27,
  0x3f, 0x3a, 0x4a, 0x6f, 0x2e, 0x24, 0x56, 0x53, 0x20, 0x1a, 0x10, 0x0e, 0x0f, 0x21, 0x33, 0x34,
  0x1b, 0x03, 0x07, 0x0c, 0x09, 0x08, 0x08, 0x06, 0x04, 0x06, 0x02, 0x01, 0x02, 0x03, 0x00, 0x00,
  0x00, 0x00, 0x00, 0x00, 0x00, 0x00, 0x00, 0x00, 0x00, 0x00, 0x00, 0x00, 0x00, 0x00, 0x00, 0x00,
  0x00, 0x00, 0x00, 0x01, 0x02, 0x00, 0x00, 0x00, 0x00, 0x00, 0x00, 0x00, 0x00, 0x00, 0x00, 0x00,
  0x00, 0x00, 0x00, 0x00, 0x01, 0x00, 0x3b, 0x67, 0x13, 0x00, 0x01, 0x00, 0x00, 0x00, 0x00, 0x00,
  0x00, 0x00, 0x00, 0x01, 0x00, 0x00, 0x00, 0x01, 0x00, 0x00, 0x00, 0x00, 0x00, 0x00, 0x00, 0x00,
  0x01, 0x01, 0x01, 0x00, 0x00, 0x03, 0x06, 0x03, 0x06, 0x04, 0x04, 0x01, 0x02, 0x01, 0x00, 0x01,
  0x01, 0x02, 0x02, 0x00, 0x01, 0x01, 0x02, 0x02, 0x01, 0x04, 0x04, 0x0a, 0x0b, 0x11, 0x12, 0x25,
  0x50, 0x79, 0x55, 0x59, 0x79, 0xaa, 0xf7, 0xfb, 0xfc, 0xfc, 0xfa, 0xfc, 0xfc, 0xfb, 0xfd, 0xfc,
  0xfc, 0xfc, 0xfc, 0xfc, 0xfd, 0xfd, 0xfd, 0xfe, 0xfe, 0xfe, 0xfd, 0xfe, 0xfd, 0xff, 0xfe, 0xfe,
  0xfd, 0xfd, 0xfe, 0xfe, 0xfe, 0xfd, 0xfb, 0xfd, 0xfe, 0xfc, 0xfe, 0xfd, 0xfe, 0xfe, 0xfe, 0xfc,
  0xfd, 0xff, 0xff, 0xfd, 0xfc, 0xfb, 0xfc, 0xfd, 0xfc, 0xfc, 0xfa, 0xfa, 0xfa, 0xfa, 0xf9, 0xf6,
  0xf8, 0xf7, 0xd7, 0xa4, 0x81, 0x75, 0x72, 0x93, 0x99, 0xc1, 0xe6, 0xd5, 0x95, 0x50, 0x2e, 0x35,
  0x5b, 0x66, 0x54, 0x36, 0x56, 0x88, 0x98, 0x63, 0xa0, 0x8d, 0x65, 0x75, 0x6f, 0x58, 0x67, 0x5e,
  0x4b, 0x63, 0x43, 0x33, 0x30, 0x3a, 0x6d, 0x78, 0x7f, 0x64, 0x5d, 0x6f, 0x8a, 0x74, 0x38, 0x43,
  0x3a, 0x29, 0x47, 0x4d, 0x50, 0x69, 0x4a, 0x30, 0x27, 0x1a, 0x12, 0x27, 0x25, 0x16, 0x0c, 0x12,
  0x1f, 0x2b, 0x29, 0x34, 0x24, 0x0f, 0x07, 0x05, 0x0b, 0x18, 0x11, 0x07, 0x03, 0x04, 0x02, 0x01,
  0x03, 0x01, 0x03, 0x00, 0x00, 0x00, 0x00, 0x00, 0x00, 0x01, 0x01, 0x00, 0x00, 0x00, 0x00, 0x00,
  0x00, 0x00, 0x00, 0x00, 0x06, 0x02, 0x00, 0x00, 0x00, 0x01, 0x00, 0x00, 0x00, 0x00, 0x00, 0x00,
  0x00, 0x00, 0x00, 0x00, 0x00, 0x00, 0x00, 0x00, 0x01, 0x00, 0x00, 0x00, 0x19, 0x16, 0x00, 0x00,
  0x00, 0x00, 0x00, 0x01, 0x01, 0x00, 0x0a, 0x61, 0x0f, 0x00, 0x01, 0x00, 0x00, 0x00, 0x00, 0x01,
  0x00, 0x00, 0x00, 0x00, 0x00, 0x00, 0x01, 0x01, 0x01, 0x00, 0x00, 0x02, 0x03, 0x02, 0x01, 0x01,
  0x01, 0x01, 0x00, 0x01, 0x00, 0x01, 0x03, 0x03, 0x04, 0x02, 0x02, 0x03, 0x05, 0x0c, 0x0b, 0x06,
  0x0f, 0x2b, 0x55, 0x56, 0x57, 0x6b, 0x5b, 0x6a, 0x6d, 0x7a, 0xc5, 0xf1, 0xf3, 0xfb, 0xfc, 0xfa,
  0xfd, 0xfb, 0xfd, 0xfc, 0xfd, 0xfe, 0xfe, 0xfe, 0xfc, 0xfe, 0xfe, 0xfd, 0xff, 0xfd, 0xfe, 0xfe,
  0xfd, 0xff, 0xfe, 0xfe, 0xfe, 0xfe, 0xff, 0xfe, 0xfe, 0xfe, 0xfe, 0xfe, 0xfe, 0xff, 0xff, 0xfe,
  0xfe, 0xfe, 0xfd, 0xfe, 0xfe, 0xfd, 0xfd, 0xfe, 0xfe, 0xfd, 0xfc, 0xfd, 0xfc, 0xfc, 0xfc, 0xfc,
  0xfd, 0xfc, 0xfb, 0xfc, 0xfb, 0xfb, 0xf8, 0xf2, 0xc8, 0x89, 0x83, 0x73, 0x7a, 0x90, 0x8d, 0x55,
  0x69, 0x86, 0x36, 0x23, 0x21, 0x4a, 0x68, 0x61, 0x60, 0x60, 0x92, 0xb1, 0x84, 0x7c, 0x7d, 0x64,
  0x52, 0x49, 0x40, 0x67, 0x39, 0x3e, 0x3c, 0x31, 0x26, 0x44, 0x5c, 0x95, 0x7b, 0x5c, 0x65, 0x88,
  0x8c, 0xc2, 0x52, 0x39, 0x48, 0x39, 0x3e, 0x55, 0x4c, 0x39, 0x33, 0x19, 0x21, 0x19, 0x12, 0x1d,
  0x1d, 0x25, 0x3e, 0x35, 0x41, 0x45, 0x20, 0x15, 0x0b, 0x04, 0x0b, 0x10, 0x0c, 0x0a, 0x0d, 0x0b,
  0x08, 0x0b, 0x09, 0x14, 0x10, 0x01, 0x0d, 0x31, 0x1c, 0x01, 0x00, 0x00, 0x01, 0x03, 0x01, 0x00,
  0x00, 0x00, 0x01, 0x00, 0x00, 0x00, 0x00, 0x00, 0x01, 0x08, 0x02, 0x00, 0x00, 0x00, 0x00, 0x00,
  0x00, 0x01, 0x01, 0x00, 0x00, 0x00, 0x01, 0x01, 0x00, 0x00, 0x00, 0x00, 0x01, 0x00, 0x00, 0x00,
  0x01, 0x00, 0x01, 0x00, 0x00, 0x00, 0x01, 0x00, 0x00, 0x00, 0x04, 0x10, 0x6b, 0x1b, 0x00, 0x01,
  0x01, 0x00, 0x00, 0x00, 0x02, 0x02, 0x00, 0x00, 0x00, 0x00, 0x02, 0x01, 0x00, 0x00, 0x02, 0x03,
  0x03, 0x02, 0x00, 0x02, 0x04, 0x03, 0x01, 0x00, 0x00, 0x02, 0x03, 0x03, 0x03, 0x04, 0x06, 0x04,
  0x05, 0x06, 0x0e, 0x0f, 0x0c, 0x07, 0x34, 0x5b, 0x5e, 0x51, 0x5a, 0x7c, 0x8b, 0x96, 0x97, 0xa9,
  0xd0, 0xef, 0xf1, 0xf8, 0xfd, 0xfc, 0xfc, 0xfe, 0xfe, 0xfd, 0xfd, 0xfe, 0xfe, 0xff, 0xff, 0xfd,
  0xfd, 0xff, 0xfe, 0xff, 0xff, 0xfe, 0xff, 0xff, 0xff, 0xff, 0xfe, 0xff, 0xff, 0xff, 0xfe, 0xfe,
  0xfe, 0xff, 0xff, 0xff, 0xfe, 0xff, 0xff, 0xff, 0xff, 0xfd, 0xfc, 0xfe, 0xff, 0xfe, 0xfe, 0xfd,
  0xfe, 0xfe, 0xfd, 0xfd, 0xfd, 0xfe, 0xfe, 0xfd, 0xf6, 0xfa, 0xfd, 0xfa, 0xff, 0xe9, 0xac, 0xa6,
  0x9c, 0x99, 0x9a, 0xa8, 0x6a, 0x54, 0x53, 0x3e, 0x47, 0x6f, 0x66, 0x59, 0x64, 0x60, 0x80, 0xb2,
  0xda, 0xe4, 0x96, 0x66, 0x64, 0x52, 0x57, 0x5c, 0x68, 0x3c, 0x4c, 0x44, 0x35, 0x40, 0x3b, 0x55,
  0x5c, 0x52, 0x81, 0xc3, 0xc1, 0xa0, 0x99, 0x62, 0x56, 0x44, 0x43, 0x79, 0x61, 0x2c, 0x34, 0x24,
  0x28, 0x39, 0x2e, 0x12, 0x23, 0x52, 0x4e, 0x44, 0x45, 0x30, 0x1e, 0x07, 0x0e, 0x13, 0x1b, 0x26,
  0x17, 0x10, 0x0a, 0x0e, 0x09, 0x0b, 0x16, 0x22, 0x29, 0x19, 0x12, 0x1a, 0x27, 0x0b, 0x01, 0x01,
  0x00, 0x03, 0x23, 0x5d, 0x0a, 0x00, 0x01, 0x00, 0x00, 0x00, 0x00, 0x00, 0x00, 0x00, 0x00, 0x00,
  0x00, 0x00, 0x00, 0x00, 0x00, 0x00, 0x00, 0x00, 0x00, 0x00, 0x00, 0x00, 0x00, 0x00, 0x00, 0x00,
  0x00, 0x00, 0x00, 0x00, 0x00, 0x01, 0x01, 0x00, 0x00, 0x00, 0x00, 0x00, 0x00, 0x00, 0x00, 0x02,
  0x0b, 0x1e, 0x06, 0x00, 0x00, 0x00, 0x01, 0x01, 0x00, 0x08, 0x06, 0x00, 0x00, 0x00, 0x00, 0x02,
  0x02, 0x02, 0x00, 0x00, 0x02, 0x02, 0x03, 0x02, 0x00, 0x02, 0x02, 0x02, 0x01, 0x00, 0x01, 0x02,
  0x02, 0x01, 0x02, 0x02, 0x02, 0x04, 0x08, 0x12, 0x1c, 0x10, 0x19, 0x1f, 0x3b, 0x70, 0x50, 0x52,
  0x7f, 0x7e, 0x8a, 0x9e, 0x89, 0xc4, 0xee, 0xf9, 0xf9, 0xfb, 0xfb, 0xfc, 0xfb, 0xfd, 0xfc, 0xfc,
  0xfd, 0xfd, 0xfe, 0xfd, 0xfc, 0xfd, 0xfe, 0xfe, 0xff, 0xfe, 0xfe, 0xfd, 0xff, 0xff, 0xfe, 0xfd,
  0xfe, 0xfe, 0xff, 0xfe, 0xfe, 0xfd, 0xfe, 0xfe, 0xfe, 0xfc, 0xfd, 0xfe, 0xfe, 0xff, 0xfc, 0xfd,
  0xfe, 0xfe, 0xfe, 0xfc, 0xfd, 0xfc, 0xfe, 0xfd, 0xfa, 0xfc, 0xfc, 0xfe, 0xfc, 0xf6, 0xfb, 0xfb,
  0xfb, 0xfb, 0xef, 0xd3, 0xcc, 0xa8, 0xa1, 0x92, 0x6f, 0x70, 0x6d, 0x5b, 0x64, 0x8f, 0x89, 0x5e,
  0x6e, 0x70, 0x6b, 0x8a, 0xd2, 0xda, 0xe0, 0xcc, 0x79, 0x83, 0x80, 0x94, 0x7b, 0x63, 0x85, 0x8d,
  0x6c, 0x59, 0x71, 0x62, 0x60, 0x6d, 0xac, 0xd3, 0xe0, 0xd3, 0xce, 0xa4, 0x7b, 0x5c, 0x5c, 0x79,
  0x72, 0x57, 0x41, 0x33, 0x25, 0x43, 0x46, 0x5b, 0x54, 0x63, 0x76, 0x35, 0x0c, 0x1e, 0x17, 0x18,
  0x19, 0x14, 0x23, 0x23, 0x19, 0x20, 0x23, 0x1f, 0x1f, 0x21, 0x22, 0x22, 0x15, 0x09, 0x07, 0x0a,
  0x00, 0x00, 0x00, 0x00, 0x00, 0x00, 0x05, 0x14, 0x7b, 0x77, 0x0f, 0x00, 0x01, 0x00, 0x00, 0x00,
  0x00, 0x00, 0x00, 0x00, 0x00, 0x00, 0x00, 0x00, 0x00, 0x00, 0x00, 0x00, 0x00, 0x00, 0x00, 0x00,
  0x00, 0x00, 0x00, 0x00, 0x00, 0x00, 0x01, 0x00, 0x01, 0x02, 0x00, 0x00, 0x00, 0x00, 0x00, 0x00,
  0x00, 0x00, 0x00, 0x00, 0x00, 0x02, 0x08, 0x0b, 0x00, 0x00, 0x00, 0x00, 0x00, 0x00, 0x01, 0x00,
  0x00, 0x0a, 0x02, 0x00, 0x00, 0x00, 0x01, 0x01, 0x00, 0x00, 0x00, 0x00, 0x00, 0x08, 0x02, 0x00,
  0x04, 0x03, 0x01, 0x03, 0x01, 0x01, 0x06, 0x09, 0x03, 0x01, 0x03, 0x12, 0x14, 0x17, 0x19, 0x1c,
  0x10, 0x50, 0x8c, 0x50, 0x53, 0x51, 0x33, 0x68, 0x5c, 0x82, 0xcc, 0xf3, 0xf8, 0xf9, 0xf7, 0xfb,
  0xfb, 0xfc, 0xfb, 0xfa, 0xfc, 0xfd, 0xfc, 0xfc, 0xfb, 0xfb, 0xfe, 0xfd, 0xfe, 0xfd, 0xfe, 0xfe,
  0xfd, 0xfd, 0xfd, 0xfd, 0xfe, 0xfd, 0xfe, 0xfc, 0xfc, 0xfe, 0xfd, 0xfd, 0xfe, 0xfd, 0xfe, 0xfd,
  0xfc, 0xfd, 0xfc, 0xfc, 0xfc, 0xfe, 0xfe, 0xfc, 0xfc, 0xfd, 0xfc, 0xfc, 0xfb, 0xfb, 0xfc, 0xfb,
  0xfa, 0xf9, 0xf8, 0xfb, 0xf8, 0xf7, 0xfa, 0xf4, 0xef, 0xdb, 0xcd, 0xb3, 0x8b, 0x74, 0x8d, 0x83,
  0x42, 0x44, 0x7f, 0x7c, 0x84, 0x72, 0x59, 0x78, 0xb4, 0xea, 0xe8, 0xed, 0xb4, 0x89, 0xa8, 0xc1,
  0xcd, 0xce, 0xb8, 0xd2, 0x94, 0x63, 0x7d, 0xac, 0xb2, 0x94, 0xa3, 0xc8, 0xe1, 0xea, 0xed, 0xe4,
  0xb0, 0x85, 0x77, 0xa4, 0xa4, 0x58, 0x33, 0x2b, 0x3d, 0x56, 0x74, 0x8b, 0x8f, 0x66, 0x44, 0x3a,
  0x3f, 0x2a, 0x2c, 0x15, 0x12, 0x1b, 0x27, 0x24, 0x2b, 0x34, 0x37, 0x3d, 0x37, 0x31, 0x36, 0x23,
  0x09, 0x00, 0x03, 0x01, 0x00, 0x00, 0x01, 0x00, 0x00, 0x00, 0x00, 0x00, 0x00, 0x0b, 0x63, 0x39,
  0x00, 0x02, 0x00, 0x00, 0x00, 0x00, 0x00, 0x00, 0x00, 0x00, 0x00, 0x00, 0x00, 0x00, 0x00, 0x00,
  0x00, 0x00, 0x00, 0x00, 0x00, 0x00, 0x00, 0x00, 0x00, 0x00, 0x00, 0x00, 0x00, 0x00, 0x00, 0x00,
  0x00, 0x00, 0x00, 0x00, 0x00, 0x00, 0x00, 0x00, 0x01, 0x01, 0x0a, 0x0e, 0x06, 0x00, 0x00, 0x00,
  0x00, 0x00, 0x00, 0x00, 0x01, 0x00, 0x1d, 0x07, 0x00, 0x01, 0x00, 0x01, 0x01, 0x00, 0x00, 0x01,
  0x04, 0x1b, 0x22, 0x03, 0x04, 0x0f, 0x01, 0x00, 0x01, 0x00, 0x05, 0x0f, 0x0e, 0x01, 0x01, 0x03,
  0x19, 0x23, 0x25, 0x36, 0x22, 0x62, 0x6e, 0x4a, 0x45, 0x2f, 0x36, 0x3d, 0x7b, 0x97, 0xa2, 0xf1,
  0xfa, 0xf8, 0xf9, 0xfb, 0xfd, 0xfb, 0xfc, 0xfc, 0xfb, 0xfc, 0xfb, 0xfd, 0xfd, 0xfc, 0xfd, 0xfc,
  0xfd, 0xfe, 0xfd, 0xfe, 0xfd, 0xfe, 0xfe, 0xfe, 0xfe, 0xfe, 0xfd, 0xfd, 0xfe, 0xfe, 0xfe, 0xfd,
  0xff, 0xfe, 0xfe, 0xfe, 0xfe, 0xff, 0xfe, 0xfe, 0xfc, 0xfb, 0xfe, 0xfe, 0xfc, 0xfd, 0xfb, 0xfd,
  0xfc, 0xfb, 0xfc, 0xfc, 0xf9, 0xfa, 0xfa, 0xf9, 0xf7, 0xf8, 0xf9, 0xf8, 0xf7, 0xf0, 0xe1, 0xde,
  0xc7, 0xbd, 0x86, 0x6e, 0x8b, 0x5d, 0x69, 0xa0, 0xa6, 0xa7, 0x9d, 0xa6, 0x98, 0xba, 0xe2, 0xe9,
  0xd7, 0xb1, 0xab, 0xc0, 0xd2, 0xd6, 0xf2, 0xe8, 0xb3, 0xbc, 0xc9, 0xb8, 0xd0, 0xcc, 0xc2, 0xe2,
  0xe3, 0xee, 0xe9, 0xed, 0xec, 0x99, 0xa4, 0xa8, 0x8c, 0x62, 0x5c, 0x6a, 0x6e, 0x87, 0x7b, 0x7e,
  0x59, 0x34, 0x44, 0x50, 0x55, 0x4c, 0x27, 0x15, 0x23, 0x36, 0x42, 0x55, 0x56, 0x5e, 0x52, 0x41,
  0x3a, 0x2a, 0x25, 0x1c, 0x04, 0x00, 0x00, 0x00, 0x00, 0x00, 0x00, 0x00, 0x00, 0x00, 0x00, 0x00,
  0x00, 0x01, 0x00, 0x04, 0x0a, 0x00, 0x01, 0x00, 0x00, 0x00, 0x00, 0x00, 0x00, 0x00, 0x00, 0x00,
  0x00, 0x00, 0x00, 0x00, 0x00, 0x00, 0x00, 0x00, 0x00, 0x00, 0x00, 0x00, 0x00, 0x00, 0x00, 0x00,
  0x00, 0x00, 0x16, 0x52, 0x13, 0x00, 0x01, 0x00, 0x00, 0x00, 0x00, 0x00, 0x02, 0x01, 0x01, 0x02,
  0x00, 0x00, 0x00, 0x00, 0x00, 0x00, 0x00, 0x00, 0x00, 0x00, 0x00, 0x02, 0x00, 0x00, 0x00, 0x00,
  0x01, 0x00, 0x00, 0x00, 0x00, 0x03, 0x0c, 0x02, 0x00, 0x00, 0x00, 0x00, 0x00, 0x00, 0x00, 0x02,
  0x03, 0x02, 0x00, 0x00, 0x03, 0x0b, 0x08, 0x35, 0x2b, 0x13, 0x40, 0x25, 0x15, 0x3c, 0x3c, 0x4e,
  0x4f, 0x56, 0xa7, 0xe2, 0xd9, 0xc8, 0xf1, 0xfa, 0xf9, 0xfd, 0xfc, 0xfc, 0xfc, 0xfb, 0xfe, 0xfe,
  0xfc, 0xfd, 0xfb, 0xfe, 0xfd, 0xfd, 0xfd, 0xfd, 0xfe, 0xfd, 0xfd, 0xfd, 0xfc, 0xfd, 0xfe, 0xfd,
  0xfd, 0xfc, 0xfe, 0xfd, 0xfd, 0xfe, 0xfe, 0xfe, 0xfe, 0xfe, 0xfd, 0xfe, 0xfd, 0xfe, 0xfd, 0xfd,
  0xfd, 0xfc, 0xfe, 0xfc, 0xfc, 0xfc, 0xfc, 0xfd, 0xfb, 0xfc, 0xfc, 0xfa, 0xfa, 0xf9, 0xfb, 0xf9,
  0xf7, 0xfe, 0xfa, 0xf5, 0xf2, 0xe9, 0xd3, 0x9e, 0x88, 0x82, 0x7a, 0x9e, 0xaa, 0xbf, 0xb7, 0xba,
  0xcd, 0xd5, 0xdb, 0xe6, 0xed, 0xd7, 0xda, 0xef, 0xf1, 0xef, 0xf2, 0xf0, 0xeb, 0xd5, 0xc4, 0xdd,
  0xc4, 0xc0, 0xbc, 0xd1, 0xc8, 0xb1, 0x9a, 0xa9, 0xbe, 0xda, 0xd4, 0xdf, 0xc2, 0x92, 0x8f, 0xc2,
  0xb6, 0x6c, 0x63, 0x5e, 0x5a, 0x62, 0x84, 0x9c, 0x72, 0x3a, 0x1d, 0x26, 0x59, 0x86, 0xa4, 0x97,
  0x78, 0x58, 0x4c, 0x38, 0x1b, 0x10, 0x10, 0x0b, 0x05, 0x08, 0x04, 0x01, 0x01, 0x02, 0x00, 0x00,
  0x00, 0x00, 0x00, 0x00, 0x00, 0x00, 0x00, 0x00, 0x00, 0x00, 0x00, 0x00, 0x00, 0x00, 0x00, 0x00,
  0x00, 0x00, 0x00, 0x00, 0x00, 0x00, 0x00, 0x00, 0x00, 0x00, 0x00, 0x00, 0x00, 0x00, 0x00, 0x00,
  0x00, 0x00, 0x00, 0x00, 0x00, 0x00, 0x01, 0x47, 0xa0, 0x2b, 0x00, 0x02, 0x01, 0x00, 0x00, 0x00,
  0x01, 0x00, 0x00, 0x00, 0x00, 0x00, 0x00, 0x00, 0x00, 0x00, 0x00, 0x00, 0x00, 0x00, 0x00, 0x00,
  0x00, 0x00, 0x00, 0x01, 0x01, 0x00, 0x00, 0x00, 0x00, 0x00, 0x00, 0x00, 0x00, 0x00, 0x01, 0x01,
  0x01, 0x01, 0x00, 0x00, 0x01, 0x01, 0x00, 0x01, 0x00, 0x04, 0x04, 0x03, 0x1c, 0x17, 0x06, 0x11,
  0x0e, 0x11, 0x1c, 0x33, 0x95, 0xa8, 0x4e, 0xb8, 0xe8, 0xa9, 0xa4, 0xed, 0xfc, 0xf7, 0xfb, 0xfc,
  0xfd, 0xfd, 0xfd, 0xfd, 0xfe, 0xfe, 0xfd, 0xfd, 0xfd, 0xfd, 0xff, 0xfe, 0xfe, 0xfe, 0xfc, 0xfd,
  0xfd, 0xfd, 0xfd, 0xfe, 0xfe, 0xfe, 0xff, 0xfe, 0xfe, 0xff, 0xfd, 0xff, 0xfe, 0xfd, 0xfe, 0xfd,
  0xfc, 0xfd, 0xfe, 0xfe, 0xfe, 0xfd, 0xfe, 0xfd, 0xfd, 0xfd, 0xfd, 0xfd, 0xfd, 0xfd, 0xfd, 0xfd,
  0xfd, 0xf5, 0xf1, 0xf8, 0xf6, 0xf9, 0xf5, 0xf5, 0xf8, 0xf7, 0xff, 0xc1, 0x86, 0xac, 0xbd, 0xbe,
  0xa5, 0xba, 0xc1, 0xd2, 0xc7, 0xca, 0xf6, 0xec, 0xf3, 0xe9, 0xe0, 0xff, 0xfb, 0xfb, 0xfb, 0xfc,
  0xf3, 0xf8, 0xf9, 0xf0, 0xd9, 0xe9, 0xe6, 0xde, 0xe7, 0xc7, 0x81, 0x9a, 0xd0, 0xe6, 0xed, 0xea,
  0xe5, 0xde, 0xda, 0xd1, 0xa4, 0x77, 0x7a, 0x8d, 0xa7, 0xb0, 0xae, 0x79, 0x40, 0x28, 0x4e, 0x85,
  0xcc, 0xc7, 0x8a, 0x6a, 0x55, 0x42, 0x41, 0x4d, 0x26, 0x17, 0x11, 0x09, 0x08, 0x0b, 0x05, 0x03,
  0x01, 0x01, 0x00, 0x00, 0x00, 0x00, 0x00, 0x00, 0x00, 0x00, 0x00, 0x00, 0x00, 0x01, 0x01, 0x00,
  0x00, 0x00, 0x00, 0x00, 0x00, 0x00, 0x00, 0x00, 0x00, 0x00, 0x00, 0x00, 0x00, 0x00, 0x00, 0x00,
  0x00, 0x00, 0x00, 0x00, 0x00, 0x00, 0x00, 0x00, 0x00, 0x00, 0x00, 0x01, 0x08, 0x0d, 0x07, 0x01,
  0x00, 0x00, 0x00, 0x01, 0x00, 0x00, 0x00, 0x00, 0x00, 0x00, 0x00, 0x00, 0x00, 0x00, 0x00, 0x00,
  0x00, 0x00, 0x00, 0x00, 0x00, 0x00, 0x00, 0x00, 0x00, 0x00, 0x00, 0x01, 0x01, 0x00, 0x00, 0x00,
  0x00, 0x00, 0x00, 0x00, 0x01, 0x01, 0x00, 0x00, 0x00, 0x01, 0x05, 0x05, 0x00, 0x02, 0x06, 0x07,
  0x0c, 0x08, 0x06, 0x0a, 0x0a, 0x0a, 0x11, 0x15, 0x2f, 0x88, 0xe4, 0xa1, 0x6e, 0xc2, 0xd8, 0xe3,
  0xf4, 0xf5, 0xf6, 0xfa, 0xfd, 0xfc, 0xfe, 0xfc, 0xfd, 0xff, 0xfd, 0xfc, 0xfc, 0xfd, 0xfd, 0xff,
  0xfe, 0xfe, 0xfe, 0xfe, 0xfd, 0xfe, 0xfe, 0xfd, 0xfd, 0xfe, 0xfe, 0xfe, 0xfd, 0xff, 0xff, 0xfd,
  0xfe, 0xfe, 0xff, 0xff, 0xfe, 0xfd, 0xfe, 0xfe, 0xfe, 0xfd, 0xfe, 0xfc, 0xfe, 0xfd, 0xfc, 0xfd,
  0xfd, 0xfb, 0xfc, 0xfd, 0xfc, 0xfc, 0xf4, 0xef, 0xf8, 0xfa, 0xf9, 0xf8, 0xf7, 0xf6, 0xf3, 0xf3,
  0xd6, 0xc4, 0xb0, 0x98, 0xba, 0xcf, 0xd1, 0xd9, 0xe9, 0xee, 0xeb, 0xfb, 0xf2, 0xf2, 0xf5, 0xf2,
  0xf9, 0xfb, 0xfa, 0xfb, 0xfb, 0xf8, 0xf7, 0xf9, 0xf6, 0xc7, 0xea, 0xf6, 0xf0, 0xe1, 0xdd, 0xd9,
  0xe4, 0xf5, 0xf7, 0xf6, 0xf4, 0xe3, 0xe2, 0xdc, 0xbe, 0xa7, 0xa3, 0xcb, 0xd2, 0xc2, 0x81, 0x43,
  0x45, 0x79, 0xba, 0xd5, 0xbe, 0x9c, 0x6f, 0x50, 0x46, 0x2e, 0x2d, 0x23, 0x22, 0x1b, 0x0f, 0x11,
  0x19, 0x0b, 0x09, 0x00, 0x00, 0x00, 0x00, 0x11, 0x01, 0x00, 0x00, 0x00, 0x00, 0x00, 0x00, 0x00,
  0x00, 0x00, 0x00, 0x00, 0x00, 0x00, 0x00, 0x00, 0x00, 0x00, 0x00, 0x00, 0x00, 0x00, 0x00, 0x00,
  0x00, 0x00, 0x00, 0x00, 0x00, 0x00, 0x00, 0x00, 0x00, 0x00, 0x00, 0x00, 0x00, 0x00, 0x00, 0x00,
  0x01, 0x00, 0x00, 0x00, 0x00, 0x00, 0x00, 0x00, 0x00, 0x00, 0x00, 0x00, 0x00, 0x00, 0x00, 0x00,
  0x00, 0x00, 0x00, 0x00, 0x01, 0x01, 0x00, 0x00, 0x00, 0x00, 0x00, 0x00, 0x00, 0x00, 0x00, 0x00,
  0x00, 0x00, 0x00, 0x00, 0x00, 0x00, 0x00, 0x00, 0x00, 0x00, 0x00, 0x00, 0x00, 0x00, 0x00, 0x05,
  0x0a, 0x01, 0x04, 0x06, 0x0b, 0x0f, 0x09, 0x06, 0x0b, 0x12, 0x0a, 0x16, 0x1e, 0x52, 0x8b, 0x9e,
  0xd3, 0x94, 0xcc, 0xf5, 0xef, 0xf4, 0xf5, 0xfa, 0xfa, 0xfc, 0xfe, 0xfd, 0xfc, 0xfe, 0xfd, 0xfe,
  0xfc, 0xfb, 0xfd, 0xfe, 0xfd, 0xfc, 0xfd, 0xff, 0xfe, 0xfe, 0xfd, 0xfc, 0xfe, 0xfe, 0xfd, 0xfd,
  0xfd, 0xff, 0xfd, 0xfe, 0xfe, 0xfc, 0xfe, 0xfe, 0xfe, 0xfd, 0xfd, 0xff, 0xfd, 0xfe, 0xfe, 0xfd,
  0xfd, 0xfd, 0xfc, 0xfd, 0xfc, 0xfd, 0xfb, 0xfb, 0xfd, 0xfb, 0xfb, 0xfb, 0xf6, 0xf8, 0xf8, 0xfa,
  0xfa, 0xf6, 0xf3, 0xe4, 0xd9, 0xe1, 0xe5, 0xde, 0xd1, 0xce, 0xe9, 0xe9, 0xf9, 0xf5, 0xf6, 0xfd,
  0xfa, 0xfc, 0xfa, 0xf6, 0xf8, 0xfd, 0xfb, 0xfa, 0xfc, 0xfc, 0xfa, 0xf8, 0xf9, 0xf8, 0xe4, 0xf4,
  0xf9, 0xf4, 0xf0, 0xf7, 0xfa, 0xf7, 0xf3, 0xf5, 0xf7, 0xf8, 0xf1, 0xeb, 0xe2, 0xe2, 0xe4, 0xd9,
  0xc6, 0xad, 0xb6, 0xa7, 0xc0, 0xf4, 0xf4, 0xdf, 0xa9, 0x7b, 0x85, 0x69, 0x4c, 0x32, 0x11, 0x19,
  0x12, 0x1c, 0x25, 0x24, 0x24, 0x14, 0x04, 0x06, 0x00, 0x00, 0x03, 0x0c, 0x20, 0x01, 0x00, 0x00,
  0x00, 0x00, 0x00, 0x00, 0x00, 0x00, 0x00, 0x00, 0x00, 0x00, 0x00, 0x00, 0x00, 0x00, 0x00, 0x00,
  0x00, 0x00, 0x00, 0x00, 0x00, 0x00, 0x00, 0x00, 0x00, 0x00, 0x00, 0x00, 0x00, 0x00, 0x00, 0x00,
  0x00, 0x00, 0x00, 0x01, 0x01, 0x02, 0x00, 0x01, 0x00, 0x00, 0x01, 0x02, 0x0e, 0x37, 0x06, 0x02,
  0x01, 0x00, 0x00, 0x00, 0x00, 0x01, 0x00, 0x00, 0x00, 0x00, 0x00, 0x00, 0x00, 0x00, 0x00, 0x00,
  0x00, 0x00, 0x00, 0x01, 0x02, 0x00, 0x00, 0x01, 0x00, 0x01, 0x00, 0x00, 0x01, 0x00, 0x00, 0x00,
  0x00, 0x00, 0x00, 0x02, 0x09, 0x02, 0x00, 0x01, 0x03, 0x0f, 0x06, 0x04, 0x05, 0x0c, 0x20, 0x22,
  0x31, 0x24, 0x4a, 0x9c, 0x8f, 0xb6, 0xd2, 0xc0, 0xea, 0xf3, 0xf3, 0xf7, 0xfc, 0xfb, 0xfc, 0xfd,
  0xfe, 0xfe, 0xfd, 0xfd, 0xfe, 0xfd, 0xfd, 0xfd, 0xfd, 0xff, 0xfe, 0xff, 0xff, 0xfd, 0xff, 0xfd,
  0xfe, 0xfe, 0xfd, 0xfe, 0xfe, 0xfe, 0xff, 0xfe, 0xfe, 0xff, 0xfe, 0xff, 0xfd, 0xfe, 0xff, 0xfe,
  0xff, 0xfe, 0xff, 0xfe, 0xfd, 0xfe, 0xfd, 0xfe, 0xfe, 0xfe, 0xfe, 0xfc, 0xfc, 0xfd, 0xfc, 0xfd,
  0xfb, 0xfa, 0xfb, 0xfa, 0xfe, 0xf8, 0xf3, 0xf5, 0xe9, 0xd9, 0xec, 0xfc, 0xf0, 0xf7, 0xee, 0xf3,
  0xf7, 0xfc, 0xfa, 0xfa, 0xfd, 0xfa, 0xf8, 0xfb, 0xfa, 0xf6, 0xfb, 0xfd, 0xfa, 0xf9, 0xfc, 0xfa,
  0xfa, 0xfa, 0xf8, 0xf8, 0xf6, 0xf6, 0xf9, 0xf9, 0xfb, 0xfa, 0xfd, 0xfb, 0xfa, 0xf7, 0xf8, 0xf2,
  0xee, 0xeb, 0xdc, 0xdd, 0xe3, 0xdf, 0xf2, 0xff, 0xff, 0xf7, 0xe6, 0xc5, 0x9b, 0x9a, 0x83, 0x59,
  0x36, 0x29, 0x2b, 0x3a, 0x36, 0x31, 0x1c, 0x17, 0x1e, 0x16, 0x02, 0x04, 0x03, 0x01, 0x02, 0x09,
  0x0f, 0x09, 0x00, 0x00, 0x00, 0x00, 0x00, 0x00, 0x00, 0x00, 0x00, 0x00, 0x00, 0x00, 0x00, 0x00,
  0x00, 0x00, 0x00, 0x00, 0x00, 0x00, 0x00, 0x00, 0x00, 0x00, 0x00, 0x00, 0x00, 0x00, 0x00, 0x00,
  0x00, 0x00, 0x00, 0x00, 0x00, 0x02, 0x00, 0x00, 0x00, 0x00, 0x00, 0x00, 0x00, 0x00, 0x00, 0x01,
  0x00, 0x14, 0x40, 0x03, 0x02, 0x01, 0x00, 0x00, 0x00, 0x00, 0x00, 0x00, 0x01, 0x03, 0x01, 0x01,
  0x00, 0x00, 0x00, 0x00, 0x00, 0x00, 0x00, 0x00, 0x02, 0x02, 0x00, 0x00, 0x00, 0x00, 0x02, 0x01,
  0x01, 0x00, 0x00, 0x02, 0x00, 0x00, 0x02, 0x01, 0x05, 0x08, 0x01, 0x18, 0x0c, 0x12, 0x0c, 0x0b,
  0x25, 0x19, 0x12, 0x1f, 0x2f, 0x34, 0x43, 0x52, 0x6e, 0xc5, 0xc3, 0xd9, 0xd9, 0xec, 0xf8, 0xf8,
  0xf9, 0xf9, 0xfc, 0xfc, 0xfc, 0xfc, 0xfc, 0xfd, 0xfd, 0xfd, 0xfd, 0xfd, 0xfe, 0xfe, 0xfe, 0xfe,
  0xfd, 0xfd, 0xfd, 0xfd, 0xfd, 0xfd, 0xfe, 0xfd, 0xfd, 0xfc, 0xfd, 0xfe, 0xfd, 0xfe, 0xfd, 0xfd,
  0xfe, 0xfd, 0xfe, 0xfd, 0xfd, 0xfe, 0xfe, 0xfd, 0xfe, 0xfd, 0xfd, 0xfc, 0xfc, 0xfc, 0xfc, 0xfd,
  0xfd, 0xfd, 0xfc, 0xfd, 0xfc, 0xfb, 0xfb, 0xfb, 0xfd, 0xfc, 0xfc, 0xf8, 0xf9, 0xfa, 0xf6, 0xe7,
  0xcf, 0xe8, 0xf8, 0xfb, 0xfb, 0xf8, 0xfb, 0xfa, 0xfa, 0xfb, 0xf8, 0xf9, 0xfa, 0xfa, 0xfb, 0xfa,
  0xfc, 0xfb, 0xfa, 0xfb, 0xfb, 0xfa, 0xf9, 0xfb, 0xf0, 0xf4, 0xf8, 0xf7, 0xf7, 0xf8, 0xfa, 0xf9,
  0xf7, 0xf7, 0xf7, 0xfb, 0xf6, 0xf5, 0xf3, 0xed, 0xf6, 0xf9, 0xfb, 0xf1, 0xed, 0xcc, 0xa1, 0x8d,
  0x78, 0x65, 0x62, 0x45, 0x3c, 0x33, 0x41, 0x62, 0x6d, 0x43, 0x22, 0x0d, 0x14, 0x14, 0x14, 0x0d,
  0x04, 0x06, 0x07, 0x02, 0x00, 0x03, 0x04, 0x00, 0x00, 0x00, 0x00, 0x00, 0x00, 0x00, 0x00, 0x00,
  0x00, 0x00, 0x00, 0x00, 0x00, 0x00, 0x00, 0x00, 0x00, 0x00, 0x00, 0x00, 0x00, 0x00, 0x00, 0x00,
  0x00, 0x00, 0x00, 0x00, 0x00, 0x00, 0x00, 0x00, 0x01, 0x00, 0x00, 0x00, 0x00, 0x00, 0x00, 0x00,
  0x00, 0x00, 0x00, 0x00, 0x00, 0x00, 0x00, 0x00, 0x00, 0x00, 0x00, 0x00, 0x00, 0x00, 0x00, 0x00,
  0x00, 0x01, 0x03, 0x01, 0x00, 0x00, 0x00, 0x00, 0x00, 0x00, 0x00, 0x01, 0x01, 0x02, 0x00, 0x00,
  0x00, 0x00, 0x01, 0x02, 0x00, 0x02, 0x02, 0x01, 0x04, 0x01, 0x02, 0x02, 0x02, 0x03, 0x00, 0x06,
  0x3a, 0x0b, 0x0b, 0x0a, 0x16, 0x29, 0x18, 0x1c, 0x29, 0x1f, 0x1b, 0x35, 0x46, 0x73, 0xce, 0xe1,
  0xca, 0xf1, 0xf4, 0xf4, 0xfa, 0xfb, 0xf9, 0xfd, 0xfc, 0xfc, 0xfd, 0xfc, 0xfd, 0xfc, 0xfd, 0xfd,
  0xfe, 0xff, 0xfd, 0xfe, 0xfd, 0xfe, 0xfd, 0xfd, 0xfd, 0xfe, 0xfd, 0xfe, 0xfe, 0xfc, 0xfd, 0xfd,
  0xfe, 0xfd, 0xfd, 0xfc, 0xfe, 0xff, 0xfe, 0xfd, 0xfc, 0xfd, 0xff, 0xfc, 0xfb, 0xfd, 0xfd, 0xfd,
  0xfd, 0xfc, 0xfa, 0xf9, 0xfa, 0xfc, 0xfd, 0xfd, 0xfd, 0xfd, 0xfe, 0xfc, 0xfc, 0xfc, 0xfb, 0xfc,
  0xfd, 0xfd, 0xfa, 0xfe, 0xee, 0xd9, 0xe4, 0xf2, 0xf8, 0xfc, 0xfc, 0xfd, 0xfc, 0xfa, 0xfb, 0xfb,
  0xfb, 0xfc, 0xfb, 0xfc, 0xfc, 0xfb, 0xfc, 0xfd, 0xfc, 0xfb, 0xfb, 0xfb, 0xfa, 0xf6, 0xf9, 0xfa,
  0xfc, 0xfa, 0xfa, 0xfb, 0xf9, 0xf6, 0xf9, 0xf5, 0xf8, 0xf9, 0xf9, 0xf8, 0xfa, 0xf5, 0xef, 0xd8,
  0xc5, 0xbb, 0x9d, 0x6d, 0x6b, 0x72, 0x66, 0x69, 0x5a, 0x6f, 0x7b, 0x73, 0x60, 0x3e, 0x36, 0x3a,
  0x39, 0x2c, 0x1d, 0x20, 0x21, 0x25, 0x17, 0x09, 0x0c, 0x05, 0x02, 0x01, 0x00, 0x00, 0x00, 0x00,
  0x00, 0x00, 0x00, 0x00, 0x00, 0x00, 0x00, 0x00, 0x00, 0x00, 0x00, 0x00, 0x00, 0x00, 0x00, 0x00,
  0x00, 0x00, 0x00, 0x00, 0x00, 0x00, 0x00, 0x00, 0x00, 0x00, 0x00, 0x00, 0x00, 0x00, 0x00, 0x00,
  0x00, 0x00, 0x00, 0x00, 0x00, 0x00, 0x00, 0x00, 0x00, 0x00, 0x00, 0x00, 0x01, 0x00, 0x00, 0x00,
  0x00, 0x00, 0x00, 0x00, 0x00, 0x00, 0x01, 0x02, 0x00, 0x00, 0x00, 0x00, 0x00, 0x00, 0x00, 0x00,
  0x00, 0x01, 0x04, 0x02, 0x00, 0x00, 0x00, 0x00, 0x00, 0x00, 0x00, 0x00, 0x04, 0x09, 0x07, 0x07,
  0x04, 0x04, 0x03, 0x02, 0x0d, 0x18, 0x04, 0x08, 0x15, 0x12, 0x09, 0x19, 0x3b, 0x1d, 0x2e, 0x41,
  0x42, 0x45, 0x78, 0xe2, 0xe9, 0xe1, 0xdb, 0xf2, 0xf8, 0xfa, 0xfb, 0xfb, 0xfb, 0xfd, 0xfd, 0xfd,
  0xfd, 0xfb, 0xfc, 0xfd, 0xfe, 0xfd, 0xfc, 0xfd, 0xfd, 0xfe, 0xff, 0xfd, 0xfd, 0xfc, 0xfd, 0xfe,
  0xfe, 0xfd, 0xfd, 0xfe, 0xff, 0xfd, 0xfd, 0xfd, 0xfd, 0xfe, 0xfd, 0xfd, 0xfd, 0xfd, 0xfd, 0xfd,
  0xfb, 0xfb, 0xfd, 0xfe, 0xfc, 0xfc, 0xfc, 0xfb, 0xfd, 0xfb, 0xfa, 0xfd, 0xfd, 0xfd, 0xfd, 0xfb,
  0xfd, 0xfc, 0xfd, 0xfd, 0xfb, 0xfc, 0xfc, 0xfb, 0xfb, 0xf9, 0xfa, 0xe8, 0xdd, 0xf3, 0xfa, 0xfa,
  0xfc, 0xfc, 0xfc, 0xfb, 0xfb, 0xfb, 0xfd, 0xfd, 0xfb, 0xfb, 0xfc, 0xfb, 0xfd, 0xfa, 0xfa, 0xfb,
  0xfc, 0xfc, 0xf9, 0xfa, 0xfb, 0xfa, 0xfc, 0xfb, 0xfa, 0xfc, 0xf7, 0xf7, 0xfb, 0xfb, 0xfb, 0xf8,
  0xf7, 0xf3, 0xe3, 0xda, 0xb8, 0xa8, 0xb3, 0xbe, 0xb0, 0xa3, 0xa0, 0x9b, 0x96, 0x8b, 0x7f, 0x50,
  0x3b, 0x3d, 0x47, 0x39, 0x36, 0x3b, 0x26, 0x0c, 0x0f, 0x24, 0x29, 0x0b, 0x31, 0x59, 0x04, 0x06,
  0x03, 0x00, 0x00, 0x00, 0x00, 0x00, 0x00, 0x00, 0x00, 0x00, 0x00, 0x00, 0x00, 0x00, 0x00, 0x00,
  0x00, 0x00, 0x00, 0x00, 0x00, 0x00, 0x00, 0x00, 0x00, 0x00, 0x00, 0x00, 0x00, 0x00, 0x00, 0x00,
  0x00, 0x00, 0x00, 0x00, 0x00, 0x00, 0x00, 0x00, 0x00, 0x00, 0x00, 0x00, 0x00, 0x00, 0x00, 0x00,
  0x00, 0x00, 0x00, 0x00, 0x00, 0x00, 0x00, 0x00, 0x00, 0x00, 0x00, 0x04, 0x04, 0x00, 0x00, 0x00,
  0x00, 0x00, 0x00, 0x00, 0x00, 0x01, 0x02, 0x02, 0x03, 0x00, 0x01, 0x00, 0x00, 0x01, 0x01, 0x00,
  0x00, 0x06, 0x4b, 0x2f, 0x04, 0x07, 0x02, 0x03, 0x05, 0x02, 0x03, 0x05, 0x08, 0x1b, 0x12, 0x15,
  0x15, 0x22, 0x44, 0x53, 0x7b, 0x3f, 0x60, 0xc1, 0xd4, 0xe8, 0xcf, 0xc8, 0xf1, 0xfa, 0xfa, 0xfb,
  0xfa, 0xfb, 0xfc, 0xfb, 0xfb, 0xfb, 0xfc, 0xfb, 0xfc, 0xfb, 0xfb, 0xfd, 0xfd, 0xfd, 0xfe, 0xfc,
  0xfd, 0xfc, 0xfd, 0xfc, 0xfb, 0xfd, 0xfc, 0xfc, 0xfe, 0xfc, 0xfd, 0xfe, 0xfc, 0xfe, 0xfc, 0xfd,
  0xfd, 0xfd, 0xfc, 0xfd, 0xfc, 0xfb, 0xfb, 0xfd, 0xfc, 0xfd, 0xfb, 0xfa, 0xfb, 0xfa, 0xfa, 0xfb,
  0xfb, 0xfd, 0xfb, 0xfc, 0xfc, 0xfb, 0xfc, 0xfb, 0xfa, 0xfb, 0xfb, 0xfb, 0xfc, 0xfa, 0xf9, 0xf8,
  0xf8, 0xea, 0xec, 0xf8, 0xfb, 0xfb, 0xfc, 0xfb, 0xfc, 0xfb, 0xfa, 0xfc, 0xfa, 0xfb, 0xfb, 0xfb,
  0xfb, 0xfa, 0xfb, 0xfb, 0xfb, 0xfb, 0xfa, 0xfa, 0xfb, 0xfb, 0xfc, 0xf9, 0xfa, 0xf8, 0xfb, 0xfc,
  0xfb, 0xf9, 0xf7, 0xf7, 0xf5, 0xee, 0xe3, 0xde, 0xe3, 0xd2, 0xd2, 0xd0, 0xbe, 0xc1, 0xb0, 0xa1,
  0x82, 0x59, 0x4c, 0x43, 0x31, 0x1d, 0x34, 0x52, 0x26, 0x14, 0x1c, 0x0b, 0x0c, 0x09, 0x0c, 0x0a,
  0x02, 0x16, 0x28, 0x01, 0x00, 0x00, 0x00, 0x00, 0x00, 0x00, 0x00, 0x00, 0x00, 0x00, 0x00, 0x00,
  0x00, 0x00, 0x00, 0x00, 0x00, 0x00, 0x00, 0x00, 0x00, 0x00, 0x00, 0x00, 0x00, 0x00, 0x00, 0x00,
  0x00, 0x00, 0x00, 0x00, 0x00, 0x00, 0x00, 0x00, 0x00, 0x00, 0x00, 0x00, 0x00, 0x00, 0x00, 0x00,
  0x00, 0x00, 0x00, 0x00, 0x00, 0x00, 0x00, 0x00, 0x00, 0x00, 0x00, 0x00, 0x00, 0x00, 0x00, 0x00,
  0x02, 0x02, 0x00, 0x00, 0x00, 0x00, 0x00, 0x00, 0x00, 0x00, 0x01, 0x02, 0x02, 0x00, 0x00, 0x00,
  0x01, 0x01, 0x00, 0x00, 0x03, 0x03, 0x14, 0x65, 0x57, 0x07, 0x00, 0x00, 0x02, 0x06, 0x00, 0x05,
  0x04, 0x07, 0x17, 0x1d, 0x21, 0x21, 0x44, 0x7d, 0x31, 0x85, 0x96, 0x90, 0xae, 0xa3, 0xb9, 0xd2,
  0xdc, 0xf7, 0xf9, 0xf9, 0xfa, 0xfa, 0xfc, 0xfb, 0xfc, 0xfd, 0xfd, 0xfc, 0xfc, 0xfc, 0xfc, 0xfc,
  0xfe, 0xfd, 0xfd, 0xfe, 0xfe, 0xfd, 0xfc, 0xfd, 0xfd, 0xfd, 0xfe, 0xfd, 0xfc, 0xfd, 0xfd, 0xfd,
  0xfd, 0xfd, 0xfe, 0xfd, 0xfe, 0xfd, 0xfd, 0xfe, 0xfe, 0xfd, 0xfc, 0xfc, 0xfc, 0xfb, 0xfc, 0xfb,
  0xfa, 0xfb, 0xfb, 0xfb, 0xfb, 0xfa, 0xfc, 0xfc, 0xfc, 0xfd, 0xfc, 0xfc, 0xfc, 0xfb, 0xfc, 0xfb,
  0xfc, 0xfd, 0xfc, 0xfa, 0xfb, 0xf7, 0xf3, 0xf8, 0xfb, 0xfa, 0xfa, 0xfb, 0xfb, 0xfb, 0xfb, 0xfb,
  0xfc, 0xfc, 0xfb, 0xfb, 0xfb, 0xfc, 0xfb, 0xfb, 0xfb, 0xfa, 0xfa, 0xfb, 0xfa, 0xfb, 0xfb, 0xfb,
  0xfc, 0xfc, 0xf9, 0xfa, 0xfb, 0xfb, 0xfb, 0xf6, 0xf4, 0xf4, 0xed, 0xe4, 0xeb, 0xe3, 0xce, 0xba,
  0x9a, 0x9f, 0x86, 0x6e, 0x66, 0x6a, 0x76, 0x62, 0x51, 0x3d, 0x2d, 0x31, 0x31, 0x30, 0x1f, 0x0a,
  0x09, 0x0b, 0x05, 0x05, 0x04, 0x05, 0x00, 0x00, 0x02, 0x01, 0x01, 0x00, 0x00, 0x00, 0x00, 0x00,
  0x00, 0x00, 0x00, 0x00, 0x00, 0x00, 0x00, 0x00, 0x00, 0x00, 0x00, 0x00, 0x00, 0x00, 0x00, 0x00,
  0x00, 0x00, 0x00, 0x00, 0x00, 0x00, 0x00, 0x00, 0x00, 0x00, 0x00, 0x00, 0x00, 0x00, 0x00, 0x00,
  0x00, 0x00, 0x00, 0x00, 0x00, 0x00, 0x01, 0x00, 0x00, 0x00, 0x00, 0x00, 0x01, 0x00, 0x00, 0x00,
  0x00, 0x00, 0x00, 0x01, 0x00, 0x00, 0x00, 0x00, 0x00, 0x00, 0x01, 0x01, 0x00, 0x04, 0x01, 0x00,
  0x01, 0x03, 0x07, 0x03, 0x03, 0x00, 0x00, 0x02, 0x01, 0x02, 0x02, 0x05, 0x1b, 0x26, 0x02, 0x02,
  0x04, 0x03, 0x03, 0x01, 0x08, 0x05, 0x04, 0x0e, 0x11, 0x1b, 0x20, 0x84, 0x60, 0x58, 0xbb, 0xa9,
  0x9f, 0x9d, 0x7e, 0xa0, 0xdd, 0xed, 0xf2, 0xf8, 0xf8, 0xf9, 0xfb, 0xfc, 0xfb, 0xfb, 0xfc, 0xfc,
  0xfd, 0xfd, 0xfb, 0xfe, 0xfc, 0xfd, 0xfd, 0xfb, 0xfd, 0xfd, 0xfd, 0xfd, 0xfb, 0xfc, 0xfd, 0xfd,
  0xfc, 0xfc, 0xfc, 0xfc, 0xfd, 0xfc, 0xfc, 0xfd, 0xfc, 0xfd, 0xfd, 0xfc, 0xfd, 0xfd, 0xfc, 0xfd,
  0xfc, 0xfc, 0xfd, 0xfb, 0xfc, 0xfa, 0xfa, 0xfb, 0xfa, 0xfb, 0xfb, 0xfb, 0xfc, 0xfb, 0xfc, 0xfb,
  0xfa, 0xfc, 0xfc, 0xfb, 0xfa, 0xf9, 0xfa, 0xfa, 0xfa, 0xf6, 0xf8, 0xf9, 0xf8, 0xfa, 0xfa, 0xfa,
  0xfb, 0xfa, 0xfb, 0xfa, 0xfb, 0xfc, 0xfb, 0xfb, 0xfc, 0xfa, 0xfb, 0xfc, 0xfa, 0xfb, 0xf9, 0xfa,
  0xfb, 0xfa, 0xfb, 0xfa, 0xfa, 0xfb, 0xf8, 0xfb, 0xf9, 0xf5, 0xf8, 0xf8, 0xf8, 0xf7, 0xf6, 0xf1,
  0xe7, 0xde, 0xc9, 0xce, 0xbc, 0xbc, 0xbd, 0x94, 0xa0, 0xb4, 0x9b, 0x56, 0x42, 0x3f, 0x21, 0x1c,
  0x1b, 0x10, 0x0b, 0x10, 0x0c, 0x08, 0x04, 0x03, 0x01, 0x00, 0x02, 0x01, 0x00, 0x01, 0x00, 0x00,
  0x00, 0x00, 0x00, 0x00, 0x00, 0x00, 0x00, 0x00, 0x00, 0x00, 0x00, 0x00, 0x00, 0x00, 0x00, 0x00,
  0x00, 0x00, 0x00, 0x00, 0x01, 0x00, 0x00, 0x00, 0x00, 0x00, 0x00, 0x00, 0x00, 0x00, 0x00, 0x00,
  0x00, 0x00, 0x00, 0x00, 0x00, 0x00, 0x00, 0x00, 0x01, 0x01, 0x01, 0x01, 0x01, 0x03, 0x00, 0x00,
  0x00, 0x00, 0x01, 0x00, 0x00, 0x00, 0x00, 0x01, 0x00, 0x00, 0x00, 0x01, 0x01, 0x01, 0x01, 0x03,
  0x00, 0x00, 0x03, 0x01, 0x02, 0x00, 0x1e, 0x18, 0x06, 0x06, 0x04, 0x02, 0x07, 0x02, 0x02, 0x01,
  0x00, 0x00, 0x00, 0x02, 0x05, 0x02, 0x05, 0x06, 0x07, 0x00, 0x02, 0x09, 0x0e, 0x11, 0x20, 0x29,
  0x7a, 0x3f, 0x63, 0xaf, 0xb0, 0xbe, 0xb0, 0x75, 0x84, 0xb3, 0xea, 0xf5, 0xfa, 0xfa, 0xf7, 0xfa,
  0xfd, 0xfc, 0xfd, 0xfb, 0xfb, 0xfe, 0xfd, 0xfb, 0xfb, 0xfb, 0xfe, 0xfd, 0xfc, 0xfb, 0xfb, 0xfe,
  0xfe, 0xfc, 0xfc, 0xfb, 0xfd, 0xfd, 0xfc, 0xfc, 0xfb, 0xfd, 0xfd, 0xfe, 0xfc, 0xfb, 0xfd, 0xfd,
  0xfc, 0xfd, 0xfc, 0xfd, 0xff, 0xfd, 0xfd, 0xfb, 0xfc, 0xfe, 0xfc, 0xfb, 0xfa, 0xfa, 0xfc, 0xfc,
  0xfc, 0xfa, 0xfa, 0xfd, 0xfc, 0xfb, 0xfb, 0xfa, 0xfc, 0xfb, 0xfb, 0xf9, 0xfa, 0xf8, 0xf8, 0xfc,
  0xfb, 0xf9, 0xfc, 0xfb, 0xfd, 0xfb, 0xf9, 0xfc, 0xfc, 0xfc, 0xfc, 0xf9, 0xfd, 0xfd, 0xfa, 0xfb,
  0xfa, 0xfc, 0xfb, 0xfa, 0xfb, 0xf9, 0xfa, 0xfd, 0xfb, 0xfb, 0xf7, 0xf7, 0xfa, 0xf8, 0xf7, 0xf9,
  0xf7, 0xfb, 0xf8, 0xf2, 0xf1, 0xdf, 0xdc, 0xd7, 0xdd, 0xd2, 0xbb, 0x9d, 0x90, 0x99, 0x76, 0x5f,
  0x4d, 0x41, 0x24, 0x25, 0x12, 0x22, 0x37, 0x3f, 0x36, 0x0d, 0x0b, 0x03, 0x02, 0x03, 0x00, 0x01,
  0x00, 0x01, 0x02, 0x00, 0x00, 0x00, 0x00, 0x00, 0x00, 0x00, 0x00, 0x00, 0x00, 0x00, 0x00, 0x00,
  0x00, 0x00, 0x00, 0x00, 0x00, 0x00, 0x00, 0x00, 0x01, 0x02, 0x00, 0x00, 0x00, 0x00, 0x00, 0x00,
  0x00, 0x00, 0x00, 0x00, 0x00, 0x00, 0x00, 0x00, 0x01, 0x01, 0x00, 0x00, 0x00, 0x00, 0x00, 0x00,
  0x00, 0x01, 0x02, 0x00, 0x00, 0x00, 0x00, 0x01, 0x01, 0x00, 0x00, 0x00, 0x01, 0x00, 0x02, 0x01,
  0x01, 0x02, 0x02, 0x02, 0x00, 0x01, 0x00, 0x52, 0x14, 0x00, 0x00, 0x46, 0x37, 0x00, 0x04, 0x00,
  0x05, 0x0a, 0x06, 0x01, 0x02, 0x03, 0x07, 0x04, 0x02, 0x02, 0x03, 0x08, 0x0d, 0x03, 0x63, 0x39,
  0x06, 0x14, 0x1b, 0x18, 0x37, 0x74, 0x3d, 0x81, 0x92, 0xb7, 0xc4, 0x89, 0x9c, 0x93, 0xc5, 0xf8,
  0xf5, 0xf9, 0xf8, 0xf9, 0xfb, 0xfc, 0xfd, 0xfc, 0xfc, 0xfd, 0xfe, 0xfe, 0xfc, 0xfb, 0xfe, 0xfe,
  0xfe, 0xfe, 0xfd, 0xfe, 0xfd, 0xfe, 0xfd, 0xfc, 0xff, 0xfd, 0xfd, 0xfe, 0xfc, 0xfd, 0xfe, 0xfe,
  0xfd, 0xfc, 0xfe, 0xfd, 0xfe, 0xfe, 0xfc, 0xfe, 0xfe, 0xfd, 0xfd, 0xfc, 0xfd, 0xfd, 0xfe, 0xfd,
  0xfb, 0xfc, 0xfd, 0xfd, 0xfd, 0xfb, 0xfc, 0xfb, 0xfd, 0xfc, 0xfb, 0xfb, 0xfb, 0xfc, 0xfc, 0xfb,
  0xfb, 0xfb, 0xf8, 0xf9, 0xfb, 0xfa, 0xfb, 0xfc, 0xfd, 0xfc, 0xfa, 0xfd, 0xfc, 0xfc, 0xfc, 0xfc,
  0xfc, 0xfc, 0xfd, 0xfd, 0xfb, 0xfb, 0xfc, 0xfc, 0xfc, 0xfb, 0xfc, 0xfb, 0xfc, 0xfc, 0xfb, 0xfa,
  0xfa, 0xfb, 0xf8, 0xf8, 0xf8, 0xf8, 0xfb, 0xf8, 0xef, 0xdd, 0xe1, 0xe3, 0xca, 0xb8, 0xa8, 0x88,
  0x87, 0x76, 0x52, 0x5d, 0x5a, 0x43, 0x24, 0x2d, 0x42, 0x30, 0x49, 0x52, 0x47, 0x35, 0x12, 0x0d,
  0x04, 0x02, 0x00, 0x00, 0x01, 0x00, 0x00, 0x00, 0x00, 0x00, 0x00, 0x00, 0x00, 0x00, 0x00, 0x00,
  0x00, 0x00, 0x00, 0x00, 0x00, 0x00, 0x00, 0x00, 0x00, 0x00, 0x00, 0x00, 0x00, 0x01, 0x01, 0x00,
  0x00, 0x00, 0x00, 0x00, 0x00, 0x00, 0x00, 0x00, 0x00, 0x00, 0x00, 0x00, 0x00, 0x00, 0x00, 0x00,
  0x01, 0x00, 0x00, 0x00, 0x00, 0x00, 0x00, 0x00, 0x00, 0x00, 0x00, 0x00, 0x00, 0x00, 0x00, 0x01,
  0x01, 0x03, 0x01, 0x07, 0x04, 0x00, 0x00, 0x02, 0x00, 0x0c, 0x08, 0x00, 0x3d, 0x15, 0x03, 0x03,
  0x0b, 0x0b, 0x02, 0x01, 0x00, 0x05, 0x06, 0x05, 0x06, 0x02, 0x01, 0x04, 0x02, 0x04, 0x04, 0x03,
  0x07, 0x11, 0x02, 0x66, 0x40, 0x08, 0x32, 0x1b, 0x27, 0x3a, 0x31, 0x3f, 0x5a, 0x6b, 0x88, 0x92,
  0x71, 0x97, 0xae, 0xbe, 0xf3, 0xf6, 0xf8, 0xf8, 0xf8, 0xfa, 0xfd, 0xfd, 0xfd, 0xfc, 0xfb, 0xfe,
  0xfe, 0xfd, 0xfd, 0xfc, 0xfe, 0xfe, 0xfd, 0xfe, 0xfe, 0xff, 0xff, 0xff, 0xff, 0xfc, 0xfe, 0xfe,
  0xfe, 0xfd, 0xfc, 0xfe, 0xff, 0xff, 0xfe, 0xfd, 0xfe, 0xfe, 0xfe, 0xff, 0xfe, 0xfe, 0xfe, 0xfe,
  0xfe, 0xfd, 0xfd, 0xfe, 0xfc, 0xfe, 0xfb, 0xfb, 0xfc, 0xfe, 0xfd, 0xfc, 0xfb, 0xfc, 0xfc, 0xfd,
  0xfb, 0xfb, 0xfd, 0xfd, 0xfd, 0xfc, 0xfc, 0xfa, 0xfa, 0xfb, 0xfc, 0xfa, 0xfb, 0xfd, 0xfc, 0xfc,
  0xfb, 0xfc, 0xfd, 0xfd, 0xfc, 0xfb, 0xfc, 0xfe, 0xfe, 0xfd, 0xfc, 0xfb, 0xfc, 0xfd, 0xfd, 0xfb,
  0xfa, 0xfb, 0xfc, 0xfa, 0xf8, 0xfa, 0xfa, 0xf9, 0xf6, 0xf7, 0xfb, 0xfb, 0xf9, 0xf0, 0xe6, 0xe0,
  0xdc, 0xa2, 0x9a, 0xc9, 0xb9, 0x82, 0x6a, 0x71, 0x6b, 0x46, 0x50, 0x64, 0x59, 0x4f, 0x26, 0x1d,
  0x11, 0x0f, 0x10, 0x05, 0x04, 0x03, 0x02, 0x01, 0x00, 0x00, 0x00, 0x01, 0x00, 0x00, 0x00, 0x00,
  0x00, 0x00, 0x00, 0x00, 0x00, 0x00, 0x00, 0x00, 0x00, 0x00, 0x00, 0x00, 0x00, 0x00, 0x00, 0x00,
  0x00, 0x00, 0x00, 0x00, 0x00, 0x00, 0x00, 0x00, 0x00, 0x00, 0x00, 0x00, 0x00, 0x00, 0x00, 0x00,
  0x00, 0x00, 0x00, 0x00, 0x00, 0x01, 0x00, 0x00, 0x00, 0x00, 0x01, 0x00, 0x00, 0x00, 0x00, 0x01,
  0x00, 0x01, 0x00, 0x00, 0x01, 0x01, 0x02, 0x03, 0x03, 0x02, 0x00, 0x00, 0x04, 0x0c, 0x5c, 0x0e,
  0x01, 0x03, 0x05, 0x03, 0x02, 0x01, 0x01, 0x04, 0x0b, 0x0c, 0x16, 0x32, 0x04, 0x03, 0x03, 0x00,
  0x02, 0x03, 0x04, 0x0a, 0x0c, 0x0a, 0x1b, 0x09, 0x03, 0x17, 0x34, 0x47, 0x25, 0x3e, 0x45, 0x48,
  0x49, 0x4e, 0x83, 0x94, 0xa0, 0xa9, 0x7b, 0xc8, 0xea, 0xf1, 0xf7, 0xfb, 0xfb, 0xfb, 0xfa, 0xfa,
  0xfe, 0xfd, 0xfe, 0xfb, 0xfc, 0xfd, 0xfe, 0xfe, 0xfd, 0xfc, 0xfd, 0xfe, 0xfe, 0xfd, 0xfd, 0xfe,
  0xff, 0xfe, 0xfd, 0xfd, 0xfe, 0xff, 0xfe, 0xfe, 0xfd, 0xfe, 0xff, 0xff, 0xfd, 0xfe, 0xfc, 0xff,
  0xff, 0xfe, 0xfd, 0xfd, 0xfe, 0xfe, 0xfd, 0xfc, 0xfb, 0xfc, 0xfd, 0xfb, 0xfb, 0xfa, 0xfd, 0xfe,
  0xfb, 0xfb, 0xfc, 0xfb, 0xfc, 0xfc, 0xfd, 0xfb, 0xfd, 0xfd, 0xfc, 0xfb, 0xfb, 0xfb, 0xfd, 0xfb,
  0xfc, 0xfb, 0xfb, 0xfc, 0xfd, 0xfb, 0xfb, 0xfd, 0xfe, 0xfd, 0xfb, 0xfb, 0xfd, 0xfe, 0xfd, 0xfb,
  0xfb, 0xfc, 0xfd, 0xfd, 0xfb, 0xf9, 0xfb, 0xfc, 0xfa, 0xf8, 0xf9, 0xf9, 0xfb, 0xf6, 0xf5, 0xf6,
  0xf4, 0xf5, 0xf0, 0xed, 0xe2, 0xe0, 0xd2, 0xbf, 0x9f, 0x7a, 0x57, 0x4b, 0x47, 0x34, 0x26, 0x2d,
  0x33, 0x20, 0x18, 0x0b, 0x0e, 0x16, 0x0b, 0x02, 0x04, 0x02, 0x01, 0x00, 0x02, 0x00, 0x00, 0x00,
  0x00, 0x01, 0x00, 0x00, 0x00, 0x00, 0x00, 0x00, 0x00, 0x00, 0x00, 0x00, 0x00, 0x00, 0x00, 0x00,
  0x00, 0x00, 0x00, 0x00, 0x00, 0x00, 0x00, 0x01, 0x01, 0x00, 0x00, 0x00, 0x01, 0x01, 0x00, 0x00,
  0x00, 0x00, 0x00, 0x00, 0x00, 0x00, 0x00, 0x00, 0x00, 0x00, 0x00, 0x01, 0x01, 0x01, 0x00, 0x00,
  0x01, 0x02, 0x00, 0x00, 0x01, 0x00, 0x01, 0x01, 0x00, 0x00, 0x00, 0x03, 0x02, 0x00, 0x00, 0x0a,
  0x07, 0x08, 0x0f, 0x23, 0x02, 0x00, 0x07, 0x01, 0x01, 0x03, 0x03, 0x05, 0x04, 0x26, 0x23, 0x10,
  0x23, 0x02, 0x01, 0x02, 0x05, 0x05, 0x03, 0x02, 0x12, 0x21, 0x1d, 0x18, 0x0c, 0x0c, 0x13, 0x33,
  0x22, 0x20, 0x38, 0x19, 0x1e, 0x42, 0x7f, 0x89, 0x9b, 0x9c, 0xda, 0xc2, 0xd0, 0xff, 0xfb, 0xfc,
  0xfa, 0xfb, 0xfd, 0xfc, 0xfd, 0xfd, 0xfd, 0xfe, 0xfe, 0xfe, 0xfd, 0xfd, 0xfe, 0xfe, 0xff, 0xfe,
  0xfe, 0xff, 0xff, 0xfe, 0xff, 0xfe, 0xff, 0xfe, 0xff, 0xfe, 0xfe, 0xfe, 0xfe, 0xff, 0xfe, 0xfe,
  0xff, 0xff, 0xfe, 0xfe, 0xfe, 0xff, 0xff, 0xfe, 0xfd, 0xfd, 0xfe, 0xff, 0xfd, 0xfd, 0xfc, 0xfc,
  0xfd, 0xfd, 0xfe, 0xfd, 0xfd, 0xfd, 0xfc, 0xfd, 0xfc, 0xfd, 0xfe, 0xfe, 0xfe, 0xfe, 0xfc, 0xfe,
  0xfd, 0xfc, 0xfb, 0xfc, 0xfd, 0xfc, 0xfd, 0xfc, 0xfd, 0xfd, 0xfd, 0xfd, 0xfd, 0xfb, 0xfe, 0xfe,
  0xfd, 0xfe, 0xfc, 0xfe, 0xfe, 0xfc, 0xfc, 0xfb, 0xfd, 0xfd, 0xfc, 0xfd, 0xfc, 0xfc, 0xfc, 0xfc,
  0xfd, 0xfc, 0xf7, 0xfa, 0xf6, 0xf3, 0xf8, 0xf3, 0xf6, 0xeb, 0xd1, 0xa5, 0x93, 0x82, 0x75, 0x60,
  0x3d, 0x2b, 0x3d, 0x29, 0x1c, 0x15, 0x18, 0x17, 0x0f, 0x12, 0x19, 0x06, 0x02, 0x02, 0x02, 0x01,
  0x00, 0x00, 0x01, 0x01, 0x00, 0x00, 0x00, 0x01, 0x00, 0x00, 0x00, 0x00, 0x00, 0x00, 0x00, 0x00,
  0x00, 0x00, 0x00, 0x00, 0x00, 0x00, 0x00, 0x00, 0x00, 0x00, 0x00, 0x00, 0x00, 0x00, 0x00, 0x00,
  0x00, 0x00, 0x00, 0x00, 0x00, 0x00, 0x00, 0x00, 0x00, 0x00, 0x00, 0x00, 0x00, 0x00, 0x01, 0x01,
  0x00, 0x02, 0x00, 0x00, 0x00, 0x00, 0x00, 0x01, 0x02, 0x00, 0x00, 0x00, 0x00, 0x00, 0x00, 0x00,
  0x00, 0x00, 0x00, 0x00, 0x07, 0x04, 0x00, 0x00, 0x00, 0x01, 0x00, 0x01, 0x02, 0x07, 0x03, 0x00,
  0x03, 0x00, 0x01, 0x00, 0x00, 0x00, 0x0c, 0x18, 0x03, 0x00, 0x02, 0x03, 0x07, 0x04, 0x0a, 0x1b,
  0x2f, 0x2a, 0x10, 0x0e, 0x4d, 0x16, 0x1c, 0x15, 0x1c, 0x25, 0x43, 0x72, 0xcd, 0xc8, 0xac, 0xd4,
  0xf3, 0xf4, 0xf6, 0xfe, 0xfd, 0xfc, 0xfd, 0xfc, 0xfb, 0xfe, 0xfd, 0xfd, 0xfc, 0xfd, 0xff, 0xfe,
  0xfd, 0xfd, 0xfe, 0xff, 0xfe, 0xfe, 0xfd, 0xfd, 0xfe, 0xfd, 0xfe, 0xfe, 0xfc, 0xfe, 0xff, 0xff,
  0xfe, 0xfd, 0xfd, 0xfe, 0xfd, 0xfe, 0xfd, 0xfe, 0xff, 0xfe, 0xfe, 0xfe, 0xfe, 0xfe, 0xfe, 0xfe,
  0xfc, 0xfc, 0xfd, 0xfc, 0xfe, 0xfb, 0xfb, 0xff, 0xfd, 0xfe, 0xfc, 0xfb, 0xfe, 0xfe, 0xfe, 0xfd,
  0xfc, 0xfe, 0xfe, 0xfd, 0xfd, 0xfc, 0xfc, 0xfa, 0xfb, 0xfb, 0xfa, 0xfd, 0xfe, 0xff, 0xfd, 0xfb,
  0xfe, 0xfe, 0xfc, 0xfd, 0xfb, 0xfd, 0xfe, 0xff, 0xfe, 0xfc, 0xfc, 0xfd, 0xfd, 0xfc, 0xfa, 0xfb,
  0xfb, 0xf9, 0xfb, 0xfb, 0xfa, 0xfe, 0xfa, 0xfa, 0xfa, 0xfa, 0xfb, 0xec, 0xdf, 0xb6, 0xb4, 0x9b,
  0x7c, 0x86, 0x54, 0x4a, 0x41, 0x36, 0x3d, 0x43, 0x45, 0x3b, 0x32, 0x29, 0x0b, 0x05, 0x0b, 0x08,
  0x03, 0x02, 0x00, 0x00, 0x00, 0x00, 0x00, 0x00, 0x00, 0x00, 0x00, 0x00, 0x00, 0x00, 0x00, 0x00,
  0x00, 0x00, 0x00, 0x00, 0x00, 0x00, 0x00, 0x00, 0x00, 0x00, 0x00, 0x00, 0x00, 0x00, 0x00, 0x00,
  0x00, 0x00, 0x00, 0x00, 0x00, 0x00, 0x00, 0x00, 0x00, 0x00, 0x00, 0x00, 0x00, 0x00, 0x00, 0x00,
  0x00, 0x00, 0x01, 0x00, 0x08, 0x12, 0x12, 0x24, 0x01, 0x01, 0x00, 0x05, 0x0b, 0x00, 0x02, 0x00,
  0x00, 0x00, 0x00, 0x00, 0x00, 0x00, 0x00, 0x00, 0x00, 0x00, 0x00, 0x00, 0x00, 0x00, 0x00, 0x00,
  0x02, 0x03, 0x06, 0x19, 0x11, 0x00, 0x00, 0x01, 0x06, 0x01, 0x03, 0x02, 0x2b, 0x0f, 0x08, 0x06,
  0x05, 0x07, 0x0a, 0x19, 0x19, 0x32, 0x58, 0x16, 0x04, 0x30, 0x65, 0x64, 0x25, 0x2d, 0x27, 0x37,
  0x6d, 0xa7, 0xa9, 0xac, 0xdb, 0xeb, 0xd9, 0xed, 0xf2, 0xf9, 0xfc, 0xfd, 0xfc, 0xfc, 0xfd, 0xfd,
  0xfd, 0xfd, 0xfd, 0xfd, 0xff, 0xfe, 0xfc, 0xfe, 0xfe, 0xfd, 0xfe, 0xfd, 0xff, 0xfe, 0xfd, 0xfe,
  0xfd, 0xfe, 0xfe, 0xfe, 0xfe, 0xfe, 0xfe, 0xfd, 0xfe, 0xff, 0xff, 0xfe, 0xfe, 0xfe, 0xfe, 0xfe,
  0xfe, 0xff, 0xfe, 0xff, 0xfe, 0xfe, 0xfe, 0xfd, 0xfe, 0xfd, 0xfc, 0xfb, 0xfc, 0xfe, 0xfd, 0xfe,
  0xfc, 0xfd, 0xfe, 0xfe, 0xfd, 0xfd, 0xfd, 0xfe, 0xfd, 0xfc, 0xfc, 0xfc, 0xfc, 0xfb, 0xfd, 0xfc,
  0xfc, 0xfe, 0xfe, 0xfe, 0xfc, 0xfc, 0xfe, 0xfe, 0xfc, 0xfc, 0xfc, 0xff, 0xff, 0xfd, 0xfc, 0xfd,
  0xfc, 0xfc, 0xfc, 0xfc, 0xfb, 0xf9, 0xfc, 0xfb, 0xfc, 0xfa, 0xfc, 0xfc, 0xfa, 0xf5, 0xf2, 0xe1,
  0x98, 0x6e, 0x82, 0x8a, 0x5e, 0x47, 0x36, 0x33, 0x3b, 0x55, 0x69, 0x4e, 0x5f, 0x50, 0x30, 0x1b,
  0x10, 0x09, 0x02, 0x06, 0x00, 0x00, 0x01, 0x00, 0x00, 0x00, 0x00, 0x00, 0x00, 0x00, 0x00, 0x00,
  0x00, 0x00, 0x00, 0x00, 0x00, 0x00, 0x00, 0x00, 0x00, 0x00, 0x00, 0x00, 0x00, 0x00, 0x00, 0x00,
  0x00, 0x00, 0x00, 0x00, 0x00, 0x00, 0x00, 0x00, 0x00, 0x00, 0x00, 0x00, 0x00, 0x00, 0x00, 0x00,
  0x00, 0x00, 0x00, 0x00, 0x00, 0x00, 0x00, 0x01, 0x00, 0x19, 0x5e, 0x35, 0x36, 0x00, 0x02, 0x00,
  0x11, 0x4c, 0x0b, 0x0a, 0x10, 0x0a, 0x01, 0x00, 0x00, 0x08, 0x0c, 0x01, 0x00, 0x01, 0x00, 0x00,
  0x00, 0x00, 0x00, 0x00, 0x01, 0x05, 0x0b, 0x00, 0x5b, 0x48, 0x00, 0x03, 0x01, 0x03, 0x03, 0x02,
  0x00, 0x0d, 0x15, 0x04, 0x10, 0x1d, 0x2f, 0x2f, 0x2f, 0x48, 0x19, 0x26, 0x21, 0x12, 0x35, 0x4c,
  0x39, 0x2b, 0x3b, 0x30, 0x2a, 0x56, 0x9c, 0x6a, 0x9c, 0xbb, 0xb3, 0xcd, 0xd3, 0xde, 0xf7, 0xfa,
  0xfd, 0xfd, 0xfd, 0xfd, 0xfd, 0xfe, 0xfe, 0xfc, 0xfd, 0xff, 0xfe, 0xfe, 0xfe, 0xfe, 0xfd, 0xff,
  0xfe, 0xfe, 0xfe, 0xfe, 0xfe, 0xfe, 0xfe, 0xfe, 0xfd, 0xfd, 0xfe, 0xff, 0xff, 0xff, 0xff, 0xfe,
  0xfe, 0xff, 0xfe, 0xfd, 0xff, 0xff, 0xff, 0xfd, 0xfe, 0xfe, 0xff, 0xfd, 0xfe, 0xfc, 0xfd, 0xfd,
  0xfd, 0xfe, 0xfe, 0xfe, 0xfe, 0xfe, 0xfe, 0xfe, 0xfe, 0xfe, 0xfe, 0xfd, 0xfd, 0xfd, 0xfe, 0xfd,
  0xfd, 0xfd, 0xfd, 0xfd, 0xfd, 0xfd, 0xfd, 0xfe, 0xfd, 0xfd, 0xfc, 0xfd, 0xfd, 0xfc, 0xfd, 0xfd,
  0xfc, 0xfd, 0xfd, 0xfc, 0xfc, 0xfc, 0xfb, 0xfb, 0xfb, 0xf9, 0xfc, 0xfd, 0xfc, 0xfd, 0xfb, 0xfc,
  0xf9, 0xf7, 0xf1, 0xe0, 0xdb, 0xb6, 0x92, 0x97, 0x79, 0x5b, 0x44, 0x52, 0x5d, 0x51, 0x53, 0x4e,
  0x24, 0x30, 0x19, 0x14, 0x0e, 0x07, 0x06, 0x04, 0x02, 0x00, 0x00, 0x00, 0x00, 0x00, 0x00, 0x00,
  0x00, 0x00, 0x00, 0x00, 0x00, 0x00, 0x00, 0x00, 0x00, 0x00, 0x00, 0x00, 0x00, 0x00, 0x00, 0x00,
  0x00, 0x00, 0x00, 0x00, 0x00, 0x00, 0x00, 0x00, 0x00, 0x00, 0x00, 0x00, 0x00, 0x00, 0x00, 0x00,
  0x00, 0x00, 0x00, 0x00, 0x00, 0x00, 0x00, 0x00, 0x00, 0x00, 0x00, 0x00, 0x00, 0x00, 0x03, 0x1d,
  0x19, 0x00, 0x00, 0x00, 0x00, 0x03, 0x31, 0x1a, 0x05, 0x6f, 0x44, 0x00, 0x02, 0x00, 0x04, 0x0a,
  0x01, 0x00, 0x01, 0x01, 0x00, 0x00, 0x00, 0x00, 0x00, 0x00, 0x03, 0x06, 0x02, 0x21, 0x1f, 0x03,
  0x03, 0x01, 0x01, 0x00, 0x02, 0x00, 0x07, 0x20, 0x2b, 0x2a, 0x6a, 0x53, 0x3d, 0x3c, 0x56, 0x4c,
  0x31, 0x1b, 0x16, 0x2f, 0x5e, 0x39, 0x2b, 0x21, 0x58, 0x48, 0x2c, 0x5a, 0x64, 0x7f, 0x7d, 0xb5,
  0xf4, 0xe9, 0xec, 0xf9, 0xfe, 0xfd, 0xfd, 0xfd, 0xfe, 0xff, 0xfe, 0xfe, 0xfd, 0xfe, 0xff, 0xff,
  0xff, 0xff, 0xff, 0xff, 0xfe, 0xfe, 0xff, 0xfe, 0xfe, 0xfe, 0xfe, 0xfe, 0xff, 0xfe, 0xfe, 0xff,
  0xff, 0xfe, 0xfe, 0xff, 0xff, 0xff, 0xff, 0xfe, 0xff, 0xff, 0xff, 0xff, 0xff, 0xff, 0xff, 0xfd,
  0xfe, 0xfe, 0xfe, 0xfe, 0xfc, 0xfd, 0xfe, 0xff, 0xfd, 0xfc, 0xfe, 0xfe, 0xfe, 0xfe, 0xfe, 0xfe,
  0xfe, 0xff, 0xfe, 0xfd, 0xfe, 0xfd, 0xfd, 0xfd, 0xfc, 0xfd, 0xfd, 0xfe, 0xfe, 0xfd, 0xfe, 0xfe,
  0xff, 0xfe, 0xfc, 0xfd, 0xfe, 0xff, 0xfe, 0xfc, 0xfc, 0xfd, 0xfe, 0xfc, 0xfa, 0xf8, 0xfc, 0xfc,
  0xfc, 0xfb, 0xfc, 0xfb, 0xfc, 0xfb, 0xf3, 0xe7, 0xe1, 0xd6, 0xb7, 0x89, 0x92, 0x8d, 0x7b, 0x74,
  0x69, 0x54, 0x2a, 0x17, 0x1b, 0x1b, 0x0a, 0x0a, 0x08, 0x04, 0x03, 0x01, 0x02, 0x00, 0x00, 0x00,
  0x00, 0x00, 0x00, 0x00, 0x00, 0x00, 0x00, 0x00, 0x00, 0x00, 0x00, 0x00, 0x00, 0x00, 0x00, 0x00,
  0x00, 0x00, 0x00, 0x00, 0x00, 0x00, 0x00, 0x00, 0x00, 0x00, 0x01, 0x02, 0x01, 0x01, 0x00, 0x00,
  0x01, 0x01, 0x00, 0x00, 0x00, 0x01, 0x01, 0x00, 0x00, 0x00, 0x00, 0x00, 0x00, 0x00, 0x00, 0x02,
  0x02, 0x00, 0x00, 0x00, 0x00, 0x00, 0x00, 0x00, 0x00, 0x02, 0x04, 0x11, 0x10, 0x57, 0xa4, 0x30,
  0x00, 0x00, 0x01, 0x01, 0x01, 0x03, 0x01, 0x00, 0x01, 0x00, 0x02, 0x01, 0x00, 0x01, 0x01, 0x09,
  0x05, 0x00, 0x20, 0x12, 0x05, 0x03, 0x01, 0x04, 0x04, 0x07, 0x04, 0x03, 0x04, 0x34, 0x32, 0x76,
  0x61, 0x67, 0x76, 0x58, 0x61, 0x39, 0x1e, 0x1d, 0x14, 0x60, 0x38, 0x43, 0x6b, 0x53, 0x33, 0x20,
  0x2d, 0x2a, 0x36, 0x49, 0x6d, 0xaa, 0xb7, 0xce, 0xfa, 0xfb, 0xfb, 0xfd, 0xfc, 0xfd, 0xfd, 0xfd,
  0xfe, 0xfd, 0xfd, 0xff, 0xff, 0xfe, 0xfd, 0xfe, 0xfd, 0xfe, 0xfe, 0xff, 0xfd, 0xfe, 0xfe, 0xfe,
  0xfe, 0xfe, 0xfe, 0xfe, 0xff, 0xff, 0xff, 0xfe, 0xfe, 0xfe, 0xff, 0xff, 0xff, 0xfe, 0xfe, 0xfe,
  0xfe, 0xfe, 0xfe, 0xfe, 0xfe, 0xfe, 0xfd, 0xfd, 0xfd, 0xfd, 0xfd, 0xfd, 0xfd, 0xfc, 0xfd, 0xfd,
  0xfe, 0xfe, 0xfe, 0xfe, 0xfd, 0xfe, 0xfe, 0xfd, 0xfd, 0xfe, 0xfc, 0xfd, 0xfd, 0xfd, 0xfd, 0xfc,
  0xfe, 0xfd, 0xfe, 0xfd, 0xfd, 0xfc, 0xfb, 0xfc, 0xfd, 0xfc, 0xfd, 0xfc, 0xfa, 0xf5, 0xf7, 0xf9,
  0xfb, 0xfa, 0xfd, 0xfc, 0xfd, 0xf9, 0xf7, 0xfa, 0xf7, 0xf6, 0xec, 0xdd, 0xda, 0xd6, 0xd2, 0xa9,
  0x8c, 0x9a, 0x8c, 0x7d, 0x8a, 0x61, 0x3c, 0x18, 0x15, 0x0b, 0x0a, 0x08, 0x07, 0x06, 0x01, 0x03,
  0x00, 0x01, 0x01, 0x00, 0x00, 0x00, 0x00, 0x00, 0x00, 0x00, 0x00, 0x00, 0x00, 0x00, 0x00, 0x00,
  0x00, 0x00, 0x00, 0x00, 0x00, 0x00, 0x00, 0x00, 0x00, 0x00, 0x00, 0x00, 0x00, 0x00, 0x00, 0x01,
  0x0e, 0x09, 0x09, 0x03, 0x00, 0x02, 0x00, 0x00, 0x00, 0x00, 0x01, 0x02, 0x00, 0x00, 0x00, 0x00,
  0x00, 0x00, 0x02, 0x01, 0x01, 0x02, 0x00, 0x00, 0x00, 0x01, 0x01, 0x00, 0x01, 0x03, 0x03, 0x03,
  0x00, 0x14, 0x9c, 0x7e, 0x09, 0x00, 0x11, 0x5c, 0x23, 0x04, 0x01, 0x03, 0x02, 0x00, 0x03, 0x05,
  0x05, 0x01, 0x03, 0x04, 0x0c, 0x06, 0x0b, 0x9e, 0x3b, 0x00, 0x06, 0x04, 0x04, 0x05, 0x09, 0x0a,
  0x0c, 0x21, 0x61, 0x75, 0x6e, 0x8d, 0x76, 0x6c, 0x45, 0x21, 0x2c, 0x13, 0x1b, 0x0d, 0x00, 0x3e,
  0x6f, 0xb6, 0x5b, 0x08, 0x16, 0x2b, 0x31, 0x46, 0x36, 0x27, 0x23, 0x51, 0xaf, 0xf2, 0xfb, 0xfa,
  0xfc, 0xfb, 0xfd, 0xfc, 0xfb, 0xfc, 0xfc, 0xfc, 0xfc, 0xfc, 0xfd, 0xfd, 0xfd, 0xfc, 0xfc, 0xfb,
  0xfc, 0xfe, 0xfd, 0xfc, 0xfc, 0xfc, 0xfd, 0xfd, 0xfd, 0xfc, 0xfd, 0xfe, 0xfd, 0xfe, 0xfd, 0xfd,
  0xfe, 0xfd, 0xfc, 0xfc, 0xfb, 0xfd, 0xfc, 0xfd, 0xfc, 0xfb, 0xfb, 0xfb, 0xfc, 0xfc, 0xfc, 0xfb,
  0xfc, 0xfb, 0xfb, 0xfa, 0xfa, 0xfb, 0xfc, 0xfb, 0xfb, 0xfb, 0xfc, 0xfb, 0xfb, 0xfc, 0xfc, 0xfc,
  0xfd, 0xfc, 0xfb, 0xfb, 0xfd, 0xfb, 0xfb, 0xfb, 0xfb, 0xfc, 0xfc, 0xfb, 0xfb, 0xfa, 0xfb, 0xf6,
  0xf2, 0xf9, 0xf4, 0xf7, 0xfa, 0xfc, 0xfb, 0xf3, 0xf0, 0xf6, 0xf4, 0xf3, 0xf4, 0xe9, 0xed, 0xc9,
  0xb2, 0xb9, 0xc2, 0x9f, 0x76, 0x7c, 0x66, 0x60, 0x4b, 0x2a, 0x21, 0x20, 0x1b, 0x22, 0x0c, 0x09,
  0x09, 0x02, 0x03, 0x03, 0x02, 0x00, 0x00, 0x02, 0x00, 0x01, 0x00, 0x00, 0x00, 0x00, 0x00, 0x00,
  0x00, 0x00, 0x00, 0x00, 0x00, 0x00, 0x00, 0x00, 0x00, 0x00, 0x00, 0x00, 0x00, 0x00, 0x00, 0x00,
  0x00, 0x00, 0x00, 0x05, 0x2d, 0x26, 0x33, 0x2b, 0x0a, 0x02, 0x00, 0x0a, 0x03, 0x00, 0x00, 0x00,
  0x00, 0x00, 0x00, 0x00, 0x00, 0x00, 0x02, 0x01, 0x01, 0x02, 0x03, 0x00, 0x00, 0x00, 0x00, 0x00,
  0x00, 0x00, 0x00, 0x00, 0x00, 0x01, 0x00, 0x1a, 0x12, 0x00, 0x04, 0x0a, 0x36, 0x2c, 0x07, 0x01,
  0x02, 0x03, 0x04, 0x0a, 0x07, 0x06, 0x00, 0x01, 0x03, 0x03, 0x00, 0x08, 0x16, 0x05, 0x05, 0x02,
  0x04, 0x0f, 0x07, 0x0d, 0x08, 0x04, 0x3f, 0x97, 0xba, 0xb8, 0x98, 0x5c, 0x4f, 0x47, 0x6e, 0x6b,
  0x1c, 0x13, 0x1c, 0x71, 0x2d, 0x20, 0x44, 0x46, 0x21, 0x0f, 0x23, 0x3a, 0x7a, 0x36, 0x64, 0x9f,
  0xba, 0xde, 0xf5, 0xfb, 0xfb, 0xfb, 0xfb, 0xfc, 0xfd, 0xfd, 0xfd, 0xfc, 0xfc, 0xfd, 0xfd, 0xfc,
  0xfd, 0xfd, 0xff, 0xfe, 0xfd, 0xfe, 0xfd, 0xfc, 0xfd, 0xfd, 0xfd, 0xfe, 0xfd, 0xff, 0xfe, 0xfd,
  0xfd, 0xfd, 0xfd, 0xfd, 0xfe, 0xfd, 0xfe, 0xfe, 0xfd, 0xfe, 0xfd, 0xfd, 0xfe, 0xfd, 0xfc, 0xfb,
  0xfc, 0xfe, 0xfc, 0xfb, 0xfc, 0xfb, 0xfc, 0xfc, 0xfb, 0xfa, 0xfb, 0xfc, 0xfc, 0xfc, 0xfb, 0xfc,
  0xfe, 0xfe, 0xfd, 0xfb, 0xfc, 0xfd, 0xfd, 0xfc, 0xfb, 0xfc, 0xfc, 0xfd, 0xfc, 0xfc, 0xf9, 0xfa,
  0xfc, 0xfc, 0xf9, 0xf5, 0xe9, 0xf6, 0xfb, 0xfb, 0xf8, 0xf2, 0xe5, 0xe8, 0xe2, 0xdc, 0xf2, 0xe5,
  0xef, 0xf9, 0xeb, 0xe1, 0xba, 0xab, 0xa6, 0xae, 0x82, 0x66, 0x75, 0x4e, 0x3d, 0x1f, 0x10, 0x17,
  0x24, 0x1d, 0x36, 0x26, 0x12, 0x09, 0x01, 0x07, 0x05, 0x02, 0x02, 0x00, 0x01, 0x00, 0x00, 0x00,
  0x00, 0x00, 0x00, 0x00, 0x00, 0x00, 0x00, 0x00, 0x00, 0x00, 0x00, 0x00, 0x00, 0x00, 0x03, 0x02,
  0x00, 0x01, 0x01, 0x00, 0x00, 0x00, 0x00, 0x00, 0x1a, 0x4f, 0x35, 0x58, 0x52, 0x27, 0x30, 0x28,
  0x26, 0x0a, 0x00, 0x00, 0x00, 0x00, 0x00, 0x00, 0x00, 0x00, 0x00, 0x01, 0x00, 0x00, 0x00, 0x03,
  0x01, 0x00, 0x00, 0x00, 0x00, 0x00, 0x00, 0x00, 0x00, 0x00, 0x01, 0x03, 0x11, 0x0c, 0x01, 0x02,
  0x0a, 0x00, 0x08, 0x0b, 0x05, 0x06, 0x00, 0x01, 0x05, 0x0a, 0x00, 0x05, 0x07, 0x02, 0x00, 0x03,
  0x03, 0x00, 0x01, 0x05, 0x04, 0x0a, 0x23, 0x06, 0x10, 0x0d, 0x08, 0x19, 0x38, 0x6a, 0x8b, 0x59,
  0x69, 0x79, 0x73, 0x6c, 0x48, 0x60, 0x32, 0x48, 0xa1, 0x12, 0x18, 0x21, 0x2b, 0x29, 0x1c, 0x35,
  0x35, 0x49, 0x3f, 0xa9, 0xaf, 0x6d, 0x86, 0xed, 0xfb, 0xf9, 0xfb, 0xfb, 0xfc, 0xfc, 0xfb, 0xfd,
  0xfb, 0xfd, 0xfd, 0xfc, 0xfd, 0xfe, 0xfd, 0xfd, 0xfd, 0xfd, 0xfc, 0xfd, 0xfd, 0xfd, 0xfd, 0xfd,
  0xfd, 0xfd, 0xfe, 0xfd, 0xfe, 0xfe, 0xfe, 0xfd, 0xfd, 0xfe, 0xfd, 0xfe, 0xfd, 0xfd, 0xfd, 0xfd,
  0xfc, 0xfc, 0xfc, 0xfc, 0xfc, 0xfc, 0xfb, 0xfb, 0xfc, 0xfb, 0xfb, 0xfb, 0xfb, 0xfb, 0xf9, 0xfc,
  0xfb, 0xfc, 0xfc, 0xfc, 0xfd, 0xfc, 0xfb, 0xfd, 0xfc, 0xfb, 0xfd, 0xfc, 0xfc, 0xfd, 0xfc, 0xfc,
  0xfc, 0xfc, 0xfb, 0xfb, 0xf5, 0xf8, 0xf9, 0xfa, 0xf4, 0xf7, 0xf5, 0xf6, 0xf8, 0xfc, 0xd6, 0xb8,
  0xcf, 0xcc, 0xca, 0xed, 0xf0, 0xf6, 0xfb, 0xd9, 0xd9, 0xc7, 0x97, 0x76, 0x6d, 0x89, 0x6e, 0x3b,
  0x33, 0x34, 0x1e, 0x15, 0x16, 0x29, 0x14, 0x17, 0x20, 0x21, 0x11, 0x05, 0x03, 0x04, 0x01, 0x02,
  0x01, 0x02, 0x06, 0x01, 0x00, 0x00, 0x00, 0x00, 0x00, 0x00, 0x00, 0x00, 0x00, 0x00, 0x00, 0x00,
  0x00, 0x00, 0x00, 0x03, 0x05, 0x00, 0x01, 0x07, 0x00, 0x00, 0x00, 0x00, 0x08, 0x37, 0x50, 0x4b,
  0x65, 0x7b, 0x77, 0x86, 0x45, 0x19, 0x0a, 0x00, 0x00, 0x00, 0x00, 0x00, 0x00, 0x00, 0x00, 0x02,
  0x00, 0x49, 0x62, 0x00, 0x04, 0x00, 0x00, 0x00, 0x00, 0x00, 0x00, 0x00, 0x00, 0x01, 0x00, 0x01,
  0x05, 0x14, 0x19, 0x04, 0x06, 0x0a, 0x07, 0x1a, 0x0c, 0x01, 0x05, 0x04, 0x03, 0x00, 0x13, 0x46,
  0x40, 0x0d, 0x0f, 0x47, 0x33, 0x04, 0x02, 0x00, 0x00, 0x07, 0x06, 0x17, 0x44, 0x3f, 0x3a, 0x25,
  0x12, 0x3b, 0x71, 0x2a, 0x60, 0x6d, 0x78, 0x88, 0x3e, 0x46, 0x7b, 0x69, 0x3c, 0x20, 0x0d, 0x1a,
  0x0f, 0x1e, 0x64, 0x60, 0x43, 0x36, 0x34, 0x62, 0x38, 0x36, 0x42, 0x74, 0xef, 0xfc, 0xfa, 0xfb,
  0xfb, 0xfb, 0xfc, 0xfc, 0xfd, 0xfb, 0xfc, 0xfd, 0xfd, 0xff, 0xff, 0xfc, 0xfd, 0xfd, 0xfd, 0xfc,
  0xfc, 0xfd, 0xfd, 0xfd, 0xfd, 0xfc, 0xfe, 0xfd, 0xfe, 0xfe, 0xfd, 0xfd, 0xfe, 0xff, 0xfe, 0xfd,
  0xfc, 0xff, 0xfd, 0xfc, 0xfd, 0xfc, 0xfd, 0xfc, 0xfc, 0xfb, 0xfc, 0xfc, 0xfd, 0xfd, 0xfc, 0xfb,
  0xfb, 0xfc, 0xfb, 0xfa, 0xfa, 0xfc, 0xfd, 0xfc, 0xfb, 0xfa, 0xfc, 0xfd, 0xfd, 0xfd, 0xfc, 0xfd,
  0xfc, 0xfd, 0xfd, 0xfa, 0xfd, 0xfc, 0xfb, 0xfc, 0xfb, 0xf4, 0xf4, 0xf7, 0xf7, 0xfa, 0xf8, 0xec,
  0xee, 0xe3, 0xd6, 0xc5, 0xbe, 0xcd, 0xac, 0xa8, 0xe4, 0xee, 0xf3, 0xfa, 0xd2, 0xc2, 0xa0, 0x53,
  0x45, 0x4d, 0x4f, 0x3e, 0x24, 0x21, 0x28, 0x1b, 0x1d, 0x13, 0x10, 0x00, 0x18, 0x2a, 0x0b, 0x02,
  0x02, 0x00, 0x01, 0x00, 0x01, 0x00, 0x01, 0x04, 0x00, 0x01, 0x02, 0x00, 0x00, 0x00, 0x00, 0x03,
  0x00, 0x00, 0x00, 0x00, 0x00, 0x00, 0x01, 0x00, 0x01, 0x00, 0x00, 0x00, 0x00, 0x00, 0x00, 0x00,
  0x04, 0x08, 0x35, 0x62, 0x7c, 0x66, 0x88, 0x69, 0x69, 0x17, 0x01, 0x02, 0x02, 0x00, 0x00, 0x00,
  0x00, 0x00, 0x00, 0x00, 0x03, 0x00, 0x48, 0xa0, 0x28, 0x01, 0x01, 0x00, 0x00, 0x00, 0x01, 0x00,
  0x00, 0x00, 0x00, 0x00, 0x01, 0x06, 0x05, 0x04, 0x02, 0x04, 0x08, 0x05, 0x06, 0x0c, 0x08, 0x04,
  0x09, 0x0b, 0x07, 0x12, 0x46, 0x2e, 0x05, 0x09, 0x3d, 0x2f, 0x0b, 0x03, 0x05, 0x05, 0x05, 0x06,
  0x2f, 0x56, 0x25, 0x0d, 0x0c, 0x08, 0x69, 0x82, 0x19, 0x4f, 0x81, 0x51, 0x57, 0x38, 0x25, 0x48,
  0x51, 0x1b, 0x14, 0x08, 0x02, 0x03, 0x17, 0x6a, 0x70, 0x7a, 0x3f, 0x53, 0x6f, 0x5a, 0x99, 0xa1,
  0xc6, 0xff, 0xf8, 0xfc, 0xfc, 0xfb, 0xfb, 0xfc, 0xfc, 0xfd, 0xfc, 0xfe, 0xfe, 0xfd, 0xfe, 0xfd,
  0xfd, 0xfc, 0xfc, 0xfe, 0xfe, 0xfd, 0xfd, 0xfc, 0xfe, 0xfe, 0xfe, 0xfd, 0xfc, 0xfe, 0xfd, 0xfd,
  0xfe, 0xfd, 0xfe, 0xfe, 0xfe, 0xfe, 0xfe, 0xfe, 0xfe, 0xfe, 0xfd, 0xfd, 0xfc, 0xfd, 0xfc, 0xfb,
  0xfb, 0xfb, 0xfd, 0xfb, 0xfb, 0xfb, 0xfc, 0xfc, 0xfa, 0xfc, 0xfb, 0xfc, 0xfc, 0xfb, 0xfb, 0xfc,
  0xfc, 0xfd, 0xfd, 0xfc, 0xfd, 0xfc, 0xfd, 0xfc, 0xfb, 0xfb, 0xfb, 0xfb, 0xfb, 0xf9, 0xf3, 0xf4,
  0xf8, 0xf6, 0xf7, 0xf2, 0xee, 0xe8, 0xbc, 0x68, 0x8a, 0xb7, 0xd2, 0xc2, 0xc7, 0xf3, 0xef, 0xf6,
  0xfd, 0xe7, 0xc6, 0xba, 0x92, 0x5d, 0x46, 0x2d, 0x22, 0x21, 0x10, 0x21, 0x23, 0x1d, 0x0f, 0x0c,
  0x05, 0x0c, 0x0b, 0x00, 0x01, 0x01, 0x01, 0x00, 0x00, 0x00, 0x00, 0x00, 0x00, 0x00, 0x01, 0x01,
  0x00, 0x00, 0x00, 0x00, 0x15, 0x10, 0x00, 0x00, 0x00, 0x00, 0x00, 0x00, 0x00, 0x00, 0x00, 0x01,
  0x00, 0x00, 0x00, 0x00, 0x01, 0x02, 0x03, 0x0e, 0x39, 0x86, 0x66, 0x52, 0x37, 0x1e, 0x11, 0x08,
  0x01, 0x06, 0x00, 0x00, 0x00, 0x00, 0x01, 0x00, 0x00, 0x01, 0x03, 0x00, 0xb1, 0x66, 0x00, 0x03,
  0x02, 0x01, 0x00, 0x01, 0x00, 0x02, 0x06, 0x28, 0x21, 0x03, 0x02, 0x02, 0x01, 0x03, 0x09, 0x14,
  0x0d, 0x18, 0x08, 0x05, 0x01, 0x06, 0x04, 0x06, 0x00, 0x00, 0x02, 0x03, 0x00, 0x00, 0x02, 0x0a,
  0x02, 0x04, 0x06, 0x01, 0x37, 0x6c, 0x4f, 0x1f, 0x4b, 0x20, 0x04, 0x0a, 0x30, 0x23, 0x28, 0x59,
  0x34, 0x15, 0x16, 0x07, 0x19, 0x1c, 0x0f, 0x0c, 0x0b, 0x08, 0x0d, 0x17, 0x2e, 0x23, 0x52, 0x6c,
  0xc3, 0xde, 0xed, 0xf1, 0xf7, 0xf9, 0xfd, 0xfb, 0xfd, 0xfa, 0xfa, 0xfd, 0xfc, 0xfc, 0xfb, 0xfc,
  0xfe, 0xfd, 0xfe, 0xfd, 0xfb, 0xff, 0xfd, 0xfe, 0xfd, 0xfb, 0xfe, 0xfd, 0xfe, 0xfd, 0xfb, 0xfe,
  0xfd, 0xfd, 0xfd, 0xfc, 0xfd, 0xfd, 0xfd, 0xfc, 0xfc, 0xfd, 0xfe, 0xfd, 0xfd, 0xfc, 0xfc, 0xfe,
  0xfe, 0xfd, 0xfb, 0xfc, 0xfd, 0xfc, 0xfd, 0xfb, 0xfb, 0xfc, 0xfb, 0xfd, 0xfb, 0xfa, 0xfd, 0xfd,
  0xfd, 0xfb, 0xfb, 0xfd, 0xfb, 0xfd, 0xfc, 0xfb, 0xfd, 0xfd, 0xfe, 0xfc, 0xfa, 0xfd, 0xfd, 0xfc,
  0xfc, 0xf8, 0xf9, 0xf6, 0xf6, 0xfa, 0xf5, 0xf7, 0xe7, 0xee, 0xee, 0xbb, 0x72, 0x94, 0xe1, 0xea,
  0xe5, 0xcd, 0x81, 0x67, 0x93, 0xe9, 0xd4, 0xd9, 0xc5, 0xa6, 0x69, 0x3f, 0x20, 0x1b, 0x17, 0x20,
  0x55, 0x4f, 0x28, 0x10, 0x0e, 0x09, 0x03, 0x00, 0x02, 0x00, 0x00, 0x03, 0x01, 0x01, 0x00, 0x00,
  0x00, 0x00, 0x00, 0x00, 0x00, 0x00, 0x00, 0x00, 0x07, 0x6f, 0x40, 0x00, 0x02, 0x01, 0x00, 0x01,
  0x00, 0x01, 0x05, 0x04, 0x00, 0x01, 0x00, 0x00, 0x00, 0x00, 0x00, 0x00, 0x04, 0x11, 0x55, 0x58,
  0x24, 0x16, 0x0c, 0x08, 0x05, 0x00, 0x00, 0x00, 0x00, 0x00, 0x00, 0x00, 0x00, 0x00, 0x02, 0x06,
  0x1e, 0x9b, 0x35, 0x00, 0x02, 0x01, 0x00, 0x00, 0x00, 0x01, 0x01, 0x0b, 0x52, 0x54, 0x0e, 0x02,
  0x02, 0x07, 0x13, 0x14, 0x38, 0x92, 0x62, 0x12, 0x0c, 0x15, 0x1c, 0x15, 0x0f, 0x04, 0x02, 0x01,
  0x00, 0x02, 0x07, 0x09, 0x0e, 0x18, 0x12, 0x1d, 0x13, 0x16, 0x52, 0x30, 0x25, 0x71, 0x44, 0x07,
  0x0a, 0x0e, 0x12, 0x15, 0x11, 0x0c, 0x0d, 0x10, 0x0e, 0x10, 0x13, 0x22, 0x09, 0x1b, 0x1c, 0x07,
  0x0b, 0x24, 0x6c, 0x9e, 0xdf, 0xed, 0xf6, 0xf5, 0xf5, 0xf6, 0xfa, 0xfa, 0xfd, 0xfc, 0xfb, 0xfb,
  0xfd, 0xfc, 0xfc, 0xfc, 0xfc, 0xfd, 0xfd, 0xfe, 0xfd, 0xfe, 0xfe, 0xfe, 0xfd, 0xfc, 0xfd, 0xfd,
  0xfd, 0xfd, 0xfd, 0xfe, 0xfd, 0xfd, 0xfd, 0xfe, 0xfe, 0xfe, 0xfc, 0xfe, 0xfd, 0xfe, 0xfd, 0xfd,
  0xfd, 0xfe, 0xfc, 0xfd, 0xfd, 0xfe, 0xfc, 0xfd, 0xfd, 0xfd, 0xfe, 0xfc, 0xfd, 0xfc, 0xfc, 0xfd,
  0xfc, 0xfd, 0xfc, 0xfd, 0xfd, 0xfd, 0xfc, 0xfc, 0xfd, 0xfd, 0xfe, 0xfd, 0xfd, 0xfd, 0xfd, 0xfc,
  0xfc, 0xfa, 0xfc, 0xfd, 0xfc, 0xfb, 0xfa, 0xf9, 0xfa, 0xf4, 0xf0, 0xeb, 0xc5, 0xa8, 0xa5, 0x8c,
  0x63, 0x60, 0xc3, 0xb0, 0xab, 0x74, 0x36, 0x2b, 0x20, 0x31, 0x75, 0xaa, 0xca, 0xc0, 0xbc, 0x5a,
  0x3d, 0x28, 0x3a, 0x85, 0xb9, 0x90, 0x85, 0x4d, 0x10, 0x09, 0x03, 0x03, 0x02, 0x02, 0x00, 0x01,
  0x01, 0x00, 0x01, 0x07, 0x01, 0x02, 0x00, 0x00, 0x00, 0x00, 0x00, 0x01, 0x00, 0x0e, 0x7e, 0x47,
  0x00, 0x01, 0x00, 0x00, 0x00, 0x01, 0x00, 0x23, 0x4b, 0x0a, 0x00, 0x00, 0x00, 0x01, 0x03, 0x01,
  0x01, 0x02, 0x04, 0x10, 0x11, 0x0a, 0x01, 0x04, 0x04, 0x02, 0x01, 0x00, 0x00, 0x01, 0x01, 0x00,
  0x00, 0x00, 0x00, 0x03, 0x07, 0x03, 0x0f, 0x00, 0x01, 0x00, 0x00, 0x00, 0x00, 0x01, 0x00, 0x00,
  0x00, 0x00, 0x05, 0x09, 0x09, 0x06, 0x0d, 0x1d, 0x27, 0x19, 0x46, 0x2d, 0x1a, 0x1e, 0x18, 0x16,
  0x12, 0x0e, 0x0d, 0x07, 0x03, 0x07, 0x06, 0x03, 0x0a, 0x14, 0x1f, 0x1d, 0x33, 0x15, 0x0c, 0x04,
  0x1a, 0x44, 0x25, 0x13, 0x17, 0x0c, 0x0f, 0x0a, 0x0f, 0x0f, 0x0e, 0x19, 0x14, 0x0e, 0x0e, 0x1a,
  0x36, 0x3c, 0x2c, 0x43, 0x46, 0x28, 0x70, 0xc1, 0xc0, 0xc6, 0xe4, 0xf7, 0xf8, 0xfa, 0xf8, 0xfc,
  0xfc, 0xfc, 0xfd, 0xfe, 0xfd, 0xfe, 0xfc, 0xfd, 0xfd, 0xfb, 0xfd, 0xfd, 0xfd, 0xfe, 0xfe, 0xff,
  0xfd, 0xfd, 0xff, 0xfd, 0xfe, 0xfe, 0xfd, 0xfe, 0xfe, 0xfe, 0xfe, 0xfe, 0xfe, 0xff, 0xfe, 0xfe,
  0xfe, 0xfe, 0xfe, 0xfe, 0xff, 0xfd, 0xfe, 0xfe, 0xfe, 0xfe, 0xfe, 0xff, 0xff, 0xfe, 0xfe, 0xfd,
  0xfb, 0xfd, 0xfd, 0xfd, 0xfc, 0xfd, 0xfe, 0xfd, 0xfd, 0xfd, 0xfd, 0xfd, 0xfd, 0xfe, 0xfd, 0xfe,
  0xfe, 0xfe, 0xfe, 0xfd, 0xfb, 0xfd, 0xfd, 0xfc, 0xfc, 0xfc, 0xfc, 0xfb, 0xfa, 0xf8, 0xef, 0xe3,
  0xe6, 0x9c, 0x58, 0x53, 0x70, 0x88, 0x59, 0x63, 0x22, 0x3f, 0x25, 0x21, 0x2c, 0x46, 0x54, 0x45,
  0x7c, 0x98, 0x8a, 0x9f, 0xa4, 0x77, 0x75, 0x78, 0x70, 0x79, 0x24, 0x2c, 0x36, 0x0f, 0x06, 0x04,
  0x07, 0x05, 0x01, 0x00, 0x00, 0x00, 0x00, 0x00, 0x02, 0x01, 0x01, 0x00, 0x00, 0x00, 0x00, 0x00,
  0x00, 0x00, 0x00, 0x0d, 0x0f, 0x01, 0x00, 0x00, 0x00, 0x01, 0x02, 0x00, 0x1b, 0x50, 0x10, 0x00,
  0x00, 0x01, 0x19, 0x06, 0x01, 0x01, 0x00, 0x03, 0x03, 0x00, 0x00, 0x00, 0x00, 0x02, 0x09, 0x02,
  0x00, 0x00, 0x03, 0x01, 0x00, 0x00, 0x00, 0x00, 0x00, 0x00, 0x02, 0x01, 0x01, 0x01, 0x00, 0x00,
  0x01, 0x01, 0x04, 0x01, 0x00, 0x00, 0x01, 0x00, 0x07, 0x1f, 0x0c, 0x0e, 0x37, 0x0e, 0x12, 0x2f,
  0x1b, 0x38, 0x25, 0x1a, 0x1a, 0x1e, 0x32, 0x21, 0x19, 0x0c, 0x08, 0x06, 0x05, 0x06, 0x1c, 0x54,
  0x5e, 0x30, 0x15, 0x0a, 0x0c, 0x20, 0x3d, 0x1f, 0x0c, 0x09, 0x0d, 0x06, 0x07, 0x07, 0x06, 0x0a,
  0x12, 0x1c, 0x11, 0x19, 0x1e, 0x3b, 0x44, 0x2c, 0x7c, 0xc1, 0xc9, 0xe2, 0x9b, 0x80, 0xad, 0xc2,
  0xfd, 0xf5, 0xf9, 0xf8, 0xf9, 0xfc, 0xfc, 0xfb, 0xfc, 0xfc, 0xfd, 0xfc, 0xfb, 0xfc, 0xfb, 0xfc,
  0xfc, 0xfc, 0xfd, 0xfd, 0xfd, 0xfd, 0xfb, 0xfd, 0xfd, 0xff, 0xff, 0xfc, 0xfd, 0xfd, 0xfe, 0xfe,
  0xfd, 0xfc, 0xfe, 0xfe, 0xfe, 0xfd, 0xfc, 0xfd, 0xfe, 0xfe, 0xfd, 0xfc, 0xfd, 0xfe, 0xff, 0xfc,
  0xfd, 0xfd, 0xfe, 0xfd, 0xfc, 0xfc, 0xfc, 0xfe, 0xfe, 0xfd, 0xfc, 0xfc, 0xfc, 0xfd, 0xfd, 0xfc,
  0xfb, 0xfd, 0xfe, 0xfd, 0xfb, 0xfc, 0xfd, 0xfd, 0xfd, 0xfa, 0xfc, 0xfc, 0xfd, 0xfb, 0xfb, 0xfb,
  0xfa, 0xfa, 0xf7, 0xf6, 0xef, 0xf0, 0xdc, 0x94, 0x96, 0x88, 0x88, 0x5a, 0x2a, 0x22, 0x23, 0x1e,
  0x2a, 0x23, 0x22, 0x2b, 0x32, 0x25, 0x5e, 0xa2, 0x94, 0x83, 0x8b, 0x91, 0x4b, 0x0c, 0x13, 0x09,
  0x08, 0x09, 0x08, 0x04, 0x02, 0x04, 0x01, 0x00, 0x00, 0x01, 0x00, 0x00, 0x00, 0x00, 0x00, 0x00,
  0x00, 0x00, 0x00, 0x00, 0x00, 0x00, 0x00, 0x00, 0x00, 0x00, 0x00, 0x00, 0x00, 0x00, 0x01, 0x01,
  0x01, 0x08, 0x0c, 0x00, 0x00, 0x00, 0x01, 0x0f, 0x01, 0x02, 0x01, 0x01, 0x00, 0x00, 0x01, 0x00,
  0x00, 0x01, 0x00, 0x08, 0x03, 0x00, 0x0d, 0x0b, 0x00, 0x00, 0x00, 0x00, 0x00, 0x00, 0x01, 0x01,
  0x01, 0x00, 0x00, 0x00, 0x00, 0x01, 0x00, 0x00, 0x02, 0x00, 0x00, 0x06, 0x0f, 0x13, 0x14, 0x42,
  0x27, 0x09, 0x07, 0x1c, 0x54, 0x60, 0x78, 0x3a, 0x1c, 0x23, 0x81, 0x88, 0x42, 0x35, 0x19, 0x0d,
  0x07, 0x06, 0x03, 0x05, 0x40, 0x4c, 0x23, 0x1e, 0x00, 0x03, 0x54, 0x60, 0x02, 0x0a, 0x07, 0x02,
  0x0d, 0x13, 0x03, 0x05, 0x14, 0x13, 0x11, 0x11, 0x23, 0x47, 0x28, 0x2b, 0x8f, 0xd4, 0x53, 0xc7,
  0xf0, 0xd4, 0xaf, 0x9f, 0xd2, 0xfa, 0xf6, 0xf9, 0xf9, 0xfa, 0xfb, 0xfc, 0xfc, 0xfe, 0xfb, 0xfd,
  0xfc, 0xfd, 0xfc, 0xfb, 0xfd, 0xfd, 0xfe, 0xfd, 0xfc, 0xfc, 0xfe, 0xfe, 0xfd, 0xfd, 0xfe, 0xfe,
  0xff, 0xfd, 0xfd, 0xfe, 0xfe, 0xff, 0xfe, 0xfe, 0xfe, 0xfd, 0xfe, 0xfd, 0xfe, 0xfd, 0xfe, 0xff,
  0xfd, 0xfd, 0xfc, 0xfe, 0xff, 0xfe, 0xfd, 0xfd, 0xfc, 0xfd, 0xfd, 0xfe, 0xfc, 0xfc, 0xfd, 0xfd,
  0xfd, 0xfb, 0xfd, 0xfd, 0xfd, 0xfe, 0xfd, 0xfe, 0xfd, 0xfd, 0xfd, 0xfd, 0xfd, 0xfd, 0xfd, 0xfd,
  0xfd, 0xfc, 0xfb, 0xfc, 0xfd, 0xfb, 0xf9, 0xf8, 0xf9, 0xf9, 0xf6, 0xfc, 0xd0, 0x87, 0x77, 0x6b,
  0x40, 0x28, 0x31, 0x2c, 0x32, 0x30, 0x1e, 0x19, 0x15, 0x3e, 0x8b, 0x4d, 0x3c, 0x41, 0x45, 0x58,
  0x42, 0x23, 0x07, 0x0b, 0x05, 0x0d, 0x0c, 0x02, 0x02, 0x01, 0x00, 0x00, 0x00, 0x00, 0x00, 0x00,
  0x00, 0x00, 0x00, 0x00, 0x00, 0x00, 0x00, 0x00, 0x00, 0x00, 0x00, 0x00, 0x00, 0x01, 0x00, 0x00,
  0x00, 0x00, 0x00, 0x00, 0x01, 0x01, 0x01, 0x00, 0x00, 0x00, 0x00, 0x00, 0x00, 0x00, 0x46, 0x4b,
  0x02, 0x00, 0x00, 0x00, 0x00, 0x00, 0x00, 0x01, 0x00, 0x00, 0x04, 0x53, 0x3e, 0x06, 0x00, 0x00,
  0x00, 0x00, 0x00, 0x00, 0x00, 0x00, 0x00, 0x00, 0x00, 0x03, 0x02, 0x26, 0x45, 0x00, 0x05, 0x06,
  0x18, 0x24, 0x04, 0x0d, 0x97, 0x3b, 0x01, 0x13, 0x32, 0x70, 0xc4, 0xaa, 0x23, 0x30, 0x62, 0x84,
  0x47, 0x2c, 0x11, 0x0e, 0x0a, 0x00, 0x0d, 0x07, 0x04, 0x02, 0x00, 0x02, 0x00, 0x04, 0x01, 0x23,
  0x21, 0x0c, 0x11, 0x12, 0x1a, 0x17, 0x09, 0x1d, 0x35, 0x46, 0x29, 0x09, 0x16, 0x3f, 0x41, 0x20,
  0x50, 0xdc, 0xe1, 0xd5, 0xdc, 0xce, 0xd1, 0xfa, 0xf4, 0xf3, 0xf5, 0xfb, 0xfc, 0xfc, 0xfd, 0xff,
  0xfd, 0xff, 0xfe, 0xfd, 0xff, 0xfd, 0xfe, 0xfe, 0xfe, 0xff, 0xfe, 0xfe, 0xff, 0xfe, 0xff, 0xfe,
  0xfe, 0xfe, 0xfc, 0xff, 0xff, 0xff, 0xff, 0xfd, 0xfe, 0xff, 0xff, 0xff, 0xfc, 0xfd, 0xfe, 0xfe,
  0xfd, 0xfe, 0xfc, 0xff, 0xfe, 0xfe, 0xfe, 0xfc, 0xff, 0xfe, 0xfe, 0xfe, 0xff, 0xff, 0xfd, 0xfd,
  0xfd, 0xfc, 0xff, 0xfd, 0xfe, 0xfe, 0xfc, 0xff, 0xfe, 0xff, 0xfe, 0xfd, 0xff, 0xfe, 0xfe, 0xfe,
  0xfd, 0xfe, 0xfc, 0xfd, 0xfd, 0xfb, 0xfd, 0xfc, 0xfb, 0xfe, 0xfc, 0xfa, 0xfd, 0xfc, 0xfc, 0xf9,
  0xe2, 0x9a, 0x7d, 0x68, 0x4a, 0x25, 0x20, 0x20, 0x18, 0x34, 0x29, 0x24, 0x6e, 0x80, 0x92, 0x79,
  0x3a, 0x18, 0x2b, 0x35, 0x3e, 0x1e, 0x11, 0x07, 0x02, 0x00, 0x03, 0x01, 0x01, 0x00, 0x03, 0x01,
  0x00, 0x00, 0x00, 0x00, 0x00, 0x00, 0x00, 0x00, 0x00, 0x00, 0x00, 0x00, 0x00, 0x00, 0x00, 0x00,
  0x00, 0x00, 0x00, 0x00, 0x00, 0x00, 0x00, 0x00, 0x00, 0x00, 0x00, 0x00, 0x00, 0x00, 0x00, 0x00,
  0x00, 0x01, 0x00, 0x59, 0x63, 0x00, 0x04, 0x00, 0x00, 0x00, 0x00, 0x00, 0x00, 0x01, 0x00, 0x08,
  0x8f, 0x66, 0x03, 0x00, 0x00, 0x00, 0x00, 0x00, 0x00, 0x01, 0x00, 0x00, 0x00, 0x00, 0x02, 0x00,
  0x3c, 0x65, 0x31, 0x44, 0x1f, 0x2d, 0x13, 0x09, 0x16, 0x48, 0x0d, 0x0e, 0x0f, 0x35, 0x75, 0x5a,
  0x57, 0x17, 0x25, 0x4e, 0x2e, 0x1e, 0x10, 0x00, 0x06, 0x17, 0x0d, 0x26, 0x18, 0x06, 0x0c, 0x08,
  0x05, 0x03, 0x01, 0x01, 0x12, 0x1c, 0x04, 0x14, 0x0e, 0x1f, 0x0e, 0x22, 0x3d, 0x1e, 0x21, 0x11,
  0x2b, 0x7f, 0x85, 0x53, 0x49, 0xac, 0xc9, 0xb9, 0xe6, 0xd2, 0x87, 0xa4, 0xe9, 0xf7, 0xfc, 0xfb,
  0xfc, 0xfc, 0xfe, 0xfc, 0xfe, 0xfd, 0xfe, 0xfe, 0xfe, 0xff, 0xff, 0xfe, 0xfe, 0xfe, 0xff, 0xfe,
  0xfe, 0xfe, 0xfe, 0xff, 0xff, 0xfe, 0xfd, 0xfe, 0xff, 0xfe, 0xff, 0xfd, 0xfe, 0xfe, 0xff, 0xfd,
  0xfd, 0xfe, 0xfe, 0xfe, 0xfe, 0xff, 0xff, 0xfe, 0xfe, 0xfe, 0xfe, 0xfe, 0xfe, 0xfe, 0xfe, 0xfe,
  0xff, 0xff, 0xff, 0xff, 0xfe, 0xfe, 0xfe, 0xfe, 0xfe, 0xfe, 0xfe, 0xfe, 0xfe, 0xfe, 0xfe, 0xfe,
  0xfe, 0xfe, 0xff, 0xfe, 0xfe, 0xfe, 0xfe, 0xfd, 0xfc, 0xfd, 0xfc, 0xfd, 0xfd, 0xfb, 0xfb, 0xfe,
  0xfc, 0xfd, 0xfe, 0xfe, 0xff, 0xed, 0x77, 0x5d, 0x68, 0x54, 0x3e, 0x3e, 0x18, 0x2a, 0x59, 0x9a,
  0xa0, 0x98, 0x50, 0x1d, 0x09, 0x10, 0x1a, 0x12, 0x12, 0x0d, 0x10, 0x09, 0x02, 0x05, 0x03, 0x01,
  0x01, 0x02, 0x00, 0x00, 0x02, 0x00, 0x00, 0x00, 0x00, 0x00, 0x00, 0x00, 0x00, 0x00, 0x00, 0x00,
  0x00, 0x00, 0x00, 0x00, 0x00, 0x00, 0x00, 0x00, 0x00, 0x00, 0x00, 0x00, 0x00, 0x00, 0x00, 0x00,
  0x00, 0x00, 0x00, 0x00, 0x00, 0x00, 0x00, 0x00, 0x18, 0x11, 0x00, 0x02, 0x01, 0x00, 0x00, 0x00,
  0x00, 0x00, 0x00, 0x00, 0x00, 0x29, 0x25, 0x02, 0x00, 0x00, 0x00, 0x00, 0x00, 0x00, 0x01, 0x1c,
  0x05, 0x00, 0x00, 0x00, 0x01, 0x07, 0x03, 0x44, 0x45, 0x21, 0x38, 0x08, 0x17, 0x04, 0x00, 0x0a,
  0x07, 0x0f, 0x29, 0x42, 0x3e, 0x50, 0x66, 0x45, 0x45, 0x30, 0x32, 0x18, 0x2f, 0x31, 0x21, 0x15,
  0x20, 0x17, 0x11, 0x08, 0x01, 0x08, 0x04, 0x00, 0x01, 0x13, 0x1b, 0x11, 0x10, 0x19, 0x1e, 0x0d,
  0x28, 0x3c, 0x3d, 0x23, 0x23, 0x49, 0x4f, 0x57, 0x65, 0x59, 0x7e, 0xad, 0xe4, 0xd8, 0xe5, 0xd5,
  0xd7, 0xf1, 0xf6, 0xfc, 0xfd, 0xfd, 0xfd, 0xff, 0xfd, 0xfc, 0xfe, 0xff, 0xff, 0xfe, 0xfd, 0xfd,
  0xfe, 0xff, 0xfd, 0xfd, 0xfe, 0xfe, 0xff, 0xfe, 0xfd, 0xfd, 0xff, 0xff, 0xfe, 0xfd, 0xfe, 0xff,
  0xff, 0xff, 0xff, 0xfd, 0xfe, 0xfe, 0xfe, 0xff, 0xfd, 0xff, 0xff, 0xff, 0xff, 0xfd, 0xfe, 0xff,
  0xff, 0xfe, 0xfe, 0xff, 0xfe, 0xff, 0xfe, 0xfe, 0xfd, 0xfe, 0xff, 0xfe, 0xfd, 0xff, 0xfe, 0xff,
  0xfd, 0xfe, 0xff, 0xff, 0xff, 0xfd, 0xfe, 0xfe, 0xfe, 0xfe, 0xfe, 0xfe, 0xfd, 0xfd, 0xfd, 0xfd,
  0xfd, 0xfd, 0xfe, 0xfc, 0xfd, 0xfc, 0xfa, 0xfc, 0xf6, 0xe8, 0xde, 0x92, 0x61, 0x5f, 0x74, 0x49,
  0x56, 0x9d, 0xc7, 0xa3, 0x79, 0x3b, 0x21, 0x30, 0x16, 0x0d, 0x08, 0x0e, 0x10, 0x09, 0x09, 0x08,
  0x03, 0x04, 0x06, 0x02, 0x02, 0x00, 0x00, 0x00, 0x00, 0x00, 0x00, 0x00, 0x00, 0x00, 0x00, 0x00,
  0x00, 0x00, 0x00, 0x00, 0x00, 0x00, 0x00, 0x00, 0x00, 0x00, 0x00, 0x00, 0x00, 0x00, 0x00, 0x00,
  0x00, 0x00, 0x00, 0x00, 0x00, 0x00, 0x00, 0x00, 0x00, 0x00, 0x00, 0x00, 0x00, 0x00, 0x00, 0x01,
  0x00, 0x00, 0x00, 0x00, 0x00, 0x00, 0x00, 0x00, 0x00, 0x01, 0x00, 0x00, 0x00, 0x00, 0x00, 0x00,
  0x00, 0x00, 0x00, 0x05, 0x89, 0x4e, 0x0b, 0x06, 0x00, 0x01, 0x00, 0x10, 0x62, 0x34, 0x35, 0x44,
  0x06, 0x02, 0x02, 0x04, 0x0e, 0x18, 0x17, 0x3a, 0x4a, 0x47, 0x46, 0x83, 0x51, 0x4b, 0x33, 0x28,
  0x47, 0x5e, 0x43, 0x20, 0x18, 0x2e, 0x1d, 0x1d, 0x20, 0x10, 0x08, 0x03, 0x04, 0x01, 0x05, 0x19,
  0x1f, 0x0d, 0x36, 0x32, 0x10, 0x4c, 0x56, 0x9d, 0x35, 0x49, 0x78, 0x4e, 0x53, 0x57, 0x8e, 0xbc,
  0xb7, 0xed, 0xeb, 0xdf, 0xef, 0xde, 0xfa, 0xfc, 0xfb, 0xfd, 0xfd, 0xfd, 0xfb, 0xfb, 0xfe, 0xfe,
  0xfe, 0xfd, 0xfc, 0xfd, 0xfe, 0xfe, 0xfd, 0xfd, 0xfe, 0xfe, 0xff, 0xfe, 0xfd, 0xff, 0xfe, 0xfe,
  0xff, 0xfe, 0xfd, 0xfe, 0xff, 0xfe, 0xfd, 0xfe, 0xfe, 0xff, 0xfe, 0xfd, 0xff, 0xfe, 0xfe, 0xfe,
  0xfd, 0xfe, 0xfe, 0xff, 0xff, 0xfd, 0xfd, 0xfe, 0xfe, 0xfe, 0xfe, 0xfe, 0xfe, 0xfe, 0xfe, 0xfd,
  0xfd, 0xfe, 0xfe, 0xff, 0xfd, 0xfc, 0xfe, 0xfe, 0xfe, 0xfe, 0xfd, 0xfe, 0xff, 0xfd, 0xfe, 0xfd,
  0xfd, 0xfe, 0xfe, 0xfe, 0xfd, 0xfd, 0xfe, 0xfe, 0xfd, 0xfa, 0xfb, 0xfa, 0xfd, 0xe6, 0xc8, 0xbd,
  0xa0, 0xa0, 0xa0, 0xb7, 0xcf, 0xc2, 0x97, 0x74, 0x5a, 0x46, 0x22, 0x17, 0x14, 0x09, 0x03, 0x04,
  0x07, 0x09, 0x03, 0x06, 0x01, 0x06, 0x08, 0x01, 0x04, 0x00, 0x09, 0x0a, 0x01, 0x00, 0x01, 0x00,
  0x00, 0x01, 0x00, 0x00, 0x00, 0x00, 0x00, 0x00, 0x00, 0x00, 0x00, 0x00, 0x00, 0x00, 0x00, 0x00,
  0x00, 0x00, 0x01, 0x01, 0x00, 0x00, 0x00, 0x00, 0x00, 0x00, 0x00, 0x00, 0x00, 0x00, 0x00, 0x00,
  0x00, 0x00, 0x01, 0x01, 0x00, 0x00, 0x00, 0x00, 0x00, 0x00, 0x00, 0x00, 0x00, 0x00, 0x00, 0x01,
  0x04, 0x03, 0x01, 0x00, 0x00, 0x00, 0x00, 0x00, 0x03, 0x20, 0x38, 0x13, 0x05, 0x03, 0x02, 0x2b,
  0x37, 0x2f, 0x08, 0x1f, 0x30, 0x0b, 0x01, 0x01, 0x02, 0x18, 0x40, 0x53, 0x42, 0x4d, 0x59, 0x60,
  0x52, 0x32, 0x33, 0x68, 0x7e, 0x7f, 0xa0, 0x63, 0x66, 0x64, 0x4d, 0x25, 0x21, 0x26, 0x21, 0x0b,
  0x0d, 0x0d, 0x05, 0x0e, 0x11, 0x40, 0x92, 0x84, 0x11, 0x39, 0x97, 0x59, 0xa7, 0xa3, 0x89, 0x98,
  0x54, 0x4f, 0x83, 0xdb, 0xcf, 0xd4, 0xe2, 0xd0, 0xcf, 0xf2, 0xf8, 0xf7, 0xf9, 0xfa, 0xfc, 0xfb,
  0xfb, 0xfd, 0xfc, 0xfe, 0xfe, 0xfe, 0xff, 0xfc, 0xfe, 0xff, 0xfe, 0xfe, 0xfd, 0xff, 0xff, 0xff,
  0xfe, 0xfd, 0xff, 0xfe, 0xfe, 0xff, 0xfd, 0xff, 0xfe, 0xff, 0xfe, 0xfe, 0xff, 0xfe, 0xff, 0xff,
  0xff, 0xfe, 0xff, 0xff, 0xfe, 0xfe, 0xfe, 0xff, 0xff, 0xfe, 0xfe, 0xff, 0xff, 0xff, 0xff, 0xff,
  0xff, 0xfe, 0xff, 0xfd, 0xff, 0xfe, 0xff, 0xff, 0xfe, 0xfe, 0xfe, 0xfe, 0xfe, 0xfe, 0xfe, 0xfe,
  0xfe, 0xfe, 0xfe, 0xfe, 0xfd, 0xfd, 0xff, 0xfe, 0xfe, 0xfd, 0xfc, 0xfe, 0xfe, 0xfe, 0xfe, 0xfb,
  0xf3, 0xf2, 0xf3, 0xee, 0xe2, 0xb1, 0xb5, 0xdf, 0xda, 0x88, 0x41, 0x4a, 0x49, 0x49, 0x2c, 0x13,
  0x0c, 0x02, 0x01, 0x02, 0x04, 0x02, 0x06, 0x03, 0x06, 0x03, 0x01, 0x07, 0x0d, 0x14, 0x0a, 0x09,
  0x06, 0x00, 0x02, 0x02, 0x00, 0x00, 0x01, 0x01, 0x05, 0x03, 0x00, 0x02, 0x00, 0x00, 0x00, 0x00,
  0x00, 0x00, 0x00, 0x00, 0x00, 0x00, 0x00, 0x00, 0x00, 0x00, 0x00, 0x00, 0x00, 0x00, 0x00, 0x00,
  0x00, 0x00, 0x00, 0x00, 0x00, 0x00, 0x00, 0x00, 0x01, 0x01, 0x00, 0x00, 0x00, 0x00, 0x00, 0x00,
  0x00, 0x00, 0x00, 0x01, 0x03, 0x07, 0x08, 0x00, 0x00, 0x00, 0x00, 0x00, 0x00, 0x00, 0x00, 0x00,
  0x01, 0x04, 0x04, 0x20, 0x96, 0x61, 0x04, 0x19, 0x11, 0x12, 0x1d, 0x04, 0x03, 0x02, 0x09, 0x3b,
  0x1a, 0x0e, 0x1b, 0x1f, 0x37, 0x1f, 0x1e, 0x38, 0xa5, 0xbf, 0xcc, 0xde, 0xb9, 0xd5, 0x8f, 0x5d,
  0x53, 0x5d, 0x2c, 0x2b, 0x18, 0x09, 0x09, 0x06, 0x08, 0x0d, 0x2f, 0x8c, 0xc9, 0x49, 0x23, 0x23,
  0x32, 0x72, 0x8c, 0x7c, 0x37, 0x62, 0x65, 0x9b, 0xad, 0x6f, 0xf7, 0xee, 0xe2, 0xe3, 0xf2, 0xf7,
  0xf8, 0xfa, 0xf8, 0xf9, 0xfc, 0xfb, 0xfb, 0xfb, 0xfd, 0xfc, 0xfc, 0xfc, 0xfb, 0xfe, 0xfc, 0xfc,
  0xfd, 0xfc, 0xfd, 0xfc, 0xfd, 0xfc, 0xfb, 0xfd, 0xfc, 0xfc, 0xfc, 0xfc, 0xfd, 0xfe, 0xfd, 0xfd,
  0xfc, 0xfd, 0xfe, 0xfd, 0xfd, 0xfd, 0xfe, 0xfd, 0xfc, 0xfc, 0xfc, 0xfc, 0xfc, 0xfb, 0xfd, 0xfc,
  0xfc, 0xfd, 0xfd, 0xfd, 0xfc, 0xfc, 0xfd, 0xfb, 0xfc, 0xfc, 0xfb, 0xfd, 0xfb, 0xfc, 0xfc, 0xfa,
  0xfc, 0xfd, 0xfd, 0xfd, 0xfb, 0xfd, 0xfd, 0xfd, 0xfc, 0xf8, 0xfb, 0xfc, 0xfb, 0xfb, 0xf9, 0xfb,
  0xf9, 0xf4, 0xf4, 0xf6, 0xf2, 0xcf, 0xa9, 0xe3, 0xf3, 0xf1, 0xba, 0xaa, 0x9a, 0x78, 0x55, 0x26,
  0x29, 0x26, 0x2c, 0x2f, 0x09, 0x03, 0x01, 0x01, 0x00, 0x01, 0x00, 0x01, 0x00, 0x00, 0x03, 0x02,
  0x01, 0x02, 0x09, 0x18, 0x30, 0x46, 0x13, 0x03, 0x02, 0x00, 0x01, 0x00, 0x04, 0x10, 0x5f, 0x7d,
  0x1a, 0x02, 0x01, 0x00, 0x00, 0x00, 0x00, 0x00, 0x00, 0x00, 0x00, 0x00, 0x08, 0x08, 0x00, 0x00,
  0x00, 0x00, 0x00, 0x00, 0x00, 0x00, 0x00, 0x00, 0x00, 0x00, 0x00, 0x00, 0x01, 0x01, 0x01, 0x00,
  0x02, 0x02, 0x00, 0x00, 0x00, 0x00, 0x02, 0x02, 0x1b, 0x2e, 0x15, 0x44, 0x32, 0x00, 0x01, 0x00,
  0x01, 0x01, 0x00, 0x08, 0x0c, 0x04, 0x01, 0x00, 0x33, 0x6d, 0x3a, 0x26, 0x35, 0x2e, 0x04, 0x13,
  0x06, 0x01, 0x0a, 0x06, 0x07, 0x05, 0x05, 0x0f, 0x0a, 0x0d, 0x13, 0x18, 0x48, 0x89, 0x99, 0xb0,
  0xc9, 0xf4, 0xd7, 0x72, 0x4b, 0x6e, 0x4e, 0x31, 0x28, 0x0b, 0x02, 0x03, 0x0a, 0x13, 0x17, 0x21,
  0x29, 0xbd, 0x99, 0x41, 0x58, 0x95, 0x6a, 0x4c, 0x9f, 0xcc, 0xa1, 0x87, 0xb9, 0xb7, 0xaf, 0xcf,
  0xec, 0xeb, 0xef, 0xf4, 0xf6, 0xfa, 0xfb, 0xf8, 0xfa, 0xfc, 0xfb, 0xfc, 0xf9, 0xfb, 0xfc, 0xfc,
  0xfb, 0xfc, 0xfb, 0xfc, 0xfc, 0xfc, 0xfc, 0xfb, 0xfc, 0xfc, 0xfb, 0xfc, 0xfc, 0xfc, 0xfc, 0xfc,
  0xfd, 0xfc, 0xfc, 0xfd, 0xfe, 0xfd, 0xfc, 0xfd, 0xfc, 0xfb, 0xfe, 0xfe, 0xfb, 0xfd, 0xfb, 0xfc,
  0xfc, 0xfc, 0xfd, 0xfc, 0xfd, 0xfc, 0xfc, 0xfc, 0xfd, 0xfc, 0xfb, 0xfd, 0xfb, 0xfc, 0xfc, 0xfa,
  0xfb, 0xfc, 0xfc, 0xfc, 0xfb, 0xfc, 0xfc, 0xfb, 0xfc, 0xfb, 0xfc, 0xfc, 0xfc, 0xfd, 0xf9, 0xf9,
  0xfb, 0xf7, 0xf5, 0xf8, 0xfa, 0xf8, 0xf7, 0xf3, 0xf3, 0xf2, 0xd1, 0xcf, 0xe2, 0xfa, 0xef, 0xb7,
  0x81, 0x3a, 0x38, 0x3f, 0x2d, 0x1f, 0x1a, 0x15, 0x19, 0x02, 0x00, 0x00, 0x00, 0x00, 0x00, 0x00,
  0x00, 0x00, 0x00, 0x00, 0x01, 0x01, 0x03, 0x00, 0x71, 0x88, 0xa9, 0x4d, 0x00, 0x02, 0x00, 0x00,
  0x01, 0x00, 0x0b, 0xbc, 0x97, 0x0c, 0x01, 0x01, 0x00, 0x00, 0x00, 0x00, 0x00, 0x00, 0x00, 0x01,
  0x07, 0x79, 0x6f, 0x05, 0x00, 0x01, 0x00, 0x00, 0x00, 0x00, 0x00, 0x00, 0x00, 0x00, 0x00, 0x00,
  0x00, 0x00, 0x00, 0x00, 0x00, 0x01, 0x01, 0x00, 0x00, 0x00, 0x00, 0x02, 0x00, 0x4d, 0xb7, 0x5d,
  0x50, 0x53, 0x04, 0x01, 0x00, 0x01, 0x02, 0x00, 0x08, 0x0e, 0x01, 0x00, 0x01, 0x13, 0x1a, 0x1b,
  0x33, 0x73, 0x45, 0x00, 0x13, 0x09, 0x09, 0x0c, 0x0d, 0x08, 0x06, 0x0b, 0x06, 0x05, 0x0a, 0x1c,
  0x47, 0x7c, 0x7f, 0x8d, 0x99, 0xc5, 0xf5, 0xa6, 0x4e, 0x58, 0x4f, 0x3f, 0x23, 0x08, 0x06, 0x09,
  0x07, 0x03, 0x13, 0x17, 0x17, 0x15, 0x35, 0x50, 0x45, 0x97, 0xee, 0x7c, 0x7b, 0xcc, 0xb5, 0x8b,
  0x5a, 0x71, 0xb4, 0xbf, 0xc9, 0xe4, 0xe7, 0xf5, 0xf9, 0xfa, 0xfa, 0xfc, 0xfa, 0xfc, 0xfd, 0xfb,
  0xfc, 0xfa, 0xfb, 0xfc, 0xfc, 0xfe, 0xfd, 0xfd, 0xfd, 0xfc, 0xff, 0xfd, 0xfc, 0xfd, 0xfb, 0xfc,
  0xfc, 0xfb, 0xfd, 0xfd, 0xfd, 0xfd, 0xfc, 0xfd, 0xfd, 0xfe, 0xfe, 0xfd, 0xfe, 0xfd, 0xfd, 0xfe,
  0xfd, 0xfd, 0xfd, 0xfd, 0xfd, 0xfd, 0xfc, 0xfc, 0xfe, 0xfe, 0xfc, 0xfd, 0xfd, 0xfd, 0xfd, 0xfc,
  0xfc, 0xfc, 0xfb, 0xfc, 0xfd, 0xfc, 0xfd, 0xfc, 0xfd, 0xfc, 0xfc, 0xfd, 0xfc, 0xfd, 0xfc, 0xfb,
  0xfc, 0xfb, 0xfb, 0xfb, 0xf9, 0xf8, 0xf8, 0xf4, 0xf4, 0xf7, 0xf9, 0xf9, 0xf2, 0xec, 0xf2, 0xec,
  0xdc, 0xda, 0xbb, 0x98, 0x94, 0x9e, 0x44, 0x30, 0x25, 0x23, 0x15, 0x08, 0x07, 0x06, 0x01, 0x00,
  0x00, 0x00, 0x00, 0x00, 0x00, 0x00, 0x00, 0x00, 0x00, 0x00, 0x00, 0x02, 0x00, 0x78, 0xb5, 0x66,
  0x28, 0x04, 0x02, 0x00, 0x00, 0x01, 0x00, 0x08, 0x3a, 0x1d, 0x02, 0x01, 0x00, 0x00, 0x00, 0x00,
  0x00, 0x00, 0x00, 0x01, 0x00, 0x0d, 0x49, 0x42, 0x0c, 0x00, 0x01, 0x00, 0x00, 0x00, 0x00, 0x00,
  0x00, 0x00, 0x00, 0x00, 0x00, 0x00, 0x00, 0x00, 0x00, 0x00, 0x00, 0x00, 0x00, 0x00, 0x00, 0x00,
  0x01, 0x09, 0x5a, 0x8e, 0x31, 0x0d, 0x02, 0x04, 0x00, 0x00, 0x01, 0x00, 0x00, 0x00, 0x06, 0x06,
  0x07, 0x06, 0x07, 0x02, 0x11, 0x44, 0x78, 0x22, 0x1e, 0x2e, 0x05, 0x0e, 0x03, 0x07, 0x0b, 0x0b,
  0x0a, 0x17, 0x3c, 0x2b, 0x3a, 0x57, 0x80, 0xa0, 0xb7, 0x92, 0xa7, 0xc5, 0x6f, 0x5a, 0x65, 0x3c,
  0x1b, 0x1e, 0x0e, 0x14, 0x16, 0x1b, 0x16, 0x3b, 0x4a, 0x0d, 0x12, 0x3b, 0x5d, 0x9b, 0xdd, 0xe4,
  0x87, 0x75, 0x98, 0x75, 0x92, 0x9d, 0x84, 0xad, 0xcf, 0xdf, 0xef, 0xf6, 0xf7, 0xfb, 0xfa, 0xfb,
  0xfb, 0xfa, 0xfd, 0xfc, 0xfa, 0xfa, 0xfb, 0xfc, 0xfd, 0xfb, 0xfc, 0xfa, 0xfc, 0xfd, 0xfb, 0xfc,
  0xfc, 0xfb, 0xfc, 0xfb, 0xfb, 0xfb, 0xfa, 0xfd, 0xfc, 0xfc, 0xfc, 0xfc, 0xfe, 0xfd, 0xfc, 0xfc,
  0xfc, 0xfd, 0xfc, 0xfc, 0xfc, 0xfb, 0xfd, 0xfc, 0xfd, 0xfc, 0xfc, 0xfc, 0xfc, 0xfb, 0xfb, 0xfa,
  0xfd, 0xfd, 0xfb, 0xfc, 0xfb, 0xfb, 0xfb, 0xfa, 0xfc, 0xfc, 0xfb, 0xfd, 0xfa, 0xfb, 0xfb, 0xfb,
  0xfd, 0xfb, 0xfb, 0xfb, 0xf9, 0xfb, 0xfa, 0xfa, 0xfa, 0xf8, 0xf7, 0xf9, 0xf8, 0xed, 0xf7, 0xf9,
  0xf3, 0xe0, 0xd7, 0xce, 0xd2, 0x92, 0x6a, 0x3e, 0x31, 0x49, 0x5b, 0x37, 0x27, 0x20, 0x1a, 0x15,
  0x05, 0x03, 0x05, 0x01, 0x00, 0x00, 0x00, 0x00, 0x01, 0x01, 0x00, 0x00, 0x00, 0x00, 0x02, 0x02,
  0x02, 0x00, 0x17, 0x6c, 0x6a, 0x14, 0x04, 0x00, 0x00, 0x00, 0x00, 0x00, 0x03, 0x00, 0x00, 0x01,
  0x01, 0x00, 0x00, 0x00, 0x00, 0x00, 0x00, 0x00, 0x00, 0x00, 0x01, 0x00, 0x00, 0x03, 0x00, 0x00,
  0x00, 0x00, 0x00, 0x00, 0x00, 0x00, 0x00, 0x00, 0x00, 0x00, 0x00, 0x00, 0x00, 0x00, 0x00, 0x00,
  0x00, 0x00, 0x00, 0x00, 0x00, 0x01, 0x10, 0x24, 0x17, 0x0d, 0x17, 0x03, 0x00, 0x00, 0x00, 0x04,
  0x03, 0x00, 0x01, 0x00, 0x05, 0x0f, 0x02, 0x06, 0x09, 0x0e, 0x16, 0x07, 0x0f, 0x71, 0x2c, 0x00,
  0x05, 0x08, 0x09, 0x0f, 0x0c, 0x19, 0x6a, 0x72, 0x28, 0x3a, 0x37, 0x4e, 0x76, 0xa1, 0x77, 0xa1,
  0x8e, 0x76, 0x76, 0x91, 0x6e, 0x61, 0x79, 0x35, 0x45, 0x60, 0x6d, 0x8d, 0x6d, 0x5d, 0x61, 0x2e,
  0x24, 0x72, 0xd1, 0xaa, 0x54, 0x50, 0xa9, 0xa7, 0x95, 0xc3, 0xde, 0xd6, 0xee, 0xf1, 0xed, 0xf7,
  0xfc, 0xfb, 0xfa, 0xfb, 0xfb, 0xfa, 0xfc, 0xfb, 0xfb, 0xfc, 0xfc, 0xfa, 0xfa, 0xfc, 0xfc, 0xfc,
  0xfa, 0xfb, 0xfc, 0xfd, 0xfd, 0xfc, 0xfc, 0xfc, 0xfd, 0xfe, 0xfb, 0xfb, 0xfc, 0xfc, 0xfc, 0xfc,
  0xfc, 0xfc, 0xfe, 0xfd, 0xfc, 0xfc, 0xfd, 0xfe, 0xfd, 0xfd, 0xfc, 0xfc, 0xfd, 0xfe, 0xfd, 0xfc,
  0xfc, 0xfc, 0xfb, 0xfb, 0xfb, 0xfb, 0xfc, 0xfc, 0xfc, 0xfb, 0xfb, 0xfb, 0xfc, 0xfd, 0xfc, 0xfb,
  0xfc, 0xfb, 0xfc, 0xfa, 0xfb, 0xfc, 0xfb, 0xfc, 0xfb, 0xfa, 0xf9, 0xfa, 0xf9, 0xf9, 0xf8, 0xf8,
  0xf7, 0xf5, 0xf1, 0xf6, 0xf9, 0xe4, 0xe4, 0xcf, 0xc5, 0x98, 0x60, 0x3d, 0x2f, 0x31, 0x2a, 0x27,
  0x24, 0x1a, 0x1a, 0x06, 0x03, 0x07, 0x03, 0x02, 0x00, 0x00, 0x00, 0x00, 0x00, 0x00, 0x00, 0x01,
  0x02, 0x01, 0x00, 0x00, 0x02, 0x02, 0x01, 0x03, 0x06, 0x13, 0x06, 0x00, 0x01, 0x00, 0x00, 0x00,
  0x00, 0x01, 0x03, 0x02, 0x00, 0x00, 0x00, 0x00, 0x00, 0x00, 0x00, 0x00, 0x00, 0x00, 0x00, 0x01,
  0x03, 0x01, 0x00, 0x00, 0x00, 0x00, 0x00, 0x00, 0x00, 0x00, 0x00, 0x00, 0x00, 0x00, 0x00, 0x00,
  0x00, 0x00, 0x00, 0x00, 0x00, 0x01, 0x04, 0x00, 0x00, 0x00, 0x00, 0x00, 0x03, 0x04, 0x05, 0x00,
  0x00, 0x00, 0x00, 0x01, 0x01, 0x01, 0x02, 0x02, 0x00, 0x01, 0x06, 0x00, 0x09, 0x30, 0x16, 0x02,
  0x06, 0x1a, 0x20, 0x0b, 0x01, 0x02, 0x03, 0x03, 0x08, 0x07, 0x0f, 0x1f, 0x18, 0x10, 0x0a, 0x0e,
  0x29, 0x4c, 0x87, 0x6b, 0x74, 0xa6, 0x9f, 0x6e, 0x49, 0x31, 0x66, 0x7c, 0x56, 0x35, 0x4b, 0x45,
  0x3d, 0x5c, 0x3b, 0x2d, 0x2e, 0x35, 0x38, 0x62, 0x3a, 0x5a, 0xb2, 0xee, 0xed, 0xe1, 0xeb, 0xf8,
  0xfe, 0xf8, 0xf8, 0xfa, 0xfc, 0xfd, 0xfb, 0xfc, 0xfc, 0xfb, 0xfb, 0xfd, 0xfd, 0xfb, 0xfd, 0xfb,
  0xfc, 0xfe, 0xfc, 0xfd, 0xfd, 0xfc, 0xfd, 0xfb, 0xfc, 0xfc, 0xfb, 0xfe, 0xfc, 0xfe, 0xfe, 0xfc,
  0xfe, 0xfd, 0xfd, 0xfe, 0xfd, 0xfe, 0xfd, 0xfe, 0xfe, 0xfd, 0xfe, 0xfd, 0xfd, 0xff, 0xfc, 0xfe,
  0xfc, 0xfc, 0xfe, 0xfd, 0xfd, 0xfd, 0xfb, 0xfd, 0xfd, 0xfd, 0xfd, 0xfc, 0xfc, 0xfc, 0xfb, 0xfd,
  0xfc, 0xfd, 0xfc, 0xfb, 0xfd, 0xfb, 0xfc, 0xfb, 0xfb, 0xfc, 0xfc, 0xfc, 0xfd, 0xfb, 0xfb, 0xf9,
  0xfc, 0xfa, 0xf8, 0xf6, 0xf5, 0xfb, 0xf7, 0xf7, 0xee, 0xe7, 0xde, 0xcc, 0xc2, 0xaf, 0x6a, 0x2b,
  0x25, 0x2a, 0x1e, 0x11, 0x0d, 0x1e, 0x17, 0x09, 0x07, 0x02, 0x02, 0x01, 0x04, 0x05, 0x00, 0x00,
  0x00, 0x01, 0x00, 0x00, 0x00, 0x00, 0x00, 0x00, 0x00, 0x00, 0x00, 0x00, 0x01, 0x01, 0x00, 0x00,
  0x00, 0x00, 0x00, 0x00, 0x00, 0x00, 0x01, 0x02, 0x01, 0x00, 0x00, 0x00, 0x00, 0x00, 0x00, 0x00,
  0x00, 0x00, 0x00, 0x00, 0x00, 0x00, 0x00, 0x00, 0x00, 0x00, 0x00, 0x00, 0x00, 0x00, 0x00, 0x00,
  0x00, 0x00, 0x00, 0x00, 0x00, 0x00, 0x00, 0x00, 0x01, 0x01, 0x09, 0x0a, 0x00, 0x00, 0x00, 0x00,
  0x00, 0x00, 0x00, 0x00, 0x00, 0x00, 0x00, 0x00, 0x02, 0x01, 0x00, 0x02, 0x09, 0x05, 0x09, 0x0f,
  0x00, 0x2d, 0x55, 0x2a, 0x00, 0x09, 0x05, 0x00, 0x0e, 0x09, 0x00, 0x03, 0x01, 0x01, 0x0e, 0x26,
  0x37, 0x33, 0x29, 0x2d, 0x3a, 0x57, 0x5b, 0x5d, 0x34, 0x43, 0x51, 0x3d, 0x2e, 0x29, 0x26, 0x39,
  0x16, 0x2a, 0x5c, 0x25, 0x1b, 0x11, 0x24, 0x44, 0x4a, 0x53, 0x4e, 0x47, 0x71, 0x9b, 0xee, 0xe5,
  0xde, 0xef, 0xee, 0xf5, 0xf9, 0xfb, 0xfd, 0xfb, 0xfc, 0xfc, 0xfb, 0xfc, 0xfd, 0xfc, 0xfc, 0xfc,
  0xfb, 0xfc, 0xfc, 0xfb, 0xfc, 0xfd, 0xfd, 0xfc, 0xfe, 0xfd, 0xfb, 0xfc, 0xfb, 0xfd, 0xfe, 0xfd,
  0xfd, 0xfc, 0xfd, 0xfd, 0xfd, 0xfe, 0xfe, 0xfd, 0xfd, 0xfd, 0xfd, 0xfc, 0xfc, 0xfe, 0xfd, 0xfe,
  0xfd, 0xfd, 0xfd, 0xfd, 0xfe, 0xfc, 0xfd, 0xfd, 0xfe, 0xfe, 0xfd, 0xfd, 0xfd, 0xfe, 0xfd, 0xfd,
  0xfd, 0xfc, 0xfc, 0xfc, 0xfc, 0xfb, 0xfc, 0xfc, 0xfa, 0xfc, 0xfb, 0xfb, 0xfc, 0xfb, 0xfb, 0xfb,
  0xfb, 0xfb, 0xfb, 0xfb, 0xf6, 0xf9, 0xf9, 0xf9, 0xf3, 0xf0, 0xf6, 0xf4, 0xe1, 0xe8, 0xc3, 0x9f,
  0x6b, 0x89, 0xab, 0x6d, 0x2a, 0x28, 0x25, 0x22, 0x1c, 0x0d, 0x0d, 0x0f, 0x0c, 0x04, 0x00, 0x00,
  0x01, 0x02, 0x03, 0x00, 0x00, 0x00, 0x00, 0x00, 0x00, 0x00, 0x00, 0x00, 0x00, 0x00, 0x00, 0x00,
  0x00, 0x00, 0x00, 0x00, 0x00, 0x00, 0x00, 0x00, 0x00, 0x00, 0x00, 0x00, 0x00, 0x00, 0x00, 0x00,
  0x00, 0x00, 0x00, 0x00, 0x00, 0x00, 0x00, 0x00, 0x00, 0x00, 0x00, 0x00, 0x00, 0x00, 0x00, 0x00,
  0x00, 0x00, 0x00, 0x00, 0x00, 0x00, 0x00, 0x00, 0x00, 0x00, 0x00, 0x00, 0x00, 0x00, 0x00, 0x03,
  0x01, 0x00, 0x00, 0x00, 0x00, 0x00, 0x00, 0x00, 0x00, 0x00, 0x00, 0x00, 0x00, 0x00, 0x01, 0x01,
  0x00, 0x04, 0x32, 0x1c, 0x09, 0x03, 0x64, 0x7c, 0x35, 0x0c, 0x08, 0x03, 0x07, 0x21, 0x4c, 0x00,
  0x01, 0x04, 0x0c, 0x0f, 0x2f, 0x32, 0x18, 0x36, 0x29, 0x49, 0x69, 0x41, 0x49, 0x34, 0x2e, 0x28,
  0x37, 0x46, 0x4b, 0x30, 0x35, 0x5a, 0x42, 0x64, 0x6b, 0x4f, 0x6d, 0x90, 0x79, 0x5c, 0x6c, 0x9b,
  0xb7, 0xb8, 0xc5, 0xe8, 0xf1, 0xee, 0xf3, 0xfa, 0xfb, 0xfb, 0xfa, 0xfb, 0xfb, 0xfb, 0xfa, 0xfc,
  0xfc, 0xfc, 0xfb, 0xfb, 0xfd, 0xfb, 0xfc, 0xfc, 0xfa, 0xfc, 0xfc, 0xfc, 0xfc, 0xfc, 0xfe, 0xfc,
  0xfd, 0xfe, 0xfc, 0xfe, 0xfd, 0xfd, 0xfd, 0xfc, 0xfd, 0xfe, 0xfd, 0xfd, 0xfd, 0xfd, 0xfd, 0xfe,
  0xfd, 0xfd, 0xfe, 0xfd, 0xfd, 0xfe, 0xfd, 0xfc, 0xfe, 0xfe, 0xfd, 0xfc, 0xfd, 0xfe, 0xfd, 0xfd,
  0xfc, 0xfc, 0xfe, 0xfc, 0xfc, 0xfd, 0xfb, 0xfc, 0xfe, 0xfc, 0xfb, 0xfa, 0xfb, 0xfc, 0xfb, 0xfb,
  0xfa, 0xfa, 0xfb, 0xfb, 0xfb, 0xfa, 0xfa, 0xfb, 0xf9, 0xf8, 0xfa, 0xfc, 0xfd, 0xf4, 0xea, 0xf6,
  0xe9, 0xba, 0x99, 0x61, 0x53, 0x3e, 0x4d, 0x8d, 0x9d, 0x5e, 0x4c, 0x3e, 0x34, 0x28, 0x40, 0x35,
  0x19, 0x0c, 0x02, 0x00, 0x00, 0x00, 0x02, 0x03, 0x00, 0x00, 0x00, 0x00, 0x00, 0x00, 0x00, 0x00,
  0x00, 0x00, 0x00, 0x00, 0x00, 0x00, 0x00, 0x00, 0x00, 0x00, 0x00, 0x00, 0x00, 0x00, 0x00, 0x00,
  0x00, 0x00, 0x00, 0x00, 0x00, 0x00, 0x00, 0x00, 0x00, 0x00, 0x00, 0x00, 0x00, 0x00, 0x00, 0x00,
  0x00, 0x00, 0x00, 0x00, 0x00, 0x00, 0x00, 0x00, 0x00, 0x00, 0x00, 0x00, 0x00, 0x00, 0x00, 0x00,
  0x00, 0x00, 0x00, 0x00, 0x00, 0x00, 0x01, 0x00, 0x00, 0x00, 0x00, 0x00, 0x00, 0x00, 0x00, 0x00,
  0x00, 0x01, 0x01, 0x00, 0x00, 0x02, 0x05, 0x17, 0x0d, 0x08, 0x03, 0x18, 0x07, 0x05, 0x0a, 0x08,
  0x05, 0x09, 0x12, 0x15, 0x00, 0x00, 0x04, 0x02, 0x04, 0x08, 0x28, 0x39, 0x24, 0x1e, 0x1b, 0x35,
  0x54, 0x33, 0x38, 0x2f, 0x50, 0x63, 0x8d, 0x90, 0x63, 0x9c, 0x9e, 0x84, 0x82, 0xaa, 0xab, 0x84,
  0x6a, 0x81, 0x8c, 0x9b, 0xae, 0x9f, 0xb8, 0xe8, 0xf0, 0xf7, 0xfb, 0xf9, 0xf4, 0xf5, 0xf8, 0xf9,
  0xfb, 0xf7, 0xf8, 0xf8, 0xf9, 0xfb, 0xfc, 0xfc, 0xfb, 0xfb, 0xfb, 0xfb, 0xfc, 0xfb, 0xfa, 0xfb,
  0xfd, 0xfc, 0xfc, 0xfb, 0xfb, 0xfc, 0xfe, 0xfb, 0xfc, 0xfc, 0xfc, 0xfd, 0xfd, 0xfd, 0xfd, 0xfe,
  0xfe, 0xfd, 0xfc, 0xfd, 0xfd, 0xfd, 0xfd, 0xfd, 0xfc, 0xfc, 0xfe, 0xfc, 0xfc, 0xfb, 0xfc, 0xfd,
  0xfc, 0xfb, 0xfc, 0xfc, 0xfd, 0xfc, 0xfa, 0xf9, 0xfa, 0xfc, 0xfd, 0xfc, 0xfa, 0xfa, 0xfc, 0xfa,
  0xfb, 0xf8, 0xfc, 0xfb, 0xfb, 0xfb, 0xf9, 0xfb, 0xfa, 0xfa, 0xf9, 0xf7, 0xfa, 0xf8, 0xf6, 0xef,
  0xe8, 0xf4, 0xe1, 0xd3, 0xd4, 0x92, 0x5f, 0x61, 0x4b, 0x46, 0x44, 0x37, 0x3e, 0x75, 0x45, 0x3b,
  0x3c, 0x2d, 0x11, 0x12, 0x13, 0x12, 0x05, 0x04, 0x01, 0x00, 0x00, 0x00, 0x00, 0x00, 0x01, 0x00,
  0x00, 0x00, 0x00, 0x00, 0x00, 0x00, 0x00, 0x00, 0x00, 0x00, 0x00, 0x00, 0x00, 0x00, 0x00, 0x00,
  0x00, 0x00, 0x00, 0x00, 0x00, 0x00, 0x00, 0x00, 0x00, 0x00, 0x00, 0x00, 0x00, 0x00, 0x00, 0x00,
  0x00, 0x00, 0x00, 0x00, 0x00, 0x00, 0x00, 0x00, 0x00, 0x00, 0x00, 0x00, 0x00, 0x00, 0x00, 0x00,
  0x00, 0x00, 0x00, 0x00, 0x00, 0x00, 0x00, 0x00, 0x00, 0x00, 0x00, 0x02, 0x02, 0x00, 0x00, 0x00,
  0x00, 0x00, 0x00, 0x00, 0x00, 0x00, 0x00, 0x00, 0x00, 0x00, 0x01, 0x04, 0x00, 0x10, 0x14, 0x04,
  0x03, 0x03, 0x05, 0x01, 0x00, 0x04, 0x0a, 0x0a, 0x00, 0x01, 0x00, 0x02, 0x01, 0x06, 0x12, 0x1b,
  0x0a, 0x17, 0x2f, 0x29, 0x35, 0x32, 0x2f, 0x2d, 0x35, 0x32, 0x49, 0x2c, 0x44, 0x2e, 0x31, 0x50,
  0x4f, 0x4e, 0x39, 0x26, 0x56, 0x72, 0xa4, 0xaf, 0xbf, 0xe3, 0xea, 0xed, 0xf9, 0xfe, 0xf2, 0xf6,
  0xe3, 0xbb, 0xde, 0xf1, 0xf6, 0xf9, 0xf0, 0xf4, 0xf9, 0xfb, 0xfb, 0xfc, 0xfc, 0xfc, 0xfd, 0xfb,
  0xfb, 0xfd, 0xfc, 0xfd, 0xfc, 0xfc, 0xfd, 0xfc, 0xfc, 0xfd, 0xfc, 0xfd, 0xfc, 0xfd, 0xfc, 0xfc,
  0xfd, 0xfd, 0xfc, 0xfd, 0xfc, 0xfd, 0xfd, 0xfd, 0xfe, 0xfd, 0xfd, 0xfd, 0xfd, 0xfd, 0xfd, 0xfd,
  0xfd, 0xfc, 0xfe, 0xfd, 0xfd, 0xfd, 0xfc, 0xfe, 0xfc, 0xfa, 0xfd, 0xfa, 0xfd, 0xfc, 0xfc, 0xfb,
  0xfb, 0xfc, 0xfb, 0xfb, 0xfb, 0xf9, 0xfa, 0xfb, 0xfb, 0xfb, 0xfa, 0xf8, 0xf9, 0xf6, 0xf6, 0xf9,
  0xf8, 0xfd, 0xee, 0xc7, 0x98, 0x84, 0xb1, 0xb5, 0xb0, 0xbb, 0xad, 0x9b, 0x83, 0x4e, 0x30, 0x31,
  0x23, 0x1d, 0x33, 0x27, 0x3a, 0x33, 0x0f, 0x0b, 0x00, 0x00, 0x0b, 0x01, 0x04, 0x01, 0x00, 0x00,
  0x00, 0x01, 0x00, 0x00, 0x01, 0x02, 0x00, 0x00, 0x00, 0x00, 0x00, 0x00, 0x00, 0x00, 0x00, 0x00,
  0x00, 0x00, 0x00, 0x00, 0x00, 0x00, 0x00, 0x00, 0x00, 0x00, 0x00, 0x00, 0x00, 0x00, 0x00, 0x00,
  0x00, 0x00, 0x00, 0x00, 0x00, 0x00, 0x00, 0x00, 0x00, 0x00, 0x00, 0x00, 0x00, 0x00, 0x00, 0x00,
  0x00, 0x00, 0x00, 0x00, 0x00, 0x00, 0x00, 0x00, 0x00, 0x00, 0x00, 0x00, 0x00, 0x00, 0x00, 0x06,
  0x05, 0x00, 0x00, 0x01, 0x00, 0x04, 0x01, 0x0a, 0x0f, 0x05, 0x00, 0x00, 0x00, 0x00, 0x00, 0x02,
  0x04, 0x05, 0x28, 0x50, 0x04, 0x09, 0x04, 0x07, 0x33, 0x2e, 0x02, 0x17, 0x08, 0x01, 0x00, 0x01,
  0x01, 0x02, 0x02, 0x00, 0x1e, 0x37, 0x5b, 0x18, 0x08, 0x1a, 0x30, 0x67, 0x6e, 0x58, 0x41, 0x52,
  0x5b, 0x21, 0x23, 0x27, 0x39, 0x4f, 0x57, 0x75, 0x9e, 0xe9, 0xfa, 0xf1, 0xec, 0xf5, 0xf5, 0xfb,
  0xf9, 0xe0, 0xaf, 0xb0, 0xd4, 0xe0, 0xe9, 0xee, 0xf0, 0xf2, 0xf8, 0xfc, 0xf7, 0xfc, 0xfb, 0xfb,
  0xfb, 0xfc, 0xfc, 0xfd, 0xfb, 0xfe, 0xfe, 0xfd, 0xfe, 0xfd, 0xfe, 0xfd, 0xfd, 0xfe, 0xfd, 0xfe,
  0xfe, 0xfe, 0xfe, 0xfd, 0xfe, 0xfd, 0xfd, 0xfe, 0xfd, 0xfe, 0xfd, 0xfd, 0xfe, 0xfd, 0xfd, 0xfe,
  0xfe, 0xfe, 0xfd, 0xfc, 0xfc, 0xfd, 0xfd, 0xfb, 0xfc, 0xfe, 0xfd, 0xfc, 0xfa, 0xfc, 0xfc, 0xfc,
  0xfe, 0xfc, 0xfb, 0xfc, 0xfc, 0xfc, 0xfb, 0xfa, 0xfb, 0xfb, 0xfa, 0xfa, 0xfa, 0xf8, 0xfb, 0xf8,
  0xf7, 0xf6, 0xf4, 0xf4, 0xf7, 0xfd, 0xf8, 0xe7, 0xc8, 0xc6, 0xb9, 0x90, 0x86, 0x83, 0x8b, 0x6d,
  0x6d, 0x6f, 0x78, 0x66, 0x66, 0x7c, 0x4a, 0x24, 0x30, 0x3f, 0x6c, 0x5c, 0x21, 0x2f, 0x3a, 0x29,
  0x11, 0x05, 0x05, 0x01, 0x00, 0x00, 0x00, 0x00, 0x00, 0x01, 0x01, 0x00, 0x02, 0x02, 0x02, 0x02,
  0x04, 0x00, 0x00, 0x00, 0x00, 0x00, 0x00, 0x00, 0x00, 0x00, 0x00, 0x00, 0x00, 0x00, 0x00, 0x00,
  0x00, 0x00, 0x00, 0x00, 0x00, 0x00, 0x00, 0x00, 0x00, 0x00, 0x00, 0x00, 0x00, 0x00, 0x00, 0x00,
  0x00, 0x00, 0x00, 0x00, 0x00, 0x00, 0x00, 0x00, 0x00, 0x00, 0x00, 0x00, 0x00, 0x00, 0x00, 0x00,
  0x00, 0x00, 0x01, 0x04, 0x03, 0x02, 0x04, 0x01, 0x02, 0x0b, 0x1e, 0x3c, 0x45, 0x26, 0x14, 0x03,
  0x00, 0x00, 0x00, 0x00, 0x00, 0x03, 0x07, 0x02, 0x08, 0x00, 0x03, 0x03, 0x00, 0x38, 0x72, 0x07,
  0x04, 0x05, 0x03, 0x05, 0x08, 0x05, 0x00, 0x16, 0x64, 0x40, 0x29, 0x1b, 0x0b, 0x1f, 0x28, 0x27,
  0x36, 0x39, 0x21, 0x2d, 0x2a, 0x23, 0x3a, 0x57, 0x54, 0x54, 0x7e, 0xd4, 0xf4, 0xf5, 0xff, 0xff,
  0xfb, 0xf2, 0xf3, 0xe2, 0xc1, 0xa3, 0x78, 0x69, 0xb1, 0xd4, 0xb8, 0xe4, 0xeb, 0xf6, 0xf6, 0xf6,
  0xf8, 0xf5, 0xfa, 0xfb, 0xfc, 0xfc, 0xfc, 0xfe, 0xfd, 0xfd, 0xfd, 0xfd, 0xfe, 0xff, 0xfe, 0xfe,
  0xfd, 0xff, 0xff, 0xfe, 0xfe, 0xfe, 0xff, 0xff, 0xff, 0xff, 0xfe, 0xff, 0xff, 0xfe, 0xfe, 0xff,
  0xff, 0xfe, 0xfe, 0xff, 0xff, 0xfe, 0xfe, 0xfe, 0xfd, 0xfe, 0xfe, 0xfe, 0xfd, 0xfd, 0xfe, 0xfb,
  0xfa, 0xf7, 0xfa, 0xfe, 0xfd, 0xfe, 0xfd, 0xfc, 0xfc, 0xfc, 0xfe, 0xfa, 0xf6, 0xfc, 0xfd, 0xfb,
  0xfe, 0xfd, 0xf8, 0xfa, 0xfd, 0xfa, 0xf7, 0xf3, 0xf1, 0xf9, 0xf4, 0xf2, 0xe3, 0xe9, 0xdc, 0xb6,
  0x7f, 0x64, 0x62, 0x66, 0x4d, 0x38, 0x49, 0x89, 0x7c, 0x5b, 0x49, 0x42, 0x1e, 0x54, 0x71, 0x67,
  0x5a, 0x3d, 0x4e, 0x27, 0x1d, 0x14, 0x05, 0x02, 0x01, 0x00, 0x00, 0x00, 0x00, 0x00, 0x00, 0x00,
  0x00, 0x02, 0x01, 0x0a, 0x0e, 0x06, 0x01, 0x00, 0x00, 0x00, 0x00, 0x00, 0x00, 0x00, 0x01, 0x00,
  0x00, 0x00, 0x00, 0x00, 0x00, 0x00, 0x00, 0x00, 0x00, 0x00, 0x00, 0x00, 0x00, 0x00, 0x00, 0x00,
  0x00, 0x00, 0x01, 0x01, 0x00, 0x00, 0x00, 0x00, 0x00, 0x00, 0x00, 0x00, 0x00, 0x00, 0x00, 0x00,
  0x00, 0x00, 0x00, 0x00, 0x00, 0x00, 0x00, 0x00, 0x04, 0x00, 0x02, 0x04, 0x00, 0x00, 0x15, 0x38,
  0x5f, 0x75, 0x50, 0x3b, 0x07, 0x00, 0x00, 0x00, 0x00, 0x00, 0x00, 0x00, 0x00, 0x00, 0x00, 0x01,
  0x01, 0x03, 0x1d, 0x1c, 0x1f, 0x34, 0x1b, 0x07, 0x0e, 0x02, 0x0b, 0x23, 0x86, 0x8e, 0x24, 0x18,
  0x1e, 0x1e, 0x26, 0x0f, 0x1e, 0x32, 0x25, 0x27, 0x2a, 0x32, 0x27, 0x43, 0x6b, 0x58, 0x70, 0xa1,
  0xd9, 0xf2, 0xf1, 0xe3, 0xbc, 0x87, 0x6c, 0xa2, 0x6f, 0x45, 0x5d, 0x78, 0x76, 0xb0, 0xcc, 0xbc,
  0xcf, 0xce, 0xec, 0xed, 0xf3, 0xde, 0xe7, 0xfc, 0xf9, 0xf9, 0xfa, 0xfd, 0xfd, 0xfe, 0xfd, 0xfd,
  0xff, 0xff, 0xff, 0xfe, 0xfc, 0xfe, 0xfe, 0xff, 0xff, 0xfe, 0xfe, 0xff, 0xff, 0xfe, 0xfd, 0xfe,
  0xfd, 0xff, 0xfe, 0xfe, 0xfe, 0xfe, 0xff, 0xfe, 0xfd, 0xfd, 0xfd, 0xfe, 0xff, 0xfc, 0xfb, 0xfd,
  0xfd, 0xfd, 0xfb, 0xfd, 0xfc, 0xf9, 0xf9, 0xe9, 0xfb, 0xfb, 0xfe, 0xff, 0xfc, 0xfb, 0xfc, 0xfd,
  0xfc, 0xf0, 0xf7, 0xf7, 0xfa, 0xfb, 0xfb, 0xfa, 0xfb, 0xf7, 0xf8, 0xdc, 0xc1, 0xc2, 0xe6, 0xdb,
  0xdd, 0xbe, 0xbf, 0xaf, 0x62, 0x57, 0x70, 0x4d, 0x57, 0x68, 0x44, 0x49, 0x49, 0x53, 0x34, 0x21,
  0x26, 0x49, 0x53, 0x27, 0x18, 0x09, 0x12, 0x1e, 0x0c, 0x03, 0x05, 0x02, 0x00, 0x00, 0x00, 0x00,
  0x00, 0x00, 0x00, 0x00, 0x00, 0x01, 0x00, 0x45, 0xb3, 0x48, 0x00, 0x00, 0x00, 0x00, 0x00, 0x00,
  0x00, 0x00, 0x00, 0x01, 0x00, 0x00, 0x00, 0x00, 0x00, 0x00, 0x00, 0x00, 0x00, 0x00, 0x00, 0x00,
  0x00, 0x00, 0x00, 0x00, 0x00, 0x00, 0x00, 0x01, 0x00, 0x00, 0x00, 0x00, 0x00, 0x00, 0x00, 0x00,
  0x00, 0x00, 0x00, 0x00, 0x00, 0x00, 0x00, 0x00, 0x00, 0x00, 0x00, 0x00, 0x00, 0x00, 0x00, 0x00,
  0x00, 0x00, 0x00, 0x1d, 0x68, 0x66, 0x65, 0x53, 0x1e, 0x01, 0x00, 0x00, 0x00, 0x00, 0x00, 0x00,
  0x00, 0x00, 0x00, 0x01, 0x03, 0x00, 0x02, 0x08, 0x06, 0x22, 0x35, 0x11, 0x03, 0x00, 0x02, 0x13,
  0x19, 0x20, 0x03, 0x46, 0x59, 0x1c, 0x14, 0x2c, 0x57, 0x78, 0x74, 0x2d, 0x2a, 0x36, 0x32, 0x32,
  0x41, 0x7f, 0xe0, 0xff, 0xfe, 0xea, 0xbf, 0x90, 0x6e, 0x68, 0x5d, 0x58, 0x74, 0x68, 0x68, 0x7b,
  0x6e, 0x6f, 0x93, 0xa4, 0x9c, 0xbb, 0xc6, 0xdc, 0xd9, 0xd4, 0xbb, 0xec, 0xfc, 0xf9, 0xfb, 0xfb,
  0xfb, 0xfc, 0xfa, 0xfb, 0xfe, 0xfd, 0xfc, 0xfc, 0xfd, 0xfe, 0xfd, 0xfe, 0xfe, 0xfd, 0xfe, 0xfe,
  0xfe, 0xfd, 0xfd, 0xfe, 0xfe, 0xfd, 0xfd, 0xfd, 0xfe, 0xfe, 0xfd, 0xfd, 0xfb, 0xfc, 0xfd, 0xfe,
  0xfd, 0xfa, 0xfb, 0xfc, 0xfb, 0xfb, 0xfa, 0xf9, 0xf5, 0xf5, 0xf8, 0xef, 0xd0, 0xf7, 0xf9, 0xfc,
  0xf4, 0xf5, 0xf8, 0xf7, 0xf3, 0xf3, 0xeb, 0xe5, 0xe8, 0xf8, 0xe7, 0xda, 0xf7, 0xf8, 0xe7, 0xc9,
  0x84, 0xaa, 0xd9, 0xea, 0xcb, 0xb9, 0xb4, 0x62, 0x47, 0x4a, 0x33, 0x4a, 0x50, 0x50, 0x3a, 0x32,
  0x28, 0x31, 0x2e, 0x1a, 0x17, 0x31, 0x51, 0x2f, 0x0b, 0x08, 0x0a, 0x07, 0x01, 0x02, 0x00, 0x03,
  0x00, 0x00, 0x00, 0x00, 0x00, 0x00, 0x00, 0x00, 0x00, 0x02, 0x00, 0x57, 0xd9, 0xea, 0x55, 0x00,
  0x01, 0x00, 0x00, 0x00, 0x00, 0x00, 0x01, 0x00, 0x00, 0x00, 0x00, 0x00, 0x00, 0x00, 0x00, 0x00,
  0x00, 0x00, 0x00, 0x00, 0x00, 0x00, 0x00, 0x00, 0x00, 0x00, 0x00, 0x00, 0x00, 0x00, 0x00, 0x00,
  0x00, 0x00, 0x00, 0x00, 0x00, 0x00, 0x00, 0x00, 0x00, 0x00, 0x00, 0x00, 0x00, 0x00, 0x00, 0x00,
  0x00, 0x00, 0x00, 0x00, 0x00, 0x00, 0x00, 0x05, 0x26, 0x57, 0x70, 0x74, 0x44, 0x09, 0x05, 0x01,
  0x00, 0x00, 0x00, 0x00, 0x00, 0x00, 0x00, 0x00, 0x00, 0x01, 0x00, 0x00, 0x01, 0x04, 0x00, 0x00,
  0x00, 0x00, 0x17, 0x20, 0x03, 0x00, 0x0a, 0x3f, 0x37, 0x09, 0x16, 0x27, 0x52, 0x5b, 0x4c, 0x3c,
  0x2e, 0x44, 0x61, 0x81, 0xbe, 0xe4, 0xea, 0xdd, 0xb6, 0x83, 0x5f, 0x49, 0x45, 0x3c, 0x3c, 0x48,
  0x82, 0x9a, 0x82, 0x82, 0x62, 0x6f, 0x9d, 0x8a, 0xcb, 0xec, 0xd7, 0xcc, 0xcf, 0xc4, 0xa8, 0xcf,
  0xf0, 0xfa, 0xfa, 0xf9, 0xfb, 0xfd, 0xfd, 0xfb, 0xfc, 0xfd, 0xfe, 0xff, 0xff, 0xfe, 0xfe, 0xff,
  0xff, 0xfe, 0xfe, 0xff, 0xff, 0xff, 0xfe, 0xfe, 0xfe, 0xfd, 0xfe, 0xfe, 0xfe, 0xfd, 0xfd, 0xfd,
  0xfd, 0xfe, 0xfc, 0xfd, 0xfe, 0xfd, 0xfb, 0xfd, 0xfa, 0xfa, 0xff, 0xfd, 0xf8, 0xf0, 0xef, 0xf1,
  0xf4, 0xee, 0xf7, 0xfe, 0xfc, 0xe9, 0xee, 0xff, 0xfd, 0xf7, 0xf9, 0xec, 0xcc, 0xf0, 0xe1, 0xdf,
  0xc6, 0xb6, 0xaa, 0xdb, 0xcd, 0x5d, 0x84, 0xa7, 0xc8, 0x92, 0x93, 0xa3, 0x54, 0x27, 0x2f, 0x1d,
  0x27, 0x3d, 0x23, 0x0d, 0x10, 0x15, 0x15, 0x15, 0x08, 0x19, 0x33, 0x22, 0x10, 0x08, 0x07, 0x05,
  0x01, 0x01, 0x00, 0x00, 0x00, 0x00, 0x00, 0x00, 0x00, 0x00, 0x00, 0x00, 0x00, 0x00, 0x00, 0x02,
  0x44, 0x92, 0x98, 0x2d, 0x00, 0x01, 0x00, 0x00, 0x00, 0x01, 0x01, 0x09, 0x02, 0x00, 0x00, 0x00,
  0x00, 0x00, 0x00, 0x00, 0x00, 0x00, 0x00, 0x00, 0x00, 0x00, 0x00, 0x00, 0x00, 0x00, 0x00, 0x00,
  0x00, 0x00, 0x00, 0x00, 0x00, 0x00, 0x00, 0x00, 0x00, 0x00, 0x00, 0x00, 0x00, 0x00, 0x00, 0x00,
  0x00, 0x00, 0x00, 0x00, 0x00, 0x00, 0x00, 0x00, 0x00, 0x00, 0x00, 0x00, 0x05, 0x0c, 0x23, 0x49,
  0x71, 0x34, 0x00, 0x02, 0x00, 0x00, 0x00, 0x00, 0x02, 0x01, 0x00, 0x02, 0x01, 0x01, 0x01, 0x03,
  0x02, 0x02, 0x01, 0x06, 0x05, 0x06, 0x0e, 0x39, 0x2b, 0x0b, 0x1d, 0x10, 0x07, 0x1b, 0x35, 0x57,
  0x4f, 0x44, 0x50, 0x78, 0x8f, 0x9c, 0xcb, 0xde, 0xef, 0xf0, 0xb8, 0x81, 0x68, 0x61, 0x52, 0x24,
  0x1c, 0x21, 0x24, 0x21, 0x77, 0xb5, 0x49, 0x2d, 0x77, 0x86, 0x92, 0xa0, 0xc0, 0xdd, 0xc7, 0xaa,
  0xcd, 0xbd, 0xcd, 0xd9, 0xfb, 0xf6, 0xfa, 0xfa, 0xf9, 0xfb, 0xfb, 0xfd, 0xfd, 0xfc, 0xfd, 0xfc,
  0xfd, 0xfe, 0xfd, 0xff, 0xfe, 0xfe, 0xfe, 0xfc, 0xfe, 0xfd, 0xfd, 0xfd, 0xfb, 0xfd, 0xfd, 0xfd,
  0xfe, 0xfb, 0xfc, 0xfc, 0xfb, 0xfd, 0xfc, 0xfa, 0xfb, 0xf9, 0xf9, 0xf9, 0xf3, 0xf1, 0xf3, 0xf2,
  0xf9, 0xfc, 0xf8, 0xef, 0xea, 0xf0, 0xd8, 0xd4, 0xe2, 0xe5, 0xd8, 0xc7, 0xb6, 0xcf, 0xec, 0xf2,
  0xe1, 0xb2, 0x91, 0xb9, 0xe4, 0xcb, 0xab, 0x4b, 0x84, 0x8b, 0x48, 0x56, 0x68, 0x76, 0x69, 0x79,
  0xa2, 0x64, 0x2f, 0x10, 0x1c, 0x18, 0x0a, 0x11, 0x13, 0x0d, 0x18, 0x06, 0x06, 0x0b, 0x19, 0x1d,
  0x10, 0x0c, 0x0a, 0x0f, 0x0e, 0x06, 0x02, 0x02, 0x03, 0x04, 0x00, 0x00, 0x00, 0x00, 0x00, 0x00,
  0x00, 0x00, 0x00, 0x00, 0x06, 0x01, 0x0b, 0x16, 0x11, 0x02, 0x00, 0x00, 0x00, 0x00, 0x01, 0x00,
  0x01, 0x00, 0x01, 0x01, 0x00, 0x00, 0x00, 0x00, 0x00, 0x00, 0x00, 0x00, 0x00, 0x00, 0x00, 0x00,
  0x00, 0x00, 0x00, 0x00, 0x00, 0x00, 0x00, 0x00, 0x00, 0x00, 0x00, 0x00, 0x00, 0x00, 0x00, 0x00,
  0x00, 0x00, 0x00, 0x00, 0x00, 0x00, 0x00, 0x00, 0x00, 0x00, 0x00, 0x00, 0x00, 0x00, 0x00, 0x00,
  0x00, 0x00, 0x01, 0x09, 0x15, 0x25, 0x0f, 0x01, 0x00, 0x00, 0x00, 0x01, 0x01, 0x05, 0x04, 0x03,
  0x03, 0x01, 0x03, 0x06, 0x00, 0x01, 0x00, 0x02, 0x06, 0x07, 0x0a, 0x0b, 0x13, 0x1c, 0x23, 0x40,
  0x23, 0x3c, 0x42, 0x53, 0x5f, 0x74, 0x67, 0xa3, 0xd9, 0xef, 0xdf, 0xc8, 0xb3, 0x91, 0x72, 0x48,
  0x42, 0x4e, 0x41, 0x4a, 0x31, 0x23, 0x1c, 0x33, 0x41, 0x7e, 0x47, 0x42, 0x62, 0x75, 0x90, 0xbf,
  0xba, 0x98, 0xca, 0xb3, 0xb3, 0xe3, 0xde, 0xd4, 0xd0, 0xf6, 0xf9, 0xfa, 0xf7, 0xf9, 0xfb, 0xfc,
  0xfc, 0xfb, 0xfc, 0xfc, 0xfc, 0xfe, 0xfd, 0xfd, 0xfd, 0xfd, 0xfe, 0xfc, 0xfb, 0xfc, 0xfb, 0xfc,
  0xfa, 0xf8, 0xfb, 0xfc, 0xfd, 0xfd, 0xfa, 0xfb, 0xfc, 0xfc, 0xfb, 0xfa, 0xf8, 0xf5, 0xef, 0xf0,
  0xee, 0xe2, 0xe0, 0xe9, 0xe1, 0xe5, 0xdc, 0xce, 0xc3, 0xdc, 0xd1, 0xd3, 0xea, 0xb1, 0xae, 0xbf,
  0x94, 0x95, 0x7a, 0x99, 0xd2, 0xbc, 0xcb, 0x6c, 0x78, 0xa4, 0x93, 0xbb, 0x76, 0x7e, 0x4f, 0x23,
  0x70, 0x71, 0x3f, 0x5a, 0x48, 0x53, 0x56, 0x22, 0x18, 0x0d, 0x3c, 0x22, 0x07, 0x0c, 0x0d, 0x10,
  0x02, 0x03, 0x05, 0x08, 0x0a, 0x02, 0x05, 0x07, 0x07, 0x08, 0x05, 0x04, 0x02, 0x01, 0x02, 0x01,
  0x00, 0x00, 0x01, 0x00, 0x00, 0x00, 0x00, 0x00, 0x00, 0x00, 0x01, 0x04, 0x05, 0x02, 0x01, 0x00,
  0x00, 0x00, 0x00, 0x00, 0x00, 0x00, 0x00, 0x00, 0x00, 0x00, 0x00, 0x00, 0x00, 0x00, 0x00, 0x00,
  0x00, 0x00, 0x00, 0x00, 0x00, 0x00, 0x00, 0x00, 0x00, 0x00, 0x00, 0x00, 0x00, 0x00, 0x00, 0x00,
  0x00, 0x00, 0x00, 0x00, 0x00, 0x00, 0x00, 0x00, 0x00, 0x00, 0x00, 0x00, 0x00, 0x00, 0x00, 0x00,
  0x00, 0x00, 0x00, 0x00, 0x00, 0x00, 0x00, 0x01, 0x02, 0x06, 0x07, 0x02, 0x00, 0x00, 0x00, 0x00,
  0x01, 0x04, 0x03, 0x00, 0x02, 0x02, 0x00, 0x00, 0x00, 0x04, 0x00, 0x0d, 0x10, 0x12, 0x20, 0x14,
  0x16, 0x02, 0x0f, 0x0c, 0x14, 0x3e, 0x50, 0x4b, 0x80, 0x9b, 0xaa, 0xd3, 0xee, 0xcc, 0x97, 0x6b,
  0x51, 0x37, 0x37, 0x2e, 0x40, 0x3c, 0x2d, 0x49, 0x2e, 0x14, 0x21, 0x18, 0x3f, 0x62, 0x40, 0x0e,
  0x23, 0x34, 0x56, 0x5f, 0x55, 0x3b, 0x64, 0x85, 0x75, 0xa2, 0xac, 0x9e, 0xcb, 0xad, 0xf8, 0xfa,
  0xf8, 0xf8, 0xf6, 0xfa, 0xfc, 0xfc, 0xfd, 0xfc, 0xfc, 0xfd, 0xfe, 0xff, 0xfd, 0xfc, 0xfd, 0xfd,
  0xfe, 0xfd, 0xfc, 0xfa, 0xfa, 0xfc, 0xfb, 0xfb, 0xfa, 0xfb, 0xfb, 0xfb, 0xfb, 0xf6, 0xf8, 0xfa,
  0xf9, 0xf4, 0xef, 0xf6, 0xf8, 0xfb, 0xdf, 0xe0, 0xe4, 0xd3, 0xcb, 0x8e, 0x67, 0x99, 0xc5, 0xc5,
  0xc5, 0xdb, 0xc6, 0xcc, 0xd2, 0xa4, 0x4b, 0x73, 0x93, 0xdc, 0xa3, 0x8e, 0x99, 0x74, 0x4d, 0x43,
  0x90, 0x7a, 0x75, 0x43, 0x1f, 0x3c, 0x23, 0x37, 0x36, 0x24, 0x2b, 0x21, 0x0a, 0x0c, 0x00, 0x5f,
  0x4c, 0x0d, 0x01, 0x00, 0x07, 0x02, 0x01, 0x01, 0x05, 0x06, 0x01, 0x01, 0x01, 0x02, 0x01, 0x01,
  0x01, 0x00, 0x00, 0x00, 0x01, 0x00, 0x00, 0x00, 0x00, 0x00, 0x00, 0x00, 0x00, 0x00, 0x00, 0x00,
  0x01, 0x01, 0x00, 0x00, 0x00, 0x00, 0x00, 0x00, 0x00, 0x00, 0x00, 0x00, 0x00, 0x00, 0x00, 0x00,
  0x00, 0x00, 0x00, 0x00, 0x00, 0x00, 0x00, 0x00, 0x00, 0x00, 0x00, 0x00, 0x00, 0x00, 0x00, 0x00,
  0x00, 0x00, 0x00, 0x00, 0x00, 0x00, 0x00, 0x00, 0x00, 0x00, 0x00, 0x00, 0x00, 0x00, 0x00, 0x00,
  0x00, 0x00, 0x00, 0x00, 0x00, 0x00, 0x00, 0x00, 0x00, 0x00, 0x00, 0x00, 0x00, 0x01, 0x01, 0x02,
  0x01, 0x00, 0x00, 0x00, 0x00, 0x03, 0x08, 0x04, 0x0f, 0x0a, 0x00, 0x00, 0x04, 0x2f, 0x27, 0x02,
  0x28, 0x1e, 0x0d, 0x0f, 0x10, 0x0f, 0x0d, 0x1b, 0x36, 0x51, 0x89, 0xae, 0xbb, 0xea, 0xe2, 0xdb,
  0xab, 0x73, 0x3f, 0x1e, 0x2e, 0x2f, 0x2c, 0x2b, 0x1f, 0x20, 0x22, 0x32, 0x4a, 0x1c, 0x09, 0x14,
  0x16, 0x11, 0x3f, 0x32, 0x1e, 0x2c, 0x1a, 0x0b, 0x2a, 0x60, 0x6a, 0x7a, 0x7c, 0x87, 0x98, 0xa1,
  0x77, 0x8d, 0x94, 0xf2, 0xf6, 0xfa, 0xfa, 0xf9, 0xf9, 0xfc, 0xfc, 0xfd, 0xfc, 0xfc, 0xfd, 0xfd,
  0xfc, 0xfc, 0xfd, 0xfc, 0xfd, 0xfc, 0xfb, 0xf9, 0xf9, 0xfa, 0xfa, 0xf9, 0xfb, 0xfa, 0xfc, 0xfa,
  0xf9, 0xf7, 0xf5, 0xf5, 0xf7, 0xf7, 0xf4, 0xe3, 0xe3, 0xd0, 0xbb, 0x82, 0x9b, 0xb7, 0x78, 0x7c,
  0x7c, 0x8e, 0xab, 0xa6, 0x79, 0x69, 0xac, 0xc9, 0xaa, 0x6e, 0x54, 0x2f, 0x40, 0x86, 0xba, 0x85,
  0x7f, 0x85, 0x41, 0x2e, 0x39, 0x85, 0x4a, 0x46, 0x37, 0x1c, 0x47, 0x25, 0x1a, 0x1f, 0x14, 0x45,
  0x43, 0x27, 0x1c, 0x0f, 0x0a, 0x2e, 0x4d, 0x48, 0x5a, 0x39, 0x00, 0x01, 0x02, 0x04, 0x03, 0x00,
  0x00, 0x01, 0x01, 0x00, 0x01, 0x00, 0x00, 0x00, 0x00, 0x01, 0x00, 0x00, 0x00, 0x00, 0x00, 0x00,
  0x00, 0x00, 0x00, 0x00, 0x00, 0x00, 0x00, 0x00, 0x00, 0x00, 0x00, 0x00, 0x00, 0x00, 0x00, 0x00,
  0x00, 0x00, 0x00, 0x00, 0x00, 0x00, 0x00, 0x00, 0x00, 0x00, 0x00, 0x00, 0x00, 0x00, 0x00, 0x00,
  0x00, 0x00, 0x00, 0x00, 0x00, 0x00, 0x00, 0x00, 0x00, 0x00, 0x00, 0x00, 0x00, 0x00, 0x00, 0x00,
  0x00, 0x00, 0x00, 0x00, 0x00, 0x00, 0x00, 0x00, 0x00, 0x00, 0x00, 0x00, 0x00, 0x00, 0x00, 0x00,
  0x00, 0x00, 0x00, 0x00, 0x00, 0x00, 0x00, 0x00, 0x04, 0x09, 0x10, 0x07, 0x01, 0x14, 0x15, 0x04,
  0x02, 0x0c, 0x2f, 0x0a, 0x0b, 0x00, 0x00, 0x00, 0x03, 0x03, 0x0f, 0x16, 0x56, 0x7f, 0x79, 0xbd,
  0xd7, 0xea, 0xd1, 0x7a, 0x38, 0x0a, 0x04, 0x0f, 0x0e, 0x25, 0x20, 0x14, 0x0b, 0x05, 0x02, 0x07,
  0x1d, 0x06, 0x03, 0x03, 0x09, 0x0e, 0x16, 0x63, 0x7b, 0x1e, 0x08, 0x09, 0x06, 0x2d, 0x6b, 0x50,
  0x54, 0x76, 0x67, 0x46, 0x84, 0x9d, 0xd1, 0xd8, 0xf3, 0xf7, 0xf9, 0xf2, 0xf4, 0xf8, 0xfc, 0xfc,
  0xfc, 0xfa, 0xfb, 0xfd, 0xfe, 0xfd, 0xfb, 0xfc, 0xfb, 0xfc, 0xfb, 0xfb, 0xf4, 0xf0, 0xee, 0xeb,
  0xf5, 0xf1, 0xe9, 0xf9, 0xf5, 0xf8, 0xf5, 0xf4, 0xf6, 0xf2, 0xdb, 0xc7, 0x97, 0x7d, 0x4e, 0x37,
  0x42, 0x58, 0x73, 0x66, 0x55, 0x75, 0x67, 0x7b, 0x94, 0x6c, 0x3a, 0x58, 0x60, 0x39, 0x0d, 0x14,
  0x51, 0x31, 0x6a, 0xa8, 0x92, 0xa0, 0x48, 0x49, 0x46, 0x46, 0x88, 0x43, 0x1a, 0x13, 0x08, 0x2d,
  0x16, 0x06, 0x0b, 0x08, 0x2e, 0x28, 0x12, 0x1f, 0x4c, 0x29, 0x0a, 0x67, 0x9b, 0x8a, 0x51, 0x09,
  0x03, 0x06, 0x02, 0x04, 0x00, 0x00, 0x00, 0x00, 0x00, 0x00, 0x00, 0x02, 0x01, 0x01, 0x01, 0x00,
  0x00, 0x00, 0x00, 0x00, 0x00, 0x00, 0x00, 0x00, 0x00, 0x00, 0x00, 0x00, 0x00, 0x00, 0x00, 0x00,
  0x00, 0x00, 0x00, 0x00, 0x00, 0x00, 0x00, 0x00, 0x00, 0x00, 0x00, 0x00, 0x00, 0x00, 0x00, 0x00,
  0x00, 0x00, 0x00, 0x00, 0x00, 0x00, 0x00, 0x00, 0x00, 0x00, 0x00, 0x00, 0x00, 0x00, 0x00, 0x00,
  0x00, 0x00, 0x00, 0x00, 0x00, 0x00, 0x00, 0x00, 0x00, 0x00, 0x00, 0x00, 0x00, 0x00, 0x00, 0x00,
  0x00, 0x00, 0x00, 0x00, 0x00, 0x00, 0x00, 0x00, 0x00, 0x01, 0x02, 0x00, 0x00, 0x00, 0x12, 0x11,
  0x03, 0x01, 0x13, 0x1d, 0x0b, 0x04, 0x04, 0x00, 0x00, 0x09, 0x0a, 0x0f, 0x26, 0x1c, 0x40, 0x86,
  0xa7, 0xd8, 0xd2, 0xd8, 0xb2, 0x93, 0x78, 0x42, 0x14, 0x05, 0x06, 0x07, 0x07, 0x0e, 0x0b, 0x02,
  0x01, 0x08, 0x05, 0x01, 0x02, 0x04, 0x03, 0x00, 0x03, 0x03, 0x08, 0x16, 0x28, 0x55, 0x33, 0x21,
  0x30, 0x1e, 0x15, 0x0f, 0x08, 0x1d, 0x1f, 0x27, 0x4e, 0x7a, 0x76, 0xc9, 0xe7, 0xf2, 0xf1, 0xf2,
  0xef, 0xf2, 0xfa, 0xfb, 0xfc, 0xfb, 0xfb, 0xfc, 0xfb, 0xfe, 0xfd, 0xfc, 0xfa, 0xfa, 0xfa, 0xf9,
  0xf4, 0xf0, 0xee, 0xf0, 0xea, 0xf2, 0xf4, 0xe8, 0xf1, 0xf6, 0xf6, 0xfc, 0xff, 0xff, 0xea, 0xac,
  0x89, 0x43, 0x31, 0x38, 0x3f, 0x48, 0x45, 0x4d, 0x4c, 0x3b, 0x3b, 0x3d, 0x32, 0x54, 0x5a, 0x36,
  0x33, 0x23, 0x33, 0x34, 0x4f, 0x32, 0x86, 0xb6, 0xbc, 0x8b, 0x87, 0x67, 0x4a, 0x39, 0x20, 0x74,
  0x58, 0x3a, 0x1e, 0x09, 0x26, 0x0d, 0x08, 0x10, 0x21, 0x1c, 0x11, 0x06, 0x05, 0x12, 0x16, 0x0a,
  0x15, 0x1a, 0x14, 0x19, 0x05, 0x00, 0x02, 0x02, 0x02, 0x00, 0x00, 0x04, 0x02, 0x03, 0x01, 0x00,
  0x01, 0x01, 0x00, 0x02, 0x00, 0x00, 0x00, 0x00, 0x00, 0x00, 0x00, 0x00, 0x00, 0x00, 0x00, 0x00,
  0x00, 0x00, 0x00, 0x00, 0x00, 0x00, 0x00, 0x00, 0x00, 0x00, 0x00, 0x00, 0x00, 0x00, 0x00, 0x00,
  0x00, 0x00, 0x00, 0x00, 0x00, 0x00, 0x00, 0x00, 0x00, 0x00, 0x00, 0x00, 0x00, 0x00, 0x00, 0x00,
  0x00, 0x00, 0x00, 0x00, 0x00, 0x00, 0x00, 0x00, 0x00, 0x00, 0x00, 0x00, 0x00, 0x00, 0x00, 0x00,
  0x00, 0x00, 0x00, 0x00, 0x00, 0x00, 0x00, 0x01, 0x02, 0x00, 0x00, 0x00, 0x00, 0x01, 0x00, 0x00,
  0x00, 0x00, 0x00, 0x00, 0x01, 0x06, 0x04, 0x00, 0x01, 0x04, 0x06, 0x05, 0x0b, 0x05, 0x00, 0x08,
  0x26, 0x7e, 0xb9, 0xd6, 0xf3, 0xe0, 0xb3, 0x84, 0x4a, 0x2f, 0x17, 0x21, 0x26, 0x1a, 0x04, 0x0d,
  0x0a, 0x03, 0x09, 0x02, 0x00, 0x01, 0x00, 0x00, 0x01, 0x00, 0x01, 0x01, 0x00, 0x08, 0x05, 0x05,
  0x0f, 0x15, 0x20, 0x30, 0x24, 0x23, 0x2c, 0x1a, 0x06, 0x11, 0x16, 0x2b, 0x36, 0x52, 0xa2, 0xa3,
  0xba, 0xd1, 0xe7, 0xed, 0xf9, 0xf3, 0xf6, 0xfd, 0xfb, 0xfe, 0xf9, 0xf8, 0xfc, 0xfc, 0xfc, 0xfa,
  0xfa, 0xfe, 0xfd, 0xf4, 0xee, 0xe7, 0xf1, 0xf0, 0xe7, 0xf5, 0xf1, 0xe8, 0xe7, 0xf2, 0xf6, 0xef,
  0xf5, 0xf4, 0xc0, 0xa6, 0xb2, 0x69, 0x52, 0x59, 0x3e, 0x39, 0x2f, 0x22, 0x13, 0x15, 0x15, 0x15,
  0x1c, 0x22, 0x24, 0x31, 0x43, 0x31, 0x3c, 0x3e, 0x45, 0xb2, 0xb5, 0xce, 0x98, 0xa3, 0x54, 0x40,
  0x5f, 0x33, 0x27, 0x28, 0x46, 0x60, 0x41, 0x21, 0x0c, 0x28, 0x26, 0x24, 0x1d, 0x33, 0x2f, 0x24,
  0x0e, 0x03, 0x01, 0x18, 0x15, 0x13, 0x05, 0x0e, 0x0e, 0x00, 0x01, 0x00, 0x00, 0x01, 0x03, 0x05,
  0x03, 0x05, 0x02, 0x01, 0x04, 0x00, 0x00, 0x00, 0x00, 0x00, 0x00, 0x00, 0x00, 0x00, 0x00, 0x00,
  0x00, 0x00, 0x00, 0x00, 0x00, 0x00, 0x00, 0x00, 0x00, 0x00, 0x00, 0x00, 0x00, 0x00, 0x00, 0x00,
  0x00, 0x00, 0x00, 0x00, 0x00, 0x00, 0x00, 0x00, 0x00, 0x00, 0x00, 0x00, 0x00, 0x00, 0x00, 0x00,
  0x00, 0x00, 0x00, 0x00, 0x00, 0x00, 0x00, 0x00, 0x00, 0x00, 0x00, 0x00, 0x00, 0x00, 0x00, 0x00,
  0x00, 0x00, 0x00, 0x00, 0x00, 0x00, 0x00, 0x00, 0x00, 0x00, 0x00, 0x00, 0x00, 0x00, 0x02, 0x00,
  0x00, 0x00, 0x01, 0x00, 0x00, 0x00, 0x00, 0x00, 0x02, 0x02, 0x00, 0x00, 0x03, 0x02, 0x04, 0x0d,
  0x0c, 0x1d, 0x24, 0x35, 0x7b, 0xbe, 0xd5, 0xc8, 0xb6, 0x6c, 0x35, 0x16, 0x09, 0x05, 0x04, 0x0d,
  0x0e, 0x1b, 0x0e, 0x05, 0x02, 0x01, 0x00, 0x01, 0x02, 0x00, 0x00, 0x00, 0x00, 0x00, 0x00, 0x01,
  0x03, 0x02, 0x04, 0x04, 0x04, 0x0e, 0x12, 0x0a, 0x13, 0x0f, 0x14, 0x1a, 0x19, 0x1d, 0x16, 0x1e,
  0x4b, 0x65, 0x7c, 0x77, 0x80, 0xa1, 0xb9, 0xe3, 0xf9, 0xf5, 0xf3, 0xf9, 0xfe, 0xf9, 0xf3, 0xf2,
  0xf5, 0xf8, 0xfb, 0xfd, 0xfc, 0xfc, 0xf7, 0xfa, 0xea, 0xd8, 0xbf, 0xc2, 0xcf, 0xc0, 0xc2, 0xda,
  0xbb, 0xc1, 0xe5, 0xeb, 0xe3, 0xc8, 0x8d, 0x97, 0xad, 0xaf, 0x76, 0x6d, 0x61, 0x47, 0x3c, 0x2d,
  0x3b, 0x31, 0x16, 0x1d, 0x13, 0x07, 0x07, 0x09, 0x10, 0x14, 0x13, 0x59, 0x51, 0x57, 0xac, 0x94,
  0x56, 0x5e, 0x92, 0x2a, 0x1b, 0x20, 0x1e, 0x1d, 0x26, 0x1f, 0x39, 0x1d, 0x0b, 0x0b, 0x17, 0x1f,
  0x39, 0x20, 0x10, 0x0c, 0x12, 0x0a, 0x03, 0x07, 0x22, 0x36, 0x1a, 0x04, 0x07, 0x05, 0x00, 0x00,
  0x00, 0x00, 0x05, 0x0a, 0x0c, 0x12, 0x04, 0x00, 0x1a, 0x0d, 0x00, 0x01, 0x01, 0x00, 0x00, 0x00,
  0x00, 0x00, 0x00, 0x00, 0x00, 0x00, 0x00, 0x00, 0x00, 0x00, 0x00, 0x00, 0x00, 0x00, 0x00, 0x00,
  0x00, 0x00, 0x00, 0x00, 0x00, 0x00, 0x00, 0x00, 0x00, 0x00, 0x00, 0x00, 0x00, 0x00, 0x00, 0x00,
  0x00, 0x00, 0x00, 0x00, 0x00, 0x00, 0x00, 0x00, 0x00, 0x00, 0x00, 0x00, 0x00, 0x00, 0x00, 0x00,
  0x00, 0x00, 0x00, 0x00, 0x00, 0x00, 0x00, 0x00, 0x00, 0x00, 0x00, 0x00, 0x00, 0x00, 0x00, 0x00,
  0x00, 0x0d, 0x46, 0x15, 0x01, 0x00, 0x00, 0x00, 0x00, 0x00, 0x00, 0x00, 0x00, 0x00, 0x01, 0x03,
  0x01, 0x00, 0x00, 0x00, 0x0b, 0x3b, 0x88, 0xaa, 0xb7, 0xa9, 0x67, 0x3f, 0x2b, 0x16, 0x06, 0x02,
  0x03, 0x04, 0x02, 0x01, 0x04, 0x1f, 0x30, 0x1e, 0x2b, 0x02, 0x00, 0x00, 0x01, 0x05, 0x03, 0x01,
  0x02, 0x01, 0x01, 0x01, 0x01, 0x04, 0x02, 0x04, 0x02, 0x04, 0x02, 0x01, 0x0a, 0x0a, 0x0f, 0x14,
  0x0f, 0x30, 0x50, 0x38, 0x4b, 0x57, 0x68, 0x69, 0x61, 0x97, 0xc8, 0xd7, 0xf4, 0xf4, 0xf2, 0xe0,
  0xe8, 0xec, 0xd2, 0xc0, 0xe6, 0xee, 0xf4, 0xfa, 0xfc, 0xfa, 0xf7, 0xe9, 0xef, 0xc6, 0xa8, 0x80,
  0xb6, 0xbc, 0x80, 0x6d, 0x77, 0xa2, 0xb3, 0xd4, 0xb2, 0x7a, 0x62, 0x69, 0x77, 0x58, 0x52, 0x4d,
  0x3d, 0x41, 0x58, 0x32, 0x16, 0x16, 0x23, 0x1f, 0x0c, 0x06, 0x05, 0x06, 0x07, 0x02, 0x0f, 0x57,
  0x86, 0x46, 0x25, 0x1c, 0x12, 0x17, 0x4c, 0x4a, 0x20, 0x22, 0x05, 0x11, 0x15, 0x22, 0x11, 0x0b,
  0x0e, 0x0b, 0x08, 0x2a, 0x2c, 0x10, 0x06, 0x06, 0x03, 0x09, 0x13, 0x05, 0x08, 0x24, 0x1b, 0x04,
  0x03, 0x02, 0x01, 0x00, 0x00, 0x01, 0x01, 0x06, 0x00, 0x35, 0x39, 0x00, 0x00, 0x25, 0x0e, 0x00,
  0x00, 0x00, 0x00, 0x00, 0x00, 0x00, 0x00, 0x00, 0x00, 0x00, 0x00, 0x00, 0x00, 0x00, 0x00, 0x00,
  0x00, 0x00, 0x00, 0x00, 0x00, 0x00, 0x00, 0x00, 0x00, 0x00, 0x00, 0x00, 0x00, 0x00, 0x00, 0x00,
  0x00, 0x00, 0x00, 0x00, 0x00, 0x00, 0x00, 0x00, 0x00, 0x00, 0x00, 0x00, 0x00, 0x00, 0x00, 0x00,
  0x00, 0x00, 0x00, 0x00, 0x00, 0x00, 0x00, 0x00, 0x00, 0x00, 0x00, 0x00, 0x00, 0x00, 0x00, 0x00,
  0x00, 0x00, 0x00, 0x00, 0x01, 0x00, 0x31, 0x7d, 0x0c, 0x00, 0x01, 0x00, 0x00, 0x00, 0x00, 0x00,
  0x00, 0x01, 0x00, 0x00, 0x00, 0x00, 0x12, 0x3f, 0x75, 0x87, 0x8b, 0x74, 0x50, 0x36, 0x10, 0x00,
  0x07, 0x03, 0x01, 0x08, 0x04, 0x02, 0x00, 0x00, 0x01, 0x01, 0x12, 0x18, 0x0c, 0x05, 0x00, 0x00,
  0x00, 0x01, 0x00, 0x00, 0x02, 0x00, 0x00, 0x01, 0x03, 0x02, 0x03, 0x01, 0x04, 0x03, 0x01, 0x03,
  0x00, 0x08, 0x0d, 0x0f, 0x16, 0x24, 0x36, 0x3b, 0x49, 0x48, 0x3f, 0x81, 0xbc, 0xe8, 0xfe, 0xe4,
  0xd5, 0xc7, 0xa7, 0xbb, 0xbd, 0xb1, 0xb6, 0xc7, 0xd7, 0xe6, 0xec, 0xf6, 0xf8, 0xf9, 0xfb, 0xf8,
  0xf3, 0xf0, 0xb6, 0x84, 0x54, 0x66, 0x64, 0x5d, 0x5c, 0x56, 0x6b, 0x5c, 0x6b, 0xab, 0x82, 0x4d,
  0x3c, 0x32, 0x17, 0x0f, 0x1e, 0x1b, 0x21, 0x29, 0x17, 0x0e, 0x02, 0x06, 0x0c, 0x07, 0x05, 0x04,
  0x06, 0x07, 0x08, 0x15, 0x3e, 0x24, 0x11, 0x08, 0x06, 0x1f, 0x21, 0x55, 0x25, 0x0d, 0x12, 0x07,
  0x0b, 0x11, 0x13, 0x08, 0x08, 0x07, 0x0a, 0x00, 0x3a, 0x58, 0x0e, 0x02, 0x06, 0x01, 0x03, 0x08,
  0x03, 0x06, 0x0d, 0x00, 0x01, 0x04, 0x05, 0x03, 0x00, 0x00, 0x01, 0x00, 0x21, 0x38, 0x39, 0x11,
  0x00, 0x00, 0x00, 0x00, 0x00, 0x00, 0x00, 0x00, 0x00, 0x00, 0x00, 0x00, 0x00, 0x00, 0x00, 0x00,
  0x00, 0x00, 0x00, 0x00, 0x00, 0x00, 0x00, 0x00, 0x00, 0x00, 0x00, 0x00, 0x00, 0x00, 0x00, 0x00,
  0x00, 0x00, 0x00, 0x00, 0x00, 0x00, 0x00, 0x00, 0x00, 0x00, 0x00, 0x00, 0x00, 0x00, 0x00, 0x00,
  0x00, 0x00, 0x00, 0x00, 0x00, 0x00, 0x00, 0x00, 0x00, 0x00, 0x00, 0x00, 0x00, 0x00, 0x00, 0x00,
  0x00, 0x00, 0x00, 0x00, 0x00, 0x00, 0x00, 0x00, 0x00, 0x00, 0x00, 0x08, 0x37, 0x0a, 0x00, 0x00,
  0x00, 0x00, 0x00, 0x01, 0x01, 0x00, 0x00, 0x02, 0x0e, 0x24, 0x53, 0x7c, 0x71, 0x50, 0x35, 0x0f,
  0x00, 0x00, 0x00, 0x01, 0x02, 0x03, 0x04, 0x02, 0x01, 0x00, 0x01, 0x00, 0x00, 0x01, 0x00, 0x00,
  0x00, 0x02, 0x00, 0x00, 0x01, 0x00, 0x00, 0x1f, 0x29, 0x02, 0x33, 0x24, 0x00, 0x01, 0x00, 0x00,
  0x01, 0x02, 0x01, 0x03, 0x04, 0x05, 0x09, 0x0f, 0x21, 0x1f, 0x2f, 0x33, 0x3d, 0x4d, 0x88, 0xd6,
  0xf8, 0xff, 0xc6, 0x9e, 0x8e, 0x76, 0x7e, 0x66, 0x47, 0x71, 0xcf, 0xd6, 0xee, 0xf2, 0xed, 0xe5,
  0xf5, 0xf6, 0xf8, 0xf5, 0xf6, 0xeb, 0xa7, 0x9c, 0x79, 0x56, 0x50, 0x66, 0x80, 0x71, 0x6e, 0x39,
  0x0f, 0x15, 0x4a, 0x3b, 0x1f, 0x18, 0x15, 0x17, 0x0e, 0x18, 0x10, 0x0b, 0x05, 0x04, 0x08, 0x04,
  0x02, 0x05, 0x05, 0x05, 0x03, 0x01, 0x04, 0x07, 0x06, 0x0a, 0x07, 0x0f, 0x0d, 0x1d, 0x58, 0x27,
  0x6a, 0x3a, 0x10, 0x0f, 0x06, 0x05, 0x09, 0x0b, 0x03, 0x02, 0x03, 0x04, 0x02, 0x09, 0x1b, 0x04,
  0x06, 0x06, 0x03, 0x01, 0x00, 0x02, 0x03, 0x02, 0x00, 0x01, 0x01, 0x03, 0x06, 0x01, 0x01, 0x07,
  0x17, 0x2d, 0x35, 0x0d, 0x00, 0x00, 0x02, 0x00, 0x00, 0x00, 0x00, 0x00, 0x01, 0x01, 0x01, 0x00,
  0x00, 0x00, 0x00, 0x00, 0x00, 0x00, 0x00, 0x00, 0x00, 0x00, 0x00, 0x00, 0x00, 0x00, 0x00, 0x00,
  0x00, 0x00, 0x00, 0x00, 0x00, 0x00, 0x00, 0x00, 0x00, 0x00, 0x00, 0x00, 0x00, 0x00, 0x00, 0x00,
  0x00, 0x00, 0x00, 0x00, 0x00, 0x00, 0x00, 0x00, 0x00, 0x00, 0x00, 0x00, 0x00, 0x00, 0x00, 0x00,
  0x00, 0x00, 0x00, 0x00, 0x00, 0x00, 0x00, 0x00, 0x00, 0x00, 0x00, 0x00, 0x00, 0x01, 0x00, 0x00,
  0x01, 0x16, 0x04, 0x00, 0x01, 0x01, 0x01, 0x00, 0x00, 0x00, 0x08, 0x20, 0x41, 0x4e, 0x41, 0x31,
  0x15, 0x03, 0x00, 0x00, 0x00, 0x01, 0x02, 0x01, 0x00, 0x00, 0x01, 0x00, 0x00, 0x00, 0x00, 0x00,
  0x00, 0x00, 0x00, 0x00, 0x00, 0x00, 0x00, 0x00, 0x00, 0x00, 0x00, 0x01, 0x77, 0x64, 0x07, 0x83,
  0x33, 0x00, 0x01, 0x00, 0x00, 0x00, 0x01, 0x04, 0x05, 0x14, 0x13, 0x15, 0x2a, 0x2b, 0x2a, 0x4b,
  0x6c, 0xa9, 0xd2, 0xf1, 0xe8, 0x9e, 0x6a, 0x5f, 0x64, 0x74, 0x51, 0x4e, 0x5a, 0x8d, 0xcf, 0xe5,
  0xea, 0xdb, 0xd3, 0xc6, 0x96, 0x95, 0xd0, 0xf1, 0xed, 0xd4, 0xe9, 0x9a, 0x9e, 0x8d, 0x86, 0xb5,
  0xa2, 0x94, 0x9a, 0x95, 0x33, 0x05, 0x07, 0x00, 0x00, 0x0f, 0x22, 0x1f, 0x1b, 0x1f, 0x29, 0x04,
  0x0c, 0x06, 0x03, 0x05, 0x04, 0x04, 0x03, 0x00, 0x03, 0x01, 0x00, 0x00, 0x00, 0x02, 0x0a, 0x04,
  0x03, 0x01, 0x18, 0x33, 0x04, 0x36, 0x4d, 0x20, 0x10, 0x10, 0x01, 0x01, 0x04, 0x03, 0x00, 0x00,
  0x00, 0x01, 0x12, 0x19, 0x14, 0x08, 0x0d, 0x05, 0x00, 0x00, 0x01, 0x05, 0x03, 0x00, 0x00, 0x00,
  0x00, 0x03, 0x02, 0x01, 0x07, 0x18, 0x06, 0x00, 0x00, 0x00, 0x00, 0x00, 0x00, 0x00, 0x00, 0x00,
  0x00, 0x00, 0x00, 0x00, 0x00, 0x00, 0x00, 0x00, 0x00, 0x00, 0x00, 0x00, 0x00, 0x00, 0x00, 0x00,
  0x00, 0x00, 0x00, 0x00, 0x00, 0x00, 0x00, 0x00, 0x00, 0x00, 0x00, 0x00, 0x00, 0x00, 0x00, 0x00,
  0x00, 0x00, 0x00, 0x00, 0x00, 0x00, 0x00, 0x00, 0x00, 0x00, 0x00, 0x00, 0x00, 0x00, 0x00, 0x00,
  0x00, 0x00, 0x00, 0x00, 0x00, 0x00, 0x00, 0x00, 0x00, 0x00, 0x00, 0x00, 0x00, 0x00, 0x00, 0x00,
  0x00, 0x00, 0x02, 0x01, 0x00, 0x00, 0x00, 0x00, 0x00, 0x00, 0x00, 0x00, 0x00, 0x1a, 0x2f, 0x41,
  0x4c, 0x2b, 0x0b, 0x00, 0x00, 0x00, 0x00, 0x02, 0x01, 0x01, 0x00, 0x00, 0x00, 0x00, 0x00, 0x00,
  0x00, 0x00, 0x00, 0x00, 0x00, 0x00, 0x00, 0x00, 0x00, 0x00, 0x00, 0x00, 0x00, 0x00, 0x00, 0x02,
  0x01, 0x2e, 0x12, 0x13, 0x23, 0x00, 0x00, 0x00, 0x00, 0x01, 0x03, 0x07, 0x04, 0x06, 0x08, 0x0a,
  0x1c, 0x38, 0x68, 0xad, 0xde, 0xe0, 0xde, 0xc9, 0x98, 0x78, 0x4d, 0x54, 0x54, 0x4b, 0x50, 0x63,
  0x99, 0xa7, 0xd3, 0xc7, 0x80, 0x88, 0xb9, 0x73, 0x87, 0x6c, 0x84, 0x94, 0xd6, 0xd2, 0x8c, 0x8f,
  0xc1, 0x99, 0x6b, 0x4d, 0x6b, 0x62, 0x50, 0x53, 0x49, 0x11, 0x02, 0x03, 0x03, 0x03, 0x0c, 0x14,
  0x12, 0x0f, 0x35, 0x35, 0x00, 0x06, 0x01, 0x05, 0x04, 0x00, 0x00, 0x02, 0x01, 0x00, 0x00, 0x00,
  0x01, 0x00, 0x02, 0x01, 0x00, 0x00, 0x02, 0x02, 0x0a, 0x1b, 0x38, 0x2c, 0x36, 0x28, 0x05, 0x01,
  0x03, 0x05, 0x00, 0x00, 0x00, 0x01, 0x00, 0x1d, 0x26, 0x3d, 0x20, 0x10, 0x05, 0x01, 0x01, 0x00,
  0x02, 0x02, 0x00, 0x00, 0x00, 0x01, 0x02, 0x00, 0x00, 0x00, 0x00, 0x00, 0x02, 0x00, 0x00, 0x00,
  0x00, 0x00, 0x00, 0x00, 0x00, 0x00, 0x00, 0x00, 0x00, 0x00, 0x00, 0x00, 0x00, 0x00, 0x00, 0x00,
  0x00, 0x00, 0x00, 0x00, 0x00, 0x00, 0x00, 0x00, 0x00, 0x00, 0x00, 0x00, 0x00, 0x00, 0x00, 0x00,
  0x00, 0x00, 0x00, 0x00, 0x00, 0x00, 0x00, 0x00, 0x00, 0x00, 0x00, 0x00, 0x00, 0x00, 0x00, 0x00,
  0x00, 0x00, 0x00, 0x00, 0x00, 0x00, 0x00, 0x00, 0x00, 0x00, 0x00, 0x00, 0x00, 0x00, 0x00, 0x00,
  0x00, 0x00, 0x00, 0x00, 0x00, 0x00, 0x00, 0x00, 0x00, 0x00, 0x00, 0x01, 0x00, 0x01, 0x03, 0x12,
  0x2f, 0x47, 0x44, 0x25, 0x0b, 0x00, 0x00, 0x00, 0x00, 0x01, 0x01, 0x01, 0x00, 0x00, 0x00, 0x00,
  0x00, 0x00, 0x00, 0x00, 0x00, 0x00, 0x00, 0x00, 0x00, 0x01, 0x01, 0x00, 0x00, 0x00, 0x00, 0x00,
  0x00, 0x00, 0x00, 0x03, 0x08, 0x00, 0x01, 0x00, 0x01, 0x00, 0x00, 0x00, 0x01, 0x01, 0x00, 0x03,
  0x0a, 0x09, 0x0c, 0x22, 0x4f, 0x82, 0xae, 0xea, 0xfb, 0xe9, 0xba, 0x86, 0x58, 0x4f, 0x4c, 0x5e,
  0x48, 0x25, 0x80, 0xb9, 0xb9, 0xa0, 0x66, 0x5a, 0x47, 0x2c, 0x42, 0xa1, 0x50, 0x59, 0x6e, 0x88,
  0x7a, 0x96, 0x63, 0x38, 0x54, 0x92, 0x41, 0x2d, 0x2d, 0x3a, 0x32, 0x1f, 0x16, 0x13, 0x08, 0x01,
  0x01, 0x02, 0x03, 0x03, 0x02, 0x01, 0x00, 0x07, 0x09, 0x03, 0x00, 0x22, 0x2c, 0x11, 0x3a, 0x12,
  0x02, 0x01, 0x03, 0x00, 0x00, 0x01, 0x01, 0x02, 0x01, 0x00, 0x01, 0x01, 0x01, 0x07, 0x22, 0x86,
  0xa7, 0x68, 0x0b, 0x04, 0x04, 0x03, 0x01, 0x00, 0x00, 0x01, 0x01, 0x08, 0x1b, 0x22, 0x35, 0x19,
  0x04, 0x02, 0x01, 0x04, 0x01, 0x00, 0x01, 0x00, 0x00, 0x00, 0x00, 0x01, 0x00, 0x00, 0x00, 0x00,
  0x00, 0x00, 0x00, 0x00, 0x00, 0x00, 0x00, 0x00, 0x00, 0x00, 0x00, 0x00, 0x00, 0x00, 0x00, 0x00,
  0x00, 0x00, 0x00, 0x00, 0x00, 0x00, 0x00, 0x00, 0x00, 0x00, 0x00, 0x00, 0x00, 0x00, 0x00, 0x00,
  0x00, 0x00, 0x00, 0x00, 0x00, 0x00, 0x00, 0x00, 0x00, 0x00, 0x00, 0x00, 0x00, 0x00, 0x00, 0x00,
  0x00, 0x00, 0x00, 0x00, 0x00, 0x00, 0x00, 0x00, 0x00, 0x00, 0x00, 0x00, 0x00, 0x00, 0x00, 0x00,
  0x00, 0x00, 0x00, 0x00, 0x00, 0x00, 0x00, 0x00, 0x00, 0x00, 0x00, 0x00, 0x00, 0x00, 0x00, 0x00,
  0x00, 0x04, 0x13, 0x1e, 0x2a, 0x26, 0x13, 0x00, 0x00, 0x00, 0x00, 0x01, 0x00, 0x00, 0x00, 0x00,
  0x00, 0x00, 0x00, 0x00, 0x00, 0x00, 0x00, 0x00, 0x00, 0x00, 0x00, 0x00, 0x00, 0x00, 0x00, 0x00,
  0x01, 0x00, 0x00, 0x00, 0x00, 0x00, 0x00, 0x00, 0x00, 0x00, 0x00, 0x03, 0x01, 0x00, 0x02, 0x00,
  0x00, 0x00, 0x00, 0x02, 0x00, 0x0e, 0x31, 0x64, 0xa6, 0xcc, 0xed, 0xf1, 0xde, 0x95, 0x58, 0x3f,
  0x4e, 0x4d, 0x45, 0x2f, 0x3b, 0x4d, 0x95, 0xac, 0x5e, 0x3f, 0x28, 0x15, 0x1c, 0x39, 0x33, 0x3c,
  0x6a, 0x3c, 0x49, 0x4f, 0x3e, 0x65, 0x6a, 0x4f, 0x42, 0x66, 0x57, 0x15, 0x14, 0x13, 0x2b, 0x23,
  0x12, 0x09, 0x0b, 0x04, 0x00, 0x03, 0x02, 0x02, 0x02, 0x01, 0x02, 0x00, 0x00, 0x00, 0x01, 0x00,
  0x47, 0x4e, 0x20, 0x88, 0x2c, 0x00, 0x01, 0x02, 0x00, 0x00, 0x02, 0x00, 0x00, 0x00, 0x00, 0x01,
  0x01, 0x01, 0x0e, 0x23, 0x7f, 0x9c, 0x35, 0x02, 0x0b, 0x04, 0x00, 0x01, 0x02, 0x00, 0x02, 0x02,
  0x06, 0x00, 0x0b, 0x0c, 0x00, 0x00, 0x00, 0x00, 0x03, 0x00, 0x00, 0x00, 0x00, 0x00, 0x01, 0x06,
  0x05, 0x00, 0x00, 0x00, 0x00, 0x00, 0x00, 0x00, 0x00, 0x00, 0x00, 0x00, 0x00, 0x00, 0x00, 0x00,
  0x00, 0x00, 0x00, 0x00, 0x00, 0x00, 0x00, 0x00, 0x00, 0x00, 0x00, 0x00, 0x00, 0x00, 0x00, 0x00,
  0x00, 0x00, 0x00, 0x00, 0x00, 0x00, 0x00, 0x00, 0x00, 0x00, 0x00, 0x00, 0x00, 0x00, 0x00, 0x00,
  0x00, 0x00, 0x00, 0x00, 0x00, 0x00, 0x00, 0x00, 0x00, 0x00, 0x00, 0x00, 0x00, 0x00, 0x00, 0x00,
  0x00, 0x00, 0x00, 0x00, 0x00, 0x00, 0x00, 0x00, 0x00, 0x00, 0x00, 0x00, 0x01, 0x00, 0x00, 0x00,
  0x00, 0x00, 0x00, 0x00, 0x03, 0x0a, 0x0d, 0x07, 0x04, 0x00, 0x00, 0x00, 0x02, 0x01, 0x00, 0x00,
  0x00, 0x00, 0x00, 0x00, 0x00, 0x00, 0x00, 0x00, 0x00, 0x00, 0x00, 0x00, 0x00, 0x00, 0x00, 0x00,
  0x00, 0x00, 0x00, 0x0c, 0x22, 0x10, 0x00, 0x00, 0x00, 0x00, 0x01, 0x00, 0x01, 0x01, 0x00, 0x00,
  0x00, 0x00, 0x00, 0x00, 0x04, 0x05, 0x11, 0x15, 0x11, 0x25, 0x53, 0xac, 0xea, 0xf2, 0xe3, 0xb5,
  0x6c, 0x40, 0x33, 0x2f, 0x21, 0x26, 0x37, 0x3e, 0x58, 0x49, 0x4a, 0x4b, 0x24, 0x27, 0x1b, 0x2f,
  0x29, 0x50, 0x41, 0x23, 0x1c, 0x2b, 0x35, 0x5c, 0x35, 0x44, 0x45, 0x3d, 0x65, 0x4e, 0x2b, 0x29,
  0x17, 0x15, 0x0c, 0x18, 0x12, 0x0c, 0x07, 0x07, 0x01, 0x00, 0x01, 0x00, 0x02, 0x03, 0x01, 0x02,
  0x01, 0x05, 0x04, 0x01, 0x00, 0x07, 0x0c, 0x00, 0x08, 0x01, 0x02, 0x03, 0x03, 0x03, 0x06, 0x05,
  0x0e, 0x0d, 0x01, 0x00, 0x01, 0x00, 0x01, 0x09, 0x07, 0x1b, 0x2e, 0x12, 0x03, 0x05, 0x02, 0x02,
  0x02, 0x01, 0x01, 0x00, 0x00, 0x00, 0x03, 0x01, 0x00, 0x02, 0x00, 0x00, 0x00, 0x00, 0x00, 0x00,
  0x01, 0x01, 0x00, 0x00, 0x18, 0x16, 0x00, 0x01, 0x00, 0x01, 0x00, 0x00, 0x00, 0x00, 0x00, 0x00,
  0x00, 0x00, 0x00, 0x00, 0x00, 0x00, 0x00, 0x00, 0x00, 0x00, 0x00, 0x00, 0x00, 0x00, 0x00, 0x00,
  0x00, 0x00, 0x00, 0x00, 0x00, 0x01, 0x02, 0x00, 0x00, 0x00, 0x00, 0x00, 0x00, 0x00, 0x00, 0x00,
  0x00, 0x00, 0x00, 0x00, 0x00, 0x00, 0x00, 0x00, 0x00, 0x00, 0x00, 0x00, 0x00, 0x00, 0x00, 0x00,
  0x00, 0x00, 0x00, 0x00, 0x00, 0x00, 0x00, 0x00, 0x00, 0x00, 0x00, 0x00, 0x00, 0x00, 0x00, 0x00,
  0x00, 0x01, 0x00, 0x00, 0x00, 0x00, 0x00, 0x00, 0x00, 0x03, 0x05, 0x01, 0x00, 0x00, 0x00, 0x01,
  0x00, 0x00, 0x00, 0x00, 0x00, 0x00, 0x00, 0x00, 0x00, 0x00, 0x00, 0x00, 0x00, 0x00, 0x00, 0x00,
  0x00, 0x00, 0x00, 0x00, 0x00, 0x01, 0x00, 0x03, 0x75, 0x81, 0x36, 0x19, 0x00, 0x00, 0x00, 0x00,
  0x00, 0x01, 0x01, 0x00, 0x00, 0x00, 0x00, 0x02, 0x03, 0x07, 0x0b, 0x2f, 0x4c, 0x7f, 0xbe, 0xe3,
  0xe7, 0xc1, 0x6d, 0x4c, 0x2c, 0x1e, 0x37, 0x52, 0x3f, 0x27, 0x2a, 0x3d, 0x21, 0x40, 0x40, 0x1b,
  0x3b, 0x5b, 0x31, 0x2e, 0x70, 0x57, 0x40, 0x36, 0x21, 0x2e, 0x45, 0x33, 0x61, 0x55, 0x2f, 0x2c,
  0x24, 0x59, 0x41, 0x1a, 0x15, 0x12, 0x2a, 0x19, 0x04, 0x01, 0x02, 0x00, 0x01, 0x02, 0x01, 0x00,
  0x00, 0x01, 0x04, 0x06, 0x05, 0x02, 0x06, 0x08, 0x08, 0x05, 0x00, 0x00, 0x04, 0x01, 0x01, 0x02,
  0x03, 0x06, 0x10, 0x1d, 0x3d, 0x65, 0x3c, 0x00, 0x02, 0x00, 0x00, 0x00, 0x00, 0x00, 0x00, 0x11,
  0x12, 0x00, 0x00, 0x00, 0x01, 0x01, 0x00, 0x00, 0x00, 0x00, 0x00, 0x00, 0x01, 0x00, 0x00, 0x00,
  0x01, 0x00, 0x00, 0x01, 0x00, 0x04, 0x02, 0x13, 0x51, 0x51, 0x18, 0x00, 0x01, 0x00, 0x00, 0x00,
  0x00, 0x00, 0x00, 0x00, 0x00, 0x00, 0x00, 0x00, 0x00, 0x00, 0x00, 0x00, 0x00, 0x00, 0x00, 0x00,
  0x00, 0x00, 0x00, 0x00, 0x00, 0x00, 0x00, 0x00, 0x00, 0x00, 0x00, 0x00, 0x00, 0x00, 0x00, 0x00,
  0x00, 0x00, 0x00, 0x00, 0x00, 0x00, 0x00, 0x00, 0x00, 0x00, 0x00, 0x00, 0x00, 0x00, 0x00, 0x00,
  0x00, 0x00, 0x00, 0x00, 0x00, 0x00, 0x00, 0x00, 0x00, 0x00, 0x00, 0x00, 0x00, 0x00, 0x00, 0x00,
  0x00, 0x00, 0x00, 0x00, 0x00, 0x00, 0x00, 0x00, 0x00, 0x00, 0x00, 0x00, 0x00, 0x00, 0x00, 0x00,
  0x00, 0x00, 0x00, 0x00, 0x00, 0x00, 0x00, 0x00, 0x00, 0x00, 0x00, 0x00, 0x00, 0x00, 0x00, 0x00,
  0x00, 0x00, 0x00, 0x00, 0x00, 0x00, 0x00, 0x00, 0x00, 0x00, 0x00, 0x01, 0x02, 0x56, 0x65, 0x5b,
  0x64, 0x00, 0x01, 0x00, 0x00, 0x00, 0x00, 0x00, 0x00, 0x01, 0x02, 0x04, 0x01, 0x00, 0x03, 0x3d,
  0x97, 0xdc, 0xd0, 0x9a, 0x8f, 0x54, 0x2c, 0x14, 0x16, 0x1e, 0x2f, 0x2d, 0x29, 0x1a, 0x1f, 0x37,
  0x2a, 0x04, 0x0f, 0x0e, 0x47, 0x69, 0x8e, 0x9e, 0x35, 0x5e, 0x2b, 0x2e, 0x28, 0x1e, 0x31, 0x3f,
  0x27, 0x3e, 0x2e, 0x10, 0x27, 0x20, 0x17, 0x16, 0x14, 0x10, 0x07, 0x0c, 0x0c, 0x04, 0x04, 0x03,
  0x01, 0x00, 0x00, 0x00, 0x00, 0x00, 0x00, 0x01, 0x05, 0x08, 0x03, 0x01, 0x02, 0x03, 0x04, 0x00,
  0x01, 0x01, 0x01, 0x01, 0x01, 0x00, 0x0f, 0x3c, 0x28, 0x2d, 0x54, 0x41, 0x00, 0x00, 0x00, 0x00,
  0x00, 0x00, 0x00, 0x00, 0x00, 0x01, 0x01, 0x00, 0x00, 0x00, 0x00, 0x00, 0x00, 0x02, 0x01, 0x01,
  0x00, 0x00, 0x00, 0x00, 0x00, 0x04, 0x02, 0x00, 0x00, 0x00, 0x03, 0x00, 0x44, 0xca, 0x88, 0x1c,
  0x00, 0x01, 0x00, 0x00, 0x00, 0x00, 0x00, 0x00, 0x00, 0x00, 0x00, 0x00, 0x00, 0x00, 0x00, 0x00,
  0x00, 0x00, 0x00, 0x00, 0x00, 0x00, 0x00, 0x00, 0x00, 0x00, 0x00, 0x00, 0x00, 0x00, 0x00, 0x00,
  0x00, 0x00, 0x00, 0x00, 0x00, 0x00, 0x00, 0x00, 0x00, 0x00, 0x00, 0x00, 0x00, 0x00, 0x00, 0x00,
  0x00, 0x00, 0x00, 0x00, 0x00, 0x00, 0x00, 0x00, 0x00, 0x00, 0x00, 0x00, 0x00, 0x00, 0x00, 0x00,
  0x00, 0x00, 0x00, 0x00, 0x00, 0x00, 0x00, 0x00, 0x00, 0x00, 0x00, 0x00, 0x00, 0x00, 0x00, 0x00,
  0x00, 0x00, 0x00, 0x00, 0x00, 0x00, 0x00, 0x00, 0x00, 0x00, 0x00, 0x00, 0x00, 0x00, 0x00, 0x00,
  0x00, 0x00, 0x00, 0x00, 0x00, 0x00, 0x00, 0x00, 0x00, 0x00, 0x00, 0x00, 0x00, 0x01, 0x00, 0x00,
  0x01, 0x00, 0x05, 0x2d, 0x27, 0x16, 0x00, 0x01, 0x00, 0x00, 0x00, 0x01, 0x01, 0x01, 0x04, 0x00,
  0x00, 0x12, 0x57, 0x92, 0xd2, 0xbb, 0x70, 0x3d, 0x1f, 0x16, 0x1e, 0x19, 0x15, 0x0c, 0x0c, 0x15,
  0x17, 0x0b, 0x0a, 0x07, 0x05, 0x04, 0x05, 0x09, 0x17, 0x2d, 0x1c, 0x1e, 0x55, 0x34, 0x34, 0x0c,
  0x20, 0x0d, 0x13, 0x17, 0x1e, 0x13, 0x51, 0x35, 0x07, 0x1b, 0x17, 0x0e, 0x0d, 0x06, 0x06, 0x01,
  0x03, 0x01, 0x00, 0x01, 0x00, 0x00, 0x00, 0x00, 0x00, 0x00, 0x00, 0x00, 0x00, 0x00, 0x02, 0x02,
  0x00, 0x01, 0x01, 0x01, 0x00, 0x00, 0x00, 0x01, 0x04, 0x01, 0x00, 0x0a, 0x47, 0x79, 0x82, 0x4a,
  0x1f, 0x00, 0x00, 0x00, 0x00, 0x00, 0x00, 0x00, 0x00, 0x00, 0x00, 0x00, 0x00, 0x00, 0x00, 0x00,
  0x00, 0x00, 0x00, 0x01, 0x00, 0x00, 0x00, 0x00, 0x00, 0x00, 0x01, 0x02, 0x02, 0x01, 0x00, 0x01,
  0x03, 0x0e, 0x32, 0x2b, 0x0a, 0x00, 0x00, 0x00, 0x00, 0x00, 0x00, 0x00, 0x00, 0x00, 0x00, 0x00,
  0x00, 0x00, 0x00, 0x00, 0x00, 0x00, 0x00, 0x00, 0x00, 0x00, 0x00, 0x00, 0x00, 0x00, 0x00, 0x00,
  0x00, 0x00, 0x00, 0x00, 0x00, 0x00, 0x00, 0x00, 0x00, 0x00, 0x00, 0x00, 0x00, 0x00, 0x00, 0x00,
  0x00, 0x00, 0x00, 0x00, 0x00, 0x00, 0x00, 0x00, 0x00, 0x00, 0x00, 0x00, 0x00, 0x00, 0x00, 0x00,
  0x00, 0x00, 0x00, 0x00, 0x00, 0x00, 0x00, 0x00, 0x00, 0x00, 0x00, 0x00, 0x00, 0x00, 0x00, 0x00,
  0x00, 0x00, 0x00, 0x00, 0x00, 0x00, 0x00, 0x00, 0x00, 0x00, 0x00, 0x00, 0x00, 0x00, 0x00, 0x00,
  0x00, 0x00, 0x00, 0x00, 0x00, 0x00, 0x00, 0x00, 0x00, 0x00, 0x00, 0x00, 0x00, 0x00, 0x00, 0x00,
  0x00, 0x01, 0x00, 0x00, 0x00, 0x00, 0x00, 0x00, 0x00, 0x00, 0x00, 0x00, 0x00, 0x00, 0x00, 0x00,
  0x01, 0x00, 0x00, 0x00, 0x13, 0x58, 0x95, 0xa8, 0x82, 0x54, 0x22, 0x0d, 0x0d, 0x0c, 0x0a, 0x0d,
  0x0a, 0x05, 0x04, 0x09, 0x08, 0x03, 0x06, 0x06, 0x06, 0x00, 0x02, 0x01, 0x01, 0x0a, 0x2c, 0x92,
  0x77, 0x30, 0x01, 0x00, 0x09, 0x04, 0x06, 0x0e, 0x02, 0x03, 0x08, 0x20, 0x1e, 0x08, 0x08, 0x05,
  0x03, 0x0a, 0x06, 0x04, 0x01, 0x3c, 0x29, 0x00, 0x00, 0x00, 0x01, 0x00, 0x00, 0x00, 0x00, 0x01,
  0x00, 0x00, 0x00, 0x01, 0x00, 0x00, 0x01, 0x00, 0x01, 0x01, 0x03, 0x07, 0x00, 0x03, 0x04, 0x01,
  0x07, 0x27, 0x6d, 0x85, 0x4c, 0x0e, 0x00, 0x00, 0x00, 0x00, 0x00, 0x00, 0x00, 0x00, 0x00, 0x00,
  0x00, 0x00, 0x00, 0x00, 0x00, 0x00, 0x00, 0x00, 0x00, 0x00, 0x00, 0x00, 0x00, 0x01, 0x00, 0x00,
  0x18, 0x0e, 0x00, 0x00, 0x00, 0x02, 0x00, 0x00, 0x00, 0x00, 0x00, 0x00, 0x00, 0x00, 0x00, 0x00,
  0x00, 0x00, 0x00, 0x00, 0x00, 0x00, 0x00, 0x00, 0x00, 0x00, 0x00, 0x00, 0x00, 0x00, 0x00, 0x00,
  0x00, 0x00, 0x00, 0x00, 0x00, 0x00, 0x00, 0x00, 0x00, 0x00, 0x00, 0x00, 0x00, 0x00, 0x00, 0x00,
  0x00, 0x00, 0x00, 0x00, 0x00, 0x00, 0x00, 0x00, 0x00, 0x00, 0x00, 0x00, 0x00, 0x00, 0x00, 0x00,
  0x00, 0x00, 0x00, 0x00, 0x00, 0x00, 0x00, 0x00, 0x00, 0x00, 0x00, 0x00, 0x00, 0x00, 0x00, 0x00,
  0x00, 0x00, 0x00, 0x00, 0x00, 0x00, 0x00, 0x00, 0x00, 0x00, 0x00, 0x00, 0x00, 0x00, 0x00, 0x00,
  0x00, 0x00, 0x00, 0x00, 0x00, 0x00, 0x00, 0x00, 0x00, 0x01, 0x00, 0x00, 0x00, 0x01, 0x00, 0x00,
  0x00, 0x00, 0x00, 0x00, 0x00, 0x00, 0x00, 0x03, 0x04, 0x00, 0x00, 0x00, 0x00, 0x02, 0x02, 0x05,
  0x01, 0x01, 0x01, 0x02, 0x00, 0x00, 0x02, 0x23, 0x68, 0x93, 0x7b, 0x38, 0x20, 0x08, 0x05, 0x06,
  0x08, 0x07, 0x02, 0x02, 0x04, 0x04, 0x00, 0x04, 0x02, 0x02, 0x02, 0x01, 0x02, 0x00, 0x01, 0x00,
  0x00, 0x04, 0x01, 0x45, 0xcd, 0x9e, 0x2b, 0x08, 0x10, 0x0c, 0x07, 0x04, 0x09, 0x05, 0x03, 0x08,
  0x02, 0x02, 0x06, 0x07, 0x08, 0x06, 0x0a, 0x01, 0x01, 0x01, 0x1f, 0x1f, 0x00, 0x01, 0x00, 0x01,
  0x00, 0x00, 0x00, 0x01, 0x00, 0x00, 0x00, 0x00, 0x00, 0x00, 0x01, 0x01, 0x00, 0x01, 0x00, 0x04,
  0x0b, 0x00, 0x00, 0x03, 0x03, 0x0f, 0x1f, 0x11, 0x18, 0x18, 0x0b, 0x00, 0x00, 0x00, 0x00, 0x00,
  0x00, 0x00, 0x00, 0x00, 0x00, 0x00, 0x00, 0x00, 0x00, 0x00, 0x00, 0x00, 0x00, 0x00, 0x00, 0x00,
  0x00, 0x01, 0x01, 0x00, 0x00, 0x08, 0x00, 0x00, 0x00, 0x01, 0x02, 0x01, 0x03, 0x03, 0x01, 0x00,
  0x00, 0x00, 0x00, 0x00, 0x00, 0x00, 0x00, 0x00, 0x00, 0x00, 0x00, 0x00, 0x00, 0x00, 0x00, 0x00,
  0x00, 0x00, 0x00, 0x00, 0x00, 0x00, 0x00, 0x00, 0x00, 0x00, 0x00, 0x00, 0x00, 0x00, 0x00, 0x00,
  0x00, 0x00, 0x00, 0x00, 0x00, 0x00, 0x00, 0x00, 0x00, 0x00, 0x00, 0x00, 0x00, 0x00, 0x00, 0x00,
  0x00, 0x00, 0x00, 0x00, 0x00, 0x00, 0x00, 0x00, 0x00, 0x00, 0x00, 0x00, 0x00, 0x00, 0x00, 0x00,
  0x00, 0x00, 0x00, 0x00, 0x00, 0x00, 0x00, 0x00, 0x00, 0x00, 0x00, 0x00, 0x00, 0x00, 0x00, 0x00,
  0x00, 0x00, 0x00, 0x00, 0x00, 0x00, 0x00, 0x00, 0x00, 0x00, 0x00, 0x00, 0x00, 0x03, 0x04, 0x01,
  0x00, 0x00, 0x00, 0x00, 0x00, 0x00, 0x00, 0x00, 0x00, 0x01, 0x00, 0x2f, 0x5d, 0x0f, 0x06, 0x01,
  0x00, 0x00, 0x00, 0x00, 0x04, 0x01, 0x01, 0x01, 0x04, 0x18, 0x45, 0x78, 0x8a, 0x71, 0x35, 0x10,
  0x0c, 0x10, 0x0e, 0x06, 0x01, 0x01, 0x00, 0x00, 0x03, 0x00, 0x01, 0x03, 0x0f, 0x04, 0x00, 0x00,
  0x00, 0x00, 0x03, 0x0a, 0x05, 0x02, 0x01, 0x00, 0x21, 0x7d, 0x1d, 0x03, 0x0e, 0x08, 0x06, 0x05,
  0x03, 0x04, 0x01, 0x02, 0x05, 0x07, 0x02, 0x09, 0x07, 0x05, 0x06, 0x0b, 0x05, 0x00, 0x00, 0x00,
  0x00, 0x01, 0x00, 0x00, 0x00, 0x00, 0x01, 0x00, 0x01, 0x00, 0x00, 0x01, 0x01, 0x02, 0x00, 0x02,
  0x03, 0x00, 0x01, 0x00, 0x00, 0x01, 0x00, 0x01, 0x00, 0x01, 0x0c, 0x18, 0x0a, 0x02, 0x05, 0x06,
  0x01, 0x00, 0x01, 0x00, 0x01, 0x01, 0x01, 0x01, 0x00, 0x00, 0x01, 0x01, 0x00, 0x00, 0x00, 0x00,
  0x00, 0x00, 0x00, 0x00, 0x00, 0x00, 0x00, 0x00, 0x00, 0x00, 0x00, 0x07, 0x07, 0x00, 0x00, 0x00,
  0x00, 0x00, 0x00, 0x00, 0x00, 0x00, 0x00, 0x00, 0x00, 0x00, 0x00, 0x00, 0x00, 0x00, 0x00, 0x00,
  0x00, 0x00, 0x00, 0x00, 0x00, 0x00, 0x00, 0x00, 0x00, 0x00, 0x00, 0x00, 0x00, 0x00, 0x00, 0x00,
  0x00, 0x00, 0x00, 0x00, 0x00, 0x00, 0x00, 0x00, 0x00, 0x00, 0x00, 0x00, 0x00, 0x00, 0x00, 0x00,
  0x00, 0x00, 0x00, 0x00, 0x00, 0x00, 0x00, 0x00, 0x00, 0x00, 0x00, 0x00, 0x00, 0x00, 0x00, 0x00,
  0x00, 0x00, 0x00, 0x00, 0x00, 0x00, 0x00, 0x00, 0x00, 0x00, 0x00, 0x00, 0x00, 0x00, 0x00, 0x00,
  0x00, 0x00, 0x00, 0x00, 0x00, 0x00, 0x00, 0x00, 0x00, 0x00, 0x00, 0x00, 0x00, 0x00, 0x00, 0x00,
  0x00, 0x00, 0x00, 0x00, 0x00, 0x00, 0x00, 0x0a, 0x04, 0x00, 0x00, 0x00, 0x00, 0x01, 0x00, 0x07,
  0x3c, 0x2b, 0x00, 0x05, 0x00, 0x00, 0x00, 0x00, 0x02, 0x02, 0x03, 0x00, 0x07, 0x25, 0x4b, 0x65,
  0x57, 0x35, 0x19, 0x0d, 0x08, 0x06, 0x02, 0x01, 0x06, 0x01, 0x00, 0x00, 0x01, 0x01, 0x00, 0x00,
  0x02, 0x04, 0x01, 0x00, 0x00, 0x00, 0x01, 0x03, 0x05, 0x02, 0x04, 0x01, 0x01, 0x1b, 0x50, 0x1a,
  0x02, 0x05, 0x01, 0x00, 0x01, 0x03, 0x04, 0x01, 0x00, 0x01, 0x00, 0x00, 0x02, 0x04, 0x01, 0x01,
  0x06, 0x02, 0x00, 0x01, 0x01, 0x01, 0x02, 0x00, 0x00, 0x00, 0x00, 0x03, 0x01, 0x00, 0x00, 0x00,
  0x01, 0x04, 0x01, 0x00, 0x01, 0x01, 0x00, 0x00, 0x00, 0x00, 0x01, 0x00, 0x00, 0x00, 0x00, 0x0a,
  0x10, 0x11, 0x10, 0x04, 0x06, 0x00, 0x00, 0x01, 0x00, 0x01, 0x00, 0x00, 0x00, 0x00, 0x00, 0x00,
  0x00, 0x00, 0x00, 0x00, 0x00, 0x00, 0x00, 0x00, 0x00, 0x00, 0x00, 0x00, 0x00, 0x00, 0x01, 0x00,
  0x2c, 0x2e, 0x00, 0x02, 0x00, 0x00, 0x00, 0x00, 0x00, 0x00, 0x00, 0x00, 0x00, 0x00, 0x00, 0x00,
  0x00, 0x00, 0x00, 0x00, 0x00, 0x00, 0x00, 0x00, 0x00, 0x00, 0x00, 0x00, 0x02, 0x01, 0x00, 0x00,
  0x00, 0x00, 0x00, 0x00, 0x00, 0x00, 0x00, 0x00, 0x00, 0x00, 0x00, 0x00, 0x00, 0x00, 0x00, 0x00,
  0x00, 0x00, 0x00, 0x00, 0x00, 0x00, 0x00, 0x00, 0x00, 0x00, 0x00, 0x00, 0x00, 0x00, 0x00, 0x00,
  0x00, 0x00, 0x00, 0x00, 0x00, 0x00, 0x00, 0x00, 0x00, 0x00, 0x00, 0x00, 0x00, 0x00, 0x00, 0x00,
  0x00, 0x00, 0x00, 0x00, 0x00, 0x00, 0x00, 0x00, 0x00, 0x00, 0x00, 0x00, 0x00, 0x00, 0x00, 0x00,
  0x00, 0x00, 0x00, 0x00, 0x02, 0x00, 0x00, 0x00, 0x00, 0x00, 0x01, 0x00, 0x37, 0x27, 0x00, 0x01,
  0x00, 0x00, 0x00, 0x00, 0x08, 0x03, 0x00, 0x01, 0x00, 0x00, 0x02, 0x01, 0x01, 0x00, 0x03, 0x01,
  0x14, 0x3e, 0x53, 0x44, 0x3a, 0x17, 0x08, 0x07, 0x01, 0x00, 0x01, 0x02, 0x01, 0x3f, 0x10, 0x00,
  0x00, 0x00, 0x01, 0x00, 0x00, 0x00, 0x00, 0x00, 0x00, 0x00, 0x00, 0x01, 0x00, 0x00, 0x00, 0x02,
  0x02, 0x01, 0x0a, 0x01, 0x02, 0x05, 0x02, 0x01, 0x00, 0x00, 0x01, 0x02, 0x00, 0x00, 0x00, 0x01,
  0x02, 0x00, 0x00, 0x00, 0x01, 0x05, 0x01, 0x00, 0x00, 0x00, 0x00, 0x00, 0x00, 0x00, 0x01, 0x00,
  0x20, 0x0d, 0x00, 0x01, 0x00, 0x01, 0x01, 0x00, 0x00, 0x01, 0x00, 0x00, 0x00, 0x00, 0x01, 0x02,
  0x01, 0x00, 0x00, 0x00, 0x09, 0x14, 0x1b, 0x16, 0x00, 0x05, 0x00, 0x00, 0x00, 0x00, 0x00, 0x00,
  0x00, 0x00, 0x01, 0x00, 0x00, 0x00, 0x00, 0x00, 0x01, 0x01, 0x00, 0x00, 0x00, 0x00, 0x00, 0x00,
  0x00, 0x00, 0x00, 0x00, 0x00, 0x0a, 0x0a, 0x00, 0x00, 0x00, 0x00, 0x00, 0x00, 0x00, 0x00, 0x00,
  0x00, 0x00, 0x00, 0x00, 0x00, 0x00, 0x00, 0x00, 0x00, 0x00, 0x00, 0x00, 0x00, 0x00, 0x00, 0x00,
  0x00, 0x01, 0x00, 0x00, 0x00, 0x00, 0x00, 0x00, 0x00, 0x00, 0x00, 0x00, 0x00, 0x00, 0x00, 0x00,
  0x00, 0x00, 0x00, 0x00, 0x00, 0x00, 0x00, 0x00, 0x00, 0x00, 0x00, 0x00, 0x00, 0x00, 0x00, 0x00,
  0x00, 0x00, 0x00, 0x00, 0x00, 0x00, 0x00, 0x00, 0x00, 0x00, 0x00, 0x00, 0x00, 0x00, 0x00, 0x00,
  0x00, 0x00, 0x00, 0x00, 0x00, 0x00, 0x00, 0x00, 0x00, 0x00, 0x00, 0x00, 0x00, 0x00, 0x00, 0x00,
  0x00, 0x00, 0x00, 0x00, 0x00, 0x00, 0x00, 0x00, 0x09, 0x09, 0x00, 0x00, 0x00, 0x00, 0x00, 0x00,
  0x00, 0x08, 0x0b, 0x00, 0x00, 0x00, 0x00, 0x02, 0x01, 0x01, 0x00, 0x04, 0x03, 0x01, 0x02, 0x00,
  0x00, 0x00, 0x28, 0x29, 0x30, 0x50, 0x4f, 0x29, 0x17, 0x0b, 0x05, 0x00, 0x00, 0x01, 0x00, 0x00,
  0x00, 0x04, 0x14, 0x0a, 0x02, 0x00, 0x01, 0x02, 0x00, 0x00, 0x00, 0x00, 0x00, 0x01, 0x00, 0x00,
  0x00, 0x00, 0x00, 0x00, 0x00, 0x00, 0x00, 0x06, 0x07, 0x04, 0x00, 0x02, 0x02, 0x02, 0x04, 0x02,
  0x02, 0x00, 0x01, 0x00, 0x00, 0x01, 0x00, 0x00, 0x01, 0x02, 0x01, 0x01, 0x00, 0x00, 0x00, 0x00,
  0x00, 0x00, 0x00, 0x01, 0x00, 0x09, 0x04, 0x00, 0x01, 0x00, 0x00, 0x00, 0x00, 0x00, 0x00, 0x00,
  0x03, 0x01, 0x00, 0x00, 0x01, 0x00, 0x00, 0x00, 0x00, 0x03, 0x22, 0x19, 0x0d, 0x02, 0x02, 0x00,
  0x00, 0x00, 0x00, 0x00, 0x01, 0x00, 0x00, 0x00, 0x00, 0x00, 0x00, 0x00, 0x00, 0x00, 0x00, 0x00,
  0x00, 0x00, 0x00, 0x00, 0x00, 0x00, 0x00, 0x00, 0x00, 0x00, 0x00, 0x00, 0x01, 0x00, 0x00, 0x00,
  0x00, 0x00, 0x00, 0x00, 0x00, 0x00, 0x00, 0x00, 0x00, 0x00, 0x00, 0x00, 0x00, 0x00, 0x00, 0x00,
  0x00, 0x00, 0x00, 0x00, 0x00, 0x00, 0x00, 0x00, 0x00, 0x00, 0x00, 0x00, 0x00, 0x00, 0x00, 0x00,
  0x00, 0x00, 0x00, 0x00, 0x00, 0x00, 0x00, 0x00, 0x00, 0x00, 0x00, 0x00, 0x00, 0x00, 0x00, 0x00,
  0x00, 0x00, 0x00, 0x00, 0x00, 0x00, 0x00, 0x00, 0x00, 0x00, 0x00, 0x00, 0x00, 0x00, 0x00, 0x00,
  0x00, 0x00, 0x00, 0x00, 0x00, 0x00, 0x00, 0x00, 0x00, 0x00, 0x00, 0x00, 0x00, 0x00, 0x00, 0x00,
  0x00, 0x00, 0x00, 0x00, 0x00, 0x00, 0x00, 0x00, 0x01, 0x00, 0x00, 0x00, 0x00, 0x06, 0x02, 0x00,
  0x00, 0x00, 0x00, 0x00, 0x00, 0x00, 0x00, 0x00, 0x00, 0x00, 0x00, 0x00, 0x03, 0x01, 0x01, 0x08,
  0x07, 0x01, 0x00, 0x00, 0x0b, 0x37, 0x79, 0x78, 0x62, 0x43, 0x1c, 0x05, 0x01, 0x00, 0x05, 0x02,
  0x00, 0x00, 0x00, 0x00, 0x00, 0x00, 0x00, 0x00, 0x01, 0x01, 0x02, 0x04, 0x02, 0x00, 0x00, 0x00,
  0x01, 0x00, 0x03, 0x00, 0x00, 0x01, 0x00, 0x01, 0x00, 0x00, 0x01, 0x01, 0x03, 0x00, 0x01, 0x01,
  0x00, 0x00, 0x01, 0x04, 0x03, 0x01, 0x01, 0x02, 0x04, 0x01, 0x01, 0x00, 0x00, 0x01, 0x03, 0x02,
  0x00, 0x00, 0x00, 0x00, 0x03, 0x02, 0x00, 0x01, 0x00, 0x01, 0x00, 0x00, 0x00, 0x00, 0x01, 0x00,
  0x00, 0x00, 0x00, 0x01, 0x01, 0x01, 0x00, 0x00, 0x01, 0x00, 0x00, 0x00, 0x00, 0x00, 0x07, 0x36,
  0x1d, 0x10, 0x08, 0x03, 0x00, 0x00, 0x00, 0x01, 0x01, 0x00, 0x00, 0x00, 0x01, 0x01, 0x00, 0x00,
  0x00, 0x00, 0x01, 0x00, 0x00, 0x00, 0x00, 0x00, 0x00, 0x00, 0x00, 0x00, 0x01, 0x00, 0x00, 0x01,
  0x00, 0x00, 0x00, 0x00, 0x00, 0x00, 0x00, 0x00, 0x00, 0x00, 0x00, 0x01, 0x00, 0x00, 0x00, 0x00,
  0x01, 0x01, 0x00, 0x00, 0x00, 0x00, 0x00, 0x00, 0x00, 0x00, 0x00, 0x00, 0x00, 0x00, 0x00, 0x00,
  0x00, 0x00, 0x00, 0x00, 0x00, 0x00, 0x00, 0x00, 0x00, 0x00, 0x00, 0x00, 0x00, 0x00, 0x00, 0x00,
  0x00, 0x00, 0x00, 0x00, 0x00, 0x00, 0x00, 0x00, 0x00, 0x00, 0x00, 0x00, 0x00, 0x00, 0x00, 0x00,
  0x00, 0x00, 0x00, 0x00, 0x00, 0x00, 0x00, 0x00, 0x00, 0x00, 0x00, 0x00, 0x00, 0x00, 0x00, 0x00,
  0x00, 0x00, 0x00, 0x00, 0x00, 0x00, 0x00, 0x00, 0x00, 0x00, 0x00, 0x00, 0x00, 0x00, 0x00, 0x00,
  0x00, 0x00, 0x00, 0x00, 0x00, 0x00, 0x00, 0x00, 0x00, 0x00, 0x00, 0x00, 0x00, 0x00, 0x00, 0x00,
  0x00, 0x01, 0x02, 0x00, 0x00, 0x00, 0x04, 0x2f, 0x64, 0x8f, 0x99, 0x71, 0x45, 0x0e, 0x00, 0x00,
  0x00, 0x01, 0x00, 0x00, 0x04, 0x01, 0x00, 0x00, 0x00, 0x00, 0x00, 0x00, 0x01, 0x00, 0x00, 0x00,
  0x00, 0x00, 0x00, 0x00, 0x00, 0x00, 0x00, 0x00, 0x00, 0x00, 0x00, 0x01, 0x06, 0x00, 0x00, 0x00,
  0x00, 0x00, 0x00, 0x00, 0x00, 0x00, 0x00, 0x01, 0x00, 0x00, 0x00, 0x00, 0x00, 0x00, 0x00, 0x00,
  0x00, 0x00, 0x00, 0x00, 0x00, 0x00, 0x00, 0x00, 0x00, 0x00, 0x00, 0x00, 0x00, 0x00, 0x00, 0x00,
  0x00, 0x00, 0x00, 0x00, 0x00, 0x00, 0x00, 0x00, 0x00, 0x00, 0x00, 0x00, 0x00, 0x00, 0x00, 0x00,
  0x00, 0x00, 0x00, 0x01, 0x02, 0x02, 0x01, 0x01, 0x02, 0x01, 0x00, 0x00, 0x00, 0x01, 0x00, 0x00,
  0x00, 0x00, 0x00, 0x00, 0x00, 0x00, 0x00, 0x00, 0x00, 0x00, 0x00, 0x00, 0x00, 0x00, 0x00, 0x00,
  0x00, 0x00, 0x00, 0x00, 0x00, 0x00, 0x00, 0x00, 0x01, 0x01, 0x00, 0x00, 0x00, 0x00, 0x00, 0x00,
  0x00, 0x00, 0x00, 0x00, 0x00, 0x00, 0x00, 0x00, 0x00, 0x00, 0x00, 0x00, 0x00, 0x00, 0x00, 0x00,
  0x00, 0x00, 0x00, 0x00, 0x00, 0x00, 0x00, 0x00, 0x00, 0x00, 0x00, 0x00, 0x00, 0x00, 0x00, 0x00,
  0x00, 0x00, 0x00, 0x00, 0x00, 0x00, 0x00, 0x00, 0x00, 0x00, 0x00, 0x00, 0x00, 0x00, 0x00, 0x00,
  0x00, 0x00, 0x00, 0x00, 0x00, 0x00, 0x00, 0x00, 0x00, 0x00, 0x00, 0x00, 0x00, 0x00, 0x00, 0x00,
  0x00, 0x00, 0x00, 0x00, 0x00, 0x00, 0x00, 0x00, 0x00, 0x00, 0x00, 0x00, 0x00, 0x00, 0x00, 0x00,
  0x00, 0x00, 0x00, 0x00, 0x00, 0x00, 0x00, 0x00, 0x00, 0x00, 0x00, 0x00, 0x00, 0x00, 0x00, 0x00,
  0x00, 0x00, 0x00, 0x01, 0x01, 0x00, 0x00, 0x00, 0x11, 0x2c, 0x6a, 0x83, 0x78, 0x6e, 0x38, 0x15,
  0x00, 0x00, 0x00, 0x01, 0x01, 0x00, 0x00, 0x00, 0x00, 0x01, 0x00, 0x00, 0x01, 0x00, 0x00, 0x00,
  0x00, 0x00, 0x00, 0x00, 0x00, 0x00, 0x00, 0x00, 0x00, 0x00, 0x00, 0x00, 0x00, 0x00, 0x00, 0x00,
  0x00, 0x01, 0x00, 0x00, 0x00, 0x00, 0x00, 0x00, 0x00, 0x00, 0x00, 0x00, 0x00, 0x00, 0x00, 0x00,
  0x00, 0x00, 0x00, 0x00, 0x00, 0x00, 0x00, 0x00, 0x00, 0x00, 0x00, 0x00, 0x00, 0x00, 0x00, 0x00,
  0x00, 0x00, 0x00, 0x00, 0x00, 0x00, 0x00, 0x00, 0x00, 0x00, 0x00, 0x00, 0x00, 0x00, 0x00, 0x00,
  0x00, 0x00, 0x00, 0x00, 0x00, 0x00, 0x00, 0x00, 0x00, 0x01, 0x01, 0x02, 0x00, 0x03, 0x01, 0x00,
  0x00, 0x00, 0x00, 0x00, 0x00, 0x00, 0x00, 0x00, 0x00, 0x00, 0x00, 0x00, 0x00, 0x00, 0x00, 0x00,
  0x00, 0x00, 0x00, 0x00, 0x00, 0x00, 0x00, 0x00, 0x00, 0x00, 0x00, 0x00, 0x00, 0x00, 0x00, 0x00,
  0x00, 0x00, 0x00, 0x00, 0x00, 0x00, 0x00, 0x00, 0x00, 0x00, 0x00, 0x00, 0x00, 0x00, 0x00, 0x00,
  0x00, 0x00, 0x00, 0x00, 0x00, 0x00, 0x00, 0x00, 0x00, 0x00, 0x00, 0x00, 0x00, 0x00, 0x00, 0x00,
  0x00, 0x00, 0x00, 0x00, 0x00, 0x00, 0x00, 0x00, 0x00, 0x00, 0x00, 0x00, 0x00, 0x00, 0x00, 0x00,
  0x00, 0x00, 0x00, 0x00, 0x00, 0x00, 0x00, 0x00, 0x00, 0x00, 0x00, 0x00, 0x00, 0x00, 0x00, 0x00,
  0x00, 0x00, 0x00, 0x00, 0x00, 0x00, 0x00, 0x00, 0x00, 0x00, 0x00, 0x00, 0x00, 0x00, 0x00, 0x00,
  0x00, 0x00, 0x00, 0x00, 0x00, 0x00, 0x00, 0x00, 0x00, 0x00, 0x00, 0x00, 0x00, 0x00, 0x00, 0x00,
  0x00, 0x00, 0x00, 0x00, 0x00, 0x01, 0x02, 0x01, 0x00, 0x00, 0x04, 0x1e, 0x48, 0x95, 0x92, 0x5e,
  0x2f, 0x14, 0x01, 0x00, 0x00, 0x01, 0x02, 0x00, 0x00, 0x00, 0x00, 0x00, 0x00, 0x00, 0x00, 0x00,
  0x00, 0x02, 0x00, 0x00, 0x00, 0x00, 0x00, 0x00, 0x00, 0x00, 0x00, 0x00, 0x00, 0x00, 0x00, 0x00,
  0x00, 0x00, 0x00, 0x00, 0x01, 0x00, 0x00, 0x00, 0x00, 0x00, 0x00, 0x00, 0x00, 0x00, 0x01, 0x01,
  0x00, 0x00, 0x00, 0x00, 0x00, 0x00, 0x00, 0x00, 0x00, 0x00, 0x00, 0x00, 0x00, 0x00, 0x00, 0x00,
  0x00, 0x00, 0x00, 0x00, 0x00, 0x00, 0x00, 0x00, 0x00, 0x00, 0x00, 0x00, 0x00, 0x00, 0x00, 0x00,
  0x00, 0x00, 0x00, 0x00, 0x00, 0x00, 0x00, 0x00, 0x00, 0x00, 0x00, 0x00, 0x01, 0x01, 0x00, 0x00,
  0x0b, 0x2d, 0x0a, 0x00, 0x00, 0x00, 0x00, 0x01, 0x00, 0x00, 0x00, 0x00, 0x00, 0x00, 0x00, 0x00,
  0x00, 0x00, 0x00, 0x00, 0x00, 0x00, 0x00, 0x00, 0x00, 0x00, 0x00, 0x00, 0x00, 0x00, 0x00, 0x00,
  0x00, 0x00, 0x00, 0x00, 0x00, 0x00, 0x00, 0x00, 0x00, 0x00, 0x00, 0x00, 0x00, 0x00, 0x00, 0x00,
  0x00, 0x00, 0x00, 0x00, 0x00, 0x00, 0x00, 0x00, 0x00, 0x00, 0x00, 0x00, 0x00, 0x00, 0x00, 0x00,
  0x00, 0x00, 0x00, 0x00, 0x00, 0x00, 0x00, 0x00, 0x00, 0x00, 0x00, 0x00, 0x00, 0x00, 0x00, 0x00,
  0x00, 0x00, 0x00, 0x00, 0x00, 0x00, 0x00, 0x00, 0x00, 0x00, 0x00, 0x00, 0x00, 0x00, 0x00, 0x00,
  0x00, 0x00, 0x00, 0x00, 0x00, 0x00, 0x00, 0x00, 0x00, 0x00, 0x00, 0x00, 0x00, 0x00, 0x00, 0x00,
  0x00, 0x00, 0x00, 0x00, 0x00, 0x00, 0x00, 0x00, 0x00, 0x00, 0x00, 0x00, 0x00, 0x00, 0x00, 0x00,
  0x00, 0x00, 0x00, 0x00, 0x00, 0x00, 0x00, 0x00, 0x00, 0x01, 0x00, 0x00, 0x00, 0x0c, 0x26, 0x44,
  0x45, 0x3d, 0x2b, 0x0a, 0x00, 0x00, 0x00, 0x00, 0x02, 0x01, 0x01, 0x00, 0x00, 0x00, 0x00, 0x00,
  0x00, 0x00, 0x00, 0x00, 0x00, 0x00, 0x00, 0x00, 0x00, 0x00, 0x00, 0x00, 0x00, 0x00, 0x00, 0x00,
  0x00, 0x00, 0x00, 0x00, 0x00, 0x00, 0x00, 0x00, 0x00, 0x01, 0x06, 0x01, 0x00, 0x00, 0x00, 0x00,
  0x00, 0x00, 0x01, 0x02, 0x00, 0x00, 0x00, 0x00, 0x00, 0x00, 0x00, 0x00, 0x00, 0x00, 0x00, 0x00,
  0x00, 0x00, 0x00, 0x00, 0x00, 0x00, 0x00, 0x00, 0x00, 0x00, 0x00, 0x00, 0x00, 0x00, 0x00, 0x00,
  0x00, 0x00, 0x00, 0x00, 0x00, 0x00, 0x00, 0x00, 0x00, 0x00, 0x00, 0x00, 0x00, 0x00, 0x00, 0x00,
  0x00, 0x00, 0x00, 0x00, 0x00, 0x07, 0x5b, 0x36, 0x00, 0x01, 0x05, 0x02, 0x00, 0x00, 0x00, 0x00,
  0x00, 0x00, 0x00, 0x00, 0x00, 0x00, 0x00, 0x00, 0x00, 0x00, 0x00, 0x00, 0x00, 0x00, 0x00, 0x00,
  0x00, 0x00, 0x00, 0x00, 0x00, 0x00, 0x00, 0x00, 0x00, 0x00, 0x00, 0x00, 0x00, 0x00, 0x00, 0x00,
  0x00, 0x00, 0x00, 0x00, 0x00, 0x00, 0x00, 0x00, 0x00, 0x00, 0x00, 0x00, 0x00, 0x00, 0x00, 0x00,
  0x00, 0x00, 0x00, 0x00, 0x00, 0x00, 0x00, 0x00, 0x00, 0x00, 0x00, 0x00, 0x00, 0x00, 0x00, 0x00,
  0x00, 0x00, 0x00, 0x00, 0x00, 0x00, 0x00, 0x00, 0x00, 0x00, 0x00, 0x00, 0x00, 0x00, 0x00, 0x00,
  0x00, 0x00, 0x00, 0x00, 0x00, 0x00, 0x00, 0x00, 0x00, 0x00, 0x00, 0x00, 0x00, 0x00, 0x00, 0x00,
  0x00, 0x00, 0x00, 0x00, 0x00, 0x00, 0x00, 0x00, 0x00, 0x00, 0x00, 0x00, 0x00, 0x00, 0x00, 0x00,
  0x00, 0x00, 0x00, 0x00, 0x00, 0x00, 0x00, 0x00, 0x00, 0x00, 0x00, 0x00, 0x01, 0x00, 0x00, 0x01,
  0x1d, 0x3f, 0x42, 0x35, 0x19, 0x03, 0x00, 0x00, 0x00, 0x03, 0x02, 0x01, 0x00, 0x00, 0x00, 0x00,
  0x00, 0x01, 0x00, 0x00, 0x00, 0x03, 0x00, 0x00, 0x00, 0x00, 0x00, 0x00, 0x00, 0x00, 0x00, 0x00,
  0x00, 0x00, 0x00, 0x00, 0x00, 0x01, 0x00, 0x00, 0x00, 0x00, 0x00, 0x00, 0x00, 0x00, 0x02, 0x06,
  0x00, 0x00, 0x00, 0x00, 0x00, 0x00, 0x00, 0x01, 0x03, 0x00, 0x00, 0x00, 0x00, 0x00, 0x00, 0x00,
  0x00, 0x00, 0x00, 0x00, 0x00, 0x00, 0x00, 0x00, 0x00, 0x00, 0x00, 0x00, 0x00, 0x00, 0x00, 0x00,
  0x00, 0x00, 0x00, 0x00, 0x00, 0x00, 0x00, 0x00, 0x00, 0x00, 0x00, 0x00, 0x00, 0x00, 0x00, 0x00,
  0x00, 0x00, 0x00, 0x00, 0x00, 0x00, 0x00, 0x00, 0x00, 0x01, 0x00, 0x3c, 0x3d, 0x00, 0x03, 0x07,
  0x03, 0x00, 0x00, 0x00, 0x00, 0x00, 0x00, 0x00, 0x00, 0x00, 0x00, 0x00, 0x00, 0x00, 0x00, 0x00,
  0x00, 0x00, 0x00, 0x00, 0x00, 0x00, 0x00, 0x00, 0x00, 0x00, 0x00, 0x00, 0x00, 0x00, 0x00, 0x00,
  0x00, 0x00, 0x00, 0x00, 0x00, 0x00, 0x00, 0x00, 0x00, 0x00, 0x00, 0x00, 0x00, 0x00, 0x00, 0x00,
  0x00, 0x00, 0x00, 0x00, 0x00, 0x00, 0x00, 0x00, 0x00, 0x00, 0x00, 0x00, 0x00, 0x00, 0x00, 0x00,
  0x00, 0x00, 0x00, 0x00, 0x00, 0x00, 0x00, 0x00, 0x00, 0x00, 0x00, 0x00, 0x00, 0x00, 0x00, 0x00,
  0x00, 0x00, 0x00, 0x00, 0x00, 0x00, 0x00, 0x00, 0x00, 0x00, 0x00, 0x00, 0x00, 0x00, 0x00, 0x00,
  0x00, 0x00, 0x00, 0x00, 0x00, 0x00, 0x00, 0x00, 0x00, 0x00, 0x00, 0x00, 0x00, 0x00, 0x00, 0x00,
  0x00, 0x00, 0x00, 0x00, 0x00, 0x00, 0x00, 0x00, 0x00, 0x00, 0x00, 0x00, 0x00, 0x00, 0x00, 0x00,
  0x00, 0x00, 0x04, 0x2a, 0x4a, 0x47, 0x2b, 0x06, 0x00, 0x00, 0x00, 0x01, 0x01, 0x00, 0x00, 0x00,
  0x00, 0x00, 0x00, 0x00, 0x00, 0x00, 0x00, 0x00, 0x05, 0x09, 0x08, 0x01, 0x00, 0x00, 0x01, 0x00,
  0x00, 0x00, 0x00, 0x00, 0x00, 0x00, 0x00, 0x00, 0x00, 0x00, 0x00, 0x00, 0x00, 0x00, 0x00, 0x00,
  0x00, 0x00, 0x00, 0x00, 0x00, 0x00, 0x00, 0x00, 0x00, 0x00, 0x00, 0x00, 0x00, 0x00, 0x00, 0x00,
  0x00, 0x00, 0x00, 0x00, 0x00, 0x00, 0x00, 0x00, 0x00, 0x00, 0x00, 0x00, 0x00, 0x00, 0x00, 0x00,
  0x00, 0x00, 0x00, 0x00, 0x00, 0x00, 0x00, 0x00, 0x00, 0x00, 0x00, 0x00, 0x00, 0x00, 0x00, 0x00,
  0x00, 0x00, 0x00, 0x00, 0x00, 0x00, 0x00, 0x00, 0x00, 0x00, 0x00, 0x00, 0x00, 0x01, 0x00, 0x00,
  0x02, 0x02, 0x00, 0x00, 0x00, 0x00, 0x00, 0x00, 0x00, 0x00, 0x00, 0x00, 0x00, 0x00, 0x00, 0x00,
  0x00, 0x00, 0x00, 0x00, 0x00, 0x00, 0x00, 0x00, 0x00, 0x00, 0x00, 0x00, 0x00, 0x00, 0x00, 0x00,
  0x00, 0x00, 0x00, 0x00, 0x00, 0x00, 0x00, 0x00, 0x00, 0x00, 0x00, 0x00, 0x00, 0x00, 0x00, 0x00,
  0x00, 0x00, 0x00, 0x00, 0x00, 0x00, 0x00, 0x00, 0x00, 0x00, 0x00, 0x00, 0x00, 0x00, 0x00, 0x00,
  0x00, 0x00, 0x00, 0x00, 0x00, 0x00, 0x00, 0x00, 0x00, 0x00, 0x00, 0x00, 0x00, 0x00, 0x00, 0x00,
  0x00, 0x00, 0x00, 0x00, 0x00, 0x00, 0x00, 0x00, 0x00, 0x00, 0x00, 0x00, 0x00, 0x00, 0x00, 0x00,
  0x00, 0x00, 0x00, 0x00, 0x00, 0x00, 0x00, 0x00, 0x00, 0x00, 0x00, 0x00, 0x00, 0x00, 0x00, 0x00,
  0x00, 0x00, 0x00, 0x00, 0x00, 0x00, 0x00, 0x00, 0x00, 0x00, 0x00, 0x00, 0x00, 0x00, 0x00, 0x00,
  0x00, 0x00, 0x00, 0x00, 0x00, 0x06, 0x27, 0x45, 0x35, 0x19, 0x00, 0x00, 0x00, 0x01, 0x01, 0x00,
  0x00, 0x00, 0x00, 0x00, 0x00, 0x00, 0x00, 0x00, 0x00, 0x00, 0x00, 0x00, 0x00, 0x0a, 0x17, 0x07,
  0x00, 0x00, 0x00, 0x00, 0x00, 0x00, 0x00, 0x00, 0x00, 0x00, 0x00, 0x00, 0x00, 0x00, 0x00, 0x00,
  0x00, 0x00, 0x00, 0x00, 0x00, 0x00, 0x00, 0x00, 0x00, 0x00, 0x00, 0x00, 0x00, 0x00, 0x00, 0x00,
  0x00, 0x00, 0x00, 0x00, 0x00, 0x01, 0x01, 0x01, 0x00, 0x00, 0x00, 0x00, 0x00, 0x00, 0x00, 0x00,
  0x00, 0x00, 0x00, 0x00, 0x00, 0x00, 0x00, 0x00, 0x00, 0x00, 0x00, 0x00, 0x00, 0x00, 0x00, 0x00,
  0x00, 0x00, 0x00, 0x00, 0x00, 0x00, 0x00, 0x00, 0x00, 0x00, 0x00, 0x00, 0x00, 0x00, 0x00, 0x00,
  0x00, 0x00, 0x00, 0x00, 0x00, 0x00, 0x00, 0x00, 0x00, 0x00, 0x00, 0x00, 0x00, 0x00, 0x00, 0x00,
  0x00, 0x00, 0x00, 0x00, 0x00, 0x00, 0x00, 0x00, 0x00, 0x00, 0x00, 0x00, 0x00, 0x00, 0x00, 0x00,
  0x00, 0x00, 0x00, 0x00, 0x00, 0x00, 0x00, 0x00, 0x00, 0x00, 0x00, 0x00, 0x00, 0x00, 0x00, 0x00,
  0x00, 0x00, 0x00, 0x00, 0x00, 0x00, 0x00, 0x00, 0x00, 0x00, 0x00, 0x00, 0x00, 0x00, 0x00, 0x00,
  0x00, 0x00, 0x00, 0x00, 0x00, 0x00, 0x00, 0x00, 0x00, 0x00, 0x00, 0x00, 0x00, 0x00, 0x00, 0x00,
  0x00, 0x00, 0x00, 0x00, 0x00, 0x00, 0x00, 0x00, 0x00, 0x00, 0x00, 0x00, 0x00, 0x00, 0x00, 0x00,
  0x00, 0x00, 0x00, 0x00, 0x00, 0x00, 0x00, 0x00, 0x00, 0x00, 0x00, 0x00, 0x00, 0x00, 0x00, 0x00,
  0x00, 0x00, 0x00, 0x00, 0x00, 0x00, 0x00, 0x00, 0x00, 0x00, 0x00, 0x00, 0x00, 0x00, 0x00, 0x00,
  0x00, 0x00, 0x00, 0x00, 0x00, 0x00, 0x00, 0x00, 0x0b, 0x23, 0x33, 0x26, 0x0d, 0x00, 0x00, 0x00,
  0x01, 0x00, 0x00, 0x00, 0x00, 0x00, 0x00, 0x00, 0x00, 0x00, 0x00, 0x00, 0x00, 0x00, 0x00, 0x00,
  0x00, 0x00, 0x00, 0x01, 0x14, 0x05, 0x00, 0x00, 0x10, 0x03, 0x00, 0x00, 0x00, 0x00, 0x00, 0x00,
  0x00, 0x00, 0x00, 0x00, 0x00, 0x00, 0x00, 0x00, 0x00, 0x00, 0x00, 0x00, 0x00, 0x00, 0x02, 0x00,
  0x00, 0x00, 0x00, 0x00, 0x00, 0x00, 0x00, 0x00, 0x00, 0x00, 0x00, 0x00, 0x01, 0x00, 0x00, 0x00,
  0x00, 0x00, 0x00, 0x00, 0x00, 0x00, 0x00, 0x00, 0x00, 0x00, 0x00, 0x00, 0x00, 0x00, 0x00, 0x00,
  0x00, 0x00, 0x00, 0x00, 0x00, 0x00, 0x00, 0x00, 0x00, 0x00, 0x00, 0x00, 0x00, 0x00, 0x00, 0x00,
  0x00, 0x00, 0x00, 0x00, 0x00, 0x00, 0x00, 0x00, 0x00, 0x00, 0x00, 0x00, 0x00, 0x00, 0x00, 0x00,
  0x00, 0x00, 0x00, 0x00, 0x00, 0x00, 0x00, 0x00, 0x00, 0x00, 0x00, 0x00, 0x00, 0x00, 0x00, 0x00,
  0x00, 0x00, 0x00, 0x00, 0x00, 0x00, 0x00, 0x00, 0x00, 0x00, 0x00, 0x00, 0x00, 0x00, 0x00, 0x00,
  0x00, 0x00, 0x00, 0x00, 0x00, 0x00, 0x00, 0x00, 0x00, 0x00, 0x00, 0x00, 0x00, 0x00, 0x00, 0x00,
  0x00, 0x00, 0x00, 0x00, 0x00, 0x00, 0x00, 0x00, 0x00, 0x00, 0x00, 0x00, 0x00, 0x00, 0x00, 0x00,
  0x00, 0x00, 0x00, 0x00, 0x00, 0x00, 0x00, 0x00, 0x00, 0x00, 0x00, 0x00, 0x00, 0x00, 0x00, 0x00,
  0x00, 0x00, 0x00, 0x00, 0x00, 0x00, 0x00, 0x00, 0x00, 0x00, 0x00, 0x00, 0x00, 0x00, 0x00, 0x00,
  0x00, 0x00, 0x00, 0x00, 0x00, 0x00, 0x00, 0x00, 0x00, 0x00, 0x00, 0x00, 0x00, 0x00, 0x00, 0x00,
  0x00, 0x00, 0x00, 0x00, 0x00, 0x00, 0x00, 0x00, 0x00, 0x02, 0x0a, 0x14, 0x19, 0x22, 0x1b, 0x08,
  0x00, 0x00, 0x01, 0x01, 0x00, 0x00, 0x00, 0x00, 0x00, 0x00, 0x00, 0x00, 0x00, 0x00, 0x00, 0x00,
  0x00, 0x00, 0x00, 0x00, 0x00, 0x00, 0x00, 0x01, 0x00, 0x05, 0x02, 0x00, 0x07, 0x29, 0x03, 0x00,
  0x00, 0x00, 0x00, 0x00, 0x00, 0x00, 0x00, 0x00, 0x00, 0x00, 0x00, 0x00, 0x00, 0x00, 0x00, 0x00,
  0x00, 0x00, 0x00, 0x03, 0x00, 0x00, 0x00, 0x00, 0x02, 0x00, 0x00, 0x00, 0x00, 0x00, 0x02, 0x16,
  0x14, 0x12, 0x06, 0x00, 0x00, 0x00, 0x00, 0x00, 0x00, 0x00, 0x00, 0x00, 0x00, 0x00, 0x00, 0x00,
  0x00, 0x00, 0x00, 0x00, 0x00, 0x00, 0x00, 0x00, 0x00, 0x00, 0x00, 0x00, 0x00, 0x00, 0x00, 0x00,
  0x00, 0x00, 0x00, 0x00, 0x00, 0x00, 0x00, 0x00, 0x00, 0x00, 0x00, 0x00, 0x00, 0x00, 0x00, 0x00,
  0x01, 0x00, 0x00, 0x00, 0x00, 0x00, 0x00, 0x00, 0x00, 0x00, 0x00, 0x00, 0x00, 0x00, 0x00, 0x00,
  0x00, 0x00, 0x00, 0x00, 0x00, 0x00, 0x00, 0x00, 0x00, 0x00, 0x00, 0x00, 0x00, 0x00, 0x00, 0x00,
  0x00, 0x00, 0x00, 0x00, 0x00, 0x00, 0x00, 0x00, 0x00, 0x00, 0x00, 0x00, 0x00, 0x00, 0x00, 0x00,
  0x00, 0x00, 0x00, 0x00, 0x00, 0x00, 0x00, 0x00, 0x00, 0x00, 0x00, 0x00, 0x00, 0x00, 0x00, 0x00,
  0x00, 0x00, 0x00, 0x00, 0x00, 0x00, 0x00, 0x00, 0x00, 0x00, 0x00, 0x00, 0x00, 0x00, 0x00, 0x00,
  0x00, 0x00, 0x00, 0x00, 0x00, 0x00, 0x00, 0x00, 0x00, 0x00, 0x00, 0x00, 0x00, 0x00, 0x00, 0x00,
  0x00, 0x00, 0x00, 0x00, 0x00, 0x00, 0x00, 0x00, 0x00, 0x00, 0x00, 0x00, 0x00, 0x00, 0x00, 0x00,
  0x00, 0x00, 0x00, 0x00, 0x00, 0x00, 0x00, 0x00, 0x00, 0x00, 0x00, 0x00, 0x00, 0x07, 0x11, 0x0b,
  0x0b, 0x11, 0x02, 0x00, 0x00, 0x01, 0x00, 0x00, 0x00, 0x00, 0x00, 0x00, 0x00, 0x00, 0x00, 0x00,
  0x00, 0x00, 0x00, 0x02, 0x01, 0x00, 0x00, 0x00, 0x00, 0x00, 0x01, 0x02, 0x07, 0x03, 0x02, 0x00,
  0x00, 0x01, 0x01, 0x00, 0x00, 0x00, 0x00, 0x00, 0x00, 0x00, 0x00, 0x00, 0x00, 0x00, 0x00, 0x00,
  0x00, 0x00, 0x00, 0x00, 0x00, 0x00, 0x00, 0x00, 0x00, 0x00, 0x00, 0x00, 0x00, 0x01, 0x00, 0x00,
  0x00, 0x00, 0x01, 0x20, 0x7b, 0x8f, 0x59, 0x0d, 0x00, 0x01, 0x00, 0x00, 0x00, 0x00, 0x00, 0x00,
  0x00, 0x00, 0x00, 0x00, 0x00, 0x00, 0x00, 0x00, 0x00, 0x00, 0x00, 0x00, 0x00, 0x00, 0x00, 0x00,
  0x00, 0x00, 0x00, 0x00, 0x00, 0x00, 0x00, 0x00, 0x00, 0x00, 0x00, 0x00, 0x00, 0x00, 0x00, 0x00,
  0x00, 0x00, 0x00, 0x00, 0x01, 0x00, 0x00, 0x00, 0x00, 0x00, 0x00, 0x00, 0x00, 0x00, 0x00, 0x00,
  0x00, 0x00, 0x00, 0x00, 0x00, 0x00, 0x00, 0x00, 0x00, 0x00, 0x00, 0x00, 0x00, 0x00, 0x00, 0x00,
  0x00, 0x00, 0x00, 0x00, 0x00, 0x00, 0x00, 0x00, 0x00, 0x00, 0x00, 0x00, 0x00, 0x00, 0x00, 0x00,
  0x00, 0x00, 0x00, 0x00, 0x00, 0x00, 0x00, 0x00, 0x00, 0x00, 0x00, 0x00, 0x00, 0x00, 0x00, 0x00,
  0x00, 0x00, 0x00, 0x00, 0x00, 0x00, 0x00, 0x00, 0x00, 0x00, 0x00, 0x00, 0x00, 0x00, 0x00, 0x00,
  0x00, 0x00, 0x00, 0x00, 0x00, 0x00, 0x00, 0x00, 0x00, 0x00, 0x00, 0x00, 0x00, 0x00, 0x00, 0x00,
  0x00, 0x00, 0x00, 0x00, 0x00, 0x00, 0x00, 0x00, 0x00, 0x00, 0x00, 0x00, 0x00, 0x00, 0x00, 0x00,
  0x00, 0x00, 0x00, 0x00, 0x00, 0x00, 0x00, 0x00, 0x00, 0x00, 0x00, 0x00, 0x00, 0x00, 0x00, 0x00,
  0x00, 0x00, 0x02, 0x03, 0x00, 0x00, 0x00, 0x00, 0x01, 0x00, 0x00, 0x00, 0x00, 0x00, 0x00, 0x00,
  0x00, 0x00, 0x00, 0x00, 0x00, 0x00, 0x00, 0x00, 0x01, 0x00, 0x00, 0x00, 0x00, 0x00, 0x00, 0x00,
  0x06, 0x48, 0x39, 0x0f, 0x02, 0x00, 0x00, 0x00, 0x00, 0x00, 0x00, 0x00, 0x00, 0x00, 0x00, 0x00,
  0x00, 0x00, 0x00, 0x00, 0x00, 0x00, 0x00, 0x00, 0x00, 0x00, 0x00, 0x00, 0x00, 0x00, 0x00, 0x00,
  0x00, 0x00, 0x00, 0x00, 0x00, 0x01, 0x00, 0x0a, 0x5a, 0x81, 0x65, 0x2d, 0x07, 0x00, 0x00, 0x00,
  0x00, 0x00, 0x00, 0x00, 0x00, 0x00, 0x00, 0x00, 0x00, 0x00, 0x00, 0x00, 0x00, 0x00, 0x00, 0x00,
  0x00, 0x00, 0x00, 0x00, 0x00, 0x00, 0x00, 0x00, 0x00, 0x00, 0x00, 0x00, 0x00, 0x00, 0x00, 0x00,
  0x00, 0x00, 0x00, 0x00, 0x00, 0x00, 0x00, 0x00, 0x00, 0x00, 0x00, 0x00, 0x00, 0x00, 0x00, 0x00,
  0x00, 0x00, 0x00, 0x00, 0x00, 0x00, 0x00, 0x00, 0x00, 0x00, 0x00, 0x00, 0x00, 0x00, 0x00, 0x00,
  0x00, 0x00, 0x00, 0x00, 0x00, 0x00, 0x00, 0x00, 0x00, 0x00, 0x00, 0x00, 0x00, 0x00, 0x00, 0x00,
  0x00, 0x00, 0x00, 0x00, 0x00, 0x00, 0x00, 0x00, 0x00, 0x00, 0x00, 0x00, 0x00, 0x00, 0x00, 0x00,
  0x00, 0x00, 0x00, 0x00, 0x00, 0x00, 0x00, 0x00, 0x00, 0x00, 0x00, 0x00, 0x00, 0x00, 0x00, 0x00,
  0x00, 0x00, 0x00, 0x00, 0x00, 0x00, 0x00, 0x00, 0x00, 0x00, 0x00, 0x00, 0x00, 0x00, 0x00, 0x00,
  0x00, 0x00, 0x00, 0x00, 0x00, 0x00, 0x00, 0x00, 0x00, 0x00, 0x00, 0x00, 0x00, 0x00, 0x00, 0x00,
  0x00, 0x00, 0x00, 0x00, 0x00, 0x00, 0x00, 0x00, 0x00, 0x00, 0x00, 0x00, 0x00, 0x00, 0x00, 0x00,
  0x00, 0x00, 0x00, 0x00, 0x00, 0x00, 0x00, 0x00, 0x00, 0x00, 0x00, 0x01, 0x00, 0x00, 0x00, 0x00,
  0x00, 0x00, 0x00, 0x00, 0x00, 0x00, 0x00, 0x00, 0x00, 0x00, 0x00, 0x00, 0x00, 0x00, 0x00, 0x00,
  0x00, 0x00, 0x00, 0x01, 0x00, 0x0b, 0xa8, 0x6e, 0x01, 0x01, 0x00, 0x00, 0x00, 0x00, 0x00, 0x00,
  0x00, 0x00, 0x00, 0x00, 0x00, 0x00, 0x00, 0x00, 0x00, 0x00, 0x00, 0x00, 0x00, 0x00, 0x00, 0x00,
  0x00, 0x01, 0x00, 0x26, 0x1c, 0x00, 0x01, 0x00, 0x00, 0x00, 0x00, 0x00, 0x00, 0x2b, 0x4a, 0x0e,
  0x07, 0x04, 0x00, 0x00, 0x00, 0x00, 0x00, 0x00, 0x00, 0x00, 0x00, 0x00, 0x00, 0x00, 0x00, 0x00,
  0x00, 0x00, 0x00, 0x00, 0x00, 0x00, 0x00, 0x00, 0x00, 0x00, 0x00, 0x00, 0x00, 0x00, 0x00, 0x00,
  0x00, 0x00, 0x00, 0x00, 0x00, 0x00, 0x00, 0x00, 0x00, 0x00, 0x00, 0x00, 0x00, 0x00, 0x00, 0x00,
  0x00, 0x00, 0x00, 0x00, 0x00, 0x00, 0x00, 0x00, 0x00, 0x00, 0x00, 0x00, 0x00, 0x00, 0x00, 0x00,
  0x00, 0x00, 0x00, 0x00, 0x00, 0x00, 0x00, 0x00, 0x00, 0x00, 0x00, 0x00, 0x00, 0x00, 0x00, 0x00,
  0x00, 0x00, 0x00, 0x00, 0x00, 0x00, 0x01, 0x01, 0x00, 0x00, 0x00, 0x00, 0x00, 0x00, 0x00, 0x00,
  0x00, 0x00, 0x00, 0x00, 0x00, 0x00, 0x00, 0x00, 0x00, 0x00, 0x00, 0x00, 0x00, 0x00, 0x00, 0x00,
  0x00, 0x00, 0x00, 0x00, 0x00, 0x00, 0x00, 0x00, 0x00, 0x00, 0x00, 0x00, 0x00, 0x00, 0x00, 0x00,
  0x00, 0x00, 0x00, 0x00, 0x00, 0x00, 0x00, 0x00, 0x00, 0x00, 0x00, 0x00, 0x00, 0x00, 0x00, 0x00,
  0x00, 0x00, 0x00, 0x00, 0x00, 0x00, 0x00, 0x00, 0x00, 0x00, 0x00, 0x00, 0x00, 0x00, 0x00, 0x00,
  0x00, 0x00, 0x00, 0x00, 0x00, 0x00, 0x00, 0x00, 0x00, 0x00, 0x00, 0x00, 0x00, 0x00, 0x00, 0x00,
  0x00, 0x00, 0x00, 0x00, 0x00, 0x00, 0x00, 0x00, 0x00, 0x00, 0x00, 0x00, 0x00, 0x00, 0x00, 0x00,
  0x00, 0x00, 0x00, 0x00, 0x00, 0x00, 0x00, 0x00, 0x00, 0x01, 0x00, 0x5d, 0x65, 0x00, 0x01, 0x00,
  0x00, 0x00, 0x00, 0x00, 0x00, 0x00, 0x00, 0x00, 0x00, 0x00, 0x00, 0x00, 0x00, 0x00, 0x00, 0x00,
  0x00, 0x00, 0x00, 0x00, 0x00, 0x00, 0x01, 0x00, 0x2e, 0x33, 0x00, 0x01, 0x00, 0x00, 0x00, 0x00,
  0x00, 0x00, 0x00, 0x00, 0x02, 0x00, 0x00, 0x00, 0x00, 0x00, 0x00, 0x00, 0x00, 0x00, 0x00, 0x00,
  0x00, 0x00, 0x00, 0x00, 0x00, 0x00, 0x00, 0x00, 0x00, 0x00, 0x00, 0x00, 0x00, 0x00, 0x00, 0x00,
  0x00, 0x00, 0x00, 0x00, 0x00, 0x00, 0x00, 0x00, 0x00, 0x00, 0x00, 0x00, 0x00, 0x00, 0x00, 0x00,
  0x00, 0x00, 0x00, 0x00, 0x00, 0x00, 0x00, 0x03, 0x04, 0x00, 0x00, 0x00, 0x00, 0x00, 0x00, 0x00,
  0x00, 0x00, 0x00, 0x00, 0x00, 0x00, 0x00, 0x00, 0x00, 0x00, 0x00, 0x00, 0x00, 0x00, 0x00, 0x00,
  0x00, 0x00, 0x00, 0x00, 0x00, 0x00, 0x00, 0x00, 0x00, 0x00, 0x00, 0x00, 0x00, 0x00, 0x00, 0x00,
  0x00, 0x00, 0x00, 0x00, 0x00, 0x00, 0x00, 0x00, 0x00, 0x00, 0x00, 0x00, 0x00, 0x00, 0x00, 0x00,
  0x00, 0x00, 0x00, 0x00, 0x00, 0x00, 0x00, 0x00, 0x00, 0x00, 0x00, 0x00, 0x00, 0x00, 0x00, 0x00,
  0x00, 0x00, 0x00, 0x00, 0x00, 0x00, 0x00, 0x00, 0x00, 0x00, 0x00, 0x00, 0x00, 0x00, 0x00, 0x00,
  0x00, 0x00, 0x00, 0x00, 0x00, 0x00, 0x00, 0x00, 0x00, 0x00, 0x00, 0x00, 0x00, 0x00, 0x00, 0x00,
  0x00, 0x00, 0x00, 0x00, 0x00, 0x00, 0x00, 0x00, 0x00, 0x00, 0x00, 0x00, 0x00, 0x00, 0x00, 0x00,
  0x00, 0x00, 0x00, 0x00, 0x00, 0x00, 0x00, 0x00, 0x00, 0x00, 0x00, 0x00, 0x00, 0x00, 0x00, 0x00,
  0x00, 0x00, 0x00, 0x00, 0x00, 0x00, 0x00, 0x00, 0x00, 0x00, 0x00, 0x00, 0x00, 0x00, 0x00, 0x00,
  0x19, 0x1b, 0x00, 0x00, 0x00, 0x00, 0x00, 0x00, 0x01, 0x00, 0x00, 0x00, 0x00, 0x00, 0x00, 0x00,
  0x00, 0x00, 0x00, 0x00, 0x00, 0x00, 0x00, 0x00, 0x00, 0x00, 0x00, 0x00, 0x00, 0x00, 0x01, 0x00,
  0x00, 0x00, 0x00, 0x00, 0x00, 0x00, 0x00, 0x01, 0x02, 0x01, 0x00, 0x01, 0x00, 0x00, 0x00, 0x00,
  0x00, 0x00, 0x00, 0x00, 0x00, 0x00, 0x00, 0x00, 0x00, 0x00, 0x00, 0x00, 0x00, 0x00, 0x00, 0x00,
  0x00, 0x00, 0x00, 0x00, 0x00, 0x00, 0x00, 0x00, 0x00, 0x00, 0x00, 0x00, 0x00, 0x00, 0x00, 0x00,
  0x00, 0x00, 0x00, 0x00, 0x00, 0x00, 0x00, 0x00, 0x00, 0x00, 0x00, 0x00, 0x02, 0x03, 0x00, 0x00,
  0x00, 0x00, 0x00, 0x00, 0x00, 0x00, 0x00, 0x00, 0x00, 0x00, 0x00, 0x00, 0x00, 0x00, 0x00, 0x00,
  0x00, 0x00, 0x00, 0x00, 0x00, 0x00, 0x00, 0x00, 0x00, 0x00, 0x00, 0x00, 0x00, 0x00, 0x01, 0x04,
  0x19, 0x0f, 0x00, 0x00, 0x00, 0x00, 0x00, 0x00, 0x00, 0x00, 0x00, 0x00, 0x00, 0x00, 0x00, 0x00,
  0x00, 0x00, 0x00, 0x00, 0x00, 0x00, 0x00, 0x00, 0x00, 0x00, 0x00, 0x00, 0x00, 0x00, 0x00, 0x00,
  0x00, 0x00, 0x00, 0x00, 0x00, 0x00, 0x00, 0x00, 0x00, 0x00, 0x00, 0x00, 0x00, 0x00, 0x00, 0x00,
  0x00, 0x00, 0x00, 0x00, 0x00, 0x00, 0x00, 0x00, 0x00, 0x00, 0x00, 0x00, 0x00, 0x00, 0x00, 0x00,
  0x00, 0x00, 0x00, 0x00, 0x00, 0x00, 0x00, 0x00, 0x00, 0x00, 0x00, 0x00, 0x00, 0x00, 0x00, 0x00,
  0x00, 0x00, 0x00, 0x00, 0x00, 0x00, 0x00, 0x00, 0x00, 0x00, 0x00, 0x00, 0x00, 0x00, 0x00, 0x00,
  0x00, 0x00, 0x00, 0x00, 0x00, 0x00, 0x00, 0x00, 0x00, 0x00, 0x00, 0x00, 0x00, 0x00, 0x00, 0x00,
  0x00, 0x00, 0x00, 0x00, 0x00, 0x00, 0x00, 0x00, 0x00, 0x00, 0x00, 0x00, 0x00, 0x12, 0x04, 0x00,
  0x00, 0x00, 0x00, 0x00, 0x00, 0x00, 0x00, 0x00, 0x00, 0x00, 0x00, 0x00, 0x00, 0x00, 0x00, 0x00,
  0x00, 0x00, 0x00, 0x00, 0x00, 0x00, 0x00, 0x00, 0x00, 0x00, 0x00, 0x00, 0x00, 0x00, 0x00, 0x02,
  0x00, 0x00, 0x00, 0x00, 0x00, 0x00, 0x00, 0x00, 0x00, 0x00, 0x00, 0x00, 0x00, 0x00, 0x00, 0x00,
  0x00, 0x00, 0x00, 0x00, 0x00, 0x02, 0x00, 0x00, 0x00, 0x00, 0x00, 0x00, 0x00, 0x00, 0x00, 0x00,
  0x00, 0x00, 0x00, 0x00, 0x00, 0x00, 0x00, 0x00, 0x00, 0x00, 0x00, 0x00, 0x00, 0x00, 0x00, 0x00,
  0x00, 0x00, 0x00, 0x00, 0x00, 0x00, 0x00, 0x00, 0x00, 0x00, 0x00, 0x00, 0x00, 0x00, 0x00, 0x00,
  0x00, 0x00, 0x00, 0x00, 0x00, 0x00, 0x00, 0x00, 0x00, 0x00, 0x00, 0x00, 0x00, 0x00, 0x00, 0x00,
  0x00, 0x00, 0x00, 0x00, 0x00, 0x3c, 0x20, 0x00, 0x01, 0x00, 0x00, 0x00, 0x00, 0x00, 0x00, 0x00,
  0x00, 0x00, 0x00, 0x00, 0x00, 0x00, 0x00, 0x00, 0x00, 0x00, 0x00, 0x00, 0x00, 0x00, 0x00, 0x00,
  0x00, 0x00, 0x00, 0x00, 0x00, 0x00, 0x00, 0x00, 0x00, 0x00, 0x00, 0x00, 0x00, 0x00, 0x00, 0x00,
  0x00, 0x00, 0x00, 0x00, 0x00, 0x00, 0x00, 0x00, 0x00, 0x00, 0x00, 0x00, 0x00, 0x00, 0x00, 0x00,
  0x00, 0x00, 0x00, 0x00, 0x00, 0x00, 0x00, 0x00, 0x00, 0x00, 0x00, 0x00, 0x00, 0x00, 0x00, 0x00,
  0x00, 0x00, 0x00, 0x00, 0x00, 0x00, 0x00, 0x00, 0x00, 0x00, 0x00, 0x00, 0x00, 0x00, 0x00, 0x00,
  0x00, 0x00, 0x00, 0x00, 0x00, 0x00, 0x00, 0x00, 0x00, 0x00, 0x00, 0x00, 0x00, 0x00, 0x00, 0x00,
  0x00, 0x00, 0x00, 0x00, 0x00, 0x00, 0x00, 0x01, 0x00, 0x00, 0x00, 0x01, 0x00, 0x00, 0x00, 0x00,
  0x00, 0x00, 0x05, 0x01, 0x00, 0x00, 0x00, 0x00, 0x00, 0x00, 0x00, 0x00, 0x00, 0x00, 0x00, 0x00,
  0x00, 0x00, 0x00, 0x00, 0x00, 0x00, 0x00, 0x00, 0x00, 0x00, 0x00, 0x00, 0x00, 0x00, 0x00, 0x00,
  0x00, 0x00, 0x00, 0x00, 0x00, 0x00, 0x00, 0x00, 0x00, 0x00, 0x00, 0x00, 0x00, 0x00, 0x00, 0x00,
  0x00, 0x00, 0x00, 0x00, 0x00, 0x00, 0x00, 0x00, 0x00, 0x00, 0x01, 0x00, 0x00, 0x00, 0x00, 0x00,
  0x00, 0x00, 0x00, 0x00, 0x00, 0x00, 0x00, 0x00, 0x00, 0x00, 0x00, 0x00, 0x00, 0x00, 0x00, 0x00,
  0x00, 0x00, 0x00, 0x00, 0x00, 0x00, 0x00, 0x00, 0x00, 0x00, 0x00, 0x00, 0x00, 0x00, 0x00, 0x00,
  0x00, 0x00, 0x00, 0x00, 0x00, 0x00, 0x00, 0x00, 0x00, 0x00, 0x00, 0x00, 0x00, 0x00, 0x00, 0x00,
  0x00, 0x00, 0x00, 0x00, 0x00, 0x00, 0x00, 0x00, 0x00, 0x00, 0x06, 0x01, 0x00, 0x00, 0x00, 0x00,
  0x00, 0x00, 0x00, 0x00, 0x00, 0x00, 0x00, 0x00, 0x00, 0x00, 0x00, 0x00, 0x00, 0x00, 0x00, 0x00,
  0x00, 0x00, 0x00, 0x00, 0x00, 0x00, 0x00, 0x00, 0x00, 0x00, 0x00, 0x00, 0x00, 0x00, 0x00, 0x00,
  0x00, 0x00, 0x00, 0x00, 0x00, 0x00, 0x00, 0x00, 0x00, 0x00, 0x00, 0x00, 0x00, 0x00, 0x00, 0x00,
  0x00, 0x00, 0x00, 0x00, 0x00, 0x00, 0x00, 0x00, 0x00, 0x00, 0x00, 0x00, 0x00, 0x00, 0x00, 0x00,
  0x00, 0x00, 0x00, 0x00, 0x00, 0x00, 0x00, 0x00, 0x00, 0x00, 0x00, 0x00, 0x00, 0x00, 0x00, 0x00,
  0x00, 0x00, 0x00, 0x00, 0x00, 0x00, 0x00, 0x00, 0x00, 0x00, 0x00, 0x00, 0x00, 0x00, 0x00, 0x00,
  0x00, 0x00, 0x00, 0x00, 0x00, 0x00, 0x00, 0x00, 0x00, 0x00, 0x00, 0x00, 0x00, 0x00, 0x00, 0x00,
  0x00, 0x00, 0x00, 0x00, 0x00, 0x00, 0x00, 0x00, 0x00, 0x00, 0x00, 0x00, 0x00, 0x00, 0x00, 0x00,
  0x00, 0x00, 0x00, 0x00, 0x00, 0x00, 0x00, 0x00, 0x00, 0x00, 0x00, 0x00, 0x00, 0x00, 0x00, 0x00,
  0x00, 0x00, 0x00, 0x00, 0x00, 0x00, 0x00, 0x00, 0x00, 0x00, 0x00, 0x00, 0x00, 0x00, 0x00, 0x00,
  0x00, 0x00, 0x00, 0x00, 0x00, 0x00, 0x00, 0x00, 0x00, 0x00, 0x00, 0x00, 0x00, 0x00, 0x00, 0x00,
  0x00, 0x00, 0x00, 0x00, 0x00, 0x00, 0x00, 0x00, 0x00, 0x00, 0x00, 0x00, 0x00, 0x00, 0x00, 0x00,
  0x00, 0x00, 0x00, 0x00, 0x00, 0x00, 0x00, 0x00, 0x00, 0x00, 0x00, 0x00, 0x00, 0x00, 0x00, 0x00,
  0x00, 0x00, 0x00, 0x00, 0x00, 0x00, 0x00, 0x00, 0x00, 0x00, 0x00, 0x00, 0x00, 0x00, 0x00, 0x00,
  0x00, 0x00, 0x00, 0x00, 0x00, 0x00, 0x00, 0x00, 0x00, 0x00, 0x00, 0x04, 0x0e, 0x05, 0x02, 0x00,
  0x00, 0x00, 0x00, 0x00, 0x00, 0x00, 0x00, 0x00, 0x00, 0x00, 0x00, 0x00, 0x00, 0x00, 0x00, 0x00,
  0x00, 0x00, 0x00, 0x00, 0x00, 0x00, 0x00, 0x00, 0x00, 0x00, 0x00, 0x00, 0x00, 0x00, 0x00, 0x00,
  0x00, 0x00, 0x00, 0x00, 0x00, 0x00, 0x00, 0x00, 0x00, 0x00, 0x00, 0x00, 0x00, 0x00, 0x00, 0x00,
  0x00, 0x00, 0x00, 0x00, 0x00, 0x00, 0x00, 0x00, 0x00, 0x00, 0x00, 0x00, 0x00, 0x00, 0x00, 0x00,
  0x00, 0x00, 0x00, 0x00, 0x00, 0x00, 0x00, 0x00, 0x00, 0x00, 0x00, 0x00, 0x00, 0x00, 0x00, 0x00,
  0x00, 0x00, 0x00, 0x00, 0x00, 0x00, 0x00, 0x00, 0x00, 0x00, 0x00, 0x00, 0x00, 0x00, 0x00, 0x00,
  0x00, 0x00, 0x00, 0x00, 0x00, 0x00, 0x00, 0x00, 0x00, 0x00, 0x00, 0x00, 0x00, 0x00, 0x00, 0x00,
  0x00, 0x00, 0x00, 0x00, 0x00, 0x00, 0x00, 0x00, 0x00, 0x00, 0x00, 0x00, 0x00, 0x00, 0x00, 0x00,
  0x00, 0x00, 0x00, 0x00, 0x00, 0x00, 0x00, 0x00, 0x00, 0x00, 0x00, 0x00, 0x00, 0x00, 0x00, 0x00,
  0x00, 0x00, 0x00, 0x00, 0x00, 0x00, 0x00, 0x00, 0x00, 0x00, 0x00, 0x00, 0x00, 0x00, 0x00, 0x00,
  0x00, 0x00, 0x00, 0x00, 0x00, 0x00, 0x00, 0x00, 0x00, 0x00, 0x00, 0x00, 0x00, 0x00, 0x00, 0x00,
  0x00, 0x00, 0x00, 0x00, 0x00, 0x00, 0x00, 0x00, 0x00, 0x00, 0x00, 0x00, 0x00, 0x00, 0x00, 0x00,
  0x00, 0x00, 0x00, 0x00, 0x00, 0x00, 0x00, 0x00, 0x00, 0x00, 0x00, 0x00, 0x00, 0x00, 0x00, 0x00,
  0x00, 0x00, 0x00, 0x00, 0x00, 0x00, 0x00, 0x00, 0x00, 0x00, 0x00, 0x00, 0x00, 0x00, 0x00, 0x00,
  0x00, 0x00, 0x00, 0x00, 0x00, 0x00, 0x00, 0x00, 0x00, 0x00, 0x00, 0x00, 0x00, 0x00, 0x00, 0x00,
  0x07, 0x31, 0x11, 0x00, 0x00, 0x00, 0x00, 0x00, 0x00, 0x00, 0x00, 0x00, 0x00, 0x00, 0x00, 0x00,
  0x00, 0x00, 0x00, 0x00, 0x00, 0x00, 0x00, 0x00, 0x00, 0x00, 0x00, 0x00, 0x00, 0x00, 0x00, 0x00,
  0x00, 0x00, 0x00, 0x00, 0x00, 0x00, 0x00, 0x00, 0x00, 0x00, 0x00, 0x00, 0x00, 0x00, 0x00, 0x00,
  0x00, 0x00, 0x00, 0x00, 0x00, 0x00, 0x00, 0x00, 0x00, 0x00, 0x00, 0x00, 0x00, 0x00, 0x00, 0x00,
  0x00, 0x00, 0x00, 0x00, 0x00, 0x00, 0x00, 0x00, 0x00, 0x00, 0x00, 0x00, 0x00, 0x00, 0x00, 0x00,
  0x00, 0x00, 0x00, 0x00, 0x00, 0x00, 0x00, 0x00, 0x00, 0x00, 0x00, 0x00, 0x00, 0x00, 0x00, 0x00,
  0x00, 0x00, 0x00, 0x00, 0x00, 0x00, 0x00, 0x00, 0x00, 0x00, 0x00, 0x00, 0x00, 0x00, 0x00, 0x00,
  0x00, 0x00, 0x00, 0x00, 0x00, 0x00, 0x00, 0x00, 0x00, 0x00, 0x00, 0x00, 0x00, 0x00, 0x00, 0x00,
  0x00, 0x00, 0x00, 0x01, 0x01, 0x00, 0x00, 0x00, 0x00, 0x00, 0x00, 0x00, 0x00, 0x00, 0x00, 0x00,
  0x00, 0x00, 0x00, 0x00, 0x00, 0x00, 0x00, 0x00, 0x00, 0x00, 0x00, 0x00, 0x00, 0x00, 0x00, 0x00,
  0x00, 0x00, 0x00, 0x00, 0x00, 0x00, 0x00, 0x00, 0x00, 0x00, 0x00, 0x00, 0x00, 0x00, 0x00, 0x00,
  0x00, 0x00, 0x00, 0x00, 0x00, 0x00, 0x00, 0x00, 0x00, 0x00, 0x00, 0x00, 0x00, 0x00, 0x00, 0x00,
  0x00, 0x00, 0x00, 0x00, 0x00, 0x00, 0x00, 0x00, 0x00, 0x00, 0x00, 0x00, 0x00, 0x00, 0x00, 0x00,
  0x00, 0x00, 0x00, 0x00, 0x00, 0x00, 0x00, 0x00, 0x00, 0x00, 0x00, 0x00, 0x00, 0x00, 0x00, 0x00,
  0x00, 0x00, 0x00, 0x00, 0x00, 0x00, 0x00, 0x00, 0x00, 0x00, 0x00, 0x00, 0x00, 0x00, 0x00, 0x00,
  0x00, 0x00, 0x00, 0x00, 0x00, 0x00, 0x0d, 0x1d, 0x08, 0x03, 0x00, 0x00, 0x00, 0x00, 0x00, 0x00,
  0x00, 0x00, 0x00, 0x00, 0x00, 0x00, 0x00, 0x00, 0x00, 0x00, 0x00, 0x00, 0x00, 0x00, 0x00, 0x00,
  0x00, 0x00, 0x00, 0x00, 0x00, 0x00, 0x00, 0x00, 0x00, 0x00, 0x00, 0x00, 0x00, 0x00, 0x00, 0x00,
  0x00, 0x00, 0x00, 0x00, 0x00, 0x00, 0x00, 0x00, 0x00, 0x00, 0x00, 0x00, 0x00, 0x00, 0x00, 0x00,
  0x00, 0x00, 0x00, 0x00, 0x00, 0x00, 0x00, 0x00, 0x00, 0x00, 0x00, 0x00, 0x00, 0x00, 0x00, 0x00,
  0x00, 0x00, 0x00, 0x00, 0x00, 0x00, 0x00, 0x00, 0x00, 0x00, 0x00, 0x00, 0x00, 0x00, 0x00, 0x00,
  0x00, 0x00, 0x00, 0x00, 0x00, 0x00, 0x00, 0x00, 0x00, 0x00, 0x00, 0x00, 0x00, 0x00, 0x00, 0x00,
  0x00, 0x00, 0x00, 0x00, 0x00, 0x00, 0x00, 0x00, 0x00, 0x00, 0x00, 0x00, 0x00, 0x00, 0x00, 0x00,
  0x00, 0x00, 0x00, 0x00, 0x00, 0x00, 0x00, 0x00, 0x00, 0x00, 0x00, 0x00, 0x00, 0x00, 0x00, 0x00,
  0x00, 0x00, 0x00, 0x00, 0x00, 0x00, 0x00, 0x00, 0x00, 0x00, 0x00, 0x00, 0x00, 0x00, 0x00, 0x00,
  0x00, 0x00, 0x00, 0x00, 0x00, 0x00, 0x00, 0x00, 0x00, 0x00, 0x00, 0x00, 0x00, 0x00, 0x00, 0x00,
  0x00, 0x00, 0x00, 0x00, 0x00, 0x00, 0x00, 0x00, 0x00, 0x00, 0x00, 0x00, 0x00, 0x00, 0x00, 0x00,
  0x00, 0x00, 0x00, 0x00, 0x00, 0x00, 0x00, 0x00, 0x00, 0x00, 0x00, 0x00, 0x00, 0x00, 0x00, 0x00,
  0x00, 0x00, 0x00, 0x00, 0x00, 0x00, 0x00, 0x00, 0x00, 0x00, 0x00, 0x00, 0x00, 0x00, 0x00, 0x00,
  0x00, 0x00, 0x00, 0x00, 0x00, 0x00, 0x00, 0x00, 0x00, 0x00, 0x00, 0x00, 0x00, 0x00, 0x00, 0x00,
  0x00, 0x00, 0x00, 0x00, 0x00, 0x00, 0x00, 0x00, 0x00, 0x01, 0x01, 0x00, 0x71, 0xa6, 0x41, 0x00,
  0x04, 0x00, 0x00, 0x00, 0x00, 0x00, 0x00, 0x00, 0x00, 0x00, 0x00, 0x00, 0x00, 0x00, 0x00, 0x00,
  0x00, 0x00, 0x00, 0x00, 0x00, 0x00, 0x00, 0x00, 0x00, 0x00, 0x00, 0x00, 0x00, 0x00, 0x00, 0x00,
  0x00, 0x00, 0x00, 0x00, 0x00, 0x00, 0x00, 0x00, 0x00, 0x00, 0x00, 0x00, 0x00, 0x00, 0x00, 0x00,
  0x00, 0x00, 0x00, 0x00, 0x00, 0x00, 0x00, 0x00, 0x00, 0x00, 0x00, 0x00, 0x00, 0x00, 0x00, 0x00,
  0x00, 0x00, 0x00, 0x00, 0x00, 0x00, 0x00, 0x00, 0x00, 0x00, 0x00, 0x00, 0x00, 0x00, 0x00, 0x00,
  0x00, 0x00, 0x00, 0x00, 0x00, 0x00, 0x00, 0x00, 0x00, 0x00, 0x00, 0x00, 0x00, 0x00, 0x00, 0x00,
  0x00, 0x00, 0x00, 0x00, 0x00, 0x00, 0x00, 0x00, 0x00, 0x00, 0x00, 0x00, 0x00, 0x00, 0x00, 0x00,
  0x00, 0x00, 0x00, 0x00, 0x00, 0x00, 0x00, 0x00, 0x00, 0x00, 0x00, 0x00, 0x00, 0x00, 0x00, 0x00,
  0x00, 0x00, 0x00, 0x00, 0x00, 0x00, 0x00, 0x00, 0x00, 0x00, 0x00, 0x00, 0x00, 0x00, 0x00, 0x00,
  0x00, 0x00, 0x00, 0x00, 0x00, 0x00, 0x00, 0x00, 0x00, 0x00, 0x00, 0x00, 0x00, 0x00, 0x00, 0x00,
  0x00, 0x00, 0x00, 0x00, 0x00, 0x00, 0x00, 0x00, 0x00, 0x00, 0x00, 0x00, 0x00, 0x00, 0x00, 0x00,
  0x00, 0x00, 0x00, 0x00, 0x00, 0x00, 0x00, 0x00, 0x00, 0x00, 0x00, 0x00, 0x00, 0x00, 0x00, 0x00,
  0x00, 0x00, 0x00, 0x00, 0x00, 0x00, 0x00, 0x00, 0x00, 0x00, 0x00, 0x00, 0x00, 0x00, 0x00, 0x00,
  0x00, 0x00, 0x00, 0x00, 0x00, 0x00, 0x00, 0x00, 0x00, 0x00, 0x00, 0x00, 0x00, 0x00, 0x00, 0x00,
  0x00, 0x00, 0x00, 0x00, 0x00, 0x00, 0x00, 0x00, 0x00, 0x00, 0x00, 0x00, 0x00, 0x00, 0x00, 0x01,
  0x00, 0x16, 0x43, 0x22, 0x00, 0x00, 0x00, 0x00, 0x00, 0x00, 0x00, 0x00, 0x00, 0x00, 0x00, 0x00,
  0x00, 0x00, 0x00, 0x00, 0x00, 0x00, 0x00, 0x00, 0x00, 0x00, 0x00, 0x00, 0x00, 0x00, 0x00, 0x00,
  0x00, 0x00, 0x00, 0x00, 0x00, 0x00, 0x00, 0x00, 0x00, 0x00, 0x00, 0x00, 0x00, 0x00, 0x00, 0x00,
  0x00, 0x00, 0x00, 0x00, 0x00, 0x00, 0x00, 0x00, 0x00, 0x00, 0x00, 0x00, 0x00, 0x00, 0x00, 0x00,
  0x00, 0x00, 0x00, 0x00, 0x00, 0x00, 0x00, 0x00, 0x00, 0x00,
};

const lv_image_dsc_t countdown_1 = {
  .header = {
    .magic = LV_IMAGE_HEADER_MAGIC,
    .cf = LV_COLOR_FORMAT_RGB565A8,
    .w = 245,
    .h = 214,
    .stride = 490,
  },
  .data_size = sizeof(countdown_1_map),
  .data = countdown_1_map,
};
