#ifdef __has_include
    #if __has_include("lvgl.h")
        #ifndef LV_LVGL_H_INCLUDE_SIMPLE
            #define LV_LVGL_H_INCLUDE_SIMPLE
        #endif
    #endif
#endif

#if defined(LV_LVGL_H_INCLUDE_SIMPLE)
    #include "lvgl.h"
#else
    #include "lvgl/lvgl.h"
#endif

#ifndef LV_ATTRIBUTE_MEM_ALIGN
#define LV_ATTRIBUTE_MEM_ALIGN
#endif

#ifndef LV_ATTRIBUTE_IMAGE_COUNTDOWN_GO
#define LV_ATTRIBUTE_IMAGE_COUNTDOWN_GO
#endif

const LV_ATTRIBUTE_MEM_ALIGN LV_ATTRIBUTE_LARGE_CONST LV_ATTRIBUTE_IMAGE_COUNTDOWN_GO uint8_t countdown_go_map[] = {
  0x00, 0x00, 0x00, 0x00, 0x00, 0x00, 0x00, 0x00, 0x00, 0x00, 0x00, 0x00, 0x00, 0x00, 0x00, 0x00,
  0x00, 0x00, 0x00, 0x00, 0x00, 0x00, 0x00, 0x00, 0x00, 0x00, 0x00, 0x00, 0x00, 0x00, 0x00, 0x00,
  0x00, 0x00, 0x00, 0x00, 0x00, 0x00, 0x00, 0x00, 0x00, 0x00, 0x00, 0x00, 0x00, 0x00, 0x00, 0x00,
  0x00, 0x00, 0x00, 0x00, 0x00, 0x00, 0x00, 0x00, 0x00, 0x00, 0x00, 0x00, 0x00, 0x00, 0x00, 0x00,
  0x00, 0x00, 0x00, 0x00, 0x00, 0x00, 0x00, 0x00, 0x00, 0x00, 0x00, 0x00, 0x00, 0x00, 0x00, 0x00,
  0x00, 0x00, 0x00, 0x00, 0x00, 0x00, 0x00, 0x00, 0x00, 0x00, 0x00, 0x00, 0x00, 0x00, 0x00, 0x00,
  0x00, 0x00, 0x00, 0x00, 0x00, 0x00, 0x00, 0x00, 0x00, 0x00, 0x00, 0x00, 0x00, 0x00, 0x00, 0x00,
  0x00, 0x00, 0x00, 0x00, 0x00, 0x00, 0x00, 0x00, 0x00, 0x00, 0x00, 0x00, 0x00, 0x00, 0x00, 0x00,
  0x00, 0x00, 0x00, 0x00, 0x00, 0x00, 0x00, 0x00, 0x00, 0x00, 0x00, 0x00, 0x00, 0x00, 0x00, 0x00,
  0x00, 0x00, 0x00, 0x00, 0x00, 0x00, 0x00, 0x00, 0x00, 0x00, 0x00, 0x00, 0x00, 0x00, 0x00, 0x00,
  0x00, 0x00, 0x00, 0x00, 0x00, 0x00, 0x00, 0x00, 0x00, 0x00, 0x00, 0x00, 0x00, 0x00, 0x00, 0x00,
  0x00, 0x00, 0x00, 0x00, 0x00, 0x00, 0x00, 0x00, 0x00, 0x00, 0x00, 0x00, 0x00, 0x00, 0x00, 0x00,
  0x00, 0x00, 0x00, 0x00, 0x00, 0x00, 0x00, 0x00, 0x00, 0x00, 0x00, 0x00, 0x00, 0x00, 0x00, 0x00,
  0x00, 0x00, 0x00, 0x00, 0x00, 0x00, 0x00, 0x00, 0x00, 0x00, 0x00, 0x00, 0x00, 0x00, 0x00, 0x00,
  0xa0, 0x02, 0x82, 0x11, 0x00, 0x00, 0x00, 0x00, 0x00, 0x00, 0x00, 0x00, 0x00, 0x00, 0x00, 0x00,
  0x00, 0x00, 0x00, 0x00, 0x00, 0x00, 0x00, 0x00, 0x00, 0x00, 0x00, 0x00, 0x00, 0x00, 0x00, 0x00,
  0x00, 0x00, 0x00, 0x00, 0x00, 0x00, 0x00, 0x00, 0x00, 0x00, 0x00, 0x00, 0x00, 0x00, 0x00, 0x00,
  0x00, 0x00, 0x00, 0x00, 0x00, 0x00, 0x00, 0x00, 0x00, 0x00, 0x00, 0x00, 0x00, 0x00, 0x00, 0x00,
  0x00, 0x00, 0x00, 0x00, 0x00, 0x00, 0x00, 0x00, 0x00, 0x00, 0x00, 0x00, 0x00, 0x00, 0x00, 0x00,
  0x00, 0x00, 0x00, 0x00, 0x00, 0x00, 0x00, 0x00, 0x00, 0x00, 0x00, 0x00, 0x00, 0x00, 0x00, 0x00,
  0x00, 0x00, 0x00, 0x00, 0x00, 0x00, 0x00, 0x00, 0x00, 0x00, 0x00, 0x00, 0x00, 0x00, 0x00, 0x00,
  0x00, 0x00, 0x00, 0x00, 0x00, 0x00, 0x00, 0x00, 0x00, 0x00, 0x00, 0x00, 0x00, 0x00, 0x00, 0x00,
  0x00, 0x00, 0x00, 0x00, 0x00, 0x00, 0x00, 0x00, 0x00, 0x00, 0x00, 0x00, 0x00, 0x00, 0x00, 0x00,
  0x00, 0x00, 0x00, 0x00, 0x00, 0x00, 0x00, 0x00, 0x00, 0x00, 0x00, 0x00, 0x00, 0x00, 0x00, 0x00,
  0x00, 0x00, 0x00, 0x00, 0x00, 0x00, 0x00, 0x00, 0x00, 0x00, 0x00, 0x00, 0x00, 0x00, 0xe0, 0x07,
  0x00, 0x00, 0x00, 0x00, 0x00, 0x00, 0x00, 0x00, 0x00, 0x00, 0x00, 0x00, 0x00, 0x00, 0x00, 0x00,
  0x00, 0x00, 0x00, 0x00, 0x00, 0x00, 0x00, 0x00, 0x00, 0x00, 0x00, 0x00, 0x00, 0x00, 0x00, 0x00,
  0x00, 0x00, 0x00, 0x00, 0x00, 0x00, 0x00, 0x00, 0x00, 0x00, 0x00, 0x00, 0x00, 0x00, 0x00, 0x00,
  0x00, 0x00, 0x00, 0x00, 0x00, 0x00, 0x00, 0x00, 0x00, 0x00, 0x00, 0x00, 0x00, 0x00, 0x00, 0x00,
  0x00, 0x00, 0x00, 0x00, 0x00, 0x00, 0x00, 0x00, 0x00, 0x00, 0x00, 0x00, 0x00, 0x00, 0x00, 0x00,
  0x00, 0x00, 0x00, 0x00, 0x00, 0x00, 0x00, 0x00, 0x00, 0x00, 0x00, 0x00, 0x00, 0x00, 0x00, 0x00,
  0x00, 0x00, 0x00, 0x00, 0x00, 0x00, 0x00, 0x00, 0x00, 0x00, 0x00, 0x00, 0x00, 0x00, 0x00, 0x00,
  0x00, 0x00, 0x00, 0x00, 0x00, 0x00, 0x00, 0x00, 0x00, 0x00, 0x00, 0x00, 0x00, 0x00, 0x00, 0x00,
  0x00, 0x00, 0x00, 0x00, 0x00, 0x00, 0x00, 0x00, 0x00, 0x00, 0x00, 0x00, 0x00, 0x00, 0x00, 0x00,
  0x00, 0x00, 0x00, 0x00, 0x00, 0x00, 0x00, 0x00, 0x00, 0x00, 0x00, 0x00, 0x00, 0x00, 0x00, 0x00,
  0x00, 0x00, 0x00, 0x00, 0x00, 0x00, 0x00, 0x00, 0x00, 0x00, 0x00, 0x00, 0x00, 0x00, 0x00, 0x00,
  0x00, 0x00, 0x00, 0x00, 0x00, 0x00, 0x00, 0x00, 0x00, 0x00, 0x00, 0x00, 0x00, 0x00, 0x00, 0x00,
  0x00, 0x00, 0x00, 0x00, 0x00, 0x00, 0x00, 0x00, 0x00, 0x00, 0x00, 0x00, 0x00, 0x00, 0x00, 0x00,
  0x00, 0x00, 0x00, 0x00, 0x00, 0x00, 0x00, 0x00, 0x00, 0x00, 0x00, 0x00, 0x00, 0x00, 0x00, 0x00,
  0x00, 0x00, 0x00, 0x00, 0x00, 0x00, 0x00, 0x00, 0x00, 0x00, 0x00, 0x00, 0x00, 0x00, 0x00, 0x00,
  0x00, 0x00, 0x00, 0x00, 0x00, 0x00, 0x00, 0x00, 0x00, 0x00, 0x00, 0x00, 0x00, 0x00, 0x00, 0x00,
  0x00, 0x00, 0x00, 0x00, 0x00, 0x00, 0x00, 0x00, 0x00, 0x00, 0x00, 0x00, 0x00, 0x00, 0x00, 0x00,
  0x00, 0x00, 0x00, 0x00, 0x00, 0x00, 0x00, 0x00, 0x00, 0x00, 0x00, 0x00, 0x00, 0x00, 0x00, 0x00,
  0x00, 0x00, 0x00, 0x00, 0x00, 0x00, 0x00, 0x00, 0x00, 0x00, 0x00, 0x00, 0x00, 0x00, 0x00, 0x00,
  0x00, 0x00, 0x00, 0x00, 0x00, 0x00, 0x00, 0x00, 0x00, 0x00, 0x00, 0x00, 0x00, 0x00, 0x00, 0x00,
  0x00, 0x00, 0x00, 0x00, 0x00, 0x00, 0x00, 0x00, 0x00, 0x00, 0x00, 0x00, 0x00, 0x00, 0x00, 0x00,
  0x00, 0x00, 0x00, 0x00, 0x00, 0x00, 0x00, 0x00, 0x00, 0x00, 0x00, 0x00, 0x00, 0x00, 0x00, 0x00,
  0x00, 0x00, 0x00, 0x00, 0x40, 0x22, 0x40, 0x29, 0x00, 0x00, 0x00, 0x00, 0x00, 0x00, 0x00, 0x00,
  0x00, 0x00, 0x00, 0x00, 0x00, 0x00, 0x00, 0x00, 0x00, 0x00, 0x00, 0x00, 0x00, 0x00, 0x00, 0x00,
  0x00, 0x00, 0x00, 0x00, 0x00, 0x00, 0x00, 0x00, 0x00, 0x00, 0x00, 0x00, 0x00, 0x00, 0x00, 0x00,
  0x00, 0x00, 0x00, 0x00, 0x00, 0x00, 0x00, 0x00, 0x00, 0x00, 0x00, 0x00, 0x00, 0x00, 0x00, 0x00,
  0x00, 0x00, 0x00, 0x00, 0x00, 0x00, 0x00, 0x00, 0x00, 0x00, 0x00, 0x00, 0x00, 0x00, 0x00, 0x00,
  0x00, 0x00, 0x00, 0x00, 0x00, 0x00, 0x00, 0x00, 0x00, 0x00, 0x00, 0x00, 0x00, 0x00, 0x00, 0x00,
  0x00, 0x00, 0x00, 0x00, 0x00, 0x00, 0x00, 0x00, 0x00, 0x00, 0x00, 0x00, 0x00, 0x00, 0x00, 0x00,
  0x00, 0x00, 0x00, 0x00, 0x00, 0x00, 0x00, 0x00, 0x00, 0x00, 0x00, 0x00, 0x00, 0x00, 0x00, 0x00,
  0x00, 0x00, 0x00, 0x00, 0x00, 0x00, 0x00, 0x00, 0x00, 0x00, 0x00, 0x00, 0x00, 0x00, 0x00, 0x00,
  0x00, 0x00, 0x00, 0x00, 0x00, 0x00, 0x00, 0x00, 0x00, 0x00, 0x00, 0x00, 0x00, 0x00, 0x00, 0x00,
  0x00, 0x00, 0x00, 0x00, 0x00, 0x00, 0x00, 0x00, 0x00, 0x00, 0x00, 0x00, 0x00, 0x00, 0x00, 0x00,
  0x00, 0x00, 0x00, 0x00, 0x00, 0x00, 0x00, 0x00, 0x00, 0x00, 0x00, 0x00, 0x00, 0x00, 0x00, 0x00,
  0x00, 0x00, 0x00, 0x00, 0x00, 0x00, 0x00, 0x00, 0x00, 0x00, 0x00, 0x00, 0x00, 0x00, 0x00, 0x00,
  0x00, 0x00, 0x00, 0x00, 0x00, 0x00, 0x00, 0x00, 0x00, 0x00, 0x00, 0x00, 0x00, 0x00, 0x00, 0x00,
  0x00, 0x00, 0x00, 0x00, 0x00, 0x00, 0x00, 0x00, 0x00, 0x00, 0x00, 0x00, 0x00, 0x00, 0x00, 0x00,
  0x00, 0x00, 0x00, 0x00, 0x00, 0x00, 0x00, 0x00, 0x00, 0x00, 0x00, 0x00, 0x00, 0x00, 0x00, 0x00,
  0x00, 0x00, 0x00, 0x00, 0x00, 0x00, 0x00, 0x00, 0x00, 0x00, 0x00, 0x00, 0x00, 0x00, 0x00, 0x00,
  0x00, 0x00, 0x00, 0x00, 0x00, 0x00, 0x00, 0x00, 0x00, 0x00, 0x00, 0x00, 0x00, 0x00, 0x00, 0x00,
  0x00, 0x00, 0x00, 0x00, 0x00, 0x00, 0x00, 0x00, 0x00, 0x00, 0x00, 0x00, 0x00, 0x00, 0x00, 0x00,
  0x00, 0x00, 0x00, 0x00, 0x00, 0x00, 0x00, 0x00, 0x00, 0x00, 0x00, 0x00, 0x00, 0x00, 0x00, 0x00,
  0x00, 0x00, 0x00, 0x00, 0x00, 0x00, 0x00, 0x00, 0x00, 0x00, 0x00, 0x00, 0x00, 0x00, 0x00, 0x00,
  0x00, 0x00, 0x00, 0x00, 0x00, 0x00, 0x00, 0x00, 0x00, 0x00, 0x00, 0x00, 0x00, 0x00, 0x00, 0x00,
  0x00, 0x00, 0x00, 0x00, 0x00, 0x00, 0x00, 0x00, 0x00, 0x00, 0x00, 0x00, 0x00, 0x00, 0x00, 0x00,
  0x00, 0x00, 0x00, 0x00, 0x00, 0x00, 0x00, 0x00, 0x00, 0x00, 0x00, 0x00, 0x00, 0x00, 0x00, 0x00,
  0x00, 0x00, 0x00, 0x00, 0x00, 0x00, 0x00, 0x00, 0x00, 0x00, 0x00, 0x00, 0x00, 0x00, 0x00, 0x00,
  0x00, 0x00, 0x00, 0x00, 0x00, 0x00, 0x00, 0x00, 0x00, 0x00, 0x00, 0x00, 0x00, 0x00, 0x00, 0x00,
  0x00, 0x00, 0x00, 0x00, 0x00, 0x00, 0x00, 0x00, 0x00, 0x00, 0x00, 0x00, 0x00, 0x00, 0x00, 0x00,
  0x00, 0x00, 0x00, 0x00, 0x00, 0x00, 0x00, 0x00, 0x00, 0x00, 0x00, 0x00, 0x00, 0x00, 0x00, 0x00,
  0x00, 0x00, 0x00, 0x00, 0x00, 0x00, 0x00, 0x00, 0x00, 0x00, 0x00, 0x00, 0x00, 0x00, 0x00, 0x00,
  0x00, 0x00, 0x00, 0x00, 0x00, 0x00, 0x00, 0x00, 0x00, 0x00, 0x00, 0x00, 0x00, 0x00, 0x00, 0x00,
  0x00, 0x00, 0x00, 0x00, 0x00, 0x00, 0x00, 0x00, 0x00, 0x00, 0x00, 0x00, 0x00, 0x00, 0x00, 0x00,
  0x00, 0x00, 0x00, 0x00, 0x00, 0x00, 0x00, 0x00, 0x00, 0x00, 0x00, 0x00, 0x00, 0x00, 0x00, 0x00,
  0x00, 0x00, 0x00, 0x00, 0x00, 0x00, 0x00, 0x00, 0x00, 0x00, 0x00, 0x00, 0x00, 0x00, 0x00, 0x00,
  0x00, 0x00, 0x00, 0x00, 0x00, 0x00, 0x00, 0x00, 0xa1, 0x21, 0xe1, 0x19, 0x00, 0x00, 0x00, 0x00,
  0x00, 0x00, 0x00, 0x00, 0x00, 0x00, 0x00, 0x00, 0x00, 0x00, 0x00, 0x00, 0x00, 0x00, 0x00, 0x00,
  0x00, 0x00, 0x00, 0x00, 0x00, 0x00, 0x00, 0x00, 0x00, 0x00, 0x00, 0x00, 0x00, 0x00, 0x00, 0x00,
  0x00, 0x00, 0x00, 0x00, 0x00, 0x00, 0x00, 0x00, 0x00, 0x00, 0x00, 0x00, 0x00, 0x00, 0x00, 0x00,
  0x00, 0x00, 0x00, 0x00, 0x00, 0x00, 0x00, 0x00, 0x00, 0x00, 0x00, 0x00, 0x00, 0x00, 0x00, 0x00,
  0x00, 0x00, 0x00, 0x00, 0x00, 0x00, 0x00, 0x00, 0x00, 0x00, 0x00, 0x00, 0x00, 0x00, 0x00, 0x00,
  0x00, 0x00, 0x00, 0x00, 0x00, 0x00, 0x00, 0x00, 0x00, 0x00, 0x00, 0x00, 0x00, 0x00, 0x00, 0x00,
  0x00, 0x00, 0x00, 0x00, 0x00, 0x00, 0x00, 0x00, 0x00, 0x00, 0x00, 0x00, 0x00, 0x00, 0x00, 0x00,
  0x00, 0x00, 0x00, 0x00, 0x00, 0x00, 0x00, 0x00, 0x00, 0x00, 0x00, 0x00, 0x00, 0x00, 0x00, 0x00,
  0x00, 0x00, 0x00, 0x00, 0x00, 0x00, 0x00, 0x00, 0x00, 0x00, 0x00, 0x00, 0x00, 0x00, 0x00, 0x00,
  0x00, 0x00, 0x00, 0x00, 0x00, 0x00, 0x00, 0x00, 0x00, 0x00, 0x00, 0x00, 0x00, 0x00, 0x00, 0x00,
  0x00, 0x00, 0x00, 0x00, 0x00, 0x00, 0x00, 0x00, 0x00, 0x00, 0x00, 0x00, 0x00, 0x00, 0x00, 0x00,
  0x00, 0x00, 0x00, 0x00, 0x00, 0x00, 0x00, 0x00, 0x00, 0x00, 0x00, 0x00, 0x00, 0x00, 0x00, 0x00,
  0x00, 0x00, 0x00, 0x00, 0x00, 0x00, 0x00, 0x00, 0x00, 0x00, 0x00, 0x00, 0x00, 0x00, 0x00, 0x00,
  0x00, 0x00, 0x00, 0x00, 0x00, 0x00, 0x00, 0x00, 0x00, 0x00, 0x00, 0x00, 0x00, 0x00, 0x00, 0x00,
  0x00, 0x00, 0x00, 0x00, 0x00, 0x00, 0x00, 0x00, 0x00, 0x00, 0x00, 0x00, 0x00, 0x00, 0x00, 0x00,
  0x00, 0x00, 0x00, 0x00, 0x00, 0x00, 0x00, 0x00, 0x00, 0x00, 0x00, 0x00, 0x00, 0x00, 0x00, 0x00,
  0x00, 0x00, 0x00, 0x00, 0x00, 0x00, 0x00, 0x00, 0x00, 0x00, 0x00, 0x00, 0x00, 0x00, 0x00, 0x00,
  0x00, 0x00, 0x00, 0x00, 0x00, 0x00, 0x00, 0x00, 0x00, 0x00, 0x00, 0x00, 0x00, 0x00, 0x00, 0x00,
  0x00, 0x00, 0x00, 0x00, 0x00, 0x00, 0x00, 0x00, 0x00, 0x00, 0x00, 0x00, 0x00, 0x00, 0x00, 0x00,
  0x00, 0x00, 0x00, 0x00, 0x00, 0x00, 0x00, 0x00, 0x00, 0x00, 0x00, 0x00, 0x00, 0x00, 0x00, 0x00,
  0x00, 0x00, 0x00, 0x00, 0x00, 0x00, 0x00, 0x00, 0x00, 0x00, 0x00, 0x00, 0x00, 0x00, 0x00, 0x00,
  0x00, 0x00, 0x00, 0x00, 0x00, 0x00, 0x00, 0x00, 0x00, 0x00, 0x00, 0x00, 0x00, 0x00, 0x00, 0x00,
  0x00, 0x00, 0x00, 0x00, 0x00, 0x00, 0x00, 0x00, 0x00, 0x00, 0x00, 0x00, 0x00, 0x00, 0x00, 0x00,
  0x00, 0x00, 0x00, 0x00, 0x00, 0x00, 0x00, 0x00, 0x00, 0x00, 0x00, 0x00, 0x00, 0x00, 0x00, 0x00,
  0x00, 0x00, 0x00, 0x00, 0x00, 0x00, 0x00, 0x00, 0x00, 0x00, 0x00, 0x00, 0x00, 0x00, 0x00, 0x00,
  0x00, 0x00, 0x00, 0x00, 0x00, 0x00, 0x00, 0x00, 0x00, 0x00, 0x00, 0x00, 0x00, 0x00, 0x00, 0x00,
  0x00, 0x00, 0x00, 0x00, 0x00, 0x00, 0x00, 0x00, 0x00, 0x00, 0x00, 0x00, 0x00, 0x00, 0x00, 0x00,
  0x00, 0x00, 0x00, 0x00, 0x00, 0x00, 0x00, 0x00, 0x00, 0x00, 0x00, 0x00, 0x00, 0x00, 0x00, 0x00,
  0x00, 0x00, 0x00, 0x00, 0x00, 0x00, 0x00, 0x00, 0x00, 0x00, 0x00, 0x00, 0x00, 0x00, 0x00, 0x00,
  0x00, 0x00, 0x00, 0x00, 0x00, 0x00, 0x00, 0x00, 0x00, 0x00, 0x00, 0x00, 0x00, 0x00, 0x00, 0x00,
  0x00, 0x00, 0x00, 0x00, 0x00, 0x00, 0x00, 0x00, 0x00, 0x00, 0x00, 0x00, 0x00, 0x00, 0x00, 0x00,
  0x00, 0x00, 0x00, 0x00, 0x00, 0x00, 0x00, 0x00, 0x00, 0x00, 0x00, 0x00, 0x00, 0x00, 0x00, 0x00,
  0x00, 0x00, 0x00, 0x00, 0x00, 0x00, 0x00, 0x00, 0x00, 0x00, 0x00, 0x00, 0x00, 0x00, 0x00, 0x00,
  0x00, 0x00, 0x00, 0x00, 0x00, 0x00, 0x00, 0x00, 0x00, 0x00, 0x00, 0x00, 0x00, 0x00, 0x00, 0x00,
  0x00, 0x00, 0x00, 0x00, 0x00, 0x00, 0x00, 0x00, 0x00, 0x00, 0x00, 0x00, 0x00, 0x00, 0x00, 0x00,
  0x00, 0x00, 0x00, 0x00, 0x00, 0x00, 0x00, 0x00, 0x00, 0x00, 0x00, 0x00, 0x00, 0x00, 0x00, 0x00,
  0x00, 0x00, 0x00, 0x00, 0x00, 0x00, 0x00, 0x00, 0x00, 0x00, 0x00, 0x00, 0x00, 0x00, 0x00, 0x00,
  0x00, 0x00, 0x00, 0x00, 0x00, 0x00, 0x00, 0x00, 0x00, 0x00, 0x00, 0x00, 0x00, 0x00, 0x00, 0x00,
  0x00, 0x00, 0x00, 0x00, 0x00, 0x00, 0x00, 0x00, 0x00, 0x00, 0x00, 0x00, 0x00, 0x00, 0x00, 0x00,
  0x00, 0x00, 0x00, 0x00, 0x00, 0x00, 0x00, 0x00, 0x00, 0x00, 0x00, 0x00, 0x00, 0x00, 0x00, 0x00,
  0x00, 0x00, 0x00, 0x00, 0x00, 0x00, 0x00, 0x00, 0x00, 0x00, 0x00, 0x00, 0x00, 0x00, 0x00, 0x00,
  0x00, 0x00, 0x00, 0x00, 0x00, 0x00, 0x00, 0x00, 0x00, 0x00, 0x00, 0x00, 0x00, 0x00, 0x00, 0x00,
  0x00, 0x00, 0x00, 0x00, 0x00, 0x00, 0x00, 0x00, 0x00, 0x00, 0x00, 0x00, 0x00, 0x00, 0x00, 0x00,
  0x00, 0x00, 0x00, 0x00, 0x00, 0x00, 0x00, 0x00, 0x00, 0x00, 0x00, 0x00, 0x00, 0x00, 0x00, 0x00,
  0x00, 0x00, 0x00, 0x00, 0x00, 0x00, 0x00, 0x00, 0x00, 0x00, 0x00, 0x00, 0x00, 0x00, 0x00, 0x00,
  0x00, 0x00, 0x00, 0x00, 0x00, 0x00, 0x00, 0x00, 0x00, 0x00, 0x00, 0x00, 0x00, 0x00, 0x00, 0x00,
  0x00, 0x00, 0x00, 0x00, 0x00, 0x00, 0x00, 0x00, 0x00, 0x00, 0x00, 0x00, 0x00, 0x00, 0x00, 0x00,
  0x00, 0x00, 0x00, 0x00, 0x00, 0x00, 0x00, 0x00, 0x00, 0x00, 0x00, 0x00, 0x00, 0x00, 0x00, 0x00,
  0x00, 0x00, 0x00, 0x00, 0x00, 0x00, 0x00, 0x00, 0x00, 0x00, 0x00, 0x00, 0x00, 0x00, 0x00, 0x00,
  0x00, 0x00, 0x00, 0x00, 0x00, 0x00, 0x00, 0x00, 0x00, 0x00, 0x00, 0x00, 0x00, 0x00, 0x00, 0x00,
  0x00, 0x00, 0x00, 0x00, 0x00, 0x00, 0x00, 0x00, 0x00, 0x00, 0x00, 0x00, 0x00, 0x00, 0x00, 0x00,
  0x00, 0x00, 0x00, 0x00, 0x00, 0x00, 0x00, 0x00, 0x00, 0x00, 0x00, 0x00, 0x00, 0x00, 0x00, 0x00,
  0x00, 0x00, 0x00, 0x00, 0x00, 0x00, 0x00, 0x00, 0x00, 0x00, 0x00, 0x00, 0x00, 0x00, 0x00, 0x00,
  0x00, 0x00, 0x00, 0x00, 0x00, 0x00, 0x00, 0x00, 0x00, 0x00, 0x00, 0x00, 0x00, 0x00, 0x00, 0x00,
  0x00, 0x00, 0x00, 0x00, 0x00, 0x00, 0x00, 0x00, 0x00, 0x00, 0x00, 0x00, 0x00, 0x00, 0x00, 0x00,
  0x00, 0x00, 0x00, 0x00, 0x00, 0x00, 0x00, 0x00, 0x00, 0x00, 0x00, 0x00, 0x00, 0x00, 0x00, 0x00,
  0x00, 0x00, 0x00, 0x00, 0x00, 0x00, 0x00, 0x00, 0x00, 0x00, 0x00, 0x00, 0x00, 0x00, 0x00, 0x00,
  0x00, 0x00, 0x00, 0x00, 0x00, 0x00, 0x00, 0x00, 0x00, 0x00, 0x00, 0x00, 0x00, 0x00, 0x00, 0x00,
  0x00, 0x00, 0x00, 0x00, 0x00, 0x00, 0x00, 0x00, 0x00, 0x00, 0x00, 0x00, 0x00, 0x00, 0x00, 0x00,
  0x00, 0x00, 0x00, 0x00, 0x00, 0x00, 0x00, 0x00, 0x00, 0x00, 0x00, 0x00, 0x00, 0x00, 0x00, 0x00,
  0x00, 0x00, 0x00, 0x00, 0x00, 0x00, 0x00, 0x00, 0x00, 0x00, 0x00, 0x00, 0x00, 0x00, 0x00, 0x00,
  0x00, 0x00, 0x00, 0x00, 0x00, 0x00, 0x00, 0x00, 0x00, 0x00, 0x00, 0x00, 0x00, 0x00, 0x00, 0x00,
  0x00, 0x00, 0x00, 0x00, 0x00, 0x00, 0x00, 0x00, 0x00, 0x00, 0x00, 0x00, 0x00, 0x00, 0x00, 0x00,
  0x00, 0x00, 0x00, 0x00, 0x00, 0x00, 0x00, 0x00, 0x00, 0x00, 0x00, 0x00, 0x00, 0x00, 0x00, 0x00,
  0x00, 0x00, 0x00, 0x00, 0x00, 0x00, 0x00, 0x00, 0x00, 0x00, 0x00, 0x00, 0x00, 0x00, 0x00, 0x00,
  0x00, 0x00, 0x00, 0x00, 0x00, 0x00, 0x00, 0x00, 0x00, 0x00, 0x00, 0x00, 0x00, 0x00, 0x00, 0x00,
  0x00, 0x00, 0x00, 0x00, 0x00, 0x00, 0x00, 0x00, 0x00, 0x00, 0x00, 0x00, 0x00, 0x00, 0x00, 0x00,
  0x00, 0x00, 0x00, 0x00, 0x00, 0x00, 0x00, 0x00, 0x00, 0x00, 0x00, 0x00, 0x00, 0x00, 0x00, 0x00,
  0x00, 0x00, 0x00, 0x00, 0x00, 0x00, 0x00, 0x00, 0x00, 0x00, 0x00, 0x00, 0x00, 0x00, 0x00, 0x00,
  0x00, 0x00, 0x00, 0x00, 0x00, 0x00, 0x00, 0x00, 0x00, 0x00, 0x00, 0x00, 0x00, 0x00, 0x00, 0x00,
  0x00, 0x00, 0x00, 0x00, 0x00, 0x00, 0x00, 0x00, 0x00, 0x00, 0x00, 0x00, 0x00, 0x00, 0x00, 0x00,
  0x00, 0x00, 0x00, 0x00, 0x00, 0x00, 0x00, 0x00, 0x00, 0x00, 0x00, 0x00, 0x00, 0x00, 0x00, 0x00,
  0x00, 0x00, 0x00, 0x00, 0x00, 0x00, 0x00, 0x00, 0x00, 0x00, 0x00, 0x00, 0x00, 0x00, 0x00, 0x00,
  0x00, 0x00, 0x00, 0x00, 0x00, 0x00, 0x00, 0x00, 0x00, 0x00, 0x00, 0x00, 0x00, 0x00, 0x00, 0x00,
  0x00, 0x00, 0x00, 0x00, 0x00, 0x00, 0x00, 0x00, 0x00, 0x00, 0x00, 0x00, 0x00, 0x00, 0x00, 0x00,
  0x00, 0x00, 0x00, 0x00, 0x00, 0x00, 0x00, 0x00, 0x00, 0x00, 0x00, 0x00, 0x00, 0x00, 0x00, 0x00,
  0x00, 0x00, 0x00, 0x00, 0x00, 0x00, 0x00, 0x00, 0x00, 0x00, 0x00, 0x00, 0x00, 0x00, 0x00, 0x00,
  0x00, 0x00, 0x00, 0x00, 0x00, 0x00, 0x00, 0x00, 0x00, 0x00, 0x00, 0x00, 0x00, 0x00, 0x00, 0x00,
  0x00, 0x00, 0x00, 0x00, 0x00, 0x00, 0x00, 0x00, 0x00, 0x00, 0x00, 0x00, 0x00, 0x00, 0x00, 0x00,
  0x00, 0x00, 0x00, 0x00, 0x00, 0x00, 0x00, 0x00, 0x00, 0x00, 0x00, 0x00, 0x00, 0x00, 0x00, 0x00,
  0x00, 0x00, 0x00, 0x00, 0x00, 0x00, 0x00, 0x00, 0x00, 0x00, 0x00, 0x00, 0x00, 0x00, 0x00, 0x00,
  0x00, 0x00, 0x00, 0x00, 0x00, 0x00, 0x00, 0x00, 0x00, 0x00, 0x00, 0x00, 0x00, 0x00, 0x00, 0x00,
  0x00, 0x00, 0x00, 0x00, 0x00, 0x00, 0x00, 0x00, 0x00, 0x00, 0x00, 0x00, 0x00, 0x00, 0x00, 0x00,
  0x00, 0x00, 0x00, 0x00, 0x00, 0x00, 0x00, 0x00, 0x00, 0x00, 0x00, 0x00, 0x00, 0x00, 0x00, 0x00,
  0x00, 0x00, 0x00, 0x00, 0x00, 0x00, 0x00, 0x00, 0x00, 0x00, 0x00, 0x00, 0x00, 0x00, 0x00, 0x00,
  0x00, 0x00, 0x00, 0x00, 0x00, 0x00, 0x00, 0x00, 0x00, 0x00, 0x00, 0x00, 0x00, 0x00, 0x00, 0x00,
  0x00, 0x00, 0x00, 0x00, 0x00, 0x00, 0x00, 0x00, 0x00, 0x00, 0x00, 0x00, 0x00, 0x00, 0x00, 0x00,
  0x00, 0x00, 0x00, 0x00, 0x00, 0x00, 0x00, 0x00, 0x00, 0x00, 0x00, 0x00, 0x00, 0x00, 0x00, 0x00,
  0x00, 0x00, 0x00, 0x00, 0x00, 0x00, 0x00, 0x00, 0x00, 0x00, 0x00, 0x00, 0x00, 0x00, 0x00, 0x00,
  0x00, 0x00, 0x00, 0x00, 0x00, 0x00, 0x00, 0x00, 0x00, 0x00, 0x00, 0x00, 0x00, 0x00, 0x00, 0x00,
  0x00, 0x00, 0x00, 0x00, 0x00, 0x00, 0x00, 0x00, 0x00, 0x00, 0x00, 0x00, 0x00, 0x00, 0x00, 0x00,
  0x00, 0x00, 0x00, 0x00, 0x00, 0x00, 0x00, 0x00, 0x00, 0x00, 0x00, 0x00, 0x00, 0x00, 0x00, 0x00,
  0x00, 0x00, 0x00, 0x00, 0x00, 0x00, 0x00, 0x00, 0x00, 0x00, 0x00, 0x00, 0x00, 0x00, 0xe0, 0x7b,
  0x00, 0x00, 0x00, 0x00, 0x00, 0x00, 0x00, 0x00, 0x00, 0x00, 0x00, 0x00, 0x00, 0x00, 0x00, 0x00,
  0x00, 0x00, 0x00, 0x00, 0x00, 0x00, 0x00, 0x00, 0x00, 0x00, 0x00, 0x00, 0x00, 0x00, 0x00, 0x00,
  0x00, 0x00, 0x00, 0x00, 0x00, 0x00, 0x00, 0x00, 0xe0, 0x07, 0x00, 0x00, 0x00, 0x00, 0x00, 0x00,
  0x00, 0x00, 0x00, 0x00, 0x00, 0x00, 0x00, 0x00, 0x00, 0x00, 0x00, 0x00, 0x00, 0x00, 0x00, 0x00,
  0x00, 0x00, 0x00, 0x00, 0x00, 0x00, 0x00, 0x00, 0x00, 0x00, 0x00, 0x00, 0x00, 0x00, 0x00, 0x00,
  0x00, 0x00, 0x00, 0x00, 0x00, 0x00, 0x00, 0x00, 0x00, 0x00, 0x00, 0x00, 0x00, 0x00, 0x00, 0x00,
  0x00, 0x00, 0x00, 0x00, 0x00, 0x00, 0x00, 0x00, 0x00, 0x00, 0x00, 0x00, 0x00, 0x00, 0x00, 0x00,
  0x00, 0x00, 0x00, 0x00, 0x00, 0x00, 0x00, 0x00, 0x00, 0x00, 0x00, 0x00, 0x00, 0x00, 0x00, 0x00,
  0x00, 0x00, 0x00, 0x00, 0x00, 0x00, 0x00, 0x00, 0x00, 0x00, 0x00, 0x00, 0x00, 0x00, 0x00, 0x00,
  0x00, 0x00, 0x00, 0x00, 0x00, 0x00, 0x00, 0x00, 0x00, 0x00, 0x00, 0x00, 0x00, 0x00, 0x00, 0x00,
  0x00, 0x00, 0x00, 0x00, 0x00, 0x00, 0x00, 0x00, 0x00, 0x00, 0x00, 0x00, 0x00, 0x00, 0x00, 0x00,
  0x00, 0x00, 0x00, 0x00, 0x00, 0x00, 0x00, 0x00, 0x00, 0x00, 0x00, 0x00, 0x00, 0x00, 0x00, 0x00,
  0x00, 0x00, 0x00, 0x00, 0x00, 0x00, 0x00, 0x00, 0x00, 0x00, 0x00, 0x00, 0x00, 0x00, 0x00, 0x00,
  0x00, 0x00, 0x00, 0x00, 0x00, 0x00, 0x00, 0x00, 0x00, 0x00, 0x00, 0x00, 0x00, 0x00, 0x00, 0x00,
  0x00, 0x00, 0x00, 0x00, 0x00, 0x00, 0x00, 0x00, 0x00, 0x00, 0x00, 0x00, 0x00, 0x00, 0x00, 0x00,
  0x00, 0x00, 0x00, 0x00, 0x00, 0x00, 0x00, 0x00, 0x00, 0x00, 0x00, 0x00, 0x00, 0x00, 0x00, 0x00,
  0x00, 0x00, 0x00, 0x00, 0x00, 0x00, 0x00, 0x00, 0x00, 0x00, 0x00, 0x00, 0x00, 0x00, 0x00, 0x00,
  0x00, 0x00, 0x00, 0x00, 0x00, 0x00, 0x00, 0x00, 0x00, 0x00, 0x00, 0x00, 0x00, 0x00, 0x00, 0x00,
  0x00, 0x00, 0x00, 0x00, 0x00, 0x00, 0x00, 0x00, 0x00, 0x00, 0x00, 0x00, 0x00, 0x00, 0x00, 0x00,
  0x00, 0x00, 0x00, 0x00, 0x00, 0x00, 0x00, 0x00, 0x00, 0x00, 0x00, 0x00, 0x00, 0x00, 0x00, 0x00,
  0x00, 0x00, 0x00, 0x00, 0x00, 0x00, 0x00, 0x00, 0x00, 0x00, 0x00, 0x00, 0x00, 0x00, 0x00, 0x00,
  0x00, 0x00, 0x00, 0x00, 0x00, 0x00, 0x00, 0x00, 0x00, 0x00, 0x00, 0x00, 0x00, 0x00, 0x00, 0x00,
  0x00, 0x00, 0x00, 0x00, 0x00, 0x00, 0x00, 0x00, 0x00, 0x00, 0x00, 0x00, 0x00, 0x00, 0x00, 0x00,
  0x00, 0x00, 0x00, 0x00, 0x00, 0x00, 0x00, 0x00, 0x00, 0x00, 0x00, 0x00, 0x00, 0x00, 0x00, 0x00,
  0x00, 0x00, 0x00, 0x00, 0x00, 0x00, 0x00, 0x00, 0x00, 0x00, 0x00, 0x00, 0x00, 0x00, 0x00, 0x00,
  0x00, 0x00, 0x00, 0x00, 0x00, 0x00, 0x00, 0x00, 0x00, 0x00, 0x00, 0x00, 0x00, 0x00, 0x00, 0x00,
  0x00, 0x00, 0x00, 0x00, 0x00, 0x00, 0x00, 0x00, 0x00, 0x00, 0x00, 0x00, 0x00, 0x00, 0x00, 0x00,
  0x00, 0x00, 0x00, 0x00, 0x00, 0x00, 0x00, 0x00, 0x00, 0x00, 0x00, 0x00, 0x00, 0x00, 0x00, 0x00,
  0x00, 0x00, 0x00, 0x00, 0x00, 0x00, 0x00, 0x00, 0x00, 0x00, 0x00, 0x00, 0x00, 0x00, 0x00, 0x00,
  0x00, 0x00, 0x00, 0x00, 0x00, 0x00, 0x00, 0x00, 0x00, 0x00, 0x00, 0x00, 0x00, 0x00, 0x00, 0x00,
  0x00, 0x00, 0x00, 0x00, 0x00, 0x00, 0x00, 0x00, 0x00, 0x00, 0x00, 0x00, 0x00, 0x00, 0x00, 0x00,
  0x00, 0x00, 0x00, 0x00, 0x00, 0x00, 0x00, 0x00, 0x00, 0x00, 0x00, 0x00, 0x00, 0x00, 0x00, 0x00,
  0x00, 0x00, 0x00, 0x00, 0x00, 0x00, 0x00, 0x00, 0x00, 0x00, 0x00, 0x00, 0xa0, 0x52, 0x41, 0x22,
  0x41, 0x1a, 0xa0, 0x2a, 0x00, 0x00, 0x00, 0x00, 0x00, 0x00, 0x00, 0x00, 0x00, 0x00, 0x00, 0x00,
  0x00, 0x00, 0x00, 0x00, 0x00, 0x00, 0x00, 0x00, 0x00, 0x00, 0x00, 0x00, 0x00, 0x00, 0x00, 0x00,
  0x00, 0x00, 0x00, 0x00, 0x00, 0x00, 0x00, 0x00, 0x00, 0x00, 0x00, 0x00, 0xe0, 0x07, 0x00, 0x00,
  0x00, 0x00, 0x00, 0x00, 0x00, 0x00, 0x00, 0x00, 0x00, 0x00, 0x00, 0x00, 0x00, 0x00, 0x00, 0x00,
  0x00, 0x00, 0x00, 0x00, 0x00, 0x00, 0x00, 0x00, 0x00, 0x00, 0x00, 0x00, 0x00, 0x00, 0x00, 0x00,
  0x00, 0x00, 0x00, 0x00, 0x00, 0x00, 0x00, 0x00, 0x00, 0x00, 0x00, 0x00, 0x00, 0x00, 0x00, 0x00,
  0x00, 0x00, 0x00, 0x00, 0x00, 0x00, 0x00, 0x00, 0x00, 0x00, 0x00, 0x00, 0x00, 0x00, 0x00, 0x00,
  0x00, 0x00, 0x00, 0x00, 0x00, 0x00, 0x00, 0x00, 0x00, 0x00, 0x00, 0x00, 0x00, 0x00, 0x00, 0x00,
  0x00, 0x00, 0x00, 0x00, 0x00, 0x00, 0x00, 0x00, 0x00, 0x00, 0x00, 0x00, 0x00, 0x00, 0x00, 0x00,
  0x00, 0x00, 0x00, 0x00, 0x00, 0x00, 0x00, 0x00, 0x00, 0x00, 0x00, 0x00, 0x00, 0x00, 0x00, 0x00,
  0x00, 0x00, 0x00, 0x00, 0x00, 0x00, 0x00, 0x00, 0x00, 0x00, 0x00, 0x00, 0x00, 0x00, 0x00, 0x00,
  0x00, 0x00, 0x00, 0x00, 0x00, 0x00, 0x00, 0x00, 0x00, 0x00, 0x00, 0x00, 0x00, 0x00, 0x00, 0x00,
  0x00, 0x00, 0x00, 0x00, 0x00, 0x00, 0x00, 0x00, 0x00, 0x00, 0x00, 0x00, 0x00, 0x00, 0x00, 0x00,
  0x00, 0x00, 0x00, 0x00, 0x00, 0x00, 0x00, 0x00, 0x00, 0x00, 0x00, 0x00, 0x00, 0x00, 0x00, 0x00,
  0x00, 0x00, 0x00, 0x00, 0x00, 0x00, 0x00, 0x00, 0x00, 0x00, 0x00, 0x00, 0x00, 0x00, 0x00, 0x00,
  0x00, 0x00, 0x00, 0x00, 0x00, 0x00, 0x00, 0x00, 0x00, 0x00, 0x00, 0x00, 0x00, 0x00, 0x00, 0x00,
  0x00, 0x00, 0x00, 0x00, 0x00, 0x00, 0x00, 0x00, 0x00, 0x00, 0x00, 0x00, 0x00, 0x00, 0x00, 0x00,
  0x00, 0x00, 0x00, 0x00, 0x00, 0x00, 0x00, 0x00, 0x00, 0x00, 0x00, 0x00, 0x00, 0x00, 0x00, 0x00,
  0x00, 0x00, 0x00, 0x00, 0x00, 0x00, 0x00, 0x00, 0x00, 0x00, 0x00, 0x00, 0x00, 0x00, 0x00, 0x00,
  0x00, 0x00, 0x00, 0x00, 0x00, 0x00, 0x00, 0x00, 0x00, 0x00, 0x00, 0x00, 0x00, 0x00, 0x00, 0x00,
  0x00, 0x00, 0x00, 0x00, 0x00, 0x00, 0x00, 0x00, 0x00, 0x00, 0x00, 0x00, 0x00, 0x00, 0x00, 0x00,
  0x00, 0x00, 0x00, 0x00, 0x00, 0x00, 0x00, 0x00, 0x00, 0x00, 0x00, 0x00, 0x00, 0x00, 0x00, 0x00,
  0x00, 0x00, 0x00, 0x00, 0x00, 0x00, 0x00, 0x00, 0x00, 0x00, 0x00, 0x00, 0x00, 0x00, 0x00, 0x00,
  0x00, 0x00, 0x00, 0x00, 0x00, 0x00, 0x00, 0x00, 0x00, 0x00, 0x00, 0x00, 0x00, 0x00, 0x00, 0x00,
  0x00, 0x00, 0x00, 0x00, 0x00, 0x00, 0x00, 0x00, 0x00, 0x00, 0x00, 0x00, 0x00, 0x00, 0x00, 0x00,
  0x00, 0x00, 0x00, 0x00, 0x00, 0x00, 0x00, 0x00, 0x00, 0x00, 0x00, 0x00, 0x00, 0x00, 0x00, 0x00,
  0x00, 0x00, 0x00, 0x00, 0x00, 0x00, 0x00, 0x00, 0x00, 0x00, 0x00, 0x00, 0x00, 0x00, 0x00, 0x00,
  0x00, 0x00, 0x00, 0x00, 0x00, 0x00, 0x00, 0x00, 0x00, 0x00, 0x00, 0x00, 0x00, 0x00, 0x00, 0x00,
  0x00, 0x00, 0x00, 0x00, 0x00, 0x00, 0x00, 0x00, 0x00, 0x00, 0x00, 0x00, 0x00, 0x00, 0x00, 0x00,
  0x00, 0x00, 0x00, 0x00, 0x00, 0x00, 0x00, 0x00, 0x00, 0x00, 0x00, 0x00, 0x00, 0x00, 0x00, 0x00,
  0x00, 0x00, 0x00, 0x00, 0x00, 0x00, 0x00, 0x00, 0x00, 0x00, 0x00, 0x00, 0x00, 0x00, 0x00, 0x00,
  0x00, 0x00, 0x00, 0x00, 0x00, 0x00, 0x00, 0x00, 0x00, 0x00, 0x00, 0x00, 0x00, 0x00, 0x00, 0x00,
  0x00, 0x00, 0x00, 0x00, 0x00, 0x00, 0x00, 0x00, 0x00, 0x00, 0x00, 0x00, 0x00, 0x00, 0x00, 0x00,
  0xe0, 0x2a, 0x61, 0x1a, 0x61, 0x22, 0x00, 0x00, 0x00, 0x00, 0x00, 0x00, 0x00, 0x00, 0x00, 0x00,
  0x00, 0x00, 0x00, 0x00, 0x00, 0x00, 0x00, 0x00, 0x00, 0x00, 0x00, 0x00, 0x00, 0x00, 0x00, 0x00,
  0x00, 0x00, 0x00, 0x00, 0x00, 0x00, 0x00, 0x00, 0x00, 0x00, 0x00, 0x00, 0x00, 0x00, 0x00, 0x00,
  0x00, 0x00, 0x00, 0x00, 0x00, 0x00, 0x00, 0x00, 0x00, 0x00, 0x00, 0x00, 0x00, 0x00, 0x00, 0x00,
  0x00, 0x00, 0x00, 0x00, 0x00, 0x00, 0x00, 0x00, 0x00, 0x00, 0x00, 0x00, 0x00, 0x00, 0x00, 0x00,
  0x00, 0x00, 0x00, 0x00, 0x00, 0x00, 0x00, 0x00, 0x00, 0x00, 0x00, 0x00, 0x00, 0x00, 0x00, 0x00,
  0x00, 0x00, 0x00, 0x00, 0x00, 0x00, 0x00, 0x00, 0x00, 0x00, 0x00, 0x00, 0x00, 0x00, 0x00, 0x00,
  0x00, 0x00, 0x00, 0x00, 0x00, 0x00, 0x00, 0x00, 0x00, 0x00, 0x00, 0x00, 0x00, 0x00, 0x00, 0x00,
  0x00, 0x00, 0x00, 0x00, 0x00, 0x00, 0x00, 0x00, 0x00, 0x00, 0x00, 0x00, 0x00, 0x00, 0x00, 0x00,
  0x00, 0x00, 0x00, 0x00, 0x00, 0x00, 0x00, 0x00, 0x00, 0x00, 0x00, 0x00, 0x00, 0x00, 0x00, 0x00,
  0x00, 0x00, 0x00, 0x00, 0x00, 0x00, 0x00, 0x00, 0x00, 0x00, 0x00, 0x00, 0x00, 0x00, 0x00, 0x00,
  0x00, 0x00, 0x00, 0x00, 0x00, 0x00, 0x00, 0x00, 0x00, 0x00, 0x00, 0x00, 0x00, 0x00, 0x00, 0x00,
  0x00, 0x00, 0x00, 0x00, 0x00, 0x00, 0x00, 0x00, 0x00, 0x00, 0x00, 0x00, 0x00, 0x00, 0x00, 0x00,
  0x00, 0x00, 0x00, 0x00, 0x00, 0x00, 0x00, 0x00, 0x00, 0x00, 0x00, 0x00, 0x00, 0x00, 0x00, 0x00,
  0x00, 0x00, 0x00, 0x00, 0x00, 0x00, 0x00, 0x00, 0x00, 0x00, 0x00, 0x00, 0x00, 0x00, 0x00, 0x00,
  0x00, 0x00, 0x00, 0x00, 0x00, 0x00, 0x00, 0x00, 0x00, 0x00, 0x00, 0x00, 0x00, 0x00, 0x00, 0x00,
  0x00, 0x00, 0x00, 0x00, 0x00, 0x00, 0x00, 0x00, 0x00, 0x00, 0x00, 0x00, 0x00, 0x00, 0x00, 0x00,
  0x00, 0x00, 0x00, 0x00, 0x00, 0x00, 0x00, 0x00, 0x00, 0x00, 0x00, 0x00, 0x00, 0x00, 0x00, 0x00,
  0x00, 0x00, 0x00, 0x00, 0x00, 0x00, 0x00, 0x00, 0x00, 0x00, 0x00, 0x00, 0x00, 0x00, 0x00, 0x00,
  0x00, 0x00, 0x00, 0x00, 0x00, 0x00, 0x00, 0x00, 0x00, 0x00, 0x00, 0x00, 0x00, 0x00, 0x00, 0x00,
  0x00, 0x00, 0x00, 0x00, 0x00, 0x00, 0x00, 0x00, 0x00, 0x00, 0x00, 0x00, 0x00, 0x00, 0x00, 0x00,
  0x00, 0x00, 0x00, 0x00, 0x00, 0x00, 0x00, 0x00, 0x00, 0x00, 0x00, 0x00, 0x00, 0x00, 0x00, 0x00,
  0x00, 0x00, 0x00, 0x00, 0x00, 0x00, 0x00, 0x00, 0x00, 0x00, 0x00, 0x00, 0x00, 0x00, 0x00, 0x00,
  0x00, 0x00, 0x00, 0x00, 0x00, 0x00, 0x00, 0x00, 0x00, 0x00, 0x00, 0x00, 0x00, 0x00, 0x00, 0x00,
  0x00, 0x00, 0x00, 0x00, 0x00, 0x00, 0x00, 0x00, 0x00, 0x00, 0x00, 0x00, 0x00, 0x00, 0x00, 0x00,
  0x00, 0x00, 0x00, 0x00, 0x00, 0x00, 0x00, 0x00, 0x00, 0x00, 0x00, 0x00, 0x00, 0x00, 0x00, 0x00,
  0x00, 0x00, 0x00, 0x00, 0x00, 0x00, 0x00, 0x00, 0x00, 0x00, 0x00, 0x00, 0x00, 0x00, 0x00, 0x00,
  0x00, 0x00, 0x00, 0x00, 0x00, 0x00, 0x00, 0x00, 0x00, 0x00, 0x00, 0x00, 0x00, 0x00, 0x00, 0x00,
  0x00, 0x00, 0x00, 0x00, 0x00, 0x00, 0x00, 0x00, 0x00, 0x00, 0x00, 0x00, 0x00, 0x00, 0x00, 0x00,
  0x00, 0x00, 0x00, 0x00, 0x00, 0x00, 0x00, 0x00, 0x00, 0x00, 0x00, 0x00, 0x00, 0x00, 0x00, 0x00,
  0x00, 0x00, 0x00, 0x00, 0x00, 0x00, 0x00, 0x00, 0x00, 0x00, 0x00, 0x00, 0x00, 0x00, 0x00, 0x00,
  0x00, 0x00, 0x00, 0x00, 0x00, 0x00, 0x00, 0x00, 0x00, 0x00, 0x00, 0x00, 0x00, 0x00, 0x00, 0x00,
  0x00, 0x00, 0x00, 0x00, 0x00, 0x00, 0x00, 0x00, 0x00, 0x00, 0x00, 0x00, 0x00, 0x00, 0x00, 0x00,
  0x00, 0x00, 0x00, 0x00, 0x00, 0x00, 0xa0, 0x1a, 0xe0, 0x03, 0x00, 0x00, 0x00, 0x00, 0x00, 0x00,
  0x00, 0x00, 0x00, 0x00, 0x00, 0x00, 0x00, 0x00, 0x00, 0x00, 0x00, 0x00, 0x00, 0x00, 0x00, 0x00,
  0x00, 0x00, 0x00, 0x00, 0x00, 0x00, 0x00, 0x00, 0x00, 0x00, 0x00, 0x00, 0x00, 0x00, 0x00, 0x00,
  0x00, 0x00, 0x00, 0x00, 0x00, 0x00, 0x00, 0x00, 0x00, 0x00, 0x00, 0x00, 0x00, 0x00, 0x00, 0x00,
  0x00, 0x00, 0x00, 0x00, 0x00, 0x00, 0x00, 0x00, 0x00, 0x00, 0x00, 0x00, 0x00, 0x00, 0x00, 0x00,
  0x00, 0x00, 0x00, 0x00, 0x00, 0x00, 0x00, 0x00, 0x00, 0x00, 0x00, 0x00, 0x00, 0x00, 0x00, 0x00,
  0x00, 0x00, 0x00, 0x00, 0x00, 0x00, 0x00, 0x00, 0x00, 0x00, 0x00, 0x00, 0x00, 0x00, 0x00, 0x00,
  0x00, 0x00, 0x00, 0x00, 0x00, 0x00, 0x00, 0x00, 0x00, 0x00, 0x00, 0x00, 0x00, 0x00, 0x00, 0x00,
  0x00, 0x00, 0x00, 0x00, 0x00, 0x00, 0x00, 0x00, 0x00, 0x00, 0x00, 0x00, 0x00, 0x00, 0x00, 0x00,
  0x00, 0x00, 0x00, 0x00, 0x00, 0x00, 0x00, 0x00, 0x00, 0x00, 0x00, 0x00, 0x63, 0x1a, 0x44, 0x22,
  0x00, 0x00, 0x00, 0x00, 0x00, 0x00, 0x00, 0x00, 0x00, 0x00, 0x00, 0x00, 0x00, 0x00, 0x00, 0x00,
  0x00, 0x00, 0x00, 0x00, 0x00, 0x00, 0x00, 0x00, 0x00, 0x00, 0x00, 0x00, 0x00, 0x00, 0x00, 0x00,
  0x00, 0x00, 0x00, 0x00, 0x00, 0x00, 0x00, 0x00, 0x00, 0x00, 0x00, 0x00, 0x00, 0x00, 0x00, 0x00,
  0x00, 0x00, 0x00, 0x00, 0x00, 0x00, 0x00, 0x00, 0x00, 0x00, 0x00, 0x00, 0x00, 0x00, 0x00, 0x00,
  0x00, 0x00, 0x00, 0x00, 0x00, 0x00, 0x00, 0x00, 0x00, 0x00, 0x00, 0x00, 0x00, 0x00, 0x00, 0x00,
  0x00, 0x00, 0x00, 0x00, 0x00, 0x00, 0x00, 0x00, 0x00, 0x00, 0x00, 0x00, 0x00, 0x00, 0x00, 0x00,
  0x00, 0x00, 0x00, 0x00, 0x00, 0x00, 0x00, 0x00, 0x00, 0x00, 0x00, 0x00, 0x00, 0x00, 0x00, 0x00,
  0x00, 0x00, 0x00, 0x00, 0x00, 0x00, 0x00, 0x00, 0x00, 0x00, 0x00, 0x00, 0x00, 0x00, 0x00, 0x00,
  0x00, 0x00, 0x00, 0x00, 0x00, 0x00, 0x00, 0x00, 0x00, 0x00, 0x00, 0x00, 0x00, 0x00, 0x00, 0x00,
  0x00, 0x00, 0x00, 0x00, 0x00, 0x00, 0x00, 0x00, 0x00, 0x00, 0x00, 0x00, 0x00, 0x00, 0x00, 0x00,
  0x00, 0x00, 0x00, 0x00, 0x00, 0x00, 0x00, 0x00, 0x00, 0x00, 0x00, 0x00, 0x00, 0x00, 0x00, 0x00,
  0x00, 0x00, 0x00, 0x00, 0x00, 0x00, 0x00, 0x00, 0x00, 0x00, 0x00, 0x00, 0x00, 0x00, 0x00, 0x00,
  0x00, 0x00, 0x00, 0x00, 0x00, 0x00, 0x00, 0x00, 0x00, 0x00, 0x00, 0x00, 0x00, 0x00, 0x00, 0x00,
  0x00, 0x00, 0x00, 0x00, 0x00, 0x00, 0x00, 0x00, 0x00, 0x00, 0x00, 0x00, 0x00, 0x00, 0x00, 0x00,
  0x00, 0x00, 0x00, 0x00, 0x00, 0x00, 0x00, 0x00, 0x00, 0x00, 0x00, 0x00, 0x00, 0x00, 0x00, 0x00,
  0x00, 0x00, 0x00, 0x00, 0x00, 0x00, 0x00, 0x00, 0x00, 0x00, 0x00, 0x00, 0x00, 0x00, 0x00, 0x00,
  0x00, 0x00, 0x00, 0x00, 0x00, 0x00, 0x00, 0x00, 0x00, 0x00, 0x00, 0x00, 0x00, 0x00, 0x00, 0x00,
  0x00, 0x00, 0x00, 0x00, 0x00, 0x00, 0x00, 0x00, 0x00, 0x00, 0x00, 0x00, 0x00, 0x00, 0x00, 0x00,
  0x00, 0x00, 0x00, 0x00, 0x00, 0x00, 0x00, 0x00, 0x00, 0x00, 0x00, 0x00, 0x00, 0x00, 0x00, 0x00,
  0x00, 0x00, 0x00, 0x00, 0x00, 0x00, 0x00, 0x00, 0x00, 0x00, 0x00, 0x00, 0x00, 0x00, 0x00, 0x00,
  0x00, 0x00, 0x00, 0x00, 0x00, 0x00, 0x00, 0x00, 0x00, 0x00, 0x00, 0x00, 0x00, 0x00, 0x00, 0x00,
  0x00, 0x00, 0x00, 0x00, 0x00, 0x00, 0x00, 0x00, 0x00, 0x00, 0x00, 0x00, 0x00, 0x00, 0x00, 0x00,
  0x00, 0x00, 0x00, 0x00, 0x00, 0x00, 0x00, 0x00, 0x00, 0x00, 0x00, 0x00, 0x00, 0x00, 0x00, 0x00,
  0x00, 0x00, 0x00, 0x00, 0x00, 0x00, 0x00, 0x00, 0x00, 0x00, 0x00, 0x00, 0x00, 0x00, 0x00, 0x00,
  0x00, 0x00, 0x00, 0x00, 0x00, 0x00, 0x00, 0x00, 0x00, 0x00, 0x00, 0x00, 0x00, 0x00, 0x00, 0x00,
  0x00, 0x00, 0x00, 0x00, 0x00, 0x00, 0x00, 0x00, 0x00, 0x00, 0x00, 0x00, 0x00, 0x00, 0x00, 0x00,
  0x00, 0x00, 0x00, 0x00, 0x00, 0x00, 0x00, 0x00, 0x00, 0x00, 0x00, 0x00, 0x00, 0x00, 0x00, 0x00,
  0x00, 0x00, 0x00, 0x00, 0x00, 0x00, 0x00, 0x00, 0x00, 0x00, 0x00, 0x00, 0x00, 0x00, 0x00, 0x00,
  0x00, 0x00, 0x00, 0x00, 0x00, 0x00, 0x00, 0x00, 0x00, 0x00, 0x00, 0x00, 0x00, 0x00, 0x00, 0x00,
  0x00, 0x00, 0x00, 0x00, 0x00, 0x00, 0x00, 0x00, 0x00, 0x00, 0x00, 0x00, 0x00, 0x00, 0x00, 0x00,
  0x00, 0x00, 0x00, 0x00, 0x00, 0x00, 0x00, 0x00, 0x00, 0x00, 0x00, 0x00, 0x00, 0x00, 0x00, 0x00,
  0x00, 0x00, 0x00, 0x00, 0x00, 0x00, 0x00, 0x00, 0x00, 0x00, 0x00, 0x00, 0x00, 0x00, 0x00, 0x00,
  0x00, 0x00, 0x00, 0x00, 0x00, 0x00, 0x00, 0x00, 0x00, 0x00, 0x00, 0x00, 0x00, 0x00, 0x00, 0x00,
  0xe0, 0x39, 0xe0, 0x03, 0x00, 0x00, 0x00, 0x00, 0x00, 0x00, 0x00, 0x00, 0x00, 0x00, 0x00, 0x00,
  0x00, 0x00, 0x00, 0x00, 0x00, 0x00, 0x00, 0x00, 0x00, 0x00, 0x00, 0x00, 0x00, 0x00, 0x00, 0x00,
  0x00, 0x00, 0x00, 0x00, 0x00, 0x00, 0x00, 0x00, 0x00, 0x00, 0x00, 0x00, 0x00, 0x00, 0x00, 0x00,
  0x00, 0x00, 0x00, 0x00, 0x00, 0x00, 0x00, 0x00, 0x00, 0x00, 0x00, 0x00, 0x00, 0x00, 0x00, 0x00,
  0x00, 0x00, 0x00, 0x00, 0x00, 0x00, 0xe0, 0xff, 0x00, 0x00, 0x00, 0x00, 0x00, 0x00, 0x00, 0x00,
  0x00, 0x00, 0x00, 0x00, 0x00, 0x00, 0x00, 0x00, 0x00, 0x00, 0x00, 0x00, 0x00, 0x00, 0x00, 0x00,
  0x00, 0x00, 0x00, 0x00, 0x00, 0x00, 0x00, 0x00, 0x00, 0x00, 0x00, 0x00, 0x00, 0x00, 0x00, 0x00,
  0x00, 0x00, 0x00, 0x00, 0x00, 0x00, 0x00, 0x00, 0x00, 0x00, 0x00, 0x00, 0x00, 0x00, 0x00, 0x00,
  0x00, 0x00, 0x00, 0x00, 0x00, 0x00, 0x00, 0x00, 0x00, 0x00, 0x00, 0x00, 0x00, 0x00, 0x00, 0x00,
  0x00, 0x00, 0x00, 0x00, 0x00, 0x00, 0x00, 0x00, 0x00, 0x00, 0x00, 0x00, 0x00, 0x00, 0x00, 0x00,
  0x00, 0x00, 0x00, 0x00, 0x00, 0x00, 0x00, 0x00, 0x00, 0x00, 0x00, 0x00, 0x00, 0x00, 0x00, 0x00,
  0x00, 0x00, 0x00, 0x00, 0x00, 0x00, 0x00, 0x00, 0x00, 0x00, 0x00, 0x00, 0x00, 0x00, 0x00, 0x00,
  0x00, 0x00, 0x00, 0x00, 0x00, 0x00, 0x00, 0x00, 0x00, 0x00, 0x00, 0x00, 0x00, 0x00, 0x00, 0x00,
  0x00, 0x00, 0x00, 0x00, 0x00, 0x00, 0x00, 0x00, 0x00, 0x00, 0x00, 0x00, 0x00, 0x00, 0x00, 0x00,
  0x00, 0x00, 0x00, 0x00, 0x00, 0x00, 0x00, 0x00, 0x00, 0x00, 0x00, 0x00, 0x00, 0x00, 0x00, 0x00,
  0x00, 0x00, 0x00, 0x00, 0x00, 0x00, 0x00, 0x00, 0x00, 0x00, 0x00, 0x00, 0x00, 0x00, 0x00, 0x00,
  0x00, 0x00, 0x00, 0x00, 0x00, 0x00, 0x00, 0x00, 0x00, 0x00, 0x00, 0x00, 0x00, 0x00, 0x00, 0x00,
  0x00, 0x00, 0x00, 0x00, 0x00, 0x00, 0x00, 0x00, 0x00, 0x00, 0x00, 0x00, 0x00, 0x00, 0x00, 0x00,
  0x00, 0x00, 0x00, 0x00, 0x00, 0x00, 0x00, 0x00, 0x00, 0x00, 0x00, 0x00, 0x00, 0x00, 0x00, 0x00,
  0x00, 0x00, 0x00, 0x00, 0x00, 0x00, 0x00, 0x00, 0x00, 0x00, 0x00, 0x00, 0x00, 0x00, 0x00, 0x00,
  0x00, 0x00, 0x00, 0x00, 0x00, 0x00, 0x00, 0x00, 0x00, 0x00, 0x00, 0x00, 0x00, 0x00, 0x00, 0x00,
  0x00, 0x00, 0x00, 0x00, 0x00, 0x00, 0x00, 0x00, 0x00, 0x00, 0x00, 0x00, 0x00, 0x00, 0x00, 0x00,
  0x00, 0x00, 0x00, 0x00, 0x00, 0x00, 0x00, 0x00, 0x00, 0x00, 0x00, 0x00, 0x00, 0x00, 0x00, 0x00,
  0x00, 0x00, 0x00, 0x00, 0x00, 0x00, 0x00, 0x00, 0x00, 0x00, 0x00, 0x00, 0x00, 0x00, 0x00, 0x00,
  0x00, 0x00, 0x00, 0x00, 0x00, 0x00, 0x00, 0x00, 0x00, 0x00, 0x00, 0x00, 0x00, 0x00, 0x00, 0x00,
  0x00, 0x00, 0x00, 0x00, 0x00, 0x00, 0x00, 0x00, 0x00, 0x00, 0x00, 0x00, 0x00, 0x00, 0x00, 0x00,
  0x00, 0x00, 0x00, 0x00, 0x00, 0x00, 0x00, 0x00, 0x00, 0x00, 0x00, 0x00, 0x00, 0x00, 0x00, 0x00,
  0x00, 0x00, 0x00, 0x00, 0x00, 0x00, 0x00, 0x00, 0x00, 0x00, 0x00, 0x00, 0x00, 0x00, 0x00, 0x00,
  0x00, 0x00, 0x00, 0x00, 0x00, 0x00, 0x00, 0x00, 0x00, 0x00, 0x00, 0x00, 0x62, 0x12, 0xa0, 0x1a,
  0x00, 0x00, 0x00, 0x00, 0x00, 0x00, 0x00, 0x00, 0x00, 0x00, 0x00, 0x00, 0x00, 0x00, 0x00, 0x00,
  0x00, 0x00, 0x00, 0x00, 0x00, 0x00, 0x00, 0x00, 0x00, 0x00, 0x00, 0x00, 0x00, 0x00, 0x00, 0x00,
  0x00, 0x00, 0x00, 0x00, 0x00, 0x00, 0x00, 0x00, 0x00, 0x00, 0x00, 0x00, 0x00, 0x00, 0x00, 0x00,
  0x00, 0x00, 0x00, 0x00, 0x00, 0x00, 0x00, 0x00, 0x00, 0x00, 0x00, 0x00, 0x00, 0x00, 0x00, 0x00,
  0x00, 0x00, 0x00, 0x00, 0x00, 0x00, 0x00, 0x00, 0x00, 0x00, 0x00, 0x00, 0x00, 0x00, 0x00, 0x00,
  0x00, 0x00, 0x00, 0x00, 0x00, 0x00, 0x00, 0x00, 0x00, 0x00, 0x00, 0x00, 0x00, 0x00, 0x00, 0x00,
  0x00, 0x00, 0x00, 0x00, 0x00, 0x00, 0x00, 0x00, 0x00, 0x00, 0x00, 0x00, 0x00, 0x00, 0x00, 0x00,
  0x00, 0x00, 0x00, 0x00, 0x00, 0x00, 0x00, 0x00, 0x00, 0x00, 0x00, 0x00, 0x00, 0x00, 0x00, 0x00,
  0x00, 0x00, 0x00, 0x00, 0x00, 0x00, 0x00, 0x00, 0x00, 0x00, 0x00, 0x00, 0x00, 0x00, 0x00, 0x00,
  0x00, 0x00, 0x00, 0x00, 0x00, 0x00, 0x00, 0x00, 0x00, 0x00, 0x00, 0x00, 0x00, 0x00, 0x00, 0x00,
  0x00, 0x00, 0x00, 0x00, 0x00, 0x00, 0x00, 0x00, 0x00, 0x00, 0x00, 0x00, 0x00, 0x00, 0x00, 0x00,
  0x00, 0x00, 0x00, 0x00, 0x00, 0x00, 0x00, 0x00, 0x00, 0x00, 0x00, 0x00, 0x00, 0x00, 0x00, 0x00,
  0x00, 0x00, 0x00, 0x00, 0x00, 0x00, 0x00, 0x00, 0x00, 0x00, 0x00, 0x00, 0x00, 0x00, 0x00, 0x00,
  0x00, 0x00, 0x00, 0x00, 0x00, 0x00, 0x00, 0x00, 0x00, 0x00, 0x00, 0x00, 0x00, 0x00, 0x00, 0x00,
  0x00, 0x00, 0x00, 0x00, 0x00, 0x00, 0x00, 0x00, 0x00, 0x00, 0x00, 0x00, 0x00, 0x00, 0x00, 0x00,
  0x00, 0x00, 0x00, 0x00, 0x00, 0x00, 0x00, 0x00, 0x00, 0x00, 0x00, 0x00, 0x00, 0x00, 0x00, 0x00,
  0x00, 0x00, 0x00, 0x00, 0x00, 0x00, 0x00, 0x00, 0x00, 0x00, 0x00, 0x00, 0x00, 0x00, 0x00, 0x00,
  0x00, 0x00, 0x00, 0x00, 0x00, 0x00, 0x00, 0x00, 0x00, 0x00, 0x00, 0x00, 0x00, 0x00, 0x00, 0x00,
  0x00, 0x00, 0x00, 0x00, 0x00, 0x00, 0x00, 0x00, 0x00, 0x00, 0x00, 0x00, 0x00, 0x00, 0x00, 0x00,
  0x00, 0x00, 0x00, 0x00, 0x00, 0x00, 0x00, 0x00, 0x00, 0x00, 0x00, 0x00, 0x00, 0x00, 0x00, 0x00,
  0x00, 0x00, 0x00, 0x00, 0x00, 0x00, 0x00, 0x00, 0x00, 0x00, 0x00, 0x00, 0x00, 0x00, 0x00, 0x00,
  0x00, 0x00, 0x00, 0x00, 0x00, 0x00, 0x00, 0x00, 0x00, 0x00, 0x00, 0x00, 0x00, 0x00, 0x00, 0x00,
  0x00, 0x00, 0x00, 0x00, 0x00, 0x00, 0x00, 0x00, 0x00, 0x00, 0x00, 0x00, 0x00, 0x00, 0x00, 0x00,
  0x00, 0x00, 0x00, 0x00, 0x00, 0x00, 0x00, 0x00, 0x00, 0x00, 0x00, 0x00, 0x00, 0x00, 0x00, 0x00,
  0x00, 0x00, 0x00, 0x00, 0x00, 0x00, 0x00, 0x00, 0x00, 0x00, 0x00, 0x00, 0x00, 0x00, 0x00, 0x00,
  0x00, 0x00, 0x00, 0x00, 0x00, 0x00, 0x00, 0x00, 0x00, 0x00, 0x00, 0x00, 0x00, 0x00, 0x00, 0x00,
  0x00, 0x00, 0x00, 0x00, 0x00, 0x00, 0x00, 0x00, 0x00, 0x00, 0x00, 0x00, 0x00, 0x00, 0x00, 0x00,
  0x00, 0x00, 0x00, 0x00, 0x00, 0x00, 0x00, 0x00, 0x00, 0x00, 0x00, 0x00, 0x00, 0x00, 0x00, 0x00,
  0x00, 0x00, 0x00, 0x00, 0x00, 0x00, 0x00, 0x00, 0x00, 0x00, 0x00, 0x00, 0x00, 0x00, 0x00, 0x00,
  0x00, 0x00, 0x00, 0x00, 0x00, 0x00, 0x00, 0x00, 0x00, 0x00, 0x00, 0x00, 0x00, 0x00, 0x00, 0x00,
  0x00, 0x00, 0x00, 0x00, 0x00, 0x00, 0x00, 0x00, 0x00, 0x00, 0x00, 0x00, 0x00, 0x00, 0x00, 0x00,
  0x00, 0x00, 0x00, 0x00, 0x00, 0x00, 0x00, 0x00, 0x00, 0x00, 0x00, 0x00, 0x00, 0x00, 0x00, 0x00,
  0x00, 0x00, 0x00, 0x00, 0x00, 0x00, 0x00, 0x00, 0x00, 0x00, 0x00, 0x00, 0x00, 0x00, 0x20, 0x22,
  0xe1, 0x19, 0x44, 0x22, 0x00, 0x00, 0x00, 0x00, 0x00, 0x00, 0x00, 0x00, 0x00, 0x00, 0x00, 0x00,
  0x00, 0x00, 0x00, 0x00, 0x00, 0x00, 0x00, 0x00, 0x00, 0x00, 0x00, 0x00, 0x00, 0x00, 0x00, 0x00,
  0x00, 0x00, 0x00, 0x00, 0x00, 0x00, 0x00, 0x00, 0x00, 0x00, 0x00, 0x00, 0x00, 0x00, 0x00, 0x00,
  0x00, 0x00, 0x00, 0x00, 0x00, 0x00, 0x00, 0x00, 0x00, 0x00, 0x00, 0x00, 0x00, 0x00, 0x00, 0x00,
  0x00, 0x00, 0x00, 0x00, 0x00, 0x00, 0x00, 0x00, 0x00, 0x00, 0x00, 0x00, 0x00, 0x00, 0x00, 0x00,
  0x00, 0x00, 0x00, 0x00, 0x00, 0x00, 0x00, 0x00, 0x00, 0x00, 0x00, 0x00, 0x00, 0x00, 0x00, 0x00,
  0x00, 0x00, 0xe0, 0x03, 0x00, 0x00, 0x00, 0x00, 0x00, 0x00, 0x00, 0x00, 0xe0, 0x03, 0xe0, 0x39,
  0xe0, 0x03, 0x00, 0x00, 0x00, 0x00, 0x00, 0x00, 0x00, 0x00, 0x00, 0x00, 0x00, 0x00, 0x00, 0x00,
  0x00, 0x00, 0x00, 0x00, 0x00, 0x00, 0x00, 0x00, 0x00, 0x00, 0x00, 0x00, 0x00, 0x00, 0x00, 0x00,
  0x00, 0x00, 0x00, 0x00, 0x00, 0x00, 0x00, 0x00, 0x00, 0x00, 0x00, 0x00, 0x00, 0x00, 0x00, 0x00,
  0x00, 0x00, 0x00, 0x00, 0x00, 0x00, 0x00, 0x00, 0x00, 0x00, 0x00, 0x00, 0x00, 0x00, 0x00, 0x00,
  0x00, 0x00, 0x00, 0x00, 0x00, 0x00, 0x00, 0x00, 0x00, 0x00, 0x00, 0x00, 0x00, 0x00, 0x00, 0x00,
  0x00, 0x00, 0x00, 0x00, 0x00, 0x00, 0x00, 0x00, 0x00, 0x00, 0x00, 0x00, 0x00, 0x00, 0x00, 0x00,
  0x00, 0x00, 0x00, 0x00, 0x00, 0x00, 0x00, 0x00, 0x00, 0x00, 0x00, 0x00, 0x00, 0x00, 0x00, 0x00,
  0x00, 0x00, 0x00, 0x00, 0x00, 0x00, 0x00, 0x00, 0x00, 0x00, 0x00, 0x00, 0x00, 0x00, 0x00, 0x00,
  0x00, 0x00, 0x00, 0x00, 0x00, 0x00, 0x00, 0x00, 0x00, 0x00, 0x00, 0x00, 0x00, 0x00, 0x00, 0x00,
  0x00, 0x00, 0x00, 0x00, 0x00, 0x00, 0x00, 0x00, 0x00, 0x00, 0x00, 0x00, 0x00, 0x00, 0x00, 0x00,
  0x00, 0x00, 0x00, 0x00, 0x00, 0x00, 0x00, 0x00, 0x00, 0x00, 0x00, 0x00, 0x00, 0x00, 0x00, 0x00,
  0x00, 0x00, 0x00, 0x00, 0x00, 0x00, 0x00, 0x00, 0x00, 0x00, 0x00, 0x00, 0x00, 0x00, 0x00, 0x00,
  0x00, 0x00, 0x00, 0x00, 0x00, 0x00, 0x00, 0x00, 0x00, 0x00, 0x00, 0x00, 0x00, 0x00, 0x00, 0x00,
  0x00, 0x00, 0x00, 0x00, 0x00, 0x00, 0x00, 0x00, 0x00, 0x00, 0x00, 0x00, 0x00, 0x00, 0x00, 0x00,
  0x00, 0x00, 0x00, 0x00, 0x00, 0x00, 0x00, 0x00, 0x00, 0x00, 0x00, 0x00, 0x00, 0x00, 0x00, 0x00,
  0x00, 0x00, 0x00, 0x00, 0x00, 0x00, 0x00, 0x00, 0x00, 0x00, 0x00, 0x00, 0x00, 0x00, 0x00, 0x00,
  0x00, 0x00, 0x00, 0x00, 0x00, 0x00, 0x00, 0x00, 0x00, 0x00, 0x00, 0x00, 0x00, 0x00, 0x00, 0x00,
  0x00, 0x00, 0x00, 0x00, 0x00, 0x00, 0x00, 0x00, 0x00, 0x00, 0x00, 0x00, 0x00, 0x00, 0x00, 0x00,
  0x00, 0x00, 0x00, 0x00, 0x00, 0x00, 0x00, 0x00, 0x00, 0x00, 0x00, 0x00, 0x00, 0x00, 0x00, 0x00,
  0x00, 0x00, 0x00, 0x00, 0x00, 0x00, 0x00, 0x00, 0x00, 0x00, 0x00, 0x00, 0x00, 0x00, 0x00, 0x00,
  0x00, 0x00, 0x00, 0x00, 0x00, 0x00, 0x00, 0x00, 0x00, 0x00, 0x00, 0x00, 0x00, 0x00, 0x00, 0x00,
  0x00, 0x00, 0x00, 0x00, 0x00, 0x00, 0x00, 0x00, 0x00, 0x00, 0x00, 0x00, 0x00, 0x00, 0x00, 0x00,
  0x00, 0x00, 0x00, 0x00, 0x00, 0x00, 0x00, 0x00, 0x00, 0x00, 0x00, 0x00, 0x00, 0x00, 0x00, 0x00,
  0x00, 0x00, 0x00, 0x00, 0x00, 0x00, 0x00, 0x00, 0x00, 0x00, 0x00, 0x00, 0x00, 0x00, 0x00, 0x00,
  0x00, 0x00, 0x00, 0x00, 0x00, 0x00, 0x00, 0x00, 0x00, 0x00, 0x00, 0x00, 0x00, 0x00, 0x00, 0x00,
  0x00, 0x00, 0x00, 0x00, 0x00, 0x00, 0x00, 0x00, 0x00, 0x00, 0x00, 0x00, 0x00, 0x00, 0x00, 0x00,
  0xe0, 0x3b, 0x01, 0x1a, 0xe1, 0x21, 0x00, 0x00, 0x00, 0x00, 0x00, 0x00, 0x00, 0x00, 0x00, 0x00,
  0x00, 0x00, 0x00, 0x00, 0x00, 0x00, 0x00, 0x00, 0x00, 0x00, 0x00, 0x00, 0x00, 0x00, 0x00, 0x00,
  0x00, 0x00, 0x00, 0x00, 0x00, 0x00, 0x00, 0x00, 0xe0, 0x39, 0x00, 0x00, 0x00, 0x00, 0x00, 0x00,
  0x00, 0x00, 0x00, 0x00, 0x00, 0x00, 0x00, 0x00, 0x00, 0x00, 0x00, 0x00, 0x00, 0x00, 0x00, 0x00,
  0x00, 0x00, 0x00, 0x00, 0x00, 0x00, 0x00, 0x00, 0x00, 0x00, 0x00, 0x00, 0x00, 0x00, 0x00, 0x00,
  0x00, 0x00, 0x00, 0x00, 0x00, 0x00, 0x00, 0x00, 0x00, 0x00, 0x00, 0x00, 0x00, 0x00, 0x00, 0x00,
  0x00, 0x00, 0x00, 0x00, 0x00, 0x00, 0x00, 0x00, 0xe0, 0x03, 0x00, 0x00, 0x00, 0x00, 0x00, 0x00,
  0xe0, 0x03, 0xe0, 0x03, 0x00, 0x00, 0x00, 0x00, 0x00, 0x00, 0x00, 0x00, 0x00, 0x00, 0x00, 0x00,
  0x00, 0x00, 0x00, 0x00, 0x00, 0x00, 0x00, 0x00, 0x00, 0x00, 0x00, 0x00, 0x00, 0x00, 0x00, 0x00,
  0x00, 0x00, 0x00, 0x00, 0x00, 0x00, 0x00, 0x00, 0x00, 0x00, 0x00, 0x00, 0x00, 0x00, 0x00, 0x00,
  0x00, 0x00, 0x00, 0x00, 0x00, 0x00, 0x00, 0x00, 0x00, 0x00, 0x00, 0x00, 0x00, 0x00, 0x00, 0x00,
  0x00, 0x00, 0x00, 0x00, 0x00, 0x00, 0x00, 0x00, 0x00, 0x00, 0x00, 0x00, 0x00, 0x00, 0x00, 0x00,
  0x00, 0x00, 0x00, 0x00, 0x00, 0x00, 0x00, 0x00, 0x00, 0x00, 0x00, 0x00, 0x00, 0x00, 0x00, 0x00,
  0x00, 0x00, 0x00, 0x00, 0x00, 0x00, 0x00, 0x00, 0x00, 0x00, 0x00, 0x00, 0x00, 0x00, 0x00, 0x00,
  0x00, 0x00, 0x00, 0x00, 0x00, 0x00, 0x00, 0x00, 0x00, 0x00, 0x00, 0x00, 0x00, 0x00, 0x00, 0x00,
  0x00, 0x00, 0x00, 0x00, 0x00, 0x00, 0x00, 0x00, 0x00, 0x00, 0x00, 0x00, 0x00, 0x00, 0x00, 0x00,
  0x00, 0x00, 0x00, 0x00, 0x00, 0x00, 0x00, 0x00, 0x00, 0x00, 0x00, 0x00, 0x00, 0x00, 0x00, 0x00,
  0x00, 0x00, 0x00, 0x00, 0x00, 0x00, 0x00, 0x00, 0x00, 0x00, 0x00, 0x00, 0x00, 0x00, 0x00, 0x00,
  0x00, 0x00, 0x00, 0x00, 0x00, 0x00, 0x00, 0x00, 0x00, 0x00, 0x00, 0x00, 0x00, 0x00, 0x00, 0x00,
  0x00, 0x00, 0x00, 0x00, 0x00, 0x00, 0x00, 0x00, 0x00, 0x00, 0x00, 0x00, 0x00, 0x00, 0x00, 0x00,
  0x00, 0x00, 0x00, 0x00, 0x00, 0x00, 0x00, 0x00, 0x00, 0x00, 0x00, 0x00, 0x00, 0x00, 0x00, 0x00,
  0x00, 0x00, 0x00, 0x00, 0x00, 0x00, 0x00, 0x00, 0x00, 0x00, 0x00, 0x00, 0x00, 0x00, 0x00, 0x00,
  0x00, 0x00, 0x00, 0x00, 0x00, 0x00, 0x00, 0x00, 0x00, 0x00, 0x00, 0x00, 0x00, 0x00, 0x00, 0x00,
  0x00, 0x00, 0x00, 0x00, 0x00, 0x00, 0x00, 0x00, 0x00, 0x00, 0x00, 0x00, 0x00, 0x00, 0x00, 0x00,
  0x00, 0x00, 0x00, 0x00, 0x00, 0x00, 0x00, 0x00, 0x00, 0x00, 0x00, 0x00, 0x00, 0x00, 0x00, 0x00,
  0x00, 0x00, 0x00, 0x00, 0x00, 0x00, 0x00, 0x00, 0x00, 0x00, 0x00, 0x00, 0x00, 0x00, 0x00, 0x00,
  0x00, 0x00, 0x00, 0x00, 0x00, 0x00, 0x00, 0x00, 0x00, 0x00, 0x00, 0x00, 0x00, 0x00, 0x00, 0x00,
  0x00, 0x00, 0x00, 0x00, 0x00, 0x00, 0x00, 0x00, 0x00, 0x00, 0x00, 0x00, 0x00, 0x00, 0x00, 0x00,
  0x00, 0x00, 0x00, 0x00, 0x00, 0x00, 0x00, 0x00, 0x00, 0x00, 0x00, 0x00, 0x00, 0x00, 0x00, 0x00,
  0x00, 0x00, 0x00, 0x00, 0x00, 0x00, 0x00, 0x00, 0x00, 0x00, 0x00, 0x00, 0x00, 0x00, 0x00, 0x00,
  0x00, 0x00, 0x00, 0x00, 0x00, 0x00, 0x00, 0x00, 0x00, 0x00, 0x00, 0x00, 0x00, 0x00, 0x00, 0x00,
  0x00, 0x00, 0x00, 0x00, 0x00, 0x00, 0x00, 0x00, 0x00, 0x00, 0x00, 0x00, 0x00, 0x00, 0x00, 0x00,
  0x00, 0x00, 0x00, 0x00, 0x00, 0x00, 0x00, 0x00, 0x00, 0x00, 0x00, 0x00, 0x00, 0x00, 0x00, 0x00,
  0x00, 0x00, 0x00, 0x00, 0xe1, 0x19, 0xe0, 0x19, 0x20, 0x33, 0x00, 0x00, 0x00, 0x00, 0x00, 0x00,
  0x00, 0x00, 0x00, 0x00, 0x00, 0x00, 0x00, 0x00, 0x00, 0x00, 0x00, 0x00, 0x00, 0x00, 0x00, 0x00,
  0x00, 0x00, 0x00, 0x00, 0x00, 0x00, 0x00, 0x00, 0x00, 0x00, 0x00, 0x00, 0x00, 0x00, 0x00, 0x00,
  0x00, 0x00, 0x00, 0x00, 0x00, 0x00, 0x00, 0x00, 0x00, 0x00, 0x00, 0x00, 0x00, 0x00, 0x00, 0x00,
  0x00, 0x00, 0x00, 0x00, 0x00, 0x00, 0x00, 0x00, 0x00, 0x00, 0x00, 0x00, 0x00, 0x00, 0x00, 0x00,
  0x00, 0x00, 0x00, 0x00, 0x00, 0x00, 0x00, 0x00, 0x00, 0x00, 0x00, 0x00, 0x00, 0x00, 0x00, 0x00,
  0x00, 0x00, 0x00, 0x00, 0x00, 0x00, 0x00, 0x00, 0x00, 0x00, 0x00, 0x00, 0x00, 0x00, 0x00, 0x00,
  0x00, 0x00, 0x00, 0x00, 0x00, 0x00, 0x00, 0x00, 0x00, 0x00, 0x00, 0x00, 0x00, 0x00, 0x00, 0x00,
  0x00, 0x00, 0x00, 0x00, 0x00, 0x00, 0x00, 0x00, 0x00, 0x00, 0x00, 0x00, 0x00, 0x00, 0x00, 0x00,
  0x00, 0x00, 0x00, 0x00, 0x00, 0x00, 0x00, 0x00, 0x00, 0x00, 0x00, 0x00, 0x00, 0x00, 0x00, 0x00,
  0x00, 0x00, 0x00, 0x00, 0x00, 0x00, 0x00, 0x00, 0x00, 0x00, 0x00, 0x00, 0x00, 0x00, 0x00, 0x00,
  0x00, 0x00, 0x00, 0x00, 0x00, 0x00, 0x00, 0x00, 0x00, 0x00, 0x00, 0x00, 0x00, 0x00, 0x00, 0x00,
  0x00, 0x00, 0x00, 0x00, 0x00, 0x00, 0x00, 0x00, 0x00, 0x00, 0x00, 0x00, 0x00, 0x00, 0x00, 0x00,
  0x00, 0x00, 0x00, 0x00, 0x00, 0x00, 0x00, 0x00, 0x00, 0x00, 0x00, 0x00, 0x00, 0x00, 0x00, 0x00,
  0x00, 0x00, 0x00, 0x00, 0x00, 0x00, 0x00, 0x00, 0x00, 0x00, 0x00, 0x00, 0x00, 0x00, 0x00, 0x00,
  0x00, 0x00, 0x00, 0x00, 0x00, 0x00, 0x00, 0x00, 0x00, 0x00, 0x00, 0x00, 0x00, 0x00, 0x00, 0x00,
  0x00, 0x00, 0x00, 0x00, 0x00, 0x00, 0x00, 0x00, 0x00, 0x00, 0x00, 0x00, 0x00, 0x00, 0x00, 0x00,
  0x00, 0x00, 0x00, 0x00, 0x00, 0x00, 0x00, 0x00, 0x00, 0x00, 0x00, 0x00, 0x00, 0x00, 0x00, 0x00,
  0x00, 0x00, 0x00, 0x00, 0x00, 0x00, 0x00, 0x00, 0x00, 0x00, 0x00, 0x00, 0x00, 0x00, 0x00, 0x00,
  0x00, 0x00, 0x00, 0x00, 0x00, 0x00, 0x00, 0x00, 0x00, 0x00, 0x00, 0x00, 0x00, 0x00, 0x00, 0x00,
  0x00, 0x00, 0x00, 0x00, 0x00, 0x00, 0x00, 0x00, 0x00, 0x00, 0x00, 0x00, 0x00, 0x00, 0x00, 0x00,
  0x00, 0x00, 0x00, 0x00, 0x00, 0x00, 0x00, 0x00, 0x00, 0x00, 0x00, 0x00, 0x00, 0x00, 0x00, 0x00,
  0x00, 0x00, 0x00, 0x00, 0x00, 0x00, 0x00, 0x00, 0x00, 0x00, 0x00, 0x00, 0x00, 0x00, 0x00, 0x00,
  0x00, 0x00, 0x00, 0x00, 0x00, 0x00, 0x00, 0x00, 0x00, 0x00, 0x00, 0x00, 0x00, 0x00, 0x00, 0x00,
  0x00, 0x00, 0x00, 0x00, 0x00, 0x00, 0x00, 0x00, 0x00, 0x00, 0x00, 0x00, 0x00, 0x00, 0x00, 0x00,
  0x00, 0x00, 0x00, 0x00, 0x00, 0x00, 0x00, 0x00, 0x00, 0x00, 0x00, 0x00, 0x00, 0x00, 0x00, 0x00,
  0x00, 0x00, 0x00, 0x00, 0x00, 0x00, 0x00, 0x00, 0x00, 0x00, 0x00, 0x00, 0x00, 0x00, 0x00, 0x00,
  0x00, 0x00, 0x00, 0x00, 0x00, 0x00, 0x00, 0x00, 0x00, 0x00, 0x00, 0x00, 0x00, 0x00, 0x00, 0x00,
  0x00, 0x00, 0x00, 0x00, 0x00, 0x00, 0x00, 0x00, 0x00, 0x00, 0x00, 0x00, 0x00, 0x00, 0x00, 0x00,
  0x00, 0x00, 0x00, 0x00, 0x00, 0x00, 0x00, 0x00, 0x00, 0x00, 0x00, 0x00, 0x00, 0x00, 0x00, 0x00,
  0x00, 0x00, 0x00, 0x00, 0x00, 0x00, 0x00, 0x00, 0x00, 0x00, 0x00, 0x00, 0x00, 0x00, 0x00, 0x00,
  0x00, 0x00, 0x00, 0x00, 0x00, 0x00, 0x00, 0x00, 0x00, 0x00, 0x00, 0x00, 0x00, 0x00, 0x00, 0x00,
  0x00, 0x00, 0x00, 0x00, 0x00, 0x00, 0x00, 0x00, 0x00, 0x00, 0x00, 0x00, 0x00, 0x00, 0x00, 0x00,
  0x00, 0x00, 0x00, 0x00, 0x00, 0x00, 0xe1, 0x19, 0xe1, 0x19, 0x01, 0x22, 0x00, 0x00, 0x00, 0x00,
  0x00, 0x00, 0x00, 0x00, 0x00, 0x00, 0x00, 0x00, 0x00, 0x00, 0x00, 0x00, 0x00, 0x00, 0x00, 0x00,
  0x00, 0x00, 0x00, 0x00, 0x00, 0x00, 0x00, 0x00, 0x00, 0x00, 0x00, 0x00, 0x00, 0x00, 0x00, 0x00,
  0x00, 0x00, 0x00, 0x00, 0x00, 0x00, 0xe0, 0x07, 0x00, 0x00, 0x00, 0x00, 0x00, 0x00, 0x00, 0x00,
  0x00, 0x00, 0xe0, 0x7b, 0x00, 0x00, 0x00, 0x00, 0x00, 0x00, 0x00, 0x00, 0x00, 0x00, 0x00, 0x00,
  0x00, 0x00, 0x00, 0x00, 0x00, 0x00, 0x00, 0x00, 0x00, 0x00, 0x00, 0x00, 0x00, 0x00, 0x00, 0x00,
  0x00, 0x00, 0x00, 0x00, 0x00, 0x00, 0x00, 0x00, 0x00, 0x00, 0x00, 0x00, 0x00, 0x00, 0x00, 0x00,
  0x00, 0x00, 0x00, 0x00, 0x00, 0x00, 0x00, 0x00, 0x00, 0x00, 0x00, 0x00, 0x00, 0x00, 0x00, 0x00,
  0x00, 0x00, 0x00, 0x00, 0x00, 0x00, 0x00, 0x00, 0x00, 0x00, 0x00, 0x00, 0x00, 0x00, 0x00, 0x00,
  0x00, 0x00, 0x00, 0x00, 0x00, 0x00, 0x00, 0x00, 0x00, 0x00, 0x00, 0x00, 0x00, 0x00, 0x00, 0x00,
  0x00, 0x00, 0x00, 0x00, 0x00, 0x00, 0x00, 0x00, 0x00, 0x00, 0x00, 0x00, 0x00, 0x00, 0x00, 0x00,
  0x00, 0x00, 0x00, 0x00, 0x00, 0x00, 0x00, 0x00, 0x00, 0x00, 0x00, 0x00, 0x00, 0x00, 0x00, 0x00,
  0x00, 0x00, 0x00, 0x00, 0x00, 0x00, 0x00, 0x00, 0x00, 0x00, 0x00, 0x00, 0x00, 0x00, 0x00, 0x00,
  0x00, 0x00, 0x00, 0x00, 0x00, 0x00, 0x00, 0x00, 0x00, 0x00, 0x00, 0x00, 0x00, 0x00, 0x00, 0x00,
  0xa0, 0x02, 0x00, 0x00, 0x00, 0x00, 0x00, 0x00, 0x00, 0x00, 0x00, 0x00, 0x00, 0x00, 0x00, 0x00,
  0x00, 0x00, 0x00, 0x00, 0x00, 0x00, 0x00, 0x00, 0x00, 0x00, 0x00, 0x00, 0x00, 0x00, 0x00, 0x00,
  0x00, 0x00, 0x00, 0x00, 0x00, 0x00, 0x00, 0x00, 0x00, 0x00, 0x00, 0x00, 0x00, 0x00, 0x00, 0x00,
  0x00, 0x00, 0x00, 0x00, 0x00, 0x00, 0x00, 0x00, 0x00, 0x00, 0x00, 0x00, 0x00, 0x00, 0x00, 0x00,
  0x00, 0x00, 0x00, 0x00, 0x00, 0x00, 0x00, 0x00, 0x00, 0x00, 0x00, 0x00, 0x00, 0x00, 0x00, 0x00,
  0x00, 0x00, 0x00, 0x00, 0x00, 0x00, 0x00, 0x00, 0x00, 0x00, 0x00, 0x00, 0x00, 0x00, 0x00, 0x00,
  0x00, 0x00, 0x00, 0x00, 0x00, 0x00, 0x00, 0x00, 0x00, 0x00, 0x00, 0x00, 0x00, 0x00, 0x00, 0x00,
  0x00, 0x00, 0x00, 0x00, 0x00, 0x00, 0x00, 0x00, 0x00, 0x00, 0x00, 0x00, 0x00, 0x00, 0x00, 0x00,
  0x00, 0x00, 0x00, 0x00, 0x00, 0x00, 0x00, 0x00, 0x00, 0x00, 0x00, 0x00, 0x00, 0x00, 0x00, 0x00,
  0x00, 0x00, 0x00, 0x00, 0x00, 0x00, 0x00, 0x00, 0x00, 0x00, 0x00, 0x00, 0x00, 0x00, 0x00, 0x00,
  0x00, 0x00, 0x00, 0x00, 0x00, 0x00, 0x00, 0x00, 0x00, 0x00, 0x00, 0x00, 0x00, 0x00, 0x00, 0x00,
  0x00, 0x00, 0x00, 0x00, 0x00, 0x00, 0x00, 0x00, 0x00, 0x00, 0x00, 0x00, 0x00, 0x00, 0x00, 0x00,
  0x00, 0x00, 0x00, 0x00, 0x00, 0x00, 0x00, 0x00, 0x00, 0x00, 0x00, 0x00, 0x00, 0x00, 0x00, 0x00,
  0x00, 0x00, 0x00, 0x00, 0x00, 0x00, 0x00, 0x00, 0x00, 0x00, 0x00, 0x00, 0x00, 0x00, 0x00, 0x00,
  0x00, 0x00, 0x00, 0x00, 0x00, 0x00, 0x00, 0x00, 0x00, 0x00, 0x00, 0x00, 0x00, 0x00, 0x00, 0x00,
  0x00, 0x00, 0x00, 0x00, 0x00, 0x00, 0x00, 0x00, 0x00, 0x00, 0x00, 0x00, 0x00, 0x00, 0x00, 0x00,
  0x00, 0x00, 0x00, 0x00, 0x00, 0x00, 0x00, 0x00, 0x00, 0x00, 0x00, 0x00, 0x00, 0x00, 0x00, 0x00,
  0x00, 0x00, 0x00, 0x00, 0x00, 0x00, 0x00, 0x00, 0x00, 0x00, 0x00, 0x00, 0x00, 0x00, 0x00, 0x00,
  0x00, 0x00, 0x00, 0x00, 0x00, 0x00, 0x00, 0x00, 0x00, 0x00, 0x00, 0x00, 0x00, 0x00, 0x00, 0x00,
  0x00, 0x00, 0x00, 0x00, 0xe0, 0x03, 0x00, 0x00, 0x61, 0x1a, 0x00, 0x1a, 0x01, 0x1a, 0xe0, 0x7b,
  0xe0, 0x03, 0x00, 0x00, 0x00, 0x00, 0x00, 0x00, 0x00, 0x00, 0x00, 0x00, 0x00, 0x00, 0x00, 0x00,
  0x00, 0x00, 0x00, 0x00, 0x00, 0x00, 0x00, 0x00, 0x00, 0x00, 0x00, 0x00, 0x00, 0x00, 0x00, 0x00,
  0x00, 0x00, 0x00, 0x00, 0x00, 0x00, 0x00, 0x00, 0x00, 0x00, 0x00, 0x00, 0x00, 0x00, 0xa0, 0x52,
  0xe0, 0x39, 0x00, 0x00, 0x00, 0x00, 0x00, 0x00, 0x00, 0x00, 0x00, 0x00, 0x00, 0x00, 0x00, 0x00,
  0x00, 0x00, 0x00, 0x00, 0x00, 0x00, 0x00, 0x00, 0x00, 0x00, 0x00, 0x00, 0x00, 0x00, 0x00, 0x00,
  0xe0, 0x39, 0xe0, 0x03, 0x00, 0x00, 0x00, 0x00, 0x00, 0x00, 0x00, 0x00, 0x00, 0x00, 0x00, 0x00,
  0x00, 0x00, 0x00, 0x00, 0x00, 0x00, 0x00, 0x00, 0x00, 0x00, 0x00, 0x00, 0x00, 0x00, 0x00, 0x00,
  0x00, 0x00, 0x00, 0x00, 0x00, 0x00, 0x00, 0x00, 0x00, 0x00, 0x00, 0x00, 0x00, 0x00, 0x00, 0x00,
  0x00, 0x00, 0x00, 0x00, 0x00, 0x00, 0x00, 0x00, 0x00, 0x00, 0x00, 0x00, 0x00, 0x00, 0x00, 0x00,
  0x00, 0x00, 0x00, 0x00, 0x00, 0x00, 0x00, 0x00, 0x00, 0x00, 0x00, 0x00, 0x00, 0x00, 0x00, 0x00,
  0x00, 0x00, 0x00, 0x00, 0x00, 0x00, 0x00, 0x00, 0x00, 0x00, 0x00, 0x00, 0x00, 0x00, 0x00, 0x00,
  0x00, 0x00, 0x00, 0x00, 0x00, 0x00, 0x00, 0x00, 0x00, 0x00, 0x00, 0x00, 0x00, 0x00, 0x00, 0x00,
  0x00, 0x00, 0x00, 0x00, 0x00, 0x00, 0x00, 0x00, 0x00, 0x00, 0xe0, 0x07, 0x00, 0x00, 0x00, 0x00,
  0x00, 0x00, 0x61, 0x1a, 0x21, 0x1a, 0x00, 0x00, 0x00, 0x00, 0x00, 0x00, 0x00, 0x00, 0x00, 0x00,
  0x00, 0x00, 0x00, 0x00, 0x00, 0x00, 0x00, 0x00, 0x00, 0x00, 0x00, 0x00, 0x00, 0x00, 0x00, 0x00,
  0x00, 0x00, 0x00, 0x00, 0x00, 0x00, 0x00, 0x00, 0x00, 0x00, 0x00, 0x00, 0x00, 0x00, 0x00, 0x00,
  0x00, 0x00, 0x00, 0x00, 0x00, 0x00, 0x00, 0x00, 0x00, 0x00, 0x00, 0x00, 0x00, 0x00, 0x00, 0x00,
  0x00, 0x00, 0x00, 0x00, 0x00, 0x00, 0x00, 0x00, 0x00, 0x00, 0x00, 0x00, 0x00, 0x00, 0x00, 0x00,
  0x00, 0x00, 0x00, 0x00, 0x00, 0x00, 0x00, 0x00, 0x00, 0x00, 0x00, 0x00, 0x00, 0x00, 0x00, 0x00,
  0x00, 0x00, 0x00, 0x00, 0x00, 0x00, 0x00, 0x00, 0x00, 0x00, 0x00, 0x00, 0x00, 0x00, 0x00, 0x00,
  0x00, 0x00, 0x00, 0x00, 0x00, 0x00, 0x00, 0x00, 0x00, 0x00, 0x00, 0x00, 0x00, 0x00, 0x00, 0x00,
  0x00, 0x00, 0x00, 0x00, 0x00, 0x00, 0x00, 0x00, 0x00, 0x00, 0x00, 0x00, 0x00, 0x00, 0x00, 0x00,
  0x00, 0x00, 0x00, 0x00, 0x00, 0x00, 0x00, 0x00, 0x00, 0x00, 0x00, 0x00, 0x00, 0x00, 0x00, 0x00,
  0x00, 0x00, 0x00, 0x00, 0x00, 0x00, 0x00, 0x00, 0x00, 0x00, 0x00, 0x00, 0x00, 0x00, 0x00, 0x00,
  0x00, 0x00, 0x00, 0x00, 0x00, 0x00, 0x00, 0x00, 0x00, 0x00, 0x00, 0x00, 0x00, 0x00, 0x00, 0x00,
  0x00, 0x00, 0x00, 0x00, 0x00, 0x00, 0x00, 0x00, 0x00, 0x00, 0x00, 0x00, 0x00, 0x00, 0x00, 0x00,
  0x00, 0x00, 0x00, 0x00, 0x00, 0x00, 0x00, 0x00, 0x00, 0x00, 0x00, 0x00, 0x00, 0x00, 0x00, 0x00,
  0x00, 0x00, 0x00, 0x00, 0x00, 0x00, 0x00, 0x00, 0x00, 0x00, 0x00, 0x00, 0x00, 0x00, 0x00, 0x00,
  0x00, 0x00, 0x00, 0x00, 0x00, 0x00, 0x00, 0x00, 0x00, 0x00, 0x00, 0x00, 0x00, 0x00, 0x00, 0x00,
  0x00, 0x00, 0x00, 0x00, 0x00, 0x00, 0x00, 0x00, 0x00, 0x00, 0x00, 0x00, 0x00, 0x00, 0x00, 0x00,
  0x00, 0x00, 0x00, 0x00, 0x00, 0x00, 0x00, 0x00, 0x00, 0x00, 0x00, 0x00, 0x00, 0x00, 0x00, 0x00,
  0x00, 0x00, 0x00, 0x00, 0x00, 0x00, 0x00, 0x00, 0x00, 0x00, 0x00, 0x00, 0x00, 0x00, 0x00, 0x00,
  0x00, 0x00, 0x00, 0x00, 0x00, 0x00, 0x00, 0x00, 0x20, 0x03, 0xe0, 0x07, 0x00, 0x1a, 0x00, 0x1a,
  0xe0, 0x3b, 0x80, 0x31, 0xe0, 0x7b, 0x00, 0x00, 0x00, 0x00, 0x00, 0x00, 0x00, 0x00, 0x00, 0x00,
  0x00, 0x00, 0x00, 0x00, 0x00, 0x00, 0x00, 0x00, 0x00, 0x00, 0x00, 0x00, 0x00, 0x00, 0x00, 0x00,
  0x00, 0x00, 0x00, 0x00, 0x00, 0x00, 0x00, 0x00, 0x00, 0x00, 0x00, 0x00, 0x00, 0x00, 0x00, 0x00,
  0x00, 0x00, 0xe0, 0x7b, 0xe0, 0x03, 0x00, 0x00, 0x00, 0x00, 0x00, 0x00, 0x00, 0x00, 0x00, 0x00,
  0x00, 0x00, 0x00, 0x00, 0x00, 0x00, 0x00, 0x00, 0x00, 0x00, 0x00, 0x00, 0x00, 0x00, 0x00, 0x00,
  0xe0, 0x39, 0x40, 0x22, 0xa0, 0x1a, 0x00, 0x00, 0x00, 0x00, 0x00, 0x00, 0x00, 0x00, 0x00, 0x00,
  0x00, 0x00, 0x00, 0x00, 0x00, 0x00, 0x00, 0x00, 0x00, 0x00, 0x00, 0x00, 0x00, 0x00, 0x00, 0x00,
  0x00, 0x00, 0x00, 0x00, 0x00, 0x00, 0x00, 0x00, 0x00, 0x00, 0x00, 0x00, 0x00, 0x00, 0x00, 0x00,
  0x00, 0x00, 0x00, 0x00, 0x00, 0x00, 0x00, 0x00, 0x00, 0x00, 0x00, 0x00, 0x00, 0x00, 0x00, 0x00,
  0x00, 0x00, 0x00, 0x00, 0x00, 0x00, 0x00, 0x00, 0x00, 0x00, 0x00, 0x00, 0x00, 0x00, 0x00, 0x00,
  0x00, 0x00, 0x00, 0x00, 0x00, 0x00, 0x00, 0x00, 0x00, 0x00, 0x00, 0x00, 0x00, 0x00, 0x00, 0x00,
  0x00, 0x00, 0x00, 0x00, 0x00, 0x00, 0x00, 0x00, 0x00, 0x00, 0x00, 0x00, 0x00, 0x00, 0x00, 0x00,
  0x00, 0x00, 0x00, 0x00, 0x00, 0x00, 0x00, 0x00, 0x00, 0x00, 0x00, 0x00, 0x00, 0x00, 0x00, 0x00,
  0x00, 0x00, 0x00, 0x00, 0xe0, 0x03, 0xe0, 0x19, 0x00, 0x00, 0x00, 0x00, 0x00, 0x00, 0x00, 0x00,
  0x00, 0x00, 0x00, 0x00, 0x00, 0x00, 0x00, 0x00, 0x00, 0x00, 0x00, 0x00, 0x00, 0x00, 0x00, 0x00,
  0x00, 0x00, 0x00, 0x00, 0x00, 0x00, 0x00, 0x00, 0x00, 0x00, 0x00, 0x00, 0x00, 0x00, 0x00, 0x00,
  0x00, 0x00, 0x00, 0x00, 0x00, 0x00, 0x00, 0x00, 0x00, 0x00, 0x00, 0x00, 0x00, 0x00, 0x00, 0x00,
  0x00, 0x00, 0x00, 0x00, 0x00, 0x00, 0x00, 0x00, 0x00, 0x00, 0x00, 0x00, 0x00, 0x00, 0x00, 0x00,
  0x00, 0x00, 0x00, 0x00, 0x00, 0x00, 0x00, 0x00, 0x00, 0x00, 0x00, 0x00, 0x00, 0x00, 0x00, 0x00,
  0x00, 0x00, 0x00, 0x00, 0x00, 0x00, 0x00, 0x00, 0x00, 0x00, 0x00, 0x00, 0x00, 0x00, 0x00, 0x00,
  0x00, 0x00, 0x00, 0x00, 0x00, 0x00, 0x00, 0x00, 0x00, 0x00, 0x00, 0x00, 0x00, 0x00, 0x00, 0x00,
  0x00, 0x00, 0x00, 0x00, 0x00, 0x00, 0x00, 0x00, 0x00, 0x00, 0x00, 0x00, 0x00, 0x00, 0x00, 0x00,
  0x00, 0x00, 0x00, 0x00, 0x00, 0x00, 0x00, 0x00, 0x00, 0x00, 0x00, 0x00, 0x00, 0x00, 0x00, 0x00,
  0x00, 0x00, 0x00, 0x00, 0x00, 0x00, 0x00, 0x00, 0x00, 0x00, 0x00, 0x00, 0x00, 0x00, 0x00, 0x00,
  0x00, 0x00, 0x00, 0x00, 0x00, 0x00, 0x00, 0x00, 0x00, 0x00, 0x00, 0x00, 0x00, 0x00, 0x00, 0x00,
  0x00, 0x00, 0x00, 0x00, 0x00, 0x00, 0x00, 0x00, 0x00, 0x00, 0x00, 0x00, 0x00, 0x00, 0x00, 0x00,
  0x00, 0x00, 0x00, 0x00, 0x00, 0x00, 0x00, 0x00, 0x00, 0x00, 0x00, 0x00, 0x00, 0x00, 0x00, 0x00,
  0x00, 0x00, 0x00, 0x00, 0x00, 0x00, 0x00, 0x00, 0x00, 0x00, 0x00, 0x00, 0x00, 0x00, 0x00, 0x00,
  0x00, 0x00, 0x00, 0x00, 0x00, 0x00, 0x00, 0x00, 0x00, 0x00, 0x00, 0x00, 0x00, 0x00, 0x00, 0x00,
  0x00, 0x00, 0x00, 0x00, 0x00, 0x00, 0xe0, 0xff, 0x00, 0x00, 0x00, 0x00, 0x00, 0x00, 0x00, 0x00,
  0x00, 0x00, 0x00, 0x00, 0x00, 0x00, 0x00, 0x00, 0x00, 0x00, 0x00, 0x00, 0x00, 0x00, 0x00, 0x00,
  0x00, 0x00, 0x00, 0x00, 0x00, 0x00, 0x00, 0x00, 0x00, 0x00, 0x00, 0x00, 0x00, 0x00, 0x00, 0x00,
  0x00, 0x00, 0x00, 0x00, 0x00, 0x00, 0x00, 0x00, 0x00, 0x00, 0x80, 0x31, 0x40, 0x55, 0x21, 0x22,
  0x01, 0x1a, 0x41, 0x22, 0xa0, 0x2a, 0xe0, 0x01, 0x00, 0x00, 0x00, 0x00, 0x00, 0x00, 0x00, 0x00,
  0x00, 0x00, 0x00, 0x00, 0x00, 0x00, 0x00, 0x00, 0x00, 0x00, 0x00, 0x00, 0x00, 0x00, 0x00, 0x00,
  0x00, 0x00, 0x00, 0x00, 0x00, 0x00, 0x00, 0x00, 0x00, 0x00, 0x00, 0x00, 0x00, 0x00, 0x00, 0x00,
  0x00, 0x00, 0x00, 0x00, 0x00, 0x00, 0x00, 0x00, 0x00, 0x00, 0x00, 0x00, 0x00, 0x00, 0x00, 0x00,
  0x00, 0x00, 0x00, 0x00, 0x00, 0x00, 0x00, 0x00, 0x00, 0x00, 0x00, 0x00, 0x00, 0x00, 0x00, 0x00,
  0x00, 0x00, 0x00, 0x00, 0x00, 0x00, 0xa0, 0x2a, 0xa0, 0x02, 0x00, 0x00, 0x00, 0x00, 0x00, 0x00,
  0x00, 0x00, 0x00, 0x00, 0x00, 0x00, 0x00, 0x00, 0x00, 0x00, 0x00, 0x00, 0x00, 0x00, 0xe0, 0x07,
  0x00, 0x00, 0x00, 0x00, 0x00, 0x00, 0x00, 0x00, 0x00, 0x00, 0x00, 0x00, 0x00, 0x00, 0x00, 0x00,
  0x00, 0x00, 0x00, 0x00, 0x00, 0x00, 0x00, 0x00, 0x00, 0x00, 0x00, 0x00, 0x00, 0x00, 0x00, 0x00,
  0x00, 0x00, 0x00, 0x00, 0x00, 0x00, 0x00, 0x00, 0x00, 0x00, 0x00, 0x00, 0x00, 0x00, 0x00, 0x00,
  0x00, 0x00, 0x00, 0x00, 0x00, 0x00, 0x00, 0x00, 0x00, 0x00, 0x00, 0x00, 0x00, 0x00, 0x00, 0x00,
  0x00, 0x00, 0x00, 0x00, 0x00, 0x00, 0x00, 0x00, 0x00, 0x00, 0x00, 0x00, 0x00, 0x00, 0x00, 0x00,
  0x00, 0x00, 0x00, 0x00, 0x00, 0x00, 0x00, 0x00, 0x00, 0x00, 0x00, 0x00, 0x00, 0x00, 0x00, 0x00,
  0x00, 0x00, 0x00, 0x00, 0x00, 0x00, 0x00, 0x00, 0x00, 0x00, 0x00, 0x00, 0x00, 0x00, 0x00, 0x00,
  0x00, 0x00, 0x00, 0x00, 0x00, 0x00, 0x00, 0x00, 0x00, 0x00, 0x00, 0x00, 0x00, 0x00, 0x00, 0x00,
  0x00, 0x00, 0x00, 0x00, 0x00, 0x00, 0x00, 0x00, 0x00, 0x00, 0x00, 0x00, 0x00, 0x00, 0x00, 0x00,
  0x00, 0x00, 0x00, 0x00, 0x00, 0x00, 0x00, 0x00, 0x00, 0x00, 0x00, 0x00, 0x00, 0x00, 0x00, 0x00,
  0x00, 0x00, 0x00, 0x00, 0x00, 0x00, 0x00, 0x00, 0x00, 0x00, 0x00, 0x00, 0x00, 0x00, 0x00, 0x00,
  0x00, 0x00, 0x00, 0x00, 0x00, 0x00, 0x00, 0x00, 0x00, 0x00, 0x00, 0x00, 0x00, 0x00, 0x00, 0x00,
  0x00, 0x00, 0x00, 0x00, 0x00, 0x00, 0x00, 0x00, 0x00, 0x00, 0x00, 0x00, 0x00, 0x00, 0x00, 0x00,
  0x00, 0x00, 0x00, 0x00, 0x00, 0x00, 0x00, 0x00, 0x00, 0x00, 0x00, 0x00, 0x00, 0x00, 0x00, 0x00,
  0x00, 0x00, 0x00, 0x00, 0x00, 0x00, 0x00, 0x00, 0x00, 0x00, 0x00, 0x00, 0x00, 0x00, 0x00, 0x00,
  0x00, 0x00, 0x00, 0x00, 0x00, 0x00, 0x00, 0x00, 0x00, 0x00, 0x00, 0x00, 0x00, 0x00, 0x00, 0x00,
  0x00, 0x00, 0x00, 0x00, 0x00, 0x00, 0x00, 0x00, 0x00, 0x00, 0x00, 0x00, 0x00, 0x00, 0x00, 0x00,
  0x00, 0x00, 0x00, 0x00, 0x00, 0x00, 0x00, 0x00, 0x00, 0x00, 0x00, 0x00, 0x00, 0x00, 0x00, 0x00,
  0x00, 0x00, 0x00, 0x00, 0x00, 0x00, 0x00, 0x00, 0x00, 0x00, 0x00, 0x00, 0x00, 0x00, 0x00, 0x00,
  0x00, 0x00, 0x00, 0x00, 0x00, 0x00, 0x00, 0x00, 0x00, 0x00, 0x00, 0x00, 0x00, 0x00, 0x00, 0x00,
  0x00, 0x00, 0x00, 0x00, 0x00, 0x00, 0x00, 0x00, 0x00, 0x00, 0x00, 0x00, 0x00, 0x00, 0x00, 0x00,
  0x00, 0x00, 0x00, 0x00, 0x00, 0x00, 0x00, 0x00, 0x00, 0x00, 0x00, 0x00, 0x00, 0x00, 0x00, 0x00,
  0x00, 0x00, 0x00, 0x00, 0x00, 0x00, 0x00, 0x00, 0x00, 0x00, 0x00, 0x00, 0x00, 0x00, 0x00, 0x00,
  0x00, 0x00, 0x00, 0x00, 0x00, 0x00, 0x00, 0x00, 0x00, 0x00, 0x00, 0x00, 0x00, 0x00, 0x00, 0x00,
  0x00, 0x00, 0x00, 0x00, 0x00, 0x00, 0x00, 0x00, 0x00, 0x00, 0x00, 0x00, 0x00, 0x00, 0x00, 0x00,
  0x00, 0x00, 0x00, 0x00, 0x00, 0x00, 0x00, 0x00, 0x00, 0x00, 0x00, 0x00, 0x20, 0x33, 0xa5, 0x52,
  0x20, 0x1a, 0x00, 0x1a, 0x21, 0x1a, 0xc2, 0x22, 0xe0, 0x39, 0x00, 0x00, 0x00, 0x00, 0x00, 0x00,
  0x00, 0x00, 0x00, 0x00, 0x00, 0x00, 0x00, 0x00, 0x00, 0x00, 0x00, 0x00, 0x00, 0x00, 0x00, 0x00,
  0x00, 0x00, 0x00, 0x00, 0x00, 0x00, 0x00, 0x00, 0x00, 0x00, 0x00, 0x00, 0x00, 0x00, 0x00, 0x00,
  0x00, 0x00, 0x00, 0x00, 0x00, 0x00, 0x00, 0x00, 0x00, 0x00, 0x00, 0x00, 0x00, 0x00, 0x00, 0x00,
  0x00, 0x00, 0x00, 0x00, 0x00, 0x00, 0x00, 0x00, 0x00, 0x00, 0x00, 0x00, 0x00, 0x00, 0x00, 0x00,
  0x00, 0x00, 0x00, 0x00, 0x00, 0x00, 0x00, 0x00, 0x00, 0x00, 0x00, 0x00, 0x00, 0x00, 0x00, 0x00,
  0x00, 0x00, 0x00, 0x00, 0x00, 0x00, 0x00, 0x00, 0x00, 0x00, 0x00, 0x00, 0x00, 0x00, 0x00, 0x00,
  0x00, 0x00, 0x00, 0x00, 0x00, 0x00, 0x00, 0x00, 0x00, 0x00, 0x00, 0x00, 0x00, 0x00, 0x00, 0x00,
  0x00, 0x00, 0x00, 0x00, 0x00, 0x00, 0x00, 0x00, 0x00, 0x00, 0x00, 0x00, 0x00, 0x00, 0x00, 0x00,
  0x00, 0x00, 0x00, 0x00, 0x00, 0x00, 0x00, 0x00, 0x00, 0x00, 0x00, 0x00, 0x00, 0x00, 0x00, 0x00,
  0x00, 0x00, 0x00, 0x00, 0x00, 0x00, 0x00, 0x00, 0x00, 0x00, 0x00, 0x00, 0x00, 0x00, 0x00, 0x00,
  0x00, 0x00, 0x00, 0x00, 0x00, 0x00, 0x00, 0x00, 0x00, 0x00, 0x00, 0x00, 0x00, 0x00, 0x00, 0x00,
  0x00, 0x00, 0x00, 0x00, 0x00, 0x00, 0x00, 0x00, 0x00, 0x00, 0x00, 0x00, 0x00, 0x00, 0x00, 0x00,
  0x00, 0x00, 0x00, 0x00, 0x00, 0x00, 0x00, 0x00, 0x00, 0x00, 0x00, 0x00, 0x00, 0x00, 0x00, 0x00,
  0x00, 0x00, 0x00, 0x00, 0x00, 0x00, 0x00, 0x00, 0x00, 0x00, 0x00, 0x00, 0x00, 0x00, 0x00, 0x00,
  0x00, 0x00, 0x00, 0x00, 0x00, 0x00, 0x00, 0x00, 0x00, 0x00, 0x00, 0x00, 0x00, 0x00, 0x00, 0x00,
  0x00, 0x00, 0x00, 0x00, 0x00, 0x00, 0x00, 0x00, 0x00, 0x00, 0x00, 0x00, 0x00, 0x00, 0x00, 0x00,
  0x00, 0x00, 0x00, 0x00, 0x00, 0x00, 0x00, 0x00, 0x00, 0x00, 0x00, 0x00, 0x00, 0x00, 0x00, 0x00,
  0x00, 0x00, 0x00, 0x00, 0x00, 0x00, 0x00, 0x00, 0x00, 0x00, 0x00, 0x00, 0x00, 0x00, 0x00, 0x00,
  0x00, 0x00, 0x00, 0x00, 0x00, 0x00, 0x00, 0x00, 0x00, 0x00, 0x00, 0x00, 0x00, 0x00, 0x00, 0x00,
  0x00, 0x00, 0x00, 0x00, 0x00, 0x00, 0x00, 0x00, 0x00, 0x00, 0x00, 0x00, 0x00, 0x00, 0x00, 0x00,
  0x00, 0x00, 0x00, 0x00, 0x00, 0x00, 0x00, 0x00, 0x00, 0x00, 0x00, 0x00, 0x00, 0x00, 0x00, 0x00,
  0x00, 0x00, 0x00, 0x00, 0x00, 0x00, 0x00, 0x00, 0x00, 0x00, 0x00, 0x00, 0x00, 0x00, 0x00, 0x00,
  0x00, 0x00, 0x00, 0x00, 0x00, 0x00, 0x00, 0x00, 0x00, 0x00, 0x00, 0x00, 0x00, 0x00, 0x00, 0x00,
  0x00, 0x00, 0x00, 0x00, 0x00, 0x00, 0x00, 0x00, 0x00, 0x00, 0x00, 0x00, 0x00, 0x00, 0x00, 0x00,
  0x00, 0x00, 0x00, 0x00, 0x00, 0x00, 0x00, 0x00, 0x00, 0x00, 0x00, 0x00, 0x00, 0x00, 0x00, 0x00,
  0x00, 0x00, 0x00, 0x00, 0x00, 0x00, 0x00, 0x00, 0x00, 0x00, 0x00, 0x00, 0x00, 0x00, 0x00, 0x00,
  0x00, 0x00, 0x00, 0x00, 0x00, 0x00, 0x00, 0x00, 0x00, 0x00, 0x00, 0x00, 0x00, 0x00, 0x00, 0x00,
  0x00, 0x00, 0x00, 0x00, 0x00, 0x00, 0x00, 0x00, 0x00, 0x00, 0x00, 0x00, 0x00, 0x00, 0x00, 0x00,
  0x00, 0x00, 0x00, 0x00, 0x00, 0x00, 0x00, 0x00, 0x00, 0x00, 0x00, 0x00, 0x00, 0x00, 0x00, 0x00,
  0x00, 0x00, 0x00, 0x00, 0x00, 0x00, 0x00, 0x00, 0x00, 0x00, 0x00, 0x00, 0x00, 0x00, 0x00, 0x00,
  0x00, 0x00, 0x00, 0x00, 0x00, 0x00, 0x00, 0x00, 0x00, 0x00, 0x00, 0x00, 0x00, 0x00, 0x00, 0x00,
  0x00, 0x00, 0x00, 0x00, 0x00, 0x00, 0x00, 0x00, 0x00, 0x00, 0x00, 0x00, 0x00, 0x00, 0x00, 0x00,
  0x20, 0x33, 0x01, 0x1a, 0x20, 0x12, 0x41, 0x1a, 0x61, 0x22, 0xe2, 0x12, 0xa0, 0x52, 0x00, 0x00,
  0x00, 0x00, 0x00, 0x00, 0x00, 0x00, 0x00, 0x00, 0x00, 0x00, 0x00, 0x00, 0x00, 0x00, 0x00, 0x00,
  0x00, 0x00, 0x00, 0x00, 0x00, 0x00, 0x00, 0x00, 0x00, 0x00, 0x00, 0x00, 0x00, 0x00, 0x00, 0x00,
  0x00, 0x00, 0x00, 0x00, 0x00, 0x00, 0x00, 0x00, 0x00, 0x00, 0x00, 0x00, 0x00, 0x00, 0x00, 0x00,
  0x00, 0x00, 0x00, 0x00, 0x00, 0x00, 0x00, 0x00, 0x00, 0x00, 0x00, 0x00, 0x00, 0x00, 0x00, 0x00,
  0x00, 0x00, 0x00, 0x00, 0x00, 0x00, 0x00, 0x00, 0x00, 0x00, 0x00, 0x00, 0x00, 0x00, 0x00, 0x00,
  0x00, 0x00, 0x00, 0x00, 0xe0, 0x07, 0xe0, 0x07, 0x00, 0x00, 0x00, 0x00, 0x00, 0x00, 0x00, 0x00,
  0x00, 0x00, 0x00, 0x00, 0x00, 0x00, 0x00, 0x00, 0x00, 0x00, 0x00, 0x00, 0x00, 0x00, 0x00, 0x00,
  0x00, 0x00, 0x00, 0x00, 0x00, 0x00, 0x00, 0x00, 0x00, 0x00, 0x00, 0x00, 0x00, 0x00, 0x00, 0x00,
  0x00, 0x00, 0x00, 0x00, 0x00, 0x00, 0x00, 0x00, 0x00, 0x00, 0x00, 0x00, 0x00, 0x00, 0x00, 0x00,
  0x00, 0x00, 0x00, 0x00, 0x00, 0x00, 0x00, 0x00, 0x00, 0x00, 0x00, 0x00, 0x00, 0x00, 0x00, 0x00,
  0x00, 0x00, 0x00, 0x00, 0x00, 0x00, 0x00, 0x00, 0x00, 0x00, 0x00, 0x00, 0x00, 0x00, 0x00, 0x00,
  0x00, 0x00, 0x00, 0x00, 0x00, 0x00, 0x00, 0x00, 0x00, 0x00, 0x00, 0x00, 0x00, 0x00, 0x00, 0x00,
  0x00, 0x00, 0x00, 0x00, 0x00, 0x00, 0x00, 0x00, 0x00, 0x00, 0x00, 0x00, 0x00, 0x00, 0x00, 0x00,
  0x00, 0x00, 0x00, 0x00, 0x00, 0x00, 0x00, 0x00, 0x00, 0x00, 0x00, 0x00, 0x00, 0x00, 0x00, 0x00,
  0x00, 0x00, 0x00, 0x00, 0x00, 0x00, 0x00, 0x00, 0x00, 0x00, 0x00, 0x00, 0x00, 0x00, 0x00, 0x00,
  0x00, 0x00, 0x00, 0x00, 0x00, 0x00, 0x00, 0x00, 0x00, 0x00, 0x00, 0x00, 0x00, 0x00, 0x00, 0x00,
  0x00, 0x00, 0x00, 0x00, 0x00, 0x00, 0x00, 0x00, 0x00, 0x00, 0x00, 0x00, 0x00, 0x00, 0x00, 0x00,
  0x00, 0x00, 0x00, 0x00, 0x00, 0x00, 0x00, 0x00, 0x00, 0x00, 0x00, 0x00, 0x00, 0x00, 0x00, 0x00,
  0x00, 0x00, 0x00, 0x00, 0x00, 0x00, 0x00, 0x00, 0x00, 0x00, 0x00, 0x00, 0x00, 0x00, 0x00, 0x00,
  0x00, 0x00, 0x00, 0x00, 0x00, 0x00, 0x00, 0x00, 0x00, 0x00, 0x00, 0x00, 0x00, 0x00, 0x00, 0x00,
  0x00, 0x00, 0x00, 0x00, 0x00, 0x00, 0x00, 0x00, 0x00, 0x00, 0x00, 0x00, 0x00, 0x00, 0x00, 0x00,
  0x00, 0x00, 0x00, 0x00, 0x00, 0x00, 0x00, 0x00, 0x00, 0x00, 0x00, 0x00, 0x00, 0x00, 0x00, 0x00,
  0x00, 0x00, 0x00, 0x00, 0x00, 0x00, 0x00, 0x00, 0x00, 0x00, 0x00, 0x00, 0x00, 0x00, 0x00, 0x00,
  0x00, 0x00, 0x00, 0x00, 0x00, 0x00, 0x00, 0x00, 0x00, 0x00, 0x00, 0x00, 0x00, 0x00, 0x00, 0x00,
  0x00, 0x00, 0x00, 0x00, 0x00, 0x00, 0x00, 0x00, 0x00, 0x00, 0x00, 0x00, 0x00, 0x00, 0x00, 0x00,
  0x00, 0x00, 0x00, 0x00, 0x00, 0x00, 0x00, 0x00, 0x00, 0x00, 0x00, 0x00, 0x00, 0x00, 0x00, 0x00,
  0x00, 0x00, 0x00, 0x00, 0x00, 0x00, 0x00, 0x00, 0x00, 0x00, 0x00, 0x00, 0x00, 0x00, 0x00, 0x00,
  0x00, 0x00, 0x00, 0x00, 0x00, 0x00, 0x00, 0x00, 0x00, 0x00, 0x00, 0x00, 0x00, 0x00, 0x00, 0x00,
  0x00, 0x00, 0x00, 0x00, 0x00, 0x00, 0x00, 0x00, 0x00, 0x00, 0x00, 0x00, 0x00, 0x00, 0x00, 0x00,
  0x00, 0x00, 0x00, 0x00, 0x00, 0x00, 0x00, 0x00, 0x00, 0x00, 0x00, 0x00, 0x00, 0x00, 0x00, 0x00,
  0x00, 0x00, 0x00, 0x00, 0x00, 0x00, 0x00, 0x00, 0x00, 0x00, 0x00, 0x00, 0x00, 0x00, 0x00, 0x00,
  0x00, 0x00, 0x00, 0x00, 0x00, 0x00, 0x00, 0x00, 0x00, 0x00, 0x00, 0x00, 0x00, 0x00, 0x00, 0x00,
  0xa2, 0x22, 0x61, 0x22, 0xc0, 0x21, 0x41, 0x1a, 0x61, 0x1a, 0x60, 0x1a, 0xe0, 0x19, 0xa3, 0x1a,
  0x00, 0x00, 0x00, 0x00, 0x00, 0x00, 0x00, 0x00, 0x00, 0x00, 0x00, 0x00, 0x00, 0x00, 0x00, 0x00,
  0x00, 0x00, 0x00, 0x00, 0x00, 0x00, 0x00, 0x00, 0x00, 0x00, 0x00, 0x00, 0x00, 0x00, 0x00, 0x00,
  0xe0, 0x7b, 0xa0, 0x52, 0x00, 0x00, 0x00, 0x00, 0x00, 0x00, 0x00, 0x00, 0x00, 0x00, 0x00, 0x00,
  0x00, 0x00, 0x00, 0x00, 0x00, 0x00, 0x00, 0x00, 0x00, 0x00, 0x00, 0x00, 0x00, 0x00, 0x00, 0x00,
  0x00, 0x00, 0x00, 0x00, 0x00, 0x00, 0x00, 0x00, 0x00, 0x00, 0x00, 0x00, 0x00, 0x00, 0x00, 0x00,
  0x00, 0x00, 0x00, 0x00, 0x00, 0x00, 0x00, 0x00, 0x00, 0x00, 0x00, 0x00, 0x00, 0x00, 0x00, 0x00,
  0x00, 0x00, 0x00, 0x00, 0x00, 0x00, 0x00, 0x00, 0x00, 0x00, 0x00, 0x00, 0x00, 0x00, 0x00, 0x00,
  0x00, 0x00, 0x00, 0x00, 0x00, 0x00, 0x00, 0x00, 0x00, 0x00, 0x00, 0x00, 0x00, 0x00, 0x00, 0x00,
  0x00, 0x00, 0x00, 0x00, 0x00, 0x00, 0x00, 0x00, 0x00, 0x00, 0x00, 0x00, 0x00, 0x00, 0x00, 0x00,
  0x00, 0x00, 0x00, 0x00, 0x00, 0x00, 0x00, 0x00, 0x00, 0x00, 0x00, 0x00, 0x00, 0x00, 0x00, 0x00,
  0x00, 0x00, 0x00, 0x00, 0x00, 0x00, 0x00, 0x00, 0x00, 0x00, 0x00, 0x00, 0x00, 0x00, 0x00, 0x00,
  0x00, 0x00, 0x00, 0x00, 0x00, 0x00, 0x00, 0x00, 0x00, 0x00, 0x00, 0x00, 0xe0, 0x07, 0x00, 0x00,
  0x00, 0x00, 0x00, 0x00, 0x00, 0x00, 0x00, 0x00, 0x00, 0x00, 0x00, 0x00, 0x00, 0x00, 0x00, 0x00,
  0x00, 0x00, 0x00, 0x00, 0x00, 0x00, 0x00, 0x00, 0x00, 0x00, 0x00, 0x00, 0x00, 0x00, 0x00, 0x00,
  0x00, 0x00, 0x00, 0x00, 0x00, 0x00, 0x00, 0x00, 0x00, 0x00, 0x00, 0x00, 0x00, 0x00, 0x00, 0x00,
  0x00, 0x00, 0x00, 0x00, 0x00, 0x00, 0x00, 0x00, 0x00, 0x00, 0x00, 0x00, 0x00, 0x00, 0x00, 0x00,
  0x00, 0x00, 0x00, 0x00, 0x00, 0x00, 0x00, 0x00, 0x00, 0x00, 0x00, 0x00, 0x00, 0x00, 0x00, 0x00,
  0x00, 0x00, 0x00, 0x00, 0x00, 0x00, 0x00, 0x00, 0x00, 0x00, 0x00, 0x00, 0x00, 0x00, 0x00, 0x00,
  0x00, 0x00, 0x00, 0x00, 0x00, 0x00, 0x00, 0x00, 0x00, 0x00, 0x00, 0x00, 0x00, 0x00, 0x00, 0x00,
  0x00, 0x00, 0x00, 0x00, 0x00, 0x00, 0x00, 0x00, 0x00, 0x00, 0x00, 0x00, 0x00, 0x00, 0x00, 0x00,
  0x00, 0x00, 0x00, 0x00, 0x00, 0x00, 0x00, 0x00, 0x00, 0x00, 0x00, 0x00, 0x00, 0x00, 0x00, 0x00,
  0x00, 0x00, 0x00, 0x00, 0x00, 0x00, 0x00, 0x00, 0x00, 0x00, 0x00, 0x00, 0x00, 0x00, 0x00, 0x00,
  0x00, 0x00, 0x00, 0x00, 0x00, 0x00, 0x00, 0x00, 0x00, 0x00, 0x00, 0x00, 0x00, 0x00, 0x00, 0x00,
  0x00, 0x00, 0x00, 0x00, 0x00, 0x00, 0x00, 0x00, 0x00, 0x00, 0x00, 0x00, 0x00, 0x00, 0x00, 0x00,
  0x00, 0x00, 0x00, 0x00, 0x00, 0x00, 0x00, 0x00, 0x00, 0x00, 0x00, 0x00, 0x00, 0x00, 0x00, 0x00,
  0x00, 0x00, 0x00, 0x00, 0x00, 0x00, 0x00, 0x00, 0x00, 0x00, 0x00, 0x00, 0x00, 0x00, 0x00, 0x00,
  0x00, 0x00, 0x00, 0x00, 0x00, 0x00, 0x00, 0x00, 0x00, 0x00, 0x00, 0x00, 0x00, 0x00, 0x00, 0x00,
  0x00, 0x00, 0x00, 0x00, 0x00, 0x00, 0x00, 0x00, 0x00, 0x00, 0x00, 0x00, 0x00, 0x00, 0x00, 0x00,
  0x00, 0x00, 0x00, 0x00, 0x00, 0x00, 0x00, 0x00, 0x00, 0x00, 0x00, 0x00, 0x00, 0x00, 0x00, 0x00,
  0x00, 0x00, 0x00, 0x00, 0x00, 0x00, 0x00, 0x00, 0x00, 0x00, 0x00, 0x00, 0x00, 0x00, 0x00, 0x00,
  0x00, 0x00, 0x00, 0x00, 0x00, 0x00, 0x00, 0x00, 0x00, 0x00, 0x00, 0x00, 0x00, 0x00, 0x00, 0x00,
  0x00, 0x00, 0x00, 0x00, 0x00, 0x00, 0x00, 0x00, 0x00, 0x00, 0x00, 0x00, 0x00, 0x00, 0x00, 0x00,
  0xe0, 0x7b, 0xe0, 0x39, 0x81, 0x22, 0x61, 0x22, 0x20, 0x1a, 0x60, 0x1a, 0x20, 0x12, 0x40, 0x29,
  0xa1, 0x22, 0x81, 0x22, 0x00, 0x00, 0x00, 0x00, 0x00, 0x00, 0x00, 0x00, 0x00, 0x00, 0x00, 0x00,
  0x00, 0x00, 0x00, 0x00, 0x00, 0x00, 0x00, 0x00, 0x00, 0x00, 0x00, 0x00, 0x00, 0x00, 0x00, 0x00,
  0x00, 0x00, 0x00, 0x00, 0xe0, 0x03, 0x00, 0x00, 0x00, 0x00, 0xe0, 0x03, 0xe0, 0x39, 0x00, 0x00,
  0x00, 0x00, 0x00, 0x00, 0x00, 0x00, 0x00, 0x00, 0x00, 0x00, 0x00, 0x00, 0x00, 0x00, 0x00, 0x00,
  0x00, 0x00, 0x00, 0x00, 0x00, 0x00, 0x00, 0x00, 0x00, 0x00, 0x00, 0x00, 0x00, 0x00, 0x00, 0x00,
  0x00, 0x00, 0x00, 0x00, 0x00, 0x00, 0x00, 0x00, 0x00, 0x00, 0x00, 0x00, 0x00, 0x00, 0x00, 0x00,
  0x00, 0x00, 0x00, 0x00, 0x00, 0x00, 0x00, 0x00, 0x00, 0x00, 0x00, 0x00, 0x00, 0x00, 0x00, 0x00,
  0x00, 0x00, 0x00, 0x00, 0x00, 0x00, 0x00, 0x00, 0x00, 0x00, 0x00, 0x00, 0x00, 0x00, 0x00, 0x00,
  0x00, 0x00, 0x00, 0x00, 0x00, 0x00, 0x00, 0x00, 0x00, 0x00, 0x00, 0x00, 0x00, 0x00, 0x00, 0x00,
  0x00, 0x00, 0x00, 0x00, 0x00, 0x00, 0x00, 0x00, 0x00, 0x00, 0x00, 0x00, 0x00, 0x00, 0x00, 0x00,
  0x00, 0x00, 0x00, 0x00, 0x00, 0x00, 0x00, 0x00, 0x00, 0x00, 0x00, 0x00, 0x00, 0x00, 0x00, 0x00,
  0x00, 0x00, 0x00, 0x00, 0x00, 0x00, 0x00, 0x00, 0x00, 0x00, 0x00, 0x00, 0x00, 0x00, 0x00, 0x00,
  0x00, 0x00, 0x00, 0x00, 0x00, 0x00, 0x00, 0x00, 0x00, 0x00, 0x00, 0x00, 0x00, 0x00, 0x00, 0x00,
  0x00, 0x00, 0x00, 0x00, 0x00, 0x00, 0x00, 0x00, 0x00, 0x00, 0x00, 0x00, 0x00, 0x00, 0x00, 0x00,
  0x00, 0x00, 0x00, 0x00, 0x00, 0x00, 0x00, 0x00, 0x00, 0x00, 0x00, 0x00, 0x00, 0x00, 0x00, 0x00,
  0x00, 0x00, 0x00, 0x00, 0x00, 0x00, 0x00, 0x00, 0x00, 0x00, 0x00, 0x00, 0x00, 0x00, 0x00, 0x00,
  0x00, 0x00, 0x00, 0x00, 0x00, 0x00, 0x00, 0x00, 0x00, 0x00, 0x00, 0x00, 0x00, 0x00, 0x00, 0x00,
  0x00, 0x00, 0x00, 0x00, 0x00, 0x00, 0x00, 0x00, 0x00, 0x00, 0x00, 0x00, 0x00, 0x00, 0x00, 0x00,
  0x00, 0x00, 0x00, 0x00, 0x00, 0x00, 0x00, 0x00, 0x00, 0x00, 0x00, 0x00, 0x00, 0x00, 0x00, 0x00,
  0x00, 0x00, 0x00, 0x00, 0x00, 0x00, 0x00, 0x00, 0x00, 0x00, 0x00, 0x00, 0x00, 0x00, 0x00, 0x00,
  0x00, 0x00, 0x00, 0x00, 0x00, 0x00, 0x00, 0x00, 0x00, 0x00, 0x00, 0x00, 0x00, 0x00, 0x00, 0x00,
  0x00, 0x00, 0x00, 0x00, 0x00, 0x00, 0x00, 0x00, 0x00, 0x00, 0x00, 0x00, 0x00, 0x00, 0x00, 0x00,
  0x00, 0x00, 0x00, 0x00, 0x00, 0x00, 0x00, 0x00, 0x00, 0x00, 0x00, 0x00, 0x00, 0x00, 0x00, 0x00,
  0x00, 0x00, 0x00, 0x00, 0x00, 0x00, 0x00, 0x00, 0x00, 0x00, 0x00, 0x00, 0x00, 0x00, 0x00, 0x00,
  0x00, 0x00, 0x00, 0x00, 0x00, 0x00, 0x00, 0x00, 0x00, 0x00, 0x00, 0x00, 0x00, 0x00, 0x00, 0x00,
  0x00, 0x00, 0x00, 0x00, 0x00, 0x00, 0x00, 0x00, 0x00, 0x00, 0x00, 0x00, 0x00, 0x00, 0x00, 0x00,
  0x00, 0x00, 0x00, 0x00, 0x00, 0x00, 0x00, 0x00, 0x00, 0x00, 0x00, 0x00, 0x00, 0x00, 0x00, 0x00,
  0x00, 0x00, 0x00, 0x00, 0x00, 0x00, 0x00, 0x00, 0x00, 0x00, 0x00, 0x00, 0x00, 0x00, 0x00, 0x00,
  0x00, 0x00, 0x00, 0x00, 0x00, 0x00, 0x00, 0x00, 0x00, 0x00, 0x00, 0x00, 0x00, 0x00, 0x00, 0x00,
  0x00, 0x00, 0x00, 0x00, 0x00, 0x00, 0x00, 0x00, 0x00, 0x00, 0x00, 0x00, 0x00, 0x00, 0x00, 0x00,
  0x00, 0x00, 0x00, 0x00, 0x00, 0x00, 0x00, 0x00, 0x00, 0x00, 0x00, 0x00, 0x00, 0x00, 0x00, 0x00,
  0x00, 0x00, 0x00, 0x00, 0x00, 0x00, 0x00, 0x00, 0x00, 0x00, 0x00, 0x00, 0x00, 0x00, 0x00, 0x00,
  0xe0, 0x07, 0xe0, 0x07, 0x00, 0x00, 0x03, 0x23, 0x61, 0x22, 0x21, 0x1a, 0x40, 0x1a, 0x40, 0x1a,
  0x21, 0x1a, 0xa3, 0x22, 0xa2, 0x2a, 0xa2, 0x2a, 0xe0, 0x03, 0x00, 0x00, 0x00, 0x00, 0x00, 0x00,
  0x00, 0x00, 0x00, 0x00, 0x00, 0x00, 0x00, 0x00, 0x00, 0x00, 0x00, 0x00, 0x00, 0x00, 0x00, 0x00,
  0x00, 0x00, 0x00, 0x00, 0x00, 0x00, 0xa0, 0x52, 0xe0, 0x07, 0xe0, 0x03, 0x00, 0x00, 0x00, 0x00,
  0x00, 0x00, 0x00, 0x00, 0x00, 0x00, 0x00, 0x00, 0x00, 0x00, 0x00, 0x00, 0x00, 0x00, 0x00, 0x00,
  0x00, 0x00, 0x00, 0x00, 0x00, 0x00, 0x00, 0x00, 0x00, 0x00, 0x00, 0x00, 0x00, 0x00, 0x00, 0x00,
  0x00, 0x00, 0x00, 0x00, 0x00, 0x00, 0x00, 0x00, 0x00, 0x00, 0x00, 0x00, 0x00, 0x00, 0xe0, 0x07,
  0xe0, 0x07, 0x00, 0x00, 0x00, 0x00, 0x00, 0x00, 0x00, 0x00, 0x00, 0x00, 0x00, 0x00, 0x00, 0x00,
  0x00, 0x00, 0x00, 0x00, 0x00, 0x00, 0x00, 0x00, 0x00, 0x00, 0x00, 0x00, 0x00, 0x00, 0x00, 0x00,
  0x00, 0x00, 0x00, 0x00, 0x00, 0x00, 0x00, 0x00, 0x00, 0x00, 0x00, 0x00, 0x00, 0x00, 0x00, 0x00,
  0x00, 0x00, 0x00, 0x00, 0x00, 0x00, 0x00, 0x00, 0x00, 0x00, 0x00, 0x00, 0x00, 0x00, 0x00, 0x00,
  0x00, 0x00, 0x00, 0x00, 0x00, 0x00, 0x00, 0x00, 0x00, 0x00, 0x00, 0x00, 0x00, 0x00, 0x00, 0x00,
  0x00, 0x00, 0x00, 0x00, 0x00, 0x00, 0x00, 0x00, 0x00, 0x00, 0x00, 0x00, 0x00, 0x00, 0x00, 0x00,
  0x00, 0x00, 0x00, 0x00, 0x00, 0x00, 0x00, 0x00, 0x00, 0x00, 0x00, 0x00, 0x00, 0x00, 0x00, 0x00,
  0x00, 0x00, 0x00, 0x00, 0x00, 0x00, 0x00, 0x00, 0x00, 0x00, 0x00, 0x00, 0x00, 0x00, 0x00, 0x00,
  0x00, 0x00, 0x00, 0x00, 0x00, 0x00, 0x00, 0x00, 0x00, 0x00, 0x00, 0x00, 0x00, 0x00, 0x00, 0x00,
  0x00, 0x00, 0x00, 0x00, 0x00, 0x00, 0x00, 0x00, 0x00, 0x00, 0x00, 0x00, 0x00, 0x00, 0x00, 0x00,
  0x00, 0x00, 0x00, 0x00, 0x00, 0x00, 0x00, 0x00, 0x00, 0x00, 0x00, 0x00, 0x00, 0x00, 0x00, 0x00,
  0x00, 0x00, 0x00, 0x00, 0x00, 0x00, 0x00, 0x00, 0x00, 0x00, 0x00, 0x00, 0x00, 0x00, 0x00, 0x00,
  0x00, 0x00, 0x00, 0x00, 0x00, 0x00, 0x00, 0x00, 0x00, 0x00, 0x00, 0x00, 0x00, 0x00, 0x00, 0x00,
  0x00, 0x00, 0x00, 0x00, 0x00, 0x00, 0x00, 0x00, 0x00, 0x00, 0x00, 0x00, 0x00, 0x00, 0x00, 0x00,
  0x00, 0x00, 0x00, 0x00, 0x00, 0x00, 0x00, 0x00, 0x00, 0x00, 0x00, 0x00, 0x00, 0x00, 0x00, 0x00,
  0x00, 0x00, 0x00, 0x00, 0x00, 0x00, 0x00, 0x00, 0x00, 0x00, 0x00, 0x00, 0x00, 0x00, 0x00, 0x00,
  0x00, 0x00, 0x00, 0x00, 0x00, 0x00, 0x00, 0x00, 0x00, 0x00, 0x00, 0x00, 0x00, 0x00, 0x00, 0x00,
  0x00, 0x00, 0x00, 0x00, 0x00, 0x00, 0x00, 0x00, 0x00, 0x00, 0x00, 0x00, 0x00, 0x00, 0x00, 0x00,
  0x00, 0x00, 0x00, 0x00, 0x00, 0x00, 0x00, 0x00, 0x00, 0x00, 0x00, 0x00, 0x00, 0x00, 0x00, 0x00,
  0x00, 0x00, 0x00, 0x00, 0x00, 0x00, 0x00, 0x00, 0x00, 0x00, 0x00, 0x00, 0x00, 0x00, 0x00, 0x00,
  0x00, 0x00, 0x00, 0x00, 0x00, 0x00, 0x00, 0x00, 0x00, 0x00, 0x00, 0x00, 0xe0, 0x03, 0xe0, 0xff,
  0x00, 0x00, 0x00, 0x00, 0x00, 0x00, 0x00, 0x00, 0x00, 0x00, 0x00, 0x00, 0x00, 0x00, 0x00, 0x00,
  0x00, 0x00, 0x00, 0x00, 0x00, 0x00, 0x00, 0x00, 0x00, 0x00, 0x00, 0x00, 0x00, 0x00, 0x00, 0x00,
  0x00, 0x00, 0x00, 0x00, 0x00, 0x00, 0x00, 0x00, 0x00, 0x00, 0x00, 0x00, 0x00, 0x00, 0x00, 0x00,
  0x00, 0x00, 0x00, 0x00, 0x00, 0x00, 0x00, 0x00, 0x00, 0x00, 0x00, 0x00, 0x00, 0x00, 0x00, 0x00,
  0x00, 0x00, 0x00, 0x00, 0x00, 0x00, 0x00, 0x00, 0x00, 0x00, 0x00, 0x00, 0x00, 0x00, 0x00, 0x00,
  0x00, 0x00, 0x00, 0x00, 0x00, 0x00, 0xe0, 0x07, 0xa0, 0x52, 0xc0, 0x22, 0x61, 0x22, 0x41, 0x1a,
  0x40, 0x1a, 0x40, 0x1a, 0x42, 0x1a, 0x82, 0x22, 0xa3, 0x22, 0x00, 0x00, 0x00, 0x00, 0xe0, 0x07,
  0xe0, 0x07, 0x00, 0x00, 0x00, 0x00, 0x00, 0x00, 0x00, 0x00, 0x00, 0x00, 0x00, 0x00, 0x00, 0x00,
  0x00, 0x00, 0x00, 0x00, 0x00, 0x00, 0x00, 0x00, 0xe0, 0x07, 0x80, 0x31, 0x60, 0x23, 0xe0, 0x7b,
  0x00, 0x00, 0x00, 0x00, 0x00, 0x00, 0x00, 0x00, 0x00, 0x00, 0x00, 0x00, 0x00, 0x00, 0x00, 0x00,
  0x00, 0x00, 0x00, 0x00, 0x00, 0x00, 0x00, 0x00, 0x00, 0x00, 0x00, 0x00, 0x00, 0x00, 0x00, 0x00,
  0x00, 0x00, 0x00, 0x00, 0x00, 0x00, 0x00, 0x00, 0x00, 0x00, 0x00, 0x00, 0x00, 0x00, 0x00, 0x00,
  0x00, 0x00, 0x00, 0x00, 0x00, 0x00, 0x00, 0x00, 0x00, 0x00, 0x00, 0x00, 0x00, 0x00, 0x00, 0x00,
  0x00, 0x00, 0x00, 0x00, 0x00, 0x00, 0x00, 0x00, 0x00, 0x00, 0x00, 0x00, 0x00, 0x00, 0x00, 0x00,
  0x00, 0x00, 0x00, 0x00, 0x00, 0x00, 0x00, 0x00, 0x00, 0x00, 0x00, 0x00, 0x00, 0x00, 0x00, 0x00,
  0x00, 0x00, 0x00, 0x00, 0x00, 0x00, 0x00, 0x00, 0x00, 0x00, 0x00, 0x00, 0x00, 0x00, 0x00, 0x00,
  0x00, 0x00, 0x00, 0x00, 0x00, 0x00, 0x00, 0x00, 0x00, 0x00, 0x00, 0x00, 0x00, 0x00, 0x00, 0x00,
  0x00, 0x00, 0x00, 0x00, 0x00, 0x00, 0x00, 0x00, 0x00, 0x00, 0x00, 0x00, 0x00, 0x00, 0x00, 0x00,
  0x00, 0x00, 0x00, 0x00, 0x00, 0x00, 0x00, 0x00, 0x00, 0x00, 0x00, 0x00, 0xe0, 0x03, 0x00, 0x00,
  0x00, 0x00, 0x00, 0x00, 0x00, 0x00, 0x00, 0x00, 0x00, 0x00, 0x00, 0x00, 0x00, 0x00, 0x00, 0x00,
  0x00, 0x00, 0x00, 0x00, 0x00, 0x00, 0x00, 0x00, 0x00, 0x00, 0x00, 0x00, 0x00, 0x00, 0x00, 0x00,
  0x00, 0x00, 0x00, 0x00, 0x00, 0x00, 0x00, 0x00, 0x00, 0x00, 0x00, 0x00, 0x00, 0x00, 0x00, 0x00,
  0x00, 0x00, 0x00, 0x00, 0x00, 0x00, 0x00, 0x00, 0x00, 0x00, 0x00, 0x00, 0x00, 0x00, 0x00, 0x00,
  0x00, 0x00, 0x00, 0x00, 0x00, 0x00, 0x00, 0x00, 0x00, 0x00, 0x00, 0x00, 0x00, 0x00, 0x00, 0x00,
  0x00, 0x00, 0x00, 0x00, 0x00, 0x00, 0x00, 0x00, 0x00, 0x00, 0x00, 0x00, 0x00, 0x00, 0x00, 0x00,
  0x00, 0x00, 0x00, 0x00, 0x00, 0x00, 0x00, 0x00, 0x00, 0x00, 0x00, 0x00, 0x00, 0x00, 0x00, 0x00,
  0x00, 0x00, 0x00, 0x00, 0x00, 0x00, 0x00, 0x00, 0x00, 0x00, 0x00, 0x00, 0x00, 0x00, 0x00, 0x00,
  0x00, 0x00, 0x00, 0x00, 0x00, 0x00, 0x00, 0x00, 0x00, 0x00, 0x00, 0x00, 0x00, 0x00, 0x00, 0x00,
  0x00, 0x00, 0x00, 0x00, 0x00, 0x00, 0x00, 0x00, 0x00, 0x00, 0x00, 0x00, 0x00, 0x00, 0x00, 0x00,
  0x00, 0x00, 0x00, 0x00, 0x00, 0x00, 0x00, 0x00, 0x00, 0x00, 0x00, 0x00, 0x00, 0x00, 0x00, 0x00,
  0x00, 0x00, 0x00, 0x00, 0x00, 0x00, 0x00, 0x00, 0x00, 0x00, 0x00, 0x00, 0x00, 0x00, 0x00, 0x00,
  0x00, 0x00, 0x00, 0x00, 0x00, 0x00, 0x00, 0x00, 0x00, 0x00, 0x00, 0x00, 0x00, 0x00, 0x00, 0x00,
  0x00, 0x00, 0x00, 0x00, 0x00, 0x00, 0x00, 0x00, 0x00, 0x00, 0x00, 0x00, 0x00, 0x00, 0x00, 0x00,
  0x00, 0x00, 0x00, 0x00, 0x00, 0x00, 0x00, 0x00, 0x00, 0x00, 0x00, 0x00, 0x00, 0x00, 0x00, 0x00,
  0x00, 0x00, 0x00, 0x00, 0x00, 0x00, 0x00, 0x00, 0x00, 0x00, 0x00, 0x00, 0x00, 0x00, 0x00, 0x00,
  0x00, 0x00, 0x00, 0x00, 0x00, 0x00, 0x00, 0x00, 0x00, 0x00, 0x00, 0x00, 0x00, 0x00, 0x00, 0x00,
  0x00, 0x00, 0x00, 0x00, 0x00, 0x00, 0x00, 0x00, 0x00, 0x00, 0x00, 0x00, 0x00, 0x00, 0x00, 0x00,
  0x00, 0x00, 0x00, 0x00, 0x00, 0x00, 0x00, 0x00, 0x00, 0x00, 0x00, 0x00, 0x00, 0x00, 0x00, 0x00,
  0x00, 0x00, 0x00, 0x00, 0x00, 0x00, 0x00, 0x00, 0x00, 0x00, 0x00, 0x00, 0xc2, 0x32, 0xc2, 0x2a,
  0x21, 0x1a, 0x40, 0x12, 0x41, 0x1a, 0x41, 0x1a, 0x82, 0x2a, 0xc2, 0x2a, 0x00, 0x00, 0xe0, 0x07,
  0x00, 0x00, 0x00, 0x00, 0x00, 0x00, 0x00, 0x00, 0x00, 0x00, 0x00, 0x00, 0x00, 0x00, 0x00, 0x00,
  0x00, 0x00, 0x00, 0x00, 0x00, 0x00, 0x00, 0x00, 0x00, 0x00, 0x20, 0x03, 0x64, 0x23, 0xa3, 0x1a,
  0x20, 0x33, 0x00, 0x00, 0x00, 0x00, 0x00, 0x00, 0x00, 0x00, 0x00, 0x00, 0x00, 0x00, 0x00, 0x00,
  0x00, 0x00, 0x00, 0x00, 0x00, 0x00, 0x00, 0x00, 0x00, 0x00, 0x00, 0x00, 0x00, 0x00, 0x00, 0x00,
  0x00, 0x00, 0x00, 0x00, 0x00, 0x00, 0x00, 0x00, 0x00, 0x00, 0x00, 0x00, 0x00, 0x00, 0x00, 0x00,
  0x00, 0x00, 0x00, 0x00, 0x00, 0x00, 0x00, 0x00, 0x00, 0x00, 0x00, 0x00, 0x00, 0x00, 0x00, 0x00,
  0x00, 0x00, 0x00, 0x00, 0x00, 0x00, 0x00, 0x00, 0x00, 0x00, 0xe0, 0x03, 0x00, 0x00, 0x00, 0x00,
  0x00, 0x00, 0x00, 0x00, 0x00, 0x00, 0x00, 0x00, 0x00, 0x00, 0x00, 0x00, 0x00, 0x00, 0x00, 0x00,
  0x00, 0x00, 0x00, 0x00, 0x00, 0x00, 0x00, 0x00, 0x00, 0x00, 0x00, 0x00, 0x00, 0x00, 0x00, 0x00,
  0x00, 0x00, 0x00, 0x00, 0x00, 0x00, 0x00, 0x00, 0x00, 0x00, 0x00, 0x00, 0x00, 0x00, 0x00, 0x00,
  0x00, 0x00, 0x00, 0x00, 0x00, 0x00, 0x00, 0x00, 0x00, 0x00, 0x00, 0x00, 0x00, 0x00, 0x00, 0x00,
  0x00, 0x00, 0x00, 0x00, 0x00, 0x00, 0x00, 0x00, 0x00, 0x00, 0x00, 0x00, 0x00, 0x00, 0x00, 0x00,
  0x00, 0x00, 0x00, 0x00, 0x00, 0x00, 0x00, 0x00, 0x00, 0x00, 0x00, 0x00, 0x00, 0x00, 0x00, 0x00,
  0x00, 0x00, 0x00, 0x00, 0x00, 0x00, 0x00, 0x00, 0x00, 0x00, 0x00, 0x00, 0x00, 0x00, 0x00, 0x00,
  0x00, 0x00, 0x00, 0x00, 0x00, 0x00, 0x00, 0x00, 0x00, 0x00, 0x00, 0x00, 0x00, 0x00, 0x00, 0x00,
  0x00, 0x00, 0x00, 0x00, 0x00, 0x00, 0x00, 0x00, 0x00, 0x00, 0x00, 0x00, 0x00, 0x00, 0x00, 0x00,
  0x00, 0x00, 0x00, 0x00, 0x00, 0x00, 0x00, 0x00, 0x00, 0x00, 0x00, 0x00, 0x00, 0x00, 0x00, 0x00,
  0x00, 0x00, 0x00, 0x00, 0x00, 0x00, 0x00, 0x00, 0x00, 0x00, 0x00, 0x00, 0x00, 0x00, 0x00, 0x00,
  0x00, 0x00, 0x00, 0x00, 0x00, 0x00, 0x00, 0x00, 0x00, 0x00, 0x00, 0x00, 0x00, 0x00, 0x00, 0x00,
  0x00, 0x00, 0x00, 0x00, 0x00, 0x00, 0x00, 0x00, 0x00, 0x00, 0x00, 0x00, 0x00, 0x00, 0x00, 0x00,
  0x00, 0x00, 0x00, 0x00, 0x00, 0x00, 0x00, 0x00, 0x00, 0x00, 0x00, 0x00, 0x00, 0x00, 0x00, 0x00,
  0x00, 0x00, 0x00, 0x00, 0x00, 0x00, 0x00, 0x00, 0x00, 0x00, 0x00, 0x00, 0x00, 0x00, 0x00, 0x00,
  0x00, 0x00, 0x00, 0x00, 0x00, 0x00, 0x00, 0x00, 0x00, 0x00, 0x00, 0x00, 0x00, 0x00, 0x00, 0x00,
  0x00, 0x00, 0x00, 0x00, 0x00, 0x00, 0x00, 0x00, 0x00, 0x00, 0x00, 0x00, 0x00, 0x00, 0x00, 0x00,
  0x00, 0x00, 0x00, 0x00, 0x00, 0x00, 0x00, 0x00, 0x00, 0x00, 0x00, 0x00, 0x00, 0x00, 0x00, 0x00,
  0x00, 0x00, 0x00, 0x00, 0x00, 0x00, 0x00, 0x00, 0x00, 0x00, 0x00, 0x00, 0x00, 0x00, 0x00, 0x00,
  0x00, 0x00, 0x00, 0x00, 0x00, 0x00, 0x00, 0x00, 0x00, 0x00, 0x00, 0x00, 0x00, 0x00, 0x00, 0x00,
  0x00, 0x00, 0x00, 0x00, 0x00, 0x00, 0x00, 0x00, 0x00, 0x00, 0x00, 0x00, 0x00, 0x00, 0x00, 0x00,
  0x00, 0x00, 0xe0, 0x07, 0xe0, 0x03, 0x00, 0x00, 0x00, 0x00, 0x00, 0x00, 0x00, 0x00, 0x00, 0x00,
  0x00, 0x00, 0x00, 0x00, 0x00, 0x00, 0x00, 0x00, 0x00, 0x00, 0x00, 0x00, 0x00, 0x00, 0x00, 0x00,
  0x00, 0x00, 0x00, 0x00, 0x00, 0x00, 0x00, 0x00, 0x00, 0x00, 0x00, 0x00, 0x00, 0x00, 0x00, 0x00,
  0x00, 0x00, 0x00, 0x00, 0x00, 0x00, 0x00, 0x00, 0xe0, 0x07, 0x00, 0x00, 0xe0, 0x03, 0xe0, 0x3a,
  0xe0, 0x2a, 0xe1, 0x2a, 0x61, 0x1a, 0x40, 0x12, 0x41, 0x1a, 0x22, 0x33, 0x61, 0x22, 0xe0, 0x01,
  0xe0, 0x07, 0x00, 0x00, 0x00, 0x00, 0x00, 0x00, 0xe0, 0x07, 0x00, 0x00, 0x00, 0x00, 0x00, 0x00,
  0x00, 0x00, 0x00, 0x00, 0x00, 0x00, 0x00, 0x00, 0x00, 0x00, 0x00, 0x00, 0xe0, 0x07, 0xa0, 0x52,
  0x00, 0x00, 0xaa, 0x52, 0xa0, 0x52, 0xe0, 0x07, 0x00, 0x00, 0x00, 0x00, 0x00, 0x00, 0x00, 0x00,
  0x00, 0x00, 0x00, 0x00, 0x00, 0x00, 0x00, 0x00, 0x00, 0x00, 0x00, 0x00, 0x00, 0x00, 0x00, 0x00,
  0x00, 0x00, 0x00, 0x00, 0x00, 0x00, 0x00, 0x00, 0x00, 0x00, 0x00, 0x00, 0x00, 0x00, 0x00, 0x00,
  0x00, 0x00, 0x00, 0x00, 0x00, 0x00, 0x00, 0x00, 0x00, 0x00, 0x00, 0x00, 0x00, 0x00, 0x00, 0x00,
  0x00, 0x00, 0x00, 0x00, 0x00, 0x00, 0x00, 0x00, 0x00, 0x00, 0x00, 0x00, 0x00, 0x00, 0x00, 0x00,
  0x00, 0x00, 0x00, 0x00, 0xaa, 0x52, 0xa1, 0x2a, 0x22, 0x22, 0x00, 0x00, 0x00, 0x00, 0x00, 0x00,
  0x00, 0x00, 0x00, 0x00, 0x00, 0x00, 0x00, 0x00, 0x00, 0x00, 0x00, 0x00, 0x00, 0x00, 0x00, 0x00,
  0x00, 0x00, 0x00, 0x00, 0x00, 0x00, 0x00, 0x00, 0x00, 0x00, 0x00, 0x00, 0x00, 0x00, 0x00, 0x00,
  0x00, 0x00, 0x00, 0x00, 0x00, 0x00, 0x00, 0x00, 0x00, 0x00, 0x00, 0x00, 0xa0, 0x02, 0xe0, 0x3b,
  0x00, 0x00, 0x00, 0x00, 0x00, 0x00, 0x00, 0x00, 0x00, 0x00, 0x00, 0x00, 0xe0, 0x7b, 0x00, 0x00,
  0x00, 0x00, 0x00, 0x00, 0x00, 0x00, 0x00, 0x00, 0x00, 0x00, 0x00, 0x00, 0x00, 0x00, 0x00, 0x00,
  0x00, 0x00, 0x00, 0x00, 0x00, 0x00, 0x00, 0x00, 0x00, 0x00, 0x00, 0x00, 0x00, 0x00, 0x00, 0x00,
  0x00, 0x00, 0x00, 0x00, 0x00, 0x00, 0x00, 0x00, 0x00, 0x00, 0x00, 0x00, 0x00, 0x00, 0x00, 0x00,
  0x00, 0x00, 0x00, 0x00, 0x00, 0x00, 0x00, 0x00, 0x00, 0x00, 0x00, 0x00, 0x00, 0x00, 0x00, 0x00,
  0x00, 0x00, 0x00, 0x00, 0x00, 0x00, 0x00, 0x00, 0x00, 0x00, 0x00, 0x00, 0x00, 0x00, 0x00, 0x00,
  0x00, 0x00, 0x00, 0x00, 0x00, 0x00, 0x00, 0x00, 0x00, 0x00, 0x00, 0x00, 0x00, 0x00, 0x00, 0x00,
  0x00, 0x00, 0x00, 0x00, 0x00, 0x00, 0x00, 0x00, 0x00, 0x00, 0x00, 0x00, 0x00, 0x00, 0x00, 0x00,
  0x00, 0x00, 0x00, 0x00, 0x00, 0x00, 0x00, 0x00, 0x00, 0x00, 0x00, 0x00, 0x00, 0x00, 0x00, 0x00,
  0x00, 0x00, 0x00, 0x00, 0x00, 0x00, 0x00, 0x00, 0x00, 0x00, 0x00, 0x00, 0x00, 0x00, 0x00, 0x00,
  0x00, 0x00, 0x00, 0x00, 0x00, 0x00, 0x00, 0x00, 0x00, 0x00, 0x00, 0x00, 0x00, 0x00, 0x00, 0x00,
  0x00, 0x00, 0x00, 0x00, 0x00, 0x00, 0x00, 0x00, 0x00, 0x00, 0x00, 0x00, 0x00, 0x00, 0x00, 0x00,
  0x00, 0x00, 0x00, 0x00, 0x00, 0x00, 0x00, 0x00, 0x00, 0x00, 0x00, 0x00, 0x00, 0x00, 0x00, 0x00,
  0x00, 0x00, 0x00, 0x00, 0x00, 0x00, 0x00, 0x00, 0x00, 0x00, 0x00, 0x00, 0x00, 0x00, 0x00, 0x00,
  0x00, 0x00, 0x00, 0x00, 0x00, 0x00, 0x00, 0x00, 0x00, 0x00, 0x00, 0x00, 0x00, 0x00, 0x00, 0x00,
  0x00, 0x00, 0x00, 0x00, 0x00, 0x00, 0x00, 0x00, 0x00, 0x00, 0x00, 0x00, 0x00, 0x00, 0x00, 0x00,
  0x00, 0x00, 0x00, 0x00, 0x00, 0x00, 0x00, 0x00, 0x00, 0x00, 0x00, 0x00, 0x00, 0x00, 0x00, 0x00,
  0x00, 0x00, 0x00, 0x00, 0x00, 0x00, 0x00, 0x00, 0x00, 0x00, 0x00, 0x00, 0x00, 0x00, 0x00, 0x00,
  0x00, 0x00, 0x00, 0x00, 0x00, 0x00, 0x00, 0x00, 0x00, 0x00, 0x00, 0x00, 0x00, 0x00, 0x00, 0x00,
  0x00, 0x00, 0x00, 0x00, 0x00, 0x00, 0x00, 0x00, 0x00, 0x00, 0x00, 0x00, 0x00, 0x00, 0x00, 0x00,
  0x00, 0x00, 0x00, 0x00, 0x00, 0x00, 0x00, 0x00, 0x00, 0x00, 0x00, 0x00, 0xe0, 0x07, 0xe0, 0x39,
  0x23, 0x1b, 0xe2, 0x2a, 0xa3, 0x3a, 0x81, 0x1a, 0x40, 0x12, 0x00, 0x12, 0x61, 0x1a, 0xa1, 0x22,
  0xa2, 0x32, 0xe0, 0x03, 0x00, 0x00, 0x00, 0x00, 0x00, 0x00, 0x00, 0x00, 0x00, 0x00, 0x00, 0x00,
  0x00, 0x00, 0x00, 0x00, 0xe0, 0x03, 0xe0, 0x07, 0xe0, 0x07, 0x00, 0x00, 0x00, 0x00, 0x00, 0x00,
  0x00, 0x00, 0x00, 0x00, 0x00, 0x00, 0xa0, 0x02, 0xe0, 0x01, 0x00, 0x00, 0x00, 0x00, 0x00, 0x00,
  0x00, 0x00, 0x00, 0x00, 0x00, 0x00, 0x00, 0x00, 0x00, 0x00, 0x00, 0x00, 0x00, 0x00, 0x00, 0x00,
  0x00, 0x00, 0x00, 0x00, 0x00, 0x00, 0x00, 0x00, 0x00, 0x00, 0x00, 0x00, 0x00, 0x00, 0x00, 0x00,
  0x00, 0x00, 0x00, 0x00, 0x00, 0x00, 0x00, 0x00, 0x00, 0x00, 0x00, 0x00, 0x00, 0x00, 0x00, 0x00,
  0x00, 0x00, 0x00, 0x00, 0x00, 0x00, 0x00, 0x00, 0x00, 0x00, 0x00, 0x00, 0x00, 0x00, 0x00, 0x00,
  0x00, 0x00, 0x00, 0x00, 0x00, 0x00, 0x00, 0x00, 0x01, 0x23, 0xc2, 0x2a, 0xa3, 0x1a, 0x00, 0x00,
  0x00, 0x00, 0x00, 0x00, 0x00, 0x00, 0x00, 0x00, 0x00, 0x00, 0x00, 0x00, 0x00, 0x00, 0x00, 0x00,
  0x00, 0x00, 0x00, 0x00, 0x00, 0x00, 0x00, 0x00, 0x00, 0x00, 0x00, 0x00, 0x00, 0x00, 0x00, 0x00,
  0x00, 0x00, 0x00, 0x00, 0x00, 0x00, 0x00, 0x00, 0x00, 0x00, 0x00, 0x00, 0x00, 0x00, 0x40, 0x05,
  0x00, 0x00, 0x00, 0x00, 0xa0, 0x02, 0x00, 0x00, 0x00, 0x00, 0x00, 0x00, 0x00, 0x00, 0x00, 0x00,
  0x00, 0x00, 0x00, 0x00, 0x00, 0x00, 0x00, 0x00, 0x00, 0x00, 0x00, 0x00, 0x00, 0x00, 0x00, 0x00,
  0x00, 0x00, 0x00, 0x00, 0x00, 0x00, 0x00, 0x00, 0x00, 0x00, 0x00, 0x00, 0x00, 0x00, 0x00, 0x00,
  0x00, 0x00, 0x00, 0x00, 0x00, 0x00, 0x00, 0x00, 0x00, 0x00, 0x00, 0x00, 0x00, 0x00, 0x00, 0x00,
  0x00, 0x00, 0x00, 0x00, 0x00, 0x00, 0x00, 0x00, 0x00, 0x00, 0x00, 0x00, 0x00, 0x00, 0x00, 0x00,
  0x00, 0x00, 0x00, 0x00, 0x00, 0x00, 0x00, 0x00, 0x00, 0x00, 0x00, 0x00, 0x00, 0x00, 0x00, 0x00,
  0x00, 0x00, 0x00, 0x00, 0x00, 0x00, 0x00, 0x00, 0x00, 0x00, 0x00, 0x00, 0x00, 0x00, 0x00, 0x00,
  0x00, 0x00, 0x00, 0x00, 0x00, 0x00, 0x00, 0x00, 0x00, 0x00, 0x00, 0x00, 0x00, 0x00, 0x00, 0x00,
  0x00, 0x00, 0x00, 0x00, 0x00, 0x00, 0x00, 0x00, 0x00, 0x00, 0x00, 0x00, 0x00, 0x00, 0x00, 0x00,
  0x00, 0x00, 0x00, 0x00, 0x00, 0x00, 0x00, 0x00, 0x00, 0x00, 0x00, 0x00, 0x00, 0x00, 0x00, 0x00,
  0x00, 0x00, 0x00, 0x00, 0x00, 0x00, 0x00, 0x00, 0x00, 0x00, 0x00, 0x00, 0x00, 0x00, 0x00, 0x00,
  0x00, 0x00, 0x00, 0x00, 0x00, 0x00, 0x00, 0x00, 0x00, 0x00, 0x00, 0x00, 0x00, 0x00, 0x00, 0x00,
  0x00, 0x00, 0x00, 0x00, 0x00, 0x00, 0x00, 0x00, 0x00, 0x00, 0x00, 0x00, 0x00, 0x00, 0x00, 0x00,
  0x00, 0x00, 0x00, 0x00, 0x00, 0x00, 0x00, 0x00, 0x00, 0x00, 0x00, 0x00, 0x00, 0x00, 0x00, 0x00,
  0x00, 0x00, 0x00, 0x00, 0x00, 0x00, 0x00, 0x00, 0x00, 0x00, 0x00, 0x00, 0x00, 0x00, 0xa0, 0x52,
  0x00, 0x00, 0x00, 0x00, 0x00, 0x00, 0x00, 0x00, 0x00, 0x00, 0x00, 0x00, 0x00, 0x00, 0x00, 0x00,
  0x00, 0x00, 0x00, 0x00, 0x00, 0x00, 0x00, 0x00, 0x00, 0x00, 0x00, 0x00, 0x00, 0x00, 0x00, 0x00,
  0x00, 0x00, 0x00, 0x00, 0x00, 0x00, 0x00, 0x00, 0x00, 0x00, 0xa3, 0x3a, 0xc2, 0x2a, 0xe7, 0x3b,
  0x00, 0x00, 0x00, 0x00, 0x00, 0x00, 0x00, 0x00, 0x00, 0x00, 0x00, 0x00, 0x00, 0x00, 0x00, 0x00,
  0x00, 0x00, 0x00, 0x00, 0x00, 0x00, 0x00, 0x00, 0x00, 0x00, 0x00, 0x00, 0x00, 0x00, 0x00, 0x00,
  0x00, 0x00, 0x00, 0x00, 0x00, 0x00, 0x00, 0x00, 0x00, 0x00, 0x00, 0x00, 0xe0, 0x7b, 0x00, 0x00,
  0x00, 0x00, 0xe0, 0x1a, 0xa1, 0x2a, 0xc2, 0x2a, 0x81, 0x22, 0x80, 0x1a, 0x20, 0x12, 0x01, 0x12,
  0xe2, 0x22, 0xa1, 0x22, 0x23, 0x33, 0xe7, 0x39, 0xe0, 0x39, 0xa0, 0x52, 0x00, 0x00, 0x00, 0x00,
  0x00, 0x00, 0x00, 0x00, 0x00, 0x00, 0x00, 0x00, 0xe0, 0x03, 0x00, 0x00, 0x00, 0x00, 0x00, 0x00,
  0x00, 0x00, 0x00, 0x00, 0x00, 0x00, 0x00, 0x00, 0xe0, 0x3b, 0x00, 0x00, 0x00, 0x00, 0xe0, 0x07,
  0x00, 0x00, 0xe0, 0x03, 0x00, 0x00, 0x00, 0x00, 0x00, 0x00, 0x00, 0x00, 0x00, 0x00, 0x00, 0x00,
  0x00, 0x00, 0x00, 0x00, 0x00, 0x00, 0x00, 0x00, 0x00, 0x00, 0x00, 0x00, 0x00, 0x00, 0x00, 0x00,
  0x00, 0x00, 0x00, 0x00, 0x00, 0x00, 0x00, 0x00, 0x00, 0x00, 0x00, 0x00, 0x00, 0x00, 0x00, 0x00,
  0x00, 0x00, 0x00, 0x00, 0x00, 0x00, 0x00, 0x00, 0x00, 0x00, 0x00, 0x00, 0x00, 0x00, 0x00, 0x00,
  0x00, 0x00, 0x00, 0x00, 0x00, 0x00, 0x00, 0x00, 0x00, 0x00, 0x00, 0x00, 0xa0, 0x52, 0xaa, 0x02,
  0x00, 0x00, 0x00, 0x00, 0x00, 0x00, 0x00, 0x00, 0x00, 0x00, 0x00, 0x00, 0x00, 0x00, 0x00, 0x00,
  0x00, 0x00, 0x00, 0x00, 0x00, 0x00, 0x00, 0x00, 0x00, 0x00, 0x00, 0x00, 0x00, 0x00, 0x00, 0x00,
  0x00, 0x00, 0x00, 0x00, 0x00, 0x00, 0x00, 0x00, 0x00, 0x00, 0x00, 0x00, 0x00, 0x00, 0xe0, 0x03,
  0xe0, 0x07, 0xe1, 0x19, 0x02, 0x3c, 0xc3, 0x33, 0x41, 0x1a, 0xa5, 0x2a, 0xa0, 0x2a, 0x00, 0x00,
  0xa2, 0x22, 0x01, 0x23, 0x00, 0x00, 0x00, 0x00, 0x00, 0x00, 0x00, 0x00, 0x00, 0x00, 0x00, 0x00,
  0x00, 0x00, 0x00, 0x00, 0x00, 0x00, 0x00, 0x00, 0x00, 0x00, 0x00, 0x00, 0x00, 0x00, 0x00, 0x00,
  0x00, 0x00, 0x00, 0x00, 0x00, 0x00, 0x00, 0x00, 0x00, 0x00, 0xe0, 0x07, 0x00, 0x00, 0x00, 0x00,
  0x00, 0x00, 0x00, 0x00, 0x00, 0x00, 0x00, 0x00, 0x00, 0x00, 0x00, 0x00, 0x00, 0x00, 0x00, 0x00,
  0x00, 0x00, 0x00, 0x00, 0x00, 0x00, 0x00, 0x00, 0x00, 0x00, 0x00, 0x00, 0x00, 0x00, 0x00, 0x00,
  0x00, 0x00, 0x00, 0x00, 0x00, 0x00, 0x00, 0x00, 0x00, 0x00, 0x00, 0x00, 0x00, 0x00, 0x00, 0x00,
  0x00, 0x00, 0x00, 0x00, 0x00, 0x00, 0x00, 0x00, 0x00, 0x00, 0x00, 0x00, 0x00, 0x00, 0x00, 0x00,
  0x00, 0x00, 0x00, 0x00, 0x00, 0x00, 0x00, 0x00, 0x00, 0x00, 0x00, 0x00, 0x00, 0x00, 0x00, 0x00,
  0x00, 0x00, 0x00, 0x00, 0x00, 0x00, 0x00, 0x00, 0x00, 0x00, 0x00, 0x00, 0x00, 0x00, 0x00, 0x00,
  0x00, 0x00, 0x00, 0x00, 0x00, 0x00, 0x00, 0x00, 0x00, 0x00, 0x00, 0x00, 0x00, 0x00, 0x00, 0x00,
  0x00, 0x00, 0x00, 0x00, 0x00, 0x00, 0x00, 0x00, 0x00, 0x00, 0x00, 0x00, 0x00, 0x00, 0x00, 0x00,
  0x00, 0x00, 0x00, 0x00, 0x00, 0x00, 0x00, 0x00, 0x00, 0x00, 0x00, 0x00, 0x00, 0x00, 0x00, 0x00,
  0x00, 0x00, 0x00, 0x00, 0x00, 0x00, 0x00, 0x00, 0x00, 0x00, 0x00, 0x00, 0x00, 0x00, 0x00, 0x00,
  0x00, 0x00, 0x00, 0x00, 0x00, 0x00, 0x00, 0x00, 0x00, 0x00, 0x00, 0x00, 0x00, 0x00, 0x00, 0x00,
  0x00, 0x00, 0x20, 0x33, 0x20, 0x2a, 0x00, 0x00, 0x00, 0x00, 0x00, 0x00, 0x00, 0x00, 0x00, 0x00,
  0x00, 0x00, 0x00, 0x00, 0x00, 0x00, 0x00, 0x00, 0x00, 0x00, 0x00, 0x00, 0x00, 0x00, 0x00, 0x00,
  0x00, 0x00, 0x00, 0x00, 0x00, 0x00, 0x00, 0x00, 0x00, 0x00, 0x00, 0x00, 0x00, 0x00, 0x20, 0x33,
  0xe1, 0x2a, 0xaa, 0x52, 0x00, 0x00, 0xe0, 0x03, 0xe0, 0x03, 0x00, 0x00, 0x00, 0x00, 0x00, 0x00,
  0x00, 0x00, 0x00, 0x00, 0x00, 0x00, 0x00, 0x00, 0x00, 0x00, 0x00, 0x00, 0x00, 0x00, 0x00, 0x00,
  0x00, 0x00, 0x00, 0x00, 0x00, 0x00, 0x00, 0x00, 0x00, 0x00, 0x00, 0x00, 0x00, 0x00, 0xa0, 0x02,
  0xa0, 0x52, 0x00, 0x00, 0x00, 0x00, 0xc2, 0x22, 0xa1, 0x22, 0x02, 0x33, 0x61, 0x1a, 0x60, 0x12,
  0x20, 0x12, 0xa2, 0x22, 0x81, 0x2a, 0xc1, 0x2a, 0xa0, 0x2a, 0xa0, 0x2a, 0xa3, 0x3a, 0x00, 0x00,
  0x00, 0x00, 0x00, 0x00, 0x00, 0x00, 0x00, 0x00, 0x00, 0x00, 0x00, 0x00, 0x00, 0x00, 0x00, 0x00,
  0x00, 0x00, 0x00, 0x00, 0x00, 0x00, 0x00, 0x00, 0x00, 0x00, 0xe0, 0x07, 0x00, 0x00, 0x81, 0x2a,
  0x62, 0x22, 0xe0, 0x07, 0x00, 0x00, 0x00, 0x00, 0x00, 0x00, 0x00, 0x00, 0x00, 0x00, 0x00, 0x00,
  0x00, 0x00, 0x00, 0x00, 0x00, 0x00, 0x00, 0x00, 0x00, 0x00, 0x00, 0x00, 0x00, 0x00, 0x00, 0x00,
  0x00, 0x00, 0x00, 0x00, 0x00, 0x00, 0x00, 0x00, 0x00, 0x00, 0x00, 0x00, 0x00, 0x00, 0x00, 0x00,
  0x00, 0x00, 0x00, 0x00, 0x00, 0x00, 0x00, 0x00, 0x00, 0x00, 0x00, 0x00, 0x00, 0x00, 0x00, 0x00,
  0x00, 0x00, 0x00, 0x00, 0x00, 0x00, 0x00, 0x00, 0x00, 0x00, 0x00, 0x00, 0x00, 0x00, 0x00, 0x00,
  0x00, 0x00, 0x00, 0x00, 0x00, 0x00, 0x00, 0x00, 0x00, 0x00, 0xe0, 0x07, 0x00, 0x00, 0x00, 0x00,
  0x00, 0x00, 0x00, 0x00, 0x00, 0x00, 0x00, 0x00, 0x00, 0x00, 0x00, 0x00, 0x00, 0x00, 0x00, 0x00,
  0x00, 0x00, 0x00, 0x00, 0x00, 0x00, 0x00, 0x00, 0x00, 0x00, 0x00, 0x00, 0x00, 0x00, 0x00, 0x00,
  0x00, 0x00, 0xe0, 0x03, 0xe5, 0x53, 0xa1, 0x11, 0xc2, 0x3b, 0x23, 0x44, 0xa1, 0x22, 0x22, 0x33,
  0x26, 0x33, 0x00, 0x00, 0xa1, 0x22, 0x01, 0x2b, 0x00, 0x00, 0x00, 0x00, 0x00, 0x00, 0x00, 0x00,
  0x00, 0x00, 0x00, 0x00, 0x00, 0x00, 0x00, 0x00, 0x00, 0x00, 0x00, 0x00, 0x00, 0x00, 0x00, 0x00,
  0x00, 0x00, 0x00, 0x00, 0x00, 0x00, 0x00, 0x00, 0x00, 0x00, 0x00, 0x00, 0xaa, 0x52, 0xa0, 0x02,
  0x00, 0x00, 0x00, 0x00, 0x00, 0x00, 0x00, 0x00, 0x00, 0x00, 0x00, 0x00, 0x00, 0x00, 0x00, 0x00,
  0x00, 0x00, 0x00, 0x00, 0x00, 0x00, 0x00, 0x00, 0x00, 0x00, 0x00, 0x00, 0x00, 0x00, 0x00, 0x00,
  0x00, 0x00, 0x00, 0x00, 0x00, 0x00, 0x00, 0x00, 0x00, 0x00, 0x00, 0x00, 0x00, 0x00, 0x00, 0x00,
  0x00, 0x00, 0x00, 0x00, 0x00, 0x00, 0x00, 0x00, 0x00, 0x00, 0x00, 0x00, 0x00, 0x00, 0x00, 0x00,
  0x00, 0x00, 0x00, 0x00, 0x00, 0x00, 0x00, 0x00, 0x00, 0x00, 0x00, 0x00, 0x00, 0x00, 0x00, 0x00,
  0x00, 0x00, 0x00, 0x00, 0x00, 0x00, 0x00, 0x00, 0x00, 0x00, 0x00, 0x00, 0x00, 0x00, 0x00, 0x00,
  0x00, 0x00, 0x00, 0x00, 0x00, 0x00, 0x00, 0x00, 0x00, 0x00, 0x00, 0x00, 0x00, 0x00, 0x00, 0x00,
  0x00, 0x00, 0x00, 0x00, 0x00, 0x00, 0x00, 0x00, 0x00, 0x00, 0x00, 0x00, 0x00, 0x00, 0x00, 0x00,
  0x00, 0x00, 0x00, 0x00, 0x00, 0x00, 0x00, 0x00, 0x00, 0x00, 0x00, 0x00, 0x00, 0x00, 0x00, 0x00,
  0x00, 0x00, 0x00, 0x00, 0x00, 0x00, 0x00, 0x00, 0x00, 0x00, 0x00, 0x00, 0x00, 0x00, 0x00, 0x00,
  0x00, 0x00, 0x00, 0x00, 0x00, 0x00, 0x00, 0x00, 0x00, 0x00, 0x00, 0x00, 0x00, 0x00, 0x00, 0x00,
  0x00, 0x00, 0x00, 0x00, 0x00, 0x00, 0x00, 0x00, 0xe0, 0x19, 0x41, 0x22, 0xe0, 0x19, 0x00, 0x00,
  0x00, 0x00, 0xe0, 0x03, 0xe0, 0x07, 0x00, 0x00, 0x00, 0x00, 0x00, 0x00, 0x00, 0x00, 0x00, 0x00,
  0x00, 0x00, 0x00, 0x00, 0x00, 0x00, 0x00, 0x00, 0x00, 0x00, 0x00, 0x00, 0x00, 0x00, 0x00, 0x00,
  0x00, 0x00, 0x00, 0x00, 0x00, 0x00, 0x00, 0x00, 0x00, 0x00, 0x00, 0x00, 0x00, 0x00, 0x00, 0x00,
  0x00, 0x00, 0x00, 0x00, 0x00, 0x00, 0x00, 0x00, 0x00, 0x00, 0x00, 0x00, 0x00, 0x00, 0x00, 0x00,
  0x00, 0x00, 0x00, 0x00, 0x00, 0x00, 0x00, 0x00, 0x00, 0x00, 0x00, 0x00, 0x00, 0x00, 0x00, 0x00,
  0x00, 0x00, 0x00, 0x00, 0x00, 0x00, 0xe0, 0x7b, 0xe0, 0x7b, 0x02, 0x2b, 0xe2, 0x22, 0x82, 0x22,
  0x40, 0x1a, 0x20, 0x12, 0x61, 0x1a, 0x02, 0x2b, 0xa2, 0x2a, 0xe1, 0x2a, 0xa5, 0x2a, 0xe0, 0x01,
  0xe0, 0x03, 0x00, 0x00, 0x00, 0x00, 0x00, 0x00, 0x00, 0x00, 0xe0, 0x03, 0x00, 0x00, 0x00, 0x00,
  0x00, 0x00, 0x00, 0x00, 0x00, 0x00, 0x00, 0x00, 0x00, 0x00, 0x00, 0x00, 0x00, 0x00, 0x00, 0x00,
  0x00, 0x00, 0x41, 0x22, 0x42, 0x22, 0x00, 0x00, 0x00, 0x00, 0x00, 0x00, 0x00, 0x00, 0x00, 0x00,
  0x00, 0x00, 0x00, 0x00, 0x00, 0x00, 0x00, 0x00, 0x00, 0x00, 0x00, 0x00, 0x00, 0x00, 0x00, 0x00,
  0x00, 0x00, 0x00, 0x00, 0x00, 0x00, 0x00, 0x00, 0x00, 0x00, 0x00, 0x00, 0x00, 0x00, 0x00, 0x00,
  0x00, 0x00, 0x00, 0x00, 0x00, 0x00, 0x00, 0x00, 0x00, 0x00, 0x00, 0x00, 0x00, 0x00, 0x00, 0x00,
  0x00, 0x00, 0x00, 0x00, 0x00, 0x00, 0x00, 0x00, 0x00, 0x00, 0x00, 0x00, 0x00, 0x00, 0x00, 0x00,
  0x00, 0x00, 0x00, 0x00, 0x00, 0x00, 0x00, 0x00, 0x00, 0x00, 0x00, 0x00, 0x00, 0x00, 0x00, 0x00,
  0x00, 0x00, 0x00, 0x00, 0x00, 0x00, 0x00, 0x00, 0x00, 0x00, 0x00, 0x00, 0x00, 0x00, 0x00, 0x00,
  0x00, 0x00, 0x00, 0x00, 0x00, 0x00, 0x00, 0x00, 0x00, 0x00, 0x00, 0x00, 0x00, 0x00, 0x00, 0x00,
  0x00, 0x00, 0x00, 0x00, 0x00, 0x00, 0x00, 0x00, 0xe0, 0x39, 0x26, 0x33, 0x82, 0x2a, 0xa1, 0x2a,
  0x62, 0x22, 0xe1, 0x2a, 0x20, 0x33, 0xe0, 0x03, 0x00, 0x00, 0x00, 0x00, 0x00, 0x00, 0x00, 0x00,
  0x00, 0x00, 0x00, 0x00, 0x00, 0x00, 0x00, 0x00, 0x00, 0x00, 0x00, 0x00, 0x00, 0x00, 0x00, 0x00,
  0x00, 0x00, 0x00, 0x00, 0x00, 0x00, 0x00, 0x00, 0x00, 0x00, 0x00, 0x00, 0x00, 0x00, 0x00, 0x00,
  0x00, 0x00, 0x00, 0x00, 0x00, 0x00, 0x00, 0x00, 0x00, 0x00, 0x00, 0x00, 0x00, 0x00, 0x00, 0x00,
  0x00, 0x00, 0x00, 0x00, 0x00, 0x00, 0x00, 0x00, 0x00, 0x00, 0x00, 0x00, 0x00, 0x00, 0x00, 0x00,
  0x00, 0x00, 0x00, 0x00, 0x00, 0x00, 0x00, 0x00, 0x00, 0x00, 0x00, 0x00, 0x00, 0x00, 0x00, 0x00,
  0x00, 0x00, 0x00, 0x00, 0x00, 0x00, 0x00, 0x00, 0x00, 0x00, 0x00, 0x00, 0x00, 0x00, 0x00, 0x00,
  0x00, 0x00, 0x00, 0x00, 0x00, 0x00, 0x00, 0x00, 0x00, 0x00, 0x00, 0x00, 0x00, 0x00, 0x00, 0x00,
  0x00, 0x00, 0x00, 0x00, 0x00, 0x00, 0x00, 0x00, 0x00, 0x00, 0x00, 0x00, 0x00, 0x00, 0x00, 0x00,
  0x00, 0x00, 0x00, 0x00, 0x00, 0x00, 0x00, 0x00, 0x00, 0x00, 0x00, 0x00, 0x00, 0x00, 0x00, 0x00,
  0x00, 0x00, 0x00, 0x00, 0x00, 0x00, 0x00, 0x00, 0x00, 0x00, 0x00, 0x00, 0x00, 0x00, 0x00, 0x00,
  0x00, 0x00, 0x00, 0x00, 0x00, 0x00, 0x00, 0x00, 0x00, 0x00, 0x00, 0x00, 0x00, 0x00, 0x00, 0x00,
  0x00, 0x00, 0x00, 0x00, 0x00, 0x00, 0x00, 0x00, 0x00, 0x00, 0x00, 0x00, 0x00, 0x00, 0x00, 0x00,
  0x00, 0x00, 0x00, 0x00, 0x00, 0x00, 0x00, 0x00, 0x00, 0x00, 0x00, 0x00, 0x00, 0x00, 0x00, 0x00,
  0x00, 0x00, 0x00, 0x00, 0x00, 0x00, 0x00, 0x00, 0x00, 0x00, 0x00, 0x00, 0x00, 0x00, 0xe1, 0x19,
  0x21, 0x22, 0xa2, 0x2a, 0x20, 0x03, 0x00, 0x00, 0xe0, 0x39, 0xa0, 0x02, 0x00, 0x00, 0xe0, 0x03,
  0x00, 0x00, 0x00, 0x00, 0x00, 0x00, 0x00, 0x00, 0x00, 0x00, 0x00, 0x00, 0x00, 0x00, 0x00, 0x00,
  0x00, 0x00, 0x00, 0x00, 0x00, 0x00, 0x00, 0x00, 0x00, 0x00, 0x00, 0x00, 0xe0, 0x03, 0xc1, 0x2a,
  0xc1, 0x22, 0x00, 0x00, 0x00, 0x00, 0x00, 0x00, 0x00, 0x00, 0x00, 0x00, 0x00, 0x00, 0x00, 0x00,
  0x00, 0x00, 0x00, 0x00, 0x00, 0x00, 0x00, 0x00, 0x00, 0x00, 0x00, 0x00, 0x00, 0x00, 0x00, 0x00,
  0x00, 0x00, 0x00, 0x00, 0x00, 0x00, 0xe3, 0x1a, 0x22, 0x33, 0xe0, 0x03, 0x62, 0x33, 0x02, 0x2b,
  0xe2, 0x22, 0x81, 0x1a, 0x80, 0x12, 0x40, 0x12, 0xe2, 0x2a, 0xe2, 0x22, 0xc1, 0x22, 0xa2, 0x2a,
  0xa0, 0x1a, 0xe0, 0x03, 0x00, 0x00, 0x00, 0x00, 0x00, 0x00, 0x00, 0x00, 0xe0, 0x07, 0x00, 0x00,
  0x00, 0x00, 0x00, 0x00, 0x00, 0x00, 0x00, 0x00, 0x00, 0x00, 0x00, 0x00, 0x00, 0x00, 0x00, 0x00,
  0x00, 0x00, 0xe0, 0x07, 0x00, 0x00, 0x00, 0x00, 0x00, 0x00, 0xe0, 0x03, 0x00, 0x00, 0x00, 0x00,
  0x00, 0x00, 0x00, 0x00, 0x00, 0x00, 0x00, 0x00, 0x26, 0x33, 0xe0, 0x07, 0x00, 0x00, 0x00, 0x00,
  0x00, 0x00, 0x00, 0x00, 0x00, 0x00, 0x00, 0x00, 0x00, 0x00, 0x00, 0x00, 0x00, 0x00, 0x00, 0x00,
  0x00, 0x00, 0x00, 0x00, 0x00, 0x00, 0x00, 0x00, 0x00, 0x00, 0x00, 0x00, 0x00, 0x00, 0x00, 0x00,
  0x00, 0x00, 0x00, 0x00, 0xa0, 0x02, 0xe0, 0x03, 0x63, 0x32, 0xe0, 0x2a, 0xa0, 0x02, 0x00, 0x00,
  0x00, 0x00, 0x00, 0x00, 0x00, 0x00, 0x00, 0x00, 0x00, 0x00, 0x00, 0x00, 0x00, 0x00, 0x00, 0x00,
  0x00, 0x00, 0x00, 0x00, 0x00, 0x00, 0x00, 0x00, 0x00, 0x00, 0x00, 0x00, 0x00, 0x00, 0x00, 0x00,
  0x00, 0x00, 0x00, 0x00, 0x00, 0x00, 0x00, 0x00, 0x00, 0x00, 0x00, 0x00, 0x00, 0x00, 0x00, 0x00,
  0x00, 0x00, 0x00, 0x00, 0x00, 0x00, 0x00, 0x00, 0x00, 0x00, 0x00, 0x00, 0x00, 0x00, 0xe3, 0x1a,
  0xe5, 0x2b, 0xa4, 0x33, 0x22, 0x2b, 0x01, 0x2b, 0x64, 0x23, 0xe0, 0x1a, 0xe0, 0x03, 0x00, 0x00,
  0x00, 0x00, 0x00, 0x00, 0x00, 0x00, 0x00, 0x00, 0xe0, 0x03, 0x00, 0xf8, 0xa0, 0x02, 0xaa, 0x52,
  0x00, 0x00, 0x00, 0x00, 0x00, 0x00, 0x00, 0x00, 0x00, 0x00, 0x00, 0x00, 0x00, 0x00, 0x00, 0x00,
  0x00, 0x00, 0x00, 0x00, 0x00, 0x00, 0x00, 0x00, 0x00, 0x00, 0x00, 0x00, 0x00, 0x00, 0x00, 0x00,
  0x00, 0x00, 0x00, 0x00, 0x00, 0x00, 0x00, 0x00, 0x00, 0x00, 0x00, 0x00, 0x00, 0x00, 0x00, 0x00,
  0x00, 0x00, 0x00, 0x00, 0x00, 0x00, 0x00, 0x00, 0x00, 0x00, 0x00, 0x00, 0x00, 0x00, 0x00, 0x00,
  0x00, 0x00, 0x00, 0x00, 0x00, 0x00, 0x00, 0x00, 0x00, 0x00, 0x00, 0x00, 0x00, 0x00, 0x00, 0x00,
  0x00, 0x00, 0x00, 0x00, 0x00, 0x00, 0x00, 0x00, 0x00, 0x00, 0x00, 0x00, 0x00, 0x00, 0x00, 0x00,
  0x00, 0x00, 0x00, 0x00, 0x00, 0x00, 0x00, 0x00, 0x00, 0x00, 0x00, 0x00, 0x00, 0x00, 0x00, 0x00,
  0x00, 0x00, 0x00, 0x00, 0x00, 0x00, 0x00, 0x00, 0x00, 0x00, 0x00, 0x00, 0x00, 0x00, 0x00, 0x00,
  0x00, 0x00, 0x00, 0x00, 0x00, 0x00, 0x00, 0x00, 0x00, 0x00, 0x00, 0x00, 0x00, 0x00, 0x00, 0x00,
  0x00, 0x00, 0x00, 0x00, 0x00, 0x00, 0x00, 0x00, 0x00, 0x00, 0x00, 0x00, 0x00, 0x00, 0x00, 0x00,
  0x00, 0x00, 0x00, 0x00, 0x00, 0x00, 0x00, 0x00, 0x00, 0x00, 0x00, 0x00, 0x00, 0x00, 0x00, 0x00,
  0x00, 0x00, 0x00, 0x00, 0x00, 0x00, 0x00, 0x00, 0x00, 0x00, 0x00, 0x00, 0x00, 0x00, 0x00, 0x00,
  0x00, 0x00, 0x00, 0x00, 0x00, 0x00, 0x00, 0x00, 0x00, 0x00, 0x00, 0x00, 0x00, 0x00, 0x00, 0x00,
  0x00, 0x00, 0x00, 0x00, 0x60, 0x32, 0x21, 0x1a, 0x61, 0x22, 0x62, 0x12, 0x21, 0x2a, 0x81, 0x2a,
  0xc0, 0x22, 0xe0, 0x03, 0x00, 0x78, 0x00, 0x00, 0x00, 0x00, 0x00, 0x00, 0x00, 0x00, 0x00, 0x00,
  0x00, 0x00, 0x00, 0x00, 0x00, 0x00, 0x00, 0x00, 0x00, 0x00, 0x00, 0x00, 0x00, 0x00, 0x00, 0x00,
  0xe0, 0x03, 0xe1, 0x22, 0x01, 0x2b, 0x01, 0x2b, 0xe0, 0x03, 0x00, 0x00, 0x00, 0x00, 0x00, 0x00,
  0x00, 0x00, 0x00, 0x00, 0x00, 0x00, 0x00, 0x00, 0x00, 0x00, 0x00, 0x00, 0x00, 0x00, 0x00, 0x00,
  0x00, 0x00, 0x00, 0x00, 0x00, 0x00, 0x00, 0x00, 0x64, 0x4b, 0x02, 0x2b, 0x41, 0x2b, 0xa2, 0x23,
  0x01, 0x23, 0x01, 0x23, 0x81, 0x1a, 0x20, 0x1b, 0x01, 0x13, 0x61, 0x1a, 0xa1, 0x22, 0xa1, 0x22,
  0x02, 0x23, 0xa1, 0x22, 0xa1, 0x2a, 0xe0, 0x1a, 0xe0, 0x03, 0x44, 0x22, 0xa5, 0x2a, 0xe0, 0x3b,
  0xa0, 0x2a, 0xe0, 0x03, 0x00, 0x00, 0x00, 0x00, 0x00, 0x00, 0x00, 0x00, 0xe0, 0x39, 0x00, 0x00,
  0x00, 0x00, 0x00, 0x00, 0x00, 0x00, 0x00, 0x00, 0x00, 0x00, 0xe0, 0x03, 0xa0, 0x52, 0xe0, 0x03,
  0x00, 0x00, 0x21, 0x2a, 0xa3, 0x1a, 0x00, 0x00, 0xe0, 0x03, 0x00, 0x00, 0x00, 0x00, 0x00, 0x00,
  0x00, 0x00, 0x00, 0x00, 0x00, 0x00, 0x00, 0x00, 0x00, 0x00, 0x00, 0x00, 0x00, 0x00, 0x00, 0x00,
  0x00, 0x00, 0x00, 0x00, 0x00, 0x00, 0x00, 0x00, 0x00, 0x00, 0x00, 0x00, 0x00, 0x00, 0x00, 0x00,
  0x00, 0x00, 0x00, 0x00, 0x00, 0x00, 0x00, 0x00, 0x22, 0x12, 0x61, 0x22, 0x61, 0x22, 0xe2, 0x2a,
  0x41, 0x2b, 0xa5, 0x2a, 0xe0, 0x07, 0x00, 0x00, 0x00, 0x00, 0x00, 0x00, 0x00, 0x00, 0x00, 0x00,
  0x00, 0x00, 0x00, 0x00, 0x00, 0x00, 0x00, 0x00, 0x00, 0x00, 0x00, 0x00, 0x00, 0x00, 0x00, 0x00,
  0x00, 0x00, 0x00, 0x00, 0x00, 0x00, 0x00, 0x00, 0x00, 0x00, 0x00, 0x00, 0x00, 0x00, 0xe0, 0x07,
  0x00, 0x00, 0x00, 0x00, 0x00, 0x00, 0x00, 0x00, 0x00, 0x00, 0x00, 0x00, 0x00, 0x00, 0x00, 0x00,
  0x00, 0x00, 0xa0, 0x2a, 0x20, 0x33, 0x21, 0x33, 0xe2, 0x2a, 0x41, 0x2b, 0x00, 0x00, 0xe0, 0x03,
  0x00, 0x00, 0x00, 0x00, 0x00, 0x00, 0x00, 0x00, 0x00, 0x00, 0x00, 0x00, 0xe0, 0x03, 0x00, 0x00,
  0x00, 0x00, 0x00, 0x00, 0x00, 0x00, 0x00, 0x00, 0x00, 0x00, 0x00, 0x00, 0x00, 0x00, 0x00, 0x00,
  0x00, 0x00, 0x00, 0x00, 0x00, 0x00, 0x00, 0x00, 0x00, 0x00, 0x00, 0x00, 0x00, 0x00, 0x00, 0x00,
  0x00, 0x00, 0x00, 0x00, 0x00, 0x00, 0x00, 0x00, 0x00, 0x00, 0x00, 0x00, 0x00, 0x00, 0x00, 0x00,
  0x00, 0x00, 0x00, 0x00, 0x00, 0x00, 0x00, 0x00, 0x00, 0x00, 0x00, 0x00, 0x00, 0x00, 0x00, 0x00,
  0x00, 0x00, 0x00, 0x00, 0x00, 0x00, 0x00, 0x00, 0x00, 0x00, 0x00, 0x00, 0x00, 0x00, 0x00, 0x00,
  0x00, 0x00, 0x00, 0x00, 0x00, 0x00, 0x00, 0x00, 0x00, 0x00, 0x00, 0x00, 0x00, 0x00, 0x00, 0x00,
  0x00, 0x00, 0x00, 0x00, 0x00, 0x00, 0x00, 0x00, 0x00, 0x00, 0x00, 0x00, 0x00, 0x00, 0x00, 0x00,
  0x00, 0x00, 0x00, 0x00, 0x00, 0x00, 0x00, 0x00, 0x00, 0x00, 0x00, 0x00, 0x00, 0x00, 0x00, 0x00,
  0x00, 0x00, 0x00, 0x00, 0x00, 0x00, 0x00, 0x00, 0x00, 0x00, 0x00, 0x00, 0x00, 0x00, 0x00, 0x00,
  0x00, 0x00, 0x00, 0x00, 0x00, 0x00, 0x00, 0x00, 0x00, 0x00, 0x00, 0x00, 0x00, 0x00, 0x00, 0x00,
  0x00, 0x00, 0x00, 0x00, 0x00, 0x00, 0x00, 0x00, 0x00, 0x00, 0x00, 0x00, 0x00, 0x00, 0x00, 0x00,
  0x00, 0x00, 0x00, 0x00, 0x00, 0x00, 0x00, 0x00, 0x00, 0x00, 0x00, 0x00, 0x00, 0x00, 0x00, 0x00,
  0x00, 0x00, 0x00, 0x00, 0x00, 0x00, 0x00, 0x00, 0x00, 0x00, 0x00, 0x00, 0x00, 0x00, 0x00, 0x00,
  0x00, 0x00, 0x00, 0x00, 0x00, 0x00, 0x00, 0x00, 0x00, 0x00, 0x81, 0x2a, 0x41, 0x1a, 0x21, 0x22,
  0x21, 0x22, 0x60, 0x22, 0x60, 0x22, 0x81, 0x22, 0x60, 0x32, 0x00, 0x00, 0xe0, 0x07, 0x00, 0x00,
  0x00, 0x00, 0x00, 0x00, 0x00, 0x00, 0x00, 0x00, 0x00, 0x00, 0x00, 0x00, 0x00, 0x00, 0x00, 0x00,
  0x00, 0x00, 0x00, 0x00, 0x00, 0x00, 0x00, 0x00, 0x21, 0x33, 0x01, 0x2b, 0x42, 0x2b, 0x00, 0x00,
  0x00, 0x00, 0x00, 0x00, 0xe0, 0x07, 0x00, 0x00, 0x00, 0x00, 0x00, 0x00, 0x00, 0x00, 0x00, 0x00,
  0x00, 0x00, 0x00, 0x00, 0x00, 0x00, 0x00, 0x00, 0x00, 0x00, 0xe0, 0x7b, 0x62, 0x33, 0x03, 0x2b,
  0x22, 0x2b, 0xe0, 0x22, 0x62, 0x2b, 0x81, 0x22, 0xe1, 0x1a, 0x61, 0x1b, 0x80, 0x1a, 0x61, 0x1a,
  0xa1, 0x22, 0xe2, 0x22, 0x02, 0x23, 0xe3, 0x2a, 0xa3, 0x3a, 0x22, 0x2a, 0xa3, 0x1a, 0xe0, 0x3b,
  0x00, 0x00, 0x00, 0x00, 0xe0, 0xff, 0x00, 0x00, 0x00, 0x00, 0x00, 0x00, 0xe0, 0x07, 0xe0, 0x07,
  0x20, 0x03, 0x22, 0x12, 0x00, 0x00, 0xe0, 0x07, 0xe0, 0x07, 0xe0, 0x03, 0x00, 0x00, 0xe0, 0x03,
  0xe0, 0x3b, 0xe0, 0x03, 0xe0, 0x07, 0xe2, 0x2a, 0xa0, 0x2a, 0x00, 0x00, 0xa0, 0x02, 0xe0, 0x7b,
  0x00, 0x00, 0x00, 0x00, 0x00, 0x00, 0x00, 0x00, 0x00, 0x00, 0x00, 0x00, 0x00, 0x00, 0x00, 0x00,
  0x00, 0x00, 0x00, 0x00, 0x00, 0x00, 0x00, 0x00, 0x00, 0x00, 0x00, 0x00, 0x00, 0x00, 0x00, 0x00,
  0x00, 0x00, 0x00, 0x00, 0x00, 0x00, 0xe0, 0x7b, 0x00, 0x00, 0x00, 0x00, 0x00, 0x00, 0x81, 0x22,
  0xa2, 0x2a, 0x81, 0x22, 0x00, 0x12, 0x82, 0x32, 0x20, 0x1b, 0x00, 0x00, 0x00, 0x00, 0x00, 0x00,
  0x00, 0x00, 0x00, 0x00, 0x00, 0x00, 0x00, 0x00, 0x00, 0x00, 0x00, 0x00, 0x00, 0x00, 0x00, 0x00,
  0x00, 0x00, 0x00, 0x00, 0x00, 0x00, 0x00, 0x00, 0x00, 0x00, 0xc2, 0x22, 0xa2, 0x22, 0x00, 0x00,
  0x00, 0x00, 0xe0, 0x07, 0x00, 0x00, 0x00, 0x00, 0x00, 0x00, 0x00, 0x00, 0x00, 0x00, 0x00, 0x00,
  0x00, 0x00, 0xe0, 0x03, 0x44, 0x22, 0xa0, 0x22, 0x00, 0x78, 0x20, 0x33, 0x80, 0x1b, 0xe0, 0x39,
  0x00, 0x00, 0x00, 0x00, 0x00, 0x00, 0x00, 0x00, 0x00, 0x00, 0x00, 0x00, 0x00, 0x00, 0x00, 0x00,
  0xa0, 0x52, 0x23, 0x33, 0xa2, 0x22, 0x02, 0x23, 0x00, 0x00, 0xe0, 0x07, 0x00, 0x00, 0x00, 0x00,
  0x00, 0x00, 0x00, 0x00, 0x00, 0x00, 0x00, 0x00, 0x00, 0x00, 0x00, 0x00, 0x00, 0x00, 0x00, 0x00,
  0x00, 0x00, 0x00, 0x00, 0x00, 0x00, 0x00, 0x00, 0x00, 0x00, 0x00, 0x00, 0x00, 0x00, 0x00, 0x00,
  0x00, 0x00, 0x00, 0x00, 0x00, 0x00, 0x00, 0x00, 0x00, 0x00, 0x00, 0x00, 0x00, 0x00, 0x00, 0x00,
  0x00, 0x00, 0x00, 0x00, 0x00, 0x00, 0x00, 0x00, 0x00, 0x00, 0x00, 0x00, 0x00, 0x00, 0x00, 0x00,
  0x00, 0x00, 0x00, 0x00, 0x00, 0x00, 0x00, 0x00, 0x00, 0x00, 0x00, 0x00, 0x00, 0x00, 0x00, 0x00,
  0x00, 0x00, 0x00, 0x00, 0x00, 0x00, 0x00, 0x00, 0x00, 0x00, 0x00, 0x00, 0x00, 0x00, 0x00, 0x00,
  0x00, 0x00, 0x00, 0x00, 0x00, 0x00, 0x00, 0x00, 0x00, 0x00, 0x00, 0x00, 0x00, 0x00, 0x00, 0x00,
  0x00, 0x00, 0x00, 0x00, 0x00, 0x00, 0x00, 0x00, 0x00, 0x00, 0x00, 0x00, 0x00, 0x00, 0x00, 0x00,
  0x00, 0x00, 0x00, 0x00, 0x00, 0x00, 0x00, 0x00, 0x00, 0x00, 0x00, 0x00, 0x00, 0x00, 0x00, 0x00,
  0x00, 0x00, 0x00, 0x00, 0x00, 0x00, 0x00, 0x00, 0x00, 0x00, 0x00, 0x00, 0x00, 0x00, 0x00, 0x00,
  0x00, 0x00, 0x00, 0x00, 0x00, 0x00, 0x00, 0x00, 0x00, 0x00, 0x00, 0x00, 0x00, 0x00, 0x00, 0x00,
  0x00, 0x00, 0x00, 0x00, 0x00, 0x00, 0x00, 0x00, 0x00, 0x00, 0x00, 0x00, 0x00, 0x00, 0x00, 0x00,
  0x00, 0x00, 0x00, 0x00, 0x00, 0x00, 0x00, 0x00, 0x00, 0x00, 0x00, 0x00, 0x00, 0x00, 0x00, 0x00,
  0x41, 0x1a, 0x21, 0x22, 0x20, 0x22, 0x20, 0x22, 0x81, 0x1a, 0x61, 0x22, 0x40, 0x1a, 0x81, 0x22,
  0xe0, 0x3b, 0x00, 0x00, 0x00, 0x00, 0x00, 0x00, 0x00, 0x00, 0x00, 0x00, 0x00, 0x00, 0x00, 0x00,
  0x00, 0x00, 0x00, 0x00, 0x00, 0x00, 0x00, 0x00, 0x00, 0x00, 0x00, 0x00, 0x00, 0x00, 0x63, 0x3c,
  0x62, 0x33, 0x61, 0x33, 0x00, 0x00, 0x00, 0x00, 0xe0, 0x07, 0x00, 0x00, 0x00, 0x00, 0x00, 0x00,
  0x00, 0x00, 0x00, 0x00, 0xe0, 0x07, 0xe7, 0x3b, 0x00, 0x00, 0x00, 0x00, 0x00, 0x00, 0xe7, 0x3b,
  0xa2, 0x3b, 0x43, 0x33, 0xe2, 0x2a, 0x02, 0x2b, 0xc1, 0x22, 0xc1, 0x1a, 0x81, 0x1b, 0x21, 0x1b,
  0x61, 0x1a, 0xa1, 0x1a, 0xa1, 0x22, 0x02, 0x2b, 0xe1, 0x22, 0xa0, 0x1a, 0xa0, 0x52, 0xe0, 0x19,
  0xe2, 0x2a, 0xa1, 0x32, 0x81, 0x22, 0x41, 0x1a, 0x00, 0x1a, 0x00, 0x00, 0x00, 0x00, 0x00, 0x00,
  0x00, 0x00, 0x00, 0x00, 0x21, 0x1a, 0x21, 0x1a, 0x00, 0x00, 0x00, 0x00, 0xe0, 0x03, 0x86, 0x31,
  0x00, 0x00, 0xe0, 0x1a, 0x42, 0x2a, 0xe0, 0x01, 0x00, 0x00, 0x00, 0x00, 0x00, 0x00, 0xa0, 0x02,
  0xe0, 0x3b, 0xaa, 0x02, 0x00, 0x00, 0x00, 0x00, 0x00, 0x00, 0x00, 0x00, 0x00, 0x00, 0x00, 0x00,
  0x00, 0x00, 0x00, 0x00, 0x00, 0x00, 0x00, 0x00, 0x00, 0x00, 0x00, 0x00, 0x00, 0x00, 0x00, 0x00,
  0x00, 0x00, 0x00, 0x00, 0x00, 0x00, 0x00, 0x00, 0x00, 0x00, 0x00, 0x00, 0x00, 0x00, 0x00, 0x00,
  0x20, 0x33, 0xa1, 0x22, 0xc1, 0x2a, 0xa2, 0x3b, 0x42, 0x3b, 0x60, 0x22, 0x02, 0x3b, 0x00, 0x00,
  0x00, 0x00, 0x00, 0x00, 0x00, 0x00, 0x00, 0x00, 0x00, 0x00, 0x00, 0x00, 0x00, 0x00, 0x00, 0x00,
  0x00, 0x00, 0x00, 0x00, 0x00, 0x00, 0x00, 0x00, 0x00, 0x00, 0x00, 0x00, 0x00, 0x00, 0xe1, 0x2a,
  0xa2, 0x22, 0x00, 0x00, 0x00, 0x00, 0x00, 0x00, 0x00, 0x00, 0x00, 0x00, 0x00, 0x00, 0x00, 0x00,
  0x00, 0x00, 0x00, 0x00, 0xa0, 0x02, 0xa0, 0x02, 0x83, 0x3b, 0x60, 0x1a, 0xe2, 0x22, 0xe3, 0x3b,
  0x00, 0x00, 0xe0, 0x7b, 0xe0, 0xff, 0x00, 0x00, 0x00, 0x00, 0x00, 0x00, 0x00, 0x00, 0x00, 0x00,
  0x00, 0x00, 0xe0, 0x3b, 0x64, 0x23, 0xa0, 0x2a, 0xa1, 0x22, 0xa1, 0x2a, 0x00, 0x00, 0x00, 0x00,
  0x00, 0x00, 0x00, 0x00, 0x00, 0x00, 0x00, 0x00, 0x00, 0x00, 0x00, 0x00, 0x00, 0x00, 0x00, 0x00,
  0x00, 0x00, 0x00, 0x00, 0x00, 0x00, 0x00, 0x00, 0x00, 0x00, 0x00, 0x00, 0x00, 0x00, 0x00, 0x00,
  0x00, 0x00, 0x00, 0x00, 0x00, 0x00, 0x00, 0x00, 0x00, 0x00, 0xe0, 0x3b, 0xe0, 0x07, 0x00, 0x00,
  0x00, 0x00, 0x00, 0x00, 0x00, 0x00, 0x00, 0x00, 0x00, 0x00, 0x00, 0x00, 0x00, 0x00, 0x00, 0x00,
  0x00, 0x00, 0x00, 0x00, 0x00, 0x00, 0x00, 0x00, 0x00, 0x00, 0x00, 0x00, 0x00, 0x00, 0x00, 0x00,
  0x00, 0x00, 0x00, 0x00, 0x00, 0x00, 0x00, 0x00, 0x00, 0x00, 0x00, 0x00, 0x00, 0x00, 0x00, 0x00,
  0x00, 0x00, 0x00, 0x00, 0x00, 0x00, 0x00, 0x00, 0x00, 0x00, 0x00, 0x00, 0x00, 0x00, 0x00, 0x00,
  0x00, 0x00, 0x00, 0x00, 0x00, 0x00, 0x00, 0x00, 0x00, 0x00, 0x00, 0x00, 0x00, 0x00, 0x00, 0x00,
  0x00, 0x00, 0x00, 0x00, 0x00, 0x00, 0x00, 0x00, 0x00, 0x00, 0x00, 0x00, 0x00, 0x00, 0x00, 0x00,
  0x00, 0x00, 0x00, 0x00, 0x00, 0x00, 0x00, 0x00, 0x00, 0x00, 0x00, 0x00, 0x00, 0x00, 0x00, 0x00,
  0x00, 0x00, 0x00, 0x00, 0x00, 0x00, 0x00, 0x00, 0x00, 0x00, 0x00, 0x00, 0x00, 0x00, 0x00, 0x00,
  0x00, 0x00, 0x00, 0x00, 0x00, 0x00, 0x00, 0x00, 0x00, 0x00, 0x00, 0x00, 0x00, 0x00, 0x00, 0x00,
  0x00, 0x00, 0x00, 0x00, 0x00, 0x00, 0x00, 0x00, 0x00, 0x00, 0x00, 0x00, 0x00, 0x00, 0x00, 0x00,
  0x00, 0x00, 0x00, 0x00, 0x00, 0x00, 0x60, 0x1a, 0x40, 0x22, 0x21, 0x22, 0x40, 0x22, 0x61, 0x22,
  0x61, 0x22, 0x61, 0x22, 0xa1, 0x1a, 0x20, 0x33, 0xe0, 0x07, 0x00, 0x00, 0x00, 0x00, 0x00, 0x00,
  0x00, 0x00, 0x00, 0x00, 0x00, 0x00, 0x00, 0x00, 0x00, 0x00, 0x00, 0x00, 0x00, 0x00, 0x00, 0x00,
  0xa0, 0x02, 0x00, 0x00, 0x42, 0x2b, 0x62, 0x33, 0xa5, 0x2a, 0xa0, 0x52, 0x00, 0x00, 0x00, 0x00,
  0x00, 0x00, 0x00, 0x00, 0x00, 0x00, 0x00, 0x00, 0x00, 0x00, 0xe0, 0x3b, 0x00, 0x00, 0x00, 0x00,
  0x00, 0x00, 0xe7, 0x3b, 0x83, 0x3b, 0x61, 0x2b, 0x62, 0x2b, 0xe1, 0x22, 0xc1, 0x22, 0x81, 0x1b,
  0xa1, 0x23, 0x61, 0x1a, 0xa1, 0x22, 0xe1, 0x22, 0xc2, 0x22, 0xc2, 0x22, 0x02, 0x2b, 0xa2, 0x2a,
  0x44, 0x22, 0x23, 0x33, 0xa1, 0x22, 0x81, 0x22, 0x81, 0x22, 0x41, 0x1a, 0x21, 0x1a, 0x00, 0x00,
  0x00, 0x00, 0x00, 0x00, 0x00, 0x00, 0x26, 0x33, 0x01, 0x1a, 0x40, 0x22, 0x00, 0x00, 0x00, 0x78,
  0x00, 0x00, 0xe0, 0x03, 0xa2, 0x2a, 0x42, 0x2a, 0xa2, 0x22, 0x00, 0x00, 0x00, 0x00, 0xa0, 0x02,
  0xa0, 0x02, 0xa0, 0x2a, 0x22, 0x2a, 0xe7, 0x39, 0xe0, 0x07, 0xe0, 0x07, 0x00, 0x00, 0x00, 0x00,
  0x00, 0x00, 0x00, 0x00, 0x00, 0x00, 0x00, 0x00, 0x00, 0x00, 0x00, 0x00, 0xa0, 0x2a, 0x41, 0x1a,
  0x62, 0x22, 0x00, 0x00, 0x00, 0x00, 0x00, 0x00, 0x00, 0x00, 0x00, 0x00, 0x00, 0x00, 0xa5, 0x2a,
  0xe0, 0x03, 0x00, 0x00, 0x83, 0x3b, 0xe2, 0x2a, 0xe1, 0x2a, 0x88, 0x86, 0xc8, 0x85, 0xa0, 0x09,
  0xc6, 0x64, 0x00, 0x00, 0x00, 0x00, 0x00, 0x00, 0x00, 0x00, 0x00, 0x00, 0x00, 0x00, 0x00, 0x00,
  0x00, 0x00, 0x00, 0x00, 0x00, 0x00, 0x00, 0x00, 0x00, 0x00, 0x00, 0x00, 0x00, 0x00, 0x00, 0x00,
  0x00, 0x00, 0xe0, 0x3a, 0xa0, 0x52, 0x00, 0x00, 0x00, 0x00, 0x00, 0x00, 0x00, 0x00, 0xa0, 0x02,
  0xe0, 0x3b, 0x00, 0x00, 0xe0, 0x1a, 0x64, 0x23, 0x00, 0x00, 0x40, 0x05, 0xaa, 0x02, 0xa1, 0x1a,
  0x42, 0x2b, 0x42, 0x64, 0xe0, 0x03, 0xa0, 0x52, 0x00, 0x00, 0xe0, 0x07, 0x00, 0x00, 0x00, 0x00,
  0x00, 0x00, 0x00, 0x00, 0xa0, 0x52, 0x00, 0x00, 0x26, 0x03, 0xa0, 0x02, 0x00, 0x00, 0x40, 0x55,
  0xe0, 0x07, 0x00, 0x00, 0x00, 0x00, 0x00, 0x00, 0x00, 0x00, 0x00, 0x00, 0x00, 0x00, 0x00, 0x00,
  0x00, 0x00, 0x00, 0x00, 0x00, 0x00, 0x00, 0x00, 0x00, 0x00, 0x00, 0x00, 0x00, 0x00, 0x00, 0x00,
  0x00, 0x00, 0x00, 0x00, 0x00, 0x00, 0x00, 0x00, 0x00, 0x00, 0x00, 0x00, 0x00, 0x00, 0xe0, 0x07,
  0x00, 0x00, 0x00, 0x00, 0x00, 0x00, 0x00, 0x00, 0x00, 0x00, 0x00, 0x00, 0x00, 0x00, 0x00, 0x00,
  0x00, 0x00, 0x00, 0x00, 0x00, 0x00, 0x00, 0x00, 0x00, 0x00, 0x00, 0x00, 0x00, 0x00, 0x00, 0x00,
  0x00, 0x00, 0x00, 0x00, 0x00, 0x00, 0x00, 0x00, 0x00, 0x00, 0x00, 0x00, 0x00, 0x00, 0x00, 0x00,
  0x00, 0x00, 0x00, 0x00, 0x00, 0x00, 0x00, 0x00, 0x00, 0x00, 0x00, 0x00, 0x00, 0x00, 0x00, 0x00,
  0x00, 0x00, 0x00, 0x00, 0x00, 0x00, 0x00, 0x00, 0x00, 0x00, 0x00, 0x00, 0x00, 0x00, 0x00, 0x00,
  0x00, 0x00, 0x00, 0x00, 0x00, 0x00, 0x00, 0x00, 0x00, 0x00, 0x00, 0x00, 0x00, 0x00, 0x00, 0x00,
  0x00, 0x00, 0x00, 0x00, 0x00, 0x00, 0x00, 0x00, 0x00, 0x00, 0x00, 0x00, 0x00, 0x00, 0x00, 0x00,
  0x00, 0x00, 0x00, 0x00, 0x00, 0x00, 0x00, 0x00, 0x00, 0x00, 0x00, 0x00, 0x00, 0x00, 0x00, 0x00,
  0x00, 0x00, 0x00, 0x00, 0x00, 0x00, 0x00, 0x00, 0x00, 0x00, 0x00, 0x00, 0x00, 0x00, 0x00, 0x00,
  0x00, 0x00, 0x00, 0x00, 0x00, 0x00, 0x00, 0x00, 0x00, 0x00, 0x00, 0x00, 0x00, 0x00, 0x00, 0x00,
  0x00, 0x00, 0x00, 0x00, 0x00, 0x00, 0xe0, 0x07, 0xe0, 0x7b, 0xa0, 0x02, 0xa2, 0x22, 0xa2, 0x2a,
  0x60, 0x22, 0x60, 0x1a, 0x20, 0x1a, 0x41, 0x1a, 0xc1, 0x32, 0xc2, 0x22, 0xa0, 0x02, 0x00, 0x00,
  0x00, 0x00, 0xe0, 0x03, 0x00, 0x00, 0x00, 0x00, 0x00, 0x00, 0x00, 0x00, 0x00, 0x00, 0x00, 0x00,
  0x00, 0x00, 0x00, 0x00, 0x00, 0x00, 0x00, 0x00, 0x00, 0x00, 0xe0, 0x07, 0xa0, 0x2a, 0xe3, 0x33,
  0xe5, 0x2b, 0xe0, 0x03, 0x00, 0x00, 0xe0, 0x7b, 0xe0, 0x7b, 0x00, 0x00, 0xe0, 0x07, 0xe0, 0x3b,
  0xa0, 0x02, 0xe0, 0x53, 0xe0, 0x53, 0x22, 0x33, 0x62, 0x2b, 0x62, 0x33, 0xc1, 0x2a, 0x21, 0x23,
  0x41, 0x1b, 0x01, 0x24, 0xe1, 0x1a, 0x61, 0x1a, 0xe1, 0x22, 0xa1, 0x22, 0xc2, 0x22, 0xc2, 0x2a,
  0xa1, 0x2a, 0x23, 0x33, 0xa3, 0x3a, 0xe2, 0x2a, 0xa2, 0x2a, 0x82, 0x2a, 0x44, 0x22, 0x82, 0x2b,
  0xaa, 0x52, 0xe0, 0x39, 0x00, 0x00, 0xe0, 0x03, 0xe0, 0x07, 0x00, 0x00, 0x21, 0x2a, 0x42, 0x22,
  0xa2, 0x2a, 0x21, 0x22, 0x01, 0x1a, 0x41, 0x22, 0xa1, 0x1a, 0xa2, 0x2a, 0xa0, 0x02, 0x80, 0x31,
  0xa0, 0x02, 0x26, 0x33, 0x62, 0x22, 0x21, 0x2a, 0xa3, 0x1a, 0x80, 0x01, 0xe0, 0x07, 0x00, 0x00,
  0x00, 0x00, 0x00, 0x00, 0x00, 0x00, 0x00, 0x00, 0x00, 0x00, 0x00, 0x00, 0xa0, 0x02, 0x00, 0x00,
  0x42, 0x2a, 0x61, 0x1a, 0x62, 0x22, 0x41, 0x1a, 0x62, 0x22, 0xe3, 0x3a, 0x00, 0x00, 0xe0, 0x07,
  0x00, 0x00, 0x00, 0x00, 0x00, 0x00, 0xe0, 0x07, 0xe0, 0x39, 0xe2, 0x22, 0x42, 0x33, 0x65, 0x54,
  0x63, 0x3b, 0x41, 0x22, 0xc0, 0x34, 0xe0, 0x03, 0x00, 0x00, 0x00, 0x00, 0x00, 0x00, 0x00, 0x00,
  0x00, 0x00, 0x00, 0x00, 0x00, 0x00, 0x00, 0x00, 0x00, 0x00, 0x00, 0x00, 0x00, 0x00, 0x00, 0x00,
  0x00, 0x00, 0x26, 0x33, 0xa0, 0x02, 0xe0, 0x39, 0x00, 0x00, 0xa5, 0x2a, 0xa2, 0x22, 0xe0, 0x03,
  0xa2, 0x2a, 0xe2, 0x2a, 0x44, 0x22, 0xa0, 0x02, 0xe2, 0x2a, 0x23, 0x1b, 0xa0, 0x1a, 0x20, 0x33,
  0x26, 0x33, 0xa1, 0x2a, 0xe2, 0x2a, 0x23, 0x33, 0xe0, 0x3b, 0xe0, 0x39, 0xe0, 0x7b, 0xe0, 0x7b,
  0x00, 0x00, 0x00, 0x00, 0x00, 0x00, 0x00, 0x00, 0xe0, 0x03, 0xe0, 0x07, 0x00, 0x00, 0x40, 0x05,
  0x63, 0x1a, 0xe3, 0x3a, 0x00, 0x00, 0x00, 0x00, 0x00, 0x00, 0x00, 0x00, 0x00, 0x00, 0x00, 0x00,
  0x00, 0x00, 0x00, 0x00, 0x00, 0x00, 0x00, 0x00, 0x00, 0x00, 0x00, 0x00, 0x00, 0x00, 0x00, 0x00,
  0x00, 0x00, 0x00, 0x00, 0x00, 0x00, 0x00, 0x00, 0x00, 0x00, 0x00, 0x00, 0xe0, 0x2b, 0xe3, 0x1a,
  0x20, 0x12, 0x80, 0x22, 0xa1, 0x22, 0xe2, 0x3b, 0xa0, 0x2a, 0x00, 0x00, 0x00, 0x00, 0x00, 0x00,
  0x00, 0x00, 0x00, 0x00, 0x00, 0x00, 0x00, 0x00, 0x00, 0x00, 0x00, 0x00, 0x00, 0x00, 0x00, 0x00,
  0x00, 0x00, 0x00, 0x00, 0x00, 0x00, 0x00, 0x00, 0x00, 0x00, 0x00, 0x00, 0x00, 0x00, 0x00, 0x00,
  0x00, 0x00, 0x00, 0x00, 0x00, 0x00, 0x00, 0x00, 0x00, 0x00, 0x00, 0x00, 0x00, 0x00, 0x00, 0x00,
  0x00, 0x00, 0x00, 0x00, 0x00, 0x00, 0x00, 0x00, 0x00, 0x00, 0x00, 0x00, 0x00, 0x00, 0x00, 0x00,
  0x00, 0x00, 0x00, 0x00, 0x00, 0x00, 0x00, 0x00, 0x00, 0x00, 0x00, 0x00, 0x00, 0x00, 0x00, 0x00,
  0x00, 0x00, 0x00, 0x00, 0x00, 0x00, 0x00, 0x00, 0x00, 0x00, 0x00, 0x00, 0x00, 0x00, 0x00, 0x00,
  0x00, 0x00, 0x00, 0x00, 0x00, 0x00, 0x00, 0x00, 0x00, 0x00, 0x00, 0x00, 0x00, 0x00, 0x00, 0x00,
  0x00, 0x00, 0x00, 0x00, 0x00, 0x00, 0x00, 0x00, 0x00, 0x00, 0x00, 0x00, 0x00, 0x00, 0x00, 0x00,
  0x00, 0x00, 0x00, 0x00, 0x00, 0x00, 0x00, 0x00, 0x00, 0x00, 0x00, 0x00, 0x00, 0x00, 0x00, 0x00,
  0x00, 0x00, 0x00, 0x00, 0x00, 0x00, 0x00, 0x00, 0x00, 0x00, 0x00, 0x00, 0xe0, 0x07, 0xa0, 0x02,
  0x60, 0x23, 0xe0, 0x19, 0x81, 0x2a, 0x20, 0x1a, 0x20, 0x12, 0x00, 0x12, 0x41, 0x1a, 0x84, 0x24,
  0xa2, 0x2a, 0xe0, 0x3a, 0xe0, 0x03, 0xe0, 0x03, 0x00, 0x00, 0x00, 0x00, 0x00, 0x00, 0x00, 0x00,
  0x00, 0x00, 0x00, 0x00, 0x00, 0x00, 0x00, 0x00, 0x00, 0x00, 0x00, 0x00, 0x20, 0x03, 0xa0, 0x52,
  0xc0, 0x34, 0xe0, 0x2b, 0xe1, 0x2b, 0xc3, 0x3b, 0x60, 0x23, 0xa0, 0x02, 0x00, 0x00, 0x00, 0x00,
  0x26, 0x33, 0xe3, 0x3b, 0x64, 0x23, 0xa2, 0x23, 0x62, 0x33, 0x42, 0x2b, 0x21, 0x2b, 0x01, 0x23,
  0x41, 0x1b, 0xc2, 0x23, 0x22, 0x1c, 0x61, 0x1b, 0x80, 0x1a, 0xc1, 0x22, 0xc2, 0x22, 0xa1, 0x22,
  0xe2, 0x22, 0x23, 0x33, 0x23, 0x1b, 0x60, 0x23, 0xe0, 0x3b, 0xa0, 0x02, 0xe0, 0x39, 0xa0, 0x52,
  0xe0, 0x1a, 0x44, 0x22, 0xe0, 0x19, 0xa0, 0x1a, 0xa0, 0x52, 0xe0, 0x3b, 0xaa, 0x02, 0x00, 0x00,
  0x63, 0x1a, 0x23, 0x2a, 0x42, 0x2a, 0xe1, 0x19, 0x01, 0x1a, 0x21, 0x1a, 0x22, 0x22, 0x42, 0x22,
  0x82, 0x22, 0xe2, 0x12, 0xa0, 0x2a, 0xe3, 0x19, 0x21, 0x2a, 0x61, 0x22, 0xc3, 0x22, 0xe0, 0x01,
  0x64, 0x23, 0xa0, 0x02, 0xe0, 0x01, 0x80, 0x01, 0x00, 0x00, 0x00, 0x00, 0x00, 0x00, 0x00, 0x00,
  0x00, 0x00, 0x26, 0x33, 0xa0, 0x02, 0xe0, 0x7b, 0x62, 0x2a, 0x61, 0x1a, 0x61, 0x1a, 0x22, 0x33,
  0x40, 0x22, 0x40, 0x22, 0x00, 0x00, 0x00, 0x00, 0x00, 0x00, 0x00, 0x00, 0x00, 0x00, 0x00, 0x00,
  0x81, 0x22, 0x21, 0x22, 0xa1, 0x22, 0xa1, 0x22, 0xe0, 0x03, 0xe0, 0x03, 0x00, 0x00, 0x00, 0x00,
  0x00, 0x00, 0x00, 0x00, 0x00, 0x00, 0x00, 0x00, 0x00, 0x00, 0x00, 0x00, 0x00, 0x00, 0x00, 0x00,
  0x00, 0x00, 0x00, 0x00, 0x00, 0x00, 0x00, 0x00, 0x00, 0x00, 0xa5, 0x2a, 0xe0, 0x03, 0xe3, 0x1a,
  0xa3, 0x3a, 0xe0, 0x03, 0xa0, 0x52, 0xe0, 0xff, 0xe0, 0x01, 0xa0, 0x52, 0x60, 0x23, 0x01, 0x2b,
  0xc1, 0x22, 0x02, 0x2b, 0xc2, 0x22, 0xe2, 0x22, 0x64, 0x23, 0xa0, 0x3a, 0x80, 0x3b, 0x00, 0x00,
  0xe0, 0x03, 0x00, 0x00, 0x00, 0x00, 0xa0, 0x52, 0x00, 0x00, 0x00, 0x00, 0xe0, 0x03, 0xe0, 0x3b,
  0xe3, 0x3a, 0x00, 0x00, 0x00, 0x00, 0xc6, 0x34, 0x00, 0x00, 0xe0, 0x03, 0x00, 0x00, 0x00, 0x00,
  0x00, 0x00, 0x00, 0x00, 0x00, 0x00, 0x00, 0x00, 0x00, 0x00, 0x00, 0x00, 0x00, 0x00, 0x00, 0x00,
  0x00, 0x00, 0x00, 0x00, 0x00, 0x00, 0x00, 0x00, 0x00, 0x00, 0x00, 0x00, 0x00, 0x00, 0x00, 0x00,
  0x42, 0x2b, 0xe2, 0x2a, 0xe0, 0x2a, 0x05, 0x55, 0xe2, 0x3b, 0xe1, 0x22, 0x22, 0x33, 0x00, 0x00,
  0x00, 0x00, 0x00, 0x00, 0x00, 0x00, 0x00, 0x00, 0x00, 0x00, 0x00, 0x00, 0x00, 0x00, 0x00, 0x00,
  0x00, 0x00, 0x00, 0x00, 0x00, 0x00, 0x00, 0x00, 0x00, 0x00, 0x00, 0x00, 0x00, 0x00, 0x00, 0x00,
  0x00, 0x00, 0x00, 0x00, 0x00, 0x00, 0x00, 0x00, 0x00, 0x00, 0x00, 0x00, 0x00, 0x00, 0x00, 0x00,
  0x00, 0x00, 0x00, 0x00, 0x00, 0x00, 0x00, 0x00, 0x00, 0x00, 0x00, 0x00, 0x00, 0x00, 0x00, 0x00,
  0x00, 0x00, 0x00, 0x00, 0x00, 0x00, 0x00, 0x00, 0x00, 0x00, 0x00, 0x00, 0x00, 0x00, 0x00, 0x00,
  0x00, 0x00, 0x00, 0x00, 0x00, 0x00, 0x00, 0x00, 0x00, 0x00, 0x00, 0x00, 0x00, 0x00, 0x00, 0x00,
  0x00, 0x00, 0x00, 0x00, 0x00, 0x00, 0x00, 0x00, 0x00, 0x00, 0x00, 0x00, 0x00, 0x00, 0x00, 0x00,
  0x00, 0x00, 0x00, 0x00, 0x00, 0x00, 0x00, 0x00, 0x00, 0x00, 0x00, 0x00, 0x00, 0x00, 0x00, 0x00,
  0x00, 0x00, 0x00, 0x00, 0x00, 0x00, 0x00, 0x00, 0x00, 0x00, 0x00, 0x00, 0x00, 0x00, 0x00, 0x00,
  0x00, 0x00, 0x00, 0x00, 0x00, 0x00, 0x00, 0x00, 0x00, 0x00, 0x00, 0x00, 0x00, 0x00, 0x00, 0x00,
  0x00, 0x00, 0x00, 0x00, 0xe0, 0x07, 0xe0, 0x39, 0xe2, 0x2a, 0xc1, 0x2a, 0x40, 0x1a, 0x20, 0x12,
  0x20, 0x12, 0x41, 0x1a, 0xa2, 0x22, 0x42, 0x3b, 0xe1, 0x1a, 0xe0, 0x01, 0x00, 0x00, 0x00, 0x00,
  0x00, 0x00, 0x00, 0x00, 0x00, 0x00, 0x00, 0x00, 0x00, 0x00, 0x00, 0x00, 0xe0, 0x07, 0x00, 0x00,
  0x00, 0x00, 0x42, 0x3b, 0xa2, 0x33, 0x61, 0x2b, 0xc1, 0x33, 0xc2, 0x33, 0xe3, 0x33, 0xc2, 0x33,
  0xe0, 0x3b, 0xa0, 0x2a, 0xe0, 0x3b, 0x82, 0x43, 0x82, 0x2b, 0x61, 0x2b, 0x41, 0x2b, 0x42, 0x2b,
  0x21, 0x23, 0x41, 0x1b, 0x22, 0x24, 0x41, 0x1c, 0x62, 0x24, 0x41, 0x1b, 0x21, 0x23, 0x01, 0x23,
  0xc1, 0x22, 0x01, 0x23, 0x22, 0x2b, 0x62, 0x23, 0x64, 0x23, 0xa0, 0x52, 0xa0, 0x02, 0xe0, 0x39,
  0x40, 0x22, 0x80, 0x31, 0xe3, 0x3a, 0xa2, 0x2a, 0xa0, 0x1a, 0xa2, 0x2a, 0x62, 0x22, 0x61, 0x1a,
  0xc1, 0x2a, 0xa2, 0x2a, 0x62, 0x22, 0x82, 0x2a, 0xa1, 0x2a, 0xe0, 0x2a, 0x80, 0x3b, 0x61, 0x22,
  0x62, 0x22, 0x42, 0x1a, 0xc3, 0x22, 0x22, 0x2a, 0x63, 0x32, 0x83, 0x2a, 0x62, 0x22, 0x82, 0x22,
  0xc1, 0x22, 0xa3, 0x3a, 0x40, 0x22, 0xc2, 0x22, 0x40, 0x02, 0xe0, 0x03, 0xa0, 0x02, 0xa0, 0x02,
  0xa0, 0x52, 0x00, 0x00, 0xa0, 0x02, 0xa0, 0x02, 0x44, 0x4a, 0xa0, 0x1a, 0xc2, 0x32, 0xa2, 0x22,
  0xa2, 0x2a, 0xa2, 0x22, 0xe0, 0x2a, 0xa0, 0x52, 0xe0, 0x03, 0xe0, 0x03, 0x00, 0x00, 0x00, 0x00,
  0xe0, 0x7b, 0xe0, 0x3b, 0xc2, 0x32, 0x43, 0x2b, 0xc3, 0x32, 0x23, 0x33, 0x00, 0x00, 0x00, 0x00,
  0x00, 0x00, 0xe0, 0x03, 0x20, 0x03, 0xe0, 0x07, 0x00, 0x00, 0x00, 0x00, 0x00, 0x00, 0x00, 0x00,
  0x00, 0x00, 0xe0, 0x07, 0x00, 0x00, 0x00, 0x00, 0x00, 0x00, 0x00, 0x00, 0x00, 0x78, 0x01, 0x33,
  0x42, 0x2b, 0xa0, 0x02, 0xa0, 0x52, 0x20, 0x33, 0x00, 0x00, 0x00, 0x00, 0xa0, 0x52, 0x64, 0x23,
  0x20, 0x33, 0x02, 0x23, 0x22, 0x2b, 0xc2, 0x2a, 0xe1, 0x22, 0xa1, 0x22, 0x82, 0x22, 0xa2, 0x23,
  0x02, 0x23, 0xa0, 0x1a, 0x40, 0x22, 0x20, 0x33, 0xe0, 0x07, 0xe0, 0x07, 0x00, 0x00, 0x00, 0x00,
  0xa0, 0x02, 0xa3, 0x1a, 0x63, 0x33, 0xe2, 0x22, 0xa2, 0x22, 0x4a, 0x55, 0xe0, 0x07, 0xe0, 0x07,
  0x00, 0x00, 0x00, 0x00, 0xe0, 0x07, 0x00, 0x00, 0x00, 0x00, 0x00, 0x00, 0x00, 0x00, 0x00, 0x00,
  0x00, 0x00, 0x00, 0x00, 0x00, 0x00, 0x00, 0x00, 0x00, 0x00, 0x00, 0x00, 0x00, 0x00, 0x00, 0x00,
  0x00, 0x00, 0x00, 0x00, 0x82, 0x2b, 0x83, 0x2a, 0x41, 0x33, 0x86, 0x5d, 0x84, 0x44, 0x20, 0x22,
  0xe5, 0x53, 0xe0, 0x03, 0x00, 0x00, 0x00, 0x00, 0x00, 0x00, 0x00, 0x00, 0x00, 0x00, 0x00, 0x00,
  0x00, 0x00, 0x00, 0x00, 0x00, 0x00, 0x00, 0x00, 0x00, 0x00, 0x00, 0x00, 0x00, 0x00, 0x00, 0x00,
  0x00, 0x00, 0x00, 0x00, 0x00, 0x00, 0x00, 0x00, 0x00, 0x00, 0x00, 0x00, 0x00, 0x00, 0x00, 0x00,
  0x00, 0x00, 0x00, 0x00, 0x00, 0x00, 0x00, 0x00, 0x00, 0x00, 0x00, 0x00, 0x00, 0x00, 0x00, 0x00,
  0x00, 0x00, 0x00, 0x00, 0x00, 0x00, 0x00, 0x00, 0x00, 0x00, 0x00, 0x00, 0x00, 0x00, 0x00, 0x00,
  0x00, 0x00, 0x00, 0x00, 0x00, 0x00, 0x00, 0x00, 0x00, 0x00, 0x00, 0x00, 0x00, 0x00, 0x00, 0x00,
  0x00, 0x00, 0x00, 0x00, 0x00, 0x00, 0x00, 0x00, 0x00, 0x00, 0x00, 0x00, 0x00, 0x00, 0x00, 0x00,
  0x00, 0x00, 0x00, 0x00, 0x00, 0x00, 0x00, 0x00, 0x00, 0x00, 0x00, 0x00, 0x00, 0x00, 0x00, 0x00,
  0x00, 0x00, 0x00, 0x00, 0x00, 0x00, 0x00, 0x00, 0x00, 0x00, 0x00, 0x00, 0x00, 0x00, 0x00, 0x00,
  0x00, 0x00, 0x00, 0x00, 0x00, 0x00, 0x00, 0x00, 0x00, 0x00, 0x00, 0x00, 0x00, 0x00, 0x00, 0x00,
  0x00, 0x00, 0x00, 0x00, 0x00, 0x00, 0x00, 0x00, 0x00, 0x00, 0x20, 0x33, 0x62, 0x22, 0xc2, 0x2a,
  0xc1, 0x2a, 0xa1, 0x22, 0x60, 0x1a, 0x81, 0x1a, 0x81, 0x1a, 0xa1, 0x22, 0xe2, 0x2a, 0x23, 0x33,
  0x42, 0x2b, 0xe0, 0x2b, 0x00, 0x00, 0xe0, 0x7b, 0x00, 0x00, 0x00, 0x00, 0x00, 0x00, 0x00, 0x00,
  0x00, 0x00, 0x00, 0x00, 0xe0, 0x07, 0xa3, 0x3b, 0xa2, 0x33, 0xc2, 0x33, 0xa3, 0x33, 0xe1, 0x3b,
  0xe0, 0x2b, 0xc3, 0x3b, 0x44, 0x44, 0xe2, 0x3b, 0xa2, 0x3b, 0xe3, 0x33, 0x82, 0x33, 0x82, 0x33,
  0x21, 0x23, 0x41, 0x23, 0x41, 0x1b, 0x22, 0x24, 0xa2, 0x24, 0xc3, 0x2c, 0x41, 0x1b, 0x01, 0x1b,
  0x21, 0x23, 0xe1, 0x22, 0x42, 0x2b, 0x02, 0x23, 0x02, 0x2b, 0xe1, 0x1a, 0x26, 0x33, 0xe0, 0x03,
  0xe0, 0x3b, 0xe3, 0x3a, 0x03, 0x23, 0x02, 0x3b, 0x81, 0x22, 0xa1, 0x22, 0x82, 0x2a, 0x81, 0x22,
  0x62, 0x22, 0x41, 0x22, 0x41, 0x22, 0x81, 0x22, 0x62, 0x2a, 0xe1, 0x2a, 0x41, 0x22, 0x61, 0x22,
  0x61, 0x22, 0x22, 0x22, 0x41, 0x22, 0x62, 0x22, 0x62, 0x1a, 0xe3, 0x39, 0x62, 0x22, 0xc1, 0x1a,
  0xc2, 0x22, 0x81, 0x22, 0xa3, 0x1a, 0xa0, 0x2a, 0xa3, 0x1a, 0x61, 0x1a, 0xa0, 0x2a, 0x60, 0x4b,
  0x26, 0x33, 0xa0, 0x2a, 0x00, 0x00, 0xa0, 0x52, 0xe0, 0x39, 0xa2, 0x2a, 0x00, 0x23, 0x82, 0x2a,
  0xc2, 0x22, 0x62, 0x22, 0xa2, 0x32, 0x22, 0x23, 0x63, 0x32, 0x00, 0x00, 0x20, 0x33, 0xa5, 0x2a,
  0xe0, 0x03, 0x00, 0x00, 0x00, 0x00, 0xe0, 0x07, 0xe0, 0x01, 0xa0, 0x1a, 0xe0, 0x19, 0xe0, 0x03,
  0x00, 0x00, 0x00, 0x00, 0x00, 0x00, 0xe5, 0x2b, 0x20, 0x03, 0xe0, 0x2b, 0xa0, 0x02, 0x00, 0x00,
  0x00, 0x00, 0x00, 0x00, 0x00, 0x00, 0x00, 0x00, 0x00, 0x00, 0x00, 0x00, 0x00, 0x00, 0xe0, 0x07,
  0x00, 0x00, 0xe3, 0x1a, 0x60, 0x4b, 0xe0, 0x03, 0x00, 0x00, 0x20, 0x33, 0x26, 0x33, 0x80, 0x31,
  0x40, 0x05, 0xe3, 0x3b, 0xe3, 0x1b, 0xe2, 0x2a, 0x22, 0x33, 0x63, 0x2b, 0xc2, 0x2a, 0xc1, 0x22,
  0xe2, 0x22, 0xe1, 0x22, 0xe2, 0x2a, 0x62, 0x23, 0xc1, 0x1a, 0xa0, 0x2a, 0xe0, 0x03, 0x00, 0x00,
  0x00, 0x00, 0x00, 0x00, 0xe5, 0x2b, 0x42, 0x2b, 0xe3, 0x3a, 0xe2, 0x22, 0x23, 0x23, 0x26, 0x33,
  0x00, 0x00, 0x00, 0x00, 0x00, 0x00, 0x00, 0x00, 0x00, 0x00, 0x00, 0x00, 0x00, 0x00, 0x00, 0x00,
  0x00, 0x00, 0x00, 0x00, 0xe0, 0x07, 0x00, 0x00, 0x00, 0x00, 0x00, 0x00, 0x00, 0x00, 0x00, 0x00,
  0x00, 0x00, 0x00, 0x00, 0x00, 0x00, 0x00, 0x00, 0xe0, 0x39, 0xa1, 0x2a, 0xa1, 0x22, 0xe1, 0x2a,
  0xc1, 0x22, 0xc2, 0x22, 0xa0, 0x02, 0x00, 0x00, 0x00, 0x00, 0x00, 0x00, 0x00, 0x00, 0x00, 0x00,
  0x00, 0x00, 0x00, 0x00, 0x00, 0x00, 0x00, 0x00, 0x00, 0x00, 0x00, 0x00, 0x00, 0x00, 0x00, 0x00,
  0x00, 0x00, 0x00, 0x00, 0x00, 0x00, 0x00, 0x00, 0x00, 0x00, 0x00, 0x00, 0x00, 0x00, 0x00, 0x00,
  0x00, 0x00, 0x00, 0x00, 0x00, 0x00, 0x00, 0x00, 0x00, 0x00, 0x00, 0x00, 0x00, 0x00, 0x00, 0x00,
  0x00, 0x00, 0x00, 0x00, 0x00, 0x00, 0x00, 0x00, 0x00, 0x00, 0x00, 0x00, 0x00, 0x00, 0x00, 0x00,
  0x00, 0x00, 0x00, 0x00, 0x00, 0x00, 0x00, 0x00, 0x00, 0x00, 0x00, 0x00, 0x00, 0x00, 0x00, 0x00,
  0x00, 0x00, 0x00, 0x00, 0x00, 0x00, 0x00, 0x00, 0x00, 0x00, 0x00, 0x00, 0x00, 0x00, 0x00, 0x00,
  0x00, 0x00, 0x00, 0x00, 0x00, 0x00, 0x00, 0x00, 0x00, 0x00, 0x00, 0x00, 0x00, 0x00, 0x00, 0x00,
  0x00, 0x00, 0x00, 0x00, 0x00, 0x00, 0x00, 0x00, 0x00, 0x00, 0x00, 0x00, 0x00, 0x00, 0x00, 0x00,
  0x00, 0x00, 0x00, 0x00, 0x00, 0x00, 0x00, 0x00, 0x00, 0x00, 0x00, 0x00, 0x00, 0x00, 0x00, 0x00,
  0x00, 0x00, 0x00, 0x00, 0x00, 0x00, 0x00, 0x00, 0x00, 0x00, 0x00, 0x00, 0x00, 0x00, 0x00, 0x00,
  0xe0, 0x39, 0xe0, 0x03, 0xc2, 0x2a, 0xe1, 0x2a, 0x41, 0x22, 0xe1, 0x22, 0xe1, 0x22, 0x61, 0x1a,
  0xa1, 0x22, 0x81, 0x3b, 0x61, 0x2b, 0x02, 0x2b, 0x23, 0x33, 0x00, 0x00, 0x00, 0x00, 0x00, 0x00,
  0xe0, 0xff, 0x00, 0x00, 0xaa, 0x52, 0x00, 0x00, 0x00, 0x00, 0xe0, 0x3b, 0x82, 0x33, 0xa2, 0x3b,
  0x23, 0x34, 0xc3, 0x43, 0xe0, 0x3b, 0x00, 0x00, 0xe5, 0x2b, 0xe6, 0x4b, 0xe2, 0x33, 0xe2, 0x33,
  0x82, 0x2b, 0x41, 0x23, 0x81, 0x23, 0x61, 0x23, 0xc2, 0x1b, 0xc2, 0x24, 0x63, 0x35, 0x43, 0x2c,
  0x01, 0x1b, 0x01, 0x23, 0x01, 0x23, 0x42, 0x2b, 0x01, 0x23, 0x01, 0x23, 0x02, 0x2b, 0x44, 0x3b,
  0x63, 0x2b, 0x60, 0x23, 0xe5, 0x53, 0xe1, 0x2a, 0x23, 0x2b, 0xc2, 0x2a, 0x61, 0x1a, 0x81, 0x22,
  0xc1, 0x22, 0x61, 0x22, 0x82, 0x2a, 0x81, 0x22, 0x82, 0x1a, 0x62, 0x22, 0x41, 0x22, 0xa2, 0x1a,
  0xa2, 0x2a, 0xa1, 0x2a, 0x62, 0x22, 0x41, 0x1a, 0x21, 0x1a, 0x21, 0x22, 0x01, 0x2a, 0x41, 0x22,
  0x22, 0x22, 0xc2, 0x22, 0x81, 0x2a, 0x82, 0x1a, 0xa0, 0x2a, 0xe2, 0x22, 0xa2, 0x2a, 0xe3, 0x32,
  0x02, 0x3b, 0x63, 0x32, 0xa1, 0x22, 0xc2, 0x22, 0x80, 0x31, 0xe2, 0x2a, 0xa0, 0x2a, 0x61, 0x22,
  0xa1, 0x22, 0xa1, 0x22, 0xa3, 0x22, 0x82, 0x22, 0xc1, 0x1a, 0x62, 0x22, 0xc2, 0x2a, 0xe2, 0x2a,
  0x60, 0x32, 0x44, 0x22, 0xa0, 0x52, 0xe0, 0x07, 0xe0, 0x07, 0x00, 0x00, 0x00, 0x00, 0xe0, 0x03,
  0xe0, 0x03, 0x00, 0x00, 0x00, 0x00, 0x00, 0x00, 0x00, 0x00, 0xaa, 0x02, 0x00, 0x00, 0x00, 0x00,
  0x23, 0x33, 0x22, 0x33, 0x00, 0x00, 0x00, 0x00, 0x00, 0x00, 0xe0, 0x07, 0xe0, 0x7b, 0x00, 0x00,
  0x00, 0x00, 0x00, 0x00, 0xe0, 0x03, 0xaa, 0x02, 0xe0, 0x03, 0x20, 0x33, 0x83, 0x3b, 0xe1, 0x2a,
  0x42, 0x2b, 0xa0, 0x1a, 0x43, 0x2b, 0x61, 0x2b, 0xc3, 0x2a, 0x81, 0x1a, 0x02, 0x23, 0xe2, 0x2a,
  0xe2, 0x2a, 0x02, 0x2b, 0xa1, 0x22, 0xa1, 0x22, 0xa2, 0x22, 0xc2, 0x22, 0xc2, 0x2a, 0xa0, 0x2a,
  0xe0, 0x39, 0xe0, 0x3b, 0x00, 0xf8, 0x00, 0x00, 0x00, 0x00, 0xc2, 0x22, 0x23, 0x1b, 0xe2, 0x2a,
  0xc1, 0x22, 0x00, 0x00, 0xe0, 0x01, 0x00, 0x00, 0x00, 0xf8, 0x00, 0x00, 0x00, 0x00, 0x00, 0x00,
  0x00, 0x00, 0x00, 0x00, 0x00, 0x00, 0x00, 0x00, 0x00, 0x00, 0x00, 0x00, 0x00, 0x00, 0x00, 0x00,
  0x00, 0x00, 0x00, 0x00, 0x00, 0x00, 0x00, 0x00, 0x00, 0x00, 0x00, 0x00, 0xe5, 0x2b, 0xe0, 0x03,
  0x04, 0x3b, 0xa3, 0x22, 0x42, 0x2b, 0xa3, 0x3a, 0x00, 0x00, 0x00, 0x00, 0x00, 0x00, 0x00, 0x00,
  0x00, 0x00, 0x00, 0x00, 0x00, 0x00, 0x00, 0x00, 0x00, 0x00, 0x00, 0x00, 0x00, 0x00, 0x00, 0x00,
  0x00, 0x00, 0x00, 0x00, 0x00, 0x00, 0x00, 0x00, 0x00, 0x00, 0x00, 0x00, 0x00, 0x00, 0x00, 0x00,
  0x00, 0x00, 0x00, 0x00, 0x00, 0x00, 0x00, 0x00, 0x00, 0x00, 0x00, 0x00, 0x00, 0x00, 0x00, 0x00,
  0x00, 0x00, 0x00, 0x00, 0x00, 0x00, 0x00, 0x00, 0x00, 0x00, 0x00, 0x00, 0x00, 0x00, 0x00, 0x00,
  0x00, 0x00, 0x00, 0x00, 0x00, 0x00, 0x00, 0x00, 0x00, 0x00, 0x00, 0x00, 0x00, 0x00, 0x00, 0x00,
  0x00, 0x00, 0x00, 0x00, 0x00, 0x00, 0x00, 0x00, 0x00, 0x00, 0x00, 0x00, 0x00, 0x00, 0x00, 0x00,
  0x00, 0x00, 0x00, 0x00, 0x00, 0x00, 0x00, 0x00, 0x00, 0x00, 0x00, 0x00, 0x00, 0x00, 0x00, 0x00,
  0x00, 0x00, 0x00, 0x00, 0x00, 0x00, 0x00, 0x00, 0x00, 0x00, 0x00, 0x00, 0x00, 0x00, 0x00, 0x00,
  0x00, 0x00, 0x00, 0x00, 0x00, 0x00, 0x00, 0x00, 0x00, 0x00, 0x00, 0x00, 0x00, 0x00, 0x00, 0x00,
  0x00, 0x00, 0x00, 0x00, 0x00, 0x00, 0x00, 0x00, 0x00, 0x00, 0x00, 0x00, 0x00, 0x00, 0x00, 0x00,
  0x00, 0x00, 0x00, 0x00, 0xe0, 0x03, 0x60, 0x23, 0x42, 0x2b, 0x83, 0x2b, 0x62, 0x2a, 0xe1, 0x1a,
  0xc1, 0x1a, 0x81, 0x1a, 0xc1, 0x1a, 0xa1, 0x1a, 0xa1, 0x1a, 0x22, 0x2b, 0x01, 0x2b, 0x43, 0x2b,
  0xe0, 0x3b, 0xe0, 0x3b, 0x00, 0x00, 0xe0, 0x03, 0xe0, 0x7b, 0xa2, 0x3b, 0x63, 0x33, 0x83, 0x3b,
  0x62, 0x2b, 0x82, 0x3b, 0xc4, 0x3b, 0xe3, 0x33, 0xe0, 0x07, 0xe3, 0x2b, 0xa2, 0x33, 0xe4, 0x4b,
  0xa2, 0x33, 0xa2, 0x2b, 0x41, 0x2b, 0xa2, 0x2b, 0xe2, 0x23, 0xa1, 0x1b, 0x62, 0x24, 0x63, 0x35,
  0xc3, 0x2c, 0xa1, 0x1b, 0x21, 0x23, 0x02, 0x23, 0x62, 0x2b, 0x21, 0x23, 0x01, 0x23, 0xe1, 0x22,
  0x42, 0x2b, 0x22, 0x33, 0xa2, 0x2a, 0xc2, 0x2a, 0x82, 0x2b, 0x02, 0x2b, 0x81, 0x22, 0x61, 0x22,
  0x81, 0x22, 0x82, 0x2a, 0x81, 0x2a, 0x41, 0x22, 0x41, 0x22, 0x61, 0x22, 0x81, 0x22, 0x41, 0x1a,
  0x41, 0x2a, 0x62, 0x2a, 0x61, 0x22, 0x81, 0x22, 0x43, 0x22, 0x62, 0x22, 0x21, 0x1a, 0xe0, 0x19,
  0x41, 0x22, 0x81, 0x22, 0x41, 0x22, 0x81, 0x22, 0xa1, 0x22, 0x61, 0x22, 0x22, 0x2a, 0xc1, 0x2a,
  0xa2, 0x22, 0xa3, 0x22, 0xa2, 0x22, 0x81, 0x2a, 0x81, 0x22, 0xc2, 0x22, 0x23, 0x33, 0xc2, 0x2a,
  0xa2, 0x22, 0x61, 0x22, 0x41, 0x22, 0x62, 0x22, 0x61, 0x1a, 0x61, 0x22, 0x82, 0x22, 0xa2, 0x2a,
  0x01, 0x22, 0x40, 0x22, 0xe2, 0x2a, 0x02, 0x23, 0x00, 0x00, 0x00, 0x00, 0x00, 0x00, 0x00, 0x00,
  0xa0, 0x52, 0xe0, 0x03, 0x00, 0x00, 0x00, 0x00, 0x00, 0x00, 0xe0, 0x7b, 0x00, 0x00, 0x00, 0x00,
  0x81, 0x22, 0x81, 0x2a, 0x02, 0x3b, 0xa0, 0x2a, 0x00, 0x00, 0xe0, 0x7b, 0xe0, 0x2b, 0xe3, 0x1b,
  0x00, 0x00, 0x20, 0x33, 0x02, 0x23, 0x80, 0x01, 0xe0, 0x03, 0xe0, 0x03, 0xe5, 0x2b, 0x83, 0x1b,
  0x83, 0x2b, 0xe1, 0x2a, 0xc2, 0x22, 0xe2, 0x22, 0x03, 0x2b, 0xc2, 0x22, 0x01, 0x23, 0x41, 0x1a,
  0x61, 0x1a, 0x83, 0x3b, 0xe2, 0x2a, 0x03, 0x2b, 0x61, 0x1a, 0x81, 0x1a, 0x61, 0x22, 0xa1, 0x22,
  0x81, 0x1a, 0xc2, 0x22, 0x83, 0x3b, 0x82, 0x2b, 0x20, 0x33, 0x44, 0x22, 0x26, 0x33, 0xe2, 0x1a,
  0x22, 0x2b, 0xe1, 0x22, 0xc2, 0x22, 0x26, 0x33, 0xe5, 0x53, 0xe0, 0x7b, 0xaa, 0x52, 0xe0, 0x39,
  0x4a, 0x55, 0x00, 0x00, 0x00, 0x00, 0xe0, 0x03, 0x00, 0x00, 0x00, 0x00, 0xe0, 0x07, 0x00, 0x00,
  0x00, 0x00, 0x00, 0x00, 0x00, 0x00, 0x00, 0x00, 0x00, 0x00, 0x00, 0x00, 0x00, 0x00, 0x00, 0x00,
  0xe0, 0x7b, 0xe0, 0x03, 0x64, 0x23, 0x23, 0x33, 0xe0, 0x2b, 0xa0, 0x52, 0x00, 0x00, 0x00, 0x00,
  0x00, 0x00, 0x00, 0x00, 0x00, 0x00, 0x00, 0x00, 0x00, 0x00, 0x00, 0x00, 0x00, 0x00, 0x00, 0x00,
  0x00, 0x00, 0x00, 0x00, 0x00, 0x00, 0x00, 0x00, 0x00, 0x00, 0x00, 0x00, 0x00, 0x00, 0x00, 0x00,
  0x00, 0x00, 0x00, 0x00, 0x00, 0x00, 0x00, 0x00, 0x00, 0x00, 0x00, 0x00, 0x00, 0x00, 0x00, 0x00,
  0x00, 0x00, 0x00, 0x00, 0x00, 0x00, 0x00, 0x00, 0x00, 0x00, 0x00, 0x00, 0x00, 0x00, 0x00, 0x00,
  0x00, 0x00, 0x00, 0x00, 0x00, 0x00, 0x00, 0x00, 0x00, 0x00, 0x00, 0x00, 0x00, 0x00, 0x00, 0x00,
  0x00, 0x00, 0x00, 0x00, 0x00, 0x00, 0x00, 0x00, 0x00, 0x00, 0x00, 0x00, 0x00, 0x00, 0x00, 0x00,
  0x00, 0x00, 0x00, 0x00, 0x00, 0x00, 0x00, 0x00, 0x00, 0x00, 0x00, 0x00, 0x00, 0x00, 0x00, 0x00,
  0x00, 0x00, 0x00, 0x00, 0x00, 0x00, 0x00, 0x00, 0x00, 0x00, 0x00, 0x00, 0x00, 0x00, 0x00, 0x00,
  0x00, 0x00, 0x00, 0x00, 0x00, 0x00, 0x00, 0x00, 0x00, 0x00, 0x00, 0x00, 0x00, 0x00, 0x00, 0x00,
  0x00, 0x00, 0x00, 0x00, 0x00, 0x00, 0x00, 0x00, 0x00, 0x00, 0x00, 0x00, 0x00, 0x00, 0x00, 0x00,
  0x00, 0x00, 0x00, 0x00, 0x00, 0x00, 0x00, 0x00, 0x00, 0x00, 0xa0, 0x02, 0xa3, 0x32, 0x02, 0x33,
  0xe3, 0x1a, 0x82, 0x2b, 0xe1, 0x22, 0x80, 0x12, 0xc0, 0x12, 0xe0, 0x1a, 0xe1, 0x1a, 0xc1, 0x1a,
  0xc1, 0x22, 0x83, 0x33, 0xc1, 0x2b, 0x60, 0x23, 0x84, 0x4c, 0xa2, 0x3b, 0xe7, 0x3b, 0xa2, 0x3b,
  0xa2, 0x33, 0x83, 0x33, 0x81, 0x33, 0x82, 0x3b, 0xe3, 0x33, 0xa2, 0x33, 0x67, 0x3c, 0xa2, 0x33,
  0xc2, 0x33, 0xc3, 0x3b, 0x82, 0x2b, 0xe3, 0x33, 0x62, 0x2b, 0x81, 0x23, 0x43, 0x34, 0xe2, 0x23,
  0x03, 0x25, 0xe4, 0x2d, 0x42, 0x24, 0xa0, 0x12, 0xa1, 0x12, 0xa2, 0x23, 0x01, 0x23, 0xa1, 0x1a,
  0xa1, 0x22, 0xe1, 0x22, 0x83, 0x2b, 0x02, 0x2b, 0x01, 0x2b, 0x60, 0x1a, 0xe1, 0x22, 0xa1, 0x22,
  0x20, 0x1a, 0x61, 0x22, 0x82, 0x22, 0x81, 0x22, 0x42, 0x22, 0xa2, 0x22, 0x61, 0x22, 0xa1, 0x2a,
  0x23, 0x2b, 0x61, 0x1a, 0x62, 0x22, 0xe3, 0x22, 0xc2, 0x2a, 0xa1, 0x1a, 0x81, 0x22, 0xa2, 0x2a,
  0x41, 0x22, 0x00, 0x1a, 0x62, 0x22, 0x61, 0x22, 0x82, 0x2a, 0x61, 0x22, 0xe0, 0x3a, 0x62, 0x2a,
  0x61, 0x22, 0x61, 0x1a, 0xc6, 0x34, 0xa0, 0x1a, 0xa0, 0x2a, 0x63, 0x1a, 0x61, 0x2a, 0x82, 0x22,
  0xa2, 0x2a, 0x83, 0x2a, 0x82, 0x22, 0x82, 0x22, 0x61, 0x22, 0x61, 0x1a, 0xa1, 0x1a, 0x81, 0x22,
  0x82, 0x22, 0x61, 0x1a, 0x42, 0x2b, 0x02, 0x2b, 0x41, 0x1a, 0x62, 0x22, 0x00, 0x00, 0x00, 0x00,
  0x00, 0x00, 0x00, 0x00, 0xe0, 0x39, 0xa3, 0x1a, 0x00, 0x00, 0xe0, 0x07, 0xe0, 0x07, 0xe0, 0x03,
  0x00, 0x00, 0x02, 0x23, 0xa1, 0x22, 0xa1, 0x22, 0xe1, 0x22, 0x64, 0x23, 0xe3, 0x1a, 0xe0, 0x03,
  0xa0, 0x02, 0xe5, 0x2b, 0x00, 0x00, 0xa2, 0x23, 0x40, 0xad, 0x43, 0x33, 0xe2, 0x22, 0x00, 0x00,
  0x23, 0x33, 0xc3, 0x2a, 0x83, 0x1b, 0x64, 0x23, 0x02, 0x23, 0xe2, 0x2a, 0xe1, 0x22, 0xe2, 0x22,
  0x02, 0x23, 0x81, 0x1a, 0x00, 0x12, 0x62, 0x2b, 0xc1, 0x1a, 0xe0, 0x09, 0x83, 0x2b, 0xe1, 0x1a,
  0xe1, 0x1a, 0x22, 0x23, 0xa1, 0x1a, 0xe1, 0x1a, 0x22, 0x2b, 0x83, 0x1b, 0x02, 0x23, 0x80, 0x1b,
  0xc1, 0x1a, 0xe1, 0x22, 0xa1, 0x22, 0x22, 0x2b, 0xa1, 0x1a, 0x81, 0x22, 0xa1, 0x22, 0x45, 0x2b,
  0x00, 0x00, 0x00, 0x00, 0xe0, 0x7b, 0xe0, 0x07, 0x64, 0x23, 0x20, 0x33, 0x00, 0x00, 0x00, 0x00,
  0x00, 0x00, 0x00, 0x00, 0x00, 0x00, 0x00, 0x00, 0x00, 0x00, 0x00, 0x00, 0x00, 0x00, 0x00, 0x00,
  0xe0, 0x07, 0xe0, 0x03, 0x00, 0x00, 0xa0, 0x52, 0x20, 0x33, 0xc3, 0x32, 0xa2, 0x22, 0x00, 0x00,
  0x00, 0x00, 0x00, 0x00, 0x00, 0x00, 0x00, 0x00, 0xe0, 0x03, 0x00, 0x00, 0x00, 0x00, 0x00, 0x00,
  0x00, 0x00, 0x00, 0x00, 0x00, 0x00, 0x00, 0x00, 0x00, 0x00, 0x00, 0x00, 0x00, 0x00, 0x00, 0x00,
  0x00, 0x00, 0x00, 0x00, 0x00, 0x00, 0x00, 0x00, 0x00, 0x00, 0x00, 0x00, 0x00, 0x00, 0x00, 0x00,
  0x00, 0x00, 0x00, 0x00, 0x00, 0x00, 0x00, 0x00, 0x00, 0x00, 0x00, 0x00, 0x00, 0x00, 0x00, 0x00,
  0x00, 0x00, 0x00, 0x00, 0x00, 0x00, 0x00, 0x00, 0x00, 0x00, 0x00, 0x00, 0x00, 0x00, 0x00, 0x00,
  0x00, 0x00, 0x00, 0x00, 0x00, 0x00, 0x00, 0x00, 0x00, 0x00, 0x00, 0x00, 0x00, 0x00, 0x00, 0x00,
  0x00, 0x00, 0x00, 0x00, 0x00, 0x00, 0x00, 0x00, 0x00, 0x00, 0x00, 0x00, 0x00, 0x00, 0x00, 0x00,
  0x00, 0x00, 0x00, 0x00, 0x00, 0x00, 0x00, 0x00, 0x00, 0x00, 0x00, 0x00, 0x00, 0x00, 0x00, 0x00,
  0x00, 0x00, 0x00, 0x00, 0x00, 0x00, 0x00, 0x00, 0x00, 0x00, 0x00, 0x00, 0x00, 0x00, 0x00, 0x00,
  0x00, 0x00, 0x00, 0x00, 0x00, 0x00, 0x00, 0x00, 0x00, 0x00, 0x00, 0x00, 0x00, 0x00, 0x00, 0x00,
  0x00, 0x00, 0x00, 0x00, 0x00, 0x00, 0x00, 0x00, 0x00, 0x00, 0x00, 0x00, 0x00, 0x00, 0x00, 0x00,
  0xe0, 0x3b, 0xe2, 0x2a, 0xe2, 0x32, 0xe1, 0x1a, 0x62, 0x33, 0x62, 0x2b, 0x00, 0x23, 0xc0, 0x1a,
  0x01, 0x1b, 0x41, 0x23, 0x41, 0x23, 0x01, 0x23, 0xe4, 0x3b, 0x82, 0x3b, 0x81, 0x2b, 0x62, 0x2b,
  0xc3, 0x3b, 0xa2, 0x33, 0xc3, 0x3b, 0xa2, 0x33, 0x61, 0x2b, 0x41, 0x2b, 0x82, 0x33, 0xc3, 0x33,
  0x23, 0x34, 0x24, 0x3c, 0xe2, 0x33, 0xc2, 0x33, 0xc2, 0x33, 0x02, 0x2c, 0xa2, 0x2b, 0x03, 0x2c,
  0xa3, 0x2c, 0x04, 0x2d, 0xe4, 0x2d, 0xc5, 0x2d, 0x21, 0x13, 0x41, 0x1b, 0x41, 0x1b, 0x42, 0x23,
  0x61, 0x12, 0xa1, 0x1a, 0x21, 0x2b, 0x23, 0x2b, 0x02, 0x2b, 0x82, 0x33, 0xe3, 0x33, 0xe1, 0x2a,
  0x42, 0x2b, 0xa2, 0x22, 0xa2, 0x2a, 0x41, 0x1a, 0x81, 0x22, 0x61, 0x22, 0xa2, 0x22, 0x61, 0x1a,
  0x61, 0x1a, 0x00, 0x12, 0x01, 0x12, 0x21, 0x1a, 0x62, 0x22, 0x61, 0x22, 0x61, 0x22, 0x61, 0x22,
  0x82, 0x22, 0x62, 0x1a, 0x81, 0x22, 0x41, 0x22, 0xa1, 0x22, 0x20, 0x1a, 0x61, 0x22, 0x82, 0x2a,
  0x82, 0x22, 0x81, 0x22, 0x81, 0x22, 0x41, 0x1a, 0xe3, 0x33, 0x81, 0x2a, 0xa5, 0x2a, 0xe2, 0x2a,
  0xa2, 0x2a, 0xa1, 0x22, 0x41, 0x22, 0xa2, 0x2a, 0xc1, 0x2a, 0xa2, 0x22, 0xa1, 0x22, 0xe2, 0x22,
  0xc2, 0x22, 0x81, 0x22, 0xc2, 0x22, 0x20, 0x01, 0xa8, 0x7d, 0x8d, 0x96, 0x80, 0x01, 0x48, 0x5c,
  0xe0, 0x7b, 0x00, 0x00, 0xe0, 0x7b, 0x00, 0x00, 0x00, 0x00, 0x64, 0x23, 0x00, 0x50, 0x40, 0x55,
  0x00, 0x00, 0xa0, 0x02, 0xe0, 0x01, 0xc1, 0x22, 0xe1, 0x2a, 0xe1, 0x22, 0x81, 0x1a, 0xe7, 0x3b,
  0x83, 0x3b, 0xe0, 0x03, 0xa1, 0x2a, 0xa1, 0x1a, 0xa1, 0x22, 0x81, 0x22, 0x60, 0x1a, 0x61, 0x1a,
  0xc1, 0x22, 0x22, 0x2b, 0x42, 0x2b, 0x02, 0x2b, 0xe1, 0x2a, 0x23, 0x33, 0xe1, 0x1a, 0xc1, 0x22,
  0xa1, 0x22, 0xa1, 0x22, 0xa1, 0x1a, 0xa1, 0x1a, 0x81, 0x1a, 0x60, 0x1a, 0xe1, 0x1a, 0x42, 0x23,
  0xe0, 0x01, 0x01, 0x1b, 0x01, 0x23, 0x01, 0x23, 0x01, 0x23, 0x62, 0x2b, 0x42, 0x23, 0x22, 0x23,
  0x02, 0x2b, 0x42, 0x23, 0x02, 0x23, 0xc1, 0x2a, 0xc0, 0x09, 0x25, 0x55, 0x44, 0x3c, 0xe0, 0x11,
  0xe2, 0x2a, 0x02, 0x2b, 0x23, 0x1b, 0xa0, 0x02, 0x44, 0x22, 0x00, 0x00, 0xe0, 0x3b, 0xa0, 0x52,
  0x00, 0x00, 0xe0, 0x07, 0x00, 0x00, 0x00, 0x00, 0xe0, 0x07, 0x00, 0x00, 0x00, 0x00, 0xe0, 0x07,
  0x00, 0x00, 0x00, 0x00, 0x00, 0x00, 0x00, 0x00, 0x00, 0x00, 0x00, 0x00, 0x00, 0x00, 0xe0, 0x39,
  0xe0, 0x03, 0xe0, 0x07, 0xe0, 0x7b, 0xe0, 0x7b, 0xe0, 0x01, 0xe0, 0x03, 0x00, 0x00, 0x00, 0x00,
  0x00, 0x00, 0x00, 0x00, 0x00, 0x00, 0x00, 0x00, 0x00, 0x00, 0x00, 0x00, 0x00, 0x00, 0x00, 0x00,
  0x00, 0x00, 0x00, 0x00, 0x00, 0x00, 0xe0, 0x07, 0x00, 0x00, 0x00, 0x00, 0x00, 0x00, 0x00, 0x00,
  0xe0, 0x07, 0x00, 0x00, 0x00, 0x00, 0x00, 0x00, 0x00, 0x00, 0x00, 0x00, 0x00, 0x00, 0x00, 0x00,
  0x00, 0x00, 0x00, 0x00, 0x00, 0x00, 0x00, 0x00, 0x00, 0x00, 0x00, 0x00, 0x00, 0x00, 0x00, 0x00,
  0x00, 0x00, 0x00, 0x00, 0x00, 0x00, 0x00, 0x00, 0x00, 0x00, 0x00, 0x00, 0x00, 0x00, 0x00, 0x00,
  0x00, 0x00, 0x00, 0x00, 0x00, 0x00, 0x00, 0x00, 0x00, 0x00, 0x00, 0x00, 0x00, 0x00, 0x00, 0x00,
  0x00, 0x00, 0x00, 0x00, 0x00, 0x00, 0x00, 0x00, 0x00, 0x00, 0x00, 0x00, 0x00, 0x00, 0x00, 0x00,
  0x00, 0x00, 0x00, 0x00, 0x00, 0x00, 0x00, 0x00, 0x00, 0x00, 0x00, 0x00, 0x00, 0x00, 0x00, 0x00,
  0x00, 0x00, 0x00, 0x00, 0x00, 0x00, 0x00, 0x00, 0x00, 0x00, 0x00, 0x00, 0x00, 0x00, 0x00, 0x00,
  0x00, 0x00, 0x00, 0x00, 0x00, 0x00, 0x00, 0x00, 0x00, 0x00, 0x00, 0x00, 0x00, 0x00, 0x00, 0x00,
  0x00, 0x00, 0xe0, 0xff, 0x00, 0x00, 0x00, 0x00, 0xe1, 0x2a, 0x42, 0x33, 0x61, 0x2b, 0x01, 0x2b,
  0x82, 0x3b, 0xc0, 0x1a, 0xe1, 0x1a, 0x81, 0x23, 0xe2, 0x2b, 0xa1, 0x23, 0xe1, 0x22, 0x82, 0x33,
  0x43, 0x3c, 0xc3, 0x3b, 0xa2, 0x2b, 0x22, 0x44, 0x62, 0x2b, 0x61, 0x2b, 0x61, 0x2b, 0x41, 0x2b,
  0x61, 0x2b, 0xa2, 0x33, 0x82, 0x2b, 0xe3, 0x3b, 0xe3, 0x33, 0xc2, 0x33, 0xe2, 0x2b, 0x02, 0x2c,
  0xc2, 0x1b, 0x83, 0x2c, 0xe4, 0x2c, 0xc5, 0x35, 0x87, 0x3e, 0xa4, 0x24, 0x61, 0x1b, 0xa2, 0x23,
  0x21, 0x1b, 0x62, 0x23, 0x01, 0x1b, 0x22, 0x2b, 0x22, 0x2b, 0xe2, 0x2a, 0x81, 0x22, 0x42, 0x3b,
  0x22, 0x2b, 0xa1, 0x22, 0xc1, 0x22, 0x62, 0x22, 0x41, 0x1a, 0x21, 0x1a, 0x61, 0x1a, 0x21, 0x1a,
  0x00, 0x1a, 0x00, 0x12, 0x20, 0x1a, 0x20, 0x12, 0x00, 0x12, 0x21, 0x1a, 0x41, 0x1a, 0x41, 0x1a,
  0x41, 0x1a, 0x61, 0x22, 0xa2, 0x2a, 0x42, 0x22, 0x61, 0x1a, 0x41, 0x1a, 0x00, 0x12, 0x41, 0x1a,
  0x61, 0x22, 0x81, 0x2a, 0x81, 0x22, 0x81, 0x1a, 0xe2, 0x2a, 0x81, 0x22, 0x22, 0x2b, 0xe2, 0x22,
  0xe1, 0x2a, 0xc2, 0x22, 0xa2, 0x2a, 0x41, 0x22, 0x41, 0x22, 0xa2, 0x22, 0x81, 0x22, 0x61, 0x1a,
  0x81, 0x1a, 0xe2, 0x2a, 0x61, 0x1a, 0x81, 0x1a, 0x21, 0x1a, 0x40, 0x09, 0x64, 0x54, 0x86, 0x5c,
  0xa0, 0x11, 0xa4, 0x3b, 0x20, 0x33, 0xe0, 0x07, 0x00, 0x00, 0x00, 0x00, 0xe0, 0x03, 0xe3, 0x33,
  0xa0, 0x02, 0x00, 0x00, 0xe0, 0x03, 0xe0, 0x03, 0xe0, 0x7b, 0x61, 0x2b, 0xa2, 0x2a, 0x02, 0x2b,
  0xa1, 0x22, 0xa1, 0x2a, 0xc1, 0x22, 0xc2, 0x22, 0x64, 0x4b, 0xa1, 0x22, 0x41, 0x1a, 0x60, 0x12,
  0x81, 0x1a, 0x61, 0x1a, 0xa1, 0x1a, 0x22, 0x2b, 0xe2, 0x22, 0xe2, 0x2a, 0x82, 0x2a, 0xc2, 0x22,
  0xe2, 0x22, 0xe1, 0x22, 0xa1, 0x1a, 0x20, 0x12, 0x81, 0x1a, 0x41, 0x12, 0x21, 0x12, 0xe0, 0x11,
  0xe1, 0x1a, 0xc2, 0x33, 0x62, 0x2b, 0x81, 0x1a, 0x21, 0x1b, 0x40, 0x12, 0xc2, 0x2b, 0x62, 0x2b,
  0xa1, 0x1a, 0x62, 0x2b, 0x83, 0x3b, 0x41, 0x23, 0xe2, 0x22, 0xe2, 0x2a, 0x81, 0x1a, 0xe3, 0x33,
  0xc1, 0x22, 0x41, 0x1a, 0xe7, 0xbf, 0xe1, 0x2a, 0x82, 0x2b, 0x20, 0x33, 0x42, 0x2b, 0xa2, 0x23,
  0xa0, 0x52, 0x00, 0x00, 0xe0, 0x7b, 0x00, 0x00, 0x00, 0x00, 0x00, 0x00, 0x00, 0x00, 0x00, 0x00,
  0x00, 0x00, 0x00, 0x00, 0x00, 0x00, 0x00, 0x00, 0x00, 0x00, 0x00, 0x00, 0xe0, 0x07, 0xe0, 0x03,
  0x00, 0x00, 0x00, 0x00, 0x00, 0x00, 0x00, 0x00, 0x00, 0x00, 0x00, 0x00, 0xe0, 0x03, 0x00, 0x00,
  0x00, 0x00, 0x00, 0x00, 0x00, 0x00, 0x00, 0x00, 0x00, 0x00, 0x00, 0x00, 0x00, 0x00, 0x00, 0x00,
  0x00, 0x00, 0x00, 0x00, 0x00, 0x00, 0x00, 0x00, 0x00, 0x00, 0x00, 0x00, 0x00, 0x00, 0x00, 0x00,
  0x00, 0x00, 0x00, 0x00, 0x00, 0x00, 0x00, 0x00, 0x00, 0x00, 0x00, 0x00, 0x00, 0x00, 0x00, 0x00,
  0x00, 0x00, 0x00, 0x00, 0x00, 0x00, 0x00, 0x00, 0x00, 0x00, 0x00, 0x00, 0x00, 0x00, 0x00, 0x00,
  0x00, 0x00, 0x00, 0x00, 0x00, 0x00, 0x00, 0x00, 0x00, 0x00, 0x00, 0x00, 0x00, 0x00, 0x00, 0x00,
  0x00, 0x00, 0x00, 0x00, 0x00, 0x00, 0x00, 0x00, 0x00, 0x00, 0x00, 0x00, 0x00, 0x00, 0x00, 0x00,
  0x00, 0x00, 0x00, 0x00, 0x00, 0x00, 0x00, 0x00, 0x00, 0x00, 0x00, 0x00, 0x00, 0x00, 0x00, 0x00,
  0x00, 0x00, 0x00, 0x00, 0x00, 0x00, 0x00, 0x00, 0x00, 0x00, 0x00, 0x00, 0x00, 0x00, 0x00, 0x00,
  0x00, 0x00, 0x00, 0x00, 0x00, 0x00, 0x00, 0x00, 0x00, 0x00, 0x00, 0x00, 0x00, 0x00, 0x00, 0x00,
  0x00, 0x00, 0x00, 0x00, 0x00, 0x00, 0x00, 0x00, 0x00, 0x00, 0x00, 0x00, 0x00, 0x00, 0x00, 0x00,
  0x00, 0x00, 0x00, 0x00, 0x00, 0x00, 0x00, 0x00, 0x00, 0x00, 0x00, 0x00, 0x00, 0x00, 0x42, 0x2b,
  0x22, 0x2b, 0x62, 0x33, 0x21, 0x2b, 0x82, 0x33, 0x02, 0x23, 0x61, 0x23, 0x81, 0x23, 0xe2, 0x2b,
  0xe2, 0x2b, 0x01, 0x1b, 0xe1, 0x22, 0x43, 0x3c, 0xc2, 0x33, 0x43, 0x44, 0x82, 0x33, 0x41, 0x2b,
  0x03, 0x44, 0x41, 0x2b, 0x82, 0x33, 0x82, 0x2b, 0x82, 0x2b, 0xc2, 0x33, 0x23, 0x3c, 0x83, 0x44,
  0x63, 0x34, 0x63, 0x24, 0x04, 0x35, 0xe3, 0x2c, 0xa5, 0x35, 0xa5, 0x35, 0xc6, 0x35, 0xa1, 0x13,
  0x83, 0x2c, 0xc1, 0x12, 0x01, 0x1b, 0x62, 0x23, 0xa2, 0x2b, 0x02, 0x2b, 0x42, 0x2b, 0xc1, 0x22,
  0x42, 0x33, 0x81, 0x1a, 0x40, 0x1a, 0x00, 0x12, 0x00, 0x12, 0x41, 0x1a, 0x41, 0x12, 0x61, 0x1a,
  0x01, 0x1a, 0xa0, 0x11, 0x21, 0x1a, 0x61, 0x1a, 0x21, 0x1a, 0x61, 0x22, 0xa2, 0x2a, 0x01, 0x1a,
  0xc0, 0x11, 0xe0, 0x11, 0xa0, 0x11, 0xa0, 0x11, 0xe1, 0x19, 0x21, 0x1a, 0x82, 0x22, 0xe0, 0x11,
  0x21, 0x1a, 0xc4, 0x3b, 0xa2, 0x2a, 0x41, 0x1a, 0x41, 0x1a, 0x00, 0x1a, 0x61, 0x22, 0x02, 0x2b,
  0x81, 0x22, 0xc2, 0x2a, 0xa1, 0x22, 0x41, 0x1a, 0x61, 0x22, 0x82, 0x2a, 0xa1, 0x2a, 0xa1, 0x22,
  0xa2, 0x22, 0x41, 0x1a, 0x01, 0x12, 0xa1, 0x22, 0x61, 0x1a, 0x42, 0x2b, 0x02, 0x2b, 0x21, 0x1a,
  0x20, 0x12, 0xe0, 0x01, 0xc1, 0x2a, 0xa0, 0x2a, 0xe0, 0x7b, 0xe0, 0x7b, 0x00, 0x00, 0x00, 0x00,
  0xa3, 0x1a, 0x22, 0x23, 0xc0, 0x34, 0x00, 0x00, 0xe0, 0x3b, 0xef, 0x03, 0x60, 0x32, 0x40, 0x22,
  0x60, 0x23, 0xc3, 0x4c, 0x41, 0x1a, 0x00, 0x12, 0xc2, 0x2a, 0x03, 0x33, 0xc2, 0x2a, 0x81, 0x22,
  0xe2, 0x2a, 0xe1, 0x22, 0x02, 0x2b, 0xa1, 0x22, 0xa1, 0x22, 0x61, 0x1a, 0xe2, 0x22, 0x42, 0x2b,
  0x83, 0x33, 0xc2, 0x22, 0x81, 0x1a, 0x81, 0x1a, 0x61, 0x1a, 0x81, 0x1a, 0x42, 0x2b, 0x41, 0x12,
  0xe1, 0x09, 0x61, 0x12, 0x05, 0x4d, 0x46, 0x4d, 0x69, 0x87, 0x05, 0x5e, 0x21, 0x23, 0xc4, 0x44,
  0x01, 0x23, 0x62, 0x23, 0x41, 0x12, 0x40, 0x1a, 0xe1, 0x1a, 0x42, 0x23, 0xc1, 0x22, 0x61, 0x1a,
  0x40, 0x12, 0xe1, 0x22, 0xc2, 0x22, 0x00, 0x12, 0xc1, 0x1a, 0x22, 0x2b, 0x64, 0x33, 0x63, 0x33,
  0x43, 0x33, 0x43, 0x2b, 0xa0, 0x2a, 0xa0, 0x02, 0xe0, 0x07, 0x00, 0x00, 0x00, 0x00, 0x00, 0x00,
  0x00, 0x00, 0x00, 0x00, 0x00, 0x00, 0x00, 0x00, 0x00, 0x00, 0x00, 0x00, 0x00, 0x00, 0x00, 0x00,
  0x00, 0x00, 0xe0, 0x07, 0xe0, 0xff, 0x00, 0x00, 0x00, 0x00, 0x00, 0x00, 0x00, 0x00, 0xe7, 0x39,
  0x00, 0x00, 0x00, 0x00, 0x00, 0x00, 0x00, 0x00, 0x00, 0x00, 0xe0, 0x07, 0x00, 0x00, 0x00, 0x00,
  0x00, 0x00, 0x00, 0x00, 0x00, 0x00, 0x00, 0x00, 0x00, 0x00, 0x00, 0x00, 0x00, 0x00, 0x00, 0x00,
  0x00, 0x00, 0x00, 0x00, 0x00, 0x00, 0x00, 0x00, 0x00, 0x00, 0x00, 0x00, 0x00, 0x00, 0x00, 0x00,
  0x00, 0x00, 0x00, 0x00, 0x00, 0x00, 0x00, 0x00, 0x00, 0x00, 0x00, 0x00, 0x00, 0x00, 0x00, 0x00,
  0x00, 0x00, 0x00, 0x00, 0x00, 0x00, 0x00, 0x00, 0x00, 0x00, 0x00, 0x00, 0x00, 0x00, 0x00, 0x00,
  0x00, 0x00, 0x00, 0x00, 0x00, 0x00, 0x00, 0x00, 0x00, 0x00, 0x00, 0x00, 0x00, 0x00, 0x00, 0x00,
  0x00, 0x00, 0x00, 0x00, 0x00, 0x00, 0x00, 0x00, 0x00, 0x00, 0x00, 0x00, 0x00, 0x00, 0x00, 0x00,
  0x00, 0x00, 0x00, 0x00, 0x00, 0x00, 0x00, 0x00, 0x00, 0x00, 0x00, 0x00, 0x00, 0x00, 0x00, 0x00,
  0x00, 0x00, 0x00, 0x00, 0x00, 0x00, 0x00, 0x00, 0x00, 0x00, 0x00, 0x00, 0x00, 0x00, 0x00, 0x00,
  0x00, 0x00, 0x00, 0x00, 0x00, 0x00, 0x00, 0x00, 0x00, 0x00, 0x00, 0x00, 0x00, 0x00, 0x00, 0x00,
  0x00, 0x00, 0x00, 0x00, 0x00, 0x00, 0x00, 0x00, 0x00, 0x00, 0x00, 0x00, 0x00, 0x00, 0x00, 0x00,
  0x00, 0x00, 0x64, 0x23, 0x81, 0x2b, 0x42, 0x33, 0x62, 0x2b, 0x82, 0x33, 0x41, 0x1a, 0xe1, 0x22,
  0xc1, 0x23, 0x41, 0x1b, 0x22, 0x24, 0x02, 0x2c, 0xc1, 0x1a, 0xe1, 0x22, 0xa2, 0x3b, 0xe3, 0x3b,
  0xa2, 0x2b, 0x21, 0x23, 0x82, 0x33, 0xa2, 0x33, 0xc3, 0x33, 0xa3, 0x33, 0x62, 0x2b, 0xa2, 0x2b,
  0x22, 0x34, 0xe2, 0x2b, 0xe3, 0x3c, 0x64, 0x35, 0x04, 0x25, 0x85, 0x35, 0x84, 0x35, 0xa9, 0x4e,
  0x63, 0x1c, 0xa3, 0x24, 0xc2, 0x1b, 0x01, 0x13, 0x21, 0x1b, 0x01, 0x1b, 0xc1, 0x22, 0x02, 0x2b,
  0x21, 0x2b, 0x62, 0x2b, 0xc3, 0x33, 0xa1, 0x22, 0x41, 0x1a, 0x20, 0x12, 0xe0, 0x11, 0x61, 0x12,
  0xc1, 0x1a, 0x81, 0x1a, 0x20, 0x1a, 0x61, 0x1a, 0x61, 0x1a, 0x21, 0x12, 0x41, 0x12, 0x00, 0x12,
  0x00, 0x12, 0x41, 0x1a, 0xe1, 0x11, 0xc0, 0x11, 0xe0, 0x11, 0xc0, 0x11, 0xa0, 0x09, 0x21, 0x12,
  0x41, 0x1a, 0x41, 0x1a, 0xc0, 0x11, 0xe1, 0x19, 0x81, 0x22, 0x41, 0x1a, 0x21, 0x1a, 0x61, 0x1a,
  0xc2, 0x22, 0x23, 0x2b, 0xe2, 0x22, 0xa1, 0x22, 0xa1, 0x22, 0xc2, 0x22, 0x81, 0x22, 0xe2, 0x2a,
  0x81, 0x22, 0x43, 0x33, 0x22, 0x2b, 0xc3, 0x33, 0xc1, 0x1a, 0x81, 0x1a, 0xe1, 0x22, 0xa3, 0x33,
  0x02, 0x2b, 0x81, 0x22, 0x02, 0x2b, 0x02, 0x2b, 0xc2, 0x32, 0xa3, 0x2a, 0x20, 0x33, 0x00, 0xf8,
  0xa0, 0x52, 0xe0, 0x03, 0xe0, 0x1b, 0x23, 0x33, 0xe0, 0x3b, 0xa0, 0x52, 0xe7, 0x3b, 0x42, 0x2b,
  0x02, 0x2b, 0xe2, 0x2a, 0xe2, 0x2a, 0xe2, 0x2a, 0x81, 0x1a, 0x21, 0x12, 0xe1, 0x22, 0xc1, 0x22,
  0x01, 0x2b, 0xc1, 0x22, 0x61, 0x1a, 0x00, 0x12, 0x20, 0x12, 0x40, 0x12, 0xc2, 0x22, 0xc1, 0x22,
  0x63, 0x33, 0x22, 0x23, 0x61, 0x1a, 0x00, 0x12, 0x00, 0x12, 0x00, 0x12, 0x40, 0x12, 0x40, 0x12,
  0x20, 0x0a, 0x61, 0x12, 0x61, 0x12, 0x00, 0x0a, 0x45, 0x4d, 0x05, 0x4d, 0xe2, 0x2a, 0xc1, 0x12,
  0x01, 0x12, 0xc1, 0x22, 0xa0, 0x09, 0x22, 0x23, 0x01, 0x1b, 0xe1, 0x1a, 0x82, 0x2b, 0x01, 0x23,
  0xc2, 0x1a, 0x00, 0x12, 0xa1, 0x1a, 0xa2, 0x2b, 0xe1, 0x22, 0x61, 0x1a, 0x64, 0x3c, 0x21, 0x1b,
  0xe1, 0x1a, 0xe1, 0x22, 0x22, 0x2b, 0x23, 0x2b, 0xc0, 0x34, 0xe0, 0x39, 0xe0, 0x03, 0x00, 0x00,
  0x00, 0x00, 0x00, 0x00, 0x00, 0x00, 0x00, 0x00, 0x00, 0x00, 0xe0, 0x07, 0xe0, 0x07, 0x00, 0x00,
  0x00, 0x00, 0x00, 0x00, 0x00, 0x00, 0x00, 0x00, 0x00, 0x00, 0x00, 0x00, 0x00, 0x00, 0x00, 0x00,
  0x00, 0x00, 0xa0, 0x52, 0x00, 0x00, 0x00, 0x00, 0x00, 0x00, 0x00, 0x00, 0x00, 0x00, 0x00, 0x00,
  0x00, 0x00, 0x00, 0x00, 0x00, 0x00, 0x00, 0x00, 0x00, 0x00, 0x00, 0x00, 0x00, 0x00, 0x00, 0x00,
  0x00, 0x00, 0x00, 0x00, 0x00, 0x00, 0x00, 0x00, 0x00, 0x00, 0x00, 0x00, 0x00, 0x00, 0x00, 0x00,
  0x00, 0x00, 0x00, 0x00, 0x00, 0x00, 0x00, 0x00, 0x00, 0x00, 0x00, 0x00, 0x00, 0x00, 0x00, 0x00,
  0x00, 0x00, 0x00, 0x00, 0x00, 0x00, 0x00, 0x00, 0x00, 0x00, 0x00, 0x00, 0x00, 0x00, 0x00, 0x00,
  0x00, 0x00, 0x00, 0x00, 0x00, 0x00, 0x00, 0x00, 0x00, 0x00, 0x00, 0x00, 0x00, 0x00, 0x00, 0x00,
  0x00, 0x00, 0x00, 0x00, 0x00, 0x00, 0x00, 0x00, 0x00, 0x00, 0x00, 0x00, 0x00, 0x00, 0x00, 0x00,
  0x00, 0x00, 0x00, 0x00, 0x00, 0x00, 0x00, 0x00, 0x00, 0x00, 0x00, 0x00, 0x00, 0x00, 0x00, 0x00,
  0x00, 0x00, 0x00, 0x00, 0x00, 0x00, 0x00, 0x00, 0x00, 0x00, 0x00, 0x00, 0x00, 0x00, 0x00, 0x00,
  0x00, 0x00, 0x00, 0x00, 0x00, 0x00, 0x00, 0x00, 0x00, 0x00, 0x00, 0x00, 0x00, 0x00, 0x00, 0x00,
  0x00, 0x00, 0x00, 0x00, 0x00, 0x00, 0x00, 0x00, 0x00, 0x00, 0x00, 0x00, 0x00, 0x00, 0x00, 0x00,
  0x00, 0x00, 0xe0, 0x07, 0x00, 0x00, 0xe3, 0x3b, 0x41, 0x2b, 0x62, 0x33, 0x42, 0x2b, 0x22, 0x2b,
  0x41, 0x2b, 0x61, 0x23, 0xa1, 0x23, 0xa1, 0x1b, 0xa1, 0x1b, 0x42, 0x2c, 0x22, 0x24, 0x61, 0x1b,
  0xc2, 0x2b, 0xc2, 0x2b, 0x61, 0x23, 0xc2, 0x2b, 0xe2, 0x2b, 0xc1, 0x2b, 0xa1, 0x2b, 0x02, 0x2c,
  0x81, 0x23, 0x81, 0x23, 0x82, 0x2c, 0x42, 0x24, 0x03, 0x25, 0x23, 0x25, 0x84, 0x2d, 0x44, 0x25,
  0x27, 0x46, 0xe6, 0x35, 0x03, 0x25, 0xc2, 0x1b, 0x03, 0x1c, 0x02, 0x24, 0xa0, 0x12, 0x42, 0x23,
  0xa2, 0x2b, 0x21, 0x23, 0x01, 0x23, 0x62, 0x2b, 0x01, 0x23, 0x40, 0x12, 0x61, 0x12, 0xe1, 0x1a,
  0xc1, 0x1a, 0x81, 0x12, 0xa1, 0x1a, 0x40, 0x12, 0x40, 0x12, 0xa1, 0x1a, 0x20, 0x0a, 0x40, 0x0a,
  0x60, 0x0a, 0x00, 0x0a, 0x20, 0x12, 0x61, 0x12, 0x41, 0x1a, 0xe0, 0x11, 0x20, 0x12, 0x60, 0x12,
  0x20, 0x0a, 0x81, 0x12, 0xc2, 0x1a, 0x60, 0x12, 0x00, 0x0a, 0x00, 0x0a, 0x81, 0x12, 0xa1, 0x1a,
  0x61, 0x12, 0xa1, 0x12, 0xa1, 0x12, 0x02, 0x23, 0xe2, 0x22, 0x81, 0x1a, 0xa1, 0x1a, 0xa2, 0x1a,
  0xa2, 0x22, 0xc0, 0x11, 0xc1, 0x1a, 0x22, 0x23, 0xa1, 0x1a, 0x62, 0x2b, 0xe2, 0x22, 0xa1, 0x1a,
  0x81, 0x1a, 0x81, 0x1a, 0x61, 0x1a, 0x41, 0x1a, 0xc2, 0x2a, 0x81, 0x22, 0xc2, 0x2a, 0xc2, 0x32,
  0x83, 0x1b, 0x40, 0x05, 0xe0, 0x03, 0x64, 0x23, 0x23, 0x1b, 0x40, 0x22, 0xe0, 0x03, 0xe0, 0x07,
  0xa5, 0x2a, 0xe3, 0x1a, 0xc3, 0x22, 0xe2, 0x22, 0xc1, 0x22, 0x81, 0x1a, 0x81, 0x1a, 0x61, 0x12,
  0xa1, 0x1a, 0xa1, 0x1a, 0x80, 0x1a, 0x01, 0x23, 0x42, 0x23, 0xc1, 0x1a, 0xc1, 0x1a, 0xe1, 0x1a,
  0xa0, 0x1a, 0xe1, 0x1a, 0x42, 0x23, 0xe1, 0x1a, 0xa0, 0x09, 0xc0, 0x09, 0x60, 0x0a, 0xa0, 0x12,
  0x61, 0x1b, 0x01, 0x13, 0xc1, 0x12, 0x00, 0x02, 0x20, 0x0a, 0xa1, 0x0a, 0x61, 0x1b, 0x84, 0x45,
  0xa1, 0x0a, 0x43, 0x2c, 0x84, 0x35, 0xe6, 0x4d, 0x23, 0x2c, 0xe0, 0x09, 0xe1, 0x11, 0x61, 0x1a,
  0x81, 0x1a, 0xe1, 0x22, 0xe1, 0x22, 0xc1, 0x1a, 0x61, 0x12, 0xe1, 0x1a, 0x00, 0x13, 0x63, 0x2c,
  0x2b, 0x67, 0x61, 0x12, 0x41, 0x1b, 0x42, 0x23, 0x80, 0x1a, 0xe3, 0x2b, 0xe0, 0x03, 0x00, 0x00,
  0x00, 0x00, 0xe0, 0x03, 0xe0, 0x03, 0xe0, 0x7b, 0x00, 0x00, 0x00, 0x00, 0x00, 0x00, 0x00, 0x00,
  0x00, 0x00, 0x00, 0x00, 0x00, 0x00, 0x00, 0x00, 0x00, 0x00, 0x00, 0x00, 0x00, 0x00, 0x00, 0x00,
  0x00, 0x00, 0x00, 0x00, 0x00, 0x00, 0x00, 0x00, 0x00, 0x00, 0x00, 0x00, 0x00, 0x00, 0x00, 0x00,
  0x00, 0x00, 0xc0, 0x19, 0xa2, 0x22, 0xa0, 0x52, 0x00, 0x00, 0x00, 0x00, 0x00, 0x00, 0x00, 0x00,
  0x00, 0x00, 0x00, 0x00, 0x00, 0x00, 0x00, 0x00, 0x00, 0x00, 0x00, 0x00, 0x00, 0x00, 0x00, 0x00,
  0x00, 0x00, 0x00, 0x00, 0x00, 0x00, 0x00, 0x00, 0x00, 0x00, 0x00, 0x00, 0x00, 0x00, 0x00, 0x00,
  0x00, 0x00, 0x00, 0x00, 0x00, 0x00, 0x00, 0x00, 0x00, 0x00, 0x00, 0x00, 0x00, 0x00, 0x00, 0x00,
  0x00, 0x00, 0x00, 0x00, 0x00, 0x00, 0x00, 0x00, 0x00, 0x00, 0x00, 0x00, 0x00, 0x00, 0x00, 0x00,
  0x00, 0x00, 0x00, 0x00, 0x00, 0x00, 0x00, 0x00, 0x00, 0x00, 0x00, 0x00, 0x00, 0x00, 0x00, 0x00,
  0x00, 0x00, 0x00, 0x00, 0x00, 0x00, 0x00, 0x00, 0x00, 0x00, 0x00, 0x00, 0x00, 0x00, 0x00, 0x00,
  0x00, 0x00, 0x00, 0x00, 0x00, 0x00, 0x00, 0x00, 0x00, 0x00, 0x00, 0x00, 0x00, 0x00, 0x00, 0x00,
  0x00, 0x00, 0x00, 0x00, 0x00, 0x00, 0x00, 0x00, 0x00, 0x00, 0x00, 0x00, 0x00, 0x00, 0x00, 0x00,
  0x00, 0x00, 0x00, 0x00, 0x00, 0x00, 0x00, 0x00, 0x00, 0x00, 0x00, 0x00, 0x00, 0x00, 0x00, 0x00,
  0x00, 0x00, 0x00, 0x00, 0x00, 0x00, 0x00, 0x00, 0x00, 0x00, 0x00, 0x00, 0xa0, 0x2a, 0x43, 0x2b,
  0xa1, 0x2b, 0x42, 0x33, 0x01, 0x23, 0x01, 0x23, 0x82, 0x23, 0xe2, 0x2b, 0xa1, 0x23, 0x62, 0x24,
  0x23, 0x35, 0xc3, 0x2c, 0x01, 0x24, 0xa1, 0x23, 0xc2, 0x2b, 0xa1, 0x23, 0x02, 0x2c, 0xc2, 0x23,
  0x81, 0x23, 0x42, 0x2c, 0x22, 0x24, 0x03, 0x2d, 0x24, 0x35, 0x65, 0x35, 0x47, 0x46, 0xc4, 0x2d,
  0xe5, 0x2d, 0x24, 0x25, 0xeb, 0x5e, 0x83, 0x25, 0x62, 0x1c, 0x03, 0x24, 0x85, 0x35, 0x41, 0x13,
  0xc1, 0x12, 0x60, 0x12, 0xc1, 0x1a, 0xc1, 0x1a, 0x01, 0x23, 0x21, 0x23, 0xc1, 0x1a, 0xa1, 0x12,
  0xa0, 0x12, 0x81, 0x12, 0xa1, 0x12, 0xa1, 0x12, 0x40, 0x12, 0x00, 0x0a, 0x20, 0x0a, 0x40, 0x0a,
  0x00, 0x0a, 0x60, 0x01, 0xe0, 0x01, 0x00, 0x0a, 0x81, 0x12, 0xa1, 0x12, 0x60, 0x12, 0xa1, 0x12,
  0x61, 0x12, 0x21, 0x1b, 0x61, 0x1b, 0x81, 0x12, 0xa1, 0x12, 0xe1, 0x1a, 0xa1, 0x12, 0xc1, 0x12,
  0x01, 0x13, 0xc1, 0x12, 0x80, 0x12, 0x80, 0x12, 0x81, 0x12, 0x20, 0x12, 0x41, 0x12, 0x81, 0x1a,
  0xe2, 0x22, 0xa1, 0x1a, 0x00, 0x12, 0x61, 0x12, 0x01, 0x1b, 0x00, 0x12, 0xe2, 0x1a, 0x22, 0x2b,
  0xc1, 0x22, 0xc1, 0x22, 0xc1, 0x22, 0xc2, 0x22, 0xa1, 0x22, 0xa1, 0x22, 0xa1, 0x22, 0xe2, 0x22,
  0xe1, 0x22, 0x02, 0x2b, 0x42, 0x2b, 0xe2, 0x12, 0x00, 0x00, 0x00, 0x00, 0xe7, 0x3b, 0x00, 0xf8,
  0x00, 0x00, 0x00, 0x00, 0xa0, 0x2a, 0x42, 0x2b, 0xe2, 0x2a, 0xc1, 0x1a, 0xa1, 0x1a, 0x22, 0x23,
  0xe1, 0x1a, 0x80, 0x12, 0x60, 0x12, 0xc1, 0x1a, 0xa1, 0x1a, 0x01, 0x23, 0xa1, 0x1a, 0xa1, 0x1a,
  0x01, 0x23, 0xe1, 0x1a, 0x80, 0x12, 0xe1, 0x1a, 0x41, 0x1b, 0xc0, 0x12, 0x01, 0x13, 0x01, 0x13,
  0xa0, 0x0a, 0xe0, 0x01, 0x00, 0x02, 0x81, 0x0a, 0x80, 0x0a, 0x01, 0x0b, 0x60, 0x0a, 0x20, 0x02,
  0xc2, 0x1b, 0x04, 0x46, 0x82, 0x1b, 0xc4, 0x3c, 0x23, 0x2d, 0x02, 0x24, 0x21, 0x13, 0x60, 0x0a,
  0x41, 0x12, 0x41, 0x12, 0x20, 0x0a, 0xc1, 0x12, 0x42, 0x23, 0x01, 0x13, 0x21, 0x13, 0x61, 0x13,
  0x62, 0x1b, 0xa0, 0x12, 0xa1, 0x0a, 0x40, 0x0a, 0xe0, 0x11, 0x01, 0x23, 0x21, 0x23, 0xa2, 0x23,
  0x02, 0x23, 0xe3, 0x33, 0x20, 0x33, 0x82, 0x2b, 0x23, 0x33, 0xe7, 0x03, 0x00, 0x00, 0x00, 0x00,
  0x00, 0x00, 0x00, 0x00, 0x00, 0x00, 0x00, 0x00, 0x00, 0x00, 0x00, 0x00, 0x00, 0x00, 0x00, 0x00,
  0x00, 0x00, 0x00, 0x00, 0x26, 0x33, 0x00, 0x00, 0x00, 0x00, 0x00, 0x00, 0x00, 0x00, 0x00, 0x00,
  0x00, 0x00, 0xe0, 0x03, 0x00, 0x00, 0x81, 0x22, 0xa1, 0x22, 0xa0, 0x52, 0x00, 0x00, 0x00, 0x00,
  0x00, 0x00, 0x00, 0x00, 0x00, 0x00, 0x00, 0x00, 0x00, 0x00, 0x00, 0x00, 0x00, 0x00, 0x00, 0x00,
  0x00, 0x00, 0x00, 0x00, 0x00, 0x00, 0x00, 0x00, 0x00, 0x00, 0x00, 0x00, 0x00, 0x00, 0x00, 0x00,
  0x00, 0x00, 0x00, 0x00, 0x00, 0x00, 0x00, 0x00, 0x00, 0x00, 0x00, 0x00, 0x00, 0x00, 0x00, 0x00,
  0x00, 0x00, 0x00, 0x00, 0x00, 0x00, 0x00, 0x00, 0x00, 0x00, 0x00, 0x00, 0x00, 0x00, 0x00, 0x00,
  0x00, 0x00, 0x00, 0x00, 0x00, 0x00, 0x00, 0x00, 0x00, 0x00, 0x00, 0x00, 0x00, 0x00, 0x00, 0x00,
  0x00, 0x00, 0x00, 0x00, 0x00, 0x00, 0x00, 0x00, 0x00, 0x00, 0x00, 0x00, 0x00, 0x00, 0x00, 0x00,
  0x00, 0x00, 0x00, 0x00, 0x00, 0x00, 0x00, 0x00, 0x00, 0x00, 0x00, 0x00, 0x00, 0x00, 0x00, 0x00,
  0x00, 0x00, 0x00, 0x00, 0x00, 0x00, 0x00, 0x00, 0x00, 0x00, 0x00, 0x00, 0x00, 0x00, 0x00, 0x00,
  0x00, 0x00, 0x00, 0x00, 0x00, 0x00, 0x00, 0x00, 0x00, 0x00, 0x00, 0x00, 0x00, 0x00, 0x00, 0x00,
  0x00, 0x00, 0x00, 0x00, 0x00, 0x00, 0x00, 0x00, 0x00, 0x00, 0x00, 0x00, 0x00, 0x00, 0xa0, 0x52,
  0x00, 0x00, 0x60, 0x23, 0x62, 0x33, 0x83, 0x3b, 0x81, 0x2b, 0x21, 0x23, 0x21, 0x23, 0x43, 0x34,
  0xe2, 0x2b, 0xc3, 0x2c, 0x25, 0x46, 0xe5, 0x35, 0x84, 0x35, 0xa2, 0x2c, 0xc1, 0x23, 0xe2, 0x2b,
  0x83, 0x2c, 0x22, 0x24, 0xa1, 0x1b, 0x62, 0x2c, 0x62, 0x24, 0x43, 0x35, 0xc5, 0x3d, 0x88, 0x46,
  0xc8, 0x4e, 0xe4, 0x2d, 0x63, 0x1d, 0xaa, 0x56, 0xa8, 0x46, 0x05, 0x36, 0x43, 0x1c, 0x27, 0x46,
  0x22, 0x1c, 0xa0, 0x0a, 0xe1, 0x1a, 0x03, 0x2c, 0xe2, 0x2b, 0x82, 0x23, 0x21, 0x1b, 0xa0, 0x12,
  0x60, 0x0a, 0x40, 0x0a, 0x40, 0x12, 0x00, 0x0a, 0x00, 0x0a, 0x40, 0x12, 0x80, 0x12, 0xa0, 0x0a,
  0x80, 0x0a, 0x21, 0x13, 0x01, 0x13, 0xe0, 0x0a, 0x41, 0x13, 0x21, 0x13, 0x01, 0x13, 0xc1, 0x12,
  0xa1, 0x12, 0x40, 0x0a, 0x60, 0x0a, 0x20, 0x0a, 0x60, 0x0a, 0x01, 0x13, 0x21, 0x13, 0xe1, 0x12,
  0xa1, 0x12, 0xa1, 0x12, 0xc1, 0x12, 0xa0, 0x12, 0x80, 0x12, 0x80, 0x12, 0x80, 0x12, 0x40, 0x0a,
  0xa1, 0x12, 0xe1, 0x1a, 0x61, 0x12, 0x20, 0x12, 0x00, 0x0a, 0x41, 0x12, 0x00, 0x12, 0x00, 0x12,
  0x02, 0x1b, 0x40, 0x12, 0x81, 0x1a, 0xc1, 0x22, 0xa1, 0x22, 0xa1, 0x22, 0x61, 0x1a, 0x61, 0x1a,
  0xc1, 0x22, 0x22, 0x2b, 0xc1, 0x22, 0xc1, 0x22, 0x82, 0x43, 0xe1, 0x2a, 0x03, 0x2b, 0x01, 0x2b,
  0x42, 0x2b, 0x01, 0x2b, 0x02, 0x23, 0x02, 0x23, 0x62, 0x23, 0x62, 0x2b, 0x02, 0x23, 0x81, 0x1a,
  0x81, 0x12, 0x61, 0x1a, 0x40, 0x12, 0x40, 0x0a, 0x40, 0x12, 0x60, 0x12, 0xa1, 0x1a, 0x81, 0x12,
  0xc1, 0x1a, 0xc1, 0x1a, 0xe1, 0x1a, 0xc1, 0x1a, 0xe1, 0x12, 0x21, 0x13, 0xa1, 0x12, 0xe0, 0x0a,
  0x41, 0x13, 0xc2, 0x13, 0x21, 0x0b, 0x80, 0x02, 0xc0, 0x0a, 0xe1, 0x12, 0x01, 0x13, 0x61, 0x13,
  0x80, 0x02, 0x40, 0x02, 0x61, 0x13, 0x22, 0x24, 0x40, 0x02, 0x40, 0x0a, 0x82, 0x1b, 0x60, 0x02,
  0xc1, 0x0a, 0x81, 0x1b, 0xc1, 0x12, 0x20, 0x0a, 0x01, 0x13, 0xe0, 0x12, 0x62, 0x1b, 0xa1, 0x1b,
  0xa1, 0x1b, 0xa0, 0x0a, 0x42, 0x1b, 0x61, 0x12, 0x01, 0x13, 0xc3, 0x24, 0x81, 0x1b, 0xa4, 0x3c,
  0x62, 0x23, 0x84, 0x34, 0x82, 0x2b, 0x21, 0x23, 0x41, 0x23, 0x63, 0x2b, 0x40, 0x4a, 0xa5, 0x2a,
  0xe5, 0x53, 0x00, 0x00, 0x00, 0x00, 0xe0, 0x07, 0x00, 0x00, 0x00, 0x00, 0x00, 0x00, 0x00, 0x00,
  0x00, 0x00, 0x00, 0x00, 0x00, 0x00, 0x00, 0x00, 0x00, 0x00, 0x00, 0x00, 0x00, 0x00, 0x00, 0x00,
  0x00, 0x00, 0x00, 0x00, 0x00, 0x00, 0x00, 0x00, 0x00, 0x00, 0xc1, 0x2a, 0xa2, 0x22, 0xa2, 0x22,
  0xe0, 0x07, 0x00, 0x00, 0x00, 0x00, 0x00, 0x00, 0x00, 0x00, 0x00, 0x00, 0x00, 0x00, 0x00, 0x00,
  0x00, 0x00, 0x00, 0x00, 0x00, 0x00, 0x00, 0x00, 0x00, 0x00, 0x00, 0x00, 0x00, 0x00, 0x00, 0x00,
  0x00, 0x00, 0x00, 0x00, 0x00, 0x00, 0x00, 0x00, 0x00, 0x00, 0x00, 0x00, 0x00, 0x00, 0x00, 0x00,
  0x00, 0x00, 0x00, 0x00, 0x00, 0x00, 0x00, 0x00, 0x00, 0x00, 0x00, 0x00, 0x00, 0x00, 0x00, 0x00,
  0x00, 0x00, 0x00, 0x00, 0x00, 0x00, 0x00, 0x00, 0x00, 0x00, 0x00, 0x00, 0x00, 0x00, 0x00, 0x00,
  0x00, 0x00, 0x00, 0x00, 0x00, 0x00, 0x00, 0x00, 0x00, 0x00, 0x00, 0x00, 0x00, 0x00, 0x00, 0x00,
  0x00, 0x00, 0x00, 0x00, 0x00, 0x00, 0x00, 0x00, 0x00, 0x00, 0x00, 0x00, 0x00, 0x00, 0x00, 0x00,
  0x00, 0x00, 0x00, 0x00, 0x00, 0x00, 0x00, 0x00, 0x00, 0x00, 0x00, 0x00, 0x00, 0x00, 0x00, 0x00,
  0x00, 0x00, 0x00, 0x00, 0x00, 0x00, 0x00, 0x00, 0x00, 0x00, 0x00, 0x00, 0x00, 0x00, 0x00, 0x00,
  0x00, 0x00, 0x00, 0x00, 0x00, 0x00, 0x00, 0x00, 0x00, 0x00, 0x00, 0x00, 0xe0, 0x07, 0x00, 0x00,
  0xa0, 0x52, 0xe0, 0x07, 0x00, 0x00, 0xa0, 0x52, 0xa0, 0x52, 0xa2, 0x3b, 0x83, 0x3b, 0xa2, 0x2b,
  0x62, 0x2b, 0x81, 0x23, 0x43, 0x34, 0xe1, 0x23, 0xe3, 0x2c, 0x08, 0x57, 0x86, 0x46, 0x25, 0x3e,
  0x84, 0x3d, 0x22, 0x24, 0xe2, 0x23, 0xe4, 0x3c, 0xc3, 0x3c, 0x42, 0x24, 0xa2, 0x24, 0x46, 0x4e,
  0x09, 0x5f, 0x2a, 0x5f, 0xa8, 0x46, 0x24, 0x2e, 0x46, 0x36, 0xea, 0x4e, 0x86, 0x3e, 0xe4, 0x24,
  0x67, 0x46, 0xe5, 0x35, 0x43, 0x24, 0x61, 0x1b, 0x42, 0x23, 0xc2, 0x23, 0x82, 0x23, 0x21, 0x1b,
  0x41, 0x1b, 0x00, 0x1b, 0xe1, 0x12, 0xe1, 0x12, 0xe1, 0x12, 0xc1, 0x12, 0xc0, 0x12, 0x41, 0x13,
  0x61, 0x13, 0xe1, 0x1b, 0xe1, 0x1b, 0x81, 0x13, 0x81, 0x13, 0x61, 0x13, 0x20, 0x0b, 0x20, 0x0b,
  0x61, 0x13, 0x81, 0x13, 0x20, 0x0b, 0x20, 0x0b, 0xa1, 0x13, 0x41, 0x13, 0xe0, 0x0a, 0x21, 0x13,
  0x41, 0x13, 0xc1, 0x12, 0x80, 0x12, 0x01, 0x1b, 0x21, 0x13, 0x21, 0x13, 0xc0, 0x12, 0xe0, 0x12,
  0x60, 0x0a, 0x40, 0x0a, 0xe1, 0x12, 0xa1, 0x12, 0x80, 0x12, 0x81, 0x12, 0x01, 0x1b, 0x81, 0x12,
  0xa1, 0x1a, 0xc1, 0x12, 0xa1, 0x1a, 0xe2, 0x22, 0xa1, 0x1a, 0xe2, 0x22, 0xc2, 0x22, 0x02, 0x2b,
  0xe2, 0x22, 0xa1, 0x22, 0xe2, 0x22, 0xa1, 0x22, 0xa1, 0x22, 0xe2, 0x22, 0x01, 0x23, 0xe2, 0x2a,
  0x03, 0x23, 0x01, 0x23, 0x02, 0x23, 0xe2, 0x2a, 0xe1, 0x22, 0x00, 0x00, 0xe0, 0x1a, 0x63, 0x33,
  0xc1, 0x1a, 0x81, 0x1a, 0xe1, 0x22, 0x80, 0x12, 0x20, 0x12, 0xa0, 0x01, 0xe0, 0x09, 0x60, 0x12,
  0xe1, 0x1a, 0xc1, 0x12, 0x61, 0x1b, 0xe1, 0x12, 0x60, 0x0a, 0xc1, 0x12, 0xc1, 0x1b, 0x01, 0x1c,
  0x81, 0x13, 0x41, 0x0b, 0x81, 0x13, 0xc1, 0x13, 0x42, 0x1c, 0x21, 0x14, 0x62, 0x1c, 0xc1, 0x13,
  0x81, 0x0b, 0xe1, 0x0b, 0x21, 0x14, 0x82, 0x14, 0xc0, 0x0b, 0xe1, 0x0b, 0xa1, 0x13, 0xe0, 0x0a,
  0xe1, 0x0a, 0x61, 0x13, 0x81, 0x13, 0x81, 0x13, 0xa1, 0x13, 0x81, 0x1b, 0x61, 0x1b, 0xa1, 0x1b,
  0xc1, 0x0a, 0xe1, 0x0a, 0xa1, 0x0a, 0xa1, 0x0a, 0xa1, 0x1b, 0xe1, 0x1b, 0x03, 0x25, 0x22, 0x25,
  0xe3, 0x2c, 0x03, 0x2c, 0x82, 0x2b, 0xa2, 0x2b, 0x82, 0x2b, 0x22, 0x23, 0x42, 0x23, 0x42, 0x2b,
  0x83, 0x3b, 0x63, 0x2b, 0x62, 0x2b, 0x00, 0x00, 0xa0, 0x02, 0xe0, 0x7b, 0x00, 0x00, 0x00, 0x00,
  0x00, 0x00, 0x00, 0x00, 0x00, 0x00, 0x00, 0x00, 0x00, 0x00, 0x00, 0x00, 0x00, 0x00, 0x00, 0x00,
  0x00, 0x00, 0x00, 0x00, 0x00, 0x00, 0x00, 0x00, 0x00, 0x00, 0x00, 0x00, 0x00, 0x00, 0x00, 0x00,
  0x00, 0x00, 0xe0, 0x03, 0x00, 0x00, 0x00, 0x00, 0x00, 0x00, 0x00, 0x00, 0x00, 0x00, 0x00, 0x00,
  0x00, 0x00, 0x00, 0x00, 0x00, 0x00, 0x00, 0x00, 0x00, 0x00, 0x00, 0x00, 0x00, 0x00, 0x00, 0x00,
  0x00, 0x00, 0x00, 0x00, 0x00, 0x00, 0x00, 0x00, 0x00, 0x00, 0x00, 0x00, 0x00, 0x00, 0x00, 0x00,
  0x00, 0x00, 0x00, 0x00, 0x00, 0x00, 0x00, 0x00, 0x00, 0x00, 0x00, 0x00, 0x00, 0x00, 0x00, 0x00,
  0x00, 0x00, 0x00, 0x00, 0x00, 0x00, 0x00, 0x00, 0x00, 0x00, 0x00, 0x00, 0x00, 0x00, 0x00, 0x00,
  0x00, 0x00, 0x00, 0x00, 0x00, 0x00, 0x00, 0x00, 0x00, 0x00, 0x00, 0x00, 0x00, 0x00, 0x00, 0x00,
  0x00, 0x00, 0x00, 0x00, 0x00, 0x00, 0x00, 0x00, 0x00, 0x00, 0x00, 0x00, 0x00, 0x00, 0x00, 0x00,
  0x00, 0x00, 0x00, 0x00, 0x00, 0x00, 0x00, 0x00, 0x00, 0x00, 0x00, 0x00, 0x00, 0x00, 0x00, 0x00,
  0x00, 0x00, 0x00, 0x00, 0x00, 0x00, 0x00, 0x00, 0x00, 0x00, 0x00, 0x00, 0x00, 0x00, 0x00, 0x00,
  0x00, 0x00, 0x00, 0x00, 0x00, 0x00, 0x00, 0x00, 0x00, 0x00, 0x00, 0x00, 0x00, 0x00, 0x00, 0x00,
  0x00, 0x00, 0x00, 0x00, 0x00, 0x00, 0x00, 0x00, 0x00, 0x00, 0x00, 0x00, 0xe0, 0x03, 0xe0, 0x3b,
  0xe3, 0x33, 0x44, 0x44, 0xc3, 0x33, 0x21, 0x23, 0x41, 0x23, 0xa2, 0x23, 0xe2, 0x1b, 0x43, 0x35,
  0xa7, 0x56, 0xa7, 0x4e, 0x87, 0x46, 0x46, 0x46, 0x24, 0x35, 0xa2, 0x24, 0x24, 0x3d, 0x85, 0x3d,
  0xe4, 0x35, 0xc7, 0x56, 0x6b, 0x77, 0x4a, 0x5f, 0x09, 0x4f, 0xa7, 0x3e, 0xe9, 0x4e, 0x6e, 0x77,
  0x07, 0x46, 0xc4, 0x24, 0x47, 0x3e, 0xe5, 0x35, 0xa3, 0x24, 0x61, 0x1b, 0xe1, 0x1a, 0xc1, 0x12,
  0x21, 0x13, 0x41, 0x1b, 0xe1, 0x12, 0x21, 0x1b, 0x41, 0x1b, 0x21, 0x13, 0xa2, 0x23, 0x81, 0x1b,
  0xa0, 0x12, 0x61, 0x13, 0x21, 0x13, 0x01, 0x13, 0x21, 0x13, 0x01, 0x13, 0xe0, 0x0a, 0x01, 0x0b,
  0x61, 0x13, 0xa3, 0x24, 0x63, 0x24, 0x02, 0x14, 0x82, 0x1c, 0x61, 0x1c, 0x21, 0x1c, 0xa1, 0x13,
  0x61, 0x13, 0x61, 0x13, 0x41, 0x13, 0xa1, 0x13, 0x02, 0x1c, 0xe2, 0x1b, 0x02, 0x1c, 0x81, 0x13,
  0xa1, 0x13, 0xc1, 0x1b, 0x20, 0x13, 0x61, 0x0a, 0x40, 0x0a, 0x20, 0x0a, 0x40, 0x0a, 0x80, 0x0a,
  0x61, 0x12, 0x80, 0x12, 0xa1, 0x12, 0x61, 0x12, 0x21, 0x12, 0xc2, 0x1a, 0x22, 0x23, 0xe2, 0x22,
  0xa1, 0x1a, 0xe2, 0x22, 0x81, 0x1a, 0x02, 0x2b, 0x42, 0x2b, 0xa2, 0x22, 0xc2, 0x22, 0xe2, 0x22,
  0xe2, 0x22, 0xe2, 0x22, 0x22, 0x23, 0x42, 0x23, 0x41, 0x1b, 0x43, 0x33, 0x04, 0x2b, 0x81, 0x22,
  0xa1, 0x22, 0x82, 0x33, 0x81, 0x1a, 0x40, 0x12, 0x40, 0x12, 0x61, 0x12, 0x41, 0x12, 0x40, 0x01,
  0x00, 0x0a, 0xa1, 0x12, 0xc1, 0x12, 0xa0, 0x12, 0xe1, 0x12, 0x21, 0x13, 0x81, 0x1b, 0xa1, 0x1b,
  0x01, 0x1c, 0xe2, 0x24, 0x62, 0x1c, 0x01, 0x14, 0x41, 0x1c, 0xe1, 0x13, 0xa2, 0x1c, 0xe2, 0x24,
  0xc2, 0x1c, 0xa2, 0x1c, 0x03, 0x25, 0x63, 0x25, 0x43, 0x1d, 0x83, 0x25, 0x02, 0x1d, 0xc2, 0x1c,
  0x41, 0x14, 0xe1, 0x13, 0x01, 0x14, 0xe1, 0x13, 0x61, 0x13, 0x81, 0x13, 0xc1, 0x13, 0x01, 0x1c,
  0x01, 0x1c, 0x01, 0x24, 0xa2, 0x1b, 0xc3, 0x1b, 0x03, 0x24, 0xc2, 0x1b, 0x42, 0x1c, 0xa3, 0x24,
  0x42, 0x1c, 0x24, 0x2d, 0x24, 0x3d, 0x61, 0x1b, 0x62, 0x23, 0xa1, 0x1a, 0x42, 0x23, 0x41, 0x23,
  0x21, 0x23, 0x22, 0x2b, 0x42, 0x2b, 0x42, 0x2b, 0xc2, 0x32, 0xe0, 0x3b, 0x62, 0x23, 0xe0, 0x39,
  0x00, 0x00, 0x00, 0x00, 0x00, 0x00, 0x00, 0x00, 0x00, 0x00, 0x00, 0x00, 0x00, 0x00, 0x00, 0x00,
  0x00, 0x00, 0x00, 0x00, 0x00, 0x00, 0x00, 0x00, 0x00, 0x00, 0xe0, 0x07, 0x00, 0x00, 0x00, 0x00,
  0x26, 0x33, 0xa0, 0x52, 0x86, 0x31, 0x00, 0x00, 0x00, 0x00, 0x00, 0x00, 0x00, 0x00, 0x00, 0x00,
  0x00, 0x00, 0x00, 0x00, 0x00, 0x00, 0x00, 0x00, 0x00, 0x00, 0x00, 0x00, 0x00, 0x00, 0x00, 0x00,
  0x00, 0x00, 0x00, 0x00, 0x00, 0x00, 0x00, 0x00, 0x00, 0x00, 0x00, 0x00, 0x00, 0x00, 0x00, 0x00,
  0x00, 0x00, 0x00, 0x00, 0x00, 0x00, 0x00, 0x00, 0x00, 0x00, 0x00, 0x00, 0x00, 0x00, 0x00, 0x00,
  0x00, 0x00, 0x00, 0x00, 0x00, 0x00, 0x00, 0x00, 0x00, 0x00, 0x00, 0x00, 0x00, 0x00, 0x00, 0x00,
  0x00, 0x00, 0x00, 0x00, 0x00, 0x00, 0x00, 0x00, 0x00, 0x00, 0x00, 0x00, 0x00, 0x00, 0x00, 0x00,
  0x00, 0x00, 0x00, 0x00, 0x00, 0x00, 0x00, 0x00, 0x00, 0x00, 0x00, 0x00, 0x00, 0x00, 0x00, 0x00,
  0x00, 0x00, 0x00, 0x00, 0x00, 0x00, 0x00, 0x00, 0x00, 0x00, 0x00, 0x00, 0x00, 0x00, 0x00, 0x00,
  0x00, 0x00, 0x00, 0x00, 0x00, 0x00, 0x00, 0x00, 0x00, 0x00, 0x00, 0x00, 0x00, 0x00, 0x00, 0x00,
  0x00, 0x00, 0x00, 0x00, 0x00, 0x00, 0x00, 0x00, 0x00, 0x00, 0x00, 0x00, 0x00, 0x00, 0x00, 0x00,
  0x00, 0x00, 0x00, 0x00, 0x00, 0x00, 0x00, 0x00, 0x00, 0x00, 0x00, 0x00, 0x00, 0x00, 0x00, 0x00,
  0x00, 0x00, 0x00, 0x00, 0xe3, 0x33, 0xe3, 0x33, 0x22, 0x34, 0xa2, 0x33, 0x82, 0x2b, 0x02, 0x2c,
  0x02, 0x2c, 0xa3, 0x34, 0xc5, 0x3d, 0x46, 0x3e, 0x05, 0x36, 0xe7, 0x4e, 0x6d, 0x87, 0xc9, 0x5e,
  0x85, 0x3e, 0x46, 0x46, 0x2b, 0x6f, 0xc7, 0x4e, 0xc7, 0x46, 0x0a, 0x57, 0x8c, 0x6f, 0xa5, 0x36,
  0x91, 0x9f, 0xb2, 0xa7, 0x45, 0x26, 0x67, 0x3e, 0x4b, 0x5f, 0xe6, 0x3d, 0xc3, 0x1c, 0x22, 0x1c,
  0xc2, 0x1b, 0xa2, 0x1c, 0x61, 0x1c, 0x22, 0x1c, 0x22, 0x1c, 0xa1, 0x13, 0x20, 0x0b, 0xc0, 0x02,
  0xa0, 0x02, 0xe0, 0x0a, 0x81, 0x13, 0xa1, 0x0b, 0x60, 0x0b, 0x01, 0x14, 0xe1, 0x13, 0x01, 0x14,
  0x23, 0x2d, 0xa4, 0x2d, 0x25, 0x36, 0x85, 0x36, 0xa6, 0x46, 0x25, 0x36, 0xe4, 0x2d, 0x04, 0x36,
  0xe4, 0x2d, 0x25, 0x36, 0x25, 0x36, 0x25, 0x36, 0x05, 0x36, 0x25, 0x36, 0x66, 0x3e, 0x26, 0x3e,
  0x06, 0x3e, 0x26, 0x46, 0xa8, 0x56, 0xa8, 0x56, 0x06, 0x46, 0xc4, 0x35, 0x64, 0x35, 0x63, 0x35,
  0x41, 0x1c, 0xa2, 0x24, 0x04, 0x2d, 0x02, 0x1c, 0x22, 0x1c, 0x82, 0x1b, 0xa0, 0x0a, 0x20, 0x0a,
  0x60, 0x12, 0xc1, 0x12, 0xc1, 0x1a, 0xc1, 0x1a, 0xe1, 0x1a, 0x22, 0x23, 0x02, 0x23, 0x02, 0x23,
  0x02, 0x23, 0x02, 0x23, 0x42, 0x2b, 0x22, 0x23, 0x42, 0x2b, 0x03, 0x2b, 0x62, 0x23, 0x22, 0x23,
  0x02, 0x23, 0xc1, 0x22, 0xe1, 0x22, 0x42, 0x2b, 0x20, 0x12, 0x46, 0x5d, 0x67, 0x55, 0x00, 0x0a,
  0x20, 0x02, 0x83, 0x33, 0x81, 0x12, 0xe1, 0x1a, 0xe2, 0x22, 0x40, 0x0a, 0x61, 0x13, 0x61, 0x13,
  0x20, 0x0b, 0x61, 0x13, 0x61, 0x0b, 0xa0, 0x03, 0xc0, 0x0b, 0x41, 0x0c, 0x41, 0x0c, 0x82, 0x14,
  0x83, 0x25, 0xc4, 0x2d, 0xa4, 0x2d, 0xe5, 0x2d, 0x05, 0x36, 0x05, 0x2e, 0xe5, 0x2d, 0xe5, 0x2d,
  0xe5, 0x2d, 0x64, 0x25, 0x43, 0x25, 0x63, 0x25, 0x42, 0x1d, 0xe1, 0x14, 0xe2, 0x14, 0xe2, 0x1c,
  0x41, 0x14, 0x01, 0x14, 0x01, 0x14, 0xa1, 0x0b, 0xa1, 0x13, 0xa1, 0x1b, 0x81, 0x13, 0x41, 0x13,
  0x00, 0x0b, 0x81, 0x13, 0xa1, 0x13, 0xe2, 0x1b, 0x81, 0x1b, 0x41, 0x13, 0x81, 0x1b, 0xa1, 0x1a,
  0xa1, 0x12, 0x62, 0x23, 0x01, 0x23, 0x41, 0x23, 0x62, 0x2b, 0x62, 0x2b, 0x42, 0x2b, 0x81, 0x2b,
  0xa2, 0x23, 0xe0, 0x7b, 0x00, 0x00, 0xe0, 0x07, 0x00, 0x00, 0x00, 0xf8, 0x00, 0x00, 0x00, 0x00,
  0x00, 0x00, 0x00, 0x00, 0x00, 0x00, 0x00, 0x00, 0x00, 0x00, 0x00, 0x00, 0x00, 0x00, 0x00, 0x00,
  0x00, 0x00, 0x00, 0x00, 0xe0, 0x03, 0x00, 0x00, 0x00, 0x00, 0xe0, 0x7b, 0x00, 0x00, 0x40, 0x55,
  0xa0, 0x02, 0x00, 0x00, 0x00, 0x00, 0x00, 0x00, 0x00, 0x00, 0x00, 0x00, 0x00, 0x00, 0x00, 0x00,
  0x00, 0x00, 0x00, 0x00, 0x00, 0x00, 0xe0, 0x03, 0x80, 0x31, 0x00, 0x00, 0x00, 0x00, 0x00, 0x00,
  0x00, 0x00, 0x00, 0x00, 0x00, 0x00, 0x00, 0x00, 0x00, 0x00, 0x00, 0x00, 0x00, 0x00, 0x00, 0x00,
  0x00, 0x00, 0x00, 0x00, 0x00, 0x00, 0x00, 0x00, 0x00, 0x00, 0x00, 0x00, 0x00, 0x00, 0x00, 0x00,
  0x00, 0x00, 0x00, 0x00, 0x00, 0x00, 0x00, 0x00, 0x00, 0x00, 0x00, 0x00, 0x00, 0x00, 0x00, 0x00,
  0x00, 0x00, 0x00, 0x00, 0x00, 0x00, 0x00, 0x00, 0x00, 0x00, 0x00, 0x00, 0x00, 0x00, 0x00, 0x00,
  0x00, 0x00, 0x00, 0x00, 0x00, 0x00, 0x00, 0x00, 0x00, 0x00, 0x00, 0x00, 0x00, 0x00, 0x00, 0x00,
  0x00, 0x00, 0x00, 0x00, 0x00, 0x00, 0x00, 0x00, 0x00, 0x00, 0x00, 0x00, 0x00, 0x00, 0x00, 0x00,
  0x00, 0x00, 0x00, 0x00, 0x00, 0x00, 0x00, 0x00, 0x00, 0x00, 0x00, 0x00, 0x00, 0x00, 0x00, 0x00,
  0x00, 0x00, 0x00, 0x00, 0x00, 0x00, 0x00, 0x00, 0x00, 0x00, 0x00, 0x00, 0x00, 0x00, 0xe0, 0x7b,
  0x00, 0x00, 0xe0, 0x03, 0x64, 0x4b, 0x42, 0x34, 0xc2, 0x33, 0xc2, 0x33, 0x03, 0x34, 0xe2, 0x33,
  0x02, 0x34, 0xe2, 0x2b, 0xc1, 0x23, 0x62, 0x2c, 0x84, 0x35, 0x25, 0x3e, 0xa7, 0x4e, 0x08, 0x57,
  0x8c, 0x77, 0xd2, 0xa7, 0xae, 0x87, 0x64, 0x2e, 0x2d, 0x77, 0x2b, 0x6f, 0xe8, 0x46, 0xd0, 0x97,
  0x6b, 0x6f, 0x2a, 0x5f, 0xfa, 0xe7, 0xe9, 0x4e, 0xc6, 0x36, 0x8c, 0x6f, 0xeb, 0x66, 0x64, 0x25,
  0x06, 0x3e, 0x04, 0x25, 0xc3, 0x24, 0x03, 0x25, 0xe3, 0x24, 0x64, 0x2d, 0x84, 0x2d, 0x03, 0x25,
  0xa2, 0x24, 0xa3, 0x2c, 0xe3, 0x24, 0x43, 0x25, 0x61, 0x14, 0x61, 0x14, 0x64, 0x2d, 0xc4, 0x2d,
  0x05, 0x36, 0x25, 0x3e, 0x86, 0x46, 0x45, 0x36, 0x05, 0x36, 0xc4, 0x2d, 0x66, 0x46, 0x05, 0x3e,
  0xe5, 0x35, 0x46, 0x3e, 0x25, 0x3e, 0x26, 0x3e, 0xe5, 0x35, 0x26, 0x3e, 0x05, 0x3e, 0x05, 0x3e,
  0xc5, 0x35, 0xa4, 0x2d, 0xe5, 0x3d, 0x05, 0x3e, 0x26, 0x46, 0x26, 0x46, 0x46, 0x46, 0x83, 0x35,
  0xc4, 0x35, 0x05, 0x3e, 0xa4, 0x2d, 0xa4, 0x2d, 0xc2, 0x1c, 0x84, 0x2d, 0x43, 0x25, 0x83, 0x25,
  0xc4, 0x35, 0xe3, 0x24, 0xc1, 0x13, 0xc2, 0x1b, 0x21, 0x13, 0x60, 0x0a, 0xe1, 0x1a, 0xc1, 0x1a,
  0x40, 0x12, 0xa1, 0x1a, 0xa3, 0x2b, 0x02, 0x23, 0xa1, 0x1a, 0xe1, 0x22, 0x42, 0x23, 0x63, 0x2b,
  0xe1, 0x1a, 0xe1, 0x22, 0x01, 0x23, 0x22, 0x2b, 0xe1, 0x1a, 0xe1, 0x1a, 0x81, 0x12, 0x43, 0x3c,
  0x49, 0x7f, 0xa4, 0x35, 0x42, 0x1c, 0x83, 0x3c, 0xc0, 0x09, 0xa0, 0x12, 0x81, 0x13, 0x01, 0x14,
  0xa2, 0x1c, 0x22, 0x14, 0x40, 0x0b, 0x81, 0x0b, 0x01, 0x0c, 0x82, 0x14, 0x03, 0x1d, 0x44, 0x25,
  0xa5, 0x2d, 0xe5, 0x35, 0xe5, 0x2d, 0xc4, 0x2d, 0xc4, 0x2d, 0x84, 0x2d, 0x84, 0x2d, 0x64, 0x25,
  0x23, 0x1d, 0x83, 0x1d, 0xa3, 0x1d, 0x43, 0x1d, 0xc5, 0x35, 0xc5, 0x35, 0xa4, 0x35, 0xe4, 0x35,
  0xc4, 0x2d, 0x05, 0x36, 0xe5, 0x35, 0x43, 0x25, 0x02, 0x1d, 0x03, 0x25, 0xc2, 0x1c, 0x82, 0x1c,
  0xa3, 0x24, 0xe4, 0x2c, 0xe4, 0x2c, 0x82, 0x1c, 0x03, 0x25, 0xa3, 0x24, 0xe2, 0x1b, 0x20, 0x0b,
  0x61, 0x13, 0x41, 0x1b, 0x80, 0x12, 0x21, 0x23, 0x21, 0x23, 0x21, 0x23, 0x42, 0x2b, 0x02, 0x23,
  0x22, 0x23, 0xa2, 0x33, 0xe0, 0x2b, 0xe0, 0x03, 0xe0, 0x7b, 0xe0, 0x03, 0xe0, 0x07, 0x00, 0x00,
  0x00, 0x00, 0x00, 0x00, 0x00, 0x00, 0x00, 0x00, 0x00, 0x00, 0x20, 0x33, 0x23, 0x33, 0x00, 0x00,
  0xe0, 0x07, 0x00, 0x00, 0x00, 0x00, 0x00, 0x00, 0x00, 0x00, 0xe0, 0x07, 0xa0, 0x02, 0xe0, 0x3b,
  0x00, 0x00, 0x00, 0x00, 0xe0, 0x03, 0xe0, 0x03, 0x00, 0x00, 0x00, 0x00, 0x00, 0x00, 0x00, 0x00,
  0x00, 0x00, 0x00, 0x00, 0x00, 0x00, 0x00, 0x00, 0x00, 0x00, 0xe0, 0x03, 0x00, 0x00, 0x00, 0x00,
  0x00, 0x00, 0x00, 0x00, 0x00, 0x00, 0x00, 0x00, 0x00, 0x00, 0x00, 0x00, 0x00, 0x00, 0x00, 0x00,
  0x00, 0x00, 0x00, 0x00, 0x00, 0x00, 0x00, 0x00, 0x00, 0x00, 0x00, 0x00, 0x00, 0x00, 0x00, 0x00,
  0x00, 0x00, 0x00, 0x00, 0x00, 0x00, 0x00, 0x00, 0x00, 0x00, 0x00, 0x00, 0x00, 0x00, 0x00, 0x00,
  0x00, 0x00, 0x00, 0x00, 0x00, 0x00, 0x00, 0x00, 0x00, 0x00, 0x00, 0x00, 0x00, 0x00, 0x00, 0x00,
  0x00, 0x00, 0x00, 0x00, 0x00, 0x00, 0x00, 0x00, 0x00, 0x00, 0x00, 0x00, 0x00, 0x00, 0x00, 0x00,
  0x00, 0x00, 0x00, 0x00, 0x00, 0x00, 0x00, 0x00, 0x00, 0x00, 0x00, 0x00, 0x00, 0x00, 0x00, 0x00,
  0x00, 0x00, 0x00, 0x00, 0x00, 0x00, 0x00, 0x00, 0x00, 0x00, 0x00, 0x00, 0x00, 0x00, 0x00, 0x00,
  0xe0, 0x07, 0x00, 0x00, 0x00, 0x00, 0x00, 0x00, 0x00, 0x00, 0xe0, 0x07, 0x00, 0x00, 0x00, 0x00,
  0x00, 0x00, 0x00, 0x00, 0x26, 0x03, 0x20, 0x33, 0xe3, 0x3b, 0xc2, 0x33, 0xc2, 0x33, 0x03, 0x34,
  0x22, 0x34, 0x22, 0x34, 0xa3, 0x3c, 0xe2, 0x2b, 0xa1, 0x23, 0x22, 0x2c, 0xa3, 0x2c, 0xc5, 0x3d,
  0x66, 0x46, 0xc7, 0x4e, 0x6a, 0x67, 0xb0, 0x97, 0xf7, 0xcf, 0x2a, 0x67, 0x09, 0x4f, 0x67, 0x47,
  0x8c, 0x67, 0xf7, 0xcf, 0x6b, 0x5f, 0xb9, 0xd7, 0xd1, 0xa7, 0x27, 0x47, 0x4c, 0x6f, 0x8e, 0x7f,
  0x06, 0x3e, 0x24, 0x2e, 0x46, 0x36, 0x26, 0x36, 0xe7, 0x46, 0x46, 0x3e, 0xc5, 0x35, 0xa4, 0x2d,
  0x84, 0x2d, 0x63, 0x25, 0x25, 0x36, 0x46, 0x3e, 0x83, 0x25, 0x43, 0x25, 0x43, 0x25, 0x05, 0x3e,
  0x05, 0x3e, 0x23, 0x25, 0xa2, 0x1c, 0x62, 0x1c, 0xa2, 0x14, 0x03, 0x1d, 0x03, 0x25, 0xe2, 0x1c,
  0x43, 0x25, 0x03, 0x25, 0xa3, 0x24, 0xa3, 0x24, 0xc3, 0x24, 0x04, 0x2d, 0xc3, 0x24, 0xe3, 0x1c,
  0xa2, 0x1c, 0x44, 0x25, 0x23, 0x25, 0xe2, 0x1c, 0x21, 0x14, 0x22, 0x14, 0xa2, 0x1c, 0x82, 0x1c,
  0xe3, 0x24, 0xe3, 0x24, 0xc2, 0x1c, 0xc2, 0x1c, 0x43, 0x2d, 0xc4, 0x35, 0x44, 0x2d, 0x82, 0x1c,
  0xa2, 0x1c, 0x85, 0x35, 0xc5, 0x2d, 0x04, 0x36, 0x23, 0x25, 0xc2, 0x1c, 0x41, 0x1c, 0x61, 0x0b,
  0xe1, 0x12, 0x41, 0x1b, 0xc1, 0x12, 0x00, 0x0a, 0xa1, 0x12, 0x01, 0x1b, 0x01, 0x1b, 0x21, 0x1b,
  0x42, 0x23, 0x82, 0x23, 0x42, 0x23, 0xe2, 0x22, 0xe1, 0x1a, 0x62, 0x2b, 0x62, 0x2b, 0xa1, 0x12,
  0x40, 0x12, 0xe0, 0x01, 0x20, 0x02, 0x01, 0x14, 0x23, 0x25, 0xe1, 0x0a, 0xc2, 0x13, 0xa2, 0x1c,
  0x23, 0x25, 0xe2, 0x1c, 0x40, 0x03, 0xe1, 0x0b, 0x62, 0x14, 0x64, 0x25, 0x45, 0x36, 0xc8, 0x4e,
  0x06, 0x3e, 0xc3, 0x1c, 0xa3, 0x1c, 0xc3, 0x24, 0xc3, 0x24, 0x43, 0x1c, 0x82, 0x1b, 0x82, 0x13,
  0xa2, 0x13, 0x21, 0x0b, 0xc1, 0x0a, 0x42, 0x13, 0x82, 0x13, 0xa2, 0x13, 0xe1, 0x0b, 0x01, 0x14,
  0x42, 0x1c, 0x62, 0x1c, 0xa3, 0x1c, 0xc2, 0x1c, 0xc2, 0x1c, 0x63, 0x2d, 0x45, 0x3e, 0xe4, 0x2d,
  0x66, 0x3e, 0x87, 0x4e, 0x84, 0x2d, 0x26, 0x46, 0x46, 0x46, 0x03, 0x25, 0x41, 0x0c, 0xe3, 0x1c,
  0xe4, 0x35, 0xe2, 0x24, 0x82, 0x24, 0x04, 0x35, 0x01, 0x1b, 0xa0, 0x1a, 0x21, 0x23, 0x21, 0x23,
  0x82, 0x2b, 0x62, 0x2b, 0x41, 0x23, 0x62, 0x2b, 0xa2, 0x23, 0x00, 0x00, 0x00, 0x78, 0x00, 0x00,
  0x00, 0x00, 0x00, 0x00, 0x00, 0x00, 0x00, 0x00, 0x00, 0x00, 0x00, 0x00, 0x00, 0x00, 0xe0, 0x2b,
  0xe2, 0x2a, 0x00, 0x00, 0xe0, 0x03, 0xe0, 0x07, 0x00, 0x00, 0xa0, 0x02, 0xa0, 0x02, 0xe0, 0x03,
  0xa0, 0x02, 0xe0, 0x3b, 0xe0, 0x07, 0x00, 0x00, 0xe0, 0x07, 0x00, 0x00, 0x00, 0x00, 0x00, 0x00,
  0x00, 0x00, 0x00, 0x00, 0x00, 0x00, 0x00, 0x00, 0x00, 0x00, 0x00, 0x00, 0x00, 0x00, 0x00, 0x00,
  0x00, 0x00, 0x00, 0x00, 0x00, 0x00, 0x00, 0x00, 0x00, 0x00, 0x00, 0x00, 0x00, 0x00, 0x00, 0x00,
  0x00, 0x00, 0x00, 0x00, 0x00, 0x00, 0x00, 0x00, 0x00, 0x00, 0x00, 0x00, 0x00, 0x00, 0x00, 0x00,
  0x00, 0x00, 0x00, 0x00, 0x00, 0x00, 0x00, 0x00, 0x00, 0x00, 0x00, 0x00, 0x00, 0x00, 0x00, 0x00,
  0x00, 0x00, 0x00, 0x00, 0x00, 0x00, 0x00, 0x00, 0x00, 0x00, 0x00, 0x00, 0x00, 0x00, 0x00, 0x00,
  0x00, 0x00, 0x00, 0x00, 0x00, 0x00, 0x00, 0x00, 0x00, 0x00, 0x00, 0x00, 0x00, 0x00, 0x00, 0x00,
  0x00, 0x00, 0x00, 0x00, 0x00, 0x00, 0x00, 0x00, 0x00, 0x00, 0x00, 0x00, 0x00, 0x00, 0x00, 0x00,
  0x00, 0x00, 0x00, 0x00, 0x00, 0x00, 0x00, 0x00, 0x00, 0x00, 0x00, 0x00, 0x00, 0x00, 0x00, 0x00,
  0x00, 0x00, 0x00, 0x00, 0x00, 0x00, 0x00, 0x00, 0x00, 0x00, 0x00, 0x00, 0x00, 0x00, 0x00, 0x00,
  0x00, 0x00, 0x00, 0x00, 0x00, 0x00, 0x00, 0x00, 0x60, 0x23, 0x64, 0x23, 0xa4, 0x33, 0x44, 0x3c,
  0xc2, 0x33, 0xe2, 0x33, 0x03, 0x2c, 0x02, 0x34, 0x02, 0x2c, 0xe2, 0x2b, 0xc1, 0x1b, 0x01, 0x24,
  0xc3, 0x2c, 0x84, 0x35, 0x26, 0x46, 0xe7, 0x4e, 0x49, 0x5f, 0xf1, 0xa7, 0xf6, 0xbf, 0xf7, 0xcf,
  0xd9, 0xd7, 0xae, 0x7f, 0xf5, 0xb7, 0xd8, 0xcf, 0xb1, 0x97, 0xdb, 0xef, 0xab, 0x6f, 0xf4, 0xb7,
  0x91, 0x8f, 0x86, 0x36, 0xc7, 0x46, 0x09, 0x57, 0x08, 0x4f, 0x28, 0x4f, 0x25, 0x36, 0x05, 0x36,
  0xa3, 0x25, 0x02, 0x15, 0xa1, 0x14, 0xc4, 0x24, 0xc6, 0x35, 0x46, 0x46, 0xa7, 0x4e, 0xc9, 0x56,
  0x68, 0x4e, 0x24, 0x2d, 0x82, 0x1c, 0x82, 0x14, 0x23, 0x1d, 0xe6, 0x35, 0x03, 0x25, 0x01, 0x14,
  0x21, 0x14, 0xe1, 0x13, 0x81, 0x0b, 0x81, 0x0b, 0x81, 0x0b, 0x21, 0x0b, 0x81, 0x0b, 0x61, 0x0b,
  0x21, 0x0b, 0x01, 0x0b, 0x81, 0x13, 0xc2, 0x13, 0x61, 0x0b, 0xa2, 0x13, 0xe3, 0x1b, 0x61, 0x0b,
  0xc1, 0x13, 0xe2, 0x13, 0x02, 0x14, 0x62, 0x1c, 0x62, 0x1c, 0xa3, 0x24, 0x24, 0x2d, 0x64, 0x2d,
  0x44, 0x2d, 0xc4, 0x2d, 0x05, 0x36, 0xe5, 0x35, 0xe6, 0x3d, 0x84, 0x2d, 0x05, 0x3e, 0x25, 0x3e,
  0x45, 0x3e, 0x66, 0x3e, 0x83, 0x24, 0x81, 0x13, 0x81, 0x13, 0x81, 0x1b, 0x20, 0x0a, 0x80, 0x0a,
  0x01, 0x13, 0xe1, 0x1a, 0xa1, 0x12, 0x22, 0x1b, 0xe1, 0x1a, 0xc1, 0x1a, 0xc1, 0x1a, 0xa1, 0x1a,
  0xa1, 0x12, 0x01, 0x13, 0x21, 0x13, 0xa1, 0x0a, 0xc1, 0x0a, 0x21, 0x0b, 0x61, 0x13, 0x61, 0x0b,
  0x21, 0x14, 0x01, 0x0c, 0xc1, 0x0b, 0x83, 0x24, 0x27, 0x3e, 0xc8, 0x4e, 0xe5, 0x35, 0x26, 0x3e,
  0x65, 0x2d, 0x02, 0x1c, 0xa1, 0x13, 0x00, 0x03, 0x00, 0x03, 0xa0, 0x02, 0xe0, 0x01, 0xa0, 0x01,
  0x80, 0x01, 0xe0, 0x01, 0xa0, 0x01, 0xe0, 0x01, 0x20, 0x02, 0x00, 0x02, 0xc0, 0x01, 0xa0, 0x01,
  0x40, 0x01, 0x00, 0x01, 0x20, 0x01, 0xc0, 0x01, 0x80, 0x02, 0x21, 0x0b, 0x81, 0x0b, 0xa1, 0x0b,
  0x21, 0x14, 0xe3, 0x1c, 0x84, 0x35, 0x26, 0x3e, 0xe8, 0x56, 0xc8, 0x4e, 0x06, 0x46, 0xc6, 0x3d,
  0xc3, 0x24, 0x80, 0x03, 0xe1, 0x0b, 0x03, 0x25, 0xe3, 0x1c, 0xc3, 0x2c, 0x82, 0x2c, 0xe0, 0x12,
  0x62, 0x23, 0x82, 0x2b, 0x82, 0x2b, 0xc1, 0x2b, 0xa2, 0x23, 0xc3, 0x2b, 0x23, 0x33, 0xe0, 0x2b,
  0x40, 0x55, 0xe0, 0x07, 0xe0, 0x07, 0x00, 0x00, 0xe0, 0x3b, 0x00, 0x00, 0x00, 0x00, 0x00, 0x00,
  0x00, 0x00, 0xa0, 0x52, 0x64, 0x23, 0xe0, 0x39, 0x00, 0x00, 0x00, 0x00, 0xe0, 0x07, 0x20, 0x33,
  0xe0, 0x3b, 0x00, 0x00, 0xa0, 0x2a, 0xa3, 0x3a, 0x00, 0x00, 0xe0, 0x07, 0x00, 0x00, 0xe0, 0x03,
  0xa3, 0x3a, 0x00, 0x00, 0x00, 0x00, 0x00, 0x00, 0x00, 0x00, 0x00, 0x00, 0x00, 0x00, 0x00, 0x00,
  0x00, 0x00, 0x00, 0x00, 0x00, 0x00, 0x00, 0x00, 0x00, 0x00, 0x00, 0x00, 0x00, 0x00, 0x00, 0x00,
  0x00, 0x00, 0x00, 0x00, 0x00, 0x00, 0x00, 0x00, 0x00, 0x00, 0x00, 0x00, 0x00, 0x00, 0x00, 0x00,
  0x00, 0x00, 0x00, 0x00, 0x00, 0x00, 0x00, 0x00, 0x00, 0x00, 0x00, 0x00, 0x00, 0x00, 0x00, 0x00,
  0x00, 0x00, 0x00, 0x00, 0x00, 0x00, 0x00, 0x00, 0x00, 0x00, 0x00, 0x00, 0x00, 0x00, 0x00, 0x00,
  0x00, 0x00, 0x00, 0x00, 0x00, 0x00, 0x00, 0x00, 0x00, 0x00, 0x00, 0x00, 0x00, 0x00, 0x00, 0x00,
  0x00, 0x00, 0x00, 0x00, 0x00, 0x00, 0x00, 0x00, 0x00, 0x00, 0x00, 0x00, 0x00, 0x00, 0x00, 0x00,
  0x00, 0x00, 0x00, 0x00, 0x00, 0x00, 0x00, 0x00, 0x00, 0x00, 0x00, 0x00, 0x00, 0x00, 0x00, 0x00,
  0x00, 0x00, 0x00, 0x00, 0x00, 0x00, 0x00, 0x00, 0x00, 0x00, 0x00, 0x00, 0x00, 0x00, 0x00, 0x00,
  0x00, 0x00, 0x00, 0x00, 0x00, 0x00, 0x00, 0x00, 0x00, 0x00, 0xe0, 0xff, 0xe0, 0xff, 0xe5, 0x2b,
  0xc3, 0x33, 0x23, 0x3c, 0xc3, 0x33, 0xc2, 0x2b, 0xc2, 0x2b, 0x82, 0x23, 0x41, 0x23, 0xa2, 0x23,
  0x42, 0x24, 0x61, 0x24, 0xe2, 0x2c, 0x24, 0x2d, 0x63, 0x2d, 0x24, 0x36, 0x65, 0x36, 0x6b, 0x67,
  0xf4, 0xb7, 0xf4, 0xaf, 0xfa, 0xdf, 0xff, 0xff, 0xfe, 0xff, 0xfd, 0xef, 0xff, 0xff, 0xf5, 0xbf,
  0xf4, 0xc7, 0xfa, 0xe7, 0xc7, 0x46, 0x87, 0x36, 0x6c, 0x67, 0x8d, 0x77, 0xa7, 0x3e, 0x66, 0x36,
  0x06, 0x36, 0x45, 0x2e, 0x63, 0x25, 0xc5, 0x2d, 0xcb, 0x5e, 0x2f, 0x7f, 0xcb, 0x66, 0x29, 0x56,
  0x24, 0x2d, 0xa3, 0x24, 0x64, 0x24, 0x44, 0x2d, 0x44, 0x2d, 0x02, 0x14, 0xc2, 0x13, 0x61, 0x13,
  0xc1, 0x0a, 0x60, 0x02, 0x40, 0x02, 0x20, 0x02, 0xe0, 0x01, 0xe0, 0x01, 0x20, 0x02, 0x40, 0x02,
  0xe0, 0x01, 0xa0, 0x01, 0xe0, 0x01, 0x20, 0x01, 0xe0, 0x00, 0x40, 0x01, 0x80, 0x09, 0x21, 0x0a,
  0x81, 0x01, 0x80, 0x01, 0x40, 0x02, 0x00, 0x02, 0x20, 0x02, 0x40, 0x02, 0xc0, 0x01, 0xc0, 0x01,
  0x00, 0x02, 0x40, 0x02, 0x00, 0x02, 0xe1, 0x0a, 0x42, 0x13, 0xc2, 0x13, 0x63, 0x1c, 0x42, 0x14,
  0x82, 0x14, 0x63, 0x2d, 0x84, 0x2d, 0xe5, 0x35, 0x46, 0x46, 0x85, 0x35, 0x83, 0x1c, 0xa2, 0x1c,
  0xe2, 0x1b, 0x82, 0x1b, 0xc1, 0x12, 0xc1, 0x12, 0xa1, 0x12, 0xa1, 0x12, 0xc1, 0x12, 0x21, 0x23,
  0xc3, 0x2b, 0xc1, 0x12, 0x60, 0x0a, 0x41, 0x13, 0xa1, 0x13, 0x81, 0x13, 0xe1, 0x1b, 0xa1, 0x13,
  0x22, 0x1c, 0x21, 0x14, 0x01, 0x0c, 0xe3, 0x24, 0x66, 0x46, 0x09, 0x5f, 0x27, 0x46, 0x24, 0x2d,
  0xa1, 0x13, 0xa1, 0x02, 0x20, 0x02, 0x40, 0x02, 0x40, 0x02, 0x00, 0x02, 0x40, 0x02, 0x69, 0x44,
  0x0d, 0x6d, 0x90, 0x85, 0x11, 0x96, 0x32, 0x96, 0xd2, 0x95, 0x92, 0x9e, 0xf2, 0x9e, 0xb2, 0x9e,
  0x71, 0x96, 0xb0, 0x8d, 0x92, 0x9d, 0x19, 0xd7, 0xfb, 0xef, 0x52, 0xa7, 0xa5, 0x3c, 0x60, 0x02,
  0x60, 0x02, 0x80, 0x02, 0x00, 0x02, 0x40, 0x02, 0x01, 0x0b, 0x61, 0x0b, 0x22, 0x14, 0xe3, 0x24,
  0xe6, 0x3d, 0x47, 0x46, 0x8c, 0x77, 0x4b, 0x77, 0xa5, 0x3d, 0x42, 0x1c, 0xa2, 0x1c, 0xc1, 0x13,
  0x01, 0x1c, 0xe2, 0x23, 0x01, 0x1b, 0x62, 0x2b, 0x62, 0x2b, 0xa2, 0x2b, 0x42, 0x23, 0x62, 0x2b,
  0x83, 0x2b, 0xa4, 0x3b, 0x83, 0x3b, 0xe3, 0x3a, 0xe0, 0x7b, 0x00, 0x00, 0xe0, 0x03, 0x00, 0x00,
  0x00, 0x00, 0xe0, 0x07, 0xe0, 0x07, 0x00, 0x00, 0x42, 0x3b, 0xe0, 0x3b, 0xe0, 0x07, 0xe0, 0x07,
  0x26, 0x33, 0x83, 0x3b, 0xa0, 0x02, 0xa5, 0x2a, 0xa1, 0x22, 0xa1, 0x2a, 0xe7, 0x03, 0xe0, 0x7b,
  0x40, 0x55, 0xa3, 0x1a, 0xe3, 0x1a, 0x00, 0x00, 0x00, 0x00, 0x00, 0x00, 0x00, 0x00, 0x00, 0x00,
  0x00, 0x00, 0x00, 0x00, 0x00, 0x00, 0x00, 0x00, 0x00, 0x00, 0x00, 0x00, 0x00, 0x00, 0x00, 0x00,
  0x00, 0x00, 0x00, 0x00, 0x00, 0x00, 0x00, 0x00, 0x00, 0x00, 0x00, 0x00, 0x00, 0x00, 0x00, 0x00,
  0x00, 0x00, 0x00, 0x00, 0x00, 0x00, 0x00, 0x00, 0x00, 0x00, 0x00, 0x00, 0x00, 0x00, 0x00, 0x00,
  0x00, 0x00, 0x00, 0x00, 0x00, 0x00, 0x00, 0x00, 0x00, 0x00, 0x00, 0x00, 0x00, 0x00, 0x00, 0x00,
  0x00, 0x00, 0x00, 0x00, 0x00, 0x00, 0x00, 0x00, 0x00, 0x00, 0x00, 0x00, 0x00, 0x00, 0x00, 0x00,
  0x00, 0x00, 0x00, 0x00, 0x00, 0x00, 0x00, 0x00, 0x00, 0x00, 0x00, 0x00, 0x00, 0x00, 0x00, 0x00,
  0x00, 0x00, 0x00, 0x00, 0x00, 0x00, 0x00, 0x00, 0x00, 0x00, 0x00, 0x00, 0x00, 0x00, 0x00, 0x00,
  0x00, 0x00, 0x00, 0x00, 0x00, 0x00, 0x00, 0x00, 0x00, 0x00, 0x00, 0x00, 0x00, 0x00, 0x00, 0x00,
  0x00, 0x00, 0x00, 0x00, 0xe0, 0x03, 0xe0, 0x03, 0xe0, 0x03, 0xe0, 0x07, 0xa0, 0x02, 0xef, 0x03,
  0x00, 0x00, 0xe2, 0x33, 0x83, 0x33, 0x03, 0x3c, 0xe2, 0x2b, 0x02, 0x2c, 0xc2, 0x2b, 0x81, 0x23,
  0xa2, 0x2b, 0xc3, 0x2c, 0x23, 0x2d, 0x84, 0x35, 0xe2, 0x2c, 0xe3, 0x24, 0xa4, 0x35, 0x05, 0x2e,
  0x65, 0x36, 0xe6, 0x36, 0x4c, 0x5f, 0x8f, 0x8f, 0xf8, 0xd7, 0xfc, 0xef, 0xfc, 0xf7, 0xfd, 0xf7,
  0xfd, 0xf7, 0xfb, 0xe7, 0xf8, 0xd7, 0xb1, 0x97, 0x6c, 0x6f, 0x4b, 0x5f, 0xc8, 0x46, 0xe9, 0x4e,
  0x68, 0x46, 0x0a, 0x5f, 0x8d, 0x77, 0x4c, 0x67, 0x2c, 0x5f, 0x8e, 0x6f, 0x88, 0x4e, 0x24, 0x25,
  0x21, 0x0c, 0x21, 0x04, 0x61, 0x14, 0xc3, 0x24, 0x63, 0x1c, 0x61, 0x0b, 0x81, 0x0b, 0xe0, 0x02,
  0x80, 0x02, 0xa0, 0x02, 0xc0, 0x02, 0x62, 0x13, 0xa5, 0x33, 0xe8, 0x43, 0x6b, 0x65, 0x90, 0x96,
  0x14, 0xaf, 0x78, 0xc7, 0xde, 0xf7, 0xde, 0xf7, 0x5d, 0xef, 0x9e, 0xef, 0x9d, 0xe7, 0x7c, 0xe7,
  0x5b, 0xe7, 0x9b, 0xe7, 0x5c, 0xdf, 0xff, 0xf7, 0xfb, 0xdf, 0x33, 0x9f, 0x6f, 0x7e, 0xeb, 0x5d,
  0x6a, 0x55, 0x69, 0x55, 0xe8, 0x44, 0x68, 0x44, 0x85, 0x33, 0xc1, 0x12, 0x40, 0x02, 0x00, 0x02,
  0x00, 0x02, 0x80, 0x02, 0x00, 0x03, 0x40, 0x03, 0x80, 0x0b, 0x22, 0x1c, 0xa3, 0x24, 0xe4, 0x2c,
  0xa4, 0x24, 0x22, 0x14, 0x24, 0x2d, 0x08, 0x4e, 0xa1, 0x12, 0xa1, 0x0a, 0x01, 0x0b, 0x81, 0x0a,
  0xa1, 0x12, 0x21, 0x1b, 0x01, 0x1b, 0xa1, 0x0a, 0xe2, 0x13, 0xe3, 0x24, 0xa2, 0x1c, 0x21, 0x14,
  0xc1, 0x0b, 0xa2, 0x14, 0x03, 0x1d, 0x03, 0x1d, 0xc5, 0x35, 0x47, 0x46, 0x84, 0x2d, 0x01, 0x0c,
  0x40, 0x03, 0xc0, 0x02, 0x20, 0x02, 0x60, 0x02, 0xa3, 0x2b, 0x68, 0x44, 0xcb, 0x65, 0x58, 0xc7,
  0x7c, 0xe7, 0xfe, 0xef, 0xff, 0xff, 0xff, 0xff, 0xff, 0xff, 0xff, 0xff, 0xff, 0xff, 0xff, 0xff,
  0xff, 0xff, 0xff, 0xff, 0xff, 0xff, 0xff, 0xff, 0xff, 0xff, 0xff, 0xff, 0xff, 0xff, 0xff, 0xff,
  0xfd, 0xef, 0x7b, 0xe7, 0xf6, 0xbe, 0x4f, 0x8e, 0xc8, 0x54, 0x43, 0x1b, 0xa0, 0x02, 0xa0, 0x02,
  0x80, 0x02, 0x20, 0x03, 0x01, 0x14, 0x81, 0x0b, 0xa4, 0x2c, 0xea, 0x5e, 0x4a, 0x57, 0x84, 0x2d,
  0x03, 0x25, 0x83, 0x1c, 0x00, 0x0b, 0xe1, 0x1b, 0xc2, 0x1b, 0xc1, 0x12, 0x82, 0x23, 0x82, 0x2b,
  0xc3, 0x23, 0x82, 0x2b, 0xa2, 0x23, 0x64, 0x4b, 0xa0, 0x52, 0xe0, 0x2b, 0x00, 0x00, 0x00, 0x00,
  0x00, 0x00, 0x00, 0x00, 0x00, 0x00, 0x00, 0x00, 0xef, 0x7b, 0x00, 0x00, 0x40, 0x05, 0x00, 0x00,
  0x00, 0x00, 0x00, 0x00, 0xa0, 0x2a, 0x01, 0x2b, 0xc1, 0x2a, 0xc1, 0x22, 0xa2, 0x2a, 0xc3, 0x32,
  0xa0, 0x2a, 0xa0, 0x02, 0xe0, 0x03, 0xe0, 0x03, 0x00, 0x00, 0xe0, 0xff, 0x00, 0x00, 0x00, 0x00,
  0x00, 0x00, 0x00, 0x00, 0x00, 0x00, 0x00, 0x00, 0x00, 0x00, 0x00, 0x00, 0xe0, 0x03, 0x00, 0x00,
  0x00, 0x00, 0x00, 0x00, 0x00, 0x00, 0x00, 0x00, 0x00, 0x00, 0x00, 0x00, 0x00, 0x00, 0x00, 0x00,
  0x00, 0x00, 0x00, 0x00, 0x00, 0x00, 0x00, 0x00, 0x00, 0x00, 0x00, 0x00, 0x00, 0x00, 0x00, 0x00,
  0x00, 0x00, 0x00, 0x00, 0x00, 0x00, 0x00, 0x00, 0x00, 0x00, 0x00, 0x00, 0x00, 0x00, 0x00, 0x00,
  0x00, 0x00, 0x00, 0x00, 0x00, 0x00, 0x00, 0x00, 0x00, 0x00, 0x00, 0x00, 0x00, 0x00, 0x00, 0x00,
  0x00, 0x00, 0x00, 0x00, 0x00, 0x00, 0x00, 0x00, 0x00, 0x00, 0x00, 0x00, 0x00, 0x00, 0x00, 0x00,
  0x00, 0x00, 0x00, 0x00, 0x00, 0x00, 0x00, 0x00, 0x00, 0x00, 0x00, 0x00, 0x00, 0x00, 0x00, 0x00,
  0x00, 0x00, 0x00, 0x00, 0x00, 0x00, 0x00, 0x00, 0x00, 0x00, 0x00, 0x00, 0x00, 0x00, 0x00, 0x00,
  0x00, 0x00, 0x00, 0x00, 0x00, 0x00, 0x00, 0x00, 0x00, 0x00, 0x00, 0x00, 0x00, 0x00, 0x00, 0x00,
  0x00, 0x00, 0x26, 0x63, 0xc3, 0x33, 0xa3, 0x33, 0xe3, 0x33, 0xe2, 0x3b, 0xc2, 0x2b, 0x62, 0x23,
  0x61, 0x23, 0xc1, 0x23, 0x82, 0x34, 0xa5, 0x3d, 0xe5, 0x35, 0xe5, 0x3d, 0x03, 0x2d, 0x23, 0x2d,
  0x46, 0x46, 0x45, 0x36, 0xe9, 0x56, 0x8e, 0x7f, 0xc5, 0x36, 0x6a, 0x5f, 0xfb, 0xdf, 0xfe, 0xff,
  0xfd, 0xf7, 0xfe, 0xff, 0xfd, 0xf7, 0xff, 0xff, 0xfb, 0xdf, 0xf7, 0xc7, 0xf7, 0xcf, 0xae, 0x77,
  0x95, 0xb7, 0xd6, 0xbf, 0xf0, 0x97, 0x6b, 0x67, 0xc7, 0x46, 0xc8, 0x4e, 0x67, 0x3e, 0x64, 0x25,
  0xa2, 0x14, 0x82, 0x14, 0x62, 0x14, 0x02, 0x14, 0x82, 0x13, 0x41, 0x03, 0x60, 0x03, 0x60, 0x03,
  0x21, 0x03, 0xe1, 0x0a, 0x63, 0x1c, 0xab, 0x5d, 0xf3, 0xa6, 0xd9, 0xcf, 0xfd, 0xef, 0xff, 0xff,
  0xff, 0xff, 0xff, 0xff, 0xff, 0xff, 0xff, 0xff, 0xfe, 0xf7, 0xfe, 0xf7, 0xfc, 0xef, 0xfb, 0xdf,
  0xfc, 0xef, 0xfe, 0xef, 0xfe, 0xf7, 0xff, 0xff, 0xfe, 0xf7, 0xfe, 0xf7, 0xff, 0xff, 0xff, 0xff,
  0xff, 0xff, 0xff, 0xff, 0xff, 0xff, 0xff, 0xff, 0xff, 0xff, 0xff, 0xff, 0xfb, 0xe7, 0xb7, 0xc7,
  0x35, 0xaf, 0x73, 0xa6, 0xcf, 0x85, 0xc7, 0x44, 0xa6, 0x34, 0x64, 0x2c, 0x42, 0x13, 0x21, 0x13,
  0xe0, 0x02, 0x01, 0x0b, 0xa0, 0x02, 0x83, 0x24, 0x47, 0x3e, 0x82, 0x13, 0x01, 0x0a, 0x22, 0x13,
  0xc1, 0x0a, 0xa0, 0x0a, 0x81, 0x12, 0x80, 0x0a, 0x20, 0x02, 0x81, 0x13, 0x23, 0x25, 0xc2, 0x14,
  0x62, 0x14, 0xc1, 0x0b, 0x62, 0x14, 0xa2, 0x14, 0x03, 0x1d, 0x64, 0x25, 0xa3, 0x1c, 0x21, 0x0c,
  0xa1, 0x0b, 0x00, 0x03, 0xa0, 0x02, 0xc3, 0x1b, 0xec, 0x75, 0xb3, 0xae, 0xfb, 0xe7, 0xff, 0xff,
  0xff, 0xff, 0xfe, 0xff, 0xfd, 0xf7, 0xfe, 0xf7, 0xfe, 0xf7, 0xdc, 0xe7, 0xdd, 0xef, 0xfd, 0xef,
  0xdd, 0xf7, 0xfd, 0xef, 0xfc, 0xef, 0xfd, 0xef, 0xfc, 0xe7, 0xda, 0xd7, 0xd9, 0xd7, 0xfa, 0xdf,
  0xd9, 0xdf, 0xd9, 0xcf, 0xfa, 0xdf, 0xfd, 0xf7, 0xff, 0xff, 0xff, 0xff, 0xff, 0xff, 0xfb, 0xdf,
  0x15, 0xaf, 0x72, 0x9e, 0x6a, 0x5d, 0x81, 0x0b, 0x00, 0x03, 0x80, 0x03, 0x81, 0x0b, 0xa1, 0x0b,
  0x83, 0x24, 0x68, 0x46, 0xc9, 0x4e, 0x05, 0x36, 0xc5, 0x35, 0xc1, 0x0b, 0x21, 0x13, 0x21, 0x13,
  0xa2, 0x2b, 0x42, 0x23, 0x82, 0x23, 0x62, 0x23, 0xa2, 0x23, 0x23, 0x33, 0x00, 0x78, 0x00, 0x00,
  0xe0, 0x03, 0x64, 0x23, 0x20, 0x33, 0x83, 0x3b, 0xa5, 0x2a, 0xe0, 0x7b, 0x00, 0x00, 0x40, 0x55,
  0xa0, 0x02, 0xe0, 0x03, 0x02, 0x23, 0xe0, 0x07, 0x83, 0x1b, 0xa2, 0x22, 0xa2, 0x22, 0x81, 0x22,
  0x02, 0x23, 0xc2, 0x2a, 0x62, 0x22, 0xa0, 0x2a, 0xe0, 0x03, 0x00, 0x00, 0x00, 0x00, 0x00, 0x00,
  0x00, 0x00, 0x00, 0x00, 0x00, 0x00, 0x00, 0x00, 0x00, 0x00, 0x00, 0x00, 0x00, 0x00, 0xe0, 0x3b,
  0xa0, 0x2a, 0x00, 0x00, 0x00, 0x00, 0x00, 0x00, 0x00, 0x00, 0x00, 0x00, 0x00, 0x00, 0x00, 0x00,
  0x00, 0x00, 0x00, 0x00, 0x00, 0x00, 0x00, 0x00, 0x00, 0x00, 0x00, 0x00, 0x00, 0x00, 0x00, 0x00,
  0x00, 0x00, 0x00, 0x00, 0x00, 0x00, 0x00, 0x00, 0x00, 0x00, 0x00, 0x00, 0x00, 0x00, 0x00, 0x00,
  0x00, 0x00, 0x00, 0x00, 0x00, 0x00, 0x00, 0x00, 0x00, 0x00, 0x00, 0x00, 0x00, 0x00, 0x00, 0x00,
  0x00, 0x00, 0x00, 0x00, 0x00, 0x00, 0x00, 0x00, 0x00, 0x00, 0x00, 0x00, 0x00, 0x00, 0x00, 0x00,
  0x00, 0x00, 0x00, 0x00, 0x00, 0x00, 0xe0, 0x7b, 0x00, 0x00, 0x00, 0x00, 0x00, 0x00, 0x00, 0x00,
  0x00, 0x00, 0x00, 0x00, 0x00, 0x00, 0x00, 0x00, 0x00, 0x00, 0x00, 0x00, 0x00, 0x00, 0x00, 0x00,
  0x00, 0x00, 0x00, 0x00, 0x00, 0x00, 0x00, 0x00, 0x00, 0x00, 0x00, 0x00, 0xe5, 0x2b, 0x42, 0x33,
  0x22, 0x2b, 0x21, 0x2b, 0x21, 0x33, 0x62, 0x33, 0xc2, 0x33, 0xa2, 0x33, 0xc3, 0x33, 0xe3, 0x33,
  0xe3, 0x33, 0xc2, 0x2b, 0xe2, 0x2b, 0xe1, 0x23, 0x62, 0x2c, 0x82, 0x2c, 0xa5, 0x3d, 0x83, 0x2d,
  0x03, 0x2d, 0xc5, 0x35, 0x45, 0x36, 0x86, 0x3e, 0xe8, 0x4e, 0x4b, 0x67, 0xad, 0x7f, 0xd0, 0x97,
  0xfe, 0xff, 0xfe, 0xf7, 0xfe, 0xff, 0xfd, 0xf7, 0xfd, 0xf7, 0xfe, 0xf7, 0xfb, 0xe7, 0xf7, 0xcf,
  0xd3, 0xaf, 0xf7, 0xcf, 0x91, 0x8f, 0x66, 0x2e, 0xa7, 0x3e, 0x09, 0x57, 0x47, 0x46, 0x23, 0x1d,
  0x61, 0x0c, 0x61, 0x14, 0x82, 0x14, 0x42, 0x14, 0xa1, 0x0b, 0xe0, 0x02, 0x00, 0x03, 0xa0, 0x03,
  0x25, 0x34, 0x4b, 0x65, 0x6f, 0x86, 0x56, 0xb7, 0xfd, 0xef, 0xff, 0xff, 0xff, 0xff, 0xfe, 0xff,
  0xdd, 0xef, 0xdb, 0xdf, 0xd7, 0xc7, 0xd6, 0xbf, 0xf9, 0xcf, 0xb5, 0xb7, 0x4f, 0x7f, 0xd6, 0xb7,
  0xb4, 0xaf, 0xd3, 0xa7, 0xd5, 0xb7, 0xb4, 0xa7, 0xd6, 0xb7, 0xf9, 0xd7, 0xfc, 0xe7, 0xfd, 0xef,
  0xfb, 0xe7, 0xd9, 0xd7, 0xf9, 0xd7, 0xdb, 0xdf, 0xda, 0xd7, 0xb8, 0xcf, 0x99, 0xcf, 0xdb, 0xdf,
  0xfd, 0xef, 0xfe, 0xff, 0xff, 0xff, 0xff, 0xff, 0xff, 0xff, 0xfe, 0xf7, 0xfd, 0xf7, 0xfd, 0xf7,
  0xdd, 0xf7, 0x9a, 0xdf, 0x8f, 0x7d, 0xc1, 0x0a, 0x22, 0x1c, 0x62, 0x14, 0x23, 0x25, 0x62, 0x13,
  0x01, 0x13, 0x01, 0x0b, 0x60, 0x02, 0x43, 0x24, 0x22, 0x1c, 0xc0, 0x0a, 0x80, 0x02, 0x43, 0x2d,
  0x45, 0x36, 0x03, 0x1d, 0x81, 0x14, 0x03, 0x1d, 0x23, 0x1d, 0x44, 0x1d, 0xe3, 0x1c, 0xe2, 0x13,
  0x81, 0x0b, 0x40, 0x03, 0xc0, 0x02, 0x06, 0x3c, 0x31, 0x8e, 0xfd, 0xef, 0xff, 0xff, 0xff, 0xff,
  0xfe, 0xf7, 0xdb, 0xe7, 0xd8, 0xcf, 0xfc, 0xef, 0xfc, 0xef, 0xfb, 0xe7, 0xf9, 0xd7, 0xf9, 0xd7,
  0xfb, 0xe7, 0xfa, 0xdf, 0xfb, 0xdf, 0xfb, 0xe7, 0xfa, 0xd7, 0xfd, 0xef, 0xd8, 0xcf, 0xd4, 0xb7,
  0xf6, 0xc7, 0xf7, 0xcf, 0xf8, 0xd7, 0xb5, 0xb7, 0xb2, 0xa7, 0xd6, 0xc7, 0xd8, 0xd7, 0xd8, 0xcf,
  0xda, 0xd7, 0xfd, 0xf7, 0xfe, 0xff, 0xff, 0xff, 0xff, 0xff, 0xbb, 0xdf, 0xed, 0x75, 0xa3, 0x23,
  0xa0, 0x01, 0xc0, 0x02, 0x81, 0x0b, 0x02, 0x14, 0xc5, 0x35, 0x25, 0x3e, 0xa7, 0x46, 0x84, 0x25,
  0x60, 0x0b, 0x20, 0x0b, 0x42, 0x23, 0xc2, 0x2b, 0x61, 0x23, 0x62, 0x23, 0x62, 0x2b, 0x00, 0x00,
  0x83, 0x3b, 0x21, 0x23, 0x61, 0x23, 0x43, 0x2b, 0x00, 0x00, 0xa0, 0x52, 0x64, 0x23, 0xa0, 0x2a,
  0xe0, 0x7b, 0x02, 0x2b, 0x21, 0x23, 0xe1, 0x1a, 0xe2, 0x22, 0x21, 0x23, 0xe2, 0x1a, 0xe2, 0x2a,
  0x61, 0x1a, 0x82, 0x2b, 0xa5, 0x65, 0x03, 0x44, 0x00, 0x22, 0x23, 0x33, 0xa0, 0x52, 0x00, 0x00,
  0x00, 0x00, 0x00, 0x00, 0x00, 0x00, 0x00, 0x00, 0x00, 0x00, 0x00, 0x00, 0x00, 0x00, 0x00, 0x00,
  0xe0, 0x07, 0xe0, 0x03, 0x00, 0x00, 0x00, 0x00, 0x00, 0x00, 0x00, 0x00, 0x00, 0x00, 0x00, 0x00,
  0x00, 0x00, 0x00, 0x00, 0x00, 0x00, 0x00, 0x00, 0x00, 0x00, 0x00, 0x00, 0x00, 0x00, 0x00, 0x00,
  0x00, 0x00, 0x00, 0x00, 0x00, 0x00, 0x00, 0x00, 0x00, 0x00, 0x00, 0x00, 0x00, 0x00, 0x00, 0x00,
  0x00, 0x00, 0x00, 0x00, 0x00, 0x00, 0x00, 0x00, 0x00, 0x00, 0x00, 0x00, 0x00, 0x00, 0x00, 0x00,
  0x00, 0x00, 0x00, 0x00, 0x00, 0x00, 0x00, 0x00, 0x00, 0x00, 0x00, 0x00, 0x00, 0x00, 0x00, 0x00,
  0x00, 0x00, 0x00, 0x00, 0x00, 0x00, 0x00, 0x00, 0x00, 0x00, 0x00, 0x00, 0x00, 0x00, 0x00, 0x00,
  0x00, 0x00, 0x00, 0x00, 0x00, 0x00, 0x00, 0x00, 0x00, 0x00, 0x00, 0x00, 0x00, 0x00, 0x00, 0x00,
  0x00, 0x00, 0x00, 0x00, 0x00, 0x00, 0x00, 0x00, 0x00, 0x00, 0x00, 0x00, 0x00, 0x00, 0x00, 0x00,
  0xe3, 0x3b, 0x82, 0x33, 0x22, 0x2b, 0x62, 0x33, 0x42, 0x33, 0x62, 0x33, 0x84, 0x24, 0xe3, 0x33,
  0x02, 0x34, 0x03, 0x3c, 0xe3, 0x33, 0xe2, 0x33, 0x02, 0x34, 0xa2, 0x2b, 0xc2, 0x2b, 0xc2, 0x23,
  0xe2, 0x23, 0xc3, 0x2c, 0x23, 0x2d, 0x67, 0x46, 0x45, 0x3e, 0x86, 0x3e, 0xe6, 0x46, 0x4a, 0x5f,
  0xd4, 0xb7, 0xf9, 0xd7, 0xfd, 0xff, 0xfe, 0xff, 0xfe, 0xf7, 0xfd, 0xf7, 0xfe, 0xff, 0xfd, 0xf7,
  0xfa, 0xdf, 0xfb, 0xe7, 0xfe, 0xff, 0xf7, 0xcf, 0x71, 0x97, 0xb5, 0xaf, 0x6d, 0x77, 0x49, 0x5e,
  0xa2, 0x1b, 0x81, 0x0b, 0x42, 0x14, 0x43, 0x14, 0xa2, 0x0b, 0x40, 0x02, 0x20, 0x0b, 0x65, 0x34,
  0x51, 0x96, 0x37, 0xc7, 0xfd, 0xef, 0xfd, 0xf7, 0xfb, 0xe7, 0xfb, 0xe7, 0xfd, 0xe7, 0xfb, 0xdf,
  0xfa, 0xd7, 0xfb, 0xdf, 0xf9, 0xcf, 0xd7, 0xbf, 0xd5, 0xb7, 0xf8, 0xcf, 0xf7, 0xbf, 0xb5, 0xaf,
  0xb6, 0xaf, 0xd8, 0xc7, 0xd6, 0xb7, 0xf7, 0xbf, 0xd7, 0xbf, 0xf6, 0xbf, 0xd5, 0xb7, 0xf9, 0xd7,
  0xfb, 0xe7, 0xfb, 0xdf, 0xd8, 0xcf, 0xd4, 0xaf, 0xb2, 0x9f, 0xb4, 0xaf, 0xb6, 0xb7, 0xd8, 0xc7,
  0xd8, 0xc7, 0xf9, 0xd7, 0xfb, 0xef, 0xfc, 0xe7, 0xfb, 0xe7, 0xdc, 0xef, 0xfd, 0xf7, 0xfd, 0xef,
  0xfd, 0xf7, 0xfd, 0xf7, 0xfd, 0xef, 0xff, 0xff, 0xfb, 0xdf, 0xa0, 0x02, 0xa3, 0x24, 0x43, 0x1d,
  0xc5, 0x35, 0x62, 0x1b, 0xe1, 0x12, 0x22, 0x1c, 0x44, 0x2d, 0x69, 0x67, 0x23, 0x25, 0xe1, 0x13,
  0x22, 0x1c, 0xa4, 0x2d, 0x83, 0x2d, 0x05, 0x36, 0x22, 0x1d, 0x23, 0x1d, 0x44, 0x1d, 0x03, 0x1d,
  0x22, 0x14, 0x80, 0x03, 0xe0, 0x02, 0x46, 0x3c, 0xb4, 0xa6, 0xfe, 0xf7, 0xff, 0xff, 0xfd, 0xf7,
  0xfb, 0xe7, 0xfd, 0xef, 0xfd, 0xef, 0xfc, 0xef, 0xb6, 0xbf, 0xfb, 0xe7, 0xfd, 0xf7, 0xfc, 0xe7,
  0xfb, 0xdf, 0xfb, 0xe7, 0xf9, 0xd7, 0xf9, 0xd7, 0xfb, 0xdf, 0xfc, 0xe7, 0xf9, 0xcf, 0xfc, 0xef,
  0xfa, 0xdf, 0xfa, 0xdf, 0xf9, 0xd7, 0xf6, 0xc7, 0xfa, 0xdf, 0xd7, 0xc7, 0xf7, 0xc7, 0xf7, 0xcf,
  0xf7, 0xc7, 0xd7, 0xbf, 0xd6, 0xbf, 0xd6, 0xbf, 0xd8, 0xcf, 0xda, 0xdf, 0xfd, 0xef, 0xfe, 0xff,
  0xff, 0xff, 0xbb, 0xe7, 0xad, 0x75, 0x41, 0x0b, 0xa0, 0x02, 0x62, 0x14, 0x21, 0x14, 0x82, 0x1c,
  0x05, 0x36, 0xe8, 0x56, 0x64, 0x2d, 0x01, 0x14, 0xa1, 0x12, 0xa2, 0x23, 0x82, 0x23, 0x41, 0x23,
  0x82, 0x2b, 0xe3, 0x33, 0x42, 0x23, 0x21, 0x23, 0x42, 0x23, 0x82, 0x2b, 0x22, 0x23, 0x22, 0x23,
  0x82, 0x2b, 0xa0, 0x02, 0x00, 0x00, 0x43, 0x2b, 0x42, 0x2b, 0x42, 0x2b, 0x02, 0x23, 0x02, 0x2b,
  0xa2, 0x2a, 0xe2, 0x2a, 0x40, 0x12, 0x88, 0x55, 0xed, 0x9f, 0x29, 0x7e, 0xa1, 0x22, 0x42, 0x22,
  0x64, 0x4b, 0xa0, 0x02, 0xe0, 0x07, 0x00, 0x00, 0x00, 0x00, 0x00, 0x00, 0x00, 0x00, 0x00, 0x00,
  0x00, 0x00, 0x00, 0x00, 0x00, 0x00, 0x00, 0x00, 0x00, 0x00, 0x00, 0x00, 0x00, 0x00, 0x00, 0x00,
  0x00, 0x00, 0x00, 0x00, 0x00, 0x00, 0x00, 0x00, 0x00, 0x00, 0x00, 0x00, 0x00, 0x00, 0x00, 0x00,
  0x00, 0x00, 0x00, 0x00, 0x00, 0x00, 0x00, 0x00, 0x00, 0x00, 0x00, 0x00, 0x00, 0x00, 0x00, 0x00,
  0x00, 0x00, 0x00, 0x00, 0x00, 0x00, 0x00, 0x00, 0x00, 0x00, 0x00, 0x00, 0x00, 0x00, 0x00, 0x00,
  0x00, 0x00, 0x00, 0x00, 0x00, 0x00, 0x00, 0x00, 0x00, 0x00, 0x00, 0x00, 0x00, 0x00, 0x00, 0x00,
  0x00, 0x00, 0x00, 0x00, 0x00, 0x00, 0x00, 0x00, 0x00, 0x00, 0x00, 0x00, 0x00, 0x00, 0x00, 0x00,
  0x00, 0x00, 0x00, 0x00, 0x00, 0x00, 0x00, 0x00, 0x00, 0x00, 0x00, 0x00, 0x00, 0x00, 0x00, 0x00,
  0x00, 0x00, 0x00, 0x00, 0xe0, 0x03, 0x00, 0x00, 0x00, 0x00, 0x00, 0x00, 0x00, 0x00, 0x00, 0x00,
  0x00, 0x00, 0x00, 0x00, 0x00, 0x00, 0x00, 0x00, 0x00, 0x00, 0x00, 0x00, 0x00, 0x00, 0xe0, 0x07,
  0x00, 0x00, 0xaa, 0x02, 0xe3, 0x3b, 0xc6, 0x64, 0xe3, 0x3b, 0xa2, 0x2b, 0xe2, 0x33, 0xc2, 0x2b,
  0x22, 0x34, 0x22, 0x24, 0x81, 0x13, 0x45, 0x35, 0x05, 0x3e, 0x26, 0x46, 0x45, 0x36, 0x45, 0x36,
  0xa6, 0x36, 0x28, 0x4f, 0x93, 0x9f, 0xfe, 0xf7, 0xfd, 0xf7, 0xfe, 0xff, 0xfe, 0xff, 0xfe, 0xff,
  0xfd, 0xf7, 0xfb, 0xef, 0xff, 0xff, 0xfa, 0xdf, 0xf5, 0xb7, 0xfb, 0xdf, 0xd4, 0xaf, 0x4f, 0x7f,
  0x27, 0x46, 0x63, 0x1c, 0x03, 0x1c, 0xe2, 0x13, 0x21, 0x0b, 0x60, 0x01, 0xe2, 0x1a, 0xec, 0x6c,
  0x37, 0xc7, 0xff, 0xff, 0xff, 0xff, 0xff, 0xff, 0xde, 0xf7, 0xd9, 0xd7, 0xb5, 0xaf, 0xb5, 0xaf,
  0xb4, 0x9f, 0xb4, 0xa7, 0xd8, 0xc7, 0xfa, 0xcf, 0xfa, 0xd7, 0xfa, 0xd7, 0xb5, 0xaf, 0xd6, 0xbf,
  0xd6, 0xb7, 0xf9, 0xcf, 0xfc, 0xe7, 0xf7, 0xbf, 0xd6, 0xb7, 0xf9, 0xc7, 0xf7, 0xbf, 0xf9, 0xc7,
  0xd7, 0xb7, 0xfa, 0xd7, 0xfb, 0xdf, 0xf8, 0xc7, 0xf7, 0xc7, 0xf8, 0xcf, 0xd7, 0xc7, 0xb4, 0xa7,
  0xf8, 0xcf, 0xfd, 0xf7, 0xfd, 0xf7, 0xfc, 0xef, 0xd8, 0xcf, 0xd8, 0xcf, 0xfc, 0xef, 0xfc, 0xf7,
  0xfb, 0xe7, 0xfa, 0xdf, 0xfb, 0xe7, 0xfd, 0xef, 0xfc, 0xe7, 0xfd, 0xef, 0xf3, 0x9e, 0x40, 0x02,
  0xc3, 0x1c, 0x84, 0x2d, 0xa3, 0x1c, 0xe4, 0x2c, 0xe3, 0x24, 0xa4, 0x2d, 0xc4, 0x2d, 0xe3, 0x24,
  0x82, 0x1c, 0xe1, 0x13, 0xc2, 0x1c, 0x43, 0x25, 0xe5, 0x35, 0xc5, 0x35, 0x82, 0x14, 0xc3, 0x1c,
  0x83, 0x1c, 0x41, 0x03, 0xa0, 0x02, 0x25, 0x34, 0xd4, 0xae, 0xff, 0xff, 0xff, 0xff, 0xde, 0xf7,
  0xdb, 0xdf, 0xfc, 0xe7, 0xfc, 0xef, 0xfc, 0xe7, 0xf8, 0xd7, 0xfb, 0xe7, 0xfb, 0xe7, 0xfa, 0xdf,
  0xfc, 0xef, 0xfc, 0xef, 0xfc, 0xe7, 0xfc, 0xe7, 0xf9, 0xd7, 0xf6, 0xb7, 0xf9, 0xcf, 0xfc, 0xe7,
  0xfa, 0xdf, 0xfb, 0xdf, 0xdb, 0xe7, 0xfb, 0xdf, 0xf9, 0xd7, 0xf8, 0xcf, 0xf9, 0xd7, 0xf8, 0xd7,
  0xf9, 0xd7, 0xf7, 0xcf, 0xf7, 0xbf, 0xf8, 0xcf, 0xf9, 0xd7, 0xf9, 0xd7, 0xf8, 0xd7, 0xb7, 0xcf,
  0xfa, 0xdf, 0xf9, 0xdf, 0xfa, 0xdf, 0xfe, 0xf7, 0xff, 0xff, 0xb9, 0xd7, 0x0b, 0x65, 0xa0, 0x02,
  0x80, 0x02, 0xe1, 0x0a, 0x21, 0x14, 0xe5, 0x35, 0x66, 0x46, 0x64, 0x2d, 0xc2, 0x1b, 0x22, 0x23,
  0x82, 0x23, 0x22, 0x23, 0x01, 0x1b, 0x22, 0x23, 0x22, 0x23, 0xc2, 0x2b, 0xa2, 0x2b, 0xc1, 0x2b,
  0x22, 0x2b, 0x62, 0x2b, 0x20, 0x33, 0xe7, 0x3b, 0xa0, 0x52, 0x62, 0x2b, 0x23, 0x2b, 0xe2, 0x2a,
  0x41, 0x2b, 0x02, 0x23, 0xc2, 0x2a, 0xc2, 0x2a, 0x60, 0x12, 0x48, 0x55, 0x6c, 0x76, 0xa6, 0x65,
  0xc1, 0x22, 0x22, 0x22, 0x23, 0x33, 0x20, 0x33, 0x00, 0x00, 0x00, 0x00, 0x00, 0x00, 0x00, 0x00,
  0x00, 0x00, 0x00, 0x00, 0x00, 0x00, 0x00, 0x00, 0x00, 0x00, 0x00, 0x00, 0x00, 0x00, 0x00, 0x00,
  0x00, 0x00, 0x00, 0x00, 0x00, 0x00, 0x00, 0x00, 0x00, 0x00, 0x00, 0x00, 0x00, 0x00, 0x00, 0x00,
  0x00, 0x00, 0x00, 0x00, 0x00, 0x00, 0x00, 0x00, 0x00, 0x00, 0x00, 0x00, 0x00, 0x00, 0x00, 0x00,
  0x00, 0x00, 0x00, 0x00, 0x00, 0x00, 0x00, 0x00, 0x00, 0x00, 0x00, 0x00, 0x00, 0x00, 0x00, 0x00,
  0x00, 0x00, 0x00, 0x00, 0x00, 0x00, 0x00, 0x00, 0x00, 0x00, 0x00, 0x00, 0x00, 0x00, 0x00, 0x00,
  0x00, 0x00, 0x00, 0x00, 0x00, 0x00, 0x00, 0x00, 0x00, 0x00, 0x00, 0x00, 0x00, 0x00, 0x00, 0x00,
  0x00, 0x00, 0x00, 0x00, 0x00, 0x00, 0x00, 0x00, 0x00, 0x00, 0x00, 0x00, 0x00, 0x00, 0x00, 0x00,
  0x00, 0x00, 0x00, 0x00, 0xe0, 0x07, 0x00, 0x00, 0x00, 0x00, 0xe0, 0xff, 0xe0, 0x7b, 0x00, 0x00,
  0x00, 0x00, 0x00, 0x00, 0x00, 0x00, 0x00, 0x00, 0x00, 0x00, 0xe0, 0x03, 0xe0, 0x39, 0xe5, 0x2b,
  0xe2, 0x3b, 0xe3, 0x1b, 0x64, 0x23, 0xc6, 0x34, 0xe3, 0x4b, 0x42, 0x44, 0xe2, 0x33, 0xe2, 0x2b,
  0xc1, 0x2b, 0x81, 0x23, 0x22, 0x24, 0xe3, 0x2c, 0x82, 0x24, 0xe2, 0x24, 0x05, 0x3e, 0x45, 0x3e,
  0x65, 0x36, 0x09, 0x4f, 0x28, 0x57, 0x6c, 0x6f, 0xf9, 0xd7, 0xf8, 0xd7, 0xfe, 0xff, 0xff, 0xff,
  0xfe, 0xff, 0xfe, 0xff, 0xfe, 0xff, 0xfd, 0xef, 0xfe, 0xff, 0xf7, 0xc7, 0xf5, 0xbf, 0xd2, 0x9f,
  0xc8, 0x46, 0xe5, 0x35, 0xe5, 0x35, 0x23, 0x1d, 0xe2, 0x14, 0x40, 0x03, 0x64, 0x24, 0x90, 0x8e,
  0x9b, 0xdf, 0xff, 0xff, 0xff, 0xff, 0xfe, 0xf7, 0xfa, 0xcf, 0xf7, 0xbf, 0xfa, 0xdf, 0xfb, 0xdf,
  0xb3, 0x9f, 0xb3, 0x9f, 0xd5, 0xaf, 0xd8, 0xc7, 0xf7, 0xbf, 0xf7, 0xbf, 0xfb, 0xe7, 0xf9, 0xcf,
  0xd7, 0xbf, 0xf7, 0xc7, 0xf7, 0xbf, 0xf6, 0xbf, 0xf7, 0xbf, 0xf7, 0xc7, 0xf9, 0xcf, 0xfb, 0xdf,
  0xf9, 0xd7, 0xf9, 0xd7, 0xf9, 0xd7, 0xd9, 0xcf, 0xf6, 0xbf, 0xd6, 0xbf, 0xf6, 0xbf, 0xf7, 0xbf,
  0xf7, 0xc7, 0xf8, 0xcf, 0xf8, 0xd7, 0xfb, 0xe7, 0xfc, 0xef, 0xf9, 0xd7, 0xf8, 0xcf, 0xf9, 0xd7,
  0xfb, 0xe7, 0xfd, 0xf7, 0xfb, 0xe7, 0xfc, 0xe7, 0xfd, 0xef, 0xfc, 0xef, 0xdb, 0xe7, 0xfa, 0xd7,
  0x06, 0x3c, 0xa0, 0x02, 0xa1, 0x14, 0x26, 0x46, 0xa5, 0x35, 0x01, 0x0c, 0x62, 0x1c, 0x62, 0x1c,
  0xe1, 0x13, 0x40, 0x0b, 0xc3, 0x1c, 0xc4, 0x2d, 0x46, 0x36, 0x45, 0x2e, 0xe4, 0x25, 0x02, 0x15,
  0x42, 0x0c, 0x81, 0x0b, 0xe0, 0x02, 0xc3, 0x1b, 0x30, 0x86, 0xfe, 0xf7, 0xff, 0xff, 0xfd, 0xef,
  0xfc, 0xef, 0xfc, 0xef, 0xd9, 0xd7, 0xd9, 0xd7, 0xfb, 0xe7, 0xfb, 0xe7, 0xfb, 0xe7, 0xfc, 0xe7,
  0xfb, 0xe7, 0xfb, 0xe7, 0xfa, 0xdf, 0xfc, 0xef, 0xfc, 0xef, 0xfb, 0xe7, 0xfb, 0xe7, 0xfc, 0xe7,
  0xfd, 0xef, 0xff, 0xff, 0xff, 0xff, 0xff, 0xff, 0xff, 0xff, 0xfd, 0xff, 0xfc, 0xef, 0xfa, 0xdf,
  0xd9, 0xd7, 0xfb, 0xe7, 0xf9, 0xdf, 0xf9, 0xd7, 0xf8, 0xcf, 0xf7, 0xcf, 0xfa, 0xdf, 0xf9, 0xcf,
  0xf8, 0xc7, 0xfb, 0xe7, 0xd8, 0xcf, 0xd6, 0xbf, 0xfa, 0xe7, 0xfa, 0xe7, 0xfb, 0xef, 0xfe, 0xff,
  0xff, 0xff, 0x57, 0xc7, 0x06, 0x2d, 0x20, 0x03, 0x80, 0x02, 0x80, 0x0b, 0xc4, 0x2d, 0xc8, 0x4e,
  0xe5, 0x3d, 0x21, 0x13, 0x80, 0x12, 0xa0, 0x12, 0xc0, 0x1a, 0x21, 0x23, 0x01, 0x23, 0x01, 0x1b,
  0x01, 0x23, 0x21, 0x23, 0x61, 0x1b, 0xe0, 0x07, 0x83, 0x1b, 0xe3, 0x33, 0x82, 0x2b, 0x43, 0x2b,
  0x21, 0x23, 0x22, 0x23, 0x20, 0x33, 0xa0, 0x2a, 0xe2, 0x2a, 0xa1, 0x22, 0xa1, 0x22, 0xe1, 0x22,
  0x23, 0x3c, 0x43, 0x3c, 0x80, 0x22, 0x81, 0x22, 0xe0, 0x7b, 0xe0, 0x03, 0x00, 0x00, 0x00, 0x00,
  0x00, 0x00, 0x00, 0x00, 0x00, 0x00, 0x00, 0x00, 0x00, 0x00, 0x00, 0x00, 0x00, 0x00, 0x00, 0x00,
  0x00, 0x00, 0x00, 0x00, 0x00, 0x00, 0x00, 0x00, 0x00, 0x00, 0x00, 0x00, 0x00, 0x00, 0x00, 0x00,
  0x00, 0x00, 0x00, 0x00, 0x00, 0x00, 0x00, 0x00, 0x00, 0x00, 0x00, 0x00, 0x00, 0x00, 0x00, 0x00,
  0x00, 0x00, 0x00, 0x00, 0x00, 0x00, 0x00, 0x00, 0x00, 0x00, 0x00, 0x00, 0x00, 0x00, 0x00, 0x00,
  0x00, 0x00, 0x00, 0x00, 0x00, 0x00, 0x00, 0x00, 0x00, 0x00, 0x00, 0x00, 0x00, 0x00, 0x00, 0x00,
  0x00, 0x00, 0x00, 0x00, 0x00, 0x00, 0x00, 0x00, 0x00, 0x00, 0x00, 0x00, 0x00, 0x00, 0x00, 0x00,
  0x00, 0x00, 0x00, 0x00, 0x00, 0x00, 0x00, 0x00, 0x00, 0x00, 0x00, 0x00, 0x00, 0x00, 0x00, 0x00,
  0x00, 0x00, 0x00, 0x00, 0x00, 0x00, 0x00, 0x00, 0x00, 0x00, 0xe1, 0x2a, 0x21, 0x2b, 0x62, 0x33,
  0xe0, 0x07, 0x83, 0x3b, 0xa0, 0x52, 0x00, 0x00, 0x00, 0x00, 0x00, 0x00, 0xe0, 0x7b, 0xe0, 0x03,
  0xa0, 0x52, 0xa0, 0x52, 0xe0, 0x3b, 0xa0, 0x52, 0x00, 0x00, 0xe0, 0x7b, 0xe3, 0x33, 0xc2, 0x33,
  0x81, 0x23, 0x61, 0x23, 0x41, 0x1b, 0xc1, 0x1b, 0x82, 0x2c, 0x62, 0x24, 0x21, 0x1c, 0x63, 0x2d,
  0x45, 0x3e, 0x85, 0x36, 0xc5, 0x36, 0x29, 0x4f, 0x8b, 0x6f, 0xf4, 0xaf, 0xfa, 0xdf, 0xfb, 0xe7,
  0xff, 0xff, 0xfe, 0xf7, 0xfd, 0xf7, 0xff, 0xff, 0xfc, 0xef, 0xfb, 0xe7, 0xf9, 0xd7, 0xfc, 0xef,
  0xf5, 0xb7, 0x48, 0x47, 0x05, 0x36, 0x26, 0x3e, 0x63, 0x1d, 0x00, 0x04, 0x25, 0x2d, 0x71, 0x8e,
  0xfc, 0xef, 0xff, 0xff, 0xfe, 0xff, 0xdd, 0xef, 0xfc, 0xe7, 0xfa, 0xdf, 0xf6, 0xb7, 0xf7, 0xc7,
  0xf9, 0xd7, 0xf7, 0xbf, 0xf7, 0xbf, 0xf9, 0xcf, 0xf8, 0xc7, 0xf8, 0xcf, 0xf7, 0xbf, 0xf6, 0xbf,
  0xf9, 0xcf, 0xd7, 0xc7, 0xdc, 0xe7, 0xfb, 0xdf, 0xfb, 0xdf, 0xfc, 0xe7, 0xfa, 0xdf, 0xfa, 0xdf,
  0xfb, 0xe7, 0xff, 0xff, 0xfd, 0xff, 0xfd, 0xf7, 0xfe, 0xff, 0xfc, 0xf7, 0xfc, 0xef, 0xfc, 0xef,
  0xfc, 0xef, 0xf9, 0xd7, 0xf7, 0xbf, 0xf9, 0xd7, 0xfa, 0xdf, 0xfa, 0xdf, 0xfa, 0xdf, 0xfa, 0xdf,
  0xfb, 0xe7, 0xfb, 0xe7, 0xfb, 0xe7, 0xfa, 0xdf, 0xfb, 0xe7, 0xfb, 0xe7, 0xfc, 0xe7, 0xd8, 0xcf,
  0xfb, 0xe7, 0x71, 0x8f, 0x00, 0x0b, 0x62, 0x1c, 0x46, 0x3e, 0x85, 0x35, 0x82, 0x1c, 0x23, 0x25,
  0x64, 0x2d, 0x23, 0x25, 0x01, 0x14, 0xe3, 0x24, 0x86, 0x3e, 0x86, 0x36, 0x66, 0x36, 0xa4, 0x25,
  0x82, 0x14, 0x81, 0x0b, 0x80, 0x02, 0x80, 0x02, 0x8d, 0x6d, 0xfc, 0xe7, 0xff, 0xff, 0xff, 0xff,
  0xfd, 0xef, 0xfa, 0xdf, 0xfa, 0xdf, 0xfa, 0xdf, 0xfb, 0xe7, 0xfc, 0xef, 0xfb, 0xe7, 0xfc, 0xef,
  0xfd, 0xef, 0xfc, 0xef, 0xfc, 0xef, 0xdd, 0xef, 0xfe, 0xff, 0xff, 0xff, 0xff, 0xff, 0xfe, 0xff,
  0xfe, 0xff, 0xfd, 0xf7, 0xfc, 0xef, 0x95, 0xbf, 0x72, 0xa7, 0x31, 0x9f, 0xf1, 0x8e, 0x52, 0x9f,
  0xfc, 0xef, 0xff, 0xff, 0xfe, 0xff, 0xfd, 0xf7, 0xfb, 0xe7, 0xf9, 0xd7, 0xfa, 0xdf, 0xf9, 0xdf,
  0xf8, 0xcf, 0xf7, 0xc7, 0xf6, 0xbf, 0xf7, 0xc7, 0xfa, 0xdf, 0xb3, 0x9f, 0xd6, 0xbf, 0xd6, 0xbf,
  0xd6, 0xbf, 0xfc, 0xef, 0xdd, 0xf7, 0xff, 0xff, 0xfc, 0xef, 0x6e, 0x86, 0x60, 0x0b, 0x40, 0x02,
  0xc0, 0x0b, 0x26, 0x3e, 0x86, 0x3e, 0xa4, 0x2d, 0x60, 0x02, 0x80, 0x12, 0x81, 0x23, 0x21, 0x1b,
  0x21, 0x1b, 0x62, 0x23, 0x62, 0x23, 0x41, 0x23, 0x23, 0x1b, 0xe2, 0x2b, 0x80, 0x24, 0x42, 0x2b,
  0xe2, 0x23, 0x21, 0x23, 0x22, 0x23, 0x22, 0x2b, 0x83, 0x3b, 0xe0, 0x07, 0xa3, 0x1a, 0xc1, 0x22,
  0xc1, 0x22, 0xa2, 0x22, 0x42, 0x2b, 0xe1, 0x22, 0x81, 0x22, 0xa1, 0x22, 0xa5, 0x02, 0x00, 0x00,
  0x00, 0x00, 0xe0, 0x03, 0xaa, 0x52, 0x00, 0x00, 0x00, 0x00, 0x00, 0x00, 0x00, 0x00, 0x00, 0x00,
  0x00, 0x00, 0x00, 0x00, 0xa0, 0x52, 0x00, 0x00, 0x00, 0x00, 0x00, 0x00, 0x00, 0x00, 0x00, 0x00,
  0x00, 0x00, 0x00, 0x00, 0x00, 0x00, 0x00, 0x00, 0x00, 0x00, 0x00, 0x00, 0x00, 0x00, 0x00, 0x00,
  0x00, 0x00, 0x00, 0x00, 0x00, 0x00, 0x00, 0x00, 0x00, 0x00, 0x00, 0x00, 0x00, 0x00, 0x00, 0x00,
  0x00, 0x00, 0x00, 0x00, 0x00, 0x00, 0x00, 0x00, 0x00, 0x00, 0x00, 0x00, 0x00, 0x00, 0x00, 0x00,
  0x00, 0x00, 0x00, 0x00, 0x00, 0x00, 0x00, 0x00, 0x00, 0x00, 0x00, 0x00, 0x00, 0x00, 0x00, 0x00,
  0x00, 0x00, 0x00, 0x00, 0x00, 0x00, 0x00, 0x00, 0x00, 0x00, 0x00, 0x00, 0x00, 0x00, 0x00, 0x00,
  0x00, 0x00, 0x00, 0x00, 0x00, 0x00, 0x00, 0x00, 0x00, 0x00, 0x00, 0x00, 0x00, 0x00, 0x21, 0x2b,
  0x21, 0x2b, 0x61, 0x2b, 0x00, 0x00, 0xe0, 0x3b, 0x00, 0x00, 0x00, 0x00, 0x00, 0x00, 0xe0, 0x07,
  0x00, 0x00, 0x00, 0x00, 0x00, 0x00, 0xe0, 0x03, 0x83, 0x3b, 0x81, 0x2b, 0x41, 0x2b, 0x42, 0x2b,
  0x61, 0x2b, 0x81, 0x2b, 0x82, 0x23, 0x61, 0x23, 0x81, 0x23, 0x01, 0x24, 0x62, 0x24, 0x62, 0x24,
  0x02, 0x25, 0xe3, 0x25, 0x64, 0x2e, 0x4a, 0x57, 0xb0, 0x97, 0xf3, 0xaf, 0xd4, 0xaf, 0xfd, 0xef,
  0xfa, 0xef, 0xfc, 0xf7, 0xfe, 0xff, 0xfe, 0xff, 0xfe, 0xf7, 0xfd, 0xf7, 0xf4, 0xb7, 0xf2, 0xa7,
  0xfa, 0xd7, 0xf6, 0xbf, 0x8c, 0x6f, 0x2a, 0x57, 0x06, 0x3e, 0x02, 0x15, 0xa1, 0x14, 0x8f, 0x7e,
  0xfe, 0xf7, 0xff, 0xff, 0xff, 0xff, 0xfd, 0xef, 0xfa, 0xd7, 0xf8, 0xcf, 0xf9, 0xcf, 0xf8, 0xc7,
  0xf4, 0xa7, 0xf6, 0xaf, 0xfa, 0xdf, 0xf9, 0xc7, 0xf7, 0xb7, 0xd6, 0xaf, 0xd8, 0xbf, 0xd8, 0xc7,
  0xfa, 0xd7, 0xfb, 0xdf, 0xfe, 0xff, 0xfd, 0xf7, 0xfc, 0xe7, 0xb9, 0xc7, 0xd6, 0xb6, 0x96, 0xbe,
  0xf5, 0xb6, 0x92, 0x9e, 0x52, 0x9e, 0x0e, 0x7e, 0x2f, 0x7e, 0x51, 0x8e, 0x92, 0x96, 0xd5, 0xa6,
  0xb6, 0xb6, 0x99, 0xcf, 0xfd, 0xef, 0xff, 0xff, 0xff, 0xff, 0xfd, 0xef, 0xfd, 0xef, 0xfc, 0xef,
  0xfa, 0xe7, 0xfb, 0xef, 0xf9, 0xd7, 0xf8, 0xcf, 0xfb, 0xe7, 0xfb, 0xe7, 0xfa, 0xdf, 0xfc, 0xe7,
  0xfc, 0xe7, 0xf8, 0xc7, 0xfc, 0xe7, 0xe9, 0x55, 0x40, 0x03, 0x24, 0x2d, 0xc3, 0x24, 0x41, 0x14,
  0xa5, 0x2d, 0x84, 0x2d, 0xa3, 0x2d, 0xa1, 0x14, 0xe5, 0x35, 0xa6, 0x3e, 0x24, 0x2e, 0x84, 0x25,
  0x81, 0x0c, 0x82, 0x0c, 0x40, 0x03, 0x20, 0x02, 0xe5, 0x2b, 0x55, 0xaf, 0xff, 0xff, 0xfe, 0xff,
  0xfe, 0xf7, 0xfc, 0xef, 0xfa, 0xdf, 0xfa, 0xdf, 0xfb, 0xe7, 0xfc, 0xe7, 0xfe, 0xf7, 0xfd, 0xef,
  0xfd, 0xef, 0xfd, 0xef, 0xfd, 0xf7, 0xfe, 0xf7, 0xff, 0xff, 0xff, 0xff, 0xfb, 0xdf, 0xf5, 0xbe,
  0x0f, 0x86, 0x69, 0x4d, 0xa4, 0x24, 0x02, 0x1c, 0xc2, 0x13, 0xc0, 0x02, 0x60, 0x02, 0xa0, 0x02,
  0xc0, 0x02, 0xa0, 0x02, 0x03, 0x1c, 0x68, 0x4d, 0x52, 0x9e, 0xbb, 0xdf, 0xff, 0xff, 0xfe, 0xff,
  0xfb, 0xdf, 0xf8, 0xcf, 0xf7, 0xc7, 0xf9, 0xd7, 0xfa, 0xdf, 0xd3, 0xa7, 0xfa, 0xd7, 0xd5, 0xaf,
  0xb1, 0x8f, 0xd4, 0xaf, 0x6e, 0x7f, 0xdb, 0xdf, 0xfc, 0xef, 0xfd, 0xef, 0xfc, 0xef, 0xff, 0xff,
  0x76, 0xb7, 0x80, 0x0b, 0x20, 0x02, 0xa1, 0x0b, 0x22, 0x25, 0x65, 0x3e, 0x24, 0x2d, 0xe0, 0x01,
  0x62, 0x1b, 0x81, 0x12, 0x01, 0x13, 0x62, 0x23, 0x01, 0x1b, 0x22, 0x23, 0x42, 0x23, 0xa2, 0x2b,
  0xe2, 0x23, 0x81, 0x1b, 0x41, 0x23, 0x61, 0x33, 0x02, 0x2b, 0x02, 0x2b, 0xa0, 0x02, 0x26, 0x33,
  0x20, 0x33, 0x82, 0x2b, 0x23, 0x33, 0xc3, 0x2a, 0x02, 0x2b, 0x01, 0x2b, 0xc2, 0x2a, 0x82, 0x22,
  0x80, 0x31, 0xe0, 0x07, 0x00, 0x00, 0xe0, 0x03, 0x44, 0x22, 0x00, 0x00, 0x00, 0x00, 0x00, 0x00,
  0x00, 0x00, 0x00, 0x00, 0x00, 0x00, 0xe0, 0x7b, 0xe0, 0x03, 0x00, 0x00, 0x00, 0x00, 0x00, 0x00,
  0x00, 0x00, 0x00, 0x00, 0x00, 0x00, 0x00, 0x00, 0x00, 0x00, 0x00, 0x00, 0x00, 0x00, 0x00, 0x00,
  0x00, 0x00, 0x00, 0x00, 0x00, 0x00, 0x00, 0x00, 0x00, 0x00, 0x00, 0x00, 0x00, 0x00, 0x00, 0x00,
  0x00, 0x00, 0x00, 0x00, 0x00, 0x00, 0x00, 0x00, 0x00, 0x00, 0x00, 0x00, 0x00, 0x00, 0x00, 0x00,
  0x00, 0x00, 0x00, 0x00, 0x00, 0x00, 0x00, 0x00, 0x00, 0x00, 0x00, 0x00, 0x00, 0x00, 0x00, 0x00,
  0x00, 0x00, 0x00, 0x00, 0x00, 0x00, 0x00, 0x00, 0x00, 0x00, 0x00, 0x00, 0x00, 0x00, 0x00, 0x00,
  0x00, 0x00, 0x00, 0x00, 0x00, 0x00, 0x00, 0x00, 0x00, 0x00, 0x00, 0x00, 0x00, 0x00, 0x00, 0x00,
  0x00, 0x00, 0x00, 0x00, 0x00, 0x00, 0x00, 0x00, 0x00, 0x00, 0x00, 0x00, 0x00, 0x00, 0x00, 0x00,
  0x00, 0x00, 0x00, 0x00, 0x00, 0x00, 0x00, 0x00, 0x00, 0x00, 0xe0, 0x3b, 0xe3, 0x4b, 0xa2, 0x2b,
  0x41, 0x23, 0x01, 0x23, 0x61, 0x23, 0xc2, 0x33, 0xa1, 0x23, 0x42, 0x2c, 0xe4, 0x34, 0xa3, 0x2c,
  0xc2, 0x24, 0x83, 0x25, 0xe4, 0x25, 0x09, 0x57, 0xaf, 0x8f, 0xf4, 0xaf, 0x92, 0x9f, 0x6d, 0x77,
  0xae, 0x77, 0xf9, 0xd7, 0xf6, 0xc7, 0xfe, 0xf7, 0xfe, 0xff, 0xfa, 0xdf, 0xf8, 0xd7, 0xfb, 0xef,
  0xf4, 0xb7, 0xb1, 0x8f, 0xf7, 0xc7, 0xd5, 0xbf, 0x4c, 0x67, 0x2b, 0x5f, 0x60, 0x04, 0xe5, 0x2c,
  0x78, 0xd7, 0xff, 0xff, 0xfe, 0xff, 0xde, 0xf7, 0xfb, 0xe7, 0xf9, 0xcf, 0xf7, 0xbf, 0xd5, 0xa7,
  0xf7, 0xbf, 0xf7, 0xbf, 0xf4, 0xa7, 0xf8, 0xc7, 0xfc, 0xe7, 0xf9, 0xcf, 0xd5, 0xa7, 0x94, 0xa7,
  0xfa, 0xcf, 0xfa, 0xd7, 0xfd, 0xef, 0xbb, 0xcf, 0xd2, 0x96, 0x0b, 0x5d, 0x28, 0x44, 0x43, 0x1b,
  0xa0, 0x01, 0xc0, 0x00, 0x20, 0x01, 0x40, 0x01, 0x80, 0x01, 0x40, 0x02, 0x40, 0x02, 0x00, 0x02,
  0xc0, 0x01, 0x40, 0x02, 0x20, 0x02, 0xa2, 0x13, 0x28, 0x44, 0x4b, 0x5d, 0x36, 0xaf, 0xfe, 0xf7,
  0xff, 0xff, 0xdd, 0xf7, 0xfc, 0xef, 0xfb, 0xe7, 0xfb, 0xe7, 0xfa, 0xe7, 0xfb, 0xe7, 0xfc, 0xef,
  0xfc, 0xef, 0xfb, 0xe7, 0xf8, 0xcf, 0xfb, 0xdf, 0xf8, 0xcf, 0xc6, 0x34, 0x81, 0x0b, 0x23, 0x25,
  0x41, 0x14, 0xc5, 0x35, 0xe6, 0x35, 0xe3, 0x1c, 0x41, 0x0c, 0xe2, 0x1c, 0xa6, 0x46, 0x27, 0x47,
  0x63, 0x25, 0x00, 0x04, 0x61, 0x0c, 0x40, 0x03, 0xe1, 0x0a, 0x11, 0x96, 0xfe, 0xef, 0xff, 0xff,
  0xdd, 0xf7, 0xf7, 0xc7, 0xf6, 0xbf, 0xf5, 0xbf, 0xf5, 0xb7, 0xfd, 0xf7, 0xfd, 0xf7, 0xfc, 0xef,
  0xfd, 0xef, 0xfe, 0xf7, 0xfd, 0xef, 0xfe, 0xf7, 0xff, 0xff, 0xfc, 0xe7, 0xf2, 0x9e, 0x0b, 0x5d,
  0x83, 0x23, 0x60, 0x02, 0x20, 0x02, 0x80, 0x02, 0x00, 0x03, 0x40, 0x03, 0x80, 0x0b, 0xc1, 0x0b,
  0xe2, 0x0b, 0x42, 0x14, 0x62, 0x14, 0x42, 0x14, 0x60, 0x0b, 0x20, 0x03, 0xc0, 0x02, 0x62, 0x1b,
  0x6a, 0x5d, 0x75, 0xaf, 0xfd, 0xef, 0xda, 0xd7, 0xf7, 0xbf, 0xf8, 0xcf, 0xfc, 0xe7, 0xf9, 0xcf,
  0xf9, 0xd7, 0xfa, 0xd7, 0xf7, 0xc7, 0x90, 0x87, 0x4d, 0x77, 0xfd, 0xef, 0xfb, 0xdf, 0xf9, 0xd7,
  0x92, 0x9f, 0xb7, 0xcf, 0xff, 0xff, 0x95, 0xb7, 0x60, 0x0b, 0xc0, 0x01, 0x61, 0x0b, 0xc1, 0x14,
  0xa7, 0x46, 0x04, 0x2d, 0x00, 0x02, 0xe1, 0x12, 0x41, 0x13, 0x41, 0x23, 0x21, 0x23, 0xe1, 0x1a,
  0x21, 0x23, 0x62, 0x2b, 0x62, 0x2b, 0x82, 0x2b, 0x22, 0x23, 0x42, 0x2b, 0x42, 0x3b, 0x62, 0x23,
  0xe0, 0x3b, 0x40, 0x55, 0x23, 0x33, 0xa5, 0x02, 0x02, 0x23, 0xc1, 0x22, 0xc0, 0x22, 0xe0, 0x2b,
  0x26, 0x03, 0x83, 0x1b, 0xe0, 0x03, 0x00, 0x00, 0xe0, 0x19, 0x63, 0x1a, 0x00, 0x00, 0x00, 0x00,
  0x00, 0x00, 0x00, 0x00, 0x00, 0x00, 0x00, 0x00, 0x00, 0x00, 0x00, 0x00, 0x00, 0x00, 0x00, 0x00,
  0x00, 0x00, 0x00, 0x00, 0x00, 0x00, 0x00, 0x00, 0x00, 0x00, 0x00, 0x00, 0x00, 0x00, 0x00, 0x00,
  0x00, 0x00, 0x00, 0x00, 0x00, 0x00, 0x00, 0x00, 0x00, 0x00, 0x00, 0x00, 0x00, 0x00, 0x00, 0x00,
  0x00, 0x00, 0x00, 0x00, 0x00, 0x00, 0x00, 0x00, 0x00, 0x00, 0x00, 0x00, 0x00, 0x00, 0x00, 0x00,
  0x00, 0x00, 0x00, 0x00, 0x00, 0x00, 0x00, 0x00, 0x00, 0x00, 0x00, 0x00, 0x00, 0x00, 0x00, 0x00,
  0x00, 0x00, 0x00, 0x00, 0x00, 0x00, 0x00, 0x00, 0x00, 0x00, 0x00, 0x00, 0x00, 0x00, 0x00, 0x00,
  0x00, 0x00, 0x00, 0x00, 0x00, 0x00, 0x00, 0x00, 0x00, 0x00, 0x00, 0x00, 0x00, 0x00, 0x00, 0x00,
  0x00, 0x00, 0x00, 0x00, 0x00, 0x00, 0x00, 0x00, 0x00, 0x00, 0x00, 0x00, 0x00, 0x00, 0x00, 0x00,
  0x00, 0x00, 0x00, 0x00, 0x00, 0x00, 0x00, 0x00, 0x00, 0x00, 0x00, 0x00, 0x00, 0x00, 0xe0, 0x39,
  0x60, 0x23, 0x62, 0x2b, 0xc3, 0x33, 0xe2, 0x33, 0x41, 0x2b, 0x41, 0x2b, 0xc2, 0x23, 0x02, 0x24,
  0x62, 0x24, 0xc3, 0x24, 0x68, 0x4e, 0x0a, 0x5f, 0x4c, 0x6f, 0xb0, 0x87, 0x0c, 0x67, 0xa8, 0x4e,
  0x45, 0x2e, 0xa4, 0x26, 0x4e, 0x77, 0xd5, 0xbf, 0xfb, 0xe7, 0xfe, 0xff, 0xfc, 0xef, 0xac, 0x67,
  0xf3, 0xa7, 0xd5, 0xbf, 0x8a, 0x67, 0x95, 0xaf, 0xfa, 0xdf, 0xf8, 0xdf, 0x67, 0x4e, 0x82, 0x15,
  0xed, 0x75, 0xfe, 0xf7, 0xff, 0xff, 0xfd, 0xf7, 0xfd, 0xf7, 0xfd, 0xef, 0xf9, 0xcf, 0xf9, 0xc7,
  0xf8, 0xbf, 0xf7, 0xaf, 0xf7, 0xbf, 0xf8, 0xc7, 0xf6, 0xaf, 0xf4, 0xa7, 0xf6, 0xb7, 0xf8, 0xb7,
  0xfb, 0xd7, 0xfd, 0xe7, 0x57, 0xb7, 0xf0, 0x75, 0x47, 0x2c, 0x20, 0x02, 0x40, 0x02, 0x20, 0x02,
  0x80, 0x02, 0x41, 0x03, 0xc2, 0x0b, 0x02, 0x14, 0xe2, 0x0b, 0xc2, 0x13, 0xc2, 0x0b, 0xe2, 0x0b,
  0x02, 0x14, 0x02, 0x14, 0x02, 0x14, 0xc2, 0x13, 0xa3, 0x13, 0xa2, 0x13, 0xa0, 0x02, 0x80, 0x02,
  0x80, 0x02, 0xa5, 0x2b, 0xf5, 0xae, 0xff, 0xff, 0xff, 0xff, 0xfc, 0xe7, 0xfb, 0xe7, 0xfe, 0xf7,
  0xfe, 0xf7, 0xfd, 0xf7, 0xfd, 0xef, 0xfb, 0xdf, 0xd7, 0xc7, 0xfa, 0xdf, 0x75, 0xa7, 0x01, 0x03,
  0x02, 0x14, 0xe3, 0x1c, 0xc5, 0x35, 0x62, 0x1c, 0xc1, 0x13, 0xe0, 0x0b, 0x43, 0x25, 0xc6, 0x46,
  0x68, 0x5f, 0x83, 0x25, 0xe0, 0x03, 0x62, 0x14, 0x20, 0x03, 0xc4, 0x23, 0x18, 0xc7, 0xff, 0xff,
  0xfe, 0xff, 0xfd, 0xef, 0xf7, 0xc7, 0xd3, 0x97, 0xb1, 0x7f, 0xb0, 0x87, 0xf6, 0xc7, 0xfd, 0xf7,
  0xfc, 0xef, 0xfd, 0xef, 0xfd, 0xf7, 0xfd, 0xf7, 0xff, 0xff, 0xfe, 0xf7, 0x70, 0x8e, 0x82, 0x13,
  0x80, 0x02, 0x60, 0x02, 0x00, 0x03, 0xa1, 0x0b, 0x01, 0x0c, 0x21, 0x0c, 0x41, 0x14, 0x62, 0x14,
  0x62, 0x14, 0x41, 0x0c, 0x41, 0x0c, 0x41, 0x0c, 0xe1, 0x0b, 0x01, 0x0c, 0x01, 0x0c, 0xe1, 0x0b,
  0x22, 0x14, 0xc1, 0x0b, 0x60, 0x03, 0xe0, 0x02, 0xab, 0x5d, 0xfd, 0xef, 0xfc, 0xef, 0xf8, 0xcf,
  0xf6, 0xbf, 0xfb, 0xdf, 0xf8, 0xcf, 0xf6, 0xbf, 0xf6, 0xb7, 0xb0, 0x87, 0xd8, 0xc7, 0xfc, 0xef,
  0xfc, 0xef, 0xfb, 0xe7, 0xd4, 0xb7, 0xd5, 0xbf, 0xfa, 0xdf, 0xfe, 0xf7, 0x57, 0xbf, 0x21, 0x0b,
  0x40, 0x0a, 0x00, 0x0b, 0x82, 0x14, 0x66, 0x3e, 0xc3, 0x24, 0x41, 0x13, 0xe1, 0x23, 0x61, 0x23,
  0x01, 0x1b, 0xe1, 0x1a, 0x42, 0x23, 0x62, 0x2b, 0x62, 0x2b, 0x42, 0x2b, 0x42, 0x23, 0x62, 0x23,
  0x83, 0x3b, 0x42, 0x2b, 0x41, 0x2b, 0x64, 0x23, 0x40, 0x55, 0xa0, 0x52, 0x20, 0x33, 0xe2, 0x2a,
  0x40, 0x22, 0x20, 0x33, 0xe7, 0x3b, 0xe7, 0x01, 0xe0, 0x03, 0xa0, 0x02, 0x61, 0x1a, 0x63, 0x1a,
  0x00, 0x00, 0x00, 0x00, 0x00, 0x00, 0x00, 0x00, 0x00, 0x00, 0x00, 0x00, 0x00, 0x00, 0x00, 0x00,
  0x00, 0x00, 0x00, 0x00, 0x00, 0x00, 0x00, 0x00, 0x00, 0x00, 0x00, 0x00, 0x00, 0x00, 0x00, 0x00,
  0xa0, 0x2a, 0x60, 0x1a, 0x00, 0x00, 0x00, 0x00, 0x00, 0x00, 0x00, 0x00, 0x00, 0x00, 0x00, 0x00,
  0x00, 0x00, 0x00, 0x00, 0x00, 0x00, 0x00, 0x00, 0x00, 0x00, 0x00, 0x00, 0x00, 0x00, 0x00, 0x00,
  0x00, 0x00, 0x00, 0x00, 0x00, 0x00, 0x00, 0x00, 0x00, 0x00, 0x00, 0x00, 0x00, 0x00, 0x00, 0x00,
  0x00, 0x00, 0x00, 0x00, 0x00, 0x00, 0x00, 0x00, 0x00, 0x00, 0x00, 0x00, 0x00, 0x00, 0x00, 0x00,
  0x00, 0x00, 0x00, 0x00, 0x00, 0x00, 0x00, 0x00, 0x00, 0x00, 0x00, 0x00, 0x00, 0x00, 0x00, 0x00,
  0x00, 0x00, 0x00, 0x00, 0x00, 0x00, 0x00, 0x00, 0x00, 0x00, 0x00, 0x00, 0x00, 0x00, 0x00, 0x00,
  0x00, 0x00, 0x00, 0x00, 0x00, 0x00, 0x00, 0x00, 0x00, 0x00, 0xe0, 0x03, 0x83, 0x1b, 0xc2, 0x33,
  0x82, 0x33, 0x83, 0x33, 0xa2, 0x33, 0x03, 0x3c, 0x81, 0x23, 0x61, 0x23, 0x82, 0x23, 0x82, 0x23,
  0xe1, 0x1b, 0xa2, 0x1c, 0xa4, 0x35, 0xc8, 0x56, 0x6b, 0x6f, 0x0b, 0x67, 0x47, 0x46, 0x84, 0x2d,
  0x21, 0x15, 0xc4, 0x2d, 0x25, 0x36, 0xc8, 0x4e, 0x4c, 0x77, 0xd4, 0xb7, 0xfd, 0xf7, 0xfe, 0xff,
  0x91, 0x9f, 0x6c, 0x6f, 0xf9, 0xd7, 0xd5, 0xbf, 0x87, 0x46, 0xce, 0x7e, 0xf9, 0xd7, 0x8a, 0x56,
  0xe0, 0x0c, 0x90, 0x86, 0xff, 0xff, 0xfc, 0xef, 0xfa, 0xdf, 0xfb, 0xe7, 0xfc, 0xef, 0xfd, 0xef,
  0xfb, 0xdf, 0xd2, 0x8f, 0xf9, 0xc7, 0xd4, 0x97, 0xd3, 0x9f, 0xf8, 0xc7, 0xd4, 0x9f, 0x92, 0x8f,
  0xf8, 0xb7, 0xfa, 0xcf, 0x36, 0xb7, 0x8b, 0x54, 0xe1, 0x02, 0xc0, 0x01, 0x80, 0x02, 0x80, 0x02,
  0x01, 0x0b, 0x42, 0x0b, 0x21, 0x0b, 0x61, 0x0b, 0x81, 0x0b, 0x40, 0x03, 0x00, 0x03, 0x00, 0x03,
  0x20, 0x03, 0x40, 0x03, 0x00, 0x03, 0xe0, 0x02, 0x00, 0x0b, 0x21, 0x0b, 0xe0, 0x02, 0x41, 0x0b,
  0xe2, 0x13, 0xe2, 0x13, 0x61, 0x0b, 0x80, 0x02, 0x00, 0x02, 0x0c, 0x5d, 0xfb, 0xdf, 0xff, 0xff,
  0xfb, 0xe7, 0xfc, 0xef, 0xfc, 0xef, 0xfb, 0xe7, 0xfb, 0xe7, 0xfb, 0xe7, 0xfa, 0xdf, 0xf7, 0xc7,
  0xc8, 0x3c, 0x61, 0x03, 0x62, 0x14, 0xa2, 0x1c, 0x64, 0x25, 0x80, 0x03, 0x21, 0x0c, 0x84, 0x2d,
  0xe5, 0x2d, 0x09, 0x4f, 0x06, 0x3e, 0x81, 0x0c, 0x22, 0x14, 0x60, 0x03, 0x0a, 0x5d, 0xdd, 0xef,
  0xff, 0xff, 0xdf, 0xf7, 0xfb, 0xdf, 0xd2, 0x97, 0xf7, 0xbf, 0xf6, 0xb7, 0xb2, 0x8f, 0xd3, 0x9f,
  0xb4, 0xaf, 0xd7, 0xbf, 0xfc, 0xef, 0xfe, 0xf7, 0xfe, 0xf7, 0xff, 0xff, 0x97, 0xcf, 0xc6, 0x3b,
  0xa0, 0x02, 0xa0, 0x02, 0x41, 0x0b, 0xc1, 0x13, 0xe1, 0x13, 0xc1, 0x0b, 0x01, 0x0c, 0x21, 0x0c,
  0x01, 0x0c, 0x01, 0x0c, 0x01, 0x0c, 0x01, 0x0c, 0xe0, 0x0b, 0x21, 0x14, 0x01, 0x0c, 0xc1, 0x0b,
  0xe1, 0x0b, 0x80, 0x03, 0x40, 0x03, 0xc1, 0x0b, 0xc2, 0x13, 0x41, 0x0b, 0xe0, 0x02, 0x27, 0x3d,
  0xfd, 0xef, 0xfd, 0xff, 0xf7, 0xc7, 0xf7, 0xc7, 0xf9, 0xd7, 0xf8, 0xcf, 0xf7, 0xc7, 0xfb, 0xe7,
  0xfb, 0xdf, 0xf8, 0xcf, 0xfc, 0xef, 0xf9, 0xd7, 0xf9, 0xd7, 0xf9, 0xd7, 0xf8, 0xcf, 0xdb, 0xe7,
  0xff, 0xff, 0xb1, 0x96, 0xa0, 0x02, 0xe1, 0x0a, 0x21, 0x14, 0x42, 0x1d, 0x83, 0x25, 0xa1, 0x13,
  0xe0, 0x0a, 0x21, 0x13, 0x21, 0x1b, 0x22, 0x1b, 0x01, 0x23, 0x01, 0x23, 0x62, 0x23, 0x41, 0x23,
  0x41, 0x23, 0x42, 0x2b, 0x62, 0x2b, 0x22, 0x23, 0x60, 0x23, 0x26, 0x03, 0xe5, 0x2b, 0x40, 0x22,
  0x02, 0x23, 0xe3, 0x1a, 0x23, 0x33, 0xa0, 0x2a, 0xa0, 0x52, 0xc2, 0x22, 0xc1, 0x2a, 0xe3, 0x1a,
  0xe0, 0x03, 0x00, 0x00, 0x00, 0x00, 0x26, 0x33, 0x00, 0x00, 0x00, 0x00, 0x00, 0x00, 0x00, 0x00,
  0x00, 0x00, 0x00, 0x00, 0xe0, 0x7b, 0x00, 0x00, 0x00, 0x00, 0x00, 0x00, 0x00, 0x00, 0x00, 0x00,
  0x00, 0x00, 0x00, 0x00, 0x80, 0x31, 0x40, 0x22, 0x00, 0x00, 0x00, 0x00, 0x00, 0x00, 0x00, 0x00,
  0x00, 0x00, 0x00, 0x00, 0x00, 0x00, 0x00, 0x00, 0x00, 0x00, 0x00, 0x00, 0x00, 0x00, 0x00, 0x00,
  0x00, 0x00, 0x00, 0x00, 0x00, 0x00, 0x00, 0x00, 0x00, 0x00, 0x00, 0x00, 0x00, 0x00, 0x00, 0x00,
  0x00, 0x00, 0x00, 0x00, 0x00, 0x00, 0x00, 0x00, 0x00, 0x00, 0x00, 0x00, 0x00, 0x00, 0x00, 0x00,
  0x00, 0x00, 0x00, 0x00, 0x00, 0x00, 0x00, 0x00, 0x00, 0x00, 0x00, 0x00, 0x00, 0x00, 0x00, 0x00,
  0x00, 0x00, 0x00, 0x00, 0x00, 0x00, 0x00, 0x00, 0x00, 0x00, 0xe0, 0x7b, 0x00, 0x00, 0xe0, 0xff,
  0x00, 0x00, 0x00, 0x00, 0xe0, 0x3b, 0x00, 0x00, 0x00, 0x00, 0x00, 0x00, 0xe7, 0x3b, 0x42, 0x44,
  0x82, 0x2b, 0x82, 0x33, 0x81, 0x33, 0xc2, 0x2b, 0xe3, 0x33, 0xa1, 0x23, 0x41, 0x1b, 0x41, 0x1b,
  0x81, 0x1b, 0x42, 0x24, 0xe5, 0x3d, 0xc7, 0x4e, 0x87, 0x4e, 0xe5, 0x3d, 0x03, 0x2d, 0x22, 0x25,
  0x43, 0x25, 0xa4, 0x2d, 0xa4, 0x2d, 0x43, 0x25, 0x64, 0x2d, 0xe7, 0x3e, 0x6d, 0x7f, 0xf8, 0xd7,
  0xf9, 0xd7, 0xf9, 0xcf, 0x29, 0x57, 0x6f, 0x87, 0xfa, 0xdf, 0xf8, 0xcf, 0xc9, 0x56, 0xcd, 0x6e,
  0xd7, 0xbf, 0xc2, 0x15, 0x55, 0xaf, 0xff, 0xff, 0xfd, 0xef, 0xf8, 0xcf, 0xf6, 0xc7, 0xfc, 0xef,
  0xfc, 0xef, 0xfc, 0xe7, 0xfe, 0xf7, 0xf7, 0xb7, 0xd2, 0x87, 0xd2, 0x8f, 0xb0, 0x87, 0xd5, 0xaf,
  0xfc, 0xe7, 0xf9, 0xbf, 0x56, 0xaf, 0xe7, 0x3b, 0xc0, 0x01, 0x20, 0x02, 0xc1, 0x02, 0x02, 0x0b,
  0x01, 0x0b, 0x01, 0x0b, 0xc0, 0x02, 0x80, 0x02, 0xa0, 0x02, 0xc0, 0x02, 0x41, 0x0b, 0x40, 0x0b,
  0x40, 0x03, 0x40, 0x0b, 0x20, 0x0b, 0x21, 0x0b, 0x41, 0x0b, 0x61, 0x0b, 0xa1, 0x13, 0x81, 0x0b,
  0xe0, 0x0a, 0x80, 0x02, 0xa0, 0x02, 0x41, 0x0b, 0x21, 0x0b, 0x61, 0x0b, 0xc1, 0x0a, 0xa0, 0x01,
  0xa4, 0x23, 0x7a, 0xd7, 0xff, 0xff, 0xdc, 0xef, 0xfc, 0xe7, 0xf9, 0xd7, 0xfb, 0xe7, 0xfa, 0xdf,
  0xfa, 0xdf, 0x72, 0x9f, 0x41, 0x03, 0xc1, 0x13, 0x62, 0x14, 0x23, 0x25, 0x82, 0x14, 0x61, 0x14,
  0x83, 0x25, 0x66, 0x3e, 0xa9, 0x46, 0xe6, 0x3d, 0x41, 0x0c, 0x01, 0x0c, 0x60, 0x03, 0x0f, 0x7e,
  0xff, 0xff, 0xff, 0xff, 0xfe, 0xf7, 0xfc, 0xe7, 0xf9, 0xd7, 0xf5, 0xb7, 0xfa, 0xdf, 0xf6, 0xb7,
  0xd4, 0x9f, 0xf8, 0xd7, 0xd7, 0xbf, 0xd8, 0xc7, 0xfd, 0xef, 0xfe, 0xf7, 0xff, 0xff, 0x2f, 0x86,
  0x80, 0x02, 0x80, 0x02, 0x81, 0x0b, 0x80, 0x0b, 0x40, 0x0b, 0x40, 0x0b, 0xa1, 0x0b, 0xa1, 0x0b,
  0xc0, 0x0b, 0x01, 0x0c, 0x01, 0x0c, 0xc0, 0x03, 0x01, 0x0c, 0xe1, 0x0b, 0xc1, 0x0b, 0xe1, 0x0b,
  0x21, 0x0c, 0x01, 0x0c, 0x61, 0x14, 0x62, 0x14, 0xe1, 0x0b, 0xc1, 0x0b, 0x60, 0x0b, 0xc1, 0x0b,
  0xa1, 0x0b, 0xa0, 0x02, 0xe5, 0x2c, 0xfc, 0xe7, 0xfd, 0xf7, 0xf8, 0xd7, 0xf7, 0xc7, 0xd5, 0xb7,
  0xf8, 0xcf, 0xfb, 0xe7, 0xf8, 0xd7, 0xfa, 0xdf, 0xfd, 0xef, 0xfa, 0xdf, 0xf9, 0xd7, 0xf7, 0xcf,
  0xf8, 0xcf, 0xf9, 0xdf, 0xde, 0xf7, 0xff, 0xff, 0xcb, 0x65, 0x60, 0x02, 0x41, 0x0b, 0x83, 0x25,
  0x83, 0x25, 0xa2, 0x1c, 0x21, 0x0b, 0xa0, 0x0a, 0xa1, 0x12, 0x42, 0x23, 0x62, 0x2b, 0x21, 0x23,
  0x21, 0x1b, 0x62, 0x23, 0x82, 0x23, 0x22, 0x23, 0x62, 0x23, 0xc0, 0x2b, 0x42, 0x23, 0xc3, 0x1b,
  0x42, 0x23, 0x43, 0x2b, 0x26, 0x33, 0x00, 0x00, 0xe7, 0x01, 0xe1, 0x22, 0xc1, 0x22, 0x03, 0x23,
  0xe0, 0x01, 0x00, 0x00, 0x00, 0x00, 0x00, 0x00, 0x00, 0x00, 0xa5, 0x2a, 0xa0, 0x02, 0x00, 0x00,
  0x00, 0x00, 0x00, 0x00, 0x00, 0x00, 0x00, 0x00, 0x00, 0x00, 0x00, 0x00, 0x00, 0x00, 0x00, 0x00,
  0x00, 0x00, 0x00, 0x00, 0x00, 0x00, 0x00, 0x00, 0x00, 0x00, 0x00, 0x00, 0x00, 0x00, 0x00, 0x00,
  0x00, 0x00, 0x00, 0x00, 0x00, 0x00, 0x00, 0x00, 0x00, 0x00, 0x00, 0x00, 0x00, 0x00, 0x00, 0x00,
  0x00, 0x00, 0x00, 0x00, 0x00, 0x00, 0x00, 0x00, 0x00, 0x00, 0x00, 0x00, 0x00, 0x00, 0x00, 0x00,
  0x00, 0x00, 0x00, 0x00, 0x00, 0x00, 0x00, 0x00, 0x00, 0x00, 0x00, 0x00, 0x00, 0x00, 0x00, 0x00,
  0x00, 0x00, 0x00, 0x00, 0x00, 0x00, 0x00, 0x00, 0x00, 0x00, 0x00, 0x00, 0x00, 0x00, 0x00, 0x00,
  0x00, 0x00, 0x00, 0x00, 0x00, 0x00, 0x00, 0x00, 0x00, 0x00, 0x00, 0x00, 0x00, 0x00, 0x00, 0x00,
  0x00, 0x00, 0x00, 0x00, 0x00, 0x00, 0xe0, 0x3b, 0x20, 0x33, 0x64, 0x23, 0xc6, 0x34, 0x00, 0x00,
  0xe5, 0x53, 0x43, 0x3b, 0x62, 0x2b, 0x61, 0x2b, 0x61, 0x2b, 0xc2, 0x2b, 0xa2, 0x2b, 0x21, 0x1b,
  0xa2, 0x1b, 0xc3, 0x2c, 0x24, 0x2d, 0xe5, 0x3d, 0xc5, 0x3d, 0x62, 0x1c, 0xe1, 0x13, 0xc1, 0x13,
  0xa3, 0x24, 0x85, 0x35, 0x23, 0x2d, 0xc2, 0x1c, 0x03, 0x25, 0x82, 0x1c, 0x42, 0x15, 0xc6, 0x36,
  0xd4, 0xb7, 0xd2, 0x9f, 0xf6, 0xb7, 0x6c, 0x67, 0xe9, 0x56, 0x85, 0x36, 0xb4, 0xa7, 0xf9, 0xd7,
  0xc6, 0x3e, 0xa3, 0x1d, 0x51, 0x97, 0xb8, 0xcf, 0xff, 0xff, 0xfc, 0xef, 0xfd, 0xef, 0xfb, 0xe7,
  0xf9, 0xd7, 0xf8, 0xd7, 0xf7, 0xc7, 0xfc, 0xe7, 0xfd, 0xef, 0xfb, 0xdf, 0xf9, 0xd7, 0xf6, 0xb7,
  0xb2, 0x8f, 0xf9, 0xcf, 0x56, 0x9f, 0x0b, 0x4d, 0x81, 0x0a, 0x20, 0x02, 0xe1, 0x02, 0x21, 0x0b,
  0x00, 0x03, 0xe0, 0x0a, 0xc0, 0x02, 0xc0, 0x02, 0x21, 0x0b, 0x41, 0x0b, 0x81, 0x0b, 0x20, 0x0b,
  0xc0, 0x02, 0xe0, 0x02, 0x00, 0x03, 0x00, 0x03, 0x00, 0x0b, 0x01, 0x0b, 0xe0, 0x02, 0x00, 0x03,
  0x40, 0x0b, 0xa1, 0x13, 0x02, 0x14, 0xc1, 0x0b, 0x21, 0x0b, 0xa0, 0x02, 0x00, 0x03, 0x20, 0x03,
  0x61, 0x03, 0x41, 0x0b, 0x60, 0x02, 0xe2, 0x12, 0xd2, 0x9e, 0xff, 0xff, 0xfd, 0xef, 0xfc, 0xef,
  0xfb, 0xe7, 0xfa, 0xd7, 0xfb, 0xe7, 0x2e, 0x6e, 0x80, 0x02, 0x62, 0x14, 0x82, 0x14, 0xe2, 0x1c,
  0x41, 0x0c, 0x02, 0x1d, 0xe5, 0x2d, 0x67, 0x3e, 0xa5, 0x2d, 0x01, 0x0c, 0x01, 0x0c, 0x60, 0x03,
  0x91, 0x8e, 0xff, 0xff, 0xde, 0xf7, 0xfe, 0xf7, 0xda, 0xd7, 0xf6, 0xbf, 0xfb, 0xe7, 0xfa, 0xdf,
  0xf9, 0xcf, 0xf6, 0xb7, 0xd7, 0xbf, 0xfa, 0xd7, 0xfb, 0xe7, 0xfb, 0xe7, 0xfe, 0xf7, 0xff, 0xf7,
  0x0b, 0x5d, 0x20, 0x02, 0x21, 0x03, 0xa1, 0x0b, 0xa0, 0x03, 0x60, 0x0b, 0x80, 0x0b, 0xa1, 0x0b,
  0xe1, 0x0b, 0x21, 0x14, 0xe1, 0x0b, 0x21, 0x14, 0x61, 0x14, 0x41, 0x14, 0x61, 0x14, 0x41, 0x14,
  0x21, 0x14, 0xe1, 0x0b, 0xc0, 0x0b, 0xe1, 0x0b, 0x21, 0x0c, 0x41, 0x14, 0x21, 0x14, 0xc1, 0x0b,
  0xc1, 0x0b, 0x01, 0x0c, 0x21, 0x0c, 0xa1, 0x0b, 0x60, 0x02, 0x28, 0x45, 0xfd, 0xef, 0xfd, 0xf7,
  0xfa, 0xdf, 0xf7, 0xc7, 0xf9, 0xd7, 0xf8, 0xcf, 0xf6, 0xbf, 0xf7, 0xcf, 0xfc, 0xe7, 0xfc, 0xef,
  0xf9, 0xd7, 0xf5, 0xb7, 0xfb, 0xe7, 0xf8, 0xcf, 0xfb, 0xe7, 0xdf, 0xff, 0xfe, 0xff, 0x04, 0x24,
  0x60, 0x03, 0xa2, 0x13, 0xe4, 0x2d, 0x25, 0x36, 0x02, 0x1d, 0x01, 0x14, 0xa0, 0x0a, 0x81, 0x12,
  0x62, 0x23, 0x22, 0x23, 0x01, 0x1b, 0x62, 0x23, 0xc2, 0x2b, 0x01, 0x23, 0x42, 0x2b, 0x01, 0x23,
  0xe1, 0x2a, 0x01, 0x23, 0x22, 0x2b, 0x03, 0x2b, 0xc1, 0x22, 0x01, 0x23, 0xe1, 0x22, 0xe2, 0x22,
  0xe2, 0x2a, 0xe0, 0x07, 0xe0, 0x03, 0x00, 0x00, 0x00, 0x00, 0x00, 0x00, 0x00, 0x00, 0x00, 0x00,
  0x00, 0x00, 0x00, 0x00, 0x00, 0x00, 0x00, 0x00, 0x00, 0x00, 0x00, 0x00, 0x00, 0x00, 0x00, 0x00,
  0x00, 0x00, 0x00, 0x00, 0x00, 0x00, 0x00, 0x00, 0x00, 0x00, 0x00, 0x00, 0x00, 0x00, 0x00, 0x00,
  0x00, 0x00, 0x00, 0x00, 0x00, 0x00, 0x00, 0x00, 0x00, 0x00, 0x00, 0x00, 0x00, 0x00, 0x00, 0x00,
  0x00, 0x00, 0x00, 0x00, 0x00, 0x00, 0x00, 0x00, 0x00, 0x00, 0x00, 0x00, 0x00, 0x00, 0x00, 0x00,
  0x00, 0x00, 0x00, 0x00, 0x00, 0x00, 0x00, 0x00, 0x00, 0x00, 0x00, 0x00, 0x00, 0x00, 0x00, 0x00,
  0x00, 0x00, 0x00, 0x00, 0x00, 0x00, 0x00, 0x00, 0x00, 0x00, 0x00, 0x00, 0x00, 0x00, 0x00, 0x00,
  0x00, 0x00, 0x00, 0x00, 0x00, 0x00, 0x00, 0x00, 0x00, 0x00, 0x00, 0x00, 0x00, 0x00, 0x00, 0x00,
  0x00, 0x00, 0x00, 0xf8, 0x00, 0xf8, 0xe0, 0x3b, 0x82, 0x2b, 0x22, 0x33, 0x42, 0x2b, 0x02, 0x23,
  0x83, 0x3b, 0x81, 0x3b, 0x62, 0x33, 0x41, 0x33, 0x41, 0x2b, 0x41, 0x2b, 0x41, 0x2b, 0x61, 0x23,
  0x02, 0x24, 0x43, 0x35, 0xe5, 0x3d, 0x44, 0x2d, 0xa3, 0x2c, 0x62, 0x24, 0x61, 0x13, 0x21, 0x0b,
  0xc1, 0x1b, 0xe1, 0x1b, 0x22, 0x1c, 0x01, 0x14, 0xa3, 0x1c, 0x44, 0x2d, 0x02, 0x14, 0x82, 0x14,
  0x44, 0x26, 0x92, 0x9f, 0xd1, 0x9f, 0xf3, 0xa7, 0x29, 0x4f, 0x6b, 0x67, 0x88, 0x4e, 0xe2, 0x1d,
  0x71, 0x97, 0x96, 0xbf, 0xc0, 0x05, 0x47, 0x36, 0xfb, 0xdf, 0xff, 0xff, 0xfb, 0xdf, 0xf9, 0xd7,
  0xf7, 0xd7, 0xf9, 0xdf, 0xfa, 0xe7, 0xf5, 0xb7, 0xf4, 0xaf, 0xfb, 0xdf, 0xfc, 0xe7, 0xfa, 0xd7,
  0xfb, 0xd7, 0xfd, 0xef, 0xfd, 0xef, 0x14, 0x8f, 0xc1, 0x01, 0x60, 0x01, 0xc1, 0x02, 0x21, 0x0b,
  0xe0, 0x02, 0x01, 0x0b, 0x41, 0x0b, 0x61, 0x0b, 0x41, 0x0b, 0x41, 0x0b, 0x81, 0x0b, 0x40, 0x0b,
  0x81, 0x0b, 0x21, 0x14, 0xa2, 0x1c, 0x82, 0x1c, 0xe3, 0x1c, 0xe3, 0x24, 0x23, 0x25, 0xc4, 0x2d,
  0x64, 0x25, 0xa5, 0x2d, 0x22, 0x14, 0x21, 0x0b, 0xa0, 0x02, 0x40, 0x0b, 0x62, 0x14, 0xc1, 0x0b,
  0xe0, 0x02, 0x00, 0x03, 0x40, 0x03, 0x00, 0x03, 0x61, 0x0b, 0x00, 0x03, 0xa0, 0x02, 0xb2, 0x96,
  0xfe, 0xff, 0xfb, 0xe7, 0xfb, 0xdf, 0xda, 0xdf, 0xfa, 0xd7, 0xc6, 0x2c, 0x20, 0x0b, 0xa2, 0x14,
  0x82, 0x14, 0xc2, 0x14, 0x00, 0x0c, 0xe4, 0x2d, 0xc7, 0x46, 0x86, 0x3e, 0xa2, 0x14, 0xe1, 0x0b,
  0xc0, 0x03, 0x71, 0x8e, 0xff, 0xff, 0xfd, 0xf7, 0xfc, 0xe7, 0xfc, 0xe7, 0xd7, 0xbf, 0xf7, 0xc7,
  0xfa, 0xdf, 0xfa, 0xdf, 0xf8, 0xcf, 0xf8, 0xcf, 0xf6, 0xbf, 0xf9, 0xd7, 0xfa, 0xe7, 0xdc, 0xef,
  0xff, 0xff, 0xae, 0x75, 0x40, 0x01, 0xa2, 0x0b, 0xa1, 0x0b, 0x80, 0x03, 0xc1, 0x0b, 0xa1, 0x0b,
  0xe1, 0x0b, 0xe1, 0x0b, 0x41, 0x14, 0xe2, 0x1c, 0x02, 0x1d, 0x63, 0x25, 0x83, 0x25, 0x23, 0x1d,
  0xa4, 0x2d, 0xc4, 0x2d, 0xa4, 0x25, 0x64, 0x25, 0x03, 0x25, 0x01, 0x0c, 0xe1, 0x0b, 0xc0, 0x0b,
  0x21, 0x14, 0x21, 0x14, 0xc0, 0x0b, 0xc1, 0x0b, 0x61, 0x0c, 0x62, 0x14, 0x61, 0x0b, 0xc0, 0x01,
  0x90, 0x86, 0xff, 0xff, 0xfc, 0xe7, 0xfb, 0xe7, 0xfa, 0xdf, 0xfa, 0xdf, 0xfa, 0xdf, 0xfc, 0xef,
  0xf9, 0xd7, 0xf9, 0xd7, 0xf9, 0xd7, 0xf5, 0xbf, 0xf7, 0xc7, 0xfa, 0xdf, 0xf9, 0xd7, 0xfc, 0xef,
  0xff, 0xff, 0xb2, 0x9e, 0x60, 0x03, 0x01, 0x0b, 0x83, 0x1c, 0x28, 0x4f, 0x63, 0x1d, 0x41, 0x14,
  0xe2, 0x1b, 0x41, 0x13, 0x41, 0x23, 0x62, 0x23, 0x61, 0x23, 0xa2, 0x23, 0x21, 0x1b, 0x42, 0x23,
  0x21, 0x23, 0x01, 0x23, 0x01, 0x1b, 0x41, 0x23, 0x01, 0x23, 0xa1, 0x1a, 0xe1, 0x22, 0x01, 0x23,
  0x02, 0x23, 0xc2, 0x22, 0x00, 0x00, 0xe0, 0x3b, 0xa0, 0x52, 0x00, 0x00, 0xe0, 0x07, 0x00, 0x00,
  0x00, 0x00, 0xe0, 0x07, 0x00, 0x00, 0x00, 0x00, 0x00, 0x00, 0x00, 0x00, 0x00, 0x00, 0x00, 0x00,
  0x00, 0x00, 0x00, 0x00, 0x00, 0x00, 0x00, 0x00, 0x00, 0x00, 0x00, 0x00, 0x00, 0x00, 0x00, 0x00,
  0x00, 0x00, 0x00, 0x00, 0x00, 0x00, 0x00, 0x00, 0x00, 0x00, 0x00, 0x00, 0x00, 0x00, 0x00, 0x00,
  0x00, 0x00, 0x00, 0x00, 0x00, 0x00, 0x00, 0x00, 0x00, 0x00, 0x00, 0x00, 0x00, 0x00, 0x00, 0x00,
  0x00, 0x00, 0x00, 0x00, 0x00, 0x00, 0x00, 0x00, 0x00, 0x00, 0x00, 0x00, 0x00, 0x00, 0x00, 0x00,
  0x00, 0x00, 0x00, 0x00, 0x00, 0x00, 0x00, 0x00, 0x00, 0x00, 0x00, 0x00, 0x00, 0x00, 0x00, 0x00,
  0x00, 0x00, 0x00, 0x00, 0x00, 0x00, 0x00, 0x00, 0x00, 0x00, 0x00, 0x00, 0x00, 0x00, 0x00, 0x00,
  0x00, 0x00, 0x00, 0x00, 0x00, 0x00, 0xa0, 0x02, 0x22, 0x2b, 0x01, 0x2b, 0x83, 0x33, 0x81, 0x3b,
  0x62, 0x33, 0x41, 0x33, 0x42, 0x33, 0x41, 0x2b, 0x21, 0x2b, 0xe1, 0x2a, 0x21, 0x23, 0x01, 0x1b,
  0x01, 0x24, 0x23, 0x2d, 0xa4, 0x35, 0x43, 0x2d, 0xe1, 0x1b, 0x21, 0x13, 0x01, 0x13, 0x21, 0x1b,
  0x01, 0x13, 0x02, 0x1c, 0x22, 0x1c, 0x02, 0x1c, 0x61, 0x13, 0xe2, 0x13, 0x43, 0x25, 0xc5, 0x35,
  0x24, 0x2d, 0x46, 0x36, 0x91, 0x97, 0xd3, 0x9f, 0xd2, 0x9f, 0x90, 0x8f, 0xa6, 0x36, 0xc9, 0x4e,
  0xc8, 0x4e, 0x25, 0x2e, 0xb3, 0x9f, 0xd0, 0x86, 0xc6, 0x35, 0xfe, 0xf7, 0xff, 0xff, 0xfa, 0xdf,
  0xf6, 0xb7, 0xf9, 0xd7, 0xfc, 0xe7, 0xfc, 0xef, 0xf9, 0xd7, 0xf8, 0xcf, 0xf4, 0xaf, 0xf5, 0xaf,
  0xf7, 0xb7, 0xfa, 0xd7, 0xfe, 0xff, 0xfc, 0xdf, 0x10, 0x7e, 0xe0, 0x00, 0xc1, 0x0a, 0x21, 0x03,
  0x01, 0x03, 0x01, 0x0b, 0x01, 0x0b, 0x00, 0x0b, 0x00, 0x03, 0x00, 0x03, 0x20, 0x0b, 0x20, 0x0b,
  0x40, 0x0b, 0x40, 0x0b, 0xe0, 0x02, 0x81, 0x0b, 0x82, 0x14, 0xc2, 0x1c, 0x23, 0x25, 0xe2, 0x1c,
  0x03, 0x25, 0x43, 0x25, 0x03, 0x1d, 0x63, 0x25, 0x05, 0x36, 0x25, 0x36, 0x05, 0x36, 0xc3, 0x24,
  0x80, 0x0b, 0x01, 0x14, 0xc1, 0x0b, 0xa1, 0x0b, 0x80, 0x03, 0x80, 0x0b, 0xe0, 0x02, 0xa1, 0x0b,
  0x20, 0x03, 0xc2, 0x12, 0xdb, 0xdf, 0xfc, 0xef, 0xfc, 0xe7, 0xdc, 0xe7, 0xd6, 0xb7, 0x41, 0x0b,
  0x42, 0x14, 0x61, 0x14, 0x82, 0x14, 0x41, 0x0c, 0xc2, 0x1c, 0x45, 0x36, 0x46, 0x36, 0xc4, 0x2d,
  0x22, 0x14, 0x60, 0x03, 0xec, 0x6d, 0xff, 0xff, 0xdd, 0xef, 0xfd, 0xf7, 0xfd, 0xef, 0xfb, 0xe7,
  0xfb, 0xe7, 0xfa, 0xdf, 0xf9, 0xd7, 0xfb, 0xe7, 0xf9, 0xcf, 0xf8, 0xcf, 0xf6, 0xbf, 0xf9, 0xcf,
  0xfd, 0xef, 0xff, 0xff, 0x6d, 0x75, 0x20, 0x02, 0xa1, 0x0b, 0x01, 0x0c, 0xa0, 0x0b, 0x60, 0x03,
  0xa0, 0x0b, 0xe1, 0x0b, 0xa0, 0x0b, 0x21, 0x14, 0xc2, 0x1c, 0x43, 0x25, 0x05, 0x2e, 0x46, 0x36,
  0x66, 0x3e, 0x05, 0x36, 0x05, 0x36, 0xe4, 0x2d, 0x83, 0x25, 0xa4, 0x25, 0x05, 0x36, 0xa5, 0x2d,
  0x23, 0x1d, 0xa2, 0x14, 0xc0, 0x03, 0x21, 0x0c, 0x01, 0x0c, 0x60, 0x03, 0xc1, 0x0b, 0xc2, 0x14,
  0x61, 0x14, 0x00, 0x03, 0xe4, 0x23, 0xfc, 0xe7, 0xfe, 0xf7, 0xfa, 0xdf, 0xfa, 0xdf, 0xf8, 0xcf,
  0xf6, 0xc7, 0xf9, 0xd7, 0xf9, 0xd7, 0xf7, 0xc7, 0xf7, 0xcf, 0xfa, 0xdf, 0xf9, 0xd7, 0xfa, 0xdf,
  0xfd, 0xef, 0xf9, 0xd7, 0xfc, 0xef, 0xfe, 0xf7, 0x85, 0x34, 0x21, 0x04, 0xa1, 0x13, 0xa7, 0x46,
  0xa6, 0x36, 0x63, 0x25, 0x42, 0x1c, 0xa2, 0x1b, 0xc1, 0x1a, 0xc1, 0x1a, 0x61, 0x23, 0x01, 0x23,
  0x41, 0x23, 0x62, 0x23, 0x41, 0x23, 0x42, 0x23, 0x82, 0x23, 0x82, 0x2b, 0x02, 0x23, 0x02, 0x23,
  0x41, 0x2b, 0x02, 0x2b, 0x22, 0x23, 0xe0, 0x03, 0x00, 0x00, 0x00, 0x00, 0xe3, 0x3a, 0xe0, 0x03,
  0x00, 0x00, 0x00, 0x00, 0x00, 0x00, 0xe3, 0x3a, 0xa2, 0x22, 0x00, 0x00, 0x00, 0x00, 0x00, 0x00,
  0x00, 0x00, 0x00, 0x00, 0x00, 0x00, 0x00, 0x00, 0x00, 0x00, 0x00, 0x00, 0x00, 0x00, 0x00, 0x00,
  0x00, 0x00, 0x00, 0x00, 0x00, 0x00, 0x00, 0x00, 0x00, 0x00, 0x00, 0x00, 0x00, 0x00, 0x00, 0x00,
  0x00, 0x00, 0x00, 0x00, 0x00, 0x00, 0x00, 0x00, 0x00, 0x00, 0x00, 0x00, 0x00, 0x00, 0x00, 0x00,
  0x00, 0x00, 0x00, 0x00, 0x00, 0x00, 0x00, 0x00, 0x00, 0x00, 0x00, 0x00, 0x00, 0x00, 0x00, 0x00,
  0x00, 0x00, 0x00, 0x00, 0x00, 0x00, 0x00, 0x00, 0x00, 0x00, 0x00, 0x00, 0x00, 0x00, 0x00, 0x00,
  0x00, 0x00, 0x00, 0x00, 0x00, 0x00, 0x00, 0x00, 0x00, 0x00, 0x00, 0x00, 0x00, 0x00, 0x00, 0x00,
  0x00, 0x00, 0x00, 0x00, 0x00, 0x00, 0x00, 0x00, 0x00, 0x00, 0x20, 0x33, 0x03, 0x3b, 0xe5, 0x2b,
  0x61, 0x2b, 0x02, 0x2b, 0x02, 0x2b, 0xa2, 0x3b, 0xc1, 0x33, 0x41, 0x2b, 0x41, 0x2b, 0xc1, 0x2b,
  0xe1, 0x23, 0x22, 0x24, 0xa2, 0x2c, 0xa3, 0x34, 0x02, 0x24, 0x00, 0x13, 0x61, 0x1a, 0x41, 0x23,
  0x41, 0x23, 0x41, 0x1b, 0x81, 0x1b, 0x81, 0x1b, 0x81, 0x13, 0x22, 0x24, 0x42, 0x24, 0xc2, 0x1c,
  0x82, 0x1c, 0x02, 0x14, 0xc5, 0x2d, 0x86, 0x3e, 0xfa, 0xdf, 0x6e, 0x7f, 0xf2, 0x9f, 0xea, 0x56,
  0xc4, 0x25, 0x46, 0x36, 0x87, 0x46, 0x06, 0x36, 0xc7, 0x46, 0x0b, 0x67, 0xdd, 0xf7, 0xfe, 0xf7,
  0xfc, 0xe7, 0xfc, 0xe7, 0xf9, 0xd7, 0xfc, 0xef, 0xfd, 0xef, 0xfd, 0xef, 0xfd, 0xf7, 0xfe, 0xff,
  0xfa, 0xdf, 0xf8, 0xc7, 0xd8, 0xc7, 0xfa, 0xcf, 0xf4, 0x96, 0x46, 0x34, 0x00, 0x02, 0xe1, 0x0a,
  0x41, 0x0b, 0x61, 0x0b, 0x81, 0x0b, 0x21, 0x0b, 0x41, 0x0b, 0xe1, 0x13, 0xc1, 0x13, 0xc1, 0x13,
  0x81, 0x0b, 0x61, 0x0b, 0x81, 0x0b, 0xa1, 0x0b, 0x62, 0x1c, 0xe3, 0x1c, 0x03, 0x1d, 0x23, 0x25,
  0x23, 0x25, 0xa4, 0x2d, 0x05, 0x36, 0x87, 0x3e, 0x05, 0x36, 0xa4, 0x2d, 0x05, 0x36, 0xc4, 0x2d,
  0xc3, 0x24, 0xe5, 0x35, 0xa4, 0x2d, 0xe1, 0x13, 0x22, 0x1c, 0x40, 0x0b, 0x40, 0x03, 0xc1, 0x0b,
  0x21, 0x0b, 0x00, 0x03, 0x62, 0x14, 0x00, 0x03, 0x4d, 0x6d, 0xff, 0xff, 0xba, 0xe7, 0xfc, 0xef,
  0x4d, 0x76, 0xc0, 0x02, 0xe3, 0x1c, 0x01, 0x0c, 0x01, 0x0c, 0xa2, 0x1c, 0x23, 0x1d, 0x63, 0x25,
  0x45, 0x36, 0xc2, 0x14, 0xc0, 0x03, 0xa3, 0x24, 0xdd, 0xef, 0xfd, 0xef, 0xfc, 0xef, 0xff, 0xff,
  0xfd, 0xef, 0xfb, 0xe7, 0xfc, 0xef, 0xfd, 0xef, 0xfc, 0xe7, 0xfa, 0xdf, 0xf9, 0xd7, 0xf9, 0xd7,
  0xfa, 0xdf, 0xfb, 0xe7, 0xff, 0xff, 0x0f, 0x86, 0x20, 0x02, 0x82, 0x13, 0x01, 0x14, 0xa1, 0x0b,
  0x40, 0x03, 0x81, 0x0b, 0x81, 0x0b, 0x60, 0x0b, 0x41, 0x14, 0x84, 0x25, 0x05, 0x36, 0xe5, 0x2d,
  0x04, 0x25, 0xe4, 0x24, 0x04, 0x25, 0x85, 0x2d, 0xa5, 0x2d, 0xc5, 0x2d, 0x66, 0x3e, 0x86, 0x3e,
  0xe4, 0x2d, 0xc4, 0x2d, 0xa4, 0x2d, 0x23, 0x1d, 0x23, 0x1d, 0x21, 0x0c, 0x01, 0x0c, 0xe1, 0x0b,
  0x80, 0x03, 0x01, 0x0c, 0x82, 0x14, 0xc1, 0x0b, 0x60, 0x02, 0x0e, 0x76, 0xff, 0xff, 0xfc, 0xef,
  0xf9, 0xdf, 0xfb, 0xe7, 0xfa, 0xd7, 0xf4, 0xb7, 0xd4, 0xb7, 0xd4, 0xb7, 0xf6, 0xc7, 0xfb, 0xe7,
  0xf9, 0xd7, 0xf9, 0xcf, 0xfa, 0xdf, 0xf9, 0xdf, 0xfb, 0xef, 0xff, 0xff, 0xb1, 0x8e, 0x80, 0x03,
  0x22, 0x14, 0xc5, 0x35, 0xe7, 0x4e, 0xa4, 0x25, 0x82, 0x24, 0x61, 0x13, 0x60, 0x12, 0x22, 0x1b,
  0xe1, 0x1a, 0x21, 0x23, 0xc2, 0x2b, 0xc2, 0x2b, 0x82, 0x2b, 0x21, 0x23, 0x41, 0x23, 0x22, 0x2b,
  0x62, 0x2b, 0x43, 0x2b, 0x03, 0x2b, 0x64, 0x23, 0xa0, 0x52, 0x20, 0x33, 0x00, 0x00, 0x00, 0x00,
  0xa0, 0x02, 0x00, 0x00, 0xe0, 0x07, 0x00, 0x00, 0x62, 0x22, 0x81, 0x22, 0xa2, 0x22, 0xe0, 0x07,
  0x00, 0x00, 0x00, 0x00, 0x00, 0x00, 0xe0, 0x7b, 0xe0, 0x03, 0x00, 0x00, 0x00, 0x00, 0x00, 0x00,
  0x00, 0x00, 0x00, 0x00, 0x00, 0x00, 0x00, 0x00, 0x00, 0x00, 0x00, 0x00, 0x00, 0x00, 0x00, 0x00,
  0x00, 0x00, 0x00, 0x00, 0x00, 0x00, 0x00, 0x00, 0x00, 0x00, 0x00, 0x00, 0x00, 0x00, 0x00, 0x00,
  0x00, 0x00, 0x00, 0x00, 0x00, 0x00, 0x00, 0x00, 0x00, 0x00, 0x00, 0x00, 0x00, 0x00, 0x00, 0x00,
  0x00, 0x00, 0x00, 0x00, 0x00, 0x00, 0x00, 0x00, 0x00, 0x00, 0x00, 0x00, 0x00, 0x00, 0x00, 0x00,
  0x00, 0x00, 0x00, 0x00, 0x00, 0x00, 0x00, 0x00, 0x00, 0x00, 0x00, 0x00, 0x00, 0x00, 0x00, 0x00,
  0x00, 0x00, 0x00, 0x00, 0x00, 0x00, 0x00, 0x00, 0x00, 0x00, 0x00, 0x00, 0x00, 0x00, 0x83, 0x3b,
  0x01, 0x2b, 0xc1, 0x2a, 0xe1, 0x2a, 0x01, 0x2b, 0x42, 0x33, 0x01, 0x23, 0x01, 0x23, 0x41, 0x23,
  0xc1, 0x23, 0xa2, 0x34, 0xe1, 0x23, 0x81, 0x23, 0x61, 0x23, 0x81, 0x2b, 0x41, 0x2b, 0x82, 0x2b,
  0x82, 0x23, 0x62, 0x23, 0x82, 0x23, 0xa2, 0x23, 0xe1, 0x12, 0x01, 0x13, 0xa1, 0x1b, 0x62, 0x24,
  0x83, 0x24, 0x44, 0x35, 0x81, 0x0b, 0x26, 0x35, 0xa6, 0x36, 0x50, 0x8f, 0xb3, 0xaf, 0xac, 0x67,
  0x2d, 0x6f, 0xc1, 0x0c, 0x06, 0x36, 0x87, 0x3e, 0x22, 0x1d, 0x61, 0x0c, 0x06, 0x46, 0xfc, 0xef,
  0xfe, 0xf7, 0xf9, 0xcf, 0xfa, 0xdf, 0xf8, 0xd7, 0xf9, 0xdf, 0xfa, 0xe7, 0xf8, 0xd7, 0xfb, 0xe7,
  0xfd, 0xf7, 0xff, 0xff, 0xfe, 0xff, 0xb3, 0x97, 0xf8, 0xbf, 0xda, 0xcf, 0x43, 0x0b, 0xc0, 0x01,
  0x62, 0x0b, 0x41, 0x0b, 0x61, 0x0b, 0x61, 0x0b, 0x00, 0x0b, 0x61, 0x0b, 0xe2, 0x13, 0xe1, 0x13,
  0x40, 0x0b, 0x81, 0x0b, 0x01, 0x14, 0x23, 0x25, 0x25, 0x3e, 0x46, 0x3e, 0x66, 0x3e, 0xe5, 0x35,
  0xc3, 0x1c, 0x82, 0x1c, 0xc3, 0x1c, 0x62, 0x14, 0x22, 0x14, 0x42, 0x14, 0x42, 0x14, 0x82, 0x1c,
  0xe3, 0x1c, 0xa3, 0x1c, 0x81, 0x0b, 0xc1, 0x0b, 0xc5, 0x2d, 0x26, 0x3e, 0x42, 0x14, 0x62, 0x1c,
  0x61, 0x0b, 0x00, 0x03, 0x21, 0x0b, 0xc0, 0x02, 0xe1, 0x13, 0xc4, 0x1c, 0x22, 0x0b, 0x78, 0xc7,
  0xfc, 0xf7, 0xd8, 0xd7, 0xa2, 0x13, 0xa1, 0x0b, 0xe2, 0x1c, 0xe1, 0x0b, 0xa0, 0x03, 0x84, 0x2d,
  0xc2, 0x14, 0x45, 0x36, 0x83, 0x25, 0x41, 0x0c, 0xc0, 0x03, 0x55, 0xaf, 0xff, 0xff, 0xfb, 0xe7,
  0xfd, 0xf7, 0xfe, 0xf7, 0xfa, 0xdf, 0xfb, 0xe7, 0xfe, 0xff, 0xfd, 0xef, 0xfb, 0xdf, 0xfa, 0xe7,
  0xfb, 0xdf, 0xfc, 0xef, 0xfc, 0xef, 0xff, 0xff, 0xf3, 0xa6, 0xa0, 0x02, 0x61, 0x0b, 0xc1, 0x0b,
  0x81, 0x0b, 0x40, 0x0b, 0x61, 0x0b, 0x61, 0x0b, 0x40, 0x03, 0x03, 0x1d, 0x04, 0x2e, 0x03, 0x25,
  0xe2, 0x13, 0xa0, 0x0a, 0x00, 0x02, 0x20, 0x02, 0x00, 0x02, 0x20, 0x02, 0xa0, 0x02, 0x20, 0x0b,
  0xe2, 0x13, 0xe4, 0x24, 0x06, 0x36, 0x46, 0x3e, 0xc5, 0x2d, 0x23, 0x1d, 0xc2, 0x1c, 0x03, 0x1d,
  0x21, 0x0c, 0xc1, 0x0b, 0xa1, 0x0b, 0x60, 0x0b, 0xc3, 0x1c, 0x62, 0x14, 0xe0, 0x02, 0xa2, 0x13,
  0xfb, 0xdf, 0xfd, 0xf7, 0xf9, 0xd7, 0xfa, 0xdf, 0xfc, 0xef, 0xfa, 0xd7, 0xf6, 0xc7, 0xf7, 0xc7,
  0xf6, 0xbf, 0xf8, 0xcf, 0xf6, 0xbf, 0xf7, 0xc7, 0xf8, 0xcf, 0xfa, 0xdf, 0xfd, 0xf7, 0xff, 0xff,
  0xfd, 0xef, 0x04, 0x2c, 0xe1, 0x0b, 0x23, 0x25, 0x87, 0x46, 0xa4, 0x2d, 0xa3, 0x1c, 0x83, 0x24,
  0x82, 0x1b, 0x41, 0x13, 0x41, 0x1b, 0x82, 0x23, 0x42, 0x23, 0x62, 0x23, 0x83, 0x2b, 0x42, 0x2b,
  0x42, 0x2b, 0x22, 0x2b, 0xe2, 0x1a, 0xe3, 0x1a, 0xe2, 0x2a, 0x00, 0x00, 0xa0, 0x02, 0xa0, 0x52,
  0xe0, 0x07, 0xe0, 0x7b, 0x00, 0xf8, 0x00, 0x00, 0x00, 0x00, 0x00, 0x00, 0x81, 0x22, 0x61, 0x22,
  0xe0, 0x03, 0x00, 0x00, 0x00, 0x00, 0x00, 0x00, 0x00, 0x00, 0xe0, 0x03, 0x00, 0x00, 0x00, 0x00,
  0x00, 0x00, 0x00, 0x00, 0x00, 0x00, 0x00, 0x00, 0x00, 0x00, 0x00, 0x00, 0x00, 0x00, 0x00, 0x00,
  0x00, 0x00, 0x00, 0x00, 0x00, 0x00, 0x00, 0x00, 0x00, 0x00, 0x00, 0x00, 0x00, 0x00, 0x00, 0x00,
  0x00, 0x00, 0x00, 0x00, 0x00, 0x00, 0x00, 0x00, 0x00, 0x00, 0x00, 0x00, 0x00, 0x00, 0x00, 0x00,
  0x00, 0x00, 0x00, 0x00, 0x00, 0x00, 0x00, 0x00, 0x00, 0x00, 0x00, 0x00, 0x00, 0x00, 0x00, 0x00,
  0x00, 0x00, 0x00, 0x00, 0x00, 0x00, 0x00, 0x00, 0x00, 0x00, 0x00, 0x00, 0x00, 0x00, 0x00, 0x00,
  0x00, 0x00, 0x00, 0x00, 0x00, 0x00, 0x00, 0x00, 0x00, 0x00, 0x00, 0x00, 0xe0, 0x07, 0x83, 0x3b,
  0x02, 0x2b, 0xe1, 0x2a, 0xc1, 0x22, 0xc1, 0x2a, 0x21, 0x2b, 0x21, 0x2b, 0x21, 0x2b, 0x01, 0x23,
  0x81, 0x23, 0x01, 0x24, 0x42, 0x2c, 0x22, 0x2c, 0x61, 0x23, 0x01, 0x23, 0xa2, 0x2b, 0x61, 0x2b,
  0x41, 0x2b, 0x61, 0x23, 0x41, 0x1b, 0x81, 0x1b, 0x21, 0x1b, 0x21, 0x13, 0x21, 0x13, 0xc1, 0x1b,
  0x22, 0x1c, 0x02, 0x1c, 0x22, 0x1c, 0x61, 0x13, 0x23, 0x24, 0x09, 0x5f, 0xe5, 0x36, 0x90, 0x97,
  0x2a, 0x5f, 0xf1, 0x97, 0xa6, 0x35, 0xa2, 0x14, 0x06, 0x3e, 0xa5, 0x2d, 0x61, 0x0c, 0xa2, 0x1c,
  0xb9, 0xd7, 0xff, 0xff, 0xfa, 0xdf, 0xf5, 0xaf, 0xf9, 0xcf, 0xf9, 0xd7, 0xf9, 0xdf, 0xf9, 0xdf,
  0xfa, 0xdf, 0xfb, 0xe7, 0xfb, 0xe7, 0xfe, 0xf7, 0xfe, 0xf7, 0xf9, 0xbf, 0xda, 0xd7, 0xc8, 0x3b,
  0x00, 0x02, 0x42, 0x0b, 0x21, 0x0b, 0x41, 0x0b, 0xe0, 0x02, 0xe0, 0x02, 0x61, 0x0b, 0xe0, 0x0a,
  0x60, 0x02, 0x20, 0x03, 0x42, 0x14, 0x23, 0x25, 0x84, 0x2d, 0x24, 0x2d, 0x43, 0x1c, 0x02, 0x1c,
  0x41, 0x0b, 0xa0, 0x02, 0xc0, 0x02, 0x01, 0x0b, 0xe0, 0x0a, 0xe0, 0x0a, 0xe1, 0x0a, 0xc0, 0x02,
  0xa0, 0x02, 0xc0, 0x02, 0x80, 0x02, 0x60, 0x02, 0x60, 0x02, 0x60, 0x02, 0xc0, 0x02, 0x05, 0x36,
  0xe3, 0x24, 0x62, 0x1c, 0xc1, 0x13, 0x00, 0x03, 0x00, 0x0b, 0xa0, 0x02, 0x40, 0x0b, 0x03, 0x1d,
  0x60, 0x03, 0xa6, 0x34, 0xfe, 0xff, 0xef, 0x7d, 0x40, 0x03, 0xa2, 0x1c, 0x01, 0x0c, 0xe1, 0x0b,
  0x41, 0x14, 0xe5, 0x35, 0xa2, 0x14, 0xa6, 0x3e, 0xc2, 0x14, 0x80, 0x03, 0x28, 0x4d, 0xff, 0xff,
  0xde, 0xf7, 0xfd, 0xf7, 0xfd, 0xf7, 0xfd, 0xef, 0xfb, 0xdf, 0xf9, 0xd7, 0xfa, 0xdf, 0xf7, 0xbf,
  0xf6, 0xbf, 0xf9, 0xd7, 0xfa, 0xd7, 0xfb, 0xe7, 0xfe, 0xf7, 0xfb, 0xe7, 0x62, 0x1b, 0xe0, 0x02,
  0xc1, 0x0b, 0x81, 0x03, 0x40, 0x0b, 0x61, 0x0b, 0x20, 0x03, 0xa1, 0x0b, 0x63, 0x25, 0x63, 0x25,
  0x21, 0x0b, 0x40, 0x02, 0x60, 0x02, 0xa0, 0x02, 0xc0, 0x02, 0xa0, 0x02, 0xc0, 0x02, 0xa0, 0x02,
  0x80, 0x02, 0x80, 0x02, 0x60, 0x02, 0xa0, 0x02, 0x61, 0x0b, 0xe4, 0x24, 0x64, 0x25, 0x43, 0x25,
  0xe2, 0x1c, 0xc2, 0x14, 0xc3, 0x1c, 0xc0, 0x0b, 0xa1, 0x0b, 0xa1, 0x0b, 0x41, 0x14, 0xe3, 0x1c,
  0x02, 0x14, 0x40, 0x03, 0x51, 0x8e, 0xff, 0xff, 0xfb, 0xe7, 0xfa, 0xdf, 0xf9, 0xd7, 0xf8, 0xcf,
  0xf8, 0xcf, 0xd6, 0xbf, 0xf8, 0xcf, 0xf7, 0xc7, 0xf7, 0xcf, 0xf9, 0xd7, 0xf7, 0xc7, 0xfb, 0xe7,
  0xfc, 0xe7, 0xda, 0xdf, 0xff, 0xff, 0x12, 0x9e, 0xe0, 0x02, 0x62, 0x14, 0x06, 0x3e, 0x66, 0x36,
  0x43, 0x25, 0x42, 0x1c, 0x61, 0x1b, 0x41, 0x1b, 0x61, 0x1b, 0x21, 0x1b, 0xc1, 0x1a, 0x62, 0x2b,
  0x82, 0x2b, 0x62, 0x2b, 0x42, 0x2b, 0x02, 0x2b, 0x42, 0x2b, 0xc2, 0x22, 0xe2, 0x2a, 0xe7, 0x3b,
  0x00, 0x00, 0x00, 0xf8, 0x00, 0x00, 0xa0, 0x02, 0x00, 0x00, 0x00, 0x00, 0x00, 0x00, 0xe0, 0x7b,
  0xe2, 0x2a, 0xe0, 0x39, 0x00, 0x00, 0x00, 0x00, 0x00, 0x00, 0x00, 0x00, 0x00, 0x00, 0x00, 0x00,
  0x00, 0x00, 0x00, 0x00, 0x00, 0x00, 0x00, 0x00, 0x00, 0x00, 0x00, 0x00, 0x00, 0x00, 0x00, 0x00,
  0x00, 0x00, 0x00, 0x00, 0x00, 0x00, 0x00, 0x00, 0x00, 0x00, 0x00, 0x00, 0x00, 0x00, 0x00, 0x00,
  0x00, 0x00, 0x00, 0x00, 0x00, 0x00, 0x00, 0x00, 0x00, 0x00, 0x00, 0x00, 0x00, 0x00, 0x00, 0x00,
  0x00, 0x00, 0x00, 0x00, 0x00, 0x00, 0x00, 0x00, 0x00, 0x00, 0x00, 0x00, 0x00, 0x00, 0x00, 0x00,
  0x00, 0x00, 0x00, 0x00, 0x00, 0x00, 0x00, 0x00, 0x00, 0x00, 0x00, 0x00, 0x00, 0x00, 0x00, 0x00,
  0x00, 0x00, 0x00, 0x00, 0x00, 0x00, 0x00, 0x00, 0x00, 0x00, 0x00, 0x00, 0x20, 0x33, 0x02, 0x33,
  0xe2, 0x32, 0x02, 0x33, 0x02, 0x33, 0xe2, 0x2a, 0x01, 0x2b, 0x01, 0x2b, 0xa0, 0x22, 0xc0, 0x2a,
  0xc1, 0x22, 0xa1, 0x2b, 0xc1, 0x23, 0xe1, 0x23, 0xa1, 0x23, 0x61, 0x23, 0x21, 0x2b, 0xc0, 0x1a,
  0x21, 0x23, 0xc1, 0x22, 0x21, 0x23, 0x21, 0x23, 0xe1, 0x1a, 0x82, 0x23, 0x61, 0x23, 0x41, 0x1b,
  0x21, 0x1b, 0xa1, 0x1b, 0xc1, 0x1b, 0xc1, 0x1b, 0x24, 0x35, 0xe1, 0x13, 0x65, 0x35, 0xc5, 0x36,
  0x70, 0x8f, 0x2d, 0x6f, 0x6a, 0x57, 0x29, 0x56, 0xa0, 0x03, 0x24, 0x25, 0x64, 0x25, 0x01, 0x0c,
  0x20, 0x04, 0x55, 0xaf, 0xff, 0xff, 0xfd, 0xf7, 0xfc, 0xf7, 0xf7, 0xc7, 0xf6, 0xbf, 0xfb, 0xe7,
  0xf8, 0xcf, 0xf8, 0xd7, 0xfb, 0xe7, 0xfa, 0xdf, 0xfa, 0xdf, 0xfc, 0xef, 0xff, 0xff, 0xfd, 0xe7,
  0xe8, 0x43, 0x80, 0x01, 0x21, 0x0b, 0xc1, 0x02, 0x21, 0x0b, 0x00, 0x03, 0x01, 0x03, 0x41, 0x0b,
  0x60, 0x02, 0x80, 0x02, 0x22, 0x14, 0xc4, 0x2d, 0xe4, 0x35, 0x23, 0x25, 0x81, 0x13, 0x60, 0x02,
  0x00, 0x02, 0x40, 0x02, 0x20, 0x02, 0x60, 0x02, 0xa0, 0x02, 0x80, 0x02, 0x20, 0x02, 0x00, 0x02,
  0x20, 0x02, 0x20, 0x02, 0x60, 0x02, 0x60, 0x02, 0xa0, 0x02, 0xa0, 0x02, 0x40, 0x02, 0x60, 0x02,
  0x20, 0x02, 0xc1, 0x13, 0xa6, 0x46, 0x63, 0x25, 0x81, 0x0b, 0x00, 0x0b, 0x61, 0x0b, 0x20, 0x0b,
  0xe0, 0x02, 0xc1, 0x0b, 0xe4, 0x24, 0xc0, 0x03, 0x6c, 0x6e, 0x83, 0x1b, 0x41, 0x14, 0x41, 0x14,
  0xa0, 0x0b, 0x01, 0x0c, 0xe3, 0x1c, 0xa4, 0x2d, 0xe2, 0x1c, 0xe5, 0x35, 0x81, 0x0c, 0xa0, 0x03,
  0x58, 0xbf, 0xff, 0xff, 0xfd, 0xef, 0xfd, 0xef, 0xfd, 0xef, 0xfb, 0xdf, 0xf9, 0xd7, 0xfa, 0xd7,
  0xf7, 0xc7, 0xf4, 0xaf, 0xf5, 0xb7, 0xf7, 0xc7, 0xf6, 0xbf, 0xfa, 0xdf, 0xfe, 0xf7, 0x88, 0x4d,
  0x40, 0x02, 0xa1, 0x0b, 0xa0, 0x0b, 0xa1, 0x0b, 0x61, 0x0b, 0x00, 0x03, 0x22, 0x14, 0xc4, 0x2d,
  0x62, 0x14, 0x60, 0x02, 0x60, 0x02, 0xe1, 0x0a, 0xa0, 0x02, 0xc0, 0x02, 0x80, 0x02, 0x80, 0x02,
  0x80, 0x02, 0x80, 0x02, 0xc0, 0x02, 0xc0, 0x02, 0xa0, 0x02, 0xa0, 0x02, 0xa0, 0x02, 0x00, 0x03,
  0x21, 0x14, 0x81, 0x14, 0x64, 0x25, 0xc2, 0x14, 0xe3, 0x1c, 0x62, 0x14, 0x80, 0x0b, 0xc1, 0x0b,
  0x01, 0x0c, 0x03, 0x1d, 0xe3, 0x1c, 0x20, 0x03, 0x08, 0x45, 0xff, 0xff, 0xdc, 0xe7, 0xf8, 0xcf,
  0xf5, 0xbf, 0xd4, 0xb7, 0xd6, 0xbf, 0xd3, 0xa7, 0xf7, 0xc7, 0xf8, 0xcf, 0xf7, 0xc7, 0xf7, 0xc7,
  0xf5, 0xb7, 0xf6, 0xc7, 0xf8, 0xd7, 0xd9, 0xdf, 0xff, 0xff, 0x58, 0xcf, 0x60, 0x03, 0x81, 0x0b,
  0x64, 0x2d, 0x08, 0x4f, 0x23, 0x2d, 0x02, 0x1c, 0xc2, 0x23, 0x42, 0x1b, 0xe1, 0x1a, 0x01, 0x23,
  0x01, 0x23, 0x42, 0x2b, 0x82, 0x2b, 0x42, 0x2b, 0x22, 0x23, 0x42, 0x1b, 0x01, 0x23, 0xe0, 0x1a,
  0x23, 0x33, 0xe5, 0x2b, 0xa0, 0x02, 0x00, 0x00, 0xe0, 0x07, 0xe0, 0x7b, 0x40, 0x55, 0x00, 0x00,
  0x00, 0x00, 0xe0, 0x07, 0xa0, 0x52, 0xe0, 0x03, 0x00, 0x00, 0x00, 0x00, 0x00, 0x00, 0x00, 0x00,
  0x00, 0x00, 0xe0, 0x07, 0x00, 0x00, 0x00, 0x00, 0x00, 0x00, 0x00, 0x00, 0x00, 0x00, 0x00, 0x00,
  0x00, 0x00, 0x00, 0x00, 0x00, 0x00, 0x00, 0x00, 0x00, 0x00, 0x00, 0x00, 0x00, 0x00, 0x00, 0x00,
  0x00, 0x00, 0x00, 0x00, 0x00, 0x00, 0x00, 0x00, 0x00, 0x00, 0x00, 0x00, 0x00, 0x00, 0x00, 0x00,
  0x00, 0x00, 0x00, 0x00, 0x00, 0x00, 0x00, 0x00, 0x00, 0x00, 0x00, 0x00, 0x00, 0x00, 0x00, 0x00,
  0x00, 0x00, 0x00, 0x00, 0x00, 0x00, 0x00, 0x00, 0x00, 0x00, 0x00, 0x00, 0x00, 0x00, 0x00, 0x00,
  0x00, 0x00, 0x00, 0x00, 0x00, 0x00, 0x00, 0x00, 0x00, 0x00, 0x00, 0x00, 0x00, 0x00, 0xe0, 0x07,
  0xa0, 0x2a, 0xe1, 0x2a, 0xc2, 0x2a, 0x22, 0x33, 0xc2, 0x2a, 0x81, 0x22, 0x81, 0x1a, 0x80, 0x22,
  0xa0, 0x22, 0xc1, 0x22, 0xe0, 0x22, 0x20, 0x23, 0x61, 0x23, 0x82, 0x2b, 0x41, 0x2b, 0x61, 0x2b,
  0x21, 0x23, 0x42, 0x2b, 0xe1, 0x22, 0x21, 0x2b, 0x03, 0x3c, 0xa1, 0x1a, 0x42, 0x1b, 0x61, 0x23,
  0x01, 0x1b, 0x21, 0x1b, 0x82, 0x1b, 0x62, 0x1b, 0x42, 0x24, 0x03, 0x2d, 0x83, 0x24, 0x05, 0x2d,
  0x06, 0x36, 0x23, 0x26, 0x73, 0x9f, 0xf8, 0xcf, 0xe8, 0x46, 0x23, 0x1d, 0xe3, 0x1c, 0x65, 0x25,
  0xa1, 0x0b, 0x20, 0x03, 0xd0, 0x86, 0xff, 0xff, 0xde, 0xf7, 0xfc, 0xef, 0xfb, 0xe7, 0xfd, 0xef,
  0xf9, 0xd7, 0xfa, 0xdf, 0xf6, 0xc7, 0xf6, 0xbf, 0xf8, 0xcf, 0xfb, 0xdf, 0xfd, 0xf7, 0xff, 0xff,
  0xfe, 0xf7, 0xc9, 0x44, 0xe0, 0x01, 0xe1, 0x0a, 0xa1, 0x02, 0xe1, 0x0a, 0x21, 0x0b, 0xe1, 0x0a,
  0xa0, 0x02, 0x20, 0x02, 0xa1, 0x13, 0xc4, 0x2d, 0xa6, 0x3e, 0x23, 0x25, 0xe1, 0x13, 0x20, 0x0b,
  0x20, 0x02, 0x40, 0x02, 0x80, 0x02, 0x60, 0x02, 0x60, 0x02, 0x80, 0x02, 0x20, 0x02, 0x00, 0x02,
  0x20, 0x02, 0x20, 0x02, 0x20, 0x02, 0x20, 0x02, 0x20, 0x02, 0x20, 0x02, 0x60, 0x02, 0x60, 0x02,
  0x40, 0x02, 0x60, 0x02, 0x40, 0x02, 0x00, 0x02, 0xe3, 0x24, 0x83, 0x25, 0xa1, 0x0b, 0xc0, 0x02,
  0x61, 0x0b, 0x61, 0x0b, 0x40, 0x0b, 0x00, 0x03, 0x24, 0x2d, 0xa3, 0x1c, 0x41, 0x0c, 0x81, 0x0b,
  0x62, 0x1c, 0xe1, 0x0b, 0xe1, 0x0b, 0x01, 0x0c, 0x44, 0x25, 0x23, 0x1d, 0x63, 0x25, 0x23, 0x25,
  0xe0, 0x03, 0x0d, 0x76, 0xff, 0xff, 0xfc, 0xef, 0xfc, 0xef, 0xfd, 0xef, 0xf9, 0xcf, 0xf4, 0xa7,
  0xf7, 0xbf, 0xf8, 0xc7, 0xf6, 0xb7, 0xf4, 0xa7, 0xd3, 0x9f, 0xf5, 0xaf, 0xf6, 0xb7, 0xff, 0xff,
  0x36, 0xbf, 0x60, 0x02, 0x21, 0x0b, 0xa1, 0x0b, 0xa1, 0x0b, 0x60, 0x0b, 0xe0, 0x02, 0x42, 0x14,
  0xa4, 0x2d, 0x01, 0x14, 0x20, 0x02, 0xe0, 0x02, 0x21, 0x0b, 0x80, 0x02, 0x60, 0x02, 0x80, 0x02,
  0x80, 0x02, 0x80, 0x02, 0x80, 0x02, 0x80, 0x02, 0x80, 0x02, 0x80, 0x02, 0x80, 0x02, 0x80, 0x02,
  0xa0, 0x02, 0xc0, 0x02, 0x60, 0x0b, 0x41, 0x14, 0xa2, 0x14, 0x43, 0x25, 0xa2, 0x14, 0xc2, 0x1c,
  0xe1, 0x0b, 0xe1, 0x0b, 0x42, 0x14, 0xc2, 0x1c, 0xe2, 0x14, 0xa1, 0x0b, 0xe2, 0x13, 0xdc, 0xef,
  0xfe, 0xf7, 0xf5, 0xbf, 0xf5, 0xb7, 0xf5, 0xb7, 0xf5, 0xb7, 0xd3, 0x9f, 0xd3, 0x9f, 0xf5, 0xb7,
  0xf5, 0xbf, 0xf5, 0xb7, 0xf5, 0xb7, 0xf5, 0xb7, 0xfa, 0xdf, 0xfd, 0xef, 0xfd, 0xff, 0xfd, 0xef,
  0x28, 0x3c, 0xa0, 0x03, 0xc3, 0x24, 0x08, 0x57, 0x25, 0x2d, 0x80, 0x0a, 0x61, 0x12, 0xa1, 0x1a,
  0x42, 0x23, 0x01, 0x23, 0x42, 0x23, 0x62, 0x2b, 0x62, 0x2b, 0x62, 0x2b, 0x82, 0x2b, 0x42, 0x23,
  0x42, 0x2b, 0xa2, 0x2a, 0xe0, 0x1a, 0xe0, 0x03, 0x20, 0x33, 0xa0, 0x52, 0x00, 0x00, 0xe0, 0x07,
  0x00, 0x00, 0x00, 0x00, 0x00, 0x00, 0x00, 0x00, 0x00, 0x00, 0x00, 0x00, 0x00, 0x00, 0x00, 0x00,
  0x00, 0x00, 0x00, 0x00, 0x00, 0x00, 0x00, 0x00, 0xa0, 0x52, 0x00, 0x00, 0x00, 0x00, 0x00, 0x00,
  0x00, 0x00, 0x00, 0x00, 0x00, 0x00, 0x00, 0x00, 0x00, 0x00, 0x00, 0x00, 0x00, 0x00, 0x00, 0x00,
  0x00, 0x00, 0x00, 0x00, 0x00, 0x00, 0x00, 0x00, 0x00, 0x00, 0x00, 0x00, 0x00, 0x00, 0x00, 0x00,
  0x00, 0x00, 0x00, 0x00, 0x00, 0x00, 0x00, 0x00, 0x00, 0x00, 0x00, 0x00, 0x00, 0x00, 0x00, 0x00,
  0x00, 0x00, 0x00, 0x00, 0x00, 0x00, 0x00, 0x00, 0x00, 0x00, 0x00, 0x00, 0x00, 0x00, 0x00, 0x00,
  0x00, 0x00, 0x00, 0x00, 0x00, 0x00, 0x00, 0x00, 0x00, 0x00, 0x00, 0x00, 0x00, 0x00, 0x00, 0x00,
  0x00, 0x00, 0x00, 0x00, 0xe0, 0x1a, 0x20, 0x33, 0x44, 0x4c, 0x01, 0x2b, 0x80, 0x22, 0x60, 0x1a,
  0x81, 0x1a, 0xc1, 0x22, 0xe1, 0x2a, 0xa1, 0x22, 0xa1, 0x22, 0x41, 0x2b, 0x21, 0x2b, 0x41, 0x2b,
  0xc3, 0x33, 0x62, 0x33, 0xe1, 0x1a, 0x01, 0x23, 0xc1, 0x1a, 0xe0, 0x1a, 0x21, 0x23, 0xc1, 0x1a,
  0x01, 0x1b, 0x21, 0x1b, 0xe0, 0x12, 0xa1, 0x1b, 0x81, 0x1b, 0xe0, 0x0a, 0x02, 0x1c, 0x84, 0x35,
  0xe1, 0x13, 0xe6, 0x3d, 0x25, 0x36, 0x6d, 0x87, 0x09, 0x57, 0x48, 0x4e, 0xc2, 0x1c, 0xc2, 0x14,
  0xe5, 0x2d, 0x62, 0x14, 0xa0, 0x02, 0x06, 0x3d, 0xfe, 0xff, 0xff, 0xff, 0xfd, 0xf7, 0xfc, 0xef,
  0xf8, 0xd7, 0xf9, 0xd7, 0xfb, 0xe7, 0xf9, 0xdf, 0xf8, 0xd7, 0xf8, 0xcf, 0xf9, 0xd7, 0xfa, 0xdf,
  0xfb, 0xe7, 0xfd, 0xef, 0x6c, 0x5e, 0x20, 0x02, 0xc1, 0x0a, 0xc1, 0x02, 0x01, 0x0b, 0x21, 0x0b,
  0x41, 0x0b, 0x20, 0x02, 0xe0, 0x0a, 0xe4, 0x2d, 0xa4, 0x25, 0x44, 0x25, 0xa1, 0x0b, 0xc0, 0x02,
  0x80, 0x02, 0xa0, 0x02, 0xa0, 0x02, 0x60, 0x02, 0x80, 0x02, 0x80, 0x02, 0x20, 0x02, 0x00, 0x02,
  0xe0, 0x01, 0xe0, 0x01, 0x00, 0x02, 0x20, 0x02, 0x20, 0x02, 0x20, 0x02, 0x00, 0x02, 0xe0, 0x01,
  0x00, 0x02, 0x20, 0x02, 0x60, 0x02, 0x60, 0x02, 0x20, 0x02, 0x20, 0x02, 0xc0, 0x02, 0x82, 0x1c,
  0xe3, 0x1c, 0xa0, 0x02, 0xe0, 0x02, 0x81, 0x13, 0x61, 0x0b, 0x60, 0x02, 0x62, 0x1c, 0xe3, 0x24,
  0xe0, 0x02, 0xc1, 0x0b, 0x21, 0x0c, 0xc1, 0x0b, 0xc1, 0x0b, 0x01, 0x0c, 0xe2, 0x14, 0x02, 0x15,
  0x63, 0x1d, 0x82, 0x14, 0x22, 0x15, 0xb9, 0xcf, 0xff, 0xff, 0xfb, 0xe7, 0xfc, 0xe7, 0xf8, 0xc7,
  0xf8, 0xc7, 0xf5, 0xaf, 0xf5, 0xa7, 0xf6, 0xb7, 0xf6, 0xbf, 0xf5, 0xaf, 0xd4, 0xaf, 0xd4, 0xa7,
  0xda, 0xdf, 0xff, 0xff, 0x27, 0x3d, 0xc0, 0x02, 0x81, 0x0b, 0xc1, 0x0b, 0x60, 0x03, 0x00, 0x03,
  0x81, 0x0b, 0x63, 0x25, 0x01, 0x14, 0x40, 0x02, 0xa0, 0x02, 0xe0, 0x0a, 0x80, 0x02, 0x60, 0x02,
  0x80, 0x02, 0x60, 0x02, 0x80, 0x02, 0x80, 0x02, 0x80, 0x02, 0xa0, 0x02, 0xa0, 0x02, 0xa0, 0x02,
  0xa0, 0x02, 0xa0, 0x02, 0xa0, 0x02, 0xe0, 0x02, 0xe0, 0x02, 0xc1, 0x0b, 0x81, 0x14, 0x64, 0x25,
  0xe3, 0x1c, 0x61, 0x14, 0x41, 0x14, 0xe0, 0x0b, 0xe1, 0x0b, 0x62, 0x14, 0xa2, 0x14, 0xe1, 0x0b,
  0x80, 0x03, 0x79, 0xcf, 0xfe, 0xff, 0xf6, 0xcf, 0xf7, 0xc7, 0xf6, 0xc7, 0xf7, 0xbf, 0xf5, 0xb7,
  0xd3, 0xa7, 0xd4, 0xaf, 0xf4, 0xaf, 0xf5, 0xaf, 0xf7, 0xc7, 0xd2, 0x9f, 0xf4, 0xb7, 0xfa, 0xdf,
  0xdd, 0xf7, 0xff, 0xff, 0xab, 0x5c, 0x40, 0x03, 0xe3, 0x24, 0xa6, 0x46, 0xa5, 0x35, 0xa0, 0x02,
  0x21, 0x1b, 0x21, 0x23, 0x41, 0x1b, 0x01, 0x1b, 0xe1, 0x1a, 0xe1, 0x1a, 0x41, 0x23, 0x42, 0x2b,
  0x22, 0x33, 0x42, 0x2b, 0x20, 0x33, 0xa0, 0x02, 0x00, 0x00, 0x00, 0x00, 0x00, 0x00, 0xe0, 0x03,
  0x00, 0x00, 0x00, 0x00, 0x00, 0x00, 0x00, 0x00, 0x00, 0x00, 0x00, 0x00, 0x00, 0x00, 0x00, 0x00,
  0x00, 0x00, 0x00, 0x00, 0x00, 0x00, 0x00, 0x00, 0x00, 0x00, 0x00, 0x00, 0x00, 0x00, 0x00, 0x00,
  0x00, 0x00, 0x00, 0x00, 0x00, 0x00, 0x00, 0x00, 0x00, 0x00, 0x00, 0x00, 0x00, 0x00, 0x00, 0x00,
  0x00, 0x00, 0x00, 0x00, 0x00, 0x00, 0x00, 0x00, 0x00, 0x00, 0x00, 0x00, 0x00, 0x00, 0x00, 0x00,
  0x00, 0x00, 0x00, 0x00, 0x00, 0x00, 0x00, 0x00, 0x00, 0x00, 0x00, 0x00, 0x00, 0x00, 0x00, 0x00,
  0x00, 0x00, 0x00, 0x00, 0x00, 0x00, 0x00, 0x00, 0x00, 0x00, 0x00, 0x00, 0x00, 0x00, 0x00, 0x00,
  0x00, 0x00, 0x00, 0x00, 0x00, 0x00, 0x00, 0x00, 0x00, 0x00, 0x00, 0x00, 0x00, 0x00, 0x00, 0x00,
  0xe0, 0x03, 0x00, 0x00, 0xe0, 0x03, 0xa0, 0x02, 0x84, 0x24, 0x01, 0x2b, 0x60, 0x22, 0x20, 0x1a,
  0x80, 0x1a, 0x80, 0x22, 0xa1, 0x22, 0xa1, 0x22, 0xa1, 0x22, 0xc1, 0x22, 0x01, 0x2b, 0x21, 0x2b,
  0xa2, 0x33, 0x42, 0x2b, 0x21, 0x2b, 0xc3, 0x33, 0x20, 0x1b, 0xa1, 0x1a, 0x40, 0x12, 0x42, 0x3c,
  0x01, 0x24, 0x00, 0x13, 0xc0, 0x1a, 0xa1, 0x23, 0x00, 0x13, 0x20, 0x13, 0x00, 0x13, 0x20, 0x0b,
  0x02, 0x1c, 0x42, 0x1c, 0xe6, 0x3d, 0xc4, 0x2d, 0x86, 0x3e, 0x8e, 0x87, 0x29, 0x5f, 0x64, 0x2d,
  0xa1, 0x0b, 0xe2, 0x1c, 0xa4, 0x25, 0x61, 0x03, 0x63, 0x1b, 0xd9, 0xd7, 0xff, 0xff, 0xfc, 0xe7,
  0xf6, 0xbf, 0xfd, 0xf7, 0xfb, 0xef, 0xf6, 0xc7, 0xfa, 0xe7, 0xf9, 0xdf, 0xf4, 0xaf, 0xf6, 0xbf,
  0xfa, 0xd7, 0xd8, 0xc7, 0xfb, 0xe7, 0xd1, 0x86, 0x00, 0x01, 0xc1, 0x0a, 0x40, 0x02, 0x41, 0x0b,
  0xe0, 0x02, 0x21, 0x0b, 0x80, 0x02, 0x61, 0x0b, 0x24, 0x36, 0xe2, 0x1c, 0xa1, 0x0b, 0x60, 0x02,
  0x20, 0x02, 0x40, 0x02, 0x40, 0x02, 0x80, 0x02, 0xa0, 0x02, 0x40, 0x02, 0x00, 0x02, 0x40, 0x02,
  0x00, 0x02, 0x00, 0x02, 0x00, 0x02, 0x00, 0x02, 0x20, 0x02, 0x00, 0x02, 0x00, 0x02, 0x00, 0x02,
  0x00, 0x02, 0x00, 0x02, 0xc0, 0x01, 0x00, 0x02, 0x60, 0x02, 0x40, 0x02, 0x40, 0x02, 0x80, 0x02,
  0xa0, 0x01, 0x60, 0x0b, 0xe2, 0x1c, 0x80, 0x02, 0xe0, 0x02, 0xa1, 0x13, 0x00, 0x03, 0x20, 0x02,
  0x61, 0x0b, 0x82, 0x1c, 0x61, 0x0b, 0xe1, 0x0b, 0x01, 0x0c, 0x60, 0x03, 0xe1, 0x0b, 0x81, 0x14,
  0xe2, 0x14, 0x02, 0x15, 0x03, 0x1d, 0x20, 0x04, 0xea, 0x5e, 0xff, 0xff, 0xfe, 0xf7, 0xfa, 0xdf,
  0xf7, 0xbf, 0xf4, 0xa7, 0xf8, 0xc7, 0xf8, 0xcf, 0xf3, 0x97, 0xf3, 0x9f, 0xf5, 0xa7, 0xf7, 0xc7,
  0xd4, 0xaf, 0xd6, 0xb7, 0xff, 0xff, 0x52, 0x97, 0x00, 0x03, 0x61, 0x03, 0x81, 0x0b, 0xc1, 0x0b,
  0x40, 0x03, 0x00, 0x03, 0x02, 0x1d, 0x41, 0x14, 0xa0, 0x02, 0xa0, 0x02, 0xa0, 0x02, 0x60, 0x02,
  0x60, 0x02, 0x80, 0x02, 0x60, 0x02, 0x60, 0x02, 0x60, 0x02, 0x40, 0x02, 0x60, 0x02, 0x80, 0x02,
  0xa0, 0x02, 0xa0, 0x02, 0x80, 0x02, 0xa0, 0x02, 0xa0, 0x02, 0xc0, 0x02, 0xc0, 0x02, 0x00, 0x03,
  0x21, 0x0c, 0x23, 0x1d, 0x84, 0x25, 0x00, 0x0c, 0x41, 0x0c, 0x01, 0x0c, 0xc0, 0x0b, 0x21, 0x14,
  0x82, 0x14, 0x21, 0x0c, 0x20, 0x03, 0x35, 0xa7, 0xff, 0xff, 0xf8, 0xd7, 0xf5, 0xb7, 0xf8, 0xd7,
  0xf7, 0xc7, 0xf6, 0xbf, 0xf7, 0xc7, 0xf6, 0xbf, 0xf5, 0xb7, 0xf3, 0xa7, 0xf4, 0xa7, 0xb0, 0x8f,
  0xf5, 0xb7, 0xfa, 0xdf, 0xfe, 0xf7, 0xff, 0xff, 0x0d, 0x6e, 0xa0, 0x02, 0xa2, 0x1c, 0x66, 0x3e,
  0xc6, 0x46, 0x81, 0x13, 0xe0, 0x1a, 0x01, 0x1b, 0xe1, 0x1a, 0xe0, 0x12, 0xc1, 0x12, 0x01, 0x1b,
  0x82, 0x1b, 0x02, 0x23, 0xe0, 0x39, 0x42, 0x13, 0xe0, 0x2b, 0xe0, 0x7b, 0x00, 0x00, 0x00, 0x00,
  0x00, 0x00, 0x00, 0x00, 0x00, 0x00, 0x00, 0x00, 0x00, 0x00, 0x00, 0x00, 0x00, 0x00, 0x00, 0x00,
  0x00, 0x00, 0x00, 0x00, 0x00, 0x00, 0x00, 0x00, 0x00, 0x00, 0x00, 0x00, 0x00, 0x00, 0x00, 0x00,
  0x00, 0x00, 0x00, 0x00, 0x00, 0x00, 0x00, 0x00, 0x00, 0x00, 0x00, 0x00, 0x00, 0x00, 0x00, 0x00,
  0x00, 0x00, 0x00, 0x00, 0x00, 0x00, 0x00, 0x00, 0x00, 0x00, 0x00, 0x00, 0x00, 0x00, 0x00, 0x00,
  0x00, 0x00, 0x00, 0x00, 0x00, 0x00, 0x00, 0x00, 0x00, 0x00, 0x00, 0x00, 0x00, 0x00, 0x00, 0x00,
  0x00, 0x00, 0x00, 0x00, 0x00, 0x00, 0x00, 0x00, 0x00, 0x00, 0x00, 0x00, 0x00, 0x00, 0x00, 0x00,
  0x00, 0x00, 0x00, 0x00, 0x00, 0x00, 0x00, 0x00, 0x00, 0x00, 0x00, 0x00, 0x00, 0x00, 0x00, 0x00,
  0x00, 0x00, 0xa0, 0x52, 0x20, 0x33, 0xef, 0x7b, 0x00, 0x00, 0xc2, 0x32, 0x60, 0x1a, 0x20, 0x1a,
  0x40, 0x1a, 0x60, 0x1a, 0xa0, 0x22, 0xe1, 0x22, 0xe2, 0x2a, 0xe1, 0x2a, 0xe1, 0x2a, 0x01, 0x33,
  0x21, 0x2b, 0x41, 0x2b, 0x62, 0x2b, 0x63, 0x33, 0x41, 0x2b, 0x62, 0x33, 0x81, 0x33, 0xc0, 0x1a,
  0xa7, 0x6d, 0xf3, 0xdf, 0x26, 0x5e, 0x00, 0x24, 0x61, 0x23, 0x01, 0x1b, 0xc0, 0x12, 0x21, 0x1b,
  0xe0, 0x12, 0x81, 0x13, 0x02, 0x24, 0x42, 0x1c, 0xe5, 0x35, 0xa4, 0x25, 0x8c, 0x7f, 0xa7, 0x4e,
  0x06, 0x3e, 0x43, 0x1c, 0x01, 0x14, 0x22, 0x1d, 0x62, 0x14, 0xa0, 0x02, 0xd5, 0xae, 0xff, 0xff,
  0xfc, 0xe7, 0xd1, 0x87, 0xf6, 0xbf, 0xf8, 0xcf, 0xf4, 0xaf, 0xf5, 0xbf, 0xf8, 0xd7, 0xf6, 0xbf,
  0xf4, 0xa7, 0xf5, 0xb7, 0xf8, 0xc7, 0xfa, 0xd7, 0x98, 0xbf, 0x81, 0x0b, 0x41, 0x02, 0xa1, 0x02,
  0xa0, 0x02, 0x21, 0x03, 0xa0, 0x02, 0x00, 0x03, 0x00, 0x0b, 0x63, 0x2d, 0xa1, 0x0b, 0x21, 0x0b,
  0x80, 0x02, 0x60, 0x02, 0x60, 0x02, 0x60, 0x02, 0xa0, 0x02, 0x60, 0x02, 0x20, 0x02, 0x00, 0x02,
  0x20, 0x02, 0x60, 0x02, 0x60, 0x02, 0x40, 0x02, 0x40, 0x02, 0x00, 0x02, 0xe0, 0x01, 0xe0, 0x01,
  0x40, 0x02, 0x20, 0x02, 0x00, 0x02, 0xa0, 0x01, 0xe0, 0x01, 0xe0, 0x01, 0x20, 0x02, 0x20, 0x02,
  0x20, 0x02, 0x60, 0x02, 0xa0, 0x01, 0x02, 0x14, 0xc3, 0x25, 0x40, 0x02, 0x80, 0x02, 0xc1, 0x13,
  0xe1, 0x13, 0x80, 0x02, 0xc0, 0x02, 0x61, 0x0b, 0x81, 0x0b, 0x61, 0x14, 0xa1, 0x0b, 0x80, 0x03,
  0xa1, 0x03, 0xe2, 0x14, 0x63, 0x1d, 0xc2, 0x14, 0xa1, 0x03, 0x00, 0x04, 0x77, 0xbf, 0xff, 0xff,
  0xfc, 0xef, 0xf8, 0xd7, 0xf5, 0xaf, 0xf4, 0x9f, 0xf5, 0xa7, 0xf9, 0xcf, 0xd3, 0x97, 0xf4, 0x9f,
  0xf6, 0xb7, 0xf6, 0xb7, 0x91, 0x87, 0xfb, 0xdf, 0xfc, 0xef, 0xc4, 0x24, 0xe0, 0x02, 0xc1, 0x0b,
  0x80, 0x03, 0x80, 0x03, 0xe0, 0x02, 0x41, 0x14, 0xc2, 0x14, 0xc0, 0x02, 0x80, 0x02, 0xc0, 0x02,
  0x60, 0x02, 0x60, 0x02, 0x60, 0x02, 0x60, 0x02, 0x60, 0x02, 0x80, 0x02, 0x60, 0x02, 0x60, 0x02,
  0x60, 0x02, 0x20, 0x02, 0x60, 0x02, 0x80, 0x02, 0x80, 0x02, 0x60, 0x02, 0x80, 0x02, 0xa0, 0x02,
  0xa0, 0x02, 0xc0, 0x02, 0x01, 0x0c, 0xa1, 0x0c, 0xc4, 0x2d, 0x61, 0x0c, 0xe1, 0x0b, 0x41, 0x0c,
  0x01, 0x0c, 0x21, 0x0c, 0x81, 0x14, 0x21, 0x14, 0xe0, 0x02, 0x8f, 0x76, 0xff, 0xff, 0xfb, 0xe7,
  0xf2, 0x9f, 0xf2, 0x9f, 0xf7, 0xc7, 0xf8, 0xcf, 0xf8, 0xcf, 0xf6, 0xc7, 0xf4, 0xaf, 0xf2, 0x97,
  0xf5, 0xaf, 0xfa, 0xe7, 0xf6, 0xb7, 0xf8, 0xcf, 0xfe, 0xf7, 0xff, 0xff, 0xb0, 0x86, 0x80, 0x02,
  0x22, 0x14, 0xc4, 0x2d, 0xa6, 0x3e, 0xe3, 0x24, 0x60, 0x12, 0x80, 0x12, 0xe0, 0x1a, 0xc0, 0x12,
  0xc1, 0x1a, 0x22, 0x23, 0x00, 0x1a, 0xe1, 0x1a, 0x41, 0x23, 0xe0, 0x1a, 0x60, 0x23, 0x00, 0x00,
  0xe0, 0x03, 0x00, 0x00, 0x00, 0x00, 0x00, 0x00, 0x00, 0x00, 0x00, 0x00, 0x00, 0x00, 0x00, 0x00,
  0x00, 0x00, 0x00, 0x00, 0x00, 0x00, 0x00, 0x00, 0x00, 0x00, 0x00, 0x00, 0x00, 0x00, 0x00, 0x00,
  0x00, 0x00, 0x00, 0x00, 0x00, 0x00, 0x00, 0x00, 0x00, 0x00, 0x00, 0x00, 0x00, 0x00, 0x00, 0x00,
  0x00, 0x00, 0x00, 0x00, 0x00, 0x00, 0x00, 0x00, 0x00, 0x00, 0x00, 0x00, 0x00, 0x00, 0x00, 0x00,
  0x00, 0x00, 0x00, 0x00, 0x00, 0x00, 0x00, 0x00, 0x00, 0x00, 0x00, 0x00, 0x00, 0x00, 0x00, 0x00,
  0x00, 0x00, 0x00, 0x00, 0x00, 0x00, 0x00, 0x00, 0x00, 0x00, 0x00, 0x00, 0x00, 0x00, 0x00, 0x00,
  0x00, 0x00, 0x00, 0x00, 0x00, 0x00, 0x00, 0x00, 0x00, 0x00, 0x00, 0x00, 0x00, 0x00, 0x00, 0x00,
  0x00, 0x00, 0x00, 0x00, 0x00, 0x00, 0x00, 0x00, 0x00, 0x00, 0x40, 0x22, 0x20, 0x22, 0x00, 0x1a,
  0x00, 0x1a, 0x40, 0x1a, 0xe1, 0x2a, 0x01, 0x2b, 0xc1, 0x2a, 0x01, 0x2b, 0xe1, 0x2a, 0x02, 0x2b,
  0xe2, 0x42, 0x22, 0x33, 0x62, 0x33, 0x21, 0x33, 0x82, 0x33, 0x82, 0x33, 0x61, 0x2b, 0x42, 0x2b,
  0xa2, 0x33, 0xa0, 0x1a, 0x04, 0x55, 0xe7, 0x86, 0xe3, 0x3c, 0x61, 0x1b, 0xc1, 0x1a, 0x20, 0x0a,
  0x80, 0x12, 0x41, 0x13, 0x02, 0x24, 0x82, 0x1b, 0x81, 0x13, 0x03, 0x25, 0x65, 0x2e, 0x28, 0x57,
  0xab, 0x6f, 0x45, 0x36, 0x66, 0x35, 0x21, 0x0b, 0x82, 0x1c, 0xe2, 0x1c, 0x80, 0x02, 0x49, 0x55,
  0xff, 0xff, 0xff, 0xff, 0xb2, 0x8f, 0xcc, 0x5f, 0xf6, 0xb7, 0xf2, 0xa7, 0xf0, 0x8f, 0xf2, 0x9f,
  0xf5, 0xb7, 0xf3, 0x9f, 0xf3, 0x9f, 0xf5, 0xb7, 0xf9, 0xc7, 0xfd, 0xef, 0x29, 0x3d, 0x40, 0x01,
  0x01, 0x0b, 0x80, 0x02, 0xe0, 0x02, 0xc0, 0x02, 0x61, 0x0b, 0xe0, 0x02, 0x23, 0x25, 0xa1, 0x13,
  0xa1, 0x02, 0xa1, 0x0a, 0xc0, 0x01, 0x20, 0x02, 0x00, 0x02, 0x00, 0x02, 0x20, 0x02, 0x20, 0x02,
  0x20, 0x02, 0x80, 0x02, 0x20, 0x02, 0x20, 0x02, 0x60, 0x02, 0x60, 0x02, 0x00, 0x02, 0xe0, 0x01,
  0xe0, 0x01, 0xc0, 0x01, 0x20, 0x02, 0xe0, 0x01, 0x02, 0x1c, 0x01, 0x13, 0xc0, 0x01, 0x20, 0x02,
  0x20, 0x02, 0x20, 0x02, 0x20, 0x02, 0x60, 0x02, 0xe0, 0x01, 0x61, 0x0b, 0x85, 0x36, 0xa0, 0x02,
  0x40, 0x02, 0x81, 0x0b, 0x41, 0x14, 0x40, 0x0b, 0x60, 0x0b, 0x80, 0x02, 0xa1, 0x0b, 0xa2, 0x14,
  0x60, 0x03, 0x40, 0x03, 0xa0, 0x03, 0xc4, 0x25, 0x42, 0x1d, 0xe1, 0x03, 0xe0, 0x03, 0x09, 0x4e,
  0xff, 0xff, 0xfb, 0xdf, 0xf5, 0xaf, 0xf7, 0xbf, 0xf6, 0xb7, 0xf3, 0x97, 0xf4, 0xa7, 0xf5, 0xaf,
  0xf4, 0x9f, 0xf6, 0xaf, 0xf4, 0x9f, 0xd4, 0x9f, 0xd7, 0xbf, 0xff, 0xff, 0x11, 0x8f, 0xe0, 0x02,
  0xa2, 0x0b, 0x61, 0x0b, 0x80, 0x03, 0x00, 0x03, 0x60, 0x03, 0x83, 0x25, 0x60, 0x0b, 0x40, 0x02,
  0x80, 0x02, 0xc0, 0x02, 0xa0, 0x02, 0x80, 0x02, 0x80, 0x02, 0x80, 0x02, 0x80, 0x02, 0x60, 0x02,
  0x60, 0x02, 0x40, 0x02, 0x40, 0x02, 0x60, 0x02, 0x60, 0x02, 0x80, 0x02, 0xa0, 0x02, 0x80, 0x02,
  0x80, 0x02, 0x80, 0x02, 0x80, 0x02, 0x60, 0x02, 0x60, 0x0b, 0xc2, 0x14, 0x83, 0x25, 0xe3, 0x1c,
  0xe0, 0x0b, 0x21, 0x0c, 0x41, 0x14, 0x01, 0x0c, 0x61, 0x0c, 0x21, 0x14, 0x00, 0x03, 0x89, 0x45,
  0xff, 0xff, 0xfe, 0xf7, 0xf5, 0xb7, 0xf3, 0xa7, 0xf7, 0xc7, 0xf6, 0xb7, 0xf4, 0xaf, 0xf5, 0xb7,
  0xf5, 0xbf, 0xf5, 0xb7, 0xf8, 0xcf, 0xf7, 0xc7, 0xf8, 0xcf, 0xfa, 0xdf, 0xfd, 0xef, 0xff, 0xff,
  0x12, 0x97, 0x60, 0x02, 0x22, 0x14, 0xc4, 0x2d, 0xc7, 0x46, 0x64, 0x35, 0x20, 0x0a, 0x20, 0x0a,
  0xc0, 0x12, 0x80, 0x12, 0x40, 0x0a, 0x80, 0x12, 0xe2, 0x2b, 0x02, 0x2c, 0x42, 0x34, 0x01, 0x23,
  0x61, 0x1a, 0x02, 0x23, 0x20, 0x33, 0x00, 0x00, 0x00, 0x00, 0x00, 0x00, 0x00, 0x00, 0x00, 0x00,
  0x00, 0x00, 0x00, 0x00, 0xe0, 0x07, 0x00, 0x00, 0x00, 0x00, 0x00, 0x00, 0x00, 0x00, 0x00, 0x00,
  0x00, 0x00, 0x00, 0x00, 0x00, 0x00, 0x00, 0x00, 0x00, 0x00, 0x00, 0x00, 0x00, 0x00, 0x00, 0x00,
  0x00, 0x00, 0x00, 0x00, 0x00, 0x00, 0x00, 0x00, 0x00, 0x00, 0x00, 0x00, 0x00, 0x00, 0x00, 0x00,
  0x00, 0x00, 0x00, 0x00, 0x00, 0x00, 0x00, 0x00, 0x00, 0x00, 0x00, 0x00, 0x00, 0x00, 0x00, 0x00,
  0x00, 0x00, 0x00, 0x00, 0x00, 0x00, 0x00, 0x00, 0x00, 0x00, 0x00, 0x00, 0x00, 0x00, 0x00, 0x00,
  0x00, 0x00, 0x00, 0x00, 0x00, 0x00, 0x00, 0x00, 0x00, 0x00, 0x00, 0x00, 0x00, 0x00, 0x00, 0x00,
  0x00, 0x00, 0x00, 0x00, 0x00, 0x00, 0x00, 0x00, 0xe0, 0xff, 0x81, 0x2a, 0x00, 0x22, 0x00, 0x1a,
  0x20, 0x22, 0x41, 0x22, 0x61, 0x22, 0xe1, 0x2a, 0xc1, 0x2a, 0xe1, 0x22, 0x01, 0x2b, 0xa2, 0x23,
  0x20, 0x33, 0x20, 0x33, 0xe7, 0x39, 0x00, 0x00, 0x23, 0x33, 0x62, 0x2b, 0xc1, 0x3b, 0x41, 0x2b,
  0x62, 0x33, 0xa2, 0x33, 0x41, 0x23, 0x41, 0x2b, 0x61, 0x23, 0xc0, 0x12, 0x80, 0x12, 0xa1, 0x1a,
  0xe1, 0x1a, 0xc0, 0x1a, 0x01, 0x1b, 0x22, 0x24, 0x42, 0x24, 0x41, 0x13, 0x81, 0x13, 0x04, 0x2e,
  0xd1, 0x97, 0x50, 0x87, 0x43, 0x26, 0xe3, 0x24, 0x02, 0x1c, 0x21, 0x0b, 0x82, 0x1c, 0xc1, 0x0b,
  0x62, 0x13, 0xda, 0xd7, 0xff, 0xff, 0xf9, 0xd7, 0x8c, 0x5f, 0xf3, 0x9f, 0xf0, 0x87, 0xf3, 0xa7,
  0xf1, 0x9f, 0xcf, 0x7f, 0xd1, 0x8f, 0xf0, 0x87, 0xf4, 0xaf, 0xf4, 0xaf, 0xfd, 0xef, 0x75, 0xb7,
  0x40, 0x02, 0x81, 0x02, 0x00, 0x03, 0xe0, 0x02, 0xc0, 0x02, 0x41, 0x0b, 0x61, 0x0b, 0x00, 0x03,
  0x02, 0x14, 0xc0, 0x01, 0x00, 0x02, 0x80, 0x01, 0xe0, 0x01, 0x00, 0x02, 0xc0, 0x01, 0xc0, 0x01,
  0xe0, 0x01, 0xe0, 0x01, 0x00, 0x02, 0xe0, 0x01, 0x60, 0x02, 0x20, 0x02, 0xc0, 0x01, 0xe0, 0x01,
  0xc0, 0x01, 0x00, 0x02, 0x00, 0x02, 0xc0, 0x01, 0xc0, 0x01, 0xa0, 0x01, 0x40, 0x02, 0x20, 0x02,
  0xc0, 0x01, 0xe0, 0x01, 0x20, 0x02, 0x40, 0x02, 0x60, 0x02, 0x40, 0x02, 0x00, 0x02, 0xc0, 0x02,
  0x21, 0x0c, 0x20, 0x02, 0xa0, 0x02, 0x21, 0x14, 0x60, 0x0b, 0x00, 0x03, 0x20, 0x03, 0xe0, 0x02,
  0x43, 0x25, 0x02, 0x1d, 0x00, 0x03, 0x60, 0x03, 0x61, 0x0c, 0x04, 0x2e, 0x41, 0x0c, 0x01, 0x0c,
  0x20, 0x04, 0x32, 0x9f, 0xff, 0xff, 0xf7, 0xc7, 0xf1, 0x87, 0xf4, 0xa7, 0xfa, 0xdf, 0xf5, 0xaf,
  0xf3, 0x97, 0xf3, 0x97, 0xf5, 0xa7, 0xf5, 0xa7, 0xf3, 0x97, 0xf6, 0xaf, 0xfc, 0xe7, 0xfe, 0xf7,
  0x27, 0x3d, 0x60, 0x02, 0xc1, 0x0b, 0x20, 0x03, 0x40, 0x03, 0x00, 0x03, 0x81, 0x14, 0x81, 0x14,
  0x60, 0x02, 0x80, 0x02, 0x80, 0x02, 0xa0, 0x02, 0xa0, 0x02, 0x80, 0x02, 0x80, 0x02, 0x60, 0x02,
  0x80, 0x02, 0xa0, 0x02, 0x80, 0x02, 0x80, 0x02, 0x60, 0x02, 0xa0, 0x02, 0xc0, 0x0a, 0x60, 0x02,
  0x80, 0x02, 0xc0, 0x02, 0x80, 0x02, 0x80, 0x02, 0x80, 0x02, 0x80, 0x02, 0x60, 0x02, 0x61, 0x14,
  0x83, 0x1d, 0x63, 0x1d, 0x00, 0x0c, 0x21, 0x0c, 0xa2, 0x14, 0x21, 0x0c, 0x61, 0x0c, 0x41, 0x14,
  0x00, 0x03, 0xc7, 0x3c, 0xff, 0xff, 0xff, 0xff, 0xf6, 0xbf, 0xf4, 0xaf, 0xf8, 0xcf, 0xf6, 0xbf,
  0xf4, 0xa7, 0xf3, 0xa7, 0xf6, 0xbf, 0xf6, 0xbf, 0xfb, 0xe7, 0xf7, 0xc7, 0xf7, 0xc7, 0xf8, 0xd7,
  0xfb, 0xef, 0xff, 0xff, 0x33, 0x9f, 0x60, 0x02, 0xa1, 0x0b, 0x63, 0x25, 0x86, 0x3e, 0x43, 0x1d,
  0xa0, 0x0a, 0xa1, 0x12, 0x80, 0x12, 0xa0, 0x12, 0x22, 0x2c, 0xc4, 0x3d, 0x43, 0x3d, 0x21, 0x23,
  0xc2, 0x2b, 0xe1, 0x2a, 0xc2, 0x22, 0x02, 0x2b, 0x00, 0x00, 0x00, 0x00, 0x00, 0x00, 0x00, 0x00,
  0x00, 0x00, 0x00, 0x00, 0x00, 0x00, 0x00, 0x00, 0x00, 0x00, 0x00, 0x00, 0x00, 0x00, 0x00, 0x00,
  0x00, 0x00, 0x00, 0x00, 0x00, 0x00, 0x00, 0x00, 0x00, 0x00, 0x00, 0x00, 0x00, 0x00, 0x00, 0x00,
  0x00, 0x00, 0x00, 0x00, 0x00, 0x00, 0x00, 0x00, 0x00, 0x00, 0x00, 0x00, 0x00, 0x00, 0x00, 0x00,
  0x00, 0x00, 0x00, 0x00, 0x00, 0x00, 0x00, 0x00, 0x00, 0x00, 0x00, 0x00, 0x00, 0x00, 0x00, 0x00,
  0x00, 0x00, 0x00, 0x00, 0x00, 0x00, 0x00, 0x00, 0x00, 0x00, 0x00, 0x00, 0x00, 0x00, 0x00, 0x00,
  0x00, 0x00, 0x00, 0x00, 0x00, 0x00, 0x00, 0x00, 0x00, 0x00, 0x00, 0x00, 0x00, 0x00, 0x00, 0x00,
  0x00, 0x00, 0xa0, 0x02, 0xe0, 0x03, 0x00, 0x00, 0xe2, 0x42, 0x61, 0x22, 0x41, 0x22, 0x20, 0x22,
  0x20, 0x22, 0x61, 0x2a, 0xc1, 0x2a, 0xe2, 0x2a, 0xa2, 0x32, 0xe2, 0x2a, 0x64, 0x4b, 0xe7, 0x3b,
  0xe0, 0x03, 0xa0, 0x2a, 0xa0, 0x02, 0xff, 0x07, 0xe1, 0x2a, 0xe1, 0x2a, 0x62, 0x33, 0x43, 0x33,
  0x61, 0x2b, 0x23, 0x33, 0x83, 0x33, 0xc3, 0x3b, 0xa2, 0x2b, 0x82, 0x33, 0x01, 0x23, 0x01, 0x2b,
  0x61, 0x2b, 0xc1, 0x1a, 0x81, 0x1a, 0x80, 0x12, 0x81, 0x1b, 0x22, 0x24, 0x01, 0x13, 0x01, 0x0b,
  0x21, 0x1c, 0x85, 0x3e, 0x70, 0x87, 0xae, 0x76, 0x01, 0x15, 0x02, 0x14, 0xc2, 0x13, 0xa2, 0x13,
  0x23, 0x1c, 0x80, 0x02, 0x2c, 0x6e, 0xff, 0xff, 0xfe, 0xf7, 0xf8, 0xd7, 0xf2, 0x9f, 0xf1, 0x8f,
  0xf0, 0x8f, 0xf4, 0xb7, 0xf5, 0xbf, 0xd1, 0x9f, 0xd1, 0x97, 0xf2, 0x9f, 0xf6, 0xc7, 0xf7, 0xc7,
  0xf7, 0xc7, 0x25, 0x2c, 0xe0, 0x01, 0x21, 0x0b, 0xe0, 0x02, 0xa0, 0x02, 0xa0, 0x02, 0x62, 0x1c,
  0x81, 0x0b, 0x20, 0x0b, 0xa0, 0x02, 0x60, 0x02, 0x20, 0x02, 0xe0, 0x01, 0x00, 0x02, 0xe0, 0x01,
  0xc0, 0x01, 0x00, 0x02, 0x00, 0x02, 0x00, 0x02, 0x00, 0x02, 0xe0, 0x01, 0xe0, 0x01, 0xe0, 0x01,
  0xc0, 0x01, 0xe0, 0x01, 0xe0, 0x01, 0xe0, 0x01, 0x00, 0x02, 0xe0, 0x01, 0xe0, 0x01, 0x00, 0x02,
  0xe0, 0x01, 0xe0, 0x01, 0x00, 0x02, 0xe0, 0x01, 0x00, 0x02, 0x00, 0x02, 0x40, 0x02, 0x40, 0x02,
  0xe0, 0x01, 0xe2, 0x0b, 0x21, 0x03, 0x60, 0x02, 0x42, 0x14, 0x42, 0x14, 0xe0, 0x02, 0x20, 0x03,
  0x42, 0x14, 0xa1, 0x0b, 0x63, 0x25, 0x41, 0x14, 0x00, 0x03, 0x40, 0x03, 0xc2, 0x14, 0xc4, 0x25,
  0x01, 0x0c, 0x21, 0x04, 0x23, 0x25, 0xfc, 0xef, 0xfe, 0xf7, 0xfa, 0xdf, 0xf3, 0xa7, 0xf3, 0x97,
  0xf7, 0xbf, 0xd2, 0x8f, 0xf4, 0x9f, 0xf2, 0x8f, 0xf4, 0x9f, 0xf6, 0xaf, 0xd3, 0x97, 0xd7, 0xbf,
  0xfe, 0xff, 0x96, 0xb7, 0x00, 0x03, 0x40, 0x03, 0xc1, 0x0b, 0x20, 0x03, 0x20, 0x03, 0x40, 0x03,
  0xc2, 0x14, 0x40, 0x03, 0x40, 0x02, 0x60, 0x02, 0x60, 0x02, 0x60, 0x02, 0x60, 0x02, 0xa0, 0x02,
  0x40, 0x02, 0x40, 0x02, 0x80, 0x02, 0x80, 0x02, 0x60, 0x02, 0x80, 0x02, 0x60, 0x02, 0x60, 0x02,
  0xe1, 0x0a, 0xa0, 0x0a, 0x60, 0x02, 0xa0, 0x02, 0x80, 0x02, 0x80, 0x02, 0x60, 0x02, 0xc0, 0x02,
  0x60, 0x02, 0x40, 0x03, 0x83, 0x1d, 0x63, 0x1d, 0xc0, 0x03, 0xe1, 0x0b, 0xc2, 0x14, 0x62, 0x14,
  0x21, 0x0c, 0x61, 0x14, 0x60, 0x03, 0x86, 0x34, 0xff, 0xff, 0xfe, 0xf7, 0xf7, 0xbf, 0xf6, 0xbf,
  0xf8, 0xd7, 0xf6, 0xbf, 0xf4, 0xaf, 0xf2, 0x9f, 0xf7, 0xc7, 0xf9, 0xd7, 0xf8, 0xcf, 0xf7, 0xc7,
  0xf7, 0xc7, 0xf7, 0xcf, 0xfb, 0xef, 0xff, 0xff, 0x97, 0xc7, 0x60, 0x02, 0x60, 0x0b, 0x02, 0x1d,
  0x87, 0x46, 0xa6, 0x46, 0x20, 0x0b, 0x21, 0x13, 0xc2, 0x1b, 0xe0, 0x12, 0x22, 0x24, 0xa5, 0x45,
  0xc2, 0x2b, 0x40, 0x1a, 0xc1, 0x22, 0xe1, 0x22, 0xe1, 0x2a, 0x60, 0x4b, 0xe0, 0x7b, 0x00, 0x00,
  0x00, 0x00, 0x00, 0x00, 0x00, 0x00, 0x00, 0x00, 0x00, 0x00, 0x00, 0x00, 0x00, 0x00, 0x00, 0x00,
  0x00, 0x00, 0x00, 0x00, 0x00, 0x00, 0x00, 0x00, 0x00, 0x00, 0x00, 0x00, 0x00, 0x00, 0x00, 0x00,
  0x00, 0x00, 0x00, 0x00, 0x00, 0x00, 0x00, 0x00, 0x00, 0x00, 0x00, 0x00, 0x00, 0x00, 0x00, 0x00,
  0x00, 0x00, 0x00, 0x00, 0x00, 0x00, 0x00, 0x00, 0x00, 0x00, 0x00, 0x00, 0x00, 0x00, 0x00, 0x00,
  0x00, 0x00, 0x00, 0x00, 0x00, 0x00, 0x00, 0x00, 0x00, 0x00, 0x00, 0x00, 0x00, 0x00, 0x00, 0x00,
  0x00, 0x00, 0x00, 0x00, 0x00, 0x00, 0x00, 0x00, 0x00, 0x00, 0x00, 0x00, 0x00, 0x00, 0x00, 0x00,
  0x00, 0x00, 0x00, 0x00, 0x00, 0x00, 0x00, 0x00, 0x61, 0x2a, 0x21, 0x22, 0x00, 0x1a, 0x20, 0x22,
  0x20, 0x22, 0x41, 0x22, 0xa1, 0x2a, 0x82, 0x2a, 0xc1, 0x2a, 0xe1, 0x2a, 0xa3, 0x3a, 0x00, 0x00,
  0xe0, 0x07, 0xe0, 0x7b, 0xa0, 0x02, 0xe3, 0x3a, 0x00, 0x00, 0x62, 0x33, 0x42, 0x33, 0x02, 0x33,
  0x42, 0x2b, 0x20, 0x33, 0xe0, 0x3b, 0x00, 0x00, 0x82, 0x2b, 0x61, 0x3b, 0x42, 0x2b, 0x42, 0x2b,
  0xc1, 0x22, 0xe1, 0x22, 0x62, 0x33, 0x60, 0x12, 0xc0, 0x12, 0xc1, 0x12, 0x01, 0x13, 0xa1, 0x1b,
  0x40, 0x0a, 0x41, 0x13, 0x84, 0x2d, 0x26, 0x3e, 0xa7, 0x46, 0xa7, 0x46, 0xc3, 0x1c, 0x81, 0x03,
  0xa1, 0x0b, 0x43, 0x1c, 0x62, 0x13, 0x62, 0x13, 0xda, 0xdf, 0xff, 0xff, 0xf9, 0xd7, 0xf4, 0xaf,
  0xf8, 0xcf, 0xf3, 0xa7, 0xf3, 0xaf, 0xf4, 0xb7, 0xf8, 0xdf, 0xd2, 0xa7, 0xd2, 0x9f, 0xf5, 0xbf,
  0xf6, 0xc7, 0xfa, 0xd7, 0xaa, 0x56, 0xe0, 0x01, 0x01, 0x0b, 0x21, 0x0b, 0x21, 0x0b, 0x40, 0x02,
  0x63, 0x24, 0x03, 0x25, 0x41, 0x0b, 0x81, 0x0b, 0x60, 0x0a, 0x00, 0x02, 0x20, 0x02, 0x00, 0x02,
  0x20, 0x02, 0xc0, 0x01, 0xa0, 0x01, 0x00, 0x02, 0xe0, 0x01, 0x80, 0x01, 0xe0, 0x01, 0xe0, 0x01,
  0xa0, 0x01, 0xc0, 0x01, 0xe0, 0x01, 0x00, 0x02, 0x00, 0x02, 0x00, 0x02, 0x00, 0x02, 0xe0, 0x01,
  0xe0, 0x01, 0x00, 0x02, 0x60, 0x02, 0x40, 0x02, 0x60, 0x02, 0x40, 0x02, 0x20, 0x02, 0x20, 0x02,
  0x40, 0x02, 0xa0, 0x0a, 0x00, 0x0b, 0x21, 0x0b, 0x80, 0x02, 0x21, 0x0b, 0xa3, 0x1c, 0x40, 0x02,
  0xc1, 0x0b, 0x62, 0x14, 0x82, 0x1c, 0x41, 0x0b, 0xc2, 0x1c, 0x81, 0x0b, 0x40, 0x03, 0x20, 0x03,
  0xa4, 0x25, 0xc2, 0x14, 0x01, 0x0c, 0xc0, 0x03, 0xf0, 0x86, 0xff, 0xff, 0xfd, 0xf7, 0xfa, 0xd7,
  0xf4, 0xa7, 0xd2, 0x8f, 0xf2, 0x8f, 0xf3, 0x9f, 0xf5, 0xa7, 0xd0, 0x77, 0xf4, 0x9f, 0xf7, 0xb7,
  0xf5, 0xaf, 0xd9, 0xcf, 0xff, 0xff, 0xae, 0x6d, 0xe0, 0x02, 0x22, 0x0c, 0xa1, 0x0b, 0xe0, 0x02,
  0x20, 0x03, 0xe1, 0x13, 0x82, 0x14, 0xc0, 0x02, 0x40, 0x02, 0x20, 0x02, 0x80, 0x02, 0xa0, 0x02,
  0x80, 0x02, 0x00, 0x03, 0xa0, 0x02, 0x01, 0x0b, 0x01, 0x0b, 0xc0, 0x02, 0xc0, 0x02, 0x80, 0x02,
  0x60, 0x02, 0x80, 0x0a, 0xc1, 0x0a, 0x80, 0x02, 0x80, 0x02, 0x80, 0x02, 0xa0, 0x02, 0x80, 0x02,
  0x60, 0x02, 0xa0, 0x02, 0xc0, 0x02, 0xa0, 0x02, 0x63, 0x25, 0x05, 0x26, 0x01, 0x0c, 0x80, 0x03,
  0xe3, 0x1c, 0xa2, 0x14, 0xe0, 0x03, 0x81, 0x14, 0x80, 0x03, 0x26, 0x34, 0xff, 0xff, 0xfc, 0xef,
  0xf4, 0xaf, 0xf4, 0xb7, 0xf8, 0xcf, 0xf8, 0xc7, 0xd4, 0xaf, 0xf3, 0xa7, 0xf5, 0xb7, 0xf7, 0xc7,
  0xf7, 0xc7, 0xf5, 0xb7, 0xfb, 0xe7, 0xf8, 0xcf, 0xfa, 0xd7, 0xff, 0xff, 0xfc, 0xef, 0x41, 0x0a,
  0x60, 0x0b, 0xe2, 0x1c, 0x6a, 0x67, 0x09, 0x5f, 0xc2, 0x1c, 0x61, 0x0b, 0xa1, 0x0a, 0x02, 0x13,
  0xe0, 0x01, 0x01, 0x1b, 0xa2, 0x33, 0x21, 0x23, 0xe1, 0x22, 0xe1, 0x22, 0xa1, 0x1a, 0xa5, 0x2a,
  0xa0, 0x2a, 0xa0, 0x52, 0x00, 0x00, 0x00, 0x00, 0x00, 0x00, 0x00, 0x00, 0x00, 0x00, 0x00, 0x00,
  0x00, 0x00, 0x00, 0x00, 0x00, 0x00, 0x00, 0x00, 0x00, 0x00, 0x00, 0x00, 0x00, 0x00, 0x00, 0x00,
  0x00, 0x00, 0x00, 0x00, 0x00, 0x00, 0x00, 0x00, 0x00, 0x00, 0x00, 0x00, 0x00, 0x00, 0x00, 0x00,
  0x00, 0x00, 0x00, 0x00, 0x00, 0x00, 0x00, 0x00, 0x00, 0x00, 0x00, 0x00, 0x00, 0x00, 0x00, 0x00,
  0x00, 0x00, 0x00, 0x00, 0x00, 0x00, 0x00, 0x00, 0x00, 0x00, 0x00, 0x00, 0x00, 0x00, 0x00, 0x00,
  0x00, 0x00, 0x00, 0x00, 0x00, 0x00, 0x00, 0x00, 0x00, 0x00, 0x00, 0x00, 0x00, 0x00, 0x00, 0x00,
  0x00, 0x00, 0xe0, 0x7b, 0x00, 0x00, 0x00, 0x00, 0x61, 0x2a, 0x01, 0x22, 0xe0, 0x21, 0x00, 0x1a,
  0x00, 0x22, 0x41, 0x22, 0x80, 0x2a, 0xa1, 0x32, 0xc1, 0x2a, 0x20, 0x33, 0xe0, 0x3b, 0xe0, 0x03,
  0x00, 0x00, 0xe0, 0x7b, 0xe0, 0x07, 0x00, 0x00, 0xe0, 0x2b, 0x60, 0x4b, 0x62, 0x33, 0x62, 0x33,
  0x42, 0x2b, 0x00, 0x00, 0x83, 0x3b, 0xe0, 0x7b, 0x00, 0x00, 0xa0, 0x52, 0xa0, 0x02, 0x00, 0x00,
  0x02, 0x23, 0xe1, 0x2a, 0x21, 0x2b, 0xe1, 0x22, 0xe1, 0x2a, 0x01, 0x23, 0x01, 0x1b, 0x01, 0x1b,
  0x61, 0x1b, 0x21, 0x13, 0x60, 0x02, 0x42, 0x1c, 0x26, 0x3e, 0x06, 0x3e, 0x27, 0x46, 0x03, 0x25,
  0x02, 0x14, 0x22, 0x14, 0x43, 0x1c, 0x42, 0x1c, 0xe0, 0x02, 0xee, 0x75, 0xff, 0xff, 0xfd, 0xf7,
  0x8f, 0x77, 0xad, 0x6f, 0xf2, 0x97, 0xd1, 0x87, 0xf2, 0x97, 0xf2, 0x9f, 0xf3, 0xa7, 0xd2, 0x9f,
  0xd3, 0xaf, 0xf5, 0xbf, 0xf7, 0xbf, 0xfb, 0xdf, 0x84, 0x24, 0x20, 0x02, 0x21, 0x0b, 0x21, 0x0b,
  0x01, 0x03, 0x64, 0x24, 0x25, 0x35, 0x60, 0x02, 0xc0, 0x02, 0xa0, 0x02, 0xe0, 0x01, 0xe0, 0x01,
  0x00, 0x02, 0xe0, 0x01, 0x20, 0x02, 0xe0, 0x01, 0xc0, 0x01, 0xc0, 0x01, 0x00, 0x02, 0x00, 0x02,
  0xc0, 0x01, 0xe0, 0x01, 0xc0, 0x01, 0xe0, 0x01, 0xc0, 0x01, 0x20, 0x02, 0x40, 0x02, 0x00, 0x02,
  0xe0, 0x01, 0xe0, 0x01, 0x00, 0x02, 0x20, 0x02, 0x40, 0x02, 0x60, 0x02, 0xa0, 0x02, 0xa0, 0x0a,
  0x20, 0x02, 0x20, 0x02, 0x00, 0x02, 0xa0, 0x0a, 0x00, 0x0b, 0xc0, 0x02, 0x20, 0x02, 0xe0, 0x0a,
  0xc0, 0x02, 0x21, 0x0b, 0xa2, 0x1c, 0x82, 0x14, 0x22, 0x14, 0x20, 0x03, 0x84, 0x25, 0x20, 0x03,
  0x60, 0x0b, 0x02, 0x0c, 0xa4, 0x25, 0x01, 0x0c, 0xe1, 0x0b, 0x60, 0x04, 0x9a, 0xcf, 0xff, 0xff,
  0xfd, 0xf7, 0xfa, 0xd7, 0xd2, 0x8f, 0xd2, 0x87, 0xf2, 0x8f, 0xf3, 0x97, 0xd1, 0x7f, 0xaf, 0x67,
  0xf3, 0x97, 0xf3, 0x97, 0xf6, 0xaf, 0xfc, 0xe7, 0xfe, 0xef, 0xe5, 0x1b, 0x61, 0x03, 0x01, 0x0c,
  0x20, 0x03, 0x00, 0x03, 0x40, 0x03, 0xe1, 0x0b, 0x22, 0x14, 0x80, 0x02, 0x60, 0x02, 0x40, 0x02,
  0x40, 0x02, 0xa0, 0x02, 0x41, 0x13, 0x81, 0x0b, 0xc0, 0x02, 0x60, 0x02, 0x60, 0x02, 0xc0, 0x02,
  0xa0, 0x02, 0x80, 0x02, 0x60, 0x02, 0x60, 0x02, 0x60, 0x02, 0x40, 0x02, 0x80, 0x02, 0x80, 0x02,
  0x80, 0x02, 0x60, 0x02, 0x60, 0x02, 0x80, 0x02, 0xc0, 0x02, 0x60, 0x02, 0xe3, 0x1c, 0x04, 0x26,
  0x62, 0x0c, 0x60, 0x03, 0xc2, 0x14, 0xa2, 0x14, 0x21, 0x0c, 0x82, 0x14, 0x80, 0x03, 0x26, 0x2c,
  0xff, 0xf7, 0xdd, 0xf7, 0xf4, 0xaf, 0xf6, 0xbf, 0xf8, 0xd7, 0xf6, 0xbf, 0xf4, 0xa7, 0xf5, 0xb7,
  0xf6, 0xbf, 0xf7, 0xc7, 0xf8, 0xcf, 0xf3, 0xa7, 0xfa, 0xd7, 0xfa, 0xdf, 0xfb, 0xe7, 0xfe, 0xf7,
  0xfd, 0xef, 0x21, 0x0a, 0x20, 0x03, 0xc2, 0x1c, 0xa7, 0x46, 0x83, 0x25, 0x22, 0x25, 0x01, 0x14,
  0xe1, 0x13, 0xa9, 0x67, 0x26, 0x56, 0xa1, 0x1a, 0xc1, 0x22, 0xc1, 0x22, 0xe1, 0x22, 0xe1, 0x22,
  0xc3, 0x22, 0xe5, 0x2b, 0xc2, 0x22, 0x02, 0x23, 0xa3, 0x1a, 0x00, 0x00, 0x00, 0x00, 0x00, 0x00,
  0x00, 0x00, 0x00, 0x00, 0x00, 0x00, 0x00, 0x00, 0x00, 0x00, 0x00, 0x00, 0x00, 0x00, 0x00, 0x00,
  0x00, 0x00, 0x00, 0x00, 0x00, 0x00, 0x00, 0x00, 0x00, 0x00, 0x00, 0x00, 0x00, 0x00, 0x00, 0x00,
  0x00, 0x00, 0xe2, 0x29, 0x00, 0x00, 0x00, 0x00, 0x00, 0x00, 0x00, 0x00, 0x00, 0x00, 0x00, 0x00,
  0x00, 0x00, 0x00, 0x00, 0x00, 0x00, 0x00, 0x00, 0x00, 0x00, 0x00, 0x00, 0x00, 0x00, 0x00, 0x00,
  0x00, 0x00, 0x00, 0x00, 0x00, 0x00, 0x00, 0x00, 0x00, 0x00, 0x00, 0x00, 0x00, 0x00, 0x00, 0x00,
  0x00, 0x00, 0x00, 0x00, 0x00, 0x00, 0x00, 0x00, 0xe1, 0x29, 0xe1, 0x21, 0xe0, 0x21, 0x00, 0x22,
  0x01, 0x22, 0x41, 0x22, 0xe1, 0x2a, 0x22, 0x33, 0x20, 0x33, 0xa0, 0x52, 0xe0, 0x07, 0x00, 0x00,
  0x00, 0x00, 0x00, 0x00, 0x00, 0x00, 0xe0, 0x07, 0x00, 0x00, 0x00, 0x00, 0x20, 0x33, 0x42, 0x33,
  0x42, 0x33, 0x22, 0x33, 0x00, 0x00, 0x43, 0x33, 0xe0, 0x53, 0x00, 0x00, 0x00, 0x00, 0x00, 0x00,
  0x00, 0x00, 0x00, 0x00, 0xe0, 0x3b, 0x23, 0x33, 0x62, 0x33, 0x42, 0x33, 0xe2, 0x2a, 0x03, 0x3c,
  0x61, 0x23, 0x81, 0x1b, 0x21, 0x1b, 0x80, 0x0a, 0x61, 0x13, 0x44, 0x2d, 0x23, 0x1c, 0x83, 0x24,
  0x88, 0x4e, 0xe1, 0x13, 0xa3, 0x1c, 0x83, 0x1c, 0x62, 0x1c, 0x61, 0x0b, 0x61, 0x13, 0x98, 0xcf,
  0xff, 0xff, 0xb5, 0xb7, 0x4b, 0x57, 0xd2, 0x97, 0xf0, 0x7f, 0xf5, 0xb7, 0xf6, 0xbf, 0xf5, 0xbf,
  0xf4, 0xaf, 0xf4, 0xb7, 0xb1, 0x97, 0xf4, 0xaf, 0xfa, 0xdf, 0xb6, 0xbf, 0x40, 0x02, 0xe1, 0x0a,
  0x00, 0x03, 0x21, 0x0b, 0x01, 0x0b, 0x44, 0x2d, 0xe1, 0x0a, 0x20, 0x02, 0xe0, 0x0a, 0x80, 0x02,
  0xe0, 0x01, 0x00, 0x02, 0x00, 0x02, 0x00, 0x02, 0xe0, 0x01, 0xc0, 0x01, 0xc0, 0x01, 0xc0, 0x01,
  0x20, 0x02, 0x20, 0x02, 0xe0, 0x01, 0xe0, 0x01, 0xe0, 0x01, 0xe0, 0x01, 0xe0, 0x01, 0x00, 0x02,
  0x20, 0x02, 0xe0, 0x01, 0x00, 0x02, 0x00, 0x02, 0x20, 0x02, 0x40, 0x02, 0x40, 0x02, 0x60, 0x02,
  0xc0, 0x0a, 0xe1, 0x0a, 0x60, 0x02, 0x20, 0x02, 0x40, 0x02, 0x60, 0x02, 0x40, 0x02, 0x60, 0x02,
  0x20, 0x02, 0x21, 0x0b, 0xa1, 0x13, 0xe3, 0x24, 0x41, 0x14, 0x61, 0x14, 0xa1, 0x0b, 0xe1, 0x0b,
  0x64, 0x25, 0x00, 0x03, 0x81, 0x0b, 0xa2, 0x14, 0x03, 0x1d, 0xe1, 0x0b, 0x80, 0x03, 0x86, 0x35,
  0xfd, 0xef, 0xfe, 0xf7, 0xfe, 0xf7, 0xf9, 0xc7, 0xf1, 0x87, 0xd3, 0x8f, 0xb0, 0x7f, 0xd3, 0x97,
  0xd1, 0x7f, 0xcf, 0x6f, 0xd3, 0x8f, 0xd2, 0x87, 0xf5, 0xaf, 0xff, 0xff, 0x7a, 0xd7, 0x60, 0x02,
  0xe1, 0x0b, 0x80, 0x03, 0x40, 0x03, 0xe0, 0x02, 0x81, 0x0b, 0x42, 0x14, 0xa1, 0x0b, 0xa0, 0x02,
  0x40, 0x02, 0x00, 0x02, 0xa0, 0x02, 0x60, 0x02, 0x61, 0x13, 0x60, 0x02, 0x24, 0x34, 0x71, 0x96,
  0x82, 0x12, 0x40, 0x02, 0x80, 0x02, 0x60, 0x02, 0x80, 0x02, 0x60, 0x0a, 0x40, 0x02, 0x60, 0x02,
  0x80, 0x02, 0xc0, 0x0a, 0x80, 0x02, 0x80, 0x02, 0x60, 0x02, 0x80, 0x02, 0xe0, 0x02, 0x40, 0x02,
  0xc2, 0x1c, 0x25, 0x26, 0x82, 0x14, 0x60, 0x03, 0xe2, 0x1c, 0x62, 0x14, 0x41, 0x0c, 0x61, 0x14,
  0x80, 0x03, 0xe5, 0x2b, 0xfe, 0xf7, 0xfe, 0xf7, 0xf8, 0xcf, 0xf6, 0xb7, 0xf8, 0xcf, 0xf6, 0xc7,
  0xf9, 0xd7, 0xf4, 0xaf, 0xf4, 0xa7, 0xf9, 0xd7, 0xfb, 0xe7, 0xf6, 0xbf, 0xf8, 0xcf, 0xf8, 0xcf,
  0xfa, 0xdf, 0xfd, 0xf7, 0xdc, 0xef, 0x21, 0x0a, 0x40, 0x03, 0xe2, 0x1c, 0xa6, 0x46, 0x83, 0x25,
  0xa1, 0x14, 0xc1, 0x0b, 0x01, 0x0c, 0x23, 0x2e, 0x83, 0x24, 0xc1, 0x1a, 0x60, 0x1a, 0x01, 0x23,
  0x01, 0x23, 0xa1, 0x1a, 0xa1, 0x22, 0xe3, 0x3a, 0xe1, 0x1a, 0xe2, 0x2a, 0xa5, 0x2a, 0x00, 0x00,
  0x00, 0x00, 0x00, 0x00, 0x00, 0x00, 0x00, 0x00, 0x00, 0x00, 0x00, 0x00, 0x00, 0x00, 0x00, 0x00,
  0x00, 0x00, 0xa0, 0x02, 0xe0, 0x01, 0x00, 0x00, 0x00, 0x00, 0x00, 0x00, 0x00, 0x00, 0x00, 0x00,
  0x00, 0x00, 0xa0, 0x2a, 0xe0, 0x03, 0x21, 0x1a, 0xe0, 0x07, 0x00, 0x00, 0x00, 0x00, 0x00, 0x00,
  0x00, 0x00, 0x00, 0x00, 0x00, 0x00, 0x00, 0x00, 0x00, 0x00, 0x00, 0x00, 0x00, 0x00, 0x00, 0x00,
  0x00, 0x00, 0x00, 0x00, 0x00, 0x00, 0x00, 0x00, 0x00, 0x00, 0x00, 0x00, 0x00, 0x00, 0x00, 0x00,
  0x00, 0x00, 0x00, 0x00, 0x00, 0x00, 0x00, 0x00, 0xa3, 0x3a, 0x20, 0x2a, 0xe0, 0x21, 0x00, 0x22,
  0x41, 0x2a, 0xa1, 0x32, 0xff, 0xff, 0xe0, 0x7b, 0x00, 0x00, 0x00, 0x00, 0xe0, 0x7b, 0x00, 0x00,
  0x00, 0x00, 0x00, 0x00, 0xe0, 0x07, 0x00, 0x00, 0x00, 0x00, 0x00, 0x00, 0x00, 0x00, 0x40, 0x55,
  0x60, 0x4b, 0x22, 0x33, 0x83, 0x3b, 0xe0, 0x07, 0xe5, 0x53, 0xa0, 0x52, 0xc6, 0x34, 0x00, 0x00,
  0x00, 0x00, 0x00, 0x00, 0x00, 0x00, 0x00, 0x00, 0xe3, 0x33, 0x42, 0x3b, 0x81, 0x3b, 0x82, 0x33,
  0x41, 0x33, 0x21, 0x23, 0xe1, 0x12, 0xc2, 0x23, 0xa0, 0x12, 0x60, 0x12, 0x82, 0x1b, 0x02, 0x14,
  0x61, 0x14, 0xa4, 0x2d, 0x85, 0x35, 0xa1, 0x13, 0x02, 0x14, 0x02, 0x1c, 0x43, 0x1c, 0x60, 0x02,
  0x27, 0x4c, 0xff, 0xff, 0xfd, 0xf7, 0x6c, 0x67, 0x8f, 0x77, 0xb1, 0x97, 0xf4, 0xaf, 0xf8, 0xcf,
  0xf7, 0xc7, 0xf3, 0xa7, 0xf5, 0xbf, 0xd2, 0x97, 0xb1, 0x97, 0xf7, 0xcf, 0xfe, 0xff, 0xed, 0x6d,
  0xe0, 0x01, 0x21, 0x0b, 0xc0, 0x02, 0x21, 0x0b, 0x81, 0x0b, 0xc5, 0x35, 0x40, 0x02, 0x80, 0x02,
  0xc0, 0x02, 0x00, 0x02, 0x20, 0x02, 0x00, 0x02, 0xe0, 0x01, 0x00, 0x02, 0xe0, 0x01, 0xe0, 0x01,
  0xc0, 0x01, 0x00, 0x02, 0x20, 0x02, 0xe0, 0x01, 0x00, 0x02, 0x80, 0x0a, 0xe0, 0x01, 0xe0, 0x01,
  0xe0, 0x01, 0x00, 0x02, 0x00, 0x02, 0x20, 0x02, 0x40, 0x02, 0x00, 0x02, 0x20, 0x02, 0x40, 0x02,
  0x60, 0x02, 0x60, 0x02, 0x40, 0x02, 0x60, 0x02, 0x80, 0x02, 0x40, 0x02, 0x40, 0x02, 0x60, 0x02,
  0xa0, 0x0a, 0x21, 0x0b, 0x61, 0x0b, 0x62, 0x1c, 0x21, 0x14, 0xa1, 0x0b, 0x01, 0x0c, 0xa2, 0x1c,
  0x40, 0x03, 0x84, 0x25, 0x04, 0x25, 0xe0, 0x02, 0xc1, 0x0b, 0x03, 0x1d, 0xa2, 0x14, 0xc1, 0x0b,
  0xa0, 0x03, 0xcf, 0x7e, 0xff, 0xff, 0xfc, 0xe7, 0xfd, 0xef, 0xf7, 0xb7, 0xd3, 0x8f, 0xb1, 0x7f,
  0xb1, 0x7f, 0xf5, 0xa7, 0xd2, 0x87, 0xd2, 0x87, 0xf3, 0x97, 0xd3, 0x8f, 0xfa, 0xcf, 0xff, 0xff,
  0x12, 0x97, 0xc0, 0x02, 0xa1, 0x0b, 0x20, 0x03, 0xe1, 0x0b, 0x61, 0x0b, 0x22, 0x14, 0xe2, 0x13,
  0xc0, 0x02, 0x40, 0x02, 0x40, 0x02, 0x00, 0x02, 0x01, 0x0b, 0x21, 0x13, 0x80, 0x02, 0xc1, 0x0b,
  0xa6, 0x3c, 0xff, 0xff, 0x05, 0x2b, 0x40, 0x02, 0x80, 0x02, 0x40, 0x02, 0x00, 0x0b, 0xc0, 0x0a,
  0x40, 0x02, 0x60, 0x02, 0xa0, 0x0a, 0xc0, 0x0a, 0xc0, 0x0a, 0xa0, 0x02, 0x60, 0x02, 0x40, 0x02,
  0xc0, 0x02, 0x60, 0x02, 0x62, 0x14, 0x25, 0x26, 0xc2, 0x14, 0x60, 0x03, 0x03, 0x1d, 0x41, 0x14,
  0x41, 0x0c, 0x42, 0x14, 0xa0, 0x03, 0xc5, 0x2b, 0xfd, 0xf7, 0xfd, 0xef, 0xfd, 0xef, 0xfa, 0xd7,
  0xf7, 0xc7, 0xf6, 0xbf, 0xf8, 0xcf, 0xf3, 0x9f, 0xf6, 0xbf, 0xfc, 0xef, 0xfa, 0xd7, 0xf5, 0xb7,
  0xf5, 0xaf, 0xf8, 0xcf, 0xfa, 0xe7, 0xfe, 0xff, 0xdc, 0xdf, 0x41, 0x0a, 0x60, 0x03, 0x43, 0x1d,
  0x86, 0x3e, 0xa4, 0x2d, 0xc3, 0x25, 0xa1, 0x0b, 0x21, 0x14, 0xa3, 0x25, 0x61, 0x13, 0x81, 0x12,
  0xe1, 0x22, 0xc1, 0x22, 0xe1, 0x22, 0xc1, 0x1a, 0xe0, 0x03, 0x83, 0x1b, 0xa0, 0x02, 0x26, 0x33,
  0xe0, 0x03, 0x00, 0x00, 0x00, 0x00, 0x00, 0x00, 0x00, 0x00, 0x00, 0x00, 0x00, 0x00, 0x00, 0x00,
  0x00, 0x00, 0x00, 0x00, 0x00, 0x00, 0x00, 0x00, 0xa0, 0x02, 0xe0, 0x07, 0x00, 0x00, 0x00, 0x00,
  0x00, 0x00, 0x00, 0x00, 0x00, 0x00, 0xe0, 0x03, 0x00, 0x00, 0x00, 0x00, 0x00, 0x00, 0x00, 0x00,
  0x00, 0x00, 0x00, 0x00, 0x00, 0x00, 0x00, 0x00, 0x00, 0x00, 0x00, 0x00, 0x00, 0x00, 0x00, 0x00,
  0x00, 0x00, 0x00, 0x00, 0x00, 0x00, 0x00, 0x00, 0x00, 0x00, 0x00, 0x00, 0x00, 0x00, 0x00, 0x00,
  0x00, 0x00, 0x00, 0x00, 0x00, 0x00, 0x00, 0x00, 0x22, 0x32, 0xc1, 0x21, 0x01, 0x2a, 0x01, 0x2a,
  0x20, 0x22, 0x42, 0x2b, 0xe0, 0x3b, 0xa0, 0x52, 0xe0, 0x03, 0xe0, 0x7b, 0xe0, 0x7b, 0x00, 0x00,
  0x00, 0x00, 0x00, 0x00, 0x00, 0x00, 0x00, 0x00, 0x00, 0x00, 0xe0, 0x07, 0x00, 0x00, 0x00, 0x00,
  0x00, 0x00, 0xe0, 0x07, 0x00, 0x00, 0x00, 0x00, 0x00, 0x00, 0xe0, 0x03, 0xe0, 0x07, 0x00, 0x00,
  0xef, 0x7f, 0xe0, 0x07, 0x00, 0x00, 0x00, 0x00, 0x00, 0x00, 0x00, 0x00, 0xe0, 0x03, 0xe3, 0x3b,
  0x63, 0x33, 0x02, 0x33, 0x22, 0x2b, 0xc1, 0x1a, 0x40, 0x0a, 0x41, 0x1b, 0x81, 0x23, 0x21, 0x1b,
  0xe0, 0x0a, 0x26, 0x3d, 0xa8, 0x45, 0xe3, 0x24, 0x83, 0x1c, 0xc1, 0x13, 0xa1, 0x0b, 0xe2, 0x13,
  0xa1, 0x13, 0xa0, 0x02, 0xcd, 0x75, 0xff, 0xff, 0xd7, 0xbf, 0x8a, 0x57, 0xd6, 0xbf, 0xfa, 0xe7,
  0xfa, 0xe7, 0xfc, 0xef, 0xfa, 0xdf, 0xf7, 0xcf, 0xf4, 0xb7, 0xd1, 0x97, 0xd3, 0xaf, 0xf8, 0xcf,
  0xfc, 0xef, 0x68, 0x44, 0x20, 0x02, 0x01, 0x0b, 0xc0, 0x02, 0x61, 0x0b, 0x42, 0x1c, 0x04, 0x25,
  0x20, 0x02, 0x80, 0x02, 0x80, 0x02, 0x41, 0x13, 0x20, 0x02, 0x20, 0x02, 0x40, 0x02, 0xc0, 0x01,
  0xe0, 0x01, 0xe0, 0x01, 0x00, 0x02, 0x00, 0x02, 0x00, 0x02, 0x00, 0x02, 0x00, 0x02, 0x40, 0x02,
  0x40, 0x02, 0x20, 0x02, 0x00, 0x02, 0x20, 0x02, 0xe0, 0x01, 0x60, 0x02, 0x60, 0x02, 0x40, 0x02,
  0x60, 0x02, 0x40, 0x02, 0x80, 0x02, 0x40, 0x02, 0x60, 0x02, 0x60, 0x02, 0x60, 0x02, 0x80, 0x02,
  0x80, 0x02, 0x60, 0x02, 0xc0, 0x0a, 0xe0, 0x02, 0xa0, 0x02, 0xe0, 0x0a, 0xe0, 0x02, 0x41, 0x03,
  0x41, 0x14, 0x42, 0x14, 0x21, 0x0c, 0xa4, 0x25, 0x81, 0x0b, 0x40, 0x03, 0x01, 0x0c, 0x23, 0x1d,
  0x61, 0x14, 0x80, 0x03, 0x21, 0x0c, 0x97, 0xb7, 0xff, 0xff, 0xfd, 0xef, 0xfa, 0xd7, 0xd5, 0xa7,
  0xf5, 0xa7, 0xd1, 0x87, 0xaf, 0x6f, 0xb1, 0x7f, 0xd1, 0x7f, 0xb1, 0x7f, 0xd2, 0x87, 0xf3, 0x97,
  0xd9, 0xcf, 0xff, 0xff, 0xeb, 0x5d, 0x40, 0x03, 0x01, 0x0b, 0x61, 0x03, 0x21, 0x0c, 0x00, 0x0b,
  0x41, 0x0b, 0x61, 0x0b, 0x01, 0x0b, 0x20, 0x02, 0x60, 0x02, 0x00, 0x02, 0xc0, 0x0a, 0x22, 0x1c,
  0x00, 0x0b, 0xc3, 0x13, 0x83, 0x1c, 0xa3, 0x1b, 0xe0, 0x01, 0xa0, 0x02, 0xa0, 0x02, 0xc1, 0x0a,
  0x80, 0x02, 0x01, 0x0b, 0x80, 0x02, 0x40, 0x02, 0x60, 0x02, 0x80, 0x02, 0x80, 0x0a, 0x60, 0x02,
  0x60, 0x02, 0x60, 0x02, 0xa0, 0x02, 0x40, 0x02, 0x42, 0x14, 0x04, 0x26, 0x23, 0x1d, 0xa0, 0x03,
  0xa2, 0x14, 0x82, 0x14, 0x01, 0x0c, 0x21, 0x14, 0xa0, 0x03, 0x86, 0x34, 0xff, 0xff, 0xfc, 0xef,
  0xfc, 0xef, 0xf9, 0xd7, 0xf6, 0xbf, 0xf8, 0xc7, 0xf9, 0xd7, 0xf5, 0xb7, 0xfc, 0xe7, 0xfc, 0xef,
  0xfd, 0xf7, 0xf9, 0xd7, 0xf6, 0xbf, 0xfb, 0xdf, 0xfb, 0xe7, 0xfe, 0xf7, 0xba, 0xd7, 0x81, 0x0a,
  0x40, 0x03, 0x84, 0x25, 0x45, 0x3e, 0x81, 0x14, 0x63, 0x25, 0x82, 0x1c, 0x01, 0x14, 0x81, 0x13,
  0xc2, 0x1b, 0xe1, 0x1a, 0x40, 0x1a, 0xc1, 0x22, 0xc1, 0x22, 0x02, 0x23, 0xa0, 0x1a, 0xe3, 0x1b,
  0x00, 0x00, 0xa0, 0x2a, 0x20, 0x33, 0x00, 0x00, 0x00, 0x00, 0x00, 0x00, 0x00, 0x00, 0x00, 0x00,
  0x00, 0x00, 0x00, 0x00, 0x00, 0x00, 0x00, 0x00, 0x00, 0x00, 0x00, 0x00, 0x00, 0x00, 0x00, 0x00,
  0x00, 0x00, 0x00, 0x00, 0x00, 0x00, 0x00, 0x00, 0x00, 0x00, 0x00, 0x00, 0x00, 0x00, 0x00, 0x00,
  0x00, 0x00, 0x00, 0x00, 0x00, 0x00, 0x00, 0x00, 0x00, 0x00, 0x00, 0x00, 0x00, 0x00, 0x00, 0x00,
  0x00, 0x00, 0xa0, 0x02, 0x00, 0x00, 0x00, 0x00, 0x00, 0x00, 0xe0, 0x01, 0x00, 0x00, 0x00, 0x00,
  0x00, 0x00, 0x00, 0x00, 0x00, 0x00, 0x00, 0x00, 0x22, 0x2a, 0x00, 0x22, 0xe0, 0x29, 0x00, 0x22,
  0x00, 0x22, 0xaa, 0x52, 0x00, 0x00, 0x00, 0x00, 0x00, 0x00, 0x00, 0x00, 0x00, 0x00, 0x00, 0x00,
  0x00, 0x00, 0x00, 0x00, 0x00, 0x00, 0x00, 0x00, 0x00, 0x00, 0x00, 0x00, 0x00, 0x00, 0x00, 0x00,
  0x00, 0x00, 0x00, 0x00, 0x00, 0x00, 0x00, 0x00, 0x00, 0x00, 0x00, 0x00, 0x00, 0x00, 0x00, 0x00,
  0x00, 0x00, 0x00, 0x00, 0x00, 0x00, 0x00, 0x00, 0x00, 0x00, 0x00, 0x00, 0xe0, 0x7b, 0x00, 0x00,
  0x26, 0x33, 0xe3, 0x3b, 0xc3, 0x33, 0x22, 0x2b, 0x22, 0x2b, 0x61, 0x2b, 0x40, 0x12, 0x42, 0x1b,
  0xe3, 0x34, 0x04, 0x35, 0x81, 0x14, 0x71, 0x8f, 0x6d, 0x65, 0x83, 0x24, 0x25, 0x35, 0xc0, 0x0b,
  0xc1, 0x0b, 0x80, 0x0b, 0x61, 0x0b, 0x21, 0x14, 0xf9, 0xd7, 0xdf, 0xff, 0xb0, 0x7f, 0xf1, 0x8f,
  0xf8, 0xd7, 0xfa, 0xef, 0xfb, 0xe7, 0xff, 0xff, 0xfd, 0xf7, 0xfd, 0xf7, 0xf6, 0xcf, 0xd2, 0xa7,
  0xd2, 0x9f, 0xf9, 0xdf, 0xf9, 0xdf, 0x09, 0x4e, 0x80, 0x02, 0x01, 0x0b, 0xc0, 0x02, 0x81, 0x0b,
  0xc3, 0x1c, 0x63, 0x1c, 0xc0, 0x01, 0x20, 0x02, 0x40, 0x0a, 0x22, 0x1c, 0xe0, 0x01, 0xa1, 0x0a,
  0x40, 0x0a, 0xa0, 0x01, 0xe0, 0x01, 0xe0, 0x01, 0xe0, 0x01, 0xe0, 0x01, 0xe0, 0x01, 0x20, 0x02,
  0xc0, 0x01, 0xc0, 0x01, 0x40, 0x02, 0x00, 0x02, 0xe0, 0x01, 0x00, 0x02, 0x40, 0x02, 0x00, 0x02,
  0x20, 0x02, 0x80, 0x02, 0x80, 0x02, 0x80, 0x02, 0x80, 0x02, 0x80, 0x02, 0xa1, 0x0a, 0x60, 0x02,
  0x40, 0x02, 0x20, 0x02, 0x00, 0x02, 0x40, 0x02, 0x80, 0x02, 0x00, 0x03, 0xc0, 0x02, 0x21, 0x0b,
  0xe1, 0x13, 0x01, 0x14, 0xc1, 0x0b, 0xa1, 0x0b, 0x62, 0x14, 0x03, 0x1d, 0x20, 0x03, 0xa1, 0x0b,
  0x21, 0x0c, 0xe3, 0x14, 0x61, 0x0c, 0x80, 0x03, 0x23, 0x1c, 0xff, 0xff, 0xde, 0xf7, 0xfc, 0xef,
  0xd7, 0xaf, 0xd4, 0x97, 0xf5, 0xa7, 0xd3, 0x97, 0xd1, 0x7f, 0xd2, 0x8f, 0xd3, 0x97, 0xb2, 0x87,
  0xb2, 0x8f, 0xd1, 0x7f, 0xd8, 0xc7, 0xff, 0xff, 0x66, 0x3c, 0x40, 0x03, 0xa1, 0x02, 0x21, 0x0c,
  0x01, 0x14, 0xc0, 0x02, 0xc0, 0x02, 0xa1, 0x0b, 0x01, 0x0b, 0x40, 0x02, 0xe1, 0x0a, 0x80, 0x02,
  0xe1, 0x0a, 0xe0, 0x02, 0x00, 0x0b, 0x00, 0x02, 0x80, 0x0a, 0xa0, 0x02, 0x60, 0x02, 0x80, 0x02,
  0x00, 0x02, 0xe3, 0x1b, 0x03, 0x1c, 0x00, 0x0b, 0x01, 0x0b, 0x40, 0x02, 0x60, 0x02, 0x60, 0x02,
  0x60, 0x02, 0x40, 0x02, 0x60, 0x02, 0x80, 0x02, 0x60, 0x02, 0x40, 0x02, 0x82, 0x14, 0xc4, 0x25,
  0x43, 0x25, 0x01, 0x0c, 0x61, 0x14, 0xc3, 0x1c, 0xc1, 0x0b, 0x82, 0x14, 0x40, 0x03, 0x07, 0x3d,
  0xff, 0xff, 0xfb, 0xe7, 0xfa, 0xe7, 0xf5, 0xb7, 0xf5, 0xaf, 0xf6, 0xbf, 0xfc, 0xef, 0xfa, 0xdf,
  0xf5, 0xb7, 0xf9, 0xd7, 0xfb, 0xe7, 0xf9, 0xd7, 0xfa, 0xd7, 0xfc, 0xe7, 0xfb, 0xe7, 0xff, 0xff,
  0x58, 0xc7, 0x40, 0x02, 0xe0, 0x02, 0xe5, 0x35, 0xc6, 0x46, 0x64, 0x25, 0xa3, 0x24, 0x22, 0x1c,
  0xe2, 0x1b, 0x60, 0x12, 0x01, 0x1b, 0x41, 0x12, 0x00, 0x12, 0xc1, 0x1a, 0xc2, 0x22, 0xc1, 0x2a,
  0x80, 0x3b, 0xe0, 0x03, 0x00, 0x00, 0x00, 0x00, 0x00, 0x00, 0x00, 0x00, 0x00, 0x00, 0x00, 0x00,
  0x00, 0x00, 0xe0, 0x07, 0x00, 0x00, 0x00, 0x00, 0x00, 0x00, 0x00, 0x00, 0x00, 0x00, 0x00, 0x00,
  0x00, 0x00, 0x00, 0x00, 0x00, 0x00, 0x00, 0x00, 0x00, 0x00, 0x00, 0x00, 0x00, 0x00, 0xe0, 0x07,
  0x00, 0x00, 0xe0, 0x03, 0x00, 0x00, 0x00, 0x00, 0x00, 0x00, 0x00, 0x00, 0x00, 0x00, 0x00, 0x00,
  0x00, 0x00, 0x00, 0x00, 0xe0, 0x39, 0x00, 0x00, 0x00, 0x00, 0x62, 0x11, 0xc1, 0x19, 0xc0, 0x19,
  0x00, 0x00, 0x00, 0x00, 0x00, 0x00, 0x00, 0x00, 0x40, 0x29, 0x02, 0x32, 0x01, 0x2a, 0xe1, 0x21,
  0xe1, 0x29, 0x00, 0x00, 0x00, 0x00, 0x00, 0x00, 0x00, 0x00, 0x00, 0x00, 0x00, 0x00, 0x00, 0x00,
  0x00, 0x00, 0x00, 0x00, 0x00, 0x00, 0x00, 0x00, 0xe0, 0x03, 0x00, 0x00, 0x00, 0x00, 0x00, 0x00,
  0x00, 0x00, 0x00, 0x00, 0x00, 0x00, 0x00, 0x00, 0x00, 0x00, 0x00, 0x00, 0x00, 0x00, 0xe0, 0x07,
  0x00, 0x00, 0x00, 0x00, 0x00, 0x00, 0x00, 0x00, 0x00, 0x00, 0x00, 0x00, 0x00, 0x00, 0x00, 0x00,
  0x00, 0x00, 0xe0, 0x07, 0xa0, 0x52, 0x62, 0x2b, 0x41, 0x33, 0x43, 0x33, 0x63, 0x33, 0x21, 0x23,
  0xc0, 0x1a, 0x62, 0x1b, 0x41, 0x0a, 0xc5, 0x3d, 0x84, 0x35, 0xe8, 0x35, 0x42, 0x14, 0xcd, 0x76,
  0xa6, 0x34, 0x21, 0x14, 0xa1, 0x0b, 0x21, 0x0b, 0x61, 0x03, 0x04, 0x2d, 0xff, 0xff, 0xdd, 0xef,
  0xad, 0x5f, 0xae, 0x6f, 0xd1, 0x9f, 0xf8, 0xd7, 0xf8, 0xd7, 0xfa, 0xe7, 0xfa, 0xe7, 0xfa, 0xe7,
  0xf8, 0xdf, 0xf4, 0xb7, 0xf4, 0xaf, 0xfc, 0xef, 0x96, 0xbf, 0xe0, 0x03, 0xc1, 0x0a, 0x01, 0x0b,
  0xe0, 0x02, 0xc1, 0x13, 0x42, 0x14, 0x81, 0x0b, 0xc0, 0x01, 0x20, 0x02, 0xa0, 0x01, 0xa0, 0x02,
  0x00, 0x02, 0x20, 0x02, 0x00, 0x02, 0xa0, 0x01, 0xc0, 0x01, 0xe0, 0x01, 0xe0, 0x01, 0xe0, 0x01,
  0xc0, 0x01, 0x00, 0x02, 0x00, 0x02, 0xe0, 0x01, 0xe0, 0x01, 0xa0, 0x02, 0x80, 0x02, 0x40, 0x02,
  0x20, 0x02, 0x20, 0x02, 0x60, 0x02, 0x60, 0x02, 0x80, 0x02, 0x60, 0x02, 0x40, 0x02, 0x00, 0x02,
  0x20, 0x02, 0x40, 0x02, 0x60, 0x02, 0xc0, 0x0a, 0x80, 0x02, 0x21, 0x0b, 0xe1, 0x13, 0xe1, 0x13,
  0x20, 0x0b, 0xa1, 0x0b, 0xe1, 0x13, 0xc1, 0x0b, 0xc1, 0x0b, 0xc1, 0x0b, 0x62, 0x14, 0xa2, 0x14,
  0x20, 0x0b, 0xe1, 0x0b, 0xe2, 0x1c, 0x81, 0x0c, 0xc2, 0x14, 0x60, 0x03, 0x2a, 0x45, 0xff, 0xff,
  0xfb, 0xdf, 0xf7, 0xb7, 0xd4, 0x8f, 0xf3, 0x97, 0xd2, 0x87, 0xd1, 0x7f, 0xd3, 0x97, 0xf5, 0xaf,
  0xb1, 0x7f, 0xb0, 0x77, 0x90, 0x77, 0xd1, 0x7f, 0xdc, 0xe7, 0xfe, 0xf7, 0x05, 0x24, 0xe0, 0x02,
  0xc1, 0x02, 0xa2, 0x14, 0x40, 0x03, 0x21, 0x0b, 0xe0, 0x02, 0x25, 0x2d, 0x80, 0x0a, 0x40, 0x02,
  0xa0, 0x02, 0x60, 0x02, 0xa1, 0x02, 0x01, 0x0b, 0xe1, 0x0a, 0xc0, 0x02, 0x60, 0x02, 0x80, 0x02,
  0xa0, 0x02, 0x80, 0x02, 0x40, 0x02, 0x20, 0x02, 0xc0, 0x02, 0xa0, 0x02, 0xc0, 0x02, 0x60, 0x02,
  0x60, 0x02, 0x60, 0x02, 0x60, 0x02, 0x60, 0x02, 0x40, 0x02, 0xc0, 0x02, 0x80, 0x02, 0xa1, 0x0a,
  0xe2, 0x1c, 0xa4, 0x25, 0x43, 0x1d, 0x21, 0x0c, 0x21, 0x0c, 0xc3, 0x1c, 0xe1, 0x0b, 0x62, 0x14,
  0x40, 0x03, 0xa8, 0x4d, 0xff, 0xff, 0xdb, 0xe7, 0xf8, 0xd7, 0xd4, 0xaf, 0xf3, 0x9f, 0xd3, 0x9f,
  0xf8, 0xcf, 0xf8, 0xcf, 0xf4, 0xaf, 0xf5, 0xb7, 0xf4, 0xa7, 0xf8, 0xc7, 0xf9, 0xcf, 0xfa, 0xd7,
  0xfb, 0xe7, 0xff, 0xff, 0xf3, 0x9e, 0x60, 0x02, 0x00, 0x03, 0xc4, 0x2d, 0xc4, 0x2d, 0xa6, 0x3e,
  0xa4, 0x2d, 0xe1, 0x13, 0xe1, 0x12, 0x81, 0x1b, 0x01, 0x1b, 0x41, 0x12, 0xa1, 0x1a, 0xe2, 0x2a,
  0xa1, 0x2a, 0xa2, 0x32, 0x42, 0x13, 0x00, 0x00, 0xe0, 0x07, 0x81, 0x22, 0x81, 0x1a, 0x00, 0x00,
  0x00, 0x00, 0x00, 0x00, 0x00, 0x00, 0xe0, 0x07, 0x00, 0x00, 0x00, 0x00, 0x00, 0x00, 0x00, 0x00,
  0xe0, 0x07, 0x00, 0x00, 0x00, 0x00, 0x00, 0x00, 0x00, 0x00, 0xe0, 0x07, 0x00, 0x00, 0x00, 0x00,
  0x00, 0x00, 0x00, 0x00, 0xe0, 0x07, 0xe0, 0x07, 0x00, 0x00, 0x00, 0x00, 0x00, 0x00, 0x00, 0x00,
  0x00, 0x00, 0x00, 0x00, 0x00, 0x00, 0x00, 0x00, 0x80, 0x31, 0x80, 0x19, 0xc0, 0x11, 0xc1, 0x19,
  0xa1, 0x19, 0xe0, 0x03, 0x00, 0x00, 0x00, 0x00, 0x00, 0x00, 0xa0, 0x52, 0x42, 0x32, 0xc2, 0x39,
  0x20, 0x33, 0x00, 0x00, 0x00, 0x00, 0x00, 0x00, 0x00, 0x00, 0x00, 0x00, 0x00, 0x00, 0x00, 0x00,
  0x00, 0x00, 0x00, 0x00, 0x00, 0x00, 0x00, 0x00, 0x00, 0x00, 0x00, 0x00, 0x00, 0x00, 0x00, 0x00,
  0x00, 0x00, 0x00, 0x00, 0x00, 0x00, 0x00, 0x00, 0x00, 0x00, 0x00, 0x00, 0x00, 0x00, 0x00, 0x00,
  0x00, 0x00, 0x00, 0x00, 0x00, 0x00, 0x00, 0x00, 0x00, 0x00, 0x00, 0x00, 0x00, 0x00, 0x00, 0x00,
  0x00, 0x00, 0x00, 0x00, 0x00, 0x00, 0x00, 0x00, 0x26, 0x33, 0xe0, 0x53, 0x64, 0x33, 0x43, 0x33,
  0x82, 0x33, 0x81, 0x22, 0x42, 0x1b, 0xa2, 0x24, 0xc0, 0x02, 0x62, 0x1c, 0x84, 0x2d, 0x40, 0x03,
  0xe2, 0x1b, 0x05, 0x35, 0x22, 0x14, 0xa3, 0x1c, 0xe0, 0x02, 0x41, 0x0b, 0x00, 0x04, 0xef, 0x86,
  0xff, 0xff, 0xd9, 0xbf, 0xad, 0x5f, 0xae, 0x6f, 0xf4, 0xaf, 0xf4, 0xaf, 0xd3, 0xaf, 0xf4, 0xbf,
  0xf6, 0xcf, 0xf9, 0xdf, 0xf7, 0xd7, 0xb2, 0x9f, 0x90, 0x8f, 0xfb, 0xe7, 0x92, 0x9e, 0x60, 0x01,
  0xc1, 0x0a, 0xe1, 0x0a, 0x21, 0x0b, 0xa1, 0x13, 0x03, 0x25, 0x01, 0x0b, 0x00, 0x02, 0x20, 0x02,
  0xe0, 0x01, 0xa1, 0x0a, 0x20, 0x02, 0xc0, 0x01, 0x00, 0x02, 0xc0, 0x01, 0xe0, 0x01, 0xe0, 0x01,
  0xe0, 0x01, 0xe0, 0x01, 0xe0, 0x01, 0x00, 0x02, 0x00, 0x02, 0x20, 0x02, 0xa0, 0x02, 0x02, 0x14,
  0x62, 0x1c, 0x41, 0x0b, 0x41, 0x0b, 0xa1, 0x13, 0xa1, 0x13, 0x41, 0x0b, 0x41, 0x0b, 0xe2, 0x13,
  0x21, 0x14, 0x22, 0x14, 0x22, 0x14, 0xe1, 0x13, 0x61, 0x0b, 0x81, 0x0b, 0x41, 0x0b, 0x61, 0x0b,
  0x40, 0x0b, 0xa1, 0x13, 0x20, 0x0b, 0x42, 0x1c, 0x82, 0x1c, 0x42, 0x14, 0xa1, 0x0b, 0xe1, 0x0b,
  0x82, 0x14, 0xa2, 0x14, 0x00, 0x03, 0x81, 0x0b, 0x41, 0x14, 0xc2, 0x14, 0x62, 0x14, 0x00, 0x03,
  0x74, 0x9e, 0xff, 0xff, 0xd6, 0xaf, 0xd4, 0x9f, 0xf4, 0x97, 0xd2, 0x7f, 0xd0, 0x77, 0xd2, 0x8f,
  0xd3, 0x97, 0xd1, 0x87, 0xb0, 0x77, 0x8f, 0x6f, 0x8f, 0x67, 0xb0, 0x7f, 0xfd, 0xef, 0x38, 0xbf,
  0x40, 0x03, 0x00, 0x03, 0xc0, 0x02, 0x62, 0x14, 0x40, 0x03, 0xa1, 0x0b, 0xc0, 0x02, 0xe4, 0x24,
  0x80, 0x02, 0x20, 0x02, 0x60, 0x02, 0x60, 0x02, 0x40, 0x02, 0x40, 0x02, 0x80, 0x02, 0x80, 0x02,
  0x80, 0x02, 0x60, 0x02, 0xa0, 0x02, 0x80, 0x02, 0x80, 0x02, 0xa0, 0x02, 0x80, 0x02, 0x80, 0x02,
  0x80, 0x02, 0x80, 0x02, 0x60, 0x02, 0x60, 0x02, 0x60, 0x02, 0x60, 0x02, 0x80, 0x02, 0xe0, 0x02,
  0x20, 0x02, 0x21, 0x0b, 0x02, 0x1d, 0xa4, 0x25, 0xe2, 0x1c, 0x01, 0x0c, 0x01, 0x0c, 0x82, 0x1c,
  0xc1, 0x0b, 0x22, 0x0c, 0x00, 0x03, 0x0c, 0x66, 0xff, 0xff, 0xfa, 0xdf, 0xf6, 0xc7, 0xf5, 0xb7,
  0xd4, 0xaf, 0xf4, 0xa7, 0xf7, 0xbf, 0xf6, 0xbf, 0xf6, 0xbf, 0xf4, 0xb7, 0xf4, 0xa7, 0xf8, 0xcf,
  0xfa, 0xd7, 0xfa, 0xd7, 0xfc, 0xe7, 0xff, 0xff, 0x2e, 0x76, 0xc0, 0x02, 0x60, 0x0b, 0x83, 0x25,
  0xa3, 0x25, 0xa6, 0x36, 0x43, 0x25, 0x60, 0x13, 0x02, 0x24, 0x61, 0x1b, 0x41, 0x1b, 0x01, 0x1b,
  0xa1, 0x22, 0xa1, 0x22, 0xc2, 0x22, 0xe0, 0x1a, 0x80, 0x1b, 0x44, 0x22, 0x23, 0x33, 0x81, 0x1a,
  0x81, 0x22, 0xe0, 0x07, 0x00, 0x00, 0x00, 0x00, 0x00, 0x00, 0x00, 0x00, 0x00, 0x00, 0x00, 0x00,
  0x00, 0x00, 0x00, 0x00, 0x00, 0x00, 0x00, 0x00, 0x00, 0x00, 0x00, 0x00, 0x00, 0x00, 0x00, 0x00,
  0x00, 0x00, 0x00, 0x00, 0x00, 0x00, 0xa0, 0x02, 0xe0, 0x07, 0xa0, 0x02, 0x00, 0x00, 0x00, 0x00,
  0x00, 0x00, 0x00, 0x00, 0x00, 0x00, 0x00, 0x00, 0x00, 0x00, 0x00, 0x00, 0xe0, 0x09, 0xc0, 0x11,
  0xc1, 0x11, 0x40, 0x01, 0x00, 0x00, 0x00, 0x00, 0x00, 0x00, 0x00, 0x00, 0x00, 0x00, 0xe0, 0xff,
  0x00, 0x00, 0x00, 0x00, 0x00, 0x00, 0x00, 0x00, 0x00, 0x00, 0x00, 0x00, 0x00, 0x00, 0x00, 0x00,
  0x00, 0x00, 0x00, 0x00, 0x00, 0x00, 0x00, 0x00, 0x00, 0x00, 0x00, 0x00, 0x00, 0x00, 0x00, 0x00,
  0x00, 0x00, 0x00, 0x00, 0x00, 0x00, 0x00, 0x00, 0x00, 0x00, 0x00, 0x00, 0x00, 0x00, 0x00, 0x00,
  0x00, 0x00, 0x00, 0x00, 0x00, 0x00, 0x00, 0x00, 0x00, 0x00, 0x00, 0x00, 0x00, 0x00, 0x00, 0x00,
  0x00, 0x00, 0x00, 0x00, 0x00, 0x00, 0x00, 0x00, 0x00, 0x00, 0x00, 0x00, 0xe7, 0x39, 0xe0, 0x7b,
  0xe7, 0x3b, 0x23, 0x33, 0xc2, 0x33, 0x42, 0x22, 0xa2, 0x23, 0xe4, 0x45, 0x51, 0x97, 0xc7, 0x45,
  0xa1, 0x14, 0xe5, 0x34, 0x83, 0x24, 0x83, 0x24, 0xe3, 0x2c, 0xe2, 0x13, 0xe0, 0x02, 0xc1, 0x13,
  0x20, 0x04, 0x95, 0xb7, 0xff, 0xff, 0x91, 0x7f, 0x8c, 0x57, 0xd1, 0x87, 0xf5, 0xc7, 0xf3, 0xaf,
  0xf1, 0x97, 0xf3, 0xaf, 0xf3, 0xaf, 0xf4, 0xc7, 0xf5, 0xbf, 0xb3, 0x9f, 0x90, 0x87, 0xf9, 0xdf,
  0x35, 0xb7, 0xe0, 0x00, 0xe1, 0x0a, 0x01, 0x0b, 0x41, 0x0b, 0x20, 0x0b, 0xc2, 0x1c, 0x80, 0x02,
  0x40, 0x02, 0x20, 0x02, 0xe0, 0x01, 0x00, 0x02, 0xc0, 0x01, 0x20, 0x02, 0xe0, 0x01, 0xc0, 0x01,
  0xe0, 0x01, 0xc0, 0x01, 0xc0, 0x01, 0xe0, 0x01, 0xe0, 0x01, 0xe0, 0x01, 0x40, 0x02, 0x20, 0x02,
  0x21, 0x0b, 0x02, 0x14, 0x23, 0x25, 0x62, 0x1c, 0x02, 0x14, 0x61, 0x0b, 0x81, 0x0b, 0x81, 0x0b,
  0x61, 0x0b, 0x41, 0x0b, 0x40, 0x0b, 0x41, 0x0b, 0xe0, 0x02, 0xe0, 0x02, 0x41, 0x0b, 0x61, 0x0b,
  0x21, 0x0b, 0xe0, 0x02, 0x41, 0x0b, 0x02, 0x14, 0x01, 0x0c, 0xc2, 0x1c, 0x82, 0x1c, 0x41, 0x14,
  0x01, 0x14, 0xe1, 0x0b, 0x81, 0x14, 0xa2, 0x14, 0x80, 0x02, 0x02, 0x14, 0x01, 0x14, 0x82, 0x14,
  0x22, 0x0c, 0x00, 0x03, 0xf7, 0xb6, 0xff, 0xff, 0xb3, 0x8f, 0xd2, 0x87, 0xd3, 0x87, 0xd1, 0x7f,
  0xd2, 0x87, 0xf3, 0x97, 0xf2, 0x8f, 0xd1, 0x7f, 0xb2, 0x87, 0xb0, 0x77, 0xd3, 0x97, 0xd6, 0xb7,
  0xff, 0xff, 0x54, 0x9e, 0x60, 0x02, 0x21, 0x0b, 0x01, 0x03, 0x62, 0x14, 0x40, 0x03, 0x41, 0x0b,
  0x60, 0x02, 0xe3, 0x24, 0x62, 0x13, 0x20, 0x02, 0xc1, 0x02, 0x80, 0x02, 0xa0, 0x02, 0x60, 0x02,
  0x20, 0x02, 0x60, 0x02, 0x80, 0x02, 0x80, 0x02, 0x60, 0x02, 0xa0, 0x02, 0x60, 0x02, 0x80, 0x02,
  0x60, 0x02, 0xa0, 0x02, 0x80, 0x02, 0x60, 0x02, 0x60, 0x02, 0x60, 0x02, 0x60, 0x02, 0x40, 0x02,
  0x80, 0x02, 0xc0, 0x02, 0x20, 0x02, 0x61, 0x0b, 0x82, 0x14, 0x23, 0x1d, 0x61, 0x0c, 0x01, 0x0c,
  0x41, 0x14, 0xa2, 0x1c, 0xa1, 0x03, 0xc1, 0x0b, 0xe0, 0x02, 0xb1, 0x8e, 0xff, 0xff, 0xfa, 0xdf,
  0xf7, 0xc7, 0xf5, 0xb7, 0xf4, 0xaf, 0xf5, 0xaf, 0xf5, 0xaf, 0xf3, 0x9f, 0xf3, 0x9f, 0xf4, 0xa7,
  0xf4, 0xa7, 0xf8, 0xcf, 0xf9, 0xd7, 0xfb, 0xdf, 0xfd, 0xef, 0xff, 0xff, 0x49, 0x4d, 0x60, 0x02,
  0xc1, 0x13, 0xe4, 0x2d, 0xe4, 0x2d, 0x25, 0x2e, 0xe4, 0x2d, 0x63, 0x24, 0xc1, 0x12, 0x82, 0x23,
  0xa0, 0x12, 0x81, 0x1a, 0xc2, 0x22, 0xc1, 0x22, 0xc1, 0x1a, 0x62, 0x23, 0xe0, 0x3a, 0x00, 0x00,
  0xe0, 0x7b, 0x00, 0x00, 0x00, 0x00, 0xe0, 0x07, 0xe0, 0x07, 0x00, 0x00, 0x00, 0x00, 0x00, 0x00,
  0x00, 0x00, 0x00, 0x00, 0x00, 0x00, 0x00, 0x00, 0x00, 0x00, 0x00, 0x00, 0x00, 0x00, 0x00, 0x00,
  0x00, 0x00, 0x00, 0x00, 0x00, 0x00, 0x00, 0x00, 0x00, 0x00, 0xe0, 0x03, 0x00, 0x00, 0xa5, 0x2a,
  0x00, 0x00, 0x00, 0x00, 0x00, 0x00, 0x00, 0x00, 0x00, 0x00, 0x00, 0x00, 0x00, 0x00, 0x00, 0x00,
  0xe1, 0x19, 0xe1, 0x19, 0x00, 0x00, 0x00, 0x00, 0x00, 0x00, 0x00, 0x00, 0x00, 0x00, 0x00, 0x00,
  0x00, 0x00, 0x00, 0x00, 0x00, 0x00, 0x00, 0x00, 0x00, 0x00, 0x00, 0x00, 0x00, 0x00, 0x00, 0x00,
  0x00, 0x00, 0x00, 0x00, 0x00, 0x00, 0x00, 0x00, 0x00, 0x00, 0xa0, 0x52, 0x00, 0x00, 0x21, 0x2a,
  0x60, 0x32, 0x00, 0x00, 0x00, 0x00, 0x40, 0x22, 0x63, 0x32, 0x00, 0x00, 0x00, 0x00, 0x00, 0x00,
  0x00, 0x00, 0x00, 0x00, 0x00, 0x00, 0x00, 0x00, 0x00, 0x00, 0x00, 0x00, 0x00, 0x00, 0x00, 0x00,
  0x00, 0x00, 0x00, 0x00, 0x00, 0x00, 0x00, 0x00, 0x00, 0x00, 0x00, 0x00, 0x00, 0x00, 0x00, 0x00,
  0xe0, 0x7b, 0x20, 0x33, 0x84, 0x24, 0xe0, 0x2b, 0x24, 0x44, 0xe2, 0x1a, 0x60, 0x02, 0xef, 0x96,
  0xdc, 0xdf, 0xc5, 0x35, 0x86, 0x46, 0xc8, 0x56, 0x83, 0x1c, 0xa3, 0x24, 0x43, 0x24, 0x41, 0x0b,
  0x61, 0x0b, 0x00, 0x03, 0x61, 0x14, 0xb7, 0xc7, 0xff, 0xff, 0x6e, 0x6f, 0x8d, 0x5f, 0xd2, 0x97,
  0xf5, 0xbf, 0xf3, 0xa7, 0xd2, 0x9f, 0xf4, 0xbf, 0xf2, 0xa7, 0xf3, 0xb7, 0xd3, 0xaf, 0xd2, 0x9f,
  0xd2, 0x9f, 0xfa, 0xe7, 0x98, 0xc7, 0x80, 0x01, 0x01, 0x0b, 0xe0, 0x0a, 0x40, 0x0b, 0x21, 0x0b,
  0x03, 0x25, 0x60, 0x02, 0x60, 0x02, 0x00, 0x02, 0x20, 0x02, 0xc1, 0x0a, 0x20, 0x02, 0xe0, 0x01,
  0xe0, 0x01, 0x80, 0x0a, 0x20, 0x02, 0x00, 0x02, 0x40, 0x02, 0xc0, 0x01, 0xc0, 0x01, 0x20, 0x02,
  0x40, 0x02, 0x80, 0x01, 0xc2, 0x13, 0x41, 0x0b, 0x22, 0x14, 0xc3, 0x1c, 0xc2, 0x13, 0xc0, 0x02,
  0x80, 0x02, 0x21, 0x0b, 0x42, 0x0b, 0x01, 0x0b, 0x41, 0x0b, 0x41, 0x0b, 0x21, 0x0b, 0xc1, 0x0a,
  0xa1, 0x02, 0xc1, 0x0a, 0xc1, 0x0a, 0xa1, 0x02, 0xe1, 0x0a, 0xc2, 0x13, 0xe2, 0x13, 0xc1, 0x13,
  0xa1, 0x0b, 0x22, 0x14, 0xc1, 0x0b, 0xe1, 0x13, 0xe1, 0x13, 0x02, 0x14, 0x00, 0x03, 0xc1, 0x0b,
  0x41, 0x14, 0x62, 0x14, 0x21, 0x0c, 0x60, 0x03, 0x18, 0xc7, 0xfe, 0xf7, 0xd3, 0x87, 0xd2, 0x7f,
  0xd2, 0x87, 0xd3, 0x8f, 0xf3, 0x97, 0xf5, 0xaf, 0xd3, 0x9f, 0xd2, 0x8f, 0xd4, 0x9f, 0xd2, 0x8f,
  0xb2, 0x8f, 0xd6, 0xbf, 0xff, 0xff, 0x34, 0x9e, 0x40, 0x02, 0x41, 0x0b, 0x21, 0x0b, 0x01, 0x14,
  0xa1, 0x0b, 0xa1, 0x0b, 0x80, 0x02, 0xa3, 0x24, 0xa2, 0x1b, 0x00, 0x02, 0xc1, 0x0a, 0xa0, 0x02,
  0x01, 0x0b, 0x01, 0x0b, 0xc0, 0x02, 0x01, 0x0b, 0xc0, 0x0a, 0xc0, 0x02, 0xc0, 0x0a, 0xc0, 0x0a,
  0x40, 0x02, 0x40, 0x02, 0x80, 0x02, 0x60, 0x02, 0x80, 0x02, 0x80, 0x02, 0xa0, 0x02, 0xa0, 0x02,
  0x80, 0x02, 0x20, 0x02, 0x80, 0x02, 0xa0, 0x02, 0x20, 0x02, 0xe1, 0x13, 0xc2, 0x1c, 0xa2, 0x14,
  0x61, 0x14, 0x01, 0x0c, 0x62, 0x14, 0x42, 0x14, 0xa1, 0x03, 0xc1, 0x0b, 0x40, 0x03, 0x56, 0xbf,
  0xfe, 0xff, 0xf8, 0xd7, 0xf7, 0xc7, 0xf6, 0xbf, 0xf6, 0xbf, 0xf7, 0xcf, 0xf4, 0xaf, 0xf4, 0xa7,
  0xf4, 0xaf, 0xf7, 0xc7, 0xf6, 0xbf, 0xf6, 0xb7, 0xf7, 0xbf, 0xfa, 0xdf, 0xfe, 0xff, 0xdb, 0xdf,
  0x23, 0x1c, 0x60, 0x02, 0xa2, 0x1c, 0x85, 0x36, 0x83, 0x25, 0xe1, 0x0b, 0xc3, 0x24, 0xc2, 0x1b,
  0x80, 0x12, 0xe1, 0x1a, 0x63, 0x34, 0x22, 0x23, 0x60, 0x1a, 0x21, 0x23, 0xc1, 0x2a, 0xe1, 0x22,
  0x64, 0x23, 0x00, 0x00, 0xe0, 0x07, 0x00, 0x00, 0x00, 0x00, 0x00, 0x00, 0x00, 0x00, 0x00, 0x00,
  0x00, 0x00, 0x00, 0x00, 0x00, 0x00, 0x00, 0x00, 0x00, 0x00, 0x00, 0x00, 0xe0, 0x07, 0x00, 0x00,
  0x00, 0x00, 0x00, 0x00, 0x00, 0x00, 0x00, 0x00, 0x00, 0x00, 0x00, 0x00, 0x00, 0x00, 0x00, 0x00,
  0x00, 0x00, 0x00, 0x00, 0x00, 0x00, 0x00, 0x00, 0x00, 0x00, 0x00, 0x00, 0xe0, 0x01, 0x80, 0x19,
  0xe1, 0x19, 0x00, 0x00, 0x00, 0x00, 0x00, 0x00, 0x00, 0x00, 0x00, 0x00, 0x00, 0x00, 0x00, 0x00,
  0x00, 0x00, 0x00, 0x00, 0x00, 0x00, 0x00, 0x00, 0x00, 0x00, 0x00, 0x00, 0x00, 0x00, 0x00, 0x00,
  0x00, 0x00, 0x00, 0x00, 0x00, 0x00, 0x00, 0x00, 0x00, 0x00, 0xa0, 0x52, 0x00, 0x00, 0x44, 0x4a,
  0x00, 0x00, 0x61, 0x2a, 0x81, 0x2a, 0x61, 0x2a, 0x00, 0x00, 0x00, 0x23, 0x22, 0x33, 0x00, 0x00,
  0x00, 0x00, 0x00, 0x00, 0x00, 0x00, 0x00, 0x00, 0x00, 0x00, 0x00, 0x00, 0x00, 0x00, 0x00, 0x00,
  0x00, 0x00, 0x00, 0x00, 0x00, 0x00, 0x00, 0x00, 0x00, 0x00, 0x00, 0x00, 0x00, 0x00, 0x00, 0x00,
  0x00, 0x00, 0x00, 0x00, 0x00, 0x00, 0x42, 0x3b, 0x42, 0x23, 0xe3, 0x3d, 0xe2, 0x32, 0x21, 0x1b,
  0x63, 0x2c, 0xbb, 0xe7, 0xad, 0x7e, 0x81, 0x1d, 0xc5, 0x3d, 0x22, 0x1c, 0x02, 0x1c, 0x62, 0x1c,
  0x02, 0x1c, 0xa0, 0x0b, 0xa1, 0x0b, 0x40, 0x02, 0x84, 0x35, 0xfc, 0xf7, 0xff, 0xff, 0xb1, 0x87,
  0xce, 0x5f, 0xf2, 0x8f, 0xf5, 0xb7, 0xf4, 0xaf, 0xf4, 0xb7, 0xf5, 0xc7, 0xf1, 0x9f, 0xf3, 0xb7,
  0xd2, 0xa7, 0xf0, 0x87, 0xf4, 0xaf, 0xfc, 0xf7, 0x50, 0x8f, 0x80, 0x01, 0x21, 0x0b, 0xc0, 0x02,
  0xa1, 0x0b, 0x01, 0x0b, 0x63, 0x25, 0x80, 0x02, 0x40, 0x02, 0x40, 0x02, 0xe0, 0x01, 0xe4, 0x35,
  0x01, 0x0b, 0x40, 0x01, 0x20, 0x02, 0xc0, 0x0a, 0x20, 0x02, 0xe0, 0x01, 0x40, 0x02, 0x00, 0x02,
  0xc0, 0x01, 0xe0, 0x02, 0x81, 0x13, 0x40, 0x01, 0x83, 0x1c, 0x20, 0x0b, 0x60, 0x03, 0x01, 0x0d,
  0xe3, 0x0c, 0x86, 0x2d, 0x03, 0x1d, 0x01, 0x0c, 0xc1, 0x0b, 0x60, 0x02, 0xc0, 0x02, 0x00, 0x03,
  0xa0, 0x02, 0xa0, 0x02, 0xa0, 0x02, 0x40, 0x02, 0x80, 0x02, 0x60, 0x02, 0x60, 0x02, 0xc0, 0x02,
  0xc0, 0x02, 0xc0, 0x02, 0xa0, 0x02, 0xc0, 0x02, 0x80, 0x02, 0x60, 0x02, 0x40, 0x02, 0xe0, 0x02,
  0x22, 0x0c, 0x22, 0x14, 0x62, 0x14, 0x62, 0x14, 0x80, 0x03, 0x82, 0x14, 0xdb, 0xdf, 0xfd, 0xef,
  0xd1, 0x77, 0xf3, 0x87, 0xf4, 0x97, 0xf2, 0x87, 0xf2, 0x87, 0xf5, 0xaf, 0xd1, 0x87, 0xd0, 0x6f,
  0xd1, 0x7f, 0xf1, 0x7f, 0xf0, 0x77, 0xd4, 0xa7, 0xff, 0xff, 0x36, 0xb7, 0x20, 0x03, 0x61, 0x0b,
  0xe0, 0x02, 0x40, 0x03, 0x21, 0x0c, 0xe1, 0x0b, 0x80, 0x0b, 0xa1, 0x0b, 0x21, 0x0b, 0x60, 0x02,
  0xa0, 0x02, 0x60, 0x02, 0xe1, 0x0a, 0xc2, 0x13, 0xa1, 0x13, 0x40, 0x02, 0x80, 0x02, 0x80, 0x02,
  0xe0, 0x0a, 0xa0, 0x02, 0xa0, 0x02, 0xa0, 0x02, 0xa0, 0x02, 0xc0, 0x02, 0x80, 0x02, 0x80, 0x02,
  0x80, 0x02, 0x60, 0x02, 0x21, 0x0b, 0x21, 0x0b, 0x20, 0x02, 0x80, 0x02, 0x60, 0x02, 0x62, 0x14,
  0x62, 0x14, 0x41, 0x0c, 0x61, 0x0c, 0x41, 0x0c, 0x82, 0x14, 0xc1, 0x0b, 0x01, 0x0c, 0xc1, 0x0b,
  0x60, 0x03, 0x9a, 0xd7, 0xff, 0xff, 0xf7, 0xcf, 0xf7, 0xc7, 0xf6, 0xbf, 0xf6, 0xbf, 0xfd, 0xef,
  0xfc, 0xef, 0xfa, 0xe7, 0xf8, 0xd7, 0xf7, 0xcf, 0xf8, 0xcf, 0xfa, 0xdf, 0xf9, 0xcf, 0xfc, 0xe7,
  0xfd, 0xf7, 0x37, 0xbf, 0x40, 0x03, 0x20, 0x0b, 0x23, 0x25, 0xe7, 0x46, 0x86, 0x3e, 0x81, 0x13,
  0x03, 0x24, 0x42, 0x1b, 0xc0, 0x01, 0x80, 0x12, 0x41, 0x1b, 0x02, 0x24, 0x81, 0x22, 0xc1, 0x1a,
  0xe1, 0x22, 0xe0, 0x1a, 0x20, 0x33, 0x00, 0x00, 0xe0, 0x7b, 0x00, 0x00, 0xe1, 0x22, 0xc3, 0x22,
  0x00, 0x00, 0xa0, 0x52, 0x00, 0x00, 0x00, 0x00, 0x00, 0x00, 0x00, 0x00, 0x00, 0x00, 0x00, 0x00,
  0x00, 0x00, 0x00, 0x00, 0x00, 0x00, 0x00, 0x00, 0x00, 0x00, 0x00, 0x00, 0x00, 0x00, 0x00, 0x00,
  0x00, 0x00, 0x00, 0x00, 0x00, 0x00, 0x00, 0x00, 0x00, 0x00, 0x00, 0x00, 0x40, 0x22, 0x42, 0x12,
  0xe1, 0x19, 0x20, 0x22, 0xe1, 0x19, 0xe0, 0x39, 0x00, 0x00, 0xa0, 0x02, 0x00, 0x00, 0x00, 0x00,
  0x00, 0x00, 0x00, 0x00, 0x00, 0x00, 0x00, 0x00, 0x00, 0x00, 0x00, 0x00, 0x00, 0x00, 0x00, 0x00,
  0x00, 0x00, 0x00, 0x00, 0x00, 0x00, 0x00, 0x00, 0x00, 0x00, 0x00, 0x00, 0x00, 0x00, 0x00, 0x00,
  0x81, 0x2a, 0x81, 0x32, 0xe7, 0x39, 0x60, 0x23, 0xc1, 0x2a, 0x01, 0x2b, 0x64, 0x4b, 0x00, 0x00,
  0x00, 0x00, 0x00, 0x00, 0x00, 0x00, 0x00, 0x00, 0x00, 0x00, 0x00, 0x00, 0x00, 0x00, 0x00, 0x00,
  0x00, 0x00, 0x00, 0x00, 0x00, 0x00, 0x00, 0x00, 0x00, 0x00, 0x00, 0x00, 0x00, 0x00, 0x00, 0x00,
  0x00, 0x00, 0x00, 0x00, 0x00, 0x00, 0xe0, 0x07, 0xe0, 0x03, 0x00, 0x00, 0x21, 0x23, 0xe3, 0x33,
  0xc1, 0x2a, 0x80, 0x12, 0xe6, 0x65, 0xf9, 0xdf, 0x47, 0x3d, 0xe1, 0x13, 0x02, 0x14, 0x02, 0x1c,
  0x83, 0x24, 0xe1, 0x13, 0x81, 0x13, 0x80, 0x0b, 0x41, 0x0b, 0x40, 0x02, 0x07, 0x46, 0xff, 0xff,
  0xfe, 0xf7, 0xae, 0x6f, 0xad, 0x5f, 0xf2, 0x8f, 0xf5, 0xb7, 0xf2, 0x97, 0xf2, 0xa7, 0xf2, 0xa7,
  0xf3, 0xaf, 0xf3, 0xaf, 0xd1, 0x97, 0xd1, 0x8f, 0xf5, 0xb7, 0xfc, 0xef, 0x4e, 0x77, 0xc0, 0x01,
  0x21, 0x0b, 0xc0, 0x02, 0xc1, 0x0b, 0x01, 0x0b, 0x02, 0x25, 0xe0, 0x02, 0x00, 0x02, 0x40, 0x02,
  0xc0, 0x01, 0x41, 0x0b, 0x00, 0x0b, 0xc0, 0x01, 0x00, 0x02, 0x60, 0x02, 0x40, 0x02, 0xe0, 0x01,
  0xe0, 0x01, 0x20, 0x02, 0xe0, 0x01, 0x41, 0x13, 0x41, 0x0b, 0xa0, 0x01, 0xc1, 0x0b, 0x40, 0x03,
  0x67, 0x45, 0x0e, 0x6e, 0xac, 0x5d, 0xd7, 0xc7, 0xfa, 0xdf, 0x79, 0xcf, 0x34, 0xa7, 0x53, 0x97,
  0x52, 0x97, 0xf2, 0x8e, 0x8f, 0x7e, 0x6f, 0x76, 0x8f, 0x7e, 0xb0, 0x86, 0x6e, 0x86, 0x8f, 0x86,
  0xb0, 0x86, 0xd2, 0x8e, 0x97, 0xbf, 0x98, 0xc7, 0x77, 0xbf, 0x98, 0xc7, 0x78, 0xcf, 0x77, 0xbf,
  0xb9, 0xcf, 0xb1, 0x9e, 0x60, 0x02, 0x22, 0x14, 0x82, 0x14, 0xa2, 0x14, 0x80, 0x03, 0xe5, 0x34,
  0xfe, 0xff, 0xdb, 0xd7, 0xcf, 0x67, 0xf4, 0x97, 0xf4, 0x97, 0xd0, 0x77, 0xd1, 0x7f, 0xd2, 0x87,
  0xd0, 0x77, 0xd0, 0x77, 0xb0, 0x77, 0xb0, 0x6f, 0xd0, 0x77, 0xf6, 0xaf, 0xff, 0xff, 0x16, 0xaf,
  0xc0, 0x02, 0xa1, 0x0b, 0xc0, 0x02, 0x61, 0x03, 0xe3, 0x1c, 0x60, 0x03, 0x01, 0x14, 0xc1, 0x0b,
  0x20, 0x03, 0x80, 0x02, 0xa0, 0x02, 0xa0, 0x02, 0x60, 0x02, 0x41, 0x0b, 0xa1, 0x0b, 0xc1, 0x0b,
  0x80, 0x02, 0x00, 0x02, 0xc0, 0x02, 0xa0, 0x02, 0xa0, 0x02, 0xa0, 0x02, 0x80, 0x02, 0xa0, 0x02,
  0xe0, 0x0a, 0xc0, 0x02, 0x60, 0x02, 0xa0, 0x02, 0x41, 0x0b, 0x21, 0x0b, 0x60, 0x02, 0x80, 0x02,
  0x00, 0x03, 0x80, 0x03, 0xa0, 0x0b, 0x41, 0x14, 0x21, 0x0c, 0xa1, 0x14, 0x21, 0x0c, 0xa0, 0x0b,
  0x21, 0x0c, 0x81, 0x0b, 0xc1, 0x0b, 0xdc, 0xe7, 0xff, 0xff, 0xf6, 0xbf, 0xf4, 0xa7, 0xf4, 0xaf,
  0xf3, 0x9f, 0xf5, 0xaf, 0xf4, 0xaf, 0xf5, 0xaf, 0xf8, 0xcf, 0xf5, 0xaf, 0xf9, 0xcf, 0xf8, 0xc7,
  0xf9, 0xcf, 0xfc, 0xe7, 0xfd, 0xf7, 0xcd, 0x6d, 0x40, 0x03, 0x40, 0x0b, 0x44, 0x2d, 0x46, 0x3e,
  0x65, 0x3e, 0xec, 0x6f, 0x85, 0x35, 0x01, 0x13, 0x40, 0x0a, 0x61, 0x1b, 0x81, 0x23, 0xc0, 0x1a,
  0x60, 0x1a, 0xe1, 0x1a, 0x21, 0x23, 0x41, 0x2b, 0xe0, 0x03, 0x60, 0x23, 0xe0, 0x01, 0xa1, 0x22,
  0xe1, 0x22, 0xa2, 0x32, 0xe0, 0x07, 0x00, 0x00, 0x00, 0x00, 0x00, 0x00, 0x61, 0x1a, 0x81, 0x22,
  0xa0, 0x2a, 0x00, 0x00, 0x00, 0x00, 0x00, 0x00, 0x00, 0x00, 0x00, 0x00, 0x00, 0x00, 0x00, 0x00,
  0x00, 0x00, 0x00, 0x00, 0x00, 0x00, 0x00, 0x00, 0x00, 0x00, 0xe0, 0x03, 0x00, 0x00, 0x40, 0x22,
  0x01, 0x12, 0xe0, 0x19, 0x80, 0x31, 0x00, 0x00, 0x00, 0x00, 0x00, 0x00, 0x00, 0x00, 0x00, 0x00,
  0x00, 0x00, 0x00, 0x00, 0x00, 0x00, 0x00, 0x00, 0x00, 0x00, 0x00, 0x00, 0x00, 0x00, 0x00, 0x00,
  0x00, 0x00, 0x00, 0x00, 0x00, 0x00, 0x00, 0x00, 0x00, 0x00, 0x00, 0x00, 0x00, 0x00, 0x00, 0x00,
  0x00, 0x00, 0x00, 0x00, 0x41, 0x2a, 0x41, 0x2a, 0x00, 0x00, 0x00, 0x00, 0x00, 0x00, 0xa0, 0x52,
  0x00, 0x00, 0x00, 0x00, 0x00, 0x00, 0x00, 0x00, 0x00, 0x00, 0x00, 0x00, 0x00, 0x00, 0x00, 0x00,
  0x00, 0x00, 0x00, 0x00, 0x00, 0x00, 0x00, 0x00, 0x00, 0x00, 0x00, 0x00, 0x00, 0x00, 0x00, 0x00,
  0x00, 0x00, 0x00, 0x00, 0x00, 0x00, 0x00, 0x00, 0x00, 0x00, 0x00, 0x00, 0x82, 0x2b, 0x62, 0x33,
  0x21, 0x2b, 0xa2, 0x33, 0xc0, 0x1a, 0xe1, 0x22, 0xa1, 0x1b, 0x28, 0x56, 0x25, 0x35, 0xe0, 0x0a,
  0x22, 0x14, 0x44, 0x2d, 0xa3, 0x24, 0xe3, 0x24, 0x22, 0x1c, 0x00, 0x03, 0x21, 0x0b, 0x60, 0x02,
  0x09, 0x4e, 0xff, 0xff, 0xfc, 0xe7, 0xce, 0x6f, 0xef, 0x77, 0xf2, 0x8f, 0xf3, 0xa7, 0xf1, 0x8f,
  0xf1, 0x8f, 0xf2, 0x9f, 0xf2, 0x9f, 0xf3, 0xaf, 0xf2, 0xa7, 0xd0, 0x87, 0xf4, 0xb7, 0xfd, 0xff,
  0x8c, 0x66, 0x60, 0x02, 0x61, 0x0b, 0xe0, 0x02, 0x21, 0x14, 0x21, 0x0b, 0xe2, 0x1c, 0x80, 0x0b,
  0x80, 0x01, 0x20, 0x02, 0x40, 0x02, 0x01, 0x1c, 0xe1, 0x0a, 0xa0, 0x01, 0x20, 0x02, 0x40, 0x02,
  0x20, 0x02, 0x00, 0x02, 0x20, 0x02, 0x00, 0x02, 0xa0, 0x01, 0xc3, 0x24, 0xc1, 0x13, 0x20, 0x02,
  0x80, 0x0b, 0xe0, 0x02, 0x2d, 0x7e, 0xff, 0xff, 0xff, 0xff, 0xde, 0xff, 0xff, 0xf7, 0xff, 0xff,
  0xfe, 0xff, 0xff, 0xff, 0xff, 0xff, 0xff, 0xff, 0xff, 0xff, 0xff, 0xff, 0xff, 0xff, 0xff, 0xff,
  0xff, 0xff, 0xff, 0xff, 0xff, 0xff, 0xff, 0xff, 0xff, 0xff, 0xff, 0xff, 0xff, 0xff, 0xff, 0xff,
  0xfd, 0xef, 0xfd, 0xef, 0xff, 0xff, 0xfa, 0xd7, 0xc0, 0x0b, 0xa1, 0x0b, 0xa2, 0x14, 0xe3, 0x1c,
  0x40, 0x03, 0x49, 0x4d, 0xff, 0xff, 0xd8, 0xc7, 0xcf, 0x67, 0xd4, 0x8f, 0xd3, 0x8f, 0xd0, 0x6f,
  0xd1, 0x77, 0xd2, 0x87, 0xd0, 0x77, 0xd0, 0x77, 0xd0, 0x6f, 0xb0, 0x77, 0xd1, 0x7f, 0xf5, 0xaf,
  0xff, 0xff, 0xf5, 0xae, 0xa0, 0x02, 0x61, 0x0b, 0xc0, 0x02, 0x40, 0x03, 0x82, 0x14, 0xe0, 0x02,
  0xa2, 0x1c, 0xe1, 0x13, 0x00, 0x03, 0xc0, 0x02, 0x80, 0x02, 0xa0, 0x02, 0xc0, 0x02, 0x21, 0x0b,
  0x60, 0x0b, 0x45, 0x3e, 0xa6, 0x3d, 0x80, 0x0a, 0x60, 0x02, 0x80, 0x02, 0xa0, 0x02, 0x80, 0x02,
  0x80, 0x02, 0x60, 0x02, 0xe0, 0x0a, 0x41, 0x13, 0xe0, 0x02, 0xa1, 0x13, 0xa1, 0x13, 0xe0, 0x02,
  0xa0, 0x02, 0x60, 0x02, 0x20, 0x03, 0x80, 0x0b, 0xc1, 0x0b, 0x41, 0x14, 0x41, 0x0c, 0xa2, 0x14,
  0xa0, 0x03, 0xc1, 0x0b, 0xe1, 0x0b, 0x40, 0x03, 0xa6, 0x34, 0xfe, 0xf7, 0xdc, 0xef, 0xf3, 0x97,
  0xf4, 0xa7, 0xf3, 0x9f, 0xd2, 0x8f, 0xf3, 0x97, 0xf2, 0x8f, 0xef, 0x77, 0xef, 0x77, 0xd1, 0x87,
  0xf2, 0x97, 0xd0, 0x7f, 0xfc, 0xef, 0xfb, 0xe7, 0xfc, 0xe7, 0x23, 0x1c, 0xc0, 0x0b, 0x02, 0x1c,
  0xa4, 0x2d, 0x25, 0x36, 0xe4, 0x35, 0xe5, 0x3d, 0x04, 0x2d, 0xa1, 0x1b, 0x82, 0x23, 0x21, 0x1b,
  0x82, 0x23, 0xe1, 0x22, 0x80, 0x1a, 0xc1, 0x1a, 0x00, 0x00, 0x20, 0x1b, 0xe0, 0x07, 0xe1, 0x1a,
  0xc2, 0x22, 0x02, 0x23, 0xa1, 0x1a, 0x00, 0x00, 0x00, 0x00, 0x00, 0x00, 0xe0, 0x07, 0x00, 0x00,
  0xc1, 0x1a, 0x81, 0x22, 0x00, 0x00, 0x00, 0x00, 0x00, 0x00, 0x00, 0x00, 0x00, 0x00, 0x00, 0x00,
  0x00, 0x00, 0x00, 0x00, 0x00, 0x00, 0x00, 0x00, 0x00, 0x00, 0xe0, 0x03, 0x00, 0x00, 0x80, 0x31,
  0x00, 0x00, 0xa0, 0x02, 0x40, 0x29, 0xa0, 0x02, 0x00, 0x00, 0x00, 0x00, 0x00, 0x00, 0x00, 0x00,
  0x00, 0x00, 0x00, 0x00, 0x00, 0x00, 0x00, 0x00, 0x00, 0x00, 0x00, 0x00, 0x00, 0x00, 0x00, 0x00,
  0x00, 0x00, 0x00, 0x00, 0x00, 0x00, 0x00, 0x00, 0x00, 0x00, 0x00, 0x00, 0x00, 0x00, 0xe0, 0x39,
  0x00, 0x00, 0x00, 0x00, 0x00, 0x00, 0x00, 0x00, 0x00, 0x00, 0x00, 0x00, 0x00, 0x00, 0x00, 0x00,
  0xe0, 0x03, 0x00, 0x00, 0x00, 0x00, 0x00, 0x00, 0x00, 0x00, 0x00, 0x00, 0x00, 0x00, 0x00, 0x00,
  0x00, 0x00, 0x00, 0x00, 0x00, 0x00, 0x00, 0x00, 0x00, 0x00, 0x00, 0x00, 0x00, 0x00, 0x00, 0x00,
  0x00, 0x00, 0x00, 0x00, 0x00, 0x00, 0x00, 0x00, 0x00, 0x00, 0xe0, 0x07, 0x00, 0x00, 0x00, 0x00,
  0x82, 0x33, 0x21, 0x2b, 0x02, 0x2b, 0x01, 0x2b, 0xc0, 0x22, 0x22, 0x23, 0xa0, 0x12, 0x60, 0x0b,
  0x82, 0x1b, 0x40, 0x0a, 0x02, 0x1c, 0x82, 0x1c, 0x02, 0x1c, 0x22, 0x1c, 0xa3, 0x24, 0xe0, 0x0a,
  0x61, 0x13, 0x80, 0x02, 0x09, 0x56, 0xff, 0xff, 0xda, 0xd7, 0x8c, 0x57, 0xcf, 0x6f, 0xf1, 0x7f,
  0xf1, 0x8f, 0xf2, 0x9f, 0xf2, 0x97, 0xf1, 0x8f, 0xf0, 0x87, 0xf2, 0x9f, 0xf1, 0x9f, 0xd1, 0x8f,
  0xf6, 0xbf, 0xfe, 0xff, 0xce, 0x76, 0x80, 0x02, 0xa1, 0x0b, 0xc0, 0x02, 0x82, 0x1c, 0x21, 0x0b,
  0x01, 0x14, 0x62, 0x14, 0x60, 0x01, 0x40, 0x02, 0xa0, 0x02, 0x81, 0x0b, 0x01, 0x0b, 0x60, 0x01,
  0xe0, 0x01, 0x20, 0x02, 0x20, 0x02, 0xe0, 0x01, 0x20, 0x02, 0x00, 0x02, 0xe0, 0x01, 0xc0, 0x02,
  0xc0, 0x02, 0xc0, 0x02, 0xe0, 0x02, 0x60, 0x02, 0x80, 0x0b, 0x8c, 0x5e, 0x79, 0xbf, 0xff, 0xff,
  0xff, 0xff, 0xfd, 0xef, 0xfd, 0xef, 0xfe, 0xf7, 0xfd, 0xf7, 0xfe, 0xf7, 0xfe, 0xf7, 0xfe, 0xf7,
  0xfe, 0xf7, 0xfd, 0xef, 0xfc, 0xdf, 0xfd, 0xe7, 0xfd, 0xef, 0xfd, 0xef, 0xfc, 0xe7, 0xfa, 0xd7,
  0xfa, 0xc7, 0xfb, 0xd7, 0xb6, 0xaf, 0xd6, 0xa7, 0xfd, 0xef, 0xd9, 0xc7, 0x60, 0x03, 0xa1, 0x0b,
  0xe2, 0x14, 0x03, 0x1d, 0x00, 0x03, 0x8a, 0x55, 0xff, 0xff, 0xd7, 0xb7, 0xcf, 0x67, 0xf3, 0x87,
  0xd2, 0x7f, 0xd2, 0x7f, 0xd1, 0x77, 0xd1, 0x7f, 0xd0, 0x77, 0xd1, 0x77, 0xd0, 0x77, 0xb0, 0x77,
  0xd0, 0x77, 0xf4, 0x9f, 0xff, 0xff, 0xb7, 0xb7, 0x21, 0x0c, 0x40, 0x0b, 0xe0, 0x02, 0xa1, 0x0b,
  0x82, 0x14, 0xe0, 0x02, 0x03, 0x1d, 0x22, 0x14, 0x00, 0x03, 0x80, 0x02, 0xa0, 0x02, 0x80, 0x02,
  0xe0, 0x02, 0x01, 0x03, 0x20, 0x03, 0x41, 0x14, 0x26, 0x46, 0x63, 0x24, 0xa0, 0x02, 0x80, 0x02,
  0x20, 0x02, 0x40, 0x02, 0xa0, 0x02, 0xc0, 0x02, 0x60, 0x02, 0xe0, 0x02, 0x41, 0x0b, 0x00, 0x03,
  0x81, 0x13, 0x81, 0x13, 0x80, 0x02, 0x40, 0x02, 0x20, 0x03, 0x40, 0x0b, 0xc1, 0x0b, 0xe1, 0x0b,
  0x21, 0x0c, 0x41, 0x0c, 0xa0, 0x03, 0xa0, 0x0b, 0x02, 0x14, 0x40, 0x03, 0xed, 0x75, 0xff, 0xff,
  0xd9, 0xd7, 0xf2, 0x97, 0xd3, 0x97, 0xd1, 0x7f, 0xd1, 0x87, 0xd2, 0x8f, 0xd2, 0x8f, 0xd1, 0x87,
  0xd0, 0x7f, 0xd0, 0x77, 0xce, 0x6f, 0xd2, 0x8f, 0xfd, 0xef, 0xfc, 0xef, 0xb8, 0xbf, 0x01, 0x03,
  0xe0, 0x0b, 0xe3, 0x24, 0x45, 0x3e, 0x07, 0x4f, 0xc4, 0x35, 0x81, 0x13, 0x22, 0x1c, 0xe1, 0x0a,
  0x00, 0x0a, 0x21, 0x1b, 0x01, 0x1b, 0xc1, 0x22, 0x42, 0x2b, 0x62, 0x23, 0x40, 0x22, 0x20, 0x33,
  0xa0, 0x2a, 0x44, 0x22, 0x00, 0x00, 0xe0, 0x07, 0x00, 0x00, 0xe5, 0x03, 0x00, 0x00, 0x00, 0x00,
  0xe0, 0x39, 0xe0, 0x39, 0x00, 0x00, 0x00, 0x00, 0x00, 0x00, 0x00, 0x00, 0x00, 0x00, 0x00, 0x00,
  0x00, 0x00, 0x00, 0x00, 0x00, 0x00, 0x00, 0x00, 0x00, 0x00, 0x00, 0x00, 0x00, 0x00, 0xa3, 0x1a,
  0xe0, 0x39, 0x00, 0x00, 0x00, 0x00, 0x00, 0x00, 0x00, 0x00, 0x00, 0x00, 0x00, 0x00, 0x00, 0x00,
  0x00, 0x00, 0x00, 0x00, 0x00, 0x00, 0x00, 0x00, 0x00, 0x00, 0x00, 0x00, 0x00, 0x00, 0x00, 0x00,
  0x00, 0x00, 0x00, 0x00, 0x00, 0x00, 0x00, 0x00, 0x00, 0x00, 0x00, 0x00, 0x00, 0x00, 0x00, 0x00,
  0x00, 0x00, 0xe0, 0x7b, 0x00, 0x00, 0x00, 0x00, 0x00, 0x00, 0x00, 0x00, 0x00, 0x00, 0x00, 0x00,
  0x00, 0x00, 0x00, 0x00, 0x00, 0x00, 0x00, 0x00, 0x00, 0x00, 0x00, 0x00, 0x00, 0x00, 0x00, 0x00,
  0x00, 0x00, 0x00, 0x00, 0x00, 0x00, 0x00, 0x00, 0x00, 0x00, 0x00, 0x00, 0x00, 0x00, 0x00, 0x00,
  0x00, 0x00, 0x00, 0x00, 0x00, 0x00, 0x00, 0x00, 0x00, 0x00, 0x00, 0x00, 0x00, 0x00, 0x00, 0x00,
  0xe0, 0x07, 0xef, 0x7b, 0x62, 0x2b, 0xe1, 0x22, 0xa1, 0x22, 0xc1, 0x22, 0x41, 0x2b, 0x20, 0x12,
  0x40, 0x0a, 0x01, 0x1b, 0x80, 0x09, 0x81, 0x0a, 0x63, 0x24, 0x04, 0x2d, 0x22, 0x1c, 0x81, 0x0b,
  0x81, 0x13, 0xe0, 0x0a, 0x61, 0x0b, 0x40, 0x02, 0x28, 0x56, 0xff, 0xff, 0xf7, 0xc7, 0xac, 0x57,
  0xcf, 0x77, 0xf1, 0x87, 0xf1, 0x97, 0xf3, 0x9f, 0xf2, 0x97, 0xcf, 0x87, 0xf0, 0x8f, 0xf1, 0x8f,
  0xf0, 0x87, 0xd1, 0x97, 0xd6, 0xbf, 0xfe, 0xff, 0x14, 0xaf, 0x20, 0x02, 0xc2, 0x13, 0x00, 0x0b,
  0x42, 0x1c, 0x00, 0x0b, 0x00, 0x03, 0x83, 0x25, 0xa1, 0x0a, 0x00, 0x02, 0x20, 0x02, 0x61, 0x0b,
  0xc7, 0x4e, 0xc2, 0x1b, 0x80, 0x01, 0x20, 0x02, 0x40, 0x02, 0x20, 0x02, 0x00, 0x02, 0xe0, 0x01,
  0xc0, 0x01, 0xe0, 0x0a, 0xe0, 0x02, 0xe0, 0x02, 0xc0, 0x0a, 0x81, 0x13, 0xc0, 0x0a, 0xe0, 0x02,
  0xa2, 0x03, 0x8b, 0x45, 0x7a, 0xcf, 0xff, 0xff, 0xfc, 0xd7, 0xd9, 0xbf, 0xdd, 0xe7, 0xda, 0xcf,
  0x75, 0x97, 0x95, 0x97, 0xd6, 0x8f, 0xd5, 0x8f, 0xf6, 0x97, 0x93, 0x6f, 0x30, 0x57, 0x94, 0x77,
  0xd7, 0x87, 0xd6, 0x87, 0xb4, 0x77, 0x71, 0x5f, 0x2c, 0x37, 0xb6, 0xa7, 0xfe, 0xf7, 0xd4, 0x9e,
  0x80, 0x02, 0xe1, 0x0b, 0x81, 0x0c, 0xc3, 0x14, 0x40, 0x03, 0xec, 0x65, 0xff, 0xff, 0xd6, 0xaf,
  0xcf, 0x5f, 0xd1, 0x77, 0xd2, 0x7f, 0xf3, 0x87, 0xd1, 0x77, 0xd0, 0x6f, 0xd0, 0x6f, 0xd0, 0x6f,
  0xb0, 0x6f, 0xb0, 0x6f, 0xb0, 0x6f, 0xf6, 0xaf, 0xff, 0xff, 0xfc, 0xd7, 0x49, 0x35, 0x20, 0x03,
  0x00, 0x03, 0xe2, 0x13, 0x42, 0x14, 0x00, 0x03, 0xa4, 0x2d, 0x84, 0x35, 0x00, 0x03, 0xa0, 0x02,
  0x81, 0x13, 0x81, 0x0b, 0x20, 0x0b, 0xa0, 0x02, 0x81, 0x0b, 0xc1, 0x0b, 0xc0, 0x02, 0xa0, 0x02,
  0xe0, 0x02, 0x43, 0x24, 0x84, 0x23, 0x21, 0x0b, 0x80, 0x02, 0x80, 0x02, 0x60, 0x02, 0xa0, 0x02,
  0xa0, 0x02, 0xe0, 0x02, 0x00, 0x0b, 0xc0, 0x02, 0xc0, 0x02, 0xa0, 0x02, 0x81, 0x0b, 0x20, 0x03,
  0x21, 0x14, 0x61, 0x14, 0x01, 0x0c, 0xc1, 0x0b, 0xa1, 0x0b, 0x80, 0x0b, 0xe2, 0x13, 0x20, 0x03,
  0xf3, 0x9e, 0xff, 0xff, 0xd7, 0xc7, 0xd1, 0x8f, 0xd2, 0x8f, 0xd1, 0x7f, 0xd1, 0x7f, 0xd1, 0x7f,
  0xd0, 0x77, 0xd0, 0x77, 0xaf, 0x77, 0xaf, 0x6f, 0xac, 0x57, 0xd4, 0x9f, 0xfb, 0xe7, 0xfe, 0xf7,
  0xad, 0x6d, 0x40, 0x02, 0x82, 0x1c, 0xa4, 0x2d, 0x04, 0x36, 0x69, 0x5f, 0x84, 0x35, 0xe0, 0x0a,
  0xe2, 0x1b, 0xe1, 0x12, 0x00, 0x0a, 0xe1, 0x12, 0x21, 0x1b, 0xa1, 0x1a, 0x81, 0x1a, 0x80, 0x4c,
  0x20, 0x33, 0xa0, 0x2a, 0xe3, 0x1a, 0x00, 0x00, 0x00, 0x00, 0x20, 0x33, 0x20, 0x03, 0xa0, 0x2a,
  0x00, 0x00, 0x00, 0x00, 0xa0, 0x2a, 0xa0, 0x02, 0xe0, 0x3b, 0xa0, 0x02, 0x00, 0x00, 0x00, 0x00,
  0x00, 0x00, 0x00, 0x00, 0x00, 0x00, 0x00, 0x00, 0x00, 0x00, 0x00, 0x00, 0x00, 0x00, 0x00, 0x00,
  0x00, 0x00, 0xe0, 0x01, 0x63, 0x32, 0xa0, 0x02, 0x00, 0x00, 0x00, 0x00, 0x00, 0x00, 0x00, 0x00,
  0x00, 0x00, 0x00, 0x00, 0x00, 0x00, 0x00, 0x00, 0x00, 0x00, 0x00, 0x00, 0x00, 0x00, 0x00, 0x00,
  0x00, 0x00, 0x00, 0x00, 0x00, 0x00, 0x00, 0x00, 0x00, 0x00, 0x00, 0x00, 0x00, 0x00, 0x00, 0x00,
  0x00, 0x00, 0x00, 0x00, 0x00, 0x00, 0x00, 0x00, 0x00, 0x00, 0x00, 0x00, 0x00, 0x00, 0x00, 0x00,
  0x00, 0x00, 0x00, 0x00, 0x00, 0x00, 0x00, 0x00, 0x00, 0x00, 0x00, 0x00, 0x00, 0x00, 0x00, 0x00,
  0x00, 0x00, 0x00, 0x00, 0x00, 0x00, 0x00, 0x00, 0x00, 0x00, 0x00, 0x00, 0x00, 0x00, 0x00, 0x00,
  0x00, 0x00, 0x00, 0x00, 0x00, 0x00, 0x00, 0x00, 0x00, 0x00, 0x00, 0x00, 0x00, 0x00, 0x00, 0x00,
  0x00, 0x00, 0x00, 0x00, 0x00, 0x00, 0x00, 0x00, 0xc1, 0x2b, 0x02, 0x2b, 0xe1, 0x22, 0x01, 0x2b,
  0xc1, 0x22, 0xc1, 0x22, 0x61, 0x12, 0xc1, 0x12, 0x61, 0x1b, 0xc1, 0x12, 0xa1, 0x13, 0x44, 0x2d,
  0x02, 0x14, 0xc1, 0x13, 0xa0, 0x0a, 0x60, 0x02, 0x41, 0x0b, 0xc0, 0x02, 0xc7, 0x45, 0xfd, 0xf7,
  0xf7, 0xc7, 0xae, 0x67, 0xae, 0x67, 0xcf, 0x77, 0xf3, 0x9f, 0xf3, 0x9f, 0xf2, 0xa7, 0xf3, 0xb7,
  0xf2, 0xaf, 0xd0, 0x8f, 0xd1, 0x97, 0x8e, 0x6f, 0xb4, 0xb7, 0xff, 0xff, 0x74, 0xa6, 0x80, 0x01,
  0x22, 0x13, 0x21, 0x0b, 0xe1, 0x13, 0x01, 0x14, 0xc1, 0x0b, 0xe3, 0x1c, 0x41, 0x0b, 0xc0, 0x01,
  0x80, 0x02, 0x60, 0x02, 0x46, 0x46, 0x22, 0x1c, 0x40, 0x01, 0x20, 0x02, 0x40, 0x02, 0x40, 0x02,
  0x20, 0x02, 0x00, 0x02, 0x00, 0x02, 0x62, 0x24, 0x21, 0x0b, 0x40, 0x02, 0xe1, 0x0a, 0x43, 0x24,
  0x82, 0x13, 0xe4, 0x24, 0x60, 0x02, 0x20, 0x02, 0xa0, 0x02, 0xd2, 0x8e, 0xfc, 0xd7, 0x71, 0x7f,
  0x70, 0x67, 0xd3, 0x7f, 0xb2, 0x77, 0xb2, 0x77, 0xb2, 0x6f, 0xb1, 0x57, 0xb0, 0x4f, 0xd3, 0x6f,
  0xb1, 0x57, 0xaf, 0x47, 0xb0, 0x4f, 0xd1, 0x5f, 0xb2, 0x6f, 0xd5, 0x87, 0xaf, 0x57, 0xd9, 0xc7,
  0xfd, 0xff, 0xa7, 0x44, 0xe0, 0x02, 0x42, 0x0c, 0x21, 0x0c, 0xa3, 0x14, 0x80, 0x03, 0x4c, 0x66,
  0xff, 0xff, 0xd4, 0x9f, 0xce, 0x57, 0xf1, 0x6f, 0xf4, 0x97, 0xd3, 0x87, 0xaf, 0x67, 0xb0, 0x6f,
  0xf1, 0x77, 0xd1, 0x7f, 0x8f, 0x67, 0xd1, 0x7f, 0xce, 0x67, 0xd5, 0xa7, 0xff, 0xff, 0x37, 0xbf,
  0x00, 0x03, 0x81, 0x0b, 0x20, 0x03, 0xc1, 0x0b, 0x01, 0x0c, 0xa0, 0x03, 0xe5, 0x35, 0x67, 0x3e,
  0x40, 0x02, 0x22, 0x0b, 0x42, 0x1c, 0xc2, 0x13, 0x26, 0x3e, 0x60, 0x03, 0xe2, 0x13, 0xa2, 0x1c,
  0x40, 0x03, 0x20, 0x0b, 0x00, 0x02, 0x88, 0x4d, 0xfd, 0xf7, 0xa9, 0x4c, 0x20, 0x03, 0x81, 0x13,
  0xa0, 0x02, 0x01, 0x0b, 0xc0, 0x02, 0xa0, 0x02, 0xa0, 0x02, 0xa0, 0x02, 0xe0, 0x02, 0x00, 0x03,
  0x20, 0x03, 0xa1, 0x0b, 0x01, 0x0c, 0x03, 0x1d, 0xe1, 0x0b, 0x60, 0x03, 0xa1, 0x0b, 0x81, 0x0b,
  0xe0, 0x02, 0x63, 0x1b, 0xfc, 0xe7, 0xfe, 0xf7, 0xf7, 0xcf, 0xd4, 0xa7, 0xf3, 0x9f, 0xd3, 0x9f,
  0xd1, 0x7f, 0xd0, 0x77, 0xaf, 0x6f, 0x8e, 0x67, 0xb1, 0x87, 0xaf, 0x77, 0x8d, 0x5f, 0xda, 0xd7,
  0xfe, 0xf7, 0xdb, 0xe7, 0x82, 0x1b, 0xe2, 0x13, 0x43, 0x25, 0x24, 0x36, 0x05, 0x36, 0x66, 0x3e,
  0x23, 0x25, 0x42, 0x24, 0xc1, 0x12, 0x01, 0x1b, 0x21, 0x23, 0xe1, 0x22, 0xc1, 0x1a, 0xc1, 0x1a,
  0x81, 0x1a, 0x45, 0x55, 0x23, 0x33, 0x20, 0x33, 0xe0, 0x03, 0x00, 0x00, 0xe0, 0x03, 0xe0, 0x7b,
  0x00, 0x00, 0xa0, 0x02, 0x00, 0x00, 0xe0, 0x39, 0xe0, 0x03, 0xe0, 0x03, 0xa0, 0x02, 0x00, 0x78,
  0xe0, 0x39, 0xe0, 0x7b, 0x00, 0x00, 0xa0, 0x02, 0x20, 0x33, 0xe0, 0x3a, 0xa0, 0x52, 0x00, 0x00,
  0x20, 0x03, 0x00, 0x00, 0xe0, 0x03, 0xa0, 0x02, 0xe0, 0x07, 0xe0, 0x3b, 0x00, 0x00, 0x00, 0x00,
  0x00, 0x00, 0x00, 0x00, 0xe0, 0x03, 0xe0, 0x7b, 0x00, 0x00, 0x00, 0x00, 0x00, 0x00, 0xe0, 0x03,
  0x00, 0x00, 0x00, 0x00, 0x00, 0x00, 0x00, 0x00, 0x00, 0x00, 0x00, 0x00, 0x00, 0x00, 0x00, 0x00,
  0x00, 0x00, 0x00, 0x00, 0x00, 0x00, 0x00, 0x00, 0x00, 0x00, 0x00, 0x00, 0x00, 0x00, 0x00, 0x00,
  0x00, 0x00, 0x00, 0x00, 0x00, 0x00, 0x00, 0x00, 0x00, 0x00, 0x00, 0x00, 0x00, 0x00, 0x00, 0x00,
  0x00, 0x00, 0x00, 0x00, 0x00, 0x00, 0x00, 0x00, 0x00, 0x00, 0x00, 0x00, 0x00, 0x00, 0x00, 0x00,
  0x00, 0x00, 0x00, 0x00, 0x00, 0x00, 0x00, 0x00, 0x00, 0x00, 0x00, 0x00, 0x00, 0x00, 0x00, 0x00,
  0x00, 0x00, 0x00, 0x00, 0x00, 0x00, 0x00, 0x00, 0x00, 0x00, 0x00, 0x00, 0x64, 0x23, 0xe2, 0x2a,
  0xa1, 0x22, 0x60, 0x1a, 0x41, 0x2b, 0x80, 0x1a, 0xa1, 0x12, 0x41, 0x1b, 0xc1, 0x0a, 0x82, 0x1b,
  0xa1, 0x13, 0xc3, 0x24, 0x02, 0x1c, 0xe0, 0x0a, 0x40, 0x02, 0xa0, 0x02, 0x61, 0x0b, 0x80, 0x02,
  0x06, 0x3e, 0xfc, 0xef, 0xd6, 0xbf, 0xad, 0x57, 0xae, 0x67, 0xce, 0x6f, 0xae, 0x6f, 0xd0, 0x7f,
  0xf4, 0xb7, 0xf5, 0xc7, 0xf4, 0xc7, 0xf4, 0xbf, 0xf3, 0xaf, 0x8f, 0x77, 0x91, 0x9f, 0xfe, 0xff,
  0xf5, 0xae, 0x80, 0x02, 0x21, 0x13, 0x61, 0x0b, 0xc1, 0x13, 0xe1, 0x13, 0x42, 0x14, 0x62, 0x14,
  0xa1, 0x13, 0x20, 0x02, 0x00, 0x02, 0xe2, 0x12, 0x66, 0x3e, 0x23, 0x1c, 0xa0, 0x01, 0x60, 0x02,
  0x20, 0x02, 0x20, 0x02, 0x60, 0x02, 0x20, 0x02, 0xe1, 0x0a, 0x61, 0x0b, 0x20, 0x02, 0x00, 0x02,
  0xa0, 0x02, 0xa0, 0x02, 0xc1, 0x0a, 0x82, 0x1c, 0x41, 0x03, 0x41, 0x03, 0x21, 0x03, 0x80, 0x02,
  0xf4, 0x96, 0xf7, 0xa7, 0xb1, 0x6f, 0x91, 0x5f, 0xd5, 0x7f, 0xd5, 0x87, 0xf7, 0x97, 0xd4, 0x77,
  0xd2, 0x67, 0xd2, 0x67, 0xd3, 0x67, 0xd0, 0x5f, 0xaf, 0x4f, 0xf2, 0x77, 0xf3, 0x77, 0xf2, 0x6f,
  0x6e, 0x47, 0xb7, 0xaf, 0xfb, 0xe7, 0x84, 0x23, 0xa0, 0x02, 0x42, 0x14, 0x41, 0x0c, 0xa3, 0x14,
  0x60, 0x03, 0xeb, 0x5d, 0xff, 0xff, 0xd3, 0x8f, 0xcf, 0x67, 0xf2, 0x7f, 0xf5, 0x97, 0xd2, 0x7f,
  0xcf, 0x67, 0xd0, 0x6f, 0xf1, 0x77, 0xd1, 0x7f, 0xd1, 0x77, 0xf4, 0x97, 0xf2, 0x87, 0xf8, 0xcf,
  0xff, 0xff, 0x78, 0xc7, 0x01, 0x0b, 0xc1, 0x0b, 0x61, 0x03, 0xa1, 0x0b, 0x01, 0x0c, 0xc1, 0x0b,
  0x23, 0x1d, 0x45, 0x2e, 0xe1, 0x0b, 0x21, 0x0b, 0xe1, 0x0b, 0xe6, 0x3c, 0xf2, 0x9f, 0x20, 0x04,
  0x20, 0x03, 0x63, 0x1c, 0xa1, 0x13, 0xc0, 0x02, 0x41, 0x0b, 0xc0, 0x02, 0x43, 0x23, 0x82, 0x13,
  0x42, 0x1c, 0xc0, 0x02, 0x00, 0x0b, 0x20, 0x0b, 0xe0, 0x0a, 0xe0, 0x0a, 0x80, 0x02, 0x21, 0x0b,
  0xc0, 0x02, 0xe0, 0x02, 0x81, 0x0b, 0xc1, 0x0b, 0x01, 0x0c, 0xc2, 0x1c, 0x80, 0x0b, 0x60, 0x0b,
  0x81, 0x0b, 0x81, 0x0b, 0x80, 0x02, 0x6a, 0x55, 0xff, 0xff, 0xda, 0xdf, 0xd3, 0x9f, 0xd3, 0x97,
  0xb0, 0x7f, 0xd3, 0x97, 0xb0, 0x77, 0xaf, 0x6f, 0xaf, 0x6f, 0x8f, 0x67, 0xb1, 0x7f, 0xae, 0x5f,
  0xb2, 0x87, 0xfd, 0xef, 0xff, 0xff, 0x72, 0x9e, 0x60, 0x02, 0xc2, 0x13, 0x23, 0x25, 0x65, 0x36,
  0xc6, 0x3e, 0xa4, 0x2d, 0xa0, 0x0b, 0xc2, 0x24, 0x42, 0x2c, 0xc1, 0x1a, 0x22, 0x23, 0x21, 0x23,
  0x41, 0x23, 0x21, 0x23, 0x02, 0x23, 0x22, 0x1b, 0x22, 0x23, 0x42, 0x2b, 0x00, 0x00, 0x00, 0x00,
  0x23, 0x33, 0x44, 0x22, 0x00, 0x00, 0xe0, 0x3b, 0xe0, 0x03, 0xe0, 0x03, 0x20, 0x03, 0x80, 0x31,
  0xe0, 0x39, 0x00, 0x00, 0x00, 0x00, 0xe0, 0x7b, 0x00, 0x00, 0xe0, 0x39, 0xe0, 0x39, 0xe0, 0x19,
  0xa0, 0x2a, 0xc3, 0x39, 0x21, 0x2a, 0xe0, 0x19, 0xa0, 0x02, 0xe0, 0x03, 0xe0, 0x03, 0xe0, 0xff,
  0x00, 0x00, 0xa0, 0x02, 0xc0, 0x19, 0xa0, 0x1a, 0x20, 0x12, 0x00, 0x00, 0x00, 0x00, 0x00, 0x00,
  0x00, 0x00, 0x00, 0x00, 0x40, 0x01, 0x40, 0x22, 0x20, 0x21, 0xa0, 0x02, 0x00, 0x00, 0x00, 0x00,
  0xe0, 0xff, 0x00, 0x00, 0x00, 0x00, 0x00, 0x00, 0x00, 0x00, 0x00, 0x00, 0x00, 0x00, 0x00, 0x00,
  0x00, 0x00, 0x00, 0x00, 0x00, 0x00, 0x00, 0x00, 0x00, 0x00, 0x00, 0x00, 0x00, 0x00, 0x00, 0x00,
  0x00, 0x00, 0x00, 0x00, 0x00, 0x00, 0x00, 0x00, 0xe0, 0xff, 0x00, 0x00, 0x00, 0x00, 0x00, 0x00,
  0x00, 0x00, 0x00, 0x00, 0x00, 0x00, 0x00, 0x00, 0x00, 0x00, 0x00, 0x00, 0x00, 0x00, 0x00, 0x00,
  0x00, 0x00, 0x00, 0x00, 0x00, 0x00, 0x00, 0x00, 0x00, 0x00, 0x00, 0x00, 0xe0, 0x07, 0xa0, 0x02,
  0x82, 0x2b, 0xc1, 0x22, 0x81, 0x22, 0x80, 0x22, 0x21, 0x2b, 0x01, 0x23, 0xa1, 0x12, 0x81, 0x12,
  0x01, 0x13, 0xe2, 0x1b, 0xe2, 0x1b, 0xa3, 0x24, 0x22, 0x1c, 0x80, 0x02, 0x80, 0x0a, 0x21, 0x0b,
  0xc1, 0x0b, 0x80, 0x02, 0x06, 0x36, 0xfd, 0xef, 0xd9, 0xc7, 0xcd, 0x5f, 0xcf, 0x6f, 0xcf, 0x77,
  0xcf, 0x77, 0xae, 0x6f, 0xf4, 0xb7, 0xf5, 0xcf, 0xf4, 0xb7, 0xf4, 0xb7, 0xf4, 0xbf, 0xb0, 0x87,
  0x8f, 0x87, 0xfc, 0xf7, 0xd9, 0xcf, 0x02, 0x14, 0x80, 0x02, 0x61, 0x0b, 0xa1, 0x13, 0xc1, 0x13,
  0xa3, 0x1c, 0xc2, 0x1c, 0x02, 0x14, 0x40, 0x02, 0x00, 0x02, 0x42, 0x1b, 0x62, 0x1c, 0xe0, 0x01,
  0xc0, 0x01, 0x60, 0x02, 0x40, 0x02, 0x40, 0x02, 0x20, 0x02, 0x20, 0x02, 0x60, 0x02, 0x80, 0x02,
  0x40, 0x02, 0x20, 0x02, 0x60, 0x02, 0x00, 0x02, 0x62, 0x13, 0xe3, 0x24, 0x00, 0x03, 0x60, 0x03,
  0xa1, 0x0b, 0x41, 0x0a, 0x41, 0x03, 0xd5, 0x87, 0xd9, 0xaf, 0xd2, 0x5f, 0xb1, 0x57, 0xb1, 0x57,
  0xb1, 0x57, 0xd1, 0x5f, 0xd3, 0x6f, 0xf4, 0x77, 0xf3, 0x67, 0xf3, 0x6f, 0xd0, 0x57, 0xf5, 0x87,
  0xf5, 0x8f, 0xf2, 0x6f, 0xb2, 0x6f, 0xfb, 0xcf, 0xf8, 0xbf, 0x22, 0x0b, 0x20, 0x03, 0x82, 0x14,
  0x41, 0x0c, 0x82, 0x14, 0x20, 0x03, 0x8b, 0x5d, 0xff, 0xff, 0xf4, 0x9f, 0xd0, 0x6f, 0xf3, 0x8f,
  0xf4, 0x97, 0xd0, 0x6f, 0xf2, 0x87, 0xf2, 0x7f, 0xd1, 0x77, 0xf2, 0x87, 0xf2, 0x87, 0xd1, 0x7f,
  0xf2, 0x8f, 0xf8, 0xc7, 0xff, 0xff, 0xda, 0xd7, 0x43, 0x1b, 0x80, 0x03, 0xa1, 0x0b, 0x81, 0x0b,
  0x01, 0x0c, 0xc1, 0x0b, 0x01, 0x0c, 0x61, 0x0c, 0xc2, 0x1c, 0x41, 0x14, 0x21, 0x14, 0x45, 0x2d,
  0xea, 0x5d, 0x24, 0x25, 0x81, 0x0b, 0x80, 0x02, 0x81, 0x13, 0xa0, 0x02, 0xe0, 0x02, 0xe1, 0x0a,
  0x60, 0x03, 0xa1, 0x0b, 0xa1, 0x0b, 0x20, 0x0b, 0x61, 0x0b, 0x61, 0x0b, 0xc0, 0x02, 0xc0, 0x02,
  0x80, 0x02, 0x41, 0x0b, 0x20, 0x0b, 0x40, 0x03, 0xa1, 0x0b, 0x40, 0x03, 0xc2, 0x1c, 0x01, 0x0c,
  0x60, 0x03, 0x80, 0x0b, 0x61, 0x0b, 0x21, 0x0b, 0xc0, 0x02, 0x17, 0xbf, 0xff, 0xff, 0xd7, 0xbf,
  0x8f, 0x6f, 0xb0, 0x7f, 0xd0, 0x77, 0xd2, 0x8f, 0xd1, 0x7f, 0xd1, 0x7f, 0xd1, 0x7f, 0x8f, 0x6f,
  0xb0, 0x6f, 0xad, 0x57, 0xf8, 0xc7, 0xff, 0xff, 0xba, 0xdf, 0xe2, 0x1b, 0x60, 0x03, 0x62, 0x14,
  0xe5, 0x35, 0xa5, 0x3e, 0x85, 0x3e, 0x83, 0x25, 0x22, 0x1c, 0xe0, 0x12, 0xc1, 0x12, 0xa1, 0x12,
  0x41, 0x23, 0x21, 0x23, 0x01, 0x23, 0x82, 0x2b, 0xc1, 0x22, 0x01, 0x23, 0x02, 0x23, 0xe0, 0x12,
  0xa2, 0x23, 0x01, 0x23, 0x02, 0x23, 0xe0, 0x07, 0x20, 0x23, 0xe2, 0x2a, 0x40, 0x22, 0xe0, 0x2a,
  0xa0, 0x3a, 0xe0, 0x39, 0xa0, 0x2a, 0xa0, 0x02, 0x00, 0x00, 0xe0, 0x39, 0xa3, 0x3a, 0x41, 0x2a,
  0x22, 0x22, 0x01, 0x1a, 0x41, 0x22, 0x21, 0x22, 0x21, 0x1a, 0xe0, 0x39, 0xe0, 0xff, 0x40, 0x29,
  0xe1, 0x19, 0x01, 0x1a, 0x00, 0x22, 0x01, 0x22, 0x21, 0x22, 0xe1, 0x19, 0x80, 0x19, 0x00, 0x00,
  0x00, 0x00, 0x00, 0x00, 0x00, 0x00, 0x80, 0x19, 0xc1, 0x19, 0xa0, 0x11, 0x40, 0x19, 0xa0, 0x02,
  0x00, 0x00, 0x00, 0x00, 0x00, 0x00, 0x00, 0x00, 0x00, 0x00, 0x00, 0x00, 0x00, 0x00, 0x00, 0x00,
  0x00, 0x00, 0x00, 0x00, 0x00, 0x00, 0x00, 0x00, 0x00, 0x00, 0x00, 0x00, 0x00, 0x00, 0x00, 0x00,
  0x00, 0x00, 0x00, 0x00, 0x00, 0x00, 0x00, 0x00, 0x00, 0x00, 0x00, 0x00, 0xe0, 0x07, 0x00, 0x00,
  0x00, 0x00, 0x00, 0x00, 0x00, 0x00, 0x00, 0x00, 0x00, 0x00, 0x00, 0x00, 0x00, 0x00, 0x00, 0x00,
  0x00, 0x00, 0x00, 0x00, 0x00, 0x00, 0x00, 0x00, 0x00, 0x00, 0x00, 0x00, 0x00, 0x00, 0x00, 0x00,
  0x00, 0x00, 0x00, 0x00, 0x26, 0x33, 0x02, 0x2b, 0x22, 0x2b, 0x42, 0x2b, 0x21, 0x23, 0xc1, 0x1a,
  0x60, 0x12, 0x40, 0x12, 0x41, 0x1b, 0x61, 0x13, 0x61, 0x13, 0xa3, 0x24, 0xc1, 0x13, 0x41, 0x13,
  0x80, 0x02, 0x21, 0x0b, 0x22, 0x1c, 0xa0, 0x02, 0x44, 0x2d, 0xfc, 0xf7, 0xfa, 0xcf, 0xce, 0x6f,
  0xd1, 0x8f, 0xf1, 0x8f, 0xd0, 0x7f, 0xcf, 0x77, 0xf4, 0xbf, 0xf5, 0xcf, 0xf3, 0xb7, 0xf2, 0xaf,
  0xf3, 0xaf, 0xf3, 0xa7, 0xb1, 0x9f, 0xfa, 0xe7, 0xfd, 0xf7, 0x6b, 0x54, 0xc0, 0x01, 0x61, 0x0b,
  0x40, 0x0b, 0x01, 0x14, 0x62, 0x1c, 0x82, 0x1c, 0x21, 0x14, 0x80, 0x02, 0x80, 0x02, 0x00, 0x02,
  0xe2, 0x13, 0xa3, 0x24, 0xe0, 0x01, 0x40, 0x02, 0x00, 0x02, 0x40, 0x02, 0x60, 0x02, 0x60, 0x02,
  0x80, 0x02, 0x40, 0x02, 0x40, 0x02, 0x40, 0x02, 0x80, 0x02, 0xa0, 0x01, 0x43, 0x24, 0xc6, 0x35,
  0x80, 0x02, 0xc1, 0x0b, 0x81, 0x0b, 0x62, 0x0b, 0x60, 0x01, 0x73, 0x76, 0xf8, 0x8f, 0x92, 0x4f,
  0xb3, 0x67, 0x91, 0x57, 0xb1, 0x5f, 0xb1, 0x5f, 0xd1, 0x57, 0xf2, 0x67, 0xd2, 0x67, 0xd3, 0x77,
  0xd1, 0x5f, 0xd1, 0x57, 0xf4, 0x77, 0xd4, 0x87, 0xb4, 0x87, 0xfb, 0xd7, 0xb6, 0xaf, 0x20, 0x03,
  0xa1, 0x0b, 0x62, 0x0c, 0x21, 0x0c, 0x62, 0x14, 0x60, 0x03, 0x6b, 0x55, 0xff, 0xff, 0xd6, 0xa7,
  0xf1, 0x7f, 0xf5, 0x9f, 0xf3, 0x87, 0xd1, 0x77, 0xf9, 0xc7, 0xf8, 0xbf, 0xf3, 0x87, 0xf8, 0xbf,
  0xd5, 0x9f, 0xd4, 0x97, 0xf8, 0xcf, 0xf9, 0xcf, 0xfe, 0xf7, 0xfc, 0xe7, 0xc4, 0x23, 0x20, 0x03,
  0x01, 0x0c, 0x81, 0x03, 0xc1, 0x0b, 0xe2, 0x13, 0x01, 0x0c, 0x29, 0x56, 0xe7, 0x45, 0x07, 0x4e,
  0x41, 0x0b, 0x02, 0x14, 0xa0, 0x03, 0x02, 0x14, 0x01, 0x0b, 0x00, 0x03, 0xc0, 0x02, 0x00, 0x0b,
  0xe0, 0x02, 0x01, 0x0b, 0x00, 0x03, 0xe0, 0x02, 0xe0, 0x02, 0xe0, 0x02, 0x80, 0x02, 0x00, 0x0b,
  0x41, 0x0b, 0x80, 0x02, 0xe0, 0x02, 0xc0, 0x02, 0xe0, 0x02, 0x20, 0x03, 0x60, 0x03, 0x03, 0x1d,
  0x03, 0x1d, 0x00, 0x03, 0x40, 0x03, 0x41, 0x0b, 0xa1, 0x0b, 0x20, 0x02, 0x28, 0x3c, 0xfe, 0xf7,
  0xfe, 0xff, 0x93, 0x97, 0x6e, 0x67, 0xd2, 0x8f, 0xd0, 0x77, 0xd0, 0x77, 0xcf, 0x77, 0xd1, 0x7f,
  0xaf, 0x6f, 0x8f, 0x77, 0x8d, 0x57, 0xb0, 0x77, 0xfd, 0xef, 0xff, 0xff, 0xd1, 0x96, 0x80, 0x03,
  0x81, 0x0b, 0x02, 0x1d, 0x25, 0x36, 0x07, 0x47, 0x45, 0x36, 0xe2, 0x24, 0xc1, 0x1b, 0x21, 0x1b,
  0x00, 0x0a, 0x61, 0x12, 0x81, 0x2b, 0x61, 0x2b, 0x41, 0x23, 0x81, 0x1a, 0xa1, 0x1a, 0x83, 0x3b,
  0xe3, 0x3a, 0xa1, 0x1a, 0x02, 0x23, 0x02, 0x23, 0xe1, 0x1a, 0xe0, 0x03, 0x23, 0x33, 0xa5, 0x2a,
  0xe2, 0x2a, 0x42, 0x13, 0xe0, 0x3b, 0x21, 0x1a, 0xa2, 0x22, 0xe0, 0x2a, 0xc1, 0x22, 0xa2, 0x22,
  0x81, 0x1a, 0x41, 0x1a, 0x60, 0x1a, 0x41, 0x1a, 0x41, 0x1a, 0x21, 0x1a, 0x41, 0x22, 0x01, 0x22,
  0xe0, 0x19, 0x00, 0x1a, 0xe0, 0x19, 0x00, 0x1a, 0x21, 0x1a, 0x21, 0x1a, 0xe1, 0x19, 0x20, 0x12,
  0x00, 0x00, 0xe0, 0x39, 0xe0, 0x3b, 0xc0, 0x11, 0xa0, 0x11, 0xa0, 0x11, 0xc0, 0x19, 0x81, 0x19,
  0x82, 0x11, 0xa0, 0x02, 0x00, 0x00, 0x00, 0x00, 0x00, 0x00, 0x00, 0x00, 0x00, 0x00, 0x00, 0x00,
  0x00, 0x00, 0x00, 0x00, 0x00, 0x00, 0x00, 0x00, 0x00, 0x00, 0x00, 0x00, 0x00, 0x00, 0x00, 0x00,
  0x00, 0x00, 0x00, 0x00, 0x00, 0x00, 0x00, 0x00, 0x00, 0x00, 0x00, 0x00, 0x00, 0x00, 0x00, 0x00,
  0x00, 0x00, 0xe0, 0xff, 0x00, 0x00, 0x00, 0x00, 0x00, 0x00, 0x00, 0x00, 0x00, 0x00, 0x00, 0x00,
  0x00, 0x00, 0x00, 0x00, 0x00, 0x00, 0x00, 0x00, 0x00, 0x00, 0x00, 0x00, 0x00, 0x00, 0x00, 0x00,
  0x00, 0x00, 0x00, 0x00, 0x80, 0x31, 0xa2, 0x33, 0x22, 0x23, 0xc1, 0x2a, 0xe3, 0x3b, 0xe2, 0x33,
  0x21, 0x23, 0x42, 0x23, 0xa1, 0x12, 0x60, 0x12, 0xa1, 0x12, 0x41, 0x1b, 0xc1, 0x1b, 0x42, 0x1c,
  0x02, 0x1c, 0xa2, 0x1b, 0x80, 0x02, 0x21, 0x0b, 0xc1, 0x13, 0xa0, 0x02, 0xa4, 0x24, 0xfc, 0xef,
  0xf8, 0xc7, 0xad, 0x67, 0xd1, 0x87, 0xcf, 0x7f, 0xce, 0x77, 0xad, 0x67, 0xf2, 0x9f, 0xf5, 0xc7,
  0xf3, 0xaf, 0xf3, 0xb7, 0xf2, 0xaf, 0xf4, 0xbf, 0xd2, 0x9f, 0xd6, 0xcf, 0xff, 0xff, 0x6d, 0x65,
  0xc0, 0x01, 0xa2, 0x13, 0x20, 0x0b, 0x22, 0x1c, 0xa1, 0x0b, 0x01, 0x14, 0x01, 0x14, 0xa1, 0x13,
  0xe0, 0x0a, 0x00, 0x02, 0xca, 0x76, 0x08, 0x6f, 0x20, 0x0b, 0xa1, 0x0a, 0x20, 0x02, 0x60, 0x02,
  0x80, 0x02, 0x80, 0x02, 0x60, 0x02, 0x60, 0x02, 0x40, 0x02, 0x40, 0x02, 0x80, 0x02, 0x60, 0x01,
  0x25, 0x2d, 0x06, 0x3e, 0xa0, 0x02, 0xc1, 0x0b, 0xa1, 0x0b, 0x61, 0x0b, 0x80, 0x01, 0x96, 0x96,
  0xb3, 0x67, 0x50, 0x47, 0xb2, 0x57, 0xb2, 0x57, 0xd2, 0x5f, 0xb1, 0x4f, 0xb0, 0x4f, 0xd1, 0x5f,
  0xd1, 0x5f, 0xf2, 0x5f, 0xd1, 0x57, 0xaf, 0x4f, 0xd1, 0x67, 0xd2, 0x6f, 0xb4, 0x8f, 0xfb, 0xd7,
  0x33, 0x97, 0xa0, 0x02, 0x81, 0x0b, 0xa2, 0x14, 0xc1, 0x0b, 0x42, 0x0c, 0xa0, 0x03, 0xa8, 0x44,
  0xff, 0xff, 0xf8, 0xbf, 0xf1, 0x77, 0xf4, 0x97, 0xd2, 0x7f, 0xd1, 0x77, 0xd7, 0xc7, 0xf9, 0xc7,
  0xfc, 0xdf, 0xfa, 0xd7, 0xf5, 0xa7, 0xd3, 0x8f, 0xd5, 0x9f, 0xf8, 0xc7, 0xfd, 0xef, 0xff, 0xf7,
  0x27, 0x3d, 0x00, 0x03, 0x42, 0x14, 0xa1, 0x0b, 0x01, 0x0c, 0xe1, 0x13, 0xa1, 0x03, 0x67, 0x3d,
  0x07, 0x46, 0x04, 0x35, 0xc1, 0x0a, 0xe0, 0x0a, 0xc0, 0x0a, 0xc0, 0x02, 0x01, 0x0b, 0x00, 0x0b,
  0xc0, 0x02, 0x20, 0x0b, 0x21, 0x0b, 0xe0, 0x0a, 0xc0, 0x02, 0xc0, 0x02, 0xa0, 0x02, 0x80, 0x02,
  0x80, 0x02, 0xc0, 0x02, 0x20, 0x0b, 0xc0, 0x02, 0xe0, 0x0a, 0x21, 0x0b, 0xc0, 0x02, 0x80, 0x0b,
  0x62, 0x14, 0x63, 0x25, 0x81, 0x0b, 0xe0, 0x02, 0x61, 0x0b, 0x61, 0x0b, 0x21, 0x0b, 0xe0, 0x01,
  0x73, 0xa6, 0xff, 0xff, 0xda, 0xdf, 0x6e, 0x6f, 0xaf, 0x6f, 0xd2, 0x87, 0xb0, 0x77, 0xb0, 0x77,
  0xaf, 0x6f, 0xae, 0x67, 0x8e, 0x67, 0x6c, 0x57, 0x8f, 0x77, 0xfa, 0xdf, 0xfd, 0xf7, 0xfb, 0xe7,
  0x66, 0x35, 0x40, 0x03, 0xc1, 0x0b, 0xc5, 0x35, 0xe4, 0x2d, 0xe4, 0x2d, 0x23, 0x25, 0x62, 0x1c,
  0x00, 0x13, 0x01, 0x1b, 0xa1, 0x1a, 0xa1, 0x22, 0x21, 0x23, 0xe1, 0x22, 0x21, 0x1b, 0xa1, 0x1a,
  0xc1, 0x22, 0x82, 0x2b, 0x61, 0x23, 0x02, 0x23, 0xe2, 0x1a, 0x42, 0x2b, 0x20, 0x33, 0x64, 0x23,
  0xe0, 0x03, 0x40, 0x55, 0xa0, 0x2a, 0xa2, 0x22, 0x41, 0x1a, 0x41, 0x1a, 0x81, 0x1a, 0x81, 0x22,
  0x61, 0x1a, 0xa1, 0x1a, 0x61, 0x22, 0x61, 0x22, 0x41, 0x22, 0x41, 0x1a, 0x41, 0x22, 0x21, 0x22,
  0x21, 0x1a, 0x21, 0x1a, 0x00, 0x1a, 0x00, 0x22, 0xe0, 0x19, 0x01, 0x1a, 0xe1, 0x09, 0x60, 0x12,
  0xe1, 0x19, 0xe1, 0x19, 0x01, 0x1a, 0xe0, 0x19, 0xc1, 0x19, 0xa0, 0x11, 0x80, 0x11, 0xc0, 0x19,
  0xa0, 0x21, 0x00, 0x00, 0x00, 0x00, 0x00, 0x00, 0x00, 0x00, 0x00, 0x00, 0x00, 0x00, 0x00, 0x00,
  0x00, 0x00, 0x00, 0x00, 0x00, 0x00, 0x00, 0x00, 0x00, 0x00, 0x00, 0x00, 0x00, 0x00, 0x00, 0x00,
  0x00, 0x00, 0x00, 0x00, 0x00, 0x00, 0x00, 0x00, 0x00, 0x00, 0x00, 0x00, 0x00, 0x00, 0x00, 0x00,
  0x00, 0x00, 0x00, 0x00, 0x00, 0x00, 0x00, 0x00, 0x00, 0x00, 0x00, 0x00, 0x00, 0x00, 0x00, 0x00,
  0x00, 0x00, 0x00, 0x00, 0x00, 0x00, 0x00, 0x00, 0x00, 0x00, 0x00, 0x00, 0x00, 0x00, 0x00, 0x00,
  0x20, 0x63, 0x00, 0x00, 0xa0, 0x52, 0xe0, 0x07, 0xe2, 0x2a, 0x02, 0x2b, 0x62, 0x33, 0x62, 0x33,
  0x03, 0x34, 0x03, 0x34, 0x01, 0x23, 0xe2, 0x2b, 0x62, 0x2b, 0x20, 0x0a, 0x41, 0x13, 0xa1, 0x13,
  0xc1, 0x13, 0xa2, 0x24, 0x62, 0x1c, 0xc0, 0x02, 0xe1, 0x0a, 0x61, 0x0b, 0x21, 0x0b, 0x00, 0x02,
  0xc2, 0x1b, 0xfa, 0xdf, 0xfa, 0xdf, 0xef, 0x7f, 0xf1, 0x8f, 0xf0, 0x8f, 0xf1, 0x97, 0xae, 0x77,
  0xd0, 0x97, 0xf5, 0xc7, 0xf3, 0xaf, 0xf4, 0xbf, 0xf5, 0xcf, 0xf9, 0xdf, 0xf5, 0xbf, 0xf6, 0xcf,
  0xff, 0xff, 0xd4, 0xa7, 0x60, 0x02, 0xa2, 0x13, 0x40, 0x03, 0xa1, 0x0b, 0x80, 0x03, 0xa1, 0x0b,
  0xa1, 0x0b, 0x21, 0x14, 0x01, 0x14, 0x61, 0x0b, 0x00, 0x02, 0x80, 0x0a, 0x63, 0x1c, 0xa1, 0x0a,
  0x20, 0x02, 0x80, 0x02, 0x40, 0x02, 0x20, 0x02, 0x40, 0x02, 0x60, 0x02, 0x80, 0x02, 0xa0, 0x02,
  0xe0, 0x0a, 0x20, 0x02, 0x06, 0x36, 0x22, 0x14, 0xc0, 0x01, 0x02, 0x14, 0x62, 0x1c, 0x20, 0x02,
  0xe0, 0x01, 0x91, 0x6e, 0x4f, 0x3f, 0x91, 0x57, 0xf3, 0x5f, 0xb1, 0x57, 0xb1, 0x57, 0xb0, 0x57,
  0xd1, 0x5f, 0xb2, 0x5f, 0xb1, 0x57, 0xd2, 0x5f, 0xd1, 0x57, 0xd2, 0x5f, 0xf3, 0x77, 0xd1, 0x67,
  0xb4, 0x87, 0xfd, 0xe7, 0xf2, 0x8d, 0xc0, 0x01, 0x62, 0x0c, 0xc4, 0x1c, 0x21, 0x03, 0xc1, 0x0b,
  0xc1, 0x0b, 0xa1, 0x03, 0xdb, 0xcf, 0xfc, 0xe7, 0xd2, 0x8f, 0xf7, 0xaf, 0xd2, 0x8f, 0xd0, 0x7f,
  0xf3, 0x8f, 0xf3, 0x97, 0xf8, 0xc7, 0xf8, 0xcf, 0xf5, 0xa7, 0xd2, 0x8f, 0xf6, 0xb7, 0xfa, 0xdf,
  0xfc, 0xe7, 0xff, 0xff, 0x87, 0x3d, 0xe0, 0x02, 0xa1, 0x0b, 0xc1, 0x0b, 0xa1, 0x0b, 0x42, 0x14,
  0x00, 0x0b, 0xc0, 0x02, 0x40, 0x03, 0xe0, 0x02, 0x00, 0x03, 0x00, 0x03, 0x81, 0x0b, 0xa1, 0x0b,
  0xc2, 0x13, 0xc0, 0x02, 0xc0, 0x02, 0x80, 0x02, 0xa0, 0x02, 0xa0, 0x02, 0xa0, 0x02, 0xa0, 0x02,
  0xc0, 0x02, 0xc0, 0x02, 0xc0, 0x02, 0xa0, 0x02, 0x80, 0x02, 0x20, 0x0b, 0x40, 0x0b, 0x61, 0x0b,
  0x81, 0x0b, 0x62, 0x14, 0xc2, 0x1c, 0xa2, 0x1c, 0x40, 0x03, 0xa1, 0x0b, 0x80, 0x03, 0x21, 0x03,
  0xc0, 0x01, 0xa6, 0x34, 0xff, 0xff, 0xdd, 0xef, 0xd1, 0x8f, 0xd0, 0x77, 0xf5, 0xa7, 0xb1, 0x87,
  0xb0, 0x7f, 0xb0, 0x7f, 0x8d, 0x5f, 0x8e, 0x67, 0xb1, 0x7f, 0x0a, 0x3f, 0xd7, 0xbf, 0xfc, 0xef,
  0xfe, 0xff, 0x11, 0x97, 0x80, 0x02, 0x40, 0x0b, 0x41, 0x14, 0x05, 0x2e, 0x86, 0x3e, 0x42, 0x1c,
  0x41, 0x1c, 0xa3, 0x24, 0x02, 0x1c, 0x01, 0x13, 0x22, 0x23, 0xa1, 0x1a, 0x01, 0x23, 0x60, 0x12,
  0x81, 0x1a, 0x63, 0x3c, 0x01, 0x23, 0xe1, 0x22, 0x02, 0x23, 0x01, 0x23, 0xe2, 0x22, 0xe1, 0x1a,
  0x23, 0x33, 0x23, 0x23, 0x81, 0x1a, 0xe0, 0x1a, 0xa0, 0x2a, 0xa2, 0x2a, 0x61, 0x1a, 0xc1, 0x22,
  0xa2, 0x22, 0x61, 0x22, 0x41, 0x1a, 0x60, 0x1a, 0x61, 0x22, 0x21, 0x1a, 0xc0, 0x22, 0x00, 0x1a,
  0x21, 0x1a, 0x21, 0x22, 0x01, 0x1a, 0x21, 0x1a, 0x21, 0x22, 0x01, 0x1a, 0x21, 0x1a, 0xa0, 0x11,
  0xe0, 0x19, 0x00, 0x1a, 0xe0, 0x19, 0xe0, 0x19, 0xc0, 0x19, 0xe0, 0x19, 0xe0, 0x19, 0xe0, 0x11,
  0xe0, 0x19, 0xe1, 0x19, 0x40, 0x22, 0x00, 0x00, 0x00, 0x00, 0x00, 0x00, 0x00, 0x00, 0x00, 0x00,
  0x00, 0x00, 0x00, 0x00, 0xe0, 0x07, 0x00, 0x00, 0x00, 0x00, 0x00, 0x00, 0x00, 0x00, 0x00, 0x00,
  0x00, 0x00, 0x00, 0x00, 0x00, 0x00, 0x00, 0x00, 0x00, 0x00, 0x00, 0x00, 0x00, 0x00, 0x00, 0x00,
  0x00, 0x00, 0x00, 0x00, 0x00, 0x00, 0x00, 0x00, 0x00, 0x00, 0x00, 0x00, 0xe0, 0x07, 0xe0, 0x07,
  0xe0, 0x07, 0x00, 0x00, 0x00, 0x00, 0x00, 0x00, 0xe0, 0x07, 0x00, 0x00, 0x00, 0x00, 0x00, 0x00,
  0xe0, 0x03, 0xe0, 0x7b, 0xe0, 0x03, 0xe0, 0x03, 0x00, 0x00, 0x20, 0x33, 0xe0, 0x3a, 0x42, 0x3b,
  0x22, 0x2b, 0xa2, 0x33, 0x43, 0x3c, 0x05, 0x45, 0x02, 0x2c, 0x82, 0x23, 0x21, 0x1b, 0x83, 0x2c,
  0x03, 0x2d, 0xe1, 0x13, 0xa1, 0x13, 0x42, 0x1c, 0xa3, 0x1c, 0x61, 0x0b, 0xe1, 0x0a, 0xe0, 0x0a,
  0x00, 0x0b, 0x00, 0x02, 0x20, 0x03, 0xb7, 0xbf, 0xfc, 0xef, 0xcf, 0x7f, 0xd0, 0x87, 0xf2, 0x9f,
  0xf1, 0x97, 0xad, 0x6f, 0xd1, 0x97, 0xf5, 0xc7, 0xf3, 0xb7, 0xf4, 0xb7, 0xf6, 0xcf, 0xfa, 0xe7,
  0xfa, 0xef, 0xf7, 0xd7, 0xf8, 0xcf, 0xdc, 0xe7, 0x21, 0x0a, 0xe1, 0x02, 0x61, 0x03, 0x40, 0x03,
  0x60, 0x03, 0xa1, 0x0b, 0xc1, 0x13, 0x60, 0x0b, 0x40, 0x0b, 0xc5, 0x45, 0x46, 0x46, 0xa0, 0x01,
  0x80, 0x02, 0x41, 0x0b, 0x60, 0x02, 0x40, 0x02, 0x40, 0x02, 0x80, 0x02, 0x80, 0x02, 0x60, 0x02,
  0xc0, 0x0a, 0x00, 0x0b, 0xc0, 0x0a, 0xe0, 0x02, 0xe5, 0x2d, 0xc1, 0x0b, 0x20, 0x02, 0x01, 0x14,
  0x61, 0x0b, 0x01, 0x03, 0x80, 0x01, 0x2f, 0x56, 0xcf, 0x3f, 0xf3, 0x5f, 0xd2, 0x57, 0xd1, 0x4f,
  0xb1, 0x57, 0xb0, 0x4f, 0xd1, 0x57, 0xd1, 0x57, 0xd1, 0x57, 0xd3, 0x67, 0xd2, 0x5f, 0xf3, 0x6f,
  0xf4, 0x7f, 0xd2, 0x6f, 0xd3, 0x87, 0xfd, 0xe7, 0xf0, 0x7d, 0x60, 0x02, 0x62, 0x0c, 0x22, 0x14,
  0xc0, 0x02, 0x21, 0x0c, 0x81, 0x0b, 0xa0, 0x03, 0xba, 0xc7, 0xfe, 0xf7, 0xf4, 0x9f, 0xf6, 0xaf,
  0xd2, 0x7f, 0xd1, 0x7f, 0xf3, 0x97, 0xf5, 0xa7, 0xf3, 0x8f, 0xf3, 0x8f, 0xf6, 0xb7, 0xf9, 0xcf,
  0xfa, 0xdf, 0xf5, 0xaf, 0xf9, 0xcf, 0xff, 0xff, 0x50, 0x86, 0x60, 0x02, 0x61, 0x0b, 0xa1, 0x0b,
  0xa1, 0x0b, 0x22, 0x14, 0xc1, 0x0b, 0x00, 0x03, 0x81, 0x0b, 0x61, 0x0b, 0xa1, 0x0b, 0x21, 0x0b,
  0x61, 0x0b, 0x61, 0x0b, 0xe0, 0x0a, 0xc0, 0x02, 0xc0, 0x02, 0xc0, 0x02, 0xa0, 0x02, 0xa0, 0x02,
  0xa0, 0x02, 0xc0, 0x02, 0xc0, 0x02, 0xa0, 0x02, 0x80, 0x02, 0xc0, 0x02, 0x20, 0x03, 0xa1, 0x0b,
  0xe1, 0x13, 0x60, 0x0b, 0x42, 0x14, 0x43, 0x25, 0x03, 0x1d, 0xa1, 0x0b, 0x61, 0x0b, 0xc1, 0x0b,
  0x60, 0x03, 0x60, 0x02, 0x42, 0x13, 0xd7, 0xbf, 0xff, 0xff, 0xfb, 0xe7, 0xf2, 0x8f, 0xf3, 0x8f,
  0xf6, 0xaf, 0xd3, 0x9f, 0x8e, 0x67, 0x8d, 0x5f, 0x6c, 0x4f, 0xb0, 0x77, 0x8e, 0x67, 0x70, 0x6f,
  0xfc, 0xef, 0xfa, 0xdf, 0xfc, 0xef, 0x66, 0x35, 0x20, 0x02, 0x02, 0x14, 0x23, 0x25, 0x65, 0x36,
  0x64, 0x25, 0x01, 0x14, 0x62, 0x24, 0xc1, 0x1b, 0xa1, 0x1b, 0xa2, 0x1b, 0x62, 0x23, 0x01, 0x1b,
  0xe1, 0x1a, 0x40, 0x12, 0x21, 0x23, 0x41, 0x2b, 0xe2, 0x22, 0x01, 0x23, 0x26, 0x33, 0x62, 0x23,
  0xe1, 0x1a, 0xe2, 0x22, 0xa1, 0x22, 0xa1, 0x22, 0xc1, 0x22, 0x61, 0x1a, 0xc2, 0x22, 0x81, 0x22,
  0x81, 0x1a, 0x61, 0x1a, 0x40, 0x1a, 0x21, 0x1a, 0x41, 0x1a, 0x41, 0x1a, 0x21, 0x1a, 0x21, 0x22,
  0x40, 0x1a, 0x40, 0x1a, 0x21, 0x22, 0x01, 0x1a, 0x20, 0x12, 0xe1, 0x19, 0xe0, 0x11, 0x20, 0x1a,
  0xe0, 0x19, 0xe1, 0x19, 0x01, 0x1a, 0xe1, 0x19, 0xe0, 0x19, 0xc0, 0x11, 0xc0, 0x19, 0xc1, 0x19,
  0x20, 0x22, 0x40, 0x12, 0x20, 0x12, 0xe0, 0x18, 0xa0, 0x2a, 0x00, 0x00, 0x00, 0x00, 0x00, 0x00,
  0x00, 0x00, 0x00, 0x00, 0x00, 0x00, 0x00, 0x00, 0x00, 0x00, 0xe3, 0x3a, 0xe0, 0x03, 0x00, 0x00,
  0x00, 0x00, 0x00, 0x00, 0x00, 0x00, 0x00, 0x00, 0x00, 0x00, 0x00, 0x00, 0x00, 0x00, 0x00, 0x00,
  0x00, 0x00, 0x00, 0x00, 0x00, 0x00, 0x00, 0x00, 0x00, 0x00, 0x00, 0x00, 0x00, 0x00, 0xa0, 0x52,
  0xe0, 0x07, 0x00, 0x00, 0x00, 0x00, 0x00, 0x00, 0x00, 0x00, 0x00, 0x00, 0x00, 0x00, 0x00, 0x00,
  0x00, 0x00, 0x00, 0x00, 0x00, 0x00, 0x00, 0x00, 0x00, 0x00, 0x00, 0x00, 0x00, 0x00, 0xe0, 0x03,
  0xe0, 0x7b, 0xe3, 0x3b, 0x62, 0x33, 0x82, 0x33, 0x42, 0x33, 0x84, 0x44, 0x04, 0x3d, 0x27, 0x4e,
  0x82, 0x1b, 0x81, 0x13, 0xe3, 0x2c, 0x44, 0x35, 0x01, 0x1c, 0x42, 0x1c, 0xc2, 0x1c, 0x61, 0x0b,
  0xe1, 0x0a, 0x61, 0x0b, 0x20, 0x0b, 0xa0, 0x02, 0x20, 0x03, 0x54, 0xb7, 0xfd, 0xff, 0xcf, 0x87,
  0xf0, 0x8f, 0xf2, 0x9f, 0xf2, 0x9f, 0xce, 0x77, 0xf2, 0xaf, 0xf5, 0xc7, 0xf3, 0xa7, 0xf3, 0xa7,
  0xf4, 0xb7, 0xd3, 0xa7, 0xf2, 0x9f, 0xaf, 0x77, 0xd0, 0x87, 0xfd, 0xff, 0x46, 0x2c, 0x00, 0x02,
  0xa1, 0x0b, 0xa1, 0x0b, 0xe1, 0x0b, 0x41, 0x0b, 0xc1, 0x13, 0x61, 0x14, 0x80, 0x02, 0xc1, 0x12,
  0x44, 0x35, 0xc0, 0x0a, 0xa0, 0x02, 0x21, 0x0b, 0xc0, 0x02, 0x80, 0x02, 0x20, 0x02, 0x40, 0x02,
  0xa0, 0x0a, 0xc0, 0x0a, 0xa0, 0x02, 0x00, 0x0b, 0x00, 0x0b, 0x00, 0x0b, 0x25, 0x2e, 0xa1, 0x0b,
  0xe0, 0x02, 0x42, 0x14, 0xa1, 0x0b, 0x41, 0x0b, 0x00, 0x01, 0x10, 0x66, 0xf3, 0x57, 0xd4, 0x5f,
  0xf2, 0x4f, 0xf1, 0x57, 0xb1, 0x57, 0x90, 0x4f, 0xb1, 0x57, 0xd2, 0x67, 0xd1, 0x5f, 0xf1, 0x5f,
  0xd2, 0x67, 0xf5, 0x87, 0xf5, 0x9f, 0xf5, 0x97, 0xf5, 0x97, 0xfc, 0xdf, 0x2b, 0x55, 0xc0, 0x02,
  0xc2, 0x14, 0x04, 0x25, 0x21, 0x03, 0x22, 0x0c, 0xa1, 0x0b, 0x40, 0x03, 0x79, 0xc7, 0xfe, 0xef,
  0xd5, 0xa7, 0xd4, 0x97, 0xf3, 0x87, 0xf2, 0x87, 0xf4, 0x9f, 0xf6, 0xaf, 0xf5, 0xaf, 0xf7, 0xb7,
  0xf8, 0xcf, 0xf4, 0xa7, 0xf5, 0xa7, 0xf5, 0xa7, 0xf9, 0xcf, 0xfe, 0xef, 0xbb, 0xe7, 0x61, 0x0b,
  0xe0, 0x02, 0xa1, 0x0b, 0x20, 0x03, 0xc2, 0x13, 0x82, 0x1c, 0x20, 0x03, 0x81, 0x0b, 0x40, 0x0b,
  0x22, 0x14, 0x41, 0x0b, 0xe0, 0x02, 0x41, 0x0b, 0xa1, 0x13, 0xe0, 0x0a, 0xe0, 0x0a, 0xe0, 0x02,
  0x80, 0x02, 0xe0, 0x02, 0xe0, 0x0a, 0xe0, 0x0a, 0xe0, 0x02, 0xe0, 0x02, 0xe0, 0x02, 0x00, 0x03,
  0x60, 0x0b, 0xa1, 0x0b, 0x40, 0x03, 0x21, 0x14, 0xa4, 0x2d, 0x23, 0x25, 0xa1, 0x0b, 0x20, 0x03,
  0xa1, 0x0b, 0x40, 0x03, 0x01, 0x0b, 0x40, 0x02, 0x33, 0x9f, 0xff, 0xff, 0xfe, 0xf7, 0xd4, 0x9f,
  0xae, 0x67, 0x8f, 0x5f, 0xaf, 0x6f, 0xcf, 0x6f, 0xb0, 0x77, 0xb0, 0x87, 0x8f, 0x6f, 0xd3, 0x97,
  0xce, 0x67, 0xd9, 0xc7, 0xfc, 0xef, 0xfd, 0xf7, 0x92, 0x9f, 0xa0, 0x03, 0x21, 0x0b, 0x61, 0x14,
  0xc4, 0x25, 0x25, 0x36, 0xc2, 0x1c, 0xc3, 0x24, 0x82, 0x24, 0x41, 0x13, 0x61, 0x1b, 0xe2, 0x23,
  0xc1, 0x1a, 0x01, 0x1b, 0x80, 0x12, 0x81, 0x12, 0x81, 0x23, 0x62, 0x23, 0xe1, 0x22, 0x01, 0x1b,
  0x02, 0x23, 0x01, 0x2b, 0x42, 0x2b, 0x81, 0x22, 0x81, 0x1a, 0x81, 0x22, 0x81, 0x22, 0x81, 0x2a,
  0x60, 0x22, 0xa1, 0x22, 0x81, 0x22, 0x61, 0x22, 0x40, 0x1a, 0x21, 0x1a, 0x41, 0x1a, 0x40, 0x22,
  0x41, 0x1a, 0x41, 0x1a, 0x20, 0x1a, 0x21, 0x1a, 0x40, 0x1a, 0x01, 0x1a, 0x00, 0x22, 0xe1, 0x19,
  0xe1, 0x19, 0x00, 0x1a, 0xe0, 0x19, 0xe0, 0x11, 0xe1, 0x19, 0xe0, 0x19, 0xc1, 0x19, 0xc1, 0x11,
  0xe1, 0x19, 0x00, 0x00, 0x00, 0x00, 0x00, 0x00, 0x00, 0x00, 0x00, 0x00, 0x00, 0x00, 0x00, 0x00,
  0x00, 0x00, 0x00, 0x00, 0x00, 0x00, 0x00, 0x00, 0x00, 0x00, 0x00, 0x00, 0xe3, 0x39, 0x01, 0x32,
  0x00, 0x00, 0x00, 0x00, 0x00, 0x00, 0x00, 0x00, 0x00, 0x00, 0x00, 0x00, 0x00, 0x00, 0x00, 0x00,
  0x00, 0x00, 0x00, 0x00, 0x00, 0x00, 0x00, 0x00, 0x00, 0x00, 0x00, 0x00, 0x00, 0x00, 0x00, 0x00,
  0x00, 0x00, 0x00, 0x00, 0x60, 0x23, 0x23, 0x33, 0xa0, 0x52, 0x00, 0x00, 0x00, 0x00, 0x00, 0x00,
  0x00, 0x00, 0xa0, 0x52, 0x83, 0x3b, 0x83, 0x3b, 0xe3, 0x33, 0x20, 0x63, 0xe0, 0x03, 0xe7, 0x3b,
  0x00, 0x00, 0x00, 0x00, 0xe0, 0x7b, 0xe0, 0x3b, 0x42, 0x2b, 0x22, 0x2b, 0x02, 0x2b, 0x23, 0x3c,
  0x03, 0x34, 0x06, 0x4e, 0x63, 0x35, 0xa1, 0x1b, 0x22, 0x24, 0xc5, 0x3d, 0x82, 0x1c, 0x84, 0x2d,
  0xc5, 0x35, 0x01, 0x14, 0xa1, 0x13, 0x61, 0x0b, 0xa1, 0x0b, 0xe1, 0x0a, 0x40, 0x02, 0xd0, 0x8e,
  0xff, 0xff, 0xd1, 0x8f, 0xf1, 0x8f, 0xf3, 0x9f, 0xf1, 0x8f, 0xf0, 0x87, 0xaf, 0x7f, 0xf5, 0xbf,
  0xf3, 0xa7, 0xf1, 0x97, 0xd1, 0x97, 0xd1, 0x97, 0xd1, 0x8f, 0xf4, 0xb7, 0xd4, 0xb7, 0xfd, 0xf7,
  0x91, 0x96, 0xa0, 0x01, 0x41, 0x0b, 0x01, 0x0c, 0xa1, 0x0b, 0x21, 0x0b, 0x40, 0x0b, 0xe1, 0x13,
  0x01, 0x14, 0x61, 0x0b, 0xc0, 0x01, 0xe0, 0x01, 0x40, 0x02, 0x60, 0x02, 0xc0, 0x02, 0x60, 0x02,
  0x60, 0x02, 0x40, 0x02, 0x40, 0x02, 0x80, 0x02, 0x80, 0x02, 0x80, 0x02, 0x01, 0x0b, 0x61, 0x0b,
  0xa4, 0x2d, 0x61, 0x0b, 0x20, 0x0b, 0x21, 0x14, 0xa1, 0x0b, 0x41, 0x0b, 0x00, 0x01, 0x11, 0x66,
  0xf5, 0x5f, 0xd4, 0x57, 0xf3, 0x57, 0xf2, 0x5f, 0xd1, 0x5f, 0xb0, 0x4f, 0xb0, 0x4f, 0xd2, 0x67,
  0xd1, 0x5f, 0xaf, 0x47, 0xd3, 0x6f, 0xf7, 0x9f, 0xf5, 0x97, 0xf6, 0x9f, 0xf7, 0xaf, 0xf9, 0xc7,
  0xc5, 0x2b, 0x81, 0x03, 0xa2, 0x14, 0xa3, 0x1c, 0x81, 0x03, 0x82, 0x14, 0x42, 0x14, 0xa0, 0x02,
  0xf7, 0xb6, 0xff, 0xff, 0xb3, 0x8f, 0xb0, 0x77, 0xf5, 0x9f, 0xf5, 0x9f, 0xf2, 0x87, 0xf2, 0x87,
  0xf7, 0xbf, 0xf7, 0xb7, 0xf7, 0xbf, 0xf5, 0xaf, 0xf7, 0xbf, 0xf4, 0x9f, 0xf6, 0xb7, 0xdc, 0xe7,
  0xff, 0xff, 0x8c, 0x6d, 0x80, 0x02, 0x81, 0x0b, 0x00, 0x03, 0xc0, 0x02, 0x02, 0x14, 0x40, 0x0b,
  0x61, 0x0b, 0x41, 0x0b, 0xe0, 0x02, 0xc0, 0x02, 0xe0, 0x02, 0xa0, 0x02, 0xc0, 0x02, 0xc0, 0x02,
  0x21, 0x0b, 0x20, 0x0b, 0xc0, 0x02, 0xa0, 0x02, 0xc0, 0x02, 0xe0, 0x02, 0x00, 0x0b, 0x00, 0x0b,
  0x00, 0x0b, 0x61, 0x0b, 0x41, 0x0b, 0x20, 0x03, 0x42, 0x1c, 0xc4, 0x2d, 0x64, 0x25, 0xe1, 0x0b,
  0x81, 0x0b, 0x81, 0x0b, 0x81, 0x0b, 0x61, 0x0b, 0x00, 0x02, 0xe8, 0x44, 0xff, 0xff, 0xfc, 0xe7,
  0xf7, 0xb7, 0xaf, 0x6f, 0x8d, 0x4f, 0x8e, 0x67, 0xb0, 0x77, 0xd1, 0x87, 0xb0, 0x7f, 0xaf, 0x6f,
  0xb0, 0x7f, 0xae, 0x67, 0xd5, 0xa7, 0xfe, 0xf7, 0xfb, 0xe7, 0xfc, 0xe7, 0x24, 0x2d, 0xc0, 0x0b,
  0xc1, 0x13, 0x03, 0x1d, 0x66, 0x3e, 0x85, 0x35, 0x01, 0x14, 0xc3, 0x24, 0xc1, 0x1b, 0x21, 0x13,
  0xc1, 0x23, 0x61, 0x1b, 0x41, 0x23, 0xa1, 0x1a, 0xa1, 0x1a, 0x42, 0x23, 0xe0, 0x09, 0x61, 0x1a,
  0xe4, 0x4c, 0x63, 0x2b, 0x22, 0x23, 0xe1, 0x22, 0xc1, 0x22, 0xa1, 0x1a, 0x01, 0x23, 0xe1, 0x2a,
  0xa1, 0x22, 0xa1, 0x22, 0xa1, 0x22, 0xa1, 0x22, 0x81, 0x22, 0x61, 0x22, 0x81, 0x1a, 0x20, 0x1a,
  0x41, 0x1a, 0x60, 0x1a, 0x60, 0x1a, 0x41, 0x1a, 0x21, 0x22, 0x20, 0x1a, 0x20, 0x1a, 0x21, 0x1a,
  0x01, 0x1a, 0xe0, 0x19, 0xe0, 0x11, 0xc0, 0x11, 0xe0, 0x19, 0xe0, 0x11, 0xe0, 0x19, 0x01, 0x1a,
  0xe0, 0x19, 0xa0, 0x2a, 0xe0, 0x01, 0x00, 0x00, 0x00, 0x00, 0x00, 0x00, 0x00, 0x00, 0x00, 0x00,
  0x00, 0x00, 0x00, 0x00, 0x00, 0x00, 0x00, 0x00, 0x00, 0x00, 0x00, 0x00, 0x00, 0x00, 0x00, 0x00,
  0xe0, 0x39, 0x00, 0x00, 0x00, 0x00, 0x00, 0x00, 0x00, 0x00, 0x00, 0x00, 0x00, 0x00, 0x00, 0x00,
  0x00, 0x00, 0x00, 0x00, 0x00, 0x00, 0x00, 0x00, 0x00, 0x00, 0x00, 0x00, 0x00, 0x00, 0x00, 0x00,
  0x00, 0x00, 0x00, 0x00, 0x00, 0x00, 0x00, 0x00, 0x62, 0x3b, 0x42, 0x3b, 0x00, 0x00, 0xe0, 0x07,
  0x00, 0x00, 0xa0, 0x52, 0x20, 0x33, 0xa0, 0x02, 0x63, 0x33, 0x83, 0x33, 0x62, 0x33, 0x82, 0x33,
  0xc0, 0x34, 0xe0, 0x3b, 0x00, 0x00, 0x00, 0x00, 0x00, 0x00, 0xe5, 0x2b, 0x02, 0x2b, 0x02, 0x2b,
  0x22, 0x33, 0x63, 0x33, 0xa1, 0x22, 0x41, 0x1b, 0x23, 0x35, 0x81, 0x1b, 0x63, 0x2c, 0xa4, 0x3d,
  0x63, 0x2d, 0x05, 0x3e, 0xcd, 0x77, 0xe4, 0x35, 0x22, 0x1c, 0xe0, 0x0a, 0x80, 0x0b, 0x81, 0x13,
  0x60, 0x01, 0x09, 0x45, 0xff, 0xff, 0xd6, 0xb7, 0xd0, 0x87, 0xf4, 0xaf, 0xf1, 0x97, 0xf0, 0x87,
  0xaf, 0x7f, 0xf7, 0xd7, 0xf4, 0xb7, 0xf2, 0x9f, 0xf1, 0x8f, 0xf2, 0xa7, 0xf3, 0xa7, 0xf3, 0xaf,
  0xf4, 0xb7, 0xf8, 0xd7, 0xfd, 0xef, 0x47, 0x3c, 0x80, 0x02, 0x42, 0x14, 0xc1, 0x13, 0x00, 0x0b,
  0xe0, 0x02, 0x00, 0x0b, 0xe0, 0x0a, 0xc0, 0x02, 0x40, 0x02, 0x60, 0x02, 0x60, 0x02, 0x40, 0x02,
  0x80, 0x02, 0x60, 0x02, 0x60, 0x02, 0x60, 0x02, 0x60, 0x02, 0x20, 0x02, 0x60, 0x02, 0xa0, 0x02,
  0xa0, 0x02, 0x61, 0x0b, 0xa2, 0x1c, 0x00, 0x03, 0x60, 0x0b, 0x81, 0x0b, 0xe1, 0x0b, 0x61, 0x0b,
  0x40, 0x01, 0x30, 0x5e, 0xf5, 0x67, 0xd2, 0x4f, 0xf3, 0x67, 0xf1, 0x57, 0xb0, 0x4f, 0xd1, 0x57,
  0xd0, 0x57, 0xd1, 0x67, 0xf2, 0x67, 0xb0, 0x57, 0xd4, 0x87, 0xf7, 0xaf, 0xf7, 0xa7, 0xf6, 0xa7,
  0xf9, 0xbf, 0xda, 0xc7, 0x02, 0x0b, 0x22, 0x14, 0xa2, 0x14, 0xe3, 0x1c, 0xa1, 0x03, 0x82, 0x14,
  0x03, 0x15, 0xc0, 0x02, 0x0d, 0x66, 0xff, 0xff, 0xd6, 0xa7, 0xd2, 0x87, 0xd3, 0x8f, 0xd2, 0x87,
  0xd1, 0x7f, 0xd1, 0x77, 0xf3, 0x97, 0xf3, 0x97, 0xf2, 0x8f, 0xd2, 0x87, 0xd4, 0x9f, 0xd2, 0x87,
  0xd3, 0x97, 0xf8, 0xbf, 0xfe, 0xff, 0x77, 0xb7, 0xa0, 0x02, 0xc0, 0x02, 0x41, 0x03, 0xe0, 0x02,
  0x20, 0x03, 0xa1, 0x0b, 0x00, 0x03, 0x20, 0x03, 0xc0, 0x02, 0x80, 0x02, 0xc0, 0x02, 0xa0, 0x02,
  0xc0, 0x02, 0xc0, 0x02, 0xc0, 0x02, 0xe0, 0x0a, 0xe0, 0x0a, 0xc0, 0x02, 0xa0, 0x02, 0xe0, 0x02,
  0x00, 0x0b, 0x20, 0x0b, 0x20, 0x0b, 0xe0, 0x02, 0xe0, 0x02, 0x82, 0x1c, 0x44, 0x2d, 0xe1, 0x13,
  0xe1, 0x0b, 0xe1, 0x0b, 0xa1, 0x0b, 0x81, 0x0b, 0x01, 0x0b, 0x40, 0x02, 0x64, 0x23, 0x9b, 0xdf,
  0xff, 0xff, 0xd7, 0xbf, 0xcf, 0x6f, 0xd0, 0x7f, 0xd2, 0x8f, 0xae, 0x5f, 0x8d, 0x57, 0xcf, 0x6f,
  0x8e, 0x67, 0xaf, 0x77, 0xaf, 0x6f, 0xae, 0x6f, 0xfd, 0xef, 0xf9, 0xcf, 0xfc, 0xef, 0xef, 0x7e,
  0x40, 0x03, 0x42, 0x1c, 0x42, 0x14, 0x27, 0x46, 0x46, 0x3e, 0x82, 0x1c, 0xe0, 0x0a, 0x61, 0x13,
  0xc1, 0x0a, 0x41, 0x1b, 0x21, 0x1b, 0x41, 0x1b, 0xa1, 0x1a, 0x81, 0x1a, 0x21, 0x23, 0x21, 0x1b,
  0xa1, 0x1a, 0xc1, 0x22, 0x83, 0x3b, 0x21, 0x23, 0xe1, 0x2a, 0x01, 0x23, 0xc1, 0x22, 0xa1, 0x1a,
  0xc1, 0x1a, 0x81, 0x1a, 0x61, 0x1a, 0x81, 0x1a, 0xa1, 0x1a, 0x81, 0x22, 0x80, 0x22, 0x61, 0x1a,
  0x60, 0x1a, 0x40, 0x1a, 0x41, 0x1a, 0x61, 0x1a, 0x81, 0x1a, 0x60, 0x1a, 0x20, 0x1a, 0x20, 0x1a,
  0xe0, 0x19, 0x21, 0x1a, 0x21, 0x1a, 0x00, 0x12, 0xe0, 0x11, 0x00, 0x1a, 0x00, 0x1a, 0x41, 0x1a,
  0x21, 0x22, 0x60, 0x1a, 0xe0, 0x01, 0xe0, 0x19, 0xa0, 0x02, 0xe0, 0x07, 0x00, 0x00, 0x00, 0x00,
  0x00, 0x00, 0x00, 0x00, 0x00, 0x00, 0x00, 0x00, 0x00, 0x00, 0x00, 0x00, 0xa0, 0x52, 0x00, 0x00,
  0x00, 0x00, 0x00, 0x00, 0x00, 0x00, 0x00, 0x00, 0x00, 0x00, 0x00, 0x00, 0x00, 0x00, 0x00, 0x00,
  0x00, 0x00, 0x00, 0x00, 0x00, 0x00, 0x00, 0x00, 0x00, 0x00, 0x00, 0x00, 0x00, 0x00, 0x00, 0x00,
  0x00, 0x00, 0x00, 0x00, 0x00, 0x00, 0x00, 0x00, 0xe0, 0x07, 0x00, 0x00, 0x42, 0x3b, 0x62, 0x3b,
  0x00, 0x00, 0xe0, 0x07, 0x00, 0x00, 0x42, 0x3b, 0x22, 0x33, 0xe0, 0x07, 0x20, 0x33, 0x61, 0x3b,
  0x42, 0x33, 0x42, 0x33, 0x00, 0x00, 0xe0, 0x03, 0x00, 0x00, 0x00, 0x00, 0x00, 0x00, 0x41, 0x33,
  0x23, 0x33, 0x23, 0x33, 0xe1, 0x22, 0x21, 0x2b, 0x42, 0x33, 0x80, 0x1a, 0x82, 0x23, 0x23, 0x2c,
  0x26, 0x4e, 0xe4, 0x3d, 0xc3, 0x25, 0x6b, 0x6f, 0xcd, 0x87, 0xe3, 0x2c, 0xa0, 0x0a, 0x41, 0x13,
  0xe0, 0x02, 0x41, 0x0b, 0x40, 0x02, 0x63, 0x24, 0xfd, 0xf7, 0xf9, 0xd7, 0xad, 0x67, 0xf1, 0x8f,
  0xf2, 0x9f, 0xae, 0x77, 0x8c, 0x5f, 0xf4, 0xb7, 0xf6, 0xc7, 0xf5, 0xc7, 0xf7, 0xd7, 0xf5, 0xc7,
  0xd2, 0xa7, 0x8d, 0x67, 0xcf, 0x87, 0xf6, 0xcf, 0xfd, 0xff, 0x6e, 0x7e, 0x60, 0x02, 0x02, 0x14,
  0x41, 0x14, 0x81, 0x0b, 0x20, 0x0b, 0x81, 0x0b, 0x20, 0x0b, 0x40, 0x0b, 0xc0, 0x02, 0x20, 0x02,
  0x40, 0x02, 0x20, 0x02, 0x40, 0x02, 0x20, 0x02, 0x20, 0x02, 0xc0, 0x02, 0x81, 0x13, 0xc1, 0x13,
  0xe0, 0x02, 0x80, 0x02, 0x00, 0x02, 0x21, 0x13, 0xc4, 0x2d, 0xc0, 0x02, 0x00, 0x03, 0xc1, 0x0b,
  0x24, 0x25, 0x20, 0x0b, 0x04, 0x0b, 0x6d, 0x3e, 0xd6, 0x8f, 0xd2, 0x5f, 0xf3, 0x77, 0xb1, 0x5f,
  0xae, 0x3f, 0xb0, 0x4f, 0xd0, 0x57, 0xd0, 0x57, 0xf1, 0x5f, 0xf2, 0x77, 0xf3, 0x87, 0xf2, 0x77,
  0xf7, 0xbf, 0xf9, 0xcf, 0xfc, 0xe7, 0x9c, 0xdf, 0x41, 0x0b, 0xe3, 0x14, 0x42, 0x0c, 0xe2, 0x14,
  0x01, 0x0c, 0x62, 0x14, 0xa2, 0x14, 0x20, 0x03, 0xe2, 0x13, 0xfd, 0xef, 0xfb, 0xd7, 0xf2, 0x8f,
  0xd3, 0x8f, 0xd2, 0x87, 0xd1, 0x77, 0xd0, 0x6f, 0xf3, 0x97, 0xd1, 0x8f, 0xd1, 0x87, 0xd2, 0x7f,
  0xd1, 0x77, 0xd2, 0x87, 0xf3, 0x87, 0xf4, 0x9f, 0xfa, 0xd7, 0xfc, 0xef, 0x06, 0x35, 0x80, 0x02,
  0x22, 0x0c, 0x20, 0x03, 0x00, 0x03, 0x21, 0x14, 0xe1, 0x0b, 0xc0, 0x02, 0x00, 0x03, 0xe0, 0x02,
  0xc0, 0x02, 0x80, 0x02, 0xa0, 0x02, 0x80, 0x02, 0x80, 0x02, 0xa0, 0x02, 0xc0, 0x02, 0xe0, 0x02,
  0x20, 0x0b, 0x41, 0x0b, 0xe0, 0x02, 0x00, 0x03, 0x20, 0x03, 0x80, 0x03, 0x23, 0x1d, 0x82, 0x1c,
  0x20, 0x03, 0x22, 0x14, 0xc1, 0x0b, 0x80, 0x03, 0x80, 0x03, 0x81, 0x0b, 0x00, 0x02, 0x83, 0x13,
  0xba, 0xd7, 0xff, 0xff, 0xfd, 0xf7, 0xd5, 0xaf, 0x8f, 0x6f, 0xb0, 0x7f, 0xd5, 0xaf, 0xae, 0x67,
  0xad, 0x57, 0xb0, 0x77, 0x90, 0x6f, 0x90, 0x77, 0x6b, 0x47, 0xd8, 0xbf, 0xdb, 0xe7, 0xfc, 0xef,
  0x97, 0xbf, 0x80, 0x03, 0x81, 0x0b, 0x81, 0x14, 0xa5, 0x35, 0xe5, 0x2d, 0xa3, 0x24, 0xe2, 0x1b,
  0x81, 0x13, 0x21, 0x13, 0x01, 0x13, 0x81, 0x13, 0x02, 0x1c, 0x61, 0x1b, 0x41, 0x1b, 0xe1, 0x1a,
  0x41, 0x1b, 0x61, 0x23, 0xc2, 0x23, 0xc3, 0x2b, 0xe2, 0x1a, 0x21, 0x23, 0x01, 0x23, 0x61, 0x23,
  0xe1, 0x22, 0x80, 0x1a, 0xc1, 0x1a, 0x81, 0x1a, 0x81, 0x1a, 0x61, 0x1a, 0x61, 0x1a, 0x61, 0x1a,
  0x60, 0x1a, 0x61, 0x1a, 0x80, 0x1a, 0x60, 0x1a, 0x60, 0x1a, 0x60, 0x1a, 0x20, 0x1a, 0x20, 0x12,
  0x40, 0x1a, 0x20, 0x12, 0x20, 0x1a, 0x20, 0x12, 0x00, 0x12, 0xe0, 0x19, 0x21, 0x1a, 0x81, 0x12,
  0x21, 0x1a, 0x41, 0x1a, 0xe0, 0x19, 0x00, 0x00, 0x00, 0x00, 0xe0, 0x39, 0xa0, 0x02, 0x00, 0x00,
  0x00, 0x00, 0x00, 0x00, 0x00, 0x00, 0xe0, 0x07, 0x00, 0x00, 0x00, 0x00, 0x00, 0x00, 0x00, 0x00,
  0x61, 0x3a, 0xe0, 0x39, 0x60, 0x32, 0x40, 0x29, 0x00, 0x00, 0x00, 0x00, 0x00, 0x00, 0x00, 0x00,
  0x00, 0x00, 0x00, 0x00, 0x00, 0x00, 0x00, 0x00, 0x00, 0x00, 0x00, 0x00, 0x00, 0x00, 0x00, 0x00,
  0xe0, 0x7b, 0x00, 0x00, 0x00, 0x00, 0x00, 0x00, 0x00, 0x00, 0x00, 0x00, 0x00, 0x00, 0x00, 0x00,
  0x41, 0x3b, 0x64, 0x4b, 0x00, 0x00, 0x00, 0x00, 0x00, 0x00, 0x20, 0x33, 0xe7, 0x3b, 0xe0, 0x03,
  0xe0, 0x03, 0xa0, 0x52, 0x00, 0x00, 0x00, 0x00, 0x00, 0x78, 0x00, 0x00, 0x00, 0x00, 0x00, 0x00,
  0xe0, 0x03, 0xe0, 0x2b, 0xe0, 0x3a, 0x42, 0x2b, 0xe1, 0x2a, 0xe1, 0x2a, 0x82, 0x33, 0x62, 0x2b,
  0xc2, 0x2b, 0xc1, 0x23, 0x84, 0x34, 0x44, 0x3d, 0x82, 0x25, 0xa5, 0x46, 0x25, 0x3e, 0x85, 0x35,
  0xa0, 0x0a, 0xa2, 0x1b, 0x41, 0x0b, 0x80, 0x02, 0x80, 0x0a, 0x40, 0x0b, 0x97, 0xcf, 0xfb, 0xef,
  0xce, 0x77, 0xf0, 0x7f, 0xf1, 0x97, 0xae, 0x6f, 0x8d, 0x5f, 0xd0, 0x87, 0xf3, 0xb7, 0xf4, 0xbf,
  0xb1, 0x97, 0xf4, 0xbf, 0xf6, 0xd7, 0xd0, 0x97, 0x6b, 0x4f, 0xaf, 0x77, 0xf7, 0xcf, 0xf9, 0xd7,
  0xa8, 0x4c, 0x60, 0x0a, 0x42, 0x14, 0x60, 0x0b, 0xa1, 0x13, 0x02, 0x14, 0x61, 0x0b, 0x20, 0x0b,
  0xc0, 0x02, 0xa0, 0x02, 0x40, 0x02, 0x00, 0x02, 0xe0, 0x01, 0x20, 0x02, 0x40, 0x02, 0x20, 0x02,
  0xa0, 0x02, 0x21, 0x0b, 0x21, 0x0b, 0x21, 0x0b, 0x21, 0x0b, 0x42, 0x1c, 0x24, 0x2e, 0xa1, 0x13,
  0x41, 0x03, 0xa1, 0x0b, 0x42, 0x14, 0xe0, 0x02, 0x02, 0x03, 0x68, 0x25, 0xd6, 0x9f, 0xd1, 0x5f,
  0xf3, 0x7f, 0xb0, 0x57, 0x6d, 0x3f, 0x8f, 0x47, 0xd1, 0x57, 0xf2, 0x67, 0xf1, 0x5f, 0xf1, 0x6f,
  0xf1, 0x6f, 0xf2, 0x77, 0xf8, 0xcf, 0xfa, 0xdf, 0xfd, 0xef, 0xdb, 0xdf, 0xc2, 0x0b, 0x23, 0x15,
  0x42, 0x0c, 0x63, 0x1d, 0x21, 0x0c, 0x42, 0x0c, 0xe3, 0x1c, 0xa0, 0x03, 0x40, 0x03, 0x36, 0xa7,
  0xfe, 0xf7, 0xd1, 0x7f, 0xd1, 0x6f, 0xd1, 0x7f, 0xd0, 0x6f, 0xd3, 0x87, 0xaf, 0x5f, 0xf1, 0x7f,
  0xf3, 0x97, 0xd4, 0x97, 0xd3, 0x8f, 0xf2, 0x7f, 0xf3, 0x87, 0xf3, 0x97, 0xfa, 0xcf, 0xfd, 0xf7,
  0x55, 0xaf, 0xa0, 0x02, 0xa2, 0x13, 0xa1, 0x0b, 0x00, 0x03, 0x20, 0x03, 0xc2, 0x1c, 0x21, 0x0c,
  0x20, 0x03, 0xe0, 0x02, 0x20, 0x03, 0x20, 0x03, 0x00, 0x03, 0xa0, 0x02, 0xa0, 0x02, 0xc0, 0x02,
  0xe0, 0x02, 0xc0, 0x02, 0xa0, 0x02, 0x80, 0x02, 0xe0, 0x02, 0x20, 0x0b, 0xe1, 0x0b, 0x22, 0x25,
  0xa1, 0x0b, 0xa1, 0x0b, 0xa3, 0x1c, 0xe1, 0x13, 0x60, 0x03, 0x20, 0x03, 0xa1, 0x03, 0x40, 0x02,
  0x63, 0x1b, 0x99, 0xcf, 0xff, 0xff, 0xfd, 0xef, 0xfc, 0xef, 0xd4, 0x9f, 0x8e, 0x5f, 0xd3, 0x97,
  0x8e, 0x5f, 0x8d, 0x57, 0xd1, 0x77, 0xd3, 0x8f, 0x8f, 0x67, 0x8e, 0x5f, 0xb3, 0x9f, 0xfd, 0xf7,
  0xdc, 0xe7, 0xdb, 0xef, 0x84, 0x24, 0xe0, 0x02, 0x03, 0x1d, 0x03, 0x25, 0x86, 0x46, 0x62, 0x14,
  0x02, 0x1c, 0xc1, 0x13, 0xc1, 0x13, 0x41, 0x13, 0x41, 0x13, 0xa1, 0x13, 0x82, 0x24, 0x23, 0x2d,
  0x01, 0x1b, 0xa1, 0x1a, 0x41, 0x1b, 0x21, 0x23, 0xa1, 0x23, 0xa2, 0x2b, 0xc1, 0x22, 0x61, 0x23,
  0xa2, 0x2b, 0x61, 0x23, 0xc0, 0x1a, 0x80, 0x1a, 0x40, 0x1a, 0xc1, 0x1a, 0xc1, 0x1a, 0xc1, 0x1a,
  0xa1, 0x1a, 0xc1, 0x1a, 0xa1, 0x1a, 0x81, 0x1a, 0x60, 0x1a, 0x60, 0x1a, 0x40, 0x1a, 0x40, 0x1a,
  0x40, 0x12, 0x60, 0x1a, 0x40, 0x1a, 0x20, 0x1a, 0x41, 0x1a, 0x01, 0x1a, 0x00, 0x1a, 0x00, 0x22,
  0x41, 0x1a, 0xe1, 0x19, 0x40, 0x22, 0xe0, 0x19, 0x00, 0x50, 0xe0, 0x07, 0xe0, 0x03, 0xe0, 0x03,
  0xe0, 0x03, 0x00, 0x00, 0x00, 0x00, 0x00, 0x00, 0x00, 0x00, 0x00, 0x00, 0x00, 0x00, 0xa0, 0x02,
  0x00, 0x00, 0x00, 0x00, 0xe0, 0x01, 0xe0, 0x39, 0xe1, 0x39, 0x80, 0x31, 0x00, 0x00, 0x00, 0x00,
  0x00, 0x00, 0x00, 0x00, 0x00, 0x00, 0x00, 0x00, 0x00, 0x00, 0x00, 0x00, 0xe0, 0x07, 0x00, 0x00,
  0xc2, 0x32, 0xc1, 0x3a, 0x00, 0x00, 0x00, 0x00, 0x00, 0x00, 0x00, 0x00, 0x80, 0x3b, 0xe0, 0x03,
  0x00, 0x00, 0x00, 0x00, 0x00, 0x00, 0x00, 0x00, 0x00, 0x00, 0x00, 0x00, 0x00, 0x00, 0x00, 0x00,
  0x00, 0x00, 0x00, 0x00, 0x00, 0x00, 0x00, 0x00, 0x00, 0x00, 0x00, 0x00, 0x00, 0x00, 0x00, 0x00,
  0x00, 0x00, 0x00, 0x00, 0x40, 0x05, 0x60, 0x23, 0x20, 0x33, 0x81, 0x33, 0x22, 0x2b, 0x21, 0x2b,
  0x82, 0x33, 0x83, 0x33, 0xe1, 0x1a, 0xa2, 0x23, 0x22, 0x2c, 0xe1, 0x23, 0xc3, 0x24, 0x66, 0x3e,
  0x02, 0x25, 0xa2, 0x1b, 0x81, 0x0a, 0x61, 0x1b, 0xa1, 0x13, 0xc0, 0x02, 0xa1, 0x0a, 0x00, 0x02,
  0xed, 0x6d, 0xfe, 0xff, 0xf3, 0x9f, 0xae, 0x67, 0xd0, 0x87, 0xaf, 0x77, 0xaf, 0x6f, 0x8d, 0x67,
  0xaf, 0x7f, 0xcf, 0x7f, 0xce, 0x77, 0xf5, 0xc7, 0xd2, 0x9f, 0xce, 0x77, 0xad, 0x6f, 0x8d, 0x6f,
  0xd1, 0x9f, 0xf9, 0xdf, 0xf9, 0xcf, 0x61, 0x13, 0xc1, 0x02, 0xa1, 0x0b, 0x20, 0x0b, 0xa1, 0x13,
  0x41, 0x0b, 0x40, 0x0b, 0x01, 0x0b, 0xa0, 0x0a, 0x80, 0x02, 0x60, 0x02, 0x60, 0x02, 0x40, 0x02,
  0x40, 0x02, 0x20, 0x02, 0x41, 0x13, 0x42, 0x1c, 0x82, 0x13, 0x61, 0x0b, 0x81, 0x0b, 0x61, 0x0b,
  0xc1, 0x13, 0x23, 0x25, 0x22, 0x1c, 0x40, 0x03, 0x81, 0x0b, 0xa0, 0x02, 0xc0, 0x02, 0x4e, 0x66,
  0xf6, 0x9f, 0xb0, 0x5f, 0xd2, 0x6f, 0xb0, 0x4f, 0x8f, 0x3f, 0x8e, 0x3f, 0xd1, 0x57, 0xf2, 0x67,
  0xf1, 0x67, 0xf2, 0x77, 0xf3, 0x7f, 0xf3, 0x87, 0xf9, 0xd7, 0xfb, 0xe7, 0xfe, 0xff, 0x96, 0xbf,
  0x40, 0x03, 0x23, 0x15, 0x64, 0x1d, 0x63, 0x1d, 0x82, 0x14, 0x21, 0x0c, 0x62, 0x14, 0x82, 0x14,
  0xc0, 0x02, 0xe9, 0x44, 0xff, 0xff, 0xd5, 0xa7, 0xd1, 0x6f, 0xf2, 0x7f, 0xd3, 0x87, 0xf7, 0xbf,
  0xd4, 0x9f, 0xf8, 0xcf, 0xd6, 0xa7, 0xd3, 0x87, 0xf3, 0x8f, 0xd2, 0x87, 0xd1, 0x77, 0xf3, 0x8f,
  0xd4, 0x97, 0xd6, 0xaf, 0xfd, 0xf7, 0xcf, 0x75, 0xa0, 0x01, 0xa1, 0x0b, 0x61, 0x03, 0xc0, 0x02,
  0x81, 0x0b, 0xc2, 0x1c, 0x41, 0x14, 0xc1, 0x0b, 0x20, 0x03, 0xe0, 0x02, 0xe0, 0x02, 0xa0, 0x02,
  0xa0, 0x02, 0xa0, 0x02, 0xa0, 0x02, 0xe0, 0x02, 0x40, 0x0b, 0x40, 0x0b, 0xc1, 0x0b, 0xc2, 0x1c,
  0xc3, 0x1c, 0x80, 0x0b, 0x62, 0x1c, 0xc3, 0x24, 0x81, 0x13, 0x41, 0x0b, 0x20, 0x03, 0x60, 0x03,
  0x60, 0x02, 0x03, 0x1b, 0x9a, 0xd7, 0xff, 0xff, 0xfc, 0xe7, 0xf5, 0xa7, 0xd4, 0x9f, 0x8e, 0x5f,
  0x8d, 0x57, 0xd2, 0x87, 0xae, 0x5f, 0x8f, 0x67, 0xaf, 0x6f, 0xaf, 0x6f, 0xb1, 0x7f, 0xd2, 0x7f,
  0xf7, 0xbf, 0xfb, 0xdf, 0xfe, 0xff, 0x8d, 0x76, 0x20, 0x03, 0x43, 0x14, 0x01, 0x14, 0xe3, 0x1c,
  0xc5, 0x35, 0x02, 0x1c, 0x02, 0x1c, 0x22, 0x1c, 0x42, 0x24, 0x21, 0x13, 0xe1, 0x1b, 0x42, 0x1c,
  0xa0, 0x13, 0x03, 0x2d, 0x41, 0x1b, 0x21, 0x1b, 0x22, 0x2c, 0x61, 0x23, 0x41, 0x1b, 0x01, 0x1b,
  0x82, 0x23, 0xc2, 0x2b, 0x61, 0x23, 0xe1, 0x1a, 0x61, 0x1a, 0x81, 0x1a, 0x01, 0x1b, 0x41, 0x1b,
  0x41, 0x1b, 0x01, 0x1b, 0xa0, 0x1a, 0xe1, 0x1a, 0x01, 0x1b, 0x21, 0x1b, 0xe1, 0x1a, 0xa1, 0x1a,
  0xe0, 0x1a, 0xc0, 0x1a, 0xa0, 0x1a, 0x80, 0x1a, 0x41, 0x1a, 0x40, 0x1a, 0x20, 0x1a, 0x01, 0x1a,
  0x01, 0x12, 0x42, 0x1a, 0xe1, 0x19, 0xe0, 0x19, 0x80, 0x31, 0xa0, 0x2a, 0x83, 0x19, 0xa0, 0x02,
  0x00, 0x00, 0xe0, 0x07, 0xe0, 0x07, 0x00, 0x00, 0x00, 0x00, 0x00, 0x00, 0x00, 0x00, 0x00, 0x00,
  0xa0, 0x02, 0x61, 0x19, 0x80, 0x19, 0x00, 0x00, 0x00, 0x00, 0x00, 0x00, 0x00, 0x00, 0x00, 0x00,
  0x00, 0x00, 0x00, 0x00, 0x00, 0x00, 0x00, 0x00, 0x00, 0x00, 0x00, 0x00, 0x00, 0x00, 0x00, 0x00,
  0x00, 0x00, 0x00, 0x00, 0xc1, 0x32, 0x20, 0x33, 0x00, 0x00, 0x00, 0x00, 0x00, 0x00, 0xe2, 0x32,
  0xe2, 0x32, 0xa0, 0x52, 0x00, 0x00, 0x00, 0x00, 0x00, 0x00, 0x00, 0x00, 0x00, 0x00, 0x00, 0x00,
  0x00, 0x00, 0x00, 0x00, 0x00, 0x00, 0x00, 0x00, 0x00, 0x00, 0x00, 0x00, 0x00, 0x00, 0x00, 0x00,
  0x00, 0x00, 0x00, 0x00, 0x00, 0x00, 0x00, 0x00, 0xe0, 0x07, 0x00, 0x00, 0xe0, 0x2b, 0x42, 0x3b,
  0x41, 0x3b, 0x42, 0x33, 0x22, 0x2b, 0x62, 0x2b, 0x21, 0x2b, 0x42, 0x23, 0x63, 0x34, 0x41, 0x1b,
  0xa2, 0x24, 0x05, 0x3e, 0x81, 0x13, 0x01, 0x0b, 0xc1, 0x12, 0x80, 0x0a, 0x61, 0x0b, 0xa1, 0x13,
  0xe1, 0x0a, 0x40, 0x02, 0xc6, 0x2b, 0xfc, 0xdf, 0xf9, 0xcf, 0xd1, 0x87, 0xcf, 0x77, 0xf2, 0x97,
  0x8e, 0x6f, 0x8d, 0x67, 0xaf, 0x7f, 0xae, 0x7f, 0xaf, 0x87, 0xf3, 0xaf, 0xf1, 0x9f, 0xad, 0x67,
  0x8d, 0x67, 0x8d, 0x67, 0x8e, 0x77, 0xf4, 0xbf, 0xfb, 0xe7, 0x14, 0xaf, 0xc0, 0x02, 0xa0, 0x02,
  0x61, 0x0b, 0xc0, 0x02, 0x20, 0x0b, 0x00, 0x03, 0xe0, 0x0a, 0x00, 0x0b, 0xa0, 0x02, 0xc0, 0x0a,
  0xc0, 0x0a, 0xc0, 0x02, 0xa0, 0x02, 0x40, 0x02, 0x00, 0x02, 0x00, 0x02, 0xa0, 0x02, 0xa1, 0x0b,
  0x61, 0x0b, 0xe0, 0x0a, 0xa0, 0x02, 0xe5, 0x3d, 0x82, 0x1c, 0x81, 0x0b, 0xa1, 0x0b, 0xa1, 0x02,
  0xc0, 0x02, 0x54, 0x97, 0xf9, 0xaf, 0xd0, 0x57, 0xb0, 0x57, 0xb0, 0x57, 0xaf, 0x47, 0xb0, 0x47,
  0xd0, 0x57, 0xf1, 0x67, 0xf2, 0x77, 0xf1, 0x67, 0xf1, 0x67, 0xf3, 0x7f, 0xfa, 0xdf, 0xfa, 0xdf,
  0xff, 0xff, 0x6e, 0x76, 0x40, 0x02, 0xa2, 0x14, 0x03, 0x15, 0xa4, 0x25, 0xc2, 0x14, 0x01, 0x0c,
  0x21, 0x0c, 0xa2, 0x14, 0x62, 0x14, 0x60, 0x03, 0x38, 0xbf, 0xfd, 0xef, 0xd5, 0x9f, 0xd3, 0x87,
  0xf3, 0x87, 0xf5, 0xa7, 0xf7, 0xb7, 0xf2, 0x87, 0xd3, 0x87, 0xd3, 0x8f, 0xf2, 0x87, 0xf3, 0x97,
  0xf1, 0x7f, 0xd1, 0x77, 0xd2, 0x87, 0xf4, 0x9f, 0xf8, 0xc7, 0xfc, 0xe7, 0x2b, 0x4d, 0x00, 0x02,
  0x01, 0x0c, 0x61, 0x0b, 0x00, 0x03, 0x80, 0x0b, 0x81, 0x14, 0xe2, 0x1c, 0x61, 0x14, 0xe1, 0x0b,
  0x81, 0x0b, 0x81, 0x0b, 0x80, 0x0b, 0x60, 0x03, 0xa1, 0x0b, 0x41, 0x14, 0x80, 0x0b, 0xe1, 0x13,
  0x62, 0x1c, 0xc3, 0x1c, 0xa1, 0x0b, 0x22, 0x14, 0x42, 0x1c, 0xa0, 0x02, 0x41, 0x0b, 0x41, 0x0b,
  0x41, 0x0b, 0xa0, 0x02, 0x05, 0x2c, 0x99, 0xcf, 0xfe, 0xf7, 0xd9, 0xc7, 0xf6, 0xb7, 0xd1, 0x87,
  0xd1, 0x87, 0xce, 0x67, 0xae, 0x67, 0xb1, 0x77, 0xae, 0x5f, 0x8f, 0x6f, 0x8f, 0x6f, 0xb0, 0x77,
  0xd3, 0x97, 0xf4, 0xa7, 0xfc, 0xe7, 0xff, 0xff, 0x76, 0xb7, 0x81, 0x14, 0xc1, 0x0b, 0xe1, 0x0b,
  0xc2, 0x24, 0x05, 0x36, 0x46, 0x3e, 0x03, 0x25, 0x82, 0x1c, 0x02, 0x1c, 0x83, 0x24, 0x61, 0x13,
  0xa1, 0x1b, 0xc1, 0x13, 0x82, 0x24, 0xc2, 0x24, 0x62, 0x24, 0x22, 0x24, 0xc1, 0x23, 0x81, 0x23,
  0x81, 0x23, 0x61, 0x1b, 0x01, 0x1b, 0x80, 0x1a, 0xa0, 0x1a, 0xc2, 0x23, 0xe1, 0x23, 0xe1, 0x23,
  0x02, 0x24, 0x22, 0x24, 0x21, 0x24, 0xa1, 0x23, 0x81, 0x1b, 0xa1, 0x23, 0xc1, 0x23, 0x61, 0x1b,
  0x41, 0x1b, 0x00, 0x1b, 0xc0, 0x1a, 0x80, 0x1a, 0x20, 0x12, 0x20, 0x12, 0x41, 0x1a, 0x40, 0x1a,
  0x40, 0x1a, 0x21, 0x1a, 0x41, 0x1a, 0x22, 0x22, 0xc0, 0x11, 0xe0, 0x11, 0xe0, 0x19, 0xa0, 0x2a,
  0xa0, 0x2a, 0xe0, 0x03, 0xa0, 0x52, 0x00, 0x00, 0x00, 0x00, 0x00, 0x00, 0x00, 0x00, 0x00, 0x00,
  0x00, 0x00, 0x00, 0x00, 0x00, 0x00, 0xe0, 0x01, 0xe0, 0x01, 0x00, 0x00, 0x00, 0x00, 0x00, 0x00,
  0x00, 0x00, 0x00, 0x00, 0x00, 0x00, 0x00, 0x00, 0x00, 0x00, 0x00, 0x00, 0x00, 0x00, 0x00, 0x00,
  0x00, 0x00, 0x00, 0x00, 0x00, 0x00, 0x00, 0x00, 0x00, 0x00, 0x00, 0x00, 0x00, 0x00, 0x00, 0x00,
  0x00, 0x00, 0xe1, 0x32, 0x02, 0x33, 0xe0, 0x03, 0x00, 0x00, 0x00, 0x00, 0x00, 0x00, 0x00, 0x00,
  0x00, 0x00, 0x00, 0x00, 0x00, 0x00, 0x00, 0x00, 0x00, 0x00, 0x00, 0x00, 0x00, 0x00, 0x00, 0x00,
  0x00, 0x00, 0x00, 0x00, 0x00, 0x00, 0xe0, 0x07, 0xe3, 0x3b, 0xe0, 0x07, 0x00, 0x00, 0xe0, 0x3b,
  0x26, 0x33, 0x22, 0x33, 0x43, 0x33, 0x43, 0x2b, 0x02, 0x2b, 0x82, 0x33, 0x42, 0x2b, 0x42, 0x2b,
  0x62, 0x2b, 0xe1, 0x22, 0x81, 0x13, 0x41, 0x1c, 0x81, 0x13, 0xa0, 0x0a, 0xe1, 0x12, 0x60, 0x0a,
  0x60, 0x02, 0x81, 0x13, 0x41, 0x0b, 0xa1, 0x0a, 0x00, 0x02, 0x0e, 0x76, 0xfc, 0xef, 0xd2, 0x97,
  0xaf, 0x6f, 0xf2, 0x97, 0xae, 0x77, 0xd0, 0x8f, 0xd1, 0x97, 0xae, 0x7f, 0xce, 0x77, 0xad, 0x6f,
  0xcf, 0x8f, 0xce, 0x77, 0xae, 0x6f, 0x8d, 0x67, 0xf2, 0x9f, 0xb0, 0x8f, 0xd3, 0xb7, 0xfd, 0xf7,
  0x16, 0xb7, 0xc2, 0x12, 0x40, 0x02, 0x61, 0x0b, 0x00, 0x03, 0xe0, 0x02, 0xc0, 0x0a, 0xc0, 0x02,
  0xc0, 0x02, 0xa0, 0x02, 0x80, 0x02, 0x60, 0x02, 0x60, 0x02, 0xc0, 0x02, 0xc0, 0x02, 0x80, 0x02,
  0xe0, 0x02, 0x61, 0x0b, 0x21, 0x0b, 0x61, 0x13, 0x01, 0x0b, 0xe1, 0x02, 0x00, 0x03, 0xc0, 0x02,
  0xe2, 0x13, 0x60, 0x02, 0xe7, 0x33, 0xfc, 0xdf, 0xf9, 0xa7, 0xef, 0x4f, 0xd0, 0x5f, 0xaf, 0x4f,
  0xb0, 0x4f, 0xd2, 0x57, 0xd0, 0x57, 0xf1, 0x67, 0xf3, 0x7f, 0xd1, 0x5f, 0xf1, 0x5f, 0xf4, 0x97,
  0xfa, 0xd7, 0xf6, 0xbf, 0xfe, 0xf7, 0x4b, 0x5d, 0xa0, 0x02, 0xc3, 0x14, 0xa2, 0x0c, 0x26, 0x2e,
  0xc4, 0x2d, 0x01, 0x0c, 0x42, 0x14, 0x62, 0x0c, 0x23, 0x15, 0x80, 0x03, 0xea, 0x44, 0xff, 0xff,
  0xfa, 0xd7, 0xf6, 0xa7, 0xd4, 0x8f, 0xf5, 0x9f, 0xf3, 0x8f, 0xcf, 0x67, 0xcf, 0x5f, 0xd0, 0x6f,
  0xd0, 0x6f, 0xd0, 0x6f, 0xf0, 0x77, 0xb0, 0x67, 0xb2, 0x7f, 0xf3, 0x87, 0xf4, 0x9f, 0xf9, 0xd7,
  0xba, 0xcf, 0x25, 0x23, 0x80, 0x02, 0xc1, 0x0b, 0x20, 0x03, 0x41, 0x03, 0x40, 0x0b, 0xc1, 0x0b,
  0xc2, 0x1c, 0xe2, 0x1c, 0xa2, 0x1c, 0x23, 0x1d, 0x43, 0x1d, 0x43, 0x25, 0x83, 0x25, 0x04, 0x36,
  0x43, 0x25, 0x03, 0x25, 0x62, 0x1c, 0x61, 0x0b, 0x40, 0x0b, 0x61, 0x0b, 0xe0, 0x02, 0x60, 0x0b,
  0xc1, 0x0b, 0xe1, 0x0a, 0xc0, 0x01, 0x24, 0x2c, 0xfb, 0xdf, 0xff, 0xff, 0xfa, 0xdf, 0x6d, 0x5f,
  0x8c, 0x57, 0x6c, 0x4f, 0x6a, 0x47, 0xac, 0x57, 0xae, 0x67, 0xae, 0x5f, 0xae, 0x67, 0xd1, 0x7f,
  0xd1, 0x7f, 0xf5, 0xa7, 0xf6, 0xb7, 0xfb, 0xdf, 0xff, 0xff, 0xb7, 0xbf, 0xe3, 0x0d, 0x01, 0x0c,
  0xe1, 0x0b, 0x03, 0x25, 0x46, 0x3e, 0xc4, 0x2d, 0xc4, 0x2d, 0xa4, 0x2d, 0x62, 0x24, 0xa0, 0x0a,
  0x81, 0x13, 0x02, 0x14, 0xc3, 0x24, 0xe1, 0x1b, 0x62, 0x24, 0xe3, 0x2c, 0x42, 0x24, 0xc2, 0x2c,
  0x22, 0x2c, 0xc1, 0x23, 0xc1, 0x1b, 0xa1, 0x1a, 0x81, 0x12, 0x02, 0x24, 0x23, 0x35, 0x63, 0x35,
  0xa2, 0x24, 0x62, 0x24, 0x82, 0x2c, 0xa2, 0x2c, 0x82, 0x2c, 0x22, 0x24, 0xe1, 0x23, 0xa1, 0x1b,
  0x41, 0x1b, 0xc0, 0x12, 0xc1, 0x1a, 0x80, 0x1a, 0x20, 0x1a, 0x21, 0x1a, 0x20, 0x1a, 0x40, 0x1a,
  0x41, 0x1a, 0x40, 0x1a, 0x20, 0x12, 0x00, 0x12, 0x00, 0x12, 0x41, 0x22, 0x61, 0x1a, 0x22, 0x12,
  0xa0, 0x2a, 0x40, 0x22, 0x20, 0x33, 0x00, 0x00, 0xa0, 0x02, 0x00, 0x00, 0x00, 0x00, 0x00, 0x00,
  0x00, 0x00, 0x00, 0x00, 0x00, 0x00, 0x00, 0x00, 0x00, 0x00, 0x00, 0x00, 0x00, 0x00, 0x00, 0x00,
  0x00, 0x00, 0x00, 0x00, 0x00, 0x00, 0x00, 0x00, 0x00, 0x00, 0x00, 0x00, 0x00, 0x00, 0x00, 0x00,
  0x00, 0x00, 0x00, 0x00, 0x00, 0x00, 0xe0, 0x39, 0x01, 0x43, 0xe0, 0x2b, 0x00, 0x00, 0x00, 0x00,
  0x00, 0x00, 0x00, 0x00, 0x00, 0x00, 0x00, 0x00, 0xe0, 0x07, 0x00, 0x00, 0x00, 0x00, 0x00, 0x00,
  0x00, 0x00, 0x00, 0x00, 0x00, 0x00, 0x00, 0x00, 0x00, 0x00, 0x00, 0x00, 0x00, 0x00, 0x00, 0x00,
  0xa0, 0x52, 0x00, 0x00, 0x00, 0x00, 0x00, 0x00, 0xe0, 0x07, 0xe0, 0x7b, 0xe7, 0x3b, 0xe0, 0x07,
  0xe0, 0x03, 0xe0, 0x1a, 0x20, 0x33, 0x62, 0x23, 0x45, 0x2b, 0x83, 0x3b, 0x42, 0x33, 0x22, 0x2b,
  0x01, 0x23, 0xa1, 0x22, 0x22, 0x2b, 0x82, 0x2b, 0xc0, 0x12, 0x01, 0x13, 0x21, 0x13, 0x41, 0x1b,
  0x40, 0x0a, 0x60, 0x0a, 0x80, 0x02, 0x61, 0x13, 0xa2, 0x13, 0x21, 0x13, 0x60, 0x02, 0x21, 0x13,
  0xb9, 0xdf, 0xdc, 0xe7, 0x6b, 0x5f, 0xce, 0x77, 0xd1, 0x8f, 0xaf, 0x7f, 0xd0, 0x87, 0xcf, 0x7f,
  0xaf, 0x87, 0xae, 0x7f, 0xad, 0x6f, 0xcf, 0x87, 0xf1, 0x9f, 0xae, 0x77, 0xae, 0x77, 0x8d, 0x6f,
  0x8e, 0x77, 0xf7, 0xc7, 0xff, 0xff, 0x77, 0xc7, 0xc4, 0x23, 0xe0, 0x01, 0xc1, 0x0b, 0xc2, 0x0b,
  0x61, 0x0b, 0x20, 0x03, 0xc0, 0x02, 0xc0, 0x02, 0xc0, 0x02, 0xa0, 0x02, 0x60, 0x02, 0x20, 0x0b,
  0x60, 0x0b, 0x41, 0x0b, 0xa1, 0x0b, 0x40, 0x0b, 0x20, 0x03, 0x40, 0x03, 0x61, 0x0b, 0x61, 0x0b,
  0x81, 0x03, 0xc2, 0x0b, 0xe1, 0x0a, 0x02, 0x1b, 0x59, 0xd7, 0xfd, 0xf7, 0xf8, 0xaf, 0xd0, 0x4f,
  0x8e, 0x4f, 0x8e, 0x47, 0x8e, 0x3f, 0xd1, 0x5f, 0xd1, 0x5f, 0xd1, 0x5f, 0xf2, 0x6f, 0xd1, 0x67,
  0xd0, 0x57, 0xd3, 0x87, 0xfb, 0xef, 0xd9, 0xd7, 0xfa, 0xd7, 0x66, 0x2c, 0x40, 0x03, 0xc3, 0x14,
  0x80, 0x03, 0x63, 0x1d, 0xc6, 0x36, 0x41, 0x0c, 0x01, 0x0c, 0x62, 0x14, 0x81, 0x0c, 0x42, 0x0c,
  0xc0, 0x02, 0xf1, 0x86, 0xff, 0xff, 0xf8, 0xbf, 0x8e, 0x5f, 0xb1, 0x77, 0xaf, 0x67, 0xb1, 0x77,
  0xd1, 0x77, 0xb0, 0x6f, 0xaf, 0x67, 0xaf, 0x67, 0xaf, 0x67, 0xaf, 0x67, 0xb0, 0x77, 0xd0, 0x7f,
  0xb0, 0x77, 0xd6, 0xb7, 0xfa, 0xef, 0xb9, 0xcf, 0x61, 0x0a, 0x80, 0x02, 0x01, 0x0c, 0x20, 0x03,
  0xc0, 0x02, 0xa0, 0x02, 0x40, 0x03, 0x80, 0x0b, 0x81, 0x0b, 0x01, 0x14, 0xe1, 0x0b, 0x61, 0x14,
  0x42, 0x14, 0x21, 0x14, 0x82, 0x14, 0x01, 0x0c, 0x40, 0x03, 0x80, 0x03, 0x60, 0x03, 0x80, 0x03,
  0xa1, 0x0b, 0xc1, 0x0b, 0x60, 0x02, 0xa0, 0x01, 0x09, 0x45, 0xdb, 0xdf, 0xff, 0xff, 0xfe, 0xf7,
  0xb5, 0x9f, 0x4a, 0x47, 0x8f, 0x77, 0xaf, 0x77, 0x8c, 0x5f, 0xb1, 0x87, 0x8e, 0x6f, 0x8f, 0x6f,
  0xd2, 0x8f, 0xd2, 0x8f, 0xb1, 0x87, 0xd8, 0xc7, 0xfc, 0xe7, 0xfe, 0xf7, 0xfb, 0xdf, 0x87, 0x3e,
  0x21, 0x0d, 0xa1, 0x13, 0x22, 0x14, 0x48, 0x57, 0x66, 0x3e, 0x23, 0x1d, 0xa2, 0x24, 0x64, 0x2d,
  0x62, 0x24, 0xe3, 0x2c, 0xe3, 0x2c, 0x83, 0x24, 0xa3, 0x2c, 0xe1, 0x1b, 0x23, 0x2d, 0xa4, 0x2d,
  0xc2, 0x23, 0xe1, 0x1a, 0x80, 0x12, 0x41, 0x1b, 0x63, 0x2c, 0xe3, 0x2c, 0x44, 0x35, 0x84, 0x35,
  0x23, 0x35, 0xc3, 0x2c, 0xe3, 0x2c, 0x24, 0x35, 0xe3, 0x2c, 0xa3, 0x2c, 0xa3, 0x2c, 0x42, 0x24,
  0xa1, 0x1b, 0x01, 0x13, 0x81, 0x12, 0x21, 0x12, 0x20, 0x1a, 0x01, 0x1a, 0xe0, 0x19, 0x20, 0x1a,
  0xe0, 0x19, 0x00, 0x1a, 0x41, 0x1a, 0x41, 0x1a, 0x41, 0x1a, 0x41, 0x1a, 0x21, 0x1a, 0x61, 0x22,
  0x41, 0x22, 0x40, 0x22, 0xa0, 0x52, 0xe0, 0x01, 0xe0, 0x7b, 0xe0, 0x7b, 0x00, 0x00, 0x00, 0x00,
  0x00, 0x00, 0x00, 0x00, 0x00, 0x00, 0x00, 0x00, 0x00, 0x00, 0x00, 0x00, 0x00, 0x00, 0x00, 0x00,
  0x00, 0x00, 0x00, 0x00, 0x00, 0x00, 0x00, 0x00, 0x00, 0x00, 0x00, 0x00, 0x00, 0x00, 0xe0, 0x07,
  0x00, 0x00, 0x00, 0x00, 0x00, 0x00, 0x00, 0x00, 0x00, 0x00, 0xc2, 0x3a, 0xe2, 0x3a, 0x02, 0x3b,
  0x00, 0xf8, 0xa0, 0x52, 0x00, 0x00, 0x00, 0x00, 0x00, 0x00, 0x00, 0x00, 0x00, 0x00, 0xe0, 0x7b,
  0x00, 0x00, 0x00, 0x00, 0x00, 0x00, 0x00, 0x00, 0x00, 0x00, 0x00, 0x00, 0xe0, 0x7b, 0xe0, 0x3b,
  0x00, 0x00, 0xe0, 0x07, 0xe0, 0x3b, 0xe0, 0x03, 0xe0, 0x07, 0x00, 0x00, 0xe5, 0x2b, 0xa0, 0x52,
  0xe5, 0x3b, 0x83, 0x1b, 0xe0, 0x3b, 0xe7, 0x39, 0xe0, 0xff, 0xe7, 0x3b, 0x40, 0x55, 0xe0, 0x03,
  0x20, 0x33, 0x22, 0x2b, 0x22, 0x2b, 0xe1, 0x22, 0xc1, 0x22, 0xc1, 0x1a, 0x21, 0x1b, 0xe1, 0x12,
  0xa0, 0x12, 0x21, 0x1b, 0xa0, 0x12, 0x01, 0x13, 0x01, 0x0b, 0x61, 0x13, 0xa2, 0x13, 0x41, 0x0b,
  0x22, 0x13, 0xe0, 0x01, 0xe7, 0x44, 0xff, 0xff, 0xb3, 0x9f, 0x6b, 0x4f, 0x4c, 0x5f, 0x6c, 0x5f,
  0xf1, 0x97, 0xd0, 0x87, 0xd0, 0x87, 0xf1, 0x9f, 0xae, 0x77, 0x8c, 0x57, 0xcf, 0x7f, 0xcf, 0x87,
  0x8d, 0x67, 0x8d, 0x6f, 0x8c, 0x5f, 0xad, 0x67, 0xd5, 0xbf, 0xfe, 0xff, 0xfd, 0xe7, 0xd1, 0x85,
  0x40, 0x02, 0xa0, 0x02, 0x00, 0x03, 0x61, 0x0b, 0x00, 0x03, 0x00, 0x03, 0x00, 0x03, 0x41, 0x0b,
  0xe0, 0x0a, 0xa0, 0x02, 0x81, 0x0b, 0x22, 0x1c, 0x22, 0x14, 0xc1, 0x0b, 0x81, 0x0b, 0x60, 0x03,
  0x60, 0x03, 0xe1, 0x0b, 0x22, 0x0c, 0x80, 0x02, 0xe2, 0x12, 0x37, 0xc7, 0xfd, 0xef, 0xfa, 0xd7,
  0xf5, 0x97, 0xcf, 0x4f, 0xb0, 0x5f, 0xcf, 0x57, 0xd0, 0x67, 0xf1, 0x67, 0xd1, 0x5f, 0xd0, 0x57,
  0xd1, 0x67, 0xd0, 0x67, 0xd0, 0x5f, 0xf2, 0x87, 0xfb, 0xe7, 0xfa, 0xdf, 0xfa, 0xcf, 0xe4, 0x1b,
  0x00, 0x03, 0xe1, 0x0b, 0x00, 0x03, 0x60, 0x03, 0x04, 0x26, 0xc4, 0x25, 0x01, 0x04, 0x62, 0x14,
  0x61, 0x14, 0xc2, 0x1c, 0xa1, 0x0b, 0x40, 0x03, 0x75, 0xaf, 0xff, 0xff, 0xd5, 0x97, 0xce, 0x57,
  0xd1, 0x6f, 0xd1, 0x77, 0xd1, 0x7f, 0xd0, 0x6f, 0x8f, 0x5f, 0xaf, 0x67, 0xaf, 0x67, 0x8e, 0x5f,
  0x8f, 0x67, 0xf3, 0x9f, 0xd2, 0x97, 0xd3, 0x9f, 0xdb, 0xef, 0xfd, 0xf7, 0x78, 0xcf, 0x05, 0x2b,
  0x40, 0x02, 0xc2, 0x13, 0xa1, 0x0b, 0x00, 0x03, 0xe0, 0x02, 0x00, 0x03, 0x40, 0x03, 0xe0, 0x02,
  0xe0, 0x02, 0xe0, 0x02, 0xc0, 0x02, 0xc0, 0x02, 0x80, 0x03, 0x60, 0x03, 0x81, 0x03, 0xa1, 0x0b,
  0xa1, 0x0b, 0xa1, 0x13, 0x60, 0x02, 0x00, 0x02, 0xa3, 0x1b, 0xb1, 0x8e, 0xfe, 0xf7, 0xdf, 0xff,
  0xfd, 0xf7, 0xfb, 0xe7, 0xd5, 0xa7, 0x90, 0x7f, 0xb2, 0x8f, 0x8e, 0x6f, 0xf2, 0x9f, 0xd1, 0x8f,
  0xaf, 0x6f, 0xf4, 0x9f, 0xd1, 0x8f, 0xae, 0x6f, 0xfb, 0xd7, 0xff, 0xf7, 0xff, 0xff, 0xfd, 0xe7,
  0xcd, 0x66, 0xe1, 0x0c, 0x01, 0x14, 0xe1, 0x13, 0x67, 0x46, 0xa7, 0x46, 0x25, 0x36, 0xe2, 0x1c,
  0x01, 0x14, 0x64, 0x2d, 0xc2, 0x24, 0x43, 0x2d, 0xe7, 0x4e, 0x44, 0x35, 0x42, 0x24, 0xa2, 0x24,
  0xc1, 0x1b, 0x40, 0x13, 0x21, 0x1b, 0xc2, 0x23, 0x44, 0x35, 0x25, 0x3e, 0x24, 0x36, 0xe4, 0x35,
  0xa4, 0x35, 0x23, 0x2d, 0x02, 0x25, 0x84, 0x35, 0x64, 0x35, 0x03, 0x2d, 0xe2, 0x2c, 0xa2, 0x2c,
  0x01, 0x24, 0x41, 0x1b, 0xa1, 0x12, 0x40, 0x12, 0x00, 0x12, 0x00, 0x1a, 0x20, 0x1a, 0x01, 0x1a,
  0x00, 0x1a, 0x00, 0x1a, 0x00, 0x1a, 0x20, 0x1a, 0x41, 0x22, 0x21, 0x1a, 0x21, 0x1a, 0x42, 0x22,
  0x61, 0x1a, 0x22, 0x22, 0xe0, 0x11, 0x40, 0x22, 0xa0, 0x02, 0xa0, 0x52, 0x01, 0x1a, 0x41, 0x1a,
  0x00, 0x00, 0x00, 0x00, 0x00, 0x00, 0x00, 0x00, 0x00, 0x00, 0x00, 0x00, 0x00, 0x00, 0x00, 0x00,
  0x00, 0x00, 0x00, 0x00, 0x00, 0x00, 0x00, 0x00, 0x00, 0x00, 0x00, 0x00, 0x00, 0x00, 0x00, 0x00,
  0x00, 0x00, 0x00, 0x00, 0x00, 0x00, 0x00, 0x00, 0x00, 0x00, 0x00, 0x00, 0x00, 0x00, 0xa2, 0x3a,
  0xc2, 0x3a, 0xa2, 0x32, 0x00, 0x00, 0x00, 0x00, 0x00, 0x00, 0x00, 0x00, 0x00, 0x00, 0x44, 0x22,
  0x02, 0x33, 0x02, 0x3b, 0x00, 0x00, 0x00, 0x00, 0x00, 0x00, 0x00, 0x00, 0x00, 0x00, 0x00, 0x00,
  0x00, 0x00, 0xe7, 0x3b, 0xe0, 0x07, 0xe0, 0x03, 0x82, 0x43, 0x00, 0x00, 0x00, 0x00, 0x00, 0x00,
  0xe7, 0x39, 0xe0, 0x3b, 0x00, 0x00, 0x00, 0x00, 0xe0, 0x39, 0xe3, 0x3b, 0xa0, 0x52, 0xe0, 0x03,
  0xe0, 0x07, 0xe0, 0x07, 0xe5, 0x53, 0x82, 0x2b, 0x22, 0x2b, 0xe1, 0x2a, 0xa1, 0x22, 0x61, 0x1a,
  0x01, 0x1b, 0x21, 0x1b, 0xe0, 0x12, 0xe1, 0x12, 0xa0, 0x12, 0x21, 0x13, 0xc0, 0x0a, 0xe0, 0x0a,
  0xc2, 0x13, 0xc2, 0x13, 0xe1, 0x0a, 0x21, 0x13, 0x40, 0x02, 0xb1, 0x96, 0xff, 0xff, 0xb3, 0xa7,
  0x6b, 0x57, 0x2a, 0x4f, 0xaf, 0x7f, 0xcf, 0x7f, 0x8d, 0x67, 0xcf, 0x87, 0xd0, 0x87, 0xae, 0x77,
  0xae, 0x77, 0xf0, 0x87, 0xf1, 0x97, 0xaf, 0x77, 0x8e, 0x6f, 0x8d, 0x67, 0xae, 0x6f, 0xd3, 0xa7,
  0xfa, 0xdf, 0xfe, 0xff, 0xb9, 0xd7, 0xaa, 0x65, 0x62, 0x1b, 0xc0, 0x01, 0xa0, 0x02, 0xc0, 0x02,
  0x01, 0x03, 0x82, 0x13, 0xe2, 0x13, 0x02, 0x14, 0x22, 0x14, 0xc1, 0x13, 0xa1, 0x0b, 0xa1, 0x0b,
  0xc1, 0x0b, 0xa2, 0x0b, 0x61, 0x0b, 0x20, 0x03, 0x60, 0x02, 0x25, 0x2c, 0xb7, 0xbf, 0xfd, 0xef,
  0xd5, 0xaf, 0xf5, 0x97, 0xf2, 0x7f, 0xd1, 0x6f, 0xf2, 0x7f, 0xf1, 0x7f, 0xd1, 0x77, 0xd1, 0x6f,
  0xd1, 0x67, 0xd1, 0x67, 0xf0, 0x5f, 0xf2, 0x7f, 0xd0, 0x6f, 0xf1, 0x6f, 0xfb, 0xdf, 0xfc, 0xef,
  0xf8, 0xcf, 0x82, 0x13, 0xc0, 0x02, 0x20, 0x03, 0x61, 0x03, 0x81, 0x0b, 0xc1, 0x0b, 0x85, 0x2e,
  0x63, 0x1d, 0x41, 0x0c, 0x61, 0x14, 0x61, 0x14, 0xa2, 0x14, 0x00, 0x03, 0xe3, 0x1b, 0xfc, 0xdf,
  0xff, 0xff, 0xf6, 0x9f, 0xae, 0x57, 0xb0, 0x6f, 0xd1, 0x77, 0xd1, 0x77, 0xb0, 0x6f, 0xb0, 0x67,
  0xb0, 0x6f, 0x8e, 0x5f, 0xb0, 0x6f, 0xd4, 0x9f, 0x8f, 0x67, 0xb0, 0x7f, 0xfa, 0xd7, 0xfb, 0xe7,
  0xfe, 0xff, 0xdb, 0xdf, 0xaa, 0x4c, 0xe0, 0x01, 0xc0, 0x02, 0x20, 0x0b, 0x81, 0x0b, 0xa1, 0x0b,
  0x61, 0x0b, 0x41, 0x0b, 0x40, 0x0b, 0x40, 0x03, 0x81, 0x0b, 0xc1, 0x13, 0xa1, 0x0b, 0x61, 0x0b,
  0x81, 0x0b, 0x20, 0x03, 0xe0, 0x02, 0x00, 0x02, 0x44, 0x23, 0x0d, 0x6e, 0xfa, 0xdf, 0xff, 0xff,
  0xff, 0xff, 0xfd, 0xef, 0xfc, 0xef, 0xd5, 0xb7, 0xb1, 0x87, 0xd2, 0x8f, 0x8d, 0x6f, 0xaf, 0x7f,
  0xd1, 0x8f, 0xd4, 0xaf, 0xf5, 0xa7, 0xf1, 0x87, 0xd2, 0x8f, 0xfa, 0xd7, 0xff, 0xff, 0xff, 0xff,
  0xda, 0xcf, 0x2b, 0x57, 0x82, 0x15, 0x21, 0x0b, 0x22, 0x14, 0x26, 0x3e, 0x09, 0x57, 0x45, 0x36,
  0x46, 0x3e, 0x41, 0x0c, 0x04, 0x36, 0x25, 0x36, 0x42, 0x25, 0x43, 0x2d, 0xc4, 0x35, 0x43, 0x2d,
  0x82, 0x24, 0x82, 0x2c, 0x23, 0x35, 0x25, 0x3e, 0x25, 0x3e, 0x65, 0x3e, 0x24, 0x36, 0x42, 0x25,
  0x62, 0x25, 0xc4, 0x35, 0xe4, 0x35, 0xc4, 0x35, 0x05, 0x3e, 0x84, 0x2d, 0xa2, 0x24, 0x41, 0x24,
  0xc1, 0x1b, 0x00, 0x1b, 0x60, 0x12, 0x60, 0x12, 0x20, 0x1a, 0x20, 0x1a, 0x00, 0x1a, 0xe0, 0x11,
  0x00, 0x1a, 0x21, 0x1a, 0x40, 0x1a, 0x01, 0x22, 0x60, 0x1a, 0x20, 0x1a, 0xa2, 0x22, 0xe2, 0x29,
  0xe0, 0x1a, 0x40, 0x22, 0x41, 0x22, 0x41, 0x22, 0x00, 0x00, 0x00, 0x00, 0x00, 0x00, 0xe0, 0x03,
  0xe0, 0x01, 0x20, 0x2a, 0x00, 0x00, 0x00, 0x00, 0x00, 0x00, 0x00, 0x00, 0x00, 0x00, 0x00, 0x00,
  0x00, 0x00, 0x00, 0x00, 0x00, 0x00, 0x00, 0x00, 0x00, 0x00, 0x00, 0x00, 0x00, 0x00, 0x00, 0x00,
  0x00, 0x00, 0x00, 0x00, 0x00, 0x00, 0x00, 0x00, 0x00, 0x00, 0x00, 0x00, 0x00, 0x00, 0x00, 0x00,
  0x00, 0x00, 0xe0, 0x7b, 0x00, 0x00, 0x00, 0x00, 0x00, 0x00, 0x00, 0x00, 0x00, 0x00, 0x00, 0x00,
  0xe0, 0x07, 0x20, 0x33, 0xe2, 0x3a, 0x03, 0x3b, 0x00, 0x00, 0x00, 0x00, 0x00, 0x00, 0x00, 0x00,
  0x00, 0x00, 0x00, 0x00, 0x00, 0x00, 0xe0, 0x3b, 0x83, 0x3b, 0x26, 0x33, 0x42, 0x33, 0x00, 0xf8,
  0x00, 0x00, 0x00, 0x00, 0xe5, 0x2b, 0x00, 0x00, 0x01, 0x2b, 0x22, 0x2b, 0x82, 0x43, 0x00, 0x00,
  0x00, 0x00, 0x00, 0x00, 0xe0, 0x07, 0x00, 0x00, 0xe0, 0x3b, 0xa2, 0x23, 0x22, 0x2b, 0x22, 0x2b,
  0xe1, 0x2a, 0xe2, 0x2a, 0xa1, 0x1a, 0xa0, 0x12, 0xc0, 0x12, 0x01, 0x13, 0x80, 0x12, 0xc1, 0x12,
  0x61, 0x13, 0x40, 0x02, 0x41, 0x0b, 0xe3, 0x24, 0x22, 0x1c, 0x61, 0x0b, 0x20, 0x02, 0x00, 0x0b,
  0x77, 0xbf, 0xff, 0xff, 0xf3, 0xa7, 0x6b, 0x57, 0x4c, 0x5f, 0xd2, 0x9f, 0xf3, 0xa7, 0xd0, 0x87,
  0xaf, 0x7f, 0xcf, 0x87, 0x8d, 0x67, 0xad, 0x6f, 0xaf, 0x7f, 0x8d, 0x5f, 0x8d, 0x67, 0xaf, 0x7f,
  0xf1, 0x97, 0x6c, 0x5f, 0xb0, 0x7f, 0xf4, 0xa7, 0xfa, 0xdf, 0xfe, 0xff, 0xb8, 0xcf, 0xb6, 0xb6,
  0xac, 0x6d, 0xc1, 0x12, 0x80, 0x01, 0xe0, 0x01, 0x00, 0x02, 0x80, 0x02, 0xe0, 0x02, 0x61, 0x03,
  0xe0, 0x02, 0x00, 0x02, 0x20, 0x02, 0x80, 0x02, 0x60, 0x02, 0x63, 0x1b, 0x2d, 0x76, 0xf7, 0xcf,
  0xfd, 0xef, 0xd7, 0xbf, 0xf3, 0x8f, 0xf3, 0x97, 0xf2, 0x87, 0xd0, 0x6f, 0xf2, 0x7f, 0xf1, 0x6f,
  0xd1, 0x6f, 0xd0, 0x5f, 0xd0, 0x5f, 0xd1, 0x6f, 0xf1, 0x6f, 0xf4, 0x97, 0xf2, 0x7f, 0xd1, 0x6f,
  0xfb, 0xe7, 0xfb, 0xe7, 0xf7, 0xbf, 0x61, 0x03, 0xe1, 0x0a, 0xa1, 0x0b, 0xc0, 0x02, 0x81, 0x0b,
  0x20, 0x03, 0x82, 0x14, 0x85, 0x2e, 0x23, 0x15, 0x81, 0x0c, 0x81, 0x14, 0x61, 0x0c, 0x82, 0x14,
  0xc0, 0x02, 0x47, 0x35, 0xfe, 0xf7, 0xdd, 0xef, 0xb1, 0x6f, 0xd0, 0x67, 0xd1, 0x6f, 0xb1, 0x77,
  0xd1, 0x77, 0xb0, 0x6f, 0xb0, 0x67, 0xb0, 0x6f, 0x8e, 0x67, 0xaf, 0x6f, 0x8f, 0x6f, 0x8f, 0x67,
  0xd3, 0x9f, 0xd2, 0x97, 0xd4, 0xa7, 0xfb, 0xe7, 0xfb, 0xe7, 0x73, 0x9e, 0x64, 0x23, 0x20, 0x02,
  0xe0, 0x01, 0xe0, 0x01, 0x01, 0x03, 0x82, 0x13, 0x41, 0x13, 0x41, 0x13, 0x42, 0x0b, 0xa1, 0x02,
  0x40, 0x02, 0x20, 0x02, 0x40, 0x02, 0x80, 0x02, 0x26, 0x34, 0x11, 0x96, 0xfb, 0xe7, 0xff, 0xff,
  0xfc, 0xef, 0xb5, 0xb7, 0xd8, 0xc7, 0xf9, 0xd7, 0xf9, 0xcf, 0xf8, 0xbf, 0x4b, 0x47, 0xd4, 0xa7,
  0xf7, 0xc7, 0xd2, 0x8f, 0xf5, 0xaf, 0xf4, 0xa7, 0xf3, 0x97, 0xf5, 0xaf, 0xfd, 0xef, 0xfe, 0xff,
  0xfe, 0xf7, 0x76, 0xb7, 0xe5, 0x2d, 0x42, 0x0d, 0xc1, 0x13, 0x21, 0x14, 0x46, 0x3e, 0xe8, 0x4e,
  0x25, 0x36, 0x84, 0x2d, 0xc1, 0x13, 0x65, 0x35, 0x4a, 0x5f, 0xc4, 0x2d, 0x23, 0x25, 0xa2, 0x1c,
  0xa2, 0x1c, 0x63, 0x2d, 0x24, 0x3e, 0x85, 0x3e, 0x64, 0x36, 0x64, 0x36, 0x82, 0x25, 0x62, 0x25,
  0xc3, 0x2d, 0x85, 0x3e, 0xe6, 0x4e, 0x86, 0x46, 0x24, 0x36, 0xe3, 0x35, 0x22, 0x25, 0xc1, 0x1b,
  0xa1, 0x1b, 0x61, 0x1b, 0x60, 0x12, 0x80, 0x1a, 0xe1, 0x1a, 0xa1, 0x1a, 0x40, 0x1a, 0x40, 0x1a,
  0x41, 0x1a, 0x81, 0x22, 0x41, 0x22, 0x40, 0x22, 0x60, 0x1a, 0x20, 0x22, 0x62, 0x22, 0x60, 0x1a,
  0xe2, 0x29, 0xa0, 0x1a, 0xe0, 0x7b, 0x00, 0x00, 0xa0, 0x02, 0xa0, 0x02, 0x00, 0x00, 0xa0, 0x52,
  0xe0, 0x7b, 0x00, 0x00, 0x00, 0x00, 0x00, 0x00, 0x00, 0x00, 0x00, 0x00, 0x00, 0x00, 0x00, 0x00,
  0x00, 0x00, 0x00, 0x00, 0x00, 0x00, 0x00, 0x00, 0x00, 0x00, 0x00, 0x00, 0x00, 0x00, 0x00, 0x00,
  0x00, 0x00, 0x00, 0x00, 0x00, 0x00, 0x00, 0x00, 0x00, 0x00, 0x00, 0x00, 0x00, 0x00, 0x00, 0x00,
  0x00, 0x00, 0x00, 0x00, 0x00, 0x00, 0x00, 0x00, 0xe0, 0x07, 0x00, 0x00, 0x00, 0x00, 0x00, 0x00,
  0x00, 0x00, 0x00, 0x00, 0x00, 0x00, 0x00, 0x00, 0x00, 0x00, 0x00, 0x00, 0x00, 0x00, 0x00, 0x00,
  0x00, 0x00, 0x00, 0x00, 0x00, 0x00, 0x00, 0x00, 0x00, 0x00, 0x26, 0x33, 0x81, 0x3b, 0xe0, 0x2b,
  0x82, 0x2b, 0xe0, 0x07, 0x00, 0x00, 0x00, 0x00, 0xe5, 0x2b, 0xe0, 0x07, 0x02, 0x2b, 0x02, 0x2b,
  0xe3, 0x3b, 0xe0, 0x7b, 0xe0, 0x07, 0x00, 0x00, 0x00, 0x00, 0x00, 0x00, 0xe0, 0x7b, 0x42, 0x2b,
  0x42, 0x2b, 0x42, 0x2b, 0xc1, 0x2a, 0xa1, 0x2a, 0x21, 0x1b, 0xa1, 0x1b, 0x80, 0x12, 0xa0, 0x12,
  0xa1, 0x1a, 0x20, 0x0a, 0x60, 0x0a, 0xa0, 0x0a, 0xe1, 0x0a, 0x02, 0x1c, 0x42, 0x1c, 0x61, 0x0b,
  0x41, 0x0b, 0xc0, 0x01, 0xe3, 0x23, 0xda, 0xe7, 0xfc, 0xef, 0xd3, 0xa7, 0x6c, 0x5f, 0x8f, 0x7f,
  0xf4, 0xaf, 0xcf, 0x7f, 0xae, 0x6f, 0xae, 0x6f, 0x8e, 0x77, 0xd0, 0x8f, 0xd0, 0x7f, 0x6c, 0x57,
  0xf1, 0x97, 0xae, 0x6f, 0xd0, 0x87, 0x8f, 0x77, 0xaf, 0x77, 0xad, 0x67, 0xb0, 0x87, 0xf9, 0xd7,
  0xf8, 0xcf, 0xfc, 0xef, 0xfc, 0xe7, 0xfc, 0xe7, 0x76, 0xb7, 0xee, 0x75, 0x8c, 0x64, 0xed, 0x74,
  0xec, 0x64, 0x88, 0x44, 0x8a, 0x4c, 0x4b, 0x5c, 0x4b, 0x5c, 0x6d, 0x65, 0xb3, 0x9e, 0xfb, 0xdf,
  0xfd, 0xf7, 0xb6, 0xbf, 0xd7, 0xbf, 0xf4, 0x9f, 0xd2, 0x87, 0xf5, 0xa7, 0xf2, 0x87, 0xf1, 0x7f,
  0xf2, 0x7f, 0xd0, 0x67, 0xd1, 0x67, 0xd1, 0x67, 0xf2, 0x6f, 0xf3, 0x87, 0xf1, 0x6f, 0xd1, 0x6f,
  0xd1, 0x77, 0xd1, 0x6f, 0xfc, 0xe7, 0xfb, 0xef, 0xf6, 0xb7, 0x00, 0x03, 0xe1, 0x0a, 0xc1, 0x0b,
  0x20, 0x03, 0x61, 0x0b, 0x41, 0x0b, 0xa0, 0x02, 0xe3, 0x1c, 0x45, 0x2e, 0xa2, 0x14, 0xc2, 0x14,
  0xa2, 0x14, 0x21, 0x0c, 0x21, 0x0c, 0x00, 0x03, 0x0d, 0x6e, 0xff, 0xff, 0xdd, 0xef, 0xf5, 0xa7,
  0xb0, 0x6f, 0xb0, 0x6f, 0xb0, 0x6f, 0xb0, 0x67, 0xb1, 0x6f, 0xb0, 0x6f, 0x8e, 0x5f, 0x8e, 0x5f,
  0x8f, 0x67, 0xd2, 0x87, 0xd2, 0x87, 0xb1, 0x87, 0xd3, 0x9f, 0xf7, 0xc7, 0xf9, 0xd7, 0xfb, 0xe7,
  0xf9, 0xd7, 0x36, 0xbf, 0x2e, 0x7d, 0x51, 0x8d, 0x0a, 0x45, 0x20, 0x03, 0xa0, 0x02, 0x60, 0x02,
  0xe0, 0x02, 0x62, 0x2c, 0xe6, 0x3b, 0xaa, 0x54, 0x10, 0x8e, 0x9b, 0xd7, 0xff, 0xff, 0xff, 0xff,
  0xfe, 0xf7, 0xd9, 0xcf, 0xf5, 0xaf, 0x6f, 0x6f, 0xb0, 0x7f, 0xaf, 0x6f, 0xd4, 0x9f, 0xd3, 0x97,
  0xd2, 0x8f, 0xf4, 0xa7, 0xd2, 0x97, 0xf4, 0x9f, 0xf8, 0xcf, 0xd2, 0x97, 0xf7, 0xbf, 0xfd, 0xef,
  0xff, 0xff, 0xfe, 0xff, 0x0e, 0x77, 0x61, 0x0d, 0xe2, 0x14, 0x21, 0x14, 0xa2, 0x24, 0x26, 0x46,
  0xe8, 0x4e, 0x46, 0x36, 0xe3, 0x1c, 0x21, 0x14, 0x65, 0x35, 0xad, 0x6f, 0x6b, 0x5f, 0xa8, 0x46,
  0x87, 0x46, 0xc7, 0x4e, 0xa7, 0x46, 0xa4, 0x3e, 0x23, 0x2e, 0x23, 0x2e, 0x64, 0x36, 0x85, 0x3e,
  0x85, 0x3e, 0xe6, 0x46, 0xc6, 0x46, 0xe6, 0x46, 0x65, 0x3e, 0x83, 0x2d, 0xe2, 0x24, 0xc1, 0x1b,
  0xe0, 0x12, 0x40, 0x12, 0xc1, 0x1a, 0x21, 0x1b, 0x01, 0x1b, 0xe0, 0x1a, 0xa1, 0x1a, 0xc1, 0x22,
  0x61, 0x1a, 0x61, 0x22, 0x81, 0x2a, 0x22, 0x12, 0xa0, 0x22, 0x41, 0x1a, 0x41, 0x22, 0x41, 0x1a,
  0xe0, 0x1a, 0xe2, 0x11, 0xa0, 0x02, 0x00, 0x00, 0xa0, 0x2a, 0xe0, 0x39, 0xa0, 0x02, 0xe0, 0x7b,
  0x00, 0x00, 0xe0, 0x7b, 0x20, 0x33, 0xe0, 0x03, 0x00, 0x00, 0x00, 0x00, 0xe0, 0x07, 0x00, 0x00,
  0x00, 0x00, 0x00, 0x00, 0x00, 0x00, 0x00, 0x00, 0x00, 0x00, 0x00, 0x00, 0x00, 0x00, 0x00, 0x00,
  0x00, 0x00, 0x00, 0x00, 0x00, 0x00, 0x00, 0x00, 0x00, 0x00, 0x00, 0x00, 0x00, 0x00, 0x00, 0x00,
  0x00, 0x00, 0x00, 0x00, 0x00, 0x00, 0x00, 0x00, 0x00, 0x00, 0x00, 0x00, 0x00, 0x00, 0x00, 0x00,
  0x00, 0x00, 0x00, 0x00, 0xe0, 0x07, 0x00, 0x00, 0xe0, 0x7b, 0x00, 0x00, 0x40, 0x55, 0x00, 0x00,
  0x00, 0x00, 0x00, 0x00, 0x00, 0x00, 0x00, 0x00, 0x00, 0x00, 0x00, 0x00, 0xe0, 0xff, 0x00, 0x00,
  0x00, 0x00, 0x4a, 0x55, 0xe0, 0xff, 0x00, 0x00, 0x00, 0x00, 0x00, 0x00, 0x00, 0x00, 0x00, 0x00,
  0x42, 0x2b, 0xe2, 0x2a, 0x00, 0x00, 0x4a, 0x55, 0xe0, 0x07, 0x00, 0x00, 0xe0, 0x07, 0xe0, 0x07,
  0x00, 0x00, 0x41, 0x2b, 0x21, 0x23, 0x22, 0x33, 0x03, 0x3b, 0x21, 0x22, 0xa1, 0x1a, 0x23, 0x2c,
  0x81, 0x0a, 0x40, 0x0a, 0xa1, 0x12, 0x40, 0x0a, 0x80, 0x0a, 0x21, 0x13, 0x21, 0x13, 0x21, 0x0b,
  0x22, 0x1c, 0x62, 0x1c, 0x61, 0x0b, 0x40, 0x02, 0x20, 0x01, 0xe8, 0x4c, 0xfc, 0xef, 0xfc, 0xe7,
  0xb2, 0x97, 0x4d, 0x5f, 0x4b, 0x4f, 0xaf, 0x7f, 0x8e, 0x77, 0xaf, 0x7f, 0xaf, 0x7f, 0xb0, 0x87,
  0xf1, 0x97, 0xd0, 0x7f, 0xf0, 0x7f, 0xae, 0x67, 0x8c, 0x57, 0x8d, 0x5f, 0xaf, 0x6f, 0xae, 0x67,
  0xae, 0x5f, 0xb0, 0x87, 0xf5, 0xb7, 0xd7, 0xc7, 0xfa, 0xd7, 0xfe, 0xff, 0xff, 0xff, 0xff, 0xff,
  0xff, 0xff, 0xff, 0xff, 0xff, 0xff, 0xfd, 0xf7, 0xfd, 0xf7, 0xff, 0xff, 0xff, 0xff, 0xff, 0xff,
  0xfe, 0xff, 0xfc, 0xf7, 0xfa, 0xdf, 0xf8, 0xcf, 0xf5, 0xaf, 0xf4, 0x9f, 0xf4, 0x9f, 0xd2, 0x7f,
  0xd1, 0x77, 0xf1, 0x77, 0xd0, 0x67, 0xd0, 0x6f, 0xd0, 0x67, 0xf2, 0x7f, 0xf2, 0x6f, 0xd0, 0x67,
  0xd2, 0x7f, 0xf4, 0x97, 0xd3, 0x87, 0xf6, 0xa7, 0xf9, 0xd7, 0xfc, 0xe7, 0x15, 0xa7, 0x40, 0x03,
  0x61, 0x0b, 0xa1, 0x0b, 0x41, 0x03, 0x20, 0x0b, 0x41, 0x0b, 0x00, 0x0b, 0x00, 0x03, 0x05, 0x2e,
  0xe4, 0x2d, 0xe2, 0x14, 0x23, 0x1d, 0x21, 0x14, 0x41, 0x0c, 0x21, 0x0c, 0x00, 0x03, 0xb1, 0x96,
  0xff, 0xff, 0xda, 0xdf, 0xf5, 0xaf, 0xd0, 0x77, 0x8e, 0x5f, 0x90, 0x77, 0xd0, 0x77, 0xd1, 0x77,
  0xaf, 0x67, 0xd3, 0x8f, 0xf3, 0x8f, 0xd0, 0x77, 0xb0, 0x6f, 0xb1, 0x7f, 0xb1, 0x87, 0xd2, 0x8f,
  0xd2, 0x8f, 0xb2, 0x97, 0xf8, 0xc7, 0xf6, 0xb7, 0xfb, 0xdf, 0xfd, 0xef, 0xfa, 0xd7, 0x58, 0xc7,
  0x17, 0xbf, 0x17, 0xbf, 0x58, 0xc7, 0xf9, 0xd7, 0xfd, 0xef, 0xff, 0xff, 0xff, 0xff, 0xfd, 0xef,
  0xd8, 0xc7, 0xd7, 0xc7, 0xf9, 0xcf, 0xd6, 0xb7, 0xf6, 0xb7, 0xf4, 0x97, 0xd3, 0x97, 0xd1, 0x87,
  0xce, 0x67, 0xb1, 0x7f, 0xf5, 0xaf, 0xb1, 0x87, 0x8f, 0x7f, 0xd5, 0xb7, 0xf7, 0xc7, 0xfa, 0xdf,
  0xfe, 0xf7, 0xfe, 0xf7, 0xfc, 0xe7, 0x0a, 0x5e, 0xc1, 0x0c, 0xe3, 0x1c, 0x21, 0x14, 0xe6, 0x3d,
  0x0b, 0x67, 0x26, 0x46, 0xc6, 0x46, 0x82, 0x14, 0xa2, 0x1c, 0xc8, 0x4e, 0xe7, 0x46, 0xa6, 0x3e,
  0x48, 0x57, 0x49, 0x57, 0xe7, 0x4e, 0xa5, 0x36, 0x44, 0x2e, 0xc2, 0x1d, 0x45, 0x36, 0x2a, 0x5f,
  0x4b, 0x67, 0x4a, 0x5f, 0x28, 0x4f, 0xe7, 0x46, 0x86, 0x3e, 0xc4, 0x2d, 0x43, 0x25, 0x02, 0x1c,
  0x41, 0x13, 0xa1, 0x12, 0x40, 0x12, 0x60, 0x12, 0x81, 0x12, 0x60, 0x12, 0x40, 0x12, 0x40, 0x1a,
  0x61, 0x1a, 0xa1, 0x1a, 0x82, 0x22, 0x61, 0x1a, 0x60, 0x1a, 0x41, 0x1a, 0x81, 0x22, 0x21, 0x1a,
  0x41, 0x1a, 0x21, 0x22, 0x40, 0x22, 0x83, 0x19, 0xe0, 0x01, 0x00, 0x00, 0xe0, 0x03, 0x00, 0x00,
  0x00, 0x00, 0x00, 0x00, 0x00, 0x00, 0x00, 0x00, 0x00, 0x00, 0x00, 0x00, 0x00, 0x00, 0x00, 0x00,
  0x00, 0x00, 0x00, 0x00, 0x00, 0x00, 0x00, 0x00, 0x00, 0x00, 0x00, 0x00, 0x00, 0x00, 0x00, 0x00,
  0x00, 0x00, 0x00, 0x00, 0x00, 0x00, 0x00, 0x00, 0x00, 0x00, 0x00, 0x00, 0x00, 0x00, 0x00, 0x00,
  0x00, 0x00, 0x00, 0x00, 0x00, 0x00, 0x00, 0x00, 0x00, 0x00, 0x00, 0x00, 0x00, 0x00, 0x00, 0x00,
  0x00, 0x00, 0x00, 0x00, 0x00, 0x00, 0x00, 0x00, 0x00, 0x00, 0x00, 0x00, 0xaa, 0x52, 0x00, 0x00,
  0x00, 0x00, 0x00, 0x00, 0x00, 0x00, 0x00, 0x00, 0x00, 0x00, 0x00, 0x00, 0x00, 0x00, 0x00, 0x00,
  0x00, 0x00, 0xe0, 0x7b, 0x00, 0x00, 0xe3, 0x1b, 0xe0, 0x03, 0x00, 0x00, 0xef, 0x03, 0xe0, 0x03,
  0xe0, 0x3b, 0x82, 0x33, 0x82, 0x2b, 0x00, 0x00, 0xe0, 0x07, 0x26, 0x33, 0x00, 0x00, 0x00, 0x00,
  0x00, 0x00, 0x00, 0x00, 0xef, 0x03, 0x42, 0x3b, 0xe2, 0x32, 0x63, 0x33, 0x42, 0x2b, 0x82, 0x2a,
  0x63, 0x3c, 0xe2, 0x23, 0x20, 0x0a, 0x40, 0x0a, 0x60, 0x0a, 0x80, 0x0a, 0x01, 0x13, 0x01, 0x13,
  0xc2, 0x1b, 0xe1, 0x0a, 0x41, 0x0b, 0x81, 0x13, 0x83, 0x24, 0xc1, 0x13, 0xe0, 0x01, 0xa0, 0x01,
  0xea, 0x5d, 0xfd, 0xff, 0xfa, 0xdf, 0xf8, 0xd7, 0x90, 0x7f, 0x2b, 0x57, 0x8e, 0x6f, 0xb0, 0x87,
  0xb0, 0x87, 0xd0, 0x8f, 0xcf, 0x7f, 0xf0, 0x87, 0xce, 0x6f, 0xae, 0x6f, 0xae, 0x67, 0xad, 0x5f,
  0xaf, 0x6f, 0xae, 0x67, 0xae, 0x67, 0xae, 0x67, 0x6d, 0x5f, 0x90, 0x77, 0x91, 0x7f, 0x91, 0x77,
  0x8f, 0x6f, 0xd7, 0xbf, 0xdb, 0xdf, 0xda, 0xd7, 0x96, 0xa7, 0xb6, 0xa7, 0xfb, 0xdf, 0xfa, 0xd7,
  0xd6, 0xb7, 0xf7, 0xc7, 0xf7, 0xc7, 0xd4, 0xa7, 0xf4, 0xa7, 0xf5, 0xaf, 0xf3, 0x97, 0xf3, 0x97,
  0xf3, 0x97, 0xd0, 0x67, 0xd0, 0x67, 0xd0, 0x6f, 0xf1, 0x77, 0xd1, 0x77, 0xd0, 0x67, 0xf2, 0x7f,
  0xf1, 0x6f, 0xf3, 0x87, 0xf4, 0x8f, 0xd3, 0x8f, 0xf4, 0x97, 0xf8, 0xbf, 0xd9, 0xcf, 0xfd, 0xef,
  0x93, 0x9e, 0x40, 0x03, 0xa1, 0x0b, 0x61, 0x0b, 0x40, 0x03, 0x20, 0x03, 0x61, 0x0b, 0x61, 0x0b,
  0x41, 0x0b, 0x60, 0x0b, 0xe4, 0x2d, 0x04, 0x26, 0x63, 0x1d, 0xe2, 0x14, 0xc2, 0x1c, 0xa2, 0x14,
  0xe1, 0x0b, 0xc0, 0x02, 0xb3, 0xa6, 0xfe, 0xff, 0xdb, 0xe7, 0xf9, 0xcf, 0xd2, 0x8f, 0xae, 0x5f,
  0xaf, 0x6f, 0xb1, 0x7f, 0xb0, 0x6f, 0xd2, 0x8f, 0xd3, 0x8f, 0xd1, 0x77, 0xb1, 0x77, 0xb0, 0x77,
  0xb1, 0x7f, 0xad, 0x57, 0x8c, 0x4f, 0xb0, 0x77, 0xf7, 0xbf, 0x8f, 0x6f, 0x8f, 0x6f, 0xd0, 0x87,
  0xd3, 0x9f, 0xfa, 0xd7, 0xfd, 0xf7, 0xfd, 0xef, 0xd4, 0xa7, 0xd9, 0xcf, 0xff, 0xff, 0xd9, 0xcf,
  0xaf, 0x77, 0xd6, 0xb7, 0xf8, 0xcf, 0xd4, 0x9f, 0xf8, 0xc7, 0xf9, 0xcf, 0xd5, 0xaf, 0xf6, 0xb7,
  0xf4, 0x9f, 0xd3, 0x9f, 0xaf, 0x67, 0xcf, 0x6f, 0xd0, 0x7f, 0xb2, 0x8f, 0xd7, 0xbf, 0xfb, 0xe7,
  0xfc, 0xe7, 0xff, 0xff, 0xfe, 0xf7, 0x32, 0x97, 0xa4, 0x25, 0xc1, 0x14, 0xc3, 0x1c, 0xe2, 0x1c,
  0xc2, 0x24, 0x67, 0x46, 0xe5, 0x35, 0xc4, 0x2d, 0x02, 0x15, 0xe3, 0x24, 0xea, 0x5e, 0xe8, 0x4e,
  0x26, 0x47, 0x46, 0x47, 0x06, 0x47, 0x62, 0x26, 0xa4, 0x2e, 0x07, 0x3f, 0x4a, 0x5f, 0x8d, 0x77,
  0xcf, 0x87, 0x8c, 0x6f, 0xc8, 0x4e, 0x46, 0x3e, 0x45, 0x36, 0xc4, 0x2d, 0xc3, 0x24, 0xc1, 0x1b,
  0xe1, 0x12, 0x01, 0x13, 0xc1, 0x12, 0x80, 0x12, 0x80, 0x12, 0x80, 0x12, 0x80, 0x12, 0x40, 0x1a,
  0x61, 0x1a, 0x81, 0x1a, 0x81, 0x1a, 0xa1, 0x1a, 0xc1, 0x22, 0x02, 0x23, 0x61, 0x22, 0xa1, 0x22,
  0x81, 0x1a, 0x01, 0x1a, 0x41, 0x1a, 0x61, 0x22, 0xa2, 0x2a, 0x63, 0x1a, 0x00, 0x00, 0x00, 0x00,
  0x00, 0x00, 0x00, 0x00, 0xe0, 0x07, 0x00, 0x00, 0x00, 0x00, 0x00, 0x00, 0x00, 0x00, 0xe0, 0x07,
  0x00, 0x00, 0x00, 0x00, 0x00, 0x00, 0x00, 0x00, 0x00, 0x00, 0x00, 0x00, 0x00, 0x00, 0xe0, 0x07,
  0x00, 0x00, 0xe0, 0x39, 0x00, 0x00, 0x00, 0x00, 0x00, 0x00, 0x00, 0x00, 0x00, 0x00, 0x00, 0x00,
  0x00, 0x00, 0x00, 0x00, 0x00, 0x00, 0x00, 0x00, 0x00, 0x00, 0x00, 0x00, 0x00, 0x00, 0x00, 0x00,
  0x00, 0x00, 0x00, 0x00, 0x00, 0x00, 0x00, 0x00, 0x00, 0x00, 0x00, 0x00, 0x00, 0x00, 0x00, 0x00,
  0x00, 0x00, 0x00, 0x00, 0x00, 0x00, 0x00, 0x00, 0x00, 0x00, 0x00, 0x00, 0x00, 0x00, 0x00, 0x00,
  0x00, 0x00, 0x00, 0x00, 0xe0, 0x2b, 0xa0, 0x52, 0x82, 0x43, 0x63, 0x33, 0xa2, 0x3b, 0xe0, 0x03,
  0xa0, 0x52, 0x00, 0x00, 0xc3, 0x3b, 0x82, 0x33, 0xa2, 0x3b, 0x86, 0x31, 0x00, 0x00, 0xe0, 0x03,
  0x00, 0x00, 0x00, 0x00, 0xe0, 0x03, 0xa0, 0x52, 0x20, 0x33, 0x82, 0x2b, 0xe3, 0x33, 0xe0, 0x21,
  0x40, 0x1a, 0x81, 0x2a, 0x81, 0x23, 0xc0, 0x12, 0xa0, 0x01, 0x60, 0x12, 0xa1, 0x12, 0x20, 0x0a,
  0x40, 0x0a, 0x41, 0x13, 0x81, 0x13, 0x61, 0x13, 0x21, 0x0b, 0x80, 0x02, 0x01, 0x0b, 0xe3, 0x24,
  0x42, 0x1c, 0x20, 0x02, 0xe0, 0x01, 0xc9, 0x5d, 0xfe, 0xf7, 0xfd, 0xf7, 0xfa, 0xe7, 0x93, 0xa7,
  0x6c, 0x67, 0xae, 0x6f, 0x6f, 0x7f, 0xf5, 0xbf, 0xf0, 0x87, 0xcf, 0x7f, 0xcf, 0x7f, 0xcf, 0x7f,
  0xcf, 0x77, 0xaf, 0x6f, 0xae, 0x67, 0x6d, 0x5f, 0x8e, 0x67, 0xae, 0x67, 0x8f, 0x67, 0xaf, 0x6f,
  0xaf, 0x67, 0x6e, 0x4f, 0xd4, 0x97, 0xd3, 0x8f, 0xf4, 0xa7, 0xf5, 0xb7, 0xb1, 0x7f, 0xd4, 0x9f,
  0xf8, 0xbf, 0xf9, 0xcf, 0xf5, 0xa7, 0xd1, 0x7f, 0xd0, 0x7f, 0xf2, 0x8f, 0xd2, 0x8f, 0xf3, 0x9f,
  0xf3, 0x9f, 0xf2, 0x8f, 0xf1, 0x7f, 0xd1, 0x6f, 0xd1, 0x77, 0xd0, 0x6f, 0xd1, 0x77, 0xf2, 0x7f,
  0xcf, 0x57, 0xd1, 0x6f, 0xf3, 0x87, 0xf4, 0x97, 0xf3, 0x87, 0xf5, 0x97, 0xf5, 0xa7, 0xd9, 0xcf,
  0xda, 0xe7, 0xfe, 0xf7, 0x0f, 0x76, 0xe0, 0x02, 0x81, 0x0b, 0x61, 0x0b, 0x61, 0x0b, 0x41, 0x0b,
  0x41, 0x0b, 0x41, 0x0b, 0xa1, 0x13, 0xe1, 0x0a, 0x20, 0x0b, 0x43, 0x1d, 0x04, 0x2e, 0x22, 0x1d,
  0xc2, 0x14, 0xe2, 0x1c, 0x03, 0x1d, 0x02, 0x0c, 0x00, 0x02, 0x12, 0x9e, 0xfe, 0xf7, 0xfe, 0xff,
  0xfb, 0xdf, 0xd3, 0x8f, 0xae, 0x5f, 0xd1, 0x77, 0xb0, 0x77, 0xae, 0x67, 0x8f, 0x6f, 0xd1, 0x7f,
  0xd1, 0x77, 0xb0, 0x77, 0xaf, 0x6f, 0xaf, 0x67, 0xf4, 0x9f, 0xb0, 0x77, 0xb1, 0x7f, 0xf5, 0xa7,
  0xd3, 0x8f, 0xd2, 0x87, 0xf4, 0x9f, 0xf5, 0xa7, 0xf5, 0xb7, 0xf5, 0xb7, 0x6b, 0x5f, 0xb3, 0x9f,
  0xfd, 0xf7, 0xf7, 0xbf, 0xae, 0x67, 0xb0, 0x77, 0xfb, 0xe7, 0xd5, 0xa7, 0xd5, 0xa7, 0xd3, 0x97,
  0xd6, 0xaf, 0xf7, 0xbf, 0xf4, 0x9f, 0xd3, 0x97, 0xcf, 0x6f, 0xd0, 0x77, 0xf8, 0xc7, 0xfc, 0xe7,
  0xfd, 0xef, 0xdf, 0xff, 0xff, 0xff, 0xfb, 0xdf, 0x6c, 0x6e, 0xe1, 0x14, 0x61, 0x14, 0x82, 0x1c,
  0x07, 0x46, 0xa8, 0x4e, 0x47, 0x4e, 0x44, 0x2d, 0x81, 0x0c, 0x80, 0x0c, 0x44, 0x25, 0x2a, 0x5f,
  0xe6, 0x36, 0xe4, 0x2e, 0x66, 0x3f, 0x67, 0x47, 0x47, 0x47, 0x8e, 0x7f, 0xcf, 0x87, 0xef, 0x87,
  0xcd, 0x77, 0x2a, 0x57, 0x66, 0x36, 0xc3, 0x1d, 0x63, 0x1d, 0x22, 0x1d, 0x82, 0x1c, 0x81, 0x13,
  0xc0, 0x12, 0xa0, 0x12, 0x60, 0x12, 0xa1, 0x12, 0x60, 0x12, 0xc0, 0x12, 0xc1, 0x1a, 0x60, 0x12,
  0x80, 0x1a, 0xa1, 0x22, 0xa1, 0x1a, 0x60, 0x1a, 0x61, 0x1a, 0x81, 0x22, 0xc1, 0x22, 0xc1, 0x1a,
  0x22, 0x2a, 0xc2, 0x2a, 0xc1, 0x22, 0x01, 0x1a, 0x41, 0x22, 0x61, 0x22, 0xa0, 0x1a, 0x20, 0x12,
  0x40, 0x22, 0x00, 0x00, 0x00, 0x00, 0xe0, 0x03, 0xe0, 0x03, 0x00, 0x00, 0x00, 0x00, 0x00, 0x00,
  0x00, 0x00, 0x00, 0x00, 0x00, 0x00, 0x00, 0x00, 0x00, 0x00, 0x00, 0x00, 0x00, 0x00, 0x00, 0x00,
  0x00, 0x00, 0x00, 0x00, 0x00, 0x00, 0x00, 0x00, 0x00, 0x00, 0x00, 0x00, 0x00, 0x00, 0x00, 0x00,
  0x00, 0x00, 0x00, 0x00, 0x00, 0x00, 0x00, 0x00, 0x00, 0x00, 0x00, 0x00, 0x00, 0x00, 0x00, 0x00,
  0x00, 0x00, 0x00, 0x00, 0x00, 0x00, 0x00, 0x00, 0x00, 0x00, 0x00, 0x00, 0x00, 0x00, 0x00, 0x00,
  0x00, 0x00, 0x00, 0x00, 0x00, 0x00, 0x00, 0x00, 0x00, 0x00, 0x00, 0x00, 0x00, 0x00, 0x00, 0x00,
  0x00, 0x00, 0x00, 0x00, 0x00, 0x00, 0xe3, 0x33, 0x84, 0x3b, 0xc2, 0x3b, 0x42, 0x3b, 0x42, 0x33,
  0x83, 0x33, 0xe3, 0x3b, 0x84, 0x4c, 0xc3, 0x33, 0x62, 0x33, 0x83, 0x33, 0xe0, 0xff, 0x40, 0x55,
  0x00, 0x00, 0xe0, 0x03, 0xaa, 0x52, 0x00, 0x00, 0x00, 0x00, 0x00, 0x00, 0x40, 0x55, 0x63, 0x3c,
  0xc1, 0x22, 0x43, 0x3c, 0x44, 0x3c, 0x81, 0x2a, 0x01, 0x1b, 0x20, 0x0a, 0xe0, 0x09, 0x81, 0x12,
  0xa1, 0x12, 0xa1, 0x12, 0x80, 0x0a, 0x01, 0x13, 0x81, 0x1b, 0xa2, 0x1b, 0x41, 0x0b, 0x62, 0x1c,
  0x81, 0x13, 0x40, 0x0a, 0x84, 0x2d, 0xe3, 0x1c, 0x00, 0x02, 0xe0, 0x01, 0x06, 0x3d, 0xb9, 0xcf,
  0xff, 0xff, 0xdd, 0xf7, 0xd6, 0xbf, 0xd2, 0x9f, 0x6c, 0x5f, 0x8e, 0x6f, 0xae, 0x67, 0xd0, 0x87,
  0xcf, 0x77, 0xad, 0x5f, 0x8d, 0x5f, 0x6d, 0x5f, 0x6d, 0x57, 0xae, 0x5f, 0xaf, 0x67, 0xaf, 0x67,
  0xaf, 0x6f, 0x6f, 0x67, 0x2c, 0x47, 0xb1, 0x77, 0xf5, 0xa7, 0xd2, 0x87, 0xb0, 0x6f, 0xd1, 0x7f,
  0xf6, 0xb7, 0xf9, 0xcf, 0xf6, 0xaf, 0xf3, 0x8f, 0xf2, 0x87, 0xcf, 0x67, 0xf2, 0x8f, 0xf5, 0xa7,
  0xf3, 0x97, 0xf3, 0xa7, 0xf2, 0x97, 0xd1, 0x7f, 0xf1, 0x7f, 0xb0, 0x6f, 0xaf, 0x67, 0xd0, 0x6f,
  0xf0, 0x6f, 0xf0, 0x6f, 0xd1, 0x77, 0xf5, 0x9f, 0xf8, 0xbf, 0xf9, 0xc7, 0xf9, 0xc7, 0xfb, 0xe7,
  0xfd, 0xf7, 0xff, 0xff, 0xfe, 0xff, 0x13, 0x9f, 0x61, 0x0b, 0x21, 0x03, 0x41, 0x0b, 0x61, 0x0b,
  0x81, 0x0b, 0x61, 0x0b, 0x81, 0x0b, 0xc1, 0x13, 0x81, 0x0b, 0x61, 0x0b, 0x00, 0x03, 0x60, 0x0b,
  0xe1, 0x0b, 0x23, 0x1d, 0x43, 0x1d, 0x02, 0x1d, 0xa2, 0x1c, 0x43, 0x1d, 0x82, 0x14, 0xe0, 0x01,
  0xc7, 0x3c, 0x98, 0xc7, 0xff, 0xff, 0xfd, 0xef, 0xf6, 0xb7, 0xd2, 0x8f, 0x6d, 0x4f, 0x8e, 0x5f,
  0xb0, 0x6f, 0xaf, 0x6f, 0xd0, 0x6f, 0xd0, 0x77, 0xcf, 0x6f, 0xf3, 0x8f, 0xf3, 0x9f, 0xad, 0x5f,
  0xb1, 0x7f, 0xd2, 0x8f, 0xb0, 0x77, 0x6d, 0x5f, 0xaf, 0x6f, 0xd3, 0x9f, 0x8d, 0x67, 0xd1, 0x87,
  0xd3, 0x9f, 0xf9, 0xd7, 0xfa, 0xe7, 0xf8, 0xcf, 0xd0, 0x77, 0xb0, 0x7f, 0xf9, 0xcf, 0xd5, 0xaf,
  0xb2, 0x8f, 0xf4, 0x9f, 0xd5, 0xaf, 0xf3, 0x9f, 0xf4, 0xa7, 0xf4, 0xa7, 0xf6, 0xb7, 0xfb, 0xe7,
  0xfe, 0xff, 0xff, 0xff, 0xff, 0xff, 0xfb, 0xdf, 0xf0, 0x8e, 0x84, 0x2c, 0x00, 0x0c, 0x62, 0x1c,
  0xa2, 0x1c, 0xe9, 0x56, 0xee, 0x77, 0x87, 0x3e, 0x62, 0x1d, 0xa1, 0x14, 0xe6, 0x45, 0x0a, 0x5f,
  0x8c, 0x67, 0x27, 0x3f, 0x27, 0x47, 0x6e, 0x77, 0xb7, 0xc7, 0xd7, 0xc7, 0xf8, 0xd7, 0xf6, 0xbf,
  0x6d, 0x77, 0xe7, 0x4e, 0xc6, 0x3e, 0x03, 0x26, 0xa3, 0x25, 0x02, 0x25, 0x42, 0x1c, 0xe1, 0x1b,
  0x41, 0x13, 0xe1, 0x12, 0xe1, 0x12, 0xe1, 0x1a, 0xc0, 0x12, 0xa1, 0x12, 0x80, 0x12, 0x81, 0x12,
  0x20, 0x12, 0x60, 0x12, 0xa1, 0x1a, 0x61, 0x1a, 0x40, 0x1a, 0x61, 0x1a, 0xc1, 0x22, 0x01, 0x1b,
  0xa0, 0x02, 0x60, 0x32, 0x20, 0x33, 0xe0, 0x1a, 0xa1, 0x2a, 0x42, 0x22, 0x62, 0x22, 0x41, 0x2a,
  0x22, 0x12, 0x22, 0x2a, 0xe0, 0x19, 0x00, 0x00, 0x00, 0x00, 0x00, 0x00, 0x00, 0x00, 0x00, 0x00,
  0x00, 0x00, 0xe0, 0x07, 0x00, 0x00, 0x00, 0x00, 0x00, 0x00, 0x00, 0x00, 0x00, 0x00, 0x00, 0x00,
  0x00, 0x00, 0x00, 0x00, 0x00, 0x00, 0x00, 0x00, 0x00, 0x00, 0x00, 0x00, 0x00, 0x00, 0x00, 0x00,
  0x00, 0x00, 0x00, 0x00, 0x00, 0x00, 0x00, 0x00, 0x00, 0x00, 0x00, 0x00, 0x00, 0x00, 0x00, 0x00,
  0x00, 0x00, 0x00, 0x00, 0x00, 0x00, 0x00, 0x00, 0x00, 0x00, 0x00, 0x00, 0x00, 0x00, 0x00, 0x00,
  0x00, 0x00, 0x00, 0x00, 0x00, 0x00, 0x00, 0x00, 0x00, 0x00, 0x00, 0x00, 0x00, 0x00, 0x00, 0x00,
  0x00, 0x00, 0x00, 0x00, 0xe0, 0x7b, 0x00, 0x00, 0xe0, 0x7b, 0xc3, 0x33, 0x82, 0x3b, 0x82, 0x3b,
  0xa3, 0x3b, 0xa3, 0x3b, 0x82, 0x33, 0x42, 0x33, 0x63, 0x33, 0x63, 0x33, 0x62, 0x3b, 0x83, 0x33,
  0x83, 0x3b, 0x64, 0x4b, 0xe0, 0x07, 0x00, 0x00, 0xe5, 0x2b, 0x00, 0x00, 0xe2, 0x2a, 0xe2, 0x2a,
  0x23, 0x33, 0xe4, 0x33, 0x41, 0x2b, 0x25, 0x4d, 0x06, 0x4d, 0x22, 0x3b, 0x02, 0x1b, 0xa1, 0x0a,
  0xa0, 0x12, 0x81, 0x0a, 0x60, 0x0a, 0x00, 0x02, 0x40, 0x0a, 0x40, 0x0a, 0xa1, 0x0a, 0x81, 0x0a,
  0xa1, 0x0a, 0xe0, 0x0a, 0xc2, 0x24, 0x22, 0x13, 0x81, 0x0a, 0xa4, 0x2d, 0x22, 0x1c, 0x20, 0x02,
  0x80, 0x01, 0x62, 0x13, 0x90, 0x8e, 0xfc, 0xe7, 0xff, 0xff, 0xfd, 0xf7, 0xd8, 0xcf, 0xd5, 0xaf,
  0xad, 0x5f, 0x8d, 0x5f, 0xcf, 0x77, 0x8d, 0x5f, 0xae, 0x5f, 0xae, 0x6f, 0xae, 0x67, 0xcf, 0x6f,
  0xcf, 0x6f, 0xd0, 0x77, 0x8f, 0x6f, 0x6e, 0x57, 0x8f, 0x67, 0xaf, 0x6f, 0xaf, 0x7f, 0xd1, 0x7f,
  0xb0, 0x67, 0xd0, 0x77, 0xf2, 0x8f, 0xf2, 0x8f, 0xd1, 0x87, 0xcf, 0x67, 0xd0, 0x77, 0xd0, 0x6f,
  0xf1, 0x87, 0xd0, 0x6f, 0xd0, 0x6f, 0xd0, 0x77, 0xf1, 0x77, 0xd0, 0x77, 0xd1, 0x77, 0xae, 0x57,
  0xae, 0x57, 0xd0, 0x6f, 0xd2, 0x87, 0xd6, 0xaf, 0xdb, 0xdf, 0xdb, 0xd7, 0xfb, 0xdf, 0xfb, 0xe7,
  0xfd, 0xef, 0xff, 0xff, 0xfd, 0xe7, 0xd6, 0xb6, 0x4e, 0x6d, 0x60, 0x01, 0xc1, 0x02, 0xa1, 0x0b,
  0x81, 0x0b, 0x61, 0x0b, 0x20, 0x03, 0xc0, 0x02, 0xc0, 0x02, 0x01, 0x0b, 0x41, 0x0b, 0x61, 0x0b,
  0x61, 0x0b, 0x20, 0x0b, 0x00, 0x03, 0x60, 0x0b, 0x03, 0x1d, 0xe3, 0x1c, 0x03, 0x1d, 0x23, 0x1d,
  0xa3, 0x25, 0x44, 0x25, 0x80, 0x02, 0xe1, 0x0a, 0x50, 0x86, 0xfd, 0xef, 0xff, 0xff, 0xfd, 0xef,
  0xda, 0xd7, 0xd3, 0x97, 0xd0, 0x77, 0xae, 0x67, 0xb0, 0x6f, 0xaf, 0x6f, 0xaf, 0x67, 0xd0, 0x7f,
  0xf1, 0x7f, 0xae, 0x5f, 0xb1, 0x77, 0x8e, 0x5f, 0xb0, 0x77, 0xb0, 0x77, 0x8e, 0x67, 0xaf, 0x6f,
  0xaf, 0x77, 0xd1, 0x7f, 0xb0, 0x77, 0xf6, 0xbf, 0xf8, 0xc7, 0xf5, 0xaf, 0xae, 0x67, 0xf3, 0x8f,
  0xf8, 0xc7, 0xd0, 0x7f, 0xd2, 0x8f, 0xd4, 0xa7, 0xd6, 0xb7, 0xd9, 0xcf, 0xfd, 0xef, 0xfd, 0xef,
  0xff, 0xff, 0xff, 0xff, 0xff, 0xff, 0x98, 0xbf, 0x0a, 0x56, 0x02, 0x1d, 0x40, 0x03, 0x60, 0x03,
  0xa2, 0x14, 0x44, 0x25, 0x6b, 0x67, 0x29, 0x57, 0x21, 0x15, 0x43, 0x25, 0x69, 0x56, 0x94, 0xa7,
  0xd1, 0x8f, 0x8c, 0x67, 0xd2, 0x9f, 0xd6, 0xb7, 0xfa, 0xd7, 0xfd, 0xf7, 0xd9, 0xcf, 0xd0, 0x8f,
  0x4b, 0x6f, 0xc3, 0x2e, 0x43, 0x26, 0x04, 0x2e, 0x04, 0x36, 0x43, 0x2d, 0x62, 0x24, 0xe1, 0x1b,
  0x81, 0x1b, 0x41, 0x1b, 0x61, 0x13, 0x01, 0x24, 0xc1, 0x1b, 0xc1, 0x12, 0x81, 0x12, 0x81, 0x12,
  0x60, 0x12, 0xe0, 0x11, 0x00, 0x12, 0x81, 0x1a, 0x61, 0x1a, 0x40, 0x1a, 0xa1, 0x22, 0xe2, 0x2a,
  0xa3, 0x22, 0xc2, 0x22, 0xe3, 0x1a, 0xa0, 0x2a, 0xe2, 0x2a, 0xa3, 0x1a, 0x20, 0x03, 0x00, 0x00,
  0x00, 0x00, 0xa0, 0x2a, 0xa2, 0x12, 0xaa, 0x02, 0x00, 0x00, 0x00, 0x00, 0xe0, 0x07, 0x00, 0x00,
  0x00, 0x00, 0x00, 0x00, 0x00, 0x00, 0xe0, 0x03, 0x00, 0x00, 0x00, 0x00, 0x00, 0x00, 0x00, 0x00,
  0x00, 0x00, 0x00, 0x00, 0x00, 0x00, 0x00, 0x00, 0x00, 0x00, 0x00, 0x00, 0x00, 0x00, 0x00, 0x00,
  0x00, 0x00, 0x00, 0x00, 0x00, 0x00, 0x00, 0x00, 0x00, 0x00, 0x00, 0x00, 0x00, 0x00, 0x00, 0x00,
  0x00, 0x00, 0x00, 0x00, 0x00, 0x00, 0x00, 0x00, 0x00, 0x00, 0x00, 0x00, 0x00, 0x00, 0x00, 0x00,
  0x00, 0x00, 0x00, 0x00, 0x00, 0x00, 0x00, 0x00, 0x00, 0x00, 0x00, 0x00, 0x00, 0x00, 0x00, 0x00,
  0x00, 0x00, 0x00, 0x00, 0x00, 0x00, 0x00, 0x00, 0x00, 0x00, 0xe0, 0x03, 0x64, 0x4b, 0xa2, 0x43,
  0x82, 0x33, 0x82, 0x3b, 0x03, 0x3c, 0x23, 0x3c, 0xe3, 0x3b, 0x82, 0x3b, 0x82, 0x3b, 0x83, 0x3b,
  0x43, 0x33, 0xe0, 0x03, 0xe5, 0x2b, 0x02, 0x3b, 0x00, 0x00, 0xe0, 0xff, 0x00, 0x00, 0x00, 0x00,
  0x02, 0x2b, 0x01, 0x23, 0x02, 0x33, 0xe2, 0x3b, 0xa2, 0x33, 0x82, 0x2b, 0x01, 0x23, 0x81, 0x1a,
  0x61, 0x12, 0xe1, 0x1a, 0xc0, 0x12, 0x60, 0x12, 0xe1, 0x12, 0xa0, 0x0a, 0x80, 0x0a, 0x60, 0x0a,
  0x60, 0x0a, 0x60, 0x0a, 0x61, 0x1b, 0xc1, 0x0a, 0x40, 0x02, 0x03, 0x2d, 0xc0, 0x12, 0x20, 0x02,
  0x42, 0x1c, 0x82, 0x1c, 0x01, 0x0b, 0x80, 0x01, 0xa0, 0x01, 0x04, 0x2d, 0xb5, 0xbf, 0xfd, 0xff,
  0xfd, 0xff, 0xfc, 0xff, 0xf6, 0xc7, 0xaf, 0x7f, 0xcf, 0x77, 0x6d, 0x67, 0x6e, 0x67, 0x4d, 0x5f,
  0x4d, 0x5f, 0xf1, 0x8f, 0xd1, 0x8f, 0xf3, 0x97, 0xd1, 0x87, 0xaf, 0x6f, 0xd1, 0x87, 0xb0, 0x77,
  0x8f, 0x6f, 0xb0, 0x77, 0xf2, 0x8f, 0xf3, 0xa7, 0xf1, 0x87, 0xf2, 0x8f, 0xd1, 0x7f, 0xb1, 0x7f,
  0xf1, 0x87, 0xd2, 0x87, 0xf2, 0x8f, 0xd2, 0x87, 0xd1, 0x7f, 0xae, 0x67, 0xd0, 0x77, 0x8f, 0x67,
  0xd3, 0x8f, 0xf6, 0xb7, 0xd8, 0xc7, 0xfb, 0xdf, 0xfc, 0xef, 0xfe, 0xff, 0xff, 0xff, 0xff, 0xff,
  0xfc, 0xef, 0xdb, 0xe7, 0x16, 0xa7, 0x2d, 0x6d, 0x29, 0x44, 0x60, 0x02, 0xe0, 0x02, 0xc2, 0x13,
  0x82, 0x0b, 0x41, 0x03, 0x20, 0x03, 0xc0, 0x02, 0xe0, 0x02, 0xc0, 0x02, 0xa0, 0x02, 0xe0, 0x02,
  0x21, 0x0b, 0x23, 0x25, 0xc1, 0x0b, 0x20, 0x0b, 0x41, 0x0b, 0x00, 0x03, 0x20, 0x03, 0x01, 0x14,
  0x61, 0x14, 0x02, 0x1d, 0x23, 0x25, 0x63, 0x25, 0x03, 0x25, 0x40, 0x0b, 0xa0, 0x02, 0x45, 0x2c,
  0xd1, 0x8e, 0xf9, 0xcf, 0xfe, 0xff, 0xfe, 0xff, 0xf8, 0xcf, 0xf6, 0xbf, 0xf3, 0x9f, 0xaf, 0x6f,
  0xaf, 0x67, 0xcf, 0x6f, 0xae, 0x67, 0xce, 0x6f, 0xaf, 0x6f, 0xb0, 0x7f, 0xf3, 0x97, 0xd1, 0x8f,
  0xd1, 0x87, 0xd2, 0x8f, 0xf4, 0x9f, 0xb0, 0x77, 0x8e, 0x5f, 0xd2, 0x8f, 0xf7, 0xbf, 0xb2, 0x8f,
  0xd0, 0x7f, 0xf5, 0xb7, 0xf8, 0xcf, 0xfa, 0xd7, 0xfd, 0xef, 0xfd, 0xf7, 0xff, 0xff, 0xff, 0xff,
  0xff, 0xff, 0xff, 0xff, 0xfe, 0xf7, 0x98, 0xcf, 0x8c, 0x66, 0x00, 0x04, 0x40, 0x03, 0xa0, 0x03,
  0xe3, 0x24, 0xa7, 0x46, 0x08, 0x57, 0xe8, 0x4e, 0x85, 0x36, 0xe2, 0x1d, 0x6f, 0x7e, 0x97, 0xbf,
  0xf4, 0xb7, 0xf2, 0x97, 0x8d, 0x77, 0xd3, 0x9f, 0xf9, 0xcf, 0xfb, 0xe7, 0xf7, 0xcf, 0xf2, 0x9f,
  0x06, 0x3f, 0x02, 0x27, 0x26, 0x3f, 0x64, 0x2e, 0x44, 0x36, 0x44, 0x36, 0xa3, 0x2d, 0x23, 0x2d,
  0xc1, 0x1c, 0xa2, 0x24, 0x01, 0x1c, 0xa0, 0x13, 0x42, 0x24, 0x22, 0x24, 0x61, 0x1b, 0xc0, 0x12,
  0x40, 0x0a, 0x40, 0x12, 0x60, 0x12, 0x60, 0x12, 0xa0, 0x1a, 0xa1, 0x1a, 0xa1, 0x1a, 0xa1, 0x22,
  0xe1, 0x22, 0xa1, 0x22, 0xa1, 0x1a, 0xe1, 0x2a, 0xe3, 0x1a, 0xa0, 0x02, 0x00, 0x00, 0xe0, 0x03,
  0xa0, 0x2a, 0xa0, 0x1a, 0x00, 0x00, 0x41, 0x22, 0x21, 0x1a, 0x41, 0x1a, 0x61, 0x1a, 0x44, 0x22,
  0x00, 0x00, 0x00, 0x00, 0xe0, 0x7b, 0x00, 0x00, 0x00, 0x00, 0x00, 0x00, 0x00, 0x00, 0x00, 0x00,
  0x00, 0x00, 0x00, 0x00, 0x00, 0x00, 0x00, 0x00, 0x00, 0x00, 0x00, 0x00, 0x00, 0x00, 0x00, 0x00,
  0x00, 0x00, 0x00, 0x00, 0x00, 0x00, 0x00, 0x00, 0x00, 0x00, 0x00, 0x00, 0x00, 0x00, 0x00, 0x00,
  0x00, 0x00, 0x00, 0x00, 0x00, 0x00, 0x00, 0x00, 0x00, 0x00, 0x00, 0x00, 0x00, 0x00, 0x00, 0x00,
  0x00, 0x00, 0x00, 0x00, 0x00, 0x00, 0x00, 0x00, 0x00, 0x00, 0x00, 0x00, 0x00, 0x00, 0x00, 0x00,
  0x00, 0x00, 0x00, 0x00, 0x00, 0x00, 0x00, 0x00, 0x00, 0x00, 0xaa, 0x52, 0xe0, 0x03, 0xa0, 0x2a,
  0x43, 0x43, 0x62, 0x3b, 0x62, 0x33, 0xa2, 0x33, 0x63, 0x44, 0xc4, 0x44, 0x44, 0x44, 0xe3, 0x3b,
  0xe3, 0x3b, 0xe3, 0x3b, 0x83, 0x3b, 0xc1, 0x2b, 0x83, 0x3b, 0x83, 0x3b, 0x00, 0x00, 0xe0, 0xff,
  0x00, 0x00, 0x00, 0x00, 0x00, 0x00, 0x40, 0x55, 0x00, 0x00, 0x00, 0x00, 0xe1, 0x22, 0xe1, 0x22,
  0xc1, 0x22, 0x01, 0x23, 0x20, 0x12, 0x00, 0x12, 0x60, 0x12, 0x60, 0x1a, 0xe1, 0x1a, 0xe0, 0x12,
  0xa0, 0x12, 0xe0, 0x01, 0x01, 0x13, 0xa0, 0x0a, 0x21, 0x13, 0x61, 0x1b, 0xc1, 0x12, 0xe0, 0x0a,
  0x63, 0x35, 0x41, 0x13, 0x80, 0x02, 0x81, 0x13, 0x02, 0x1c, 0x21, 0x0b, 0xa1, 0x0a, 0x20, 0x03,
  0xe0, 0x02, 0xaa, 0x5d, 0x74, 0xaf, 0xfa, 0xe7, 0xfb, 0xf7, 0xfa, 0xef, 0xf8, 0xd7, 0xd5, 0xbf,
  0x90, 0x87, 0x4d, 0x67, 0x8d, 0x67, 0xae, 0x6f, 0xd0, 0x7f, 0xd0, 0x77, 0x8e, 0x6f, 0xae, 0x6f,
  0xd0, 0x7f, 0xd0, 0x77, 0xd0, 0x77, 0x8f, 0x6f, 0x8f, 0x6f, 0xd0, 0x7f, 0xd1, 0x7f, 0xf2, 0x87,
  0xf2, 0x8f, 0xf3, 0x97, 0xd1, 0x7f, 0xae, 0x67, 0xd1, 0x7f, 0xf2, 0x97, 0xd2, 0x8f, 0xd4, 0x97,
  0xf9, 0xcf, 0xdc, 0xe7, 0xfd, 0xf7, 0xff, 0xff, 0xff, 0xff, 0xff, 0xff, 0xff, 0xff, 0xfb, 0xef,
  0x15, 0xb7, 0xd0, 0x85, 0x47, 0x44, 0x81, 0x0a, 0x60, 0x02, 0x60, 0x02, 0x20, 0x03, 0x02, 0x14,
  0x22, 0x14, 0x41, 0x0b, 0xe0, 0x02, 0x20, 0x0b, 0x41, 0x0b, 0xa1, 0x13, 0xc0, 0x02, 0xc0, 0x02,
  0x21, 0x0b, 0x81, 0x0b, 0x20, 0x0b, 0x42, 0x1c, 0x81, 0x0b, 0x20, 0x0b, 0xa0, 0x02, 0x20, 0x0b,
  0xe0, 0x02, 0x20, 0x03, 0x21, 0x14, 0x01, 0x0c, 0xa2, 0x14, 0x02, 0x1d, 0xe2, 0x1c, 0x83, 0x25,
  0x42, 0x14, 0xe0, 0x02, 0xc0, 0x02, 0x21, 0x14, 0x0b, 0x66, 0xf9, 0xcf, 0xfd, 0xff, 0xfe, 0xff,
  0xfc, 0xf7, 0xfa, 0xdf, 0xf5, 0xa7, 0xf4, 0x9f, 0xd4, 0x9f, 0xd3, 0x97, 0xf2, 0x8f, 0xf6, 0xb7,
  0xf5, 0xa7, 0xf3, 0x97, 0xf3, 0x9f, 0xf3, 0x9f, 0xf5, 0xa7, 0xb2, 0x8f, 0xb4, 0x9f, 0xd8, 0xc7,
  0xd9, 0xd7, 0xfa, 0xd7, 0xfc, 0xef, 0xfe, 0xff, 0xff, 0xff, 0xff, 0xff, 0xff, 0xff, 0xfe, 0xf7,
  0xb8, 0xc7, 0xf3, 0x9e, 0xd3, 0x9e, 0x91, 0x96, 0x67, 0x3d, 0x60, 0x04, 0x20, 0x04, 0x00, 0x04,
  0x64, 0x35, 0xca, 0x66, 0xcd, 0x87, 0x49, 0x5f, 0x07, 0x4f, 0x87, 0x46, 0x85, 0x3e, 0xaf, 0x87,
  0xf8, 0xbf, 0xad, 0x77, 0x88, 0x57, 0xf2, 0xa7, 0xf8, 0xcf, 0xb2, 0x9f, 0xae, 0x8f, 0xab, 0x6f,
  0x47, 0x47, 0x84, 0x36, 0x22, 0x26, 0x64, 0x36, 0xe6, 0x3e, 0xa5, 0x3e, 0x24, 0x2e, 0x62, 0x1d,
  0xe1, 0x1c, 0x62, 0x25, 0x42, 0x25, 0xe2, 0x1c, 0x42, 0x25, 0x62, 0x25, 0x42, 0x24, 0x41, 0x13,
  0xe0, 0x12, 0xc1, 0x12, 0x60, 0x12, 0x20, 0x12, 0x60, 0x1a, 0x60, 0x1a, 0xa0, 0x1a, 0x80, 0x12,
  0x81, 0x1a, 0xa1, 0x22, 0xa1, 0x1a, 0x81, 0x1a, 0xa5, 0x2a, 0xe3, 0x3a, 0xe0, 0x39, 0xa0, 0x02,
  0xe0, 0x39, 0x00, 0x23, 0x22, 0x2a, 0xa0, 0x52, 0xa0, 0x1a, 0x40, 0x1a, 0x20, 0x1a, 0x61, 0x22,
  0x61, 0x22, 0x21, 0x2a, 0x00, 0x00, 0x00, 0x00, 0x00, 0x00, 0x00, 0x00, 0x00, 0x00, 0x00, 0x00,
  0x00, 0x00, 0x00, 0x00, 0x00, 0x00, 0x00, 0x00, 0x00, 0x00, 0x00, 0x00, 0x00, 0x00, 0x00, 0x00,
  0x00, 0x00, 0x00, 0x00, 0x00, 0x00, 0x00, 0x00, 0x00, 0x00, 0x00, 0x00, 0x00, 0x00, 0x00, 0x00,
  0x00, 0x00, 0x00, 0x00, 0x00, 0x00, 0x00, 0x00, 0x00, 0x00, 0x00, 0x00, 0x00, 0x00, 0x00, 0x00,
  0x00, 0x00, 0x00, 0x00, 0x00, 0x00, 0x00, 0x00, 0xe3, 0x39, 0xc2, 0x32, 0xa0, 0x52, 0x00, 0x00,
  0x00, 0x00, 0x00, 0x00, 0x00, 0x00, 0x00, 0x00, 0x00, 0x00, 0x00, 0x00, 0x00, 0x00, 0x00, 0x00,
  0xe0, 0x03, 0x62, 0x33, 0x62, 0x3b, 0x42, 0x33, 0xc3, 0x3b, 0x84, 0x4c, 0x82, 0x3c, 0x42, 0x34,
  0x85, 0x4c, 0xe3, 0x3b, 0xa2, 0x3b, 0xc3, 0x3b, 0xc3, 0x3b, 0xa2, 0x33, 0x42, 0x33, 0x83, 0x3b,
  0xe0, 0x07, 0x00, 0x00, 0x00, 0x00, 0x00, 0x00, 0x00, 0x00, 0x00, 0x00, 0xa0, 0x52, 0x01, 0x3b,
  0xe1, 0x2a, 0x42, 0x33, 0xa0, 0x2a, 0x42, 0x33, 0x03, 0x3c, 0xa1, 0x1a, 0x20, 0x12, 0x60, 0x12,
  0x00, 0x12, 0x40, 0x12, 0xa1, 0x12, 0x80, 0x0a, 0x21, 0x13, 0xe2, 0x23, 0x22, 0x24, 0xe0, 0x01,
  0xa3, 0x2c, 0xe1, 0x12, 0x41, 0x13, 0x82, 0x24, 0xc1, 0x13, 0x40, 0x0b, 0x61, 0x13, 0xa1, 0x13,
  0xc0, 0x0a, 0x60, 0x0a, 0x81, 0x02, 0x20, 0x02, 0x60, 0x02, 0xe7, 0x44, 0xf3, 0xa6, 0xfb, 0xef,
  0xff, 0xff, 0xff, 0xff, 0xfc, 0xff, 0xf9, 0xd7, 0xb3, 0x9f, 0x93, 0x97, 0xd6, 0xb7, 0xd5, 0xaf,
  0x70, 0x7f, 0x4c, 0x67, 0x8e, 0x67, 0x8d, 0x67, 0xaf, 0x77, 0x8f, 0x6f, 0x4d, 0x57, 0x4b, 0x4f,
  0x8f, 0x67, 0xd1, 0x7f, 0xd2, 0x87, 0xd2, 0x8f, 0xd2, 0x8f, 0xd6, 0xaf, 0xd9, 0xcf, 0xfa, 0xd7,
  0xfd, 0xef, 0xff, 0xff, 0xff, 0xff, 0xff, 0xff, 0xfd, 0xf7, 0xfc, 0xe7, 0xb7, 0xc7, 0xf1, 0x86,
  0x0b, 0x5e, 0x24, 0x2c, 0x40, 0x02, 0xc0, 0x01, 0x80, 0x02, 0x21, 0x03, 0x41, 0x0b, 0xa2, 0x13,
  0x81, 0x0b, 0x00, 0x03, 0xa0, 0x02, 0xe0, 0x02, 0x20, 0x0b, 0x62, 0x14, 0xa2, 0x1c, 0x41, 0x0b,
  0xe1, 0x0a, 0x61, 0x0b, 0x41, 0x0b, 0xc0, 0x02, 0x20, 0x0b, 0x80, 0x02, 0x80, 0x02, 0x00, 0x0b,
  0x61, 0x0b, 0x40, 0x0b, 0x21, 0x0b, 0x61, 0x0b, 0xc1, 0x0b, 0x21, 0x14, 0x01, 0x0c, 0x62, 0x14,
  0xa2, 0x14, 0x43, 0x1d, 0xa3, 0x25, 0x23, 0x25, 0xa1, 0x0b, 0x40, 0x03, 0x60, 0x03, 0x01, 0x0c,
  0xe8, 0x4d, 0x53, 0xa7, 0xda, 0xdf, 0xfc, 0xef, 0xfd, 0xef, 0xff, 0xff, 0xff, 0xff, 0xfe, 0xf7,
  0xfc, 0xef, 0xfd, 0xef, 0xfe, 0xf7, 0xff, 0xf7, 0xfd, 0xef, 0xff, 0xff, 0xff, 0xff, 0xff, 0xff,
  0xff, 0xff, 0xff, 0xff, 0xff, 0xff, 0xff, 0xff, 0xfd, 0xef, 0xdb, 0xd7, 0x12, 0x8f, 0x0c, 0x66,
  0x49, 0x4d, 0xc6, 0x34, 0xa1, 0x14, 0xe0, 0x04, 0x80, 0x05, 0xa0, 0x0d, 0x20, 0x05, 0xc1, 0x14,
  0x08, 0x46, 0x2b, 0x6f, 0xad, 0x87, 0x4b, 0x6f, 0xe4, 0x2d, 0x82, 0x15, 0xe2, 0x1d, 0x06, 0x37,
  0xcc, 0x77, 0xef, 0x7f, 0xac, 0x67, 0x68, 0x4f, 0x49, 0x5f, 0x2a, 0x57, 0xc6, 0x3e, 0xe4, 0x2e,
  0x8a, 0x67, 0xae, 0x8f, 0x01, 0x16, 0xe3, 0x25, 0x04, 0x2e, 0x64, 0x2e, 0xe3, 0x25, 0xe3, 0x2d,
  0xc3, 0x25, 0x22, 0x1d, 0xa1, 0x1c, 0xa2, 0x1c, 0xe2, 0x1c, 0xe2, 0x1c, 0xe2, 0x24, 0x21, 0x1c,
  0x21, 0x1c, 0xa1, 0x1b, 0x60, 0x12, 0xe0, 0x09, 0x20, 0x0a, 0xa0, 0x1a, 0xc0, 0x1a, 0xa1, 0x1a,
  0x60, 0x1a, 0x80, 0x1a, 0x81, 0x1a, 0xc2, 0x22, 0x81, 0x1a, 0x82, 0x1a, 0x81, 0x22, 0x81, 0x22,
  0x81, 0x2a, 0xa2, 0x22, 0x81, 0x2a, 0x60, 0x2a, 0xa0, 0x2a, 0xe0, 0x7b, 0xa2, 0x22, 0xe0, 0x01,
  0xa0, 0x2a, 0x60, 0x1a, 0x60, 0x23, 0xe0, 0x01, 0x00, 0x00, 0x00, 0x00, 0x00, 0x00, 0x00, 0x00,
  0x00, 0x00, 0x00, 0x00, 0x00, 0x00, 0x00, 0x00, 0x00, 0x00, 0x00, 0x00, 0x00, 0x00, 0x00, 0x00,
  0x00, 0x00, 0x00, 0x00, 0x00, 0x00, 0x00, 0x00, 0x00, 0x00, 0x00, 0x00, 0x00, 0x00, 0x00, 0x00,
  0x00, 0x00, 0x00, 0x00, 0x00, 0x00, 0x00, 0x00, 0x00, 0x00, 0x00, 0x00, 0x00, 0x00, 0x00, 0x00,
  0x00, 0x00, 0x00, 0x00, 0x00, 0x00, 0x00, 0x00, 0x00, 0x00, 0x00, 0x00, 0xa3, 0x3a, 0xe1, 0x3a,
  0xe0, 0x39, 0x00, 0x00, 0x00, 0x00, 0x00, 0x00, 0x00, 0x00, 0x00, 0x00, 0x00, 0x00, 0x00, 0x00,
  0xe0, 0xff, 0xe0, 0x07, 0x20, 0x33, 0x62, 0x33, 0x63, 0x3b, 0x82, 0x3b, 0x84, 0x44, 0x45, 0x4d,
  0x43, 0x45, 0x04, 0x3d, 0x45, 0x44, 0x04, 0x44, 0xc3, 0x3b, 0xc3, 0x3b, 0xe3, 0x3b, 0x82, 0x33,
  0x43, 0x33, 0xe0, 0x3b, 0x00, 0x00, 0x00, 0x00, 0x00, 0x00, 0x00, 0x00, 0x00, 0x00, 0x00, 0x00,
  0x00, 0x00, 0x01, 0x3b, 0x01, 0x33, 0x22, 0x2b, 0x21, 0x1a, 0x42, 0x33, 0xe3, 0x3b, 0xa2, 0x2b,
  0x21, 0x23, 0xa1, 0x1a, 0x81, 0x1a, 0x40, 0x12, 0xe0, 0x09, 0x60, 0x12, 0x81, 0x23, 0xa1, 0x1b,
  0xa1, 0x12, 0x80, 0x01, 0xa0, 0x0a, 0xa2, 0x1b, 0x80, 0x0a, 0x20, 0x02, 0x20, 0x0b, 0x40, 0x0b,
  0x41, 0x0b, 0xc1, 0x13, 0x22, 0x1c, 0x02, 0x1c, 0x21, 0x13, 0xc1, 0x0a, 0x21, 0x0a, 0xc0, 0x01,
  0xc0, 0x01, 0xc4, 0x2b, 0xce, 0x7d, 0x14, 0xa7, 0xb9, 0xc7, 0xfe, 0xf7, 0xff, 0xff, 0xfe, 0xff,
  0xfe, 0xff, 0xfd, 0xff, 0xff, 0xff, 0xff, 0xff, 0xff, 0xff, 0xff, 0xff, 0xfe, 0xff, 0xff, 0xff,
  0xff, 0xff, 0xff, 0xff, 0xff, 0xff, 0xff, 0xff, 0xff, 0xff, 0xff, 0xff, 0xff, 0xff, 0xff, 0xff,
  0xff, 0xff, 0xff, 0xff, 0xfd, 0xef, 0x77, 0xbf, 0x92, 0x8e, 0x6c, 0x6d, 0xc8, 0x4c, 0x25, 0x2c,
  0x80, 0x02, 0xe0, 0x01, 0xe0, 0x01, 0x20, 0x02, 0x01, 0x03, 0x62, 0x0b, 0x81, 0x0b, 0x40, 0x03,
  0x20, 0x03, 0x00, 0x03, 0xc0, 0x02, 0x20, 0x03, 0xa1, 0x0b, 0x01, 0x0c, 0x62, 0x14, 0x41, 0x14,
  0x20, 0x03, 0xc3, 0x24, 0xe0, 0x02, 0x20, 0x0b, 0x81, 0x0b, 0xe0, 0x0a, 0x21, 0x0b, 0x60, 0x02,
  0x60, 0x02, 0x61, 0x0b, 0xe0, 0x0a, 0x80, 0x02, 0x80, 0x02, 0x00, 0x03, 0x00, 0x03, 0x61, 0x0b,
  0xa1, 0x0b, 0x60, 0x03, 0xa0, 0x0b, 0x82, 0x14, 0x63, 0x1d, 0xc3, 0x25, 0x24, 0x26, 0xe2, 0x14,
  0x01, 0x14, 0xa1, 0x0b, 0xc0, 0x02, 0x20, 0x03, 0x00, 0x14, 0xa2, 0x1c, 0x88, 0x4d, 0x8f, 0x7e,
  0x12, 0x97, 0x54, 0xa7, 0x55, 0xaf, 0x96, 0xb7, 0xf9, 0xcf, 0xf9, 0xcf, 0xd8, 0xc7, 0x75, 0xaf,
  0x73, 0x9f, 0x51, 0x97, 0x0f, 0x7f, 0xaf, 0x86, 0xed, 0x75, 0xa9, 0x4d, 0x45, 0x2d, 0x22, 0x0d,
  0x02, 0x0d, 0x81, 0x14, 0x01, 0x0d, 0xa3, 0x1d, 0xa8, 0x4e, 0x0b, 0x67, 0x4e, 0x7f, 0x8f, 0x8f,
  0x2c, 0x77, 0xd0, 0x97, 0xd1, 0x97, 0x88, 0x4e, 0x42, 0x15, 0xe4, 0x2d, 0xe1, 0x0c, 0xc3, 0x25,
  0xe9, 0x56, 0xad, 0x7f, 0xf0, 0x8f, 0xac, 0x6f, 0x48, 0x4f, 0xc6, 0x3e, 0x45, 0x2e, 0xe6, 0x3e,
  0x48, 0x57, 0x69, 0x5f, 0xcf, 0x8f, 0xf3, 0xaf, 0x64, 0x2e, 0xa2, 0x25, 0xa3, 0x2d, 0xa5, 0x3e,
  0x22, 0x25, 0x21, 0x14, 0x01, 0x14, 0x61, 0x1c, 0xe1, 0x1b, 0x41, 0x1c, 0x81, 0x1c, 0x01, 0x1c,
  0xa1, 0x13, 0x61, 0x13, 0x41, 0x1b, 0x80, 0x12, 0x60, 0x12, 0x60, 0x12, 0x40, 0x12, 0xc1, 0x1a,
  0xa1, 0x22, 0x60, 0x1a, 0x81, 0x22, 0xc1, 0x22, 0xe2, 0x22, 0xc2, 0x22, 0xa2, 0x2a, 0xa1, 0x1a,
  0x61, 0x1a, 0x61, 0x1a, 0xa2, 0x22, 0x40, 0x22, 0x63, 0x32, 0x00, 0x00, 0x00, 0x00, 0xe0, 0x07,
  0x00, 0x00, 0x00, 0x00, 0x00, 0x00, 0x00, 0x00, 0x00, 0x00, 0x00, 0x00, 0x00, 0x00, 0x00, 0x00,
  0x00, 0x00, 0x00, 0x00, 0x00, 0x00, 0x00, 0x00, 0x00, 0x00, 0x00, 0x00, 0x00, 0x00, 0x00, 0x00,
  0x00, 0x00, 0x00, 0x00, 0x00, 0x00, 0x00, 0x00, 0x00, 0x00, 0x00, 0x00, 0x00, 0x00, 0x00, 0x00,
  0x00, 0x00, 0x00, 0x00, 0x00, 0x00, 0x00, 0x00, 0x00, 0x00, 0x00, 0x00, 0x00, 0x00, 0x00, 0x00,
  0x00, 0x00, 0x00, 0x00, 0x00, 0x00, 0x00, 0x00, 0x00, 0x00, 0x00, 0x00, 0x00, 0x00, 0x00, 0x00,
  0x00, 0x00, 0x00, 0x00, 0x00, 0x00, 0x00, 0x00, 0x00, 0x00, 0x00, 0x00, 0x00, 0x00, 0x00, 0x00,
  0x00, 0x00, 0x00, 0x00, 0x00, 0x00, 0x00, 0x00, 0xe3, 0x1a, 0x83, 0x3b, 0xa3, 0x3b, 0x03, 0x44,
  0x83, 0x3c, 0x25, 0x5e, 0xc6, 0x5e, 0x02, 0x3e, 0x24, 0x3d, 0x44, 0x3c, 0x03, 0x3c, 0xe3, 0x3b,
  0xe3, 0x3b, 0x82, 0x33, 0x62, 0x33, 0x60, 0x23, 0x00, 0x00, 0x00, 0x00, 0x00, 0x00, 0x00, 0x00,
  0x00, 0x00, 0x02, 0x23, 0xa2, 0x23, 0xa2, 0x32, 0xe1, 0x2a, 0xc1, 0x2a, 0xa2, 0x22, 0x81, 0x22,
  0xc1, 0x22, 0x21, 0x23, 0x21, 0x2b, 0x63, 0x2b, 0xc3, 0x3b, 0x00, 0x0a, 0xa0, 0x09, 0x21, 0x12,
  0x60, 0x0a, 0xa0, 0x12, 0x20, 0x0a, 0x60, 0x0a, 0xa0, 0x00, 0x60, 0x0a, 0x62, 0x24, 0xa1, 0x13,
  0x40, 0x0b, 0x61, 0x0b, 0xa1, 0x13, 0x41, 0x0b, 0x01, 0x0b, 0x20, 0x0b, 0x22, 0x24, 0xa3, 0x24,
  0x41, 0x0b, 0x81, 0x0a, 0xa1, 0x02, 0x80, 0x01, 0x80, 0x01, 0x60, 0x02, 0x21, 0x13, 0xa4, 0x23,
  0xa8, 0x4c, 0x0e, 0x7e, 0xb3, 0xa6, 0x54, 0xaf, 0x98, 0xcf, 0xb9, 0xd7, 0xd9, 0xd7, 0xda, 0xd7,
  0xda, 0xd7, 0xdb, 0xd7, 0xdb, 0xd7, 0xba, 0xd7, 0x99, 0xcf, 0x99, 0xcf, 0x18, 0xbf, 0xf6, 0xae,
  0xb2, 0x96, 0x8e, 0x6e, 0x6d, 0x6e, 0x47, 0x44, 0x04, 0x23, 0xc1, 0x0a, 0x40, 0x02, 0x80, 0x01,
  0x20, 0x02, 0xa0, 0x02, 0x01, 0x03, 0x41, 0x0b, 0x81, 0x0b, 0x61, 0x0b, 0x61, 0x0b, 0x20, 0x03,
  0xe0, 0x02, 0x20, 0x0b, 0x40, 0x0b, 0x60, 0x0b, 0x61, 0x0b, 0xa0, 0x0b, 0x80, 0x0b, 0xc1, 0x0b,
  0x42, 0x14, 0xe1, 0x13, 0x84, 0x25, 0x62, 0x14, 0xc1, 0x0b, 0x00, 0x0b, 0x40, 0x02, 0x00, 0x0b,
  0x41, 0x0b, 0x20, 0x0b, 0x20, 0x0b, 0xa0, 0x02, 0xe0, 0x0a, 0xe0, 0x0a, 0x60, 0x02, 0xc0, 0x02,
  0x21, 0x0b, 0x00, 0x03, 0x20, 0x03, 0xa1, 0x0b, 0xc1, 0x0b, 0xa0, 0x0b, 0x82, 0x14, 0x83, 0x25,
  0x44, 0x2e, 0x44, 0x2e, 0xc3, 0x25, 0x83, 0x25, 0xa2, 0x1c, 0x01, 0x0c, 0xc1, 0x0b, 0xc1, 0x02,
  0x80, 0x02, 0x00, 0x02, 0x60, 0x02, 0x00, 0x03, 0x20, 0x03, 0x61, 0x0b, 0x81, 0x13, 0x41, 0x13,
  0x61, 0x0b, 0xa0, 0x0b, 0xa0, 0x03, 0xa0, 0x03, 0x60, 0x03, 0xc0, 0x03, 0xe0, 0x03, 0x61, 0x0c,
  0x00, 0x04, 0x63, 0x1d, 0x89, 0x46, 0xc7, 0x3e, 0x28, 0x4f, 0x8e, 0x7f, 0xb2, 0x9f, 0xf6, 0xb7,
  0xf7, 0xc7, 0xd3, 0xa7, 0x6d, 0x77, 0x26, 0x36, 0x05, 0x36, 0xc0, 0x0c, 0xc1, 0x14, 0x85, 0x35,
  0x05, 0x36, 0x28, 0x57, 0xad, 0x87, 0xae, 0x77, 0x4a, 0x5f, 0xc6, 0x3e, 0x64, 0x26, 0x48, 0x4f,
  0x08, 0x57, 0xc7, 0x46, 0x28, 0x57, 0x06, 0x3f, 0xab, 0x6f, 0xcd, 0x7f, 0x08, 0x57, 0x65, 0x3e,
  0xc2, 0x1c, 0x23, 0x25, 0x83, 0x2d, 0xc1, 0x13, 0x40, 0x13, 0xc1, 0x1b, 0xa1, 0x13, 0x81, 0x13,
  0xc0, 0x0a, 0x20, 0x13, 0x20, 0x13, 0x40, 0x13, 0x60, 0x12, 0x60, 0x12, 0xa0, 0x12, 0x01, 0x1b,
  0x41, 0x23, 0x01, 0x23, 0xe1, 0x1a, 0xa1, 0x22, 0xe1, 0x2a, 0x01, 0x1b, 0xa1, 0x22, 0xa2, 0x22,
  0x00, 0x00, 0x00, 0x00, 0x83, 0x1b, 0xa2, 0x32, 0xe0, 0x03, 0x20, 0x33, 0x00, 0x00, 0x00, 0x00,
  0x00, 0x00, 0x00, 0x00, 0x00, 0x00, 0x00, 0x00, 0x00, 0x00, 0x00, 0x00, 0x00, 0x00, 0x00, 0x00,
  0x00, 0x00, 0x00, 0x00, 0x00, 0x00, 0x00, 0x00, 0x00, 0x00, 0x00, 0x00, 0x00, 0x00, 0x00, 0x00,
  0x00, 0x00, 0x00, 0x00, 0x00, 0x00, 0x00, 0x00, 0x00, 0x00, 0x00, 0x00, 0x00, 0x00, 0x00, 0x00,
  0x00, 0x00, 0x00, 0x00, 0x00, 0x00, 0x00, 0x00, 0x00, 0x00, 0x00, 0x00, 0x00, 0x00, 0x00, 0x00,
  0x00, 0x00, 0x00, 0x00, 0x00, 0x00, 0x00, 0x00, 0x00, 0x00, 0x00, 0x00, 0x00, 0x00, 0x00, 0x00,
  0x00, 0x00, 0x00, 0x00, 0x00, 0x00, 0x00, 0x00, 0x00, 0x00, 0x00, 0x00, 0x00, 0x00, 0x00, 0x00,
  0x00, 0x00, 0x00, 0x00, 0x00, 0x00, 0x00, 0x00, 0x00, 0x00, 0xe0, 0xff, 0x45, 0x3b, 0x63, 0x43,
  0xa3, 0x3b, 0xe2, 0x3b, 0x62, 0x3c, 0x46, 0x56, 0xd7, 0xc7, 0x54, 0xb7, 0x2f, 0x9f, 0x47, 0x5d,
  0xe2, 0x3b, 0xa3, 0x3b, 0x82, 0x33, 0x42, 0x33, 0x62, 0x33, 0x64, 0x33, 0x00, 0x00, 0x00, 0x00,
  0xe0, 0x7b, 0x00, 0x00, 0x00, 0x00, 0x03, 0x2b, 0x23, 0x33, 0xe0, 0x2a, 0x01, 0x33, 0xc1, 0x22,
  0xe1, 0x2a, 0x21, 0x12, 0xa1, 0x22, 0x42, 0x33, 0xe1, 0x22, 0x61, 0x1a, 0x41, 0x22, 0xe0, 0x11,
  0x41, 0x12, 0xc1, 0x1a, 0x80, 0x12, 0x60, 0x0a, 0x00, 0x0a, 0x22, 0x1b, 0x01, 0x13, 0xe0, 0x01,
  0x01, 0x13, 0x43, 0x24, 0xe3, 0x2c, 0x02, 0x1c, 0xc2, 0x1b, 0x01, 0x13, 0xa2, 0x1b, 0x01, 0x0b,
  0xa0, 0x0a, 0x61, 0x13, 0x41, 0x13, 0xa1, 0x13, 0x01, 0x0b, 0xa0, 0x0a, 0x00, 0x0a, 0xc0, 0x01,
  0xc1, 0x0a, 0x20, 0x0b, 0xe0, 0x02, 0x60, 0x02, 0xa0, 0x02, 0x20, 0x03, 0x00, 0x03, 0x80, 0x03,
  0x41, 0x14, 0x61, 0x14, 0x81, 0x14, 0x02, 0x14, 0x80, 0x03, 0x40, 0x03, 0x60, 0x03, 0xe0, 0x02,
  0xc0, 0x01, 0x80, 0x01, 0x80, 0x01, 0x20, 0x01, 0xc0, 0x01, 0x00, 0x02, 0xe0, 0x01, 0x20, 0x02,
  0x41, 0x0a, 0xa1, 0x0a, 0xe1, 0x02, 0xc0, 0x02, 0xe0, 0x02, 0x00, 0x03, 0x21, 0x0b, 0x00, 0x03,
  0x40, 0x0b, 0x60, 0x0b, 0x80, 0x0b, 0xc1, 0x0b, 0x01, 0x14, 0x01, 0x0c, 0xc1, 0x0b, 0x82, 0x14,
  0xe2, 0x1c, 0xc2, 0x14, 0x43, 0x25, 0xa2, 0x1c, 0x44, 0x2d, 0x83, 0x1c, 0xc1, 0x0b, 0x20, 0x02,
  0x40, 0x02, 0x41, 0x0b, 0xc1, 0x13, 0xe2, 0x13, 0x41, 0x0b, 0xa0, 0x02, 0x41, 0x0b, 0x01, 0x0b,
  0xa0, 0x0a, 0x41, 0x0b, 0x41, 0x0b, 0xc0, 0x02, 0xa0, 0x02, 0x20, 0x03, 0x20, 0x03, 0x61, 0x0b,
  0x81, 0x0b, 0x62, 0x14, 0x83, 0x25, 0xc3, 0x25, 0xe5, 0x35, 0xe6, 0x46, 0x06, 0x47, 0x64, 0x2e,
  0x03, 0x26, 0x64, 0x2d, 0xa3, 0x24, 0x83, 0x24, 0xe5, 0x2c, 0x65, 0x25, 0xe2, 0x1c, 0x23, 0x25,
  0x85, 0x2d, 0x03, 0x1d, 0x42, 0x15, 0x63, 0x1d, 0xe3, 0x1c, 0x23, 0x1d, 0xa5, 0x35, 0x67, 0x46,
  0x43, 0x26, 0x81, 0x0d, 0xa8, 0x45, 0xef, 0x7e, 0x0b, 0x5f, 0x6f, 0x8f, 0xf7, 0xcf, 0xfe, 0xf7,
  0xf8, 0xcf, 0x4e, 0x77, 0x87, 0x3e, 0x81, 0x15, 0xa1, 0x15, 0x41, 0x15, 0x41, 0x15, 0xe3, 0x25,
  0x8d, 0x7f, 0xee, 0x87, 0x8b, 0x67, 0xe7, 0x46, 0x03, 0x26, 0xe2, 0x1d, 0x64, 0x36, 0xc6, 0x3e,
  0xe7, 0x46, 0xc7, 0x3e, 0x86, 0x3e, 0x46, 0x46, 0xe4, 0x35, 0x49, 0x57, 0x6a, 0x5f, 0x49, 0x5f,
  0x23, 0x36, 0xe3, 0x35, 0x81, 0x1c, 0xc1, 0x13, 0x63, 0x35, 0x23, 0x35, 0x22, 0x24, 0x02, 0x24,
  0x21, 0x13, 0xa1, 0x12, 0xa0, 0x12, 0x21, 0x1b, 0xc1, 0x1a, 0xa1, 0x1a, 0xa0, 0x12, 0x81, 0x23,
  0x41, 0x23, 0xc0, 0x1a, 0x01, 0x1b, 0xa1, 0x22, 0x61, 0x1a, 0xa1, 0x22, 0xa1, 0x22, 0xa1, 0x1a,
  0xe0, 0x1a, 0xa0, 0x02, 0xe2, 0x2a, 0x41, 0x1a, 0x41, 0x1a, 0xc1, 0x1a, 0x00, 0x00, 0x00, 0x00,
  0x00, 0x00, 0xe0, 0x07, 0x00, 0xf8, 0x00, 0x00, 0x00, 0x00, 0x00, 0x00, 0x00, 0x00, 0x00, 0x00,
  0x00, 0x00, 0x00, 0x00, 0x00, 0x00, 0x00, 0x00, 0x00, 0x00, 0x00, 0x00, 0x00, 0x00, 0x00, 0x00,
  0x00, 0x00, 0x00, 0x00, 0x00, 0x00, 0x00, 0x00, 0x00, 0x00, 0x00, 0x00, 0x00, 0x00, 0x00, 0x00,
  0x00, 0x00, 0x00, 0x00, 0x00, 0x00, 0x00, 0x00, 0x00, 0x00, 0x00, 0x00, 0x00, 0x00, 0x00, 0x00,
  0x00, 0x00, 0x00, 0x00, 0x00, 0x00, 0x00, 0x00, 0x00, 0x00, 0x00, 0x00, 0x00, 0x00, 0x00, 0x00,
  0x00, 0x00, 0x00, 0x00, 0x00, 0x00, 0xe0, 0x07, 0x00, 0x00, 0x00, 0x00, 0x00, 0x00, 0x00, 0x00,
  0x00, 0x00, 0x00, 0x00, 0x00, 0x00, 0x00, 0x00, 0x00, 0x00, 0x00, 0x00, 0x00, 0x00, 0xe3, 0x3a,
  0x64, 0x4b, 0xa3, 0x43, 0xc3, 0x3b, 0x62, 0x2b, 0x01, 0x34, 0x64, 0x45, 0xba, 0xd7, 0xb8, 0xd7,
  0x0e, 0x97, 0x85, 0x55, 0x82, 0x33, 0x82, 0x3b, 0x82, 0x33, 0x42, 0x33, 0x02, 0x3b, 0x61, 0x2b,
  0xe3, 0x3a, 0xe3, 0x3b, 0xe0, 0x3b, 0xe0, 0x03, 0xe0, 0x07, 0x00, 0x00, 0x23, 0x4b, 0xe0, 0x3b,
  0x00, 0x00, 0x00, 0x00, 0xe0, 0x03, 0xe0, 0x3d, 0xe3, 0x33, 0xa1, 0x32, 0xc2, 0x2a, 0x81, 0x22,
  0x20, 0x1a, 0xa1, 0x22, 0xe2, 0x22, 0xe1, 0x11, 0xa0, 0x09, 0x80, 0x12, 0x60, 0x12, 0x61, 0x12,
  0x61, 0x0a, 0x20, 0x0a, 0x60, 0x0a, 0x82, 0x23, 0x42, 0x1b, 0x43, 0x2c, 0x82, 0x1b, 0x21, 0x13,
  0x80, 0x0a, 0x21, 0x13, 0x02, 0x1c, 0x80, 0x0a, 0x80, 0x0a, 0xe1, 0x12, 0x81, 0x13, 0xa1, 0x1b,
  0x61, 0x1b, 0x01, 0x13, 0x40, 0x0a, 0x40, 0x02, 0x80, 0x0a, 0xe1, 0x12, 0x01, 0x13, 0xa1, 0x0a,
  0xa1, 0x0a, 0x62, 0x0b, 0x61, 0x0b, 0xa2, 0x13, 0xa2, 0x13, 0x01, 0x0b, 0x80, 0x02, 0x81, 0x0a,
  0x81, 0x02, 0x20, 0x02, 0xe1, 0x0a, 0x41, 0x13, 0x21, 0x0b, 0x21, 0x0b, 0x61, 0x0b, 0xe1, 0x0a,
  0x60, 0x02, 0xc1, 0x0a, 0x21, 0x0b, 0x21, 0x0b, 0x61, 0x0b, 0x02, 0x14, 0xe2, 0x13, 0xc1, 0x13,
  0x81, 0x0b, 0xc1, 0x0b, 0x62, 0x14, 0xa2, 0x1c, 0x82, 0x14, 0x62, 0x14, 0xa2, 0x14, 0x23, 0x25,
  0x43, 0x25, 0x43, 0x25, 0x43, 0x25, 0xc2, 0x1c, 0x61, 0x0b, 0x41, 0x0b, 0x60, 0x02, 0xc0, 0x02,
  0x01, 0x0b, 0x80, 0x02, 0xc1, 0x0a, 0xc1, 0x0a, 0xc0, 0x0a, 0x80, 0x02, 0x80, 0x02, 0x40, 0x02,
  0x60, 0x02, 0xa0, 0x0a, 0xa1, 0x0a, 0xa0, 0x02, 0x80, 0x02, 0x20, 0x02, 0x00, 0x02, 0xc0, 0x02,
  0x61, 0x0b, 0x61, 0x0b, 0x41, 0x0b, 0xa1, 0x0b, 0x61, 0x0b, 0xc1, 0x13, 0x21, 0x14, 0x43, 0x25,
  0x04, 0x2e, 0x03, 0x26, 0x64, 0x2e, 0xe4, 0x25, 0x04, 0x2e, 0x86, 0x36, 0x66, 0x36, 0x45, 0x2e,
  0xe4, 0x25, 0x46, 0x2e, 0x2a, 0x4f, 0x6a, 0x57, 0x6b, 0x5f, 0xe6, 0x46, 0xe7, 0x3e, 0x8c, 0x6f,
  0x8d, 0x67, 0x49, 0x57, 0x4a, 0x5f, 0xd2, 0x9f, 0xf8, 0xcf, 0xfa, 0xef, 0xfb, 0xdf, 0xff, 0xff,
  0xdd, 0xf7, 0x4f, 0x87, 0xc4, 0x26, 0x82, 0x1e, 0xe3, 0x2d, 0xe4, 0x35, 0x24, 0x36, 0xc7, 0x4e,
  0xad, 0x7f, 0xef, 0x8f, 0x0a, 0x5f, 0xa2, 0x1d, 0x23, 0x26, 0x45, 0x36, 0x85, 0x3e, 0x08, 0x57,
  0xe8, 0x4e, 0x45, 0x3e, 0xc4, 0x2d, 0x42, 0x1d, 0x65, 0x36, 0xad, 0x77, 0x29, 0x57, 0x27, 0x47,
  0xe7, 0x46, 0xc8, 0x5f, 0xe7, 0x4e, 0x66, 0x46, 0x62, 0x25, 0xe2, 0x24, 0xe1, 0x1b, 0x81, 0x1b,
  0xc2, 0x23, 0x41, 0x1b, 0x40, 0x12, 0x82, 0x23, 0x02, 0x2c, 0xa2, 0x23, 0x62, 0x2b, 0xe1, 0x22,
  0xe1, 0x1a, 0x21, 0x23, 0xc1, 0x1a, 0x81, 0x1a, 0x81, 0x1a, 0xa1, 0x22, 0xc1, 0x2a, 0xa1, 0x22,
  0xa1, 0x22, 0xe1, 0x1a, 0xa0, 0x52, 0xa0, 0x52, 0x60, 0x22, 0x62, 0x22, 0x22, 0x1a, 0x60, 0x12,
  0x00, 0x00, 0x00, 0x00, 0x00, 0x00, 0x00, 0x00, 0xe0, 0x03, 0x00, 0x00, 0x00, 0x00, 0x00, 0x00,
  0x00, 0x00, 0x00, 0x00, 0x00, 0x00, 0x00, 0x00, 0x00, 0x00, 0x00, 0x00, 0x00, 0x00, 0x00, 0x00,
  0x00, 0x00, 0x00, 0x00, 0x00, 0x00, 0x00, 0x00, 0x00, 0x00, 0x00, 0x00, 0x00, 0x00, 0x00, 0x00,
  0x00, 0x00, 0x00, 0x00, 0x00, 0x00, 0x00, 0x00, 0x00, 0x00, 0x00, 0x00, 0x00, 0x00, 0x00, 0x00,
  0x00, 0x00, 0x00, 0x00, 0x00, 0x00, 0x00, 0x00, 0x00, 0x00, 0x00, 0x00, 0x00, 0x00, 0x00, 0x00,
  0x00, 0x00, 0x00, 0x00, 0x00, 0x00, 0x00, 0x00, 0x00, 0x00, 0x00, 0x00, 0x00, 0x00, 0x00, 0x00,
  0x00, 0x00, 0x00, 0x00, 0x00, 0x00, 0x00, 0x00, 0x00, 0x00, 0x00, 0x00, 0x00, 0x00, 0x00, 0x00,
  0x00, 0x00, 0xe0, 0x3b, 0xe0, 0x3b, 0x82, 0x43, 0x82, 0x3b, 0x62, 0x33, 0xa2, 0x33, 0x83, 0x34,
  0x49, 0x66, 0xc5, 0x4d, 0xe1, 0x34, 0x43, 0x3c, 0xa3, 0x3b, 0x62, 0x33, 0xa3, 0x3b, 0x22, 0x33,
  0x42, 0x33, 0xe5, 0x2b, 0xa0, 0x02, 0xc6, 0x34, 0x00, 0x00, 0x00, 0x00, 0x00, 0x00, 0x00, 0x00,
  0xe1, 0x3a, 0x60, 0x4b, 0x26, 0x33, 0x00, 0xf8, 0x00, 0x00, 0x83, 0x3b, 0x21, 0x23, 0xe1, 0x22,
  0xe3, 0x33, 0x00, 0x00, 0x44, 0x4c, 0xc1, 0x22, 0x01, 0x12, 0x40, 0x09, 0xc0, 0x09, 0xc1, 0x1a,
  0x21, 0x12, 0xc0, 0x12, 0xe0, 0x0a, 0xc3, 0x2c, 0x82, 0x1b, 0x81, 0x12, 0x20, 0x0a, 0xe1, 0x12,
  0x41, 0x13, 0xc1, 0x0a, 0xc1, 0x12, 0x40, 0x0a, 0x41, 0x1b, 0xe1, 0x12, 0xe1, 0x12, 0x00, 0x0a,
  0x00, 0x02, 0xe0, 0x0a, 0x61, 0x13, 0x22, 0x24, 0x63, 0x24, 0xc2, 0x1b, 0x41, 0x13, 0x20, 0x02,
  0x20, 0x02, 0x40, 0x02, 0x00, 0x02, 0x00, 0x02, 0x00, 0x02, 0x00, 0x02, 0x40, 0x02, 0x20, 0x02,
  0xc0, 0x02, 0x00, 0x0b, 0xc0, 0x02, 0x01, 0x0b, 0x61, 0x0b, 0x81, 0x13, 0x81, 0x0b, 0x81, 0x0b,
  0x41, 0x0b, 0x22, 0x1c, 0x63, 0x1c, 0xa1, 0x0b, 0x81, 0x0b, 0xa1, 0x0b, 0x81, 0x0b, 0xa1, 0x0b,
  0xe1, 0x13, 0x62, 0x14, 0xc3, 0x1c, 0xe2, 0x1c, 0x43, 0x25, 0xa4, 0x2d, 0xc4, 0x2d, 0x25, 0x36,
  0x25, 0x36, 0xc3, 0x1c, 0x42, 0x14, 0xa1, 0x0b, 0xa1, 0x13, 0x01, 0x0b, 0x60, 0x02, 0xe0, 0x01,
  0x00, 0x02, 0x60, 0x02, 0x80, 0x0a, 0xe0, 0x0a, 0xe1, 0x0a, 0xc0, 0x0a, 0xc1, 0x0a, 0x61, 0x13,
  0xa0, 0x0a, 0xc1, 0x0a, 0x20, 0x02, 0x60, 0x02, 0x80, 0x0a, 0x60, 0x02, 0x80, 0x02, 0xe0, 0x0a,
  0xc1, 0x02, 0x01, 0x0b, 0x41, 0x0b, 0xc0, 0x02, 0x20, 0x0b, 0x40, 0x0b, 0xe0, 0x0a, 0xe0, 0x02,
  0x62, 0x1c, 0x82, 0x1c, 0xc2, 0x1c, 0xc3, 0x25, 0x69, 0x4f, 0xc7, 0x46, 0x82, 0x15, 0x63, 0x1d,
  0xe3, 0x1d, 0x24, 0x26, 0xea, 0x5e, 0xd0, 0x8f, 0xb1, 0x8f, 0xd4, 0xa7, 0xf5, 0xb7, 0xf8, 0xc7,
  0xf9, 0xcf, 0xf2, 0x97, 0xcc, 0x5f, 0xcd, 0x67, 0xfb, 0xdf, 0xfb, 0xdf, 0xd5, 0xb7, 0xb2, 0x97,
  0xd3, 0x9f, 0x90, 0x97, 0x48, 0x57, 0xc4, 0x2e, 0x4c, 0x6f, 0xcf, 0x87, 0x08, 0x4f, 0xe6, 0x3e,
  0x8b, 0x67, 0xef, 0x8f, 0xac, 0x77, 0x08, 0x57, 0xe8, 0x4e, 0x25, 0x36, 0xe8, 0x56, 0x49, 0x5f,
  0x87, 0x46, 0xe4, 0x35, 0x44, 0x36, 0xc3, 0x2d, 0xc3, 0x25, 0x62, 0x25, 0xe1, 0x13, 0xc1, 0x1b,
  0x22, 0x1c, 0x81, 0x14, 0xa3, 0x25, 0x04, 0x36, 0xc2, 0x25, 0xa2, 0x25, 0xa3, 0x2d, 0xa3, 0x2d,
  0xe1, 0x1b, 0x81, 0x1b, 0x61, 0x1b, 0x41, 0x1b, 0xa1, 0x23, 0x01, 0x23, 0x01, 0x1b, 0x62, 0x23,
  0xe2, 0x2b, 0x82, 0x2b, 0x62, 0x2b, 0x80, 0x1a, 0x40, 0x12, 0x21, 0x2b, 0x21, 0x23, 0x42, 0x3b,
  0xa2, 0x32, 0xe0, 0x1a, 0xe0, 0xff, 0xe0, 0x01, 0xe0, 0x03, 0xe0, 0x39, 0x00, 0x00, 0x00, 0x00,
  0x63, 0x2a, 0x00, 0x00, 0x26, 0x33, 0xa3, 0x1a, 0x81, 0x22, 0x81, 0x2a, 0x00, 0x00, 0x00, 0x00,
  0x00, 0x00, 0x00, 0x00, 0x00, 0x00, 0x00, 0x00, 0x00, 0x00, 0x00, 0x00, 0x00, 0x00, 0x00, 0x00,
  0x00, 0x00, 0x00, 0x00, 0x00, 0x00, 0x00, 0x00, 0x00, 0x00, 0x00, 0x00, 0x00, 0x00, 0x00, 0x00,
  0x00, 0x00, 0x00, 0x00, 0x00, 0x00, 0x00, 0x00, 0x00, 0x00, 0x00, 0x00, 0x00, 0x00, 0x00, 0x00,
  0x00, 0x00, 0x00, 0x00, 0x00, 0x00, 0x00, 0x00, 0x00, 0x00, 0x00, 0x00, 0x00, 0x00, 0x00, 0x00,
  0x00, 0x00, 0x00, 0x00, 0x00, 0x00, 0x00, 0x00, 0x00, 0x00, 0x00, 0x00, 0x00, 0x00, 0x00, 0x00,
  0x00, 0x00, 0x00, 0x00, 0x00, 0x00, 0x00, 0x00, 0x00, 0x00, 0x00, 0x00, 0x00, 0x00, 0x00, 0x00,
  0x00, 0x00, 0x00, 0x00, 0x00, 0x00, 0x00, 0x00, 0xe0, 0x3b, 0xa4, 0x4b, 0x62, 0x3b, 0x22, 0x33,
  0x82, 0x33, 0xa2, 0x33, 0xe2, 0x3b, 0xe3, 0x3b, 0x23, 0x3c, 0xa2, 0x3b, 0x42, 0x33, 0x22, 0x2b,
  0x62, 0x33, 0xc1, 0x3b, 0x02, 0x33, 0x23, 0x33, 0x00, 0x00, 0xa1, 0x22, 0xe2, 0x2a, 0xc1, 0x2a,
  0xc2, 0x2a, 0xe2, 0x2a, 0xe3, 0x1a, 0xe0, 0x39, 0xe2, 0x2a, 0x41, 0x2b, 0x00, 0x00, 0x00, 0x00,
  0x83, 0x3b, 0x62, 0x23, 0x01, 0x2b, 0xa1, 0x2a, 0xc1, 0x2a, 0x41, 0x1a, 0x60, 0x09, 0x80, 0x09,
  0xa0, 0x09, 0x40, 0x01, 0x20, 0x01, 0x40, 0x01, 0xe1, 0x12, 0xe4, 0x34, 0xc3, 0x2c, 0xa0, 0x12,
  0xc1, 0x12, 0x20, 0x0a, 0xc1, 0x12, 0x81, 0x0a, 0xa1, 0x0a, 0xa0, 0x01, 0x00, 0x02, 0xa1, 0x12,
  0x82, 0x1b, 0x82, 0x1b, 0x01, 0x13, 0x20, 0x02, 0xa0, 0x01, 0x80, 0x0a, 0x43, 0x24, 0x63, 0x24,
  0x83, 0x24, 0x63, 0x1c, 0x02, 0x14, 0x22, 0x1c, 0xc3, 0x24, 0x22, 0x1c, 0x63, 0x24, 0x42, 0x1c,
  0x62, 0x1c, 0xe5, 0x35, 0x84, 0x2d, 0x82, 0x1c, 0x03, 0x25, 0x44, 0x2d, 0x42, 0x14, 0xa2, 0x1c,
  0xc4, 0x35, 0xc4, 0x35, 0x64, 0x25, 0xc3, 0x1c, 0x82, 0x1c, 0x62, 0x1c, 0xa3, 0x1c, 0xc3, 0x24,
  0x23, 0x25, 0xa4, 0x25, 0xa4, 0x2d, 0xc4, 0x2d, 0xa4, 0x2d, 0x23, 0x25, 0x63, 0x25, 0x03, 0x25,
  0x82, 0x1c, 0x02, 0x1c, 0x01, 0x0b, 0x00, 0x02, 0x00, 0x02, 0x20, 0x02, 0x20, 0x02, 0x00, 0x02,
  0x00, 0x02, 0x20, 0x02, 0x60, 0x02, 0xc0, 0x0a, 0x41, 0x13, 0x21, 0x0b, 0x01, 0x0b, 0xc0, 0x0a,
  0xc1, 0x0a, 0x21, 0x13, 0x20, 0x0b, 0x20, 0x0b, 0xe3, 0x2c, 0x41, 0x13, 0x60, 0x02, 0xc0, 0x0a,
  0xe0, 0x0a, 0xe0, 0x0a, 0xc0, 0x02, 0x01, 0x0b, 0x01, 0x0b, 0x61, 0x0b, 0x22, 0x14, 0x62, 0x1c,
  0xe3, 0x1c, 0x82, 0x1c, 0xa1, 0x13, 0xc2, 0x1c, 0x24, 0x2e, 0x65, 0x2e, 0x86, 0x3e, 0xac, 0x67,
  0x87, 0x46, 0x66, 0x36, 0x8c, 0x67, 0x8c, 0x5f, 0xb1, 0x8f, 0xf8, 0xc7, 0xf8, 0xcf, 0xfa, 0xdf,
  0xfb, 0xef, 0xfd, 0xef, 0xf6, 0xb7, 0xf4, 0xa7, 0xd1, 0x8f, 0xf0, 0x87, 0x90, 0x7f, 0xaf, 0x7f,
  0xd1, 0x8f, 0x8b, 0x57, 0x46, 0x2f, 0x69, 0x5f, 0xce, 0x97, 0xce, 0x87, 0xae, 0x7f, 0xf0, 0x97,
  0x4b, 0x67, 0x6a, 0x5f, 0x8b, 0x6f, 0x8a, 0x67, 0xe6, 0x46, 0x03, 0x2e, 0x66, 0x4e, 0x66, 0x4e,
  0x84, 0x35, 0xa3, 0x24, 0x82, 0x1c, 0x82, 0x25, 0xa3, 0x2d, 0x83, 0x2d, 0x22, 0x1d, 0xe2, 0x1c,
  0x81, 0x1b, 0xc0, 0x0a, 0x01, 0x13, 0xa2, 0x1c, 0x62, 0x1d, 0x21, 0x1c, 0x62, 0x2d, 0x42, 0x25,
  0xc2, 0x24, 0x41, 0x1c, 0x41, 0x24, 0xe2, 0x2c, 0x03, 0x35, 0x61, 0x1b, 0x82, 0x23, 0xa1, 0x22,
  0xa1, 0x1a, 0x01, 0x1b, 0x62, 0x2b, 0x82, 0x2b, 0x62, 0x2b, 0x61, 0x2b, 0xc1, 0x22, 0xe1, 0x22,
  0xe1, 0x1a, 0xe1, 0x22, 0xc1, 0x22, 0xa2, 0x32, 0x64, 0x23, 0xe0, 0x3b, 0x00, 0x00, 0xe0, 0x03,
  0xa0, 0x12, 0x81, 0x22, 0x81, 0x22, 0x00, 0x00, 0x20, 0x33, 0x00, 0x00, 0x61, 0x22, 0xc0, 0x19,
  0x00, 0x00, 0x00, 0x00, 0x00, 0x00, 0x00, 0x00, 0x00, 0x00, 0x00, 0x00, 0x00, 0x00, 0x00, 0x00,
  0x00, 0x00, 0x00, 0x00, 0x00, 0x00, 0x00, 0x00, 0x00, 0x00, 0x00, 0x00, 0x00, 0x00, 0x00, 0x00,
  0x00, 0x00, 0x00, 0x00, 0x00, 0x00, 0x00, 0x00, 0x00, 0x00, 0x00, 0x00, 0x00, 0x00, 0x00, 0x00,
  0x00, 0x00, 0x00, 0x00, 0x00, 0x00, 0x00, 0x00, 0x00, 0x00, 0x00, 0x00, 0x00, 0x00, 0x00, 0x00,
  0x00, 0x00, 0x00, 0x00, 0x00, 0x00, 0x00, 0x00, 0x00, 0x00, 0x00, 0x00, 0x00, 0x00, 0x00, 0x00,
  0x00, 0x00, 0x00, 0x00, 0x00, 0x00, 0x00, 0x00, 0x00, 0x00, 0x00, 0x00, 0x00, 0x00, 0x00, 0x00,
  0x00, 0x00, 0x00, 0x00, 0x00, 0x00, 0x00, 0x00, 0x00, 0x00, 0x00, 0x00, 0x64, 0x4b, 0xe0, 0x3b,
  0x82, 0x3b, 0x42, 0x33, 0x82, 0x33, 0x82, 0x3b, 0x83, 0x33, 0x83, 0x3b, 0x42, 0x2b, 0x42, 0x33,
  0x42, 0x33, 0x02, 0x33, 0x23, 0x33, 0x40, 0x55, 0xe6, 0x33, 0x20, 0x33, 0x23, 0x33, 0xc2, 0x32,
  0xe2, 0x2a, 0x02, 0x2b, 0x02, 0x33, 0x02, 0x2b, 0x81, 0x2b, 0x02, 0x3b, 0x23, 0x33, 0xe1, 0x2a,
  0x61, 0x22, 0x61, 0x1a, 0x01, 0x23, 0xe1, 0x22, 0x01, 0x33, 0xa1, 0x22, 0x20, 0x1a, 0x61, 0x1a,
  0x61, 0x12, 0xc0, 0x09, 0xc0, 0x09, 0x60, 0x09, 0x40, 0x12, 0xe1, 0x12, 0xa0, 0x00, 0x40, 0x01,
  0xc1, 0x12, 0xe1, 0x1a, 0x01, 0x13, 0xa1, 0x12, 0xa1, 0x12, 0x41, 0x1b, 0x82, 0x23, 0x81, 0x12,
  0xa0, 0x01, 0xe0, 0x00, 0x80, 0x01, 0xa1, 0x12, 0xc3, 0x24, 0xe2, 0x1b, 0xe1, 0x12, 0x00, 0x02,
  0x20, 0x02, 0x80, 0x0a, 0xc1, 0x0a, 0xe1, 0x12, 0x01, 0x13, 0xc2, 0x1b, 0xa3, 0x24, 0x23, 0x25,
  0xa4, 0x2d, 0x23, 0x25, 0xa2, 0x14, 0x02, 0x14, 0x61, 0x13, 0xa1, 0x0b, 0x22, 0x14, 0x62, 0x1c,
  0x82, 0x1c, 0xa3, 0x1c, 0xc3, 0x24, 0xc2, 0x1c, 0x83, 0x25, 0x84, 0x25, 0xa2, 0x1c, 0xe3, 0x24,
  0x62, 0x1c, 0x22, 0x14, 0xa1, 0x13, 0xa1, 0x13, 0xc0, 0x02, 0x60, 0x02, 0x80, 0x0a, 0x81, 0x0a,
  0x80, 0x0a, 0x00, 0x02, 0xa0, 0x01, 0x60, 0x01, 0xc0, 0x01, 0x20, 0x02, 0x20, 0x02, 0x20, 0x02,
  0x40, 0x02, 0x40, 0x02, 0x20, 0x02, 0xa1, 0x0a, 0xa0, 0x0a, 0x80, 0x0a, 0xa0, 0x0a, 0xe0, 0x0a,
  0x20, 0x02, 0xc0, 0x01, 0x40, 0x02, 0x20, 0x02, 0x81, 0x13, 0xc0, 0x0b, 0xc5, 0x3d, 0xe5, 0x3d,
  0x80, 0x0b, 0x42, 0x1c, 0xa2, 0x24, 0xa2, 0x24, 0x03, 0x2d, 0xe3, 0x2c, 0x42, 0x24, 0x41, 0x0b,
  0x21, 0x0b, 0xc0, 0x0a, 0xc0, 0x0a, 0x81, 0x13, 0xa1, 0x13, 0x23, 0x2d, 0x83, 0x2d, 0x41, 0x0c,
  0x41, 0x15, 0x03, 0x1e, 0x87, 0x3e, 0xae, 0x6f, 0xd0, 0x87, 0xb0, 0x7f, 0xf7, 0xcf, 0xf9, 0xcf,
  0xd2, 0x97, 0xd1, 0x87, 0xd3, 0x97, 0xfb, 0xdf, 0xf5, 0xaf, 0xf7, 0xbf, 0xf7, 0xc7, 0xcd, 0x6f,
  0x8e, 0x7f, 0x8f, 0x7f, 0x8d, 0x67, 0x8d, 0x6f, 0x8c, 0x67, 0xd6, 0xc7, 0xfa, 0xe7, 0x8f, 0x97,
  0x6b, 0x67, 0x6b, 0x67, 0xe5, 0x36, 0x49, 0x57, 0xcd, 0x87, 0x06, 0x47, 0x22, 0x1e, 0xe2, 0x25,
  0x04, 0x3e, 0x65, 0x46, 0x81, 0x1c, 0x20, 0x0b, 0x42, 0x1c, 0x42, 0x24, 0x22, 0x24, 0x21, 0x13,
  0x41, 0x13, 0x22, 0x1c, 0x03, 0x2d, 0x82, 0x24, 0xa1, 0x1b, 0xc2, 0x1a, 0xa1, 0x0a, 0x21, 0x24,
  0x42, 0x24, 0x21, 0x1c, 0xe1, 0x13, 0x80, 0x13, 0x22, 0x2c, 0x02, 0x2c, 0x03, 0x35, 0x22, 0x24,
  0x82, 0x2b, 0x62, 0x2b, 0xc2, 0x2b, 0xe4, 0x4c, 0xc2, 0x33, 0xa2, 0x23, 0x62, 0x2b, 0x41, 0x2b,
  0xe1, 0x22, 0xc1, 0x22, 0x21, 0x2b, 0x02, 0x23, 0xa2, 0x2a, 0x83, 0x3b, 0x40, 0x22, 0x40, 0x05,
  0xe0, 0x03, 0x00, 0x00, 0x81, 0x2a, 0xa1, 0x22, 0x02, 0x23, 0x00, 0x00, 0xe0, 0x03, 0x00, 0x00,
  0x00, 0x00, 0x00, 0x00, 0x00, 0x00, 0x00, 0x00, 0x00, 0x00, 0x00, 0x00, 0x00, 0x00, 0x00, 0x00,
  0xa3, 0x1a, 0x41, 0x1a, 0xe0, 0x39, 0x00, 0x00, 0x00, 0x00, 0x00, 0x00, 0x00, 0x00, 0x00, 0x00,
  0x00, 0x00, 0x00, 0x00, 0x00, 0x00, 0x00, 0x00, 0x00, 0x00, 0x00, 0x00, 0x00, 0x00, 0x00, 0x00,
  0x00, 0x00, 0x00, 0x00, 0x00, 0x00, 0x00, 0x00, 0x00, 0x00, 0x00, 0x00, 0x00, 0x00, 0x00, 0x00,
  0x00, 0x00, 0x00, 0x00, 0x00, 0x00, 0x00, 0x00, 0x00, 0x00, 0x00, 0x00, 0x00, 0x00, 0x00, 0x00,
  0x00, 0x00, 0x00, 0x00, 0x00, 0x00, 0x00, 0x00, 0x00, 0x00, 0x00, 0x00, 0x00, 0x00, 0x00, 0x00,
  0x00, 0x00, 0x00, 0x00, 0x00, 0x00, 0x00, 0x00, 0x00, 0x00, 0x00, 0x00, 0x00, 0x00, 0x00, 0x00,
  0x00, 0x00, 0xe7, 0x39, 0x64, 0x33, 0x23, 0x33, 0x62, 0x3b, 0x42, 0x33, 0x02, 0x33, 0x22, 0x33,
  0x63, 0x33, 0x42, 0x33, 0x22, 0x33, 0x22, 0x33, 0x23, 0x33, 0xc3, 0x43, 0x83, 0x33, 0x26, 0x33,
  0xc3, 0x2a, 0x62, 0x33, 0x00, 0x00, 0x00, 0x00, 0x00, 0x00, 0x40, 0x55, 0x81, 0x3b, 0xa5, 0x2a,
  0x00, 0x00, 0x20, 0x33, 0x81, 0x22, 0x81, 0x22, 0xe2, 0x2a, 0x42, 0x2b, 0x03, 0x3b, 0xe2, 0x11,
  0x01, 0x23, 0x21, 0x1a, 0x00, 0x12, 0xc0, 0x09, 0xe0, 0x09, 0x20, 0x12, 0xe0, 0x09, 0x62, 0x1b,
  0xe1, 0x1a, 0x01, 0x1b, 0xa2, 0x23, 0xa2, 0x23, 0xa2, 0x23, 0x62, 0x23, 0xe0, 0x01, 0x42, 0x23,
  0xe1, 0x1a, 0xc2, 0x2b, 0x41, 0x1b, 0x21, 0x13, 0xc2, 0x2b, 0xa1, 0x0a, 0xc2, 0x1b, 0x21, 0x13,
  0x80, 0x0a, 0x01, 0x13, 0x80, 0x02, 0xe1, 0x0a, 0x20, 0x02, 0x80, 0x01, 0x80, 0x01, 0xa0, 0x01,
  0x20, 0x01, 0x80, 0x01, 0xe0, 0x01, 0x01, 0x0b, 0x22, 0x1c, 0xa1, 0x13, 0x41, 0x0b, 0x81, 0x13,
  0x81, 0x13, 0x41, 0x0b, 0xa0, 0x0a, 0x00, 0x02, 0x00, 0x02, 0xe0, 0x01, 0xc0, 0x01, 0xa0, 0x0a,
  0x21, 0x0b, 0xe1, 0x0a, 0xa0, 0x02, 0xc1, 0x0a, 0xa1, 0x0a, 0x20, 0x02, 0x00, 0x02, 0xe0, 0x01,
  0x20, 0x02, 0xe0, 0x01, 0x20, 0x02, 0x20, 0x02, 0x40, 0x02, 0x40, 0x0a, 0x40, 0x0a, 0x00, 0x02,
  0x00, 0x02, 0xe0, 0x01, 0x00, 0x02, 0x20, 0x02, 0x40, 0x02, 0x20, 0x02, 0x60, 0x02, 0xe1, 0x0a,
  0x21, 0x13, 0x81, 0x13, 0x44, 0x24, 0xc2, 0x1b, 0x03, 0x1c, 0x41, 0x0b, 0xa1, 0x13, 0xa1, 0x1b,
  0x81, 0x13, 0x01, 0x13, 0x01, 0x0b, 0xc1, 0x13, 0xe1, 0x1b, 0xa1, 0x1b, 0x81, 0x13, 0x02, 0x1c,
  0x42, 0x1c, 0x40, 0x0b, 0xa1, 0x13, 0x42, 0x1c, 0xc1, 0x0b, 0x00, 0x04, 0x00, 0x0d, 0xe1, 0x14,
  0xe2, 0x1c, 0xa4, 0x2d, 0x87, 0x46, 0x88, 0x4e, 0xa8, 0x46, 0xb0, 0x87, 0xd3, 0xa7, 0xd5, 0xb7,
  0xf5, 0xb7, 0xd1, 0x97, 0xb0, 0x8f, 0xd1, 0x8f, 0xd2, 0x97, 0xf6, 0xbf, 0xf8, 0xc7, 0xf4, 0xaf,
  0xf7, 0xc7, 0xfa, 0xd7, 0xf9, 0xdf, 0xf9, 0xdf, 0xf8, 0xd7, 0xf8, 0xd7, 0xf5, 0xaf, 0xf8, 0xcf,
  0xf7, 0xcf, 0xf5, 0xc7, 0x70, 0x9f, 0x75, 0xb7, 0x93, 0xaf, 0x8d, 0x7f, 0xc6, 0x46, 0x85, 0x3e,
  0x0c, 0x77, 0x26, 0x46, 0x44, 0x3e, 0x04, 0x3e, 0xa2, 0x24, 0x81, 0x1c, 0xc2, 0x24, 0xa3, 0x2c,
  0x62, 0x24, 0xa1, 0x1b, 0x41, 0x1b, 0xc1, 0x1b, 0xe1, 0x1b, 0x62, 0x24, 0x81, 0x1b, 0x01, 0x1b,
  0xc3, 0x2b, 0xe2, 0x23, 0x40, 0x0a, 0xa1, 0x23, 0x04, 0x35, 0xe2, 0x23, 0xe1, 0x1a, 0x01, 0x23,
  0x22, 0x2c, 0x63, 0x34, 0x03, 0x3c, 0x82, 0x2b, 0x62, 0x2b, 0x21, 0x2b, 0x21, 0x2b, 0x82, 0x2b,
  0xa1, 0x22, 0xa1, 0x22, 0xe1, 0x22, 0xa1, 0x22, 0x61, 0x1a, 0xa1, 0x22, 0x61, 0x2b, 0x00, 0x23,
  0xe0, 0x01, 0xe0, 0x39, 0x00, 0x00, 0xa0, 0x02, 0xe0, 0x7b, 0xa0, 0x52, 0xe3, 0x1a, 0x40, 0x22,
  0x00, 0x00, 0x00, 0x00, 0x00, 0x00, 0x00, 0x00, 0x00, 0x00, 0x00, 0x00, 0x00, 0x00, 0x00, 0x00,
  0x00, 0x00, 0x00, 0x00, 0xe3, 0x19, 0x22, 0x22, 0xa0, 0x02, 0x00, 0x00, 0x00, 0x00, 0x00, 0x00,
  0x00, 0x00, 0x00, 0x00, 0x00, 0x00, 0x00, 0x00, 0x00, 0x00, 0x00, 0x00, 0x00, 0x00, 0x00, 0x00,
  0x00, 0x00, 0x00, 0x00, 0x00, 0x00, 0x00, 0x00, 0x00, 0x00, 0x00, 0x00, 0x00, 0x00, 0x00, 0x00,
  0x00, 0x00, 0x00, 0x00, 0x00, 0x00, 0x00, 0x00, 0x00, 0x00, 0x00, 0x00, 0x00, 0x00, 0x00, 0x00,
  0x00, 0x00, 0x00, 0x00, 0x00, 0x00, 0x00, 0x00, 0x00, 0x00, 0x00, 0x00, 0x00, 0x00, 0xe0, 0xff,
  0x00, 0x00, 0x00, 0x00, 0x00, 0x00, 0x00, 0x00, 0x00, 0x00, 0x00, 0x00, 0x00, 0x00, 0x00, 0x00,
  0x00, 0x00, 0x00, 0x00, 0x00, 0x00, 0x00, 0x00, 0xa0, 0x2a, 0x42, 0x3b, 0x22, 0x3b, 0x62, 0x33,
  0x23, 0x33, 0x43, 0x3b, 0x62, 0x3b, 0x22, 0x33, 0x22, 0x33, 0x02, 0x33, 0x83, 0x3b, 0xa3, 0x3b,
  0x83, 0x3b, 0x20, 0x33, 0x22, 0x2b, 0x22, 0x2b, 0x23, 0x33, 0x44, 0x22, 0xe3, 0x1a, 0xe0, 0x3b,
  0x62, 0x33, 0xe0, 0x39, 0xa0, 0x52, 0xa0, 0x52, 0x00, 0x00, 0x00, 0x00, 0x81, 0x1a, 0xa2, 0x22,
  0x81, 0x22, 0x22, 0x2b, 0x22, 0x2b, 0x21, 0x12, 0xe0, 0x11, 0xc0, 0x09, 0xa7, 0x5d, 0x64, 0x3c,
  0xc0, 0x09, 0x00, 0x0a, 0x01, 0x13, 0x60, 0x0a, 0x02, 0x1b, 0x62, 0x23, 0x21, 0x1b, 0x03, 0x2c,
  0x21, 0x1b, 0xc1, 0x12, 0xc1, 0x12, 0x06, 0x56, 0xa3, 0x34, 0x24, 0x3d, 0xe6, 0x4d, 0xe2, 0x23,
  0xe2, 0x1b, 0x43, 0x2c, 0x63, 0x2c, 0xc3, 0x2c, 0x45, 0x3d, 0x41, 0x13, 0xe2, 0x12, 0xe4, 0x23,
  0xc4, 0x2c, 0xc6, 0x3d, 0xa5, 0x45, 0x85, 0x3d, 0x64, 0x35, 0x03, 0x2d, 0xa1, 0x13, 0x41, 0x13,
  0xe1, 0x12, 0x60, 0x0a, 0x80, 0x0a, 0xa0, 0x0a, 0xa0, 0x0a, 0xe1, 0x0a, 0x01, 0x0b, 0x21, 0x0b,
  0xe2, 0x13, 0x03, 0x1c, 0xe2, 0x1b, 0xa2, 0x13, 0x01, 0x0b, 0xc1, 0x0a, 0xc1, 0x0a, 0x21, 0x0b,
  0x41, 0x13, 0xe1, 0x0a, 0xe1, 0x0a, 0xa0, 0x0a, 0x20, 0x02, 0x00, 0x02, 0x00, 0x02, 0x20, 0x02,
  0x00, 0x02, 0x80, 0x01, 0x80, 0x01, 0xe0, 0x01, 0x20, 0x02, 0x00, 0x02, 0xc0, 0x0a, 0x01, 0x0b,
  0x21, 0x13, 0x21, 0x13, 0x61, 0x13, 0x61, 0x13, 0xe8, 0x56, 0x05, 0x36, 0x64, 0x2d, 0x22, 0x14,
  0x01, 0x14, 0x62, 0x1c, 0xa2, 0x24, 0xe3, 0x2c, 0xe3, 0x24, 0x62, 0x24, 0x02, 0x1c, 0x43, 0x24,
  0xa6, 0x45, 0xc5, 0x3d, 0xc1, 0x14, 0xa3, 0x25, 0x65, 0x36, 0xa5, 0x3e, 0x68, 0x57, 0xc7, 0x4e,
  0xa9, 0x56, 0xad, 0x7f, 0xf1, 0x97, 0xf1, 0x97, 0xcf, 0x87, 0xf5, 0xaf, 0xf4, 0xaf, 0xae, 0x77,
  0xd3, 0xaf, 0xf9, 0xd7, 0xf4, 0xa7, 0xf5, 0xbf, 0xf4, 0xa7, 0xd4, 0xaf, 0xd2, 0xa7, 0xd0, 0x8f,
  0xd0, 0x8f, 0xd0, 0x9f, 0xb3, 0xa7, 0xd6, 0xbf, 0xcf, 0x87, 0x8b, 0x67, 0x6a, 0x67, 0x49, 0x5f,
  0x06, 0x47, 0x4b, 0x6f, 0x49, 0x5f, 0x8c, 0x77, 0x6b, 0x67, 0x98, 0xc7, 0xff, 0xff, 0xac, 0x77,
  0x08, 0x5f, 0xf7, 0xcf, 0xfa, 0xdf, 0x6c, 0x77, 0xe6, 0x4e, 0x81, 0x1c, 0xc2, 0x24, 0xc3, 0x2d,
  0xa4, 0x35, 0x83, 0x2d, 0x43, 0x2d, 0xc1, 0x13, 0xe1, 0x1b, 0x82, 0x24, 0xe1, 0x1b, 0x41, 0x1b,
  0x21, 0x13, 0x61, 0x1b, 0x64, 0x45, 0xa3, 0x2c, 0xa0, 0x12, 0x01, 0x1b, 0xc2, 0x23, 0xc3, 0x34,
  0x61, 0x1b, 0x62, 0x23, 0x41, 0x23, 0x61, 0x23, 0x23, 0x34, 0xe1, 0x22, 0x22, 0x2b, 0x62, 0x2b,
  0xc1, 0x22, 0x21, 0x2b, 0xa1, 0x1a, 0x60, 0x1a, 0xa1, 0x22, 0xa1, 0x2a, 0x60, 0x1a, 0xa2, 0x22,
  0x23, 0x33, 0xa5, 0x2a, 0x00, 0x00, 0x00, 0x00, 0x00, 0x00, 0x00, 0x00, 0xe0, 0x03, 0x00, 0x00,
  0xe0, 0x39, 0x20, 0x33, 0x00, 0x00, 0xe0, 0x07, 0x00, 0x00, 0x00, 0x00, 0x00, 0x00, 0x00, 0x00,
  0xe0, 0x07, 0x00, 0x00, 0x00, 0x00, 0x00, 0x00, 0x00, 0x00, 0x00, 0x00, 0x00, 0x00, 0x00, 0x00,
  0xe0, 0x39, 0x00, 0x00, 0x00, 0x00, 0x00, 0x00, 0x00, 0x00, 0x00, 0x00, 0x00, 0x00, 0x00, 0x00,
  0x00, 0x00, 0x00, 0x00, 0x00, 0x00, 0x00, 0x00, 0x00, 0x00, 0x00, 0x00, 0x00, 0x00, 0x00, 0x00,
  0x00, 0x00, 0x00, 0x00, 0x00, 0x00, 0x00, 0x00, 0x00, 0x00, 0x00, 0x00, 0x00, 0x00, 0x00, 0x00,
  0x00, 0x00, 0x00, 0x00, 0x00, 0x00, 0x00, 0x00, 0x00, 0x00, 0x00, 0x00, 0x00, 0x00, 0x00, 0x00,
  0x00, 0x00, 0x00, 0x00, 0x00, 0x00, 0x00, 0x00, 0x00, 0x00, 0x00, 0x00, 0x00, 0x00, 0x00, 0x00,
  0x00, 0x00, 0x00, 0x00, 0x00, 0x00, 0x00, 0x00, 0x00, 0x00, 0x00, 0x00, 0xa0, 0x52, 0x40, 0x55,
  0x23, 0x33, 0x22, 0x43, 0x83, 0x3b, 0xa0, 0x52, 0x02, 0x33, 0x42, 0x3b, 0x43, 0x33, 0x63, 0x3b,
  0x22, 0x33, 0x63, 0x33, 0xe5, 0x2b, 0x42, 0x2b, 0x22, 0x33, 0x60, 0x23, 0x20, 0x33, 0x80, 0x53,
  0xe0, 0x7b, 0xaa, 0x02, 0x44, 0x22, 0x00, 0x00, 0xe0, 0x01, 0xe0, 0x39, 0xa0, 0x52, 0xe7, 0x39,
  0x81, 0x1a, 0x61, 0x1a, 0x81, 0x1a, 0x81, 0x22, 0x21, 0x22, 0x60, 0x01, 0xa0, 0x09, 0xa1, 0x12,
  0xc6, 0x4c, 0x83, 0x2b, 0x22, 0x1b, 0xa0, 0x01, 0xa1, 0x12, 0xa0, 0x01, 0x80, 0x01, 0x20, 0x0a,
  0xa0, 0x01, 0xc1, 0x1a, 0x01, 0x1b, 0xa1, 0x12, 0x22, 0x1b, 0x41, 0x1b, 0x21, 0x1b, 0x21, 0x1b,
  0x01, 0x13, 0xe2, 0x23, 0x44, 0x3d, 0xa4, 0x3d, 0x03, 0x35, 0x62, 0x24, 0xa5, 0x45, 0xa3, 0x2c,
  0xc4, 0x2c, 0x6c, 0x77, 0xe6, 0x3d, 0x62, 0x14, 0x67, 0x46, 0x25, 0x3d, 0x40, 0x0a, 0x00, 0x02,
  0x40, 0x01, 0x40, 0x02, 0xe1, 0x0a, 0x82, 0x13, 0x82, 0x1b, 0x81, 0x13, 0x21, 0x13, 0x40, 0x0a,
  0x40, 0x0a, 0xc1, 0x0a, 0xa1, 0x0a, 0x40, 0x02, 0x40, 0x0a, 0x20, 0x02, 0x60, 0x02, 0x20, 0x0a,
  0x40, 0x02, 0x81, 0x13, 0x22, 0x1c, 0x43, 0x1c, 0x41, 0x13, 0x80, 0x0a, 0x60, 0x02, 0x60, 0x02,
  0x60, 0x02, 0x60, 0x0a, 0xc1, 0x0a, 0x61, 0x13, 0x21, 0x13, 0x01, 0x0b, 0xe1, 0x0a, 0xe1, 0x12,
  0xe1, 0x0a, 0xc1, 0x0a, 0xc1, 0x0a, 0xa0, 0x0a, 0x81, 0x0a, 0xa0, 0x0a, 0x22, 0x1c, 0x03, 0x25,
  0x81, 0x0b, 0x41, 0x14, 0x61, 0x1c, 0xa2, 0x1c, 0xa2, 0x1c, 0xc2, 0x1c, 0x63, 0x25, 0xc4, 0x35,
  0x83, 0x2d, 0xa3, 0x2d, 0x62, 0x25, 0xc2, 0x1c, 0x63, 0x25, 0xc7, 0x46, 0x07, 0x4f, 0x07, 0x4f,
  0x88, 0x57, 0x6a, 0x67, 0x6d, 0x77, 0x4b, 0x6f, 0xc8, 0x4e, 0x85, 0x3e, 0xc6, 0x3e, 0xe9, 0x4e,
  0x8c, 0x67, 0x49, 0x4f, 0xe8, 0x4e, 0x87, 0x46, 0x84, 0x26, 0x84, 0x26, 0xc5, 0x2e, 0xc4, 0x2e,
  0x26, 0x47, 0xcd, 0x77, 0xce, 0x7f, 0xad, 0x77, 0x49, 0x4f, 0xaa, 0x67, 0x8b, 0x67, 0x28, 0x4f,
  0xa6, 0x3e, 0x86, 0x36, 0x65, 0x3e, 0x43, 0x26, 0xc6, 0x46, 0xad, 0x7f, 0x2a, 0x5f, 0x8d, 0x7f,
  0xfd, 0xf7, 0xb2, 0x9f, 0xaf, 0x8f, 0xb0, 0x9f, 0x49, 0x5f, 0x28, 0x57, 0x85, 0x3d, 0xc1, 0x1b,
  0xa1, 0x1b, 0xa4, 0x35, 0xa2, 0x24, 0xc1, 0x1b, 0x62, 0x1c, 0x22, 0x1c, 0xc1, 0x13, 0x01, 0x13,
  0xc2, 0x23, 0x81, 0x1b, 0xa0, 0x12, 0x60, 0x12, 0x42, 0x23, 0xa0, 0x12, 0xc1, 0x1a, 0x61, 0x23,
  0x02, 0x2c, 0xe3, 0x3c, 0xe4, 0x3c, 0x43, 0x2c, 0x82, 0x23, 0x61, 0x23, 0x82, 0x2b, 0x02, 0x2b,
  0xe1, 0x22, 0x22, 0x2b, 0x22, 0x2b, 0x83, 0x3b, 0x41, 0x2b, 0xe1, 0x2a, 0xc1, 0x22, 0xe2, 0x2a,
  0x42, 0x2b, 0x02, 0x2b, 0xa2, 0x22, 0xe1, 0x22, 0xe0, 0x7b, 0x00, 0x00, 0xe0, 0x07, 0x00, 0x00,
  0xa5, 0x2a, 0xa5, 0x2a, 0x00, 0x00, 0x00, 0x00, 0x00, 0x00, 0x00, 0x00, 0x00, 0x00, 0x00, 0x00,
  0x00, 0x00, 0x00, 0x00, 0x00, 0x00, 0x00, 0x00, 0x00, 0x00, 0x00, 0x00, 0x00, 0x00, 0x00, 0x00,
  0x00, 0x00, 0x00, 0x00, 0xe0, 0x7b, 0x00, 0x00, 0x00, 0x00, 0x00, 0x00, 0x00, 0x00, 0x00, 0x00,
  0x00, 0x00, 0x00, 0x00, 0x00, 0x00, 0x00, 0x00, 0x00, 0x00, 0x00, 0x00, 0x00, 0x00, 0x00, 0x00,
  0x00, 0x00, 0x00, 0x00, 0x00, 0x00, 0x00, 0x00, 0x00, 0x00, 0x00, 0x00, 0x00, 0x00, 0x00, 0x00,
  0x00, 0x00, 0x00, 0x00, 0x00, 0x00, 0x00, 0x00, 0x00, 0x00, 0x00, 0x00, 0x00, 0x00, 0x00, 0x00,
  0x00, 0x00, 0x00, 0x00, 0x00, 0x00, 0x00, 0x00, 0x00, 0x00, 0x00, 0x00, 0x00, 0x00, 0x00, 0x00,
  0x00, 0x00, 0x00, 0x00, 0x00, 0x00, 0x00, 0x00, 0x00, 0x00, 0x00, 0x00, 0x00, 0x00, 0x00, 0x00,
  0xaa, 0x52, 0x00, 0x00, 0xa5, 0x2a, 0x02, 0x3b, 0xe0, 0x3b, 0xa0, 0x52, 0xe0, 0x3a, 0x64, 0x4b,
  0xa3, 0x3a, 0x23, 0x33, 0x83, 0x3b, 0x23, 0x33, 0x00, 0x00, 0x22, 0x33, 0xe2, 0x2a, 0x00, 0x00,
  0x20, 0x33, 0xe7, 0x3b, 0xe3, 0x3a, 0x00, 0x00, 0xc3, 0x4c, 0x22, 0x33, 0xa0, 0x2a, 0x60, 0x23,
  0xe0, 0x7b, 0x64, 0x4b, 0x62, 0x1a, 0x81, 0x22, 0x21, 0x1a, 0x80, 0x09, 0xe2, 0x2a, 0x83, 0x33,
  0xa0, 0x00, 0xa1, 0x09, 0x01, 0x12, 0x23, 0x34, 0xe5, 0x44, 0xc0, 0x01, 0xc0, 0x09, 0xa1, 0x12,
  0x81, 0x1b, 0x41, 0x1b, 0xa2, 0x23, 0xe1, 0x12, 0xe2, 0x2b, 0x60, 0x0a, 0x40, 0x0a, 0x41, 0x1b,
  0x82, 0x1b, 0x03, 0x2c, 0xa2, 0x23, 0xc0, 0x12, 0x81, 0x0a, 0xc1, 0x0a, 0x22, 0x2c, 0xa3, 0x2c,
  0x03, 0x35, 0x48, 0x56, 0x23, 0x2d, 0x89, 0x66, 0xee, 0x8e, 0x6b, 0x66, 0x0b, 0x67, 0x86, 0x45,
  0x22, 0x13, 0xe1, 0x12, 0xe1, 0x12, 0x21, 0x13, 0x01, 0x13, 0xa1, 0x0a, 0x21, 0x13, 0x61, 0x13,
  0x01, 0x0b, 0x01, 0x13, 0x21, 0x13, 0x82, 0x1b, 0xc3, 0x23, 0xc1, 0x0a, 0x40, 0x0a, 0x20, 0x02,
  0x00, 0x02, 0xe0, 0x01, 0xe0, 0x01, 0x20, 0x02, 0xc0, 0x01, 0xc0, 0x01, 0x40, 0x02, 0xc1, 0x0a,
  0x21, 0x13, 0x81, 0x13, 0xe2, 0x1b, 0xe2, 0x1b, 0xa1, 0x13, 0x81, 0x13, 0xa1, 0x13, 0x81, 0x13,
  0x21, 0x13, 0x41, 0x13, 0xa1, 0x0a, 0x81, 0x0a, 0xa0, 0x0a, 0xe1, 0x0a, 0x61, 0x13, 0x40, 0x0b,
  0x00, 0x0b, 0x81, 0x13, 0xe1, 0x13, 0xc2, 0x1c, 0xc2, 0x1c, 0xa1, 0x14, 0xe2, 0x1c, 0x63, 0x25,
  0xc4, 0x2d, 0x04, 0x36, 0xc4, 0x35, 0xe4, 0x35, 0xe4, 0x35, 0x05, 0x3e, 0x83, 0x25, 0xe4, 0x25,
  0xc6, 0x3e, 0x27, 0x4f, 0x67, 0x4f, 0x84, 0x2e, 0x02, 0x1e, 0xc2, 0x1d, 0xc2, 0x1d, 0x86, 0x3e,
  0xe8, 0x4e, 0xe4, 0x25, 0xa6, 0x36, 0x28, 0x4f, 0xc5, 0x36, 0xe8, 0x46, 0x6f, 0x87, 0x4c, 0x6f,
  0x29, 0x4f, 0x6a, 0x57, 0xac, 0x67, 0x6b, 0x5f, 0xe7, 0x3e, 0x0a, 0x57, 0xca, 0x5e, 0x88, 0x4e,
  0xe8, 0x46, 0xe8, 0x4e, 0xe8, 0x4e, 0xc4, 0x2d, 0x04, 0x36, 0x24, 0x36, 0x25, 0x36, 0x65, 0x36,
  0xc5, 0x36, 0x8f, 0x7f, 0x71, 0x9f, 0xfb, 0xef, 0xcf, 0x8f, 0xe5, 0x3e, 0x23, 0x2e, 0xc5, 0x3d,
  0xe3, 0x24, 0x22, 0x1c, 0xc1, 0x1b, 0xa2, 0x24, 0xc1, 0x13, 0x22, 0x1c, 0x02, 0x1c, 0xc2, 0x1b,
  0x60, 0x0a, 0x40, 0x0a, 0x80, 0x12, 0x01, 0x1b, 0xe1, 0x1a, 0x01, 0x1b, 0x01, 0x1b, 0xa2, 0x2b,
  0x66, 0x5e, 0xe3, 0x33, 0x41, 0x23, 0x41, 0x23, 0x21, 0x23, 0xa1, 0x23, 0x02, 0x2c, 0x81, 0x23,
  0x61, 0x23, 0xe1, 0x22, 0x62, 0x33, 0x22, 0x2b, 0x62, 0x2b, 0x42, 0x2b, 0x42, 0x2b, 0xc1, 0x22,
  0xe1, 0x22, 0xe1, 0x2a, 0x22, 0x2b, 0xc1, 0x22, 0x81, 0x22, 0xa2, 0x2a, 0x00, 0x00, 0xa0, 0x52,
  0x00, 0x00, 0x00, 0x00, 0xe0, 0x03, 0x00, 0x00, 0x00, 0x00, 0x00, 0x00, 0x00, 0x00, 0x00, 0x00,
  0x00, 0x00, 0x00, 0x00, 0x00, 0x00, 0x00, 0x00, 0x00, 0x00, 0x00, 0x00, 0x00, 0x00, 0x00, 0x00,
  0x00, 0x00, 0x00, 0x00, 0x00, 0x00, 0x00, 0x00, 0x00, 0x00, 0x00, 0x00, 0x00, 0x00, 0x00, 0x00,
  0x00, 0x00, 0x00, 0x00, 0x00, 0x00, 0x00, 0x00, 0x00, 0x00, 0x00, 0x00, 0x00, 0x00, 0x00, 0x00,
  0x00, 0x00, 0x00, 0x00, 0x00, 0x00, 0x00, 0x00, 0x00, 0x00, 0x00, 0x00, 0x00, 0x00, 0x00, 0x00,
  0x00, 0x00, 0x00, 0x00, 0x00, 0x00, 0x00, 0x00, 0x00, 0x00, 0x00, 0x00, 0x00, 0x00, 0x00, 0x00,
  0x00, 0x00, 0x00, 0x00, 0x00, 0x00, 0x00, 0x00, 0x00, 0x00, 0x00, 0x00, 0x00, 0x00, 0x00, 0x00,
  0x00, 0x00, 0x00, 0x00, 0x00, 0x00, 0x00, 0x00, 0x00, 0x00, 0x00, 0x00, 0x00, 0x00, 0x00, 0x00,
  0x00, 0x00, 0x00, 0x00, 0xe0, 0x07, 0x00, 0x00, 0xe0, 0x03, 0x23, 0x4b, 0x26, 0x33, 0xe0, 0x07,
  0x20, 0x63, 0x00, 0x00, 0xe0, 0x3b, 0x00, 0x00, 0xe0, 0x03, 0xe7, 0x39, 0x00, 0x00, 0x00, 0x00,
  0x00, 0x00, 0xa0, 0x52, 0x00, 0x00, 0xe0, 0x2b, 0x64, 0x23, 0x81, 0x22, 0x61, 0x22, 0x82, 0x22,
  0x63, 0x3b, 0xc2, 0x2a, 0xe3, 0x3a, 0x82, 0x22, 0x41, 0x22, 0x41, 0x1a, 0x01, 0x1a, 0x01, 0x12,
  0xe2, 0x3b, 0x25, 0x4d, 0xc3, 0x23, 0x40, 0x02, 0x22, 0x23, 0x43, 0x2c, 0xa2, 0x23, 0x80, 0x01,
  0xe1, 0x1a, 0xa4, 0x4d, 0x63, 0x34, 0x01, 0x13, 0x42, 0x2c, 0xe3, 0x3c, 0xe2, 0x23, 0x22, 0x2c,
  0x43, 0x2c, 0x82, 0x23, 0xe1, 0x1a, 0x81, 0x12, 0x62, 0x23, 0xa2, 0x23, 0x42, 0x1b, 0xa4, 0x34,
  0x88, 0x5e, 0x87, 0x66, 0xc5, 0x4d, 0xe7, 0x4d, 0x45, 0x3d, 0x68, 0x56, 0xf4, 0xbf, 0xf4, 0xb7,
  0x0b, 0x5f, 0x4a, 0x67, 0x87, 0x5e, 0xc2, 0x1b, 0xc2, 0x1b, 0xe1, 0x0a, 0x60, 0x0a, 0x80, 0x0a,
  0xe1, 0x0a, 0x41, 0x13, 0x21, 0x13, 0x41, 0x13, 0x41, 0x13, 0x01, 0x13, 0xe2, 0x23, 0xa2, 0x1b,
  0x62, 0x1b, 0xa2, 0x1b, 0xe2, 0x23, 0x81, 0x1b, 0x42, 0x24, 0x43, 0x2d, 0xa2, 0x24, 0x82, 0x1c,
  0xe1, 0x1b, 0x61, 0x13, 0x61, 0x13, 0x21, 0x13, 0xe1, 0x12, 0xa0, 0x0a, 0x80, 0x0a, 0x80, 0x0a,
  0xc0, 0x0a, 0x01, 0x13, 0x01, 0x0b, 0x01, 0x13, 0x41, 0x13, 0x21, 0x0b, 0xe0, 0x0a, 0x21, 0x13,
  0xa0, 0x0a, 0x40, 0x0b, 0x41, 0x14, 0x63, 0x2d, 0xc4, 0x35, 0x63, 0x25, 0xa2, 0x1c, 0x02, 0x1d,
  0x24, 0x2e, 0x84, 0x36, 0x85, 0x3e, 0x05, 0x3e, 0xe4, 0x3d, 0xa6, 0x46, 0xc6, 0x46, 0xe6, 0x46,
  0x86, 0x3e, 0x66, 0x3e, 0xa6, 0x46, 0xa6, 0x3e, 0x65, 0x3e, 0x65, 0x36, 0x04, 0x36, 0xe4, 0x2d,
  0x45, 0x3e, 0xa7, 0x46, 0x45, 0x36, 0x45, 0x36, 0x66, 0x3e, 0x09, 0x57, 0x4b, 0x67, 0x2a, 0x5f,
  0x4b, 0x5f, 0x6b, 0x5f, 0x4a, 0x57, 0x28, 0x47, 0x49, 0x57, 0x49, 0x57, 0x4b, 0x5f, 0x2b, 0x67,
  0xc4, 0x2d, 0x26, 0x36, 0x04, 0x36, 0x45, 0x36, 0x24, 0x26, 0xe2, 0x25, 0x44, 0x36, 0xa8, 0x56,
  0x86, 0x46, 0xe9, 0x5e, 0xf0, 0x97, 0x8c, 0x67, 0x27, 0x4f, 0xf8, 0xd7, 0xd3, 0xaf, 0x44, 0x2e,
  0xa3, 0x24, 0x82, 0x1c, 0xa3, 0x2d, 0xe5, 0x35, 0x00, 0x0b, 0x20, 0x0b, 0xc0, 0x0a, 0xa1, 0x13,
  0xe2, 0x1b, 0x22, 0x1b, 0x81, 0x12, 0xe1, 0x12, 0x81, 0x12, 0x60, 0x12, 0x41, 0x23, 0x21, 0x1b,
  0x82, 0x2b, 0x82, 0x2b, 0xe3, 0x2b, 0xe3, 0x33, 0x02, 0x34, 0x23, 0x34, 0xa2, 0x2b, 0x82, 0x2b,
  0x02, 0x34, 0xc2, 0x2b, 0xa2, 0x2b, 0x61, 0x1a, 0xa3, 0x33, 0x81, 0x2b, 0x42, 0x2b, 0xe0, 0x2b,
  0x22, 0x33, 0x21, 0x2b, 0x02, 0x2b, 0x01, 0x2b, 0xa0, 0x2a, 0xe7, 0x3b, 0x00, 0x00, 0x00, 0x00,
  0x00, 0x00, 0x00, 0x00, 0xe0, 0x7b, 0x00, 0x00, 0x00, 0x00, 0x00, 0x00, 0x00, 0x00, 0x00, 0x00,
  0x00, 0x00, 0x00, 0x00, 0x00, 0x00, 0x00, 0x00, 0x00, 0x00, 0x00, 0x00, 0x00, 0x00, 0x00, 0x00,
  0x00, 0x00, 0x00, 0x00, 0x00, 0x00, 0x00, 0x00, 0x00, 0x00, 0x00, 0x00, 0x00, 0x00, 0x00, 0x00,
  0x00, 0x00, 0x00, 0x00, 0x00, 0x00, 0x00, 0x00, 0x00, 0x00, 0x00, 0x00, 0x00, 0x00, 0x00, 0x00,
  0x00, 0x00, 0x00, 0x00, 0x00, 0x00, 0x00, 0x00, 0x00, 0x00, 0x00, 0x00, 0x00, 0x00, 0x00, 0x00,
  0x00, 0x00, 0x00, 0x00, 0x00, 0x00, 0x00, 0x00, 0x00, 0x00, 0x00, 0x00, 0x00, 0x00, 0x00, 0x00,
  0x00, 0x00, 0x00, 0x00, 0x00, 0x00, 0x00, 0x00, 0x00, 0x00, 0x00, 0x00, 0x00, 0x00, 0x00, 0x00,
  0x00, 0x00, 0x00, 0x00, 0x00, 0x00, 0x00, 0x00, 0x00, 0x00, 0x00, 0x00, 0x00, 0x00, 0x00, 0x00,
  0x00, 0x00, 0x00, 0x00, 0x00, 0x00, 0xe0, 0xff, 0x00, 0x00, 0x00, 0x00, 0xa0, 0x52, 0xa0, 0x52,
  0x26, 0x33, 0xa0, 0x02, 0x00, 0x00, 0xe0, 0x2b, 0xe0, 0x07, 0x23, 0x33, 0xa0, 0x02, 0x42, 0x2b,
  0x83, 0x3b, 0x00, 0x00, 0xe0, 0x7b, 0xe2, 0x2a, 0xc2, 0x2a, 0x02, 0x3b, 0x00, 0x00, 0x41, 0x22,
  0xe1, 0x19, 0x41, 0x1a, 0x23, 0x33, 0xa2, 0x2a, 0xa2, 0x3b, 0x21, 0x1a, 0xa0, 0x11, 0x21, 0x1a,
  0x01, 0x1a, 0x00, 0x09, 0x02, 0x23, 0x20, 0x1b, 0xe6, 0x4d, 0x0c, 0x7e, 0x21, 0x12, 0x20, 0x01,
  0x00, 0x0a, 0xe0, 0x09, 0x20, 0x12, 0x00, 0x0a, 0xa0, 0x01, 0x41, 0x12, 0xa2, 0x23, 0x41, 0x1b,
  0x61, 0x1b, 0x22, 0x2c, 0x43, 0x34, 0x23, 0x2c, 0x23, 0x2c, 0xe4, 0x34, 0x24, 0x3d, 0xe4, 0x3c,
  0x44, 0x3d, 0xa5, 0x45, 0xe3, 0x34, 0x85, 0x45, 0xa5, 0x45, 0x25, 0x3d, 0x45, 0x3d, 0xea, 0x66,
  0x2a, 0x67, 0x91, 0x97, 0xf7, 0xc7, 0xcb, 0x6e, 0xe5, 0x45, 0x43, 0x2c, 0x84, 0x34, 0x41, 0x13,
  0xc1, 0x12, 0xc2, 0x23, 0x41, 0x13, 0x80, 0x0a, 0xe1, 0x12, 0x21, 0x13, 0x21, 0x13, 0x41, 0x13,
  0x21, 0x13, 0x21, 0x13, 0xc2, 0x23, 0x61, 0x1b, 0x61, 0x1b, 0xa0, 0x0a, 0x61, 0x13, 0x22, 0x24,
  0x22, 0x24, 0xe2, 0x1b, 0x01, 0x0b, 0x80, 0x0a, 0xe0, 0x01, 0xa0, 0x01, 0xe0, 0x01, 0x40, 0x02,
  0x81, 0x0a, 0xc0, 0x0a, 0xe0, 0x0a, 0x01, 0x0b, 0x81, 0x13, 0xe1, 0x1b, 0xa1, 0x13, 0xc3, 0x2c,
  0x42, 0x24, 0x82, 0x24, 0x62, 0x1c, 0xe3, 0x2c, 0x62, 0x1c, 0xa4, 0x35, 0xe6, 0x46, 0x07, 0x4f,
  0xab, 0x6f, 0x4a, 0x67, 0xa6, 0x46, 0xa7, 0x4e, 0x28, 0x5f, 0x45, 0x3e, 0xc4, 0x35, 0x04, 0x36,
  0x82, 0x25, 0x63, 0x25, 0x83, 0x25, 0x23, 0x25, 0x40, 0x0c, 0x40, 0x0c, 0x02, 0x1d, 0xc3, 0x25,
  0x24, 0x36, 0x45, 0x36, 0xe3, 0x2d, 0xa3, 0x25, 0xe3, 0x25, 0x44, 0x2e, 0x04, 0x2e, 0x24, 0x2e,
  0x24, 0x2e, 0x24, 0x26, 0x29, 0x57, 0x8c, 0x6f, 0x6b, 0x5f, 0x2a, 0x57, 0xa6, 0x36, 0x65, 0x36,
  0xa8, 0x4e, 0x26, 0x3e, 0x25, 0x36, 0x0a, 0x67, 0x45, 0x36, 0x87, 0x4e, 0x2b, 0x6f, 0x6c, 0x77,
  0x8a, 0x67, 0x87, 0x46, 0x85, 0x36, 0xf1, 0x97, 0x31, 0x97, 0xc4, 0x35, 0xc6, 0x3d, 0xe6, 0x3d,
  0xa9, 0x56, 0xc3, 0x2d, 0xa5, 0x35, 0x02, 0x1d, 0x42, 0x1d, 0x22, 0x25, 0xa1, 0x13, 0xa2, 0x24,
  0x03, 0x24, 0x20, 0x0a, 0x81, 0x1b, 0xe2, 0x23, 0xc4, 0x34, 0x23, 0x2c, 0x61, 0x23, 0xa2, 0x2b,
  0x62, 0x23, 0x21, 0x23, 0x64, 0x3c, 0x03, 0x34, 0xe1, 0x2b, 0x82, 0x2b, 0xc3, 0x33, 0x41, 0x2b,
  0xe2, 0x33, 0xe2, 0x33, 0xc2, 0x33, 0xa2, 0x2b, 0x82, 0x2b, 0x22, 0x2b, 0x42, 0x2b, 0x22, 0x2b,
  0xe1, 0x2a, 0x02, 0x23, 0x22, 0x33, 0x02, 0x23, 0xe1, 0x22, 0xe1, 0x2a, 0x22, 0x23, 0xe0, 0x1a,
  0x20, 0x33, 0x00, 0x00, 0xe0, 0x07, 0x00, 0x00, 0xe0, 0x07, 0x00, 0x00, 0x00, 0x00, 0x00, 0x00,
  0x00, 0x00, 0x00, 0x00, 0x00, 0x00, 0x00, 0x00, 0x00, 0x00, 0x00, 0x00, 0x00, 0x00, 0x00, 0x00,
  0x00, 0x00, 0x00, 0x00, 0x00, 0x00, 0x00, 0x00, 0x00, 0x00, 0x00, 0x00, 0x00, 0x00, 0x00, 0x00,
  0x00, 0x00, 0x00, 0x00, 0x00, 0x00, 0x00, 0x00, 0x00, 0x00, 0x00, 0x00, 0x00, 0x00, 0x00, 0x00,
  0x00, 0x00, 0x00, 0x00, 0x00, 0x00, 0x00, 0x00, 0x00, 0x00, 0x00, 0x00, 0x00, 0x00, 0x00, 0x00,
  0x00, 0x00, 0x00, 0x00, 0x00, 0x00, 0x00, 0x00, 0x00, 0x00, 0x00, 0x00, 0x00, 0x00, 0x00, 0x00,
  0x00, 0x00, 0x00, 0x00, 0x00, 0x00, 0x00, 0x00, 0x00, 0x00, 0x00, 0x00, 0x00, 0x00, 0x00, 0x00,
  0x00, 0x00, 0x00, 0x00, 0x00, 0x00, 0x00, 0x00, 0x00, 0x00, 0x00, 0x00, 0x00, 0x00, 0x00, 0x00,
  0x00, 0x00, 0x00, 0x00, 0x00, 0x00, 0x00, 0x00, 0x00, 0x00, 0x00, 0x00, 0x00, 0x00, 0xaa, 0x52,
  0x86, 0x31, 0xff, 0x07, 0x00, 0x00, 0xe0, 0x03, 0xa0, 0x52, 0xe0, 0x3b, 0xe1, 0x32, 0xe2, 0x32,
  0x20, 0x33, 0x22, 0x33, 0x63, 0x33, 0xa5, 0x2a, 0x00, 0x00, 0x62, 0x33, 0x22, 0x33, 0xa1, 0x2a,
  0x40, 0x1a, 0xe0, 0x19, 0x61, 0x1a, 0x61, 0x33, 0xc2, 0x2a, 0x81, 0x22, 0xc1, 0x2a, 0xc1, 0x22,
  0x21, 0x12, 0x61, 0x1a, 0xc2, 0x1a, 0x60, 0x12, 0xa2, 0x23, 0x62, 0x23, 0x84, 0x2b, 0xd5, 0xb7,
  0x04, 0x2c, 0xc4, 0x32, 0x42, 0x2b, 0x80, 0x12, 0x02, 0x23, 0x80, 0x12, 0x05, 0x3d, 0xe3, 0x2b,
  0x80, 0x0a, 0x20, 0x0a, 0xa4, 0x3c, 0x22, 0x2c, 0xe2, 0x2b, 0x44, 0x45, 0x24, 0x3d, 0x43, 0x2c,
  0x22, 0x24, 0xe2, 0x23, 0x65, 0x45, 0x44, 0x3d, 0x65, 0x45, 0x68, 0x56, 0x06, 0x46, 0xe8, 0x55,
  0xec, 0x76, 0x0d, 0x7f, 0xaa, 0x5e, 0x2c, 0x6f, 0xd9, 0xdf, 0xf1, 0x96, 0x23, 0x25, 0x43, 0x24,
  0x63, 0x24, 0x41, 0x1b, 0x20, 0x0a, 0xa1, 0x12, 0xa1, 0x0a, 0xe1, 0x12, 0x01, 0x13, 0x21, 0x13,
  0x21, 0x1b, 0xc1, 0x12, 0xe1, 0x12, 0x01, 0x13, 0x80, 0x0a, 0x60, 0x0a, 0x60, 0x0a, 0xa1, 0x0a,
  0x40, 0x0a, 0xa0, 0x01, 0xe0, 0x01, 0x00, 0x02, 0x20, 0x02, 0x60, 0x02, 0xc0, 0x0a, 0xa0, 0x0a,
  0xc0, 0x0a, 0x21, 0x0b, 0x61, 0x13, 0xc1, 0x13, 0xc3, 0x24, 0xe3, 0x24, 0xa3, 0x24, 0x83, 0x24,
  0x02, 0x24, 0xc4, 0x34, 0xe1, 0x0a, 0xc3, 0x2c, 0x43, 0x24, 0xe1, 0x13, 0xa2, 0x1c, 0x64, 0x2d,
  0x05, 0x3e, 0x82, 0x24, 0xe2, 0x13, 0x01, 0x14, 0x01, 0x14, 0xa2, 0x1c, 0xe2, 0x24, 0x81, 0x14,
  0xe2, 0x1c, 0x42, 0x25, 0xc4, 0x2d, 0xc4, 0x2d, 0x83, 0x25, 0xc3, 0x25, 0x04, 0x36, 0x46, 0x36,
  0xc6, 0x3e, 0xc7, 0x46, 0x08, 0x4f, 0xc7, 0x46, 0xe5, 0x2d, 0x02, 0x1d, 0x22, 0x1d, 0xe4, 0x2d,
  0x04, 0x2e, 0x65, 0x36, 0xc6, 0x36, 0x45, 0x2e, 0x87, 0x46, 0xe9, 0x56, 0x88, 0x46, 0xc7, 0x4e,
  0x84, 0x36, 0xa2, 0x1d, 0x42, 0x1d, 0xe1, 0x14, 0x05, 0x36, 0xe4, 0x2d, 0xe7, 0x4e, 0xf5, 0xbf,
  0x4d, 0x7f, 0x88, 0x4e, 0x47, 0x46, 0x04, 0x2e, 0x05, 0x2e, 0xa3, 0x1d, 0x81, 0x14, 0x62, 0x24,
  0x03, 0x2d, 0x02, 0x1d, 0xe1, 0x1c, 0x83, 0x35, 0x68, 0x5f, 0xe5, 0x46, 0x04, 0x36, 0xc7, 0x46,
  0xc4, 0x35, 0x60, 0x0b, 0x61, 0x13, 0xc0, 0x12, 0xc1, 0x1a, 0xc3, 0x2b, 0x82, 0x2b, 0x62, 0x2b,
  0x42, 0x2b, 0xc2, 0x33, 0x82, 0x2b, 0xe3, 0x33, 0xc3, 0x2b, 0xc3, 0x2b, 0x00, 0xf8, 0x82, 0x2b,
  0x61, 0x2b, 0xc1, 0x2b, 0x41, 0x3b, 0x42, 0x2b, 0x21, 0x2b, 0x02, 0x33, 0x62, 0x2b, 0x62, 0x2b,
  0x41, 0x2b, 0x42, 0x2b, 0x82, 0x2b, 0x80, 0x1b, 0x01, 0x2b, 0xe1, 0x2a, 0xa3, 0x3a, 0x01, 0x33,
  0x01, 0x2b, 0xe0, 0x01, 0xa0, 0x02, 0x00, 0x00, 0x00, 0x00, 0x00, 0x00, 0x00, 0x00, 0x00, 0x00,
  0x00, 0x00, 0x00, 0x00, 0x00, 0x00, 0x00, 0x00, 0x00, 0x00, 0x00, 0x00, 0x00, 0x00, 0x00, 0x00,
  0x00, 0x00, 0x00, 0x00, 0x00, 0x00, 0x00, 0x00, 0x00, 0x00, 0x00, 0x00, 0x00, 0x00, 0x00, 0x00,
  0x00, 0x00, 0x00, 0x00, 0x00, 0x00, 0x00, 0x00, 0x00, 0x00, 0x00, 0x00, 0x00, 0x00, 0x00, 0x00,
  0x00, 0x00, 0x00, 0x00, 0x00, 0x00, 0x00, 0x00, 0x00, 0x00, 0x00, 0x00, 0x00, 0x00, 0x00, 0x00,
  0x00, 0x00, 0x00, 0x00, 0x00, 0x00, 0x00, 0x00, 0x00, 0x00, 0x00, 0x00, 0x00, 0x00, 0x00, 0x00,
  0x00, 0x00, 0x00, 0x00, 0x00, 0x00, 0x00, 0x00, 0x00, 0x00, 0x00, 0x00, 0x00, 0x00, 0x00, 0x00,
  0x00, 0x00, 0x00, 0x00, 0x00, 0x00, 0x00, 0x00, 0x00, 0x00, 0x00, 0x00, 0x00, 0x00, 0x00, 0x00,
  0x00, 0x00, 0x00, 0x00, 0x00, 0x00, 0x00, 0x00, 0x00, 0x00, 0x00, 0x00, 0x00, 0x00, 0x00, 0x00,
  0x00, 0x00, 0x00, 0x00, 0x00, 0x00, 0xe2, 0x2a, 0xc2, 0x22, 0xe0, 0x2b, 0xa3, 0x3a, 0x00, 0x00,
  0xe0, 0x7b, 0xe0, 0x2b, 0xa0, 0x52, 0x20, 0x33, 0x42, 0x2b, 0xa5, 0x2a, 0x60, 0x23, 0xa2, 0x2a,
  0xe2, 0x2a, 0xe0, 0x19, 0x42, 0x33, 0xa2, 0x33, 0x00, 0x12, 0x81, 0x2a, 0xc2, 0x2a, 0x21, 0x1a,
  0x41, 0x22, 0x01, 0x2b, 0x21, 0x12, 0x22, 0x23, 0x83, 0x34, 0x45, 0x45, 0x48, 0x66, 0x06, 0x45,
  0x63, 0x1b, 0x2c, 0x77, 0xa9, 0x66, 0x86, 0x55, 0x25, 0x55, 0xe2, 0x2b, 0x83, 0x34, 0xa2, 0x23,
  0xa5, 0x4d, 0x43, 0x2c, 0x41, 0x1b, 0x43, 0x34, 0x02, 0x2c, 0x61, 0x23, 0x24, 0x45, 0x47, 0x5e,
  0xe5, 0x3c, 0xa3, 0x34, 0x83, 0x34, 0x03, 0x2c, 0xa4, 0x3c, 0x03, 0x2c, 0x43, 0x2c, 0xe4, 0x3c,
  0x27, 0x5e, 0xc9, 0x66, 0xcd, 0x87, 0x8d, 0x77, 0x2c, 0x6f, 0x0c, 0x6f, 0x6d, 0x7f, 0xf7, 0xc7,
  0x0d, 0x77, 0x24, 0x2d, 0xc5, 0x3c, 0xe1, 0x12, 0x80, 0x0a, 0xc1, 0x12, 0xa0, 0x0a, 0xa0, 0x0a,
  0xa0, 0x0a, 0x60, 0x0a, 0x40, 0x0a, 0x40, 0x0a, 0x60, 0x0a, 0xa0, 0x0a, 0x21, 0x13, 0x21, 0x13,
  0x41, 0x13, 0x41, 0x13, 0x41, 0x13, 0x81, 0x13, 0xa1, 0x1b, 0x81, 0x13, 0x61, 0x13, 0x61, 0x13,
  0x02, 0x24, 0x62, 0x24, 0x42, 0x24, 0x02, 0x24, 0x22, 0x24, 0x61, 0x13, 0x41, 0x13, 0xc1, 0x0a,
  0xa0, 0x01, 0x80, 0x01, 0x40, 0x01, 0xc0, 0x01, 0xe1, 0x12, 0x60, 0x0a, 0xc0, 0x0a, 0x81, 0x13,
  0xc0, 0x0a, 0xa0, 0x0a, 0xa0, 0x02, 0x62, 0x13, 0x81, 0x1b, 0xe2, 0x1b, 0xe2, 0x1b, 0x20, 0x0b,
  0x20, 0x0b, 0x01, 0x14, 0xc2, 0x1c, 0xe2, 0x1c, 0x02, 0x25, 0x43, 0x25, 0x05, 0x36, 0xa6, 0x3e,
  0x08, 0x4f, 0x87, 0x46, 0xc5, 0x35, 0xc4, 0x35, 0x23, 0x25, 0x41, 0x14, 0x41, 0x14, 0xa2, 0x1c,
  0xa2, 0x1c, 0xe3, 0x1c, 0xe3, 0x1c, 0x82, 0x1c, 0x22, 0x14, 0x01, 0x14, 0x01, 0x0c, 0x23, 0x25,
  0x25, 0x36, 0xaa, 0x56, 0xaf, 0x8f, 0xb0, 0x97, 0x8d, 0x77, 0x44, 0x2e, 0x86, 0x3e, 0xa6, 0x46,
  0x4a, 0x5f, 0xaf, 0x87, 0x02, 0x1d, 0xa0, 0x0c, 0xa3, 0x2d, 0x02, 0x1d, 0x21, 0x14, 0xe1, 0x13,
  0xe1, 0x12, 0x03, 0x24, 0x03, 0x2d, 0x03, 0x2d, 0xc2, 0x24, 0xe1, 0x1b, 0xe2, 0x2c, 0x22, 0x2d,
  0xa1, 0x24, 0x64, 0x36, 0xc6, 0x46, 0x63, 0x2c, 0x60, 0x0a, 0x01, 0x1b, 0x21, 0x1b, 0x61, 0x23,
  0xa1, 0x23, 0xe0, 0x1a, 0x02, 0x23, 0x03, 0x34, 0xa2, 0x33, 0xc3, 0x2b, 0xc2, 0x2b, 0xe3, 0x3b,
  0xe0, 0x79, 0xe0, 0x2b, 0x64, 0x4b, 0x62, 0x33, 0xa2, 0x33, 0x62, 0x2b, 0x42, 0x2b, 0x01, 0x23,
  0xe2, 0x33, 0x42, 0x2b, 0x41, 0x23, 0x61, 0x2b, 0x22, 0x2b, 0xa0, 0x02, 0xa3, 0x3a, 0x43, 0x2b,
  0x22, 0x33, 0x82, 0x2b, 0xe0, 0x3b, 0x00, 0x00, 0x00, 0x00, 0x00, 0x00, 0x00, 0x00, 0x00, 0x00,
  0x00, 0x00, 0x00, 0x00, 0x00, 0x00, 0x00, 0x00, 0x00, 0x00, 0x00, 0x00, 0x00, 0x00, 0x00, 0x00,
  0x00, 0x00, 0x00, 0x00, 0x00, 0x00, 0x00, 0x00, 0x00, 0x00, 0x00, 0x00, 0x00, 0x00, 0x00, 0x00,
  0x00, 0x00, 0x00, 0x00, 0x00, 0x00, 0x00, 0x00, 0x00, 0x00, 0x00, 0x00, 0x00, 0x00, 0x00, 0x00,
  0x00, 0x00, 0x00, 0x00, 0x00, 0x00, 0x00, 0x00, 0x00, 0x00, 0x00, 0x00, 0x00, 0x00, 0x00, 0x00,
  0x00, 0x00, 0x00, 0x00, 0x00, 0x00, 0x00, 0x00, 0x00, 0x00, 0x00, 0x00, 0x00, 0x00, 0x00, 0x00,
  0x00, 0x00, 0x00, 0x00, 0x00, 0x00, 0x00, 0x00, 0x00, 0x00, 0x00, 0x00, 0x00, 0x00, 0x00, 0x00,
  0x00, 0x00, 0x00, 0x00, 0x00, 0x00, 0x00, 0x00, 0x00, 0x00, 0x00, 0x00, 0x00, 0x00, 0x00, 0x00,
  0x00, 0x00, 0x00, 0x00, 0x00, 0x00, 0x00, 0x00, 0x00, 0x00, 0x00, 0x00, 0x00, 0x00, 0x00, 0x00,
  0x00, 0x00, 0x00, 0x00, 0x00, 0x00, 0x00, 0x00, 0x00, 0x00, 0xa1, 0x3a, 0xc2, 0x2a, 0x22, 0x33,
  0xe0, 0x39, 0xa0, 0x02, 0xa1, 0x2a, 0xc2, 0x32, 0x00, 0x00, 0x02, 0x23, 0x42, 0x2b, 0xe0, 0x7b,
  0xff, 0xff, 0x22, 0x33, 0xa1, 0x22, 0xc1, 0x2a, 0xc3, 0x3b, 0x22, 0x2b, 0xe0, 0x11, 0x21, 0x1a,
  0xc2, 0x2a, 0x21, 0x22, 0xa0, 0x11, 0x00, 0x1a, 0xe2, 0x33, 0x42, 0x23, 0x01, 0x1b, 0xc5, 0x44,
  0xc3, 0x2b, 0x41, 0x12, 0xc0, 0x13, 0xc3, 0x3d, 0xeb, 0x85, 0x4a, 0x5c, 0xc5, 0x3c, 0x62, 0x23,
  0x20, 0x0a, 0x81, 0x12, 0x40, 0x0a, 0x81, 0x12, 0x21, 0x1b, 0x62, 0x23, 0x01, 0x1b, 0x40, 0x01,
  0x61, 0x12, 0x81, 0x12, 0xe0, 0x09, 0xa0, 0x12, 0x40, 0x0a, 0x60, 0x01, 0x80, 0x01, 0xa0, 0x09,
  0x00, 0x0a, 0x80, 0x01, 0xc2, 0x22, 0xc2, 0x23, 0x64, 0x34, 0x4a, 0x66, 0x49, 0x56, 0x89, 0x5e,
  0x09, 0x67, 0x31, 0xa7, 0x95, 0xbf, 0xca, 0x66, 0xe2, 0x12, 0x21, 0x1b, 0xc2, 0x23, 0x61, 0x1b,
  0x21, 0x1b, 0xa1, 0x12, 0x80, 0x0a, 0x21, 0x13, 0xa1, 0x1b, 0xa1, 0x1b, 0x20, 0x0b, 0x00, 0x0b,
  0x60, 0x0a, 0x40, 0x0a, 0x80, 0x0a, 0xc1, 0x12, 0x41, 0x13, 0x01, 0x13, 0xc0, 0x0a, 0x60, 0x0a,
  0x20, 0x02, 0x60, 0x0a, 0xe1, 0x12, 0xc1, 0x12, 0x61, 0x0a, 0xa0, 0x0a, 0x41, 0x13, 0x80, 0x0a,
  0x61, 0x1b, 0x83, 0x2c, 0xe3, 0x34, 0x23, 0x2d, 0x84, 0x35, 0xa4, 0x35, 0x63, 0x2d, 0xa2, 0x1c,
  0x22, 0x25, 0xc0, 0x0a, 0x80, 0x0a, 0x41, 0x13, 0xc1, 0x1b, 0x62, 0x24, 0xc1, 0x13, 0xe1, 0x13,
  0x21, 0x14, 0xa2, 0x24, 0x84, 0x2d, 0xc4, 0x35, 0x05, 0x36, 0x05, 0x3e, 0x45, 0x3e, 0x65, 0x3e,
  0x25, 0x36, 0xe2, 0x1c, 0xa1, 0x14, 0xa1, 0x14, 0x03, 0x25, 0xa2, 0x1c, 0x21, 0x14, 0x82, 0x1c,
  0xc3, 0x24, 0xc3, 0x24, 0x42, 0x1c, 0xc1, 0x13, 0x81, 0x0b, 0x60, 0x0b, 0x01, 0x14, 0x43, 0x25,
  0x68, 0x4e, 0xe9, 0x56, 0x49, 0x5f, 0xf3, 0xaf, 0x6d, 0x7f, 0x6b, 0x6f, 0x6b, 0x67, 0xc7, 0x46,
  0x07, 0x4f, 0x28, 0x57, 0x65, 0x3e, 0x82, 0x25, 0xc2, 0x1c, 0x23, 0x35, 0x44, 0x35, 0xa2, 0x13,
  0x81, 0x13, 0xe2, 0x23, 0x63, 0x24, 0x41, 0x1c, 0x44, 0x3d, 0x61, 0x1b, 0xc1, 0x1b, 0xc2, 0x23,
  0x22, 0x24, 0xe2, 0x1b, 0x63, 0x24, 0x24, 0x36, 0x82, 0x2e, 0x84, 0x4e, 0x03, 0x34, 0x20, 0x0a,
  0x61, 0x23, 0x01, 0x23, 0x41, 0x23, 0x82, 0x23, 0x01, 0x23, 0xa2, 0x33, 0xa2, 0x33, 0xa3, 0x2b,
  0x61, 0x2b, 0xe0, 0x03, 0xe3, 0x33, 0x63, 0x3c, 0xe5, 0x53, 0x82, 0x2b, 0xe2, 0x4b, 0x42, 0x2b,
  0x01, 0x2b, 0x01, 0x23, 0x61, 0x2b, 0xe3, 0x1a, 0x02, 0x23, 0x40, 0x2b, 0x80, 0x3b, 0xe0, 0x07,
  0x00, 0x00, 0xa5, 0x2a, 0x02, 0x33, 0xa1, 0x22, 0xa1, 0x22, 0xef, 0x7b, 0xe0, 0x7b, 0x00, 0x00,
  0x00, 0x00, 0x00, 0x00, 0x00, 0x00, 0x00, 0x00, 0x00, 0x00, 0x00, 0x00, 0x00, 0x00, 0x00, 0x00,
  0x00, 0x00, 0x00, 0x00, 0x00, 0x00, 0x00, 0x00, 0x00, 0x00, 0x00, 0x00, 0x00, 0x00, 0x00, 0x00,
  0x00, 0x00, 0x00, 0x00, 0x00, 0x00, 0x00, 0x00, 0x00, 0x00, 0x00, 0x00, 0x00, 0x00, 0x00, 0x00,
  0x00, 0x00, 0x00, 0x00, 0x00, 0x00, 0x00, 0x00, 0x00, 0x00, 0x00, 0x00, 0x00, 0x00, 0x00, 0x00,
  0x00, 0x00, 0x00, 0x00, 0x00, 0x00, 0x00, 0x00, 0x00, 0x00, 0x00, 0x00, 0x00, 0x00, 0x00, 0x00,
  0x00, 0x00, 0x00, 0x00, 0x00, 0x00, 0x00, 0x00, 0x00, 0x00, 0x00, 0x00, 0x00, 0x00, 0x00, 0x00,
  0x00, 0x00, 0x00, 0x00, 0x00, 0x00, 0x00, 0x00, 0x00, 0x00, 0x00, 0x00, 0x00, 0x00, 0x00, 0x00,
  0x00, 0x00, 0x00, 0x00, 0x00, 0x00, 0x00, 0x00, 0x00, 0x00, 0xaa, 0x52, 0xe0, 0xff, 0x00, 0x00,
  0x00, 0x00, 0x00, 0x00, 0x00, 0x00, 0x00, 0x00, 0x00, 0x00, 0x00, 0x00, 0x00, 0x00, 0xa0, 0x02,
  0x63, 0x32, 0xe0, 0x03, 0x00, 0x00, 0x00, 0x00, 0xe2, 0x32, 0xe2, 0x32, 0xef, 0x03, 0xa2, 0x2a,
  0x01, 0x2b, 0xa1, 0x2a, 0x41, 0x22, 0x41, 0x22, 0x61, 0x22, 0x00, 0x1a, 0x80, 0x11, 0x80, 0x11,
  0x80, 0x09, 0x41, 0x1a, 0x00, 0x1a, 0x00, 0x1a, 0x41, 0x22, 0xc0, 0x11, 0xa5, 0x44, 0xe2, 0x1a,
  0xa1, 0x12, 0x41, 0x1b, 0x20, 0x12, 0x41, 0x1b, 0xa4, 0x45, 0x89, 0x66, 0xef, 0x9e, 0xef, 0x8d,
  0x49, 0x5d, 0xa2, 0x2b, 0x41, 0x12, 0xa0, 0x09, 0x80, 0x01, 0xa0, 0x01, 0x20, 0x0a, 0xc0, 0x09,
  0xe0, 0x09, 0x41, 0x12, 0x81, 0x12, 0x00, 0x0a, 0x00, 0x0a, 0x60, 0x12, 0xe1, 0x12, 0x01, 0x1b,
  0x60, 0x0a, 0x60, 0x12, 0xa1, 0x12, 0x01, 0x1b, 0x22, 0x1b, 0x01, 0x13, 0x02, 0x1b, 0x22, 0x1b,
  0xe1, 0x12, 0xc4, 0x2c, 0xc5, 0x3d, 0xc4, 0x35, 0x03, 0x2d, 0x26, 0x4e, 0x84, 0x34, 0x02, 0x24,
  0xc2, 0x1b, 0x81, 0x1b, 0x01, 0x13, 0xe1, 0x12, 0x81, 0x1b, 0x01, 0x1c, 0x62, 0x24, 0x61, 0x24,
  0x23, 0x2d, 0x43, 0x2d, 0x84, 0x35, 0xa4, 0x3d, 0xc2, 0x24, 0x42, 0x24, 0x42, 0x24, 0xa1, 0x23,
  0xa2, 0x2c, 0xe1, 0x1b, 0x42, 0x24, 0x22, 0x1c, 0x00, 0x0b, 0x20, 0x0b, 0x81, 0x13, 0xa1, 0x13,
  0xa1, 0x13, 0x02, 0x24, 0xc3, 0x2c, 0xe2, 0x2c, 0x02, 0x2d, 0xa1, 0x24, 0xc2, 0x24, 0x82, 0x1c,
  0xe3, 0x2c, 0x84, 0x35, 0xc4, 0x3d, 0xe5, 0x45, 0x04, 0x46, 0x04, 0x3e, 0x85, 0x46, 0x85, 0x46,
  0x24, 0x36, 0xe4, 0x35, 0x04, 0x36, 0xa6, 0x46, 0xa5, 0x46, 0x86, 0x46, 0x85, 0x3e, 0x25, 0x36,
  0x64, 0x2d, 0xc2, 0x24, 0xa2, 0x1c, 0xc2, 0x24, 0xc2, 0x24, 0x83, 0x24, 0xc1, 0x13, 0x41, 0x0b,
  0x21, 0x0b, 0xe0, 0x0a, 0xe0, 0x0a, 0x21, 0x0b, 0xa1, 0x13, 0x21, 0x14, 0xe2, 0x24, 0xa3, 0x2d,
  0x44, 0x36, 0x85, 0x36, 0x46, 0x3e, 0x24, 0x2d, 0x62, 0x1c, 0xa5, 0x35, 0x65, 0x36, 0x66, 0x3e,
  0x8f, 0x87, 0x2a, 0x5f, 0x44, 0x36, 0x43, 0x25, 0x62, 0x24, 0xc2, 0x23, 0x41, 0x13, 0xc1, 0x12,
  0x20, 0x0a, 0xc1, 0x12, 0x62, 0x1b, 0x63, 0x2c, 0x02, 0x24, 0x21, 0x13, 0xa2, 0x23, 0x61, 0x1b,
  0x02, 0x24, 0xe0, 0x12, 0x81, 0x23, 0xe2, 0x23, 0x44, 0x35, 0xc5, 0x46, 0x8d, 0x87, 0x69, 0x66,
  0x03, 0x46, 0x03, 0x2c, 0x62, 0x1b, 0x42, 0x23, 0x21, 0x23, 0x82, 0x2b, 0x22, 0x23, 0x62, 0x2b,
  0xe3, 0x33, 0x80, 0x2b, 0x60, 0x23, 0xe3, 0x3a, 0xe0, 0x03, 0xe0, 0x39, 0xe0, 0x3b, 0x00, 0x00,
  0xc0, 0x64, 0x82, 0x33, 0xe1, 0x22, 0x42, 0x2b, 0x82, 0x2b, 0x61, 0x2b, 0xa0, 0x2a, 0xe0, 0x3b,
  0x00, 0x00, 0x00, 0x00, 0x00, 0x00, 0xe0, 0x03, 0xa5, 0x2a, 0xc1, 0x22, 0x80, 0x22, 0x00, 0x00,
  0x00, 0x00, 0x00, 0x00, 0x00, 0x00, 0x00, 0x00, 0x00, 0x00, 0x00, 0x00, 0x00, 0x00, 0x00, 0x00,
  0x00, 0x00, 0x00, 0x00, 0x00, 0x00, 0x00, 0x00, 0x00, 0x00, 0x00, 0x00, 0x00, 0x00, 0x00, 0x00,
  0x00, 0x00, 0x00, 0x00, 0x00, 0x00, 0x00, 0x00, 0x00, 0x00, 0x00, 0x00, 0x00, 0x00, 0x00, 0x00,
  0x00, 0x00, 0x00, 0x00, 0x00, 0x00, 0x00, 0x00, 0x00, 0x00, 0x00, 0x00, 0x00, 0x00, 0x00, 0x00,
  0x00, 0x00, 0x00, 0x00, 0x00, 0x00, 0x00, 0x00, 0x00, 0x00, 0x00, 0x00, 0x00, 0x00, 0x00, 0x00,
  0x00, 0x00, 0x00, 0x00, 0x00, 0x00, 0x00, 0x00, 0x00, 0x00, 0x00, 0x00, 0x00, 0x00, 0x00, 0x00,
  0x00, 0x00, 0x00, 0x00, 0x00, 0x00, 0x00, 0x00, 0x00, 0x00, 0x00, 0x00, 0x00, 0x00, 0x00, 0x00,
  0x00, 0x00, 0x00, 0x00, 0x00, 0x00, 0x00, 0x00, 0x00, 0x00, 0x00, 0x00, 0x00, 0x00, 0xa0, 0x52,
  0xa5, 0x2a, 0xa0, 0x2a, 0x00, 0x00, 0x00, 0x00, 0x00, 0x00, 0x00, 0x00, 0x00, 0x00, 0x00, 0x00,
  0x00, 0x00, 0x00, 0x00, 0xe0, 0x7b, 0xe2, 0x2a, 0xc2, 0x32, 0xa1, 0x2a, 0xe3, 0x32, 0xa0, 0x2a,
  0xc2, 0x32, 0xc2, 0x2a, 0xc2, 0x2a, 0x61, 0x22, 0x41, 0x22, 0x21, 0x22, 0x61, 0x22, 0x61, 0x22,
  0xe1, 0x19, 0x60, 0x1a, 0x21, 0x1a, 0x81, 0x22, 0x61, 0x22, 0x00, 0x1a, 0xc0, 0x11, 0xa0, 0x09,
  0x40, 0x12, 0xc1, 0x12, 0xe0, 0x12, 0x01, 0x1b, 0x41, 0x23, 0x63, 0x34, 0x05, 0x45, 0x22, 0x1b,
  0x60, 0x02, 0x20, 0x01, 0x80, 0x01, 0x61, 0x12, 0x40, 0x12, 0xc0, 0x09, 0x21, 0x12, 0x81, 0x12,
  0xc0, 0x01, 0xe0, 0x09, 0x40, 0x12, 0x81, 0x12, 0x61, 0x12, 0x20, 0x0a, 0xc1, 0x12, 0xc2, 0x2b,
  0x62, 0x23, 0x01, 0x1b, 0x21, 0x1b, 0x82, 0x23, 0x62, 0x23, 0x22, 0x23, 0x01, 0x1b, 0xa4, 0x34,
  0x45, 0x3d, 0x25, 0x3d, 0xc7, 0x4d, 0xa6, 0x4d, 0x65, 0x3d, 0x08, 0x56, 0xaa, 0x66, 0x48, 0x56,
  0x07, 0x56, 0x04, 0x35, 0xa3, 0x34, 0x23, 0x35, 0xe3, 0x34, 0x02, 0x24, 0xe3, 0x2c, 0xa4, 0x3d,
  0x65, 0x4e, 0xe4, 0x45, 0x82, 0x2c, 0xe1, 0x23, 0x82, 0x2c, 0xa2, 0x2c, 0xa1, 0x1b, 0xa1, 0x1b,
  0xa1, 0x13, 0x00, 0x0b, 0xe3, 0x2b, 0xe1, 0x1b, 0x62, 0x24, 0x62, 0x24, 0x22, 0x24, 0xe3, 0x34,
  0x64, 0x3d, 0x84, 0x3d, 0x23, 0x35, 0x41, 0x24, 0x22, 0x24, 0xa2, 0x2c, 0x64, 0x3d, 0x05, 0x46,
  0xc4, 0x3d, 0xc4, 0x3d, 0x04, 0x3e, 0x83, 0x35, 0x83, 0x35, 0x45, 0x46, 0x66, 0x46, 0xc7, 0x56,
  0xc7, 0x56, 0x45, 0x3e, 0xa4, 0x35, 0x04, 0x3e, 0x25, 0x3e, 0x83, 0x35, 0x43, 0x2d, 0x03, 0x25,
  0xa2, 0x24, 0xe1, 0x1b, 0xe0, 0x0a, 0xa0, 0x0a, 0x21, 0x0b, 0x41, 0x13, 0x21, 0x0b, 0x01, 0x0b,
  0x21, 0x13, 0x21, 0x0b, 0x21, 0x0b, 0x81, 0x13, 0x40, 0x0b, 0xc1, 0x13, 0xe3, 0x24, 0x83, 0x2d,
  0x63, 0x25, 0x83, 0x2d, 0x63, 0x25, 0x64, 0x2d, 0x83, 0x24, 0xe3, 0x2c, 0x62, 0x24, 0x04, 0x2d,
  0xa7, 0x46, 0x05, 0x2e, 0xa4, 0x2d, 0x42, 0x1d, 0xc5, 0x35, 0x44, 0x35, 0xc3, 0x2c, 0x02, 0x24,
  0x20, 0x13, 0x40, 0x0a, 0xa1, 0x1a, 0xc2, 0x23, 0x83, 0x34, 0x83, 0x2c, 0xc0, 0x12, 0x62, 0x1b,
  0x41, 0x1b, 0x43, 0x2c, 0xe2, 0x23, 0xe2, 0x2b, 0x83, 0x34, 0x21, 0x1b, 0xc1, 0x1b, 0x84, 0x3d,
  0x94, 0xbf, 0xf9, 0xdf, 0x8e, 0x8f, 0x86, 0x45, 0x82, 0x2b, 0xa2, 0x2b, 0xa2, 0x2b, 0x03, 0x34,
  0x22, 0x2b, 0xc2, 0x33, 0xe2, 0x33, 0xe1, 0x2b, 0xe2, 0x33, 0xe5, 0x2b, 0x00, 0x00, 0xa0, 0x52,
  0xe0, 0x1b, 0x61, 0x2b, 0x81, 0x33, 0xa1, 0x33, 0x83, 0x33, 0x62, 0x2b, 0x41, 0x2b, 0xa0, 0x52,
  0x00, 0x00, 0xe0, 0x03, 0xe0, 0x07, 0x00, 0x00, 0x00, 0x00, 0x20, 0x33, 0x1f, 0x00, 0xe3, 0x3a,
  0x23, 0x23, 0x64, 0x23, 0x00, 0x00, 0x00, 0x00, 0x00, 0x00, 0x00, 0x00, 0x00, 0x00, 0x00, 0x00,
  0x00, 0x00, 0x00, 0x00, 0x00, 0x00, 0x00, 0x00, 0x00, 0x00, 0x00, 0x00, 0x00, 0x00, 0x00, 0x00,
  0x00, 0x00, 0x00, 0x00, 0x00, 0x00, 0x00, 0x00, 0x00, 0x00, 0x00, 0x00, 0x00, 0x00, 0x00, 0x00,
  0x00, 0x00, 0x00, 0x00, 0x00, 0x00, 0x00, 0x00, 0x00, 0x00, 0x00, 0x00, 0x00, 0x00, 0x00, 0x00,
  0x00, 0x00, 0x00, 0x00, 0x00, 0x00, 0x00, 0x00, 0x00, 0x00, 0x00, 0x00, 0x00, 0x00, 0x00, 0x00,
  0x00, 0x00, 0x00, 0x00, 0x00, 0x00, 0x00, 0x00, 0x00, 0x00, 0x00, 0x00, 0x00, 0x00, 0x00, 0x00,
  0x00, 0x00, 0x00, 0x00, 0x00, 0x00, 0x00, 0x00, 0x00, 0x00, 0x00, 0x00, 0xe0, 0x7b, 0x00, 0x00,
  0x00, 0x00, 0x00, 0x00, 0x00, 0x00, 0x00, 0x00, 0x00, 0x00, 0x00, 0x00, 0xe0, 0x7b, 0xe0, 0x03,
  0x22, 0x22, 0x82, 0x32, 0xa1, 0x32, 0x82, 0x32, 0x00, 0x00, 0x00, 0x00, 0x00, 0x00, 0x00, 0x00,
  0x00, 0x00, 0x00, 0x00, 0x00, 0x00, 0x00, 0x00, 0xe0, 0x39, 0x62, 0x3a, 0x81, 0x32, 0xa1, 0x32,
  0xe2, 0x42, 0xe0, 0x2a, 0x02, 0x23, 0xc2, 0x32, 0xa2, 0x2a, 0x81, 0x2a, 0xe1, 0x32, 0x43, 0x3b,
  0xa2, 0x32, 0xa2, 0x2a, 0xa3, 0x2a, 0xe0, 0x19, 0x21, 0x22, 0x81, 0x22, 0x41, 0x1a, 0x00, 0x12,
  0xc0, 0x09, 0x80, 0x09, 0xa0, 0x09, 0x01, 0x0a, 0x21, 0x12, 0x40, 0x01, 0xc1, 0x12, 0xc1, 0x1a,
  0x40, 0x01, 0xc0, 0x09, 0x81, 0x11, 0xe1, 0x11, 0x21, 0x12, 0x20, 0x12, 0x00, 0x0a, 0x00, 0x0a,
  0xe0, 0x09, 0x21, 0x12, 0xa0, 0x01, 0x21, 0x12, 0x00, 0x0a, 0xa0, 0x09, 0xc0, 0x09, 0x80, 0x09,
  0x01, 0x0a, 0x81, 0x1a, 0x21, 0x12, 0x00, 0x0a, 0x61, 0x12, 0xa1, 0x12, 0xc1, 0x1a, 0x02, 0x1b,
  0x62, 0x23, 0x23, 0x2c, 0xa2, 0x23, 0x41, 0x13, 0xa1, 0x1b, 0xa4, 0x34, 0x27, 0x56, 0x87, 0x56,
  0x27, 0x4e, 0x27, 0x46, 0xa5, 0x3d, 0x85, 0x3d, 0xa2, 0x2c, 0xc3, 0x2c, 0xe3, 0x2c, 0x82, 0x24,
  0x42, 0x24, 0x02, 0x24, 0xa2, 0x23, 0x22, 0x1b, 0xa0, 0x01, 0x80, 0x01, 0x00, 0x02, 0x21, 0x0a,
  0x83, 0x23, 0x65, 0x45, 0x84, 0x4d, 0x6a, 0x76, 0xd5, 0xbf, 0xcb, 0x76, 0xa4, 0x3d, 0x05, 0x4e,
  0x86, 0x5e, 0x46, 0x56, 0x25, 0x4e, 0x25, 0x46, 0x66, 0x56, 0xe9, 0x6e, 0xa7, 0x5e, 0xa7, 0x5e,
  0xa7, 0x5e, 0x66, 0x56, 0x45, 0x46, 0x65, 0x46, 0x24, 0x46, 0x45, 0x46, 0x86, 0x56, 0x87, 0x4e,
  0xc8, 0x56, 0x47, 0x4e, 0x44, 0x35, 0x82, 0x24, 0x01, 0x1c, 0x22, 0x1c, 0x21, 0x1c, 0x01, 0x1c,
  0xc1, 0x13, 0xc1, 0x13, 0xc1, 0x13, 0x81, 0x13, 0x61, 0x13, 0x61, 0x13, 0x61, 0x13, 0x41, 0x13,
  0x61, 0x13, 0x22, 0x1c, 0x42, 0x1c, 0xc1, 0x1b, 0x82, 0x24, 0xe1, 0x13, 0x04, 0x2d, 0x63, 0x25,
  0xe4, 0x2d, 0x45, 0x3e, 0x45, 0x3e, 0x25, 0x36, 0x84, 0x25, 0x44, 0x2d, 0x05, 0x35, 0x24, 0x35,
  0x44, 0x35, 0x24, 0x35, 0xa3, 0x24, 0x83, 0x2d, 0x82, 0x1c, 0x03, 0x2d, 0xe2, 0x23, 0xa1, 0x1b,
  0xc2, 0x24, 0x03, 0x2d, 0xe2, 0x1b, 0x82, 0x1b, 0xe3, 0x2c, 0x23, 0x3d, 0xc1, 0x23, 0xc0, 0x1a,
  0xc2, 0x2b, 0x43, 0x2c, 0xa2, 0x23, 0xa2, 0x23, 0x03, 0x2c, 0x82, 0x2b, 0xa2, 0x2b, 0x01, 0x23,
  0xa2, 0x2b, 0xc1, 0x1b, 0x21, 0x24, 0x63, 0x3d, 0x81, 0x2c, 0x22, 0x34, 0x22, 0x34, 0x61, 0x2b,
  0x41, 0x2b, 0xe2, 0x3b, 0xa3, 0x3b, 0x62, 0x33, 0xc3, 0x33, 0x23, 0x3c, 0x63, 0x3c, 0x00, 0x00,
  0xe0, 0x3b, 0x00, 0x00, 0x60, 0x23, 0x62, 0x2b, 0x62, 0x33, 0xe0, 0x03, 0xe3, 0x3b, 0xe2, 0x2a,
  0xa0, 0x52, 0x00, 0x00, 0x00, 0x00, 0x00, 0x00, 0x00, 0x00, 0x00, 0x00, 0x40, 0x05, 0x80, 0x1b,
  0xe0, 0x7b, 0xa0, 0x2a, 0x20, 0x33, 0x00, 0x00, 0x00, 0x00, 0x00, 0x00, 0x00, 0x00, 0x00, 0x00,
  0x00, 0x00, 0x00, 0x00, 0x00, 0x00, 0x00, 0x00, 0x00, 0x00, 0x00, 0x00, 0x00, 0x00, 0x00, 0x00,
  0x00, 0x00, 0x00, 0x00, 0x00, 0x00, 0x00, 0x00, 0x00, 0x00, 0x00, 0x00, 0x00, 0x00, 0x00, 0x00,
  0x00, 0x00, 0x00, 0x00, 0x00, 0x00, 0x00, 0x00, 0x00, 0x00, 0x00, 0x00, 0x00, 0x00, 0x00, 0x00,
  0x00, 0x00, 0x00, 0x00, 0x00, 0x00, 0x00, 0x00, 0x00, 0x00, 0x00, 0x00, 0x00, 0x00, 0x00, 0x00,
  0x00, 0x00, 0x00, 0x00, 0x00, 0x00, 0x00, 0x00, 0x00, 0x00, 0x00, 0x00, 0x00, 0x00, 0x00, 0x00,
  0x00, 0x00, 0x00, 0x00, 0x00, 0x00, 0x00, 0x00, 0x00, 0x00, 0x00, 0x00, 0x00, 0x00, 0x00, 0x00,
  0x00, 0x00, 0x00, 0x00, 0x00, 0x00, 0x00, 0x00, 0x00, 0x00, 0x00, 0x00, 0x00, 0x00, 0x00, 0x00,
  0x00, 0x00, 0xa2, 0x2a, 0x62, 0x2a, 0x01, 0x3b, 0x22, 0x3b, 0xa1, 0x32, 0x00, 0x00, 0x00, 0x00,
  0x00, 0x00, 0x00, 0x00, 0xe0, 0x07, 0x00, 0x00, 0x00, 0x00, 0xa0, 0x52, 0xa0, 0x52, 0x81, 0x2a,
  0x43, 0x3b, 0xe2, 0x32, 0xe0, 0x39, 0xe0, 0x3a, 0x81, 0x32, 0xa2, 0x3a, 0x41, 0x2a, 0x82, 0x2a,
  0x83, 0x32, 0xe2, 0x2a, 0x81, 0x22, 0x41, 0x22, 0x00, 0x1a, 0xa0, 0x11, 0xe0, 0x19, 0x20, 0x12,
  0xa0, 0x09, 0x60, 0x09, 0x00, 0x12, 0xa0, 0x09, 0x61, 0x12, 0xc1, 0x1a, 0x61, 0x12, 0x01, 0x0a,
  0xc1, 0x12, 0xa1, 0x12, 0xe0, 0x00, 0x40, 0x09, 0x80, 0x09, 0xc0, 0x09, 0xc0, 0x09, 0xa0, 0x09,
  0x40, 0x01, 0xa1, 0x1a, 0x02, 0x1b, 0x61, 0x12, 0xa0, 0x09, 0x80, 0x09, 0xc0, 0x09, 0xe1, 0x09,
  0xa2, 0x1a, 0x00, 0x0a, 0xe0, 0x09, 0x81, 0x12, 0xe1, 0x1a, 0x42, 0x23, 0x21, 0x1b, 0x41, 0x23,
  0xe2, 0x2b, 0x82, 0x23, 0xe1, 0x1a, 0xa0, 0x0a, 0xa0, 0x0a, 0x81, 0x1b, 0xc4, 0x3c, 0x65, 0x45,
  0x87, 0x5e, 0xa7, 0x5e, 0x44, 0x3d, 0x43, 0x2c, 0x61, 0x1b, 0xa2, 0x1b, 0x61, 0x1b, 0xc2, 0x23,
  0x81, 0x1b, 0x41, 0x1b, 0xe1, 0x12, 0xe0, 0x09, 0xe0, 0x00, 0x00, 0x01, 0xc0, 0x01, 0xa0, 0x0a,
  0x63, 0x34, 0xc9, 0x6e, 0xc7, 0x5e, 0x04, 0x46, 0x63, 0x3d, 0xc5, 0x45, 0x89, 0x6e, 0xe6, 0x55,
  0xe2, 0x2c, 0x43, 0x3d, 0x03, 0x35, 0x84, 0x45, 0xa8, 0x66, 0xe8, 0x66, 0x86, 0x5e, 0x08, 0x6f,
  0x07, 0x67, 0x86, 0x56, 0x45, 0x4e, 0x05, 0x46, 0x84, 0x3d, 0x04, 0x35, 0xa3, 0x2c, 0xe2, 0x23,
  0x21, 0x1b, 0x61, 0x1b, 0x41, 0x13, 0xe0, 0x0a, 0xc0, 0x0a, 0x41, 0x13, 0x81, 0x13, 0x81, 0x13,
  0x61, 0x13, 0x61, 0x13, 0x81, 0x13, 0xa1, 0x13, 0x61, 0x13, 0xa1, 0x13, 0x81, 0x13, 0x21, 0x0b,
  0x01, 0x0b, 0x21, 0x13, 0xe1, 0x0a, 0xe1, 0x0a, 0x41, 0x0b, 0x62, 0x24, 0x01, 0x1c, 0x25, 0x3e,
  0x66, 0x3e, 0x64, 0x25, 0x64, 0x2d, 0x24, 0x2d, 0x03, 0x2d, 0x82, 0x1c, 0x22, 0x1c, 0xa1, 0x13,
  0xa1, 0x1b, 0x40, 0x0b, 0x41, 0x13, 0x81, 0x1b, 0x02, 0x24, 0x01, 0x14, 0x82, 0x1c, 0x63, 0x2d,
  0xc0, 0x0a, 0xc0, 0x01, 0x23, 0x35, 0x85, 0x46, 0x03, 0x2d, 0x02, 0x24, 0x62, 0x24, 0xa0, 0x12,
  0x21, 0x1b, 0x21, 0x23, 0xc1, 0x1a, 0xc0, 0x1a, 0xa2, 0x2b, 0x63, 0x34, 0x82, 0x2b, 0x62, 0x2b,
  0x01, 0x1b, 0x42, 0x2b, 0x62, 0x2b, 0xe2, 0x33, 0x81, 0x23, 0xe1, 0x2b, 0xe2, 0x33, 0x82, 0x2b,
  0xe2, 0x33, 0xa2, 0x33, 0x82, 0x33, 0x82, 0x33, 0x62, 0x33, 0x03, 0x34, 0x22, 0x34, 0x63, 0x3c,
  0xe2, 0x33, 0x42, 0x33, 0x00, 0x00, 0x03, 0x3b, 0xa2, 0x3b, 0x82, 0x2b, 0xa0, 0x52, 0xe0, 0x7f,
  0xe0, 0x7b, 0x00, 0x00, 0xaa, 0x52, 0x00, 0x00, 0x00, 0x00, 0x00, 0x00, 0x00, 0x00, 0x00, 0x00,
  0x20, 0x33, 0xa0, 0x2a, 0xe0, 0x07, 0x00, 0x00, 0x00, 0x00, 0x00, 0x00, 0x00, 0x00, 0x00, 0x00,
  0x00, 0x00, 0x00, 0x00, 0x00, 0x00, 0x00, 0x00, 0x00, 0x00, 0x00, 0x00, 0x00, 0x00, 0x00, 0x00,
  0x00, 0x00, 0x00, 0x00, 0x00, 0x00, 0x00, 0x00, 0x00, 0x00, 0x00, 0x00, 0x00, 0x00, 0x00, 0x00,
  0x00, 0x00, 0x00, 0x00, 0x00, 0x00, 0x00, 0x00, 0x00, 0x00, 0x00, 0x00, 0x00, 0x00, 0x00, 0x00,
  0x00, 0x00, 0x00, 0x00, 0x00, 0x00, 0x00, 0x00, 0x00, 0x00, 0x00, 0x00, 0x00, 0x00, 0x00, 0x00,
  0x00, 0x00, 0x00, 0x00, 0x00, 0x00, 0x00, 0x00, 0x00, 0x00, 0x00, 0x00, 0x00, 0x00, 0x00, 0x00,
  0x00, 0x00, 0x00, 0x00, 0x00, 0x00, 0x00, 0x00, 0x00, 0x00, 0x00, 0x00, 0x00, 0x00, 0x00, 0x00,
  0x00, 0x00, 0x00, 0x00, 0x00, 0x00, 0x00, 0x00, 0x00, 0x00, 0x00, 0x00, 0x00, 0x00, 0x00, 0x00,
  0x00, 0x00, 0x00, 0x00, 0x00, 0x00, 0x22, 0x2a, 0xa1, 0x32, 0xc1, 0x3a, 0xa1, 0x32, 0x43, 0x32,
  0x00, 0x00, 0x00, 0x00, 0x00, 0x00, 0x00, 0x00, 0xe0, 0x7b, 0x00, 0x00, 0x00, 0x00, 0x00, 0x00,
  0x00, 0x00, 0xa2, 0x2a, 0x22, 0x33, 0xe2, 0x32, 0x20, 0x03, 0xe2, 0x2a, 0xc2, 0x2a, 0x43, 0x2a,
  0x61, 0x22, 0xa1, 0x2a, 0x61, 0x2a, 0x41, 0x2a, 0x41, 0x22, 0x41, 0x22, 0xa0, 0x11, 0xa0, 0x11,
  0x80, 0x11, 0x41, 0x1a, 0xa0, 0x09, 0x20, 0x12, 0x00, 0x12, 0x80, 0x09, 0x21, 0x12, 0x41, 0x12,
  0xa0, 0x09, 0xe0, 0x09, 0xc0, 0x09, 0x01, 0x12, 0x20, 0x01, 0x80, 0x09, 0x60, 0x01, 0xa0, 0x09,
  0xe1, 0x11, 0xe0, 0x09, 0xa0, 0x09, 0x21, 0x12, 0x22, 0x23, 0x42, 0x23, 0x21, 0x12, 0xe2, 0x1a,
  0x21, 0x12, 0x00, 0x0a, 0x62, 0x23, 0xe1, 0x1a, 0xe1, 0x1a, 0x82, 0x23, 0xc2, 0x2b, 0x81, 0x1a,
  0x20, 0x0a, 0x20, 0x0a, 0x40, 0x12, 0xa1, 0x12, 0x41, 0x12, 0x82, 0x23, 0x25, 0x45, 0xe7, 0x55,
  0x25, 0x45, 0xe3, 0x2b, 0xc2, 0x2b, 0xc3, 0x23, 0x82, 0x1b, 0xc0, 0x12, 0xa0, 0x0a, 0x20, 0x0a,
  0xc0, 0x01, 0xc0, 0x01, 0xc0, 0x01, 0x80, 0x01, 0x40, 0x01, 0x80, 0x01, 0x40, 0x0a, 0x42, 0x1b,
  0xc2, 0x23, 0xc2, 0x23, 0x02, 0x24, 0xe1, 0x1b, 0x21, 0x1c, 0xc2, 0x2c, 0x41, 0x24, 0x61, 0x24,
  0xa3, 0x45, 0x66, 0x5e, 0x86, 0x5e, 0xa7, 0x5e, 0xe8, 0x6e, 0x09, 0x77, 0xc8, 0x6e, 0x67, 0x5e,
  0xc5, 0x45, 0xe2, 0x2c, 0x42, 0x24, 0xc1, 0x1b, 0x21, 0x13, 0x60, 0x0a, 0x40, 0x02, 0x40, 0x02,
  0xa0, 0x0a, 0x81, 0x0a, 0x61, 0x0a, 0xe0, 0x01, 0x00, 0x02, 0x40, 0x0a, 0x61, 0x0a, 0x81, 0x0a,
  0x81, 0x0a, 0xc1, 0x0a, 0xa1, 0x0a, 0x80, 0x0a, 0xe1, 0x12, 0x41, 0x13, 0x81, 0x13, 0x61, 0x13,
  0xa0, 0x0a, 0x20, 0x02, 0x40, 0x0a, 0xa0, 0x0a, 0x61, 0x13, 0x61, 0x13, 0x02, 0x14, 0x42, 0x24,
  0x22, 0x1c, 0x43, 0x2d, 0x21, 0x14, 0xc1, 0x13, 0x62, 0x24, 0x60, 0x0a, 0x60, 0x0a, 0x40, 0x0a,
  0x80, 0x0a, 0xc1, 0x12, 0x81, 0x1b, 0x61, 0x1b, 0x21, 0x1b, 0x41, 0x1b, 0x61, 0x1b, 0xa1, 0x12,
  0xa0, 0x12, 0x02, 0x24, 0xa2, 0x24, 0x62, 0x24, 0x63, 0x2c, 0x43, 0x35, 0x20, 0x13, 0x82, 0x2c,
  0x61, 0x13, 0x21, 0x1b, 0xe3, 0x2b, 0xe1, 0x22, 0x82, 0x2b, 0x82, 0x2b, 0x43, 0x3c, 0xc2, 0x2b,
  0xe1, 0x22, 0x81, 0x2b, 0xc2, 0x2b, 0x43, 0x3c, 0xa3, 0x33, 0x62, 0x2b, 0xc2, 0x3b, 0x83, 0x44,
  0x64, 0x44, 0x82, 0x33, 0xa3, 0x33, 0x23, 0x3c, 0x82, 0x33, 0x82, 0x33, 0x22, 0x2b, 0x63, 0x3c,
  0x43, 0x34, 0xa2, 0x2b, 0x62, 0x2b, 0x02, 0x2b, 0x00, 0x00, 0xc3, 0x2b, 0xa2, 0x3b, 0x43, 0x2b,
  0xa0, 0x02, 0x00, 0x00, 0x00, 0x00, 0x00, 0x00, 0xe0, 0x07, 0x00, 0x00, 0x00, 0x00, 0x00, 0x00,
  0x00, 0x00, 0x00, 0x00, 0xe0, 0x03, 0x00, 0x00, 0x00, 0x00, 0x00, 0x00, 0x00, 0x00, 0x00, 0x00,
  0x00, 0x00, 0x00, 0x00, 0x00, 0x00, 0x00, 0x00, 0x00, 0x00, 0x00, 0x00, 0x00, 0x00, 0x00, 0x00,
  0x00, 0x00, 0x00, 0x00, 0x00, 0x00, 0x00, 0x00, 0x00, 0x00, 0x00, 0x00, 0x00, 0x00, 0x00, 0x00,
  0x00, 0x00, 0x00, 0x00, 0x00, 0x00, 0x00, 0x00, 0x00, 0x00, 0x00, 0x00, 0x00, 0x00, 0x00, 0x00,
  0x00, 0x00, 0x00, 0x00, 0x00, 0x00, 0x00, 0x00, 0x00, 0x00, 0x00, 0x00, 0x00, 0x00, 0x00, 0x00,
  0x00, 0x00, 0x00, 0x00, 0x00, 0x00, 0x00, 0x00, 0x00, 0x00, 0x00, 0x00, 0x00, 0x00, 0x00, 0x00,
  0x00, 0x00, 0x00, 0x00, 0x00, 0x00, 0x00, 0x00, 0x00, 0x00, 0x00, 0x00, 0x00, 0x00, 0x00, 0x00,
  0x00, 0x00, 0x00, 0x00, 0x00, 0x00, 0x00, 0x00, 0x00, 0x00, 0x00, 0x00, 0x00, 0x00, 0x00, 0x00,
  0x00, 0x00, 0x00, 0x00, 0x00, 0x00, 0xe0, 0x07, 0xe0, 0x03, 0xa0, 0x2a, 0x61, 0x2a, 0x61, 0x32,
  0x21, 0x2a, 0x43, 0x32, 0x00, 0x00, 0x00, 0x00, 0x00, 0x00, 0x00, 0x00, 0x00, 0x00, 0x00, 0x00,
  0xe0, 0x07, 0x00, 0x00, 0xe0, 0x19, 0xa0, 0x52, 0x00, 0x00, 0x23, 0x33, 0xaa, 0x52, 0x00, 0x00,
  0xa0, 0x02, 0xe3, 0x1a, 0xe1, 0x2a, 0x62, 0x2a, 0x41, 0x22, 0x42, 0x22, 0x41, 0x22, 0x21, 0x22,
  0xc0, 0x19, 0x01, 0x1a, 0xc1, 0x11, 0x01, 0x12, 0x01, 0x12, 0xe1, 0x11, 0xa0, 0x00, 0x20, 0x01,
  0x80, 0x09, 0x40, 0x12, 0x21, 0x23, 0xe0, 0x09, 0xc0, 0x00, 0xa0, 0x09, 0xa0, 0x09, 0x40, 0x01,
  0x80, 0x09, 0x60, 0x09, 0x60, 0x01, 0xa0, 0x09, 0x80, 0x09, 0x80, 0x09, 0x60, 0x01, 0x60, 0x09,
  0x21, 0x12, 0x20, 0x12, 0xc1, 0x1a, 0x41, 0x12, 0x80, 0x09, 0x61, 0x12, 0xe1, 0x09, 0x20, 0x01,
  0x80, 0x09, 0x01, 0x0a, 0xe1, 0x1a, 0x81, 0x23, 0x02, 0x2c, 0x03, 0x34, 0x43, 0x34, 0x84, 0x34,
  0x82, 0x23, 0xe1, 0x1a, 0x80, 0x12, 0xa1, 0x12, 0xc1, 0x12, 0x40, 0x0a, 0x20, 0x0a, 0x00, 0x0a,
  0xc0, 0x01, 0xe0, 0x09, 0x20, 0x0a, 0x20, 0x0a, 0xe0, 0x09, 0x20, 0x0a, 0xa1, 0x12, 0x41, 0x1b,
  0x02, 0x2c, 0xe3, 0x2b, 0xe2, 0x1a, 0x80, 0x0a, 0xc1, 0x23, 0x03, 0x35, 0x63, 0x3d, 0x43, 0x3d,
  0x84, 0x45, 0x87, 0x66, 0xa7, 0x66, 0x87, 0x66, 0x05, 0x56, 0x23, 0x3d, 0xa2, 0x2c, 0x61, 0x24,
  0x21, 0x1c, 0xe1, 0x1b, 0x60, 0x13, 0xe0, 0x0a, 0xa0, 0x0a, 0x40, 0x0a, 0x60, 0x0a, 0xa0, 0x0a,
  0xc1, 0x0a, 0x01, 0x0b, 0x01, 0x13, 0x01, 0x13, 0x41, 0x13, 0xc1, 0x0a, 0xe1, 0x0a, 0xe1, 0x0a,
  0x01, 0x0b, 0x41, 0x13, 0xa1, 0x0a, 0xc0, 0x0a, 0x41, 0x13, 0x21, 0x13, 0xe1, 0x0a, 0xc1, 0x0a,
  0x60, 0x0a, 0x20, 0x02, 0x20, 0x02, 0xe0, 0x01, 0x41, 0x13, 0x41, 0x0b, 0x41, 0x0b, 0x22, 0x1c,
  0xe2, 0x13, 0x81, 0x13, 0x61, 0x13, 0xe1, 0x0a, 0x80, 0x0a, 0xc1, 0x12, 0x41, 0x13, 0x41, 0x13,
  0x41, 0x1b, 0xc1, 0x12, 0xc1, 0x12, 0xa1, 0x12, 0xc1, 0x12, 0x60, 0x0a, 0xc0, 0x12, 0x82, 0x23,
  0xa2, 0x23, 0x21, 0x1b, 0xc0, 0x09, 0xa0, 0x09, 0xa1, 0x12, 0x02, 0x24, 0xa2, 0x23, 0x61, 0x1b,
  0x41, 0x1b, 0x82, 0x23, 0x00, 0x13, 0x03, 0x34, 0x03, 0x34, 0xe3, 0x33, 0x63, 0x3c, 0x42, 0x44,
  0xe3, 0x33, 0x42, 0x2b, 0x21, 0x23, 0xe3, 0x33, 0xe3, 0x33, 0xc3, 0x3b, 0xc3, 0x33, 0xa1, 0x33,
  0xc3, 0x33, 0x84, 0x4c, 0xe2, 0x33, 0xa2, 0x33, 0xa2, 0x33, 0x82, 0x33, 0x64, 0x23, 0xa4, 0x33,
  0x42, 0x33, 0x41, 0x2b, 0x21, 0x33, 0x83, 0x1b, 0x83, 0x33, 0x62, 0x2b, 0x00, 0x00, 0x00, 0xf8,
  0x00, 0x00, 0x00, 0xf8, 0x00, 0x00, 0x00, 0x00, 0x00, 0x00, 0x00, 0x00, 0x00, 0x00, 0x00, 0x00,
  0x00, 0x00, 0x00, 0x00, 0x00, 0x00, 0x00, 0x00, 0xe0, 0x39, 0x00, 0x00, 0x00, 0x00, 0xa0, 0x2a,
  0x00, 0x00, 0x00, 0x00, 0x00, 0x00, 0x00, 0x00, 0x00, 0x00, 0x00, 0x00, 0x00, 0x00, 0x00, 0x00,
  0x00, 0x00, 0x00, 0x00, 0xe0, 0x07, 0x00, 0x00, 0x00, 0x00, 0x00, 0x00, 0x00, 0x00, 0x00, 0x00,
  0x00, 0x00, 0x00, 0x00, 0x00, 0x00, 0x00, 0x00, 0x00, 0x00, 0x00, 0x00, 0x00, 0x00, 0x00, 0x00,
  0x00, 0x00, 0x00, 0x00, 0x00, 0x00, 0x00, 0x00, 0x00, 0x00, 0x00, 0x00, 0x00, 0x00, 0x00, 0x00,
  0x00, 0x00, 0x00, 0x00, 0x00, 0x00, 0x00, 0x00, 0x00, 0x00, 0x00, 0x00, 0x00, 0x00, 0x00, 0x00,
  0x00, 0x00, 0x00, 0x00, 0x00, 0x00, 0x00, 0x00, 0x00, 0x00, 0x00, 0x00, 0x00, 0x00, 0x00, 0x00,
  0x00, 0x00, 0x00, 0x00, 0x00, 0x00, 0x00, 0x00, 0x00, 0x00, 0x00, 0x00, 0x00, 0x00, 0x00, 0x00,
  0x00, 0x00, 0x00, 0x00, 0x00, 0x00, 0x00, 0x00, 0x00, 0x00, 0x00, 0x00, 0xa0, 0x02, 0xa0, 0x52,
  0xe0, 0x39, 0x62, 0x22, 0x63, 0x32, 0xa5, 0x2a, 0x00, 0x00, 0x00, 0x00, 0x00, 0x00, 0x00, 0x00,
  0x00, 0x00, 0x00, 0x00, 0x00, 0x00, 0xe0, 0x07, 0x20, 0x33, 0xa3, 0x3a, 0x44, 0x4a, 0x00, 0x00,
  0x00, 0x00, 0x00, 0x00, 0x22, 0x2a, 0x21, 0x2a, 0x42, 0x2a, 0x62, 0x2a, 0x41, 0x2a, 0x61, 0x2a,
  0x41, 0x22, 0x01, 0x1a, 0xa0, 0x11, 0x80, 0x11, 0xa0, 0x11, 0x01, 0x12, 0xc1, 0x11, 0xe1, 0x11,
  0xe0, 0x11, 0x61, 0x1a, 0x81, 0x1a, 0x21, 0x12, 0x81, 0x1a, 0xa3, 0x2b, 0xa3, 0x2b, 0xa0, 0x09,
  0x60, 0x09, 0x40, 0x09, 0x40, 0x01, 0xc0, 0x09, 0x01, 0x12, 0x01, 0x12, 0x01, 0x12, 0x21, 0x12,
  0x41, 0x12, 0x21, 0x12, 0x41, 0x12, 0x80, 0x01, 0x01, 0x12, 0x41, 0x12, 0x80, 0x09, 0xa0, 0x09,
  0x61, 0x1a, 0x42, 0x23, 0xc2, 0x2b, 0x22, 0x2c, 0x03, 0x34, 0xa2, 0x23, 0x41, 0x23, 0xc1, 0x12,
  0x40, 0x12, 0xc1, 0x1a, 0xa1, 0x12, 0x81, 0x12, 0xc1, 0x1a, 0x01, 0x1b, 0x61, 0x12, 0xe0, 0x09,
  0xa0, 0x01, 0xa0, 0x01, 0xe0, 0x09, 0x20, 0x0a, 0x40, 0x0a, 0x40, 0x0a, 0x81, 0x12, 0x61, 0x23,
  0x61, 0x1b, 0xe1, 0x12, 0x40, 0x0a, 0x20, 0x0a, 0x81, 0x1b, 0xc2, 0x34, 0xc4, 0x45, 0xe4, 0x45,
  0xc3, 0x45, 0x66, 0x5e, 0x87, 0x66, 0x85, 0x4d, 0x62, 0x2c, 0x01, 0x24, 0x40, 0x1b, 0x21, 0x13,
  0xa1, 0x1b, 0x81, 0x1b, 0x61, 0x1b, 0x41, 0x1b, 0x61, 0x13, 0xe1, 0x1b, 0x02, 0x1c, 0x81, 0x1b,
  0x41, 0x13, 0xe1, 0x12, 0x41, 0x13, 0xc1, 0x1b, 0x02, 0x24, 0x02, 0x24, 0xe2, 0x1b, 0x81, 0x1b,
  0x21, 0x13, 0x21, 0x13, 0x41, 0x13, 0x81, 0x13, 0x01, 0x0b, 0xc1, 0x0a, 0x01, 0x13, 0x81, 0x13,
  0x81, 0x1b, 0x80, 0x0a, 0x80, 0x0a, 0x21, 0x13, 0x21, 0x13, 0xc0, 0x0a, 0x82, 0x13, 0xa7, 0x45,
  0x62, 0x1b, 0x61, 0x13, 0x41, 0x13, 0xe1, 0x0a, 0xc1, 0x0a, 0xe1, 0x12, 0x21, 0x13, 0xe1, 0x12,
  0x01, 0x13, 0xe1, 0x12, 0xa1, 0x12, 0x81, 0x12, 0xa1, 0x12, 0xc1, 0x12, 0x40, 0x0a, 0x61, 0x12,
  0x01, 0x1b, 0x61, 0x23, 0x83, 0x34, 0xa2, 0x1b, 0xe1, 0x12, 0xe1, 0x1a, 0x62, 0x2b, 0xc1, 0x1a,
  0x82, 0x1b, 0x62, 0x23, 0xa2, 0x2b, 0xa0, 0x12, 0x82, 0x2b, 0x83, 0x3c, 0x82, 0x2b, 0xa2, 0x33,
  0xe2, 0x33, 0xa3, 0x33, 0xa3, 0x33, 0xe3, 0x33, 0xa2, 0x2b, 0x82, 0x2b, 0xa2, 0x3b, 0x61, 0x2b,
  0xe3, 0x3b, 0x22, 0x34, 0xe3, 0x3b, 0xe0, 0x3b, 0xe0, 0x3b, 0x61, 0x2b, 0xa2, 0x33, 0xa2, 0x23,
  0xa2, 0x23, 0x42, 0x33, 0xa3, 0x33, 0xa3, 0x33, 0xe3, 0x33, 0xe0, 0x2b, 0x00, 0x00, 0x00, 0x00,
  0x00, 0x00, 0x00, 0x00, 0xa0, 0x52, 0xe0, 0x07, 0x00, 0x00, 0x00, 0x00, 0x00, 0x00, 0x00, 0x00,
  0x00, 0x00, 0x00, 0x00, 0x00, 0x00, 0x00, 0x00, 0x00, 0x00, 0x00, 0x00, 0xa0, 0x02, 0x00, 0xf8,
  0x20, 0x33, 0x02, 0x23, 0xe0, 0x07, 0x00, 0x00, 0x00, 0x00, 0x00, 0x00, 0x00, 0x00, 0x00, 0x00,
  0x00, 0x00, 0x00, 0x00, 0x00, 0x00, 0x00, 0x00, 0x00, 0x00, 0x00, 0x00, 0x00, 0x00, 0x00, 0x00,
  0x00, 0x00, 0x00, 0x00, 0x00, 0x00, 0x00, 0x00, 0x00, 0x00, 0x00, 0x00, 0x00, 0x00, 0x00, 0x00,
  0x00, 0x00, 0x00, 0x00, 0x00, 0x00, 0x00, 0x00, 0x00, 0x00, 0x00, 0x00, 0x00, 0x00, 0x00, 0x00,
  0x00, 0x00, 0x00, 0x00, 0x00, 0x00, 0x00, 0x00, 0x00, 0x00, 0x00, 0x00, 0x00, 0x00, 0x00, 0x00,
  0x00, 0x00, 0x00, 0x00, 0x00, 0x00, 0x00, 0x00, 0x00, 0x00, 0x00, 0x00, 0x00, 0x00, 0x00, 0x00,
  0x00, 0x00, 0x00, 0x00, 0x00, 0x00, 0x00, 0x00, 0x00, 0x00, 0x00, 0x00, 0x00, 0x00, 0x00, 0x00,
  0x00, 0x00, 0x00, 0x00, 0x00, 0x00, 0x00, 0x00, 0x00, 0x00, 0x00, 0x00, 0x00, 0x00, 0x00, 0x00,
  0x00, 0x00, 0x00, 0x00, 0x00, 0x00, 0x00, 0x00, 0xe0, 0x7b, 0xe0, 0x03, 0x00, 0x00, 0x00, 0x00,
  0x00, 0x00, 0xe0, 0x07, 0x00, 0x00, 0x00, 0x00, 0xe0, 0x07, 0x00, 0x00, 0x00, 0x00, 0x00, 0x00,
  0xa3, 0x3a, 0x00, 0x00, 0xe0, 0x7b, 0x22, 0x2a, 0x21, 0x2a, 0x61, 0x2a, 0x21, 0x2a, 0x21, 0x2a,
  0x21, 0x2a, 0x41, 0x2a, 0x01, 0x22, 0x01, 0x22, 0xa1, 0x11, 0xc0, 0x00, 0x01, 0x1a, 0xe1, 0x19,
  0x80, 0x11, 0xa0, 0x11, 0x20, 0x12, 0xe1, 0x22, 0xe2, 0x22, 0x02, 0x23, 0x62, 0x23, 0xe3, 0x33,
  0xe3, 0x2b, 0x20, 0x0a, 0x80, 0x09, 0x80, 0x09, 0xe1, 0x11, 0xe0, 0x09, 0xa1, 0x1a, 0xa1, 0x1a,
  0xe0, 0x09, 0x20, 0x12, 0x61, 0x12, 0x81, 0x1a, 0xa1, 0x1a, 0xe1, 0x1a, 0x01, 0x1b, 0xa1, 0x12,
  0xa1, 0x12, 0xa1, 0x12, 0x42, 0x23, 0x21, 0x1b, 0xc1, 0x1a, 0xa1, 0x1a, 0x00, 0x0a, 0xe0, 0x09,
  0xc0, 0x09, 0xe0, 0x09, 0x41, 0x12, 0x61, 0x12, 0x41, 0x12, 0x21, 0x12, 0xc0, 0x09, 0x00, 0x01,
  0x60, 0x01, 0xe0, 0x01, 0x41, 0x0a, 0x80, 0x12, 0x80, 0x0a, 0x20, 0x0a, 0x20, 0x0a, 0xe0, 0x01,
  0x20, 0x0a, 0x00, 0x13, 0x40, 0x1b, 0xa1, 0x1b, 0x82, 0x2c, 0x63, 0x3d, 0x24, 0x4e, 0x85, 0x56,
  0x46, 0x56, 0x64, 0x45, 0xc3, 0x34, 0xc2, 0x23, 0xe1, 0x12, 0xc0, 0x12, 0xc1, 0x12, 0xe1, 0x1a,
  0x01, 0x1b, 0x41, 0x1b, 0xe2, 0x23, 0xa2, 0x1b, 0xa1, 0x23, 0x61, 0x1b, 0x21, 0x1b, 0x41, 0x1b,
  0xe1, 0x12, 0xa0, 0x12, 0xa0, 0x0a, 0x61, 0x0a, 0xa1, 0x12, 0xe1, 0x12, 0xe1, 0x12, 0xa1, 0x0a,
  0xc1, 0x12, 0xc1, 0x12, 0xc1, 0x0a, 0xc0, 0x0a, 0xe1, 0x0a, 0xe0, 0x0a, 0x21, 0x13, 0x21, 0x13,
  0x41, 0x1b, 0xe2, 0x23, 0x02, 0x2c, 0xa2, 0x1b, 0xa2, 0x1b, 0x21, 0x13, 0x61, 0x13, 0x22, 0x1c,
  0x65, 0x3d, 0x0b, 0x66, 0x43, 0x1b, 0xa3, 0x23, 0xe2, 0x1b, 0x21, 0x13, 0x60, 0x0a, 0xa1, 0x12,
  0xc1, 0x12, 0x80, 0x0a, 0xc1, 0x12, 0x61, 0x12, 0x20, 0x0a, 0x61, 0x12, 0xa1, 0x1a, 0x81, 0x12,
  0x01, 0x23, 0x21, 0x23, 0x82, 0x23, 0x01, 0x1b, 0xc1, 0x1a, 0xc1, 0x1a, 0x21, 0x1b, 0xe3, 0x2b,
  0x01, 0x1b, 0xc3, 0x2b, 0xa1, 0x1a, 0x40, 0x1a, 0xa1, 0x1a, 0x01, 0x23, 0x82, 0x2b, 0xe3, 0x33,
  0x42, 0x2b, 0xa2, 0x33, 0xc3, 0x3b, 0x63, 0x3b, 0xc3, 0x34, 0xe3, 0x3b, 0xe7, 0x3b, 0xe0, 0x3b,
  0xe0, 0x3b, 0x83, 0x3b, 0xe5, 0x53, 0x00, 0x00, 0x82, 0x33, 0x82, 0x33, 0x64, 0x23, 0x00, 0x00,
  0xe0, 0x03, 0xe0, 0x03, 0x20, 0x33, 0xe3, 0x4b, 0xa2, 0x3b, 0x83, 0x33, 0xe0, 0x03, 0x00, 0x00,
  0xe0, 0x7b, 0x00, 0x00, 0x00, 0x00, 0x00, 0x00, 0x00, 0x00, 0x00, 0x00, 0x00, 0x00, 0x00, 0x00,
  0x00, 0x00, 0x00, 0x00, 0x00, 0x00, 0x00, 0x00, 0x00, 0x00, 0x00, 0x00, 0x00, 0x00, 0x00, 0x00,
  0xe0, 0x07, 0x00, 0x00, 0x00, 0x00, 0x00, 0x00, 0x00, 0x00, 0x00, 0x00, 0x00, 0x00, 0x00, 0x00,
  0x00, 0x00, 0x00, 0x00, 0x00, 0x00, 0x00, 0x00, 0x00, 0x00, 0x00, 0x00, 0x00, 0x00, 0x00, 0x00,
  0x00, 0x00, 0x00, 0x00, 0x00, 0x00, 0x00, 0x00, 0x00, 0x00, 0x00, 0x00, 0x00, 0x00, 0x00, 0x00,
  0x00, 0x00, 0x00, 0x00, 0x00, 0x00, 0x00, 0x00, 0x00, 0x00, 0x00, 0x00, 0x00, 0x00, 0x00, 0x00,
  0x00, 0x00, 0x00, 0x00, 0x00, 0x00, 0x00, 0x00, 0x00, 0x00, 0x00, 0x00, 0x00, 0x00, 0x00, 0x00,
  0x00, 0x00, 0x00, 0x00, 0x00, 0x00, 0x00, 0x00, 0x00, 0x00, 0x00, 0x00, 0x00, 0x00, 0x00, 0x00,
  0x00, 0x00, 0x00, 0x00, 0x00, 0x00, 0x00, 0x00, 0x00, 0x00, 0x00, 0x00, 0x00, 0x00, 0x00, 0x00,
  0x00, 0x00, 0x00, 0x00, 0x00, 0x00, 0x00, 0x00, 0x00, 0x00, 0x00, 0x00, 0x00, 0x00, 0x00, 0x00,
  0x00, 0x00, 0x00, 0x00, 0x00, 0x00, 0x00, 0x00, 0x00, 0x00, 0x00, 0x00, 0x00, 0x00, 0x00, 0x00,
  0x00, 0x00, 0x00, 0x00, 0x00, 0x00, 0x00, 0x00, 0x00, 0x00, 0x00, 0x00, 0x00, 0x00, 0x00, 0x00,
  0x00, 0x00, 0xc2, 0x22, 0x21, 0x2a, 0xa5, 0x2a, 0x42, 0x32, 0x42, 0x2a, 0x42, 0x2a, 0x00, 0x00,
  0x20, 0x2a, 0x41, 0x2a, 0x41, 0x2a, 0x01, 0x2a, 0x41, 0x2a, 0x41, 0x22, 0xa0, 0x11, 0xe0, 0x08,
  0xc0, 0x19, 0x01, 0x1a, 0xa0, 0x11, 0xa0, 0x11, 0x40, 0x01, 0xc2, 0x33, 0x82, 0x2b, 0x22, 0x23,
  0x42, 0x23, 0x40, 0x1a, 0xa1, 0x1a, 0x81, 0x12, 0x01, 0x12, 0x61, 0x12, 0x41, 0x12, 0x41, 0x12,
  0x41, 0x12, 0xc0, 0x09, 0x00, 0x0a, 0x81, 0x12, 0x81, 0x12, 0xa1, 0x1a, 0xe1, 0x1a, 0xa1, 0x1a,
  0xc1, 0x1a, 0x61, 0x12, 0x61, 0x12, 0x41, 0x12, 0x41, 0x12, 0xe0, 0x09, 0xa0, 0x09, 0xe0, 0x09,
  0x00, 0x0a, 0xe0, 0x09, 0xe0, 0x09, 0xe0, 0x09, 0xc0, 0x09, 0xa0, 0x09, 0x60, 0x01, 0x00, 0x01,
  0x60, 0x01, 0x20, 0x0a, 0x80, 0x12, 0x60, 0x12, 0x40, 0x0a, 0x20, 0x0a, 0x00, 0x0a, 0x60, 0x0a,
  0xe0, 0x12, 0x81, 0x1b, 0x62, 0x2c, 0xc2, 0x34, 0x83, 0x45, 0x44, 0x56, 0x65, 0x56, 0xc4, 0x4d,
  0x62, 0x2c, 0x61, 0x23, 0xa1, 0x12, 0x40, 0x0a, 0xe0, 0x09, 0xa0, 0x01, 0x20, 0x0a, 0xa1, 0x12,
  0x60, 0x0a, 0x60, 0x0a, 0x60, 0x12, 0x20, 0x0a, 0x61, 0x0a, 0x41, 0x0a, 0x40, 0x0a, 0x00, 0x0a,
  0xe0, 0x09, 0x20, 0x0a, 0x41, 0x0a, 0xa1, 0x12, 0xa1, 0x12, 0xa1, 0x12, 0x20, 0x0a, 0x00, 0x0a,
  0x00, 0x0a, 0x81, 0x12, 0xa1, 0x12, 0xa1, 0x0a, 0xc1, 0x0a, 0x61, 0x13, 0x81, 0x13, 0x63, 0x24,
  0x62, 0x2c, 0xc2, 0x23, 0xa1, 0x12, 0xa1, 0x12, 0x81, 0x1b, 0x41, 0x1b, 0xc1, 0x12, 0xe1, 0x12,
  0x22, 0x24, 0xa6, 0x4e, 0xe3, 0x34, 0xc0, 0x01, 0xa2, 0x1b, 0xa3, 0x34, 0x82, 0x1b, 0xe1, 0x1a,
  0xa1, 0x12, 0xc1, 0x12, 0xa1, 0x12, 0x80, 0x12, 0x60, 0x12, 0x60, 0x12, 0x81, 0x12, 0x81, 0x1a,
  0x81, 0x1a, 0x22, 0x23, 0x61, 0x23, 0x41, 0x1b, 0xe1, 0x1a, 0x01, 0x1b, 0x61, 0x23, 0x80, 0x12,
  0x40, 0x12, 0x60, 0x12, 0xc1, 0x1a, 0xe1, 0x22, 0x61, 0x1a, 0xc1, 0x22, 0x62, 0x2b, 0x83, 0x33,
  0x01, 0x23, 0x22, 0x2b, 0xc3, 0x3b, 0xe3, 0x3c, 0x42, 0x3b, 0x61, 0x3b, 0xc0, 0x34, 0xe0, 0x03,
  0xe0, 0x3b, 0x26, 0x33, 0xe0, 0x03, 0xe0, 0x1b, 0x84, 0x4c, 0xe0, 0x7b, 0x42, 0x2b, 0x42, 0x33,
  0xc3, 0x43, 0xc1, 0x2b, 0x20, 0x33, 0x00, 0x00, 0x00, 0x00, 0xef, 0x7b, 0x00, 0x00, 0x00, 0x00,
  0x00, 0x78, 0x00, 0x00, 0x00, 0x00, 0x00, 0x00, 0x00, 0x00, 0x00, 0x00, 0x00, 0x00, 0x00, 0x00,
  0x00, 0x00, 0x00, 0x00, 0x00, 0x00, 0x00, 0x00, 0x00, 0x00, 0x00, 0x00, 0x00, 0x00, 0x00, 0x00,
  0x00, 0x00, 0x00, 0x00, 0x00, 0x00, 0xa0, 0x52, 0xe0, 0x07, 0x00, 0x00, 0x00, 0x00, 0x00, 0x00,
  0x00, 0x00, 0x00, 0x00, 0x00, 0x00, 0x00, 0x00, 0x00, 0x00, 0x00, 0x00, 0x00, 0x00, 0x00, 0x00,
  0x00, 0x00, 0x00, 0x00, 0x00, 0x00, 0x00, 0x00, 0x00, 0x00, 0x00, 0x00, 0x00, 0x00, 0x00, 0x00,
  0x00, 0x00, 0x00, 0x00, 0x00, 0x00, 0x00, 0x00, 0x00, 0x00, 0x00, 0x00, 0x00, 0x00, 0x00, 0x00,
  0x00, 0x00, 0x00, 0x00, 0x00, 0x00, 0x00, 0x00, 0x00, 0x00, 0x00, 0x00, 0x00, 0x00, 0x00, 0x00,
  0x00, 0x00, 0x00, 0x00, 0x00, 0x00, 0x00, 0x00, 0x00, 0x00, 0x00, 0x00, 0x00, 0x00, 0x00, 0x00,
  0x00, 0x00, 0x00, 0x00, 0x00, 0x00, 0x00, 0x00, 0x00, 0x00, 0x00, 0x00, 0x00, 0x00, 0x00, 0x00,
  0x00, 0x00, 0x00, 0x00, 0x00, 0x00, 0x00, 0x00, 0x00, 0x00, 0x00, 0x00, 0x00, 0x00, 0x00, 0x00,
  0x00, 0x00, 0x00, 0x00, 0x00, 0x00, 0x00, 0x00, 0x00, 0x00, 0x00, 0x00, 0x00, 0x00, 0x00, 0x00,
  0x00, 0x00, 0x00, 0x00, 0x00, 0x00, 0x00, 0x00, 0x00, 0x00, 0x00, 0x00, 0x00, 0x00, 0x00, 0x00,
  0x00, 0x00, 0x00, 0x00, 0x00, 0x00, 0xe0, 0x39, 0x42, 0x2a, 0xe0, 0x39, 0xe0, 0x3b, 0xaa, 0x52,
  0xe3, 0x19, 0xe0, 0x39, 0x22, 0x2a, 0x21, 0x2a, 0x61, 0x22, 0x02, 0x22, 0x42, 0x2a, 0x21, 0x1a,
  0xa0, 0x19, 0x80, 0x11, 0xe1, 0x19, 0xa1, 0x11, 0xc0, 0x11, 0xe0, 0x11, 0x40, 0x09, 0xa0, 0x09,
  0x41, 0x12, 0xa1, 0x1a, 0x62, 0x23, 0x02, 0x2c, 0xe3, 0x3c, 0x42, 0x23, 0x60, 0x09, 0xc1, 0x09,
  0xa0, 0x09, 0xc0, 0x09, 0xe0, 0x09, 0xe0, 0x09, 0x00, 0x12, 0x41, 0x12, 0x61, 0x12, 0x00, 0x12,
  0xe0, 0x09, 0xc0, 0x09, 0xc0, 0x09, 0xc0, 0x09, 0xa0, 0x09, 0xc0, 0x09, 0xc0, 0x09, 0xe0, 0x09,
  0x00, 0x0a, 0x00, 0x0a, 0xe0, 0x09, 0xa0, 0x09, 0xc0, 0x09, 0xc0, 0x09, 0xe0, 0x09, 0xa0, 0x09,
  0x80, 0x01, 0x41, 0x12, 0x81, 0x12, 0xe1, 0x1a, 0x60, 0x12, 0x20, 0x0a, 0x60, 0x0a, 0xc0, 0x12,
  0x81, 0x1b, 0x62, 0x34, 0x82, 0x2c, 0x61, 0x2c, 0xc2, 0x3c, 0xe4, 0x55, 0xa4, 0x4d, 0x83, 0x3c,
  0xe0, 0x1a, 0x80, 0x12, 0x80, 0x12, 0x40, 0x0a, 0xe0, 0x09, 0x41, 0x12, 0x41, 0x12, 0x61, 0x12,
  0x61, 0x12, 0x00, 0x0a, 0x00, 0x0a, 0x20, 0x0a, 0x20, 0x0a, 0x20, 0x0a, 0x00, 0x0a, 0xe0, 0x09,
  0x20, 0x12, 0x60, 0x12, 0x61, 0x12, 0x61, 0x12, 0x61, 0x12, 0x61, 0x12, 0x21, 0x0a, 0xc0, 0x09,
  0xe0, 0x09, 0x00, 0x0a, 0x20, 0x0a, 0x00, 0x0a, 0x21, 0x0a, 0x60, 0x0a, 0x01, 0x13, 0xe2, 0x23,
  0xa3, 0x2c, 0x83, 0x2c, 0xc2, 0x23, 0x22, 0x2c, 0x82, 0x23, 0x40, 0x0a, 0x21, 0x1b, 0x81, 0x12,
  0x00, 0x0a, 0x80, 0x12, 0x62, 0x2c, 0x65, 0x3d, 0x03, 0x2c, 0xe1, 0x09, 0x61, 0x12, 0xa1, 0x12,
  0xe1, 0x1a, 0x02, 0x1b, 0x01, 0x1b, 0x60, 0x12, 0x02, 0x1b, 0xc1, 0x1a, 0x81, 0x12, 0xc1, 0x22,
  0xe1, 0x22, 0xc1, 0x1a, 0xa1, 0x1a, 0xc1, 0x1a, 0xc1, 0x1a, 0x81, 0x12, 0xa1, 0x1a, 0x01, 0x1b,
  0x41, 0x23, 0x62, 0x2b, 0x42, 0x23, 0x01, 0x23, 0xa2, 0x2b, 0x03, 0x34, 0xc3, 0x3b, 0x62, 0x2b,
  0x82, 0x33, 0xa2, 0x2b, 0xe3, 0x3b, 0xe3, 0x33, 0xaa, 0x52, 0x60, 0x4b, 0xe0, 0x53, 0xc0, 0x34,
  0x60, 0x4b, 0xe0, 0x03, 0xe0, 0x03, 0xa0, 0x52, 0xe5, 0x2b, 0x80, 0x24, 0xe0, 0x07, 0x00, 0xf8,
  0xa5, 0x52, 0xe5, 0x2b, 0x62, 0x33, 0xe3, 0x3a, 0x00, 0x00, 0x00, 0x00, 0x00, 0x00, 0x00, 0x78,
  0x00, 0x00, 0xef, 0x7b, 0x00, 0x00, 0x00, 0x00, 0xe0, 0x7b, 0x00, 0x00, 0x00, 0x00, 0x00, 0x00,
  0x00, 0x00, 0x00, 0x00, 0x00, 0x00, 0x00, 0x00, 0x00, 0x00, 0x00, 0x00, 0x00, 0x00, 0x00, 0x00,
  0x00, 0x00, 0x00, 0x00, 0x00, 0x00, 0x00, 0x00, 0x00, 0x00, 0xe3, 0x3a, 0xa0, 0x02, 0x00, 0x00,
  0x00, 0x00, 0x00, 0x00, 0x00, 0x00, 0x00, 0x00, 0x00, 0x00, 0x00, 0x00, 0x00, 0x00, 0x00, 0x00,
  0x00, 0x00, 0x00, 0x00, 0x00, 0x00, 0x00, 0x00, 0x00, 0x00, 0x00, 0x00, 0x00, 0x00, 0x00, 0x00,
  0x00, 0x00, 0x00, 0x00, 0x00, 0x00, 0x00, 0x00, 0x00, 0x00, 0x00, 0x00, 0x00, 0x00, 0x00, 0x00,
  0x00, 0x00, 0x00, 0x00, 0x00, 0x00, 0x00, 0x00, 0x00, 0x00, 0x00, 0x00, 0x00, 0x00, 0x00, 0x00,
  0x00, 0x00, 0x00, 0x00, 0x00, 0x00, 0x00, 0x00, 0x00, 0x00, 0x00, 0x00, 0x00, 0x00, 0x00, 0x00,
  0x00, 0x00, 0x00, 0x00, 0x00, 0x00, 0x00, 0x00, 0x00, 0x00, 0x00, 0x00, 0x00, 0x00, 0x00, 0x00,
  0x00, 0x00, 0x00, 0x00, 0x00, 0x00, 0x00, 0x00, 0x00, 0x00, 0x00, 0x00, 0x00, 0x00, 0x00, 0x00,
  0x00, 0x00, 0x00, 0x00, 0x00, 0x00, 0x00, 0x00, 0x00, 0x00, 0x00, 0x00, 0x00, 0x00, 0x00, 0x00,
  0x00, 0x00, 0x00, 0x00, 0x00, 0x00, 0x00, 0x00, 0x00, 0x00, 0x00, 0x00, 0x00, 0x00, 0x00, 0x00,
  0x00, 0x00, 0x00, 0x00, 0x00, 0x00, 0x00, 0x00, 0x00, 0x00, 0x00, 0x00, 0xe0, 0x03, 0xe0, 0x39,
  0x00, 0x00, 0xa0, 0x52, 0x00, 0x00, 0xe3, 0x19, 0x42, 0x2a, 0x81, 0x2a, 0x22, 0x22, 0x01, 0x22,
  0xe1, 0x21, 0x01, 0x1a, 0xc0, 0x19, 0xc0, 0x19, 0x80, 0x11, 0xa0, 0x11, 0x21, 0x1a, 0xa0, 0x11,
  0xe0, 0x11, 0x40, 0x12, 0xa0, 0x09, 0x00, 0x12, 0x81, 0x1a, 0xc1, 0x1a, 0x01, 0x1b, 0x60, 0x12,
  0x81, 0x1a, 0xc0, 0x09, 0x80, 0x09, 0xe0, 0x09, 0x41, 0x12, 0x61, 0x12, 0x00, 0x12, 0x00, 0x12,
  0x41, 0x12, 0x21, 0x12, 0xe0, 0x09, 0xc0, 0x09, 0x80, 0x09, 0xc0, 0x09, 0xc0, 0x09, 0xa0, 0x09,
  0xa0, 0x09, 0xa0, 0x09, 0x60, 0x01, 0x40, 0x01, 0xa0, 0x01, 0xa0, 0x09, 0xc0, 0x09, 0xe0, 0x09,
  0x00, 0x0a, 0x41, 0x12, 0x60, 0x12, 0xc1, 0x12, 0xc1, 0x12, 0xc1, 0x12, 0xe1, 0x1a, 0x20, 0x1b,
  0x81, 0x1b, 0x61, 0x34, 0x02, 0x3d, 0x02, 0x3d, 0xc2, 0x34, 0x62, 0x34, 0x22, 0x34, 0x61, 0x23,
  0x00, 0x0a, 0xa0, 0x01, 0x20, 0x12, 0xa1, 0x12, 0xc1, 0x1a, 0x01, 0x1b, 0x41, 0x1b, 0x01, 0x1b,
  0xe1, 0x1a, 0xc1, 0x1a, 0x61, 0x12, 0x81, 0x12, 0xa1, 0x1a, 0xa1, 0x1a, 0xe1, 0x1a, 0xe1, 0x1a,
  0x41, 0x12, 0xc1, 0x1a, 0xc1, 0x22, 0xa1, 0x1a, 0xc1, 0x1a, 0xe1, 0x1a, 0xa1, 0x12, 0x41, 0x12,
  0xe0, 0x09, 0xa0, 0x09, 0x01, 0x0a, 0xe0, 0x09, 0xe0, 0x09, 0x00, 0x0a, 0x21, 0x0a, 0xa1, 0x12,
  0x01, 0x13, 0x02, 0x24, 0x24, 0x3d, 0xa4, 0x34, 0xe1, 0x12, 0xe1, 0x1a, 0x62, 0x23, 0xc1, 0x1a,
  0x61, 0x12, 0x21, 0x12, 0xa1, 0x1a, 0x40, 0x12, 0xa3, 0x2b, 0x02, 0x2c, 0xe3, 0x2b, 0x82, 0x23,
  0x01, 0x1b, 0xc1, 0x1a, 0x21, 0x1b, 0x40, 0x12, 0x61, 0x12, 0xe1, 0x1a, 0xe1, 0x1a, 0xc1, 0x1a,
  0xc1, 0x1a, 0x01, 0x23, 0xe1, 0x1a, 0xc1, 0x22, 0x21, 0x23, 0x02, 0x23, 0xc1, 0x1a, 0x01, 0x23,
  0x82, 0x2b, 0xc2, 0x2b, 0xc2, 0x2b, 0xc3, 0x2b, 0x82, 0x2b, 0x62, 0x2b, 0x82, 0x33, 0x81, 0x2b,
  0x62, 0x33, 0x82, 0x3b, 0xe3, 0x33, 0xc3, 0x43, 0xe1, 0x2b, 0x62, 0x33, 0x83, 0x53, 0x26, 0x33,
  0x64, 0x23, 0x40, 0x55, 0x20, 0x33, 0x00, 0x00, 0x00, 0x00, 0x00, 0x00, 0xe0, 0x03, 0xe0, 0x7b,
  0xaa, 0x52, 0x26, 0x33, 0x00, 0xf8, 0xaa, 0x52, 0xaa, 0x02, 0xe0, 0x03, 0x00, 0x00, 0x00, 0x00,
  0xe0, 0x03, 0x42, 0x2b, 0x00, 0x00, 0x00, 0x00, 0x00, 0x00, 0xe0, 0x07, 0xe7, 0x3b, 0x00, 0x00,
  0x00, 0x00, 0x00, 0x00, 0x00, 0x00, 0x00, 0x00, 0x00, 0x00, 0x00, 0x00, 0x00, 0x00, 0x00, 0x00,
  0x00, 0x00, 0x00, 0x00, 0x00, 0x00, 0x00, 0x00, 0x00, 0x00, 0x00, 0x00, 0x00, 0x00, 0xe0, 0x7b,
  0x00, 0x00, 0x00, 0x00, 0x00, 0x00, 0x00, 0x00, 0x00, 0x00, 0x00, 0x00, 0x00, 0x00, 0x00, 0x00,
  0x00, 0x00, 0x00, 0x00, 0xa0, 0x02, 0x00, 0x00, 0x00, 0x00, 0x00, 0x00, 0x00, 0x00, 0x00, 0x00,
  0x00, 0x00, 0x00, 0x00, 0x00, 0x00, 0x00, 0x00, 0x00, 0x00, 0x00, 0x00, 0x00, 0x00, 0x00, 0x00,
  0x00, 0x00, 0x00, 0x00, 0x00, 0x00, 0x00, 0x00, 0x00, 0x00, 0x00, 0x00, 0x00, 0x00, 0x00, 0x00,
  0x00, 0x00, 0x00, 0x00, 0x00, 0x00, 0x00, 0x00, 0x00, 0x00, 0x00, 0x00, 0x00, 0x00, 0x00, 0x00,
  0x00, 0x00, 0x00, 0x00, 0x00, 0x00, 0x00, 0x00, 0x00, 0x00, 0x00, 0x00, 0x00, 0x00, 0x00, 0x00,
  0x00, 0x00, 0x00, 0x00, 0x00, 0x00, 0x00, 0x00, 0x00, 0x00, 0x00, 0x00, 0x00, 0x00, 0x00, 0x00,
  0x00, 0x00, 0x00, 0x00, 0x00, 0x00, 0x00, 0x00, 0x00, 0x00, 0x00, 0x00, 0x00, 0x00, 0x00, 0x00,
  0x00, 0x00, 0x00, 0x00, 0x00, 0x00, 0x00, 0x00, 0x00, 0x00, 0x00, 0x00, 0x00, 0x00, 0x00, 0x00,
  0x00, 0x00, 0x00, 0x00, 0x00, 0x00, 0x00, 0x00, 0x00, 0x00, 0x00, 0x00, 0x00, 0x00, 0x00, 0x00,
  0xe0, 0x07, 0x00, 0x00, 0xe0, 0x03, 0xe0, 0x07, 0xe0, 0x7b, 0xe3, 0x39, 0x63, 0x32, 0x40, 0x22,
  0x62, 0x22, 0x81, 0x2a, 0x22, 0x22, 0x01, 0x1a, 0xa0, 0x19, 0xa0, 0x11, 0xa0, 0x19, 0x80, 0x11,
  0xa0, 0x11, 0x80, 0x09, 0xe0, 0x11, 0x20, 0x12, 0xe0, 0x11, 0xa1, 0x1a, 0xe1, 0x1a, 0xc1, 0x22,
  0x81, 0x1a, 0x01, 0x23, 0xe1, 0x22, 0x00, 0x0a, 0xa1, 0x1a, 0x02, 0x23, 0x61, 0x12, 0xe0, 0x11,
  0x61, 0x12, 0x81, 0x12, 0x40, 0x12, 0xe1, 0x09, 0x60, 0x01, 0x40, 0x01, 0x00, 0x01, 0x40, 0x01,
  0xe0, 0x00, 0x00, 0x01, 0x20, 0x01, 0x00, 0x01, 0x00, 0x01, 0x20, 0x01, 0xa0, 0x09, 0xe0, 0x09,
  0xc0, 0x09, 0xe0, 0x09, 0x61, 0x12, 0x60, 0x12, 0xe0, 0x12, 0x41, 0x1b, 0xc1, 0x23, 0x42, 0x2c,
  0xc2, 0x3c, 0xc4, 0x4d, 0x44, 0x5e, 0xe3, 0x55, 0x22, 0x45, 0xa1, 0x23, 0xa0, 0x12, 0x60, 0x12,
  0x40, 0x12, 0x20, 0x0a, 0x40, 0x12, 0x40, 0x12, 0x40, 0x12, 0x60, 0x1a, 0x60, 0x1a, 0x20, 0x12,
  0x20, 0x12, 0x41, 0x12, 0x41, 0x1a, 0x81, 0x1a, 0x81, 0x1a, 0xc1, 0x1a, 0xe1, 0x1a, 0x22, 0x23,
  0x41, 0x23, 0x22, 0x23, 0x02, 0x23, 0xe2, 0x22, 0xa1, 0x1a, 0xa1, 0x1a, 0xe1, 0x22, 0x61, 0x1a,
  0x41, 0x12, 0x20, 0x12, 0xe0, 0x09, 0xc0, 0x09, 0x21, 0x0a, 0x20, 0x0a, 0x20, 0x0a, 0x20, 0x12,
  0xe0, 0x09, 0x41, 0x0a, 0x81, 0x12, 0xa1, 0x1a, 0x81, 0x1a, 0x43, 0x34, 0xe1, 0x1a, 0x01, 0x12,
  0x21, 0x12, 0x41, 0x12, 0xa1, 0x1a, 0xa1, 0x1a, 0xe1, 0x1a, 0xe1, 0x1a, 0x01, 0x23, 0x02, 0x23,
  0xe1, 0x1a, 0xc1, 0x1a, 0xa1, 0x1a, 0x81, 0x1a, 0xc1, 0x1a, 0xe1, 0x1a, 0xa1, 0x1a, 0x22, 0x23,
  0xe1, 0x1a, 0xc1, 0x1a, 0x02, 0x23, 0x62, 0x2b, 0x42, 0x2b, 0x02, 0x23, 0x22, 0x2b, 0xe1, 0x22,
  0x01, 0x23, 0xc2, 0x2b, 0xa2, 0x2b, 0x63, 0x2b, 0x82, 0x23, 0xe2, 0x3b, 0x64, 0x23, 0xe3, 0x33,
  0xa3, 0x2b, 0xe3, 0x33, 0x82, 0x33, 0xc3, 0x33, 0x82, 0x2b, 0xe2, 0x33, 0xe2, 0x33, 0x22, 0x2b,
  0xa2, 0x3a, 0xe0, 0x03, 0xe0, 0x3b, 0x82, 0x33, 0x42, 0x2c, 0x00, 0x00, 0xe0, 0x03, 0xaa, 0x52,
  0x40, 0x55, 0x00, 0x00, 0x00, 0x00, 0x00, 0x00, 0xe0, 0x03, 0xa0, 0x52, 0xe0, 0xff, 0x00, 0x00,
  0x00, 0x00, 0x00, 0x00, 0xa0, 0x02, 0xe0, 0x39, 0x80, 0x31, 0x00, 0x00, 0x00, 0x00, 0xe7, 0x3b,
  0xe0, 0x39, 0x00, 0x00, 0x00, 0x00, 0x00, 0x00, 0x00, 0x00, 0x00, 0x00, 0x00, 0x00, 0x00, 0x00,
  0x00, 0x00, 0x00, 0x00, 0x00, 0x00, 0x00, 0x00, 0x00, 0x00, 0x00, 0x00, 0x00, 0x00, 0x00, 0x00,
  0x00, 0x00, 0x00, 0x00, 0x00, 0x00, 0x00, 0x00, 0x00, 0x00, 0x00, 0x00, 0x00, 0x00, 0x00, 0x00,
  0x00, 0x00, 0x00, 0x00, 0x00, 0x00, 0x00, 0x00, 0xa0, 0x02, 0x00, 0x00, 0x00, 0x00, 0x00, 0x00,
  0x00, 0x00, 0x00, 0x00, 0x00, 0x00, 0x00, 0x00, 0x00, 0x00, 0x00, 0x00, 0x00, 0x00, 0x00, 0x00,
  0x00, 0x00, 0x00, 0x00, 0x00, 0x00, 0x00, 0x00, 0x00, 0x00, 0x00, 0x00, 0x00, 0x00, 0x00, 0x00,
  0x00, 0x00, 0x00, 0x00, 0x00, 0x00, 0x00, 0x00, 0x00, 0x00, 0x00, 0x00, 0x00, 0x00, 0x00, 0x00,
  0x00, 0x00, 0x00, 0x00, 0x00, 0x00, 0x00, 0x00, 0x00, 0x00, 0x00, 0x00, 0x00, 0x00, 0x00, 0x00,
  0x00, 0x00, 0x00, 0x00, 0x00, 0x00, 0x00, 0x00, 0x00, 0x00, 0x00, 0x00, 0x00, 0x00, 0x00, 0x00,
  0x00, 0x00, 0x00, 0x00, 0x00, 0x00, 0x00, 0x00, 0x00, 0x00, 0x00, 0x00, 0x00, 0x00, 0x00, 0x00,
  0x00, 0x00, 0x00, 0x00, 0x00, 0x00, 0x00, 0x00, 0x00, 0x00, 0x00, 0x00, 0x00, 0x00, 0x00, 0x00,
  0x00, 0x00, 0xa0, 0x02, 0x00, 0x00, 0x00, 0x00, 0x00, 0x00, 0x00, 0x00, 0x00, 0x00, 0x00, 0x00,
  0x00, 0x00, 0x00, 0x00, 0xa0, 0x52, 0xa0, 0x52, 0x44, 0x4a, 0x80, 0x01, 0x00, 0x00, 0x00, 0x00,
  0xa5, 0x2a, 0xa0, 0x02, 0xe0, 0x01, 0x41, 0x32, 0x63, 0x32, 0x60, 0x1a, 0x22, 0x2a, 0x21, 0x22,
  0x01, 0x22, 0xe0, 0x19, 0x21, 0x1a, 0x21, 0x1a, 0xc0, 0x11, 0xe0, 0x11, 0x00, 0x12, 0x40, 0x1a,
  0x01, 0x23, 0xe1, 0x22, 0x60, 0x12, 0x00, 0x12, 0x01, 0x12, 0x21, 0x12, 0x81, 0x12, 0xe0, 0x11,
  0x60, 0x01, 0x80, 0x09, 0x80, 0x09, 0x20, 0x01, 0x60, 0x00, 0x80, 0x00, 0xc0, 0x00, 0xe0, 0x00,
  0x00, 0x01, 0xe0, 0x00, 0x00, 0x01, 0x20, 0x01, 0xe0, 0x00, 0xc0, 0x00, 0x40, 0x01, 0x60, 0x01,
  0x80, 0x01, 0xc0, 0x09, 0x60, 0x12, 0xc1, 0x1a, 0x61, 0x23, 0x61, 0x1b, 0x01, 0x24, 0xc2, 0x34,
  0x63, 0x45, 0x63, 0x45, 0x44, 0x66, 0x05, 0x6e, 0xc2, 0x44, 0x60, 0x23, 0x40, 0x12, 0xc0, 0x09,
  0xc0, 0x09, 0xe0, 0x09, 0x00, 0x12, 0x20, 0x12, 0x40, 0x12, 0x20, 0x1a, 0x00, 0x12, 0x81, 0x22,
  0x40, 0x1a, 0x40, 0x1a, 0x60, 0x1a, 0x81, 0x1a, 0x81, 0x1a, 0x61, 0x22, 0x81, 0x1a, 0xc1, 0x22,
  0xc1, 0x22, 0xc1, 0x22, 0xc1, 0x2a, 0xe1, 0x2a, 0xc2, 0x22, 0x81, 0x22, 0xa1, 0x22, 0xc1, 0x22,
  0xa1, 0x22, 0x61, 0x1a, 0x41, 0x1a, 0x61, 0x1a, 0x20, 0x1a, 0xe0, 0x11, 0xa0, 0x09, 0xe0, 0x11,
  0x00, 0x12, 0x21, 0x12, 0x00, 0x12, 0xa1, 0x1a, 0x81, 0x1a, 0xa1, 0x1a, 0xe1, 0x22, 0x02, 0x23,
  0x20, 0x12, 0x60, 0x1a, 0xa1, 0x1a, 0x40, 0x12, 0x61, 0x1a, 0xa1, 0x1a, 0xc1, 0x1a, 0x01, 0x23,
  0xe1, 0x22, 0xc1, 0x22, 0x81, 0x1a, 0x20, 0x12, 0x81, 0x1a, 0x40, 0x12, 0x61, 0x1a, 0xc1, 0x1a,
  0xa1, 0x1a, 0xa1, 0x1a, 0xc1, 0x22, 0xe1, 0x22, 0xe1, 0x22, 0xa1, 0x1a, 0x60, 0x1a, 0x60, 0x1a,
  0xc1, 0x22, 0x22, 0x2b, 0x22, 0x2b, 0x42, 0x2b, 0x82, 0x2b, 0x22, 0x2b, 0x42, 0x2b, 0xc3, 0x3b,
  0xc2, 0x33, 0x83, 0x33, 0xe3, 0x33, 0xe3, 0x33, 0xe3, 0x3b, 0x00, 0x00, 0x00, 0x00, 0xe0, 0x3b,
  0x42, 0x2b, 0x83, 0x4c, 0x43, 0x44, 0x40, 0x22, 0x62, 0x33, 0x62, 0x33, 0xa2, 0x33, 0xa2, 0x33,
  0xe3, 0x33, 0x00, 0x00, 0x60, 0x23, 0x20, 0x33, 0x00, 0x00, 0x00, 0x00, 0x00, 0x00, 0x00, 0x00,
  0x00, 0x00, 0x00, 0x00, 0x00, 0x00, 0x00, 0x00, 0xa0, 0x02, 0x00, 0x00, 0x43, 0x3c, 0x44, 0x3c,
  0x00, 0x00, 0xe0, 0x3b, 0x00, 0x00, 0x00, 0x00, 0x00, 0x00, 0x00, 0x00, 0x00, 0x00, 0x00, 0x00,
  0x00, 0x00, 0x00, 0x00, 0x00, 0x00, 0x00, 0x00, 0x00, 0x00, 0x00, 0x00, 0x00, 0x00, 0x00, 0x00,
  0x00, 0x00, 0x00, 0x00, 0x00, 0x00, 0x00, 0x00, 0x00, 0x00, 0x00, 0x00, 0x00, 0x00, 0x00, 0x00,
  0x00, 0x00, 0x00, 0x00, 0x00, 0x00, 0x00, 0x00, 0x00, 0x00, 0x00, 0x00, 0x00, 0x00, 0x00, 0x00,
  0x00, 0x00, 0x00, 0x00, 0x00, 0x00, 0x00, 0x00, 0x00, 0x00, 0x00, 0x00, 0x00, 0x00, 0x00, 0x00,
  0x00, 0x00, 0x00, 0x00, 0x00, 0x00, 0x00, 0x00, 0x00, 0x00, 0x00, 0x00, 0x00, 0x00, 0x00, 0x00,
  0x00, 0x00, 0x00, 0x00, 0x00, 0x00, 0x00, 0x00, 0x00, 0x00, 0x00, 0x00, 0x00, 0x00, 0x00, 0x00,
  0x00, 0x00, 0x00, 0x00, 0x00, 0x00, 0x00, 0x00, 0x00, 0x00, 0x00, 0x00, 0x00, 0x00, 0x00, 0x00,
  0x00, 0x00, 0x00, 0x00, 0x00, 0x00, 0x00, 0x00, 0x00, 0x00, 0x00, 0x00, 0x00, 0x00, 0x00, 0x00,
  0x00, 0x00, 0x00, 0x00, 0x00, 0x00, 0x00, 0x00, 0x00, 0x00, 0x00, 0x00, 0x00, 0x00, 0x00, 0x00,
  0x00, 0x00, 0x00, 0x00, 0x00, 0x00, 0xe0, 0x7b, 0x00, 0x00, 0xc2, 0x21, 0xe1, 0x21, 0x01, 0x2a,
  0x00, 0x00, 0xe0, 0x03, 0x00, 0x00, 0xa0, 0x02, 0x00, 0x00, 0x00, 0x00, 0x00, 0x00, 0x00, 0x00,
  0x00, 0x00, 0x00, 0x00, 0x00, 0x00, 0x00, 0x00, 0xa0, 0x52, 0x20, 0x33, 0x00, 0x00, 0xa0, 0x52,
  0x40, 0x4a, 0xe0, 0x03, 0x26, 0x33, 0xe1, 0x29, 0x01, 0x2a, 0x61, 0x2a, 0xe1, 0x21, 0x01, 0x22,
  0x01, 0x22, 0xc0, 0x19, 0xc0, 0x19, 0x00, 0x1a, 0x01, 0x1a, 0xe1, 0x19, 0xe0, 0x19, 0xe0, 0x11,
  0xc0, 0x11, 0x20, 0x09, 0xa0, 0x09, 0xa0, 0x09, 0x80, 0x09, 0xa0, 0x09, 0xc0, 0x09, 0xc0, 0x09,
  0x40, 0x09, 0x60, 0x09, 0x80, 0x09, 0x80, 0x01, 0xc0, 0x09, 0x00, 0x0a, 0x61, 0x12, 0x40, 0x12,
  0x20, 0x01, 0x20, 0x01, 0x20, 0x01, 0x00, 0x00, 0x00, 0x00, 0xe0, 0x11, 0x81, 0x1a, 0x61, 0x12,
  0x80, 0x12, 0x01, 0x23, 0x61, 0x23, 0xe2, 0x33, 0x62, 0x3c, 0xc2, 0x3c, 0xa2, 0x3c, 0x23, 0x3d,
  0x63, 0x45, 0x03, 0x3d, 0x22, 0x2c, 0x21, 0x1b, 0x80, 0x22, 0x60, 0x01, 0x00, 0x01, 0x00, 0x01,
  0x00, 0x01, 0xe0, 0x09, 0x00, 0x12, 0xc0, 0x09, 0x00, 0x12, 0x20, 0x12, 0x40, 0x1a, 0x81, 0x22,
  0xc1, 0x22, 0xc1, 0x22, 0xa1, 0x22, 0x81, 0x1a, 0x61, 0x1a, 0x81, 0x1a, 0xa1, 0x22, 0xc2, 0x22,
  0xa2, 0x22, 0xe2, 0x2a, 0xe2, 0x22, 0xe1, 0x22, 0xc2, 0x22, 0xe1, 0x22, 0xe1, 0x22, 0x01, 0x23,
  0x01, 0x2b, 0xa1, 0x22, 0xc1, 0x22, 0x81, 0x22, 0x61, 0x1a, 0x41, 0x1a, 0x41, 0x1a, 0x61, 0x1a,
  0x41, 0x1a, 0x40, 0x12, 0xe0, 0x11, 0x21, 0x12, 0xe3, 0x33, 0x03, 0x34, 0xc1, 0x1a, 0x01, 0x23,
  0xa1, 0x1a, 0xc1, 0x22, 0x00, 0x12, 0x20, 0x12, 0x81, 0x1a, 0x81, 0x1a, 0x81, 0x1a, 0x61, 0x1a,
  0xc1, 0x22, 0xe1, 0x22, 0xe1, 0x22, 0x01, 0x23, 0xc1, 0x22, 0xa1, 0x1a, 0xc1, 0x22, 0xe1, 0x22,
  0x22, 0x2b, 0x01, 0x2b, 0xc1, 0x22, 0xa1, 0x22, 0x02, 0x23, 0x62, 0x2b, 0x01, 0x2b, 0x61, 0x1a,
  0x60, 0x1a, 0xc1, 0x22, 0xc3, 0x33, 0x82, 0x33, 0x83, 0x2b, 0x81, 0x2b, 0x81, 0x2b, 0x62, 0x33,
  0x23, 0x33, 0xc3, 0x3b, 0x62, 0x2b, 0x21, 0x23, 0xe7, 0x3b, 0xe5, 0x2b, 0x00, 0x00, 0x00, 0x00,
  0xe0, 0x03, 0xa0, 0x52, 0xe0, 0x01, 0x03, 0x3c, 0x43, 0x3c, 0x21, 0x33, 0x03, 0x3c, 0x63, 0x33,
  0x82, 0x33, 0x42, 0x2c, 0xa2, 0x33, 0x82, 0x33, 0x62, 0x2b, 0x80, 0x24, 0x00, 0x00, 0x00, 0x00,
  0xe0, 0x07, 0x00, 0x00, 0x00, 0x00, 0x00, 0x00, 0x00, 0x00, 0x00, 0x00, 0x40, 0x55, 0x00, 0x00,
  0x43, 0x34, 0x43, 0x34, 0x00, 0x00, 0xe0, 0x3b, 0x00, 0x00, 0x00, 0x00, 0x00, 0x00, 0x00, 0x00,
  0x00, 0x00, 0x00, 0x00, 0x00, 0x00, 0x00, 0x00, 0x00, 0x00, 0x00, 0x00, 0x00, 0x00, 0x00, 0x00,
  0x00, 0x00, 0x00, 0x00, 0x00, 0x00, 0x00, 0x00, 0x00, 0x00, 0x00, 0x00, 0x00, 0x00, 0x00, 0x00,
  0x00, 0x00, 0x00, 0x00, 0x00, 0x00, 0x00, 0x00, 0x00, 0x00, 0x00, 0x00, 0xa0, 0x52, 0x00, 0x00,
  0x00, 0x00, 0x00, 0x00, 0x00, 0x00, 0x00, 0x00, 0x00, 0x00, 0x00, 0x00, 0x00, 0x00, 0x00, 0x00,
  0x00, 0x00, 0x00, 0x00, 0x00, 0x00, 0x00, 0x00, 0x00, 0x00, 0x00, 0x00, 0x00, 0x00, 0x00, 0x00,
  0x00, 0x00, 0x00, 0x00, 0x00, 0x00, 0x00, 0x00, 0x00, 0x00, 0x00, 0x00, 0x00, 0x00, 0x00, 0x00,
  0x00, 0x00, 0x00, 0x00, 0x00, 0x00, 0x00, 0x00, 0x00, 0x00, 0x00, 0x00, 0x00, 0x00, 0x00, 0x00,
  0x00, 0x00, 0x00, 0x00, 0x00, 0x00, 0x00, 0x00, 0x00, 0x00, 0x00, 0x00, 0x00, 0x00, 0x00, 0x00,
  0x00, 0x00, 0x00, 0x00, 0x00, 0x00, 0x00, 0x00, 0x00, 0x00, 0x00, 0x00, 0x00, 0x00, 0x00, 0x00,
  0x00, 0x00, 0x00, 0x00, 0x00, 0x00, 0x00, 0x00, 0x00, 0x00, 0x00, 0x00, 0xe0, 0x7b, 0xa0, 0x52,
  0xe1, 0x29, 0xa1, 0x29, 0xe0, 0x7b, 0xe0, 0x03, 0x00, 0x00, 0x00, 0x00, 0x00, 0x00, 0x00, 0x00,
  0x00, 0x00, 0x00, 0x00, 0x00, 0x00, 0x00, 0x00, 0x00, 0x00, 0x00, 0x00, 0x80, 0x31, 0x01, 0x2a,
  0xe1, 0x21, 0x02, 0x22, 0xe1, 0x21, 0x01, 0x22, 0xe0, 0x3a, 0xe1, 0x21, 0xa0, 0x19, 0xc1, 0x19,
  0xe0, 0x19, 0xc1, 0x21, 0xc0, 0x19, 0xa0, 0x19, 0xe0, 0x19, 0x61, 0x22, 0xe1, 0x19, 0xa0, 0x11,
  0xe0, 0x19, 0x20, 0x1a, 0xe0, 0x11, 0x40, 0x09, 0x00, 0x01, 0x80, 0x09, 0xc0, 0x11, 0xe0, 0x09,
  0x21, 0x12, 0x40, 0x01, 0xc0, 0x09, 0x00, 0x0a, 0xc0, 0x09, 0xa0, 0x09, 0xe0, 0x09, 0x61, 0x12,
  0xc1, 0x1a, 0x40, 0x12, 0x00, 0x00, 0x00, 0x00, 0x40, 0x01, 0x80, 0x1a, 0xc0, 0x1a, 0x41, 0x23,
  0xc1, 0x33, 0xa1, 0x2b, 0xa1, 0x2b, 0x42, 0x3c, 0x82, 0x3c, 0x62, 0x34, 0x41, 0x34, 0x01, 0x2c,
  0x61, 0x2b, 0xc2, 0x2b, 0x41, 0x23, 0xa0, 0x01, 0xa0, 0x00, 0x00, 0x01, 0xc0, 0x00, 0xe0, 0x00,
  0x40, 0x01, 0x60, 0x09, 0xc0, 0x09, 0xe0, 0x09, 0xc0, 0x09, 0x00, 0x12, 0x20, 0x12, 0x60, 0x1a,
  0xa1, 0x22, 0xe1, 0x2a, 0xc1, 0x22, 0xc1, 0x22, 0xc1, 0x2a, 0xe1, 0x22, 0xc2, 0x22, 0xc1, 0x22,
  0x81, 0x22, 0xa1, 0x22, 0xe1, 0x22, 0x03, 0x33, 0xc1, 0x2a, 0xc2, 0x2a, 0x00, 0x23, 0xc1, 0x22,
  0x01, 0x2b, 0xe1, 0x22, 0xe1, 0x22, 0xe1, 0x2a, 0xe2, 0x22, 0xc1, 0x22, 0x60, 0x1a, 0x60, 0x1a,
  0xa1, 0x22, 0xe1, 0x22, 0x61, 0x1a, 0x00, 0x12, 0x20, 0x1a, 0x81, 0x22, 0x62, 0x2b, 0x02, 0x2b,
  0xa1, 0x22, 0xa1, 0x1a, 0x81, 0x1a, 0xc1, 0x22, 0x81, 0x22, 0x20, 0x1a, 0x81, 0x1a, 0xe1, 0x22,
  0xa1, 0x1a, 0x81, 0x1a, 0xc1, 0x22, 0xe1, 0x22, 0x02, 0x23, 0xc1, 0x22, 0x42, 0x2b, 0x42, 0x23,
  0x61, 0x2b, 0xe3, 0x2a, 0x03, 0x23, 0x02, 0x2b, 0x22, 0x2b, 0x02, 0x2b, 0x01, 0x23, 0x01, 0x2b,
  0x01, 0x2b, 0x02, 0x2b, 0x82, 0x33, 0xe1, 0x2b, 0x00, 0x00, 0x82, 0x43, 0xa3, 0x33, 0xa2, 0x23,
  0x24, 0x33, 0x62, 0x33, 0x80, 0x1b, 0xef, 0x7b, 0x01, 0x23, 0x62, 0x23, 0x00, 0x00, 0x00, 0x00,
  0x00, 0x00, 0x00, 0x00, 0x00, 0x00, 0xe0, 0xff, 0xe0, 0x2b, 0xe1, 0x2a, 0x61, 0x2b, 0xa2, 0x33,
  0x03, 0x3c, 0x24, 0x45, 0x43, 0x3c, 0x60, 0x19, 0x82, 0x33, 0xa2, 0x33, 0x82, 0x33, 0xe5, 0x53,
  0xe0, 0x3b, 0xe7, 0x3b, 0x00, 0x00, 0x00, 0x00, 0x00, 0x00, 0x00, 0x00, 0x00, 0x00, 0x00, 0x00,
  0x00, 0x00, 0xe0, 0x07, 0xa0, 0x1a, 0xc2, 0x2a, 0x00, 0x00, 0x4a, 0x55, 0xe0, 0x03, 0x00, 0x00,
  0x00, 0x00, 0x00, 0x00, 0x00, 0x00, 0x00, 0x00, 0x00, 0x00, 0x00, 0x00, 0x00, 0x00, 0x00, 0x00,
  0x00, 0x00, 0x00, 0x00, 0x00, 0x00, 0x00, 0x00, 0x00, 0x00, 0x00, 0x00, 0x00, 0x00, 0x00, 0x00,
  0x00, 0x00, 0x00, 0x00, 0x00, 0x00, 0x00, 0x00, 0x00, 0x00, 0xe0, 0x7b, 0x00, 0x00, 0x00, 0x00,
  0xe0, 0x7b, 0x00, 0x00, 0x00, 0x00, 0x00, 0x00, 0x00, 0x00, 0x00, 0x00, 0x00, 0x00, 0x00, 0x00,
  0x00, 0x00, 0xe0, 0x07, 0x00, 0x00, 0x00, 0x00, 0x00, 0x00, 0x00, 0x00, 0x00, 0x00, 0x00, 0x00,
  0x00, 0x00, 0x00, 0x00, 0x00, 0x00, 0x00, 0x00, 0x00, 0x00, 0x00, 0x00, 0x00, 0x00, 0x00, 0x00,
  0x00, 0x00, 0x00, 0x00, 0x00, 0x00, 0x00, 0x00, 0x00, 0x00, 0x00, 0x00, 0x00, 0x00, 0x00, 0x00,
  0x00, 0x00, 0x00, 0x00, 0x00, 0x00, 0x00, 0x00, 0x00, 0x00, 0x00, 0x00, 0x00, 0x00, 0x00, 0x00,
  0x00, 0x00, 0x00, 0x00, 0x00, 0x00, 0x00, 0x00, 0x00, 0x00, 0x00, 0x00, 0x00, 0x00, 0x00, 0x00,
  0x00, 0x00, 0x00, 0x00, 0x00, 0x00, 0x00, 0x00, 0x00, 0x00, 0x00, 0x00, 0x00, 0x00, 0x00, 0x00,
  0x00, 0x00, 0x00, 0x00, 0x00, 0x00, 0x00, 0x00, 0x00, 0x00, 0xe0, 0x7b, 0x00, 0x00, 0x00, 0x00,
  0x00, 0x00, 0x00, 0x00, 0x00, 0x00, 0x00, 0x00, 0x00, 0x00, 0x00, 0x00, 0x00, 0x00, 0x00, 0x00,
  0xe0, 0x39, 0xa0, 0x1a, 0xe1, 0x21, 0x20, 0x22, 0xe0, 0x19, 0xc1, 0x29, 0x22, 0x22, 0x20, 0x22,
  0xe1, 0x19, 0xc1, 0x19, 0xe0, 0x19, 0xe1, 0x21, 0xc0, 0x19, 0xc0, 0x19, 0xc1, 0x19, 0xe1, 0x19,
  0x20, 0x1a, 0x00, 0x1a, 0xe0, 0x19, 0xc0, 0x11, 0x60, 0x09, 0x60, 0x09, 0xa0, 0x09, 0x80, 0x09,
  0x60, 0x09, 0x80, 0x09, 0x41, 0x09, 0xe1, 0x11, 0x21, 0x12, 0x00, 0x0a, 0xe0, 0x09, 0x40, 0x09,
  0xa0, 0x00, 0x00, 0x00, 0x00, 0x00, 0x00, 0x00, 0xc0, 0x09, 0x40, 0x12, 0xe1, 0x1a, 0xa0, 0x1a,
  0xa0, 0x1a, 0x80, 0x12, 0xa0, 0x1a, 0xc0, 0x1a, 0x81, 0x2b, 0xc1, 0x2b, 0x41, 0x23, 0x80, 0x1a,
  0xe0, 0x11, 0x60, 0x09, 0x40, 0x01, 0xc0, 0x00, 0x00, 0x01, 0x60, 0x09, 0xa0, 0x09, 0x00, 0x12,
  0xc0, 0x11, 0x00, 0x12, 0x60, 0x1a, 0xa1, 0x22, 0xa1, 0x1a, 0xc1, 0x22, 0xa1, 0x22, 0xa0, 0x22,
  0xc1, 0x22, 0xe1, 0x22, 0xe1, 0x22, 0xc1, 0x2a, 0xc1, 0x2a, 0xe1, 0x2a, 0x01, 0x33, 0xa1, 0x2a,
  0xc1, 0x22, 0xe2, 0x22, 0xa1, 0x32, 0xe1, 0x2a, 0xe1, 0x2a, 0xe1, 0x2a, 0xc1, 0x22, 0xe1, 0x22,
  0x83, 0x3b, 0xe2, 0x2a, 0xc1, 0x22, 0xe1, 0x2a, 0xc1, 0x1a, 0x64, 0x23, 0x01, 0x23, 0xc1, 0x22,
  0xc1, 0x22, 0xe1, 0x22, 0xe1, 0x22, 0xc1, 0x2a, 0x81, 0x22, 0x61, 0x1a, 0xa1, 0x22, 0xe1, 0x22,
  0xe2, 0x22, 0x41, 0x1a, 0x41, 0x1a, 0xa1, 0x22, 0xe1, 0x22, 0xe1, 0x22, 0xc1, 0x22, 0x81, 0x1a,
  0xa1, 0x1a, 0xc1, 0x22, 0x01, 0x23, 0xa1, 0x22, 0xc1, 0x22, 0x02, 0x23, 0x41, 0x2b, 0x22, 0x23,
  0x42, 0x2b, 0x21, 0x23, 0x22, 0x2b, 0x03, 0x33, 0x42, 0x2b, 0x01, 0x2b, 0xe1, 0x22, 0x02, 0x23,
  0xe1, 0x2a, 0x02, 0x23, 0x01, 0x3b, 0x22, 0x2b, 0x42, 0x2b, 0x84, 0x4c, 0xe0, 0x3b, 0x20, 0x33,
  0x64, 0x4b, 0xe0, 0x07, 0xe0, 0x03, 0xa0, 0x2a, 0xe0, 0x03, 0xe0, 0x03, 0xef, 0x7f, 0x00, 0x00,
  0xa0, 0x52, 0x00, 0x00, 0x00, 0x00, 0x00, 0x00, 0xa0, 0x52, 0x00, 0x00, 0xa2, 0x33, 0xaa, 0x52,
  0xe0, 0x3b, 0x42, 0x3b, 0x82, 0x33, 0xc4, 0x44, 0x83, 0x3c, 0xe3, 0x33, 0xc1, 0x2a, 0x01, 0x2b,
  0x21, 0x2b, 0x42, 0x2b, 0xe0, 0x07, 0x00, 0x00, 0xe0, 0x3b, 0xc0, 0x34, 0xe0, 0x3b, 0xe0, 0x03,
  0x00, 0x00, 0x00, 0x00, 0x00, 0x00, 0x00, 0x00, 0x00, 0x00, 0x00, 0x00, 0x00, 0x00, 0x40, 0x55,
  0x00, 0x00, 0x00, 0x00, 0x00, 0x00, 0x00, 0x00, 0x00, 0x00, 0x00, 0x00, 0x00, 0x00, 0x00, 0x00,
  0x00, 0x00, 0x00, 0x00, 0x00, 0x00, 0x00, 0x00, 0x00, 0x00, 0x00, 0x00, 0x00, 0x00, 0x00, 0x00,
  0x00, 0x00, 0x00, 0x00, 0x00, 0x00, 0x00, 0x00, 0x00, 0x00, 0x00, 0x00, 0x00, 0x00, 0x00, 0x00,
  0x00, 0x00, 0x00, 0x00, 0x00, 0x00, 0x00, 0x00, 0x00, 0x00, 0x00, 0x00, 0x00, 0x00, 0x00, 0x00,
  0x00, 0x00, 0x00, 0x00, 0x00, 0x00, 0x00, 0x00, 0x00, 0x00, 0x00, 0x00, 0x00, 0x00, 0x00, 0x00,
  0x00, 0x00, 0x00, 0x00, 0x00, 0x00, 0x00, 0x00, 0x00, 0x00, 0x00, 0x00, 0x00, 0x00, 0x00, 0x00,
  0x00, 0x00, 0x00, 0x00, 0x00, 0x00, 0x00, 0x00, 0x00, 0x00, 0x00, 0x00, 0x00, 0x00, 0x00, 0x00,
  0x00, 0x00, 0x00, 0x00, 0x00, 0x00, 0x00, 0x00, 0x00, 0x00, 0x00, 0x00, 0x00, 0x00, 0x00, 0x00,
  0x00, 0x00, 0x00, 0x00, 0x00, 0x00, 0x00, 0x00, 0x00, 0x00, 0x00, 0x00, 0x00, 0x00, 0x00, 0x00,
  0x00, 0x00, 0x00, 0x00, 0x00, 0x00, 0x00, 0x00, 0x00, 0x00, 0x00, 0x00, 0x00, 0x00, 0x00, 0x00,
  0x00, 0x00, 0x00, 0x00, 0x00, 0x00, 0x00, 0x00, 0x00, 0x00, 0x00, 0x00, 0x00, 0x00, 0x00, 0x00,
  0x00, 0x00, 0x00, 0x00, 0x00, 0x00, 0x00, 0x00, 0x00, 0x00, 0x00, 0x00, 0x00, 0x00, 0x00, 0x00,
  0x00, 0x00, 0x00, 0x00, 0xa0, 0x02, 0x40, 0x29, 0x00, 0x00, 0xe0, 0x07, 0x45, 0x29, 0x00, 0x00,
  0x22, 0x12, 0x21, 0x22, 0xe1, 0x21, 0xe0, 0x21, 0xe1, 0x19, 0xe1, 0x21, 0xc1, 0x21, 0xc0, 0x19,
  0xe1, 0x19, 0xe1, 0x19, 0xe0, 0x19, 0xc0, 0x19, 0x00, 0x1a, 0xe1, 0x19, 0x80, 0x09, 0x60, 0x09,
  0x00, 0x09, 0x20, 0x01, 0x40, 0x09, 0xa0, 0x09, 0x81, 0x1a, 0xe1, 0x1a, 0x61, 0x12, 0x61, 0x12,
  0x21, 0x12, 0x60, 0x09, 0x80, 0x09, 0x20, 0x01, 0xc0, 0x00, 0x00, 0x0a, 0x00, 0x1b, 0xe0, 0x22,
  0xc0, 0x1a, 0x21, 0x23, 0x81, 0x2b, 0x20, 0x23, 0x61, 0x2b, 0x81, 0x2b, 0x41, 0x23, 0x60, 0x1a,
  0x40, 0x09, 0xe0, 0x00, 0x40, 0x09, 0xa0, 0x11, 0xe0, 0x11, 0xa0, 0x11, 0xc0, 0x09, 0xe0, 0x11,
  0x20, 0x1a, 0x60, 0x1a, 0x81, 0x1a, 0x01, 0x2b, 0xc1, 0x22, 0x80, 0x1a, 0x81, 0x1a, 0xc1, 0x22,
  0xa1, 0x22, 0xa1, 0x1a, 0xa1, 0x22, 0xe1, 0x22, 0xe2, 0x2a, 0x01, 0x2b, 0xc1, 0x2a, 0xa1, 0x22,
  0xc0, 0x32, 0xe1, 0x2a, 0xa2, 0x32, 0xa2, 0x2a, 0xa2, 0x32, 0x42, 0x2b, 0xe3, 0x3a, 0x23, 0x4b,
  0xc1, 0x22, 0xc1, 0x22, 0x80, 0x3b, 0xa0, 0x2a, 0xe3, 0x1a, 0x42, 0x2b, 0x41, 0x2b, 0xe2, 0x2a,
  0x23, 0x33, 0x02, 0x23, 0xc1, 0x22, 0xc2, 0x22, 0xe2, 0x22, 0xc1, 0x22, 0xa1, 0x2a, 0x02, 0x2b,
  0x02, 0x23, 0xa1, 0x22, 0xa2, 0x2a, 0xc2, 0x22, 0x81, 0x1a, 0xc1, 0x22, 0xa1, 0x22, 0x01, 0x23,
  0xc1, 0x1a, 0x61, 0x1a, 0x81, 0x1a, 0xa1, 0x22, 0xc1, 0x22, 0x22, 0x2b, 0x61, 0x23, 0x60, 0x23,
  0xe1, 0x2a, 0x80, 0x2b, 0x61, 0x1b, 0x42, 0x2b, 0x42, 0x3b, 0xe2, 0x22, 0x22, 0x2b, 0x22, 0x2b,
  0x82, 0x2b, 0x62, 0x33, 0x20, 0x33, 0xe0, 0x07, 0x23, 0x1b, 0x40, 0x2b, 0x60, 0x23, 0xe7, 0x3b,
  0xe7, 0x3b, 0xa0, 0x52, 0x00, 0x00, 0x00, 0x00, 0x00, 0x00, 0xe0, 0x3b, 0x00, 0x00, 0x00, 0x00,
  0x00, 0x00, 0x00, 0x00, 0xe0, 0x2b, 0x26, 0x33, 0x20, 0x33, 0xe0, 0x3b, 0xe0, 0x03, 0xe0, 0x03,
  0x61, 0x2b, 0x23, 0x23, 0x23, 0x33, 0xe2, 0x2b, 0xc2, 0x33, 0x01, 0x2b, 0xa3, 0x3c, 0xe4, 0x3c,
  0xe1, 0x22, 0x22, 0x2b, 0x01, 0x2b, 0xe0, 0x2a, 0x00, 0x00, 0xa0, 0x52, 0x20, 0x03, 0xe0, 0x1a,
  0x20, 0x63, 0x00, 0x00, 0x00, 0x00, 0x00, 0x00, 0x00, 0x00, 0x00, 0x00, 0x00, 0x00, 0x00, 0x00,
  0xe0, 0x07, 0x00, 0x00, 0x00, 0x00, 0x00, 0x00, 0x00, 0x00, 0x00, 0x00, 0x00, 0x00, 0x00, 0x00,
  0x00, 0x00, 0x00, 0x00, 0x00, 0x00, 0x00, 0x00, 0x00, 0x00, 0x00, 0x00, 0x00, 0x00, 0x00, 0x00,
  0x00, 0x00, 0x00, 0x00, 0x00, 0x00, 0x00, 0x00, 0x00, 0x00, 0x00, 0x00, 0x00, 0x00, 0x00, 0x00,
  0x00, 0x00, 0x00, 0x00, 0x00, 0x00, 0x00, 0x00, 0x00, 0x00, 0x00, 0x00, 0x00, 0x00, 0x00, 0x00,
  0x00, 0x00, 0x00, 0x00, 0x00, 0x00, 0x00, 0x00, 0x00, 0x00, 0x00, 0x00, 0x00, 0x00, 0x00, 0x00,
  0x00, 0x00, 0x00, 0x00, 0x00, 0x00, 0x00, 0x00, 0x00, 0x00, 0x00, 0x00, 0x00, 0x00, 0x00, 0x00,
  0x00, 0x00, 0x00, 0x00, 0x00, 0x00, 0x00, 0x00, 0x00, 0x00, 0x00, 0x00, 0x00, 0x00, 0x00, 0x00,
  0x00, 0x00, 0x00, 0x00, 0x00, 0x00, 0x00, 0x00, 0x00, 0x00, 0x00, 0x00, 0x00, 0x00, 0x00, 0x00,
  0x00, 0x00, 0x00, 0x00, 0x00, 0x00, 0x00, 0x00, 0x00, 0x00, 0x00, 0x00, 0x00, 0x00, 0x00, 0x00,
  0x00, 0x00, 0x00, 0x00, 0x00, 0x00, 0x00, 0x00, 0x00, 0x00, 0x00, 0x00, 0x00, 0x00, 0x00, 0x00,
  0x00, 0x00, 0x00, 0x00, 0x00, 0x00, 0x00, 0x00, 0x00, 0x00, 0x00, 0x00, 0x00, 0x00, 0x00, 0x00,
  0x00, 0x00, 0x00, 0x00, 0x00, 0x00, 0x00, 0x00, 0x00, 0x00, 0x00, 0x00, 0x00, 0x00, 0x00, 0x00,
  0x00, 0x00, 0xe0, 0x01, 0x00, 0x00, 0x00, 0x00, 0x00, 0x00, 0x00, 0x00, 0xe0, 0x07, 0x00, 0x00,
  0x00, 0x50, 0xe3, 0x19, 0xe2, 0x11, 0xe1, 0x31, 0x01, 0x2a, 0x01, 0x2a, 0xe1, 0x21, 0xe0, 0x19,
  0xe1, 0x19, 0xc0, 0x19, 0xe0, 0x19, 0x01, 0x1a, 0xc1, 0x19, 0xc0, 0x19, 0xa0, 0x19, 0xe0, 0x19,
  0xe0, 0x11, 0x80, 0x09, 0x80, 0x09, 0x60, 0x09, 0x40, 0x09, 0xe0, 0x11, 0x21, 0x1a, 0xc0, 0x11,
  0xa0, 0x09, 0xe0, 0x11, 0x00, 0x12, 0x80, 0x09, 0x80, 0x09, 0x60, 0x01, 0x00, 0x12, 0xc1, 0x22,
  0xc2, 0x2b, 0x42, 0x23, 0xc1, 0x1a, 0xc1, 0x22, 0x40, 0x1a, 0x60, 0x1a, 0x61, 0x1a, 0x20, 0x1a,
  0x00, 0x1a, 0xe0, 0x11, 0x21, 0x1a, 0x20, 0x1a, 0x20, 0x1a, 0x40, 0x1a, 0x60, 0x1a, 0x40, 0x1a,
  0x20, 0x1a, 0x61, 0x22, 0xa1, 0x22, 0x81, 0x2a, 0xa0, 0x22, 0x61, 0x22, 0x61, 0x22, 0xa1, 0x2a,
  0xa1, 0x22, 0xa2, 0x2a, 0xc1, 0x2a, 0xe2, 0x2a, 0x82, 0x2b, 0xe1, 0x2a, 0x00, 0x3b, 0xa0, 0x2a,
  0xa0, 0x2a, 0x64, 0x4b, 0x20, 0x33, 0x64, 0x23, 0x64, 0x4b, 0xe3, 0x1a, 0xc2, 0x32, 0x60, 0x32,
  0xe0, 0x01, 0x44, 0x4a, 0x01, 0x23, 0xe2, 0x2a, 0x20, 0x33, 0xe0, 0x39, 0xe3, 0x3b, 0x62, 0x33,
  0xe2, 0x2a, 0x42, 0x2b, 0x03, 0x33, 0xe1, 0x2a, 0xc1, 0x22, 0xa1, 0x2a, 0xa2, 0x22, 0xa1, 0x22,
  0xa2, 0x2a, 0xc1, 0x2a, 0xa1, 0x22, 0xa1, 0x2a, 0xc2, 0x2a, 0xc1, 0x2a, 0x81, 0x22, 0xa1, 0x22,
  0x81, 0x22, 0xe1, 0x22, 0xc1, 0x2a, 0x62, 0x2a, 0xe2, 0x2a, 0xa1, 0x22, 0xe1, 0x2a, 0x83, 0x3b,
  0x23, 0x33, 0x83, 0x3b, 0xe0, 0x1a, 0xe7, 0x3b, 0xa0, 0x02, 0x23, 0x1b, 0x22, 0x2b, 0x02, 0x23,
  0xe2, 0x2a, 0x62, 0x23, 0x22, 0x23, 0xe2, 0x2a, 0xe2, 0x2a, 0x83, 0x3b, 0xa0, 0x52, 0xe0, 0x7b,
  0x00, 0x00, 0x00, 0x00, 0x00, 0x00, 0x00, 0x00, 0x00, 0x00, 0x00, 0x00, 0x00, 0x00, 0x00, 0x00,
  0x00, 0x00, 0x00, 0x00, 0x00, 0x00, 0x00, 0x00, 0x00, 0x00, 0xe0, 0x07, 0x82, 0x33, 0x63, 0x33,
  0xe0, 0x07, 0xe0, 0x07, 0xa0, 0x2a, 0xa0, 0x02, 0x00, 0x00, 0x20, 0x03, 0xe0, 0x39, 0x63, 0x33,
  0x82, 0x33, 0xc2, 0x33, 0x82, 0x33, 0x22, 0x33, 0x22, 0x2b, 0xe0, 0x2a, 0x20, 0x33, 0xa0, 0x2a,
  0x00, 0x00, 0x00, 0x00, 0x00, 0x00, 0x00, 0x00, 0x00, 0x00, 0x00, 0x00, 0x00, 0x00, 0x00, 0x00,
  0x00, 0x00, 0x00, 0x00, 0x00, 0x00, 0x00, 0x00, 0x00, 0x00, 0x00, 0x00, 0x00, 0x00, 0x00, 0x00,
  0x00, 0x00, 0x00, 0x00, 0x00, 0x00, 0x00, 0x00, 0x00, 0x00, 0x00, 0x00, 0x00, 0x00, 0x00, 0x00,
  0x00, 0x00, 0x00, 0x00, 0x00, 0x00, 0x00, 0x00, 0x00, 0x00, 0x00, 0x00, 0x00, 0x00, 0x00, 0x00,
  0x00, 0x00, 0x00, 0x00, 0x00, 0x00, 0x00, 0x00, 0x00, 0x00, 0x00, 0x00, 0x00, 0x00, 0x00, 0x00,
  0x00, 0x00, 0x00, 0x00, 0x00, 0x00, 0x00, 0x00, 0x00, 0x00, 0x00, 0x00, 0x00, 0x00, 0x00, 0x00,
  0x00, 0x00, 0x00, 0x00, 0x00, 0x00, 0x00, 0x00, 0x00, 0x00, 0x00, 0x00, 0x00, 0x00, 0x00, 0x00,
  0x00, 0x00, 0x00, 0x00, 0x00, 0x00, 0x00, 0x00, 0x00, 0x00, 0x00, 0x00, 0x00, 0x00, 0x00, 0x00,
  0x00, 0x00, 0x00, 0x00, 0x00, 0x00, 0x00, 0x00, 0x00, 0x00, 0x00, 0x00, 0x00, 0x00, 0x00, 0x00,
  0x00, 0x00, 0x00, 0x00, 0x00, 0x00, 0x00, 0x00, 0x00, 0x00, 0x00, 0x00, 0x00, 0x00, 0x00, 0x00,
  0x00, 0x00, 0x00, 0x00, 0x00, 0x00, 0x00, 0x00, 0x00, 0x00, 0x00, 0x00, 0x00, 0x00, 0x00, 0x00,
  0x00, 0x00, 0x00, 0x00, 0x00, 0x00, 0x00, 0x00, 0x00, 0x00, 0x00, 0x00, 0x00, 0x00, 0x00, 0x00,
  0x00, 0x00, 0x00, 0x00, 0x00, 0x00, 0x00, 0x00, 0x00, 0x00, 0x00, 0x00, 0x00, 0x00, 0x00, 0x00,
  0x00, 0x00, 0x00, 0x00, 0x00, 0x00, 0xa0, 0x02, 0xe0, 0x03, 0x00, 0xf8, 0x00, 0x00, 0x00, 0x00,
  0xe0, 0x03, 0x20, 0x33, 0x22, 0x2a, 0xe1, 0x21, 0xe1, 0x21, 0x01, 0x22, 0x41, 0x22, 0x01, 0x22,
  0x21, 0x2a, 0xe1, 0x19, 0x01, 0x22, 0xe0, 0x21, 0xe1, 0x19, 0xe1, 0x19, 0x80, 0x11, 0x80, 0x11,
  0x80, 0x11, 0xa0, 0x11, 0xa0, 0x11, 0xc0, 0x11, 0xc0, 0x11, 0xa0, 0x11, 0xc0, 0x19, 0xa0, 0x11,
  0xc0, 0x11, 0xc0, 0x11, 0xe0, 0x11, 0x00, 0x12, 0xc0, 0x11, 0xa0, 0x09, 0xe0, 0x11, 0x61, 0x1a,
  0xa1, 0x1a, 0xa1, 0x22, 0xc1, 0x1a, 0x00, 0x12, 0xa0, 0x09, 0x60, 0x09, 0xa0, 0x11, 0xe0, 0x11,
  0xa0, 0x11, 0xa0, 0x11, 0x00, 0x1a, 0x40, 0x1a, 0x61, 0x22, 0x61, 0x1a, 0x81, 0x22, 0xa1, 0x22,
  0x81, 0x22, 0x81, 0x22, 0xa1, 0x22, 0xc1, 0x2a, 0x61, 0x22, 0x61, 0x22, 0xe2, 0x2a, 0xe2, 0x2a,
  0xa1, 0x2a, 0xe3, 0x32, 0x02, 0x2b, 0x82, 0x2b, 0x02, 0x3b, 0xa2, 0x32, 0xa3, 0x32, 0xc2, 0x22,
  0xa2, 0x2a, 0x44, 0x4a, 0x00, 0x00, 0x00, 0xf8, 0x00, 0x00, 0xe0, 0x3b, 0xe0, 0x3b, 0xe0, 0x39,
  0xa0, 0x52, 0xa0, 0x2a, 0xe0, 0x39, 0xe0, 0x03, 0xa2, 0x32, 0xe2, 0x2a, 0xa3, 0x3a, 0xa3, 0x1a,
  0xe0, 0x03, 0xa5, 0x2a, 0xe0, 0x3b, 0xe0, 0x39, 0x80, 0x3b, 0xa2, 0x3b, 0xa2, 0x2a, 0xa3, 0x2a,
  0xc2, 0x22, 0xc2, 0x2a, 0xc1, 0x22, 0xa2, 0x22, 0xa1, 0x22, 0xe1, 0x2a, 0xe1, 0x2a, 0xa1, 0x22,
  0xe1, 0x2a, 0xa2, 0x32, 0x23, 0x33, 0xe2, 0x2a, 0xe2, 0x2a, 0xe3, 0x3a, 0xe3, 0x3a, 0xe0, 0x3b,
  0x20, 0x33, 0xe0, 0x01, 0xe0, 0x03, 0x02, 0x3b, 0x60, 0x23, 0x00, 0x00, 0x63, 0x32, 0x00, 0x23,
  0x60, 0x4b, 0x00, 0x00, 0x00, 0x00, 0xa0, 0x52, 0x00, 0x00, 0xa0, 0x52, 0x00, 0x00, 0x20, 0x33,
  0xe7, 0x3b, 0x00, 0x00, 0x00, 0x00, 0x00, 0x00, 0x00, 0x00, 0x00, 0x00, 0x00, 0x00, 0x00, 0x00,
  0x00, 0x00, 0x00, 0x00, 0x00, 0x00, 0x00, 0x00, 0x00, 0x00, 0x00, 0x00, 0x00, 0x00, 0x00, 0x00,
  0x00, 0x00, 0xe7, 0x3b, 0xa0, 0x02, 0x00, 0x00, 0x00, 0x00, 0x00, 0x00, 0x00, 0x00, 0x00, 0x00,
  0xe0, 0x39, 0x83, 0x53, 0x42, 0x2b, 0x62, 0x33, 0x42, 0x33, 0xe1, 0x2a, 0xe2, 0x2a, 0xe2, 0x42,
  0x00, 0x00, 0xe0, 0x7b, 0x00, 0x00, 0xe0, 0x7b, 0x00, 0x00, 0x00, 0x00, 0x00, 0x00, 0x00, 0x00,
  0x00, 0x00, 0x00, 0x00, 0x00, 0x00, 0x00, 0x00, 0x00, 0x00, 0x00, 0x00, 0x00, 0x00, 0x00, 0x00,
  0x00, 0x00, 0x00, 0x00, 0x00, 0x00, 0x00, 0x00, 0x00, 0x00, 0x00, 0x00, 0x00, 0x00, 0x00, 0x00,
  0x00, 0x00, 0x00, 0x00, 0x00, 0x00, 0x00, 0x00, 0x00, 0x00, 0x00, 0x00, 0x00, 0x00, 0x00, 0x00,
  0x00, 0x00, 0x00, 0x00, 0x00, 0x00, 0x00, 0x00, 0x00, 0x00, 0x00, 0x00, 0x00, 0x00, 0x00, 0x00,
  0x00, 0x00, 0x00, 0x00, 0x00, 0x00, 0x00, 0x00, 0x00, 0x00, 0x00, 0x00, 0x00, 0x00, 0x00, 0x00,
  0x00, 0x00, 0x00, 0x00, 0x00, 0x00, 0x00, 0x00, 0x00, 0x00, 0x00, 0x00, 0x00, 0x00, 0x00, 0x00,
  0x00, 0x00, 0x00, 0x00, 0x00, 0x00, 0x00, 0x00, 0x00, 0x00, 0x00, 0x00, 0x00, 0x00, 0x00, 0x00,
  0x00, 0x00, 0x00, 0x00, 0x00, 0x00, 0x00, 0x00, 0x00, 0x00, 0x00, 0x00, 0x00, 0x00, 0x00, 0x00,
  0x00, 0x00, 0x00, 0x00, 0x00, 0x00, 0x00, 0x00, 0x00, 0x00, 0x00, 0x00, 0x00, 0x00, 0x00, 0x00,
  0x00, 0x00, 0x00, 0x00, 0x00, 0x00, 0x00, 0x00, 0x00, 0x00, 0x00, 0x00, 0x00, 0x00, 0x00, 0x00,
  0x00, 0x00, 0x00, 0x00, 0x00, 0x00, 0x00, 0x00, 0x00, 0x00, 0x00, 0x00, 0x00, 0x00, 0x00, 0x00,
  0x00, 0x00, 0x00, 0x00, 0x00, 0x00, 0x00, 0x00, 0x00, 0x00, 0x00, 0x00, 0x00, 0x00, 0x00, 0x00,
  0x00, 0x00, 0xa0, 0x21, 0xe0, 0x29, 0x00, 0x00, 0xe0, 0x7b, 0x00, 0x00, 0x00, 0x00, 0x00, 0x00,
  0x00, 0x00, 0x00, 0x00, 0x00, 0x00, 0xc0, 0x21, 0x22, 0x32, 0xe1, 0x21, 0xe1, 0x19, 0x42, 0x22,
  0xe1, 0x19, 0x62, 0x11, 0xc1, 0x21, 0xc1, 0x21, 0xe1, 0x21, 0xe0, 0x21, 0xe1, 0x21, 0xa1, 0x19,
  0xa0, 0x19, 0xa0, 0x19, 0xa0, 0x19, 0xc0, 0x19, 0xc1, 0x19, 0xc0, 0x19, 0xe0, 0x19, 0xe0, 0x19,
  0xa0, 0x11, 0xc0, 0x11, 0xa0, 0x11, 0x80, 0x11, 0xa0, 0x11, 0x00, 0x12, 0x81, 0x1a, 0xa1, 0x1a,
  0x40, 0x12, 0x20, 0x12, 0x00, 0x12, 0xe0, 0x11, 0x00, 0x09, 0x20, 0x09, 0xa0, 0x19, 0x21, 0x22,
  0x61, 0x22, 0x00, 0x1a, 0x00, 0x12, 0x20, 0x1a, 0x40, 0x1a, 0x40, 0x1a, 0x61, 0x22, 0x61, 0x22,
  0x81, 0x22, 0xa1, 0x22, 0xa1, 0x22, 0xc1, 0x2a, 0xa1, 0x22, 0x81, 0x22, 0xa2, 0x22, 0xa2, 0x2a,
  0xa2, 0x32, 0xe2, 0x32, 0xe1, 0x2a, 0xa0, 0x2a, 0x22, 0x33, 0xe0, 0x3a, 0xe3, 0x1a, 0x22, 0x33,
  0xa0, 0x52, 0xe7, 0x3b, 0xa0, 0x2a, 0xe0, 0x7b, 0x00, 0x00, 0x00, 0x00, 0x00, 0x00, 0x00, 0x00,
  0xa0, 0x52, 0xa0, 0x52, 0xe0, 0x7b, 0x00, 0x00, 0x00, 0x00, 0xe1, 0x32, 0xc1, 0x32, 0x41, 0x2b,
  0x00, 0x00, 0xa0, 0x52, 0x00, 0xf8, 0x44, 0x22, 0x00, 0x00, 0xa0, 0x52, 0xe2, 0x2a, 0x00, 0x00,
  0xe2, 0x2a, 0xa5, 0x2a, 0x23, 0x33, 0xa2, 0x2a, 0x22, 0x33, 0xc2, 0x2a, 0xe1, 0x2a, 0xe3, 0x3a,
  0xa3, 0x3a, 0x83, 0x2a, 0xa3, 0x1a, 0x40, 0x29, 0xa0, 0x2a, 0xa0, 0x52, 0x26, 0x33, 0xe3, 0x1a,
  0xe2, 0x2a, 0x00, 0x00, 0xe0, 0x07, 0xe0, 0x03, 0x00, 0x00, 0x00, 0x00, 0x00, 0xf8, 0x00, 0x00,
  0xa0, 0x02, 0x82, 0x2b, 0xc2, 0x32, 0xa3, 0x3a, 0xe0, 0x3b, 0xa5, 0x2a, 0x00, 0x00, 0x00, 0x00,
  0xe0, 0x7b, 0xe0, 0x7b, 0xe0, 0x7b, 0x00, 0x00, 0x00, 0x00, 0x00, 0x00, 0x00, 0x00, 0x00, 0x00,
  0xe0, 0xff, 0x00, 0x00, 0x00, 0x00, 0x00, 0x00, 0x00, 0x00, 0x00, 0x00, 0x00, 0x00, 0x00, 0x00,
  0x00, 0x00, 0x00, 0x00, 0x00, 0x00, 0x00, 0x00, 0x00, 0x00, 0x00, 0x00, 0x00, 0x00, 0x00, 0x00,
  0x00, 0x00, 0x00, 0x00, 0x00, 0x00, 0x00, 0x00, 0x62, 0x33, 0x62, 0x2b, 0x22, 0x33, 0x82, 0x33,
  0x62, 0x2b, 0xc1, 0x32, 0xe2, 0x2a, 0xe0, 0x7b, 0x00, 0x00, 0x00, 0x00, 0x00, 0x00, 0x00, 0x00,
  0x00, 0x00, 0x00, 0x00, 0x00, 0x00, 0x00, 0x00, 0x00, 0x00, 0x00, 0x00, 0x00, 0x00, 0x00, 0x00,
  0x00, 0x00, 0x00, 0x00, 0x00, 0x00, 0x00, 0x00, 0x00, 0x00, 0x00, 0x00, 0x00, 0x00, 0x00, 0x00,
  0x00, 0x00, 0x00, 0x00, 0x00, 0x00, 0x00, 0x00, 0x00, 0x00, 0x00, 0x00, 0x00, 0x00, 0x00, 0x00,
  0x00, 0x00, 0x00, 0x00, 0x00, 0x00, 0x00, 0x00, 0x00, 0x00, 0x00, 0x00, 0x00, 0x00, 0x00, 0x00,
  0x00, 0x00, 0x00, 0x00, 0x00, 0x00, 0x00, 0x00, 0x00, 0x00, 0x00, 0x00, 0x00, 0x00, 0x00, 0x00,
  0x00, 0x00, 0x00, 0x00, 0x00, 0x00, 0x00, 0x00, 0x00, 0x00, 0x00, 0x00, 0x00, 0x00, 0x00, 0x00,
  0x00, 0x00, 0x00, 0x00, 0x00, 0x00, 0x00, 0x00, 0x00, 0x00, 0x00, 0x00, 0x00, 0x00, 0x00, 0x00,
  0x00, 0x00, 0x00, 0x00, 0x00, 0x00, 0x00, 0x00, 0x00, 0x00, 0x00, 0x00, 0x00, 0x00, 0x00, 0x00,
  0x00, 0x00, 0x00, 0x00, 0x00, 0x00, 0x00, 0x00, 0x00, 0x00, 0x00, 0x00, 0x00, 0x00, 0x00, 0x00,
  0x00, 0x00, 0x00, 0x00, 0x00, 0x00, 0x00, 0x00, 0x00, 0x00, 0x00, 0x00, 0x00, 0x00, 0x00, 0x00,
  0x00, 0x00, 0x00, 0x00, 0x00, 0x00, 0x00, 0x00, 0x00, 0x00, 0x00, 0x00, 0x00, 0x00, 0x00, 0x00,
  0x00, 0x00, 0x00, 0x00, 0x00, 0x00, 0x00, 0x00, 0x00, 0x00, 0x00, 0x00, 0x00, 0x00, 0x00, 0x00,
  0x00, 0x00, 0xe0, 0x07, 0x00, 0x00, 0x60, 0x29, 0x80, 0x19, 0x00, 0x00, 0x00, 0x00, 0x00, 0x00,
  0xe0, 0x03, 0xa0, 0x02, 0x80, 0x31, 0xa0, 0x52, 0x40, 0x22, 0xa1, 0x29, 0xe1, 0x21, 0xa0, 0x52,
  0xa0, 0x52, 0xa0, 0x52, 0xe0, 0x39, 0xa0, 0x02, 0x41, 0x1a, 0xe1, 0x21, 0xe1, 0x21, 0xc1, 0x21,
  0xc1, 0x19, 0xc1, 0x21, 0xc1, 0x21, 0xc0, 0x19, 0xe1, 0x19, 0xe1, 0x19, 0xc0, 0x19, 0xa0, 0x19,
  0xc0, 0x19, 0xa0, 0x19, 0x80, 0x11, 0xa0, 0x11, 0xc0, 0x11, 0xe0, 0x11, 0x41, 0x1a, 0xc1, 0x22,
  0xa1, 0x22, 0xc0, 0x11, 0xa0, 0x11, 0x00, 0x1a, 0x21, 0x1a, 0x00, 0x1a, 0xe0, 0x19, 0x80, 0x11,
  0x80, 0x11, 0xc0, 0x19, 0x01, 0x1a, 0x81, 0x22, 0x61, 0x22, 0x81, 0x22, 0x61, 0x22, 0x60, 0x22,
  0x81, 0x22, 0x81, 0x22, 0xa0, 0x2a, 0xc1, 0x2a, 0xa1, 0x2a, 0x21, 0x23, 0x61, 0x2a, 0xe1, 0x2a,
  0x20, 0x1b, 0x20, 0x33, 0xa0, 0x52, 0xc2, 0x32, 0xc2, 0x32, 0xe0, 0x7b, 0xe0, 0x1a, 0xa0, 0x2a,
  0x00, 0x00, 0x60, 0x23, 0x00, 0x00, 0x00, 0x00, 0xa0, 0x52, 0x00, 0x00, 0x00, 0x00, 0x00, 0x00,
  0x00, 0x00, 0x00, 0x00, 0xe0, 0x7b, 0x20, 0x33, 0x42, 0x2b, 0xe0, 0x1a, 0x60, 0x23, 0xe1, 0x2a,
  0xa1, 0x2a, 0xe2, 0x32, 0xe2, 0x32, 0x20, 0x33, 0x00, 0x00, 0x64, 0x23, 0xe0, 0x03, 0x22, 0x23,
  0xe2, 0x2a, 0x00, 0x00, 0xe0, 0x7b, 0xe0, 0x7b, 0x00, 0x00, 0x00, 0x00, 0xa2, 0x32, 0x42, 0x2b,
  0xe0, 0x7b, 0xe0, 0x07, 0xe0, 0x03, 0x40, 0x55, 0xa0, 0x52, 0xe3, 0x1a, 0xa0, 0x02, 0x00, 0x00,
  0xe0, 0x07, 0xe0, 0x03, 0x00, 0x00, 0x00, 0x00, 0x00, 0x00, 0x00, 0x00, 0x00, 0x00, 0x00, 0x00,
  0x00, 0x00, 0x00, 0x00, 0xaa, 0x52, 0x00, 0x00, 0x00, 0xf8, 0x00, 0x00, 0xe1, 0x32, 0x01, 0x2b,
  0x00, 0x00, 0xe0, 0x7b, 0xe0, 0x07, 0x00, 0x00, 0x00, 0x00, 0x00, 0x00, 0x40, 0x55, 0x00, 0x00,
  0x00, 0x00, 0x00, 0x00, 0x00, 0x00, 0x00, 0x00, 0x00, 0x00, 0x00, 0x00, 0x00, 0x00, 0x00, 0x00,
  0x00, 0x00, 0x00, 0x00, 0x00, 0x00, 0x00, 0x00, 0x00, 0x00, 0x00, 0x00, 0x00, 0x00, 0x00, 0x00,
  0x00, 0x00, 0xe0, 0x07, 0x00, 0x00, 0x00, 0x00, 0x00, 0x00, 0x00, 0x00, 0xc1, 0x32, 0x21, 0x33,
  0x62, 0x33, 0x82, 0x33, 0x62, 0x2b, 0xe1, 0x2a, 0xe2, 0x2a, 0xa0, 0x02, 0x00, 0x00, 0x00, 0x00,
  0x00, 0x00, 0x00, 0x00, 0x00, 0x00, 0x00, 0x00, 0x00, 0x00, 0x00, 0x00, 0x00, 0x00, 0x00, 0x00,
  0x00, 0x00, 0x00, 0x00, 0x00, 0x00, 0x00, 0x00, 0x00, 0x00, 0x00, 0x00, 0x00, 0x00, 0x00, 0x00,
  0x00, 0x00, 0x00, 0x00, 0x00, 0x00, 0x00, 0x00, 0x00, 0x00, 0x00, 0x00, 0x00, 0x00, 0x00, 0x00,
  0x00, 0x00, 0x00, 0x00, 0x00, 0x00, 0x00, 0x00, 0x00, 0x00, 0x00, 0x00, 0x00, 0x00, 0x00, 0x00,
  0x00, 0x00, 0x00, 0x00, 0x00, 0x00, 0x00, 0x00, 0x00, 0x00, 0x00, 0x00, 0x00, 0x00, 0x00, 0x00,
  0x00, 0x00, 0x00, 0x00, 0x00, 0x00, 0x00, 0x00, 0x00, 0x00, 0x00, 0x00, 0x00, 0x00, 0x00, 0x00,
  0x00, 0x00, 0x00, 0x00, 0x00, 0x00, 0x00, 0x00, 0x00, 0x00, 0x00, 0x00, 0x00, 0x00, 0x00, 0x00,
  0x00, 0x00, 0x00, 0x00, 0x00, 0x00, 0x00, 0x00, 0x00, 0x00, 0x00, 0x00, 0x00, 0x00, 0x00, 0x00,
  0x00, 0x00, 0x00, 0x00, 0x00, 0x00, 0x00, 0x00, 0x00, 0x00, 0x00, 0x00, 0x00, 0x00, 0x00, 0x00,
  0x00, 0x00, 0x00, 0x00, 0x00, 0x00, 0x00, 0x00, 0x00, 0x00, 0x00, 0x00, 0x00, 0x00, 0x00, 0x00,
  0x00, 0x00, 0x00, 0x00, 0x00, 0x00, 0x00, 0x00, 0x00, 0x00, 0x00, 0x00, 0x00, 0x00, 0x00, 0x00,
  0x00, 0x00, 0x00, 0x00, 0x00, 0x00, 0x00, 0x00, 0x00, 0x00, 0x00, 0x00, 0x00, 0x00, 0xe0, 0x7b,
  0x00, 0x00, 0x00, 0x00, 0x00, 0x00, 0x00, 0x00, 0x00, 0x00, 0x00, 0x00, 0x00, 0x00, 0x00, 0x00,
  0x00, 0x00, 0xe0, 0x07, 0x00, 0x00, 0x00, 0x00, 0x83, 0x31, 0x00, 0x00, 0x86, 0x01, 0xc2, 0x21,
  0x20, 0x21, 0x00, 0x00, 0xe0, 0x03, 0x80, 0x19, 0xe0, 0x29, 0x22, 0x12, 0xe2, 0x29, 0xe2, 0x21,
  0xa1, 0x21, 0xe1, 0x19, 0xc1, 0x21, 0xc1, 0x19, 0xc0, 0x19, 0xc0, 0x19, 0xc1, 0x19, 0xc0, 0x11,
  0xc1, 0x19, 0x80, 0x19, 0x60, 0x11, 0x80, 0x11, 0xa0, 0x11, 0xe0, 0x19, 0x21, 0x1a, 0x20, 0x1a,
  0x00, 0x1a, 0xe0, 0x11, 0xa0, 0x11, 0xe0, 0x19, 0x21, 0x1a, 0x20, 0x1a, 0x00, 0x1a, 0x00, 0x1a,
  0x01, 0x1a, 0x81, 0x2a, 0x22, 0x33, 0x42, 0x33, 0x81, 0x22, 0x20, 0x1a, 0x40, 0x1a, 0x41, 0x22,
  0x80, 0x22, 0x81, 0x22, 0xa0, 0x22, 0xe1, 0x2a, 0xa1, 0x22, 0x00, 0x23, 0x20, 0x33, 0xc0, 0x2a,
  0xe0, 0x3a, 0xa0, 0x1a, 0xe0, 0x01, 0xe0, 0x03, 0x00, 0x00, 0xa0, 0x1a, 0xe0, 0x2a, 0xa5, 0x2a,
  0x00, 0x00, 0x00, 0x00, 0x44, 0x22, 0xe0, 0x19, 0x00, 0x00, 0xe0, 0x03, 0x00, 0x00, 0x00, 0x00,
  0x00, 0x00, 0xe0, 0x07, 0x00, 0x00, 0x00, 0x00, 0x00, 0x00, 0x00, 0x00, 0x60, 0x23, 0xa2, 0x32,
  0xe0, 0x39, 0x01, 0x2b, 0xa2, 0x32, 0x02, 0x33, 0x01, 0x2b, 0xe1, 0x2a, 0xa0, 0x02, 0x22, 0x33,
  0x20, 0x33, 0xe2, 0x22, 0xe2, 0x2a, 0x00, 0x00, 0x00, 0x00, 0xe0, 0x3b, 0x00, 0x00, 0x00, 0x00,
  0x00, 0x78, 0xa3, 0x3a, 0x20, 0x33, 0xe0, 0x07, 0xe0, 0x03, 0x00, 0x00, 0x00, 0x00, 0xe0, 0x07,
  0xa0, 0x52, 0x00, 0xf8, 0xe2, 0x2a, 0x64, 0x23, 0xa0, 0x02, 0xe0, 0x03, 0x00, 0x00, 0x00, 0x00,
  0x00, 0x00, 0x00, 0x00, 0x00, 0x00, 0x00, 0x00, 0x00, 0x00, 0xe0, 0x07, 0x00, 0x00, 0xe0, 0x03,
  0xe0, 0x39, 0x00, 0x00, 0x00, 0x00, 0x00, 0x00, 0x00, 0x00, 0xe0, 0x07, 0xe3, 0x1b, 0xc6, 0x34,
  0x02, 0x2b, 0x62, 0x33, 0x00, 0x00, 0x00, 0x00, 0x00, 0x00, 0x00, 0x00, 0x00, 0x00, 0x00, 0x00,
  0x00, 0x00, 0x00, 0x00, 0x00, 0x00, 0x00, 0x00, 0x00, 0x00, 0x00, 0x00, 0x00, 0x00, 0x00, 0x00,
  0x00, 0x00, 0x00, 0x00, 0x00, 0x00, 0x00, 0x00, 0x00, 0x00, 0x00, 0x00, 0xe0, 0x07, 0x00, 0x00,
  0xe3, 0x3a, 0x02, 0x2b, 0x41, 0x2b, 0xc1, 0x2a, 0xa0, 0x1a, 0xc0, 0x34, 0x00, 0x00, 0x00, 0x00,
  0x00, 0x00, 0x00, 0x00, 0x00, 0x00, 0x00, 0x00, 0x00, 0x00, 0x00, 0x00, 0x00, 0x00, 0x00, 0x00,
  0x00, 0x00, 0x00, 0x00, 0x00, 0x00, 0x00, 0x00, 0x00, 0x00, 0x00, 0x00, 0x00, 0x00, 0x00, 0x00,
  0x00, 0x00, 0x00, 0x00, 0xe0, 0xff, 0x00, 0x00, 0x00, 0x00, 0x00, 0x00, 0x00, 0x00, 0x00, 0x00,
  0x00, 0x00, 0x00, 0x00, 0x00, 0x00, 0x00, 0x00, 0x00, 0x00, 0x00, 0x00, 0x00, 0x00, 0x00, 0x00,
  0x00, 0x00, 0x00, 0x00, 0x00, 0x00, 0x00, 0x00, 0x00, 0x00, 0x00, 0x00, 0x00, 0x00, 0x00, 0x00,
  0x00, 0x00, 0x00, 0x00, 0x00, 0x00, 0x00, 0x00, 0x00, 0x00, 0x00, 0x00, 0x00, 0x00, 0x00, 0x00,
  0x00, 0x00, 0x00, 0x00, 0x00, 0x00, 0x00, 0x00, 0x00, 0x00, 0x00, 0x00, 0x00, 0x00, 0x00, 0x00,
  0x00, 0x00, 0x00, 0x00, 0x00, 0x00, 0x00, 0x00, 0x00, 0x00, 0x00, 0x00, 0x00, 0x00, 0x00, 0x00,
  0x00, 0x00, 0x00, 0x00, 0x00, 0x00, 0x00, 0x00, 0x00, 0x00, 0x00, 0x00, 0x00, 0x00, 0x00, 0x00,
  0x00, 0x00, 0x00, 0x00, 0x00, 0x00, 0x00, 0x00, 0x00, 0x00, 0x00, 0x00, 0x00, 0x00, 0x00, 0x00,
  0x00, 0x00, 0x00, 0x00, 0x00, 0x00, 0x00, 0x00, 0x00, 0x00, 0x00, 0x00, 0x00, 0x00, 0x00, 0x00,
  0x00, 0x00, 0x00, 0x00, 0x00, 0x00, 0x00, 0x00, 0x00, 0x00, 0x00, 0x00, 0x00, 0x00, 0x00, 0x00,
  0x00, 0x00, 0x00, 0x00, 0x00, 0x00, 0x00, 0x00, 0x00, 0x00, 0x00, 0x00, 0x00, 0x00, 0x00, 0x00,
  0x00, 0x00, 0x00, 0x00, 0x00, 0x00, 0x00, 0x00, 0xe0, 0x07, 0x00, 0x00, 0x00, 0x00, 0x00, 0x00,
  0x00, 0x00, 0x00, 0x00, 0x45, 0x29, 0xa0, 0x02, 0x00, 0x00, 0xe0, 0x39, 0x40, 0x29, 0x80, 0x31,
  0x20, 0x2a, 0xe0, 0x19, 0xc1, 0x21, 0xe1, 0x19, 0xc2, 0x19, 0xc1, 0x19, 0x80, 0x11, 0xa0, 0x11,
  0xe1, 0x21, 0xe1, 0x19, 0xa0, 0x19, 0x80, 0x11, 0xa0, 0x11, 0xa1, 0x19, 0x80, 0x11, 0x00, 0x1a,
  0x41, 0x22, 0xe0, 0x19, 0xa0, 0x19, 0xa0, 0x19, 0xe0, 0x19, 0x20, 0x22, 0x41, 0x22, 0x01, 0x1a,
  0x01, 0x22, 0xe0, 0x11, 0x00, 0x1a, 0xe2, 0x2a, 0x82, 0x33, 0xc1, 0x22, 0x81, 0x22, 0x20, 0x1a,
  0xe0, 0x19, 0x41, 0x22, 0x81, 0x22, 0xa2, 0x22, 0x81, 0x2a, 0x81, 0x22, 0xe2, 0x2a, 0xa0, 0x2a,
  0xe0, 0x3a, 0xa2, 0x32, 0xa0, 0x3a, 0x00, 0x00, 0x00, 0x00, 0x00, 0x00, 0x00, 0x00, 0x00, 0x00,
  0xa0, 0x52, 0x20, 0x33, 0xe0, 0x03, 0x00, 0x00, 0xa0, 0x52, 0x20, 0x33, 0x00, 0x00, 0x00, 0x00,
  0xa3, 0x1a, 0xa3, 0x3a, 0x00, 0x00, 0x00, 0x00, 0x00, 0x00, 0x00, 0x00, 0x00, 0x00, 0x00, 0x00,
  0x00, 0x00, 0x00, 0x00, 0xa0, 0x52, 0xe1, 0x2a, 0xc1, 0x32, 0x41, 0x33, 0x02, 0x2b, 0xc2, 0x22,
  0xa0, 0x2a, 0x60, 0x23, 0x00, 0x00, 0xe0, 0x1a, 0xc2, 0x2a, 0x63, 0x33, 0x22, 0x33, 0xc2, 0x32,
  0x23, 0x1b, 0xe3, 0x1a, 0xe0, 0x03, 0x00, 0x00, 0x60, 0x32, 0xa2, 0x2a, 0xe7, 0x39, 0xe0, 0x07,
  0x00, 0x00, 0x00, 0x00, 0x00, 0x00, 0x00, 0x00, 0xe0, 0x07, 0x00, 0x00, 0x00, 0x00, 0x00, 0x00,
  0x00, 0x00, 0x00, 0x00, 0x00, 0x00, 0x00, 0x00, 0x00, 0x00, 0x00, 0x00, 0xe3, 0x32, 0x02, 0x23,
  0x00, 0x00, 0x00, 0x00, 0x00, 0x00, 0x80, 0x3b, 0xe1, 0x2a, 0xe1, 0x2a, 0x01, 0x2b, 0x20, 0x33,
  0xe0, 0x03, 0x40, 0x05, 0x23, 0x33, 0xa0, 0x52, 0x00, 0x00, 0x00, 0x00, 0x00, 0x00, 0x00, 0x00,
  0x00, 0x00, 0x00, 0x00, 0x00, 0x00, 0x00, 0x00, 0x00, 0x00, 0x00, 0x00, 0x00, 0x00, 0x00, 0x00,
  0x00, 0x00, 0x00, 0x00, 0xa0, 0x52, 0x00, 0x00, 0x22, 0x2b, 0x42, 0x2b, 0xa0, 0x52, 0x00, 0x00,
  0x00, 0x00, 0x00, 0x00, 0x00, 0x00, 0x00, 0x00, 0x00, 0x00, 0x00, 0x00, 0x00, 0x00, 0x00, 0x00,
  0x00, 0x00, 0x00, 0x00, 0x00, 0x00, 0x00, 0x00, 0x00, 0x00, 0x00, 0x00, 0x00, 0x00, 0x00, 0x00,
  0x00, 0x00, 0x00, 0x00, 0x00, 0x00, 0x00, 0x00, 0x00, 0x00, 0x00, 0x00, 0x00, 0x00, 0x00, 0x00,
  0x00, 0x00, 0x00, 0x00, 0x00, 0x00, 0x00, 0x00, 0x00, 0x00, 0x00, 0x00, 0x00, 0x00, 0x00, 0x00,
  0x00, 0x00, 0x00, 0x00, 0x00, 0x00, 0x00, 0x00, 0xe0, 0x39, 0xa0, 0x2a, 0x00, 0x00, 0x00, 0x00,
  0x00, 0x00, 0x00, 0x00, 0x00, 0x00, 0x00, 0x00, 0x00, 0x00, 0x00, 0x00, 0x00, 0x00, 0x00, 0x00,
  0x00, 0x00, 0x00, 0x00, 0x00, 0x00, 0x00, 0x00, 0x00, 0x00, 0x00, 0x00, 0x00, 0x00, 0x00, 0x00,
  0x00, 0x00, 0x00, 0x00, 0x00, 0x00, 0x00, 0x00, 0x00, 0x00, 0x00, 0x00, 0x00, 0x00, 0x00, 0x00,
  0x00, 0x00, 0x00, 0x00, 0x00, 0x00, 0x00, 0x00, 0x00, 0x00, 0x00, 0x00, 0x00, 0x00, 0x00, 0x00,
  0x00, 0x00, 0x00, 0x00, 0x00, 0x00, 0x00, 0x00, 0x00, 0x00, 0x00, 0x00, 0x00, 0x00, 0x00, 0x00,
  0x00, 0x00, 0x00, 0x00, 0x00, 0x00, 0x00, 0x00, 0x00, 0x00, 0x00, 0x00, 0x00, 0x00, 0x00, 0x00,
  0x00, 0x00, 0x00, 0x00, 0x00, 0x00, 0x00, 0x00, 0x00, 0x00, 0x00, 0x00, 0x00, 0x00, 0x00, 0x00,
  0x00, 0x00, 0x00, 0x00, 0x00, 0x00, 0x00, 0x00, 0x00, 0x00, 0x00, 0x00, 0x00, 0x00, 0x00, 0x00,
  0x00, 0x00, 0x00, 0x00, 0x00, 0x00, 0x00, 0x00, 0x00, 0x00, 0x00, 0x00, 0x00, 0x00, 0x00, 0x00,
  0x00, 0x00, 0x00, 0x00, 0x00, 0x00, 0x00, 0x00, 0x00, 0x00, 0x00, 0x00, 0x00, 0x00, 0x00, 0x00,
  0x00, 0x00, 0x00, 0x00, 0xa0, 0x52, 0x00, 0x00, 0x80, 0x31, 0x00, 0x00, 0x00, 0x78, 0xa0, 0x2a,
  0x80, 0x31, 0x00, 0x00, 0x80, 0x31, 0xe2, 0x29, 0x01, 0x22, 0xa1, 0x21, 0xc1, 0x19, 0xc1, 0x19,
  0xa0, 0x19, 0xa0, 0x11, 0xa1, 0x19, 0xa0, 0x19, 0x80, 0x11, 0xc0, 0x19, 0xc1, 0x19, 0xc0, 0x19,
  0x01, 0x1a, 0xe0, 0x21, 0xc1, 0x19, 0xe1, 0x19, 0x01, 0x22, 0x01, 0x22, 0xe1, 0x21, 0xe1, 0x19,
  0x21, 0x22, 0x41, 0x22, 0x41, 0x22, 0x21, 0x1a, 0xe0, 0x19, 0xc0, 0x09, 0x42, 0x2b, 0xe1, 0x22,
  0x00, 0x1a, 0x81, 0x22, 0xa1, 0x2a, 0xa1, 0x22, 0x81, 0x22, 0xc2, 0x2a, 0x82, 0x2a, 0x81, 0x2a,
  0x26, 0x33, 0x00, 0x00, 0xe0, 0x03, 0x00, 0x00, 0x00, 0x00, 0x00, 0x00, 0x00, 0x00, 0x00, 0x00,
  0x00, 0x00, 0x00, 0x00, 0x00, 0x00, 0x00, 0x00, 0x00, 0xf8, 0xe0, 0x03, 0x00, 0x00, 0x00, 0x00,
  0x00, 0x00, 0x00, 0x00, 0xe2, 0x2a, 0xa2, 0x32, 0x00, 0x00, 0x00, 0x00, 0x00, 0x00, 0x00, 0x00,
  0x00, 0x00, 0x00, 0x00, 0xe0, 0x07, 0x00, 0x00, 0xe0, 0x3a, 0xc1, 0x2a, 0xc3, 0x32, 0xe2, 0x2a,
  0xc2, 0x22, 0x03, 0x33, 0xc2, 0x22, 0xe0, 0x03, 0xe0, 0x07, 0x20, 0x33, 0xc2, 0x32, 0x42, 0x2b,
  0x22, 0x2b, 0x40, 0x22, 0x01, 0x33, 0x60, 0x32, 0xa2, 0x2a, 0x22, 0x2b, 0x02, 0x2b, 0x81, 0x22,
  0xa3, 0x3a, 0x00, 0x00, 0x00, 0x00, 0x00, 0x00, 0xe0, 0x07, 0x00, 0x00, 0x00, 0x00, 0x00, 0x00,
  0x00, 0x00, 0x00, 0x00, 0x00, 0x00, 0x00, 0x00, 0x00, 0x00, 0x00, 0x00, 0x00, 0x00, 0x00, 0x00,
  0xc4, 0x22, 0x20, 0x33, 0xe0, 0x07, 0x00, 0x00, 0x00, 0x00, 0x60, 0x4b, 0xc1, 0x2a, 0x42, 0x2b,
  0x63, 0x33, 0xa0, 0x52, 0xaa, 0x02, 0x00, 0x00, 0x00, 0x00, 0x00, 0x00, 0x00, 0x00, 0x00, 0x00,
  0x00, 0x00, 0x00, 0x00, 0x00, 0x00, 0x00, 0x00, 0x00, 0x00, 0x00, 0x00, 0x00, 0x00, 0x00, 0x00,
  0x00, 0x00, 0x00, 0x00, 0x00, 0x00, 0x00, 0x00, 0x00, 0x00, 0xe2, 0x2a, 0x21, 0x33, 0xc1, 0x2a,
  0xa0, 0x2a, 0x00, 0x00, 0x00, 0x00, 0x00, 0x00, 0x00, 0x00, 0x00, 0x00, 0x00, 0x00, 0x00, 0x00,
  0x00, 0x00, 0x00, 0x00, 0x00, 0x00, 0x00, 0x00, 0x00, 0x00, 0x00, 0x00, 0x00, 0x00, 0x00, 0x00,
  0x00, 0x00, 0x00, 0x00, 0x00, 0x00, 0x00, 0x00, 0x00, 0x00, 0x00, 0x00, 0x00, 0x00, 0x00, 0x00,
  0x00, 0x00, 0x00, 0x00, 0x00, 0x00, 0x00, 0x00, 0x00, 0x00, 0x00, 0x00, 0x00, 0x00, 0x00, 0x00,
  0x00, 0x00, 0x00, 0x00, 0x00, 0x00, 0x00, 0x00, 0x00, 0x00, 0x00, 0x00, 0xa1, 0x2a, 0x81, 0x22,
  0x00, 0x00, 0x00, 0x00, 0x00, 0x00, 0x00, 0x00, 0x00, 0x00, 0x00, 0x00, 0x00, 0x00, 0x00, 0x00,
  0x00, 0x00, 0x00, 0x00, 0x00, 0x00, 0x00, 0x00, 0x00, 0x00, 0x00, 0x00, 0x00, 0x00, 0x00, 0x00,
  0x00, 0x00, 0x00, 0x00, 0x00, 0x00, 0x00, 0x00, 0x00, 0x00, 0x00, 0x00, 0x00, 0x00, 0x00, 0x00,
  0x00, 0x00, 0x00, 0x00, 0x00, 0x00, 0x00, 0x00, 0x00, 0x00, 0x00, 0x00, 0x00, 0x00, 0x00, 0x00,
  0x00, 0x00, 0x00, 0x00, 0x00, 0x00, 0x00, 0x00, 0x00, 0x00, 0x00, 0x00, 0x00, 0x00, 0x00, 0x00,
  0x00, 0x00, 0x00, 0x00, 0x00, 0x00, 0x00, 0x00, 0x00, 0x00, 0x00, 0x00, 0x00, 0x00, 0x00, 0x00,
  0x00, 0x00, 0x00, 0x00, 0x00, 0x00, 0x00, 0x00, 0x00, 0x00, 0x00, 0x00, 0x00, 0x00, 0x00, 0x00,
  0x00, 0x00, 0x00, 0x00, 0x00, 0x00, 0x00, 0x00, 0x00, 0x00, 0x00, 0x00, 0x00, 0x00, 0x00, 0x00,
  0x00, 0x00, 0x00, 0x00, 0x00, 0x00, 0x00, 0x00, 0x00, 0x00, 0x00, 0x00, 0x00, 0x00, 0x00, 0x00,
  0x00, 0x00, 0x00, 0x00, 0x00, 0x00, 0x00, 0x00, 0x00, 0x00, 0x00, 0x00, 0x00, 0x00, 0x00, 0x00,
  0x00, 0x00, 0x00, 0x00, 0x00, 0x00, 0xa0, 0x52, 0xe0, 0x07, 0x00, 0x00, 0x00, 0x00, 0x00, 0x00,
  0x00, 0x00, 0x00, 0x00, 0x00, 0x00, 0xe0, 0x01, 0xe2, 0x11, 0x41, 0x22, 0xa3, 0x1a, 0xe1, 0x29,
  0xc1, 0x21, 0xa0, 0x19, 0x80, 0x11, 0x60, 0x11, 0xa0, 0x11, 0xa0, 0x11, 0xa0, 0x19, 0xc1, 0x21,
  0x01, 0x2a, 0x42, 0x2a, 0x01, 0x22, 0x21, 0x22, 0xe1, 0x19, 0x00, 0x22, 0x01, 0x1a, 0xe1, 0x19,
  0x01, 0x22, 0x41, 0x22, 0x01, 0x22, 0x21, 0x22, 0x61, 0x22, 0x41, 0x22, 0xe0, 0x19, 0xa1, 0x22,
  0x61, 0x2b, 0xe1, 0x2a, 0x01, 0x22, 0xe3, 0x32, 0xa1, 0x22, 0xc1, 0x2a, 0xa1, 0x32, 0xa1, 0x2a,
  0xa0, 0x52, 0xa0, 0x52, 0x00, 0x00, 0x00, 0x00, 0xe0, 0x07, 0xe0, 0xff, 0x00, 0x00, 0x00, 0x00,
  0x00, 0x00, 0xe0, 0x07, 0x00, 0x00, 0x00, 0x00, 0x00, 0x00, 0x00, 0x00, 0x00, 0x00, 0x00, 0x00,
  0x00, 0x00, 0xe0, 0x07, 0xe0, 0x03, 0xa3, 0x3a, 0xa5, 0x2a, 0xe7, 0x39, 0x00, 0x00, 0x00, 0x00,
  0x00, 0x00, 0x00, 0x00, 0x00, 0x00, 0x00, 0x00, 0x00, 0x00, 0x00, 0x00, 0x00, 0x00, 0xe0, 0x07,
  0xa0, 0x02, 0xa2, 0x3a, 0x22, 0x33, 0xc1, 0x2a, 0x20, 0x33, 0x00, 0x00, 0x00, 0x00, 0xa0, 0x2a,
  0xe2, 0x2a, 0x02, 0x2b, 0xa0, 0x2a, 0x02, 0x23, 0xc2, 0x32, 0xa2, 0x2a, 0xe5, 0x2b, 0x01, 0x2b,
  0xe2, 0x2a, 0xc1, 0x22, 0x20, 0x33, 0x00, 0x00, 0x00, 0x00, 0xe0, 0x07, 0x00, 0x00, 0xe0, 0x07,
  0x00, 0x00, 0x00, 0x00, 0x00, 0x00, 0x00, 0x00, 0x00, 0x00, 0x00, 0x00, 0x00, 0x00, 0x00, 0x00,
  0x00, 0x00, 0x00, 0x00, 0xef, 0x03, 0xe0, 0x7b, 0xa0, 0x02, 0x00, 0x00, 0x00, 0x00, 0xc1, 0x2a,
  0xe0, 0x42, 0x00, 0x00, 0x00, 0x00, 0x00, 0x00, 0x00, 0x00, 0x00, 0x00, 0x00, 0x00, 0x00, 0x00,
  0x00, 0x00, 0x00, 0x00, 0x00, 0x00, 0x00, 0x00, 0x00, 0x00, 0x00, 0x00, 0x00, 0x00, 0x00, 0x00,
  0x00, 0x00, 0x00, 0x00, 0x00, 0x00, 0x00, 0x00, 0x00, 0x00, 0xe0, 0x07, 0x00, 0x00, 0x63, 0x32,
  0xe0, 0x53, 0x00, 0x00, 0x00, 0x00, 0x00, 0x00, 0x00, 0x00, 0x00, 0x00, 0x00, 0x00, 0x00, 0x00,
  0x00, 0x00, 0x00, 0x00, 0x00, 0x00, 0x00, 0x00, 0x00, 0x00, 0x00, 0x00, 0x00, 0x00, 0x00, 0x00,
  0x00, 0x00, 0x00, 0x00, 0x00, 0x00, 0x00, 0x00, 0x00, 0x00, 0x00, 0x00, 0x00, 0x00, 0x00, 0x00,
  0x00, 0x00, 0x00, 0x00, 0x00, 0x00, 0x00, 0x00, 0x00, 0x00, 0x00, 0x00, 0x00, 0x00, 0x00, 0x00,
  0x00, 0x00, 0x00, 0x00, 0x00, 0x00, 0x00, 0x00, 0x00, 0x00, 0x00, 0x00, 0x00, 0x00, 0x00, 0x00,
  0x00, 0x00, 0x00, 0x00, 0x00, 0x00, 0x00, 0x00, 0x00, 0x00, 0x00, 0x00, 0x00, 0x00, 0x00, 0x00,
  0x00, 0x00, 0x00, 0x00, 0x00, 0x00, 0x00, 0x00, 0x00, 0x00, 0x00, 0x00, 0x00, 0x00, 0x00, 0x00,
  0x00, 0x00, 0x00, 0x00, 0x00, 0x00, 0x00, 0x00, 0x00, 0x00, 0x00, 0x00, 0x00, 0x00, 0x00, 0x00,
  0x00, 0x00, 0x00, 0x00, 0x00, 0x00, 0x00, 0x00, 0x00, 0x00, 0x00, 0x00, 0x00, 0x00, 0x00, 0x00,
  0x00, 0x00, 0x00, 0x00, 0x00, 0x00, 0x00, 0x00, 0x00, 0x00, 0x00, 0x00, 0x00, 0x00, 0x00, 0x00,
  0x00, 0x00, 0x00, 0x00, 0x00, 0x00, 0x00, 0x00, 0x00, 0x00, 0x00, 0x00, 0x00, 0x00, 0x00, 0x00,
  0x00, 0x00, 0x00, 0x00, 0x00, 0x00, 0x00, 0x00, 0x00, 0x00, 0x00, 0x00, 0x00, 0x00, 0x00, 0x00,
  0x00, 0x00, 0x00, 0x00, 0x00, 0x00, 0x00, 0x00, 0x00, 0x00, 0x00, 0x00, 0x00, 0x00, 0x00, 0x00,
  0x00, 0x00, 0x00, 0x00, 0x00, 0x00, 0x00, 0x00, 0x00, 0x00, 0x00, 0x00, 0x00, 0x00, 0x00, 0x00,
  0x00, 0x00, 0x00, 0x00, 0x00, 0x00, 0x00, 0x00, 0x00, 0x00, 0x00, 0x00, 0x00, 0x00, 0x00, 0x00,
  0x00, 0x00, 0x00, 0x00, 0x00, 0x00, 0x00, 0x00, 0x00, 0x00, 0x00, 0x00, 0x00, 0x00, 0x00, 0x00,
  0x00, 0x00, 0xe0, 0x39, 0x40, 0x22, 0x00, 0x78, 0x00, 0x00, 0x00, 0x00, 0xa3, 0x3a, 0xe1, 0x21,
  0xa0, 0x19, 0x80, 0x19, 0x60, 0x11, 0x80, 0x11, 0x80, 0x19, 0xa0, 0x19, 0xe1, 0x21, 0x00, 0x22,
  0x01, 0x2a, 0x21, 0x2a, 0xe0, 0x19, 0x80, 0x19, 0x22, 0x22, 0x01, 0x22, 0x21, 0x1a, 0x21, 0x2a,
  0x41, 0x22, 0x21, 0x2a, 0x41, 0x22, 0x81, 0x2a, 0x61, 0x22, 0x42, 0x22, 0x42, 0x22, 0x21, 0x22,
  0x41, 0x22, 0x20, 0x22, 0x60, 0x19, 0x00, 0x22, 0x81, 0x22, 0xa2, 0x2a, 0xe0, 0x01, 0xa0, 0x52,
  0x60, 0x23, 0xe3, 0x39, 0xe0, 0x07, 0xa0, 0x52, 0xe0, 0x07, 0x00, 0x00, 0x00, 0x00, 0x00, 0x00,
  0x00, 0x00, 0x00, 0x00, 0x00, 0x00, 0x00, 0x00, 0x00, 0x00, 0x00, 0x00, 0xe0, 0xff, 0x00, 0x00,
  0x00, 0x00, 0x00, 0x00, 0x00, 0x00, 0xa0, 0x52, 0xe0, 0x3b, 0x62, 0x2a, 0x41, 0x22, 0x00, 0x00,
  0x26, 0x33, 0x00, 0x00, 0x00, 0x00, 0x00, 0x00, 0x00, 0x00, 0x00, 0x00, 0x00, 0x00, 0x00, 0x00,
  0x00, 0x00, 0x00, 0x00, 0x00, 0xf8, 0xe0, 0x3b, 0xe0, 0x7b, 0xe0, 0x7b, 0x00, 0x00, 0xe0, 0x03,
  0xe0, 0x39, 0xa0, 0x02, 0xa0, 0x52, 0x00, 0x00, 0xa5, 0x2a, 0x20, 0x33, 0xe0, 0x07, 0xe0, 0x39,
  0xe0, 0x3b, 0xe0, 0x39, 0x02, 0x23, 0xa0, 0x52, 0xa5, 0x52, 0xe0, 0x3b, 0x00, 0x00, 0x00, 0x00,
  0x00, 0x00, 0x00, 0x00, 0x00, 0x00, 0x00, 0x00, 0x00, 0x00, 0x00, 0x00, 0x00, 0x00, 0x00, 0x00,
  0x00, 0x00, 0x00, 0x00, 0x00, 0x00, 0x00, 0x00, 0x00, 0x00, 0x00, 0x00, 0xe0, 0x07, 0x00, 0x00,
  0x23, 0x33, 0xc1, 0x2a, 0xc2, 0x22, 0x00, 0x00, 0x00, 0x00, 0x00, 0x00, 0x00, 0x00, 0xe0, 0x7b,
  0x00, 0x00, 0x00, 0x00, 0xe0, 0x03, 0x00, 0x00, 0x00, 0x00, 0x00, 0x00, 0x00, 0x00, 0x00, 0x00,
  0x00, 0x00, 0x00, 0x00, 0x00, 0x00, 0x00, 0x00, 0x00, 0x00, 0x00, 0x00, 0xa0, 0x02, 0x00, 0x00,
  0x00, 0x00, 0x00, 0x00, 0x00, 0x00, 0x00, 0x00, 0xe0, 0xff, 0x00, 0x00, 0x00, 0x00, 0x00, 0x00,
  0x64, 0x23, 0xe0, 0x07, 0x00, 0x00, 0xe0, 0x7b, 0x00, 0x00, 0x00, 0x00, 0x00, 0x00, 0x00, 0x00,
  0x00, 0x00, 0x00, 0x00, 0x00, 0x00, 0x00, 0x00, 0x00, 0x00, 0x00, 0x00, 0x00, 0x00, 0x00, 0x00,
  0x00, 0x00, 0x00, 0x00, 0x00, 0x00, 0x00, 0x00, 0x00, 0x00, 0x00, 0x00, 0x00, 0x00, 0x00, 0x00,
  0x00, 0x00, 0x00, 0x00, 0x00, 0x00, 0x00, 0x00, 0x00, 0x00, 0x00, 0x00, 0x00, 0x00, 0x00, 0x00,
  0x00, 0x00, 0x00, 0x00, 0x00, 0x00, 0x00, 0x00, 0x00, 0x00, 0x00, 0x00, 0x00, 0x00, 0x00, 0x00,
  0x00, 0x00, 0x00, 0x00, 0x00, 0x00, 0x00, 0x00, 0x00, 0x00, 0x00, 0x00, 0x00, 0x00, 0x00, 0x00,
  0x00, 0x00, 0x00, 0x00, 0x00, 0x00, 0x00, 0x00, 0x00, 0x00, 0x00, 0x00, 0x00, 0x00, 0x00, 0x00,
  0x00, 0x00, 0x00, 0x00, 0x00, 0x00, 0x00, 0x00, 0x00, 0x00, 0x00, 0x00, 0x00, 0x00, 0x00, 0x00,
  0x00, 0x00, 0x00, 0x00, 0x00, 0x00, 0x00, 0x00, 0x00, 0x00, 0x00, 0x00, 0x00, 0x00, 0x00, 0x00,
  0x00, 0x00, 0x00, 0x00, 0x00, 0x00, 0x00, 0x00, 0x00, 0x00, 0x00, 0x00, 0x00, 0x00, 0x00, 0x00,
  0x00, 0x00, 0x00, 0x00, 0x00, 0x00, 0x00, 0x00, 0x00, 0x00, 0x00, 0x00, 0x00, 0x00, 0x00, 0x00,
  0x00, 0x00, 0x00, 0x00, 0x00, 0x00, 0x00, 0x00, 0x00, 0x00, 0x00, 0x00, 0x00, 0x00, 0x00, 0x00,
  0x00, 0x00, 0x00, 0x00, 0x00, 0x00, 0x00, 0x00, 0x00, 0x00, 0x00, 0x00, 0x00, 0x00, 0x00, 0x00,
  0x00, 0x00, 0x00, 0x00, 0x00, 0x00, 0x00, 0x00, 0x00, 0x00, 0x00, 0x00, 0x00, 0x00, 0x00, 0x00,
  0x00, 0x00, 0xe0, 0x07, 0x00, 0x00, 0x00, 0x00, 0x00, 0x00, 0x00, 0x00, 0x00, 0x00, 0x00, 0x00,
  0x80, 0x31, 0x40, 0x29, 0x00, 0x00, 0x00, 0x00, 0x00, 0x00, 0x00, 0x00, 0x41, 0x19, 0x60, 0x11,
  0x61, 0x19, 0x80, 0x19, 0x60, 0x19, 0x80, 0x11, 0xa1, 0x19, 0xc1, 0x21, 0x61, 0x2a, 0x01, 0x2a,
  0xe1, 0x19, 0x02, 0x22, 0x01, 0x12, 0x22, 0x22, 0xc0, 0x21, 0x63, 0x32, 0x40, 0x22, 0xc0, 0x21,
  0x42, 0x22, 0x22, 0x32, 0x61, 0x2a, 0x86, 0x31, 0x20, 0x12, 0x01, 0x2a, 0x61, 0x22, 0xa0, 0x1a,
  0xa5, 0x2a, 0xa3, 0x3a, 0x82, 0x2a, 0x61, 0x2a, 0x81, 0x22, 0xa1, 0x22, 0x22, 0x12, 0xa0, 0x2a,
  0x80, 0x01, 0xe0, 0x01, 0x44, 0x22, 0xe0, 0x39, 0x00, 0x00, 0xe0, 0x7b, 0xe0, 0x07, 0x00, 0x00,
  0x00, 0x00, 0x00, 0x00, 0x00, 0x00, 0x00, 0x00, 0x00, 0x00, 0x00, 0x00, 0x00, 0x00, 0xe0, 0x7b,
  0x00, 0x00, 0x00, 0x00, 0x00, 0x00, 0x00, 0x00, 0x00, 0x00, 0xe0, 0x07, 0xe0, 0x7b, 0xc2, 0x32,
  0xa2, 0x2a, 0x00, 0x00, 0x00, 0x00, 0x00, 0x00, 0x00, 0x00, 0x00, 0x00, 0x00, 0x00, 0x00, 0x00,
  0x00, 0x00, 0x00, 0x00, 0x00, 0x00, 0xe0, 0x53, 0x00, 0x00, 0x00, 0x00, 0x00, 0x00, 0xe0, 0x07,
  0xe0, 0x3b, 0xa2, 0x3a, 0x80, 0x13, 0xe0, 0x07, 0x00, 0x00, 0x42, 0x2b, 0xe0, 0x39, 0xa0, 0x52,
  0xa0, 0x02, 0xa0, 0x52, 0x00, 0x00, 0x00, 0x00, 0x00, 0x00, 0xa0, 0x52, 0x00, 0x00, 0xa0, 0x52,
  0x00, 0x00, 0x00, 0x00, 0x00, 0x00, 0x00, 0x00, 0x00, 0x00, 0x00, 0x00, 0x00, 0x00, 0x00, 0x00,
  0x00, 0x00, 0x00, 0x00, 0x00, 0x00, 0x00, 0x00, 0x00, 0x00, 0x00, 0x00, 0x00, 0x00, 0x00, 0x00,
  0x00, 0x00, 0x00, 0x00, 0xe0, 0x39, 0x22, 0x33, 0x23, 0x33, 0x00, 0x00, 0x00, 0x00, 0x00, 0x00,
  0x00, 0x00, 0xef, 0x7b, 0xe1, 0x2a, 0x01, 0x2b, 0x23, 0x33, 0x00, 0x00, 0x00, 0x00, 0x00, 0x00,
  0x00, 0x00, 0x00, 0x00, 0x00, 0x00, 0x00, 0x00, 0x00, 0x00, 0x00, 0x00, 0x00, 0x00, 0x00, 0x00,
  0x26, 0x33, 0x00, 0x00, 0x00, 0x00, 0x00, 0x00, 0x00, 0x00, 0x00, 0x00, 0x00, 0x00, 0x00, 0x00,
  0x00, 0x00, 0x00, 0x00, 0xe3, 0x33, 0xe0, 0x03, 0xa0, 0x52, 0xe0, 0x03, 0xe0, 0x7b, 0x00, 0x00,
  0x00, 0x00, 0x00, 0x00, 0x00, 0x00, 0x00, 0x00, 0x00, 0x00, 0x00, 0x00, 0x00, 0x00, 0x00, 0x00,
  0x00, 0x00, 0x00, 0x00, 0x00, 0x00, 0x00, 0x00, 0x00, 0x00, 0x00, 0x00, 0x00, 0x00, 0x00, 0x00,
  0x00, 0x00, 0x00, 0x00, 0x00, 0x00, 0x00, 0x00, 0x00, 0x00, 0x00, 0x00, 0x00, 0x00, 0x00, 0x00,
  0x00, 0x00, 0x00, 0x00, 0x00, 0x00, 0x00, 0x00, 0x00, 0x00, 0x00, 0x00, 0x00, 0x00, 0x00, 0x00,
  0x00, 0x00, 0x00, 0x00, 0x00, 0x00, 0x00, 0x00, 0x00, 0x00, 0x00, 0x00, 0x00, 0x00, 0x00, 0x00,
  0x00, 0x00, 0x00, 0x00, 0x00, 0x00, 0x00, 0x00, 0x00, 0x00, 0x00, 0x00, 0x00, 0x00, 0x00, 0x00,
  0x00, 0x00, 0x00, 0x00, 0x00, 0x00, 0x00, 0x00, 0x00, 0x00, 0x00, 0x00, 0x00, 0x00, 0x00, 0x00,
  0x00, 0x00, 0x00, 0x00, 0x00, 0x00, 0x00, 0x00, 0x00, 0x00, 0x00, 0x00, 0x00, 0x00, 0x00, 0x00,
  0x00, 0x00, 0x00, 0x00, 0x00, 0x00, 0x00, 0x00, 0x00, 0x00, 0x00, 0x00, 0x00, 0x00, 0x00, 0x00,
  0x00, 0x00, 0x00, 0x00, 0x00, 0x00, 0x00, 0x00, 0x00, 0x00, 0x00, 0x00, 0x00, 0x00, 0x00, 0x00,
  0x00, 0x00, 0x00, 0x00, 0x00, 0x00, 0x00, 0x00, 0x00, 0x00, 0x00, 0x00, 0x00, 0x00, 0x00, 0x00,
  0x00, 0x00, 0x00, 0x00, 0x00, 0x00, 0x00, 0x00, 0x00, 0x00, 0x00, 0x00, 0x00, 0x00, 0x00, 0x00,
  0x00, 0x00, 0x00, 0x00, 0x00, 0x00, 0x00, 0x00, 0xe0, 0x7b, 0x00, 0x00, 0x00, 0x00, 0x00, 0x00,
  0x00, 0x00, 0x00, 0x00, 0x00, 0x00, 0x00, 0x00, 0x00, 0x00, 0x00, 0x00, 0xe0, 0x03, 0xa0, 0x52,
  0x00, 0x00, 0x00, 0x00, 0x00, 0x00, 0x00, 0x00, 0xc0, 0x19, 0x20, 0x19, 0x40, 0x19, 0x20, 0x11,
  0x40, 0x11, 0x40, 0x11, 0x60, 0x19, 0x61, 0x19, 0x80, 0x19, 0x22, 0x32, 0xe2, 0x29, 0xa0, 0x1a,
  0xc0, 0x19, 0x20, 0x22, 0x42, 0x22, 0x20, 0x11, 0x22, 0x22, 0xc0, 0x19, 0x21, 0x1a, 0xe1, 0x21,
  0x01, 0x1a, 0x62, 0x22, 0xa0, 0x02, 0x40, 0x29, 0x22, 0x22, 0x21, 0x22, 0x21, 0x1a, 0x20, 0x12,
  0xe0, 0x19, 0x00, 0x00, 0x00, 0x00, 0xa0, 0x52, 0xe0, 0x39, 0xe0, 0x39, 0xe0, 0x39, 0xe0, 0x03,
  0x00, 0x00, 0xe0, 0x03, 0x00, 0x00, 0x00, 0x00, 0x00, 0x00, 0x00, 0x00, 0x00, 0x00, 0xe0, 0x39,
  0xe0, 0x7b, 0xe0, 0x7b, 0xe0, 0x07, 0x00, 0x00, 0x00, 0x00, 0x00, 0x00, 0x00, 0x00, 0x00, 0x00,
  0x00, 0x00, 0x00, 0x00, 0x00, 0x00, 0x00, 0x00, 0x00, 0x00, 0x00, 0x00, 0x00, 0x00, 0x00, 0x00,
  0x00, 0x00, 0x00, 0x00, 0x00, 0x00, 0x00, 0x00, 0x00, 0x00, 0x00, 0x00, 0x00, 0x00, 0x00, 0x00,
  0x00, 0x00, 0x00, 0x00, 0x00, 0x00, 0x00, 0x00, 0x00, 0x00, 0xa0, 0x52, 0x00, 0x00, 0x00, 0x00,
  0x00, 0x00, 0x00, 0x00, 0xe0, 0x07, 0xe0, 0x39, 0xa0, 0x52, 0x00, 0x00, 0x00, 0x00, 0x00, 0x00,
  0x00, 0x00, 0x00, 0x00, 0x00, 0x00, 0x00, 0x00, 0x00, 0x00, 0x00, 0x00, 0x00, 0x00, 0x00, 0x00,
  0x00, 0x00, 0x00, 0x00, 0x00, 0x00, 0x00, 0x00, 0x00, 0x00, 0x00, 0x00, 0x00, 0x00, 0x00, 0x00,
  0x00, 0x00, 0x00, 0x00, 0x00, 0x00, 0x00, 0x00, 0x00, 0x00, 0x00, 0x00, 0x00, 0x00, 0x00, 0x00,
  0x00, 0x00, 0x00, 0x00, 0x00, 0x00, 0x00, 0x00, 0x00, 0x00, 0x00, 0x00, 0x00, 0x00, 0x00, 0x00,
  0x00, 0x00, 0x00, 0x00, 0x00, 0x00, 0xa5, 0x2a, 0x21, 0x2b, 0x01, 0x2b, 0xe0, 0x07, 0x00, 0x00,
  0x00, 0x00, 0x00, 0x00, 0x00, 0x00, 0x00, 0x00, 0x00, 0x00, 0x00, 0x00, 0x00, 0x00, 0x00, 0x00,
  0x00, 0x00, 0x00, 0x00, 0x00, 0x00, 0x00, 0x00, 0x00, 0x00, 0x00, 0x00, 0x00, 0x00, 0x00, 0x00,
  0xe0, 0x07, 0x00, 0x00, 0x00, 0x00, 0xe0, 0x07, 0x00, 0x00, 0x00, 0x00, 0xe0, 0x07, 0x00, 0x00,
  0x00, 0x00, 0x00, 0x00, 0x00, 0x00, 0x00, 0x00, 0x00, 0x00, 0x00, 0x00, 0x00, 0x00, 0x00, 0x00,
  0x00, 0x00, 0x00, 0x00, 0x00, 0x00, 0x00, 0x00, 0x00, 0x00, 0x00, 0x00, 0x00, 0x00, 0x00, 0x00,
  0x00, 0x00, 0x00, 0x00, 0x00, 0x00, 0x00, 0x00, 0x00, 0x00, 0x00, 0x00, 0x00, 0x00, 0x00, 0x00,
  0x00, 0x00, 0x00, 0x00, 0x00, 0x00, 0x00, 0x00, 0x00, 0x00, 0x00, 0x00, 0x00, 0x00, 0x00, 0x00,
  0x00, 0x00, 0x00, 0x00, 0x00, 0x00, 0x00, 0x00, 0x00, 0x00, 0x00, 0x00, 0x00, 0x00, 0x00, 0x00,
  0x00, 0x00, 0x00, 0x00, 0x00, 0x00, 0x00, 0x00, 0x00, 0x00, 0x00, 0x00, 0x00, 0x00, 0x00, 0x00,
  0x00, 0x00, 0x00, 0x00, 0x00, 0x00, 0x00, 0x00, 0x00, 0x00, 0x00, 0x00, 0x00, 0x00, 0x00, 0x00,
  0x00, 0x00, 0x00, 0x00, 0x00, 0x00, 0x00, 0x00, 0x00, 0x00, 0x00, 0x00, 0x00, 0x00, 0x00, 0x00,
  0x00, 0x00, 0x00, 0x00, 0x00, 0x00, 0x00, 0x00, 0x00, 0x00, 0x00, 0x00, 0x00, 0x00, 0x00, 0x00,
  0x00, 0x00, 0x00, 0x00, 0x00, 0x00, 0x00, 0x00, 0x00, 0x00, 0x00, 0x00, 0x00, 0x00, 0x00, 0x00,
  0x00, 0x00, 0x00, 0x00, 0x00, 0x00, 0x00, 0x00, 0x00, 0x00, 0x00, 0x00, 0x00, 0x00, 0x00, 0x00,
  0x00, 0x00, 0x00, 0x00, 0x00, 0x00, 0x00, 0x00, 0x00, 0x00, 0x00, 0x00, 0x00, 0x00, 0x00, 0x00,
  0x00, 0x00, 0x00, 0x00, 0x00, 0x00, 0x00, 0x00, 0x00, 0x00, 0x80, 0x31, 0xe2, 0x29, 0x80, 0x31,
  0x00, 0x00, 0x00, 0x00, 0x00, 0x00, 0x00, 0x00, 0x00, 0x00, 0x00, 0x00, 0x00, 0x00, 0x00, 0x00,
  0xe0, 0x03, 0x00, 0x00, 0x00, 0x00, 0xe0, 0x7b, 0xe2, 0x29, 0x40, 0x19, 0x40, 0x11, 0x20, 0x11,
  0x20, 0x11, 0x40, 0x11, 0x40, 0x11, 0x80, 0x19, 0x20, 0x33, 0xa0, 0x2a, 0x80, 0x31, 0xe0, 0x19,
  0xa2, 0x21, 0x60, 0x1a, 0xe0, 0x19, 0x00, 0x00, 0xa0, 0x02, 0xc0, 0x19, 0xe2, 0x29, 0xe0, 0x19,
  0x42, 0x22, 0xe1, 0x21, 0xc0, 0x39, 0x20, 0x33, 0xe0, 0x03, 0x00, 0x00, 0xe0, 0x39, 0xa3, 0x3a,
  0xe3, 0x39, 0x00, 0x00, 0x00, 0x00, 0x00, 0x00, 0x00, 0x00, 0x00, 0x00, 0x00, 0x00, 0x00, 0x00,
  0x00, 0x00, 0x00, 0x00, 0x00, 0x00, 0x00, 0x00, 0x00, 0x00, 0x00, 0x00, 0x00, 0x00, 0x00, 0x00,
  0xe0, 0x07, 0xe0, 0x7b, 0xe0, 0x7b, 0x00, 0x00, 0xe0, 0x07, 0x00, 0x00, 0x00, 0x00, 0x00, 0x00,
  0x00, 0x00, 0xe0, 0x07, 0x00, 0x00, 0x00, 0x00, 0x00, 0x00, 0x00, 0x00, 0x00, 0x00, 0x00, 0x00,
  0x00, 0x00, 0x00, 0x00, 0x00, 0x00, 0x00, 0x00, 0x00, 0x00, 0x00, 0x00, 0x00, 0x00, 0x00, 0x00,
  0x00, 0x00, 0x00, 0x00, 0x00, 0x00, 0x00, 0x00, 0x00, 0x00, 0x00, 0x00, 0x00, 0x00, 0x00, 0x00,
  0x00, 0x00, 0x00, 0x00, 0x00, 0x00, 0x00, 0x00, 0x00, 0x00, 0x00, 0x00, 0x00, 0x00, 0x00, 0x00,
  0x00, 0x00, 0xc2, 0x2a, 0xe2, 0x32, 0x00, 0x00, 0x00, 0x00, 0x00, 0x00, 0x00, 0x00, 0x00, 0x00,
  0x00, 0x00, 0x00, 0x00, 0x00, 0x00, 0x00, 0x00, 0x00, 0x00, 0x00, 0x00, 0x00, 0x00, 0x00, 0x00,
  0x00, 0x00, 0x00, 0x00, 0x00, 0x00, 0x00, 0x00, 0x00, 0x00, 0x00, 0x00, 0x00, 0x00, 0x00, 0x00,
  0x00, 0x00, 0x00, 0x00, 0x00, 0x00, 0x00, 0x00, 0x00, 0x00, 0x00, 0x00, 0x00, 0x00, 0x00, 0x00,
  0x00, 0x00, 0x00, 0x00, 0x00, 0x00, 0x00, 0x00, 0x00, 0x00, 0xe0, 0x3b, 0x23, 0x33, 0x00, 0x00,
  0x00, 0x00, 0x00, 0x00, 0x00, 0x00, 0x00, 0x00, 0x00, 0x00, 0x00, 0x00, 0x00, 0x00, 0x00, 0x00,
  0x00, 0x00, 0x00, 0x00, 0x00, 0x00, 0x00, 0x00, 0x00, 0x00, 0x00, 0x00, 0x00, 0x00, 0x00, 0x00,
  0x00, 0x00, 0x00, 0x00, 0x00, 0x00, 0x00, 0x00, 0x00, 0x00, 0x00, 0x00, 0x00, 0x00, 0x00, 0x00,
  0x00, 0x00, 0x00, 0x00, 0x00, 0x00, 0x00, 0x00, 0x00, 0x00, 0x00, 0x00, 0x00, 0x00, 0x00, 0x00,
  0x00, 0x00, 0x00, 0x00, 0x00, 0x00, 0x00, 0x00, 0x00, 0x00, 0x00, 0x00, 0x00, 0x00, 0x00, 0x00,
  0x00, 0x00, 0x00, 0x00, 0x00, 0x00, 0x00, 0x00, 0x00, 0x00, 0x00, 0x00, 0x00, 0x00, 0x00, 0x00,
  0x00, 0x00, 0x00, 0x00, 0x00, 0x00, 0x00, 0x00, 0x00, 0x00, 0x00, 0x00, 0x00, 0x00, 0x00, 0x00,
  0x00, 0x00, 0x00, 0x00, 0x00, 0x00, 0x00, 0x00, 0x00, 0x00, 0x00, 0x00, 0x00, 0x00, 0x00, 0x00,
  0x00, 0x00, 0x00, 0x00, 0x00, 0x00, 0x00, 0x00, 0x00, 0x00, 0x00, 0x00, 0x00, 0x00, 0x00, 0x00,
  0x00, 0x00, 0x00, 0x00, 0x00, 0x00, 0x00, 0x00, 0x00, 0x00, 0x00, 0x00, 0x00, 0x00, 0x00, 0x00,
  0x00, 0x00, 0x00, 0x00, 0x00, 0x00, 0x00, 0x00, 0x00, 0x00, 0x00, 0x00, 0x00, 0x00, 0x00, 0x00,
  0x00, 0x00, 0x00, 0x00, 0x00, 0x00, 0x00, 0x00, 0x00, 0x00, 0x00, 0x00, 0x00, 0x00, 0x00, 0x00,
  0x00, 0x00, 0x00, 0x00, 0x00, 0x00, 0x00, 0x00, 0x00, 0x00, 0x00, 0x00, 0x00, 0x00, 0x00, 0x00,
  0x00, 0x00, 0x00, 0x00, 0x00, 0x00, 0x00, 0x00, 0x00, 0x00, 0x00, 0x00, 0x00, 0x00, 0x00, 0x00,
  0x00, 0x00, 0x00, 0x00, 0x00, 0x00, 0x00, 0x00, 0x00, 0x00, 0x00, 0x00, 0x00, 0x00, 0x00, 0x00,
  0x00, 0x00, 0x00, 0x00, 0x00, 0x00, 0x00, 0x00, 0x00, 0x00, 0x00, 0x00, 0x00, 0x00, 0x00, 0x00,
  0xe0, 0x03, 0x00, 0x00, 0x00, 0x00, 0x00, 0x00, 0x00, 0x00, 0x00, 0x00, 0x00, 0x00, 0x00, 0x00,
  0x00, 0x00, 0x00, 0x00, 0x00, 0x00, 0x61, 0x19, 0x60, 0x19, 0x40, 0x19, 0x20, 0x11, 0x20, 0x11,
  0x20, 0x11, 0x60, 0x19, 0x80, 0x19, 0xc0, 0x19, 0x20, 0x63, 0xe3, 0x19, 0xe0, 0x01, 0x80, 0x31,
  0x80, 0x31, 0xa0, 0x02, 0xe0, 0x03, 0xe0, 0x3b, 0xe0, 0x03, 0xe0, 0x03, 0x00, 0x00, 0x00, 0x00,
  0x80, 0x31, 0xa0, 0x02, 0x00, 0x00, 0x00, 0x00, 0x00, 0x00, 0xe0, 0x7b, 0x00, 0x00, 0x00, 0x00,
  0x00, 0x00, 0x00, 0x00, 0xe0, 0x07, 0x00, 0x00, 0x00, 0x00, 0x00, 0x00, 0x00, 0x00, 0x00, 0x00,
  0x00, 0x00, 0x00, 0x00, 0x00, 0x00, 0x00, 0x00, 0x00, 0x00, 0x00, 0x00, 0x00, 0x00, 0x00, 0x00,
  0x00, 0x00, 0x00, 0x00, 0x00, 0x00, 0xe0, 0x03, 0x00, 0x00, 0x00, 0x00, 0x00, 0x00, 0x00, 0x00,
  0x00, 0x00, 0x00, 0x00, 0x00, 0x00, 0x00, 0x00, 0x00, 0x00, 0x00, 0x00, 0x00, 0x00, 0x00, 0x00,
  0x00, 0x00, 0x00, 0x00, 0x00, 0x00, 0x00, 0x00, 0x00, 0x00, 0x00, 0x00, 0x00, 0x00, 0x00, 0x00,
  0x00, 0x00, 0x00, 0x00, 0x00, 0x00, 0x00, 0x00, 0x00, 0x00, 0x00, 0x00, 0x00, 0x00, 0x00, 0x00,
  0x00, 0x00, 0x00, 0x00, 0x00, 0x00, 0x00, 0x00, 0x00, 0x00, 0x00, 0x00, 0x00, 0x00, 0x00, 0x00,
  0x00, 0x00, 0x00, 0x00, 0x00, 0x00, 0xc2, 0x22, 0xc1, 0x2a, 0x00, 0x00, 0x00, 0x00, 0x00, 0x00,
  0x00, 0x00, 0x00, 0x00, 0x00, 0x00, 0x00, 0x00, 0x00, 0x00, 0x00, 0x00, 0x00, 0x00, 0x00, 0x00,
  0x00, 0x00, 0x00, 0x00, 0x00, 0x00, 0x00, 0x00, 0x00, 0x00, 0x00, 0x00, 0x00, 0x00, 0x00, 0x00,
  0x00, 0x00, 0x00, 0x00, 0x00, 0x00, 0x00, 0x00, 0x00, 0x00, 0x00, 0x00, 0x00, 0x00, 0x00, 0x00,
  0x00, 0x00, 0x00, 0x00, 0x00, 0x00, 0x00, 0x00, 0x00, 0x00, 0x00, 0x00, 0x00, 0x00, 0x00, 0x00,
  0x00, 0x00, 0xe0, 0x07, 0x00, 0x00, 0x00, 0x00, 0x00, 0x00, 0x00, 0x00, 0x00, 0x00, 0x00, 0x00,
  0x00, 0x00, 0x00, 0x00, 0x00, 0x00, 0x00, 0x00, 0x00, 0x00, 0x26, 0x33, 0x00, 0x00, 0x00, 0x00,
  0x00, 0x00, 0x00, 0x00, 0x00, 0x00, 0x00, 0x00, 0x00, 0x00, 0x00, 0x00, 0x00, 0x00, 0x00, 0x00,
  0x00, 0x00, 0x00, 0x00, 0x00, 0x00, 0x00, 0x00, 0x00, 0x00, 0x00, 0x00, 0x00, 0x00, 0x00, 0x00,
  0x00, 0x00, 0x00, 0x00, 0x00, 0x00, 0x00, 0x00, 0x00, 0x00, 0x00, 0x00, 0x00, 0x00, 0x00, 0x00,
  0x00, 0x00, 0x00, 0x00, 0x00, 0x00, 0x00, 0x00, 0x00, 0x00, 0x00, 0x00, 0x00, 0x00, 0x00, 0x00,
  0x00, 0x00, 0x00, 0x00, 0x00, 0x00, 0x00, 0x00, 0x00, 0x00, 0x00, 0x00, 0x00, 0x00, 0x00, 0x00,
  0x00, 0x00, 0x00, 0x00, 0x00, 0x00, 0x00, 0x00, 0x00, 0x00, 0x00, 0x00, 0x00, 0x00, 0x00, 0x00,
  0x00, 0x00, 0x00, 0x00, 0x00, 0x00, 0x00, 0x00, 0x00, 0x00, 0x00, 0x00, 0x00, 0x00, 0x00, 0x00,
  0x00, 0x00, 0x00, 0x00, 0x00, 0x00, 0x00, 0x00, 0x00, 0x00, 0x00, 0x00, 0x00, 0x00, 0x00, 0x00,
  0x00, 0x00, 0x00, 0x00, 0x00, 0x00, 0x00, 0x00, 0x00, 0x00, 0x00, 0x00, 0x00, 0x00, 0x00, 0x00,
  0x00, 0x00, 0x00, 0x00, 0x00, 0x00, 0x00, 0x00, 0x00, 0x00, 0x00, 0x00, 0x00, 0x00, 0x00, 0x00,
  0x00, 0x00, 0x00, 0x00, 0x00, 0x00, 0x00, 0x00, 0x00, 0x00, 0x00, 0x00, 0x00, 0x00, 0x00, 0x00,
  0x00, 0x00, 0x00, 0x00, 0x00, 0x00, 0x00, 0x00, 0x00, 0x00, 0x00, 0x00, 0x00, 0x00, 0x00, 0x00,
  0x00, 0x00, 0x00, 0x00, 0x00, 0x00, 0x00, 0x00, 0x00, 0x00, 0x00, 0x00, 0x00, 0x00, 0x00, 0x00,
  0x00, 0x00, 0x00, 0x00, 0x00, 0x00, 0x00, 0x00, 0x00, 0x00, 0x00, 0x00, 0x00, 0x00, 0x00, 0x00,
  0x00, 0x00, 0x00, 0x00, 0x00, 0x00, 0x00, 0x00, 0x00, 0x00, 0x00, 0x00, 0x00, 0x00, 0x00, 0x00,
  0x00, 0x00, 0xe0, 0x01, 0xe0, 0x39, 0x40, 0x19, 0x00, 0x11, 0x20, 0x11, 0x40, 0x11, 0x40, 0x11,
  0x40, 0x19, 0x41, 0x11, 0x00, 0x00, 0x00, 0x00, 0x00, 0x00, 0xa0, 0x02, 0xe0, 0x01, 0xe0, 0x07,
  0x00, 0x00, 0x00, 0x00, 0x00, 0x00, 0x00, 0x00, 0x00, 0x00, 0x00, 0x00, 0x00, 0x00, 0x00, 0x00,
  0xe0, 0x07, 0x00, 0x00, 0x00, 0x00, 0x00, 0x00, 0xa0, 0x52, 0x00, 0x00, 0x00, 0x00, 0x00, 0x00,
  0x00, 0x00, 0x00, 0x00, 0x00, 0x00, 0x00, 0x00, 0x00, 0x00, 0x00, 0x00, 0x00, 0x00, 0x00, 0x00,
  0x00, 0x00, 0x00, 0x00, 0x00, 0x00, 0x00, 0x00, 0x00, 0x00, 0x00, 0x00, 0x00, 0x00, 0x00, 0x00,
  0x00, 0x00, 0x00, 0x00, 0x00, 0x00, 0x00, 0x00, 0x20, 0x33, 0x20, 0x03, 0x00, 0x00, 0x00, 0x00,
  0x00, 0x00, 0x00, 0x00, 0x00, 0x00, 0x00, 0x00, 0x00, 0x00, 0x00, 0x00, 0x00, 0x00, 0x00, 0x00,
  0x00, 0x00, 0x00, 0x00, 0x00, 0x00, 0x00, 0x00, 0x00, 0x00, 0x00, 0x00, 0x00, 0x00, 0x00, 0x00,
  0xe0, 0x07, 0x00, 0x00, 0x00, 0x00, 0x00, 0x00, 0x00, 0x00, 0x00, 0x00, 0x00, 0x00, 0x00, 0x00,
  0x00, 0x00, 0x00, 0x00, 0x00, 0x00, 0x00, 0x00, 0x00, 0x00, 0x00, 0x00, 0x00, 0x00, 0x00, 0x00,
  0x00, 0x00, 0x00, 0x00, 0x00, 0x00, 0x40, 0x22, 0x60, 0x1a, 0x80, 0x31, 0xa0, 0x2a, 0x00, 0x00,
  0x00, 0x00, 0x00, 0x00, 0xe0, 0x03, 0xe0, 0x07, 0x00, 0x00, 0x00, 0x00, 0x00, 0x00, 0x00, 0x00,
  0x00, 0x00, 0x00, 0x00, 0x00, 0x00, 0x00, 0x00, 0x00, 0x00, 0x00, 0x00, 0x00, 0x00, 0x00, 0x00,
  0x00, 0x00, 0x00, 0x00, 0x00, 0x00, 0x00, 0x00, 0x00, 0x00, 0x00, 0x00, 0x00, 0x00, 0x00, 0x00,
  0x00, 0x00, 0x00, 0x00, 0x00, 0x00, 0x00, 0x00, 0x00, 0x00, 0x00, 0x00, 0x00, 0x00, 0x00, 0x00,
  0x00, 0x00, 0x00, 0x00, 0x00, 0x00, 0x00, 0x00, 0x00, 0x00, 0x00, 0x00, 0x00, 0x00, 0x00, 0x00,
  0x00, 0x00, 0x00, 0x00, 0x00, 0x00, 0x00, 0x00, 0x00, 0x00, 0xe0, 0x03, 0xe1, 0x2a, 0xe2, 0x2a,
  0x00, 0x00, 0x00, 0x00, 0x00, 0x00, 0x00, 0x00, 0x00, 0x00, 0x00, 0x00, 0x00, 0x00, 0x00, 0x00,
  0x00, 0x00, 0x00, 0x00, 0x00, 0x00, 0x00, 0x00, 0x00, 0x00, 0x00, 0x00, 0x00, 0x00, 0x00, 0x00,
  0x00, 0x00, 0x00, 0x00, 0x00, 0x00, 0x00, 0x00, 0x00, 0x00, 0x00, 0x00, 0x00, 0x00, 0x00, 0x00,
  0x00, 0x00, 0x00, 0x00, 0x00, 0x00, 0x00, 0x00, 0x00, 0x00, 0x00, 0x00, 0x00, 0x00, 0x00, 0x00,
  0x00, 0x00, 0x00, 0x00, 0x00, 0x00, 0xe0, 0x7b, 0x00, 0x00, 0x61, 0x1a, 0x61, 0x22, 0xa5, 0x2a,
  0x00, 0x00, 0x00, 0x00, 0x00, 0x00, 0x00, 0x00, 0x00, 0x00, 0x00, 0x00, 0x00, 0x00, 0x00, 0x00,
  0x00, 0x00, 0x00, 0x00, 0x00, 0x00, 0x00, 0x00, 0x00, 0x00, 0x00, 0x00, 0x00, 0x00, 0x00, 0x00,
  0x00, 0x00, 0x00, 0x00, 0x00, 0x00, 0x00, 0x00, 0x00, 0x00, 0x00, 0x00, 0x00, 0x00, 0x00, 0x00,
  0x00, 0x00, 0x00, 0x00, 0x00, 0x00, 0x00, 0x00, 0x00, 0x00, 0x00, 0x00, 0x00, 0x00, 0x00, 0x00,
  0x00, 0x00, 0x00, 0x00, 0x00, 0x00, 0x00, 0x00, 0x00, 0x00, 0x00, 0x00, 0x00, 0x00, 0x00, 0x00,
  0x00, 0x00, 0x00, 0x00, 0x00, 0x00, 0x00, 0x00, 0x00, 0x00, 0x00, 0x00, 0x00, 0x00, 0x00, 0x00,
  0x00, 0x00, 0x00, 0x00, 0x00, 0x00, 0x00, 0x00, 0x00, 0x00, 0x00, 0x00, 0x00, 0x00, 0x00, 0x00,
  0x00, 0x00, 0x00, 0x00, 0x00, 0x00, 0x00, 0x00, 0x00, 0x00, 0x00, 0x00, 0x00, 0x00, 0x00, 0x00,
  0x00, 0x00, 0x00, 0x00, 0x00, 0x00, 0x00, 0x00, 0x00, 0x00, 0x00, 0x00, 0x00, 0x00, 0x00, 0x00,
  0x00, 0x00, 0x00, 0x00, 0x00, 0x00, 0x00, 0x00, 0x00, 0x00, 0x00, 0x00, 0x00, 0x00, 0x00, 0x00,
  0x00, 0x00, 0xe0, 0x39, 0x41, 0x21, 0x20, 0x11, 0x00, 0x11, 0x00, 0x11, 0x20, 0x11, 0x20, 0x19,
  0xa0, 0x11, 0xa0, 0x52, 0x00, 0x00, 0x00, 0x00, 0x00, 0x00, 0x00, 0x00, 0x00, 0x00, 0x00, 0x00,
  0x00, 0x00, 0x00, 0x00, 0x00, 0x00, 0x00, 0x00, 0x00, 0x00, 0x00, 0x00, 0x00, 0x00, 0x00, 0x00,
  0x00, 0x00, 0x00, 0x00, 0x00, 0x00, 0x00, 0x00, 0xe0, 0x7b, 0x00, 0x00, 0x00, 0x00, 0x00, 0x00,
  0x00, 0x00, 0x00, 0x00, 0x00, 0x00, 0x00, 0x00, 0x00, 0x00, 0x00, 0x00, 0x00, 0x00, 0x00, 0x00,
  0x00, 0x00, 0x00, 0x00, 0x00, 0x00, 0x00, 0x00, 0x00, 0x00, 0x00, 0x00, 0x00, 0x00, 0x00, 0x00,
  0x00, 0x00, 0x00, 0x00, 0x00, 0x00, 0x00, 0x00, 0x00, 0x00, 0x00, 0x00, 0xa0, 0x2a, 0xa1, 0x22,
  0xc2, 0x22, 0x00, 0x00, 0x00, 0x00, 0x00, 0x00, 0x00, 0x00, 0x00, 0x00, 0x00, 0x00, 0x00, 0x00,
  0x00, 0x00, 0x00, 0x00, 0x00, 0x00, 0x00, 0x00, 0x00, 0x00, 0x00, 0x00, 0x00, 0x00, 0x00, 0x00,
  0x00, 0x00, 0x00, 0x00, 0x00, 0x00, 0x60, 0x22, 0xc1, 0x2a, 0x00, 0x00, 0x00, 0x00, 0x00, 0x00,
  0x00, 0x00, 0x00, 0x00, 0x00, 0x00, 0x00, 0x00, 0x00, 0x00, 0x00, 0x00, 0x00, 0x00, 0x00, 0x00,
  0x00, 0x00, 0x00, 0x00, 0x00, 0x00, 0xe0, 0x07, 0x00, 0x00, 0x01, 0x33, 0x21, 0x33, 0x00, 0x00,
  0x00, 0x00, 0x00, 0x00, 0x00, 0x00, 0x00, 0x00, 0xa0, 0x02, 0x00, 0x00, 0x00, 0x00, 0x00, 0x00,
  0x00, 0x00, 0x00, 0x00, 0x00, 0x00, 0x00, 0x00, 0x00, 0x00, 0x00, 0x00, 0x00, 0x00, 0x00, 0x00,
  0x00, 0x00, 0x00, 0x00, 0x00, 0x00, 0x00, 0x00, 0x00, 0x00, 0x00, 0x00, 0x00, 0x00, 0x00, 0x00,
  0x00, 0x00, 0x00, 0x00, 0x00, 0x00, 0x00, 0x00, 0x00, 0x00, 0x00, 0x00, 0x00, 0x00, 0x00, 0x00,
  0x00, 0x00, 0x00, 0x00, 0x00, 0x00, 0x00, 0x00, 0x00, 0x00, 0x00, 0x00, 0x00, 0x00, 0x00, 0x00,
  0x00, 0x00, 0x00, 0x00, 0x00, 0x00, 0x00, 0x00, 0x00, 0x00, 0x00, 0x00, 0x00, 0x00, 0xa0, 0x52,
  0x01, 0x2b, 0xe2, 0x2a, 0x00, 0x00, 0x00, 0x00, 0x00, 0x00, 0x00, 0x00, 0x00, 0x00, 0x00, 0x00,
  0x00, 0x00, 0x00, 0x00, 0x00, 0x00, 0x00, 0x00, 0x00, 0x00, 0x00, 0x00, 0x00, 0x00, 0x00, 0x00,
  0x00, 0x00, 0x00, 0x00, 0x00, 0x00, 0x00, 0x00, 0x00, 0x00, 0x00, 0x00, 0x00, 0x00, 0x00, 0x00,
  0x00, 0x00, 0x00, 0x00, 0x00, 0x00, 0x00, 0x00, 0x00, 0x00, 0x00, 0x00, 0x00, 0x00, 0x00, 0x00,
  0x00, 0x00, 0x00, 0x00, 0x00, 0x00, 0x00, 0x00, 0x00, 0x00, 0x00, 0x00, 0x00, 0x00, 0x20, 0x03,
  0x41, 0x2a, 0xa0, 0x02, 0x00, 0x00, 0x00, 0x00, 0x00, 0x00, 0x00, 0x00, 0x00, 0x00, 0x00, 0x00,
  0x00, 0x00, 0x00, 0x00, 0x00, 0x00, 0x00, 0x00, 0x00, 0x00, 0x00, 0x00, 0x00, 0x00, 0x00, 0x00,
  0x00, 0x00, 0x00, 0x00, 0x00, 0x00, 0x00, 0x00, 0x00, 0x00, 0x00, 0x00, 0x00, 0x00, 0x00, 0x00,
  0x00, 0x00, 0x00, 0x00, 0x00, 0x00, 0x00, 0x00, 0x00, 0x00, 0x00, 0x00, 0x00, 0x00, 0x00, 0x00,
  0x00, 0x00, 0x00, 0x00, 0x00, 0x00, 0x00, 0x00, 0x00, 0x00, 0x00, 0x00, 0x00, 0x00, 0x00, 0x00,
  0x00, 0x00, 0x00, 0x00, 0x00, 0x00, 0x00, 0x00, 0x00, 0x00, 0x00, 0x00, 0x00, 0x00, 0x00, 0x00,
  0x00, 0x00, 0x00, 0x00, 0x00, 0x00, 0x00, 0x00, 0x00, 0x00, 0x00, 0x00, 0x00, 0x00, 0x00, 0x00,
  0x00, 0x00, 0x00, 0x00, 0x00, 0x00, 0x00, 0x00, 0x00, 0x00, 0x00, 0x00, 0x00, 0x00, 0x00, 0x00,
  0x00, 0x00, 0x00, 0x00, 0x00, 0x00, 0x00, 0x00, 0x00, 0x00, 0x00, 0x00, 0x00, 0x00, 0x00, 0x00,
  0x00, 0x00, 0x00, 0x00, 0x00, 0x00, 0x00, 0x00, 0x00, 0x00, 0x00, 0x00, 0x00, 0x00, 0x00, 0x00,
  0x00, 0x00, 0x61, 0x11, 0x20, 0x19, 0x20, 0x19, 0x20, 0x19, 0x40, 0x11, 0x01, 0x19, 0x40, 0x19,
  0x40, 0x19, 0x80, 0x01, 0x00, 0x00, 0x00, 0x00, 0xe0, 0x01, 0x00, 0x00, 0x00, 0x00, 0x00, 0x00,
  0x00, 0x00, 0x00, 0x00, 0x00, 0x00, 0x00, 0x00, 0xe0, 0x07, 0x00, 0x00, 0x00, 0x00, 0x00, 0x00,
  0xe0, 0x7b, 0x00, 0x00, 0x00, 0x00, 0xa0, 0x52, 0xa0, 0x52, 0x00, 0x00, 0x00, 0x78, 0x00, 0x00,
  0x00, 0x00, 0x00, 0x00, 0xe0, 0x03, 0xe0, 0x7b, 0x00, 0x00, 0x00, 0x00, 0x00, 0x00, 0x00, 0x00,
  0x00, 0x00, 0x00, 0x00, 0x00, 0x00, 0x00, 0x00, 0x00, 0x00, 0x00, 0x00, 0x00, 0x00, 0x00, 0x00,
  0x00, 0x00, 0x00, 0x00, 0x00, 0x00, 0x00, 0x00, 0x00, 0x00, 0x00, 0x00, 0x00, 0x00, 0x00, 0x00,
  0xe0, 0x03, 0xa2, 0x2a, 0x80, 0x31, 0x00, 0x00, 0x00, 0x00, 0x00, 0x00, 0x00, 0x00, 0x00, 0x00,
  0x00, 0x00, 0x00, 0x00, 0x00, 0x00, 0x00, 0x00, 0x00, 0x00, 0x00, 0x00, 0x00, 0x00, 0x00, 0x00,
  0x00, 0x00, 0x00, 0x00, 0x00, 0x00, 0x00, 0x00, 0x00, 0x00, 0x60, 0x32, 0xc2, 0x32, 0x00, 0x00,
  0x00, 0x00, 0x00, 0x00, 0x00, 0x00, 0x00, 0x00, 0x00, 0x00, 0x00, 0x00, 0x00, 0x00, 0x00, 0x00,
  0x00, 0x00, 0x00, 0x00, 0x00, 0x00, 0x00, 0x00, 0x00, 0x00, 0xe0, 0x03, 0x00, 0x00, 0x22, 0x33,
  0x22, 0x33, 0x00, 0x00, 0x00, 0x00, 0x00, 0x00, 0x00, 0x00, 0x00, 0x00, 0x00, 0x00, 0x00, 0x00,
  0x00, 0x00, 0x00, 0x00, 0x00, 0x00, 0x00, 0x00, 0x00, 0x00, 0x00, 0x00, 0x00, 0x00, 0x00, 0x00,
  0x00, 0x00, 0x00, 0x00, 0x00, 0x00, 0x00, 0x00, 0x00, 0x00, 0x00, 0x00, 0x00, 0x00, 0x00, 0x00,
  0x00, 0x00, 0x00, 0x00, 0x00, 0x00, 0x00, 0x00, 0x00, 0x00, 0x00, 0x00, 0x00, 0x00, 0x00, 0x00,
  0x00, 0x00, 0x00, 0x00, 0x00, 0x00, 0x00, 0x00, 0x00, 0x00, 0x00, 0x00, 0x00, 0x00, 0x00, 0x00,
  0x00, 0x00, 0x00, 0x00, 0x00, 0x00, 0x00, 0x00, 0x00, 0x00, 0x00, 0x00, 0x00, 0x00, 0x00, 0x00,
  0x00, 0x00, 0x00, 0x00, 0xa2, 0x2a, 0xa1, 0x22, 0x00, 0x00, 0x00, 0x00, 0x00, 0x00, 0x00, 0x00,
  0x00, 0x00, 0x00, 0x00, 0x00, 0x00, 0x00, 0x00, 0x00, 0x00, 0x00, 0x00, 0x00, 0x00, 0x00, 0x00,
  0x00, 0x00, 0x00, 0x00, 0x00, 0x00, 0x00, 0x00, 0x00, 0x00, 0x00, 0x00, 0x00, 0x00, 0x00, 0x00,
  0x00, 0x00, 0x00, 0x00, 0x00, 0x00, 0x00, 0x00, 0x00, 0x00, 0x00, 0x00, 0x00, 0x00, 0x00, 0x00,
  0x00, 0x00, 0x00, 0x00, 0x00, 0x00, 0x00, 0x00, 0x00, 0x00, 0x00, 0x00, 0x00, 0x00, 0x00, 0x00,
  0x00, 0x00, 0x00, 0x00, 0x00, 0x00, 0x00, 0x00, 0x00, 0x00, 0x00, 0x00, 0x00, 0x00, 0x00, 0x00,
  0x00, 0x00, 0x00, 0x00, 0x00, 0x00, 0x00, 0x00, 0x00, 0x00, 0x00, 0x00, 0x00, 0x00, 0x00, 0x00,
  0x00, 0x00, 0x00, 0x00, 0x00, 0x00, 0x00, 0x00, 0x00, 0x00, 0x00, 0x00, 0x00, 0x00, 0x00, 0x00,
  0x00, 0x00, 0x00, 0x00, 0x00, 0x00, 0x00, 0x00, 0x00, 0x00, 0x00, 0x00, 0x00, 0x00, 0x00, 0x00,
  0x00, 0x00, 0x00, 0x00, 0x00, 0x00, 0x00, 0x00, 0x00, 0x00, 0x00, 0x00, 0x00, 0x00, 0x00, 0x00,
  0x00, 0x00, 0x00, 0x00, 0x00, 0x00, 0x00, 0x00, 0x00, 0x00, 0x00, 0x00, 0x00, 0x00, 0x00, 0x00,
  0x00, 0x00, 0x00, 0x00, 0x00, 0x00, 0x00, 0x00, 0x00, 0x00, 0x00, 0x00, 0x00, 0x00, 0x00, 0x00,
  0x00, 0x00, 0x00, 0x00, 0x00, 0x00, 0x00, 0x00, 0x00, 0x00, 0x00, 0x00, 0x00, 0x00, 0x00, 0x00,
  0x00, 0x00, 0x00, 0x00, 0x00, 0x00, 0x00, 0x00, 0x00, 0x00, 0x00, 0x00, 0x00, 0x00, 0x00, 0x00,
  0x00, 0x00, 0x00, 0x00, 0x00, 0x00, 0x00, 0x00, 0x00, 0x00, 0x00, 0x00, 0x00, 0x00, 0x00, 0x00,
  0x02, 0x21, 0x20, 0x19, 0x00, 0x19, 0x00, 0x19, 0x20, 0x19, 0x20, 0x19, 0x41, 0x19, 0x20, 0x33,
  0x00, 0x00, 0x00, 0x00, 0x00, 0x00, 0x00, 0x50, 0x00, 0x00, 0x00, 0x00, 0x00, 0x00, 0x00, 0x00,
  0x00, 0x00, 0x00, 0x00, 0x00, 0x00, 0x00, 0x00, 0x00, 0x00, 0x00, 0x00, 0x00, 0x00, 0x00, 0x00,
  0x00, 0x00, 0xa0, 0x52, 0xe0, 0x39, 0x00, 0xf8, 0xe1, 0x19, 0xc0, 0x19, 0xa0, 0x52, 0x00, 0x00,
  0xe0, 0x07, 0x00, 0x00, 0x00, 0x00, 0x00, 0x00, 0x00, 0x00, 0x00, 0x00, 0x00, 0x00, 0x00, 0x00,
  0x00, 0x00, 0x00, 0x00, 0x00, 0x00, 0x00, 0x00, 0x00, 0x00, 0x00, 0x00, 0x00, 0x00, 0x00, 0x00,
  0x00, 0x00, 0x00, 0x00, 0x00, 0x00, 0x00, 0x00, 0x00, 0x00, 0x00, 0x00, 0x00, 0x00, 0x00, 0x00,
  0x00, 0x00, 0x00, 0x00, 0x00, 0x00, 0x00, 0x00, 0x00, 0x00, 0x00, 0x00, 0x00, 0x00, 0x00, 0x00,
  0x00, 0x00, 0x00, 0x00, 0x00, 0x00, 0x00, 0x00, 0x00, 0x00, 0x00, 0x00, 0x00, 0x00, 0x00, 0x00,
  0x00, 0x00, 0x00, 0x00, 0x00, 0x00, 0x00, 0x00, 0x00, 0x00, 0x00, 0x00, 0x00, 0x00, 0x00, 0x00,
  0x00, 0x00, 0x00, 0x00, 0x00, 0x00, 0x00, 0x00, 0x00, 0x00, 0x00, 0x00, 0x00, 0x00, 0x00, 0x00,
  0x00, 0x00, 0x00, 0x00, 0x00, 0x00, 0x00, 0x00, 0x00, 0x00, 0x00, 0x00, 0x00, 0x00, 0x00, 0x00,
  0x00, 0x00, 0x00, 0x00, 0xa1, 0x2a, 0xe0, 0x07, 0x00, 0x00, 0x00, 0x00, 0x00, 0x00, 0x00, 0x00,
  0x00, 0x00, 0x00, 0x00, 0x00, 0x00, 0x00, 0x00, 0x00, 0x00, 0x00, 0x00, 0x00, 0x00, 0x00, 0x00,
  0x00, 0x00, 0x00, 0x00, 0x00, 0x00, 0x00, 0x00, 0x00, 0x00, 0x00, 0x00, 0x00, 0x00, 0x00, 0x00,
  0x00, 0x00, 0x00, 0x00, 0x00, 0x00, 0x00, 0x00, 0x00, 0x00, 0x00, 0x00, 0x00, 0x00, 0x00, 0x00,
  0x00, 0x00, 0x00, 0x00, 0x00, 0x00, 0x00, 0x00, 0x00, 0x00, 0x00, 0x00, 0x00, 0x00, 0x00, 0x00,
  0x00, 0x00, 0x00, 0x00, 0x00, 0x00, 0x00, 0x00, 0x00, 0x00, 0x00, 0x00, 0x00, 0x00, 0x00, 0x00,
  0xe0, 0x07, 0x00, 0x00, 0x00, 0x00, 0x00, 0x00, 0x00, 0x00, 0x00, 0x00, 0x00, 0x00, 0x00, 0x00,
  0x00, 0x00, 0x00, 0x00, 0x00, 0x00, 0x00, 0x00, 0x00, 0x00, 0x00, 0x00, 0x00, 0x00, 0x00, 0x00,
  0x00, 0x00, 0x00, 0x00, 0x00, 0x00, 0x00, 0x00, 0x00, 0x00, 0x00, 0x00, 0x00, 0x00, 0x00, 0x00,
  0x00, 0x00, 0x00, 0x00, 0x00, 0x00, 0x00, 0x00, 0xa2, 0x12, 0xc1, 0x22, 0xa0, 0x2a, 0x00, 0x00,
  0x00, 0x00, 0x00, 0x00, 0x00, 0x00, 0x00, 0x00, 0x00, 0x00, 0x00, 0x00, 0x00, 0x00, 0x00, 0x00,
  0x00, 0x00, 0x00, 0x00, 0x00, 0x00, 0x00, 0x00, 0x00, 0x00, 0x00, 0x00, 0x00, 0x00, 0x00, 0x00,
  0x00, 0x00, 0x00, 0x00, 0x00, 0x00, 0x00, 0x00, 0x00, 0x00, 0x00, 0x00, 0x00, 0x00, 0x00, 0x00,
  0x00, 0x00, 0x00, 0x00, 0x00, 0x00, 0x00, 0x00, 0x00, 0x00, 0x00, 0x00, 0x00, 0x00, 0x00, 0x00,
  0x00, 0x00, 0x00, 0x00, 0x00, 0x00, 0x00, 0x00, 0x00, 0x00, 0x00, 0x00, 0x00, 0x00, 0x00, 0x00,
  0x00, 0x00, 0x00, 0x00, 0x00, 0x00, 0x00, 0x00, 0x00, 0x00, 0x00, 0x00, 0x00, 0x00, 0x00, 0x00,
  0x00, 0x00, 0x00, 0x00, 0x00, 0x00, 0x00, 0x00, 0x00, 0x00, 0x00, 0x00, 0x00, 0x00, 0x00, 0x00,
  0x00, 0x00, 0x00, 0x00, 0x00, 0x00, 0x00, 0x00, 0x00, 0x00, 0x00, 0x00, 0x00, 0x00, 0x00, 0x00,
  0x00, 0x00, 0x00, 0x00, 0x00, 0x00, 0x00, 0x00, 0x00, 0x00, 0x00, 0x00, 0x00, 0x00, 0x00, 0x00,
  0x00, 0x00, 0x00, 0x00, 0x00, 0x00, 0x00, 0x00, 0x00, 0x00, 0x00, 0x00, 0x00, 0x00, 0x00, 0x00,
  0x00, 0x00, 0x00, 0x00, 0x00, 0x00, 0x00, 0x00, 0x00, 0x00, 0x00, 0x00, 0x00, 0x00, 0x00, 0x00,
  0x40, 0x29, 0x20, 0x19, 0x00, 0x19, 0x20, 0x19, 0x00, 0x19, 0x40, 0x19, 0x60, 0x19, 0x00, 0x00,
  0x00, 0x00, 0x00, 0x00, 0x00, 0x00, 0x00, 0x00, 0x00, 0x00, 0x00, 0x00, 0x00, 0x00, 0x00, 0x00,
  0x00, 0x00, 0x00, 0x00, 0x00, 0x00, 0x00, 0x00, 0x00, 0x00, 0x00, 0x00, 0x00, 0x00, 0x00, 0x00,
  0x00, 0x00, 0x00, 0x00, 0x00, 0x00, 0x00, 0x00, 0xa0, 0x21, 0xc1, 0x21, 0xe1, 0x29, 0x86, 0x31,
  0xa5, 0x2a, 0x00, 0x00, 0x00, 0x00, 0x00, 0x00, 0x00, 0x00, 0x00, 0x00, 0x00, 0x00, 0x00, 0x00,
  0x00, 0x00, 0x00, 0x00, 0x00, 0x00, 0x00, 0x00, 0x00, 0x00, 0x00, 0x00, 0x00, 0x00, 0x00, 0x00,
  0x00, 0x00, 0x00, 0x00, 0x00, 0x00, 0x00, 0x00, 0x00, 0x00, 0x00, 0x00, 0x00, 0x00, 0x00, 0x00,
  0x00, 0x00, 0x00, 0x00, 0x00, 0x00, 0x00, 0x00, 0x00, 0x00, 0x00, 0x00, 0x00, 0x00, 0x00, 0x00,
  0x00, 0x00, 0x00, 0x00, 0x00, 0x00, 0x00, 0x00, 0x00, 0x00, 0x00, 0x00, 0x00, 0x00, 0x00, 0x00,
  0x00, 0x00, 0x00, 0x00, 0x00, 0x00, 0x00, 0x00, 0x00, 0x00, 0x00, 0x00, 0xe0, 0xff, 0x00, 0x00,
  0x00, 0x00, 0x00, 0x00, 0x00, 0x00, 0x00, 0x00, 0x00, 0x00, 0x00, 0x00, 0x00, 0x00, 0x00, 0x00,
  0x00, 0x00, 0x00, 0x00, 0x00, 0x00, 0x00, 0x00, 0x00, 0x00, 0x00, 0x00, 0x00, 0x00, 0x00, 0x00,
  0x00, 0x00, 0x00, 0x00, 0x00, 0x00, 0x00, 0x00, 0x41, 0x2b, 0xe2, 0x2a, 0xa1, 0x2a, 0x00, 0x00,
  0x00, 0x00, 0x00, 0x00, 0x00, 0x00, 0x00, 0x00, 0x00, 0x00, 0x00, 0x00, 0x00, 0x00, 0x00, 0x00,
  0x00, 0x00, 0x00, 0x00, 0x00, 0x00, 0x00, 0x00, 0x00, 0x00, 0x00, 0x00, 0x00, 0x00, 0x00, 0x00,
  0x00, 0x00, 0x00, 0x00, 0x00, 0x00, 0x00, 0x00, 0x00, 0x00, 0x00, 0x00, 0x00, 0x00, 0x00, 0x00,
  0x00, 0x00, 0x00, 0x00, 0x00, 0x00, 0x00, 0x00, 0x00, 0x00, 0x00, 0x00, 0x00, 0x00, 0x00, 0x00,
  0x00, 0x00, 0x00, 0x00, 0x20, 0x33, 0xa2, 0x2a, 0x00, 0x00, 0x00, 0x00, 0x00, 0x00, 0x00, 0x00,
  0x00, 0x00, 0x00, 0x00, 0x00, 0x00, 0x00, 0x00, 0x00, 0x00, 0x00, 0x00, 0x00, 0x00, 0x00, 0x00,
  0x00, 0x00, 0x00, 0x00, 0x00, 0x00, 0x00, 0x00, 0x00, 0x00, 0x00, 0x00, 0x00, 0x00, 0x00, 0x00,
  0x00, 0x00, 0x00, 0x00, 0x00, 0x00, 0x00, 0x00, 0x00, 0x00, 0x00, 0x00, 0x00, 0x00, 0x00, 0x00,
  0x00, 0x00, 0x00, 0x00, 0x00, 0x00, 0x00, 0x00, 0x00, 0x00, 0xe0, 0x07, 0xa1, 0x22, 0xa1, 0x22,
  0xa0, 0x2a, 0x00, 0x00, 0x00, 0x00, 0x00, 0x00, 0x00, 0x00, 0x00, 0x00, 0x00, 0x00, 0x00, 0x00,
  0x00, 0x00, 0x00, 0x00, 0x00, 0x00, 0x00, 0x00, 0x00, 0x00, 0x00, 0x00, 0x00, 0x00, 0x00, 0x00,
  0x00, 0x00, 0x00, 0x00, 0x00, 0x00, 0x00, 0x00, 0x00, 0x00, 0x00, 0x00, 0x00, 0x00, 0x00, 0x00,
  0x00, 0x00, 0x00, 0x00, 0x00, 0x00, 0x00, 0x00, 0x00, 0x00, 0x00, 0x00, 0x00, 0x00, 0x00, 0x00,
  0x00, 0x00, 0x00, 0x00, 0x00, 0x00, 0x00, 0x00, 0x00, 0x00, 0x00, 0x00, 0x00, 0x00, 0x00, 0x00,
  0x00, 0x00, 0x00, 0x00, 0x00, 0x00, 0x00, 0x00, 0x00, 0x00, 0x00, 0x00, 0x00, 0x00, 0x00, 0x00,
  0x00, 0x00, 0x00, 0x00, 0x00, 0x00, 0x00, 0x00, 0x00, 0x00, 0x00, 0x00, 0x00, 0x00, 0x00, 0x00,
  0x00, 0x00, 0x00, 0x00, 0x00, 0x00, 0x00, 0x00, 0x00, 0x00, 0x00, 0x00, 0x00, 0x00, 0x00, 0x00,
  0x00, 0x00, 0x00, 0x00, 0x00, 0x00, 0x00, 0x00, 0x00, 0x00, 0x00, 0x00, 0x00, 0x00, 0x00, 0x00,
  0x00, 0x00, 0x00, 0x00, 0x00, 0x00, 0x00, 0x00, 0x00, 0x00, 0x00, 0x00, 0x00, 0x00, 0x00, 0x00,
  0x00, 0x00, 0x00, 0x00, 0x00, 0x00, 0x00, 0x00, 0x00, 0x00, 0x00, 0x00, 0x00, 0x00, 0xe0, 0x01,
  0x41, 0x19, 0x01, 0x19, 0x20, 0x19, 0x20, 0x19, 0x40, 0x19, 0x42, 0x11, 0x00, 0x00, 0x00, 0x00,
  0x00, 0x00, 0x00, 0x00, 0x00, 0x00, 0x00, 0x00, 0x00, 0x00, 0x00, 0x00, 0x00, 0x00, 0x00, 0x00,
  0x00, 0x00, 0x00, 0x00, 0x00, 0x00, 0x00, 0x00, 0x00, 0x00, 0x00, 0x00, 0x00, 0x00, 0x00, 0x00,
  0x00, 0x00, 0x00, 0x00, 0x00, 0x00, 0x00, 0x00, 0x00, 0x00, 0x00, 0x00, 0xc1, 0x29, 0xc1, 0x19,
  0xa0, 0x19, 0xe1, 0x19, 0x02, 0x22, 0x00, 0x00, 0x00, 0x00, 0x00, 0x00, 0x00, 0x00, 0x00, 0x00,
  0x00, 0x00, 0x00, 0x00, 0x00, 0x00, 0x00, 0x00, 0x00, 0x00, 0x00, 0x00, 0x00, 0x00, 0x00, 0x00,
  0x00, 0x00, 0x00, 0x00, 0x00, 0x00, 0x00, 0x00, 0x00, 0x00, 0x00, 0x00, 0x00, 0x00, 0x00, 0x00,
  0x00, 0x00, 0x00, 0x00, 0x00, 0x00, 0x00, 0x00, 0x00, 0x00, 0x00, 0x00, 0x00, 0x00, 0x00, 0x00,
  0x00, 0x00, 0x00, 0x00, 0x00, 0x00, 0x00, 0x00, 0x00, 0x00, 0x00, 0x00, 0x00, 0x00, 0x00, 0x00,
  0x00, 0x00, 0x00, 0x00, 0x00, 0x00, 0x00, 0x00, 0x00, 0x00, 0xe0, 0x7b, 0x00, 0x00, 0x42, 0x22,
  0x62, 0x22, 0x00, 0x00, 0x00, 0x00, 0x00, 0x00, 0x00, 0x00, 0x00, 0x00, 0x00, 0x00, 0x00, 0x00,
  0x00, 0x00, 0x00, 0x00, 0x00, 0x00, 0x00, 0x00, 0xa0, 0x02, 0xe0, 0x03, 0xe0, 0x03, 0x00, 0x00,
  0x00, 0x00, 0x00, 0x00, 0x00, 0x00, 0x00, 0x00, 0x00, 0x00, 0x00, 0x00, 0xa0, 0x52, 0xc2, 0x2a,
  0xa0, 0x2a, 0x00, 0x00, 0x00, 0x00, 0x00, 0x00, 0x00, 0x00, 0x00, 0x00, 0x00, 0x00, 0x00, 0x00,
  0x00, 0x00, 0x00, 0x00, 0x00, 0x00, 0x00, 0x00, 0x00, 0x00, 0x00, 0x00, 0x00, 0x00, 0x00, 0x00,
  0x00, 0x00, 0x00, 0x00, 0x00, 0x00, 0x00, 0x00, 0x00, 0x00, 0x00, 0x00, 0x00, 0x00, 0x00, 0x00,
  0x00, 0x00, 0x00, 0x00, 0x00, 0x00, 0x00, 0x00, 0x00, 0x00, 0x00, 0x00, 0x00, 0x00, 0x00, 0x00,
  0x00, 0x00, 0x00, 0x00, 0x00, 0x00, 0xe0, 0x03, 0xe1, 0x22, 0xc2, 0x2a, 0x00, 0x00, 0x00, 0x00,
  0x00, 0x00, 0x00, 0x00, 0x00, 0x00, 0x00, 0x00, 0x00, 0x00, 0x00, 0x00, 0x00, 0x00, 0x00, 0x00,
  0x00, 0x00, 0x00, 0x00, 0x00, 0x00, 0x00, 0x00, 0x00, 0x00, 0x00, 0x00, 0x00, 0x00, 0x00, 0x00,
  0x00, 0x00, 0x00, 0x00, 0x00, 0x00, 0x00, 0x00, 0x00, 0x00, 0x00, 0x00, 0x00, 0x00, 0x00, 0x00,
  0x00, 0x00, 0x00, 0x00, 0x00, 0x00, 0x00, 0x00, 0x00, 0x00, 0x00, 0x00, 0x00, 0x00, 0x00, 0x00,
  0xe3, 0x1a, 0xa1, 0x2a, 0x80, 0x01, 0x00, 0x00, 0x00, 0x00, 0x00, 0x00, 0x00, 0x00, 0x00, 0x00,
  0x00, 0x00, 0x00, 0x00, 0x00, 0x00, 0x00, 0x00, 0x00, 0x00, 0x00, 0x00, 0x00, 0x00, 0x00, 0x00,
  0x00, 0x00, 0x00, 0x00, 0x00, 0x00, 0x00, 0x00, 0x00, 0x00, 0x00, 0x00, 0x00, 0x00, 0x00, 0x00,
  0x00, 0x00, 0x00, 0x00, 0x00, 0x00, 0x00, 0x00, 0x00, 0x00, 0x00, 0x00, 0x00, 0x00, 0x00, 0x00,
  0x00, 0x00, 0x00, 0x00, 0x00, 0x00, 0x00, 0x00, 0x00, 0x00, 0x00, 0x00, 0x00, 0x00, 0x00, 0x00,
  0x00, 0x00, 0x00, 0x00, 0x00, 0x00, 0x00, 0x00, 0x00, 0x00, 0x00, 0x00, 0x00, 0x00, 0x00, 0x00,
  0x00, 0x00, 0x00, 0x00, 0x00, 0x00, 0x00, 0x00, 0x00, 0x00, 0x00, 0x00, 0x00, 0x00, 0x00, 0x00,
  0x00, 0x00, 0x00, 0x00, 0x00, 0x00, 0x00, 0x00, 0x00, 0x00, 0x00, 0x00, 0x00, 0x00, 0x00, 0x00,
  0x00, 0x00, 0x00, 0x00, 0x00, 0x00, 0x00, 0x00, 0x00, 0x00, 0x00, 0x00, 0x00, 0x00, 0x00, 0x00,
  0x00, 0x00, 0x00, 0x00, 0x00, 0x00, 0x00, 0x00, 0x00, 0x00, 0x00, 0x00, 0x00, 0x00, 0x00, 0x00,
  0x00, 0x00, 0x00, 0x00, 0x00, 0x00, 0x00, 0x00, 0x00, 0x00, 0x00, 0x00, 0x00, 0x00, 0xa0, 0x10,
  0x00, 0x19, 0x00, 0x19, 0x01, 0x19, 0x00, 0x19, 0x40, 0x11, 0x00, 0x00, 0x00, 0x00, 0x00, 0x00,
  0x00, 0x00, 0x00, 0x00, 0x00, 0x00, 0x00, 0x00, 0x00, 0x00, 0x00, 0x00, 0x00, 0x00, 0x00, 0x00,
  0x00, 0x00, 0x00, 0x00, 0x00, 0x00, 0x00, 0x00, 0x00, 0x00, 0x00, 0x00, 0x00, 0x00, 0x00, 0x00,
  0x00, 0x00, 0x00, 0x00, 0x00, 0x00, 0x00, 0x00, 0x00, 0x00, 0x00, 0x00, 0x00, 0x00, 0x00, 0x00,
  0x00, 0x00, 0x81, 0x19, 0xa0, 0x19, 0x01, 0x22, 0x21, 0x22, 0x00, 0x00, 0x00, 0x00, 0x00, 0x00,
  0x00, 0x00, 0x00, 0x00, 0x00, 0x00, 0x00, 0x00, 0x00, 0x00, 0x00, 0x00, 0x00, 0x00, 0x00, 0x00,
  0x00, 0x00, 0x00, 0x00, 0x00, 0x00, 0x00, 0x00, 0x00, 0x00, 0x00, 0x00, 0x00, 0x00, 0x00, 0x00,
  0x00, 0x00, 0x00, 0x00, 0x00, 0x00, 0x00, 0x00, 0x00, 0x00, 0x00, 0x00, 0x00, 0x00, 0x00, 0x00,
  0x00, 0x00, 0x00, 0x00, 0x00, 0x00, 0x00, 0x00, 0x00, 0x00, 0x00, 0x00, 0x00, 0x00, 0x00, 0x00,
  0x00, 0x00, 0x00, 0x00, 0x00, 0x00, 0x00, 0x00, 0x00, 0x00, 0x00, 0x00, 0x00, 0x00, 0x00, 0x00,
  0x00, 0x00, 0x61, 0x2a, 0x62, 0x2a, 0x00, 0x00, 0x00, 0x00, 0x00, 0x00, 0x00, 0x00, 0x00, 0x00,
  0x00, 0x00, 0x00, 0x00, 0x00, 0x00, 0x00, 0x00, 0x00, 0x00, 0x00, 0x00, 0x00, 0x00, 0x63, 0x32,
  0xa3, 0x32, 0xa0, 0x52, 0x00, 0x00, 0x00, 0x00, 0x00, 0x00, 0x00, 0x00, 0x00, 0x00, 0x00, 0x00,
  0x00, 0x00, 0x00, 0x00, 0x00, 0x00, 0x00, 0x00, 0x00, 0x00, 0x00, 0x00, 0x00, 0x00, 0x00, 0x00,
  0x00, 0x00, 0x00, 0x00, 0x00, 0x00, 0x00, 0x00, 0x00, 0x00, 0x00, 0x00, 0x00, 0x00, 0x00, 0x00,
  0x00, 0x00, 0x00, 0x00, 0x00, 0x00, 0x00, 0x00, 0x00, 0x00, 0x00, 0x00, 0x00, 0x00, 0x00, 0x00,
  0x00, 0x00, 0x00, 0x00, 0x00, 0x00, 0x00, 0x00, 0x00, 0x00, 0x20, 0x33, 0xa0, 0x3a, 0x00, 0x00,
  0xe0, 0x03, 0x20, 0x33, 0xa0, 0x52, 0x00, 0x00, 0x00, 0x00, 0xe2, 0x2a, 0xe1, 0x2a, 0x00, 0x00,
  0x00, 0x00, 0x00, 0x00, 0x00, 0x00, 0x00, 0x00, 0x00, 0x00, 0x00, 0x00, 0x00, 0x00, 0x00, 0x00,
  0x00, 0x00, 0x00, 0x00, 0x00, 0x00, 0x00, 0x00, 0x00, 0x00, 0x00, 0x00, 0x00, 0x00, 0x00, 0x00,
  0x00, 0x00, 0x00, 0x00, 0x00, 0x00, 0x00, 0x00, 0x00, 0x00, 0x00, 0x00, 0x00, 0x00, 0x00, 0x00,
  0x00, 0x00, 0x00, 0x00, 0x00, 0x00, 0x00, 0x00, 0x00, 0x00, 0x00, 0x00, 0x00, 0x00, 0x00, 0x00,
  0x00, 0x00, 0x00, 0x00, 0x00, 0x00, 0xa0, 0x52, 0x00, 0x00, 0x00, 0x00, 0x00, 0x00, 0x00, 0x00,
  0x00, 0x00, 0x00, 0x00, 0x00, 0x00, 0x00, 0x00, 0x00, 0x00, 0x00, 0x00, 0x00, 0x00, 0x00, 0x00,
  0x00, 0x00, 0x00, 0x00, 0x00, 0x00, 0x00, 0x00, 0x00, 0x00, 0x00, 0x00, 0x00, 0x00, 0x00, 0x00,
  0x00, 0x00, 0x00, 0x00, 0x00, 0x00, 0x00, 0x00, 0x00, 0x00, 0x00, 0x00, 0x00, 0x00, 0x00, 0x00,
  0x00, 0x00, 0x00, 0x00, 0x00, 0x00, 0x00, 0x00, 0x00, 0x00, 0x00, 0x00, 0x00, 0x00, 0x00, 0x00,
  0x00, 0x00, 0x00, 0x00, 0x00, 0x00, 0x00, 0x00, 0x00, 0x00, 0x00, 0x00, 0x00, 0x00, 0x00, 0x00,
  0x00, 0x00, 0x00, 0x00, 0x00, 0x00, 0x00, 0x00, 0x00, 0x00, 0x00, 0x00, 0x00, 0x00, 0x00, 0x00,
  0x00, 0x00, 0x00, 0x00, 0x00, 0x00, 0x00, 0x00, 0x00, 0x00, 0x00, 0x00, 0x00, 0x00, 0x00, 0x00,
  0x00, 0x00, 0x00, 0x00, 0x00, 0x00, 0x00, 0x00, 0x00, 0x00, 0x00, 0x00, 0x00, 0x00, 0x00, 0x00,
  0x00, 0x00, 0x00, 0x00, 0x00, 0x00, 0x00, 0x00, 0x00, 0x00, 0x00, 0x00, 0x00, 0x00, 0x00, 0x00,
  0x00, 0x00, 0x00, 0x00, 0x00, 0x00, 0x00, 0x00, 0x00, 0x00, 0x00, 0x00, 0xe0, 0x18, 0x20, 0x21,
  0x60, 0x11, 0x20, 0x19, 0xe0, 0x18, 0xa0, 0x10, 0x00, 0x00, 0x00, 0x00, 0x00, 0x00, 0x00, 0x00,
  0x00, 0x00, 0x00, 0x00, 0x00, 0x00, 0x00, 0x00, 0x00, 0x00, 0x00, 0x00, 0x00, 0x00, 0x00, 0x00,
  0x00, 0x00, 0x00, 0x00, 0x00, 0x00, 0x00, 0x00, 0x00, 0x00, 0x00, 0x00, 0x00, 0x00, 0x00, 0x00,
  0x00, 0x00, 0x00, 0x00, 0x00, 0x00, 0x00, 0x00, 0x22, 0x22, 0x20, 0x21, 0x00, 0x00, 0x00, 0x00,
  0x00, 0x00, 0x00, 0x00, 0x26, 0x33, 0x00, 0x00, 0xa0, 0x21, 0xe0, 0x21, 0xa0, 0x21, 0x00, 0x00,
  0x00, 0x00, 0x00, 0x00, 0x00, 0x00, 0x00, 0x00, 0x00, 0x00, 0x00, 0x00, 0x00, 0x00, 0x00, 0x00,
  0x00, 0x00, 0x00, 0x00, 0x00, 0x00, 0x00, 0x00, 0x00, 0x00, 0x00, 0x00, 0x00, 0x00, 0x00, 0x00,
  0x00, 0x00, 0x00, 0x00, 0x00, 0x00, 0x00, 0x00, 0x00, 0x00, 0x00, 0x00, 0x00, 0x00, 0x00, 0x00,
  0x00, 0x00, 0x00, 0x00, 0x00, 0x00, 0x00, 0x00, 0x00, 0x00, 0x00, 0x00, 0x00, 0x00, 0x00, 0x00,
  0x00, 0x00, 0x00, 0x00, 0x00, 0x00, 0x00, 0x00, 0x00, 0x00, 0x00, 0x00, 0x00, 0x00, 0x00, 0x00,
  0x00, 0x00, 0x00, 0x00, 0x00, 0x00, 0x00, 0x00, 0x00, 0x00, 0x00, 0x00, 0x00, 0x00, 0x00, 0x00,
  0x00, 0x00, 0x00, 0x00, 0x00, 0x00, 0x00, 0x00, 0x00, 0x00, 0x00, 0x00, 0x00, 0x00, 0x00, 0x00,
  0x00, 0x00, 0xa0, 0x52, 0x20, 0x33, 0x00, 0x00, 0xe0, 0x07, 0x00, 0x00, 0x00, 0x00, 0x00, 0x00,
  0x00, 0x00, 0x00, 0x00, 0x00, 0x00, 0x00, 0x00, 0x00, 0x00, 0x00, 0x00, 0x00, 0x00, 0x00, 0x00,
  0x00, 0x00, 0x00, 0x00, 0x00, 0x00, 0x00, 0x00, 0x00, 0x00, 0x00, 0x00, 0x00, 0x00, 0x00, 0x00,
  0x00, 0x00, 0x00, 0x00, 0x00, 0x00, 0x00, 0x00, 0x00, 0x00, 0x00, 0x00, 0x00, 0x00, 0x00, 0x00,
  0x00, 0x00, 0x00, 0x00, 0x00, 0x00, 0x00, 0x00, 0x00, 0x00, 0x00, 0x00, 0x00, 0x00, 0x00, 0x00,
  0xa0, 0x02, 0x00, 0x00, 0xa0, 0x02, 0xe0, 0x1a, 0xa0, 0x2a, 0x00, 0x00, 0x00, 0x00, 0xe0, 0x01,
  0xa0, 0x2a, 0xa0, 0x02, 0x00, 0x00, 0x00, 0x00, 0x00, 0x00, 0x00, 0x00, 0x00, 0x00, 0x00, 0x00,
  0x00, 0x00, 0x00, 0x00, 0x00, 0x00, 0x00, 0x00, 0x00, 0x00, 0x00, 0x00, 0x00, 0x00, 0x00, 0x00,
  0x00, 0x00, 0x00, 0x00, 0x00, 0x00, 0x00, 0x00, 0x00, 0x00, 0x00, 0x00, 0x00, 0x00, 0x00, 0x00,
  0x00, 0x00, 0x00, 0x00, 0x00, 0x00, 0x00, 0x00, 0x00, 0x00, 0x00, 0x00, 0x00, 0x00, 0x00, 0x00,
  0x00, 0x00, 0x00, 0x00, 0x00, 0x00, 0x00, 0x00, 0x00, 0x00, 0x00, 0x00, 0x00, 0x00, 0x00, 0x00,
  0x00, 0x00, 0x00, 0x00, 0x00, 0x00, 0x00, 0x00, 0x00, 0x00, 0x00, 0x00, 0x00, 0x00, 0x00, 0x00,
  0x00, 0x00, 0x00, 0x00, 0x00, 0x00, 0x00, 0x00, 0x00, 0x00, 0x00, 0x00, 0x00, 0x00, 0x00, 0x00,
  0x00, 0x00, 0x00, 0x00, 0x00, 0x00, 0x00, 0x00, 0x00, 0x00, 0x00, 0x00, 0x00, 0x00, 0x00, 0x00,
  0x00, 0x00, 0x00, 0x00, 0x00, 0x00, 0x00, 0x00, 0x00, 0x00, 0x00, 0x00, 0x00, 0x00, 0x00, 0x00,
  0x00, 0x00, 0x00, 0x00, 0x00, 0x00, 0x00, 0x00, 0x00, 0x00, 0x00, 0x00, 0x00, 0x00, 0x00, 0x00,
  0x00, 0x00, 0x00, 0x00, 0x00, 0x00, 0x00, 0x00, 0x00, 0x00, 0x00, 0x00, 0x00, 0x00, 0x00, 0x00,
  0x00, 0x00, 0x00, 0x00, 0x00, 0x00, 0x00, 0x00, 0x00, 0x00, 0x00, 0x00, 0x00, 0x00, 0x00, 0x00,
  0x00, 0x00, 0x00, 0x00, 0x00, 0x00, 0x00, 0x00, 0x00, 0x00, 0x00, 0x00, 0x00, 0x00, 0x00, 0x00,
  0x00, 0x00, 0x00, 0x00, 0x00, 0x00, 0x00, 0x00, 0x00, 0x00, 0x00, 0x00, 0x00, 0x00, 0x00, 0x00,
  0x00, 0x00, 0x00, 0x00, 0x00, 0x00, 0x00, 0x00, 0x00, 0x00, 0x00, 0x00, 0x00, 0x00, 0x00, 0x00,
  0x00, 0x00, 0xc0, 0x19, 0x20, 0x21, 0x00, 0x00, 0x00, 0x00, 0x00, 0x00, 0x00, 0x00, 0x00, 0x00,
  0x00, 0x00, 0x00, 0x00, 0x00, 0x00, 0x00, 0x00, 0x00, 0x00, 0x00, 0x00, 0x00, 0x00, 0x00, 0x00,
  0x00, 0x00, 0x00, 0x00, 0x00, 0x00, 0x00, 0x00, 0x00, 0x00, 0x00, 0x00, 0x00, 0x00, 0x00, 0x00,
  0x00, 0x00, 0x00, 0x00, 0x00, 0x00, 0x00, 0x00, 0x00, 0x00, 0x00, 0x00, 0xc1, 0x19, 0xc1, 0x19,
  0x00, 0x00, 0x00, 0x00, 0x00, 0x00, 0x00, 0x00, 0x00, 0x00, 0x00, 0x00, 0x00, 0x00, 0x00, 0x00,
  0x00, 0x00, 0x00, 0x00, 0x00, 0x00, 0x00, 0x00, 0x00, 0x00, 0x00, 0x00, 0x00, 0x00, 0x00, 0x00,
  0x00, 0x00, 0x00, 0x00, 0x00, 0x00, 0x00, 0x00, 0x00, 0x00, 0x00, 0x00, 0x00, 0x00, 0x00, 0x00,
  0x00, 0x00, 0x00, 0x00, 0x00, 0x00, 0x00, 0x00, 0x00, 0x00, 0x00, 0x00, 0x00, 0x00, 0x00, 0x00,
  0x00, 0x00, 0x00, 0x00, 0x00, 0x00, 0x00, 0x00, 0x00, 0x00, 0x00, 0x00, 0x00, 0x00, 0x00, 0x00,
  0x00, 0x00, 0x00, 0x00, 0x00, 0x00, 0x00, 0x00, 0x00, 0x00, 0x00, 0x00, 0x00, 0x00, 0x00, 0x00,
  0x00, 0x00, 0x00, 0x00, 0x00, 0x00, 0x00, 0x00, 0x00, 0x00, 0x00, 0x00, 0x00, 0x00, 0x00, 0x00,
  0x00, 0x00, 0x00, 0x00, 0x00, 0x00, 0x00, 0x00, 0x00, 0x00, 0x00, 0x00, 0x00, 0x00, 0x00, 0x00,
  0x00, 0x00, 0x00, 0x00, 0x00, 0x00, 0x00, 0x00, 0x00, 0x00, 0x00, 0x00, 0x00, 0x00, 0x00, 0x00,
  0x00, 0x00, 0x00, 0x00, 0x00, 0x00, 0x00, 0x00, 0x00, 0x00, 0x00, 0x00, 0x00, 0x00, 0x00, 0x00,
  0x00, 0x00, 0x00, 0x00, 0x00, 0x00, 0x00, 0x00, 0x00, 0x00, 0x00, 0x00, 0x00, 0x00, 0x00, 0x00,
  0x00, 0x00, 0x00, 0x00, 0x00, 0x00, 0x00, 0x00, 0x00, 0x00, 0x00, 0x00, 0x00, 0x00, 0x00, 0x00,
  0x00, 0x00, 0x00, 0x00, 0x00, 0x00, 0x00, 0x00, 0x00, 0x00, 0x00, 0x00, 0x00, 0x00, 0x00, 0x00,
  0x00, 0x00, 0x00, 0x00, 0x00, 0x00, 0x00, 0x00, 0x00, 0x00, 0x00, 0x00, 0x00, 0x00, 0x00, 0x00,
  0x00, 0x00, 0x00, 0x00, 0x00, 0x00, 0x00, 0x00, 0x00, 0x00, 0x00, 0x00, 0x00, 0x00, 0x00, 0x00,
  0x00, 0x00, 0x00, 0x00, 0x00, 0x00, 0x00, 0x00, 0x00, 0x00, 0x00, 0x00, 0x00, 0x00, 0x00, 0x00,
  0x00, 0x00, 0x00, 0x00, 0x00, 0x00, 0x00, 0x00, 0x00, 0x00, 0x00, 0x00, 0x00, 0x00, 0x00, 0x00,
  0x00, 0x00, 0x00, 0x00, 0x00, 0x00, 0x00, 0x00, 0x00, 0x00, 0x00, 0x00, 0x00, 0x00, 0x00, 0x00,
  0x00, 0x00, 0x00, 0x00, 0x00, 0x00, 0x00, 0x00, 0x00, 0x00, 0x00, 0x00, 0x00, 0x00, 0x00, 0x00,
  0x00, 0x00, 0x00, 0x00, 0x00, 0x00, 0x00, 0x00, 0x00, 0x00, 0xe0, 0x03, 0xe0, 0x03, 0x00, 0x00,
  0x00, 0x00, 0x00, 0x00, 0x00, 0x00, 0x00, 0x00, 0x00, 0x00, 0x00, 0x00, 0x00, 0x00, 0x00, 0x00,
  0x00, 0x00, 0x00, 0x00, 0x00, 0x00, 0x00, 0x00, 0x00, 0x00, 0x00, 0x00, 0x00, 0x00, 0x00, 0x00,
  0x00, 0x00, 0x00, 0x00, 0x00, 0x00, 0x00, 0x00, 0x00, 0x00, 0x00, 0x00, 0x00, 0x00, 0x00, 0x00,
  0x00, 0x00, 0x00, 0x00, 0x00, 0x00, 0x00, 0x00, 0x00, 0x00, 0x00, 0x00, 0x00, 0x00, 0x00, 0x00,
  0x00, 0x00, 0x00, 0x00, 0x00, 0x00, 0x00, 0x00, 0x00, 0x00, 0x00, 0x00, 0x00, 0x00, 0x00, 0x00,
  0x00, 0x00, 0x00, 0x00, 0x00, 0x00, 0x00, 0x00, 0x00, 0x00, 0x00, 0x00, 0x00, 0x00, 0x00, 0x00,
  0x00, 0x00, 0x00, 0x00, 0x00, 0x00, 0x00, 0x00, 0x00, 0x00, 0x00, 0x00, 0x00, 0x00, 0x00, 0x00,
  0x00, 0x00, 0x00, 0x00, 0x00, 0x00, 0x00, 0x00, 0x00, 0x00, 0x00, 0x00, 0x00, 0x00, 0x00, 0x00,
  0x00, 0x00, 0x00, 0x00, 0x00, 0x00, 0x00, 0x00, 0x00, 0x00, 0x00, 0x00, 0x00, 0x00, 0x00, 0x00,
  0x00, 0x00, 0x00, 0x00, 0x00, 0x00, 0x00, 0x00, 0x00, 0x00, 0x00, 0x00, 0x00, 0x00, 0x00, 0x00,
  0x00, 0x00, 0x00, 0x00, 0x00, 0x00, 0x00, 0x00, 0x00, 0x00, 0x00, 0x00, 0x00, 0x00, 0x00, 0x00,
  0x00, 0x00, 0x00, 0x00, 0x00, 0x00, 0x00, 0x00, 0x00, 0x00, 0x00, 0x00, 0x00, 0x00, 0x00, 0x00,
  0x00, 0x00, 0x00, 0x00, 0x00, 0x00, 0x00, 0x00, 0x00, 0x00, 0x00, 0x00, 0x00, 0x00, 0x00, 0x00,
  0xc1, 0x19, 0xa1, 0x19, 0x00, 0x00, 0x00, 0x00, 0x00, 0x00, 0x00, 0x00, 0x00, 0x00, 0x00, 0x00,
  0x00, 0x00, 0xe0, 0x39, 0x00, 0x00, 0x00, 0x00, 0x00, 0x00, 0x00, 0x00, 0x00, 0x00, 0x00, 0x00,
  0x00, 0x00, 0x00, 0x00, 0x00, 0x00, 0x00, 0x00, 0x00, 0x00, 0x00, 0x00, 0x00, 0x00, 0x00, 0x00,
  0x00, 0x00, 0x00, 0x00, 0x00, 0x00, 0x00, 0x00, 0x00, 0x00, 0x00, 0x00, 0x00, 0x00, 0x00, 0x00,
  0x00, 0x00, 0x00, 0x00, 0x00, 0x00, 0x00, 0x00, 0x00, 0x00, 0x00, 0x00, 0x00, 0x00, 0x00, 0x00,
  0x00, 0x00, 0x00, 0x00, 0x00, 0x00, 0x00, 0x00, 0x00, 0x00, 0x00, 0x00, 0x00, 0x00, 0x00, 0x00,
  0x00, 0x00, 0x00, 0x00, 0x00, 0x00, 0x00, 0x00, 0x00, 0x00, 0x00, 0x00, 0x00, 0x00, 0x00, 0x00,
  0x00, 0x00, 0x00, 0x00, 0x00, 0x00, 0x00, 0x00, 0x00, 0x00, 0x00, 0x00, 0x00, 0x00, 0x00, 0x00,
  0x00, 0x00, 0x00, 0x00, 0x00, 0x00, 0x00, 0x00, 0x00, 0x00, 0x00, 0x00, 0x00, 0x00, 0x00, 0x00,
  0x00, 0x00, 0x00, 0x00, 0x00, 0x00, 0x00, 0x00, 0x00, 0x00, 0x00, 0x00, 0x00, 0x00, 0x00, 0x00,
  0x00, 0x00, 0x00, 0x00, 0x00, 0x00, 0x00, 0x00, 0x00, 0x00, 0x00, 0x00, 0x00, 0x00, 0x00, 0x00,
  0x00, 0x00, 0x00, 0x00, 0x00, 0x00, 0x00, 0x00, 0x00, 0x00, 0x00, 0x00, 0x00, 0x00, 0x00, 0x00,
  0x00, 0x00, 0x00, 0x00, 0x00, 0x00, 0x00, 0x00, 0x00, 0x00, 0x00, 0x00, 0x00, 0x00, 0x00, 0x00,
  0x00, 0x00, 0x00, 0x00, 0x00, 0x00, 0x00, 0x00, 0xe0, 0x03, 0xe0, 0x7b, 0x00, 0x00, 0x00, 0x00,
  0x00, 0x00, 0x00, 0x00, 0x00, 0x00, 0x00, 0x00, 0x00, 0x00, 0x00, 0x00, 0x00, 0x00, 0x00, 0x00,
  0x00, 0x00, 0x00, 0x00, 0x00, 0x00, 0x00, 0x00, 0x00, 0x00, 0x00, 0x00, 0x00, 0x00, 0x00, 0x00,
  0x00, 0x00, 0x00, 0x00, 0x00, 0x00, 0x00, 0x00, 0x00, 0x00, 0x00, 0x00, 0x00, 0x00, 0x00, 0x00,
  0x00, 0x00, 0x00, 0x00, 0x00, 0x00, 0x00, 0x00, 0x00, 0x00, 0x00, 0x00, 0x00, 0x00, 0x00, 0x00,
  0x00, 0x00, 0x00, 0x00, 0x00, 0x00, 0x00, 0x00, 0x00, 0x00, 0x00, 0x00, 0x00, 0x00, 0x00, 0x00,
  0x00, 0x00, 0x00, 0x00, 0x00, 0x00, 0x00, 0x00, 0x00, 0x00, 0x00, 0x00, 0x00, 0x00, 0x00, 0x00,
  0x00, 0x00, 0x00, 0x00, 0x00, 0x00, 0x00, 0x00, 0x00, 0x00, 0x00, 0x00, 0x00, 0x00, 0x00, 0x00,
  0x00, 0x00, 0x00, 0x00, 0x00, 0x00, 0x00, 0x00, 0x00, 0x00, 0x00, 0x00, 0x00, 0x00, 0x00, 0x00,
  0x00, 0x00, 0x00, 0x00, 0x00, 0x00, 0x00, 0x00, 0x00, 0x00, 0x00, 0x00, 0x00, 0x00, 0x00, 0x00,
  0x00, 0x00, 0x00, 0x00, 0x00, 0x00, 0x00, 0x00, 0x00, 0x00, 0x00, 0x00, 0x00, 0x00, 0x00, 0x00,
  0x00, 0x00, 0x00, 0x00, 0x00, 0x00, 0x00, 0x00, 0x00, 0x00, 0x00, 0x00, 0x00, 0x00, 0x00, 0x00,
  0x00, 0x00, 0x00, 0x00, 0x00, 0x00, 0x00, 0x00, 0x00, 0x00, 0x00, 0x00, 0x00, 0x00, 0x00, 0x00,
  0x00, 0x00, 0x00, 0x00, 0x00, 0x00, 0x00, 0x00, 0x00, 0x00, 0x00, 0x00, 0x00, 0x00, 0x00, 0x00,
  0x00, 0x00, 0x00, 0x00, 0x00, 0x00, 0x00, 0x00, 0x00, 0x00, 0x00, 0x00, 0x00, 0x00, 0x00, 0x00,
  0x00, 0x00, 0x00, 0x00, 0x00, 0x00, 0x00, 0x00, 0x00, 0x00, 0x00, 0x00, 0x00, 0x00, 0x00, 0x00,
  0x00, 0x00, 0x00, 0x00, 0x00, 0x00, 0x00, 0x00, 0x00, 0x00, 0x00, 0x00, 0x00, 0x00, 0x00, 0x00,
  0x00, 0x00, 0x00, 0x00, 0x00, 0x00, 0x00, 0x00, 0x00, 0x00, 0x00, 0x00, 0x00, 0x00, 0x00, 0x00,
  0x00, 0x00, 0x00, 0x00, 0x00, 0x00, 0x00, 0x00, 0x00, 0x00, 0x00, 0x00, 0x00, 0x00, 0x00, 0x00,
  0x00, 0x00, 0x00, 0x00, 0x00, 0x00, 0x00, 0x00, 0x00, 0x00, 0x00, 0x00, 0x00, 0x00, 0x00, 0x00,
  0x00, 0x00, 0x00, 0x00, 0x00, 0x00, 0x00, 0x00, 0x00, 0x00, 0x00, 0x00, 0x00, 0x00, 0x00, 0x00,
  0x00, 0x00, 0x00, 0x00, 0x00, 0x00, 0x00, 0x00, 0x00, 0x00, 0x00, 0x00, 0x00, 0x00, 0x00, 0x00,
  0x00, 0x00, 0x00, 0x00, 0x00, 0x00, 0x00, 0x00, 0x00, 0x00, 0x00, 0x00, 0x00, 0x00, 0x00, 0x00,
  0x00, 0x00, 0x00, 0x00, 0x00, 0x00, 0x00, 0x00, 0x00, 0x00, 0x00, 0x00, 0x00, 0x00, 0x00, 0x00,
  0x00, 0x00, 0x00, 0x00, 0x00, 0x00, 0x00, 0x00, 0x00, 0x00, 0x00, 0x00, 0x00, 0x00, 0x00, 0x00,
  0x00, 0x00, 0x00, 0x00, 0x00, 0x00, 0x00, 0x00, 0x00, 0x00, 0x00, 0x00, 0x00, 0x00, 0x00, 0x00,
  0x00, 0x00, 0x00, 0x00, 0x00, 0x00, 0x00, 0x00, 0x00, 0x00, 0x00, 0x00, 0x00, 0x00, 0x00, 0x00,
  0x00, 0x00, 0x00, 0x00, 0x00, 0x00, 0x00, 0x00, 0x00, 0x00, 0x00, 0x00, 0x00, 0x00, 0x00, 0x00,
  0x00, 0x00, 0x00, 0x00, 0x00, 0x00, 0x00, 0x00, 0x00, 0x00, 0x00, 0x00, 0x00, 0x00, 0x00, 0x00,
  0x00, 0x00, 0x00, 0x00, 0x00, 0x00, 0x00, 0x00, 0x00, 0x00, 0x00, 0x00, 0x00, 0x00, 0x00, 0x00,
  0x00, 0x00, 0x00, 0x00, 0x00, 0x00, 0x00, 0x00, 0x00, 0x00, 0x00, 0x00, 0x00, 0x00, 0x00, 0x00,
  0x00, 0x00, 0x00, 0x00, 0x00, 0x00, 0x00, 0x00, 0x00, 0x00, 0x00, 0x00, 0x00, 0x00, 0x00, 0x00,
  0x00, 0x00, 0x00, 0x00, 0x00, 0x00, 0x00, 0x00, 0x00, 0x00, 0x00, 0x00, 0x00, 0x00, 0x00, 0x00,
  0x00, 0x00, 0x00, 0x00, 0x00, 0x00, 0x00, 0x00, 0x00, 0x00, 0x00, 0x00, 0xe0, 0x1a, 0xe2, 0x2a,
  0x00, 0x00, 0x00, 0x00, 0x00, 0x00, 0x00, 0x00, 0x00, 0x00, 0x00, 0x00, 0x00, 0x00, 0x00, 0x00,
  0x00, 0x00, 0x00, 0x00, 0x00, 0x00, 0x00, 0x00, 0x00, 0x00, 0x00, 0x00, 0x00, 0x00, 0x00, 0x00,
  0x00, 0x00, 0x00, 0x00, 0x00, 0x00, 0x00, 0x00, 0x00, 0x00, 0x00, 0x00, 0x00, 0x00, 0x00, 0x00,
  0x00, 0x00, 0x00, 0x00, 0x00, 0x00, 0x00, 0x00, 0x00, 0x00, 0x00, 0x00, 0x00, 0x00, 0x00, 0x00,
  0x00, 0x00, 0x00, 0x00, 0x00, 0x00, 0x00, 0x00, 0x00, 0x00, 0x00, 0x00, 0x00, 0x00, 0x00, 0x00,
  0x00, 0x00, 0x00, 0x00, 0x00, 0x00, 0x00, 0x00, 0x00, 0x00, 0x00, 0x00, 0x00, 0x00, 0x00, 0x00,
  0x00, 0x00, 0x00, 0x00, 0x00, 0x00, 0x00, 0x00, 0x00, 0x00, 0x00, 0x00, 0x00, 0x00, 0x00, 0x00,
  0x00, 0x00, 0x00, 0x00, 0x00, 0x00, 0x00, 0x00, 0x00, 0x00, 0x00, 0x00, 0x00, 0x00, 0x00, 0x00,
  0x00, 0x00, 0x00, 0x00, 0x00, 0x00, 0x00, 0x00, 0x00, 0x00, 0x00, 0x00, 0x00, 0x00, 0x00, 0x00,
  0x00, 0x00, 0x00, 0x00, 0x00, 0x00, 0x00, 0x00, 0x00, 0x00, 0x00, 0x00, 0x00, 0x00, 0x00, 0x00,
  0x00, 0x00, 0x00, 0x00, 0x00, 0x00, 0x00, 0x00, 0x00, 0x00, 0x00, 0x00, 0x00, 0x00, 0x00, 0x00,
  0x00, 0x00, 0x00, 0x00, 0x00, 0x00, 0x00, 0x00, 0x00, 0x00, 0x00, 0x00, 0x00, 0x00, 0x00, 0x00,
  0x00, 0x00, 0x00, 0x00, 0x00, 0x00, 0x00, 0x00, 0x00, 0x00, 0x00, 0x00, 0x00, 0x00, 0x00, 0x00,
  0x00, 0x00, 0x00, 0x00, 0x00, 0x00, 0x00, 0x00, 0x00, 0x00, 0x00, 0x00, 0x00, 0x00, 0x00, 0x00,
  0x00, 0x00, 0x00, 0x00, 0x00, 0x00, 0x00, 0x00, 0x00, 0x00, 0x00, 0x00, 0x00, 0x00, 0x00, 0x00,
  0x00, 0x00, 0x00, 0x00, 0x00, 0x00, 0x00, 0x00, 0x00, 0x00, 0x00, 0x00, 0x00, 0x00, 0x00, 0x00,
  0x00, 0x00, 0x00, 0x00, 0x00, 0x00, 0x00, 0x00, 0x00, 0x00, 0x00, 0x00, 0x00, 0x00, 0x00, 0x00,
  0x00, 0x00, 0x00, 0x00, 0x00, 0x00, 0x00, 0x00, 0x00, 0x00, 0x00, 0x00, 0x00, 0x00, 0x00, 0x00,
  0x00, 0x00, 0x00, 0x00, 0x00, 0x00, 0x00, 0x00, 0x00, 0x00, 0x00, 0x00, 0x00, 0x00, 0x00, 0x00,
  0x00, 0x00, 0x00, 0x00, 0x00, 0x00, 0x00, 0x00, 0x00, 0x00, 0x00, 0x00, 0x00, 0x00, 0x00, 0x00,
  0x00, 0x00, 0x00, 0x00, 0x00, 0x00, 0x00, 0x00, 0x00, 0x00, 0x00, 0x00, 0x00, 0x00, 0x00, 0x00,
  0x00, 0x00, 0x00, 0x00, 0x00, 0x00, 0x00, 0x00, 0x00, 0x00, 0x00, 0x00, 0x00, 0x00, 0x00, 0x00,
  0x00, 0x00, 0x00, 0x00, 0x00, 0x00, 0x00, 0x00, 0x00, 0x00, 0x00, 0x00, 0x00, 0x00, 0x00, 0x00,
  0x00, 0x00, 0x00, 0x00, 0x00, 0x00, 0x00, 0x00, 0x00, 0x00, 0x00, 0x00, 0x00, 0x00, 0x00, 0x00,
  0x00, 0x00, 0x00, 0x00, 0x00, 0x00, 0x00, 0x00, 0x00, 0x00, 0x00, 0x00, 0x00, 0x00, 0x00, 0x00,
  0x00, 0x00, 0x00, 0x00, 0x00, 0x00, 0x00, 0x00, 0x00, 0x00, 0x00, 0x00, 0x00, 0x00, 0x00, 0x00,
  0x00, 0x00, 0x00, 0x00, 0x00, 0x00, 0x00, 0x00, 0x00, 0x00, 0x00, 0x00, 0x00, 0x00, 0x00, 0x00,
  0x00, 0x00, 0x00, 0x00, 0x00, 0x00, 0x00, 0x00, 0x00, 0x00, 0x00, 0x00, 0x00, 0x00, 0x00, 0x00,
  0x00, 0x00, 0x00, 0x00, 0x00, 0x00, 0x00, 0x00, 0x00, 0x00, 0x00, 0x00, 0x00, 0x00, 0x00, 0x00,
  0x00, 0x00, 0x00, 0x00, 0x00, 0x00, 0x00, 0x00, 0x00, 0x00, 0x00, 0x00, 0x00, 0x00, 0x00, 0x00,
  0x00, 0x00, 0x00, 0x00, 0x00, 0x00, 0x00, 0x00, 0x00, 0x00, 0x00, 0x00, 0x00, 0x00, 0x00, 0x00,
  0x00, 0x00, 0x00, 0x00, 0x00, 0x00, 0x00, 0x00, 0x00, 0x00, 0x00, 0x00, 0x00, 0x00, 0x00, 0x00,
  0x00, 0x00, 0x00, 0x00, 0x00, 0x00, 0x00, 0x00, 0x00, 0x00, 0xa0, 0x52, 0xe0, 0x03, 0xe1, 0x2a,
  0x81, 0x1a, 0x61, 0x22, 0xe3, 0x1a, 0xe0, 0x07, 0xe0, 0x07, 0x00, 0x00, 0x00, 0x00, 0x00, 0x00,
  0x00, 0x00, 0x00, 0x00, 0x00, 0x00, 0x00, 0x00, 0x00, 0x00, 0x00, 0x00, 0x00, 0x00, 0x00, 0x00,
  0x00, 0x00, 0x00, 0x00, 0x00, 0x00, 0x00, 0x00, 0x00, 0x00, 0x00, 0x00, 0x00, 0x00, 0x00, 0x00,
  0x00, 0x00, 0x00, 0x00, 0x00, 0x00, 0x00, 0x00, 0x00, 0x00, 0x00, 0x00, 0x00, 0x00, 0x00, 0x00,
  0x00, 0x00, 0x00, 0x00, 0x00, 0x00, 0x00, 0x00, 0x00, 0x00, 0x00, 0x00, 0x00, 0x00, 0x00, 0x00,
  0x00, 0x00, 0x00, 0x00, 0x00, 0x00, 0x00, 0x00, 0x00, 0x00, 0x00, 0x00, 0x00, 0x00, 0x00, 0x00,
  0x00, 0x00, 0x00, 0x00, 0x00, 0x00, 0x00, 0x00, 0x00, 0x00, 0x00, 0x00, 0x00, 0x00, 0x00, 0x00,
  0x00, 0x00, 0x00, 0x00, 0x00, 0x00, 0x00, 0x00, 0x00, 0x00, 0x00, 0x00, 0x00, 0x00, 0x00, 0x00,
  0x00, 0x00, 0x00, 0x00, 0x00, 0x00, 0x00, 0x00, 0x00, 0x00, 0x00, 0x00, 0x00, 0x00, 0x00, 0x00,
  0x00, 0x00, 0x00, 0x00, 0x00, 0x00, 0x00, 0x00, 0x00, 0x00, 0x00, 0x00, 0x00, 0x00, 0x00, 0x00,
  0x00, 0x00, 0x00, 0x00, 0x00, 0x00, 0x00, 0x00, 0x00, 0x00, 0x00, 0x00, 0x00, 0x00, 0x00, 0x00,
  0x00, 0x00, 0x00, 0x00, 0x00, 0x00, 0x00, 0x00, 0x00, 0x00, 0x00, 0x00, 0x00, 0x00, 0x00, 0x00,
  0x00, 0x00, 0x00, 0x00, 0x00, 0x00, 0x00, 0x00, 0x00, 0x00, 0x00, 0x00, 0x00, 0x00, 0x00, 0x00,
  0x00, 0x00, 0x00, 0x00, 0x00, 0x00, 0x00, 0x00, 0x00, 0x00, 0x00, 0x00, 0x00, 0x00, 0x00, 0x00,
  0x00, 0x00, 0x00, 0x00, 0x00, 0x00, 0x00, 0x00, 0x00, 0x00, 0x00, 0x00, 0x00, 0x00, 0x00, 0x00,
  0x00, 0x00, 0x00, 0x00, 0x00, 0x00, 0x00, 0x00, 0x00, 0x00, 0x00, 0x00, 0x00, 0x00, 0x00, 0x00,
  0x00, 0x00, 0x00, 0x00, 0x00, 0x00, 0x00, 0x00, 0x00, 0x00, 0x00, 0x00, 0x00, 0x00, 0x00, 0x00,
  0x00, 0x00, 0x00, 0x00, 0x00, 0x00, 0x00, 0x00, 0x00, 0x00, 0x00, 0x00, 0x00, 0x00, 0x00, 0x00,
  0x00, 0x00, 0x00, 0x00, 0x00, 0x00, 0x00, 0x00, 0x00, 0x00, 0x00, 0x00, 0x00, 0x00, 0x00, 0x00,
  0x00, 0x00, 0x00, 0x00, 0x00, 0x00, 0x00, 0x00, 0x00, 0x00, 0x00, 0x00, 0x00, 0x00, 0x00, 0x00,
  0x00, 0x00, 0x00, 0x00, 0x00, 0x00, 0x00, 0x00, 0x00, 0x00, 0x00, 0x00, 0x00, 0x00, 0x00, 0x00,
  0x00, 0x00, 0x00, 0x00, 0x00, 0x00, 0x00, 0x00, 0x00, 0x00, 0x00, 0x00, 0x00, 0x00, 0x00, 0x00,
  0x00, 0x00, 0x00, 0x00, 0x00, 0x00, 0x00, 0x00, 0x00, 0x00, 0x00, 0x00, 0x00, 0x00, 0x00, 0x00,
  0x00, 0x00, 0x00, 0x00, 0x00, 0x00, 0x00, 0x00, 0x00, 0x00, 0x00, 0x00, 0x00, 0x00, 0x00, 0x00,
  0x00, 0x00, 0x00, 0x00, 0x00, 0x00, 0x00, 0x00, 0x00, 0x00, 0x00, 0x00, 0x00, 0x00, 0x00, 0x00,
  0x00, 0x00, 0x00, 0x00, 0x00, 0x00, 0x00, 0x00, 0x00, 0x00, 0x00, 0x00, 0x00, 0x00, 0x00, 0x00,
  0x00, 0x00, 0x00, 0x00, 0xe0, 0x07, 0x00, 0x00, 0x00, 0x00, 0x00, 0x00, 0x00, 0x00, 0x00, 0x00,
  0x00, 0x00, 0x00, 0x00, 0x00, 0x00, 0x00, 0x00, 0x00, 0x00, 0x00, 0x00, 0x00, 0x00, 0x00, 0x00,
  0x00, 0x00, 0x00, 0x00, 0x00, 0x00, 0x00, 0x00, 0x00, 0x00, 0x00, 0x00, 0x00, 0x00, 0x00, 0x00,
  0x00, 0x00, 0x00, 0x00, 0x00, 0x00, 0x00, 0x00, 0x00, 0x00, 0x00, 0x00, 0x00, 0x00, 0x00, 0x00,
  0x00, 0x00, 0x00, 0x00, 0x00, 0x00, 0x00, 0x00, 0x00, 0x00, 0x00, 0x00, 0x00, 0x00, 0x00, 0x00,
  0x00, 0x00, 0x00, 0x00, 0x00, 0x00, 0x00, 0x00, 0x00, 0x00, 0x00, 0x00, 0x00, 0x00, 0x00, 0x00,
  0x00, 0x00, 0x00, 0x00, 0x00, 0x00, 0x00, 0x00, 0x00, 0x00, 0x00, 0x00, 0x00, 0x00, 0xe0, 0x03,
  0x00, 0x00, 0x81, 0x22, 0xa2, 0x2b, 0x62, 0x2b, 0x81, 0x22, 0xe0, 0x39, 0x00, 0x00, 0x00, 0x00,
  0x00, 0x00, 0x00, 0x00, 0x00, 0x00, 0x00, 0x00, 0x00, 0x00, 0x00, 0x00, 0x00, 0x00, 0x00, 0x00,
  0x00, 0x00, 0x00, 0x00, 0x00, 0x00, 0x00, 0x00, 0x00, 0x00, 0x00, 0x00, 0x00, 0x00, 0x00, 0x00,
  0x00, 0x00, 0x00, 0x00, 0x00, 0x00, 0x00, 0x00, 0x00, 0x00, 0x00, 0x00, 0x00, 0x00, 0x00, 0x00,
  0x00, 0x00, 0x00, 0x00, 0x00, 0x00, 0x00, 0x00, 0x00, 0x00, 0x00, 0x00, 0x00, 0x00, 0x00, 0x00,
  0x00, 0x00, 0x00, 0x00, 0x00, 0x00, 0x00, 0x00, 0x00, 0x00, 0x00, 0x00, 0x00, 0x00, 0x00, 0x00,
  0x00, 0x00, 0x00, 0x00, 0x00, 0x00, 0x00, 0x00, 0x00, 0x00, 0x00, 0x00, 0x00, 0x00, 0x00, 0x00,
  0x00, 0x00, 0x00, 0x00, 0x00, 0x00, 0x00, 0x00, 0x00, 0x00, 0x00, 0x00, 0x00, 0x00, 0x00, 0x00,
  0x00, 0x00, 0x00, 0x00, 0x00, 0x00, 0x00, 0x00, 0x00, 0x00, 0x00, 0x00, 0x00, 0x00, 0x00, 0x00,
  0x00, 0x00, 0x00, 0x00, 0x00, 0x00, 0x00, 0x00, 0x00, 0x00, 0x00, 0x00, 0x00, 0x00, 0x00, 0x00,
  0x00, 0x00, 0x00, 0x00, 0x00, 0x00, 0x00, 0x00, 0x00, 0x00, 0x00, 0x00, 0x00, 0x00, 0x00, 0x00,
  0x00, 0x00, 0x00, 0x00, 0x00, 0x00, 0x00, 0x00, 0x00, 0x00, 0x00, 0x00, 0x00, 0x00, 0x00, 0x00,
  0x00, 0x00, 0x00, 0x00, 0x00, 0x00, 0x00, 0x00, 0x00, 0x00, 0x00, 0x00, 0x00, 0x00, 0x00, 0x00,
  0x00, 0x00, 0x00, 0x00, 0x00, 0x00, 0x00, 0x00, 0x00, 0x00, 0x00, 0x00, 0x00, 0x00, 0x00, 0x00,
  0x00, 0x00, 0x00, 0x00, 0x00, 0x00, 0x00, 0x00, 0x00, 0x00, 0x00, 0x00, 0x00, 0x00, 0x00, 0x00,
  0x00, 0x00, 0x00, 0x00, 0x00, 0x00, 0x00, 0x00, 0x00, 0x00, 0x00, 0x00, 0x00, 0x00, 0x00, 0x00,
  0x00, 0x00, 0x00, 0x00, 0x00, 0x00, 0x00, 0x00, 0x00, 0x00, 0x00, 0x00, 0x00, 0x00, 0x00, 0x00,
  0x00, 0x00, 0x00, 0x00, 0x00, 0x00, 0x00, 0x00, 0x00, 0x00, 0x00, 0x00, 0x00, 0x00, 0x00, 0x00,
  0x00, 0x00, 0x00, 0x00, 0x00, 0x00, 0x00, 0x00, 0x00, 0x00, 0x00, 0x00, 0x00, 0x00, 0x00, 0x00,
  0x00, 0x00, 0x00, 0x00, 0x00, 0x00, 0x00, 0x00, 0x00, 0x00, 0x00, 0x00, 0x00, 0x00, 0x00, 0x00,
  0x00, 0x00, 0x00, 0x00, 0x00, 0x00, 0x00, 0x00, 0x00, 0x00, 0x00, 0x00, 0x00, 0x00, 0x00, 0x00,
  0x00, 0x00, 0x00, 0x00, 0x00, 0x00, 0x00, 0x00, 0x00, 0x00, 0x00, 0x00, 0x00, 0x00, 0x00, 0x00,
  0x00, 0x00, 0x00, 0x00, 0x00, 0x00, 0x00, 0x00, 0x00, 0x00, 0x00, 0x00, 0x00, 0x00, 0x00, 0x00,
  0xe0, 0x07, 0x00, 0x00, 0xe0, 0x19, 0x80, 0x31, 0x00, 0x00, 0x00, 0x00, 0x00, 0x00, 0x00, 0x00,
  0x00, 0x00, 0x00, 0x00, 0x00, 0x00, 0x00, 0x00, 0x00, 0x00, 0x00, 0x00, 0x00, 0x00, 0x00, 0x00,
  0x00, 0x00, 0x00, 0x00, 0x00, 0x00, 0x00, 0x00, 0x00, 0x00, 0x00, 0x00, 0x00, 0x00, 0x00, 0x00,
  0x00, 0x00, 0x00, 0x00, 0x00, 0x00, 0x00, 0x00, 0x00, 0x00, 0x00, 0x00, 0x00, 0x00, 0x00, 0x00,
  0x00, 0x00, 0x00, 0x00, 0x00, 0x00, 0x00, 0x00, 0x00, 0x00, 0x00, 0x00, 0x00, 0x00, 0x00, 0x00,
  0x00, 0x00, 0x00, 0x00, 0x00, 0x00, 0x00, 0x00, 0x00, 0x00, 0x00, 0x00, 0x00, 0x00, 0x00, 0x00,
  0x00, 0x00, 0x00, 0x00, 0x00, 0x00, 0x00, 0x00, 0x00, 0x00, 0x00, 0x00, 0x00, 0x00, 0x00, 0x00,
  0x00, 0x00, 0x00, 0x00, 0x00, 0x00, 0x00, 0x00, 0x00, 0x00, 0x00, 0x00, 0x00, 0x00, 0x00, 0x00,
  0x00, 0x00, 0x00, 0x00, 0x00, 0x00, 0x00, 0x00, 0x00, 0x00, 0x00, 0x00, 0x00, 0x00, 0x00, 0x00,
  0x00, 0x00, 0x00, 0x00, 0x00, 0x00, 0x00, 0x00, 0x00, 0x00, 0x00, 0x00, 0x00, 0x00, 0x00, 0x00,
  0x00, 0x00, 0x00, 0x00, 0x00, 0x00, 0xc0, 0x19, 0x82, 0x33, 0x82, 0x33, 0x61, 0x22, 0x00, 0x00,
  0x00, 0x00, 0x00, 0x00, 0x00, 0x00, 0x00, 0x00, 0x00, 0x00, 0x00, 0x00, 0x00, 0x00, 0x00, 0x00,
  0x00, 0x00, 0x00, 0x00, 0x00, 0x00, 0x00, 0x00, 0x00, 0x00, 0x00, 0x00, 0x00, 0x00, 0x00, 0x00,
  0x00, 0x00, 0x00, 0x00, 0x00, 0x00, 0x00, 0x00, 0x00, 0x00, 0x00, 0x00, 0x00, 0x00, 0x00, 0x00,
  0x00, 0x00, 0x00, 0x00, 0x00, 0x00, 0x00, 0x00, 0x00, 0x00, 0x00, 0x00, 0x00, 0x00, 0x00, 0x00,
  0x00, 0x00, 0x00, 0x00, 0x00, 0x00, 0x00, 0x00, 0x00, 0x00, 0x00, 0x00, 0x00, 0x00, 0x00, 0x00,
  0x00, 0x00, 0x00, 0x00, 0x00, 0x00, 0x00, 0x00, 0x00, 0x00, 0x00, 0x00, 0x00, 0x00, 0x00, 0x00,
  0x00, 0x00, 0x00, 0x00, 0x00, 0x00, 0x00, 0x00, 0x00, 0x00, 0x00, 0x00, 0x00, 0x00, 0x00, 0x00,
  0x00, 0x00, 0x00, 0x00, 0x00, 0x00, 0x00, 0x00, 0x00, 0x00, 0x00, 0x00, 0x00, 0x00, 0x00, 0x00,
  0x00, 0x00, 0x00, 0x00, 0x00, 0x00, 0x00, 0x00, 0x00, 0x00, 0x00, 0x00, 0x00, 0x00, 0x00, 0x00,
  0x00, 0x00, 0x00, 0x00, 0x00, 0x00, 0x00, 0x00, 0x00, 0x00, 0x00, 0x00, 0x00, 0x00, 0x00, 0x00,
  0x00, 0x00, 0x00, 0x00, 0x00, 0x00, 0x00, 0x00, 0x00, 0x00, 0x00, 0x00, 0x00, 0x00, 0x00, 0x00,
  0x00, 0x00, 0x00, 0x00, 0x00, 0x00, 0x00, 0x00, 0x00, 0x00, 0x00, 0x00, 0x00, 0x00, 0x00, 0x00,
  0x00, 0x00, 0x00, 0x00, 0x00, 0x00, 0x00, 0x00, 0x00, 0x00, 0x00, 0x00, 0x00, 0x00, 0x00, 0x00,
  0x00, 0x00, 0x00, 0x00, 0x00, 0x00, 0x00, 0x00, 0x00, 0x00, 0x00, 0x00, 0x00, 0x00, 0x00, 0x00,
  0x00, 0x00, 0x00, 0x00, 0x00, 0x00, 0x00, 0x00, 0x00, 0x00, 0x00, 0x00, 0x00, 0x00, 0x00, 0x00,
  0x00, 0x00, 0x00, 0x00, 0x00, 0x00, 0x00, 0x00, 0x00, 0x00, 0x00, 0x00, 0x00, 0x00, 0x00, 0x00,
  0x00, 0x00, 0x00, 0x00, 0x00, 0x00, 0x00, 0x00, 0x00, 0x00, 0x00, 0x00, 0x00, 0x00, 0x00, 0x00,
  0x00, 0x00, 0x00, 0x00, 0x00, 0x00, 0x00, 0x00, 0x00, 0x00, 0x00, 0x00, 0x00, 0x00, 0x00, 0x00,
  0x00, 0x00, 0x00, 0x00, 0x00, 0x00, 0x00, 0x00, 0x00, 0x00, 0x00, 0x00, 0x00, 0x00, 0x00, 0x00,
  0x00, 0x00, 0x00, 0x00, 0x00, 0x00, 0x00, 0x00, 0x00, 0x00, 0x00, 0x00, 0x00, 0x00, 0x00, 0x00,
  0x00, 0x00, 0x80, 0x31, 0x40, 0x22, 0x00, 0x00, 0x00, 0x00, 0x00, 0x00, 0x00, 0x00, 0x00, 0x00,
  0x00, 0x00, 0x00, 0x00, 0x00, 0x00, 0x00, 0x00, 0x00, 0x00, 0x00, 0x00, 0x00, 0x00, 0x00, 0x00,
  0x00, 0x00, 0x00, 0x00, 0x00, 0x00, 0x00, 0x00, 0x21, 0x2a, 0x41, 0x2a, 0x00, 0x00, 0x00, 0x00,
  0x00, 0x00, 0x00, 0x00, 0x00, 0x00, 0x00, 0x00, 0x00, 0x00, 0x00, 0x00, 0x00, 0x00, 0x00, 0x00,
  0x00, 0x00, 0x00, 0x00, 0x00, 0x00, 0x00, 0x00, 0x00, 0x00, 0x00, 0x00, 0x00, 0x00, 0x00, 0x00,
  0x00, 0x00, 0x00, 0x00, 0x00, 0x00, 0x00, 0x00, 0x00, 0x00, 0x00, 0x00, 0x00, 0x00, 0x00, 0x00,
  0x00, 0x00, 0x00, 0x00, 0x00, 0x00, 0x00, 0x00, 0x00, 0x00, 0x00, 0x00, 0x00, 0x00, 0x00, 0x00,
  0x00, 0x00, 0x00, 0x00, 0x00, 0x00, 0x00, 0x00, 0x00, 0x00, 0x00, 0x00, 0x00, 0x00, 0x00, 0x00,
  0x00, 0x00, 0x00, 0x00, 0x00, 0x00, 0x00, 0x00, 0x00, 0x00, 0x00, 0x00, 0x00, 0x00, 0x00, 0x00,
  0x00, 0x00, 0x00, 0x00, 0x00, 0x00, 0x00, 0x00, 0x00, 0x00, 0x00, 0x00, 0x00, 0x00, 0x00, 0x00,
  0x00, 0x00, 0x00, 0x00, 0x00, 0x00, 0x00, 0x00, 0x00, 0x00, 0x00, 0x00, 0x00, 0x00, 0x00, 0x00,
  0x00, 0x00, 0x00, 0x00, 0x00, 0x00, 0x00, 0x00, 0x00, 0x00, 0x00, 0x00, 0x00, 0x00, 0x00, 0x00,
  0x00, 0x00, 0x00, 0x00, 0x00, 0x00, 0x00, 0x00, 0x00, 0x00, 0x00, 0x00, 0x00, 0x00, 0x00, 0x00,
  0x00, 0x00, 0x00, 0x00, 0x00, 0x00, 0x00, 0x00, 0x00, 0x00, 0x00, 0x00, 0x00, 0x00, 0x00, 0x00,
  0x00, 0x00, 0x00, 0x00, 0x00, 0x00, 0x00, 0x00, 0x00, 0x00, 0x00, 0x00, 0x00, 0x00, 0x00, 0x00,
  0x00, 0x00, 0x00, 0x00, 0x00, 0x00, 0x00, 0x00, 0x00, 0x00, 0x00, 0x00, 0x00, 0x00, 0x00, 0x00,
  0x00, 0x00, 0x00, 0x00, 0x00, 0x00, 0x00, 0x00, 0x00, 0x00, 0x00, 0x00, 0x00, 0x00, 0x00, 0x00,
  0x00, 0x00, 0x00, 0x00, 0x00, 0x00, 0x00, 0x00, 0x00, 0x00, 0x00, 0x00, 0x00, 0x00, 0x00, 0x00,
  0x00, 0x00, 0x00, 0x00, 0x00, 0x00, 0x00, 0x00, 0x00, 0x00, 0x00, 0x00, 0x00, 0x00, 0x00, 0x00,
  0x00, 0x00, 0x00, 0x00, 0x00, 0x00, 0x00, 0x00, 0x00, 0x00, 0x00, 0x00, 0x00, 0x00, 0x00, 0x00,
  0x00, 0x00, 0x00, 0x00, 0x00, 0x00, 0x00, 0x00, 0x00, 0x00, 0x00, 0x00, 0x00, 0x00, 0x00, 0x00,
  0x00, 0x00, 0x00, 0x00, 0x00, 0x00, 0x00, 0x00, 0x00, 0x00, 0x00, 0x00, 0x00, 0x00, 0x00, 0x00,
  0x00, 0x00, 0x00, 0x00, 0x00, 0x00, 0x00, 0x00, 0x00, 0x00, 0x00, 0x00, 0x00, 0x00, 0x00, 0x00,
  0x00, 0x00, 0x00, 0x00, 0x00, 0x00, 0x00, 0x00, 0x00, 0x00, 0x00, 0x00, 0x00, 0x00, 0x00, 0x00,
  0x00, 0x00, 0x00, 0x00, 0x00, 0x00, 0x00, 0x00, 0x00, 0x00, 0x00, 0x00, 0x00, 0x00, 0x00, 0x00,
  0x00, 0x00, 0x00, 0x00, 0x00, 0x00, 0x00, 0x00, 0x00, 0x00, 0x00, 0x00, 0x00, 0x00, 0x00, 0x00,
  0x00, 0x00, 0x00, 0x00, 0x00, 0x00, 0x00, 0x00, 0x00, 0x00, 0x00, 0x00, 0x00, 0x00, 0x00, 0x00,
  0x00, 0x00, 0x00, 0x00, 0x00, 0x00, 0x00, 0x00, 0x00, 0x00, 0x00, 0x00, 0x00, 0x00, 0x00, 0x00,
  0x00, 0x00, 0x00, 0x00, 0x00, 0x00, 0x00, 0x00, 0x00, 0x00, 0x00, 0x00, 0x00, 0x00, 0x00, 0x00,
  0x00, 0x00, 0x00, 0x00, 0x00, 0x00, 0x00, 0x00, 0x00, 0x00, 0x00, 0x00, 0x00, 0x00, 0x00, 0x00,
  0x00, 0x00, 0x00, 0x00, 0x00, 0x00, 0x00, 0x00, 0x00, 0x00, 0x00, 0x00, 0x00, 0x00, 0x00, 0x00,
  0x00, 0x00, 0x00, 0x00, 0x00, 0x00, 0x00, 0x00, 0x00, 0x00, 0x00, 0x00, 0x00, 0x00, 0x00, 0x00,
  0x00, 0x00, 0x00, 0x00, 0x00, 0x00, 0x00, 0x00, 0x00, 0x00, 0x00, 0x00, 0x00, 0x00, 0x00, 0x00,
  0x00, 0x00, 0x00, 0x00, 0x00, 0x00, 0x00, 0x00, 0xc0, 0x19, 0x80, 0x19, 0xe0, 0x07, 0x00, 0x00,
  0x00, 0x00, 0x00, 0x00, 0x00, 0x00, 0x00, 0x00, 0x00, 0x00, 0x00, 0x00, 0x00, 0x00, 0x00, 0x00,
  0x00, 0x00, 0x00, 0x00, 0x00, 0x00, 0x00, 0x00, 0x00, 0x00, 0x00, 0x00, 0x02, 0x2a, 0x21, 0x22,
  0x00, 0x00, 0x00, 0x00, 0x00, 0x00, 0x00, 0x00, 0x00, 0x00, 0x00, 0x00, 0x00, 0x00, 0x00, 0x00,
  0x00, 0x00, 0x00, 0x00, 0x00, 0x00, 0x00, 0x00, 0x00, 0x00, 0x00, 0x00, 0x00, 0x00, 0x00, 0x00,
  0x00, 0x00, 0x00, 0x00, 0x00, 0x00, 0x00, 0x00, 0x00, 0x00, 0x00, 0x00, 0x00, 0x00, 0x00, 0x00,
  0x00, 0x00, 0x00, 0x00, 0x00, 0x00, 0x00, 0x00, 0x00, 0x00, 0x00, 0x00, 0x00, 0x00, 0x00, 0x00,
  0x00, 0x00, 0x00, 0x00, 0x00, 0x00, 0x00, 0x00, 0x00, 0x00, 0x00, 0x00, 0x00, 0x00, 0x00, 0x00,
  0x00, 0x00, 0x00, 0x00, 0x00, 0x00, 0x00, 0x00, 0x00, 0x00, 0x00, 0x00, 0x00, 0x00, 0x00, 0x00,
  0x00, 0x00, 0x00, 0x00, 0x00, 0x00, 0x00, 0x00, 0x00, 0x00, 0x00, 0x00, 0x00, 0x00, 0x00, 0x00,
  0x00, 0x00, 0x00, 0x00, 0x00, 0x00, 0x00, 0x00, 0x00, 0x00, 0x00, 0x00, 0x00, 0x00, 0x00, 0x00,
  0x00, 0x00, 0x00, 0x00, 0x00, 0x00, 0x00, 0x00, 0x00, 0x00, 0x00, 0x00, 0x00, 0x00, 0x00, 0x00,
  0x00, 0x00, 0x00, 0x00, 0x00, 0x00, 0x00, 0x00, 0x00, 0x00, 0x00, 0x00, 0x00, 0x00, 0x00, 0x00,
  0xe0, 0x03, 0xa0, 0x02, 0x00, 0x00, 0x00, 0x00, 0x00, 0x00, 0x00, 0x00, 0x00, 0x00, 0x00, 0x00,
  0x00, 0x00, 0x00, 0x00, 0x00, 0x00, 0x00, 0x00, 0x00, 0x00, 0x00, 0x00, 0x00, 0x00, 0x00, 0x00,
  0x00, 0x00, 0x00, 0x00, 0x00, 0x00, 0x00, 0x00, 0x00, 0x00, 0x00, 0x00, 0x00, 0x00, 0x00, 0x00,
  0x00, 0x00, 0x00, 0x00, 0x00, 0x00, 0x00, 0x00, 0x00, 0x00, 0x00, 0x00, 0x00, 0x00, 0x00, 0x00,
  0x00, 0x00, 0x00, 0x00, 0x00, 0x00, 0x00, 0x00, 0x00, 0x00, 0x00, 0x00, 0x00, 0x00, 0x00, 0x00,
  0x00, 0x00, 0x00, 0x00, 0x00, 0x00, 0x00, 0x00, 0x00, 0x00, 0x00, 0x00, 0x00, 0x00, 0x00, 0x00,
  0x00, 0x00, 0x00, 0x00, 0x00, 0x00, 0x00, 0x00, 0x00, 0x00, 0x00, 0x00, 0x00, 0x00, 0x00, 0x00,
  0x00, 0x00, 0x00, 0x00, 0x00, 0x00, 0x00, 0x00, 0x00, 0x00, 0x00, 0x00, 0x00, 0x00, 0x00, 0x00,
  0x00, 0x00, 0x00, 0x00, 0x00, 0x00, 0x00, 0x00, 0x00, 0x00, 0x00, 0x00, 0x00, 0x00, 0x00, 0x00,
  0x00, 0x00, 0x00, 0x00, 0x00, 0x00, 0x00, 0x00, 0x00, 0x00, 0x00, 0x00, 0x00, 0x00, 0x00, 0x00,
  0x00, 0x00, 0x00, 0x00, 0x00, 0x00, 0x00, 0x00, 0x00, 0x00, 0x00, 0x00, 0x00, 0x00, 0x00, 0x00,
  0x00, 0x00, 0x00, 0x00, 0x00, 0x00, 0x00, 0x00, 0x00, 0x00, 0x00, 0x00, 0x00, 0x00, 0x00, 0x00,
  0x00, 0x00, 0x00, 0x00, 0x00, 0x00, 0x00, 0x00, 0x00, 0x00, 0x00, 0x00, 0x00, 0x00, 0x00, 0x00,
  0x00, 0x00, 0x00, 0x00, 0x00, 0x00, 0x00, 0x00, 0x00, 0x00, 0x00, 0x00, 0x00, 0x00, 0x00, 0x00,
  0x00, 0x00, 0x00, 0x00, 0x00, 0x00, 0x00, 0x00, 0x00, 0x00, 0x00, 0x00, 0x00, 0x00, 0x00, 0x00,
  0x00, 0x00, 0x00, 0x00, 0x00, 0x00, 0x00, 0x00, 0x00, 0x00, 0x00, 0x00, 0x00, 0x00, 0x00, 0x00,
  0x00, 0x00, 0x00, 0x00, 0x00, 0x00, 0x00, 0x00, 0x00, 0x00, 0x00, 0x00, 0x00, 0x00, 0x00, 0x00,
  0x00, 0x00, 0x00, 0x00, 0x00, 0x00, 0x00, 0x00, 0x00, 0x00, 0x00, 0x00, 0x00, 0x00, 0x00, 0x00,
  0x00, 0x00, 0x00, 0x00, 0x00, 0x00, 0x00, 0x00, 0x00, 0x00, 0x00, 0x00, 0x00, 0x00, 0x00, 0x00,
  0x00, 0x00, 0x00, 0x00, 0x00, 0x00, 0x00, 0x00, 0x00, 0x00, 0x00, 0x00, 0x00, 0x00, 0x00, 0x00,
  0x00, 0x00, 0x00, 0x00, 0x00, 0x00, 0x00, 0x00, 0x00, 0x00, 0x00, 0x00, 0xa1, 0x19, 0x81, 0x19,
  0xe0, 0x39, 0x00, 0x00, 0x00, 0x00, 0x00, 0x00, 0x00, 0x00, 0x00, 0x00, 0x00, 0x00, 0x00, 0x00,
  0x00, 0x00, 0x00, 0x00, 0x00, 0x00, 0x00, 0x00, 0x00, 0x00, 0x00, 0x00, 0x00, 0x00, 0x00, 0x00,
  0x00, 0x00, 0x00, 0x00, 0x00, 0x00, 0x00, 0x00, 0x00, 0x00, 0x00, 0x00, 0x00, 0x00, 0x00, 0x00,
  0x00, 0x00, 0x00, 0x00, 0x00, 0x00, 0x00, 0x00, 0x00, 0x00, 0x00, 0x00, 0x00, 0x00, 0x00, 0x00,
  0x00, 0x00, 0x00, 0x00, 0x00, 0x00, 0x00, 0x00, 0x00, 0x00, 0x00, 0x00, 0x00, 0x00, 0x00, 0x00,
  0x00, 0x00, 0x00, 0x00, 0x00, 0x00, 0x00, 0x00, 0x00, 0x00, 0x00, 0x00, 0x00, 0x00, 0x00, 0x00,
  0x00, 0x00, 0x00, 0x00, 0x00, 0x00, 0x00, 0x00, 0x00, 0x00, 0x00, 0x00, 0x00, 0x00, 0x00, 0x00,
  0x00, 0x00, 0x00, 0x00, 0x00, 0x00, 0x00, 0x00, 0x00, 0x00, 0x00, 0x00, 0x00, 0x00, 0x00, 0x00,
  0x00, 0x00, 0x00, 0x00, 0x00, 0x00, 0x00, 0x00, 0x00, 0x00, 0x00, 0x00, 0x00, 0x00, 0x00, 0x00,
  0x00, 0x00, 0x00, 0x00, 0x00, 0x00, 0x00, 0x00, 0x00, 0x00, 0x00, 0x00, 0x00, 0x00, 0x00, 0x00,
  0x00, 0x00, 0x00, 0x00, 0x00, 0x00, 0x00, 0x00, 0x00, 0x00, 0x00, 0x00, 0x00, 0x00, 0x00, 0x00,
  0x00, 0x00, 0x00, 0x00, 0x00, 0x00, 0x00, 0x00, 0x00, 0x00, 0x00, 0x00, 0x00, 0x00, 0x00, 0x00,
  0x00, 0x00, 0x00, 0x00, 0x00, 0x00, 0x00, 0x00, 0x00, 0x00, 0x00, 0x00, 0x00, 0x00, 0x00, 0x00,
  0x00, 0x00, 0x00, 0x00, 0x00, 0x00, 0x00, 0x00, 0x00, 0x00, 0x00, 0x00, 0x00, 0x00, 0x00, 0x00,
  0x00, 0x00, 0x00, 0x00, 0x00, 0x00, 0x00, 0x00, 0x00, 0x00, 0x00, 0x00, 0x00, 0x00, 0x00, 0x00,
  0x00, 0x00, 0x00, 0x00, 0x00, 0x00, 0x00, 0x00, 0x00, 0x00, 0x00, 0x00, 0x00, 0x00, 0x00, 0x00,
  0x00, 0x00, 0x00, 0x00, 0x00, 0x00, 0x00, 0x00, 0x00, 0x00, 0x00, 0x00, 0x00, 0x00, 0x00, 0x00,
  0x00, 0x00, 0x00, 0x00, 0x00, 0x00, 0x00, 0x00, 0x00, 0x00, 0x00, 0x00, 0x00, 0x00, 0x00, 0x00,
  0x00, 0x00, 0x00, 0x00, 0x00, 0x00, 0x00, 0x00, 0x00, 0x00, 0x00, 0x00, 0x00, 0x00, 0x00, 0x00,
  0x00, 0x00, 0x00, 0x00, 0x00, 0x00, 0x00, 0x00, 0x00, 0x00, 0x00, 0x00, 0x00, 0x00, 0x00, 0x00,
  0x00, 0x00, 0x00, 0x00, 0x00, 0x00, 0x00, 0x00, 0x00, 0x00, 0x00, 0x00, 0x00, 0x00, 0x00, 0x00,
  0x00, 0x00, 0x00, 0x00, 0x00, 0x00, 0x00, 0x00, 0x00, 0x00, 0x00, 0x00, 0x00, 0x00, 0x00, 0x00,
  0x00, 0x00, 0x00, 0x00, 0x00, 0x00, 0x00, 0x00, 0x00, 0x00, 0x00, 0x00, 0x00, 0x00, 0x00, 0x00,
  0x00, 0x00, 0x00, 0x00, 0x00, 0x00, 0x00, 0x00, 0x00, 0x00, 0x00, 0x00, 0x00, 0x00, 0x00, 0x00,
  0x00, 0x00, 0x00, 0x00, 0x00, 0x00, 0x00, 0x00, 0x00, 0x00, 0x00, 0x00, 0x00, 0x00, 0x00, 0x00,
  0x00, 0x00, 0x00, 0x00, 0x00, 0x00, 0x00, 0x00, 0x00, 0x00, 0x00, 0x00, 0x00, 0x00, 0x00, 0x00,
  0x00, 0x00, 0x00, 0x00, 0x00, 0x00, 0x00, 0x00, 0x00, 0x00, 0x00, 0x00, 0x00, 0x00, 0x00, 0x00,
  0x00, 0x00, 0x00, 0x00, 0x00, 0x00, 0x00, 0x00, 0x00, 0x00, 0x00, 0x00, 0x00, 0x00, 0x00, 0x00,
  0x00, 0x00, 0x00, 0x00, 0x00, 0x00, 0x00, 0x00, 0x00, 0x00, 0x00, 0x00, 0x00, 0x00, 0x00, 0x00,
  0x00, 0x00, 0x00, 0x00, 0x00, 0x00, 0x00, 0x00, 0x00, 0x00, 0x00, 0x00, 0x00, 0x00, 0x00, 0x00,
  0x00, 0x00, 0x00, 0x00, 0x00, 0x00, 0x00, 0x00, 0x00, 0x00, 0x00, 0x00, 0x00, 0x00, 0x00, 0x00,
  0x00, 0x00, 0x00, 0x00, 0x00, 0x00, 0x00, 0x00, 0x00, 0x00, 0x00, 0x00, 0x00, 0x00, 0x00, 0x00,
  0x00, 0x00, 0x00, 0x00, 0x00, 0x00, 0x00, 0x00, 0x00, 0x00, 0x00, 0x00, 0x00, 0x00, 0x00, 0x00,
  0x00, 0x00, 0x00, 0x00, 0x00, 0x00, 0x00, 0x00, 0x00, 0x00, 0x00, 0x00, 0x00, 0x00, 0x00, 0x01,
  0x03, 0x0f, 0x00, 0x00, 0x00, 0x00, 0x00, 0x00, 0x00, 0x00, 0x00, 0x00, 0x00, 0x00, 0x00, 0x00,
  0x00, 0x00, 0x00, 0x00, 0x00, 0x00, 0x00, 0x00, 0x00, 0x00, 0x00, 0x00, 0x00, 0x00, 0x00, 0x00,
  0x00, 0x00, 0x00, 0x00, 0x00, 0x00, 0x00, 0x00, 0x00, 0x00, 0x00, 0x00, 0x00, 0x00, 0x00, 0x00,
  0x00, 0x00, 0x00, 0x00, 0x00, 0x00, 0x00, 0x00, 0x00, 0x00, 0x00, 0x00, 0x00, 0x00, 0x00, 0x00,
  0x00, 0x00, 0x00, 0x00, 0x00, 0x00, 0x00, 0x00, 0x00, 0x00, 0x00, 0x00, 0x00, 0x00, 0x00, 0x00,
  0x00, 0x00, 0x00, 0x00, 0x00, 0x00, 0x00, 0x01, 0x01, 0x00, 0x00, 0x00, 0x00, 0x00, 0x00, 0x00,
  0x00, 0x00, 0x00, 0x00, 0x00, 0x00, 0x00, 0x00, 0x00, 0x00, 0x00, 0x00, 0x00, 0x00, 0x00, 0x00,
  0x00, 0x00, 0x00, 0x00, 0x00, 0x00, 0x00, 0x00, 0x00, 0x00, 0x00, 0x00, 0x00, 0x00, 0x00, 0x00,
  0x00, 0x00, 0x00, 0x00, 0x00, 0x00, 0x00, 0x00, 0x00, 0x00, 0x00, 0x00, 0x00, 0x00, 0x00, 0x00,
  0x00, 0x00, 0x00, 0x00, 0x00, 0x00, 0x00, 0x00, 0x00, 0x00, 0x00, 0x00, 0x00, 0x00, 0x00, 0x00,
  0x00, 0x00, 0x00, 0x00, 0x00, 0x00, 0x00, 0x00, 0x00, 0x00, 0x00, 0x00, 0x00, 0x00, 0x00, 0x00,
  0x00, 0x00, 0x00, 0x00, 0x00, 0x00, 0x00, 0x00, 0x00, 0x00, 0x00, 0x00, 0x00, 0x00, 0x00, 0x00,
  0x00, 0x00, 0x00, 0x00, 0x00, 0x00, 0x00, 0x00, 0x00, 0x00, 0x00, 0x00, 0x00, 0x00, 0x00, 0x00,
  0x00, 0x00, 0x00, 0x00, 0x00, 0x00, 0x00, 0x00, 0x00, 0x00, 0x00, 0x00, 0x00, 0x00, 0x00, 0x00,
  0x00, 0x00, 0x00, 0x00, 0x00, 0x00, 0x00, 0x00, 0x00, 0x00, 0x00, 0x00, 0x00, 0x00, 0x00, 0x00,
  0x00, 0x00, 0x00, 0x00, 0x00, 0x00, 0x00, 0x00, 0x00, 0x00, 0x00, 0x00, 0x00, 0x00, 0x00, 0x00,
  0x00, 0x00, 0x00, 0x00, 0x00, 0x00, 0x00, 0x00, 0x00, 0x00, 0x07, 0x06, 0x00, 0x00, 0x00, 0x00,
  0x00, 0x00, 0x00, 0x00, 0x00, 0x00, 0x00, 0x00, 0x00, 0x00, 0x00, 0x00, 0x00, 0x00, 0x00, 0x00,
  0x00, 0x00, 0x00, 0x00, 0x00, 0x00, 0x00, 0x00, 0x00, 0x00, 0x00, 0x00, 0x00, 0x00, 0x00, 0x00,
  0x00, 0x00, 0x00, 0x00, 0x00, 0x00, 0x00, 0x00, 0x00, 0x00, 0x00, 0x00, 0x00, 0x00, 0x00, 0x00,
  0x00, 0x00, 0x00, 0x00, 0x00, 0x00, 0x00, 0x00, 0x00, 0x00, 0x00, 0x00, 0x00, 0x00, 0x00, 0x00,
  0x00, 0x00, 0x00, 0x00, 0x00, 0x00, 0x00, 0x00, 0x00, 0x00, 0x00, 0x00, 0x00, 0x00, 0x00, 0x00,
  0x00, 0x00, 0x00, 0x00, 0x00, 0x00, 0x00, 0x00, 0x00, 0x00, 0x00, 0x00, 0x00, 0x00, 0x00, 0x00,
  0x00, 0x00, 0x00, 0x00, 0x00, 0x00, 0x00, 0x00, 0x00, 0x00, 0x00, 0x00, 0x00, 0x00, 0x00, 0x00,
  0x00, 0x00, 0x00, 0x00, 0x00, 0x00, 0x00, 0x00, 0x00, 0x00, 0x00, 0x00, 0x00, 0x00, 0x00, 0x00,
  0x00, 0x00, 0x00, 0x00, 0x00, 0x00, 0x00, 0x00, 0x00, 0x00, 0x00, 0x00, 0x00, 0x00, 0x00, 0x00,
  0x00, 0x00, 0x00, 0x00, 0x00, 0x00, 0x00, 0x00, 0x00, 0x00, 0x00, 0x00, 0x00, 0x00, 0x00, 0x00,
  0x00, 0x00, 0x00, 0x00, 0x00, 0x00, 0x00, 0x00, 0x00, 0x00, 0x00, 0x00, 0x00, 0x00, 0x00, 0x00,
  0x00, 0x00, 0x00, 0x00, 0x00, 0x00, 0x00, 0x00, 0x00, 0x00, 0x00, 0x00, 0x00, 0x00, 0x00, 0x00,
  0x00, 0x00, 0x00, 0x00, 0x00, 0x00, 0x00, 0x00, 0x00, 0x00, 0x00, 0x00, 0x00, 0x00, 0x00, 0x00,
  0x00, 0x00, 0x00, 0x00, 0x00, 0x00, 0x00, 0x00, 0x00, 0x00, 0x00, 0x00, 0x00, 0x00, 0x00, 0x00,
  0x00, 0x00, 0x00, 0x00, 0x00, 0x00, 0x00, 0x00, 0x00, 0x00, 0x00, 0x00, 0x00, 0x00, 0x00, 0x00,
  0x00, 0x00, 0x00, 0x00, 0x00, 0x00, 0x00, 0x00, 0x00, 0x00, 0x00, 0x00, 0x00, 0x00, 0x00, 0x00,
  0x00, 0x00, 0x01, 0x00, 0x17, 0x1d, 0x00, 0x01, 0x00, 0x00, 0x00, 0x00, 0x00, 0x00, 0x00, 0x00,
  0x00, 0x00, 0x00, 0x00, 0x00, 0x00, 0x00, 0x00, 0x00, 0x00, 0x00, 0x00, 0x00, 0x00, 0x00, 0x00,
  0x00, 0x00, 0x00, 0x00, 0x00, 0x00, 0x00, 0x00, 0x00, 0x00, 0x00, 0x00, 0x00, 0x00, 0x00, 0x00,
  0x00, 0x00, 0x00, 0x00, 0x00, 0x00, 0x00, 0x00, 0x00, 0x00, 0x00, 0x00, 0x00, 0x00, 0x00, 0x00,
  0x00, 0x00, 0x00, 0x00, 0x00, 0x00, 0x00, 0x00, 0x00, 0x00, 0x00, 0x00, 0x00, 0x00, 0x00, 0x00,
  0x00, 0x00, 0x00, 0x00, 0x00, 0x00, 0x00, 0x00, 0x00, 0x00, 0x00, 0x00, 0x00, 0x00, 0x00, 0x00,
  0x00, 0x00, 0x00, 0x00, 0x00, 0x00, 0x00, 0x00, 0x00, 0x00, 0x00, 0x00, 0x00, 0x00, 0x00, 0x00,
  0x00, 0x00, 0x00, 0x00, 0x00, 0x00, 0x00, 0x00, 0x00, 0x00, 0x00, 0x00, 0x00, 0x00, 0x00, 0x00,
  0x00, 0x00, 0x00, 0x00, 0x00, 0x00, 0x00, 0x00, 0x00, 0x00, 0x00, 0x00, 0x00, 0x00, 0x00, 0x00,
  0x00, 0x00, 0x00, 0x00, 0x00, 0x00, 0x00, 0x00, 0x00, 0x00, 0x00, 0x00, 0x00, 0x00, 0x00, 0x00,
  0x00, 0x00, 0x00, 0x00, 0x00, 0x00, 0x00, 0x00, 0x00, 0x00, 0x00, 0x00, 0x00, 0x00, 0x00, 0x00,
  0x00, 0x00, 0x00, 0x00, 0x00, 0x00, 0x00, 0x00, 0x00, 0x00, 0x00, 0x00, 0x00, 0x00, 0x00, 0x00,
  0x00, 0x00, 0x00, 0x00, 0x00, 0x00, 0x00, 0x00, 0x00, 0x00, 0x00, 0x00, 0x00, 0x00, 0x00, 0x00,
  0x00, 0x00, 0x00, 0x00, 0x00, 0x00, 0x00, 0x00, 0x00, 0x00, 0x00, 0x00, 0x00, 0x00, 0x00, 0x00,
  0x00, 0x00, 0x00, 0x00, 0x00, 0x00, 0x00, 0x00, 0x00, 0x00, 0x00, 0x00, 0x00, 0x00, 0x00, 0x00,
  0x00, 0x00, 0x00, 0x00, 0x00, 0x00, 0x00, 0x00, 0x00, 0x00, 0x00, 0x00, 0x00, 0x00, 0x00, 0x00,
  0x00, 0x00, 0x00, 0x00, 0x00, 0x00, 0x00, 0x00, 0x00, 0x00, 0x00, 0x00, 0x00, 0x00, 0x00, 0x00,
  0x00, 0x00, 0x00, 0x00, 0x00, 0x00, 0x00, 0x00, 0x00, 0x00, 0x00, 0x00, 0x00, 0x00, 0x00, 0x00,
  0x00, 0x00, 0x00, 0x00, 0x00, 0x00, 0x00, 0x00, 0x00, 0x00, 0x00, 0x00, 0x00, 0x00, 0x00, 0x00,
  0x00, 0x00, 0x00, 0x00, 0x00, 0x00, 0x00, 0x00, 0x00, 0x00, 0x00, 0x00, 0x00, 0x00, 0x00, 0x00,
  0x00, 0x00, 0x00, 0x00, 0x00, 0x00, 0x00, 0x00, 0x00, 0x00, 0x00, 0x00, 0x00, 0x00, 0x00, 0x00,
  0x00, 0x00, 0x00, 0x00, 0x00, 0x00, 0x00, 0x00, 0x00, 0x00, 0x00, 0x00, 0x00, 0x00, 0x00, 0x00,
  0x00, 0x00, 0x00, 0x00, 0x00, 0x00, 0x00, 0x00, 0x00, 0x00, 0x00, 0x00, 0x00, 0x00, 0x00, 0x00,
  0x00, 0x00, 0x00, 0x00, 0x00, 0x00, 0x00, 0x00, 0x00, 0x00, 0x00, 0x00, 0x00, 0x00, 0x00, 0x00,
  0x00, 0x00, 0x00, 0x00, 0x00, 0x00, 0x00, 0x00, 0x00, 0x00, 0x00, 0x00, 0x00, 0x00, 0x00, 0x00,
  0x00, 0x00, 0x00, 0x00, 0x00, 0x00, 0x00, 0x00, 0x00, 0x00, 0x00, 0x00, 0x00, 0x00, 0x00, 0x00,
  0x00, 0x00, 0x00, 0x00, 0x00, 0x00, 0x00, 0x00, 0x00, 0x00, 0x00, 0x00, 0x00, 0x00, 0x00, 0x00,
  0x00, 0x00, 0x00, 0x00, 0x00, 0x00, 0x00, 0x00, 0x00, 0x00, 0x00, 0x00, 0x00, 0x00, 0x00, 0x00,
  0x00, 0x00, 0x00, 0x00, 0x00, 0x00, 0x00, 0x00, 0x00, 0x00, 0x00, 0x00, 0x00, 0x00, 0x00, 0x00,
  0x00, 0x00, 0x00, 0x00, 0x00, 0x00, 0x00, 0x00, 0x00, 0x00, 0x00, 0x00, 0x00, 0x00, 0x00, 0x00,
  0x00, 0x00, 0x00, 0x01, 0x02, 0x00, 0x00, 0x00, 0x00, 0x00, 0x00, 0x00, 0x00, 0x00, 0x00, 0x00,
  0x00, 0x00, 0x00, 0x00, 0x00, 0x00, 0x00, 0x00, 0x00, 0x00, 0x00, 0x00, 0x00, 0x00, 0x00, 0x00,
  0x00, 0x00, 0x00, 0x00, 0x00, 0x00, 0x00, 0x00, 0x00, 0x00, 0x00, 0x00, 0x00, 0x00, 0x00, 0x00,
  0x00, 0x00, 0x00, 0x00, 0x00, 0x00, 0x00, 0x00, 0x00, 0x00, 0x00, 0x00, 0x00, 0x00, 0x00, 0x00,
  0x00, 0x00, 0x00, 0x00, 0x00, 0x00, 0x00, 0x00, 0x00, 0x00, 0x00, 0x00, 0x00, 0x00, 0x00, 0x00,
  0x00, 0x00, 0x00, 0x00, 0x00, 0x00, 0x00, 0x00, 0x00, 0x00, 0x00, 0x00, 0x00, 0x00, 0x00, 0x00,
  0x00, 0x00, 0x00, 0x00, 0x00, 0x00, 0x00, 0x00, 0x00, 0x00, 0x00, 0x00, 0x00, 0x00, 0x00, 0x00,
  0x00, 0x00, 0x00, 0x00, 0x00, 0x00, 0x00, 0x00, 0x00, 0x00, 0x00, 0x00, 0x00, 0x00, 0x00, 0x00,
  0x00, 0x00, 0x00, 0x00, 0x00, 0x00, 0x00, 0x00, 0x00, 0x00, 0x00, 0x00, 0x00, 0x00, 0x00, 0x00,
  0x00, 0x00, 0x00, 0x00, 0x00, 0x00, 0x00, 0x00, 0x00, 0x00, 0x00, 0x00, 0x00, 0x00, 0x00, 0x00,
  0x00, 0x00, 0x00, 0x00, 0x00, 0x00, 0x00, 0x00, 0x00, 0x00, 0x00, 0x00, 0x00, 0x00, 0x00, 0x00,
  0x00, 0x00, 0x00, 0x00, 0x00, 0x00, 0x00, 0x00, 0x00, 0x00, 0x00, 0x00, 0x00, 0x00, 0x00, 0x00,
  0x00, 0x00, 0x00, 0x00, 0x00, 0x00, 0x00, 0x00, 0x00, 0x00, 0x00, 0x00, 0x00, 0x00, 0x00, 0x00,
  0x00, 0x00, 0x00, 0x00, 0x00, 0x00, 0x00, 0x00, 0x00, 0x00, 0x00, 0x00, 0x00, 0x00, 0x00, 0x00,
  0x00, 0x00, 0x00, 0x00, 0x00, 0x00, 0x00, 0x00, 0x00, 0x00, 0x00, 0x00, 0x00, 0x00, 0x00, 0x00,
  0x00, 0x00, 0x00, 0x00, 0x00, 0x00, 0x00, 0x00, 0x00, 0x00, 0x00, 0x00, 0x00, 0x00, 0x00, 0x00,
  0x00, 0x00, 0x00, 0x00, 0x00, 0x00, 0x00, 0x00, 0x00, 0x00, 0x00, 0x00, 0x01, 0x00, 0x00, 0x02,
  0x01, 0x00, 0x00, 0x00, 0x00, 0x00, 0x00, 0x00, 0x00, 0x00, 0x00, 0x00, 0x00, 0x00, 0x00, 0x00,
  0x00, 0x00, 0x00, 0x00, 0x01, 0x00, 0x00, 0x00, 0x00, 0x00, 0x00, 0x00, 0x00, 0x00, 0x00, 0x00,
  0x00, 0x00, 0x00, 0x00, 0x00, 0x00, 0x00, 0x00, 0x00, 0x00, 0x00, 0x00, 0x00, 0x00, 0x00, 0x00,
  0x00, 0x00, 0x00, 0x00, 0x00, 0x00, 0x00, 0x00, 0x00, 0x00, 0x00, 0x00, 0x00, 0x00, 0x00, 0x00,
  0x00, 0x00, 0x00, 0x00, 0x00, 0x00, 0x00, 0x00, 0x00, 0x00, 0x00, 0x00, 0x00, 0x00, 0x00, 0x00,
  0x00, 0x00, 0x00, 0x00, 0x00, 0x00, 0x00, 0x00, 0x00, 0x00, 0x00, 0x00, 0x00, 0x00, 0x00, 0x00,
  0x00, 0x00, 0x00, 0x00, 0x00, 0x00, 0x00, 0x00, 0x00, 0x00, 0x00, 0x00, 0x00, 0x00, 0x00, 0x00,
  0x00, 0x00, 0x00, 0x00, 0x00, 0x00, 0x00, 0x00, 0x00, 0x00, 0x00, 0x00, 0x00, 0x00, 0x00, 0x00,
  0x00, 0x00, 0x00, 0x00, 0x00, 0x00, 0x00, 0x00, 0x00, 0x00, 0x00, 0x00, 0x00, 0x00, 0x00, 0x00,
  0x00, 0x00, 0x00, 0x00, 0x00, 0x00, 0x00, 0x00, 0x00, 0x00, 0x00, 0x00, 0x00, 0x00, 0x00, 0x00,
  0x00, 0x00, 0x00, 0x00, 0x00, 0x00, 0x00, 0x00, 0x00, 0x00, 0x00, 0x00, 0x00, 0x00, 0x00, 0x00,
  0x00, 0x00, 0x00, 0x00, 0x00, 0x00, 0x00, 0x00, 0x00, 0x00, 0x00, 0x00, 0x00, 0x00, 0x00, 0x00,
  0x00, 0x00, 0x00, 0x00, 0x00, 0x00, 0x00, 0x00, 0x00, 0x00, 0x00, 0x00, 0x00, 0x00, 0x00, 0x00,
  0x00, 0x00, 0x00, 0x00, 0x00, 0x00, 0x00, 0x00, 0x00, 0x00, 0x00, 0x00, 0x00, 0x00, 0x00, 0x00,
  0x00, 0x00, 0x00, 0x00, 0x00, 0x00, 0x00, 0x00, 0x00, 0x00, 0x00, 0x00, 0x00, 0x00, 0x00, 0x00,
  0x00, 0x00, 0x00, 0x00, 0x00, 0x00, 0x00, 0x00, 0x00, 0x00, 0x00, 0x00, 0x00, 0x00, 0x00, 0x00,
  0x00, 0x00, 0x00, 0x00, 0x00, 0x01, 0x03, 0x2c, 0x38, 0x06, 0x00, 0x00, 0x00, 0x00, 0x00, 0x00,
  0x00, 0x00, 0x00, 0x00, 0x00, 0x00, 0x00, 0x00, 0x00, 0x00, 0x00, 0x00, 0x00, 0x00, 0x01, 0x00,
  0x00, 0x00, 0x00, 0x00, 0x00, 0x00, 0x00, 0x00, 0x00, 0x00, 0x00, 0x00, 0x00, 0x00, 0x00, 0x00,
  0x00, 0x00, 0x00, 0x00, 0x00, 0x00, 0x00, 0x00, 0x00, 0x00, 0x00, 0x00, 0x00, 0x00, 0x00, 0x00,
  0x00, 0x00, 0x00, 0x00, 0x00, 0x00, 0x00, 0x00, 0x00, 0x00, 0x00, 0x00, 0x00, 0x00, 0x00, 0x00,
  0x00, 0x00, 0x00, 0x00, 0x00, 0x00, 0x00, 0x00, 0x00, 0x00, 0x00, 0x00, 0x00, 0x00, 0x00, 0x00,
  0x00, 0x00, 0x00, 0x00, 0x00, 0x00, 0x00, 0x00, 0x00, 0x00, 0x00, 0x00, 0x00, 0x00, 0x00, 0x00,
  0x00, 0x00, 0x00, 0x00, 0x00, 0x00, 0x00, 0x00, 0x00, 0x00, 0x00, 0x00, 0x00, 0x00, 0x00, 0x00,
  0x00, 0x00, 0x00, 0x00, 0x00, 0x00, 0x00, 0x00, 0x00, 0x00, 0x00, 0x00, 0x00, 0x00, 0x00, 0x00,
  0x00, 0x00, 0x00, 0x00, 0x00, 0x00, 0x00, 0x00, 0x00, 0x00, 0x00, 0x00, 0x00, 0x00, 0x00, 0x00,
  0x00, 0x00, 0x00, 0x00, 0x00, 0x00, 0x00, 0x00, 0x00, 0x00, 0x00, 0x00, 0x00, 0x00, 0x00, 0x00,
  0x00, 0x00, 0x00, 0x00, 0x00, 0x00, 0x00, 0x00, 0x00, 0x00, 0x00, 0x00, 0x00, 0x00, 0x00, 0x00,
  0x00, 0x00, 0x00, 0x00, 0x00, 0x00, 0x00, 0x00, 0x00, 0x00, 0x00, 0x00, 0x00, 0x00, 0x00, 0x00,
  0x00, 0x00, 0x00, 0x00, 0x00, 0x00, 0x00, 0x00, 0x00, 0x00, 0x00, 0x00, 0x00, 0x00, 0x00, 0x00,
  0x00, 0x00, 0x00, 0x00, 0x00, 0x00, 0x00, 0x00, 0x00, 0x00, 0x00, 0x00, 0x00, 0x00, 0x00, 0x00,
  0x00, 0x00, 0x00, 0x00, 0x00, 0x00, 0x00, 0x00, 0x00, 0x00, 0x00, 0x00, 0x00, 0x00, 0x00, 0x00,
  0x00, 0x00, 0x00, 0x00, 0x00, 0x00, 0x00, 0x00, 0x00, 0x00, 0x00, 0x00, 0x00, 0x00, 0x01, 0x00,
  0x0b, 0x84, 0x68, 0x01, 0x01, 0x00, 0x00, 0x00, 0x00, 0x00, 0x00, 0x00, 0x00, 0x00, 0x00, 0x00,
  0x00, 0x00, 0x00, 0x00, 0x00, 0x00, 0x00, 0x00, 0x00, 0x00, 0x00, 0x00, 0x00, 0x00, 0x00, 0x00,
  0x00, 0x00, 0x00, 0x00, 0x00, 0x00, 0x00, 0x00, 0x00, 0x00, 0x00, 0x00, 0x00, 0x00, 0x00, 0x00,
  0x00, 0x00, 0x00, 0x00, 0x01, 0x00, 0x00, 0x01, 0x01, 0x00, 0x00, 0x00, 0x00, 0x00, 0x00, 0x00,
  0x00, 0x00, 0x00, 0x00, 0x00, 0x00, 0x00, 0x00, 0x00, 0x00, 0x00, 0x00, 0x00, 0x00, 0x00, 0x00,
  0x00, 0x00, 0x00, 0x00, 0x00, 0x00, 0x00, 0x00, 0x00, 0x00, 0x00, 0x00, 0x00, 0x00, 0x00, 0x00,
  0x00, 0x00, 0x00, 0x00, 0x00, 0x00, 0x00, 0x00, 0x00, 0x00, 0x00, 0x00, 0x00, 0x00, 0x00, 0x00,
  0x00, 0x00, 0x00, 0x00, 0x00, 0x00, 0x00, 0x00, 0x00, 0x00, 0x00, 0x00, 0x00, 0x00, 0x00, 0x00,
  0x00, 0x00, 0x00, 0x00, 0x00, 0x00, 0x00, 0x00, 0x00, 0x00, 0x00, 0x00, 0x00, 0x00, 0x00, 0x00,
  0x00, 0x00, 0x00, 0x00, 0x00, 0x00, 0x00, 0x00, 0x00, 0x00, 0x00, 0x00, 0x00, 0x00, 0x00, 0x00,
  0x00, 0x00, 0x00, 0x00, 0x00, 0x00, 0x00, 0x00, 0x00, 0x00, 0x00, 0x00, 0x00, 0x00, 0x00, 0x00,
  0x00, 0x00, 0x00, 0x00, 0x00, 0x00, 0x00, 0x00, 0x00, 0x00, 0x00, 0x00, 0x00, 0x00, 0x00, 0x00,
  0x00, 0x00, 0x00, 0x00, 0x00, 0x00, 0x00, 0x00, 0x00, 0x00, 0x00, 0x00, 0x00, 0x00, 0x00, 0x00,
  0x00, 0x00, 0x00, 0x00, 0x00, 0x00, 0x00, 0x00, 0x00, 0x00, 0x00, 0x00, 0x00, 0x00, 0x00, 0x00,
  0x00, 0x00, 0x00, 0x00, 0x00, 0x00, 0x00, 0x00, 0x00, 0x00, 0x00, 0x00, 0x00, 0x00, 0x00, 0x00,
  0x00, 0x00, 0x00, 0x00, 0x00, 0x00, 0x00, 0x00, 0x00, 0x00, 0x00, 0x00, 0x00, 0x00, 0x00, 0x00,
  0x00, 0x00, 0x00, 0x00, 0x00, 0x00, 0x00, 0x00, 0x00, 0x00, 0x01, 0x09, 0x02, 0x00, 0x00, 0x00,
  0x00, 0x00, 0x00, 0x00, 0x00, 0x00, 0x00, 0x00, 0x00, 0x00, 0x00, 0x00, 0x00, 0x00, 0x00, 0x00,
  0x00, 0x00, 0x00, 0x00, 0x00, 0x00, 0x00, 0x00, 0x00, 0x00, 0x00, 0x00, 0x00, 0x00, 0x00, 0x00,
  0x00, 0x00, 0x00, 0x00, 0x00, 0x00, 0x00, 0x00, 0x00, 0x00, 0x00, 0x00, 0x00, 0x00, 0x02, 0x01,
  0x00, 0x00, 0x00, 0x00, 0x00, 0x00, 0x00, 0x00, 0x00, 0x00, 0x00, 0x00, 0x00, 0x00, 0x00, 0x00,
  0x00, 0x00, 0x00, 0x00, 0x00, 0x00, 0x0a, 0x07, 0x00, 0x00, 0x00, 0x00, 0x00, 0x00, 0x00, 0x00,
  0x00, 0x00, 0x00, 0x00, 0x00, 0x00, 0x00, 0x00, 0x00, 0x00, 0x00, 0x00, 0x00, 0x00, 0x00, 0x00,
  0x00, 0x00, 0x00, 0x00, 0x00, 0x00, 0x00, 0x00, 0x00, 0x00, 0x00, 0x00, 0x00, 0x00, 0x00, 0x00,
  0x00, 0x00, 0x00, 0x00, 0x00, 0x00, 0x00, 0x00, 0x00, 0x00, 0x00, 0x00, 0x00, 0x00, 0x00, 0x00,
  0x00, 0x00, 0x00, 0x00, 0x00, 0x00, 0x00, 0x00, 0x00, 0x00, 0x00, 0x00, 0x00, 0x00, 0x00, 0x00,
  0x00, 0x00, 0x00, 0x00, 0x00, 0x00, 0x00, 0x00, 0x00, 0x00, 0x00, 0x00, 0x00, 0x00, 0x00, 0x00,
  0x00, 0x00, 0x00, 0x00, 0x00, 0x00, 0x00, 0x00, 0x00, 0x00, 0x00, 0x00, 0x00, 0x00, 0x00, 0x00,
  0x00, 0x00, 0x00, 0x00, 0x00, 0x00, 0x00, 0x00, 0x00, 0x00, 0x00, 0x00, 0x00, 0x00, 0x00, 0x00,
  0x00, 0x00, 0x00, 0x00, 0x00, 0x00, 0x00, 0x00, 0x00, 0x00, 0x00, 0x00, 0x00, 0x00, 0x00, 0x00,
  0x00, 0x00, 0x00, 0x00, 0x00, 0x00, 0x00, 0x00, 0x00, 0x00, 0x00, 0x00, 0x00, 0x00, 0x00, 0x00,
  0x00, 0x00, 0x00, 0x00, 0x00, 0x00, 0x00, 0x00, 0x00, 0x00, 0x00, 0x00, 0x00, 0x00, 0x00, 0x00,
  0x00, 0x00, 0x00, 0x00, 0x00, 0x00, 0x00, 0x00, 0x00, 0x00, 0x00, 0x00, 0x00, 0x00, 0x00, 0x00,
  0x00, 0x00, 0x00, 0x00, 0x00, 0x00, 0x00, 0x00, 0x00, 0x00, 0x00, 0x00, 0x00, 0x00, 0x00, 0x00,
  0x00, 0x00, 0x00, 0x00, 0x00, 0x00, 0x00, 0x00, 0x00, 0x00, 0x00, 0x00, 0x00, 0x00, 0x00, 0x00,
  0x00, 0x00, 0x00, 0x00, 0x00, 0x00, 0x00, 0x00, 0x00, 0x00, 0x00, 0x00, 0x00, 0x00, 0x00, 0x00,
  0x00, 0x00, 0x00, 0x00, 0x00, 0x00, 0x00, 0x00, 0x01, 0x01, 0x00, 0x01, 0x00, 0x00, 0x00, 0x00,
  0x00, 0x00, 0x00, 0x00, 0x00, 0x00, 0x00, 0x00, 0x00, 0x00, 0x00, 0x00, 0x00, 0x00, 0x00, 0x00,
  0x04, 0x02, 0x00, 0x00, 0x00, 0x00, 0x00, 0x00, 0x00, 0x00, 0x00, 0x00, 0x00, 0x00, 0x00, 0x00,
  0x00, 0x00, 0x00, 0x00, 0x00, 0x00, 0x00, 0x00, 0x00, 0x00, 0x00, 0x00, 0x00, 0x00, 0x00, 0x00,
  0x00, 0x00, 0x00, 0x01, 0x01, 0x00, 0x00, 0x00, 0x00, 0x00, 0x00, 0x00, 0x00, 0x00, 0x00, 0x00,
  0x00, 0x00, 0x00, 0x00, 0x00, 0x00, 0x00, 0x00, 0x00, 0x00, 0x00, 0x00, 0x00, 0x00, 0x00, 0x00,
  0x00, 0x00, 0x01, 0x00, 0x00, 0x00, 0x00, 0x00, 0x00, 0x00, 0x00, 0x00, 0x00, 0x00, 0x00, 0x00,
  0x00, 0x00, 0x00, 0x00, 0x00, 0x00, 0x00, 0x00, 0x00, 0x00, 0x00, 0x00, 0x00, 0x00, 0x00, 0x00,
  0x00, 0x00, 0x00, 0x00, 0x00, 0x00, 0x00, 0x00, 0x00, 0x00, 0x00, 0x00, 0x00, 0x00, 0x00, 0x00,
  0x00, 0x00, 0x00, 0x00, 0x00, 0x00, 0x00, 0x00, 0x00, 0x00, 0x00, 0x00, 0x00, 0x00, 0x00, 0x00,
  0x00, 0x00, 0x00, 0x00, 0x00, 0x00, 0x00, 0x00, 0x00, 0x00, 0x00, 0x00, 0x00, 0x00, 0x00, 0x00,
  0x00, 0x00, 0x00, 0x00, 0x00, 0x00, 0x00, 0x00, 0x00, 0x00, 0x00, 0x00, 0x00, 0x00, 0x00, 0x00,
  0x00, 0x00, 0x00, 0x00, 0x00, 0x00, 0x00, 0x00, 0x00, 0x00, 0x00, 0x00, 0x00, 0x00, 0x00, 0x00,
  0x00, 0x00, 0x00, 0x00, 0x00, 0x00, 0x00, 0x00, 0x00, 0x00, 0x00, 0x00, 0x00, 0x00, 0x00, 0x01,
  0x01, 0x00, 0x00, 0x00, 0x00, 0x00, 0x00, 0x00, 0x00, 0x00, 0x00, 0x00, 0x00, 0x00, 0x00, 0x00,
  0x00, 0x00, 0x00, 0x00, 0x00, 0x00, 0x00, 0x00, 0x00, 0x00, 0x00, 0x00, 0x00, 0x00, 0x00, 0x00,
  0x00, 0x00, 0x00, 0x00, 0x00, 0x01, 0x0d, 0x09, 0x00, 0x00, 0x00, 0x00, 0x00, 0x00, 0x00, 0x00,
  0x00, 0x00, 0x01, 0x01, 0x00, 0x00, 0x00, 0x00, 0x00, 0x00, 0x00, 0x00, 0x00, 0x00, 0x00, 0x00,
  0x00, 0x00, 0x00, 0x00, 0x00, 0x00, 0x00, 0x00, 0x00, 0x00, 0x00, 0x00, 0x00, 0x00, 0x00, 0x00,
  0x00, 0x00, 0x00, 0x00, 0x00, 0x00, 0x00, 0x00, 0x00, 0x00, 0x00, 0x00, 0x00, 0x00, 0x00, 0x00,
  0x00, 0x00, 0x00, 0x00, 0x00, 0x00, 0x00, 0x00, 0x00, 0x00, 0x00, 0x00, 0x00, 0x00, 0x00, 0x00,
  0x00, 0x00, 0x00, 0x00, 0x00, 0x00, 0x00, 0x00, 0x00, 0x00, 0x00, 0x00, 0x00, 0x00, 0x00, 0x00,
  0x00, 0x00, 0x00, 0x00, 0x00, 0x00, 0x00, 0x00, 0x00, 0x00, 0x00, 0x00, 0x01, 0x00, 0x00, 0x00,
  0x00, 0x00, 0x00, 0x00, 0x00, 0x00, 0x00, 0x00, 0x00, 0x00, 0x00, 0x00, 0x00, 0x00, 0x00, 0x00,
  0x00, 0x00, 0x00, 0x00, 0x00, 0x00, 0x00, 0x00, 0x00, 0x00, 0x00, 0x00, 0x00, 0x00, 0x00, 0x00,
  0x00, 0x00, 0x00, 0x00, 0x00, 0x00, 0x00, 0x00, 0x00, 0x00, 0x00, 0x00, 0x00, 0x00, 0x00, 0x00,
  0x00, 0x00, 0x00, 0x00, 0x00, 0x00, 0x00, 0x00, 0x00, 0x00, 0x00, 0x00, 0x00, 0x00, 0x00, 0x00,
  0x00, 0x00, 0x00, 0x00, 0x00, 0x00, 0x00, 0x00, 0x00, 0x00, 0x00, 0x00, 0x00, 0x00, 0x00, 0x00,
  0x00, 0x00, 0x00, 0x00, 0x00, 0x00, 0x00, 0x00, 0x00, 0x00, 0x00, 0x00, 0x00, 0x00, 0x00, 0x00,
  0x00, 0x00, 0x00, 0x00, 0x00, 0x00, 0x00, 0x00, 0x00, 0x00, 0x00, 0x00, 0x00, 0x00, 0x00, 0x00,
  0x00, 0x00, 0x00, 0x00, 0x00, 0x00, 0x00, 0x00, 0x00, 0x00, 0x00, 0x00, 0x00, 0x00, 0x00, 0x00,
  0x00, 0x00, 0x00, 0x00, 0x00, 0x00, 0x00, 0x00, 0x00, 0x00, 0x00, 0x00, 0x00, 0x00, 0x00, 0x00,
  0x00, 0x00, 0x00, 0x00, 0x00, 0x00, 0x00, 0x00, 0x00, 0x00, 0x00, 0x00, 0x00, 0x01, 0x00, 0x0f,
  0x28, 0x07, 0x00, 0x00, 0x00, 0x00, 0x00, 0x00, 0x00, 0x00, 0x00, 0x00, 0x00, 0x00, 0x00, 0x00,
  0x00, 0x00, 0x00, 0x00, 0x00, 0x00, 0x00, 0x00, 0x00, 0x00, 0x00, 0x00, 0x00, 0x00, 0x00, 0x00,
  0x00, 0x00, 0x00, 0x00, 0x00, 0x00, 0x00, 0x00, 0x00, 0x00, 0x00, 0x00, 0x00, 0x00, 0x00, 0x00,
  0x00, 0x02, 0x03, 0x00, 0x00, 0x00, 0x02, 0x04, 0x02, 0x00, 0x00, 0x00, 0x00, 0x00, 0x00, 0x00,
  0x00, 0x00, 0x00, 0x00, 0x00, 0x00, 0x00, 0x00, 0x00, 0x00, 0x00, 0x00, 0x00, 0x00, 0x00, 0x00,
  0x00, 0x00, 0x00, 0x00, 0x00, 0x00, 0x00, 0x00, 0x00, 0x00, 0x00, 0x00, 0x00, 0x00, 0x00, 0x00,
  0x00, 0x00, 0x00, 0x00, 0x00, 0x00, 0x00, 0x00, 0x00, 0x00, 0x00, 0x00, 0x00, 0x00, 0x00, 0x00,
  0x00, 0x00, 0x00, 0x00, 0x00, 0x00, 0x00, 0x00, 0x00, 0x00, 0x00, 0x00, 0x00, 0x00, 0x00, 0x00,
  0x00, 0x00, 0x00, 0x00, 0x00, 0x00, 0x00, 0x00, 0x00, 0x00, 0x00, 0x00, 0x00, 0x00, 0x00, 0x00,
  0x00, 0x00, 0x00, 0x00, 0x00, 0x00, 0x00, 0x00, 0x00, 0x00, 0x00, 0x00, 0x00, 0x00, 0x00, 0x00,
  0x00, 0x00, 0x00, 0x00, 0x00, 0x00, 0x00, 0x00, 0x00, 0x00, 0x00, 0x00, 0x00, 0x00, 0x00, 0x00,
  0x00, 0x00, 0x00, 0x00, 0x00, 0x00, 0x00, 0x00, 0x00, 0x00, 0x00, 0x00, 0x00, 0x00, 0x00, 0x00,
  0x00, 0x00, 0x00, 0x00, 0x00, 0x00, 0x00, 0x00, 0x00, 0x00, 0x00, 0x00, 0x00, 0x00, 0x00, 0x00,
  0x00, 0x00, 0x00, 0x00, 0x00, 0x00, 0x00, 0x00, 0x00, 0x00, 0x00, 0x00, 0x00, 0x00, 0x00, 0x00,
  0x00, 0x00, 0x00, 0x00, 0x00, 0x00, 0x00, 0x00, 0x00, 0x00, 0x00, 0x00, 0x00, 0x00, 0x00, 0x00,
  0x00, 0x00, 0x00, 0x00, 0x00, 0x00, 0x00, 0x00, 0x00, 0x00, 0x00, 0x00, 0x00, 0x00, 0x00, 0x00,
  0x00, 0x00, 0x00, 0x00, 0x00, 0x00, 0x00, 0x00, 0x04, 0x3a, 0x1d, 0x00, 0x01, 0x00, 0x00, 0x00,
  0x00, 0x00, 0x00, 0x00, 0x00, 0x00, 0x00, 0x00, 0x00, 0x00, 0x00, 0x01, 0x04, 0x00, 0x00, 0x00,
  0x00, 0x00, 0x00, 0x00, 0x00, 0x00, 0x00, 0x00, 0x00, 0x00, 0x00, 0x00, 0x00, 0x00, 0x00, 0x00,
  0x00, 0x00, 0x00, 0x00, 0x00, 0x00, 0x00, 0x00, 0x00, 0x00, 0x00, 0x01, 0x02, 0x00, 0x00, 0x00,
  0x02, 0x02, 0x01, 0x00, 0x00, 0x00, 0x00, 0x00, 0x00, 0x00, 0x00, 0x00, 0x00, 0x00, 0x00, 0x00,
  0x00, 0x00, 0x00, 0x00, 0x00, 0x00, 0x00, 0x00, 0x00, 0x00, 0x00, 0x00, 0x00, 0x00, 0x00, 0x00,
  0x00, 0x00, 0x00, 0x00, 0x00, 0x00, 0x00, 0x00, 0x00, 0x00, 0x00, 0x00, 0x00, 0x00, 0x00, 0x00,
  0x00, 0x00, 0x00, 0x00, 0x00, 0x00, 0x00, 0x00, 0x00, 0x00, 0x00, 0x00, 0x00, 0x00, 0x00, 0x00,
  0x00, 0x00, 0x00, 0x00, 0x00, 0x00, 0x00, 0x00, 0x00, 0x00, 0x00, 0x00, 0x00, 0x00, 0x00, 0x00,
  0x00, 0x00, 0x00, 0x00, 0x00, 0x00, 0x00, 0x00, 0x00, 0x00, 0x00, 0x00, 0x00, 0x00, 0x00, 0x00,
  0x00, 0x00, 0x00, 0x00, 0x00, 0x00, 0x00, 0x00, 0x00, 0x00, 0x00, 0x00, 0x00, 0x00, 0x00, 0x00,
  0x00, 0x00, 0x00, 0x00, 0x00, 0x00, 0x00, 0x00, 0x00, 0x00, 0x00, 0x00, 0x00, 0x00, 0x00, 0x00,
  0x00, 0x00, 0x00, 0x00, 0x00, 0x00, 0x00, 0x00, 0x00, 0x00, 0x00, 0x00, 0x00, 0x00, 0x00, 0x00,
  0x00, 0x00, 0x00, 0x00, 0x00, 0x00, 0x00, 0x00, 0x00, 0x00, 0x00, 0x00, 0x00, 0x00, 0x00, 0x00,
  0x00, 0x00, 0x00, 0x00, 0x00, 0x00, 0x00, 0x00, 0x00, 0x00, 0x00, 0x00, 0x00, 0x00, 0x00, 0x00,
  0x00, 0x00, 0x00, 0x00, 0x00, 0x00, 0x00, 0x00, 0x00, 0x00, 0x00, 0x00, 0x00, 0x00, 0x00, 0x00,
  0x00, 0x00, 0x00, 0x00, 0x00, 0x00, 0x00, 0x00, 0x00, 0x00, 0x00, 0x00, 0x00, 0x00, 0x00, 0x00,
  0x01, 0x00, 0x38, 0x40, 0x05, 0x00, 0x00, 0x00, 0x00, 0x00, 0x00, 0x00, 0x00, 0x00, 0x00, 0x00,
  0x00, 0x00, 0x00, 0x00, 0x00, 0x00, 0x00, 0x00, 0x00, 0x01, 0x01, 0x00, 0x00, 0x00, 0x00, 0x00,
  0x00, 0x00, 0x00, 0x00, 0x00, 0x00, 0x00, 0x00, 0x00, 0x00, 0x00, 0x00, 0x00, 0x00, 0x00, 0x00,
  0x00, 0x00, 0x00, 0x00, 0x00, 0x00, 0x01, 0x00, 0x00, 0x00, 0x00, 0x00, 0x00, 0x00, 0x00, 0x00,
  0x00, 0x00, 0x00, 0x00, 0x00, 0x00, 0x00, 0x00, 0x00, 0x00, 0x00, 0x00, 0x00, 0x00, 0x00, 0x00,
  0x00, 0x00, 0x00, 0x00, 0x00, 0x00, 0x00, 0x00, 0x00, 0x00, 0x00, 0x00, 0x00, 0x00, 0x00, 0x00,
  0x00, 0x00, 0x00, 0x00, 0x00, 0x00, 0x00, 0x00, 0x00, 0x00, 0x00, 0x00, 0x00, 0x00, 0x00, 0x00,
  0x00, 0x00, 0x00, 0x00, 0x00, 0x00, 0x00, 0x00, 0x00, 0x00, 0x00, 0x00, 0x00, 0x00, 0x00, 0x00,
  0x00, 0x00, 0x00, 0x00, 0x00, 0x00, 0x00, 0x00, 0x00, 0x00, 0x00, 0x00, 0x00, 0x00, 0x00, 0x00,
  0x00, 0x00, 0x00, 0x00, 0x00, 0x00, 0x00, 0x00, 0x00, 0x00, 0x00, 0x00, 0x00, 0x00, 0x00, 0x00,
  0x00, 0x00, 0x00, 0x00, 0x00, 0x00, 0x00, 0x00, 0x00, 0x00, 0x00, 0x00, 0x00, 0x00, 0x00, 0x00,
  0x00, 0x00, 0x00, 0x00, 0x00, 0x00, 0x00, 0x00, 0x00, 0x00, 0x00, 0x00, 0x00, 0x00, 0x00, 0x00,
  0x00, 0x00, 0x00, 0x00, 0x00, 0x00, 0x00, 0x00, 0x00, 0x00, 0x00, 0x00, 0x00, 0x00, 0x00, 0x00,
  0x00, 0x00, 0x00, 0x00, 0x00, 0x00, 0x00, 0x00, 0x00, 0x00, 0x00, 0x00, 0x00, 0x00, 0x00, 0x00,
  0x00, 0x00, 0x00, 0x00, 0x00, 0x00, 0x00, 0x00, 0x00, 0x00, 0x00, 0x00, 0x00, 0x00, 0x00, 0x00,
  0x00, 0x00, 0x00, 0x00, 0x00, 0x00, 0x00, 0x00, 0x00, 0x00, 0x00, 0x00, 0x00, 0x00, 0x00, 0x00,
  0x00, 0x00, 0x00, 0x00, 0x00, 0x00, 0x00, 0x00, 0x00, 0x01, 0x00, 0x29, 0x5d, 0x17, 0x00, 0x00,
  0x00, 0x00, 0x00, 0x00, 0x00, 0x00, 0x00, 0x00, 0x00, 0x00, 0x02, 0x00, 0x00, 0x00, 0x00, 0x00,
  0x00, 0x00, 0x00, 0x01, 0x00, 0x00, 0x00, 0x00, 0x00, 0x02, 0x00, 0x00, 0x00, 0x00, 0x00, 0x00,
  0x00, 0x00, 0x00, 0x00, 0x00, 0x00, 0x00, 0x00, 0x00, 0x00, 0x00, 0x00, 0x00, 0x00, 0x00, 0x00,
  0x00, 0x00, 0x00, 0x00, 0x00, 0x00, 0x00, 0x00, 0x00, 0x00, 0x00, 0x00, 0x00, 0x00, 0x00, 0x00,
  0x00, 0x00, 0x00, 0x00, 0x00, 0x00, 0x00, 0x00, 0x00, 0x00, 0x00, 0x00, 0x00, 0x00, 0x00, 0x00,
  0x00, 0x00, 0x00, 0x00, 0x00, 0x00, 0x00, 0x00, 0x00, 0x00, 0x00, 0x00, 0x00, 0x00, 0x00, 0x00,
  0x00, 0x00, 0x00, 0x00, 0x00, 0x00, 0x00, 0x00, 0x03, 0x01, 0x00, 0x00, 0x00, 0x00, 0x00, 0x00,
  0x00, 0x00, 0x00, 0x00, 0x00, 0x00, 0x00, 0x00, 0x00, 0x00, 0x00, 0x00, 0x00, 0x00, 0x00, 0x00,
  0x00, 0x00, 0x00, 0x00, 0x00, 0x00, 0x00, 0x00, 0x00, 0x00, 0x00, 0x00, 0x00, 0x00, 0x00, 0x00,
  0x00, 0x00, 0x00, 0x00, 0x00, 0x00, 0x00, 0x00, 0x00, 0x00, 0x00, 0x00, 0x00, 0x00, 0x00, 0x00,
  0x00, 0x00, 0x00, 0x00, 0x00, 0x00, 0x00, 0x00, 0x00, 0x00, 0x00, 0x00, 0x00, 0x00, 0x00, 0x00,
  0x00, 0x00, 0x00, 0x00, 0x00, 0x00, 0x00, 0x00, 0x00, 0x00, 0x00, 0x00, 0x00, 0x00, 0x00, 0x00,
  0x00, 0x00, 0x00, 0x00, 0x00, 0x00, 0x00, 0x00, 0x00, 0x00, 0x00, 0x00, 0x00, 0x00, 0x00, 0x00,
  0x00, 0x00, 0x00, 0x00, 0x00, 0x00, 0x00, 0x00, 0x00, 0x00, 0x00, 0x00, 0x00, 0x00, 0x00, 0x00,
  0x00, 0x00, 0x00, 0x00, 0x00, 0x00, 0x00, 0x00, 0x00, 0x00, 0x00, 0x00, 0x00, 0x00, 0x00, 0x00,
  0x00, 0x00, 0x00, 0x00, 0x00, 0x00, 0x00, 0x00, 0x00, 0x00, 0x00, 0x00, 0x00, 0x00, 0x00, 0x00,
  0x00, 0x00, 0x02, 0x00, 0x14, 0x6f, 0x32, 0x02, 0x02, 0x00, 0x00, 0x00, 0x00, 0x00, 0x00, 0x00,
  0x00, 0x00, 0x00, 0x00, 0x02, 0x00, 0x00, 0x00, 0x00, 0x00, 0x00, 0x00, 0x00, 0x00, 0x00, 0x03,
  0x04, 0x00, 0x00, 0x00, 0x00, 0x00, 0x00, 0x00, 0x00, 0x00, 0x00, 0x00, 0x00, 0x00, 0x00, 0x00,
  0x04, 0x02, 0x00, 0x00, 0x00, 0x00, 0x00, 0x00, 0x00, 0x00, 0x00, 0x00, 0x00, 0x00, 0x00, 0x00,
  0x00, 0x00, 0x00, 0x00, 0x00, 0x00, 0x00, 0x00, 0x00, 0x00, 0x00, 0x00, 0x00, 0x00, 0x00, 0x00,
  0x00, 0x00, 0x00, 0x00, 0x00, 0x00, 0x00, 0x00, 0x00, 0x00, 0x00, 0x00, 0x00, 0x00, 0x00, 0x00,
  0x00, 0x00, 0x00, 0x00, 0x00, 0x00, 0x00, 0x00, 0x00, 0x00, 0x00, 0x00, 0x00, 0x01, 0x01, 0x01,
  0x00, 0x28, 0x12, 0x00, 0x01, 0x00, 0x00, 0x00, 0x00, 0x00, 0x00, 0x00, 0x00, 0x00, 0x00, 0x00,
  0x00, 0x00, 0x00, 0x00, 0x00, 0x00, 0x00, 0x00, 0x00, 0x00, 0x00, 0x00, 0x00, 0x00, 0x00, 0x00,
  0x00, 0x00, 0x00, 0x00, 0x00, 0x00, 0x00, 0x00, 0x00, 0x00, 0x00, 0x00, 0x00, 0x00, 0x00, 0x00,
  0x00, 0x00, 0x00, 0x00, 0x00, 0x00, 0x00, 0x00, 0x00, 0x00, 0x00, 0x00, 0x00, 0x00, 0x00, 0x00,
  0x00, 0x00, 0x00, 0x00, 0x00, 0x00, 0x00, 0x00, 0x00, 0x00, 0x00, 0x00, 0x00, 0x00, 0x00, 0x00,
  0x00, 0x00, 0x00, 0x00, 0x00, 0x00, 0x00, 0x00, 0x00, 0x00, 0x00, 0x00, 0x00, 0x00, 0x00, 0x00,
  0x00, 0x00, 0x00, 0x00, 0x00, 0x00, 0x00, 0x00, 0x00, 0x00, 0x00, 0x00, 0x00, 0x00, 0x00, 0x00,
  0x00, 0x00, 0x00, 0x00, 0x00, 0x00, 0x00, 0x00, 0x00, 0x00, 0x00, 0x00, 0x00, 0x00, 0x00, 0x00,
  0x00, 0x00, 0x00, 0x00, 0x00, 0x00, 0x00, 0x00, 0x00, 0x00, 0x00, 0x00, 0x00, 0x00, 0x00, 0x00,
  0x00, 0x00, 0x00, 0x00, 0x00, 0x00, 0x00, 0x00, 0x00, 0x00, 0x00, 0x00, 0x05, 0x01, 0x65, 0x6b,
  0x04, 0x05, 0x02, 0x00, 0x00, 0x00, 0x00, 0x00, 0x00, 0x00, 0x00, 0x00, 0x00, 0x00, 0x00, 0x00,
  0x00, 0x00, 0x00, 0x00, 0x00, 0x00, 0x00, 0x00, 0x00, 0x02, 0x02, 0x00, 0x00, 0x00, 0x00, 0x00,
  0x00, 0x00, 0x00, 0x00, 0x00, 0x00, 0x00, 0x01, 0x04, 0x0e, 0x09, 0x00, 0x00, 0x00, 0x00, 0x00,
  0x00, 0x00, 0x00, 0x00, 0x01, 0x01, 0x00, 0x00, 0x00, 0x00, 0x00, 0x00, 0x00, 0x00, 0x00, 0x00,
  0x00, 0x00, 0x00, 0x00, 0x00, 0x00, 0x00, 0x00, 0x00, 0x00, 0x00, 0x00, 0x00, 0x00, 0x00, 0x00,
  0x00, 0x00, 0x00, 0x00, 0x00, 0x00, 0x00, 0x00, 0x00, 0x00, 0x00, 0x00, 0x00, 0x00, 0x00, 0x00,
  0x00, 0x00, 0x00, 0x00, 0x00, 0x00, 0x00, 0x00, 0x00, 0x00, 0x02, 0x08, 0x01, 0x00, 0x00, 0x00,
  0x00, 0x00, 0x00, 0x00, 0x00, 0x00, 0x00, 0x00, 0x00, 0x00, 0x00, 0x00, 0x00, 0x00, 0x00, 0x00,
  0x00, 0x00, 0x00, 0x00, 0x00, 0x00, 0x00, 0x00, 0x00, 0x00, 0x00, 0x00, 0x00, 0x00, 0x00, 0x00,
  0x00, 0x00, 0x00, 0x00, 0x00, 0x00, 0x00, 0x00, 0x00, 0x00, 0x00, 0x00, 0x00, 0x00, 0x00, 0x00,
  0x00, 0x00, 0x00, 0x00, 0x00, 0x00, 0x00, 0x00, 0x00, 0x00, 0x00, 0x00, 0x00, 0x00, 0x00, 0x00,
  0x00, 0x00, 0x00, 0x00, 0x00, 0x00, 0x00, 0x00, 0x00, 0x00, 0x00, 0x00, 0x00, 0x00, 0x00, 0x00,
  0x00, 0x00, 0x00, 0x00, 0x00, 0x00, 0x00, 0x00, 0x00, 0x00, 0x00, 0x00, 0x00, 0x00, 0x00, 0x00,
  0x00, 0x00, 0x00, 0x00, 0x00, 0x00, 0x00, 0x00, 0x00, 0x00, 0x00, 0x00, 0x00, 0x00, 0x00, 0x00,
  0x00, 0x00, 0x00, 0x00, 0x00, 0x00, 0x00, 0x00, 0x00, 0x00, 0x00, 0x01, 0x00, 0x00, 0x00, 0x00,
  0x00, 0x00, 0x00, 0x00, 0x00, 0x00, 0x00, 0x00, 0x00, 0x00, 0x00, 0x00, 0x00, 0x00, 0x00, 0x00,
  0x00, 0x00, 0x00, 0x00, 0x00, 0x05, 0x03, 0x3e, 0x95, 0x26, 0x06, 0x04, 0x00, 0x00, 0x00, 0x00,
  0x00, 0x00, 0x00, 0x00, 0x00, 0x00, 0x00, 0x00, 0x00, 0x00, 0x00, 0x00, 0x00, 0x00, 0x00, 0x00,
  0x00, 0x00, 0x00, 0x00, 0x00, 0x00, 0x00, 0x00, 0x00, 0x00, 0x00, 0x00, 0x00, 0x00, 0x00, 0x00,
  0x00, 0x00, 0x01, 0x06, 0x03, 0x00, 0x00, 0x00, 0x00, 0x00, 0x00, 0x00, 0x00, 0x00, 0x01, 0x01,
  0x00, 0x00, 0x00, 0x00, 0x00, 0x00, 0x00, 0x00, 0x00, 0x00, 0x00, 0x00, 0x00, 0x00, 0x00, 0x00,
  0x00, 0x00, 0x00, 0x00, 0x00, 0x00, 0x00, 0x00, 0x00, 0x00, 0x00, 0x00, 0x00, 0x00, 0x00, 0x00,
  0x00, 0x00, 0x00, 0x00, 0x00, 0x00, 0x00, 0x00, 0x00, 0x00, 0x00, 0x00, 0x00, 0x00, 0x00, 0x00,
  0x00, 0x00, 0x00, 0x00, 0x00, 0x00, 0x00, 0x00, 0x00, 0x00, 0x00, 0x00, 0x00, 0x00, 0x00, 0x00,
  0x00, 0x00, 0x00, 0x00, 0x00, 0x00, 0x00, 0x00, 0x00, 0x00, 0x00, 0x00, 0x00, 0x00, 0x00, 0x00,
  0x00, 0x00, 0x00, 0x00, 0x00, 0x00, 0x00, 0x00, 0x00, 0x00, 0x00, 0x00, 0x00, 0x00, 0x00, 0x00,
  0x00, 0x00, 0x00, 0x00, 0x00, 0x00, 0x00, 0x00, 0x00, 0x00, 0x00, 0x00, 0x00, 0x00, 0x00, 0x00,
  0x00, 0x00, 0x00, 0x00, 0x00, 0x00, 0x00, 0x00, 0x00, 0x00, 0x00, 0x00, 0x00, 0x00, 0x00, 0x00,
  0x00, 0x00, 0x00, 0x00, 0x00, 0x00, 0x00, 0x00, 0x00, 0x00, 0x00, 0x00, 0x00, 0x00, 0x00, 0x00,
  0x00, 0x00, 0x00, 0x00, 0x00, 0x00, 0x00, 0x00, 0x00, 0x00, 0x00, 0x00, 0x00, 0x00, 0x00, 0x00,
  0x00, 0x00, 0x00, 0x00, 0x00, 0x00, 0x00, 0x00, 0x00, 0x00, 0x00, 0x00, 0x00, 0x00, 0x00, 0x00,
  0x00, 0x00, 0x00, 0x00, 0x00, 0x00, 0x00, 0x00, 0x00, 0x00, 0x00, 0x00, 0x00, 0x00, 0x00, 0x00,
  0x00, 0x00, 0x00, 0x00, 0x00, 0x00, 0x00, 0x00, 0x00, 0x00, 0x00, 0x00, 0x01, 0x01, 0x05, 0x06,
  0x24, 0x98, 0x5a, 0x0e, 0x04, 0x01, 0x00, 0x00, 0x00, 0x00, 0x00, 0x00, 0x00, 0x00, 0x00, 0x00,
  0x00, 0x00, 0x00, 0x00, 0x00, 0x00, 0x00, 0x00, 0x00, 0x00, 0x00, 0x00, 0x00, 0x00, 0x00, 0x00,
  0x00, 0x00, 0x00, 0x00, 0x00, 0x00, 0x00, 0x00, 0x00, 0x00, 0x00, 0x00, 0x00, 0x00, 0x00, 0x00,
  0x00, 0x00, 0x00, 0x00, 0x00, 0x00, 0x00, 0x00, 0x00, 0x01, 0x00, 0x00, 0x00, 0x00, 0x00, 0x00,
  0x00, 0x00, 0x00, 0x00, 0x00, 0x00, 0x00, 0x00, 0x00, 0x00, 0x00, 0x00, 0x00, 0x00, 0x00, 0x00,
  0x00, 0x00, 0x00, 0x00, 0x00, 0x00, 0x00, 0x00, 0x00, 0x00, 0x00, 0x00, 0x00, 0x00, 0x00, 0x00,
  0x00, 0x00, 0x00, 0x00, 0x00, 0x00, 0x00, 0x00, 0x00, 0x00, 0x00, 0x00, 0x00, 0x00, 0x00, 0x00,
  0x00, 0x00, 0x00, 0x00, 0x00, 0x00, 0x00, 0x00, 0x00, 0x00, 0x00, 0x00, 0x00, 0x00, 0x00, 0x00,
  0x00, 0x00, 0x00, 0x00, 0x00, 0x00, 0x00, 0x00, 0x00, 0x00, 0x00, 0x00, 0x00, 0x00, 0x00, 0x00,
  0x00, 0x00, 0x00, 0x00, 0x00, 0x00, 0x00, 0x00, 0x00, 0x00, 0x00, 0x00, 0x00, 0x00, 0x00, 0x00,
  0x00, 0x00, 0x00, 0x00, 0x00, 0x00, 0x00, 0x00, 0x00, 0x00, 0x00, 0x00, 0x00, 0x00, 0x00, 0x00,
  0x00, 0x00, 0x00, 0x00, 0x00, 0x00, 0x00, 0x00, 0x00, 0x00, 0x00, 0x00, 0x00, 0x00, 0x00, 0x00,
  0x00, 0x00, 0x00, 0x00, 0x00, 0x00, 0x00, 0x00, 0x00, 0x00, 0x00, 0x00, 0x00, 0x00, 0x00, 0x00,
  0x00, 0x00, 0x00, 0x00, 0x00, 0x00, 0x00, 0x00, 0x00, 0x00, 0x00, 0x00, 0x00, 0x00, 0x00, 0x00,
  0x00, 0x00, 0x00, 0x00, 0x00, 0x00, 0x00, 0x00, 0x00, 0x00, 0x00, 0x00, 0x00, 0x00, 0x00, 0x00,
  0x00, 0x00, 0x00, 0x00, 0x00, 0x00, 0x00, 0x00, 0x00, 0x00, 0x00, 0x00, 0x00, 0x00, 0x00, 0x00,
  0x00, 0x00, 0x00, 0x00, 0x00, 0x00, 0x00, 0x00, 0x05, 0x13, 0x8b, 0x9f, 0x2b, 0x0b, 0x03, 0x00,
  0x00, 0x00, 0x00, 0x00, 0x00, 0x00, 0x00, 0x00, 0x00, 0x00, 0x00, 0x00, 0x00, 0x00, 0x00, 0x00,
  0x00, 0x00, 0x00, 0x00, 0x00, 0x00, 0x00, 0x00, 0x00, 0x00, 0x00, 0x00, 0x00, 0x00, 0x00, 0x00,
  0x00, 0x00, 0x00, 0x00, 0x00, 0x00, 0x00, 0x00, 0x00, 0x00, 0x01, 0x01, 0x00, 0x00, 0x00, 0x00,
  0x00, 0x00, 0x00, 0x00, 0x00, 0x00, 0x00, 0x00, 0x00, 0x00, 0x00, 0x00, 0x00, 0x00, 0x00, 0x00,
  0x00, 0x00, 0x00, 0x00, 0x00, 0x00, 0x00, 0x00, 0x00, 0x00, 0x00, 0x00, 0x00, 0x00, 0x00, 0x00,
  0x00, 0x01, 0x00, 0x00, 0x00, 0x00, 0x00, 0x00, 0x00, 0x00, 0x00, 0x00, 0x00, 0x00, 0x00, 0x00,
  0x00, 0x00, 0x00, 0x00, 0x00, 0x00, 0x00, 0x00, 0x00, 0x00, 0x00, 0x00, 0x00, 0x00, 0x00, 0x00,
  0x00, 0x00, 0x00, 0x00, 0x00, 0x00, 0x00, 0x00, 0x00, 0x00, 0x00, 0x00, 0x00, 0x00, 0x00, 0x00,
  0x00, 0x00, 0x00, 0x00, 0x00, 0x00, 0x00, 0x00, 0x00, 0x00, 0x00, 0x00, 0x00, 0x00, 0x00, 0x00,
  0x00, 0x00, 0x00, 0x00, 0x00, 0x00, 0x00, 0x00, 0x00, 0x00, 0x00, 0x00, 0x00, 0x00, 0x00, 0x00,
  0x00, 0x00, 0x00, 0x00, 0x00, 0x00, 0x00, 0x00, 0x00, 0x00, 0x00, 0x00, 0x00, 0x00, 0x00, 0x00,
  0x00, 0x00, 0x00, 0x00, 0x00, 0x00, 0x00, 0x00, 0x00, 0x00, 0x00, 0x00, 0x00, 0x00, 0x00, 0x00,
  0x00, 0x00, 0x00, 0x00, 0x00, 0x00, 0x00, 0x00, 0x00, 0x00, 0x00, 0x00, 0x00, 0x00, 0x00, 0x00,
  0x00, 0x00, 0x00, 0x00, 0x00, 0x00, 0x00, 0x00, 0x00, 0x00, 0x00, 0x00, 0x00, 0x00, 0x00, 0x00,
  0x00, 0x00, 0x00, 0x00, 0x00, 0x00, 0x00, 0x00, 0x00, 0x00, 0x00, 0x00, 0x00, 0x00, 0x00, 0x00,
  0x00, 0x00, 0x00, 0x00, 0x00, 0x00, 0x00, 0x00, 0x00, 0x00, 0x00, 0x00, 0x00, 0x00, 0x01, 0x00,
  0x0f, 0x20, 0x0d, 0x6c, 0xce, 0x42, 0x08, 0x09, 0x00, 0x00, 0x00, 0x00, 0x00, 0x00, 0x00, 0x00,
  0x00, 0x00, 0x00, 0x00, 0x00, 0x00, 0x00, 0x00, 0x02, 0x03, 0x00, 0x00, 0x00, 0x00, 0x00, 0x00,
  0x00, 0x00, 0x01, 0x01, 0x00, 0x00, 0x00, 0x00, 0x00, 0x00, 0x00, 0x00, 0x00, 0x00, 0x00, 0x00,
  0x00, 0x00, 0x00, 0x00, 0x00, 0x00, 0x00, 0x00, 0x00, 0x00, 0x00, 0x00, 0x00, 0x00, 0x00, 0x00,
  0x00, 0x00, 0x00, 0x00, 0x00, 0x00, 0x00, 0x00, 0x00, 0x00, 0x00, 0x00, 0x00, 0x00, 0x00, 0x00,
  0x00, 0x00, 0x00, 0x00, 0x00, 0x00, 0x00, 0x00, 0x00, 0x01, 0x01, 0x01, 0x00, 0x00, 0x00, 0x00,
  0x00, 0x00, 0x00, 0x00, 0x00, 0x00, 0x01, 0x00, 0x00, 0x00, 0x00, 0x00, 0x00, 0x00, 0x00, 0x00,
  0x00, 0x00, 0x00, 0x00, 0x00, 0x00, 0x00, 0x00, 0x00, 0x00, 0x00, 0x00, 0x00, 0x00, 0x00, 0x00,
  0x00, 0x00, 0x00, 0x00, 0x00, 0x00, 0x00, 0x00, 0x00, 0x00, 0x00, 0x00, 0x00, 0x00, 0x00, 0x00,
  0x00, 0x00, 0x00, 0x00, 0x00, 0x00, 0x00, 0x00, 0x00, 0x00, 0x00, 0x00, 0x00, 0x00, 0x00, 0x00,
  0x00, 0x00, 0x00, 0x00, 0x00, 0x00, 0x00, 0x00, 0x00, 0x00, 0x00, 0x00, 0x00, 0x00, 0x00, 0x00,
  0x00, 0x00, 0x00, 0x00, 0x00, 0x00, 0x00, 0x00, 0x00, 0x00, 0x00, 0x00, 0x00, 0x00, 0x00, 0x00,
  0x00, 0x00, 0x00, 0x00, 0x00, 0x00, 0x00, 0x00, 0x00, 0x00, 0x00, 0x00, 0x00, 0x00, 0x00, 0x00,
  0x00, 0x00, 0x00, 0x00, 0x00, 0x00, 0x00, 0x00, 0x00, 0x00, 0x00, 0x00, 0x00, 0x00, 0x00, 0x00,
  0x00, 0x00, 0x00, 0x00, 0x00, 0x00, 0x00, 0x00, 0x00, 0x00, 0x00, 0x00, 0x00, 0x00, 0x00, 0x00,
  0x00, 0x00, 0x00, 0x00, 0x00, 0x00, 0x00, 0x00, 0x00, 0x00, 0x00, 0x00, 0x00, 0x00, 0x00, 0x00,
  0x00, 0x00, 0x00, 0x00, 0x00, 0x00, 0x00, 0x00, 0x02, 0x04, 0x2e, 0x2a, 0x4e, 0xd0, 0x9e, 0x06,
  0x15, 0x16, 0x00, 0x01, 0x00, 0x00, 0x00, 0x00, 0x00, 0x01, 0x01, 0x00, 0x00, 0x00, 0x00, 0x00,
  0x00, 0x00, 0x02, 0x02, 0x00, 0x02, 0x04, 0x00, 0x00, 0x00, 0x00, 0x00, 0x00, 0x00, 0x00, 0x00,
  0x00, 0x00, 0x00, 0x00, 0x00, 0x00, 0x00, 0x00, 0x00, 0x00, 0x00, 0x00, 0x00, 0x00, 0x00, 0x00,
  0x00, 0x00, 0x00, 0x00, 0x00, 0x00, 0x00, 0x00, 0x00, 0x00, 0x00, 0x00, 0x00, 0x00, 0x00, 0x00,
  0x00, 0x00, 0x00, 0x00, 0x00, 0x00, 0x00, 0x00, 0x00, 0x00, 0x00, 0x00, 0x00, 0x00, 0x00, 0x00,
  0x00, 0x00, 0x00, 0x00, 0x00, 0x00, 0x00, 0x00, 0x00, 0x00, 0x00, 0x00, 0x00, 0x00, 0x00, 0x00,
  0x00, 0x00, 0x00, 0x00, 0x00, 0x00, 0x00, 0x00, 0x00, 0x00, 0x00, 0x00, 0x00, 0x00, 0x00, 0x00,
  0x00, 0x00, 0x00, 0x00, 0x00, 0x00, 0x00, 0x00, 0x00, 0x00, 0x00, 0x00, 0x00, 0x00, 0x00, 0x00,
  0x00, 0x00, 0x00, 0x00, 0x00, 0x00, 0x00, 0x00, 0x00, 0x00, 0x00, 0x00, 0x00, 0x00, 0x00, 0x00,
  0x00, 0x00, 0x00, 0x00, 0x00, 0x00, 0x00, 0x00, 0x00, 0x00, 0x00, 0x00, 0x00, 0x00, 0x00, 0x00,
  0x00, 0x00, 0x00, 0x00, 0x00, 0x00, 0x00, 0x00, 0x00, 0x00, 0x00, 0x00, 0x00, 0x00, 0x00, 0x00,
  0x00, 0x00, 0x00, 0x00, 0x00, 0x00, 0x00, 0x00, 0x00, 0x00, 0x00, 0x00, 0x00, 0x00, 0x00, 0x00,
  0x00, 0x00, 0x00, 0x00, 0x00, 0x00, 0x00, 0x00, 0x00, 0x00, 0x00, 0x00, 0x00, 0x00, 0x00, 0x00,
  0x00, 0x00, 0x00, 0x00, 0x00, 0x00, 0x00, 0x00, 0x00, 0x00, 0x00, 0x00, 0x00, 0x00, 0x00, 0x00,
  0x00, 0x00, 0x00, 0x00, 0x00, 0x00, 0x00, 0x00, 0x00, 0x00, 0x00, 0x00, 0x00, 0x00, 0x00, 0x00,
  0x00, 0x00, 0x00, 0x00, 0x00, 0x00, 0x00, 0x00, 0x00, 0x00, 0x00, 0x00, 0x00, 0x00, 0x00, 0x00,
  0x01, 0x01, 0x02, 0x15, 0x28, 0x32, 0xa9, 0xd8, 0x34, 0x15, 0x2c, 0x0c, 0x02, 0x00, 0x00, 0x00,
  0x00, 0x00, 0x00, 0x00, 0x00, 0x00, 0x00, 0x00, 0x00, 0x00, 0x00, 0x03, 0x01, 0x02, 0x00, 0x00,
  0x00, 0x00, 0x00, 0x00, 0x00, 0x00, 0x00, 0x00, 0x00, 0x00, 0x00, 0x00, 0x00, 0x00, 0x00, 0x00,
  0x00, 0x00, 0x00, 0x00, 0x00, 0x00, 0x00, 0x01, 0x01, 0x01, 0x00, 0x00, 0x00, 0x00, 0x00, 0x00,
  0x00, 0x00, 0x00, 0x00, 0x00, 0x00, 0x00, 0x00, 0x00, 0x00, 0x00, 0x00, 0x00, 0x00, 0x00, 0x00,
  0x00, 0x00, 0x00, 0x00, 0x00, 0x00, 0x00, 0x00, 0x00, 0x00, 0x00, 0x00, 0x00, 0x00, 0x00, 0x00,
  0x00, 0x00, 0x00, 0x00, 0x00, 0x00, 0x00, 0x00, 0x00, 0x00, 0x00, 0x00, 0x00, 0x00, 0x00, 0x00,
  0x00, 0x00, 0x00, 0x00, 0x00, 0x00, 0x00, 0x00, 0x00, 0x00, 0x00, 0x00, 0x00, 0x00, 0x00, 0x00,
  0x00, 0x00, 0x00, 0x00, 0x00, 0x00, 0x00, 0x00, 0x00, 0x00, 0x00, 0x00, 0x00, 0x00, 0x00, 0x00,
  0x00, 0x00, 0x00, 0x00, 0x00, 0x00, 0x00, 0x00, 0x00, 0x00, 0x00, 0x00, 0x00, 0x00, 0x00, 0x00,
  0x00, 0x00, 0x00, 0x00, 0x00, 0x00, 0x00, 0x00, 0x00, 0x00, 0x00, 0x00, 0x00, 0x00, 0x00, 0x00,
  0x00, 0x00, 0x00, 0x00, 0x00, 0x00, 0x00, 0x00, 0x00, 0x00, 0x00, 0x00, 0x00, 0x00, 0x00, 0x00,
  0x00, 0x00, 0x00, 0x00, 0x00, 0x00, 0x00, 0x00, 0x00, 0x00, 0x00, 0x00, 0x00, 0x00, 0x00, 0x00,
  0x00, 0x00, 0x00, 0x00, 0x00, 0x00, 0x00, 0x00, 0x00, 0x00, 0x00, 0x00, 0x00, 0x00, 0x02, 0x01,
  0x00, 0x00, 0x00, 0x00, 0x00, 0x00, 0x00, 0x00, 0x00, 0x00, 0x00, 0x00, 0x00, 0x00, 0x00, 0x00,
  0x00, 0x00, 0x00, 0x00, 0x00, 0x00, 0x00, 0x00, 0x00, 0x00, 0x00, 0x00, 0x00, 0x00, 0x00, 0x00,
  0x00, 0x00, 0x00, 0x00, 0x00, 0x00, 0x00, 0x00, 0x00, 0x00, 0x00, 0x01, 0x03, 0x0e, 0x2b, 0x70,
  0xd7, 0x83, 0x1b, 0x2f, 0x15, 0x02, 0x00, 0x01, 0x01, 0x00, 0x00, 0x00, 0x00, 0x01, 0x01, 0x00,
  0x00, 0x00, 0x00, 0x01, 0x01, 0x05, 0x07, 0x02, 0x00, 0x00, 0x00, 0x00, 0x00, 0x00, 0x00, 0x00,
  0x00, 0x00, 0x00, 0x00, 0x00, 0x00, 0x00, 0x00, 0x00, 0x00, 0x00, 0x00, 0x00, 0x00, 0x00, 0x00,
  0x00, 0x00, 0x01, 0x01, 0x00, 0x00, 0x00, 0x00, 0x00, 0x00, 0x00, 0x01, 0x00, 0x00, 0x00, 0x01,
  0x00, 0x00, 0x00, 0x00, 0x00, 0x00, 0x00, 0x00, 0x00, 0x00, 0x00, 0x00, 0x00, 0x00, 0x00, 0x00,
  0x00, 0x00, 0x00, 0x00, 0x00, 0x00, 0x00, 0x00, 0x00, 0x00, 0x00, 0x00, 0x00, 0x00, 0x00, 0x00,
  0x00, 0x00, 0x00, 0x00, 0x00, 0x00, 0x02, 0x01, 0x00, 0x00, 0x00, 0x00, 0x00, 0x00, 0x00, 0x00,
  0x00, 0x00, 0x00, 0x00, 0x00, 0x00, 0x00, 0x00, 0x00, 0x00, 0x00, 0x00, 0x00, 0x00, 0x00, 0x00,
  0x00, 0x00, 0x00, 0x00, 0x00, 0x00, 0x00, 0x00, 0x00, 0x00, 0x00, 0x00, 0x00, 0x00, 0x00, 0x00,
  0x00, 0x00, 0x00, 0x00, 0x00, 0x00, 0x00, 0x00, 0x00, 0x00, 0x00, 0x00, 0x00, 0x00, 0x00, 0x00,
  0x00, 0x00, 0x00, 0x00, 0x00, 0x00, 0x00, 0x00, 0x00, 0x00, 0x00, 0x00, 0x00, 0x00, 0x00, 0x00,
  0x00, 0x00, 0x00, 0x00, 0x00, 0x00, 0x00, 0x00, 0x00, 0x00, 0x00, 0x00, 0x00, 0x00, 0x00, 0x00,
  0x00, 0x00, 0x00, 0x00, 0x00, 0x00, 0x00, 0x00, 0x00, 0x00, 0x00, 0x00, 0x00, 0x00, 0x00, 0x00,
  0x00, 0x00, 0x00, 0x00, 0x00, 0x00, 0x00, 0x00, 0x00, 0x00, 0x00, 0x00, 0x00, 0x00, 0x00, 0x00,
  0x00, 0x00, 0x00, 0x00, 0x00, 0x00, 0x00, 0x00, 0x00, 0x00, 0x00, 0x00, 0x00, 0x00, 0x00, 0x00,
  0x00, 0x00, 0x00, 0x00, 0x00, 0x00, 0x00, 0x00, 0x00, 0x00, 0x00, 0x00, 0x00, 0x00, 0x00, 0x00,
  0x00, 0x00, 0x00, 0x00, 0x00, 0x00, 0x0e, 0x1c, 0x52, 0xc0, 0xb9, 0x2c, 0x19, 0x17, 0x00, 0x01,
  0x00, 0x00, 0x00, 0x00, 0x00, 0x00, 0x00, 0x00, 0x00, 0x00, 0x00, 0x00, 0x00, 0x05, 0x07, 0x09,
  0x05, 0x00, 0x00, 0x00, 0x00, 0x00, 0x00, 0x00, 0x00, 0x00, 0x00, 0x00, 0x00, 0x00, 0x00, 0x00,
  0x00, 0x00, 0x00, 0x00, 0x00, 0x00, 0x00, 0x00, 0x00, 0x00, 0x00, 0x00, 0x00, 0x00, 0x00, 0x00,
  0x00, 0x00, 0x00, 0x00, 0x00, 0x02, 0x00, 0x00, 0x00, 0x00, 0x00, 0x00, 0x00, 0x00, 0x00, 0x00,
  0x00, 0x00, 0x00, 0x00, 0x00, 0x00, 0x00, 0x00, 0x00, 0x00, 0x00, 0x00, 0x00, 0x00, 0x00, 0x00,
  0x00, 0x00, 0x00, 0x01, 0x01, 0x00, 0x00, 0x00, 0x00, 0x00, 0x00, 0x00, 0x00, 0x00, 0x00, 0x00,
  0x00, 0x00, 0x00, 0x00, 0x00, 0x00, 0x00, 0x00, 0x00, 0x00, 0x00, 0x00, 0x00, 0x00, 0x00, 0x00,
  0x00, 0x00, 0x00, 0x00, 0x00, 0x00, 0x00, 0x00, 0x00, 0x00, 0x00, 0x00, 0x00, 0x00, 0x00, 0x00,
  0x00, 0x00, 0x00, 0x00, 0x00, 0x00, 0x00, 0x00, 0x00, 0x00, 0x00, 0x00, 0x00, 0x00, 0x00, 0x00,
  0x00, 0x00, 0x00, 0x00, 0x00, 0x00, 0x00, 0x00, 0x00, 0x00, 0x00, 0x00, 0x00, 0x00, 0x00, 0x00,
  0x00, 0x00, 0x00, 0x00, 0x00, 0x00, 0x00, 0x00, 0x00, 0x00, 0x00, 0x00, 0x00, 0x00, 0x00, 0x00,
  0x00, 0x00, 0x00, 0x00, 0x00, 0x00, 0x00, 0x00, 0x00, 0x00, 0x00, 0x00, 0x00, 0x00, 0x00, 0x00,
  0x00, 0x00, 0x00, 0x00, 0x00, 0x00, 0x00, 0x00, 0x00, 0x00, 0x00, 0x00, 0x00, 0x00, 0x00, 0x00,
  0x00, 0x00, 0x00, 0x00, 0x00, 0x00, 0x00, 0x00, 0x00, 0x00, 0x00, 0x00, 0x00, 0x00, 0x00, 0x00,
  0x00, 0x01, 0x02, 0x00, 0x00, 0x00, 0x00, 0x00, 0x00, 0x00, 0x00, 0x00, 0x00, 0x00, 0x00, 0x00,
  0x00, 0x00, 0x00, 0x00, 0x00, 0x00, 0x00, 0x00, 0x00, 0x00, 0x00, 0x00, 0x01, 0x00, 0x02, 0x08,
  0x0b, 0x21, 0x7e, 0xe2, 0x54, 0x19, 0x27, 0x04, 0x01, 0x01, 0x00, 0x00, 0x01, 0x01, 0x00, 0x00,
  0x00, 0x00, 0x00, 0x00, 0x00, 0x01, 0x01, 0x03, 0x02, 0x03, 0x03, 0x01, 0x00, 0x00, 0x00, 0x00,
  0x00, 0x00, 0x00, 0x00, 0x00, 0x00, 0x00, 0x00, 0x00, 0x00, 0x00, 0x00, 0x00, 0x00, 0x00, 0x00,
  0x00, 0x00, 0x00, 0x00, 0x00, 0x00, 0x00, 0x00, 0x00, 0x00, 0x00, 0x00, 0x00, 0x00, 0x00, 0x01,
  0x01, 0x01, 0x03, 0x2a, 0x0f, 0x00, 0x01, 0x00, 0x00, 0x00, 0x00, 0x00, 0x00, 0x00, 0x00, 0x00,
  0x00, 0x00, 0x00, 0x00, 0x00, 0x00, 0x00, 0x00, 0x01, 0x01, 0x00, 0x00, 0x00, 0x00, 0x03, 0x04,
  0x02, 0x00, 0x00, 0x00, 0x00, 0x00, 0x02, 0x00, 0x00, 0x00, 0x00, 0x00, 0x00, 0x00, 0x00, 0x00,
  0x00, 0x00, 0x00, 0x00, 0x00, 0x00, 0x00, 0x00, 0x00, 0x00, 0x00, 0x00, 0x00, 0x00, 0x00, 0x00,
  0x00, 0x00, 0x00, 0x00, 0x00, 0x00, 0x00, 0x00, 0x00, 0x00, 0x00, 0x00, 0x00, 0x00, 0x00, 0x00,
  0x00, 0x00, 0x00, 0x00, 0x00, 0x00, 0x00, 0x00, 0x00, 0x00, 0x00, 0x00, 0x00, 0x00, 0x00, 0x00,
  0x00, 0x00, 0x00, 0x00, 0x00, 0x00, 0x00, 0x00, 0x00, 0x00, 0x00, 0x00, 0x00, 0x00, 0x00, 0x00,
  0x00, 0x00, 0x00, 0x00, 0x00, 0x00, 0x00, 0x00, 0x00, 0x00, 0x00, 0x00, 0x00, 0x00, 0x00, 0x00,
  0x00, 0x00, 0x00, 0x00, 0x00, 0x00, 0x00, 0x00, 0x00, 0x00, 0x00, 0x00, 0x00, 0x00, 0x00, 0x00,
  0x00, 0x00, 0x00, 0x00, 0x00, 0x00, 0x00, 0x00, 0x00, 0x00, 0x00, 0x00, 0x00, 0x00, 0x00, 0x00,
  0x00, 0x00, 0x00, 0x00, 0x00, 0x00, 0x00, 0x00, 0x00, 0x00, 0x00, 0x00, 0x00, 0x01, 0x00, 0x00,
  0x00, 0x00, 0x00, 0x00, 0x00, 0x00, 0x00, 0x00, 0x00, 0x00, 0x00, 0x00, 0x00, 0x00, 0x00, 0x00,
  0x00, 0x00, 0x00, 0x00, 0x00, 0x00, 0x01, 0x04, 0x0a, 0x18, 0x09, 0x5c, 0xd4, 0xb3, 0x28, 0x26,
  0x0f, 0x02, 0x00, 0x00, 0x00, 0x00, 0x00, 0x00, 0x00, 0x01, 0x02, 0x01, 0x01, 0x00, 0x01, 0x01,
  0x00, 0x00, 0x00, 0x03, 0x04, 0x00, 0x00, 0x00, 0x00, 0x01, 0x01, 0x00, 0x00, 0x00, 0x00, 0x00,
  0x00, 0x00, 0x00, 0x00, 0x00, 0x00, 0x00, 0x00, 0x00, 0x01, 0x01, 0x00, 0x00, 0x00, 0x00, 0x00,
  0x00, 0x00, 0x00, 0x00, 0x00, 0x00, 0x00, 0x00, 0x00, 0x00, 0x00, 0x00, 0x15, 0x44, 0x09, 0x00,
  0x00, 0x00, 0x00, 0x00, 0x00, 0x00, 0x00, 0x00, 0x00, 0x00, 0x00, 0x00, 0x00, 0x00, 0x00, 0x00,
  0x00, 0x00, 0x00, 0x00, 0x00, 0x00, 0x00, 0x03, 0x00, 0x00, 0x03, 0x02, 0x00, 0x01, 0x00, 0x00,
  0x01, 0x01, 0x00, 0x00, 0x00, 0x00, 0x00, 0x00, 0x00, 0x00, 0x00, 0x00, 0x00, 0x00, 0x00, 0x00,
  0x00, 0x00, 0x00, 0x00, 0x00, 0x00, 0x00, 0x00, 0x00, 0x00, 0x00, 0x00, 0x00, 0x00, 0x00, 0x00,
  0x00, 0x00, 0x00, 0x00, 0x00, 0x00, 0x00, 0x00, 0x00, 0x00, 0x00, 0x00, 0x00, 0x00, 0x00, 0x00,
  0x00, 0x00, 0x00, 0x00, 0x00, 0x00, 0x00, 0x00, 0x00, 0x00, 0x00, 0x00, 0x00, 0x00, 0x00, 0x00,
  0x00, 0x00, 0x00, 0x00, 0x00, 0x00, 0x00, 0x00, 0x00, 0x00, 0x00, 0x00, 0x00, 0x00, 0x00, 0x00,
  0x00, 0x00, 0x00, 0x00, 0x00, 0x00, 0x00, 0x00, 0x00, 0x00, 0x00, 0x00, 0x00, 0x00, 0x00, 0x00,
  0x00, 0x00, 0x00, 0x00, 0x00, 0x00, 0x00, 0x00, 0x00, 0x00, 0x00, 0x00, 0x00, 0x00, 0x01, 0x03,
  0x00, 0x00, 0x00, 0x00, 0x00, 0x00, 0x00, 0x00, 0x00, 0x00, 0x00, 0x00, 0x00, 0x00, 0x00, 0x00,
  0x00, 0x00, 0x00, 0x01, 0x00, 0x09, 0x1f, 0x04, 0x00, 0x00, 0x00, 0x00, 0x00, 0x00, 0x00, 0x00,
  0x00, 0x00, 0x00, 0x00, 0x00, 0x00, 0x00, 0x00, 0x00, 0x00, 0x00, 0x00, 0x00, 0x00, 0x02, 0x00,
  0x01, 0x08, 0x12, 0x19, 0x2e, 0xcd, 0xe1, 0x6f, 0x3c, 0x24, 0x0a, 0x04, 0x04, 0x03, 0x00, 0x00,
  0x00, 0x00, 0x00, 0x00, 0x02, 0x00, 0x00, 0x00, 0x00, 0x00, 0x00, 0x01, 0x04, 0x01, 0x00, 0x01,
  0x00, 0x02, 0x00, 0x01, 0x01, 0x00, 0x00, 0x00, 0x00, 0x00, 0x00, 0x00, 0x00, 0x00, 0x00, 0x00,
  0x00, 0x00, 0x00, 0x00, 0x00, 0x00, 0x00, 0x00, 0x00, 0x00, 0x00, 0x00, 0x00, 0x00, 0x00, 0x00,
  0x00, 0x00, 0x00, 0x00, 0x00, 0x00, 0x03, 0x03, 0x00, 0x00, 0x00, 0x00, 0x00, 0x00, 0x00, 0x00,
  0x00, 0x00, 0x00, 0x00, 0x00, 0x00, 0x00, 0x00, 0x00, 0x00, 0x00, 0x00, 0x00, 0x00, 0x00, 0x02,
  0x01, 0x14, 0x70, 0x69, 0x11, 0x06, 0x06, 0x01, 0x0f, 0x17, 0x00, 0x01, 0x00, 0x00, 0x00, 0x00,
  0x00, 0x00, 0x00, 0x00, 0x00, 0x00, 0x00, 0x00, 0x00, 0x00, 0x00, 0x00, 0x00, 0x01, 0x00, 0x00,
  0x00, 0x00, 0x00, 0x00, 0x00, 0x00, 0x00, 0x00, 0x00, 0x00, 0x00, 0x00, 0x00, 0x00, 0x00, 0x00,
  0x00, 0x00, 0x00, 0x00, 0x00, 0x00, 0x00, 0x00, 0x00, 0x00, 0x00, 0x00, 0x00, 0x00, 0x00, 0x00,
  0x00, 0x00, 0x00, 0x00, 0x00, 0x00, 0x00, 0x00, 0x00, 0x00, 0x00, 0x00, 0x00, 0x00, 0x00, 0x00,
  0x00, 0x00, 0x00, 0x00, 0x00, 0x00, 0x00, 0x00, 0x00, 0x00, 0x00, 0x00, 0x00, 0x00, 0x00, 0x00,
  0x00, 0x00, 0x00, 0x00, 0x00, 0x00, 0x00, 0x00, 0x00, 0x00, 0x00, 0x00, 0x00, 0x00, 0x00, 0x00,
  0x00, 0x00, 0x00, 0x00, 0x00, 0x00, 0x00, 0x00, 0x00, 0x05, 0x0b, 0x01, 0x00, 0x00, 0x00, 0x01,
  0x00, 0x00, 0x00, 0x00, 0x00, 0x00, 0x00, 0x00, 0x00, 0x00, 0x00, 0x00, 0x00, 0x00, 0x00, 0x05,
  0x10, 0x03, 0x00, 0x02, 0x02, 0x00, 0x00, 0x00, 0x00, 0x00, 0x00, 0x00, 0x00, 0x00, 0x00, 0x00,
  0x00, 0x00, 0x00, 0x00, 0x00, 0x00, 0x00, 0x03, 0x03, 0x01, 0x01, 0x0e, 0x27, 0x17, 0x94, 0xe2,
  0xb4, 0x41, 0x25, 0x11, 0x06, 0x06, 0x09, 0x01, 0x00, 0x00, 0x01, 0x01, 0x00, 0x00, 0x00, 0x01,
  0x01, 0x00, 0x00, 0x00, 0x00, 0x01, 0x01, 0x13, 0x1a, 0x01, 0x01, 0x00, 0x00, 0x00, 0x00, 0x00,
  0x00, 0x00, 0x00, 0x00, 0x00, 0x00, 0x00, 0x00, 0x00, 0x00, 0x00, 0x00, 0x00, 0x00, 0x00, 0x00,
  0x00, 0x00, 0x00, 0x00, 0x00, 0x00, 0x00, 0x00, 0x01, 0x01, 0x00, 0x00, 0x00, 0x00, 0x00, 0x00,
  0x00, 0x00, 0x00, 0x00, 0x00, 0x01, 0x00, 0x00, 0x00, 0x00, 0x00, 0x00, 0x00, 0x00, 0x00, 0x00,
  0x00, 0x00, 0x00, 0x00, 0x00, 0x00, 0x00, 0x00, 0x00, 0x02, 0x06, 0x20, 0xa7, 0xb5, 0x2c, 0x0f,
  0x05, 0x00, 0x15, 0x12, 0x00, 0x00, 0x00, 0x00, 0x00, 0x00, 0x00, 0x00, 0x00, 0x00, 0x00, 0x00,
  0x00, 0x00, 0x00, 0x00, 0x00, 0x00, 0x03, 0x03, 0x00, 0x00, 0x00, 0x00, 0x00, 0x00, 0x00, 0x00,
  0x00, 0x00, 0x00, 0x00, 0x00, 0x00, 0x00, 0x00, 0x00, 0x00, 0x00, 0x00, 0x00, 0x00, 0x00, 0x00,
  0x00, 0x00, 0x00, 0x00, 0x00, 0x00, 0x00, 0x00, 0x00, 0x00, 0x00, 0x00, 0x00, 0x00, 0x00, 0x00,
  0x00, 0x00, 0x00, 0x00, 0x00, 0x00, 0x00, 0x00, 0x00, 0x00, 0x00, 0x00, 0x00, 0x00, 0x00, 0x00,
  0x00, 0x00, 0x00, 0x00, 0x00, 0x00, 0x00, 0x00, 0x00, 0x00, 0x00, 0x00, 0x00, 0x00, 0x00, 0x00,
  0x00, 0x00, 0x00, 0x00, 0x00, 0x00, 0x00, 0x00, 0x00, 0x00, 0x00, 0x00, 0x00, 0x00, 0x00, 0x00,
  0x00, 0x00, 0x01, 0x00, 0x10, 0x1c, 0x08, 0x01, 0x00, 0x02, 0x01, 0x00, 0x00, 0x00, 0x00, 0x00,
  0x00, 0x00, 0x00, 0x00, 0x00, 0x00, 0x00, 0x00, 0x00, 0x00, 0x00, 0x00, 0x00, 0x00, 0x00, 0x00,
  0x00, 0x00, 0x00, 0x00, 0x00, 0x00, 0x00, 0x00, 0x00, 0x00, 0x00, 0x00, 0x00, 0x00, 0x00, 0x00,
  0x01, 0x00, 0x00, 0x02, 0x02, 0x1d, 0x30, 0x5a, 0xd3, 0xc9, 0x6b, 0x32, 0x33, 0x10, 0x06, 0x04,
  0x02, 0x00, 0x00, 0x00, 0x00, 0x02, 0x00, 0x00, 0x00, 0x00, 0x00, 0x00, 0x00, 0x00, 0x00, 0x01,
  0x00, 0x25, 0x1c, 0x00, 0x01, 0x00, 0x00, 0x00, 0x00, 0x00, 0x01, 0x00, 0x00, 0x00, 0x00, 0x00,
  0x00, 0x00, 0x00, 0x00, 0x00, 0x00, 0x00, 0x00, 0x00, 0x00, 0x00, 0x00, 0x00, 0x00, 0x00, 0x00,
  0x00, 0x00, 0x00, 0x00, 0x00, 0x00, 0x00, 0x00, 0x00, 0x00, 0x00, 0x00, 0x00, 0x00, 0x00, 0x00,
  0x00, 0x00, 0x00, 0x00, 0x00, 0x00, 0x00, 0x00, 0x00, 0x00, 0x00, 0x00, 0x00, 0x00, 0x00, 0x00,
  0x00, 0x00, 0x00, 0x00, 0x04, 0x05, 0x26, 0x35, 0x0d, 0x10, 0x05, 0x02, 0x00, 0x00, 0x01, 0x01,
  0x00, 0x00, 0x00, 0x00, 0x00, 0x00, 0x00, 0x00, 0x00, 0x00, 0x00, 0x00, 0x00, 0x00, 0x00, 0x00,
  0x00, 0x00, 0x00, 0x00, 0x00, 0x00, 0x00, 0x00, 0x00, 0x00, 0x00, 0x00, 0x00, 0x00, 0x00, 0x00,
  0x00, 0x00, 0x00, 0x00, 0x00, 0x00, 0x00, 0x00, 0x00, 0x00, 0x00, 0x00, 0x00, 0x00, 0x00, 0x00,
  0x00, 0x00, 0x00, 0x00, 0x00, 0x00, 0x00, 0x00, 0x00, 0x00, 0x00, 0x00, 0x00, 0x00, 0x00, 0x00,
  0x00, 0x00, 0x00, 0x00, 0x00, 0x00, 0x00, 0x00, 0x00, 0x00, 0x00, 0x00, 0x00, 0x00, 0x00, 0x00,
  0x00, 0x00, 0x00, 0x00, 0x00, 0x00, 0x00, 0x00, 0x00, 0x00, 0x00, 0x00, 0x00, 0x00, 0x00, 0x00,
  0x00, 0x00, 0x00, 0x00, 0x00, 0x00, 0x00, 0x00, 0x00, 0x00, 0x00, 0x00, 0x00, 0x00, 0x00, 0x10,
  0x1d, 0x0c, 0x05, 0x00, 0x04, 0x03, 0x00, 0x02, 0x01, 0x00, 0x00, 0x00, 0x00, 0x00, 0x00, 0x00,
  0x00, 0x00, 0x00, 0x00, 0x00, 0x00, 0x02, 0x32, 0x32, 0x00, 0x00, 0x00, 0x00, 0x00, 0x00, 0x00,
  0x00, 0x00, 0x00, 0x00, 0x00, 0x00, 0x00, 0x00, 0x00, 0x00, 0x00, 0x08, 0x0f, 0x04, 0x0e, 0x39,
  0x3b, 0xb1, 0xe7, 0x85, 0x37, 0x3a, 0x22, 0x0c, 0x09, 0x04, 0x01, 0x01, 0x00, 0x01, 0x01, 0x01,
  0x00, 0x00, 0x00, 0x00, 0x01, 0x00, 0x00, 0x00, 0x00, 0x01, 0x00, 0x00, 0x00, 0x02, 0x00, 0x00,
  0x01, 0x00, 0x01, 0x00, 0x05, 0x01, 0x00, 0x00, 0x00, 0x00, 0x00, 0x00, 0x00, 0x00, 0x00, 0x00,
  0x00, 0x00, 0x00, 0x00, 0x00, 0x02, 0x01, 0x00, 0x00, 0x00, 0x03, 0x04, 0x0a, 0x0b, 0x03, 0x01,
  0x00, 0x00, 0x00, 0x00, 0x00, 0x00, 0x00, 0x00, 0x00, 0x00, 0x00, 0x00, 0x00, 0x00, 0x00, 0x00,
  0x00, 0x01, 0x00, 0x00, 0x00, 0x00, 0x00, 0x00, 0x00, 0x00, 0x00, 0x00, 0x00, 0x00, 0x01, 0x08,
  0x06, 0x0f, 0x1c, 0x12, 0x07, 0x08, 0x02, 0x00, 0x00, 0x00, 0x00, 0x00, 0x02, 0x01, 0x03, 0x03,
  0x00, 0x00, 0x00, 0x00, 0x00, 0x00, 0x01, 0x00, 0x00, 0x00, 0x00, 0x00, 0x00, 0x00, 0x00, 0x00,
  0x00, 0x00, 0x00, 0x00, 0x00, 0x00, 0x00, 0x00, 0x00, 0x00, 0x00, 0x00, 0x00, 0x00, 0x00, 0x00,
  0x00, 0x00, 0x00, 0x00, 0x00, 0x00, 0x00, 0x00, 0x00, 0x00, 0x00, 0x00, 0x00, 0x00, 0x00, 0x00,
  0x00, 0x00, 0x00, 0x00, 0x00, 0x00, 0x00, 0x00, 0x00, 0x00, 0x00, 0x00, 0x00, 0x00, 0x00, 0x00,
  0x00, 0x00, 0x00, 0x00, 0x00, 0x00, 0x00, 0x00, 0x00, 0x00, 0x00, 0x00, 0x00, 0x00, 0x00, 0x00,
  0x00, 0x00, 0x00, 0x00, 0x00, 0x00, 0x00, 0x00, 0x00, 0x00, 0x00, 0x00, 0x00, 0x00, 0x00, 0x00,
  0x00, 0x00, 0x00, 0x00, 0x00, 0x00, 0x00, 0x00, 0x00, 0x00, 0x0a, 0x12, 0x14, 0x0d, 0x16, 0x13,
  0x0e, 0x02, 0x02, 0x01, 0x00, 0x00, 0x00, 0x00, 0x00, 0x00, 0x00, 0x00, 0x00, 0x00, 0x00, 0x01,
  0x02, 0x48, 0x84, 0x46, 0x02, 0x01, 0x00, 0x00, 0x00, 0x00, 0x00, 0x00, 0x00, 0x00, 0x00, 0x00,
  0x00, 0x00, 0x00, 0x00, 0x07, 0x17, 0x16, 0x0d, 0x29, 0x29, 0x68, 0xf1, 0xb8, 0x51, 0x45, 0x3a,
  0x0d, 0x15, 0x12, 0x08, 0x02, 0x07, 0x06, 0x04, 0x06, 0x02, 0x00, 0x00, 0x00, 0x01, 0x04, 0x02,
  0x00, 0x00, 0x00, 0x00, 0x00, 0x02, 0x03, 0x02, 0x00, 0x12, 0x09, 0x00, 0x02, 0x00, 0x00, 0x00,
  0x00, 0x00, 0x00, 0x00, 0x00, 0x00, 0x00, 0x00, 0x00, 0x00, 0x00, 0x00, 0x00, 0x00, 0x00, 0x01,
  0x01, 0x00, 0x00, 0x00, 0x0b, 0x30, 0x2a, 0x26, 0x13, 0x06, 0x01, 0x00, 0x00, 0x00, 0x00, 0x00,
  0x00, 0x00, 0x00, 0x00, 0x00, 0x00, 0x00, 0x00, 0x00, 0x00, 0x00, 0x00, 0x00, 0x00, 0x00, 0x01,
  0x01, 0x00, 0x00, 0x00, 0x00, 0x00, 0x00, 0x00, 0x00, 0x06, 0x05, 0x14, 0x3c, 0x11, 0x00, 0x02,
  0x00, 0x00, 0x00, 0x00, 0x00, 0x00, 0x02, 0x00, 0x00, 0x00, 0x00, 0x00, 0x00, 0x00, 0x00, 0x00,
  0x01, 0x00, 0x00, 0x00, 0x00, 0x00, 0x00, 0x00, 0x00, 0x00, 0x00, 0x00, 0x00, 0x00, 0x00, 0x00,
  0x00, 0x00, 0x00, 0x00, 0x00, 0x00, 0x00, 0x00, 0x00, 0x00, 0x00, 0x00, 0x00, 0x00, 0x00, 0x00,
  0x00, 0x00, 0x00, 0x00, 0x00, 0x00, 0x00, 0x00, 0x00, 0x00, 0x00, 0x00, 0x00, 0x00, 0x00, 0x00,
  0x00, 0x00, 0x00, 0x00, 0x00, 0x00, 0x00, 0x00, 0x00, 0x00, 0x00, 0x00, 0x00, 0x00, 0x00, 0x00,
  0x00, 0x00, 0x00, 0x00, 0x00, 0x00, 0x00, 0x00, 0x00, 0x00, 0x00, 0x00, 0x00, 0x00, 0x00, 0x00,
  0x00, 0x00, 0x00, 0x00, 0x00, 0x00, 0x00, 0x00, 0x00, 0x00, 0x00, 0x00, 0x00, 0x00, 0x00, 0x00,
  0x00, 0x00, 0x00, 0x01, 0x00, 0x13, 0x31, 0x36, 0x32, 0x14, 0x2a, 0x36, 0x0a, 0x00, 0x01, 0x01,
  0x00, 0x00, 0x00, 0x00, 0x00, 0x00, 0x00, 0x00, 0x00, 0x00, 0x00, 0x00, 0x19, 0x73, 0x27, 0x00,
  0x01, 0x00, 0x01, 0x00, 0x00, 0x00, 0x00, 0x00, 0x00, 0x01, 0x00, 0x00, 0x00, 0x02, 0x0e, 0x12,
  0x19, 0x20, 0x28, 0x4d, 0xd9, 0xeb, 0x6f, 0x63, 0x55, 0x29, 0x1a, 0x13, 0x09, 0x0b, 0x09, 0x04,
  0x00, 0x00, 0x01, 0x00, 0x00, 0x00, 0x01, 0x01, 0x05, 0x0b, 0x00, 0x01, 0x01, 0x02, 0x00, 0x02,
  0x04, 0x02, 0x01, 0x0b, 0x06, 0x01, 0x03, 0x02, 0x00, 0x00, 0x00, 0x00, 0x00, 0x00, 0x00, 0x00,
  0x00, 0x00, 0x00, 0x01, 0x01, 0x01, 0x01, 0x00, 0x00, 0x00, 0x00, 0x02, 0x00, 0x00, 0x00, 0x31,
  0x3f, 0x4c, 0x40, 0x19, 0x0a, 0x01, 0x00, 0x00, 0x00, 0x00, 0x00, 0x00, 0x00, 0x00, 0x00, 0x00,
  0x00, 0x00, 0x00, 0x01, 0x00, 0x1f, 0x1d, 0x00, 0x01, 0x01, 0x00, 0x00, 0x00, 0x00, 0x00, 0x00,
  0x00, 0x02, 0x07, 0x0f, 0x02, 0x05, 0x09, 0x04, 0x00, 0x00, 0x00, 0x00, 0x00, 0x00, 0x00, 0x00,
  0x03, 0x0a, 0x3d, 0x1a, 0x00, 0x01, 0x01, 0x00, 0x00, 0x00, 0x00, 0x00, 0x00, 0x00, 0x00, 0x00,
  0x00, 0x00, 0x00, 0x00, 0x00, 0x00, 0x00, 0x00, 0x00, 0x00, 0x00, 0x00, 0x00, 0x00, 0x00, 0x00,
  0x00, 0x00, 0x00, 0x00, 0x00, 0x00, 0x00, 0x00, 0x00, 0x00, 0x00, 0x00, 0x00, 0x00, 0x00, 0x00,
  0x00, 0x00, 0x00, 0x00, 0x00, 0x00, 0x00, 0x00, 0x00, 0x00, 0x00, 0x00, 0x00, 0x00, 0x00, 0x00,
  0x00, 0x00, 0x00, 0x00, 0x00, 0x00, 0x00, 0x00, 0x00, 0x00, 0x00, 0x00, 0x00, 0x00, 0x00, 0x00,
  0x00, 0x00, 0x00, 0x00, 0x00, 0x00, 0x00, 0x00, 0x00, 0x00, 0x00, 0x00, 0x00, 0x00, 0x00, 0x00,
  0x00, 0x00, 0x00, 0x00, 0x00, 0x00, 0x00, 0x00, 0x00, 0x00, 0x00, 0x00, 0x00, 0x00, 0x00, 0x01,
  0x15, 0x33, 0x4f, 0x47, 0x19, 0x3e, 0x4b, 0x1c, 0x04, 0x00, 0x00, 0x00, 0x00, 0x00, 0x00, 0x00,
  0x00, 0x00, 0x00, 0x00, 0x00, 0x01, 0x00, 0x09, 0x2e, 0x23, 0x00, 0x00, 0x01, 0x00, 0x00, 0x00,
  0x00, 0x00, 0x01, 0x04, 0x00, 0x00, 0x00, 0x04, 0x0d, 0x13, 0x28, 0x3b, 0x36, 0xc4, 0xff, 0xa4,
  0x54, 0x68, 0x40, 0x1f, 0x24, 0x09, 0x03, 0x08, 0x0b, 0x15, 0x2c, 0x4b, 0x23, 0x00, 0x01, 0x00,
  0x00, 0x01, 0x1a, 0x12, 0x00, 0x01, 0x02, 0x05, 0x01, 0x08, 0x18, 0x04, 0x00, 0x00, 0x00, 0x03,
  0x04, 0x03, 0x00, 0x00, 0x00, 0x00, 0x00, 0x00, 0x00, 0x00, 0x00, 0x00, 0x00, 0x00, 0x00, 0x00,
  0x00, 0x00, 0x00, 0x00, 0x00, 0x00, 0x01, 0x00, 0x05, 0x27, 0x72, 0x9f, 0x7d, 0x41, 0x0d, 0x00,
  0x00, 0x00, 0x00, 0x00, 0x00, 0x00, 0x00, 0x00, 0x00, 0x00, 0x00, 0x00, 0x00, 0x00, 0x00, 0x13,
  0x0f, 0x00, 0x00, 0x00, 0x00, 0x00, 0x00, 0x00, 0x00, 0x00, 0x03, 0x03, 0x09, 0x51, 0x7b, 0x08,
  0x01, 0x02, 0x01, 0x00, 0x00, 0x00, 0x00, 0x00, 0x01, 0x04, 0x07, 0x06, 0x5e, 0x33, 0x00, 0x01,
  0x00, 0x00, 0x00, 0x00, 0x00, 0x00, 0x00, 0x00, 0x00, 0x00, 0x00, 0x00, 0x00, 0x00, 0x00, 0x00,
  0x00, 0x00, 0x00, 0x00, 0x01, 0x04, 0x01, 0x00, 0x00, 0x00, 0x00, 0x00, 0x00, 0x00, 0x00, 0x00,
  0x00, 0x00, 0x00, 0x00, 0x00, 0x00, 0x00, 0x00, 0x00, 0x00, 0x00, 0x00, 0x00, 0x00, 0x00, 0x00,
  0x00, 0x00, 0x00, 0x00, 0x00, 0x00, 0x00, 0x00, 0x00, 0x00, 0x00, 0x00, 0x00, 0x00, 0x00, 0x00,
  0x00, 0x00, 0x00, 0x00, 0x00, 0x00, 0x00, 0x00, 0x00, 0x00, 0x00, 0x00, 0x00, 0x00, 0x00, 0x00,
  0x00, 0x00, 0x00, 0x00, 0x00, 0x00, 0x00, 0x00, 0x00, 0x00, 0x00, 0x00, 0x00, 0x00, 0x00, 0x00,
  0x00, 0x00, 0x00, 0x00, 0x00, 0x00, 0x00, 0x00, 0x00, 0x00, 0x00, 0x0a, 0x22, 0x5b, 0x8c, 0x3b,
  0x2a, 0x30, 0x18, 0x05, 0x01, 0x00, 0x00, 0x00, 0x00, 0x00, 0x00, 0x00, 0x00, 0x00, 0x00, 0x00,
  0x03, 0x00, 0x16, 0x39, 0x06, 0x03, 0x00, 0x00, 0x00, 0x00, 0x00, 0x00, 0x00, 0x04, 0x00, 0x00,
  0x00, 0x04, 0x09, 0x10, 0x28, 0x36, 0x91, 0xf9, 0xeb, 0x80, 0x5d, 0x43, 0x2a, 0x2b, 0x1d, 0x0c,
  0x07, 0x0a, 0x21, 0x4e, 0x41, 0x70, 0x37, 0x00, 0x02, 0x00, 0x00, 0x05, 0x40, 0x23, 0x00, 0x02,
  0x00, 0x02, 0x0c, 0x18, 0x0f, 0x01, 0x01, 0x03, 0x03, 0x06, 0x0b, 0x04, 0x01, 0x01, 0x00, 0x00,
  0x00, 0x00, 0x00, 0x00, 0x00, 0x00, 0x06, 0x11, 0x0d, 0x00, 0x00, 0x01, 0x00, 0x00, 0x00, 0x06,
  0x02, 0x02, 0x09, 0x2c, 0x9e, 0xd7, 0x97, 0x31, 0x05, 0x01, 0x00, 0x00, 0x00, 0x00, 0x00, 0x00,
  0x00, 0x00, 0x00, 0x00, 0x00, 0x00, 0x00, 0x01, 0x00, 0x08, 0x03, 0x00, 0x00, 0x00, 0x02, 0x03,
  0x04, 0x00, 0x08, 0x07, 0x01, 0x03, 0x03, 0x7a, 0xbb, 0x0d, 0x02, 0x03, 0x00, 0x01, 0x00, 0x00,
  0x00, 0x00, 0x03, 0x02, 0x05, 0x03, 0x02, 0x03, 0x01, 0x00, 0x00, 0x00, 0x00, 0x00, 0x00, 0x00,
  0x00, 0x00, 0x00, 0x00, 0x00, 0x00, 0x00, 0x00, 0x00, 0x01, 0x01, 0x00, 0x00, 0x00, 0x00, 0x01,
  0x00, 0x00, 0x00, 0x00, 0x00, 0x00, 0x00, 0x00, 0x00, 0x00, 0x00, 0x00, 0x00, 0x00, 0x00, 0x00,
  0x00, 0x00, 0x00, 0x00, 0x00, 0x00, 0x00, 0x00, 0x00, 0x00, 0x00, 0x00, 0x00, 0x00, 0x00, 0x00,
  0x00, 0x00, 0x00, 0x00, 0x00, 0x00, 0x00, 0x00, 0x00, 0x00, 0x00, 0x00, 0x00, 0x00, 0x00, 0x00,
  0x00, 0x00, 0x00, 0x00, 0x00, 0x00, 0x00, 0x00, 0x00, 0x00, 0x00, 0x00, 0x00, 0x00, 0x00, 0x00,
  0x00, 0x00, 0x00, 0x00, 0x00, 0x00, 0x00, 0x00, 0x00, 0x00, 0x00, 0x00, 0x00, 0x00, 0x00, 0x00,
  0x00, 0x00, 0x00, 0x01, 0x02, 0x03, 0x0f, 0x1b, 0x8e, 0xb7, 0x68, 0x30, 0x14, 0x1a, 0x03, 0x00,
  0x01, 0x02, 0x01, 0x00, 0x00, 0x00, 0x00, 0x00, 0x00, 0x00, 0x00, 0x01, 0x00, 0x01, 0x06, 0x0a,
  0x06, 0x02, 0x00, 0x02, 0x02, 0x00, 0x01, 0x04, 0x03, 0x06, 0x06, 0x19, 0x3e, 0x2f, 0x2b, 0x8b,
  0xe7, 0xf3, 0xcd, 0x7c, 0x53, 0x41, 0x3e, 0x39, 0x12, 0x0a, 0x09, 0x0b, 0x18, 0x1f, 0x07, 0x0b,
  0x03, 0x04, 0x01, 0x02, 0x01, 0x02, 0x12, 0x0e, 0x0c, 0x46, 0x5b, 0x34, 0x12, 0x0c, 0x06, 0x05,
  0x03, 0x05, 0x17, 0x12, 0x09, 0x05, 0x01, 0x02, 0x01, 0x01, 0x00, 0x00, 0x00, 0x02, 0x03, 0x02,
  0x1f, 0x38, 0x3b, 0x30, 0x2b, 0x08, 0x01, 0x01, 0x00, 0x01, 0x00, 0x01, 0x04, 0x29, 0x5f, 0x96,
  0x5d, 0x1f, 0x05, 0x02, 0x00, 0x00, 0x00, 0x00, 0x00, 0x00, 0x00, 0x00, 0x00, 0x00, 0x00, 0x00,
  0x00, 0x05, 0x03, 0x04, 0x01, 0x06, 0x0f, 0x04, 0x0c, 0x0b, 0x07, 0x03, 0x0b, 0x0a, 0x09, 0x05,
  0x05, 0x26, 0x24, 0x0a, 0x04, 0x04, 0x02, 0x02, 0x00, 0x01, 0x00, 0x00, 0x02, 0x01, 0x00, 0x03,
  0x0a, 0x08, 0x00, 0x00, 0x00, 0x00, 0x00, 0x00, 0x00, 0x00, 0x00, 0x00, 0x00, 0x00, 0x00, 0x00,
  0x01, 0x00, 0x00, 0x00, 0x00, 0x00, 0x06, 0x08, 0x0b, 0x2e, 0x1d, 0x0c, 0x06, 0x00, 0x00, 0x00,
  0x00, 0x00, 0x00, 0x00, 0x00, 0x00, 0x00, 0x00, 0x00, 0x00, 0x00, 0x00, 0x00, 0x00, 0x00, 0x00,
  0x00, 0x00, 0x00, 0x00, 0x00, 0x00, 0x00, 0x00, 0x00, 0x00, 0x00, 0x00, 0x00, 0x00, 0x00, 0x00,
  0x00, 0x00, 0x00, 0x00, 0x00, 0x00, 0x00, 0x00, 0x00, 0x00, 0x00, 0x00, 0x00, 0x00, 0x00, 0x00,
  0x00, 0x00, 0x00, 0x00, 0x00, 0x00, 0x00, 0x00, 0x00, 0x00, 0x00, 0x00, 0x00, 0x00, 0x00, 0x00,
  0x00, 0x00, 0x00, 0x00, 0x00, 0x00, 0x00, 0x00, 0x00, 0x00, 0x00, 0x00, 0x00, 0x00, 0x01, 0x03,
  0x07, 0x08, 0x25, 0x7d, 0xdf, 0xc0, 0x3d, 0x07, 0x0c, 0x08, 0x02, 0x02, 0x01, 0x00, 0x00, 0x00,
  0x00, 0x00, 0x00, 0x00, 0x00, 0x00, 0x05, 0x03, 0x05, 0x06, 0x10, 0x11, 0x07, 0x03, 0x00, 0x00,
  0x05, 0x08, 0x07, 0x0d, 0x0e, 0x5e, 0x7b, 0x43, 0x8a, 0xf7, 0xfc, 0xde, 0xa6, 0x43, 0x49, 0x55,
  0x3c, 0x0a, 0x0a, 0x07, 0x04, 0x03, 0x04, 0x03, 0x08, 0x07, 0x08, 0x09, 0x03, 0x04, 0x03, 0x00,
  0x0a, 0x12, 0x1f, 0x2c, 0x54, 0x42, 0x1a, 0x0e, 0x16, 0x0b, 0x06, 0x08, 0x12, 0x17, 0x14, 0x04,
  0x07, 0x03, 0x04, 0x05, 0x01, 0x01, 0x01, 0x01, 0x01, 0x05, 0x03, 0x02, 0x17, 0x4b, 0x31, 0x0f,
  0x07, 0x07, 0x00, 0x01, 0x00, 0x01, 0x01, 0x00, 0x23, 0x4b, 0x36, 0x29, 0x02, 0x02, 0x00, 0x00,
  0x00, 0x00, 0x00, 0x00, 0x00, 0x00, 0x00, 0x00, 0x00, 0x00, 0x00, 0x00, 0x02, 0x06, 0x02, 0x08,
  0x09, 0x04, 0x03, 0x01, 0x04, 0x03, 0x07, 0x12, 0x22, 0x17, 0x1f, 0x3b, 0x07, 0x09, 0x09, 0x00,
  0x02, 0x01, 0x00, 0x03, 0x01, 0x00, 0x02, 0x04, 0x08, 0x00, 0x02, 0x05, 0x00, 0x02, 0x00, 0x00,
  0x00, 0x00, 0x00, 0x00, 0x00, 0x00, 0x00, 0x00, 0x00, 0x00, 0x01, 0x00, 0x00, 0x00, 0x00, 0x01,
  0x16, 0x23, 0x62, 0xbf, 0x6e, 0x41, 0x0f, 0x00, 0x00, 0x00, 0x00, 0x00, 0x00, 0x00, 0x00, 0x00,
  0x00, 0x00, 0x00, 0x00, 0x00, 0x00, 0x00, 0x00, 0x00, 0x00, 0x00, 0x00, 0x00, 0x00, 0x00, 0x00,
  0x00, 0x00, 0x00, 0x00, 0x00, 0x00, 0x00, 0x00, 0x00, 0x00, 0x00, 0x00, 0x00, 0x00, 0x00, 0x00,
  0x00, 0x00, 0x00, 0x00, 0x00, 0x00, 0x00, 0x00, 0x00, 0x00, 0x00, 0x00, 0x00, 0x00, 0x00, 0x00,
  0x00, 0x00, 0x00, 0x00, 0x00, 0x00, 0x00, 0x00, 0x00, 0x00, 0x00, 0x00, 0x00, 0x00, 0x00, 0x00,
  0x00, 0x00, 0x00, 0x00, 0x00, 0x00, 0x00, 0x00, 0x00, 0x00, 0x01, 0x04, 0x1b, 0x37, 0x81, 0xd0,
  0xc2, 0x5f, 0x2c, 0x0c, 0x10, 0x04, 0x00, 0x00, 0x00, 0x00, 0x00, 0x00, 0x00, 0x00, 0x01, 0x00,
  0x01, 0x0c, 0x25, 0x10, 0x13, 0x17, 0x27, 0x2c, 0x04, 0x06, 0x04, 0x0b, 0x2c, 0x21, 0x4a, 0x8c,
  0x58, 0x85, 0xea, 0xf9, 0xf5, 0xcf, 0x51, 0x52, 0x62, 0x3c, 0x28, 0x0e, 0x07, 0x03, 0x03, 0x04,
  0x07, 0x05, 0x08, 0x0c, 0x09, 0x0c, 0x1a, 0x14, 0x11, 0x0c, 0x1a, 0x16, 0x12, 0x0b, 0x09, 0x1d,
  0x28, 0x18, 0x14, 0x0b, 0x0a, 0x13, 0x1e, 0x1f, 0x14, 0x09, 0x07, 0x0e, 0x07, 0x02, 0x03, 0x03,
  0x03, 0x02, 0x03, 0x03, 0x07, 0x09, 0x0e, 0x0f, 0x18, 0x36, 0x0b, 0x03, 0x02, 0x02, 0x00, 0x00,
  0x02, 0x04, 0x0e, 0x13, 0x14, 0x0a, 0x01, 0x01, 0x00, 0x02, 0x05, 0x01, 0x00, 0x00, 0x00, 0x00,
  0x00, 0x01, 0x00, 0x00, 0x00, 0x00, 0x02, 0x15, 0x0c, 0x03, 0x03, 0x05, 0x01, 0x00, 0x03, 0x07,
  0x05, 0x1a, 0x1c, 0x19, 0x20, 0x54, 0x1f, 0x0d, 0x0d, 0x09, 0x07, 0x05, 0x01, 0x01, 0x02, 0x00,
  0x03, 0x09, 0x15, 0x3f, 0x0f, 0x03, 0x01, 0x01, 0x01, 0x00, 0x01, 0x00, 0x00, 0x00, 0x00, 0x00,
  0x00, 0x00, 0x00, 0x00, 0x00, 0x00, 0x00, 0x00, 0x00, 0x00, 0x0b, 0x1c, 0x7b, 0xe9, 0x7d, 0x2b,
  0x06, 0x02, 0x00, 0x00, 0x00, 0x00, 0x00, 0x00, 0x00, 0x00, 0x00, 0x00, 0x00, 0x00, 0x00, 0x00,
  0x00, 0x00, 0x00, 0x00, 0x00, 0x00, 0x00, 0x00, 0x00, 0x00, 0x00, 0x00, 0x00, 0x00, 0x00, 0x00,
  0x00, 0x00, 0x00, 0x00, 0x00, 0x00, 0x00, 0x00, 0x00, 0x00, 0x00, 0x00, 0x00, 0x00, 0x00, 0x00,
  0x00, 0x00, 0x00, 0x00, 0x00, 0x00, 0x00, 0x00, 0x00, 0x00, 0x00, 0x00, 0x00, 0x00, 0x00, 0x00,
  0x00, 0x00, 0x00, 0x00, 0x00, 0x00, 0x00, 0x00, 0x00, 0x00, 0x00, 0x00, 0x00, 0x00, 0x00, 0x00,
  0x00, 0x00, 0x00, 0x00, 0x00, 0x05, 0x0d, 0x1f, 0x3d, 0x6d, 0xbf, 0xd0, 0x8d, 0x6a, 0x28, 0x0a,
  0x18, 0x06, 0x00, 0x02, 0x01, 0x00, 0x00, 0x00, 0x00, 0x00, 0x01, 0x1e, 0x2b, 0x22, 0x1c, 0x16,
  0x06, 0x15, 0x0f, 0x0c, 0x0d, 0x26, 0x35, 0x38, 0x96, 0x9f, 0x86, 0xe3, 0xf4, 0xf8, 0xeb, 0xa3,
  0x72, 0x75, 0x3d, 0x5a, 0x2c, 0x10, 0x05, 0x02, 0x04, 0x08, 0x15, 0x0d, 0x43, 0x48, 0x1f, 0x31,
  0x4b, 0x66, 0x47, 0x1c, 0x1d, 0x16, 0x1b, 0x2a, 0x20, 0x2b, 0x2c, 0x27, 0x1a, 0x08, 0x0d, 0x11,
  0x1a, 0x26, 0x09, 0x06, 0x09, 0x10, 0x06, 0x07, 0x05, 0x06, 0x01, 0x03, 0x04, 0x0c, 0x0d, 0x16,
  0x1c, 0x1d, 0x0f, 0x0f, 0x0a, 0x00, 0x05, 0x06, 0x02, 0x01, 0x00, 0x01, 0x04, 0x09, 0x08, 0x02,
  0x01, 0x01, 0x00, 0x06, 0x05, 0x06, 0x03, 0x01, 0x00, 0x00, 0x00, 0x00, 0x01, 0x00, 0x00, 0x01,
  0x02, 0x08, 0x07, 0x02, 0x01, 0x0a, 0x05, 0x05, 0x03, 0x08, 0x08, 0x1e, 0x0f, 0x10, 0x19, 0x36,
  0x37, 0x21, 0x18, 0x0e, 0x11, 0x06, 0x02, 0x00, 0x00, 0x00, 0x06, 0x0c, 0x08, 0x4d, 0x14, 0x05,
  0x01, 0x00, 0x00, 0x00, 0x01, 0x00, 0x00, 0x00, 0x00, 0x00, 0x01, 0x01, 0x00, 0x00, 0x00, 0x00,
  0x00, 0x00, 0x00, 0x00, 0x04, 0x12, 0x30, 0x6c, 0x3f, 0x0e, 0x03, 0x00, 0x00, 0x00, 0x00, 0x00,
  0x00, 0x00, 0x00, 0x00, 0x00, 0x00, 0x00, 0x00, 0x00, 0x00, 0x00, 0x00, 0x00, 0x00, 0x00, 0x00,
  0x00, 0x00, 0x00, 0x00, 0x00, 0x00, 0x00, 0x00, 0x00, 0x00, 0x00, 0x00, 0x00, 0x00, 0x00, 0x00,
  0x00, 0x00, 0x00, 0x00, 0x00, 0x00, 0x00, 0x00, 0x00, 0x00, 0x00, 0x00, 0x00, 0x00, 0x00, 0x00,
  0x00, 0x00, 0x00, 0x00, 0x00, 0x00, 0x00, 0x00, 0x00, 0x00, 0x00, 0x00, 0x00, 0x00, 0x00, 0x00,
  0x00, 0x00, 0x00, 0x00, 0x00, 0x00, 0x00, 0x00, 0x00, 0x00, 0x00, 0x00, 0x00, 0x00, 0x00, 0x01,
  0x04, 0x02, 0x1f, 0x42, 0x89, 0xd6, 0xd6, 0xbe, 0x6a, 0x16, 0x21, 0x2c, 0x0a, 0x00, 0x00, 0x00,
  0x01, 0x00, 0x03, 0x01, 0x01, 0x08, 0x19, 0x38, 0x13, 0x13, 0x04, 0x00, 0x06, 0x0a, 0x27, 0x57,
  0x3b, 0x7e, 0xbf, 0xbd, 0xdc, 0xf6, 0xf6, 0xfa, 0xb4, 0x9c, 0x9b, 0x2d, 0x54, 0x51, 0x2d, 0x16,
  0x10, 0x07, 0x06, 0x18, 0x1c, 0x33, 0x72, 0x34, 0x22, 0x24, 0x2f, 0x36, 0x1c, 0x2e, 0x2f, 0x18,
  0x1d, 0x24, 0x27, 0x5c, 0x5a, 0x36, 0x13, 0x22, 0x3e, 0x1a, 0x19, 0x28, 0x0c, 0x1b, 0x26, 0x13,
  0x0d, 0x0a, 0x23, 0x0e, 0x05, 0x0b, 0x06, 0x27, 0x24, 0x15, 0x15, 0x1c, 0x11, 0x1e, 0x19, 0x1b,
  0x0a, 0x07, 0x03, 0x01, 0x01, 0x00, 0x00, 0x02, 0x02, 0x00, 0x00, 0x00, 0x00, 0x03, 0x00, 0x00,
  0x0a, 0x0f, 0x00, 0x01, 0x00, 0x01, 0x02, 0x01, 0x01, 0x00, 0x02, 0x03, 0x02, 0x05, 0x09, 0x10,
  0x0c, 0x09, 0x11, 0x10, 0x11, 0x76, 0x3d, 0x16, 0x23, 0x42, 0x69, 0x69, 0x3a, 0x22, 0x17, 0x06,
  0x04, 0x04, 0x01, 0x00, 0x01, 0x0e, 0x0a, 0x2c, 0x33, 0x02, 0x04, 0x01, 0x01, 0x01, 0x00, 0x00,
  0x00, 0x00, 0x00, 0x00, 0x00, 0x00, 0x00, 0x00, 0x00, 0x00, 0x00, 0x00, 0x00, 0x00, 0x06, 0x04,
  0x0d, 0x15, 0x0c, 0x09, 0x00, 0x00, 0x00, 0x00, 0x00, 0x00, 0x00, 0x00, 0x00, 0x00, 0x00, 0x00,
  0x00, 0x00, 0x00, 0x00, 0x00, 0x00, 0x00, 0x00, 0x00, 0x00, 0x00, 0x00, 0x00, 0x00, 0x00, 0x00,
  0x00, 0x00, 0x00, 0x00, 0x00, 0x00, 0x00, 0x00, 0x00, 0x00, 0x00, 0x00, 0x00, 0x00, 0x00, 0x00,
  0x00, 0x00, 0x00, 0x00, 0x00, 0x00, 0x00, 0x00, 0x00, 0x00, 0x00, 0x00, 0x00, 0x00, 0x00, 0x00,
  0x00, 0x00, 0x00, 0x00, 0x00, 0x00, 0x00, 0x00, 0x00, 0x00, 0x00, 0x00, 0x00, 0x00, 0x00, 0x00,
  0x00, 0x00, 0x00, 0x00, 0x00, 0x00, 0x00, 0x00, 0x00, 0x00, 0x02, 0x07, 0x0c, 0x12, 0x2a, 0x71,
  0xbc, 0xda, 0xd5, 0x8b, 0x43, 0x2b, 0x25, 0x11, 0x04, 0x04, 0x00, 0x02, 0x02, 0x0d, 0x1e, 0x12,
  0x20, 0x2c, 0x1f, 0x0a, 0x01, 0x10, 0x20, 0x0e, 0x3e, 0x7f, 0x61, 0xc7, 0xc9, 0xe1, 0xf8, 0xf8,
  0xf7, 0xeb, 0xa5, 0xb8, 0x78, 0x6d, 0x6a, 0x63, 0x49, 0x0f, 0x1d, 0x1c, 0x0b, 0x22, 0x38, 0x60,
  0x46, 0x1f, 0x26, 0x36, 0x95, 0x4c, 0x22, 0x59, 0x25, 0x1e, 0x27, 0x1c, 0x15, 0x2e, 0x89, 0x8a,
  0x37, 0x35, 0x22, 0x22, 0x1b, 0x27, 0x0b, 0x11, 0x2d, 0x15, 0x0f, 0x13, 0x29, 0x1f, 0x0a, 0x17,
  0x23, 0x46, 0x47, 0x24, 0x20, 0x20, 0x32, 0x32, 0x17, 0x25, 0x26, 0x0d, 0x01, 0x01, 0x00, 0x00,
  0x03, 0x02, 0x00, 0x00, 0x01, 0x02, 0x01, 0x00, 0x25, 0x13, 0x0d, 0x0c, 0x01, 0x02, 0x06, 0x08,
  0x01, 0x05, 0x0d, 0x05, 0x04, 0x02, 0x06, 0x09, 0x12, 0x26, 0x3e, 0x2f, 0x12, 0x2d, 0x2d, 0xb0,
  0x4a, 0x12, 0x1b, 0x34, 0x71, 0x58, 0x47, 0x55, 0x70, 0x49, 0x09, 0x0b, 0x05, 0x07, 0x05, 0x18,
  0x2f, 0x31, 0x45, 0x05, 0x06, 0x02, 0x03, 0x04, 0x03, 0x00, 0x01, 0x02, 0x00, 0x00, 0x01, 0x00,
  0x00, 0x00, 0x00, 0x00, 0x00, 0x00, 0x00, 0x00, 0x02, 0x02, 0x07, 0x0a, 0x06, 0x03, 0x00, 0x00,
  0x00, 0x00, 0x00, 0x00, 0x00, 0x00, 0x00, 0x00, 0x00, 0x00, 0x00, 0x00, 0x00, 0x00, 0x00, 0x00,
  0x00, 0x00, 0x00, 0x00, 0x00, 0x00, 0x00, 0x00, 0x00, 0x00, 0x00, 0x00, 0x00, 0x00, 0x00, 0x00,
  0x00, 0x00, 0x00, 0x00, 0x00, 0x00, 0x00, 0x00, 0x00, 0x00, 0x00, 0x00, 0x00, 0x00, 0x00, 0x00,
  0x00, 0x00, 0x00, 0x00, 0x00, 0x00, 0x00, 0x00, 0x00, 0x00, 0x00, 0x00, 0x00, 0x00, 0x00, 0x00,
  0x00, 0x00, 0x00, 0x00, 0x00, 0x00, 0x00, 0x00, 0x00, 0x00, 0x00, 0x00, 0x00, 0x00, 0x00, 0x00,
  0x00, 0x00, 0x00, 0x01, 0x00, 0x03, 0x15, 0x1a, 0x08, 0x0b, 0x45, 0xb9, 0xde, 0xd5, 0xcc, 0x71,
  0x1a, 0x1d, 0x11, 0x07, 0x07, 0x0d, 0x04, 0x0d, 0x25, 0x1d, 0x26, 0x1d, 0x1c, 0x20, 0x09, 0x31,
  0x7b, 0x1f, 0x4b, 0x60, 0x90, 0xde, 0xd9, 0xeb, 0xf9, 0xfc, 0xfb, 0xe6, 0xd9, 0x93, 0x76, 0xc3,
  0x5d, 0x57, 0x22, 0x3c, 0x91, 0x6a, 0x34, 0x5d, 0x2c, 0x4d, 0x35, 0x52, 0x5d, 0x38, 0x5a, 0x12,
  0x1e, 0x43, 0x2e, 0x1b, 0x19, 0x18, 0x22, 0x18, 0x78, 0x63, 0x30, 0x45, 0x2c, 0x37, 0x08, 0x17,
  0x34, 0x28, 0x05, 0x09, 0x06, 0x14, 0x17, 0x2e, 0x1d, 0x13, 0x4a, 0x2c, 0x27, 0x61, 0x58, 0x2e,
  0x47, 0x42, 0x41, 0x64, 0x2e, 0x0d, 0x00, 0x01, 0x00, 0x00, 0x04, 0x09, 0x01, 0x01, 0x01, 0x02,
  0x03, 0x0d, 0x51, 0x40, 0x45, 0x07, 0x08, 0x02, 0x03, 0x06, 0x00, 0x0d, 0x03, 0x18, 0x21, 0x01,
  0x0a, 0x11, 0x09, 0x07, 0x1a, 0x39, 0x23, 0x37, 0x39, 0x8d, 0x7b, 0x2f, 0x52, 0x50, 0x12, 0x5e,
  0x71, 0x3a, 0x78, 0x5e, 0x1c, 0x09, 0x0d, 0x09, 0x1a, 0x30, 0x55, 0x7c, 0x59, 0x75, 0x58, 0x0c,
  0x01, 0x00, 0x02, 0x01, 0x07, 0x05, 0x00, 0x00, 0x00, 0x00, 0x00, 0x00, 0x00, 0x00, 0x00, 0x00,
  0x01, 0x02, 0x00, 0x03, 0x05, 0x14, 0x0f, 0x00, 0x00, 0x00, 0x00, 0x02, 0x02, 0x00, 0x00, 0x00,
  0x00, 0x00, 0x00, 0x00, 0x00, 0x00, 0x00, 0x00, 0x00, 0x00, 0x00, 0x00, 0x00, 0x00, 0x00, 0x00,
  0x00, 0x00, 0x00, 0x00, 0x00, 0x00, 0x00, 0x00, 0x00, 0x00, 0x00, 0x00, 0x00, 0x00, 0x00, 0x00,
  0x00, 0x00, 0x00, 0x00, 0x00, 0x00, 0x00, 0x00, 0x00, 0x00, 0x00, 0x00, 0x00, 0x00, 0x00, 0x00,
  0x00, 0x00, 0x00, 0x00, 0x00, 0x00, 0x00, 0x00, 0x00, 0x00, 0x00, 0x00, 0x00, 0x00, 0x00, 0x00,
  0x00, 0x00, 0x00, 0x00, 0x00, 0x00, 0x00, 0x00, 0x00, 0x00, 0x00, 0x01, 0x01, 0x00, 0x00, 0x00,
  0x04, 0x18, 0x1e, 0x18, 0x1e, 0x4c, 0xa3, 0xd8, 0xe3, 0xea, 0xa6, 0x48, 0x14, 0x16, 0x16, 0x17,
  0x15, 0x0f, 0x19, 0x44, 0x65, 0x60, 0x44, 0x34, 0x20, 0x34, 0x76, 0x5c, 0x84, 0x89, 0xde, 0xe7,
  0xed, 0xf2, 0xfa, 0xfa, 0xf3, 0xcf, 0xa7, 0x8e, 0xd8, 0xa0, 0x30, 0x1c, 0x22, 0x7b, 0xaa, 0x6b,
  0x2c, 0x3d, 0x1e, 0x30, 0x45, 0x73, 0x35, 0x43, 0x4d, 0x4c, 0x5a, 0x5a, 0x5f, 0x61, 0x35, 0x30,
  0x26, 0x48, 0x56, 0x45, 0x61, 0x47, 0x4d, 0x59, 0x5f, 0x64, 0x50, 0x63, 0x0a, 0x13, 0x06, 0x0b,
  0x1b, 0x30, 0x40, 0x29, 0x31, 0x4f, 0x60, 0x66, 0x6b, 0x80, 0x55, 0x4f, 0xca, 0xdc, 0x39, 0x0b,
  0x02, 0x01, 0x02, 0x00, 0x00, 0x07, 0x03, 0x03, 0x00, 0x03, 0x04, 0x14, 0x21, 0x21, 0x28, 0x04,
  0x09, 0x04, 0x12, 0x20, 0x27, 0x2e, 0x68, 0x7d, 0x41, 0x20, 0x18, 0x17, 0x10, 0x0a, 0x21, 0x4e,
  0x57, 0x60, 0x70, 0x50, 0x7c, 0x41, 0x8a, 0x94, 0x26, 0x70, 0x5a, 0x55, 0x6a, 0x47, 0x4d, 0x3b,
  0x17, 0x2b, 0x2e, 0x44, 0x79, 0xeb, 0x98, 0x4d, 0x39, 0x17, 0x0a, 0x03, 0x07, 0x01, 0x04, 0x03,
  0x00, 0x01, 0x00, 0x00, 0x01, 0x00, 0x00, 0x01, 0x00, 0x00, 0x00, 0x00, 0x00, 0x00, 0x01, 0x04,
  0x02, 0x01, 0x02, 0x02, 0x04, 0x02, 0x01, 0x00, 0x00, 0x00, 0x00, 0x00, 0x00, 0x00, 0x00, 0x00,
  0x00, 0x00, 0x00, 0x01, 0x00, 0x00, 0x00, 0x00, 0x01, 0x00, 0x00, 0x00, 0x00, 0x00, 0x00, 0x00,
  0x00, 0x00, 0x00, 0x00, 0x00, 0x00, 0x00, 0x00, 0x00, 0x00, 0x00, 0x00, 0x00, 0x00, 0x00, 0x00,
  0x00, 0x00, 0x00, 0x00, 0x00, 0x00, 0x00, 0x00, 0x00, 0x00, 0x00, 0x00, 0x00, 0x00, 0x00, 0x00,
  0x00, 0x00, 0x00, 0x00, 0x00, 0x00, 0x00, 0x00, 0x00, 0x00, 0x00, 0x00, 0x00, 0x00, 0x00, 0x00,
  0x00, 0x00, 0x00, 0x00, 0x00, 0x00, 0x00, 0x00, 0x01, 0x01, 0x00, 0x01, 0x10, 0x1a, 0x23, 0x29,
  0x3a, 0x7b, 0xd5, 0xd6, 0xf2, 0xd9, 0x7f, 0x21, 0x18, 0x28, 0x1c, 0x1b, 0x4a, 0x6a, 0x50, 0x69,
  0x60, 0x4d, 0x53, 0x43, 0x69, 0x59, 0xb0, 0xca, 0xe1, 0xdf, 0xf4, 0xf8, 0xf7, 0xf9, 0xe9, 0xc6,
  0xb8, 0xbf, 0x98, 0x4c, 0x30, 0x2e, 0x1c, 0x24, 0x58, 0x7c, 0x5c, 0x37, 0x55, 0x6e, 0x6b, 0x73,
  0x86, 0xc2, 0xa0, 0x8e, 0x8c, 0x6b, 0x6d, 0x6e, 0x63, 0x61, 0x39, 0x4a, 0x5c, 0x6b, 0xd9, 0x6a,
  0x51, 0x28, 0x41, 0x58, 0x44, 0x56, 0x1c, 0x1b, 0x10, 0x1a, 0x4e, 0x53, 0x69, 0x4d, 0x63, 0x60,
  0x69, 0x6e, 0x7a, 0x6f, 0x55, 0x3e, 0xaf, 0xad, 0x27, 0x0d, 0x05, 0x01, 0x00, 0x01, 0x02, 0x0a,
  0x03, 0x00, 0x02, 0x02, 0x02, 0x10, 0x0c, 0x1d, 0x39, 0x12, 0x14, 0x0e, 0x07, 0x3d, 0xae, 0x6b,
  0x5e, 0x7a, 0x58, 0x39, 0x2e, 0x30, 0x19, 0x2e, 0x54, 0x77, 0x82, 0x7f, 0x95, 0xa7, 0x89, 0x55,
  0x87, 0xd1, 0xb6, 0x5c, 0x33, 0x3b, 0x7a, 0x9f, 0x62, 0x53, 0x1b, 0x30, 0x6c, 0x81, 0x8c, 0x86,
  0x7d, 0x5e, 0x04, 0x10, 0x0b, 0x05, 0x0c, 0x0d, 0x03, 0x00, 0x02, 0x00, 0x00, 0x00, 0x00, 0x00,
  0x00, 0x00, 0x00, 0x00, 0x00, 0x00, 0x01, 0x02, 0x00, 0x00, 0x00, 0x00, 0x00, 0x00, 0x02, 0x01,
  0x00, 0x00, 0x00, 0x00, 0x00, 0x00, 0x00, 0x00, 0x00, 0x00, 0x00, 0x00, 0x00, 0x00, 0x00, 0x00,
  0x00, 0x00, 0x00, 0x00, 0x00, 0x00, 0x00, 0x00, 0x00, 0x00, 0x00, 0x00, 0x00, 0x00, 0x00, 0x00,
  0x00, 0x00, 0x00, 0x00, 0x00, 0x00, 0x00, 0x00, 0x00, 0x00, 0x00, 0x00, 0x00, 0x00, 0x00, 0x00,
  0x00, 0x00, 0x00, 0x00, 0x00, 0x00, 0x00, 0x00, 0x00, 0x00, 0x00, 0x00, 0x00, 0x00, 0x00, 0x00,
  0x00, 0x00, 0x00, 0x00, 0x00, 0x00, 0x00, 0x00, 0x00, 0x00, 0x00, 0x00, 0x00, 0x00, 0x00, 0x00,
  0x00, 0x00, 0x00, 0x00, 0x00, 0x00, 0x00, 0x16, 0x2a, 0x25, 0x38, 0x32, 0x8f, 0xef, 0xe5, 0xe5,
  0xe7, 0xa6, 0x48, 0x2d, 0x33, 0x27, 0x6e, 0x91, 0x29, 0x70, 0x45, 0x85, 0xbc, 0x94, 0x6a, 0x3f,
  0xbc, 0xf4, 0xed, 0xf3, 0xf6, 0xf7, 0xf8, 0xf7, 0xec, 0xc5, 0xcf, 0xbe, 0x66, 0x83, 0x48, 0x35,
  0x4c, 0x60, 0xab, 0xca, 0xc3, 0xcc, 0xb5, 0x95, 0xa3, 0xac, 0x7a, 0x72, 0x60, 0x51, 0x48, 0x85,
  0x96, 0xa0, 0xad, 0xa7, 0x77, 0x68, 0x57, 0x82, 0x6f, 0x72, 0x7a, 0x86, 0x6d, 0x63, 0x70, 0x6c,
  0x80, 0x38, 0x42, 0x7a, 0xa0, 0x77, 0x41, 0x54, 0x76, 0x9c, 0x99, 0x94, 0xa6, 0x9a, 0x6e, 0x73,
  0x4a, 0x39, 0x22, 0x06, 0x02, 0x02, 0x01, 0x00, 0x09, 0x0f, 0x05, 0x02, 0x04, 0x02, 0x0a, 0x07,
  0x07, 0x0a, 0x5b, 0xab, 0x32, 0x1f, 0x1f, 0x49, 0x62, 0x50, 0x32, 0x56, 0x66, 0xa0, 0x65, 0x4c,
  0x33, 0x49, 0x84, 0x91, 0x9f, 0x8f, 0x89, 0xca, 0xd8, 0xdb, 0xe7, 0xf9, 0xff, 0xf1, 0xc6, 0x68,
  0x7a, 0xdb, 0xb7, 0x5e, 0x5d, 0x22, 0x5c, 0x78, 0x7f, 0x5b, 0x99, 0x92, 0x51, 0x4b, 0x17, 0x15,
  0x13, 0x18, 0x06, 0x03, 0x01, 0x00, 0x00, 0x00, 0x00, 0x00, 0x00, 0x00, 0x00, 0x00, 0x00, 0x00,
  0x01, 0x01, 0x01, 0x01, 0x00, 0x00, 0x00, 0x04, 0x01, 0x00, 0x00, 0x00, 0x00, 0x01, 0x01, 0x00,
  0x00, 0x00, 0x00, 0x00, 0x00, 0x00, 0x00, 0x00, 0x00, 0x00, 0x00, 0x00, 0x00, 0x00, 0x00, 0x00,
  0x00, 0x00, 0x00, 0x00, 0x00, 0x00, 0x00, 0x00, 0x00, 0x00, 0x00, 0x00, 0x00, 0x00, 0x00, 0x00,
  0x00, 0x00, 0x00, 0x00, 0x00, 0x00, 0x00, 0x00, 0x00, 0x00, 0x00, 0x00, 0x00, 0x00, 0x00, 0x00,
  0x00, 0x00, 0x00, 0x00, 0x00, 0x00, 0x00, 0x00, 0x00, 0x00, 0x00, 0x00, 0x00, 0x00, 0x00, 0x00,
  0x00, 0x00, 0x00, 0x00, 0x00, 0x00, 0x00, 0x00, 0x00, 0x00, 0x00, 0x00, 0x00, 0x00, 0x00, 0x00,
  0x01, 0x07, 0x12, 0x2e, 0x36, 0x2c, 0x3f, 0xae, 0xf2, 0xfa, 0xee, 0xf4, 0xcf, 0x70, 0x4d, 0x3b,
  0x76, 0xb8, 0x92, 0x6d, 0x47, 0x50, 0xcc, 0xad, 0x97, 0xb9, 0xdf, 0xf8, 0xf3, 0xfb, 0xfc, 0xf9,
  0xf3, 0xf0, 0xe8, 0xec, 0xed, 0xb4, 0x9d, 0x7c, 0x50, 0x50, 0x7c, 0x7e, 0xc1, 0xc2, 0xdf, 0xd4,
  0xb6, 0x8a, 0x88, 0x82, 0x98, 0xb9, 0xc6, 0xb3, 0x80, 0xa9, 0xb7, 0xac, 0xbc, 0x94, 0x74, 0xab,
  0xa4, 0x97, 0x82, 0x70, 0x90, 0x9a, 0x77, 0x78, 0x56, 0x5e, 0x69, 0x41, 0x3d, 0x47, 0x62, 0x66,
  0x52, 0x3a, 0x63, 0xcb, 0xb7, 0x8b, 0xb4, 0xb3, 0xa6, 0xa2, 0x45, 0x3d, 0x1a, 0x12, 0x05, 0x01,
  0x03, 0x02, 0x08, 0x0a, 0x04, 0x03, 0x04, 0x0c, 0x17, 0x0b, 0x1e, 0x1b, 0x4e, 0x77, 0x36, 0x45,
  0x22, 0x30, 0x69, 0xa3, 0xaa, 0x9d, 0x46, 0x5c, 0x3a, 0x62, 0x74, 0xa3, 0xcf, 0xc9, 0xd0, 0xc6,
  0xc4, 0xd3, 0xde, 0xde, 0xff, 0xcc, 0xb0, 0xc0, 0xba, 0xa4, 0x91, 0xd6, 0xdf, 0x81, 0x6c, 0x58,
  0x7c, 0xbb, 0xc0, 0xb4, 0xde, 0xc0, 0x81, 0x59, 0x99, 0x43, 0x4c, 0x19, 0x05, 0x04, 0x02, 0x00,
  0x00, 0x00, 0x00, 0x01, 0x00, 0x01, 0x01, 0x00, 0x00, 0x00, 0x00, 0x00, 0x00, 0x00, 0x00, 0x00,
  0x00, 0x03, 0x01, 0x00, 0x00, 0x00, 0x00, 0x00, 0x00, 0x00, 0x00, 0x00, 0x00, 0x00, 0x00, 0x00,
  0x00, 0x00, 0x00, 0x00, 0x00, 0x00, 0x00, 0x00, 0x00, 0x00, 0x00, 0x00, 0x00, 0x00, 0x00, 0x00,
  0x00, 0x00, 0x00, 0x00, 0x00, 0x00, 0x00, 0x00, 0x00, 0x00, 0x00, 0x00, 0x00, 0x00, 0x00, 0x00,
  0x00, 0x00, 0x00, 0x00, 0x00, 0x00, 0x00, 0x00, 0x00, 0x00, 0x00, 0x00, 0x00, 0x00, 0x00, 0x00,
  0x00, 0x00, 0x00, 0x00, 0x00, 0x00, 0x00, 0x00, 0x00, 0x00, 0x00, 0x00, 0x00, 0x00, 0x00, 0x00,
  0x00, 0x00, 0x00, 0x00, 0x00, 0x00, 0x00, 0x00, 0x00, 0x01, 0x00, 0x08, 0x11, 0x29, 0x47, 0x5f,
  0x3d, 0x44, 0x95, 0xf7, 0xff, 0xed, 0xfc, 0xe5, 0x91, 0x76, 0x8a, 0x7f, 0x87, 0x9d, 0x8e, 0x83,
  0xd8, 0xc3, 0xbb, 0xf4, 0xf5, 0xf8, 0xfa, 0xfa, 0xfa, 0xfa, 0xef, 0xec, 0xf1, 0xf9, 0xee, 0xbc,
  0x96, 0x87, 0x63, 0x6f, 0x91, 0xaf, 0xcf, 0xc4, 0xbf, 0xcc, 0xc2, 0xac, 0xb9, 0xb7, 0xe1, 0xda,
  0xe0, 0xcb, 0xac, 0xae, 0xad, 0xbb, 0xbc, 0xb1, 0xcb, 0xbd, 0xbc, 0xe5, 0xe0, 0xc7, 0x9f, 0x99,
  0x88, 0x90, 0x8b, 0x6d, 0x83, 0x95, 0x8f, 0x7f, 0x74, 0x9d, 0x99, 0xa7, 0xb3, 0x97, 0x97, 0xa9,
  0x8b, 0x71, 0x8b, 0x7e, 0x28, 0x37, 0x25, 0x0e, 0x09, 0x03, 0x04, 0x07, 0x0a, 0x07, 0x02, 0x01,
  0x06, 0x08, 0x14, 0x16, 0x1f, 0x34, 0x69, 0x78, 0x7c, 0x84, 0x49, 0x56, 0x53, 0x5c, 0x99, 0x85,
  0x84, 0x65, 0x8d, 0xc9, 0xba, 0xc1, 0xee, 0xeb, 0xda, 0xde, 0xfc, 0xd6, 0xd0, 0xf8, 0xf2, 0xda,
  0xc1, 0xd6, 0xd7, 0xd3, 0xdd, 0xbe, 0xca, 0xad, 0xa9, 0x94, 0x8d, 0xac, 0xa9, 0xc2, 0xe2, 0xf0,
  0xfa, 0xc4, 0xc5, 0x75, 0x46, 0x10, 0x02, 0x00, 0x00, 0x04, 0x02, 0x02, 0x00, 0x00, 0x00, 0x00,
  0x00, 0x00, 0x00, 0x00, 0x00, 0x00, 0x00, 0x00, 0x00, 0x00, 0x00, 0x00, 0x00, 0x00, 0x00, 0x01,
  0x00, 0x09, 0x2d, 0x03, 0x00, 0x00, 0x00, 0x00, 0x00, 0x00, 0x00, 0x00, 0x00, 0x00, 0x00, 0x00,
  0x00, 0x00, 0x00, 0x00, 0x00, 0x00, 0x00, 0x00, 0x00, 0x00, 0x00, 0x00, 0x00, 0x00, 0x00, 0x00,
  0x00, 0x00, 0x00, 0x00, 0x00, 0x00, 0x00, 0x00, 0x00, 0x00, 0x00, 0x00, 0x00, 0x00, 0x00, 0x00,
  0x00, 0x00, 0x00, 0x00, 0x00, 0x00, 0x00, 0x00, 0x00, 0x00, 0x00, 0x00, 0x00, 0x00, 0x00, 0x00,
  0x00, 0x00, 0x00, 0x00, 0x00, 0x00, 0x00, 0x00, 0x00, 0x00, 0x00, 0x00, 0x00, 0x00, 0x00, 0x00,
  0x00, 0x00, 0x00, 0x00, 0x01, 0x01, 0x06, 0x13, 0x18, 0x2d, 0x67, 0x72, 0x4c, 0x7c, 0xeb, 0xf5,
  0xed, 0xf9, 0xf2, 0xc2, 0xbd, 0xad, 0x9e, 0xb4, 0xc1, 0xcc, 0xe0, 0xe9, 0xe9, 0xf2, 0xf8, 0xfa,
  0xfa, 0xf9, 0xfa, 0xf8, 0xf4, 0xf8, 0xf9, 0xe4, 0xd5, 0xcc, 0x90, 0x84, 0x97, 0x9f, 0x93, 0xcb,
  0xd3, 0xca, 0xc7, 0xb6, 0xbf, 0xd8, 0xdb, 0xea, 0xd7, 0xa9, 0xc3, 0xd1, 0xe9, 0xc2, 0xae, 0xc7,
  0xc8, 0xd0, 0xd4, 0xdb, 0xda, 0xe5, 0xf0, 0xe1, 0xb8, 0xd3, 0xc2, 0xaf, 0xcd, 0xa6, 0x8c, 0x95,
  0xa3, 0xb4, 0xc0, 0xca, 0xb1, 0xce, 0xba, 0xa6, 0xbd, 0x90, 0x7a, 0x79, 0x5b, 0x6d, 0x6d, 0x3c,
  0x8d, 0x1f, 0x0c, 0x0b, 0x00, 0x00, 0x04, 0x01, 0x00, 0x00, 0x06, 0x0c, 0x18, 0x49, 0x4a, 0x50,
  0x58, 0x86, 0xb0, 0x78, 0x7c, 0x76, 0x65, 0x5b, 0x69, 0x77, 0xbb, 0xd2, 0xdf, 0xf0, 0xe1, 0xf1,
  0xf1, 0xd8, 0xdf, 0xe5, 0xeb, 0xf7, 0xeb, 0xe1, 0xf9, 0xff, 0xdd, 0xf5, 0xfd, 0xf0, 0xf3, 0xe0,
  0xdd, 0xde, 0xe9, 0xd9, 0xd0, 0xf1, 0xca, 0xe5, 0xee, 0xe5, 0xdc, 0xb8, 0xa4, 0x9a, 0x4a, 0x0d,
  0x0d, 0x0a, 0x05, 0x19, 0x0a, 0x04, 0x00, 0x00, 0x00, 0x00, 0x00, 0x00, 0x00, 0x00, 0x00, 0x00,
  0x00, 0x01, 0x05, 0x00, 0x00, 0x00, 0x00, 0x00, 0x00, 0x02, 0x00, 0x46, 0x81, 0x03, 0x00, 0x00,
  0x00, 0x00, 0x00, 0x00, 0x00, 0x00, 0x00, 0x00, 0x00, 0x00, 0x00, 0x00, 0x00, 0x00, 0x00, 0x00,
  0x00, 0x00, 0x00, 0x00, 0x00, 0x00, 0x00, 0x00, 0x00, 0x00, 0x00, 0x00, 0x00, 0x00, 0x00, 0x00,
  0x00, 0x00, 0x00, 0x00, 0x00, 0x00, 0x00, 0x00, 0x00, 0x00, 0x00, 0x00, 0x00, 0x00, 0x00, 0x00,
  0x00, 0x00, 0x00, 0x00, 0x00, 0x00, 0x00, 0x00, 0x00, 0x00, 0x00, 0x00, 0x00, 0x00, 0x00, 0x00,
  0x00, 0x00, 0x00, 0x00, 0x00, 0x00, 0x00, 0x00, 0x00, 0x00, 0x00, 0x00, 0x00, 0x00, 0x01, 0x03,
  0x01, 0x07, 0x23, 0x12, 0x32, 0x99, 0x7f, 0x4b, 0x78, 0xd5, 0xf6, 0xf2, 0xf6, 0xf3, 0xdd, 0xc5,
  0xba, 0xde, 0xd3, 0xc1, 0xee, 0xeb, 0xef, 0xf4, 0xfa, 0xfb, 0xf8, 0xfb, 0xf9, 0xf7, 0xf5, 0xf8,
  0xf6, 0xe4, 0xcd, 0xa8, 0xad, 0xae, 0xae, 0xc1, 0xcf, 0xf2, 0xea, 0xd6, 0xe3, 0xdc, 0xdc, 0xed,
  0xeb, 0xec, 0xf1, 0xf5, 0xf6, 0xf6, 0xf2, 0xe8, 0xcf, 0xed, 0xe6, 0xdc, 0xee, 0xf1, 0xea, 0xf1,
  0xea, 0xe2, 0xd9, 0xd8, 0xd4, 0xd8, 0xdd, 0xd8, 0xda, 0xb9, 0xcd, 0xcf, 0xdb, 0xc5, 0xd3, 0xc2,
  0xcc, 0xd0, 0xa9, 0x83, 0x80, 0x5e, 0x60, 0x68, 0x67, 0x44, 0x90, 0x6b, 0x0b, 0x20, 0x12, 0x12,
  0x0c, 0x12, 0x0d, 0x0d, 0x0e, 0x17, 0x4a, 0x78, 0x77, 0x72, 0x8d, 0xb4, 0x9a, 0x9d, 0xa6, 0xc7,
  0xb0, 0xb8, 0xca, 0xc0, 0xd2, 0xee, 0xef, 0xf6, 0xf6, 0xed, 0xfc, 0xf2, 0xf7, 0xf7, 0xf3, 0xfc,
  0xe7, 0xd1, 0xfd, 0xfa, 0xeb, 0xed, 0xf9, 0xf7, 0xf6, 0xfa, 0xe7, 0xe6, 0xf0, 0xd4, 0xd7, 0xf0,
  0xeb, 0xe6, 0xe0, 0xdc, 0xe4, 0xdd, 0xd2, 0xc2, 0x5c, 0x0e, 0x43, 0x51, 0x24, 0x1e, 0x07, 0x06,
  0x06, 0x01, 0x00, 0x01, 0x00, 0x00, 0x00, 0x00, 0x00, 0x00, 0x00, 0x00, 0x01, 0x00, 0x00, 0x00,
  0x00, 0x00, 0x00, 0x00, 0x00, 0x25, 0x4b, 0x0f, 0x01, 0x00, 0x00, 0x00, 0x00, 0x00, 0x00, 0x00,
  0x00, 0x00, 0x00, 0x00, 0x00, 0x00, 0x01, 0x01, 0x00, 0x00, 0x00, 0x00, 0x00, 0x00, 0x00, 0x00,
  0x00, 0x00, 0x00, 0x00, 0x00, 0x00, 0x00, 0x00, 0x00, 0x00, 0x00, 0x00, 0x00, 0x00, 0x00, 0x00,
  0x00, 0x00, 0x00, 0x00, 0x00, 0x00, 0x00, 0x00, 0x00, 0x00, 0x00, 0x00, 0x00, 0x00, 0x00, 0x00,
  0x00, 0x00, 0x00, 0x00, 0x00, 0x00, 0x00, 0x00, 0x00, 0x00, 0x00, 0x00, 0x00, 0x00, 0x00, 0x00,
  0x00, 0x00, 0x00, 0x00, 0x00, 0x00, 0x01, 0x01, 0x03, 0x01, 0x01, 0x03, 0x03, 0x0d, 0x09, 0x32,
  0x6c, 0x83, 0x6f, 0x96, 0xee, 0xf8, 0xfb, 0xf5, 0xfa, 0xe9, 0xdc, 0xe4, 0xe8, 0xed, 0xf6, 0xf5,
  0xf6, 0xf8, 0xfb, 0xfa, 0xf9, 0xfa, 0xf8, 0xfa, 0xf4, 0xf6, 0xfb, 0xda, 0xd3, 0xe0, 0xd8, 0xcd,
  0xcc, 0xe7, 0xf7, 0xef, 0xed, 0xec, 0xf0, 0xef, 0xe7, 0xe4, 0xe4, 0xef, 0xf5, 0xf3, 0xf9, 0xf9,
  0xf2, 0xee, 0xea, 0xef, 0xed, 0xee, 0xf1, 0xf6, 0xfa, 0xf6, 0xf4, 0xf4, 0xe8, 0xed, 0xee, 0xe3,
  0xe2, 0xe0, 0xe8, 0xeb, 0xe0, 0xe1, 0xf5, 0xee, 0xf3, 0xe3, 0xd8, 0xae, 0xae, 0xa4, 0x91, 0x87,
  0x81, 0x67, 0x49, 0x5d, 0x45, 0x76, 0x37, 0x28, 0x15, 0x44, 0x37, 0x5e, 0x33, 0x00, 0x08, 0x15,
  0x69, 0x9a, 0x93, 0xc0, 0xc8, 0xaa, 0xd6, 0xdf, 0xe7, 0xef, 0xe6, 0xe2, 0xda, 0xde, 0xea, 0xf6,
  0xf7, 0xfa, 0xf6, 0xfa, 0xfa, 0xfb, 0xfa, 0xf7, 0xfa, 0xfa, 0xff, 0xff, 0xfb, 0xfc, 0xf5, 0xf5,
  0xfd, 0xf9, 0xfa, 0xfc, 0xf6, 0xf4, 0xf9, 0xe9, 0xf3, 0xf4, 0xf3, 0xf1, 0xee, 0xf4, 0xfc, 0xf1,
  0xf1, 0xd7, 0xb3, 0x9e, 0x63, 0x3e, 0x35, 0x2b, 0x09, 0x29, 0x17, 0x00, 0x03, 0x02, 0x00, 0x00,
  0x00, 0x00, 0x00, 0x00, 0x00, 0x00, 0x00, 0x00, 0x00, 0x00, 0x00, 0x00, 0x00, 0x00, 0x01, 0x00,
  0x00, 0x02, 0x00, 0x00, 0x00, 0x00, 0x00, 0x00, 0x00, 0x00, 0x00, 0x00, 0x00, 0x00, 0x00, 0x00,
  0x00, 0x00, 0x00, 0x00, 0x00, 0x00, 0x00, 0x00, 0x00, 0x00, 0x00, 0x00, 0x00, 0x00, 0x00, 0x00,
  0x00, 0x00, 0x00, 0x00, 0x00, 0x00, 0x00, 0x00, 0x00, 0x00, 0x00, 0x00, 0x00, 0x00, 0x00, 0x00,
  0x00, 0x00, 0x00, 0x00, 0x00, 0x00, 0x00, 0x00, 0x00, 0x00, 0x00, 0x00, 0x00, 0x00, 0x00, 0x00,
  0x00, 0x00, 0x00, 0x00, 0x00, 0x00, 0x00, 0x00, 0x00, 0x00, 0x00, 0x00, 0x00, 0x00, 0x00, 0x00,
  0x00, 0x00, 0x00, 0x00, 0x00, 0x01, 0x02, 0x04, 0x0a, 0x0f, 0x35, 0x96, 0xab, 0xb6, 0xdc, 0xec,
  0xf6, 0xfb, 0xfa, 0xfd, 0xf5, 0xe8, 0xf4, 0xf8, 0xf5, 0xf8, 0xfb, 0xfb, 0xfd, 0xfa, 0xfb, 0xfa,
  0xfb, 0xfb, 0xf6, 0xfb, 0xf7, 0xe5, 0xde, 0xf3, 0xf2, 0xe3, 0xef, 0xf7, 0xed, 0xf4, 0xed, 0xf4,
  0xf7, 0xf4, 0xed, 0xf0, 0xf2, 0xf6, 0xf5, 0xf9, 0xfb, 0xfb, 0xf9, 0xf8, 0xfa, 0xf5, 0xf6, 0xf4,
  0xf6, 0xf6, 0xfb, 0xf7, 0xf8, 0xf7, 0xed, 0xf5, 0xf6, 0xf7, 0xea, 0xdd, 0xed, 0xf6, 0xef, 0xea,
  0xdc, 0xe7, 0xd4, 0xe4, 0xe7, 0xb2, 0xb7, 0xa8, 0x84, 0x7f, 0xb4, 0x46, 0x5e, 0x7a, 0x59, 0x5d,
  0x2e, 0x2f, 0x2d, 0x1a, 0x11, 0x27, 0x17, 0x37, 0x2f, 0x19, 0x89, 0x90, 0x9d, 0xca, 0xd7, 0xa4,
  0xd4, 0xe9, 0xdf, 0xf1, 0xe6, 0xe6, 0xeb, 0xf1, 0xf4, 0xfb, 0xfc, 0xfc, 0xfd, 0xfc, 0xfa, 0xf9,
  0xfc, 0xfa, 0xfa, 0xfa, 0xfb, 0xfc, 0xfc, 0xfa, 0xfa, 0xfb, 0xfd, 0xfd, 0xfd, 0xfb, 0xfa, 0xfa,
  0xfa, 0xf8, 0xfc, 0xf9, 0xef, 0xf5, 0xf9, 0xfb, 0xf0, 0xfa, 0xf5, 0xd7, 0xcf, 0xa4, 0x6d, 0x47,
  0x40, 0x36, 0x24, 0x33, 0x0e, 0x04, 0x0e, 0x04, 0x00, 0x00, 0x00, 0x00, 0x00, 0x00, 0x00, 0x00,
  0x00, 0x00, 0x00, 0x00, 0x00, 0x01, 0x00, 0x00, 0x05, 0x03, 0x05, 0x00, 0x00, 0x00, 0x00, 0x00,
  0x00, 0x00, 0x00, 0x00, 0x00, 0x00, 0x00, 0x00, 0x00, 0x00, 0x01, 0x00, 0x00, 0x00, 0x00, 0x00,
  0x00, 0x00, 0x00, 0x00, 0x00, 0x00, 0x00, 0x00, 0x00, 0x00, 0x00, 0x00, 0x00, 0x00, 0x00, 0x00,
  0x00, 0x00, 0x00, 0x00, 0x00, 0x00, 0x00, 0x00, 0x00, 0x00, 0x00, 0x00, 0x00, 0x00, 0x00, 0x00,
  0x00, 0x00, 0x00, 0x00, 0x00, 0x00, 0x00, 0x00, 0x00, 0x00, 0x00, 0x00, 0x00, 0x00, 0x00, 0x00,
  0x00, 0x00, 0x00, 0x00, 0x00, 0x00, 0x00, 0x00, 0x00, 0x00, 0x00, 0x00, 0x01, 0x01, 0x00, 0x00,
  0x01, 0x00, 0x14, 0x18, 0x22, 0x3e, 0x8b, 0xa0, 0x89, 0xb0, 0xe0, 0xf3, 0xfc, 0xfb, 0xfa, 0xfc,
  0xfa, 0xfb, 0xfa, 0xfb, 0xfc, 0xfd, 0xfd, 0xfc, 0xfc, 0xfb, 0xfb, 0xfb, 0xfb, 0xf9, 0xef, 0xef,
  0xf1, 0xf7, 0xf6, 0xf2, 0xf7, 0xf8, 0xfa, 0xfc, 0xf8, 0xf8, 0xf8, 0xfb, 0xfb, 0xfc, 0xfb, 0xfa,
  0xfc, 0xfd, 0xfc, 0xfb, 0xfc, 0xfd, 0xfc, 0xfd, 0xfc, 0xfc, 0xfc, 0xfd, 0xfd, 0xfe, 0xfd, 0xfd,
  0xfc, 0xfc, 0xfb, 0xfc, 0xfc, 0xff, 0xfe, 0xfa, 0xf9, 0xf9, 0xf7, 0xf9, 0xf9, 0xf7, 0xe9, 0xed,
  0xea, 0xd4, 0xc4, 0xa9, 0xad, 0x7c, 0x6b, 0x6a, 0x6e, 0x4b, 0x3f, 0x44, 0x31, 0x1f, 0x1c, 0x2b,
  0x24, 0x32, 0x41, 0x3a, 0x6d, 0xbd, 0xea, 0xe6, 0xde, 0xe5, 0xd8, 0xc5, 0xd4, 0xed, 0xf8, 0xfc,
  0xfa, 0xf9, 0xf9, 0xfc, 0xfc, 0xfd, 0xfb, 0xfc, 0xfd, 0xff, 0xfd, 0xfd, 0xfc, 0xfd, 0xfe, 0xfd,
  0xfc, 0xfb, 0xfc, 0xfe, 0xfc, 0xfc, 0xfc, 0xfb, 0xfb, 0xfa, 0xf9, 0xf8, 0xf9, 0xf9, 0xf7, 0xf9,
  0xf1, 0xf3, 0xf7, 0xf3, 0xdc, 0xb4, 0xb1, 0x93, 0x8e, 0x4e, 0x5c, 0x53, 0x30, 0x21, 0x18, 0x16,
  0x0d, 0x02, 0x01, 0x01, 0x00, 0x01, 0x01, 0x00, 0x00, 0x00, 0x00, 0x00, 0x01, 0x00, 0x00, 0x00,
  0x00, 0x00, 0x02, 0x00, 0x02, 0x02, 0x00, 0x03, 0x03, 0x00, 0x00, 0x00, 0x00, 0x00, 0x00, 0x00,
  0x00, 0x00, 0x00, 0x02, 0x05, 0x00, 0x00, 0x00, 0x00, 0x00, 0x00, 0x00, 0x00, 0x00, 0x00, 0x00,
  0x00, 0x00, 0x00, 0x00, 0x00, 0x00, 0x00, 0x00, 0x00, 0x00, 0x00, 0x00, 0x00, 0x00, 0x00, 0x00,
  0x00, 0x00, 0x00, 0x00, 0x00, 0x00, 0x00, 0x00, 0x00, 0x00, 0x00, 0x00, 0x00, 0x00, 0x00, 0x00,
  0x00, 0x00, 0x00, 0x00, 0x00, 0x00, 0x00, 0x00, 0x00, 0x00, 0x00, 0x00, 0x00, 0x00, 0x00, 0x00,
  0x00, 0x00, 0x00, 0x00, 0x00, 0x00, 0x00, 0x02, 0x00, 0x02, 0x07, 0x0f, 0x17, 0x24, 0x3a, 0x47,
  0x5e, 0xa7, 0xc2, 0xc2, 0xe5, 0xf9, 0xfa, 0xfc, 0xfb, 0xfc, 0xfc, 0xfa, 0xfc, 0xfd, 0xfc, 0xfd,
  0xfc, 0xfd, 0xfd, 0xfb, 0xfc, 0xfb, 0xfc, 0xf9, 0xf8, 0xf5, 0xf8, 0xfa, 0xf6, 0xf5, 0xf5, 0xf6,
  0xfd, 0xfb, 0xfb, 0xfb, 0xfa, 0xfb, 0xfc, 0xfc, 0xfb, 0xfc, 0xfd, 0xfe, 0xfc, 0xfc, 0xfc, 0xfd,
  0xfd, 0xfd, 0xfc, 0xfc, 0xfc, 0xfc, 0xfc, 0xfc, 0xfc, 0xfa, 0xfc, 0xfd, 0xfd, 0xfd, 0xfd, 0xfc,
  0xfd, 0xfc, 0xfe, 0xfc, 0xfd, 0xfd, 0xfd, 0xfd, 0xfe, 0xfa, 0xf5, 0xed, 0xdd, 0xdd, 0xd2, 0xb9,
  0xad, 0x70, 0x5c, 0x5e, 0x6f, 0x64, 0x47, 0x2a, 0x50, 0x5b, 0x32, 0x25, 0x5b, 0x60, 0x81, 0xe3,
  0xf4, 0xfa, 0xfc, 0xed, 0xac, 0xdc, 0xfb, 0xf5, 0xfc, 0xfb, 0xfb, 0xfa, 0xf8, 0xfc, 0xfd, 0xfd,
  0xfd, 0xfa, 0xfd, 0xff, 0xfd, 0xfd, 0xfd, 0xfc, 0xfe, 0xfc, 0xfc, 0xfd, 0xfb, 0xfd, 0xfa, 0xfa,
  0xfb, 0xfb, 0xfc, 0xfc, 0xfc, 0xfc, 0xfa, 0xfd, 0xfb, 0xf7, 0xf8, 0xf9, 0xfc, 0xf2, 0xf4, 0xe7,
  0xd3, 0xe2, 0xa4, 0x5d, 0x54, 0x62, 0x4c, 0x67, 0x4f, 0x1a, 0x06, 0x02, 0x02, 0x02, 0x01, 0x00,
  0x00, 0x00, 0x00, 0x00, 0x00, 0x05, 0x0a, 0x00, 0x01, 0x00, 0x00, 0x00, 0x00, 0x01, 0x03, 0x04,
  0x00, 0x00, 0x02, 0x02, 0x00, 0x00, 0x00, 0x00, 0x00, 0x00, 0x00, 0x00, 0x00, 0x02, 0x00, 0x00,
  0x00, 0x00, 0x00, 0x00, 0x00, 0x00, 0x00, 0x00, 0x00, 0x00, 0x00, 0x00, 0x00, 0x00, 0x00, 0x00,
  0x00, 0x00, 0x00, 0x00, 0x00, 0x00, 0x00, 0x00, 0x00, 0x00, 0x00, 0x00, 0x00, 0x00, 0x00, 0x00,
  0x00, 0x00, 0x00, 0x00, 0x00, 0x00, 0x00, 0x00, 0x00, 0x00, 0x00, 0x00, 0x00, 0x00, 0x00, 0x00,
  0x00, 0x00, 0x00, 0x00, 0x00, 0x00, 0x00, 0x00, 0x01, 0x00, 0x00, 0x00, 0x00, 0x01, 0x00, 0x00,
  0x01, 0x01, 0x05, 0x05, 0x08, 0x17, 0x19, 0x33, 0x43, 0x5d, 0x5d, 0x99, 0xcd, 0xba, 0xc9, 0xeb,
  0xf8, 0xfc, 0xfa, 0xfc, 0xfc, 0xfa, 0xfd, 0xfc, 0xfc, 0xfd, 0xfc, 0xfc, 0xfc, 0xfc, 0xfb, 0xfc,
  0xfb, 0xfa, 0xfb, 0xfb, 0xf9, 0xfb, 0xfd, 0xfc, 0xfb, 0xf9, 0xfb, 0xfe, 0xfc, 0xfb, 0xfa, 0xfb,
  0xfc, 0xfc, 0xfc, 0xfc, 0xfc, 0xfd, 0xfc, 0xfb, 0xfa, 0xfa, 0xfb, 0xfa, 0xf9, 0xfa, 0xfd, 0xff,
  0xff, 0xff, 0xff, 0xff, 0xff, 0xfc, 0xf8, 0xfa, 0xf9, 0xfa, 0xfa, 0xfb, 0xfc, 0xfc, 0xfb, 0xfc,
  0xfb, 0xfc, 0xfb, 0xfb, 0xf8, 0xf6, 0xf0, 0xf2, 0xeb, 0xe3, 0xd7, 0xc2, 0xa0, 0xa1, 0x97, 0x82,
  0x53, 0x42, 0x50, 0x60, 0x79, 0x23, 0x3e, 0xa8, 0xd6, 0xcf, 0xd5, 0xeb, 0xff, 0xdd, 0xf4, 0xfc,
  0xf8, 0xf9, 0xfd, 0xfc, 0xfc, 0xfd, 0xfb, 0xfd, 0xfc, 0xfa, 0xff, 0xff, 0xff, 0xfd, 0xfc, 0xfc,
  0xfc, 0xfb, 0xfc, 0xfb, 0xfc, 0xfb, 0xff, 0xff, 0xff, 0xff, 0xff, 0xff, 0xfc, 0xfa, 0xfa, 0xfc,
  0xf9, 0xfc, 0xfc, 0xfb, 0xfb, 0xfa, 0xfc, 0xfd, 0xf9, 0xf6, 0xe9, 0xef, 0xdc, 0xa4, 0x5b, 0x3a,
  0x37, 0x56, 0x50, 0x23, 0x0d, 0x00, 0x02, 0x00, 0x00, 0x00, 0x00, 0x00, 0x00, 0x00, 0x00, 0x06,
  0x0b, 0x00, 0x02, 0x01, 0x00, 0x03, 0x03, 0x02, 0x03, 0x04, 0x01, 0x00, 0x01, 0x00, 0x01, 0x00,
  0x00, 0x01, 0x01, 0x00, 0x00, 0x00, 0x00, 0x00, 0x00, 0x00, 0x00, 0x00, 0x00, 0x00, 0x00, 0x00,
  0x00, 0x00, 0x00, 0x00, 0x00, 0x00, 0x00, 0x00, 0x00, 0x00, 0x00, 0x00, 0x00, 0x00, 0x00, 0x00,
  0x00, 0x00, 0x00, 0x00, 0x00, 0x00, 0x00, 0x00, 0x00, 0x00, 0x00, 0x00, 0x00, 0x00, 0x00, 0x00,
  0x00, 0x00, 0x00, 0x00, 0x00, 0x00, 0x00, 0x00, 0x00, 0x00, 0x00, 0x00, 0x01, 0x00, 0x00, 0x00,
  0x00, 0x01, 0x01, 0x00, 0x00, 0x00, 0x00, 0x00, 0x00, 0x00, 0x00, 0x00, 0x07, 0x07, 0x0f, 0x0d,
  0x30, 0x4e, 0x5b, 0x62, 0x86, 0x9a, 0xba, 0xae, 0xc0, 0xe4, 0xf4, 0xfc, 0xfc, 0xfc, 0xf9, 0xfa,
  0xfd, 0xfd, 0xff, 0xfc, 0xfb, 0xfb, 0xfc, 0xfd, 0xfb, 0xfa, 0xfb, 0xfc, 0xfc, 0xf9, 0xfa, 0xfc,
  0xfc, 0xfa, 0xf9, 0xf8, 0xfc, 0xfd, 0xfc, 0xfb, 0xf9, 0xfc, 0xfc, 0xfe, 0xff, 0xfe, 0xfb, 0xfd,
  0xfd, 0xff, 0xff, 0xff, 0xff, 0xff, 0xff, 0xff, 0xf8, 0xe4, 0xdc, 0xdf, 0xe5, 0xd3, 0xd4, 0xff,
  0xff, 0xff, 0xff, 0xff, 0xff, 0xff, 0xfe, 0xfc, 0xff, 0xff, 0xff, 0xfa, 0xf9, 0xfa, 0xf9, 0xf9,
  0xf8, 0xf8, 0xf8, 0xf2, 0xe2, 0xe3, 0xdc, 0xde, 0xc1, 0xb5, 0xbc, 0x9a, 0xa5, 0xaa, 0x82, 0x87,
  0xbb, 0xe2, 0xfa, 0xf2, 0xee, 0xed, 0xfa, 0xff, 0xfe, 0xfa, 0xfa, 0xfa, 0xfc, 0xfb, 0xfc, 0xfa,
  0xf5, 0xfd, 0xff, 0xff, 0xf3, 0xda, 0xe9, 0xf5, 0xd9, 0xd6, 0xbf, 0xb0, 0xa6, 0xac, 0xa6, 0xb5,
  0x9d, 0x7b, 0x83, 0xaf, 0xb5, 0xdb, 0xfe, 0xff, 0xff, 0xfb, 0xfc, 0xfc, 0xfb, 0xfc, 0xfb, 0xfb,
  0xfb, 0xfe, 0xfd, 0xfc, 0xf4, 0xe9, 0xd8, 0xac, 0x5b, 0x53, 0x57, 0x22, 0x20, 0x1d, 0x0a, 0x06,
  0x03, 0x01, 0x01, 0x00, 0x04, 0x01, 0x00, 0x01, 0x00, 0x03, 0x07, 0x04, 0x01, 0x00, 0x01, 0x05,
  0x04, 0x00, 0x06, 0x09, 0x01, 0x01, 0x00, 0x02, 0x09, 0x01, 0x00, 0x00, 0x00, 0x00, 0x00, 0x00,
  0x00, 0x00, 0x00, 0x00, 0x00, 0x00, 0x00, 0x00, 0x00, 0x00, 0x00, 0x00, 0x00, 0x00, 0x00, 0x00,
  0x00, 0x00, 0x00, 0x00, 0x00, 0x00, 0x00, 0x00, 0x00, 0x00, 0x00, 0x00, 0x00, 0x00, 0x00, 0x00,
  0x00, 0x00, 0x00, 0x00, 0x00, 0x00, 0x00, 0x00, 0x00, 0x00, 0x00, 0x00, 0x00, 0x00, 0x00, 0x00,
  0x00, 0x00, 0x00, 0x00, 0x00, 0x00, 0x01, 0x00, 0x00, 0x00, 0x00, 0x00, 0x00, 0x00, 0x00, 0x00,
  0x00, 0x00, 0x00, 0x00, 0x00, 0x01, 0x01, 0x06, 0x13, 0x11, 0x4a, 0x80, 0x88, 0x9b, 0xbb, 0xda,
  0xea, 0xec, 0xf4, 0xf2, 0xf9, 0xfc, 0xfc, 0xfc, 0xfc, 0xfb, 0xfd, 0xfc, 0xfd, 0xfe, 0xfc, 0xfd,
  0xfc, 0xfd, 0xfc, 0xfc, 0xfc, 0xfd, 0xfc, 0xfc, 0xfc, 0xfb, 0xfd, 0xfd, 0xfd, 0xfb, 0xfd, 0xfd,
  0xfe, 0xfd, 0xfb, 0xfc, 0xfc, 0xfe, 0xec, 0xe4, 0xfd, 0xfa, 0xfd, 0xd9, 0xbc, 0xcc, 0xca, 0xbb,
  0xb2, 0xbf, 0xdd, 0x7c, 0x6a, 0x8c, 0xbb, 0xb7, 0x8d, 0x88, 0x89, 0x8a, 0x97, 0xa7, 0xb9, 0xdb,
  0xe7, 0xf4, 0xde, 0xdd, 0xf4, 0xfe, 0xff, 0xff, 0xff, 0xff, 0xff, 0xfb, 0xfb, 0xf8, 0xf8, 0xfb,
  0xed, 0xe7, 0xdd, 0xe0, 0xe3, 0xe3, 0xe4, 0x9c, 0x69, 0xda, 0xfd, 0xf0, 0xf7, 0xf8, 0xfa, 0xf9,
  0xf9, 0xfa, 0xfc, 0xfd, 0xfe, 0xfd, 0xfc, 0xff, 0xff, 0xfd, 0xf6, 0xfb, 0xd8, 0xbf, 0xe4, 0xc5,
  0xd7, 0xff, 0xfe, 0xfe, 0xfd, 0xfd, 0xfe, 0xfe, 0xfc, 0xfe, 0xde, 0x9c, 0x83, 0x83, 0x81, 0xc6,
  0xf6, 0xc6, 0xda, 0xf7, 0xfa, 0xfc, 0xff, 0xfd, 0xfc, 0xfc, 0xfd, 0xfc, 0xfd, 0xfd, 0xfc, 0xfa,
  0xe6, 0xdf, 0x93, 0x70, 0x8f, 0x4a, 0x2d, 0x20, 0x1f, 0x0d, 0x09, 0x08, 0x02, 0x01, 0x02, 0x01,
  0x01, 0x01, 0x01, 0x02, 0x0c, 0x08, 0x01, 0x01, 0x05, 0x09, 0x03, 0x06, 0x20, 0x33, 0x04, 0x02,
  0x03, 0x09, 0x08, 0x00, 0x00, 0x00, 0x00, 0x00, 0x00, 0x00, 0x00, 0x00, 0x00, 0x00, 0x00, 0x00,
  0x00, 0x00, 0x01, 0x01, 0x00, 0x00, 0x00, 0x00, 0x00, 0x00, 0x00, 0x00, 0x00, 0x00, 0x00, 0x00,
  0x00, 0x00, 0x00, 0x00, 0x00, 0x00, 0x00, 0x00, 0x00, 0x00, 0x00, 0x00, 0x00, 0x00, 0x00, 0x00,
  0x00, 0x00, 0x00, 0x00, 0x00, 0x00, 0x00, 0x00, 0x00, 0x00, 0x00, 0x00, 0x00, 0x00, 0x00, 0x00,
  0x00, 0x00, 0x00, 0x00, 0x00, 0x00, 0x00, 0x00, 0x00, 0x00, 0x02, 0x02, 0x02, 0x01, 0x03, 0x02,
  0x00, 0x0e, 0x14, 0x1d, 0x24, 0x21, 0x6c, 0xc3, 0xd7, 0xe9, 0xe8, 0xed, 0xf6, 0xf7, 0xf9, 0xfb,
  0xfb, 0xf9, 0xfa, 0xfc, 0xfc, 0xfd, 0xf9, 0xfc, 0xfc, 0xfd, 0xfc, 0xfa, 0xfc, 0xfc, 0xfc, 0xfd,
  0xfa, 0xfb, 0xfc, 0xfd, 0xfd, 0xfa, 0xfa, 0xfa, 0xfb, 0xfd, 0xfa, 0xfb, 0xfb, 0xfb, 0xfe, 0xfc,
  0xf4, 0xf5, 0xea, 0xe1, 0xeb, 0xf1, 0xe7, 0xeb, 0xee, 0xe7, 0xe2, 0xe7, 0xf6, 0xf2, 0xf3, 0xf6,
  0xfe, 0xff, 0xff, 0xe0, 0xd4, 0xd7, 0xdc, 0xe1, 0xe6, 0xee, 0xf5, 0xf8, 0xda, 0xc7, 0xd7, 0xf9,
  0xe6, 0xdf, 0xc9, 0xc7, 0xf2, 0xfb, 0xfe, 0xfd, 0xfb, 0xfa, 0xf8, 0xf4, 0xee, 0xe0, 0xe6, 0xf1,
  0xcc, 0xa8, 0xdf, 0xf2, 0xf5, 0xf9, 0xfc, 0xfb, 0xfa, 0xfb, 0xfb, 0xfd, 0xfd, 0xfb, 0xfc, 0xfb,
  0xfe, 0xe0, 0xe0, 0xfc, 0xfb, 0xfc, 0xf0, 0xe4, 0xfc, 0xff, 0xff, 0xfd, 0xfb, 0xfd, 0xfc, 0xfc,
  0xfd, 0xfb, 0xfb, 0xfc, 0xff, 0xff, 0xff, 0xff, 0xff, 0xff, 0xfb, 0xe9, 0xf1, 0xe2, 0xda, 0xfe,
  0xec, 0xf7, 0xfd, 0xfb, 0xfd, 0xfb, 0xfa, 0xfc, 0xfa, 0xfc, 0xfc, 0xf7, 0xdd, 0xa5, 0x8b, 0x3e,
  0x28, 0x24, 0x1c, 0x07, 0x03, 0x06, 0x01, 0x00, 0x00, 0x01, 0x00, 0x00, 0x02, 0x01, 0x03, 0x00,
  0x00, 0x01, 0x06, 0x12, 0x22, 0x1a, 0x2c, 0x1f, 0x06, 0x03, 0x02, 0x02, 0x00, 0x01, 0x00, 0x00,
  0x00, 0x00, 0x00, 0x00, 0x00, 0x00, 0x02, 0x00, 0x00, 0x00, 0x00, 0x00, 0x00, 0x00, 0x00, 0x00,
  0x00, 0x00, 0x00, 0x00, 0x00, 0x00, 0x00, 0x00, 0x00, 0x00, 0x00, 0x00, 0x00, 0x00, 0x00, 0x00,
  0x00, 0x00, 0x00, 0x00, 0x00, 0x00, 0x00, 0x00, 0x00, 0x00, 0x00, 0x00, 0x00, 0x00, 0x00, 0x00,
  0x00, 0x00, 0x00, 0x00, 0x00, 0x00, 0x00, 0x00, 0x00, 0x00, 0x00, 0x00, 0x00, 0x00, 0x00, 0x00,
  0x00, 0x00, 0x00, 0x00, 0x00, 0x00, 0x00, 0x00, 0x00, 0x05, 0x15, 0x1c, 0x29, 0x2f, 0x51, 0x63,
  0x9e, 0xb6, 0xdf, 0xf2, 0xf2, 0xf4, 0xf8, 0xf7, 0xf7, 0xfa, 0xfa, 0xf8, 0xfc, 0xfd, 0xfd, 0xfc,
  0xfa, 0xfe, 0xfc, 0xfc, 0xfc, 0xfa, 0xfc, 0xfc, 0xfc, 0xfc, 0xfa, 0xfc, 0xfc, 0xfb, 0xfc, 0xfa,
  0xfb, 0xfb, 0xfb, 0xfc, 0xf9, 0xfa, 0xfa, 0xfb, 0xf8, 0xf6, 0xfe, 0xfe, 0xfb, 0xff, 0xfb, 0xfd,
  0xff, 0xff, 0xff, 0xff, 0xff, 0xff, 0xfd, 0xff, 0xff, 0xfb, 0xfc, 0xf8, 0xfb, 0xff, 0xff, 0xff,
  0xff, 0xff, 0xff, 0xfb, 0xfe, 0xfd, 0xfe, 0xff, 0xfb, 0xfa, 0xe0, 0xd9, 0xbf, 0xbe, 0xf1, 0xfe,
  0xda, 0xfb, 0xfb, 0xf9, 0xfc, 0xe2, 0xdb, 0xf0, 0xee, 0xed, 0xd3, 0xdb, 0xf7, 0xf5, 0xf9, 0xfc,
  0xfc, 0xfb, 0xfb, 0xfc, 0xfc, 0xfc, 0xfc, 0xfa, 0xfb, 0xfa, 0xfe, 0xda, 0xdb, 0xfe, 0xfa, 0xfb,
  0xff, 0xfe, 0xfb, 0xf9, 0xfb, 0xfe, 0xf9, 0xfa, 0xfc, 0xfc, 0xfc, 0xfb, 0xfc, 0xfc, 0xfb, 0xf9,
  0xf5, 0xf7, 0xf8, 0xf9, 0xfe, 0xfe, 0xfc, 0xff, 0xfe, 0xfc, 0xeb, 0xf2, 0xf8, 0xf9, 0xfc, 0xfd,
  0xfa, 0xfd, 0xfa, 0xf9, 0xfc, 0xf6, 0xf6, 0xc0, 0x42, 0x4e, 0x4c, 0x2f, 0x27, 0x0a, 0x02, 0x00,
  0x02, 0x07, 0x05, 0x09, 0x06, 0x02, 0x00, 0x03, 0x03, 0x04, 0x0d, 0x01, 0x09, 0x32, 0x3a, 0x66,
  0x93, 0x3d, 0x0d, 0x06, 0x02, 0x01, 0x00, 0x00, 0x00, 0x00, 0x00, 0x00, 0x00, 0x00, 0x00, 0x04,
  0x06, 0x00, 0x00, 0x00, 0x00, 0x00, 0x00, 0x00, 0x00, 0x00, 0x00, 0x00, 0x00, 0x00, 0x00, 0x00,
  0x00, 0x00, 0x00, 0x00, 0x00, 0x00, 0x00, 0x00, 0x00, 0x00, 0x00, 0x00, 0x00, 0x00, 0x00, 0x00,
  0x00, 0x00, 0x00, 0x00, 0x00, 0x00, 0x00, 0x00, 0x00, 0x00, 0x02, 0x02, 0x00, 0x00, 0x00, 0x00,
  0x00, 0x00, 0x00, 0x00, 0x00, 0x00, 0x00, 0x00, 0x00, 0x00, 0x00, 0x00, 0x00, 0x00, 0x06, 0x18,
  0x2f, 0x26, 0x34, 0x30, 0x38, 0x44, 0x51, 0x69, 0x5b, 0x6a, 0x8c, 0xb6, 0xe1, 0xf7, 0xf3, 0xf7,
  0xf4, 0xf4, 0xfa, 0xfc, 0xfb, 0xfc, 0xfb, 0xfc, 0xfd, 0xfb, 0xfd, 0xfd, 0xfc, 0xfe, 0xfc, 0xfd,
  0xfd, 0xfc, 0xfd, 0xfc, 0xfd, 0xfd, 0xfc, 0xfd, 0xfb, 0xfb, 0xff, 0xff, 0xfd, 0xfb, 0xfb, 0xfd,
  0xfa, 0xfc, 0xfb, 0xfb, 0xfe, 0xfb, 0xfc, 0xfc, 0xfb, 0xfc, 0xfa, 0xfc, 0xfc, 0xfb, 0xfd, 0xfb,
  0xfe, 0xfd, 0xfc, 0xfc, 0xfd, 0xfe, 0xfd, 0xfb, 0xfc, 0xfb, 0xfa, 0xfb, 0xfb, 0xfd, 0xfb, 0xfc,
  0xfc, 0xf9, 0xfb, 0xfb, 0xff, 0xff, 0xff, 0xff, 0xfe, 0xfb, 0xf7, 0xf3, 0xf7, 0xfd, 0xfb, 0xf2,
  0xf1, 0xf6, 0xf5, 0xe7, 0xde, 0xf8, 0xf3, 0xf7, 0xfb, 0xfb, 0xfd, 0xfd, 0xfe, 0xfd, 0xfd, 0xfc,
  0xfb, 0xfe, 0xf3, 0xf8, 0xfe, 0xff, 0xff, 0xfb, 0xfb, 0xfc, 0xfa, 0xfc, 0xfb, 0xfb, 0xfe, 0xfd,
  0xfd, 0xfd, 0xfc, 0xfe, 0xfd, 0xfd, 0xfe, 0xfc, 0xfd, 0xfb, 0xfc, 0xfe, 0xfb, 0xfd, 0xfc, 0xfb,
  0xfd, 0xfa, 0xfc, 0xfc, 0xff, 0xfd, 0xfc, 0xf3, 0xed, 0xfd, 0xfd, 0xfd, 0xfc, 0xfa, 0xfb, 0xfb,
  0xfa, 0xe8, 0x79, 0x72, 0x65, 0x5c, 0x33, 0x00, 0x09, 0x23, 0x21, 0x13, 0x00, 0x03, 0x07, 0x06,
  0x02, 0x1f, 0x23, 0x10, 0x47, 0x14, 0x18, 0x2f, 0x5d, 0xcc, 0xe1, 0xa9, 0x46, 0x14, 0x03, 0x02,
  0x00, 0x00, 0x00, 0x00, 0x00, 0x00, 0x00, 0x00, 0x01, 0x02, 0x00, 0x00, 0x00, 0x00, 0x00, 0x00,
  0x00, 0x00, 0x00, 0x00, 0x00, 0x00, 0x00, 0x00, 0x00, 0x00, 0x00, 0x00, 0x00, 0x00, 0x00, 0x00,
  0x00, 0x00, 0x00, 0x00, 0x00, 0x00, 0x00, 0x00, 0x00, 0x00, 0x00, 0x00, 0x00, 0x00, 0x00, 0x00,
  0x00, 0x00, 0x00, 0x00, 0x01, 0x00, 0x00, 0x00, 0x00, 0x00, 0x00, 0x00, 0x00, 0x00, 0x00, 0x00,
  0x00, 0x00, 0x00, 0x00, 0x00, 0x00, 0x00, 0x00, 0x10, 0x26, 0x4a, 0x3f, 0x4d, 0x23, 0x07, 0x1a,
  0x25, 0x35, 0x4b, 0x68, 0x67, 0xa6, 0xdd, 0xea, 0xf2, 0xf7, 0xf7, 0xf7, 0xf7, 0xfc, 0xfb, 0xfc,
  0xfb, 0xfa, 0xfc, 0xfc, 0xfd, 0xfd, 0xfc, 0xfb, 0xfb, 0xfd, 0xfd, 0xfc, 0xfb, 0xfa, 0xfc, 0xfc,
  0xfa, 0xfa, 0xfe, 0xff, 0xeb, 0xea, 0xf2, 0xfc, 0xfa, 0xfb, 0xfa, 0xfb, 0xfb, 0xfc, 0xfd, 0xfc,
  0xfc, 0xfa, 0xfc, 0xfc, 0xfa, 0xfb, 0xfa, 0xfb, 0xfc, 0xfc, 0xfd, 0xfc, 0xfd, 0xfe, 0xfc, 0xfc,
  0xfb, 0xfa, 0xfd, 0xfc, 0xfb, 0xfb, 0xfb, 0xfb, 0xfb, 0xfa, 0xfa, 0xfa, 0xfb, 0xfb, 0xf7, 0xfa,
  0xf8, 0xf9, 0xfb, 0xf9, 0xff, 0xdc, 0xea, 0xff, 0xfa, 0xf8, 0xf4, 0xf9, 0xfa, 0xf8, 0xf5, 0xf9,
  0xfa, 0xfb, 0xf9, 0xfa, 0xfc, 0xfc, 0xfc, 0xfb, 0xfa, 0xfa, 0xfa, 0xfb, 0xfc, 0xfc, 0xfa, 0xf9,
  0xfa, 0xfb, 0xf8, 0xfa, 0xf9, 0xfc, 0xfc, 0xfb, 0xfc, 0xfb, 0xfd, 0xfe, 0xfd, 0xfc, 0xfb, 0xfc,
  0xfd, 0xfc, 0xfc, 0xfb, 0xfc, 0xfd, 0xfb, 0xfb, 0xfb, 0xfc, 0xfd, 0xfb, 0xfa, 0xfa, 0xfa, 0xfb,
  0xfa, 0xfa, 0xf8, 0xea, 0xef, 0xf9, 0xfd, 0xf8, 0xfa, 0xfa, 0xf7, 0xf8, 0xc6, 0x81, 0x71, 0x5a,
  0x3f, 0x3f, 0x7f, 0x85, 0x5d, 0x19, 0x36, 0x5b, 0x0b, 0x03, 0x01, 0x13, 0x26, 0x0c, 0x1a, 0x17,
  0x2c, 0x52, 0x8d, 0xd6, 0xef, 0xe9, 0x92, 0x29, 0x07, 0x03, 0x01, 0x00, 0x00, 0x00, 0x00, 0x00,
  0x00, 0x00, 0x00, 0x00, 0x00, 0x00, 0x00, 0x00, 0x00, 0x00, 0x00, 0x00, 0x00, 0x00, 0x00, 0x00,
  0x00, 0x00, 0x00, 0x00, 0x00, 0x00, 0x00, 0x00, 0x00, 0x00, 0x00, 0x00, 0x00, 0x00, 0x00, 0x00,
  0x00, 0x00, 0x00, 0x00, 0x00, 0x00, 0x00, 0x00, 0x00, 0x00, 0x00, 0x00, 0x00, 0x00, 0x00, 0x00,
  0x00, 0x00, 0x00, 0x00, 0x00, 0x00, 0x00, 0x00, 0x00, 0x00, 0x02, 0x00, 0x00, 0x00, 0x00, 0x00,
  0x00, 0x00, 0x01, 0x00, 0x00, 0x00, 0x00, 0x01, 0x00, 0x03, 0x08, 0x05, 0x1e, 0x4d, 0x4e, 0x7d,
  0xcc, 0xe9, 0xf1, 0xf1, 0xf6, 0xf8, 0xf8, 0xf9, 0xfb, 0xfc, 0xfb, 0xfb, 0xfa, 0xfb, 0xfd, 0xfd,
  0xfd, 0xfb, 0xfb, 0xfd, 0xfc, 0xfc, 0xf9, 0xfb, 0xfd, 0xfc, 0xfb, 0xfb, 0xef, 0xb8, 0xb7, 0xf0,
  0xfb, 0xfa, 0xfc, 0xfb, 0xfb, 0xfc, 0xfb, 0xfd, 0xfd, 0xfc, 0xfa, 0xf9, 0xfc, 0xfb, 0xfd, 0xfb,
  0xfa, 0xfb, 0xfb, 0xfd, 0xfb, 0xf9, 0xfb, 0xfd, 0xfd, 0xfb, 0xfa, 0xfb, 0xfd, 0xfc, 0xfd, 0xfa,
  0xfa, 0xfb, 0xfb, 0xfb, 0xf9, 0xfa, 0xfb, 0xfb, 0xfa, 0xfa, 0xf9, 0xfc, 0xfb, 0xfb, 0xfd, 0xfa,
  0xfc, 0xfb, 0xfb, 0xfa, 0xf7, 0xfa, 0xfa, 0xfb, 0xf9, 0xf7, 0xfb, 0xfb, 0xf9, 0xfb, 0xfa, 0xfc,
  0xfc, 0xfc, 0xfb, 0xfa, 0xfc, 0xfc, 0xfb, 0xfb, 0xf9, 0xfc, 0xfc, 0xfb, 0xfb, 0xfa, 0xfa, 0xfc,
  0xfc, 0xfb, 0xfb, 0xfb, 0xfd, 0xfd, 0xfc, 0xf9, 0xfa, 0xfd, 0xfd, 0xfc, 0xfb, 0xfa, 0xfc, 0xfc,
  0xfd, 0xfb, 0xfa, 0xfc, 0xfd, 0xfc, 0xfb, 0xfa, 0xfb, 0xfb, 0xfa, 0xf9, 0xfa, 0xfb, 0xf5, 0xda,
  0xf0, 0xf8, 0xf5, 0xf9, 0xfb, 0xf8, 0xf1, 0xbb, 0x7c, 0x7a, 0x84, 0xac, 0x83, 0x37, 0x23, 0x13,
  0x39, 0x1e, 0x05, 0x04, 0x03, 0x1c, 0x2a, 0x2c, 0x13, 0x24, 0x46, 0x5c, 0x7c, 0xc4, 0xe3, 0xdf,
  0x7a, 0x1a, 0x0a, 0x05, 0x00, 0x00, 0x00, 0x00, 0x00, 0x00, 0x00, 0x00, 0x00, 0x00, 0x00, 0x00,
  0x00, 0x00, 0x00, 0x00, 0x00, 0x00, 0x00, 0x00, 0x00, 0x00, 0x00, 0x00, 0x00, 0x00, 0x00, 0x00,
  0x00, 0x00, 0x00, 0x00, 0x00, 0x00, 0x00, 0x00, 0x00, 0x00, 0x00, 0x00, 0x00, 0x00, 0x00, 0x00,
  0x00, 0x00, 0x00, 0x00, 0x00, 0x00, 0x00, 0x00, 0x00, 0x00, 0x00, 0x00, 0x00, 0x00, 0x00, 0x00,
  0x00, 0x00, 0x01, 0x00, 0x00, 0x01, 0x02, 0x00, 0x00, 0x00, 0x00, 0x01, 0x02, 0x02, 0x04, 0x06,
  0x0c, 0x08, 0x07, 0x05, 0x0a, 0x0b, 0x37, 0x60, 0x66, 0xa5, 0xf0, 0xf3, 0xf4, 0xf9, 0xf8, 0xfb,
  0xfc, 0xfc, 0xfc, 0xfb, 0xfc, 0xfb, 0xfc, 0xfc, 0xfc, 0xfd, 0xfe, 0xfd, 0xfd, 0xfb, 0xfb, 0xfd,
  0xfc, 0xfd, 0xfc, 0xfc, 0xfc, 0xfe, 0xf5, 0xe1, 0xff, 0xff, 0xfc, 0xfd, 0xfc, 0xfc, 0xfd, 0xfc,
  0xfd, 0xfc, 0xfd, 0xfd, 0xfb, 0xfd, 0xfb, 0xfc, 0xfc, 0xfc, 0xfd, 0xfb, 0xfa, 0xfc, 0xfc, 0xfc,
  0xfa, 0xfb, 0xfe, 0xfe, 0xfd, 0xfe, 0xfb, 0xfd, 0xfe, 0xfd, 0xfc, 0xfc, 0xfc, 0xfc, 0xfc, 0xfd,
  0xfb, 0xfc, 0xfd, 0xfc, 0xfe, 0xfc, 0xfc, 0xfe, 0xc9, 0xdc, 0xff, 0xfa, 0xfb, 0xfb, 0xfc, 0xfa,
  0xfc, 0xfb, 0xfb, 0xfd, 0xfd, 0xfc, 0xfd, 0xfd, 0xfe, 0xfc, 0xfa, 0xfc, 0xfc, 0xfd, 0xfe, 0xfc,
  0xfd, 0xfd, 0xfc, 0xfe, 0xfb, 0xfc, 0xfc, 0xfd, 0xfd, 0xfc, 0xfd, 0xfc, 0xfd, 0xfd, 0xfd, 0xfd,
  0xfe, 0xfd, 0xfe, 0xfd, 0xfe, 0xff, 0xfc, 0xfd, 0xfd, 0xfb, 0xfe, 0xfd, 0xfd, 0xfc, 0xfb, 0xfe,
  0xfd, 0xfc, 0xfd, 0xfc, 0xfd, 0xfc, 0xfb, 0xfc, 0xfe, 0xf7, 0xf5, 0xfc, 0xfb, 0xfb, 0xfc, 0xfb,
  0xfa, 0xed, 0xbf, 0xa2, 0x81, 0x8a, 0xab, 0x42, 0x45, 0x40, 0x10, 0x01, 0x09, 0x0a, 0x0b, 0x11,
  0x21, 0x21, 0x05, 0x06, 0x16, 0x35, 0x66, 0x88, 0xb2, 0xbb, 0x88, 0x3e, 0x02, 0x02, 0x01, 0x00,
  0x00, 0x00, 0x00, 0x00, 0x00, 0x00, 0x00, 0x00, 0x00, 0x00, 0x00, 0x00, 0x00, 0x00, 0x00, 0x00,
  0x00, 0x00, 0x00, 0x00, 0x00, 0x00, 0x00, 0x00, 0x00, 0x00, 0x00, 0x00, 0x00, 0x00, 0x00, 0x00,
  0x00, 0x00, 0x00, 0x00, 0x00, 0x00, 0x00, 0x00, 0x00, 0x00, 0x00, 0x00, 0x00, 0x00, 0x00, 0x00,
  0x00, 0x00, 0x00, 0x00, 0x00, 0x00, 0x00, 0x00, 0x00, 0x00, 0x00, 0x01, 0x00, 0x23, 0x55, 0x0e,
  0x01, 0x09, 0x03, 0x00, 0x00, 0x00, 0x02, 0x02, 0x03, 0x03, 0x08, 0x03, 0x00, 0x02, 0x1c, 0x37,
  0x71, 0xaa, 0xbb, 0xe1, 0xd8, 0xe8, 0xf7, 0xf9, 0xf9, 0xfd, 0xfd, 0xfe, 0xfc, 0xfb, 0xfd, 0xfd,
  0xfd, 0xfd, 0xfb, 0xfe, 0xfe, 0xfc, 0xfd, 0xfb, 0xfe, 0xfd, 0xfd, 0xfe, 0xfc, 0xfd, 0xfd, 0xfb,
  0xff, 0xff, 0xfb, 0xfe, 0xfc, 0xfd, 0xfb, 0xfd, 0xfe, 0xfc, 0xff, 0xfc, 0xfd, 0xfe, 0xfc, 0xfd,
  0xf9, 0xfb, 0xfc, 0xf9, 0xf9, 0xff, 0xff, 0xff, 0xff, 0xff, 0xff, 0xff, 0xfc, 0xfc, 0xfb, 0xfa,
  0xf9, 0xfe, 0xfd, 0xfd, 0xfd, 0xfb, 0xfd, 0xfd, 0xfc, 0xfe, 0xfb, 0xfe, 0xfe, 0xfd, 0xff, 0xfb,
  0xfc, 0xff, 0xcb, 0xf9, 0xfc, 0xfc, 0xfc, 0xf9, 0xfc, 0xfc, 0xfb, 0xfc, 0xfd, 0xfd, 0xfc, 0xfc,
  0xfe, 0xfb, 0xfa, 0xed, 0xf9, 0xff, 0xfd, 0xfd, 0xfe, 0xfc, 0xfe, 0xfe, 0xfd, 0xfc, 0xfb, 0xfe,
  0xfc, 0xfd, 0xfc, 0xfa, 0xfe, 0xfd, 0xff, 0xff, 0xfc, 0xfd, 0xff, 0xf9, 0xfa, 0xf8, 0xf8, 0xf7,
  0xfb, 0xfe, 0xfc, 0xfe, 0xfe, 0xfe, 0xfe, 0xfc, 0xfc, 0xfe, 0xfe, 0xfd, 0xfd, 0xfc, 0xff, 0xfd,
  0xfc, 0xfd, 0xfb, 0xfe, 0xff, 0xfb, 0xfd, 0xf9, 0xfc, 0xfa, 0xfc, 0xfa, 0xe1, 0xa0, 0x98, 0xb1,
  0xec, 0x9b, 0x30, 0x41, 0x0a, 0x0c, 0x07, 0x0c, 0x0e, 0x14, 0x42, 0x32, 0x09, 0x01, 0x09, 0x1a,
  0x28, 0x3e, 0x37, 0x77, 0x88, 0x41, 0x06, 0x00, 0x00, 0x02, 0x03, 0x00, 0x00, 0x00, 0x00, 0x00,
  0x00, 0x00, 0x03, 0x00, 0x00, 0x00, 0x00, 0x00, 0x00, 0x00, 0x00, 0x00, 0x00, 0x00, 0x00, 0x00,
  0x00, 0x00, 0x00, 0x00, 0x00, 0x00, 0x00, 0x00, 0x00, 0x00, 0x00, 0x00, 0x00, 0x00, 0x00, 0x00,
  0x00, 0x00, 0x00, 0x00, 0x00, 0x00, 0x00, 0x00, 0x00, 0x00, 0x00, 0x00, 0x00, 0x00, 0x00, 0x00,
  0x00, 0x00, 0x00, 0x00, 0x00, 0x01, 0x00, 0x2b, 0x77, 0x10, 0x00, 0x04, 0x01, 0x00, 0x00, 0x01,
  0x00, 0x00, 0x00, 0x02, 0x09, 0x12, 0x26, 0x39, 0x4c, 0x63, 0x90, 0xa5, 0xb7, 0xb9, 0xdf, 0xf0,
  0xf7, 0xfa, 0xfc, 0xfc, 0xfd, 0xfd, 0xfc, 0xfd, 0xfc, 0xfb, 0xfe, 0xfd, 0xfe, 0xfd, 0xfc, 0xfc,
  0xfc, 0xfc, 0xfc, 0xfb, 0xfd, 0xfd, 0xfc, 0xfc, 0xfb, 0xfd, 0xfc, 0xfc, 0xfc, 0xfb, 0xfd, 0xfc,
  0xfb, 0xfd, 0xfc, 0xfc, 0xfe, 0xfd, 0xfd, 0xfc, 0xfa, 0xfd, 0xff, 0xff, 0xff, 0xff, 0xff, 0xed,
  0xcd, 0xce, 0xd3, 0xd1, 0xce, 0xea, 0xff, 0xff, 0xff, 0xff, 0xff, 0xff, 0xff, 0xfa, 0xfd, 0xfe,
  0xfc, 0xfb, 0xfd, 0xfc, 0xfd, 0xfc, 0xfc, 0xfe, 0xfe, 0xfe, 0xfc, 0xfe, 0xff, 0xfc, 0xff, 0xfc,
  0xfb, 0xfb, 0xfc, 0xfd, 0xfb, 0xfd, 0xfc, 0xfd, 0xfd, 0xfc, 0xfe, 0xf0, 0xf3, 0xfb, 0xfe, 0xfc,
  0xfc, 0xfe, 0xfe, 0xfe, 0xfd, 0xfd, 0xfd, 0xfd, 0xfc, 0xfc, 0xfb, 0xfc, 0xfd, 0xfd, 0xfe, 0xfe,
  0xf7, 0xf4, 0xfb, 0xfd, 0xfe, 0xce, 0xd4, 0xdf, 0xc8, 0xa6, 0xe0, 0xff, 0xfb, 0xfe, 0xfc, 0xfc,
  0xfe, 0xfe, 0xfe, 0xfd, 0xfb, 0xfd, 0xfc, 0xfd, 0xfc, 0xfc, 0xfc, 0xfd, 0xfc, 0xfc, 0xfc, 0xfc,
  0xfc, 0xfc, 0xfe, 0xfc, 0xfb, 0xfd, 0xf3, 0xc9, 0xd9, 0xda, 0xe5, 0xa8, 0x52, 0x3e, 0x27, 0x1e,
  0x0e, 0x12, 0x22, 0x15, 0x37, 0x2c, 0x03, 0x05, 0x05, 0x0b, 0x0a, 0x1f, 0x25, 0x27, 0x3e, 0x1c,
  0x05, 0x01, 0x00, 0x04, 0x07, 0x00, 0x00, 0x00, 0x00, 0x00, 0x00, 0x02, 0x02, 0x00, 0x00, 0x00,
  0x00, 0x00, 0x00, 0x00, 0x00, 0x00, 0x00, 0x00, 0x00, 0x00, 0x00, 0x00, 0x00, 0x00, 0x00, 0x00,
  0x00, 0x00, 0x00, 0x00, 0x00, 0x00, 0x00, 0x00, 0x00, 0x00, 0x00, 0x00, 0x00, 0x00, 0x00, 0x00,
  0x00, 0x00, 0x00, 0x00, 0x00, 0x00, 0x00, 0x00, 0x00, 0x00, 0x00, 0x00, 0x00, 0x00, 0x00, 0x00,
  0x00, 0x00, 0x00, 0x00, 0x00, 0x00, 0x00, 0x00, 0x00, 0x00, 0x00, 0x01, 0x01, 0x04, 0x0a, 0x2e,
  0x61, 0x7d, 0x67, 0x45, 0x94, 0xbd, 0xd7, 0xd7, 0xeb, 0xf9, 0xf9, 0xfc, 0xfe, 0xfc, 0xfd, 0xfd,
  0xfc, 0xfe, 0xfc, 0xfd, 0xfd, 0xfd, 0xff, 0xfe, 0xfd, 0xfd, 0xfb, 0xfd, 0xfc, 0xfc, 0xfd, 0xfa,
  0xfc, 0xfc, 0xfb, 0xfd, 0xfc, 0xfd, 0xfe, 0xfb, 0xfe, 0xfd, 0xfc, 0xff, 0xfc, 0xfd, 0xfb, 0xfc,
  0xfc, 0xff, 0xff, 0xfa, 0xe8, 0xf3, 0xde, 0xb2, 0x92, 0x81, 0x92, 0x9e, 0xad, 0xc7, 0xc2, 0xe5,
  0xc0, 0xce, 0xcd, 0x91, 0xb4, 0xec, 0xea, 0xff, 0xfc, 0xfc, 0xfd, 0xfc, 0xfd, 0xfc, 0xfe, 0xfd,
  0xfc, 0xfe, 0xfd, 0xfd, 0xff, 0xee, 0xea, 0xfe, 0xfc, 0xfd, 0xfb, 0xfc, 0xfd, 0xfc, 0xfe, 0xfb,
  0xfc, 0xfc, 0xff, 0xfe, 0xfa, 0xfd, 0xfd, 0xfd, 0xfe, 0xfd, 0xfd, 0xfd, 0xfd, 0xfe, 0xfe, 0xfd,
  0xfd, 0xfc, 0xfd, 0xfb, 0xfc, 0xff, 0xfa, 0xff, 0xee, 0xe7, 0xf8, 0xf0, 0xfc, 0xff, 0xfd, 0xff,
  0xff, 0xff, 0xff, 0xff, 0xfe, 0xfc, 0xfc, 0xfa, 0xfe, 0xfd, 0xfd, 0xfc, 0xfd, 0xfc, 0xfd, 0xfc,
  0xfd, 0xfe, 0xfc, 0xfd, 0xfd, 0xfd, 0xfe, 0xfd, 0xfb, 0xfb, 0xfa, 0xfe, 0xee, 0xf1, 0xfb, 0xfa,
  0xfd, 0xef, 0xd7, 0xe4, 0xd9, 0xa6, 0x8e, 0x88, 0x71, 0x3d, 0x2a, 0x3b, 0x4e, 0x1f, 0x0c, 0x0e,
  0x04, 0x03, 0x0a, 0x06, 0x0d, 0x14, 0x0e, 0x06, 0x05, 0x09, 0x02, 0x00, 0x08, 0x0a, 0x00, 0x00,
  0x00, 0x00, 0x00, 0x00, 0x00, 0x00, 0x00, 0x00, 0x00, 0x00, 0x00, 0x00, 0x00, 0x00, 0x00, 0x00,
  0x00, 0x00, 0x00, 0x00, 0x00, 0x00, 0x00, 0x00, 0x00, 0x00, 0x00, 0x00, 0x00, 0x00, 0x00, 0x00,
  0x00, 0x00, 0x00, 0x00, 0x00, 0x00, 0x00, 0x00, 0x00, 0x00, 0x00, 0x00, 0x00, 0x00, 0x00, 0x00,
  0x00, 0x00, 0x00, 0x00, 0x00, 0x00, 0x00, 0x00, 0x00, 0x00, 0x00, 0x00, 0x00, 0x00, 0x00, 0x00,
  0x00, 0x00, 0x00, 0x00, 0x00, 0x00, 0x00, 0x04, 0x07, 0x17, 0x1d, 0x22, 0x46, 0x53, 0xb5, 0xec,
  0xe0, 0xe3, 0xf4, 0xfa, 0xfb, 0xfc, 0xfc, 0xfc, 0xfb, 0xfd, 0xfc, 0xfe, 0xfe, 0xfd, 0xfd, 0xfe,
  0xfe, 0xfe, 0xfd, 0xfc, 0xfb, 0xfc, 0xfd, 0xfc, 0xfc, 0xfd, 0xfc, 0xfd, 0xfd, 0xfb, 0xfc, 0xfe,
  0xff, 0xfd, 0xfd, 0xfd, 0xfd, 0xfe, 0xfe, 0xfc, 0xff, 0xff, 0xff, 0xe8, 0xc7, 0xcd, 0x98, 0xbe,
  0xf5, 0xee, 0xe7, 0xf3, 0xff, 0xff, 0xff, 0xff, 0xff, 0xff, 0xf0, 0xf5, 0xf3, 0xe9, 0xce, 0xa2,
  0xa4, 0xeb, 0xfc, 0xff, 0xfd, 0xfd, 0xfd, 0xfc, 0xfd, 0xfe, 0xfe, 0xfc, 0xfd, 0xfe, 0xf9, 0xda,
  0xfb, 0xfd, 0xfd, 0xfe, 0xfe, 0xfc, 0xfd, 0xfe, 0xff, 0xff, 0xfd, 0xff, 0xee, 0xf6, 0xfe, 0xfd,
  0xfd, 0xfe, 0xfe, 0xfe, 0xfd, 0xfe, 0xfe, 0xfe, 0xff, 0xfe, 0xfc, 0xfc, 0xff, 0xff, 0xfc, 0xf3,
  0xf4, 0xfc, 0xfb, 0xf9, 0xff, 0xff, 0xfe, 0xff, 0xfe, 0xfb, 0xfc, 0xfd, 0xfc, 0xfc, 0xfb, 0xfc,
  0xfe, 0xfd, 0xfc, 0xfc, 0xfc, 0xfd, 0xfe, 0xfe, 0xfd, 0xfd, 0xfe, 0xfd, 0xfd, 0xfe, 0xfc, 0xfe,
  0xfd, 0xfd, 0xfd, 0xfc, 0xfb, 0xfd, 0xf8, 0xf8, 0xfa, 0xfa, 0xfb, 0xfe, 0xf4, 0xea, 0xe5, 0xe4,
  0x8f, 0x62, 0x5d, 0x41, 0x49, 0x4c, 0x5c, 0x1c, 0x09, 0x16, 0x13, 0x07, 0x03, 0x03, 0x05, 0x0b,
  0x07, 0x05, 0x04, 0x04, 0x02, 0x03, 0x10, 0x0a, 0x00, 0x01, 0x00, 0x00, 0x00, 0x00, 0x00, 0x00,
  0x00, 0x00, 0x00, 0x00, 0x00, 0x00, 0x00, 0x00, 0x06, 0x0a, 0x02, 0x01, 0x00, 0x00, 0x00, 0x00,
  0x00, 0x00, 0x00, 0x00, 0x00, 0x00, 0x00, 0x00, 0x00, 0x00, 0x00, 0x00, 0x00, 0x00, 0x00, 0x00,
  0x00, 0x00, 0x00, 0x00, 0x00, 0x00, 0x00, 0x00, 0x00, 0x00, 0x00, 0x00, 0x00, 0x00, 0x00, 0x00,
  0x00, 0x00, 0x00, 0x01, 0x00, 0x00, 0x00, 0x01, 0x00, 0x00, 0x00, 0x00, 0x00, 0x02, 0x09, 0x1d,
  0x1f, 0x19, 0x20, 0x1f, 0x48, 0x6f, 0xa8, 0xd8, 0xde, 0xeb, 0xf5, 0xfb, 0xfc, 0xfb, 0xfb, 0xfa,
  0xfa, 0xfb, 0xfb, 0xfc, 0xfc, 0xfb, 0xfc, 0xfc, 0xfd, 0xfd, 0xfc, 0xfd, 0xfd, 0xfd, 0xfc, 0xfb,
  0xfc, 0xfc, 0xfc, 0xfe, 0xfc, 0xfe, 0xfd, 0xfb, 0xfd, 0xfd, 0xfd, 0xfc, 0xfd, 0xfd, 0xfc, 0xfb,
  0xfd, 0xff, 0xef, 0xb6, 0x80, 0xd4, 0xd0, 0xef, 0xff, 0xff, 0xfe, 0xff, 0xff, 0xff, 0xfe, 0xfd,
  0xfd, 0xfc, 0xfc, 0xfc, 0xff, 0xff, 0xff, 0xff, 0xff, 0xff, 0xff, 0xf0, 0xd1, 0xe3, 0xff, 0xfd,
  0xfb, 0xfd, 0xfc, 0xfc, 0xfc, 0xfc, 0xfc, 0xfd, 0xf4, 0xe2, 0xff, 0xfd, 0xfc, 0xfc, 0xfc, 0xfc,
  0xfd, 0xfd, 0xfc, 0xfd, 0xfb, 0xfc, 0xf1, 0xf9, 0xfd, 0xfb, 0xfd, 0xfd, 0xfc, 0xfd, 0xfc, 0xfe,
  0xfe, 0xfc, 0xfc, 0xfc, 0xfc, 0xfe, 0xf5, 0xe6, 0xe6, 0xf5, 0xff, 0xfe, 0xfe, 0xfe, 0xfe, 0xfd,
  0xfc, 0xfd, 0xfe, 0xfe, 0xfe, 0xfd, 0xfe, 0xfd, 0xfd, 0xff, 0xfd, 0xfd, 0xfd, 0xfd, 0xfd, 0xfd,
  0xfc, 0xfd, 0xfc, 0xfd, 0xfd, 0xfc, 0xfc, 0xfc, 0xfd, 0xfd, 0xfc, 0xfc, 0xfc, 0xfd, 0xfe, 0xfb,
  0xfd, 0xfb, 0xfb, 0xfb, 0xfb, 0xfd, 0xf9, 0xfa, 0xef, 0xe2, 0xba, 0x9b, 0x9d, 0x7a, 0x4b, 0x34,
  0x32, 0x33, 0x2c, 0x20, 0x07, 0x05, 0x06, 0x07, 0x0d, 0x08, 0x0a, 0x06, 0x03, 0x0e, 0x11, 0x08,
  0x02, 0x01, 0x01, 0x05, 0x01, 0x00, 0x00, 0x00, 0x00, 0x00, 0x02, 0x00, 0x00, 0x00, 0x00, 0x00,
  0x00, 0x00, 0x05, 0x07, 0x01, 0x01, 0x00, 0x00, 0x00, 0x00, 0x00, 0x00, 0x00, 0x00, 0x00, 0x00,
  0x00, 0x00, 0x00, 0x00, 0x00, 0x00, 0x00, 0x00, 0x00, 0x00, 0x00, 0x00, 0x00, 0x00, 0x00, 0x00,
  0x00, 0x00, 0x00, 0x00, 0x00, 0x00, 0x00, 0x00, 0x00, 0x00, 0x00, 0x00, 0x00, 0x02, 0x00, 0x01,
  0x00, 0x00, 0x04, 0x01, 0x00, 0x00, 0x04, 0x0b, 0x16, 0x28, 0x14, 0x22, 0x3f, 0x69, 0x9f, 0xc5,
  0xd1, 0xdb, 0xec, 0xfc, 0xfa, 0xf9, 0xf7, 0xf7, 0xfb, 0xfb, 0xfb, 0xfc, 0xfb, 0xfd, 0xfc, 0xfb,
  0xfd, 0xfd, 0xfc, 0xfd, 0xfb, 0xfd, 0xfc, 0xfd, 0xfd, 0xf9, 0xfd, 0xfd, 0xfc, 0xfe, 0xfa, 0xfc,
  0xfd, 0xfd, 0xfe, 0xfa, 0xfc, 0xfc, 0xfd, 0xfc, 0xfa, 0xff, 0xfe, 0xe4, 0xc9, 0xc6, 0xf2, 0xff,
  0xff, 0xff, 0xf9, 0xfa, 0xfd, 0xfd, 0xfd, 0xfc, 0xfc, 0xfd, 0xfd, 0xfe, 0xfd, 0xfb, 0xfd, 0xfd,
  0xfd, 0xfc, 0xfa, 0xfb, 0xfb, 0xff, 0xf4, 0xb9, 0xd6, 0xff, 0xfb, 0xfd, 0xfa, 0xfd, 0xfc, 0xfc,
  0xfd, 0xfc, 0xf3, 0xff, 0xfd, 0xfd, 0xfb, 0xfc, 0xfc, 0xfc, 0xfc, 0xfb, 0xfa, 0xfd, 0xfb, 0xfb,
  0xfd, 0xfc, 0xfb, 0xfb, 0xfe, 0xfc, 0xfb, 0xfd, 0xfc, 0xfc, 0xfc, 0xfa, 0xfd, 0xfd, 0xff, 0xf8,
  0xd2, 0xf4, 0xfc, 0xff, 0xfd, 0xfc, 0xfc, 0xfd, 0xfd, 0xfd, 0xfc, 0xfd, 0xfd, 0xfe, 0xfe, 0xfd,
  0xfd, 0xfd, 0xfd, 0xfe, 0xfc, 0xfd, 0xfe, 0xfc, 0xfe, 0xfc, 0xfa, 0xff, 0xfc, 0xfd, 0xfb, 0xfb,
  0xfd, 0xfd, 0xfd, 0xfb, 0xfb, 0xfd, 0xfd, 0xfd, 0xfd, 0xfb, 0xfc, 0xfc, 0xfb, 0xfc, 0xfa, 0xfc,
  0xfd, 0xff, 0xee, 0xe1, 0xd6, 0xb0, 0x64, 0x6b, 0x60, 0x58, 0x28, 0x3b, 0x1c, 0x11, 0x1a, 0x11,
  0x1a, 0x13, 0x05, 0x00, 0x04, 0x28, 0x35, 0x15, 0x04, 0x01, 0x00, 0x01, 0x01, 0x06, 0x03, 0x00,
  0x00, 0x00, 0x00, 0x00, 0x00, 0x00, 0x00, 0x00, 0x00, 0x00, 0x00, 0x00, 0x00, 0x00, 0x00, 0x00,
  0x00, 0x00, 0x00, 0x00, 0x00, 0x00, 0x00, 0x00, 0x00, 0x00, 0x00, 0x00, 0x00, 0x00, 0x00, 0x00,
  0x00, 0x00, 0x00, 0x00, 0x00, 0x00, 0x00, 0x00, 0x00, 0x00, 0x00, 0x00, 0x00, 0x00, 0x00, 0x00,
  0x00, 0x00, 0x00, 0x00, 0x00, 0x00, 0x00, 0x01, 0x01, 0x00, 0x00, 0x04, 0x05, 0x07, 0x05, 0x01,
  0x06, 0x11, 0x1c, 0x42, 0x67, 0x77, 0x88, 0xaa, 0xac, 0xc7, 0xe9, 0xf8, 0xfb, 0xfa, 0xf9, 0xf7,
  0xf6, 0xfa, 0xfa, 0xf9, 0xfb, 0xfb, 0xfb, 0xfd, 0xfd, 0xfd, 0xfd, 0xfb, 0xfd, 0xfc, 0xfc, 0xfd,
  0xfb, 0xfc, 0xfc, 0xfc, 0xfd, 0xfc, 0xfc, 0xfc, 0xfd, 0xfc, 0xfb, 0xfc, 0xfb, 0xfc, 0xfd, 0xfb,
  0xfa, 0xff, 0xff, 0xcf, 0xa8, 0xec, 0xff, 0xff, 0xff, 0xfd, 0xfa, 0xfd, 0xfd, 0xfd, 0xfe, 0xfc,
  0xfc, 0xfd, 0xfd, 0xfd, 0xfd, 0xfd, 0xfd, 0xfd, 0xfe, 0xfd, 0xfc, 0xfd, 0xfd, 0xfe, 0xfd, 0xfc,
  0xff, 0xff, 0xe6, 0xf0, 0xff, 0xfb, 0xfc, 0xfd, 0xfc, 0xfb, 0xfc, 0xf8, 0xfc, 0xfc, 0xfb, 0xfc,
  0xfc, 0xfd, 0xfd, 0xfd, 0xfc, 0xfc, 0xfd, 0xfe, 0xfc, 0xfb, 0xfa, 0xfc, 0xfb, 0xfb, 0xfd, 0xfd,
  0xfc, 0xfd, 0xfc, 0xfc, 0xfc, 0xfc, 0xfd, 0xfb, 0xea, 0xf5, 0xfc, 0xff, 0xfb, 0xfc, 0xfc, 0xfc,
  0xfd, 0xfd, 0xfc, 0xfd, 0xfd, 0xfe, 0xfe, 0xfc, 0xfc, 0xfc, 0xfe, 0xfd, 0xfc, 0xfd, 0xfd, 0xfe,
  0xfe, 0xfb, 0xfb, 0xfe, 0xeb, 0xe6, 0xfe, 0xfb, 0xfb, 0xfc, 0xfb, 0xfb, 0xfc, 0xfc, 0xfd, 0xfd,
  0xfc, 0xfc, 0xfb, 0xfd, 0xfc, 0xfb, 0xfa, 0xfb, 0xfc, 0xfc, 0xfa, 0xf7, 0xf9, 0xed, 0xea, 0x9d,
  0x65, 0x76, 0x7b, 0x83, 0x2c, 0x34, 0x2c, 0x24, 0x13, 0x1f, 0x19, 0x12, 0x30, 0x39, 0x51, 0x4a,
  0x18, 0x02, 0x02, 0x00, 0x01, 0x00, 0x00, 0x00, 0x00, 0x00, 0x00, 0x00, 0x00, 0x00, 0x00, 0x00,
  0x00, 0x00, 0x00, 0x00, 0x00, 0x00, 0x00, 0x00, 0x00, 0x00, 0x00, 0x00, 0x00, 0x00, 0x00, 0x00,
  0x00, 0x00, 0x00, 0x00, 0x00, 0x00, 0x00, 0x00, 0x00, 0x00, 0x00, 0x00, 0x00, 0x00, 0x00, 0x00,
  0x00, 0x00, 0x00, 0x00, 0x00, 0x00, 0x00, 0x00, 0x00, 0x00, 0x00, 0x00, 0x00, 0x00, 0x00, 0x00,
  0x00, 0x01, 0x01, 0x04, 0x0b, 0x0f, 0x18, 0x0d, 0x09, 0x16, 0x2a, 0x45, 0x5b, 0x70, 0x77, 0x92,
  0xad, 0xca, 0xeb, 0xf7, 0xef, 0xe0, 0xed, 0xf8, 0xf7, 0xf4, 0xf8, 0xfb, 0xf9, 0xf9, 0xfa, 0xf9,
  0xfc, 0xfc, 0xfc, 0xfd, 0xfb, 0xfb, 0xfc, 0xfc, 0xfd, 0xfb, 0xfc, 0xfd, 0xfa, 0xfe, 0xfc, 0xfd,
  0xfd, 0xfc, 0xfe, 0xfc, 0xfb, 0xfc, 0xfa, 0xfd, 0xfc, 0xf6, 0xff, 0xce, 0x87, 0xad, 0xf9, 0xff,
  0xfc, 0xfa, 0xfd, 0xfc, 0xfd, 0xfb, 0xfc, 0xfe, 0xfc, 0xfd, 0xfc, 0xfc, 0xfd, 0xfc, 0xfd, 0xfc,
  0xfc, 0xfd, 0xfc, 0xfd, 0xfc, 0xfb, 0xfd, 0xfb, 0xfd, 0xfd, 0xfb, 0xfb, 0xff, 0xfb, 0xf7, 0xfc,
  0xfc, 0xfc, 0xfc, 0xfc, 0xfd, 0xfa, 0xf4, 0xfd, 0xfc, 0xfb, 0xfc, 0xfc, 0xfb, 0xfd, 0xfa, 0xfc,
  0xfd, 0xfb, 0xfc, 0xfb, 0xfc, 0xfd, 0xfb, 0xfc, 0xfb, 0xfc, 0xff, 0xfc, 0xfd, 0xfc, 0xfd, 0xfc,
  0xff, 0xe5, 0xab, 0xf9, 0xfe, 0xfb, 0xfc, 0xfd, 0xfb, 0xfe, 0xfc, 0xfb, 0xfd, 0xfb, 0xfd, 0xfd,
  0xfc, 0xfe, 0xfc, 0xfd, 0xfd, 0xfc, 0xfd, 0xfb, 0xfd, 0xfd, 0xfc, 0xfc, 0xfa, 0xfd, 0xfe, 0xd6,
  0xf8, 0xfc, 0xfb, 0xfd, 0xfa, 0xfc, 0xfc, 0xfc, 0xfe, 0xfc, 0xfd, 0xfc, 0xfc, 0xfe, 0xfd, 0xfb,
  0xfb, 0xfa, 0xfd, 0xfb, 0xfb, 0xf9, 0xfa, 0xfa, 0xe8, 0xc6, 0xae, 0xa9, 0x78, 0x3c, 0x28, 0x2e,
  0x3d, 0x54, 0x5b, 0x5d, 0x69, 0x7b, 0x85, 0x62, 0x3e, 0x0e, 0x00, 0x04, 0x03, 0x00, 0x01, 0x00,
  0x01, 0x01, 0x00, 0x00, 0x00, 0x00, 0x00, 0x00, 0x00, 0x00, 0x00, 0x00, 0x00, 0x00, 0x00, 0x00,
  0x00, 0x00, 0x00, 0x00, 0x00, 0x00, 0x00, 0x00, 0x00, 0x00, 0x00, 0x00, 0x00, 0x00, 0x00, 0x00,
  0x00, 0x00, 0x00, 0x00, 0x00, 0x00, 0x00, 0x00, 0x00, 0x00, 0x00, 0x00, 0x00, 0x00, 0x00, 0x00,
  0x00, 0x00, 0x00, 0x00, 0x00, 0x00, 0x00, 0x00, 0x00, 0x00, 0x00, 0x03, 0x19, 0x12, 0x14, 0x12,
  0x1c, 0x13, 0x1f, 0x30, 0x30, 0x43, 0x80, 0xaa, 0xb2, 0xd4, 0xfa, 0xf8, 0xeb, 0xda, 0xdb, 0xd0,
  0xe4, 0xf6, 0xf3, 0xf7, 0xf8, 0xf8, 0xf9, 0xfb, 0xf9, 0xfa, 0xfb, 0xfb, 0xfc, 0xfc, 0xfd, 0xfd,
  0xfb, 0xfc, 0xfd, 0xfc, 0xfb, 0xfb, 0xfc, 0xfc, 0xfc, 0xfc, 0xfa, 0xfb, 0xfc, 0xfc, 0xfe, 0xfb,
  0xfb, 0xfc, 0xfa, 0xff, 0xc4, 0x79, 0xce, 0xff, 0xfc, 0xfa, 0xfc, 0xfe, 0xfd, 0xfc, 0xfc, 0xfb,
  0xfd, 0xfd, 0xfc, 0xfc, 0xfc, 0xfd, 0xfd, 0xfe, 0xfc, 0xfc, 0xfd, 0xfd, 0xfd, 0xfe, 0xfb, 0xfc,
  0xfe, 0xfc, 0xfb, 0xfb, 0xfc, 0xfd, 0xfc, 0xfe, 0xef, 0xec, 0xfe, 0xfc, 0xfc, 0xfa, 0xf9, 0xf0,
  0xfe, 0xfd, 0xfb, 0xfc, 0xfe, 0xfd, 0xfd, 0xfa, 0xfb, 0xfc, 0xfc, 0xfc, 0xfc, 0xfa, 0xfc, 0xfc,
  0xfc, 0xfc, 0xfc, 0xfc, 0xfe, 0xfe, 0xfb, 0xfa, 0xfb, 0xfe, 0xf8, 0xd2, 0xf8, 0xfe, 0xfc, 0xfc,
  0xfb, 0xfb, 0xfd, 0xfe, 0xfd, 0xfb, 0xfb, 0xfc, 0xfe, 0xfd, 0xfd, 0xfb, 0xfd, 0xfd, 0xfc, 0xfd,
  0xfb, 0xfc, 0xfd, 0xfd, 0xfe, 0xfc, 0xfd, 0xfd, 0xff, 0xf7, 0xef, 0xfc, 0xfb, 0xfc, 0xfc, 0xfb,
  0xfb, 0xfc, 0xfd, 0xfd, 0xfc, 0xfb, 0xfc, 0xfd, 0xfd, 0xfc, 0xf9, 0xfa, 0xfb, 0xfc, 0xfa, 0xfb,
  0xfb, 0xfc, 0xe9, 0xed, 0xc4, 0x9d, 0x71, 0x53, 0x74, 0x9d, 0xa3, 0x8c, 0x73, 0x5d, 0x6c, 0x5d,
  0x32, 0x1d, 0x0f, 0x02, 0x01, 0x02, 0x08, 0x02, 0x00, 0x00, 0x00, 0x08, 0x0f, 0x00, 0x00, 0x00,
  0x00, 0x00, 0x00, 0x00, 0x00, 0x00, 0x00, 0x00, 0x00, 0x00, 0x00, 0x00, 0x00, 0x00, 0x00, 0x00,
  0x00, 0x00, 0x00, 0x00, 0x00, 0x00, 0x00, 0x00, 0x00, 0x00, 0x00, 0x00, 0x00, 0x00, 0x00, 0x00,
  0x00, 0x00, 0x00, 0x00, 0x00, 0x00, 0x00, 0x00, 0x00, 0x00, 0x00, 0x00, 0x00, 0x00, 0x00, 0x00,
  0x00, 0x00, 0x00, 0x00, 0x01, 0x05, 0x12, 0x06, 0x10, 0x2e, 0x3a, 0x1a, 0x33, 0x3e, 0x58, 0x8f,
  0xc7, 0xeb, 0xf0, 0xee, 0xe1, 0xa2, 0x94, 0xa3, 0xb4, 0xd5, 0xea, 0xf2, 0xf3, 0xf8, 0xf7, 0xf8,
  0xf9, 0xfa, 0xfa, 0xfa, 0xfb, 0xfb, 0xfb, 0xfb, 0xfc, 0xfc, 0xfb, 0xfb, 0xfb, 0xfb, 0xfb, 0xfc,
  0xfc, 0xfb, 0xfc, 0xfb, 0xfa, 0xfb, 0xf9, 0xfb, 0xfc, 0xfc, 0xfc, 0xfb, 0xff, 0x9c, 0x9e, 0xf0,
  0xff, 0xf8, 0xfc, 0xfd, 0xfb, 0xfc, 0xfc, 0xfc, 0xfc, 0xfd, 0xfc, 0xfc, 0xfc, 0xfb, 0xfc, 0xfc,
  0xfb, 0xfc, 0xfc, 0xfc, 0xfc, 0xfc, 0xfc, 0xfd, 0xfc, 0xfc, 0xfb, 0xfc, 0xfc, 0xfc, 0xfc, 0xfb,
  0xfd, 0xfd, 0xfd, 0xf2, 0xf6, 0xfc, 0xfb, 0xfd, 0xfa, 0xe9, 0xfc, 0xfc, 0xfd, 0xfc, 0xfc, 0xfb,
  0xfc, 0xfa, 0xfb, 0xfb, 0xfb, 0xfb, 0xfb, 0xfa, 0xfa, 0xfb, 0xfc, 0xfc, 0xfb, 0xfb, 0xfb, 0xfc,
  0xfc, 0xfb, 0xfb, 0xf9, 0xe7, 0xfb, 0xfe, 0xfc, 0xfc, 0xfc, 0xfc, 0xfd, 0xfc, 0xfc, 0xfd, 0xfc,
  0xfb, 0xfb, 0xf9, 0xfb, 0xfd, 0xfc, 0xfc, 0xfc, 0xfc, 0xfc, 0xfd, 0xfb, 0xfb, 0xfc, 0xfd, 0xfc,
  0xfc, 0xfc, 0xfc, 0xfe, 0xfc, 0xfa, 0xfb, 0xfa, 0xfc, 0xfc, 0xfc, 0xfb, 0xfb, 0xfd, 0xfb, 0xf9,
  0xfb, 0xfa, 0xfb, 0xfb, 0xfa, 0xfb, 0xf9, 0xf5, 0xfc, 0xfb, 0xfb, 0xfb, 0xf7, 0xec, 0xcf, 0xb9,
  0xd3, 0xc6, 0xb3, 0x79, 0x4c, 0x37, 0x31, 0x26, 0x17, 0x11, 0x12, 0x07, 0x03, 0x05, 0x01, 0x01,
  0x03, 0x00, 0x01, 0x00, 0x1d, 0x28, 0x0f, 0x01, 0x00, 0x00, 0x00, 0x02, 0x02, 0x00, 0x00, 0x00,
  0x00, 0x00, 0x00, 0x00, 0x00, 0x00, 0x00, 0x00, 0x00, 0x00, 0x00, 0x00, 0x00, 0x00, 0x00, 0x00,
  0x00, 0x00, 0x00, 0x00, 0x00, 0x00, 0x00, 0x00, 0x00, 0x00, 0x00, 0x00, 0x00, 0x00, 0x00, 0x00,
  0x00, 0x00, 0x00, 0x00, 0x00, 0x00, 0x00, 0x00, 0x00, 0x00, 0x00, 0x00, 0x00, 0x00, 0x00, 0x09,
  0x17, 0x3c, 0x5c, 0x5c, 0x3e, 0x56, 0x7f, 0xac, 0xce, 0xeb, 0xf2, 0xe9, 0xdb, 0xa8, 0x81, 0x8c,
  0xa5, 0xb3, 0xb3, 0xd1, 0xed, 0xef, 0xf5, 0xee, 0xf2, 0xf7, 0xfa, 0xfb, 0xf9, 0xfb, 0xfd, 0xfb,
  0xfb, 0xfa, 0xfb, 0xfb, 0xfc, 0xfc, 0xfa, 0xfb, 0xfc, 0xfb, 0xfc, 0xfa, 0xfc, 0xfc, 0xfb, 0xfc,
  0xf9, 0xfa, 0xfb, 0xfc, 0xf9, 0xff, 0xc7, 0xb4, 0xff, 0xfe, 0xf9, 0xfb, 0xfb, 0xfd, 0xfc, 0xfc,
  0xfb, 0xfb, 0xfc, 0xfd, 0xfc, 0xfc, 0xfc, 0xfd, 0xfb, 0xfc, 0xfc, 0xfc, 0xfd, 0xfc, 0xfc, 0xfb,
  0xfc, 0xfc, 0xfc, 0xfc, 0xfb, 0xfb, 0xfd, 0xfc, 0xfc, 0xfc, 0xfc, 0xfc, 0xfa, 0xf9, 0xec, 0xfb,
  0xfb, 0xfd, 0xfb, 0xfe, 0xfa, 0xfc, 0xfc, 0xfb, 0xfb, 0xfb, 0xfb, 0xfa, 0xfb, 0xf9, 0xf9, 0xfc,
  0xfa, 0xfb, 0xfb, 0xfb, 0xfc, 0xfc, 0xfc, 0xfb, 0xfa, 0xfc, 0xfb, 0xfb, 0xfb, 0xf9, 0xfc, 0xfd,
  0xfb, 0xfc, 0xfc, 0xfb, 0xfb, 0xfd, 0xfd, 0xfc, 0xfb, 0xfb, 0xf3, 0xf3, 0xed, 0xf9, 0xfc, 0xfc,
  0xfc, 0xfc, 0xfc, 0xfd, 0xfc, 0xfb, 0xfb, 0xfb, 0xfb, 0xfd, 0xfc, 0xfc, 0xfc, 0xfc, 0xfb, 0xfb,
  0xfa, 0xfa, 0xfc, 0xfb, 0xfb, 0xfa, 0xfa, 0xfd, 0xfc, 0xfa, 0xfb, 0xfa, 0xfc, 0xfb, 0xfb, 0xfb,
  0xfa, 0xf8, 0xf8, 0xfc, 0xfd, 0xfa, 0xf8, 0xf6, 0xf3, 0xed, 0xe0, 0xbf, 0x6d, 0x2e, 0x2d, 0x39,
  0x3f, 0x25, 0x18, 0x10, 0x0b, 0x01, 0x03, 0x03, 0x01, 0x02, 0x01, 0x01, 0x01, 0x00, 0x48, 0x52,
  0x02, 0x01, 0x00, 0x00, 0x00, 0x02, 0x01, 0x00, 0x00, 0x00, 0x00, 0x00, 0x00, 0x00, 0x00, 0x00,
  0x00, 0x00, 0x00, 0x00, 0x00, 0x00, 0x00, 0x00, 0x00, 0x00, 0x00, 0x00, 0x00, 0x00, 0x00, 0x00,
  0x00, 0x00, 0x00, 0x00, 0x00, 0x00, 0x00, 0x00, 0x00, 0x00, 0x00, 0x00, 0x00, 0x00, 0x00, 0x00,
  0x00, 0x00, 0x00, 0x00, 0x01, 0x00, 0x01, 0x09, 0x1d, 0x44, 0x4b, 0x57, 0x49, 0x40, 0x59, 0xa1,
  0xcc, 0xe7, 0xe3, 0xd7, 0x91, 0x73, 0xaf, 0x92, 0x91, 0x92, 0xc4, 0xa0, 0xa1, 0xd5, 0xe5, 0xd2,
  0xd6, 0xdf, 0xeb, 0xf7, 0xfc, 0xfa, 0xfa, 0xfb, 0xfc, 0xfc, 0xfb, 0xfb, 0xfb, 0xfb, 0xfd, 0xfd,
  0xfb, 0xfb, 0xfa, 0xfc, 0xfd, 0xfb, 0xfb, 0xfb, 0xfc, 0xfc, 0xfc, 0xfb, 0xfb, 0xfb, 0xff, 0xcc,
  0xb2, 0xff, 0xfa, 0xfc, 0xfc, 0xfc, 0xfe, 0xfb, 0xfd, 0xfd, 0xfc, 0xfc, 0xfb, 0xfd, 0xfd, 0xfd,
  0xfa, 0xf7, 0xfe, 0xfd, 0xfb, 0xf9, 0xfa, 0xfd, 0xfd, 0xfa, 0xfc, 0xfb, 0xfc, 0xfd, 0xfc, 0xfc,
  0xfa, 0xfc, 0xfd, 0xfc, 0xfc, 0xfb, 0xfb, 0xfc, 0xfc, 0xfb, 0xf9, 0xfc, 0xfd, 0xfb, 0xfb, 0xfc,
  0xfb, 0xfd, 0xfb, 0xfb, 0xfb, 0xfa, 0xfc, 0xfb, 0xf9, 0xf9, 0xfb, 0xfd, 0xfc, 0xfa, 0xfc, 0xfb,
  0xfc, 0xfc, 0xfb, 0xfb, 0xfb, 0xff, 0xf9, 0xfd, 0xfb, 0xfa, 0xfc, 0xfc, 0xfc, 0xfc, 0xfb, 0xfb,
  0xfb, 0xf7, 0xfd, 0xfb, 0xfd, 0xfe, 0xff, 0xfb, 0xfb, 0xfc, 0xfd, 0xfc, 0xfc, 0xfb, 0xfb, 0xfc,
  0xfc, 0xfb, 0xfb, 0xfb, 0xfd, 0xfd, 0xfb, 0xfb, 0xfb, 0xfb, 0xfb, 0xfb, 0xfa, 0xfa, 0xfc, 0xfb,
  0xfb, 0xfb, 0xfb, 0xfd, 0xfb, 0xfb, 0xfa, 0xfa, 0xfb, 0xfb, 0xfd, 0xf1, 0xf3, 0xff, 0xfc, 0xfb,
  0xfa, 0xef, 0xf9, 0xd4, 0xb0, 0x8a, 0x75, 0x66, 0x61, 0x43, 0x24, 0x17, 0x16, 0x0e, 0x0b, 0x04,
  0x02, 0x01, 0x00, 0x03, 0x00, 0x00, 0x00, 0x02, 0x0b, 0x04, 0x00, 0x00, 0x00, 0x00, 0x00, 0x00,
  0x00, 0x00, 0x00, 0x00, 0x00, 0x00, 0x00, 0x00, 0x00, 0x00, 0x00, 0x00, 0x00, 0x00, 0x00, 0x00,
  0x00, 0x00, 0x00, 0x00, 0x00, 0x00, 0x00, 0x00, 0x00, 0x00, 0x00, 0x00, 0x00, 0x00, 0x00, 0x00,
  0x00, 0x00, 0x00, 0x00, 0x00, 0x00, 0x00, 0x00, 0x00, 0x00, 0x00, 0x00, 0x00, 0x00, 0x05, 0x1a,
  0x1e, 0x1f, 0x2d, 0x3f, 0x44, 0x52, 0x6a, 0xaa, 0xcb, 0xe4, 0xeb, 0xc6, 0x99, 0x69, 0x52, 0x87,
  0xaf, 0x9c, 0x89, 0x9b, 0xa4, 0x9a, 0xc2, 0xbc, 0xbd, 0xc0, 0xd0, 0xf5, 0xf1, 0xf7, 0xfc, 0xfb,
  0xfc, 0xf9, 0xfa, 0xfd, 0xfa, 0xfc, 0xfb, 0xfc, 0xfd, 0xfb, 0xfc, 0xfc, 0xfb, 0xfd, 0xfc, 0xfe,
  0xfe, 0xfd, 0xfc, 0xfc, 0xfd, 0xfc, 0xf8, 0xff, 0xc3, 0xbd, 0xff, 0xfc, 0xfc, 0xfc, 0xfe, 0xfb,
  0xec, 0xfd, 0xfd, 0xfb, 0xfd, 0xfb, 0xfd, 0xfd, 0xfc, 0xfe, 0xfa, 0xfb, 0xfe, 0xfd, 0xfd, 0xf1,
  0xf9, 0xfd, 0xfd, 0xfe, 0xfb, 0xfc, 0xfd, 0xfc, 0xfd, 0xfe, 0xfc, 0xfd, 0xfb, 0xfd, 0xfc, 0xfb,
  0xfb, 0xfc, 0xfc, 0xfd, 0xfa, 0xfb, 0xfd, 0xfd, 0xfe, 0xfc, 0xfc, 0xfc, 0xfb, 0xfd, 0xfa, 0xfc,
  0xfc, 0xfb, 0xfc, 0xfb, 0xfb, 0xfe, 0xfd, 0xfe, 0xfc, 0xfb, 0xfc, 0xfc, 0xfe, 0xfb, 0xfe, 0xee,
  0xee, 0xff, 0xfc, 0xfc, 0xfc, 0xfc, 0xfd, 0xfb, 0xfc, 0xf9, 0xfa, 0xfd, 0xfd, 0xfb, 0xfc, 0xfd,
  0xfd, 0xfd, 0xfb, 0xfc, 0xfd, 0xfd, 0xfe, 0xfc, 0xfb, 0xfc, 0xfc, 0xfd, 0xfb, 0xfc, 0xfd, 0xfc,
  0xfc, 0xfb, 0xfa, 0xfb, 0xfb, 0xfd, 0xfb, 0xfa, 0xfe, 0xfd, 0xfd, 0xfa, 0xfc, 0xfc, 0xfc, 0xfd,
  0xfc, 0xfb, 0xfb, 0xfc, 0xfc, 0xfd, 0xe4, 0xf4, 0xfc, 0xfb, 0xf7, 0xec, 0xe8, 0xdc, 0xc6, 0x77,
  0x69, 0x47, 0x2b, 0x24, 0x1b, 0x18, 0x15, 0x08, 0x0a, 0x06, 0x03, 0x01, 0x01, 0x02, 0x03, 0x01,
  0x01, 0x01, 0x03, 0x02, 0x00, 0x01, 0x00, 0x00, 0x00, 0x01, 0x00, 0x00, 0x00, 0x00, 0x00, 0x00,
  0x00, 0x00, 0x00, 0x00, 0x00, 0x00, 0x00, 0x00, 0x00, 0x00, 0x00, 0x00, 0x00, 0x00, 0x00, 0x00,
  0x00, 0x00, 0x00, 0x00, 0x00, 0x00, 0x00, 0x00, 0x00, 0x00, 0x00, 0x00, 0x00, 0x00, 0x00, 0x00,
  0x00, 0x00, 0x00, 0x00, 0x00, 0x00, 0x00, 0x01, 0x06, 0x16, 0x1c, 0x1e, 0x2d, 0x5b, 0x7d, 0xa7,
  0xc0, 0xd2, 0xc3, 0xb7, 0x9b, 0x68, 0x61, 0x40, 0x74, 0x9a, 0x8f, 0x60, 0x7c, 0xbf, 0x98, 0xc6,
  0xd9, 0xb3, 0xca, 0xd2, 0xe6, 0xf2, 0xf4, 0xf8, 0xfb, 0xfb, 0xfc, 0xfa, 0xfb, 0xfb, 0xfa, 0xfb,
  0xfc, 0xfb, 0xfb, 0xfa, 0xfc, 0xfc, 0xfd, 0xfb, 0xfb, 0xfd, 0xfd, 0xfd, 0xfc, 0xfb, 0xfc, 0xfa,
  0xff, 0xc7, 0xb3, 0xfe, 0xfa, 0xfc, 0xfd, 0xfe, 0xf2, 0xe6, 0xf3, 0xfe, 0xfb, 0xfb, 0xfc, 0xfc,
  0xfa, 0xf9, 0xfb, 0xfc, 0xfc, 0xff, 0xf7, 0xf1, 0xf4, 0xf7, 0xfa, 0xfd, 0xf4, 0xec, 0xfd, 0xfd,
  0xfc, 0xfc, 0xf8, 0xe8, 0xfe, 0xfb, 0xfb, 0xfc, 0xfc, 0xfd, 0xfb, 0xf9, 0xfb, 0xfc, 0xfc, 0xfc,
  0xfa, 0xfc, 0xfd, 0xfb, 0xfd, 0xfb, 0xfb, 0xfb, 0xfb, 0xfc, 0xfa, 0xfa, 0xfb, 0xfb, 0xfd, 0xfc,
  0xfc, 0xfc, 0xfd, 0xfd, 0xfc, 0xfc, 0xfc, 0xfc, 0xfe, 0xe4, 0xf8, 0xfe, 0xfc, 0xfc, 0xfc, 0xfb,
  0xfb, 0xfb, 0xf9, 0xfc, 0xfc, 0xfc, 0xfc, 0xfc, 0xfc, 0xfc, 0xfc, 0xfd, 0xfc, 0xfd, 0xfb, 0xfd,
  0xfd, 0xfc, 0xfd, 0xfb, 0xfc, 0xfb, 0xfb, 0xfd, 0xfb, 0xfb, 0xfc, 0xfc, 0xfc, 0xfa, 0xfb, 0xfc,
  0xfb, 0xfc, 0xfb, 0xfa, 0xfc, 0xfd, 0xfd, 0xfb, 0xf9, 0xfc, 0xfd, 0xfd, 0xf9, 0xfa, 0xfb, 0xfe,
  0xdb, 0xf3, 0xfb, 0xfb, 0xfa, 0xee, 0xe5, 0xc6, 0x9f, 0x64, 0x4d, 0x2c, 0x2c, 0x28, 0x16, 0x16,
  0x18, 0x0c, 0x08, 0x04, 0x05, 0x03, 0x00, 0x01, 0x02, 0x01, 0x01, 0x01, 0x00, 0x00, 0x00, 0x01,
  0x00, 0x00, 0x00, 0x00, 0x03, 0x00, 0x00, 0x00, 0x00, 0x00, 0x00, 0x00, 0x00, 0x00, 0x00, 0x00,
  0x00, 0x00, 0x00, 0x00, 0x00, 0x00, 0x00, 0x00, 0x00, 0x00, 0x00, 0x00, 0x00, 0x00, 0x00, 0x00,
  0x00, 0x00, 0x00, 0x00, 0x00, 0x00, 0x00, 0x00, 0x00, 0x00, 0x00, 0x00, 0x00, 0x00, 0x00, 0x00,
  0x00, 0x00, 0x08, 0x05, 0x0d, 0x35, 0x92, 0xc0, 0xb8, 0xad, 0x9d, 0x97, 0x74, 0x4c, 0x35, 0x30,
  0x28, 0x2a, 0x75, 0x81, 0xa0, 0x8e, 0x99, 0xbf, 0xd2, 0xae, 0xd1, 0xc5, 0xd5, 0xea, 0xee, 0xf6,
  0xf5, 0xfa, 0xfd, 0xfc, 0xfd, 0xfc, 0xfb, 0xfd, 0xfd, 0xfb, 0xfb, 0xfd, 0xfe, 0xfd, 0xfd, 0xfd,
  0xfd, 0xfe, 0xfd, 0xfc, 0xfc, 0xfc, 0xfe, 0xfd, 0xfa, 0xfd, 0xca, 0xb3, 0xff, 0xfc, 0xfd, 0xfd,
  0xff, 0xf3, 0xee, 0xfe, 0xff, 0xfd, 0xfd, 0xfd, 0xfc, 0xfd, 0xfd, 0xfe, 0xff, 0xff, 0xf7, 0xec,
  0xe3, 0xde, 0xe6, 0xf3, 0xf6, 0xfa, 0xec, 0xda, 0xec, 0xf3, 0xfe, 0xfd, 0xf9, 0xf2, 0xfe, 0xfd,
  0xfd, 0xfd, 0xfd, 0xfe, 0xfd, 0xfc, 0xfc, 0xfd, 0xfc, 0xfe, 0xfc, 0xfc, 0xfd, 0xfd, 0xff, 0xfe,
  0xfc, 0xfd, 0xfd, 0xfc, 0xfc, 0xfc, 0xfc, 0xfb, 0xfc, 0xfd, 0xfd, 0xfc, 0xfc, 0xfe, 0xfe, 0xfd,
  0xfc, 0xfd, 0xfc, 0xfe, 0xfe, 0xfc, 0xfd, 0xfd, 0xfd, 0xfd, 0xfd, 0xfd, 0xfd, 0xfd, 0xfd, 0xfd,
  0xfd, 0xfe, 0xfe, 0xfd, 0xfd, 0xfe, 0xfd, 0xfe, 0xfd, 0xfe, 0xfd, 0xfd, 0xfe, 0xfd, 0xfd, 0xfd,
  0xfd, 0xfe, 0xfd, 0xfd, 0xfe, 0xfd, 0xfd, 0xfd, 0xfc, 0xfc, 0xfc, 0xfd, 0xfc, 0xfc, 0xfc, 0xfc,
  0xfe, 0xfd, 0xfc, 0xfd, 0xfc, 0xfe, 0xfc, 0xfd, 0xfc, 0xfd, 0xf4, 0xfb, 0xfc, 0xfc, 0xfa, 0xf3,
  0xdf, 0xaa, 0x7d, 0x78, 0x77, 0x3f, 0x22, 0x1d, 0x0f, 0x0c, 0x0a, 0x03, 0x01, 0x01, 0x01, 0x02,
  0x00, 0x00, 0x00, 0x00, 0x00, 0x00, 0x00, 0x00, 0x00, 0x00, 0x00, 0x00, 0x00, 0x00, 0x00, 0x00,
  0x00, 0x00, 0x00, 0x00, 0x00, 0x00, 0x00, 0x00, 0x00, 0x00, 0x00, 0x00, 0x00, 0x00, 0x00, 0x00,
  0x00, 0x00, 0x00, 0x00, 0x00, 0x00, 0x00, 0x00, 0x00, 0x00, 0x00, 0x00, 0x00, 0x00, 0x00, 0x00,
  0x00, 0x00, 0x00, 0x00, 0x00, 0x00, 0x00, 0x00, 0x02, 0x01, 0x02, 0x03, 0x07, 0x25, 0x6e, 0xb9,
  0xc3, 0x9f, 0x71, 0x63, 0x62, 0x50, 0x42, 0x2b, 0x0f, 0x1d, 0x41, 0x33, 0x71, 0x92, 0xc3, 0xe8,
  0xd6, 0xc2, 0xb3, 0xa2, 0xc6, 0xd6, 0xe1, 0xf4, 0xf4, 0xf4, 0xf6, 0xfd, 0xfc, 0xfd, 0xfc, 0xfd,
  0xfe, 0xfe, 0xff, 0xf4, 0xe4, 0xff, 0xfd, 0xfe, 0xfd, 0xfe, 0xfe, 0xfd, 0xfd, 0xfc, 0xfe, 0xfe,
  0xfd, 0xfb, 0xfe, 0xf4, 0x95, 0xf7, 0xfd, 0xfd, 0xfd, 0xfe, 0xfe, 0xf7, 0xfe, 0xfc, 0xfe, 0xf4,
  0xfa, 0xfc, 0xfd, 0xfe, 0xff, 0xf3, 0xdd, 0xf3, 0xf1, 0xe3, 0xef, 0xf4, 0xf9, 0xf1, 0xe9, 0xf2,
  0xf7, 0xea, 0xd1, 0xdd, 0xfe, 0xfc, 0xfd, 0xff, 0xe0, 0xfd, 0xfe, 0xfd, 0xff, 0xff, 0xfe, 0xfe,
  0xfe, 0xfe, 0xff, 0xff, 0xfd, 0xfe, 0xfd, 0xfd, 0xfe, 0xfd, 0xfc, 0xfc, 0xfe, 0xfd, 0xfe, 0xfd,
  0xfd, 0xff, 0xfe, 0xfd, 0xfc, 0xfc, 0xfe, 0xfd, 0xfd, 0xfd, 0xfd, 0xfd, 0xfd, 0xfe, 0xfd, 0xfe,
  0xfe, 0xfe, 0xff, 0xfe, 0xfe, 0xfe, 0xfd, 0xfe, 0xfd, 0xfe, 0xfd, 0xfe, 0xff, 0xfd, 0xfe, 0xfe,
  0xfe, 0xfe, 0xfe, 0xfd, 0xfd, 0xfe, 0xff, 0xfe, 0xfe, 0xfe, 0xff, 0xfe, 0xfd, 0xff, 0xfe, 0xfe,
  0xfe, 0xfd, 0xfb, 0xfc, 0xff, 0xfd, 0xfe, 0xfe, 0xfd, 0xfe, 0xfe, 0xfe, 0xff, 0xfd, 0xfe, 0xfd,
  0xff, 0xfd, 0xfc, 0xfd, 0xff, 0xfe, 0xfd, 0xfb, 0xfa, 0xf7, 0xce, 0xcc, 0xc1, 0xa1, 0x8b, 0x48,
  0x19, 0x17, 0x08, 0x0c, 0x06, 0x02, 0x00, 0x00, 0x00, 0x00, 0x00, 0x00, 0x00, 0x00, 0x00, 0x00,
  0x00, 0x00, 0x00, 0x00, 0x00, 0x00, 0x00, 0x00, 0x00, 0x00, 0x00, 0x00, 0x00, 0x00, 0x00, 0x00,
  0x00, 0x00, 0x00, 0x00, 0x00, 0x00, 0x00, 0x00, 0x00, 0x00, 0x00, 0x00, 0x00, 0x00, 0x00, 0x00,
  0x00, 0x00, 0x00, 0x00, 0x00, 0x00, 0x00, 0x00, 0x00, 0x00, 0x00, 0x00, 0x00, 0x00, 0x00, 0x00,
  0x00, 0x03, 0x05, 0x02, 0x00, 0x1a, 0x50, 0x9f, 0xbc, 0x90, 0x6d, 0x53, 0x3f, 0x42, 0x38, 0x22,
  0x19, 0x11, 0x17, 0x2a, 0x38, 0x51, 0x61, 0x8a, 0xc2, 0xfb, 0xfa, 0x9f, 0xa9, 0xcd, 0xe4, 0xde,
  0xef, 0xf3, 0xf6, 0xf4, 0xf9, 0xfe, 0xfd, 0xfc, 0xfc, 0xfe, 0xfe, 0xfe, 0xfe, 0xe3, 0xfe, 0xfe,
  0xfe, 0xfe, 0xfd, 0xfe, 0xff, 0xfd, 0xfe, 0xfd, 0xfe, 0xfe, 0xfe, 0xfc, 0xff, 0xad, 0xe7, 0xff,
  0xfe, 0xfd, 0xfd, 0xff, 0xfe, 0xff, 0xf4, 0xff, 0xfe, 0xff, 0xff, 0xff, 0xff, 0xff, 0xf2, 0xe4,
  0xe5, 0xef, 0xfa, 0xfc, 0xfd, 0xe9, 0xcf, 0xcd, 0xf6, 0xf7, 0xdc, 0xad, 0xca, 0xe0, 0xfa, 0xff,
  0xfc, 0xff, 0xe6, 0xf0, 0xff, 0xfe, 0xff, 0xff, 0xfe, 0xfe, 0xfc, 0xfe, 0xff, 0xfe, 0xfe, 0xfd,
  0xfd, 0xfe, 0xfe, 0xfe, 0xfc, 0xfc, 0xfe, 0xfe, 0xfd, 0xfe, 0xfe, 0xfe, 0xff, 0xfe, 0xfd, 0xfc,
  0xfd, 0xfe, 0xfe, 0xfd, 0xfc, 0xfd, 0xfe, 0xff, 0xfd, 0xfd, 0xfe, 0xfe, 0xfe, 0xfe, 0xfd, 0xff,
  0xff, 0xfe, 0xfe, 0xfc, 0xfe, 0xfd, 0xfe, 0xff, 0xfd, 0xfd, 0xfe, 0xfe, 0xfe, 0xfc, 0xfe, 0xfe,
  0xfe, 0xfe, 0xfe, 0xfd, 0xfe, 0xfe, 0xfe, 0xfd, 0xfd, 0xfe, 0xff, 0xfe, 0xfd, 0xfa, 0xfd, 0xfe,
  0xfe, 0xfd, 0xfd, 0xfe, 0xff, 0xfd, 0xfd, 0xfc, 0xfe, 0xfe, 0xfe, 0xfc, 0xfd, 0xfe, 0xfd, 0xfb,
  0xfd, 0xfd, 0xfd, 0xf7, 0xd8, 0xae, 0x82, 0x95, 0x88, 0x3c, 0x2e, 0x34, 0x27, 0x24, 0x0e, 0x00,
  0x02, 0x01, 0x00, 0x00, 0x00, 0x00, 0x00, 0x00, 0x00, 0x00, 0x00, 0x00, 0x00, 0x01, 0x01, 0x00,
  0x00, 0x00, 0x00, 0x00, 0x00, 0x00, 0x00, 0x00, 0x00, 0x00, 0x00, 0x00, 0x00, 0x00, 0x00, 0x00,
  0x00, 0x00, 0x00, 0x00, 0x00, 0x00, 0x00, 0x00, 0x00, 0x00, 0x00, 0x00, 0x00, 0x00, 0x00, 0x00,
  0x00, 0x00, 0x00, 0x00, 0x00, 0x00, 0x00, 0x00, 0x01, 0x01, 0x00, 0x00, 0x00, 0x22, 0x59, 0x95,
  0xb5, 0x81, 0x50, 0x32, 0x38, 0x3f, 0x26, 0x17, 0x0b, 0x0f, 0x0e, 0x14, 0x19, 0x19, 0x21, 0x3c,
  0x48, 0x5f, 0xcc, 0xee, 0xf3, 0xb9, 0xb0, 0xd8, 0xd4, 0xea, 0xf1, 0xeb, 0xfa, 0xf6, 0xf7, 0xfc,
  0xfd, 0xfc, 0xfc, 0xfe, 0xfe, 0xfe, 0xfd, 0xf7, 0xfc, 0xfe, 0xff, 0xfe, 0xff, 0xfe, 0xfe, 0xfe,
  0xfe, 0xfe, 0xfe, 0xfe, 0xfd, 0xff, 0xe1, 0xbb, 0xff, 0xfc, 0xff, 0xfe, 0xfd, 0xfe, 0xff, 0xf3,
  0xf4, 0xd6, 0xde, 0xf2, 0xed, 0xeb, 0xef, 0xf2, 0xfa, 0xff, 0xfb, 0xe7, 0xfd, 0xff, 0xe3, 0xde,
  0xd8, 0xc1, 0xed, 0xe3, 0xfe, 0xee, 0xda, 0xf3, 0xf9, 0xfe, 0xfc, 0xff, 0xeb, 0xc3, 0xff, 0xf6,
  0xfb, 0xff, 0xfe, 0xff, 0xfd, 0xfd, 0xfe, 0xfe, 0xfe, 0xfe, 0xfd, 0xff, 0xfe, 0xfe, 0xfd, 0xfd,
  0xfd, 0xff, 0xff, 0xfe, 0xff, 0xfe, 0xfe, 0xfe, 0xfe, 0xfe, 0xfd, 0xfd, 0xfe, 0xfe, 0xff, 0xff,
  0xfd, 0xff, 0xfd, 0xfd, 0xfe, 0xfe, 0xfe, 0xfe, 0xfe, 0xfe, 0xfe, 0xfe, 0xff, 0xff, 0xfe, 0xfd,
  0xfe, 0xfe, 0xfd, 0xfe, 0xff, 0xfd, 0xff, 0xfe, 0xfe, 0xff, 0xfe, 0xfe, 0xff, 0xfe, 0xfd, 0xfe,
  0xfe, 0xfe, 0xfe, 0xfe, 0xfd, 0xfe, 0xfe, 0xfc, 0xfc, 0xfd, 0xfe, 0xfe, 0xfe, 0xfe, 0xfe, 0xfe,
  0xfe, 0xfd, 0xfe, 0xfe, 0xfe, 0xfe, 0xfe, 0xff, 0xf6, 0xda, 0xff, 0xfc, 0xfd, 0xf9, 0xd1, 0x9f,
  0x87, 0x85, 0x6c, 0x5e, 0x84, 0xbb, 0xc3, 0x39, 0x10, 0x29, 0x05, 0x00, 0x00, 0x00, 0x00, 0x00,
  0x00, 0x00, 0x01, 0x00, 0x00, 0x00, 0x00, 0x00, 0x00, 0x00, 0x00, 0x00, 0x00, 0x00, 0x00, 0x00,
  0x00, 0x00, 0x00, 0x00, 0x00, 0x00, 0x00, 0x00, 0x00, 0x00, 0x00, 0x00, 0x00, 0x00, 0x00, 0x00,
  0x00, 0x00, 0x00, 0x00, 0x00, 0x00, 0x00, 0x00, 0x00, 0x00, 0x00, 0x00, 0x00, 0x00, 0x00, 0x00,
  0x01, 0x01, 0x00, 0x00, 0x01, 0x1f, 0x66, 0x9b, 0x99, 0x77, 0x4b, 0x1b, 0x11, 0x20, 0x22, 0x0d,
  0x05, 0x0a, 0x04, 0x00, 0x0a, 0x17, 0x11, 0x13, 0x38, 0x30, 0x6b, 0x89, 0xa7, 0xac, 0xc1, 0xbb,
  0x96, 0xa1, 0xbb, 0xec, 0xf0, 0xf4, 0xf9, 0xf8, 0xfc, 0xfe, 0xfc, 0xfe, 0xfe, 0xfd, 0xfe, 0xfe,
  0xfe, 0xff, 0xfe, 0xff, 0xfe, 0xff, 0xff, 0xff, 0xff, 0xff, 0xff, 0xfe, 0xff, 0xff, 0xfd, 0xff,
  0xbb, 0xe7, 0xfd, 0xff, 0xff, 0xfe, 0xfe, 0xfe, 0xf8, 0xcb, 0xdc, 0xb3, 0xd7, 0xe6, 0xc3, 0xbd,
  0xe2, 0xde, 0xe4, 0xe4, 0xf7, 0xdb, 0xca, 0xd4, 0xc2, 0xe2, 0xe7, 0xc0, 0xc8, 0xc5, 0xdc, 0xc8,
  0xc9, 0xdc, 0xfe, 0xff, 0xff, 0xff, 0xf7, 0xe7, 0xf9, 0xe6, 0xfc, 0xfe, 0xff, 0xff, 0xff, 0xfe,
  0xfe, 0xff, 0xfe, 0xfe, 0xfe, 0xff, 0xff, 0xff, 0xfe, 0xfe, 0xfe, 0xff, 0xff, 0xfe, 0xfe, 0xff,
  0xff, 0xff, 0xff, 0xff, 0xff, 0xff, 0xfd, 0xff, 0xf1, 0xee, 0xfe, 0xfe, 0xfe, 0xfe, 0xfe, 0xfe,
  0xff, 0xfe, 0xff, 0xfe, 0xfe, 0xfe, 0xfe, 0xfd, 0xfe, 0xff, 0xff, 0xfe, 0xff, 0xff, 0xfe, 0xfe,
  0xfe, 0xff, 0xfe, 0xff, 0xfe, 0xfe, 0xfe, 0xff, 0xfe, 0xff, 0xff, 0xfe, 0xfe, 0xfe, 0xfe, 0xfe,
  0xfd, 0xfe, 0xfd, 0xfe, 0xff, 0xff, 0xff, 0xff, 0xff, 0xff, 0xfe, 0xff, 0xff, 0xff, 0xff, 0xfe,
  0xff, 0xff, 0xf9, 0xe4, 0xff, 0xfc, 0xfd, 0xff, 0xe5, 0xc8, 0xc6, 0xc9, 0xd6, 0xf7, 0xdc, 0x73,
  0x38, 0x26, 0x3b, 0x22, 0x00, 0x01, 0x00, 0x00, 0x00, 0x00, 0x00, 0x00, 0x00, 0x00, 0x00, 0x00,
  0x00, 0x01, 0x01, 0x00, 0x00, 0x00, 0x00, 0x00, 0x00, 0x00, 0x00, 0x00, 0x00, 0x00, 0x00, 0x00,
  0x00, 0x00, 0x00, 0x00, 0x00, 0x00, 0x00, 0x00, 0x00, 0x00, 0x00, 0x00, 0x00, 0x00, 0x00, 0x00,
  0x00, 0x00, 0x00, 0x00, 0x00, 0x00, 0x00, 0x00, 0x01, 0x03, 0x02, 0x00, 0x0b, 0x3e, 0x77, 0x9c,
  0x82, 0x4c, 0x34, 0x1e, 0x0f, 0x0b, 0x07, 0x04, 0x02, 0x06, 0x03, 0x01, 0x10, 0x23, 0x0e, 0x13,
  0x10, 0x0a, 0x28, 0x1b, 0x5c, 0x77, 0x95, 0x8b, 0xa4, 0xac, 0x71, 0xbe, 0xe7, 0xeb, 0xf1, 0xfa,
  0xf8, 0xfb, 0xfb, 0xfb, 0xfd, 0xfd, 0xfb, 0xfd, 0xfd, 0xfd, 0xfc, 0xfc, 0xfd, 0xfd, 0xfe, 0xfd,
  0xfc, 0xfe, 0xfd, 0xfe, 0xfe, 0xfd, 0xfe, 0xfd, 0xff, 0xe1, 0xd5, 0xfe, 0xfd, 0xf9, 0xf6, 0xfe,
  0xfe, 0xfe, 0xff, 0xff, 0xf3, 0xd5, 0xdf, 0xd9, 0xc1, 0xe2, 0xeb, 0xe9, 0xe7, 0xd4, 0xe0, 0xd3,
  0xbb, 0xce, 0xdd, 0xd4, 0xdf, 0xcf, 0xcd, 0xe1, 0xd1, 0xdc, 0xe8, 0xd6, 0xe6, 0xee, 0xfc, 0xf4,
  0xf1, 0xff, 0xe8, 0xcf, 0xff, 0xfe, 0xfe, 0xff, 0xfe, 0xfe, 0xfe, 0xff, 0xfe, 0xfd, 0xfe, 0xfd,
  0xfd, 0xfe, 0xfb, 0xfd, 0xfd, 0xfc, 0xff, 0xfd, 0xfe, 0xfe, 0xfd, 0xfe, 0xfd, 0xfd, 0xfe, 0xfd,
  0xfd, 0xff, 0xee, 0xf7, 0xfe, 0xfe, 0xfe, 0xfe, 0xfe, 0xfd, 0xfe, 0xfe, 0xfe, 0xfe, 0xfd, 0xfe,
  0xfd, 0xf9, 0xfd, 0xfd, 0xfd, 0xff, 0xfd, 0xfe, 0xfd, 0xfe, 0xff, 0xfd, 0xfe, 0xfd, 0xfe, 0xff,
  0xfd, 0xfe, 0xfd, 0xfe, 0xff, 0xfe, 0xfe, 0xff, 0xfd, 0xfd, 0xfc, 0xfd, 0xfd, 0xfd, 0xfd, 0xfd,
  0xfd, 0xfe, 0xfd, 0xfe, 0xfe, 0xfd, 0xfe, 0xfe, 0xfe, 0xfe, 0xfc, 0xfe, 0xf7, 0xec, 0xff, 0xfb,
  0xfd, 0xfb, 0xf9, 0xe9, 0xe9, 0xc2, 0xcb, 0xf3, 0x99, 0x47, 0x3f, 0x38, 0x13, 0x07, 0x02, 0x00,
  0x00, 0x01, 0x00, 0x00, 0x00, 0x00, 0x00, 0x00, 0x00, 0x00, 0x00, 0x00, 0x00, 0x00, 0x00, 0x00,
  0x00, 0x00, 0x00, 0x00, 0x00, 0x00, 0x00, 0x00, 0x00, 0x00, 0x00, 0x00, 0x00, 0x00, 0x00, 0x00,
  0x00, 0x00, 0x00, 0x00, 0x00, 0x00, 0x00, 0x00, 0x00, 0x00, 0x00, 0x00, 0x00, 0x00, 0x00, 0x00,
  0x01, 0x00, 0x00, 0x00, 0x17, 0x4c, 0x90, 0xa3, 0x84, 0x56, 0x26, 0x1c, 0x17, 0x10, 0x09, 0x00,
  0x01, 0x02, 0x03, 0x08, 0x00, 0x25, 0x46, 0x29, 0x0c, 0x05, 0x04, 0x00, 0x0b, 0x10, 0x2b, 0x47,
  0x7b, 0x8d, 0x64, 0xa2, 0xa1, 0xb6, 0xe8, 0xeb, 0xf3, 0xf7, 0xf7, 0xfa, 0xfa, 0xfb, 0xfa, 0xfa,
  0xfa, 0xfe, 0xee, 0xee, 0xfc, 0xf9, 0xfb, 0xfc, 0xfb, 0xfc, 0xfa, 0xfc, 0xfb, 0xfb, 0xfc, 0xfa,
  0xfb, 0xfb, 0xfb, 0xcc, 0xfd, 0xfd, 0xfe, 0xf9, 0xf7, 0xfd, 0xfa, 0xff, 0xc4, 0xd7, 0xf8, 0xe6,
  0xf4, 0xc4, 0xbb, 0xe7, 0xd9, 0xa4, 0xc7, 0xd7, 0xb7, 0xca, 0xd3, 0xe3, 0xea, 0xe2, 0xe3, 0xe0,
  0xd0, 0xee, 0xff, 0xff, 0xfb, 0xf8, 0xf5, 0xf3, 0xfa, 0xf7, 0xf8, 0xfe, 0xf2, 0xe8, 0xfa, 0xf1,
  0xfd, 0xfd, 0xfb, 0xfb, 0xfd, 0xfd, 0xfc, 0xfb, 0xfc, 0xfc, 0xfc, 0xfd, 0xfa, 0xfb, 0xfb, 0xfb,
  0xfc, 0xfb, 0xfc, 0xfc, 0xfc, 0xfb, 0xfc, 0xfb, 0xfc, 0xfb, 0xfb, 0xf5, 0xfb, 0xfe, 0xfd, 0xfd,
  0xfd, 0xfb, 0xfd, 0xfc, 0xfc, 0xf9, 0xfa, 0xfc, 0xfc, 0xfd, 0xfd, 0xfb, 0xff, 0xfb, 0xfd, 0xfd,
  0xfb, 0xfd, 0xfd, 0xfd, 0xfe, 0xfc, 0xfc, 0xfc, 0xfc, 0xfd, 0xfc, 0xfc, 0xfc, 0xfc, 0xfc, 0xfb,
  0xfc, 0xfd, 0xfc, 0xfc, 0xfb, 0xf9, 0xfc, 0xfc, 0xfc, 0xfc, 0xfc, 0xfd, 0xfc, 0xfc, 0xfe, 0xfa,
  0xfd, 0xfd, 0xfb, 0xfd, 0xfa, 0xfe, 0xf3, 0xc4, 0xff, 0xf8, 0xfb, 0xfa, 0xf8, 0xfa, 0xf7, 0xd5,
  0xbc, 0xc7, 0x4a, 0x60, 0x8e, 0x4c, 0x18, 0x06, 0x06, 0x03, 0x01, 0x01, 0x00, 0x00, 0x00, 0x00,
  0x00, 0x00, 0x00, 0x00, 0x00, 0x00, 0x00, 0x00, 0x00, 0x00, 0x00, 0x00, 0x00, 0x00, 0x00, 0x00,
  0x00, 0x00, 0x00, 0x00, 0x00, 0x00, 0x00, 0x00, 0x00, 0x00, 0x00, 0x00, 0x00, 0x00, 0x00, 0x00,
  0x00, 0x00, 0x00, 0x00, 0x00, 0x00, 0x00, 0x00, 0x00, 0x02, 0x00, 0x00, 0x1d, 0x5c, 0x92, 0x96,
  0x7c, 0x50, 0x23, 0x15, 0x17, 0x0f, 0x04, 0x02, 0x01, 0x02, 0x01, 0x01, 0x06, 0x07, 0x43, 0x86,
  0x37, 0x00, 0x09, 0x02, 0x00, 0x03, 0x03, 0x01, 0x0d, 0x26, 0x30, 0x5d, 0x56, 0x5f, 0x98, 0xa5,
  0xe8, 0xf2, 0xf5, 0xf9, 0xf9, 0xfa, 0xfa, 0xfb, 0xfc, 0xfb, 0xfc, 0xfd, 0xfd, 0xfa, 0xfc, 0xfa,
  0xfb, 0xfa, 0xfd, 0xfc, 0xfb, 0xfc, 0xfb, 0xfd, 0xfd, 0xfb, 0xfa, 0xff, 0xd3, 0xd3, 0xfe, 0xfb,
  0xfc, 0xfe, 0xff, 0xfb, 0xfc, 0xff, 0xd0, 0xce, 0xeb, 0xdc, 0xfe, 0xd5, 0xc3, 0xca, 0xe7, 0xd7,
  0xbe, 0xd2, 0xcd, 0xcb, 0xc9, 0xee, 0xfd, 0xe2, 0xd9, 0xd7, 0xe2, 0xf9, 0xfc, 0xfa, 0xfd, 0xfd,
  0xfd, 0xf2, 0xee, 0xff, 0xfb, 0xff, 0xf1, 0xe6, 0xf4, 0xea, 0xfe, 0xfc, 0xfd, 0xfe, 0xfd, 0xfd,
  0xfe, 0xfc, 0xfd, 0xfc, 0xfd, 0xfd, 0xfc, 0xfc, 0xfc, 0xfc, 0xfd, 0xfc, 0xfc, 0xfd, 0xfc, 0xfc,
  0xfc, 0xfb, 0xfd, 0xfb, 0xff, 0xf4, 0xf5, 0xfd, 0xfc, 0xfe, 0xfd, 0xfc, 0xfe, 0xfc, 0xfc, 0xfc,
  0xfc, 0xfe, 0xfd, 0xfe, 0xfe, 0xfc, 0xdd, 0xfc, 0xfd, 0xfe, 0xfd, 0xfd, 0xfb, 0xfc, 0xfe, 0xfd,
  0xfc, 0xfc, 0xfc, 0xfd, 0xfd, 0xfd, 0xfd, 0xfc, 0xfd, 0xfc, 0xfc, 0xfc, 0xfc, 0xfd, 0xfb, 0xfb,
  0xfc, 0xfc, 0xfc, 0xfc, 0xfc, 0xfc, 0xfc, 0xfe, 0xfc, 0xfb, 0xfc, 0xfd, 0xfd, 0xfc, 0xfb, 0xfd,
  0xf4, 0xcf, 0xfd, 0xfb, 0xfc, 0xfa, 0xf8, 0xf9, 0xf6, 0xff, 0xc5, 0x92, 0x73, 0x64, 0x68, 0x55,
  0x14, 0x06, 0x17, 0x1a, 0x09, 0x01, 0x00, 0x00, 0x00, 0x00, 0x00, 0x00, 0x00, 0x00, 0x00, 0x00,
  0x00, 0x00, 0x00, 0x00, 0x00, 0x00, 0x00, 0x00, 0x00, 0x0c, 0x01, 0x00, 0x00, 0x00, 0x00, 0x00,
  0x00, 0x00, 0x00, 0x00, 0x00, 0x00, 0x00, 0x00, 0x00, 0x00, 0x00, 0x00, 0x00, 0x00, 0x00, 0x00,
  0x01, 0x01, 0x00, 0x00, 0x1c, 0x59, 0x80, 0x7b, 0x48, 0x2d, 0x10, 0x0f, 0x05, 0x03, 0x01, 0x00,
  0x00, 0x00, 0x00, 0x01, 0x01, 0x01, 0x05, 0x35, 0x89, 0x2f, 0x00, 0x13, 0x06, 0x01, 0x00, 0x01,
  0x01, 0x01, 0x04, 0x14, 0x1c, 0x24, 0x2b, 0x43, 0xcb, 0xef, 0xea, 0xef, 0xf5, 0xf9, 0xf9, 0xf8,
  0xf9, 0xfc, 0xfb, 0xfb, 0xfc, 0xf8, 0xea, 0xfd, 0xfb, 0xfc, 0xfa, 0xfa, 0xfd, 0xfb, 0xfc, 0xfb,
  0xfb, 0xfb, 0xfc, 0xfc, 0xfb, 0xf7, 0xca, 0xe9, 0xfd, 0xfb, 0xfc, 0xfd, 0xfc, 0xfb, 0xff, 0xec,
  0xe2, 0xe3, 0xe9, 0xdf, 0xe4, 0xc7, 0xc1, 0xcb, 0xf6, 0xf5, 0xe3, 0xe5, 0xce, 0xd0, 0xd6, 0xe8,
  0xfa, 0xe4, 0xe9, 0xef, 0xfb, 0xfe, 0xfc, 0xfb, 0xfc, 0xfb, 0xfb, 0xf8, 0xf9, 0xfc, 0xfb, 0xfe,
  0xed, 0xee, 0xff, 0xff, 0xfd, 0xfd, 0xfd, 0xfc, 0xfa, 0xfd, 0xfe, 0xfc, 0xfb, 0xfc, 0xfc, 0xfc,
  0xfc, 0xfd, 0xf9, 0xfc, 0xfe, 0xfd, 0xfe, 0xfc, 0xfd, 0xfd, 0xfc, 0xfd, 0xfb, 0xfc, 0xf9, 0xf6,
  0xff, 0xfc, 0xfd, 0xfd, 0xfc, 0xfc, 0xfd, 0xfc, 0xfa, 0xed, 0xff, 0xfb, 0xfc, 0xfd, 0xfb, 0xfd,
  0xb8, 0xef, 0xfe, 0xfc, 0xfc, 0xfc, 0xfc, 0xfc, 0xfc, 0xfc, 0xfd, 0xfc, 0xfd, 0xfe, 0xfc, 0xfd,
  0xfb, 0xfc, 0xfd, 0xfc, 0xfc, 0xfc, 0xfc, 0xfc, 0xfc, 0xfc, 0xfa, 0xfa, 0xfd, 0xfd, 0xfd, 0xfb,
  0xfc, 0xfe, 0xfd, 0xfd, 0xfb, 0xfb, 0xfe, 0xfc, 0xfc, 0xfe, 0xf6, 0xde, 0xfd, 0xfc, 0xfb, 0xf9,
  0xfb, 0xfd, 0xfb, 0xf6, 0xdf, 0xb0, 0x97, 0x4f, 0x3d, 0x41, 0x15, 0x08, 0x10, 0x0b, 0x06, 0x01,
  0x00, 0x00, 0x00, 0x00, 0x00, 0x00, 0x00, 0x00, 0x00, 0x03, 0x04, 0x00, 0x00, 0x00, 0x00, 0x00,
  0x01, 0x06, 0x02, 0x12, 0x01, 0x00, 0x00, 0x00, 0x00, 0x00, 0x00, 0x00, 0x00, 0x00, 0x00, 0x00,
  0x00, 0x00, 0x00, 0x00, 0x00, 0x00, 0x00, 0x00, 0x00, 0x00, 0x00, 0x00, 0x09, 0x46, 0x6f, 0x61,
  0x3c, 0x15, 0x01, 0x02, 0x00, 0x00, 0x02, 0x00, 0x00, 0x00, 0x01, 0x00, 0x00, 0x00, 0x00, 0x03,
  0x07, 0x25, 0x12, 0x01, 0x06, 0x03, 0x05, 0x00, 0x00, 0x00, 0x00, 0x00, 0x0a, 0x16, 0x16, 0x1f,
  0x27, 0xa8, 0xe3, 0xe7, 0xe8, 0xf3, 0xf5, 0xfa, 0xfa, 0xfa, 0xfb, 0xfc, 0xfb, 0xfb, 0xfd, 0xf8,
  0xe5, 0xfc, 0xf9, 0xfd, 0xfd, 0xfd, 0xfc, 0xfc, 0xfd, 0xfd, 0xfc, 0xfc, 0xfc, 0xfd, 0xff, 0xf4,
  0xaa, 0xff, 0xfa, 0xfd, 0xfd, 0xfe, 0xe9, 0xf8, 0xff, 0xf6, 0xfe, 0xec, 0xda, 0xe6, 0xd4, 0xd1,
  0xcb, 0xe0, 0xf9, 0xd4, 0xe4, 0xff, 0xde, 0xd4, 0xd5, 0xe4, 0xea, 0xf0, 0xf9, 0xee, 0xfc, 0xfd,
  0xfc, 0xfd, 0xfd, 0xfc, 0xfd, 0xfd, 0xfe, 0xfd, 0xfd, 0xfc, 0xfe, 0xff, 0xfc, 0xfc, 0xfd, 0xfd,
  0xfe, 0xfd, 0xfb, 0xfe, 0xfd, 0xfd, 0xfd, 0xfd, 0xfd, 0xfc, 0xfd, 0xfd, 0xfb, 0xfd, 0xfd, 0xfc,
  0xfe, 0xfd, 0xfd, 0xfc, 0xfd, 0xfe, 0xfc, 0xfe, 0xf7, 0xed, 0xfe, 0xfe, 0xfe, 0xfc, 0xfc, 0xfc,
  0xfc, 0xfc, 0xfb, 0xef, 0xf6, 0xfd, 0xfb, 0xfc, 0xfa, 0xfb, 0xd8, 0xfc, 0xfd, 0xfc, 0xfd, 0xfd,
  0xfe, 0xfd, 0xfc, 0xfd, 0xfd, 0xfc, 0xfd, 0xfc, 0xfd, 0xfd, 0xfc, 0xfd, 0xfc, 0xfd, 0xfd, 0xfd,
  0xfd, 0xfc, 0xfd, 0xfd, 0xfb, 0xfc, 0xfd, 0xfc, 0xfe, 0xfe, 0xfe, 0xfe, 0xfd, 0xfe, 0xfe, 0xfe,
  0xfd, 0xfc, 0xfd, 0xfe, 0xfc, 0xec, 0xfc, 0xfc, 0xfc, 0xfc, 0xfb, 0xfc, 0xfb, 0xfc, 0xfd, 0x99,
  0x6a, 0x4a, 0x34, 0x28, 0x06, 0x09, 0x03, 0x05, 0x02, 0x00, 0x00, 0x00, 0x00, 0x00, 0x00, 0x00,
  0x00, 0x00, 0x00, 0x01, 0x03, 0x01, 0x01, 0x00, 0x00, 0x00, 0x00, 0x02, 0x01, 0x00, 0x00, 0x00,
  0x00, 0x00, 0x00, 0x00, 0x00, 0x00, 0x00, 0x00, 0x00, 0x00, 0x00, 0x00, 0x00, 0x00, 0x00, 0x00,
  0x00, 0x00, 0x00, 0x00, 0x0f, 0x35, 0x4b, 0x3e, 0x21, 0x0c, 0x04, 0x03, 0x02, 0x02, 0x02, 0x01,
  0x00, 0x00, 0x00, 0x00, 0x00, 0x01, 0x00, 0x01, 0x01, 0x01, 0x00, 0x00, 0x00, 0x02, 0x01, 0x01,
  0x02, 0x01, 0x00, 0x01, 0x01, 0x00, 0x02, 0x08, 0x15, 0x1f, 0x3c, 0xa4, 0xe9, 0xde, 0xe8, 0xf0,
  0xf8, 0xfb, 0xfa, 0xfc, 0xfc, 0xfb, 0xfc, 0xfd, 0xfd, 0xfc, 0xff, 0xfb, 0xfd, 0xfd, 0xfd, 0xfc,
  0xfd, 0xfd, 0xfc, 0xfd, 0xfd, 0xfd, 0xfd, 0xfb, 0xfe, 0xd9, 0xf3, 0xfd, 0xfd, 0xfe, 0xfc, 0xff,
  0xe0, 0xf3, 0xff, 0xff, 0xca, 0xea, 0xf7, 0xcf, 0xda, 0xd7, 0xe5, 0xe7, 0xec, 0xf2, 0xee, 0xf4,
  0xff, 0xee, 0xe5, 0xf7, 0xe6, 0xfc, 0xfd, 0xf8, 0xfc, 0xfe, 0xfe, 0xfd, 0xff, 0xfd, 0xfd, 0xfe,
  0xfe, 0xfe, 0xfd, 0xfd, 0xfe, 0xfd, 0xfd, 0xfe, 0xfd, 0xff, 0xfe, 0xfe, 0xfd, 0xfd, 0xfe, 0xfe,
  0xfe, 0xfe, 0xfc, 0xfe, 0xfd, 0xfc, 0xfc, 0xfc, 0xfd, 0xfd, 0xfe, 0xfe, 0xfc, 0xfd, 0xfd, 0xfd,
  0xfd, 0xfd, 0xff, 0xff, 0xfd, 0xfe, 0xfd, 0xfe, 0xfd, 0xfd, 0xfe, 0xfd, 0xfc, 0xe7, 0xf1, 0xfe,
  0xfd, 0xfe, 0xff, 0xfd, 0xdb, 0xfd, 0xff, 0xff, 0xfb, 0xfc, 0xfd, 0xfe, 0xff, 0xfe, 0xfe, 0xfc,
  0xfd, 0xfe, 0xfe, 0xfe, 0xfd, 0xfe, 0xfe, 0xfe, 0xfe, 0xfd, 0xfd, 0xfe, 0xfd, 0xfc, 0xfc, 0xfc,
  0xfd, 0xfd, 0xfd, 0xfd, 0xfc, 0xfe, 0xfe, 0xfd, 0xff, 0xfd, 0xfd, 0xfd, 0xfc, 0xfe, 0xf6, 0xe0,
  0xff, 0xfb, 0xfd, 0xf9, 0xf8, 0xf5, 0xec, 0xe6, 0xea, 0xcc, 0x62, 0x4f, 0x35, 0x1f, 0x09, 0x08,
  0x02, 0x06, 0x05, 0x00, 0x00, 0x00, 0x00, 0x00, 0x00, 0x00, 0x00, 0x00, 0x00, 0x00, 0x00, 0x01,
  0x00, 0x00, 0x00, 0x00, 0x00, 0x00, 0x00, 0x00, 0x00, 0x00, 0x00, 0x00, 0x00, 0x00, 0x00, 0x00,
  0x01, 0x03, 0x01, 0x00, 0x01, 0x04, 0x00, 0x00, 0x00, 0x00, 0x00, 0x00, 0x0b, 0x27, 0x49, 0x47,
  0x23, 0x03, 0x00, 0x00, 0x00, 0x01, 0x00, 0x00, 0x00, 0x00, 0x00, 0x00, 0x00, 0x00, 0x00, 0x00,
  0x00, 0x00, 0x00, 0x00, 0x00, 0x00, 0x01, 0x00, 0x00, 0x00, 0x01, 0x00, 0x00, 0x00, 0x02, 0x01,
  0x05, 0x08, 0x13, 0x2d, 0x38, 0x62, 0xc1, 0xd8, 0xf1, 0xf7, 0xf9, 0xf9, 0xfa, 0xfb, 0xfc, 0xfb,
  0xfc, 0xfb, 0xfa, 0xfc, 0xfc, 0xfd, 0xfc, 0xfb, 0xfd, 0xfc, 0xfc, 0xfb, 0xfb, 0xfd, 0xfd, 0xfd,
  0xfb, 0xf6, 0xff, 0x72, 0xe1, 0xff, 0xfb, 0xfc, 0xfe, 0xf0, 0xd6, 0xe8, 0xd4, 0xff, 0xac, 0xfd,
  0xdd, 0xc1, 0xd5, 0xd3, 0xdd, 0xd4, 0xd7, 0xf6, 0xcd, 0xd1, 0xf9, 0xf2, 0xdf, 0xed, 0xfc, 0xee,
  0xf7, 0xff, 0xfd, 0xfe, 0xfc, 0xfc, 0xf8, 0xf9, 0xfd, 0xfb, 0xf6, 0xfb, 0xfe, 0xfe, 0xfc, 0xfd,
  0xfd, 0xfd, 0xfe, 0xfc, 0xfb, 0xfc, 0xfd, 0xfe, 0xfd, 0xfb, 0xfc, 0xfd, 0xfd, 0xfc, 0xfb, 0xfc,
  0xfb, 0xfc, 0xfd, 0xfd, 0xfc, 0xfd, 0xfd, 0xfd, 0xfc, 0xfb, 0xfd, 0xfc, 0xfd, 0xfc, 0xfc, 0xfd,
  0xfd, 0xfe, 0xfe, 0xfe, 0xfc, 0xfc, 0xfd, 0xff, 0xfd, 0xfc, 0xfe, 0xf6, 0xe4, 0xfb, 0xff, 0xfe,
  0xe4, 0xed, 0xfc, 0xfb, 0xfd, 0xfd, 0xfd, 0xfc, 0xfc, 0xfd, 0xfe, 0xfe, 0xf9, 0xf3, 0xfe, 0xfd,
  0xfe, 0xfc, 0xfc, 0xfd, 0xfc, 0xfc, 0xfc, 0xfb, 0xfd, 0xfd, 0xfc, 0xfc, 0xfc, 0xfe, 0xfc, 0xfd,
  0xfc, 0xfc, 0xfd, 0xfc, 0xfd, 0xfc, 0xfb, 0xff, 0xee, 0xae, 0xff, 0xf8, 0xfb, 0xf9, 0xf9, 0xf1,
  0xdd, 0xcd, 0xb1, 0xc5, 0x80, 0x40, 0x43, 0x11, 0x09, 0x02, 0x00, 0x00, 0x00, 0x00, 0x00, 0x00,
  0x01, 0x01, 0x01, 0x00, 0x00, 0x00, 0x00, 0x00, 0x00, 0x01, 0x01, 0x00, 0x00, 0x00, 0x01, 0x01,
  0x01, 0x02, 0x00, 0x00, 0x00, 0x00, 0x00, 0x00, 0x00, 0x00, 0x04, 0x01, 0x00, 0x0b, 0x23, 0x12,
  0x00, 0x00, 0x00, 0x00, 0x06, 0x17, 0x33, 0x35, 0x18, 0x00, 0x00, 0x01, 0x00, 0x00, 0x00, 0x00,
  0x00, 0x00, 0x00, 0x01, 0x02, 0x00, 0x00, 0x00, 0x00, 0x01, 0x01, 0x00, 0x00, 0x00, 0x00, 0x01,
  0x00, 0x00, 0x00, 0x00, 0x00, 0x01, 0x00, 0x00, 0x00, 0x01, 0x03, 0x17, 0x13, 0x1d, 0x28, 0x53,
  0xc7, 0xe1, 0xdb, 0xf8, 0xfd, 0xfa, 0xfa, 0xfc, 0xfb, 0xfd, 0xfc, 0xfa, 0xfb, 0xfc, 0xfc, 0xfc,
  0xfb, 0xfa, 0xfd, 0xfd, 0xfd, 0xfa, 0xfa, 0xfc, 0xfc, 0xfd, 0xfc, 0xf6, 0xff, 0x78, 0xe1, 0xff,
  0xfb, 0xfd, 0xff, 0xe5, 0xdc, 0xed, 0xc9, 0xfe, 0xbd, 0xe2, 0xc7, 0xb7, 0xcb, 0xd0, 0xd0, 0xcd,
  0xc7, 0xe8, 0xf4, 0xe1, 0xd8, 0xf7, 0xf4, 0xf8, 0xee, 0xf4, 0xfb, 0xec, 0xfb, 0xfd, 0xfa, 0xf9,
  0xec, 0xf0, 0xfc, 0xfb, 0xfa, 0xfe, 0xfd, 0xfe, 0xfc, 0xfb, 0xfd, 0xfd, 0xfd, 0xfb, 0xfa, 0xfe,
  0xfe, 0xfd, 0xfc, 0xfb, 0xfd, 0xfc, 0xfd, 0xfa, 0xf9, 0xfb, 0xfb, 0xfd, 0xfd, 0xfa, 0xfc, 0xfd,
  0xfd, 0xfb, 0xfa, 0xfb, 0xfd, 0xfc, 0xfc, 0xfb, 0xf8, 0xfd, 0xfc, 0xfd, 0xfb, 0xff, 0xe6, 0xee,
  0xff, 0xfb, 0xfa, 0xfd, 0xfd, 0xfb, 0xf9, 0xfa, 0xfc, 0xfe, 0xee, 0xec, 0xfe, 0xfc, 0xfc, 0xfc,
  0xfc, 0xfa, 0xfc, 0xfd, 0xfd, 0xff, 0xea, 0xd3, 0xff, 0xfb, 0xfc, 0xfb, 0xfc, 0xfe, 0xfc, 0xfc,
  0xfb, 0xfb, 0xfc, 0xfd, 0xfd, 0xfa, 0xfa, 0xfd, 0xfd, 0xfc, 0xf9, 0xfb, 0xfc, 0xfc, 0xfd, 0xfb,
  0xfb, 0xfd, 0xf7, 0xdc, 0xff, 0xf9, 0xfc, 0xfb, 0xfb, 0xfa, 0xe3, 0xd1, 0x88, 0x5a, 0x40, 0x16,
  0x12, 0x0f, 0x0c, 0x01, 0x01, 0x39, 0x49, 0x00, 0x00, 0x00, 0x00, 0x01, 0x01, 0x00, 0x00, 0x00,
  0x01, 0x00, 0x00, 0x00, 0x00, 0x01, 0x00, 0x00, 0x00, 0x00, 0x01, 0x01, 0x00, 0x00, 0x00, 0x00,
  0x00, 0x00, 0x00, 0x00, 0x05, 0x0a, 0x1a, 0x30, 0x1c, 0x02, 0x00, 0x00, 0x01, 0x06, 0x0e, 0x0d,
  0x05, 0x00, 0x00, 0x00, 0x01, 0x00, 0x00, 0x01, 0x00, 0x00, 0x00, 0x01, 0x01, 0x01, 0x00, 0x00,
  0x00, 0x00, 0x00, 0x00, 0x00, 0x00, 0x00, 0x00, 0x00, 0x00, 0x00, 0x00, 0x00, 0x00, 0x00, 0x01,
  0x00, 0x00, 0x00, 0x00, 0x05, 0x06, 0x0e, 0x1a, 0x2d, 0x43, 0xcd, 0xf9, 0xdf, 0xf0, 0xfc, 0xfa,
  0xfa, 0xfb, 0xfb, 0xfb, 0xfc, 0xfb, 0xfb, 0xfb, 0xfc, 0xfc, 0xfb, 0xfc, 0xfb, 0xfc, 0xfd, 0xfc,
  0xfb, 0xfb, 0xfb, 0xfb, 0xfb, 0xfa, 0xfb, 0x94, 0xea, 0xff, 0xfb, 0xfc, 0xff, 0xe9, 0xdd, 0xf2,
  0xe2, 0xff, 0xc7, 0xd0, 0xe0, 0xc2, 0xd9, 0xd6, 0xda, 0xd7, 0xda, 0xef, 0xef, 0xf8, 0xf7, 0xfc,
  0xfe, 0xfe, 0xf2, 0xf7, 0xfb, 0xf1, 0xfb, 0xfd, 0xfc, 0xfa, 0xff, 0xff, 0xfc, 0xfb, 0xfb, 0xfb,
  0xfd, 0xfd, 0xfd, 0xfc, 0xfb, 0xfc, 0xfd, 0xfc, 0xfa, 0xfc, 0xfc, 0xfd, 0xfd, 0xfb, 0xfb, 0xfb,
  0xfc, 0xfb, 0xfb, 0xfc, 0xfb, 0xfd, 0xfd, 0xfb, 0xfe, 0xfc, 0xfc, 0xfc, 0xfb, 0xfc, 0xfc, 0xfd,
  0xf7, 0xfa, 0xf9, 0xfb, 0xfc, 0xfd, 0xfa, 0xff, 0xe1, 0xec, 0xff, 0xfb, 0xfb, 0xf9, 0xfb, 0xfc,
  0xfc, 0xfa, 0xfb, 0xfb, 0xff, 0xff, 0xfb, 0xfc, 0xfc, 0xfc, 0xfc, 0xfb, 0xfc, 0xfd, 0xfc, 0xfe,
  0xee, 0xda, 0xfe, 0xfc, 0xfd, 0xfb, 0xfc, 0xfc, 0xfc, 0xfc, 0xfb, 0xfb, 0xfb, 0xfc, 0xfe, 0xfb,
  0xfb, 0xfb, 0xfd, 0xfe, 0xfc, 0xfc, 0xfb, 0xfd, 0xfe, 0xfc, 0xfd, 0xfb, 0xfb, 0xfd, 0xfd, 0xfc,
  0xfb, 0xfb, 0xfa, 0xfb, 0xd2, 0xb4, 0xa5, 0x88, 0x42, 0x57, 0x17, 0x08, 0x09, 0x07, 0x14, 0x6d,
  0x73, 0x01, 0x00, 0x00, 0x00, 0x00, 0x00, 0x00, 0x00, 0x00, 0x00, 0x00, 0x00, 0x00, 0x00, 0x00,
  0x00, 0x00, 0x01, 0x03, 0x01, 0x03, 0x00, 0x00, 0x00, 0x00, 0x00, 0x00, 0x01, 0x00, 0x11, 0x4b,
  0x1b, 0x06, 0x00, 0x00, 0x00, 0x00, 0x00, 0x01, 0x00, 0x00, 0x00, 0x00, 0x01, 0x00, 0x00, 0x00,
  0x00, 0x01, 0x01, 0x00, 0x00, 0x00, 0x00, 0x00, 0x01, 0x00, 0x00, 0x00, 0x00, 0x00, 0x00, 0x00,
  0x00, 0x00, 0x00, 0x00, 0x00, 0x00, 0x00, 0x00, 0x00, 0x00, 0x00, 0x00, 0x00, 0x00, 0x04, 0x02,
  0x04, 0x14, 0x28, 0x2d, 0xa7, 0xfd, 0xf7, 0xf6, 0xfa, 0xf6, 0xfa, 0xfb, 0xfa, 0xfc, 0xfb, 0xfa,
  0xfb, 0xfa, 0xfd, 0xfb, 0xfb, 0xfd, 0xfc, 0xfd, 0xfc, 0xfb, 0xfd, 0xfc, 0xfc, 0xfd, 0xf8, 0xff,
  0xcb, 0x93, 0xfe, 0xfb, 0xfc, 0xfd, 0xfd, 0xdd, 0xf0, 0xe8, 0xe8, 0xee, 0xbc, 0xf1, 0xda, 0xcd,
  0xd9, 0xc9, 0xc8, 0xcf, 0xd2, 0xdf, 0xee, 0xf3, 0xf8, 0xfe, 0xfc, 0xfd, 0xff, 0xfc, 0xfc, 0xfe,
  0xfc, 0xfb, 0xfa, 0xfb, 0xf9, 0xfb, 0xfd, 0xfa, 0xfd, 0xfc, 0xfb, 0xfa, 0xf9, 0xfc, 0xfc, 0xfb,
  0xfd, 0xfc, 0xfd, 0xfc, 0xfc, 0xfc, 0xfc, 0xfc, 0xfb, 0xfb, 0xfc, 0xfb, 0xfc, 0xfc, 0xfb, 0xfd,
  0xfc, 0xfc, 0xfd, 0xfc, 0xfd, 0xfb, 0xfc, 0xfc, 0xfc, 0xfd, 0xf7, 0xfb, 0xfc, 0xfc, 0xfc, 0xfc,
  0xfa, 0xff, 0xd1, 0xe2, 0xff, 0xfa, 0xfb, 0xfb, 0xf8, 0xfc, 0xfb, 0xfc, 0xfc, 0xfc, 0xfc, 0xfc,
  0xfc, 0xfc, 0xfb, 0xfc, 0xfc, 0xfc, 0xfc, 0xfc, 0xfd, 0xfc, 0xf9, 0xfe, 0xfc, 0xfd, 0xfc, 0xfc,
  0xfc, 0xfb, 0xfd, 0xfc, 0xfb, 0xfb, 0xfb, 0xfd, 0xfc, 0xfa, 0xfc, 0xfc, 0xfd, 0xfc, 0xfc, 0xfd,
  0xfd, 0xfe, 0xfc, 0xfb, 0xfc, 0xfd, 0xfb, 0xfc, 0xfb, 0xfc, 0xfb, 0xfa, 0xfb, 0xfb, 0xdf, 0x8b,
  0x94, 0xc3, 0x6d, 0x4b, 0x11, 0x0e, 0x08, 0x00, 0x02, 0x00, 0x00, 0x01, 0x01, 0x00, 0x00, 0x00,
  0x00, 0x00, 0x00, 0x00, 0x00, 0x00, 0x00, 0x00, 0x00, 0x00, 0x00, 0x00, 0x01, 0x02, 0x01, 0x06,
  0x00, 0x00, 0x00, 0x00, 0x00, 0x00, 0x00, 0x00, 0x10, 0x18, 0x00, 0x00, 0x01, 0x00, 0x00, 0x00,
  0x00, 0x00, 0x00, 0x00, 0x00, 0x00, 0x00, 0x00, 0x00, 0x00, 0x00, 0x00, 0x00, 0x03, 0x00, 0x12,
  0x0a, 0x00, 0x00, 0x07, 0x0a, 0x00, 0x00, 0x00, 0x00, 0x00, 0x00, 0x00, 0x01, 0x00, 0x00, 0x00,
  0x00, 0x00, 0x00, 0x00, 0x00, 0x00, 0x00, 0x00, 0x02, 0x05, 0x07, 0x06, 0x17, 0x6d, 0xd2, 0xfb,
  0xf9, 0xfd, 0xf9, 0xfa, 0xfa, 0xfb, 0xfc, 0xfb, 0xfc, 0xfc, 0xfb, 0xfd, 0xfd, 0xfd, 0xfc, 0xfc,
  0xfe, 0xfd, 0xfe, 0xfd, 0xfc, 0xfe, 0xfd, 0xfd, 0xfb, 0xff, 0xb9, 0xa7, 0xff, 0xfa, 0xfc, 0xfb,
  0xf9, 0xc5, 0xff, 0xe7, 0xee, 0xdf, 0xe0, 0xd3, 0xc6, 0xfa, 0xec, 0xed, 0xf3, 0xc6, 0xd0, 0xe9,
  0xf3, 0xcf, 0xf6, 0xfd, 0xfd, 0xfc, 0xfd, 0xfd, 0xfc, 0xfe, 0xff, 0xff, 0xff, 0xff, 0xff, 0xff,
  0xfd, 0xff, 0xfd, 0xfe, 0xff, 0xff, 0xff, 0xff, 0xff, 0xff, 0xfe, 0xfd, 0xf7, 0xfe, 0xfd, 0xfc,
  0xff, 0xfc, 0xfd, 0xfd, 0xfc, 0xfd, 0xfb, 0xfd, 0xfd, 0xfc, 0xfd, 0xfd, 0xfc, 0xfe, 0xfc, 0xfd,
  0xfd, 0xfc, 0xfc, 0xfc, 0xdf, 0xfb, 0xfd, 0xfe, 0xfc, 0xfd, 0xfd, 0xff, 0xe8, 0xee, 0xff, 0xfd,
  0xfc, 0xfd, 0xfd, 0xfd, 0xfd, 0xfb, 0xfe, 0xfc, 0xfc, 0xfd, 0xfc, 0xfe, 0xfd, 0xfd, 0xfe, 0xfc,
  0xfd, 0xfd, 0xfd, 0xfe, 0xfb, 0xfd, 0xfe, 0xfc, 0xfe, 0xfe, 0xfd, 0xfd, 0xfc, 0xfd, 0xfd, 0xfc,
  0xfd, 0xfc, 0xfc, 0xfc, 0xfc, 0xfd, 0xfd, 0xfd, 0xfd, 0xfc, 0xff, 0xfe, 0xfd, 0xfd, 0xfb, 0xfc,
  0xfc, 0xfc, 0xfd, 0xfc, 0xfc, 0xfb, 0xf9, 0xf0, 0xd8, 0xb3, 0xba, 0x8b, 0x4d, 0x21, 0x11, 0x16,
  0x07, 0x00, 0x01, 0x01, 0x00, 0x00, 0x00, 0x00, 0x00, 0x00, 0x00, 0x01, 0x00, 0x00, 0x01, 0x00,
  0x00, 0x00, 0x00, 0x00, 0x00, 0x00, 0x00, 0x00, 0x00, 0x00, 0x01, 0x00, 0x00, 0x00, 0x04, 0x0a,
  0x10, 0x02, 0x00, 0x00, 0x00, 0x00, 0x00, 0x00, 0x00, 0x00, 0x00, 0x00, 0x00, 0x00, 0x00, 0x00,
  0x00, 0x00, 0x00, 0x00, 0x00, 0x03, 0x01, 0x07, 0x00, 0x2e, 0x92, 0x10, 0x01, 0x0d, 0x0f, 0x00,
  0x00, 0x00, 0x00, 0x00, 0x00, 0x00, 0x01, 0x00, 0x00, 0x00, 0x00, 0x00, 0x00, 0x00, 0x00, 0x00,
  0x00, 0x01, 0x02, 0x0c, 0x1a, 0x08, 0x34, 0xa7, 0xee, 0xfb, 0xfd, 0xfc, 0xfb, 0xfe, 0xfe, 0xfd,
  0xfd, 0xfc, 0xfe, 0xfe, 0xfd, 0xff, 0xff, 0xff, 0xff, 0xfe, 0xfe, 0xff, 0xfd, 0xfe, 0xfd, 0xfe,
  0xff, 0xfe, 0xfd, 0xff, 0xc1, 0xaf, 0xff, 0xfc, 0xff, 0xe1, 0xff, 0xed, 0xf5, 0xeb, 0xbc, 0xff,
  0xe1, 0xa9, 0xe0, 0xff, 0xf3, 0xd9, 0xd7, 0xe1, 0xcf, 0xef, 0xff, 0xbd, 0xdd, 0xff, 0xfe, 0xfe,
  0xfd, 0xff, 0xfc, 0xff, 0xe9, 0xc0, 0xb7, 0xb2, 0xbd, 0xd1, 0xfe, 0xf5, 0xfc, 0xfb, 0xe3, 0xb4,
  0xa6, 0xd0, 0xf0, 0xdc, 0xf7, 0xf8, 0xf6, 0xfe, 0xff, 0xff, 0xfe, 0xff, 0xfe, 0xff, 0xfe, 0xff,
  0xff, 0xff, 0xff, 0xff, 0xff, 0xfe, 0xfe, 0xff, 0xfe, 0xff, 0xff, 0xfe, 0xfd, 0xff, 0x7e, 0xf5,
  0xff, 0xfe, 0xff, 0xff, 0xff, 0xff, 0xff, 0xff, 0xfe, 0xfe, 0xff, 0xfe, 0xfe, 0xff, 0xff, 0xff,
  0xfd, 0xff, 0xff, 0xff, 0xff, 0xff, 0xff, 0xfe, 0xff, 0xff, 0xff, 0xfa, 0xfa, 0xff, 0xff, 0xfe,
  0xfe, 0xff, 0xff, 0xff, 0xfe, 0xff, 0xff, 0xfe, 0xff, 0xfe, 0xfe, 0xfe, 0xfe, 0xff, 0xfe, 0xfe,
  0xff, 0xfe, 0xff, 0xfe, 0xfe, 0xfe, 0xfe, 0xff, 0xfd, 0xfe, 0xff, 0xfe, 0xfc, 0xfd, 0xfa, 0xf8,
  0xf8, 0xef, 0xc6, 0xcc, 0xe4, 0x91, 0x50, 0x58, 0x23, 0x08, 0x05, 0x01, 0x02, 0x00, 0x34, 0x14,
  0x00, 0x03, 0x00, 0x00, 0x01, 0x00, 0x00, 0x00, 0x00, 0x00, 0x00, 0x00, 0x00, 0x00, 0x00, 0x00,
  0x00, 0x00, 0x00, 0x00, 0x01, 0x01, 0x07, 0x0e, 0x19, 0x1d, 0x2d, 0x04, 0x00, 0x03, 0x00, 0x00,
  0x00, 0x00, 0x00, 0x00, 0x00, 0x00, 0x00, 0x00, 0x00, 0x00, 0x00, 0x00, 0x00, 0x00, 0x00, 0x00,
  0x22, 0x4a, 0x04, 0x07, 0x51, 0x17, 0x07, 0x00, 0x00, 0x00, 0x00, 0x00, 0x00, 0x00, 0x00, 0x00,
  0x00, 0x00, 0x00, 0x00, 0x00, 0x00, 0x00, 0x00, 0x00, 0x00, 0x00, 0x01, 0x02, 0x01, 0x14, 0x14,
  0x6a, 0xa8, 0xdf, 0xff, 0xfc, 0xfa, 0xfc, 0xfe, 0xfe, 0xfe, 0xff, 0xfd, 0xfe, 0xfc, 0xfd, 0xfe,
  0xff, 0xfd, 0xfe, 0xff, 0xfe, 0xff, 0xfe, 0xfe, 0xfe, 0xff, 0xfe, 0xfe, 0xfa, 0xff, 0xb8, 0xa5,
  0xff, 0xfa, 0xff, 0xd6, 0xff, 0xe7, 0xde, 0xfa, 0xcb, 0xfe, 0xf6, 0xcf, 0xe8, 0xf6, 0xf3, 0xd8,
  0xd0, 0xf3, 0xcd, 0xe1, 0xff, 0xca, 0xd4, 0xf6, 0xf3, 0xfe, 0xfd, 0xfe, 0xfd, 0xff, 0xf9, 0xef,
  0xeb, 0xea, 0xee, 0xf1, 0xff, 0xfb, 0xfd, 0xfd, 0xf6, 0xeb, 0xe7, 0xf1, 0xfa, 0xf4, 0xfc, 0xfd,
  0xfe, 0xfe, 0xec, 0xf5, 0xff, 0xfd, 0xfe, 0xff, 0xff, 0xfe, 0xfe, 0xff, 0xff, 0xff, 0xfe, 0xfe,
  0xff, 0xff, 0xff, 0xfe, 0xfd, 0xfe, 0xfd, 0xff, 0x85, 0xf5, 0xff, 0xff, 0xff, 0xff, 0xfe, 0xfe,
  0xfe, 0xff, 0xfe, 0xfd, 0xff, 0xff, 0xfe, 0xff, 0xf4, 0xe2, 0xff, 0xfe, 0xff, 0xfe, 0xfe, 0xff,
  0xfe, 0xfe, 0xfe, 0xfd, 0xff, 0xfe, 0xfd, 0xfe, 0xfe, 0xff, 0xff, 0xff, 0xff, 0xff, 0xff, 0xff,
  0xff, 0xfd, 0xfd, 0xfe, 0xfe, 0xff, 0xfe, 0xfe, 0xff, 0xff, 0xff, 0xfd, 0xfc, 0xfe, 0xff, 0xff,
  0xfe, 0xfe, 0xfe, 0xfd, 0xff, 0xfd, 0xfd, 0xfd, 0xfd, 0xfb, 0xfd, 0xe1, 0xd0, 0xee, 0xb7, 0x89,
  0x76, 0x21, 0x14, 0x13, 0x02, 0x07, 0x04, 0x26, 0x7f, 0x0f, 0x01, 0x00, 0x01, 0x00, 0x1a, 0x4d,
  0x06, 0x00, 0x00, 0x00, 0x00, 0x00, 0x00, 0x00, 0x00, 0x00, 0x00, 0x00, 0x00, 0x02, 0x00, 0x07,
  0x23, 0x24, 0x05, 0x00, 0x00, 0x01, 0x02, 0x00, 0x00, 0x00, 0x00, 0x00, 0x00, 0x00, 0x00, 0x00,
  0x00, 0x00, 0x00, 0x00, 0x00, 0x00, 0x00, 0x00, 0x00, 0x00, 0x11, 0x1b, 0x00, 0x00, 0x00, 0x03,
  0x00, 0x00, 0x00, 0x00, 0x00, 0x00, 0x00, 0x00, 0x00, 0x00, 0x00, 0x00, 0x00, 0x00, 0x00, 0x00,
  0x00, 0x00, 0x00, 0x00, 0x00, 0x01, 0x0b, 0x39, 0x39, 0x1c, 0x6b, 0xbe, 0xea, 0xfe, 0xff, 0xfa,
  0xfb, 0xfd, 0xfc, 0xfb, 0xfc, 0xfd, 0xfd, 0xff, 0xfd, 0xfc, 0xfe, 0xfe, 0xfe, 0xfe, 0xfe, 0xfe,
  0xff, 0xfe, 0xfd, 0xfe, 0xfe, 0xfd, 0xfa, 0xff, 0xc3, 0xb5, 0xff, 0xfc, 0xff, 0xd8, 0xff, 0xe8,
  0xc2, 0xfb, 0xf0, 0xfe, 0xbb, 0xb5, 0xff, 0xfc, 0xef, 0xeb, 0xfa, 0xe2, 0xcf, 0xfd, 0xfe, 0xf6,
  0xf7, 0xd7, 0xd5, 0xff, 0xfc, 0xfd, 0xfd, 0xfb, 0xff, 0xff, 0xff, 0xff, 0xff, 0xff, 0xfd, 0xfe,
  0xfd, 0xfe, 0xfe, 0xff, 0xff, 0xff, 0xfe, 0xff, 0xfd, 0xfd, 0xfc, 0xff, 0xbb, 0xdf, 0xff, 0xfc,
  0xfe, 0xfd, 0xfd, 0xfe, 0xfe, 0xfe, 0xfe, 0xfe, 0xff, 0xfe, 0xfd, 0xfe, 0xfe, 0xfe, 0xfe, 0xfe,
  0xfc, 0xff, 0x90, 0xf5, 0xff, 0xfe, 0xfe, 0xfd, 0xfe, 0xfd, 0xfe, 0xff, 0xfd, 0xfd, 0xfe, 0xfd,
  0xfe, 0xfe, 0xf5, 0xe8, 0xfe, 0xfc, 0xfe, 0xfe, 0xfd, 0xfe, 0xfd, 0xfd, 0xfe, 0xfe, 0xfe, 0xfe,
  0xff, 0xfe, 0xfe, 0xfe, 0xfe, 0xfe, 0xff, 0xfe, 0xfe, 0xfe, 0xfd, 0xfd, 0xfe, 0xfe, 0xfd, 0xfe,
  0xfe, 0xfe, 0xfe, 0xfd, 0xfe, 0xfe, 0xfd, 0xfe, 0xfe, 0xfe, 0xfe, 0xfd, 0xfd, 0xff, 0xfd, 0xfd,
  0xfc, 0xfc, 0xfd, 0xfa, 0xfb, 0xd3, 0x82, 0x89, 0x6b, 0x60, 0xc1, 0x30, 0x00, 0x0a, 0x01, 0x18,
  0x0e, 0x0d, 0x20, 0x02, 0x00, 0x00, 0x01, 0x00, 0x11, 0x2f, 0x01, 0x00, 0x00, 0x00, 0x00, 0x00,
  0x00, 0x00, 0x00, 0x00, 0x00, 0x02, 0x00, 0x05, 0x00, 0x03, 0x06, 0x03, 0x00, 0x00, 0x00, 0x01,
  0x02, 0x00, 0x00, 0x00, 0x00, 0x00, 0x00, 0x00, 0x00, 0x00, 0x00, 0x00, 0x00, 0x00, 0x00, 0x04,
  0x00, 0x00, 0x00, 0x00, 0x00, 0x00, 0x00, 0x00, 0x02, 0x00, 0x00, 0x00, 0x00, 0x00, 0x00, 0x00,
  0x00, 0x00, 0x00, 0x00, 0x00, 0x00, 0x00, 0x00, 0x00, 0x00, 0x00, 0x00, 0x00, 0x01, 0x00, 0x00,
  0x19, 0x69, 0x4f, 0x55, 0x80, 0xc3, 0xf1, 0xf3, 0xcb, 0xeb, 0xfb, 0xfc, 0xfb, 0xfc, 0xf8, 0xfb,
  0xfe, 0xe9, 0xf6, 0xfd, 0xfd, 0xfd, 0xfe, 0xfe, 0xfd, 0xfe, 0xfe, 0xfd, 0xff, 0xfe, 0xfd, 0xfe,
  0xfb, 0xff, 0xc0, 0xb1, 0xff, 0xfa, 0xfe, 0xfc, 0xfd, 0xf6, 0xae, 0xf3, 0xff, 0xfd, 0x9f, 0x95,
  0xd0, 0xf8, 0xf6, 0xdf, 0xf6, 0xe6, 0xd3, 0xfa, 0xfd, 0xfe, 0xff, 0xfc, 0xfa, 0xfd, 0xfe, 0xfd,
  0xfe, 0xfc, 0xfd, 0xfe, 0xfc, 0xfd, 0xfc, 0xfc, 0xfe, 0xfd, 0xfd, 0xfe, 0xfc, 0xff, 0xfc, 0xfd,
  0xfd, 0xfc, 0xff, 0xfd, 0xfd, 0xff, 0xd7, 0xec, 0xfe, 0xfe, 0xfe, 0xfc, 0xfe, 0xfe, 0xfe, 0xfe,
  0xfd, 0xff, 0xfe, 0xff, 0xfe, 0xfd, 0xff, 0xfe, 0xfe, 0xff, 0xfb, 0xff, 0x79, 0xf2, 0xff, 0xfc,
  0xfd, 0xfd, 0xfe, 0xfe, 0xfe, 0xfd, 0xfe, 0xfc, 0xfe, 0xfd, 0xfc, 0xfd, 0xfe, 0xff, 0xff, 0xfd,
  0xfe, 0xfc, 0xfe, 0xff, 0xfc, 0xfe, 0xfd, 0xfe, 0xfd, 0xfc, 0xfe, 0xfd, 0xfe, 0xff, 0xfc, 0xfe,
  0xfe, 0xfe, 0xfe, 0xfd, 0xfd, 0xfe, 0xfd, 0xfd, 0xfc, 0xfd, 0xfe, 0xfe, 0xfe, 0xfd, 0xfe, 0xfe,
  0xfe, 0xff, 0xfe, 0xfd, 0xfd, 0xfd, 0xfd, 0xf0, 0xfc, 0xfe, 0xfd, 0xf9, 0xf9, 0xf8, 0xf4, 0xf1,
  0x9a, 0x7a, 0x7a, 0x4a, 0x26, 0x0e, 0x07, 0x05, 0x06, 0x07, 0x01, 0x01, 0x00, 0x06, 0x00, 0x00,
  0x04, 0x04, 0x00, 0x00, 0x00, 0x00, 0x00, 0x00, 0x00, 0x00, 0x00, 0x00, 0x00, 0x00, 0x00, 0x09,
  0x04, 0x00, 0x00, 0x00, 0x00, 0x00, 0x00, 0x00, 0x00, 0x01, 0x00, 0x00, 0x00, 0x00, 0x00, 0x00,
  0x00, 0x00, 0x00, 0x00, 0x00, 0x00, 0x00, 0x00, 0x00, 0x02, 0x00, 0x00, 0x00, 0x00, 0x01, 0x01,
  0x00, 0x00, 0x00, 0x00, 0x00, 0x00, 0x00, 0x00, 0x00, 0x00, 0x00, 0x00, 0x00, 0x00, 0x01, 0x01,
  0x00, 0x00, 0x00, 0x00, 0x00, 0x00, 0x00, 0x00, 0x01, 0x02, 0x31, 0x90, 0x82, 0x79, 0x84, 0xa2,
  0xd4, 0xee, 0x89, 0xe8, 0xfd, 0xfc, 0xfd, 0xfd, 0xfb, 0xf9, 0xfe, 0xe6, 0xf5, 0xfe, 0xfc, 0xfd,
  0xfe, 0xff, 0xfe, 0xfd, 0xfe, 0xfe, 0xfe, 0xfe, 0xfe, 0xfc, 0xfb, 0xff, 0xc8, 0xbc, 0xff, 0xfc,
  0xff, 0xfe, 0xfb, 0xff, 0xb8, 0xe8, 0xfd, 0xfa, 0xff, 0xa2, 0xb0, 0xf5, 0xff, 0xf1, 0xf1, 0xd1,
  0xcf, 0xfe, 0xfd, 0xff, 0xfd, 0xff, 0xff, 0xfb, 0xfd, 0xf5, 0xf7, 0xfd, 0xfc, 0xfd, 0xfe, 0xfe,
  0xfe, 0xfd, 0xfd, 0xfe, 0xff, 0xfe, 0xfd, 0xfe, 0xfd, 0xfd, 0xfe, 0xfd, 0xfd, 0xfd, 0xfe, 0xfc,
  0xfe, 0xff, 0xfe, 0xfe, 0xff, 0xfe, 0xfe, 0xfd, 0xfe, 0xff, 0xfd, 0xfe, 0xfe, 0xff, 0xff, 0xff,
  0xfe, 0xfd, 0xfe, 0xfe, 0xfb, 0xff, 0x6e, 0xf3, 0xff, 0xfe, 0xfe, 0xfd, 0xfe, 0xff, 0xfd, 0xfd,
  0xfd, 0xfc, 0xfd, 0xff, 0xfe, 0xfd, 0xfd, 0xfd, 0xf8, 0xfd, 0xfd, 0xff, 0xfb, 0xfc, 0xff, 0xfd,
  0xfd, 0xff, 0xfe, 0xfd, 0xfd, 0xfe, 0xfe, 0xff, 0xfe, 0xfe, 0xfe, 0xfe, 0xff, 0xfe, 0xfe, 0xfd,
  0xfe, 0xfe, 0xfd, 0xfc, 0xfc, 0xfe, 0xfe, 0xfd, 0xfe, 0xfd, 0xfe, 0xff, 0xff, 0xfe, 0xfc, 0xfd,
  0xfa, 0xe8, 0xfe, 0xfc, 0xfd, 0xfb, 0xf8, 0xf1, 0xef, 0xd0, 0x93, 0x75, 0x99, 0x9a, 0x28, 0x07,
  0x05, 0x06, 0x08, 0x01, 0x01, 0x05, 0x05, 0x06, 0x01, 0x01, 0x06, 0x03, 0x04, 0x03, 0x01, 0x01,
  0x00, 0x00, 0x01, 0x01, 0x01, 0x00, 0x00, 0x00, 0x01, 0x04, 0x0a, 0x03, 0x00, 0x00, 0x01, 0x00,
  0x00, 0x01, 0x00, 0x01, 0x01, 0x00, 0x00, 0x00, 0x00, 0x00, 0x00, 0x00, 0x00, 0x00, 0x00, 0x00,
  0x00, 0x00, 0x00, 0x00, 0x00, 0x00, 0x00, 0x00, 0x00, 0x00, 0x00, 0x00, 0x00, 0x00, 0x00, 0x00,
  0x00, 0x00, 0x00, 0x00, 0x00, 0x00, 0x00, 0x00, 0x00, 0x00, 0x00, 0x00, 0x00, 0x00, 0x00, 0x00,
  0x00, 0x00, 0x00, 0x00, 0x11, 0x45, 0x65, 0x88, 0x80, 0x49, 0xb7, 0xed, 0xf2, 0xfb, 0xfb, 0xfc,
  0xfd, 0xfa, 0xfa, 0xf8, 0xfc, 0xff, 0xfd, 0xfc, 0xfc, 0xfe, 0xfe, 0xfc, 0xfe, 0xfc, 0xfc, 0xfd,
  0xfb, 0xfc, 0xfd, 0xfc, 0xfc, 0xfa, 0xfb, 0xce, 0xf5, 0xff, 0xfc, 0xfd, 0xfc, 0xff, 0xe9, 0xce,
  0xfa, 0xe9, 0xfc, 0xb5, 0xac, 0xf4, 0xfd, 0xfb, 0xfc, 0xe8, 0xdc, 0xff, 0xff, 0xf8, 0xf9, 0xe8,
  0xe7, 0xfd, 0xfd, 0xeb, 0xec, 0xff, 0xff, 0xfb, 0xfc, 0xfb, 0xfd, 0xfd, 0xfd, 0xfe, 0xfc, 0xfd,
  0xfe, 0xfc, 0xfd, 0xfb, 0xfe, 0xfc, 0xfc, 0xfd, 0xfd, 0xfb, 0xf1, 0xfd, 0xfe, 0xfc, 0xfd, 0xfe,
  0xfc, 0xfe, 0xfd, 0xfc, 0xfd, 0xfc, 0xfd, 0xfe, 0xfc, 0xfd, 0xfc, 0xfd, 0xfc, 0xfc, 0xfb, 0xff,
  0xa0, 0xf6, 0xff, 0xfc, 0xfd, 0xfd, 0xfe, 0xfc, 0xfc, 0xfd, 0xfe, 0xfe, 0xfd, 0xfc, 0xfc, 0xfe,
  0xfd, 0xfd, 0xe8, 0xff, 0xfd, 0xfa, 0xfd, 0xfd, 0xfe, 0xfd, 0xfd, 0xfe, 0xfc, 0xfd, 0xfd, 0xfe,
  0xfe, 0xfc, 0xfe, 0xfc, 0xfb, 0xfc, 0xfc, 0xfc, 0xfb, 0xfb, 0xfb, 0xfb, 0xfc, 0xfb, 0xfc, 0xfe,
  0xfc, 0xfe, 0xfc, 0xfc, 0xfd, 0xfc, 0xfe, 0xfc, 0xfc, 0xfd, 0xed, 0xfa, 0xfe, 0xfc, 0xfd, 0xfd,
  0xfb, 0xfc, 0xe2, 0x72, 0x44, 0x62, 0x58, 0x88, 0x4b, 0x06, 0x0a, 0x05, 0x02, 0x00, 0x02, 0x02,
  0x00, 0x03, 0x01, 0x04, 0x02, 0x02, 0x03, 0x02, 0x04, 0x02, 0x01, 0x03, 0x05, 0x08, 0x03, 0x00,
  0x05, 0x02, 0x02, 0x03, 0x01, 0x04, 0x01, 0x00, 0x00, 0x00, 0x04, 0x02, 0x00, 0x00, 0x00, 0x02,
  0x01, 0x00, 0x00, 0x00, 0x00, 0x00, 0x00, 0x00, 0x00, 0x00, 0x00, 0x00, 0x00, 0x00, 0x00, 0x00,
  0x00, 0x00, 0x00, 0x00, 0x00, 0x00, 0x00, 0x00, 0x00, 0x00, 0x00, 0x00, 0x00, 0x00, 0x00, 0x00,
  0x00, 0x00, 0x00, 0x00, 0x00, 0x00, 0x00, 0x00, 0x00, 0x00, 0x00, 0x00, 0x00, 0x02, 0x07, 0x29,
  0x5e, 0xb4, 0x77, 0x80, 0xe0, 0xf1, 0xf8, 0xf9, 0xfa, 0xfc, 0xfb, 0xfc, 0xfc, 0xfc, 0xfb, 0xf2,
  0xf7, 0xfd, 0xfd, 0xfd, 0xfd, 0xfb, 0xfd, 0xfd, 0xfd, 0xfc, 0xfb, 0xfd, 0xfd, 0xfd, 0xfc, 0xf7,
  0xff, 0x8d, 0xe4, 0xff, 0xfb, 0xfe, 0xfd, 0xfe, 0xf9, 0xd5, 0xe9, 0xca, 0xff, 0xa2, 0xc4, 0xff,
  0xf6, 0xf4, 0xff, 0xfe, 0xfc, 0xff, 0xf1, 0xf5, 0xfd, 0xcb, 0xcf, 0xff, 0xfa, 0xff, 0xf2, 0xda,
  0xfd, 0xfc, 0xfc, 0xfb, 0xfe, 0xfc, 0xfd, 0xfc, 0xfb, 0xfe, 0xfd, 0xfd, 0xfc, 0xfc, 0xfd, 0xfc,
  0xfe, 0xfd, 0xfb, 0xf6, 0xfd, 0xfd, 0xfd, 0xfc, 0xfd, 0xfd, 0xfe, 0xfe, 0xfc, 0xfd, 0xff, 0xfe,
  0xfd, 0xfc, 0xfd, 0xfe, 0xfd, 0xfd, 0xfb, 0xfc, 0xfc, 0xff, 0xae, 0xf7, 0xfe, 0xfe, 0xfd, 0xfd,
  0xfd, 0xfc, 0xfe, 0xfe, 0xfe, 0xfd, 0xfc, 0xfe, 0xfd, 0xfd, 0xfe, 0xfd, 0xff, 0xfd, 0xfd, 0xfc,
  0xfc, 0xfd, 0xfd, 0xfd, 0xfe, 0xfc, 0xfe, 0xfd, 0xfd, 0xfe, 0xfc, 0xfe, 0xfe, 0xfd, 0xfd, 0xfc,
  0xfc, 0xfe, 0xf5, 0xf8, 0xfc, 0xfc, 0xfc, 0xfc, 0xfd, 0xfc, 0xfc, 0xfe, 0xff, 0xfd, 0xfc, 0xfd,
  0xfe, 0xfe, 0xfd, 0xfd, 0xf9, 0xfd, 0xfe, 0xfd, 0xfc, 0xfc, 0xfb, 0xfb, 0xb9, 0x79, 0x5f, 0x77,
  0x48, 0x38, 0x2e, 0x1c, 0x0f, 0x0c, 0x01, 0x01, 0x0a, 0x07, 0x01, 0x04, 0x02, 0x02, 0x05, 0x05,
  0x04, 0x01, 0x00, 0x02, 0x01, 0x04, 0x04, 0x08, 0x06, 0x09, 0x12, 0x08, 0x03, 0x02, 0x02, 0x01,
  0x00, 0x03, 0x09, 0x09, 0x0b, 0x01, 0x01, 0x01, 0x01, 0x02, 0x06, 0x07, 0x07, 0x03, 0x00, 0x01,
  0x01, 0x00, 0x00, 0x00, 0x00, 0x00, 0x00, 0x00, 0x00, 0x00, 0x00, 0x00, 0x00, 0x00, 0x00, 0x00,
  0x00, 0x00, 0x00, 0x00, 0x01, 0x01, 0x00, 0x00, 0x00, 0x00, 0x00, 0x00, 0x00, 0x00, 0x00, 0x00,
  0x00, 0x00, 0x00, 0x00, 0x00, 0x00, 0x01, 0x03, 0x0b, 0x39, 0x71, 0x90, 0x76, 0xb7, 0xdc, 0xf0,
  0xf4, 0xf7, 0xfa, 0xfe, 0xfb, 0xfc, 0xfc, 0xfb, 0xff, 0xdf, 0xf1, 0xfe, 0xfd, 0xfe, 0xfd, 0xfc,
  0xfe, 0xfd, 0xfd, 0xfc, 0xfc, 0xfc, 0xfd, 0xfd, 0xfc, 0xf9, 0xff, 0x8c, 0xe9, 0xff, 0xfb, 0xfd,
  0xfe, 0xfd, 0xfc, 0xf3, 0xf0, 0xf2, 0xff, 0xb5, 0xc6, 0xff, 0xfb, 0xfe, 0xf8, 0xf7, 0xfe, 0xfe,
  0xf4, 0xfa, 0xff, 0xe4, 0xe6, 0xff, 0xfd, 0xfb, 0xff, 0xb7, 0xdc, 0xff, 0xfb, 0xfb, 0xfd, 0xfd,
  0xfd, 0xfd, 0xfc, 0xfd, 0xfd, 0xfe, 0xfd, 0xfb, 0xfd, 0xfd, 0xfd, 0xfd, 0xfd, 0xd7, 0xf9, 0xff,
  0xfd, 0xfc, 0xfd, 0xfd, 0xfe, 0xfe, 0xfc, 0xfd, 0xfe, 0xfe, 0xfe, 0xfd, 0xfe, 0xfd, 0xfd, 0xfd,
  0xfc, 0xfd, 0xfc, 0xfe, 0xdb, 0xfb, 0xfe, 0xfd, 0xfd, 0xfe, 0xfd, 0xfd, 0xfe, 0xfd, 0xfd, 0xfd,
  0xfc, 0xfe, 0xfd, 0xfe, 0xfe, 0xfd, 0xfe, 0xfe, 0xfd, 0xff, 0xfd, 0xfd, 0xfe, 0xfc, 0xfd, 0xfd,
  0xfd, 0xfd, 0xfd, 0xfe, 0xfd, 0xfe, 0xfe, 0xfd, 0xfe, 0xfb, 0xfc, 0xfe, 0xf7, 0xfc, 0xfc, 0xfd,
  0xfc, 0xfb, 0xfe, 0xfc, 0xfd, 0xfd, 0xfd, 0xfe, 0xfd, 0xfe, 0xfd, 0xfd, 0xff, 0xfd, 0xfd, 0xfe,
  0xfe, 0xfe, 0xfd, 0xfa, 0xfe, 0xd2, 0xb3, 0xda, 0x62, 0x54, 0x50, 0x2b, 0x67, 0x31, 0x0d, 0x0b,
  0x0d, 0x24, 0x1a, 0x01, 0x0f, 0x0b, 0x07, 0x0b, 0x09, 0x04, 0x06, 0x03, 0x00, 0x04, 0x09, 0x11,
  0x0f, 0x1b, 0x34, 0x1e, 0x12, 0x04, 0x01, 0x06, 0x10, 0x13, 0x27, 0x27, 0x1e, 0x11, 0x0a, 0x03,
  0x01, 0x00, 0x00, 0x0a, 0x1e, 0x25, 0x12, 0x03, 0x00, 0x00, 0x00, 0x00, 0x00, 0x00, 0x00, 0x00,
  0x00, 0x00, 0x00, 0x00, 0x00, 0x00, 0x00, 0x00, 0x00, 0x00, 0x00, 0x00, 0x00, 0x00, 0x01, 0x00,
  0x00, 0x00, 0x00, 0x00, 0x00, 0x00, 0x00, 0x00, 0x00, 0x00, 0x00, 0x00, 0x00, 0x00, 0x00, 0x00,
  0x00, 0x00, 0x05, 0x57, 0x74, 0x4c, 0x7a, 0xc5, 0xb5, 0xe2, 0xf3, 0xf6, 0xfa, 0xfd, 0xfa, 0xf9,
  0xfa, 0xfa, 0xff, 0xd1, 0xec, 0xfe, 0xfc, 0xfe, 0xfd, 0xfe, 0xfd, 0xfd, 0xfe, 0xfc, 0xfd, 0xfd,
  0xfc, 0xfd, 0xfb, 0xfb, 0xff, 0xaf, 0xb4, 0xff, 0xfb, 0xfc, 0xfc, 0xfe, 0xfd, 0xff, 0xfe, 0xfc,
  0xfd, 0xf5, 0xbb, 0xff, 0xf0, 0xf8, 0xfc, 0xfb, 0xfd, 0xfc, 0xfe, 0xfc, 0xff, 0xd5, 0xd6, 0xff,
  0xfb, 0xfd, 0xfe, 0xf4, 0xc9, 0xf9, 0xfc, 0xfc, 0xfc, 0xfd, 0xfe, 0xfd, 0xfd, 0xfd, 0xfd, 0xfe,
  0xfc, 0xfd, 0xfd, 0xfd, 0xfd, 0xfc, 0xfe, 0xcb, 0xf8, 0xfe, 0xfe, 0xfd, 0xfe, 0xfc, 0xfe, 0xfd,
  0xfc, 0xff, 0xfd, 0xfe, 0xfe, 0xfd, 0xfe, 0xfc, 0xfd, 0xfe, 0xfc, 0xfd, 0xfc, 0xfc, 0xfc, 0xfc,
  0xfd, 0xfb, 0xfc, 0xfe, 0xfc, 0xfd, 0xfc, 0xfc, 0xfd, 0xfd, 0xfc, 0xfc, 0xfd, 0xfe, 0xfc, 0xfd,
  0xfc, 0xfc, 0xfd, 0xfd, 0xfe, 0xfe, 0xfc, 0xfd, 0xfd, 0xfc, 0xfd, 0xfc, 0xfe, 0xfd, 0xfc, 0xfd,
  0xfc, 0xfd, 0xfd, 0xfb, 0xff, 0xdd, 0xcc, 0xfe, 0xf9, 0xfd, 0xfb, 0xfc, 0xfe, 0xfc, 0xfe, 0xfd,
  0xfd, 0xfe, 0xfd, 0xfd, 0xfc, 0xfb, 0xfd, 0xfd, 0xfd, 0xfc, 0xfc, 0xfd, 0xfd, 0xf7, 0xf4, 0xcb,
  0xda, 0x94, 0x43, 0x21, 0x31, 0x94, 0x78, 0x12, 0x08, 0x26, 0x29, 0x2d, 0x28, 0x02, 0x0a, 0x06,
  0x0b, 0x0c, 0x04, 0x12, 0x0f, 0x0b, 0x14, 0x0f, 0x13, 0x22, 0x21, 0x30, 0x34, 0x2d, 0x15, 0x1f,
  0x24, 0x26, 0x35, 0x47, 0x38, 0x19, 0x10, 0x0b, 0x02, 0x04, 0x04, 0x16, 0x30, 0x52, 0x31, 0x1e,
  0x0f, 0x03, 0x00, 0x00, 0x00, 0x00, 0x00, 0x00, 0x00, 0x00, 0x00, 0x00, 0x00, 0x00, 0x00, 0x00,
  0x00, 0x00, 0x00, 0x00, 0x00, 0x00, 0x00, 0x00, 0x00, 0x01, 0x00, 0x00, 0x00, 0x00, 0x00, 0x00,
  0x00, 0x00, 0x00, 0x00, 0x00, 0x00, 0x00, 0x00, 0x00, 0x00, 0x05, 0x0f, 0x1b, 0x72, 0x88, 0x95,
  0xc7, 0xc8, 0xbf, 0xdf, 0xef, 0xf1, 0xfa, 0xfc, 0xfa, 0xf9, 0xfb, 0xfb, 0xfe, 0xeb, 0xf6, 0xfd,
  0xfb, 0xfd, 0xfd, 0xfe, 0xfe, 0xfd, 0xfd, 0xfc, 0xfe, 0xfd, 0xfd, 0xfc, 0xfb, 0xfd, 0xff, 0xeb,
  0x8a, 0xfe, 0xfb, 0xfe, 0xfd, 0xfd, 0xfc, 0xfd, 0xfe, 0xf6, 0xff, 0xff, 0xf6, 0xf6, 0xfc, 0xfd,
  0xfd, 0xfd, 0xfe, 0xfc, 0xfc, 0xfb, 0xff, 0xc7, 0xcd, 0xff, 0xff, 0xfd, 0xfc, 0xfe, 0xdf, 0xde,
  0xff, 0xfc, 0xfe, 0xfd, 0xfc, 0xfd, 0xfe, 0xfe, 0xfd, 0xfd, 0xfc, 0xfd, 0xfe, 0xfd, 0xfc, 0xfa,
  0xff, 0xcb, 0xfa, 0xfe, 0xfd, 0xfe, 0xff, 0xfe, 0xfd, 0xfc, 0xfc, 0xfe, 0xfe, 0xfd, 0xfd, 0xfd,
  0xfe, 0xfe, 0xfc, 0xfd, 0xfc, 0xfd, 0xfd, 0xfc, 0xfc, 0xfc, 0xfe, 0xfd, 0xfc, 0xfe, 0xfd, 0xfe,
  0xfd, 0xfd, 0xfc, 0xfc, 0xfe, 0xff, 0xfe, 0xfd, 0xfd, 0xfd, 0xfe, 0xfe, 0xfd, 0xfc, 0xfe, 0xff,
  0xfe, 0xfe, 0xfd, 0xfd, 0xff, 0xfd, 0xfd, 0xfd, 0xfd, 0xfe, 0xfd, 0xfd, 0xfc, 0xfc, 0xff, 0xc6,
  0xfc, 0xfd, 0xfd, 0xfd, 0xfd, 0xfc, 0xfe, 0xfd, 0xfe, 0xfe, 0xfe, 0xfe, 0xfd, 0xfd, 0xfd, 0xfd,
  0xfb, 0xfa, 0xfe, 0xfd, 0xfc, 0xfe, 0xfa, 0xf7, 0xef, 0xd1, 0xb1, 0x57, 0x49, 0x34, 0x19, 0x3f,
  0x22, 0x0b, 0x15, 0x25, 0x28, 0x0c, 0x0a, 0x07, 0x02, 0x03, 0x06, 0x1b, 0x4b, 0x33, 0x25, 0x16,
  0x1a, 0x18, 0x2b, 0x27, 0x1f, 0x1b, 0x1f, 0x2f, 0x30, 0x5a, 0x42, 0x2f, 0x28, 0x1b, 0x11, 0x0d,
  0x11, 0x14, 0x1b, 0x24, 0x36, 0x50, 0x5e, 0x3e, 0x0e, 0x01, 0x00, 0x01, 0x00, 0x00, 0x00, 0x00,
  0x00, 0x00, 0x00, 0x00, 0x00, 0x00, 0x00, 0x00, 0x00, 0x00, 0x00, 0x00, 0x00, 0x00, 0x00, 0x00,
  0x00, 0x01, 0x00, 0x00, 0x00, 0x00, 0x00, 0x00, 0x00, 0x00, 0x00, 0x00, 0x00, 0x00, 0x01, 0x00,
  0x05, 0x01, 0x03, 0x01, 0x1e, 0x62, 0x2e, 0x58, 0x74, 0x92, 0xc9, 0xa8, 0x9b, 0xef, 0xf3, 0xf1,
  0xfb, 0xfc, 0xfd, 0xfa, 0xfb, 0xfd, 0xf8, 0xfa, 0xff, 0xfd, 0xfd, 0xfd, 0xff, 0xfd, 0xfd, 0xfd,
  0xfd, 0xfe, 0xfe, 0xfd, 0xfe, 0xfc, 0xfe, 0xfc, 0xff, 0xe4, 0x7b, 0xff, 0xfb, 0xfd, 0xff, 0xfd,
  0xfd, 0xfe, 0xff, 0xe5, 0xaf, 0xbf, 0xff, 0xe9, 0xf2, 0xff, 0xfd, 0xfe, 0xfe, 0xfe, 0xfe, 0xfe,
  0xfe, 0xfc, 0xfc, 0xfe, 0xed, 0xfe, 0xff, 0xe7, 0xb3, 0xfd, 0xfd, 0xfd, 0xfc, 0xfd, 0xfd, 0xfe,
  0xfc, 0xfd, 0xfe, 0xfc, 0xff, 0xfd, 0xfd, 0xfe, 0xfc, 0xfe, 0xe7, 0xec, 0xff, 0xfd, 0xfe, 0xfd,
  0xfc, 0xfe, 0xfd, 0xfd, 0xfe, 0xfc, 0xfe, 0xfe, 0xfe, 0xfd, 0xfd, 0xff, 0xfc, 0xfd, 0xfe, 0xfc,
  0xfd, 0xfd, 0xfe, 0xff, 0xfe, 0xfe, 0xfe, 0xfe, 0xfe, 0xfe, 0xfd, 0xff, 0xfe, 0xfe, 0xfd, 0xfc,
  0xfe, 0xfd, 0xfe, 0xff, 0xfd, 0xfe, 0xff, 0xfe, 0xfe, 0xfd, 0xfe, 0xfd, 0xfe, 0xfe, 0xfd, 0xfe,
  0xfe, 0xfe, 0xfe, 0xfd, 0xfd, 0xfd, 0xfd, 0xfd, 0xe6, 0xf6, 0xfd, 0xfd, 0xfe, 0xfc, 0xfc, 0xfd,
  0xfe, 0xfe, 0xfc, 0xfd, 0xfe, 0xfd, 0xfd, 0xfb, 0xfd, 0xfa, 0xe7, 0xf8, 0xfe, 0xfc, 0xfd, 0xfb,
  0xfa, 0xfa, 0xeb, 0xb4, 0xa5, 0x86, 0x5c, 0xa0, 0x56, 0x10, 0x17, 0x30, 0x2d, 0x22, 0x24, 0x10,
  0x0a, 0x14, 0x13, 0x08, 0x06, 0x0c, 0x14, 0x14, 0x1e, 0x17, 0x18, 0x21, 0x2e, 0x24, 0x0e, 0x23,
  0x51, 0x34, 0x33, 0x3a, 0x1e, 0x1f, 0x12, 0x0e, 0x2a, 0x39, 0x3d, 0x34, 0x42, 0x48, 0x37, 0x21,
  0x25, 0x14, 0x07, 0x01, 0x01, 0x00, 0x00, 0x00, 0x00, 0x00, 0x01, 0x00, 0x00, 0x00, 0x00, 0x01,
  0x01, 0x00, 0x00, 0x00, 0x01, 0x01, 0x00, 0x00, 0x00, 0x01, 0x01, 0x01, 0x01, 0x01, 0x01, 0x02,
  0x01, 0x00, 0x00, 0x00, 0x01, 0x00, 0x00, 0x00, 0x02, 0x02, 0x02, 0x02, 0x01, 0x05, 0x08, 0x16,
  0x1c, 0x64, 0xa6, 0xa4, 0x99, 0xdb, 0xdf, 0xfa, 0xf6, 0xf2, 0xfa, 0xfc, 0xfd, 0xfd, 0xfe, 0xfd,
  0xfb, 0xf5, 0xd5, 0xff, 0xfe, 0xfd, 0xfe, 0xfe, 0xff, 0xff, 0xfd, 0xfe, 0xfe, 0xff, 0xfe, 0xfd,
  0xfd, 0xfe, 0xfd, 0xfa, 0xaf, 0xd1, 0xfd, 0xfc, 0xff, 0xfe, 0xfd, 0xff, 0xf0, 0xfd, 0xdd, 0xa7,
  0xea, 0xfc, 0xfa, 0xfe, 0xfe, 0xff, 0xff, 0xff, 0xfe, 0xfe, 0xfd, 0xfe, 0xff, 0xfe, 0xf2, 0xfe,
  0xff, 0xf1, 0x79, 0xff, 0xfa, 0xfe, 0xfe, 0xfd, 0xfd, 0xfe, 0xfd, 0xff, 0xfe, 0xfd, 0xfe, 0xfd,
  0xff, 0xfe, 0xfb, 0xff, 0xce, 0xdd, 0xff, 0xfc, 0xfe, 0xfe, 0xff, 0xff, 0xfc, 0xfd, 0xfe, 0xff,
  0xfe, 0xfd, 0xfe, 0xfe, 0xff, 0xff, 0xfd, 0xfc, 0xfe, 0xfe, 0xff, 0xfe, 0xf7, 0xea, 0xff, 0xff,
  0xff, 0xfe, 0xfe, 0xfe, 0xff, 0xfe, 0xfd, 0xfe, 0xff, 0xff, 0xfe, 0xfd, 0xfe, 0xff, 0xfe, 0xfe,
  0xfe, 0xfe, 0xff, 0xff, 0xff, 0xfe, 0xfe, 0xff, 0xfe, 0xfe, 0xfe, 0xfe, 0xfe, 0xfe, 0xfe, 0xfd,
  0xff, 0xec, 0xd5, 0xff, 0xfc, 0xfd, 0xfd, 0xfd, 0xfe, 0xfe, 0xfd, 0xfd, 0xff, 0xfe, 0xff, 0xfd,
  0xfd, 0xfb, 0xff, 0xf5, 0xe7, 0xff, 0xfd, 0xfe, 0xfd, 0xfa, 0xf8, 0xf9, 0xed, 0xa8, 0x6e, 0x96,
  0x8f, 0xaa, 0x67, 0x18, 0x4a, 0x42, 0x05, 0x0e, 0x10, 0x1b, 0x27, 0x36, 0x37, 0x14, 0x0e, 0x1c,
  0x29, 0x42, 0x41, 0x3b, 0x34, 0x36, 0x2f, 0x2c, 0x2a, 0x26, 0x2f, 0x31, 0x20, 0x28, 0x21, 0x25,
  0x2a, 0x3b, 0x3b, 0x3e, 0x47, 0x4f, 0x3d, 0x1e, 0x0f, 0x0e, 0x0b, 0x08, 0x06, 0x01, 0x01, 0x00,
  0x00, 0x00, 0x00, 0x01, 0x02, 0x08, 0x02, 0x00, 0x00, 0x00, 0x00, 0x00, 0x00, 0x00, 0x00, 0x00,
  0x00, 0x00, 0x00, 0x00, 0x00, 0x00, 0x00, 0x03, 0x01, 0x00, 0x01, 0x00, 0x00, 0x00, 0x00, 0x00,
  0x00, 0x00, 0x00, 0x00, 0x01, 0x01, 0x01, 0x02, 0x02, 0x08, 0x21, 0x36, 0x66, 0xa3, 0xcc, 0xee,
  0xd6, 0xeb, 0xf5, 0xf1, 0xfa, 0xfc, 0xfb, 0xfd, 0xfb, 0xfd, 0xff, 0xf9, 0xb2, 0xff, 0xfb, 0xfc,
  0xfb, 0xfc, 0xfd, 0xfc, 0xfc, 0xfc, 0xfd, 0xfc, 0xfd, 0xfb, 0xfb, 0xfd, 0xfc, 0xff, 0xda, 0xdd,
  0xff, 0xfb, 0xfe, 0xfc, 0xfc, 0xff, 0xd1, 0x9e, 0xeb, 0xfe, 0xfd, 0xfe, 0xff, 0xfc, 0xfd, 0xfd,
  0xfd, 0xff, 0xfd, 0xfc, 0xfc, 0xfa, 0xfe, 0xfc, 0xfe, 0xfd, 0xff, 0xef, 0x83, 0xff, 0xf9, 0xfb,
  0xfd, 0xfc, 0xfc, 0xfb, 0xfd, 0xfd, 0xfc, 0xfc, 0xfc, 0xfc, 0xfd, 0xfc, 0xfa, 0xff, 0xca, 0xda,
  0xff, 0xfa, 0xfc, 0xfc, 0xfd, 0xfd, 0xfb, 0xfb, 0xfb, 0xfe, 0xfd, 0xfc, 0xfd, 0xfc, 0xfd, 0xfd,
  0xfc, 0xfc, 0xfc, 0xfd, 0xfd, 0xfc, 0xfc, 0xfc, 0xfe, 0xfe, 0xfd, 0xfd, 0xfd, 0xfe, 0xfe, 0xfd,
  0xfa, 0xfb, 0xfc, 0xfe, 0xfd, 0xfc, 0xfd, 0xfd, 0xfe, 0xfe, 0xfd, 0xfd, 0xfd, 0xff, 0xfe, 0xfb,
  0xfc, 0xfd, 0xfe, 0xfd, 0xfc, 0xfc, 0xfc, 0xfe, 0xfc, 0xfe, 0xf5, 0xd4, 0xf9, 0xfc, 0xfc, 0xfc,
  0xfc, 0xfe, 0xfe, 0xfc, 0xfc, 0xfc, 0xfd, 0xfc, 0xfd, 0xfc, 0xfa, 0xfc, 0xfc, 0xfa, 0xfc, 0xfc,
  0xfc, 0xfc, 0xfc, 0xfb, 0xf2, 0xef, 0xe6, 0x7a, 0xa7, 0xb5, 0xbf, 0x7c, 0x33, 0x21, 0x58, 0x22,
  0x0d, 0x17, 0x0c, 0x46, 0x7d, 0x41, 0x2f, 0x19, 0x20, 0x38, 0x41, 0x30, 0x33, 0x56, 0x37, 0x26,
  0x34, 0x4a, 0x40, 0x3c, 0x2e, 0x36, 0x27, 0x34, 0x3c, 0x47, 0x51, 0x6d, 0x5b, 0x50, 0x3f, 0x2c,
  0x15, 0x02, 0x02, 0x01, 0x02, 0x01, 0x00, 0x00, 0x00, 0x00, 0x00, 0x00, 0x00, 0x00, 0x08, 0x13,
  0x01, 0x00, 0x00, 0x00, 0x00, 0x00, 0x00, 0x00, 0x00, 0x00, 0x00, 0x00, 0x00, 0x00, 0x00, 0x00,
  0x00, 0x00, 0x07, 0x14, 0x03, 0x01, 0x00, 0x00, 0x00, 0x03, 0x1f, 0x12, 0x0a, 0x05, 0x02, 0x04,
  0x00, 0x00, 0x02, 0x04, 0x31, 0x6c, 0x7b, 0x89, 0xc8, 0xda, 0xdc, 0xde, 0xef, 0xf1, 0xf9, 0xfd,
  0xfc, 0xfd, 0xfa, 0xfc, 0xfe, 0xf9, 0xc7, 0xff, 0xf9, 0xfd, 0xfc, 0xfe, 0xfc, 0xfa, 0xfd, 0xfd,
  0xfe, 0xfc, 0xfd, 0xfd, 0xfd, 0xfc, 0xfe, 0xfc, 0xfe, 0xc1, 0xed, 0xfe, 0xfb, 0xfd, 0xfc, 0xfe,
  0xff, 0xe8, 0xe8, 0xdb, 0xfd, 0xfc, 0xfb, 0xfc, 0xfd, 0xfc, 0xfe, 0xfa, 0xfa, 0xfe, 0xfd, 0xfe,
  0xfc, 0xfc, 0xfc, 0xfc, 0xff, 0xf0, 0x92, 0xff, 0xfa, 0xfe, 0xfd, 0xfc, 0xfd, 0xfc, 0xfe, 0xfd,
  0xfc, 0xfc, 0xfd, 0xfe, 0xfd, 0xfc, 0xfb, 0xff, 0xdd, 0xe6, 0xff, 0xfc, 0xfe, 0xfd, 0xfd, 0xfc,
  0xfc, 0xfc, 0xfd, 0xfd, 0xfc, 0xfd, 0xfe, 0xfd, 0xfe, 0xfc, 0xfd, 0xfd, 0xfd, 0xfe, 0xfd, 0xfc,
  0xfc, 0xfc, 0xff, 0xfd, 0xfb, 0xfd, 0xfc, 0xfd, 0xfc, 0xfb, 0xfb, 0xfc, 0xfc, 0xfc, 0xfb, 0xfe,
  0xfd, 0xfd, 0xfe, 0xfc, 0xfd, 0xfe, 0xfc, 0xfd, 0xfd, 0xfc, 0xfd, 0xfd, 0xfd, 0xfc, 0xfc, 0xfd,
  0xfd, 0xfd, 0xfa, 0xfe, 0xda, 0xed, 0xff, 0xfa, 0xfc, 0xfe, 0xfc, 0xfe, 0xfc, 0xfd, 0xfd, 0xfe,
  0xfe, 0xfd, 0xfc, 0xfc, 0xfb, 0xfe, 0xfd, 0xfa, 0xfd, 0xfc, 0xfb, 0xfc, 0xf9, 0xf6, 0xf2, 0xe7,
  0xc9, 0xbe, 0xd6, 0xc7, 0x6d, 0x3a, 0x98, 0x89, 0x0d, 0x10, 0x1c, 0x3b, 0x5f, 0x7b, 0x45, 0x33,
  0x35, 0x4a, 0x53, 0x3b, 0x2c, 0x21, 0x29, 0x47, 0x5c, 0x64, 0x61, 0x58, 0x41, 0x42, 0x42, 0x3d,
  0x3d, 0x58, 0x6b, 0x70, 0x72, 0x58, 0x43, 0x36, 0x15, 0x06, 0x04, 0x00, 0x00, 0x00, 0x00, 0x00,
  0x00, 0x00, 0x00, 0x00, 0x00, 0x00, 0x00, 0x00, 0x04, 0x02, 0x00, 0x00, 0x00, 0x00, 0x00, 0x00,
  0x00, 0x00, 0x00, 0x00, 0x00, 0x00, 0x00, 0x00, 0x00, 0x00, 0x01, 0x00, 0x23, 0x4c, 0x00, 0x01,
  0x00, 0x03, 0x05, 0x03, 0x1c, 0x21, 0x39, 0x19, 0x05, 0x04, 0x00, 0x01, 0x00, 0x06, 0x25, 0x36,
  0x2d, 0x52, 0xaf, 0xdc, 0xee, 0xee, 0xf6, 0xf8, 0xfc, 0xfc, 0xfc, 0xfc, 0xfa, 0xfc, 0xfd, 0xfa,
  0xbe, 0xf5, 0xfd, 0xfb, 0xfc, 0xfd, 0xfc, 0xfd, 0xfd, 0xfc, 0xfd, 0xfd, 0xfd, 0xfc, 0xfc, 0xfd,
  0xfd, 0xfb, 0xff, 0xcb, 0xba, 0xfd, 0xfa, 0xfe, 0xfd, 0xfd, 0xfd, 0xff, 0xf0, 0xfd, 0xff, 0xff,
  0xfd, 0xfd, 0xfb, 0xfd, 0xfe, 0xf4, 0xfa, 0xfe, 0xfd, 0xfd, 0xfc, 0xfe, 0xfd, 0xfd, 0xff, 0xf2,
  0x9d, 0xff, 0xf9, 0xfd, 0xfd, 0xfd, 0xfe, 0xfd, 0xfd, 0xfd, 0xfc, 0xfd, 0xfd, 0xfd, 0xfe, 0xfd,
  0xfb, 0xfd, 0xf6, 0xf7, 0xfc, 0xfd, 0xfd, 0xfc, 0xfe, 0xf8, 0xfa, 0xfd, 0xfc, 0xfd, 0xfd, 0xfd,
  0xfd, 0xfd, 0xfe, 0xfc, 0xfd, 0xfd, 0xfd, 0xfd, 0xfe, 0xfd, 0xfb, 0xfc, 0xe0, 0xfb, 0xfc, 0xfe,
  0xfe, 0xfe, 0xfd, 0xfc, 0xfd, 0xfc, 0xfd, 0xfd, 0xfc, 0xfd, 0xfc, 0xfd, 0xfe, 0xfd, 0xfe, 0xfd,
  0xfd, 0xfe, 0xfd, 0xfe, 0xfc, 0xfc, 0xfd, 0xfc, 0xfd, 0xfd, 0xfd, 0xfc, 0xff, 0xf7, 0xe7, 0xfe,
  0xfc, 0xfc, 0xfd, 0xfd, 0xfc, 0xfd, 0xfe, 0xfd, 0xfd, 0xfc, 0xfe, 0xfd, 0xfc, 0xfb, 0xfb, 0xfc,
  0xfd, 0xfc, 0xfc, 0xfb, 0xfd, 0xfc, 0xfa, 0xf8, 0xef, 0xef, 0xd9, 0xcf, 0xe1, 0xa3, 0x7c, 0x8f,
  0x9f, 0x9c, 0x12, 0x34, 0x4c, 0x3f, 0x50, 0x5a, 0x64, 0x6e, 0x80, 0x6e, 0x51, 0x52, 0x4b, 0x53,
  0x64, 0x7b, 0x5e, 0x4d, 0x38, 0x4d, 0x4e, 0x46, 0x59, 0x5b, 0x7c, 0x8e, 0x6d, 0x55, 0x3d, 0x1c,
  0x16, 0x0a, 0x04, 0x08, 0x03, 0x01, 0x00, 0x00, 0x00, 0x00, 0x00, 0x00, 0x00, 0x00, 0x03, 0x00,
  0x00, 0x00, 0x00, 0x00, 0x00, 0x00, 0x00, 0x00, 0x00, 0x00, 0x00, 0x00, 0x00, 0x00, 0x00, 0x01,
  0x00, 0x00, 0x01, 0x00, 0x01, 0x00, 0x3e, 0x54, 0x00, 0x01, 0x00, 0x24, 0x38, 0x01, 0x05, 0x10,
  0x24, 0x1f, 0x00, 0x02, 0x00, 0x00, 0x00, 0x13, 0x14, 0x1e, 0x40, 0x7e, 0x9d, 0xa1, 0xd5, 0xec,
  0xf1, 0xf3, 0xf9, 0xfb, 0xfd, 0xfa, 0xf6, 0xf8, 0xfd, 0xff, 0xf3, 0xf3, 0xff, 0xfc, 0xfe, 0xfb,
  0xfc, 0xfc, 0xfe, 0xfe, 0xfd, 0xfd, 0xfe, 0xfd, 0xfd, 0xfd, 0xfd, 0xfd, 0xfe, 0xff, 0xfc, 0xff,
  0xfb, 0xfe, 0xfd, 0xfd, 0xfd, 0xfc, 0xfa, 0xf9, 0xf7, 0xf4, 0xfd, 0xf8, 0xf8, 0xff, 0xfa, 0xfd,
  0xfe, 0xff, 0xf4, 0xbf, 0xff, 0xfc, 0xfe, 0xfd, 0xff, 0xf5, 0xb3, 0xff, 0xfc, 0xfc, 0xfc, 0xfd,
  0xfe, 0xfe, 0xfd, 0xfe, 0xfc, 0xfd, 0xfd, 0xfb, 0xfe, 0xfc, 0xff, 0xf1, 0xcf, 0xff, 0xfc, 0xff,
  0xfe, 0xfc, 0xfd, 0xfc, 0xfb, 0xfd, 0xfc, 0xfc, 0xfb, 0xfd, 0xfe, 0xfd, 0xfd, 0xfd, 0xfd, 0xfe,
  0xfd, 0xfc, 0xfc, 0xfc, 0xfd, 0xfe, 0xea, 0xee, 0xfd, 0xfd, 0xfe, 0xfe, 0xfe, 0xfd, 0xfe, 0xfe,
  0xfd, 0xfd, 0xfd, 0xfe, 0xfd, 0xfe, 0xfd, 0xfd, 0xfe, 0xfe, 0xfd, 0xfd, 0xfe, 0xfe, 0xfd, 0xfd,
  0xfc, 0xfd, 0xfe, 0xfe, 0xfc, 0xff, 0xe7, 0xef, 0xff, 0xfc, 0xfd, 0xfd, 0xfd, 0xfe, 0xfd, 0xfd,
  0xfd, 0xfd, 0xfd, 0xfd, 0xfc, 0xfd, 0xfc, 0xfd, 0xfc, 0xfd, 0xfd, 0xfc, 0xfd, 0xfd, 0xfb, 0xf8,
  0xf8, 0xf6, 0xed, 0xfa, 0xdd, 0xbe, 0xbb, 0xb3, 0x9f, 0x81, 0x65, 0x46, 0x28, 0x38, 0x36, 0x23,
  0x3f, 0x92, 0xb2, 0x8e, 0x6e, 0x5d, 0x74, 0x6c, 0x76, 0x77, 0x6c, 0x5f, 0x4f, 0x4c, 0x5a, 0x6a,
  0x71, 0x8e, 0x94, 0x8b, 0x80, 0x50, 0x2c, 0x16, 0x19, 0x15, 0x08, 0x01, 0x00, 0x04, 0x03, 0x01,
  0x00, 0x00, 0x01, 0x01, 0x00, 0x00, 0x02, 0x00, 0x10, 0x04, 0x0a, 0x06, 0x00, 0x00, 0x00, 0x00,
  0x00, 0x00, 0x00, 0x00, 0x00, 0x00, 0x00, 0x01, 0x02, 0x00, 0x00, 0x00, 0x00, 0x00, 0x00, 0x01,
  0x11, 0x07, 0x00, 0x00, 0x00, 0x05, 0x04, 0x02, 0x02, 0x03, 0x00, 0x00, 0x02, 0x00, 0x00, 0x00,
  0x02, 0x06, 0x08, 0x30, 0x57, 0x74, 0x42, 0x5e, 0xca, 0xed, 0xef, 0xf4, 0xfb, 0xfb, 0xfd, 0xf9,
  0xf9, 0xfb, 0xfe, 0xfc, 0xff, 0xfe, 0xfd, 0xfc, 0xfd, 0xfc, 0xfd, 0xfe, 0xfe, 0xfe, 0xfc, 0xfe,
  0xfd, 0xfd, 0xfe, 0xfd, 0xfe, 0xfe, 0xfa, 0xfe, 0xcd, 0xbe, 0xff, 0xfb, 0xfe, 0xfe, 0xfe, 0xfe,
  0xff, 0xff, 0xfb, 0xe9, 0xde, 0xfc, 0xff, 0xf3, 0xff, 0xff, 0xfd, 0xff, 0xfc, 0xeb, 0xfe, 0xfd,
  0xfc, 0xfe, 0xfe, 0xfb, 0xe5, 0xfe, 0xfd, 0xfc, 0xfd, 0xfd, 0xfd, 0xfe, 0xfd, 0xfe, 0xfe, 0xfd,
  0xfd, 0xfc, 0xfe, 0xfd, 0xff, 0xe8, 0xa3, 0xff, 0xfc, 0xfd, 0xfe, 0xfe, 0xfe, 0xfe, 0xfc, 0xfc,
  0xfc, 0xfd, 0xfe, 0xfe, 0xfd, 0xfe, 0xfc, 0xfe, 0xfe, 0xfd, 0xfe, 0xfd, 0xfe, 0xfe, 0xfc, 0xfb,
  0xff, 0xdf, 0xf9, 0xff, 0xfe, 0xfd, 0xfe, 0xfe, 0xfd, 0xfe, 0xfd, 0xfe, 0xfe, 0xfd, 0xfe, 0xfe,
  0xfe, 0xfe, 0xfe, 0xfe, 0xff, 0xfe, 0xfe, 0xfe, 0xff, 0xfe, 0xfd, 0xff, 0xfd, 0xfc, 0xff, 0xd1,
  0xdd, 0xff, 0xfb, 0xfd, 0xfc, 0xfe, 0xfe, 0xfd, 0xfe, 0xfd, 0xfe, 0xfd, 0xfd, 0xfd, 0xfc, 0xfe,
  0xff, 0xfd, 0xfc, 0xfd, 0xfd, 0xfc, 0xfc, 0xfc, 0xfc, 0xfa, 0xfb, 0xf8, 0xf1, 0xf5, 0xe2, 0xa1,
  0xa2, 0xaa, 0xa0, 0xa9, 0x9b, 0x3d, 0x38, 0x6a, 0x7b, 0x7a, 0xa0, 0x83, 0x58, 0x65, 0x68, 0x7c,
  0x8c, 0x7f, 0x72, 0x78, 0x77, 0x64, 0x6d, 0x7e, 0x8f, 0xa7, 0x98, 0x89, 0x75, 0x5b, 0x46, 0x22,
  0x1b, 0x14, 0x0e, 0x08, 0x03, 0x01, 0x02, 0x02, 0x02, 0x00, 0x00, 0x00, 0x00, 0x00, 0x01, 0x03,
  0x03, 0x00, 0x04, 0x04, 0x14, 0x05, 0x00, 0x00, 0x00, 0x00, 0x00, 0x00, 0x00, 0x00, 0x01, 0x02,
  0x31, 0x11, 0x00, 0x00, 0x00, 0x00, 0x09, 0x02, 0x00, 0x00, 0x00, 0x00, 0x00, 0x00, 0x00, 0x00,
  0x00, 0x00, 0x00, 0x00, 0x01, 0x00, 0x00, 0x00, 0x00, 0x00, 0x03, 0x07, 0x05, 0x14, 0x26, 0x40,
  0x33, 0x42, 0xa1, 0xdb, 0xee, 0xf3, 0xf9, 0xfe, 0xf9, 0xfb, 0xea, 0xfa, 0xfe, 0xfb, 0xfe, 0xdb,
  0xf7, 0xff, 0xfd, 0xfc, 0xfc, 0xfd, 0xff, 0xfd, 0xfc, 0xfd, 0xfb, 0xfd, 0xfe, 0xfc, 0xfe, 0xfe,
  0xfd, 0xfc, 0xf7, 0xa0, 0xde, 0xff, 0xfa, 0xfd, 0xfd, 0xfe, 0xfd, 0xfe, 0xfe, 0xfe, 0xfa, 0xfc,
  0xff, 0xf6, 0xe7, 0xfb, 0xfe, 0xfe, 0xff, 0xff, 0xfd, 0xfd, 0xfe, 0xfe, 0xfc, 0xfb, 0xff, 0xfd,
  0xfd, 0xfb, 0xfc, 0xfc, 0xfe, 0xfd, 0xfc, 0xfc, 0xfc, 0xfd, 0xfe, 0xfc, 0xfd, 0xfb, 0xff, 0xe4,
  0x93, 0xff, 0xfa, 0xfe, 0xfd, 0xfd, 0xfe, 0xfd, 0xfc, 0xfd, 0xfc, 0xfd, 0xfb, 0xfd, 0xfe, 0xfd,
  0xfd, 0xfd, 0xfd, 0xfd, 0xfc, 0xfd, 0xfe, 0xfc, 0xfe, 0xfe, 0xfc, 0xf7, 0xd2, 0xf6, 0xfd, 0xfd,
  0xfd, 0xfd, 0xfe, 0xfe, 0xfd, 0xfe, 0xfd, 0xfe, 0xff, 0xfd, 0xfd, 0xfc, 0xff, 0xff, 0xfd, 0xfd,
  0xfd, 0xfe, 0xfe, 0xfc, 0xfd, 0xfd, 0xfb, 0xff, 0xcf, 0xd4, 0xff, 0xfb, 0xfe, 0xfd, 0xfe, 0xfc,
  0xfd, 0xfe, 0xfd, 0xfd, 0xfc, 0xfd, 0xfe, 0xfd, 0xfd, 0xfc, 0xfc, 0xff, 0xfd, 0xfd, 0xfc, 0xfc,
  0xfe, 0xfb, 0xfb, 0xf9, 0xf7, 0xfa, 0xf2, 0xeb, 0xf5, 0xca, 0xce, 0xda, 0xa8, 0x85, 0x86, 0x83,
  0x87, 0x89, 0x92, 0x93, 0x84, 0x69, 0x87, 0x99, 0xaf, 0x9a, 0x80, 0x8c, 0x98, 0x9e, 0x9d, 0x93,
  0x9b, 0xab, 0xaf, 0x8f, 0x58, 0x4e, 0x47, 0x3e, 0x37, 0x18, 0x10, 0x08, 0x05, 0x06, 0x0a, 0x03,
  0x00, 0x01, 0x01, 0x00, 0x00, 0x00, 0x00, 0x00, 0x03, 0x11, 0x0a, 0x00, 0x00, 0x00, 0x00, 0x00,
  0x00, 0x00, 0x00, 0x00, 0x00, 0x00, 0x00, 0x00, 0x01, 0x02, 0x14, 0x05, 0x00, 0x01, 0x00, 0x44,
  0x4e, 0x03, 0x00, 0x00, 0x01, 0x01, 0x00, 0x00, 0x00, 0x00, 0x00, 0x00, 0x00, 0x00, 0x00, 0x00,
  0x00, 0x00, 0x00, 0x00, 0x01, 0x00, 0x06, 0x0c, 0x11, 0x24, 0x30, 0x44, 0x92, 0xbd, 0xd5, 0xf8,
  0xf7, 0xfb, 0xf9, 0xf9, 0xee, 0xf9, 0xfc, 0xfc, 0xfe, 0xed, 0xe0, 0xff, 0xfb, 0xfd, 0xfc, 0xfe,
  0xfd, 0xfd, 0xfe, 0xfd, 0xfe, 0xfc, 0xfd, 0xfe, 0xfe, 0xfe, 0xfe, 0xfc, 0xfe, 0xfd, 0xac, 0xcd,
  0xff, 0xfb, 0xfc, 0xfd, 0xfd, 0xfc, 0xfe, 0xfc, 0xfe, 0xfe, 0xfd, 0xf9, 0xec, 0xfc, 0xfe, 0xfd,
  0xfe, 0xfd, 0xfd, 0xfd, 0xfd, 0xfc, 0xfd, 0xfe, 0xd3, 0xfe, 0xfc, 0xfd, 0xfd, 0xfd, 0xfc, 0xfd,
  0xfe, 0xfd, 0xfd, 0xfd, 0xfd, 0xfe, 0xfc, 0xfd, 0xff, 0xe8, 0xac, 0xff, 0xfb, 0xfe, 0xfc, 0xff,
  0xfd, 0xfd, 0xfd, 0xfc, 0xfd, 0xfb, 0xfb, 0xfd, 0xfd, 0xfe, 0xfe, 0xfd, 0xfe, 0xfd, 0xfe, 0xfe,
  0xfd, 0xfe, 0xfc, 0xfd, 0xfb, 0xff, 0xb4, 0xb4, 0xff, 0xfa, 0xfd, 0xfd, 0xfd, 0xfd, 0xfe, 0xfc,
  0xfd, 0xfd, 0xfd, 0xff, 0xfd, 0xfd, 0xfe, 0xfd, 0xfe, 0xfc, 0xfd, 0xfd, 0xfc, 0xfe, 0xfb, 0xff,
  0xff, 0xea, 0xd8, 0xff, 0xfc, 0xfe, 0xfe, 0xff, 0xfe, 0xfc, 0xfe, 0xfd, 0xfe, 0xfe, 0xfd, 0xff,
  0xfb, 0xfd, 0xfe, 0xfc, 0xfd, 0xfc, 0xfc, 0xfb, 0xfa, 0xfd, 0xfe, 0xfc, 0xfd, 0xf7, 0xf8, 0xf5,
  0xf1, 0xf6, 0xf2, 0xdf, 0xe3, 0xd8, 0x8d, 0x83, 0xa5, 0xb0, 0xa0, 0x89, 0x80, 0x90, 0xb3, 0xc2,
  0xcd, 0xd5, 0xcd, 0xcb, 0xc6, 0xc4, 0xc5, 0xd0, 0xd5, 0xd9, 0xc9, 0x90, 0x5a, 0x46, 0x46, 0x45,
  0x29, 0x19, 0x15, 0x0f, 0x0d, 0x0c, 0x08, 0x06, 0x06, 0x02, 0x03, 0x00, 0x00, 0x00, 0x00, 0x00,
  0x00, 0x00, 0x00, 0x04, 0x04, 0x00, 0x00, 0x00, 0x00, 0x00, 0x00, 0x00, 0x00, 0x00, 0x00, 0x00,
  0x00, 0x00, 0x00, 0x00, 0x00, 0x00, 0x00, 0x01, 0x00, 0x20, 0x2a, 0x02, 0x00, 0x00, 0x00, 0x00,
  0x00, 0x00, 0x00, 0x00, 0x00, 0x00, 0x00, 0x00, 0x00, 0x00, 0x00, 0x01, 0x08, 0x01, 0x01, 0x04,
  0x05, 0x25, 0x1f, 0x1f, 0x46, 0x38, 0x4c, 0x4e, 0x67, 0xa5, 0xe1, 0xfd, 0xf9, 0xfb, 0xfc, 0xfc,
  0xfd, 0xfd, 0xff, 0xfe, 0xe9, 0xff, 0xfd, 0xfc, 0xff, 0xfe, 0xfd, 0xfe, 0xfd, 0xff, 0xff, 0xfe,
  0xfd, 0xfe, 0xff, 0xff, 0xfe, 0xfd, 0xfd, 0xfe, 0xfd, 0x9a, 0xcf, 0xff, 0xff, 0xfb, 0xfd, 0xfe,
  0xfe, 0xfe, 0xff, 0xfd, 0xfc, 0xff, 0xff, 0xff, 0xfd, 0xfe, 0xfd, 0xff, 0xff, 0xff, 0xfc, 0xfa,
  0xff, 0xd0, 0xc0, 0xff, 0xfc, 0xfd, 0xff, 0xff, 0xfd, 0xfe, 0xfe, 0xfe, 0xfe, 0xfe, 0xfd, 0xfe,
  0xff, 0xfe, 0xff, 0xe2, 0x91, 0xff, 0xfb, 0xfe, 0xff, 0xff, 0xfe, 0xff, 0xfd, 0xfe, 0xfd, 0xfc,
  0xfe, 0xfe, 0xfe, 0xfe, 0xfe, 0xff, 0xfd, 0xfe, 0xff, 0xfd, 0xff, 0xff, 0xfd, 0xfd, 0xfd, 0xfb,
  0xff, 0x9a, 0xbc, 0xff, 0xfb, 0xfe, 0xfd, 0xfe, 0xfd, 0xfe, 0xff, 0xfd, 0xfe, 0xfe, 0xfe, 0xff,
  0xfd, 0xfe, 0xfe, 0xfe, 0xff, 0xfd, 0xfe, 0xfc, 0xff, 0xf3, 0xe3, 0xfc, 0xff, 0xfd, 0xfe, 0xfe,
  0xfe, 0xfe, 0xff, 0xff, 0xfe, 0xfd, 0xfe, 0xff, 0xff, 0xff, 0xfc, 0xfe, 0xfe, 0xff, 0xfe, 0xfa,
  0xfb, 0xfb, 0xfe, 0xfe, 0xfe, 0xfd, 0xfd, 0xfe, 0xfc, 0xf8, 0xf7, 0xf8, 0xf0, 0xcf, 0xe8, 0xcd,
  0xa0, 0xa9, 0xc8, 0xac, 0xbb, 0xbf, 0xd7, 0xe1, 0xee, 0xe5, 0xe4, 0xe1, 0xe0, 0xe0, 0xe6, 0xe6,
  0xe4, 0xe4, 0xcd, 0x96, 0x53, 0x3e, 0x2f, 0x2e, 0x33, 0x23, 0x2b, 0x22, 0x22, 0x1c, 0x10, 0x0b,
  0x0c, 0x07, 0x05, 0x00, 0x03, 0x01, 0x01, 0x00, 0x00, 0x00, 0x00, 0x00, 0x01, 0x01, 0x00, 0x00,
  0x00, 0x00, 0x00, 0x00, 0x00, 0x00, 0x00, 0x00, 0x00, 0x00, 0x00, 0x04, 0x12, 0x06, 0x01, 0x00,
  0x00, 0x00, 0x00, 0x00, 0x01, 0x01, 0x00, 0x00, 0x00, 0x00, 0x00, 0x00, 0x00, 0x00, 0x00, 0x00,
  0x03, 0x00, 0x00, 0x00, 0x01, 0x02, 0x04, 0x01, 0x02, 0x08, 0x05, 0x0e, 0x0c, 0x09, 0x18, 0x2b,
  0x27, 0x3d, 0x59, 0xaf, 0xee, 0xf8, 0xed, 0xdf, 0xeb, 0xe6, 0xfe, 0xfa, 0xfa, 0xfd, 0xf0, 0xe2,
  0xfd, 0xfb, 0xfd, 0xfe, 0xfd, 0xfe, 0xfc, 0xfd, 0xfe, 0xfe, 0xfd, 0xfd, 0xfd, 0xfd, 0xfd, 0xfd,
  0xfc, 0xfc, 0xfd, 0xfa, 0xdc, 0xc9, 0xf3, 0xff, 0xff, 0xfd, 0xfb, 0xfc, 0xfe, 0xfd, 0xfd, 0xfc,
  0xfd, 0xfe, 0xfe, 0xfe, 0xfd, 0xfd, 0xfe, 0xfd, 0xfc, 0xff, 0xe1, 0xd5, 0xff, 0xfc, 0xfd, 0xfb,
  0xfd, 0xfd, 0xfd, 0xfd, 0xfc, 0xfd, 0xfe, 0xfd, 0xfc, 0xfc, 0xfd, 0xfc, 0xff, 0xe6, 0x9a, 0xff,
  0xfb, 0xff, 0xfe, 0xfc, 0xfd, 0xfe, 0xfd, 0xfe, 0xfd, 0xfc, 0xfe, 0xfc, 0xfe, 0xfd, 0xfc, 0xfd,
  0xfe, 0xfe, 0xfd, 0xfc, 0xfd, 0xfd, 0xfd, 0xfc, 0xfd, 0xfd, 0xfc, 0xee, 0x9a, 0xb7, 0xff, 0xfd,
  0xfc, 0xfd, 0xfd, 0xfe, 0xfd, 0xfd, 0xfe, 0xfc, 0xfc, 0xfe, 0xfe, 0xfe, 0xfd, 0xfe, 0xfd, 0xfd,
  0xfe, 0xff, 0xeb, 0xc0, 0xdd, 0xff, 0xfb, 0xfd, 0xfe, 0xfd, 0xfd, 0xfc, 0xfd, 0xfe, 0xfe, 0xfd,
  0xfc, 0xfc, 0xfd, 0xfd, 0xfb, 0xfc, 0xfb, 0xfd, 0xfc, 0xfc, 0xfc, 0xfd, 0xfd, 0xfb, 0xfa, 0xfb,
  0xf9, 0xf8, 0xfa, 0xf4, 0xf2, 0xec, 0xf7, 0xeb, 0xeb, 0xe3, 0xd6, 0xe1, 0xe7, 0xf3, 0xf5, 0xf8,
  0xf8, 0xf3, 0xf1, 0xf2, 0xf6, 0xf1, 0xee, 0xf0, 0xef, 0xec, 0xce, 0x93, 0x73, 0x57, 0x54, 0x4b,
  0x52, 0x43, 0x2a, 0x2e, 0x34, 0x35, 0x2d, 0x17, 0x15, 0x07, 0x03, 0x04, 0x02, 0x02, 0x00, 0x00,
  0x00, 0x00, 0x00, 0x00, 0x00, 0x00, 0x00, 0x00, 0x00, 0x00, 0x00, 0x00, 0x00, 0x00, 0x00, 0x01,
  0x00, 0x00, 0x00, 0x01, 0x00, 0x1f, 0x82, 0x1a, 0x01, 0x03, 0x00, 0x00, 0x00, 0x00, 0x00, 0x02,
  0x00, 0x00, 0x00, 0x00, 0x00, 0x00, 0x02, 0x04, 0x01, 0x01, 0x04, 0x02, 0x01, 0x01, 0x06, 0x03,
  0x0c, 0x09, 0x04, 0x04, 0x01, 0x04, 0x03, 0x02, 0x05, 0x1b, 0x2b, 0x6c, 0x73, 0xa1, 0xe7, 0xf5,
  0xf8, 0xcc, 0xcf, 0xfb, 0xfa, 0xfb, 0xfc, 0xfc, 0xfd, 0xe4, 0xf9, 0xfd, 0xfe, 0xfd, 0xfe, 0xfe,
  0xfc, 0xfe, 0xfe, 0xfd, 0xfd, 0xfc, 0xfe, 0xfe, 0xfd, 0xfd, 0xfd, 0xfe, 0xfd, 0xfd, 0xff, 0xc3,
  0xa2, 0x9f, 0xef, 0xff, 0xff, 0xff, 0xff, 0xfd, 0xfd, 0xfc, 0xfc, 0xfe, 0xfd, 0xfd, 0xfd, 0xfc,
  0xfc, 0xfc, 0xfd, 0xd1, 0xcd, 0xff, 0xfd, 0xfc, 0xfd, 0xfc, 0xfe, 0xfd, 0xfc, 0xfd, 0xfc, 0xfe,
  0xfe, 0xfc, 0xfd, 0xfc, 0xfe, 0xfd, 0xff, 0xe8, 0xa0, 0xff, 0xfc, 0xfd, 0xfd, 0xfd, 0xfe, 0xfe,
  0xfe, 0xfc, 0xfd, 0xfe, 0xff, 0xfd, 0xfc, 0xfc, 0xfc, 0xfe, 0xfd, 0xfc, 0xfd, 0xfe, 0xff, 0xfe,
  0xfd, 0xfc, 0xfc, 0xff, 0xfc, 0xff, 0xec, 0xa3, 0xc4, 0xfa, 0xff, 0xfc, 0xfa, 0xfc, 0xfd, 0xfc,
  0xfc, 0xfd, 0xfe, 0xfd, 0xfe, 0xfd, 0xfd, 0xfe, 0xff, 0xfd, 0xef, 0xd8, 0xe5, 0xf9, 0xff, 0xfd,
  0xfc, 0xfc, 0xfe, 0xfe, 0xfe, 0xfc, 0xfc, 0xff, 0xfd, 0xfd, 0xfd, 0xfc, 0xfe, 0xfd, 0xfb, 0xfb,
  0xfc, 0xfd, 0xfe, 0xfc, 0xfd, 0xfd, 0xfc, 0xfc, 0xfb, 0xfb, 0xf8, 0xf6, 0xf8, 0xef, 0xeb, 0xe1,
  0xce, 0xd4, 0xea, 0xed, 0xf6, 0xf5, 0xf2, 0xfb, 0xfa, 0xf8, 0xf8, 0xf8, 0xf7, 0xf5, 0xf5, 0xf0,
  0xec, 0xe2, 0xb4, 0x90, 0x76, 0x63, 0x67, 0x6a, 0x5b, 0x43, 0x35, 0x3e, 0x1b, 0x19, 0x12, 0x0e,
  0x14, 0x0f, 0x0c, 0x07, 0x03, 0x03, 0x13, 0x2a, 0x02, 0x00, 0x00, 0x00, 0x00, 0x00, 0x00, 0x00,
  0x00, 0x00, 0x00, 0x00, 0x00, 0x00, 0x00, 0x00, 0x00, 0x00, 0x00, 0x00, 0x00, 0x01, 0x00, 0x1b,
  0x58, 0x0f, 0x00, 0x01, 0x00, 0x00, 0x01, 0x07, 0x54, 0x1a, 0x00, 0x01, 0x00, 0x00, 0x00, 0x00,
  0x01, 0x04, 0x01, 0x02, 0x0b, 0x01, 0x00, 0x01, 0x04, 0x04, 0x00, 0x00, 0x04, 0x08, 0x03, 0x02,
  0x01, 0x01, 0x06, 0x16, 0x2b, 0x57, 0x6d, 0x9a, 0xdf, 0xee, 0xed, 0xc4, 0xc1, 0xef, 0xf9, 0xf9,
  0xf9, 0xfb, 0xfb, 0xfd, 0xf6, 0xfe, 0xfb, 0xfb, 0xfd, 0xfe, 0xfd, 0xfd, 0xfc, 0xfc, 0xfc, 0xfc,
  0xfc, 0xfd, 0xfc, 0xfc, 0xfd, 0xfc, 0xfc, 0xfb, 0xfa, 0xff, 0xef, 0xde, 0xb5, 0xc0, 0xba, 0xc6,
  0xed, 0xfe, 0xff, 0xff, 0xff, 0xff, 0xff, 0xff, 0xff, 0xff, 0xff, 0xfd, 0xf5, 0xdc, 0xfd, 0xfa,
  0xfd, 0xfc, 0xfc, 0xfc, 0xfd, 0xfc, 0xfc, 0xfd, 0xfd, 0xfc, 0xfc, 0xfc, 0xfc, 0xfc, 0xfd, 0xfb,
  0xff, 0xc7, 0xcc, 0xff, 0xfc, 0xfc, 0xfd, 0xfc, 0xfd, 0xfe, 0xfc, 0xfd, 0xfd, 0xfb, 0xf2, 0xfb,
  0xfc, 0xfd, 0xfc, 0xfd, 0xfc, 0xfd, 0xfd, 0xfd, 0xfd, 0xfc, 0xfc, 0xfc, 0xfd, 0xfd, 0xfc, 0xfc,
  0xfe, 0xff, 0xba, 0xbc, 0xd3, 0xff, 0xff, 0xff, 0xff, 0xff, 0xff, 0xff, 0xff, 0xff, 0xfe, 0xff,
  0xff, 0xfe, 0xdb, 0xd3, 0xda, 0xf1, 0xff, 0xfc, 0xfb, 0xfd, 0xfc, 0xfd, 0xfb, 0xfb, 0xfc, 0xfc,
  0xfc, 0xfd, 0xfc, 0xfc, 0xfc, 0xfd, 0xfd, 0xfb, 0xfc, 0xfc, 0xfc, 0xfa, 0xfa, 0xfc, 0xfb, 0xfd,
  0xfc, 0xfa, 0xfb, 0xfc, 0xfb, 0xf6, 0xf5, 0xf7, 0xe2, 0xc6, 0xdd, 0xf3, 0xf7, 0xf8, 0xf8, 0xf8,
  0xf8, 0xf8, 0xfc, 0xfa, 0xf9, 0xfb, 0xfa, 0xf3, 0xee, 0xd2, 0x9c, 0x80, 0x65, 0x77, 0x9a, 0x98,
  0x6b, 0x45, 0x26, 0x1f, 0x14, 0x20, 0x0f, 0x0c, 0x08, 0x07, 0x15, 0x1f, 0x00, 0x00, 0x01, 0x02,
  0x04, 0x0b, 0x00, 0x00, 0x00, 0x00, 0x00, 0x00, 0x00, 0x00, 0x00, 0x00, 0x00, 0x00, 0x00, 0x00,
  0x00, 0x00, 0x00, 0x00, 0x00, 0x00, 0x00, 0x00, 0x00, 0x02, 0x00, 0x00, 0x00, 0x00, 0x00, 0x00,
  0x01, 0x05, 0x4c, 0x15, 0x00, 0x00, 0x00, 0x00, 0x00, 0x00, 0x00, 0x04, 0x12, 0x05, 0x1d, 0x01,
  0x00, 0x00, 0x06, 0x00, 0x44, 0x26, 0x0b, 0x01, 0x00, 0x00, 0x01, 0x01, 0x04, 0x0d, 0x2d, 0x3b,
  0x55, 0x63, 0xd2, 0xee, 0xf8, 0xb9, 0xa0, 0xf5, 0xff, 0xf7, 0xfa, 0xf9, 0xfa, 0xfb, 0xfc, 0xf0,
  0xfd, 0xfa, 0xfc, 0xfc, 0xfe, 0xfc, 0xfd, 0xfd, 0xfc, 0xfe, 0xfc, 0xfc, 0xfd, 0xfc, 0xfd, 0xfb,
  0xfc, 0xfd, 0xfb, 0xfa, 0xfe, 0xff, 0xff, 0xe2, 0xae, 0xc1, 0x97, 0xce, 0xf6, 0xe8, 0xe8, 0xe4,
  0xe7, 0xf0, 0xe9, 0xd3, 0xb5, 0xfb, 0xfd, 0xff, 0xfc, 0xfb, 0xfc, 0xfc, 0xfb, 0xfe, 0xfb, 0xfc,
  0xfd, 0xfd, 0xfe, 0xfc, 0xfc, 0xfc, 0xfc, 0xfd, 0xfc, 0xf9, 0xff, 0x9b, 0xde, 0xff, 0xfc, 0xfd,
  0xfc, 0xfe, 0xfc, 0xfb, 0xfc, 0xfc, 0xfc, 0xfc, 0xf0, 0xfc, 0xfc, 0xfc, 0xfd, 0xfb, 0xfd, 0xfc,
  0xfd, 0xfe, 0xfd, 0xfc, 0xfb, 0xfc, 0xfe, 0xfb, 0xfc, 0xfd, 0xfa, 0xfa, 0xff, 0xf7, 0xcd, 0xb2,
  0xa9, 0xbc, 0xe2, 0xe3, 0xe4, 0xe6, 0xe3, 0xe1, 0xf5, 0xe7, 0xd9, 0xfa, 0xd5, 0xef, 0xff, 0xff,
  0xfb, 0xfb, 0xfd, 0xfc, 0xfd, 0xfe, 0xfc, 0xfd, 0xfb, 0xfd, 0xfd, 0xfb, 0xfc, 0xfb, 0xfd, 0xfd,
  0xfb, 0xfc, 0xfc, 0xfb, 0xfd, 0xf9, 0xfc, 0xfc, 0xfb, 0xfc, 0xfb, 0xfa, 0xfb, 0xfb, 0xfc, 0xf6,
  0xf8, 0xf8, 0xf1, 0xec, 0xf1, 0xf1, 0xf5, 0xf8, 0xf8, 0xf7, 0xf8, 0xf8, 0xf9, 0xfa, 0xfc, 0xf5,
  0xe5, 0xcc, 0xb9, 0x84, 0x7a, 0x78, 0x77, 0x5d, 0x50, 0x26, 0x1f, 0x29, 0x10, 0x0f, 0x0d, 0x0a,
  0x0c, 0x09, 0x02, 0x02, 0x03, 0x03, 0x01, 0x03, 0x02, 0x00, 0x00, 0x00, 0x00, 0x00, 0x00, 0x00,
  0x00, 0x00, 0x00, 0x00, 0x00, 0x00, 0x00, 0x00, 0x00, 0x00, 0x00, 0x00, 0x00, 0x00, 0x00, 0x00,
  0x00, 0x00, 0x00, 0x00, 0x01, 0x00, 0x00, 0x00, 0x00, 0x00, 0x00, 0x00, 0x00, 0x00, 0x00, 0x00,
  0x00, 0x00, 0x00, 0x00, 0x00, 0x05, 0x12, 0x06, 0x0b, 0x01, 0x00, 0x01, 0x06, 0x01, 0x5b, 0x42,
  0x08, 0x02, 0x01, 0x00, 0x00, 0x00, 0x02, 0x0c, 0x1f, 0x1d, 0x46, 0x6c, 0xce, 0xfc, 0xed, 0xb8,
  0x83, 0xc6, 0xd4, 0xfb, 0xfb, 0xfa, 0xfb, 0xf9, 0xfe, 0xde, 0xe9, 0xff, 0xfb, 0xfc, 0xfd, 0xfd,
  0xfd, 0xfd, 0xfc, 0xfe, 0xfe, 0xfe, 0xfc, 0xfb, 0xfd, 0xfe, 0xfd, 0xfd, 0xfb, 0xfd, 0xfd, 0xfb,
  0xfa, 0xff, 0xff, 0xff, 0xf4, 0xf6, 0xe3, 0xa4, 0xa1, 0x92, 0x99, 0xce, 0xea, 0xf7, 0xf0, 0xfc,
  0xfb, 0xfb, 0xfd, 0xfc, 0xfc, 0xfc, 0xfb, 0xfd, 0xfe, 0xfd, 0xfc, 0xfc, 0xfd, 0xfe, 0xfd, 0xfc,
  0xfc, 0xfd, 0xfd, 0xfd, 0xfd, 0xd2, 0xee, 0xff, 0xfd, 0xfc, 0xfb, 0xfc, 0xfe, 0xfe, 0xfd, 0xfc,
  0xfc, 0xfe, 0xff, 0xfb, 0xfc, 0xfb, 0xfe, 0xfd, 0xfc, 0xfc, 0xfd, 0xfe, 0xfd, 0xfd, 0xfc, 0xfd,
  0xfd, 0xfd, 0xfc, 0xfd, 0xfe, 0xfd, 0xfc, 0xfd, 0xff, 0xf2, 0xd5, 0x87, 0x7e, 0x8f, 0x8e, 0x93,
  0x8c, 0x7e, 0xd9, 0xfa, 0xf6, 0xfd, 0xff, 0xfe, 0xfa, 0xfc, 0xfe, 0xfd, 0xfe, 0xfc, 0xfd, 0xff,
  0xfd, 0xfe, 0xfc, 0xfc, 0xfe, 0xfd, 0xfd, 0xfb, 0xfc, 0xfd, 0xfd, 0xfb, 0xfa, 0xfb, 0xfc, 0xfb,
  0xfc, 0xfb, 0xfb, 0xfd, 0xfd, 0xfc, 0xfb, 0xfb, 0xfb, 0xfb, 0xfc, 0xf9, 0xf8, 0xf7, 0xf5, 0xf5,
  0xf9, 0xf8, 0xf8, 0xf9, 0xf8, 0xfb, 0xfa, 0xef, 0xba, 0x8f, 0x9f, 0xa8, 0x94, 0x79, 0x75, 0x4e,
  0x5a, 0x3e, 0x13, 0x0b, 0x0f, 0x1c, 0x1f, 0x18, 0x08, 0x0c, 0x03, 0x02, 0x06, 0x04, 0x03, 0x02,
  0x00, 0x02, 0x05, 0x02, 0x00, 0x00, 0x01, 0x00, 0x00, 0x00, 0x00, 0x00, 0x00, 0x00, 0x00, 0x00,
  0x01, 0x00, 0x00, 0x00, 0x00, 0x00, 0x00, 0x00, 0x00, 0x00, 0x00, 0x00, 0x00, 0x00, 0x00, 0x00,
  0x00, 0x00, 0x01, 0x00, 0x02, 0x00, 0x03, 0x01, 0x00, 0x00, 0x00, 0x00, 0x00, 0x00, 0x01, 0x00,
  0x00, 0x03, 0x01, 0x01, 0x01, 0x01, 0x00, 0x00, 0x31, 0x16, 0x00, 0x03, 0x01, 0x00, 0x01, 0x01,
  0x01, 0x11, 0x14, 0x19, 0x12, 0x5b, 0xc4, 0xdc, 0xf4, 0xe7, 0xd6, 0xd8, 0xdb, 0xfc, 0xf9, 0xfa,
  0xfb, 0xfc, 0xfe, 0xdc, 0xa7, 0xfb, 0xfb, 0xfa, 0xfb, 0xfc, 0xfd, 0xfd, 0xfd, 0xfc, 0xfc, 0xfc,
  0xfd, 0xfd, 0xfb, 0xfc, 0xfb, 0xfc, 0xfe, 0xfb, 0xfc, 0xfb, 0xfd, 0xfd, 0xf9, 0xf9, 0xfe, 0xfd,
  0xff, 0xff, 0xff, 0xff, 0xff, 0xff, 0xff, 0xfd, 0xff, 0xfc, 0xfd, 0xfc, 0xfc, 0xfc, 0xfc, 0xfc,
  0xfd, 0xfb, 0xfd, 0xfc, 0xfd, 0xfc, 0xfb, 0xfd, 0xfc, 0xfc, 0xfb, 0xf9, 0xfb, 0xfc, 0xfd, 0xff,
  0xfe, 0xfc, 0xfc, 0xfd, 0xfd, 0xfb, 0xfc, 0xfc, 0xfe, 0xfd, 0xfc, 0xfc, 0xfb, 0xfc, 0xfd, 0xfd,
  0xfb, 0xfc, 0xfb, 0xfd, 0xfc, 0xfb, 0xfb, 0xfb, 0xfe, 0xfc, 0xfb, 0xfb, 0xfc, 0xfd, 0xfe, 0xfc,
  0xfb, 0xfb, 0xfb, 0xff, 0xff, 0xff, 0xff, 0xff, 0xff, 0xff, 0xff, 0xff, 0xff, 0xfe, 0xfd, 0xfd,
  0xfb, 0xfc, 0xfc, 0xfb, 0xfd, 0xfb, 0xfd, 0xfe, 0xfb, 0xfc, 0xfb, 0xfc, 0xfd, 0xfb, 0xfc, 0xfc,
  0xfc, 0xfd, 0xfb, 0xfc, 0xfc, 0xfc, 0xfc, 0xfc, 0xfb, 0xfa, 0xfb, 0xfc, 0xfa, 0xfb, 0xfc, 0xfb,
  0xfc, 0xfc, 0xfb, 0xfc, 0xfc, 0xfd, 0xfc, 0xfb, 0xfb, 0xfb, 0xfc, 0xfa, 0xfc, 0xfc, 0xf3, 0xee,
  0xdc, 0xc6, 0xad, 0x98, 0x9a, 0xa1, 0x8b, 0x89, 0x98, 0x38, 0x1f, 0x1a, 0x24, 0x2a, 0x26, 0x25,
  0x38, 0x36, 0x0e, 0x0a, 0x04, 0x01, 0x02, 0x00, 0x01, 0x00, 0x00, 0x00, 0x00, 0x00, 0x00, 0x00,
  0x00, 0x00, 0x00, 0x00, 0x00, 0x00, 0x00, 0x00, 0x00, 0x00, 0x01, 0x00, 0x00, 0x00, 0x00, 0x00,
  0x00, 0x00, 0x00, 0x00, 0x00, 0x00, 0x00, 0x00, 0x00, 0x00, 0x00, 0x00, 0x00, 0x00, 0x03, 0x00,
  0x00, 0x00, 0x00, 0x00, 0x00, 0x00, 0x00, 0x00, 0x00, 0x02, 0x00, 0x08, 0x02, 0x00, 0x02, 0x02,
  0x04, 0x43, 0x21, 0x00, 0x01, 0x05, 0x01, 0x00, 0x00, 0x00, 0x02, 0x0c, 0x18, 0x33, 0x2e, 0x40,
  0xa6, 0xe9, 0xed, 0xef, 0xea, 0xf2, 0xff, 0xfa, 0xfa, 0xfb, 0xfc, 0xfc, 0xfa, 0xfb, 0xce, 0xb5,
  0xff, 0xf9, 0xfa, 0xfc, 0xfc, 0xfd, 0xfd, 0xfb, 0xfb, 0xfd, 0xfe, 0xfd, 0xfc, 0xfb, 0xfb, 0xfd,
  0xfd, 0xfc, 0xfb, 0xfd, 0xfd, 0xfd, 0xfc, 0xfc, 0xfc, 0xfd, 0xfc, 0xf9, 0xf8, 0xfa, 0xfa, 0xfb,
  0xfb, 0xfa, 0xfb, 0xfd, 0xfc, 0xfb, 0xfa, 0xfc, 0xfd, 0xfc, 0xfc, 0xfb, 0xfb, 0xfd, 0xfc, 0xfc,
  0xfb, 0xfb, 0xfc, 0xfd, 0xfb, 0xf9, 0xfb, 0xfb, 0xfd, 0xfd, 0xfb, 0xfb, 0xfd, 0xfd, 0xfd, 0xfc,
  0xfa, 0xfc, 0xfe, 0xfd, 0xfd, 0xfc, 0xfc, 0xfd, 0xfd, 0xfb, 0xfa, 0xfe, 0xfc, 0xfd, 0xfb, 0xfa,
  0xfb, 0xfd, 0xfd, 0xfc, 0xfb, 0xfb, 0xfe, 0xfe, 0xfc, 0xfb, 0xfc, 0xfd, 0xfc, 0xfc, 0xf9, 0xf7,
  0xf8, 0xf9, 0xf8, 0xf7, 0xf7, 0xf8, 0xfb, 0xfc, 0xfb, 0xfb, 0xfc, 0xfd, 0xfd, 0xfc, 0xfb, 0xfc,
  0xfd, 0xfc, 0xfb, 0xfa, 0xfc, 0xfd, 0xfd, 0xfb, 0xfa, 0xfd, 0xfd, 0xfc, 0xfc, 0xfb, 0xfb, 0xfc,
  0xfd, 0xfc, 0xfb, 0xfa, 0xfd, 0xfc, 0xfb, 0xfb, 0xfa, 0xfb, 0xfc, 0xfc, 0xfb, 0xfb, 0xfd, 0xfc,
  0xfc, 0xfb, 0xf9, 0xfb, 0xfb, 0xf7, 0xf4, 0xec, 0xe1, 0xd0, 0xce, 0xbe, 0xc8, 0xc0, 0xa2, 0x89,
  0x60, 0x48, 0x41, 0x42, 0x37, 0x1d, 0x47, 0xa0, 0x81, 0x4e, 0x2c, 0x1d, 0x0c, 0x0a, 0x00, 0x01,
  0x00, 0x00, 0x01, 0x00, 0x00, 0x00, 0x00, 0x01, 0x00, 0x00, 0x00, 0x00, 0x00, 0x00, 0x00, 0x01,
  0x00, 0x04, 0x01, 0x00, 0x00, 0x00, 0x00, 0x00, 0x00, 0x00, 0x00, 0x00, 0x00, 0x00, 0x00, 0x00,
  0x00, 0x00, 0x00, 0x00, 0x00, 0x00, 0x00, 0x00, 0x00, 0x00, 0x00, 0x00, 0x00, 0x00, 0x00, 0x00,
  0x00, 0x00, 0x06, 0x03, 0x0b, 0x2a, 0x0d, 0x02, 0x03, 0x01, 0x19, 0x79, 0x0d, 0x05, 0x01, 0x02,
  0x01, 0x01, 0x02, 0x03, 0x05, 0x0b, 0x0a, 0x1d, 0x33, 0x52, 0xcf, 0xf6, 0xbd, 0xeb, 0xe6, 0xd4,
  0xfd, 0xfa, 0xf9, 0xfb, 0xfd, 0xfd, 0xfd, 0xff, 0xff, 0xda, 0xcf, 0xff, 0xfb, 0xfb, 0xfc, 0xfd,
  0xfe, 0xfc, 0xfd, 0xfc, 0xfd, 0xfc, 0xfd, 0xfc, 0xfd, 0xfd, 0xfc, 0xfc, 0xfc, 0xfd, 0xfe, 0xfe,
  0xfb, 0xfc, 0xfc, 0xfd, 0xfd, 0xfb, 0xfc, 0xfc, 0xfd, 0xfc, 0xfb, 0xfb, 0xfc, 0xfd, 0xfd, 0xfb,
  0xfb, 0xfb, 0xfd, 0xfd, 0xfd, 0xfc, 0xfd, 0xfe, 0xfd, 0xfd, 0xfb, 0xfd, 0xfd, 0xfd, 0xfd, 0xfb,
  0xfa, 0xfe, 0xfe, 0xfe, 0xfb, 0xfc, 0xfe, 0xfe, 0xfe, 0xfb, 0xfd, 0xfd, 0xfd, 0xfe, 0xfd, 0xfc,
  0xfe, 0xfc, 0xfe, 0xfc, 0xdf, 0xeb, 0xff, 0xfc, 0xfc, 0xfb, 0xfd, 0xfd, 0xfe, 0xfd, 0xfd, 0xfd,
  0xfd, 0xfe, 0xfd, 0xfc, 0xfe, 0xfd, 0xfd, 0xfc, 0xfb, 0xfd, 0xfd, 0xfd, 0xfb, 0xfa, 0xfc, 0xfc,
  0xfd, 0xfd, 0xfc, 0xfc, 0xfd, 0xfd, 0xfd, 0xfb, 0xfd, 0xfd, 0xfd, 0xfd, 0xfc, 0xfc, 0xfd, 0xfc,
  0xfc, 0xfb, 0xfc, 0xfd, 0xfd, 0xfe, 0xfc, 0xfc, 0xfc, 0xfd, 0xfd, 0xfc, 0xfb, 0xfb, 0xfc, 0xfd,
  0xfc, 0xfb, 0xfc, 0xfc, 0xfd, 0xfd, 0xfb, 0xfc, 0xfb, 0xfd, 0xfc, 0xfa, 0xfb, 0xf9, 0xf8, 0xea,
  0xe8, 0xea, 0xe8, 0xd5, 0xc9, 0xb2, 0xbe, 0xbc, 0x84, 0x72, 0x6f, 0x8f, 0x6a, 0x3e, 0x25, 0x1a,
  0x0b, 0x4b, 0x76, 0x44, 0x29, 0x1e, 0x09, 0x0b, 0x07, 0x00, 0x01, 0x02, 0x02, 0x00, 0x00, 0x00,
  0x00, 0x01, 0x00, 0x00, 0x00, 0x00, 0x00, 0x00, 0x00, 0x00, 0x00, 0x01, 0x00, 0x00, 0x00, 0x00,
  0x00, 0x00, 0x00, 0x00, 0x00, 0x00, 0x00, 0x00, 0x00, 0x00, 0x00, 0x00, 0x00, 0x00, 0x00, 0x00,
  0x00, 0x01, 0x01, 0x01, 0x00, 0x00, 0x00, 0x01, 0x00, 0x00, 0x00, 0x0a, 0x16, 0x24, 0x2b, 0x2d,
  0x14, 0x08, 0x07, 0x13, 0x44, 0x49, 0x01, 0x03, 0x00, 0x02, 0x03, 0x01, 0x00, 0x00, 0x03, 0x09,
  0x25, 0x90, 0x9a, 0x4b, 0xbf, 0xf1, 0xe0, 0xed, 0xf2, 0xf7, 0xff, 0xfc, 0xff, 0xfc, 0xfc, 0xfe,
  0xfe, 0xd1, 0xfb, 0xf8, 0xc3, 0xd3, 0xfd, 0xff, 0xfc, 0xfc, 0xfe, 0xff, 0xfc, 0xfd, 0xfd, 0xfe,
  0xfe, 0xfd, 0xfd, 0xfd, 0xfd, 0xff, 0xfc, 0xfd, 0xfd, 0xfe, 0xff, 0xfd, 0xfc, 0xfd, 0xfe, 0xfe,
  0xfe, 0xfc, 0xfc, 0xfd, 0xfe, 0xff, 0xfc, 0xfd, 0xfe, 0xfe, 0xfe, 0xfb, 0xfc, 0xfe, 0xff, 0xff,
  0xfc, 0xfd, 0xfc, 0xfd, 0xff, 0xfc, 0xfc, 0xfb, 0xfc, 0xfd, 0xff, 0xf5, 0xfc, 0xfe, 0xfe, 0xfd,
  0xfd, 0xfe, 0xfe, 0xfe, 0xfc, 0xfc, 0xfe, 0xfd, 0xfe, 0xfe, 0xfc, 0xfc, 0xfe, 0xff, 0xfb, 0xe4,
  0xec, 0xfd, 0xfc, 0xfd, 0xfc, 0xfc, 0xfd, 0xfe, 0xfe, 0xfb, 0xfc, 0xff, 0xff, 0xff, 0xfc, 0xfd,
  0xfd, 0xfd, 0xfe, 0xfc, 0xfb, 0xfc, 0xfe, 0xff, 0xfc, 0xfc, 0xfe, 0xfd, 0xff, 0xfe, 0xfc, 0xfe,
  0xfe, 0xff, 0xfe, 0xfb, 0xfc, 0xfd, 0xff, 0xfe, 0xfa, 0xfd, 0xfd, 0xfd, 0xfd, 0xfd, 0xfc, 0xfd,
  0xfe, 0xfe, 0xfc, 0xfc, 0xfb, 0xfc, 0xfe, 0xfb, 0xfc, 0xfc, 0xfd, 0xfe, 0xfb, 0xfb, 0xfd, 0xfe,
  0xfe, 0xfc, 0xfa, 0xf9, 0xfb, 0xf8, 0xf3, 0xf5, 0xf7, 0xf0, 0xe5, 0xdf, 0xd7, 0xcc, 0xc2, 0xbb,
  0x9d, 0x96, 0x82, 0x8a, 0x8a, 0x5a, 0x31, 0x15, 0x06, 0x0a, 0x05, 0x08, 0x12, 0x1f, 0x1e, 0x11,
  0x0b, 0x0b, 0x08, 0x01, 0x01, 0x01, 0x00, 0x00, 0x01, 0x01, 0x00, 0x00, 0x00, 0x00, 0x00, 0x00,
  0x00, 0x00, 0x00, 0x00, 0x00, 0x00, 0x00, 0x00, 0x00, 0x00, 0x00, 0x00, 0x00, 0x00, 0x00, 0x00,
  0x00, 0x00, 0x00, 0x00, 0x00, 0x00, 0x00, 0x00, 0x00, 0x00, 0x00, 0x00, 0x00, 0x00, 0x00, 0x00,
  0x00, 0x00, 0x02, 0x01, 0x02, 0x13, 0x24, 0x43, 0x48, 0x49, 0x42, 0x2d, 0x28, 0x29, 0x23, 0x1f,
  0x09, 0x07, 0x01, 0x02, 0x06, 0x00, 0x33, 0x48, 0x14, 0x0e, 0x3d, 0xd6, 0xc9, 0x56, 0xc7, 0xf7,
  0xea, 0xf3, 0xf4, 0xe4, 0xe2, 0xf7, 0xe2, 0xf3, 0xfc, 0xf3, 0xff, 0xbf, 0xb3, 0xfe, 0xff, 0xd9,
  0xcf, 0xbc, 0xfb, 0xfd, 0xfb, 0xfd, 0xfd, 0xfd, 0xfd, 0xfc, 0xfe, 0xff, 0xfd, 0xfd, 0xfd, 0xff,
  0xfe, 0xfd, 0xfd, 0xfe, 0xfe, 0xfd, 0xfe, 0xfd, 0xfd, 0xfe, 0xfe, 0xfd, 0xfd, 0xfd, 0xfd, 0xfe,
  0xfe, 0xfd, 0xfe, 0xfd, 0xfe, 0xfe, 0xfd, 0xfe, 0xfe, 0xfe, 0xfe, 0xfd, 0xfc, 0xfd, 0xfd, 0xfc,
  0xfe, 0xff, 0xff, 0xff, 0xc1, 0x80, 0xf0, 0xfe, 0xfd, 0xfd, 0xfd, 0xfd, 0xfe, 0xff, 0xfd, 0xfc,
  0xfd, 0xfe, 0xfe, 0xfe, 0xfe, 0xfc, 0xfd, 0xfd, 0xfe, 0xff, 0xe8, 0xf3, 0xfd, 0xfc, 0xfd, 0xfc,
  0xfd, 0xfd, 0xfe, 0xfd, 0xfd, 0xfd, 0xfe, 0xfe, 0xfe, 0xfd, 0xfc, 0xfe, 0xfe, 0xfd, 0xfd, 0xfc,
  0xfd, 0xfe, 0xfe, 0xfc, 0xfe, 0xfe, 0xfe, 0xfe, 0xfc, 0xfd, 0xfd, 0xfe, 0xfe, 0xfd, 0xfb, 0xfc,
  0xfe, 0xfd, 0xfc, 0xfd, 0xfe, 0xfd, 0xfd, 0xfe, 0xfd, 0xfd, 0xfe, 0xfe, 0xfd, 0xfd, 0xfc, 0xfc,
  0xfd, 0xfa, 0xfc, 0xfd, 0xfc, 0xfd, 0xfc, 0xfc, 0xfe, 0xfd, 0xfd, 0xfd, 0xfb, 0xf7, 0xf7, 0xf8,
  0xf7, 0xf4, 0xf5, 0xf6, 0xee, 0xe2, 0xdb, 0xd2, 0xc8, 0xc4, 0xab, 0x9e, 0xb2, 0x80, 0x41, 0x1e,
  0x15, 0x0e, 0x08, 0x06, 0x0b, 0x09, 0x05, 0x00, 0x00, 0x0c, 0x0c, 0x03, 0x00, 0x00, 0x01, 0x00,
  0x00, 0x00, 0x01, 0x02, 0x00, 0x01, 0x00, 0x00, 0x00, 0x00, 0x00, 0x00, 0x00, 0x00, 0x00, 0x00,
  0x00, 0x00, 0x00, 0x00, 0x00, 0x00, 0x00, 0x00, 0x00, 0x00, 0x00, 0x00, 0x00, 0x00, 0x00, 0x00,
  0x00, 0x01, 0x00, 0x00, 0x00, 0x00, 0x00, 0x00, 0x00, 0x01, 0x01, 0x01, 0x00, 0x02, 0x07, 0x0f,
  0x26, 0x3b, 0x5a, 0x67, 0x5c, 0x31, 0x36, 0x28, 0x13, 0x02, 0x06, 0x0d, 0x00, 0x01, 0x02, 0x00,
  0x35, 0x5a, 0x1a, 0x0c, 0x18, 0xb6, 0x9b, 0x50, 0xd7, 0xfb, 0xef, 0xf8, 0xf0, 0xe3, 0xdf, 0xf3,
  0xdc, 0xee, 0xfe, 0xf0, 0xe9, 0xff, 0xe0, 0xd0, 0xff, 0xff, 0xf6, 0xb9, 0xd4, 0xff, 0xff, 0xff,
  0xfc, 0xfd, 0xfd, 0xfe, 0xfd, 0xfe, 0xfe, 0xfe, 0xff, 0xfe, 0xfd, 0xfd, 0xfe, 0xff, 0xfd, 0xfd,
  0xfe, 0xff, 0xfe, 0xfd, 0xfe, 0xfe, 0xfe, 0xfe, 0xfd, 0xfd, 0xfd, 0xfe, 0xfe, 0xfd, 0xfe, 0xfe,
  0xfe, 0xff, 0xfe, 0xfe, 0xfe, 0xfe, 0xfe, 0xff, 0xff, 0xff, 0xf5, 0xf1, 0xa6, 0xd0, 0xc5, 0xed,
  0xff, 0xfd, 0xfe, 0xff, 0xfe, 0xfe, 0xfe, 0xfd, 0xfe, 0xfe, 0xfe, 0xfe, 0xfe, 0xff, 0xff, 0xfe,
  0xfe, 0xfe, 0xfe, 0xfe, 0xff, 0xff, 0xfd, 0xfd, 0xfe, 0xfe, 0xff, 0xfe, 0xfd, 0xfe, 0xfe, 0xff,
  0xfe, 0xfe, 0xfe, 0xfe, 0xfe, 0xfd, 0xfd, 0xff, 0xff, 0xfe, 0xfe, 0xfd, 0xfe, 0xfe, 0xff, 0xfe,
  0xfc, 0xfd, 0xfe, 0xfe, 0xfe, 0xfe, 0xff, 0xfe, 0xfe, 0xff, 0xfe, 0xfe, 0xfe, 0xff, 0xff, 0xff,
  0xfd, 0xff, 0xff, 0xfe, 0xfe, 0xfd, 0xfe, 0xff, 0xff, 0xfd, 0xfd, 0xfd, 0xfe, 0xff, 0xfd, 0xfd,
  0xfe, 0xfd, 0xfe, 0xfd, 0xfc, 0xfb, 0xfb, 0xfd, 0xfb, 0xfb, 0xfb, 0xf7, 0xf9, 0xfa, 0xf9, 0xef,
  0xee, 0xd8, 0xc0, 0xb3, 0x92, 0x80, 0x63, 0x24, 0x20, 0x21, 0x18, 0x13, 0x08, 0x03, 0x02, 0x02,
  0x0c, 0x09, 0x00, 0x2d, 0x33, 0x1b, 0x3a, 0x07, 0x00, 0x00, 0x02, 0x00, 0x00, 0x00, 0x00, 0x01,
  0x00, 0x00, 0x00, 0x00, 0x00, 0x00, 0x00, 0x00, 0x00, 0x00, 0x00, 0x00, 0x00, 0x00, 0x00, 0x00,
  0x00, 0x00, 0x00, 0x00, 0x00, 0x00, 0x00, 0x00, 0x00, 0x00, 0x00, 0x00, 0x00, 0x00, 0x00, 0x00,
  0x00, 0x00, 0x00, 0x00, 0x00, 0x03, 0x02, 0x06, 0x13, 0x28, 0x37, 0x40, 0x5b, 0x6d, 0x65, 0x4a,
  0x2b, 0x1e, 0x1b, 0x11, 0x1f, 0x09, 0x00, 0x01, 0x01, 0x00, 0x00, 0x03, 0x00, 0x00, 0x36, 0x77,
  0x61, 0x67, 0xaf, 0xd3, 0xe9, 0xd4, 0xbd, 0xfc, 0xee, 0xd1, 0xff, 0xeb, 0xf7, 0xfd, 0xe4, 0xd0,
  0xff, 0xf5, 0xfe, 0xfc, 0xfe, 0xff, 0xfa, 0xff, 0xe3, 0xf1, 0xff, 0xff, 0xff, 0xfa, 0xfc, 0xfd,
  0xfc, 0xfd, 0xff, 0xfc, 0xfb, 0xfc, 0xfe, 0xff, 0xfd, 0xfd, 0xfc, 0xfe, 0xff, 0xfd, 0xfd, 0xfd,
  0xfe, 0xff, 0xfc, 0xfb, 0xfd, 0xfd, 0xfe, 0xfd, 0xfa, 0xfd, 0xfc, 0xfa, 0xfc, 0xff, 0xff, 0xff,
  0xff, 0xfb, 0xde, 0xe3, 0xd2, 0xbd, 0xec, 0xf5, 0xff, 0xff, 0xfe, 0xff, 0xfe, 0xfd, 0xfe, 0xfe,
  0xfe, 0xfe, 0xfd, 0xfc, 0xff, 0xfe, 0xfe, 0xfd, 0xfd, 0xff, 0xfe, 0xfe, 0xfc, 0xfe, 0xfd, 0xfd,
  0xff, 0xfd, 0xfc, 0xfe, 0xfd, 0xfd, 0xfc, 0xfe, 0xfd, 0xfd, 0xfd, 0xfd, 0xfe, 0xfe, 0xfe, 0xfe,
  0xfb, 0xfe, 0xfc, 0xfc, 0xfe, 0xfc, 0xfd, 0xfd, 0xfe, 0xfd, 0xfb, 0xfc, 0xfd, 0xfe, 0xfe, 0xfd,
  0xfc, 0xfd, 0xfe, 0xfe, 0xfd, 0xfd, 0xfe, 0xfe, 0xfe, 0xfe, 0xfd, 0xfe, 0xfd, 0xfd, 0xfd, 0xfc,
  0xfd, 0xfe, 0xfc, 0xfe, 0xfb, 0xfc, 0xfd, 0xfd, 0xfd, 0xfc, 0xfd, 0xfd, 0xfd, 0xfe, 0xfc, 0xf9,
  0xfb, 0xf9, 0xfa, 0xfc, 0xf7, 0xf4, 0xfb, 0xfa, 0xf0, 0xed, 0xca, 0xa9, 0x83, 0x8d, 0x78, 0x8c,
  0x81, 0x2a, 0x4b, 0x22, 0x06, 0x08, 0x04, 0x03, 0x04, 0x0d, 0x0b, 0x03, 0x09, 0x25, 0x68, 0x40,
  0x64, 0x12, 0x01, 0x00, 0x00, 0x00, 0x00, 0x00, 0x00, 0x00, 0x00, 0x00, 0x00, 0x00, 0x00, 0x00,
  0x00, 0x00, 0x00, 0x00, 0x00, 0x00, 0x00, 0x00, 0x00, 0x00, 0x00, 0x00, 0x00, 0x00, 0x00, 0x00,
  0x00, 0x00, 0x00, 0x00, 0x08, 0x2a, 0x06, 0x00, 0x00, 0x00, 0x00, 0x00, 0x00, 0x00, 0x00, 0x00,
  0x02, 0x0e, 0x30, 0x4f, 0x59, 0x58, 0x77, 0x96, 0x89, 0x6f, 0x42, 0x2c, 0x28, 0x1c, 0x18, 0x09,
  0x01, 0x00, 0x00, 0x00, 0x01, 0x00, 0x03, 0x12, 0x55, 0x2e, 0x06, 0x69, 0x9d, 0xa7, 0xcf, 0xcd,
  0xcb, 0xe2, 0xf9, 0xf0, 0xfc, 0xfb, 0xff, 0xaa, 0xff, 0xe2, 0xef, 0xff, 0xfd, 0xfd, 0xfc, 0xfd,
  0xf5, 0xfc, 0xe1, 0xd9, 0x98, 0xce, 0xfa, 0xff, 0xfd, 0xfd, 0xfd, 0xfc, 0xfe, 0xfd, 0xfd, 0xfd,
  0xfe, 0xfe, 0xfd, 0xfe, 0xfe, 0xfd, 0xfe, 0xff, 0xff, 0xfe, 0xfd, 0xfe, 0xfd, 0xfb, 0xfc, 0xfd,
  0xff, 0xfd, 0xfd, 0xfd, 0xff, 0xff, 0xff, 0xf2, 0xe5, 0xec, 0xd9, 0xe7, 0xe5, 0xe7, 0xff, 0xff,
  0xff, 0xff, 0xfc, 0xfd, 0xfe, 0xfe, 0xfe, 0xfe, 0xfd, 0xfe, 0xfe, 0xfd, 0xfe, 0xff, 0xfd, 0xff,
  0xfe, 0xfe, 0xfe, 0xfd, 0xff, 0xfd, 0xfd, 0xff, 0xfe, 0xfe, 0xfe, 0xfd, 0xfe, 0xfd, 0xfd, 0xfd,
  0xfd, 0xfd, 0xfc, 0xfe, 0xfd, 0xfc, 0xff, 0xfd, 0xfe, 0xfc, 0xfc, 0xfe, 0xfd, 0xfe, 0xfd, 0xfc,
  0xfe, 0xfd, 0xfc, 0xfe, 0xfd, 0xfd, 0xfd, 0xfd, 0xfe, 0xfd, 0xfd, 0xfd, 0xfe, 0xfe, 0xfd, 0xff,
  0xff, 0xfd, 0xfe, 0xfe, 0xfd, 0xfe, 0xfe, 0xfe, 0xfd, 0xfd, 0xfc, 0xfb, 0xfd, 0xfe, 0xfd, 0xfd,
  0xfe, 0xfe, 0xfe, 0xfe, 0xfd, 0xfc, 0xfc, 0xfe, 0xfd, 0xf9, 0xec, 0xf8, 0xfc, 0xfc, 0xfa, 0xfa,
  0xf8, 0xf8, 0xea, 0xc9, 0xa0, 0xb7, 0xaa, 0x9a, 0x88, 0x82, 0x65, 0x1c, 0x40, 0x19, 0x22, 0x52,
  0x26, 0x1b, 0x19, 0x10, 0x06, 0x02, 0x0f, 0x04, 0x06, 0x0a, 0x07, 0x04, 0x00, 0x00, 0x00, 0x00,
  0x00, 0x00, 0x00, 0x00, 0x00, 0x00, 0x00, 0x00, 0x00, 0x00, 0x00, 0x00, 0x00, 0x00, 0x00, 0x00,
  0x00, 0x00, 0x00, 0x00, 0x00, 0x00, 0x00, 0x00, 0x00, 0x00, 0x00, 0x00, 0x01, 0x00, 0x09, 0x24,
  0x04, 0x00, 0x00, 0x00, 0x00, 0x00, 0x00, 0x00, 0x01, 0x01, 0x05, 0x25, 0x3c, 0x50, 0x77, 0xa8,
  0xb3, 0xa9, 0x79, 0x5e, 0x48, 0x38, 0x4a, 0x2f, 0x13, 0x04, 0x01, 0x00, 0x00, 0x00, 0x00, 0x00,
  0x00, 0x12, 0x17, 0x1b, 0x12, 0x6f, 0x9b, 0x3e, 0x63, 0xa1, 0xd0, 0xd9, 0xb8, 0xa0, 0xfd, 0xf3,
  0xe9, 0x9d, 0xaf, 0xff, 0xfb, 0xfb, 0xfc, 0xfc, 0xfe, 0xfe, 0xfc, 0xff, 0xf2, 0xff, 0xdb, 0x9a,
  0xd4, 0xc9, 0xff, 0xff, 0xfd, 0xfd, 0xfe, 0xfe, 0xfe, 0xfc, 0xfc, 0xfa, 0xfa, 0xf9, 0xf8, 0xf9,
  0xfc, 0xfb, 0xfb, 0xf9, 0xfd, 0xfd, 0xfe, 0xff, 0xff, 0xff, 0xfe, 0xfd, 0xfe, 0xfa, 0xdd, 0xbe,
  0xd8, 0xdd, 0xb7, 0xd2, 0xfc, 0xfc, 0xff, 0xff, 0xfd, 0xfd, 0xfe, 0xfd, 0xfd, 0xfd, 0xfe, 0xfd,
  0xfe, 0xfe, 0xfd, 0xff, 0xff, 0xfe, 0xfd, 0xf8, 0xfe, 0xff, 0xfe, 0xfd, 0xfe, 0xfd, 0xfe, 0xfe,
  0xfe, 0xfd, 0xfe, 0xfe, 0xfd, 0xfd, 0xfd, 0xfd, 0xfe, 0xfc, 0xfe, 0xfe, 0xfd, 0xff, 0xfd, 0xfe,
  0xfd, 0xfd, 0xfe, 0xfb, 0xfc, 0xfe, 0xfd, 0xfe, 0xfe, 0xfe, 0xfe, 0xfe, 0xfe, 0xfe, 0xfe, 0xfe,
  0xfe, 0xfd, 0xfd, 0xfe, 0xfe, 0xfd, 0xfe, 0xfc, 0xfd, 0xff, 0xfe, 0xfe, 0xfe, 0xff, 0xfe, 0xfe,
  0xfe, 0xfe, 0xfd, 0xff, 0xfd, 0xfe, 0xfe, 0xfc, 0xff, 0xfd, 0xfe, 0xff, 0xfd, 0xfe, 0xfe, 0xfc,
  0xfa, 0xfc, 0xfa, 0xf1, 0xe3, 0xf8, 0xfa, 0xf7, 0xf7, 0xf2, 0xeb, 0xf1, 0xdc, 0xbb, 0x9e, 0x74,
  0x57, 0x48, 0x37, 0x2a, 0x26, 0x1c, 0x1e, 0x18, 0x44, 0x5e, 0x0f, 0x0e, 0x0a, 0x01, 0x00, 0x01,
  0x00, 0x00, 0x00, 0x02, 0x00, 0x00, 0x00, 0x00, 0x01, 0x00, 0x00, 0x00, 0x00, 0x00, 0x00, 0x00,
  0x00, 0x00, 0x00, 0x00, 0x00, 0x00, 0x00, 0x00, 0x00, 0x00, 0x00, 0x00, 0x00, 0x00, 0x00, 0x00,
  0x00, 0x00, 0x00, 0x00, 0x00, 0x00, 0x00, 0x00, 0x00, 0x00, 0x00, 0x00, 0x00, 0x00, 0x00, 0x00,
  0x00, 0x00, 0x00, 0x00, 0x08, 0x1d, 0x29, 0x5e, 0x8b, 0xc4, 0xde, 0xe3, 0xba, 0x8e, 0x69, 0x69,
  0x56, 0x36, 0x23, 0x07, 0x00, 0x00, 0x00, 0x00, 0x00, 0x0d, 0x0d, 0x0f, 0x31, 0x4a, 0x3e, 0x69,
  0x7b, 0x5d, 0x50, 0x35, 0x44, 0x95, 0xab, 0x5b, 0xdc, 0xfa, 0xde, 0xe2, 0x6f, 0xd0, 0xff, 0xfb,
  0xfd, 0xff, 0xfe, 0xfd, 0xff, 0xf8, 0xf7, 0xff, 0xf9, 0xfc, 0xf9, 0xda, 0xc5, 0xbc, 0xff, 0xff,
  0xf7, 0xf9, 0xfc, 0xfe, 0xff, 0xff, 0xff, 0xff, 0xff, 0xff, 0xff, 0xff, 0xff, 0xff, 0xff, 0xff,
  0xfe, 0xe4, 0xd9, 0xed, 0xda, 0xaf, 0x8a, 0xbd, 0xed, 0xde, 0xe9, 0xff, 0xff, 0xff, 0xff, 0xff,
  0xfe, 0xfe, 0xff, 0xfe, 0xff, 0xfe, 0xfe, 0xff, 0xff, 0xff, 0xff, 0xfe, 0xfe, 0xfb, 0xf9, 0xff,
  0xfe, 0xfc, 0xff, 0xff, 0xfd, 0xfe, 0xfd, 0xfe, 0xfe, 0xff, 0xff, 0xfe, 0xff, 0xff, 0xff, 0xfe,
  0xfe, 0xff, 0xff, 0xff, 0xfe, 0xff, 0xfd, 0xfe, 0xff, 0xec, 0xf3, 0xff, 0xf1, 0xf7, 0xff, 0xfa,
  0xfb, 0xff, 0xff, 0xff, 0xfe, 0xff, 0xfd, 0xfd, 0xfe, 0xfe, 0xff, 0xff, 0xfe, 0xfe, 0xfd, 0xfd,
  0xfe, 0xfe, 0xff, 0xfd, 0xfe, 0xfe, 0xff, 0xff, 0xfe, 0xff, 0xff, 0xfe, 0xfe, 0xfe, 0xff, 0xfe,
  0xfe, 0xfe, 0xfd, 0xfd, 0xfe, 0xfe, 0xfe, 0xfe, 0xfd, 0xfb, 0xf9, 0xfa, 0xf8, 0xef, 0xe3, 0xe8,
  0xe9, 0xea, 0xe0, 0xbb, 0xde, 0xe9, 0xd1, 0xa0, 0x95, 0x71, 0x48, 0x48, 0x2c, 0x22, 0x23, 0x1d,
  0x01, 0x00, 0x09, 0x0f, 0x02, 0x05, 0x00, 0x01, 0x01, 0x00, 0x00, 0x00, 0x01, 0x00, 0x01, 0x00,
  0x00, 0x00, 0x00, 0x00, 0x00, 0x00, 0x00, 0x00, 0x00, 0x00, 0x00, 0x00, 0x00, 0x00, 0x00, 0x00,
  0x00, 0x00, 0x00, 0x00, 0x00, 0x00, 0x00, 0x00, 0x00, 0x00, 0x00, 0x00, 0x00, 0x00, 0x00, 0x00,
  0x00, 0x00, 0x00, 0x01, 0x00, 0x00, 0x00, 0x00, 0x00, 0x00, 0x00, 0x00, 0x00, 0x01, 0x0c, 0x1e,
  0x43, 0x7f, 0xa9, 0xe5, 0xf1, 0xf7, 0xfa, 0xca, 0x78, 0x5e, 0x4f, 0x35, 0x21, 0x0e, 0x00, 0x00,
  0x02, 0x01, 0x00, 0x12, 0x14, 0x0b, 0x15, 0x1a, 0x10, 0x19, 0x33, 0x29, 0x42, 0x6e, 0x76, 0x5c,
  0x91, 0xe7, 0xe4, 0xea, 0xc5, 0xee, 0xff, 0xc1, 0xe1, 0xfc, 0xfd, 0xfd, 0xfd, 0xfd, 0xfd, 0xef,
  0xed, 0xff, 0xfd, 0xfa, 0xff, 0xff, 0xd7, 0xdb, 0xfc, 0xff, 0xf8, 0xf3, 0xf9, 0xff, 0xb9, 0x89,
  0x7e, 0x76, 0x73, 0x8e, 0xa8, 0xa1, 0x8b, 0x90, 0xa8, 0xcf, 0xbf, 0x9a, 0xb9, 0xde, 0xfc, 0xfd,
  0xfd, 0xff, 0xff, 0xf4, 0xfe, 0xfe, 0xfc, 0xfd, 0xfe, 0xfd, 0xfd, 0xff, 0xfe, 0xfd, 0xfe, 0xfd,
  0xfe, 0xff, 0xfd, 0xfe, 0xfd, 0xfe, 0xff, 0xf6, 0xf2, 0xfd, 0xfe, 0xff, 0xfe, 0xfe, 0xfd, 0xfd,
  0xfd, 0xfd, 0xfe, 0xfd, 0xfe, 0xff, 0xfe, 0xfe, 0xfd, 0xfd, 0xfe, 0xfd, 0xff, 0xfe, 0xfe, 0xfe,
  0xfd, 0xfd, 0xfe, 0xfc, 0xfe, 0xfc, 0xfd, 0xfd, 0xfe, 0xfc, 0xfb, 0xfe, 0xfe, 0xfd, 0xfe, 0xfe,
  0xfe, 0xfd, 0xfd, 0xfd, 0xfd, 0xfd, 0xfe, 0xfd, 0xfd, 0xfd, 0xfd, 0xfd, 0xfd, 0xfc, 0xfe, 0xfd,
  0xfe, 0xfe, 0xff, 0xff, 0xfd, 0xfc, 0xfd, 0xfd, 0xfd, 0xfd, 0xfc, 0xfb, 0xfb, 0xfc, 0xfd, 0xfd,
  0xfc, 0xfd, 0xfd, 0xfc, 0xef, 0xf3, 0xea, 0xe8, 0xe2, 0xe7, 0xce, 0xd1, 0xd4, 0xb9, 0xe5, 0xee,
  0xce, 0xbd, 0x91, 0x85, 0x72, 0x46, 0x36, 0x18, 0x08, 0x03, 0x0b, 0x54, 0x60, 0x14, 0x00, 0x02,
  0x01, 0x01, 0x01, 0x00, 0x00, 0x00, 0x00, 0x00, 0x00, 0x00, 0x00, 0x00, 0x00, 0x00, 0x00, 0x00,
  0x00, 0x00, 0x00, 0x00, 0x00, 0x00, 0x00, 0x00, 0x00, 0x00, 0x00, 0x00, 0x00, 0x00, 0x00, 0x00,
  0x00, 0x00, 0x00, 0x00, 0x00, 0x00, 0x00, 0x00, 0x00, 0x00, 0x00, 0x01, 0x00, 0x00, 0x00, 0x00,
  0x00, 0x00, 0x00, 0x00, 0x00, 0x00, 0x01, 0x08, 0x07, 0x1a, 0x44, 0x75, 0x9c, 0xd9, 0xfc, 0xf5,
  0xe2, 0xca, 0x7e, 0x41, 0x2b, 0x37, 0x1a, 0x10, 0x08, 0x08, 0x04, 0x02, 0x01, 0x00, 0x0a, 0x04,
  0x00, 0x00, 0x02, 0x04, 0x0a, 0x15, 0x2a, 0x40, 0x56, 0x64, 0x78, 0xe8, 0xba, 0xe4, 0xeb, 0xf0,
  0xe7, 0xec, 0xfa, 0xff, 0xfb, 0xfc, 0xfb, 0xfd, 0xf3, 0xff, 0xff, 0xee, 0xf8, 0xfa, 0xfc, 0xfd,
  0xff, 0xff, 0xed, 0xee, 0xe8, 0xfe, 0xfe, 0xfd, 0xe7, 0xdb, 0xd8, 0xd3, 0xd5, 0xdd, 0xdf, 0xdc,
  0xd5, 0xd7, 0xe7, 0xee, 0xef, 0xfb, 0xff, 0xff, 0xfc, 0xfc, 0xfc, 0xfc, 0xfd, 0xf5, 0xfb, 0xfd,
  0xfd, 0xfd, 0xfd, 0xfd, 0xfd, 0xfc, 0xfc, 0xfc, 0xfe, 0xfb, 0xfc, 0xfd, 0xfd, 0xff, 0xfb, 0xfa,
  0xfd, 0xfd, 0xff, 0xfb, 0xfb, 0xfc, 0xfd, 0xfd, 0xfe, 0xfd, 0xfc, 0xfb, 0xfd, 0xf7, 0xf9, 0xfe,
  0xfd, 0xfb, 0xfc, 0xfb, 0xfc, 0xfc, 0xfc, 0xfd, 0xfc, 0xfc, 0xfc, 0xfd, 0xfd, 0xfb, 0xfd, 0xfd,
  0xfc, 0xfc, 0xfb, 0xfd, 0xfd, 0xfb, 0xfc, 0xfa, 0xfc, 0xfc, 0xfc, 0xfd, 0xfb, 0xfc, 0xfd, 0xfc,
  0xfc, 0xfb, 0xfb, 0xfc, 0xfc, 0xfd, 0xfb, 0xfb, 0xfc, 0xfc, 0xfd, 0xfb, 0xfc, 0xfd, 0xfa, 0xfb,
  0xfb, 0xfa, 0xfb, 0xfc, 0xfc, 0xfb, 0xfb, 0xfd, 0xfd, 0xf8, 0xf8, 0xf8, 0xf6, 0xf1, 0xd3, 0xdd,
  0xb6, 0xcb, 0xce, 0xd4, 0x9d, 0x6e, 0x75, 0x8e, 0xab, 0xbf, 0x80, 0x5c, 0x4d, 0x3f, 0x31, 0x1d,
  0x26, 0x13, 0x03, 0x03, 0x0d, 0x2e, 0x1e, 0x0d, 0x00, 0x01, 0x00, 0x01, 0x02, 0x00, 0x00, 0x00,
  0x00, 0x00, 0x00, 0x00, 0x00, 0x00, 0x00, 0x00, 0x00, 0x00, 0x00, 0x00, 0x00, 0x00, 0x00, 0x00,
  0x00, 0x00, 0x00, 0x00, 0x00, 0x00, 0x00, 0x00, 0x00, 0x00, 0x00, 0x00, 0x00, 0x00, 0x00, 0x00,
  0x00, 0x00, 0x00, 0x00, 0x00, 0x00, 0x00, 0x00, 0x00, 0x00, 0x00, 0x00, 0x00, 0x00, 0x00, 0x00,
  0x00, 0x04, 0x04, 0x16, 0x38, 0x55, 0x7d, 0xc2, 0xe8, 0xb8, 0x90, 0xa2, 0x76, 0x49, 0x25, 0x3b,
  0x31, 0x06, 0x03, 0x05, 0x00, 0x00, 0x00, 0x00, 0x10, 0x07, 0x05, 0x01, 0x01, 0x09, 0x14, 0x21,
  0x0a, 0x00, 0x1f, 0x99, 0xaa, 0x65, 0x9f, 0xf2, 0xae, 0xf2, 0xf5, 0xf8, 0xd3, 0xd7, 0xfe, 0xfd,
  0xf9, 0xf5, 0xf9, 0xd0, 0xf6, 0xf0, 0xf8, 0xd4, 0xed, 0xf7, 0xff, 0xff, 0xfd, 0xf3, 0xe1, 0xf0,
  0xf2, 0xf8, 0xf0, 0xd6, 0xca, 0xd2, 0xc2, 0xd4, 0xff, 0xff, 0xff, 0xff, 0xff, 0xff, 0xff, 0xfc,
  0xf9, 0xfa, 0xfd, 0xfd, 0xfd, 0xfd, 0xfc, 0xff, 0xfe, 0xfc, 0xfc, 0xfb, 0xfb, 0xfc, 0xfb, 0xff,
  0xff, 0xff, 0xfd, 0xfc, 0xfc, 0xfa, 0xf5, 0xec, 0xe4, 0xfa, 0xfc, 0xfc, 0xfd, 0xfc, 0xfd, 0xfc,
  0xfd, 0xff, 0xf4, 0xf9, 0xfd, 0xfc, 0xfd, 0xfd, 0xfd, 0xfd, 0xfc, 0xfd, 0xfd, 0xfc, 0xfc, 0xfc,
  0xfe, 0xfd, 0xfb, 0xfc, 0xfc, 0xfd, 0xfc, 0xfb, 0xfb, 0xfc, 0xfd, 0xfd, 0xfa, 0xfc, 0xfb, 0xfc,
  0xfd, 0xfb, 0xfc, 0xfa, 0xfc, 0xfe, 0xfd, 0xfc, 0xfb, 0xfc, 0xfd, 0xfb, 0xfc, 0xfc, 0xfc, 0xfd,
  0xfc, 0xfb, 0xfb, 0xfd, 0xfd, 0xfd, 0xfc, 0xfb, 0xfc, 0xfd, 0xfd, 0xfb, 0xfc, 0xfc, 0xfc, 0xf8,
  0xf8, 0xfb, 0xf9, 0xf9, 0xfd, 0xfb, 0xf4, 0xeb, 0xf6, 0xe2, 0xde, 0xc7, 0xa7, 0xd2, 0xaa, 0x7b,
  0x3b, 0x47, 0x5d, 0x8b, 0x65, 0x43, 0x35, 0x0c, 0x0f, 0x08, 0x01, 0x04, 0x02, 0x04, 0x00, 0x00,
  0x10, 0x01, 0x05, 0x09, 0x55, 0x1f, 0x01, 0x01, 0x00, 0x00, 0x00, 0x00, 0x00, 0x00, 0x00, 0x00,
  0x00, 0x00, 0x00, 0x00, 0x00, 0x00, 0x00, 0x00, 0x00, 0x00, 0x00, 0x00, 0x00, 0x00, 0x00, 0x00,
  0x01, 0x01, 0x00, 0x00, 0x00, 0x00, 0x00, 0x00, 0x00, 0x00, 0x00, 0x00, 0x00, 0x00, 0x00, 0x00,
  0x00, 0x00, 0x00, 0x00, 0x00, 0x00, 0x00, 0x00, 0x00, 0x00, 0x00, 0x00, 0x04, 0x0d, 0x27, 0x4f,
  0x70, 0x87, 0xb0, 0x86, 0x77, 0x71, 0x65, 0x36, 0x1e, 0x11, 0x17, 0x14, 0x00, 0x20, 0x39, 0x22,
  0x19, 0x21, 0x08, 0x04, 0x16, 0x11, 0x00, 0x00, 0x09, 0x0e, 0x1d, 0x36, 0x44, 0x85, 0x6e, 0x7c,
  0x95, 0x72, 0x73, 0x5c, 0xb8, 0xe1, 0xf4, 0xeb, 0xfd, 0xfc, 0xfc, 0xfc, 0xf4, 0xbf, 0xee, 0xf2,
  0xff, 0xfb, 0xe5, 0xcd, 0xc7, 0xdf, 0xfe, 0xfe, 0xff, 0xf8, 0xfb, 0xfd, 0xfa, 0xf2, 0xf0, 0xf1,
  0xec, 0xf0, 0xfb, 0xfa, 0xfa, 0xfb, 0xfb, 0xfb, 0xfb, 0xfe, 0xfb, 0xfb, 0xfd, 0xfc, 0xfc, 0xfd,
  0xfd, 0xfd, 0xfd, 0xfe, 0xff, 0xff, 0xff, 0xff, 0xff, 0xdf, 0xd6, 0xea, 0xea, 0xf9, 0xf9, 0xef,
  0xec, 0xe2, 0xf0, 0xfc, 0xfb, 0xfc, 0xfd, 0xfc, 0xfc, 0xfc, 0xfc, 0xfd, 0xf9, 0xfc, 0xfd, 0xfd,
  0xfd, 0xfc, 0xfc, 0xfd, 0xfd, 0xfd, 0xfb, 0xfd, 0xfc, 0xfc, 0xfd, 0xfb, 0xfc, 0xfc, 0xfc, 0xfe,
  0xfc, 0xfd, 0xfc, 0xfc, 0xfd, 0xfc, 0xfc, 0xfc, 0xfa, 0xfc, 0xfc, 0xfc, 0xfc, 0xfa, 0xfd, 0xfe,
  0xfd, 0xfd, 0xfb, 0xfc, 0xfc, 0xfc, 0xfc, 0xfb, 0xfd, 0xfd, 0xfc, 0xfd, 0xfc, 0xfc, 0xfc, 0xfb,
  0xfc, 0xfc, 0xfc, 0xfb, 0xfa, 0xfa, 0xfb, 0xfb, 0xfa, 0xf9, 0xf4, 0xfa, 0xfd, 0xf8, 0xf6, 0xf6,
  0xf4, 0xf2, 0xf6, 0xe5, 0xd8, 0xcd, 0x79, 0x87, 0x9e, 0x78, 0x2c, 0x2d, 0x5c, 0x50, 0x47, 0x3e,
  0x39, 0x21, 0x14, 0x0f, 0x07, 0x04, 0x01, 0x02, 0x0c, 0x4d, 0x35, 0x01, 0x05, 0x02, 0x14, 0x09,
  0x00, 0x00, 0x00, 0x00, 0x00, 0x00, 0x00, 0x00, 0x00, 0x00, 0x00, 0x00, 0x00, 0x00, 0x00, 0x00,
  0x00, 0x00, 0x00, 0x00, 0x00, 0x00, 0x00, 0x00, 0x00, 0x00, 0x00, 0x00, 0x00, 0x00, 0x00, 0x00,
  0x00, 0x00, 0x00, 0x00, 0x00, 0x00, 0x00, 0x00, 0x00, 0x00, 0x00, 0x00, 0x00, 0x00, 0x00, 0x00,
  0x00, 0x00, 0x00, 0x00, 0x00, 0x01, 0x07, 0x04, 0x16, 0x3d, 0x4e, 0x4d, 0x61, 0x5a, 0x75, 0x4f,
  0x42, 0x1f, 0x0a, 0x03, 0x0a, 0x05, 0x0a, 0x1a, 0x42, 0x45, 0x25, 0x2d, 0x12, 0x0d, 0x0a, 0x13,
  0x14, 0x10, 0x22, 0x41, 0x15, 0x40, 0x48, 0x5a, 0xae, 0xcd, 0xbc, 0x9d, 0xeb, 0xd0, 0x5c, 0xaa,
  0xff, 0xf3, 0xfb, 0xfd, 0xf7, 0xfb, 0xfc, 0xff, 0xca, 0x86, 0xad, 0xe6, 0xff, 0xfe, 0xdf, 0xdb,
  0xdc, 0xf4, 0xff, 0xff, 0xfa, 0xf5, 0xf5, 0xff, 0xfa, 0xfa, 0xff, 0xfe, 0xfc, 0xfc, 0xfe, 0xfc,
  0xfe, 0xff, 0xfd, 0xf9, 0xff, 0xfc, 0xfc, 0xfc, 0xfe, 0xfd, 0xfc, 0xfd, 0xf9, 0xe9, 0xc7, 0xa7,
  0xa5, 0xad, 0xc7, 0xbc, 0xcf, 0xfa, 0xfa, 0xfc, 0xff, 0xfd, 0xfc, 0xfd, 0xfd, 0xfd, 0xfb, 0xfc,
  0xf5, 0xf5, 0xfe, 0xfb, 0xfb, 0xfc, 0xfe, 0xfe, 0xfc, 0xfc, 0xfc, 0xfd, 0xfe, 0xfc, 0xfc, 0xfc,
  0xfb, 0xf2, 0xfa, 0xfb, 0xfb, 0xfc, 0xfd, 0xfc, 0xfb, 0xfd, 0xfd, 0xfe, 0xfc, 0xfc, 0xfc, 0xfb,
  0xfd, 0xfe, 0xfc, 0xfc, 0xfb, 0xfc, 0xfd, 0xfc, 0xfd, 0xfd, 0xfe, 0xfe, 0xfd, 0xfc, 0xfa, 0xfd,
  0xfe, 0xfc, 0xfc, 0xfc, 0xfc, 0xfd, 0xfd, 0xfb, 0xfb, 0xfc, 0xfe, 0xfd, 0xfb, 0xf8, 0xf7, 0xf9,
  0xf9, 0xf9, 0xf7, 0xf6, 0xfa, 0xd5, 0xd0, 0xf3, 0xe2, 0xc9, 0xdb, 0xd3, 0xdc, 0xa3, 0xb1, 0xb1,
  0x58, 0x85, 0x46, 0x0d, 0x19, 0x1a, 0x2f, 0x4c, 0x43, 0x5c, 0x36, 0x2d, 0x0c, 0x09, 0x07, 0x03,
  0x02, 0x00, 0x19, 0x81, 0x1d, 0x00, 0x02, 0x00, 0x00, 0x00, 0x00, 0x00, 0x00, 0x00, 0x00, 0x00,
  0x09, 0x18, 0x04, 0x00, 0x00, 0x00, 0x00, 0x00, 0x00, 0x00, 0x00, 0x00, 0x00, 0x00, 0x00, 0x00,
  0x00, 0x00, 0x00, 0x00, 0x00, 0x00, 0x00, 0x00, 0x00, 0x00, 0x00, 0x00, 0x00, 0x00, 0x00, 0x00,
  0x00, 0x00, 0x00, 0x00, 0x00, 0x00, 0x00, 0x00, 0x00, 0x00, 0x00, 0x00, 0x00, 0x00, 0x00, 0x00,
  0x00, 0x04, 0x0e, 0x26, 0x28, 0x34, 0x46, 0x40, 0x35, 0x35, 0x38, 0x1e, 0x0a, 0x13, 0x14, 0x05,
  0x11, 0x0e, 0x00, 0x00, 0x01, 0x03, 0x12, 0x06, 0x00, 0x05, 0x35, 0x34, 0x26, 0x2c, 0x12, 0x0c,
  0x15, 0x3d, 0xbc, 0xa6, 0xc6, 0xc8, 0xd6, 0xff, 0xff, 0xfd, 0xff, 0xff, 0xfb, 0xfb, 0xd3, 0xf4,
  0xfd, 0xfd, 0xf1, 0xdb, 0xe0, 0xf0, 0xff, 0xf6, 0xf6, 0xff, 0xf6, 0xfd, 0xd2, 0xd2, 0xdd, 0xe0,
  0xb0, 0xd7, 0xdf, 0xec, 0xff, 0xff, 0xff, 0xfd, 0xfc, 0xfd, 0xf1, 0xd7, 0xe2, 0xe1, 0xdd, 0xfd,
  0xff, 0xff, 0xfd, 0xfd, 0xfd, 0xfc, 0xf7, 0xf4, 0xf7, 0xee, 0xf5, 0xed, 0xec, 0xfd, 0xf9, 0xd9,
  0xd5, 0xdc, 0xf2, 0xfc, 0xfb, 0xf2, 0xf4, 0xfe, 0xfe, 0xfe, 0xf7, 0xf7, 0xfe, 0xfb, 0xfe, 0xfe,
  0xfc, 0xfd, 0xfd, 0xfc, 0xfd, 0xfc, 0xfd, 0xfd, 0xfc, 0xfc, 0xfd, 0xfb, 0xfc, 0xfc, 0xfe, 0xfd,
  0xfc, 0xfc, 0xfc, 0xfd, 0xfd, 0xfd, 0xfd, 0xfd, 0xfd, 0xfc, 0xfc, 0xfc, 0xfc, 0xfc, 0xfc, 0xfc,
  0xfd, 0xfc, 0xfe, 0xfe, 0xfd, 0xfc, 0xfd, 0xfd, 0xfc, 0xfc, 0xfd, 0xfb, 0xfd, 0xfd, 0xfb, 0xfd,
  0xfd, 0xfd, 0xfd, 0xfb, 0xfe, 0xfd, 0xfb, 0xf5, 0xf6, 0xfb, 0xf7, 0xf6, 0xf6, 0xf3, 0xe5, 0xc9,
  0xee, 0xe1, 0xe1, 0xef, 0xe6, 0xca, 0xd5, 0xa6, 0xc4, 0xc2, 0x63, 0x42, 0x48, 0x45, 0x40, 0x22,
  0x63, 0x6a, 0x74, 0x91, 0x85, 0x4a, 0x10, 0x0d, 0x04, 0x04, 0x01, 0x03, 0x02, 0x06, 0x08, 0x07,
  0x00, 0x00, 0x01, 0x00, 0x00, 0x00, 0x00, 0x00, 0x00, 0x00, 0x08, 0x0f, 0x03, 0x00, 0x00, 0x00,
  0x00, 0x00, 0x00, 0x00, 0x00, 0x00, 0x00, 0x00, 0x00, 0x00, 0x00, 0x00, 0x00, 0x00, 0x00, 0x00,
  0x00, 0x00, 0x00, 0x00, 0x00, 0x00, 0x00, 0x00, 0x00, 0x00, 0x00, 0x00, 0x00, 0x00, 0x00, 0x01,
  0x01, 0x00, 0x00, 0x00, 0x01, 0x01, 0x00, 0x00, 0x00, 0x01, 0x01, 0x01, 0x06, 0x16, 0x23, 0x23,
  0x2a, 0x2e, 0x27, 0x34, 0x3d, 0x24, 0x12, 0x1e, 0x1b, 0x05, 0x30, 0x4b, 0x0a, 0x07, 0x08, 0x04,
  0x0e, 0x04, 0x03, 0x03, 0x00, 0x00, 0x28, 0x47, 0x4a, 0x3b, 0x7a, 0xb7, 0xce, 0x67, 0xe9, 0xff,
  0xcb, 0xe1, 0xfd, 0xf2, 0xdf, 0xf2, 0xf4, 0xfd, 0xf6, 0xfe, 0xfd, 0xfc, 0xff, 0xff, 0xff, 0xff,
  0xfc, 0xfa, 0xf4, 0xfb, 0xfb, 0xfc, 0xe3, 0xe8, 0xf6, 0xfc, 0xf0, 0xf2, 0xff, 0xff, 0xe7, 0xe6,
  0xf7, 0xfe, 0xfb, 0xfd, 0xf7, 0xeb, 0xf7, 0xfc, 0xf0, 0xf6, 0xe4, 0xef, 0xfd, 0xfd, 0xfb, 0xfe,
  0xff, 0xfa, 0xfd, 0xfd, 0xf9, 0xe5, 0xdf, 0xf5, 0xe9, 0xb8, 0xb6, 0xce, 0xeb, 0xf7, 0xfd, 0xff,
  0xfe, 0xfc, 0xf7, 0xfc, 0xfe, 0xfd, 0xfb, 0xfc, 0xfc, 0xfc, 0xfd, 0xfb, 0xfb, 0xfd, 0xfc, 0xfe,
  0xfb, 0xfb, 0xfd, 0xfd, 0xfe, 0xfc, 0xfb, 0xfe, 0xfd, 0xfd, 0xfc, 0xfc, 0xfe, 0xfd, 0xfe, 0xfc,
  0xfd, 0xfe, 0xfc, 0xfd, 0xfd, 0xfb, 0xfc, 0xfc, 0xfd, 0xfd, 0xfc, 0xfc, 0xfc, 0xfd, 0xfd, 0xfb,
  0xfc, 0xfd, 0xfc, 0xfd, 0xfc, 0xfc, 0xfc, 0xfc, 0xfc, 0xfb, 0xfd, 0xfe, 0xfb, 0xfc, 0xfb, 0xfb,
  0xfd, 0xfc, 0xfe, 0xfc, 0xf8, 0xf9, 0xf6, 0xf1, 0xea, 0xcb, 0xce, 0xf5, 0xdf, 0xbc, 0xd1, 0xc9,
  0xeb, 0xe1, 0xdc, 0xc0, 0x66, 0x83, 0x79, 0x30, 0x4b, 0x43, 0x51, 0x66, 0x5f, 0x52, 0x43, 0x1d,
  0x0a, 0x06, 0x01, 0x02, 0x02, 0x02, 0x02, 0x00, 0x04, 0x05, 0x00, 0x01, 0x00, 0x00, 0x00, 0x00,
  0x01, 0x00, 0x00, 0x00, 0x00, 0x00, 0x00, 0x00, 0x04, 0x00, 0x01, 0x01, 0x00, 0x00, 0x00, 0x00,
  0x00, 0x00, 0x00, 0x00, 0x00, 0x00, 0x00, 0x00, 0x00, 0x00, 0x00, 0x00, 0x00, 0x00, 0x00, 0x00,
  0x00, 0x00, 0x00, 0x00, 0x00, 0x00, 0x00, 0x00, 0x00, 0x00, 0x00, 0x00, 0x00, 0x00, 0x00, 0x00,
  0x00, 0x00, 0x00, 0x00, 0x00, 0x01, 0x03, 0x03, 0x0a, 0x0f, 0x09, 0x06, 0x17, 0x18, 0x13, 0x10,
  0x20, 0x15, 0x06, 0x2c, 0x23, 0x07, 0x05, 0x09, 0x02, 0x03, 0x07, 0x02, 0x04, 0x04, 0x03, 0x04,
  0x39, 0xa4, 0x7b, 0x67, 0x67, 0x82, 0xab, 0xbe, 0xee, 0xe3, 0xca, 0xa9, 0xff, 0xa6, 0x96, 0xec,
  0xc3, 0xec, 0xf6, 0xda, 0xfc, 0xfb, 0xfc, 0xfb, 0xfb, 0xfc, 0xff, 0xfe, 0xfe, 0xfc, 0xfc, 0xfb,
  0xff, 0xff, 0xfd, 0xfa, 0xff, 0xe5, 0xb9, 0xca, 0x97, 0xd1, 0xf1, 0xfc, 0xfd, 0xfc, 0xff, 0xf4,
  0xf9, 0xfc, 0xf5, 0xf0, 0xcd, 0xdc, 0xf7, 0xf8, 0xef, 0xf9, 0xf6, 0xf8, 0xf6, 0xf8, 0xfe, 0xfe,
  0xfe, 0xfd, 0xfd, 0xff, 0xff, 0xff, 0xff, 0xfd, 0xfc, 0xfd, 0xfc, 0xfd, 0xf2, 0xf9, 0xfd, 0xfc,
  0xfc, 0xfc, 0xfc, 0xfd, 0xfc, 0xfd, 0xfc, 0xfd, 0xfc, 0xfc, 0xfd, 0xfc, 0xfb, 0xfe, 0xfc, 0xfb,
  0xfc, 0xfd, 0xfd, 0xfc, 0xfd, 0xfd, 0xfc, 0xfd, 0xfc, 0xfc, 0xfc, 0xfc, 0xfc, 0xfb, 0xfa, 0xfc,
  0xfb, 0xfe, 0xfc, 0xfb, 0xfc, 0xfb, 0xfd, 0xfe, 0xfe, 0xfc, 0xfc, 0xfc, 0xfd, 0xfc, 0xfd, 0xfb,
  0xfc, 0xfc, 0xfd, 0xfa, 0xfb, 0xfc, 0xfc, 0xfc, 0xfc, 0xfa, 0xfd, 0xff, 0xfd, 0xf7, 0xf6, 0xf8,
  0xde, 0xdb, 0xe5, 0xd2, 0x68, 0x7c, 0x75, 0x7d, 0x84, 0xc7, 0xc3, 0xdc, 0xb0, 0xb9, 0x6c, 0x4a,
  0x6c, 0x7e, 0x25, 0x09, 0x16, 0x50, 0x56, 0x3c, 0x68, 0x39, 0x1d, 0x21, 0x02, 0x02, 0x01, 0x00,
  0x06, 0x06, 0x00, 0x00, 0x00, 0x00, 0x00, 0x00, 0x00, 0x00, 0x00, 0x00, 0x00, 0x00, 0x00, 0x00,
  0x00, 0x00, 0x02, 0x00, 0x00, 0x00, 0x00, 0x00, 0x00, 0x00, 0x00, 0x00, 0x00, 0x00, 0x00, 0x00,
  0x00, 0x00, 0x00, 0x00, 0x00, 0x00, 0x00, 0x00, 0x00, 0x00, 0x00, 0x00, 0x00, 0x00, 0x00, 0x00,
  0x00, 0x00, 0x00, 0x00, 0x00, 0x00, 0x00, 0x00, 0x00, 0x00, 0x00, 0x00, 0x00, 0x00, 0x00, 0x00,
  0x03, 0x00, 0x06, 0x0d, 0x04, 0x03, 0x08, 0x07, 0x09, 0x0a, 0x09, 0x0a, 0x01, 0x23, 0x21, 0x01,
  0x05, 0x04, 0x08, 0x00, 0x0a, 0x0f, 0x06, 0x07, 0x02, 0x07, 0x1a, 0x75, 0xac, 0xa7, 0x8e, 0xc2,
  0x5c, 0x46, 0x84, 0xda, 0xe3, 0xbb, 0xb0, 0xd7, 0xfd, 0xff, 0xf2, 0xe6, 0xf9, 0xf0, 0xee, 0xfa,
  0xfc, 0xfc, 0xfc, 0xfb, 0xeb, 0xf8, 0xfc, 0xfc, 0xfd, 0xfc, 0xfa, 0xfb, 0xfc, 0xfb, 0xfd, 0xf2,
  0xe4, 0xe9, 0xf5, 0xff, 0xff, 0xfc, 0xfc, 0xfd, 0xfc, 0xf6, 0xfb, 0xfd, 0xf8, 0xff, 0xff, 0xdb,
  0xc6, 0xc0, 0xc0, 0xb9, 0xab, 0xa7, 0xe0, 0xfc, 0xfe, 0xff, 0xff, 0xff, 0xfd, 0xfb, 0xfc, 0xfd,
  0xfd, 0xfe, 0xfd, 0xfd, 0xfc, 0xfd, 0xfe, 0xfe, 0xfc, 0xfc, 0xfc, 0xfd, 0xfd, 0xfc, 0xfb, 0xfd,
  0xfc, 0xfc, 0xfd, 0xfc, 0xfc, 0xfd, 0xfc, 0xfd, 0xfc, 0xfb, 0xfc, 0xfc, 0xfd, 0xfc, 0xfd, 0xfd,
  0xfd, 0xfd, 0xfb, 0xfe, 0xfd, 0xfd, 0xfc, 0xfc, 0xfd, 0xfc, 0xfb, 0xfd, 0xfc, 0xfd, 0xfc, 0xfd,
  0xfd, 0xfc, 0xfe, 0xfe, 0xfd, 0xfc, 0xfc, 0xfd, 0xfc, 0xfc, 0xfd, 0xfc, 0xfc, 0xfc, 0xfc, 0xfc,
  0xfb, 0xfb, 0xfb, 0xfa, 0xf9, 0xf9, 0xf9, 0xf0, 0xec, 0xee, 0xe1, 0xe1, 0xd7, 0xd4, 0x85, 0x4f,
  0x14, 0x33, 0x35, 0x56, 0x7c, 0x9a, 0x7b, 0xc7, 0xa9, 0x5a, 0x2f, 0x37, 0x17, 0x0c, 0x1d, 0x4e,
  0x5b, 0x46, 0x47, 0x51, 0x23, 0x0c, 0x00, 0x03, 0x01, 0x00, 0x02, 0x01, 0x00, 0x00, 0x00, 0x00,
  0x00, 0x00, 0x00, 0x00, 0x00, 0x00, 0x00, 0x00, 0x00, 0x00, 0x00, 0x00, 0x00, 0x00, 0x00, 0x00,
  0x00, 0x00, 0x00, 0x00, 0x00, 0x00, 0x00, 0x00, 0x00, 0x00, 0x00, 0x00, 0x00, 0x00, 0x00, 0x00,
  0x00, 0x00, 0x00, 0x00, 0x00, 0x00, 0x00, 0x00, 0x00, 0x00, 0x00, 0x00, 0x00, 0x00, 0x00, 0x00,
  0x00, 0x00, 0x00, 0x00, 0x00, 0x00, 0x00, 0x00, 0x00, 0x00, 0x01, 0x00, 0x02, 0x0a, 0x05, 0x01,
  0x05, 0x00, 0x04, 0x00, 0x02, 0x04, 0x00, 0x00, 0x00, 0x03, 0x00, 0x06, 0x07, 0x42, 0x96, 0x3a,
  0x15, 0x19, 0x08, 0x3d, 0x62, 0x8c, 0x83, 0xb8, 0xf4, 0xff, 0xef, 0xdc, 0xea, 0xff, 0xff, 0xc8,
  0xd2, 0xff, 0xf4, 0xf5, 0xff, 0xfc, 0xfb, 0xfd, 0xfc, 0xfc, 0xfb, 0xfb, 0xfb, 0xfa, 0xe6, 0xf7,
  0xfd, 0xfb, 0xfc, 0xfd, 0xfb, 0xfc, 0xfc, 0xfc, 0xfc, 0xfe, 0xff, 0xff, 0xfe, 0xfc, 0xfc, 0xfb,
  0xfc, 0xfc, 0xfc, 0xfd, 0xfc, 0xfb, 0xfc, 0xfd, 0xfb, 0xfc, 0xff, 0xff, 0xff, 0xff, 0xff, 0xff,
  0xfe, 0xfc, 0xf3, 0xe9, 0xd9, 0xed, 0xfe, 0xfc, 0xfc, 0xfd, 0xfb, 0xfc, 0xfd, 0xfb, 0xfb, 0xfc,
  0xfc, 0xfd, 0xfc, 0xfc, 0xfb, 0xfb, 0xfc, 0xfb, 0xfb, 0xfa, 0xfb, 0xfc, 0xfb, 0xfc, 0xfc, 0xfb,
  0xfd, 0xfc, 0xfb, 0xfc, 0xfb, 0xfc, 0xfc, 0xfc, 0xfc, 0xfc, 0xfc, 0xfc, 0xfd, 0xfd, 0xfc, 0xfd,
  0xfb, 0xfb, 0xfc, 0xfb, 0xfb, 0xfd, 0xfc, 0xfc, 0xfd, 0xfc, 0xfd, 0xfc, 0xfd, 0xfd, 0xfc, 0xfd,
  0xfc, 0xfb, 0xfb, 0xfd, 0xfc, 0xfb, 0xfc, 0xfc, 0xfb, 0xfb, 0xfa, 0xfb, 0xfa, 0xf8, 0xf5, 0xf9,
  0xf5, 0xdf, 0xc8, 0xe2, 0xed, 0xc4, 0x9e, 0xa8, 0x65, 0x65, 0x35, 0x2a, 0x2b, 0x26, 0x76, 0x7a,
  0x5b, 0xa1, 0x79, 0x71, 0x29, 0x16, 0x16, 0x06, 0x25, 0x26, 0x3f, 0x2c, 0x06, 0x04, 0x00, 0x00,
  0x00, 0x01, 0x02, 0x00, 0x00, 0x00, 0x01, 0x00, 0x00, 0x00, 0x00, 0x00, 0x00, 0x00, 0x00, 0x00,
  0x00, 0x00, 0x00, 0x00, 0x00, 0x00, 0x00, 0x00, 0x00, 0x00, 0x00, 0x00, 0x00, 0x00, 0x00, 0x00,
  0x00, 0x00, 0x00, 0x00, 0x00, 0x00, 0x00, 0x00, 0x00, 0x00, 0x00, 0x00, 0x00, 0x00, 0x00, 0x00,
  0x00, 0x00, 0x00, 0x00, 0x00, 0x00, 0x00, 0x00, 0x00, 0x00, 0x00, 0x00, 0x00, 0x00, 0x00, 0x00,
  0x00, 0x00, 0x01, 0x01, 0x00, 0x01, 0x03, 0x03, 0x05, 0x03, 0x00, 0x06, 0x01, 0x0a, 0x03, 0x0c,
  0x09, 0x00, 0x02, 0x0b, 0x27, 0x0d, 0x00, 0x4a, 0x92, 0x34, 0x14, 0x1d, 0x0d, 0x61, 0x88, 0xab,
  0xb9, 0x6c, 0xcc, 0xf7, 0xff, 0xf6, 0xa1, 0x97, 0xab, 0xc2, 0xac, 0xb0, 0xa7, 0xdf, 0xfe, 0xfd,
  0xfd, 0xfd, 0xfc, 0xfd, 0xfe, 0xfd, 0xfd, 0xfd, 0xff, 0xfd, 0xfc, 0xfd, 0xfd, 0xfd, 0xfe, 0xfd,
  0xfd, 0xfc, 0xfd, 0xfd, 0xfd, 0xfc, 0xfc, 0xfd, 0xff, 0xff, 0xff, 0xfd, 0xfd, 0xfe, 0xff, 0xfe,
  0xfc, 0xfd, 0xfd, 0xfd, 0xfd, 0xf4, 0xfb, 0xff, 0xeb, 0xee, 0xfe, 0xfa, 0xc2, 0xb5, 0xe3, 0xfb,
  0xfc, 0xfc, 0xfc, 0xfb, 0xfb, 0xff, 0xff, 0xff, 0xff, 0xfe, 0xfd, 0xfd, 0xfe, 0xfd, 0xfd, 0xfd,
  0xfe, 0xfe, 0xfe, 0xfd, 0xfc, 0xfd, 0xfe, 0xfe, 0xfe, 0xfc, 0xfc, 0xfd, 0xfd, 0xfe, 0xfd, 0xfc,
  0xfe, 0xfe, 0xfd, 0xfd, 0xfd, 0xfd, 0xfd, 0xfd, 0xfd, 0xfc, 0xfd, 0xfd, 0xfc, 0xfd, 0xfd, 0xfe,
  0xfe, 0xfd, 0xfd, 0xfd, 0xfe, 0xfd, 0xfc, 0xfd, 0xfc, 0xfc, 0xfe, 0xfd, 0xfe, 0xfb, 0xfa, 0xfd,
  0xfb, 0xf9, 0xfc, 0xfb, 0xfc, 0xfc, 0xfb, 0xfa, 0xfa, 0xf4, 0xec, 0xc2, 0xb8, 0x9f, 0x70, 0x58,
  0x48, 0x43, 0x14, 0x1d, 0x10, 0x0b, 0x15, 0x18, 0x4e, 0x50, 0x36, 0x6d, 0x73, 0x39, 0x3f, 0x2d,
  0x10, 0x0d, 0x1c, 0x1a, 0x2b, 0x33, 0x1b, 0x08, 0x05, 0x00, 0x01, 0x00, 0x01, 0x00, 0x00, 0x01,
  0x01, 0x00, 0x00, 0x00, 0x00, 0x00, 0x00, 0x00, 0x00, 0x00, 0x00, 0x00, 0x00, 0x00, 0x00, 0x00,
  0x00, 0x00, 0x00, 0x00, 0x00, 0x00, 0x00, 0x00, 0x00, 0x00, 0x00, 0x01, 0x01, 0x00, 0x00, 0x00,
  0x00, 0x00, 0x00, 0x00, 0x00, 0x00, 0x00, 0x00, 0x00, 0x00, 0x00, 0x00, 0x00, 0x00, 0x00, 0x00,
  0x00, 0x00, 0x00, 0x00, 0x00, 0x00, 0x00, 0x00, 0x00, 0x00, 0x00, 0x00, 0x00, 0x00, 0x00, 0x03,
  0x05, 0x01, 0x00, 0x02, 0x03, 0x04, 0x13, 0x38, 0x05, 0x0f, 0x15, 0x06, 0x01, 0x0e, 0x2f, 0x21,
  0x40, 0x3d, 0x5b, 0x21, 0x2a, 0x3d, 0x33, 0x73, 0xd9, 0xdc, 0xd8, 0xe4, 0xf3, 0xf6, 0xe5, 0xff,
  0xdd, 0x7e, 0xbc, 0xcd, 0xad, 0xe4, 0xf1, 0xff, 0xfa, 0xe2, 0xfe, 0xfb, 0xfe, 0xff, 0xfe, 0xfd,
  0xfd, 0xfe, 0xff, 0xff, 0xff, 0xfd, 0xfd, 0xff, 0xfd, 0xfe, 0xfd, 0xfc, 0xff, 0xfe, 0xfc, 0xfc,
  0xfb, 0xff, 0xd9, 0xcb, 0xf2, 0xff, 0xfe, 0xfb, 0xf6, 0xf8, 0xfd, 0xfe, 0xfe, 0xfd, 0xfd, 0xf8,
  0xf1, 0xda, 0xe5, 0xf3, 0xfb, 0xfd, 0xff, 0xff, 0xff, 0xfe, 0xfe, 0xff, 0xff, 0xff, 0xff, 0xe5,
  0xe7, 0xde, 0xe6, 0xfd, 0xfe, 0xff, 0xff, 0xfe, 0xfc, 0xff, 0xed, 0xf6, 0xff, 0xfd, 0xfc, 0xff,
  0xff, 0xfe, 0xfc, 0xfc, 0xff, 0xff, 0xfe, 0xfe, 0xfe, 0xff, 0xff, 0xfe, 0xfd, 0xfe, 0xfe, 0xfd,
  0xfc, 0xfc, 0xfc, 0xfd, 0xff, 0xfe, 0xfd, 0xfd, 0xfc, 0xfe, 0xfd, 0xfe, 0xfc, 0xfc, 0xfd, 0xfc,
  0xfd, 0xfd, 0xfe, 0xfe, 0xfb, 0xfb, 0xfa, 0xf6, 0xf9, 0xfc, 0xf9, 0xfc, 0xfe, 0xfd, 0xfa, 0xfa,
  0xfa, 0xfa, 0xf7, 0xed, 0xc1, 0x76, 0xae, 0xcb, 0x2b, 0x38, 0x37, 0x20, 0x32, 0x11, 0x01, 0x0b,
  0x10, 0x11, 0x11, 0x2b, 0x20, 0x1f, 0x49, 0x4b, 0x32, 0x18, 0x0b, 0x09, 0x12, 0x10, 0x09, 0x1a,
  0x12, 0x04, 0x03, 0x00, 0x00, 0x00, 0x00, 0x00, 0x00, 0x00, 0x00, 0x00, 0x00, 0x00, 0x00, 0x00,
  0x00, 0x00, 0x00, 0x00, 0x00, 0x00, 0x00, 0x00, 0x00, 0x00, 0x00, 0x00, 0x00, 0x00, 0x00, 0x00,
  0x00, 0x00, 0x00, 0x00, 0x00, 0x00, 0x00, 0x00, 0x00, 0x00, 0x00, 0x00, 0x00, 0x00, 0x00, 0x00,
  0x00, 0x00, 0x00, 0x00, 0x00, 0x00, 0x00, 0x00, 0x00, 0x00, 0x00, 0x00, 0x00, 0x00, 0x00, 0x00,
  0x00, 0x00, 0x00, 0x00, 0x00, 0x00, 0x00, 0x00, 0x00, 0x00, 0x00, 0x0b, 0x0e, 0x06, 0x09, 0x00,
  0x02, 0x06, 0x03, 0x05, 0x0c, 0x06, 0x07, 0x29, 0x1b, 0x3d, 0xbd, 0xc4, 0xb8, 0x41, 0x4b, 0x71,
  0x6c, 0xa5, 0xe3, 0xe9, 0xf7, 0xf7, 0xf9, 0xfd, 0xfc, 0xfb, 0xf9, 0xff, 0xff, 0xff, 0xff, 0xff,
  0xff, 0xfd, 0xfb, 0xf8, 0xff, 0xff, 0xff, 0xff, 0xff, 0xfe, 0xfe, 0xff, 0xf4, 0xd5, 0xf3, 0xff,
  0xff, 0xfe, 0xff, 0xff, 0xff, 0xfe, 0xfe, 0xfe, 0xfd, 0xfe, 0xfd, 0xff, 0xfb, 0xf9, 0xfd, 0xff,
  0xfe, 0xf5, 0xe6, 0xeb, 0xff, 0xfc, 0xfd, 0xfc, 0xfe, 0xff, 0xfc, 0xfa, 0xff, 0xff, 0xff, 0xfd,
  0xfc, 0xfd, 0xfe, 0xfe, 0xfe, 0xf1, 0xb9, 0xa6, 0xa9, 0xab, 0x98, 0x94, 0xaf, 0xf0, 0xfd, 0xfe,
  0xfd, 0xfc, 0xfe, 0xfe, 0xfd, 0xfd, 0xfd, 0xfe, 0xfe, 0xfd, 0xfd, 0xfd, 0xfc, 0xfe, 0xfd, 0xfe,
  0xfd, 0xfe, 0xff, 0xfd, 0xfe, 0xfd, 0xfd, 0xff, 0xfd, 0xfd, 0xfc, 0xfc, 0xfd, 0xfc, 0xfe, 0xfd,
  0xfc, 0xfe, 0xfc, 0xfd, 0xfb, 0xfc, 0xfd, 0xfc, 0xfc, 0xfd, 0xfe, 0xfd, 0xfa, 0xf8, 0xf6, 0xf6,
  0xf4, 0xf6, 0xf7, 0xf2, 0xee, 0xfc, 0xfd, 0xfa, 0xfa, 0xfd, 0xfa, 0xf8, 0xec, 0xdd, 0xc8, 0x8e,
  0xb0, 0xd4, 0x4f, 0x47, 0x27, 0x1b, 0x23, 0x08, 0x04, 0x06, 0x07, 0x0e, 0x18, 0x2e, 0x2b, 0x3b,
  0x0e, 0x18, 0x16, 0x20, 0x26, 0x03, 0x09, 0x11, 0x0f, 0x0b, 0x04, 0x00, 0x00, 0x00, 0x00, 0x00,
  0x00, 0x00, 0x00, 0x00, 0x00, 0x00, 0x00, 0x00, 0x00, 0x00, 0x00, 0x00, 0x00, 0x00, 0x00, 0x00,
  0x00, 0x00, 0x00, 0x00, 0x00, 0x00, 0x00, 0x00, 0x00, 0x00, 0x00, 0x00, 0x00, 0x00, 0x00, 0x00,
  0x00, 0x00, 0x00, 0x00, 0x00, 0x00, 0x00, 0x00, 0x00, 0x00, 0x00, 0x00, 0x00, 0x00, 0x00, 0x00,
  0x00, 0x00, 0x00, 0x00, 0x00, 0x00, 0x00, 0x00, 0x00, 0x00, 0x00, 0x00, 0x00, 0x00, 0x00, 0x00,
  0x00, 0x00, 0x00, 0x01, 0x00, 0x12, 0x46, 0x0f, 0x04, 0x03, 0x1b, 0x2a, 0x00, 0x0d, 0x0c, 0x02,
  0x01, 0x33, 0x61, 0x42, 0x49, 0x87, 0x91, 0x32, 0x44, 0x4d, 0x77, 0xa9, 0xec, 0xef, 0xec, 0xf4,
  0xfa, 0xb3, 0xd5, 0xff, 0xe6, 0x80, 0xfd, 0xfb, 0xee, 0xff, 0xfd, 0xf3, 0xff, 0xff, 0xe5, 0x63,
  0xb4, 0xc5, 0xe9, 0xfb, 0xe2, 0xa9, 0xdc, 0xdb, 0xf4, 0xd0, 0xd3, 0xfb, 0xe4, 0xef, 0xfa, 0xfd,
  0xfd, 0xfe, 0xfe, 0xfd, 0xfc, 0xfd, 0xff, 0xff, 0xfe, 0xf6, 0xfb, 0xff, 0xff, 0xff, 0xfc, 0xfc,
  0xf0, 0xe0, 0xef, 0xfd, 0xfd, 0xff, 0xff, 0xf8, 0xeb, 0xfb, 0xff, 0xf7, 0xdc, 0xef, 0xfe, 0xf4,
  0xd4, 0xc9, 0xd4, 0xff, 0xff, 0xff, 0xff, 0xfa, 0xfd, 0xe6, 0xf3, 0xff, 0xfd, 0xfc, 0xfd, 0xff,
  0xff, 0xfe, 0xfe, 0xfd, 0xfd, 0xfe, 0xfe, 0xfc, 0xfd, 0xfe, 0xfe, 0xfc, 0xfd, 0xfd, 0xfd, 0xfe,
  0xfe, 0xfc, 0xfd, 0xfe, 0xfc, 0xfa, 0xfb, 0xfb, 0xfc, 0xfe, 0xfe, 0xfd, 0xfc, 0xfc, 0xfd, 0xfd,
  0xfc, 0xfb, 0xfc, 0xfd, 0xfd, 0xfc, 0xf7, 0xf5, 0xf8, 0xec, 0xf0, 0xf3, 0xee, 0xf4, 0xe4, 0xdd,
  0xee, 0xef, 0xf4, 0xf6, 0xfb, 0xfc, 0xea, 0xdd, 0xcf, 0xb1, 0xbe, 0xaf, 0x66, 0x3a, 0x1c, 0x1c,
  0x10, 0x02, 0x0a, 0x09, 0x06, 0x0b, 0x0e, 0x3c, 0x6e, 0x74, 0x21, 0x08, 0x0d, 0x0c, 0x09, 0x01,
  0x00, 0x06, 0x1a, 0x5f, 0x3f, 0x02, 0x02, 0x00, 0x00, 0x00, 0x00, 0x00, 0x00, 0x00, 0x00, 0x00,
  0x00, 0x00, 0x00, 0x00, 0x00, 0x00, 0x00, 0x00, 0x00, 0x00, 0x00, 0x00, 0x00, 0x00, 0x00, 0x00,
  0x00, 0x00, 0x00, 0x00, 0x00, 0x00, 0x00, 0x00, 0x00, 0x00, 0x00, 0x00, 0x00, 0x00, 0x00, 0x00,
  0x00, 0x00, 0x00, 0x00, 0x00, 0x00, 0x00, 0x00, 0x00, 0x00, 0x00, 0x00, 0x00, 0x00, 0x00, 0x00,
  0x00, 0x00, 0x00, 0x00, 0x01, 0x03, 0x01, 0x00, 0x00, 0x00, 0x00, 0x00, 0x00, 0x00, 0x00, 0x03,
  0x0a, 0x02, 0x00, 0x00, 0x2f, 0x2e, 0x02, 0x0c, 0x17, 0x2f, 0x41, 0x83, 0x74, 0x66, 0x78, 0x8c,
  0x99, 0x76, 0x93, 0x87, 0xa4, 0xa5, 0xda, 0xd3, 0xe6, 0xff, 0xf6, 0xfa, 0xfa, 0xf9, 0xf9, 0xd3,
  0xa0, 0xff, 0xd6, 0xa2, 0x9a, 0xaa, 0xcd, 0xd5, 0xd3, 0xb6, 0xf6, 0xdb, 0xd3, 0xf6, 0xfb, 0xf6,
  0xd9, 0xfa, 0xff, 0xdc, 0xe2, 0xf8, 0xcd, 0xe0, 0xf9, 0xfd, 0xfd, 0xfe, 0xfe, 0xfd, 0xfc, 0xfd,
  0xff, 0xff, 0xff, 0xee, 0xf9, 0xfe, 0xfd, 0xfb, 0xfa, 0xff, 0xff, 0xfc, 0xff, 0xfe, 0xfd, 0xfd,
  0xfb, 0xff, 0xfc, 0xfd, 0xfe, 0xff, 0xfe, 0xfd, 0xfd, 0xff, 0xff, 0xff, 0xff, 0xf9, 0xfe, 0xfb,
  0xfb, 0xfe, 0xfd, 0xfe, 0xfe, 0xff, 0xfd, 0xfc, 0xfe, 0xfe, 0xff, 0xfd, 0xfb, 0xfe, 0xff, 0xfd,
  0xfe, 0xfb, 0xfd, 0xff, 0xfe, 0xfe, 0xfc, 0xfd, 0xfe, 0xfe, 0xfe, 0xfd, 0xfd, 0xfd, 0xfd, 0xfd,
  0xfb, 0xfb, 0xfe, 0xfd, 0xfd, 0xfc, 0xfc, 0xfd, 0xfd, 0xfd, 0xfc, 0xfb, 0xfc, 0xfc, 0xfc, 0xf0,
  0xe4, 0xf9, 0xda, 0xcc, 0xe9, 0xd8, 0xd8, 0xd2, 0xd3, 0xd5, 0xc1, 0xe1, 0xff, 0xf8, 0xfb, 0xfb,
  0xf1, 0xd1, 0xab, 0x96, 0x8a, 0x66, 0x4e, 0x2e, 0x1c, 0x0b, 0x07, 0x08, 0x02, 0x04, 0x04, 0x00,
  0x05, 0x47, 0x61, 0x53, 0x1b, 0x10, 0x06, 0x04, 0x00, 0x00, 0x01, 0x02, 0x06, 0x3e, 0x16, 0x00,
  0x01, 0x00, 0x00, 0x00, 0x00, 0x00, 0x00, 0x00, 0x00, 0x00, 0x00, 0x00, 0x00, 0x00, 0x00, 0x00,
  0x00, 0x00, 0x00, 0x00, 0x00, 0x00, 0x00, 0x00, 0x00, 0x00, 0x00, 0x00, 0x00, 0x00, 0x00, 0x00,
  0x00, 0x00, 0x00, 0x00, 0x00, 0x00, 0x00, 0x00, 0x00, 0x00, 0x00, 0x00, 0x00, 0x00, 0x00, 0x00,
  0x00, 0x00, 0x00, 0x00, 0x00, 0x00, 0x00, 0x00, 0x00, 0x00, 0x00, 0x00, 0x01, 0x01, 0x00, 0x03,
  0x06, 0x06, 0x00, 0x00, 0x00, 0x00, 0x00, 0x00, 0x00, 0x00, 0x02, 0x0b, 0x2d, 0x18, 0x13, 0x06,
  0x0e, 0x22, 0x2e, 0x56, 0x6c, 0x5b, 0x7d, 0x75, 0x49, 0x49, 0x6d, 0x77, 0x6f, 0x7a, 0xbb, 0xb3,
  0xdc, 0xfe, 0xf1, 0xdc, 0xf6, 0xfc, 0xff, 0xda, 0x4c, 0x55, 0x6f, 0xf5, 0xe0, 0xc1, 0xdd, 0xee,
  0xb9, 0xca, 0xee, 0xff, 0xfa, 0xff, 0xff, 0xff, 0xff, 0xff, 0xff, 0xff, 0xfd, 0xff, 0xff, 0xff,
  0xff, 0xff, 0xfe, 0xfd, 0xfc, 0xfc, 0xfe, 0xfd, 0xfd, 0xfd, 0xfe, 0xfe, 0xfe, 0xff, 0xfd, 0xfe,
  0xff, 0xff, 0xff, 0xd7, 0xf4, 0xff, 0xd3, 0xf1, 0xff, 0xde, 0xd2, 0xfb, 0xfe, 0xfd, 0xfd, 0xff,
  0xfe, 0xfd, 0xfe, 0xfd, 0xfe, 0xfc, 0xfd, 0xfc, 0xfd, 0xff, 0xfd, 0xfc, 0xfd, 0xfe, 0xfe, 0xfd,
  0xfe, 0xfe, 0xfe, 0xfe, 0xfe, 0xfe, 0xfc, 0xfe, 0xff, 0xfe, 0xfe, 0xfd, 0xfc, 0xfd, 0xfd, 0xfe,
  0xfd, 0xfd, 0xff, 0xfd, 0xfd, 0xfe, 0xfc, 0xfc, 0xfd, 0xfb, 0xfc, 0xfc, 0xfd, 0xfc, 0xfb, 0xfb,
  0xfa, 0xfc, 0xfe, 0xfc, 0xfc, 0xfb, 0xfe, 0xfd, 0xf9, 0xf5, 0xef, 0xf7, 0xe5, 0xd6, 0xe6, 0xc3,
  0xe4, 0xbb, 0xa0, 0xac, 0x88, 0xbe, 0xeb, 0xec, 0xf3, 0xef, 0xea, 0x9e, 0x7c, 0x5c, 0x49, 0x37,
  0x20, 0x2c, 0x25, 0x12, 0x0e, 0x06, 0x00, 0x03, 0x08, 0x10, 0x14, 0x31, 0x14, 0x21, 0x11, 0x03,
  0x00, 0x02, 0x01, 0x00, 0x02, 0x05, 0x01, 0x08, 0x14, 0x07, 0x00, 0x00, 0x00, 0x00, 0x00, 0x00,
  0x00, 0x00, 0x00, 0x00, 0x00, 0x00, 0x00, 0x00, 0x00, 0x00, 0x00, 0x00, 0x00, 0x00, 0x00, 0x00,
  0x00, 0x00, 0x00, 0x00, 0x00, 0x00, 0x00, 0x00, 0x00, 0x00, 0x00, 0x00, 0x00, 0x00, 0x00, 0x00,
  0x00, 0x00, 0x00, 0x00, 0x00, 0x00, 0x00, 0x00, 0x00, 0x00, 0x00, 0x00, 0x00, 0x00, 0x02, 0x00,
  0x00, 0x00, 0x00, 0x00, 0x00, 0x00, 0x02, 0x04, 0x0f, 0x4b, 0x60, 0x29, 0x00, 0x01, 0x00, 0x00,
  0x00, 0x01, 0x01, 0x01, 0x04, 0x0d, 0x44, 0x24, 0x0b, 0x0b, 0x0d, 0x1f, 0x1e, 0x13, 0x13, 0x11,
  0x24, 0x24, 0x1d, 0x99, 0x7d, 0x44, 0x8d, 0xc5, 0xc3, 0x9d, 0xbc, 0xe3, 0xe9, 0x9d, 0xef, 0xf2,
  0xaf, 0xb9, 0xb0, 0xd1, 0xee, 0xe5, 0xda, 0xea, 0xdd, 0xdf, 0xaa, 0xd5, 0xd3, 0xb5, 0xc6, 0x7d,
  0xce, 0xe3, 0xb6, 0xc0, 0xdd, 0xf5, 0xfc, 0xf9, 0xfb, 0xfc, 0xfb, 0xfb, 0xfb, 0xfb, 0xfd, 0xfc,
  0xfc, 0xfb, 0xfb, 0xfc, 0xfb, 0xfc, 0xfb, 0xf8, 0xff, 0xff, 0xdc, 0xb1, 0xbe, 0xc4, 0xe6, 0xde,
  0xc0, 0xed, 0xfc, 0xfd, 0xfc, 0xfc, 0xfb, 0xfb, 0xfc, 0xfc, 0xfb, 0xfc, 0xfb, 0xfb, 0xfc, 0xfc,
  0xfb, 0xfb, 0xfa, 0xfa, 0xfa, 0xfa, 0xfb, 0xfb, 0xfb, 0xfb, 0xfb, 0xfb, 0xfc, 0xfb, 0xfb, 0xfb,
  0xf9, 0xfb, 0xfb, 0xfb, 0xfa, 0xfb, 0xfb, 0xfb, 0xfb, 0xfb, 0xf9, 0xf9, 0xf9, 0xf9, 0xfa, 0xfa,
  0xfa, 0xfb, 0xfb, 0xfa, 0xfb, 0xfb, 0xf7, 0xf9, 0xf8, 0xf9, 0xfa, 0xf9, 0xf9, 0xf5, 0xf6, 0xf1,
  0xf9, 0xfa, 0xf4, 0xf5, 0xfb, 0xf1, 0xea, 0xe1, 0xbd, 0xc3, 0xec, 0xd4, 0xb8, 0x88, 0x7d, 0xb2,
  0xb2, 0xaa, 0xe4, 0xd8, 0x9b, 0x99, 0x9b, 0x6d, 0x43, 0x24, 0x39, 0x4e, 0x55, 0x28, 0x10, 0x01,
  0x04, 0x00, 0x07, 0x21, 0x0e, 0x02, 0x08, 0x0b, 0x03, 0x00, 0x00, 0x00, 0x00, 0x00, 0x03, 0x09,
  0x02, 0x06, 0x05, 0x00, 0x00, 0x00, 0x00, 0x00, 0x00, 0x00, 0x00, 0x00, 0x00, 0x00, 0x00, 0x00,
  0x00, 0x00, 0x00, 0x00, 0x00, 0x00, 0x00, 0x00, 0x00, 0x00, 0x00, 0x00, 0x00, 0x00, 0x00, 0x00,
  0x00, 0x00, 0x00, 0x00, 0x00, 0x00, 0x00, 0x00, 0x00, 0x00, 0x00, 0x00, 0x00, 0x00, 0x00, 0x00,
  0x00, 0x00, 0x00, 0x00, 0x00, 0x00, 0x00, 0x00, 0x00, 0x00, 0x00, 0x00, 0x00, 0x00, 0x00, 0x00,
  0x00, 0x0c, 0x2d, 0x91, 0x85, 0x21, 0x00, 0x01, 0x00, 0x01, 0x01, 0x00, 0x01, 0x03, 0x06, 0x62,
  0x84, 0x37, 0x04, 0x08, 0x13, 0x0c, 0x11, 0x1c, 0x1f, 0x16, 0x48, 0x62, 0x82, 0x96, 0xa5, 0x96,
  0x89, 0x95, 0xf5, 0xbc, 0xc6, 0xfb, 0xfa, 0xd7, 0xed, 0xdb, 0x6d, 0x79, 0x98, 0xb1, 0xb0, 0x8d,
  0x82, 0xe5, 0xf4, 0xbb, 0xb0, 0x9c, 0xbd, 0xb1, 0x91, 0x9e, 0xcf, 0x8b, 0xc2, 0xfd, 0xf6, 0xfe,
  0xfe, 0xfd, 0xf9, 0xfb, 0xfe, 0xfc, 0xfd, 0xfc, 0xfd, 0xfc, 0xfa, 0xfa, 0xfa, 0xfc, 0xff, 0xfd,
  0xfd, 0xff, 0xee, 0xbd, 0x93, 0xa6, 0xcb, 0xff, 0xfd, 0xf3, 0xff, 0xff, 0xfb, 0xfc, 0xfa, 0xfc,
  0xfc, 0xfa, 0xfc, 0xfc, 0xfc, 0xfd, 0xfb, 0xfc, 0xfc, 0xfb, 0xfd, 0xfc, 0xfc, 0xfb, 0xfa, 0xfb,
  0xfa, 0xfd, 0xfd, 0xfa, 0xfc, 0xfc, 0xfb, 0xfb, 0xf9, 0xf9, 0xf8, 0xf8, 0xfa, 0xf9, 0xfb, 0xfc,
  0xfa, 0xfb, 0xfb, 0xfa, 0xf7, 0xf8, 0xf9, 0xf9, 0xfa, 0xfc, 0xfa, 0xf9, 0xf5, 0xf7, 0xf4, 0xf8,
  0xf7, 0xf8, 0xfb, 0xf5, 0xf2, 0xf7, 0xfb, 0xfa, 0xe6, 0xe2, 0xf2, 0xf5, 0xf6, 0xf5, 0xf5, 0xef,
  0xdc, 0xec, 0xc8, 0xc4, 0xb3, 0x76, 0xa9, 0xa0, 0x89, 0x64, 0x56, 0x73, 0xb6, 0xb9, 0x6a, 0x6e,
  0x71, 0x38, 0x4e, 0x35, 0x36, 0x53, 0xb0, 0x89, 0x2f, 0x18, 0x01, 0x12, 0x0d, 0x0b, 0x03, 0x02,
  0x02, 0x01, 0x03, 0x01, 0x00, 0x01, 0x01, 0x00, 0x05, 0x06, 0x01, 0x00, 0x00, 0x00, 0x00, 0x00,
  0x00, 0x00, 0x00, 0x00, 0x00, 0x00, 0x00, 0x00, 0x00, 0x00, 0x00, 0x00, 0x00, 0x00, 0x00, 0x00,
  0x00, 0x00, 0x00, 0x00, 0x00, 0x00, 0x00, 0x00, 0x00, 0x00, 0x00, 0x00, 0x00, 0x00, 0x00, 0x00,
  0x00, 0x00, 0x00, 0x00, 0x00, 0x00, 0x00, 0x00, 0x00, 0x00, 0x00, 0x00, 0x00, 0x00, 0x00, 0x00,
  0x00, 0x00, 0x00, 0x00, 0x00, 0x00, 0x00, 0x00, 0x00, 0x00, 0x00, 0x0b, 0x2a, 0x7d, 0x5a, 0x15,
  0x00, 0x01, 0x00, 0x00, 0x02, 0x00, 0x00, 0x00, 0x01, 0x46, 0x75, 0x2e, 0x05, 0x0b, 0x17, 0x11,
  0x24, 0x27, 0x32, 0x4b, 0x5c, 0x48, 0xa3, 0xa1, 0xad, 0xcc, 0xa5, 0xdb, 0xe6, 0xa0, 0xbc, 0xdc,
  0xbf, 0xcb, 0xc5, 0xc8, 0x6e, 0x9d, 0x84, 0xa0, 0xcf, 0xd2, 0xbc, 0xce, 0xe9, 0xf0, 0xeb, 0xf3,
  0xe1, 0xd0, 0xff, 0xff, 0xff, 0xee, 0xe1, 0xa7, 0xe3, 0xdd, 0xea, 0xf8, 0xec, 0xfc, 0xfd, 0xfd,
  0xfb, 0xfc, 0xfb, 0xfc, 0xfe, 0xff, 0xff, 0xf0, 0xe5, 0xe7, 0xd9, 0xb2, 0xa5, 0xaa, 0xd0, 0xea,
  0xff, 0xfb, 0xfc, 0xfd, 0xf9, 0xfa, 0xfb, 0xfc, 0xfb, 0xfb, 0xfb, 0xfb, 0xfc, 0xfc, 0xfb, 0xfb,
  0xfb, 0xfb, 0xfc, 0xf9, 0xf8, 0xec, 0xf8, 0xfb, 0xf7, 0xf9, 0xfa, 0xea, 0xf7, 0xfb, 0xfa, 0xfa,
  0xfa, 0xfb, 0xfa, 0xf9, 0xf8, 0xf9, 0xfe, 0xfc, 0xf4, 0xe7, 0xee, 0xfd, 0xfa, 0xfa, 0xf8, 0xf8,
  0xf9, 0xfb, 0xfb, 0xf6, 0xf7, 0xf6, 0xee, 0xee, 0xeb, 0xf4, 0xf9, 0xf4, 0xf1, 0xec, 0xec, 0xf2,
  0xe9, 0xec, 0xc8, 0xd5, 0xeb, 0xe0, 0xe9, 0xd7, 0xd4, 0xc9, 0xc8, 0x8f, 0x84, 0x4b, 0x47, 0x77,
  0x90, 0x61, 0x3b, 0x1c, 0x25, 0x4c, 0x3a, 0x31, 0x36, 0x28, 0x1e, 0x15, 0x24, 0x2d, 0x30, 0x6e,
  0x92, 0x43, 0x50, 0x55, 0x00, 0x11, 0x0d, 0x11, 0x03, 0x01, 0x00, 0x00, 0x01, 0x00, 0x00, 0x00,
  0x00, 0x00, 0x02, 0x01, 0x00, 0x00, 0x01, 0x00, 0x00, 0x00, 0x00, 0x00, 0x00, 0x00, 0x00, 0x01,
  0x01, 0x00, 0x00, 0x00, 0x00, 0x00, 0x00, 0x00, 0x00, 0x00, 0x00, 0x00, 0x00, 0x00, 0x00, 0x00,
  0x00, 0x00, 0x00, 0x00, 0x00, 0x00, 0x00, 0x00, 0x00, 0x00, 0x00, 0x00, 0x00, 0x00, 0x00, 0x00,
  0x00, 0x00, 0x00, 0x00, 0x00, 0x00, 0x00, 0x00, 0x00, 0x00, 0x00, 0x00, 0x00, 0x00, 0x00, 0x00,
  0x00, 0x01, 0x00, 0x01, 0x04, 0x06, 0x20, 0x4f, 0x28, 0x15, 0x00, 0x00, 0x00, 0x00, 0x00, 0x00,
  0x01, 0x01, 0x08, 0x03, 0x00, 0x0a, 0x03, 0x01, 0x03, 0x08, 0x16, 0x2a, 0x22, 0x2f, 0x42, 0x40,
  0x7b, 0xcd, 0xba, 0xc9, 0xb3, 0xae, 0x4c, 0x4c, 0xa0, 0xe9, 0xf3, 0xd5, 0x79, 0xb5, 0x97, 0x6f,
  0x9e, 0x86, 0x93, 0xb6, 0x99, 0x9b, 0x8a, 0x9d, 0xe9, 0xd1, 0xf1, 0xb7, 0xb6, 0xf0, 0xb4, 0x7c,
  0x78, 0x7b, 0xf3, 0xf7, 0xfc, 0xfc, 0xf9, 0xfb, 0xf7, 0xee, 0xfb, 0xfd, 0xfe, 0xff, 0xe6, 0xcc,
  0xaf, 0xcf, 0xf9, 0xf5, 0xcf, 0xa5, 0xd7, 0xfc, 0xff, 0xf8, 0xc2, 0xf8, 0xfb, 0xfa, 0xfc, 0xfa,
  0xfa, 0xfa, 0xfa, 0xfc, 0xfa, 0xf9, 0xfb, 0xfc, 0xfb, 0xfb, 0xf9, 0xfb, 0xfb, 0xf3, 0xf3, 0xf7,
  0xf8, 0xf9, 0xf9, 0xf9, 0xf7, 0xf7, 0xf9, 0xfa, 0xf9, 0xf8, 0xf9, 0xf9, 0xf9, 0xf7, 0xf7, 0xf9,
  0xe9, 0xe6, 0xef, 0xd3, 0xf0, 0xfa, 0xf9, 0xf8, 0xf7, 0xf8, 0xf5, 0xf0, 0xec, 0xe5, 0xf3, 0xed,
  0xe8, 0xd4, 0xd9, 0xe4, 0xf3, 0xec, 0xd6, 0xc8, 0xdb, 0xec, 0xd4, 0xde, 0xe1, 0xc8, 0xc8, 0xcc,
  0xbc, 0x99, 0x9a, 0xb2, 0x93, 0x4a, 0x29, 0x0b, 0x41, 0x87, 0x7f, 0x28, 0x0a, 0x1f, 0x48, 0x45,
  0x15, 0x07, 0x0e, 0x18, 0x25, 0x1f, 0x07, 0x0f, 0x24, 0x24, 0x19, 0x09, 0x14, 0x1c, 0x00, 0x01,
  0x00, 0x01, 0x00, 0x00, 0x00, 0x00, 0x00, 0x00, 0x00, 0x00, 0x00, 0x00, 0x04, 0x00, 0x01, 0x06,
  0x00, 0x00, 0x00, 0x00, 0x00, 0x00, 0x00, 0x00, 0x00, 0x00, 0x01, 0x00, 0x00, 0x00, 0x00, 0x00,
  0x00, 0x00, 0x00, 0x00, 0x00, 0x00, 0x00, 0x00, 0x00, 0x00, 0x00, 0x00, 0x00, 0x00, 0x00, 0x00,
  0x00, 0x00, 0x00, 0x00, 0x00, 0x00, 0x00, 0x00, 0x00, 0x00, 0x00, 0x00, 0x00, 0x00, 0x00, 0x00,
  0x00, 0x00, 0x00, 0x00, 0x00, 0x00, 0x00, 0x00, 0x00, 0x00, 0x00, 0x01, 0x00, 0x00, 0x03, 0x03,
  0x04, 0x0d, 0x0a, 0x06, 0x00, 0x00, 0x00, 0x00, 0x00, 0x00, 0x00, 0x01, 0x05, 0x09, 0x07, 0x02,
  0x00, 0x00, 0x0b, 0x12, 0x1c, 0x2b, 0x26, 0x17, 0x5c, 0x97, 0xab, 0x95, 0xa6, 0xca, 0xad, 0xc5,
  0xbd, 0xdd, 0xfc, 0xee, 0xf5, 0xe2, 0xda, 0x8e, 0x84, 0x6c, 0x77, 0xb9, 0xd5, 0xd6, 0xde, 0xe6,
  0xfe, 0xf9, 0xf8, 0xa5, 0x95, 0x76, 0x8a, 0xae, 0xd1, 0xfd, 0xff, 0xff, 0xff, 0xff, 0xf3, 0xf7,
  0xe9, 0xfd, 0xff, 0xfe, 0xff, 0xf1, 0xdb, 0xc1, 0xa5, 0xa4, 0xc2, 0xf4, 0xfd, 0xfd, 0xf5, 0xff,
  0xff, 0xfe, 0xec, 0xe2, 0xdb, 0xf9, 0xfa, 0xfa, 0xfb, 0xfb, 0xfb, 0xfb, 0xfc, 0xfa, 0xfb, 0xfa,
  0xf8, 0xfa, 0xfb, 0xfd, 0xfc, 0xf9, 0xf8, 0xfd, 0xfd, 0xfb, 0xfa, 0xf7, 0xf9, 0xfa, 0xf8, 0xfa,
  0xfa, 0xfa, 0xfb, 0xfa, 0xfb, 0xfa, 0xfa, 0xf9, 0xf5, 0xf8, 0xf0, 0xef, 0xfd, 0xf9, 0xf1, 0xfc,
  0xfc, 0xf5, 0xfa, 0xf0, 0xe0, 0xe7, 0xee, 0xe6, 0xeb, 0xe4, 0xdc, 0xde, 0xd9, 0xda, 0xe2, 0xde,
  0xd7, 0xdc, 0xe0, 0xd7, 0xcc, 0xbc, 0xb5, 0xd5, 0xab, 0x8b, 0x8e, 0xa9, 0x84, 0x80, 0xa9, 0x4f,
  0x31, 0x1e, 0x1a, 0x26, 0x20, 0x16, 0x0d, 0x10, 0x18, 0x17, 0x12, 0x08, 0x04, 0x10, 0x0f, 0x0d,
  0x0d, 0x24, 0x18, 0x1a, 0x0a, 0x06, 0x00, 0x00, 0x00, 0x01, 0x03, 0x01, 0x00, 0x00, 0x00, 0x00,
  0x00, 0x00, 0x00, 0x00, 0x00, 0x00, 0x03, 0x01, 0x05, 0x0d, 0x01, 0x01, 0x00, 0x00, 0x00, 0x00,
  0x00, 0x00, 0x00, 0x00, 0x00, 0x00, 0x00, 0x00, 0x00, 0x00, 0x00, 0x00, 0x00, 0x00, 0x00, 0x00,
  0x00, 0x00, 0x00, 0x00, 0x00, 0x00, 0x00, 0x00, 0x00, 0x00, 0x00, 0x00, 0x00, 0x00, 0x00, 0x00,
  0x00, 0x00, 0x00, 0x00, 0x00, 0x00, 0x00, 0x00, 0x00, 0x00, 0x00, 0x00, 0x00, 0x00, 0x00, 0x00,
  0x00, 0x00, 0x00, 0x00, 0x00, 0x00, 0x00, 0x00, 0x00, 0x00, 0x00, 0x00, 0x02, 0x02, 0x00, 0x00,
  0x00, 0x01, 0x00, 0x00, 0x01, 0x00, 0x00, 0x02, 0x09, 0x01, 0x02, 0x2f, 0x36, 0x21, 0x38, 0x3b,
  0x4c, 0x31, 0x54, 0x64, 0x94, 0x49, 0xa4, 0x84, 0x8b, 0x7b, 0xca, 0xff, 0xf8, 0xfc, 0xf7, 0xee,
  0xff, 0xbf, 0xa0, 0x90, 0xbc, 0xbe, 0xff, 0xff, 0xde, 0xd4, 0xfd, 0xfb, 0xfd, 0xff, 0xfc, 0xf9,
  0xff, 0xff, 0xff, 0xff, 0xef, 0xd7, 0xe5, 0xe9, 0xdc, 0xe2, 0xe2, 0xde, 0xd8, 0xca, 0xb0, 0x7c,
  0xa0, 0xdf, 0xfd, 0xff, 0xff, 0xfc, 0xfd, 0xec, 0xe6, 0xf6, 0xfc, 0xfb, 0xfa, 0xfc, 0xff, 0xff,
  0xff, 0xff, 0xff, 0xfd, 0xfb, 0xf9, 0xf6, 0xf2, 0xeb, 0xf1, 0xf6, 0xf4, 0xf2, 0xf4, 0xf1, 0xf5,
  0xf4, 0xf9, 0xf4, 0xf6, 0xfa, 0xf9, 0xf6, 0xf7, 0xfb, 0xfc, 0xfc, 0xfd, 0xfc, 0xfa, 0xfc, 0xfc,
  0xfe, 0xfe, 0xfa, 0xf8, 0xf4, 0xf4, 0xf5, 0xf7, 0xfb, 0xf6, 0xeb, 0xed, 0xf4, 0xf8, 0xf7, 0xf2,
  0xe8, 0xea, 0xf0, 0xde, 0xe2, 0xe4, 0xcd, 0xce, 0xc7, 0xc1, 0xc7, 0xe0, 0xd6, 0xcf, 0xd5, 0x9e,
  0x9a, 0xb9, 0xd2, 0x9e, 0x81, 0x87, 0x93, 0x8b, 0x8e, 0x2e, 0x11, 0x10, 0x0a, 0x08, 0x04, 0x04,
  0x04, 0x09, 0x06, 0x00, 0x24, 0x19, 0x07, 0x01, 0x02, 0x02, 0x05, 0x0a, 0x0d, 0x1d, 0x02, 0x01,
  0x02, 0x00, 0x00, 0x00, 0x00, 0x00, 0x00, 0x00, 0x00, 0x00, 0x00, 0x00, 0x00, 0x00, 0x00, 0x00,
  0x01, 0x00, 0x00, 0x00, 0x00, 0x00, 0x00, 0x00, 0x00, 0x00, 0x00, 0x00, 0x00, 0x00, 0x00, 0x00,
  0x00, 0x00, 0x00, 0x00, 0x00, 0x00, 0x00, 0x00, 0x00, 0x00, 0x00, 0x00, 0x00, 0x00, 0x00, 0x00,
  0x00, 0x00, 0x00, 0x00, 0x00, 0x00, 0x00, 0x00, 0x00, 0x00, 0x00, 0x00, 0x00, 0x00, 0x00, 0x00,
  0x00, 0x00, 0x00, 0x00, 0x00, 0x00, 0x00, 0x00, 0x00, 0x00, 0x00, 0x00, 0x00, 0x00, 0x00, 0x00,
  0x00, 0x00, 0x00, 0x00, 0x00, 0x01, 0x00, 0x00, 0x00, 0x00, 0x00, 0x00, 0x00, 0x00, 0x00, 0x00,
  0x00, 0x0e, 0x36, 0x06, 0x0e, 0x3b, 0x2a, 0x01, 0x0b, 0x2a, 0x23, 0x22, 0x18, 0x46, 0x7e, 0x5b,
  0x8f, 0x9a, 0xa3, 0x98, 0x92, 0xfb, 0xfd, 0xf7, 0xf8, 0xf1, 0xf7, 0xe5, 0xf6, 0xff, 0xf9, 0xed,
  0xde, 0xc6, 0xe8, 0xff, 0xfc, 0xfd, 0xff, 0xf4, 0xfa, 0xfb, 0xf4, 0xf3, 0xf0, 0xd7, 0xc1, 0xe3,
  0xf0, 0xda, 0xd5, 0xd2, 0xcc, 0xbb, 0x95, 0x79, 0x90, 0xb4, 0xed, 0xff, 0xf8, 0xfb, 0xe9, 0xea,
  0xfe, 0xf4, 0xfd, 0xfc, 0xfc, 0xfb, 0xfa, 0xfa, 0xfe, 0xf2, 0xd1, 0xc9, 0xd5, 0xe2, 0xec, 0xf4,
  0xf4, 0xf3, 0xf1, 0xed, 0xed, 0xf1, 0xf2, 0xe7, 0xe2, 0xf2, 0xf1, 0xf1, 0xf1, 0xed, 0xf2, 0xf8,
  0xf0, 0xf9, 0xf9, 0xfb, 0xf8, 0xf9, 0xfc, 0xf9, 0xfb, 0xfb, 0xf6, 0xf4, 0xfd, 0xf7, 0xeb, 0xe7,
  0xef, 0xf5, 0xe5, 0xc8, 0xe8, 0xf1, 0xe6, 0xe2, 0xd3, 0xb8, 0xb4, 0xc9, 0xc5, 0xb6, 0xcb, 0xbb,
  0xb4, 0x8c, 0x9d, 0x9d, 0xa5, 0xcc, 0xcb, 0xba, 0xb3, 0xc5, 0xe9, 0x84, 0x5a, 0x6f, 0x3f, 0x54,
  0x93, 0x4f, 0x1f, 0x08, 0x0c, 0x10, 0x05, 0x02, 0x04, 0x05, 0x02, 0x08, 0x07, 0x02, 0x38, 0x1a,
  0x13, 0x11, 0x05, 0x01, 0x01, 0x02, 0x00, 0x00, 0x02, 0x00, 0x00, 0x00, 0x00, 0x00, 0x00, 0x00,
  0x00, 0x00, 0x00, 0x00, 0x00, 0x00, 0x00, 0x00, 0x00, 0x00, 0x00, 0x03, 0x01, 0x00, 0x00, 0x00,
  0x00, 0x00, 0x00, 0x00, 0x00, 0x00, 0x00, 0x00, 0x00, 0x00, 0x00, 0x00, 0x00, 0x00, 0x00, 0x00,
  0x00, 0x00, 0x00, 0x00, 0x00, 0x00, 0x00, 0x00, 0x00, 0x00, 0x00, 0x00, 0x00, 0x00, 0x00, 0x00,
  0x00, 0x00, 0x00, 0x00, 0x00, 0x00, 0x00, 0x00, 0x00, 0x00, 0x00, 0x00, 0x00, 0x00, 0x00, 0x00,
  0x00, 0x00, 0x00, 0x00, 0x00, 0x00, 0x00, 0x00, 0x00, 0x00, 0x00, 0x00, 0x00, 0x00, 0x00, 0x00,
  0x00, 0x00, 0x00, 0x00, 0x00, 0x00, 0x00, 0x00, 0x00, 0x00, 0x00, 0x08, 0x1b, 0x04, 0x04, 0x03,
  0x08, 0x04, 0x1d, 0x2c, 0x14, 0x2e, 0x1f, 0x4b, 0x77, 0x68, 0x5e, 0x7b, 0xc9, 0xda, 0x81, 0xa7,
  0xec, 0xfd, 0xf8, 0xf9, 0xf5, 0xf6, 0xa0, 0x96, 0xb1, 0xb8, 0xc7, 0xcc, 0xe8, 0xf5, 0xf6, 0xed,
  0xda, 0xc9, 0xd2, 0xce, 0xc2, 0xc7, 0xcc, 0xdc, 0xe5, 0xea, 0xca, 0xb7, 0xc9, 0xc9, 0xc7, 0x8d,
  0x8f, 0xd0, 0xf5, 0xff, 0xe0, 0xe7, 0xfb, 0xf5, 0xfd, 0xfd, 0xfb, 0xfc, 0xfa, 0xfc, 0xf6, 0xf5,
  0xfa, 0xf2, 0xf0, 0xd8, 0xb8, 0xb0, 0xbe, 0xdc, 0xe5, 0xe4, 0xdd, 0xd7, 0xd5, 0xcb, 0xe2, 0xe1,
  0xdb, 0xce, 0xca, 0xb9, 0xb7, 0xb4, 0xc8, 0xbe, 0xda, 0xe4, 0xec, 0xe3, 0xf3, 0xf9, 0xf8, 0xfa,
  0xfb, 0xfa, 0xf8, 0xfb, 0xf4, 0xeb, 0xf2, 0xe4, 0xd5, 0xda, 0xc2, 0xe5, 0xc7, 0xb6, 0xcc, 0xdc,
  0xc3, 0xcb, 0xc4, 0xb1, 0x98, 0x9d, 0x90, 0x84, 0x8d, 0xa2, 0xa1, 0x8a, 0x9b, 0xad, 0x9b, 0xc1,
  0x8f, 0x65, 0xae, 0x85, 0x91, 0x5b, 0x28, 0x31, 0x2c, 0x36, 0x2d, 0x25, 0x03, 0x07, 0x06, 0x05,
  0x07, 0x02, 0x02, 0x03, 0x06, 0x07, 0x01, 0x01, 0x06, 0x06, 0x0e, 0x08, 0x00, 0x00, 0x00, 0x02,
  0x01, 0x02, 0x00, 0x00, 0x02, 0x00, 0x00, 0x00, 0x00, 0x00, 0x00, 0x00, 0x00, 0x00, 0x00, 0x00,
  0x00, 0x00, 0x00, 0x00, 0x00, 0x08, 0x03, 0x00, 0x00, 0x00, 0x00, 0x00, 0x00, 0x00, 0x00, 0x00,
  0x00, 0x00, 0x00, 0x00, 0x00, 0x00, 0x00, 0x00, 0x00, 0x00, 0x00, 0x00, 0x00, 0x00, 0x00, 0x00,
  0x00, 0x00, 0x00, 0x00, 0x00, 0x00, 0x00, 0x00, 0x00, 0x00, 0x00, 0x00, 0x00, 0x00, 0x00, 0x00,
  0x00, 0x00, 0x00, 0x00, 0x00, 0x00, 0x00, 0x00, 0x00, 0x00, 0x00, 0x00, 0x00, 0x00, 0x00, 0x00,
  0x00, 0x00, 0x00, 0x00, 0x00, 0x00, 0x00, 0x00, 0x00, 0x00, 0x00, 0x00, 0x00, 0x00, 0x00, 0x00,
  0x00, 0x00, 0x00, 0x00, 0x00, 0x00, 0x02, 0x04, 0x01, 0x03, 0x00, 0x08, 0x2a, 0x13, 0x1d, 0x44,
  0x41, 0x69, 0xa8, 0x83, 0x8e, 0xb5, 0xe8, 0xaa, 0xaf, 0xe6, 0xc1, 0xde, 0xfd, 0xf6, 0xf8, 0xca,
  0x9c, 0xac, 0xb1, 0xe4, 0xf6, 0xff, 0xe6, 0xda, 0xdb, 0xec, 0xd0, 0xb6, 0x9d, 0xce, 0xc1, 0xae,
  0xa5, 0xa0, 0x86, 0x70, 0xa5, 0xad, 0xbb, 0xca, 0xe5, 0xf0, 0xf3, 0xff, 0xfb, 0xf8, 0xf3, 0xf5,
  0xfd, 0xf9, 0xf7, 0xfb, 0xfb, 0xfc, 0xf9, 0xfc, 0xd3, 0xc2, 0xe9, 0xd9, 0xd9, 0xd9, 0xda, 0xd3,
  0xbc, 0xaa, 0xb8, 0xbb, 0xba, 0x9b, 0x95, 0x98, 0xae, 0x87, 0x64, 0x60, 0x5c, 0x63, 0x6b, 0x8d,
  0xaa, 0xb8, 0xd7, 0xd8, 0xdf, 0xe0, 0xef, 0xf7, 0xf8, 0xef, 0xe1, 0xf1, 0xf2, 0xee, 0xe4, 0xcb,
  0xd2, 0xdc, 0xd9, 0xc6, 0x9e, 0xaf, 0xdd, 0xcd, 0xbb, 0x98, 0x82, 0xca, 0xc7, 0x9e, 0x93, 0x82,
  0x73, 0x71, 0x80, 0x64, 0x63, 0x6b, 0xa3, 0x77, 0x4e, 0x44, 0x2c, 0x5d, 0x56, 0x2f, 0x2a, 0x21,
  0x3a, 0x1d, 0x14, 0x13, 0x10, 0x33, 0x09, 0x05, 0x07, 0x03, 0x05, 0x00, 0x00, 0x00, 0x02, 0x02,
  0x03, 0x05, 0x01, 0x03, 0x03, 0x02, 0x00, 0x00, 0x02, 0x0c, 0x00, 0x00, 0x01, 0x01, 0x04, 0x00,
  0x00, 0x00, 0x00, 0x00, 0x00, 0x00, 0x00, 0x00, 0x00, 0x00, 0x00, 0x00, 0x00, 0x00, 0x00, 0x02,
  0x00, 0x00, 0x00, 0x00, 0x00, 0x00, 0x00, 0x00, 0x00, 0x00, 0x03, 0x01, 0x00, 0x00, 0x00, 0x00,
  0x00, 0x00, 0x00, 0x00, 0x00, 0x00, 0x00, 0x00, 0x00, 0x00, 0x00, 0x00, 0x00, 0x00, 0x00, 0x00,
  0x00, 0x00, 0x00, 0x00, 0x00, 0x00, 0x00, 0x00, 0x00, 0x00, 0x00, 0x00, 0x00, 0x00, 0x00, 0x00,
  0x00, 0x00, 0x00, 0x00, 0x00, 0x00, 0x00, 0x00, 0x00, 0x00, 0x00, 0x00, 0x00, 0x00, 0x00, 0x00,
  0x00, 0x00, 0x01, 0x01, 0x00, 0x00, 0x00, 0x00, 0x00, 0x00, 0x00, 0x00, 0x00, 0x00, 0x00, 0x00,
  0x01, 0x01, 0x02, 0x01, 0x02, 0x08, 0x0a, 0x07, 0x0d, 0x13, 0x1e, 0x31, 0x6a, 0x96, 0x6a, 0x63,
  0x9e, 0x96, 0xa5, 0xd5, 0xd5, 0xf7, 0xfc, 0xfb, 0xfb, 0xfb, 0xf9, 0xec, 0xfa, 0xff, 0xd6, 0xd4,
  0xf7, 0xf9, 0xe8, 0xb8, 0x81, 0x65, 0x52, 0x51, 0x40, 0x43, 0x44, 0x3f, 0x4d, 0x60, 0xae, 0xc9,
  0xd9, 0xe7, 0xf9, 0xfd, 0xfe, 0xf9, 0xfa, 0xf9, 0xfc, 0xfc, 0xfa, 0xfe, 0xff, 0xf9, 0xf9, 0xfb,
  0xf5, 0xf5, 0xf8, 0xed, 0xdb, 0xc4, 0xa6, 0x9d, 0x88, 0x98, 0xa6, 0x94, 0x84, 0x83, 0x81, 0x7d,
  0x70, 0x4b, 0x53, 0x55, 0x5a, 0x48, 0x57, 0xa4, 0xa8, 0xb6, 0xc0, 0xb7, 0xd8, 0xe4, 0xef, 0xe7,
  0xde, 0xde, 0xe8, 0xe6, 0xd4, 0xc9, 0xc7, 0xc9, 0xbb, 0xbe, 0xb9, 0xbe, 0xbc, 0xaf, 0x95, 0x68,
  0x87, 0x7d, 0x95, 0x9b, 0x8d, 0xbc, 0x94, 0x77, 0x8f, 0x76, 0x48, 0x5e, 0x5a, 0x4e, 0x52, 0x6b,
  0x5b, 0x38, 0x3d, 0x35, 0x1b, 0x16, 0x07, 0x14, 0x1c, 0x0a, 0x2b, 0x13, 0x0b, 0x0e, 0x0e, 0x21,
  0x0c, 0x04, 0x08, 0x19, 0x0b, 0x00, 0x02, 0x03, 0x03, 0x01, 0x00, 0x00, 0x02, 0x03, 0x01, 0x01,
  0x00, 0x00, 0x03, 0x04, 0x05, 0x00, 0x00, 0x04, 0x04, 0x00, 0x00, 0x00, 0x00, 0x00, 0x00, 0x00,
  0x00, 0x00, 0x00, 0x00, 0x00, 0x00, 0x00, 0x00, 0x00, 0x00, 0x00, 0x00, 0x00, 0x00, 0x00, 0x00,
  0x00, 0x00, 0x00, 0x00, 0x03, 0x01, 0x00, 0x00, 0x00, 0x00, 0x00, 0x00, 0x00, 0x00, 0x00, 0x00,
  0x00, 0x00, 0x00, 0x00, 0x00, 0x00, 0x00, 0x00, 0x00, 0x00, 0x00, 0x00, 0x00, 0x00, 0x00, 0x00,
  0x00, 0x00, 0x00, 0x00, 0x00, 0x00, 0x00, 0x00, 0x00, 0x00, 0x00, 0x00, 0x00, 0x00, 0x00, 0x00,
  0x00, 0x00, 0x00, 0x00, 0x00, 0x00, 0x00, 0x00, 0x00, 0x00, 0x00, 0x00, 0x00, 0x00, 0x00, 0x00,
  0x00, 0x03, 0x00, 0x00, 0x00, 0x00, 0x00, 0x02, 0x00, 0x00, 0x03, 0x03, 0x07, 0x05, 0x01, 0x01,
  0x06, 0x03, 0x04, 0x15, 0x0a, 0x0a, 0x1d, 0x41, 0x4f, 0x75, 0x7f, 0xab, 0xbd, 0xce, 0xce, 0xc4,
  0xf9, 0xff, 0xe5, 0xe0, 0xed, 0xfb, 0xf9, 0x8d, 0x59, 0xa0, 0x93, 0x73, 0x44, 0x41, 0x40, 0x3e,
  0x50, 0x39, 0x2e, 0x6e, 0x57, 0x57, 0x8c, 0xa8, 0xa9, 0xbb, 0xcc, 0xf3, 0xff, 0xf8, 0xf7, 0xfa,
  0xff, 0xff, 0xff, 0xff, 0xff, 0xe9, 0xdd, 0xd3, 0xdb, 0xe5, 0xd3, 0xcc, 0xd4, 0xbd, 0xab, 0x92,
  0x91, 0x9f, 0x81, 0x7d, 0x7b, 0x6d, 0x60, 0x47, 0x48, 0x40, 0x19, 0x1b, 0x3c, 0x4c, 0x50, 0x3d,
  0x49, 0x7c, 0x78, 0x87, 0xb4, 0xc9, 0xb2, 0xcc, 0xd2, 0xb7, 0xa2, 0xcf, 0xd7, 0xc4, 0xa4, 0x7e,
  0xba, 0xc1, 0xb6, 0xb5, 0xc3, 0xd7, 0xb5, 0x8e, 0x85, 0x61, 0x99, 0xc7, 0x9f, 0xa4, 0x93, 0x98,
  0x94, 0x88, 0x81, 0x77, 0x48, 0xa1, 0xac, 0x89, 0x80, 0x67, 0x4b, 0x59, 0x42, 0x1c, 0x16, 0x35,
  0x5b, 0x1f, 0x0a, 0x14, 0x08, 0x00, 0x01, 0x04, 0x0c, 0x42, 0x52, 0x07, 0x23, 0x43, 0x49, 0x18,
  0x0a, 0x00, 0x07, 0x05, 0x00, 0x00, 0x00, 0x00, 0x00, 0x00, 0x00, 0x00, 0x03, 0x00, 0x78, 0x5f,
  0x00, 0x04, 0x01, 0x00, 0x00, 0x00, 0x00, 0x00, 0x00, 0x00, 0x00, 0x00, 0x00, 0x00, 0x00, 0x00,
  0x00, 0x00, 0x00, 0x00, 0x00, 0x00, 0x00, 0x00, 0x00, 0x00, 0x00, 0x00, 0x00, 0x00, 0x00, 0x00,
  0x00, 0x00, 0x00, 0x00, 0x00, 0x00, 0x00, 0x00, 0x00, 0x00, 0x00, 0x00, 0x00, 0x00, 0x00, 0x00,
  0x00, 0x00, 0x00, 0x00, 0x00, 0x00, 0x00, 0x00, 0x00, 0x00, 0x00, 0x00, 0x00, 0x00, 0x00, 0x00,
  0x00, 0x00, 0x00, 0x00, 0x00, 0x00, 0x00, 0x00, 0x00, 0x00, 0x00, 0x00, 0x00, 0x00, 0x00, 0x00,
  0x00, 0x00, 0x01, 0x02, 0x01, 0x0d, 0x4c, 0x23, 0x00, 0x02, 0x00, 0x03, 0x01, 0x01, 0x01, 0x00,
  0x00, 0x01, 0x00, 0x00, 0x03, 0x05, 0x00, 0x03, 0x07, 0x02, 0x05, 0x10, 0x13, 0x10, 0x14, 0x2b,
  0x2f, 0x60, 0xb0, 0x76, 0x9f, 0x9d, 0xb4, 0xcc, 0xc9, 0x7f, 0x96, 0x81, 0xb0, 0xa4, 0xb7, 0x95,
  0x5e, 0x76, 0x6b, 0x98, 0xb5, 0xcd, 0xd9, 0xc8, 0x65, 0x45, 0x27, 0x04, 0x16, 0x4e, 0x56, 0xb3,
  0xe8, 0xf2, 0xfa, 0xff, 0xff, 0xff, 0xfd, 0xff, 0xff, 0xff, 0xe4, 0xda, 0x8d, 0x6e, 0x97, 0x7e,
  0x71, 0xc5, 0xda, 0xd0, 0xd1, 0xbe, 0x8f, 0x66, 0x65, 0x5a, 0x52, 0x58, 0x5f, 0x53, 0x3c, 0x2d,
  0x26, 0x41, 0x3c, 0x30, 0x1c, 0x21, 0x31, 0x35, 0x25, 0x32, 0x34, 0x5f, 0x8a, 0x99, 0x77, 0x5b,
  0x91, 0xbc, 0xc5, 0xce, 0xd4, 0xcc, 0xa7, 0x8a, 0x8b, 0x7b, 0x96, 0xa2, 0x9c, 0x99, 0x7e, 0x6e,
  0x75, 0x59, 0x58, 0x3c, 0x76, 0x8a, 0x47, 0x20, 0x2f, 0x37, 0x47, 0x52, 0x4e, 0x52, 0x46, 0x8e,
  0x9e, 0x57, 0x22, 0x28, 0x1d, 0x1b, 0x12, 0x0e, 0x0a, 0x32, 0xa4, 0x20, 0x04, 0x06, 0x00, 0x00,
  0x02, 0x03, 0x04, 0x79, 0x8b, 0x23, 0x2d, 0x38, 0x46, 0x0b, 0x1a, 0x37, 0x1c, 0x07, 0x01, 0x01,
  0x01, 0x01, 0x00, 0x00, 0x00, 0x01, 0x03, 0x00, 0x6f, 0x86, 0x00, 0x04, 0x00, 0x00, 0x00, 0x00,
  0x00, 0x00, 0x00, 0x00, 0x00, 0x00, 0x00, 0x00, 0x00, 0x00, 0x00, 0x00, 0x00, 0x00, 0x00, 0x00,
  0x00, 0x00, 0x00, 0x00, 0x00, 0x00, 0x03, 0x01, 0x00, 0x00, 0x00, 0x00, 0x00, 0x00, 0x00, 0x00,
  0x00, 0x00, 0x00, 0x00, 0x00, 0x00, 0x00, 0x00, 0x00, 0x00, 0x00, 0x00, 0x00, 0x00, 0x00, 0x00,
  0x00, 0x00, 0x00, 0x00, 0x00, 0x00, 0x00, 0x00, 0x00, 0x00, 0x00, 0x00, 0x00, 0x00, 0x00, 0x00,
  0x00, 0x00, 0x00, 0x00, 0x00, 0x00, 0x00, 0x00, 0x00, 0x00, 0x00, 0x00, 0x01, 0x01, 0x02, 0x03,
  0x1d, 0x13, 0x02, 0x02, 0x00, 0x00, 0x00, 0x00, 0x00, 0x00, 0x00, 0x00, 0x00, 0x00, 0x05, 0x13,
  0x4c, 0x1b, 0x14, 0x22, 0x08, 0x45, 0x78, 0x31, 0x20, 0x67, 0x82, 0x83, 0x66, 0x67, 0xa7, 0xb2,
  0xb2, 0xc0, 0xb8, 0x6c, 0x4f, 0x9d, 0xc3, 0xc9, 0xce, 0x83, 0xb8, 0xed, 0xcc, 0xbb, 0xb5, 0xb4,
  0x9c, 0x75, 0x00, 0x00, 0x23, 0x7c, 0xbb, 0xfe, 0xff, 0xff, 0xff, 0xfd, 0xff, 0xff, 0xff, 0xff,
  0xfc, 0xd6, 0x96, 0x80, 0x67, 0x87, 0x6b, 0x55, 0x69, 0x80, 0xa8, 0xaa, 0x95, 0x91, 0x96, 0x6e,
  0x57, 0x41, 0x3b, 0x2e, 0x2a, 0x29, 0x2d, 0x2b, 0x22, 0x1d, 0x16, 0x15, 0x19, 0x1c, 0x0d, 0x17,
  0x22, 0x24, 0x1b, 0x10, 0x29, 0x5f, 0x63, 0x61, 0x57, 0x47, 0x75, 0xa0, 0x89, 0x7f, 0x8b, 0x86,
  0x74, 0x85, 0x81, 0x73, 0x75, 0x9a, 0x6b, 0x58, 0x55, 0x63, 0x4e, 0x3f, 0x3d, 0x41, 0x2c, 0x1a,
  0x17, 0x13, 0x15, 0x1f, 0x2a, 0x2c, 0x34, 0x57, 0x22, 0x2c, 0x22, 0x10, 0x00, 0x0b, 0x18, 0x0d,
  0x0f, 0x0e, 0x09, 0x02, 0x43, 0x21, 0x00, 0x01, 0x00, 0x00, 0x01, 0x01, 0x06, 0x24, 0x20, 0x30,
  0x59, 0x8a, 0x6e, 0x11, 0x34, 0x87, 0x42, 0x06, 0x04, 0x04, 0x00, 0x00, 0x00, 0x00, 0x00, 0x00,
  0x00, 0x01, 0x09, 0x19, 0x00, 0x03, 0x02, 0x00, 0x00, 0x00, 0x00, 0x00, 0x00, 0x00, 0x00, 0x00,
  0x00, 0x00, 0x00, 0x00, 0x00, 0x00, 0x00, 0x00, 0x00, 0x00, 0x00, 0x00, 0x00, 0x02, 0x00, 0x00,
  0x02, 0x01, 0x00, 0x00, 0x00, 0x00, 0x00, 0x00, 0x00, 0x01, 0x00, 0x00, 0x00, 0x00, 0x00, 0x00,
  0x00, 0x00, 0x00, 0x00, 0x00, 0x00, 0x00, 0x00, 0x00, 0x00, 0x00, 0x00, 0x00, 0x00, 0x00, 0x00,
  0x00, 0x00, 0x00, 0x00, 0x00, 0x00, 0x00, 0x00, 0x00, 0x00, 0x00, 0x00, 0x00, 0x00, 0x00, 0x00,
  0x00, 0x00, 0x00, 0x00, 0x00, 0x00, 0x00, 0x00, 0x00, 0x00, 0x00, 0x00, 0x01, 0x02, 0x00, 0x00,
  0x00, 0x00, 0x00, 0x00, 0x00, 0x00, 0x00, 0x01, 0x04, 0x09, 0x31, 0x0f, 0x08, 0x12, 0x0f, 0x24,
  0x3e, 0x38, 0x32, 0x4b, 0x67, 0x83, 0x98, 0x79, 0x65, 0x7d, 0x7e, 0xa3, 0x8d, 0x86, 0xa1, 0x9b,
  0x98, 0x7b, 0x5f, 0x9c, 0xc1, 0xc8, 0xba, 0x7d, 0x44, 0x2d, 0x00, 0x0e, 0x74, 0xb2, 0xed, 0xff,
  0xff, 0xfb, 0xfa, 0xfa, 0xf9, 0xff, 0xe6, 0xd5, 0xa9, 0x98, 0xa3, 0x7d, 0x75, 0x86, 0xb4, 0xcc,
  0x85, 0x87, 0x90, 0x77, 0x5e, 0x5b, 0x57, 0x60, 0x65, 0x47, 0x4c, 0x3c, 0x33, 0x26, 0x1a, 0x1d,
  0x22, 0x1b, 0x15, 0x10, 0x10, 0x10, 0x2a, 0x21, 0x09, 0x18, 0x14, 0x10, 0x11, 0x07, 0x15, 0x4a,
  0x35, 0x43, 0x3a, 0x39, 0x52, 0x5d, 0x56, 0x34, 0x45, 0x5b, 0x67, 0x5d, 0x45, 0x37, 0x4b, 0x6c,
  0x6a, 0x4d, 0x45, 0x6c, 0x4c, 0x27, 0x16, 0x0f, 0x18, 0x20, 0x1e, 0x15, 0x1d, 0x27, 0x20, 0x29,
  0x13, 0x0d, 0x12, 0x25, 0x1f, 0x07, 0x04, 0x05, 0x07, 0x01, 0x02, 0x06, 0x02, 0x02, 0x02, 0x00,
  0x03, 0x00, 0x00, 0x00, 0x03, 0x01, 0x0f, 0x03, 0x04, 0x0c, 0x34, 0x7d, 0x91, 0x4d, 0x25, 0x39,
  0x28, 0x0c, 0x01, 0x01, 0x04, 0x05, 0x04, 0x02, 0x00, 0x00, 0x00, 0x00, 0x00, 0x00, 0x00, 0x03,
  0x01, 0x00, 0x00, 0x00, 0x00, 0x00, 0x00, 0x00, 0x00, 0x00, 0x00, 0x00, 0x00, 0x00, 0x00, 0x00,
  0x00, 0x00, 0x00, 0x00, 0x00, 0x00, 0x00, 0x01, 0x00, 0x00, 0x00, 0x00, 0x00, 0x00, 0x00, 0x00,
  0x00, 0x00, 0x00, 0x00, 0x00, 0x00, 0x00, 0x00, 0x00, 0x00, 0x00, 0x00, 0x00, 0x00, 0x00, 0x00,
  0x00, 0x00, 0x00, 0x00, 0x00, 0x00, 0x00, 0x00, 0x00, 0x00, 0x00, 0x00, 0x00, 0x00, 0x00, 0x00,
  0x00, 0x00, 0x00, 0x00, 0x00, 0x00, 0x00, 0x00, 0x00, 0x00, 0x00, 0x00, 0x00, 0x00, 0x00, 0x00,
  0x00, 0x00, 0x00, 0x00, 0x01, 0x01, 0x00, 0x00, 0x00, 0x00, 0x00, 0x00, 0x00, 0x00, 0x00, 0x00,
  0x00, 0x01, 0x03, 0x06, 0x00, 0x01, 0x06, 0x01, 0x0b, 0x1a, 0x21, 0x2a, 0x38, 0x4a, 0x5d, 0x63,
  0x6d, 0x41, 0x53, 0x6f, 0x6b, 0x7f, 0x9e, 0x83, 0x5a, 0x62, 0x78, 0x8e, 0xbb, 0xff, 0xe3, 0xfc,
  0xdc, 0x90, 0x9a, 0x31, 0x2f, 0xb0, 0xff, 0xff, 0xfa, 0xea, 0xff, 0xff, 0xff, 0xfd, 0xfe, 0xe2,
  0x93, 0x64, 0x84, 0xaf, 0xcd, 0xa8, 0xb4, 0xb8, 0x9d, 0x83, 0x6e, 0x5d, 0x67, 0x61, 0x55, 0x61,
  0x4c, 0x61, 0x46, 0x29, 0x1e, 0x25, 0x1f, 0x1d, 0x0e, 0x13, 0x0f, 0x0c, 0x0f, 0x0c, 0x08, 0x0a,
  0x35, 0x22, 0x09, 0x06, 0x08, 0x0c, 0x11, 0x0b, 0x0a, 0x2d, 0x32, 0x1c, 0x2f, 0x3c, 0x2c, 0x32,
  0x2d, 0x29, 0x2a, 0x39, 0x4f, 0x5f, 0x4c, 0x32, 0x48, 0x64, 0x77, 0x5c, 0x3d, 0x26, 0x15, 0x07,
  0x13, 0x0b, 0x10, 0x16, 0x0c, 0x1b, 0x1c, 0x1b, 0x0b, 0x0e, 0x05, 0x01, 0x0a, 0x0c, 0x07, 0x04,
  0x04, 0x03, 0x00, 0x00, 0x00, 0x04, 0x00, 0x00, 0x01, 0x01, 0x06, 0x05, 0x05, 0x04, 0x02, 0x02,
  0x20, 0x14, 0x0a, 0x0c, 0x22, 0x4a, 0x84, 0x8b, 0x3b, 0x45, 0x40, 0x0b, 0x00, 0x03, 0x05, 0x08,
  0x05, 0x00, 0x00, 0x00, 0x00, 0x00, 0x00, 0x01, 0x01, 0x00, 0x00, 0x00, 0x00, 0x00, 0x00, 0x00,
  0x00, 0x00, 0x00, 0x00, 0x00, 0x00, 0x00, 0x00, 0x00, 0x00, 0x00, 0x00, 0x00, 0x00, 0x00, 0x00,
  0x00, 0x00, 0x00, 0x00, 0x00, 0x00, 0x00, 0x00, 0x00, 0x00, 0x00, 0x00, 0x00, 0x00, 0x00, 0x00,
  0x00, 0x00, 0x00, 0x00, 0x00, 0x00, 0x00, 0x00, 0x00, 0x00, 0x00, 0x00, 0x00, 0x00, 0x00, 0x00,
  0x00, 0x00, 0x00, 0x00, 0x00, 0x00, 0x00, 0x00, 0x00, 0x00, 0x00, 0x00, 0x00, 0x00, 0x00, 0x00,
  0x00, 0x00, 0x00, 0x00, 0x00, 0x00, 0x00, 0x00, 0x00, 0x00, 0x00, 0x00, 0x00, 0x00, 0x00, 0x00,
  0x00, 0x00, 0x00, 0x00, 0x00, 0x00, 0x00, 0x00, 0x00, 0x04, 0x01, 0x00, 0x00, 0x01, 0x01, 0x00,
  0x03, 0x08, 0x0c, 0x15, 0x2a, 0x26, 0x14, 0x22, 0x41, 0x49, 0x20, 0x32, 0x4d, 0x67, 0x7e, 0x92,
  0xbc, 0xa1, 0xa2, 0x8d, 0x79, 0xc3, 0xe5, 0xb6, 0xb4, 0xd7, 0xd2, 0xaa, 0x9e, 0x8c, 0xd0, 0xff,
  0xfc, 0xff, 0xff, 0xf3, 0xd8, 0xdc, 0xbe, 0xb5, 0xa8, 0x94, 0x7e, 0x81, 0x86, 0x83, 0x84, 0x6a,
  0x6f, 0x53, 0x48, 0x50, 0x21, 0x27, 0x3d, 0x4a, 0x40, 0x1e, 0x17, 0x1b, 0x0b, 0x10, 0x0d, 0x06,
  0x06, 0x07, 0x05, 0x07, 0x07, 0x08, 0x0e, 0x0a, 0x04, 0x07, 0x15, 0x0b, 0x05, 0x04, 0x08, 0x0e,
  0x0b, 0x0c, 0x15, 0x29, 0x22, 0x12, 0x3e, 0x2f, 0x1e, 0x1c, 0x21, 0x23, 0x1c, 0x28, 0x34, 0x4d,
  0x41, 0x20, 0x17, 0x17, 0x0b, 0x15, 0x13, 0x09, 0x0a, 0x09, 0x08, 0x04, 0x03, 0x0a, 0x19, 0x5f,
  0x2b, 0x0e, 0x0f, 0x18, 0x16, 0x09, 0x03, 0x02, 0x00, 0x01, 0x00, 0x00, 0x00, 0x01, 0x01, 0x00,
  0x00, 0x00, 0x00, 0x00, 0x01, 0x01, 0x24, 0x27, 0x01, 0x01, 0x06, 0x03, 0x01, 0x05, 0x04, 0x15,
  0x3c, 0x79, 0x45, 0x28, 0x1c, 0x10, 0x05, 0x06, 0x00, 0x00, 0x00, 0x00, 0x00, 0x00, 0x00, 0x00,
  0x00, 0x00, 0x00, 0x00, 0x00, 0x00, 0x00, 0x00, 0x00, 0x00, 0x00, 0x00, 0x00, 0x00, 0x00, 0x00,
  0x00, 0x00, 0x00, 0x00, 0x00, 0x00, 0x00, 0x00, 0x00, 0x00, 0x00, 0x00, 0x00, 0x00, 0x00, 0x00,
  0x00, 0x00, 0x00, 0x00, 0x00, 0x00, 0x00, 0x00, 0x00, 0x00, 0x00, 0x00, 0x00, 0x00, 0x00, 0x00,
  0x00, 0x00, 0x00, 0x00, 0x00, 0x00, 0x00, 0x00, 0x00, 0x00, 0x00, 0x00, 0x00, 0x00, 0x00, 0x00,
  0x00, 0x00, 0x00, 0x00, 0x00, 0x00, 0x00, 0x00, 0x00, 0x00, 0x00, 0x00, 0x00, 0x00, 0x00, 0x00,
  0x00, 0x00, 0x00, 0x00, 0x00, 0x00, 0x00, 0x00, 0x00, 0x00, 0x00, 0x00, 0x00, 0x00, 0x00, 0x00,
  0x00, 0x00, 0x01, 0x03, 0x02, 0x01, 0x00, 0x00, 0x02, 0x05, 0x0b, 0x1d, 0x2e, 0x23, 0x1c, 0x17,
  0x12, 0x21, 0x27, 0x24, 0x32, 0x50, 0x7b, 0x73, 0x93, 0xb3, 0xb7, 0xb8, 0xb1, 0x81, 0x71, 0xa0,
  0xbf, 0xb1, 0xb6, 0xb7, 0xad, 0x93, 0xc0, 0xe6, 0xfe, 0xf7, 0xdd, 0xa5, 0x9a, 0xa7, 0x9f, 0x8b,
  0x82, 0x8c, 0x7f, 0x78, 0x66, 0x58, 0x4e, 0x73, 0x6b, 0x47, 0x4e, 0x4b, 0x5e, 0x34, 0x1b, 0x23,
  0x20, 0x13, 0x17, 0x0b, 0x0d, 0x0f, 0x15, 0x0e, 0x0c, 0x07, 0x02, 0x01, 0x01, 0x04, 0x04, 0x04,
  0x03, 0x06, 0x04, 0x02, 0x18, 0x0b, 0x09, 0x09, 0x02, 0x06, 0x04, 0x04, 0x09, 0x0d, 0x23, 0x12,
  0x2b, 0x27, 0x17, 0x4e, 0x41, 0x18, 0x13, 0x21, 0x13, 0x0f, 0x0a, 0x0b, 0x0b, 0x08, 0x08, 0x04,
  0x05, 0x04, 0x04, 0x0d, 0x07, 0x00, 0x0a, 0x0d, 0x07, 0x00, 0x00, 0x03, 0x01, 0x03, 0x00, 0x05,
  0x04, 0x01, 0x01, 0x00, 0x00, 0x00, 0x00, 0x01, 0x01, 0x00, 0x00, 0x00, 0x00, 0x00, 0x00, 0x00,
  0x00, 0x04, 0x03, 0x01, 0x00, 0x00, 0x00, 0x00, 0x04, 0x09, 0x0c, 0x4c, 0x53, 0x38, 0x1b, 0x0b,
  0x00, 0x02, 0x00, 0x02, 0x00, 0x00, 0x00, 0x00, 0x00, 0x00, 0x00, 0x00, 0x00, 0x00, 0x00, 0x00,
  0x00, 0x00, 0x00, 0x00, 0x00, 0x00, 0x00, 0x00, 0x00, 0x00, 0x00, 0x00, 0x00, 0x00, 0x00, 0x00,
  0x00, 0x00, 0x00, 0x00, 0x00, 0x00, 0x00, 0x00, 0x00, 0x00, 0x00, 0x00, 0x00, 0x00, 0x00, 0x00,
  0x00, 0x00, 0x00, 0x00, 0x00, 0x00, 0x00, 0x00, 0x00, 0x00, 0x00, 0x00, 0x00, 0x00, 0x00, 0x00,
  0x00, 0x00, 0x00, 0x00, 0x00, 0x00, 0x00, 0x00, 0x00, 0x00, 0x00, 0x00, 0x00, 0x00, 0x00, 0x00,
  0x00, 0x00, 0x00, 0x00, 0x00, 0x00, 0x00, 0x00, 0x00, 0x00, 0x00, 0x00, 0x00, 0x00, 0x00, 0x00,
  0x00, 0x00, 0x00, 0x00, 0x00, 0x00, 0x00, 0x00, 0x02, 0x0e, 0x0c, 0x00, 0x02, 0x00, 0x00, 0x00,
  0x00, 0x01, 0x02, 0x0d, 0x0f, 0x2a, 0x29, 0x0e, 0x10, 0x0b, 0x16, 0x2b, 0x25, 0x37, 0x33, 0x5e,
  0x88, 0x77, 0x77, 0x93, 0x72, 0x63, 0x7a, 0x7d, 0x84, 0x88, 0x9f, 0x95, 0x9b, 0xb7, 0xde, 0xf1,
  0xee, 0xf0, 0xd5, 0xa7, 0x77, 0x6a, 0x85, 0x9f, 0x85, 0x80, 0x83, 0x73, 0x6c, 0x70, 0x4d, 0x50,
  0x51, 0x6f, 0x6a, 0x31, 0x2c, 0x2e, 0x2f, 0x1b, 0x0f, 0x18, 0x16, 0x0c, 0x0f, 0x08, 0x08, 0x0f,
  0x03, 0x04, 0x06, 0x02, 0x00, 0x00, 0x00, 0x00, 0x03, 0x03, 0x02, 0x00, 0x00, 0x13, 0x14, 0x11,
  0x00, 0x03, 0x01, 0x07, 0x00, 0x03, 0x18, 0x00, 0x0b, 0x06, 0x0a, 0x0c, 0x0f, 0x1f, 0x13, 0x08,
  0x09, 0x13, 0x09, 0x06, 0x06, 0x03, 0x05, 0x08, 0x0b, 0x00, 0x01, 0x02, 0x00, 0x00, 0x01, 0x00,
  0x03, 0x0b, 0x0e, 0x09, 0x04, 0x06, 0x00, 0x00, 0x02, 0x02, 0x02, 0x00, 0x00, 0x00, 0x00, 0x00,
  0x01, 0x00, 0x00, 0x00, 0x00, 0x00, 0x00, 0x00, 0x00, 0x00, 0x01, 0x00, 0x00, 0x00, 0x00, 0x00,
  0x00, 0x00, 0x00, 0x00, 0x0e, 0x3b, 0x3f, 0x7f, 0x4b, 0x25, 0x2b, 0x02, 0x00, 0x00, 0x00, 0x00,
  0x00, 0x00, 0x00, 0x00, 0x00, 0x00, 0x00, 0x00, 0x00, 0x00, 0x00, 0x00, 0x00, 0x00, 0x00, 0x00,
  0x00, 0x00, 0x00, 0x00, 0x00, 0x00, 0x00, 0x00, 0x00, 0x00, 0x00, 0x00, 0x00, 0x00, 0x00, 0x00,
  0x00, 0x00, 0x00, 0x00, 0x00, 0x00, 0x00, 0x00, 0x00, 0x00, 0x00, 0x00, 0x00, 0x00, 0x00, 0x00,
  0x00, 0x00, 0x00, 0x00, 0x00, 0x00, 0x00, 0x00, 0x00, 0x00, 0x00, 0x00, 0x00, 0x00, 0x00, 0x00,
  0x00, 0x00, 0x00, 0x00, 0x00, 0x00, 0x00, 0x00, 0x00, 0x00, 0x00, 0x00, 0x00, 0x00, 0x00, 0x00,
  0x00, 0x00, 0x00, 0x00, 0x00, 0x00, 0x00, 0x00, 0x00, 0x00, 0x00, 0x00, 0x00, 0x01, 0x00, 0x00,
  0x00, 0x01, 0x02, 0x0b, 0x0a, 0x00, 0x00, 0x01, 0x02, 0x03, 0x05, 0x03, 0x07, 0x17, 0x14, 0x03,
  0x03, 0x03, 0x04, 0x03, 0x11, 0x22, 0x2e, 0x39, 0x51, 0x3f, 0x35, 0x41, 0x40, 0x39, 0x4c, 0x67,
  0x56, 0x72, 0x7c, 0x85, 0xb3, 0xc1, 0xe7, 0xf4, 0xe7, 0xc4, 0x94, 0x83, 0x88, 0xb8, 0xa6, 0xa7,
  0x95, 0x83, 0x6e, 0x6a, 0x67, 0x64, 0x59, 0x61, 0x5c, 0x28, 0x24, 0x2b, 0x1d, 0x14, 0x10, 0x10,
  0x0a, 0x05, 0x03, 0x1a, 0x1f, 0x02, 0x08, 0x06, 0x01, 0x07, 0x01, 0x00, 0x03, 0x00, 0x00, 0x01,
  0x01, 0x00, 0x02, 0x05, 0x0c, 0x08, 0x07, 0x21, 0x2a, 0x2f, 0x2e, 0x05, 0x01, 0x07, 0x02, 0x0f,
  0x1e, 0x01, 0x02, 0x02, 0x00, 0x00, 0x0f, 0x0c, 0x02, 0x01, 0x02, 0x03, 0x03, 0x08, 0x03, 0x00,
  0x01, 0x02, 0x00, 0x00, 0x00, 0x00, 0x00, 0x00, 0x00, 0x00, 0x03, 0x00, 0x01, 0x01, 0x13, 0x22,
  0x01, 0x02, 0x01, 0x01, 0x00, 0x00, 0x03, 0x00, 0x00, 0x00, 0x00, 0x00, 0x00, 0x00, 0x00, 0x00,
  0x00, 0x00, 0x00, 0x00, 0x00, 0x00, 0x00, 0x00, 0x00, 0x01, 0x00, 0x00, 0x01, 0x00, 0x14, 0x43,
  0x41, 0x77, 0x62, 0x26, 0x3c, 0x03, 0x00, 0x00, 0x00, 0x00, 0x00, 0x00, 0x00, 0x00, 0x00, 0x00,
  0x00, 0x00, 0x00, 0x00, 0x00, 0x00, 0x00, 0x00, 0x00, 0x00, 0x00, 0x00, 0x00, 0x00, 0x00, 0x00,
  0x00, 0x00, 0x00, 0x00, 0x00, 0x00, 0x00, 0x00, 0x00, 0x00, 0x00, 0x00, 0x00, 0x00, 0x00, 0x00,
  0x00, 0x00, 0x00, 0x00, 0x00, 0x00, 0x00, 0x00, 0x00, 0x00, 0x00, 0x00, 0x00, 0x00, 0x00, 0x00,
  0x00, 0x00, 0x00, 0x00, 0x00, 0x00, 0x00, 0x00, 0x00, 0x00, 0x00, 0x00, 0x00, 0x00, 0x00, 0x00,
  0x00, 0x00, 0x00, 0x00, 0x00, 0x00, 0x00, 0x00, 0x00, 0x00, 0x00, 0x00, 0x00, 0x00, 0x00, 0x00,
  0x00, 0x00, 0x00, 0x00, 0x00, 0x00, 0x00, 0x02, 0x00, 0x00, 0x00, 0x00, 0x00, 0x00, 0x00, 0x00,
  0x00, 0x01, 0x00, 0x02, 0x0a, 0x01, 0x05, 0x0d, 0x07, 0x01, 0x02, 0x0a, 0x10, 0x0b, 0x19, 0x1c,
  0x3c, 0x37, 0x3e, 0x38, 0x30, 0x35, 0x3b, 0x4b, 0x59, 0x55, 0x55, 0x83, 0xb5, 0xda, 0xe9, 0xd5,
  0xbf, 0x99, 0x85, 0x74, 0x69, 0x87, 0x87, 0x9f, 0x96, 0xa9, 0xc0, 0xbd, 0xa7, 0x88, 0x61, 0x5f,
  0x46, 0x3f, 0x21, 0x10, 0x15, 0x0d, 0x05, 0x11, 0x08, 0x09, 0x04, 0x02, 0x01, 0x09, 0x0b, 0x06,
  0x01, 0x01, 0x07, 0x08, 0x01, 0x02, 0x00, 0x00, 0x00, 0x01, 0x01, 0x00, 0x00, 0x01, 0x07, 0x0f,
  0x04, 0x1d, 0x3a, 0x4f, 0x77, 0x20, 0x03, 0x0f, 0x05, 0x1b, 0x24, 0x00, 0x01, 0x04, 0x00, 0x00,
  0x02, 0x09, 0x05, 0x01, 0x02, 0x00, 0x00, 0x01, 0x03, 0x01, 0x0b, 0x07, 0x03, 0x02, 0x00, 0x00,
  0x00, 0x00, 0x00, 0x00, 0x00, 0x01, 0x00, 0x02, 0x04, 0x01, 0x00, 0x00, 0x00, 0x01, 0x08, 0x05,
  0x29, 0x0e, 0x00, 0x00, 0x00, 0x00, 0x00, 0x00, 0x00, 0x00, 0x00, 0x00, 0x00, 0x00, 0x00, 0x00,
  0x00, 0x00, 0x00, 0x00, 0x00, 0x01, 0x01, 0x00, 0x08, 0x1d, 0x16, 0x11, 0x09, 0x05, 0x00, 0x00,
  0x00, 0x00, 0x00, 0x00, 0x00, 0x00, 0x00, 0x00, 0x00, 0x00, 0x00, 0x00, 0x00, 0x00, 0x00, 0x00,
  0x00, 0x01, 0x01, 0x00, 0x00, 0x00, 0x00, 0x00, 0x00, 0x00, 0x00, 0x00, 0x00, 0x00, 0x00, 0x00,
  0x00, 0x00, 0x00, 0x00, 0x00, 0x00, 0x00, 0x00, 0x00, 0x00, 0x00, 0x00, 0x00, 0x00, 0x00, 0x00,
  0x00, 0x00, 0x00, 0x00, 0x00, 0x00, 0x00, 0x00, 0x00, 0x00, 0x00, 0x00, 0x00, 0x00, 0x00, 0x00,
  0x00, 0x00, 0x00, 0x00, 0x00, 0x00, 0x00, 0x00, 0x00, 0x00, 0x00, 0x00, 0x00, 0x00, 0x00, 0x00,
  0x00, 0x00, 0x00, 0x00, 0x00, 0x01, 0x00, 0x00, 0x00, 0x00, 0x00, 0x00, 0x00, 0x00, 0x00, 0x00,
  0x00, 0x00, 0x00, 0x00, 0x00, 0x00, 0x00, 0x00, 0x00, 0x00, 0x00, 0x00, 0x01, 0x01, 0x00, 0x01,
  0x01, 0x02, 0x06, 0x03, 0x00, 0x04, 0x06, 0x05, 0x0b, 0x08, 0x1a, 0x1c, 0x2b, 0x46, 0x60, 0x64,
  0x4f, 0x7b, 0x8f, 0x89, 0xb8, 0xbd, 0x97, 0xa1, 0x94, 0x60, 0x5d, 0x66, 0x69, 0x6c, 0x6d, 0x75,
  0x4a, 0x43, 0xa5, 0xb2, 0xd7, 0xd1, 0xcd, 0xc2, 0x77, 0x48, 0x3b, 0x2a, 0x37, 0x16, 0x0b, 0x06,
  0x08, 0x0f, 0x09, 0x00, 0x00, 0x00, 0x00, 0x00, 0x03, 0x05, 0x02, 0x00, 0x03, 0x05, 0x00, 0x01,
  0x09, 0x09, 0x00, 0x00, 0x00, 0x00, 0x00, 0x00, 0x00, 0x00, 0x03, 0x16, 0x25, 0x13, 0x17, 0x0e,
  0x06, 0x07, 0x01, 0x08, 0x1c, 0x27, 0x23, 0x0e, 0x0a, 0x08, 0x02, 0x00, 0x0a, 0x0c, 0x04, 0x01,
  0x01, 0x00, 0x00, 0x01, 0x01, 0x01, 0x01, 0x00, 0x00, 0x00, 0x00, 0x00, 0x01, 0x00, 0x13, 0x0d,
  0x00, 0x00, 0x00, 0x09, 0x10, 0x18, 0x17, 0x05, 0x04, 0x03, 0x0a, 0x03, 0x00, 0x00, 0x00, 0x00,
  0x00, 0x00, 0x00, 0x00, 0x00, 0x00, 0x00, 0x00, 0x00, 0x00, 0x03, 0x01, 0x28, 0x31, 0x03, 0x00,
  0x00, 0x00, 0x00, 0x00, 0x00, 0x00, 0x00, 0x01, 0x00, 0x00, 0x00, 0x00, 0x00, 0x00, 0x00, 0x00,
  0x00, 0x00, 0x00, 0x00, 0x00, 0x00, 0x00, 0x00, 0x00, 0x00, 0x00, 0x00, 0x00, 0x00, 0x00, 0x00,
  0x00, 0x00, 0x00, 0x00, 0x04, 0x0c, 0x00, 0x00, 0x00, 0x00, 0x00, 0x00, 0x00, 0x00, 0x00, 0x00,
  0x00, 0x00, 0x00, 0x00, 0x00, 0x00, 0x00, 0x00, 0x00, 0x00, 0x00, 0x00, 0x00, 0x00, 0x00, 0x00,
  0x00, 0x00, 0x00, 0x00, 0x00, 0x00, 0x00, 0x00, 0x00, 0x00, 0x00, 0x00, 0x00, 0x00, 0x00, 0x00,
  0x00, 0x00, 0x00, 0x00, 0x00, 0x00, 0x00, 0x00, 0x00, 0x00, 0x00, 0x00, 0x00, 0x00, 0x00, 0x02,
  0x00, 0x00, 0x00, 0x00, 0x00, 0x00, 0x00, 0x00, 0x00, 0x00, 0x00, 0x00, 0x00, 0x00, 0x00, 0x00,
  0x00, 0x00, 0x00, 0x00, 0x00, 0x00, 0x00, 0x01, 0x00, 0x01, 0x03, 0x00, 0x05, 0x02, 0x02, 0x06,
  0x05, 0x01, 0x05, 0x0c, 0x17, 0x1d, 0x1a, 0x38, 0x44, 0x65, 0x8b, 0xa7, 0xa4, 0xba, 0x84, 0x64,
  0x43, 0x2c, 0x30, 0x50, 0x45, 0x3a, 0x3c, 0x4a, 0x32, 0x30, 0x30, 0x65, 0xa6, 0x69, 0xdd, 0xce,
  0x7d, 0x59, 0x36, 0x23, 0x28, 0x1c, 0x1f, 0x13, 0x05, 0x02, 0x02, 0x01, 0x01, 0x01, 0x00, 0x00,
  0x00, 0x00, 0x01, 0x00, 0x01, 0x02, 0x00, 0x00, 0x00, 0x00, 0x0b, 0x0f, 0x00, 0x00, 0x00, 0x00,
  0x00, 0x00, 0x01, 0x01, 0x08, 0x19, 0x14, 0x0b, 0x0e, 0x15, 0x0e, 0x02, 0x01, 0x05, 0x22, 0xa1,
  0x36, 0x07, 0x15, 0x0a, 0x0c, 0x48, 0x54, 0x22, 0x09, 0x00, 0x00, 0x01, 0x01, 0x00, 0x00, 0x00,
  0x00, 0x00, 0x00, 0x00, 0x00, 0x00, 0x00, 0x00, 0x0e, 0x0a, 0x01, 0x00, 0x00, 0x07, 0x11, 0x0c,
  0x15, 0x03, 0x03, 0x01, 0x00, 0x00, 0x00, 0x00, 0x00, 0x00, 0x00, 0x00, 0x00, 0x00, 0x00, 0x00,
  0x00, 0x00, 0x00, 0x00, 0x01, 0x18, 0x25, 0x11, 0x06, 0x00, 0x00, 0x00, 0x00, 0x00, 0x01, 0x00,
  0x00, 0x00, 0x00, 0x00, 0x00, 0x00, 0x00, 0x00, 0x00, 0x00, 0x00, 0x00, 0x00, 0x00, 0x00, 0x00,
  0x00, 0x00, 0x00, 0x00, 0x00, 0x00, 0x00, 0x00, 0x00, 0x00, 0x00, 0x00, 0x00, 0x00, 0x12, 0x29,
  0x00, 0x00, 0x00, 0x00, 0x00, 0x00, 0x00, 0x00, 0x00, 0x00, 0x00, 0x00, 0x00, 0x00, 0x00, 0x00,
  0x00, 0x00, 0x00, 0x00, 0x00, 0x00, 0x00, 0x00, 0x00, 0x00, 0x00, 0x00, 0x00, 0x00, 0x00, 0x00,
  0x00, 0x00, 0x00, 0x00, 0x00, 0x00, 0x00, 0x00, 0x00, 0x00, 0x00, 0x00, 0x00, 0x00, 0x00, 0x00,
  0x00, 0x00, 0x00, 0x00, 0x00, 0x00, 0x00, 0x00, 0x00, 0x00, 0x00, 0x00, 0x00, 0x00, 0x00, 0x00,
  0x00, 0x00, 0x00, 0x00, 0x00, 0x00, 0x00, 0x00, 0x00, 0x00, 0x00, 0x00, 0x00, 0x00, 0x00, 0x00,
  0x01, 0x00, 0x01, 0x03, 0x01, 0x00, 0x00, 0x00, 0x00, 0x01, 0x02, 0x04, 0x0c, 0x15, 0x09, 0x11,
  0x2c, 0x47, 0x82, 0xa1, 0x97, 0x8b, 0x61, 0x31, 0x22, 0x1f, 0x23, 0x2d, 0x35, 0x2f, 0x23, 0x28,
  0x2b, 0x3b, 0x2a, 0x1d, 0x2a, 0x66, 0x4f, 0x69, 0xa5, 0x6c, 0x1f, 0x13, 0x2a, 0x17, 0x15, 0x12,
  0x03, 0x03, 0x00, 0x00, 0x01, 0x01, 0x00, 0x00, 0x00, 0x01, 0x00, 0x00, 0x00, 0x00, 0x00, 0x00,
  0x00, 0x01, 0x02, 0x09, 0x06, 0x04, 0x00, 0x00, 0x00, 0x00, 0x00, 0x00, 0x00, 0x00, 0x01, 0x01,
  0x03, 0x0c, 0x0f, 0x11, 0x05, 0x02, 0x01, 0x06, 0x2b, 0x55, 0x06, 0x0d, 0x19, 0x0c, 0x06, 0x53,
  0x6c, 0x14, 0x05, 0x01, 0x00, 0x01, 0x01, 0x01, 0x00, 0x00, 0x00, 0x00, 0x00, 0x00, 0x00, 0x00,
  0x00, 0x00, 0x02, 0x02, 0x03, 0x01, 0x00, 0x11, 0x0b, 0x01, 0x00, 0x01, 0x01, 0x00, 0x01, 0x01,
  0x00, 0x00, 0x00, 0x00, 0x00, 0x00, 0x00, 0x00, 0x00, 0x00, 0x00, 0x00, 0x00, 0x01, 0x00, 0x0a,
  0x06, 0x01, 0x01, 0x00, 0x00, 0x00, 0x00, 0x00, 0x00, 0x01, 0x00, 0x00, 0x00, 0x00, 0x00, 0x00,
  0x00, 0x00, 0x00, 0x00, 0x00, 0x00, 0x00, 0x00, 0x00, 0x00, 0x00, 0x00, 0x00, 0x00, 0x00, 0x00,
  0x00, 0x00, 0x00, 0x00, 0x00, 0x00, 0x00, 0x00, 0x01, 0x02, 0x00, 0x00, 0x00, 0x00, 0x00, 0x00,
  0x00, 0x00, 0x00, 0x00, 0x00, 0x00, 0x00, 0x00, 0x00, 0x00, 0x00, 0x00, 0x00, 0x00, 0x00, 0x00,
  0x00, 0x00, 0x00, 0x00, 0x00, 0x00, 0x00, 0x00, 0x00, 0x00, 0x00, 0x00, 0x00, 0x00, 0x00, 0x00,
  0x00, 0x00, 0x00, 0x00, 0x00, 0x00, 0x00, 0x00, 0x00, 0x00, 0x00, 0x00, 0x00, 0x00, 0x00, 0x00,
  0x00, 0x00, 0x00, 0x00, 0x00, 0x00, 0x00, 0x00, 0x00, 0x00, 0x00, 0x00, 0x00, 0x00, 0x00, 0x00,
  0x00, 0x00, 0x00, 0x00, 0x00, 0x00, 0x00, 0x00, 0x00, 0x00, 0x00, 0x00, 0x00, 0x01, 0x00, 0x00,
  0x01, 0x04, 0x07, 0x02, 0x00, 0x00, 0x09, 0x1d, 0x4d, 0x7b, 0x8c, 0x8e, 0x66, 0x4f, 0x31, 0x23,
  0x1f, 0x1d, 0x20, 0x14, 0x0f, 0x17, 0x1a, 0x19, 0x15, 0x12, 0x15, 0x16, 0x14, 0x1c, 0x1c, 0x21,
  0x31, 0x32, 0x1c, 0x22, 0x16, 0x0c, 0x04, 0x03, 0x07, 0x08, 0x01, 0x03, 0x01, 0x00, 0x00, 0x00,
  0x00, 0x00, 0x00, 0x00, 0x00, 0x00, 0x01, 0x00, 0x00, 0x00, 0x00, 0x03, 0x04, 0x4a, 0x3d, 0x00,
  0x05, 0x00, 0x00, 0x00, 0x00, 0x00, 0x00, 0x00, 0x00, 0x00, 0x01, 0x04, 0x02, 0x02, 0x00, 0x02,
  0x04, 0x03, 0x03, 0x00, 0x06, 0x05, 0x01, 0x04, 0x04, 0x04, 0x0d, 0x03, 0x06, 0x04, 0x00, 0x00,
  0x00, 0x00, 0x00, 0x00, 0x00, 0x00, 0x00, 0x00, 0x00, 0x00, 0x00, 0x00, 0x01, 0x00, 0x01, 0x00,
  0x0a, 0x43, 0x17, 0x00, 0x01, 0x00, 0x00, 0x02, 0x00, 0x00, 0x02, 0x00, 0x00, 0x00, 0x00, 0x00,
  0x00, 0x00, 0x00, 0x00, 0x00, 0x00, 0x03, 0x01, 0x00, 0x00, 0x00, 0x01, 0x01, 0x00, 0x00, 0x00,
  0x07, 0x01, 0x00, 0x02, 0x01, 0x00, 0x00, 0x00, 0x00, 0x00, 0x00, 0x00, 0x00, 0x00, 0x00, 0x00,
  0x00, 0x00, 0x00, 0x00, 0x00, 0x00, 0x00, 0x00, 0x00, 0x00, 0x00, 0x00, 0x00, 0x00, 0x00, 0x00,
  0x00, 0x00, 0x00, 0x00, 0x00, 0x00, 0x00, 0x00, 0x00, 0x00, 0x00, 0x00, 0x00, 0x00, 0x00, 0x00,
  0x00, 0x00, 0x00, 0x00, 0x00, 0x00, 0x00, 0x00, 0x00, 0x00, 0x00, 0x00, 0x00, 0x00, 0x00, 0x00,
  0x00, 0x00, 0x00, 0x00, 0x00, 0x00, 0x00, 0x00, 0x00, 0x00, 0x00, 0x00, 0x00, 0x00, 0x00, 0x00,
  0x00, 0x00, 0x00, 0x00, 0x00, 0x00, 0x00, 0x00, 0x00, 0x00, 0x01, 0x00, 0x00, 0x00, 0x00, 0x00,
  0x00, 0x00, 0x00, 0x00, 0x00, 0x00, 0x00, 0x00, 0x00, 0x00, 0x00, 0x00, 0x00, 0x00, 0x00, 0x00,
  0x01, 0x01, 0x00, 0x00, 0x02, 0x01, 0x01, 0x00, 0x05, 0x06, 0x03, 0x00, 0x00, 0x00, 0x12, 0x34,
  0x56, 0x8a, 0x8e, 0x76, 0x4b, 0x1f, 0x10, 0x13, 0x19, 0x1b, 0x17, 0x0f, 0x0d, 0x0a, 0x07, 0x0d,
  0x0e, 0x0f, 0x10, 0x05, 0x0b, 0x13, 0x14, 0x09, 0x06, 0x09, 0x1f, 0x1e, 0x22, 0x15, 0x0b, 0x06,
  0x05, 0x04, 0x07, 0x04, 0x00, 0x02, 0x01, 0x01, 0x00, 0x00, 0x00, 0x00, 0x00, 0x00, 0x00, 0x02,
  0x01, 0x00, 0x00, 0x00, 0x00, 0x01, 0x02, 0x1a, 0x1b, 0x00, 0x01, 0x00, 0x00, 0x00, 0x00, 0x00,
  0x00, 0x00, 0x01, 0x06, 0x01, 0x00, 0x00, 0x01, 0x04, 0x0c, 0x0b, 0x01, 0x01, 0x0c, 0x04, 0x03,
  0x03, 0x03, 0x00, 0x00, 0x01, 0x03, 0x00, 0x03, 0x00, 0x00, 0x00, 0x00, 0x00, 0x00, 0x00, 0x00,
  0x00, 0x00, 0x00, 0x00, 0x00, 0x00, 0x00, 0x01, 0x00, 0x00, 0x04, 0x0f, 0x0a, 0x00, 0x00, 0x00,
  0x00, 0x02, 0x18, 0x55, 0x0a, 0x00, 0x00, 0x00, 0x00, 0x00, 0x00, 0x00, 0x00, 0x00, 0x00, 0x00,
  0x05, 0x00, 0x00, 0x00, 0x00, 0x00, 0x00, 0x00, 0x00, 0x00, 0x0a, 0x02, 0x03, 0x02, 0x02, 0x01,
  0x00, 0x00, 0x00, 0x00, 0x00, 0x00, 0x00, 0x00, 0x00, 0x00, 0x00, 0x00, 0x00, 0x00, 0x00, 0x00,
  0x00, 0x00, 0x00, 0x00, 0x00, 0x00, 0x00, 0x00, 0x00, 0x00, 0x00, 0x00, 0x00, 0x00, 0x00, 0x00,
  0x00, 0x00, 0x00, 0x00, 0x00, 0x00, 0x00, 0x00, 0x00, 0x00, 0x00, 0x00, 0x00, 0x00, 0x00, 0x00,
  0x00, 0x00, 0x00, 0x00, 0x00, 0x00, 0x00, 0x00, 0x00, 0x00, 0x00, 0x00, 0x00, 0x00, 0x00, 0x00,
  0x00, 0x00, 0x00, 0x00, 0x00, 0x00, 0x00, 0x00, 0x00, 0x00, 0x00, 0x00, 0x00, 0x00, 0x00, 0x00,
  0x00, 0x00, 0x00, 0x00, 0x01, 0x00, 0x00, 0x00, 0x00, 0x00, 0x00, 0x00, 0x00, 0x00, 0x00, 0x00,
  0x00, 0x00, 0x00, 0x02, 0x02, 0x01, 0x00, 0x00, 0x00, 0x00, 0x00, 0x00, 0x00, 0x00, 0x02, 0x03,
  0x03, 0x02, 0x01, 0x00, 0x09, 0x14, 0x3a, 0x5a, 0x64, 0x6f, 0x4f, 0x36, 0x29, 0x0f, 0x0c, 0x09,
  0x09, 0x0f, 0x0e, 0x0d, 0x0f, 0x09, 0x12, 0x1d, 0x13, 0x0d, 0x06, 0x06, 0x0f, 0x16, 0x12, 0x0b,
  0x08, 0x00, 0x00, 0x03, 0x04, 0x04, 0x04, 0x02, 0x01, 0x02, 0x01, 0x01, 0x01, 0x00, 0x00, 0x04,
  0x02, 0x02, 0x01, 0x00, 0x00, 0x00, 0x00, 0x00, 0x00, 0x00, 0x00, 0x00, 0x00, 0x00, 0x00, 0x00,
  0x00, 0x00, 0x00, 0x00, 0x00, 0x00, 0x00, 0x00, 0x00, 0x00, 0x00, 0x00, 0x00, 0x03, 0x00, 0x00,
  0x00, 0x00, 0x01, 0x04, 0x03, 0x00, 0x00, 0x00, 0x00, 0x00, 0x00, 0x00, 0x00, 0x00, 0x00, 0x00,
  0x00, 0x00, 0x00, 0x00, 0x00, 0x00, 0x00, 0x00, 0x00, 0x00, 0x00, 0x00, 0x00, 0x00, 0x00, 0x00,
  0x00, 0x01, 0x00, 0x00, 0x00, 0x00, 0x00, 0x00, 0x00, 0x00, 0x00, 0x06, 0x23, 0x2a, 0x01, 0x00,
  0x00, 0x00, 0x00, 0x00, 0x00, 0x00, 0x00, 0x00, 0x00, 0x00, 0x00, 0x00, 0x00, 0x00, 0x00, 0x00,
  0x01, 0x00, 0x00, 0x01, 0x00, 0x00, 0x01, 0x00, 0x00, 0x00, 0x00, 0x00, 0x00, 0x00, 0x00, 0x00,
  0x00, 0x00, 0x00, 0x00, 0x00, 0x00, 0x00, 0x00, 0x00, 0x00, 0x00, 0x00, 0x00, 0x00, 0x00, 0x00,
  0x00, 0x00, 0x00, 0x00, 0x00, 0x00, 0x00, 0x00, 0x00, 0x00, 0x00, 0x00, 0x00, 0x00, 0x00, 0x00,
  0x00, 0x00, 0x00, 0x00, 0x00, 0x00, 0x00, 0x00, 0x00, 0x00, 0x00, 0x00, 0x00, 0x00, 0x00, 0x00,
  0x00, 0x00, 0x00, 0x00, 0x00, 0x00, 0x00, 0x00, 0x00, 0x00, 0x00, 0x00, 0x00, 0x00, 0x00, 0x00,
  0x00, 0x00, 0x00, 0x00, 0x00, 0x00, 0x00, 0x00, 0x00, 0x00, 0x00, 0x00, 0x00, 0x00, 0x00, 0x00,
  0x00, 0x00, 0x00, 0x00, 0x00, 0x00, 0x00, 0x00, 0x00, 0x00, 0x00, 0x00, 0x00, 0x05, 0x0c, 0x05,
  0x00, 0x00, 0x00, 0x01, 0x01, 0x00, 0x00, 0x01, 0x02, 0x00, 0x00, 0x02, 0x0c, 0x35, 0x4c, 0x69,
  0x6e, 0x58, 0x43, 0x2a, 0x05, 0x06, 0x05, 0x08, 0x0e, 0x0a, 0x08, 0x03, 0x03, 0x09, 0x0c, 0x08,
  0x0e, 0x1c, 0x09, 0x05, 0x02, 0x02, 0x04, 0x09, 0x08, 0x01, 0x00, 0x00, 0x00, 0x00, 0x00, 0x00,
  0x00, 0x00, 0x00, 0x00, 0x00, 0x00, 0x00, 0x00, 0x01, 0x02, 0x02, 0x00, 0x01, 0x00, 0x00, 0x00,
  0x00, 0x01, 0x00, 0x00, 0x00, 0x00, 0x00, 0x00, 0x00, 0x00, 0x00, 0x00, 0x00, 0x00, 0x00, 0x00,
  0x00, 0x00, 0x00, 0x00, 0x00, 0x00, 0x00, 0x00, 0x00, 0x00, 0x00, 0x00, 0x00, 0x00, 0x00, 0x01,
  0x01, 0x1f, 0x18, 0x00, 0x00, 0x00, 0x00, 0x00, 0x00, 0x00, 0x00, 0x00, 0x00, 0x00, 0x00, 0x00,
  0x00, 0x00, 0x00, 0x00, 0x00, 0x00, 0x00, 0x00, 0x00, 0x00, 0x00, 0x00, 0x00, 0x00, 0x00, 0x00,
  0x00, 0x00, 0x00, 0x00, 0x00, 0x04, 0x0a, 0x00, 0x00, 0x00, 0x00, 0x00, 0x00, 0x00, 0x00, 0x00,
  0x00, 0x00, 0x00, 0x00, 0x00, 0x00, 0x00, 0x00, 0x00, 0x00, 0x00, 0x00, 0x00, 0x00, 0x00, 0x00,
  0x00, 0x00, 0x00, 0x00, 0x00, 0x00, 0x00, 0x00, 0x00, 0x00, 0x00, 0x00, 0x00, 0x00, 0x00, 0x00,
  0x00, 0x00, 0x00, 0x00, 0x00, 0x00, 0x00, 0x00, 0x00, 0x00, 0x00, 0x00, 0x00, 0x00, 0x00, 0x00,
  0x00, 0x00, 0x00, 0x00, 0x00, 0x00, 0x00, 0x00, 0x00, 0x00, 0x00, 0x00, 0x00, 0x00, 0x00, 0x00,
  0x00, 0x00, 0x00, 0x00, 0x00, 0x00, 0x00, 0x00, 0x00, 0x00, 0x00, 0x00, 0x00, 0x00, 0x00, 0x00,
  0x00, 0x00, 0x00, 0x00, 0x00, 0x00, 0x00, 0x00, 0x00, 0x00, 0x00, 0x00, 0x00, 0x00, 0x00, 0x00,
  0x00, 0x00, 0x00, 0x00, 0x00, 0x00, 0x00, 0x00, 0x00, 0x00, 0x00, 0x00, 0x00, 0x00, 0x00, 0x00,
  0x00, 0x00, 0x00, 0x00, 0x00, 0x00, 0x00, 0x00, 0x02, 0x01, 0x00, 0x00, 0x00, 0x01, 0x02, 0x00,
  0x01, 0x00, 0x00, 0x11, 0x1c, 0x49, 0x6e, 0x63, 0x4d, 0x3d, 0x1e, 0x12, 0x05, 0x08, 0x04, 0x05,
  0x05, 0x03, 0x02, 0x04, 0x02, 0x02, 0x00, 0x03, 0x05, 0x03, 0x00, 0x00, 0x00, 0x02, 0x00, 0x00,
  0x00, 0x00, 0x01, 0x00, 0x00, 0x00, 0x00, 0x00, 0x00, 0x00, 0x00, 0x00, 0x00, 0x00, 0x00, 0x00,
  0x00, 0x00, 0x00, 0x02, 0x00, 0x00, 0x00, 0x00, 0x00, 0x00, 0x00, 0x00, 0x00, 0x00, 0x00, 0x00,
  0x00, 0x00, 0x00, 0x00, 0x00, 0x00, 0x00, 0x00, 0x00, 0x00, 0x00, 0x00, 0x00, 0x00, 0x00, 0x00,
  0x00, 0x00, 0x00, 0x00, 0x00, 0x00, 0x00, 0x00, 0x00, 0x01, 0x00, 0x3c, 0x36, 0x00, 0x01, 0x00,
  0x00, 0x00, 0x00, 0x00, 0x00, 0x00, 0x00, 0x00, 0x00, 0x00, 0x00, 0x00, 0x00, 0x00, 0x00, 0x00,
  0x00, 0x00, 0x00, 0x00, 0x00, 0x00, 0x00, 0x00, 0x00, 0x00, 0x00, 0x00, 0x00, 0x00, 0x00, 0x00,
  0x01, 0x01, 0x00, 0x00, 0x00, 0x00, 0x00, 0x00, 0x00, 0x00, 0x00, 0x00, 0x00, 0x05, 0x01, 0x00,
  0x00, 0x00, 0x00, 0x00, 0x00, 0x00, 0x00, 0x00, 0x00, 0x00, 0x00, 0x00, 0x00, 0x00, 0x00, 0x00,
  0x00, 0x00, 0x00, 0x00, 0x00, 0x00, 0x00, 0x00, 0x00, 0x00, 0x00, 0x00, 0x00, 0x00, 0x00, 0x00,
  0x00, 0x00, 0x00, 0x01, 0x00, 0x00, 0x00, 0x00, 0x00, 0x00, 0x00, 0x00, 0x00, 0x00, 0x00, 0x00,
  0x00, 0x00, 0x00, 0x00, 0x00, 0x00, 0x00, 0x00, 0x00, 0x00, 0x00, 0x00, 0x00, 0x00, 0x00, 0x00,
  0x00, 0x00, 0x00, 0x00, 0x00, 0x00, 0x00, 0x00, 0x00, 0x00, 0x00, 0x00, 0x00, 0x00, 0x00, 0x00,
  0x00, 0x00, 0x00, 0x00, 0x00, 0x00, 0x00, 0x00, 0x00, 0x00, 0x00, 0x00, 0x00, 0x00, 0x00, 0x00,
  0x00, 0x00, 0x00, 0x00, 0x00, 0x00, 0x00, 0x00, 0x00, 0x00, 0x00, 0x00, 0x00, 0x00, 0x00, 0x00,
  0x00, 0x00, 0x00, 0x00, 0x00, 0x02, 0x03, 0x00, 0x00, 0x04, 0x04, 0x23, 0x2e, 0x47, 0x76, 0x45,
  0x33, 0x18, 0x00, 0x00, 0x00, 0x03, 0x04, 0x01, 0x00, 0x01, 0x00, 0x00, 0x01, 0x01, 0x00, 0x00,
  0x01, 0x00, 0x00, 0x01, 0x03, 0x01, 0x00, 0x01, 0x00, 0x00, 0x00, 0x00, 0x00, 0x00, 0x00, 0x00,
  0x00, 0x00, 0x00, 0x00, 0x00, 0x00, 0x00, 0x00, 0x00, 0x00, 0x00, 0x00, 0x05, 0x05, 0x00, 0x00,
  0x00, 0x00, 0x00, 0x00, 0x00, 0x00, 0x00, 0x00, 0x00, 0x00, 0x00, 0x00, 0x00, 0x00, 0x00, 0x00,
  0x01, 0x00, 0x00, 0x00, 0x00, 0x00, 0x00, 0x00, 0x00, 0x00, 0x00, 0x00, 0x00, 0x00, 0x00, 0x00,
  0x00, 0x01, 0x00, 0x07, 0x0a, 0x05, 0x06, 0x00, 0x01, 0x00, 0x02, 0x01, 0x00, 0x00, 0x00, 0x00,
  0x00, 0x00, 0x00, 0x00, 0x00, 0x00, 0x00, 0x00, 0x00, 0x00, 0x00, 0x00, 0x00, 0x00, 0x00, 0x00,
  0x00, 0x00, 0x00, 0x00, 0x00, 0x00, 0x00, 0x00, 0x00, 0x00, 0x00, 0x00, 0x00, 0x00, 0x00, 0x00,
  0x00, 0x00, 0x00, 0x00, 0x00, 0x02, 0x10, 0x0b, 0x01, 0x00, 0x00, 0x00, 0x00, 0x00, 0x00, 0x00,
  0x00, 0x00, 0x00, 0x00, 0x00, 0x00, 0x00, 0x00, 0x00, 0x00, 0x00, 0x00, 0x00, 0x00, 0x00, 0x00,
  0x00, 0x00, 0x00, 0x00, 0x00, 0x00, 0x00, 0x00, 0x00, 0x00, 0x00, 0x02, 0x00, 0x1a, 0x31, 0x06,
  0x00, 0x00, 0x00, 0x00, 0x00, 0x00, 0x00, 0x00, 0x00, 0x00, 0x00, 0x00, 0x00, 0x00, 0x00, 0x00,
  0x00, 0x00, 0x00, 0x00, 0x00, 0x00, 0x00, 0x00, 0x00, 0x00, 0x00, 0x00, 0x00, 0x00, 0x00, 0x00,
  0x00, 0x00, 0x00, 0x00, 0x00, 0x00, 0x00, 0x00, 0x00, 0x00, 0x00, 0x00, 0x00, 0x00, 0x00, 0x00,
  0x00, 0x00, 0x00, 0x00, 0x00, 0x00, 0x00, 0x00, 0x00, 0x00, 0x00, 0x00, 0x00, 0x00, 0x00, 0x00,
  0x00, 0x00, 0x00, 0x00, 0x00, 0x00, 0x00, 0x00, 0x00, 0x00, 0x00, 0x00, 0x00, 0x01, 0x00, 0x00,
  0x00, 0x04, 0x1d, 0x3d, 0x4b, 0x4a, 0x4c, 0x35, 0x0e, 0x03, 0x00, 0x00, 0x01, 0x02, 0x01, 0x00,
  0x00, 0x00, 0x00, 0x00, 0x00, 0x00, 0x00, 0x00, 0x00, 0x00, 0x01, 0x00, 0x02, 0x01, 0x00, 0x00,
  0x00, 0x00, 0x00, 0x00, 0x00, 0x00, 0x00, 0x00, 0x00, 0x00, 0x00, 0x00, 0x00, 0x00, 0x00, 0x00,
  0x00, 0x00, 0x00, 0x00, 0x00, 0x00, 0x06, 0x1b, 0x0e, 0x00, 0x01, 0x00, 0x00, 0x00, 0x00, 0x00,
  0x00, 0x00, 0x00, 0x00, 0x00, 0x00, 0x00, 0x00, 0x00, 0x00, 0x00, 0x0d, 0x11, 0x00, 0x00, 0x00,
  0x00, 0x00, 0x00, 0x00, 0x00, 0x00, 0x00, 0x00, 0x00, 0x00, 0x00, 0x01, 0x00, 0x43, 0x51, 0x00,
  0x00, 0x00, 0x00, 0x00, 0x03, 0x01, 0x00, 0x00, 0x00, 0x00, 0x00, 0x00, 0x00, 0x00, 0x00, 0x00,
  0x00, 0x00, 0x00, 0x00, 0x00, 0x00, 0x00, 0x00, 0x00, 0x00, 0x00, 0x00, 0x00, 0x00, 0x00, 0x00,
  0x00, 0x00, 0x00, 0x00, 0x00, 0x00, 0x00, 0x00, 0x00, 0x00, 0x00, 0x00, 0x00, 0x00, 0x00, 0x03,
  0x37, 0x38, 0x00, 0x01, 0x00, 0x00, 0x00, 0x00, 0x00, 0x00, 0x00, 0x00, 0x00, 0x00, 0x00, 0x00,
  0x00, 0x00, 0x00, 0x00, 0x00, 0x00, 0x00, 0x00, 0x01, 0x01, 0x00, 0x00, 0x00, 0x00, 0x00, 0x00,
  0x00, 0x00, 0x00, 0x00, 0x00, 0x01, 0x00, 0x05, 0x11, 0x03, 0x00, 0x00, 0x00, 0x00, 0x00, 0x00,
  0x00, 0x00, 0x00, 0x00, 0x00, 0x00, 0x00, 0x00, 0x00, 0x00, 0x00, 0x00, 0x00, 0x00, 0x00, 0x00,
  0x00, 0x00, 0x00, 0x00, 0x00, 0x00, 0x00, 0x00, 0x00, 0x00, 0x00, 0x00, 0x00, 0x00, 0x00, 0x00,
  0x00, 0x00, 0x00, 0x00, 0x00, 0x00, 0x00, 0x00, 0x00, 0x00, 0x00, 0x00, 0x00, 0x00, 0x00, 0x00,
  0x00, 0x00, 0x00, 0x00, 0x00, 0x00, 0x00, 0x00, 0x00, 0x00, 0x00, 0x00, 0x00, 0x00, 0x00, 0x00,
  0x00, 0x00, 0x00, 0x00, 0x01, 0x01, 0x02, 0x00, 0x00, 0x16, 0x3a, 0x50, 0x60, 0x44, 0x1f, 0x23,
  0x13, 0x05, 0x00, 0x01, 0x04, 0x01, 0x01, 0x00, 0x00, 0x00, 0x00, 0x00, 0x01, 0x00, 0x00, 0x01,
  0x02, 0x01, 0x00, 0x03, 0x03, 0x01, 0x02, 0x00, 0x00, 0x00, 0x02, 0x02, 0x00, 0x00, 0x00, 0x00,
  0x00, 0x00, 0x00, 0x00, 0x00, 0x00, 0x00, 0x00, 0x00, 0x00, 0x00, 0x00, 0x00, 0x00, 0x00, 0x00,
  0x02, 0x0c, 0x05, 0x00, 0x01, 0x00, 0x00, 0x00, 0x00, 0x00, 0x00, 0x00, 0x00, 0x00, 0x00, 0x00,
  0x00, 0x00, 0x00, 0x00, 0x00, 0x0a, 0x0e, 0x00, 0x00, 0x00, 0x00, 0x00, 0x00, 0x00, 0x00, 0x00,
  0x00, 0x00, 0x00, 0x00, 0x00, 0x02, 0x00, 0x42, 0x7e, 0x00, 0x01, 0x00, 0x00, 0x00, 0x00, 0x00,
  0x00, 0x00, 0x00, 0x00, 0x00, 0x00, 0x00, 0x00, 0x00, 0x00, 0x00, 0x00, 0x00, 0x00, 0x00, 0x00,
  0x00, 0x00, 0x00, 0x00, 0x00, 0x00, 0x00, 0x00, 0x00, 0x00, 0x00, 0x00, 0x00, 0x00, 0x00, 0x00,
  0x00, 0x00, 0x00, 0x00, 0x00, 0x00, 0x00, 0x00, 0x00, 0x00, 0x0c, 0x15, 0x00, 0x00, 0x00, 0x00,
  0x00, 0x00, 0x00, 0x00, 0x00, 0x00, 0x00, 0x00, 0x00, 0x00, 0x00, 0x00, 0x00, 0x00, 0x00, 0x00,
  0x00, 0x00, 0x00, 0x00, 0x00, 0x00, 0x00, 0x00, 0x00, 0x00, 0x00, 0x00, 0x00, 0x00, 0x00, 0x00,
  0x00, 0x00, 0x00, 0x00, 0x00, 0x00, 0x00, 0x00, 0x00, 0x00, 0x00, 0x00, 0x00, 0x00, 0x00, 0x00,
  0x00, 0x00, 0x00, 0x00, 0x00, 0x00, 0x00, 0x00, 0x00, 0x00, 0x00, 0x00, 0x00, 0x00, 0x00, 0x00,
  0x00, 0x00, 0x00, 0x00, 0x00, 0x00, 0x00, 0x00, 0x00, 0x00, 0x00, 0x00, 0x00, 0x00, 0x00, 0x00,
  0x00, 0x00, 0x00, 0x00, 0x00, 0x00, 0x00, 0x00, 0x00, 0x00, 0x00, 0x00, 0x00, 0x00, 0x00, 0x00,
  0x00, 0x00, 0x00, 0x00, 0x00, 0x00, 0x00, 0x00, 0x00, 0x00, 0x00, 0x00, 0x01, 0x00, 0x00, 0x00,
  0x0f, 0x29, 0x3a, 0x5d, 0x53, 0x3f, 0x18, 0x05, 0x01, 0x00, 0x02, 0x03, 0x01, 0x00, 0x00, 0x00,
  0x00, 0x00, 0x00, 0x00, 0x00, 0x00, 0x00, 0x00, 0x00, 0x03, 0x04, 0x01, 0x10, 0x09, 0x03, 0x01,
  0x01, 0x00, 0x00, 0x00, 0x00, 0x00, 0x00, 0x00, 0x00, 0x00, 0x00, 0x00, 0x00, 0x00, 0x00, 0x00,
  0x00, 0x00, 0x00, 0x00, 0x00, 0x00, 0x00, 0x00, 0x00, 0x00, 0x00, 0x00, 0x00, 0x00, 0x00, 0x00,
  0x00, 0x00, 0x00, 0x00, 0x00, 0x00, 0x00, 0x00, 0x00, 0x00, 0x00, 0x00, 0x00, 0x00, 0x00, 0x00,
  0x00, 0x00, 0x00, 0x00, 0x00, 0x00, 0x00, 0x00, 0x00, 0x00, 0x00, 0x00, 0x00, 0x00, 0x00, 0x00,
  0x00, 0x01, 0x12, 0x01, 0x00, 0x00, 0x00, 0x00, 0x00, 0x00, 0x00, 0x00, 0x00, 0x00, 0x00, 0x00,
  0x00, 0x00, 0x00, 0x00, 0x00, 0x00, 0x00, 0x00, 0x00, 0x00, 0x00, 0x00, 0x00, 0x00, 0x00, 0x00,
  0x00, 0x00, 0x00, 0x00, 0x00, 0x00, 0x00, 0x00, 0x00, 0x00, 0x00, 0x00, 0x00, 0x00, 0x00, 0x00,
  0x01, 0x00, 0x00, 0x00, 0x00, 0x00, 0x00, 0x00, 0x00, 0x00, 0x00, 0x00, 0x00, 0x00, 0x00, 0x00,
  0x00, 0x00, 0x00, 0x00, 0x00, 0x00, 0x00, 0x00, 0x00, 0x00, 0x00, 0x00, 0x0c, 0x33, 0x06, 0x00,
  0x00, 0x00, 0x00, 0x00, 0x00, 0x00, 0x00, 0x00, 0x00, 0x00, 0x00, 0x00, 0x00, 0x00, 0x00, 0x00,
  0x00, 0x00, 0x00, 0x00, 0x00, 0x00, 0x00, 0x00, 0x00, 0x00, 0x00, 0x00, 0x00, 0x00, 0x00, 0x00,
  0x00, 0x00, 0x00, 0x00, 0x00, 0x00, 0x00, 0x00, 0x00, 0x00, 0x00, 0x00, 0x00, 0x00, 0x00, 0x00,
  0x00, 0x00, 0x00, 0x00, 0x00, 0x00, 0x00, 0x00, 0x00, 0x00, 0x00, 0x00, 0x00, 0x00, 0x00, 0x00,
  0x00, 0x00, 0x00, 0x00, 0x00, 0x00, 0x00, 0x00, 0x00, 0x00, 0x00, 0x00, 0x00, 0x00, 0x00, 0x00,
  0x00, 0x00, 0x00, 0x00, 0x01, 0x00, 0x00, 0x00, 0x13, 0x34, 0x53, 0x5f, 0x3c, 0x24, 0x10, 0x00,
  0x00, 0x00, 0x01, 0x01, 0x00, 0x00, 0x00, 0x00, 0x00, 0x00, 0x00, 0x00, 0x00, 0x00, 0x00, 0x00,
  0x00, 0x00, 0x00, 0x00, 0x0e, 0x1f, 0x11, 0x05, 0x06, 0x00, 0x01, 0x00, 0x00, 0x00, 0x00, 0x00,
  0x00, 0x00, 0x00, 0x00, 0x00, 0x00, 0x00, 0x00, 0x00, 0x00, 0x00, 0x00, 0x00, 0x00, 0x00, 0x00,
  0x00, 0x00, 0x00, 0x00, 0x00, 0x01, 0x00, 0x00, 0x00, 0x00, 0x00, 0x00, 0x00, 0x00, 0x00, 0x00,
  0x00, 0x00, 0x00, 0x01, 0x00, 0x00, 0x01, 0x00, 0x00, 0x00, 0x01, 0x00, 0x00, 0x00, 0x00, 0x00,
  0x00, 0x00, 0x00, 0x00, 0x00, 0x00, 0x00, 0x00, 0x00, 0x00, 0x01, 0x00, 0x11, 0x5f, 0x12, 0x00,
  0x01, 0x00, 0x00, 0x00, 0x00, 0x00, 0x00, 0x00, 0x00, 0x00, 0x00, 0x00, 0x00, 0x00, 0x00, 0x00,
  0x00, 0x00, 0x00, 0x00, 0x00, 0x00, 0x00, 0x00, 0x00, 0x00, 0x00, 0x00, 0x00, 0x00, 0x00, 0x00,
  0x00, 0x00, 0x0a, 0x0c, 0x00, 0x00, 0x00, 0x00, 0x00, 0x00, 0x00, 0x00, 0x00, 0x00, 0x01, 0x01,
  0x00, 0x00, 0x00, 0x00, 0x00, 0x00, 0x00, 0x00, 0x00, 0x00, 0x00, 0x00, 0x00, 0x00, 0x00, 0x00,
  0x00, 0x00, 0x00, 0x00, 0x00, 0x01, 0x38, 0x76, 0x0c, 0x00, 0x01, 0x00, 0x00, 0x00, 0x00, 0x00,
  0x00, 0x00, 0x00, 0x00, 0x00, 0x00, 0x00, 0x00, 0x00, 0x00, 0x00, 0x00, 0x00, 0x00, 0x00, 0x00,
  0x00, 0x00, 0x00, 0x00, 0x00, 0x00, 0x00, 0x00, 0x00, 0x00, 0x00, 0x00, 0x00, 0x00, 0x00, 0x00,
  0x00, 0x00, 0x00, 0x00, 0x00, 0x00, 0x00, 0x00, 0x00, 0x00, 0x00, 0x00, 0x00, 0x00, 0x00, 0x00,
  0x00, 0x00, 0x00, 0x00, 0x00, 0x00, 0x00, 0x00, 0x00, 0x00, 0x00, 0x00, 0x00, 0x00, 0x00, 0x00,
  0x00, 0x00, 0x00, 0x00, 0x00, 0x00, 0x00, 0x00, 0x00, 0x00, 0x00, 0x00, 0x00, 0x00, 0x00, 0x04,
  0x1f, 0x3b, 0x54, 0x46, 0x31, 0x0c, 0x00, 0x00, 0x00, 0x02, 0x01, 0x00, 0x00, 0x00, 0x00, 0x00,
  0x00, 0x00, 0x00, 0x00, 0x00, 0x00, 0x00, 0x00, 0x01, 0x00, 0x00, 0x00, 0x01, 0x00, 0x12, 0x43,
  0x60, 0x59, 0x17, 0x00, 0x01, 0x00, 0x00, 0x00, 0x00, 0x00, 0x00, 0x00, 0x00, 0x00, 0x00, 0x00,
  0x00, 0x00, 0x00, 0x00, 0x00, 0x00, 0x00, 0x00, 0x00, 0x00, 0x00, 0x00, 0x00, 0x00, 0x00, 0x00,
  0x00, 0x00, 0x00, 0x00, 0x00, 0x00, 0x00, 0x00, 0x00, 0x00, 0x00, 0x00, 0x00, 0x02, 0x00, 0x1b,
  0x2e, 0x00, 0x01, 0x00, 0x00, 0x00, 0x00, 0x00, 0x00, 0x00, 0x00, 0x00, 0x03, 0x04, 0x02, 0x01,
  0x00, 0x00, 0x00, 0x00, 0x00, 0x00, 0x03, 0x1c, 0x06, 0x00, 0x00, 0x00, 0x00, 0x00, 0x00, 0x00,
  0x00, 0x00, 0x00, 0x00, 0x00, 0x00, 0x00, 0x00, 0x00, 0x00, 0x00, 0x00, 0x00, 0x00, 0x00, 0x00,
  0x00, 0x00, 0x00, 0x00, 0x00, 0x00, 0x00, 0x00, 0x00, 0x00, 0x00, 0x02, 0x34, 0x19, 0x00, 0x01,
  0x00, 0x00, 0x00, 0x00, 0x00, 0x00, 0x00, 0x00, 0x00, 0x00, 0x00, 0x00, 0x00, 0x00, 0x00, 0x00,
  0x00, 0x00, 0x00, 0x00, 0x00, 0x00, 0x00, 0x00, 0x00, 0x00, 0x00, 0x00, 0x00, 0x00, 0x00, 0x00,
  0x08, 0x18, 0x05, 0x00, 0x00, 0x00, 0x00, 0x00, 0x00, 0x00, 0x00, 0x00, 0x00, 0x00, 0x00, 0x00,
  0x00, 0x00, 0x00, 0x00, 0x00, 0x00, 0x00, 0x00, 0x00, 0x00, 0x00, 0x00, 0x00, 0x00, 0x00, 0x00,
  0x00, 0x00, 0x00, 0x00, 0x00, 0x00, 0x00, 0x00, 0x00, 0x00, 0x00, 0x00, 0x00, 0x00, 0x00, 0x00,
  0x00, 0x00, 0x00, 0x00, 0x00, 0x00, 0x00, 0x00, 0x00, 0x00, 0x00, 0x00, 0x00, 0x00, 0x00, 0x00,
  0x00, 0x00, 0x00, 0x00, 0x00, 0x00, 0x00, 0x00, 0x00, 0x00, 0x00, 0x00, 0x00, 0x00, 0x00, 0x00,
  0x00, 0x00, 0x00, 0x00, 0x00, 0x00, 0x02, 0x0b, 0x26, 0x3a, 0x3d, 0x24, 0x0c, 0x00, 0x00, 0x00,
  0x01, 0x01, 0x01, 0x00, 0x00, 0x00, 0x00, 0x00, 0x00, 0x00, 0x00, 0x00, 0x00, 0x00, 0x00, 0x00,
  0x00, 0x00, 0x00, 0x00, 0x00, 0x00, 0x00, 0x00, 0x01, 0x1a, 0x78, 0xc4, 0x25, 0x00, 0x01, 0x00,
  0x00, 0x00, 0x00, 0x00, 0x00, 0x00, 0x00, 0x00, 0x00, 0x00, 0x00, 0x00, 0x00, 0x00, 0x00, 0x00,
  0x00, 0x00, 0x00, 0x00, 0x00, 0x00, 0x00, 0x00, 0x00, 0x00, 0x00, 0x00, 0x00, 0x00, 0x00, 0x00,
  0x00, 0x00, 0x00, 0x00, 0x00, 0x00, 0x00, 0x01, 0x00, 0x17, 0x2b, 0x00, 0x01, 0x00, 0x00, 0x00,
  0x00, 0x00, 0x00, 0x00, 0x00, 0x00, 0x00, 0x0a, 0x15, 0x03, 0x00, 0x00, 0x00, 0x00, 0x00, 0x00,
  0x00, 0x00, 0x00, 0x00, 0x00, 0x00, 0x00, 0x00, 0x00, 0x00, 0x00, 0x00, 0x00, 0x00, 0x00, 0x00,
  0x00, 0x01, 0x01, 0x00, 0x00, 0x00, 0x00, 0x00, 0x00, 0x00, 0x00, 0x00, 0x00, 0x05, 0x09, 0x00,
  0x02, 0x05, 0x03, 0x01, 0x01, 0x0b, 0x13, 0x01, 0x00, 0x00, 0x00, 0x00, 0x00, 0x00, 0x00, 0x00,
  0x00, 0x00, 0x00, 0x00, 0x00, 0x00, 0x00, 0x00, 0x00, 0x00, 0x00, 0x00, 0x00, 0x00, 0x00, 0x00,
  0x00, 0x00, 0x00, 0x00, 0x00, 0x00, 0x00, 0x00, 0x00, 0x00, 0x00, 0x03, 0x01, 0x00, 0x00, 0x00,
  0x00, 0x00, 0x00, 0x00, 0x00, 0x00, 0x00, 0x00, 0x00, 0x00, 0x00, 0x00, 0x00, 0x00, 0x00, 0x00,
  0x00, 0x00, 0x00, 0x00, 0x00, 0x00, 0x00, 0x00, 0x00, 0x00, 0x00, 0x00, 0x00, 0x00, 0x00, 0x00,
  0x00, 0x00, 0x00, 0x00, 0x00, 0x00, 0x00, 0x00, 0x00, 0x00, 0x00, 0x00, 0x00, 0x00, 0x00, 0x00,
  0x00, 0x00, 0x00, 0x00, 0x00, 0x00, 0x00, 0x00, 0x00, 0x00, 0x00, 0x00, 0x00, 0x00, 0x00, 0x00,
  0x00, 0x00, 0x00, 0x00, 0x00, 0x00, 0x00, 0x00, 0x00, 0x00, 0x00, 0x00, 0x00, 0x01, 0x08, 0x07,
  0x0b, 0x23, 0x20, 0x0b, 0x00, 0x00, 0x00, 0x00, 0x01, 0x01, 0x00, 0x00, 0x00, 0x00, 0x00, 0x00,
  0x00, 0x00, 0x00, 0x00, 0x00, 0x00, 0x00, 0x00, 0x00, 0x00, 0x00, 0x00, 0x0f, 0x07, 0x00, 0x00,
  0x00, 0x00, 0x05, 0x00, 0x25, 0x50, 0x0e, 0x00, 0x00, 0x00, 0x00, 0x00, 0x00, 0x00, 0x00, 0x00,
  0x00, 0x00, 0x01, 0x01, 0x00, 0x00, 0x00, 0x00, 0x00, 0x00, 0x00, 0x00, 0x00, 0x00, 0x00, 0x00,
  0x00, 0x00, 0x00, 0x00, 0x00, 0x00, 0x00, 0x00, 0x00, 0x00, 0x00, 0x00, 0x00, 0x00, 0x00, 0x00,
  0x00, 0x00, 0x00, 0x00, 0x00, 0x00, 0x00, 0x00, 0x00, 0x00, 0x00, 0x00, 0x00, 0x00, 0x00, 0x00,
  0x00, 0x03, 0x05, 0x00, 0x01, 0x01, 0x00, 0x00, 0x00, 0x00, 0x00, 0x01, 0x00, 0x00, 0x00, 0x00,
  0x00, 0x00, 0x00, 0x00, 0x00, 0x00, 0x00, 0x00, 0x00, 0x00, 0x00, 0x00, 0x00, 0x00, 0x00, 0x00,
  0x00, 0x00, 0x00, 0x00, 0x00, 0x00, 0x00, 0x02, 0x03, 0x00, 0x03, 0x08, 0x06, 0x01, 0x01, 0x04,
  0x06, 0x03, 0x00, 0x00, 0x00, 0x00, 0x00, 0x00, 0x00, 0x00, 0x00, 0x00, 0x00, 0x00, 0x00, 0x00,
  0x00, 0x00, 0x00, 0x00, 0x00, 0x00, 0x00, 0x00, 0x00, 0x00, 0x00, 0x00, 0x00, 0x00, 0x00, 0x00,
  0x00, 0x00, 0x00, 0x00, 0x00, 0x00, 0x00, 0x00, 0x00, 0x00, 0x00, 0x00, 0x00, 0x00, 0x00, 0x00,
  0x00, 0x00, 0x00, 0x00, 0x00, 0x00, 0x00, 0x00, 0x00, 0x00, 0x00, 0x00, 0x00, 0x00, 0x00, 0x00,
  0x00, 0x00, 0x00, 0x00, 0x00, 0x00, 0x00, 0x00, 0x00, 0x00, 0x00, 0x00, 0x00, 0x00, 0x00, 0x00,
  0x00, 0x00, 0x00, 0x00, 0x00, 0x00, 0x00, 0x00, 0x00, 0x00, 0x00, 0x00, 0x00, 0x00, 0x00, 0x00,
  0x00, 0x00, 0x00, 0x00, 0x00, 0x00, 0x00, 0x00, 0x00, 0x00, 0x00, 0x00, 0x00, 0x00, 0x00, 0x00,
  0x00, 0x00, 0x00, 0x00, 0x00, 0x00, 0x00, 0x00, 0x03, 0x09, 0x07, 0x02, 0x00, 0x00, 0x01, 0x01,
  0x01, 0x00, 0x00, 0x00, 0x00, 0x00, 0x00, 0x00, 0x00, 0x00, 0x00, 0x00, 0x00, 0x00, 0x00, 0x00,
  0x00, 0x00, 0x00, 0x00, 0x01, 0x00, 0x5a, 0x3e, 0x00, 0x01, 0x00, 0x00, 0x00, 0x01, 0x00, 0x00,
  0x00, 0x00, 0x00, 0x00, 0x00, 0x00, 0x00, 0x00, 0x00, 0x00, 0x00, 0x00, 0x00, 0x00, 0x00, 0x00,
  0x00, 0x00, 0x00, 0x00, 0x00, 0x00, 0x00, 0x00, 0x00, 0x00, 0x00, 0x00, 0x00, 0x00, 0x00, 0x00,
  0x00, 0x00, 0x00, 0x00, 0x00, 0x00, 0x00, 0x00, 0x00, 0x00, 0x00, 0x00, 0x00, 0x00, 0x01, 0x00,
  0x00, 0x00, 0x00, 0x00, 0x00, 0x00, 0x00, 0x00, 0x00, 0x00, 0x00, 0x00, 0x00, 0x00, 0x00, 0x00,
  0x00, 0x00, 0x00, 0x00, 0x00, 0x00, 0x00, 0x00, 0x00, 0x00, 0x00, 0x00, 0x00, 0x00, 0x00, 0x00,
  0x00, 0x00, 0x00, 0x00, 0x00, 0x00, 0x00, 0x00, 0x00, 0x00, 0x00, 0x00, 0x00, 0x00, 0x00, 0x00,
  0x00, 0x00, 0x00, 0x00, 0x00, 0x00, 0x00, 0x00, 0x00, 0x00, 0x00, 0x00, 0x00, 0x01, 0x00, 0x00,
  0x00, 0x00, 0x00, 0x00, 0x00, 0x00, 0x00, 0x00, 0x00, 0x00, 0x00, 0x00, 0x00, 0x00, 0x00, 0x00,
  0x00, 0x00, 0x00, 0x00, 0x00, 0x00, 0x00, 0x00, 0x00, 0x00, 0x00, 0x00, 0x00, 0x00, 0x00, 0x00,
  0x00, 0x00, 0x00, 0x00, 0x00, 0x02, 0x02, 0x00, 0x00, 0x00, 0x00, 0x00, 0x00, 0x00, 0x00, 0x00,
  0x00, 0x00, 0x00, 0x00, 0x00, 0x00, 0x00, 0x00, 0x00, 0x00, 0x00, 0x00, 0x00, 0x00, 0x00, 0x00,
  0x00, 0x00, 0x00, 0x00, 0x00, 0x00, 0x00, 0x00, 0x00, 0x00, 0x00, 0x00, 0x00, 0x00, 0x00, 0x00,
  0x00, 0x00, 0x00, 0x00, 0x00, 0x00, 0x00, 0x00, 0x00, 0x00, 0x00, 0x00, 0x00, 0x00, 0x00, 0x00,
  0x00, 0x00, 0x00, 0x00, 0x00, 0x00, 0x00, 0x00, 0x00, 0x00, 0x00, 0x00, 0x00, 0x00, 0x00, 0x00,
  0x00, 0x00, 0x00, 0x00, 0x00, 0x00, 0x01, 0x00, 0x00, 0x00, 0x00, 0x00, 0x00, 0x00, 0x00, 0x00,
  0x00, 0x00, 0x00, 0x00, 0x00, 0x00, 0x00, 0x00, 0x00, 0x00, 0x00, 0x00, 0x00, 0x00, 0x00, 0x00,
  0x1b, 0x20, 0x01, 0x00, 0x00, 0x00, 0x00, 0x00, 0x02, 0x04, 0x01, 0x00, 0x00, 0x00, 0x00, 0x00,
  0x00, 0x00, 0x00, 0x00, 0x00, 0x00, 0x00, 0x00, 0x00, 0x00, 0x00, 0x00, 0x00, 0x00, 0x00, 0x00,
  0x00, 0x00, 0x00, 0x00, 0x00, 0x00, 0x00, 0x00, 0x00, 0x00, 0x00, 0x00, 0x00, 0x00, 0x00, 0x00,
  0x00, 0x00, 0x00, 0x00, 0x00, 0x00, 0x00, 0x00, 0x00, 0x00, 0x00, 0x00, 0x00, 0x00, 0x00, 0x00,
  0x00, 0x00, 0x00, 0x00, 0x00, 0x00, 0x00, 0x00, 0x00, 0x00, 0x00, 0x00, 0x00, 0x00, 0x00, 0x00,
  0x00, 0x00, 0x00, 0x00, 0x00, 0x00, 0x00, 0x00, 0x00, 0x00, 0x00, 0x00, 0x00, 0x00, 0x00, 0x00,
  0x00, 0x00, 0x00, 0x00, 0x00, 0x00, 0x00, 0x00, 0x00, 0x00, 0x00, 0x00, 0x02, 0x02, 0x00, 0x00,
  0x00, 0x00, 0x00, 0x00, 0x00, 0x00, 0x00, 0x01, 0x00, 0x00, 0x00, 0x00, 0x00, 0x00, 0x00, 0x00,
  0x00, 0x00, 0x00, 0x00, 0x00, 0x00, 0x00, 0x00, 0x00, 0x00, 0x00, 0x00, 0x00, 0x00, 0x00, 0x00,
  0x00, 0x00, 0x00, 0x00, 0x00, 0x00, 0x00, 0x00, 0x00, 0x00, 0x00, 0x00, 0x00, 0x00, 0x00, 0x00,
  0x01, 0x00, 0x00, 0x00, 0x00, 0x00, 0x00, 0x00, 0x00, 0x00, 0x00, 0x00, 0x00, 0x00, 0x00, 0x00,
  0x00, 0x00, 0x00, 0x00, 0x00, 0x00, 0x00, 0x00, 0x00, 0x00, 0x00, 0x00, 0x00, 0x00, 0x00, 0x00,
  0x00, 0x00, 0x00, 0x00, 0x00, 0x00, 0x00, 0x00, 0x00, 0x00, 0x00, 0x00, 0x00, 0x00, 0x00, 0x00,
  0x00, 0x00, 0x00, 0x00, 0x00, 0x00, 0x00, 0x00, 0x00, 0x00, 0x00, 0x00, 0x00, 0x00, 0x00, 0x00,
  0x00, 0x00, 0x00, 0x00, 0x00, 0x00, 0x00, 0x00, 0x00, 0x00, 0x00, 0x00, 0x00, 0x00, 0x00, 0x00,
  0x00, 0x00, 0x00, 0x00, 0x00, 0x00, 0x00, 0x00, 0x00, 0x00, 0x00, 0x00, 0x00, 0x00, 0x00, 0x00,
  0x00, 0x00, 0x00, 0x00, 0x00, 0x00, 0x00, 0x00, 0x00, 0x00, 0x00, 0x00, 0x00, 0x00, 0x00, 0x00,
  0x00, 0x00, 0x00, 0x00, 0x00, 0x00, 0x00, 0x00, 0x00, 0x00, 0x00, 0x00, 0x00, 0x00, 0x00, 0x00,
  0x00, 0x00, 0x00, 0x00, 0x00, 0x00, 0x00, 0x00, 0x00, 0x00, 0x00, 0x00, 0x00, 0x00, 0x00, 0x00,
  0x00, 0x00, 0x00, 0x00, 0x00, 0x00, 0x00, 0x00, 0x00, 0x00, 0x00, 0x00, 0x00, 0x00, 0x00, 0x00,
  0x00, 0x00, 0x00, 0x00, 0x00, 0x00, 0x00, 0x00, 0x00, 0x00, 0x00, 0x00, 0x00, 0x00, 0x00, 0x00,
  0x00, 0x00, 0x00, 0x00, 0x00, 0x00, 0x00, 0x00, 0x00, 0x00, 0x00, 0x00, 0x00, 0x00, 0x00, 0x00,
  0x00, 0x00, 0x00, 0x00, 0x00, 0x00, 0x00, 0x00, 0x00, 0x00, 0x00, 0x00, 0x00, 0x00, 0x00, 0x00,
  0x00, 0x00, 0x00, 0x01, 0x02, 0x01, 0x08, 0x0b, 0x00, 0x00, 0x00, 0x00, 0x01, 0x01, 0x00, 0x00,
  0x00, 0x00, 0x00, 0x00, 0x00, 0x00, 0x00, 0x00, 0x00, 0x00, 0x00, 0x00, 0x00, 0x00, 0x00, 0x00,
  0x00, 0x00, 0x00, 0x00, 0x00, 0x00, 0x00, 0x00, 0x00, 0x00, 0x00, 0x00, 0x00, 0x00, 0x00, 0x00,
  0x00, 0x00, 0x00, 0x00, 0x00, 0x00, 0x00, 0x00, 0x00, 0x00, 0x00, 0x00, 0x00, 0x00, 0x00, 0x00,
  0x00, 0x00, 0x00, 0x00, 0x00, 0x00, 0x00, 0x00, 0x00, 0x00, 0x00, 0x00, 0x00, 0x00, 0x00, 0x00,
  0x00, 0x00, 0x00, 0x00, 0x00, 0x00, 0x00, 0x00, 0x00, 0x00, 0x00, 0x00, 0x00, 0x00, 0x00, 0x00,
  0x00, 0x00, 0x00, 0x00, 0x00, 0x00, 0x00, 0x00, 0x00, 0x00, 0x00, 0x00, 0x00, 0x00, 0x00, 0x00,
  0x00, 0x00, 0x00, 0x00, 0x00, 0x00, 0x00, 0x00, 0x00, 0x00, 0x00, 0x00, 0x00, 0x00, 0x00, 0x00,
  0x00, 0x00, 0x00, 0x00, 0x00, 0x00, 0x00, 0x00, 0x00, 0x00, 0x00, 0x00, 0x00, 0x00, 0x00, 0x00,
  0x00, 0x00, 0x00, 0x00, 0x00, 0x00, 0x00, 0x00, 0x00, 0x00, 0x00, 0x00, 0x00, 0x00, 0x00, 0x00,
  0x00, 0x00, 0x00, 0x00, 0x01, 0x01, 0x00, 0x00, 0x00, 0x00, 0x00, 0x00, 0x00, 0x00, 0x00, 0x00,
  0x00, 0x00, 0x00, 0x00, 0x00, 0x00, 0x00, 0x00, 0x00, 0x00, 0x00, 0x00, 0x00, 0x00, 0x00, 0x00,
  0x00, 0x00, 0x00, 0x00, 0x00, 0x00, 0x00, 0x00, 0x00, 0x00, 0x00, 0x00, 0x00, 0x00, 0x00, 0x00,
  0x00, 0x00, 0x00, 0x00, 0x00, 0x00, 0x00, 0x00, 0x00, 0x00, 0x00, 0x00, 0x00, 0x00, 0x00, 0x00,
  0x00, 0x00, 0x00, 0x00, 0x00, 0x00, 0x00, 0x00, 0x00, 0x00, 0x00, 0x00, 0x00, 0x00, 0x00, 0x00,
  0x00, 0x00, 0x00, 0x00, 0x00, 0x00, 0x00, 0x00, 0x00, 0x00, 0x00, 0x00, 0x00, 0x00, 0x00, 0x00,
  0x00, 0x00, 0x00, 0x00, 0x00, 0x00, 0x00, 0x00, 0x00, 0x00, 0x00, 0x00, 0x00, 0x03, 0x02, 0x18,
  0x33, 0x2b, 0x08, 0x01, 0x01, 0x00, 0x00, 0x00, 0x00, 0x00, 0x00, 0x00, 0x00, 0x00, 0x00, 0x00,
  0x00, 0x00, 0x00, 0x00, 0x00, 0x00, 0x00, 0x00, 0x00, 0x00, 0x00, 0x00, 0x00, 0x00, 0x00, 0x00,
  0x00, 0x00, 0x00, 0x00, 0x00, 0x00, 0x00, 0x00, 0x00, 0x00, 0x00, 0x00, 0x00, 0x00, 0x00, 0x00,
  0x00, 0x00, 0x00, 0x00, 0x00, 0x00, 0x00, 0x00, 0x00, 0x00, 0x00, 0x00, 0x00, 0x00, 0x00, 0x00,
  0x00, 0x00, 0x00, 0x00, 0x00, 0x00, 0x00, 0x00, 0x00, 0x00, 0x00, 0x00, 0x01, 0x00, 0x00, 0x00,
  0x00, 0x00, 0x00, 0x00, 0x00, 0x00, 0x00, 0x00, 0x00, 0x00, 0x00, 0x00, 0x00, 0x00, 0x00, 0x00,
  0x00, 0x00, 0x00, 0x00, 0x00, 0x00, 0x00, 0x00, 0x00, 0x00, 0x00, 0x00, 0x00, 0x00, 0x00, 0x00,
  0x00, 0x00, 0x00, 0x00, 0x00, 0x00, 0x00, 0x00, 0x00, 0x00, 0x00, 0x00, 0x00, 0x00, 0x00, 0x00,
  0x00, 0x00, 0x00, 0x00, 0x00, 0x00, 0x00, 0x00, 0x00, 0x00, 0x00, 0x00, 0x00, 0x00, 0x00, 0x00,
  0x00, 0x00, 0x00, 0x00, 0x00, 0x00, 0x00, 0x00, 0x00, 0x00, 0x00, 0x00, 0x00, 0x00, 0x00, 0x00,
  0x00, 0x00, 0x00, 0x00, 0x00, 0x00, 0x00, 0x00, 0x00, 0x00, 0x00, 0x00, 0x00, 0x00, 0x00, 0x00,
  0x00, 0x00, 0x00, 0x00, 0x00, 0x00, 0x00, 0x00, 0x00, 0x00, 0x00, 0x00, 0x00, 0x00, 0x00, 0x00,
  0x00, 0x00, 0x00, 0x00, 0x00, 0x00, 0x00, 0x00, 0x00, 0x00, 0x00, 0x00, 0x00, 0x00, 0x00, 0x00,
  0x00, 0x00, 0x01, 0x00, 0x00, 0x00, 0x00, 0x00, 0x00, 0x00, 0x00, 0x00, 0x00, 0x00, 0x00, 0x00,
  0x00, 0x00, 0x00, 0x00, 0x00, 0x00, 0x00, 0x00, 0x00, 0x00, 0x00, 0x00, 0x00, 0x00, 0x00, 0x00,
  0x00, 0x00, 0x00, 0x00, 0x00, 0x00, 0x00, 0x00, 0x00, 0x00, 0x00, 0x00, 0x00, 0x00, 0x00, 0x00,
  0x00, 0x00, 0x00, 0x00, 0x00, 0x00, 0x00, 0x02, 0x00, 0x2f, 0xac, 0x90, 0x31, 0x04, 0x01, 0x00,
  0x00, 0x00, 0x00, 0x00, 0x01, 0x01, 0x00, 0x00, 0x00, 0x00, 0x00, 0x00, 0x00, 0x00, 0x00, 0x00,
  0x00, 0x00, 0x00, 0x00, 0x00, 0x00, 0x00, 0x00, 0x00, 0x00, 0x00, 0x00, 0x00, 0x00, 0x00, 0x00,
  0x00, 0x00, 0x00, 0x00, 0x00, 0x00, 0x00, 0x00, 0x00, 0x00, 0x00, 0x00, 0x00, 0x00, 0x00, 0x00,
  0x00, 0x00, 0x00, 0x00, 0x00, 0x01, 0x01, 0x00, 0x00, 0x00, 0x00, 0x00, 0x00, 0x00, 0x00, 0x00,
  0x00, 0x00, 0x00, 0x00, 0x00, 0x01, 0x02, 0x00, 0x00, 0x00, 0x00, 0x00, 0x00, 0x00, 0x00, 0x00,
  0x00, 0x00, 0x00, 0x00, 0x00, 0x00, 0x00, 0x00, 0x00, 0x00, 0x00, 0x00, 0x00, 0x00, 0x00, 0x00,
  0x00, 0x00, 0x00, 0x00, 0x00, 0x00, 0x00, 0x00, 0x00, 0x00, 0x00, 0x00, 0x00, 0x00, 0x00, 0x00,
  0x00, 0x00, 0x00, 0x00, 0x00, 0x00, 0x00, 0x00, 0x00, 0x00, 0x00, 0x00, 0x00, 0x00, 0x00, 0x00,
  0x00, 0x00, 0x00, 0x00, 0x00, 0x00, 0x00, 0x00, 0x00, 0x00, 0x00, 0x00, 0x00, 0x00, 0x00, 0x00,
  0x00, 0x00, 0x00, 0x00, 0x00, 0x00, 0x00, 0x00, 0x00, 0x00, 0x00, 0x00, 0x00, 0x00, 0x00, 0x00,
  0x00, 0x01, 0x00, 0x00, 0x00, 0x00, 0x00, 0x00, 0x00, 0x00, 0x00, 0x00, 0x00, 0x00, 0x00, 0x00,
  0x01, 0x01, 0x08, 0x05, 0x00, 0x00, 0x00, 0x00, 0x00, 0x00, 0x00, 0x00, 0x00, 0x00, 0x00, 0x00,
  0x00, 0x00, 0x00, 0x00, 0x00, 0x00, 0x00, 0x00, 0x00, 0x00, 0x00, 0x00, 0x00, 0x00, 0x00, 0x00,
  0x00, 0x00, 0x00, 0x00, 0x00, 0x00, 0x00, 0x00, 0x00, 0x00, 0x00, 0x00, 0x00, 0x00, 0x00, 0x00,
  0x00, 0x00, 0x00, 0x00, 0x00, 0x00, 0x00, 0x00, 0x00, 0x00, 0x00, 0x00, 0x00, 0x00, 0x00, 0x00,
  0x00, 0x00, 0x00, 0x00, 0x00, 0x00, 0x00, 0x00, 0x00, 0x00, 0x00, 0x00, 0x00, 0x00, 0x00, 0x00,
  0x00, 0x01, 0x00, 0x1a, 0x75, 0x4f, 0x1d, 0x01, 0x01, 0x00, 0x00, 0x00, 0x00, 0x00, 0x00, 0x00,
  0x00, 0x00, 0x00, 0x00, 0x00, 0x00, 0x00, 0x00, 0x00, 0x00, 0x00, 0x00, 0x00, 0x00, 0x00, 0x00,
  0x00, 0x00, 0x00, 0x00, 0x00, 0x00, 0x00, 0x00, 0x00, 0x00, 0x00, 0x00, 0x00, 0x00, 0x00, 0x00,
  0x00, 0x00, 0x00, 0x00, 0x00, 0x00, 0x00, 0x00, 0x00, 0x00, 0x00, 0x00, 0x00, 0x00, 0x00, 0x00,
  0x00, 0x00, 0x00, 0x00, 0x00, 0x00, 0x00, 0x00, 0x00, 0x00, 0x00, 0x00, 0x00, 0x00, 0x00, 0x00,
  0x00, 0x00, 0x00, 0x00, 0x00, 0x00, 0x00, 0x00, 0x00, 0x00, 0x00, 0x00, 0x00, 0x00, 0x00, 0x00,
  0x00, 0x00, 0x00, 0x00, 0x00, 0x00, 0x00, 0x00, 0x00, 0x00, 0x00, 0x00, 0x00, 0x00, 0x00, 0x00,
  0x00, 0x00, 0x00, 0x00, 0x00, 0x00, 0x00, 0x00, 0x00, 0x00, 0x00, 0x00, 0x00, 0x00, 0x00, 0x00,
  0x00, 0x00, 0x00, 0x00, 0x00, 0x00, 0x00, 0x00, 0x00, 0x00, 0x00, 0x00, 0x00, 0x00, 0x00, 0x00,
  0x00, 0x00, 0x00, 0x00, 0x00, 0x00, 0x00, 0x00, 0x00, 0x00, 0x00, 0x00, 0x00, 0x00, 0x00, 0x00,
  0x00, 0x00, 0x00, 0x00, 0x00, 0x00, 0x00, 0x00, 0x00, 0x05, 0x07, 0x00, 0x00, 0x00, 0x00, 0x00,
  0x00, 0x00, 0x00, 0x00, 0x00, 0x00, 0x00, 0x00, 0x00, 0x00, 0x01, 0x01, 0x4e, 0x35, 0x00, 0x01,
  0x00, 0x00, 0x00, 0x00, 0x00, 0x00, 0x00, 0x00, 0x00, 0x00, 0x00, 0x00, 0x00, 0x00, 0x00, 0x00,
  0x00, 0x00, 0x00, 0x00, 0x00, 0x00, 0x00, 0x00, 0x00, 0x00, 0x00, 0x00, 0x00, 0x00, 0x00, 0x00,
  0x00, 0x00, 0x00, 0x00, 0x00, 0x00, 0x00, 0x00, 0x00, 0x00, 0x00, 0x00, 0x00, 0x00, 0x00, 0x00,
  0x00, 0x00, 0x00, 0x00, 0x00, 0x00, 0x00, 0x00, 0x00, 0x00, 0x00, 0x00, 0x00, 0x00, 0x00, 0x00,
  0x00, 0x00, 0x00, 0x00, 0x00, 0x00, 0x00, 0x00, 0x00, 0x00, 0x00, 0x00, 0x00, 0x00, 0x00, 0x01,
  0x00, 0x00, 0x00, 0x00, 0x00, 0x00, 0x00, 0x00, 0x00, 0x00, 0x00, 0x00, 0x00, 0x00, 0x00, 0x00,
  0x00, 0x00, 0x00, 0x00, 0x00, 0x00, 0x00, 0x00, 0x00, 0x00, 0x00, 0x00, 0x00, 0x00, 0x00, 0x00,
  0x00, 0x00, 0x00, 0x00, 0x00, 0x00, 0x00, 0x00, 0x00, 0x00, 0x00, 0x00, 0x00, 0x00, 0x00, 0x00,
  0x00, 0x00, 0x00, 0x00, 0x00, 0x00, 0x00, 0x00, 0x00, 0x00, 0x00, 0x00, 0x00, 0x00, 0x00, 0x00,
  0x00, 0x00, 0x00, 0x00, 0x00, 0x00, 0x00, 0x00, 0x00, 0x00, 0x00, 0x00, 0x00, 0x00, 0x00, 0x00,
  0x00, 0x00, 0x00, 0x00, 0x00, 0x00, 0x00, 0x00, 0x00, 0x00, 0x00, 0x00, 0x00, 0x00, 0x00, 0x00,
  0x00, 0x00, 0x00, 0x00, 0x00, 0x00, 0x00, 0x00, 0x00, 0x00, 0x00, 0x00, 0x00, 0x00, 0x00, 0x00,
  0x00, 0x00, 0x00, 0x00, 0x00, 0x00, 0x00, 0x00, 0x00, 0x00, 0x00, 0x00, 0x00, 0x00, 0x00, 0x00,
  0x00, 0x00, 0x00, 0x00, 0x00, 0x00, 0x00, 0x00, 0x00, 0x00, 0x00, 0x00, 0x00, 0x00, 0x00, 0x00,
  0x00, 0x00, 0x00, 0x00, 0x00, 0x00, 0x00, 0x00, 0x00, 0x00, 0x00, 0x00, 0x00, 0x00, 0x00, 0x00,
  0x00, 0x00, 0x01, 0x01, 0x1a, 0x53, 0x01, 0x00, 0x00, 0x00, 0x00, 0x00, 0x00, 0x00, 0x00, 0x00,
  0x00, 0x00, 0x00, 0x00, 0x00, 0x00, 0x2b, 0x27, 0x00, 0x01, 0x00, 0x00, 0x00, 0x00, 0x00, 0x00,
  0x00, 0x00, 0x00, 0x00, 0x00, 0x00, 0x00, 0x00, 0x00, 0x00, 0x00, 0x00, 0x00, 0x00, 0x00, 0x00,
  0x00, 0x00, 0x00, 0x00, 0x00, 0x00, 0x00, 0x00, 0x00, 0x00, 0x00, 0x00, 0x00, 0x00, 0x00, 0x00,
  0x00, 0x00, 0x00, 0x00, 0x00, 0x00, 0x00, 0x00, 0x00, 0x00, 0x00, 0x00, 0x00, 0x00, 0x00, 0x00,
  0x00, 0x00, 0x00, 0x00, 0x00, 0x00, 0x00, 0x00, 0x00, 0x00, 0x00, 0x00, 0x00, 0x00, 0x00, 0x00,
  0x00, 0x00, 0x00, 0x00, 0x00, 0x00, 0x00, 0x00, 0x02, 0x03, 0x02, 0x00, 0x00, 0x00, 0x00, 0x00,
  0x00, 0x00, 0x00, 0x00, 0x00, 0x00, 0x00, 0x00, 0x00, 0x00, 0x00, 0x00, 0x00, 0x00, 0x00, 0x00,
  0x00, 0x00, 0x00, 0x00, 0x00, 0x00, 0x00, 0x00, 0x00, 0x00, 0x00, 0x00, 0x00, 0x00, 0x00, 0x00,
  0x00, 0x00, 0x00, 0x00, 0x00, 0x00, 0x00, 0x00, 0x00, 0x00, 0x00, 0x00, 0x00, 0x00, 0x00, 0x00,
  0x00, 0x00, 0x00, 0x00, 0x00, 0x00, 0x00, 0x00, 0x00, 0x00, 0x00, 0x00, 0x00, 0x00, 0x00, 0x00,
  0x00, 0x00, 0x00, 0x00, 0x00, 0x00, 0x00, 0x00, 0x00, 0x00, 0x00, 0x00, 0x00, 0x00, 0x00, 0x00,
  0x00, 0x00, 0x00, 0x00, 0x00, 0x00, 0x00, 0x00, 0x00, 0x00, 0x00, 0x00, 0x00, 0x00, 0x00, 0x00,
  0x00, 0x00, 0x00, 0x00, 0x00, 0x00, 0x00, 0x00, 0x00, 0x00, 0x00, 0x00, 0x00, 0x00, 0x00, 0x00,
  0x00, 0x00, 0x00, 0x00, 0x00, 0x00, 0x00, 0x00, 0x00, 0x00, 0x00, 0x00, 0x00, 0x00, 0x00, 0x00,
  0x00, 0x00, 0x00, 0x00, 0x00, 0x00, 0x00, 0x00, 0x00, 0x00, 0x00, 0x00, 0x00, 0x00, 0x00, 0x00,
  0x00, 0x00, 0x00, 0x00, 0x00, 0x00, 0x00, 0x00, 0x00, 0x00, 0x00, 0x00, 0x02, 0x00, 0x1c, 0x5c,
  0x04, 0x00, 0x00, 0x00, 0x00, 0x00, 0x00, 0x00, 0x00, 0x00, 0x00, 0x00, 0x00, 0x00, 0x00, 0x00,
  0x00, 0x00, 0x00, 0x00, 0x00, 0x00, 0x00, 0x00, 0x00, 0x00, 0x00, 0x00, 0x00, 0x00, 0x00, 0x00,
  0x00, 0x00, 0x00, 0x00, 0x00, 0x00, 0x00, 0x00, 0x00, 0x00, 0x00, 0x00, 0x00, 0x00, 0x00, 0x00,
  0x00, 0x00, 0x00, 0x00, 0x00, 0x00, 0x00, 0x00, 0x00, 0x00, 0x00, 0x00, 0x00, 0x00, 0x00, 0x00,
  0x00, 0x00, 0x00, 0x00, 0x00, 0x00, 0x00, 0x00, 0x00, 0x00, 0x00, 0x00, 0x00, 0x00, 0x00, 0x00,
  0x00, 0x00, 0x00, 0x00, 0x00, 0x00, 0x00, 0x00, 0x00, 0x00, 0x00, 0x00, 0x00, 0x00, 0x00, 0x00,
  0x00, 0x00, 0x00, 0x00, 0x00, 0x00, 0x00, 0x00, 0x00, 0x00, 0x00, 0x00, 0x00, 0x00, 0x00, 0x00,
  0x00, 0x00, 0x00, 0x00, 0x00, 0x00, 0x00, 0x00, 0x00, 0x00, 0x00, 0x00, 0x00, 0x00, 0x00, 0x00,
  0x00, 0x00, 0x00, 0x00, 0x00, 0x00, 0x00, 0x00, 0x00, 0x00, 0x00, 0x00, 0x00, 0x00, 0x00, 0x00,
  0x00, 0x00, 0x00, 0x00, 0x00, 0x00, 0x00, 0x00, 0x00, 0x00, 0x00, 0x00, 0x00, 0x00, 0x00, 0x00,
  0x00, 0x00, 0x00, 0x00, 0x00, 0x00, 0x00, 0x00, 0x00, 0x00, 0x00, 0x00, 0x00, 0x00, 0x00, 0x00,
  0x00, 0x00, 0x00, 0x00, 0x00, 0x00, 0x00, 0x00, 0x00, 0x00, 0x00, 0x00, 0x00, 0x00, 0x00, 0x00,
  0x00, 0x00, 0x00, 0x00, 0x00, 0x00, 0x00, 0x00, 0x00, 0x00, 0x00, 0x00, 0x00, 0x00, 0x00, 0x00,
  0x00, 0x00, 0x00, 0x00, 0x00, 0x00, 0x00, 0x00,
};

const lv_image_dsc_t countdown_go = {
  .header = {
    .magic = LV_IMAGE_HEADER_MAGIC,
    .cf = LV_COLOR_FORMAT_RGB565A8,
    .w = 266,
    .h = 188,
    .stride = 532,
  },
  .data_size = sizeof(countdown_go_map),
  .data = countdown_go_map,
};
