#ifdef __has_include
    #if __has_include("lvgl.h")
        #ifndef LV_LVGL_H_INCLUDE_SIMPLE
            #define LV_LVGL_H_INCLUDE_SIMPLE
        #endif
    #endif
#endif

#if defined(LV_LVGL_H_INCLUDE_SIMPLE)
    #include "lvgl.h"
#else
    #include "lvgl/lvgl.h"
#endif

#ifndef LV_ATTRIBUTE_MEM_ALIGN
#define LV_ATTRIBUTE_MEM_ALIGN
#endif

#ifndef LV_ATTRIBUTE_IMAGE_HIT_RING_GREAT
#define LV_ATTRIBUTE_IMAGE_HIT_RING_GREAT
#endif

const LV_ATTRIBUTE_MEM_ALIGN LV_ATTRIBUTE_LARGE_CONST LV_ATTRIBUTE_IMAGE_HIT_RING_GREAT uint8_t hit_ring_great_map[] = {
  0x00, 0x00, 0x00, 0x00, 0x00, 0x00, 0x00, 0x00, 0x00, 0x00, 0x00, 0x00, 0x00, 0x00, 0x00, 0x00,
  0x00, 0x00, 0x00, 0x00, 0x00, 0x00, 0x00, 0x00, 0x00, 0x00, 0x00, 0x00, 0x00, 0x00, 0x00, 0x00,
  0x00, 0x00, 0x00, 0x00, 0x00, 0x00, 0x00, 0x00, 0x00, 0x00, 0x00, 0x00, 0x00, 0x00, 0x00, 0x00,
  0x00, 0x00, 0x00, 0x00, 0x00, 0x00, 0x00, 0x00, 0x00, 0x00, 0x00, 0x00, 0x00, 0x00, 0x00, 0x00,
  0x00, 0x00, 0x00, 0x00, 0x00, 0x00, 0x00, 0x00, 0x10, 0x84, 0x00, 0x00, 0x00, 0x00, 0x00, 0x00,
  0x00, 0x00, 0x00, 0x00, 0x00, 0x00, 0x00, 0x00, 0x00, 0x00, 0x00, 0x00, 0x00, 0x00, 0x00, 0x00,
  0x00, 0x00, 0x00, 0x00, 0x00, 0x00, 0x00, 0x00, 0x00, 0x00, 0x00, 0x00, 0x00, 0x00, 0x00, 0x00,
  0x00, 0x00, 0x00, 0x00, 0x00, 0x00, 0x00, 0x00, 0x00, 0x00, 0x00, 0x00, 0x00, 0x00, 0x00, 0x00,
  0x00, 0x00, 0x00, 0x00, 0x00, 0x00, 0x00, 0x00, 0x00, 0x00, 0x00, 0x00, 0x00, 0x00, 0x00, 0x00,
  0x00, 0x00, 0x00, 0x00, 0x00, 0x00, 0x00, 0x00, 0x00, 0x00, 0x00, 0x00, 0x00, 0x00, 0x00, 0x00,
  0x00, 0x00, 0x00, 0x00, 0x00, 0x00, 0x00, 0x00, 0x00, 0x00, 0x00, 0x00, 0x00, 0x00, 0x00, 0x00,
  0x00, 0x00, 0x00, 0x00, 0x00, 0x00, 0x00, 0x00, 0x00, 0x00, 0x00, 0x00, 0x00, 0x00, 0x00, 0x00,
  0x00, 0x00, 0x00, 0x00, 0x00, 0x00, 0x00, 0x00, 0x00, 0x00, 0x00, 0x00, 0x00, 0x00, 0x00, 0x00,
  0x00, 0x00, 0x00, 0x00, 0x00, 0x00, 0x00, 0x00, 0x00, 0x00, 0x00, 0x00, 0x00, 0x00, 0x00, 0x00,
  0x00, 0x00, 0x00, 0x00, 0x00, 0x00, 0x00, 0x00, 0x00, 0x00, 0x00, 0x00, 0x00, 0x00, 0x00, 0x00,
  0x00, 0x00, 0x00, 0x00, 0x00, 0x00, 0x00, 0x00, 0x00, 0x00, 0x00, 0x00, 0x00, 0x00, 0x00, 0x00,
  0x00, 0x00, 0x00, 0x00, 0x00, 0x00, 0x00, 0x00, 0x00, 0x00, 0x00, 0x00, 0x00, 0x00, 0x00, 0x00,
  0x00, 0x00, 0x00, 0x00, 0x00, 0x00, 0x00, 0x00, 0x00, 0x00, 0x00, 0x00, 0x00, 0x00, 0x00, 0x00,
  0x00, 0x00, 0x00, 0x00, 0x00, 0x00, 0x00, 0x00, 0x00, 0x00, 0x00, 0x00, 0x00, 0x00, 0x00, 0x00,
  0x00, 0x00, 0x00, 0x00, 0xaa, 0x02, 0x00, 0x00, 0x6d, 0x23, 0xcc, 0x22, 0xec, 0x2a, 0x4d, 0x2b,
  0xb0, 0x2a, 0xaa, 0x02, 0xaa, 0x2a, 0x00, 0x00, 0xaa, 0x2a, 0x00, 0x00, 0x00, 0x00, 0x00, 0x00,
  0x00, 0x00, 0x00, 0x00, 0x00, 0x00, 0x00, 0x00, 0x00, 0x00, 0x00, 0x00, 0x00, 0x00, 0x00, 0x00,
  0x00, 0x00, 0x00, 0x00, 0x00, 0x00, 0x00, 0x00, 0x00, 0x00, 0x00, 0x00, 0x00, 0x00, 0x00, 0x00,
  0x00, 0x00, 0x00, 0x00, 0x00, 0x00, 0x00, 0x00, 0x00, 0x00, 0x00, 0x00, 0x00, 0x00, 0x00, 0x00,
  0x00, 0x00, 0x00, 0x00, 0x00, 0x00, 0x00, 0x00, 0x00, 0x00, 0x00, 0x00, 0x00, 0x00, 0x00, 0x00,
  0x00, 0x00, 0x00, 0x00, 0x00, 0x00, 0x00, 0x00, 0x00, 0x00, 0x00, 0x00, 0x00, 0x00, 0x00, 0x00,
  0x00, 0x00, 0x00, 0x00, 0x00, 0x00, 0x00, 0x00, 0x00, 0x00, 0x00, 0x00, 0x00, 0x00, 0x00, 0x00,
  0x00, 0x00, 0x00, 0x00, 0x00, 0x00, 0x00, 0x00, 0x00, 0x00, 0x00, 0x00, 0x00, 0x00, 0x00, 0x00,
  0x00, 0x00, 0x00, 0x00, 0x00, 0x00, 0x00, 0x00, 0x00, 0x00, 0x00, 0x00, 0x00, 0x00, 0x00, 0x00,
  0x00, 0x00, 0x00, 0x00, 0x00, 0x00, 0x00, 0x00, 0x00, 0x00, 0x00, 0x00, 0x00, 0x00, 0x00, 0x00,
  0x00, 0x00, 0x00, 0x00, 0x00, 0x00, 0x00, 0x00, 0x00, 0x00, 0x00, 0x00, 0x00, 0x00, 0x00, 0x00,
  0x00, 0x00, 0x00, 0x00, 0x00, 0x00, 0x00, 0x00, 0x00, 0x00, 0x00, 0x00, 0x00, 0x00, 0x00, 0x00,
  0x00, 0x00, 0x00, 0x00, 0x00, 0x00, 0x00, 0x00, 0x00, 0x00, 0x00, 0x00, 0x00, 0x00, 0x00, 0x00,
  0x00, 0x00, 0x00, 0x00, 0x00, 0x00, 0x00, 0x00, 0x00, 0x00, 0x00, 0x00, 0x00, 0x00, 0x00, 0x00,
  0x00, 0x00, 0x00, 0x00, 0x00, 0x00, 0x00, 0x00, 0x00, 0x00, 0x00, 0x00, 0x00, 0x00, 0x00, 0x00,
  0x00, 0x00, 0x00, 0x00, 0x00, 0x00, 0x00, 0x00, 0x00, 0x00, 0x00, 0x00, 0x00, 0x00, 0x00, 0x00,
  0x00, 0x00, 0x00, 0x00, 0x00, 0x00, 0x00, 0x00, 0x00, 0x00, 0x00, 0x00, 0x00, 0x00, 0x00, 0x00,
  0x00, 0x00, 0x00, 0x00, 0x00, 0x00, 0x00, 0x00, 0x00, 0x00, 0x00, 0x00, 0x00, 0x00, 0x00, 0x00,
  0x00, 0x00, 0x00, 0x00, 0x00, 0x00, 0x00, 0x00, 0x00, 0x00, 0x00, 0x00, 0x00, 0x00, 0x00, 0x00,
  0x00, 0x00, 0x00, 0x00, 0x00, 0x00, 0x00, 0x00, 0x00, 0x00, 0x00, 0x00, 0x00, 0x00, 0x00, 0x00,
  0x00, 0x00, 0x00, 0x00, 0x00, 0x00, 0x00, 0x00, 0x00, 0x00, 0x00, 0x00, 0x00, 0x00, 0x00, 0x00,
  0x00, 0x00, 0x00, 0x00, 0x00, 0x00, 0x00, 0x00, 0x00, 0x00, 0x00, 0x00, 0x00, 0x00, 0x00, 0x00,
  0x00, 0x00, 0x00, 0x00, 0x00, 0x00, 0x00, 0x00, 0x00, 0x00, 0x00, 0x00, 0x00, 0x00, 0x00, 0x00,
  0x00, 0x00, 0x00, 0x00, 0x00, 0x00, 0x00, 0x00, 0x00, 0x00, 0x00, 0x00, 0xaa, 0x02, 0x00, 0x00,
  0x00, 0x00, 0x00, 0x00, 0x10, 0x04, 0xaa, 0x02, 0xcd, 0x22, 0xcd, 0x1a, 0x8b, 0x1a, 0x0d, 0x23,
  0xaa, 0x02, 0x00, 0x00, 0x10, 0x04, 0xaa, 0x02, 0xaa, 0x02, 0x00, 0x00, 0x00, 0x00, 0x00, 0x00,
  0x00, 0x00, 0x00, 0x00, 0x00, 0x00, 0x00, 0x00, 0x00, 0x00, 0x00, 0x00, 0x00, 0x00, 0x00, 0x00,
  0x00, 0x00, 0x00, 0x00, 0x00, 0x00, 0x00, 0x00, 0x00, 0x00, 0x00, 0x00, 0x00, 0x00, 0x00, 0x00,
  0x00, 0x00, 0x00, 0x00, 0x00, 0x00, 0x00, 0x00, 0x00, 0x00, 0x00, 0x00, 0x00, 0x00, 0x00, 0x00,
  0x00, 0x00, 0x00, 0x00, 0x00, 0x00, 0x00, 0x00, 0x00, 0x00, 0x00, 0x00, 0x00, 0x00, 0x00, 0x00,
  0x00, 0x00, 0x00, 0x00, 0x00, 0x00, 0x00, 0x00, 0x00, 0x00, 0x00, 0x00, 0x00, 0x00, 0x00, 0x00,
  0x00, 0x00, 0x00, 0x00, 0x00, 0x00, 0x00, 0x00, 0x00, 0x00, 0x00, 0x00, 0x00, 0x00, 0x00, 0x00,
  0x00, 0x00, 0x00, 0x00, 0x00, 0x00, 0x00, 0x00, 0x00, 0x00, 0x00, 0x00, 0x00, 0x00, 0x00, 0x00,
  0x00, 0x00, 0x00, 0x00, 0x00, 0x00, 0x00, 0x00, 0x00, 0x00, 0x00, 0x00, 0x00, 0x00, 0x00, 0x00,
  0x00, 0x00, 0x00, 0x00, 0x00, 0x00, 0x00, 0x00, 0x00, 0x00, 0x00, 0x00, 0x00, 0x00, 0x00, 0x00,
  0x00, 0x00, 0x00, 0x00, 0x00, 0x00, 0x00, 0x00, 0x00, 0x00, 0x00, 0x00, 0x00, 0x00, 0x00, 0x00,
  0x00, 0x00, 0x00, 0x00, 0x00, 0x00, 0x00, 0x00, 0x00, 0x00, 0x00, 0x00, 0x00, 0x00, 0x00, 0x00,
  0x00, 0x00, 0x00, 0x00, 0x00, 0x00, 0x00, 0x00, 0x00, 0x00, 0x00, 0x00, 0x00, 0x00, 0x00, 0x00,
  0x00, 0x00, 0x00, 0x00, 0x00, 0x00, 0x00, 0x00, 0x00, 0x00, 0x00, 0x00, 0x00, 0x00, 0x00, 0x00,
  0x00, 0x00, 0x00, 0x00, 0x00, 0x00, 0x00, 0x00, 0x00, 0x00, 0x00, 0x00, 0x00, 0x00, 0x00, 0x00,
  0x00, 0x00, 0x00, 0x00, 0x00, 0x00, 0x00, 0x00, 0x00, 0x00, 0x00, 0x00, 0x00, 0x00, 0x00, 0x00,
  0x00, 0x00, 0x00, 0x00, 0x00, 0x00, 0x00, 0x00, 0x00, 0x00, 0x00, 0x00, 0x00, 0x00, 0x00, 0x00,
  0x00, 0x00, 0x00, 0x00, 0x00, 0x00, 0x00, 0x00, 0x00, 0x00, 0x00, 0x00, 0x00, 0x00, 0x00, 0x00,
  0x00, 0x00, 0x00, 0x00, 0x00, 0x00, 0x00, 0x00, 0x00, 0x00, 0x00, 0x00, 0x00, 0x00, 0x00, 0x00,
  0x00, 0x00, 0x00, 0x00, 0x00, 0x00, 0x00, 0x00, 0x00, 0x00, 0x00, 0x00, 0x00, 0x00, 0x00, 0x00,
  0x00, 0x00, 0x00, 0x00, 0x00, 0x00, 0x00, 0x00, 0x00, 0x00, 0x00, 0x00, 0x00, 0x00, 0x00, 0x00,
  0x00, 0x00, 0x00, 0x00, 0x00, 0x00, 0x00, 0x00, 0x00, 0x00, 0x00, 0x00, 0x00, 0x00, 0x00, 0x00,
  0x00, 0x00, 0x00, 0x00, 0x00, 0x00, 0x00, 0x00, 0x00, 0x00, 0x00, 0x00, 0x00, 0x00, 0x00, 0x00,
  0x00, 0x00, 0x00, 0x00, 0x00, 0x00, 0x00, 0x00, 0x00, 0x00, 0x10, 0x04, 0x00, 0x00, 0x00, 0x00,
  0x00, 0x00, 0x00, 0x00, 0xaa, 0x02, 0x2e, 0x23, 0x8f, 0x1b, 0x11, 0x0c, 0x90, 0x0b, 0x0e, 0x1b,
  0xb0, 0x2a, 0x00, 0x00, 0xb0, 0x2a, 0x00, 0x00, 0xaa, 0x02, 0x00, 0x00, 0x00, 0x00, 0x00, 0x00,
  0x00, 0x00, 0x00, 0x00, 0x00, 0x00, 0x00, 0x00, 0x00, 0x00, 0x00, 0x00, 0x00, 0x00, 0x00, 0x00,
  0x00, 0x00, 0x00, 0x00, 0x00, 0x00, 0x00, 0x00, 0x00, 0x00, 0x00, 0x00, 0x00, 0x00, 0x00, 0x00,
  0x00, 0x00, 0x00, 0x00, 0x00, 0x00, 0x00, 0x00, 0x00, 0x00, 0x00, 0x00, 0x00, 0x00, 0x00, 0x00,
  0x00, 0x00, 0x00, 0x00, 0x00, 0x00, 0x00, 0x00, 0x00, 0x00, 0x00, 0x00, 0x00, 0x00, 0x00, 0x00,
  0x00, 0x00, 0x00, 0x00, 0x00, 0x00, 0x00, 0x00, 0x00, 0x00, 0x00, 0x00, 0x00, 0x00, 0x00, 0x00,
  0x00, 0x00, 0x00, 0x00, 0x00, 0x00, 0x00, 0x00, 0x00, 0x00, 0x00, 0x00, 0x00, 0x00, 0x00, 0x00,
  0x00, 0x00, 0x00, 0x00, 0x00, 0x00, 0x00, 0x00, 0x00, 0x00, 0x00, 0x00, 0x00, 0x00, 0x00, 0x00,
  0x00, 0x00, 0x00, 0x00, 0x00, 0x00, 0x00, 0x00, 0x00, 0x00, 0x00, 0x00, 0x00, 0x00, 0x00, 0x00,
  0x00, 0x00, 0x00, 0x00, 0x00, 0x00, 0x00, 0x00, 0x00, 0x00, 0x00, 0x00, 0x00, 0x00, 0x00, 0x00,
  0x00, 0x00, 0x00, 0x00, 0x00, 0x00, 0x00, 0x00, 0x00, 0x00, 0x00, 0x00, 0x00, 0x00, 0x00, 0x00,
  0x00, 0x00, 0x00, 0x00, 0x00, 0x00, 0x00, 0x00, 0x00, 0x00, 0x00, 0x00, 0x00, 0x00, 0x00, 0x00,
  0x00, 0x00, 0x00, 0x00, 0x00, 0x00, 0x00, 0x00, 0x00, 0x00, 0x00, 0x00, 0x00, 0x00, 0x00, 0x00,
  0x00, 0x00, 0x00, 0x00, 0x00, 0x00, 0x00, 0x00, 0x00, 0x00, 0x00, 0x00, 0x00, 0x00, 0x00, 0x00,
  0x00, 0x00, 0x00, 0x00, 0x00, 0x00, 0x00, 0x00, 0x00, 0x00, 0x00, 0x00, 0x00, 0x00, 0x00, 0x00,
  0x00, 0x00, 0x00, 0x00, 0x00, 0x00, 0x00, 0x00, 0x00, 0x00, 0x00, 0x00, 0x00, 0x00, 0x00, 0x00,
  0x00, 0x00, 0x00, 0x00, 0x00, 0x00, 0x00, 0x00, 0x00, 0x00, 0x00, 0x00, 0x00, 0x00, 0x00, 0x00,
  0x00, 0x00, 0x00, 0x00, 0x00, 0x00, 0x00, 0x00, 0x00, 0x00, 0x00, 0x00, 0x00, 0x00, 0x00, 0x00,
  0x00, 0x00, 0x00, 0x00, 0x00, 0x00, 0x00, 0x00, 0x00, 0x00, 0x00, 0x00, 0x00, 0x00, 0x00, 0x00,
  0x00, 0x00, 0x00, 0x00, 0x00, 0x00, 0x00, 0x00, 0x00, 0x00, 0x00, 0x00, 0x00, 0x00, 0x00, 0x00,
  0x00, 0x00, 0x00, 0x00, 0x00, 0x00, 0x00, 0x00, 0x00, 0x00, 0x00, 0x00, 0x00, 0x00, 0x00, 0x00,
  0x00, 0x00, 0x00, 0x00, 0x00, 0x00, 0x00, 0x00, 0x00, 0x00, 0x00, 0x00, 0x00, 0x00, 0x00, 0x00,
  0x00, 0x00, 0x00, 0x00, 0x00, 0x00, 0x00, 0x00, 0x00, 0x00, 0x00, 0x00, 0x00, 0x00, 0x00, 0x00,
  0x00, 0x00, 0x00, 0x00, 0x00, 0x00, 0x00, 0x00, 0x00, 0x00, 0x10, 0x04, 0x00, 0x00, 0x00, 0x00,
  0x00, 0x00, 0x00, 0x00, 0xb0, 0x2a, 0x0d, 0x23, 0x12, 0x1c, 0xdb, 0x15, 0x3b, 0x0e, 0x6f, 0x13,
  0xae, 0x1a, 0x00, 0x00, 0xaa, 0x02, 0x00, 0x00, 0x00, 0x00, 0x00, 0x00, 0x00, 0x00, 0x00, 0x00,
  0x00, 0x00, 0x00, 0x00, 0x00, 0x00, 0x00, 0x00, 0x00, 0x00, 0x00, 0x00, 0x00, 0x00, 0x00, 0x00,
  0x00, 0x00, 0x00, 0x00, 0x00, 0x00, 0x00, 0x00, 0x00, 0x00, 0x00, 0x00, 0x00, 0x00, 0x00, 0x00,
  0x00, 0x00, 0x00, 0x00, 0x00, 0x00, 0x00, 0x00, 0x00, 0x00, 0x00, 0x00, 0x00, 0x00, 0x00, 0x00,
  0x00, 0x00, 0x00, 0x00, 0x00, 0x00, 0x00, 0x00, 0x00, 0x00, 0x00, 0x00, 0x00, 0x00, 0x00, 0x00,
  0x00, 0x00, 0x00, 0x00, 0x00, 0x00, 0x00, 0x00, 0x00, 0x00, 0x00, 0x00, 0x00, 0x00, 0x00, 0x00,
  0x00, 0x00, 0x00, 0x00, 0x00, 0x00, 0x00, 0x00, 0x00, 0x00, 0x00, 0x00, 0x00, 0x00, 0x00, 0x00,
  0x00, 0x00, 0x00, 0x00, 0x00, 0x00, 0x00, 0x00, 0x00, 0x00, 0x00, 0x00, 0x00, 0x00, 0x00, 0x00,
  0x00, 0x00, 0x00, 0x00, 0x00, 0x00, 0x00, 0x00, 0x00, 0x00, 0x00, 0x00, 0x00, 0x00, 0x00, 0x00,
  0x00, 0x00, 0x00, 0x00, 0x00, 0x00, 0x00, 0x00, 0x00, 0x00, 0x00, 0x00, 0x00, 0x00, 0x00, 0x00,
  0x00, 0x00, 0x00, 0x00, 0x00, 0x00, 0x00, 0x00, 0x00, 0x00, 0x00, 0x00, 0x00, 0x00, 0x00, 0x00,
  0x00, 0x00, 0x00, 0x00, 0x00, 0x00, 0x00, 0x00, 0x00, 0x00, 0x00, 0x00, 0x00, 0x00, 0x00, 0x00,
  0x00, 0x00, 0x00, 0x00, 0x00, 0x00, 0x00, 0x00, 0x00, 0x00, 0x00, 0x00, 0x00, 0x00, 0x00, 0x00,
  0x00, 0x00, 0x00, 0x00, 0x00, 0x00, 0x00, 0x00, 0x00, 0x00, 0x00, 0x00, 0x00, 0x00, 0x00, 0x00,
  0x10, 0x04, 0x00, 0x00, 0x00, 0x00, 0x00, 0x00, 0x00, 0x00, 0x00, 0x00, 0x00, 0x00, 0x00, 0x00,
  0x00, 0x00, 0x00, 0x00, 0x00, 0x00, 0x00, 0x00, 0x00, 0x00, 0x00, 0x00, 0x00, 0x00, 0x00, 0x00,
  0x00, 0x00, 0x00, 0x00, 0x00, 0x00, 0x00, 0x00, 0x00, 0x00, 0x00, 0x00, 0x00, 0x00, 0x00, 0x00,
  0x00, 0x00, 0x00, 0x00, 0x00, 0x00, 0x00, 0x00, 0x00, 0x00, 0x00, 0x00, 0x00, 0x00, 0x00, 0x00,
  0x00, 0x00, 0x00, 0x00, 0x00, 0x00, 0x00, 0x00, 0x00, 0x00, 0x00, 0x00, 0x00, 0x00, 0x00, 0x00,
  0x00, 0x00, 0x00, 0x00, 0x00, 0x00, 0x00, 0x00, 0x00, 0x00, 0x00, 0x00, 0x00, 0x00, 0x00, 0x00,
  0x00, 0x00, 0x00, 0x00, 0x00, 0x00, 0x00, 0x00, 0x00, 0x00, 0x00, 0x00, 0x00, 0x00, 0x00, 0x00,
  0x00, 0x00, 0x00, 0x00, 0x00, 0x00, 0x00, 0x00, 0x00, 0x00, 0x00, 0x00, 0x00, 0x00, 0x00, 0x00,
  0x00, 0x00, 0x00, 0x00, 0x00, 0x00, 0x00, 0x00, 0x00, 0x00, 0x00, 0x00, 0x00, 0x00, 0x00, 0x00,
  0x00, 0x00, 0x00, 0x00, 0x00, 0x00, 0x00, 0x00, 0x00, 0x00, 0x00, 0x00, 0x00, 0x00, 0x00, 0x00,
  0x10, 0x04, 0x00, 0x00, 0xb0, 0x2a, 0x4f, 0x2b, 0x90, 0x23, 0x1d, 0x0e, 0x7c, 0x16, 0xb0, 0x13,
  0x0e, 0x23, 0x2c, 0x33, 0x10, 0x44, 0x00, 0x00, 0x00, 0x00, 0x00, 0x00, 0x00, 0x00, 0x00, 0x00,
  0x00, 0x00, 0x00, 0x00, 0x00, 0x00, 0x00, 0x00, 0x00, 0x00, 0x00, 0x00, 0x00, 0x00, 0x00, 0x00,
  0x00, 0x00, 0x00, 0x00, 0x00, 0x00, 0x00, 0x00, 0x00, 0x00, 0x00, 0x00, 0x00, 0x00, 0x00, 0x00,
  0x00, 0x00, 0x00, 0x00, 0x00, 0x00, 0x00, 0x00, 0x00, 0x00, 0x00, 0x00, 0x00, 0x00, 0x00, 0x00,
  0x00, 0x00, 0x00, 0x00, 0x00, 0x00, 0x00, 0x00, 0x00, 0x00, 0x00, 0x00, 0x00, 0x00, 0x00, 0x00,
  0x00, 0x00, 0x00, 0x00, 0x00, 0x00, 0x00, 0x00, 0x00, 0x00, 0x00, 0x00, 0x00, 0x00, 0x00, 0x00,
  0x00, 0x00, 0x00, 0x00, 0x00, 0x00, 0x00, 0x00, 0x00, 0x00, 0x00, 0x00, 0x00, 0x00, 0x00, 0x00,
  0x00, 0x00, 0x00, 0x00, 0x00, 0x00, 0x00, 0x00, 0x00, 0x00, 0x00, 0x00, 0x00, 0x00, 0x00, 0x00,
  0x00, 0x00, 0x00, 0x00, 0x00, 0x00, 0x00, 0x00, 0x00, 0x00, 0x00, 0x00, 0x00, 0x00, 0x00, 0x00,
  0x00, 0x00, 0x00, 0x00, 0x00, 0x00, 0x00, 0x00, 0x00, 0x00, 0x00, 0x00, 0x00, 0x00, 0x00, 0x00,
  0x00, 0x00, 0x00, 0x00, 0x00, 0x00, 0x00, 0x00, 0x00, 0x00, 0x00, 0x00, 0x00, 0x00, 0x00, 0x00,
  0x00, 0x00, 0x00, 0x00, 0x00, 0x00, 0x00, 0x00, 0x00, 0x00, 0x00, 0x00, 0x00, 0x00, 0x00, 0x00,
  0x00, 0x00, 0x00, 0x00, 0x00, 0x00, 0x00, 0x00, 0x00, 0x00, 0x00, 0x00, 0x00, 0x00, 0x00, 0x00,
  0x00, 0x00, 0x00, 0x00, 0x00, 0x00, 0x00, 0x00, 0x00, 0x00, 0x00, 0x00, 0x00, 0x00, 0x00, 0x00,
  0x00, 0x00, 0x00, 0x00, 0x00, 0x00, 0x00, 0x00, 0x00, 0x00, 0x00, 0x00, 0x00, 0x00, 0x00, 0x00,
  0x00, 0x00, 0x00, 0x00, 0x00, 0x00, 0x00, 0x00, 0x00, 0x00, 0x00, 0x00, 0x00, 0x00, 0x00, 0x00,
  0x00, 0x00, 0x00, 0x00, 0x00, 0x00, 0x00, 0x00, 0x00, 0x00, 0x00, 0x00, 0x00, 0x00, 0x00, 0x00,
  0x00, 0x00, 0x00, 0x00, 0x00, 0x00, 0x00, 0x00, 0x00, 0x00, 0x00, 0x00, 0x00, 0x00, 0x00, 0x00,
  0x00, 0x00, 0x00, 0x00, 0x00, 0x00, 0x00, 0x00, 0x00, 0x00, 0x00, 0x00, 0x00, 0x00, 0x00, 0x00,
  0x00, 0x00, 0x00, 0x00, 0x00, 0x00, 0x00, 0x00, 0x00, 0x00, 0x00, 0x00, 0x00, 0x00, 0x00, 0x00,
  0x00, 0x00, 0x00, 0x00, 0x00, 0x00, 0x00, 0x00, 0x00, 0x00, 0x00, 0x00, 0x00, 0x00, 0x00, 0x00,
  0x00, 0x00, 0x00, 0x00, 0x00, 0x00, 0x00, 0x00, 0x00, 0x00, 0x00, 0x00, 0x00, 0x00, 0x00, 0x00,
  0x00, 0x00, 0x00, 0x00, 0x00, 0x00, 0x00, 0x00, 0x00, 0x00, 0x00, 0x00, 0x00, 0x00, 0x00, 0x00,
  0x00, 0x00, 0x00, 0x00, 0x00, 0x00, 0x00, 0x00, 0x00, 0x00, 0x00, 0x00, 0x00, 0x00, 0x00, 0x00,
  0x00, 0x00, 0x00, 0x00, 0x10, 0x44, 0x00, 0x00, 0x6f, 0x23, 0x59, 0x05, 0xb6, 0x0c, 0x4f, 0x1b,
  0xaa, 0x02, 0x2c, 0x1b, 0xaa, 0x02, 0x10, 0x04, 0x00, 0x00, 0x00, 0x00, 0x00, 0x00, 0x00, 0x00,
  0x00, 0x00, 0x00, 0x00, 0x00, 0x00, 0x00, 0x00, 0x00, 0x00, 0x00, 0x00, 0x00, 0x00, 0x00, 0x00,
  0x00, 0x00, 0x00, 0x00, 0x00, 0x00, 0x00, 0x00, 0x00, 0x00, 0x00, 0x00, 0x00, 0x00, 0x00, 0x00,
  0x00, 0x00, 0x00, 0x00, 0x00, 0x00, 0x00, 0x00, 0x00, 0x00, 0x00, 0x00, 0x00, 0x00, 0x00, 0x00,
  0x00, 0x00, 0x00, 0x00, 0x00, 0x00, 0x00, 0x00, 0x00, 0x00, 0x00, 0x00, 0x00, 0x00, 0x00, 0x00,
  0x00, 0x00, 0x00, 0x00, 0x00, 0x00, 0x00, 0x00, 0x00, 0x00, 0x00, 0x00, 0x00, 0x00, 0x00, 0x00,
  0x00, 0x00, 0x00, 0x00, 0x00, 0x00, 0x00, 0x00, 0x00, 0x00, 0x00, 0x00, 0x00, 0x00, 0x00, 0x00,
  0x00, 0x00, 0x00, 0x00, 0x00, 0x00, 0x00, 0x00, 0x00, 0x00, 0x00, 0x00, 0x00, 0x00, 0x00, 0x00,
  0x00, 0x00, 0x00, 0x00, 0x00, 0x00, 0x00, 0x00, 0x00, 0x00, 0x00, 0x00, 0x00, 0x00, 0x00, 0x00,
  0x00, 0x00, 0x00, 0x00, 0x00, 0x00, 0x00, 0x00, 0x00, 0x00, 0x00, 0x00, 0x00, 0x00, 0x00, 0x00,
  0x00, 0x00, 0x00, 0x00, 0x00, 0x00, 0x00, 0x00, 0x00, 0x00, 0x00, 0x00, 0x00, 0x00, 0x00, 0x00,
  0x00, 0x00, 0x00, 0x00, 0x00, 0x00, 0x00, 0x00, 0x00, 0x00, 0x00, 0x00, 0x00, 0x00, 0x00, 0x00,
  0x00, 0x00, 0x00, 0x00, 0x00, 0x00, 0x00, 0x00, 0x00, 0x00, 0x00, 0x00, 0x00, 0x00, 0x00, 0x00,
  0x00, 0x00, 0x00, 0x00, 0x00, 0x00, 0x00, 0x00, 0x00, 0x00, 0x00, 0x00, 0x00, 0x00, 0x00, 0x00,
  0x00, 0x00, 0x00, 0x00, 0x00, 0x00, 0x00, 0x00, 0x00, 0x00, 0x00, 0x00, 0x00, 0x00, 0x00, 0x00,
  0x00, 0x00, 0x00, 0x00, 0x00, 0x00, 0x00, 0x00, 0x00, 0x00, 0x00, 0x00, 0x00, 0x00, 0x00, 0x00,
  0x00, 0x00, 0x00, 0x00, 0x00, 0x00, 0x00, 0x00, 0x00, 0x00, 0x00, 0x00, 0x00, 0x00, 0x00, 0x00,
  0x00, 0x00, 0x00, 0x00, 0x00, 0x00, 0x00, 0x00, 0x00, 0x00, 0x00, 0x00, 0x00, 0x00, 0x00, 0x00,
  0x00, 0x00, 0x00, 0x00, 0x00, 0x00, 0x00, 0x00, 0x00, 0x00, 0x00, 0x00, 0x00, 0x00, 0x00, 0x00,
  0x00, 0x00, 0x00, 0x00, 0x00, 0x00, 0x00, 0x00, 0x00, 0x00, 0x00, 0x00, 0x00, 0x00, 0x00, 0x00,
  0x00, 0x00, 0x00, 0x00, 0x00, 0x00, 0x00, 0x00, 0x00, 0x00, 0x00, 0x00, 0x00, 0x00, 0x00, 0x00,
  0x00, 0x00, 0x00, 0x00, 0x00, 0x00, 0x00, 0x00, 0x00, 0x00, 0x00, 0x00, 0x00, 0x00, 0x00, 0x00,
  0x00, 0x00, 0x00, 0x00, 0x00, 0x00, 0x00, 0x00, 0x00, 0x00, 0x00, 0x00, 0x00, 0x00, 0x00, 0x00,
  0x00, 0x00, 0x00, 0x00, 0x00, 0x00, 0x00, 0x00, 0x00, 0x00, 0x00, 0x00, 0xaa, 0x02, 0x10, 0x04,
  0x00, 0x00, 0x00, 0x00, 0xaa, 0x02, 0x10, 0x23, 0x6d, 0x23, 0x2e, 0x13, 0x0e, 0x13, 0xee, 0x1a,
  0x00, 0x00, 0x00, 0x00, 0x00, 0x00, 0x10, 0x04, 0x10, 0x44, 0x00, 0x00, 0x00, 0x00, 0x00, 0x00,
  0x00, 0x00, 0x00, 0x00, 0x00, 0x00, 0x00, 0x00, 0x00, 0x00, 0x00, 0x00, 0x00, 0x00, 0x00, 0x00,
  0x00, 0x00, 0x00, 0x00, 0x00, 0x00, 0x00, 0x00, 0x00, 0x00, 0x00, 0x00, 0x00, 0x00, 0x00, 0x00,
  0x00, 0x00, 0x00, 0x00, 0x00, 0x00, 0x00, 0x00, 0x00, 0x00, 0x00, 0x00, 0x00, 0x00, 0x00, 0x00,
  0x00, 0x00, 0x00, 0x00, 0x00, 0x00, 0x00, 0x00, 0x00, 0x00, 0x00, 0x00, 0x00, 0x00, 0x00, 0x00,
  0x00, 0x00, 0x00, 0x00, 0x00, 0x00, 0x00, 0x00, 0x00, 0x00, 0x00, 0x00, 0x00, 0x00, 0x00, 0x00,
  0x00, 0x00, 0x00, 0x00, 0x00, 0x00, 0x00, 0x00, 0x00, 0x00, 0x00, 0x00, 0x00, 0x00, 0x00, 0x00,
  0x00, 0x00, 0x00, 0x00, 0x00, 0x00, 0x00, 0x00, 0x00, 0x00, 0x00, 0x00, 0x00, 0x00, 0x00, 0x00,
  0x00, 0x00, 0x00, 0x00, 0x00, 0x00, 0x00, 0x00, 0x00, 0x00, 0x00, 0x00, 0x00, 0x00, 0x00, 0x00,
  0x00, 0x00, 0x00, 0x00, 0x00, 0x00, 0x00, 0x00, 0x00, 0x00, 0x00, 0x00, 0x00, 0x00, 0x00, 0x00,
  0x00, 0x00, 0x00, 0x00, 0x00, 0x00, 0x00, 0x00, 0x00, 0x00, 0x00, 0x00, 0x00, 0x00, 0x00, 0x00,
  0x00, 0x00, 0x00, 0x00, 0x00, 0x00, 0x00, 0x00, 0x00, 0x00, 0x00, 0x00, 0x00, 0x00, 0x00, 0x00,
  0x00, 0x00, 0x00, 0x00, 0x00, 0x00, 0x00, 0x00, 0x00, 0x00, 0x00, 0x00, 0x00, 0x00, 0x00, 0x00,
  0x00, 0x00, 0x00, 0x00, 0x00, 0x00, 0x00, 0x00, 0x00, 0x00, 0x00, 0x00, 0x00, 0x00, 0x00, 0x00,
  0x00, 0x00, 0x00, 0x00, 0x00, 0x00, 0x00, 0x00, 0x00, 0x00, 0x00, 0x00, 0x00, 0x00, 0x00, 0x00,
  0x00, 0x00, 0x00, 0x00, 0x00, 0x00, 0x00, 0x00, 0x00, 0x00, 0x00, 0x00, 0x00, 0x00, 0x00, 0x00,
  0x00, 0x00, 0x00, 0x00, 0x00, 0x00, 0x00, 0x00, 0x00, 0x00, 0x00, 0x00, 0x00, 0x00, 0x00, 0x00,
  0x00, 0x00, 0x00, 0x00, 0x00, 0x00, 0x00, 0x00, 0x00, 0x00, 0x00, 0x00, 0x00, 0x00, 0x00, 0x00,
  0x00, 0x00, 0x00, 0x00, 0x00, 0x00, 0x00, 0x00, 0x00, 0x00, 0x00, 0x00, 0x00, 0x00, 0x00, 0x00,
  0x00, 0x00, 0x00, 0x00, 0x00, 0x00, 0x00, 0x00, 0x00, 0x00, 0x00, 0x00, 0x00, 0x00, 0x00, 0x00,
  0x00, 0x00, 0x00, 0x00, 0x00, 0x00, 0x00, 0x00, 0x00, 0x00, 0x00, 0x00, 0x00, 0x00, 0x00, 0x00,
  0x00, 0x00, 0x00, 0x00, 0x00, 0x00, 0x00, 0x00, 0x00, 0x00, 0x00, 0x00, 0x00, 0x00, 0x00, 0x00,
  0x00, 0x00, 0x00, 0x00, 0x00, 0x00, 0x00, 0x00, 0x00, 0x00, 0x00, 0x00, 0x00, 0x00, 0x00, 0x00,
  0x00, 0x00, 0x00, 0x00, 0x00, 0x00, 0x00, 0x00, 0x00, 0x00, 0x00, 0x00, 0x00, 0x00, 0x00, 0x00,
  0x00, 0x00, 0x00, 0x00, 0x00, 0x00, 0x00, 0x00, 0x00, 0x00, 0x00, 0x00, 0x00, 0x00, 0x00, 0x00,
  0x00, 0x00, 0x00, 0x00, 0x00, 0x00, 0x00, 0x00, 0x00, 0x00, 0x00, 0x00, 0x00, 0x00, 0x00, 0x00,
  0x00, 0x00, 0x00, 0x00, 0x00, 0x00, 0x00, 0x00, 0x00, 0x00, 0x00, 0x00, 0x00, 0x00, 0x00, 0x00,
  0x00, 0x00, 0x00, 0x00, 0x00, 0x00, 0x00, 0x00, 0x00, 0x00, 0x00, 0x00, 0x00, 0x00, 0x00, 0x00,
  0x00, 0x00, 0x00, 0x00, 0x00, 0x00, 0x00, 0x00, 0x00, 0x00, 0x00, 0x00, 0x00, 0x00, 0x00, 0x00,
  0x00, 0x00, 0x00, 0x00, 0x00, 0x00, 0x00, 0x00, 0x00, 0x00, 0x00, 0x00, 0x00, 0x00, 0x00, 0x00,
  0x00, 0x00, 0x00, 0x00, 0x00, 0x00, 0x00, 0x00, 0x00, 0x00, 0x00, 0x00, 0x00, 0x00, 0x00, 0x00,
  0x00, 0x00, 0x00, 0x00, 0x00, 0x00, 0x00, 0x00, 0x00, 0x00, 0x00, 0x00, 0x00, 0x00, 0x00, 0x00,
  0x00, 0x00, 0x00, 0x00, 0x00, 0x00, 0x00, 0x00, 0x00, 0x00, 0x00, 0x00, 0x00, 0x00, 0x00, 0x00,
  0x00, 0x00, 0x00, 0x00, 0x00, 0x00, 0x00, 0x00, 0x00, 0x00, 0x00, 0x00, 0x00, 0x00, 0x00, 0x00,
  0x00, 0x00, 0x00, 0x00, 0x00, 0x00, 0x00, 0x00, 0x00, 0x00, 0x00, 0x00, 0x00, 0x00, 0x00, 0x00,
  0x00, 0x00, 0x00, 0x00, 0x00, 0x00, 0x00, 0x00, 0x00, 0x00, 0x00, 0x00, 0x00, 0x00, 0x00, 0x00,
  0x00, 0x00, 0x00, 0x00, 0x00, 0x00, 0x00, 0x00, 0x00, 0x00, 0x00, 0x00, 0x00, 0x00, 0x00, 0x00,
  0x00, 0x00, 0x00, 0x00, 0x00, 0x00, 0x00, 0x00, 0x00, 0x00, 0x00, 0x00, 0x00, 0x00, 0x00, 0x00,
  0x00, 0x00, 0x00, 0x00, 0x00, 0x00, 0x00, 0x00, 0x00, 0x00, 0x00, 0x00, 0x00, 0x00, 0x00, 0x00,
  0x00, 0x00, 0x00, 0x00, 0x00, 0x00, 0x00, 0x00, 0x00, 0x00, 0x00, 0x00, 0x00, 0x00, 0x00, 0x00,
  0x00, 0x00, 0x00, 0x00, 0x00, 0x00, 0x00, 0x00, 0x00, 0x00, 0x00, 0x00, 0x00, 0x00, 0x00, 0x00,
  0x00, 0x00, 0x00, 0x00, 0x00, 0x00, 0x00, 0x00, 0x00, 0x00, 0x00, 0x00, 0x00, 0x00, 0x00, 0x00,
  0x00, 0x00, 0x00, 0x00, 0x00, 0x00, 0x00, 0x00, 0x00, 0x00, 0x00, 0x00, 0x00, 0x00, 0x00, 0x00,
  0x00, 0x00, 0x00, 0x00, 0x00, 0x00, 0x00, 0x00, 0x00, 0x00, 0x00, 0x00, 0x00, 0x00, 0x00, 0x00,
  0x00, 0x00, 0x00, 0x00, 0x00, 0x00, 0x00, 0x00, 0x1f, 0x00, 0x00, 0x00, 0x00, 0x00, 0x00, 0x00,
  0x00, 0x00, 0x00, 0x00, 0x00, 0x00, 0x00, 0x00, 0x00, 0x00, 0x00, 0x00, 0x00, 0x00, 0x00, 0x00,
  0x00, 0x00, 0x00, 0x00, 0x00, 0x00, 0x00, 0x00, 0x00, 0x00, 0x00, 0x00, 0x00, 0x00, 0x00, 0x00,
  0x00, 0x00, 0x00, 0x00, 0x00, 0x00, 0x00, 0x00, 0x00, 0x00, 0x00, 0x00, 0x00, 0x00, 0x00, 0x00,
  0x00, 0x00, 0x00, 0x00, 0x00, 0x00, 0x00, 0x00, 0x00, 0x00, 0x00, 0x00, 0x00, 0x00, 0x00, 0x00,
  0x00, 0x00, 0x00, 0x00, 0x00, 0x00, 0x00, 0x00, 0xaa, 0x02, 0x00, 0x00, 0x00, 0x00, 0x00, 0x00,
  0x00, 0x00, 0x00, 0x00, 0x00, 0x00, 0x00, 0x00, 0x00, 0x00, 0x00, 0x00, 0x00, 0x00, 0x00, 0x00,
  0x00, 0x00, 0x00, 0x00, 0x00, 0x00, 0x00, 0x00, 0x00, 0x00, 0x00, 0x00, 0x00, 0x00, 0x00, 0x00,
  0x00, 0x00, 0x00, 0x00, 0x00, 0x00, 0x00, 0x00, 0x00, 0x00, 0x00, 0x00, 0x00, 0x00, 0x00, 0x00,
  0x00, 0x00, 0x00, 0x00, 0x00, 0x00, 0x00, 0x00, 0x00, 0x00, 0x00, 0x00, 0x00, 0x00, 0x00, 0x00,
  0x00, 0x00, 0x00, 0x00, 0x00, 0x00, 0x00, 0x00, 0x00, 0x00, 0x00, 0x00, 0x00, 0x00, 0x00, 0x00,
  0x00, 0x00, 0x00, 0x00, 0x00, 0x00, 0x00, 0x00, 0x00, 0x00, 0x00, 0x00, 0x00, 0x00, 0x00, 0x00,
  0x00, 0x00, 0x00, 0x00, 0x00, 0x00, 0x00, 0x00, 0x00, 0x00, 0x00, 0x00, 0x00, 0x00, 0x00, 0x00,
  0x00, 0x00, 0x00, 0x00, 0x00, 0x00, 0x00, 0x00, 0x00, 0x00, 0x00, 0x00, 0x00, 0x00, 0x00, 0x00,
  0x00, 0x00, 0x00, 0x00, 0x00, 0x00, 0x00, 0x00, 0x00, 0x00, 0x00, 0x00, 0x00, 0x00, 0x00, 0x00,
  0x00, 0x00, 0x00, 0x00, 0x00, 0x00, 0x00, 0x00, 0x00, 0x00, 0x00, 0x00, 0x00, 0x00, 0x00, 0x00,
  0x00, 0x00, 0x00, 0x00, 0x00, 0x00, 0x00, 0x00, 0x00, 0x00, 0x00, 0x00, 0x00, 0x00, 0x00, 0x00,
  0x00, 0x00, 0x00, 0x00, 0x00, 0x00, 0x00, 0x00, 0x00, 0x00, 0x00, 0x00, 0x00, 0x00, 0x00, 0x00,
  0x00, 0x00, 0x00, 0x00, 0x00, 0x00, 0x00, 0x00, 0x00, 0x00, 0x00, 0x00, 0x00, 0x00, 0x00, 0x00,
  0x00, 0x00, 0x00, 0x00, 0x00, 0x00, 0x00, 0x00, 0x00, 0x00, 0x00, 0x00, 0x00, 0x00, 0x00, 0x00,
  0x00, 0x00, 0x00, 0x00, 0x00, 0x00, 0x00, 0x00, 0x00, 0x00, 0x00, 0x00, 0x00, 0x00, 0x00, 0x00,
  0x00, 0x00, 0x00, 0x00, 0x00, 0x00, 0x00, 0x00, 0x00, 0x00, 0x00, 0x00, 0x00, 0x00, 0x00, 0x00,
  0x00, 0x00, 0x00, 0x00, 0x00, 0x00, 0x00, 0x00, 0x00, 0x00, 0x00, 0x00, 0x00, 0x00, 0x00, 0x00,
  0x00, 0x00, 0x00, 0x00, 0x00, 0x00, 0x00, 0x00, 0x00, 0x00, 0x00, 0x00, 0x00, 0x00, 0x00, 0x00,
  0x00, 0x00, 0x00, 0x00, 0x00, 0x00, 0x00, 0x00, 0x00, 0x00, 0x00, 0x00, 0x00, 0x00, 0x00, 0x00,
  0x00, 0x00, 0x00, 0x00, 0x00, 0x00, 0x00, 0x00, 0x00, 0x00, 0x00, 0x00, 0x00, 0x00, 0x00, 0x00,
  0x00, 0x00, 0x00, 0x00, 0x00, 0x00, 0x00, 0x00, 0x00, 0x00, 0x00, 0x00, 0x00, 0x00, 0x00, 0x00,
  0x00, 0x00, 0x00, 0x00, 0x00, 0x00, 0x00, 0x00, 0x00, 0x00, 0x00, 0x00, 0x00, 0x00, 0x00, 0x00,
  0x00, 0x00, 0x00, 0x00, 0x00, 0x00, 0x00, 0x00, 0x00, 0x00, 0x00, 0x00, 0x00, 0x00, 0x00, 0x00,
  0x00, 0x00, 0x00, 0x00, 0x00, 0x00, 0x00, 0x00, 0x00, 0x00, 0x00, 0x00, 0x00, 0x00, 0x00, 0x00,
  0x00, 0x00, 0x00, 0x00, 0x00, 0x00, 0x00, 0x00, 0x00, 0x00, 0x00, 0x00, 0x00, 0x00, 0x00, 0x00,
  0x00, 0x00, 0x00, 0x00, 0x00, 0x00, 0x00, 0x00, 0x00, 0x00, 0x00, 0x00, 0x00, 0x00, 0x00, 0x00,
  0x00, 0x00, 0x00, 0x00, 0x00, 0x00, 0x00, 0x00, 0x00, 0x00, 0x00, 0x00, 0x00, 0x00, 0x00, 0x00,
  0x00, 0x00, 0x00, 0x00, 0x00, 0x00, 0x00, 0x00, 0x00, 0x00, 0x00, 0x00, 0x00, 0x00, 0x00, 0x00,
  0x00, 0x00, 0x00, 0x00, 0x00, 0x00, 0x00, 0x00, 0x00, 0x00, 0x00, 0x00, 0x00, 0x00, 0x00, 0x00,
  0x00, 0x00, 0x00, 0x00, 0x00, 0x00, 0x00, 0x00, 0x00, 0x00, 0x00, 0x00, 0x00, 0x00, 0x00, 0x00,
  0x00, 0x00, 0x00, 0x00, 0x00, 0x00, 0x00, 0x00, 0x00, 0x00, 0x00, 0x00, 0x00, 0x00, 0x00, 0x00,
  0x00, 0x00, 0x00, 0x00, 0x00, 0x00, 0x00, 0x00, 0x00, 0x00, 0x00, 0x00, 0x00, 0x00, 0x00, 0x00,
  0x00, 0x00, 0x00, 0x00, 0x00, 0x00, 0x00, 0x00, 0x00, 0x00, 0x00, 0x00, 0x00, 0x00, 0x00, 0x00,
  0x00, 0x00, 0x00, 0x00, 0x00, 0x00, 0x00, 0x00, 0x00, 0x00, 0x00, 0x00, 0x00, 0x00, 0x00, 0x00,
  0x00, 0x00, 0x00, 0x00, 0x00, 0x00, 0x00, 0x00, 0x00, 0x00, 0x00, 0x00, 0x00, 0x00, 0x00, 0x00,
  0x00, 0x00, 0x00, 0x00, 0x00, 0x00, 0x00, 0x00, 0x00, 0x00, 0x00, 0x00, 0x00, 0x00, 0x00, 0x00,
  0x00, 0x00, 0x00, 0x00, 0x00, 0x00, 0x00, 0x00, 0x00, 0x00, 0x00, 0x00, 0x00, 0x00, 0x00, 0x00,
  0x00, 0x00, 0x00, 0x00, 0x00, 0x00, 0x00, 0x00, 0x00, 0x00, 0x00, 0x00, 0x00, 0x00, 0x00, 0x00,
  0x00, 0x00, 0x00, 0x00, 0x00, 0x00, 0x00, 0x00, 0x00, 0x00, 0x00, 0x00, 0x00, 0x00, 0x00, 0x00,
  0x00, 0x00, 0x00, 0x00, 0x00, 0x00, 0x00, 0x00, 0x00, 0x00, 0x00, 0x00, 0x00, 0x00, 0x00, 0x00,
  0x00, 0x00, 0x00, 0x00, 0x00, 0x00, 0x00, 0x00, 0x00, 0x00, 0x00, 0x00, 0x00, 0x00, 0x00, 0x00,
  0x00, 0x00, 0x00, 0x00, 0x00, 0x00, 0x00, 0x00, 0x00, 0x00, 0x00, 0x00, 0x00, 0x00, 0x00, 0x00,
  0x00, 0x00, 0x00, 0x00, 0x00, 0x00, 0x00, 0x00, 0x00, 0x00, 0x00, 0x00, 0x00, 0x00, 0x00, 0x00,
  0x00, 0x00, 0x00, 0x00, 0x00, 0x00, 0x00, 0x00, 0x1f, 0x00, 0x00, 0x00, 0x00, 0x00, 0x00, 0x00,
  0x00, 0x00, 0x00, 0x00, 0x00, 0x00, 0x00, 0x00, 0x00, 0x00, 0x00, 0x00, 0x00, 0x00, 0x00, 0x00,
  0x00, 0x00, 0x00, 0x00, 0x00, 0x00, 0x00, 0x00, 0x00, 0x00, 0x00, 0x00, 0x00, 0x00, 0x00, 0x00,
  0x00, 0x00, 0x00, 0x00, 0x00, 0x00, 0x00, 0x00, 0x00, 0x00, 0x00, 0x00, 0x00, 0x00, 0x00, 0x00,
  0x00, 0x00, 0x00, 0x00, 0x00, 0x00, 0x00, 0x00, 0x00, 0x00, 0x00, 0x00, 0x00, 0x00, 0x00, 0x00,
  0x00, 0x00, 0x00, 0x00, 0x00, 0x00, 0x00, 0x00, 0x00, 0x00, 0x00, 0x00, 0x00, 0x00, 0x00, 0x00,
  0x00, 0x00, 0x00, 0x00, 0x00, 0x00, 0x00, 0x00, 0x00, 0x00, 0x00, 0x00, 0x00, 0x00, 0x00, 0x00,
  0x00, 0x00, 0x00, 0x00, 0x00, 0x00, 0x00, 0x00, 0x00, 0x00, 0x00, 0x00, 0x00, 0x00, 0x00, 0x00,
  0x00, 0x00, 0x00, 0x00, 0x00, 0x00, 0x00, 0x00, 0x00, 0x00, 0x00, 0x00, 0x00, 0x00, 0x00, 0x00,
  0x00, 0x00, 0x00, 0x00, 0x00, 0x00, 0x00, 0x00, 0x00, 0x00, 0x00, 0x00, 0x00, 0x00, 0x00, 0x00,
  0x00, 0x00, 0x00, 0x00, 0x00, 0x00, 0x00, 0x00, 0x00, 0x00, 0x00, 0x00, 0x00, 0x00, 0x00, 0x00,
  0x00, 0x00, 0x00, 0x00, 0x00, 0x00, 0x00, 0x00, 0x00, 0x00, 0x00, 0x00, 0x00, 0x00, 0x00, 0x00,
  0x00, 0x00, 0x00, 0x00, 0x00, 0x00, 0x00, 0x00, 0x00, 0x00, 0x00, 0x00, 0x00, 0x00, 0x00, 0x00,
  0x00, 0x00, 0x00, 0x00, 0x00, 0x00, 0x00, 0x00, 0x00, 0x00, 0x00, 0x00, 0x00, 0x00, 0x00, 0x00,
  0x00, 0x00, 0x00, 0x00, 0x00, 0x00, 0x00, 0x00, 0x00, 0x00, 0x00, 0x00, 0x00, 0x00, 0x00, 0x00,
  0x00, 0x00, 0x00, 0x00, 0x00, 0x00, 0x00, 0x00, 0x00, 0x00, 0x00, 0x00, 0x00, 0x00, 0x00, 0x00,
  0x00, 0x00, 0x00, 0x00, 0x00, 0x00, 0x00, 0x00, 0x00, 0x00, 0x00, 0x00, 0x00, 0x00, 0x00, 0x00,
  0x00, 0x00, 0x00, 0x00, 0x00, 0x00, 0x00, 0x00, 0x00, 0x00, 0x00, 0x00, 0x00, 0x00, 0x00, 0x00,
  0x00, 0x00, 0x00, 0x00, 0x00, 0x00, 0x00, 0x00, 0x00, 0x00, 0x00, 0x00, 0x00, 0x00, 0x00, 0x00,
  0x00, 0x00, 0x00, 0x00, 0x00, 0x00, 0x00, 0x00, 0x00, 0x00, 0x00, 0x00, 0x00, 0x00, 0x00, 0x00,
  0x00, 0x00, 0x00, 0x00, 0x00, 0x00, 0x00, 0x00, 0x00, 0x00, 0x00, 0x00, 0x00, 0x00, 0x00, 0x00,
  0x00, 0x00, 0x00, 0x00, 0x00, 0x00, 0x00, 0x00, 0x00, 0x00, 0x00, 0x00, 0x00, 0x00, 0x00, 0x00,
  0x00, 0x00, 0x00, 0x00, 0x00, 0x00, 0x00, 0x00, 0x00, 0x00, 0x00, 0x00, 0x00, 0x00, 0x00, 0x00,
  0x00, 0x00, 0x00, 0x00, 0x00, 0x00, 0x00, 0x00, 0x00, 0x00, 0x00, 0x00, 0x00, 0x00, 0x00, 0x00,
  0x00, 0x00, 0x00, 0x00, 0x00, 0x00, 0x00, 0x00, 0x00, 0x00, 0x00, 0x00, 0x00, 0x00, 0x00, 0x00,
  0x00, 0x00, 0x00, 0x00, 0x00, 0x00, 0x00, 0x00, 0x00, 0x00, 0x00, 0x00, 0x00, 0x00, 0x00, 0x00,
  0x00, 0x00, 0x00, 0x00, 0x00, 0x00, 0x00, 0x00, 0x00, 0x00, 0x00, 0x00, 0x00, 0x00, 0x00, 0x00,
  0x00, 0x00, 0x00, 0x00, 0x00, 0x00, 0x00, 0x00, 0x00, 0x00, 0x00, 0x00, 0x00, 0x00, 0x00, 0x00,
  0x00, 0x00, 0x10, 0x04, 0x00, 0x00, 0x00, 0x00, 0x00, 0x00, 0x00, 0x00, 0x00, 0x00, 0x00, 0x00,
  0x00, 0x00, 0x00, 0x00, 0x00, 0x00, 0x00, 0x00, 0x00, 0x00, 0x00, 0x00, 0x00, 0x00, 0x00, 0x00,
  0x00, 0x00, 0x00, 0x00, 0x00, 0x00, 0x00, 0x00, 0x00, 0x00, 0x00, 0x00, 0x00, 0x00, 0x00, 0x00,
  0x00, 0x00, 0x00, 0x00, 0x00, 0x00, 0x00, 0x00, 0x00, 0x00, 0x00, 0x00, 0x00, 0x00, 0x00, 0x00,
  0x00, 0x00, 0x00, 0x00, 0x00, 0x00, 0x00, 0x00, 0x00, 0x00, 0x00, 0x00, 0x00, 0x00, 0x00, 0x00,
  0x00, 0x00, 0x00, 0x00, 0x00, 0x00, 0x00, 0x00, 0x00, 0x00, 0x00, 0x00, 0x00, 0x00, 0x00, 0x00,
  0x00, 0x00, 0x00, 0x00, 0x00, 0x00, 0x00, 0x00, 0x00, 0x00, 0x00, 0x00, 0x00, 0x00, 0x00, 0x00,
  0x00, 0x00, 0x00, 0x00, 0x00, 0x00, 0x00, 0x00, 0x00, 0x00, 0x00, 0x00, 0x00, 0x00, 0x00, 0x00,
  0x00, 0x00, 0x00, 0x00, 0x00, 0x00, 0x00, 0x00, 0x00, 0x00, 0x00, 0x00, 0x00, 0x00, 0x00, 0x00,
  0x00, 0x00, 0x00, 0x00, 0x00, 0x00, 0x00, 0x00, 0x00, 0x00, 0x00, 0x00, 0x00, 0x00, 0x00, 0x00,
  0x00, 0x00, 0x00, 0x00, 0x00, 0x00, 0x00, 0x00, 0x00, 0x00, 0x00, 0x00, 0x00, 0x00, 0x00, 0x00,
  0x00, 0x00, 0x00, 0x00, 0x00, 0x00, 0x00, 0x00, 0x00, 0x00, 0x00, 0x00, 0x00, 0x00, 0x00, 0x00,
  0x00, 0x00, 0x00, 0x00, 0x00, 0x00, 0x00, 0x00, 0x00, 0x00, 0x00, 0x00, 0x00, 0x00, 0x00, 0x00,
  0x00, 0x00, 0x00, 0x00, 0x00, 0x00, 0x00, 0x00, 0x00, 0x00, 0x00, 0x00, 0x00, 0x00, 0x00, 0x00,
  0x00, 0x00, 0x00, 0x00, 0x00, 0x00, 0x00, 0x00, 0x00, 0x00, 0x00, 0x00, 0x00, 0x00, 0x00, 0x00,
  0x00, 0x00, 0x00, 0x00, 0x00, 0x00, 0x00, 0x00, 0x00, 0x00, 0x00, 0x00, 0x00, 0x00, 0x00, 0x00,
  0x00, 0x00, 0x00, 0x00, 0x00, 0x00, 0x00, 0x00, 0x00, 0x00, 0x00, 0x00, 0x00, 0x00, 0x00, 0x00,
  0x00, 0x00, 0x00, 0x00, 0x00, 0x00, 0x00, 0x00, 0x00, 0x00, 0x00, 0x00, 0x00, 0x00, 0x00, 0x00,
  0x00, 0x00, 0x00, 0x00, 0x00, 0x00, 0x00, 0x00, 0x00, 0x00, 0x00, 0x00, 0x00, 0x00, 0x00, 0x00,
  0x00, 0x00, 0x00, 0x00, 0x00, 0x00, 0x00, 0x00, 0x00, 0x00, 0x00, 0x00, 0x00, 0x00, 0x00, 0x00,
  0x00, 0x00, 0x00, 0x00, 0x00, 0x00, 0x00, 0x00, 0x00, 0x00, 0x00, 0x00, 0x00, 0x00, 0x00, 0x00,
  0x00, 0x00, 0x00, 0x00, 0x00, 0x00, 0x00, 0x00, 0x00, 0x00, 0x00, 0x00, 0x00, 0x00, 0x00, 0x00,
  0x00, 0x00, 0x00, 0x00, 0x00, 0x00, 0x00, 0x00, 0x72, 0x23, 0x00, 0x00, 0x00, 0x00, 0x00, 0x00,
  0x00, 0x00, 0x00, 0x00, 0x00, 0x00, 0x00, 0x00, 0x00, 0x00, 0x00, 0x00, 0x00, 0x00, 0x00, 0x00,
  0x00, 0x00, 0x00, 0x00, 0x00, 0x00, 0x00, 0x00, 0x00, 0x00, 0x00, 0x00, 0x00, 0x00, 0x00, 0x00,
  0x00, 0x00, 0x00, 0x00, 0x00, 0x00, 0x00, 0x00, 0x1f, 0x00, 0x00, 0x00, 0x00, 0x00, 0x00, 0x00,
  0x00, 0x00, 0x00, 0x00, 0x00, 0x00, 0x00, 0x00, 0x00, 0x00, 0x00, 0x00, 0x00, 0x00, 0x00, 0x00,
  0x00, 0x00, 0x00, 0x00, 0x00, 0x00, 0x00, 0x00, 0x00, 0x00, 0x00, 0x00, 0x00, 0x00, 0x00, 0x00,
  0x00, 0x00, 0x00, 0x00, 0x00, 0x00, 0x00, 0x00, 0x00, 0x00, 0x00, 0x00, 0x00, 0x00, 0x00, 0x00,
  0x00, 0x00, 0x00, 0x00, 0x00, 0x00, 0x00, 0x00, 0x00, 0x00, 0x00, 0x00, 0x00, 0x00, 0x00, 0x00,
  0x00, 0x00, 0x00, 0x00, 0x00, 0x00, 0x00, 0x00, 0x00, 0x00, 0x00, 0x00, 0x00, 0x00, 0x00, 0x00,
  0x00, 0x00, 0x00, 0x00, 0x00, 0x00, 0x00, 0x00, 0x00, 0x00, 0x00, 0x00, 0x00, 0x00, 0x00, 0x00,
  0x00, 0x00, 0x00, 0x00, 0x00, 0x00, 0x00, 0x00, 0x00, 0x00, 0x00, 0x00, 0x00, 0x00, 0x00, 0x00,
  0x00, 0x00, 0x00, 0x00, 0x00, 0x00, 0x00, 0x00, 0x00, 0x00, 0x00, 0x00, 0x00, 0x00, 0x00, 0x00,
  0x00, 0x00, 0x00, 0x00, 0x00, 0x00, 0x00, 0x00, 0x00, 0x00, 0x00, 0x00, 0x00, 0x00, 0x00, 0x00,
  0x00, 0x00, 0x00, 0x00, 0x00, 0x00, 0x00, 0x00, 0x00, 0x00, 0x00, 0x00, 0x00, 0x00, 0x00, 0x00,
  0x00, 0x00, 0x00, 0x00, 0x00, 0x00, 0x00, 0x00, 0x00, 0x00, 0x00, 0x00, 0x00, 0x00, 0x00, 0x00,
  0x00, 0x00, 0x00, 0x00, 0x00, 0x00, 0x00, 0x00, 0x00, 0x00, 0x00, 0x00, 0x00, 0x00, 0x00, 0x00,
  0x00, 0x00, 0x00, 0x00, 0x00, 0x00, 0x00, 0x00, 0x00, 0x00, 0x00, 0x00, 0x00, 0x00, 0x00, 0x00,
  0x00, 0x00, 0x00, 0x00, 0x00, 0x00, 0x00, 0x00, 0x00, 0x00, 0x00, 0x00, 0x00, 0x00, 0x00, 0x00,
  0x00, 0x00, 0x00, 0x00, 0x00, 0x00, 0x00, 0x00, 0x00, 0x00, 0x00, 0x00, 0x00, 0x00, 0x00, 0x00,
  0x00, 0x00, 0x00, 0x00, 0x00, 0x00, 0x00, 0x00, 0x00, 0x00, 0x00, 0x00, 0x00, 0x00, 0x00, 0x00,
  0x00, 0x00, 0x00, 0x00, 0x00, 0x00, 0x00, 0x00, 0x00, 0x00, 0x00, 0x00, 0x00, 0x00, 0x00, 0x00,
  0x00, 0x00, 0x00, 0x00, 0x00, 0x00, 0x00, 0x00, 0x00, 0x00, 0x00, 0x00, 0x00, 0x00, 0x00, 0x00,
  0x00, 0x00, 0x00, 0x00, 0x00, 0x00, 0x00, 0x00, 0x00, 0x00, 0x00, 0x00, 0x00, 0x00, 0x00, 0x00,
  0x00, 0x00, 0x00, 0x00, 0x00, 0x00, 0x00, 0x00, 0x00, 0x00, 0x00, 0x00, 0x00, 0x00, 0x00, 0x00,
  0x00, 0x00, 0x00, 0x00, 0x00, 0x00, 0x00, 0x00, 0x00, 0x00, 0x00, 0x00, 0x00, 0x00, 0x00, 0x00,
  0x00, 0x00, 0x00, 0x00, 0x00, 0x00, 0x00, 0x00, 0x1f, 0x00, 0x00, 0x00, 0x00, 0x00, 0x00, 0x00,
  0x00, 0x00, 0x00, 0x00, 0x00, 0x00, 0x00, 0x00, 0x00, 0x00, 0x00, 0x00, 0x00, 0x00, 0x00, 0x00,
  0x00, 0x00, 0x1f, 0x00, 0x00, 0x00, 0x00, 0x00, 0x00, 0x00, 0x1f, 0x00, 0x00, 0x00, 0x00, 0x00,
  0x00, 0x00, 0x00, 0x00, 0x00, 0x00, 0x00, 0x00, 0x00, 0x00, 0x1f, 0x00, 0x00, 0x00, 0x00, 0x00,
  0x00, 0x00, 0x00, 0x00, 0x00, 0x00, 0x00, 0x00, 0x00, 0x00, 0x00, 0x00, 0x00, 0x00, 0x00, 0x00,
  0x00, 0x00, 0x00, 0x00, 0x00, 0x00, 0x00, 0x00, 0x00, 0x00, 0x00, 0x00, 0x00, 0x00, 0x00, 0x00,
  0x00, 0x00, 0x00, 0x00, 0x00, 0x00, 0x00, 0x00, 0x00, 0x00, 0x00, 0x00, 0x00, 0x00, 0x00, 0x00,
  0x00, 0x00, 0x00, 0x00, 0x00, 0x00, 0x00, 0x00, 0x00, 0x00, 0x00, 0x00, 0x00, 0x00, 0x00, 0x00,
  0x00, 0x00, 0x00, 0x00, 0x00, 0x00, 0x00, 0x00, 0x00, 0x00, 0x00, 0x00, 0x00, 0x00, 0x00, 0x00,
  0x00, 0x00, 0x00, 0x00, 0x00, 0x00, 0x00, 0x00, 0x00, 0x00, 0x00, 0x00, 0x00, 0x00, 0x00, 0x00,
  0x00, 0x00, 0x00, 0x00, 0x00, 0x00, 0x00, 0x00, 0x00, 0x00, 0x00, 0x00, 0x00, 0x00, 0x00, 0x00,
  0x00, 0x00, 0x00, 0x00, 0x00, 0x00, 0x00, 0x00, 0x00, 0x00, 0x00, 0x00, 0x00, 0x00, 0x00, 0x00,
  0x00, 0x00, 0x00, 0x00, 0x00, 0x00, 0x00, 0x00, 0x00, 0x00, 0x00, 0x00, 0x00, 0x00, 0x00, 0x00,
  0x00, 0x00, 0x00, 0x00, 0x00, 0x00, 0x00, 0x00, 0x00, 0x00, 0x00, 0x00, 0x00, 0x00, 0x00, 0x00,
  0x00, 0x00, 0x00, 0x00, 0x00, 0x00, 0x00, 0x00, 0x00, 0x00, 0x00, 0x00, 0x00, 0x00, 0x00, 0x00,
  0x00, 0x00, 0x00, 0x00, 0x00, 0x00, 0x00, 0x00, 0x00, 0x00, 0x00, 0x00, 0x00, 0x00, 0x00, 0x00,
  0x00, 0x00, 0x00, 0x00, 0x00, 0x00, 0x00, 0x00, 0x00, 0x00, 0x00, 0x00, 0x00, 0x00, 0x00, 0x00,
  0x00, 0x00, 0x00, 0x00, 0x00, 0x00, 0x00, 0x00, 0x00, 0x00, 0x00, 0x00, 0x00, 0x00, 0x00, 0x00,
  0x00, 0x00, 0x00, 0x00, 0x00, 0x00, 0x00, 0x00, 0x00, 0x00, 0x00, 0x00, 0x00, 0x00, 0x00, 0x00,
  0x00, 0x00, 0x00, 0x00, 0x00, 0x00, 0x00, 0x00, 0x00, 0x00, 0x00, 0x00, 0x00, 0x00, 0x00, 0x00,
  0x00, 0x00, 0x00, 0x00, 0x00, 0x00, 0x00, 0x00, 0x00, 0x00, 0x00, 0x00, 0x00, 0x00, 0x00, 0x00,
  0x00, 0x00, 0x00, 0x00, 0x00, 0x00, 0x00, 0x00, 0x00, 0x00, 0x00, 0x00, 0x00, 0x00, 0x00, 0x00,
  0x00, 0x00, 0x00, 0x00, 0x00, 0x00, 0x00, 0x00, 0x00, 0x00, 0x00, 0x00, 0x00, 0x00, 0x00, 0x00,
  0x00, 0x00, 0x00, 0x00, 0x00, 0x00, 0x00, 0x00, 0x00, 0x00, 0x00, 0x00, 0x00, 0x00, 0x00, 0x00,
  0x00, 0x00, 0x00, 0x00, 0x00, 0x00, 0x00, 0x00, 0x00, 0x00, 0x00, 0x00, 0x00, 0x00, 0x00, 0x00,
  0x00, 0x00, 0x00, 0x00, 0x00, 0x00, 0x1f, 0x00, 0x00, 0x00, 0x00, 0x00, 0x00, 0x00, 0x00, 0x00,
  0x00, 0x00, 0x10, 0x04, 0x00, 0x00, 0x00, 0x00, 0x00, 0x00, 0x00, 0x00, 0x00, 0x00, 0x00, 0x00,
  0x00, 0x00, 0x00, 0x00, 0x00, 0x00, 0x00, 0x00, 0x00, 0x00, 0x00, 0x00, 0x00, 0x00, 0x00, 0x00,
  0x00, 0x00, 0x00, 0x00, 0x00, 0x00, 0x00, 0x00, 0x00, 0x00, 0x1f, 0x00, 0x00, 0x00, 0x00, 0x00,
  0x00, 0x00, 0x00, 0x00, 0x00, 0x00, 0x00, 0x00, 0x00, 0x00, 0x00, 0x00, 0x00, 0x00, 0x00, 0x00,
  0x00, 0x00, 0x10, 0x04, 0xb0, 0x2a, 0x00, 0x00, 0x00, 0x00, 0x00, 0x00, 0x00, 0x00, 0x00, 0x00,
  0x00, 0x00, 0x00, 0x00, 0x00, 0x00, 0x00, 0x00, 0x00, 0x00, 0x00, 0x00, 0x00, 0x00, 0x00, 0x00,
  0x00, 0x00, 0x00, 0x00, 0x00, 0x00, 0x00, 0x00, 0x00, 0x00, 0x00, 0x00, 0x00, 0x00, 0x00, 0x00,
  0x00, 0x00, 0x00, 0x00, 0x00, 0x00, 0x00, 0x00, 0x00, 0x00, 0x00, 0x00, 0x00, 0x00, 0x00, 0x00,
  0x00, 0x00, 0x00, 0x00, 0x00, 0x00, 0x00, 0x00, 0x00, 0x00, 0x00, 0x00, 0x00, 0x00, 0x00, 0x00,
  0x00, 0x00, 0x00, 0x00, 0x00, 0x00, 0x00, 0x00, 0x00, 0x00, 0x00, 0x00, 0x00, 0x00, 0x00, 0x00,
  0x00, 0x00, 0x00, 0x00, 0x00, 0x00, 0x00, 0x00, 0x00, 0x00, 0x00, 0x00, 0x00, 0x00, 0x00, 0x00,
  0x00, 0x00, 0x00, 0x00, 0x00, 0x00, 0x00, 0x00, 0x00, 0x00, 0x00, 0x00, 0x00, 0x00, 0x00, 0x00,
  0x00, 0x00, 0x00, 0x00, 0x00, 0x00, 0x00, 0x00, 0x00, 0x00, 0x00, 0x00, 0x00, 0x00, 0x00, 0x00,
  0x00, 0x00, 0x00, 0x00, 0x00, 0x00, 0x00, 0x00, 0x00, 0x00, 0x00, 0x00, 0x00, 0x00, 0x00, 0x00,
  0x00, 0x00, 0x00, 0x00, 0x00, 0x00, 0x00, 0x00, 0x00, 0x00, 0x00, 0x00, 0x00, 0x00, 0x00, 0x00,
  0x00, 0x00, 0x00, 0x00, 0x00, 0x00, 0x00, 0x00, 0x00, 0x00, 0x00, 0x00, 0x00, 0x00, 0x00, 0x00,
  0x00, 0x00, 0x00, 0x00, 0x00, 0x00, 0x00, 0x00, 0x00, 0x00, 0x00, 0x00, 0x00, 0x00, 0x00, 0x00,
  0x00, 0x00, 0x00, 0x00, 0x00, 0x00, 0x00, 0x00, 0x00, 0x00, 0x00, 0x00, 0x00, 0x00, 0x00, 0x00,
  0x00, 0x00, 0x00, 0x00, 0x00, 0x00, 0x00, 0x00, 0x00, 0x00, 0x00, 0x00, 0x00, 0x00, 0x00, 0x00,
  0x00, 0x00, 0x00, 0x00, 0x00, 0x00, 0x00, 0x00, 0x00, 0x00, 0x00, 0x00, 0x00, 0x00, 0x00, 0x00,
  0x00, 0x00, 0x00, 0x00, 0x00, 0x00, 0x00, 0x00, 0x00, 0x00, 0x00, 0x00, 0x00, 0x00, 0x00, 0x00,
  0x00, 0x00, 0x00, 0x00, 0x00, 0x00, 0x00, 0x00, 0x00, 0x00, 0x1f, 0x00, 0x00, 0x00, 0x00, 0x00,
  0x00, 0x00, 0x00, 0x00, 0x00, 0x00, 0x00, 0x00, 0x00, 0x00, 0x00, 0x00, 0x10, 0x04, 0x00, 0x00,
  0x00, 0x00, 0x00, 0x00, 0x00, 0x00, 0x00, 0x00, 0x10, 0x04, 0xb5, 0x02, 0x1f, 0x00, 0x10, 0x23,
  0x10, 0x44, 0x1f, 0x00, 0x50, 0x23, 0x10, 0x1b, 0x31, 0x23, 0x91, 0x23, 0x00, 0x00, 0x1f, 0x00,
  0x1f, 0x00, 0x10, 0x04, 0x00, 0x00, 0x00, 0x00, 0x10, 0x04, 0x00, 0x00, 0x00, 0x00, 0x10, 0x04,
  0x00, 0x00, 0x00, 0x00, 0x1f, 0x00, 0x00, 0x00, 0x33, 0x33, 0x91, 0x23, 0x13, 0x23, 0x00, 0x00,
  0x10, 0x44, 0x10, 0x04, 0x33, 0x33, 0x72, 0x23, 0xb5, 0x02, 0x30, 0x1b, 0x10, 0x1b, 0x72, 0x13,
  0x50, 0x1b, 0x30, 0x13, 0x10, 0x1b, 0x11, 0x13, 0xcf, 0x12, 0x10, 0x04, 0x50, 0x13, 0x10, 0x04,
  0x10, 0x04, 0x30, 0x1b, 0xb5, 0x02, 0x00, 0x00, 0x00, 0x00, 0x00, 0x00, 0x00, 0x00, 0x00, 0x00,
  0x00, 0x00, 0x00, 0x00, 0x00, 0x00, 0x00, 0x00, 0x00, 0x00, 0x00, 0x00, 0x00, 0x00, 0x00, 0x00,
  0x00, 0x00, 0x00, 0x00, 0x00, 0x00, 0x00, 0x00, 0x00, 0x00, 0x00, 0x00, 0x00, 0x00, 0x00, 0x00,
  0x00, 0x00, 0x00, 0x00, 0x00, 0x00, 0x00, 0x00, 0x00, 0x00, 0x00, 0x00, 0x00, 0x00, 0x00, 0x00,
  0x00, 0x00, 0x00, 0x00, 0x00, 0x00, 0x00, 0x00, 0x00, 0x00, 0x00, 0x00, 0x00, 0x00, 0x00, 0x00,
  0x00, 0x00, 0x00, 0x00, 0x00, 0x00, 0x00, 0x00, 0x00, 0x00, 0x00, 0x00, 0x00, 0x00, 0x00, 0x00,
  0x00, 0x00, 0x00, 0x00, 0x00, 0x00, 0x00, 0x00, 0x00, 0x00, 0x00, 0x00, 0x00, 0x00, 0x00, 0x00,
  0x00, 0x00, 0x00, 0x00, 0x00, 0x00, 0x00, 0x00, 0x00, 0x00, 0x00, 0x00, 0x00, 0x00, 0x00, 0x00,
  0x00, 0x00, 0x00, 0x00, 0x00, 0x00, 0x00, 0x00, 0x00, 0x00, 0x00, 0x00, 0x00, 0x00, 0x00, 0x00,
  0x00, 0x00, 0x00, 0x00, 0x00, 0x00, 0x00, 0x00, 0x00, 0x00, 0x00, 0x00, 0x00, 0x00, 0x00, 0x00,
  0x00, 0x00, 0x00, 0x00, 0x00, 0x00, 0x00, 0x00, 0x00, 0x00, 0x00, 0x00, 0x00, 0x00, 0x00, 0x00,
  0x00, 0x00, 0x00, 0x00, 0x00, 0x00, 0x00, 0x00, 0x00, 0x00, 0x00, 0x00, 0x00, 0x00, 0x00, 0x00,
  0x00, 0x00, 0x00, 0x00, 0x00, 0x00, 0x00, 0x00, 0x00, 0x00, 0x00, 0x00, 0x00, 0x00, 0x00, 0x00,
  0x00, 0x00, 0x00, 0x00, 0x00, 0x00, 0x00, 0x00, 0x00, 0x00, 0x00, 0x00, 0x00, 0x00, 0x00, 0x00,
  0x00, 0x00, 0x00, 0x00, 0x00, 0x00, 0x00, 0x00, 0x00, 0x00, 0x00, 0x00, 0x00, 0x00, 0x00, 0x00,
  0x00, 0x00, 0x00, 0x00, 0x00, 0x00, 0x00, 0x00, 0x00, 0x00, 0x00, 0x00, 0x00, 0x00, 0x00, 0x00,
  0x00, 0x00, 0x00, 0x00, 0x00, 0x00, 0x00, 0x00, 0x00, 0x00, 0x00, 0x00, 0x00, 0x00, 0x00, 0x00,
  0x00, 0x00, 0x00, 0x00, 0x00, 0x00, 0x00, 0x00, 0x00, 0x00, 0x00, 0x00, 0x00, 0x00, 0x00, 0x00,
  0x00, 0x00, 0x00, 0x00, 0x00, 0x00, 0x00, 0x00, 0x1f, 0x00, 0x00, 0x00, 0x00, 0x00, 0x00, 0x00,
  0x00, 0x00, 0x00, 0x00, 0x00, 0x00, 0x00, 0x00, 0x00, 0x00, 0x10, 0x23, 0x1f, 0x00, 0x52, 0x2b,
  0x72, 0x23, 0x50, 0x23, 0xb2, 0x1b, 0x34, 0x1c, 0x34, 0x1c, 0x31, 0x23, 0x00, 0x00, 0x10, 0x2c,
  0x00, 0x00, 0x10, 0x04, 0x00, 0x00, 0x00, 0x00, 0xb5, 0x02, 0x00, 0x00, 0x00, 0x00, 0x00, 0x00,
  0x00, 0x00, 0x00, 0x00, 0x00, 0x00, 0x00, 0x00, 0x10, 0x23, 0x91, 0x23, 0x33, 0x33, 0x00, 0x00,
  0x00, 0x00, 0x10, 0x04, 0xb5, 0x02, 0x33, 0x33, 0x52, 0x13, 0x30, 0x1b, 0x91, 0x23, 0x91, 0x13,
  0x10, 0x0b, 0x10, 0x13, 0x50, 0x13, 0x31, 0x1b, 0xef, 0x0a, 0x10, 0x1b, 0x51, 0x23, 0x91, 0x23,
  0x71, 0x23, 0x91, 0x1b, 0x10, 0x23, 0x1f, 0x00, 0x00, 0x00, 0x00, 0x00, 0x00, 0x00, 0x1f, 0x00,
  0x00, 0x00, 0x00, 0x00, 0x00, 0x00, 0x00, 0x00, 0x00, 0x00, 0x00, 0x00, 0x00, 0x00, 0x00, 0x00,
  0x00, 0x00, 0x00, 0x00, 0x00, 0x00, 0x00, 0x00, 0x00, 0x00, 0x00, 0x00, 0x00, 0x00, 0x00, 0x00,
  0x00, 0x00, 0x00, 0x00, 0x00, 0x00, 0x00, 0x00, 0x00, 0x00, 0x00, 0x00, 0x00, 0x00, 0x00, 0x00,
  0x00, 0x00, 0x00, 0x00, 0x00, 0x00, 0x00, 0x00, 0x00, 0x00, 0x00, 0x00, 0x00, 0x00, 0x00, 0x00,
  0x00, 0x00, 0x00, 0x00, 0x00, 0x00, 0x00, 0x00, 0x00, 0x00, 0x00, 0x00, 0x00, 0x00, 0x00, 0x00,
  0x00, 0x00, 0x00, 0x00, 0x00, 0x00, 0x00, 0x00, 0x00, 0x00, 0x00, 0x00, 0x00, 0x00, 0x00, 0x00,
  0x00, 0x00, 0x00, 0x00, 0x00, 0x00, 0x00, 0x00, 0x00, 0x00, 0x00, 0x00, 0x00, 0x00, 0x00, 0x00,
  0x00, 0x00, 0x00, 0x00, 0x00, 0x00, 0x00, 0x00, 0x00, 0x00, 0x00, 0x00, 0x00, 0x00, 0x00, 0x00,
  0x00, 0x00, 0x00, 0x00, 0x00, 0x00, 0x00, 0x00, 0x00, 0x00, 0x00, 0x00, 0x00, 0x00, 0x00, 0x00,
  0x00, 0x00, 0x00, 0x00, 0x00, 0x00, 0x00, 0x00, 0x00, 0x00, 0x00, 0x00, 0x00, 0x00, 0x00, 0x00,
  0x00, 0x00, 0x00, 0x00, 0x00, 0x00, 0x00, 0x00, 0x00, 0x00, 0x00, 0x00, 0x00, 0x00, 0x00, 0x00,
  0x00, 0x00, 0x00, 0x00, 0x00, 0x00, 0x00, 0x00, 0x00, 0x00, 0x00, 0x00, 0x00, 0x00, 0x00, 0x00,
  0x00, 0x00, 0x00, 0x00, 0x00, 0x00, 0x00, 0x00, 0x00, 0x00, 0x00, 0x00, 0x00, 0x00, 0x00, 0x00,
  0x00, 0x00, 0x00, 0x00, 0x00, 0x00, 0x00, 0x00, 0x00, 0x00, 0x00, 0x00, 0x00, 0x00, 0x00, 0x00,
  0x00, 0x00, 0x00, 0x00, 0x00, 0x00, 0x00, 0x00, 0x00, 0x00, 0x00, 0x00, 0x00, 0x00, 0x00, 0x00,
  0x00, 0x00, 0x00, 0x00, 0x00, 0x00, 0x00, 0x00, 0x00, 0x00, 0x00, 0x00, 0x00, 0x00, 0x00, 0x00,
  0x00, 0x00, 0x00, 0x00, 0x00, 0x00, 0x00, 0x00, 0x00, 0x00, 0x00, 0x00, 0x00, 0x00, 0x00, 0x00,
  0x00, 0x00, 0x00, 0x00, 0x00, 0x00, 0x00, 0x00, 0x00, 0x00, 0x00, 0x00, 0x00, 0x00, 0x00, 0x00,
  0x00, 0x00, 0x00, 0x00, 0x00, 0x00, 0x00, 0x00, 0x00, 0x00, 0x00, 0x00, 0x00, 0x00, 0x72, 0x23,
  0x91, 0x1b, 0x72, 0x23, 0xb3, 0x1b, 0x14, 0x1c, 0xb2, 0x1b, 0x51, 0x23, 0x52, 0x2b, 0xb5, 0x02,
  0x00, 0x00, 0x1f, 0x00, 0x00, 0x00, 0xb5, 0x02, 0x00, 0x00, 0x00, 0x00, 0x00, 0x00, 0x00, 0x00,
  0x00, 0x00, 0x00, 0x00, 0x1f, 0x00, 0x10, 0x04, 0x1f, 0x00, 0x52, 0x2b, 0x10, 0x2c, 0x10, 0x04,
  0x00, 0x00, 0x1f, 0x00, 0x10, 0x44, 0x10, 0x23, 0x33, 0x1b, 0xf0, 0x1a, 0x72, 0x13, 0xb2, 0x13,
  0xb2, 0x0b, 0xef, 0x0a, 0xcf, 0x0a, 0x51, 0x1b, 0x30, 0x13, 0xcf, 0x12, 0x30, 0x1b, 0x51, 0x1b,
  0x51, 0x1b, 0x91, 0x1b, 0x10, 0x44, 0x00, 0x00, 0x00, 0x00, 0x00, 0x00, 0x00, 0x00, 0x00, 0x00,
  0x00, 0x00, 0x00, 0x00, 0x00, 0x00, 0x00, 0x00, 0x00, 0x00, 0x00, 0x00, 0x00, 0x00, 0x00, 0x00,
  0x00, 0x00, 0x00, 0x00, 0x00, 0x00, 0x00, 0x00, 0x00, 0x00, 0x00, 0x00, 0x00, 0x00, 0x00, 0x00,
  0x00, 0x00, 0x00, 0x00, 0x00, 0x00, 0x00, 0x00, 0x00, 0x00, 0x00, 0x00, 0x00, 0x00, 0x00, 0x00,
  0x00, 0x00, 0x00, 0x00, 0x00, 0x00, 0x00, 0x00, 0x00, 0x00, 0x00, 0x00, 0x00, 0x00, 0x00, 0x00,
  0x00, 0x00, 0x00, 0x00, 0x00, 0x00, 0x00, 0x00, 0x00, 0x00, 0x00, 0x00, 0x00, 0x00, 0x00, 0x00,
  0x00, 0x00, 0x00, 0x00, 0x00, 0x00, 0x00, 0x00, 0x00, 0x00, 0x00, 0x00, 0x00, 0x00, 0x00, 0x00,
  0x00, 0x00, 0x00, 0x00, 0x00, 0x00, 0x00, 0x00, 0x00, 0x00, 0x00, 0x00, 0x00, 0x00, 0x00, 0x00,
  0x00, 0x00, 0x00, 0x00, 0x00, 0x00, 0x00, 0x00, 0x00, 0x00, 0x00, 0x00, 0x00, 0x00, 0x00, 0x00,
  0x00, 0x00, 0x00, 0x00, 0x00, 0x00, 0x00, 0x00, 0x00, 0x00, 0x00, 0x00, 0x00, 0x00, 0x00, 0x00,
  0x00, 0x00, 0x00, 0x00, 0x00, 0x00, 0x00, 0x00, 0x00, 0x00, 0x00, 0x00, 0x00, 0x00, 0x00, 0x00,
  0x00, 0x00, 0x00, 0x00, 0x00, 0x00, 0x00, 0x00, 0x00, 0x00, 0x00, 0x00, 0x00, 0x00, 0x00, 0x00,
  0x00, 0x00, 0x00, 0x00, 0x00, 0x00, 0x00, 0x00, 0x00, 0x00, 0x00, 0x00, 0x00, 0x00, 0x00, 0x00,
  0x00, 0x00, 0x00, 0x00, 0x00, 0x00, 0x00, 0x00, 0x00, 0x00, 0x00, 0x00, 0x00, 0x00, 0x00, 0x00,
  0x00, 0x00, 0x00, 0x00, 0x00, 0x00, 0x00, 0x00, 0x00, 0x00, 0x00, 0x00, 0x00, 0x00, 0x00, 0x00,
  0x00, 0x00, 0x00, 0x00, 0x00, 0x00, 0x00, 0x00, 0x00, 0x00, 0x00, 0x00, 0x00, 0x00, 0x00, 0x00,
  0x00, 0x00, 0x00, 0x00, 0x00, 0x00, 0x00, 0x00, 0x00, 0x00, 0x00, 0x00, 0x00, 0x00, 0x00, 0x00,
  0x00, 0x00, 0x00, 0x00, 0x00, 0x00, 0x00, 0x00, 0x00, 0x00, 0x00, 0x00, 0x00, 0x00, 0x00, 0x00,
  0x00, 0x00, 0x00, 0x00, 0x00, 0x00, 0x00, 0x00, 0x33, 0x33, 0x00, 0x00, 0x00, 0x00, 0x00, 0x00,
  0x00, 0x00, 0x00, 0x00, 0x00, 0x00, 0x00, 0x00, 0x00, 0x00, 0xb5, 0x02, 0x00, 0x00, 0x00, 0x00,
  0x00, 0x00, 0x91, 0x1b, 0x51, 0x1b, 0xee, 0x0a, 0xef, 0x0a, 0x51, 0x23, 0x51, 0x23, 0x91, 0x1b,
  0x00, 0x00, 0x00, 0x00, 0x00, 0x00, 0x10, 0x04, 0x33, 0x33, 0x10, 0x44, 0x10, 0x44, 0x10, 0x04,
  0x00, 0x00, 0x00, 0x00, 0x00, 0x00, 0x72, 0x23, 0x52, 0x23, 0x33, 0x1b, 0x91, 0x1b, 0xb1, 0x13,
  0x1f, 0x00, 0x33, 0x33, 0x10, 0x2c, 0x10, 0x44, 0x31, 0x23, 0x11, 0x13, 0x10, 0x13, 0x52, 0x0b,
  0x35, 0x0c, 0x33, 0x1c, 0x91, 0x1b, 0x71, 0x1b, 0x71, 0x13, 0x51, 0x1b, 0x71, 0x1b, 0x91, 0x1b,
  0x10, 0x2c, 0x00, 0x00, 0x00, 0x00, 0xb5, 0x02, 0x00, 0x00, 0xb5, 0x02, 0x10, 0x2c, 0x10, 0x44,
  0x10, 0x04, 0x00, 0x00, 0x00, 0x00, 0x00, 0x00, 0x00, 0x00, 0x00, 0x00, 0x00, 0x00, 0x00, 0x00,
  0x00, 0x00, 0x00, 0x00, 0x00, 0x00, 0x00, 0x00, 0x00, 0x00, 0x00, 0x00, 0x00, 0x00, 0x00, 0x00,
  0x00, 0x00, 0x00, 0x00, 0x00, 0x00, 0x00, 0x00, 0x00, 0x00, 0x00, 0x00, 0x00, 0x00, 0x00, 0x00,
  0x00, 0x00, 0x00, 0x00, 0x00, 0x00, 0x00, 0x00, 0x00, 0x00, 0x00, 0x00, 0x00, 0x00, 0x00, 0x00,
  0x00, 0x00, 0x00, 0x00, 0x00, 0x00, 0x00, 0x00, 0x00, 0x00, 0x00, 0x00, 0x00, 0x00, 0x00, 0x00,
  0x00, 0x00, 0x00, 0x00, 0x00, 0x00, 0x00, 0x00, 0x00, 0x00, 0x00, 0x00, 0x00, 0x00, 0x00, 0x00,
  0x00, 0x00, 0x00, 0x00, 0x00, 0x00, 0x00, 0x00, 0x00, 0x00, 0x00, 0x00, 0x00, 0x00, 0x00, 0x00,
  0x00, 0x00, 0x00, 0x00, 0x00, 0x00, 0x00, 0x00, 0x00, 0x00, 0x00, 0x00, 0x00, 0x00, 0x00, 0x00,
  0x00, 0x00, 0x00, 0x00, 0x00, 0x00, 0x00, 0x00, 0x00, 0x00, 0x00, 0x00, 0x00, 0x00, 0x00, 0x00,
  0x00, 0x00, 0x00, 0x00, 0x00, 0x00, 0x00, 0x00, 0x00, 0x00, 0x00, 0x00, 0x00, 0x00, 0x00, 0x00,
  0x00, 0x00, 0x00, 0x00, 0x00, 0x00, 0x00, 0x00, 0x00, 0x00, 0x00, 0x00, 0x00, 0x00, 0x00, 0x00,
  0x00, 0x00, 0x00, 0x00, 0x00, 0x00, 0x00, 0x00, 0x00, 0x00, 0x00, 0x00, 0x00, 0x00, 0x00, 0x00,
  0x00, 0x00, 0x00, 0x00, 0x00, 0x00, 0x00, 0x00, 0x00, 0x00, 0x00, 0x00, 0x00, 0x00, 0x00, 0x00,
  0x00, 0x00, 0x00, 0x00, 0x00, 0x00, 0x00, 0x00, 0x00, 0x00, 0x00, 0x00, 0x00, 0x00, 0x00, 0x00,
  0x00, 0x00, 0x00, 0x00, 0x00, 0x00, 0x00, 0x00, 0x00, 0x00, 0x00, 0x00, 0x00, 0x00, 0x00, 0x00,
  0x00, 0x00, 0x00, 0x00, 0x00, 0x00, 0x00, 0x00, 0x00, 0x00, 0x00, 0x00, 0x00, 0x00, 0x00, 0x00,
  0x00, 0x00, 0x00, 0x00, 0x00, 0x00, 0x00, 0x00, 0x00, 0x00, 0x00, 0x00, 0x00, 0x00, 0x00, 0x00,
  0x00, 0x00, 0x00, 0x00, 0x00, 0x00, 0x00, 0x00, 0x72, 0x23, 0x00, 0x00, 0x00, 0x00, 0x00, 0x00,
  0x00, 0x00, 0x00, 0x00, 0x00, 0x00, 0x00, 0x00, 0x00, 0x00, 0x00, 0x00, 0x10, 0x04, 0x33, 0x33,
  0xb1, 0x23, 0x33, 0x33, 0x71, 0x1b, 0x30, 0x13, 0x10, 0x13, 0x51, 0x23, 0x51, 0x23, 0x91, 0x23,
  0x33, 0x33, 0xb5, 0x02, 0x10, 0x44, 0x10, 0x04, 0x1f, 0x00, 0x72, 0x23, 0x52, 0x1b, 0x52, 0x2b,
  0x33, 0x33, 0x10, 0x44, 0x72, 0x23, 0x50, 0x23, 0x10, 0x13, 0x10, 0x04, 0x91, 0x1b, 0xb1, 0x23,
  0x72, 0x23, 0x91, 0x1b, 0x91, 0x1b, 0xb1, 0x23, 0x51, 0x23, 0xf0, 0x12, 0x93, 0x13, 0x79, 0x2d,
  0x75, 0x14, 0x51, 0x03, 0x50, 0x0b, 0xb2, 0x1b, 0x50, 0x13, 0x31, 0x13, 0xb1, 0x23, 0x00, 0x00,
  0x10, 0x23, 0x1f, 0x00, 0x10, 0x04, 0x00, 0x00, 0x00, 0x00, 0x1f, 0x00, 0xb1, 0x13, 0x70, 0x23,
  0x10, 0x44, 0xb5, 0x02, 0x00, 0x00, 0x00, 0x00, 0x00, 0x00, 0x00, 0x00, 0x00, 0x00, 0x00, 0x00,
  0x00, 0x00, 0x00, 0x00, 0x00, 0x00, 0x00, 0x00, 0x00, 0x00, 0x00, 0x00, 0x00, 0x00, 0x00, 0x00,
  0x00, 0x00, 0x00, 0x00, 0x00, 0x00, 0x00, 0x00, 0x00, 0x00, 0x00, 0x00, 0x00, 0x00, 0x00, 0x00,
  0x00, 0x00, 0x00, 0x00, 0x00, 0x00, 0x00, 0x00, 0x00, 0x00, 0x00, 0x00, 0x00, 0x00, 0x00, 0x00,
  0x00, 0x00, 0x00, 0x00, 0x00, 0x00, 0x00, 0x00, 0x00, 0x00, 0x00, 0x00, 0x00, 0x00, 0x00, 0x00,
  0x00, 0x00, 0x00, 0x00, 0x00, 0x00, 0x00, 0x00, 0x00, 0x00, 0x00, 0x00, 0x00, 0x00, 0x00, 0x00,
  0x00, 0x00, 0x00, 0x00, 0x00, 0x00, 0x00, 0x00, 0x00, 0x00, 0x00, 0x00, 0x00, 0x00, 0x00, 0x00,
  0x00, 0x00, 0x00, 0x00, 0x00, 0x00, 0x00, 0x00, 0x00, 0x00, 0x00, 0x00, 0x00, 0x00, 0x00, 0x00,
  0x00, 0x00, 0x00, 0x00, 0x00, 0x00, 0x00, 0x00, 0x00, 0x00, 0x00, 0x00, 0x00, 0x00, 0x00, 0x00,
  0x00, 0x00, 0x00, 0x00, 0x00, 0x00, 0x00, 0x00, 0x00, 0x00, 0x00, 0x00, 0x00, 0x00, 0x00, 0x00,
  0x00, 0x00, 0x00, 0x00, 0x00, 0x00, 0x00, 0x00, 0x00, 0x00, 0x00, 0x00, 0x00, 0x00, 0x00, 0x00,
  0x00, 0x00, 0x00, 0x00, 0x00, 0x00, 0x00, 0x00, 0x00, 0x00, 0x00, 0x00, 0x00, 0x00, 0x00, 0x00,
  0x00, 0x00, 0x00, 0x00, 0x00, 0x00, 0x00, 0x00, 0x00, 0x00, 0x00, 0x00, 0x00, 0x00, 0x00, 0x00,
  0x00, 0x00, 0x00, 0x00, 0x00, 0x00, 0x00, 0x00, 0x00, 0x00, 0x00, 0x00, 0x00, 0x00, 0x00, 0x00,
  0x00, 0x00, 0x00, 0x00, 0x00, 0x00, 0x00, 0x00, 0x00, 0x00, 0x00, 0x00, 0x00, 0x00, 0x00, 0x00,
  0x00, 0x00, 0x00, 0x00, 0x00, 0x00, 0x00, 0x00, 0x00, 0x00, 0x00, 0x00, 0x00, 0x00, 0x00, 0x00,
  0x00, 0x00, 0x00, 0x00, 0x00, 0x00, 0x00, 0x00, 0x10, 0x04, 0x00, 0x00, 0x00, 0x00, 0x00, 0x00,
  0x00, 0x00, 0x00, 0x00, 0x00, 0x00, 0x00, 0x00, 0x31, 0x23, 0x00, 0x00, 0x00, 0x00, 0x00, 0x00,
  0x33, 0x33, 0x13, 0x23, 0xb1, 0x2b, 0x00, 0x00, 0x00, 0x00, 0x10, 0x2c, 0xb5, 0x02, 0x33, 0x1b,
  0x13, 0x23, 0x10, 0x2c, 0x51, 0x1b, 0x51, 0x1b, 0x10, 0x13, 0x72, 0x1b, 0x72, 0x1b, 0x72, 0x23,
  0x72, 0x1b, 0x33, 0x1b, 0x91, 0x23, 0xb3, 0x23, 0x93, 0x1b, 0x33, 0x23, 0x52, 0x1b, 0x10, 0x44,
  0x33, 0x33, 0x10, 0x2c, 0x72, 0x23, 0x50, 0x23, 0x10, 0x13, 0xd2, 0x1b, 0x52, 0x1b, 0x51, 0x1b,
  0x71, 0x1b, 0x31, 0x23, 0x72, 0x23, 0x91, 0x23, 0x52, 0x1b, 0x72, 0x13, 0xf8, 0x24, 0xbf, 0x77,
  0x9e, 0x67, 0xbc, 0x3e, 0xf6, 0x24, 0xd2, 0x1b, 0x70, 0x0b, 0x51, 0x13, 0x91, 0x1b, 0x10, 0x2c,
  0x10, 0x2c, 0x1f, 0x00, 0x91, 0x1b, 0x00, 0x00, 0x33, 0x33, 0x33, 0x33, 0x91, 0x1b, 0x90, 0x23,
  0x72, 0x23, 0x00, 0x00, 0x00, 0x00, 0x00, 0x00, 0x00, 0x00, 0x00, 0x00, 0x00, 0x00, 0x00, 0x00,
  0x00, 0x00, 0x00, 0x00, 0x00, 0x00, 0x00, 0x00, 0x00, 0x00, 0x00, 0x00, 0x00, 0x00, 0x00, 0x00,
  0x00, 0x00, 0x00, 0x00, 0x00, 0x00, 0x00, 0x00, 0x00, 0x00, 0x00, 0x00, 0x00, 0x00, 0x00, 0x00,
  0x00, 0x00, 0x00, 0x00, 0x00, 0x00, 0x00, 0x00, 0x00, 0x00, 0x00, 0x00, 0x00, 0x00, 0x00, 0x00,
  0x00, 0x00, 0x00, 0x00, 0x00, 0x00, 0x00, 0x00, 0x00, 0x00, 0x00, 0x00, 0x00, 0x00, 0x00, 0x00,
  0x00, 0x00, 0x00, 0x00, 0x00, 0x00, 0x00, 0x00, 0x00, 0x00, 0x00, 0x00, 0x00, 0x00, 0x00, 0x00,
  0x00, 0x00, 0x00, 0x00, 0x00, 0x00, 0x00, 0x00, 0x00, 0x00, 0x00, 0x00, 0x00, 0x00, 0x00, 0x00,
  0x00, 0x00, 0x00, 0x00, 0x00, 0x00, 0x00, 0x00, 0x00, 0x00, 0x00, 0x00, 0x00, 0x00, 0x00, 0x00,
  0x00, 0x00, 0x00, 0x00, 0x00, 0x00, 0x00, 0x00, 0x00, 0x00, 0x00, 0x00, 0x00, 0x00, 0x00, 0x00,
  0x00, 0x00, 0x00, 0x00, 0x00, 0x00, 0x00, 0x00, 0x00, 0x00, 0x00, 0x00, 0x00, 0x00, 0x00, 0x00,
  0x00, 0x00, 0x00, 0x00, 0x00, 0x00, 0x00, 0x00, 0x00, 0x00, 0x00, 0x00, 0x00, 0x00, 0x00, 0x00,
  0x00, 0x00, 0x00, 0x00, 0x00, 0x00, 0x00, 0x00, 0x00, 0x00, 0x00, 0x00, 0x00, 0x00, 0x00, 0x00,
  0x00, 0x00, 0x00, 0x00, 0x00, 0x00, 0x00, 0x00, 0x00, 0x00, 0x00, 0x00, 0x00, 0x00, 0x00, 0x00,
  0x00, 0x00, 0x00, 0x00, 0x00, 0x00, 0x00, 0x00, 0x00, 0x00, 0x00, 0x00, 0x00, 0x00, 0x00, 0x00,
  0x00, 0x00, 0x00, 0x00, 0x00, 0x00, 0x00, 0x00, 0x00, 0x00, 0x00, 0x00, 0x00, 0x00, 0x00, 0x00,
  0x00, 0x00, 0x00, 0x00, 0x00, 0x00, 0x00, 0x00, 0x00, 0x00, 0x00, 0x00, 0x00, 0x00, 0x00, 0x00,
  0x00, 0x00, 0x00, 0x00, 0x00, 0x00, 0x00, 0x00, 0x00, 0x00, 0x00, 0x00, 0x10, 0x23, 0x00, 0x00,
  0x1f, 0x00, 0xb5, 0x02, 0x1f, 0x00, 0x10, 0x2c, 0x50, 0x1b, 0x00, 0x00, 0x00, 0x00, 0x00, 0x00,
  0x33, 0x33, 0x72, 0x23, 0x91, 0x2b, 0x10, 0x2c, 0x72, 0x23, 0x51, 0x23, 0x72, 0x23, 0x51, 0x23,
  0x52, 0x2b, 0x91, 0x1b, 0x91, 0x23, 0x51, 0x1b, 0x51, 0x1b, 0x52, 0x1b, 0x72, 0x23, 0x72, 0x1b,
  0x51, 0x1b, 0x91, 0x1b, 0x92, 0x23, 0x92, 0x23, 0x73, 0x23, 0x93, 0x1b, 0x52, 0x1b, 0x91, 0x23,
  0x33, 0x1b, 0xb1, 0x23, 0x50, 0x1b, 0x51, 0x23, 0x51, 0x1b, 0x72, 0x23, 0x92, 0x1b, 0x72, 0x1b,
  0x51, 0x1b, 0x51, 0x1b, 0x10, 0x1b, 0x10, 0x1b, 0x30, 0x1b, 0x10, 0x13, 0x93, 0x0b, 0x79, 0x2d,
  0x7e, 0x6f, 0xff, 0x7f, 0xfd, 0x4e, 0xd6, 0x1c, 0xd2, 0x0b, 0x73, 0x13, 0x92, 0x1b, 0x72, 0x1b,
  0x91, 0x1b, 0x51, 0x23, 0x91, 0x1b, 0x10, 0x2c, 0x1f, 0x00, 0x1f, 0x00, 0x50, 0x1b, 0x50, 0x1b,
  0x51, 0x1b, 0x72, 0x23, 0x10, 0x2c, 0x72, 0x23, 0x00, 0x00, 0x00, 0x00, 0x00, 0x00, 0x00, 0x00,
  0x00, 0x00, 0x00, 0x00, 0x00, 0x00, 0x00, 0x00, 0x00, 0x00, 0x00, 0x00, 0x00, 0x00, 0x00, 0x00,
  0x00, 0x00, 0x00, 0x00, 0x00, 0x00, 0x00, 0x00, 0x00, 0x00, 0x00, 0x00, 0x00, 0x00, 0x00, 0x00,
  0x00, 0x00, 0x00, 0x00, 0x00, 0x00, 0x00, 0x00, 0x00, 0x00, 0x00, 0x00, 0x00, 0x00, 0x00, 0x00,
  0x00, 0x00, 0x00, 0x00, 0x00, 0x00, 0x00, 0x00, 0x00, 0x00, 0x00, 0x00, 0x00, 0x00, 0x00, 0x00,
  0x00, 0x00, 0x00, 0x00, 0x00, 0x00, 0x00, 0x00, 0x00, 0x00, 0x00, 0x00, 0x00, 0x00, 0x00, 0x00,
  0x00, 0x00, 0x00, 0x00, 0x00, 0x00, 0x00, 0x00, 0x00, 0x00, 0x00, 0x00, 0x00, 0x00, 0x00, 0x00,
  0x00, 0x00, 0x00, 0x00, 0x00, 0x00, 0x00, 0x00, 0x00, 0x00, 0x00, 0x00, 0x00, 0x00, 0x00, 0x00,
  0x00, 0x00, 0x00, 0x00, 0x00, 0x00, 0x00, 0x00, 0x00, 0x00, 0x00, 0x00, 0x00, 0x00, 0x00, 0x00,
  0x00, 0x00, 0x00, 0x00, 0x00, 0x00, 0x00, 0x00, 0x00, 0x00, 0x00, 0x00, 0x00, 0x00, 0x00, 0x00,
  0x00, 0x00, 0x00, 0x00, 0x00, 0x00, 0x00, 0x00, 0x00, 0x00, 0x00, 0x00, 0x00, 0x00, 0x00, 0x00,
  0x00, 0x00, 0x00, 0x00, 0x00, 0x00, 0x00, 0x00, 0x00, 0x00, 0x00, 0x00, 0x00, 0x00, 0x00, 0x00,
  0x00, 0x00, 0x00, 0x00, 0x00, 0x00, 0x00, 0x00, 0x00, 0x00, 0x00, 0x00, 0x00, 0x00, 0x00, 0x00,
  0x00, 0x00, 0x00, 0x00, 0x00, 0x00, 0x00, 0x00, 0x00, 0x00, 0x00, 0x00, 0x00, 0x00, 0x00, 0x00,
  0x00, 0x00, 0x00, 0x00, 0x00, 0x00, 0x00, 0x00, 0x00, 0x00, 0x00, 0x00, 0x00, 0x00, 0x00, 0x00,
  0x00, 0x00, 0x00, 0x00, 0x00, 0x00, 0x00, 0x00, 0x00, 0x00, 0x00, 0x00, 0x00, 0x00, 0x00, 0x00,
  0x00, 0x00, 0x00, 0x00, 0x00, 0x00, 0x00, 0x00, 0x00, 0x00, 0x00, 0x00, 0x33, 0x33, 0x00, 0x00,
  0x1f, 0x00, 0x10, 0x04, 0x33, 0x33, 0x10, 0x04, 0x72, 0x23, 0x1f, 0x00, 0x00, 0x00, 0xb5, 0x02,
  0xb1, 0x23, 0x72, 0x23, 0x91, 0x23, 0x52, 0x1b, 0x13, 0x23, 0x72, 0x1b, 0x72, 0x23, 0x51, 0x23,
  0x91, 0x1b, 0x52, 0x1b, 0x72, 0x1b, 0x72, 0x1b, 0x72, 0x1b, 0x51, 0x1b, 0x72, 0x1b, 0x72, 0x1b,
  0xb3, 0x1b, 0x92, 0x23, 0x72, 0x1b, 0x92, 0x1b, 0xb2, 0x1b, 0x72, 0x1b, 0x52, 0x23, 0x51, 0x1b,
  0x51, 0x1b, 0x31, 0x13, 0x10, 0x13, 0x31, 0x13, 0x52, 0x13, 0x72, 0x1b, 0x72, 0x23, 0x93, 0x1b,
  0x72, 0x1b, 0x31, 0x13, 0x10, 0x13, 0xf0, 0x12, 0x10, 0x13, 0x11, 0x0b, 0x4f, 0x02, 0x4e, 0x02,
  0x15, 0x0c, 0x34, 0x0c, 0xb6, 0x14, 0x52, 0x03, 0x93, 0x0b, 0xd4, 0x1b, 0xb2, 0x1b, 0x51, 0x1b,
  0x51, 0x1b, 0x52, 0x1b, 0x72, 0x1b, 0x10, 0x44, 0x33, 0x1b, 0xb1, 0x13, 0x51, 0x1b, 0x30, 0x1b,
  0x70, 0x23, 0x33, 0x33, 0x10, 0x23, 0x10, 0x04, 0x00, 0x00, 0x10, 0x04, 0x00, 0x00, 0x00, 0x00,
  0x00, 0x00, 0x00, 0x00, 0x00, 0x00, 0x00, 0x00, 0x00, 0x00, 0x72, 0x23, 0x10, 0x44, 0x00, 0x00,
  0x00, 0x00, 0x00, 0x00, 0x00, 0x00, 0x00, 0x00, 0x00, 0x00, 0x00, 0x00, 0x00, 0x00, 0x00, 0x00,
  0x00, 0x00, 0x00, 0x00, 0x00, 0x00, 0x00, 0x00, 0x00, 0x00, 0x00, 0x00, 0x00, 0x00, 0x00, 0x00,
  0x00, 0x00, 0x00, 0x00, 0x00, 0x00, 0x00, 0x00, 0x00, 0x00, 0x00, 0x00, 0x00, 0x00, 0x00, 0x00,
  0x00, 0x00, 0x00, 0x00, 0x00, 0x00, 0x00, 0x00, 0x00, 0x00, 0x00, 0x00, 0x00, 0x00, 0x00, 0x00,
  0x00, 0x00, 0x00, 0x00, 0x00, 0x00, 0x00, 0x00, 0x00, 0x00, 0x00, 0x00, 0x00, 0x00, 0x00, 0x00,
  0x00, 0x00, 0x00, 0x00, 0x00, 0x00, 0x00, 0x00, 0x00, 0x00, 0x00, 0x00, 0x00, 0x00, 0x00, 0x00,
  0x00, 0x00, 0x00, 0x00, 0x00, 0x00, 0x00, 0x00, 0x00, 0x00, 0x00, 0x00, 0x00, 0x00, 0x00, 0x00,
  0x00, 0x00, 0x00, 0x00, 0x00, 0x00, 0x00, 0x00, 0x00, 0x00, 0x00, 0x00, 0x00, 0x00, 0x00, 0x00,
  0x00, 0x00, 0x00, 0x00, 0x00, 0x00, 0x00, 0x00, 0x00, 0x00, 0x00, 0x00, 0x00, 0x00, 0x00, 0x00,
  0x00, 0x00, 0x00, 0x00, 0x00, 0x00, 0x00, 0x00, 0x00, 0x00, 0x00, 0x00, 0x00, 0x00, 0x00, 0x00,
  0x00, 0x00, 0x00, 0x00, 0x00, 0x00, 0x00, 0x00, 0x00, 0x00, 0x00, 0x00, 0x00, 0x00, 0x00, 0x00,
  0x00, 0x00, 0x00, 0x00, 0x00, 0x00, 0x00, 0x00, 0x00, 0x00, 0x00, 0x00, 0x00, 0x00, 0x00, 0x00,
  0x00, 0x00, 0x00, 0x00, 0x00, 0x00, 0x00, 0x00, 0x00, 0x00, 0x00, 0x00, 0x00, 0x00, 0x00, 0x00,
  0x00, 0x00, 0x00, 0x00, 0x00, 0x00, 0x1f, 0x00, 0x00, 0x00, 0x00, 0x00, 0x00, 0x00, 0x00, 0x00,
  0x00, 0x00, 0x00, 0x00, 0x00, 0x00, 0x00, 0x00, 0x00, 0x00, 0x00, 0x00, 0x10, 0x44, 0x10, 0x04,
  0x10, 0x04, 0x00, 0x00, 0x00, 0x00, 0x10, 0x44, 0x1f, 0x00, 0xb5, 0x02, 0x31, 0x1b, 0x31, 0x1b,
  0x30, 0x1b, 0x10, 0x1b, 0x10, 0x23, 0x71, 0x1b, 0x71, 0x1b, 0x52, 0x1b, 0x91, 0x23, 0x91, 0x23,
  0x31, 0x1b, 0x51, 0x1b, 0x31, 0x1b, 0x32, 0x13, 0x51, 0x13, 0x32, 0x13, 0x31, 0x13, 0x31, 0x13,
  0x31, 0x13, 0xf0, 0x12, 0x11, 0x13, 0x11, 0x13, 0x32, 0x13, 0x72, 0x1b, 0x51, 0x23, 0x30, 0x13,
  0x51, 0x23, 0x30, 0x1b, 0x30, 0x1b, 0xf0, 0x1a, 0xd0, 0x1a, 0x11, 0x13, 0x11, 0x13, 0xef, 0x12,
  0xf1, 0x12, 0xf1, 0x12, 0xf0, 0x12, 0xf0, 0x0a, 0xf0, 0x12, 0xb3, 0x1b, 0x51, 0x1b, 0xf4, 0x23,
  0x73, 0x13, 0x52, 0x13, 0xf0, 0x12, 0xf0, 0x12, 0x51, 0x13, 0x92, 0x1b, 0x71, 0x1b, 0x51, 0x1b,
  0x72, 0x1b, 0x52, 0x1b, 0x13, 0x23, 0xb1, 0x13, 0x33, 0x33, 0x10, 0x2c, 0x52, 0x13, 0x51, 0x1b,
  0xb1, 0x13, 0x00, 0x00, 0x10, 0x04, 0x33, 0x33, 0x33, 0x33, 0x1f, 0x00, 0xb1, 0x13, 0x91, 0x1b,
  0xb5, 0x02, 0x00, 0x00, 0x10, 0x04, 0x33, 0x33, 0x00, 0x00, 0x72, 0x23, 0xb1, 0x13, 0x1f, 0x00,
  0x00, 0x00, 0x00, 0x00, 0x00, 0x00, 0x00, 0x00, 0x00, 0x00, 0x00, 0x00, 0x00, 0x00, 0x00, 0x00,
  0x00, 0x00, 0x00, 0x00, 0x00, 0x00, 0x00, 0x00, 0x00, 0x00, 0x00, 0x00, 0x00, 0x00, 0x00, 0x00,
  0x00, 0x00, 0x00, 0x00, 0x00, 0x00, 0x00, 0x00, 0x00, 0x00, 0x00, 0x00, 0x00, 0x00, 0x00, 0x00,
  0x00, 0x00, 0x00, 0x00, 0x00, 0x00, 0x00, 0x00, 0x00, 0x00, 0x00, 0x00, 0x00, 0x00, 0x00, 0x00,
  0x00, 0x00, 0x00, 0x00, 0x00, 0x00, 0x00, 0x00, 0x00, 0x00, 0x00, 0x00, 0x00, 0x00, 0x00, 0x00,
  0x00, 0x00, 0x00, 0x00, 0x00, 0x00, 0x00, 0x00, 0x00, 0x00, 0x00, 0x00, 0x00, 0x00, 0x00, 0x00,
  0x00, 0x00, 0x00, 0x00, 0x00, 0x00, 0x00, 0x00, 0x00, 0x00, 0x00, 0x00, 0x00, 0x00, 0x00, 0x00,
  0x00, 0x00, 0x00, 0x00, 0x00, 0x00, 0x00, 0x00, 0x00, 0x00, 0x00, 0x00, 0x00, 0x00, 0x00, 0x00,
  0x00, 0x00, 0x00, 0x00, 0x00, 0x00, 0x00, 0x00, 0x00, 0x00, 0x00, 0x00, 0x00, 0x00, 0x00, 0x00,
  0x00, 0x00, 0x00, 0x00, 0x10, 0x04, 0x00, 0x00, 0x00, 0x00, 0x00, 0x00, 0x00, 0x00, 0x00, 0x00,
  0x00, 0x00, 0x00, 0x00, 0x00, 0x00, 0x00, 0x00, 0x00, 0x00, 0x00, 0x00, 0x00, 0x00, 0x00, 0x00,
  0x00, 0x00, 0x00, 0x00, 0x00, 0x00, 0x00, 0x00, 0x00, 0x00, 0x00, 0x00, 0x00, 0x00, 0x00, 0x00,
  0x00, 0x00, 0x00, 0x00, 0x00, 0x00, 0x00, 0x00, 0x00, 0x00, 0x00, 0x00, 0x00, 0x00, 0x00, 0x00,
  0x00, 0x00, 0x00, 0x00, 0x00, 0x00, 0x00, 0x00, 0x00, 0x00, 0x00, 0x00, 0x00, 0x00, 0x00, 0x00,
  0x00, 0x00, 0x00, 0x00, 0x00, 0x00, 0x00, 0x00, 0x1f, 0x00, 0x00, 0x00, 0x00, 0x00, 0x00, 0x00,
  0x1f, 0x00, 0x00, 0x00, 0x00, 0x00, 0x10, 0x44, 0x1f, 0x00, 0x33, 0x33, 0x52, 0x23, 0x51, 0x1b,
  0x72, 0x23, 0x31, 0x23, 0x11, 0x1b, 0x11, 0x1b, 0x31, 0x1b, 0xb1, 0x13, 0x72, 0x13, 0x72, 0x13,
  0x51, 0x13, 0x72, 0x13, 0x51, 0x1b, 0x52, 0x13, 0x52, 0x13, 0x11, 0x13, 0x32, 0x13, 0x31, 0x13,
  0x32, 0x13, 0x31, 0x13, 0xf1, 0x12, 0x31, 0x13, 0x32, 0x13, 0x52, 0x1b, 0x11, 0x1b, 0x51, 0x1b,
  0x31, 0x1b, 0x51, 0x1b, 0x51, 0x23, 0x52, 0x1b, 0xf0, 0x12, 0x12, 0x13, 0x52, 0x13, 0x11, 0x13,
  0xf1, 0x0a, 0x11, 0x13, 0xd0, 0x12, 0xd0, 0x12, 0xd0, 0x0a, 0xd0, 0x12, 0xd0, 0x12, 0x31, 0x13,
  0xaf, 0x0a, 0x8f, 0x0a, 0xcf, 0x0a, 0xf0, 0x12, 0x11, 0x13, 0x51, 0x13, 0x52, 0x23, 0x72, 0x1b,
  0x91, 0x23, 0x52, 0x13, 0x91, 0x23, 0x72, 0x1b, 0xb5, 0x02, 0x00, 0x00, 0x72, 0x1b, 0x72, 0x13,
  0x52, 0x13, 0xb1, 0x23, 0x72, 0x23, 0x10, 0x23, 0xb5, 0x02, 0x00, 0x00, 0xb5, 0x02, 0x10, 0x2c,
  0x91, 0x1b, 0x33, 0x33, 0x10, 0x44, 0x00, 0x00, 0x00, 0x00, 0x00, 0x00, 0x00, 0x00, 0x00, 0x00,
  0x00, 0x00, 0x00, 0x00, 0x00, 0x00, 0x00, 0x00, 0x00, 0x00, 0x00, 0x00, 0x00, 0x00, 0x00, 0x00,
  0x00, 0x00, 0x00, 0x00, 0x00, 0x00, 0x00, 0x00, 0x00, 0x00, 0x00, 0x00, 0x00, 0x00, 0x00, 0x00,
  0x00, 0x00, 0x00, 0x00, 0x00, 0x00, 0x00, 0x00, 0x00, 0x00, 0x00, 0x00, 0x00, 0x00, 0x00, 0x00,
  0x00, 0x00, 0x00, 0x00, 0x00, 0x00, 0x00, 0x00, 0x00, 0x00, 0x00, 0x00, 0x00, 0x00, 0x00, 0x00,
  0x00, 0x00, 0x00, 0x00, 0x00, 0x00, 0x00, 0x00, 0x00, 0x00, 0x00, 0x00, 0x00, 0x00, 0x00, 0x00,
  0x00, 0x00, 0x00, 0x00, 0x00, 0x00, 0x00, 0x00, 0x00, 0x00, 0x00, 0x00, 0x00, 0x00, 0x00, 0x00,
  0x00, 0x00, 0x00, 0x00, 0x00, 0x00, 0x00, 0x00, 0x00, 0x00, 0x00, 0x00, 0x00, 0x00, 0x00, 0x00,
  0x00, 0x00, 0x00, 0x00, 0x00, 0x00, 0x00, 0x00, 0x00, 0x00, 0x00, 0x00, 0x00, 0x00, 0x00, 0x00,
  0x00, 0x00, 0x00, 0x00, 0x00, 0x00, 0x00, 0x00, 0x00, 0x00, 0x00, 0x00, 0x00, 0x00, 0x00, 0x00,
  0x00, 0x00, 0x00, 0x00, 0x00, 0x00, 0x10, 0x04, 0x00, 0x00, 0x10, 0x04, 0x00, 0x00, 0x00, 0x00,
  0x00, 0x00, 0x00, 0x00, 0x00, 0x00, 0x00, 0x00, 0x00, 0x00, 0x00, 0x00, 0x00, 0x00, 0x00, 0x00,
  0x00, 0x00, 0x00, 0x00, 0x00, 0x00, 0x00, 0x00, 0x00, 0x00, 0x00, 0x00, 0x00, 0x00, 0x00, 0x00,
  0x00, 0x00, 0x00, 0x00, 0x00, 0x00, 0x00, 0x00, 0x00, 0x00, 0x00, 0x00, 0x00, 0x00, 0x00, 0x00,
  0x00, 0x00, 0x00, 0x00, 0x00, 0x00, 0x00, 0x00, 0x00, 0x00, 0x10, 0x04, 0x00, 0x00, 0x00, 0x00,
  0x00, 0x00, 0x00, 0x00, 0x00, 0x00, 0x00, 0x00, 0xb5, 0x02, 0x00, 0x00, 0x00, 0x00, 0x00, 0x00,
  0x00, 0x00, 0x33, 0x33, 0x00, 0x00, 0x10, 0x04, 0x91, 0x1b, 0x31, 0x23, 0x52, 0x23, 0x51, 0x1b,
  0x31, 0x1b, 0x11, 0x1b, 0x31, 0x1b, 0x10, 0x1b, 0x31, 0x1b, 0x52, 0x13, 0x52, 0x13, 0x31, 0x13,
  0x31, 0x13, 0x31, 0x13, 0x32, 0x13, 0x72, 0x13, 0x52, 0x13, 0x52, 0x13, 0x11, 0x0b, 0xf1, 0x0a,
  0x12, 0x0b, 0x32, 0x13, 0x33, 0x0b, 0x53, 0x0b, 0xb4, 0x13, 0x72, 0x13, 0x52, 0x13, 0x72, 0x1b,
  0x31, 0x1b, 0x52, 0x1b, 0x52, 0x13, 0x11, 0x0b, 0xf1, 0x0a, 0x52, 0x13, 0x94, 0x13, 0x52, 0x0b,
  0x73, 0x0b, 0xb4, 0x13, 0x31, 0x13, 0xf1, 0x0a, 0xd1, 0x0a, 0x90, 0x0a, 0x31, 0x13, 0x73, 0x0b,
  0xb3, 0x13, 0x52, 0x13, 0xf0, 0x12, 0x30, 0x13, 0xf0, 0x12, 0x52, 0x13, 0x51, 0x13, 0x72, 0x1b,
  0x52, 0x1b, 0x72, 0x1b, 0x72, 0x1b, 0x72, 0x1b, 0x10, 0x2c, 0x92, 0x13, 0x92, 0x1b, 0x72, 0x1b,
  0x91, 0x23, 0x72, 0x1b, 0x72, 0x23, 0x50, 0x1b, 0xb1, 0x13, 0x10, 0x04, 0x52, 0x1b, 0x50, 0x1b,
  0x30, 0x1b, 0x10, 0x44, 0x1f, 0x00, 0xb5, 0x02, 0x10, 0x04, 0x00, 0x00, 0x00, 0x00, 0x00, 0x00,
  0x00, 0x00, 0x00, 0x00, 0x00, 0x00, 0x10, 0x04, 0x00, 0x00, 0x00, 0x00, 0x00, 0x00, 0x00, 0x00,
  0x00, 0x00, 0x00, 0x00, 0x00, 0x00, 0x00, 0x00, 0x00, 0x00, 0x00, 0x00, 0x00, 0x00, 0x00, 0x00,
  0x00, 0x00, 0x00, 0x00, 0x00, 0x00, 0x00, 0x00, 0x00, 0x00, 0x00, 0x00, 0x00, 0x00, 0x00, 0x00,
  0x00, 0x00, 0x00, 0x00, 0x00, 0x00, 0x00, 0x00, 0x00, 0x00, 0x00, 0x00, 0x00, 0x00, 0x00, 0x00,
  0x00, 0x00, 0x00, 0x00, 0x00, 0x00, 0x00, 0x00, 0x00, 0x00, 0x00, 0x00, 0x00, 0x00, 0x00, 0x00,
  0x00, 0x00, 0x00, 0x00, 0x00, 0x00, 0x00, 0x00, 0x00, 0x00, 0x00, 0x00, 0x00, 0x00, 0x00, 0x00,
  0x00, 0x00, 0x00, 0x00, 0x00, 0x00, 0x00, 0x00, 0x00, 0x00, 0x00, 0x00, 0x00, 0x00, 0x00, 0x00,
  0x00, 0x00, 0x00, 0x00, 0x00, 0x00, 0x00, 0x00, 0x00, 0x00, 0x00, 0x00, 0x00, 0x00, 0x00, 0x00,
  0x00, 0x00, 0x00, 0x00, 0x00, 0x00, 0x00, 0x00, 0x00, 0x00, 0x00, 0x00, 0x00, 0x00, 0x00, 0x00,
  0x00, 0x00, 0x00, 0x00, 0x00, 0x00, 0x00, 0x00, 0x00, 0x00, 0x00, 0x00, 0x00, 0x00, 0x00, 0x00,
  0x00, 0x00, 0x00, 0x00, 0x00, 0x00, 0x00, 0x00, 0x00, 0x00, 0x00, 0x00, 0x00, 0x00, 0x00, 0x00,
  0x00, 0x00, 0x00, 0x00, 0x00, 0x00, 0x00, 0x00, 0x00, 0x00, 0x00, 0x00, 0x00, 0x00, 0x00, 0x00,
  0x00, 0x00, 0x00, 0x00, 0x00, 0x00, 0x00, 0x00, 0x00, 0x00, 0x00, 0x00, 0x00, 0x00, 0x00, 0x00,
  0x00, 0x00, 0x00, 0x00, 0x00, 0x00, 0x00, 0x00, 0x10, 0x04, 0x00, 0x00, 0x00, 0x00, 0x00, 0x00,
  0x00, 0x00, 0x00, 0x00, 0x00, 0x00, 0x00, 0x00, 0x10, 0x44, 0x00, 0x00, 0x10, 0x44, 0x33, 0x1b,
  0x33, 0x33, 0xb1, 0x23, 0xb1, 0x2b, 0x33, 0x33, 0x72, 0x23, 0x31, 0x1b, 0x31, 0x1b, 0x10, 0x13,
  0xf0, 0x12, 0x10, 0x13, 0x31, 0x1b, 0x51, 0x13, 0x51, 0x13, 0x31, 0x0b, 0x32, 0x13, 0x31, 0x13,
  0x11, 0x13, 0x32, 0x13, 0x52, 0x0b, 0x72, 0x0b, 0x52, 0x0b, 0xd1, 0x02, 0xb0, 0x02, 0x6f, 0x02,
  0x90, 0x02, 0x34, 0x03, 0x16, 0x0c, 0x16, 0x0c, 0xd6, 0x0b, 0x93, 0x0b, 0x94, 0x0b, 0xb4, 0x03,
  0x73, 0x03, 0xd5, 0x03, 0xb4, 0x03, 0x94, 0x03, 0xd5, 0x03, 0x73, 0x0b, 0x54, 0x03, 0x74, 0x03,
  0x53, 0x03, 0x73, 0x03, 0x53, 0x0b, 0x53, 0x0b, 0x53, 0x0b, 0x53, 0x0b, 0x32, 0x0b, 0x52, 0x0b,
  0x73, 0x13, 0x52, 0x0b, 0xf0, 0x0a, 0x31, 0x13, 0x11, 0x13, 0x92, 0x1b, 0x72, 0x1b, 0x92, 0x1b,
  0x72, 0x1b, 0x52, 0x1b, 0x51, 0x1b, 0x91, 0x1b, 0x13, 0x23, 0x72, 0x13, 0x72, 0x1b, 0x33, 0x33,
  0x51, 0x1b, 0x91, 0x1b, 0x51, 0x1b, 0x52, 0x13, 0x31, 0x1b, 0x52, 0x2b, 0x51, 0x1b, 0x30, 0x1b,
  0xb5, 0x02, 0x00, 0x00, 0x00, 0x00, 0x00, 0x00, 0x10, 0x04, 0x00, 0x00, 0x00, 0x00, 0x1f, 0x00,
  0x00, 0x00, 0x00, 0x00, 0x00, 0x00, 0x00, 0x00, 0x10, 0x04, 0x00, 0x00, 0x00, 0x00, 0x00, 0x00,
  0x00, 0x00, 0x00, 0x00, 0x00, 0x00, 0x00, 0x00, 0x00, 0x00, 0x00, 0x00, 0x00, 0x00, 0x00, 0x00,
  0x00, 0x00, 0x00, 0x00, 0x00, 0x00, 0x00, 0x00, 0x00, 0x00, 0x00, 0x00, 0x00, 0x00, 0x00, 0x00,
  0x00, 0x00, 0x00, 0x00, 0x00, 0x00, 0x00, 0x00, 0x00, 0x00, 0x00, 0x00, 0x00, 0x00, 0x00, 0x00,
  0x00, 0x00, 0x00, 0x00, 0x00, 0x00, 0x00, 0x00, 0x00, 0x00, 0x00, 0x00, 0x00, 0x00, 0x00, 0x00,
  0x00, 0x00, 0x00, 0x00, 0x00, 0x00, 0x00, 0x00, 0x00, 0x00, 0x00, 0x00, 0x00, 0x00, 0x00, 0x00,
  0x00, 0x00, 0x00, 0x00, 0x00, 0x00, 0x00, 0x00, 0x00, 0x00, 0x00, 0x00, 0x00, 0x00, 0x00, 0x00,
  0x00, 0x00, 0x00, 0x00, 0x00, 0x00, 0x00, 0x00, 0x00, 0x00, 0x00, 0x00, 0x00, 0x00, 0x00, 0x00,
  0x00, 0x00, 0x00, 0x00, 0x00, 0x00, 0x00, 0x00, 0x00, 0x00, 0x00, 0x00, 0x00, 0x00, 0x00, 0x00,
  0x00, 0x00, 0x00, 0x00, 0x00, 0x00, 0x00, 0x00, 0x30, 0x33, 0x8e, 0x3b, 0x00, 0x00, 0x00, 0x00,
  0x00, 0x00, 0x00, 0x00, 0x00, 0x00, 0x00, 0x00, 0x00, 0x00, 0x00, 0x00, 0x00, 0x00, 0x00, 0x00,
  0x00, 0x00, 0x00, 0x00, 0x00, 0x00, 0x00, 0x00, 0x00, 0x00, 0x00, 0x00, 0x00, 0x00, 0x00, 0x00,
  0x00, 0x00, 0x00, 0x00, 0x00, 0x00, 0x00, 0x00, 0x00, 0x00, 0x00, 0x00, 0x00, 0x00, 0x00, 0x00,
  0x00, 0x00, 0x00, 0x00, 0x00, 0x00, 0x00, 0x00, 0x00, 0x00, 0x00, 0x00, 0x00, 0x00, 0x00, 0x00,
  0x1f, 0x00, 0x10, 0x44, 0x33, 0x33, 0x10, 0x44, 0x1f, 0x00, 0x52, 0x2b, 0x72, 0x23, 0x72, 0x1b,
  0x71, 0x1b, 0x72, 0x23, 0x51, 0x23, 0x50, 0x23, 0xb1, 0x13, 0xf0, 0x12, 0xd4, 0x1b, 0x93, 0x13,
  0x31, 0x13, 0x11, 0x13, 0x31, 0x13, 0x93, 0x13, 0x93, 0x13, 0x8f, 0x0a, 0xf1, 0x0a, 0x31, 0x0b,
  0x51, 0x13, 0x11, 0x0b, 0xf0, 0x02, 0xd0, 0x0a, 0xf0, 0x0a, 0x32, 0x03, 0x54, 0x0b, 0x12, 0x03,
  0x54, 0x03, 0xd6, 0x03, 0xf6, 0x0b, 0x36, 0x14, 0xb4, 0x0b, 0xb1, 0x02, 0xf2, 0x02, 0x94, 0x03,
  0xd6, 0x03, 0xd6, 0x03, 0x94, 0x03, 0xf1, 0x02, 0x90, 0x02, 0x53, 0x03, 0xf6, 0x13, 0x1a, 0x15,
  0xd5, 0x03, 0xf2, 0x02, 0x12, 0x03, 0x12, 0x03, 0x53, 0x03, 0xb4, 0x03, 0x32, 0x0b, 0x31, 0x03,
  0x12, 0x0b, 0xf1, 0x02, 0x11, 0x0b, 0x31, 0x0b, 0xf0, 0x12, 0x51, 0x13, 0x93, 0x1b, 0x92, 0x1b,
  0x11, 0x13, 0x11, 0x13, 0x51, 0x13, 0x31, 0x13, 0x31, 0x13, 0x72, 0x13, 0x72, 0x13, 0x31, 0x13,
  0x71, 0x1b, 0x92, 0x1b, 0x71, 0x1b, 0x33, 0x1b, 0x50, 0x1b, 0x72, 0x23, 0x51, 0x1b, 0x31, 0x1b,
  0x51, 0x23, 0x52, 0x2b, 0x00, 0x00, 0x00, 0x00, 0x00, 0x00, 0x00, 0x00, 0x00, 0x00, 0x00, 0x00,
  0x00, 0x00, 0x00, 0x00, 0xb5, 0x02, 0x6d, 0x23, 0x10, 0x04, 0x00, 0x00, 0x00, 0x00, 0x00, 0x00,
  0x00, 0x00, 0x00, 0x00, 0x00, 0x00, 0x00, 0x00, 0x00, 0x00, 0x00, 0x00, 0x00, 0x00, 0x00, 0x00,
  0x00, 0x00, 0x00, 0x00, 0x00, 0x00, 0x00, 0x00, 0x00, 0x00, 0x00, 0x00, 0x00, 0x00, 0x00, 0x00,
  0x00, 0x00, 0x00, 0x00, 0x00, 0x00, 0x00, 0x00, 0x00, 0x00, 0x00, 0x00, 0x00, 0x00, 0x00, 0x00,
  0x00, 0x00, 0x00, 0x00, 0x00, 0x00, 0x00, 0x00, 0x00, 0x00, 0x00, 0x00, 0x00, 0x00, 0x00, 0x00,
  0x00, 0x00, 0x00, 0x00, 0x00, 0x00, 0x00, 0x00, 0x00, 0x00, 0x00, 0x00, 0x00, 0x00, 0x00, 0x00,
  0x00, 0x00, 0x00, 0x00, 0x00, 0x00, 0x00, 0x00, 0x00, 0x00, 0x00, 0x00, 0x00, 0x00, 0x00, 0x00,
  0x00, 0x00, 0x00, 0x00, 0x00, 0x00, 0x00, 0x00, 0x00, 0x00, 0x00, 0x00, 0x00, 0x00, 0x00, 0x00,
  0x00, 0x00, 0x00, 0x00, 0x00, 0x00, 0x00, 0x00, 0x00, 0x00, 0x00, 0x00, 0x00, 0x00, 0x00, 0x00,
  0x00, 0x00, 0x00, 0x00, 0x00, 0x00, 0xaa, 0x52, 0x2f, 0x33, 0x90, 0x33, 0x2f, 0x33, 0x50, 0x43,
  0x00, 0x00, 0x00, 0x00, 0x00, 0x00, 0x00, 0x00, 0x00, 0x00, 0x00, 0x00, 0x00, 0x00, 0x00, 0x00,
  0x00, 0x00, 0x00, 0x00, 0x00, 0x00, 0x00, 0x00, 0x00, 0x00, 0x00, 0x00, 0x00, 0x00, 0x00, 0x00,
  0x00, 0x00, 0x00, 0x00, 0x00, 0x00, 0x00, 0x00, 0x00, 0x00, 0x00, 0x00, 0x00, 0x00, 0x00, 0x00,
  0x00, 0x00, 0x00, 0x00, 0x00, 0x00, 0x72, 0x23, 0x71, 0x23, 0xd2, 0x2b, 0x33, 0x33, 0x10, 0x04,
  0x1f, 0x00, 0xb5, 0x02, 0x91, 0x1b, 0xb3, 0x23, 0x91, 0x1b, 0x52, 0x1b, 0x72, 0x1b, 0x51, 0x1b,
  0x31, 0x1b, 0x31, 0x1b, 0xf0, 0x1a, 0xcf, 0x12, 0x10, 0x1b, 0x8e, 0x0a, 0x32, 0x13, 0xb3, 0x1b,
  0x93, 0x13, 0x72, 0x13, 0x52, 0x13, 0x31, 0x0b, 0x11, 0x13, 0xf1, 0x02, 0x52, 0x0b, 0x53, 0x13,
  0x52, 0x13, 0x11, 0x0b, 0x90, 0x02, 0x2e, 0x02, 0xd1, 0x0a, 0x17, 0x04, 0x17, 0x04, 0x17, 0x04,
  0x78, 0x04, 0x99, 0x04, 0x38, 0x04, 0x79, 0x04, 0x79, 0x04, 0xb9, 0x04, 0x79, 0x04, 0xd9, 0x04,
  0x5b, 0x0d, 0x1b, 0x0d, 0x9a, 0x04, 0x18, 0x04, 0x56, 0x03, 0x35, 0x03, 0x92, 0x02, 0xb9, 0x1c,
  0x37, 0x14, 0x54, 0x03, 0x75, 0x03, 0x95, 0x03, 0x95, 0x03, 0x12, 0x03, 0x53, 0x03, 0xb4, 0x0b,
  0xd4, 0x0b, 0x73, 0x0b, 0x53, 0x0b, 0xf1, 0x02, 0xb0, 0x0a, 0x11, 0x0b, 0x11, 0x0b, 0xd0, 0x0a,
  0xf0, 0x0a, 0x11, 0x0b, 0x31, 0x13, 0xf1, 0x0a, 0x11, 0x0b, 0xd4, 0x13, 0xb3, 0x13, 0xb3, 0x1b,
  0xb3, 0x23, 0x92, 0x1b, 0x72, 0x1b, 0x1f, 0x00, 0x52, 0x23, 0x52, 0x23, 0x71, 0x1b, 0x51, 0x1b,
  0x50, 0x1b, 0x13, 0x24, 0x13, 0x24, 0x10, 0x04, 0x00, 0x00, 0x00, 0x00, 0x00, 0x00, 0x00, 0x00,
  0x1f, 0x00, 0x00, 0x00, 0x00, 0x00, 0xb5, 0x02, 0x00, 0x00, 0x00, 0x00, 0x00, 0x00, 0x00, 0x00,
  0x00, 0x00, 0x00, 0x00, 0x00, 0x00, 0x00, 0x00, 0x00, 0x00, 0x00, 0x00, 0x00, 0x00, 0x00, 0x00,
  0x00, 0x00, 0x00, 0x00, 0x00, 0x00, 0x00, 0x00, 0x00, 0x00, 0x00, 0x00, 0x00, 0x00, 0x00, 0x00,
  0x00, 0x00, 0x00, 0x00, 0x00, 0x00, 0x00, 0x00, 0x00, 0x00, 0x00, 0x00, 0x00, 0x00, 0x00, 0x00,
  0x00, 0x00, 0x00, 0x00, 0x00, 0x00, 0x00, 0x00, 0x00, 0x00, 0x00, 0x00, 0x00, 0x00, 0x00, 0x00,
  0x00, 0x00, 0x00, 0x00, 0x00, 0x00, 0x00, 0x00, 0x00, 0x00, 0x00, 0x00, 0x00, 0x00, 0x00, 0x00,
  0x00, 0x00, 0x00, 0x00, 0x00, 0x00, 0x00, 0x00, 0x00, 0x00, 0x00, 0x00, 0x00, 0x00, 0x00, 0x00,
  0x00, 0x00, 0x00, 0x00, 0x00, 0x00, 0x00, 0x00, 0x00, 0x00, 0x00, 0x00, 0x00, 0x00, 0x00, 0x00,
  0x00, 0x00, 0x00, 0x00, 0x00, 0x00, 0x00, 0x00, 0x00, 0x00, 0x00, 0x00, 0x00, 0x00, 0x00, 0x00,
  0x00, 0x00, 0x00, 0x00, 0x00, 0x00, 0x2c, 0x33, 0x2f, 0x33, 0xb1, 0x2b, 0x91, 0x33, 0x2f, 0x3b,
  0x2c, 0x33, 0x10, 0x04, 0x00, 0x00, 0x00, 0x00, 0x00, 0x00, 0x00, 0x00, 0x00, 0x00, 0x00, 0x00,
  0x00, 0x00, 0x1f, 0x00, 0x00, 0x00, 0x00, 0x00, 0x00, 0x00, 0x00, 0x00, 0x00, 0x00, 0x00, 0x00,
  0x00, 0x00, 0x00, 0x00, 0x00, 0x00, 0x00, 0x00, 0x00, 0x00, 0x1f, 0x00, 0x00, 0x00, 0x00, 0x00,
  0x10, 0x04, 0xb5, 0x02, 0xb4, 0x2b, 0x71, 0x23, 0x10, 0x1b, 0xb2, 0x23, 0x13, 0x24, 0x15, 0x2c,
  0x13, 0x1c, 0x72, 0x23, 0x72, 0x23, 0x92, 0x23, 0x92, 0x23, 0x10, 0x13, 0xf0, 0x0a, 0x10, 0x1b,
  0x31, 0x1b, 0x31, 0x1b, 0xf0, 0x12, 0x11, 0x13, 0x72, 0x13, 0x8f, 0x0a, 0xaf, 0x0a, 0x11, 0x13,
  0x72, 0x13, 0x32, 0x13, 0xd0, 0x12, 0xaf, 0x0a, 0xaf, 0x0a, 0x73, 0x03, 0x52, 0x0b, 0xf1, 0x0a,
  0xf1, 0x0a, 0x53, 0x0b, 0xb5, 0x0b, 0xf6, 0x03, 0xd9, 0x0c, 0x9f, 0x3f, 0x7f, 0x3f, 0x7f, 0x37,
  0x1f, 0x37, 0xff, 0x26, 0x7f, 0x2f, 0x1f, 0x2f, 0x1f, 0x27, 0xff, 0x87, 0xbf, 0x67, 0x7f, 0x4f,
  0xbf, 0x4f, 0x7f, 0x37, 0x5f, 0x2f, 0x1f, 0x37, 0x7f, 0x47, 0x3d, 0x16, 0xd9, 0x04, 0xbc, 0x0d,
  0x1a, 0x0d, 0x17, 0x04, 0xf7, 0x03, 0x18, 0x04, 0x17, 0x04, 0x16, 0x04, 0xb5, 0x03, 0xd5, 0x03,
  0x17, 0x04, 0x57, 0x04, 0x78, 0x04, 0x77, 0x0c, 0xf6, 0x03, 0xb5, 0x03, 0x12, 0x0b, 0xf1, 0x0a,
  0x53, 0x0b, 0x73, 0x0b, 0xf1, 0x0a, 0xd0, 0x0a, 0x11, 0x0b, 0xd5, 0x13, 0xf5, 0x0b, 0xb4, 0x13,
  0xb3, 0x1b, 0x71, 0x13, 0x51, 0x1b, 0xb1, 0x13, 0x72, 0x13, 0x72, 0x1b, 0x91, 0x1b, 0x52, 0x1b,
  0xb1, 0x23, 0xb2, 0x23, 0x13, 0x1c, 0x10, 0x2c, 0x1f, 0x00, 0x1f, 0x00, 0x00, 0x00, 0x00, 0x00,
  0x00, 0x00, 0x33, 0x33, 0x1f, 0x00, 0x00, 0x00, 0x00, 0x00, 0x00, 0x00, 0x00, 0x00, 0x00, 0x00,
  0x00, 0x00, 0x00, 0x00, 0x00, 0x00, 0x00, 0x00, 0x00, 0x00, 0x00, 0x00, 0x00, 0x00, 0x00, 0x00,
  0x00, 0x00, 0x00, 0x00, 0x00, 0x00, 0x00, 0x00, 0x00, 0x00, 0x00, 0x00, 0x00, 0x00, 0x00, 0x00,
  0x00, 0x00, 0x00, 0x00, 0x00, 0x00, 0x00, 0x00, 0x00, 0x00, 0x00, 0x00, 0x00, 0x00, 0x00, 0x00,
  0x00, 0x00, 0x00, 0x00, 0x00, 0x00, 0x00, 0x00, 0x00, 0x00, 0x00, 0x00, 0x00, 0x00, 0x00, 0x00,
  0x00, 0x00, 0x00, 0x00, 0x00, 0x00, 0x00, 0x00, 0x00, 0x00, 0x00, 0x00, 0x00, 0x00, 0x00, 0x00,
  0x00, 0x00, 0x00, 0x00, 0x00, 0x00, 0x00, 0x00, 0x00, 0x00, 0x00, 0x00, 0x00, 0x00, 0x00, 0x00,
  0x00, 0x00, 0x00, 0x00, 0x00, 0x00, 0x00, 0x00, 0x00, 0x00, 0x00, 0x00, 0x00, 0x00, 0x00, 0x00,
  0x00, 0x00, 0x00, 0x00, 0x00, 0x00, 0x00, 0x00, 0x00, 0x00, 0x00, 0x00, 0x00, 0x00, 0x00, 0x00,
  0x00, 0x00, 0x00, 0x00, 0x10, 0x44, 0x30, 0x33, 0x2c, 0x33, 0x4f, 0x23, 0x2f, 0x33, 0xaa, 0x52,
  0x00, 0x00, 0x00, 0x00, 0x1f, 0x00, 0x00, 0x00, 0x10, 0x04, 0x00, 0x00, 0x00, 0x00, 0x00, 0x00,
  0x00, 0x00, 0x00, 0x00, 0x00, 0x00, 0x00, 0x00, 0x00, 0x00, 0x00, 0x00, 0x00, 0x00, 0x00, 0x00,
  0x00, 0x00, 0x00, 0x00, 0x00, 0x00, 0x00, 0x00, 0x00, 0x00, 0x10, 0x04, 0x00, 0x00, 0x00, 0x00,
  0x00, 0x00, 0x00, 0x00, 0x91, 0x1b, 0x52, 0x2b, 0x30, 0x23, 0x92, 0x23, 0xb3, 0x23, 0x93, 0x2b,
  0x33, 0x33, 0x00, 0x00, 0x13, 0x24, 0x93, 0x1b, 0x73, 0x1b, 0xf0, 0x0a, 0x4d, 0x0a, 0xaf, 0x12,
  0x11, 0x13, 0x31, 0x13, 0x11, 0x13, 0x32, 0x0b, 0x73, 0x13, 0xd0, 0x02, 0xaf, 0x0a, 0xb0, 0x0a,
  0xf0, 0x0a, 0xb0, 0x02, 0x8f, 0x02, 0x8f, 0x02, 0xaf, 0x02, 0x54, 0x03, 0x33, 0x03, 0x74, 0x03,
  0xd4, 0x03, 0x17, 0x04, 0xbc, 0x05, 0xff, 0x16, 0xff, 0x36, 0x5f, 0x47, 0xbf, 0x4f, 0xdf, 0x4f,
  0x7f, 0x4f, 0x1f, 0x2f, 0xff, 0x5f, 0xff, 0x8f, 0xbf, 0x67, 0xff, 0xaf, 0xff, 0xaf, 0xff, 0xa7,
  0xff, 0x7f, 0xbf, 0x57, 0x9f, 0x67, 0xdf, 0x97, 0x5f, 0x67, 0x7f, 0x57, 0xbf, 0x4f, 0xbf, 0x4f,
  0x7f, 0x3f, 0x5f, 0x1f, 0x3f, 0x1f, 0xfe, 0x16, 0xff, 0x16, 0x5e, 0x1e, 0x3a, 0x0d, 0x58, 0x04,
  0x58, 0x04, 0x99, 0x04, 0x78, 0x04, 0x78, 0x04, 0x78, 0x0c, 0x98, 0x04, 0x37, 0x04, 0x36, 0x04,
  0x16, 0x0c, 0xf5, 0x03, 0x74, 0x03, 0x94, 0x0b, 0xd4, 0x0b, 0x36, 0x14, 0xf5, 0x13, 0x73, 0x0b,
  0x92, 0x13, 0x92, 0x13, 0x71, 0x13, 0x71, 0x13, 0x51, 0x13, 0x92, 0x1b, 0x72, 0x23, 0x52, 0x13,
  0x91, 0x23, 0x91, 0x1b, 0x72, 0x23, 0x52, 0x2b, 0x13, 0x24, 0x1f, 0x00, 0x1f, 0x00, 0x70, 0x23,
  0xb5, 0x02, 0x72, 0x23, 0xb1, 0x23, 0x10, 0x04, 0x10, 0x04, 0x00, 0x00, 0x00, 0x00, 0x00, 0x00,
  0x00, 0x00, 0x00, 0x00, 0x00, 0x00, 0x00, 0x00, 0x00, 0x00, 0x00, 0x00, 0x00, 0x00, 0x00, 0x00,
  0x00, 0x00, 0x00, 0x00, 0x00, 0x00, 0x00, 0x00, 0x00, 0x00, 0x00, 0x00, 0x00, 0x00, 0x00, 0x00,
  0x00, 0x00, 0x00, 0x00, 0x00, 0x00, 0x00, 0x00, 0x00, 0x00, 0x00, 0x00, 0x00, 0x00, 0x00, 0x00,
  0x00, 0x00, 0x00, 0x00, 0x00, 0x00, 0x00, 0x00, 0x00, 0x00, 0x00, 0x00, 0x00, 0x00, 0x00, 0x00,
  0x00, 0x00, 0x00, 0x00, 0x00, 0x00, 0x00, 0x00, 0x00, 0x00, 0x00, 0x00, 0x00, 0x00, 0x00, 0x00,
  0x00, 0x00, 0x00, 0x00, 0x00, 0x00, 0x00, 0x00, 0x00, 0x00, 0x00, 0x00, 0x00, 0x00, 0x00, 0x00,
  0x00, 0x00, 0x00, 0x00, 0x00, 0x00, 0x00, 0x00, 0x00, 0x00, 0x00, 0x00, 0x00, 0x00, 0x00, 0x00,
  0x00, 0x00, 0x00, 0x00, 0x00, 0x00, 0x00, 0x00, 0x00, 0x00, 0x00, 0x00, 0x00, 0x00, 0x00, 0x00,
  0x00, 0x00, 0x00, 0x00, 0x00, 0x00, 0x00, 0x00, 0x00, 0x00, 0x10, 0x04, 0x00, 0x00, 0x00, 0x00,
  0x00, 0x00, 0x00, 0x00, 0x00, 0x00, 0x00, 0x00, 0x00, 0x00, 0x00, 0x00, 0x00, 0x00, 0x00, 0x00,
  0x00, 0x00, 0x00, 0x00, 0x00, 0x00, 0x00, 0x00, 0x00, 0x00, 0x00, 0x00, 0x00, 0x00, 0x00, 0x00,
  0x00, 0x00, 0x1f, 0x00, 0x1f, 0x00, 0x10, 0x44, 0x00, 0x00, 0x33, 0x33, 0x10, 0x04, 0x00, 0x00,
  0x00, 0x00, 0x00, 0x00, 0x1f, 0x00, 0x00, 0x00, 0x52, 0x1b, 0x92, 0x1b, 0x52, 0x13, 0x11, 0x1b,
  0x72, 0x1b, 0x72, 0x1b, 0x31, 0x1b, 0x11, 0x13, 0x11, 0x13, 0xf0, 0x02, 0x92, 0x13, 0x93, 0x13,
  0x73, 0x0b, 0x32, 0x03, 0xf2, 0x02, 0xd1, 0x02, 0xf1, 0x02, 0xf1, 0x02, 0x12, 0x03, 0xf1, 0x0a,
  0x33, 0x0b, 0x53, 0x03, 0x95, 0x03, 0x18, 0x04, 0xf7, 0x03, 0x19, 0x04, 0x99, 0x04, 0x5d, 0x16,
  0x3e, 0x1e, 0x7e, 0x26, 0xde, 0x26, 0x9f, 0x37, 0x5e, 0x5f, 0xff, 0x1e, 0x1e, 0x0f, 0x1f, 0x17,
  0xfd, 0x05, 0x9b, 0x05, 0x3f, 0x1f, 0x3f, 0x17, 0xfe, 0x1e, 0x5f, 0x1f, 0x7f, 0x3f, 0x1e, 0x3f,
  0xde, 0x26, 0x5f, 0x2f, 0x7f, 0x2f, 0x7f, 0x37, 0x7f, 0x47, 0xff, 0xa7, 0xff, 0xaf, 0xdf, 0xa7,
  0xff, 0xaf, 0xdf, 0xb7, 0xff, 0xaf, 0xff, 0x8f, 0xdf, 0x6f, 0xdf, 0x87, 0xdf, 0x8f, 0xdf, 0x97,
  0x7f, 0x67, 0xfe, 0x36, 0xff, 0x26, 0x5d, 0x06, 0x5b, 0x05, 0x5e, 0x06, 0x9b, 0x05, 0x99, 0x04,
  0x16, 0x04, 0x73, 0x03, 0xf2, 0x02, 0xb5, 0x03, 0x79, 0x04, 0x57, 0x04, 0x15, 0x0c, 0x16, 0x0c,
  0x93, 0x0b, 0xd0, 0x12, 0xcf, 0x0a, 0xf0, 0x0a, 0xaf, 0x0a, 0x92, 0x13, 0x72, 0x13, 0xb3, 0x23,
  0xd2, 0x1b, 0x72, 0x13, 0x33, 0x33, 0x93, 0x1b, 0x10, 0x04, 0x72, 0x23, 0x72, 0x23, 0x00, 0x00,
  0x10, 0x04, 0x00, 0x00, 0x00, 0x00, 0x10, 0x04, 0x00, 0x00, 0x00, 0x00, 0x00, 0x00, 0x00, 0x00,
  0xb5, 0x02, 0x00, 0x00, 0x00, 0x00, 0x00, 0x00, 0x00, 0x00, 0x00, 0x00, 0x00, 0x00, 0x00, 0x00,
  0x00, 0x00, 0x00, 0x00, 0x00, 0x00, 0x00, 0x00, 0x00, 0x00, 0x00, 0x00, 0x00, 0x00, 0x00, 0x00,
  0x00, 0x00, 0x00, 0x00, 0x00, 0x00, 0x00, 0x00, 0x00, 0x00, 0x00, 0x00, 0x00, 0x00, 0x00, 0x00,
  0x00, 0x00, 0x00, 0x00, 0x00, 0x00, 0x00, 0x00, 0x00, 0x00, 0x00, 0x00, 0x00, 0x00, 0x00, 0x00,
  0x00, 0x00, 0x00, 0x00, 0x00, 0x00, 0x00, 0x00, 0x00, 0x00, 0x00, 0x00, 0x00, 0x00, 0x00, 0x00,
  0x00, 0x00, 0x00, 0x00, 0x00, 0x00, 0x00, 0x00, 0x00, 0x00, 0x00, 0x00, 0x00, 0x00, 0x00, 0x00,
  0x00, 0x00, 0x00, 0x00, 0x00, 0x00, 0x00, 0x00, 0x00, 0x00, 0x00, 0x00, 0x00, 0x00, 0x00, 0x00,
  0x00, 0x00, 0x00, 0x00, 0x00, 0x00, 0x00, 0x00, 0x00, 0x00, 0x00, 0x00, 0x00, 0x00, 0x00, 0x00,
  0x00, 0x00, 0x00, 0x00, 0x00, 0x00, 0x00, 0x00, 0x00, 0x00, 0x00, 0x00, 0x00, 0x00, 0x00, 0x00,
  0x00, 0x00, 0x00, 0x00, 0x00, 0x00, 0x00, 0x00, 0x00, 0x00, 0x00, 0x00, 0x00, 0x00, 0x00, 0x00,
  0x00, 0x00, 0x00, 0x00, 0x10, 0x04, 0x00, 0x00, 0x31, 0x33, 0x00, 0x00, 0x00, 0x00, 0x1f, 0x00,
  0x00, 0x00, 0x00, 0x00, 0x10, 0x04, 0x00, 0x00, 0x00, 0x00, 0x00, 0x00, 0x00, 0x00, 0x00, 0x00,
  0x00, 0x00, 0x00, 0x00, 0x00, 0x00, 0x33, 0x33, 0xb3, 0x23, 0x72, 0x1b, 0x32, 0x1b, 0x52, 0x1b,
  0x51, 0x23, 0x31, 0x1b, 0x11, 0x13, 0xd0, 0x12, 0xf0, 0x0a, 0x72, 0x0b, 0x73, 0x0b, 0xd0, 0x02,
  0xb1, 0x02, 0xf1, 0x02, 0x33, 0x03, 0xf2, 0x02, 0xf1, 0x02, 0x15, 0x04, 0x3a, 0x05, 0x3b, 0x05,
  0x3d, 0x0e, 0xbf, 0x0e, 0xbe, 0x16, 0xfe, 0x1e, 0x3f, 0x37, 0x9e, 0x26, 0x3f, 0x37, 0xbf, 0x67,
  0xff, 0xb7, 0xff, 0xbf, 0xff, 0x9f, 0xff, 0x9f, 0xbf, 0x77, 0xff, 0xb7, 0xff, 0xb7, 0xdf, 0x5f,
  0x1c, 0x16, 0x1c, 0x16, 0x3e, 0x27, 0xde, 0x1e, 0x1d, 0x0e, 0xdd, 0x0d, 0x3d, 0x16, 0xfd, 0x0d,
  0x3b, 0x05, 0xdc, 0x05, 0xbe, 0x16, 0x3d, 0x0e, 0xff, 0x16, 0xdf, 0x97, 0xdf, 0xaf, 0xdf, 0xaf,
  0xbf, 0x9f, 0xdf, 0xb7, 0xff, 0xb7, 0xff, 0xb7, 0xff, 0xc7, 0xff, 0xa7, 0xff, 0xc7, 0xff, 0xbf,
  0xff, 0xcf, 0xde, 0xd7, 0xff, 0xbf, 0xff, 0x67, 0x7f, 0x3f, 0xff, 0x26, 0x1f, 0x17, 0xbf, 0x06,
  0xdc, 0x05, 0xbc, 0x05, 0x57, 0x04, 0x95, 0x03, 0x97, 0x03, 0xb8, 0x0c, 0x19, 0x0d, 0xd8, 0x0c,
  0xd5, 0x0b, 0xf2, 0x0a, 0xd1, 0x02, 0xd0, 0x02, 0xaf, 0x0a, 0xb2, 0x13, 0x93, 0x13, 0x73, 0x13,
  0xb3, 0x13, 0xd2, 0x1b, 0xd3, 0x13, 0x72, 0x23, 0xb3, 0x13, 0x10, 0x2c, 0x71, 0x1b, 0xb1, 0x23,
  0x1f, 0x00, 0x1f, 0x00, 0x00, 0x00, 0x33, 0x33, 0x10, 0x2c, 0x00, 0x00, 0x00, 0x00, 0x00, 0x00,
  0xb1, 0x13, 0x10, 0x04, 0x00, 0x00, 0x00, 0x00, 0x10, 0x04, 0x00, 0x00, 0x00, 0x00, 0x00, 0x00,
  0x00, 0x00, 0x00, 0x00, 0x00, 0x00, 0x00, 0x00, 0x00, 0x00, 0x00, 0x00, 0x00, 0x00, 0x00, 0x00,
  0x00, 0x00, 0x00, 0x00, 0x00, 0x00, 0x00, 0x00, 0x00, 0x00, 0x00, 0x00, 0x00, 0x00, 0x00, 0x00,
  0x00, 0x00, 0x00, 0x00, 0x00, 0x00, 0x00, 0x00, 0x00, 0x00, 0x00, 0x00, 0x00, 0x00, 0x00, 0x00,
  0x00, 0x00, 0x00, 0x00, 0x00, 0x00, 0x00, 0x00, 0x00, 0x00, 0x00, 0x00, 0x00, 0x00, 0x00, 0x00,
  0x00, 0x00, 0x00, 0x00, 0x00, 0x00, 0x00, 0x00, 0x00, 0x00, 0x00, 0x00, 0x00, 0x00, 0x00, 0x00,
  0x00, 0x00, 0x00, 0x00, 0x00, 0x00, 0x00, 0x00, 0x00, 0x00, 0x00, 0x00, 0x00, 0x00, 0x00, 0x00,
  0x00, 0x00, 0x00, 0x00, 0x00, 0x00, 0x00, 0x00, 0x00, 0x00, 0x00, 0x00, 0x00, 0x00, 0x00, 0x00,
  0x00, 0x00, 0x00, 0x00, 0x00, 0x00, 0x00, 0x00, 0x00, 0x00, 0x00, 0x00, 0x00, 0x00, 0x00, 0x00,
  0x00, 0x00, 0x00, 0x00, 0x00, 0x00, 0x00, 0x00, 0x00, 0x00, 0x00, 0x00, 0x00, 0x00, 0x00, 0x00,
  0x00, 0x00, 0x00, 0x00, 0x00, 0x00, 0x10, 0x04, 0x50, 0x2b, 0x33, 0x33, 0xb5, 0x02, 0x00, 0x00,
  0x33, 0x33, 0x10, 0x2c, 0x10, 0x04, 0x10, 0x2c, 0x91, 0x1b, 0x00, 0x00, 0x00, 0x00, 0x00, 0x00,
  0x00, 0x00, 0x10, 0x04, 0x1f, 0x00, 0x10, 0x44, 0xb3, 0x23, 0xb3, 0x23, 0x51, 0x1b, 0xf1, 0x12,
  0x11, 0x1b, 0x72, 0x13, 0x52, 0x13, 0xd0, 0x0a, 0x11, 0x0b, 0x32, 0x0b, 0x8f, 0x02, 0x8f, 0x02,
  0xd1, 0x02, 0xf1, 0x02, 0x56, 0x0c, 0xda, 0x0c, 0x16, 0x04, 0xfb, 0x1d, 0x7e, 0x3f, 0xfe, 0x26,
  0x3d, 0x0e, 0x1f, 0x2f, 0x9f, 0x3f, 0xdf, 0x67, 0xff, 0x87, 0xff, 0x8f, 0xbf, 0x67, 0xdf, 0x97,
  0xff, 0xa7, 0xff, 0x9f, 0xff, 0x9f, 0xff, 0x8f, 0xbf, 0x5f, 0xde, 0x26, 0xdf, 0x47, 0x9f, 0x47,
  0xbc, 0x1d, 0xf9, 0x0c, 0x9b, 0x15, 0x5a, 0x0d, 0x3a, 0x05, 0x96, 0x03, 0x38, 0x04, 0xda, 0x04,
  0xda, 0x04, 0xdb, 0x04, 0x3c, 0x05, 0x5c, 0x05, 0x7c, 0x05, 0x3d, 0x0e, 0xdf, 0x16, 0x5f, 0x2f,
  0x5f, 0x2f, 0xdf, 0x2e, 0x1f, 0x27, 0xfe, 0x2e, 0x1f, 0x2f, 0x9f, 0x3f, 0x7f, 0x47, 0xbf, 0x67,
  0xff, 0x97, 0xff, 0x97, 0xff, 0x9f, 0xff, 0xaf, 0xfe, 0xaf, 0xff, 0xb7, 0xdf, 0x8f, 0x5f, 0x5f,
  0xbe, 0x26, 0x7e, 0x0e, 0xdd, 0x0d, 0x1b, 0x05, 0x5b, 0x05, 0x9c, 0x0d, 0x78, 0x04, 0xaf, 0x02,
  0xf1, 0x02, 0xd5, 0x03, 0x36, 0x04, 0xd5, 0x0b, 0xcf, 0x0a, 0x72, 0x13, 0x93, 0x13, 0x93, 0x13,
  0x93, 0x13, 0xb3, 0x1b, 0xb3, 0x1b, 0xb3, 0x1b, 0x72, 0x23, 0x13, 0x24, 0x91, 0x1b, 0x91, 0x23,
  0x00, 0x00, 0x10, 0x04, 0x33, 0x33, 0xb5, 0x02, 0x00, 0x00, 0x00, 0x00, 0x00, 0x00, 0x10, 0x44,
  0x10, 0x23, 0x10, 0x04, 0x00, 0x00, 0x1f, 0x00, 0x1f, 0x00, 0x00, 0x00, 0x00, 0x00, 0x00, 0x00,
  0x00, 0x00, 0x00, 0x00, 0x00, 0x00, 0x00, 0x00, 0x00, 0x00, 0x00, 0x00, 0x00, 0x00, 0x00, 0x00,
  0x00, 0x00, 0x00, 0x00, 0x00, 0x00, 0x00, 0x00, 0x00, 0x00, 0x00, 0x00, 0x00, 0x00, 0x00, 0x00,
  0x00, 0x00, 0x00, 0x00, 0x00, 0x00, 0x00, 0x00, 0x00, 0x00, 0x00, 0x00, 0x00, 0x00, 0x00, 0x00,
  0x00, 0x00, 0x00, 0x00, 0x00, 0x00, 0x00, 0x00, 0x00, 0x00, 0x00, 0x00, 0x00, 0x00, 0x00, 0x00,
  0x00, 0x00, 0x00, 0x00, 0x00, 0x00, 0x00, 0x00, 0x00, 0x00, 0x00, 0x00, 0x00, 0x00, 0x00, 0x00,
  0x00, 0x00, 0x00, 0x00, 0x00, 0x00, 0x00, 0x00, 0x00, 0x00, 0x00, 0x00, 0x00, 0x00, 0x00, 0x00,
  0x00, 0x00, 0x00, 0x00, 0x00, 0x00, 0x00, 0x00, 0x00, 0x00, 0x00, 0x00, 0x00, 0x00, 0x00, 0x00,
  0x00, 0x00, 0x00, 0x00, 0x00, 0x00, 0x00, 0x00, 0x00, 0x00, 0x00, 0x00, 0x00, 0x00, 0x1f, 0x00,
  0x00, 0x00, 0x00, 0x00, 0x00, 0x00, 0x00, 0x00, 0x00, 0x00, 0x00, 0x00, 0x00, 0x00, 0x1f, 0x00,
  0x00, 0x00, 0x00, 0x00, 0x00, 0x00, 0x00, 0x00, 0x33, 0x33, 0xb5, 0x02, 0x10, 0x23, 0xb1, 0x23,
  0x31, 0x23, 0x11, 0x23, 0x72, 0x23, 0x1f, 0x00, 0x00, 0x00, 0xb5, 0x02, 0x1f, 0x00, 0xb3, 0x23,
  0x10, 0x04, 0xb4, 0x2b, 0x72, 0x23, 0xb5, 0x02, 0x93, 0x23, 0xb4, 0x23, 0x53, 0x13, 0x31, 0x13,
  0x11, 0x0b, 0x52, 0x0b, 0x32, 0x03, 0x52, 0x0b, 0x72, 0x0b, 0xd1, 0x02, 0x13, 0x03, 0x53, 0x03,
  0x94, 0x03, 0xd6, 0x03, 0xbc, 0x05, 0x1f, 0x17, 0x3f, 0x27, 0xdd, 0x46, 0x9f, 0x5f, 0xdf, 0x97,
  0xff, 0x9f, 0xff, 0xaf, 0xff, 0x9f, 0xff, 0x87, 0xff, 0x7f, 0xbf, 0x6f, 0x9f, 0x77, 0x3f, 0x3f,
  0xde, 0x2e, 0xbd, 0x26, 0x1a, 0x0d, 0x17, 0x04, 0x35, 0x04, 0x5a, 0x0d, 0xd7, 0x03, 0x78, 0x0c,
  0x16, 0x04, 0x54, 0x03, 0x74, 0x03, 0x94, 0x03, 0x36, 0x04, 0xb1, 0x02, 0xb1, 0x02, 0x53, 0x03,
  0x74, 0x03, 0x94, 0x03, 0x95, 0x03, 0xb5, 0x03, 0xb6, 0x03, 0x33, 0x03, 0x32, 0x03, 0xf5, 0x03,
  0xb5, 0x03, 0xb5, 0x03, 0xd9, 0x04, 0x5b, 0x05, 0xbc, 0x0d, 0x9b, 0x05, 0x1d, 0x06, 0x3f, 0x17,
  0x9f, 0x1f, 0x5f, 0x2f, 0x5f, 0x3f, 0xdf, 0x77, 0xff, 0x97, 0xff, 0xc7, 0xff, 0xc7, 0xff, 0xc7,
  0xff, 0xaf, 0xdf, 0x87, 0x7f, 0x5f, 0xbe, 0x2e, 0x1c, 0x0e, 0x5e, 0x0e, 0xbf, 0x06, 0x9b, 0x05,
  0x74, 0x03, 0xb1, 0x02, 0xf6, 0x03, 0xfa, 0x0c, 0x16, 0x0c, 0x52, 0x0b, 0x73, 0x13, 0x72, 0x0b,
  0x72, 0x0b, 0x93, 0x13, 0xb4, 0x13, 0x92, 0x13, 0x93, 0x1b, 0x72, 0x23, 0x51, 0x1b, 0x91, 0x1b,
  0x1f, 0x00, 0x00, 0x00, 0x1f, 0x00, 0x00, 0x00, 0x00, 0x00, 0x33, 0x33, 0x10, 0x04, 0x30, 0x1b,
  0x10, 0x44, 0x10, 0x23, 0xb5, 0x02, 0x00, 0x00, 0x00, 0x00, 0x10, 0x04, 0x00, 0x00, 0x00, 0x00,
  0x00, 0x00, 0x00, 0x00, 0x00, 0x00, 0x00, 0x00, 0x00, 0x00, 0x00, 0x00, 0x00, 0x00, 0x10, 0x04,
  0x00, 0x00, 0x00, 0x00, 0x00, 0x00, 0x00, 0x00, 0x00, 0x00, 0x00, 0x00, 0x00, 0x00, 0x00, 0x00,
  0x00, 0x00, 0x00, 0x00, 0x00, 0x00, 0x00, 0x00, 0x00, 0x00, 0x00, 0x00, 0x00, 0x00, 0x00, 0x00,
  0x00, 0x00, 0x00, 0x00, 0x00, 0x00, 0x00, 0x00, 0x00, 0x00, 0x00, 0x00, 0x00, 0x00, 0x00, 0x00,
  0x00, 0x00, 0x00, 0x00, 0x00, 0x00, 0x00, 0x00, 0x00, 0x00, 0x00, 0x00, 0x00, 0x00, 0x00, 0x00,
  0x00, 0x00, 0x00, 0x00, 0x00, 0x00, 0x00, 0x00, 0x00, 0x00, 0x00, 0x00, 0x00, 0x00, 0x00, 0x00,
  0x00, 0x00, 0x00, 0x00, 0x00, 0x00, 0x00, 0x00, 0x00, 0x00, 0x00, 0x00, 0x00, 0x00, 0x00, 0x00,
  0x00, 0x00, 0x00, 0x00, 0x00, 0x00, 0x00, 0x00, 0x00, 0x00, 0x00, 0x00, 0x00, 0x00, 0x00, 0x00,
  0x00, 0x00, 0x00, 0x00, 0x00, 0x00, 0x00, 0x00, 0x00, 0x00, 0x00, 0x00, 0x00, 0x00, 0x00, 0x00,
  0x00, 0x00, 0x00, 0x00, 0x00, 0x00, 0x00, 0x00, 0x00, 0x00, 0x00, 0x00, 0x00, 0x00, 0x52, 0x2b,
  0x52, 0x2b, 0x52, 0x2b, 0x51, 0x23, 0x72, 0x2b, 0x33, 0x33, 0x1f, 0x00, 0x00, 0x00, 0x72, 0x23,
  0x10, 0x04, 0x10, 0x44, 0x72, 0x23, 0xb3, 0x23, 0x93, 0x1b, 0x52, 0x13, 0x11, 0x0b, 0x52, 0x0b,
  0x52, 0x0b, 0x52, 0x0b, 0x12, 0x03, 0x72, 0x0b, 0x11, 0x0b, 0x38, 0x04, 0xf6, 0x03, 0x37, 0x04,
  0x5b, 0x05, 0x9e, 0x16, 0x9f, 0x26, 0x9f, 0x3f, 0xff, 0xa7, 0xff, 0x8f, 0x5e, 0x4f, 0x9f, 0x4f,
  0xff, 0x8f, 0xff, 0xb7, 0x9f, 0x7f, 0xfe, 0x36, 0xfc, 0x0d, 0x1b, 0x0d, 0xb9, 0x0c, 0x16, 0x04,
  0xb6, 0x03, 0x54, 0x03, 0xd2, 0x02, 0xb2, 0x02, 0xd2, 0x02, 0xd1, 0x02, 0x90, 0x02, 0xb1, 0x02,
  0x12, 0x03, 0x73, 0x03, 0x12, 0x03, 0x32, 0x03, 0x32, 0x03, 0x53, 0x03, 0x33, 0x03, 0x33, 0x03,
  0x33, 0x03, 0x33, 0x03, 0x33, 0x03, 0x53, 0x03, 0x12, 0x03, 0x73, 0x03, 0xd1, 0x02, 0x90, 0x02,
  0xb1, 0x02, 0xf1, 0x02, 0x11, 0x0b, 0xf1, 0x02, 0xd1, 0x02, 0xf1, 0x02, 0x74, 0x03, 0x16, 0x04,
  0x3a, 0x05, 0x1c, 0x0e, 0x5d, 0x06, 0xfe, 0x0e, 0x7f, 0x1f, 0xbf, 0x2f, 0xdf, 0x57, 0xff, 0xa7,
  0xff, 0xdf, 0xff, 0xef, 0xff, 0xd7, 0xff, 0xbf, 0xbf, 0x97, 0xff, 0x67, 0x5f, 0x3f, 0x3f, 0x17,
  0x7f, 0x0f, 0xbc, 0x05, 0x58, 0x04, 0x36, 0x0c, 0xb4, 0x0b, 0x93, 0x03, 0x32, 0x03, 0x10, 0x03,
  0x32, 0x03, 0x52, 0x03, 0x52, 0x0b, 0xd4, 0x13, 0xf4, 0x13, 0x52, 0x1b, 0x31, 0x13, 0x92, 0x1b,
  0x72, 0x23, 0xb5, 0x02, 0x10, 0x04, 0x72, 0x23, 0xb1, 0x13, 0x00, 0x00, 0x33, 0x33, 0x33, 0x33,
  0x50, 0x1b, 0x50, 0x1b, 0x70, 0x1b, 0x33, 0x33, 0x10, 0x04, 0x00, 0x00, 0x00, 0x00, 0x00, 0x00,
  0x00, 0x00, 0x00, 0x00, 0x00, 0x00, 0x00, 0x00, 0x00, 0x00, 0x00, 0x00, 0x00, 0x00, 0x00, 0x00,
  0x00, 0x00, 0x00, 0x00, 0x00, 0x00, 0x00, 0x00, 0x00, 0x00, 0x00, 0x00, 0x00, 0x00, 0x00, 0x00,
  0x00, 0x00, 0x00, 0x00, 0x00, 0x00, 0x00, 0x00, 0x00, 0x00, 0x00, 0x00, 0x00, 0x00, 0x00, 0x00,
  0x00, 0x00, 0x00, 0x00, 0x00, 0x00, 0x00, 0x00, 0x00, 0x00, 0x00, 0x00, 0x00, 0x00, 0x00, 0x00,
  0x00, 0x00, 0x00, 0x00, 0x00, 0x00, 0x00, 0x00, 0x00, 0x00, 0x00, 0x00, 0x00, 0x00, 0x00, 0x00,
  0x00, 0x00, 0x00, 0x00, 0x00, 0x00, 0x00, 0x00, 0x00, 0x00, 0x00, 0x00, 0x00, 0x00, 0x00, 0x00,
  0x00, 0x00, 0x00, 0x00, 0x00, 0x00, 0x00, 0x00, 0x00, 0x00, 0x00, 0x00, 0x00, 0x00, 0x00, 0x00,
  0x00, 0x00, 0x00, 0x00, 0x00, 0x00, 0x00, 0x00, 0x00, 0x00, 0x00, 0x00, 0x00, 0x00, 0x00, 0x00,
  0x00, 0x00, 0x00, 0x00, 0x00, 0x00, 0x00, 0x00, 0x00, 0x00, 0x1f, 0x00, 0x00, 0x00, 0x00, 0x00,
  0x00, 0x00, 0x00, 0x00, 0x00, 0x00, 0x00, 0x00, 0x1f, 0x00, 0x1f, 0x00, 0x00, 0x00, 0x91, 0x3b,
  0x52, 0x2b, 0xb2, 0x2b, 0xb3, 0x1b, 0x72, 0x1b, 0x31, 0x1b, 0xd4, 0x1b, 0xd3, 0x1b, 0x72, 0x23,
  0x92, 0x23, 0xd3, 0x23, 0x72, 0x1b, 0x92, 0x1b, 0x72, 0x1b, 0x52, 0x0b, 0x52, 0x0b, 0x52, 0x0b,
  0x72, 0x0b, 0xf1, 0x02, 0x12, 0x03, 0x74, 0x03, 0xf6, 0x0b, 0xbe, 0x26, 0x5f, 0x3f, 0xdf, 0x97,
  0xff, 0x97, 0xff, 0x97, 0xff, 0x87, 0xff, 0xd7, 0xfe, 0xc7, 0xbf, 0x9f, 0xff, 0x9f, 0xde, 0x2e,
  0x1d, 0x0e, 0xdc, 0x15, 0xb9, 0x04, 0x75, 0x03, 0x14, 0x03, 0xd0, 0x02, 0x70, 0x02, 0x90, 0x02,
  0xd1, 0x02, 0x33, 0x03, 0x74, 0x03, 0x94, 0x03, 0x74, 0x03, 0x12, 0x03, 0xb5, 0x03, 0xd5, 0x03,
  0x33, 0x03, 0x53, 0x03, 0x32, 0x03, 0xf1, 0x02, 0xd1, 0x02, 0x74, 0x03, 0x53, 0x03, 0x32, 0x03,
  0x12, 0x03, 0xf1, 0x02, 0xf1, 0x02, 0x12, 0x03, 0x32, 0x03, 0x32, 0x03, 0x74, 0x03, 0x94, 0x03,
  0xb4, 0x03, 0x94, 0x03, 0x53, 0x03, 0x74, 0x03, 0x95, 0x03, 0x73, 0x03, 0x13, 0x03, 0x13, 0x03,
  0x74, 0x03, 0x55, 0x03, 0x54, 0x03, 0x14, 0x03, 0xf6, 0x03, 0xbc, 0x05, 0xde, 0x0e, 0x5f, 0x1f,
  0xdf, 0x4f, 0xff, 0x8f, 0xff, 0xbf, 0xff, 0xdf, 0xfe, 0xd7, 0xff, 0xcf, 0xff, 0x9f, 0xff, 0x97,
  0xff, 0x57, 0x7f, 0x1f, 0xdf, 0x0e, 0x3a, 0x05, 0xb8, 0x0c, 0x7a, 0x15, 0xb8, 0x04, 0xf1, 0x02,
  0x12, 0x03, 0xb4, 0x03, 0xd4, 0x0b, 0x15, 0x0c, 0x94, 0x0b, 0x72, 0x1b, 0x92, 0x13, 0x92, 0x1b,
  0xb3, 0x23, 0x12, 0x2c, 0x10, 0x04, 0xb1, 0x13, 0xb2, 0x23, 0x1f, 0x00, 0x10, 0x04, 0x10, 0x04,
  0x90, 0x1b, 0x70, 0x1b, 0x70, 0x23, 0x10, 0x44, 0x00, 0x00, 0x10, 0x2c, 0x10, 0x23, 0x00, 0x00,
  0x00, 0x00, 0x00, 0x00, 0x00, 0x00, 0x00, 0x00, 0x00, 0x00, 0x00, 0x00, 0x00, 0x00, 0x00, 0x00,
  0x00, 0x00, 0x00, 0x00, 0x00, 0x00, 0x00, 0x00, 0x00, 0x00, 0x00, 0x00, 0x00, 0x00, 0x00, 0x00,
  0x00, 0x00, 0x00, 0x00, 0x00, 0x00, 0x00, 0x00, 0x00, 0x00, 0x00, 0x00, 0x00, 0x00, 0x00, 0x00,
  0x00, 0x00, 0x00, 0x00, 0x00, 0x00, 0x00, 0x00, 0x00, 0x00, 0x00, 0x00, 0x00, 0x00, 0x00, 0x00,
  0x00, 0x00, 0x00, 0x00, 0x00, 0x00, 0x00, 0x00, 0x00, 0x00, 0x00, 0x00, 0x00, 0x00, 0x00, 0x00,
  0x00, 0x00, 0x00, 0x00, 0x00, 0x00, 0x00, 0x00, 0x00, 0x00, 0x00, 0x00, 0x00, 0x00, 0x00, 0x00,
  0x00, 0x00, 0xaa, 0x52, 0x00, 0x00, 0x00, 0x00, 0x00, 0x00, 0x00, 0x00, 0x00, 0x00, 0x00, 0x00,
  0x00, 0x00, 0x00, 0x00, 0x00, 0x00, 0x00, 0x00, 0x00, 0x00, 0x1f, 0x00, 0x91, 0x3b, 0x1f, 0x00,
  0x00, 0x00, 0x1f, 0x00, 0x00, 0x00, 0x00, 0x00, 0x00, 0x00, 0x10, 0x2c, 0x10, 0x04, 0x00, 0x00,
  0x00, 0x00, 0x1f, 0x00, 0x00, 0x00, 0x00, 0x00, 0x00, 0x00, 0xb5, 0x02, 0x1f, 0x00, 0x72, 0x2b,
  0x72, 0x23, 0x52, 0x2b, 0x56, 0x34, 0x35, 0x1c, 0x76, 0x24, 0x58, 0x35, 0x52, 0x0b, 0x52, 0x1b,
  0x93, 0x23, 0xb3, 0x1b, 0xb2, 0x1b, 0x93, 0x1b, 0x93, 0x1b, 0xd5, 0x0b, 0x16, 0x0c, 0x52, 0x0b,
  0xf1, 0x02, 0x95, 0x03, 0xda, 0x0c, 0xdc, 0x05, 0x7f, 0x1f, 0xff, 0x9f, 0xff, 0xa7, 0xff, 0x7f,
  0x9f, 0x57, 0x5f, 0x3f, 0xff, 0x7f, 0xff, 0x87, 0x5f, 0x47, 0x3c, 0x2e, 0x59, 0x1d, 0xb5, 0x03,
  0x75, 0x03, 0x53, 0x03, 0x74, 0x03, 0x54, 0x0b, 0x73, 0x0b, 0x53, 0x03, 0x53, 0x03, 0x73, 0x03,
  0x53, 0x03, 0x32, 0x03, 0x74, 0x03, 0x53, 0x03, 0xb5, 0x03, 0x53, 0x03, 0x12, 0x03, 0x32, 0x03,
  0xd1, 0x02, 0x12, 0x03, 0x53, 0x03, 0xf1, 0x02, 0xf1, 0x02, 0x94, 0x03, 0x73, 0x03, 0x73, 0x03,
  0x94, 0x03, 0xd5, 0x03, 0xf5, 0x03, 0xb4, 0x03, 0x73, 0x03, 0x73, 0x03, 0x53, 0x03, 0x52, 0x03,
  0x32, 0x03, 0x32, 0x03, 0x94, 0x03, 0xf5, 0x03, 0x57, 0x04, 0x16, 0x04, 0xd5, 0x03, 0x94, 0x03,
  0xb5, 0x03, 0xd6, 0x03, 0x94, 0x03, 0x53, 0x03, 0xb5, 0x03, 0x97, 0x03, 0x79, 0x04, 0x3c, 0x05,
  0xdd, 0x05, 0xdf, 0x0e, 0xbf, 0x37, 0xff, 0x9f, 0xff, 0xd7, 0xff, 0xd7, 0xff, 0xcf, 0xff, 0xbf,
  0xff, 0xc7, 0xff, 0xaf, 0xbf, 0x3f, 0x3e, 0x06, 0xbe, 0x16, 0x7d, 0x16, 0xfa, 0x04, 0xb5, 0x03,
  0x74, 0x03, 0xb5, 0x03, 0x77, 0x04, 0x57, 0x0c, 0xb4, 0x03, 0x52, 0x0b, 0x52, 0x13, 0x92, 0x13,
  0x13, 0x24, 0xb4, 0x13, 0xb3, 0x23, 0x12, 0x24, 0xd2, 0x1b, 0x10, 0x24, 0x13, 0x24, 0xb1, 0x23,
  0x70, 0x1b, 0x70, 0x1b, 0x70, 0x13, 0xb1, 0x23, 0x91, 0x23, 0x6f, 0x23, 0x10, 0x2c, 0x00, 0x00,
  0x00, 0x00, 0x00, 0x00, 0x00, 0x00, 0x00, 0x00, 0x00, 0x00, 0x00, 0x00, 0x00, 0x00, 0x00, 0x00,
  0x00, 0x00, 0x00, 0x00, 0x00, 0x00, 0x00, 0x00, 0x00, 0x00, 0x00, 0x00, 0x00, 0x00, 0x00, 0x00,
  0x00, 0x00, 0x00, 0x00, 0x00, 0x00, 0x00, 0x00, 0x00, 0x00, 0x00, 0x00, 0x00, 0x00, 0x00, 0x00,
  0x00, 0x00, 0x00, 0x00, 0x00, 0x00, 0x00, 0x00, 0x00, 0x00, 0x00, 0x00, 0x00, 0x00, 0x00, 0x00,
  0x00, 0x00, 0x00, 0x00, 0x00, 0x00, 0x00, 0x00, 0x00, 0x00, 0x00, 0x00, 0x00, 0x00, 0x00, 0x00,
  0x00, 0x00, 0x00, 0x00, 0x00, 0x00, 0x00, 0x00, 0x00, 0x00, 0x00, 0x00, 0x00, 0x00, 0x00, 0x00,
  0x00, 0x00, 0x8e, 0x53, 0xb0, 0x52, 0x00, 0x00, 0x00, 0x00, 0x00, 0x00, 0x00, 0x00, 0x00, 0x00,
  0x00, 0x00, 0x00, 0x00, 0x00, 0x00, 0x00, 0x00, 0x1f, 0x00, 0x00, 0x00, 0x70, 0x3b, 0x50, 0x33,
  0x10, 0x04, 0x00, 0x00, 0x00, 0x00, 0x00, 0x00, 0x1f, 0x00, 0x30, 0x33, 0x00, 0x00, 0x1f, 0x00,
  0x00, 0x00, 0x00, 0x00, 0x00, 0x00, 0x1f, 0x00, 0xb5, 0x52, 0xb5, 0x02, 0x91, 0x3b, 0x72, 0x23,
  0x72, 0x23, 0x93, 0x23, 0x91, 0x1b, 0xb3, 0x23, 0x55, 0x24, 0x58, 0x2d, 0xf1, 0x0a, 0xb0, 0x02,
  0x31, 0x13, 0x72, 0x13, 0x73, 0x1b, 0x93, 0x13, 0x93, 0x13, 0xd4, 0x03, 0xf6, 0x03, 0xf6, 0x03,
  0xb7, 0x04, 0xdc, 0x0d, 0xde, 0x16, 0x7f, 0x2f, 0xff, 0x6f, 0x7f, 0x5f, 0xbf, 0x4f, 0x1e, 0x2f,
  0x3f, 0x1f, 0xff, 0x46, 0xbe, 0x3e, 0x7d, 0x0e, 0x9c, 0x05, 0x9c, 0x0d, 0x57, 0x0c, 0x32, 0x0b,
  0x33, 0x03, 0x73, 0x0b, 0xd5, 0x0b, 0xb5, 0x03, 0x53, 0x03, 0xd5, 0x03, 0x74, 0x03, 0x73, 0x03,
  0x93, 0x03, 0xb4, 0x03, 0x16, 0x04, 0xb4, 0x03, 0x32, 0x03, 0x53, 0x03, 0x32, 0x03, 0x53, 0x03,
  0x73, 0x03, 0x32, 0x03, 0x94, 0x03, 0xf6, 0x03, 0x36, 0x04, 0x94, 0x0b, 0x53, 0x0b, 0x12, 0x03,
  0x32, 0x03, 0xb4, 0x0b, 0xd5, 0x03, 0xf6, 0x03, 0x37, 0x0c, 0x78, 0x0c, 0x37, 0x0c, 0xb5, 0x03,
  0x95, 0x03, 0x57, 0x0c, 0x77, 0x0c, 0xb5, 0x03, 0x33, 0x03, 0x93, 0x03, 0x73, 0x03, 0x53, 0x03,
  0x32, 0x03, 0x12, 0x03, 0x12, 0x03, 0x54, 0x03, 0x16, 0x04, 0x54, 0x03, 0x95, 0x03, 0xd7, 0x0b,
  0x79, 0x04, 0xfb, 0x04, 0x9c, 0x05, 0x5e, 0x0e, 0x1f, 0x27, 0x9f, 0x47, 0xff, 0x8f, 0xff, 0xc7,
  0xff, 0xdf, 0xff, 0xdf, 0xff, 0xd7, 0xff, 0xcf, 0x3f, 0x47, 0x3e, 0x5f, 0xfa, 0x0c, 0x78, 0x04,
  0x37, 0x04, 0xd6, 0x03, 0x98, 0x04, 0x99, 0x04, 0x93, 0x03, 0x52, 0x0b, 0x11, 0x13, 0xb3, 0x13,
  0xf3, 0x1b, 0xb2, 0x1b, 0x92, 0x1b, 0xb3, 0x23, 0x92, 0x23, 0x91, 0x23, 0x72, 0x23, 0x91, 0x1b,
  0x90, 0x1b, 0x70, 0x1b, 0x30, 0x13, 0x70, 0x1b, 0x4f, 0x13, 0x90, 0x23, 0x10, 0x2c, 0x1f, 0x00,
  0xaa, 0x02, 0x00, 0x00, 0x00, 0x00, 0x00, 0x00, 0x00, 0x00, 0x00, 0x00, 0x00, 0x00, 0x00, 0x00,
  0x00, 0x00, 0x00, 0x00, 0x00, 0x00, 0x00, 0x00, 0x00, 0x00, 0x00, 0x00, 0x00, 0x00, 0x00, 0x00,
  0x00, 0x00, 0x00, 0x00, 0x00, 0x00, 0x00, 0x00, 0x00, 0x00, 0x00, 0x00, 0x00, 0x00, 0x00, 0x00,
  0x00, 0x00, 0x00, 0x00, 0x00, 0x00, 0x00, 0x00, 0x00, 0x00, 0x00, 0x00, 0x00, 0x00, 0x00, 0x00,
  0x00, 0x00, 0x00, 0x00, 0x00, 0x00, 0x00, 0x00, 0x00, 0x00, 0x00, 0x00, 0x00, 0x00, 0x00, 0x00,
  0x00, 0x00, 0x00, 0x00, 0x00, 0x00, 0x00, 0x00, 0x00, 0x00, 0x00, 0x00, 0x00, 0x00, 0x00, 0x00,
  0x00, 0x00, 0x00, 0x00, 0x00, 0x00, 0x00, 0x00, 0x00, 0x00, 0x00, 0x00, 0x00, 0x00, 0x00, 0x00,
  0x00, 0x00, 0x00, 0x00, 0x00, 0x00, 0x33, 0x33, 0x33, 0x33, 0xb5, 0x52, 0x50, 0x2b, 0x11, 0x3b,
  0x00, 0x00, 0x00, 0x00, 0x00, 0x00, 0x00, 0x00, 0x10, 0x04, 0x00, 0x00, 0x00, 0x00, 0x00, 0x00,
  0x00, 0x00, 0x00, 0x00, 0x00, 0x00, 0x00, 0x00, 0x00, 0x00, 0x10, 0x04, 0x1f, 0x00, 0x15, 0x2c,
  0x93, 0x23, 0x93, 0x1b, 0xb3, 0x23, 0x93, 0x23, 0x32, 0x1b, 0xd3, 0x23, 0xf4, 0x23, 0x14, 0x24,
  0x73, 0x1b, 0x52, 0x0b, 0x53, 0x0b, 0xf2, 0x0a, 0x33, 0x03, 0x55, 0x03, 0xb9, 0x04, 0x3d, 0x06,
  0xbf, 0x16, 0x5f, 0x37, 0xff, 0x77, 0xff, 0x9f, 0xdf, 0x77, 0x5f, 0x4f, 0xde, 0x2e, 0x3f, 0x3f,
  0x7f, 0x37, 0x1f, 0x17, 0xdc, 0x0d, 0x38, 0x04, 0x95, 0x03, 0x52, 0x03, 0x93, 0x03, 0x73, 0x03,
  0x94, 0x0b, 0x32, 0x03, 0xb0, 0x02, 0xd0, 0x02, 0x32, 0x03, 0x15, 0x0c, 0x53, 0x03, 0xd0, 0x02,
  0xd0, 0x02, 0x6f, 0x02, 0x8f, 0x0a, 0x31, 0x0b, 0x11, 0x0b, 0x52, 0x0b, 0x94, 0x0b, 0xb4, 0x0b,
  0xb4, 0x0b, 0xb5, 0x0b, 0x94, 0x03, 0x94, 0x0b, 0x74, 0x0b, 0x73, 0x03, 0x32, 0x03, 0x31, 0x03,
  0x31, 0x03, 0x31, 0x03, 0x93, 0x03, 0xb4, 0x0b, 0xb3, 0x0b, 0x93, 0x03, 0x93, 0x03, 0xd4, 0x0b,
  0xd4, 0x0b, 0x15, 0x0c, 0x36, 0x0c, 0x56, 0x0c, 0x97, 0x0c, 0x38, 0x04, 0xf6, 0x03, 0xd6, 0x03,
  0x16, 0x04, 0x94, 0x03, 0xb1, 0x02, 0x70, 0x02, 0x74, 0x03, 0xf6, 0x03, 0xd6, 0x03, 0x75, 0x03,
  0x96, 0x03, 0xd7, 0x03, 0xba, 0x04, 0x9c, 0x0d, 0xfe, 0x05, 0x1e, 0x0e, 0x3f, 0x2f, 0xdf, 0x57,
  0xff, 0xc7, 0xff, 0xd7, 0xff, 0xcf, 0xff, 0xbf, 0xdf, 0x8f, 0xff, 0xaf, 0xbf, 0x5f, 0xbd, 0x1e,
  0xbb, 0x0d, 0x3c, 0x1e, 0xda, 0x04, 0xb7, 0x03, 0xb6, 0x03, 0x73, 0x0b, 0x52, 0x03, 0x93, 0x03,
  0xd5, 0x0b, 0x11, 0x0b, 0xd0, 0x02, 0xf0, 0x12, 0x72, 0x23, 0x10, 0x04, 0xb1, 0x13, 0x91, 0x1b,
  0x31, 0x1b, 0x10, 0x1b, 0x30, 0x13, 0x71, 0x13, 0x51, 0x13, 0x0f, 0x13, 0xee, 0x12, 0x70, 0x23,
  0x10, 0x24, 0x10, 0x04, 0x10, 0x44, 0x10, 0x04, 0x10, 0x44, 0x00, 0x00, 0x00, 0x00, 0x00, 0x00,
  0x00, 0x00, 0x00, 0x00, 0x00, 0x00, 0x00, 0x00, 0x00, 0x00, 0x00, 0x00, 0x00, 0x00, 0x00, 0x00,
  0x00, 0x00, 0x00, 0x00, 0x00, 0x00, 0x00, 0x00, 0x00, 0x00, 0x00, 0x00, 0x00, 0x00, 0x00, 0x00,
  0x00, 0x00, 0x00, 0x00, 0x00, 0x00, 0x00, 0x00, 0x00, 0x00, 0x00, 0x00, 0x00, 0x00, 0x00, 0x00,
  0x00, 0x00, 0x00, 0x00, 0x00, 0x00, 0x00, 0x00, 0x00, 0x00, 0x00, 0x00, 0x00, 0x00, 0x00, 0x00,
  0x00, 0x00, 0x00, 0x00, 0x00, 0x00, 0x00, 0x00, 0x00, 0x00, 0x00, 0x00, 0x00, 0x00, 0x00, 0x00,
  0x00, 0x00, 0x00, 0x00, 0x00, 0x00, 0x00, 0x00, 0x00, 0x00, 0x00, 0x00, 0x00, 0x00, 0x00, 0x00,
  0x00, 0x00, 0x00, 0x00, 0x00, 0x00, 0xb0, 0x2a, 0x11, 0x3b, 0x00, 0x00, 0x30, 0x33, 0x10, 0x04,
  0x00, 0x00, 0x00, 0x00, 0x00, 0x00, 0x00, 0x00, 0x1f, 0x00, 0x00, 0x00, 0x00, 0x00, 0x00, 0x00,
  0x00, 0x00, 0x00, 0x00, 0x00, 0x00, 0x00, 0x00, 0x10, 0x04, 0xb5, 0x02, 0x33, 0x1b, 0x00, 0x00,
  0x33, 0x1b, 0x93, 0x23, 0x92, 0x1b, 0x93, 0x1b, 0x92, 0x23, 0xf4, 0x2b, 0x15, 0x24, 0x19, 0x35,
  0x15, 0x14, 0x32, 0x03, 0x12, 0x03, 0xb0, 0x0a, 0x13, 0x03, 0x5d, 0x0e, 0xff, 0x1e, 0x5f, 0x57,
  0xbf, 0x6f, 0xff, 0xc7, 0xfe, 0xbf, 0x3e, 0x57, 0x3d, 0x16, 0x9f, 0x67, 0x5d, 0x1e, 0xd9, 0x04,
  0x78, 0x04, 0x94, 0x03, 0x33, 0x03, 0x33, 0x03, 0x13, 0x03, 0x11, 0x0b, 0x11, 0x03, 0xf1, 0x02,
  0x73, 0x0b, 0x32, 0x0b, 0xaf, 0x02, 0xaf, 0x0a, 0xb0, 0x02, 0x93, 0x0b, 0x72, 0x0b, 0x32, 0x0b,
  0x72, 0x03, 0xaf, 0x02, 0x8f, 0x02, 0x53, 0x0b, 0x32, 0x0b, 0xf1, 0x0a, 0x8f, 0x02, 0x4e, 0x02,
  0x6e, 0x02, 0x6e, 0x0a, 0x4e, 0x0a, 0x4e, 0x0a, 0x6e, 0x0a, 0x2e, 0x02, 0x6e, 0x02, 0x6e, 0x02,
  0x4d, 0x02, 0x4d, 0x02, 0x4e, 0x02, 0x6f, 0x0a, 0x8f, 0x0a, 0x4e, 0x02, 0x2d, 0x02, 0x2d, 0x02,
  0x6e, 0x02, 0xaf, 0x0a, 0xaf, 0x0a, 0xf0, 0x02, 0xb3, 0x0b, 0xd9, 0x0c, 0x7b, 0x15, 0x7b, 0x0d,
  0x5a, 0x0d, 0x3a, 0x0d, 0xd8, 0x0c, 0xf2, 0x02, 0xd1, 0x02, 0x37, 0x04, 0xf6, 0x03, 0x75, 0x03,
  0x96, 0x03, 0xd6, 0x03, 0x96, 0x03, 0x76, 0x03, 0xda, 0x04, 0xba, 0x0c, 0xbb, 0x04, 0x3d, 0x06,
  0x9f, 0x27, 0xdf, 0xa7, 0xff, 0xb7, 0xdf, 0xbf, 0xff, 0xbf, 0xff, 0xd7, 0xff, 0xa7, 0xdf, 0x87,
  0x1f, 0x3f, 0x9e, 0x0e, 0xbc, 0x15, 0xd7, 0x03, 0x74, 0x03, 0xf5, 0x0b, 0x17, 0x04, 0xb5, 0x03,
  0x73, 0x03, 0xf1, 0x0a, 0xaf, 0x0a, 0xd0, 0x12, 0xb3, 0x23, 0x72, 0x1b, 0x51, 0x1b, 0x30, 0x13,
  0x31, 0x1b, 0x50, 0x13, 0x50, 0x13, 0x50, 0x1b, 0x71, 0x1b, 0x2f, 0x1b, 0x30, 0x1b, 0x50, 0x1b,
  0x30, 0x1b, 0xb5, 0x02, 0x1f, 0x00, 0x1f, 0x00, 0x1f, 0x00, 0x00, 0x00, 0x00, 0x00, 0x00, 0x00,
  0x00, 0x00, 0x00, 0x00, 0x00, 0x00, 0x00, 0x00, 0x00, 0x00, 0x00, 0x00, 0x00, 0x00, 0x00, 0x00,
  0x00, 0x00, 0x00, 0x00, 0x00, 0x00, 0x00, 0x00, 0x00, 0x00, 0x00, 0x00, 0x00, 0x00, 0x00, 0x00,
  0x00, 0x00, 0x00, 0x00, 0x00, 0x00, 0x00, 0x00, 0x00, 0x00, 0x00, 0x00, 0x00, 0x00, 0x00, 0x00,
  0x00, 0x00, 0x00, 0x00, 0x00, 0x00, 0x00, 0x00, 0x00, 0x00, 0x00, 0x00, 0x00, 0x00, 0x00, 0x00,
  0x00, 0x00, 0x00, 0x00, 0x00, 0x00, 0x00, 0x00, 0x00, 0x00, 0x00, 0x00, 0x00, 0x00, 0x00, 0x00,
  0x00, 0x00, 0x00, 0x00, 0x00, 0x00, 0x00, 0x00, 0x00, 0x00, 0x00, 0x00, 0x00, 0x00, 0x00, 0x00,
  0x00, 0x00, 0x00, 0x00, 0x10, 0x04, 0x10, 0x44, 0x90, 0x43, 0xb5, 0x52, 0x10, 0x04, 0x00, 0x00,
  0x00, 0x00, 0x00, 0x00, 0x00, 0x00, 0x00, 0x00, 0x00, 0x00, 0x00, 0x00, 0x00, 0x00, 0x00, 0x00,
  0x10, 0x44, 0xb5, 0x52, 0x00, 0x00, 0x00, 0x00, 0xb5, 0x02, 0x15, 0x2c, 0xb3, 0x23, 0x13, 0x24,
  0x93, 0x23, 0x93, 0x23, 0x93, 0x1b, 0xd4, 0x23, 0xd3, 0x2b, 0x72, 0x23, 0x52, 0x1b, 0x35, 0x24,
  0x98, 0x1c, 0x37, 0x04, 0xf6, 0x03, 0x57, 0x04, 0x7c, 0x06, 0x7f, 0x2f, 0xde, 0x2e, 0x7e, 0x67,
  0xdf, 0x87, 0xbf, 0x57, 0x7e, 0x2e, 0x9e, 0x1e, 0x1e, 0x07, 0x19, 0x05, 0x54, 0x03, 0x70, 0x02,
  0x70, 0x02, 0x70, 0x02, 0xd0, 0x02, 0xf1, 0x02, 0x12, 0x03, 0x31, 0x03, 0x31, 0x03, 0x52, 0x03,
  0x11, 0x03, 0x6e, 0x02, 0x6f, 0x02, 0x90, 0x02, 0xf1, 0x02, 0xf0, 0x0a, 0xd0, 0x02, 0x72, 0x0b,
  0x56, 0x14, 0xd4, 0x0b, 0xd4, 0x0b, 0xd4, 0x0b, 0x11, 0x0b, 0x8f, 0x0a, 0x4e, 0x0a, 0x2d, 0x0a,
  0x4d, 0x0a, 0x4e, 0x0a, 0x8f, 0x0a, 0xaf, 0x0a, 0xd0, 0x12, 0xb0, 0x0a, 0xd0, 0x0a, 0xb0, 0x0a,
  0xd0, 0x0a, 0xf0, 0x12, 0xd0, 0x12, 0xf0, 0x0a, 0xf0, 0x0a, 0xd0, 0x0a, 0xd0, 0x0a, 0xd0, 0x0a,
  0xf0, 0x0a, 0xd0, 0x0a, 0x8f, 0x02, 0x8f, 0x0a, 0x6f, 0x0a, 0xcd, 0x01, 0x2d, 0x02, 0x70, 0x02,
  0x11, 0x03, 0x56, 0x0c, 0xdc, 0x15, 0x5d, 0x1e, 0xfc, 0x0d, 0x16, 0x0c, 0x17, 0x04, 0xb5, 0x03,
  0x37, 0x04, 0x58, 0x04, 0xb6, 0x03, 0xb6, 0x03, 0x18, 0x04, 0x96, 0x03, 0x5b, 0x0d, 0x1a, 0x05,
  0x79, 0x04, 0xde, 0x16, 0x9f, 0x3f, 0xff, 0xa7, 0xff, 0xc7, 0xff, 0xc7, 0xff, 0xcf, 0xff, 0xdf,
  0xff, 0x9f, 0xbf, 0x67, 0x9b, 0x0d, 0x38, 0x04, 0xfa, 0x14, 0x78, 0x04, 0x37, 0x04, 0x53, 0x03,
  0x73, 0x03, 0x11, 0x0b, 0xf0, 0x0a, 0x51, 0x13, 0x15, 0x1c, 0x51, 0x13, 0x30, 0x13, 0x31, 0x13,
  0x51, 0x1b, 0x50, 0x13, 0x51, 0x1b, 0x72, 0x23, 0xb1, 0x13, 0x91, 0x2b, 0xb1, 0x23, 0x10, 0x04,
  0x00, 0x00, 0x00, 0x00, 0x00, 0x00, 0x10, 0x04, 0x00, 0x00, 0x00, 0x00, 0x00, 0x00, 0x00, 0x00,
  0x00, 0x00, 0x00, 0x00, 0x00, 0x00, 0x00, 0x00, 0x00, 0x00, 0x00, 0x00, 0x00, 0x00, 0x00, 0x00,
  0x00, 0x00, 0x00, 0x00, 0x00, 0x00, 0x00, 0x00, 0x00, 0x00, 0x00, 0x00, 0x00, 0x00, 0x00, 0x00,
  0x00, 0x00, 0x00, 0x00, 0x00, 0x00, 0x00, 0x00, 0x00, 0x00, 0x00, 0x00, 0x00, 0x00, 0x00, 0x00,
  0x00, 0x00, 0x00, 0x00, 0x00, 0x00, 0x00, 0x00, 0x00, 0x00, 0x00, 0x00, 0x00, 0x00, 0x00, 0x00,
  0x00, 0x00, 0x00, 0x00, 0x00, 0x00, 0x00, 0x00, 0x00, 0x00, 0x00, 0x00, 0x00, 0x00, 0x00, 0x00,
  0x00, 0x00, 0x00, 0x00, 0x00, 0x00, 0x00, 0x00, 0x00, 0x00, 0x00, 0x00, 0x00, 0x00, 0x1f, 0x00,
  0xb5, 0x52, 0x33, 0x33, 0x33, 0x33, 0x00, 0x00, 0x70, 0x33, 0x72, 0x23, 0x00, 0x00, 0x10, 0x04,
  0x00, 0x00, 0x00, 0x00, 0x00, 0x00, 0x00, 0x00, 0x10, 0x04, 0x00, 0x00, 0x00, 0x00, 0xb5, 0x52,
  0xb3, 0x23, 0x91, 0x33, 0x13, 0x34, 0x10, 0x04, 0x13, 0x24, 0x10, 0x44, 0x33, 0x33, 0xb3, 0x23,
  0x93, 0x1b, 0x52, 0x1b, 0x73, 0x1b, 0x15, 0x1c, 0xb3, 0x1b, 0x31, 0x13, 0x94, 0x0b, 0x33, 0x03,
  0x54, 0x03, 0x98, 0x04, 0x3d, 0x0e, 0xdf, 0x0e, 0x3f, 0x1f, 0xdf, 0x7f, 0xdf, 0x97, 0x9f, 0x4f,
  0x7f, 0x2f, 0x7f, 0x27, 0x7e, 0x1e, 0x17, 0x0c, 0xd1, 0x0a, 0x6f, 0x02, 0x90, 0x02, 0x6f, 0x02,
  0x6f, 0x02, 0xd0, 0x02, 0xf1, 0x02, 0xb0, 0x02, 0xb0, 0x02, 0xb0, 0x02, 0x8f, 0x02, 0xf1, 0x02,
  0x32, 0x03, 0x73, 0x03, 0xd5, 0x0b, 0x94, 0x0b, 0x53, 0x03, 0xf0, 0x02, 0xb0, 0x02, 0x8f, 0x02,
  0xf0, 0x0a, 0x11, 0x0b, 0xf0, 0x0a, 0x11, 0x0b, 0xd0, 0x12, 0x93, 0x1b, 0xd4, 0x23, 0xf4, 0x1b,
  0x93, 0x1b, 0x72, 0x1b, 0x73, 0x1b, 0xb3, 0x1b, 0x93, 0x1b, 0x73, 0x1b, 0x72, 0x1b, 0x31, 0x13,
  0x11, 0x13, 0x72, 0x1b, 0x72, 0x1b, 0x52, 0x13, 0x52, 0x1b, 0x93, 0x1b, 0x73, 0x1b, 0x52, 0x13,
  0x32, 0x13, 0xf1, 0x0a, 0xd0, 0x0a, 0xf1, 0x0a, 0xf0, 0x12, 0x11, 0x0b, 0xf1, 0x0a, 0x4f, 0x02,
  0x0d, 0x02, 0x0d, 0x02, 0x2e, 0x02, 0x11, 0x03, 0x56, 0x0c, 0xf5, 0x03, 0x16, 0x04, 0xd5, 0x03,
  0x36, 0x04, 0x58, 0x04, 0x38, 0x04, 0x58, 0x04, 0xb6, 0x03, 0x54, 0x03, 0xd9, 0x04, 0x3a, 0x15,
  0x79, 0x04, 0x9d, 0x05, 0x1d, 0x06, 0xff, 0x16, 0x9f, 0x3f, 0xff, 0x87, 0xff, 0xc7, 0xfe, 0xd7,
  0xfe, 0xdf, 0xff, 0xe7, 0xbf, 0x87, 0x5e, 0x0e, 0x5a, 0x05, 0x58, 0x04, 0x37, 0x04, 0x36, 0x04,
  0x78, 0x04, 0x32, 0x03, 0x4e, 0x0a, 0x15, 0x14, 0xd8, 0x1c, 0x10, 0x13, 0x51, 0x13, 0xb2, 0x13,
  0xb3, 0x1b, 0x51, 0x1b, 0x50, 0x1b, 0x72, 0x23, 0x91, 0x1b, 0x33, 0x33, 0x33, 0x33, 0x10, 0x2c,
  0x10, 0x04, 0x00, 0x00, 0x1f, 0x00, 0x00, 0x00, 0xb5, 0x02, 0x00, 0x00, 0x00, 0x00, 0x00, 0x00,
  0x00, 0x00, 0x00, 0x00, 0x00, 0x00, 0x00, 0x00, 0x00, 0x00, 0x00, 0x00, 0x00, 0x00, 0x00, 0x00,
  0x00, 0x00, 0x00, 0x00, 0x00, 0x00, 0x00, 0x00, 0x00, 0x00, 0x00, 0x00, 0x00, 0x00, 0x00, 0x00,
  0x00, 0x00, 0x00, 0x00, 0x00, 0x00, 0x00, 0x00, 0x00, 0x00, 0x00, 0x00, 0x00, 0x00, 0x00, 0x00,
  0x00, 0x00, 0x00, 0x00, 0x00, 0x00, 0x00, 0x00, 0x00, 0x00, 0x00, 0x00, 0x00, 0x00, 0x00, 0x00,
  0x00, 0x00, 0x00, 0x00, 0x00, 0x00, 0x00, 0x00, 0x00, 0x00, 0x00, 0x00, 0x00, 0x00, 0x00, 0x00,
  0x00, 0x00, 0x00, 0x00, 0x00, 0x00, 0x00, 0x00, 0x00, 0x00, 0x00, 0x00, 0x33, 0x33, 0xb0, 0x2a,
  0xb0, 0x2a, 0x91, 0x3b, 0x11, 0x3b, 0x10, 0x44, 0x51, 0x3b, 0x10, 0x04, 0x00, 0x00, 0x00, 0x00,
  0x00, 0x00, 0x00, 0x00, 0x00, 0x00, 0x00, 0x00, 0x1f, 0x00, 0x00, 0x00, 0x00, 0x00, 0x10, 0x44,
  0x52, 0x2b, 0xd2, 0x2b, 0x73, 0x23, 0x92, 0x23, 0x72, 0x23, 0xb2, 0x23, 0xb3, 0x23, 0x73, 0x23,
  0x73, 0x23, 0x52, 0x1b, 0x31, 0x13, 0x72, 0x13, 0x52, 0x13, 0x93, 0x03, 0x98, 0x0c, 0x58, 0x0c,
  0x39, 0x04, 0x1d, 0x16, 0xbe, 0x16, 0x7f, 0x3f, 0x5f, 0x3f, 0x7f, 0x6f, 0xdf, 0x8f, 0x9f, 0x4f,
  0xbd, 0x0d, 0xb9, 0x04, 0x33, 0x0b, 0x2e, 0x02, 0x6e, 0x0a, 0xaf, 0x02, 0xd1, 0x02, 0xd0, 0x02,
  0xd0, 0x02, 0xf1, 0x02, 0xb0, 0x02, 0xb0, 0x02, 0xd0, 0x02, 0x73, 0x03, 0x53, 0x03, 0x73, 0x03,
  0xb4, 0x0b, 0xd5, 0x13, 0x94, 0x0b, 0x52, 0x0b, 0x11, 0x0b, 0x11, 0x0b, 0x32, 0x13, 0xcf, 0x0a,
  0x8f, 0x12, 0x11, 0x13, 0x31, 0x13, 0x52, 0x1b, 0x93, 0x23, 0x10, 0x04, 0x95, 0x1b, 0xd4, 0x1b,
  0x93, 0x1b, 0xb3, 0x23, 0x93, 0x1b, 0x74, 0x23, 0x93, 0x23, 0xb4, 0x13, 0xb3, 0x23, 0x92, 0x1b,
  0x92, 0x23, 0x93, 0x1b, 0x92, 0x1b, 0xb2, 0x23, 0xd2, 0x1b, 0x95, 0x1b, 0x52, 0x13, 0xb3, 0x23,
  0xb3, 0x23, 0xb3, 0x1b, 0x73, 0x1b, 0x92, 0x1b, 0x73, 0x13, 0x93, 0x13, 0xf4, 0x1b, 0xb3, 0x13,
  0x73, 0x0b, 0x11, 0x0b, 0x8f, 0x0a, 0xed, 0x01, 0xed, 0x01, 0x52, 0x03, 0xf5, 0x0b, 0x98, 0x0c,
  0x78, 0x04, 0xf6, 0x03, 0x57, 0x04, 0x78, 0x04, 0xb6, 0x03, 0xb5, 0x03, 0xd2, 0x02, 0xb6, 0x03,
  0x78, 0x04, 0x18, 0x04, 0x35, 0x03, 0x55, 0x03, 0x7b, 0x05, 0xfe, 0x1e, 0x7f, 0x57, 0xff, 0xa7,
  0xff, 0xcf, 0xff, 0xd7, 0xff, 0xcf, 0xff, 0x9f, 0x1d, 0x2f, 0xbc, 0x15, 0x1b, 0x05, 0x3b, 0x05,
  0x78, 0x04, 0xd6, 0x03, 0xf5, 0x03, 0xd8, 0x0c, 0x97, 0x14, 0x52, 0x13, 0xb3, 0x1b, 0xd3, 0x13,
  0xd3, 0x1b, 0x91, 0x1b, 0xd2, 0x1b, 0x72, 0x23, 0x33, 0x1b, 0x72, 0x23, 0xb1, 0x2b, 0x33, 0x33,
  0x10, 0x44, 0x1f, 0x00, 0x00, 0x00, 0x00, 0x00, 0x00, 0x00, 0x00, 0x00, 0x00, 0x00, 0x00, 0x00,
  0x00, 0x00, 0x00, 0x00, 0x00, 0x00, 0x00, 0x00, 0x00, 0x00, 0x00, 0x00, 0x00, 0x00, 0x00, 0x00,
  0x00, 0x00, 0x00, 0x00, 0x00, 0x00, 0x00, 0x00, 0x00, 0x00, 0x00, 0x00, 0x00, 0x00, 0x00, 0x00,
  0x00, 0x00, 0x00, 0x00, 0x00, 0x00, 0x00, 0x00, 0x00, 0x00, 0x00, 0x00, 0x00, 0x00, 0x00, 0x00,
  0x00, 0x00, 0x00, 0x00, 0x00, 0x00, 0x00, 0x00, 0x00, 0x00, 0x00, 0x00, 0x00, 0x00, 0x00, 0x00,
  0x00, 0x00, 0x00, 0x00, 0x00, 0x00, 0x00, 0x00, 0x00, 0x00, 0x00, 0x00, 0x00, 0x00, 0x00, 0x00,
  0x00, 0x00, 0x00, 0x00, 0x00, 0x00, 0x00, 0x00, 0x00, 0x00, 0x00, 0x00, 0x00, 0x00, 0x10, 0x44,
  0x91, 0x3b, 0x30, 0x33, 0x0f, 0x33, 0x50, 0x3b, 0x72, 0x33, 0x1f, 0x00, 0x00, 0x00, 0x1f, 0x00,
  0x1f, 0x00, 0x00, 0x00, 0x00, 0x00, 0x00, 0x00, 0xb5, 0x52, 0x00, 0x00, 0x00, 0x00, 0xb5, 0x52,
  0x95, 0x3b, 0x10, 0x44, 0x93, 0x2b, 0x72, 0x23, 0x72, 0x23, 0xb3, 0x23, 0xb3, 0x23, 0x93, 0x1b,
  0xb4, 0x1b, 0x15, 0x1c, 0x73, 0x13, 0x73, 0x13, 0xb4, 0x13, 0xb4, 0x03, 0xf9, 0x04, 0x9b, 0x0d,
  0x5d, 0x0e, 0xfe, 0x36, 0xdf, 0xaf, 0xff, 0xa7, 0xdf, 0x8f, 0xde, 0x26, 0x7b, 0x15, 0xb9, 0x0c,
  0x94, 0x0b, 0xd1, 0x02, 0x6e, 0x02, 0xaf, 0x0a, 0xd0, 0x0a, 0x12, 0x03, 0x8f, 0x02, 0x8f, 0x02,
  0xd0, 0x02, 0xf1, 0x02, 0x11, 0x03, 0x73, 0x03, 0x93, 0x0b, 0x93, 0x0b, 0x32, 0x0b, 0xd0, 0x0a,
  0xaf, 0x0a, 0x8e, 0x0a, 0xb0, 0x12, 0x32, 0x13, 0xb4, 0x1b, 0x73, 0x1b, 0x92, 0x1b, 0x73, 0x1b,
  0x73, 0x1b, 0xd3, 0x23, 0x95, 0x1b, 0x15, 0x2c, 0x13, 0x24, 0x13, 0x24, 0x95, 0x1b, 0x33, 0x33,
  0x15, 0x2c, 0xb5, 0x02, 0x33, 0x33, 0x33, 0x33, 0x10, 0x44, 0x13, 0x24, 0x13, 0x1c, 0x12, 0x2c,
  0x33, 0x33, 0x13, 0x1c, 0xb3, 0x23, 0x95, 0x1b, 0x13, 0x24, 0x10, 0x04, 0x15, 0x2c, 0x95, 0x1b,
  0x15, 0x2c, 0x72, 0x23, 0x95, 0x1b, 0x13, 0x1c, 0xd3, 0x23, 0x72, 0x23, 0x13, 0x24, 0xd3, 0x1b,
  0xd4, 0x1b, 0x14, 0x1c, 0xb3, 0x1b, 0x93, 0x13, 0xf1, 0x0a, 0xb0, 0x02, 0x8f, 0x0a, 0x73, 0x0b,
  0x77, 0x0c, 0x57, 0x0c, 0x95, 0x03, 0x38, 0x04, 0x3b, 0x05, 0xfa, 0x04, 0xd2, 0x02, 0xf2, 0x02,
  0x94, 0x03, 0x17, 0x04, 0x9b, 0x0d, 0x55, 0x03, 0x37, 0x04, 0x3b, 0x0d, 0x9c, 0x05, 0x7f, 0x57,
  0xff, 0xbf, 0xff, 0xcf, 0xff, 0xcf, 0xff, 0xe7, 0xff, 0xc7, 0xdf, 0xb7, 0x9e, 0x1e, 0x5b, 0x05,
  0x79, 0x04, 0x1a, 0x05, 0x3a, 0x0d, 0xd8, 0x14, 0x51, 0x0b, 0x92, 0x13, 0x56, 0x1c, 0xd3, 0x13,
  0x92, 0x13, 0x72, 0x1b, 0x91, 0x23, 0xb5, 0x02, 0x13, 0x1c, 0x12, 0x2c, 0x13, 0x24, 0x91, 0x23,
  0x33, 0x33, 0x00, 0x00, 0x10, 0x44, 0x00, 0x00, 0x10, 0x04, 0x00, 0x00, 0x00, 0x00, 0x00, 0x00,
  0x00, 0x00, 0x00, 0x00, 0x00, 0x00, 0x00, 0x00, 0x00, 0x00, 0x00, 0x00, 0x00, 0x00, 0x00, 0x00,
  0x00, 0x00, 0x00, 0x00, 0x00, 0x00, 0x00, 0x00, 0x00, 0x00, 0x00, 0x00, 0x00, 0x00, 0x00, 0x00,
  0x00, 0x00, 0x00, 0x00, 0x00, 0x00, 0x00, 0x00, 0x00, 0x00, 0x00, 0x00, 0x00, 0x00, 0x00, 0x00,
  0x00, 0x00, 0x00, 0x00, 0x00, 0x00, 0x00, 0x00, 0x00, 0x00, 0x00, 0x00, 0x00, 0x00, 0x00, 0x00,
  0x00, 0x00, 0x00, 0x00, 0x00, 0x00, 0x00, 0x00, 0x00, 0x00, 0x00, 0x00, 0x00, 0x00, 0x00, 0x00,
  0x00, 0x00, 0x00, 0x00, 0x00, 0x00, 0x00, 0x00, 0x00, 0x00, 0x00, 0x00, 0x10, 0x04, 0xb5, 0x52,
  0x33, 0x33, 0x91, 0x33, 0x91, 0x2b, 0xef, 0x2a, 0x10, 0x3b, 0x00, 0x00, 0x00, 0x00, 0xb5, 0x52,
  0x1f, 0x00, 0x1f, 0x00, 0x10, 0x04, 0x00, 0x00, 0x1f, 0x00, 0x00, 0x00, 0x00, 0x00, 0x15, 0x2c,
  0xb5, 0x02, 0x52, 0x2b, 0x93, 0x23, 0x93, 0x23, 0x93, 0x23, 0xd4, 0x23, 0xf4, 0x1b, 0xb3, 0x1b,
  0xb4, 0x13, 0x93, 0x13, 0x32, 0x0b, 0x12, 0x03, 0x98, 0x1c, 0x99, 0x04, 0x99, 0x04, 0xbe, 0x26,
  0xbf, 0x5f, 0xff, 0x9f, 0xff, 0xb7, 0xdf, 0x36, 0xbc, 0x0d, 0xd2, 0x02, 0x4f, 0x02, 0xaf, 0x02,
  0x11, 0x03, 0x32, 0x03, 0xd0, 0x02, 0xd0, 0x02, 0x11, 0x0b, 0x12, 0x03, 0xb0, 0x02, 0xb0, 0x02,
  0xf0, 0x02, 0xd0, 0x02, 0xd0, 0x02, 0x32, 0x0b, 0xf0, 0x0a, 0x8f, 0x02, 0x8e, 0x0a, 0xaf, 0x0a,
  0xd0, 0x12, 0x72, 0x13, 0x93, 0x1b, 0xb2, 0x13, 0x92, 0x23, 0xb3, 0x23, 0x72, 0x23, 0x72, 0x23,
  0x15, 0x2c, 0xb5, 0x02, 0x72, 0x23, 0xb5, 0x02, 0x10, 0x44, 0xb5, 0x02, 0x00, 0x00, 0x00, 0x00,
  0xb5, 0x02, 0x10, 0x04, 0x00, 0x00, 0x00, 0x00, 0x10, 0x04, 0x33, 0x33, 0x00, 0x00, 0x00, 0x00,
  0x33, 0x33, 0x00, 0x00, 0x1f, 0x00, 0x1f, 0x00, 0xb5, 0x02, 0x00, 0x00, 0x00, 0x00, 0x00, 0x00,
  0x00, 0x00, 0x1f, 0x00, 0x33, 0x33, 0x17, 0x44, 0x15, 0x2c, 0x72, 0x23, 0x17, 0x04, 0x15, 0x2c,
  0x93, 0x23, 0x13, 0x24, 0xd4, 0x1b, 0xd5, 0x1b, 0xd5, 0x1b, 0x72, 0x1b, 0xd0, 0x0a, 0x4e, 0x0a,
  0x6f, 0x02, 0x73, 0x03, 0x95, 0x03, 0x95, 0x03, 0x99, 0x04, 0x97, 0x04, 0x7b, 0x0d, 0xf6, 0x03,
  0xd1, 0x02, 0x16, 0x04, 0x7e, 0x0e, 0xb8, 0x04, 0x74, 0x03, 0xda, 0x14, 0x79, 0x04, 0x3b, 0x05,
  0x7f, 0x47, 0xff, 0xaf, 0xff, 0xb7, 0xff, 0xdf, 0xff, 0xdf, 0xff, 0xc7, 0x9f, 0x77, 0xdd, 0x0d,
  0x1e, 0x06, 0x1d, 0x0e, 0xb8, 0x0c, 0xd4, 0x0b, 0x93, 0x0b, 0x11, 0x0b, 0xf4, 0x13, 0x92, 0x13,
  0x72, 0x13, 0x92, 0x1b, 0xd3, 0x1b, 0xb1, 0x13, 0x13, 0x1c, 0x10, 0x44, 0x10, 0x44, 0x12, 0x2c,
  0x52, 0x2b, 0x1f, 0x00, 0x1f, 0x00, 0x00, 0x00, 0x00, 0x00, 0x00, 0x00, 0x00, 0x00, 0x00, 0x00,
  0x00, 0x00, 0x00, 0x00, 0x00, 0x00, 0x00, 0x00, 0x00, 0x00, 0x00, 0x00, 0x00, 0x00, 0x00, 0x00,
  0x00, 0x00, 0x00, 0x00, 0x00, 0x00, 0x00, 0x00, 0x00, 0x00, 0x00, 0x00, 0x00, 0x00, 0x00, 0x00,
  0x00, 0x00, 0x00, 0x00, 0x00, 0x00, 0x00, 0x00, 0x00, 0x00, 0x00, 0x00, 0x00, 0x00, 0x00, 0x00,
  0x00, 0x00, 0x00, 0x00, 0x00, 0x00, 0x00, 0x00, 0x00, 0x00, 0x00, 0x00, 0x00, 0x00, 0x00, 0x00,
  0x00, 0x00, 0x00, 0x00, 0x00, 0x00, 0x00, 0x00, 0x00, 0x00, 0x00, 0x00, 0x00, 0x00, 0x00, 0x00,
  0x00, 0x00, 0x00, 0x00, 0x00, 0x00, 0x00, 0x00, 0x00, 0x00, 0xb5, 0x52, 0xb5, 0x52, 0x10, 0x44,
  0x1f, 0x00, 0x71, 0x2b, 0xb2, 0x23, 0x50, 0x1b, 0xd1, 0x3b, 0x72, 0x23, 0x10, 0x04, 0x10, 0x44,
  0xb5, 0x52, 0x1f, 0x00, 0x10, 0x04, 0x10, 0x04, 0xb4, 0x2b, 0x95, 0x3b, 0x13, 0x24, 0xb4, 0x2b,
  0x73, 0x23, 0x92, 0x23, 0x73, 0x23, 0xb4, 0x23, 0xb3, 0x23, 0xf4, 0x1b, 0xb4, 0x13, 0x72, 0x13,
  0x53, 0x13, 0xf1, 0x0a, 0x4e, 0x02, 0x52, 0x03, 0x9a, 0x15, 0x1d, 0x0e, 0xff, 0x2e, 0xbf, 0x9f,
  0xfe, 0xcf, 0xfe, 0xc7, 0xd5, 0x03, 0x92, 0x02, 0x55, 0x03, 0x15, 0x0c, 0x53, 0x0b, 0x8e, 0x02,
  0x4e, 0x02, 0xd0, 0x02, 0xf1, 0x02, 0xd0, 0x02, 0xf1, 0x02, 0xf1, 0x02, 0xd0, 0x02, 0xaf, 0x02,
  0x8f, 0x02, 0xf1, 0x0a, 0x31, 0x0b, 0x11, 0x13, 0x72, 0x13, 0x31, 0x13, 0x72, 0x13, 0x72, 0x13,
  0xb3, 0x1b, 0x93, 0x1b, 0x72, 0x1b, 0x51, 0x1b, 0x33, 0x23, 0xb5, 0x02, 0x10, 0x04, 0x1f, 0x00,
  0x00, 0x00, 0x10, 0x04, 0x10, 0x04, 0x00, 0x00, 0xb5, 0x02, 0x00, 0x00, 0x00, 0x00, 0x00, 0x00,
  0x00, 0x00, 0x00, 0x00, 0x00, 0x00, 0x1f, 0x00, 0x00, 0x00, 0x33, 0x33, 0x10, 0x04, 0x00, 0x00,
  0x00, 0x00, 0xb5, 0x02, 0x00, 0x00, 0x33, 0x33, 0x10, 0x04, 0x00, 0x00, 0x1f, 0x00, 0x00, 0x00,
  0x10, 0x04, 0x10, 0x04, 0x10, 0x04, 0x17, 0x44, 0x00, 0x00, 0x10, 0x04, 0x10, 0x04, 0x33, 0x33,
  0x72, 0x23, 0x95, 0x1b, 0x13, 0x1c, 0xb3, 0x13, 0xb5, 0x02, 0x12, 0x14, 0xd4, 0x1b, 0xb3, 0x1b,
  0x11, 0x13, 0x2e, 0x0a, 0xf1, 0x02, 0xf1, 0x02, 0x13, 0x03, 0xd4, 0x0b, 0xbe, 0x16, 0xdc, 0x0d,
  0x32, 0x03, 0xf2, 0x02, 0x95, 0x03, 0xb9, 0x04, 0x5b, 0x05, 0x54, 0x0b, 0xd6, 0x03, 0xd6, 0x0b,
  0x7b, 0x15, 0x7f, 0x3f, 0xff, 0xa7, 0xff, 0xaf, 0xff, 0x9f, 0xff, 0xb7, 0xff, 0xaf, 0x9e, 0x2e,
  0x9f, 0x0e, 0xfc, 0x0d, 0xf5, 0x03, 0x94, 0x03, 0x35, 0x0c, 0x72, 0x0b, 0x51, 0x13, 0x10, 0x0b,
  0x93, 0x1b, 0xb3, 0x1b, 0x12, 0x24, 0x13, 0x24, 0x92, 0x1b, 0x92, 0x23, 0x10, 0x44, 0xd2, 0x2b,
  0xb1, 0x23, 0x33, 0x33, 0x10, 0x44, 0x10, 0x04, 0x00, 0x00, 0x00, 0x00, 0x00, 0x00, 0x00, 0x00,
  0x00, 0x00, 0x00, 0x00, 0x00, 0x00, 0x00, 0x00, 0x00, 0x00, 0x00, 0x00, 0x00, 0x00, 0x00, 0x00,
  0x00, 0x00, 0x00, 0x00, 0x00, 0x00, 0x00, 0x00, 0x00, 0x00, 0x00, 0x00, 0x00, 0x00, 0x00, 0x00,
  0x00, 0x00, 0x00, 0x00, 0x00, 0x00, 0x00, 0x00, 0x00, 0x00, 0x00, 0x00, 0x00, 0x00, 0x00, 0x00,
  0x00, 0x00, 0x00, 0x00, 0x00, 0x00, 0x00, 0x00, 0x00, 0x00, 0x00, 0x00, 0x00, 0x00, 0x00, 0x00,
  0x00, 0x00, 0x00, 0x00, 0x00, 0x00, 0x00, 0x00, 0x00, 0x00, 0x00, 0x00, 0x00, 0x00, 0x00, 0x00,
  0x00, 0x00, 0x00, 0x00, 0x00, 0x00, 0x00, 0x00, 0x00, 0x00, 0x00, 0x00, 0x00, 0x00, 0x00, 0x00,
  0x00, 0x00, 0xb0, 0x2a, 0xb2, 0x1b, 0x58, 0x25, 0x53, 0x0c, 0x71, 0x33, 0x30, 0x2b, 0x51, 0x23,
  0x71, 0x23, 0x72, 0x23, 0x71, 0x23, 0x92, 0x23, 0x71, 0x1b, 0x30, 0x1b, 0x31, 0x1b, 0x31, 0x1b,
  0x32, 0x13, 0x51, 0x1b, 0x52, 0x1b, 0x52, 0x13, 0xd5, 0x13, 0x73, 0x0b, 0x73, 0x03, 0xb4, 0x0b,
  0x73, 0x03, 0x73, 0x03, 0xb4, 0x03, 0x36, 0x04, 0x7d, 0x06, 0xfe, 0x2e, 0xff, 0x8f, 0xff, 0xcf,
  0xff, 0x97, 0x3a, 0x0d, 0x54, 0x03, 0xd7, 0x03, 0x99, 0x04, 0xf5, 0x13, 0x52, 0x0b, 0x90, 0x02,
  0x2e, 0x02, 0x6e, 0x02, 0x8f, 0x02, 0xd1, 0x02, 0xf1, 0x02, 0x11, 0x0b, 0x53, 0x03, 0x32, 0x0b,
  0xf1, 0x0a, 0xb0, 0x0a, 0x6e, 0x0a, 0xaf, 0x0a, 0x52, 0x1b, 0x15, 0x2c, 0xb4, 0x2b, 0x10, 0x04,
  0x1f, 0x00, 0x10, 0x44, 0x00, 0x00, 0x10, 0x04, 0x1f, 0x00, 0x00, 0x00, 0x00, 0x00, 0x00, 0x00,
  0x00, 0x00, 0x00, 0x00, 0x00, 0x00, 0x00, 0x00, 0x00, 0x00, 0x00, 0x00, 0x00, 0x00, 0x00, 0x00,
  0x00, 0x00, 0x00, 0x00, 0x00, 0x00, 0x00, 0x00, 0x00, 0x00, 0x00, 0x00, 0x00, 0x00, 0x00, 0x00,
  0x00, 0x00, 0x00, 0x00, 0x00, 0x00, 0x1f, 0x00, 0x00, 0x00, 0x00, 0x00, 0x00, 0x00, 0x00, 0x00,
  0x00, 0x00, 0x00, 0x00, 0x00, 0x00, 0x1f, 0x00, 0x00, 0x00, 0x00, 0x00, 0x1f, 0x00, 0x1f, 0x00,
  0x13, 0x24, 0xd3, 0x23, 0x94, 0x1b, 0x93, 0x23, 0x17, 0x44, 0x14, 0x24, 0x95, 0x1b, 0x15, 0x2c,
  0xb4, 0x23, 0x31, 0x1b, 0x8e, 0x0a, 0x6f, 0x0a, 0x31, 0x13, 0x5a, 0x15, 0x7a, 0x05, 0x3d, 0x1e,
  0x3e, 0x1e, 0xd6, 0x03, 0x2e, 0x02, 0xd0, 0x02, 0x57, 0x04, 0x9b, 0x0d, 0xf9, 0x04, 0x17, 0x04,
  0x19, 0x0d, 0x37, 0x04, 0x9b, 0x05, 0x9f, 0x37, 0xff, 0xb7, 0xff, 0xdf, 0xff, 0xb7, 0xff, 0xaf,
  0xdf, 0x77, 0x9f, 0x1f, 0x7b, 0x05, 0xd8, 0x03, 0x76, 0x03, 0x36, 0x04, 0xb8, 0x04, 0xd5, 0x03,
  0x73, 0x0b, 0x92, 0x13, 0x10, 0x0b, 0x11, 0x13, 0x31, 0x13, 0x72, 0x1b, 0x91, 0x23, 0x91, 0x1b,
  0x52, 0x1b, 0x72, 0x23, 0x72, 0x23, 0x33, 0x1b, 0x10, 0x04, 0x00, 0x00, 0x10, 0x04, 0x33, 0x33,
  0x91, 0x1b, 0x00, 0x00, 0x00, 0x00, 0xb5, 0x02, 0x1f, 0x00, 0xaa, 0x02, 0x00, 0x00, 0xaa, 0x02,
  0x00, 0x00, 0x00, 0x00, 0x00, 0x00, 0x00, 0x00, 0x00, 0x00, 0x00, 0x00, 0x00, 0x00, 0x00, 0x00,
  0x00, 0x00, 0x00, 0x00, 0x00, 0x00, 0x00, 0x00, 0x00, 0x00, 0x00, 0x00, 0x00, 0x00, 0x00, 0x00,
  0x00, 0x00, 0x00, 0x00, 0x00, 0x00, 0x00, 0x00, 0x00, 0x00, 0x00, 0x00, 0x00, 0x00, 0x00, 0x00,
  0x00, 0x00, 0x00, 0x00, 0x00, 0x00, 0x00, 0x00, 0x00, 0x00, 0x00, 0x00, 0x00, 0x00, 0x00, 0x00,
  0x00, 0x00, 0x00, 0x00, 0x00, 0x00, 0x00, 0x00, 0x00, 0x00, 0x00, 0x00, 0x00, 0x00, 0x00, 0x00,
  0x33, 0x33, 0x91, 0x43, 0x71, 0x2b, 0x75, 0x24, 0xf7, 0x0c, 0x30, 0x1b, 0x30, 0x23, 0x92, 0x2b,
  0x30, 0x23, 0x51, 0x23, 0x93, 0x23, 0x52, 0x1b, 0x32, 0x1b, 0xf0, 0x12, 0x31, 0x13, 0x72, 0x13,
  0x32, 0x13, 0x52, 0x13, 0x73, 0x1b, 0x73, 0x13, 0x16, 0x14, 0x93, 0x0b, 0x94, 0x0b, 0x32, 0x03,
  0x12, 0x03, 0xb8, 0x0c, 0x1c, 0x16, 0x7e, 0x06, 0xbf, 0x27, 0xdf, 0x9f, 0xff, 0xd7, 0x7f, 0x6f,
  0xfc, 0x15, 0xb8, 0x04, 0x16, 0x04, 0x37, 0x0c, 0x33, 0x03, 0x32, 0x0b, 0x11, 0x0b, 0xf1, 0x02,
  0xf1, 0x02, 0x11, 0x03, 0xd0, 0x02, 0xb0, 0x02, 0x52, 0x03, 0xd0, 0x02, 0x12, 0x0b, 0xf0, 0x0a,
  0xb0, 0x0a, 0xd0, 0x0a, 0x31, 0x13, 0x93, 0x23, 0xd4, 0x1b, 0xb5, 0x02, 0x00, 0x00, 0x00, 0x00,
  0x00, 0x00, 0x00, 0x00, 0x00, 0x00, 0x00, 0x00, 0x1f, 0x00, 0x00, 0x00, 0x00, 0x00, 0x00, 0x00,
  0x00, 0x00, 0x00, 0x00, 0x00, 0x00, 0x00, 0x00, 0x00, 0x00, 0x00, 0x00, 0x00, 0x00, 0x00, 0x00,
  0x00, 0x00, 0x00, 0x00, 0x00, 0x00, 0x00, 0x00, 0x00, 0x00, 0x00, 0x00, 0x00, 0x00, 0x00, 0x00,
  0x00, 0x00, 0x00, 0x00, 0x00, 0x00, 0x00, 0x00, 0x00, 0x00, 0x00, 0x00, 0x00, 0x00, 0x00, 0x00,
  0x00, 0x00, 0x00, 0x00, 0x00, 0x00, 0x00, 0x00, 0x00, 0x00, 0x00, 0x00, 0x00, 0x00, 0x00, 0x00,
  0x00, 0x00, 0x00, 0x00, 0x1f, 0x00, 0x10, 0x04, 0x15, 0x2c, 0x17, 0x44, 0xb5, 0x02, 0xb5, 0x02,
  0x13, 0x1c, 0xd4, 0x1b, 0xd3, 0x1b, 0x92, 0x1b, 0x52, 0x1b, 0x15, 0x0c, 0xf1, 0x02, 0x70, 0x02,
  0xb8, 0x0c, 0xbb, 0x15, 0xb8, 0x04, 0x94, 0x03, 0xb0, 0x02, 0x16, 0x04, 0x1a, 0x05, 0xb5, 0x03,
  0x9b, 0x05, 0x5a, 0x05, 0x78, 0x04, 0xba, 0x04, 0x3e, 0x26, 0xff, 0xbf, 0xff, 0xcf, 0xde, 0xbf,
  0xff, 0xef, 0x7e, 0x67, 0xbd, 0x0e, 0xfa, 0x04, 0x75, 0x03, 0x36, 0x04, 0xd9, 0x04, 0x35, 0x04,
  0x12, 0x03, 0x11, 0x0b, 0x71, 0x13, 0x32, 0x13, 0x72, 0x1b, 0x72, 0x1b, 0xb3, 0x23, 0x72, 0x23,
  0x52, 0x1b, 0x10, 0x2c, 0x00, 0x00, 0xb5, 0x02, 0xb1, 0x23, 0x10, 0x04, 0xb5, 0x02, 0x10, 0x24,
  0x33, 0x33, 0x1f, 0x00, 0x00, 0x00, 0x00, 0x00, 0xb5, 0x02, 0x1f, 0x00, 0x4f, 0x23, 0x2f, 0x1b,
  0x00, 0x00, 0x00, 0x00, 0x00, 0x00, 0x00, 0x00, 0x00, 0x00, 0x00, 0x00, 0x00, 0x00, 0x00, 0x00,
  0x00, 0x00, 0x00, 0x00, 0x00, 0x00, 0x00, 0x00, 0x00, 0x00, 0x00, 0x00, 0x00, 0x00, 0x00, 0x00,
  0x00, 0x00, 0x00, 0x00, 0x00, 0x00, 0x00, 0x00, 0x00, 0x00, 0x00, 0x00, 0x00, 0x00, 0x00, 0x00,
  0x00, 0x00, 0x00, 0x00, 0x00, 0x00, 0x00, 0x00, 0x00, 0x00, 0x00, 0x00, 0x00, 0x00, 0x00, 0x00,
  0x00, 0x00, 0x00, 0x00, 0x00, 0x00, 0x1f, 0x00, 0x00, 0x00, 0x00, 0x00, 0x00, 0x00, 0x00, 0x00,
  0x10, 0x44, 0x33, 0x33, 0x72, 0x2b, 0xf0, 0x22, 0xb3, 0x0b, 0x93, 0x1b, 0x71, 0x1b, 0x31, 0x1b,
  0xf0, 0x1a, 0xf0, 0x1a, 0x71, 0x1b, 0x32, 0x1b, 0x32, 0x13, 0x31, 0x13, 0x31, 0x13, 0x53, 0x13,
  0x73, 0x13, 0x93, 0x13, 0x73, 0x0b, 0x74, 0x0b, 0x94, 0x0b, 0x95, 0x03, 0xf6, 0x03, 0xb6, 0x03,
  0xfa, 0x04, 0xfc, 0x0d, 0x3d, 0x0e, 0x7f, 0x2f, 0xff, 0x9f, 0xff, 0xc7, 0x9f, 0x5f, 0x5b, 0x15,
  0xd6, 0x03, 0x98, 0x0c, 0xb8, 0x0c, 0x94, 0x03, 0x90, 0x02, 0xf1, 0x0a, 0xb0, 0x02, 0x11, 0x03,
  0x53, 0x0b, 0x11, 0x03, 0xd0, 0x02, 0xf1, 0x02, 0x31, 0x0b, 0xf1, 0x0a, 0xd0, 0x12, 0xd0, 0x12,
  0x73, 0x1b, 0xb4, 0x23, 0xb3, 0x23, 0xb3, 0x23, 0x10, 0x04, 0x00, 0x00, 0x00, 0x00, 0x00, 0x00,
  0x00, 0x00, 0x1f, 0x00, 0x00, 0x00, 0x33, 0x33, 0x10, 0x04, 0x00, 0x00, 0x00, 0x00, 0x00, 0x00,
  0x00, 0x00, 0x00, 0x00, 0x00, 0x00, 0x00, 0x00, 0x00, 0x00, 0x00, 0x00, 0x00, 0x00, 0x00, 0x00,
  0x00, 0x00, 0x00, 0x00, 0x00, 0x00, 0x00, 0x00, 0x00, 0x00, 0x00, 0x00, 0x00, 0x00, 0x00, 0x00,
  0x00, 0x00, 0x00, 0x00, 0x00, 0x00, 0x00, 0x00, 0x00, 0x00, 0x00, 0x00, 0x00, 0x00, 0x00, 0x00,
  0x00, 0x00, 0x00, 0x00, 0x00, 0x00, 0x00, 0x00, 0x00, 0x00, 0x00, 0x00, 0x00, 0x00, 0x00, 0x00,
  0x00, 0x00, 0x00, 0x00, 0x00, 0x00, 0xb5, 0x02, 0x00, 0x00, 0xb5, 0x02, 0x00, 0x00, 0x10, 0x04,
  0x15, 0x2c, 0xb5, 0x02, 0x15, 0x2c, 0x16, 0x1c, 0x14, 0x24, 0xf1, 0x0a, 0xb0, 0x12, 0x4e, 0x0a,
  0x4e, 0x02, 0x56, 0x0c, 0x3c, 0x1e, 0x5d, 0x16, 0x33, 0x03, 0xd1, 0x02, 0x94, 0x03, 0xf2, 0x02,
  0x12, 0x03, 0xf9, 0x04, 0x9b, 0x05, 0xf7, 0x03, 0x19, 0x04, 0xff, 0x3e, 0xff, 0x9f, 0xff, 0xc7,
  0xff, 0xd7, 0xff, 0xe7, 0x9f, 0x67, 0x7e, 0x0e, 0x79, 0x0c, 0x78, 0x04, 0xb5, 0x03, 0x73, 0x03,
  0x57, 0x04, 0x53, 0x03, 0x52, 0x03, 0xf0, 0x0a, 0x51, 0x13, 0x71, 0x13, 0x72, 0x1b, 0x72, 0x23,
  0x13, 0x24, 0x10, 0x04, 0x72, 0x23, 0x33, 0x33, 0xb1, 0x13, 0x10, 0x2c, 0x00, 0x00, 0x10, 0x44,
  0x00, 0x00, 0x00, 0x00, 0x00, 0x00, 0x10, 0x2c, 0x50, 0x13, 0x50, 0x1b, 0x0e, 0x1b, 0x0e, 0x1b,
  0x00, 0x00, 0x00, 0x00, 0x00, 0x00, 0x00, 0x00, 0x00, 0x00, 0x00, 0x00, 0x00, 0x00, 0x00, 0x00,
  0x00, 0x00, 0x00, 0x00, 0x00, 0x00, 0x00, 0x00, 0x00, 0x00, 0x00, 0x00, 0x00, 0x00, 0x00, 0x00,
  0x00, 0x00, 0x00, 0x00, 0x00, 0x00, 0x00, 0x00, 0x00, 0x00, 0x00, 0x00, 0x00, 0x00, 0x00, 0x00,
  0x00, 0x00, 0x00, 0x00, 0x00, 0x00, 0x00, 0x00, 0x10, 0x84, 0x00, 0x00, 0x00, 0x00, 0x00, 0x00,
  0x00, 0x00, 0x00, 0x00, 0x00, 0x00, 0x00, 0x00, 0x1f, 0x00, 0x00, 0x00, 0x00, 0x00, 0xb5, 0x52,
  0x00, 0x00, 0x72, 0x4b, 0xb5, 0x52, 0x10, 0x33, 0x72, 0x1b, 0xf4, 0x1b, 0x31, 0x13, 0x11, 0x0b,
  0xf1, 0x0a, 0xaf, 0x12, 0xf0, 0x1a, 0x11, 0x13, 0xf1, 0x12, 0x31, 0x1b, 0xf1, 0x12, 0x53, 0x0b,
  0xb4, 0x13, 0xf6, 0x0b, 0x74, 0x0b, 0x73, 0x0b, 0x53, 0x0b, 0xb5, 0x03, 0xf9, 0x04, 0x1b, 0x06,
  0x5d, 0x16, 0x1f, 0x0f, 0xff, 0x37, 0xdf, 0xaf, 0xff, 0xd7, 0x1f, 0x47, 0x5b, 0x0d, 0x56, 0x0c,
  0x13, 0x03, 0xba, 0x0c, 0x58, 0x0c, 0xd1, 0x02, 0xd1, 0x02, 0xb0, 0x0a, 0x90, 0x02, 0x32, 0x03,
  0x32, 0x03, 0x8f, 0x02, 0xd1, 0x0a, 0xf1, 0x12, 0x31, 0x13, 0x11, 0x13, 0x11, 0x1b, 0x31, 0x13,
  0x93, 0x1b, 0x13, 0x24, 0xb5, 0x02, 0x1f, 0x00, 0x33, 0x33, 0x33, 0x33, 0x00, 0x00, 0x95, 0x1b,
  0x10, 0x04, 0x00, 0x00, 0x00, 0x00, 0x00, 0x00, 0x10, 0x44, 0x00, 0x00, 0x00, 0x00, 0x00, 0x00,
  0x00, 0x00, 0x00, 0x00, 0x00, 0x00, 0x00, 0x00, 0x00, 0x00, 0x00, 0x00, 0x00, 0x00, 0x00, 0x00,
  0x00, 0x00, 0x00, 0x00, 0x00, 0x00, 0x00, 0x00, 0x1f, 0x00, 0x00, 0x00, 0x00, 0x00, 0x00, 0x00,
  0x00, 0x00, 0x00, 0x00, 0x00, 0x00, 0x00, 0x00, 0x1f, 0x00, 0x00, 0x00, 0x00, 0x00, 0x00, 0x00,
  0x00, 0x00, 0x00, 0x00, 0x00, 0x00, 0x00, 0x00, 0x00, 0x00, 0x00, 0x00, 0x00, 0x00, 0x1f, 0x00,
  0x00, 0x00, 0x00, 0x00, 0x00, 0x00, 0x00, 0x00, 0x10, 0x04, 0x00, 0x00, 0x00, 0x00, 0x17, 0x44,
  0xb5, 0x02, 0x10, 0x04, 0x13, 0x24, 0x14, 0x24, 0x14, 0x24, 0xb3, 0x13, 0x73, 0x13, 0xf4, 0x1b,
  0x32, 0x0b, 0xb0, 0x02, 0xd3, 0x13, 0xbb, 0x15, 0xbc, 0x0d, 0x74, 0x03, 0x6f, 0x02, 0x94, 0x03,
  0x77, 0x04, 0x16, 0x04, 0xfa, 0x04, 0xf9, 0x04, 0xdc, 0x05, 0xbb, 0x05, 0xfe, 0x1e, 0xde, 0xaf,
  0xff, 0xa7, 0xff, 0xc7, 0xff, 0xc7, 0x9f, 0x4f, 0x1a, 0x05, 0x3a, 0x05, 0xf9, 0x04, 0x9b, 0x0d,
  0x39, 0x0d, 0x36, 0x04, 0x92, 0x03, 0xd0, 0x02, 0xb4, 0x1b, 0x51, 0x13, 0x51, 0x13, 0x91, 0x1b,
  0x72, 0x23, 0x91, 0x1b, 0x13, 0x24, 0x91, 0x23, 0x91, 0x1b, 0x12, 0x2c, 0x72, 0x23, 0xb1, 0x2b,
  0x50, 0x1b, 0x50, 0x13, 0xb5, 0x02, 0x50, 0x1b, 0x50, 0x1b, 0x2f, 0x1b, 0x50, 0x1b, 0x6f, 0x23,
  0x00, 0x00, 0x00, 0x00, 0x00, 0x00, 0x00, 0x00, 0x00, 0x00, 0x00, 0x00, 0x00, 0x00, 0x00, 0x00,
  0x00, 0x00, 0x00, 0x00, 0x00, 0x00, 0x00, 0x00, 0x00, 0x00, 0x00, 0x00, 0x00, 0x00, 0x00, 0x00,
  0x00, 0x00, 0x00, 0x00, 0x00, 0x00, 0x00, 0x00, 0x00, 0x00, 0x00, 0x00, 0x00, 0x00, 0x00, 0x00,
  0x00, 0x00, 0x00, 0x00, 0x00, 0x00, 0x00, 0x00, 0x00, 0x00, 0x00, 0x00, 0x00, 0x00, 0x00, 0x00,
  0x00, 0x00, 0x00, 0x00, 0x1f, 0x00, 0x00, 0x00, 0x00, 0x00, 0x00, 0x00, 0x00, 0x00, 0x00, 0x00,
  0x1f, 0x00, 0x10, 0x04, 0x33, 0x33, 0x33, 0x33, 0xf4, 0x33, 0x14, 0x34, 0x72, 0x13, 0xb4, 0x03,
  0x36, 0x0c, 0x8e, 0x0a, 0x6e, 0x12, 0x51, 0x13, 0x31, 0x1b, 0x11, 0x0b, 0xd1, 0x0a, 0x32, 0x0b,
  0xd5, 0x0b, 0xd5, 0x03, 0xb5, 0x03, 0x94, 0x03, 0x74, 0x03, 0x53, 0x03, 0xbb, 0x05, 0xbe, 0x16,
  0x7d, 0x0e, 0xff, 0x67, 0xff, 0xc7, 0xff, 0xc7, 0x9f, 0xa7, 0x78, 0x0c, 0xb5, 0x03, 0xb4, 0x03,
  0x33, 0x03, 0xd6, 0x03, 0xf6, 0x03, 0xb1, 0x02, 0x8f, 0x02, 0xd0, 0x02, 0xb4, 0x0b, 0xb4, 0x0b,
  0xb0, 0x02, 0xb0, 0x0a, 0x32, 0x13, 0x72, 0x1b, 0x52, 0x1b, 0x93, 0x23, 0xb4, 0x23, 0xb4, 0x23,
  0x17, 0x44, 0x10, 0x04, 0x10, 0x04, 0x00, 0x00, 0x10, 0x04, 0x33, 0x33, 0x10, 0x44, 0x95, 0x1b,
  0xb5, 0x02, 0x00, 0x00, 0x10, 0x04, 0x00, 0x00, 0x00, 0x00, 0x00, 0x00, 0x00, 0x00, 0x00, 0x00,
  0x00, 0x00, 0x00, 0x00, 0x00, 0x00, 0x00, 0x00, 0x00, 0x00, 0x00, 0x00, 0x00, 0x00, 0x00, 0x00,
  0x00, 0x00, 0x00, 0x00, 0x00, 0x00, 0x00, 0x00, 0x00, 0x00, 0x00, 0x00, 0x00, 0x00, 0x00, 0x00,
  0x00, 0x00, 0x00, 0x00, 0x00, 0x00, 0x00, 0x00, 0x00, 0x00, 0x00, 0x00, 0x00, 0x00, 0x00, 0x00,
  0x00, 0x00, 0x00, 0x00, 0x00, 0x00, 0x00, 0x00, 0x00, 0x00, 0x00, 0x00, 0x00, 0x00, 0x00, 0x00,
  0x00, 0x00, 0x00, 0x00, 0x00, 0x00, 0x00, 0x00, 0x00, 0x00, 0xb5, 0x02, 0x00, 0x00, 0x10, 0x04,
  0x10, 0x04, 0x1f, 0x00, 0x15, 0x2c, 0x00, 0x00, 0x13, 0x1c, 0x16, 0x1c, 0x15, 0x1c, 0x93, 0x13,
  0xb4, 0x1b, 0x53, 0x0b, 0xd0, 0x0a, 0x76, 0x0c, 0x1c, 0x16, 0xfa, 0x0c, 0xb0, 0x02, 0x12, 0x03,
  0x97, 0x04, 0x36, 0x04, 0x57, 0x04, 0x37, 0x04, 0x3d, 0x06, 0xfe, 0x06, 0x9b, 0x05, 0xfe, 0x36,
  0xdf, 0xbf, 0xff, 0xd7, 0xff, 0xcf, 0xff, 0xb7, 0x5f, 0x27, 0xbc, 0x05, 0x3d, 0x06, 0x7f, 0x1f,
  0xd9, 0x04, 0x16, 0x04, 0x15, 0x04, 0x36, 0x04, 0x76, 0x1c, 0x52, 0x13, 0x51, 0x13, 0x91, 0x1b,
  0xb2, 0x13, 0xb3, 0x13, 0x10, 0x04, 0x13, 0x24, 0xd0, 0x1b, 0x30, 0x13, 0xf0, 0x1a, 0x50, 0x1b,
  0x50, 0x1b, 0x70, 0x1b, 0x50, 0x1b, 0x71, 0x1b, 0x71, 0x23, 0x70, 0x1b, 0x10, 0x44, 0x00, 0x00,
  0x00, 0x00, 0x00, 0x00, 0x00, 0x00, 0x00, 0x00, 0x00, 0x00, 0x00, 0x00, 0x00, 0x00, 0x00, 0x00,
  0x00, 0x00, 0x00, 0x00, 0x00, 0x00, 0x00, 0x00, 0x00, 0x00, 0x00, 0x00, 0x00, 0x00, 0x00, 0x00,
  0x00, 0x00, 0x00, 0x00, 0x00, 0x00, 0x00, 0x00, 0x00, 0x00, 0x00, 0x00, 0x00, 0x00, 0x00, 0x00,
  0x00, 0x00, 0x00, 0x00, 0x00, 0x00, 0x00, 0x00, 0x00, 0x00, 0x00, 0x00, 0x00, 0x00, 0x00, 0x00,
  0x00, 0x00, 0x00, 0x00, 0x00, 0x00, 0x00, 0x00, 0x00, 0x00, 0x00, 0x00, 0x00, 0x00, 0x10, 0x04,
  0x10, 0x04, 0x10, 0x04, 0x33, 0x33, 0xd2, 0x3b, 0x92, 0x2b, 0xb4, 0x2b, 0x52, 0x2b, 0x76, 0x0c,
  0x5e, 0x0e, 0xd5, 0x0b, 0x4d, 0x0a, 0x72, 0x13, 0x32, 0x0b, 0xf1, 0x0a, 0xd0, 0x0a, 0xd1, 0x02,
  0x53, 0x03, 0x94, 0x03, 0x94, 0x03, 0xf5, 0x03, 0xd6, 0x03, 0xfb, 0x04, 0xfc, 0x05, 0xbd, 0x16,
  0xff, 0x9f, 0xff, 0xe7, 0xfe, 0xdf, 0xdf, 0x77, 0x5b, 0x0d, 0x13, 0x03, 0xd1, 0x02, 0x54, 0x03,
  0x53, 0x03, 0x75, 0x03, 0x16, 0x0c, 0x90, 0x02, 0x8f, 0x02, 0x74, 0x0b, 0x32, 0x0b, 0xd1, 0x0a,
  0xf1, 0x12, 0x93, 0x1b, 0xb3, 0x23, 0xb4, 0x13, 0x15, 0x2c, 0x72, 0x23, 0x00, 0x00, 0x17, 0x44,
  0x10, 0x04, 0x1f, 0x00, 0x00, 0x00, 0x00, 0x00, 0x00, 0x00, 0x17, 0x44, 0x1f, 0x00, 0x1f, 0x00,
  0x00, 0x00, 0x00, 0x00, 0x1f, 0x00, 0x00, 0x00, 0x00, 0x00, 0x00, 0x00, 0x00, 0x00, 0x00, 0x00,
  0x00, 0x00, 0x00, 0x00, 0x00, 0x00, 0x00, 0x00, 0x00, 0x00, 0x00, 0x00, 0x00, 0x00, 0x00, 0x00,
  0x00, 0x00, 0x00, 0x00, 0x00, 0x00, 0x00, 0x00, 0x00, 0x00, 0x00, 0x00, 0x00, 0x00, 0x00, 0x00,
  0x00, 0x00, 0x00, 0x00, 0x00, 0x00, 0x00, 0x00, 0x00, 0x00, 0x00, 0x00, 0x00, 0x00, 0x00, 0x00,
  0x00, 0x00, 0x00, 0x00, 0x00, 0x00, 0x00, 0x00, 0x00, 0x00, 0x00, 0x00, 0x00, 0x00, 0x00, 0x00,
  0x00, 0x00, 0x00, 0x00, 0x00, 0x00, 0x00, 0x00, 0x00, 0x00, 0xb5, 0x02, 0x00, 0x00, 0x1f, 0x00,
  0x10, 0x04, 0x00, 0x00, 0xb5, 0x02, 0x00, 0x00, 0x17, 0x44, 0xd4, 0x1b, 0x15, 0x24, 0xb3, 0x1b,
  0xd4, 0x1b, 0xd4, 0x13, 0x32, 0x0b, 0x93, 0x0b, 0xb7, 0x14, 0x16, 0x0c, 0x16, 0x0c, 0x17, 0x04,
  0x12, 0x03, 0x12, 0x03, 0xb4, 0x03, 0x15, 0x04, 0xb8, 0x04, 0x1a, 0x0d, 0xdb, 0x05, 0x5d, 0x0e,
  0x7f, 0x3f, 0xff, 0xcf, 0xff, 0xef, 0xff, 0xcf, 0xff, 0xaf, 0x7f, 0x57, 0x3f, 0x1f, 0xbf, 0x1f,
  0xbe, 0x06, 0x78, 0x04, 0x3a, 0x0d, 0x7d, 0x26, 0x16, 0x04, 0x92, 0x13, 0x91, 0x13, 0x51, 0x1b,
  0x91, 0x13, 0x92, 0x1b, 0x72, 0x1b, 0x91, 0x1b, 0xd2, 0x1b, 0x17, 0x25, 0x30, 0x0b, 0xef, 0x12,
  0xb1, 0x1b, 0x70, 0x1b, 0x71, 0x1b, 0xb2, 0x23, 0x50, 0x2b, 0x00, 0x00, 0x00, 0x00, 0x00, 0x00,
  0x00, 0x00, 0x00, 0x00, 0x00, 0x00, 0x00, 0x00, 0x00, 0x00, 0x00, 0x00, 0x00, 0x00, 0x00, 0x00,
  0x00, 0x00, 0x00, 0x00, 0x00, 0x00, 0x00, 0x00, 0x00, 0x00, 0x00, 0x00, 0x00, 0x00, 0x00, 0x00,
  0x00, 0x00, 0x00, 0x00, 0x00, 0x00, 0x00, 0x00, 0x00, 0x00, 0x00, 0x00, 0x00, 0x00, 0x00, 0x00,
  0x00, 0x00, 0x00, 0x00, 0x00, 0x00, 0x00, 0x00, 0x00, 0x00, 0x00, 0x00, 0x00, 0x00, 0x00, 0x00,
  0x00, 0x00, 0x00, 0x00, 0x00, 0x00, 0x00, 0x00, 0x00, 0x00, 0x00, 0x00, 0x10, 0x04, 0x1f, 0x00,
  0x00, 0x00, 0x1f, 0x00, 0x1f, 0x00, 0xb3, 0x3b, 0x72, 0x2b, 0x15, 0x2c, 0xb2, 0x2b, 0x72, 0x0b,
  0xfd, 0x0d, 0x5e, 0x16, 0x94, 0x03, 0xf5, 0x0b, 0xd4, 0x0b, 0x12, 0x0b, 0x32, 0x0b, 0x53, 0x0b,
  0x74, 0x03, 0x54, 0x03, 0x53, 0x03, 0x57, 0x04, 0x78, 0x04, 0x5e, 0x0e, 0x3e, 0x16, 0xbf, 0x7f,
  0xff, 0xd7, 0xff, 0xbf, 0x5f, 0x47, 0x19, 0x15, 0xb6, 0x0b, 0xb5, 0x0b, 0xd5, 0x03, 0xb5, 0x03,
  0x12, 0x03, 0xf2, 0x02, 0x12, 0x03, 0x90, 0x02, 0x53, 0x03, 0x12, 0x0b, 0x6f, 0x0a, 0xd0, 0x12,
  0x73, 0x1b, 0x93, 0x1b, 0x54, 0x1b, 0x95, 0x1b, 0x17, 0x04, 0x1f, 0x00, 0x00, 0x00, 0x00, 0x00,
  0x1f, 0x00, 0x1f, 0x00, 0x00, 0x00, 0x00, 0x00, 0x00, 0x00, 0x10, 0x04, 0x00, 0x00, 0x00, 0x00,
  0x00, 0x00, 0x00, 0x00, 0x00, 0x00, 0x00, 0x00, 0x00, 0x00, 0x00, 0x00, 0x00, 0x00, 0x00, 0x00,
  0x00, 0x00, 0x00, 0x00, 0x00, 0x00, 0x00, 0x00, 0x00, 0x00, 0x00, 0x00, 0x00, 0x00, 0x00, 0x00,
  0x00, 0x00, 0x00, 0x00, 0x00, 0x00, 0x00, 0x00, 0x00, 0x00, 0x00, 0x00, 0x00, 0x00, 0x00, 0x00,
  0x00, 0x00, 0x1f, 0x00, 0x00, 0x00, 0x00, 0x00, 0x00, 0x00, 0x00, 0x00, 0x00, 0x00, 0x00, 0x00,
  0x00, 0x00, 0x00, 0x00, 0x00, 0x00, 0x00, 0x00, 0x00, 0x00, 0x00, 0x00, 0x00, 0x00, 0x00, 0x00,
  0x00, 0x00, 0x00, 0x00, 0x00, 0x00, 0x00, 0x00, 0x00, 0x00, 0x10, 0x04, 0x00, 0x00, 0x00, 0x00,
  0x10, 0x04, 0x1f, 0x00, 0x1f, 0x00, 0x1f, 0x00, 0x00, 0x00, 0xd3, 0x23, 0x76, 0x23, 0xd4, 0x23,
  0xd4, 0x1b, 0x93, 0x13, 0xf5, 0x1b, 0x36, 0x14, 0x15, 0x14, 0x8a, 0x01, 0x6e, 0x02, 0x57, 0x04,
  0x32, 0x03, 0xb1, 0x02, 0x33, 0x03, 0x11, 0x03, 0xb1, 0x02, 0x97, 0x03, 0xd7, 0x03, 0x5d, 0x1e,
  0x7e, 0x16, 0x7c, 0x2e, 0x9f, 0xa7, 0xff, 0xe7, 0xff, 0xdf, 0xff, 0xd7, 0xff, 0xcf, 0x7f, 0x3f,
  0x3f, 0x17, 0x5d, 0x16, 0xbb, 0x15, 0x5d, 0x1e, 0xd6, 0x03, 0xb3, 0x13, 0x92, 0x13, 0x51, 0x13,
  0x71, 0x13, 0x92, 0x13, 0x91, 0x13, 0x91, 0x13, 0x34, 0x1c, 0x9c, 0x36, 0x75, 0x14, 0xb2, 0x13,
  0x91, 0x1b, 0x70, 0x1b, 0xd0, 0x1b, 0x00, 0x00, 0x00, 0x00, 0x00, 0x00, 0x1f, 0x00, 0x00, 0x00,
  0x00, 0x00, 0x00, 0x00, 0x00, 0x00, 0x00, 0x00, 0x00, 0x00, 0x00, 0x00, 0x00, 0x00, 0x00, 0x00,
  0x00, 0x00, 0x00, 0x00, 0x00, 0x00, 0x00, 0x00, 0x00, 0x00, 0x00, 0x00, 0x00, 0x00, 0x00, 0x00,
  0x00, 0x00, 0x00, 0x00, 0x00, 0x00, 0x00, 0x00, 0x00, 0x00, 0x00, 0x00, 0x00, 0x00, 0x00, 0x00,
  0x00, 0x00, 0x00, 0x00, 0x00, 0x00, 0x00, 0x00, 0x00, 0x00, 0x00, 0x00, 0x00, 0x00, 0x10, 0x84,
  0x30, 0x4b, 0x2c, 0x33, 0x10, 0x44, 0x10, 0x84, 0xb5, 0x52, 0x33, 0x33, 0xb5, 0x52, 0x00, 0x00,
  0x00, 0x00, 0x00, 0x00, 0x10, 0x44, 0x33, 0x33, 0x95, 0x3b, 0x54, 0x2c, 0x13, 0x24, 0x93, 0x13,
  0x15, 0x04, 0x7b, 0x05, 0xb8, 0x04, 0xd5, 0x03, 0xb8, 0x0c, 0xd6, 0x0b, 0x95, 0x03, 0xf6, 0x0b,
  0xb9, 0x0c, 0x58, 0x04, 0xd1, 0x02, 0xd6, 0x03, 0xbc, 0x0d, 0xbe, 0x1e, 0xff, 0xa7, 0xff, 0xdf,
  0xfe, 0xc7, 0xdf, 0x77, 0xdc, 0x0d, 0x12, 0x03, 0x32, 0x1b, 0x16, 0x0c, 0x74, 0x0b, 0xd2, 0x02,
  0xb1, 0x02, 0xd1, 0x02, 0xf2, 0x02, 0x94, 0x03, 0x74, 0x03, 0xb0, 0x0a, 0xd1, 0x12, 0xb4, 0x23,
  0xb5, 0x23, 0x33, 0x1b, 0x33, 0x33, 0x00, 0x00, 0x1f, 0x00, 0x00, 0x00, 0x00, 0x00, 0x10, 0x04,
  0x00, 0x00, 0x00, 0x00, 0x00, 0x00, 0x00, 0x00, 0x00, 0x00, 0x00, 0x00, 0x00, 0x00, 0x00, 0x00,
  0x00, 0x00, 0x00, 0x00, 0x00, 0x00, 0x00, 0x00, 0x00, 0x00, 0x00, 0x00, 0x00, 0x00, 0x00, 0x00,
  0x00, 0x00, 0x00, 0x00, 0x00, 0x00, 0x00, 0x00, 0x00, 0x00, 0x00, 0x00, 0x00, 0x00, 0x00, 0x00,
  0x00, 0x00, 0x00, 0x00, 0x00, 0x00, 0x00, 0x00, 0x00, 0x00, 0x00, 0x00, 0x00, 0x00, 0x00, 0x00,
  0x00, 0x00, 0x00, 0x00, 0x00, 0x00, 0x00, 0x00, 0x00, 0x00, 0x00, 0x00, 0x00, 0x00, 0x00, 0x00,
  0x00, 0x00, 0x00, 0x00, 0x00, 0x00, 0x00, 0x00, 0x00, 0x00, 0x00, 0x00, 0x00, 0x00, 0x00, 0x00,
  0x00, 0x00, 0x00, 0x00, 0x00, 0x00, 0x1f, 0x00, 0x00, 0x00, 0x00, 0x00, 0x10, 0x04, 0x00, 0x00,
  0x00, 0x00, 0x00, 0x00, 0x00, 0x00, 0x13, 0x24, 0x1f, 0x00, 0x17, 0x44, 0x00, 0x00, 0x15, 0x2c,
  0xb3, 0x23, 0x72, 0x1b, 0xd5, 0x1b, 0xf9, 0x1c, 0x9b, 0x25, 0x31, 0x0b, 0x6f, 0x02, 0x4e, 0x02,
  0x6f, 0x02, 0xf1, 0x02, 0x6f, 0x02, 0x2e, 0x02, 0x6f, 0x02, 0x34, 0x0b, 0xd7, 0x03, 0x18, 0x0c,
  0x7a, 0x0d, 0xfc, 0x05, 0xfc, 0x15, 0xff, 0xd7, 0xff, 0xdf, 0xfe, 0xdf, 0xfe, 0xcf, 0xff, 0xc7,
  0x9f, 0x6f, 0x5d, 0x26, 0x39, 0x05, 0xf8, 0x03, 0x5b, 0x05, 0x15, 0x14, 0x92, 0x0b, 0x72, 0x0b,
  0xd3, 0x13, 0x14, 0x14, 0x14, 0x14, 0x13, 0x14, 0x54, 0x1c, 0x74, 0x14, 0x34, 0x14, 0xb2, 0x13,
  0x50, 0x1b, 0x31, 0x23, 0x50, 0x13, 0x90, 0x23, 0xb1, 0x23, 0x1f, 0x00, 0x00, 0x00, 0x00, 0x00,
  0x00, 0x00, 0x00, 0x00, 0x00, 0x00, 0x00, 0x00, 0x00, 0x00, 0x00, 0x00, 0x00, 0x00, 0x00, 0x00,
  0x00, 0x00, 0x00, 0x00, 0x00, 0x00, 0x00, 0x00, 0x00, 0x00, 0x00, 0x00, 0x00, 0x00, 0x00, 0x00,
  0x00, 0x00, 0x00, 0x00, 0x00, 0x00, 0x00, 0x00, 0x00, 0x00, 0x00, 0x00, 0x00, 0x00, 0x00, 0x00,
  0x00, 0x00, 0x00, 0x00, 0x00, 0x00, 0x00, 0x00, 0x00, 0x00, 0x00, 0x00, 0x00, 0x00, 0x00, 0x00,
  0x00, 0x00, 0x00, 0x00, 0x00, 0x00, 0x1f, 0x00, 0x1f, 0x00, 0x00, 0x00, 0x1f, 0x00, 0x00, 0x00,
  0x00, 0x00, 0x00, 0x00, 0x33, 0x33, 0xb3, 0x33, 0x91, 0x3b, 0x92, 0x23, 0xd4, 0x1b, 0x93, 0x13,
  0xf0, 0x0a, 0x53, 0x03, 0xdc, 0x0d, 0xfd, 0x0d, 0x7b, 0x0d, 0xfc, 0x05, 0xbc, 0x05, 0xb9, 0x04,
  0x77, 0x04, 0x98, 0x04, 0xd5, 0x03, 0x9b, 0x05, 0x7f, 0x57, 0x5f, 0x57, 0xff, 0xdf, 0xff, 0xe7,
  0xff, 0x9f, 0x9a, 0x1d, 0xf1, 0x02, 0xb1, 0x02, 0x17, 0x04, 0xd4, 0x0b, 0xb4, 0x03, 0x53, 0x03,
  0x12, 0x03, 0xf2, 0x02, 0x11, 0x0b, 0x12, 0x0b, 0x31, 0x0b, 0x72, 0x1b, 0x73, 0x1b, 0x93, 0x23,
  0xd3, 0x23, 0x33, 0x33, 0x00, 0x00, 0x10, 0x04, 0xb5, 0x02, 0x00, 0x00, 0xb5, 0x02, 0x00, 0x00,
  0x10, 0x04, 0x73, 0x23, 0x93, 0x23, 0x95, 0x1b, 0x00, 0x00, 0x00, 0x00, 0x00, 0x00, 0x00, 0x00,
  0x00, 0x00, 0x00, 0x00, 0x00, 0x00, 0x00, 0x00, 0x00, 0x00, 0x00, 0x00, 0x00, 0x00, 0x00, 0x00,
  0x00, 0x00, 0x00, 0x00, 0x00, 0x00, 0x00, 0x00, 0x00, 0x00, 0x00, 0x00, 0x00, 0x00, 0x00, 0x00,
  0x00, 0x00, 0x00, 0x00, 0x00, 0x00, 0x00, 0x00, 0x00, 0x00, 0x00, 0x00, 0x00, 0x00, 0x00, 0x00,
  0x00, 0x00, 0x00, 0x00, 0x00, 0x00, 0x00, 0x00, 0x00, 0x00, 0x00, 0x00, 0x00, 0x00, 0x00, 0x00,
  0x00, 0x00, 0x00, 0x00, 0x00, 0x00, 0x00, 0x00, 0x00, 0x00, 0x00, 0x00, 0x00, 0x00, 0x00, 0x00,
  0x00, 0x00, 0x00, 0x00, 0x00, 0x00, 0x00, 0x00, 0x00, 0x00, 0x00, 0x00, 0x00, 0x00, 0x00, 0x00,
  0x00, 0x00, 0x00, 0x00, 0xb5, 0x02, 0x74, 0x23, 0x15, 0x2c, 0x1f, 0x00, 0x17, 0x44, 0xd5, 0x23,
  0xd4, 0x23, 0xd4, 0x1b, 0x72, 0x13, 0xd4, 0x13, 0xf8, 0x24, 0x57, 0x0c, 0x93, 0x0b, 0x32, 0x03,
  0x12, 0x03, 0x53, 0x03, 0xf6, 0x03, 0xf6, 0x03, 0x33, 0x03, 0x57, 0x04, 0x57, 0x04, 0xd6, 0x03,
  0x78, 0x04, 0x5c, 0x05, 0xbd, 0x05, 0x7f, 0x2f, 0xff, 0x9f, 0xff, 0xf7, 0xff, 0xef, 0xff, 0xef,
  0xff, 0xd7, 0xdf, 0x5f, 0xde, 0x26, 0x9c, 0x05, 0x18, 0x04, 0x74, 0x03, 0x52, 0x0b, 0xd0, 0x02,
  0x73, 0x03, 0x56, 0x04, 0x56, 0x1c, 0x14, 0x24, 0x51, 0x13, 0x93, 0x1b, 0xb2, 0x1b, 0xb1, 0x1b,
  0xb1, 0x1b, 0x91, 0x23, 0x00, 0x00, 0x00, 0x00, 0x1f, 0x00, 0x72, 0x23, 0x10, 0x2c, 0x00, 0x00,
  0x00, 0x00, 0x00, 0x00, 0x00, 0x00, 0x00, 0x00, 0x00, 0x00, 0x00, 0x00, 0x00, 0x00, 0x00, 0x00,
  0x00, 0x00, 0x00, 0x00, 0x00, 0x00, 0x00, 0x00, 0x00, 0x00, 0x00, 0x00, 0x00, 0x00, 0x00, 0x00,
  0x00, 0x00, 0x00, 0x00, 0x00, 0x00, 0x00, 0x00, 0x00, 0x00, 0x00, 0x00, 0x00, 0x00, 0x00, 0x00,
  0x00, 0x00, 0x00, 0x00, 0x00, 0x00, 0x00, 0x00, 0x00, 0x00, 0x00, 0x00, 0x00, 0x00, 0x00, 0x00,
  0x00, 0x00, 0x00, 0x00, 0x00, 0x00, 0x00, 0x00, 0x00, 0x00, 0x00, 0x00, 0x1f, 0x00, 0x00, 0x00,
  0x1f, 0x00, 0x00, 0x00, 0x1f, 0x00, 0x1f, 0x00, 0xb1, 0x2b, 0xb3, 0x23, 0xb4, 0x23, 0x94, 0x13,
  0x12, 0x0b, 0x95, 0x03, 0xfc, 0x0d, 0x9b, 0x0d, 0x3b, 0x15, 0x1c, 0x0e, 0x9e, 0x16, 0xdb, 0x05,
  0x55, 0x03, 0x58, 0x04, 0x3c, 0x0e, 0xdf, 0x3f, 0xff, 0x9f, 0xff, 0xe7, 0xff, 0xdf, 0xfd, 0x4e,
  0x52, 0x03, 0x6f, 0x02, 0x16, 0x0c, 0x16, 0x04, 0x53, 0x03, 0x32, 0x03, 0xf1, 0x02, 0x32, 0x03,
  0x73, 0x03, 0x73, 0x0b, 0x11, 0x0b, 0x11, 0x13, 0x11, 0x13, 0x72, 0x1b, 0x93, 0x23, 0x93, 0x23,
  0x72, 0x23, 0x1f, 0x00, 0x00, 0x00, 0x00, 0x00, 0x1f, 0x00, 0x10, 0x04, 0x33, 0x33, 0x13, 0x24,
  0xb3, 0x23, 0x10, 0x44, 0x10, 0x04, 0xb5, 0x02, 0xb5, 0x02, 0x00, 0x00, 0x00, 0x00, 0x00, 0x00,
  0x00, 0x00, 0x00, 0x00, 0x00, 0x00, 0x00, 0x00, 0x00, 0x00, 0x00, 0x00, 0x00, 0x00, 0x00, 0x00,
  0x00, 0x00, 0x00, 0x00, 0x00, 0x00, 0x00, 0x00, 0x00, 0x00, 0x00, 0x00, 0x00, 0x00, 0x00, 0x00,
  0x00, 0x00, 0x00, 0x00, 0x00, 0x00, 0x00, 0x00, 0x00, 0x00, 0x00, 0x00, 0x00, 0x00, 0x00, 0x00,
  0x00, 0x00, 0x00, 0x00, 0x00, 0x00, 0x00, 0x00, 0x00, 0x00, 0x00, 0x00, 0x00, 0x00, 0x00, 0x00,
  0x00, 0x00, 0x00, 0x00, 0x00, 0x00, 0x00, 0x00, 0x00, 0x00, 0x00, 0x00, 0x00, 0x00, 0x00, 0x00,
  0x00, 0x00, 0x00, 0x00, 0x00, 0x00, 0x00, 0x00, 0x00, 0x00, 0x00, 0x00, 0x00, 0x00, 0x00, 0x00,
  0x00, 0x00, 0x00, 0x00, 0x1f, 0x00, 0xb5, 0x02, 0xd4, 0x2b, 0x00, 0x00, 0x00, 0x00, 0x15, 0x24,
  0xb4, 0x23, 0xd4, 0x1b, 0x15, 0x1c, 0xf4, 0x1b, 0x15, 0x24, 0x94, 0x0b, 0x32, 0x0b, 0x32, 0x03,
  0x4e, 0x02, 0x4e, 0x02, 0x53, 0x03, 0x16, 0x04, 0x57, 0x04, 0xf6, 0x03, 0xf6, 0x03, 0x34, 0x03,
  0x58, 0x04, 0x9c, 0x05, 0x3b, 0x05, 0x1b, 0x05, 0x9f, 0x37, 0xff, 0xe7, 0xdf, 0xe7, 0xff, 0xd7,
  0xff, 0xef, 0xff, 0xd7, 0xbf, 0x4f, 0xff, 0x0e, 0xb8, 0x04, 0xf5, 0x03, 0x36, 0x0c, 0xb4, 0x03,
  0xb4, 0x03, 0xf5, 0x0b, 0x52, 0x0b, 0x52, 0x13, 0x92, 0x1b, 0xd2, 0x1b, 0x92, 0x1b, 0xb2, 0x1b,
  0x92, 0x23, 0x91, 0x1b, 0x00, 0x00, 0x00, 0x00, 0x91, 0x1b, 0x70, 0x1b, 0x10, 0x2c, 0x10, 0x04,
  0x00, 0x00, 0x00, 0x00, 0x00, 0x00, 0x00, 0x00, 0x00, 0x00, 0x00, 0x00, 0x00, 0x00, 0x00, 0x00,
  0x00, 0x00, 0x00, 0x00, 0x00, 0x00, 0x00, 0x00, 0x00, 0x00, 0x00, 0x00, 0x00, 0x00, 0x00, 0x00,
  0x00, 0x00, 0x00, 0x00, 0x00, 0x00, 0x00, 0x00, 0x00, 0x00, 0x00, 0x00, 0x00, 0x00, 0x00, 0x00,
  0x00, 0x00, 0x00, 0x00, 0x00, 0x00, 0x00, 0x00, 0x00, 0x00, 0x00, 0x00, 0x00, 0x00, 0x00, 0x00,
  0x00, 0x00, 0x00, 0x00, 0x00, 0x00, 0x00, 0x00, 0x00, 0x00, 0x00, 0x00, 0x00, 0x00, 0x00, 0x00,
  0x00, 0x00, 0x72, 0x23, 0xb5, 0x52, 0x00, 0x00, 0x12, 0x2c, 0x93, 0x1b, 0x73, 0x13, 0xb4, 0x13,
  0x37, 0x14, 0xd7, 0x03, 0x7c, 0x05, 0xbe, 0x0e, 0x1d, 0x16, 0x3a, 0x05, 0x1c, 0x06, 0xfc, 0x05,
  0xdb, 0x04, 0x7c, 0x15, 0x7f, 0x57, 0xff, 0xbf, 0xff, 0xd7, 0xff, 0xe7, 0xde, 0x3e, 0xf3, 0x02,
  0xb2, 0x02, 0xd6, 0x03, 0x57, 0x04, 0xd7, 0x03, 0x33, 0x03, 0xf1, 0x02, 0xd0, 0x02, 0x32, 0x0b,
  0x52, 0x0b, 0x32, 0x0b, 0x52, 0x0b, 0x73, 0x1b, 0x92, 0x1b, 0x72, 0x1b, 0x93, 0x23, 0x12, 0x2c,
  0x10, 0x04, 0x10, 0x04, 0x00, 0x00, 0x00, 0x00, 0x00, 0x00, 0x00, 0x00, 0x1f, 0x00, 0x13, 0x34,
  0xb5, 0x02, 0x1f, 0x00, 0x00, 0x00, 0x1f, 0x00, 0x00, 0x00, 0x00, 0x00, 0x00, 0x00, 0x00, 0x00,
  0x00, 0x00, 0x00, 0x00, 0x00, 0x00, 0x00, 0x00, 0x00, 0x00, 0x00, 0x00, 0x00, 0x00, 0x00, 0x00,
  0x00, 0x00, 0x00, 0x00, 0x00, 0x00, 0x00, 0x00, 0x00, 0x00, 0x00, 0x00, 0x00, 0x00, 0x00, 0x00,
  0x00, 0x00, 0x00, 0x00, 0x00, 0x00, 0x00, 0x00, 0x00, 0x00, 0x00, 0x00, 0x00, 0x00, 0x00, 0x00,
  0x00, 0x00, 0x00, 0x00, 0x00, 0x00, 0x00, 0x00, 0x00, 0x00, 0x00, 0x00, 0x00, 0x00, 0x00, 0x00,
  0x00, 0x00, 0x00, 0x00, 0x00, 0x00, 0x00, 0x00, 0x00, 0x00, 0x00, 0x00, 0x00, 0x00, 0x00, 0x00,
  0x00, 0x00, 0x00, 0x00, 0x00, 0x00, 0x00, 0x00, 0x00, 0x00, 0x00, 0x00, 0x00, 0x00, 0x00, 0x00,
  0x00, 0x00, 0x00, 0x00, 0x1f, 0x00, 0x1f, 0x00, 0x13, 0x1c, 0xb5, 0x02, 0x1f, 0x00, 0xb4, 0x13,
  0x14, 0x1c, 0x14, 0x24, 0x55, 0x24, 0x15, 0x1c, 0xf4, 0x1b, 0xf1, 0x0a, 0x12, 0x0b, 0xb4, 0x13,
  0x8f, 0x02, 0x4e, 0x02, 0x90, 0x02, 0xb4, 0x03, 0x57, 0x04, 0x74, 0x03, 0xd1, 0x02, 0x50, 0x02,
  0x13, 0x03, 0x58, 0x04, 0x77, 0x04, 0x57, 0x04, 0x9e, 0x0e, 0x9f, 0x47, 0xdf, 0xc7, 0xff, 0xd7,
  0xff, 0xe7, 0xdf, 0xe7, 0xbf, 0x8f, 0x1e, 0x17, 0x7a, 0x05, 0x98, 0x04, 0x9c, 0x0d, 0xfc, 0x15,
  0x1a, 0x05, 0x98, 0x04, 0x72, 0x03, 0xef, 0x12, 0x51, 0x1b, 0xf3, 0x23, 0xb2, 0x1b, 0x92, 0x1b,
  0xb3, 0x23, 0x33, 0x33, 0x00, 0x00, 0x10, 0x04, 0x10, 0x44, 0x70, 0x23, 0x50, 0x2b, 0x10, 0x04,
  0x00, 0x00, 0x00, 0x00, 0x00, 0x00, 0x00, 0x00, 0x00, 0x00, 0x00, 0x00, 0x00, 0x00, 0x00, 0x00,
  0x00, 0x00, 0x00, 0x00, 0x00, 0x00, 0x00, 0x00, 0x00, 0x00, 0x00, 0x00, 0x00, 0x00, 0x00, 0x00,
  0x00, 0x00, 0x00, 0x00, 0x00, 0x00, 0x00, 0x00, 0x00, 0x00, 0x00, 0x00, 0x00, 0x00, 0x00, 0x00,
  0x00, 0x00, 0x00, 0x00, 0x00, 0x00, 0x00, 0x00, 0x00, 0x00, 0x00, 0x00, 0x00, 0x00, 0x00, 0x00,
  0x00, 0x00, 0x00, 0x00, 0x00, 0x00, 0x00, 0x00, 0x00, 0x00, 0x00, 0x00, 0x00, 0x00, 0x00, 0x00,
  0x10, 0x44, 0x91, 0x3b, 0x72, 0x23, 0x91, 0x3b, 0x91, 0x33, 0x72, 0x1b, 0x32, 0x13, 0x52, 0x0b,
  0xd6, 0x0b, 0xb6, 0x03, 0xda, 0x04, 0x5e, 0x0e, 0x1e, 0x0e, 0x7c, 0x1e, 0xfc, 0x05, 0x7d, 0x0e,
  0x3e, 0x4f, 0xbf, 0x87, 0xdf, 0x87, 0xff, 0xe7, 0xdf, 0xc7, 0x5d, 0x1e, 0xd8, 0x03, 0xf2, 0x02,
  0xd6, 0x03, 0x78, 0x04, 0xd5, 0x03, 0xd6, 0x03, 0x32, 0x03, 0x52, 0x0b, 0x32, 0x0b, 0xd0, 0x0a,
  0xaf, 0x0a, 0x32, 0x13, 0x93, 0x13, 0x73, 0x1b, 0xb4, 0x23, 0xb2, 0x23, 0x93, 0x2b, 0x33, 0x33,
  0x00, 0x00, 0x00, 0x00, 0x00, 0x00, 0x00, 0x00, 0x00, 0x00, 0x00, 0x00, 0x10, 0x04, 0x52, 0x2b,
  0x10, 0x44, 0x1f, 0x00, 0x00, 0x00, 0x1f, 0x00, 0x00, 0x00, 0x00, 0x00, 0x00, 0x00, 0x00, 0x00,
  0x00, 0x00, 0x00, 0x00, 0x00, 0x00, 0x00, 0x00, 0x00, 0x00, 0x00, 0x00, 0x00, 0x00, 0x00, 0x00,
  0x00, 0x00, 0x00, 0x00, 0x00, 0x00, 0x00, 0x00, 0x00, 0x00, 0x00, 0x00, 0x00, 0x00, 0x00, 0x00,
  0x00, 0x00, 0x00, 0x00, 0x00, 0x00, 0x00, 0x00, 0x00, 0x00, 0x00, 0x00, 0x00, 0x00, 0x00, 0x00,
  0x00, 0x00, 0x00, 0x00, 0x00, 0x00, 0x00, 0x00, 0x00, 0x00, 0x00, 0x00, 0x00, 0x00, 0x00, 0x00,
  0x00, 0x00, 0x00, 0x00, 0x00, 0x00, 0x00, 0x00, 0x00, 0x00, 0x00, 0x00, 0x00, 0x00, 0x00, 0x00,
  0x00, 0x00, 0x00, 0x00, 0x00, 0x00, 0x00, 0x00, 0x00, 0x00, 0x00, 0x00, 0x00, 0x00, 0x1f, 0x00,
  0x00, 0x00, 0x00, 0x00, 0x00, 0x00, 0x1f, 0x00, 0xb5, 0x02, 0xb5, 0x02, 0x1f, 0x00, 0x17, 0x44,
  0xb4, 0x13, 0xb3, 0x23, 0x00, 0x00, 0x75, 0x1c, 0x15, 0x24, 0xd3, 0x1b, 0xb4, 0x13, 0xd4, 0x1b,
  0x73, 0x0b, 0xd0, 0x02, 0x4f, 0x02, 0x6f, 0x02, 0x32, 0x03, 0x57, 0x04, 0x12, 0x03, 0x4f, 0x02,
  0x70, 0x02, 0xd6, 0x03, 0xfa, 0x04, 0xd9, 0x04, 0xda, 0x04, 0x7d, 0x06, 0x1e, 0x37, 0xdf, 0xc7,
  0xff, 0xcf, 0xff, 0xc7, 0xfe, 0xe7, 0xbf, 0x6f, 0x9e, 0x0e, 0x3c, 0x1e, 0xdf, 0x16, 0xbe, 0x0e,
  0x5e, 0x0e, 0x7c, 0x05, 0x77, 0x0c, 0x72, 0x0b, 0x72, 0x13, 0xd3, 0x1b, 0xd3, 0x1b, 0x92, 0x23,
  0x91, 0x1b, 0x10, 0x04, 0x00, 0x00, 0x00, 0x00, 0x10, 0x24, 0x50, 0x2b, 0x50, 0x2b, 0x33, 0x33,
  0x00, 0x00, 0x00, 0x00, 0x00, 0x00, 0x00, 0x00, 0x00, 0x00, 0x00, 0x00, 0x00, 0x00, 0x00, 0x00,
  0x00, 0x00, 0x00, 0x00, 0x00, 0x00, 0x00, 0x00, 0x00, 0x00, 0x00, 0x00, 0x00, 0x00, 0x00, 0x00,
  0x00, 0x00, 0x00, 0x00, 0x00, 0x00, 0x00, 0x00, 0x00, 0x00, 0x00, 0x00, 0x00, 0x00, 0x00, 0x00,
  0x00, 0x00, 0x00, 0x00, 0x00, 0x00, 0x00, 0x00, 0x00, 0x00, 0x00, 0x00, 0x00, 0x00, 0x00, 0x00,
  0x00, 0x00, 0x00, 0x00, 0x1f, 0x00, 0x00, 0x00, 0x00, 0x00, 0x00, 0x00, 0x00, 0x00, 0x1f, 0x00,
  0xb1, 0x2b, 0x13, 0x34, 0xb4, 0x2b, 0xb3, 0x23, 0x31, 0x23, 0x31, 0x13, 0x10, 0x13, 0x54, 0x0b,
  0xb5, 0x03, 0x17, 0x04, 0xb9, 0x04, 0xdd, 0x0d, 0x5e, 0x0e, 0xbf, 0x9f, 0x3f, 0x27, 0x9f, 0x37,
  0xff, 0xa7, 0xff, 0xef, 0xff, 0xc7, 0xbf, 0x57, 0x5d, 0x06, 0x55, 0x03, 0xf6, 0x03, 0xd6, 0x03,
  0x95, 0x03, 0xf1, 0x02, 0x94, 0x03, 0x37, 0x04, 0x37, 0x04, 0x32, 0x0b, 0x11, 0x0b, 0xd0, 0x0a,
  0xd1, 0x0a, 0x73, 0x1b, 0xb3, 0x23, 0x93, 0x1b, 0x15, 0x2c, 0x15, 0x2c, 0xb5, 0x02, 0x1f, 0x00,
  0x00, 0x00, 0x00, 0x00, 0x1f, 0x00, 0x00, 0x00, 0x00, 0x00, 0x1f, 0x00, 0x15, 0x2c, 0x33, 0x33,
  0x1f, 0x00, 0x00, 0x00, 0x00, 0x00, 0x00, 0x00, 0x00, 0x00, 0x00, 0x00, 0x00, 0x00, 0x00, 0x00,
  0x00, 0x00, 0x00, 0x00, 0x00, 0x00, 0x00, 0x00, 0x00, 0x00, 0x00, 0x00, 0x00, 0x00, 0x00, 0x00,
  0x00, 0x00, 0x00, 0x00, 0x00, 0x00, 0x00, 0x00, 0x00, 0x00, 0x00, 0x00, 0x00, 0x00, 0x00, 0x00,
  0x00, 0x00, 0x00, 0x00, 0x00, 0x00, 0x00, 0x00, 0x00, 0x00, 0x00, 0x00, 0x00, 0x00, 0x00, 0x00,
  0x00, 0x00, 0x00, 0x00, 0x00, 0x00, 0x00, 0x00, 0x00, 0x00, 0x00, 0x00, 0x00, 0x00, 0x00, 0x00,
  0x00, 0x00, 0x00, 0x00, 0x00, 0x00, 0x00, 0x00, 0x00, 0x00, 0x00, 0x00, 0x00, 0x00, 0x00, 0x00,
  0x00, 0x00, 0x00, 0x00, 0x00, 0x00, 0x00, 0x00, 0x00, 0x00, 0x00, 0x00, 0x00, 0x00, 0x00, 0x00,
  0x00, 0x00, 0x00, 0x00, 0x1f, 0x00, 0x00, 0x00, 0x00, 0x00, 0x00, 0x00, 0x00, 0x00, 0x33, 0x33,
  0x76, 0x23, 0x1f, 0x00, 0xb5, 0x02, 0x00, 0x00, 0x10, 0x04, 0x10, 0x04, 0x33, 0x33, 0xb3, 0x13,
  0x93, 0x13, 0xb4, 0x13, 0x73, 0x0b, 0x6f, 0x02, 0x4e, 0x02, 0x52, 0x03, 0xb0, 0x02, 0x74, 0x03,
  0xf2, 0x02, 0x33, 0x03, 0x95, 0x03, 0x17, 0x04, 0xfa, 0x04, 0x3d, 0x0e, 0xde, 0x06, 0xbf, 0x5f,
  0xdf, 0xaf, 0xff, 0xc7, 0xff, 0xe7, 0xff, 0xd7, 0x9f, 0x57, 0xdf, 0xa7, 0x7f, 0x3f, 0xbc, 0x05,
  0x9b, 0x05, 0x98, 0x04, 0x16, 0x04, 0xd4, 0x0b, 0x93, 0x13, 0xd3, 0x1b, 0x14, 0x24, 0xd3, 0x1b,
  0xd2, 0x23, 0x13, 0x1c, 0x00, 0x00, 0xb5, 0x02, 0xd2, 0x23, 0x91, 0x23, 0x33, 0x33, 0x10, 0x04,
  0x00, 0x00, 0x00, 0x00, 0x00, 0x00, 0x00, 0x00, 0x00, 0x00, 0x00, 0x00, 0x00, 0x00, 0x00, 0x00,
  0x00, 0x00, 0x00, 0x00, 0x00, 0x00, 0x00, 0x00, 0x00, 0x00, 0x00, 0x00, 0x00, 0x00, 0x00, 0x00,
  0x00, 0x00, 0x00, 0x00, 0x00, 0x00, 0x00, 0x00, 0x00, 0x00, 0x00, 0x00, 0x00, 0x00, 0x00, 0x00,
  0x00, 0x00, 0x00, 0x00, 0x00, 0x00, 0x00, 0x00, 0x00, 0x00, 0x00, 0x00, 0x00, 0x00, 0x00, 0x00,
  0x1f, 0x00, 0x00, 0x00, 0x00, 0x00, 0x00, 0x00, 0x1f, 0x00, 0x00, 0x00, 0x00, 0x00, 0x10, 0x04,
  0x72, 0x23, 0xb5, 0x52, 0x33, 0x33, 0xb4, 0x2b, 0x10, 0x1b, 0x52, 0x13, 0x52, 0x13, 0xb6, 0x0b,
  0x78, 0x04, 0xb9, 0x04, 0xdb, 0x0c, 0x1d, 0x16, 0x5f, 0x2f, 0xbf, 0x57, 0xff, 0x7f, 0xdf, 0x6f,
  0xff, 0xaf, 0xff, 0xdf, 0xdf, 0x8f, 0xbb, 0x1d, 0x17, 0x04, 0x55, 0x03, 0xf6, 0x03, 0xb5, 0x03,
  0x33, 0x03, 0x74, 0x03, 0xb5, 0x03, 0x17, 0x04, 0x57, 0x04, 0x32, 0x0b, 0xaf, 0x02, 0xb0, 0x0a,
  0x52, 0x13, 0x73, 0x1b, 0xb3, 0x23, 0xb5, 0x02, 0x72, 0x23, 0x00, 0x00, 0x1f, 0x00, 0x10, 0x04,
  0x10, 0x04, 0x00, 0x00, 0x00, 0x00, 0x00, 0x00, 0x00, 0x00, 0xb5, 0x02, 0xb5, 0x02, 0x00, 0x00,
  0x00, 0x00, 0x00, 0x00, 0x00, 0x00, 0x00, 0x00, 0x00, 0x00, 0x00, 0x00, 0x00, 0x00, 0x00, 0x00,
  0x00, 0x00, 0x00, 0x00, 0x00, 0x00, 0x00, 0x00, 0x00, 0x00, 0x00, 0x00, 0x00, 0x00, 0x00, 0x00,
  0x00, 0x00, 0x00, 0x00, 0x00, 0x00, 0x00, 0x00, 0x00, 0x00, 0x00, 0x00, 0x00, 0x00, 0x00, 0x00,
  0x00, 0x00, 0x00, 0x00, 0x00, 0x00, 0x00, 0x00, 0x00, 0x00, 0x00, 0x00, 0x00, 0x00, 0x00, 0x00,
  0x00, 0x00, 0x00, 0x00, 0x00, 0x00, 0x00, 0x00, 0x00, 0x00, 0x00, 0x00, 0x00, 0x00, 0x00, 0x00,
  0x00, 0x00, 0x00, 0x00, 0x00, 0x00, 0x00, 0x00, 0x00, 0x00, 0x00, 0x00, 0x00, 0x00, 0x00, 0x00,
  0x00, 0x00, 0x00, 0x00, 0x00, 0x00, 0x00, 0x00, 0x00, 0x00, 0x00, 0x00, 0x00, 0x00, 0x00, 0x00,
  0x00, 0x00, 0x00, 0x00, 0x00, 0x00, 0x00, 0x00, 0x00, 0x00, 0x00, 0x00, 0x00, 0x00, 0x1f, 0x00,
  0xb5, 0x02, 0x00, 0x00, 0x00, 0x00, 0x00, 0x00, 0x00, 0x00, 0xb5, 0x23, 0xb4, 0x13, 0xb5, 0x23,
  0xb4, 0x1b, 0xd4, 0x1b, 0x93, 0x1b, 0x11, 0x0b, 0xd1, 0x02, 0x4f, 0x02, 0xb4, 0x03, 0x5e, 0x16,
  0xf6, 0x03, 0x70, 0x02, 0x2e, 0x02, 0x13, 0x03, 0xdc, 0x0d, 0x5b, 0x05, 0xdc, 0x05, 0x7e, 0x06,
  0xdf, 0x67, 0xff, 0xe7, 0xff, 0xa7, 0xff, 0xcf, 0xff, 0xd7, 0xfe, 0xc7, 0xbf, 0x47, 0xfd, 0x15,
  0xd9, 0x04, 0x57, 0x04, 0x16, 0x04, 0xb4, 0x03, 0x93, 0x0b, 0x30, 0x13, 0x92, 0x1b, 0xd3, 0x1b,
  0xf2, 0x1b, 0xd2, 0x23, 0xb1, 0x2b, 0xb1, 0x13, 0x91, 0x1b, 0xd0, 0x1b, 0x10, 0x24, 0x72, 0x23,
  0x00, 0x00, 0x00, 0x00, 0x00, 0x00, 0x00, 0x00, 0x00, 0x00, 0x00, 0x00, 0x00, 0x00, 0x00, 0x00,
  0x00, 0x00, 0x00, 0x00, 0x00, 0x00, 0x00, 0x00, 0x00, 0x00, 0x00, 0x00, 0x00, 0x00, 0x00, 0x00,
  0x00, 0x00, 0x00, 0x00, 0x00, 0x00, 0x00, 0x00, 0x00, 0x00, 0x00, 0x00, 0x00, 0x00, 0x00, 0x00,
  0x00, 0x00, 0x00, 0x00, 0x00, 0x00, 0x00, 0x00, 0x00, 0x00, 0x00, 0x00, 0x00, 0x00, 0x00, 0x00,
  0x00, 0x00, 0x00, 0x00, 0x00, 0x00, 0x00, 0x00, 0x00, 0x00, 0x00, 0x00, 0x00, 0x00, 0xb5, 0x52,
  0x33, 0x33, 0x13, 0x44, 0x14, 0x34, 0xd3, 0x2b, 0xf0, 0x12, 0x73, 0x13, 0xb5, 0x13, 0xf6, 0x13,
  0x58, 0x04, 0x99, 0x04, 0x5c, 0x0d, 0xff, 0x36, 0xdf, 0xa7, 0xdf, 0x7f, 0xff, 0xb7, 0xff, 0xd7,
  0xff, 0xcf, 0x5f, 0x47, 0x58, 0x04, 0x54, 0x03, 0x37, 0x0c, 0x58, 0x0c, 0xb5, 0x03, 0x54, 0x03,
  0x54, 0x03, 0x38, 0x04, 0x37, 0x04, 0xd1, 0x02, 0x4d, 0x02, 0xaf, 0x02, 0x11, 0x0b, 0x11, 0x13,
  0x72, 0x1b, 0x93, 0x23, 0x14, 0x24, 0x15, 0x2c, 0x33, 0x33, 0x00, 0x00, 0x00, 0x00, 0x00, 0x00,
  0x00, 0x00, 0x1f, 0x00, 0x00, 0x00, 0x00, 0x00, 0x00, 0x00, 0x1f, 0x00, 0x1f, 0x00, 0x00, 0x00,
  0x1f, 0x00, 0x1f, 0x00, 0x00, 0x00, 0x00, 0x00, 0x00, 0x00, 0x00, 0x00, 0x00, 0x00, 0x00, 0x00,
  0x00, 0x00, 0x00, 0x00, 0x00, 0x00, 0x00, 0x00, 0x00, 0x00, 0x00, 0x00, 0x00, 0x00, 0x00, 0x00,
  0x00, 0x00, 0x00, 0x00, 0x00, 0x00, 0x00, 0x00, 0x00, 0x00, 0x00, 0x00, 0x00, 0x00, 0x00, 0x00,
  0x00, 0x00, 0x00, 0x00, 0x00, 0x00, 0x00, 0x00, 0x00, 0x00, 0x00, 0x00, 0x00, 0x00, 0x00, 0x00,
  0x00, 0x00, 0x00, 0x00, 0x00, 0x00, 0x00, 0x00, 0x00, 0x00, 0x00, 0x00, 0x00, 0x00, 0x00, 0x00,
  0x00, 0x00, 0x00, 0x00, 0x00, 0x00, 0x00, 0x00, 0x00, 0x00, 0x00, 0x00, 0x00, 0x00, 0x00, 0x00,
  0x00, 0x00, 0x1f, 0x00, 0x00, 0x00, 0x00, 0x00, 0x00, 0x00, 0x00, 0x00, 0x00, 0x00, 0x00, 0x00,
  0x00, 0x00, 0xff, 0x07, 0x00, 0x00, 0x00, 0x00, 0x00, 0x00, 0x00, 0x00, 0x00, 0x00, 0x00, 0x00,
  0x00, 0x00, 0x00, 0x00, 0x00, 0x00, 0x00, 0x00, 0x00, 0x00, 0x15, 0x2c, 0x95, 0x1b, 0x1f, 0x00,
  0x72, 0x23, 0xb4, 0x13, 0xd4, 0x1b, 0x93, 0x13, 0x90, 0x02, 0xd0, 0x02, 0x3c, 0x05, 0xbf, 0x1e,
  0xb9, 0x0c, 0x0e, 0x02, 0xb1, 0x02, 0x1a, 0x05, 0x9b, 0x15, 0x1a, 0x05, 0x99, 0x04, 0xfc, 0x05,
  0x9e, 0x16, 0xff, 0x87, 0xff, 0xbf, 0xbe, 0xa7, 0xff, 0xcf, 0xff, 0xa7, 0xbf, 0x67, 0x1f, 0x2f,
  0xdc, 0x05, 0x98, 0x04, 0x17, 0x04, 0x36, 0x04, 0x57, 0x04, 0xb4, 0x13, 0x51, 0x0b, 0x71, 0x1b,
  0xf3, 0x23, 0xd2, 0x23, 0x13, 0x1c, 0xb1, 0x23, 0x10, 0x2c, 0x12, 0x2c, 0x10, 0x04, 0x10, 0x44,
  0x00, 0x00, 0x00, 0x00, 0x00, 0x00, 0x00, 0x00, 0x00, 0x00, 0x00, 0x00, 0x00, 0x00, 0x00, 0x00,
  0x00, 0x00, 0x00, 0x00, 0x00, 0x00, 0x00, 0x00, 0x00, 0x00, 0x00, 0x00, 0x00, 0x00, 0x00, 0x00,
  0x00, 0x00, 0x00, 0x00, 0x00, 0x00, 0x00, 0x00, 0x00, 0x00, 0x00, 0x00, 0x00, 0x00, 0x00, 0x00,
  0x00, 0x00, 0x00, 0x00, 0x00, 0x00, 0x00, 0x00, 0x00, 0x00, 0x00, 0x00, 0x00, 0x00, 0x00, 0x00,
  0x00, 0x00, 0x00, 0x00, 0x00, 0x00, 0x00, 0x00, 0x00, 0x00, 0xb5, 0x52, 0x10, 0x2c, 0x33, 0x33,
  0xb5, 0x52, 0x13, 0x34, 0x13, 0x2c, 0xb3, 0x1b, 0xb4, 0x13, 0x33, 0x0b, 0xb5, 0x0b, 0x95, 0x0b,
  0x95, 0x03, 0x1b, 0x0d, 0x3e, 0x16, 0x3f, 0x37, 0xff, 0xc7, 0xff, 0xb7, 0xff, 0xcf, 0xff, 0xef,
  0xff, 0xc7, 0xbe, 0x0e, 0x14, 0x03, 0x14, 0x03, 0x7a, 0x0c, 0x74, 0x03, 0x33, 0x03, 0x74, 0x03,
  0x74, 0x03, 0x38, 0x04, 0x53, 0x03, 0x0d, 0x02, 0xf1, 0x02, 0xd0, 0x0a, 0xb4, 0x1b, 0x93, 0x23,
  0xd3, 0x23, 0x52, 0x2b, 0x93, 0x23, 0x15, 0x2c, 0x15, 0x2c, 0x00, 0x00, 0x00, 0x00, 0x00, 0x00,
  0x00, 0x00, 0x00, 0x00, 0x1f, 0x00, 0x00, 0x00, 0x1f, 0x00, 0x00, 0x00, 0x00, 0x00, 0x00, 0x00,
  0x00, 0x00, 0x00, 0x00, 0x1f, 0x00, 0x00, 0x00, 0x00, 0x00, 0x00, 0x00, 0x00, 0x00, 0x00, 0x00,
  0x00, 0x00, 0x00, 0x00, 0x00, 0x00, 0x00, 0x00, 0x00, 0x00, 0x00, 0x00, 0x00, 0x00, 0x00, 0x00,
  0x00, 0x00, 0x00, 0x00, 0x00, 0x00, 0x00, 0x00, 0x00, 0x00, 0x00, 0x00, 0x00, 0x00, 0x00, 0x00,
  0x00, 0x00, 0x00, 0x00, 0x00, 0x00, 0x00, 0x00, 0x00, 0x00, 0x00, 0x00, 0x00, 0x00, 0x00, 0x00,
  0x00, 0x00, 0x00, 0x00, 0x00, 0x00, 0x00, 0x00, 0x00, 0x00, 0x00, 0x00, 0x00, 0x00, 0x00, 0x00,
  0x00, 0x00, 0x00, 0x00, 0x00, 0x00, 0x00, 0x00, 0x00, 0x00, 0x00, 0x00, 0x00, 0x00, 0x00, 0x00,
  0x00, 0x00, 0x00, 0x00, 0x00, 0x00, 0x00, 0x00, 0x00, 0x00, 0x00, 0x00, 0x00, 0x00, 0x00, 0x00,
  0x00, 0x00, 0x00, 0x00, 0x00, 0x00, 0x00, 0x00, 0x00, 0x00, 0x00, 0x00, 0x33, 0x33, 0x00, 0x00,
  0x00, 0x00, 0x00, 0x00, 0xb5, 0x02, 0xff, 0x07, 0x00, 0x00, 0x17, 0x44, 0x00, 0x00, 0xb5, 0x02,
  0x10, 0x04, 0x13, 0x24, 0xd5, 0x23, 0xb3, 0x1b, 0xf1, 0x0a, 0x9b, 0x1d, 0x7c, 0x0d, 0x3e, 0x16,
  0x5b, 0x0d, 0xb1, 0x02, 0x74, 0x0b, 0x7b, 0x0d, 0x37, 0x0c, 0x78, 0x0c, 0xfa, 0x04, 0xda, 0x04,
  0x7b, 0x05, 0xde, 0x0e, 0xff, 0xcf, 0xff, 0xd7, 0xbf, 0x67, 0xbf, 0x6f, 0xff, 0x57, 0x5f, 0x2f,
  0x9e, 0x0e, 0xf9, 0x04, 0x78, 0x04, 0xd9, 0x04, 0x57, 0x04, 0x77, 0x14, 0x73, 0x0b, 0x31, 0x0b,
  0x92, 0x1b, 0xd2, 0x1b, 0x34, 0x24, 0x13, 0x24, 0x00, 0x00, 0x13, 0x24, 0x10, 0x2c, 0x10, 0x04,
  0x00, 0x00, 0x00, 0x00, 0x00, 0x00, 0x00, 0x00, 0x00, 0x00, 0x00, 0x00, 0x00, 0x00, 0x00, 0x00,
  0x00, 0x00, 0x00, 0x00, 0x00, 0x00, 0x00, 0x00, 0x00, 0x00, 0x00, 0x00, 0x00, 0x00, 0x00, 0x00,
  0x00, 0x00, 0x00, 0x00, 0x00, 0x00, 0x00, 0x00, 0x00, 0x00, 0x00, 0x00, 0x00, 0x00, 0x00, 0x00,
  0x00, 0x00, 0x00, 0x00, 0x00, 0x00, 0x00, 0x00, 0x00, 0x00, 0x00, 0x00, 0x00, 0x00, 0x00, 0x00,
  0x00, 0x00, 0x00, 0x00, 0x00, 0x00, 0x00, 0x00, 0xb5, 0x52, 0x13, 0x44, 0x17, 0x44, 0xb4, 0x2b,
  0xd4, 0x33, 0xd5, 0x2b, 0x15, 0x1c, 0x57, 0x0c, 0x1b, 0x0d, 0x57, 0x04, 0x16, 0x04, 0x37, 0x04,
  0x57, 0x04, 0x7b, 0x05, 0xfe, 0x16, 0xdf, 0x87, 0xff, 0xc7, 0xff, 0x77, 0xdf, 0xc7, 0xff, 0x9f,
  0x3d, 0x16, 0x38, 0x04, 0x98, 0x04, 0x37, 0x04, 0x99, 0x04, 0x12, 0x0b, 0x53, 0x0b, 0x77, 0x0c,
  0xd4, 0x0b, 0x6e, 0x0a, 0x6d, 0x0a, 0xaf, 0x0a, 0x93, 0x0b, 0x32, 0x13, 0x11, 0x1b, 0xd3, 0x2b,
  0x33, 0x33, 0x10, 0x04, 0x00, 0x00, 0x00, 0x00, 0x00, 0x00, 0x1f, 0x00, 0x1f, 0x00, 0x00, 0x00,
  0x00, 0x00, 0x00, 0x00, 0x00, 0x00, 0x00, 0x00, 0x00, 0x00, 0x00, 0x00, 0x00, 0x00, 0x00, 0x00,
  0x00, 0x00, 0x00, 0x00, 0x00, 0x00, 0x00, 0x00, 0x00, 0x00, 0x00, 0x00, 0x00, 0x00, 0x00, 0x00,
  0x00, 0x00, 0x00, 0x00, 0x00, 0x00, 0x00, 0x00, 0x00, 0x00, 0x00, 0x00, 0x00, 0x00, 0x00, 0x00,
  0x00, 0x00, 0x00, 0x00, 0x00, 0x00, 0x00, 0x00, 0x00, 0x00, 0x00, 0x00, 0x00, 0x00, 0x00, 0x00,
  0x00, 0x00, 0x00, 0x00, 0x00, 0x00, 0x00, 0x00, 0x00, 0x00, 0x00, 0x00, 0x00, 0x00, 0x00, 0x00,
  0x00, 0x00, 0x00, 0x00, 0x00, 0x00, 0x00, 0x00, 0x00, 0x00, 0x00, 0x00, 0x00, 0x00, 0x00, 0x00,
  0x00, 0x00, 0x00, 0x00, 0x00, 0x00, 0x00, 0x00, 0x00, 0x00, 0x00, 0x00, 0x00, 0x00, 0x00, 0x00,
  0x00, 0x00, 0x00, 0x00, 0x00, 0x00, 0x00, 0x00, 0x00, 0x00, 0x00, 0x00, 0x00, 0x00, 0x00, 0x00,
  0x00, 0x00, 0x00, 0x00, 0x00, 0x00, 0x00, 0x00, 0x00, 0x00, 0x00, 0x00, 0x00, 0x00, 0x00, 0x00,
  0x00, 0x00, 0x00, 0x00, 0x00, 0x00, 0x00, 0x00, 0x00, 0x00, 0xb5, 0x02, 0x95, 0x1b, 0xb4, 0x13,
  0x14, 0x24, 0x72, 0x23, 0x52, 0x13, 0x32, 0x0b, 0x32, 0x0b, 0x15, 0x14, 0x96, 0x14, 0x1f, 0x47,
  0x7d, 0x36, 0xd4, 0x0b, 0xf1, 0x02, 0x12, 0x03, 0x94, 0x03, 0xb5, 0x03, 0x78, 0x04, 0x37, 0x04,
  0xf6, 0x03, 0x1c, 0x05, 0xbe, 0x1e, 0xff, 0xb7, 0xff, 0xc7, 0xff, 0xbf, 0xff, 0x97, 0x9e, 0x77,
  0x5f, 0x4f, 0x9b, 0x05, 0x9b, 0x05, 0xbb, 0x05, 0x98, 0x04, 0x59, 0x0d, 0x36, 0x0c, 0xf0, 0x02,
  0x11, 0x0b, 0xb3, 0x13, 0xd3, 0x1b, 0xb2, 0x23, 0x94, 0x1b, 0xd2, 0x1b, 0x10, 0x2c, 0x10, 0x04,
  0x00, 0x00, 0x00, 0x00, 0x00, 0x00, 0x00, 0x00, 0x00, 0x00, 0x00, 0x00, 0x00, 0x00, 0x00, 0x00,
  0x00, 0x00, 0x00, 0x00, 0x00, 0x00, 0x00, 0x00, 0x00, 0x00, 0x00, 0x00, 0x00, 0x00, 0x00, 0x00,
  0x00, 0x00, 0x00, 0x00, 0x00, 0x00, 0x00, 0x00, 0x00, 0x00, 0x00, 0x00, 0x00, 0x00, 0x00, 0x00,
  0x00, 0x00, 0x00, 0x00, 0x00, 0x00, 0x00, 0x00, 0x00, 0x00, 0x00, 0x00, 0x00, 0x00, 0x00, 0x00,
  0x00, 0x00, 0x00, 0x00, 0x00, 0x00, 0x00, 0x00, 0x1f, 0x00, 0x10, 0x44, 0x72, 0x23, 0x55, 0x34,
  0x16, 0x34, 0xd4, 0x2b, 0xb4, 0x13, 0x37, 0x0c, 0x7c, 0x05, 0x3a, 0x0d, 0xd8, 0x04, 0x37, 0x04,
  0xfa, 0x04, 0xbc, 0x05, 0x5f, 0x57, 0xff, 0xc7, 0xff, 0xcf, 0xff, 0xe7, 0xfe, 0xe7, 0xfe, 0x2e,
  0x79, 0x04, 0x37, 0x04, 0x3a, 0x05, 0x57, 0x04, 0xd6, 0x03, 0x53, 0x0b, 0x94, 0x03, 0x16, 0x0c,
  0xaf, 0x0a, 0xec, 0x01, 0x31, 0x0b, 0xd4, 0x0b, 0x52, 0x0b, 0x52, 0x1b, 0xb3, 0x23, 0xb3, 0x33,
  0xb5, 0x52, 0x00, 0x00, 0x00, 0x00, 0x00, 0x00, 0x00, 0x00, 0x00, 0x00, 0x00, 0x00, 0x00, 0x00,
  0x00, 0x00, 0x00, 0x00, 0x00, 0x00, 0x00, 0x00, 0x00, 0x00, 0x00, 0x00, 0x00, 0x00, 0x00, 0x00,
  0x00, 0x00, 0x00, 0x00, 0x00, 0x00, 0x00, 0x00, 0x00, 0x00, 0x00, 0x00, 0x00, 0x00, 0x00, 0x00,
  0x00, 0x00, 0x00, 0x00, 0x00, 0x00, 0x00, 0x00, 0x00, 0x00, 0x00, 0x00, 0x00, 0x00, 0x00, 0x00,
  0x00, 0x00, 0x00, 0x00, 0x00, 0x00, 0x00, 0x00, 0x00, 0x00, 0x00, 0x00, 0x00, 0x00, 0x00, 0x00,
  0x00, 0x00, 0x00, 0x00, 0x00, 0x00, 0x00, 0x00, 0x00, 0x00, 0x00, 0x00, 0x00, 0x00, 0x00, 0x00,
  0x00, 0x00, 0x00, 0x00, 0x00, 0x00, 0x00, 0x00, 0x00, 0x00, 0x00, 0x00, 0x00, 0x00, 0x00, 0x00,
  0x00, 0x00, 0x00, 0x00, 0x00, 0x00, 0x00, 0x00, 0x00, 0x00, 0x00, 0x00, 0x00, 0x00, 0x00, 0x00,
  0x00, 0x00, 0x00, 0x00, 0x00, 0x00, 0x00, 0x00, 0x00, 0x00, 0x00, 0x00, 0x00, 0x00, 0x00, 0x00,
  0x00, 0x00, 0x00, 0x00, 0x00, 0x00, 0x00, 0x00, 0x00, 0x00, 0x00, 0x00, 0x00, 0x00, 0x00, 0x00,
  0x00, 0x00, 0x00, 0x00, 0x00, 0x00, 0x00, 0x00, 0x00, 0x00, 0x33, 0x33, 0x00, 0x00, 0x10, 0x04,
  0x93, 0x23, 0x73, 0x13, 0x12, 0x0b, 0xf1, 0x0a, 0xb0, 0x02, 0x12, 0x03, 0xf5, 0x03, 0x39, 0x15,
  0xdb, 0x1d, 0xd8, 0x0c, 0xf5, 0x0b, 0x33, 0x03, 0x36, 0x0c, 0xb4, 0x03, 0x17, 0x04, 0x58, 0x04,
  0xd6, 0x03, 0x17, 0x04, 0x1a, 0x05, 0xbf, 0x1e, 0xdf, 0xcf, 0xff, 0xbf, 0xff, 0xa7, 0xbf, 0x87,
  0xbf, 0x7f, 0xbc, 0x0d, 0x3b, 0x05, 0xfa, 0x04, 0x7a, 0x05, 0xdc, 0x15, 0xb7, 0x0c, 0x31, 0x03,
  0x10, 0x03, 0x72, 0x0b, 0x92, 0x1b, 0xb3, 0x1b, 0xb3, 0x13, 0xb2, 0x1b, 0x72, 0x23, 0x91, 0x1b,
  0x00, 0x00, 0x00, 0x00, 0x00, 0x00, 0x00, 0x00, 0x00, 0x00, 0x00, 0x00, 0x00, 0x00, 0x00, 0x00,
  0x00, 0x00, 0x00, 0x00, 0x00, 0x00, 0x00, 0x00, 0x00, 0x00, 0x00, 0x00, 0x00, 0x00, 0x00, 0x00,
  0x00, 0x00, 0x00, 0x00, 0x00, 0x00, 0x00, 0x00, 0x00, 0x00, 0x00, 0x00, 0x00, 0x00, 0x00, 0x00,
  0x00, 0x00, 0x00, 0x00, 0x00, 0x00, 0x00, 0x00, 0x00, 0x00, 0x00, 0x00, 0x1f, 0x00, 0x00, 0x00,
  0x00, 0x00, 0x00, 0x00, 0x00, 0x00, 0x1f, 0x00, 0x1f, 0x00, 0x33, 0x33, 0x13, 0x44, 0x13, 0x44,
  0x55, 0x34, 0x35, 0x2c, 0xd5, 0x13, 0x58, 0x0c, 0x1b, 0x05, 0xb8, 0x04, 0x77, 0x04, 0x17, 0x04,
  0x7b, 0x05, 0xdf, 0x1e, 0xff, 0x77, 0xff, 0xcf, 0xff, 0xd7, 0xff, 0xef, 0xdf, 0x6f, 0x7b, 0x05,
  0xd6, 0x03, 0x99, 0x04, 0x37, 0x04, 0x17, 0x04, 0x74, 0x03, 0xf1, 0x02, 0x12, 0x03, 0xf1, 0x0a,
  0x0c, 0x0a, 0xf1, 0x0a, 0xd5, 0x0b, 0x52, 0x0b, 0x11, 0x0b, 0xb4, 0x2b, 0x13, 0x24, 0x10, 0x04,
  0x00, 0x00, 0x10, 0x04, 0x00, 0x00, 0x1f, 0x00, 0x00, 0x00, 0x00, 0x00, 0x00, 0x00, 0x00, 0x00,
  0x00, 0x00, 0x00, 0x00, 0x00, 0x00, 0x00, 0x00, 0x00, 0x00, 0x00, 0x00, 0x00, 0x00, 0x00, 0x00,
  0x00, 0x00, 0x00, 0x00, 0x00, 0x00, 0x00, 0x00, 0x00, 0x00, 0x00, 0x00, 0x00, 0x00, 0x00, 0x00,
  0x00, 0x00, 0x00, 0x00, 0x00, 0x00, 0x00, 0x00, 0x00, 0x00, 0x00, 0x00, 0x00, 0x00, 0x00, 0x00,
  0x00, 0x00, 0x00, 0x00, 0x00, 0x00, 0x00, 0x00, 0x00, 0x00, 0x00, 0x00, 0x00, 0x00, 0x00, 0x00,
  0x00, 0x00, 0x00, 0x00, 0x00, 0x00, 0x00, 0x00, 0x00, 0x00, 0x00, 0x00, 0x00, 0x00, 0x00, 0x00,
  0x00, 0x00, 0x00, 0x00, 0x00, 0x00, 0x00, 0x00, 0x00, 0x00, 0x00, 0x00, 0x00, 0x00, 0x00, 0x00,
  0x00, 0x00, 0x00, 0x00, 0x00, 0x00, 0x00, 0x00, 0x00, 0x00, 0x00, 0x00, 0x00, 0x00, 0x00, 0x00,
  0x00, 0x00, 0x00, 0x00, 0x00, 0x00, 0x00, 0x00, 0x00, 0x00, 0x00, 0x00, 0x00, 0x00, 0x00, 0x00,
  0x00, 0x00, 0x00, 0x00, 0x00, 0x00, 0x00, 0x00, 0x00, 0x00, 0x00, 0x00, 0x00, 0x00, 0x00, 0x00,
  0x00, 0x00, 0x00, 0x00, 0x00, 0x00, 0xff, 0x07, 0x00, 0x00, 0x00, 0x00, 0x00, 0x00, 0x13, 0x24,
  0x15, 0x14, 0x93, 0x13, 0x12, 0x0b, 0x31, 0x0b, 0x32, 0x03, 0xb1, 0x02, 0xb8, 0x14, 0xd9, 0x0c,
  0x97, 0x0c, 0x7b, 0x15, 0x5b, 0x0d, 0x16, 0x04, 0x76, 0x0c, 0x53, 0x03, 0x16, 0x04, 0x37, 0x04,
  0xb5, 0x03, 0xb6, 0x03, 0x78, 0x04, 0xda, 0x04, 0x7f, 0x67, 0xff, 0x97, 0xff, 0xaf, 0xff, 0xc7,
  0xff, 0xcf, 0xdf, 0x6f, 0x9c, 0x0d, 0x98, 0x04, 0xd9, 0x04, 0x3a, 0x0d, 0xd7, 0x0c, 0x32, 0x03,
  0xd0, 0x02, 0x52, 0x0b, 0xb4, 0x13, 0xb3, 0x1b, 0x72, 0x23, 0x92, 0x1b, 0xb2, 0x1b, 0x72, 0x23,
  0x00, 0x00, 0x00, 0x00, 0x00, 0x00, 0x00, 0x00, 0x00, 0x00, 0x00, 0x00, 0x00, 0x00, 0x00, 0x00,
  0x00, 0x00, 0x00, 0x00, 0x00, 0x00, 0x00, 0x00, 0x00, 0x00, 0x00, 0x00, 0x00, 0x00, 0x00, 0x00,
  0x00, 0x00, 0x00, 0x00, 0x00, 0x00, 0x00, 0x00, 0x00, 0x00, 0x00, 0x00, 0x00, 0x00, 0x00, 0x00,
  0x00, 0x00, 0x00, 0x00, 0x00, 0x00, 0x00, 0x00, 0x1f, 0x00, 0x00, 0x00, 0x00, 0x00, 0x1f, 0x00,
  0x00, 0x00, 0x00, 0x00, 0x00, 0x00, 0x00, 0x00, 0x10, 0x44, 0x95, 0x3b, 0xb5, 0x33, 0xf4, 0x2b,
  0x15, 0x24, 0x15, 0x24, 0x36, 0x14, 0x1a, 0x0d, 0xfa, 0x04, 0xf7, 0x03, 0x58, 0x04, 0x78, 0x04,
  0xdc, 0x15, 0xff, 0x4f, 0xff, 0x9f, 0xff, 0xd7, 0xff, 0xdf, 0xff, 0xe7, 0x9c, 0x05, 0xd6, 0x03,
  0x3a, 0x15, 0xd9, 0x04, 0x54, 0x03, 0xd5, 0x03, 0x53, 0x03, 0x32, 0x0b, 0x33, 0x0b, 0x6f, 0x0a,
  0xb0, 0x0a, 0xb8, 0x1c, 0x15, 0x14, 0x31, 0x13, 0x73, 0x1b, 0xd4, 0x2b, 0xb5, 0x52, 0x10, 0x04,
  0x00, 0x00, 0x00, 0x00, 0x00, 0x00, 0x00, 0x00, 0x10, 0x04, 0x00, 0x00, 0x00, 0x00, 0x00, 0x00,
  0x00, 0x00, 0x00, 0x00, 0x00, 0x00, 0x00, 0x00, 0x00, 0x00, 0x00, 0x00, 0x00, 0x00, 0x00, 0x00,
  0x00, 0x00, 0x00, 0x00, 0x00, 0x00, 0x00, 0x00, 0x00, 0x00, 0x00, 0x00, 0x00, 0x00, 0x00, 0x00,
  0x00, 0x00, 0x00, 0x00, 0x00, 0x00, 0x00, 0x00, 0x00, 0x00, 0x00, 0x00, 0x00, 0x00, 0x00, 0x00,
  0x00, 0x00, 0x00, 0x00, 0x00, 0x00, 0x00, 0x00, 0x00, 0x00, 0x00, 0x00, 0x00, 0x00, 0x00, 0x00,
  0x00, 0x00, 0x00, 0x00, 0x00, 0x00, 0x00, 0x00, 0x00, 0x00, 0x00, 0x00, 0x00, 0x00, 0x00, 0x00,
  0x00, 0x00, 0x00, 0x00, 0x00, 0x00, 0x00, 0x00, 0x00, 0x00, 0x00, 0x00, 0x00, 0x00, 0x00, 0x00,
  0x00, 0x00, 0x00, 0x00, 0x00, 0x00, 0x00, 0x00, 0x00, 0x00, 0x00, 0x00, 0x00, 0x00, 0x00, 0x00,
  0x00, 0x00, 0x00, 0x00, 0x00, 0x00, 0x00, 0x00, 0x00, 0x00, 0x00, 0x00, 0x00, 0x00, 0x00, 0x00,
  0x00, 0x00, 0x00, 0x00, 0x00, 0x00, 0x00, 0x00, 0x00, 0x00, 0x00, 0x00, 0x00, 0x00, 0x00, 0x00,
  0x00, 0x00, 0x00, 0x00, 0x00, 0x00, 0x00, 0x00, 0x00, 0x00, 0x00, 0x00, 0x72, 0x23, 0xb4, 0x1b,
  0x72, 0x13, 0x11, 0x0b, 0xf1, 0x02, 0x57, 0x04, 0x9b, 0x15, 0x77, 0x0c, 0x7a, 0x1d, 0x18, 0x15,
  0x15, 0x0c, 0xf5, 0x0b, 0xb8, 0x0c, 0x77, 0x04, 0x36, 0x0c, 0xb4, 0x03, 0xd5, 0x03, 0x56, 0x04,
  0xb4, 0x03, 0x95, 0x03, 0x99, 0x04, 0xfa, 0x04, 0xbf, 0x0e, 0xde, 0x2e, 0xff, 0xb7, 0xff, 0xcf,
  0xff, 0xb7, 0xff, 0xcf, 0x5f, 0x4f, 0xf9, 0x04, 0xd8, 0x04, 0xd6, 0x03, 0xb7, 0x0c, 0xd4, 0x03,
  0xd0, 0x02, 0x31, 0x03, 0x32, 0x0b, 0x93, 0x1b, 0xd3, 0x1b, 0xb2, 0x1b, 0xb3, 0x23, 0x92, 0x1b,
  0x00, 0x00, 0x00, 0x00, 0x00, 0x00, 0x00, 0x00, 0x00, 0x00, 0x00, 0x00, 0x00, 0x00, 0x00, 0x00,
  0x00, 0x00, 0x00, 0x00, 0x00, 0x00, 0x00, 0x00, 0x00, 0x00, 0x00, 0x00, 0x00, 0x00, 0x00, 0x00,
  0x00, 0x00, 0x00, 0x00, 0x00, 0x00, 0x00, 0x00, 0x00, 0x00, 0x00, 0x00, 0x00, 0x00, 0x00, 0x00,
  0x00, 0x00, 0x00, 0x00, 0x00, 0x00, 0x00, 0x00, 0x00, 0x00, 0x00, 0x00, 0x00, 0x00, 0x00, 0x00,
  0x00, 0x00, 0x00, 0x00, 0x00, 0x00, 0x00, 0x00, 0xff, 0x07, 0x10, 0x44, 0x14, 0x2c, 0xd4, 0x2b,
  0x35, 0x2c, 0xf5, 0x23, 0x15, 0x14, 0x3a, 0x15, 0x98, 0x0c, 0xf6, 0x03, 0x98, 0x04, 0x1d, 0x06,
  0x5f, 0x3f, 0xff, 0xaf, 0xff, 0xcf, 0xff, 0xd7, 0xff, 0xdf, 0xff, 0x9f, 0x78, 0x04, 0x58, 0x04,
  0x7a, 0x0d, 0x94, 0x03, 0x33, 0x03, 0x95, 0x03, 0x53, 0x03, 0xf2, 0x0a, 0xd0, 0x0a, 0xaf, 0x0a,
  0xd4, 0x13, 0x36, 0x1c, 0xb3, 0x1b, 0xb3, 0x23, 0xb3, 0x23, 0x17, 0x44, 0x00, 0x00, 0x00, 0x00,
  0x00, 0x00, 0x00, 0x00, 0x00, 0x00, 0x00, 0x00, 0x00, 0x00, 0x00, 0x00, 0x00, 0x00, 0x00, 0x00,
  0x00, 0x00, 0x00, 0x00, 0x00, 0x00, 0x00, 0x00, 0x00, 0x00, 0x00, 0x00, 0x00, 0x00, 0x00, 0x00,
  0x00, 0x00, 0x00, 0x00, 0x00, 0x00, 0x00, 0x00, 0x00, 0x00, 0x00, 0x00, 0x00, 0x00, 0x00, 0x00,
  0x00, 0x00, 0x00, 0x00, 0x00, 0x00, 0x00, 0x00, 0x00, 0x00, 0x00, 0x00, 0x00, 0x00, 0x00, 0x00,
  0x00, 0x00, 0x00, 0x00, 0x00, 0x00, 0x00, 0x00, 0x00, 0x00, 0x00, 0x00, 0x00, 0x00, 0x00, 0x00,
  0x00, 0x00, 0x00, 0x00, 0x00, 0x00, 0x00, 0x00, 0x00, 0x00, 0x00, 0x00, 0x00, 0x00, 0x00, 0x00,
  0x00, 0x00, 0x00, 0x00, 0x00, 0x00, 0x00, 0x00, 0x00, 0x00, 0x00, 0x00, 0x00, 0x00, 0x00, 0x00,
  0x00, 0x00, 0x00, 0x00, 0x00, 0x00, 0x00, 0x00, 0x00, 0x00, 0x00, 0x00, 0x00, 0x00, 0x00, 0x00,
  0x00, 0x00, 0x00, 0x00, 0x00, 0x00, 0x00, 0x00, 0x00, 0x00, 0x00, 0x00, 0x00, 0x00, 0x00, 0x00,
  0x00, 0x00, 0x00, 0x00, 0x00, 0x00, 0x00, 0x00, 0x00, 0x00, 0x00, 0x00, 0x00, 0x00, 0x00, 0x00,
  0x00, 0x00, 0x00, 0x00, 0x00, 0x00, 0x00, 0x00, 0x00, 0x00, 0x1f, 0x00, 0x00, 0x00, 0x73, 0x1b,
  0x32, 0x13, 0xf1, 0x02, 0x37, 0x0c, 0xfd, 0x1d, 0xbe, 0x1e, 0x1c, 0x3e, 0x18, 0x25, 0x35, 0x14,
  0xd4, 0x13, 0x73, 0x03, 0xf4, 0x0b, 0x76, 0x0c, 0xd9, 0x14, 0x56, 0x0c, 0xf1, 0x02, 0x16, 0x04,
  0xf5, 0x03, 0x94, 0x03, 0xf6, 0x03, 0x38, 0x04, 0xda, 0x04, 0xdd, 0x05, 0x9f, 0x5f, 0xff, 0x9f,
  0xdf, 0x9f, 0xff, 0xdf, 0xdf, 0xb7, 0x1d, 0x0e, 0xd9, 0x04, 0x37, 0x04, 0x19, 0x05, 0x97, 0x0c,
  0x72, 0x03, 0xf1, 0x02, 0xf1, 0x02, 0x52, 0x03, 0xf5, 0x1b, 0x91, 0x1b, 0x13, 0x1c, 0x92, 0x23,
  0x00, 0x00, 0x00, 0x00, 0x00, 0x00, 0x00, 0x00, 0x00, 0x00, 0x00, 0x00, 0x00, 0x00, 0x00, 0x00,
  0x00, 0x00, 0x00, 0x00, 0x00, 0x00, 0x00, 0x00, 0x00, 0x00, 0x00, 0x00, 0x00, 0x00, 0x00, 0x00,
  0x00, 0x00, 0x00, 0x00, 0x00, 0x00, 0x00, 0x00, 0x00, 0x00, 0x00, 0x00, 0x00, 0x00, 0x00, 0x00,
  0x00, 0x00, 0x00, 0x00, 0x00, 0x00, 0x00, 0x00, 0x00, 0x00, 0x00, 0x00, 0x00, 0x00, 0x00, 0x00,
  0x1f, 0x00, 0x00, 0x00, 0x10, 0x04, 0xff, 0x07, 0x15, 0x2c, 0xf4, 0x33, 0xd4, 0x2b, 0xf4, 0x23,
  0x15, 0x24, 0xf5, 0x1b, 0x77, 0x14, 0xf9, 0x1c, 0x95, 0x03, 0x58, 0x04, 0x99, 0x04, 0x5e, 0x0e,
  0xff, 0x77, 0xff, 0xcf, 0xff, 0xcf, 0xff, 0xd7, 0xdf, 0xf7, 0xfc, 0x1d, 0x37, 0x04, 0x7b, 0x0d,
  0x17, 0x04, 0xf1, 0x02, 0x53, 0x03, 0x74, 0x03, 0x53, 0x0b, 0xb1, 0x0a, 0xd0, 0x0a, 0xd0, 0x0a,
  0x52, 0x13, 0x93, 0x13, 0xd4, 0x23, 0x16, 0x1c, 0x72, 0x23, 0xb5, 0x52, 0x00, 0x00, 0x00, 0x00,
  0x00, 0x00, 0x00, 0x00, 0x00, 0x00, 0x00, 0x00, 0x00, 0x00, 0x00, 0x00, 0x00, 0x00, 0x00, 0x00,
  0x00, 0x00, 0x00, 0x00, 0x00, 0x00, 0x00, 0x00, 0x00, 0x00, 0x00, 0x00, 0x00, 0x00, 0x00, 0x00,
  0x00, 0x00, 0x00, 0x00, 0x00, 0x00, 0x00, 0x00, 0x00, 0x00, 0x00, 0x00, 0x00, 0x00, 0x00, 0x00,
  0x00, 0x00, 0x00, 0x00, 0x00, 0x00, 0x00, 0x00, 0x00, 0x00, 0x00, 0x00, 0x00, 0x00, 0x00, 0x00,
  0x00, 0x00, 0x00, 0x00, 0x00, 0x00, 0x00, 0x00, 0x00, 0x00, 0x00, 0x00, 0x00, 0x00, 0x00, 0x00,
  0x00, 0x00, 0x00, 0x00, 0x00, 0x00, 0x00, 0x00, 0x00, 0x00, 0x00, 0x00, 0x00, 0x00, 0x00, 0x00,
  0x00, 0x00, 0x00, 0x00, 0x00, 0x00, 0x00, 0x00, 0x00, 0x00, 0x00, 0x00, 0x00, 0x00, 0x00, 0x00,
  0x00, 0x00, 0x00, 0x00, 0x00, 0x00, 0x00, 0x00, 0x00, 0x00, 0x00, 0x00, 0x00, 0x00, 0x00, 0x00,
  0x00, 0x00, 0x00, 0x00, 0x00, 0x00, 0x00, 0x00, 0x00, 0x00, 0x00, 0x00, 0x00, 0x00, 0x00, 0x00,
  0x00, 0x00, 0x00, 0x00, 0x00, 0x00, 0x00, 0x00, 0x00, 0x00, 0x00, 0x00, 0x00, 0x00, 0x00, 0x00,
  0x00, 0x00, 0x00, 0x00, 0x00, 0x00, 0x00, 0x00, 0x00, 0x00, 0x72, 0x23, 0xb3, 0x23, 0x32, 0x13,
  0x12, 0x0b, 0xb8, 0x14, 0x9e, 0x26, 0xbb, 0x15, 0xbb, 0x15, 0x16, 0x1c, 0x94, 0x0b, 0x73, 0x13,
  0xf4, 0x1b, 0x15, 0x1c, 0xb3, 0x13, 0x92, 0x0b, 0xb7, 0x1c, 0x36, 0x0c, 0x73, 0x03, 0x73, 0x03,
  0xb4, 0x03, 0xb5, 0x03, 0xd5, 0x03, 0xb9, 0x04, 0xfa, 0x04, 0x5b, 0x05, 0x3d, 0x1e, 0xff, 0xbf,
  0xff, 0xaf, 0xff, 0xaf, 0xff, 0xdf, 0x3f, 0x37, 0x5b, 0x05, 0x3b, 0x0d, 0x9b, 0x05, 0x97, 0x04,
  0xf4, 0x03, 0x72, 0x03, 0x31, 0x03, 0x93, 0x03, 0xd4, 0x0b, 0x71, 0x13, 0x91, 0x1b, 0x72, 0x23,
  0x00, 0x00, 0x00, 0x00, 0x00, 0x00, 0x00, 0x00, 0x00, 0x00, 0x00, 0x00, 0x00, 0x00, 0x00, 0x00,
  0x00, 0x00, 0x00, 0x00, 0x00, 0x00, 0x00, 0x00, 0x00, 0x00, 0x00, 0x00, 0x00, 0x00, 0x00, 0x00,
  0x00, 0x00, 0x00, 0x00, 0x00, 0x00, 0x00, 0x00, 0x00, 0x00, 0x00, 0x00, 0x00, 0x00, 0x00, 0x00,
  0x00, 0x00, 0x00, 0x00, 0x00, 0x00, 0x00, 0x00, 0x00, 0x00, 0x00, 0x00, 0x00, 0x00, 0x00, 0x00,
  0x00, 0x00, 0x10, 0x04, 0xff, 0x07, 0x75, 0x3c, 0x14, 0x34, 0xd3, 0x2b, 0xf3, 0x23, 0xd4, 0x23,
  0xb4, 0x1b, 0x37, 0x0c, 0x7b, 0x15, 0x16, 0x0c, 0x13, 0x03, 0xd9, 0x0c, 0x9b, 0x05, 0x3f, 0x37,
  0xff, 0x8f, 0xff, 0xe7, 0xff, 0xd7, 0xff, 0xcf, 0x5e, 0x9f, 0xb6, 0x03, 0xb9, 0x0c, 0x99, 0x0c,
  0x12, 0x03, 0xf1, 0x02, 0x94, 0x03, 0x73, 0x0b, 0x54, 0x03, 0xb0, 0x0a, 0xf0, 0x0a, 0x31, 0x13,
  0x73, 0x1b, 0x14, 0x24, 0xb4, 0x2b, 0x17, 0x44, 0x10, 0x04, 0x00, 0x00, 0x00, 0x00, 0x00, 0x00,
  0x00, 0x00, 0x00, 0x00, 0x00, 0x00, 0x00, 0x00, 0x00, 0x00, 0x00, 0x00, 0x00, 0x00, 0x00, 0x00,
  0x00, 0x00, 0x00, 0x00, 0x00, 0x00, 0x00, 0x00, 0x00, 0x00, 0x00, 0x00, 0x00, 0x00, 0x00, 0x00,
  0x00, 0x00, 0x00, 0x00, 0x00, 0x00, 0x00, 0x00, 0x00, 0x00, 0x00, 0x00, 0x00, 0x00, 0x00, 0x00,
  0x00, 0x00, 0x00, 0x00, 0x00, 0x00, 0x00, 0x00, 0x00, 0x00, 0x00, 0x00, 0x00, 0x00, 0x00, 0x00,
  0x00, 0x00, 0x00, 0x00, 0x00, 0x00, 0x00, 0x00, 0x00, 0x00, 0x00, 0x00, 0x00, 0x00, 0x00, 0x00,
  0x00, 0x00, 0x00, 0x00, 0x00, 0x00, 0x00, 0x00, 0x00, 0x00, 0x00, 0x00, 0x00, 0x00, 0x00, 0x00,
  0x00, 0x00, 0x00, 0x00, 0x00, 0x00, 0x00, 0x00, 0x00, 0x00, 0x00, 0x00, 0x00, 0x00, 0x00, 0x00,
  0x00, 0x00, 0x00, 0x00, 0x00, 0x00, 0x00, 0x00, 0x00, 0x00, 0x00, 0x00, 0x00, 0x00, 0x00, 0x00,
  0x00, 0x00, 0x00, 0x00, 0x00, 0x00, 0x00, 0x00, 0x00, 0x00, 0x00, 0x00, 0x00, 0x00, 0x00, 0x00,
  0x00, 0x00, 0x00, 0x00, 0x00, 0x00, 0x00, 0x00, 0x00, 0x00, 0x00, 0x00, 0x00, 0x00, 0x00, 0x00,
  0x00, 0x00, 0x00, 0x00, 0x00, 0x00, 0x00, 0x00, 0x00, 0x00, 0x00, 0x00, 0xb3, 0x1b, 0xd4, 0x1b,
  0xd9, 0x1c, 0x1d, 0x1e, 0xd8, 0x0c, 0x4f, 0x02, 0x6e, 0x02, 0x94, 0x0b, 0xd5, 0x13, 0xb4, 0x1b,
  0x15, 0x24, 0x55, 0x2c, 0xf4, 0x1b, 0xf4, 0x23, 0x35, 0x1c, 0x15, 0x0c, 0x32, 0x03, 0x32, 0x03,
  0x93, 0x03, 0xd5, 0x03, 0xd6, 0x03, 0x16, 0x04, 0x5b, 0x05, 0x7b, 0x05, 0x1c, 0x06, 0x9f, 0x87,
  0xff, 0xbf, 0xff, 0xa7, 0xff, 0xdf, 0xdf, 0xa7, 0xbe, 0x1e, 0xbd, 0x05, 0xbc, 0x05, 0x59, 0x05,
  0x97, 0x04, 0x55, 0x04, 0xb3, 0x0b, 0x93, 0x0b, 0x93, 0x0b, 0x51, 0x0b, 0x51, 0x13, 0xb3, 0x23,
  0x00, 0x00, 0x00, 0x00, 0x00, 0x00, 0x00, 0x00, 0x00, 0x00, 0x00, 0x00, 0x00, 0x00, 0x00, 0x00,
  0x00, 0x00, 0x00, 0x00, 0x00, 0x00, 0x00, 0x00, 0x00, 0x00, 0x00, 0x00, 0x00, 0x00, 0x00, 0x00,
  0x00, 0x00, 0x00, 0x00, 0x00, 0x00, 0x00, 0x00, 0x00, 0x00, 0x00, 0x00, 0x00, 0x00, 0x00, 0x00,
  0x00, 0x00, 0x00, 0x00, 0x00, 0x00, 0x00, 0x00, 0x00, 0x00, 0x00, 0x00, 0x00, 0x00, 0x00, 0x00,
  0x00, 0x00, 0x10, 0x04, 0x17, 0x44, 0x13, 0x34, 0xd3, 0x2b, 0xb3, 0x2b, 0xb3, 0x23, 0xd3, 0x23,
  0x15, 0x14, 0x99, 0x0c, 0x78, 0x0c, 0xb0, 0x02, 0xf1, 0x02, 0x19, 0x05, 0x7d, 0x0e, 0xff, 0x97,
  0xff, 0xe7, 0xff, 0xef, 0xff, 0xef, 0xff, 0xcf, 0xfc, 0x05, 0x58, 0x0c, 0x1a, 0x0d, 0x74, 0x03,
  0x12, 0x03, 0x94, 0x03, 0xb3, 0x03, 0x93, 0x0b, 0x53, 0x03, 0xd0, 0x0a, 0xf0, 0x12, 0x93, 0x1b,
  0x35, 0x2c, 0x76, 0x23, 0x17, 0x44, 0x10, 0x04, 0x00, 0x00, 0x00, 0x00, 0x00, 0x00, 0x00, 0x00,
  0x00, 0x00, 0x00, 0x00, 0x00, 0x00, 0x00, 0x00, 0x00, 0x00, 0x00, 0x00, 0x00, 0x00, 0x00, 0x00,
  0x00, 0x00, 0x00, 0x00, 0x00, 0x00, 0x00, 0x00, 0x00, 0x00, 0x00, 0x00, 0x00, 0x00, 0x00, 0x00,
  0x00, 0x00, 0x00, 0x00, 0x00, 0x00, 0x00, 0x00, 0x00, 0x00, 0x00, 0x00, 0x00, 0x00, 0x00, 0x00,
  0x00, 0x00, 0x00, 0x00, 0x00, 0x00, 0x00, 0x00, 0x00, 0x00, 0x00, 0x00, 0x00, 0x00, 0x00, 0x00,
  0x00, 0x00, 0x00, 0x00, 0x00, 0x00, 0x00, 0x00, 0x00, 0x00, 0x00, 0x00, 0x00, 0x00, 0x00, 0x00,
  0x00, 0x00, 0x00, 0x00, 0x00, 0x00, 0x00, 0x00, 0x00, 0x00, 0x00, 0x00, 0x00, 0x00, 0x00, 0x00,
  0x00, 0x00, 0x00, 0x00, 0x00, 0x00, 0x00, 0x00, 0x00, 0x00, 0x00, 0x00, 0x00, 0x00, 0x00, 0x00,
  0x00, 0x00, 0x00, 0x00, 0x00, 0x00, 0x00, 0x00, 0x00, 0x00, 0x00, 0x00, 0x00, 0x00, 0x00, 0x00,
  0x00, 0x00, 0x00, 0x00, 0x00, 0x00, 0x00, 0x00, 0x00, 0x00, 0x00, 0x00, 0x00, 0x00, 0x00, 0x00,
  0x00, 0x00, 0x00, 0x00, 0x00, 0x00, 0x00, 0x00, 0x00, 0x00, 0x00, 0x00, 0x00, 0x00, 0x00, 0x00,
  0x00, 0x00, 0x00, 0x00, 0x00, 0x00, 0x00, 0x00, 0x17, 0x44, 0xd4, 0x1b, 0xd5, 0x23, 0x78, 0x14,
  0x5b, 0x1d, 0x16, 0x0c, 0xb0, 0x02, 0xd2, 0x02, 0x12, 0x03, 0x53, 0x13, 0xd5, 0x13, 0x73, 0x13,
  0xb3, 0x1b, 0xf4, 0x1b, 0xd4, 0x23, 0x14, 0x1c, 0xf5, 0x23, 0x98, 0x14, 0x73, 0x03, 0x12, 0x03,
  0xd4, 0x03, 0x94, 0x03, 0xf7, 0x03, 0xd5, 0x03, 0x57, 0x04, 0x1a, 0x0d, 0xfc, 0x0d, 0x9d, 0x16,
  0xff, 0xc7, 0xff, 0xc7, 0xff, 0xcf, 0xff, 0xc7, 0x5f, 0x3f, 0x7e, 0x0e, 0x3d, 0x0e, 0xfc, 0x0d,
  0xd8, 0x04, 0x97, 0x04, 0x72, 0x03, 0xcf, 0x02, 0x10, 0x0b, 0x51, 0x0b, 0x51, 0x13, 0x92, 0x1b,
  0x00, 0x00, 0x00, 0x00, 0x00, 0x00, 0x00, 0x00, 0x00, 0x00, 0x00, 0x00, 0x00, 0x00, 0x00, 0x00,
  0x00, 0x00, 0x00, 0x00, 0x00, 0x00, 0x00, 0x00, 0x00, 0x00, 0x00, 0x00, 0x00, 0x00, 0x00, 0x00,
  0x00, 0x00, 0x00, 0x00, 0x00, 0x00, 0x00, 0x00, 0x00, 0x00, 0x00, 0x00, 0x00, 0x00, 0x00, 0x00,
  0x00, 0x00, 0x00, 0x00, 0x00, 0x00, 0x1f, 0x00, 0x1f, 0x00, 0x00, 0x00, 0x10, 0x44, 0x10, 0x04,
  0x00, 0x00, 0x00, 0x00, 0x00, 0x00, 0xb2, 0x3b, 0xd2, 0x2b, 0x72, 0x1b, 0x32, 0x13, 0x11, 0x13,
  0xd0, 0x0a, 0x73, 0x03, 0xb5, 0x03, 0xf6, 0x0b, 0x1e, 0x0e, 0xfd, 0x05, 0xfe, 0x56, 0xff, 0xef,
  0xff, 0xcf, 0xff, 0xe7, 0xff, 0xcf, 0xfe, 0x3e, 0xbc, 0x0d, 0x78, 0x04, 0x17, 0x04, 0x54, 0x03,
  0x12, 0x03, 0x54, 0x03, 0x17, 0x0c, 0xb5, 0x03, 0x73, 0x0b, 0xf1, 0x0a, 0xb4, 0x1b, 0xd4, 0x23,
  0xf4, 0x2b, 0x15, 0x2c, 0xb6, 0x23, 0x95, 0x3b, 0x13, 0x24, 0xb5, 0x52, 0x00, 0x00, 0x00, 0x00,
  0x00, 0x00, 0x00, 0x00, 0x00, 0x00, 0x00, 0x00, 0x00, 0x00, 0x00, 0x00, 0x00, 0x00, 0x00, 0x00,
  0x00, 0x00, 0x00, 0x00, 0x00, 0x00, 0x00, 0x00, 0x00, 0x00, 0x00, 0x00, 0x00, 0x00, 0x00, 0x00,
  0x00, 0x00, 0x00, 0x00, 0x00, 0x00, 0x00, 0x00, 0x00, 0x00, 0x00, 0x00, 0x00, 0x00, 0x00, 0x00,
  0x00, 0x00, 0x00, 0x00, 0x00, 0x00, 0x00, 0x00, 0x00, 0x00, 0x00, 0x00, 0x00, 0x00, 0x00, 0x00,
  0x00, 0x00, 0x00, 0x00, 0x00, 0x00, 0x00, 0x00, 0x00, 0x00, 0x00, 0x00, 0x00, 0x00, 0x00, 0x00,
  0x00, 0x00, 0x00, 0x00, 0x00, 0x00, 0x00, 0x00, 0x00, 0x00, 0x00, 0x00, 0x00, 0x00, 0x00, 0x00,
  0x00, 0x00, 0x00, 0x00, 0x00, 0x00, 0x00, 0x00, 0x00, 0x00, 0x00, 0x00, 0x00, 0x00, 0x00, 0x00,
  0x00, 0x00, 0x00, 0x00, 0x00, 0x00, 0x00, 0x00, 0x00, 0x00, 0x00, 0x00, 0x00, 0x00, 0x00, 0x00,
  0x00, 0x00, 0x00, 0x00, 0x00, 0x00, 0x00, 0x00, 0x00, 0x00, 0x00, 0x00, 0x00, 0x00, 0x00, 0x00,
  0x00, 0x00, 0x00, 0x00, 0x00, 0x00, 0x00, 0x00, 0x00, 0x00, 0x10, 0x04, 0xb5, 0x02, 0x10, 0x04,
  0xb5, 0x02, 0x00, 0x00, 0x00, 0x00, 0xd4, 0x2b, 0xf4, 0x23, 0x32, 0x03, 0x11, 0x03, 0xf1, 0x02,
  0x52, 0x0b, 0x73, 0x0b, 0x52, 0x0b, 0x72, 0x13, 0x31, 0x13, 0xf4, 0x2b, 0xd5, 0x33, 0xd4, 0x23,
  0xf4, 0x23, 0xd4, 0x2b, 0x13, 0x24, 0xd3, 0x34, 0x56, 0x24, 0x15, 0x1c, 0xb4, 0x0b, 0x73, 0x03,
  0xf0, 0x02, 0x53, 0x03, 0xb5, 0x03, 0x94, 0x03, 0xd5, 0x03, 0x37, 0x04, 0x39, 0x05, 0x5d, 0x06,
  0xdf, 0x16, 0xff, 0xc7, 0xff, 0xdf, 0xff, 0xdf, 0x9f, 0x67, 0xde, 0x26, 0x5d, 0x1e, 0xdc, 0x0d,
  0xb8, 0x04, 0x16, 0x04, 0xb5, 0x03, 0x77, 0x04, 0xf5, 0x03, 0x30, 0x0b, 0x10, 0x0b, 0x71, 0x1b,
  0x00, 0x00, 0x00, 0x00, 0x00, 0x00, 0x00, 0x00, 0x00, 0x00, 0x00, 0x00, 0x00, 0x00, 0x00, 0x00,
  0x00, 0x00, 0x00, 0x00, 0x00, 0x00, 0x00, 0x00, 0x00, 0x00, 0x00, 0x00, 0x00, 0x00, 0x00, 0x00,
  0x00, 0x00, 0x00, 0x00, 0x00, 0x00, 0x00, 0x00, 0x00, 0x00, 0x00, 0x00, 0x00, 0x00, 0x00, 0x00,
  0x00, 0x00, 0x00, 0x00, 0x00, 0x00, 0x00, 0x00, 0x00, 0x00, 0x00, 0x00, 0x10, 0x04, 0x00, 0x00,
  0x13, 0x44, 0x10, 0x44, 0x15, 0x2c, 0x92, 0x2b, 0x31, 0x1b, 0x72, 0x1b, 0x31, 0x13, 0xf1, 0x12,
  0x12, 0x0b, 0xb5, 0x03, 0x36, 0x0c, 0xf8, 0x14, 0x1d, 0x06, 0x7e, 0x16, 0xbf, 0xaf, 0xff, 0xd7,
  0xff, 0xc7, 0xff, 0xe7, 0xbf, 0x87, 0x1d, 0x16, 0xda, 0x04, 0x58, 0x04, 0xb6, 0x03, 0xf3, 0x02,
  0xb1, 0x02, 0x95, 0x03, 0x78, 0x0c, 0xb5, 0x0b, 0x53, 0x0b, 0xb4, 0x1b, 0xd4, 0x23, 0x15, 0x2c,
  0xf5, 0x23, 0x15, 0x2c, 0x33, 0x33, 0x10, 0x04, 0xb5, 0x52, 0x00, 0x00, 0x00, 0x00, 0x00, 0x00,
  0x1f, 0x00, 0x00, 0x00, 0x00, 0x00, 0x00, 0x00, 0x00, 0x00, 0x00, 0x00, 0x00, 0x00, 0x00, 0x00,
  0x10, 0x04, 0x00, 0x00, 0x00, 0x00, 0x00, 0x00, 0x00, 0x00, 0x00, 0x00, 0x00, 0x00, 0x00, 0x00,
  0xff, 0x07, 0x00, 0x00, 0x00, 0x00, 0x00, 0x00, 0x00, 0x00, 0x00, 0x00, 0x00, 0x00, 0x00, 0x00,
  0xff, 0x07, 0x00, 0x00, 0x00, 0x00, 0x00, 0x00, 0x00, 0x00, 0x00, 0x00, 0x00, 0x00, 0x00, 0x00,
  0x00, 0x00, 0x00, 0x00, 0x00, 0x00, 0x00, 0x00, 0x00, 0x00, 0x00, 0x00, 0x00, 0x00, 0x00, 0x00,
  0xff, 0x07, 0x00, 0x00, 0x00, 0x00, 0x00, 0x00, 0x00, 0x00, 0x00, 0x00, 0x00, 0x00, 0x00, 0x00,
  0xff, 0x07, 0x00, 0x00, 0x00, 0x00, 0x00, 0x00, 0x00, 0x00, 0x00, 0x00, 0x00, 0x00, 0x00, 0x00,
  0x00, 0x00, 0x00, 0x00, 0x00, 0x00, 0x00, 0x00, 0x00, 0x00, 0x00, 0x00, 0x00, 0x00, 0x00, 0x00,
  0x00, 0x00, 0x00, 0x00, 0x00, 0x00, 0x00, 0x00, 0x00, 0x00, 0x00, 0x00, 0x00, 0x00, 0x00, 0x00,
  0x10, 0x04, 0x00, 0x00, 0x00, 0x00, 0x00, 0x00, 0x00, 0x00, 0x1f, 0x00, 0x1f, 0x00, 0x00, 0x00,
  0x15, 0x2c, 0x94, 0x23, 0xd3, 0x23, 0x93, 0x1b, 0x72, 0x1b, 0x52, 0x0b, 0x32, 0x0b, 0x93, 0x1b,
  0x93, 0x1b, 0x72, 0x13, 0x52, 0x1b, 0x72, 0x1b, 0x93, 0x23, 0x95, 0x1b, 0x15, 0x2c, 0xd3, 0x34,
  0x75, 0x3c, 0x96, 0x24, 0x96, 0x24, 0x17, 0x44, 0x15, 0x2c, 0x55, 0x55, 0xb4, 0x1b, 0xb4, 0x0b,
  0x94, 0x03, 0x73, 0x03, 0x32, 0x03, 0x53, 0x03, 0xb4, 0x03, 0x95, 0x03, 0x57, 0x04, 0x7d, 0x0e,
  0xfc, 0x05, 0xbf, 0x4f, 0xff, 0xe7, 0xff, 0xe7, 0xff, 0xbf, 0x5f, 0x47, 0x1c, 0x0e, 0x7e, 0x06,
  0x9b, 0x05, 0x56, 0x04, 0xf5, 0x03, 0x15, 0x04, 0xd5, 0x03, 0x52, 0x0b, 0x51, 0x0b, 0x72, 0x13,
  0x00, 0x00, 0x00, 0x00, 0x00, 0x00, 0x00, 0x00, 0x00, 0x00, 0x00, 0x00, 0x00, 0x00, 0x00, 0x00,
  0x00, 0x00, 0x00, 0x00, 0x00, 0x00, 0x00, 0x00, 0x00, 0x00, 0x00, 0x00, 0x00, 0x00, 0x00, 0x00,
  0x00, 0x00, 0x00, 0x00, 0x00, 0x00, 0x00, 0x00, 0x10, 0x84, 0x00, 0x00, 0x00, 0x00, 0x00, 0x00,
  0x00, 0x00, 0x00, 0x00, 0x00, 0x00, 0x00, 0x00, 0x00, 0x00, 0x00, 0x00, 0xb5, 0x52, 0x00, 0x00,
  0x91, 0x3b, 0x91, 0x3b, 0x10, 0x44, 0xb3, 0x2b, 0x30, 0x1b, 0x31, 0x13, 0x31, 0x13, 0x73, 0x13,
  0x16, 0x14, 0xb5, 0x03, 0x16, 0x04, 0x1a, 0x05, 0x5b, 0x05, 0x3f, 0x57, 0xff, 0xd7, 0xdf, 0x9f,
  0xff, 0xcf, 0xdf, 0xd7, 0x7e, 0x16, 0x5b, 0x05, 0x59, 0x04, 0x58, 0x04, 0xd6, 0x03, 0xd1, 0x02,
  0xf2, 0x02, 0xb5, 0x03, 0x16, 0x0c, 0x94, 0x0b, 0x73, 0x13, 0x94, 0x1b, 0xf5, 0x23, 0x34, 0x2c,
  0xd4, 0x2b, 0x33, 0x33, 0x00, 0x00, 0xb5, 0x52, 0x10, 0x04, 0x00, 0x00, 0x00, 0x00, 0x00, 0x00,
  0x1f, 0x00, 0x00, 0x00, 0x00, 0x00, 0x00, 0x00, 0x00, 0x00, 0x00, 0x00, 0x00, 0x00, 0x00, 0x00,
  0x00, 0x00, 0x00, 0x00, 0x00, 0x00, 0x00, 0x00, 0x00, 0x00, 0x00, 0x00, 0x00, 0x00, 0x00, 0x00,
  0xff, 0x07, 0x00, 0x00, 0x00, 0x00, 0x00, 0x00, 0x00, 0x00, 0x00, 0x00, 0x00, 0x00, 0x00, 0x00,
  0x00, 0x00, 0x00, 0x00, 0x00, 0x00, 0x00, 0x00, 0x00, 0x00, 0x00, 0x00, 0x00, 0x00, 0x00, 0x00,
  0x00, 0x00, 0x00, 0x00, 0x00, 0x00, 0x00, 0x00, 0x00, 0x00, 0x00, 0x00, 0x00, 0x00, 0x00, 0x00,
  0x00, 0x00, 0x00, 0x00, 0x00, 0x00, 0x00, 0x00, 0x00, 0x00, 0x00, 0x00, 0x00, 0x00, 0x00, 0x00,
  0x00, 0x00, 0x00, 0x00, 0x00, 0x00, 0x00, 0x00, 0x00, 0x00, 0x00, 0x00, 0x00, 0x00, 0x00, 0x00,
  0x00, 0x00, 0x00, 0x00, 0x00, 0x00, 0x00, 0x00, 0x00, 0x00, 0x00, 0x00, 0x00, 0x00, 0x00, 0x00,
  0x00, 0x00, 0x00, 0x00, 0x00, 0x00, 0x00, 0x00, 0x00, 0x00, 0x00, 0x00, 0x00, 0x00, 0x00, 0x00,
  0x00, 0x00, 0x00, 0x00, 0x00, 0x00, 0x00, 0x00, 0x00, 0x00, 0x00, 0x00, 0x10, 0x04, 0x00, 0x00,
  0xf4, 0x23, 0x73, 0x1b, 0x72, 0x1b, 0x92, 0x1b, 0xd3, 0x2b, 0x15, 0x2c, 0x10, 0x04, 0x76, 0x23,
  0x13, 0x24, 0xd3, 0x23, 0xd4, 0x23, 0xb4, 0x23, 0xd4, 0x23, 0x15, 0x2c, 0xff, 0x07, 0x00, 0x00,
  0x55, 0x55, 0x17, 0x44, 0x00, 0x00, 0x17, 0x44, 0x55, 0x05, 0x15, 0x1c, 0x15, 0x24, 0x93, 0x13,
  0xd5, 0x03, 0xb4, 0x03, 0x32, 0x03, 0x73, 0x03, 0xd5, 0x03, 0x17, 0x04, 0x57, 0x04, 0x7b, 0x05,
  0xfb, 0x05, 0x7f, 0x06, 0xff, 0xc7, 0xff, 0xe7, 0xff, 0xcf, 0xff, 0xaf, 0x5f, 0x2f, 0x7e, 0x0e,
  0x1d, 0x06, 0x17, 0x04, 0x94, 0x03, 0x93, 0x03, 0x52, 0x03, 0x52, 0x0b, 0x51, 0x0b, 0x91, 0x13,
  0x00, 0x00, 0x00, 0x00, 0x00, 0x00, 0x00, 0x00, 0x00, 0x00, 0x00, 0x00, 0x00, 0x00, 0x00, 0x00,
  0x00, 0x00, 0x00, 0x00, 0x00, 0x00, 0x00, 0x00, 0x00, 0x00, 0x00, 0x00, 0x00, 0x00, 0x00, 0x00,
  0x00, 0x00, 0x00, 0x00, 0x00, 0x00, 0x00, 0x00, 0x00, 0x00, 0x00, 0x00, 0x00, 0x00, 0x00, 0x00,
  0x00, 0x00, 0x00, 0x00, 0x00, 0x00, 0x00, 0x00, 0x00, 0x00, 0x1f, 0x00, 0xb5, 0x52, 0x10, 0x44,
  0x13, 0x34, 0x72, 0x23, 0xd2, 0x33, 0xf3, 0x2b, 0xd4, 0x23, 0x72, 0x13, 0x73, 0x13, 0xb4, 0x0b,
  0x16, 0x0c, 0x95, 0x03, 0x98, 0x04, 0x5b, 0x0d, 0xdd, 0x0d, 0xbf, 0x9f, 0xff, 0xc7, 0xff, 0x97,
  0xff, 0xe7, 0xff, 0xa7, 0xfd, 0x0d, 0x9a, 0x04, 0xda, 0x04, 0xf6, 0x03, 0xf2, 0x02, 0x13, 0x03,
  0xf6, 0x03, 0xb5, 0x03, 0xb5, 0x0b, 0x94, 0x0b, 0x93, 0x13, 0xb3, 0x23, 0xd5, 0x2b, 0xb5, 0x23,
  0x33, 0x33, 0x10, 0x04, 0x00, 0x00, 0x00, 0x00, 0x10, 0x04, 0x1f, 0x00, 0x00, 0x00, 0x1f, 0x00,
  0x00, 0x00, 0x00, 0x00, 0x00, 0x00, 0x00, 0x00, 0x00, 0x00, 0x00, 0x00, 0x00, 0x00, 0x00, 0x00,
  0x00, 0x00, 0x00, 0x00, 0x00, 0x00, 0x00, 0x00, 0x00, 0x00, 0x00, 0x00, 0x00, 0x00, 0x00, 0x00,
  0x00, 0x00, 0x00, 0x00, 0x00, 0x00, 0x00, 0x00, 0x00, 0x00, 0x00, 0x00, 0x00, 0x00, 0xff, 0x07,
  0x00, 0x00, 0x00, 0x00, 0x00, 0x00, 0x00, 0x00, 0x00, 0x00, 0x00, 0x00, 0x00, 0x00, 0x00, 0x00,
  0x00, 0x00, 0x00, 0x00, 0x00, 0x00, 0x00, 0x00, 0x00, 0x00, 0x00, 0x00, 0x00, 0x00, 0x00, 0x00,
  0x00, 0x00, 0x00, 0x00, 0x00, 0x00, 0x00, 0x00, 0x00, 0x00, 0x00, 0x00, 0x00, 0x00, 0x00, 0x00,
  0x00, 0x00, 0x00, 0x00, 0x00, 0x00, 0x00, 0x00, 0x00, 0x00, 0x00, 0x00, 0x00, 0x00, 0x00, 0x00,
  0x00, 0x00, 0x00, 0x00, 0x00, 0x00, 0x00, 0x00, 0x00, 0x00, 0x00, 0x00, 0x00, 0x00, 0x00, 0x00,
  0x00, 0x00, 0x00, 0x00, 0x00, 0x00, 0x00, 0x00, 0x00, 0x00, 0x00, 0x00, 0x00, 0x00, 0x00, 0x00,
  0x00, 0x00, 0x00, 0x00, 0x00, 0x00, 0x00, 0x00, 0x00, 0x00, 0x55, 0x55, 0x1f, 0x00, 0x13, 0x24,
  0xd3, 0x2b, 0x93, 0x2b, 0xb3, 0x23, 0x33, 0x33, 0x10, 0x04, 0x15, 0x2c, 0x15, 0x2c, 0xb5, 0x23,
  0x72, 0x23, 0x10, 0x04, 0x10, 0x04, 0x17, 0x44, 0x15, 0x2c, 0x10, 0x04, 0x10, 0x04, 0x10, 0x04,
  0x00, 0x00, 0x00, 0x00, 0x00, 0x00, 0x00, 0x00, 0xff, 0x07, 0x16, 0x1c, 0x17, 0x44, 0xd4, 0x1b,
  0xb4, 0x0b, 0x15, 0x0c, 0xb4, 0x03, 0x32, 0x03, 0x94, 0x03, 0x98, 0x04, 0x98, 0x04, 0x78, 0x04,
  0xd9, 0x04, 0x3a, 0x05, 0x1e, 0x2f, 0xff, 0xcf, 0xff, 0xef, 0xff, 0xd7, 0xbf, 0x6f, 0x3d, 0x06,
  0xbe, 0x16, 0xd9, 0x04, 0xd5, 0x03, 0xb3, 0x03, 0x51, 0x03, 0x51, 0x0b, 0x11, 0x0b, 0x71, 0x13,
  0x00, 0x00, 0x00, 0x00, 0x00, 0x00, 0x00, 0x00, 0x00, 0x00, 0x00, 0x00, 0x00, 0x00, 0x00, 0x00,
  0x00, 0x00, 0x00, 0x00, 0x00, 0x00, 0x00, 0x00, 0x00, 0x00, 0x00, 0x00, 0x00, 0x00, 0x00, 0x00,
  0x00, 0x00, 0x00, 0x00, 0x00, 0x00, 0x00, 0x00, 0x00, 0x00, 0x00, 0x00, 0x00, 0x00, 0x00, 0x00,
  0x00, 0x00, 0x00, 0x00, 0x00, 0x00, 0x00, 0x00, 0x00, 0x00, 0x00, 0x00, 0x10, 0x44, 0x72, 0x4b,
  0x72, 0x4b, 0xb5, 0x52, 0x72, 0x23, 0x14, 0x2c, 0x34, 0x2c, 0x52, 0x13, 0xd4, 0x13, 0x36, 0x0c,
  0x17, 0x0c, 0xd6, 0x03, 0xda, 0x04, 0xfd, 0x0d, 0xbe, 0x36, 0xff, 0xdf, 0xff, 0xbf, 0xff, 0xc7,
  0xff, 0xaf, 0x7f, 0x4f, 0xdd, 0x05, 0x79, 0x04, 0xda, 0x04, 0xd6, 0x03, 0xf3, 0x02, 0x17, 0x04,
  0x37, 0x0c, 0xb5, 0x0b, 0xd5, 0x13, 0xb4, 0x13, 0x73, 0x1b, 0x14, 0x2c, 0xd4, 0x2b, 0x14, 0x24,
  0x17, 0x44, 0x00, 0x00, 0x00, 0x00, 0x00, 0x00, 0xb5, 0x52, 0x00, 0x00, 0x00, 0x00, 0x00, 0x00,
  0x00, 0x00, 0x00, 0x00, 0x00, 0x00, 0x00, 0x00, 0x1f, 0x00, 0x00, 0x00, 0x00, 0x00, 0x00, 0x00,
  0x00, 0x00, 0x00, 0x00, 0x00, 0x00, 0x00, 0x00, 0x00, 0x00, 0x00, 0x00, 0x00, 0x00, 0x00, 0x00,
  0x00, 0x00, 0x00, 0x00, 0x00, 0x00, 0x00, 0x00, 0x00, 0x00, 0x00, 0x00, 0x00, 0x00, 0x00, 0x00,
  0x00, 0x00, 0x00, 0x00, 0x00, 0x00, 0x00, 0x00, 0x00, 0x00, 0x00, 0x00, 0x00, 0x00, 0x00, 0x00,
  0x00, 0x00, 0x00, 0x00, 0x00, 0x00, 0x00, 0x00, 0x00, 0x00, 0x00, 0x00, 0x00, 0x00, 0x00, 0x00,
  0x00, 0x00, 0x00, 0x00, 0x00, 0x00, 0x00, 0x00, 0x00, 0x00, 0x00, 0x00, 0x00, 0x00, 0x00, 0x00,
  0x00, 0x00, 0x00, 0x00, 0x00, 0x00, 0x00, 0x00, 0x00, 0x00, 0x00, 0x00, 0x00, 0x00, 0x00, 0x00,
  0x00, 0x00, 0x00, 0x00, 0x00, 0x00, 0x00, 0x00, 0x00, 0x00, 0x00, 0x00, 0x00, 0x00, 0x00, 0x00,
  0x00, 0x00, 0x00, 0x00, 0x00, 0x00, 0x00, 0x00, 0x00, 0x00, 0x00, 0x00, 0x00, 0x00, 0x00, 0x00,
  0x00, 0x00, 0x00, 0x00, 0x00, 0x00, 0x00, 0x00, 0x00, 0x00, 0x00, 0x00, 0x00, 0x00, 0x55, 0x55,
  0x17, 0x44, 0x17, 0x44, 0x10, 0x04, 0x17, 0x44, 0xb5, 0x52, 0x00, 0x00, 0x00, 0x00, 0x00, 0x00,
  0x00, 0x00, 0x10, 0x04, 0x00, 0x00, 0x00, 0x00, 0x00, 0x00, 0xff, 0x07, 0x00, 0x00, 0x00, 0x00,
  0x00, 0x00, 0x00, 0x00, 0x00, 0x00, 0x00, 0x00, 0x00, 0x00, 0x00, 0x00, 0x15, 0x2c, 0x54, 0x14,
  0xb4, 0x13, 0x73, 0x0b, 0xb4, 0x03, 0x73, 0x03, 0x73, 0x03, 0x16, 0x04, 0x78, 0x04, 0xb8, 0x04,
  0x79, 0x04, 0x3c, 0x0e, 0x5d, 0x16, 0xdf, 0x87, 0xff, 0xe7, 0xff, 0xcf, 0xff, 0x9f, 0x3e, 0x06,
  0x9e, 0x0e, 0x1a, 0x05, 0x37, 0x04, 0xf5, 0x03, 0x93, 0x03, 0xf0, 0x02, 0xf0, 0x0a, 0x51, 0x13,
  0x00, 0x00, 0x00, 0x00, 0x00, 0x00, 0x00, 0x00, 0x00, 0x00, 0x00, 0x00, 0x00, 0x00, 0x00, 0x00,
  0x00, 0x00, 0x00, 0x00, 0x00, 0x00, 0x00, 0x00, 0x00, 0x00, 0x00, 0x00, 0x00, 0x00, 0x00, 0x00,
  0x00, 0x00, 0x00, 0x00, 0x00, 0x00, 0x00, 0x00, 0x00, 0x00, 0x00, 0x00, 0x00, 0x00, 0x00, 0x00,
  0x00, 0x00, 0x00, 0x00, 0x00, 0x00, 0x00, 0x00, 0x1f, 0x00, 0x00, 0x00, 0x10, 0x44, 0x10, 0x44,
  0x12, 0x34, 0x10, 0x04, 0x00, 0x00, 0x14, 0x24, 0xb4, 0x1b, 0x11, 0x0b, 0xf6, 0x0b, 0x98, 0x14,
  0xf6, 0x03, 0x16, 0x04, 0x1b, 0x05, 0x3d, 0x1e, 0xdf, 0x97, 0xff, 0xef, 0xff, 0xcf, 0xff, 0xd7,
  0xff, 0x77, 0x3f, 0x17, 0x9b, 0x05, 0xf7, 0x03, 0x18, 0x04, 0x95, 0x03, 0x75, 0x03, 0x38, 0x04,
  0xb5, 0x03, 0x74, 0x0b, 0xd5, 0x1b, 0xb4, 0x1b, 0x93, 0x1b, 0x14, 0x24, 0xb5, 0x33, 0x95, 0x3b,
  0x10, 0x04, 0x10, 0x04, 0x00, 0x00, 0x00, 0x00, 0xb5, 0x52, 0x00, 0x00, 0x00, 0x00, 0x00, 0x00,
  0x00, 0x00, 0x00, 0x00, 0x00, 0x00, 0x00, 0x00, 0x76, 0x23, 0x00, 0x00, 0x00, 0x00, 0x00, 0x00,
  0x00, 0x00, 0x00, 0x00, 0x00, 0x00, 0x00, 0x00, 0x00, 0x00, 0x00, 0x00, 0x00, 0x00, 0x00, 0x00,
  0x00, 0x00, 0x00, 0x00, 0x00, 0x00, 0x00, 0x00, 0x00, 0x00, 0x00, 0x00, 0x00, 0x00, 0x00, 0x00,
  0x00, 0x00, 0x00, 0x00, 0x00, 0x00, 0x00, 0x00, 0x00, 0x00, 0x00, 0x00, 0x00, 0x00, 0x00, 0x00,
  0x00, 0x00, 0x00, 0x00, 0x00, 0x00, 0x00, 0x00, 0x00, 0x00, 0x00, 0x00, 0x00, 0x00, 0x00, 0x00,
  0x00, 0x00, 0x00, 0x00, 0x00, 0x00, 0x00, 0x00, 0x00, 0x00, 0x00, 0x00, 0x00, 0x00, 0x00, 0x00,
  0x00, 0x00, 0x00, 0x00, 0x00, 0x00, 0x00, 0x00, 0x00, 0x00, 0x00, 0x00, 0x00, 0x00, 0x00, 0x00,
  0x00, 0x00, 0x00, 0x00, 0x00, 0x00, 0x00, 0x00, 0x00, 0x00, 0x00, 0x00, 0x00, 0x00, 0x00, 0x00,
  0x00, 0x00, 0x00, 0x00, 0x00, 0x00, 0x00, 0x00, 0x00, 0x00, 0x00, 0x00, 0x00, 0x00, 0x00, 0x00,
  0x00, 0x00, 0x00, 0x00, 0x00, 0x00, 0x00, 0x00, 0x00, 0x00, 0x00, 0x00, 0xff, 0x07, 0x00, 0x00,
  0x10, 0x04, 0xff, 0x07, 0xff, 0x07, 0xff, 0x07, 0x55, 0x55, 0x00, 0x00, 0x00, 0x00, 0x00, 0x00,
  0x17, 0x44, 0xff, 0x07, 0xff, 0x07, 0x10, 0x04, 0x00, 0x00, 0x00, 0x00, 0x00, 0x00, 0x00, 0x00,
  0x00, 0x00, 0x00, 0x00, 0x00, 0x00, 0x00, 0x00, 0x00, 0x00, 0x00, 0x00, 0x00, 0x00, 0x55, 0x05,
  0x15, 0x24, 0x52, 0x0b, 0xb4, 0x03, 0xd4, 0x03, 0x73, 0x03, 0xb5, 0x03, 0x37, 0x04, 0x58, 0x04,
  0xda, 0x04, 0xbe, 0x1e, 0x7e, 0x0e, 0x1e, 0x2f, 0xff, 0xc7, 0xff, 0xb7, 0xff, 0xcf, 0xbe, 0x26,
  0xdf, 0x0e, 0x5d, 0x1e, 0x38, 0x04, 0xd5, 0x03, 0x93, 0x03, 0x10, 0x03, 0x31, 0x0b, 0x51, 0x13,
  0x00, 0x00, 0x00, 0x00, 0x00, 0x00, 0x00, 0x00, 0x00, 0x00, 0x00, 0x00, 0x00, 0x00, 0x00, 0x00,
  0x00, 0x00, 0x00, 0x00, 0x00, 0x00, 0x00, 0x00, 0x00, 0x00, 0x00, 0x00, 0x00, 0x00, 0x00, 0x00,
  0x00, 0x00, 0x00, 0x00, 0x00, 0x00, 0x00, 0x00, 0x00, 0x00, 0x00, 0x00, 0x00, 0x00, 0x00, 0x00,
  0x00, 0x00, 0x00, 0x00, 0x00, 0x00, 0x00, 0x00, 0x00, 0x00, 0xb5, 0x52, 0x10, 0x44, 0xb4, 0x2b,
  0xd3, 0x33, 0x13, 0x3c, 0x72, 0x23, 0xb3, 0x23, 0xf5, 0x0b, 0x12, 0x03, 0x94, 0x03, 0xd6, 0x03,
  0xd5, 0x03, 0x78, 0x04, 0x3a, 0x05, 0x1f, 0x37, 0xff, 0xcf, 0xff, 0xc7, 0xff, 0xbf, 0xff, 0xcf,
  0x9f, 0x5f, 0x7d, 0x0e, 0xd9, 0x0c, 0xb6, 0x03, 0x38, 0x04, 0xf3, 0x02, 0xf7, 0x03, 0x58, 0x0c,
  0x94, 0x0b, 0x73, 0x0b, 0xb4, 0x1b, 0xb4, 0x1b, 0xb4, 0x13, 0x54, 0x2c, 0x00, 0x00, 0x17, 0x44,
  0x1f, 0x00, 0x17, 0x44, 0x00, 0x00, 0x00, 0x00, 0x10, 0x04, 0x00, 0x00, 0x00, 0x00, 0x00, 0x00,
  0x00, 0x00, 0x00, 0x00, 0x00, 0x00, 0x00, 0x00, 0x00, 0x00, 0x00, 0x00, 0x00, 0x00, 0x00, 0x00,
  0x00, 0x00, 0x00, 0x00, 0x00, 0x00, 0x00, 0x00, 0x00, 0x00, 0x00, 0x00, 0x00, 0x00, 0x00, 0x00,
  0x00, 0x00, 0x00, 0x00, 0x00, 0x00, 0x00, 0x00, 0x00, 0x00, 0xff, 0x07, 0x00, 0x00, 0x00, 0x00,
  0x00, 0x00, 0x00, 0x00, 0x00, 0x00, 0x00, 0x00, 0x00, 0x00, 0x00, 0x00, 0x00, 0x00, 0x00, 0x00,
  0x00, 0x00, 0x00, 0x00, 0x00, 0x00, 0x00, 0x00, 0x00, 0x00, 0x00, 0x00, 0x00, 0x00, 0x00, 0x00,
  0x00, 0x00, 0x00, 0x00, 0x00, 0x00, 0x00, 0x00, 0x00, 0x00, 0x00, 0x00, 0x00, 0x00, 0x00, 0x00,
  0x00, 0x00, 0x00, 0x00, 0x00, 0x00, 0x00, 0x00, 0x00, 0x00, 0x00, 0x00, 0x00, 0x00, 0x00, 0x00,
  0x00, 0x00, 0x00, 0x00, 0x00, 0x00, 0x00, 0x00, 0x00, 0x00, 0x00, 0x00, 0x00, 0x00, 0x00, 0x00,
  0x00, 0x00, 0x00, 0x00, 0x00, 0x00, 0x00, 0x00, 0x00, 0x00, 0x00, 0x00, 0x00, 0x00, 0x00, 0x00,
  0x00, 0x00, 0x00, 0x00, 0x00, 0x00, 0x00, 0x00, 0x00, 0x00, 0x00, 0x00, 0x00, 0x00, 0x00, 0x00,
  0xff, 0x07, 0x00, 0x00, 0x00, 0x00, 0x00, 0x00, 0x00, 0x00, 0x00, 0x00, 0x00, 0x00, 0x00, 0x00,
  0x00, 0x00, 0x00, 0x00, 0x00, 0x00, 0x00, 0x00, 0x00, 0x00, 0x00, 0x00, 0x00, 0x00, 0x00, 0x00,
  0x00, 0x00, 0x00, 0x00, 0x00, 0x00, 0x00, 0x00, 0x00, 0x00, 0x00, 0x00, 0x00, 0x00, 0x00, 0x00,
  0xff, 0x07, 0xd4, 0x13, 0x73, 0x0b, 0xf5, 0x0b, 0x94, 0x03, 0xb4, 0x03, 0xb5, 0x03, 0xf5, 0x03,
  0x97, 0x04, 0x3c, 0x16, 0xfc, 0x0d, 0xfe, 0x1e, 0xff, 0xaf, 0xff, 0x97, 0xff, 0xc7, 0xbf, 0x87,
  0xbf, 0x16, 0xdf, 0x26, 0x3b, 0x05, 0x37, 0x04, 0xb4, 0x03, 0x93, 0x03, 0xb3, 0x0b, 0x51, 0x0b,
  0x00, 0x00, 0x00, 0x00, 0x00, 0x00, 0x00, 0x00, 0x00, 0x00, 0x00, 0x00, 0x00, 0x00, 0x00, 0x00,
  0x00, 0x00, 0x00, 0x00, 0x00, 0x00, 0x00, 0x00, 0x00, 0x00, 0x00, 0x00, 0x00, 0x00, 0x00, 0x00,
  0x00, 0x00, 0x00, 0x00, 0x00, 0x00, 0x00, 0x00, 0x00, 0x00, 0x00, 0x00, 0x00, 0x00, 0x00, 0x00,
  0x00, 0x00, 0x00, 0x00, 0x1f, 0x00, 0x00, 0x00, 0x1f, 0x00, 0x1f, 0x00, 0x12, 0x44, 0xb2, 0x33,
  0xd2, 0x2b, 0x95, 0x3b, 0x92, 0x2b, 0x52, 0x13, 0x77, 0x14, 0x73, 0x03, 0x74, 0x03, 0x94, 0x03,
  0xf6, 0x0b, 0xb9, 0x0c, 0x3a, 0x0d, 0x9f, 0x57, 0xff, 0xc7, 0xff, 0xcf, 0xff, 0xcf, 0xff, 0xaf,
  0x5f, 0x37, 0xfd, 0x05, 0xb9, 0x0c, 0x95, 0x03, 0x96, 0x03, 0x74, 0x03, 0x58, 0x0c, 0x78, 0x0c,
  0xb4, 0x0b, 0x73, 0x13, 0xd5, 0x1b, 0xb4, 0x1b, 0xb3, 0x1b, 0xb6, 0x23, 0x10, 0x04, 0x10, 0x04,
  0x1f, 0x00, 0x10, 0x04, 0x17, 0x44, 0x00, 0x00, 0xb5, 0x52, 0x00, 0x00, 0x00, 0x00, 0x00, 0x00,
  0x00, 0x00, 0x00, 0x00, 0x00, 0x00, 0x00, 0x00, 0xff, 0x07, 0x00, 0x00, 0x00, 0x00, 0x00, 0x00,
  0x00, 0x00, 0x00, 0x00, 0x00, 0x00, 0x00, 0x00, 0x00, 0x00, 0x00, 0x00, 0x00, 0x00, 0x00, 0x00,
  0x00, 0x00, 0x00, 0x00, 0x00, 0x00, 0x00, 0x00, 0x00, 0x00, 0x00, 0x00, 0x00, 0x00, 0x00, 0x00,
  0x00, 0x00, 0x00, 0x00, 0x00, 0x00, 0x00, 0x00, 0x00, 0x00, 0x00, 0x00, 0x00, 0x00, 0x00, 0x00,
  0x00, 0x00, 0x00, 0x00, 0x00, 0x00, 0x00, 0x00, 0x00, 0x00, 0x00, 0x00, 0x00, 0x00, 0x00, 0x00,
  0x00, 0x00, 0x00, 0x00, 0x00, 0x00, 0x00, 0x00, 0x00, 0x00, 0x00, 0x00, 0x00, 0x00, 0x00, 0x00,
  0x00, 0x00, 0x00, 0x00, 0x00, 0x00, 0x00, 0x00, 0x00, 0x00, 0x00, 0x00, 0x00, 0x00, 0x00, 0x00,
  0x00, 0x00, 0x00, 0x00, 0x00, 0x00, 0x00, 0x00, 0x00, 0x00, 0x00, 0x00, 0x00, 0x00, 0x00, 0x00,
  0x00, 0x00, 0x00, 0x00, 0x00, 0x00, 0x00, 0x00, 0x00, 0x00, 0x00, 0x00, 0x00, 0x00, 0x00, 0x00,
  0x00, 0x00, 0x00, 0x00, 0x00, 0x00, 0x00, 0x00, 0x00, 0x00, 0xff, 0x07, 0xff, 0x07, 0x10, 0x04,
  0x00, 0x00, 0x00, 0x00, 0x00, 0x00, 0x00, 0x00, 0xff, 0x07, 0xff, 0x07, 0x00, 0x00, 0x00, 0x00,
  0x00, 0x00, 0x17, 0x44, 0x10, 0x04, 0x00, 0x00, 0xff, 0x07, 0x00, 0x00, 0xff, 0x07, 0xff, 0x07,
  0x00, 0x00, 0x00, 0x00, 0xff, 0x07, 0x00, 0x00, 0x00, 0x00, 0x00, 0x00, 0x00, 0x00, 0x00, 0x00,
  0x00, 0x00, 0x10, 0x04, 0x52, 0x0b, 0x73, 0x0b, 0xb5, 0x03, 0xb5, 0x03, 0xb5, 0x03, 0xb5, 0x03,
  0x5a, 0x05, 0x7d, 0x0e, 0x9c, 0x0d, 0x5f, 0x2f, 0x9f, 0x4f, 0xff, 0x97, 0xff, 0xb7, 0xff, 0x9f,
  0xbe, 0x16, 0xbe, 0x16, 0xdc, 0x0d, 0x16, 0x04, 0xb4, 0x03, 0xd5, 0x0b, 0x15, 0x0c, 0xf5, 0x0b,
  0x00, 0x00, 0x00, 0x00, 0x00, 0x00, 0x00, 0x00, 0x00, 0x00, 0x00, 0x00, 0x00, 0x00, 0x00, 0x00,
  0x00, 0x00, 0x00, 0x00, 0x00, 0x00, 0x00, 0x00, 0x00, 0x00, 0x00, 0x00, 0x00, 0x00, 0x00, 0x00,
  0x00, 0x00, 0x00, 0x00, 0x00, 0x00, 0x00, 0x00, 0x00, 0x00, 0x00, 0x00, 0x00, 0x00, 0x00, 0x00,
  0x00, 0x00, 0x00, 0x00, 0x00, 0x00, 0x00, 0x00, 0x00, 0x00, 0x15, 0x2c, 0x10, 0x04, 0xd2, 0x2b,
  0x33, 0x33, 0xd3, 0x33, 0x52, 0x2b, 0x52, 0x1b, 0xd4, 0x0b, 0xb5, 0x03, 0x37, 0x04, 0xf6, 0x03,
  0xf6, 0x03, 0x19, 0x05, 0xfd, 0x05, 0x9f, 0x67, 0xff, 0xcf, 0xff, 0xd7, 0xff, 0xcf, 0x3f, 0x57,
  0x3b, 0x05, 0x5b, 0x05, 0xda, 0x14, 0x96, 0x03, 0xf6, 0x03, 0x38, 0x0c, 0xb5, 0x0b, 0x73, 0x13,
  0xd5, 0x1b, 0xf5, 0x1b, 0xb4, 0x23, 0x15, 0x24, 0xd4, 0x23, 0x1f, 0x00, 0x00, 0x00, 0x00, 0x00,
  0x00, 0x00, 0x00, 0x00, 0x00, 0x00, 0x00, 0x00, 0x00, 0x00, 0x00, 0x00, 0x00, 0x00, 0x00, 0x00,
  0x00, 0x00, 0x00, 0x00, 0x00, 0x00, 0x00, 0x00, 0x00, 0x00, 0x00, 0x00, 0x00, 0x00, 0x00, 0x00,
  0x00, 0x00, 0x00, 0x00, 0x00, 0x00, 0x00, 0x00, 0x00, 0x00, 0x00, 0x00, 0x00, 0x00, 0x00, 0x00,
  0x00, 0x00, 0x00, 0x00, 0x00, 0x00, 0x00, 0x00, 0x00, 0x00, 0x00, 0x00, 0x00, 0x00, 0x00, 0x00,
  0x00, 0x00, 0x00, 0x00, 0x00, 0x00, 0x00, 0x00, 0x00, 0x00, 0x00, 0x00, 0x00, 0x00, 0x00, 0x00,
  0x00, 0x00, 0x00, 0x00, 0x00, 0x00, 0x00, 0x00, 0x00, 0x00, 0x00, 0x00, 0x00, 0x00, 0x00, 0x00,
  0x00, 0x00, 0x00, 0x00, 0x00, 0x00, 0x00, 0x00, 0x00, 0x00, 0x00, 0x00, 0x00, 0x00, 0x00, 0x00,
  0x00, 0x00, 0x00, 0x00, 0x00, 0x00, 0x00, 0x00, 0x00, 0x00, 0x00, 0x00, 0x00, 0x00, 0x00, 0x00,
  0x00, 0x00, 0x00, 0x00, 0x00, 0x00, 0x00, 0x00, 0x00, 0x00, 0x00, 0x00, 0x00, 0x00, 0x00, 0x00,
  0x00, 0x00, 0x00, 0x00, 0x00, 0x00, 0x00, 0x00, 0x00, 0x00, 0x00, 0x00, 0x00, 0x00, 0x00, 0x00,
  0x00, 0x00, 0x00, 0x00, 0x00, 0x00, 0x00, 0x00, 0x00, 0x00, 0x00, 0x00, 0x00, 0x00, 0x00, 0x00,
  0x00, 0x00, 0x00, 0x00, 0x00, 0x00, 0x00, 0x00, 0x00, 0x00, 0x00, 0x00, 0x00, 0x00, 0x00, 0x00,
  0x00, 0x00, 0x00, 0x00, 0x00, 0x00, 0x00, 0x00, 0x00, 0x00, 0x00, 0x00, 0x00, 0x00, 0x00, 0x00,
  0x00, 0x00, 0x00, 0x00, 0x00, 0x00, 0x00, 0x00, 0x00, 0x00, 0x00, 0x00, 0xff, 0x07, 0x00, 0x00,
  0x00, 0x00, 0x00, 0x00, 0x11, 0x1b, 0x8f, 0x02, 0x56, 0x04, 0xd5, 0x03, 0xf5, 0x03, 0xb5, 0x03,
  0x37, 0x04, 0x3a, 0x05, 0x7b, 0x05, 0x9c, 0x25, 0xdf, 0x26, 0xff, 0x9f, 0xff, 0xdf, 0xff, 0xaf,
  0x1f, 0x1f, 0x5f, 0x17, 0x1a, 0x05, 0x38, 0x04, 0x37, 0x04, 0x56, 0x04, 0x32, 0x03, 0xf1, 0x02,
  0x00, 0x00, 0x00, 0x00, 0x00, 0x00, 0x00, 0x00, 0x00, 0x00, 0x00, 0x00, 0x00, 0x00, 0x00, 0x00,
  0x00, 0x00, 0x00, 0x00, 0x00, 0x00, 0x00, 0x00, 0x00, 0x00, 0x00, 0x00, 0x00, 0x00, 0x00, 0x00,
  0x00, 0x00, 0x00, 0x00, 0x00, 0x00, 0x00, 0x00, 0x00, 0x00, 0x00, 0x00, 0x00, 0x00, 0x00, 0x00,
  0x10, 0x84, 0x00, 0x00, 0x00, 0x00, 0x00, 0x00, 0x10, 0x84, 0xb5, 0x52, 0x00, 0x00, 0xb2, 0x2b,
  0x13, 0x34, 0xd4, 0x33, 0x51, 0x23, 0xd0, 0x12, 0x12, 0x03, 0xb4, 0x03, 0x37, 0x04, 0xf6, 0x03,
  0xd6, 0x03, 0x1a, 0x05, 0x5e, 0x16, 0xff, 0xbf, 0xff, 0xe7, 0xff, 0xd7, 0xff, 0xd7, 0x5d, 0x1e,
  0x7c, 0x05, 0xd9, 0x04, 0x99, 0x0c, 0xd7, 0x03, 0x59, 0x04, 0x17, 0x0c, 0x33, 0x0b, 0x73, 0x13,
  0xf5, 0x13, 0xd5, 0x1b, 0xd5, 0x1b, 0xf4, 0x23, 0x33, 0x33, 0x00, 0x00, 0x00, 0x00, 0x00, 0x00,
  0x00, 0x00, 0x00, 0x00, 0x00, 0x00, 0x00, 0x00, 0x00, 0x00, 0x00, 0x00, 0x00, 0x00, 0x00, 0x00,
  0x00, 0x00, 0x00, 0x00, 0x00, 0x00, 0x00, 0x00, 0x00, 0x00, 0x00, 0x00, 0x00, 0x00, 0x00, 0x00,
  0x00, 0x00, 0x00, 0x00, 0x00, 0x00, 0x00, 0x00, 0x00, 0x00, 0x00, 0x00, 0x00, 0x00, 0x00, 0x00,
  0x00, 0x00, 0x00, 0x00, 0x00, 0x00, 0x00, 0x00, 0x00, 0x00, 0x00, 0x00, 0x00, 0x00, 0x00, 0x00,
  0x00, 0x00, 0x00, 0x00, 0x00, 0x00, 0x00, 0x00, 0x00, 0x00, 0x00, 0x00, 0x00, 0x00, 0x00, 0x00,
  0x00, 0x00, 0x00, 0x00, 0x00, 0x00, 0x00, 0x00, 0x00, 0x00, 0x00, 0x00, 0x00, 0x00, 0x00, 0x00,
  0x00, 0x00, 0x00, 0x00, 0x00, 0x00, 0x00, 0x00, 0x00, 0x00, 0x00, 0x00, 0x00, 0x00, 0x00, 0x00,
  0x00, 0x00, 0x00, 0x00, 0x00, 0x00, 0x00, 0x00, 0x00, 0x00, 0x00, 0x00, 0x00, 0x00, 0x00, 0x00,
  0x00, 0x00, 0x00, 0x00, 0x00, 0x00, 0x00, 0x00, 0x00, 0x00, 0x00, 0x00, 0x00, 0x00, 0x00, 0x00,
  0x00, 0x00, 0x00, 0x00, 0x00, 0x00, 0x00, 0x00, 0x00, 0x00, 0x00, 0x00, 0x00, 0x00, 0x00, 0x00,
  0x00, 0x00, 0x00, 0x00, 0x00, 0x00, 0x00, 0x00, 0x00, 0x00, 0x00, 0x00, 0x00, 0x00, 0x00, 0x00,
  0x00, 0x00, 0x00, 0x00, 0x00, 0x00, 0x00, 0x00, 0x00, 0x00, 0x00, 0x00, 0x00, 0x00, 0x00, 0x00,
  0x00, 0x00, 0x00, 0x00, 0x00, 0x00, 0x00, 0x00, 0x00, 0x00, 0x00, 0x00, 0x00, 0x00, 0x00, 0x00,
  0x00, 0x00, 0x00, 0x00, 0x00, 0x00, 0x00, 0x00, 0x00, 0x00, 0x00, 0x00, 0xff, 0x07, 0x55, 0x05,
  0x55, 0x05, 0x00, 0x00, 0x96, 0x24, 0x6e, 0x0a, 0x11, 0x03, 0x36, 0x04, 0x16, 0x04, 0xb5, 0x03,
  0xd6, 0x03, 0x98, 0x04, 0x7b, 0x05, 0x5b, 0x05, 0x5e, 0x16, 0xbf, 0x6f, 0xff, 0xcf, 0xff, 0xd7,
  0xdf, 0x67, 0xde, 0x0e, 0x5b, 0x05, 0x58, 0x04, 0x37, 0x04, 0x15, 0x04, 0x93, 0x03, 0x11, 0x03,
  0x00, 0x00, 0x00, 0x00, 0x00, 0x00, 0x00, 0x00, 0x00, 0x00, 0x00, 0x00, 0x00, 0x00, 0x00, 0x00,
  0x00, 0x00, 0x00, 0x00, 0x00, 0x00, 0x00, 0x00, 0x00, 0x00, 0x00, 0x00, 0x00, 0x00, 0x00, 0x00,
  0x00, 0x00, 0x00, 0x00, 0x00, 0x00, 0x00, 0x00, 0x00, 0x00, 0x00, 0x00, 0x00, 0x00, 0x00, 0x00,
  0x00, 0x00, 0x00, 0x00, 0x00, 0x00, 0x1f, 0x00, 0x10, 0x44, 0x00, 0x00, 0x72, 0x23, 0x14, 0x34,
  0xb5, 0x52, 0x14, 0x34, 0x72, 0x23, 0x52, 0x0b, 0x53, 0x03, 0x74, 0x03, 0x58, 0x04, 0x57, 0x04,
  0xd6, 0x03, 0x7c, 0x05, 0x3f, 0x47, 0xff, 0xcf, 0xff, 0xd7, 0xff, 0xcf, 0xbf, 0x9f, 0x7c, 0x05,
  0xbc, 0x05, 0x99, 0x04, 0x17, 0x04, 0x17, 0x04, 0xb9, 0x04, 0x74, 0x03, 0x32, 0x0b, 0x93, 0x1b,
  0xd4, 0x1b, 0xb4, 0x1b, 0xb4, 0x1b, 0xd4, 0x1b, 0x00, 0x00, 0x00, 0x00, 0x00, 0x00, 0x00, 0x00,
  0x00, 0x00, 0x00, 0x00, 0x00, 0x00, 0x00, 0x00, 0x00, 0x00, 0x00, 0x00, 0x00, 0x00, 0x00, 0x00,
  0x00, 0x00, 0x00, 0x00, 0x00, 0x00, 0x00, 0x00, 0x00, 0x00, 0x00, 0x00, 0x00, 0x00, 0x00, 0x00,
  0x00, 0x00, 0x00, 0x00, 0x00, 0x00, 0x00, 0x00, 0x00, 0x00, 0x00, 0x00, 0x00, 0x00, 0x00, 0x00,
  0x00, 0x00, 0x00, 0x00, 0x00, 0x00, 0x00, 0x00, 0x00, 0x00, 0x00, 0x00, 0x00, 0x00, 0x00, 0x00,
  0x00, 0x00, 0x00, 0x00, 0x00, 0x00, 0x00, 0x00, 0x00, 0x00, 0x00, 0x00, 0x00, 0x00, 0x00, 0x00,
  0x00, 0x00, 0x00, 0x00, 0x00, 0x00, 0x00, 0x00, 0x00, 0x00, 0x00, 0x00, 0x00, 0x00, 0x00, 0x00,
  0x00, 0x00, 0x00, 0x00, 0x00, 0x00, 0x00, 0x00, 0x00, 0x00, 0x00, 0x00, 0x00, 0x00, 0x00, 0x00,
  0x00, 0x00, 0x00, 0x00, 0x00, 0x00, 0x00, 0x00, 0x00, 0x00, 0x00, 0x00, 0x00, 0x00, 0x00, 0x00,
  0x00, 0x00, 0x00, 0x00, 0x00, 0x00, 0x00, 0x00, 0x00, 0x00, 0x00, 0x00, 0x00, 0x00, 0x00, 0x00,
  0x00, 0x00, 0x00, 0x00, 0x00, 0x00, 0x00, 0x00, 0x00, 0x00, 0x00, 0x00, 0x00, 0x00, 0x00, 0x00,
  0x00, 0x00, 0x00, 0x00, 0x00, 0x00, 0x00, 0x00, 0x00, 0x00, 0x00, 0x00, 0x00, 0x00, 0x00, 0x00,
  0x00, 0x00, 0x00, 0x00, 0x00, 0x00, 0xff, 0x07, 0x00, 0x00, 0x00, 0x00, 0x00, 0x00, 0x00, 0x00,
  0x00, 0x00, 0x00, 0x00, 0x00, 0x00, 0x00, 0x00, 0x00, 0x00, 0x00, 0x00, 0x00, 0x00, 0x00, 0x00,
  0x00, 0x00, 0x00, 0x00, 0x00, 0x00, 0x00, 0x00, 0x00, 0x00, 0x00, 0x00, 0x00, 0x00, 0x00, 0x00,
  0x00, 0x00, 0x55, 0x05, 0xff, 0x07, 0x93, 0x1b, 0xef, 0x0a, 0x94, 0x03, 0xf5, 0x03, 0xf6, 0x03,
  0xd5, 0x03, 0x17, 0x04, 0xd9, 0x04, 0x1a, 0x05, 0x1d, 0x06, 0x9f, 0x47, 0xff, 0xbf, 0xff, 0xe7,
  0xff, 0xaf, 0x9e, 0x06, 0xdc, 0x0d, 0xf7, 0x03, 0x16, 0x04, 0x98, 0x0c, 0x16, 0x04, 0xb4, 0x03,
  0x00, 0x00, 0x00, 0x00, 0x00, 0x00, 0x00, 0x00, 0x00, 0x00, 0x00, 0x00, 0x00, 0x00, 0x00, 0x00,
  0x00, 0x00, 0x00, 0x00, 0x00, 0x00, 0x00, 0x00, 0x00, 0x00, 0x00, 0x00, 0x00, 0x00, 0x00, 0x00,
  0x00, 0x00, 0x00, 0x00, 0x00, 0x00, 0x00, 0x00, 0x00, 0x00, 0x00, 0x00, 0x00, 0x00, 0x00, 0x00,
  0x00, 0x00, 0x00, 0x00, 0x00, 0x00, 0x00, 0x00, 0x1f, 0x00, 0x00, 0x00, 0xb5, 0x52, 0x12, 0x2c,
  0x00, 0x00, 0x13, 0x34, 0x52, 0x1b, 0xb4, 0x13, 0xb4, 0x0b, 0xb5, 0x03, 0x78, 0x04, 0x38, 0x04,
  0x58, 0x04, 0x7e, 0x06, 0xff, 0x87, 0xff, 0xcf, 0xff, 0xcf, 0xff, 0xd7, 0xde, 0x4e, 0x7c, 0x05,
  0xdd, 0x0d, 0x38, 0x04, 0xf7, 0x03, 0x79, 0x04, 0xf6, 0x0b, 0x73, 0x0b, 0x52, 0x1b, 0x93, 0x1b,
  0xb4, 0x1b, 0x94, 0x1b, 0xb4, 0x1b, 0xd4, 0x23, 0x95, 0x1b, 0x00, 0x00, 0x00, 0x00, 0x00, 0x00,
  0x00, 0x00, 0x00, 0x00, 0x00, 0x00, 0x00, 0x00, 0x00, 0x00, 0x00, 0x00, 0x00, 0x00, 0x00, 0x00,
  0x00, 0x00, 0x00, 0x00, 0x00, 0x00, 0x00, 0x00, 0x00, 0x00, 0x00, 0x00, 0x00, 0x00, 0x00, 0x00,
  0x00, 0x00, 0x00, 0x00, 0x00, 0x00, 0x00, 0x00, 0x00, 0x00, 0x00, 0x00, 0x00, 0x00, 0x00, 0x00,
  0x00, 0x00, 0x00, 0x00, 0x00, 0x00, 0x00, 0x00, 0x00, 0x00, 0x00, 0x00, 0x00, 0x00, 0x00, 0x00,
  0x00, 0x00, 0x00, 0x00, 0x00, 0x00, 0x00, 0x00, 0x00, 0x00, 0x00, 0x00, 0x00, 0x00, 0x00, 0x00,
  0x00, 0x00, 0x00, 0x00, 0x00, 0x00, 0x00, 0x00, 0x00, 0x00, 0x00, 0x00, 0x00, 0x00, 0x00, 0x00,
  0x00, 0x00, 0x00, 0x00, 0x00, 0x00, 0x00, 0x00, 0x00, 0x00, 0x00, 0x00, 0x00, 0x00, 0x00, 0x00,
  0x00, 0x00, 0x00, 0x00, 0x00, 0x00, 0x00, 0x00, 0x00, 0x00, 0x00, 0x00, 0x00, 0x00, 0x00, 0x00,
  0x00, 0x00, 0x00, 0x00, 0x00, 0x00, 0x00, 0x00, 0x00, 0x00, 0x00, 0x00, 0x00, 0x00, 0x00, 0x00,
  0x00, 0x00, 0x00, 0x00, 0x00, 0x00, 0x00, 0x00, 0x00, 0x00, 0x00, 0x00, 0x00, 0x00, 0x00, 0x00,
  0x00, 0x00, 0x00, 0x00, 0x00, 0x00, 0x00, 0x00, 0x00, 0x00, 0x00, 0x00, 0x00, 0x00, 0x00, 0x00,
  0x00, 0x00, 0x00, 0x00, 0x00, 0x00, 0x00, 0x00, 0x00, 0x00, 0x00, 0x00, 0x00, 0x00, 0x00, 0x00,
  0x00, 0x00, 0x00, 0x00, 0x00, 0x00, 0x00, 0x00, 0x00, 0x00, 0x00, 0x00, 0x00, 0x00, 0x00, 0x00,
  0x00, 0x00, 0x00, 0x00, 0x00, 0x00, 0x00, 0x00, 0x00, 0x00, 0x00, 0x00, 0x00, 0x00, 0x00, 0x00,
  0x00, 0x00, 0x17, 0x44, 0x00, 0x00, 0x56, 0x24, 0xf0, 0x0a, 0x94, 0x03, 0x94, 0x03, 0xb5, 0x03,
  0xd5, 0x03, 0x74, 0x03, 0x17, 0x04, 0x3b, 0x05, 0xdc, 0x05, 0x9f, 0x37, 0xff, 0xb7, 0xff, 0xbf,
  0xff, 0xcf, 0x5f, 0x27, 0x9e, 0x0e, 0x98, 0x04, 0x37, 0x04, 0x77, 0x0c, 0x57, 0x0c, 0xb4, 0x03,
  0x00, 0x00, 0x00, 0x00, 0x00, 0x00, 0x00, 0x00, 0x00, 0x00, 0x00, 0x00, 0x00, 0x00, 0x00, 0x00,
  0x00, 0x00, 0x00, 0x00, 0x00, 0x00, 0x00, 0x00, 0x00, 0x00, 0x00, 0x00, 0x00, 0x00, 0x00, 0x00,
  0x00, 0x00, 0x00, 0x00, 0x00, 0x00, 0x00, 0x00, 0x00, 0x00, 0x00, 0x00, 0x00, 0x00, 0x00, 0x00,
  0x00, 0x00, 0x00, 0x00, 0x10, 0x84, 0x1f, 0x00, 0xb5, 0x52, 0x33, 0x33, 0x00, 0x00, 0x13, 0x44,
  0x12, 0x2c, 0xb3, 0x2b, 0x31, 0x13, 0xd4, 0x13, 0xf5, 0x13, 0x37, 0x04, 0x98, 0x04, 0x17, 0x04,
  0x79, 0x04, 0x9f, 0x16, 0xff, 0xa7, 0xff, 0xbf, 0xff, 0xcf, 0xff, 0xd7, 0x9e, 0x1e, 0xbd, 0x05,
  0x7b, 0x0d, 0x95, 0x03, 0x59, 0x04, 0x9a, 0x04, 0x95, 0x0b, 0x93, 0x13, 0x52, 0x1b, 0xb4, 0x1b,
  0xb4, 0x1b, 0x94, 0x1b, 0xb4, 0x1b, 0xb4, 0x23, 0xb4, 0x2b, 0x00, 0x00, 0x00, 0x00, 0x00, 0x00,
  0x00, 0x00, 0x00, 0x00, 0x00, 0x00, 0x00, 0x00, 0x00, 0x00, 0x00, 0x00, 0x00, 0x00, 0x00, 0x00,
  0x00, 0x00, 0x00, 0x00, 0x00, 0x00, 0x00, 0x00, 0x00, 0x00, 0x00, 0x00, 0x00, 0x00, 0x00, 0x00,
  0x00, 0x00, 0x00, 0x00, 0x00, 0x00, 0x00, 0x00, 0x00, 0x00, 0x00, 0x00, 0x00, 0x00, 0x00, 0x00,
  0x00, 0x00, 0x00, 0x00, 0x00, 0x00, 0x00, 0x00, 0x00, 0x00, 0x00, 0x00, 0x00, 0x00, 0x00, 0x00,
  0x00, 0x00, 0x00, 0x00, 0x00, 0x00, 0x00, 0x00, 0x00, 0x00, 0x00, 0x00, 0x00, 0x00, 0x00, 0x00,
  0x00, 0x00, 0x00, 0x00, 0x00, 0x00, 0x00, 0x00, 0x00, 0x00, 0x00, 0x00, 0x00, 0x00, 0x00, 0x00,
  0x00, 0x00, 0x00, 0x00, 0x00, 0x00, 0x00, 0x00, 0x00, 0x00, 0x00, 0x00, 0x00, 0x00, 0x00, 0x00,
  0x00, 0x00, 0x00, 0x00, 0x00, 0x00, 0x00, 0x00, 0x00, 0x00, 0x00, 0x00, 0x00, 0x00, 0x00, 0x00,
  0x00, 0x00, 0x00, 0x00, 0x00, 0x00, 0x00, 0x00, 0x00, 0x00, 0x00, 0x00, 0x00, 0x00, 0x00, 0x00,
  0x00, 0x00, 0x00, 0x00, 0x00, 0x00, 0x00, 0x00, 0x00, 0x00, 0x00, 0x00, 0x00, 0x00, 0x00, 0x00,
  0x00, 0x00, 0x00, 0x00, 0x00, 0x00, 0x00, 0x00, 0x00, 0x00, 0x00, 0x00, 0x00, 0x00, 0x00, 0x00,
  0x00, 0x00, 0x00, 0x00, 0x00, 0x00, 0x00, 0x00, 0x00, 0x00, 0x00, 0x00, 0x00, 0x00, 0x00, 0x00,
  0x00, 0x00, 0x00, 0x00, 0x00, 0x00, 0x00, 0x00, 0x00, 0x00, 0x00, 0x00, 0x00, 0x00, 0x00, 0x00,
  0x00, 0x00, 0x00, 0x00, 0x00, 0x00, 0x00, 0x00, 0x00, 0x00, 0x00, 0x00, 0x00, 0x00, 0x00, 0x00,
  0x00, 0x00, 0x00, 0x00, 0x10, 0x04, 0xd3, 0x34, 0x73, 0x1b, 0xd5, 0x13, 0x53, 0x03, 0x94, 0x03,
  0x15, 0x04, 0x52, 0x03, 0x37, 0x04, 0x9c, 0x05, 0x9c, 0x05, 0x5f, 0x2f, 0xff, 0xa7, 0xff, 0xbf,
  0xff, 0xbf, 0x9f, 0x47, 0xbf, 0x16, 0xdc, 0x0d, 0x37, 0x04, 0xf6, 0x03, 0x16, 0x04, 0xd5, 0x03,
  0x00, 0x00, 0x00, 0x00, 0x00, 0x00, 0x00, 0x00, 0x00, 0x00, 0x00, 0x00, 0x00, 0x00, 0x00, 0x00,
  0x00, 0x00, 0x00, 0x00, 0x00, 0x00, 0x00, 0x00, 0x00, 0x00, 0x00, 0x00, 0x00, 0x00, 0x00, 0x00,
  0x00, 0x00, 0x00, 0x00, 0x00, 0x00, 0x00, 0x00, 0x00, 0x00, 0x00, 0x00, 0x00, 0x00, 0x00, 0x00,
  0x00, 0x00, 0x00, 0x00, 0x00, 0x00, 0x10, 0x84, 0x10, 0x44, 0xb5, 0x52, 0x13, 0x34, 0xd3, 0x2b,
  0x93, 0x33, 0xb2, 0x23, 0x92, 0x13, 0x36, 0x14, 0x16, 0x0c, 0x16, 0x04, 0x78, 0x04, 0x58, 0x04,
  0x79, 0x04, 0xdf, 0x36, 0xff, 0xc7, 0xff, 0xc7, 0xff, 0xdf, 0xbf, 0xb7, 0x5d, 0x0e, 0x7b, 0x05,
  0xfb, 0x04, 0xb6, 0x03, 0x79, 0x0c, 0x59, 0x04, 0xb5, 0x0b, 0xb4, 0x13, 0x73, 0x1b, 0xb4, 0x1b,
  0x94, 0x1b, 0xb4, 0x23, 0xd4, 0x1b, 0x74, 0x23, 0x76, 0x23, 0x00, 0x00, 0x00, 0x00, 0x00, 0x00,
  0x00, 0x00, 0x00, 0x00, 0x00, 0x00, 0x00, 0x00, 0x00, 0x00, 0x00, 0x00, 0x00, 0x00, 0x00, 0x00,
  0x00, 0x00, 0x00, 0x00, 0x00, 0x00, 0x00, 0x00, 0x00, 0x00, 0x00, 0x00, 0x00, 0x00, 0x00, 0x00,
  0x00, 0x00, 0x00, 0x00, 0x00, 0x00, 0x00, 0x00, 0x00, 0x00, 0x00, 0x00, 0x00, 0x00, 0x00, 0x00,
  0x00, 0x00, 0x00, 0x00, 0x00, 0x00, 0x00, 0x00, 0x00, 0x00, 0x00, 0x00, 0x00, 0x00, 0x00, 0x00,
  0x00, 0x00, 0x00, 0x00, 0x00, 0x00, 0x00, 0x00, 0x00, 0x00, 0x00, 0x00, 0x00, 0x00, 0x00, 0x00,
  0x00, 0x00, 0x00, 0x00, 0x00, 0x00, 0x00, 0x00, 0x00, 0x00, 0x00, 0x00, 0x00, 0x00, 0x00, 0x00,
  0x00, 0x00, 0x00, 0x00, 0x00, 0x00, 0x00, 0x00, 0x00, 0x00, 0x00, 0x00, 0x00, 0x00, 0x00, 0x00,
  0x00, 0x00, 0x00, 0x00, 0x00, 0x00, 0x00, 0x00, 0x00, 0x00, 0x00, 0x00, 0x00, 0x00, 0x00, 0x00,
  0x00, 0x00, 0x00, 0x00, 0x00, 0x00, 0x00, 0x00, 0x00, 0x00, 0x00, 0x00, 0x00, 0x00, 0x00, 0x00,
  0x00, 0x00, 0x00, 0x00, 0x00, 0x00, 0x00, 0x00, 0x00, 0x00, 0x00, 0x00, 0x00, 0x00, 0x00, 0x00,
  0x00, 0x00, 0x00, 0x00, 0x00, 0x00, 0x00, 0x00, 0x00, 0x00, 0x00, 0x00, 0x00, 0x00, 0x00, 0x00,
  0x00, 0x00, 0x00, 0x00, 0x00, 0x00, 0x00, 0x00, 0x00, 0x00, 0x00, 0x00, 0x00, 0x00, 0x00, 0x00,
  0x00, 0x00, 0x00, 0x00, 0x00, 0x00, 0x00, 0x00, 0x00, 0x00, 0x00, 0x00, 0x00, 0x00, 0x00, 0x00,
  0x00, 0x00, 0x00, 0x00, 0x00, 0x00, 0x00, 0x00, 0x00, 0x00, 0x10, 0x04, 0x00, 0x00, 0x00, 0x00,
  0x00, 0x00, 0x00, 0x00, 0x10, 0x04, 0x00, 0x00, 0x75, 0x3c, 0x36, 0x1c, 0xf5, 0x0b, 0x53, 0x03,
  0xf6, 0x0b, 0xb5, 0x03, 0xf6, 0x03, 0x5b, 0x05, 0xbf, 0x06, 0x1e, 0x27, 0xff, 0x9f, 0xff, 0xdf,
  0xff, 0xc7, 0xdf, 0x77, 0xbf, 0x0e, 0xbe, 0x16, 0x78, 0x04, 0x58, 0x04, 0xb4, 0x03, 0x93, 0x03,
  0x00, 0x00, 0x00, 0x00, 0x00, 0x00, 0x00, 0x00, 0x00, 0x00, 0x00, 0x00, 0x00, 0x00, 0x00, 0x00,
  0x00, 0x00, 0x00, 0x00, 0x00, 0x00, 0x00, 0x00, 0x00, 0x00, 0x00, 0x00, 0x00, 0x00, 0x00, 0x00,
  0x00, 0x00, 0x00, 0x00, 0x00, 0x00, 0x00, 0x00, 0x00, 0x00, 0x00, 0x00, 0x00, 0x00, 0x00, 0x00,
  0x00, 0x00, 0x00, 0x00, 0x00, 0x00, 0x00, 0x00, 0x00, 0x00, 0x15, 0x2c, 0xb3, 0x3b, 0xb2, 0x2b,
  0x72, 0x23, 0xf0, 0x12, 0x93, 0x13, 0x57, 0x14, 0x16, 0x04, 0xb5, 0x03, 0xf7, 0x03, 0x99, 0x04,
  0xda, 0x04, 0x3f, 0x4f, 0xff, 0xdf, 0xff, 0xbf, 0xff, 0xaf, 0x3f, 0x77, 0x9c, 0x05, 0x5b, 0x05,
  0xb9, 0x04, 0xf7, 0x03, 0x58, 0x04, 0xf7, 0x03, 0x94, 0x03, 0xd4, 0x1b, 0xd4, 0x23, 0xf5, 0x23,
  0xb4, 0x23, 0xd5, 0x23, 0xd4, 0x23, 0x00, 0x00, 0x15, 0x2c, 0x00, 0x00, 0x00, 0x00, 0x00, 0x00,
  0x00, 0x00, 0x00, 0x00, 0x00, 0x00, 0x00, 0x00, 0x00, 0x00, 0x00, 0x00, 0x00, 0x00, 0x00, 0x00,
  0x00, 0x00, 0x00, 0x00, 0x00, 0x00, 0x00, 0x00, 0x00, 0x00, 0x00, 0x00, 0x00, 0x00, 0x00, 0x00,
  0x00, 0x00, 0x00, 0x00, 0x00, 0x00, 0x00, 0x00, 0x00, 0x00, 0x00, 0x00, 0x00, 0x00, 0x00, 0x00,
  0x00, 0x00, 0x00, 0x00, 0x00, 0x00, 0x00, 0x00, 0x00, 0x00, 0x00, 0x00, 0x00, 0x00, 0x00, 0x00,
  0x00, 0x00, 0x00, 0x00, 0x00, 0x00, 0x00, 0x00, 0x00, 0x00, 0x00, 0x00, 0x00, 0x00, 0x00, 0x00,
  0x00, 0x00, 0x00, 0x00, 0x00, 0x00, 0x00, 0x00, 0x00, 0x00, 0x00, 0x00, 0x00, 0x00, 0x00, 0x00,
  0x00, 0x00, 0x00, 0x00, 0x00, 0x00, 0x00, 0x00, 0x00, 0x00, 0x00, 0x00, 0x00, 0x00, 0x00, 0x00,
  0x00, 0x00, 0x00, 0x00, 0x00, 0x00, 0x00, 0x00, 0x00, 0x00, 0x00, 0x00, 0x00, 0x00, 0x00, 0x00,
  0x00, 0x00, 0x00, 0x00, 0x00, 0x00, 0x00, 0x00, 0x00, 0x00, 0x00, 0x00, 0x00, 0x00, 0x00, 0x00,
  0x00, 0x00, 0x00, 0x00, 0x00, 0x00, 0x00, 0x00, 0x00, 0x00, 0x00, 0x00, 0x00, 0x00, 0x00, 0x00,
  0x00, 0x00, 0x00, 0x00, 0x00, 0x00, 0x00, 0x00, 0x00, 0x00, 0x00, 0x00, 0x00, 0x00, 0x00, 0x00,
  0x00, 0x00, 0x00, 0x00, 0x00, 0x00, 0x00, 0x00, 0x00, 0x00, 0x00, 0x00, 0x00, 0x00, 0x00, 0x00,
  0x00, 0x00, 0x00, 0x00, 0x00, 0x00, 0x00, 0x00, 0x00, 0x00, 0x00, 0x00, 0x00, 0x00, 0x00, 0x00,
  0x00, 0x00, 0x00, 0x00, 0x00, 0x00, 0x00, 0x00, 0x00, 0x00, 0x00, 0x00, 0x00, 0x00, 0x00, 0x00,
  0x00, 0x00, 0x00, 0x00, 0x00, 0x00, 0x00, 0x00, 0x55, 0x55, 0xf4, 0x1b, 0x94, 0x0b, 0x73, 0x03,
  0x53, 0x03, 0x74, 0x03, 0x95, 0x03, 0x78, 0x04, 0x1d, 0x06, 0x7e, 0x3f, 0xff, 0x9f, 0xff, 0xd7,
  0xff, 0xb7, 0xff, 0x9f, 0xfd, 0x05, 0x5e, 0x06, 0x7b, 0x0d, 0x99, 0x04, 0xf5, 0x03, 0xd5, 0x03,
  0x00, 0x00, 0x00, 0x00, 0x00, 0x00, 0x00, 0x00, 0x00, 0x00, 0x00, 0x00, 0x00, 0x00, 0x00, 0x00,
  0x00, 0x00, 0x00, 0x00, 0x00, 0x00, 0x00, 0x00, 0x00, 0x00, 0x00, 0x00, 0x00, 0x00, 0x00, 0x00,
  0x00, 0x00, 0x00, 0x00, 0x00, 0x00, 0x00, 0x00, 0x00, 0x00, 0x00, 0x00, 0x00, 0x00, 0x00, 0x00,
  0x00, 0x00, 0x00, 0x00, 0x00, 0x00, 0x00, 0x00, 0x10, 0x84, 0x91, 0x3b, 0x13, 0x3c, 0xf4, 0x33,
  0x72, 0x23, 0x31, 0x13, 0x93, 0x0b, 0xb4, 0x0b, 0xd5, 0x0b, 0xb5, 0x03, 0xd6, 0x03, 0x59, 0x04,
  0x7b, 0x05, 0xbf, 0x6f, 0xff, 0xc7, 0xff, 0x97, 0xbf, 0x87, 0xbe, 0x3e, 0x3b, 0x05, 0x3b, 0x05,
  0x78, 0x04, 0x18, 0x04, 0x17, 0x0c, 0x95, 0x0b, 0x94, 0x0b, 0xd4, 0x1b, 0x14, 0x24, 0xd4, 0x23,
  0xf4, 0x1b, 0xd4, 0x2b, 0xd4, 0x23, 0x16, 0x1c, 0x00, 0x00, 0x00, 0x00, 0x00, 0x00, 0x00, 0x00,
  0x00, 0x00, 0x00, 0x00, 0x00, 0x00, 0x00, 0x00, 0x00, 0x00, 0x00, 0x00, 0x00, 0x00, 0x00, 0x00,
  0x00, 0x00, 0x00, 0x00, 0x00, 0x00, 0x00, 0x00, 0x00, 0x00, 0x00, 0x00, 0x00, 0x00, 0x00, 0x00,
  0x00, 0x00, 0x00, 0x00, 0x00, 0x00, 0x00, 0x00, 0x00, 0x00, 0x00, 0x00, 0x00, 0x00, 0x00, 0x00,
  0x00, 0x00, 0x00, 0x00, 0x00, 0x00, 0x00, 0x00, 0x00, 0x00, 0x00, 0x00, 0x00, 0x00, 0x00, 0x00,
  0x00, 0x00, 0x00, 0x00, 0x00, 0x00, 0x00, 0x00, 0x00, 0x00, 0x00, 0x00, 0x00, 0x00, 0x00, 0x00,
  0x00, 0x00, 0x00, 0x00, 0x00, 0x00, 0x00, 0x00, 0x00, 0x00, 0x00, 0x00, 0x00, 0x00, 0x00, 0x00,
  0x00, 0x00, 0x00, 0x00, 0x00, 0x00, 0x00, 0x00, 0x00, 0x00, 0x00, 0x00, 0x00, 0x00, 0x00, 0x00,
  0x00, 0x00, 0x00, 0x00, 0x00, 0x00, 0x00, 0x00, 0x00, 0x00, 0x00, 0x00, 0x00, 0x00, 0x00, 0x00,
  0x00, 0x00, 0x00, 0x00, 0x00, 0x00, 0x00, 0x00, 0x00, 0x00, 0x00, 0x00, 0x00, 0x00, 0x00, 0x00,
  0x00, 0x00, 0x00, 0x00, 0x00, 0x00, 0x00, 0x00, 0x00, 0x00, 0x00, 0x00, 0x00, 0x00, 0x00, 0x00,
  0x00, 0x00, 0x00, 0x00, 0x00, 0x00, 0x00, 0x00, 0x00, 0x00, 0x00, 0x00, 0x00, 0x00, 0x00, 0x00,
  0x00, 0x00, 0x00, 0x00, 0x00, 0x00, 0x00, 0x00, 0x00, 0x00, 0x00, 0x00, 0x00, 0x00, 0x00, 0x00,
  0x00, 0x00, 0x00, 0x00, 0x00, 0x00, 0x00, 0x00, 0x00, 0x00, 0x00, 0x00, 0x00, 0x00, 0x00, 0x00,
  0x00, 0x00, 0x00, 0x00, 0x00, 0x00, 0x00, 0x00, 0x00, 0x00, 0x00, 0x00, 0x00, 0x00, 0x00, 0x00,
  0x00, 0x00, 0x00, 0x00, 0x00, 0x00, 0x00, 0x00, 0x17, 0x44, 0xd4, 0x1b, 0x73, 0x0b, 0xb4, 0x0b,
  0x73, 0x03, 0x53, 0x03, 0xb5, 0x03, 0xd6, 0x03, 0x9b, 0x05, 0x1f, 0x1f, 0xff, 0x8f, 0xff, 0xcf,
  0xff, 0xbf, 0xff, 0xcf, 0xbe, 0x16, 0x1d, 0x06, 0xdb, 0x0d, 0xf9, 0x04, 0x16, 0x04, 0x94, 0x03,
  0x00, 0x00, 0x00, 0x00, 0x00, 0x00, 0x00, 0x00, 0x00, 0x00, 0x00, 0x00, 0x00, 0x00, 0x00, 0x00,
  0x00, 0x00, 0x00, 0x00, 0x00, 0x00, 0x00, 0x00, 0x00, 0x00, 0x00, 0x00, 0x00, 0x00, 0x00, 0x00,
  0x00, 0x00, 0x00, 0x00, 0x00, 0x00, 0x00, 0x00, 0x00, 0x00, 0xb5, 0x52, 0x00, 0x00, 0x00, 0x00,
  0x00, 0x00, 0x00, 0x00, 0x00, 0x00, 0x00, 0x00, 0x00, 0x00, 0xd3, 0x33, 0xf3, 0x2b, 0x92, 0x2b,
  0x31, 0x1b, 0x73, 0x1b, 0x53, 0x0b, 0xd5, 0x13, 0xb8, 0x0c, 0x99, 0x04, 0x1a, 0x0d, 0x1a, 0x05,
  0xbd, 0x2e, 0xff, 0xaf, 0xff, 0xb7, 0xdf, 0xbf, 0x1f, 0x57, 0xbe, 0x0d, 0x3c, 0x05, 0xfb, 0x04,
  0x37, 0x04, 0xd6, 0x03, 0xd6, 0x03, 0x17, 0x0c, 0x16, 0x1c, 0x16, 0x24, 0x16, 0x24, 0x56, 0x24,
  0x10, 0x04, 0x96, 0x24, 0x00, 0x00, 0x55, 0x55, 0x00, 0x00, 0x00, 0x00, 0x00, 0x00, 0x00, 0x00,
  0x00, 0x00, 0x00, 0x00, 0x00, 0x00, 0x00, 0x00, 0x00, 0x00, 0x00, 0x00, 0x00, 0x00, 0x00, 0x00,
  0x55, 0x55, 0x00, 0x00, 0x00, 0x00, 0x00, 0x00, 0x34, 0x2c, 0xb1, 0x23, 0x33, 0x33, 0x00, 0x00,
  0x00, 0x00, 0x00, 0x00, 0x00, 0x00, 0x00, 0x00, 0x00, 0x00, 0x00, 0x00, 0x00, 0x00, 0x00, 0x00,
  0x00, 0x00, 0x00, 0x00, 0x00, 0x00, 0x00, 0x00, 0x13, 0x44, 0xb4, 0x2b, 0x00, 0x00, 0x00, 0x00,
  0x00, 0x00, 0x10, 0x04, 0x00, 0x00, 0x00, 0x00, 0xd3, 0x34, 0x55, 0x24, 0x00, 0x00, 0x00, 0x00,
  0x00, 0x00, 0x00, 0x00, 0xff, 0x07, 0x55, 0x55, 0x00, 0x00, 0x00, 0x00, 0x00, 0x00, 0x00, 0x00,
  0x00, 0x00, 0x00, 0x00, 0x00, 0x00, 0x00, 0x00, 0x17, 0x44, 0x13, 0x24, 0xd3, 0x34, 0x15, 0x2c,
  0xff, 0x07, 0x00, 0x00, 0x00, 0x00, 0x10, 0x04, 0x00, 0x00, 0x00, 0x00, 0xff, 0x07, 0x00, 0x00,
  0x00, 0x00, 0x00, 0x00, 0x00, 0x00, 0x00, 0x00, 0x00, 0x00, 0xff, 0x07, 0xff, 0x07, 0x00, 0x00,
  0x00, 0x00, 0x00, 0x00, 0x00, 0x00, 0x00, 0x00, 0x34, 0x3c, 0x34, 0x2c, 0x17, 0x44, 0x00, 0x00,
  0x00, 0x00, 0x00, 0x00, 0x00, 0x00, 0xff, 0x07, 0x00, 0x00, 0xff, 0x07, 0x00, 0x00, 0x10, 0x84,
  0x00, 0x00, 0x00, 0x00, 0x00, 0x00, 0xff, 0x07, 0x00, 0x00, 0xd3, 0x34, 0x15, 0x2c, 0x17, 0x44,
  0x15, 0x2c, 0x14, 0x34, 0x13, 0x3c, 0xb2, 0x33, 0x92, 0x2b, 0x72, 0x23, 0x10, 0x04, 0x00, 0x00,
  0x00, 0x00, 0x00, 0x00, 0x00, 0x00, 0x00, 0x00, 0x00, 0x00, 0x00, 0x00, 0x00, 0x00, 0x00, 0x00,
  0x00, 0x00, 0x00, 0x00, 0x00, 0x00, 0x00, 0x00, 0xff, 0x07, 0xb6, 0x23, 0x53, 0x0b, 0x16, 0x0c,
  0x37, 0x04, 0xd5, 0x03, 0x58, 0x04, 0x38, 0x04, 0x1d, 0x16, 0x1f, 0x3f, 0xff, 0xb7, 0xff, 0xe7,
  0xff, 0xe7, 0xff, 0xe7, 0x9f, 0x5f, 0xdf, 0x16, 0xdc, 0x0d, 0x37, 0x04, 0x15, 0x04, 0xf5, 0x03,
  0x00, 0x00, 0x00, 0x00, 0x00, 0x00, 0x00, 0x00, 0x00, 0x00, 0x00, 0x00, 0x00, 0x00, 0x00, 0x00,
  0x00, 0x00, 0x00, 0x00, 0x00, 0x00, 0x00, 0x00, 0x00, 0x00, 0x00, 0x00, 0x00, 0x00, 0x00, 0x00,
  0x00, 0x00, 0x00, 0x00, 0x00, 0x00, 0x00, 0x00, 0x00, 0x00, 0x00, 0x00, 0x00, 0x00, 0x00, 0x00,
  0x00, 0x00, 0x00, 0x00, 0xb5, 0x52, 0x10, 0x44, 0x11, 0x44, 0xb2, 0x2b, 0xd4, 0x33, 0xf3, 0x2b,
  0xb4, 0x23, 0xb3, 0x1b, 0x53, 0x0b, 0x38, 0x0c, 0xda, 0x0c, 0x3d, 0x16, 0x1c, 0x1e, 0x7b, 0x0d,
  0x1f, 0x3f, 0xff, 0x9f, 0xff, 0xaf, 0xdf, 0xb7, 0x9f, 0x26, 0x3b, 0x05, 0x9a, 0x04, 0x58, 0x04,
  0xf7, 0x03, 0xd6, 0x03, 0xf6, 0x03, 0x38, 0x14, 0xf5, 0x1b, 0x15, 0x2c, 0xd3, 0x34, 0x17, 0x24,
  0x56, 0x24, 0x36, 0x34, 0x17, 0x44, 0x00, 0x00, 0x00, 0x00, 0x00, 0x00, 0x00, 0x00, 0x00, 0x00,
  0x00, 0x00, 0x00, 0x00, 0x00, 0x00, 0x00, 0x00, 0x00, 0x00, 0x17, 0x44, 0x00, 0x00, 0x00, 0x00,
  0x00, 0x00, 0x00, 0x00, 0xb3, 0x23, 0xb3, 0x1b, 0x12, 0x24, 0xd6, 0x54, 0x54, 0x4c, 0x33, 0x4c,
  0x13, 0x44, 0xd3, 0x33, 0x92, 0x2b, 0xb2, 0x23, 0x72, 0x23, 0x00, 0x00, 0x00, 0x00, 0x00, 0x00,
  0x00, 0x00, 0x00, 0x00, 0x00, 0x00, 0x00, 0x00, 0x34, 0x3c, 0x91, 0x23, 0x51, 0x23, 0xb2, 0x2b,
  0xb2, 0x2b, 0xd3, 0x33, 0xd3, 0x33, 0x14, 0x34, 0x72, 0x23, 0x13, 0x3c, 0x92, 0x23, 0x92, 0x23,
  0x00, 0x00, 0x00, 0x00, 0x00, 0x00, 0x00, 0x00, 0x00, 0x00, 0x00, 0x00, 0x00, 0x00, 0x00, 0x00,
  0x00, 0x00, 0x10, 0x84, 0x95, 0x4c, 0x13, 0x3c, 0x93, 0x23, 0x50, 0x2b, 0x10, 0x23, 0xd0, 0x1a,
  0xf0, 0x12, 0xf0, 0x12, 0x10, 0x13, 0xf0, 0x0a, 0x71, 0x1b, 0x54, 0x4c, 0xf3, 0x3b, 0xf4, 0x2b,
  0x00, 0x00, 0x00, 0x00, 0x00, 0x00, 0x00, 0x00, 0x00, 0x00, 0x00, 0x00, 0x00, 0x00, 0xff, 0x07,
  0x00, 0x00, 0x00, 0x00, 0x34, 0x3c, 0xb3, 0x33, 0x50, 0x23, 0x34, 0x44, 0x34, 0x44, 0x13, 0x44,
  0x10, 0x84, 0xff, 0x07, 0x00, 0x00, 0x00, 0x00, 0x00, 0x00, 0x10, 0x84, 0x15, 0x54, 0x17, 0x44,
  0x35, 0x44, 0xb3, 0x2b, 0x10, 0x0b, 0xf0, 0x0a, 0xf0, 0x0a, 0x31, 0x23, 0x11, 0x1b, 0xf0, 0x12,
  0xaf, 0x0a, 0x8f, 0x02, 0xcf, 0x02, 0xf0, 0x02, 0xd0, 0x0a, 0x91, 0x23, 0x50, 0x23, 0x30, 0x23,
  0xb2, 0x23, 0xb5, 0x02, 0x00, 0x00, 0x00, 0x00, 0x00, 0x00, 0x00, 0x00, 0x00, 0x00, 0x00, 0x00,
  0x00, 0x00, 0x00, 0x00, 0x00, 0x00, 0x00, 0x00, 0x10, 0x04, 0x95, 0x1b, 0x52, 0x13, 0xb4, 0x0b,
  0x98, 0x0c, 0x98, 0x0c, 0x99, 0x04, 0x37, 0x04, 0xf9, 0x0c, 0x5d, 0x1e, 0xdf, 0x87, 0xff, 0xd7,
  0xff, 0xd7, 0xff, 0xe7, 0xbf, 0x6f, 0x3e, 0x06, 0xbc, 0x05, 0x98, 0x04, 0x94, 0x03, 0x94, 0x03,
  0x00, 0x00, 0x00, 0x00, 0x00, 0x00, 0x00, 0x00, 0x00, 0x00, 0x00, 0x00, 0x00, 0x00, 0x00, 0x00,
  0x00, 0x00, 0x00, 0x00, 0x00, 0x00, 0x00, 0x00, 0x00, 0x00, 0x00, 0x00, 0x00, 0x00, 0x00, 0x00,
  0x00, 0x00, 0x00, 0x00, 0x00, 0x00, 0x00, 0x00, 0x00, 0x00, 0x00, 0x00, 0x00, 0x00, 0x00, 0x00,
  0x00, 0x00, 0x1f, 0x00, 0xb2, 0x43, 0x91, 0x3b, 0x91, 0x3b, 0xd3, 0x2b, 0xd3, 0x33, 0x72, 0x23,
  0x73, 0x1b, 0x12, 0x13, 0x53, 0x0b, 0xf6, 0x0b, 0x99, 0x04, 0x3a, 0x05, 0x16, 0x04, 0xb8, 0x04,
  0x1f, 0x4f, 0xff, 0x9f, 0xff, 0xaf, 0xff, 0xbf, 0xdf, 0x16, 0x79, 0x04, 0x59, 0x04, 0x37, 0x04,
  0xd6, 0x03, 0xd6, 0x03, 0x37, 0x04, 0x17, 0x0c, 0x16, 0x1c, 0x35, 0x2c, 0x17, 0x24, 0x16, 0x34,
  0x16, 0x34, 0x57, 0x2c, 0xff, 0x07, 0x00, 0x00, 0x00, 0x00, 0x00, 0x00, 0x00, 0x00, 0x00, 0x00,
  0x00, 0x00, 0x00, 0x00, 0x00, 0x00, 0x00, 0x00, 0x00, 0x00, 0x00, 0x00, 0x55, 0x55, 0x00, 0x00,
  0x15, 0x2c, 0xf1, 0x0a, 0x17, 0x65, 0x7e, 0xdf, 0xdf, 0xf7, 0xff, 0xff, 0xff, 0xff, 0xff, 0xff,
  0xff, 0xff, 0xff, 0xf7, 0x5d, 0xd7, 0x5a, 0xae, 0xd6, 0x5c, 0x31, 0x1b, 0xf3, 0x2b, 0x00, 0x00,
  0x00, 0x00, 0xff, 0x07, 0x00, 0x00, 0x00, 0x00, 0xf4, 0x3b, 0xdf, 0xf7, 0xff, 0xff, 0xdf, 0xf7,
  0xdf, 0xf7, 0xdf, 0xff, 0xdf, 0xf7, 0xff, 0xf7, 0xdf, 0xf7, 0xbf, 0xef, 0x7e, 0xe7, 0x3a, 0x96,
  0xd3, 0x33, 0x13, 0x24, 0x00, 0x00, 0x96, 0x4c, 0x00, 0x00, 0x00, 0x00, 0x00, 0x00, 0x00, 0x00,
  0x00, 0x00, 0x17, 0x44, 0x39, 0x96, 0xde, 0xff, 0xfe, 0xff, 0xdf, 0xff, 0xff, 0xff, 0xff, 0xff,
  0xff, 0xff, 0xff, 0xff, 0xdf, 0xf7, 0xde, 0xf7, 0xde, 0xef, 0xdf, 0xf7, 0xfc, 0xce, 0x14, 0x34,
  0x00, 0x00, 0x00, 0x00, 0x00, 0x00, 0x00, 0x00, 0x00, 0x00, 0x00, 0x00, 0x00, 0x00, 0x00, 0x00,
  0x00, 0x00, 0x00, 0x00, 0x75, 0x4c, 0x9e, 0xe7, 0xdf, 0xf7, 0xdf, 0xff, 0xdf, 0xf7, 0x13, 0x44,
  0x00, 0x00, 0x00, 0x00, 0x00, 0x00, 0x00, 0x00, 0x00, 0x00, 0x00, 0x00, 0xf7, 0x64, 0x00, 0x00,
  0x14, 0x3c, 0xbf, 0xf7, 0xbe, 0xf7, 0xbe, 0xe7, 0xde, 0xf7, 0xbf, 0xef, 0xdf, 0xef, 0xff, 0xf7,
  0xff, 0xf7, 0xdf, 0xf7, 0xdf, 0xef, 0xbf, 0xef, 0xdf, 0xf7, 0x9e, 0xdf, 0x9d, 0xdf, 0xdf, 0xef,
  0x3a, 0x8e, 0x93, 0x23, 0x17, 0x44, 0x96, 0x4c, 0x00, 0x00, 0x00, 0x00, 0x00, 0x00, 0x00, 0x00,
  0x00, 0x00, 0x00, 0x00, 0x00, 0x00, 0x00, 0x00, 0x00, 0x00, 0x95, 0x1b, 0xb4, 0x1b, 0x53, 0x0b,
  0x37, 0x14, 0x37, 0x0c, 0x58, 0x04, 0x37, 0x0c, 0x37, 0x04, 0x7b, 0x0d, 0xbf, 0x77, 0xff, 0xe7,
  0xff, 0xd7, 0xff, 0xe7, 0x9f, 0x77, 0xfc, 0x05, 0xbc, 0x0d, 0x19, 0x05, 0xb4, 0x03, 0x94, 0x03,
  0x00, 0x00, 0x00, 0x00, 0x00, 0x00, 0x00, 0x00, 0x00, 0x00, 0x00, 0x00, 0x00, 0x00, 0x00, 0x00,
  0x00, 0x00, 0x00, 0x00, 0x00, 0x00, 0x00, 0x00, 0x00, 0x00, 0x00, 0x00, 0x00, 0x00, 0x00, 0x00,
  0x00, 0x00, 0x00, 0x00, 0x00, 0x00, 0x00, 0x00, 0x00, 0x00, 0x1f, 0x00, 0x00, 0x00, 0x00, 0x00,
  0x00, 0x00, 0x00, 0x00, 0xd1, 0x43, 0xb1, 0x3b, 0xd3, 0x3b, 0xd3, 0x2b, 0xb4, 0x33, 0x92, 0x1b,
  0x52, 0x13, 0xd1, 0x0a, 0x94, 0x0b, 0x99, 0x0c, 0xfa, 0x0c, 0x58, 0x04, 0xb9, 0x04, 0x9b, 0x05,
  0xbf, 0x7f, 0xff, 0xbf, 0xff, 0xaf, 0xff, 0xbf, 0xbf, 0x1e, 0x9a, 0x04, 0x39, 0x04, 0x17, 0x04,
  0xd6, 0x03, 0xf6, 0x03, 0x58, 0x0c, 0x16, 0x14, 0x16, 0x1c, 0x15, 0x2c, 0x15, 0x2c, 0x15, 0x2c,
  0x35, 0x34, 0x57, 0x34, 0x00, 0x00, 0x00, 0x00, 0xff, 0x07, 0x00, 0x00, 0x00, 0x00, 0x00, 0x00,
  0x00, 0x00, 0x00, 0x00, 0x00, 0x00, 0x00, 0x00, 0x00, 0x00, 0x00, 0x00, 0x00, 0x00, 0xb4, 0x13,
  0xf2, 0x1b, 0x7e, 0xd7, 0xdf, 0xff, 0xff, 0xff, 0xff, 0xff, 0xbe, 0xe7, 0xbe, 0xef, 0xdf, 0xef,
  0xdf, 0xf7, 0xff, 0xff, 0xdf, 0xff, 0xff, 0xff, 0xdf, 0xf7, 0xbe, 0xf7, 0x56, 0x7d, 0x56, 0x3c,
  0x00, 0x00, 0x00, 0x00, 0x00, 0x00, 0x00, 0x00, 0xb3, 0x33, 0xdf, 0xf7, 0xdf, 0xff, 0xbe, 0xf7,
  0xdf, 0xf7, 0xdf, 0xef, 0xbe, 0xe7, 0xdf, 0xe7, 0xdf, 0xef, 0xdf, 0xff, 0xff, 0xff, 0xff, 0xff,
  0xdf, 0xef, 0xb4, 0x5c, 0x15, 0x2c, 0x00, 0x00, 0x10, 0x84, 0x00, 0x00, 0x00, 0x00, 0x00, 0x00,
  0x00, 0x00, 0x00, 0x00, 0x33, 0x44, 0xff, 0xff, 0xfe, 0xff, 0xff, 0xef, 0xdf, 0xff, 0xff, 0xff,
  0xff, 0xff, 0xff, 0xff, 0xff, 0xff, 0xff, 0xff, 0xff, 0xff, 0xff, 0xff, 0xff, 0xff, 0x95, 0x4c,
  0xd3, 0x34, 0x00, 0x00, 0xff, 0x07, 0x00, 0x00, 0x00, 0x00, 0x00, 0x00, 0xff, 0x07, 0x00, 0x00,
  0x00, 0x00, 0x33, 0x33, 0xd4, 0x64, 0xff, 0xff, 0xff, 0xff, 0xff, 0xff, 0xdf, 0xf7, 0x94, 0x5c,
  0x00, 0x00, 0x00, 0x00, 0x00, 0x00, 0x00, 0x00, 0x00, 0x00, 0x96, 0x4c, 0x55, 0x55, 0x17, 0x44,
  0x31, 0x13, 0xbd, 0xf7, 0xfe, 0xff, 0xfe, 0xff, 0xde, 0xff, 0xff, 0xf7, 0xde, 0xef, 0xdf, 0xef,
  0xff, 0xf7, 0xff, 0xf7, 0xff, 0xf7, 0xff, 0xff, 0xff, 0xf7, 0xff, 0xff, 0xff, 0xff, 0xff, 0xff,
  0x3d, 0xc7, 0x72, 0x23, 0x00, 0x00, 0x00, 0x00, 0x00, 0x00, 0x00, 0x00, 0x00, 0x00, 0x00, 0x00,
  0x00, 0x00, 0x00, 0x00, 0x00, 0x00, 0x00, 0x00, 0x00, 0x00, 0xb4, 0x2b, 0x14, 0x24, 0xf2, 0x0a,
  0x73, 0x0b, 0x94, 0x03, 0x37, 0x04, 0x77, 0x04, 0x74, 0x03, 0xd9, 0x04, 0x3e, 0x4f, 0xff, 0xbf,
  0xff, 0xbf, 0xff, 0xbf, 0xbf, 0x6f, 0x9d, 0x0e, 0x3d, 0x0e, 0x98, 0x04, 0x37, 0x04, 0xb9, 0x0c,
  0x00, 0x00, 0x00, 0x00, 0x00, 0x00, 0x00, 0x00, 0x00, 0x00, 0x00, 0x00, 0x00, 0x00, 0x00, 0x00,
  0x00, 0x00, 0x00, 0x00, 0x00, 0x00, 0x00, 0x00, 0x00, 0x00, 0x00, 0x00, 0x00, 0x00, 0x00, 0x00,
  0x00, 0x00, 0x00, 0x00, 0x00, 0x00, 0x00, 0x00, 0x00, 0x00, 0x00, 0x00, 0x1f, 0x00, 0x00, 0x00,
  0x00, 0x00, 0xb5, 0x52, 0xb1, 0x43, 0xd2, 0x3b, 0xd3, 0x3b, 0xd2, 0x33, 0xf4, 0x33, 0x52, 0x1b,
  0x52, 0x13, 0x33, 0x0b, 0x37, 0x0c, 0x1b, 0x15, 0xfa, 0x14, 0x17, 0x04, 0x7b, 0x05, 0xde, 0x1e,
  0xff, 0xa7, 0xff, 0xc7, 0xff, 0xa7, 0xff, 0xaf, 0xbf, 0x1e, 0xba, 0x04, 0x18, 0x04, 0xd6, 0x03,
  0xb6, 0x03, 0xf6, 0x03, 0x17, 0x0c, 0x37, 0x1c, 0xf5, 0x23, 0x36, 0x2c, 0x35, 0x2c, 0x36, 0x2c,
  0x56, 0x2c, 0x15, 0x2c, 0x00, 0x00, 0x00, 0x00, 0x00, 0x00, 0x00, 0x00, 0x00, 0x00, 0x00, 0x00,
  0x00, 0x00, 0x00, 0x00, 0x00, 0x00, 0x00, 0x00, 0x00, 0x00, 0x00, 0x00, 0x93, 0x2b, 0x33, 0x54,
  0x9f, 0xe7, 0xdf, 0xff, 0xff, 0xff, 0x19, 0x9e, 0x51, 0x1b, 0x33, 0x34, 0xb2, 0x23, 0x71, 0x23,
  0xf3, 0x33, 0x78, 0x75, 0xdf, 0xe7, 0xfe, 0xff, 0xff, 0xff, 0xff, 0xff, 0x7d, 0xe7, 0x53, 0x24,
  0xff, 0x07, 0x55, 0x55, 0xd6, 0x4c, 0x00, 0x00, 0xb3, 0x33, 0xdf, 0xf7, 0xde, 0xf7, 0xbf, 0xef,
  0x57, 0x7d, 0x33, 0x4c, 0x54, 0x44, 0x14, 0x34, 0x34, 0x3c, 0xf9, 0x95, 0xdf, 0xef, 0xdf, 0xf7,
  0xff, 0xf7, 0xdf, 0xf7, 0x94, 0x54, 0x00, 0x00, 0x00, 0x00, 0x00, 0x00, 0x00, 0x00, 0x00, 0x00,
  0x00, 0x00, 0x10, 0x04, 0x54, 0x3c, 0xff, 0xff, 0xdf, 0xef, 0xfc, 0xc6, 0x94, 0x54, 0x19, 0x8e,
  0x5a, 0x9e, 0x7b, 0xb6, 0x9a, 0xb6, 0x5a, 0xae, 0x19, 0x9e, 0xdb, 0xc6, 0xbb, 0xb6, 0x34, 0x3c,
  0x55, 0x55, 0x00, 0x00, 0x10, 0x84, 0x00, 0x00, 0xff, 0x07, 0x00, 0x00, 0x00, 0x00, 0x00, 0x00,
  0x00, 0x00, 0xae, 0x0a, 0xbe, 0xef, 0xde, 0xff, 0xdf, 0xf7, 0xbe, 0xe7, 0xff, 0xff, 0xd8, 0xa5,
  0xb2, 0x23, 0x00, 0x00, 0x17, 0x44, 0x00, 0x00, 0x00, 0x00, 0x00, 0x00, 0x00, 0x00, 0x00, 0x00,
  0x92, 0x23, 0xbb, 0xce, 0xbe, 0xe7, 0xfb, 0xce, 0x9a, 0xb6, 0x9b, 0xc6, 0x3c, 0xcf, 0xff, 0xf7,
  0xdf, 0xef, 0x9d, 0xe7, 0x1c, 0xb7, 0x9a, 0xbe, 0x97, 0x8d, 0x57, 0x7d, 0x97, 0x8d, 0x9b, 0xc6,
  0x16, 0x75, 0xd3, 0x33, 0x00, 0x00, 0x00, 0x00, 0x00, 0x00, 0x00, 0x00, 0x00, 0x00, 0x00, 0x00,
  0x00, 0x00, 0x00, 0x00, 0x00, 0x00, 0x00, 0x00, 0x00, 0x00, 0x16, 0x34, 0xb6, 0x23, 0xf1, 0x12,
  0xd0, 0x02, 0x32, 0x03, 0xb5, 0x03, 0xf6, 0x03, 0x53, 0x03, 0x99, 0x04, 0xbd, 0x2e, 0xff, 0xaf,
  0xff, 0x9f, 0xff, 0xaf, 0xbf, 0x8f, 0xfe, 0x1e, 0x3d, 0x0e, 0x1a, 0x05, 0xf9, 0x0c, 0x3a, 0x0d,
  0x00, 0x00, 0x00, 0x00, 0x00, 0x00, 0x00, 0x00, 0x00, 0x00, 0x00, 0x00, 0x00, 0x00, 0x00, 0x00,
  0x00, 0x00, 0x00, 0x00, 0x00, 0x00, 0x00, 0x00, 0x00, 0x00, 0x00, 0x00, 0x00, 0x00, 0x00, 0x00,
  0x00, 0x00, 0x00, 0x00, 0x00, 0x00, 0x00, 0x00, 0x00, 0x00, 0x00, 0x00, 0x00, 0x00, 0x00, 0x00,
  0x1f, 0x00, 0x00, 0x00, 0x00, 0x00, 0xb3, 0x43, 0x92, 0x2b, 0x12, 0x2c, 0x15, 0x2c, 0x52, 0x13,
  0xb4, 0x13, 0xf6, 0x0b, 0x37, 0x0c, 0x58, 0x0c, 0x1a, 0x15, 0x38, 0x04, 0x78, 0x04, 0x1e, 0x3f,
  0xff, 0xb7, 0xff, 0xbf, 0xdf, 0x97, 0xff, 0xaf, 0x3d, 0x16, 0xba, 0x04, 0x38, 0x04, 0xb6, 0x03,
  0xb5, 0x03, 0xf6, 0x03, 0xb5, 0x0b, 0xd5, 0x13, 0x16, 0x1c, 0x36, 0x2c, 0x35, 0x2c, 0x15, 0x2c,
  0x35, 0x2c, 0x00, 0x00, 0x55, 0x55, 0xff, 0x07, 0x00, 0x00, 0x00, 0x00, 0x00, 0x00, 0x00, 0x00,
  0x00, 0x00, 0x00, 0x00, 0x00, 0x00, 0x00, 0x00, 0x00, 0x00, 0x17, 0x44, 0xf3, 0x43, 0x9e, 0xe7,
  0xdf, 0xff, 0xdf, 0xff, 0x56, 0x85, 0xb3, 0x2b, 0x13, 0x24, 0x15, 0x2c, 0x96, 0x4c, 0x55, 0x55,
  0x55, 0x55, 0x13, 0x23, 0x51, 0x0b, 0x54, 0x2c, 0x9b, 0xa6, 0x9e, 0xef, 0x57, 0x7d, 0x1f, 0x00,
  0xd3, 0x34, 0xff, 0x07, 0x00, 0x00, 0x00, 0x00, 0xb3, 0x33, 0xde, 0xef, 0xff, 0xf7, 0xdf, 0xef,
  0xd5, 0x4c, 0x10, 0x04, 0x00, 0x00, 0x00, 0x00, 0x10, 0x84, 0x11, 0x1b, 0xb7, 0x5c, 0xbf, 0xef,
  0xdf, 0xef, 0xff, 0xff, 0x5e, 0xdf, 0x34, 0x44, 0x00, 0x00, 0x00, 0x00, 0x00, 0x00, 0x00, 0x00,
  0x00, 0x00, 0x17, 0x44, 0x74, 0x44, 0xff, 0xff, 0xdf, 0xef, 0xf9, 0x9d, 0x50, 0x13, 0x00, 0x00,
  0x1f, 0x00, 0x72, 0x23, 0xb3, 0x23, 0x91, 0x1b, 0x52, 0x1b, 0x92, 0x1b, 0xd4, 0x23, 0x34, 0x3c,
  0x17, 0x44, 0x00, 0x00, 0x10, 0x84, 0x00, 0x00, 0x00, 0x00, 0x00, 0x00, 0x00, 0x00, 0x00, 0x00,
  0x1f, 0x00, 0xb2, 0x33, 0xff, 0xff, 0xdf, 0xf7, 0x58, 0x6d, 0x7e, 0xe7, 0xff, 0xff, 0xbe, 0xf7,
  0x13, 0x3c, 0x00, 0x00, 0x00, 0x00, 0x00, 0x00, 0x00, 0x00, 0x00, 0x00, 0xff, 0x07, 0x00, 0x00,
  0x13, 0x44, 0x13, 0x44, 0x71, 0x23, 0xf0, 0x12, 0xf0, 0x12, 0xaf, 0x02, 0xf5, 0x5c, 0xdf, 0xf7,
  0xdf, 0xef, 0x7d, 0xdf, 0x10, 0x13, 0x10, 0x02, 0x00, 0x00, 0x50, 0x1b, 0x11, 0x1b, 0x72, 0x23,
  0x72, 0x23, 0xff, 0x07, 0x00, 0x00, 0x00, 0x00, 0x00, 0x00, 0x00, 0x00, 0x00, 0x00, 0x00, 0x00,
  0x00, 0x00, 0x00, 0x00, 0x00, 0x00, 0x00, 0x00, 0x00, 0x00, 0x00, 0x00, 0x14, 0x24, 0x11, 0x13,
  0x90, 0x02, 0xf2, 0x02, 0x75, 0x03, 0x57, 0x04, 0x36, 0x04, 0xba, 0x04, 0xfe, 0x2e, 0xff, 0xc7,
  0xff, 0xb7, 0xff, 0xbf, 0xff, 0xbf, 0x3f, 0x2f, 0xfc, 0x0d, 0xbc, 0x05, 0x36, 0x04, 0xb5, 0x03,
  0x00, 0x00, 0x00, 0x00, 0x00, 0x00, 0x00, 0x00, 0x00, 0x00, 0x00, 0x00, 0x00, 0x00, 0x00, 0x00,
  0x00, 0x00, 0x00, 0x00, 0x00, 0x00, 0x00, 0x00, 0x00, 0x00, 0x00, 0x00, 0x00, 0x00, 0x00, 0x00,
  0x00, 0x00, 0x00, 0x00, 0x00, 0x00, 0x00, 0x00, 0x00, 0x00, 0x00, 0x00, 0x00, 0x00, 0x00, 0x00,
  0x00, 0x00, 0xb5, 0x52, 0x00, 0x00, 0x33, 0x33, 0xb2, 0x2b, 0x13, 0x34, 0xf4, 0x2b, 0x52, 0x0b,
  0xd5, 0x0b, 0x74, 0x03, 0x33, 0x03, 0x95, 0x03, 0x1a, 0x0d, 0xf9, 0x04, 0xb9, 0x04, 0xde, 0x2e,
  0xff, 0xd7, 0xff, 0xd7, 0x7f, 0x6f, 0xdf, 0x8f, 0x7e, 0x16, 0x79, 0x04, 0x58, 0x04, 0x75, 0x03,
  0x95, 0x03, 0x37, 0x04, 0x17, 0x14, 0xb5, 0x13, 0x37, 0x1c, 0x36, 0x24, 0x57, 0x2c, 0x55, 0x2c,
  0x96, 0x24, 0x00, 0x00, 0x00, 0x00, 0xff, 0x07, 0x55, 0x55, 0x00, 0x00, 0x00, 0x00, 0x00, 0x00,
  0x00, 0x00, 0x00, 0x00, 0x00, 0x00, 0x00, 0x00, 0x00, 0x00, 0x92, 0x1b, 0xfc, 0xce, 0xbe, 0xff,
  0xbe, 0xf7, 0x5a, 0xa6, 0xb2, 0x23, 0x96, 0x4c, 0x55, 0x55, 0x00, 0x00, 0x00, 0x00, 0x00, 0x00,
  0x00, 0x00, 0x00, 0x00, 0x17, 0x44, 0x15, 0x2c, 0x92, 0x1b, 0x33, 0x34, 0xf3, 0x33, 0x00, 0x00,
  0x00, 0x00, 0x00, 0x00, 0xff, 0x07, 0x00, 0x00, 0x92, 0x33, 0xde, 0xef, 0xdf, 0xf7, 0xdf, 0xef,
  0x73, 0x44, 0x00, 0x00, 0x00, 0x00, 0x00, 0x00, 0x00, 0x00, 0x13, 0x34, 0x6e, 0x12, 0x1a, 0x9e,
  0xdf, 0xf7, 0xde, 0xff, 0xdf, 0xff, 0x58, 0x75, 0xff, 0x07, 0x00, 0x00, 0x00, 0x00, 0x00, 0x00,
  0x00, 0x00, 0x1f, 0x00, 0x95, 0x44, 0xff, 0xff, 0xdf, 0xef, 0x3a, 0xa6, 0xb2, 0x2b, 0x00, 0x00,
  0x00, 0x00, 0x00, 0x00, 0x00, 0x00, 0x00, 0x00, 0x00, 0x00, 0x10, 0x84, 0x00, 0x00, 0x00, 0x00,
  0x00, 0x00, 0x00, 0x00, 0x00, 0x00, 0xff, 0x07, 0x00, 0x00, 0x10, 0x84, 0x00, 0x00, 0x00, 0x00,
  0x72, 0x13, 0x3d, 0xdf, 0xbe, 0xff, 0xfd, 0xbe, 0xab, 0x01, 0xf9, 0x85, 0xdf, 0xf7, 0xff, 0xff,
  0x57, 0x7d, 0xb3, 0x23, 0x00, 0x00, 0x00, 0x00, 0x00, 0x00, 0x00, 0x00, 0x00, 0x00, 0x00, 0x00,
  0xff, 0x07, 0x10, 0x84, 0x00, 0x00, 0x15, 0x54, 0xff, 0x07, 0x50, 0x1b, 0x57, 0x65, 0xff, 0xff,
  0xde, 0xf7, 0xbe, 0xf7, 0xd2, 0x33, 0x10, 0x84, 0x17, 0x44, 0x10, 0x84, 0x00, 0x00, 0x00, 0x00,
  0x00, 0x00, 0xff, 0x07, 0x00, 0x00, 0xff, 0x07, 0x00, 0x00, 0x00, 0x00, 0x00, 0x00, 0x00, 0x00,
  0x00, 0x00, 0x00, 0x00, 0x00, 0x00, 0x00, 0x00, 0x00, 0x00, 0x10, 0x04, 0x76, 0x23, 0xb3, 0x1b,
  0xf1, 0x0a, 0xb1, 0x02, 0x74, 0x03, 0xfa, 0x0c, 0x77, 0x04, 0x5a, 0x15, 0x3e, 0x2f, 0xff, 0x8f,
  0xff, 0xbf, 0xff, 0xb7, 0xff, 0xa7, 0x5e, 0x2f, 0x1c, 0x16, 0xfd, 0x0d, 0x77, 0x04, 0x94, 0x03,
  0x00, 0x00, 0x00, 0x00, 0x00, 0x00, 0x00, 0x00, 0x00, 0x00, 0x00, 0x00, 0x00, 0x00, 0x00, 0x00,
  0x00, 0x00, 0x00, 0x00, 0x00, 0x00, 0x00, 0x00, 0x00, 0x00, 0x00, 0x00, 0x00, 0x00, 0x00, 0x00,
  0x00, 0x00, 0x00, 0x00, 0x00, 0x00, 0x00, 0x00, 0x00, 0x00, 0x1f, 0x00, 0x00, 0x00, 0x00, 0x00,
  0x00, 0x00, 0x00, 0x00, 0x33, 0x33, 0x13, 0x44, 0xb3, 0x33, 0xd3, 0x3b, 0x72, 0x2b, 0xb3, 0x13,
  0xf9, 0x14, 0x37, 0x04, 0xf2, 0x02, 0x54, 0x03, 0xfa, 0x0c, 0x3c, 0x16, 0x1c, 0x0e, 0x5f, 0x3f,
  0xff, 0xdf, 0xff, 0xd7, 0xbf, 0x6f, 0xdf, 0x77, 0x9e, 0x16, 0x59, 0x04, 0x38, 0x04, 0x33, 0x03,
  0xd6, 0x03, 0x3b, 0x15, 0xb8, 0x1c, 0xf5, 0x13, 0x37, 0x1c, 0x36, 0x24, 0x36, 0x2c, 0x55, 0x34,
  0xd3, 0x34, 0x00, 0x00, 0xff, 0x07, 0xff, 0x07, 0x00, 0x00, 0x00, 0x00, 0x00, 0x00, 0x00, 0x00,
  0x00, 0x00, 0x00, 0x00, 0x00, 0x00, 0x00, 0x00, 0x33, 0x33, 0xb5, 0x54, 0xbe, 0xf7, 0xdf, 0xf7,
  0x9e, 0xef, 0xd3, 0x2b, 0x00, 0x00, 0x10, 0x84, 0x00, 0x00, 0xff, 0x07, 0xff, 0x07, 0xff, 0x07,
  0x00, 0x00, 0x00, 0x00, 0x15, 0x54, 0x00, 0x00, 0x00, 0x00, 0x10, 0x2c, 0x00, 0x00, 0x00, 0x00,
  0x00, 0x00, 0x00, 0x00, 0x00, 0x00, 0x00, 0x00, 0xb2, 0x33, 0xde, 0xef, 0xff, 0xf7, 0xbe, 0xef,
  0x94, 0x4c, 0x00, 0x00, 0x00, 0x00, 0x00, 0x00, 0x00, 0x00, 0xf6, 0x4c, 0x13, 0x44, 0x34, 0x3c,
  0x5d, 0xef, 0xbe, 0xff, 0xff, 0xff, 0x58, 0x75, 0x95, 0x3b, 0x00, 0x00, 0x00, 0x00, 0x00, 0x00,
  0x00, 0x00, 0x1f, 0x00, 0x74, 0x44, 0xde, 0xf7, 0xdf, 0xef, 0x3a, 0xa6, 0xb3, 0x33, 0x00, 0x00,
  0x00, 0x00, 0x00, 0x00, 0x00, 0x00, 0xff, 0x07, 0x00, 0x00, 0x00, 0x00, 0x55, 0x55, 0x00, 0x00,
  0x00, 0x00, 0x00, 0x00, 0xff, 0x07, 0x00, 0x00, 0x00, 0x00, 0x00, 0x00, 0x00, 0x00, 0x00, 0x00,
  0x71, 0x23, 0x7e, 0xef, 0xbf, 0xf7, 0x78, 0x75, 0x10, 0x00, 0xb4, 0x34, 0xdf, 0xf7, 0xfe, 0xff,
  0x5d, 0xdf, 0x92, 0x23, 0x00, 0x00, 0xff, 0x07, 0x00, 0x00, 0xff, 0x07, 0x00, 0x00, 0x00, 0x00,
  0x17, 0x44, 0x55, 0x55, 0x55, 0x55, 0xff, 0x07, 0x10, 0x84, 0xb3, 0x33, 0x77, 0x6d, 0xbe, 0xef,
  0xde, 0xf7, 0xdf, 0xef, 0x74, 0x44, 0x00, 0x00, 0x00, 0x00, 0x00, 0x00, 0x00, 0x00, 0x00, 0x00,
  0x00, 0x00, 0x00, 0x00, 0x10, 0x84, 0x00, 0x00, 0x00, 0x00, 0x00, 0x00, 0x00, 0x00, 0x00, 0x00,
  0x00, 0x00, 0x00, 0x00, 0x00, 0x00, 0x00, 0x00, 0x00, 0x00, 0x00, 0x00, 0x13, 0x24, 0xd4, 0x1b,
  0x53, 0x13, 0xf1, 0x02, 0x53, 0x03, 0x57, 0x04, 0x37, 0x04, 0xb8, 0x14, 0x7d, 0x16, 0x5f, 0x3f,
  0xff, 0xc7, 0xff, 0xb7, 0xdf, 0x8f, 0x9d, 0x1e, 0x7b, 0x0d, 0x9c, 0x05, 0xb8, 0x04, 0x15, 0x04,
  0x00, 0x00, 0x00, 0x00, 0x00, 0x00, 0x00, 0x00, 0x00, 0x00, 0x00, 0x00, 0x00, 0x00, 0x00, 0x00,
  0x00, 0x00, 0x00, 0x00, 0x00, 0x00, 0x00, 0x00, 0x00, 0x00, 0x00, 0x00, 0x00, 0x00, 0x00, 0x00,
  0x00, 0x00, 0x00, 0x00, 0x00, 0x00, 0x00, 0x00, 0x00, 0x00, 0x10, 0x44, 0x10, 0x54, 0x33, 0x33,
  0x1f, 0x00, 0x10, 0x84, 0x10, 0x44, 0x12, 0x34, 0x74, 0x3c, 0x71, 0x2b, 0x51, 0x1b, 0xf4, 0x1b,
  0x36, 0x14, 0xf5, 0x0b, 0xd4, 0x0b, 0x7b, 0x0d, 0x3a, 0x0d, 0xde, 0x1e, 0x3d, 0x06, 0x1f, 0x3f,
  0xff, 0xcf, 0xff, 0xc7, 0xff, 0xc7, 0xff, 0xe7, 0x3e, 0x1f, 0xd8, 0x04, 0xf6, 0x03, 0x74, 0x03,
  0x37, 0x04, 0xb9, 0x0c, 0x17, 0x0c, 0xf6, 0x13, 0xd5, 0x13, 0x57, 0x34, 0x96, 0x24, 0x00, 0x00,
  0x00, 0x00, 0x00, 0x00, 0x00, 0x00, 0xff, 0x07, 0xff, 0x07, 0x10, 0x04, 0x00, 0x00, 0x00, 0x00,
  0x00, 0x00, 0x00, 0x00, 0x00, 0x00, 0x00, 0x00, 0x34, 0x44, 0x7a, 0x86, 0xff, 0xef, 0xff, 0xff,
  0x7b, 0xa6, 0x34, 0x34, 0x00, 0x00, 0x00, 0x00, 0x00, 0x00, 0xff, 0x07, 0x10, 0x84, 0x00, 0x00,
  0x00, 0x00, 0x00, 0x00, 0x00, 0x00, 0xff, 0x07, 0x00, 0x00, 0x00, 0x00, 0xff, 0x07, 0x00, 0x00,
  0x00, 0x00, 0x00, 0x00, 0x00, 0x00, 0x00, 0x00, 0x14, 0x3c, 0xbf, 0xe7, 0xfe, 0xf7, 0xff, 0xff,
  0xb2, 0x2b, 0x55, 0x55, 0xff, 0x07, 0xff, 0x07, 0xff, 0x07, 0x00, 0x00, 0x00, 0x00, 0x33, 0x34,
  0xb8, 0x7d, 0xff, 0xff, 0xfe, 0xff, 0xf9, 0x85, 0xf3, 0x23, 0x00, 0x00, 0x17, 0x44, 0x00, 0x00,
  0x00, 0x00, 0x00, 0x00, 0x74, 0x44, 0xff, 0xf7, 0xff, 0xf7, 0x17, 0x65, 0x34, 0x44, 0x00, 0x00,
  0x00, 0x00, 0x00, 0x00, 0x00, 0x00, 0xff, 0x07, 0x00, 0x00, 0x00, 0x00, 0x00, 0x00, 0x00, 0x00,
  0x00, 0x00, 0x00, 0x00, 0x00, 0x00, 0x00, 0x00, 0x00, 0x00, 0x00, 0x00, 0x00, 0x00, 0x00, 0x00,
  0xd6, 0x5c, 0xbf, 0xff, 0xde, 0xe7, 0x91, 0x33, 0x00, 0x00, 0xb3, 0x23, 0xbe, 0xf7, 0xbe, 0xef,
  0xdf, 0xef, 0xb1, 0x2b, 0x00, 0x00, 0x55, 0x55, 0x00, 0x00, 0x00, 0x00, 0x00, 0x00, 0x00, 0x00,
  0x00, 0x00, 0x00, 0x00, 0x00, 0x00, 0x00, 0x00, 0x00, 0x00, 0x15, 0x44, 0x37, 0x65, 0xbe, 0xf7,
  0xff, 0xff, 0xff, 0xff, 0x13, 0x34, 0x00, 0x00, 0x00, 0x00, 0xff, 0x07, 0xff, 0x07, 0x00, 0x00,
  0x00, 0x00, 0x00, 0x00, 0x00, 0x00, 0x00, 0x00, 0x00, 0x00, 0x00, 0x00, 0x00, 0x00, 0x00, 0x00,
  0x00, 0x00, 0x00, 0x00, 0x00, 0x00, 0xff, 0x07, 0x00, 0x00, 0xff, 0x07, 0x75, 0x1c, 0x55, 0x24,
  0x93, 0x13, 0x93, 0x0b, 0xb5, 0x03, 0x57, 0x04, 0xfa, 0x04, 0x1a, 0x05, 0x1c, 0x16, 0xdf, 0x67,
  0xff, 0xd7, 0xff, 0xb7, 0xdf, 0x8f, 0x9c, 0x16, 0x7c, 0x1e, 0x3d, 0x0e, 0x17, 0x04, 0xd6, 0x03,
  0x00, 0x00, 0x00, 0x00, 0x00, 0x00, 0x00, 0x00, 0x00, 0x00, 0x00, 0x00, 0x00, 0x00, 0x00, 0x00,
  0x00, 0x00, 0x00, 0x00, 0x00, 0x00, 0x00, 0x00, 0x00, 0x00, 0x00, 0x00, 0x00, 0x00, 0x00, 0x00,
  0x00, 0x00, 0x00, 0x00, 0x00, 0x00, 0x00, 0x00, 0x00, 0x00, 0x10, 0x44, 0x10, 0x44, 0x91, 0x43,
  0x33, 0x33, 0x10, 0x44, 0x00, 0x00, 0xb1, 0x3b, 0x13, 0x24, 0x91, 0x2b, 0x14, 0x24, 0x36, 0x24,
  0xd5, 0x0b, 0xb5, 0x0b, 0xd4, 0x0b, 0xb9, 0x04, 0xd9, 0x04, 0xbe, 0x26, 0xbb, 0x05, 0xde, 0x1e,
  0xff, 0xc7, 0xff, 0xcf, 0xff, 0xc7, 0xff, 0xef, 0xfe, 0x16, 0x77, 0x04, 0x95, 0x03, 0x34, 0x03,
  0x58, 0x04, 0x78, 0x0c, 0xb5, 0x0b, 0xd5, 0x13, 0xf5, 0x13, 0x15, 0x2c, 0x00, 0x00, 0x00, 0x00,
  0x00, 0x00, 0x00, 0x00, 0x00, 0x00, 0x00, 0x00, 0x00, 0x00, 0x00, 0x00, 0x00, 0x00, 0x00, 0x00,
  0x00, 0x00, 0x00, 0x00, 0x00, 0x00, 0x00, 0x00, 0x14, 0x3c, 0xbe, 0xe7, 0xdf, 0xf7, 0xff, 0xf7,
  0x13, 0x34, 0xd4, 0x1b, 0x00, 0x00, 0x00, 0x00, 0x00, 0x00, 0x00, 0x00, 0x00, 0x00, 0x00, 0x00,
  0xff, 0x07, 0x00, 0x00, 0x00, 0x00, 0x00, 0x00, 0x00, 0x00, 0xd9, 0x64, 0x00, 0x00, 0x00, 0x00,
  0x00, 0x00, 0xff, 0x07, 0x00, 0x00, 0x00, 0x00, 0xf4, 0x3b, 0xdf, 0xef, 0xff, 0xf7, 0xff, 0xff,
  0xd2, 0x3b, 0x55, 0x55, 0xff, 0x07, 0x00, 0x00, 0x00, 0x00, 0x00, 0x00, 0x00, 0x00, 0xd3, 0x33,
  0x5e, 0xcf, 0xff, 0xff, 0xff, 0xff, 0x78, 0x7d, 0x14, 0x24, 0x00, 0x00, 0x00, 0x00, 0x10, 0x84,
  0x00, 0x00, 0x00, 0x00, 0x54, 0x44, 0xdf, 0xf7, 0xde, 0xf7, 0xf6, 0x6c, 0x50, 0x2b, 0x00, 0x00,
  0x33, 0x33, 0x72, 0x23, 0x00, 0x00, 0x91, 0x1b, 0xd2, 0x2b, 0x13, 0x34, 0xb5, 0x44, 0x00, 0x00,
  0x00, 0x00, 0x00, 0x00, 0x00, 0x00, 0x00, 0x00, 0x00, 0x00, 0x00, 0x00, 0x00, 0x00, 0x93, 0x33,
  0xf9, 0x95, 0xff, 0xff, 0x1c, 0xbf, 0x31, 0x2b, 0x00, 0x00, 0x72, 0x23, 0xbc, 0xce, 0xff, 0xff,
  0xbe, 0xf7, 0x99, 0x75, 0x91, 0x1b, 0x00, 0x00, 0x00, 0x00, 0x00, 0x00, 0x00, 0x00, 0x00, 0x00,
  0x00, 0x00, 0x00, 0x00, 0x00, 0x00, 0x00, 0x00, 0x00, 0x00, 0x1f, 0x00, 0x37, 0x65, 0xdf, 0xf7,
  0xff, 0xf7, 0xff, 0xf7, 0x54, 0x3c, 0x00, 0x00, 0x00, 0x00, 0x00, 0x00, 0x00, 0x00, 0x00, 0x00,
  0x00, 0x00, 0x00, 0x00, 0x00, 0x00, 0x00, 0x00, 0x00, 0x00, 0x00, 0x00, 0x00, 0x00, 0x00, 0x00,
  0x00, 0x00, 0x00, 0x00, 0x00, 0x00, 0x00, 0x00, 0x00, 0x00, 0x55, 0x05, 0x15, 0x2c, 0x16, 0x24,
  0xf5, 0x1b, 0xf5, 0x0b, 0xb5, 0x03, 0xd6, 0x03, 0x99, 0x04, 0xb9, 0x04, 0x9a, 0x0d, 0x5e, 0x6f,
  0xff, 0xb7, 0xff, 0xbf, 0xdf, 0x8f, 0xfe, 0x1e, 0x5c, 0x16, 0xbf, 0x16, 0x37, 0x04, 0x74, 0x03,
  0x00, 0x00, 0x00, 0x00, 0x00, 0x00, 0x00, 0x00, 0x00, 0x00, 0x00, 0x00, 0x00, 0x00, 0x00, 0x00,
  0x00, 0x00, 0x00, 0x00, 0x00, 0x00, 0x00, 0x00, 0x00, 0x00, 0x00, 0x00, 0x00, 0x00, 0x00, 0x00,
  0x00, 0x00, 0x00, 0x00, 0x00, 0x00, 0x00, 0x00, 0x00, 0x00, 0x00, 0x00, 0x72, 0x4b, 0x91, 0x3b,
  0x91, 0x53, 0x72, 0x4b, 0xd0, 0x3b, 0xf3, 0x2b, 0x59, 0x1d, 0x51, 0x2b, 0xd3, 0x1b, 0xd8, 0x24,
  0x16, 0x14, 0x74, 0x0b, 0xb4, 0x03, 0xd9, 0x0c, 0x9c, 0x0d, 0x1c, 0x0e, 0x3d, 0x06, 0x9f, 0x47,
  0xff, 0xdf, 0xff, 0xcf, 0xff, 0xa7, 0xff, 0xdf, 0xbd, 0x0e, 0x16, 0x04, 0xf6, 0x03, 0x37, 0x04,
  0x79, 0x04, 0x17, 0x0c, 0xb5, 0x0b, 0xd4, 0x13, 0xf5, 0x13, 0x55, 0x55, 0x00, 0x00, 0x00, 0x00,
  0x00, 0x00, 0x00, 0x00, 0x00, 0x00, 0x10, 0x04, 0xff, 0x07, 0x00, 0x00, 0x00, 0x00, 0x00, 0x00,
  0x00, 0x00, 0x00, 0x00, 0x00, 0x00, 0x00, 0x00, 0xb3, 0x2b, 0xdf, 0xf7, 0xdf, 0xef, 0xff, 0xf7,
  0x72, 0x1b, 0x00, 0x00, 0x00, 0x00, 0x00, 0x00, 0x00, 0x00, 0x00, 0x00, 0x00, 0x00, 0x00, 0x00,
  0x00, 0x00, 0x00, 0x00, 0x00, 0x00, 0x00, 0x00, 0x00, 0x00, 0x55, 0x55, 0x10, 0x84, 0x00, 0x00,
  0x00, 0x00, 0x00, 0x00, 0x00, 0x00, 0x00, 0x00, 0x14, 0x3c, 0xbe, 0xef, 0xff, 0xf7, 0xdf, 0xef,
  0x72, 0x2b, 0x00, 0x00, 0x00, 0x00, 0x00, 0x00, 0x00, 0x00, 0x00, 0x00, 0x32, 0x1b, 0x17, 0x75,
  0xbe, 0xef, 0xde, 0xff, 0xbe, 0xf7, 0x95, 0x4c, 0x00, 0x00, 0x00, 0x00, 0x00, 0x00, 0x00, 0x00,
  0x00, 0x00, 0x00, 0x00, 0x54, 0x3c, 0xff, 0xf7, 0xde, 0xf7, 0x19, 0x9e, 0xd6, 0x5c, 0x58, 0x75,
  0x58, 0x7d, 0x57, 0x75, 0x57, 0x6d, 0x57, 0x75, 0x37, 0x6d, 0x1a, 0x9e, 0x95, 0x54, 0x00, 0x00,
  0x00, 0x00, 0x00, 0x00, 0x00, 0x00, 0x00, 0x00, 0x00, 0x00, 0x00, 0x00, 0x00, 0x00, 0x71, 0x23,
  0x9f, 0xef, 0xff, 0xff, 0x16, 0x65, 0xd4, 0x3b, 0x00, 0x00, 0x00, 0x00, 0xf6, 0x6c, 0xdf, 0xf7,
  0xde, 0xf7, 0x3d, 0xc7, 0xd0, 0x12, 0x00, 0x00, 0x00, 0x00, 0x00, 0x00, 0x00, 0x00, 0x00, 0x00,
  0x00, 0x00, 0x00, 0x00, 0x00, 0x00, 0x00, 0x00, 0x00, 0x00, 0x00, 0x00, 0x36, 0x5d, 0xdf, 0xf7,
  0xfe, 0xff, 0xff, 0xff, 0x33, 0x34, 0x00, 0x00, 0x00, 0x00, 0x00, 0x00, 0x00, 0x00, 0x00, 0x00,
  0x00, 0x00, 0x00, 0x00, 0x00, 0x00, 0x00, 0x00, 0x00, 0x00, 0x00, 0x00, 0x00, 0x00, 0x00, 0x00,
  0x00, 0x00, 0x00, 0x00, 0x00, 0x00, 0x00, 0x00, 0x00, 0x00, 0x00, 0x00, 0x00, 0x00, 0x36, 0x24,
  0x57, 0x24, 0xf5, 0x13, 0x74, 0x03, 0xd5, 0x03, 0xfa, 0x04, 0xb9, 0x04, 0xbb, 0x15, 0xbf, 0x77,
  0xff, 0xc7, 0xff, 0xb7, 0xff, 0xc7, 0xdf, 0x4f, 0x9d, 0x0e, 0x1d, 0x0e, 0x94, 0x03, 0x12, 0x03,
  0x00, 0x00, 0x00, 0x00, 0x00, 0x00, 0x00, 0x00, 0x00, 0x00, 0x00, 0x00, 0x00, 0x00, 0x00, 0x00,
  0x00, 0x00, 0x00, 0x00, 0x00, 0x00, 0x00, 0x00, 0x00, 0x00, 0x00, 0x00, 0x00, 0x00, 0x00, 0x00,
  0x00, 0x00, 0x00, 0x00, 0x00, 0x00, 0x00, 0x00, 0x10, 0x84, 0x33, 0x33, 0x10, 0x54, 0x33, 0x33,
  0x10, 0x44, 0xb2, 0x43, 0x50, 0x2b, 0x92, 0x23, 0xf9, 0x24, 0x91, 0x2b, 0x92, 0x1b, 0x5a, 0x1d,
  0x3a, 0x1d, 0x37, 0x0c, 0x16, 0x0c, 0x78, 0x0c, 0x3b, 0x0d, 0x3a, 0x05, 0x9d, 0x06, 0xff, 0x7f,
  0xff, 0xe7, 0xff, 0xd7, 0xff, 0xaf, 0xff, 0xcf, 0xbd, 0x0e, 0x57, 0x04, 0x17, 0x04, 0x58, 0x04,
  0x17, 0x0c, 0xb5, 0x0b, 0x94, 0x0b, 0xb4, 0x13, 0xd4, 0x13, 0x16, 0x34, 0x00, 0x00, 0x00, 0x00,
  0x00, 0x00, 0x00, 0x00, 0x00, 0x00, 0x00, 0x00, 0x55, 0x55, 0x00, 0x00, 0x00, 0x00, 0x00, 0x00,
  0x00, 0x00, 0x00, 0x00, 0x00, 0x00, 0x00, 0x00, 0xd3, 0x2b, 0xdf, 0xf7, 0xdf, 0xf7, 0xff, 0xf7,
  0x92, 0x1b, 0x00, 0x00, 0x00, 0x00, 0x00, 0x00, 0x00, 0x00, 0x00, 0x00, 0x00, 0x00, 0x00, 0x00,
  0x00, 0x00, 0x00, 0x00, 0x00, 0x00, 0x00, 0x00, 0xff, 0x07, 0xff, 0x07, 0x00, 0x00, 0x00, 0x00,
  0x00, 0x00, 0x00, 0x00, 0x00, 0x00, 0x00, 0x00, 0x14, 0x3c, 0xdf, 0xef, 0xff, 0xf7, 0x7f, 0xdf,
  0xd2, 0x23, 0xf6, 0x44, 0x17, 0x5d, 0x75, 0x4c, 0x94, 0x54, 0x96, 0x5c, 0x3a, 0xae, 0x9e, 0xef,
  0xdf, 0xff, 0xde, 0xf7, 0x7a, 0xae, 0x13, 0x34, 0x00, 0x00, 0x10, 0x84, 0x00, 0x00, 0x00, 0x00,
  0x00, 0x00, 0x00, 0x00, 0x34, 0x3c, 0xff, 0xf7, 0xbe, 0xf7, 0xff, 0xff, 0xff, 0xff, 0xff, 0xff,
  0xff, 0xff, 0xff, 0xff, 0xff, 0xff, 0xdf, 0xff, 0xdf, 0xff, 0xbe, 0xff, 0x37, 0x85, 0x55, 0x55,
  0x00, 0x00, 0x00, 0x00, 0x00, 0x00, 0x00, 0x00, 0x00, 0x00, 0x00, 0x00, 0x15, 0x44, 0x95, 0x5c,
  0xbf, 0xff, 0xbe, 0xf7, 0xd3, 0x2b, 0x00, 0x00, 0x17, 0x44, 0x00, 0x00, 0x13, 0x44, 0x9f, 0xe7,
  0xdf, 0xff, 0xff, 0xf7, 0xf4, 0x3b, 0x00, 0x00, 0x00, 0x00, 0x00, 0x00, 0x00, 0x00, 0x00, 0x00,
  0x00, 0x00, 0x00, 0x00, 0x00, 0x00, 0x00, 0x00, 0x10, 0x84, 0x00, 0x00, 0x36, 0x5d, 0xbf, 0xf7,
  0xdf, 0xff, 0xff, 0xff, 0x13, 0x34, 0x00, 0x00, 0x00, 0x00, 0x00, 0x00, 0x00, 0x00, 0x00, 0x00,
  0x00, 0x00, 0x00, 0x00, 0x00, 0x00, 0x00, 0x00, 0x00, 0x00, 0x55, 0x55, 0x55, 0x55, 0xff, 0x07,
  0x00, 0x00, 0x00, 0x00, 0x00, 0x00, 0x00, 0x00, 0x55, 0x55, 0xff, 0x07, 0xff, 0x07, 0x16, 0x24,
  0x57, 0x24, 0xd5, 0x0b, 0x54, 0x03, 0x95, 0x03, 0x99, 0x04, 0xfb, 0x04, 0x9b, 0x05, 0x3f, 0x37,
  0xbf, 0x77, 0xff, 0x97, 0xff, 0xcf, 0x5e, 0x4f, 0xfc, 0x05, 0xdc, 0x0d, 0x74, 0x03, 0x33, 0x03,
  0x00, 0x00, 0x00, 0x00, 0x00, 0x00, 0x00, 0x00, 0x00, 0x00, 0x00, 0x00, 0x00, 0x00, 0x00, 0x00,
  0x00, 0x00, 0x00, 0x00, 0x00, 0x00, 0x00, 0x00, 0x00, 0x00, 0x00, 0x00, 0x00, 0x00, 0x00, 0x00,
  0x00, 0x00, 0x00, 0x00, 0x00, 0x00, 0x00, 0x00, 0x00, 0x00, 0x10, 0x54, 0xb5, 0x52, 0x00, 0x00,
  0x72, 0x4b, 0xd2, 0x43, 0xb1, 0x3b, 0xb1, 0x33, 0x31, 0x1b, 0x51, 0x2b, 0x51, 0x1b, 0xfc, 0x25,
  0x7e, 0x2e, 0x1a, 0x15, 0x16, 0x0c, 0xb5, 0x03, 0xb5, 0x03, 0xf9, 0x04, 0xfe, 0x16, 0xff, 0x9f,
  0xff, 0xd7, 0xff, 0xd7, 0xff, 0xb7, 0xff, 0xa7, 0xde, 0x0e, 0x17, 0x04, 0x58, 0x04, 0xd6, 0x03,
  0xb6, 0x03, 0xd6, 0x0b, 0x94, 0x0b, 0xb4, 0x13, 0x15, 0x1c, 0x56, 0x24, 0xff, 0x07, 0xff, 0x07,
  0x00, 0x00, 0x00, 0x00, 0x17, 0x24, 0x55, 0x55, 0x10, 0x04, 0x00, 0x00, 0x00, 0x00, 0x00, 0x00,
  0x00, 0x00, 0x00, 0x00, 0x00, 0x00, 0x00, 0x00, 0x34, 0x3c, 0xff, 0xf7, 0xff, 0xf7, 0xff, 0xf7,
  0x93, 0x23, 0x00, 0x00, 0x00, 0x00, 0x00, 0x00, 0x00, 0x00, 0x00, 0x00, 0x00, 0x00, 0x00, 0x00,
  0x10, 0x84, 0xf6, 0x4c, 0x35, 0x44, 0xb2, 0x23, 0x93, 0x23, 0xb7, 0x44, 0x96, 0x4c, 0x76, 0x3c,
  0x17, 0x44, 0x00, 0x00, 0x10, 0x84, 0x00, 0x00, 0x14, 0x3c, 0xdf, 0xef, 0xdf, 0xf7, 0xdf, 0xf7,
  0xdb, 0xbe, 0xde, 0xe7, 0xde, 0xef, 0x9d, 0xef, 0xdf, 0xf7, 0xdf, 0xef, 0xff, 0xff, 0xdf, 0xff,
  0x9e, 0xef, 0x56, 0x7d, 0x34, 0x3c, 0x55, 0x55, 0x00, 0x00, 0x00, 0x00, 0x00, 0x00, 0x00, 0x00,
  0x00, 0x00, 0x00, 0x00, 0x34, 0x34, 0xff, 0xf7, 0xdf, 0xf7, 0x9e, 0xef, 0xbe, 0xef, 0xdf, 0xff,
  0xff, 0xff, 0xff, 0xff, 0xff, 0xff, 0xff, 0xff, 0xff, 0xff, 0xde, 0xf7, 0x95, 0x5c, 0x16, 0x34,
  0x00, 0x00, 0x00, 0x00, 0x00, 0x00, 0x00, 0x00, 0x00, 0x00, 0x00, 0x00, 0x73, 0x2b, 0xfd, 0xc6,
  0xde, 0xff, 0x19, 0x9e, 0xb3, 0x2b, 0x17, 0x5d, 0x00, 0x00, 0xff, 0x07, 0x14, 0x2c, 0x5e, 0xcf,
  0xde, 0xff, 0xff, 0xf7, 0xf9, 0x8d, 0xb3, 0x23, 0x00, 0x00, 0x00, 0x00, 0x00, 0x00, 0x00, 0x00,
  0x00, 0x00, 0x00, 0x00, 0x00, 0x00, 0x00, 0x00, 0x00, 0x00, 0x00, 0x00, 0x16, 0x5d, 0xdf, 0xf7,
  0xde, 0xff, 0xff, 0xff, 0x13, 0x2c, 0x55, 0x55, 0x00, 0x00, 0x00, 0x00, 0x00, 0x00, 0x00, 0x00,
  0x00, 0x00, 0x00, 0x00, 0x00, 0x00, 0x00, 0x00, 0x00, 0x00, 0x15, 0x34, 0x56, 0x24, 0xd3, 0x34,
  0x00, 0x00, 0x00, 0x00, 0x00, 0x00, 0x00, 0x00, 0x00, 0x00, 0xff, 0x07, 0x15, 0x2c, 0x56, 0x24,
  0x36, 0x24, 0x73, 0x0b, 0x74, 0x03, 0xf6, 0x03, 0x58, 0x04, 0xba, 0x04, 0x5b, 0x05, 0x3d, 0x0e,
  0x7f, 0x57, 0xff, 0x97, 0xff, 0xb7, 0x7f, 0x5f, 0x1f, 0x37, 0xdf, 0x16, 0x3a, 0x05, 0xd9, 0x04,
  0x00, 0x00, 0x00, 0x00, 0x00, 0x00, 0x00, 0x00, 0x00, 0x00, 0x00, 0x00, 0x00, 0x00, 0x00, 0x00,
  0x00, 0x00, 0x00, 0x00, 0x00, 0x00, 0x00, 0x00, 0x00, 0x00, 0x00, 0x00, 0x00, 0x00, 0x00, 0x00,
  0x00, 0x00, 0x00, 0x00, 0x00, 0x00, 0x00, 0x00, 0x00, 0x00, 0x10, 0x44, 0x00, 0x00, 0x1f, 0x00,
  0x00, 0x00, 0x10, 0x84, 0x1f, 0x00, 0xd3, 0x34, 0x12, 0x44, 0xd3, 0x3b, 0x51, 0x23, 0x76, 0x1c,
  0x1d, 0x26, 0x16, 0x04, 0xd1, 0x02, 0x33, 0x03, 0xb5, 0x03, 0xdc, 0x05, 0x9f, 0x2f, 0xff, 0x97,
  0xff, 0xc7, 0xff, 0xcf, 0xff, 0xbf, 0xff, 0x9f, 0xfe, 0x16, 0xf6, 0x03, 0x17, 0x04, 0xb6, 0x03,
  0x38, 0x04, 0x17, 0x04, 0x74, 0x03, 0x94, 0x13, 0x16, 0x1c, 0x57, 0x2c, 0x75, 0x3c, 0x17, 0x24,
  0x17, 0x24, 0x17, 0x44, 0x16, 0x34, 0xd9, 0x34, 0x10, 0x04, 0x00, 0x00, 0x00, 0x00, 0x00, 0x00,
  0x00, 0x00, 0x00, 0x00, 0x00, 0x00, 0x00, 0x00, 0x35, 0x3c, 0xdf, 0xf7, 0xff, 0xf7, 0xdf, 0xf7,
  0x93, 0x23, 0x00, 0x00, 0x00, 0x00, 0x00, 0x00, 0x00, 0x00, 0x00, 0x00, 0x00, 0x00, 0x10, 0x84,
  0x55, 0x55, 0x96, 0x4c, 0x13, 0x3c, 0x5a, 0xbe, 0x7e, 0xe7, 0x3d, 0xd7, 0x7a, 0xae, 0xf3, 0x33,
  0xb7, 0x54, 0x00, 0x00, 0x96, 0x4c, 0x00, 0x00, 0x14, 0x3c, 0xff, 0xf7, 0xdf, 0xf7, 0xff, 0xf7,
  0xff, 0xf7, 0xff, 0xf7, 0xff, 0xff, 0xff, 0xff, 0xbe, 0xff, 0x5d, 0xdf, 0x9e, 0xe7, 0xb8, 0x8d,
  0x14, 0x44, 0xd4, 0x2b, 0x15, 0x54, 0x00, 0x00, 0x00, 0x00, 0x10, 0x84, 0x00, 0x00, 0x00, 0x00,
  0x17, 0x44, 0x00, 0x00, 0x14, 0x34, 0xdf, 0xff, 0xdf, 0xf7, 0x98, 0x8d, 0x53, 0x54, 0xf3, 0x3b,
  0xf3, 0x33, 0x14, 0x3c, 0x34, 0x3c, 0x34, 0x44, 0x14, 0x3c, 0x54, 0x4c, 0xf3, 0x33, 0x15, 0x54,
  0x10, 0x84, 0x00, 0x00, 0x00, 0x00, 0x00, 0x00, 0x00, 0x00, 0x00, 0x00, 0xb2, 0x2b, 0xdf, 0xf7,
  0xdf, 0xf7, 0x13, 0x3c, 0xf1, 0x1a, 0x00, 0x00, 0x15, 0x2c, 0x14, 0x2c, 0x11, 0x1b, 0x5a, 0x9e,
  0xff, 0xff, 0xdf, 0xf7, 0xdf, 0xf7, 0x34, 0x3c, 0x00, 0x00, 0x00, 0x00, 0x00, 0x00, 0x00, 0x00,
  0x00, 0x00, 0x00, 0x00, 0x00, 0x00, 0x00, 0x00, 0x00, 0x00, 0x00, 0x00, 0xf6, 0x54, 0xdf, 0xf7,
  0xff, 0xff, 0xdf, 0xf7, 0x13, 0x34, 0x33, 0x33, 0x00, 0x00, 0x00, 0x00, 0x00, 0x00, 0x00, 0x00,
  0x00, 0x00, 0x00, 0x00, 0x00, 0x00, 0x00, 0x00, 0x00, 0x00, 0xd4, 0x23, 0x34, 0x2c, 0xff, 0x07,
  0x00, 0x00, 0x00, 0x00, 0x00, 0x00, 0x00, 0x00, 0x00, 0x00, 0x17, 0x44, 0x55, 0x05, 0x76, 0x24,
  0x37, 0x24, 0x74, 0x0b, 0x74, 0x03, 0xd6, 0x03, 0x99, 0x04, 0x5b, 0x05, 0x3d, 0x06, 0x5f, 0x5f,
  0xff, 0xcf, 0xff, 0xe7, 0xff, 0xd7, 0xdf, 0x87, 0x3f, 0x57, 0x3f, 0x1f, 0x3a, 0x05, 0x37, 0x04,
  0x00, 0x00, 0x08, 0x84, 0x00, 0x00, 0x00, 0x00, 0x00, 0x00, 0x00, 0x00, 0x00, 0x00, 0x00, 0x00,
  0x00, 0x00, 0x00, 0x00, 0x00, 0x00, 0x00, 0x00, 0x00, 0x00, 0x00, 0x00, 0x00, 0x00, 0x00, 0x00,
  0x00, 0x00, 0x00, 0x00, 0x00, 0x00, 0x00, 0x00, 0x00, 0x00, 0x00, 0x00, 0x00, 0x00, 0x00, 0x00,
  0x00, 0x00, 0x10, 0x54, 0x00, 0x00, 0x10, 0x84, 0x14, 0x3c, 0x13, 0x44, 0x72, 0x33, 0xd0, 0x12,
  0x5b, 0x15, 0x78, 0x0c, 0x6f, 0x02, 0x94, 0x03, 0x78, 0x04, 0x1b, 0x06, 0x7f, 0x2f, 0xff, 0x8f,
  0xff, 0xbf, 0xff, 0xc7, 0xff, 0xaf, 0xff, 0xaf, 0xde, 0x16, 0xd6, 0x03, 0xf7, 0x03, 0x95, 0x03,
  0x98, 0x04, 0x17, 0x04, 0x53, 0x03, 0xb4, 0x1b, 0x16, 0x1c, 0x37, 0x2c, 0x96, 0x34, 0x77, 0x2c,
  0x77, 0x2c, 0x56, 0x24, 0x57, 0x34, 0x00, 0x00, 0x00, 0x00, 0x00, 0x00, 0x00, 0x00, 0x00, 0x00,
  0x00, 0x00, 0x00, 0x00, 0x00, 0x00, 0x00, 0x00, 0x14, 0x34, 0xbe, 0xf7, 0xff, 0xff, 0xff, 0xff,
  0xf4, 0x33, 0x00, 0x00, 0x00, 0x00, 0x00, 0x00, 0x00, 0x00, 0x00, 0x00, 0x10, 0x84, 0x00, 0x00,
  0x10, 0x84, 0x00, 0x00, 0x51, 0x1b, 0xfc, 0xce, 0xbe, 0xff, 0xdf, 0xf7, 0xbe, 0xef, 0x71, 0x23,
  0x00, 0x00, 0x00, 0x00, 0x10, 0x84, 0x00, 0x00, 0xf4, 0x33, 0xff, 0xef, 0xff, 0xf7, 0xdf, 0xef,
  0x17, 0x65, 0xd6, 0x54, 0x19, 0x8e, 0x7d, 0xdf, 0xde, 0xf7, 0x9a, 0xc6, 0x34, 0x54, 0x92, 0x33,
  0x00, 0x00, 0x00, 0x00, 0x00, 0x00, 0x00, 0x00, 0x00, 0x00, 0x00, 0x00, 0x00, 0x00, 0x00, 0x00,
  0x10, 0x84, 0x00, 0x00, 0x34, 0x3c, 0xdf, 0xff, 0xdf, 0xf7, 0x36, 0x75, 0x72, 0x2b, 0x00, 0x00,
  0xff, 0x07, 0x10, 0x04, 0x00, 0x00, 0x00, 0x00, 0x17, 0x44, 0x33, 0x33, 0xd3, 0x34, 0x00, 0x00,
  0x00, 0x00, 0x00, 0x00, 0x00, 0x00, 0x00, 0x00, 0x00, 0x00, 0x13, 0x34, 0xf3, 0x43, 0xdf, 0xff,
  0xfc, 0xde, 0xcf, 0x12, 0xf0, 0x22, 0x72, 0x2b, 0x13, 0x4c, 0xf9, 0x9d, 0xbc, 0xae, 0x9d, 0xef,
  0x9e, 0xf7, 0xdf, 0xff, 0xff, 0xff, 0x98, 0x75, 0x13, 0x1c, 0x00, 0x00, 0x00, 0x00, 0x00, 0x00,
  0x00, 0x00, 0x00, 0x00, 0x00, 0x00, 0x00, 0x00, 0x00, 0x00, 0x00, 0x00, 0x37, 0x65, 0xdf, 0xf7,
  0xff, 0xff, 0xdf, 0xf7, 0xf3, 0x3b, 0x00, 0x00, 0x00, 0x00, 0x00, 0x00, 0x00, 0x00, 0x00, 0x00,
  0x00, 0x00, 0x00, 0x00, 0x00, 0x00, 0x00, 0x00, 0x00, 0x00, 0x14, 0x34, 0xd3, 0x34, 0x00, 0x00,
  0x00, 0x00, 0x00, 0x00, 0x00, 0x00, 0x00, 0x00, 0x00, 0x00, 0x10, 0x04, 0x17, 0x44, 0x55, 0x24,
  0x16, 0x1c, 0x94, 0x0b, 0x74, 0x03, 0xd6, 0x03, 0x58, 0x04, 0xbb, 0x0d, 0xde, 0x16, 0xbf, 0x97,
  0xff, 0xd7, 0xff, 0xc7, 0xff, 0xd7, 0xff, 0xa7, 0x3f, 0x4f, 0x5e, 0x0e, 0xf9, 0x04, 0x16, 0x04,
  0x08, 0x6b, 0x4a, 0x6b, 0x0a, 0x73, 0x10, 0x84, 0x00, 0x00, 0x00, 0x00, 0x00, 0x00, 0x00, 0x00,
  0x00, 0x00, 0x00, 0x00, 0x00, 0x00, 0x00, 0x00, 0x00, 0x00, 0x00, 0x00, 0x00, 0x00, 0x00, 0x00,
  0x00, 0x00, 0x00, 0x00, 0x00, 0x00, 0x00, 0x00, 0x1f, 0x00, 0x10, 0x84, 0x00, 0x00, 0x1f, 0x00,
  0x00, 0x00, 0x10, 0x84, 0x00, 0x00, 0x12, 0x44, 0x33, 0x44, 0xb2, 0x33, 0xf3, 0x3b, 0xf0, 0x12,
  0xd9, 0x1c, 0x3b, 0x15, 0x32, 0x03, 0x74, 0x03, 0x57, 0x0c, 0x1c, 0x06, 0x5f, 0x37, 0xff, 0x9f,
  0xff, 0xcf, 0xff, 0xcf, 0xff, 0xa7, 0xff, 0xaf, 0xde, 0x16, 0x57, 0x04, 0x78, 0x04, 0xd5, 0x03,
  0xf9, 0x0c, 0x36, 0x0c, 0x32, 0x0b, 0x94, 0x13, 0xf5, 0x13, 0x36, 0x2c, 0xb7, 0x2c, 0x56, 0x3c,
  0x17, 0x44, 0x36, 0x2c, 0x56, 0x2c, 0x77, 0x3c, 0x00, 0x00, 0x00, 0x00, 0x00, 0x00, 0x00, 0x00,
  0x00, 0x00, 0x00, 0x00, 0x55, 0x55, 0x00, 0x00, 0xf4, 0x2b, 0x7e, 0xe7, 0xff, 0xff, 0xff, 0xff,
  0x17, 0x5d, 0x00, 0x00, 0x00, 0x00, 0x10, 0x84, 0x00, 0x00, 0x00, 0x00, 0x00, 0x00, 0x00, 0x00,
  0x55, 0x55, 0x00, 0x00, 0x10, 0x23, 0x19, 0x96, 0xdf, 0xff, 0xbe, 0xef, 0x5d, 0xef, 0xf0, 0x12,
  0x00, 0x00, 0xff, 0x07, 0xf7, 0x64, 0x00, 0x00, 0xf4, 0x33, 0xdf, 0xe7, 0xff, 0xff, 0x3e, 0xc7,
  0xb2, 0x1b, 0x91, 0x13, 0x33, 0x13, 0x75, 0x3c, 0x5e, 0xdf, 0x9e, 0xe7, 0xbf, 0xef, 0x74, 0x64,
  0x52, 0x23, 0x00, 0x00, 0x00, 0x00, 0x00, 0x00, 0x00, 0x00, 0xff, 0x07, 0x00, 0x00, 0x00, 0x00,
  0x00, 0x00, 0x00, 0x00, 0x34, 0x3c, 0xdf, 0xf7, 0xdf, 0xf7, 0x77, 0x85, 0x53, 0x3c, 0x00, 0x00,
  0x96, 0x4c, 0x00, 0x00, 0x10, 0x84, 0x00, 0x00, 0x00, 0x00, 0x00, 0x00, 0x00, 0x00, 0x00, 0x00,
  0x00, 0x00, 0x00, 0x00, 0x00, 0x00, 0xff, 0x07, 0x00, 0x00, 0xb3, 0x2b, 0xf8, 0xa5, 0xdf, 0xff,
  0xfe, 0xf7, 0x7e, 0xdf, 0xff, 0xff, 0xff, 0xff, 0xff, 0xff, 0xdf, 0xef, 0xdf, 0xf7, 0xdf, 0xf7,
  0x7d, 0xe7, 0xdf, 0xff, 0xdf, 0xf7, 0x9e, 0xe7, 0x34, 0x44, 0x00, 0x00, 0x00, 0x00, 0x00, 0x00,
  0x00, 0x00, 0x00, 0x00, 0x00, 0x00, 0x55, 0x55, 0x00, 0x00, 0x00, 0x00, 0x77, 0x65, 0xdf, 0xef,
  0xff, 0xff, 0xbe, 0xf7, 0xf2, 0x33, 0x00, 0x00, 0x00, 0x00, 0x00, 0x00, 0x00, 0x00, 0x00, 0x00,
  0x00, 0x00, 0x00, 0x00, 0x00, 0x00, 0x00, 0x00, 0x00, 0x00, 0x00, 0x00, 0x00, 0x00, 0x00, 0x00,
  0x00, 0x00, 0x00, 0x00, 0x00, 0x00, 0x55, 0x55, 0x00, 0x00, 0x55, 0x05, 0x00, 0x00, 0x57, 0x2c,
  0xf5, 0x1b, 0xb4, 0x0b, 0xd5, 0x03, 0x18, 0x04, 0x99, 0x04, 0x1c, 0x0e, 0x3d, 0x0e, 0xfe, 0x56,
  0xff, 0xcf, 0xff, 0xcf, 0xff, 0xaf, 0x9f, 0x6f, 0xfe, 0x26, 0x5d, 0x0e, 0x1a, 0x05, 0xf5, 0x03,
  0x8a, 0x73, 0x4a, 0x73, 0x4a, 0x63, 0x4b, 0x6b, 0x6c, 0x6b, 0x2b, 0x5b, 0xac, 0x63, 0x8a, 0x73,
  0x10, 0x84, 0x00, 0x00, 0x00, 0x00, 0x00, 0x00, 0x00, 0x00, 0x00, 0x00, 0x00, 0x00, 0x00, 0x00,
  0x00, 0x00, 0x00, 0x00, 0x00, 0x00, 0x00, 0x00, 0x00, 0x00, 0x10, 0x44, 0x12, 0x44, 0xd2, 0x4b,
  0x91, 0x53, 0x10, 0x54, 0x00, 0x00, 0x13, 0x44, 0x10, 0x44, 0x11, 0x34, 0xd3, 0x23, 0x11, 0x13,
  0xb4, 0x13, 0x77, 0x0c, 0x37, 0x04, 0x16, 0x04, 0xb8, 0x04, 0xbc, 0x05, 0x7f, 0x3f, 0xff, 0xe7,
  0xff, 0xdf, 0xff, 0xc7, 0xff, 0x9f, 0x9f, 0x67, 0xdb, 0x05, 0x1a, 0x05, 0x99, 0x0c, 0xf6, 0x03,
  0x37, 0x04, 0xb5, 0x03, 0x95, 0x0b, 0xd5, 0x13, 0x16, 0x1c, 0x15, 0x1c, 0x15, 0x1c, 0xd4, 0x23,
  0xf5, 0x1b, 0x15, 0x24, 0xf5, 0x23, 0x16, 0x24, 0xd9, 0x34, 0x00, 0x00, 0x00, 0x00, 0x00, 0x00,
  0x00, 0x00, 0x00, 0x00, 0x00, 0x00, 0x00, 0x00, 0x35, 0x2c, 0x9c, 0xae, 0xfe, 0xff, 0xff, 0xf7,
  0x7e, 0xe7, 0x51, 0x1b, 0x00, 0x00, 0x10, 0x84, 0x00, 0x00, 0x00, 0x00, 0x17, 0x44, 0x00, 0x00,
  0x15, 0x54, 0x00, 0x00, 0x00, 0x00, 0xd9, 0x95, 0xde, 0xf7, 0xde, 0xf7, 0xff, 0xf7, 0x34, 0x3c,
  0x00, 0x00, 0x00, 0x00, 0x00, 0x00, 0x96, 0x4c, 0x95, 0x4c, 0xbe, 0xe7, 0xfe, 0xff, 0x9e, 0xef,
  0xb3, 0x2b, 0x00, 0x00, 0x00, 0x00, 0x93, 0x23, 0x9b, 0xb6, 0xdf, 0xf7, 0xde, 0xf7, 0xdf, 0xf7,
  0x52, 0x23, 0xb3, 0x1b, 0x00, 0x00, 0x00, 0x00, 0x96, 0x4c, 0x00, 0x00, 0x10, 0x84, 0x00, 0x00,
  0x00, 0x00, 0x00, 0x00, 0x34, 0x44, 0xdf, 0xf7, 0xff, 0xff, 0xfc, 0xc6, 0x33, 0x3c, 0x00, 0x00,
  0x00, 0x00, 0x00, 0x00, 0x00, 0x00, 0x00, 0x00, 0x00, 0x00, 0x00, 0x00, 0x00, 0x00, 0x00, 0x00,
  0x00, 0x00, 0x00, 0x00, 0x00, 0x00, 0x55, 0x55, 0x96, 0x4c, 0x16, 0x5d, 0xdf, 0xf7, 0xdf, 0xff,
  0xbe, 0xf7, 0xdf, 0xf7, 0xbe, 0xf7, 0xbe, 0xff, 0x9e, 0xf7, 0xdf, 0xff, 0xfe, 0xff, 0x9e, 0xff,
  0xbe, 0xf7, 0xde, 0xf7, 0xde, 0xff, 0xdf, 0xe7, 0x99, 0x5d, 0x15, 0x2c, 0x00, 0x00, 0x00, 0x00,
  0x00, 0x00, 0x00, 0x00, 0x00, 0x00, 0x00, 0x00, 0x00, 0x00, 0x00, 0x00, 0xd6, 0x54, 0xbe, 0xf7,
  0xfe, 0xff, 0xff, 0xf7, 0x14, 0x2c, 0x75, 0x3c, 0x00, 0x00, 0x00, 0x00, 0x00, 0x00, 0x00, 0x00,
  0x00, 0x00, 0x00, 0x00, 0x00, 0x00, 0x00, 0x00, 0x00, 0x00, 0x00, 0x00, 0x00, 0x00, 0x00, 0x00,
  0x00, 0x00, 0x00, 0x00, 0x00, 0x00, 0x00, 0x00, 0x00, 0x00, 0x00, 0x00, 0x17, 0x44, 0xff, 0x07,
  0xd5, 0x1b, 0x74, 0x03, 0xd6, 0x03, 0x37, 0x04, 0x9c, 0x05, 0x7b, 0x05, 0xbb, 0x0d, 0x3e, 0x47,
  0xff, 0xe7, 0xff, 0xdf, 0xff, 0xdf, 0xbe, 0x87, 0xbc, 0x26, 0x5e, 0x1e, 0x5c, 0x05, 0x3b, 0x05,
  0x08, 0x84, 0x4a, 0x6b, 0x2a, 0x63, 0xaa, 0x52, 0xaa, 0x52, 0x0a, 0x5b, 0x4c, 0x6b, 0x10, 0x84,
  0x00, 0x00, 0x00, 0x00, 0x00, 0x00, 0x00, 0x00, 0x00, 0x00, 0x00, 0x00, 0x00, 0x00, 0x00, 0x00,
  0x00, 0x00, 0x00, 0x00, 0x00, 0x00, 0x00, 0x00, 0x10, 0x44, 0x1f, 0x00, 0x1f, 0x00, 0xd1, 0x43,
  0xd1, 0x43, 0xb3, 0x43, 0x72, 0x4b, 0x15, 0x54, 0x33, 0x44, 0xd3, 0x2b, 0x14, 0x34, 0x72, 0x1b,
  0x51, 0x0b, 0xf4, 0x03, 0x16, 0x04, 0xf6, 0x03, 0xfa, 0x04, 0x5d, 0x0e, 0x7f, 0x57, 0xff, 0xdf,
  0xff, 0xcf, 0xff, 0xd7, 0xff, 0x9f, 0xdf, 0x77, 0x3d, 0x0e, 0xfa, 0x04, 0xb9, 0x04, 0xf6, 0x03,
  0x38, 0x04, 0xd6, 0x03, 0x17, 0x04, 0x17, 0x14, 0x78, 0x24, 0xf5, 0x23, 0x15, 0x24, 0x16, 0x24,
  0x15, 0x24, 0x16, 0x24, 0x15, 0x24, 0x36, 0x24, 0x16, 0x34, 0x00, 0x00, 0x00, 0x00, 0x00, 0x00,
  0x00, 0x00, 0x00, 0x00, 0x00, 0x00, 0x00, 0x00, 0x17, 0x44, 0x59, 0x45, 0xff, 0xf7, 0xbd, 0xef,
  0xff, 0xf7, 0xd6, 0x54, 0x13, 0x24, 0x00, 0x00, 0x00, 0x00, 0xd9, 0x64, 0x10, 0x84, 0x17, 0x44,
  0xff, 0x07, 0xff, 0x07, 0x00, 0x00, 0xd6, 0x6c, 0xdf, 0xff, 0xde, 0xff, 0xdf, 0xff, 0xb2, 0x2b,
  0x00, 0x00, 0x55, 0x55, 0x96, 0x4c, 0x10, 0x04, 0x76, 0x4c, 0xbe, 0xef, 0xff, 0xff, 0xdf, 0xf7,
  0xb3, 0x2b, 0x00, 0x00, 0x00, 0x00, 0x00, 0x00, 0x74, 0x4c, 0x7e, 0xdf, 0xdf, 0xf7, 0xde, 0xff,
  0x5e, 0xdf, 0x31, 0x13, 0x13, 0x2c, 0x00, 0x00, 0x00, 0x00, 0x00, 0x00, 0x00, 0x00, 0x00, 0x00,
  0x00, 0x00, 0x00, 0x00, 0x14, 0x3c, 0xdf, 0xff, 0xff, 0xff, 0x1c, 0xcf, 0x14, 0x34, 0x00, 0x00,
  0x00, 0x00, 0x00, 0x00, 0x00, 0x00, 0x00, 0x00, 0x00, 0x00, 0x00, 0x00, 0x00, 0x00, 0x00, 0x00,
  0x00, 0x00, 0x00, 0x00, 0x00, 0x00, 0x00, 0x00, 0x14, 0x34, 0x5a, 0xae, 0xdf, 0xff, 0xff, 0xef,
  0x95, 0x44, 0x92, 0x23, 0x92, 0x23, 0x51, 0x1b, 0x71, 0x1b, 0x55, 0x3c, 0x14, 0x34, 0x73, 0x23,
  0x55, 0x44, 0x9e, 0xef, 0xff, 0xf7, 0xff, 0xff, 0x9b, 0xae, 0xd3, 0x3b, 0x00, 0x00, 0xff, 0x07,
  0x00, 0x00, 0x00, 0x00, 0x00, 0x00, 0x00, 0x00, 0x10, 0x84, 0x00, 0x00, 0xd6, 0x5c, 0xdf, 0xf7,
  0xff, 0xff, 0xff, 0xf7, 0x14, 0x2c, 0x10, 0x04, 0x00, 0x00, 0x00, 0x00, 0x00, 0x00, 0x00, 0x00,
  0x00, 0x00, 0x00, 0x00, 0x00, 0x00, 0x00, 0x00, 0x00, 0x00, 0x00, 0x00, 0x00, 0x00, 0x00, 0x00,
  0x00, 0x00, 0x00, 0x00, 0x00, 0x00, 0x00, 0x00, 0x00, 0x00, 0x17, 0x44, 0x00, 0x00, 0x75, 0x1c,
  0xd6, 0x1b, 0xb4, 0x0b, 0xd5, 0x03, 0x58, 0x04, 0xdd, 0x0d, 0x3a, 0x0d, 0xbb, 0x0d, 0xfe, 0x36,
  0xff, 0xd7, 0xff, 0xd7, 0xff, 0xdf, 0xff, 0xa7, 0x5e, 0x2f, 0x7f, 0x4f, 0xfd, 0x0d, 0xdb, 0x04,
  0x00, 0x00, 0x00, 0x00, 0x00, 0x00, 0x00, 0x00, 0x00, 0x00, 0x69, 0x6b, 0x00, 0x00, 0x00, 0x00,
  0x00, 0x00, 0x00, 0x00, 0x00, 0x00, 0x00, 0x00, 0x00, 0x00, 0x00, 0x00, 0x00, 0x00, 0x00, 0x00,
  0x00, 0x00, 0x00, 0x00, 0x00, 0x00, 0x1f, 0x00, 0x10, 0x84, 0x00, 0x00, 0x72, 0x4b, 0x91, 0x53,
  0x91, 0x3b, 0xb1, 0x43, 0x15, 0x54, 0x12, 0x44, 0x13, 0x44, 0xb3, 0x2b, 0xd4, 0x2b, 0x93, 0x1b,
  0x32, 0x0b, 0xb4, 0x03, 0x16, 0x04, 0xf6, 0x03, 0x7b, 0x0d, 0x5e, 0x16, 0x5f, 0x47, 0xff, 0xdf,
  0xff, 0xc7, 0xff, 0xd7, 0xff, 0xa7, 0xff, 0x87, 0x9d, 0x06, 0xfa, 0x04, 0x58, 0x04, 0x17, 0x04,
  0x18, 0x04, 0xb6, 0x03, 0xf7, 0x03, 0xf6, 0x13, 0x77, 0x24, 0x16, 0x24, 0x16, 0x24, 0x15, 0x1c,
  0xf5, 0x1b, 0xf5, 0x23, 0x15, 0x2c, 0x16, 0x2c, 0x36, 0x2c, 0x00, 0x00, 0x00, 0x00, 0x00, 0x00,
  0x00, 0x00, 0x00, 0x00, 0x00, 0x00, 0x00, 0x00, 0x00, 0x00, 0x73, 0x0b, 0x9e, 0xe7, 0xde, 0xf7,
  0xdf, 0xf7, 0xbf, 0xe7, 0x72, 0x1b, 0x10, 0x04, 0x00, 0x00, 0x00, 0x00, 0x00, 0x00, 0xff, 0x07,
  0xd9, 0x64, 0x10, 0x84, 0x00, 0x00, 0xb5, 0x5c, 0xff, 0xf7, 0xde, 0xff, 0xff, 0xf7, 0x92, 0x23,
  0x00, 0x00, 0x17, 0x44, 0x55, 0x55, 0x55, 0x55, 0x96, 0x4c, 0xdf, 0xf7, 0xff, 0xf7, 0xde, 0xf7,
  0x71, 0x23, 0x00, 0x00, 0x10, 0x84, 0x00, 0x00, 0xb5, 0x52, 0xf6, 0x54, 0xbe, 0xef, 0x9e, 0xf7,
  0xdf, 0xff, 0xb9, 0x8d, 0xf1, 0x0a, 0x55, 0x55, 0x00, 0x00, 0x00, 0x00, 0x00, 0x00, 0x00, 0x00,
  0xff, 0x07, 0x00, 0x00, 0x34, 0x44, 0xff, 0xff, 0xff, 0xff, 0x1c, 0xd7, 0xb1, 0x23, 0x00, 0x00,
  0x00, 0x00, 0x00, 0x00, 0x00, 0x00, 0x00, 0x00, 0x00, 0x00, 0x00, 0x00, 0x00, 0x00, 0x00, 0x00,
  0x00, 0x00, 0x00, 0x00, 0x00, 0x00, 0x00, 0x00, 0x13, 0x34, 0x7e, 0xef, 0xff, 0xff, 0x9b, 0xa6,
  0x91, 0x2b, 0x00, 0x00, 0x00, 0x00, 0x96, 0x4c, 0x95, 0x4c, 0x33, 0x33, 0x10, 0x04, 0x00, 0x00,
  0xb2, 0x23, 0x3a, 0x8e, 0xff, 0xff, 0xbe, 0xf7, 0xbe, 0xef, 0x54, 0x54, 0x00, 0x00, 0x00, 0x00,
  0x00, 0x00, 0x00, 0x00, 0x00, 0x00, 0x00, 0x00, 0x00, 0x00, 0x00, 0x00, 0xd6, 0x64, 0xbe, 0xf7,
  0xff, 0xff, 0xff, 0xf7, 0xf4, 0x2b, 0x10, 0x04, 0x55, 0x55, 0x00, 0x00, 0x00, 0x00, 0x00, 0x00,
  0x00, 0x00, 0x00, 0x00, 0x00, 0x00, 0x00, 0x00, 0x00, 0x00, 0x00, 0x00, 0x00, 0x00, 0x00, 0x00,
  0x00, 0x00, 0x00, 0x00, 0x00, 0x00, 0x00, 0x00, 0x00, 0x00, 0x55, 0x55, 0x17, 0x44, 0x55, 0x24,
  0x16, 0x1c, 0x94, 0x03, 0xb5, 0x03, 0x98, 0x04, 0x9c, 0x0d, 0xda, 0x0c, 0xdb, 0x0d, 0xfd, 0x3e,
  0xff, 0xb7, 0xff, 0xc7, 0xff, 0xcf, 0xbf, 0xa7, 0x3c, 0x16, 0xbf, 0x4f, 0xff, 0x77, 0x1d, 0x1e,
  0x00, 0x00, 0x00, 0x00, 0x00, 0x00, 0x00, 0x00, 0x00, 0x00, 0x00, 0x00, 0x00, 0x00, 0x00, 0x00,
  0x00, 0x00, 0x00, 0x00, 0x00, 0x00, 0x00, 0x00, 0x00, 0x00, 0x00, 0x00, 0x00, 0x00, 0x00, 0x00,
  0x00, 0x00, 0x00, 0x00, 0x00, 0x00, 0x00, 0x00, 0x00, 0x00, 0x1f, 0x00, 0x72, 0x4b, 0xb5, 0x52,
  0x10, 0x84, 0x00, 0x00, 0x00, 0x00, 0x53, 0x3c, 0xd3, 0x3b, 0x92, 0x2b, 0x92, 0x23, 0x72, 0x1b,
  0x93, 0x13, 0x16, 0x04, 0x16, 0x04, 0xd9, 0x0c, 0xbc, 0x05, 0x3d, 0x06, 0xfe, 0x2e, 0xff, 0xd7,
  0xff, 0xc7, 0xff, 0xcf, 0xff, 0xaf, 0xff, 0x9f, 0x5d, 0x06, 0xda, 0x04, 0x99, 0x04, 0x58, 0x04,
  0x38, 0x04, 0xf7, 0x03, 0xf6, 0x0b, 0x17, 0x14, 0x56, 0x24, 0x16, 0x1c, 0x16, 0x1c, 0xd5, 0x13,
  0xb4, 0x1b, 0x16, 0x24, 0x36, 0x2c, 0x36, 0x2c, 0x36, 0x2c, 0x00, 0x00, 0x00, 0x00, 0xff, 0x07,
  0x00, 0x00, 0x00, 0x00, 0x00, 0x00, 0x00, 0x00, 0x00, 0x00, 0xd3, 0x23, 0x76, 0x3c, 0xbf, 0xf7,
  0xff, 0xff, 0xff, 0xf7, 0xbf, 0xef, 0x52, 0x13, 0x15, 0x04, 0x10, 0x04, 0x00, 0x00, 0x00, 0x00,
  0x00, 0x00, 0x00, 0x00, 0x52, 0x2b, 0x75, 0x4c, 0xbf, 0xf7, 0xbd, 0xff, 0xff, 0xff, 0x52, 0x1b,
  0x00, 0x00, 0x55, 0x55, 0x00, 0x00, 0x10, 0x04, 0x96, 0x4c, 0xff, 0xf7, 0xff, 0xff, 0xdf, 0xf7,
  0x31, 0x1b, 0x00, 0x00, 0x00, 0x00, 0x00, 0x00, 0x00, 0x00, 0xd4, 0x2b, 0x97, 0x8d, 0xdf, 0xf7,
  0xde, 0xf7, 0xdf, 0xf7, 0x95, 0x54, 0x32, 0x13, 0x00, 0x00, 0x00, 0x00, 0x00, 0x00, 0x00, 0x00,
  0xff, 0x07, 0x00, 0x00, 0x75, 0x44, 0xff, 0xff, 0xde, 0xf7, 0x9a, 0xae, 0x10, 0x0b, 0x00, 0x00,
  0x00, 0x00, 0x72, 0x23, 0x33, 0x33, 0xb3, 0x3b, 0x73, 0x33, 0x96, 0x4c, 0x76, 0x44, 0x35, 0x4c,
  0x00, 0x00, 0x00, 0x00, 0x00, 0x00, 0x93, 0x1b, 0x57, 0x6d, 0xff, 0xff, 0xff, 0xf7, 0xb6, 0x5c,
  0x13, 0x44, 0x00, 0x00, 0x10, 0x84, 0x17, 0x44, 0x00, 0x00, 0x00, 0x00, 0x00, 0x00, 0x00, 0x00,
  0x00, 0x00, 0xb6, 0x4c, 0xbe, 0xf7, 0xde, 0xf7, 0xbe, 0xf7, 0xf6, 0x74, 0x15, 0x2c, 0x00, 0x00,
  0x00, 0x00, 0x00, 0x00, 0x00, 0x00, 0x10, 0x84, 0x00, 0x00, 0x00, 0x00, 0x37, 0x65, 0xbf, 0xef,
  0xff, 0xff, 0xff, 0xf7, 0xd3, 0x23, 0x10, 0x04, 0x10, 0x84, 0x00, 0x00, 0x00, 0x00, 0x00, 0x00,
  0x00, 0x00, 0x00, 0x00, 0x00, 0x00, 0x00, 0x00, 0x00, 0x00, 0x00, 0x00, 0x00, 0x00, 0x00, 0x00,
  0x00, 0x00, 0x00, 0x00, 0x00, 0x00, 0x17, 0x44, 0x55, 0x55, 0x00, 0x00, 0xff, 0x07, 0x15, 0x1c,
  0x36, 0x1c, 0x74, 0x03, 0xd6, 0x03, 0xd9, 0x04, 0x7b, 0x05, 0xb9, 0x04, 0x3a, 0x05, 0x1e, 0x3f,
  0xff, 0xcf, 0xff, 0xdf, 0xff, 0xbf, 0x7c, 0x3e, 0x39, 0x05, 0xbe, 0x2e, 0xff, 0xb7, 0xff, 0xaf,
  0x00, 0x00, 0x00, 0x00, 0x00, 0x00, 0x00, 0x00, 0x00, 0x00, 0x00, 0x00, 0x00, 0x00, 0x00, 0x00,
  0x00, 0x00, 0x00, 0x00, 0x00, 0x00, 0x00, 0x00, 0x00, 0x00, 0x00, 0x00, 0x00, 0x00, 0x00, 0x00,
  0x00, 0x00, 0x00, 0x00, 0x00, 0x00, 0x00, 0x00, 0x00, 0x00, 0x00, 0x00, 0x00, 0x00, 0xb5, 0x52,
  0x1f, 0x00, 0x10, 0x84, 0x13, 0x4c, 0xd2, 0x3b, 0x71, 0x2b, 0x71, 0x23, 0xb3, 0x23, 0x92, 0x1b,
  0x94, 0x13, 0x57, 0x04, 0x57, 0x04, 0xb9, 0x04, 0x9b, 0x05, 0x7d, 0x0e, 0xfe, 0x2e, 0xff, 0xcf,
  0xff, 0xc7, 0xff, 0xbf, 0xff, 0xa7, 0xff, 0xbf, 0xff, 0x0e, 0x1b, 0x05, 0xba, 0x04, 0x37, 0x04,
  0x37, 0x04, 0xd6, 0x03, 0xd6, 0x0b, 0x78, 0x1c, 0x14, 0x24, 0x77, 0x14, 0xd9, 0x1c, 0xb8, 0x1c,
  0x16, 0x1c, 0x16, 0x1c, 0x36, 0x2c, 0x56, 0x24, 0x56, 0x24, 0x96, 0x4c, 0x00, 0x00, 0x00, 0x00,
  0x00, 0x00, 0x00, 0x00, 0x00, 0x00, 0x00, 0x00, 0x00, 0x00, 0x00, 0x00, 0x73, 0x1b, 0x17, 0x65,
  0xbf, 0xf7, 0xdf, 0xff, 0xdf, 0xf7, 0xbe, 0xe7, 0x75, 0x4c, 0x95, 0x4c, 0xd3, 0x2b, 0xb3, 0x23,
  0xd3, 0x2b, 0x14, 0x34, 0x91, 0x33, 0xb9, 0x95, 0xdf, 0xff, 0xff, 0xff, 0xde, 0xff, 0x31, 0x13,
  0x00, 0x00, 0xd9, 0x64, 0x00, 0x00, 0x00, 0x00, 0x76, 0x3c, 0xde, 0xf7, 0xff, 0xff, 0xbe, 0xf7,
  0x51, 0x1b, 0x00, 0x00, 0x00, 0x00, 0x00, 0x00, 0x00, 0x00, 0x00, 0x00, 0xd3, 0x43, 0xbc, 0xb6,
  0xdf, 0xff, 0xde, 0xf7, 0x3c, 0xd7, 0x92, 0x23, 0x15, 0x2c, 0x00, 0x00, 0x00, 0x00, 0x00, 0x00,
  0x10, 0x84, 0x00, 0x00, 0x54, 0x44, 0xff, 0xff, 0xde, 0xf7, 0x18, 0x9e, 0xd3, 0x3b, 0x95, 0x54,
  0xd6, 0x64, 0xb6, 0x5c, 0x95, 0x5c, 0x96, 0x5c, 0xd6, 0x5c, 0x5b, 0xa6, 0x1c, 0xd7, 0x9b, 0xc6,
  0x13, 0x44, 0x00, 0x00, 0x00, 0x00, 0x11, 0x13, 0x5d, 0xdf, 0xff, 0xff, 0xdf, 0xef, 0xd3, 0x2b,
  0x00, 0x00, 0x00, 0x00, 0x00, 0x00, 0x00, 0x00, 0x00, 0x00, 0xff, 0x07, 0x10, 0x84, 0x00, 0x00,
  0x00, 0x00, 0xd3, 0x2b, 0x7e, 0xd7, 0xff, 0xff, 0xff, 0xf7, 0xba, 0xd6, 0x93, 0x33, 0x00, 0x00,
  0x00, 0x00, 0x00, 0x00, 0x00, 0x00, 0xff, 0x07, 0x00, 0x00, 0x13, 0x24, 0x38, 0x6d, 0xff, 0xff,
  0xde, 0xff, 0xff, 0xf7, 0xd3, 0x23, 0x10, 0x04, 0x00, 0x00, 0x00, 0x00, 0x00, 0x00, 0x00, 0x00,
  0x00, 0x00, 0x00, 0x00, 0x00, 0x00, 0x00, 0x00, 0x00, 0x00, 0x00, 0x00, 0x00, 0x00, 0x00, 0x00,
  0x00, 0x00, 0x00, 0x00, 0x00, 0x00, 0x13, 0x44, 0x17, 0x44, 0x17, 0x24, 0xd3, 0x34, 0x15, 0x24,
  0x56, 0x1c, 0x74, 0x03, 0x37, 0x04, 0x5b, 0x15, 0x3a, 0x0d, 0x1a, 0x05, 0x7b, 0x05, 0x7c, 0x1e,
  0xbf, 0x97, 0xff, 0xb7, 0xff, 0xaf, 0x9e, 0x77, 0xdb, 0x05, 0xde, 0x05, 0x1d, 0x0e, 0x7f, 0x2f,
  0x00, 0x00, 0x00, 0x00, 0x00, 0x00, 0x00, 0x00, 0x00, 0x00, 0x00, 0x00, 0x00, 0x00, 0x00, 0x00,
  0x00, 0x00, 0x00, 0x00, 0x00, 0x00, 0x00, 0x00, 0x00, 0x00, 0x00, 0x00, 0x00, 0x00, 0x00, 0x00,
  0x00, 0x00, 0x00, 0x00, 0x00, 0x00, 0x00, 0x00, 0x10, 0x84, 0x00, 0x00, 0x00, 0x00, 0x00, 0x00,
  0x33, 0x33, 0x91, 0x3b, 0x13, 0x4c, 0xd2, 0x3b, 0x71, 0x23, 0x71, 0x23, 0x72, 0x1b, 0x73, 0x13,
  0x53, 0x0b, 0x57, 0x04, 0xbe, 0x1e, 0x5f, 0x47, 0x3d, 0x1e, 0x3f, 0x2f, 0x5f, 0x37, 0xff, 0xaf,
  0xff, 0xbf, 0xff, 0xb7, 0xdf, 0x9f, 0xff, 0xcf, 0x1e, 0x17, 0x3b, 0x05, 0xba, 0x04, 0x37, 0x04,
  0xf6, 0x03, 0xb5, 0x03, 0xf7, 0x0b, 0xda, 0x1c, 0x36, 0x1c, 0x7a, 0x1d, 0xbe, 0x3e, 0x1d, 0x2e,
  0x98, 0x1c, 0x56, 0x1c, 0x56, 0x24, 0x36, 0x24, 0x35, 0x2c, 0x96, 0x44, 0x10, 0x84, 0x00, 0x00,
  0x00, 0x00, 0x00, 0x00, 0x00, 0x00, 0x00, 0x00, 0x00, 0x00, 0xff, 0x07, 0x00, 0x00, 0x93, 0x13,
  0x95, 0x44, 0x1d, 0xcf, 0xdf, 0xef, 0xdf, 0xff, 0xff, 0xf7, 0xbe, 0xf7, 0xbf, 0xef, 0xfc, 0xd6,
  0x7e, 0xdf, 0xbe, 0xef, 0xdf, 0xf7, 0xdf, 0xf7, 0xbd, 0xf7, 0xdf, 0xf7, 0x3d, 0xd7, 0xb3, 0x2b,
  0x00, 0x00, 0xd9, 0x64, 0x55, 0x55, 0x00, 0x00, 0x76, 0x3c, 0xff, 0xff, 0xff, 0xff, 0xde, 0xff,
  0x91, 0x23, 0x00, 0x00, 0x00, 0x00, 0x00, 0x00, 0x00, 0x00, 0x55, 0x55, 0x93, 0x2b, 0x14, 0x3c,
  0xdc, 0xc6, 0xff, 0xf7, 0xdf, 0xf7, 0xdc, 0xc6, 0x31, 0x13, 0xb7, 0x44, 0x00, 0x00, 0x00, 0x00,
  0x55, 0x55, 0x10, 0x04, 0x75, 0x4c, 0xff, 0xff, 0xff, 0xff, 0xdf, 0xff, 0xff, 0xff, 0xff, 0xff,
  0xff, 0xff, 0xff, 0xff, 0xff, 0xff, 0xff, 0xff, 0xff, 0xff, 0xbf, 0xff, 0xff, 0xff, 0xbe, 0xf7,
  0x11, 0x13, 0x00, 0x00, 0x54, 0x2c, 0x75, 0x44, 0xde, 0xf7, 0xdf, 0xff, 0x98, 0x7d, 0x14, 0x34,
  0x00, 0x00, 0x00, 0x00, 0x00, 0x00, 0x00, 0x00, 0xff, 0x07, 0x00, 0x00, 0x00, 0x00, 0x00, 0x00,
  0x00, 0x00, 0xb2, 0x2b, 0xdc, 0xc6, 0xff, 0xff, 0xff, 0xf7, 0xbe, 0xff, 0x34, 0x44, 0x00, 0x00,
  0xff, 0x07, 0x00, 0x00, 0x00, 0x00, 0x00, 0x00, 0x00, 0x00, 0x11, 0x23, 0x58, 0x6d, 0xff, 0xff,
  0xff, 0xff, 0xff, 0xf7, 0xf3, 0x2b, 0x1f, 0x00, 0x00, 0x00, 0x00, 0x00, 0x00, 0x00, 0x00, 0x00,
  0x00, 0x00, 0x00, 0x00, 0x00, 0x00, 0x00, 0x00, 0x00, 0x00, 0x00, 0x00, 0x00, 0x00, 0x00, 0x00,
  0xff, 0x07, 0x00, 0x00, 0x00, 0x00, 0x00, 0x00, 0xd3, 0x34, 0x16, 0x24, 0x75, 0x24, 0x36, 0x24,
  0xd5, 0x1b, 0x73, 0x03, 0x37, 0x04, 0x3b, 0x15, 0x5b, 0x15, 0x1c, 0x16, 0xbe, 0x36, 0xbf, 0x87,
  0xff, 0xbf, 0xff, 0xcf, 0xff, 0xd7, 0xbe, 0x97, 0x1c, 0x06, 0x1e, 0x0e, 0x58, 0x04, 0x18, 0x04,
  0x00, 0x00, 0x00, 0x00, 0x00, 0x00, 0x00, 0x00, 0x00, 0x00, 0x00, 0x00, 0x00, 0x00, 0x00, 0x00,
  0x00, 0x00, 0x00, 0x00, 0x00, 0x00, 0x00, 0x00, 0x00, 0x00, 0x00, 0x00, 0x00, 0x00, 0x00, 0x00,
  0x00, 0x00, 0x00, 0x00, 0x00, 0x00, 0x00, 0x00, 0x00, 0x00, 0xb5, 0x52, 0x33, 0x33, 0x91, 0x53,
  0x72, 0x4b, 0xb3, 0x4b, 0x72, 0x4b, 0x11, 0x3c, 0xb2, 0x2b, 0x71, 0x23, 0x31, 0x13, 0x32, 0x0b,
  0x95, 0x03, 0xbb, 0x25, 0xdf, 0x6f, 0xdf, 0x77, 0x9e, 0x2e, 0x5f, 0x47, 0x5f, 0x37, 0xff, 0xa7,
  0xff, 0xc7, 0xff, 0xb7, 0xff, 0x9f, 0xff, 0xb7, 0x3e, 0x17, 0x3a, 0x05, 0xb9, 0x04, 0x38, 0x04,
  0xb5, 0x03, 0xd6, 0x03, 0x38, 0x04, 0x3b, 0x1d, 0x98, 0x1c, 0x1a, 0x15, 0x5e, 0x36, 0x5b, 0x2d,
  0x77, 0x24, 0x36, 0x24, 0xf5, 0x23, 0x36, 0x2c, 0x15, 0x2c, 0x57, 0x34, 0x00, 0x00, 0x00, 0x00,
  0x00, 0x00, 0x00, 0x00, 0x00, 0x00, 0x00, 0x00, 0x00, 0x00, 0x10, 0x84, 0xd9, 0x64, 0x00, 0x00,
  0x10, 0x04, 0x71, 0x23, 0x34, 0x4c, 0x99, 0x85, 0xfd, 0xc6, 0xff, 0xef, 0xff, 0xff, 0xff, 0xff,
  0xde, 0xf7, 0xde, 0xff, 0xff, 0xf7, 0x9e, 0xdf, 0x33, 0x5c, 0x70, 0x2b, 0x51, 0x2b, 0x34, 0x34,
  0x78, 0x54, 0xff, 0x07, 0x55, 0x55, 0x00, 0x00, 0x55, 0x34, 0xbe, 0xef, 0xff, 0xff, 0x9e, 0xf7,
  0x13, 0x3c, 0x00, 0x00, 0x00, 0x00, 0x00, 0x00, 0x00, 0x00, 0xff, 0x07, 0xd9, 0x64, 0x73, 0x23,
  0xf3, 0x3b, 0x7e, 0xe7, 0xbe, 0xf7, 0xbf, 0xf7, 0x1d, 0xcf, 0x96, 0x44, 0x00, 0x00, 0xff, 0x07,
  0x00, 0x00, 0xd3, 0x34, 0x16, 0x5d, 0xff, 0xf7, 0xff, 0xff, 0xbe, 0xf7, 0xdf, 0xf7, 0xdf, 0xf7,
  0xff, 0xff, 0xff, 0xff, 0xff, 0xff, 0xff, 0xff, 0xbf, 0xff, 0x9e, 0xf7, 0xdf, 0xff, 0x3d, 0xdf,
  0x11, 0x1b, 0x00, 0x00, 0x92, 0x2b, 0x9c, 0xa6, 0xde, 0xf7, 0xbe, 0xf7, 0xd2, 0x33, 0x53, 0x3c,
  0x00, 0x00, 0x00, 0x00, 0x00, 0x00, 0x00, 0x00, 0x00, 0x00, 0x00, 0x00, 0x00, 0x00, 0x00, 0x00,
  0x00, 0x00, 0x00, 0x00, 0x17, 0x75, 0xff, 0xff, 0xdf, 0xf7, 0x9f, 0xff, 0xd2, 0x33, 0x00, 0x00,
  0x00, 0x00, 0x00, 0x00, 0x00, 0x00, 0x00, 0x00, 0x00, 0x00, 0x30, 0x23, 0xb8, 0x8d, 0xdd, 0xf7,
  0xdd, 0xff, 0xbe, 0xf7, 0x95, 0x4c, 0x54, 0x2c, 0x00, 0x00, 0x00, 0x00, 0x00, 0x00, 0x00, 0x00,
  0x00, 0x00, 0x00, 0x00, 0x00, 0x00, 0x00, 0x00, 0x00, 0x00, 0x00, 0x00, 0x00, 0x00, 0x00, 0x00,
  0x00, 0x00, 0x00, 0x00, 0x00, 0x00, 0x00, 0x00, 0x10, 0x04, 0x17, 0x44, 0x96, 0x24, 0x57, 0x24,
  0x94, 0x13, 0x95, 0x0b, 0xf9, 0x0c, 0x3b, 0x15, 0x7b, 0x0d, 0x7c, 0x1e, 0x1e, 0x2f, 0xff, 0x9f,
  0xff, 0xef, 0xff, 0xdf, 0xff, 0xdf, 0xdf, 0xa7, 0x1c, 0x0e, 0x7e, 0x0e, 0xf9, 0x0c, 0x95, 0x03,
  0x00, 0x00, 0x00, 0x00, 0x00, 0x00, 0x00, 0x00, 0x00, 0x00, 0x00, 0x00, 0x00, 0x00, 0x00, 0x00,
  0x00, 0x00, 0x00, 0x00, 0x00, 0x00, 0x00, 0x00, 0x00, 0x00, 0x00, 0x00, 0x00, 0x00, 0x00, 0x00,
  0x00, 0x00, 0x00, 0x00, 0x00, 0x00, 0x1f, 0x00, 0x00, 0x00, 0x10, 0x44, 0x72, 0x4b, 0x10, 0x84,
  0x12, 0x4c, 0xb1, 0x3b, 0x13, 0x44, 0xd2, 0x3b, 0x14, 0x2c, 0x51, 0x13, 0x11, 0x0b, 0xd4, 0x0b,
  0xdb, 0x2d, 0xff, 0x8f, 0x9e, 0x97, 0xfe, 0x46, 0x9e, 0x1e, 0x1f, 0x2f, 0x5f, 0x37, 0xff, 0xaf,
  0xff, 0xc7, 0xff, 0xb7, 0xff, 0x8f, 0xff, 0xbf, 0x7e, 0x2f, 0x1a, 0x05, 0x58, 0x04, 0x17, 0x04,
  0x16, 0x04, 0x37, 0x04, 0x58, 0x04, 0xd9, 0x14, 0x37, 0x14, 0xd9, 0x0c, 0xb8, 0x1c, 0x77, 0x24,
  0x15, 0x24, 0x33, 0x33, 0x14, 0x24, 0xd3, 0x34, 0x00, 0x00, 0xd9, 0x34, 0x00, 0x00, 0x00, 0x00,
  0x00, 0x00, 0x00, 0x00, 0x00, 0x00, 0x00, 0x00, 0x00, 0x00, 0x10, 0x84, 0xff, 0x07, 0x55, 0x55,
  0x17, 0x44, 0x00, 0x00, 0x33, 0x33, 0x51, 0x13, 0x92, 0x23, 0x96, 0x34, 0x17, 0x55, 0x98, 0x65,
  0x57, 0x5d, 0xf7, 0x54, 0x55, 0x3c, 0xb3, 0x1b, 0x32, 0x0b, 0x33, 0x33, 0x14, 0x34, 0xb6, 0x3c,
  0x00, 0x00, 0x00, 0x00, 0x55, 0x55, 0xff, 0x07, 0x14, 0x34, 0x30, 0x0b, 0x71, 0x2b, 0x54, 0x4c,
  0x14, 0x34, 0x00, 0x00, 0x00, 0x00, 0x00, 0x00, 0x00, 0x00, 0xff, 0x07, 0xd9, 0x64, 0x15, 0x2c,
  0x10, 0x1b, 0x92, 0x23, 0x75, 0x54, 0xd6, 0x5c, 0xfa, 0x95, 0xb6, 0x4c, 0x00, 0x00, 0x00, 0x00,
  0x00, 0x00, 0x15, 0x54, 0xd3, 0x23, 0x34, 0x3c, 0x94, 0x44, 0x14, 0x34, 0x34, 0x2c, 0x34, 0x2c,
  0x75, 0x34, 0x35, 0x34, 0x55, 0x3c, 0x55, 0x3c, 0x95, 0x44, 0xf3, 0x33, 0x74, 0x44, 0x13, 0x34,
  0xd2, 0x33, 0x00, 0x00, 0xb3, 0x33, 0x58, 0x6d, 0xb9, 0x7d, 0xb7, 0x8d, 0x13, 0x3c, 0x00, 0x00,
  0x00, 0x00, 0x00, 0x00, 0x00, 0x00, 0x00, 0x00, 0x00, 0x00, 0x00, 0x00, 0x00, 0x00, 0x00, 0x00,
  0x00, 0x00, 0x00, 0x00, 0x55, 0x44, 0x57, 0x75, 0xd6, 0x74, 0x54, 0x44, 0xb3, 0x23, 0x00, 0x00,
  0x10, 0x84, 0x00, 0x00, 0x00, 0x00, 0x00, 0x00, 0x00, 0x00, 0x95, 0x1b, 0x55, 0x4c, 0x71, 0x2b,
  0x91, 0x33, 0xd1, 0x4b, 0x92, 0x1b, 0x12, 0x44, 0x00, 0x00, 0x00, 0x00, 0x00, 0x00, 0x00, 0x00,
  0x00, 0x00, 0x00, 0x00, 0x00, 0x00, 0x00, 0x00, 0x00, 0x00, 0x00, 0x00, 0x00, 0x00, 0x00, 0x00,
  0x00, 0x00, 0x00, 0x00, 0x00, 0x00, 0x00, 0x00, 0x15, 0x2c, 0x75, 0x1c, 0x55, 0x05, 0x35, 0x2c,
  0xd5, 0x13, 0x16, 0x0c, 0x1a, 0x0d, 0x5b, 0x0d, 0xfd, 0x15, 0x3c, 0x0e, 0xde, 0x0e, 0x7e, 0x67,
  0xff, 0xd7, 0xff, 0xbf, 0xff, 0xdf, 0xff, 0xb7, 0xdc, 0x05, 0xfc, 0x0d, 0xb8, 0x04, 0x15, 0x04,
  0x00, 0x00, 0x00, 0x00, 0x00, 0x00, 0x00, 0x00, 0x00, 0x00, 0x00, 0x00, 0x00, 0x00, 0x00, 0x00,
  0x00, 0x00, 0x00, 0x00, 0x00, 0x00, 0x00, 0x00, 0x00, 0x00, 0x00, 0x00, 0x00, 0x00, 0x00, 0x00,
  0x00, 0x00, 0x00, 0x00, 0x00, 0x00, 0x00, 0x00, 0x10, 0x84, 0x10, 0x3b, 0x72, 0x4b, 0x4f, 0x2b,
  0x0f, 0x2b, 0xf3, 0x3b, 0x95, 0x44, 0xd5, 0x3c, 0x54, 0x34, 0x34, 0x0c, 0x1d, 0x57, 0xfe, 0x46,
  0xbd, 0x2e, 0x7f, 0x47, 0x7d, 0x16, 0x7b, 0x0d, 0x9b, 0x0d, 0xbb, 0x0d, 0x7c, 0x06, 0xff, 0xa7,
  0xff, 0xe7, 0xff, 0xd7, 0xff, 0xaf, 0xff, 0x9f, 0x7f, 0x3f, 0x7c, 0x0d, 0xdc, 0x0d, 0x3b, 0x0d,
  0xd5, 0x03, 0x57, 0x04, 0x1b, 0x0d, 0x1d, 0x26, 0x1d, 0x16, 0xdd, 0x2d, 0xf9, 0x14, 0x36, 0x0c,
  0xd4, 0x1b, 0x15, 0x24, 0x57, 0x24, 0x55, 0x55, 0x55, 0x55, 0x00, 0x00, 0x00, 0x00, 0x00, 0x00,
  0x00, 0x00, 0x00, 0x00, 0x00, 0x00, 0x00, 0x00, 0x00, 0x00, 0x00, 0x00, 0x00, 0x00, 0x00, 0x00,
  0x00, 0x00, 0x00, 0x00, 0x00, 0x00, 0x00, 0x00, 0x00, 0x00, 0x17, 0x44, 0xd3, 0x34, 0x15, 0x54,
  0xff, 0x07, 0xff, 0x07, 0x10, 0x84, 0xd9, 0x34, 0x10, 0x84, 0x00, 0x00, 0x00, 0x00, 0x00, 0x00,
  0x00, 0x00, 0x00, 0x00, 0x00, 0x00, 0x00, 0x00, 0xff, 0x07, 0x17, 0x44, 0x10, 0x84, 0xd9, 0x34,
  0xff, 0x07, 0x00, 0x00, 0x00, 0x00, 0x00, 0x00, 0x00, 0x00, 0x00, 0x00, 0x00, 0x00, 0x00, 0x00,
  0x00, 0x00, 0x00, 0x00, 0xff, 0x07, 0x16, 0x34, 0x15, 0x2c, 0x17, 0x44, 0x00, 0x00, 0x00, 0x00,
  0x00, 0x00, 0x00, 0x00, 0x00, 0x00, 0x35, 0x3c, 0x35, 0x34, 0x13, 0x44, 0x96, 0x4c, 0x96, 0x4c,
  0x17, 0x44, 0x16, 0x4c, 0x75, 0x3c, 0x16, 0x34, 0x15, 0x44, 0x10, 0x84, 0x00, 0x00, 0x00, 0x00,
  0x00, 0x00, 0x00, 0x00, 0x00, 0x00, 0x15, 0x3c, 0xb4, 0x2b, 0x14, 0x3c, 0xff, 0x07, 0x00, 0x00,
  0x00, 0x00, 0x00, 0x00, 0x00, 0x00, 0x00, 0x00, 0x00, 0x00, 0x00, 0x00, 0x00, 0x00, 0x00, 0x00,
  0x00, 0x00, 0x00, 0x00, 0x10, 0x04, 0xb4, 0x2b, 0xb3, 0x23, 0x35, 0x3c, 0x96, 0x4c, 0x00, 0x00,
  0x00, 0x00, 0x00, 0x00, 0x00, 0x00, 0x00, 0x00, 0x00, 0x00, 0x00, 0x00, 0x10, 0x04, 0x54, 0x2c,
  0x16, 0x34, 0x34, 0x3c, 0x96, 0x4c, 0x10, 0x04, 0xff, 0x07, 0xff, 0x07, 0x00, 0x00, 0x00, 0x00,
  0x00, 0x00, 0x00, 0x00, 0x00, 0x00, 0x00, 0x00, 0x00, 0x00, 0x00, 0x00, 0x00, 0x00, 0x00, 0x00,
  0x00, 0x00, 0x00, 0x00, 0x00, 0x00, 0x00, 0x00, 0xff, 0x07, 0x35, 0x24, 0x15, 0x1c, 0xd4, 0x1b,
  0xd5, 0x0b, 0xfa, 0x04, 0xbc, 0x0d, 0x57, 0x04, 0x17, 0x04, 0xdc, 0x05, 0xbe, 0x16, 0x7f, 0x5f,
  0xff, 0xd7, 0xff, 0xcf, 0xff, 0xd7, 0xdf, 0xa7, 0x7d, 0x0e, 0x9b, 0x0d, 0x19, 0x0d, 0x97, 0x0c,
  0x00, 0x00, 0x00, 0x00, 0x00, 0x00, 0x00, 0x00, 0x00, 0x00, 0x00, 0x00, 0x00, 0x00, 0x00, 0x00,
  0x00, 0x00, 0x00, 0x00, 0x00, 0x00, 0x00, 0x00, 0x00, 0x00, 0x00, 0x00, 0x00, 0x00, 0x00, 0x00,
  0x00, 0x00, 0x00, 0x00, 0x00, 0x00, 0x00, 0x00, 0x10, 0x4c, 0x90, 0x43, 0x50, 0x3b, 0x30, 0x33,
  0x2f, 0x2b, 0x50, 0x23, 0x13, 0x24, 0x74, 0x2c, 0xd2, 0x13, 0x76, 0x14, 0xfd, 0x5e, 0x3c, 0x26,
  0xd9, 0x0c, 0x5d, 0x0e, 0x36, 0x04, 0x73, 0x03, 0xf5, 0x0b, 0x19, 0x05, 0x1c, 0x06, 0x5e, 0x6f,
  0xff, 0xd7, 0xff, 0xd7, 0xff, 0xd7, 0xff, 0xb7, 0x9f, 0x47, 0x5b, 0x05, 0x5b, 0x05, 0xda, 0x04,
  0xf7, 0x03, 0xb5, 0x03, 0x78, 0x04, 0xfd, 0x15, 0x9f, 0x1e, 0xf9, 0x14, 0xd9, 0x0c, 0x36, 0x0c,
  0xb4, 0x1b, 0x15, 0x24, 0x36, 0x2c, 0x75, 0x3c, 0x57, 0x34, 0x00, 0x00, 0x00, 0x00, 0x00, 0x00,
  0x00, 0x00, 0x00, 0x00, 0x00, 0x00, 0x00, 0x00, 0x00, 0x00, 0x00, 0x00, 0x00, 0x00, 0x00, 0x00,
  0x00, 0x00, 0x00, 0x00, 0x00, 0x00, 0x00, 0x00, 0xff, 0x07, 0x00, 0x00, 0x00, 0x00, 0x10, 0x84,
  0xff, 0x07, 0x00, 0x00, 0x00, 0x00, 0x00, 0x00, 0x10, 0x84, 0x00, 0x00, 0x00, 0x00, 0x00, 0x00,
  0x00, 0x00, 0x00, 0x00, 0x00, 0x00, 0x00, 0x00, 0x55, 0x55, 0x00, 0x00, 0x00, 0x00, 0xff, 0x07,
  0xff, 0x07, 0x00, 0x00, 0x00, 0x00, 0x00, 0x00, 0x00, 0x00, 0x00, 0x00, 0x00, 0x00, 0x00, 0x00,
  0x00, 0x00, 0x00, 0x00, 0x00, 0x00, 0x00, 0x00, 0xff, 0x07, 0x00, 0x00, 0x00, 0x00, 0x00, 0x00,
  0x00, 0x00, 0x00, 0x00, 0x00, 0x00, 0x00, 0x00, 0x00, 0x00, 0x00, 0x00, 0x00, 0x00, 0x00, 0x00,
  0x00, 0x00, 0x00, 0x00, 0x00, 0x00, 0x00, 0x00, 0x00, 0x00, 0xff, 0x07, 0x00, 0x00, 0x00, 0x00,
  0x00, 0x00, 0x00, 0x00, 0x00, 0x00, 0x00, 0x00, 0x00, 0x00, 0x10, 0x84, 0x00, 0x00, 0xff, 0x07,
  0x00, 0x00, 0x00, 0x00, 0x00, 0x00, 0x00, 0x00, 0x00, 0x00, 0x00, 0x00, 0x00, 0x00, 0x00, 0x00,
  0x00, 0x00, 0x00, 0x00, 0x00, 0x00, 0x00, 0x00, 0xff, 0x07, 0x10, 0x84, 0x10, 0x84, 0xff, 0x07,
  0x00, 0x00, 0x00, 0x00, 0x00, 0x00, 0x00, 0x00, 0x00, 0x00, 0xff, 0x07, 0x00, 0x00, 0x00, 0x00,
  0xff, 0x07, 0xff, 0x07, 0x00, 0x00, 0x00, 0x00, 0x10, 0x04, 0x00, 0x00, 0x00, 0x00, 0x00, 0x00,
  0x00, 0x00, 0x00, 0x00, 0x00, 0x00, 0x00, 0x00, 0xff, 0x07, 0x00, 0x00, 0x00, 0x00, 0x00, 0x00,
  0x00, 0x00, 0x00, 0x00, 0xff, 0x07, 0x00, 0x00, 0x17, 0x44, 0xb6, 0x23, 0xf5, 0x1b, 0xd4, 0x1b,
  0xf6, 0x0b, 0xfb, 0x04, 0x1a, 0x05, 0xd6, 0x03, 0x98, 0x04, 0xdc, 0x0d, 0xbe, 0x0e, 0x5e, 0x5f,
  0xff, 0xdf, 0xff, 0xdf, 0xff, 0xcf, 0xdf, 0xa7, 0x7c, 0x0e, 0x5a, 0x0d, 0x98, 0x04, 0x77, 0x0c,
  0x00, 0x00, 0x00, 0x00, 0x00, 0x00, 0x00, 0x00, 0x00, 0x00, 0x00, 0x00, 0x00, 0x00, 0x00, 0x00,
  0x00, 0x00, 0x00, 0x00, 0x00, 0x00, 0x00, 0x00, 0x00, 0x00, 0x00, 0x00, 0x00, 0x00, 0x00, 0x00,
  0x00, 0x00, 0x00, 0x00, 0x00, 0x00, 0x10, 0x54, 0xb1, 0x53, 0x30, 0x33, 0xee, 0x32, 0x0f, 0x33,
  0xb0, 0x23, 0x36, 0x25, 0xdd, 0x36, 0x9f, 0x3f, 0x7f, 0x3f, 0xba, 0x35, 0x1c, 0x2e, 0xbb, 0x1d,
  0x3d, 0x26, 0xfc, 0x15, 0x15, 0x04, 0x53, 0x03, 0xf6, 0x03, 0x97, 0x04, 0x1b, 0x06, 0x9f, 0x7f,
  0xff, 0xdf, 0xff, 0xd7, 0xff, 0xd7, 0xff, 0xaf, 0x7e, 0x2f, 0x9b, 0x05, 0xb9, 0x04, 0x1a, 0x05,
  0x58, 0x04, 0x95, 0x03, 0x37, 0x04, 0x3b, 0x0d, 0x7c, 0x0d, 0x36, 0x14, 0x56, 0x0c, 0x15, 0x14,
  0xd4, 0x1b, 0xf5, 0x23, 0x57, 0x2c, 0x35, 0x34, 0x36, 0x2c, 0x00, 0x00, 0x00, 0x00, 0x00, 0x00,
  0x00, 0x00, 0x00, 0x00, 0x00, 0x00, 0x00, 0x00, 0x00, 0x00, 0x00, 0x00, 0x00, 0x00, 0x00, 0x00,
  0x00, 0x00, 0x00, 0x00, 0x00, 0x00, 0x00, 0x00, 0x00, 0x00, 0x00, 0x00, 0x00, 0x00, 0x00, 0x00,
  0x00, 0x00, 0x00, 0x00, 0x00, 0x00, 0x00, 0x00, 0x00, 0x00, 0x00, 0x00, 0x00, 0x00, 0x00, 0x00,
  0x00, 0x00, 0x00, 0x00, 0x00, 0x00, 0x00, 0x00, 0x00, 0x00, 0x00, 0x00, 0x00, 0x00, 0x00, 0x00,
  0x00, 0x00, 0x00, 0x00, 0x00, 0x00, 0x00, 0x00, 0x00, 0x00, 0x00, 0x00, 0x00, 0x00, 0x00, 0x00,
  0x00, 0x00, 0x00, 0x00, 0x00, 0x00, 0x00, 0x00, 0x00, 0x00, 0x00, 0x00, 0x00, 0x00, 0x00, 0x00,
  0x00, 0x00, 0x00, 0x00, 0x00, 0x00, 0x00, 0x00, 0x00, 0x00, 0x00, 0x00, 0x00, 0x00, 0x00, 0x00,
  0x00, 0x00, 0x00, 0x00, 0x00, 0x00, 0x00, 0x00, 0x00, 0x00, 0x00, 0x00, 0x00, 0x00, 0x00, 0x00,
  0x00, 0x00, 0x00, 0x00, 0x00, 0x00, 0x00, 0x00, 0x00, 0x00, 0x00, 0x00, 0x00, 0x00, 0x00, 0x00,
  0x00, 0x00, 0x00, 0x00, 0x00, 0x00, 0x00, 0x00, 0x00, 0x00, 0x00, 0x00, 0x00, 0x00, 0x00, 0x00,
  0x00, 0x00, 0x00, 0x00, 0x00, 0x00, 0x00, 0x00, 0x00, 0x00, 0x00, 0x00, 0x00, 0x00, 0x00, 0x00,
  0x00, 0x00, 0x00, 0x00, 0x00, 0x00, 0x00, 0x00, 0x00, 0x00, 0x00, 0x00, 0xff, 0x07, 0x00, 0x00,
  0x00, 0x00, 0x00, 0x00, 0x00, 0x00, 0x00, 0x00, 0x00, 0x00, 0x00, 0x00, 0x00, 0x00, 0x00, 0x00,
  0x00, 0x00, 0x00, 0x00, 0x00, 0x00, 0x00, 0x00, 0x00, 0x00, 0x00, 0x00, 0x00, 0x00, 0x00, 0x00,
  0x00, 0x00, 0x00, 0x00, 0x00, 0x00, 0x00, 0x00, 0x55, 0x55, 0x35, 0x24, 0xf5, 0x13, 0x93, 0x13,
  0xf6, 0x03, 0xda, 0x04, 0xb9, 0x04, 0xd5, 0x03, 0x5b, 0x05, 0x1c, 0x0e, 0xbe, 0x0e, 0x9f, 0x8f,
  0xff, 0xf7, 0xff, 0xcf, 0xff, 0xdf, 0xdf, 0x87, 0xbb, 0x05, 0x78, 0x04, 0x99, 0x04, 0x1a, 0x0d,
  0x00, 0x00, 0x00, 0x00, 0x00, 0x00, 0x00, 0x00, 0x00, 0x00, 0x00, 0x00, 0x00, 0x00, 0x00, 0x00,
  0x00, 0x00, 0x00, 0x00, 0x00, 0x00, 0x00, 0x00, 0x00, 0x00, 0x00, 0x00, 0x00, 0x00, 0x00, 0x00,
  0x00, 0x00, 0x00, 0x00, 0x00, 0x00, 0x10, 0x44, 0xb1, 0x43, 0x2f, 0x33, 0x70, 0x3b, 0xb2, 0x33,
  0x17, 0x2d, 0x1d, 0x37, 0xdd, 0x36, 0x1e, 0x37, 0x1e, 0x3f, 0xdf, 0xc7, 0x7f, 0x47, 0xbe, 0x2e,
  0x1e, 0x3f, 0xdc, 0x25, 0x36, 0x0c, 0x53, 0x0b, 0x36, 0x0c, 0x36, 0x04, 0x9a, 0x05, 0x7f, 0x57,
  0xff, 0xd7, 0xff, 0xdf, 0xff, 0xdf, 0xff, 0xaf, 0x3e, 0x2f, 0xbb, 0x0d, 0xd9, 0x04, 0x3b, 0x05,
  0x57, 0x04, 0xb5, 0x03, 0x58, 0x04, 0x3b, 0x0d, 0xfd, 0x15, 0xf5, 0x0b, 0xd5, 0x13, 0xb4, 0x0b,
  0x93, 0x1b, 0xf5, 0x23, 0x75, 0x34, 0x75, 0x3c, 0x75, 0x3c, 0x00, 0x00, 0x00, 0x00, 0x00, 0x00,
  0x00, 0x00, 0x00, 0x00, 0x00, 0x00, 0x00, 0x00, 0x00, 0x00, 0x00, 0x00, 0x00, 0x00, 0x00, 0x00,
  0x00, 0x00, 0x00, 0x00, 0x00, 0x00, 0x00, 0x00, 0x00, 0x00, 0x00, 0x00, 0x00, 0x00, 0x00, 0x00,
  0x00, 0x00, 0x00, 0x00, 0x00, 0x00, 0x00, 0x00, 0xff, 0x07, 0x00, 0x00, 0x00, 0x00, 0x00, 0x00,
  0x00, 0x00, 0x00, 0x00, 0x00, 0x00, 0x00, 0x00, 0x00, 0x00, 0x00, 0x00, 0x00, 0x00, 0x00, 0x00,
  0x00, 0x00, 0x00, 0x00, 0x00, 0x00, 0x00, 0x00, 0x00, 0x00, 0x00, 0x00, 0x00, 0x00, 0x00, 0x00,
  0x00, 0x00, 0x00, 0x00, 0x00, 0x00, 0x00, 0x00, 0x00, 0x00, 0x00, 0x00, 0x00, 0x00, 0x00, 0x00,
  0x00, 0x00, 0x00, 0x00, 0x00, 0x00, 0x00, 0x00, 0x00, 0x00, 0x00, 0x00, 0x00, 0x00, 0x00, 0x00,
  0x00, 0x00, 0x00, 0x00, 0x00, 0x00, 0x00, 0x00, 0x00, 0x00, 0x00, 0x00, 0x00, 0x00, 0x00, 0x00,
  0x00, 0x00, 0x00, 0x00, 0x00, 0x00, 0x00, 0x00, 0x00, 0x00, 0x00, 0x00, 0x00, 0x00, 0x00, 0x00,
  0x00, 0x00, 0x00, 0x00, 0x00, 0x00, 0x00, 0x00, 0x00, 0x00, 0x00, 0x00, 0x00, 0x00, 0x00, 0x00,
  0x00, 0x00, 0x00, 0x00, 0x00, 0x00, 0x00, 0x00, 0x00, 0x00, 0x00, 0x00, 0x00, 0x00, 0xff, 0x07,
  0x00, 0x00, 0x00, 0x00, 0x00, 0x00, 0x00, 0x00, 0x00, 0x00, 0x00, 0x00, 0x00, 0x00, 0x55, 0x55,
  0x00, 0x00, 0xff, 0x07, 0x00, 0x00, 0x00, 0x00, 0x00, 0x00, 0x00, 0x00, 0x00, 0x00, 0x00, 0x00,
  0x00, 0x00, 0x00, 0x00, 0x00, 0x00, 0x00, 0x00, 0x00, 0x00, 0x00, 0x00, 0x00, 0x00, 0x00, 0x00,
  0x00, 0x00, 0x00, 0x00, 0x00, 0x00, 0x00, 0x00, 0x17, 0x44, 0x15, 0x1c, 0xd4, 0x0b, 0x74, 0x03,
  0xb5, 0x03, 0xb9, 0x04, 0xd9, 0x04, 0x17, 0x04, 0x1b, 0x05, 0x5d, 0x0e, 0x5f, 0x3f, 0xff, 0xdf,
  0xff, 0xe7, 0xff, 0xcf, 0xff, 0xe7, 0xbf, 0x87, 0xdc, 0x05, 0x78, 0x04, 0x1a, 0x05, 0x9b, 0x0d,
  0x00, 0x00, 0x00, 0x00, 0x00, 0x00, 0x00, 0x00, 0x00, 0x00, 0x00, 0x00, 0x00, 0x00, 0x00, 0x00,
  0x00, 0x00, 0x00, 0x00, 0x00, 0x00, 0x00, 0x00, 0x00, 0x00, 0x00, 0x00, 0x00, 0x00, 0x00, 0x00,
  0x00, 0x00, 0x00, 0x00, 0x10, 0x84, 0x91, 0x53, 0x90, 0x53, 0x70, 0x43, 0x91, 0x43, 0xb1, 0x3b,
  0x13, 0x34, 0x75, 0x3c, 0x75, 0x24, 0x35, 0x1c, 0x56, 0x24, 0x7a, 0x56, 0xf6, 0x2c, 0x9a, 0x1d,
  0x5d, 0x26, 0x9a, 0x1d, 0xd8, 0x0c, 0x73, 0x03, 0x53, 0x03, 0x57, 0x04, 0x39, 0x05, 0xfe, 0x2e,
  0xff, 0xaf, 0xff, 0xdf, 0xff, 0xdf, 0xff, 0xcf, 0x5f, 0x2f, 0x3c, 0x0e, 0x1a, 0x05, 0xb9, 0x04,
  0x37, 0x04, 0xd5, 0x03, 0x16, 0x04, 0x1a, 0x05, 0xfd, 0x15, 0x94, 0x0b, 0x77, 0x1c, 0xd5, 0x13,
  0x93, 0x1b, 0x15, 0x24, 0x56, 0x24, 0x96, 0x24, 0xd9, 0x34, 0x00, 0x00, 0x00, 0x00, 0x00, 0x00,
  0x00, 0x00, 0x00, 0x00, 0x00, 0x00, 0x00, 0x00, 0x00, 0x00, 0x00, 0x00, 0x00, 0x00, 0x00, 0x00,
  0x00, 0x00, 0x00, 0x00, 0x00, 0x00, 0x00, 0x00, 0x00, 0x00, 0x00, 0x00, 0x00, 0x00, 0x00, 0x00,
  0x00, 0x00, 0x00, 0x00, 0x00, 0x00, 0x00, 0x00, 0x00, 0x00, 0x00, 0x00, 0x00, 0x00, 0x00, 0x00,
  0x00, 0x00, 0x00, 0x00, 0x00, 0x00, 0x00, 0x00, 0x00, 0x00, 0x00, 0x00, 0x00, 0x00, 0x00, 0x00,
  0x00, 0x00, 0x00, 0x00, 0x00, 0x00, 0x00, 0x00, 0x00, 0x00, 0x00, 0x00, 0x00, 0x00, 0x00, 0x00,
  0x00, 0x00, 0x00, 0x00, 0x00, 0x00, 0x00, 0x00, 0x00, 0x00, 0x00, 0x00, 0x00, 0x00, 0x00, 0x00,
  0x00, 0x00, 0x00, 0x00, 0x00, 0x00, 0x00, 0x00, 0x00, 0x00, 0x00, 0x00, 0x00, 0x00, 0x00, 0x00,
  0x00, 0x00, 0x00, 0x00, 0x00, 0x00, 0x00, 0x00, 0x00, 0x00, 0x00, 0x00, 0x00, 0x00, 0x00, 0x00,
  0x00, 0x00, 0x00, 0x00, 0x00, 0x00, 0x00, 0x00, 0x00, 0x00, 0x00, 0x00, 0x00, 0x00, 0x00, 0x00,
  0x00, 0x00, 0x00, 0x00, 0x00, 0x00, 0x00, 0x00, 0x00, 0x00, 0x00, 0x00, 0x00, 0x00, 0x00, 0x00,
  0x00, 0x00, 0x00, 0x00, 0x00, 0x00, 0x00, 0x00, 0x00, 0x00, 0x00, 0x00, 0x00, 0x00, 0x00, 0x00,
  0x00, 0x00, 0x00, 0x00, 0x00, 0x00, 0x00, 0x00, 0x00, 0x00, 0x00, 0x00, 0x00, 0x00, 0x00, 0x00,
  0x00, 0x00, 0x00, 0x00, 0x00, 0x00, 0x00, 0x00, 0x00, 0x00, 0x00, 0x00, 0x00, 0x00, 0x00, 0x00,
  0x00, 0x00, 0x00, 0x00, 0x00, 0x00, 0x00, 0x00, 0x00, 0x00, 0x00, 0x00, 0x00, 0x00, 0x00, 0x00,
  0x00, 0x00, 0x00, 0x00, 0x00, 0x00, 0x00, 0x00, 0xd9, 0x34, 0xf5, 0x13, 0xb4, 0x0b, 0x37, 0x04,
  0x78, 0x04, 0x3b, 0x05, 0xfa, 0x04, 0x79, 0x04, 0x9c, 0x0d, 0x7d, 0x0e, 0x7f, 0x47, 0xff, 0xef,
  0xff, 0xdf, 0xff, 0xd7, 0xff, 0xc7, 0x5e, 0x5f, 0x3c, 0x06, 0x9c, 0x0d, 0x1a, 0x0d, 0xb8, 0x04,
  0x00, 0x00, 0x00, 0x00, 0x00, 0x00, 0x00, 0x00, 0x00, 0x00, 0x00, 0x00, 0x00, 0x00, 0x00, 0x00,
  0x00, 0x00, 0x00, 0x00, 0x00, 0x00, 0x00, 0x00, 0x00, 0x00, 0x00, 0x00, 0x00, 0x00, 0x00, 0x00,
  0x00, 0x00, 0x00, 0x00, 0x00, 0x00, 0x00, 0x00, 0x00, 0x00, 0x90, 0x43, 0xb0, 0x43, 0x90, 0x43,
  0x91, 0x33, 0x90, 0x3b, 0x50, 0x2b, 0x92, 0x33, 0xd3, 0x2b, 0x6e, 0x0a, 0x2c, 0x0a, 0x92, 0x1b,
  0xb4, 0x0b, 0x52, 0x0b, 0xd7, 0x14, 0xb7, 0x14, 0x32, 0x0b, 0x57, 0x04, 0x7a, 0x05, 0xdd, 0x36,
  0xff, 0xaf, 0xff, 0xe7, 0xff, 0xd7, 0xff, 0xef, 0x9f, 0x47, 0x9e, 0x1e, 0x9c, 0x05, 0x1a, 0x05,
  0x99, 0x04, 0xd5, 0x03, 0x94, 0x03, 0x57, 0x04, 0x3b, 0x0d, 0xf6, 0x0b, 0x39, 0x25, 0xd9, 0x1c,
  0x94, 0x1b, 0x15, 0x24, 0x55, 0x55, 0xff, 0x07, 0x00, 0x00, 0x00, 0x00, 0x00, 0x00, 0x00, 0x00,
  0x00, 0x00, 0x00, 0x00, 0x00, 0x00, 0x00, 0x00, 0x00, 0x00, 0x00, 0x00, 0x00, 0x00, 0x00, 0x00,
  0x00, 0x00, 0x00, 0x00, 0x00, 0x00, 0x00, 0x00, 0x00, 0x00, 0x00, 0x00, 0x00, 0x00, 0x00, 0x00,
  0x00, 0x00, 0x00, 0x00, 0x00, 0x00, 0x00, 0x00, 0x00, 0x00, 0x00, 0x00, 0x00, 0x00, 0x00, 0x00,
  0x00, 0x00, 0x00, 0x00, 0x00, 0x00, 0x00, 0x00, 0x00, 0x00, 0x00, 0x00, 0x00, 0x00, 0x00, 0x00,
  0x00, 0x00, 0x00, 0x00, 0x00, 0x00, 0x00, 0x00, 0x00, 0x00, 0x00, 0x00, 0x00, 0x00, 0x00, 0x00,
  0x00, 0x00, 0x00, 0x00, 0x00, 0x00, 0x00, 0x00, 0x00, 0x00, 0x00, 0x00, 0x00, 0x00, 0x00, 0x00,
  0x00, 0x00, 0x00, 0x00, 0x00, 0x00, 0x00, 0x00, 0x00, 0x00, 0x00, 0x00, 0x00, 0x00, 0x00, 0x00,
  0x00, 0x00, 0x00, 0x00, 0x00, 0x00, 0x00, 0x00, 0x00, 0x00, 0x00, 0x00, 0x00, 0x00, 0x00, 0x00,
  0xff, 0x07, 0x00, 0x00, 0x00, 0x00, 0x00, 0x00, 0x00, 0x00, 0x00, 0x00, 0x00, 0x00, 0x00, 0x00,
  0x00, 0x00, 0x00, 0x00, 0x00, 0x00, 0x00, 0x00, 0x00, 0x00, 0x00, 0x00, 0x00, 0x00, 0x00, 0x00,
  0x00, 0x00, 0x00, 0x00, 0x00, 0x00, 0x00, 0x00, 0x00, 0x00, 0x00, 0x00, 0x00, 0x00, 0x00, 0x00,
  0x00, 0x00, 0x00, 0x00, 0x00, 0x00, 0x00, 0x00, 0x00, 0x00, 0x00, 0x00, 0x00, 0x00, 0x00, 0x00,
  0x00, 0x00, 0x00, 0x00, 0x00, 0x00, 0x00, 0x00, 0x00, 0x00, 0x00, 0x00, 0x00, 0x00, 0x00, 0x00,
  0x00, 0x00, 0x00, 0x00, 0x00, 0x00, 0x00, 0x00, 0x00, 0x00, 0x00, 0x00, 0x00, 0x00, 0x00, 0x00,
  0x00, 0x00, 0x00, 0x00, 0x00, 0x00, 0x00, 0x00, 0x96, 0x24, 0xb5, 0x0b, 0x94, 0x03, 0x37, 0x04,
  0xda, 0x04, 0x5b, 0x05, 0xfa, 0x04, 0x1b, 0x0d, 0x5e, 0x2e, 0xde, 0x16, 0x9f, 0x67, 0xff, 0xf7,
  0xff, 0xe7, 0xff, 0xe7, 0xbf, 0xa7, 0xfd, 0x36, 0x1c, 0x06, 0x5b, 0x0d, 0xd9, 0x0c, 0x97, 0x0c,
  0x00, 0x00, 0x00, 0x00, 0x00, 0x00, 0x00, 0x00, 0x00, 0x00, 0x00, 0x00, 0x00, 0x00, 0x00, 0x00,
  0x00, 0x00, 0x00, 0x00, 0x00, 0x00, 0x00, 0x00, 0x00, 0x00, 0x00, 0x00, 0x00, 0x00, 0x00, 0x00,
  0x00, 0x00, 0x00, 0x00, 0x00, 0x00, 0x00, 0x00, 0x00, 0x00, 0x1f, 0x00, 0x10, 0x84, 0x91, 0x53,
  0x92, 0x4c, 0x53, 0x3c, 0x13, 0x3c, 0xd2, 0x33, 0xd3, 0x33, 0xb3, 0x2b, 0x72, 0x1b, 0x52, 0x13,
  0x8f, 0x0a, 0x8f, 0x0a, 0x93, 0x0b, 0x77, 0x0c, 0x56, 0x0c, 0x77, 0x04, 0x7a, 0x05, 0x7d, 0x1e,
  0xff, 0x9f, 0xff, 0xdf, 0xff, 0xbf, 0xff, 0xe7, 0xbf, 0x67, 0xde, 0x1e, 0x1d, 0x0e, 0x5c, 0x05,
  0xba, 0x04, 0xf6, 0x03, 0x94, 0x03, 0x94, 0x03, 0xd9, 0x0c, 0x3a, 0x1d, 0x7b, 0x25, 0x1a, 0x1d,
  0x36, 0x1c, 0xf5, 0x1b, 0xff, 0x07, 0x00, 0x00, 0x75, 0x3c, 0x00, 0x00, 0x00, 0x00, 0x00, 0x00,
  0x00, 0x00, 0x00, 0x00, 0x00, 0x00, 0x00, 0x00, 0x00, 0x00, 0x00, 0x00, 0x00, 0x00, 0x00, 0x00,
  0x00, 0x00, 0x00, 0x00, 0x00, 0x00, 0x00, 0x00, 0x00, 0x00, 0x00, 0x00, 0x00, 0x00, 0x00, 0x00,
  0x00, 0x00, 0x00, 0x00, 0x00, 0x00, 0x00, 0x00, 0x00, 0x00, 0x00, 0x00, 0x00, 0x00, 0x00, 0x00,
  0x00, 0x00, 0x00, 0x00, 0x00, 0x00, 0x00, 0x00, 0x00, 0x00, 0x00, 0x00, 0x00, 0x00, 0x00, 0x00,
  0x00, 0x00, 0x00, 0x00, 0x00, 0x00, 0x00, 0x00, 0x00, 0x00, 0x00, 0x00, 0x00, 0x00, 0x00, 0x00,
  0x00, 0x00, 0x00, 0x00, 0x00, 0x00, 0x00, 0x00, 0x00, 0x00, 0x00, 0x00, 0x00, 0x00, 0x00, 0x00,
  0x00, 0x00, 0x00, 0x00, 0x00, 0x00, 0x00, 0x00, 0x00, 0x00, 0x00, 0x00, 0x00, 0x00, 0x00, 0x00,
  0x00, 0x00, 0x00, 0x00, 0x00, 0x00, 0x00, 0x00, 0x00, 0x00, 0x00, 0x00, 0x00, 0x00, 0x00, 0x00,
  0x00, 0x00, 0x00, 0x00, 0x00, 0x00, 0x00, 0x00, 0x00, 0x00, 0x00, 0x00, 0x00, 0x00, 0x00, 0x00,
  0x00, 0x00, 0x00, 0x00, 0x00, 0x00, 0x00, 0x00, 0x00, 0x00, 0x00, 0x00, 0x00, 0x00, 0x00, 0x00,
  0x00, 0x00, 0x00, 0x00, 0x00, 0x00, 0x00, 0x00, 0x00, 0x00, 0x00, 0x00, 0x00, 0x00, 0x00, 0x00,
  0x00, 0x00, 0x00, 0x00, 0x00, 0x00, 0x00, 0x00, 0x00, 0x00, 0x00, 0x00, 0x00, 0x00, 0x00, 0x00,
  0x00, 0x00, 0x00, 0x00, 0x00, 0x00, 0x00, 0x00, 0x00, 0x00, 0x00, 0x00, 0x00, 0x00, 0x00, 0x00,
  0x00, 0x00, 0x00, 0x00, 0x00, 0x00, 0x00, 0x00, 0x00, 0x00, 0x00, 0x00, 0x00, 0x00, 0x00, 0x00,
  0x00, 0x00, 0x00, 0x00, 0x00, 0x00, 0x00, 0x00, 0xd6, 0x34, 0x94, 0x0b, 0xd5, 0x03, 0x16, 0x04,
  0x3b, 0x05, 0x5b, 0x05, 0x9c, 0x05, 0x3b, 0x0d, 0x9c, 0x15, 0x3f, 0x1f, 0xff, 0xa7, 0xff, 0xf7,
  0xff, 0xdf, 0xff, 0xe7, 0xbf, 0x8f, 0x9c, 0x1e, 0x3c, 0x06, 0x98, 0x04, 0x94, 0x03, 0x16, 0x04,
  0x00, 0x00, 0x00, 0x00, 0x00, 0x00, 0x00, 0x00, 0x00, 0x00, 0x00, 0x00, 0x00, 0x00, 0x00, 0x00,
  0x00, 0x00, 0x00, 0x00, 0x00, 0x00, 0x00, 0x00, 0x00, 0x00, 0x00, 0x00, 0x00, 0x00, 0x00, 0x00,
  0x00, 0x00, 0x00, 0x00, 0x00, 0x00, 0x10, 0x84, 0x00, 0x00, 0x1f, 0x00, 0x91, 0x53, 0x10, 0x84,
  0x1f, 0x00, 0x10, 0x2c, 0x13, 0x44, 0xd2, 0x33, 0x13, 0x34, 0xd4, 0x23, 0xd4, 0x2b, 0x92, 0x23,
  0x31, 0x13, 0x11, 0x0b, 0x52, 0x0b, 0xd5, 0x0b, 0x77, 0x0c, 0x18, 0x0d, 0x19, 0x05, 0xfc, 0x0d,
  0xdf, 0x9f, 0xff, 0xef, 0xff, 0xcf, 0xff, 0xef, 0xff, 0x9f, 0x9e, 0x16, 0x1d, 0x16, 0x9d, 0x05,
  0xda, 0x04, 0x98, 0x04, 0x57, 0x04, 0xb5, 0x03, 0x17, 0x04, 0x3d, 0x36, 0x1d, 0x36, 0x3a, 0x25,
  0xd8, 0x2c, 0x15, 0x1c, 0x16, 0x24, 0x16, 0x34, 0x17, 0x44, 0x00, 0x00, 0x00, 0x00, 0x00, 0x00,
  0x00, 0x00, 0x00, 0x00, 0x00, 0x00, 0x00, 0x00, 0x00, 0x00, 0x00, 0x00, 0x00, 0x00, 0x00, 0x00,
  0x00, 0x00, 0x00, 0x00, 0x00, 0x00, 0x00, 0x00, 0x00, 0x00, 0x00, 0x00, 0x00, 0x00, 0x00, 0x00,
  0x00, 0x00, 0x00, 0x00, 0x00, 0x00, 0x00, 0x00, 0x00, 0x00, 0x00, 0x00, 0x00, 0x00, 0x00, 0x00,
  0x00, 0x00, 0x00, 0x00, 0x00, 0x00, 0x00, 0x00, 0x00, 0x00, 0x00, 0x00, 0x00, 0x00, 0x00, 0x00,
  0x00, 0x00, 0x00, 0x00, 0x00, 0x00, 0x00, 0x00, 0x00, 0x00, 0x00, 0x00, 0x00, 0x00, 0x00, 0x00,
  0x00, 0x00, 0x00, 0x00, 0x00, 0x00, 0x00, 0x00, 0x00, 0x00, 0x00, 0x00, 0x00, 0x00, 0x00, 0x00,
  0x00, 0x00, 0x00, 0x00, 0x00, 0x00, 0x00, 0x00, 0x00, 0x00, 0x00, 0x00, 0x00, 0x00, 0x00, 0x00,
  0x00, 0x00, 0x00, 0x00, 0x00, 0x00, 0x00, 0x00, 0x00, 0x00, 0x00, 0x00, 0x00, 0x00, 0x00, 0x00,
  0x00, 0x00, 0x00, 0x00, 0x00, 0x00, 0x00, 0x00, 0x00, 0x00, 0x00, 0x00, 0x00, 0x00, 0x00, 0x00,
  0x00, 0x00, 0x00, 0x00, 0x00, 0x00, 0x00, 0x00, 0x00, 0x00, 0x00, 0x00, 0x00, 0x00, 0x00, 0x00,
  0x00, 0x00, 0x00, 0x00, 0x00, 0x00, 0x00, 0x00, 0x00, 0x00, 0x00, 0x00, 0x00, 0x00, 0x00, 0x00,
  0x00, 0x00, 0x00, 0x00, 0x00, 0x00, 0x00, 0x00, 0x00, 0x00, 0x00, 0x00, 0x00, 0x00, 0x00, 0x00,
  0x00, 0x00, 0x00, 0x00, 0x00, 0x00, 0x00, 0x00, 0x00, 0x00, 0x00, 0x00, 0x00, 0x00, 0x00, 0x00,
  0x00, 0x00, 0x00, 0x00, 0x00, 0x00, 0x00, 0x00, 0x00, 0x00, 0x00, 0x00, 0x00, 0x00, 0x00, 0x00,
  0x00, 0x00, 0x00, 0x00, 0x00, 0x00, 0x15, 0x2c, 0x56, 0x24, 0x74, 0x03, 0x37, 0x04, 0xb9, 0x04,
  0xdd, 0x0d, 0xfd, 0x0d, 0xfd, 0x0d, 0xdb, 0x04, 0x79, 0x0c, 0x5f, 0x3f, 0xff, 0xe7, 0xff, 0xf7,
  0xff, 0xdf, 0xff, 0xe7, 0x9f, 0x77, 0xfc, 0x0d, 0x3c, 0x0e, 0x7b, 0x0d, 0x17, 0x04, 0x15, 0x04,
  0x00, 0x00, 0x00, 0x00, 0x00, 0x00, 0x00, 0x00, 0x00, 0x00, 0x00, 0x00, 0x00, 0x00, 0x00, 0x00,
  0x00, 0x00, 0x00, 0x00, 0x00, 0x00, 0x00, 0x00, 0x00, 0x00, 0x00, 0x00, 0x00, 0x00, 0x00, 0x00,
  0x00, 0x00, 0x00, 0x00, 0x00, 0x00, 0x00, 0x00, 0x00, 0x00, 0x1f, 0x00, 0x1f, 0x00, 0x00, 0x00,
  0x10, 0x84, 0xb5, 0x52, 0x10, 0x84, 0xb2, 0x43, 0x34, 0x3c, 0xb2, 0x2b, 0x91, 0x1b, 0x72, 0x1b,
  0x72, 0x13, 0x52, 0x0b, 0x94, 0x0b, 0x36, 0x0c, 0x97, 0x0c, 0x99, 0x04, 0x39, 0x05, 0xfe, 0x1e,
  0x9f, 0x6f, 0xff, 0xd7, 0xff, 0xcf, 0xdf, 0xdf, 0xdf, 0xa7, 0xbf, 0x1e, 0x9c, 0x0d, 0x3b, 0x0d,
  0x5b, 0x05, 0xda, 0x0c, 0x78, 0x04, 0xd6, 0x03, 0xd6, 0x03, 0xfd, 0x15, 0x5b, 0x15, 0x17, 0x0c,
  0x93, 0x0b, 0x73, 0x13, 0x15, 0x24, 0x77, 0x2c, 0x36, 0x2c, 0x00, 0x00, 0x00, 0x00, 0x00, 0x00,
  0x00, 0x00, 0x00, 0x00, 0x00, 0x00, 0x00, 0x00, 0x00, 0x00, 0x00, 0x00, 0x00, 0x00, 0x00, 0x00,
  0x00, 0x00, 0x00, 0x00, 0x00, 0x00, 0x00, 0x00, 0x00, 0x00, 0x00, 0x00, 0x00, 0x00, 0x00, 0x00,
  0x00, 0x00, 0x00, 0x00, 0x00, 0x00, 0x00, 0x00, 0x00, 0x00, 0x00, 0x00, 0x00, 0x00, 0x00, 0x00,
  0x00, 0x00, 0x00, 0x00, 0x00, 0x00, 0x00, 0x00, 0x00, 0x00, 0x00, 0x00, 0x00, 0x00, 0x00, 0x00,
  0x00, 0x00, 0x00, 0x00, 0x00, 0x00, 0x00, 0x00, 0x00, 0x00, 0x00, 0x00, 0x00, 0x00, 0x00, 0x00,
  0x00, 0x00, 0x00, 0x00, 0x00, 0x00, 0x00, 0x00, 0x00, 0x00, 0x00, 0x00, 0x00, 0x00, 0x00, 0x00,
  0x00, 0x00, 0x00, 0x00, 0x00, 0x00, 0x00, 0x00, 0x00, 0x00, 0x00, 0x00, 0x00, 0x00, 0x00, 0x00,
  0x00, 0x00, 0x00, 0x00, 0x00, 0x00, 0x00, 0x00, 0x00, 0x00, 0x00, 0x00, 0x00, 0x00, 0x00, 0x00,
  0x00, 0x00, 0x00, 0x00, 0x00, 0x00, 0x00, 0x00, 0x00, 0x00, 0x00, 0x00, 0x00, 0x00, 0x00, 0x00,
  0x00, 0x00, 0x00, 0x00, 0x00, 0x00, 0x00, 0x00, 0x00, 0x00, 0x00, 0x00, 0x00, 0x00, 0x00, 0x00,
  0x00, 0x00, 0x00, 0x00, 0x00, 0x00, 0x00, 0x00, 0x00, 0x00, 0x00, 0x00, 0x00, 0x00, 0x00, 0x00,
  0x00, 0x00, 0x00, 0x00, 0x00, 0x00, 0x00, 0x00, 0x00, 0x00, 0x00, 0x00, 0x00, 0x00, 0x00, 0x00,
  0x00, 0x00, 0x00, 0x00, 0x00, 0x00, 0x00, 0x00, 0x00, 0x00, 0x00, 0x00, 0x00, 0x00, 0x00, 0x00,
  0x00, 0x00, 0x00, 0x00, 0x00, 0x00, 0x00, 0x00, 0x00, 0x00, 0x00, 0x00, 0x00, 0x00, 0x00, 0x00,
  0x00, 0x00, 0x00, 0x00, 0x10, 0x04, 0x37, 0x1c, 0xf6, 0x13, 0x17, 0x0c, 0x17, 0x04, 0xb9, 0x04,
  0x5c, 0x05, 0x5b, 0x05, 0xda, 0x04, 0xfd, 0x05, 0xdf, 0x0e, 0x7f, 0x47, 0xff, 0xa7, 0xff, 0xd7,
  0xff, 0xdf, 0xff, 0xe7, 0xff, 0x7f, 0xfe, 0x1e, 0x1c, 0x16, 0xd8, 0x04, 0x37, 0x04, 0x16, 0x04,
  0x00, 0x00, 0x00, 0x00, 0x00, 0x00, 0x00, 0x00, 0x00, 0x00, 0x00, 0x00, 0x00, 0x00, 0x00, 0x00,
  0x00, 0x00, 0x00, 0x00, 0x00, 0x00, 0x00, 0x00, 0x00, 0x00, 0x00, 0x00, 0x00, 0x00, 0x00, 0x00,
  0x00, 0x00, 0x00, 0x00, 0x00, 0x00, 0x00, 0x00, 0x00, 0x00, 0xb5, 0x52, 0x00, 0x00, 0x00, 0x00,
  0xb1, 0x43, 0x72, 0x4b, 0x13, 0x4c, 0x91, 0x3b, 0x71, 0x2b, 0x71, 0x2b, 0x31, 0x23, 0x72, 0x1b,
  0x93, 0x13, 0xb3, 0x13, 0x72, 0x03, 0xb4, 0x0b, 0x16, 0x04, 0x78, 0x04, 0x57, 0x04, 0xbe, 0x16,
  0x7f, 0x4f, 0xff, 0xcf, 0xff, 0xc7, 0xff, 0xd7, 0xff, 0xaf, 0xff, 0x2e, 0x1d, 0x0e, 0x3a, 0x05,
  0x5b, 0x05, 0xfa, 0x04, 0x99, 0x04, 0x99, 0x0c, 0x99, 0x04, 0x1e, 0x1e, 0x9d, 0x0d, 0x98, 0x0c,
  0xb3, 0x13, 0xb4, 0x13, 0xb4, 0x1b, 0x00, 0x00, 0x56, 0x24, 0x00, 0x00, 0x00, 0x00, 0x00, 0x00,
  0x00, 0x00, 0x00, 0x00, 0x00, 0x00, 0x00, 0x00, 0x00, 0x00, 0x00, 0x00, 0x00, 0x00, 0x00, 0x00,
  0x00, 0x00, 0x00, 0x00, 0x00, 0x00, 0x00, 0x00, 0x00, 0x00, 0x00, 0x00, 0x00, 0x00, 0x00, 0x00,
  0x00, 0x00, 0x00, 0x00, 0x00, 0x00, 0x00, 0x00, 0x00, 0x00, 0x00, 0x00, 0x00, 0x00, 0x00, 0x00,
  0x00, 0x00, 0x00, 0x00, 0x00, 0x00, 0x00, 0x00, 0x00, 0x00, 0x00, 0x00, 0x00, 0x00, 0x00, 0x00,
  0x00, 0x00, 0x00, 0x00, 0x00, 0x00, 0x00, 0x00, 0x00, 0x00, 0x00, 0x00, 0x00, 0x00, 0x00, 0x00,
  0x00, 0x00, 0x00, 0x00, 0x00, 0x00, 0x00, 0x00, 0x00, 0x00, 0x00, 0x00, 0x00, 0x00, 0x00, 0x00,
  0x00, 0x00, 0x00, 0x00, 0x00, 0x00, 0x00, 0x00, 0x00, 0x00, 0x00, 0x00, 0x00, 0x00, 0x00, 0x00,
  0x00, 0x00, 0x00, 0x00, 0x00, 0x00, 0x00, 0x00, 0x00, 0x00, 0x00, 0x00, 0x00, 0x00, 0x00, 0x00,
  0x10, 0x04, 0x00, 0x00, 0x00, 0x00, 0x00, 0x00, 0x00, 0x00, 0x00, 0x00, 0x00, 0x00, 0x00, 0x00,
  0x00, 0x00, 0x00, 0x00, 0x00, 0x00, 0x00, 0x00, 0x00, 0x00, 0x00, 0x00, 0x00, 0x00, 0x00, 0x00,
  0x00, 0x00, 0x00, 0x00, 0x00, 0x00, 0x00, 0x00, 0x00, 0x00, 0x00, 0x00, 0x00, 0x00, 0x00, 0x00,
  0x00, 0x00, 0x00, 0x00, 0x00, 0x00, 0x00, 0x00, 0x00, 0x00, 0x00, 0x00, 0x00, 0x00, 0x00, 0x00,
  0x00, 0x00, 0x00, 0x00, 0x00, 0x00, 0x00, 0x00, 0x00, 0x00, 0x00, 0x00, 0x00, 0x00, 0x00, 0x00,
  0x00, 0x00, 0x00, 0x00, 0x00, 0x00, 0x00, 0x00, 0x00, 0x00, 0xff, 0x07, 0x00, 0x00, 0x00, 0x00,
  0x00, 0x00, 0x10, 0x04, 0xff, 0x07, 0x17, 0x24, 0xf5, 0x13, 0xd6, 0x03, 0x37, 0x04, 0x99, 0x04,
  0x3b, 0x05, 0x7c, 0x05, 0x7c, 0x05, 0x5e, 0x0e, 0xdc, 0x05, 0xff, 0x97, 0xff, 0xcf, 0xff, 0xbf,
  0xff, 0xdf, 0xff, 0xd7, 0x7f, 0x57, 0x1d, 0x06, 0x7b, 0x0d, 0xf9, 0x04, 0x3a, 0x0d, 0xb8, 0x0c,
  0x00, 0x00, 0x00, 0x00, 0x00, 0x00, 0x00, 0x00, 0x00, 0x00, 0x00, 0x00, 0x00, 0x00, 0x00, 0x00,
  0x00, 0x00, 0x00, 0x00, 0x00, 0x00, 0x00, 0x00, 0x00, 0x00, 0x00, 0x00, 0x00, 0x00, 0x00, 0x00,
  0x00, 0x00, 0x00, 0x00, 0x00, 0x00, 0x00, 0x00, 0x00, 0x00, 0x00, 0x00, 0x00, 0x00, 0x00, 0x00,
  0xb5, 0x52, 0x10, 0x84, 0x33, 0x33, 0xd2, 0x43, 0x91, 0x33, 0x50, 0x2b, 0x51, 0x23, 0x31, 0x13,
  0x93, 0x13, 0x93, 0x0b, 0x73, 0x03, 0x73, 0x03, 0x15, 0x04, 0x97, 0x04, 0x16, 0x04, 0x3d, 0x16,
  0x1e, 0x27, 0xff, 0xa7, 0xff, 0xd7, 0xff, 0xdf, 0xff, 0xb7, 0xdf, 0x67, 0xbe, 0x16, 0x3b, 0x05,
  0x3b, 0x05, 0xfa, 0x04, 0x17, 0x04, 0x37, 0x04, 0x57, 0x04, 0x98, 0x0c, 0x5b, 0x0d, 0x7e, 0x2e,
  0x1b, 0x46, 0x36, 0x14, 0xd5, 0x0b, 0x15, 0x2c, 0xd3, 0x34, 0x00, 0x00, 0x00, 0x00, 0x00, 0x00,
  0x00, 0x00, 0x00, 0x00, 0x00, 0x00, 0x00, 0x00, 0x00, 0x00, 0x00, 0x00, 0x00, 0x00, 0x00, 0x00,
  0x00, 0x00, 0x00, 0x00, 0x00, 0x00, 0x00, 0x00, 0x00, 0x00, 0x00, 0x00, 0x00, 0x00, 0x00, 0x00,
  0x00, 0x00, 0x00, 0x00, 0x00, 0x00, 0x00, 0x00, 0x00, 0x00, 0x00, 0x00, 0x00, 0x00, 0x00, 0x00,
  0x00, 0x00, 0x00, 0x00, 0x00, 0x00, 0x00, 0x00, 0x00, 0x00, 0x00, 0x00, 0x00, 0x00, 0x00, 0x00,
  0x00, 0x00, 0x00, 0x00, 0x00, 0x00, 0x00, 0x00, 0x00, 0x00, 0x00, 0x00, 0x00, 0x00, 0x00, 0x00,
  0x00, 0x00, 0x00, 0x00, 0x00, 0x00, 0x00, 0x00, 0x00, 0x00, 0x00, 0x00, 0x00, 0x00, 0x00, 0x00,
  0x00, 0x00, 0x00, 0x00, 0x00, 0x00, 0x00, 0x00, 0x00, 0x00, 0x00, 0x00, 0x00, 0x00, 0x00, 0x00,
  0x00, 0x00, 0x00, 0x00, 0x00, 0x00, 0x00, 0x00, 0x00, 0x00, 0x00, 0x00, 0x00, 0x00, 0x00, 0x00,
  0x00, 0x00, 0x00, 0x00, 0x00, 0x00, 0x00, 0x00, 0x00, 0x00, 0x00, 0x00, 0x00, 0x00, 0x00, 0x00,
  0x00, 0x00, 0x00, 0x00, 0x00, 0x00, 0x00, 0x00, 0x00, 0x00, 0x00, 0x00, 0x00, 0x00, 0x00, 0x00,
  0x00, 0x00, 0x00, 0x00, 0x00, 0x00, 0x00, 0x00, 0x00, 0x00, 0x00, 0x00, 0x00, 0x00, 0x00, 0x00,
  0x00, 0x00, 0x00, 0x00, 0x00, 0x00, 0x00, 0x00, 0x00, 0x00, 0x00, 0x00, 0x00, 0x00, 0x00, 0x00,
  0x00, 0x00, 0x00, 0x00, 0x00, 0x00, 0x00, 0x00, 0x00, 0x00, 0x00, 0x00, 0x00, 0x00, 0x00, 0x00,
  0x00, 0x00, 0x00, 0x00, 0x00, 0x00, 0x00, 0x00, 0x00, 0x00, 0x00, 0x00, 0x00, 0x00, 0x00, 0x00,
  0x00, 0x00, 0x00, 0x00, 0xff, 0x07, 0x16, 0x1c, 0xd5, 0x03, 0x95, 0x03, 0x58, 0x04, 0xda, 0x04,
  0x5b, 0x05, 0x9c, 0x05, 0x3b, 0x05, 0x5e, 0x0e, 0xbf, 0x1e, 0xff, 0xd7, 0xff, 0xdf, 0xff, 0xc7,
  0xff, 0xe7, 0xff, 0xd7, 0x5f, 0x4f, 0x9b, 0x05, 0x1a, 0x0d, 0x5a, 0x0d, 0x78, 0x04, 0x97, 0x0c,
  0x00, 0x00, 0x00, 0x00, 0x00, 0x00, 0x00, 0x00, 0x00, 0x00, 0x00, 0x00, 0x00, 0x00, 0x00, 0x00,
  0x00, 0x00, 0x00, 0x00, 0x00, 0x00, 0x00, 0x00, 0x00, 0x00, 0x00, 0x00, 0x00, 0x00, 0x00, 0x00,
  0x00, 0x00, 0x00, 0x00, 0x00, 0x00, 0x00, 0x00, 0x00, 0x00, 0x00, 0x00, 0x00, 0x00, 0x10, 0x84,
  0x1f, 0x00, 0x1f, 0x00, 0x00, 0x00, 0xb1, 0x43, 0x71, 0x3b, 0xd3, 0x33, 0xf3, 0x2b, 0x10, 0x13,
  0x52, 0x0b, 0x93, 0x0b, 0xd4, 0x0b, 0x73, 0x03, 0xd4, 0x03, 0xb7, 0x04, 0x77, 0x04, 0x9b, 0x0d,
  0x7e, 0x26, 0xff, 0x6f, 0xff, 0xc7, 0xff, 0xd7, 0xff, 0xbf, 0xff, 0xb7, 0xbe, 0x16, 0x5b, 0x05,
  0x5b, 0x0d, 0xfa, 0x04, 0x17, 0x04, 0xd6, 0x03, 0x16, 0x04, 0xf5, 0x03, 0xd8, 0x14, 0xbe, 0x36,
  0x7f, 0x77, 0xdb, 0x2d, 0x17, 0x0c, 0x36, 0x1c, 0x35, 0x2c, 0x10, 0x04, 0x00, 0x00, 0xff, 0x07,
  0x00, 0x00, 0x00, 0x00, 0x00, 0x00, 0x00, 0x00, 0x00, 0x00, 0x00, 0x00, 0x00, 0x00, 0x00, 0x00,
  0x00, 0x00, 0x00, 0x00, 0x00, 0x00, 0x00, 0x00, 0x00, 0x00, 0x00, 0x00, 0x00, 0x00, 0x00, 0x00,
  0x00, 0x00, 0x00, 0x00, 0x00, 0x00, 0x00, 0x00, 0x00, 0x00, 0x00, 0x00, 0x00, 0x00, 0x00, 0x00,
  0x00, 0x00, 0x00, 0x00, 0x00, 0x00, 0x00, 0x00, 0x00, 0x00, 0x00, 0x00, 0x00, 0x00, 0x00, 0x00,
  0x00, 0x00, 0x00, 0x00, 0x00, 0x00, 0x00, 0x00, 0x00, 0x00, 0x00, 0x00, 0x00, 0x00, 0x00, 0x00,
  0x00, 0x00, 0x00, 0x00, 0x00, 0x00, 0x00, 0x00, 0x00, 0x00, 0x00, 0x00, 0x00, 0x00, 0x00, 0x00,
  0x00, 0x00, 0x00, 0x00, 0x00, 0x00, 0x00, 0x00, 0x00, 0x00, 0x00, 0x00, 0x00, 0x00, 0x00, 0x00,
  0x00, 0x00, 0x00, 0x00, 0x00, 0x00, 0x00, 0x00, 0x00, 0x00, 0x00, 0x00, 0x00, 0x00, 0x00, 0x00,
  0x00, 0x00, 0x00, 0x00, 0x00, 0x00, 0x00, 0x00, 0x00, 0x00, 0x00, 0x00, 0x00, 0x00, 0x00, 0x00,
  0x00, 0x00, 0x00, 0x00, 0x00, 0x00, 0x00, 0x00, 0x00, 0x00, 0x00, 0x00, 0x00, 0x00, 0x00, 0x00,
  0x00, 0x00, 0x00, 0x00, 0x00, 0x00, 0x00, 0x00, 0x00, 0x00, 0x00, 0x00, 0x00, 0x00, 0x00, 0x00,
  0x00, 0x00, 0x00, 0x00, 0x00, 0x00, 0x00, 0x00, 0x00, 0x00, 0x00, 0x00, 0x00, 0x00, 0x00, 0x00,
  0x00, 0x00, 0x00, 0x00, 0x00, 0x00, 0x00, 0x00, 0x00, 0x00, 0x00, 0x00, 0x00, 0x00, 0x00, 0x00,
  0x00, 0x00, 0x00, 0x00, 0x00, 0x00, 0x00, 0x00, 0x00, 0x00, 0x00, 0x00, 0x00, 0x00, 0x00, 0x00,
  0x10, 0x04, 0x16, 0x34, 0x97, 0x2c, 0xf5, 0x13, 0xd6, 0x03, 0x38, 0x04, 0xda, 0x0c, 0x5b, 0x05,
  0x9c, 0x05, 0xbc, 0x05, 0x5b, 0x05, 0x1d, 0x06, 0x5f, 0x57, 0xff, 0xb7, 0xff, 0xcf, 0xff, 0xd7,
  0xff, 0xe7, 0xff, 0xdf, 0x3f, 0x27, 0x9b, 0x05, 0xf9, 0x0c, 0x77, 0x04, 0x53, 0x03, 0xd8, 0x0c,
  0x00, 0x00, 0x00, 0x00, 0x00, 0x00, 0x00, 0x00, 0x00, 0x00, 0x00, 0x00, 0x00, 0x00, 0x00, 0x00,
  0x00, 0x00, 0x00, 0x00, 0x00, 0x00, 0x00, 0x00, 0x00, 0x00, 0x00, 0x00, 0x00, 0x00, 0x00, 0x00,
  0x00, 0x00, 0x00, 0x00, 0x00, 0x00, 0x00, 0x00, 0x00, 0x00, 0x1f, 0x00, 0x00, 0x00, 0x00, 0x00,
  0x10, 0x84, 0x10, 0x54, 0x33, 0x33, 0x71, 0x3b, 0x90, 0x3b, 0xb3, 0x33, 0xd2, 0x3b, 0xf0, 0x1a,
  0x51, 0x13, 0x72, 0x13, 0xd4, 0x13, 0x72, 0x0b, 0x92, 0x0b, 0x77, 0x04, 0x97, 0x0c, 0xd8, 0x0c,
  0x3d, 0x16, 0x7f, 0x47, 0xff, 0xaf, 0xff, 0xcf, 0xff, 0xcf, 0xfe, 0xd7, 0xbd, 0x3e, 0xfd, 0x05,
  0x3b, 0x0d, 0xd9, 0x04, 0x98, 0x04, 0x17, 0x04, 0xf6, 0x03, 0x93, 0x03, 0x56, 0x14, 0x1c, 0x36,
  0x9e, 0x97, 0xfd, 0x66, 0x1a, 0x15, 0x97, 0x14, 0x77, 0x24, 0x55, 0x34, 0x00, 0x00, 0x00, 0x00,
  0x00, 0x00, 0x00, 0x00, 0x00, 0x00, 0x00, 0x00, 0x00, 0x00, 0x00, 0x00, 0x00, 0x00, 0x00, 0x00,
  0x00, 0x00, 0x00, 0x00, 0x00, 0x00, 0x00, 0x00, 0x00, 0x00, 0x00, 0x00, 0x00, 0x00, 0x00, 0x00,
  0x00, 0x00, 0x00, 0x00, 0x00, 0x00, 0x00, 0x00, 0x00, 0x00, 0x00, 0x00, 0x00, 0x00, 0x00, 0x00,
  0x00, 0x00, 0x00, 0x00, 0x00, 0x00, 0x00, 0x00, 0x00, 0x00, 0x00, 0x00, 0x00, 0x00, 0x00, 0x00,
  0x00, 0x00, 0x00, 0x00, 0x00, 0x00, 0x00, 0x00, 0x00, 0x00, 0x00, 0x00, 0x00, 0x00, 0x00, 0x00,
  0x00, 0x00, 0x00, 0x00, 0x00, 0x00, 0x00, 0x00, 0x00, 0x00, 0x00, 0x00, 0x00, 0x00, 0x00, 0x00,
  0x00, 0x00, 0x00, 0x00, 0x00, 0x00, 0x00, 0x00, 0x00, 0x00, 0x00, 0x00, 0x00, 0x00, 0x00, 0x00,
  0x00, 0x00, 0x00, 0x00, 0x00, 0x00, 0x00, 0x00, 0x00, 0x00, 0x00, 0x00, 0x00, 0x00, 0x00, 0x00,
  0x00, 0x00, 0x00, 0x00, 0x00, 0x00, 0x00, 0x00, 0x00, 0x00, 0x00, 0x00, 0x00, 0x00, 0x00, 0x00,
  0x00, 0x00, 0x00, 0x00, 0x00, 0x00, 0x00, 0x00, 0x00, 0x00, 0x00, 0x00, 0x00, 0x00, 0x00, 0x00,
  0x00, 0x00, 0x00, 0x00, 0x00, 0x00, 0x00, 0x00, 0x00, 0x00, 0x00, 0x00, 0x00, 0x00, 0x00, 0x00,
  0x00, 0x00, 0x00, 0x00, 0x00, 0x00, 0x00, 0x00, 0x00, 0x00, 0x00, 0x00, 0x00, 0x00, 0x00, 0x00,
  0x00, 0x00, 0x00, 0x00, 0x00, 0x00, 0x00, 0x00, 0x00, 0x00, 0x00, 0x00, 0x00, 0x00, 0x00, 0x00,
  0x00, 0x00, 0x00, 0x00, 0x00, 0x00, 0x00, 0x00, 0x00, 0x00, 0x00, 0x00, 0x00, 0x00, 0x00, 0x00,
  0xd9, 0x34, 0x15, 0x2c, 0x36, 0x24, 0x94, 0x0b, 0x37, 0x04, 0x17, 0x04, 0xfa, 0x0c, 0xbd, 0x05,
  0x1b, 0x05, 0xd9, 0x04, 0xbd, 0x0d, 0x7e, 0x0e, 0xbf, 0x87, 0xff, 0xd7, 0xff, 0xbf, 0xff, 0xdf,
  0xff, 0xd7, 0xff, 0xa7, 0x9e, 0x0e, 0x7b, 0x05, 0x3a, 0x0d, 0x36, 0x04, 0x32, 0x03, 0x78, 0x04,
  0x00, 0x00, 0x00, 0x00, 0x00, 0x00, 0x00, 0x00, 0x00, 0x00, 0x00, 0x00, 0x00, 0x00, 0x00, 0x00,
  0x00, 0x00, 0x00, 0x00, 0x00, 0x00, 0x00, 0x00, 0x00, 0x00, 0x00, 0x00, 0x00, 0x00, 0x00, 0x00,
  0x00, 0x00, 0x00, 0x00, 0x00, 0x00, 0x00, 0x00, 0x00, 0x00, 0x1f, 0x00, 0x00, 0x00, 0x10, 0x44,
  0x1f, 0x00, 0x00, 0x00, 0x1f, 0x00, 0x10, 0x44, 0xb1, 0x43, 0xd2, 0x33, 0xd1, 0x33, 0xef, 0x1a,
  0x10, 0x13, 0x51, 0x13, 0xb3, 0x13, 0xd4, 0x13, 0x93, 0x03, 0x36, 0x04, 0x77, 0x0c, 0x77, 0x0c,
  0x3c, 0x0e, 0x3e, 0x2f, 0xdf, 0x9f, 0xff, 0xd7, 0xff, 0xc7, 0xff, 0xd7, 0xdf, 0xaf, 0x7e, 0x16,
  0x5b, 0x05, 0xda, 0x04, 0x99, 0x04, 0x78, 0x04, 0x58, 0x04, 0x94, 0x03, 0x32, 0x0b, 0x5b, 0x4e,
  0xfe, 0xaf, 0x5b, 0x46, 0xd8, 0x14, 0x19, 0x25, 0x77, 0x1c, 0xd4, 0x23, 0x15, 0x34, 0x00, 0x00,
  0x00, 0x00, 0x00, 0x00, 0x00, 0x00, 0x00, 0x00, 0x00, 0x00, 0x00, 0x00, 0x00, 0x00, 0x00, 0x00,
  0x00, 0x00, 0x00, 0x00, 0x00, 0x00, 0x00, 0x00, 0x00, 0x00, 0x00, 0x00, 0x00, 0x00, 0x00, 0x00,
  0x00, 0x00, 0x00, 0x00, 0x00, 0x00, 0x00, 0x00, 0x00, 0x00, 0x00, 0x00, 0x00, 0x00, 0x00, 0x00,
  0x00, 0x00, 0x00, 0x00, 0x00, 0x00, 0x00, 0x00, 0x00, 0x00, 0x00, 0x00, 0x00, 0x00, 0x00, 0x00,
  0x00, 0x00, 0x00, 0x00, 0x00, 0x00, 0x00, 0x00, 0x00, 0x00, 0x00, 0x00, 0x00, 0x00, 0x00, 0x00,
  0x00, 0x00, 0x00, 0x00, 0x00, 0x00, 0x00, 0x00, 0x00, 0x00, 0x00, 0x00, 0x00, 0x00, 0x00, 0x00,
  0x00, 0x00, 0x00, 0x00, 0x00, 0x00, 0x00, 0x00, 0x00, 0x00, 0x00, 0x00, 0x00, 0x00, 0x00, 0x00,
  0x00, 0x00, 0x00, 0x00, 0x00, 0x00, 0x00, 0x00, 0x00, 0x00, 0x00, 0x00, 0x00, 0x00, 0x00, 0x00,
  0x00, 0x00, 0x00, 0x00, 0x00, 0x00, 0x00, 0x00, 0x00, 0x00, 0x00, 0x00, 0x00, 0x00, 0x00, 0x00,
  0x00, 0x00, 0x00, 0x00, 0x00, 0x00, 0x00, 0x00, 0x00, 0x00, 0x00, 0x00, 0x00, 0x00, 0x00, 0x00,
  0x00, 0x00, 0x00, 0x00, 0x00, 0x00, 0x00, 0x00, 0x00, 0x00, 0x00, 0x00, 0x00, 0x00, 0x00, 0x00,
  0x00, 0x00, 0x00, 0x00, 0x00, 0x00, 0x00, 0x00, 0x00, 0x00, 0x00, 0x00, 0x00, 0x00, 0x00, 0x00,
  0x00, 0x00, 0x00, 0x00, 0x00, 0x00, 0x00, 0x00, 0x00, 0x00, 0x00, 0x00, 0x00, 0x00, 0x00, 0x00,
  0x00, 0x00, 0x00, 0x00, 0x00, 0x00, 0x00, 0x00, 0x00, 0x00, 0xff, 0x07, 0x00, 0x00, 0x55, 0x55,
  0x97, 0x2c, 0xff, 0x07, 0xd5, 0x1b, 0xd6, 0x03, 0x1b, 0x05, 0x58, 0x04, 0x99, 0x04, 0xdd, 0x0d,
  0x7c, 0x05, 0xba, 0x04, 0x1e, 0x0e, 0x7f, 0x37, 0xff, 0xbf, 0xff, 0xdf, 0xff, 0xcf, 0xff, 0xdf,
  0xff, 0xd7, 0x9f, 0x6f, 0x5d, 0x06, 0x5a, 0x05, 0x3b, 0x05, 0xb8, 0x0c, 0x73, 0x03, 0x73, 0x03,
  0x00, 0x00, 0x00, 0x00, 0x00, 0x00, 0x00, 0x00, 0x00, 0x00, 0x00, 0x00, 0x00, 0x00, 0x00, 0x00,
  0x00, 0x00, 0x00, 0x00, 0x00, 0x00, 0x00, 0x00, 0x00, 0x00, 0x00, 0x00, 0x00, 0x00, 0x00, 0x00,
  0x00, 0x00, 0x00, 0x00, 0x00, 0x00, 0x00, 0x00, 0x00, 0x00, 0x1f, 0x00, 0x00, 0x00, 0x00, 0x00,
  0x00, 0x00, 0x00, 0x00, 0x33, 0x33, 0x72, 0x4b, 0xd0, 0x4b, 0x12, 0x44, 0x13, 0x3c, 0xcf, 0x1a,
  0xaf, 0x0a, 0xcf, 0x0a, 0xd3, 0x13, 0x76, 0x1c, 0x93, 0x0b, 0x36, 0x04, 0x78, 0x04, 0x37, 0x04,
  0xdb, 0x05, 0xfe, 0x26, 0xbf, 0x7f, 0xff, 0xbf, 0xff, 0xb7, 0xff, 0xbf, 0xff, 0xc7, 0x3f, 0x47,
  0xfd, 0x05, 0x98, 0x04, 0x78, 0x04, 0x78, 0x04, 0xf9, 0x04, 0x78, 0x04, 0x75, 0x03, 0x98, 0x55,
  0xfd, 0xcf, 0xfc, 0x5e, 0x5a, 0x1d, 0x77, 0x0c, 0xb5, 0x0b, 0xd4, 0x23, 0x14, 0x24, 0xff, 0x07,
  0x00, 0x00, 0x00, 0x00, 0x00, 0x00, 0x00, 0x00, 0x00, 0x00, 0x00, 0x00, 0x00, 0x00, 0x00, 0x00,
  0x00, 0x00, 0x00, 0x00, 0x00, 0x00, 0x00, 0x00, 0x00, 0x00, 0x00, 0x00, 0x00, 0x00, 0x00, 0x00,
  0x00, 0x00, 0x00, 0x00, 0x00, 0x00, 0x00, 0x00, 0x00, 0x00, 0x00, 0x00, 0x00, 0x00, 0x00, 0x00,
  0x00, 0x00, 0x00, 0x00, 0x00, 0x00, 0x00, 0x00, 0x00, 0x00, 0x00, 0x00, 0x00, 0x00, 0x00, 0x00,
  0x00, 0x00, 0x00, 0x00, 0x00, 0x00, 0x00, 0x00, 0x00, 0x00, 0x00, 0x00, 0x00, 0x00, 0x00, 0x00,
  0x00, 0x00, 0x00, 0x00, 0x00, 0x00, 0x00, 0x00, 0x00, 0x00, 0x00, 0x00, 0x00, 0x00, 0x00, 0x00,
  0x00, 0x00, 0x00, 0x00, 0x00, 0x00, 0x00, 0x00, 0x00, 0x00, 0x00, 0x00, 0x00, 0x00, 0x00, 0x00,
  0x00, 0x00, 0x00, 0x00, 0x00, 0x00, 0x00, 0x00, 0x00, 0x00, 0x00, 0x00, 0x00, 0x00, 0x00, 0x00,
  0x00, 0x00, 0x00, 0x00, 0x00, 0x00, 0x00, 0x00, 0x00, 0x00, 0x00, 0x00, 0x00, 0x00, 0x00, 0x00,
  0x00, 0x00, 0x00, 0x00, 0x00, 0x00, 0x00, 0x00, 0x00, 0x00, 0x00, 0x00, 0x00, 0x00, 0x00, 0x00,
  0x00, 0x00, 0x00, 0x00, 0x00, 0x00, 0x00, 0x00, 0x00, 0x00, 0x00, 0x00, 0x00, 0x00, 0x00, 0x00,
  0x00, 0x00, 0x00, 0x00, 0x00, 0x00, 0x00, 0x00, 0x00, 0x00, 0x00, 0x00, 0x00, 0x00, 0x00, 0x00,
  0x00, 0x00, 0x00, 0x00, 0x00, 0x00, 0x00, 0x00, 0x00, 0x00, 0x00, 0x00, 0x00, 0x00, 0x00, 0x00,
  0x00, 0x00, 0x00, 0x00, 0x00, 0x00, 0x00, 0x00, 0x00, 0x00, 0x00, 0x00, 0x00, 0x00, 0x55, 0x55,
  0x15, 0x2c, 0x96, 0x24, 0x53, 0x0b, 0x58, 0x0c, 0x9c, 0x0d, 0x1b, 0x05, 0xda, 0x04, 0xba, 0x04,
  0x5c, 0x05, 0xbd, 0x0d, 0xff, 0x1e, 0xff, 0xc7, 0xff, 0xd7, 0xff, 0xcf, 0xff, 0xd7, 0xff, 0xe7,
  0xff, 0x97, 0xfe, 0x36, 0x1d, 0x0e, 0x1a, 0x05, 0x3b, 0x05, 0x98, 0x04, 0x74, 0x03, 0x53, 0x03,
  0x00, 0x00, 0x00, 0x00, 0x00, 0x00, 0x00, 0x00, 0x00, 0x00, 0x00, 0x00, 0x00, 0x00, 0x00, 0x00,
  0x00, 0x00, 0x00, 0x00, 0x00, 0x00, 0x00, 0x00, 0x00, 0x00, 0x00, 0x00, 0x00, 0x00, 0x00, 0x00,
  0x00, 0x00, 0x00, 0x00, 0x00, 0x00, 0x00, 0x00, 0x00, 0x00, 0x1f, 0x00, 0x00, 0x00, 0x00, 0x00,
  0x00, 0x00, 0x1f, 0x00, 0x10, 0x44, 0xb1, 0x3b, 0x72, 0x4b, 0x12, 0x4c, 0x1f, 0x00, 0xee, 0x2a,
  0xae, 0x1a, 0xae, 0x0a, 0xef, 0x0a, 0xb3, 0x1b, 0x93, 0x0b, 0x15, 0x04, 0x37, 0x04, 0x36, 0x04,
  0x7a, 0x05, 0xde, 0x16, 0x9e, 0x4f, 0xdf, 0xaf, 0xff, 0xb7, 0xff, 0xd7, 0xff, 0xcf, 0xbf, 0x77,
  0x3d, 0x16, 0x98, 0x04, 0x98, 0x04, 0x99, 0x04, 0xfa, 0x04, 0xda, 0x0c, 0x38, 0x04, 0xb3, 0x1b,
  0x7c, 0xbf, 0x9e, 0x8f, 0x7b, 0x0d, 0xb5, 0x03, 0x36, 0x0c, 0x93, 0x13, 0xf4, 0x23, 0x13, 0x44,
  0x15, 0x2c, 0x00, 0x00, 0x00, 0x00, 0x00, 0x00, 0x00, 0x00, 0x00, 0x00, 0x00, 0x00, 0x00, 0x00,
  0x00, 0x00, 0x00, 0x00, 0x00, 0x00, 0x00, 0x00, 0x00, 0x00, 0x00, 0x00, 0x00, 0x00, 0x00, 0x00,
  0x00, 0x00, 0x00, 0x00, 0x00, 0x00, 0x00, 0x00, 0x00, 0x00, 0x00, 0x00, 0x00, 0x00, 0x00, 0x00,
  0x00, 0x00, 0x00, 0x00, 0x00, 0x00, 0x00, 0x00, 0x00, 0x00, 0x00, 0x00, 0x00, 0x00, 0x00, 0x00,
  0x00, 0x00, 0x00, 0x00, 0x00, 0x00, 0x00, 0x00, 0x00, 0x00, 0x00, 0x00, 0x00, 0x00, 0x00, 0x00,
  0x00, 0x00, 0x00, 0x00, 0x00, 0x00, 0x00, 0x00, 0x00, 0x00, 0x00, 0x00, 0x00, 0x00, 0x00, 0x00,
  0x00, 0x00, 0x00, 0x00, 0x00, 0x00, 0x00, 0x00, 0x00, 0x00, 0x00, 0x00, 0x00, 0x00, 0x00, 0x00,
  0x00, 0x00, 0x00, 0x00, 0x00, 0x00, 0x00, 0x00, 0x00, 0x00, 0x00, 0x00, 0x00, 0x00, 0x00, 0x00,
  0x00, 0x00, 0x00, 0x00, 0x00, 0x00, 0x00, 0x00, 0x00, 0x00, 0x00, 0x00, 0x00, 0x00, 0x00, 0x00,
  0x00, 0x00, 0x00, 0x00, 0x00, 0x00, 0x00, 0x00, 0x00, 0x00, 0x00, 0x00, 0x00, 0x00, 0x00, 0x00,
  0x00, 0x00, 0x00, 0x00, 0x00, 0x00, 0x00, 0x00, 0x00, 0x00, 0x00, 0x00, 0x00, 0x00, 0x00, 0x00,
  0x00, 0x00, 0x00, 0x00, 0x00, 0x00, 0x00, 0x00, 0x00, 0x00, 0x00, 0x00, 0x00, 0x00, 0x00, 0x00,
  0x00, 0x00, 0x00, 0x00, 0x00, 0x00, 0x00, 0x00, 0x00, 0x00, 0x00, 0x00, 0x00, 0x00, 0x00, 0x00,
  0x00, 0x00, 0x00, 0x00, 0x00, 0x00, 0x00, 0x00, 0x00, 0x00, 0x10, 0x04, 0xff, 0x07, 0x17, 0x24,
  0xff, 0x07, 0xf5, 0x1b, 0x32, 0x03, 0xfa, 0x0c, 0xbd, 0x0d, 0x5b, 0x05, 0x3b, 0x05, 0xdb, 0x04,
  0x3b, 0x05, 0x5e, 0x06, 0x1f, 0x27, 0xff, 0xc7, 0xff, 0xcf, 0xff, 0xcf, 0xff, 0xd7, 0xff, 0xe7,
  0xbf, 0x5f, 0x9e, 0x0e, 0xdc, 0x15, 0x5a, 0x0d, 0x3a, 0x05, 0xb8, 0x04, 0x77, 0x04, 0x94, 0x03,
  0x00, 0x00, 0x00, 0x00, 0x00, 0x00, 0x00, 0x00, 0x00, 0x00, 0x00, 0x00, 0x00, 0x00, 0x00, 0x00,
  0x00, 0x00, 0x00, 0x00, 0x00, 0x00, 0x00, 0x00, 0x00, 0x00, 0x00, 0x00, 0x00, 0x00, 0x00, 0x00,
  0x00, 0x00, 0x00, 0x00, 0x00, 0x00, 0x00, 0x00, 0x00, 0x00, 0x00, 0x00, 0xb5, 0x52, 0x00, 0x00,
  0x00, 0x00, 0x1f, 0x00, 0x1f, 0x00, 0x00, 0x00, 0x12, 0x44, 0x91, 0x3b, 0xb2, 0x33, 0x91, 0x2b,
  0x51, 0x23, 0xd0, 0x12, 0xaf, 0x0a, 0xcf, 0x0a, 0x31, 0x0b, 0xd4, 0x03, 0x15, 0x04, 0xd8, 0x0c,
  0x5a, 0x0d, 0xff, 0x1e, 0xbf, 0x3f, 0xdf, 0x7f, 0xff, 0xcf, 0xff, 0xf7, 0xff, 0xef, 0xff, 0xcf,
  0xde, 0x26, 0x7a, 0x05, 0xb9, 0x04, 0x58, 0x04, 0x37, 0x04, 0xd6, 0x03, 0xb5, 0x03, 0x53, 0x03,
  0x77, 0x14, 0xd8, 0x1c, 0xb3, 0x0b, 0x32, 0x0b, 0x15, 0x1c, 0xb3, 0x1b, 0x55, 0x34, 0xd3, 0x34,
  0x00, 0x00, 0x00, 0x00, 0x00, 0x00, 0x00, 0x00, 0x00, 0x00, 0x00, 0x00, 0x00, 0x00, 0x00, 0x00,
  0x00, 0x00, 0x00, 0x00, 0x00, 0x00, 0x00, 0x00, 0x00, 0x00, 0x00, 0x00, 0x00, 0x00, 0x00, 0x00,
  0x00, 0x00, 0x00, 0x00, 0x00, 0x00, 0x00, 0x00, 0x00, 0x00, 0x00, 0x00, 0x00, 0x00, 0x00, 0x00,
  0x00, 0x00, 0x00, 0x00, 0x00, 0x00, 0x00, 0x00, 0x00, 0x00, 0x00, 0x00, 0x00, 0x00, 0x00, 0x00,
  0x00, 0x00, 0x00, 0x00, 0x00, 0x00, 0x00, 0x00, 0x00, 0x00, 0x00, 0x00, 0x00, 0x00, 0x00, 0x00,
  0x00, 0x00, 0x00, 0x00, 0x00, 0x00, 0x00, 0x00, 0x00, 0x00, 0x00, 0x00, 0x00, 0x00, 0x00, 0x00,
  0x00, 0x00, 0x00, 0x00, 0x00, 0x00, 0x00, 0x00, 0x00, 0x00, 0x00, 0x00, 0x00, 0x00, 0x00, 0x00,
  0x00, 0x00, 0x00, 0x00, 0x00, 0x00, 0x00, 0x00, 0x00, 0x00, 0x00, 0x00, 0x00, 0x00, 0x00, 0x00,
  0x00, 0x00, 0x00, 0x00, 0x00, 0x00, 0x00, 0x00, 0x00, 0x00, 0x00, 0x00, 0x00, 0x00, 0x00, 0x00,
  0x00, 0x00, 0x00, 0x00, 0x00, 0x00, 0x00, 0x00, 0x00, 0x00, 0x00, 0x00, 0x00, 0x00, 0x00, 0x00,
  0x00, 0x00, 0x00, 0x00, 0x00, 0x00, 0x00, 0x00, 0x00, 0x00, 0x00, 0x00, 0x00, 0x00, 0x00, 0x00,
  0x00, 0x00, 0x00, 0x00, 0x00, 0x00, 0x00, 0x00, 0x00, 0x00, 0xff, 0x07, 0x00, 0x00, 0x00, 0x00,
  0x00, 0x00, 0x00, 0x00, 0x00, 0x00, 0x00, 0x00, 0x00, 0x00, 0xff, 0x07, 0xff, 0x07, 0x00, 0x00,
  0x00, 0x00, 0x00, 0x00, 0x00, 0x00, 0x00, 0x00, 0x00, 0x00, 0x10, 0x04, 0x17, 0x44, 0x00, 0x00,
  0xf8, 0x2c, 0x15, 0x14, 0xf5, 0x03, 0x78, 0x04, 0x78, 0x04, 0x3a, 0x0d, 0x1a, 0x05, 0xf9, 0x0c,
  0x5a, 0x05, 0xbd, 0x0e, 0x1f, 0x27, 0xff, 0xa7, 0xff, 0xdf, 0xff, 0xd7, 0xff, 0xef, 0x7f, 0x97,
  0xbf, 0x0e, 0x5e, 0x0e, 0x7b, 0x05, 0x3b, 0x05, 0x7b, 0x0d, 0x16, 0x04, 0xf6, 0x0b, 0x94, 0x03,
  0x00, 0x00, 0x00, 0x00, 0x00, 0x00, 0x00, 0x00, 0x00, 0x00, 0x00, 0x00, 0x00, 0x00, 0x00, 0x00,
  0x00, 0x00, 0x00, 0x00, 0x00, 0x00, 0x00, 0x00, 0x00, 0x00, 0x00, 0x00, 0x00, 0x00, 0x00, 0x00,
  0x00, 0x00, 0x00, 0x00, 0x00, 0x00, 0x00, 0x00, 0x00, 0x00, 0x00, 0x00, 0x1f, 0x00, 0x10, 0x44,
  0x1f, 0x00, 0x00, 0x00, 0x00, 0x00, 0x1f, 0x00, 0xd0, 0x4b, 0x91, 0x3b, 0x72, 0x4b, 0x91, 0x33,
  0x71, 0x23, 0x51, 0x1b, 0x10, 0x13, 0xef, 0x0a, 0x30, 0x0b, 0xb4, 0x03, 0x94, 0x03, 0xb7, 0x04,
  0xb8, 0x04, 0x1d, 0x0e, 0x5f, 0x27, 0xbf, 0x5f, 0xff, 0xc7, 0xff, 0xef, 0xff, 0xe7, 0xff, 0xe7,
  0xbf, 0x6f, 0x9d, 0x0e, 0x1b, 0x05, 0xf9, 0x04, 0x37, 0x04, 0x37, 0x04, 0xf6, 0x03, 0x74, 0x03,
  0xd5, 0x0b, 0xd8, 0x1c, 0x97, 0x1c, 0x15, 0x1c, 0x76, 0x24, 0xd5, 0x2b, 0x15, 0x2c, 0xff, 0x07,
  0x00, 0x00, 0xff, 0x07, 0x00, 0x00, 0x00, 0x00, 0x00, 0x00, 0x00, 0x00, 0x00, 0x00, 0x00, 0x00,
  0x00, 0x00, 0x00, 0x00, 0x00, 0x00, 0x00, 0x00, 0x00, 0x00, 0x00, 0x00, 0x00, 0x00, 0x00, 0x00,
  0x00, 0x00, 0x00, 0x00, 0x00, 0x00, 0x00, 0x00, 0x00, 0x00, 0x00, 0x00, 0x00, 0x00, 0x00, 0x00,
  0x00, 0x00, 0x00, 0x00, 0x00, 0x00, 0x00, 0x00, 0x00, 0x00, 0x00, 0x00, 0x00, 0x00, 0x00, 0x00,
  0x00, 0x00, 0x00, 0x00, 0x00, 0x00, 0x00, 0x00, 0x00, 0x00, 0x00, 0x00, 0x00, 0x00, 0x00, 0x00,
  0x00, 0x00, 0x00, 0x00, 0x00, 0x00, 0x00, 0x00, 0x00, 0x00, 0x00, 0x00, 0x00, 0x00, 0x00, 0x00,
  0x00, 0x00, 0x00, 0x00, 0x00, 0x00, 0x00, 0x00, 0x00, 0x00, 0x00, 0x00, 0x00, 0x00, 0x00, 0x00,
  0x00, 0x00, 0x00, 0x00, 0x00, 0x00, 0x00, 0x00, 0x00, 0x00, 0x00, 0x00, 0x00, 0x00, 0x00, 0x00,
  0x00, 0x00, 0x00, 0x00, 0x00, 0x00, 0x00, 0x00, 0x00, 0x00, 0x00, 0x00, 0x00, 0x00, 0x00, 0x00,
  0x00, 0x00, 0x00, 0x00, 0x00, 0x00, 0x00, 0x00, 0x00, 0x00, 0x00, 0x00, 0x00, 0x00, 0x00, 0x00,
  0x00, 0x00, 0x00, 0x00, 0x00, 0x00, 0x00, 0x00, 0x00, 0x00, 0x00, 0x00, 0x00, 0x00, 0x00, 0x00,
  0x00, 0x00, 0x00, 0x00, 0x00, 0x00, 0x00, 0x00, 0x00, 0x00, 0x00, 0x00, 0x00, 0x00, 0x00, 0x00,
  0x00, 0x00, 0x00, 0x00, 0x00, 0x00, 0x00, 0x00, 0x00, 0x00, 0xff, 0x07, 0x00, 0x00, 0x00, 0x00,
  0x00, 0x00, 0x00, 0x00, 0x00, 0x00, 0x00, 0x00, 0xff, 0x07, 0x55, 0x05, 0xd9, 0x34, 0x75, 0x1c,
  0x56, 0x14, 0x16, 0x0c, 0x16, 0x04, 0xb9, 0x04, 0x98, 0x04, 0x5b, 0x05, 0x9b, 0x0d, 0x3a, 0x05,
  0x7b, 0x0d, 0x9e, 0x0e, 0x7f, 0x47, 0xff, 0xdf, 0xff, 0xf7, 0xff, 0xcf, 0xff, 0xdf, 0xff, 0x2e,
  0xdf, 0x0e, 0x5e, 0x16, 0x3a, 0x05, 0xda, 0x04, 0x1a, 0x05, 0x16, 0x0c, 0x77, 0x0c, 0xf5, 0x03,
  0x00, 0x00, 0x00, 0x00, 0x00, 0x00, 0x00, 0x00, 0x00, 0x00, 0x00, 0x00, 0x00, 0x00, 0x00, 0x00,
  0x00, 0x00, 0x00, 0x00, 0x00, 0x00, 0x00, 0x00, 0x00, 0x00, 0x00, 0x00, 0x00, 0x00, 0x00, 0x00,
  0x00, 0x00, 0x00, 0x00, 0x00, 0x00, 0x00, 0x00, 0x00, 0x00, 0x00, 0x00, 0x00, 0x00, 0x00, 0x00,
  0x00, 0x00, 0x00, 0x00, 0x00, 0x00, 0x10, 0x44, 0x12, 0x4c, 0x71, 0x33, 0x13, 0x34, 0x91, 0x3b,
  0x71, 0x2b, 0x30, 0x1b, 0xf0, 0x12, 0xcf, 0x0a, 0xcf, 0x0a, 0xd3, 0x0b, 0xb4, 0x03, 0xf8, 0x0c,
  0x56, 0x04, 0xb8, 0x04, 0x3f, 0x27, 0x7f, 0x4f, 0xff, 0xbf, 0xff, 0xe7, 0xff, 0xdf, 0xff, 0xef,
  0xff, 0xc7, 0x1f, 0x37, 0x3a, 0x05, 0x1a, 0x0d, 0x78, 0x04, 0xd9, 0x04, 0x16, 0x04, 0xb5, 0x03,
  0xb5, 0x03, 0x78, 0x0c, 0xfa, 0x1c, 0xf6, 0x0b, 0x36, 0x24, 0x14, 0x24, 0x55, 0x34, 0xd9, 0x34,
  0x00, 0x00, 0x00, 0x00, 0x00, 0x00, 0xff, 0x07, 0x00, 0x00, 0x00, 0x00, 0x00, 0x00, 0x00, 0x00,
  0xff, 0x07, 0x00, 0x00, 0x00, 0x00, 0xff, 0x07, 0x00, 0x00, 0x00, 0x00, 0x00, 0x00, 0x00, 0x00,
  0x00, 0x00, 0x00, 0x00, 0x00, 0x00, 0x00, 0x00, 0x00, 0x00, 0x00, 0x00, 0x00, 0x00, 0x00, 0x00,
  0x00, 0x00, 0x00, 0x00, 0x00, 0x00, 0x00, 0x00, 0x00, 0x00, 0x00, 0x00, 0x00, 0x00, 0x00, 0x00,
  0x00, 0x00, 0x00, 0x00, 0x00, 0x00, 0x00, 0x00, 0x00, 0x00, 0x00, 0x00, 0x00, 0x00, 0x00, 0x00,
  0x00, 0x00, 0x00, 0x00, 0x00, 0x00, 0x00, 0x00, 0x00, 0x00, 0x00, 0x00, 0x00, 0x00, 0x00, 0x00,
  0x00, 0x00, 0x00, 0x00, 0x00, 0x00, 0x00, 0x00, 0x00, 0x00, 0x00, 0x00, 0x00, 0x00, 0x00, 0x00,
  0x00, 0x00, 0x00, 0x00, 0x00, 0x00, 0x00, 0x00, 0x00, 0x00, 0x00, 0x00, 0x00, 0x00, 0x00, 0x00,
  0x00, 0x00, 0x00, 0x00, 0x00, 0x00, 0x00, 0x00, 0x00, 0x00, 0x00, 0x00, 0x00, 0x00, 0x00, 0x00,
  0x00, 0x00, 0x00, 0x00, 0x00, 0x00, 0x00, 0x00, 0x00, 0x00, 0x00, 0x00, 0x00, 0x00, 0x00, 0x00,
  0x00, 0x00, 0x00, 0x00, 0x00, 0x00, 0x00, 0x00, 0x00, 0x00, 0x00, 0x00, 0x00, 0x00, 0x00, 0x00,
  0x00, 0x00, 0x00, 0x00, 0x00, 0x00, 0x00, 0x00, 0x00, 0x00, 0x00, 0x00, 0x00, 0x00, 0x00, 0x00,
  0x00, 0x00, 0x00, 0x00, 0x00, 0x00, 0x00, 0x00, 0x00, 0x00, 0x00, 0x00, 0x00, 0x00, 0x00, 0x00,
  0x00, 0x00, 0x00, 0x00, 0x00, 0x00, 0x00, 0x00, 0x55, 0x55, 0xd9, 0x34, 0x75, 0x34, 0x15, 0x1c,
  0x15, 0x0c, 0x37, 0x0c, 0x37, 0x04, 0xfa, 0x04, 0xfa, 0x04, 0xdc, 0x15, 0x7d, 0x1e, 0xbb, 0x0d,
  0xdc, 0x05, 0xbe, 0x16, 0xff, 0x9f, 0xff, 0xe7, 0xff, 0xef, 0xff, 0xdf, 0x7f, 0x77, 0x7e, 0x0e,
  0x3d, 0x0e, 0x9c, 0x0d, 0x1a, 0x05, 0x78, 0x04, 0x16, 0x04, 0xd5, 0x03, 0xf5, 0x0b, 0x15, 0x0c,
  0x00, 0x00, 0x00, 0x00, 0x00, 0x00, 0x00, 0x00, 0x00, 0x00, 0x00, 0x00, 0x00, 0x00, 0x00, 0x00,
  0x00, 0x00, 0x00, 0x00, 0x00, 0x00, 0x00, 0x00, 0x00, 0x00, 0x00, 0x00, 0x00, 0x00, 0x00, 0x00,
  0x00, 0x00, 0x00, 0x00, 0x00, 0x00, 0x00, 0x00, 0x00, 0x00, 0x00, 0x00, 0x00, 0x00, 0x00, 0x00,
  0x00, 0x00, 0x00, 0x00, 0x00, 0x00, 0xb5, 0x52, 0x10, 0x54, 0x72, 0x33, 0x91, 0x43, 0x13, 0x34,
  0x91, 0x2b, 0x30, 0x1b, 0x10, 0x13, 0x10, 0x0b, 0xf0, 0x0a, 0x93, 0x0b, 0xf5, 0x0b, 0xf8, 0x14,
  0x56, 0x0c, 0xd5, 0x03, 0x5d, 0x0e, 0x5f, 0x2f, 0xdf, 0x87, 0xff, 0xd7, 0xff, 0xe7, 0xff, 0xe7,
  0xff, 0xdf, 0x9f, 0x57, 0xdc, 0x05, 0xd9, 0x04, 0xf9, 0x04, 0x1a, 0x05, 0x57, 0x04, 0x16, 0x04,
  0xd5, 0x03, 0xd5, 0x03, 0x16, 0x14, 0x53, 0x0b, 0xb4, 0x1b, 0xd4, 0x23, 0x35, 0x2c, 0x56, 0x24,
  0x10, 0x04, 0x00, 0x00, 0x00, 0x00, 0x10, 0x04, 0x17, 0x44, 0x00, 0x00, 0x00, 0x00, 0x00, 0x00,
  0x00, 0x00, 0x00, 0x00, 0x00, 0x00, 0x00, 0x00, 0x00, 0x00, 0x00, 0x00, 0x00, 0x00, 0x00, 0x00,
  0x00, 0x00, 0x00, 0x00, 0x00, 0x00, 0x00, 0x00, 0x00, 0x00, 0x00, 0x00, 0x00, 0x00, 0x00, 0x00,
  0x00, 0x00, 0x00, 0x00, 0x00, 0x00, 0x00, 0x00, 0x00, 0x00, 0x00, 0x00, 0x00, 0x00, 0x00, 0x00,
  0x00, 0x00, 0x00, 0x00, 0x00, 0x00, 0x00, 0x00, 0x00, 0x00, 0x00, 0x00, 0x00, 0x00, 0x00, 0x00,
  0x00, 0x00, 0x00, 0x00, 0x00, 0x00, 0x00, 0x00, 0x00, 0x00, 0x00, 0x00, 0x00, 0x00, 0x00, 0x00,
  0x00, 0x00, 0x00, 0x00, 0x00, 0x00, 0x00, 0x00, 0x00, 0x00, 0x00, 0x00, 0x00, 0x00, 0x00, 0x00,
  0x00, 0x00, 0x00, 0x00, 0x00, 0x00, 0x00, 0x00, 0x00, 0x00, 0x00, 0x00, 0x00, 0x00, 0x00, 0x00,
  0x00, 0x00, 0x00, 0x00, 0x00, 0x00, 0x00, 0x00, 0x00, 0x00, 0x00, 0x00, 0x00, 0x00, 0x00, 0x00,
  0x00, 0x00, 0x00, 0x00, 0x00, 0x00, 0x00, 0x00, 0x00, 0x00, 0x00, 0x00, 0x00, 0x00, 0x00, 0x00,
  0x00, 0x00, 0x00, 0x00, 0x00, 0x00, 0x00, 0x00, 0x00, 0x00, 0x00, 0x00, 0x00, 0x00, 0x00, 0x00,
  0x00, 0x00, 0x00, 0x00, 0x00, 0x00, 0x00, 0x00, 0x00, 0x00, 0x00, 0x00, 0x00, 0x00, 0xff, 0x07,
  0x00, 0x00, 0x00, 0x00, 0x00, 0x00, 0x00, 0x00, 0x00, 0x00, 0x00, 0x00, 0x00, 0x00, 0xff, 0x07,
  0x00, 0x00, 0x00, 0x00, 0x00, 0x00, 0x00, 0x00, 0x17, 0x44, 0x76, 0x24, 0x36, 0x24, 0x16, 0x14,
  0xd5, 0x0b, 0x79, 0x04, 0xfa, 0x0c, 0xfa, 0x04, 0x1a, 0x05, 0x9c, 0x0d, 0xfc, 0x0d, 0x7c, 0x05,
  0x3d, 0x06, 0x9f, 0x3f, 0xff, 0xdf, 0xff, 0xdf, 0xff, 0xdf, 0xff, 0xd7, 0x1f, 0x47, 0x3d, 0x0e,
  0x5d, 0x0e, 0x1c, 0x0e, 0x7b, 0x0d, 0xb8, 0x0c, 0xf5, 0x03, 0xb4, 0x03, 0x53, 0x03, 0x73, 0x0b,
  0x00, 0x00, 0x00, 0x00, 0x00, 0x00, 0x00, 0x00, 0x00, 0x00, 0x00, 0x00, 0x00, 0x00, 0x00, 0x00,
  0x00, 0x00, 0x00, 0x00, 0x00, 0x00, 0x00, 0x00, 0x00, 0x00, 0x00, 0x00, 0x00, 0x00, 0x00, 0x00,
  0x00, 0x00, 0x00, 0x00, 0x00, 0x00, 0x00, 0x00, 0x00, 0x00, 0x10, 0x84, 0x00, 0x00, 0x00, 0x00,
  0x00, 0x00, 0x00, 0x00, 0x1f, 0x00, 0x10, 0x44, 0xb1, 0x43, 0xb1, 0x3b, 0x91, 0x33, 0xf3, 0x33,
  0xb1, 0x2b, 0x51, 0x23, 0x71, 0x23, 0x71, 0x1b, 0x10, 0x13, 0x72, 0x13, 0xb3, 0x0b, 0x15, 0x0c,
  0x56, 0x04, 0xf5, 0x03, 0x19, 0x05, 0x1f, 0x27, 0x9f, 0x4f, 0xff, 0xdf, 0xff, 0xe7, 0xff, 0xdf,
  0xff, 0xe7, 0xff, 0xaf, 0x1f, 0x27, 0x9b, 0x05, 0x7a, 0x05, 0x1a, 0x05, 0xd9, 0x04, 0x57, 0x04,
  0x54, 0x03, 0x33, 0x03, 0x95, 0x03, 0x54, 0x03, 0x74, 0x0b, 0xd4, 0x1b, 0x36, 0x2c, 0x35, 0x34,
  0xb5, 0x2c, 0x00, 0x00, 0x55, 0x55, 0xff, 0x07, 0x00, 0x00, 0x00, 0x00, 0x00, 0x00, 0x00, 0x00,
  0x10, 0x04, 0x10, 0x04, 0x55, 0x55, 0x00, 0x00, 0x00, 0x00, 0x00, 0x00, 0x00, 0x00, 0x00, 0x00,
  0x00, 0x00, 0x00, 0x00, 0x00, 0x00, 0x00, 0x00, 0x00, 0x00, 0x00, 0x00, 0x00, 0x00, 0x00, 0x00,
  0x00, 0x00, 0x00, 0x00, 0x00, 0x00, 0x00, 0x00, 0x00, 0x00, 0x00, 0x00, 0x00, 0x00, 0x00, 0x00,
  0x00, 0x00, 0x00, 0x00, 0x00, 0x00, 0x00, 0x00, 0x00, 0x00, 0x00, 0x00, 0x00, 0x00, 0x00, 0x00,
  0x00, 0x00, 0x00, 0x00, 0x00, 0x00, 0x00, 0x00, 0x00, 0x00, 0x00, 0x00, 0x00, 0x00, 0x00, 0x00,
  0x00, 0x00, 0x00, 0x00, 0x00, 0x00, 0x00, 0x00, 0x00, 0x00, 0x00, 0x00, 0x00, 0x00, 0x00, 0x00,
  0x00, 0x00, 0x00, 0x00, 0x00, 0x00, 0x00, 0x00, 0x00, 0x00, 0x00, 0x00, 0x00, 0x00, 0x00, 0x00,
  0x00, 0x00, 0x00, 0x00, 0x00, 0x00, 0x00, 0x00, 0x00, 0x00, 0x00, 0x00, 0x00, 0x00, 0x00, 0x00,
  0x00, 0x00, 0x00, 0x00, 0x00, 0x00, 0x00, 0x00, 0x00, 0x00, 0x00, 0x00, 0x00, 0x00, 0x00, 0x00,
  0x00, 0x00, 0x00, 0x00, 0x00, 0x00, 0x00, 0x00, 0x00, 0x00, 0x00, 0x00, 0x00, 0x00, 0x00, 0x00,
  0x00, 0x00, 0x00, 0x00, 0x00, 0x00, 0x00, 0x00, 0x00, 0x00, 0x00, 0x00, 0x00, 0x00, 0x00, 0x00,
  0x00, 0x00, 0x00, 0x00, 0x00, 0x00, 0x00, 0x00, 0x00, 0x00, 0x00, 0x00, 0x00, 0x00, 0x00, 0x00,
  0x00, 0x00, 0x00, 0x00, 0x00, 0x00, 0xff, 0x07, 0x78, 0x1c, 0x15, 0x24, 0x56, 0x1c, 0x17, 0x0c,
  0x94, 0x03, 0x99, 0x0c, 0x3b, 0x0d, 0x3b, 0x05, 0x7b, 0x05, 0x5b, 0x05, 0x3a, 0x05, 0xbc, 0x05,
  0x1e, 0x27, 0xff, 0x9f, 0xff, 0xef, 0xff, 0xe7, 0xff, 0xdf, 0xdf, 0xa7, 0x3f, 0x3f, 0x5d, 0x0e,
  0x5d, 0x16, 0xdc, 0x0d, 0xd9, 0x04, 0x98, 0x0c, 0x15, 0x04, 0x15, 0x04, 0xd4, 0x0b, 0x32, 0x0b,
  0x00, 0x00, 0x00, 0x00, 0x00, 0x00, 0x00, 0x00, 0x00, 0x00, 0x00, 0x00, 0x00, 0x00, 0x00, 0x00,
  0x00, 0x00, 0x00, 0x00, 0x00, 0x00, 0x00, 0x00, 0x00, 0x00, 0x00, 0x00, 0x00, 0x00, 0x00, 0x00,
  0x00, 0x00, 0x00, 0x00, 0x00, 0x00, 0x00, 0x00, 0x00, 0x00, 0x00, 0x00, 0x00, 0x00, 0x00, 0x00,
  0x00, 0x00, 0x00, 0x00, 0x00, 0x00, 0x10, 0x84, 0xb1, 0x43, 0xd1, 0x33, 0x91, 0x33, 0x92, 0x33,
  0xb3, 0x3b, 0xb2, 0x2b, 0x50, 0x1b, 0x50, 0x1b, 0x51, 0x13, 0x71, 0x13, 0x31, 0x0b, 0x31, 0x03,
  0x56, 0x04, 0x39, 0x0d, 0x16, 0x04, 0xbe, 0x26, 0xdf, 0x57, 0xff, 0xe7, 0xff, 0xdf, 0xff, 0xcf,
  0xff, 0xdf, 0xff, 0xef, 0xdf, 0x97, 0xbe, 0x0e, 0x3a, 0x05, 0xbc, 0x15, 0xb9, 0x04, 0x78, 0x04,
  0xb5, 0x03, 0x53, 0x03, 0xf7, 0x0b, 0x17, 0x04, 0xd6, 0x0b, 0xf5, 0x1b, 0x56, 0x24, 0x96, 0x34,
  0x55, 0x55, 0x00, 0x00, 0x96, 0x24, 0x55, 0x55, 0x96, 0x24, 0x16, 0x34, 0x00, 0x00, 0x55, 0x34,
  0x35, 0x2c, 0x55, 0x2c, 0xff, 0x07, 0x00, 0x00, 0x00, 0x00, 0xff, 0x07, 0x00, 0x00, 0x00, 0x00,
  0x00, 0x00, 0x00, 0x00, 0x00, 0x00, 0x00, 0x00, 0x00, 0x00, 0x00, 0x00, 0x00, 0x00, 0x00, 0x00,
  0x00, 0x00, 0x00, 0x00, 0x00, 0x00, 0x00, 0x00, 0xff, 0x07, 0x00, 0x00, 0x00, 0x00, 0x00, 0x00,
  0x00, 0x00, 0x00, 0x00, 0x00, 0x00, 0x00, 0x00, 0x00, 0x00, 0x00, 0x00, 0x00, 0x00, 0x00, 0x00,
  0x00, 0x00, 0x00, 0x00, 0x00, 0x00, 0x00, 0x00, 0x00, 0x00, 0x00, 0x00, 0x00, 0x00, 0x00, 0x00,
  0x00, 0x00, 0x00, 0x00, 0x00, 0x00, 0x00, 0x00, 0x00, 0x00, 0x00, 0x00, 0x00, 0x00, 0x00, 0x00,
  0x00, 0x00, 0x00, 0x00, 0x00, 0x00, 0x00, 0x00, 0x00, 0x00, 0x00, 0x00, 0x00, 0x00, 0x00, 0x00,
  0x00, 0x00, 0x00, 0x00, 0x00, 0x00, 0x00, 0x00, 0x00, 0x00, 0x00, 0x00, 0x00, 0x00, 0x00, 0x00,
  0x00, 0x00, 0x00, 0x00, 0x00, 0x00, 0x00, 0x00, 0xff, 0x07, 0x00, 0x00, 0x00, 0x00, 0x00, 0x00,
  0x00, 0x00, 0x00, 0x00, 0x00, 0x00, 0x00, 0x00, 0x00, 0x00, 0x00, 0x00, 0x00, 0x00, 0x00, 0x00,
  0x00, 0x00, 0x00, 0x00, 0x00, 0x00, 0x00, 0x00, 0xff, 0x07, 0x00, 0x00, 0x00, 0x00, 0x00, 0x00,
  0xff, 0x07, 0x00, 0x00, 0x00, 0x00, 0x00, 0x00, 0xff, 0x07, 0x00, 0x00, 0x00, 0x00, 0x00, 0x00,
  0x00, 0x00, 0x00, 0x00, 0xff, 0x07, 0x96, 0x24, 0x56, 0x1c, 0x36, 0x1c, 0xb8, 0x14, 0x37, 0x0c,
  0x17, 0x04, 0x3a, 0x1d, 0x5b, 0x0d, 0x1a, 0x05, 0xfd, 0x0d, 0x1d, 0x0e, 0x5b, 0x05, 0x5d, 0x0e,
  0xdf, 0x5f, 0xff, 0xd7, 0xff, 0xdf, 0xff, 0xef, 0xff, 0xb7, 0x9d, 0x26, 0x9e, 0x1e, 0xdc, 0x15,
  0x9b, 0x0d, 0x3a, 0x05, 0x78, 0x04, 0x36, 0x04, 0xd4, 0x03, 0xd8, 0x0c, 0x56, 0x0c, 0x93, 0x0b,
  0x00, 0x00, 0x00, 0x00, 0x00, 0x00, 0x00, 0x00, 0x00, 0x00, 0x00, 0x00, 0x00, 0x00, 0x00, 0x00,
  0x00, 0x00, 0x00, 0x00, 0x00, 0x00, 0x00, 0x00, 0x00, 0x00, 0x00, 0x00, 0x00, 0x00, 0x00, 0x00,
  0x00, 0x00, 0x00, 0x00, 0x00, 0x00, 0x00, 0x00, 0x00, 0x00, 0x00, 0x00, 0x00, 0x00, 0x00, 0x00,
  0x00, 0x00, 0x1f, 0x00, 0x1f, 0x00, 0x00, 0x00, 0xb5, 0x52, 0xd1, 0x43, 0x32, 0x3c, 0x91, 0x3b,
  0xb2, 0x33, 0x91, 0x2b, 0x30, 0x23, 0x30, 0x13, 0x31, 0x13, 0x51, 0x13, 0x11, 0x0b, 0xb0, 0x02,
  0x72, 0x03, 0x1b, 0x16, 0x19, 0x1d, 0xbe, 0x26, 0xdf, 0x5f, 0xff, 0xd7, 0xff, 0xdf, 0xff, 0xe7,
  0xff, 0xe7, 0xff, 0xe7, 0xff, 0xcf, 0x7f, 0x47, 0x7d, 0x0e, 0x1e, 0x06, 0xde, 0x05, 0xda, 0x04,
  0xf6, 0x03, 0x94, 0x03, 0x37, 0x0c, 0xb9, 0x14, 0xd6, 0x0b, 0x16, 0x24, 0x35, 0x24, 0x57, 0x2c,
  0x57, 0x2c, 0x57, 0x2c, 0x76, 0x34, 0x96, 0x24, 0x75, 0x3c, 0x15, 0x34, 0x36, 0x2c, 0x14, 0x2c,
  0x55, 0x34, 0x76, 0x3c, 0xff, 0x07, 0x00, 0x00, 0x00, 0x00, 0x00, 0x00, 0x00, 0x00, 0x00, 0x00,
  0x00, 0x00, 0x00, 0x00, 0x00, 0x00, 0x00, 0x00, 0x00, 0x00, 0x00, 0x00, 0x00, 0x00, 0x00, 0x00,
  0x00, 0x00, 0x00, 0x00, 0x00, 0x00, 0x00, 0x00, 0x00, 0x00, 0x00, 0x00, 0x00, 0x00, 0x00, 0x00,
  0x00, 0x00, 0x00, 0x00, 0xff, 0x07, 0x00, 0x00, 0x00, 0x00, 0x00, 0x00, 0x00, 0x00, 0x00, 0x00,
  0x00, 0x00, 0x00, 0x00, 0x00, 0x00, 0x00, 0x00, 0x00, 0x00, 0x00, 0x00, 0x00, 0x00, 0x00, 0x00,
  0x00, 0x00, 0x00, 0x00, 0x00, 0x00, 0x00, 0x00, 0x00, 0x00, 0x00, 0x00, 0x00, 0x00, 0x00, 0x00,
  0x00, 0x00, 0x00, 0x00, 0x00, 0x00, 0x00, 0x00, 0x00, 0x00, 0x00, 0x00, 0x00, 0x00, 0x00, 0x00,
  0x00, 0x00, 0x00, 0x00, 0x00, 0x00, 0x00, 0x00, 0x00, 0x00, 0x00, 0x00, 0x00, 0x00, 0x00, 0x00,
  0x00, 0x00, 0x00, 0x00, 0x00, 0x00, 0x00, 0x00, 0x00, 0x00, 0x00, 0x00, 0x00, 0x00, 0x00, 0x00,
  0x00, 0x00, 0x00, 0x00, 0x00, 0x00, 0x00, 0x00, 0x00, 0x00, 0x00, 0x00, 0x00, 0x00, 0x00, 0x00,
  0x00, 0x00, 0x00, 0x00, 0x00, 0x00, 0x00, 0x00, 0x00, 0x00, 0x17, 0x24, 0xff, 0x07, 0x00, 0x00,
  0x00, 0x00, 0x00, 0x00, 0x00, 0x00, 0x00, 0x00, 0x00, 0x00, 0x00, 0x00, 0x00, 0x00, 0x00, 0x00,
  0x00, 0x00, 0xd9, 0x34, 0xd6, 0x34, 0x97, 0x1c, 0x77, 0x14, 0x76, 0x0c, 0xf6, 0x0b, 0x17, 0x04,
  0x1a, 0x0d, 0xdc, 0x15, 0x9c, 0x0d, 0x9c, 0x05, 0x9d, 0x0d, 0x1c, 0x0e, 0x7d, 0x0e, 0xfe, 0x26,
  0xff, 0xa7, 0xff, 0xdf, 0xff, 0xd7, 0xff, 0xb7, 0xbf, 0x8f, 0xbf, 0x16, 0x1d, 0x06, 0x5b, 0x0d,
  0x3a, 0x05, 0x57, 0x04, 0x16, 0x04, 0x77, 0x04, 0xf5, 0x03, 0x15, 0x04, 0xb3, 0x03, 0x52, 0x0b,
  0x00, 0x00, 0x00, 0x00, 0x00, 0x00, 0x00, 0x00, 0x00, 0x00, 0x00, 0x00, 0x00, 0x00, 0x00, 0x00,
  0x00, 0x00, 0x00, 0x00, 0x00, 0x00, 0x00, 0x00, 0x00, 0x00, 0x00, 0x00, 0x00, 0x00, 0x00, 0x00,
  0x00, 0x00, 0x00, 0x00, 0x00, 0x00, 0x00, 0x00, 0x00, 0x00, 0x00, 0x00, 0x00, 0x00, 0x00, 0x00,
  0x00, 0x00, 0x00, 0x00, 0x1f, 0x00, 0x00, 0x00, 0x10, 0x44, 0x72, 0x4b, 0xb1, 0x43, 0xf2, 0x43,
  0xd2, 0x3b, 0x93, 0x33, 0x10, 0x23, 0xce, 0x12, 0x92, 0x1b, 0x51, 0x13, 0xf0, 0x0a, 0xf0, 0x02,
  0x76, 0x0c, 0x7c, 0x3e, 0x1d, 0x87, 0xda, 0x1d, 0x9d, 0x2e, 0xdf, 0x77, 0xff, 0x8f, 0xff, 0xbf,
  0xff, 0xe7, 0xff, 0xef, 0xff, 0xef, 0xff, 0xcf, 0x3f, 0x2f, 0x1e, 0x0e, 0xfe, 0x05, 0xfb, 0x04,
  0x16, 0x04, 0x53, 0x03, 0xb4, 0x03, 0x19, 0x1d, 0x57, 0x14, 0xd5, 0x1b, 0x15, 0x1c, 0x36, 0x2c,
  0x56, 0x2c, 0x56, 0x2c, 0x57, 0x2c, 0x75, 0x3c, 0x55, 0x2c, 0x15, 0x2c, 0xd4, 0x23, 0x14, 0x34,
  0x00, 0x00, 0x75, 0x3c, 0x10, 0x04, 0x17, 0x44, 0x00, 0x00, 0x10, 0x04, 0x00, 0x00, 0x00, 0x00,
  0x00, 0x00, 0x00, 0x00, 0x00, 0x00, 0xff, 0x07, 0x00, 0x00, 0x00, 0x00, 0x00, 0x00, 0x00, 0x00,
  0x00, 0x00, 0x00, 0x00, 0x00, 0x00, 0x00, 0x00, 0x00, 0x00, 0x00, 0x00, 0x00, 0x00, 0x00, 0x00,
  0x00, 0x00, 0x00, 0x00, 0x00, 0x00, 0x00, 0x00, 0x00, 0x00, 0x00, 0x00, 0x00, 0x00, 0x00, 0x00,
  0x00, 0x00, 0x00, 0x00, 0x00, 0x00, 0x00, 0x00, 0x00, 0x00, 0x00, 0x00, 0x00, 0x00, 0x00, 0x00,
  0x00, 0x00, 0x00, 0x00, 0x00, 0x00, 0x00, 0x00, 0x00, 0x00, 0x00, 0x00, 0x00, 0x00, 0x00, 0x00,
  0x00, 0x00, 0x00, 0x00, 0x00, 0x00, 0x00, 0x00, 0x00, 0x00, 0x00, 0x00, 0x00, 0x00, 0x00, 0x00,
  0x00, 0x00, 0x00, 0x00, 0x00, 0x00, 0x00, 0x00, 0x00, 0x00, 0x00, 0x00, 0x00, 0x00, 0x00, 0x00,
  0x00, 0x00, 0x00, 0x00, 0x00, 0x00, 0x00, 0x00, 0x00, 0x00, 0x00, 0x00, 0x00, 0x00, 0x00, 0x00,
  0x00, 0x00, 0x00, 0x00, 0x00, 0x00, 0x00, 0x00, 0x00, 0x00, 0x00, 0x00, 0x00, 0x00, 0x00, 0x00,
  0x00, 0x00, 0x00, 0x00, 0x00, 0x00, 0x00, 0x00, 0x00, 0x00, 0x55, 0x55, 0x00, 0x00, 0x00, 0x00,
  0x00, 0x00, 0x00, 0x00, 0xff, 0x07, 0x00, 0x00, 0x10, 0x04, 0x00, 0x00, 0x17, 0x44, 0x55, 0x55,
  0x00, 0x00, 0x55, 0x55, 0x98, 0x2c, 0xf8, 0x1c, 0xfc, 0x1d, 0x9b, 0x15, 0x58, 0x04, 0x1a, 0x05,
  0xbc, 0x0d, 0x3d, 0x1e, 0xbd, 0x0d, 0x7c, 0x05, 0x1b, 0x05, 0x1c, 0x0e, 0xde, 0x0e, 0x9f, 0x57,
  0xff, 0xd7, 0xff, 0xe7, 0xff, 0xdf, 0xdf, 0x9f, 0x9f, 0x77, 0x7f, 0x0e, 0xdd, 0x0d, 0x1d, 0x1e,
  0xbb, 0x15, 0x16, 0x04, 0xb4, 0x03, 0xf5, 0x03, 0xf5, 0x03, 0xd4, 0x03, 0xb4, 0x0b, 0x51, 0x0b,
  0x00, 0x00, 0x00, 0x00, 0x00, 0x00, 0x00, 0x00, 0x00, 0x00, 0x00, 0x00, 0x00, 0x00, 0x00, 0x00,
  0x00, 0x00, 0x00, 0x00, 0x00, 0x00, 0x00, 0x00, 0x00, 0x00, 0x00, 0x00, 0x00, 0x00, 0x00, 0x00,
  0x00, 0x00, 0x00, 0x00, 0x00, 0x00, 0x00, 0x00, 0x00, 0x00, 0x00, 0x00, 0x00, 0x00, 0x00, 0x00,
  0x00, 0x00, 0x00, 0x00, 0x1f, 0x00, 0xb5, 0x52, 0xb1, 0x43, 0x10, 0x34, 0x10, 0x34, 0x91, 0x3b,
  0x91, 0x33, 0x91, 0x33, 0x91, 0x33, 0x91, 0x33, 0xf3, 0x33, 0x11, 0x0b, 0x31, 0x0b, 0x11, 0x0b,
  0x11, 0x0b, 0xdc, 0x1d, 0x5e, 0x1e, 0x5e, 0x1e, 0x1e, 0x0e, 0xdd, 0x46, 0xbf, 0xa7, 0x9e, 0x97,
  0xff, 0xe7, 0xff, 0xef, 0xff, 0xdf, 0xff, 0xdf, 0xbf, 0x9f, 0x5e, 0x16, 0xfd, 0x15, 0x9c, 0x0d,
  0x3b, 0x0d, 0xf6, 0x03, 0x95, 0x0b, 0xf6, 0x03, 0x36, 0x0c, 0xf6, 0x03, 0xd5, 0x03, 0x53, 0x03,
  0x15, 0x1c, 0x36, 0x34, 0x36, 0x2c, 0x36, 0x2c, 0x15, 0x2c, 0xb4, 0x13, 0xf5, 0x23, 0x36, 0x2c,
  0x17, 0x44, 0x57, 0x34, 0x96, 0x24, 0x55, 0x55, 0x15, 0x2c, 0x00, 0x00, 0x00, 0x00, 0x00, 0x00,
  0x00, 0x00, 0x00, 0x00, 0x00, 0x00, 0x00, 0x00, 0x00, 0x00, 0x00, 0x00, 0x00, 0x00, 0x00, 0x00,
  0x00, 0x00, 0x00, 0x00, 0x00, 0x00, 0x00, 0x00, 0x00, 0x00, 0x00, 0x00, 0x00, 0x00, 0x00, 0x00,
  0x00, 0x00, 0x00, 0x00, 0x00, 0x00, 0x00, 0x00, 0x00, 0x00, 0x00, 0x00, 0x00, 0x00, 0x00, 0x00,
  0x00, 0x00, 0x00, 0x00, 0x00, 0x00, 0x00, 0x00, 0x00, 0x00, 0x00, 0x00, 0x00, 0x00, 0x00, 0x00,
  0x00, 0x00, 0x00, 0x00, 0x00, 0x00, 0x00, 0x00, 0x00, 0x00, 0x00, 0x00, 0x00, 0x00, 0x00, 0x00,
  0x00, 0x00, 0x00, 0x00, 0x00, 0x00, 0x00, 0x00, 0x00, 0x00, 0x00, 0x00, 0x00, 0x00, 0x00, 0x00,
  0x00, 0x00, 0x00, 0x00, 0x00, 0x00, 0x00, 0x00, 0x00, 0x00, 0x00, 0x00, 0xff, 0x07, 0x00, 0x00,
  0x00, 0x00, 0x00, 0x00, 0x00, 0x00, 0x00, 0x00, 0x00, 0x00, 0x00, 0x00, 0x00, 0x00, 0x00, 0x00,
  0x00, 0x00, 0x00, 0x00, 0x00, 0x00, 0x00, 0x00, 0x00, 0x00, 0x00, 0x00, 0x00, 0x00, 0x00, 0x00,
  0x00, 0x00, 0x00, 0x00, 0x00, 0x00, 0x00, 0x00, 0x00, 0x00, 0x17, 0x44, 0x10, 0x04, 0x00, 0x00,
  0x00, 0x00, 0x00, 0x00, 0x00, 0x00, 0x00, 0x00, 0x55, 0x55, 0x00, 0x00, 0x17, 0x44, 0x10, 0x04,
  0x16, 0x34, 0x36, 0x2c, 0x16, 0x1c, 0xf7, 0x03, 0x5b, 0x0d, 0x7d, 0x26, 0xbc, 0x15, 0x58, 0x04,
  0xb9, 0x04, 0x5a, 0x0d, 0x5a, 0x05, 0x3b, 0x05, 0x1c, 0x06, 0x5f, 0x07, 0xbf, 0x9f, 0xff, 0xe7,
  0xff, 0xd7, 0xff, 0xd7, 0xff, 0xd7, 0xff, 0xb7, 0x1f, 0x27, 0xbc, 0x0d, 0x5a, 0x0d, 0x3a, 0x0d,
  0x97, 0x04, 0x93, 0x03, 0x94, 0x0b, 0x9c, 0x0d, 0x1e, 0x16, 0xf4, 0x0b, 0x52, 0x0b, 0xf0, 0x0a,
  0x00, 0x00, 0x00, 0x00, 0x00, 0x00, 0x00, 0x00, 0x00, 0x00, 0x00, 0x00, 0x00, 0x00, 0x00, 0x00,
  0x00, 0x00, 0x00, 0x00, 0x00, 0x00, 0x00, 0x00, 0x00, 0x00, 0x00, 0x00, 0x00, 0x00, 0x00, 0x00,
  0x00, 0x00, 0x00, 0x00, 0x00, 0x00, 0x00, 0x00, 0x00, 0x00, 0x00, 0x00, 0x00, 0x00, 0x00, 0x00,
  0x00, 0x00, 0x00, 0x00, 0x00, 0x00, 0x00, 0x00, 0x33, 0x33, 0x33, 0x33, 0x10, 0x04, 0x91, 0x43,
  0x52, 0x43, 0xb3, 0x33, 0xd3, 0x33, 0xd2, 0x3b, 0x13, 0x34, 0xef, 0x0a, 0x10, 0x0b, 0x31, 0x0b,
  0x12, 0x0b, 0xb9, 0x1c, 0xbc, 0x0d, 0x3b, 0x0d, 0x9c, 0x0d, 0xfc, 0x1d, 0x9f, 0x67, 0x7e, 0x5f,
  0xff, 0xa7, 0xff, 0xef, 0xff, 0xd7, 0xff, 0xe7, 0xff, 0xd7, 0xff, 0x4e, 0x3e, 0x16, 0x9c, 0x05,
  0xdd, 0x0d, 0xfa, 0x0c, 0x37, 0x0c, 0x19, 0x05, 0xb8, 0x04, 0x53, 0x03, 0x94, 0x03, 0x12, 0x03,
  0xf1, 0x02, 0x15, 0x24, 0x36, 0x2c, 0x16, 0x2c, 0x15, 0x2c, 0xd4, 0x1b, 0x36, 0x24, 0xd9, 0x34,
  0x56, 0x3c, 0x56, 0x2c, 0x96, 0x34, 0x96, 0x24, 0x17, 0x44, 0x00, 0x00, 0x00, 0x00, 0x00, 0x00,
  0x00, 0x00, 0x00, 0x00, 0x00, 0x00, 0x00, 0x00, 0x00, 0x00, 0x00, 0x00, 0x00, 0x00, 0x00, 0x00,
  0x00, 0x00, 0x00, 0x00, 0x00, 0x00, 0x00, 0x00, 0x00, 0x00, 0x00, 0x00, 0x00, 0x00, 0x00, 0x00,
  0x00, 0x00, 0x00, 0x00, 0x00, 0x00, 0x00, 0x00, 0x00, 0x00, 0x00, 0x00, 0x00, 0x00, 0x00, 0x00,
  0x00, 0x00, 0x00, 0x00, 0x00, 0x00, 0x00, 0x00, 0x00, 0x00, 0x00, 0x00, 0x00, 0x00, 0x00, 0x00,
  0x00, 0x00, 0x00, 0x00, 0x00, 0x00, 0x00, 0x00, 0x00, 0x00, 0x00, 0x00, 0x00, 0x00, 0x00, 0x00,
  0x00, 0x00, 0x00, 0x00, 0x00, 0x00, 0x00, 0x00, 0x00, 0x00, 0x00, 0x00, 0x00, 0x00, 0x00, 0x00,
  0x00, 0x00, 0x00, 0x00, 0x00, 0x00, 0x00, 0x00, 0x00, 0x00, 0x00, 0x00, 0x00, 0x00, 0x00, 0x00,
  0x00, 0x00, 0x00, 0x00, 0x00, 0x00, 0x00, 0x00, 0x00, 0x00, 0x00, 0x00, 0x00, 0x00, 0x00, 0x00,
  0x00, 0x00, 0x00, 0x00, 0x00, 0x00, 0x00, 0x00, 0x00, 0x00, 0x00, 0x00, 0x00, 0x00, 0x00, 0x00,
  0x00, 0x00, 0x00, 0x00, 0x00, 0x00, 0x00, 0x00, 0x00, 0x00, 0x10, 0x04, 0x10, 0x04, 0x00, 0x00,
  0x00, 0x00, 0x00, 0x00, 0xff, 0x07, 0x00, 0x00, 0x55, 0x55, 0x16, 0x34, 0x17, 0x44, 0xb7, 0x2c,
  0xb7, 0x2c, 0x77, 0x24, 0x77, 0x1c, 0x57, 0x0c, 0xfc, 0x15, 0x3d, 0x67, 0xbe, 0x8f, 0xde, 0x2e,
  0x9e, 0x26, 0xbb, 0x0d, 0x3a, 0x05, 0x1c, 0x06, 0x7d, 0x06, 0x9f, 0x37, 0xdf, 0xc7, 0xff, 0xe7,
  0xff, 0xcf, 0xff, 0xdf, 0xff, 0xa7, 0x5e, 0x3f, 0x9d, 0x0e, 0xdc, 0x0d, 0xf9, 0x0c, 0x57, 0x0c,
  0x94, 0x03, 0x53, 0x03, 0xd5, 0x0b, 0x57, 0x0c, 0xf5, 0x03, 0x11, 0x0b, 0xf0, 0x0a, 0x10, 0x13,
  0x00, 0x00, 0x00, 0x00, 0x00, 0x00, 0x00, 0x00, 0x00, 0x00, 0x00, 0x00, 0x00, 0x00, 0x00, 0x00,
  0x00, 0x00, 0x00, 0x00, 0x00, 0x00, 0x00, 0x00, 0x00, 0x00, 0x00, 0x00, 0x00, 0x00, 0x00, 0x00,
  0x00, 0x00, 0x00, 0x00, 0x00, 0x00, 0x00, 0x00, 0x00, 0x00, 0x00, 0x00, 0x00, 0x00, 0x00, 0x00,
  0x00, 0x00, 0x00, 0x00, 0x00, 0x00, 0x10, 0x84, 0x72, 0x4b, 0xb1, 0x43, 0xb1, 0x43, 0x10, 0x2c,
  0x33, 0x33, 0x91, 0x3b, 0x11, 0x44, 0xb2, 0x2b, 0xf3, 0x33, 0x30, 0x1b, 0x11, 0x13, 0x93, 0x13,
  0xf5, 0x13, 0x37, 0x14, 0xdd, 0x0d, 0x3a, 0x0d, 0x98, 0x0c, 0xbb, 0x0d, 0xdd, 0x2e, 0x5d, 0x4f,
  0x9e, 0x77, 0xff, 0xa7, 0xff, 0xcf, 0xff, 0xdf, 0xff, 0xd7, 0xff, 0xbf, 0x9e, 0x16, 0x5b, 0x05,
  0x5b, 0x05, 0x1a, 0x05, 0x79, 0x0c, 0xd9, 0x04, 0xb8, 0x04, 0xd5, 0x0b, 0xd4, 0x0b, 0xb4, 0x0b,
  0xd1, 0x02, 0xf1, 0x0a, 0x36, 0x24, 0x16, 0x24, 0x15, 0x2c, 0xd3, 0x34, 0x17, 0x44, 0xff, 0x07,
  0x00, 0x00, 0x76, 0x34, 0x56, 0x34, 0x96, 0x34, 0xff, 0x07, 0x00, 0x00, 0x00, 0x00, 0x00, 0x00,
  0xff, 0x07, 0x00, 0x00, 0x00, 0x00, 0x00, 0x00, 0x00, 0x00, 0x00, 0x00, 0x00, 0x00, 0x00, 0x00,
  0x00, 0x00, 0x00, 0x00, 0x00, 0x00, 0x00, 0x00, 0x00, 0x00, 0x00, 0x00, 0x00, 0x00, 0x00, 0x00,
  0x00, 0x00, 0x00, 0x00, 0x00, 0x00, 0x00, 0x00, 0x00, 0x00, 0x00, 0x00, 0x00, 0x00, 0x00, 0x00,
  0x00, 0x00, 0x00, 0x00, 0x00, 0x00, 0x00, 0x00, 0x00, 0x00, 0x00, 0x00, 0x00, 0x00, 0x00, 0x00,
  0x00, 0x00, 0x00, 0x00, 0x00, 0x00, 0x00, 0x00, 0x00, 0x00, 0x00, 0x00, 0x00, 0x00, 0x00, 0x00,
  0x00, 0x00, 0x00, 0x00, 0x00, 0x00, 0x00, 0x00, 0x00, 0x00, 0x00, 0x00, 0x00, 0x00, 0x00, 0x00,
  0x00, 0x00, 0x00, 0x00, 0x00, 0x00, 0x00, 0x00, 0x00, 0x00, 0x00, 0x00, 0x00, 0x00, 0x00, 0x00,
  0x00, 0x00, 0x00, 0x00, 0x00, 0x00, 0x00, 0x00, 0x00, 0x00, 0x00, 0x00, 0x00, 0x00, 0x00, 0x00,
  0x00, 0x00, 0x00, 0x00, 0x00, 0x00, 0x00, 0x00, 0x00, 0x00, 0x00, 0x00, 0x00, 0x00, 0x00, 0x00,
  0x00, 0x00, 0x00, 0x00, 0x00, 0x00, 0x00, 0x00, 0x00, 0x00, 0x00, 0x00, 0x00, 0x00, 0x00, 0x00,
  0x00, 0x00, 0x00, 0x00, 0x00, 0x00, 0xff, 0x07, 0x15, 0x2c, 0x15, 0x2c, 0x56, 0x2c, 0x56, 0x24,
  0x97, 0x2c, 0xb9, 0x1c, 0x9b, 0x2d, 0x7b, 0x15, 0x3f, 0x3f, 0xdf, 0x8f, 0xff, 0xbf, 0x5e, 0x67,
  0xbe, 0x1e, 0x3d, 0x16, 0x7b, 0x0d, 0xdc, 0x05, 0xfc, 0x05, 0xff, 0xa7, 0xff, 0xc7, 0xff, 0xd7,
  0xff, 0xe7, 0xff, 0xdf, 0xdf, 0x6f, 0xfe, 0x16, 0x7a, 0x05, 0x7a, 0x15, 0xb8, 0x0c, 0x36, 0x04,
  0xd5, 0x03, 0x52, 0x0b, 0x32, 0x0b, 0xd4, 0x0b, 0xf4, 0x0b, 0x93, 0x0b, 0x31, 0x0b, 0x51, 0x13,
  0x00, 0x00, 0x00, 0x00, 0x00, 0x00, 0x00, 0x00, 0x00, 0x00, 0x00, 0x00, 0x00, 0x00, 0x00, 0x00,
  0x00, 0x00, 0x00, 0x00, 0x00, 0x00, 0x00, 0x00, 0x00, 0x00, 0x00, 0x00, 0x00, 0x00, 0x00, 0x00,
  0x00, 0x00, 0x00, 0x00, 0x00, 0x00, 0x00, 0x00, 0x00, 0x00, 0x00, 0x00, 0x00, 0x00, 0x00, 0x00,
  0x00, 0x00, 0x00, 0x00, 0x00, 0x00, 0x00, 0x00, 0xb5, 0x52, 0xb1, 0x43, 0x10, 0x2c, 0x10, 0x2c,
  0xb5, 0x52, 0x33, 0x33, 0x13, 0x34, 0xb3, 0x33, 0x13, 0x3c, 0xd2, 0x23, 0x71, 0x23, 0x51, 0x1b,
  0xb4, 0x1b, 0x32, 0x0b, 0x9b, 0x15, 0x9b, 0x15, 0x94, 0x03, 0x5a, 0x0d, 0x1c, 0x26, 0xfd, 0x46,
  0x1d, 0x2f, 0xdf, 0x6f, 0xff, 0xd7, 0xff, 0xcf, 0xff, 0xe7, 0xff, 0xdf, 0x5f, 0x6f, 0x9e, 0x16,
  0xdc, 0x0d, 0x19, 0x05, 0x98, 0x04, 0x37, 0x04, 0x78, 0x04, 0x57, 0x0c, 0x36, 0x0c, 0xf5, 0x0b,
  0xb5, 0x0b, 0xf1, 0x02, 0x32, 0x0b, 0xd4, 0x1b, 0x56, 0x24, 0x96, 0x24, 0x96, 0x24, 0x15, 0x2c,
  0x00, 0x00, 0x56, 0x3c, 0x35, 0x2c, 0x35, 0x2c, 0x36, 0x34, 0x00, 0x00, 0x00, 0x00, 0xff, 0x07,
  0x00, 0x00, 0x00, 0x00, 0x00, 0x00, 0x00, 0x00, 0x00, 0x00, 0x00, 0x00, 0x00, 0x00, 0xff, 0x07,
  0x00, 0x00, 0x00, 0x00, 0x00, 0x00, 0x00, 0x00, 0x00, 0x00, 0x00, 0x00, 0x00, 0x00, 0x00, 0x00,
  0x00, 0x00, 0x00, 0x00, 0x00, 0x00, 0x00, 0x00, 0x00, 0x00, 0x00, 0x00, 0x00, 0x00, 0x00, 0x00,
  0x00, 0x00, 0x00, 0x00, 0x00, 0x00, 0x00, 0x00, 0x00, 0x00, 0x00, 0x00, 0x00, 0x00, 0x00, 0x00,
  0x00, 0x00, 0x00, 0x00, 0x00, 0x00, 0x00, 0x00, 0x00, 0x00, 0x00, 0x00, 0x00, 0x00, 0x00, 0x00,
  0x00, 0x00, 0x00, 0x00, 0x00, 0x00, 0x00, 0x00, 0x00, 0x00, 0x00, 0x00, 0x00, 0x00, 0x00, 0x00,
  0x00, 0x00, 0x00, 0x00, 0x00, 0x00, 0x00, 0x00, 0x00, 0x00, 0x00, 0x00, 0x00, 0x00, 0x00, 0x00,
  0x00, 0x00, 0x00, 0x00, 0x00, 0x00, 0x00, 0x00, 0x00, 0x00, 0x00, 0x00, 0x00, 0x00, 0xff, 0x07,
  0x00, 0x00, 0x00, 0x00, 0x00, 0x00, 0x00, 0x00, 0x00, 0x00, 0x00, 0x00, 0x00, 0x00, 0x00, 0x00,
  0x00, 0x00, 0x00, 0x00, 0x00, 0x00, 0x00, 0x00, 0x00, 0x00, 0x00, 0x00, 0x00, 0x00, 0x00, 0x00,
  0x00, 0x00, 0x00, 0x00, 0x00, 0x00, 0x10, 0x04, 0xd9, 0x34, 0xd9, 0x34, 0x16, 0x34, 0x56, 0x2c,
  0xd9, 0x1c, 0x3b, 0x15, 0xdb, 0x25, 0x5f, 0x57, 0xff, 0x8f, 0x5d, 0x36, 0x5e, 0x1e, 0x5a, 0x15,
  0x5b, 0x05, 0x3a, 0x05, 0xfd, 0x05, 0x7e, 0x0e, 0xbf, 0x97, 0xff, 0xc7, 0xff, 0xef, 0xff, 0xef,
  0xff, 0xef, 0xbf, 0x87, 0x5f, 0x2f, 0xfe, 0x2e, 0xfc, 0x15, 0x7a, 0x15, 0x37, 0x0c, 0xf5, 0x03,
  0xf5, 0x0b, 0x72, 0x0b, 0x11, 0x0b, 0xb4, 0x0b, 0x15, 0x14, 0x56, 0x1c, 0x92, 0x13, 0x92, 0x1b,
  0x00, 0x00, 0x00, 0x00, 0x00, 0x00, 0x00, 0x00, 0x00, 0x00, 0x00, 0x00, 0x00, 0x00, 0x00, 0x00,
  0x00, 0x00, 0x00, 0x00, 0x00, 0x00, 0x00, 0x00, 0x00, 0x00, 0x00, 0x00, 0x00, 0x00, 0x00, 0x00,
  0x00, 0x00, 0x00, 0x00, 0x00, 0x00, 0x00, 0x00, 0x00, 0x00, 0x00, 0x00, 0x00, 0x00, 0x00, 0x00,
  0x00, 0x00, 0x00, 0x00, 0x00, 0x00, 0x1f, 0x00, 0x10, 0x84, 0x10, 0x54, 0x10, 0x2c, 0x72, 0x4b,
  0x72, 0x4b, 0x1f, 0x00, 0x13, 0x44, 0x10, 0x44, 0x13, 0x34, 0x13, 0x2c, 0xd2, 0x2b, 0xcf, 0x12,
  0xb3, 0x23, 0xf1, 0x0a, 0x73, 0x0b, 0x77, 0x0c, 0xd5, 0x03, 0x39, 0x15, 0x7a, 0x15, 0x9d, 0x26,
  0xfe, 0x1e, 0x7f, 0x47, 0xff, 0xcf, 0xff, 0xd7, 0xff, 0xdf, 0xff, 0xef, 0xff, 0xcf, 0x3f, 0x3f,
  0x9c, 0x05, 0x7b, 0x0d, 0x5b, 0x0d, 0x1a, 0x0d, 0x3a, 0x05, 0x36, 0x04, 0x36, 0x0c, 0x77, 0x14,
  0x56, 0x14, 0xd4, 0x0b, 0xf1, 0x02, 0x11, 0x13, 0x15, 0x1c, 0x77, 0x2c, 0x55, 0x34, 0xff, 0x07,
  0x96, 0x34, 0x00, 0x00, 0x37, 0x34, 0x15, 0x24, 0x15, 0x2c, 0x00, 0x00, 0x00, 0x00, 0x00, 0x00,
  0x00, 0x00, 0x00, 0x00, 0x00, 0x00, 0x00, 0x00, 0x00, 0x00, 0x00, 0x00, 0x00, 0x00, 0x00, 0x00,
  0x00, 0x00, 0x00, 0x00, 0x00, 0x00, 0x00, 0x00, 0x00, 0x00, 0x00, 0x00, 0x00, 0x00, 0x00, 0x00,
  0x00, 0x00, 0x00, 0x00, 0x00, 0x00, 0x00, 0x00, 0x00, 0x00, 0x00, 0x00, 0x00, 0x00, 0x00, 0x00,
  0x00, 0x00, 0x00, 0x00, 0x00, 0x00, 0x00, 0x00, 0x00, 0x00, 0x00, 0x00, 0x00, 0x00, 0x00, 0x00,
  0x00, 0x00, 0x00, 0x00, 0x00, 0x00, 0x00, 0x00, 0x00, 0x00, 0x00, 0x00, 0x00, 0x00, 0x00, 0x00,
  0x00, 0x00, 0x00, 0x00, 0x00, 0x00, 0x00, 0x00, 0x00, 0x00, 0x00, 0x00, 0x00, 0x00, 0x00, 0x00,
  0x00, 0x00, 0x00, 0x00, 0x00, 0x00, 0x00, 0x00, 0x00, 0x00, 0x00, 0x00, 0x00, 0x00, 0x00, 0x00,
  0x00, 0x00, 0x00, 0x00, 0x00, 0x00, 0x00, 0x00, 0x00, 0x00, 0x00, 0x00, 0x00, 0x00, 0x00, 0x00,
  0x00, 0x00, 0x00, 0x00, 0x00, 0x00, 0x00, 0x00, 0x00, 0x00, 0x00, 0x00, 0x00, 0x00, 0x00, 0x00,
  0x00, 0x00, 0x00, 0x00, 0x00, 0x00, 0x00, 0x00, 0x00, 0x00, 0x00, 0x00, 0x00, 0x00, 0x00, 0x00,
  0x00, 0x00, 0x00, 0x00, 0x00, 0x00, 0xd9, 0x34, 0xf7, 0x24, 0x13, 0x24, 0x93, 0x1b, 0x77, 0x1c,
  0x3a, 0x25, 0x78, 0x04, 0xbc, 0x1d, 0xde, 0xa7, 0xff, 0xc7, 0x9c, 0x15, 0x5c, 0x05, 0xfc, 0x1d,
  0x3d, 0x26, 0x7d, 0x2e, 0x9e, 0x16, 0x7f, 0x5f, 0xff, 0xe7, 0xff, 0xdf, 0xff, 0xe7, 0xff, 0xf7,
  0xff, 0xdf, 0x9f, 0x5f, 0x9e, 0x1e, 0xdc, 0x0d, 0x1a, 0x0d, 0x7b, 0x0d, 0xf5, 0x03, 0xb4, 0x03,
  0xf5, 0x0b, 0x73, 0x0b, 0x72, 0x13, 0xd4, 0x13, 0xb3, 0x13, 0x92, 0x13, 0x72, 0x1b, 0x92, 0x1b,
  0x00, 0x00, 0x00, 0x00, 0x00, 0x00, 0x00, 0x00, 0x00, 0x00, 0x00, 0x00, 0x00, 0x00, 0x00, 0x00,
  0x00, 0x00, 0x00, 0x00, 0x00, 0x00, 0x00, 0x00, 0x00, 0x00, 0x00, 0x00, 0x00, 0x00, 0x00, 0x00,
  0x00, 0x00, 0x00, 0x00, 0x00, 0x00, 0x00, 0x00, 0x00, 0x00, 0x00, 0x00, 0x00, 0x00, 0x00, 0x00,
  0x00, 0x00, 0x00, 0x00, 0x00, 0x00, 0x00, 0x00, 0x00, 0x00, 0x00, 0x00, 0x10, 0x2c, 0xb5, 0x52,
  0x10, 0x44, 0x00, 0x00, 0x10, 0x44, 0xd2, 0x33, 0x91, 0x33, 0x00, 0x00, 0x50, 0x23, 0xaf, 0x12,
  0x92, 0x23, 0xf4, 0x1b, 0x6f, 0x0a, 0x73, 0x0b, 0xf9, 0x0c, 0x18, 0x15, 0xf8, 0x0c, 0xfc, 0x15,
  0xfe, 0x26, 0x1e, 0x3f, 0x9e, 0x6f, 0xff, 0xd7, 0xbf, 0xef, 0xff, 0xef, 0xff, 0xef, 0xff, 0xb7,
  0xdb, 0x15, 0x1d, 0x0e, 0x9e, 0x0e, 0x3a, 0x05, 0xb8, 0x04, 0x78, 0x04, 0xf5, 0x03, 0x37, 0x0c,
  0x97, 0x14, 0x98, 0x14, 0x36, 0x14, 0x32, 0x0b, 0x93, 0x13, 0x36, 0x2c, 0x75, 0x3c, 0xd9, 0x34,
  0x00, 0x00, 0x55, 0x55, 0x56, 0x3c, 0x36, 0x2c, 0x15, 0x2c, 0x17, 0x44, 0x17, 0x44, 0x00, 0x00,
  0x00, 0x00, 0x00, 0x00, 0x00, 0x00, 0x00, 0x00, 0x00, 0x00, 0x00, 0x00, 0x00, 0x00, 0x00, 0x00,
  0x00, 0x00, 0x00, 0x00, 0x00, 0x00, 0x00, 0x00, 0x00, 0x00, 0x00, 0x00, 0x00, 0x00, 0x00, 0x00,
  0x00, 0x00, 0x00, 0x00, 0x00, 0x00, 0x00, 0x00, 0x00, 0x00, 0x00, 0x00, 0x00, 0x00, 0x00, 0x00,
  0x00, 0x00, 0x00, 0x00, 0x00, 0x00, 0x00, 0x00, 0x00, 0x00, 0x00, 0x00, 0x00, 0x00, 0x00, 0x00,
  0x00, 0x00, 0x00, 0x00, 0x00, 0x00, 0x00, 0x00, 0x00, 0x00, 0x00, 0x00, 0x00, 0x00, 0x00, 0x00,
  0x00, 0x00, 0x00, 0x00, 0x00, 0x00, 0x00, 0x00, 0x00, 0x00, 0x00, 0x00, 0x00, 0x00, 0x00, 0x00,
  0x00, 0x00, 0x00, 0x00, 0x00, 0x00, 0x00, 0x00, 0x00, 0x00, 0x00, 0x00, 0x00, 0x00, 0x00, 0x00,
  0x00, 0x00, 0x00, 0x00, 0x00, 0x00, 0x00, 0x00, 0x00, 0x00, 0x15, 0x2c, 0x00, 0x00, 0x00, 0x00,
  0x00, 0x00, 0x00, 0x00, 0x00, 0x00, 0x00, 0x00, 0x00, 0x00, 0x00, 0x00, 0x00, 0x00, 0x00, 0x00,
  0x00, 0x00, 0x00, 0x00, 0x00, 0x00, 0x00, 0x00, 0x00, 0x00, 0x00, 0x00, 0x00, 0x00, 0x00, 0x00,
  0x10, 0x04, 0x00, 0x00, 0x10, 0x04, 0x78, 0x1c, 0x97, 0x2c, 0x53, 0x1b, 0x52, 0x0b, 0xf9, 0x1c,
  0x9a, 0x1d, 0x9d, 0x2e, 0x3f, 0x5f, 0xff, 0xd7, 0x3e, 0x77, 0x1d, 0x0e, 0x3d, 0x1e, 0xfc, 0x0d,
  0x9a, 0x0d, 0x7e, 0x16, 0xff, 0x2e, 0xff, 0xcf, 0xff, 0xcf, 0xff, 0xff, 0xff, 0xe7, 0xff, 0xd7,
  0xff, 0xa7, 0x3e, 0x3f, 0x7e, 0x16, 0x3d, 0x16, 0xf9, 0x0c, 0x77, 0x0c, 0x36, 0x0c, 0x53, 0x03,
  0x93, 0x0b, 0xd4, 0x13, 0xd4, 0x13, 0xb3, 0x13, 0x72, 0x0b, 0xf0, 0x12, 0x51, 0x13, 0xd2, 0x1b,
  0x00, 0x00, 0x00, 0x00, 0x00, 0x00, 0x00, 0x00, 0x00, 0x00, 0x00, 0x00, 0x00, 0x00, 0x00, 0x00,
  0x00, 0x00, 0x00, 0x00, 0x00, 0x00, 0x00, 0x00, 0x00, 0x00, 0x00, 0x00, 0x00, 0x00, 0x00, 0x00,
  0x00, 0x00, 0x00, 0x00, 0x00, 0x00, 0x00, 0x00, 0x00, 0x00, 0x00, 0x00, 0x00, 0x00, 0x00, 0x00,
  0x00, 0x00, 0x00, 0x00, 0x00, 0x00, 0x00, 0x00, 0x00, 0x00, 0x33, 0x33, 0xb5, 0x52, 0x12, 0x44,
  0x10, 0x44, 0x50, 0x33, 0x91, 0x2b, 0xf2, 0x2b, 0x71, 0x23, 0xb1, 0x33, 0x10, 0x23, 0x30, 0x23,
  0xd3, 0x23, 0xd3, 0x1b, 0xd4, 0x1b, 0x15, 0x0c, 0x9b, 0x1d, 0x97, 0x0c, 0xf8, 0x0c, 0x19, 0x15,
  0xb7, 0x0c, 0x17, 0x0d, 0xdd, 0x26, 0x9e, 0x7f, 0xff, 0xd7, 0xff, 0xe7, 0xff, 0xdf, 0xff, 0xef,
  0xbe, 0x9f, 0xbc, 0x0d, 0x5e, 0x16, 0x9b, 0x0d, 0x79, 0x04, 0xb9, 0x04, 0x98, 0x04, 0x78, 0x04,
  0x37, 0x0c, 0xb9, 0x0c, 0x77, 0x14, 0xb4, 0x13, 0x74, 0x0b, 0xf5, 0x23, 0x37, 0x2c, 0x75, 0x3c,
  0x16, 0x34, 0x36, 0x2c, 0xff, 0x07, 0xd9, 0x34, 0xb7, 0x34, 0x36, 0x34, 0x16, 0x34, 0xff, 0x07,
  0x00, 0x00, 0x00, 0x00, 0x00, 0x00, 0x00, 0x00, 0x00, 0x00, 0x00, 0x00, 0x00, 0x00, 0x00, 0x00,
  0x00, 0x00, 0x00, 0x00, 0x00, 0x00, 0x00, 0x00, 0x00, 0x00, 0x00, 0x00, 0x00, 0x00, 0x00, 0x00,
  0x00, 0x00, 0x00, 0x00, 0x00, 0x00, 0x00, 0x00, 0x00, 0x00, 0x00, 0x00, 0x00, 0x00, 0x00, 0x00,
  0x00, 0x00, 0x00, 0x00, 0x00, 0x00, 0x00, 0x00, 0x00, 0x00, 0x00, 0x00, 0x00, 0x00, 0x00, 0x00,
  0x00, 0x00, 0x00, 0x00, 0x00, 0x00, 0x00, 0x00, 0x00, 0x00, 0x00, 0x00, 0x00, 0x00, 0x00, 0x00,
  0x00, 0x00, 0x00, 0x00, 0x00, 0x00, 0x00, 0x00, 0x00, 0x00, 0x00, 0x00, 0x00, 0x00, 0x00, 0x00,
  0x00, 0x00, 0x00, 0x00, 0x00, 0x00, 0x00, 0x00, 0x00, 0x00, 0x00, 0x00, 0x00, 0x00, 0x00, 0x00,
  0x00, 0x00, 0x00, 0x00, 0x00, 0x00, 0x00, 0x00, 0x00, 0x00, 0xff, 0x07, 0x00, 0x00, 0x55, 0x55,
  0x00, 0x00, 0x00, 0x00, 0x00, 0x00, 0x00, 0x00, 0x00, 0x00, 0x00, 0x00, 0x00, 0x00, 0x00, 0x00,
  0x00, 0x00, 0x00, 0x00, 0x00, 0x00, 0x00, 0x00, 0x00, 0x00, 0x10, 0x04, 0xff, 0x07, 0x17, 0x44,
  0x00, 0x00, 0xd6, 0x34, 0xd9, 0x34, 0x96, 0x24, 0x76, 0x24, 0x77, 0x14, 0x5a, 0x1d, 0x59, 0x1d,
  0x59, 0x15, 0x7f, 0x5f, 0xff, 0xaf, 0x7d, 0x2e, 0x5b, 0x1d, 0x7b, 0x0d, 0xfd, 0x15, 0xbc, 0x15,
  0xbb, 0x0d, 0x9e, 0x16, 0xff, 0x7f, 0xff, 0xe7, 0xff, 0xd7, 0xff, 0xdf, 0xff, 0xaf, 0x9f, 0x87,
  0xbf, 0x6f, 0x7d, 0x0e, 0xbc, 0x0d, 0x5d, 0x16, 0x7b, 0x0d, 0x93, 0x03, 0x94, 0x03, 0x32, 0x03,
  0xf1, 0x0a, 0x72, 0x13, 0xb3, 0x13, 0xd3, 0x1b, 0x72, 0x13, 0x92, 0x1b, 0x51, 0x1b, 0xb2, 0x23,
  0x00, 0x00, 0x00, 0x00, 0x00, 0x00, 0x00, 0x00, 0x00, 0x00, 0x00, 0x00, 0x00, 0x00, 0x00, 0x00,
  0x00, 0x00, 0x00, 0x00, 0x00, 0x00, 0x00, 0x00, 0x00, 0x00, 0x00, 0x00, 0x00, 0x00, 0x00, 0x00,
  0x00, 0x00, 0x00, 0x00, 0x00, 0x00, 0x00, 0x00, 0x00, 0x00, 0x00, 0x00, 0x00, 0x00, 0x00, 0x00,
  0x00, 0x00, 0x00, 0x00, 0x00, 0x00, 0x00, 0x00, 0x10, 0x44, 0xb1, 0x3b, 0x72, 0x33, 0xd0, 0x43,
  0x70, 0x3b, 0xef, 0x2a, 0x50, 0x2b, 0xd3, 0x23, 0x51, 0x13, 0xb2, 0x2b, 0xb2, 0x2b, 0x54, 0x34,
  0x54, 0x34, 0x14, 0x24, 0xba, 0x35, 0xfc, 0x2d, 0xdc, 0x25, 0x39, 0x15, 0x76, 0x14, 0x15, 0x0c,
  0x97, 0x0c, 0x59, 0x2d, 0x5c, 0x16, 0x5e, 0x2f, 0x9f, 0x97, 0xff, 0xdf, 0xff, 0xd7, 0xff, 0xdf,
  0xfe, 0xdf, 0x3e, 0x57, 0xfd, 0x0d, 0x7e, 0x16, 0xfd, 0x0d, 0xd9, 0x0c, 0xb9, 0x04, 0xb9, 0x04,
  0x37, 0x04, 0x37, 0x0c, 0x37, 0x0c, 0x16, 0x0c, 0xb4, 0x0b, 0x73, 0x1b, 0x15, 0x24, 0x56, 0x2c,
  0x75, 0x3c, 0x35, 0x2c, 0xff, 0x07, 0x00, 0x00, 0x00, 0x00, 0x35, 0x34, 0x15, 0x34, 0x15, 0x2c,
  0x17, 0x44, 0x00, 0x00, 0x00, 0x00, 0xff, 0x07, 0x00, 0x00, 0x00, 0x00, 0xff, 0x07, 0x00, 0x00,
  0x00, 0x00, 0x00, 0x00, 0x00, 0x00, 0x00, 0x00, 0x00, 0x00, 0x00, 0x00, 0x00, 0x00, 0x00, 0x00,
  0x00, 0x00, 0x00, 0x00, 0x00, 0x00, 0x00, 0x00, 0x00, 0x00, 0xff, 0x07, 0x00, 0x00, 0x00, 0x00,
  0x55, 0x55, 0x00, 0x00, 0x00, 0x00, 0x00, 0x00, 0x00, 0x00, 0x00, 0x00, 0x00, 0x00, 0x00, 0x00,
  0x00, 0x00, 0x00, 0x00, 0x00, 0x00, 0x00, 0x00, 0x00, 0x00, 0x00, 0x00, 0x00, 0x00, 0x00, 0x00,
  0x00, 0x00, 0x00, 0x00, 0x00, 0x00, 0x00, 0x00, 0x00, 0x00, 0x00, 0x00, 0x00, 0x00, 0x00, 0x00,
  0x00, 0x00, 0x00, 0x00, 0x00, 0x00, 0x00, 0x00, 0xff, 0x07, 0x00, 0x00, 0x00, 0x00, 0x00, 0x00,
  0x00, 0x00, 0x00, 0x00, 0x10, 0x04, 0x00, 0x00, 0x00, 0x00, 0x00, 0x00, 0xff, 0x07, 0x00, 0x00,
  0x00, 0x00, 0x00, 0x00, 0x00, 0x00, 0x00, 0x00, 0x00, 0x00, 0xff, 0x07, 0x00, 0x00, 0x00, 0x00,
  0x00, 0x00, 0x00, 0x00, 0xff, 0x07, 0xd3, 0x34, 0x55, 0x55, 0x10, 0x04, 0xd9, 0x34, 0xff, 0x07,
  0xd9, 0x34, 0x36, 0x2c, 0x77, 0x24, 0x36, 0x1c, 0x97, 0x24, 0x1c, 0x26, 0x5d, 0x1e, 0x9b, 0x25,
  0xdc, 0x15, 0x7c, 0x36, 0x39, 0x15, 0xda, 0x04, 0x3b, 0x05, 0x1a, 0x05, 0x3a, 0x05, 0x9b, 0x05,
  0x5d, 0x0e, 0x7f, 0x5f, 0xff, 0xbf, 0xff, 0xd7, 0xff, 0xd7, 0xdf, 0x9f, 0x7e, 0x4f, 0x3e, 0x4f,
  0xdf, 0x47, 0x9b, 0x05, 0xf9, 0x04, 0xfa, 0x04, 0x98, 0x0c, 0x72, 0x03, 0x52, 0x03, 0x72, 0x0b,
  0x31, 0x0b, 0xb3, 0x13, 0x72, 0x13, 0x52, 0x13, 0x93, 0x1b, 0x92, 0x1b, 0x71, 0x1b, 0x92, 0x23,
  0x00, 0x00, 0x00, 0x00, 0x00, 0x00, 0x00, 0x00, 0x00, 0x00, 0x00, 0x00, 0x00, 0x00, 0x00, 0x00,
  0x00, 0x00, 0x00, 0x00, 0x00, 0x00, 0x00, 0x00, 0x00, 0x00, 0x00, 0x00, 0x00, 0x00, 0x00, 0x00,
  0x00, 0x00, 0x00, 0x00, 0x00, 0x00, 0x00, 0x00, 0x00, 0x00, 0x00, 0x00, 0x00, 0x00, 0x00, 0x00,
  0x00, 0x00, 0x00, 0x00, 0x00, 0x00, 0x00, 0x00, 0x00, 0x00, 0xb0, 0x43, 0xb1, 0x43, 0xb1, 0x3b,
  0x90, 0x3b, 0x0f, 0x23, 0x70, 0x23, 0x35, 0x24, 0xb8, 0x0c, 0xb2, 0x1b, 0x55, 0x24, 0x97, 0x34,
  0xb3, 0x1b, 0xd0, 0x0a, 0xf1, 0x12, 0xb4, 0x13, 0xd7, 0x1c, 0x73, 0x0b, 0x92, 0x0b, 0xf5, 0x03,
  0xf5, 0x03, 0x7b, 0x05, 0x1a, 0x05, 0x5a, 0x15, 0xff, 0x7f, 0xff, 0x97, 0xff, 0xdf, 0xff, 0xef,
  0xff, 0xef, 0xff, 0xb7, 0x5f, 0x1f, 0x3d, 0x06, 0x3c, 0x06, 0x19, 0x0d, 0xd6, 0x03, 0xb5, 0x03,
  0x58, 0x0c, 0xb5, 0x03, 0x12, 0x03, 0x32, 0x03, 0x16, 0x14, 0x15, 0x1c, 0xf5, 0x13, 0x36, 0x24,
  0x56, 0x2c, 0x36, 0x2c, 0x57, 0x2c, 0x56, 0x24, 0xd3, 0x34, 0x17, 0x44, 0x55, 0x55, 0x00, 0x00,
  0x00, 0x00, 0xff, 0x07, 0x00, 0x00, 0x00, 0x00, 0x00, 0x00, 0x00, 0x00, 0x00, 0x00, 0x00, 0x00,
  0x00, 0x00, 0x00, 0x00, 0x00, 0x00, 0x00, 0x00, 0x00, 0x00, 0x00, 0x00, 0x00, 0x00, 0x00, 0x00,
  0x00, 0x00, 0x00, 0x00, 0x00, 0x00, 0x00, 0x00, 0x00, 0x00, 0x00, 0x00, 0x10, 0x04, 0x00, 0x00,
  0x00, 0x00, 0x00, 0x00, 0x00, 0x00, 0x00, 0x00, 0x00, 0x00, 0x00, 0x00, 0x00, 0x00, 0x00, 0x00,
  0x00, 0x00, 0x00, 0x00, 0x00, 0x00, 0x00, 0x00, 0x00, 0x00, 0x00, 0x00, 0x00, 0x00, 0x00, 0x00,
  0x00, 0x00, 0x00, 0x00, 0x00, 0x00, 0x00, 0x00, 0x00, 0x00, 0x00, 0x00, 0x00, 0x00, 0x00, 0x00,
  0x00, 0x00, 0x00, 0x00, 0x00, 0x00, 0x00, 0x00, 0x00, 0x00, 0x00, 0x00, 0x00, 0x00, 0x00, 0x00,
  0x15, 0x2c, 0x14, 0x24, 0x75, 0x1c, 0x00, 0x00, 0x00, 0x00, 0x00, 0x00, 0x00, 0x00, 0x00, 0x00,
  0x17, 0x44, 0xff, 0x07, 0x00, 0x00, 0x00, 0x00, 0x00, 0x00, 0x55, 0x05, 0xff, 0x07, 0x00, 0x00,
  0x55, 0x05, 0x00, 0x00, 0x00, 0x00, 0x00, 0x00, 0x00, 0x00, 0x55, 0x24, 0x16, 0x34, 0x00, 0x00,
  0x57, 0x24, 0xb5, 0x2c, 0x16, 0x24, 0xf5, 0x13, 0x57, 0x0c, 0x1a, 0x05, 0xd9, 0x04, 0x7b, 0x05,
  0xbc, 0x05, 0xdc, 0x05, 0x1d, 0x0e, 0xbc, 0x0d, 0x5b, 0x05, 0x5c, 0x0e, 0xbb, 0x0d, 0xdb, 0x05,
  0xde, 0x26, 0xff, 0xdf, 0xff, 0xef, 0xff, 0xd7, 0xff, 0xbf, 0xbf, 0x7f, 0x9e, 0x87, 0xdf, 0x8f,
  0x3d, 0x1e, 0xfa, 0x04, 0x99, 0x14, 0x78, 0x04, 0xf5, 0x03, 0xf5, 0x03, 0xb4, 0x0b, 0x53, 0x0b,
  0x72, 0x0b, 0xb4, 0x13, 0x92, 0x0b, 0x72, 0x13, 0x92, 0x13, 0x71, 0x1b, 0x91, 0x23, 0x91, 0x23,
  0x00, 0x00, 0x00, 0x00, 0x00, 0x00, 0x00, 0x00, 0x00, 0x00, 0x00, 0x00, 0x00, 0x00, 0x00, 0x00,
  0x00, 0x00, 0x00, 0x00, 0x00, 0x00, 0x00, 0x00, 0x00, 0x00, 0x00, 0x00, 0x00, 0x00, 0x00, 0x00,
  0x00, 0x00, 0x00, 0x00, 0x00, 0x00, 0x00, 0x00, 0x00, 0x00, 0x00, 0x00, 0x00, 0x00, 0x00, 0x00,
  0x00, 0x00, 0x00, 0x00, 0x00, 0x00, 0x00, 0x00, 0x00, 0x00, 0x70, 0x3b, 0x70, 0x3b, 0x90, 0x3b,
  0x50, 0x3b, 0x2f, 0x33, 0x2f, 0x2b, 0x15, 0x24, 0x7a, 0x1d, 0x52, 0x1b, 0x76, 0x34, 0xd3, 0x33,
  0x11, 0x23, 0xcf, 0x1a, 0xf0, 0x1a, 0xb3, 0x1b, 0xb4, 0x0b, 0xb3, 0x0b, 0x11, 0x0b, 0x32, 0x03,
  0x94, 0x03, 0x16, 0x0c, 0x9b, 0x05, 0xbc, 0x05, 0xfc, 0x25, 0x3e, 0x47, 0xff, 0xdf, 0xff, 0xcf,
  0xff, 0xdf, 0xff, 0xef, 0xff, 0x9f, 0x5e, 0x1f, 0x3d, 0x06, 0x1a, 0x05, 0x37, 0x0c, 0xd5, 0x03,
  0x37, 0x04, 0x37, 0x0c, 0x98, 0x0c, 0x57, 0x04, 0xb5, 0x13, 0x35, 0x1c, 0xf5, 0x13, 0xf5, 0x1b,
  0x36, 0x1c, 0x36, 0x24, 0x76, 0x2c, 0x77, 0x2c, 0x56, 0x24, 0x16, 0x34, 0x00, 0x00, 0x00, 0x00,
  0x00, 0x00, 0x00, 0x00, 0x00, 0x00, 0x00, 0x00, 0xff, 0x07, 0x00, 0x00, 0x00, 0x00, 0x00, 0x00,
  0x00, 0x00, 0x00, 0x00, 0x00, 0x00, 0x00, 0x00, 0x00, 0x00, 0x00, 0x00, 0x00, 0x00, 0x00, 0x00,
  0x00, 0x00, 0x00, 0x00, 0x00, 0x00, 0x00, 0x00, 0x00, 0x00, 0xff, 0x07, 0x00, 0x00, 0x00, 0x00,
  0x00, 0x00, 0x00, 0x00, 0x00, 0x00, 0x00, 0x00, 0x00, 0x00, 0x00, 0x00, 0x00, 0x00, 0x00, 0x00,
  0x00, 0x00, 0x00, 0x00, 0x00, 0x00, 0x00, 0x00, 0x00, 0x00, 0x00, 0x00, 0x00, 0x00, 0x00, 0x00,
  0x00, 0x00, 0x00, 0x00, 0x00, 0x00, 0x00, 0x00, 0x00, 0x00, 0xff, 0x07, 0xff, 0x07, 0x00, 0x00,
  0x00, 0x00, 0x00, 0x00, 0x00, 0x00, 0x00, 0x00, 0x00, 0x00, 0x00, 0x00, 0x00, 0x00, 0x00, 0x00,
  0x96, 0x24, 0x15, 0x2c, 0x75, 0x1c, 0xff, 0x07, 0x10, 0x04, 0x55, 0x05, 0x00, 0x00, 0xff, 0x07,
  0x55, 0x05, 0x00, 0x00, 0x00, 0x00, 0x00, 0x00, 0xff, 0x07, 0x17, 0x44, 0x00, 0x00, 0x00, 0x00,
  0x00, 0x00, 0x10, 0x04, 0x00, 0x00, 0x00, 0x00, 0xd3, 0x34, 0x35, 0x24, 0x15, 0x2c, 0x15, 0x2c,
  0x56, 0x24, 0x76, 0x24, 0x56, 0x14, 0xf5, 0x13, 0x16, 0x04, 0x99, 0x0c, 0xfd, 0x15, 0xdc, 0x0d,
  0x1a, 0x05, 0x1a, 0x05, 0x19, 0x0d, 0xd9, 0x04, 0xfa, 0x04, 0x1c, 0x16, 0x1d, 0x06, 0xfe, 0x2e,
  0xff, 0xdf, 0xff, 0xef, 0xff, 0xaf, 0xff, 0xc7, 0xff, 0xb7, 0xff, 0x7f, 0xff, 0xaf, 0x7f, 0x7f,
  0xff, 0x2e, 0xba, 0x0d, 0x95, 0x03, 0x58, 0x04, 0xb5, 0x03, 0x15, 0x0c, 0x53, 0x0b, 0x12, 0x03,
  0x53, 0x03, 0xd4, 0x0b, 0x52, 0x0b, 0x11, 0x0b, 0x31, 0x0b, 0x51, 0x1b, 0x71, 0x23, 0xd2, 0x2b,
  0x00, 0x00, 0x00, 0x00, 0x00, 0x00, 0x00, 0x00, 0x00, 0x00, 0x00, 0x00, 0x00, 0x00, 0x00, 0x00,
  0x00, 0x00, 0x00, 0x00, 0x00, 0x00, 0x00, 0x00, 0x00, 0x00, 0x00, 0x00, 0x00, 0x00, 0x00, 0x00,
  0x00, 0x00, 0x00, 0x00, 0x00, 0x00, 0x00, 0x00, 0x00, 0x00, 0x00, 0x00, 0x00, 0x00, 0x00, 0x00,
  0x00, 0x00, 0x00, 0x00, 0x00, 0x00, 0x00, 0x00, 0x00, 0x00, 0x2f, 0x3b, 0x50, 0x33, 0x50, 0x3b,
  0x10, 0x44, 0x50, 0x2b, 0x30, 0x2b, 0x51, 0x23, 0x51, 0x1b, 0x31, 0x23, 0xd2, 0x33, 0x51, 0x2b,
  0x11, 0x23, 0x93, 0x33, 0x92, 0x2b, 0xb3, 0x23, 0x36, 0x0c, 0x52, 0x0b, 0x10, 0x0b, 0xd0, 0x02,
  0x31, 0x03, 0x74, 0x03, 0x3a, 0x05, 0xfa, 0x04, 0x19, 0x05, 0x7d, 0x16, 0x7f, 0x57, 0xff, 0xdf,
  0xff, 0xe7, 0xff, 0xdf, 0xff, 0xef, 0xff, 0xbf, 0x5f, 0x1f, 0xbe, 0x05, 0xbc, 0x0d, 0x78, 0x0c,
  0x74, 0x03, 0x54, 0x03, 0x57, 0x0c, 0x5b, 0x0d, 0x57, 0x04, 0xd5, 0x0b, 0xf5, 0x13, 0xf4, 0x1b,
  0x56, 0x1c, 0x77, 0x24, 0x36, 0x24, 0x16, 0x24, 0x36, 0x24, 0x55, 0x55, 0x00, 0x00, 0x00, 0x00,
  0x00, 0x00, 0x00, 0x00, 0x00, 0x00, 0x00, 0x00, 0x00, 0x00, 0x00, 0x00, 0x00, 0x00, 0x00, 0x00,
  0xff, 0x07, 0x00, 0x00, 0x00, 0x00, 0x00, 0x00, 0x00, 0x00, 0x00, 0x00, 0x00, 0x00, 0x00, 0x00,
  0x00, 0x00, 0x00, 0x00, 0x00, 0x00, 0x00, 0x00, 0x00, 0x00, 0x00, 0x00, 0x00, 0x00, 0x00, 0x00,
  0x00, 0x00, 0x00, 0x00, 0x00, 0x00, 0x00, 0x00, 0x00, 0x00, 0x00, 0x00, 0x00, 0x00, 0x00, 0x00,
  0x00, 0x00, 0x00, 0x00, 0x00, 0x00, 0x00, 0x00, 0x00, 0x00, 0x00, 0x00, 0x00, 0x00, 0x00, 0x00,
  0x00, 0x00, 0x00, 0x00, 0x00, 0x00, 0x00, 0x00, 0x00, 0x00, 0x00, 0x00, 0x00, 0x00, 0x00, 0x00,
  0x00, 0x00, 0x00, 0x00, 0x00, 0x00, 0x00, 0x00, 0x00, 0x00, 0x00, 0x00, 0x00, 0x00, 0x00, 0x00,
  0x55, 0x05, 0x10, 0x04, 0x17, 0x44, 0x15, 0x2c, 0x17, 0x44, 0x17, 0x44, 0x00, 0x00, 0x00, 0x00,
  0x13, 0x24, 0x00, 0x00, 0x00, 0x00, 0x17, 0x44, 0x00, 0x00, 0x00, 0x00, 0x00, 0x00, 0x00, 0x00,
  0x00, 0x00, 0x00, 0x00, 0x17, 0x44, 0x17, 0x24, 0x10, 0x04, 0x15, 0x24, 0x56, 0x24, 0x77, 0x24,
  0xb7, 0x2c, 0xf5, 0x13, 0x37, 0x14, 0x99, 0x0c, 0x58, 0x04, 0xd9, 0x04, 0x9c, 0x05, 0x1f, 0x1f,
  0x9e, 0x0e, 0xbc, 0x05, 0x19, 0x05, 0x7b, 0x05, 0xfd, 0x05, 0xdc, 0x05, 0x1e, 0x1f, 0xff, 0xd7,
  0xff, 0xf7, 0xff, 0xc7, 0xff, 0xa7, 0xff, 0xb7, 0xff, 0x97, 0xff, 0xa7, 0xfe, 0x3e, 0x7d, 0x26,
  0xff, 0x67, 0xbf, 0x7f, 0xb4, 0x03, 0x94, 0x03, 0x36, 0x04, 0x15, 0x0c, 0xb3, 0x0b, 0x32, 0x03,
  0xf1, 0x02, 0x32, 0x0b, 0x73, 0x13, 0x72, 0x13, 0x51, 0x13, 0x71, 0x23, 0x71, 0x23, 0x10, 0x44,
  0x00, 0x00, 0x00, 0x00, 0x00, 0x00, 0x00, 0x00, 0x00, 0x00, 0x00, 0x00, 0x00, 0x00, 0x00, 0x00,
  0x00, 0x00, 0x00, 0x00, 0x00, 0x00, 0x00, 0x00, 0x00, 0x00, 0x00, 0x00, 0x00, 0x00, 0x00, 0x00,
  0x00, 0x00, 0x00, 0x00, 0x00, 0x00, 0x00, 0x00, 0x00, 0x00, 0x00, 0x00, 0x00, 0x00, 0x00, 0x00,
  0x00, 0x00, 0x00, 0x00, 0x00, 0x00, 0x00, 0x00, 0x00, 0x00, 0x70, 0x4b, 0xb1, 0x43, 0x50, 0x43,
  0x70, 0x3b, 0x70, 0x33, 0x50, 0x33, 0x50, 0x33, 0x2f, 0x2b, 0xb3, 0x3b, 0xd2, 0x33, 0xb2, 0x33,
  0x92, 0x2b, 0x92, 0x2b, 0x72, 0x23, 0x51, 0x23, 0xd4, 0x1b, 0xf1, 0x02, 0xf0, 0x02, 0xf0, 0x02,
  0xb4, 0x0b, 0xb8, 0x04, 0xf5, 0x03, 0x16, 0x04, 0x78, 0x04, 0xdb, 0x05, 0xfe, 0x1e, 0x9f, 0x7f,
  0xff, 0xe7, 0xff, 0xdf, 0xff, 0xdf, 0xff, 0xef, 0xff, 0xdf, 0x3f, 0x37, 0x9d, 0x05, 0x16, 0x04,
  0xd8, 0x04, 0xf5, 0x03, 0x11, 0x03, 0xf6, 0x03, 0xb9, 0x04, 0x37, 0x0c, 0x36, 0x0c, 0xf5, 0x13,
  0xd4, 0x13, 0x56, 0x24, 0x56, 0x24, 0x15, 0x1c, 0x16, 0x24, 0x36, 0x34, 0x15, 0x2c, 0x35, 0x2c,
  0x56, 0x2c, 0x57, 0x2c, 0x00, 0x00, 0xd3, 0x34, 0x00, 0x00, 0x00, 0x00, 0x00, 0x00, 0x00, 0x00,
  0x00, 0x00, 0x00, 0x00, 0x00, 0x00, 0x00, 0x00, 0x00, 0x00, 0x00, 0x00, 0x00, 0x00, 0x00, 0x00,
  0x00, 0x00, 0x00, 0x00, 0x00, 0x00, 0x00, 0x00, 0x00, 0x00, 0x00, 0x00, 0x00, 0x00, 0x00, 0x00,
  0x00, 0x00, 0x00, 0x00, 0x00, 0x00, 0x00, 0x00, 0x00, 0x00, 0x00, 0x00, 0x00, 0x00, 0x00, 0x00,
  0x00, 0x00, 0x00, 0x00, 0x00, 0x00, 0x00, 0x00, 0x00, 0x00, 0x00, 0x00, 0x00, 0x00, 0x00, 0x00,
  0x00, 0x00, 0x00, 0x00, 0x00, 0x00, 0x00, 0x00, 0x00, 0x00, 0x00, 0x00, 0x00, 0x00, 0x00, 0x00,
  0x00, 0x00, 0x00, 0x00, 0x00, 0x00, 0x00, 0x00, 0x10, 0x04, 0x00, 0x00, 0x00, 0x00, 0x00, 0x00,
  0x00, 0x00, 0x00, 0x00, 0x56, 0x24, 0x15, 0x24, 0x15, 0x2c, 0x15, 0x24, 0x10, 0x04, 0x00, 0x00,
  0x55, 0x05, 0x10, 0x04, 0x00, 0x00, 0x00, 0x00, 0xff, 0x07, 0x00, 0x00, 0x00, 0x00, 0x17, 0x44,
  0x00, 0x00, 0x00, 0x00, 0x56, 0x24, 0x36, 0x24, 0x17, 0x24, 0x14, 0x24, 0x57, 0x2c, 0xf4, 0x1b,
  0x72, 0x0b, 0xb4, 0x03, 0xb9, 0x0c, 0xfd, 0x0d, 0x1e, 0x0e, 0xfa, 0x04, 0x98, 0x04, 0x9b, 0x0d,
  0xbc, 0x0d, 0x5b, 0x05, 0x1a, 0x05, 0x1d, 0x0e, 0xfd, 0x05, 0xde, 0x16, 0xbf, 0x87, 0xff, 0xdf,
  0xff, 0xd7, 0xff, 0xa7, 0xff, 0x87, 0xff, 0x8f, 0xdf, 0x77, 0x5f, 0x7f, 0x3f, 0x37, 0x9e, 0x0e,
  0x3d, 0x16, 0x1f, 0x37, 0x1d, 0x2e, 0x16, 0x04, 0x73, 0x03, 0xb4, 0x03, 0xb4, 0x0b, 0x32, 0x03,
  0x32, 0x03, 0x11, 0x0b, 0x52, 0x13, 0xd4, 0x1b, 0x92, 0x1b, 0xb2, 0x2b, 0x72, 0x23, 0x72, 0x23,
  0x00, 0x00, 0x00, 0x00, 0x00, 0x00, 0x00, 0x00, 0x00, 0x00, 0x00, 0x00, 0x00, 0x00, 0x00, 0x00,
  0x00, 0x00, 0x00, 0x00, 0x00, 0x00, 0x00, 0x00, 0x00, 0x00, 0x00, 0x00, 0x00, 0x00, 0x00, 0x00,
  0x00, 0x00, 0x00, 0x00, 0x00, 0x00, 0x00, 0x00, 0x00, 0x00, 0x00, 0x00, 0x00, 0x00, 0x00, 0x00,
  0x00, 0x00, 0x00, 0x00, 0x00, 0x00, 0x00, 0x00, 0x10, 0x84, 0x10, 0x44, 0x33, 0x33, 0x50, 0x43,
  0x50, 0x3b, 0x50, 0x43, 0x00, 0x00, 0x00, 0x00, 0x00, 0x00, 0xb2, 0x33, 0xb2, 0x33, 0xb2, 0x33,
  0xb2, 0x2b, 0xb3, 0x2b, 0x93, 0x23, 0x92, 0x2b, 0xb3, 0x23, 0x11, 0x0b, 0xb4, 0x03, 0x55, 0x14,
  0xf9, 0x14, 0x7b, 0x0d, 0xf5, 0x0b, 0x77, 0x04, 0x3a, 0x05, 0xd9, 0x04, 0x3c, 0x0e, 0xde, 0x26,
  0xdf, 0x9f, 0xff, 0xf7, 0xff, 0xdf, 0xff, 0xd7, 0xff, 0xf7, 0xff, 0xcf, 0x9f, 0x4f, 0xdc, 0x05,
  0xdc, 0x15, 0x7d, 0x1e, 0x57, 0x04, 0x13, 0x03, 0xb5, 0x03, 0xd9, 0x0c, 0xb8, 0x0c, 0x36, 0x0c,
  0x93, 0x0b, 0xf4, 0x13, 0x36, 0x24, 0x15, 0x1c, 0x16, 0x24, 0x15, 0x24, 0x15, 0x2c, 0x15, 0x2c,
  0x15, 0x2c, 0x35, 0x2c, 0x35, 0x2c, 0xd3, 0x34, 0x00, 0x00, 0xff, 0x07, 0x00, 0x00, 0x00, 0x00,
  0x00, 0x00, 0x00, 0x00, 0x00, 0x00, 0x00, 0x00, 0x00, 0x00, 0x00, 0x00, 0x00, 0x00, 0x00, 0x00,
  0x00, 0x00, 0x00, 0x00, 0x00, 0x00, 0x00, 0x00, 0x00, 0x00, 0x00, 0x00, 0x00, 0x00, 0x00, 0x00,
  0x00, 0x00, 0x00, 0x00, 0x00, 0x00, 0x00, 0x00, 0x00, 0x00, 0x00, 0x00, 0x00, 0x00, 0x00, 0x00,
  0x00, 0x00, 0x00, 0x00, 0x00, 0x00, 0x00, 0x00, 0x00, 0x00, 0x00, 0x00, 0x00, 0x00, 0x00, 0x00,
  0x00, 0x00, 0x00, 0x00, 0x00, 0x00, 0x00, 0x00, 0x00, 0x00, 0x00, 0x00, 0x00, 0x00, 0x00, 0x00,
  0x00, 0x00, 0x00, 0x00, 0xff, 0x07, 0x00, 0x00, 0x00, 0x00, 0xd3, 0x34, 0xff, 0x07, 0x00, 0x00,
  0x10, 0x04, 0x00, 0x00, 0x56, 0x24, 0x36, 0x2c, 0x96, 0x24, 0x93, 0x13, 0x14, 0x24, 0xff, 0x07,
  0x34, 0x1c, 0x15, 0x24, 0x15, 0x24, 0x75, 0x1c, 0xff, 0x07, 0xd9, 0x34, 0xff, 0x07, 0x00, 0x00,
  0x15, 0x2c, 0x16, 0x34, 0x36, 0x1c, 0x15, 0x24, 0x15, 0x1c, 0x96, 0x2c, 0x56, 0x24, 0xd4, 0x13,
  0xd5, 0x03, 0x78, 0x04, 0x5b, 0x15, 0xbf, 0x1e, 0x5e, 0x26, 0x5b, 0x0d, 0x57, 0x04, 0x78, 0x04,
  0xd9, 0x04, 0x5b, 0x0d, 0xdc, 0x0d, 0xbe, 0x16, 0x9e, 0x1e, 0xdf, 0xb7, 0xff, 0xe7, 0xff, 0xbf,
  0xff, 0xcf, 0xff, 0xaf, 0xbf, 0x87, 0xbf, 0x6f, 0xff, 0x8f, 0x9f, 0x6f, 0xff, 0x26, 0xbf, 0x0e,
  0x7c, 0x05, 0x7e, 0x1e, 0x9f, 0x3f, 0x1c, 0x1e, 0x93, 0x03, 0x52, 0x03, 0x73, 0x03, 0xd4, 0x03,
  0xf4, 0x0b, 0x93, 0x0b, 0x31, 0x13, 0x72, 0x1b, 0x71, 0x1b, 0x71, 0x1b, 0x71, 0x23, 0xb1, 0x2b,
  0x00, 0x00, 0x00, 0x00, 0x00, 0x00, 0x00, 0x00, 0x00, 0x00, 0x00, 0x00, 0x00, 0x00, 0x00, 0x00,
  0x00, 0x00, 0x00, 0x00, 0x00, 0x00, 0x00, 0x00, 0x00, 0x00, 0x00, 0x00, 0x00, 0x00, 0x00, 0x00,
  0x00, 0x00, 0x00, 0x00, 0x00, 0x00, 0x00, 0x00, 0x00, 0x00, 0x00, 0x00, 0x00, 0x00, 0x00, 0x00,
  0x10, 0x84, 0x00, 0x00, 0x00, 0x00, 0x00, 0x00, 0x10, 0x44, 0x72, 0x4b, 0x10, 0x44, 0xb5, 0x52,
  0xb5, 0x52, 0x00, 0x00, 0x1f, 0x00, 0x00, 0x00, 0x72, 0x4b, 0x91, 0x33, 0xd2, 0x33, 0xb3, 0x3b,
  0x13, 0x34, 0x72, 0x23, 0x95, 0x3b, 0xd3, 0x2b, 0x51, 0x1b, 0x52, 0x0b, 0xb8, 0x14, 0xdb, 0x25,
  0x11, 0x03, 0xb8, 0x0c, 0x1d, 0x1e, 0x16, 0x04, 0xb8, 0x04, 0x58, 0x04, 0x5a, 0x05, 0x7d, 0x16,
  0x9f, 0x67, 0xff, 0xcf, 0xff, 0xe7, 0xff, 0xe7, 0xff, 0xdf, 0xff, 0xef, 0xff, 0xdf, 0xdf, 0x7f,
  0x9e, 0x16, 0x5e, 0x0e, 0x5e, 0x16, 0xd9, 0x04, 0x95, 0x03, 0x78, 0x04, 0x57, 0x04, 0x78, 0x0c,
  0x57, 0x0c, 0xd5, 0x13, 0x15, 0x14, 0x56, 0x1c, 0x56, 0x1c, 0x77, 0x2c, 0x36, 0x2c, 0x36, 0x2c,
  0x14, 0x2c, 0x15, 0x2c, 0x15, 0x24, 0x35, 0x34, 0x00, 0x00, 0x96, 0x24, 0x00, 0x00, 0x00, 0x00,
  0x10, 0x04, 0x00, 0x00, 0x00, 0x00, 0x00, 0x00, 0x17, 0x44, 0xff, 0x07, 0x00, 0x00, 0x00, 0x00,
  0xff, 0x07, 0x00, 0x00, 0x00, 0x00, 0x00, 0x00, 0xff, 0x07, 0xff, 0x07, 0x00, 0x00, 0x00, 0x00,
  0xff, 0x07, 0x00, 0x00, 0x00, 0x00, 0x00, 0x00, 0xff, 0x07, 0x00, 0x00, 0x00, 0x00, 0x00, 0x00,
  0x00, 0x00, 0x00, 0x00, 0x00, 0x00, 0x00, 0x00, 0x10, 0x04, 0xff, 0x07, 0x00, 0x00, 0x00, 0x00,
  0x00, 0x00, 0x00, 0x00, 0x00, 0x00, 0x00, 0x00, 0xff, 0x07, 0xff, 0x07, 0x00, 0x00, 0x00, 0x00,
  0x00, 0x00, 0x00, 0x00, 0x00, 0x00, 0x00, 0x00, 0x55, 0x55, 0xd3, 0x34, 0x55, 0x55, 0x00, 0x00,
  0x10, 0x04, 0x00, 0x00, 0x17, 0x44, 0x55, 0x55, 0xd3, 0x34, 0xb3, 0x1b, 0xb4, 0x1b, 0x16, 0x1c,
  0xd5, 0x23, 0x15, 0x24, 0x35, 0x1c, 0x75, 0x2c, 0x96, 0x24, 0x75, 0x1c, 0xd3, 0x34, 0x55, 0x05,
  0x16, 0x24, 0x57, 0x2c, 0x57, 0x14, 0xf4, 0x1b, 0xb4, 0x0b, 0xd4, 0x1b, 0x55, 0x1c, 0x97, 0x1c,
  0xf9, 0x0c, 0x5e, 0x1e, 0x1f, 0x47, 0x7e, 0x36, 0xb9, 0x0c, 0x98, 0x04, 0x79, 0x04, 0xfa, 0x04,
  0x9c, 0x05, 0x9d, 0x0d, 0x3e, 0x06, 0x1f, 0x17, 0xdf, 0x9f, 0xff, 0xd7, 0xff, 0xef, 0xff, 0xd7,
  0xff, 0xa7, 0xff, 0xb7, 0x9f, 0x6f, 0x7f, 0x57, 0xbf, 0x77, 0xdf, 0x87, 0x1d, 0x0e, 0x3b, 0x05,
  0x58, 0x04, 0x3a, 0x05, 0xbf, 0x16, 0xde, 0x36, 0xd8, 0x14, 0x77, 0x0c, 0xd5, 0x0b, 0x98, 0x14,
  0x56, 0x14, 0x72, 0x13, 0x51, 0x13, 0x72, 0x1b, 0x51, 0x13, 0x71, 0x1b, 0x51, 0x23, 0x91, 0x33,
  0x00, 0x00, 0x00, 0x00, 0x00, 0x00, 0x00, 0x00, 0x00, 0x00, 0x00, 0x00, 0x00, 0x00, 0x00, 0x00,
  0x00, 0x00, 0x00, 0x00, 0x00, 0x00, 0x00, 0x00, 0x00, 0x00, 0x00, 0x00, 0x00, 0x00, 0x00, 0x00,
  0x00, 0x00, 0x00, 0x00, 0x00, 0x00, 0x00, 0x00, 0x00, 0x00, 0x00, 0x00, 0x00, 0x00, 0x00, 0x00,
  0x00, 0x00, 0x00, 0x00, 0x00, 0x00, 0x00, 0x00, 0x00, 0x00, 0x70, 0x33, 0xb5, 0x52, 0xb5, 0x52,
  0x10, 0x2c, 0x10, 0x04, 0x10, 0x54, 0x00, 0x00, 0x00, 0x00, 0x13, 0x34, 0xb3, 0x3b, 0x12, 0x3c,
  0x33, 0x33, 0xb3, 0x33, 0x33, 0x33, 0x15, 0x3c, 0xb3, 0x23, 0x93, 0x03, 0x36, 0x04, 0x77, 0x0c,
  0x6e, 0x02, 0x94, 0x0b, 0x9c, 0x0d, 0xd9, 0x04, 0x37, 0x04, 0x16, 0x04, 0x58, 0x04, 0x9b, 0x0d,
  0x5c, 0x1e, 0xbf, 0x67, 0xff, 0xa7, 0xff, 0xdf, 0xff, 0xdf, 0xff, 0xd7, 0xff, 0xdf, 0xff, 0xdf,
  0xff, 0x8f, 0x5f, 0x37, 0x9c, 0x15, 0x1d, 0x1e, 0xfa, 0x04, 0xd9, 0x04, 0x78, 0x04, 0x58, 0x04,
  0xf6, 0x0b, 0x94, 0x03, 0x94, 0x0b, 0x16, 0x14, 0xf6, 0x13, 0x37, 0x24, 0x16, 0x2c, 0x35, 0x2c,
  0x15, 0x2c, 0x15, 0x2c, 0x15, 0x2c, 0x15, 0x2c, 0x00, 0x00, 0x15, 0x2c, 0x00, 0x00, 0x00, 0x00,
  0xff, 0x07, 0x00, 0x00, 0x00, 0x00, 0x00, 0x00, 0x00, 0x00, 0x00, 0x00, 0x00, 0x00, 0x00, 0x00,
  0x00, 0x00, 0x00, 0x00, 0x00, 0x00, 0x00, 0x00, 0x00, 0x00, 0x10, 0x04, 0x00, 0x00, 0x00, 0x00,
  0x00, 0x00, 0x00, 0x00, 0x00, 0x00, 0x00, 0x00, 0x00, 0x00, 0x00, 0x00, 0x00, 0x00, 0x00, 0x00,
  0x00, 0x00, 0x00, 0x00, 0x00, 0x00, 0x00, 0x00, 0x00, 0x00, 0x00, 0x00, 0x00, 0x00, 0x00, 0x00,
  0x00, 0x00, 0x00, 0x00, 0x00, 0x00, 0x00, 0x00, 0x00, 0x00, 0x00, 0x00, 0x00, 0x00, 0x00, 0x00,
  0x00, 0x00, 0x00, 0x00, 0x00, 0x00, 0x00, 0x00, 0x00, 0x00, 0x00, 0x00, 0xd3, 0x34, 0x10, 0x04,
  0x00, 0x00, 0x00, 0x00, 0x00, 0x00, 0x00, 0x00, 0x00, 0x00, 0x35, 0x24, 0xb4, 0x1b, 0xb4, 0x1b,
  0xd5, 0x23, 0x15, 0x1c, 0x15, 0x24, 0x35, 0x24, 0x16, 0x1c, 0x17, 0x24, 0x96, 0x24, 0xd9, 0x34,
  0x75, 0x24, 0x16, 0x24, 0x15, 0x1c, 0x36, 0x1c, 0x36, 0x14, 0x96, 0x14, 0xd9, 0x14, 0x7a, 0x15,
  0x1c, 0x26, 0x5d, 0x2e, 0xbb, 0x1d, 0x17, 0x04, 0xd7, 0x03, 0x17, 0x04, 0x79, 0x04, 0xd9, 0x04,
  0x5c, 0x05, 0x7e, 0x0e, 0x9f, 0x3f, 0xbf, 0x7f, 0xff, 0xdf, 0xff, 0xc7, 0xff, 0xd7, 0xdf, 0x9f,
  0xbf, 0x7f, 0xff, 0xa7, 0x3f, 0x47, 0x1e, 0x3f, 0xfe, 0x3e, 0x1d, 0x16, 0xfa, 0x04, 0x38, 0x04,
  0x17, 0x04, 0xb8, 0x04, 0xb8, 0x04, 0xf6, 0x03, 0xb4, 0x0b, 0x57, 0x04, 0x93, 0x03, 0x15, 0x0c,
  0x35, 0x1c, 0x92, 0x13, 0x52, 0x1b, 0x52, 0x2b, 0x52, 0x23, 0x71, 0x23, 0xb1, 0x23, 0x10, 0x44,
  0x00, 0x00, 0x00, 0x00, 0x00, 0x00, 0x00, 0x00, 0x00, 0x00, 0x00, 0x00, 0x00, 0x00, 0x00, 0x00,
  0x00, 0x00, 0x00, 0x00, 0x00, 0x00, 0x00, 0x00, 0x00, 0x00, 0x00, 0x00, 0x00, 0x00, 0x00, 0x00,
  0x00, 0x00, 0x00, 0x00, 0x00, 0x00, 0x00, 0x00, 0x00, 0x00, 0x00, 0x00, 0x00, 0x00, 0x00, 0x00,
  0x00, 0x00, 0x00, 0x00, 0x00, 0x00, 0x00, 0x00, 0x10, 0x84, 0xae, 0x3b, 0x00, 0x00, 0x00, 0x00,
  0x10, 0x44, 0x10, 0x44, 0x00, 0x00, 0x00, 0x00, 0x10, 0x34, 0x00, 0x00, 0x13, 0x44, 0xb5, 0x52,
  0xb5, 0x52, 0xd4, 0x33, 0xd3, 0x33, 0x14, 0x34, 0x14, 0x34, 0x16, 0x0c, 0x17, 0x04, 0xd5, 0x0b,
  0xd0, 0x0a, 0xaf, 0x02, 0xb7, 0x0c, 0x9b, 0x0d, 0xb8, 0x04, 0xd6, 0x03, 0x17, 0x04, 0xf9, 0x0c,
  0x7a, 0x15, 0x7c, 0x1e, 0x9f, 0x4f, 0xff, 0x97, 0xff, 0xdf, 0xff, 0xdf, 0xff, 0xcf, 0xdf, 0xc7,
  0xff, 0xd7, 0xff, 0x8f, 0x5f, 0x3f, 0x9e, 0x3e, 0x9e, 0x16, 0xbd, 0x0d, 0x1b, 0x0d, 0x98, 0x0c,
  0x37, 0x04, 0xd6, 0x03, 0xb5, 0x0b, 0x15, 0x0c, 0xd5, 0x0b, 0x74, 0x0b, 0xf5, 0x1b, 0x94, 0x1b,
  0x52, 0x1b, 0xd4, 0x23, 0x56, 0x34, 0x35, 0x34, 0xf4, 0x23, 0x56, 0x2c, 0x15, 0x2c, 0x17, 0x44,
  0x00, 0x00, 0x10, 0x04, 0x17, 0x44, 0x00, 0x00, 0x16, 0x34, 0x00, 0x00, 0x55, 0x55, 0x10, 0x04,
  0x00, 0x00, 0x00, 0x00, 0x00, 0x00, 0xff, 0x07, 0x00, 0x00, 0x36, 0x34, 0x15, 0x34, 0x17, 0x44,
  0x00, 0x00, 0x00, 0x00, 0x00, 0x00, 0xff, 0x07, 0x00, 0x00, 0x00, 0x00, 0x00, 0x00, 0x00, 0x00,
  0x00, 0x00, 0x00, 0x00, 0x00, 0x00, 0x00, 0x00, 0x00, 0x00, 0x00, 0x00, 0x00, 0x00, 0x00, 0x00,
  0x00, 0x00, 0x00, 0x00, 0x00, 0x00, 0x00, 0x00, 0x00, 0x00, 0x00, 0x00, 0x00, 0x00, 0x10, 0x04,
  0x00, 0x00, 0x55, 0x55, 0x55, 0x55, 0xd3, 0x34, 0xd3, 0x34, 0x17, 0x44, 0x96, 0x24, 0x17, 0x44,
  0x00, 0x00, 0x00, 0x00, 0xff, 0x07, 0x00, 0x00, 0xd3, 0x34, 0x00, 0x00, 0xb4, 0x13, 0x73, 0x13,
  0xb4, 0x1b, 0x56, 0x2c, 0x15, 0x24, 0xd4, 0x1b, 0xf5, 0x1b, 0xf4, 0x1b, 0x36, 0x24, 0x76, 0x2c,
  0x36, 0x24, 0x16, 0x1c, 0x57, 0x14, 0xb8, 0x14, 0xf8, 0x1c, 0x3a, 0x15, 0xbb, 0x15, 0x9b, 0x1d,
  0x7a, 0x2d, 0xb5, 0x0b, 0x55, 0x03, 0x56, 0x03, 0x38, 0x04, 0x1a, 0x0d, 0x1b, 0x05, 0xfa, 0x0c,
  0x1b, 0x05, 0x9f, 0x4f, 0xff, 0xc7, 0xff, 0xdf, 0xff, 0xcf, 0xff, 0xe7, 0xff, 0xdf, 0xff, 0xb7,
  0xdf, 0x8f, 0xdf, 0x7f, 0xfe, 0x3e, 0xbd, 0x1e, 0x1c, 0x16, 0x3c, 0x05, 0x7b, 0x15, 0x15, 0x04,
  0xd8, 0x0c, 0x77, 0x04, 0x32, 0x03, 0xd1, 0x02, 0x31, 0x03, 0x36, 0x0c, 0x73, 0x0b, 0x52, 0x0b,
  0xf4, 0x13, 0xd4, 0x1b, 0x72, 0x13, 0x51, 0x13, 0xb1, 0x13, 0x72, 0x23, 0x91, 0x1b, 0xb5, 0x02,
  0x00, 0x00, 0x00, 0x00, 0x00, 0x00, 0x00, 0x00, 0x00, 0x00, 0x00, 0x00, 0x00, 0x00, 0x00, 0x00,
  0x00, 0x00, 0x00, 0x00, 0x00, 0x00, 0x00, 0x00, 0x00, 0x00, 0x00, 0x00, 0x00, 0x00, 0x00, 0x00,
  0x00, 0x00, 0x00, 0x00, 0x00, 0x00, 0x00, 0x00, 0x00, 0x00, 0x00, 0x00, 0x00, 0x00, 0x00, 0x00,
  0x00, 0x00, 0x00, 0x00, 0x00, 0x00, 0x00, 0x00, 0x90, 0x43, 0x2e, 0x3b, 0x50, 0x43, 0x10, 0x44,
  0xb5, 0x52, 0x00, 0x00, 0x00, 0x00, 0x00, 0x00, 0x00, 0x00, 0x1f, 0x00, 0x10, 0x04, 0x00, 0x00,
  0x33, 0x33, 0x13, 0x44, 0x92, 0x2b, 0x51, 0x23, 0xb2, 0x2b, 0x10, 0x23, 0x13, 0x2c, 0x92, 0x13,
  0x78, 0x0c, 0x37, 0x04, 0x73, 0x03, 0x94, 0x0b, 0x3a, 0x0d, 0x37, 0x04, 0x17, 0x04, 0x78, 0x04,
  0x5b, 0x05, 0x5b, 0x0d, 0xdd, 0x0d, 0x5f, 0x47, 0xff, 0xaf, 0xff, 0xef, 0xff, 0xf7, 0xff, 0xd7,
  0xff, 0xe7, 0xff, 0xf7, 0xff, 0xd7, 0x9f, 0x3f, 0x9f, 0x07, 0x5e, 0x06, 0xdb, 0x0d, 0xd9, 0x04,
  0x98, 0x04, 0xb8, 0x04, 0xb8, 0x0c, 0xd9, 0x0c, 0xd6, 0x03, 0xf6, 0x0b, 0x94, 0x0b, 0x94, 0x0b,
  0xf5, 0x13, 0x36, 0x1c, 0xf6, 0x13, 0x15, 0x1c, 0x35, 0x1c, 0x15, 0x24, 0x36, 0x24, 0x00, 0x00,
  0x13, 0x24, 0x16, 0x24, 0xd3, 0x34, 0x35, 0x34, 0x16, 0x24, 0x17, 0x24, 0x96, 0x24, 0x96, 0x24,
  0x57, 0x2c, 0x15, 0x2c, 0x00, 0x00, 0x00, 0x00, 0x10, 0x04, 0xd3, 0x34, 0x96, 0x24, 0xd3, 0x34,
  0xd3, 0x34, 0xff, 0x07, 0x00, 0x00, 0x10, 0x04, 0x00, 0x00, 0x00, 0x00, 0x15, 0x34, 0xd4, 0x1b,
  0x73, 0x1b, 0xd4, 0x23, 0x15, 0x34, 0x57, 0x2c, 0x00, 0x00, 0xff, 0x07, 0x00, 0x00, 0x00, 0x00,
  0x00, 0x00, 0x00, 0x00, 0x00, 0x00, 0x00, 0x00, 0x00, 0x00, 0x17, 0x44, 0x00, 0x00, 0x00, 0x00,
  0x10, 0x04, 0xff, 0x07, 0x00, 0x00, 0xff, 0x07, 0x10, 0x04, 0xff, 0x07, 0x00, 0x00, 0x10, 0x04,
  0x96, 0x24, 0x00, 0x00, 0x00, 0x00, 0x10, 0x04, 0x00, 0x00, 0x55, 0x24, 0x56, 0x24, 0x97, 0x24,
  0x76, 0x24, 0x93, 0x13, 0x36, 0x24, 0x36, 0x14, 0x35, 0x0c, 0xb3, 0x13, 0x33, 0x0b, 0xb4, 0x13,
  0x74, 0x0b, 0xd5, 0x0b, 0x57, 0x0c, 0x78, 0x04, 0xbc, 0x0d, 0x9e, 0x2e, 0x5f, 0x3f, 0x1d, 0x1e,
  0xba, 0x04, 0x5c, 0x05, 0xfa, 0x04, 0x59, 0x04, 0x79, 0x04, 0xdb, 0x04, 0x7b, 0x05, 0x9c, 0x05,
  0xde, 0x16, 0xff, 0x9f, 0xff, 0xdf, 0xff, 0xe7, 0xff, 0xbf, 0xff, 0xbf, 0xdf, 0x8f, 0xff, 0x97,
  0x7f, 0x4f, 0xde, 0x16, 0xde, 0x2e, 0x1d, 0x16, 0x3d, 0x06, 0x9b, 0x0d, 0xd9, 0x0c, 0x1a, 0x0d,
  0xf9, 0x0c, 0x73, 0x03, 0x32, 0x03, 0x73, 0x03, 0xb4, 0x03, 0xd4, 0x0b, 0x73, 0x13, 0x72, 0x0b,
  0x72, 0x0b, 0x51, 0x13, 0x51, 0x1b, 0x72, 0x23, 0xd2, 0x23, 0x91, 0x1b, 0x00, 0x00, 0x00, 0x00,
  0x00, 0x00, 0x00, 0x00, 0x00, 0x00, 0x00, 0x00, 0x00, 0x00, 0x00, 0x00, 0x00, 0x00, 0x00, 0x00,
  0x00, 0x00, 0x00, 0x00, 0x00, 0x00, 0x00, 0x00, 0x00, 0x00, 0x00, 0x00, 0x00, 0x00, 0x00, 0x00,
  0x00, 0x00, 0x00, 0x00, 0x00, 0x00, 0x00, 0x00, 0x00, 0x00, 0x00, 0x00, 0x00, 0x00, 0x00, 0x00,
  0x00, 0x00, 0x00, 0x00, 0x00, 0x00, 0x00, 0x00, 0x90, 0x43, 0x70, 0x4b, 0x00, 0x00, 0x00, 0x00,
  0x00, 0x00, 0x00, 0x00, 0x00, 0x00, 0x00, 0x00, 0x00, 0x00, 0x00, 0x00, 0x1f, 0x00, 0x10, 0x04,
  0x1f, 0x00, 0x33, 0x33, 0x91, 0x33, 0x92, 0x2b, 0xb2, 0x33, 0x30, 0x23, 0x52, 0x1b, 0x93, 0x13,
  0xb8, 0x14, 0x3a, 0x0d, 0x57, 0x0c, 0xf1, 0x0a, 0x73, 0x0b, 0xd5, 0x03, 0x16, 0x04, 0x37, 0x04,
  0x58, 0x04, 0xfa, 0x04, 0x1b, 0x05, 0x7e, 0x0e, 0x9f, 0x26, 0xdf, 0x9f, 0xff, 0xe7, 0xff, 0xe7,
  0xff, 0xd7, 0xff, 0xf7, 0xff, 0xf7, 0xff, 0xc7, 0xdf, 0x3f, 0x3d, 0x0e, 0x3e, 0x0e, 0x5a, 0x0d,
  0x58, 0x0c, 0x99, 0x04, 0x99, 0x0c, 0x19, 0x0d, 0x16, 0x04, 0xfa, 0x0c, 0x58, 0x04, 0xd6, 0x03,
  0x94, 0x03, 0xd5, 0x0b, 0xf6, 0x1b, 0xb4, 0x13, 0x15, 0x1c, 0x15, 0x24, 0x15, 0x24, 0x15, 0x24,
  0x35, 0x24, 0x17, 0x24, 0x15, 0x2c, 0x00, 0x00, 0x57, 0x2c, 0x16, 0x34, 0x17, 0x24, 0x55, 0x24,
  0xff, 0x07, 0x15, 0x2c, 0x00, 0x00, 0xd3, 0x34, 0x00, 0x00, 0x17, 0x24, 0xff, 0x07, 0x17, 0x44,
  0x15, 0x2c, 0x55, 0x55, 0x00, 0x00, 0x55, 0x55, 0xff, 0x07, 0x00, 0x00, 0x57, 0x2c, 0x15, 0x24,
  0xd4, 0x23, 0x13, 0x24, 0x00, 0x00, 0x55, 0x55, 0x10, 0x04, 0x00, 0x00, 0x00, 0x00, 0xff, 0x07,
  0x55, 0x55, 0x00, 0x00, 0x00, 0x00, 0x00, 0x00, 0x10, 0x04, 0x00, 0x00, 0x00, 0x00, 0x00, 0x00,
  0x55, 0x05, 0x17, 0x44, 0x10, 0x04, 0xff, 0x07, 0x96, 0x24, 0x15, 0x2c, 0x00, 0x00, 0x00, 0x00,
  0x96, 0x24, 0x10, 0x04, 0x10, 0x04, 0xd9, 0x34, 0x15, 0x34, 0x77, 0x2c, 0x36, 0x24, 0x56, 0x24,
  0xb8, 0x24, 0x98, 0x24, 0xf5, 0x13, 0x73, 0x0b, 0x15, 0x14, 0x56, 0x2c, 0x37, 0x1c, 0xb5, 0x0b,
  0x78, 0x0c, 0x1a, 0x15, 0xdd, 0x15, 0xbc, 0x0d, 0x1b, 0x0d, 0x5d, 0x1e, 0x1c, 0x16, 0xfa, 0x04,
  0x39, 0x04, 0xba, 0x04, 0xfa, 0x04, 0x17, 0x04, 0x38, 0x04, 0x9c, 0x05, 0x3d, 0x16, 0x3e, 0x37,
  0xbf, 0x87, 0xff, 0xe7, 0xff, 0xd7, 0xff, 0xa7, 0xdf, 0x8f, 0xff, 0xb7, 0xff, 0x9f, 0xff, 0x77,
  0x3e, 0x3f, 0x3d, 0x0e, 0x3d, 0x16, 0x3f, 0x37, 0x5f, 0x47, 0x3a, 0x0d, 0xd9, 0x04, 0x3a, 0x0d,
  0x98, 0x0c, 0x94, 0x03, 0x53, 0x03, 0x94, 0x03, 0xb4, 0x03, 0x35, 0x0c, 0x76, 0x14, 0xf4, 0x13,
  0xaf, 0x0a, 0xcf, 0x12, 0x10, 0x13, 0x91, 0x1b, 0xb2, 0x23, 0x10, 0x44, 0x72, 0x23, 0x00, 0x00,
  0x00, 0x00, 0x00, 0x00, 0x00, 0x00, 0x00, 0x00, 0x00, 0x00, 0x00, 0x00, 0x00, 0x00, 0x00, 0x00,
  0x00, 0x00, 0x00, 0x00, 0x00, 0x00, 0x00, 0x00, 0x00, 0x00, 0x00, 0x00, 0x00, 0x00, 0x00, 0x00,
  0x00, 0x00, 0x00, 0x00, 0x00, 0x00, 0x00, 0x00, 0x00, 0x00, 0x00, 0x00, 0x00, 0x00, 0x00, 0x00,
  0x00, 0x00, 0x00, 0x00, 0x00, 0x00, 0x00, 0x00, 0x00, 0x00, 0x00, 0x00, 0x00, 0x00, 0x00, 0x00,
  0x00, 0x00, 0x00, 0x00, 0x00, 0x00, 0x00, 0x00, 0x00, 0x00, 0x00, 0x00, 0x1f, 0x00, 0x00, 0x00,
  0x1f, 0x00, 0x72, 0x4b, 0x13, 0x34, 0xb2, 0x2b, 0x71, 0x2b, 0x51, 0x23, 0x72, 0x23, 0x92, 0x13,
  0x32, 0x0b, 0xd5, 0x0b, 0x5b, 0x15, 0xb8, 0x0c, 0x11, 0x0b, 0xb4, 0x03, 0xf6, 0x03, 0xf6, 0x03,
  0xd5, 0x03, 0x78, 0x04, 0xb9, 0x04, 0x1d, 0x0e, 0xfd, 0x05, 0x3f, 0x27, 0xff, 0x7f, 0xff, 0xef,
  0xff, 0xe7, 0xff, 0xcf, 0xff, 0xef, 0xff, 0xff, 0xff, 0xdf, 0xff, 0xdf, 0xbe, 0x2e, 0x1d, 0x0e,
  0x1a, 0x0d, 0x58, 0x04, 0x58, 0x04, 0x98, 0x04, 0x98, 0x04, 0xda, 0x04, 0xd9, 0x0c, 0xfa, 0x0c,
  0x78, 0x0c, 0xd5, 0x03, 0x93, 0x0b, 0x52, 0x0b, 0x94, 0x13, 0xb4, 0x1b, 0xd5, 0x1b, 0x15, 0x1c,
  0x15, 0x24, 0x35, 0x24, 0x56, 0x24, 0x35, 0x24, 0x35, 0x2c, 0x17, 0x24, 0x75, 0x1c, 0x00, 0x00,
  0x15, 0x2c, 0xd3, 0x34, 0x75, 0x1c, 0x56, 0x24, 0x00, 0x00, 0x00, 0x00, 0x00, 0x00, 0x00, 0x00,
  0x10, 0x04, 0xd3, 0x34, 0x00, 0x00, 0x00, 0x00, 0x55, 0x05, 0x55, 0x55, 0x16, 0x34, 0x36, 0x24,
  0x16, 0x24, 0x10, 0x04, 0x96, 0x24, 0x15, 0x2c, 0x55, 0x55, 0x10, 0x04, 0x00, 0x00, 0x00, 0x00,
  0x00, 0x00, 0x00, 0x00, 0x00, 0x00, 0x00, 0x00, 0x00, 0x00, 0x00, 0x00, 0xff, 0x07, 0x35, 0x2c,
  0x15, 0x2c, 0x00, 0x00, 0x00, 0x00, 0x10, 0x04, 0x17, 0x24, 0x17, 0x44, 0x00, 0x00, 0x00, 0x00,
  0x17, 0x24, 0x17, 0x24, 0x17, 0x44, 0x15, 0x2c, 0x16, 0x24, 0x37, 0x24, 0x15, 0x1c, 0xf5, 0x13,
  0xd9, 0x24, 0x78, 0x24, 0xf5, 0x0b, 0x94, 0x0b, 0x73, 0x03, 0x34, 0x03, 0x75, 0x03, 0xd9, 0x14,
  0x9e, 0x3e, 0x7f, 0x26, 0x1d, 0x16, 0xfa, 0x04, 0xf6, 0x03, 0xfa, 0x04, 0x3a, 0x05, 0xdc, 0x0d,
  0xd9, 0x04, 0x78, 0x04, 0x78, 0x04, 0x58, 0x04, 0xda, 0x04, 0x9e, 0x06, 0x1e, 0x37, 0xff, 0x9f,
  0xff, 0xe7, 0xff, 0xdf, 0xff, 0xb7, 0xff, 0x97, 0xbf, 0x7f, 0x1e, 0x3f, 0xfe, 0x26, 0x7f, 0x57,
  0xff, 0x8f, 0x5f, 0x3f, 0x5e, 0x0e, 0x1f, 0x37, 0x3d, 0x1e, 0xfd, 0x0d, 0xb9, 0x04, 0xd6, 0x03,
  0x73, 0x03, 0x74, 0x03, 0xd4, 0x03, 0x94, 0x03, 0x32, 0x03, 0xb3, 0x13, 0x56, 0x1c, 0xb7, 0x24,
  0xb3, 0x13, 0xf0, 0x12, 0x10, 0x13, 0x30, 0x1b, 0x31, 0x23, 0x33, 0x33, 0x10, 0x04, 0x10, 0x04,
  0x00, 0x00, 0x00, 0x00, 0x00, 0x00, 0x00, 0x00, 0x00, 0x00, 0x00, 0x00, 0x00, 0x00, 0x00, 0x00,
  0x00, 0x00, 0x00, 0x00, 0x00, 0x00, 0x00, 0x00, 0x00, 0x00, 0x00, 0x00, 0x00, 0x00, 0x00, 0x00,
  0x00, 0x00, 0x00, 0x00, 0x00, 0x00, 0x00, 0x00, 0x00, 0x00, 0x00, 0x00, 0x00, 0x00, 0x00, 0x00,
  0x00, 0x00, 0x00, 0x00, 0x00, 0x00, 0x00, 0x00, 0x00, 0x00, 0x00, 0x00, 0x00, 0x00, 0x00, 0x00,
  0x00, 0x00, 0x00, 0x00, 0x00, 0x00, 0x1f, 0x00, 0x00, 0x00, 0x00, 0x00, 0xb5, 0x52, 0x10, 0x44,
  0x10, 0x04, 0x33, 0x33, 0x33, 0x33, 0x91, 0x33, 0x92, 0x33, 0xb2, 0x2b, 0x96, 0x3c, 0x72, 0x1b,
  0x8f, 0x02, 0xd1, 0x0a, 0x19, 0x15, 0x5e, 0x1e, 0xf8, 0x14, 0xd5, 0x03, 0xd5, 0x03, 0xb4, 0x03,
  0xd5, 0x03, 0x16, 0x04, 0xf9, 0x04, 0x7b, 0x0d, 0xdd, 0x05, 0x3c, 0x16, 0xbd, 0x1e, 0x7f, 0x67,
  0xff, 0xef, 0xff, 0xf7, 0xff, 0xef, 0xff, 0xef, 0xff, 0xe7, 0xff, 0xf7, 0xff, 0xd7, 0xdf, 0x5f,
  0x1f, 0x17, 0x38, 0x04, 0x58, 0x04, 0xba, 0x04, 0x7c, 0x05, 0xfa, 0x04, 0x78, 0x04, 0xfa, 0x04,
  0xda, 0x04, 0xb9, 0x04, 0x17, 0x04, 0xb5, 0x03, 0x73, 0x0b, 0xd4, 0x1b, 0x15, 0x24, 0x15, 0x2c,
  0x15, 0x24, 0x15, 0x24, 0x15, 0x24, 0xf4, 0x23, 0x15, 0x2c, 0x76, 0x24, 0x15, 0x24, 0x34, 0x1c,
  0x57, 0x2c, 0x15, 0x2c, 0x15, 0x24, 0x56, 0x24, 0x15, 0x2c, 0x55, 0x55, 0x15, 0x2c, 0x10, 0x04,
  0x00, 0x00, 0x17, 0x44, 0x00, 0x00, 0xff, 0x07, 0xd3, 0x34, 0x00, 0x00, 0x76, 0x24, 0x35, 0x2c,
  0x56, 0x24, 0xd3, 0x34, 0x56, 0x24, 0x15, 0x2c, 0x15, 0x2c, 0x16, 0x34, 0x15, 0x2c, 0x75, 0x3c,
  0x13, 0x24, 0xff, 0x07, 0x00, 0x00, 0x96, 0x24, 0x17, 0x44, 0x96, 0x24, 0xd3, 0x34, 0x35, 0x24,
  0x36, 0x2c, 0x55, 0x05, 0x00, 0x00, 0x96, 0x24, 0x75, 0x1c, 0xff, 0x07, 0x96, 0x24, 0x96, 0x24,
  0x36, 0x2c, 0x15, 0x24, 0xf5, 0x23, 0xf5, 0x1b, 0x14, 0x1c, 0x36, 0x1c, 0x36, 0x14, 0x16, 0x14,
  0xb8, 0x1c, 0x94, 0x0b, 0x37, 0x04, 0xd9, 0x0c, 0xf9, 0x04, 0x17, 0x0c, 0x9b, 0x1d, 0xbe, 0x46,
  0x1d, 0x36, 0xbc, 0x15, 0x1a, 0x0d, 0x37, 0x0c, 0xb5, 0x03, 0x95, 0x03, 0xf6, 0x03, 0x99, 0x04,
  0xf6, 0x03, 0x57, 0x04, 0x97, 0x04, 0x1c, 0x06, 0xbf, 0x16, 0x7f, 0x5f, 0xff, 0x8f, 0xff, 0xcf,
  0xff, 0xcf, 0xff, 0xbf, 0xff, 0x97, 0x9f, 0x77, 0x3f, 0x47, 0xdd, 0x1e, 0x7c, 0x0e, 0x7d, 0x16,
  0xde, 0x26, 0x3f, 0x27, 0x1f, 0x27, 0x9e, 0x1e, 0xf9, 0x04, 0x9b, 0x0d, 0x36, 0x04, 0xd5, 0x03,
  0xb5, 0x03, 0x53, 0x03, 0x52, 0x03, 0x52, 0x03, 0x52, 0x0b, 0x72, 0x13, 0xf3, 0x1b, 0x34, 0x1c,
  0xf4, 0x13, 0xd3, 0x13, 0x30, 0x13, 0x10, 0x13, 0xf0, 0x1a, 0x71, 0x23, 0x91, 0x33, 0x33, 0x33,
  0x00, 0x00, 0x00, 0x00, 0x00, 0x00, 0x00, 0x00, 0x00, 0x00, 0x00, 0x00, 0x00, 0x00, 0x00, 0x00,
  0x00, 0x00, 0x00, 0x00, 0x00, 0x00, 0x00, 0x00, 0x00, 0x00, 0x00, 0x00, 0x00, 0x00, 0x00, 0x00,
  0x00, 0x00, 0x00, 0x00, 0x00, 0x00, 0x00, 0x00, 0x00, 0x00, 0x00, 0x00, 0x00, 0x00, 0x00, 0x00,
  0x00, 0x00, 0x00, 0x00, 0x00, 0x00, 0x00, 0x00, 0x00, 0x00, 0x00, 0x00, 0x00, 0x00, 0x00, 0x00,
  0x00, 0x00, 0x00, 0x00, 0x00, 0x00, 0x00, 0x00, 0x00, 0x00, 0x00, 0x00, 0x1f, 0x00, 0x00, 0x00,
  0x1f, 0x00, 0x33, 0x33, 0x13, 0x44, 0x91, 0x3b, 0xb3, 0x33, 0xb2, 0x2b, 0xd3, 0x2b, 0x51, 0x13,
  0x8f, 0x02, 0xd0, 0x0a, 0xf0, 0x0a, 0x57, 0x0c, 0xbb, 0x1d, 0xf5, 0x03, 0x73, 0x03, 0xf6, 0x03,
  0x16, 0x04, 0xd5, 0x03, 0x57, 0x04, 0xfa, 0x04, 0xdc, 0x05, 0x3c, 0x16, 0x5d, 0x0e, 0xde, 0x16,
  0x5f, 0x3f, 0xff, 0xdf, 0xff, 0xcf, 0xff, 0xcf, 0xff, 0xef, 0xff, 0xe7, 0xff, 0xf7, 0xff, 0xcf,
  0xff, 0x77, 0x1f, 0x1f, 0xdd, 0x05, 0x1b, 0x15, 0x78, 0x0c, 0x3a, 0x05, 0xfa, 0x04, 0xb9, 0x04,
  0x58, 0x04, 0x99, 0x04, 0xb9, 0x04, 0x98, 0x04, 0xd5, 0x03, 0x57, 0x1c, 0x56, 0x24, 0x36, 0x1c,
  0x15, 0x1c, 0x16, 0x1c, 0x15, 0x1c, 0xd4, 0x1b, 0x15, 0x1c, 0xb4, 0x13, 0x93, 0x13, 0x92, 0x13,
  0xd4, 0x1b, 0x14, 0x1c, 0xf5, 0x1b, 0x15, 0x24, 0x13, 0x24, 0x10, 0x04, 0xd3, 0x34, 0x00, 0x00,
  0x13, 0x24, 0x16, 0x34, 0x15, 0x2c, 0xff, 0x07, 0x00, 0x00, 0x00, 0x00, 0x13, 0x24, 0x34, 0x2c,
  0x55, 0x24, 0x15, 0x2c, 0x35, 0x2c, 0x77, 0x2c, 0xd9, 0x34, 0x13, 0x24, 0xd3, 0x34, 0x75, 0x1c,
  0x14, 0x24, 0x13, 0x24, 0x96, 0x24, 0x75, 0x1c, 0x13, 0x24, 0x00, 0x00, 0x15, 0x24, 0x55, 0x24,
  0x15, 0x2c, 0x55, 0x05, 0xff, 0x07, 0x55, 0x05, 0x96, 0x24, 0xd3, 0x34, 0x54, 0x2c, 0x16, 0x1c,
  0x36, 0x24, 0x36, 0x24, 0x16, 0x1c, 0xb8, 0x2c, 0x15, 0x14, 0xd4, 0x13, 0x77, 0x14, 0x78, 0x0c,
  0xd6, 0x0b, 0x73, 0x03, 0xb9, 0x04, 0xdc, 0x15, 0xff, 0x3e, 0xbf, 0x87, 0x5f, 0x57, 0xb9, 0x14,
  0xb6, 0x03, 0x74, 0x03, 0x54, 0x03, 0x17, 0x04, 0x98, 0x0c, 0xf6, 0x03, 0xb9, 0x04, 0x3a, 0x0d,
  0xfa, 0x04, 0x7c, 0x0d, 0xfc, 0x05, 0x5f, 0x27, 0xbf, 0x57, 0xff, 0xd7, 0xff, 0xd7, 0xff, 0xbf,
  0xff, 0xbf, 0xff, 0xa7, 0xbf, 0x77, 0x7f, 0x5f, 0x9f, 0x57, 0x7e, 0x5f, 0x5f, 0x37, 0x7f, 0x2f,
  0x9f, 0x2f, 0xbe, 0x16, 0x7d, 0x26, 0x9e, 0x26, 0xf9, 0x0c, 0xd5, 0x03, 0x74, 0x03, 0xf5, 0x0b,
  0xf5, 0x03, 0x94, 0x03, 0x52, 0x03, 0x73, 0x0b, 0x93, 0x0b, 0x93, 0x13, 0xf4, 0x1b, 0xd3, 0x1b,
  0xb3, 0x1b, 0xf3, 0x1b, 0x72, 0x13, 0x30, 0x13, 0x10, 0x13, 0x30, 0x23, 0x31, 0x23, 0x72, 0x23,
  0x00, 0x00, 0x00, 0x00, 0x00, 0x00, 0x00, 0x00, 0x00, 0x00, 0x00, 0x00, 0x00, 0x00, 0x00, 0x00,
  0x00, 0x00, 0x00, 0x00, 0x00, 0x00, 0x00, 0x00, 0x00, 0x00, 0x00, 0x00, 0x00, 0x00, 0x00, 0x00,
  0x00, 0x00, 0x00, 0x00, 0x00, 0x00, 0x00, 0x00, 0x00, 0x00, 0x00, 0x00, 0x00, 0x00, 0x00, 0x00,
  0x00, 0x00, 0x00, 0x00, 0x00, 0x00, 0x00, 0x00, 0x00, 0x00, 0x00, 0x00, 0x00, 0x00, 0x00, 0x00,
  0x00, 0x00, 0x00, 0x00, 0x00, 0x00, 0x00, 0x00, 0x00, 0x00, 0x00, 0x00, 0x1f, 0x00, 0x00, 0x00,
  0xb5, 0x52, 0x10, 0x04, 0x1f, 0x00, 0x10, 0x44, 0x13, 0x44, 0x1f, 0x00, 0x92, 0x2b, 0xd2, 0x23,
  0xb2, 0x0b, 0x72, 0x0b, 0x8f, 0x0a, 0xcc, 0x09, 0x94, 0x13, 0xb9, 0x04, 0xd5, 0x03, 0x16, 0x04,
  0x58, 0x04, 0x57, 0x04, 0x99, 0x04, 0x98, 0x04, 0x77, 0x0c, 0xfc, 0x15, 0xdc, 0x0d, 0xbc, 0x0d,
  0x7d, 0x0e, 0x1e, 0x37, 0xff, 0x97, 0xff, 0xdf, 0xff, 0xef, 0xff, 0xf7, 0xff, 0xf7, 0xff, 0xdf,
  0xff, 0xef, 0xff, 0x87, 0x3f, 0x37, 0x7d, 0x16, 0xdb, 0x04, 0x38, 0x04, 0xda, 0x04, 0xfa, 0x04,
  0x58, 0x04, 0x38, 0x04, 0x38, 0x04, 0x99, 0x04, 0x58, 0x04, 0x57, 0x14, 0x98, 0x1c, 0xb8, 0x24,
  0x98, 0x24, 0x56, 0x1c, 0x16, 0x1c, 0x35, 0x24, 0x15, 0x1c, 0x93, 0x0b, 0x31, 0x0b, 0x73, 0x13,
  0x73, 0x0b, 0x93, 0x0b, 0xd4, 0x13, 0x15, 0x1c, 0x16, 0x1c, 0x15, 0x24, 0x75, 0x34, 0x17, 0x44,
  0x17, 0x24, 0x17, 0x44, 0x57, 0x2c, 0x15, 0x2c, 0xd3, 0x34, 0x17, 0x24, 0x55, 0x2c, 0x35, 0x2c,
  0x76, 0x2c, 0x56, 0x2c, 0x35, 0x2c, 0x55, 0x24, 0x36, 0x2c, 0x55, 0x24, 0x15, 0x34, 0x16, 0x34,
  0x36, 0x2c, 0x15, 0x2c, 0xff, 0x07, 0x15, 0x2c, 0x35, 0x2c, 0x15, 0x2c, 0x35, 0x2c, 0x16, 0x24,
  0x35, 0x2c, 0x54, 0x2c, 0xf4, 0x23, 0xd4, 0x23, 0xb4, 0x1b, 0x16, 0x24, 0xd4, 0x1b, 0x72, 0x13,
  0x31, 0x13, 0x31, 0x0b, 0x53, 0x0b, 0xb4, 0x0b, 0x53, 0x03, 0xf5, 0x03, 0xd8, 0x14, 0x77, 0x0c,
  0xf7, 0x03, 0xda, 0x04, 0x3d, 0x1e, 0x9f, 0x8f, 0xdf, 0x97, 0x1f, 0x57, 0x98, 0x14, 0x54, 0x03,
  0x75, 0x03, 0x95, 0x03, 0xb5, 0x03, 0xd6, 0x03, 0x99, 0x04, 0x17, 0x04, 0x17, 0x04, 0x99, 0x04,
  0x7b, 0x05, 0x3f, 0x2f, 0xbf, 0x4f, 0xbf, 0x5f, 0xff, 0xb7, 0xff, 0xe7, 0xff, 0xe7, 0xff, 0xcf,
  0x9f, 0x87, 0x9f, 0x77, 0xbf, 0x5f, 0xbf, 0x67, 0x5f, 0x67, 0xff, 0x97, 0xbe, 0x2e, 0xbc, 0x05,
  0xdf, 0x16, 0x5f, 0x27, 0xbe, 0x1e, 0x9b, 0x15, 0xf5, 0x03, 0x74, 0x03, 0xf1, 0x02, 0x52, 0x0b,
  0x73, 0x0b, 0x73, 0x0b, 0x52, 0x0b, 0x32, 0x0b, 0x10, 0x0b, 0xb3, 0x13, 0x92, 0x13, 0x92, 0x1b,
  0x52, 0x13, 0x92, 0x1b, 0x92, 0x1b, 0x92, 0x1b, 0x51, 0x13, 0x10, 0x1b, 0x50, 0x2b, 0x1f, 0x00,
  0x00, 0x00, 0x00, 0x00, 0x00, 0x00, 0x00, 0x00, 0x00, 0x00, 0x00, 0x00, 0x00, 0x00, 0x00, 0x00,
  0x00, 0x00, 0x00, 0x00, 0x00, 0x00, 0x00, 0x00, 0x00, 0x00, 0x00, 0x00, 0x00, 0x00, 0x00, 0x00,
  0x00, 0x00, 0x00, 0x00, 0x00, 0x00, 0x00, 0x00, 0x00, 0x00, 0x00, 0x00, 0x00, 0x00, 0x00, 0x00,
  0x00, 0x00, 0x00, 0x00, 0x00, 0x00, 0x00, 0x00, 0x00, 0x00, 0x00, 0x00, 0x00, 0x00, 0x1f, 0x00,
  0x1f, 0x00, 0x1f, 0x00, 0x00, 0x00, 0x00, 0x00, 0x00, 0x00, 0x00, 0x00, 0x00, 0x00, 0x00, 0x00,
  0x00, 0x00, 0x00, 0x00, 0x00, 0x00, 0x00, 0x00, 0x00, 0x00, 0x13, 0x44, 0xb2, 0x2b, 0x0f, 0x1b,
  0xd1, 0x0b, 0x1b, 0x26, 0x5c, 0x26, 0x72, 0x03, 0xb0, 0x0a, 0xbc, 0x15, 0xb8, 0x1c, 0x74, 0x03,
  0xb5, 0x03, 0x98, 0x04, 0x16, 0x04, 0x16, 0x04, 0x56, 0x0c, 0x5a, 0x0d, 0x5a, 0x05, 0xfa, 0x04,
  0x7c, 0x2e, 0xbd, 0x16, 0x5f, 0x2f, 0x7e, 0x6f, 0xdf, 0xaf, 0xff, 0xe7, 0xff, 0xf7, 0xff, 0xf7,
  0xff, 0xef, 0xff, 0xf7, 0xff, 0xbf, 0xbf, 0x4f, 0x1f, 0x17, 0x3b, 0x05, 0xfb, 0x04, 0x1b, 0x05,
  0xdb, 0x04, 0xda, 0x04, 0x38, 0x04, 0x17, 0x04, 0x79, 0x04, 0x95, 0x0b, 0x58, 0x14, 0x77, 0x14,
  0x36, 0x14, 0x16, 0x14, 0x56, 0x1c, 0x77, 0x24, 0x15, 0x24, 0x15, 0x1c, 0xb4, 0x13, 0x36, 0x1c,
  0xd5, 0x13, 0x94, 0x0b, 0x73, 0x0b, 0xb4, 0x0b, 0xf5, 0x0b, 0xb3, 0x13, 0xf5, 0x1b, 0x56, 0x24,
  0x36, 0x2c, 0x15, 0x2c, 0x35, 0x2c, 0x15, 0x2c, 0x15, 0x2c, 0xd3, 0x34, 0x15, 0x2c, 0x57, 0x2c,
  0x76, 0x24, 0x36, 0x2c, 0x56, 0x24, 0x97, 0x34, 0xb7, 0x2c, 0x96, 0x24, 0x57, 0x2c, 0x55, 0x34,
  0x35, 0x24, 0x35, 0x24, 0xff, 0x07, 0x34, 0x2c, 0xf5, 0x23, 0xff, 0x07, 0x15, 0x24, 0xf5, 0x1b,
  0xf5, 0x1b, 0x52, 0x13, 0xd0, 0x0a, 0x11, 0x0b, 0x52, 0x0b, 0xb4, 0x13, 0xd4, 0x0b, 0xd4, 0x13,
  0x73, 0x0b, 0x32, 0x03, 0xb0, 0x02, 0xf1, 0x02, 0xf6, 0x03, 0xd9, 0x14, 0x5b, 0x15, 0x3b, 0x05,
  0xfc, 0x25, 0x7e, 0xb7, 0xff, 0xd7, 0xff, 0xcf, 0x3c, 0x2e, 0xb6, 0x03, 0xd7, 0x03, 0xb6, 0x03,
  0x99, 0x0c, 0x1a, 0x0d, 0xda, 0x0c, 0x79, 0x04, 0x99, 0x04, 0xd6, 0x03, 0x98, 0x04, 0x5d, 0x16,
  0x3f, 0x2f, 0xff, 0x57, 0xdf, 0x67, 0xff, 0xcf, 0xff, 0xdf, 0xff, 0xdf, 0xff, 0xd7, 0xdf, 0x7f,
  0xfe, 0x36, 0xbf, 0x5f, 0xdf, 0x67, 0x9f, 0x6f, 0x9e, 0x26, 0xbc, 0x15, 0x5b, 0x0d, 0x1b, 0x05,
  0xbc, 0x15, 0x3d, 0x1e, 0x3a, 0x0d, 0x77, 0x0c, 0x73, 0x03, 0x73, 0x03, 0x12, 0x03, 0x73, 0x0b,
  0x11, 0x0b, 0x31, 0x0b, 0x32, 0x13, 0x31, 0x13, 0x11, 0x0b, 0x93, 0x1b, 0x92, 0x1b, 0x72, 0x1b,
  0x51, 0x1b, 0x72, 0x1b, 0x72, 0x13, 0x71, 0x23, 0x51, 0x13, 0xb2, 0x23, 0x70, 0x23, 0x30, 0x23,
  0x00, 0x00, 0x00, 0x00, 0x00, 0x00, 0x00, 0x00, 0x00, 0x00, 0x00, 0x00, 0x00, 0x00, 0x00, 0x00,
  0x00, 0x00, 0x00, 0x00, 0x00, 0x00, 0x00, 0x00, 0x00, 0x00, 0x00, 0x00, 0x00, 0x00, 0x00, 0x00,
  0x00, 0x00, 0x00, 0x00, 0x00, 0x00, 0x00, 0x00, 0x00, 0x00, 0x00, 0x00, 0x00, 0x00, 0x00, 0x00,
  0x00, 0x00, 0x00, 0x00, 0x00, 0x00, 0x00, 0x00, 0x00, 0x00, 0x10, 0x54, 0x4f, 0x43, 0x6f, 0x3b,
  0x2f, 0x3b, 0xb5, 0x52, 0x1f, 0x00, 0x00, 0x00, 0xb5, 0x52, 0x00, 0x00, 0x00, 0x00, 0x00, 0x00,
  0x00, 0x00, 0x00, 0x00, 0x00, 0x00, 0x10, 0x04, 0x00, 0x00, 0xd3, 0x34, 0x10, 0x23, 0x2b, 0x12,
  0x99, 0x35, 0xbf, 0x7f, 0x3e, 0x4f, 0xb6, 0x0c, 0x52, 0x0b, 0x17, 0x0c, 0xf2, 0x02, 0x13, 0x03,
  0xd5, 0x03, 0xf5, 0x03, 0x94, 0x03, 0xb5, 0x03, 0xf6, 0x03, 0x36, 0x04, 0xd8, 0x0c, 0x37, 0x04,
  0xf9, 0x04, 0xdb, 0x0d, 0x3d, 0x0e, 0xdd, 0x26, 0x3e, 0x47, 0xff, 0xd7, 0xff, 0xef, 0xff, 0xef,
  0xff, 0xf7, 0xff, 0xe7, 0xff, 0xe7, 0xff, 0xe7, 0xff, 0xb7, 0x7f, 0x6f, 0x5e, 0x1e, 0x3c, 0x0d,
  0x3c, 0x05, 0xde, 0x15, 0xdd, 0x15, 0xba, 0x0c, 0xfb, 0x04, 0x17, 0x0c, 0x17, 0x0c, 0x37, 0x0c,
  0x37, 0x0c, 0x57, 0x14, 0xb8, 0x14, 0x57, 0x14, 0xd5, 0x13, 0xf5, 0x13, 0xd4, 0x13, 0xf5, 0x13,
  0xf5, 0x1b, 0xf5, 0x1b, 0xf5, 0x13, 0x94, 0x0b, 0x16, 0x0c, 0x37, 0x14, 0xd6, 0x13, 0xf5, 0x13,
  0xd4, 0x1b, 0xd4, 0x1b, 0x35, 0x2c, 0xf5, 0x23, 0x15, 0x24, 0x56, 0x2c, 0x36, 0x24, 0x36, 0x24,
  0x16, 0x2c, 0x56, 0x24, 0x35, 0x1c, 0x35, 0x24, 0x15, 0x24, 0x35, 0x2c, 0x15, 0x24, 0x35, 0x24,
  0xf4, 0x23, 0xf4, 0x1b, 0x15, 0x24, 0xf4, 0x23, 0xb4, 0x1b, 0x15, 0x24, 0x93, 0x1b, 0x32, 0x0b,
  0x52, 0x13, 0x73, 0x0b, 0x52, 0x0b, 0x93, 0x03, 0x73, 0x03, 0x94, 0x0b, 0x94, 0x03, 0x74, 0x03,
  0x73, 0x03, 0x74, 0x03, 0x73, 0x03, 0xb5, 0x03, 0xb9, 0x0c, 0x1b, 0x05, 0x5b, 0x0d, 0x3d, 0x36,
  0xff, 0xcf, 0xff, 0xcf, 0xdc, 0x35, 0x79, 0x04, 0xf8, 0x0b, 0xb9, 0x14, 0x58, 0x0c, 0x17, 0x0c,
  0x99, 0x0c, 0xfa, 0x0c, 0xda, 0x04, 0xba, 0x04, 0xb9, 0x04, 0x98, 0x04, 0xfc, 0x0d, 0x5f, 0x3f,
  0xdf, 0x6f, 0x9f, 0x7f, 0xfe, 0xd7, 0xff, 0xd7, 0xbf, 0x6f, 0xbf, 0xb7, 0x7f, 0x4f, 0x3f, 0x27,
  0x7d, 0x0e, 0x5d, 0x16, 0x7e, 0x26, 0xfc, 0x15, 0x9a, 0x05, 0x1a, 0x0d, 0xb9, 0x0c, 0xb8, 0x0c,
  0x56, 0x0c, 0xb4, 0x03, 0x73, 0x03, 0x54, 0x03, 0x53, 0x0b, 0x12, 0x03, 0xb4, 0x13, 0x56, 0x1c,
  0x52, 0x13, 0xf4, 0x1b, 0xf4, 0x1b, 0x93, 0x13, 0x72, 0x1b, 0x13, 0x24, 0x52, 0x2b, 0x31, 0x23,
  0x91, 0x1b, 0x31, 0x23, 0x72, 0x1b, 0x50, 0x23, 0xb2, 0x2b, 0x34, 0x1c, 0xd2, 0x1b, 0x70, 0x1b,
  0x00, 0x00, 0x00, 0x00, 0x00, 0x00, 0x00, 0x00, 0x00, 0x00, 0x00, 0x00, 0x00, 0x00, 0x00, 0x00,
  0x00, 0x00, 0x00, 0x00, 0x00, 0x00, 0x00, 0x00, 0x00, 0x00, 0x00, 0x00, 0x00, 0x00, 0x00, 0x00,
  0x00, 0x00, 0x00, 0x00, 0x00, 0x00, 0x00, 0x00, 0x00, 0x00, 0x00, 0x00, 0x00, 0x00, 0x00, 0x00,
  0x00, 0x00, 0x00, 0x00, 0x00, 0x00, 0x00, 0x00, 0x00, 0x00, 0x10, 0x43, 0x00, 0x00, 0x00, 0x00,
  0x00, 0x00, 0x00, 0x00, 0x00, 0x00, 0x00, 0x00, 0x00, 0x00, 0x1f, 0x00, 0x00, 0x00, 0x33, 0x33,
  0x10, 0x43, 0x1f, 0x00, 0x1f, 0x00, 0xb5, 0x52, 0x1f, 0x00, 0x92, 0x2b, 0xae, 0x12, 0x30, 0x13,
  0x99, 0x3d, 0x7f, 0x6f, 0xbe, 0x3e, 0xda, 0x25, 0x96, 0x14, 0x97, 0x04, 0x36, 0x0c, 0xd8, 0x14,
  0x56, 0x14, 0x32, 0x03, 0x73, 0x03, 0xd4, 0x03, 0x14, 0x04, 0x94, 0x03, 0x98, 0x04, 0xbc, 0x0d,
  0xbd, 0x0d, 0xfd, 0x0d, 0x1d, 0x0e, 0x5e, 0x16, 0xdf, 0x1e, 0x5c, 0x1e, 0xbe, 0x8f, 0xff, 0xcf,
  0xff, 0xd7, 0xff, 0xe7, 0xff, 0xdf, 0xff, 0xe7, 0xff, 0xdf, 0xff, 0xdf, 0xbf, 0xaf, 0x1e, 0x27,
  0xbf, 0x06, 0x5e, 0x07, 0x1c, 0x06, 0x3c, 0x05, 0xbc, 0x05, 0x7b, 0x0d, 0x3a, 0x0d, 0xfa, 0x0c,
  0xf6, 0x03, 0x78, 0x0c, 0x37, 0x0c, 0x17, 0x0c, 0xd9, 0x14, 0x37, 0x04, 0xd5, 0x03, 0xb4, 0x03,
  0x15, 0x0c, 0x15, 0x14, 0xd4, 0x0b, 0xf5, 0x13, 0xb4, 0x13, 0x94, 0x13, 0x93, 0x13, 0xf4, 0x13,
  0xf5, 0x1b, 0xd4, 0x1b, 0xf4, 0x1b, 0x93, 0x0b, 0xb4, 0x03, 0x73, 0x03, 0x33, 0x03, 0x73, 0x03,
  0xb5, 0x0b, 0xd4, 0x0b, 0xb3, 0x0b, 0xb3, 0x0b, 0xb4, 0x0b, 0xf5, 0x1b, 0xd4, 0x13, 0x93, 0x0b,
  0x73, 0x0b, 0x73, 0x0b, 0xb4, 0x13, 0xd4, 0x13, 0x74, 0x13, 0x77, 0x1c, 0x15, 0x0c, 0x15, 0x14,
  0x15, 0x14, 0xd5, 0x0b, 0xf5, 0x0b, 0x15, 0x0c, 0xd4, 0x0b, 0x73, 0x03, 0x52, 0x03, 0x93, 0x03,
  0x15, 0x04, 0xf9, 0x04, 0x97, 0x04, 0x56, 0x04, 0x37, 0x04, 0x75, 0x03, 0xd6, 0x03, 0x75, 0x03,
  0xd9, 0x0c, 0x9a, 0x0d, 0x98, 0x0c, 0xd6, 0x03, 0x74, 0x03, 0x58, 0x04, 0x17, 0x04, 0xb5, 0x03,
  0x98, 0x04, 0x9b, 0x0d, 0x3a, 0x05, 0x98, 0x04, 0x98, 0x04, 0x5c, 0x06, 0xbe, 0x1e, 0x1e, 0x5f,
  0xff, 0xbf, 0xff, 0xe7, 0xff, 0xc7, 0xff, 0xbf, 0xbf, 0x77, 0xbf, 0x16, 0x1b, 0x05, 0x9d, 0x0d,
  0xfe, 0x15, 0x3e, 0x16, 0xbd, 0x0d, 0xfa, 0x04, 0x78, 0x04, 0x95, 0x03, 0x74, 0x03, 0xd5, 0x03,
  0x32, 0x03, 0x8f, 0x02, 0x32, 0x03, 0xf5, 0x0b, 0xb4, 0x0b, 0x71, 0x0b, 0xcf, 0x0a, 0xef, 0x12,
  0x92, 0x23, 0x52, 0x2b, 0xb2, 0x23, 0x10, 0x44, 0x10, 0x04, 0xb3, 0x23, 0x92, 0x23, 0xb1, 0x33,
  0x72, 0x23, 0x72, 0x23, 0x10, 0x04, 0x00, 0x00, 0x10, 0x04, 0x2f, 0x23, 0x30, 0x23, 0x0f, 0x1b,
  0x00, 0x00, 0x00, 0x00, 0x00, 0x00, 0x00, 0x00, 0x00, 0x00, 0x00, 0x00, 0x00, 0x00, 0x00, 0x00,
  0x00, 0x00, 0x00, 0x00, 0x00, 0x00, 0x00, 0x00, 0x00, 0x00, 0x00, 0x00, 0x00, 0x00, 0x00, 0x00,
  0x00, 0x00, 0x00, 0x00, 0x00, 0x00, 0x00, 0x00, 0x00, 0x00, 0x00, 0x00, 0x00, 0x00, 0x00, 0x00,
  0x00, 0x00, 0x00, 0x00, 0x00, 0x00, 0x00, 0x00, 0x00, 0x00, 0x00, 0x00, 0x00, 0x00, 0x00, 0x00,
  0x00, 0x00, 0x00, 0x00, 0x00, 0x00, 0x00, 0x00, 0x72, 0x4b, 0x00, 0x00, 0x1f, 0x00, 0x91, 0x3b,
  0x10, 0x44, 0x00, 0x00, 0x00, 0x00, 0x1f, 0x00, 0x91, 0x3b, 0x10, 0x23, 0x72, 0x1b, 0x93, 0x13,
  0xf5, 0x1b, 0xf8, 0x1c, 0xd4, 0x03, 0xcf, 0x02, 0xf1, 0x0a, 0x57, 0x0c, 0x93, 0x0b, 0xd4, 0x0b,
  0x15, 0x0c, 0x93, 0x03, 0x52, 0x03, 0xf1, 0x02, 0x32, 0x03, 0xd5, 0x03, 0x36, 0x04, 0x37, 0x0c,
  0xd9, 0x04, 0x1a, 0x05, 0x5b, 0x05, 0x1b, 0x05, 0xfa, 0x04, 0xbc, 0x15, 0xde, 0x26, 0x7e, 0x77,
  0xdf, 0xd7, 0xff, 0xe7, 0xff, 0xef, 0xff, 0xe7, 0xff, 0xe7, 0xff, 0xe7, 0xff, 0xff, 0xff, 0xef,
  0x9f, 0x6f, 0x3f, 0x1f, 0x7e, 0x06, 0xbe, 0x16, 0x5d, 0x0e, 0x5b, 0x05, 0xbc, 0x0d, 0x3a, 0x05,
  0x1a, 0x0d, 0x5b, 0x0d, 0x79, 0x0c, 0xd6, 0x0b, 0x78, 0x04, 0xb9, 0x0c, 0x38, 0x04, 0x54, 0x03,
  0x54, 0x03, 0x98, 0x0c, 0xf5, 0x0b, 0x32, 0x0b, 0x73, 0x13, 0x73, 0x0b, 0x52, 0x0b, 0x72, 0x0b,
  0x72, 0x0b, 0x52, 0x03, 0xb3, 0x13, 0x73, 0x13, 0x93, 0x0b, 0x53, 0x03, 0x33, 0x03, 0x53, 0x03,
  0x74, 0x03, 0x94, 0x03, 0xb4, 0x03, 0xb4, 0x0b, 0xb5, 0x0b, 0xd4, 0x13, 0xb4, 0x13, 0x73, 0x0b,
  0x73, 0x0b, 0x32, 0x0b, 0xb5, 0x0b, 0xf5, 0x0b, 0x74, 0x03, 0xd9, 0x14, 0x93, 0x0b, 0x53, 0x03,
  0x98, 0x0c, 0x78, 0x0c, 0x16, 0x0c, 0x54, 0x03, 0x73, 0x03, 0xd5, 0x03, 0xb4, 0x03, 0x57, 0x04,
  0x78, 0x04, 0x57, 0x04, 0xf6, 0x03, 0x36, 0x04, 0x1a, 0x05, 0xb5, 0x03, 0x58, 0x04, 0x9a, 0x0c,
  0xb6, 0x03, 0xb5, 0x03, 0xf6, 0x03, 0x95, 0x03, 0xf6, 0x03, 0x78, 0x04, 0xda, 0x04, 0x7b, 0x0d,
  0x3a, 0x15, 0xbb, 0x0d, 0xfa, 0x04, 0x1a, 0x05, 0x1c, 0x1e, 0x9e, 0x2e, 0x5f, 0x7f, 0xff, 0xe7,
  0xff, 0xff, 0xff, 0xa7, 0x7f, 0x5f, 0xdf, 0x67, 0xbf, 0x77, 0xfd, 0x15, 0x1d, 0x0e, 0xff, 0x26,
  0x3e, 0x16, 0x9d, 0x05, 0x9c, 0x05, 0x78, 0x04, 0xb5, 0x0b, 0x53, 0x03, 0xf6, 0x03, 0xb5, 0x03,
  0x33, 0x03, 0x73, 0x0b, 0xb4, 0x0b, 0x31, 0x0b, 0xf0, 0x0a, 0xaf, 0x0a, 0x10, 0x1b, 0x91, 0x2b,
  0xb3, 0x23, 0xb5, 0x02, 0x10, 0x44, 0x00, 0x00, 0xb1, 0x2b, 0x91, 0x3b, 0x1f, 0x00, 0x00, 0x00,
  0x00, 0x00, 0x00, 0x00, 0x00, 0x00, 0x00, 0x00, 0x00, 0x00, 0x00, 0x00, 0x70, 0x23, 0x50, 0x23,
  0x00, 0x00, 0x00, 0x00, 0x00, 0x00, 0x00, 0x00, 0x00, 0x00, 0x00, 0x00, 0x00, 0x00, 0x00, 0x00,
  0x00, 0x00, 0x00, 0x00, 0x00, 0x00, 0x00, 0x00, 0x00, 0x00, 0x00, 0x00, 0x00, 0x00, 0x00, 0x00,
  0x00, 0x00, 0x00, 0x00, 0x00, 0x00, 0x00, 0x00, 0x00, 0x00, 0x00, 0x00, 0x00, 0x00, 0x00, 0x00,
  0x00, 0x00, 0x00, 0x00, 0x00, 0x00, 0x00, 0x00, 0x00, 0x00, 0x00, 0x00, 0x00, 0x00, 0x00, 0x00,
  0x00, 0x00, 0x00, 0x00, 0x00, 0x00, 0x00, 0x00, 0x00, 0x00, 0x00, 0x00, 0x10, 0x44, 0x00, 0x00,
  0x00, 0x00, 0x00, 0x00, 0x00, 0x00, 0x00, 0x00, 0x1f, 0x00, 0x92, 0x33, 0xb3, 0x23, 0x73, 0x1b,
  0x11, 0x13, 0x11, 0x0b, 0x56, 0x0c, 0x55, 0x0c, 0xb4, 0x13, 0x78, 0x14, 0x36, 0x14, 0x77, 0x14,
  0x77, 0x0c, 0xf4, 0x03, 0xf5, 0x0b, 0xf4, 0x13, 0x11, 0x0b, 0x98, 0x0c, 0x74, 0x03, 0x33, 0x03,
  0xd6, 0x03, 0xb9, 0x04, 0xfa, 0x04, 0x3b, 0x05, 0xfb, 0x04, 0x39, 0x15, 0xdd, 0x26, 0xbf, 0x16,
  0xfe, 0x1e, 0x5f, 0x67, 0xff, 0xcf, 0xff, 0xe7, 0xff, 0xcf, 0xff, 0xdf, 0xff, 0xd7, 0xff, 0xef,
  0xff, 0xf7, 0xff, 0xef, 0x9f, 0x87, 0x7f, 0x27, 0xde, 0x0e, 0x99, 0x04, 0xfa, 0x0c, 0xba, 0x04,
  0x5b, 0x05, 0x7b, 0x0d, 0x9b, 0x0d, 0xfa, 0x0c, 0xb9, 0x0c, 0xd6, 0x03, 0xb5, 0x03, 0x74, 0x03,
  0x94, 0x03, 0x58, 0x04, 0x37, 0x04, 0xd5, 0x0b, 0x94, 0x0b, 0x16, 0x0c, 0x73, 0x03, 0x11, 0x0b,
  0x72, 0x0b, 0x12, 0x03, 0x52, 0x03, 0x73, 0x0b, 0x93, 0x0b, 0xd5, 0x03, 0xf5, 0x03, 0x73, 0x03,
  0x73, 0x03, 0x73, 0x03, 0x94, 0x03, 0x53, 0x03, 0x33, 0x03, 0x15, 0x0c, 0x73, 0x0b, 0x94, 0x0b,
  0xd5, 0x0b, 0x32, 0x0b, 0x73, 0x03, 0x94, 0x03, 0x12, 0x03, 0x94, 0x03, 0xd5, 0x0b, 0x16, 0x0c,
  0x58, 0x0c, 0xb5, 0x03, 0x54, 0x03, 0xb5, 0x0b, 0xd6, 0x03, 0xb9, 0x04, 0x98, 0x04, 0x77, 0x04,
  0x98, 0x04, 0xf5, 0x03, 0x74, 0x03, 0x32, 0x03, 0x33, 0x03, 0x38, 0x04, 0x37, 0x04, 0x37, 0x04,
  0x74, 0x03, 0x75, 0x03, 0xd6, 0x03, 0xb6, 0x03, 0xf6, 0x03, 0xda, 0x04, 0xfb, 0x0c, 0x3b, 0x0d,
  0x99, 0x04, 0xda, 0x04, 0xbb, 0x05, 0x5d, 0x1e, 0x5f, 0x47, 0xff, 0xdf, 0xff, 0xef, 0xff, 0xef,
  0xdf, 0x7f, 0x7f, 0x5f, 0xdf, 0x67, 0x9f, 0x5f, 0xde, 0x2e, 0x1f, 0x37, 0x5e, 0x1e, 0x1e, 0x16,
  0x3b, 0x0d, 0x9a, 0x04, 0x57, 0x04, 0xb5, 0x03, 0xf2, 0x02, 0x94, 0x03, 0xd5, 0x03, 0x94, 0x03,
  0x94, 0x03, 0x16, 0x0c, 0xb3, 0x0b, 0x8f, 0x02, 0x6e, 0x02, 0x12, 0x2c, 0x93, 0x23, 0x1f, 0x00,
  0x13, 0x24, 0x00, 0x00, 0xb5, 0x02, 0x10, 0x44, 0x10, 0x2c, 0x00, 0x00, 0x00, 0x00, 0x00, 0x00,
  0x00, 0x00, 0x00, 0x00, 0x00, 0x00, 0x00, 0x00, 0x10, 0x44, 0x00, 0x00, 0x1f, 0x00, 0x00, 0x00,
  0x00, 0x00, 0x00, 0x00, 0x00, 0x00, 0x00, 0x00, 0x00, 0x00, 0x00, 0x00, 0x00, 0x00, 0x00, 0x00,
  0x00, 0x00, 0x00, 0x00, 0x00, 0x00, 0x00, 0x00, 0x00, 0x00, 0x00, 0x00, 0x00, 0x00, 0x00, 0x00,
  0x00, 0x00, 0x00, 0x00, 0x00, 0x00, 0x00, 0x00, 0x00, 0x00, 0x00, 0x00, 0x00, 0x00, 0x00, 0x00,
  0x00, 0x00, 0x00, 0x00, 0x00, 0x00, 0x00, 0x00, 0x00, 0x00, 0x00, 0x00, 0x00, 0x00, 0x00, 0x00,
  0x00, 0x00, 0x00, 0x00, 0x00, 0x00, 0x00, 0x00, 0x2c, 0x33, 0x00, 0x00, 0x00, 0x00, 0x00, 0x00,
  0x00, 0x00, 0x00, 0x00, 0x00, 0x00, 0x91, 0x3b, 0x71, 0x33, 0x52, 0x23, 0x31, 0x23, 0xf0, 0x1a,
  0xf1, 0x1a, 0x11, 0x1b, 0xf4, 0x13, 0x36, 0x14, 0x72, 0x0b, 0xd4, 0x0b, 0x16, 0x14, 0x56, 0x0c,
  0xd4, 0x0b, 0xb4, 0x03, 0xd8, 0x14, 0xdb, 0x2d, 0x15, 0x0c, 0xd5, 0x0b, 0x12, 0x03, 0x94, 0x03,
  0xd6, 0x03, 0x37, 0x04, 0x57, 0x04, 0xb9, 0x04, 0xbd, 0x05, 0xb8, 0x04, 0x5a, 0x0d, 0x7d, 0x16,
  0xdf, 0x0e, 0x9b, 0x05, 0x5f, 0x77, 0xff, 0xd7, 0xff, 0xe7, 0xff, 0xf7, 0xff, 0xef, 0xff, 0xc7,
  0xff, 0xcf, 0xff, 0xef, 0xff, 0xef, 0xff, 0xc7, 0x7f, 0x37, 0xde, 0x16, 0xdd, 0x05, 0x5c, 0x05,
  0x1b, 0x05, 0x99, 0x04, 0x78, 0x04, 0x7b, 0x15, 0x9b, 0x0d, 0x3a, 0x0d, 0xd9, 0x0c, 0x37, 0x04,
  0xd6, 0x03, 0x33, 0x03, 0x74, 0x03, 0x37, 0x04, 0x37, 0x0c, 0xd9, 0x14, 0xf5, 0x0b, 0x94, 0x03,
  0xd4, 0x0b, 0x73, 0x03, 0x11, 0x03, 0x12, 0x03, 0x53, 0x03, 0x33, 0x03, 0x73, 0x03, 0x53, 0x03,
  0x94, 0x03, 0x94, 0x03, 0x95, 0x03, 0xd5, 0x03, 0xf6, 0x03, 0x94, 0x03, 0x11, 0x03, 0xb0, 0x02,
  0xf1, 0x02, 0xd0, 0x02, 0xb0, 0x02, 0xf1, 0x02, 0x53, 0x03, 0x53, 0x03, 0xb5, 0x03, 0x16, 0x04,
  0xf6, 0x03, 0xb5, 0x03, 0x95, 0x03, 0xd5, 0x03, 0xd6, 0x03, 0x16, 0x04, 0xb5, 0x03, 0x32, 0x03,
  0x33, 0x03, 0x94, 0x03, 0x95, 0x03, 0xd6, 0x03, 0xf6, 0x03, 0x59, 0x04, 0x37, 0x04, 0xd6, 0x03,
  0x16, 0x04, 0xf6, 0x03, 0x38, 0x04, 0x78, 0x04, 0x17, 0x04, 0xfa, 0x0c, 0x78, 0x04, 0xd9, 0x04,
  0xdc, 0x0d, 0xdd, 0x1e, 0x9f, 0x47, 0x7f, 0x6f, 0xbf, 0x67, 0xff, 0xe7, 0xbf, 0x87, 0x1d, 0x57,
  0x1e, 0x47, 0xff, 0xa7, 0x9f, 0x7f, 0x5f, 0x3f, 0xbf, 0x1e, 0xbf, 0x36, 0x3e, 0x16, 0xbd, 0x05,
  0xb9, 0x04, 0x1a, 0x0d, 0xfa, 0x0c, 0x37, 0x04, 0xb6, 0x03, 0xf5, 0x03, 0x12, 0x03, 0x11, 0x03,
  0x73, 0x03, 0x73, 0x03, 0xf1, 0x02, 0xf0, 0x02, 0x11, 0x0b, 0xb3, 0x23, 0xb4, 0x2b, 0xb1, 0x2b,
  0xd2, 0x2b, 0x1f, 0x00, 0x00, 0x00, 0x00, 0x00, 0x1f, 0x00, 0x33, 0x33, 0x10, 0x04, 0x00, 0x00,
  0x00, 0x00, 0x00, 0x00, 0x00, 0x00, 0x00, 0x00, 0x1f, 0x00, 0x00, 0x00, 0x00, 0x00, 0x00, 0x00,
  0x00, 0x00, 0x00, 0x00, 0x00, 0x00, 0x00, 0x00, 0x00, 0x00, 0x00, 0x00, 0x00, 0x00, 0x00, 0x00,
  0x00, 0x00, 0x00, 0x00, 0x00, 0x00, 0x00, 0x00, 0x00, 0x00, 0x00, 0x00, 0x00, 0x00, 0x00, 0x00,
  0x00, 0x00, 0x00, 0x00, 0x00, 0x00, 0x00, 0x00, 0x00, 0x00, 0x00, 0x00, 0x00, 0x00, 0x00, 0x00,
  0x00, 0x00, 0x00, 0x00, 0x00, 0x00, 0x00, 0x00, 0x00, 0x00, 0x00, 0x00, 0x00, 0x00, 0x00, 0x00,
  0x00, 0x00, 0x00, 0x00, 0x00, 0x00, 0x00, 0x00, 0x00, 0x00, 0x00, 0x00, 0x10, 0x04, 0x10, 0x04,
  0x00, 0x00, 0x1f, 0x00, 0x10, 0x43, 0x2f, 0x2b, 0x2f, 0x2b, 0x71, 0x2b, 0x52, 0x33, 0x51, 0x23,
  0x72, 0x2b, 0x71, 0x2b, 0x92, 0x1b, 0x31, 0x13, 0x8e, 0x0a, 0xcf, 0x0a, 0x32, 0x0b, 0x93, 0x0b,
  0x32, 0x03, 0x31, 0x03, 0xd4, 0x0b, 0xd8, 0x1c, 0x97, 0x1c, 0xf1, 0x02, 0x6f, 0x02, 0x16, 0x04,
  0x78, 0x04, 0xb5, 0x03, 0x33, 0x03, 0x37, 0x04, 0x7c, 0x05, 0xb9, 0x04, 0x78, 0x04, 0x5c, 0x16,
  0x5f, 0x3f, 0x7f, 0x37, 0x3e, 0x1f, 0x1e, 0x2f, 0x9f, 0x77, 0x9f, 0xaf, 0xff, 0xf7, 0xff, 0xff,
  0xff, 0xe7, 0xff, 0xd7, 0xff, 0xe7, 0xff, 0xef, 0xdf, 0xef, 0xbf, 0x67, 0x1f, 0x27, 0xff, 0x1e,
  0x1f, 0x2f, 0x1d, 0x16, 0xfa, 0x04, 0x5b, 0x05, 0xfa, 0x04, 0x3a, 0x0d, 0xdc, 0x1d, 0xd9, 0x04,
  0x17, 0x04, 0x99, 0x04, 0x98, 0x0c, 0x94, 0x03, 0xb5, 0x03, 0x99, 0x04, 0xb8, 0x04, 0x58, 0x04,
  0x37, 0x04, 0x17, 0x04, 0xb5, 0x03, 0xf6, 0x03, 0xb9, 0x0c, 0x16, 0x04, 0xb5, 0x03, 0xf6, 0x03,
  0xd5, 0x03, 0xd5, 0x03, 0x16, 0x04, 0x57, 0x04, 0x78, 0x04, 0xb5, 0x03, 0x12, 0x03, 0xf2, 0x02,
  0x12, 0x03, 0x53, 0x03, 0x53, 0x03, 0xf6, 0x03, 0x37, 0x04, 0x73, 0x03, 0x32, 0x03, 0x94, 0x03,
  0xb5, 0x03, 0xb5, 0x03, 0xd5, 0x03, 0xd5, 0x03, 0x54, 0x03, 0xf6, 0x03, 0x37, 0x04, 0x95, 0x03,
  0x95, 0x03, 0x99, 0x04, 0x3b, 0x05, 0xd9, 0x04, 0xd9, 0x0c, 0x58, 0x04, 0x98, 0x04, 0x1a, 0x05,
  0x79, 0x04, 0xf7, 0x03, 0x18, 0x04, 0x99, 0x04, 0x5b, 0x05, 0x1c, 0x16, 0x7d, 0x16, 0x1e, 0x37,
  0xbf, 0x6f, 0xff, 0xc7, 0xdf, 0x9f, 0xff, 0xc7, 0xff, 0xe7, 0xbf, 0x87, 0x7d, 0x2e, 0x7e, 0x77,
  0xdf, 0x97, 0x9f, 0x57, 0x1c, 0x0e, 0xdd, 0x0d, 0x3d, 0x16, 0x5b, 0x15, 0xfa, 0x0c, 0x79, 0x04,
  0x17, 0x04, 0x9c, 0x1d, 0xdf, 0x46, 0x78, 0x0c, 0x54, 0x03, 0x16, 0x0c, 0x15, 0x0c, 0xf1, 0x02,
  0xb0, 0x02, 0xb4, 0x0b, 0xb4, 0x13, 0x73, 0x0b, 0x93, 0x13, 0x92, 0x23, 0x13, 0x34, 0x1f, 0x00,
  0xb5, 0x02, 0x00, 0x00, 0x00, 0x00, 0x00, 0x00, 0x10, 0x04, 0x10, 0x04, 0x1f, 0x00, 0x00, 0x00,
  0x00, 0x00, 0x00, 0x00, 0x00, 0x00, 0x00, 0x00, 0x00, 0x00, 0x00, 0x00, 0x00, 0x00, 0x00, 0x00,
  0x00, 0x00, 0x00, 0x00, 0x00, 0x00, 0x00, 0x00, 0x00, 0x00, 0x00, 0x00, 0x00, 0x00, 0x00, 0x00,
  0x00, 0x00, 0x00, 0x00, 0x00, 0x00, 0x00, 0x00, 0x00, 0x00, 0x00, 0x00, 0x00, 0x00, 0x00, 0x00,
  0x00, 0x00, 0x00, 0x00, 0x00, 0x00, 0x00, 0x00, 0x00, 0x00, 0x00, 0x00, 0x00, 0x00, 0x00, 0x00,
  0x00, 0x00, 0x00, 0x00, 0x00, 0x00, 0x00, 0x00, 0x00, 0x00, 0x00, 0x00, 0x00, 0x00, 0x00, 0x00,
  0x00, 0x00, 0x00, 0x00, 0x00, 0x00, 0x00, 0x00, 0x00, 0x00, 0x00, 0x00, 0xaa, 0x52, 0x00, 0x00,
  0x10, 0x04, 0x10, 0x43, 0x70, 0x3b, 0x50, 0x33, 0x90, 0x3b, 0x00, 0x00, 0x1f, 0x00, 0x50, 0x2b,
  0xb1, 0x2b, 0x91, 0x33, 0x71, 0x23, 0xef, 0x1a, 0xcf, 0x12, 0x10, 0x13, 0x11, 0x13, 0x52, 0x0b,
  0xf4, 0x13, 0xd3, 0x13, 0x52, 0x0b, 0xf5, 0x0b, 0x97, 0x14, 0x53, 0x03, 0xb0, 0x02, 0x16, 0x04,
  0xdc, 0x15, 0x57, 0x04, 0x53, 0x03, 0x78, 0x04, 0x78, 0x04, 0x17, 0x04, 0x98, 0x04, 0xfd, 0x0d,
  0x7d, 0x16, 0x9d, 0x16, 0xde, 0x0e, 0x19, 0x05, 0x1d, 0x06, 0x5e, 0x37, 0xfe, 0x3e, 0xdf, 0xa7,
  0xff, 0xe7, 0xff, 0xf7, 0xff, 0xe7, 0xff, 0xd7, 0xff, 0xe7, 0xff, 0xf7, 0xff, 0xaf, 0x3f, 0x47,
  0x9f, 0x2f, 0xff, 0x1e, 0x7e, 0x16, 0x3d, 0x0e, 0xbc, 0x0d, 0x7b, 0x15, 0xbb, 0x25, 0xdb, 0x25,
  0x9b, 0x0d, 0xfd, 0x0d, 0x3d, 0x16, 0x99, 0x0c, 0xb6, 0x03, 0xfa, 0x04, 0xf9, 0x04, 0x79, 0x04,
  0xba, 0x04, 0xfd, 0x0d, 0x1e, 0x0e, 0xd9, 0x04, 0x98, 0x04, 0x9f, 0x16, 0x9f, 0x16, 0x7f, 0x0e,
  0xdd, 0x0d, 0xdd, 0x0d, 0xdd, 0x0d, 0x1a, 0x05, 0x1a, 0x0d, 0x9f, 0x0e, 0xbc, 0x05, 0xbc, 0x05,
  0x1a, 0x05, 0x1a, 0x05, 0x1b, 0x05, 0x5c, 0x05, 0xd9, 0x04, 0xd5, 0x03, 0xb5, 0x03, 0xf6, 0x03,
  0xd6, 0x03, 0x74, 0x03, 0x75, 0x03, 0x95, 0x03, 0xb5, 0x03, 0xfa, 0x04, 0x9c, 0x0d, 0xbc, 0x05,
  0x59, 0x04, 0x5c, 0x05, 0x5f, 0x0e, 0x3b, 0x05, 0x3b, 0x05, 0x1b, 0x05, 0x9a, 0x04, 0x99, 0x04,
  0x78, 0x04, 0x3b, 0x05, 0x9f, 0x0e, 0x1f, 0x1f, 0x5f, 0x4f, 0x9f, 0x7f, 0x3e, 0x6f, 0xdf, 0x9f,
  0xdf, 0x9f, 0xff, 0xc7, 0xff, 0xcf, 0xff, 0xcf, 0xff, 0xa7, 0xdf, 0x9f, 0xff, 0xcf, 0xdf, 0x8f,
  0x7f, 0x4f, 0x5d, 0x26, 0xdc, 0x0d, 0xfa, 0x0c, 0xb9, 0x0c, 0x98, 0x0c, 0x54, 0x03, 0xb5, 0x0b,
  0x78, 0x0c, 0xfa, 0x14, 0xb9, 0x14, 0xb5, 0x0b, 0x53, 0x0b, 0x31, 0x03, 0x73, 0x0b, 0x11, 0x0b,
  0x11, 0x0b, 0x72, 0x0b, 0x51, 0x0b, 0x72, 0x0b, 0x31, 0x0b, 0xb2, 0x2b, 0x91, 0x1b, 0x1f, 0x00,
  0x00, 0x00, 0x00, 0x00, 0x00, 0x00, 0x00, 0x00, 0xb1, 0x2b, 0x00, 0x00, 0x00, 0x00, 0x00, 0x00,
  0x00, 0x00, 0x00, 0x00, 0x00, 0x00, 0x00, 0x00, 0x00, 0x00, 0x00, 0x00, 0x00, 0x00, 0x00, 0x00,
  0x00, 0x00, 0x00, 0x00, 0x00, 0x00, 0x00, 0x00, 0x00, 0x00, 0x00, 0x00, 0x00, 0x00, 0x00, 0x00,
  0x00, 0x00, 0x00, 0x00, 0x00, 0x00, 0x00, 0x00, 0x00, 0x00, 0x00, 0x00, 0x00, 0x00, 0x00, 0x00,
  0x00, 0x00, 0x00, 0x00, 0x00, 0x00, 0x00, 0x00, 0x00, 0x00, 0x00, 0x00, 0x00, 0x00, 0x00, 0x00,
  0x00, 0x00, 0x00, 0x00, 0x00, 0x00, 0x00, 0x00, 0x00, 0x00, 0x00, 0x00, 0x00, 0x00, 0x00, 0x00,
  0x00, 0x00, 0x00, 0x00, 0x00, 0x00, 0x00, 0x00, 0x00, 0x00, 0x00, 0x00, 0x00, 0x00, 0x10, 0x43,
  0xb1, 0x43, 0x70, 0x3b, 0x30, 0x3b, 0xb1, 0x43, 0x50, 0x3b, 0x52, 0x2b, 0xb1, 0x2b, 0x72, 0x33,
  0x91, 0x33, 0x91, 0x2b, 0x93, 0x23, 0x51, 0x23, 0xb3, 0x23, 0x92, 0x23, 0x72, 0x1b, 0x52, 0x13,
  0x52, 0x13, 0xb3, 0x1b, 0xd4, 0x1b, 0x93, 0x0b, 0xb4, 0x0b, 0x53, 0x0b, 0x93, 0x03, 0x98, 0x14,
  0x3d, 0x2e, 0xb3, 0x03, 0xd1, 0x02, 0x74, 0x03, 0x17, 0x04, 0xb5, 0x03, 0xd6, 0x03, 0x98, 0x04,
  0x1c, 0x0e, 0x7d, 0x06, 0x7d, 0x0e, 0x1a, 0x06, 0x5a, 0x05, 0x9f, 0x27, 0x7f, 0x2f, 0x1e, 0x37,
  0x7f, 0x5f, 0xff, 0xb7, 0xff, 0xef, 0xff, 0xef, 0xff, 0xe7, 0xff, 0xef, 0xff, 0xf7, 0xff, 0xef,
  0xff, 0xcf, 0xbf, 0x77, 0xff, 0x36, 0xff, 0x1e, 0x3f, 0x27, 0xff, 0x67, 0x9f, 0x97, 0xbe, 0xb7,
  0xfe, 0x66, 0xbd, 0x15, 0x9d, 0x0d, 0x3e, 0x1e, 0x1e, 0x16, 0x1e, 0x0e, 0x3e, 0x0e, 0x5f, 0x16,
  0xbf, 0x16, 0xbf, 0x16, 0x5e, 0x1e, 0x5c, 0x05, 0x38, 0x04, 0x7b, 0x05, 0xfd, 0x05, 0x7f, 0x16,
  0xdf, 0x16, 0xdf, 0x0e, 0x9f, 0x0e, 0x3d, 0x0e, 0x7e, 0x1e, 0x5e, 0x0e, 0xde, 0x05, 0x9d, 0x05,
  0x1b, 0x05, 0x9a, 0x04, 0xba, 0x04, 0x99, 0x04, 0x59, 0x04, 0x57, 0x04, 0x17, 0x04, 0xd6, 0x03,
  0x38, 0x04, 0x38, 0x04, 0x38, 0x04, 0x78, 0x04, 0x7c, 0x05, 0xfb, 0x04, 0x17, 0x04, 0xdd, 0x0d,
  0x3e, 0x06, 0x99, 0x04, 0x3b, 0x05, 0x5e, 0x0e, 0x1d, 0x16, 0xfd, 0x0d, 0x5e, 0x0e, 0x9c, 0x05,
  0x7e, 0x16, 0xdf, 0x67, 0xff, 0xc7, 0xff, 0xd7, 0xff, 0xc7, 0xff, 0xa7, 0xff, 0xa7, 0xff, 0xaf,
  0xff, 0xbf, 0xff, 0xd7, 0xff, 0xd7, 0xbf, 0x77, 0x1f, 0x4f, 0xff, 0xcf, 0xff, 0xbf, 0x3f, 0x4f,
  0x1c, 0x1e, 0x1a, 0x0d, 0xb9, 0x04, 0xb6, 0x03, 0x54, 0x03, 0x17, 0x04, 0xb5, 0x0b, 0x94, 0x0b,
  0xf6, 0x0b, 0x16, 0x0c, 0xf6, 0x0b, 0xd5, 0x0b, 0x93, 0x13, 0x6f, 0x02, 0x6f, 0x02, 0xf0, 0x0a,
  0x32, 0x13, 0x11, 0x13, 0x4d, 0x02, 0x6e, 0x02, 0x6e, 0x0a, 0x91, 0x1b, 0x10, 0x44, 0x00, 0x00,
  0x00, 0x00, 0x00, 0x00, 0x00, 0x00, 0x00, 0x00, 0x00, 0x00, 0x00, 0x00, 0x00, 0x00, 0x00, 0x00,
  0x00, 0x00, 0x00, 0x00, 0x00, 0x00, 0x00, 0x00, 0x00, 0x00, 0x00, 0x00, 0x00, 0x00, 0x00, 0x00,
  0x00, 0x00, 0x00, 0x00, 0x00, 0x00, 0x00, 0x00, 0x00, 0x00, 0x00, 0x00, 0x00, 0x00, 0x00, 0x00,
  0x00, 0x00, 0x00, 0x00, 0x00, 0x00, 0x00, 0x00, 0x00, 0x00, 0x00, 0x00, 0x00, 0x00, 0x00, 0x00,
  0x00, 0x00, 0x00, 0x00, 0x00, 0x00, 0x00, 0x00, 0x00, 0x00, 0x00, 0x00, 0x00, 0x00, 0x00, 0x00,
  0x00, 0x00, 0x00, 0x00, 0x00, 0x00, 0x00, 0x00, 0x00, 0x00, 0x00, 0x00, 0x00, 0x00, 0x00, 0x00,
  0x00, 0x00, 0x00, 0x00, 0x00, 0x00, 0x00, 0x00, 0xb0, 0x52, 0xb0, 0x2a, 0x50, 0x43, 0x0f, 0x3b,
  0x50, 0x3b, 0x72, 0x4b, 0x10, 0x43, 0x10, 0x43, 0x50, 0x33, 0x10, 0x2c, 0x10, 0x44, 0x10, 0x2c,
  0xb5, 0x52, 0x72, 0x23, 0xd2, 0x2b, 0x72, 0x23, 0x72, 0x23, 0xd2, 0x2b, 0xb3, 0x23, 0xd3, 0x23,
  0x93, 0x23, 0x52, 0x1b, 0x93, 0x1b, 0x32, 0x13, 0xf1, 0x0a, 0xb3, 0x0b, 0xb3, 0x0b, 0x73, 0x03,
  0x15, 0x0c, 0xcf, 0x02, 0x73, 0x03, 0x33, 0x03, 0x94, 0x03, 0xb4, 0x03, 0xb8, 0x0c, 0x38, 0x15,
  0x59, 0x05, 0x19, 0x05, 0x3c, 0x16, 0xfd, 0x1e, 0xbb, 0x05, 0xfc, 0x05, 0x9d, 0x0e, 0x5e, 0x3f,
  0xbf, 0x87, 0x9f, 0x3f, 0x9f, 0x57, 0xdf, 0xbf, 0xff, 0xe7, 0xff, 0xd7, 0xff, 0xe7, 0xff, 0xdf,
  0xff, 0xef, 0xff, 0xf7, 0xff, 0xe7, 0xff, 0x9f, 0xdf, 0x47, 0xdf, 0x26, 0x1e, 0x2f, 0xff, 0x97,
  0xff, 0x9f, 0x1e, 0x47, 0x5c, 0x0d, 0xfd, 0x0d, 0xdf, 0x1e, 0x9c, 0x15, 0x5e, 0x0e, 0x9f, 0x1e,
  0x3f, 0x16, 0xfe, 0x0d, 0xdd, 0x0d, 0x5b, 0x0d, 0x7b, 0x15, 0xdb, 0x04, 0xda, 0x04, 0x1b, 0x0d,
  0x7c, 0x0d, 0x9d, 0x0d, 0xff, 0x0d, 0x7e, 0x16, 0x9c, 0x0d, 0x3c, 0x0d, 0x5c, 0x05, 0x3c, 0x05,
  0x5c, 0x05, 0x9d, 0x05, 0xbd, 0x05, 0x7d, 0x05, 0x3c, 0x05, 0x7c, 0x0d, 0x1b, 0x05, 0xba, 0x04,
  0x7c, 0x05, 0x3f, 0x0e, 0x9f, 0x0e, 0x7f, 0x0e, 0x5f, 0x0e, 0xbd, 0x0d, 0x39, 0x04, 0x5c, 0x0d,
  0xdf, 0x1e, 0xdd, 0x0d, 0xdc, 0x15, 0xff, 0xa7, 0xff, 0xaf, 0x1f, 0x47, 0xff, 0xd7, 0xff, 0xef,
  0xff, 0xe7, 0xff, 0xdf, 0xff, 0xb7, 0xdf, 0x97, 0xff, 0xc7, 0xff, 0xd7, 0xff, 0xe7, 0xff, 0xe7,
  0xff, 0xd7, 0xdf, 0x97, 0xff, 0x2e, 0xff, 0x26, 0x3e, 0x47, 0xde, 0x3e, 0x3d, 0x1e, 0x1f, 0x37,
  0x5d, 0x2e, 0x37, 0x04, 0xf6, 0x03, 0x75, 0x03, 0x54, 0x03, 0xb4, 0x03, 0x57, 0x14, 0x77, 0x14,
  0xb3, 0x13, 0x93, 0x13, 0x32, 0x0b, 0x72, 0x13, 0x73, 0x13, 0xf0, 0x0a, 0xd0, 0x0a, 0x31, 0x13,
  0x10, 0x13, 0xd0, 0x12, 0x8e, 0x0a, 0x2d, 0x02, 0xaf, 0x0a, 0x91, 0x1b, 0x00, 0x00, 0x00, 0x00,
  0xb5, 0x02, 0x00, 0x00, 0x00, 0x00, 0x00, 0x00, 0x10, 0x04, 0x00, 0x00, 0x00, 0x00, 0x00, 0x00,
  0x00, 0x00, 0x00, 0x00, 0x00, 0x00, 0x00, 0x00, 0x00, 0x00, 0x10, 0x04, 0x00, 0x00, 0x00, 0x00,
  0x00, 0x00, 0x00, 0x00, 0x00, 0x00, 0x00, 0x00, 0x00, 0x00, 0x00, 0x00, 0x00, 0x00, 0x00, 0x00,
  0x00, 0x00, 0x00, 0x00, 0x00, 0x00, 0x00, 0x00, 0x00, 0x00, 0x00, 0x00, 0x00, 0x00, 0x00, 0x00,
  0x00, 0x00, 0x00, 0x00, 0x00, 0x00, 0x00, 0x00, 0x00, 0x00, 0x00, 0x00, 0x00, 0x00, 0x00, 0x00,
  0x00, 0x00, 0x00, 0x00, 0x00, 0x00, 0x00, 0x00, 0x00, 0x00, 0x00, 0x00, 0x00, 0x00, 0x00, 0x00,
  0x00, 0x00, 0x00, 0x00, 0x00, 0x00, 0x00, 0x00, 0x10, 0x84, 0x90, 0x43, 0x2e, 0x33, 0x0e, 0x33,
  0x50, 0x3b, 0x90, 0x43, 0x33, 0x33, 0x31, 0x43, 0x1f, 0x00, 0x10, 0x04, 0x00, 0x00, 0x00, 0x00,
  0x1f, 0x00, 0x00, 0x00, 0x00, 0x00, 0x1f, 0x00, 0x72, 0x23, 0xd4, 0x2b, 0xd4, 0x2b, 0x14, 0x34,
  0x15, 0x2c, 0xb4, 0x2b, 0x15, 0x2c, 0xd4, 0x2b, 0xf4, 0x1b, 0xf1, 0x12, 0xf1, 0x12, 0x73, 0x0b,
  0xf5, 0x03, 0xd4, 0x03, 0x11, 0x03, 0xd1, 0x02, 0x94, 0x03, 0xb4, 0x0b, 0xf9, 0x0c, 0x5e, 0x16,
  0x1a, 0x0d, 0x98, 0x04, 0x3a, 0x05, 0xdc, 0x0d, 0xdf, 0x0e, 0x3b, 0x05, 0x5e, 0x06, 0x3f, 0x0f,
  0x7f, 0x0e, 0x7f, 0x0e, 0xbf, 0x16, 0x5f, 0x37, 0x7f, 0x57, 0xbf, 0x7f, 0xff, 0xdf, 0xff, 0xef,
  0xff, 0xdf, 0xff, 0xdf, 0xff, 0xe7, 0xff, 0xe7, 0xff, 0xd7, 0x9f, 0x6f, 0xde, 0x1e, 0xbe, 0x06,
  0xfe, 0x16, 0x9f, 0x27, 0x5f, 0x2f, 0xfe, 0x1e, 0x1c, 0x26, 0x9e, 0x0e, 0xfd, 0x05, 0x7c, 0x05,
  0x99, 0x04, 0xfa, 0x04, 0x9a, 0x04, 0x9a, 0x04, 0xfb, 0x04, 0x99, 0x04, 0xba, 0x04, 0xdb, 0x0c,
  0x3a, 0x0d, 0x3a, 0x05, 0x9c, 0x15, 0xfe, 0x46, 0xde, 0x2e, 0x1a, 0x05, 0x58, 0x04, 0x59, 0x04,
  0xbb, 0x04, 0x5c, 0x05, 0xda, 0x04, 0xb9, 0x04, 0xfa, 0x04, 0x38, 0x04, 0x99, 0x04, 0x5b, 0x0d,
  0x1c, 0x0e, 0x1b, 0x05, 0xba, 0x04, 0x1a, 0x05, 0xfb, 0x04, 0x9b, 0x04, 0x5c, 0x05, 0xfd, 0x0d,
  0x9c, 0x05, 0x7c, 0x05, 0x9d, 0x05, 0xfe, 0x05, 0x1f, 0x07, 0xff, 0xaf, 0xff, 0xd7, 0xff, 0xe7,
  0xff, 0xcf, 0xff, 0xc7, 0xff, 0xdf, 0xff, 0xe7, 0xff, 0xd7, 0xff, 0xcf, 0xff, 0xc7, 0xff, 0x9f,
  0xdf, 0x67, 0x7f, 0x3f, 0x3f, 0x37, 0x3d, 0x16, 0x5c, 0x0d, 0x7c, 0x0d, 0x9c, 0x0d, 0x5b, 0x15,
  0x58, 0x04, 0x54, 0x03, 0xd1, 0x02, 0xb5, 0x03, 0x36, 0x04, 0x72, 0x0b, 0x31, 0x0b, 0xf1, 0x02,
  0x52, 0x03, 0x93, 0x13, 0xb3, 0x1b, 0x93, 0x1b, 0x72, 0x13, 0x93, 0x1b, 0x93, 0x1b, 0xd3, 0x23,
  0xd2, 0x1b, 0xd3, 0x23, 0x52, 0x23, 0x72, 0x23, 0x72, 0x23, 0xb1, 0x2b, 0x13, 0x23, 0x00, 0x00,
  0x1f, 0x00, 0x00, 0x00, 0x1f, 0x00, 0xb5, 0x52, 0x00, 0x00, 0x50, 0x23, 0x91, 0x1b, 0x00, 0x00,
  0x00, 0x00, 0x00, 0x00, 0x00, 0x00, 0x00, 0x00, 0x00, 0x00, 0x00, 0x00, 0x00, 0x00, 0x00, 0x00,
  0x00, 0x00, 0x00, 0x00, 0x00, 0x00, 0x00, 0x00, 0x00, 0x00, 0x00, 0x00, 0x00, 0x00, 0x00, 0x00,
  0x00, 0x00, 0x00, 0x00, 0x00, 0x00, 0x00, 0x00, 0x00, 0x00, 0x00, 0x00, 0x00, 0x00, 0x00, 0x00,
  0x00, 0x00, 0x00, 0x00, 0x00, 0x00, 0x00, 0x00, 0x00, 0x00, 0x00, 0x00, 0x00, 0x00, 0x00, 0x00,
  0x00, 0x00, 0x00, 0x00, 0x00, 0x00, 0x00, 0x00, 0x00, 0x00, 0x00, 0x00, 0x00, 0x00, 0x00, 0x00,
  0x00, 0x00, 0x00, 0x00, 0x00, 0x00, 0x00, 0x00, 0xaa, 0x52, 0x90, 0x3b, 0x0e, 0x33, 0x0e, 0x33,
  0x70, 0x3b, 0x10, 0x44, 0x00, 0x00, 0xb5, 0x52, 0x10, 0x04, 0x10, 0x44, 0x00, 0x00, 0x00, 0x00,
  0x10, 0x04, 0x00, 0x00, 0x00, 0x00, 0x10, 0x43, 0x33, 0x33, 0x13, 0x44, 0x72, 0x23, 0x10, 0x44,
  0x33, 0x33, 0xb5, 0x52, 0x1f, 0x00, 0x13, 0x2c, 0x13, 0x34, 0xf0, 0x22, 0x11, 0x13, 0x53, 0x0b,
  0x93, 0x0b, 0xf4, 0x03, 0x73, 0x03, 0x32, 0x03, 0xb1, 0x02, 0x2d, 0x02, 0x94, 0x03, 0x1d, 0x0e,
  0x98, 0x04, 0xf6, 0x03, 0x78, 0x04, 0xb9, 0x04, 0x5a, 0x0d, 0x99, 0x0c, 0xdd, 0x15, 0x5f, 0x0e,
  0xde, 0x05, 0x7f, 0x0e, 0x3f, 0x06, 0x5f, 0x0e, 0xdf, 0x16, 0x3f, 0x27, 0x5f, 0x47, 0xdf, 0x9f,
  0xff, 0xe7, 0xff, 0xef, 0xff, 0xdf, 0xff, 0xe7, 0xff, 0xef, 0xff, 0xef, 0xff, 0xcf, 0xbf, 0x8f,
  0xbf, 0x77, 0x9f, 0x57, 0x9f, 0x3f, 0x1e, 0x17, 0xdd, 0x06, 0x7f, 0x16, 0xbe, 0x0e, 0x9e, 0x06,
  0xde, 0x06, 0x1d, 0x06, 0x9b, 0x0d, 0xbb, 0x1d, 0xfc, 0x0d, 0x1b, 0x05, 0xdb, 0x04, 0xdb, 0x04,
  0x5b, 0x05, 0x1d, 0x06, 0x9e, 0x16, 0x1e, 0x2f, 0x3f, 0x2f, 0xbe, 0x26, 0x5d, 0x1e, 0xbc, 0x05,
  0x1f, 0x17, 0x1f, 0x17, 0xdc, 0x05, 0xdc, 0x05, 0xbe, 0x26, 0x7c, 0x05, 0x5b, 0x0d, 0xdc, 0x05,
  0xdc, 0x0d, 0xbc, 0x05, 0x1d, 0x06, 0x1e, 0x0f, 0x9e, 0x16, 0x7e, 0x16, 0xde, 0x1e, 0x5e, 0x16,
  0x5e, 0x0e, 0x1f, 0x1f, 0xff, 0x1e, 0x7f, 0x2f, 0xdf, 0x87, 0xff, 0xbf, 0xff, 0x97, 0xff, 0xaf,
  0xff, 0xe7, 0xde, 0xf7, 0xff, 0xe7, 0xdf, 0xa7, 0xbf, 0x57, 0xbf, 0x4f, 0x1f, 0x2f, 0xff, 0x16,
  0xff, 0x1e, 0x5f, 0x27, 0xdf, 0x1e, 0xd9, 0x04, 0xf7, 0x03, 0xd9, 0x0c, 0x17, 0x04, 0xd6, 0x03,
  0x16, 0x04, 0xd5, 0x03, 0x16, 0x04, 0x57, 0x04, 0x37, 0x0c, 0xb3, 0x0b, 0x55, 0x0c, 0x19, 0x15,
  0x19, 0x1d, 0x31, 0x13, 0x72, 0x1b, 0x14, 0x24, 0x93, 0x13, 0x72, 0x1b, 0x72, 0x23, 0x31, 0x1b,
  0x10, 0x13, 0x10, 0x1b, 0x31, 0x1b, 0x31, 0x1b, 0x10, 0x1b, 0x51, 0x23, 0x50, 0x2b, 0x10, 0x23,
  0xb5, 0x02, 0x00, 0x00, 0x00, 0x00, 0x00, 0x00, 0x00, 0x00, 0x10, 0x44, 0x00, 0x00, 0x00, 0x00,
  0x00, 0x00, 0x00, 0x00, 0x00, 0x00, 0x00, 0x00, 0x00, 0x00, 0x00, 0x00, 0x00, 0x00, 0x00, 0x00,
  0x00, 0x00, 0x00, 0x00, 0x00, 0x00, 0x00, 0x00, 0x00, 0x00, 0x00, 0x00, 0x00, 0x00, 0x00, 0x00,
  0x00, 0x00, 0x00, 0x00, 0x00, 0x00, 0x00, 0x00, 0x00, 0x00, 0x00, 0x00, 0x00, 0x00, 0x00, 0x00,
  0x00, 0x00, 0x00, 0x00, 0x00, 0x00, 0x00, 0x00, 0x00, 0x00, 0x00, 0x00, 0x00, 0x00, 0x00, 0x00,
  0x00, 0x00, 0x00, 0x00, 0x00, 0x00, 0x00, 0x00, 0x00, 0x00, 0x00, 0x00, 0x00, 0x00, 0x00, 0x00,
  0x00, 0x00, 0x00, 0x00, 0x00, 0x00, 0x00, 0x00, 0x00, 0x00, 0x0f, 0x33, 0x2f, 0x33, 0x10, 0x43,
  0x10, 0x04, 0x00, 0x00, 0x00, 0x00, 0x10, 0x04, 0x1f, 0x00, 0x00, 0x00, 0x00, 0x00, 0x00, 0x00,
  0x00, 0x00, 0x00, 0x00, 0x1f, 0x00, 0xb5, 0x52, 0x00, 0x00, 0x1f, 0x00, 0x10, 0x04, 0x00, 0x00,
  0x00, 0x00, 0xb5, 0x52, 0x1f, 0x00, 0xb4, 0x2b, 0xb2, 0x33, 0x31, 0x1b, 0x11, 0x13, 0x11, 0x0b,
  0xf1, 0x0a, 0x94, 0x0b, 0x36, 0x04, 0x16, 0x04, 0x90, 0x02, 0x6f, 0x02, 0x6f, 0x02, 0x35, 0x04,
  0x57, 0x04, 0x57, 0x04, 0x37, 0x04, 0x57, 0x04, 0xf6, 0x03, 0xb6, 0x03, 0x95, 0x03, 0xf7, 0x03,
  0x5c, 0x05, 0xbf, 0x1e, 0xde, 0x05, 0xdd, 0x05, 0x3e, 0x0e, 0xdf, 0x0e, 0x5f, 0x1f, 0x7f, 0x1f,
  0xbf, 0x5f, 0xff, 0xaf, 0xff, 0xc7, 0xff, 0xdf, 0xff, 0xd7, 0xff, 0xe7, 0xff, 0xdf, 0xff, 0xef,
  0xfe, 0xf7, 0xff, 0xef, 0xff, 0xd7, 0xdf, 0x9f, 0x9e, 0x4f, 0xff, 0xc7, 0x5e, 0x5f, 0xfe, 0x2e,
  0xde, 0x16, 0xbf, 0x16, 0xde, 0x0e, 0x3f, 0x17, 0x3f, 0x17, 0x3e, 0x0e, 0x5d, 0x0e, 0x7e, 0x16,
  0x7e, 0x16, 0xbf, 0x16, 0x9e, 0x0e, 0xfe, 0x16, 0x7f, 0x27, 0x3f, 0x27, 0x9d, 0x06, 0x9d, 0x0e,
  0xfe, 0x1e, 0x5f, 0x47, 0x9f, 0x4f, 0x9f, 0x2f, 0x5f, 0x17, 0x5f, 0x17, 0x7d, 0x06, 0xbe, 0x06,
  0x1e, 0x17, 0x3f, 0x2f, 0x7f, 0x3f, 0xff, 0x47, 0xdf, 0x77, 0x3f, 0x27, 0x5f, 0x27, 0xff, 0x26,
  0x1e, 0x4f, 0xdf, 0x97, 0xff, 0xcf, 0xff, 0xef, 0xdf, 0xff, 0xff, 0xdf, 0xff, 0xdf, 0xff, 0xdf,
  0xbf, 0xa7, 0xbd, 0x46, 0xdb, 0x0d, 0xdb, 0x05, 0xbe, 0x06, 0x1f, 0x27, 0x9f, 0x2f, 0x1f, 0x27,
  0x19, 0x05, 0x78, 0x04, 0xb8, 0x04, 0xd9, 0x0c, 0xda, 0x0c, 0x57, 0x04, 0x37, 0x04, 0x57, 0x04,
  0xb8, 0x04, 0x77, 0x04, 0xf5, 0x03, 0x93, 0x03, 0x73, 0x0b, 0x73, 0x03, 0xb4, 0x0b, 0x7a, 0x2d,
  0xd8, 0x2c, 0x53, 0x23, 0x11, 0x1b, 0x33, 0x33, 0x52, 0x1b, 0x52, 0x1b, 0x10, 0x13, 0x10, 0x1b,
  0x10, 0x13, 0xcf, 0x12, 0x10, 0x1b, 0xf0, 0x1a, 0x10, 0x1b, 0x51, 0x23, 0x51, 0x2b, 0x1f, 0x00,
  0x00, 0x00, 0x00, 0x00, 0x00, 0x00, 0x00, 0x00, 0x00, 0x00, 0x00, 0x00, 0x00, 0x00, 0x00, 0x00,
  0x00, 0x00, 0x00, 0x00, 0x00, 0x00, 0x00, 0x00, 0x10, 0x04, 0x00, 0x00, 0x00, 0x00, 0x00, 0x00,
  0x00, 0x00, 0x00, 0x00, 0x00, 0x00, 0x00, 0x00, 0x00, 0x00, 0x00, 0x00, 0x00, 0x00, 0x00, 0x00,
  0x00, 0x00, 0x00, 0x00, 0x00, 0x00, 0x00, 0x00, 0x00, 0x00, 0x00, 0x00, 0x00, 0x00, 0x00, 0x00,
  0x00, 0x00, 0x00, 0x00, 0x00, 0x00, 0x00, 0x00, 0x00, 0x00, 0x00, 0x00, 0x00, 0x00, 0x00, 0x00,
  0x00, 0x00, 0x00, 0x00, 0x00, 0x00, 0x00, 0x00, 0x00, 0x00, 0x00, 0x00, 0x00, 0x00, 0x00, 0x00,
  0x00, 0x00, 0x00, 0x00, 0x00, 0x00, 0x00, 0x00, 0x10, 0x84, 0x4f, 0x3b, 0x6d, 0x4b, 0xb0, 0x2a,
  0x8e, 0x3b, 0x00, 0x00, 0x00, 0x00, 0x00, 0x00, 0x33, 0x33, 0x00, 0x00, 0x10, 0x04, 0x00, 0x00,
  0x00, 0x00, 0x00, 0x00, 0x00, 0x00, 0x10, 0x04, 0x10, 0x04, 0x10, 0x04, 0x1f, 0x00, 0x00, 0x00,
  0x00, 0x00, 0x10, 0x04, 0x10, 0x04, 0xb3, 0x23, 0xd3, 0x2b, 0x92, 0x23, 0x52, 0x23, 0xf0, 0x12,
  0x6e, 0x0a, 0xf0, 0x0a, 0xd4, 0x0b, 0xb8, 0x04, 0x76, 0x04, 0xd0, 0x02, 0x4e, 0x02, 0x4e, 0x02,
  0x73, 0x03, 0x16, 0x04, 0xf6, 0x03, 0xd5, 0x03, 0x94, 0x03, 0xf6, 0x03, 0x13, 0x03, 0xf2, 0x02,
  0x37, 0x04, 0x3c, 0x05, 0x3c, 0x05, 0x9d, 0x05, 0xfe, 0x0d, 0xbc, 0x05, 0x1d, 0x0e, 0xde, 0x1e,
  0xbe, 0x16, 0x3f, 0x2f, 0x3f, 0x37, 0xbf, 0x87, 0xff, 0xaf, 0xff, 0xc7, 0xff, 0xcf, 0xff, 0xdf,
  0xff, 0xe7, 0xff, 0xe7, 0xff, 0xf7, 0xff, 0xff, 0xff, 0xf7, 0xff, 0xe7, 0xff, 0xdf, 0xff, 0xd7,
  0xff, 0xb7, 0xdf, 0x7f, 0x9f, 0x67, 0x1e, 0x37, 0xde, 0x26, 0xdf, 0xbf, 0xff, 0xb7, 0xdf, 0x9f,
  0xff, 0xdf, 0xff, 0xff, 0xff, 0xe7, 0xff, 0xdf, 0xff, 0xdf, 0xff, 0xaf, 0xbf, 0x9f, 0xdf, 0xaf,
  0xff, 0xcf, 0xff, 0xd7, 0xff, 0xd7, 0xff, 0xd7, 0xbf, 0x97, 0xff, 0xcf, 0xff, 0xd7, 0xff, 0xe7,
  0xff, 0xff, 0xff, 0xf7, 0xff, 0xef, 0xff, 0xef, 0xff, 0x9f, 0xdf, 0xa7, 0xff, 0xc7, 0xff, 0xe7,
  0xff, 0xff, 0xff, 0xff, 0xff, 0xef, 0xff, 0xe7, 0xff, 0xdf, 0xff, 0xb7, 0x9f, 0x57, 0xbe, 0x16,
  0x3f, 0x17, 0xbf, 0x27, 0x5f, 0x1f, 0x9f, 0x27, 0xde, 0x1e, 0xbe, 0x26, 0x7b, 0x15, 0x1a, 0x0d,
  0xfa, 0x0c, 0x98, 0x04, 0x57, 0x04, 0x77, 0x04, 0x16, 0x04, 0x56, 0x0c, 0x16, 0x0c, 0xd5, 0x03,
  0xf5, 0x0b, 0x94, 0x03, 0xd1, 0x02, 0xb1, 0x02, 0x11, 0x03, 0xcf, 0x02, 0x8e, 0x0a, 0x2d, 0x0a,
  0xec, 0x01, 0x4f, 0x02, 0x72, 0x13, 0x93, 0x23, 0x52, 0x1b, 0x72, 0x23, 0x72, 0x23, 0x51, 0x1b,
  0x31, 0x1b, 0x72, 0x23, 0x72, 0x23, 0x71, 0x23, 0x51, 0x23, 0x71, 0x2b, 0x51, 0x23, 0xb5, 0x02,
  0x00, 0x00, 0x00, 0x00, 0x00, 0x00, 0x00, 0x00, 0x00, 0x00, 0x00, 0x00, 0x00, 0x00, 0x00, 0x00,
  0x00, 0x00, 0x00, 0x00, 0x00, 0x00, 0x00, 0x00, 0x00, 0x00, 0x00, 0x00, 0x00, 0x00, 0x00, 0x00,
  0x00, 0x00, 0x00, 0x00, 0x00, 0x00, 0x00, 0x00, 0x00, 0x00, 0x00, 0x00, 0x00, 0x00, 0x00, 0x00,
  0x00, 0x00, 0x00, 0x00, 0x00, 0x00, 0x00, 0x00, 0x00, 0x00, 0x00, 0x00, 0x00, 0x00, 0x00, 0x00,
  0x00, 0x00, 0x00, 0x00, 0x00, 0x00, 0x00, 0x00, 0x00, 0x00, 0x00, 0x00, 0x00, 0x00, 0x00, 0x00,
  0x00, 0x00, 0x00, 0x00, 0x00, 0x00, 0x00, 0x00, 0x00, 0x00, 0x00, 0x00, 0x00, 0x00, 0x00, 0x00,
  0x00, 0x00, 0x00, 0x00, 0x00, 0x00, 0x00, 0x00, 0x00, 0x00, 0xaa, 0x52, 0x00, 0x00, 0x00, 0x00,
  0x00, 0x00, 0x00, 0x00, 0x00, 0x00, 0x00, 0x00, 0x00, 0x00, 0x00, 0x00, 0x00, 0x00, 0x00, 0x00,
  0x00, 0x00, 0x00, 0x00, 0x00, 0x00, 0x00, 0x00, 0x00, 0x00, 0x00, 0x00, 0x00, 0x00, 0x00, 0x00,
  0x00, 0x00, 0x00, 0x00, 0x00, 0x00, 0x52, 0x33, 0x92, 0x2b, 0x50, 0x23, 0x71, 0x23, 0x10, 0x1b,
  0x4d, 0x12, 0x2c, 0x0a, 0x93, 0x0b, 0xb8, 0x0c, 0x17, 0x15, 0x8f, 0x02, 0x4f, 0x02, 0x6e, 0x02,
  0x8f, 0x02, 0xd0, 0x02, 0x94, 0x03, 0xb5, 0x03, 0x33, 0x03, 0xd5, 0x03, 0xb5, 0x03, 0x78, 0x04,
  0xd6, 0x0b, 0xf2, 0x02, 0x54, 0x03, 0xb6, 0x03, 0x99, 0x0c, 0xb9, 0x04, 0xfa, 0x04, 0x5b, 0x05,
  0x9b, 0x0d, 0x9d, 0x16, 0xbe, 0x16, 0x7d, 0x16, 0x7d, 0x16, 0xdf, 0x36, 0x7f, 0x67, 0xbf, 0x97,
  0xff, 0xbf, 0xff, 0xd7, 0xff, 0xdf, 0xff, 0xd7, 0xff, 0xdf, 0xff, 0xc7, 0xff, 0xe7, 0xff, 0xef,
  0xff, 0xef, 0xff, 0xe7, 0xff, 0xdf, 0xff, 0xd7, 0xff, 0xc7, 0xff, 0xe7, 0xff, 0xc7, 0x9f, 0x8f,
  0xff, 0xbf, 0xff, 0xef, 0xff, 0xef, 0xff, 0xef, 0xff, 0xf7, 0xff, 0xf7, 0xff, 0xf7, 0xff, 0xf7,
  0xff, 0xef, 0xff, 0xe7, 0xff, 0xcf, 0xff, 0xdf, 0xff, 0xf7, 0xff, 0xdf, 0xff, 0xef, 0xff, 0xd7,
  0xdf, 0xcf, 0xbf, 0x8f, 0xfe, 0x26, 0xfe, 0x1e, 0xbf, 0x5f, 0xff, 0xdf, 0xff, 0xef, 0xff, 0xef,
  0xff, 0xdf, 0xff, 0xb7, 0xbf, 0x8f, 0x7f, 0x67, 0xdd, 0x1e, 0x9d, 0x1e, 0xbe, 0x16, 0x1f, 0x1f,
  0x7f, 0x37, 0x7f, 0x37, 0x1c, 0x0e, 0x7b, 0x0d, 0xb9, 0x04, 0xb8, 0x04, 0x3a, 0x05, 0x3b, 0x05,
  0x99, 0x04, 0x17, 0x04, 0xb5, 0x03, 0xb5, 0x03, 0xb5, 0x03, 0x73, 0x03, 0x32, 0x03, 0x90, 0x02,
  0xf1, 0x0a, 0x53, 0x0b, 0x73, 0x0b, 0x53, 0x13, 0x11, 0x0b, 0x8f, 0x02, 0x2d, 0x0a, 0xef, 0x1a,
  0x54, 0x2c, 0x52, 0x0b, 0x71, 0x0b, 0xf0, 0x12, 0x51, 0x13, 0x51, 0x23, 0x72, 0x23, 0x91, 0x1b,
  0x72, 0x23, 0x10, 0x04, 0x52, 0x2b, 0x91, 0x1b, 0x00, 0x00, 0x33, 0x33, 0x1f, 0x00, 0x1f, 0x00,
  0x00, 0x00, 0x00, 0x00, 0x00, 0x00, 0x00, 0x00, 0x00, 0x00, 0x00, 0x00, 0x00, 0x00, 0x00, 0x00,
  0x00, 0x00, 0x00, 0x00, 0x00, 0x00, 0x00, 0x00, 0x00, 0x00, 0x00, 0x00, 0x00, 0x00, 0x00, 0x00,
  0x00, 0x00, 0x00, 0x00, 0x00, 0x00, 0x00, 0x00, 0x00, 0x00, 0x00, 0x00, 0x00, 0x00, 0x00, 0x00,
  0x00, 0x00, 0x00, 0x00, 0x00, 0x00, 0x00, 0x00, 0x00, 0x00, 0x00, 0x00, 0x00, 0x00, 0x00, 0x00,
  0x00, 0x00, 0x00, 0x00, 0x00, 0x00, 0x00, 0x00, 0x00, 0x00, 0x00, 0x00, 0x00, 0x00, 0x00, 0x00,
  0x00, 0x00, 0x00, 0x00, 0x00, 0x00, 0x00, 0x00, 0x00, 0x00, 0x00, 0x00, 0x00, 0x00, 0x00, 0x00,
  0x00, 0x00, 0x00, 0x00, 0x00, 0x00, 0x00, 0x00, 0xaa, 0x52, 0x00, 0x00, 0x00, 0x00, 0x00, 0x00,
  0x00, 0x00, 0x00, 0x00, 0x00, 0x00, 0x00, 0x00, 0x00, 0x00, 0x10, 0x04, 0x00, 0x00, 0xb5, 0x52,
  0x1f, 0x00, 0x00, 0x00, 0x00, 0x00, 0x00, 0x00, 0x10, 0x04, 0x00, 0x00, 0x00, 0x00, 0x00, 0x00,
  0x00, 0x00, 0x00, 0x00, 0x33, 0x33, 0x92, 0x2b, 0x51, 0x2b, 0x30, 0x23, 0x50, 0x23, 0x51, 0x1b,
  0x4d, 0x0a, 0x8e, 0x0a, 0x97, 0x14, 0x3a, 0x15, 0xd7, 0x1c, 0xd0, 0x02, 0xf1, 0x02, 0x11, 0x03,
  0x8e, 0x02, 0xd0, 0x02, 0x32, 0x03, 0x94, 0x03, 0x73, 0x03, 0xd0, 0x02, 0x53, 0x03, 0x9c, 0x15,
  0x5b, 0x0d, 0x54, 0x03, 0x12, 0x03, 0xf1, 0x02, 0x12, 0x03, 0x99, 0x0c, 0xfa, 0x04, 0xda, 0x04,
  0x3b, 0x05, 0x9c, 0x0d, 0x9b, 0x05, 0x9b, 0x0d, 0x7d, 0x2e, 0x9e, 0x16, 0xff, 0x1e, 0xdf, 0x26,
  0x1f, 0x3f, 0xbf, 0x6f, 0xff, 0x97, 0xff, 0xc7, 0xff, 0xd7, 0xff, 0xbf, 0xff, 0xc7, 0xff, 0xd7,
  0xff, 0xcf, 0xff, 0xb7, 0xff, 0xb7, 0xdf, 0xb7, 0xff, 0xcf, 0xff, 0xef, 0xff, 0xf7, 0xff, 0xff,
  0xff, 0xf7, 0xff, 0xef, 0xff, 0xdf, 0xff, 0xe7, 0xff, 0xe7, 0xff, 0xef, 0xff, 0xe7, 0xff, 0xef,
  0xff, 0xf7, 0xff, 0xff, 0xff, 0xef, 0xff, 0xf7, 0xff, 0xf7, 0xff, 0xf7, 0xff, 0xef, 0xff, 0xdf,
  0xff, 0xcf, 0xff, 0xe7, 0xff, 0xe7, 0xff, 0xf7, 0xde, 0xff, 0xff, 0xd7, 0xff, 0xd7, 0xff, 0xd7,
  0x9f, 0x6f, 0x9d, 0x26, 0xbd, 0x26, 0xfe, 0x36, 0x7f, 0x47, 0x3f, 0x1f, 0x1f, 0x27, 0x5d, 0x1e,
  0x7b, 0x05, 0x58, 0x04, 0xb5, 0x03, 0x95, 0x03, 0xf6, 0x03, 0xd5, 0x03, 0x53, 0x03, 0xb4, 0x03,
  0xb5, 0x03, 0x53, 0x03, 0xb4, 0x03, 0xf6, 0x03, 0xb5, 0x03, 0x11, 0x0b, 0x11, 0x0b, 0xf1, 0x0a,
  0x92, 0x1b, 0x14, 0x24, 0x14, 0x24, 0xd3, 0x1b, 0x92, 0x1b, 0x6f, 0x02, 0xaf, 0x12, 0xb9, 0x3d,
  0xff, 0x8f, 0xfd, 0x76, 0x55, 0x1c, 0x51, 0x1b, 0x30, 0x1b, 0x51, 0x1b, 0x70, 0x23, 0x33, 0x33,
  0x10, 0x44, 0x00, 0x00, 0x10, 0x04, 0x1f, 0x00, 0x10, 0x04, 0xb5, 0x02, 0x00, 0x00, 0x00, 0x00,
  0x10, 0x04, 0x00, 0x00, 0x00, 0x00, 0x00, 0x00, 0x00, 0x00, 0x00, 0x00, 0x00, 0x00, 0x00, 0x00,
  0x00, 0x00, 0x00, 0x00, 0x00, 0x00, 0x00, 0x00, 0x00, 0x00, 0x00, 0x00, 0x00, 0x00, 0x00, 0x00,
  0x00, 0x00, 0x00, 0x00, 0x00, 0x00, 0x00, 0x00, 0x00, 0x00, 0x00, 0x00, 0x00, 0x00, 0x00, 0x00,
  0x00, 0x00, 0x00, 0x00, 0x00, 0x00, 0x00, 0x00, 0x00, 0x00, 0x00, 0x00, 0x00, 0x00, 0x00, 0x00,
  0x00, 0x00, 0x00, 0x00, 0x00, 0x00, 0x00, 0x00, 0x00, 0x00, 0x00, 0x00, 0x00, 0x00, 0x00, 0x00,
  0x00, 0x00, 0x00, 0x00, 0x00, 0x00, 0x00, 0x00, 0x00, 0x00, 0x00, 0x00, 0x00, 0x00, 0x00, 0x00,
  0x00, 0x00, 0x00, 0x00, 0x00, 0x00, 0x00, 0x00, 0x00, 0x00, 0x00, 0x00, 0x00, 0x00, 0x00, 0x00,
  0x00, 0x00, 0x00, 0x00, 0x00, 0x00, 0x00, 0x00, 0x00, 0x00, 0x00, 0x00, 0x1f, 0x00, 0x10, 0x44,
  0x1f, 0x00, 0x00, 0x00, 0x00, 0x00, 0x00, 0x00, 0x00, 0x00, 0x1f, 0x00, 0x1f, 0x00, 0x1f, 0x00,
  0x00, 0x00, 0x72, 0x23, 0x33, 0x33, 0xb3, 0x33, 0x50, 0x2b, 0x31, 0x23, 0xd2, 0x23, 0x51, 0x23,
  0x6e, 0x12, 0x76, 0x14, 0xfb, 0x2d, 0xb6, 0x24, 0x75, 0x1c, 0x31, 0x0b, 0x31, 0x0b, 0xaf, 0x02,
  0x6e, 0x02, 0x11, 0x0b, 0x11, 0x03, 0x32, 0x03, 0x94, 0x03, 0xf0, 0x02, 0x32, 0x03, 0xbc, 0x15,
  0x9b, 0x15, 0x73, 0x0b, 0xd5, 0x03, 0x78, 0x0c, 0x94, 0x03, 0x53, 0x03, 0x94, 0x03, 0x17, 0x04,
  0x99, 0x04, 0xd9, 0x04, 0x3a, 0x05, 0x1d, 0x06, 0xbc, 0x05, 0xba, 0x04, 0xfa, 0x04, 0x9b, 0x0d,
  0xbc, 0x15, 0xdc, 0x0d, 0x7c, 0x26, 0x5f, 0x3f, 0x7f, 0x57, 0x5e, 0x2f, 0x3e, 0x27, 0xfe, 0x26,
  0xde, 0x2e, 0x7f, 0x4f, 0xff, 0x7f, 0xff, 0x8f, 0xff, 0xaf, 0xff, 0xbf, 0xff, 0xc7, 0xdf, 0xc7,
  0xdf, 0xc7, 0xff, 0xcf, 0xff, 0xdf, 0xff, 0xe7, 0xff, 0xaf, 0xff, 0xe7, 0xff, 0xdf, 0xff, 0xd7,
  0xff, 0xd7, 0xff, 0xe7, 0xff, 0xe7, 0xff, 0xe7, 0xff, 0xbf, 0xff, 0xdf, 0xff, 0xdf, 0xff, 0xd7,
  0xff, 0xb7, 0xff, 0xa7, 0xff, 0x87, 0xff, 0x7f, 0xdf, 0x77, 0xfe, 0x2e, 0x5d, 0x16, 0xfc, 0x15,
  0xbb, 0x05, 0xfb, 0x05, 0x7c, 0x16, 0x1e, 0x1f, 0x9d, 0x2e, 0x1c, 0x16, 0xb8, 0x04, 0x17, 0x04,
  0x17, 0x04, 0xb5, 0x03, 0x74, 0x03, 0x33, 0x03, 0x12, 0x03, 0x52, 0x03, 0xf1, 0x02, 0xd0, 0x02,
  0xf1, 0x02, 0x12, 0x03, 0x32, 0x03, 0x12, 0x03, 0xb0, 0x02, 0x11, 0x0b, 0x72, 0x13, 0xd4, 0x1b,
  0xb3, 0x1b, 0xd3, 0x23, 0x93, 0x1b, 0xd3, 0x1b, 0x92, 0x13, 0x31, 0x0b, 0x10, 0x0b, 0xd7, 0x2c,
  0xbd, 0x46, 0xb6, 0x24, 0x30, 0x13, 0x30, 0x1b, 0xf0, 0x12, 0x91, 0x23, 0x31, 0x23, 0x33, 0x33,
  0x33, 0x33, 0x00, 0x00, 0x00, 0x00, 0x00, 0x00, 0x00, 0x00, 0x33, 0x33, 0x1f, 0x00, 0x10, 0x04,
  0x00, 0x00, 0x10, 0x44, 0x00, 0x00, 0x00, 0x00, 0x10, 0x04, 0x00, 0x00, 0x00, 0x00, 0x00, 0x00,
  0x00, 0x00, 0x00, 0x00, 0x00, 0x00, 0x00, 0x00, 0x00, 0x00, 0x00, 0x00, 0x00, 0x00, 0x00, 0x00,
  0x00, 0x00, 0x00, 0x00, 0x00, 0x00, 0x00, 0x00, 0x00, 0x00, 0x00, 0x00, 0x00, 0x00, 0x00, 0x00,
  0x00, 0x00, 0x00, 0x00, 0x00, 0x00, 0x00, 0x00, 0x00, 0x00, 0x00, 0x00, 0x00, 0x00, 0x00, 0x00,
  0x00, 0x00, 0x00, 0x00, 0x00, 0x00, 0x00, 0x00, 0x00, 0x00, 0x00, 0x00, 0x00, 0x00, 0x00, 0x00,
  0x00, 0x00, 0x00, 0x00, 0x00, 0x00, 0x00, 0x00, 0x00, 0x00, 0x00, 0x00, 0x00, 0x00, 0x00, 0x00,
  0x00, 0x00, 0x00, 0x00, 0x00, 0x00, 0x00, 0x00, 0x00, 0x00, 0x00, 0x00, 0x00, 0x00, 0x00, 0x00,
  0x00, 0x00, 0x00, 0x00, 0x00, 0x00, 0x00, 0x00, 0x00, 0x00, 0x00, 0x00, 0x00, 0x00, 0x00, 0x00,
  0x00, 0x00, 0x00, 0x00, 0x1f, 0x00, 0x00, 0x00, 0x00, 0x00, 0x00, 0x00, 0x00, 0x00, 0x00, 0x00,
  0x00, 0x00, 0x00, 0x00, 0xb1, 0x3b, 0x00, 0x00, 0xb5, 0x52, 0xb5, 0x02, 0x91, 0x33, 0x30, 0x23,
  0x14, 0x1c, 0xba, 0x2d, 0x15, 0x1c, 0x2e, 0x12, 0x51, 0x2b, 0x71, 0x13, 0x71, 0x1b, 0xf0, 0x12,
  0xef, 0x0a, 0xf0, 0x0a, 0xd0, 0x0a, 0x11, 0x0b, 0x52, 0x0b, 0x10, 0x0b, 0xb1, 0x02, 0x16, 0x0c,
  0xd5, 0x13, 0xd1, 0x0a, 0x32, 0x0b, 0x57, 0x14, 0x77, 0x0c, 0x36, 0x04, 0x34, 0x03, 0x12, 0x03,
  0x12, 0x03, 0xb6, 0x03, 0x7b, 0x05, 0xdb, 0x05, 0x98, 0x04, 0xfa, 0x14, 0xba, 0x04, 0x58, 0x04,
  0xb8, 0x04, 0x78, 0x04, 0xb8, 0x04, 0x3a, 0x05, 0xd9, 0x04, 0x3c, 0x16, 0x5c, 0x16, 0x1c, 0x16,
  0x3c, 0x0e, 0x5c, 0x06, 0x5c, 0x06, 0x5c, 0x0e, 0xdb, 0x0d, 0x1d, 0x3f, 0x5e, 0x47, 0x1e, 0x3f,
  0x3e, 0x5f, 0x7f, 0x57, 0x3e, 0x3f, 0x5f, 0x37, 0x9f, 0x37, 0xff, 0xcf, 0xff, 0xcf, 0xff, 0xcf,
  0xff, 0xbf, 0xff, 0xaf, 0xbf, 0x67, 0x3f, 0x37, 0x3e, 0x37, 0xbf, 0x97, 0xbf, 0x8f, 0x5e, 0x5f,
  0x9d, 0x16, 0xde, 0x0e, 0x7d, 0x0e, 0x7d, 0x16, 0x5c, 0x0e, 0x1f, 0x17, 0x1f, 0x27, 0xdf, 0x26,
  0x7d, 0x1e, 0xdc, 0x1d, 0x3a, 0x05, 0xd7, 0x03, 0x75, 0x03, 0xb9, 0x04, 0xf7, 0x03, 0xb5, 0x03,
  0xd5, 0x03, 0xd4, 0x03, 0xd5, 0x03, 0xb4, 0x03, 0x32, 0x03, 0x32, 0x03, 0x53, 0x03, 0x11, 0x03,
  0xb0, 0x02, 0x8f, 0x02, 0xd0, 0x02, 0x32, 0x03, 0x31, 0x0b, 0x11, 0x13, 0x31, 0x13, 0x72, 0x13,
  0x92, 0x1b, 0x92, 0x1b, 0x91, 0x1b, 0x72, 0x1b, 0x72, 0x13, 0x51, 0x0b, 0xd0, 0x12, 0x31, 0x0b,
  0xb2, 0x0b, 0xce, 0x02, 0xef, 0x12, 0x11, 0x1b, 0xf0, 0x12, 0xd2, 0x2b, 0x51, 0x2b, 0x10, 0x2c,
  0x10, 0x04, 0x00, 0x00, 0x00, 0x00, 0x00, 0x00, 0x00, 0x00, 0x00, 0x00, 0x00, 0x00, 0x00, 0x00,
  0x00, 0x00, 0x00, 0x00, 0x10, 0x04, 0x00, 0x00, 0x2c, 0x33, 0x00, 0x00, 0x00, 0x00, 0x00, 0x00,
  0x00, 0x00, 0x00, 0x00, 0x00, 0x00, 0x00, 0x00, 0x00, 0x00, 0x00, 0x00, 0x10, 0x04, 0x00, 0x00,
  0x00, 0x00, 0x00, 0x00, 0x00, 0x00, 0x00, 0x00, 0x00, 0x00, 0x00, 0x00, 0x00, 0x00, 0x00, 0x00,
  0x00, 0x00, 0x00, 0x00, 0x00, 0x00, 0x00, 0x00, 0x00, 0x00, 0x00, 0x00, 0x00, 0x00, 0x00, 0x00,
  0x00, 0x00, 0x00, 0x00, 0x00, 0x00, 0x00, 0x00, 0x00, 0x00, 0x00, 0x00, 0x00, 0x00, 0x00, 0x00,
  0x00, 0x00, 0x00, 0x00, 0x00, 0x00, 0x00, 0x00, 0x00, 0x00, 0x00, 0x00, 0x00, 0x00, 0x00, 0x00,
  0x00, 0x00, 0x00, 0x00, 0x00, 0x00, 0x00, 0x00, 0x00, 0x00, 0x00, 0x00, 0x00, 0x00, 0x10, 0x04,
  0x2c, 0x33, 0x00, 0x00, 0x00, 0x00, 0x00, 0x00, 0x00, 0x00, 0x00, 0x00, 0x00, 0x00, 0x00, 0x00,
  0x00, 0x00, 0x00, 0x00, 0x00, 0x00, 0x00, 0x00, 0x00, 0x00, 0x10, 0x44, 0xb5, 0x52, 0xb5, 0x52,
  0x10, 0x04, 0x00, 0x00, 0x00, 0x00, 0x1f, 0x00, 0x10, 0x44, 0x92, 0x2b, 0xb2, 0x33, 0x71, 0x23,
  0x31, 0x23, 0x71, 0x23, 0xb2, 0x2b, 0xd2, 0x2b, 0x72, 0x23, 0xb3, 0x1b, 0x52, 0x1b, 0x31, 0x1b,
  0x52, 0x13, 0x94, 0x0b, 0x52, 0x0b, 0xb4, 0x13, 0x94, 0x0b, 0xd0, 0x0a, 0xaf, 0x0a, 0xd0, 0x02,
  0x52, 0x03, 0x36, 0x0c, 0x15, 0x0c, 0xf5, 0x0b, 0x97, 0x0c, 0x1a, 0x1d, 0x3b, 0x0d, 0x78, 0x0c,
  0xf5, 0x0b, 0x94, 0x03, 0x74, 0x03, 0x94, 0x03, 0x36, 0x0c, 0x98, 0x04, 0x57, 0x04, 0x37, 0x04,
  0xf6, 0x03, 0x37, 0x04, 0xd9, 0x04, 0xd9, 0x04, 0xf9, 0x04, 0x98, 0x0c, 0x36, 0x04, 0xf5, 0x03,
  0x37, 0x04, 0xd9, 0x04, 0xdc, 0x0d, 0x7e, 0x0e, 0x1d, 0x06, 0x1f, 0x17, 0xff, 0x1e, 0x1e, 0x47,
  0xbf, 0x4f, 0xff, 0x5f, 0xdf, 0x57, 0x9f, 0x37, 0x5f, 0x1f, 0x1f, 0x47, 0xde, 0x97, 0xff, 0x87,
  0xbf, 0x4f, 0x3e, 0x3f, 0x5f, 0x4f, 0x5f, 0x3f, 0x7f, 0x2f, 0xbf, 0x6f, 0xdf, 0x8f, 0xfe, 0x46,
  0x9e, 0x16, 0x3e, 0x16, 0x3d, 0x0e, 0xdd, 0x05, 0x9c, 0x05, 0x9c, 0x0d, 0x1d, 0x0e, 0x5e, 0x16,
  0x9b, 0x0d, 0x1a, 0x05, 0x36, 0x04, 0xd5, 0x03, 0x15, 0x04, 0xb4, 0x03, 0x53, 0x03, 0x32, 0x03,
  0xaf, 0x02, 0x6e, 0x02, 0xf1, 0x02, 0x73, 0x0b, 0xf0, 0x02, 0xaf, 0x0a, 0x8f, 0x0a, 0xf0, 0x0a,
  0x11, 0x13, 0x11, 0x13, 0x11, 0x1b, 0x52, 0x1b, 0xd4, 0x23, 0x93, 0x23, 0x93, 0x23, 0x92, 0x23,
  0x93, 0x1b, 0x72, 0x23, 0x72, 0x23, 0x51, 0x23, 0x72, 0x1b, 0x32, 0x23, 0x50, 0x2b, 0x31, 0x23,
  0x32, 0x2b, 0x10, 0x2c, 0x33, 0x33, 0x91, 0x3b, 0x10, 0x44, 0x10, 0x23, 0xcf, 0x1a, 0x10, 0x23,
  0xb1, 0x2b, 0x10, 0x2c, 0x00, 0x00, 0x00, 0x00, 0x1f, 0x00, 0x10, 0x44, 0x10, 0x23, 0x72, 0x23,
  0x00, 0x00, 0x00, 0x00, 0x00, 0x00, 0x00, 0x00, 0x00, 0x00, 0x00, 0x00, 0x00, 0x00, 0x00, 0x00,
  0x00, 0x00, 0x00, 0x00, 0x00, 0x00, 0x00, 0x00, 0x00, 0x00, 0x00, 0x00, 0x00, 0x00, 0x00, 0x00,
  0x00, 0x00, 0x00, 0x00, 0x00, 0x00, 0x00, 0x00, 0x00, 0x00, 0x00, 0x00, 0x00, 0x00, 0x00, 0x00,
  0x00, 0x00, 0x00, 0x00, 0x00, 0x00, 0x00, 0x00, 0x00, 0x00, 0x00, 0x00, 0x00, 0x00, 0x00, 0x00,
  0x00, 0x00, 0x00, 0x00, 0x00, 0x00, 0x00, 0x00, 0x00, 0x00, 0x00, 0x00, 0x00, 0x00, 0x00, 0x00,
  0x00, 0x00, 0x00, 0x00, 0x00, 0x00, 0x00, 0x00, 0x00, 0x00, 0x00, 0x00, 0x00, 0x00, 0x00, 0x00,
  0x00, 0x00, 0x00, 0x00, 0x00, 0x00, 0x00, 0x00, 0x00, 0x00, 0x00, 0x00, 0x00, 0x00, 0x00, 0x00,
  0x00, 0x00, 0x00, 0x00, 0x00, 0x00, 0x00, 0x00, 0x00, 0x00, 0x00, 0x00, 0x00, 0x00, 0x00, 0x00,
  0x10, 0x04, 0x00, 0x00, 0x00, 0x00, 0x00, 0x00, 0x00, 0x00, 0xb5, 0x52, 0x00, 0x00, 0x00, 0x00,
  0x33, 0x33, 0x00, 0x00, 0x00, 0x00, 0x33, 0x33, 0xb1, 0x3b, 0x92, 0x2b, 0x93, 0x2b, 0x52, 0x2b,
  0x91, 0x2b, 0x50, 0x2b, 0x50, 0x2b, 0x51, 0x2b, 0x51, 0x2b, 0x93, 0x23, 0x93, 0x23, 0x72, 0x1b,
  0x73, 0x13, 0x53, 0x0b, 0x8f, 0x0a, 0xb0, 0x0a, 0xd1, 0x0a, 0x8e, 0x0a, 0x4e, 0x02, 0x6f, 0x02,
  0xf1, 0x02, 0x36, 0x0c, 0x36, 0x0c, 0x32, 0x03, 0x73, 0x03, 0xf1, 0x0a, 0xf2, 0x02, 0x75, 0x03,
  0xf6, 0x03, 0xf5, 0x03, 0x36, 0x0c, 0x16, 0x04, 0xd5, 0x03, 0x15, 0x04, 0x36, 0x04, 0x37, 0x04,
  0x99, 0x04, 0xda, 0x04, 0x3b, 0x05, 0xd9, 0x04, 0x98, 0x04, 0x16, 0x04, 0xd4, 0x03, 0x94, 0x03,
  0x16, 0x04, 0x78, 0x04, 0xb5, 0x03, 0x33, 0x03, 0x53, 0x03, 0xd9, 0x04, 0xb9, 0x04, 0x3a, 0x05,
  0x3d, 0x0e, 0x9e, 0x0e, 0xdc, 0x0d, 0x5c, 0x05, 0x5b, 0x0d, 0x9d, 0x05, 0x7c, 0x05, 0xbc, 0x15,
  0x5d, 0x16, 0xbc, 0x0d, 0x9b, 0x0d, 0x7b, 0x05, 0xfa, 0x04, 0x5d, 0x1e, 0x3d, 0x1e, 0xdc, 0x15,
  0x7b, 0x0d, 0x3b, 0x0d, 0x3a, 0x0d, 0xd9, 0x04, 0xb9, 0x04, 0xd8, 0x04, 0x36, 0x04, 0x15, 0x04,
  0x36, 0x04, 0x15, 0x04, 0xb4, 0x03, 0x93, 0x03, 0x93, 0x03, 0x52, 0x03, 0x12, 0x03, 0xf1, 0x02,
  0x6e, 0x02, 0x8f, 0x0a, 0x11, 0x03, 0x73, 0x03, 0x11, 0x0b, 0x4d, 0x0a, 0xd0, 0x12, 0x93, 0x1b,
  0x52, 0x23, 0x93, 0x1b, 0xd3, 0x23, 0x93, 0x23, 0x93, 0x23, 0x92, 0x1b, 0x73, 0x23, 0xd2, 0x1b,
  0x72, 0x23, 0x72, 0x1b, 0x72, 0x23, 0x31, 0x1b, 0x30, 0x1b, 0x11, 0x2b, 0x91, 0x1b, 0x72, 0x23,
  0x91, 0x33, 0xb1, 0x2b, 0xb5, 0x02, 0x33, 0x33, 0x10, 0x04, 0x51, 0x2b, 0xef, 0x22, 0xcf, 0x22,
  0x10, 0x2b, 0x1f, 0x00, 0x00, 0x00, 0x10, 0x04, 0x00, 0x00, 0xb0, 0x2a, 0x00, 0x00, 0x1f, 0x00,
  0x72, 0x23, 0x10, 0x04, 0x00, 0x00, 0x00, 0x00, 0x00, 0x00, 0x00, 0x00, 0x00, 0x00, 0x00, 0x00,
  0x00, 0x00, 0x00, 0x00, 0x00, 0x00, 0x00, 0x00, 0x00, 0x00, 0x00, 0x00, 0x00, 0x00, 0x00, 0x00,
  0x00, 0x00, 0x00, 0x00, 0x00, 0x00, 0x00, 0x00, 0x00, 0x00, 0x00, 0x00, 0x00, 0x00, 0x00, 0x00,
  0x00, 0x00, 0x00, 0x00, 0x00, 0x00, 0x00, 0x00, 0x00, 0x00, 0x00, 0x00, 0x00, 0x00, 0x00, 0x00,
  0x00, 0x00, 0x00, 0x00, 0x00, 0x00, 0x00, 0x00, 0x00, 0x00, 0x00, 0x00, 0x00, 0x00, 0x00, 0x00,
  0x00, 0x00, 0x00, 0x00, 0x00, 0x00, 0x00, 0x00, 0x00, 0x00, 0x00, 0x00, 0x00, 0x00, 0x00, 0x00,
  0x00, 0x00, 0x00, 0x00, 0x00, 0x00, 0x00, 0x00, 0x00, 0x00, 0x00, 0x00, 0x00, 0x00, 0x00, 0x00,
  0x00, 0x00, 0x00, 0x00, 0x00, 0x00, 0x00, 0x00, 0x00, 0x00, 0x00, 0x00, 0x00, 0x00, 0x00, 0x00,
  0x00, 0x00, 0x00, 0x00, 0x00, 0x00, 0x00, 0x00, 0x6d, 0x4b, 0x10, 0x43, 0x00, 0x00, 0x00, 0x00,
  0x00, 0x00, 0x00, 0x00, 0x00, 0x00, 0x10, 0x43, 0x50, 0x2b, 0x72, 0x2b, 0x91, 0x2b, 0x31, 0x33,
  0xb1, 0x23, 0x51, 0x2b, 0x51, 0x2b, 0x51, 0x23, 0x51, 0x2b, 0x72, 0x23, 0x93, 0x23, 0x52, 0x1b,
  0x73, 0x13, 0x52, 0x13, 0x90, 0x0a, 0x6f, 0x02, 0x90, 0x02, 0x4e, 0x02, 0x2d, 0x02, 0x11, 0x0b,
  0x52, 0x0b, 0x52, 0x0b, 0x93, 0x0b, 0x32, 0x03, 0x32, 0x03, 0x93, 0x13, 0x72, 0x13, 0x33, 0x0b,
  0x94, 0x0b, 0xb4, 0x0b, 0xb5, 0x03, 0x74, 0x0b, 0x33, 0x03, 0xd1, 0x02, 0x12, 0x03, 0x74, 0x03,
  0xb5, 0x03, 0x16, 0x04, 0x98, 0x04, 0xd9, 0x04, 0xb8, 0x04, 0x57, 0x04, 0x36, 0x04, 0x37, 0x04,
  0x37, 0x04, 0xf6, 0x03, 0xd5, 0x03, 0xd5, 0x03, 0xd6, 0x03, 0x53, 0x03, 0x74, 0x03, 0x55, 0x03,
  0xf2, 0x02, 0xd2, 0x02, 0x33, 0x03, 0x95, 0x03, 0x98, 0x04, 0x5b, 0x05, 0xfa, 0x04, 0xda, 0x0c,
  0x17, 0x04, 0x95, 0x03, 0x97, 0x04, 0xf9, 0x0c, 0xf9, 0x04, 0x3b, 0x0d, 0xb8, 0x04, 0x38, 0x04,
  0x78, 0x04, 0x98, 0x0c, 0xd5, 0x03, 0xf5, 0x03, 0xb4, 0x03, 0x33, 0x03, 0xb0, 0x02, 0xd1, 0x02,
  0x11, 0x03, 0x12, 0x03, 0xf1, 0x02, 0x32, 0x03, 0x32, 0x03, 0x11, 0x03, 0xd0, 0x02, 0xd0, 0x02,
  0xf0, 0x02, 0x11, 0x0b, 0x31, 0x0b, 0x12, 0x0b, 0x11, 0x0b, 0x11, 0x1b, 0x72, 0x1b, 0x93, 0x2b,
  0xb3, 0x23, 0x93, 0x23, 0xb4, 0x2b, 0xb2, 0x23, 0x73, 0x23, 0x93, 0x23, 0x52, 0x1b, 0x31, 0x1b,
  0x10, 0x1b, 0x31, 0x1b, 0x51, 0x1b, 0x31, 0x1b, 0x10, 0x1b, 0x10, 0x23, 0x33, 0x33, 0x30, 0x33,
  0x91, 0x1b, 0x52, 0x2b, 0x72, 0x23, 0x91, 0x1b, 0x10, 0x44, 0x13, 0x44, 0x51, 0x2b, 0xef, 0x22,
  0xcf, 0x22, 0x10, 0x2b, 0x00, 0x00, 0x91, 0x3b, 0x1f, 0x00, 0x00, 0x00, 0x00, 0x00, 0x00, 0x00,
  0xaa, 0x52, 0x00, 0x00, 0x00, 0x00, 0x00, 0x00, 0x00, 0x00, 0x00, 0x00, 0x00, 0x00, 0x00, 0x00,
  0x00, 0x00, 0x00, 0x00, 0x00, 0x00, 0x00, 0x00, 0x00, 0x00, 0x00, 0x00, 0x00, 0x00, 0x00, 0x00,
  0x00, 0x00, 0x00, 0x00, 0x00, 0x00, 0x00, 0x00, 0x00, 0x00, 0x00, 0x00, 0x00, 0x00, 0x00, 0x00,
  0x00, 0x00, 0x00, 0x00, 0x00, 0x00, 0x00, 0x00, 0x00, 0x00, 0x00, 0x00, 0x00, 0x00, 0x00, 0x00,
  0x00, 0x00, 0x00, 0x00, 0x00, 0x00, 0x00, 0x00, 0x00, 0x00, 0x00, 0x00, 0x00, 0x00, 0x00, 0x00,
  0x00, 0x00, 0x00, 0x00, 0x00, 0x00, 0x00, 0x00, 0x00, 0x00, 0x00, 0x00, 0x00, 0x00, 0x00, 0x00,
  0x00, 0x00, 0x00, 0x00, 0x00, 0x00, 0x00, 0x00, 0x00, 0x00, 0x00, 0x00, 0x00, 0x00, 0x00, 0x00,
  0x00, 0x00, 0x00, 0x00, 0x00, 0x00, 0x00, 0x00, 0x00, 0x00, 0x00, 0x00, 0x00, 0x00, 0x00, 0x00,
  0x00, 0x00, 0x00, 0x00, 0x00, 0x00, 0x00, 0x00, 0x4f, 0x3b, 0xb0, 0x2a, 0x1f, 0x00, 0x10, 0x04,
  0x00, 0x00, 0x00, 0x00, 0x00, 0x00, 0x30, 0x33, 0x10, 0x33, 0x52, 0x33, 0x72, 0x23, 0x31, 0x33,
  0x52, 0x2b, 0x51, 0x2b, 0x91, 0x33, 0x51, 0x2b, 0x72, 0x33, 0x52, 0x2b, 0x52, 0x23, 0xf0, 0x1a,
  0x51, 0x1b, 0xb3, 0x23, 0x31, 0x1b, 0xf0, 0x12, 0x11, 0x13, 0xec, 0x01, 0x4e, 0x02, 0x52, 0x0b,
  0x72, 0x13, 0x11, 0x0b, 0x52, 0x13, 0x72, 0x13, 0xf5, 0x13, 0x74, 0x23, 0xb3, 0x23, 0x72, 0x1b,
  0x32, 0x13, 0x12, 0x0b, 0x53, 0x0b, 0x33, 0x0b, 0xf1, 0x02, 0x74, 0x03, 0x32, 0x03, 0x12, 0x03,
  0x11, 0x03, 0x32, 0x03, 0x53, 0x03, 0x94, 0x03, 0x16, 0x0c, 0x78, 0x04, 0x57, 0x04, 0x37, 0x04,
  0xf6, 0x03, 0x94, 0x03, 0xd5, 0x03, 0xd5, 0x03, 0xb5, 0x03, 0x94, 0x03, 0x74, 0x03, 0x53, 0x03,
  0x12, 0x03, 0x75, 0x03, 0xf6, 0x03, 0xb9, 0x0c, 0x7e, 0x1e, 0xb9, 0x04, 0xd9, 0x04, 0xbc, 0x15,
  0x56, 0x0c, 0x32, 0x03, 0x37, 0x04, 0x7b, 0x0d, 0x19, 0x05, 0xd9, 0x0c, 0x77, 0x0c, 0x16, 0x04,
  0x16, 0x04, 0x16, 0x04, 0xd5, 0x03, 0xf6, 0x03, 0x15, 0x04, 0x52, 0x03, 0x32, 0x03, 0x73, 0x03,
  0x52, 0x03, 0x32, 0x03, 0x11, 0x03, 0xd0, 0x02, 0xb0, 0x02, 0x11, 0x0b, 0x11, 0x0b, 0x52, 0x0b,
  0x52, 0x0b, 0x32, 0x0b, 0x32, 0x0b, 0xf1, 0x0a, 0xd0, 0x0a, 0xd3, 0x2b, 0x93, 0x23, 0x93, 0x23,
  0x92, 0x23, 0xb3, 0x23, 0x13, 0x24, 0xb3, 0x23, 0xb3, 0x23, 0x31, 0x1b, 0x31, 0x1b, 0x10, 0x1b,
  0xf0, 0x1a, 0x11, 0x1b, 0x31, 0x1b, 0x31, 0x1b, 0x31, 0x1b, 0x50, 0x2b, 0xb0, 0x2a, 0x91, 0x23,
  0x10, 0x44, 0x33, 0x33, 0x10, 0x04, 0x11, 0x23, 0x30, 0x23, 0x10, 0x44, 0x31, 0x33, 0x30, 0x2b,
  0xcf, 0x2a, 0x10, 0x2b, 0xb0, 0x2a, 0x91, 0x3b, 0xb0, 0x2a, 0x1f, 0x00, 0x00, 0x00, 0x6d, 0x23,
  0x10, 0x23, 0x00, 0x00, 0x00, 0x00, 0x00, 0x00, 0x00, 0x00, 0x00, 0x00, 0x00, 0x00, 0x00, 0x00,
  0x00, 0x00, 0x00, 0x00, 0x00, 0x00, 0x00, 0x00, 0x00, 0x00, 0x00, 0x00, 0x00, 0x00, 0x00, 0x00,
  0x00, 0x00, 0x00, 0x00, 0x00, 0x00, 0x00, 0x00, 0x00, 0x00, 0x00, 0x00, 0x00, 0x00, 0x00, 0x00,
  0x00, 0x00, 0x00, 0x00, 0x00, 0x00, 0x00, 0x00, 0x00, 0x00, 0x00, 0x00, 0x00, 0x00, 0x00, 0x00,
  0x00, 0x00, 0x00, 0x00, 0x00, 0x00, 0x00, 0x00, 0x00, 0x00, 0x00, 0x00, 0x00, 0x00, 0x00, 0x00,
  0x00, 0x00, 0x00, 0x00, 0x00, 0x00, 0x00, 0x00, 0x00, 0x00, 0x00, 0x00, 0x00, 0x00, 0x00, 0x00,
  0x00, 0x00, 0x00, 0x00, 0x00, 0x00, 0x00, 0x00, 0x00, 0x00, 0x00, 0x00, 0x00, 0x00, 0x00, 0x00,
  0x00, 0x00, 0x00, 0x00, 0x00, 0x00, 0x00, 0x00, 0x00, 0x00, 0x00, 0x00, 0x00, 0x00, 0x00, 0x00,
  0x00, 0x00, 0x00, 0x00, 0x00, 0x00, 0x00, 0x00, 0x8e, 0x3b, 0x1f, 0x00, 0x1f, 0x00, 0x00, 0x00,
  0x00, 0x00, 0x00, 0x00, 0x00, 0x00, 0x10, 0x2b, 0x8e, 0x22, 0x1f, 0x00, 0x11, 0x23, 0x51, 0x2b,
  0x31, 0x2b, 0x31, 0x33, 0x52, 0x2b, 0xb1, 0x2b, 0xb5, 0x52, 0x52, 0x2b, 0x72, 0x2b, 0x31, 0x1b,
  0x51, 0x23, 0xb1, 0x23, 0x51, 0x2b, 0x51, 0x23, 0x72, 0x23, 0x2d, 0x02, 0x8f, 0x0a, 0xf0, 0x0a,
  0x31, 0x13, 0x31, 0x13, 0x51, 0x1b, 0x72, 0x1b, 0x56, 0x2c, 0x94, 0x1b, 0x93, 0x1b, 0x93, 0x1b,
  0x93, 0x1b, 0x52, 0x13, 0x12, 0x0b, 0x32, 0x0b, 0xf1, 0x0a, 0x74, 0x03, 0x94, 0x03, 0x73, 0x03,
  0xb5, 0x0b, 0xd5, 0x03, 0x33, 0x03, 0xf1, 0x02, 0x53, 0x03, 0xb5, 0x03, 0xb5, 0x03, 0x94, 0x03,
  0xf5, 0x03, 0x57, 0x04, 0x16, 0x04, 0xb5, 0x03, 0x74, 0x03, 0xd5, 0x03, 0x77, 0x04, 0x78, 0x04,
  0x78, 0x04, 0x1a, 0x0d, 0xfa, 0x04, 0x5b, 0x0d, 0xfc, 0x15, 0x9b, 0x0d, 0x3e, 0x0e, 0x3f, 0x1f,
  0xdf, 0x57, 0x9e, 0x2e, 0x37, 0x0c, 0xfa, 0x04, 0x9b, 0x0d, 0xb8, 0x04, 0x19, 0x05, 0x3a, 0x05,
  0xf9, 0x04, 0x98, 0x04, 0x16, 0x04, 0xd5, 0x03, 0xb4, 0x03, 0xb4, 0x03, 0x32, 0x03, 0x32, 0x03,
  0x11, 0x03, 0xf0, 0x02, 0xb0, 0x02, 0x6e, 0x02, 0x6e, 0x02, 0xd0, 0x0a, 0x11, 0x0b, 0x12, 0x0b,
  0xf1, 0x0a, 0xd0, 0x0a, 0x11, 0x13, 0x11, 0x13, 0xaf, 0x0a, 0x51, 0x23, 0x31, 0x1b, 0x72, 0x1b,
  0x33, 0x1b, 0x13, 0x23, 0x00, 0x00, 0x00, 0x00, 0x10, 0x04, 0x52, 0x23, 0x31, 0x23, 0x10, 0x1b,
  0x31, 0x1b, 0x51, 0x23, 0x31, 0x23, 0x51, 0x23, 0x31, 0x23, 0x10, 0x04, 0x10, 0x44, 0x33, 0x33,
  0x00, 0x00, 0x10, 0x44, 0xb5, 0x02, 0x10, 0x23, 0x10, 0x33, 0x00, 0x00, 0x00, 0x00, 0x33, 0x33,
  0x0e, 0x2b, 0x10, 0x23, 0x50, 0x2b, 0xee, 0x2a, 0x10, 0x04, 0x00, 0x00, 0xae, 0x3a, 0x0f, 0x2b,
  0xef, 0x22, 0x50, 0x2b, 0x2c, 0x33, 0x00, 0x00, 0x00, 0x00, 0x00, 0x00, 0x00, 0x00, 0x00, 0x00,
  0x00, 0x00, 0x00, 0x00, 0x00, 0x00, 0x00, 0x00, 0x00, 0x00, 0x00, 0x00, 0x00, 0x00, 0x00, 0x00,
  0x00, 0x00, 0x00, 0x00, 0x00, 0x00, 0x00, 0x00, 0x00, 0x00, 0x00, 0x00, 0x00, 0x00, 0x00, 0x00,
  0x00, 0x00, 0x00, 0x00, 0x00, 0x00, 0x00, 0x00, 0x00, 0x00, 0x00, 0x00, 0x00, 0x00, 0x00, 0x00,
  0x00, 0x00, 0x00, 0x00, 0x00, 0x00, 0x00, 0x00, 0x00, 0x00, 0x00, 0x00, 0x00, 0x00, 0x00, 0x00,
  0x00, 0x00, 0x00, 0x00, 0x00, 0x00, 0x00, 0x00, 0x00, 0x00, 0x00, 0x00, 0x00, 0x00, 0x00, 0x00,
  0x00, 0x00, 0x00, 0x00, 0x00, 0x00, 0x00, 0x00, 0x00, 0x00, 0x00, 0x00, 0x00, 0x00, 0x00, 0x00,
  0x00, 0x00, 0x00, 0x00, 0x00, 0x00, 0x00, 0x00, 0x00, 0x00, 0x00, 0x00, 0x00, 0x00, 0x00, 0x00,
  0x00, 0x00, 0x00, 0x00, 0x00, 0x00, 0x00, 0x00, 0x00, 0x00, 0x1f, 0x00, 0x00, 0x00, 0x1f, 0x00,
  0x1f, 0x00, 0xb5, 0x52, 0x00, 0x00, 0x10, 0x43, 0xef, 0x32, 0x00, 0x00, 0x10, 0x43, 0x70, 0x33,
  0x10, 0x23, 0x72, 0x23, 0x91, 0x33, 0x10, 0x04, 0x10, 0x23, 0x13, 0x23, 0x91, 0x2b, 0x72, 0x23,
  0x72, 0x23, 0x91, 0x33, 0x51, 0x2b, 0x72, 0x23, 0x72, 0x23, 0x51, 0x13, 0xf0, 0x1a, 0x8e, 0x12,
  0x31, 0x23, 0x51, 0x23, 0x31, 0x1b, 0x93, 0x23, 0x15, 0x2c, 0x52, 0x1b, 0x92, 0x23, 0x93, 0x1b,
  0x93, 0x1b, 0x93, 0x1b, 0x93, 0x1b, 0x94, 0x1b, 0x93, 0x1b, 0x12, 0x03, 0xb0, 0x02, 0xb0, 0x02,
  0x53, 0x03, 0xb4, 0x0b, 0x73, 0x03, 0xb4, 0x03, 0x94, 0x03, 0x12, 0x03, 0xf2, 0x02, 0x32, 0x03,
  0x53, 0x03, 0xf6, 0x03, 0x78, 0x0c, 0xb9, 0x04, 0xda, 0x04, 0x77, 0x04, 0x98, 0x04, 0xd9, 0x0c,
  0x1a, 0x0d, 0x1a, 0x0d, 0x58, 0x04, 0x1a, 0x0d, 0xbb, 0x15, 0x9a, 0x15, 0xb8, 0x0c, 0x19, 0x0d,
  0x3c, 0x16, 0x97, 0x04, 0x94, 0x03, 0x16, 0x04, 0xb7, 0x0c, 0x77, 0x0c, 0x56, 0x0c, 0x57, 0x04,
  0x77, 0x04, 0x57, 0x04, 0xb4, 0x03, 0x52, 0x03, 0x52, 0x03, 0x32, 0x03, 0xf0, 0x02, 0x11, 0x03,
  0xf0, 0x02, 0x8e, 0x02, 0x8e, 0x0a, 0xcf, 0x0a, 0xf0, 0x0a, 0x10, 0x0b, 0xb0, 0x12, 0xf1, 0x0a,
  0x32, 0x13, 0x32, 0x13, 0x52, 0x1b, 0x72, 0x13, 0x51, 0x1b, 0x93, 0x1b, 0x73, 0x23, 0xb3, 0x23,
  0xb5, 0x02, 0x00, 0x00, 0x00, 0x00, 0x00, 0x00, 0xb5, 0x02, 0x11, 0x23, 0x50, 0x2b, 0x31, 0x23,
  0x32, 0x23, 0x11, 0x23, 0x11, 0x23, 0x30, 0x1b, 0x72, 0x23, 0x10, 0x04, 0x10, 0x04, 0x00, 0x00,
  0x1f, 0x00, 0x00, 0x00, 0x10, 0x04, 0xf1, 0x2a, 0x10, 0x23, 0x00, 0x00, 0x33, 0x33, 0x10, 0x33,
  0x0f, 0x33, 0xef, 0x2a, 0xef, 0x22, 0x0e, 0x23, 0x10, 0x23, 0x10, 0x04, 0x30, 0x33, 0xee, 0x22,
  0xce, 0x22, 0xee, 0x2a, 0xaa, 0x52, 0x00, 0x00, 0x00, 0x00, 0x00, 0x00, 0x00, 0x00, 0x00, 0x00,
  0x00, 0x00, 0x00, 0x00, 0x00, 0x00, 0x00, 0x00, 0x00, 0x00, 0x00, 0x00, 0x00, 0x00, 0x00, 0x00,
  0x00, 0x00, 0x00, 0x00, 0x00, 0x00, 0x00, 0x00, 0x00, 0x00, 0x00, 0x00, 0x00, 0x00, 0x00, 0x00,
  0x00, 0x00, 0x00, 0x00, 0x00, 0x00, 0x00, 0x00, 0x00, 0x00, 0x00, 0x00, 0x00, 0x00, 0x00, 0x00,
  0x00, 0x00, 0x00, 0x00, 0x00, 0x00, 0x00, 0x00, 0x00, 0x00, 0x00, 0x00, 0x00, 0x00, 0x00, 0x00,
  0x00, 0x00, 0x00, 0x00, 0x00, 0x00, 0x00, 0x00, 0x00, 0x00, 0x00, 0x00, 0x00, 0x00, 0x00, 0x00,
  0x00, 0x00, 0x00, 0x00, 0x00, 0x00, 0x00, 0x00, 0x00, 0x00, 0x00, 0x00, 0x00, 0x00, 0x00, 0x00,
  0x00, 0x00, 0x00, 0x00, 0x00, 0x00, 0x00, 0x00, 0x00, 0x00, 0x00, 0x00, 0x00, 0x00, 0x00, 0x00,
  0x00, 0x00, 0x00, 0x00, 0x00, 0x00, 0x00, 0x00, 0x00, 0x00, 0x00, 0x00, 0x00, 0x00, 0x00, 0x00,
  0x00, 0x00, 0x00, 0x00, 0x00, 0x00, 0x50, 0x2b, 0x0f, 0x2b, 0x91, 0x3b, 0x10, 0x43, 0x72, 0x23,
  0xb0, 0x2a, 0x72, 0x23, 0x00, 0x00, 0xb5, 0x52, 0x52, 0x2b, 0x33, 0x33, 0xb1, 0x2b, 0x10, 0x2c,
  0x91, 0x33, 0x10, 0x23, 0x52, 0x2b, 0x31, 0x23, 0x91, 0x2b, 0x33, 0x1b, 0x71, 0x23, 0xaf, 0x1a,
  0x10, 0x23, 0x10, 0x23, 0xd0, 0x12, 0x11, 0x1b, 0x14, 0x24, 0xb3, 0x23, 0xd2, 0x1b, 0x73, 0x23,
  0x92, 0x23, 0x52, 0x1b, 0x73, 0x23, 0x93, 0x1b, 0xb4, 0x1b, 0x52, 0x13, 0x93, 0x1b, 0xd0, 0x0a,
  0x2e, 0x02, 0x6f, 0x02, 0xd1, 0x02, 0x12, 0x03, 0x73, 0x0b, 0x32, 0x03, 0x32, 0x03, 0x12, 0x03,
  0xd1, 0x02, 0x74, 0x03, 0xd5, 0x03, 0xb5, 0x03, 0xd5, 0x03, 0xd5, 0x03, 0x73, 0x03, 0x12, 0x03,
  0x32, 0x03, 0x32, 0x03, 0xf2, 0x02, 0x94, 0x03, 0xf5, 0x03, 0xf0, 0x02, 0x8f, 0x02, 0xb0, 0x02,
  0xb0, 0x02, 0xf1, 0x02, 0x73, 0x03, 0xf5, 0x03, 0x93, 0x03, 0xd0, 0x02, 0x8f, 0x02, 0xb0, 0x02,
  0xf0, 0x02, 0xf0, 0x02, 0xd0, 0x02, 0xd0, 0x02, 0xf0, 0x02, 0xd0, 0x02, 0xf0, 0x0a, 0x51, 0x13,
  0x52, 0x13, 0x52, 0x13, 0x72, 0x1b, 0x93, 0x1b, 0x52, 0x13, 0x92, 0x1b, 0x72, 0x13, 0x93, 0x1b,
  0x53, 0x1b, 0x73, 0x13, 0xb4, 0x13, 0x52, 0x13, 0x72, 0x13, 0xb3, 0x23, 0x52, 0x23, 0x91, 0x1b,
  0x10, 0x44, 0x00, 0x00, 0x10, 0x2c, 0x1f, 0x00, 0x00, 0x00, 0x33, 0x1b, 0x91, 0x1b, 0x10, 0x04,
  0x10, 0x44, 0x91, 0x1b, 0x72, 0x23, 0x72, 0x23, 0x10, 0x23, 0x1f, 0x00, 0x00, 0x00, 0x00, 0x00,
  0x00, 0x00, 0x00, 0x00, 0x00, 0x00, 0x72, 0x23, 0x10, 0x23, 0x00, 0x00, 0x00, 0x00, 0x00, 0x00,
  0xb1, 0x3a, 0xaf, 0x32, 0xae, 0x22, 0xee, 0x22, 0x0f, 0x2b, 0x10, 0x44, 0xad, 0x2a, 0xee, 0x2a,
  0x0f, 0x23, 0x0e, 0x2b, 0xb0, 0x2a, 0x00, 0x00, 0x00, 0x00, 0x00, 0x00, 0x00, 0x00, 0x00, 0x00,
  0x00, 0x00, 0x00, 0x00, 0x00, 0x00, 0x00, 0x00, 0x00, 0x00, 0x00, 0x00, 0x00, 0x00, 0x00, 0x00,
  0x00, 0x00, 0x00, 0x00, 0x00, 0x00, 0x00, 0x00, 0x00, 0x00, 0x00, 0x00, 0x00, 0x00, 0x00, 0x00,
  0x00, 0x00, 0x00, 0x00, 0x00, 0x00, 0x00, 0x00, 0x00, 0x00, 0x00, 0x00, 0x00, 0x00, 0x00, 0x00,
  0x00, 0x00, 0x00, 0x00, 0x00, 0x00, 0x00, 0x00, 0x00, 0x00, 0x00, 0x00, 0x00, 0x00, 0x00, 0x00,
  0x00, 0x00, 0x00, 0x00, 0x00, 0x00, 0x00, 0x00, 0x00, 0x00, 0x00, 0x00, 0x00, 0x00, 0x00, 0x00,
  0x00, 0x00, 0x00, 0x00, 0x00, 0x00, 0x00, 0x00, 0x00, 0x00, 0x00, 0x00, 0x00, 0x00, 0x00, 0x00,
  0x00, 0x00, 0x00, 0x00, 0x00, 0x00, 0x00, 0x00, 0x00, 0x00, 0x00, 0x00, 0x00, 0x00, 0x00, 0x00,
  0x00, 0x00, 0x00, 0x00, 0x00, 0x00, 0x00, 0x00, 0x00, 0x00, 0x00, 0x00, 0x10, 0x44, 0x10, 0x04,
  0x00, 0x00, 0x00, 0x00, 0x00, 0x00, 0x10, 0x33, 0x10, 0x2b, 0x10, 0x04, 0x33, 0x33, 0x00, 0x00,
  0x1f, 0x00, 0x00, 0x00, 0x1f, 0x00, 0x1f, 0x00, 0x10, 0x2c, 0x10, 0x44, 0x13, 0x23, 0x00, 0x00,
  0x91, 0x2b, 0x31, 0x23, 0x72, 0x23, 0x72, 0x23, 0x72, 0x23, 0x10, 0x23, 0x71, 0x2b, 0x10, 0x23,
  0x51, 0x23, 0x11, 0x1b, 0x8f, 0x12, 0xd0, 0x12, 0xd4, 0x1b, 0x93, 0x23, 0x91, 0x1b, 0x73, 0x1b,
  0x51, 0x1b, 0x31, 0x1b, 0x52, 0x1b, 0x52, 0x1b, 0x73, 0x1b, 0x92, 0x1b, 0x93, 0x1b, 0xf4, 0x1b,
  0xb3, 0x13, 0x52, 0x13, 0xf1, 0x12, 0x8f, 0x0a, 0xaf, 0x0a, 0x73, 0x0b, 0x72, 0x0b, 0x11, 0x0b,
  0x31, 0x03, 0x32, 0x0b, 0x11, 0x0b, 0xd1, 0x02, 0xd1, 0x02, 0x11, 0x03, 0xf1, 0x0a, 0x8f, 0x02,
  0xd1, 0x02, 0xd1, 0x02, 0xf1, 0x0a, 0x12, 0x03, 0x12, 0x03, 0xaf, 0x02, 0xf1, 0x02, 0xd1, 0x02,
  0x90, 0x02, 0x53, 0x03, 0x93, 0x03, 0xf6, 0x0b, 0x54, 0x03, 0xf1, 0x02, 0x8f, 0x02, 0x8f, 0x02,
  0xd0, 0x02, 0xf0, 0x02, 0xaf, 0x0a, 0xf0, 0x02, 0x51, 0x0b, 0xcf, 0x0a, 0x10, 0x13, 0x92, 0x13,
  0xd3, 0x23, 0xb3, 0x23, 0x52, 0x1b, 0x31, 0x13, 0x12, 0x1b, 0x93, 0x1b, 0xd3, 0x1b, 0xd2, 0x1b,
  0x91, 0x1b, 0x93, 0x23, 0x52, 0x1b, 0x72, 0x23, 0x33, 0x1b, 0x92, 0x23, 0x32, 0x1b, 0x72, 0x23,
  0x91, 0x23, 0x91, 0x1b, 0x10, 0x04, 0x33, 0x33, 0xb0, 0x2a, 0x10, 0x04, 0x10, 0x04, 0x10, 0x04,
  0xf1, 0x2a, 0xf1, 0x12, 0x11, 0x2b, 0xb5, 0x02, 0x10, 0x23, 0x1f, 0x00, 0x10, 0x04, 0x00, 0x00,
  0x00, 0x00, 0x10, 0x04, 0x00, 0x00, 0x1f, 0x00, 0xf1, 0x2a, 0x00, 0x00, 0x00, 0x00, 0x00, 0x00,
  0x00, 0x00, 0x00, 0x00, 0x10, 0x33, 0xef, 0x22, 0x51, 0x2b, 0xee, 0x2a, 0x2f, 0x2b, 0x70, 0x2b,
  0xee, 0x1a, 0xee, 0x1a, 0xce, 0x22, 0xaa, 0x02, 0xaa, 0x02, 0x00, 0x00, 0x00, 0x00, 0x00, 0x00,
  0x00, 0x00, 0x00, 0x00, 0x00, 0x00, 0x00, 0x00, 0x00, 0x00, 0x00, 0x00, 0x00, 0x00, 0x00, 0x00,
  0x00, 0x00, 0x00, 0x00, 0x00, 0x00, 0x00, 0x00, 0x00, 0x00, 0x00, 0x00, 0x00, 0x00, 0x00, 0x00,
  0x00, 0x00, 0x00, 0x00, 0x00, 0x00, 0x00, 0x00, 0x00, 0x00, 0x00, 0x00, 0x00, 0x00, 0x00, 0x00,
  0x00, 0x00, 0x00, 0x00, 0x00, 0x00, 0x00, 0x00, 0x00, 0x00, 0x00, 0x00, 0x00, 0x00, 0x00, 0x00,
  0x00, 0x00, 0x00, 0x00, 0x00, 0x00, 0x00, 0x00, 0x00, 0x00, 0x00, 0x00, 0x00, 0x00, 0x00, 0x00,
  0x00, 0x00, 0x00, 0x00, 0x00, 0x00, 0x00, 0x00, 0x00, 0x00, 0x00, 0x00, 0x00, 0x00, 0x00, 0x00,
  0x00, 0x00, 0x00, 0x00, 0x00, 0x00, 0x00, 0x00, 0x00, 0x00, 0x00, 0x00, 0x00, 0x00, 0x00, 0x00,
  0x00, 0x00, 0x00, 0x00, 0x00, 0x00, 0x00, 0x00, 0x00, 0x00, 0x00, 0x00, 0x00, 0x00, 0x00, 0x00,
  0x00, 0x00, 0x00, 0x00, 0x00, 0x00, 0x00, 0x00, 0x00, 0x00, 0x1f, 0x00, 0x00, 0x00, 0x00, 0x00,
  0x00, 0x00, 0x00, 0x00, 0x00, 0x00, 0x00, 0x00, 0x00, 0x00, 0x1f, 0x00, 0x10, 0x23, 0x33, 0x33,
  0xb5, 0x52, 0x33, 0x33, 0x91, 0x3b, 0xb1, 0x2b, 0x71, 0x2b, 0x91, 0x3b, 0x72, 0x23, 0x51, 0x2b,
  0x32, 0x2b, 0x31, 0x2b, 0x93, 0x23, 0x93, 0x23, 0xd2, 0x2b, 0x91, 0x23, 0x52, 0x23, 0x52, 0x1b,
  0x72, 0x1b, 0x52, 0x13, 0x52, 0x13, 0x11, 0x13, 0xd0, 0x02, 0x72, 0x23, 0xb2, 0x23, 0x93, 0x23,
  0x93, 0x1b, 0xf4, 0x23, 0xb3, 0x1b, 0x73, 0x1b, 0xd4, 0x1b, 0x72, 0x13, 0x93, 0x13, 0xb3, 0x13,
  0xd4, 0x13, 0xd4, 0x13, 0x93, 0x13, 0x93, 0x13, 0xd4, 0x1b, 0x93, 0x1b, 0x52, 0x13, 0x31, 0x0b,
  0x31, 0x0b, 0xf1, 0x0a, 0x11, 0x0b, 0x33, 0x0b, 0x12, 0x0b, 0x11, 0x03, 0x90, 0x02, 0xd1, 0x02,
  0x90, 0x02, 0xf1, 0x02, 0x36, 0x0c, 0xf9, 0x14, 0xd5, 0x0b, 0xf1, 0x0a, 0xf0, 0x0a, 0xd0, 0x12,
  0x8f, 0x0a, 0xaf, 0x0a, 0x10, 0x13, 0x51, 0x13, 0x51, 0x13, 0x93, 0x23, 0x72, 0x1b, 0x31, 0x1b,
  0x51, 0x1b, 0x31, 0x1b, 0x73, 0x23, 0x52, 0x2b, 0x52, 0x2b, 0x72, 0x23, 0x72, 0x23, 0x91, 0x1b,
  0x10, 0x44, 0xb5, 0x02, 0x33, 0x1b, 0x72, 0x23, 0xb5, 0x02, 0x72, 0x23, 0x51, 0x23, 0x10, 0x23,
  0x10, 0x23, 0x1f, 0x00, 0xb5, 0x02, 0x72, 0x23, 0x33, 0x33, 0x10, 0x04, 0x00, 0x00, 0xb5, 0x02,
  0x30, 0x2b, 0x10, 0x23, 0x10, 0x04, 0x72, 0x23, 0x10, 0x04, 0x10, 0x04, 0xb0, 0x2a, 0xb1, 0x1a,
  0x10, 0x04, 0xb0, 0x2a, 0x00, 0x00, 0x00, 0x00, 0x00, 0x00, 0x00, 0x00, 0x00, 0x00, 0x00, 0x00,
  0x00, 0x00, 0x00, 0x00, 0x00, 0x00, 0x00, 0x00, 0x10, 0x04, 0x00, 0x00, 0x10, 0x04, 0xae, 0x32,
  0xae, 0x2a, 0x00, 0x00, 0x00, 0x00, 0x00, 0x00, 0x00, 0x00, 0x00, 0x00, 0x00, 0x00, 0x00, 0x00,
  0x00, 0x00, 0x00, 0x00, 0x00, 0x00, 0x00, 0x00, 0x00, 0x00, 0x00, 0x00, 0x00, 0x00, 0x00, 0x00,
  0x00, 0x00, 0x00, 0x00, 0x00, 0x00, 0x00, 0x00, 0x00, 0x00, 0x00, 0x00, 0x00, 0x00, 0x00, 0x00,
  0x00, 0x00, 0x00, 0x00, 0x00, 0x00, 0x00, 0x00, 0x00, 0x00, 0x00, 0x00, 0x00, 0x00, 0x00, 0x00,
  0x00, 0x00, 0x00, 0x00, 0x00, 0x00, 0x00, 0x00, 0x00, 0x00, 0x00, 0x00, 0x00, 0x00, 0x00, 0x00,
  0x00, 0x00, 0x00, 0x00, 0x00, 0x00, 0x00, 0x00, 0x00, 0x00, 0x00, 0x00, 0x00, 0x00, 0x00, 0x00,
  0x00, 0x00, 0x00, 0x00, 0x00, 0x00, 0x00, 0x00, 0x00, 0x00, 0x00, 0x00, 0x00, 0x00, 0x00, 0x00,
  0x00, 0x00, 0x00, 0x00, 0x00, 0x00, 0x00, 0x00, 0x00, 0x00, 0x00, 0x00, 0x00, 0x00, 0x00, 0x00,
  0x00, 0x00, 0x00, 0x00, 0x00, 0x00, 0x00, 0x00, 0x00, 0x00, 0x00, 0x00, 0x00, 0x00, 0x00, 0x00,
  0x00, 0x00, 0x00, 0x00, 0x00, 0x00, 0x00, 0x00, 0x00, 0x00, 0x00, 0x00, 0x00, 0x00, 0x00, 0x00,
  0x00, 0x00, 0x00, 0x00, 0x00, 0x00, 0x00, 0x00, 0x00, 0x00, 0x33, 0x33, 0xb5, 0x52, 0xb1, 0x2b,
  0x72, 0x33, 0xb0, 0x2a, 0x72, 0x23, 0x51, 0x2b, 0x31, 0x2b, 0x00, 0x00, 0x10, 0x04, 0x72, 0x23,
  0x33, 0x33, 0x30, 0x2b, 0x31, 0x23, 0x31, 0x23, 0x72, 0x23, 0x31, 0x23, 0x11, 0x1b, 0xf0, 0x1a,
  0xaf, 0x12, 0xaf, 0x12, 0x6e, 0x12, 0xb0, 0x12, 0x32, 0x1b, 0x92, 0x23, 0x72, 0x1b, 0x92, 0x23,
  0x73, 0x1b, 0x92, 0x23, 0x52, 0x1b, 0x73, 0x23, 0x73, 0x23, 0x52, 0x1b, 0x32, 0x13, 0x11, 0x0b,
  0x31, 0x0b, 0x31, 0x0b, 0x11, 0x0b, 0xf1, 0x0a, 0x31, 0x13, 0x73, 0x23, 0x52, 0x1b, 0x52, 0x13,
  0x52, 0x13, 0xf0, 0x0a, 0x11, 0x0b, 0x93, 0x13, 0xb4, 0x13, 0xb4, 0x0b, 0x94, 0x03, 0x53, 0x03,
  0x53, 0x03, 0x53, 0x03, 0x73, 0x0b, 0xd5, 0x0b, 0xf6, 0x0b, 0x4e, 0x0a, 0x6e, 0x0a, 0xf0, 0x0a,
  0xaf, 0x0a, 0xf0, 0x0a, 0x31, 0x13, 0x72, 0x13, 0x51, 0x13, 0x52, 0x1b, 0x31, 0x1b, 0x31, 0x1b,
  0x31, 0x23, 0x31, 0x1b, 0x51, 0x1b, 0x52, 0x1b, 0xb1, 0x13, 0x52, 0x2b, 0xb5, 0x02, 0x33, 0x33,
  0x10, 0x44, 0x1f, 0x00, 0x1f, 0x00, 0x1f, 0x00, 0x33, 0x33, 0x51, 0x23, 0x31, 0x23, 0x10, 0x23,
  0x10, 0x04, 0x10, 0x04, 0x33, 0x33, 0xb5, 0x02, 0x1f, 0x00, 0x00, 0x00, 0x10, 0x44, 0x33, 0x33,
  0x50, 0x2b, 0x10, 0x04, 0x00, 0x00, 0xb0, 0x2a, 0x10, 0x44, 0x00, 0x00, 0x10, 0x23, 0x1f, 0x00,
  0x00, 0x00, 0x00, 0x00, 0x00, 0x00, 0x00, 0x00, 0x00, 0x00, 0x00, 0x00, 0x00, 0x00, 0x00, 0x00,
  0x00, 0x00, 0x00, 0x00, 0x00, 0x00, 0x00, 0x00, 0x00, 0x00, 0x00, 0x00, 0x00, 0x00, 0x00, 0x00,
  0xb0, 0x2a, 0x00, 0x00, 0x00, 0x00, 0x00, 0x00, 0x00, 0x00, 0x00, 0x00, 0x00, 0x00, 0x00, 0x00,
  0x00, 0x00, 0x00, 0x00, 0x00, 0x00, 0x00, 0x00, 0x00, 0x00, 0x00, 0x00, 0x00, 0x00, 0x00, 0x00,
  0x00, 0x00, 0x00, 0x00, 0x00, 0x00, 0x00, 0x00, 0x00, 0x00, 0x00, 0x00, 0x00, 0x00, 0x00, 0x00,
  0x00, 0x00, 0x00, 0x00, 0x00, 0x00, 0x00, 0x00, 0x00, 0x00, 0x00, 0x00, 0x00, 0x00, 0x00, 0x00,
  0x00, 0x00, 0x00, 0x00, 0x00, 0x00, 0x00, 0x00, 0x00, 0x00, 0x00, 0x00, 0x00, 0x00, 0x00, 0x00,
  0x00, 0x00, 0x00, 0x00, 0x00, 0x00, 0x00, 0x00, 0x00, 0x00, 0x00, 0x00, 0x00, 0x00, 0x00, 0x00,
  0x00, 0x00, 0x00, 0x00, 0x00, 0x00, 0x00, 0x00, 0x00, 0x00, 0x00, 0x00, 0x00, 0x00, 0x00, 0x00,
  0x00, 0x00, 0x00, 0x00, 0x00, 0x00, 0x00, 0x00, 0x00, 0x00, 0x00, 0x00, 0x00, 0x00, 0x00, 0x00,
  0x00, 0x00, 0x00, 0x00, 0x00, 0x00, 0x00, 0x00, 0x00, 0x00, 0x00, 0x00, 0x00, 0x00, 0x00, 0x00,
  0x00, 0x00, 0x00, 0x00, 0x00, 0x00, 0x00, 0x00, 0x00, 0x00, 0x00, 0x00, 0x00, 0x00, 0x00, 0x00,
  0x00, 0x00, 0x00, 0x00, 0x00, 0x00, 0x00, 0x00, 0x00, 0x00, 0x10, 0x43, 0x72, 0x23, 0x51, 0x2b,
  0x71, 0x2b, 0x11, 0x2b, 0x11, 0x23, 0x10, 0x2b, 0x1f, 0x00, 0x00, 0x00, 0x10, 0x04, 0x00, 0x00,
  0x00, 0x00, 0x10, 0x23, 0x31, 0x2b, 0x72, 0x23, 0x92, 0x2b, 0x11, 0x23, 0x10, 0x1b, 0xf0, 0x1a,
  0xf0, 0x1a, 0x31, 0x1b, 0x11, 0x23, 0x11, 0x1b, 0x32, 0x23, 0x92, 0x23, 0x73, 0x23, 0x15, 0x2c,
  0x33, 0x33, 0x00, 0x00, 0x10, 0x44, 0xb5, 0x02, 0x52, 0x2b, 0x93, 0x23, 0x51, 0x1b, 0xf1, 0x12,
  0xf0, 0x12, 0xcf, 0x12, 0xf0, 0x12, 0xcf, 0x0a, 0xcf, 0x12, 0x72, 0x1b, 0x52, 0x1b, 0x52, 0x13,
  0x72, 0x1b, 0x72, 0x1b, 0x92, 0x1b, 0x93, 0x1b, 0xd4, 0x1b, 0x73, 0x0b, 0xd4, 0x0b, 0xf5, 0x0b,
  0x15, 0x0c, 0xd5, 0x0b, 0x12, 0x03, 0xd1, 0x02, 0x53, 0x03, 0x0e, 0x02, 0x2d, 0x0a, 0xf0, 0x12,
  0x31, 0x13, 0x31, 0x13, 0x52, 0x13, 0x52, 0x13, 0x11, 0x13, 0x51, 0x1b, 0x31, 0x1b, 0x51, 0x23,
  0x52, 0x1b, 0x51, 0x1b, 0x31, 0x1b, 0x33, 0x33, 0x1f, 0x00, 0x91, 0x23, 0x10, 0x04, 0x1f, 0x00,
  0x00, 0x00, 0x00, 0x00, 0x00, 0x00, 0x00, 0x00, 0x91, 0x1b, 0xf0, 0x22, 0xf0, 0x2a, 0xb5, 0x02,
  0x00, 0x00, 0x10, 0x04, 0x00, 0x00, 0x00, 0x00, 0x1f, 0x00, 0x00, 0x00, 0xb1, 0x1a, 0x10, 0x23,
  0x1f, 0x00, 0x00, 0x00, 0x1f, 0x00, 0x72, 0x23, 0x10, 0x04, 0x33, 0x33, 0x10, 0x04, 0x00, 0x00,
  0x00, 0x00, 0x00, 0x00, 0x00, 0x00, 0x00, 0x00, 0x00, 0x00, 0x00, 0x00, 0x00, 0x00, 0x00, 0x00,
  0x00, 0x00, 0x00, 0x00, 0x00, 0x00, 0x00, 0x00, 0x00, 0x00, 0x00, 0x00, 0x00, 0x00, 0x00, 0x00,
  0x00, 0x00, 0x00, 0x00, 0x00, 0x00, 0x00, 0x00, 0x00, 0x00, 0x00, 0x00, 0x00, 0x00, 0x00, 0x00,
  0x00, 0x00, 0x00, 0x00, 0x00, 0x00, 0x00, 0x00, 0x00, 0x00, 0x00, 0x00, 0x00, 0x00, 0x00, 0x00,
  0x00, 0x00, 0x00, 0x00, 0x00, 0x00, 0x00, 0x00, 0x00, 0x00, 0x00, 0x00, 0x00, 0x00, 0x00, 0x00,
  0x00, 0x00, 0x00, 0x00, 0x00, 0x00, 0x00, 0x00, 0x00, 0x00, 0x00, 0x00, 0x00, 0x00, 0x00, 0x00,
  0x00, 0x00, 0x00, 0x00, 0x00, 0x00, 0x00, 0x00, 0x00, 0x00, 0x00, 0x00, 0x00, 0x00, 0x00, 0x00,
  0x00, 0x00, 0x00, 0x00, 0x00, 0x00, 0x00, 0x00, 0x00, 0x00, 0x00, 0x00, 0x00, 0x00, 0x00, 0x00,
  0x00, 0x00, 0x00, 0x00, 0x00, 0x00, 0x00, 0x00, 0x00, 0x00, 0x00, 0x00, 0x00, 0x00, 0x00, 0x00,
  0x00, 0x00, 0x00, 0x00, 0x00, 0x00, 0x00, 0x00, 0x00, 0x00, 0x00, 0x00, 0x00, 0x00, 0x00, 0x00,
  0x00, 0x00, 0x00, 0x00, 0x00, 0x00, 0x00, 0x00, 0x00, 0x00, 0x00, 0x00, 0x00, 0x00, 0x00, 0x00,
  0x00, 0x00, 0x00, 0x00, 0x00, 0x00, 0x00, 0x00, 0x00, 0x00, 0x00, 0x00, 0x00, 0x00, 0x00, 0x00,
  0x00, 0x00, 0x00, 0x00, 0x00, 0x00, 0x00, 0x00, 0x00, 0x00, 0x00, 0x00, 0xb0, 0x2a, 0x10, 0x23,
  0x10, 0x23, 0x10, 0x2b, 0xd0, 0x22, 0xf0, 0x2a, 0xf0, 0x2a, 0x00, 0x00, 0x11, 0x23, 0x11, 0x33,
  0x72, 0x23, 0x50, 0x2b, 0x11, 0x23, 0x31, 0x23, 0x10, 0x44, 0x30, 0x23, 0x11, 0x23, 0xb1, 0x1a,
  0xf1, 0x22, 0x51, 0x23, 0x51, 0x23, 0x50, 0x2b, 0x51, 0x23, 0x72, 0x23, 0x33, 0x23, 0x72, 0x23,
  0x33, 0x33, 0x10, 0x44, 0x00, 0x00, 0x72, 0x23, 0x15, 0x2c, 0x72, 0x23, 0x72, 0x23, 0x31, 0x1b,
  0x31, 0x1b, 0x72, 0x1b, 0x72, 0x23, 0x52, 0x1b, 0x31, 0x1b, 0x92, 0x23, 0x52, 0x1b, 0x31, 0x1b,
  0x73, 0x1b, 0x72, 0x1b, 0x73, 0x1b, 0x52, 0x1b, 0x52, 0x13, 0x11, 0x0b, 0xd0, 0x0a, 0xd0, 0x0a,
  0x12, 0x0b, 0x52, 0x0b, 0x11, 0x0b, 0xf1, 0x0a, 0x32, 0x0b, 0xd1, 0x0a, 0x8f, 0x0a, 0x11, 0x13,
  0x31, 0x13, 0x52, 0x13, 0x11, 0x13, 0xf0, 0x12, 0xf0, 0x12, 0x31, 0x1b, 0x31, 0x1b, 0x32, 0x23,
  0x31, 0x1b, 0x51, 0x1b, 0x31, 0x1b, 0x51, 0x1b, 0x10, 0x04, 0x72, 0x23, 0x1f, 0x00, 0xb5, 0x02,
  0x33, 0x33, 0x00, 0x00, 0x00, 0x00, 0x1f, 0x00, 0xb5, 0x02, 0xf0, 0x22, 0xd0, 0x1a, 0xb1, 0x1a,
  0x1f, 0x00, 0x1f, 0x00, 0x00, 0x00, 0x10, 0x04, 0x30, 0x1b, 0x91, 0x1b, 0xef, 0x22, 0xd0, 0x22,
  0x33, 0x33, 0x10, 0x04, 0x00, 0x00, 0x00, 0x00, 0x10, 0x42, 0xb0, 0x2a, 0x00, 0x00, 0x00, 0x00,
  0x00, 0x00, 0x00, 0x00, 0x00, 0x00, 0x00, 0x00, 0x00, 0x00, 0x00, 0x00, 0x00, 0x00, 0x00, 0x00,
  0x00, 0x00, 0x00, 0x00, 0x00, 0x00, 0x00, 0x00, 0x00, 0x00, 0x00, 0x00, 0x00, 0x00, 0x00, 0x00,
  0x00, 0x00, 0x00, 0x00, 0x00, 0x00, 0x00, 0x00, 0x00, 0x00, 0x00, 0x00, 0x00, 0x00, 0x00, 0x00,
  0x00, 0x00, 0x00, 0x00, 0x00, 0x00, 0x00, 0x00, 0x00, 0x00, 0x00, 0x00, 0x00, 0x00, 0x00, 0x00,
  0x00, 0x00, 0x00, 0x00, 0x00, 0x00, 0x00, 0x00, 0x00, 0x00, 0x00, 0x00, 0x00, 0x00, 0x00, 0x00,
  0x00, 0x00, 0x00, 0x00, 0x00, 0x00, 0x00, 0x00, 0x00, 0x00, 0x00, 0x00, 0x00, 0x00, 0x00, 0x00,
  0x00, 0x00, 0x00, 0x00, 0x00, 0x00, 0x00, 0x00, 0x00, 0x00, 0x00, 0x00, 0x00, 0x00, 0x00, 0x00,
  0x00, 0x00, 0x00, 0x00, 0x00, 0x00, 0x00, 0x00, 0x00, 0x00, 0x00, 0x00, 0x00, 0x00, 0x00, 0x00,
  0x00, 0x00, 0x00, 0x00, 0x00, 0x00, 0x00, 0x00, 0x00, 0x00, 0x00, 0x00, 0x00, 0x00, 0x00, 0x00,
  0x00, 0x00, 0x00, 0x00, 0x00, 0x00, 0x00, 0x00, 0x00, 0x00, 0x00, 0x00, 0x00, 0x00, 0x00, 0x00,
  0x00, 0x00, 0x00, 0x00, 0x00, 0x00, 0x00, 0x00, 0x00, 0x00, 0x00, 0x00, 0x00, 0x00, 0x00, 0x00,
  0x00, 0x00, 0x00, 0x00, 0x00, 0x00, 0x00, 0x00, 0x00, 0x00, 0x00, 0x00, 0x00, 0x00, 0x00, 0x00,
  0x00, 0x00, 0x00, 0x00, 0x00, 0x00, 0x00, 0x00, 0x00, 0x00, 0x00, 0x00, 0x10, 0x33, 0xef, 0x2a,
  0xf0, 0x22, 0x10, 0x2b, 0xf0, 0x2a, 0x10, 0x2b, 0x10, 0x2b, 0x10, 0x44, 0x30, 0x33, 0x1f, 0x00,
  0xb5, 0x52, 0x91, 0x3b, 0x31, 0x2b, 0x11, 0x23, 0x33, 0x33, 0x11, 0x23, 0xf0, 0x22, 0xd0, 0x22,
  0xd0, 0x2a, 0x10, 0x23, 0x30, 0x1b, 0x31, 0x23, 0x11, 0x23, 0x00, 0x00, 0x33, 0x33, 0x00, 0x00,
  0x72, 0x23, 0x13, 0x23, 0x72, 0x23, 0x10, 0x44, 0x1f, 0x00, 0x33, 0x1b, 0x73, 0x23, 0x72, 0x23,
  0x52, 0x23, 0x52, 0x23, 0x72, 0x23, 0x72, 0x23, 0x72, 0x23, 0x92, 0x23, 0x72, 0x23, 0x31, 0x1b,
  0x32, 0x1b, 0x52, 0x1b, 0x52, 0x1b, 0x31, 0x1b, 0x31, 0x13, 0x11, 0x13, 0xf1, 0x12, 0x8f, 0x0a,
  0xaf, 0x0a, 0xf0, 0x0a, 0xf0, 0x0a, 0xd0, 0x12, 0xd0, 0x12, 0x32, 0x13, 0xd0, 0x12, 0xaf, 0x12,
  0xb0, 0x0a, 0xf0, 0x12, 0x10, 0x13, 0xf0, 0x12, 0x11, 0x13, 0x31, 0x1b, 0x11, 0x1b, 0x31, 0x23,
  0x31, 0x1b, 0x31, 0x23, 0x31, 0x1b, 0x31, 0x1b, 0x51, 0x23, 0x00, 0x00, 0x00, 0x00, 0x00, 0x00,
  0x00, 0x00, 0x00, 0x00, 0x00, 0x00, 0x00, 0x00, 0x00, 0x00, 0x10, 0x23, 0xef, 0x1a, 0xd0, 0x22,
  0x00, 0x00, 0x00, 0x00, 0x00, 0x00, 0x00, 0x00, 0x10, 0x44, 0xb1, 0x1a, 0xd0, 0x22, 0xcf, 0x22,
  0x00, 0x00, 0x00, 0x00, 0x00, 0x00, 0x00, 0x00, 0xaa, 0x02, 0x00, 0x00, 0x00, 0x00, 0x00, 0x00,
  0x00, 0x00, 0x00, 0x00, 0x00, 0x00, 0x00, 0x00, 0x00, 0x00, 0x00, 0x00, 0x00, 0x00, 0x00, 0x00,
  0x00, 0x00, 0x00, 0x00, 0x00, 0x00, 0x00, 0x00, 0x00, 0x00, 0x00, 0x00, 0x00, 0x00, 0x00, 0x00,
  0x00, 0x00, 0x00, 0x00, 0x00, 0x00, 0x00, 0x00, 0x00, 0x00, 0x00, 0x00, 0x00, 0x00, 0x00, 0x00,
  0x00, 0x00, 0x00, 0x00, 0x00, 0x00, 0x00, 0x00, 0x00, 0x00, 0x00, 0x00, 0x00, 0x00, 0x00, 0x00,
  0x00, 0x00, 0x00, 0x00, 0x00, 0x00, 0x00, 0x00, 0x00, 0x00, 0x00, 0x00, 0x00, 0x00, 0x00, 0x00,
  0x00, 0x00, 0x00, 0x00, 0x00, 0x00, 0x00, 0x00, 0x00, 0x00, 0x00, 0x00, 0x00, 0x00, 0x00, 0x00,
  0x00, 0x00, 0x00, 0x00, 0x00, 0x00, 0x00, 0x00, 0x00, 0x00, 0x00, 0x00, 0x00, 0x00, 0x00, 0x00,
  0x00, 0x00, 0x00, 0x00, 0x00, 0x00, 0x00, 0x00, 0x00, 0x00, 0x00, 0x00, 0x00, 0x00, 0x00, 0x00,
  0x00, 0x00, 0x00, 0x00, 0x00, 0x00, 0x00, 0x00, 0x00, 0x00, 0x00, 0x00, 0x00, 0x00, 0x00, 0x00,
  0x00, 0x00, 0x00, 0x00, 0x00, 0x00, 0x00, 0x00, 0x00, 0x00, 0x00, 0x00, 0x00, 0x00, 0x00, 0x00,
  0x00, 0x00, 0x00, 0x00, 0x00, 0x00, 0x00, 0x00, 0x00, 0x00, 0x00, 0x00, 0x00, 0x00, 0x00, 0x00,
  0x00, 0x00, 0x00, 0x00, 0x00, 0x00, 0x00, 0x00, 0x00, 0x00, 0x00, 0x00, 0x00, 0x00, 0x00, 0x00,
  0x00, 0x00, 0x00, 0x00, 0x00, 0x00, 0x00, 0x00, 0x00, 0x00, 0xaa, 0x52, 0xae, 0x3a, 0xef, 0x2a,
  0x10, 0x2b, 0x30, 0x2b, 0xef, 0x22, 0xcf, 0x22, 0xf0, 0x2a, 0xb0, 0x2a, 0x00, 0x00, 0x00, 0x00,
  0x10, 0x23, 0x00, 0x00, 0x10, 0x23, 0x8e, 0x12, 0x51, 0x2b, 0x31, 0x2b, 0x10, 0x2b, 0xf0, 0x22,
  0xd1, 0x22, 0x00, 0x00, 0x72, 0x23, 0x72, 0x23, 0x10, 0x23, 0x00, 0x00, 0x10, 0x44, 0x00, 0x00,
  0xb5, 0x02, 0x1f, 0x00, 0x33, 0x33, 0x00, 0x00, 0x10, 0x04, 0x72, 0x23, 0x33, 0x23, 0x72, 0x23,
  0xb1, 0x2b, 0x52, 0x23, 0x91, 0x23, 0x91, 0x1b, 0x72, 0x23, 0x92, 0x1b, 0x93, 0x1b, 0x52, 0x23,
  0x52, 0x1b, 0x92, 0x23, 0x93, 0x1b, 0xb3, 0x23, 0x52, 0x23, 0x52, 0x13, 0x32, 0x1b, 0x11, 0x13,
  0xf0, 0x12, 0x10, 0x1b, 0x31, 0x1b, 0x31, 0x1b, 0xf1, 0x12, 0x31, 0x13, 0xf0, 0x12, 0xd0, 0x1a,
  0xf1, 0x1a, 0x11, 0x1b, 0x51, 0x1b, 0x51, 0x23, 0x12, 0x1b, 0x52, 0x23, 0x10, 0x1b, 0x31, 0x23,
  0x11, 0x1b, 0x72, 0x23, 0xb5, 0x02, 0x31, 0x23, 0x72, 0x23, 0x1f, 0x00, 0x00, 0x00, 0x1f, 0x00,
  0x00, 0x00, 0x00, 0x00, 0x00, 0x00, 0x00, 0x00, 0x1f, 0x00, 0x31, 0x23, 0xd0, 0x22, 0xf0, 0x1a,
  0x00, 0x00, 0x00, 0x00, 0x00, 0x00, 0x00, 0x00, 0x10, 0x04, 0x00, 0x00, 0xd0, 0x22, 0xcf, 0x22,
  0x10, 0x42, 0x00, 0x00, 0x00, 0x00, 0x00, 0x00, 0x00, 0x00, 0x00, 0x00, 0x00, 0x00, 0x00, 0x00,
  0x00, 0x00, 0x00, 0x00, 0x00, 0x00, 0x00, 0x00, 0x00, 0x00, 0x00, 0x00, 0x00, 0x00, 0x00, 0x00,
  0x00, 0x00, 0x00, 0x00, 0x00, 0x00, 0x00, 0x00, 0x00, 0x00, 0x00, 0x00, 0x00, 0x00, 0x00, 0x00,
  0x00, 0x00, 0x00, 0x00, 0x00, 0x00, 0x00, 0x00, 0x00, 0x00, 0x00, 0x00, 0x00, 0x00, 0x00, 0x00,
  0x00, 0x00, 0x00, 0x00, 0x00, 0x00, 0x00, 0x00, 0x00, 0x00, 0x00, 0x00, 0x00, 0x00, 0x00, 0x00,
  0x00, 0x00, 0x00, 0x00, 0x00, 0x00, 0x00, 0x00, 0x00, 0x00, 0x00, 0x00, 0x00, 0x00, 0x00, 0x00,
  0x00, 0x00, 0x00, 0x00, 0x00, 0x00, 0x00, 0x00, 0x00, 0x00, 0x00, 0x00, 0x00, 0x00, 0x00, 0x00,
  0x00, 0x00, 0x00, 0x00, 0x00, 0x00, 0x00, 0x00, 0x00, 0x00, 0x00, 0x00, 0x00, 0x00, 0x00, 0x00,
  0x00, 0x00, 0x00, 0x00, 0x00, 0x00, 0x00, 0x00, 0x00, 0x00, 0x00, 0x00, 0x00, 0x00, 0x00, 0x00,
  0x00, 0x00, 0x00, 0x00, 0x00, 0x00, 0x00, 0x00, 0x00, 0x00, 0x00, 0x00, 0x00, 0x00, 0x00, 0x00,
  0x00, 0x00, 0x00, 0x00, 0x00, 0x00, 0x00, 0x00, 0x00, 0x00, 0x00, 0x00, 0x00, 0x00, 0x00, 0x00,
  0x00, 0x00, 0x00, 0x00, 0x00, 0x00, 0x00, 0x00, 0x00, 0x00, 0x00, 0x00, 0x00, 0x00, 0x00, 0x00,
  0x00, 0x00, 0x00, 0x00, 0x00, 0x00, 0x00, 0x00, 0x00, 0x00, 0x00, 0x00, 0x00, 0x00, 0x00, 0x00,
  0x00, 0x00, 0x00, 0x00, 0x00, 0x00, 0x00, 0x00, 0x00, 0x00, 0x10, 0x42, 0x10, 0x04, 0x6d, 0x23,
  0x00, 0x00, 0xb0, 0x2a, 0x0f, 0x33, 0x10, 0x23, 0x10, 0x23, 0x10, 0x23, 0x00, 0x00, 0x33, 0x33,
  0x33, 0x33, 0x00, 0x00, 0xf0, 0x22, 0x8e, 0x1a, 0x6d, 0x1a, 0x11, 0x1b, 0x10, 0x23, 0x31, 0x23,
  0xb1, 0x1a, 0xb0, 0x2a, 0x11, 0x23, 0x31, 0x23, 0x10, 0x04, 0x10, 0x04, 0x10, 0x04, 0x00, 0x00,
  0x1f, 0x00, 0x10, 0x44, 0x1f, 0x00, 0x00, 0x00, 0x00, 0x00, 0xb1, 0x2b, 0x33, 0x1b, 0x33, 0x33,
  0xb5, 0x02, 0x10, 0x2c, 0x10, 0x04, 0xb3, 0x23, 0xb1, 0x2b, 0x33, 0x1b, 0x91, 0x1b, 0x52, 0x1b,
  0x72, 0x23, 0xb3, 0x23, 0x33, 0x1b, 0x52, 0x1b, 0x52, 0x1b, 0x72, 0x1b, 0x31, 0x13, 0x31, 0x13,
  0x11, 0x1b, 0x31, 0x1b, 0x31, 0x13, 0x11, 0x23, 0x31, 0x1b, 0x31, 0x1b, 0x71, 0x1b, 0x72, 0x1b,
  0x11, 0x1b, 0x32, 0x23, 0x11, 0x1b, 0x11, 0x13, 0x33, 0x1b, 0xb1, 0x23, 0x31, 0x1b, 0x11, 0x23,
  0xf1, 0x2a, 0xb5, 0x02, 0x10, 0x04, 0x10, 0x04, 0x10, 0x04, 0x1f, 0x00, 0x00, 0x00, 0x00, 0x00,
  0x00, 0x00, 0x00, 0x00, 0x00, 0x00, 0x00, 0x00, 0x00, 0x00, 0x11, 0x23, 0xcf, 0x22, 0xf0, 0x1a,
  0xb0, 0x2a, 0x00, 0x00, 0x00, 0x00, 0x1f, 0x00, 0xb0, 0x2a, 0x10, 0x04, 0x10, 0x42, 0xd0, 0x22,
  0xb0, 0x2a, 0x10, 0x42, 0x00, 0x00, 0x00, 0x00, 0x00, 0x00, 0x00, 0x00, 0x00, 0x00, 0x00, 0x00,
  0x00, 0x00, 0x00, 0x00, 0x00, 0x00, 0x00, 0x00, 0x00, 0x00, 0x00, 0x00, 0x00, 0x00, 0x00, 0x00,
  0x00, 0x00, 0x00, 0x00, 0x00, 0x00, 0x00, 0x00, 0x00, 0x00, 0x00, 0x00, 0x00, 0x00, 0x00, 0x00,
  0x00, 0x00, 0x00, 0x00, 0x00, 0x00, 0x00, 0x00, 0x00, 0x00, 0x00, 0x00, 0x00, 0x00, 0x00, 0x00,
  0x00, 0x00, 0x00, 0x00, 0x00, 0x00, 0x00, 0x00, 0x00, 0x00, 0x00, 0x00, 0x00, 0x00, 0x00, 0x00,
  0x00, 0x00, 0x00, 0x00, 0x00, 0x00, 0x00, 0x00, 0x00, 0x00, 0x00, 0x00, 0x00, 0x00, 0x00, 0x00,
  0x00, 0x00, 0x00, 0x00, 0x00, 0x00, 0x00, 0x00, 0x00, 0x00, 0x00, 0x00, 0x00, 0x00, 0x00, 0x00,
  0x00, 0x00, 0x00, 0x00, 0x02, 0x00, 0x00, 0x00, 0x00, 0x00, 0x00, 0x00, 0x00, 0x00, 0x00, 0x00,
  0x00, 0x00, 0x00, 0x00, 0x00, 0x00, 0x00, 0x00, 0x00, 0x00, 0x00, 0x00, 0x00, 0x00, 0x00, 0x00,
  0x00, 0x00, 0x00, 0x00, 0x00, 0x00, 0x00, 0x00, 0x00, 0x00, 0x00, 0x00, 0x00, 0x00, 0x00, 0x00,
  0x00, 0x00, 0x00, 0x00, 0x00, 0x00, 0x00, 0x00, 0x00, 0x00, 0x00, 0x00, 0x00, 0x00, 0x00, 0x00,
  0x00, 0x00, 0x00, 0x00, 0x00, 0x00, 0x00, 0x00, 0x00, 0x00, 0x00, 0x00, 0x00, 0x00, 0x00, 0x00,
  0x00, 0x00, 0x00, 0x00, 0x00, 0x00, 0x00, 0x00, 0x00, 0x00, 0x00, 0x00, 0x00, 0x00, 0x00, 0x00,
  0x00, 0x00, 0x00, 0x00, 0x00, 0x00, 0x00, 0x00, 0x00, 0x00, 0x00, 0x00, 0x00, 0x00, 0x00, 0x00,
  0x00, 0x00, 0x00, 0x00, 0x00, 0x00, 0x00, 0x00, 0x00, 0x00, 0x03, 0x00, 0x07, 0x1c, 0x39, 0x0c,
  0x06, 0x03, 0x06, 0x00, 0x06, 0x00, 0x00, 0x00, 0x00, 0x00, 0x00, 0x00, 0x00, 0x00, 0x00, 0x00,
  0x00, 0x00, 0x00, 0x00, 0x00, 0x00, 0x00, 0x00, 0x00, 0x00, 0x00, 0x00, 0x00, 0x00, 0x00, 0x00,
  0x00, 0x00, 0x00, 0x00, 0x00, 0x00, 0x00, 0x00, 0x00, 0x00, 0x00, 0x00, 0x00, 0x00, 0x00, 0x00,
  0x00, 0x00, 0x00, 0x00, 0x00, 0x00, 0x00, 0x00, 0x00, 0x00, 0x00, 0x00, 0x00, 0x00, 0x00, 0x00,
  0x00, 0x00, 0x00, 0x00, 0x00, 0x00, 0x00, 0x00, 0x00, 0x00, 0x00, 0x00, 0x00, 0x00, 0x00, 0x00,
  0x00, 0x00, 0x00, 0x00, 0x00, 0x00, 0x00, 0x00, 0x00, 0x00, 0x00, 0x00, 0x00, 0x00, 0x00, 0x00,
  0x00, 0x00, 0x00, 0x00, 0x00, 0x00, 0x00, 0x00, 0x00, 0x00, 0x00, 0x00, 0x00, 0x00, 0x00, 0x00,
  0x00, 0x00, 0x00, 0x00, 0x00, 0x00, 0x00, 0x00, 0x00, 0x00, 0x00, 0x00, 0x00, 0x00, 0x00, 0x00,
  0x00, 0x00, 0x00, 0x00, 0x00, 0x00, 0x00, 0x00, 0x00, 0x00, 0x00, 0x00, 0x00, 0x00, 0x00, 0x00,
  0x00, 0x00, 0x00, 0x00, 0x00, 0x00, 0x00, 0x00, 0x00, 0x00, 0x00, 0x00, 0x00, 0x00, 0x00, 0x00,
  0x00, 0x00, 0x00, 0x00, 0x00, 0x00, 0x00, 0x00, 0x00, 0x00, 0x00, 0x00, 0x00, 0x00, 0x00, 0x00,
  0x00, 0x00, 0x00, 0x00, 0x00, 0x00, 0x00, 0x00, 0x00, 0x00, 0x00, 0x00, 0x00, 0x00, 0x03, 0x00,
  0x00, 0x00, 0x02, 0x03, 0x20, 0x55, 0x9d, 0x1f, 0x03, 0x00, 0x02, 0x03, 0x03, 0x00, 0x00, 0x00,
  0x00, 0x00, 0x00, 0x00, 0x00, 0x00, 0x00, 0x00, 0x00, 0x00, 0x00, 0x00, 0x00, 0x00, 0x00, 0x00,
  0x00, 0x00, 0x00, 0x00, 0x00, 0x00, 0x00, 0x00, 0x00, 0x00, 0x00, 0x00, 0x00, 0x00, 0x00, 0x00,
  0x00, 0x00, 0x00, 0x00, 0x00, 0x00, 0x00, 0x00, 0x00, 0x00, 0x00, 0x00, 0x00, 0x00, 0x00, 0x00,
  0x00, 0x00, 0x00, 0x00, 0x00, 0x00, 0x00, 0x00, 0x00, 0x00, 0x00, 0x00, 0x00, 0x00, 0x00, 0x00,
  0x00, 0x00, 0x00, 0x00, 0x00, 0x00, 0x00, 0x00, 0x00, 0x00, 0x00, 0x00, 0x00, 0x00, 0x00, 0x00,
  0x00, 0x00, 0x00, 0x00, 0x00, 0x00, 0x00, 0x00, 0x00, 0x00, 0x00, 0x00, 0x00, 0x00, 0x00, 0x00,
  0x00, 0x00, 0x00, 0x00, 0x00, 0x00, 0x00, 0x00, 0x00, 0x00, 0x00, 0x00, 0x00, 0x00, 0x00, 0x00,
  0x00, 0x00, 0x00, 0x00, 0x00, 0x00, 0x00, 0x00, 0x00, 0x00, 0x00, 0x00, 0x00, 0x00, 0x00, 0x00,
  0x00, 0x00, 0x00, 0x00, 0x00, 0x00, 0x00, 0x00, 0x00, 0x00, 0x00, 0x00, 0x00, 0x00, 0x00, 0x00,
  0x00, 0x00, 0x00, 0x00, 0x00, 0x00, 0x00, 0x00, 0x00, 0x00, 0x00, 0x00, 0x00, 0x00, 0x00, 0x00,
  0x00, 0x00, 0x00, 0x00, 0x00, 0x00, 0x00, 0x00, 0x00, 0x00, 0x00, 0x00, 0x00, 0x00, 0x00, 0x00,
  0x00, 0x00, 0x00, 0x00, 0x00, 0x02, 0x00, 0x00, 0x00, 0x00, 0x03, 0x0f, 0xcf, 0xdc, 0xec, 0x5b,
  0x06, 0x00, 0x06, 0x00, 0x03, 0x00, 0x00, 0x00, 0x00, 0x00, 0x00, 0x00, 0x00, 0x00, 0x00, 0x00,
  0x00, 0x00, 0x00, 0x00, 0x00, 0x00, 0x00, 0x00, 0x00, 0x00, 0x00, 0x00, 0x00, 0x00, 0x00, 0x00,
  0x00, 0x00, 0x00, 0x00, 0x00, 0x00, 0x00, 0x00, 0x00, 0x00, 0x00, 0x00, 0x00, 0x00, 0x00, 0x00,
  0x00, 0x00, 0x00, 0x00, 0x00, 0x00, 0x00, 0x00, 0x00, 0x00, 0x00, 0x00, 0x00, 0x00, 0x00, 0x00,
  0x00, 0x00, 0x00, 0x00, 0x00, 0x00, 0x00, 0x00, 0x00, 0x00, 0x00, 0x00, 0x00, 0x00, 0x00, 0x00,
  0x00, 0x00, 0x00, 0x00, 0x00, 0x00, 0x00, 0x00, 0x00, 0x00, 0x00, 0x00, 0x00, 0x00, 0x00, 0x00,
  0x00, 0x00, 0x00, 0x00, 0x00, 0x00, 0x00, 0x00, 0x00, 0x00, 0x00, 0x00, 0x00, 0x00, 0x00, 0x00,
  0x00, 0x00, 0x00, 0x00, 0x00, 0x00, 0x00, 0x00, 0x00, 0x00, 0x00, 0x00, 0x00, 0x00, 0x00, 0x00,
  0x00, 0x00, 0x00, 0x00, 0x00, 0x00, 0x00, 0x00, 0x00, 0x00, 0x00, 0x00, 0x00, 0x00, 0x00, 0x00,
  0x00, 0x00, 0x00, 0x00, 0x00, 0x00, 0x00, 0x00, 0x00, 0x00, 0x00, 0x00, 0x00, 0x00, 0x00, 0x00,
  0x00, 0x00, 0x00, 0x00, 0x00, 0x00, 0x00, 0x00, 0x00, 0x00, 0x00, 0x00, 0x00, 0x00, 0x00, 0x00,
  0x00, 0x00, 0x00, 0x00, 0x00, 0x00, 0x00, 0x00, 0x00, 0x00, 0x00, 0x00, 0x00, 0x02, 0x00, 0x00,
  0x00, 0x00, 0x06, 0x40, 0xdc, 0xf3, 0xfb, 0xcf, 0x09, 0x00, 0x03, 0x00, 0x00, 0x00, 0x00, 0x00,
  0x00, 0x00, 0x00, 0x00, 0x00, 0x00, 0x00, 0x00, 0x00, 0x00, 0x00, 0x00, 0x00, 0x00, 0x00, 0x00,
  0x00, 0x00, 0x00, 0x00, 0x00, 0x00, 0x00, 0x00, 0x00, 0x00, 0x00, 0x00, 0x00, 0x00, 0x00, 0x00,
  0x00, 0x00, 0x00, 0x00, 0x00, 0x00, 0x00, 0x00, 0x00, 0x00, 0x00, 0x00, 0x00, 0x00, 0x00, 0x00,
  0x00, 0x00, 0x00, 0x00, 0x00, 0x00, 0x00, 0x00, 0x00, 0x00, 0x00, 0x00, 0x00, 0x00, 0x00, 0x00,
  0x00, 0x00, 0x00, 0x00, 0x00, 0x00, 0x00, 0x00, 0x00, 0x00, 0x00, 0x00, 0x00, 0x00, 0x00, 0x00,
  0x00, 0x00, 0x00, 0x00, 0x00, 0x00, 0x00, 0x00, 0x00, 0x00, 0x00, 0x00, 0x00, 0x00, 0x00, 0x00,
  0x00, 0x00, 0x00, 0x00, 0x00, 0x00, 0x00, 0x00, 0x02, 0x00, 0x00, 0x00, 0x00, 0x00, 0x00, 0x00,
  0x00, 0x00, 0x00, 0x00, 0x00, 0x00, 0x00, 0x00, 0x00, 0x00, 0x00, 0x00, 0x00, 0x00, 0x00, 0x00,
  0x00, 0x00, 0x00, 0x00, 0x00, 0x00, 0x00, 0x00, 0x00, 0x00, 0x00, 0x00, 0x00, 0x00, 0x00, 0x00,
  0x00, 0x00, 0x00, 0x00, 0x00, 0x00, 0x00, 0x00, 0x00, 0x00, 0x00, 0x00, 0x00, 0x00, 0x00, 0x00,
  0x00, 0x00, 0x00, 0x00, 0x00, 0x00, 0x00, 0x00, 0x00, 0x00, 0x00, 0x00, 0x00, 0x00, 0x00, 0x00,
  0x00, 0x00, 0x00, 0x00, 0x00, 0x00, 0x00, 0x00, 0x02, 0x00, 0x06, 0x11, 0xc2, 0xfb, 0xfd, 0xac,
  0x0d, 0x05, 0x04, 0x00, 0x00, 0x00, 0x00, 0x00, 0x00, 0x00, 0x00, 0x00, 0x00, 0x00, 0x00, 0x00,
  0x00, 0x00, 0x00, 0x00, 0x00, 0x00, 0x00, 0x00, 0x00, 0x00, 0x00, 0x00, 0x00, 0x00, 0x00, 0x00,
  0x00, 0x00, 0x00, 0x00, 0x00, 0x00, 0x00, 0x00, 0x00, 0x00, 0x00, 0x00, 0x00, 0x00, 0x00, 0x00,
  0x00, 0x00, 0x00, 0x00, 0x00, 0x00, 0x00, 0x00, 0x00, 0x00, 0x00, 0x00, 0x00, 0x00, 0x00, 0x00,
  0x00, 0x00, 0x00, 0x00, 0x00, 0x00, 0x00, 0x00, 0x00, 0x00, 0x00, 0x00, 0x00, 0x00, 0x00, 0x00,
  0x00, 0x00, 0x00, 0x00, 0x00, 0x00, 0x00, 0x00, 0x00, 0x00, 0x00, 0x00, 0x00, 0x00, 0x00, 0x00,
  0x00, 0x00, 0x00, 0x00, 0x00, 0x00, 0x00, 0x00, 0x00, 0x00, 0x00, 0x00, 0x00, 0x00, 0x00, 0x00,
  0x00, 0x00, 0x00, 0x00, 0x00, 0x00, 0x00, 0x00, 0x00, 0x00, 0x00, 0x00, 0x00, 0x00, 0x00, 0x00,
  0x00, 0x00, 0x00, 0x00, 0x00, 0x00, 0x00, 0x00, 0x00, 0x00, 0x00, 0x00, 0x00, 0x00, 0x00, 0x00,
  0x00, 0x00, 0x00, 0x00, 0x00, 0x00, 0x00, 0x00, 0x00, 0x00, 0x00, 0x00, 0x00, 0x00, 0x00, 0x00,
  0x00, 0x00, 0x00, 0x00, 0x00, 0x00, 0x00, 0x00, 0x00, 0x00, 0x00, 0x00, 0x00, 0x00, 0x00, 0x00,
  0x00, 0x00, 0x00, 0x00, 0x00, 0x00, 0x00, 0x00, 0x00, 0x00, 0x00, 0x00, 0x00, 0x00, 0x00, 0x00,
  0x00, 0x00, 0x04, 0x00, 0x3c, 0xd2, 0xe8, 0x5f, 0x03, 0x0a, 0x03, 0x02, 0x00, 0x00, 0x00, 0x00,
  0x00, 0x00, 0x00, 0x00, 0x00, 0x00, 0x00, 0x00, 0x00, 0x00, 0x00, 0x00, 0x00, 0x00, 0x00, 0x00,
  0x00, 0x00, 0x00, 0x00, 0x00, 0x00, 0x00, 0x00, 0x00, 0x00, 0x00, 0x00, 0x00, 0x00, 0x00, 0x00,
  0x00, 0x00, 0x00, 0x00, 0x00, 0x00, 0x00, 0x00, 0x00, 0x00, 0x00, 0x00, 0x00, 0x00, 0x00, 0x00,
  0x00, 0x00, 0x00, 0x00, 0x00, 0x00, 0x00, 0x00, 0x00, 0x00, 0x00, 0x00, 0x00, 0x00, 0x00, 0x00,
  0x00, 0x00, 0x00, 0x00, 0x00, 0x00, 0x00, 0x00, 0x00, 0x00, 0x00, 0x00, 0x00, 0x00, 0x00, 0x00,
  0x00, 0x00, 0x00, 0x00, 0x00, 0x00, 0x00, 0x00, 0x00, 0x00, 0x00, 0x00, 0x00, 0x00, 0x00, 0x00,
  0x00, 0x00, 0x00, 0x00, 0x00, 0x00, 0x00, 0x00, 0x00, 0x00, 0x00, 0x00, 0x00, 0x00, 0x00, 0x00,
  0x00, 0x00, 0x00, 0x00, 0x00, 0x00, 0x00, 0x00, 0x00, 0x00, 0x00, 0x00, 0x00, 0x00, 0x00, 0x00,
  0x00, 0x00, 0x00, 0x00, 0x00, 0x00, 0x00, 0x00, 0x00, 0x00, 0x00, 0x00, 0x00, 0x00, 0x00, 0x00,
  0x00, 0x00, 0x00, 0x00, 0x00, 0x00, 0x00, 0x00, 0x00, 0x00, 0x00, 0x00, 0x00, 0x00, 0x00, 0x00,
  0x00, 0x00, 0x00, 0x00, 0x00, 0x00, 0x00, 0x00, 0x00, 0x00, 0x00, 0x00, 0x00, 0x00, 0x00, 0x00,
  0x00, 0x00, 0x00, 0x00, 0x00, 0x00, 0x03, 0x02, 0x00, 0x00, 0x03, 0x08, 0x07, 0x1c, 0x44, 0x19,
  0x00, 0x00, 0x00, 0x02, 0x04, 0x00, 0x00, 0x00, 0x00, 0x00, 0x00, 0x00, 0x00, 0x00, 0x00, 0x00,
  0x00, 0x00, 0x00, 0x00, 0x00, 0x00, 0x00, 0x00, 0x00, 0x00, 0x00, 0x00, 0x00, 0x00, 0x00, 0x00,
  0x00, 0x00, 0x00, 0x00, 0x00, 0x00, 0x00, 0x00, 0x00, 0x00, 0x00, 0x00, 0x00, 0x00, 0x00, 0x00,
  0x00, 0x00, 0x00, 0x00, 0x00, 0x00, 0x00, 0x00, 0x00, 0x00, 0x00, 0x00, 0x00, 0x00, 0x00, 0x00,
  0x00, 0x00, 0x00, 0x00, 0x00, 0x00, 0x00, 0x00, 0x00, 0x00, 0x00, 0x00, 0x00, 0x00, 0x00, 0x00,
  0x00, 0x00, 0x00, 0x00, 0x00, 0x00, 0x00, 0x00, 0x00, 0x00, 0x00, 0x00, 0x00, 0x00, 0x00, 0x00,
  0x00, 0x00, 0x00, 0x00, 0x00, 0x00, 0x00, 0x00, 0x00, 0x00, 0x00, 0x00, 0x00, 0x00, 0x00, 0x00,
  0x00, 0x00, 0x00, 0x00, 0x00, 0x00, 0x00, 0x00, 0x00, 0x00, 0x00, 0x00, 0x00, 0x00, 0x00, 0x00,
  0x00, 0x00, 0x00, 0x00, 0x00, 0x00, 0x00, 0x00, 0x00, 0x00, 0x00, 0x00, 0x00, 0x00, 0x00, 0x00,
  0x00, 0x00, 0x00, 0x00, 0x00, 0x00, 0x00, 0x00, 0x00, 0x00, 0x00, 0x00, 0x00, 0x00, 0x00, 0x00,
  0x00, 0x00, 0x00, 0x00, 0x00, 0x00, 0x00, 0x00, 0x00, 0x00, 0x00, 0x00, 0x00, 0x00, 0x00, 0x00,
  0x00, 0x00, 0x00, 0x00, 0x00, 0x00, 0x00, 0x00, 0x00, 0x00, 0x00, 0x00, 0x00, 0x00, 0x00, 0x00,
  0x00, 0x00, 0x00, 0x00, 0x00, 0x00, 0x00, 0x00, 0x00, 0x00, 0x00, 0x00, 0x00, 0x00, 0x00, 0x00,
  0x00, 0x00, 0x00, 0x00, 0x00, 0x00, 0x00, 0x00, 0x00, 0x00, 0x00, 0x00, 0x00, 0x00, 0x00, 0x00,
  0x00, 0x00, 0x00, 0x00, 0x00, 0x00, 0x00, 0x00, 0x00, 0x00, 0x00, 0x00, 0x00, 0x00, 0x00, 0x00,
  0x00, 0x00, 0x00, 0x00, 0x00, 0x00, 0x00, 0x00, 0x00, 0x00, 0x00, 0x00, 0x00, 0x00, 0x00, 0x00,
  0x00, 0x00, 0x00, 0x00, 0x00, 0x00, 0x00, 0x00, 0x00, 0x00, 0x00, 0x00, 0x00, 0x00, 0x00, 0x00,
  0x00, 0x00, 0x00, 0x00, 0x00, 0x00, 0x00, 0x00, 0x00, 0x00, 0x00, 0x00, 0x00, 0x00, 0x00, 0x00,
  0x00, 0x00, 0x00, 0x00, 0x00, 0x00, 0x00, 0x00, 0x00, 0x00, 0x00, 0x00, 0x00, 0x00, 0x00, 0x00,
  0x00, 0x00, 0x00, 0x00, 0x00, 0x00, 0x00, 0x00, 0x00, 0x00, 0x00, 0x00, 0x00, 0x00, 0x00, 0x00,
  0x00, 0x00, 0x00, 0x00, 0x00, 0x00, 0x00, 0x00, 0x00, 0x00, 0x00, 0x00, 0x00, 0x00, 0x00, 0x00,
  0x00, 0x00, 0x00, 0x00, 0x00, 0x00, 0x00, 0x00, 0x00, 0x00, 0x00, 0x00, 0x00, 0x00, 0x00, 0x00,
  0x00, 0x00, 0x00, 0x00, 0x01, 0x00, 0x00, 0x00, 0x00, 0x00, 0x00, 0x00, 0x00, 0x00, 0x00, 0x00,
  0x00, 0x00, 0x00, 0x00, 0x00, 0x00, 0x00, 0x00, 0x00, 0x00, 0x00, 0x00, 0x00, 0x00, 0x00, 0x00,
  0x00, 0x00, 0x00, 0x00, 0x00, 0x00, 0x00, 0x00, 0x00, 0x00, 0x00, 0x00, 0x03, 0x00, 0x00, 0x00,
  0x00, 0x00, 0x00, 0x00, 0x00, 0x00, 0x00, 0x00, 0x00, 0x00, 0x00, 0x00, 0x00, 0x00, 0x00, 0x00,
  0x00, 0x00, 0x00, 0x00, 0x00, 0x00, 0x00, 0x00, 0x00, 0x00, 0x00, 0x00, 0x00, 0x00, 0x00, 0x00,
  0x00, 0x00, 0x00, 0x00, 0x00, 0x00, 0x00, 0x00, 0x00, 0x00, 0x00, 0x00, 0x00, 0x00, 0x00, 0x00,
  0x00, 0x00, 0x00, 0x00, 0x00, 0x00, 0x00, 0x00, 0x00, 0x00, 0x00, 0x00, 0x00, 0x00, 0x00, 0x00,
  0x00, 0x00, 0x00, 0x00, 0x00, 0x00, 0x00, 0x00, 0x00, 0x00, 0x00, 0x00, 0x00, 0x00, 0x00, 0x00,
  0x00, 0x00, 0x00, 0x00, 0x00, 0x00, 0x00, 0x00, 0x00, 0x00, 0x00, 0x00, 0x00, 0x00, 0x00, 0x00,
  0x00, 0x00, 0x00, 0x00, 0x00, 0x00, 0x00, 0x00, 0x00, 0x00, 0x00, 0x00, 0x00, 0x00, 0x00, 0x00,
  0x00, 0x00, 0x00, 0x00, 0x00, 0x00, 0x00, 0x00, 0x00, 0x00, 0x00, 0x00, 0x00, 0x00, 0x00, 0x00,
  0x00, 0x00, 0x00, 0x00, 0x00, 0x00, 0x00, 0x00, 0x00, 0x00, 0x00, 0x00, 0x00, 0x00, 0x00, 0x00,
  0x00, 0x00, 0x00, 0x00, 0x00, 0x00, 0x00, 0x00, 0x00, 0x00, 0x00, 0x00, 0x00, 0x00, 0x00, 0x00,
  0x00, 0x00, 0x00, 0x00, 0x00, 0x00, 0x00, 0x00, 0x00, 0x00, 0x00, 0x00, 0x00, 0x00, 0x00, 0x00,
  0x00, 0x00, 0x00, 0x00, 0x00, 0x00, 0x00, 0x00, 0x00, 0x00, 0x00, 0x00, 0x00, 0x00, 0x00, 0x00,
  0x00, 0x00, 0x00, 0x00, 0x00, 0x00, 0x00, 0x00, 0x00, 0x00, 0x00, 0x00, 0x00, 0x00, 0x00, 0x00,
  0x00, 0x00, 0x00, 0x00, 0x00, 0x00, 0x00, 0x00, 0x00, 0x00, 0x00, 0x00, 0x00, 0x00, 0x00, 0x00,
  0x00, 0x00, 0x00, 0x00, 0x00, 0x00, 0x00, 0x00, 0x00, 0x00, 0x00, 0x00, 0x00, 0x00, 0x00, 0x00,
  0x00, 0x00, 0x00, 0x00, 0x00, 0x00, 0x00, 0x00, 0x00, 0x00, 0x00, 0x00, 0x00, 0x00, 0x00, 0x00,
  0x00, 0x00, 0x00, 0x00, 0x00, 0x00, 0x00, 0x00, 0x00, 0x00, 0x00, 0x00, 0x00, 0x00, 0x00, 0x00,
  0x00, 0x00, 0x00, 0x00, 0x00, 0x00, 0x00, 0x00, 0x00, 0x00, 0x00, 0x00, 0x00, 0x00, 0x00, 0x00,
  0x00, 0x00, 0x00, 0x00, 0x00, 0x00, 0x00, 0x00, 0x00, 0x00, 0x00, 0x00, 0x00, 0x00, 0x00, 0x00,
  0x00, 0x00, 0x00, 0x00, 0x00, 0x00, 0x00, 0x00, 0x00, 0x00, 0x00, 0x00, 0x00, 0x00, 0x00, 0x00,
  0x00, 0x00, 0x00, 0x00, 0x00, 0x00, 0x00, 0x00, 0x00, 0x00, 0x00, 0x00, 0x00, 0x00, 0x00, 0x00,
  0x00, 0x00, 0x00, 0x00, 0x00, 0x00, 0x00, 0x00, 0x00, 0x00, 0x00, 0x00, 0x01, 0x00, 0x00, 0x00,
  0x00, 0x00, 0x00, 0x00, 0x00, 0x00, 0x00, 0x00, 0x00, 0x00, 0x00, 0x00, 0x00, 0x00, 0x00, 0x00,
  0x00, 0x00, 0x00, 0x00, 0x00, 0x00, 0x00, 0x00, 0x00, 0x00, 0x00, 0x00, 0x00, 0x00, 0x00, 0x00,
  0x00, 0x00, 0x00, 0x00, 0x00, 0x00, 0x00, 0x00, 0x00, 0x00, 0x00, 0x00, 0x00, 0x00, 0x00, 0x00,
  0x00, 0x00, 0x00, 0x00, 0x00, 0x00, 0x00, 0x00, 0x00, 0x00, 0x00, 0x00, 0x00, 0x00, 0x00, 0x00,
  0x00, 0x00, 0x00, 0x00, 0x00, 0x00, 0x00, 0x00, 0x00, 0x00, 0x00, 0x00, 0x00, 0x00, 0x00, 0x00,
  0x00, 0x00, 0x00, 0x00, 0x00, 0x00, 0x00, 0x00, 0x00, 0x00, 0x00, 0x00, 0x00, 0x00, 0x00, 0x00,
  0x00, 0x00, 0x00, 0x00, 0x00, 0x00, 0x00, 0x00, 0x00, 0x00, 0x00, 0x00, 0x00, 0x00, 0x00, 0x00,
  0x00, 0x00, 0x00, 0x00, 0x00, 0x00, 0x00, 0x00, 0x00, 0x00, 0x00, 0x00, 0x00, 0x00, 0x00, 0x00,
  0x00, 0x00, 0x00, 0x00, 0x00, 0x00, 0x00, 0x00, 0x00, 0x00, 0x00, 0x00, 0x00, 0x00, 0x00, 0x00,
  0x00, 0x00, 0x00, 0x00, 0x00, 0x00, 0x00, 0x00, 0x00, 0x00, 0x00, 0x00, 0x00, 0x00, 0x00, 0x00,
  0x00, 0x00, 0x00, 0x00, 0x00, 0x00, 0x00, 0x00, 0x00, 0x00, 0x00, 0x00, 0x00, 0x00, 0x00, 0x00,
  0x00, 0x00, 0x00, 0x00, 0x00, 0x00, 0x00, 0x00, 0x00, 0x00, 0x00, 0x00, 0x00, 0x00, 0x00, 0x00,
  0x00, 0x00, 0x00, 0x00, 0x00, 0x00, 0x00, 0x00, 0x00, 0x00, 0x00, 0x00, 0x00, 0x00, 0x00, 0x00,
  0x00, 0x00, 0x00, 0x00, 0x00, 0x00, 0x00, 0x00, 0x00, 0x02, 0x00, 0x00, 0x00, 0x00, 0x00, 0x00,
  0x00, 0x00, 0x00, 0x00, 0x00, 0x00, 0x00, 0x00, 0x00, 0x00, 0x00, 0x00, 0x00, 0x00, 0x00, 0x00,
  0x00, 0x00, 0x00, 0x00, 0x00, 0x00, 0x00, 0x00, 0x00, 0x00, 0x00, 0x00, 0x00, 0x00, 0x00, 0x00,
  0x00, 0x00, 0x00, 0x00, 0x00, 0x00, 0x00, 0x00, 0x00, 0x00, 0x00, 0x00, 0x00, 0x00, 0x00, 0x00,
  0x00, 0x00, 0x00, 0x00, 0x00, 0x00, 0x00, 0x00, 0x00, 0x00, 0x00, 0x00, 0x00, 0x00, 0x00, 0x00,
  0x00, 0x00, 0x00, 0x00, 0x00, 0x00, 0x00, 0x00, 0x00, 0x00, 0x00, 0x00, 0x00, 0x00, 0x00, 0x00,
  0x00, 0x00, 0x00, 0x00, 0x00, 0x00, 0x00, 0x00, 0x00, 0x00, 0x00, 0x00, 0x00, 0x00, 0x00, 0x00,
  0x00, 0x00, 0x00, 0x00, 0x00, 0x00, 0x00, 0x00, 0x00, 0x00, 0x00, 0x00, 0x00, 0x00, 0x00, 0x00,
  0x00, 0x00, 0x00, 0x00, 0x00, 0x00, 0x00, 0x00, 0x00, 0x00, 0x00, 0x00, 0x00, 0x00, 0x00, 0x00,
  0x00, 0x00, 0x00, 0x00, 0x00, 0x00, 0x00, 0x00, 0x00, 0x00, 0x00, 0x00, 0x00, 0x00, 0x00, 0x00,
  0x00, 0x00, 0x00, 0x00, 0x00, 0x00, 0x00, 0x00, 0x00, 0x00, 0x00, 0x00, 0x00, 0x00, 0x00, 0x00,
  0x00, 0x00, 0x00, 0x00, 0x00, 0x00, 0x00, 0x00, 0x00, 0x00, 0x00, 0x00, 0x07, 0x00, 0x00, 0x00,
  0x00, 0x00, 0x00, 0x00, 0x00, 0x00, 0x00, 0x00, 0x00, 0x00, 0x00, 0x00, 0x00, 0x00, 0x00, 0x00,
  0x00, 0x00, 0x00, 0x00, 0x01, 0x00, 0x00, 0x00, 0x00, 0x00, 0x00, 0x00, 0x00, 0x00, 0x00, 0x00,
  0x00, 0x00, 0x00, 0x00, 0x00, 0x00, 0x00, 0x00, 0x00, 0x00, 0x00, 0x00, 0x00, 0x00, 0x00, 0x00,
  0x00, 0x00, 0x00, 0x00, 0x00, 0x00, 0x00, 0x00, 0x00, 0x00, 0x00, 0x00, 0x00, 0x00, 0x00, 0x00,
  0x00, 0x00, 0x00, 0x00, 0x00, 0x00, 0x00, 0x00, 0x00, 0x00, 0x00, 0x00, 0x00, 0x00, 0x00, 0x00,
  0x00, 0x00, 0x00, 0x00, 0x00, 0x00, 0x00, 0x00, 0x00, 0x00, 0x00, 0x00, 0x00, 0x00, 0x00, 0x00,
  0x00, 0x00, 0x00, 0x00, 0x00, 0x00, 0x00, 0x00, 0x00, 0x00, 0x00, 0x00, 0x00, 0x00, 0x00, 0x00,
  0x00, 0x00, 0x00, 0x00, 0x00, 0x00, 0x00, 0x00, 0x00, 0x00, 0x00, 0x00, 0x00, 0x00, 0x00, 0x00,
  0x00, 0x00, 0x00, 0x00, 0x00, 0x00, 0x00, 0x00, 0x00, 0x00, 0x00, 0x00, 0x00, 0x00, 0x00, 0x00,
  0x00, 0x00, 0x00, 0x00, 0x00, 0x00, 0x00, 0x00, 0x00, 0x00, 0x00, 0x00, 0x00, 0x00, 0x00, 0x00,
  0x00, 0x00, 0x00, 0x00, 0x00, 0x00, 0x00, 0x00, 0x00, 0x00, 0x00, 0x00, 0x00, 0x00, 0x00, 0x00,
  0x00, 0x00, 0x00, 0x00, 0x00, 0x00, 0x00, 0x00, 0x00, 0x00, 0x00, 0x00, 0x00, 0x00, 0x00, 0x00,
  0x00, 0x00, 0x00, 0x00, 0x01, 0x00, 0x00, 0x00, 0x00, 0x00, 0x00, 0x00, 0x00, 0x00, 0x00, 0x00,
  0x00, 0x01, 0x00, 0x00, 0x00, 0x01, 0x00, 0x00, 0x00, 0x00, 0x00, 0x00, 0x00, 0x01, 0x00, 0x00,
  0x00, 0x00, 0x00, 0x00, 0x00, 0x00, 0x00, 0x00, 0x00, 0x00, 0x00, 0x00, 0x00, 0x00, 0x00, 0x00,
  0x00, 0x00, 0x00, 0x00, 0x00, 0x00, 0x00, 0x00, 0x00, 0x00, 0x00, 0x00, 0x00, 0x00, 0x00, 0x00,
  0x00, 0x00, 0x00, 0x00, 0x00, 0x00, 0x00, 0x00, 0x00, 0x00, 0x00, 0x00, 0x00, 0x00, 0x00, 0x00,
  0x00, 0x00, 0x00, 0x00, 0x00, 0x00, 0x00, 0x00, 0x00, 0x00, 0x00, 0x00, 0x00, 0x00, 0x00, 0x00,
  0x00, 0x00, 0x00, 0x00, 0x00, 0x00, 0x00, 0x00, 0x00, 0x00, 0x00, 0x00, 0x00, 0x00, 0x00, 0x00,
  0x00, 0x00, 0x00, 0x00, 0x00, 0x00, 0x00, 0x00, 0x00, 0x00, 0x00, 0x00, 0x00, 0x00, 0x00, 0x00,
  0x00, 0x00, 0x00, 0x00, 0x00, 0x00, 0x00, 0x00, 0x00, 0x00, 0x00, 0x00, 0x00, 0x00, 0x00, 0x00,
  0x00, 0x00, 0x00, 0x00, 0x00, 0x00, 0x00, 0x00, 0x00, 0x00, 0x00, 0x00, 0x00, 0x00, 0x00, 0x00,
  0x00, 0x00, 0x00, 0x00, 0x00, 0x00, 0x00, 0x00, 0x00, 0x00, 0x00, 0x00, 0x00, 0x00, 0x00, 0x00,
  0x00, 0x00, 0x00, 0x00, 0x00, 0x00, 0x00, 0x00, 0x00, 0x00, 0x00, 0x00, 0x00, 0x00, 0x00, 0x00,
  0x00, 0x00, 0x00, 0x00, 0x00, 0x00, 0x00, 0x00, 0x00, 0x00, 0x00, 0x01, 0x00, 0x00, 0x00, 0x00,
  0x00, 0x02, 0x00, 0x00, 0x00, 0x00, 0x00, 0x00, 0x00, 0x00, 0x00, 0x00, 0x00, 0x00, 0x00, 0x00,
  0x00, 0x00, 0x00, 0x00, 0x00, 0x01, 0x00, 0x00, 0x00, 0x00, 0x00, 0x00, 0x00, 0x00, 0x00, 0x00,
  0x00, 0x02, 0x06, 0x00, 0x00, 0x00, 0x00, 0x00, 0x00, 0x00, 0x00, 0x00, 0x00, 0x00, 0x00, 0x00,
  0x00, 0x00, 0x00, 0x00, 0x00, 0x00, 0x00, 0x00, 0x00, 0x00, 0x00, 0x00, 0x00, 0x00, 0x00, 0x00,
  0x00, 0x00, 0x00, 0x00, 0x00, 0x00, 0x00, 0x00, 0x00, 0x00, 0x00, 0x00, 0x00, 0x00, 0x00, 0x00,
  0x00, 0x00, 0x00, 0x00, 0x00, 0x00, 0x00, 0x00, 0x00, 0x00, 0x00, 0x00, 0x00, 0x00, 0x00, 0x00,
  0x00, 0x00, 0x00, 0x00, 0x00, 0x00, 0x00, 0x00, 0x00, 0x00, 0x00, 0x00, 0x00, 0x00, 0x00, 0x00,
  0x00, 0x00, 0x00, 0x00, 0x00, 0x00, 0x00, 0x00, 0x00, 0x00, 0x00, 0x00, 0x00, 0x00, 0x00, 0x00,
  0x00, 0x00, 0x00, 0x00, 0x00, 0x00, 0x00, 0x00, 0x00, 0x00, 0x00, 0x00, 0x00, 0x00, 0x00, 0x00,
  0x00, 0x00, 0x00, 0x00, 0x00, 0x00, 0x00, 0x00, 0x00, 0x00, 0x00, 0x00, 0x00, 0x00, 0x00, 0x00,
  0x00, 0x00, 0x00, 0x00, 0x00, 0x00, 0x00, 0x00, 0x00, 0x00, 0x00, 0x00, 0x00, 0x01, 0x00, 0x00,
  0x00, 0x00, 0x00, 0x00, 0x00, 0x00, 0x02, 0x00, 0x00, 0x00, 0x00, 0x00, 0x02, 0x03, 0x01, 0x08,
  0x04, 0x01, 0x20, 0x1f, 0x0f, 0x10, 0x00, 0x01, 0x01, 0x02, 0x00, 0x00, 0x02, 0x00, 0x00, 0x02,
  0x00, 0x00, 0x01, 0x00, 0x05, 0x10, 0x08, 0x00, 0x04, 0x02, 0x05, 0x07, 0x03, 0x2a, 0x1d, 0x0e,
  0x1f, 0x2f, 0x12, 0x0d, 0x2a, 0x02, 0x0c, 0x02, 0x02, 0x0a, 0x03, 0x00, 0x00, 0x00, 0x00, 0x00,
  0x00, 0x00, 0x00, 0x00, 0x00, 0x00, 0x00, 0x00, 0x00, 0x00, 0x00, 0x00, 0x00, 0x00, 0x00, 0x00,
  0x00, 0x00, 0x00, 0x00, 0x00, 0x00, 0x00, 0x00, 0x00, 0x00, 0x00, 0x00, 0x00, 0x00, 0x00, 0x00,
  0x00, 0x00, 0x00, 0x00, 0x00, 0x00, 0x00, 0x00, 0x00, 0x00, 0x00, 0x00, 0x00, 0x00, 0x00, 0x00,
  0x00, 0x00, 0x00, 0x00, 0x00, 0x00, 0x00, 0x00, 0x00, 0x00, 0x00, 0x00, 0x00, 0x00, 0x00, 0x00,
  0x00, 0x00, 0x00, 0x00, 0x00, 0x00, 0x00, 0x00, 0x00, 0x00, 0x00, 0x00, 0x00, 0x00, 0x00, 0x00,
  0x00, 0x00, 0x00, 0x00, 0x00, 0x00, 0x00, 0x00, 0x00, 0x00, 0x00, 0x00, 0x00, 0x00, 0x00, 0x00,
  0x00, 0x00, 0x00, 0x00, 0x00, 0x00, 0x00, 0x00, 0x00, 0x00, 0x00, 0x00, 0x00, 0x00, 0x00, 0x00,
  0x00, 0x00, 0x00, 0x00, 0x00, 0x00, 0x00, 0x00, 0x00, 0x00, 0x00, 0x00, 0x00, 0x00, 0x00, 0x00,
  0x00, 0x00, 0x00, 0x00, 0x00, 0x00, 0x00, 0x00, 0x00, 0x00, 0x00, 0x00, 0x01, 0x00, 0x00, 0x00,
  0x00, 0x00, 0x00, 0x00, 0x00, 0x08, 0x01, 0x0c, 0x07, 0x16, 0xc5, 0xe3, 0xa1, 0x2d, 0x00, 0x06,
  0x00, 0x02, 0x00, 0x00, 0x03, 0x00, 0x00, 0x00, 0x00, 0x00, 0x00, 0x00, 0x08, 0x10, 0x05, 0x00,
  0x00, 0x02, 0x03, 0x05, 0x0c, 0x2e, 0x10, 0x40, 0x95, 0x6e, 0x47, 0x2d, 0x5f, 0x3e, 0x1f, 0x30,
  0x2f, 0x1b, 0x08, 0x01, 0x00, 0x00, 0x00, 0x01, 0x00, 0x00, 0x00, 0x00, 0x00, 0x00, 0x00, 0x00,
  0x00, 0x00, 0x00, 0x00, 0x00, 0x00, 0x00, 0x00, 0x00, 0x00, 0x00, 0x00, 0x00, 0x00, 0x00, 0x00,
  0x00, 0x00, 0x00, 0x00, 0x00, 0x00, 0x00, 0x00, 0x00, 0x00, 0x00, 0x00, 0x00, 0x00, 0x00, 0x00,
  0x00, 0x00, 0x00, 0x00, 0x00, 0x00, 0x00, 0x00, 0x00, 0x00, 0x00, 0x00, 0x00, 0x00, 0x00, 0x00,
  0x00, 0x00, 0x00, 0x00, 0x00, 0x00, 0x00, 0x00, 0x00, 0x00, 0x00, 0x00, 0x00, 0x00, 0x00, 0x00,
  0x00, 0x00, 0x00, 0x00, 0x00, 0x00, 0x00, 0x00, 0x00, 0x00, 0x00, 0x00, 0x00, 0x00, 0x00, 0x00,
  0x00, 0x00, 0x00, 0x00, 0x00, 0x00, 0x00, 0x00, 0x00, 0x00, 0x00, 0x00, 0x00, 0x00, 0x00, 0x00,
  0x00, 0x00, 0x00, 0x00, 0x00, 0x00, 0x00, 0x00, 0x00, 0x00, 0x00, 0x00, 0x00, 0x00, 0x00, 0x00,
  0x00, 0x00, 0x00, 0x00, 0x00, 0x00, 0x00, 0x00, 0x00, 0x00, 0x00, 0x00, 0x00, 0x00, 0x00, 0x00,
  0x00, 0x00, 0x00, 0x00, 0x00, 0x00, 0x00, 0x00, 0x00, 0x00, 0x00, 0x00, 0x00, 0x00, 0x00, 0x07,
  0x09, 0x0e, 0x9c, 0xe7, 0x90, 0x33, 0x13, 0x03, 0x00, 0x01, 0x00, 0x03, 0x00, 0x00, 0x00, 0x00,
  0x00, 0x00, 0x01, 0x02, 0x01, 0x0c, 0x06, 0x02, 0x00, 0x01, 0x04, 0x08, 0x0a, 0x13, 0x21, 0x80,
  0xca, 0x5b, 0x33, 0x27, 0x51, 0x8f, 0x60, 0x5a, 0x3e, 0x09, 0x04, 0x00, 0x00, 0x00, 0x00, 0x00,
  0x00, 0x00, 0x00, 0x00, 0x00, 0x00, 0x00, 0x00, 0x00, 0x00, 0x00, 0x00, 0x00, 0x00, 0x00, 0x00,
  0x00, 0x00, 0x00, 0x00, 0x00, 0x00, 0x00, 0x00, 0x00, 0x00, 0x00, 0x00, 0x00, 0x00, 0x00, 0x00,
  0x00, 0x00, 0x00, 0x00, 0x00, 0x00, 0x00, 0x00, 0x00, 0x00, 0x00, 0x00, 0x00, 0x00, 0x00, 0x00,
  0x00, 0x00, 0x00, 0x00, 0x00, 0x00, 0x00, 0x00, 0x00, 0x00, 0x00, 0x00, 0x00, 0x00, 0x00, 0x00,
  0x00, 0x00, 0x00, 0x00, 0x00, 0x00, 0x00, 0x00, 0x00, 0x00, 0x00, 0x00, 0x00, 0x00, 0x00, 0x00,
  0x00, 0x00, 0x00, 0x00, 0x00, 0x00, 0x00, 0x00, 0x00, 0x00, 0x00, 0x00, 0x00, 0x00, 0x00, 0x00,
  0x00, 0x00, 0x00, 0x00, 0x00, 0x00, 0x00, 0x00, 0x00, 0x00, 0x00, 0x00, 0x00, 0x00, 0x00, 0x00,
  0x00, 0x00, 0x00, 0x00, 0x00, 0x00, 0x00, 0x00, 0x00, 0x00, 0x00, 0x00, 0x00, 0x00, 0x00, 0x00,
  0x00, 0x00, 0x00, 0x00, 0x00, 0x00, 0x00, 0x00, 0x00, 0x00, 0x00, 0x00, 0x05, 0x00, 0x00, 0x00,
  0x00, 0x00, 0x00, 0x00, 0x00, 0x03, 0x00, 0x00, 0x00, 0x09, 0x5d, 0xbb, 0x4b, 0x1b, 0x1f, 0x09,
  0x00, 0x00, 0x00, 0x02, 0x05, 0x04, 0x04, 0x02, 0x00, 0x00, 0x00, 0x07, 0x27, 0x0a, 0x09, 0x0b,
  0x01, 0x05, 0x06, 0x04, 0x0f, 0x18, 0x28, 0xbf, 0xca, 0x3c, 0x2b, 0x47, 0x6f, 0x96, 0x2c, 0x09,
  0x06, 0x00, 0x00, 0x03, 0x00, 0x03, 0x06, 0x04, 0x02, 0x00, 0x00, 0x00, 0x00, 0x00, 0x00, 0x00,
  0x00, 0x00, 0x00, 0x00, 0x00, 0x00, 0x00, 0x00, 0x00, 0x00, 0x00, 0x00, 0x00, 0x00, 0x00, 0x00,
  0x00, 0x00, 0x00, 0x00, 0x00, 0x00, 0x00, 0x00, 0x00, 0x00, 0x00, 0x00, 0x00, 0x00, 0x00, 0x00,
  0x00, 0x00, 0x00, 0x00, 0x00, 0x00, 0x00, 0x00, 0x00, 0x00, 0x00, 0x00, 0x00, 0x00, 0x00, 0x00,
  0x00, 0x00, 0x00, 0x00, 0x00, 0x00, 0x00, 0x00, 0x00, 0x00, 0x00, 0x00, 0x00, 0x00, 0x00, 0x00,
  0x00, 0x00, 0x00, 0x00, 0x00, 0x00, 0x00, 0x00, 0x00, 0x00, 0x00, 0x00, 0x00, 0x00, 0x00, 0x00,
  0x00, 0x00, 0x00, 0x00, 0x00, 0x00, 0x00, 0x00, 0x00, 0x00, 0x00, 0x00, 0x00, 0x00, 0x00, 0x00,
  0x00, 0x00, 0x00, 0x00, 0x00, 0x00, 0x00, 0x00, 0x00, 0x00, 0x00, 0x00, 0x00, 0x00, 0x00, 0x00,
  0x00, 0x00, 0x00, 0x00, 0x00, 0x00, 0x00, 0x00, 0x00, 0x00, 0x00, 0x00, 0x00, 0x00, 0x00, 0x00,
  0x00, 0x00, 0x00, 0x00, 0x0e, 0x00, 0x00, 0x00, 0x00, 0x00, 0x00, 0x00, 0x00, 0x00, 0x02, 0x05,
  0x0d, 0x05, 0x31, 0xbb, 0x99, 0x31, 0x4c, 0x14, 0x05, 0x03, 0x04, 0x02, 0x01, 0x07, 0x11, 0x0c,
  0x05, 0x04, 0x07, 0x20, 0x86, 0x04, 0x14, 0x0d, 0x07, 0x09, 0x12, 0x0d, 0x1f, 0x16, 0x22, 0xce,
  0xdf, 0x8e, 0xb4, 0xdc, 0x99, 0xa3, 0x16, 0x00, 0x08, 0x01, 0x04, 0x00, 0x00, 0x01, 0x0b, 0x15,
  0x04, 0x03, 0x00, 0x00, 0x00, 0x00, 0x00, 0x00, 0x00, 0x00, 0x00, 0x00, 0x00, 0x00, 0x00, 0x00,
  0x00, 0x00, 0x00, 0x00, 0x00, 0x00, 0x00, 0x00, 0x00, 0x00, 0x00, 0x00, 0x00, 0x00, 0x00, 0x00,
  0x00, 0x00, 0x00, 0x00, 0x00, 0x00, 0x00, 0x00, 0x00, 0x00, 0x00, 0x00, 0x00, 0x00, 0x00, 0x00,
  0x00, 0x00, 0x00, 0x00, 0x00, 0x00, 0x00, 0x00, 0x00, 0x00, 0x00, 0x00, 0x00, 0x00, 0x00, 0x00,
  0x00, 0x00, 0x00, 0x00, 0x00, 0x00, 0x00, 0x00, 0x00, 0x00, 0x00, 0x00, 0x00, 0x00, 0x00, 0x00,
  0x00, 0x00, 0x00, 0x00, 0x00, 0x00, 0x00, 0x00, 0x00, 0x00, 0x00, 0x00, 0x00, 0x00, 0x00, 0x00,
  0x00, 0x00, 0x00, 0x00, 0x00, 0x00, 0x00, 0x00, 0x00, 0x00, 0x00, 0x00, 0x00, 0x00, 0x00, 0x00,
  0x00, 0x00, 0x00, 0x00, 0x00, 0x00, 0x00, 0x00, 0x00, 0x00, 0x00, 0x00, 0x00, 0x00, 0x00, 0x00,
  0x00, 0x00, 0x00, 0x00, 0x02, 0x00, 0x00, 0x00, 0x00, 0x00, 0x00, 0x00, 0x0f, 0x00, 0x00, 0x00,
  0x05, 0x08, 0x0b, 0x00, 0x00, 0x06, 0x03, 0x0a, 0x08, 0x06, 0x4b, 0xa6, 0x6d, 0x5e, 0x63, 0x2e,
  0x1a, 0x0a, 0x10, 0x0f, 0x12, 0x0f, 0x11, 0x04, 0x05, 0x06, 0x07, 0x20, 0x90, 0x11, 0x2b, 0x4a,
  0x21, 0x0f, 0x15, 0x14, 0x13, 0x23, 0x7e, 0xf4, 0xf9, 0xef, 0xe8, 0xd1, 0x74, 0x8d, 0x22, 0x06,
  0x06, 0x01, 0x09, 0x00, 0x05, 0x05, 0x09, 0x20, 0x17, 0x00, 0x00, 0x00, 0x00, 0x00, 0x00, 0x00,
  0x00, 0x00, 0x00, 0x00, 0x00, 0x00, 0x00, 0x00, 0x00, 0x00, 0x00, 0x00, 0x00, 0x00, 0x00, 0x00,
  0x00, 0x00, 0x00, 0x00, 0x00, 0x00, 0x00, 0x00, 0x00, 0x00, 0x00, 0x00, 0x00, 0x00, 0x00, 0x00,
  0x00, 0x00, 0x00, 0x00, 0x00, 0x00, 0x00, 0x00, 0x00, 0x00, 0x00, 0x00, 0x00, 0x00, 0x00, 0x00,
  0x00, 0x00, 0x00, 0x00, 0x00, 0x00, 0x00, 0x00, 0x00, 0x00, 0x00, 0x00, 0x00, 0x00, 0x00, 0x00,
  0x00, 0x00, 0x00, 0x00, 0x00, 0x00, 0x00, 0x00, 0x00, 0x00, 0x00, 0x00, 0x00, 0x00, 0x00, 0x00,
  0x00, 0x00, 0x00, 0x00, 0x00, 0x00, 0x00, 0x00, 0x00, 0x00, 0x00, 0x00, 0x00, 0x00, 0x00, 0x00,
  0x00, 0x00, 0x00, 0x00, 0x00, 0x00, 0x00, 0x00, 0x00, 0x00, 0x00, 0x00, 0x00, 0x00, 0x00, 0x00,
  0x00, 0x00, 0x00, 0x00, 0x00, 0x00, 0x00, 0x00, 0x00, 0x00, 0x00, 0x00, 0x00, 0x00, 0x08, 0x00,
  0x01, 0x03, 0x01, 0x06, 0x11, 0x00, 0x00, 0x00, 0x05, 0x23, 0x19, 0x06, 0x07, 0x24, 0x2a, 0x2c,
  0x13, 0x09, 0x20, 0x1b, 0x1b, 0x64, 0x5f, 0x3f, 0x26, 0x12, 0x2f, 0x1d, 0x15, 0x19, 0x13, 0x10,
  0x0a, 0x0d, 0x11, 0x18, 0x46, 0x23, 0x42, 0x7c, 0x49, 0x27, 0x3e, 0x4d, 0x32, 0x8b, 0xcf, 0xf9,
  0xff, 0xf8, 0xf2, 0xc9, 0xa9, 0x94, 0x3c, 0x1c, 0x12, 0x16, 0x22, 0x06, 0x01, 0x01, 0x11, 0x67,
  0x41, 0x07, 0x06, 0x07, 0x00, 0x00, 0x00, 0x00, 0x00, 0x00, 0x00, 0x00, 0x00, 0x00, 0x00, 0x00,
  0x00, 0x00, 0x00, 0x00, 0x00, 0x00, 0x00, 0x00, 0x00, 0x00, 0x00, 0x00, 0x00, 0x00, 0x00, 0x00,
  0x00, 0x00, 0x00, 0x00, 0x00, 0x00, 0x00, 0x00, 0x00, 0x00, 0x00, 0x00, 0x00, 0x00, 0x00, 0x00,
  0x00, 0x00, 0x00, 0x00, 0x00, 0x00, 0x00, 0x00, 0x00, 0x00, 0x00, 0x00, 0x00, 0x00, 0x00, 0x00,
  0x00, 0x00, 0x00, 0x00, 0x00, 0x00, 0x00, 0x00, 0x00, 0x00, 0x00, 0x00, 0x00, 0x00, 0x00, 0x00,
  0x00, 0x00, 0x00, 0x00, 0x00, 0x00, 0x00, 0x00, 0x00, 0x00, 0x00, 0x00, 0x00, 0x00, 0x00, 0x00,
  0x00, 0x00, 0x00, 0x00, 0x00, 0x00, 0x00, 0x00, 0x00, 0x00, 0x00, 0x00, 0x00, 0x00, 0x00, 0x00,
  0x00, 0x00, 0x00, 0x00, 0x00, 0x00, 0x00, 0x00, 0x00, 0x00, 0x00, 0x00, 0x00, 0x00, 0x00, 0x00,
  0x00, 0x00, 0x00, 0x00, 0x00, 0x00, 0x05, 0x00, 0x01, 0x02, 0x0a, 0x02, 0x17, 0x01, 0x00, 0x03,
  0x0d, 0x17, 0x1d, 0x11, 0x08, 0x23, 0x17, 0x1f, 0x19, 0x11, 0x1a, 0x23, 0x3f, 0x60, 0x23, 0x21,
  0x23, 0x20, 0x3e, 0x29, 0x2c, 0x2d, 0x1f, 0x30, 0x1d, 0x38, 0x6f, 0x29, 0x2e, 0x2c, 0x2e, 0x85,
  0x97, 0x66, 0x9d, 0x98, 0x98, 0xe0, 0xd2, 0xde, 0xf7, 0xdc, 0xec, 0xdd, 0xcc, 0xb2, 0x2e, 0x32,
  0x3a, 0x37, 0x21, 0x04, 0x0a, 0x0b, 0x2c, 0x55, 0x0e, 0x05, 0x08, 0x02, 0x00, 0x02, 0x00, 0x00,
  0x00, 0x00, 0x00, 0x00, 0x00, 0x07, 0x04, 0x00, 0x00, 0x00, 0x00, 0x00, 0x00, 0x00, 0x00, 0x00,
  0x00, 0x00, 0x00, 0x00, 0x00, 0x00, 0x00, 0x00, 0x00, 0x00, 0x00, 0x00, 0x00, 0x00, 0x00, 0x00,
  0x00, 0x00, 0x00, 0x00, 0x00, 0x00, 0x00, 0x00, 0x00, 0x00, 0x00, 0x00, 0x00, 0x00, 0x00, 0x00,
  0x00, 0x00, 0x00, 0x00, 0x00, 0x00, 0x00, 0x00, 0x00, 0x00, 0x00, 0x00, 0x00, 0x00, 0x00, 0x00,
  0x00, 0x00, 0x00, 0x00, 0x00, 0x00, 0x00, 0x00, 0x00, 0x00, 0x00, 0x00, 0x00, 0x00, 0x00, 0x00,
  0x00, 0x00, 0x00, 0x00, 0x00, 0x00, 0x00, 0x00, 0x00, 0x00, 0x00, 0x00, 0x00, 0x00, 0x00, 0x00,
  0x00, 0x00, 0x00, 0x00, 0x00, 0x00, 0x00, 0x00, 0x00, 0x00, 0x00, 0x00, 0x00, 0x00, 0x00, 0x00,
  0x00, 0x00, 0x00, 0x01, 0x00, 0x00, 0x00, 0x00, 0x00, 0x00, 0x00, 0x00, 0x00, 0x00, 0x04, 0x02,
  0x02, 0x00, 0x00, 0x04, 0x01, 0x03, 0x14, 0x43, 0x43, 0x51, 0x27, 0x21, 0x1a, 0x13, 0x10, 0x10,
  0x19, 0x1d, 0x1e, 0x25, 0x39, 0x66, 0x4a, 0x2e, 0x61, 0x88, 0x4d, 0x5b, 0x25, 0x15, 0x18, 0x17,
  0x18, 0x32, 0x33, 0x26, 0x2a, 0x2d, 0x2d, 0xa1, 0x8b, 0x3b, 0x51, 0x87, 0x95, 0xa3, 0x72, 0x6a,
  0xd7, 0xb7, 0x7a, 0x84, 0xc0, 0x35, 0x28, 0x29, 0x1c, 0x11, 0x08, 0x0b, 0x05, 0x06, 0x0c, 0x30,
  0x0d, 0x00, 0x04, 0x05, 0x05, 0x01, 0x0b, 0x09, 0x03, 0x00, 0x02, 0x05, 0x00, 0x07, 0x0b, 0x01,
  0x00, 0x00, 0x00, 0x00, 0x00, 0x00, 0x00, 0x00, 0x00, 0x00, 0x00, 0x00, 0x00, 0x00, 0x00, 0x00,
  0x00, 0x00, 0x00, 0x00, 0x00, 0x00, 0x00, 0x00, 0x00, 0x00, 0x00, 0x00, 0x00, 0x00, 0x00, 0x00,
  0x00, 0x00, 0x00, 0x00, 0x00, 0x00, 0x00, 0x00, 0x00, 0x00, 0x00, 0x00, 0x00, 0x00, 0x00, 0x00,
  0x00, 0x00, 0x00, 0x00, 0x00, 0x00, 0x00, 0x00, 0x00, 0x00, 0x00, 0x00, 0x00, 0x00, 0x00, 0x00,
  0x00, 0x00, 0x00, 0x00, 0x00, 0x00, 0x00, 0x00, 0x00, 0x00, 0x02, 0x00, 0x00, 0x00, 0x00, 0x00,
  0x00, 0x00, 0x00, 0x00, 0x00, 0x00, 0x00, 0x00, 0x00, 0x00, 0x00, 0x00, 0x00, 0x00, 0x00, 0x00,
  0x00, 0x00, 0x00, 0x00, 0x00, 0x00, 0x00, 0x00, 0x00, 0x00, 0x00, 0x00, 0x00, 0x00, 0x00, 0x00,
  0x00, 0x00, 0x00, 0x00, 0x01, 0x00, 0x00, 0x00, 0x01, 0x00, 0x00, 0x04, 0x01, 0x05, 0x2b, 0x2b,
  0x27, 0x1e, 0x1a, 0x2f, 0x21, 0x0d, 0x0e, 0x1a, 0x24, 0x1a, 0x20, 0x4d, 0x39, 0x5a, 0x74, 0x7a,
  0x67, 0x3f, 0x39, 0x2b, 0x2d, 0x11, 0x24, 0x46, 0x39, 0x29, 0x18, 0x2c, 0x2c, 0x2c, 0x24, 0x5a,
  0x65, 0x3f, 0x42, 0x6f, 0x8c, 0x5d, 0xa1, 0x52, 0xa1, 0x99, 0x4e, 0x5d, 0x62, 0x99, 0x18, 0x27,
  0x20, 0x0c, 0x10, 0x15, 0x03, 0x00, 0x3e, 0x3a, 0x0c, 0x0f, 0x07, 0x08, 0x03, 0x00, 0x03, 0x06,
  0x09, 0x05, 0x04, 0x00, 0x00, 0x00, 0x00, 0x00, 0x00, 0x00, 0x00, 0x00, 0x00, 0x00, 0x00, 0x00,
  0x00, 0x00, 0x00, 0x00, 0x00, 0x00, 0x00, 0x00, 0x00, 0x00, 0x00, 0x00, 0x00, 0x00, 0x00, 0x00,
  0x00, 0x00, 0x00, 0x00, 0x00, 0x00, 0x00, 0x00, 0x00, 0x00, 0x00, 0x00, 0x00, 0x00, 0x00, 0x00,
  0x00, 0x00, 0x00, 0x00, 0x00, 0x00, 0x00, 0x00, 0x00, 0x00, 0x00, 0x00, 0x00, 0x00, 0x00, 0x00,
  0x00, 0x00, 0x00, 0x00, 0x00, 0x00, 0x00, 0x00, 0x00, 0x00, 0x00, 0x00, 0x00, 0x00, 0x00, 0x00,
  0x00, 0x00, 0x00, 0x02, 0x00, 0x02, 0x00, 0x00, 0x00, 0x00, 0x00, 0x00, 0x00, 0x00, 0x00, 0x00,
  0x00, 0x00, 0x00, 0x00, 0x00, 0x00, 0x00, 0x00, 0x00, 0x00, 0x00, 0x00, 0x00, 0x00, 0x00, 0x00,
  0x00, 0x00, 0x00, 0x00, 0x00, 0x02, 0x00, 0x00, 0x00, 0x00, 0x00, 0x00, 0x03, 0x00, 0x00, 0x00,
  0x00, 0x05, 0x00, 0x02, 0x09, 0x14, 0x46, 0x4e, 0x5c, 0x49, 0x38, 0x63, 0x73, 0x71, 0x6f, 0x81,
  0x77, 0x3f, 0x5a, 0x8b, 0x48, 0x64, 0x6f, 0x5d, 0x63, 0x52, 0x54, 0x66, 0xbd, 0x57, 0x70, 0x52,
  0x39, 0x32, 0x4d, 0x74, 0x7a, 0x56, 0x4f, 0x9b, 0x71, 0x46, 0x4e, 0x63, 0x58, 0x50, 0x7b, 0xa5,
  0x70, 0x35, 0x31, 0x26, 0x47, 0xbe, 0x71, 0x3f, 0x13, 0x27, 0x2e, 0x1c, 0x06, 0x28, 0x61, 0x1e,
  0x10, 0x15, 0x07, 0x13, 0x0b, 0x02, 0x13, 0x11, 0x0a, 0x04, 0x01, 0x03, 0x02, 0x00, 0x00, 0x00,
  0x00, 0x00, 0x00, 0x02, 0x00, 0x00, 0x00, 0x00, 0x00, 0x00, 0x00, 0x00, 0x00, 0x00, 0x00, 0x00,
  0x00, 0x00, 0x00, 0x00, 0x00, 0x00, 0x00, 0x00, 0x00, 0x00, 0x00, 0x00, 0x00, 0x00, 0x00, 0x00,
  0x00, 0x00, 0x00, 0x00, 0x00, 0x00, 0x00, 0x00, 0x00, 0x00, 0x00, 0x00, 0x00, 0x00, 0x00, 0x00,
  0x00, 0x00, 0x00, 0x00, 0x00, 0x00, 0x00, 0x00, 0x00, 0x00, 0x00, 0x00, 0x00, 0x00, 0x00, 0x00,
  0x00, 0x00, 0x00, 0x00, 0x00, 0x00, 0x00, 0x00, 0x00, 0x00, 0x00, 0x00, 0x00, 0x00, 0x00, 0x00,
  0x00, 0x00, 0x00, 0x00, 0x00, 0x00, 0x00, 0x00, 0x00, 0x00, 0x00, 0x00, 0x00, 0x00, 0x00, 0x00,
  0x00, 0x00, 0x00, 0x00, 0x00, 0x00, 0x00, 0x00, 0x00, 0x00, 0x00, 0x00, 0x02, 0x00, 0x00, 0x00,
  0x00, 0x00, 0x00, 0x00, 0x04, 0x00, 0x04, 0x0a, 0x05, 0x0d, 0x0b, 0x05, 0x07, 0x3f, 0x6f, 0xb8,
  0x9b, 0x68, 0x6a, 0xa3, 0xdf, 0xd6, 0x98, 0xa4, 0x9c, 0xa8, 0xc1, 0xaf, 0x56, 0x89, 0xb3, 0xc1,
  0xa5, 0xbe, 0xdd, 0xe7, 0xf1, 0xae, 0xb3, 0x9d, 0xbc, 0xd3, 0xd7, 0xd7, 0xd1, 0xcd, 0xd3, 0xe1,
  0xc6, 0xc2, 0xb3, 0xb1, 0xc3, 0xc3, 0xbf, 0xdc, 0x9e, 0x67, 0x66, 0x29, 0x27, 0x40, 0x3f, 0x30,
  0x27, 0x35, 0x5d, 0x14, 0x08, 0x6f, 0x1e, 0x05, 0x3f, 0x29, 0x26, 0x0c, 0x19, 0x0c, 0x3d, 0x0a,
  0x03, 0x00, 0x00, 0x00, 0x02, 0x00, 0x00, 0x01, 0x00, 0x00, 0x00, 0x00, 0x02, 0x00, 0x00, 0x00,
  0x00, 0x00, 0x00, 0x00, 0x00, 0x00, 0x00, 0x00, 0x00, 0x00, 0x00, 0x00, 0x00, 0x00, 0x00, 0x00,
  0x00, 0x00, 0x00, 0x00, 0x00, 0x00, 0x00, 0x00, 0x00, 0x00, 0x00, 0x00, 0x00, 0x00, 0x00, 0x00,
  0x00, 0x00, 0x00, 0x00, 0x00, 0x00, 0x00, 0x00, 0x00, 0x00, 0x00, 0x00, 0x00, 0x00, 0x00, 0x00,
  0x00, 0x00, 0x00, 0x00, 0x00, 0x00, 0x00, 0x00, 0x00, 0x00, 0x00, 0x00, 0x00, 0x00, 0x00, 0x00,
  0x00, 0x00, 0x00, 0x00, 0x0a, 0x09, 0x00, 0x00, 0x00, 0x00, 0x00, 0x00, 0x00, 0x00, 0x00, 0x00,
  0x00, 0x00, 0x00, 0x00, 0x00, 0x00, 0x00, 0x00, 0x00, 0x00, 0x00, 0x00, 0x00, 0x00, 0x00, 0x00,
  0x00, 0x00, 0x00, 0x00, 0x00, 0x00, 0x00, 0x00, 0x01, 0x04, 0x05, 0x04, 0x01, 0x0c, 0x07, 0x2a,
  0x23, 0x17, 0x18, 0x20, 0x0b, 0x6f, 0x98, 0xba, 0x8b, 0xa8, 0xb1, 0xa3, 0xb3, 0xcc, 0x7c, 0x65,
  0x5f, 0xc6, 0xce, 0xac, 0xa9, 0xe3, 0xf2, 0xe9, 0xe6, 0xd8, 0xf2, 0xf6, 0xf7, 0xe8, 0xf4, 0xec,
  0xf5, 0xf2, 0xec, 0xf5, 0xec, 0xd9, 0xf6, 0xf2, 0xed, 0xec, 0xe7, 0xee, 0xf1, 0xb9, 0xc9, 0xe8,
  0xca, 0xcd, 0xb8, 0x96, 0x8c, 0x71, 0x41, 0x3d, 0x56, 0x4e, 0x51, 0x2f, 0x29, 0x63, 0x0e, 0x76,
  0x74, 0x2d, 0x2a, 0x0a, 0x11, 0x17, 0x4a, 0x34, 0x1d, 0x0c, 0x00, 0x00, 0x00, 0x00, 0x00, 0x00,
  0x00, 0x00, 0x03, 0x07, 0x02, 0x00, 0x00, 0x00, 0x00, 0x00, 0x00, 0x00, 0x00, 0x00, 0x00, 0x00,
  0x00, 0x00, 0x00, 0x00, 0x00, 0x00, 0x00, 0x00, 0x00, 0x00, 0x00, 0x00, 0x00, 0x00, 0x00, 0x00,
  0x00, 0x00, 0x00, 0x00, 0x00, 0x00, 0x00, 0x00, 0x00, 0x00, 0x00, 0x00, 0x00, 0x00, 0x00, 0x00,
  0x00, 0x00, 0x00, 0x00, 0x00, 0x00, 0x00, 0x00, 0x00, 0x00, 0x00, 0x00, 0x00, 0x00, 0x00, 0x00,
  0x00, 0x00, 0x00, 0x00, 0x00, 0x00, 0x00, 0x00, 0x00, 0x00, 0x00, 0x03, 0x80, 0xa3, 0x54, 0x0c,
  0x00, 0x00, 0x00, 0x00, 0x00, 0x00, 0x00, 0x00, 0x00, 0x00, 0x00, 0x00, 0x00, 0x00, 0x00, 0x00,
  0x00, 0x00, 0x00, 0x00, 0x00, 0x00, 0x00, 0x00, 0x00, 0x00, 0x00, 0x1a, 0x53, 0x11, 0x05, 0x02,
  0x01, 0x03, 0x09, 0x0f, 0x09, 0x9d, 0x36, 0x29, 0x21, 0x1c, 0x51, 0x64, 0x5d, 0xae, 0xd4, 0xc8,
  0xa5, 0x89, 0x90, 0x93, 0x82, 0xaf, 0x86, 0x73, 0x7c, 0xcd, 0xe6, 0xcd, 0xee, 0xfc, 0xf0, 0xeb,
  0xf9, 0xf7, 0xfe, 0xfb, 0xfa, 0xf9, 0xf5, 0xfb, 0xf7, 0xf6, 0xf8, 0xf5, 0xf6, 0xf6, 0xed, 0xf9,
  0xfb, 0xfc, 0xf4, 0xf6, 0xed, 0xce, 0xd3, 0xe5, 0xe7, 0xee, 0xe0, 0xe7, 0xe6, 0xe0, 0xcd, 0xb6,
  0x82, 0x9d, 0x80, 0x56, 0x66, 0x66, 0x82, 0xb7, 0x2f, 0x1d, 0x1c, 0x01, 0x18, 0x18, 0x2d, 0x48,
  0x13, 0x08, 0x08, 0x02, 0x00, 0x00, 0x00, 0x00, 0x01, 0x00, 0x00, 0x03, 0x00, 0x00, 0x00, 0x00,
  0x00, 0x00, 0x00, 0x00, 0x00, 0x00, 0x00, 0x00, 0x00, 0x00, 0x00, 0x00, 0x00, 0x00, 0x00, 0x00,
  0x00, 0x00, 0x00, 0x00, 0x00, 0x00, 0x00, 0x00, 0x00, 0x00, 0x00, 0x00, 0x00, 0x00, 0x00, 0x00,
  0x00, 0x00, 0x00, 0x00, 0x00, 0x00, 0x00, 0x00, 0x00, 0x00, 0x00, 0x00, 0x00, 0x00, 0x00, 0x00,
  0x00, 0x00, 0x00, 0x00, 0x00, 0x00, 0x00, 0x00, 0x00, 0x00, 0x00, 0x00, 0x00, 0x00, 0x00, 0x00,
  0x00, 0x00, 0x00, 0x0a, 0x9d, 0xd0, 0xc8, 0x5a, 0x05, 0x02, 0x00, 0x00, 0x00, 0x00, 0x00, 0x00,
  0x00, 0x01, 0x00, 0x00, 0x00, 0x00, 0x00, 0x00, 0x00, 0x00, 0x00, 0x00, 0x00, 0x01, 0x00, 0x00,
  0x02, 0x03, 0x0b, 0x5b, 0xad, 0x47, 0x08, 0x06, 0x0a, 0x07, 0x0e, 0x30, 0x4e, 0xd7, 0xb6, 0x39,
  0x35, 0x52, 0x7f, 0x98, 0xad, 0xce, 0xa7, 0xa5, 0x9b, 0x75, 0x6f, 0xa3, 0xc7, 0xcf, 0xcd, 0xcf,
  0xe4, 0xf0, 0xf7, 0xf2, 0xfd, 0xfa, 0xf7, 0xf6, 0xff, 0xfe, 0xfd, 0xf9, 0xfb, 0xfa, 0xf1, 0xfe,
  0xfc, 0xfc, 0xfd, 0xfc, 0xfd, 0xfc, 0xff, 0xff, 0xfc, 0xf1, 0xf9, 0xf4, 0xf7, 0xfa, 0xf6, 0xf1,
  0xee, 0xf3, 0xfc, 0xee, 0xd9, 0xec, 0xe5, 0xeb, 0xe8, 0xe3, 0xcd, 0xbe, 0xd1, 0xc1, 0xcf, 0xaf,
  0x29, 0x42, 0x33, 0x0b, 0x3e, 0x4d, 0x1b, 0x13, 0x0f, 0x18, 0x0a, 0x06, 0x01, 0x01, 0x00, 0x00,
  0x00, 0x05, 0x01, 0x00, 0x00, 0x00, 0x00, 0x00, 0x00, 0x00, 0x00, 0x00, 0x00, 0x00, 0x00, 0x00,
  0x00, 0x00, 0x00, 0x00, 0x00, 0x00, 0x00, 0x00, 0x00, 0x00, 0x00, 0x00, 0x00, 0x00, 0x00, 0x00,
  0x00, 0x00, 0x00, 0x00, 0x00, 0x00, 0x00, 0x00, 0x00, 0x00, 0x00, 0x00, 0x00, 0x00, 0x00, 0x00,
  0x00, 0x00, 0x00, 0x00, 0x00, 0x00, 0x00, 0x00, 0x00, 0x00, 0x00, 0x00, 0x00, 0x00, 0x00, 0x00,
  0x00, 0x00, 0x00, 0x00, 0x00, 0x00, 0x00, 0x00, 0x00, 0x00, 0x04, 0x0a, 0x05, 0x1f, 0x25, 0x03,
  0x00, 0x00, 0x01, 0x00, 0x02, 0x00, 0x00, 0x00, 0x00, 0x00, 0x00, 0x00, 0x00, 0x00, 0x00, 0x00,
  0x00, 0x00, 0x00, 0x00, 0x00, 0x02, 0x00, 0x00, 0x00, 0x00, 0x09, 0x13, 0x25, 0x57, 0x0d, 0x12,
  0x05, 0x00, 0x08, 0x29, 0x77, 0xc3, 0xd4, 0x66, 0x7c, 0x98, 0xa1, 0xab, 0xc2, 0xd1, 0xcb, 0xcb,
  0xba, 0xdc, 0xd2, 0xb8, 0xd8, 0xee, 0xed, 0xf3, 0xea, 0xf2, 0xff, 0xff, 0xf8, 0xff, 0xf9, 0xf7,
  0xfd, 0xf9, 0xfe, 0xf9, 0xfd, 0xfa, 0xfb, 0xff, 0xfd, 0xfa, 0xfd, 0xfc, 0xfb, 0xfd, 0xfe, 0xf8,
  0xfc, 0xfa, 0xfb, 0xfb, 0xf9, 0xf5, 0xfc, 0xf2, 0xed, 0xf9, 0xf4, 0xfb, 0xf9, 0xfb, 0xe9, 0xe4,
  0xea, 0xf4, 0xef, 0xe8, 0xea, 0xdd, 0xcd, 0x77, 0x4c, 0x46, 0x50, 0x53, 0x86, 0x53, 0x0e, 0x0c,
  0x24, 0x29, 0x17, 0x0c, 0x08, 0x01, 0x01, 0x15, 0x03, 0x0e, 0x0f, 0x02, 0x02, 0x00, 0x00, 0x00,
  0x00, 0x00, 0x00, 0x00, 0x00, 0x00, 0x00, 0x00, 0x00, 0x00, 0x00, 0x00, 0x00, 0x00, 0x00, 0x00,
  0x00, 0x00, 0x00, 0x00, 0x00, 0x00, 0x00, 0x00, 0x00, 0x00, 0x00, 0x00, 0x00, 0x00, 0x00, 0x00,
  0x00, 0x00, 0x00, 0x00, 0x00, 0x00, 0x00, 0x00, 0x00, 0x00, 0x00, 0x00, 0x00, 0x00, 0x00, 0x00,
  0x00, 0x00, 0x00, 0x00, 0x00, 0x00, 0x00, 0x00, 0x00, 0x00, 0x00, 0x00, 0x00, 0x00, 0x00, 0x00,
  0x00, 0x00, 0x00, 0x00, 0x00, 0x02, 0x00, 0x00, 0x00, 0x00, 0x00, 0x00, 0x00, 0x00, 0x00, 0x00,
  0x00, 0x00, 0x00, 0x00, 0x00, 0x00, 0x00, 0x00, 0x00, 0x01, 0x01, 0x04, 0x00, 0x05, 0x02, 0x00,
  0x00, 0x00, 0x01, 0x00, 0x11, 0x1b, 0x0c, 0x12, 0x1c, 0x15, 0x1c, 0x43, 0x61, 0xd0, 0x97, 0x92,
  0x96, 0xc0, 0xe2, 0xdc, 0xdc, 0xf5, 0xfd, 0xf8, 0xf8, 0xfa, 0xfa, 0xfa, 0xfb, 0xfe, 0xff, 0xfe,
  0xfd, 0xfc, 0xff, 0xff, 0xfc, 0xfe, 0xfc, 0xfe, 0xfd, 0xfe, 0xfc, 0xfe, 0xff, 0xfd, 0xfe, 0xfd,
  0xfb, 0xfc, 0xfc, 0xfe, 0xfc, 0xfe, 0xfe, 0xfd, 0xfb, 0xfc, 0xfd, 0xfd, 0xfd, 0xfe, 0xff, 0xfb,
  0xfc, 0xfd, 0xfc, 0xfe, 0xfc, 0xfc, 0xfc, 0xfa, 0xfa, 0xf8, 0xf8, 0xf9, 0xf2, 0xf8, 0xf4, 0xdc,
  0x7b, 0x54, 0x7f, 0x7a, 0x75, 0x59, 0x2c, 0x0f, 0x11, 0x0e, 0x05, 0x12, 0x02, 0x0e, 0x0e, 0x00,
  0x04, 0x00, 0x00, 0x02, 0x00, 0x00, 0x00, 0x00, 0x03, 0x00, 0x00, 0x00, 0x00, 0x00, 0x00, 0x00,
  0x00, 0x00, 0x00, 0x00, 0x00, 0x00, 0x00, 0x00, 0x00, 0x00, 0x00, 0x00, 0x00, 0x00, 0x00, 0x00,
  0x00, 0x00, 0x00, 0x00, 0x00, 0x00, 0x00, 0x00, 0x00, 0x00, 0x00, 0x00, 0x00, 0x00, 0x00, 0x00,
  0x00, 0x00, 0x00, 0x00, 0x00, 0x00, 0x00, 0x00, 0x00, 0x00, 0x00, 0x00, 0x00, 0x00, 0x00, 0x00,
  0x00, 0x00, 0x00, 0x00, 0x00, 0x00, 0x00, 0x00, 0x00, 0x00, 0x00, 0x00, 0x00, 0x00, 0x00, 0x00,
  0x00, 0x00, 0x00, 0x00, 0x00, 0x00, 0x00, 0x00, 0x00, 0x00, 0x02, 0x00, 0x0f, 0x00, 0x00, 0x01,
  0x00, 0x00, 0x02, 0x00, 0x00, 0x00, 0x00, 0x00, 0x00, 0x00, 0x00, 0x05, 0x0d, 0x33, 0x3e, 0x27,
  0x20, 0x26, 0x2d, 0x6e, 0x67, 0xa1, 0xac, 0xe0, 0xd5, 0xe9, 0xea, 0xef, 0xfc, 0xfb, 0xfc, 0xfa,
  0xfa, 0xfb, 0xfb, 0xfa, 0xfb, 0xfd, 0xfb, 0xfb, 0xfb, 0xfc, 0xfd, 0xfe, 0xfe, 0xfa, 0xf8, 0xfc,
  0xfd, 0xfd, 0xfc, 0xfe, 0xfd, 0xfc, 0xfa, 0xfd, 0xfc, 0xfc, 0xfb, 0xfc, 0xfd, 0xfc, 0xfb, 0xfc,
  0xfb, 0xfe, 0xfe, 0xfd, 0xff, 0xfc, 0xfa, 0xfb, 0xfa, 0xfe, 0xfd, 0xfc, 0xfc, 0xfd, 0xfb, 0xfb,
  0xfa, 0xfa, 0xfb, 0xfb, 0xfb, 0xfa, 0xf9, 0xf6, 0xf2, 0xd3, 0x9a, 0x6b, 0x56, 0x18, 0x2d, 0x17,
  0x39, 0x20, 0x17, 0x0e, 0x0d, 0x06, 0x31, 0x16, 0x01, 0x01, 0x00, 0x05, 0x06, 0x00, 0x00, 0x00,
  0x0b, 0x02, 0x00, 0x00, 0x02, 0x00, 0x00, 0x00, 0x00, 0x00, 0x00, 0x00, 0x00, 0x00, 0x00, 0x00,
  0x00, 0x00, 0x00, 0x00, 0x00, 0x00, 0x00, 0x00, 0x00, 0x00, 0x00, 0x00, 0x00, 0x00, 0x00, 0x00,
  0x00, 0x00, 0x00, 0x00, 0x00, 0x00, 0x00, 0x00, 0x00, 0x00, 0x00, 0x00, 0x00, 0x00, 0x00, 0x00,
  0x00, 0x00, 0x00, 0x00, 0x00, 0x00, 0x00, 0x00, 0x00, 0x00, 0x00, 0x00, 0x00, 0x00, 0x00, 0x00,
  0x00, 0x00, 0x00, 0x00, 0x00, 0x00, 0x00, 0x00, 0x00, 0x00, 0x00, 0x00, 0x00, 0x00, 0x00, 0x00,
  0x00, 0x00, 0x00, 0x02, 0x22, 0x05, 0x03, 0x00, 0x05, 0x06, 0x02, 0x06, 0x09, 0x00, 0x00, 0x00,
  0x00, 0x02, 0x01, 0x04, 0x0d, 0x0d, 0x52, 0x56, 0x1d, 0x21, 0x3b, 0x73, 0x88, 0xd7, 0xf1, 0xf5,
  0xf4, 0xf4, 0xf4, 0xfb, 0xfb, 0xfa, 0xfb, 0xfd, 0xfc, 0xfa, 0xfc, 0xfc, 0xfa, 0xfe, 0xfd, 0xfd,
  0xff, 0xfb, 0xfc, 0xfd, 0xfc, 0xff, 0xfd, 0xfd, 0xfc, 0xfd, 0xfc, 0xfd, 0xf9, 0xfc, 0xfc, 0xfd,
  0xfc, 0xfa, 0xfd, 0xfc, 0xfb, 0xfd, 0xfd, 0xfc, 0xfc, 0xfa, 0xfc, 0xfd, 0xfb, 0xfd, 0xfb, 0xfd,
  0xfd, 0xfb, 0xfc, 0xfe, 0xfb, 0xfc, 0xfd, 0xfe, 0xfc, 0xfa, 0xfc, 0xfd, 0xf9, 0xfc, 0xfd, 0xfe,
  0xfc, 0xf4, 0x9a, 0xa0, 0x8a, 0x3f, 0x32, 0x49, 0x54, 0x25, 0x1a, 0x1e, 0x0e, 0x08, 0x29, 0x10,
  0x00, 0x02, 0x05, 0x03, 0x00, 0x00, 0x00, 0x04, 0x08, 0x02, 0x00, 0x01, 0x01, 0x00, 0x00, 0x00,
  0x00, 0x00, 0x00, 0x00, 0x00, 0x00, 0x00, 0x00, 0x00, 0x00, 0x00, 0x00, 0x00, 0x00, 0x00, 0x00,
  0x00, 0x00, 0x00, 0x00, 0x00, 0x00, 0x00, 0x00, 0x00, 0x00, 0x00, 0x00, 0x00, 0x00, 0x00, 0x00,
  0x00, 0x00, 0x00, 0x00, 0x00, 0x00, 0x00, 0x00, 0x00, 0x00, 0x00, 0x00, 0x00, 0x00, 0x00, 0x00,
  0x00, 0x00, 0x00, 0x00, 0x00, 0x00, 0x00, 0x00, 0x00, 0x00, 0x00, 0x00, 0x00, 0x00, 0x00, 0x01,
  0x00, 0x00, 0x00, 0x00, 0x00, 0x00, 0x00, 0x01, 0x00, 0x00, 0x00, 0x00, 0x05, 0x03, 0x08, 0x0d,
  0x0f, 0x0d, 0x07, 0x01, 0x00, 0x03, 0x01, 0x0d, 0x02, 0x0b, 0x07, 0x03, 0x10, 0x16, 0x32, 0x73,
  0x38, 0x61, 0xac, 0x86, 0xa6, 0xf0, 0xee, 0xf6, 0xfa, 0xfe, 0xff, 0xfc, 0xfe, 0xfc, 0xfb, 0xff,
  0xfc, 0xfd, 0xfd, 0xfc, 0xfd, 0xfd, 0xfc, 0xff, 0xfc, 0xfd, 0xfb, 0xf8, 0xfb, 0xfd, 0xfe, 0xff,
  0xfc, 0xff, 0xfe, 0xfc, 0xfc, 0xfc, 0xfc, 0xff, 0xfd, 0xfc, 0xfe, 0xfc, 0xfd, 0xfd, 0xfb, 0xfe,
  0xfd, 0xfc, 0xfc, 0xfc, 0xfc, 0xfc, 0xfb, 0xfe, 0xfc, 0xfb, 0xfd, 0xfd, 0xfb, 0xfc, 0xfd, 0xff,
  0xfc, 0xfd, 0xfe, 0xfd, 0xfd, 0xff, 0xfb, 0xfa, 0xfa, 0xfb, 0xef, 0xd6, 0xe0, 0xbf, 0x83, 0xae,
  0x82, 0x41, 0x4e, 0x4d, 0x14, 0x17, 0x41, 0x1b, 0x01, 0x00, 0x01, 0x00, 0x00, 0x05, 0x02, 0x0a,
  0x04, 0x08, 0x03, 0x00, 0x00, 0x02, 0x00, 0x00, 0x00, 0x00, 0x00, 0x00, 0x00, 0x00, 0x00, 0x02,
  0x00, 0x00, 0x00, 0x00, 0x00, 0x00, 0x00, 0x00, 0x00, 0x00, 0x00, 0x00, 0x00, 0x00, 0x00, 0x00,
  0x00, 0x00, 0x00, 0x00, 0x00, 0x00, 0x00, 0x00, 0x00, 0x00, 0x00, 0x00, 0x00, 0x00, 0x00, 0x00,
  0x00, 0x00, 0x00, 0x00, 0x00, 0x00, 0x00, 0x00, 0x00, 0x00, 0x00, 0x00, 0x00, 0x00, 0x00, 0x00,
  0x00, 0x00, 0x00, 0x00, 0x00, 0x00, 0x00, 0x00, 0x00, 0x00, 0x00, 0x00, 0x00, 0x00, 0x00, 0x00,
  0x00, 0x00, 0x00, 0x00, 0x00, 0x00, 0x00, 0x0c, 0x0c, 0x0c, 0x6b, 0x33, 0x05, 0x01, 0x00, 0x07,
  0x02, 0x04, 0x0e, 0x23, 0x2a, 0x64, 0x8b, 0x74, 0x72, 0x91, 0xbe, 0xa9, 0xd0, 0xf6, 0xf9, 0xfb,
  0xfc, 0xfd, 0xfb, 0xfc, 0xff, 0xfc, 0xfd, 0xfc, 0xfc, 0xfb, 0xfd, 0xfc, 0xfd, 0xfd, 0xfc, 0xfd,
  0xfd, 0xfe, 0xfc, 0xfd, 0xfd, 0xfb, 0xfc, 0xfc, 0xfa, 0xfd, 0xfe, 0xfc, 0xfd, 0xfb, 0xfc, 0xfc,
  0xfc, 0xfc, 0xfc, 0xfd, 0xff, 0xfb, 0xfb, 0xfe, 0xfb, 0xfe, 0xfd, 0xfc, 0xfd, 0xfa, 0xfc, 0xfd,
  0xfd, 0xfd, 0xfc, 0xfc, 0xfc, 0xfc, 0xfd, 0xfd, 0xfc, 0xfc, 0xfe, 0xfb, 0xfd, 0xff, 0xff, 0xff,
  0xff, 0xfd, 0xfc, 0xfb, 0xf7, 0xf2, 0xe6, 0xe2, 0xbf, 0xbb, 0xc2, 0x6d, 0x1e, 0x11, 0x7a, 0x64,
  0x17, 0x03, 0x02, 0x0e, 0x0b, 0x00, 0x05, 0x05, 0x11, 0x31, 0x1a, 0x05, 0x02, 0x00, 0x00, 0x00,
  0x00, 0x00, 0x00, 0x00, 0x00, 0x00, 0x00, 0x00, 0x00, 0x00, 0x00, 0x00, 0x00, 0x00, 0x00, 0x00,
  0x00, 0x00, 0x00, 0x00, 0x00, 0x00, 0x00, 0x00, 0x00, 0x00, 0x00, 0x00, 0x00, 0x00, 0x00, 0x00,
  0x00, 0x00, 0x00, 0x00, 0x00, 0x00, 0x00, 0x00, 0x00, 0x00, 0x00, 0x00, 0x00, 0x00, 0x00, 0x00,
  0x00, 0x00, 0x00, 0x00, 0x00, 0x00, 0x00, 0x00, 0x00, 0x00, 0x00, 0x00, 0x00, 0x00, 0x00, 0x00,
  0x00, 0x00, 0x00, 0x00, 0x00, 0x01, 0x00, 0x00, 0x00, 0x00, 0x00, 0x00, 0x01, 0x01, 0x00, 0x09,
  0x13, 0x18, 0xb5, 0xc7, 0xb2, 0x66, 0x2a, 0x2c, 0x1f, 0x24, 0x33, 0x4b, 0x47, 0x96, 0xdb, 0xc1,
  0xb8, 0xc5, 0xe3, 0xe8, 0xf9, 0xfc, 0xfd, 0xff, 0xfc, 0xff, 0xfc, 0xfb, 0xfb, 0xfc, 0xfc, 0xfd,
  0xfc, 0xfc, 0xff, 0xfc, 0xfe, 0xfc, 0xfb, 0xfc, 0xfd, 0xfe, 0xfc, 0xfd, 0xfb, 0xfc, 0xfd, 0xfc,
  0xfe, 0xfd, 0xfc, 0xfd, 0xfc, 0xfc, 0xfc, 0xfd, 0xfd, 0xfc, 0xfd, 0xfc, 0xfb, 0xfc, 0xfc, 0xfd,
  0xfe, 0xfd, 0xfd, 0xfd, 0xfc, 0xfc, 0xfb, 0xfc, 0xfd, 0xfe, 0xff, 0xfe, 0xfc, 0xfd, 0xfc, 0xfc,
  0xfd, 0xfd, 0xfc, 0xfb, 0xfb, 0xfb, 0xff, 0xff, 0xff, 0xfe, 0xfe, 0xff, 0xfd, 0xf9, 0xf8, 0xf8,
  0xed, 0xf6, 0xbd, 0xaf, 0x73, 0x3d, 0x80, 0x47, 0x0f, 0x0c, 0x02, 0x0b, 0x23, 0x01, 0x04, 0x02,
  0x44, 0x63, 0x17, 0x04, 0x00, 0x06, 0x08, 0x00, 0x00, 0x00, 0x00, 0x00, 0x00, 0x00, 0x00, 0x00,
  0x00, 0x00, 0x00, 0x00, 0x00, 0x00, 0x00, 0x00, 0x00, 0x00, 0x00, 0x00, 0x00, 0x00, 0x00, 0x00,
  0x00, 0x00, 0x00, 0x00, 0x00, 0x00, 0x00, 0x00, 0x00, 0x00, 0x00, 0x00, 0x00, 0x00, 0x00, 0x00,
  0x00, 0x00, 0x00, 0x00, 0x00, 0x00, 0x00, 0x00, 0x00, 0x03, 0x00, 0x00, 0x00, 0x00, 0x00, 0x00,
  0x00, 0x00, 0x00, 0x00, 0x00, 0x01, 0x09, 0x01, 0x00, 0x01, 0x00, 0x00, 0x00, 0x06, 0x02, 0x00,
  0x00, 0x01, 0x00, 0x00, 0x00, 0x03, 0x01, 0x17, 0x36, 0x1f, 0x18, 0x3a, 0xa7, 0xde, 0xbb, 0x27,
  0x1d, 0x32, 0x2c, 0x35, 0x3c, 0x8b, 0xd2, 0xe8, 0xeb, 0xed, 0xf4, 0xf5, 0xfa, 0xfb, 0xfd, 0xfe,
  0xfe, 0xff, 0xff, 0xfe, 0xfc, 0xfd, 0xfe, 0xff, 0xff, 0xfe, 0xfe, 0xfe, 0xfd, 0xfa, 0xfb, 0xfc,
  0xfd, 0xfb, 0xfe, 0xfd, 0xfc, 0xfd, 0xfe, 0xfd, 0xfc, 0xfb, 0xfb, 0xf9, 0xfc, 0xfb, 0xfc, 0xfc,
  0xfd, 0xfc, 0xfd, 0xfc, 0xfc, 0xfd, 0xfe, 0xfc, 0xfe, 0xfd, 0xfe, 0xfd, 0xfd, 0xfd, 0xfd, 0xfb,
  0xfd, 0xfc, 0xfe, 0xfd, 0xfb, 0xfe, 0xfe, 0xfc, 0xfe, 0xfd, 0xfd, 0xfd, 0xfc, 0xfc, 0xfe, 0xfc,
  0xff, 0xfc, 0xfe, 0xfe, 0xfc, 0xf9, 0xfb, 0xfa, 0xf6, 0xfb, 0xe8, 0xf0, 0xda, 0xbd, 0xae, 0x3a,
  0x08, 0x0b, 0x0f, 0x0e, 0x11, 0x08, 0x08, 0x18, 0x8d, 0x54, 0x0e, 0x0d, 0x31, 0x2c, 0x06, 0x00,
  0x00, 0x00, 0x00, 0x00, 0x00, 0x00, 0x00, 0x00, 0x00, 0x00, 0x00, 0x00, 0x00, 0x00, 0x00, 0x00,
  0x00, 0x00, 0x00, 0x00, 0x00, 0x00, 0x00, 0x00, 0x00, 0x00, 0x00, 0x00, 0x00, 0x00, 0x00, 0x00,
  0x00, 0x00, 0x00, 0x00, 0x00, 0x00, 0x00, 0x00, 0x00, 0x00, 0x00, 0x00, 0x00, 0x00, 0x00, 0x00,
  0x00, 0x09, 0x06, 0x00, 0x00, 0x00, 0x00, 0x00, 0x00, 0x00, 0x00, 0x00, 0x01, 0x00, 0x1a, 0x22,
  0x02, 0x00, 0x00, 0x00, 0x01, 0x0a, 0x00, 0x01, 0x00, 0x00, 0x00, 0x01, 0x03, 0x03, 0x09, 0x15,
  0x1c, 0x14, 0x09, 0x0d, 0x3d, 0xd7, 0xd5, 0xbb, 0x90, 0x74, 0x3e, 0x3a, 0x78, 0xe4, 0xec, 0xf3,
  0xf6, 0xf7, 0xfb, 0xfe, 0xfd, 0xff, 0xfd, 0xfe, 0xfb, 0xfd, 0xff, 0xff, 0xff, 0xfd, 0xfc, 0xfd,
  0xfe, 0xfe, 0xff, 0xff, 0xfd, 0xfb, 0xfb, 0xff, 0xfc, 0xfd, 0xfe, 0xfd, 0xfb, 0xfb, 0xfa, 0xfb,
  0xfc, 0xfe, 0xff, 0xfd, 0xfc, 0xfd, 0xfd, 0xfe, 0xfb, 0xfd, 0xff, 0xfe, 0xfd, 0xfd, 0xfd, 0xfe,
  0xfc, 0xfd, 0xfe, 0xfc, 0xfe, 0xfd, 0xfe, 0xfe, 0xfb, 0xfe, 0xff, 0xfd, 0xfc, 0xfd, 0xfd, 0xfe,
  0xfb, 0xfd, 0xfc, 0xfd, 0xfc, 0xff, 0xff, 0xfd, 0xfd, 0xfb, 0xff, 0xff, 0xfd, 0xf9, 0xf9, 0xfa,
  0xfa, 0xf7, 0xf9, 0xf3, 0xfb, 0xde, 0xd1, 0x57, 0x27, 0x3b, 0x47, 0x30, 0x1f, 0x10, 0x1e, 0x89,
  0xac, 0x1c, 0x23, 0x53, 0xc8, 0xa6, 0x0c, 0x01, 0x03, 0x00, 0x00, 0x00, 0x00, 0x00, 0x00, 0x00,
  0x00, 0x00, 0x00, 0x00, 0x00, 0x00, 0x00, 0x00, 0x00, 0x00, 0x00, 0x00, 0x00, 0x00, 0x00, 0x00,
  0x00, 0x00, 0x00, 0x00, 0x00, 0x00, 0x00, 0x00, 0x00, 0x00, 0x00, 0x00, 0x00, 0x00, 0x00, 0x00,
  0x00, 0x00, 0x00, 0x00, 0x00, 0x00, 0x00, 0x00, 0x00, 0x00, 0x00, 0x00, 0x00, 0x00, 0x00, 0x00,
  0x00, 0x00, 0x00, 0x05, 0x05, 0x03, 0x16, 0x0d, 0x00, 0x00, 0x00, 0x00, 0x02, 0x00, 0x00, 0x00,
  0x00, 0x00, 0x00, 0x00, 0x00, 0x02, 0x01, 0x06, 0x10, 0x14, 0x1c, 0x1f, 0x4f, 0x35, 0x75, 0x4b,
  0x28, 0x77, 0xa8, 0xdd, 0xf5, 0xf9, 0xfb, 0xfe, 0xfd, 0xfc, 0xf9, 0xfd, 0xfd, 0xfc, 0xf9, 0xfb,
  0xf9, 0xf9, 0xfb, 0xfa, 0xfa, 0xfe, 0xfb, 0xfe, 0xf8, 0xfa, 0xf7, 0xfc, 0xf6, 0xfa, 0xf9, 0xfc,
  0xf8, 0xf7, 0xf5, 0xf8, 0xf5, 0xf0, 0xf1, 0xf6, 0xf1, 0xf3, 0xf3, 0xf8, 0xf4, 0xf7, 0xee, 0xf5,
  0xf5, 0xf4, 0xf5, 0xfa, 0xf7, 0xfa, 0xf8, 0xf9, 0xf7, 0xf7, 0xf5, 0xfb, 0xf9, 0xfe, 0xfc, 0xfd,
  0xfd, 0xf8, 0xfa, 0xfa, 0xfb, 0xfc, 0xfb, 0xfc, 0xf9, 0xfb, 0xf9, 0xfd, 0xfe, 0xfb, 0xfc, 0xff,
  0xfa, 0xfa, 0xfb, 0xfc, 0xfc, 0xfa, 0xfb, 0xfc, 0xfa, 0xf8, 0xfa, 0xfd, 0xfa, 0xce, 0xc5, 0xe3,
  0xb5, 0x90, 0x8e, 0x3e, 0x07, 0x04, 0x0d, 0x1b, 0x1c, 0x1f, 0xb0, 0xcf, 0xbc, 0xc0, 0x9e, 0x42,
  0x08, 0x02, 0x04, 0x02, 0x04, 0x00, 0x00, 0x00, 0x00, 0x00, 0x00, 0x00, 0x00, 0x00, 0x00, 0x00,
  0x00, 0x00, 0x00, 0x00, 0x00, 0x00, 0x00, 0x00, 0x00, 0x00, 0x00, 0x00, 0x00, 0x00, 0x00, 0x00,
  0x00, 0x00, 0x00, 0x00, 0x00, 0x00, 0x00, 0x00, 0x00, 0x00, 0x00, 0x00, 0x00, 0x00, 0x00, 0x00,
  0x00, 0x00, 0x00, 0x00, 0x00, 0x00, 0x00, 0x00, 0x00, 0x00, 0x00, 0x06, 0x0d, 0x00, 0x0a, 0x02,
  0x00, 0x00, 0x00, 0x00, 0x01, 0x00, 0x00, 0x00, 0x00, 0x00, 0x00, 0x00, 0x02, 0x03, 0x0a, 0x00,
  0x0a, 0x1f, 0x41, 0x19, 0x1f, 0x23, 0x77, 0x4c, 0x72, 0xdb, 0xf1, 0xfb, 0xff, 0xfa, 0xfa, 0xfa,
  0xfe, 0xfc, 0xfc, 0xfe, 0xff, 0xfb, 0xf9, 0xf9, 0xfa, 0xf9, 0xfc, 0xfa, 0xfd, 0xfb, 0xfa, 0xfc,
  0xff, 0xf9, 0xfb, 0xfe, 0xfc, 0xfa, 0xf7, 0xf7, 0xf8, 0xf7, 0xf7, 0xf4, 0xeb, 0xfa, 0xf8, 0xf4,
  0xf6, 0xf4, 0xf4, 0xfc, 0xf2, 0xf6, 0xee, 0xdf, 0xd7, 0xdf, 0xdd, 0xe4, 0xe6, 0xef, 0xe0, 0xf5,
  0xf8, 0xf6, 0xf5, 0xf9, 0xf9, 0xfb, 0xf5, 0xf9, 0xfd, 0xff, 0xfd, 0xff, 0xfd, 0xfb, 0xfa, 0xf8,
  0xfa, 0xfa, 0xfe, 0xfd, 0xfd, 0xfb, 0xfc, 0xfc, 0xfb, 0xfc, 0xfd, 0xfc, 0xfd, 0xf9, 0xfb, 0xfb,
  0xfb, 0xfa, 0xfd, 0xfd, 0xfb, 0xf2, 0xe2, 0xf4, 0xd4, 0xa7, 0x99, 0x60, 0x58, 0x25, 0x3c, 0x2e,
  0x1c, 0x4e, 0x77, 0x72, 0x2f, 0x7f, 0x91, 0x4a, 0x0a, 0x03, 0x01, 0x01, 0x01, 0x00, 0x00, 0x00,
  0x00, 0x00, 0x00, 0x00, 0x00, 0x00, 0x00, 0x00, 0x00, 0x00, 0x00, 0x00, 0x00, 0x00, 0x00, 0x00,
  0x00, 0x00, 0x00, 0x00, 0x00, 0x00, 0x00, 0x00, 0x00, 0x00, 0x00, 0x00, 0x00, 0x00, 0x00, 0x00,
  0x00, 0x00, 0x00, 0x00, 0x00, 0x00, 0x00, 0x00, 0x00, 0x00, 0x00, 0x00, 0x00, 0x00, 0x00, 0x00,
  0x00, 0x00, 0x02, 0x04, 0x10, 0x03, 0x02, 0x00, 0x00, 0x00, 0x00, 0x00, 0x00, 0x00, 0x00, 0x00,
  0x04, 0x03, 0x00, 0x00, 0x03, 0x06, 0x0f, 0x08, 0x10, 0x3f, 0x72, 0x17, 0x20, 0x4f, 0x7e, 0x80,
  0xcd, 0xe3, 0xf9, 0xfd, 0xff, 0xfc, 0xfc, 0xfe, 0xfc, 0xfb, 0xfe, 0xfb, 0xfc, 0xfb, 0xfc, 0xfa,
  0xfa, 0xf7, 0xfb, 0xfb, 0xfb, 0xf9, 0xfa, 0xf9, 0xf9, 0xf8, 0xf8, 0xf8, 0xf3, 0xf7, 0xf9, 0xf5,
  0xf7, 0xf1, 0xfc, 0xf4, 0xf2, 0xe0, 0xdc, 0xd0, 0xbb, 0xc6, 0xc9, 0xad, 0xb9, 0x92, 0x8e, 0x90,
  0x90, 0x8a, 0x91, 0x9c, 0xa0, 0xa8, 0xbd, 0xc6, 0xc2, 0xda, 0xe7, 0xed, 0xf8, 0xf0, 0xee, 0xf8,
  0xf9, 0xf6, 0xf8, 0xfb, 0xff, 0xfd, 0xff, 0xf9, 0xfc, 0xf9, 0xfb, 0xfd, 0xfd, 0xfb, 0xfd, 0xfd,
  0xfe, 0xf8, 0xfd, 0xfe, 0xfb, 0xfd, 0xfc, 0xfb, 0xfe, 0xf8, 0xfb, 0xfd, 0xfb, 0xfe, 0xf8, 0xee,
  0xd3, 0xa0, 0x53, 0x39, 0xda, 0xca, 0x90, 0x49, 0x1f, 0x42, 0x1d, 0x07, 0x0d, 0x12, 0x18, 0x02,
  0x00, 0x00, 0x00, 0x02, 0x00, 0x00, 0x00, 0x00, 0x00, 0x00, 0x00, 0x00, 0x00, 0x00, 0x00, 0x00,
  0x00, 0x00, 0x00, 0x00, 0x00, 0x00, 0x00, 0x00, 0x00, 0x00, 0x00, 0x00, 0x00, 0x00, 0x00, 0x00,
  0x00, 0x00, 0x00, 0x00, 0x00, 0x00, 0x00, 0x00, 0x00, 0x00, 0x00, 0x00, 0x00, 0x00, 0x00, 0x00,
  0x00, 0x00, 0x00, 0x00, 0x00, 0x00, 0x00, 0x01, 0x03, 0x05, 0x05, 0x00, 0x0e, 0x07, 0x00, 0x02,
  0x00, 0x00, 0x00, 0x00, 0x02, 0x00, 0x00, 0x03, 0x0f, 0x10, 0x0a, 0x02, 0x08, 0x04, 0x05, 0x18,
  0x19, 0x61, 0x96, 0x32, 0x25, 0x78, 0xb9, 0xe1, 0xf2, 0xf6, 0xfb, 0xfa, 0xfc, 0xfd, 0xfd, 0xfd,
  0xfc, 0xfc, 0xfb, 0xfc, 0xfd, 0xfc, 0xfc, 0xfd, 0xf9, 0xf6, 0xf7, 0xf8, 0xfa, 0xfc, 0xf8, 0xf9,
  0xfc, 0xfc, 0xf8, 0xf7, 0xf8, 0xf8, 0xf9, 0xf9, 0xe4, 0xe6, 0xdc, 0x84, 0x49, 0x2d, 0x1f, 0x25,
  0x40, 0x51, 0x41, 0x2e, 0x34, 0x3e, 0x31, 0x64, 0x62, 0x4e, 0x5a, 0x4c, 0x49, 0x1f, 0x2f, 0x57,
  0x66, 0x8c, 0xbf, 0xb8, 0xd5, 0xe9, 0xd0, 0xea, 0xfb, 0xfd, 0xfd, 0xfe, 0xfd, 0xfe, 0xfd, 0xfd,
  0xfa, 0xfa, 0xfa, 0xfa, 0xff, 0xfd, 0xfc, 0xfd, 0xfb, 0xfb, 0xfd, 0xfd, 0xfb, 0xfd, 0xfe, 0xfd,
  0xfc, 0xfc, 0xfa, 0xfc, 0xfa, 0xfb, 0xf7, 0xf2, 0xef, 0xd8, 0x7a, 0x89, 0xf5, 0xc2, 0x72, 0x70,
  0x43, 0x32, 0x11, 0x07, 0x09, 0x05, 0x05, 0x06, 0x02, 0x00, 0x01, 0x00, 0x03, 0x00, 0x00, 0x00,
  0x00, 0x00, 0x00, 0x00, 0x00, 0x00, 0x00, 0x00, 0x00, 0x00, 0x00, 0x00, 0x00, 0x00, 0x00, 0x00,
  0x00, 0x00, 0x00, 0x00, 0x00, 0x00, 0x00, 0x00, 0x00, 0x00, 0x00, 0x00, 0x00, 0x00, 0x00, 0x00,
  0x00, 0x00, 0x00, 0x00, 0x00, 0x00, 0x00, 0x00, 0x00, 0x00, 0x00, 0x00, 0x00, 0x00, 0x05, 0x06,
  0x06, 0x09, 0x0d, 0x04, 0x16, 0x02, 0x00, 0x00, 0x00, 0x00, 0x00, 0x00, 0x01, 0x00, 0x00, 0x04,
  0x0c, 0x11, 0x1e, 0x1b, 0x15, 0x18, 0x0d, 0x15, 0x2f, 0x5c, 0x50, 0x60, 0x5b, 0xda, 0xed, 0xfe,
  0xf5, 0xff, 0xfb, 0xff, 0xff, 0xfa, 0xfc, 0xfd, 0xfb, 0xfe, 0xfb, 0xfa, 0xf8, 0xfb, 0xfb, 0xfb,
  0xfa, 0xfb, 0xf9, 0xf9, 0xf7, 0xf7, 0xf9, 0xf7, 0xfa, 0xf7, 0xf1, 0xe0, 0xd7, 0xe4, 0xcc, 0xa9,
  0x91, 0x8d, 0x44, 0x1d, 0x10, 0x02, 0x09, 0x11, 0x19, 0x0f, 0x12, 0x0e, 0x10, 0x0b, 0x0d, 0x1d,
  0x1d, 0x19, 0x1b, 0x18, 0x11, 0x09, 0x0c, 0x18, 0x18, 0x1a, 0x2c, 0x29, 0x23, 0x3e, 0x41, 0x81,
  0xd2, 0xdb, 0xdd, 0xf6, 0xfb, 0xfb, 0xf7, 0xfb, 0xf9, 0xfb, 0xfa, 0xf8, 0xfa, 0xfc, 0xfb, 0xfc,
  0xfa, 0xfd, 0xfd, 0xfc, 0xfb, 0xfb, 0xfd, 0xfc, 0xfa, 0xfa, 0xfb, 0xfa, 0xfb, 0xff, 0xfc, 0xfd,
  0xf8, 0xec, 0xe5, 0xeb, 0xce, 0x3c, 0x7c, 0xbd, 0x63, 0x22, 0x11, 0x0e, 0x0a, 0x07, 0x0b, 0x05,
  0x04, 0x01, 0x00, 0x00, 0x00, 0x00, 0x00, 0x00, 0x00, 0x00, 0x00, 0x00, 0x00, 0x00, 0x00, 0x00,
  0x00, 0x00, 0x00, 0x00, 0x00, 0x00, 0x00, 0x00, 0x00, 0x00, 0x00, 0x00, 0x00, 0x00, 0x00, 0x00,
  0x00, 0x00, 0x00, 0x00, 0x00, 0x00, 0x00, 0x00, 0x00, 0x00, 0x00, 0x00, 0x00, 0x00, 0x00, 0x00,
  0x00, 0x00, 0x00, 0x00, 0x00, 0x00, 0x00, 0x04, 0x09, 0x19, 0x60, 0x20, 0x0e, 0x01, 0x00, 0x01,
  0x01, 0x00, 0x00, 0x00, 0x03, 0x00, 0x00, 0x03, 0x09, 0x04, 0x12, 0x3f, 0x38, 0x27, 0x18, 0x41,
  0x39, 0x2a, 0x90, 0xa6, 0xaa, 0xfd, 0xfc, 0xfd, 0xfc, 0xfe, 0xfd, 0xfb, 0xfb, 0xfb, 0xfc, 0xfa,
  0xfb, 0xfd, 0xfc, 0xfb, 0xfa, 0xfc, 0xfb, 0xfa, 0xfb, 0xf6, 0xf6, 0xf6, 0xf6, 0xf8, 0xf7, 0xf3,
  0xd8, 0xc5, 0x88, 0x49, 0x3b, 0x1e, 0x26, 0x25, 0x1c, 0x15, 0x09, 0x06, 0x08, 0x08, 0x09, 0x05,
  0x06, 0x03, 0x05, 0x05, 0x04, 0x08, 0x0a, 0x0c, 0x05, 0x0a, 0x0d, 0x09, 0x08, 0x04, 0x06, 0x09,
  0x06, 0x07, 0x09, 0x0a, 0x15, 0x07, 0x10, 0x1d, 0x30, 0x30, 0x40, 0x69, 0xc5, 0xbb, 0xe8, 0xf5,
  0xfc, 0xfb, 0xfc, 0xff, 0xfc, 0xfb, 0xf9, 0xfb, 0xfb, 0xfc, 0xfc, 0xfd, 0xfc, 0xfb, 0xfc, 0xfb,
  0xfc, 0xfd, 0xfc, 0xfc, 0xfb, 0xfe, 0xf9, 0xfa, 0xff, 0xf9, 0xf9, 0xef, 0xa9, 0x53, 0x9b, 0xcb,
  0x7b, 0x35, 0x20, 0x03, 0x0a, 0x0c, 0x08, 0x10, 0x05, 0x00, 0x04, 0x00, 0x02, 0x00, 0x00, 0x00,
  0x00, 0x00, 0x00, 0x00, 0x00, 0x00, 0x00, 0x00, 0x00, 0x00, 0x00, 0x00, 0x00, 0x00, 0x00, 0x00,
  0x00, 0x00, 0x00, 0x00, 0x00, 0x00, 0x00, 0x00, 0x00, 0x00, 0x00, 0x00, 0x00, 0x00, 0x00, 0x00,
  0x00, 0x00, 0x00, 0x00, 0x00, 0x00, 0x00, 0x00, 0x00, 0x00, 0x00, 0x00, 0x00, 0x00, 0x02, 0x03,
  0x05, 0x42, 0x74, 0x44, 0x12, 0x00, 0x00, 0x03, 0x01, 0x01, 0x02, 0x00, 0x01, 0x00, 0x00, 0x06,
  0x03, 0x0c, 0x1f, 0x2d, 0x39, 0x48, 0x41, 0x44, 0x44, 0x62, 0xc8, 0xed, 0xf5, 0xfb, 0xfb, 0xfc,
  0xfe, 0xfb, 0xfe, 0xfa, 0xfe, 0xfd, 0xfb, 0xfa, 0xfd, 0xfb, 0xfa, 0xfa, 0xfd, 0xf9, 0xf8, 0xf3,
  0xf2, 0xf6, 0xf5, 0xf7, 0xf4, 0xec, 0xc9, 0x85, 0x62, 0x4f, 0x30, 0x16, 0x20, 0x0d, 0x07, 0x07,
  0x06, 0x03, 0x07, 0x03, 0x04, 0x03, 0x00, 0x00, 0x03, 0x02, 0x00, 0x00, 0x02, 0x05, 0x00, 0x00,
  0x05, 0x00, 0x01, 0x01, 0x03, 0x00, 0x00, 0x00, 0x00, 0x01, 0x05, 0x04, 0x06, 0x07, 0x04, 0x06,
  0x10, 0x18, 0x11, 0x13, 0x1b, 0x53, 0x97, 0xd9, 0xf7, 0xfc, 0xfa, 0xfc, 0xf9, 0xfc, 0xfb, 0xf9,
  0xfb, 0xfb, 0xfd, 0xfc, 0xfe, 0xfe, 0xfb, 0xf9, 0xfc, 0xfb, 0xfc, 0xfb, 0xfb, 0xfb, 0xf9, 0xfa,
  0xfe, 0xfb, 0xfa, 0xf3, 0xe3, 0xc9, 0xb1, 0xac, 0x53, 0x20, 0x19, 0x0b, 0x0a, 0x04, 0x04, 0x0c,
  0x0c, 0x01, 0x01, 0x00, 0x00, 0x00, 0x00, 0x00, 0x00, 0x00, 0x00, 0x00, 0x00, 0x00, 0x00, 0x00,
  0x00, 0x00, 0x00, 0x00, 0x00, 0x00, 0x00, 0x00, 0x00, 0x00, 0x00, 0x00, 0x00, 0x00, 0x00, 0x00,
  0x00, 0x00, 0x00, 0x00, 0x00, 0x00, 0x00, 0x00, 0x00, 0x00, 0x00, 0x00, 0x00, 0x00, 0x00, 0x00,
  0x00, 0x00, 0x00, 0x00, 0x00, 0x03, 0x03, 0x04, 0x01, 0x1c, 0xb5, 0xc0, 0x20, 0x07, 0x02, 0x04,
  0x03, 0x01, 0x02, 0x02, 0x0b, 0x09, 0x08, 0x16, 0x15, 0x36, 0x4c, 0x34, 0x44, 0x40, 0x43, 0x65,
  0xaf, 0xca, 0xd5, 0xf1, 0xf9, 0xfc, 0xff, 0xfc, 0xfb, 0xfb, 0xff, 0xff, 0xfb, 0xfa, 0xfc, 0xfb,
  0xfa, 0xfa, 0xfd, 0xfb, 0xfb, 0xf9, 0xfd, 0xf8, 0xef, 0xf2, 0xe9, 0xc1, 0x65, 0x68, 0x2f, 0x2c,
  0x32, 0x2f, 0x27, 0x1b, 0x0f, 0x03, 0x02, 0x01, 0x00, 0x02, 0x02, 0x00, 0x03, 0x00, 0x00, 0x00,
  0x00, 0x00, 0x00, 0x01, 0x00, 0x05, 0x02, 0x00, 0x00, 0x03, 0x00, 0x05, 0x02, 0x00, 0x01, 0x00,
  0x02, 0x02, 0x02, 0x04, 0x00, 0x02, 0x02, 0x05, 0x07, 0x09, 0x0a, 0x0d, 0x03, 0x0c, 0x2a, 0x2f,
  0x52, 0xe2, 0xf6, 0xf5, 0xf7, 0xfa, 0xfa, 0xfb, 0xfa, 0xfb, 0xfd, 0xfc, 0xfc, 0xfd, 0xfc, 0xfa,
  0xfa, 0xfb, 0xfd, 0xfd, 0xfc, 0xfe, 0xff, 0xf9, 0xfb, 0xfc, 0xf3, 0xec, 0xe0, 0xd4, 0xbb, 0xb6,
  0x3f, 0x2b, 0x0e, 0x08, 0x1b, 0x2a, 0x04, 0x13, 0x0f, 0x05, 0x04, 0x02, 0x00, 0x00, 0x00, 0x00,
  0x00, 0x00, 0x00, 0x00, 0x00, 0x00, 0x00, 0x00, 0x00, 0x00, 0x00, 0x00, 0x00, 0x00, 0x00, 0x00,
  0x00, 0x00, 0x00, 0x00, 0x00, 0x00, 0x00, 0x00, 0x00, 0x00, 0x00, 0x00, 0x00, 0x00, 0x00, 0x00,
  0x00, 0x00, 0x00, 0x00, 0x00, 0x00, 0x00, 0x00, 0x00, 0x00, 0x00, 0x00, 0x00, 0x00, 0x00, 0x00,
  0x00, 0x06, 0xb3, 0xf3, 0xd2, 0x1e, 0x26, 0x68, 0x21, 0x0e, 0x21, 0x42, 0x52, 0x35, 0x40, 0x26,
  0x21, 0x36, 0x33, 0x83, 0x44, 0x62, 0x79, 0xb1, 0xd7, 0xf1, 0xf6, 0xfd, 0xfb, 0xfe, 0xfe, 0xfb,
  0xfe, 0xfc, 0xfa, 0xfc, 0xfa, 0xfb, 0xfe, 0xfa, 0xff, 0xfd, 0xfa, 0xf8, 0xf8, 0xf3, 0xf2, 0xee,
  0xe2, 0xdb, 0xdb, 0xaf, 0x56, 0x06, 0x0b, 0x02, 0x01, 0x04, 0x00, 0x02, 0x01, 0x00, 0x00, 0x00,
  0x00, 0x00, 0x00, 0x00, 0x00, 0x00, 0x00, 0x00, 0x00, 0x00, 0x00, 0x00, 0x00, 0x00, 0x00, 0x00,
  0x00, 0x00, 0x00, 0x01, 0x00, 0x00, 0x00, 0x00, 0x00, 0x00, 0x00, 0x01, 0x00, 0x00, 0x01, 0x01,
  0x08, 0x15, 0x1b, 0x14, 0x04, 0x0e, 0x09, 0x06, 0x1e, 0x61, 0xa8, 0xdb, 0xf1, 0xfe, 0xff, 0xf4,
  0xe9, 0xf7, 0xf3, 0xf5, 0xf5, 0xfd, 0xfe, 0xfc, 0xfd, 0xfc, 0xfc, 0xfe, 0xfc, 0xfc, 0xfe, 0xfc,
  0xfc, 0xfc, 0xfc, 0xfd, 0xfc, 0xe7, 0xe9, 0xe6, 0xc1, 0x38, 0x34, 0x5f, 0x8a, 0x27, 0x10, 0x1d,
  0x11, 0x07, 0x07, 0x0a, 0x04, 0x00, 0x02, 0x05, 0x09, 0x00, 0x00, 0x03, 0x01, 0x03, 0x00, 0x03,
  0x00, 0x00, 0x00, 0x00, 0x00, 0x00, 0x00, 0x00, 0x00, 0x00, 0x00, 0x00, 0x00, 0x00, 0x00, 0x00,
  0x00, 0x00, 0x00, 0x00, 0x00, 0x00, 0x00, 0x00, 0x00, 0x00, 0x00, 0x00, 0x00, 0x00, 0x00, 0x00,
  0x00, 0x00, 0x00, 0x00, 0x00, 0x00, 0x00, 0x00, 0x05, 0x14, 0x4d, 0xe8, 0xee, 0xbf, 0x40, 0x5e,
  0x6d, 0x32, 0x2f, 0x73, 0x74, 0x71, 0x3a, 0x2d, 0x39, 0x33, 0x3f, 0x8c, 0x65, 0xbd, 0xab, 0xd2,
  0xf4, 0xfa, 0xfb, 0xfa, 0xfe, 0xfb, 0xfc, 0xfc, 0xfd, 0xfd, 0xfc, 0xfa, 0xfa, 0xf7, 0xfa, 0xfb,
  0xf9, 0xfb, 0xf7, 0xf5, 0xf8, 0xf7, 0xeb, 0xb2, 0x96, 0x84, 0x46, 0x28, 0x13, 0x03, 0x00, 0x00,
  0x00, 0x00, 0x00, 0x00, 0x01, 0x00, 0x00, 0x00, 0x00, 0x00, 0x00, 0x00, 0x00, 0x00, 0x00, 0x00,
  0x00, 0x00, 0x00, 0x00, 0x00, 0x00, 0x00, 0x00, 0x00, 0x00, 0x00, 0x00, 0x00, 0x00, 0x00, 0x00,
  0x00, 0x00, 0x00, 0x00, 0x00, 0x00, 0x00, 0x00, 0x00, 0x00, 0x01, 0x02, 0x06, 0x04, 0x03, 0x03,
  0x0a, 0x19, 0x22, 0x40, 0x69, 0xf9, 0xf8, 0xe3, 0xe2, 0xfa, 0xf8, 0xf4, 0xff, 0xfa, 0xfb, 0xfb,
  0xfc, 0xfd, 0xfa, 0xfb, 0xfd, 0xfd, 0xfe, 0xfb, 0xfb, 0xfd, 0xfd, 0xfc, 0xfd, 0xf4, 0xe8, 0xdb,
  0xda, 0x90, 0x4d, 0x9e, 0x71, 0x3c, 0x0f, 0x17, 0x13, 0x06, 0x00, 0x03, 0x0d, 0x02, 0x03, 0x08,
  0x05, 0x01, 0x00, 0x00, 0x03, 0x01, 0x26, 0x6a, 0x00, 0x00, 0x00, 0x00, 0x00, 0x00, 0x00, 0x00,
  0x00, 0x00, 0x00, 0x00, 0x00, 0x00, 0x00, 0x00, 0x00, 0x00, 0x00, 0x00, 0x00, 0x00, 0x00, 0x00,
  0x00, 0x00, 0x00, 0x00, 0x00, 0x00, 0x00, 0x00, 0x00, 0x00, 0x00, 0x01, 0x00, 0x00, 0x00, 0x00,
  0x04, 0x0a, 0x17, 0xa5, 0xee, 0xa9, 0xa8, 0xb5, 0x79, 0x32, 0x21, 0x66, 0x60, 0x26, 0x4b, 0x6e,
  0x78, 0x4d, 0x59, 0xa3, 0xd7, 0xda, 0xe7, 0xf6, 0xf7, 0xf8, 0xfc, 0xfe, 0xfc, 0xfd, 0xfe, 0xfd,
  0xfd, 0xf9, 0xfb, 0xfa, 0xfb, 0xfb, 0xf8, 0xf6, 0xfb, 0xf9, 0xf8, 0xf5, 0xf3, 0xca, 0xab, 0xb1,
  0x58, 0x2e, 0x0f, 0x0d, 0x02, 0x00, 0x00, 0x00, 0x00, 0x01, 0x00, 0x05, 0x02, 0x00, 0x00, 0x00,
  0x00, 0x00, 0x00, 0x00, 0x00, 0x00, 0x00, 0x00, 0x00, 0x00, 0x00, 0x00, 0x00, 0x00, 0x00, 0x00,
  0x00, 0x00, 0x00, 0x00, 0x00, 0x00, 0x00, 0x00, 0x00, 0x00, 0x00, 0x00, 0x00, 0x00, 0x00, 0x00,
  0x00, 0x00, 0x00, 0x03, 0x00, 0x03, 0x00, 0x02, 0x06, 0x03, 0x06, 0x0a, 0x0e, 0xbf, 0xbb, 0x8e,
  0xe1, 0xf7, 0xee, 0xfa, 0xfc, 0xf9, 0xfd, 0xfc, 0xfa, 0xf9, 0xfe, 0xfe, 0xfc, 0xfe, 0xfc, 0xfe,
  0xfc, 0xfb, 0xfe, 0xff, 0xfd, 0xf9, 0xf5, 0xf4, 0xef, 0xd1, 0x55, 0x95, 0x89, 0x44, 0x1c, 0x0e,
  0x08, 0x02, 0x07, 0x05, 0x0b, 0x06, 0x00, 0x04, 0x00, 0x00, 0x00, 0x06, 0x0c, 0x32, 0x7f, 0x90,
  0x00, 0x00, 0x00, 0x00, 0x00, 0x00, 0x00, 0x00, 0x00, 0x00, 0x00, 0x00, 0x00, 0x00, 0x00, 0x00,
  0x00, 0x00, 0x00, 0x00, 0x00, 0x00, 0x00, 0x00, 0x00, 0x00, 0x00, 0x00, 0x02, 0x00, 0x00, 0x00,
  0x00, 0x00, 0x00, 0x00, 0x01, 0x00, 0x00, 0x03, 0x00, 0x07, 0x03, 0x1a, 0xb7, 0x82, 0xaf, 0xdd,
  0xd2, 0x9b, 0x39, 0x62, 0x92, 0x4a, 0x50, 0xab, 0x9e, 0x8c, 0xae, 0xe2, 0xd0, 0xf3, 0xff, 0xfd,
  0xfd, 0xff, 0xfa, 0xfd, 0xfe, 0xfc, 0xfe, 0xff, 0xfb, 0xf9, 0xfb, 0xf7, 0xf9, 0xff, 0xf2, 0xfb,
  0xf9, 0xf9, 0xe9, 0x9f, 0x54, 0x88, 0x78, 0x82, 0x26, 0x08, 0x03, 0x01, 0x05, 0x05, 0x00, 0x09,
  0x02, 0x00, 0x00, 0x00, 0x04, 0x00, 0x00, 0x00, 0x00, 0x00, 0x00, 0x00, 0x00, 0x00, 0x00, 0x00,
  0x00, 0x00, 0x00, 0x00, 0x01, 0x00, 0x00, 0x00, 0x00, 0x00, 0x00, 0x00, 0x01, 0x00, 0x00, 0x00,
  0x00, 0x00, 0x00, 0x00, 0x00, 0x00, 0x00, 0x01, 0x00, 0x00, 0x00, 0x00, 0x02, 0x00, 0x00, 0x04,
  0x03, 0x02, 0x08, 0x0e, 0x0e, 0x40, 0x4f, 0x77, 0xd2, 0xe7, 0xcf, 0xf6, 0xfb, 0xf8, 0xfa, 0xfd,
  0xfa, 0xfa, 0xf8, 0xfb, 0xfe, 0xfd, 0xfc, 0xff, 0xfb, 0xfc, 0xfa, 0xfa, 0xfa, 0xfe, 0xff, 0xff,
  0xf6, 0xef, 0xe8, 0xb8, 0x69, 0x89, 0x58, 0x24, 0x07, 0x09, 0x08, 0x10, 0x1b, 0x0c, 0x07, 0x0b,
  0x1b, 0x0c, 0x03, 0x1b, 0x38, 0xa6, 0x6b, 0x1e, 0x00, 0x00, 0x00, 0x00, 0x00, 0x00, 0x00, 0x00,
  0x00, 0x00, 0x00, 0x00, 0x00, 0x00, 0x00, 0x00, 0x00, 0x00, 0x00, 0x00, 0x00, 0x00, 0x00, 0x00,
  0x00, 0x00, 0x00, 0x00, 0x00, 0x00, 0x00, 0x00, 0x00, 0x00, 0x01, 0x00, 0x00, 0x00, 0x00, 0x00,
  0x01, 0x02, 0x0a, 0x0a, 0x29, 0x0e, 0x42, 0xb0, 0xeb, 0xad, 0x86, 0x89, 0x9c, 0x55, 0x87, 0xa6,
  0xa9, 0xb0, 0xe5, 0xec, 0xe3, 0xf7, 0xfb, 0xfe, 0xfd, 0xfe, 0xfe, 0xfb, 0xfd, 0xfd, 0xfd, 0xfc,
  0xfc, 0xfb, 0xf9, 0xfa, 0xf6, 0xf7, 0xf7, 0xfb, 0xef, 0xd5, 0x74, 0x28, 0x13, 0x3f, 0x1e, 0x1c,
  0x04, 0x02, 0x02, 0x00, 0x02, 0x05, 0x04, 0x09, 0x03, 0x00, 0x02, 0x00, 0x00, 0x00, 0x00, 0x00,
  0x00, 0x00, 0x00, 0x00, 0x00, 0x00, 0x00, 0x00, 0x00, 0x00, 0x00, 0x00, 0x00, 0x00, 0x00, 0x00,
  0x00, 0x00, 0x00, 0x00, 0x00, 0x00, 0x00, 0x00, 0x00, 0x00, 0x00, 0x00, 0x00, 0x00, 0x00, 0x00,
  0x00, 0x00, 0x00, 0x00, 0x00, 0x03, 0x00, 0x02, 0x02, 0x01, 0x06, 0x00, 0x0a, 0x0a, 0x12, 0x45,
  0x55, 0x79, 0x92, 0xf2, 0xf4, 0xf9, 0xf9, 0xf9, 0xfb, 0xfa, 0xfc, 0xfb, 0xfd, 0xfc, 0xfc, 0xfd,
  0xfc, 0xfc, 0xfd, 0xfb, 0xff, 0xfd, 0xfd, 0xff, 0xff, 0xff, 0xfa, 0xdd, 0x78, 0x77, 0x5e, 0x20,
  0x18, 0x0d, 0x02, 0x08, 0x11, 0x17, 0x1b, 0x69, 0xae, 0x40, 0x37, 0x47, 0x1e, 0x41, 0x04, 0x00,
  0x00, 0x00, 0x00, 0x00, 0x00, 0x00, 0x00, 0x00, 0x00, 0x00, 0x00, 0x00, 0x00, 0x00, 0x00, 0x00,
  0x00, 0x00, 0x00, 0x00, 0x00, 0x00, 0x00, 0x00, 0x00, 0x00, 0x00, 0x00, 0x00, 0x00, 0x00, 0x00,
  0x00, 0x00, 0x00, 0x00, 0x00, 0x00, 0x00, 0x02, 0x02, 0x02, 0x05, 0x11, 0x41, 0x0b, 0x33, 0xcc,
  0xf1, 0xee, 0xe1, 0xe6, 0xe1, 0xa1, 0xc9, 0xe6, 0xd1, 0xed, 0xfb, 0xff, 0xf5, 0xfc, 0xfc, 0xfb,
  0xfe, 0xfd, 0xfc, 0xfe, 0xfe, 0xfc, 0xfa, 0xfc, 0xfd, 0xfb, 0xf7, 0xfa, 0xef, 0xf7, 0xff, 0xf1,
  0xb8, 0x32, 0x18, 0x0b, 0x0c, 0x07, 0x00, 0x04, 0x02, 0x01, 0x00, 0x00, 0x00, 0x04, 0x01, 0x01,
  0x00, 0x00, 0x01, 0x00, 0x00, 0x00, 0x00, 0x00, 0x00, 0x00, 0x00, 0x00, 0x00, 0x00, 0x00, 0x00,
  0x00, 0x00, 0x00, 0x00, 0x00, 0x00, 0x00, 0x00, 0x00, 0x00, 0x00, 0x00, 0x00, 0x00, 0x00, 0x00,
  0x00, 0x00, 0x00, 0x00, 0x00, 0x00, 0x00, 0x00, 0x00, 0x00, 0x00, 0x00, 0x00, 0x03, 0x00, 0x01,
  0x02, 0x00, 0x03, 0x00, 0x04, 0x13, 0x16, 0x25, 0x1d, 0x38, 0x6a, 0xed, 0xf2, 0xee, 0xf7, 0xfa,
  0xfd, 0xfa, 0xfa, 0xfb, 0xfa, 0xfd, 0xfc, 0xfd, 0xfe, 0xfd, 0xf9, 0xfc, 0xfd, 0xfc, 0xfc, 0xfe,
  0xfd, 0xff, 0xfa, 0xeb, 0xc0, 0x73, 0x5b, 0x51, 0x62, 0x32, 0x15, 0x14, 0x66, 0xda, 0xc8, 0x50,
  0x9b, 0xca, 0x7c, 0x1e, 0x0c, 0x00, 0x00, 0x00, 0x00, 0x00, 0x00, 0x00, 0x00, 0x00, 0x00, 0x00,
  0x00, 0x00, 0x00, 0x00, 0x00, 0x00, 0x00, 0x00, 0x00, 0x00, 0x00, 0x00, 0x00, 0x00, 0x00, 0x00,
  0x00, 0x00, 0x00, 0x00, 0x00, 0x00, 0x00, 0x00, 0x00, 0x00, 0x00, 0x00, 0x00, 0x00, 0x02, 0x01,
  0x00, 0x01, 0x01, 0x0d, 0x27, 0x06, 0x23, 0xb4, 0xef, 0xf9, 0xee, 0xf1, 0xf3, 0xf5, 0xef, 0xea,
  0xee, 0xff, 0xff, 0xfc, 0xf4, 0xfd, 0xfc, 0xf8, 0xfd, 0xfb, 0xff, 0xff, 0xfe, 0xfc, 0xfc, 0xfb,
  0xfc, 0xf6, 0xf4, 0xf9, 0xfa, 0xf8, 0xe3, 0x8f, 0x1e, 0x12, 0x13, 0x09, 0x04, 0x01, 0x00, 0x00,
  0x01, 0x01, 0x00, 0x00, 0x00, 0x02, 0x00, 0x00, 0x00, 0x00, 0x00, 0x00, 0x00, 0x00, 0x00, 0x00,
  0x00, 0x00, 0x00, 0x00, 0x00, 0x00, 0x00, 0x00, 0x00, 0x00, 0x00, 0x00, 0x00, 0x00, 0x00, 0x00,
  0x00, 0x01, 0x00, 0x00, 0x00, 0x00, 0x00, 0x00, 0x00, 0x00, 0x00, 0x00, 0x00, 0x00, 0x00, 0x00,
  0x00, 0x00, 0x00, 0x00, 0x00, 0x02, 0x00, 0x00, 0x02, 0x01, 0x01, 0x01, 0x00, 0x15, 0x07, 0x17,
  0x11, 0x4c, 0xcc, 0xf5, 0xf9, 0xf1, 0xf8, 0xf7, 0xfa, 0xfb, 0xfa, 0xfc, 0xf8, 0xfd, 0xfd, 0xfa,
  0xfc, 0xfc, 0xfe, 0xfd, 0xfb, 0xfa, 0xf8, 0xf7, 0xff, 0xf9, 0xff, 0xf7, 0xfb, 0x6c, 0x86, 0x85,
  0x83, 0x68, 0x63, 0x87, 0xb6, 0xef, 0xdf, 0xaa, 0x6f, 0x76, 0x11, 0x00, 0x00, 0x00, 0x01, 0x00,
  0x00, 0x00, 0x00, 0x00, 0x00, 0x00, 0x00, 0x00, 0x00, 0x00, 0x00, 0x00, 0x00, 0x00, 0x00, 0x00,
  0x00, 0x00, 0x00, 0x00, 0x00, 0x00, 0x00, 0x00, 0x00, 0x00, 0x00, 0x00, 0x00, 0x00, 0x00, 0x02,
  0x0a, 0x05, 0x04, 0x02, 0x03, 0x05, 0x03, 0x00, 0x00, 0x00, 0x04, 0x05, 0x09, 0x0b, 0x1c, 0x5a,
  0xe0, 0xeb, 0xf6, 0xf6, 0xfc, 0xee, 0xf7, 0xf4, 0xfa, 0xf9, 0xff, 0xff, 0xf8, 0xfd, 0xfd, 0xff,
  0xfa, 0xfa, 0xfe, 0xff, 0xfc, 0xfa, 0xfb, 0xfd, 0xf4, 0xf1, 0xf9, 0xf9, 0xf2, 0xd5, 0x67, 0x1e,
  0x0f, 0x0a, 0x05, 0x00, 0x01, 0x00, 0x00, 0x02, 0x00, 0x00, 0x00, 0x00, 0x00, 0x00, 0x00, 0x00,
  0x00, 0x00, 0x00, 0x00, 0x00, 0x00, 0x00, 0x00, 0x00, 0x00, 0x00, 0x00, 0x00, 0x00, 0x00, 0x00,
  0x00, 0x00, 0x00, 0x00, 0x00, 0x00, 0x00, 0x00, 0x00, 0x00, 0x00, 0x00, 0x00, 0x00, 0x00, 0x00,
  0x00, 0x00, 0x00, 0x00, 0x00, 0x00, 0x00, 0x00, 0x00, 0x00, 0x00, 0x01, 0x00, 0x00, 0x02, 0x00,
  0x00, 0x00, 0x00, 0x08, 0x01, 0x04, 0x00, 0x0c, 0x0d, 0x2c, 0xbb, 0xea, 0xe8, 0xed, 0xf5, 0xff,
  0xeb, 0xf7, 0xfb, 0xfd, 0xf9, 0xfc, 0xfc, 0xfe, 0xf9, 0xfd, 0xfb, 0xfc, 0xfc, 0xf9, 0xfc, 0xf9,
  0xf8, 0xfc, 0xff, 0xf7, 0xf9, 0xcf, 0xd6, 0x9c, 0x8e, 0xc6, 0xe2, 0xb4, 0x82, 0x6f, 0x91, 0x99,
  0x30, 0x0f, 0x0c, 0x20, 0x0d, 0x01, 0x00, 0x00, 0x00, 0x00, 0x00, 0x00, 0x00, 0x00, 0x00, 0x00,
  0x00, 0x00, 0x00, 0x00, 0x00, 0x00, 0x00, 0x00, 0x00, 0x00, 0x00, 0x00, 0x00, 0x00, 0x00, 0x00,
  0x00, 0x00, 0x00, 0x00, 0x00, 0x00, 0x00, 0x00, 0x00, 0x00, 0x00, 0x01, 0x01, 0x00, 0x01, 0x00,
  0x00, 0x00, 0x05, 0x0f, 0x09, 0x36, 0x52, 0xa2, 0xd6, 0xdd, 0xef, 0xef, 0xf6, 0xf7, 0xfc, 0xfa,
  0xfa, 0xf9, 0xfb, 0xfd, 0xfe, 0xfe, 0xff, 0xfd, 0xfd, 0xfb, 0xfa, 0xfe, 0xfe, 0xfe, 0xfb, 0xf2,
  0xf8, 0xf4, 0xf4, 0xed, 0xdd, 0x49, 0x4a, 0x32, 0x15, 0x05, 0x00, 0x02, 0x03, 0x00, 0x03, 0x00,
  0x02, 0x27, 0x24, 0x09, 0x00, 0x00, 0x00, 0x00, 0x00, 0x00, 0x00, 0x00, 0x00, 0x00, 0x00, 0x00,
  0x00, 0x00, 0x00, 0x00, 0x00, 0x00, 0x00, 0x00, 0x00, 0x00, 0x00, 0x00, 0x00, 0x00, 0x00, 0x00,
  0x00, 0x00, 0x00, 0x00, 0x00, 0x00, 0x00, 0x00, 0x00, 0x00, 0x00, 0x00, 0x00, 0x00, 0x00, 0x00,
  0x00, 0x00, 0x00, 0x00, 0x00, 0x00, 0x00, 0x00, 0x00, 0x00, 0x03, 0x0e, 0x06, 0x01, 0x04, 0x15,
  0x17, 0x35, 0x9d, 0xc1, 0xe6, 0xf0, 0xec, 0xee, 0xf2, 0xf7, 0xf5, 0xf9, 0xfe, 0xfc, 0xfc, 0xfb,
  0xfc, 0xfa, 0xfb, 0xfb, 0xfc, 0xfd, 0xfc, 0xfa, 0xfb, 0xfa, 0xfb, 0xfb, 0xfc, 0xf3, 0xe9, 0xf6,
  0xef, 0xda, 0xde, 0x5e, 0x39, 0x14, 0x1c, 0x36, 0x2b, 0x14, 0x00, 0x00, 0x01, 0x07, 0x06, 0x00,
  0x00, 0x00, 0x00, 0x00, 0x00, 0x00, 0x00, 0x00, 0x00, 0x00, 0x00, 0x00, 0x00, 0x00, 0x00, 0x00,
  0x00, 0x00, 0x00, 0x00, 0x00, 0x00, 0x00, 0x00, 0x00, 0x00, 0x00, 0x00, 0x00, 0x00, 0x00, 0x00,
  0x00, 0x00, 0x00, 0x00, 0x00, 0x00, 0x01, 0x00, 0x01, 0x00, 0x01, 0x01, 0x0b, 0x32, 0x78, 0xbc,
  0xad, 0xd2, 0xf3, 0xf6, 0xff, 0xfa, 0xf9, 0xfc, 0xfd, 0xfa, 0xfb, 0xfa, 0xfe, 0xfc, 0xfa, 0xfa,
  0xfd, 0xfb, 0xfb, 0xfa, 0xfc, 0xfa, 0xfc, 0xf6, 0xf7, 0xf6, 0xf5, 0xc4, 0x71, 0x25, 0x28, 0x1f,
  0x07, 0x01, 0x00, 0x00, 0x01, 0x02, 0x05, 0x08, 0x0d, 0x04, 0x02, 0x03, 0x03, 0x00, 0x00, 0x00,
  0x00, 0x00, 0x00, 0x00, 0x00, 0x00, 0x00, 0x00, 0x00, 0x00, 0x00, 0x00, 0x00, 0x00, 0x00, 0x00,
  0x00, 0x00, 0x00, 0x00, 0x00, 0x00, 0x00, 0x00, 0x00, 0x00, 0x00, 0x00, 0x00, 0x00, 0x00, 0x00,
  0x00, 0x00, 0x00, 0x00, 0x00, 0x00, 0x00, 0x00, 0x00, 0x00, 0x00, 0x00, 0x00, 0x00, 0x00, 0x00,
  0x00, 0x00, 0x01, 0x03, 0x13, 0x00, 0x00, 0x16, 0x2f, 0x6a, 0x56, 0x4a, 0x5d, 0xd3, 0xe9, 0xdf,
  0xf6, 0xf9, 0xfc, 0xfb, 0xfc, 0xf9, 0xf9, 0xf9, 0xfd, 0xfb, 0xfb, 0xfc, 0xfd, 0xfa, 0xfa, 0xfb,
  0xfb, 0xfb, 0xfc, 0xfa, 0xfb, 0xf4, 0xf2, 0xf5, 0xe9, 0xed, 0xf4, 0xbb, 0x33, 0x1b, 0x34, 0x43,
  0x26, 0x09, 0x00, 0x00, 0x09, 0x21, 0x06, 0x02, 0x00, 0x00, 0x00, 0x00, 0x00, 0x00, 0x00, 0x00,
  0x00, 0x00, 0x00, 0x00, 0x00, 0x00, 0x00, 0x00, 0x00, 0x00, 0x00, 0x00, 0x00, 0x00, 0x00, 0x00,
  0x00, 0x00, 0x00, 0x00, 0x00, 0x00, 0x00, 0x00, 0x00, 0x00, 0x00, 0x00, 0x00, 0x00, 0x00, 0x00,
  0x00, 0x07, 0x03, 0x00, 0x0c, 0x39, 0x89, 0x91, 0xa7, 0xd8, 0xf3, 0xf8, 0xff, 0xf9, 0xfd, 0xfd,
  0xfb, 0xfb, 0xfc, 0xfb, 0xfb, 0xfa, 0xfd, 0xfb, 0xfc, 0xfa, 0xfc, 0xfc, 0xf8, 0xf8, 0xfb, 0xf3,
  0xf9, 0xf6, 0xe7, 0xb7, 0x40, 0x31, 0x1d, 0x0c, 0x02, 0x02, 0x00, 0x00, 0x00, 0x00, 0x01, 0x0a,
  0x03, 0x01, 0x00, 0x01, 0x00, 0x00, 0x00, 0x00, 0x00, 0x00, 0x00, 0x00, 0x00, 0x00, 0x00, 0x00,
  0x00, 0x00, 0x00, 0x00, 0x00, 0x00, 0x00, 0x00, 0x00, 0x00, 0x00, 0x00, 0x00, 0x00, 0x00, 0x00,
  0x00, 0x00, 0x00, 0x00, 0x00, 0x00, 0x00, 0x00, 0x00, 0x00, 0x00, 0x00, 0x00, 0x00, 0x00, 0x00,
  0x00, 0x00, 0x00, 0x00, 0x00, 0x00, 0x00, 0x00, 0x00, 0x00, 0x01, 0x01, 0x0a, 0x03, 0x01, 0x0b,
  0x1c, 0x34, 0x0f, 0x12, 0x21, 0x78, 0x7e, 0x67, 0xd1, 0xf3, 0xf6, 0xf7, 0xef, 0xf9, 0xf9, 0xfb,
  0xfc, 0xfb, 0xfe, 0xfc, 0xfb, 0xfb, 0xfd, 0xfe, 0xfc, 0xfc, 0xfb, 0xfb, 0xfa, 0xf7, 0xfa, 0xfb,
  0xf8, 0xf5, 0xcb, 0x4f, 0x29, 0x37, 0x6f, 0x55, 0x0f, 0x05, 0x00, 0x02, 0x04, 0x37, 0x0c, 0x02,
  0x00, 0x00, 0x00, 0x00, 0x00, 0x00, 0x00, 0x00, 0x00, 0x00, 0x00, 0x00, 0x00, 0x00, 0x00, 0x00,
  0x00, 0x00, 0x00, 0x00, 0x00, 0x00, 0x00, 0x00, 0x00, 0x00, 0x00, 0x00, 0x00, 0x00, 0x00, 0x00,
  0x00, 0x00, 0x00, 0x00, 0x00, 0x00, 0x00, 0x00, 0x04, 0x09, 0x07, 0x09, 0x29, 0x60, 0x8c, 0xa0,
  0xc0, 0xdc, 0xf1, 0xf8, 0xff, 0xfe, 0xfd, 0xfe, 0xfd, 0xfc, 0xfb, 0xfe, 0xfb, 0xfe, 0xff, 0xfd,
  0xfa, 0xfb, 0xfa, 0xfa, 0xfa, 0xfb, 0xfa, 0xf9, 0xf6, 0xe6, 0xb2, 0x7d, 0x1e, 0x16, 0x12, 0x05,
  0x00, 0x00, 0x00, 0x00, 0x00, 0x00, 0x02, 0x0c, 0x04, 0x01, 0x00, 0x01, 0x00, 0x00, 0x00, 0x00,
  0x00, 0x00, 0x00, 0x00, 0x00, 0x00, 0x00, 0x00, 0x00, 0x00, 0x00, 0x00, 0x00, 0x00, 0x00, 0x00,
  0x00, 0x00, 0x00, 0x00, 0x00, 0x00, 0x00, 0x00, 0x00, 0x00, 0x00, 0x00, 0x00, 0x00, 0x00, 0x00,
  0x00, 0x00, 0x00, 0x00, 0x00, 0x00, 0x00, 0x00, 0x00, 0x00, 0x00, 0x00, 0x00, 0x00, 0x00, 0x01,
  0x00, 0x00, 0x00, 0x01, 0x03, 0x03, 0x01, 0x04, 0x0b, 0x0d, 0x00, 0x09, 0x10, 0x15, 0x0b, 0x33,
  0xa1, 0xe1, 0xea, 0xef, 0xfb, 0xf9, 0xf5, 0xf8, 0xfa, 0xfc, 0xfa, 0xfc, 0xfb, 0xfa, 0xfd, 0xfe,
  0xfb, 0xfc, 0xfa, 0xfb, 0xf8, 0xfc, 0xfe, 0xfe, 0xf9, 0xfc, 0xe6, 0x9c, 0x46, 0x7a, 0x68, 0x1f,
  0x09, 0x02, 0x00, 0x00, 0x08, 0x13, 0x0c, 0x05, 0x00, 0x00, 0x00, 0x00, 0x00, 0x00, 0x00, 0x00,
  0x00, 0x00, 0x00, 0x00, 0x00, 0x00, 0x00, 0x00, 0x00, 0x00, 0x00, 0x00, 0x00, 0x00, 0x00, 0x00,
  0x00, 0x00, 0x00, 0x00, 0x00, 0x00, 0x00, 0x00, 0x00, 0x00, 0x01, 0x00, 0x00, 0x00, 0x00, 0x01,
  0x0b, 0x0a, 0x0b, 0x0d, 0x6f, 0x9b, 0xa1, 0xb1, 0xd9, 0xea, 0xf9, 0xf7, 0xfe, 0xfb, 0xf9, 0xfb,
  0xfe, 0xfb, 0xfe, 0xfc, 0xfb, 0xfb, 0xf9, 0xfe, 0xfc, 0xfe, 0xfa, 0xf8, 0xfb, 0xf4, 0xf2, 0xf3,
  0xe5, 0xa8, 0x3d, 0x12, 0x0c, 0x06, 0x03, 0x01, 0x00, 0x00, 0x01, 0x00, 0x00, 0x01, 0x06, 0x05,
  0x01, 0x00, 0x00, 0x00, 0x00, 0x00, 0x00, 0x00, 0x00, 0x00, 0x00, 0x00, 0x00, 0x00, 0x00, 0x00,
  0x00, 0x00, 0x00, 0x00, 0x00, 0x00, 0x00, 0x00, 0x00, 0x00, 0x00, 0x00, 0x00, 0x00, 0x00, 0x00,
  0x00, 0x00, 0x00, 0x00, 0x00, 0x00, 0x00, 0x00, 0x00, 0x00, 0x00, 0x00, 0x00, 0x00, 0x00, 0x00,
  0x00, 0x00, 0x00, 0x00, 0x00, 0x00, 0x00, 0x00, 0x00, 0x00, 0x01, 0x00, 0x00, 0x00, 0x00, 0x05,
  0x07, 0x01, 0x03, 0x00, 0x02, 0x02, 0x05, 0x25, 0x52, 0x57, 0x84, 0xe6, 0xfc, 0xfb, 0xf7, 0xfb,
  0xfc, 0xfc, 0xfb, 0xfb, 0xfd, 0xfb, 0xf9, 0xfd, 0xfd, 0xfc, 0xfd, 0xfc, 0xfa, 0xfb, 0xfb, 0xfc,
  0xfd, 0xfc, 0xf5, 0xd7, 0x89, 0x53, 0x14, 0x19, 0x2c, 0x0a, 0x00, 0x03, 0x15, 0x20, 0x05, 0x02,
  0x00, 0x00, 0x00, 0x00, 0x00, 0x00, 0x00, 0x00, 0x00, 0x00, 0x00, 0x00, 0x00, 0x00, 0x00, 0x00,
  0x00, 0x00, 0x00, 0x00, 0x00, 0x00, 0x00, 0x00, 0x00, 0x00, 0x00, 0x00, 0x00, 0x00, 0x00, 0x00,
  0x01, 0x00, 0x00, 0x00, 0x01, 0x00, 0x00, 0x02, 0x07, 0x03, 0x05, 0x0b, 0xa2, 0x7f, 0xb1, 0xe8,
  0xf4, 0xfa, 0xf5, 0xfc, 0xfa, 0xfc, 0xfc, 0xfa, 0xfd, 0xfd, 0xfd, 0xfd, 0xfc, 0xfa, 0xfc, 0xfb,
  0xfa, 0xf9, 0xf6, 0xf3, 0xf3, 0xfa, 0xe6, 0xf0, 0xb0, 0x3a, 0x1c, 0x03, 0x07, 0x00, 0x01, 0x02,
  0x02, 0x00, 0x00, 0x00, 0x00, 0x03, 0x03, 0x00, 0x00, 0x00, 0x00, 0x00, 0x00, 0x00, 0x00, 0x00,
  0x00, 0x00, 0x00, 0x00, 0x00, 0x00, 0x00, 0x00, 0x00, 0x00, 0x00, 0x00, 0x00, 0x00, 0x00, 0x00,
  0x00, 0x00, 0x00, 0x00, 0x00, 0x00, 0x00, 0x00, 0x00, 0x00, 0x00, 0x00, 0x00, 0x00, 0x00, 0x00,
  0x00, 0x00, 0x00, 0x00, 0x00, 0x00, 0x00, 0x00, 0x00, 0x00, 0x00, 0x00, 0x00, 0x00, 0x00, 0x00,
  0x00, 0x00, 0x00, 0x00, 0x00, 0x00, 0x00, 0x01, 0x03, 0x00, 0x00, 0x00, 0x00, 0x0f, 0x0b, 0x0f,
  0x1a, 0x1d, 0x2b, 0xe4, 0xf7, 0xf5, 0xf7, 0xf9, 0xfc, 0xfd, 0xfa, 0xfb, 0xfb, 0xfb, 0xfc, 0xfb,
  0xfc, 0xfb, 0xfc, 0xfb, 0xfa, 0xfd, 0xff, 0xfc, 0xff, 0xfb, 0xfb, 0xe9, 0xd2, 0x73, 0x43, 0x4e,
  0x42, 0x15, 0x0b, 0x0b, 0x12, 0x11, 0x08, 0x07, 0x00, 0x00, 0x00, 0x00, 0x00, 0x00, 0x00, 0x00,
  0x00, 0x00, 0x00, 0x00, 0x00, 0x00, 0x00, 0x00, 0x00, 0x00, 0x00, 0x00, 0x00, 0x00, 0x00, 0x00,
  0x00, 0x00, 0x00, 0x00, 0x00, 0x00, 0x00, 0x00, 0x00, 0x00, 0x00, 0x00, 0x00, 0x00, 0x00, 0x03,
  0x05, 0x08, 0x14, 0x30, 0xca, 0xda, 0xe4, 0xec, 0xf7, 0xfd, 0xf9, 0xf8, 0xfc, 0xfb, 0xfd, 0xfa,
  0xfd, 0xfe, 0xfd, 0xfd, 0xfd, 0xfb, 0xfc, 0xf8, 0xfc, 0xfa, 0xf8, 0xf7, 0xf8, 0xf9, 0xe0, 0xa8,
  0x40, 0x14, 0x0e, 0x06, 0x05, 0x00, 0x00, 0x00, 0x00, 0x01, 0x00, 0x00, 0x00, 0x01, 0x01, 0x00,
  0x01, 0x01, 0x00, 0x00, 0x00, 0x00, 0x00, 0x00, 0x00, 0x00, 0x00, 0x00, 0x00, 0x00, 0x00, 0x00,
  0x00, 0x00, 0x00, 0x00, 0x00, 0x00, 0x00, 0x00, 0x00, 0x00, 0x00, 0x00, 0x00, 0x00, 0x00, 0x00,
  0x00, 0x00, 0x00, 0x00, 0x00, 0x00, 0x00, 0x00, 0x00, 0x00, 0x00, 0x00, 0x00, 0x00, 0x00, 0x00,
  0x00, 0x01, 0x00, 0x00, 0x00, 0x00, 0x00, 0x00, 0x00, 0x01, 0x00, 0x00, 0x00, 0x00, 0x00, 0x00,
  0x00, 0x00, 0x00, 0x00, 0x00, 0x0c, 0x09, 0x01, 0x07, 0x0b, 0x24, 0x8b, 0xe3, 0xea, 0xf2, 0xf7,
  0xfc, 0xfc, 0xfa, 0xfa, 0xf9, 0xfd, 0xfc, 0xf9, 0xfc, 0xfc, 0xfc, 0xfb, 0xfb, 0xff, 0xfb, 0xfb,
  0xfd, 0xfd, 0xfb, 0xf9, 0xf5, 0xde, 0xad, 0x5f, 0x2b, 0x1b, 0x12, 0x0d, 0x06, 0x0c, 0x02, 0x04,
  0x00, 0x00, 0x00, 0x00, 0x00, 0x00, 0x00, 0x00, 0x00, 0x00, 0x00, 0x00, 0x00, 0x00, 0x00, 0x00,
  0x00, 0x00, 0x00, 0x00, 0x00, 0x00, 0x00, 0x00, 0x00, 0x00, 0x00, 0x00, 0x00, 0x00, 0x00, 0x00,
  0x00, 0x00, 0x00, 0x00, 0x00, 0x03, 0x06, 0x05, 0x03, 0x0a, 0x26, 0x9a, 0xe8, 0xfa, 0xf1, 0xf9,
  0xf4, 0xfd, 0xff, 0xff, 0xf7, 0xfd, 0xfe, 0xfc, 0xfc, 0xfe, 0xff, 0xfe, 0xfd, 0xfb, 0xfa, 0xf9,
  0xf7, 0xf8, 0xf6, 0xfa, 0xed, 0xf0, 0xa4, 0x30, 0x15, 0x0c, 0x10, 0x06, 0x06, 0x00, 0x00, 0x00,
  0x00, 0x00, 0x01, 0x00, 0x01, 0x00, 0x00, 0x00, 0x00, 0x00, 0x01, 0x00, 0x00, 0x00, 0x00, 0x00,
  0x00, 0x00, 0x00, 0x00, 0x00, 0x00, 0x00, 0x00, 0x00, 0x00, 0x00, 0x00, 0x00, 0x00, 0x00, 0x00,
  0x00, 0x00, 0x00, 0x00, 0x00, 0x00, 0x00, 0x00, 0x00, 0x00, 0x00, 0x00, 0x00, 0x00, 0x00, 0x00,
  0x00, 0x00, 0x00, 0x00, 0x00, 0x00, 0x00, 0x00, 0x00, 0x00, 0x00, 0x00, 0x00, 0x00, 0x00, 0x00,
  0x00, 0x00, 0x00, 0x00, 0x00, 0x00, 0x05, 0x00, 0x00, 0x00, 0x03, 0x01, 0x00, 0x04, 0x00, 0x03,
  0x02, 0x08, 0x15, 0x34, 0xf1, 0xf7, 0xfb, 0xfc, 0xfb, 0xfc, 0xfc, 0xfc, 0xfa, 0xfc, 0xfc, 0xfb,
  0xfa, 0xfa, 0xfc, 0xfb, 0xfc, 0xfe, 0xfc, 0xf7, 0xfd, 0xfd, 0xfc, 0xf9, 0xfb, 0xee, 0xdb, 0xbc,
  0x61, 0x40, 0x1b, 0x14, 0x00, 0x08, 0x06, 0x02, 0x00, 0x00, 0x00, 0x00, 0x00, 0x00, 0x00, 0x00,
  0x00, 0x00, 0x00, 0x00, 0x00, 0x00, 0x00, 0x00, 0x00, 0x00, 0x00, 0x00, 0x00, 0x00, 0x00, 0x00,
  0x00, 0x00, 0x00, 0x00, 0x00, 0x00, 0x00, 0x00, 0x00, 0x00, 0x00, 0x00, 0x03, 0x08, 0x04, 0x0b,
  0x19, 0x26, 0x6a, 0xd8, 0xf3, 0xf1, 0xfa, 0xf9, 0xfb, 0xfc, 0xfb, 0xfc, 0xfc, 0xfe, 0xfd, 0xfa,
  0xfd, 0xfc, 0xfa, 0xfa, 0xfb, 0xfc, 0xff, 0xfa, 0xf9, 0xf4, 0xf2, 0xe9, 0xe6, 0xc6, 0x73, 0x19,
  0x05, 0x02, 0x00, 0x00, 0x00, 0x01, 0x01, 0x00, 0x00, 0x00, 0x00, 0x00, 0x00, 0x00, 0x00, 0x00,
  0x00, 0x00, 0x00, 0x00, 0x00, 0x00, 0x00, 0x00, 0x00, 0x00, 0x00, 0x00, 0x00, 0x00, 0x00, 0x00,
  0x00, 0x00, 0x00, 0x00, 0x00, 0x00, 0x00, 0x00, 0x00, 0x00, 0x00, 0x00, 0x00, 0x00, 0x00, 0x00,
  0x00, 0x00, 0x00, 0x00, 0x00, 0x00, 0x00, 0x00, 0x00, 0x00, 0x00, 0x00, 0x00, 0x00, 0x00, 0x00,
  0x00, 0x00, 0x00, 0x00, 0x00, 0x00, 0x00, 0x00, 0x00, 0x00, 0x00, 0x00, 0x00, 0x00, 0x00, 0x00,
  0x00, 0x00, 0x00, 0x00, 0x00, 0x03, 0x09, 0x0b, 0x0e, 0x07, 0x30, 0x9c, 0xde, 0xd5, 0xf8, 0xf9,
  0xfc, 0xfc, 0xfc, 0xff, 0xfb, 0xf9, 0xfc, 0xfb, 0xfd, 0xfb, 0xfc, 0xfc, 0xfa, 0xfd, 0xfd, 0xfa,
  0xfc, 0xfb, 0xfc, 0xfd, 0xf9, 0xf8, 0xf0, 0xe2, 0xb6, 0x56, 0x19, 0x18, 0x1b, 0x22, 0x06, 0x02,
  0x00, 0x00, 0x00, 0x00, 0x00, 0x00, 0x00, 0x00, 0x00, 0x00, 0x00, 0x00, 0x00, 0x00, 0x00, 0x00,
  0x00, 0x00, 0x00, 0x00, 0x00, 0x00, 0x00, 0x00, 0x00, 0x00, 0x00, 0x00, 0x00, 0x00, 0x00, 0x00,
  0x00, 0x00, 0x00, 0x00, 0x01, 0x04, 0x07, 0x0f, 0x0a, 0x19, 0x69, 0xe8, 0xec, 0xf9, 0xf9, 0xfb,
  0xfb, 0xfa, 0xfb, 0xfb, 0xfe, 0xfd, 0xf9, 0xfc, 0xfe, 0xfc, 0xfb, 0xfb, 0xfc, 0xf7, 0xf6, 0xfa,
  0xfb, 0xf8, 0xe1, 0xdd, 0xce, 0x44, 0x1c, 0x0f, 0x03, 0x00, 0x00, 0x00, 0x00, 0x00, 0x00, 0x00,
  0x00, 0x00, 0x00, 0x00, 0x00, 0x00, 0x00, 0x00, 0x00, 0x00, 0x00, 0x00, 0x00, 0x00, 0x00, 0x00,
  0x00, 0x00, 0x00, 0x00, 0x00, 0x00, 0x00, 0x00, 0x00, 0x00, 0x00, 0x00, 0x00, 0x00, 0x00, 0x00,
  0x00, 0x00, 0x00, 0x00, 0x00, 0x00, 0x00, 0x00, 0x00, 0x00, 0x00, 0x00, 0x00, 0x00, 0x00, 0x00,
  0x00, 0x00, 0x00, 0x00, 0x00, 0x00, 0x00, 0x00, 0x00, 0x00, 0x00, 0x00, 0x00, 0x00, 0x00, 0x00,
  0x00, 0x00, 0x00, 0x00, 0x00, 0x00, 0x00, 0x00, 0x00, 0x00, 0x00, 0x00, 0x00, 0x05, 0x00, 0x02,
  0x10, 0x17, 0x67, 0xcb, 0xe6, 0xf1, 0xf6, 0xf7, 0xff, 0xf8, 0xf9, 0xf9, 0xf8, 0xf9, 0xf8, 0xfb,
  0xfb, 0xfa, 0xfe, 0xfe, 0xfe, 0xfb, 0xfc, 0xfb, 0xfa, 0xfb, 0xfd, 0xfd, 0xfc, 0xfd, 0xf2, 0xf6,
  0xe9, 0xc2, 0x3a, 0x1e, 0x0d, 0x2c, 0x0e, 0x12, 0x00, 0x00, 0x00, 0x00, 0x00, 0x00, 0x00, 0x00,
  0x00, 0x00, 0x00, 0x00, 0x00, 0x00, 0x00, 0x00, 0x00, 0x00, 0x00, 0x00, 0x00, 0x00, 0x00, 0x00,
  0x00, 0x00, 0x00, 0x00, 0x00, 0x00, 0x01, 0x00, 0x00, 0x00, 0x00, 0x01, 0x01, 0x05, 0x08, 0x08,
  0x0f, 0x19, 0x91, 0xf1, 0xfb, 0xf7, 0xfc, 0xfb, 0xfc, 0xfb, 0xfd, 0xfd, 0xfb, 0xfc, 0xfa, 0xfd,
  0xfe, 0xfa, 0xfc, 0xfb, 0xf7, 0xf7, 0xff, 0xf8, 0xf5, 0xef, 0xd4, 0xea, 0xb4, 0x0b, 0x08, 0x02,
  0x00, 0x02, 0x00, 0x01, 0x00, 0x00, 0x00, 0x00, 0x00, 0x00, 0x00, 0x00, 0x00, 0x00, 0x00, 0x00,
  0x00, 0x00, 0x00, 0x00, 0x00, 0x00, 0x00, 0x00, 0x00, 0x00, 0x00, 0x00, 0x00, 0x00, 0x00, 0x00,
  0x00, 0x00, 0x00, 0x00, 0x00, 0x00, 0x00, 0x00, 0x00, 0x00, 0x00, 0x00, 0x00, 0x00, 0x00, 0x00,
  0x00, 0x00, 0x00, 0x00, 0x00, 0x00, 0x00, 0x00, 0x00, 0x00, 0x00, 0x00, 0x00, 0x00, 0x00, 0x00,
  0x00, 0x00, 0x00, 0x00, 0x00, 0x00, 0x00, 0x00, 0x00, 0x00, 0x00, 0x00, 0x00, 0x00, 0x00, 0x00,
  0x00, 0x00, 0x00, 0x01, 0x00, 0x00, 0x00, 0x08, 0x0c, 0x2d, 0x97, 0xf2, 0xe3, 0xf0, 0xfa, 0xe5,
  0xf1, 0xff, 0xf7, 0xfb, 0xfc, 0xfb, 0xfc, 0xfb, 0xfb, 0xfc, 0xfe, 0xfd, 0xfb, 0xfd, 0xfd, 0xfc,
  0xfb, 0xfc, 0xfd, 0xfd, 0xfc, 0xf9, 0xf8, 0xf8, 0xef, 0xcc, 0x3f, 0x1a, 0x0e, 0x3d, 0x23, 0x1e,
  0x00, 0x00, 0x00, 0x00, 0x00, 0x00, 0x00, 0x00, 0x00, 0x00, 0x00, 0x00, 0x00, 0x00, 0x00, 0x00,
  0x00, 0x00, 0x00, 0x00, 0x00, 0x00, 0x00, 0x00, 0x00, 0x00, 0x00, 0x00, 0x01, 0x00, 0x00, 0x01,
  0x00, 0x00, 0x00, 0x00, 0x04, 0x09, 0x0f, 0x21, 0x29, 0x39, 0xbd, 0xec, 0xfb, 0xfb, 0xfd, 0xfd,
  0xfb, 0xfb, 0xf9, 0xfc, 0xfc, 0xf9, 0xfc, 0xfe, 0xfb, 0xfb, 0xf9, 0xf6, 0xf9, 0xf5, 0xf2, 0xf7,
  0xf1, 0xd4, 0xcf, 0xbc, 0x3e, 0x13, 0x03, 0x02, 0x00, 0x00, 0x00, 0x00, 0x02, 0x00, 0x00, 0x00,
  0x00, 0x00, 0x00, 0x00, 0x00, 0x00, 0x00, 0x00, 0x00, 0x00, 0x00, 0x00, 0x00, 0x00, 0x00, 0x00,
  0x00, 0x00, 0x00, 0x00, 0x00, 0x00, 0x00, 0x00, 0x00, 0x00, 0x00, 0x00, 0x00, 0x00, 0x00, 0x00,
  0x00, 0x00, 0x00, 0x00, 0x00, 0x00, 0x00, 0x00, 0x00, 0x00, 0x00, 0x00, 0x00, 0x00, 0x00, 0x00,
  0x00, 0x00, 0x00, 0x00, 0x00, 0x00, 0x00, 0x00, 0x00, 0x00, 0x00, 0x00, 0x00, 0x00, 0x00, 0x00,
  0x00, 0x00, 0x00, 0x00, 0x00, 0x00, 0x00, 0x00, 0x00, 0x00, 0x00, 0x00, 0x00, 0x00, 0x07, 0x23,
  0x4e, 0xa0, 0xcd, 0xe2, 0xfa, 0xe9, 0xf2, 0xed, 0xe9, 0xdc, 0xf0, 0xef, 0xf8, 0xf8, 0xfc, 0xfc,
  0xfa, 0xfb, 0xfc, 0xfc, 0xfd, 0xfb, 0xfe, 0xfc, 0xfb, 0xfb, 0xfb, 0xfc, 0xfe, 0xfb, 0xf8, 0xfe,
  0xe2, 0xce, 0xa9, 0x35, 0x19, 0x1c, 0x0d, 0x33, 0x00, 0x00, 0x00, 0x00, 0x00, 0x00, 0x00, 0x00,
  0x00, 0x00, 0x00, 0x00, 0x00, 0x00, 0x00, 0x00, 0x00, 0x00, 0x00, 0x00, 0x00, 0x00, 0x00, 0x00,
  0x00, 0x00, 0x00, 0x00, 0x00, 0x00, 0x00, 0x00, 0x00, 0x00, 0x00, 0x00, 0x01, 0x04, 0x16, 0x3a,
  0x3d, 0x5f, 0xdd, 0xf2, 0xf0, 0xfb, 0xfa, 0xfc, 0xfb, 0xfa, 0xfb, 0xfa, 0xfa, 0xfb, 0xfb, 0xfb,
  0xf9, 0xf8, 0xf8, 0xf7, 0xf8, 0xf7, 0xf2, 0xe5, 0xcf, 0xb9, 0xa6, 0x3f, 0x0d, 0x04, 0x00, 0x00,
  0x00, 0x00, 0x00, 0x00, 0x00, 0x00, 0x00, 0x00, 0x00, 0x00, 0x00, 0x00, 0x00, 0x00, 0x00, 0x00,
  0x00, 0x00, 0x00, 0x00, 0x00, 0x00, 0x00, 0x00, 0x00, 0x00, 0x00, 0x00, 0x00, 0x00, 0x00, 0x00,
  0x00, 0x00, 0x00, 0x00, 0x00, 0x00, 0x00, 0x00, 0x00, 0x00, 0x00, 0x00, 0x00, 0x00, 0x00, 0x00,
  0x00, 0x00, 0x00, 0x00, 0x00, 0x00, 0x00, 0x00, 0x00, 0x00, 0x00, 0x00, 0x00, 0x00, 0x00, 0x00,
  0x00, 0x00, 0x00, 0x00, 0x00, 0x00, 0x00, 0x00, 0x00, 0x00, 0x00, 0x00, 0x00, 0x00, 0x00, 0x00,
  0x00, 0x00, 0x00, 0x00, 0x00, 0x01, 0x00, 0x1c, 0x3e, 0xc0, 0xd4, 0xf7, 0xff, 0xf0, 0xe4, 0xd7,
  0x93, 0x76, 0xc6, 0xea, 0xfb, 0xf8, 0xf7, 0xfb, 0xf9, 0xfc, 0xfa, 0xfa, 0xfc, 0xfb, 0xfb, 0xfb,
  0xf9, 0xfb, 0xfb, 0xfa, 0xfb, 0xff, 0xfc, 0xee, 0xd6, 0xe4, 0xe4, 0x75, 0x1e, 0x1b, 0x0a, 0x1d,
  0x00, 0x00, 0x00, 0x00, 0x00, 0x00, 0x00, 0x00, 0x00, 0x00, 0x00, 0x00, 0x00, 0x00, 0x00, 0x00,
  0x00, 0x00, 0x00, 0x00, 0x00, 0x00, 0x00, 0x00, 0x00, 0x00, 0x00, 0x00, 0x00, 0x00, 0x00, 0x00,
  0x01, 0x00, 0x02, 0x01, 0x06, 0x23, 0x1b, 0x54, 0x52, 0x67, 0xe4, 0xf0, 0xf7, 0xfd, 0xfb, 0xfb,
  0xfd, 0xfc, 0xfc, 0xfb, 0xfa, 0xfc, 0xfb, 0xfa, 0xfb, 0xf8, 0xf8, 0xf8, 0xf7, 0xe6, 0xdd, 0xe8,
  0xba, 0x59, 0x36, 0x0a, 0x07, 0x03, 0x00, 0x00, 0x00, 0x00, 0x00, 0x00, 0x00, 0x00, 0x00, 0x00,
  0x00, 0x00, 0x00, 0x00, 0x00, 0x00, 0x00, 0x00, 0x00, 0x00, 0x00, 0x00, 0x00, 0x00, 0x00, 0x00,
  0x00, 0x00, 0x00, 0x00, 0x00, 0x00, 0x00, 0x00, 0x00, 0x00, 0x00, 0x00, 0x00, 0x00, 0x00, 0x00,
  0x00, 0x00, 0x00, 0x00, 0x00, 0x00, 0x00, 0x00, 0x00, 0x00, 0x00, 0x00, 0x00, 0x00, 0x00, 0x00,
  0x00, 0x00, 0x00, 0x00, 0x00, 0x00, 0x00, 0x00, 0x00, 0x00, 0x00, 0x00, 0x00, 0x00, 0x00, 0x00,
  0x00, 0x00, 0x00, 0x00, 0x00, 0x00, 0x00, 0x00, 0x00, 0x00, 0x00, 0x00, 0x00, 0x07, 0x0f, 0x44,
  0x8e, 0xe1, 0xf2, 0xf7, 0xf4, 0xac, 0xcb, 0xcb, 0x71, 0x39, 0x72, 0xb6, 0xef, 0xfb, 0xf9, 0xf8,
  0xfc, 0xfc, 0xfc, 0xfb, 0xfc, 0xfc, 0xfd, 0xfb, 0xfb, 0xfc, 0xfb, 0xfa, 0xfb, 0xff, 0xfb, 0xf4,
  0xe0, 0xf5, 0xed, 0xef, 0x9d, 0x8d, 0x49, 0x0e, 0x00, 0x00, 0x00, 0x00, 0x00, 0x00, 0x00, 0x00,
  0x00, 0x00, 0x00, 0x00, 0x00, 0x00, 0x00, 0x00, 0x00, 0x00, 0x00, 0x00, 0x00, 0x00, 0x00, 0x00,
  0x00, 0x00, 0x00, 0x00, 0x00, 0x00, 0x00, 0x00, 0x00, 0x02, 0x01, 0x09, 0x29, 0x38, 0x48, 0x6e,
  0xa3, 0xb8, 0xf2, 0xf1, 0xfb, 0xfb, 0xfd, 0xfa, 0xfb, 0xfc, 0xfa, 0xfd, 0xfd, 0xf9, 0xfc, 0xfb,
  0xfa, 0xf6, 0xf6, 0xf7, 0xd2, 0xed, 0xdd, 0xb9, 0x5c, 0x16, 0x0b, 0x04, 0x02, 0x00, 0x00, 0x00,
  0x00, 0x00, 0x00, 0x00, 0x00, 0x00, 0x00, 0x00, 0x00, 0x00, 0x00, 0x00, 0x00, 0x00, 0x00, 0x00,
  0x00, 0x00, 0x00, 0x00, 0x00, 0x00, 0x00, 0x00, 0x00, 0x00, 0x00, 0x00, 0x00, 0x00, 0x00, 0x00,
  0x00, 0x00, 0x00, 0x00, 0x00, 0x00, 0x00, 0x00, 0x00, 0x00, 0x00, 0x00, 0x00, 0x00, 0x00, 0x00,
  0x00, 0x00, 0x00, 0x00, 0x00, 0x00, 0x00, 0x00, 0x00, 0x00, 0x00, 0x00, 0x00, 0x00, 0x00, 0x00,
  0x00, 0x00, 0x00, 0x00, 0x00, 0x00, 0x00, 0x00, 0x00, 0x00, 0x00, 0x00, 0x00, 0x00, 0x00, 0x00,
  0x00, 0x00, 0x00, 0x00, 0x00, 0x00, 0x32, 0x72, 0xb9, 0xdd, 0xef, 0xfa, 0xd7, 0xd7, 0xc3, 0x86,
  0x5a, 0x36, 0x21, 0x29, 0xa3, 0xf6, 0xfa, 0xf8, 0xfc, 0xfc, 0xfa, 0xfb, 0xfc, 0xfd, 0xfe, 0xfa,
  0xfc, 0xfd, 0xfc, 0xfc, 0xfa, 0xf8, 0xfa, 0xf6, 0xf6, 0xf6, 0xee, 0xf3, 0xce, 0xaf, 0x58, 0x0f,
  0x00, 0x00, 0x00, 0x00, 0x00, 0x00, 0x00, 0x00, 0x00, 0x00, 0x00, 0x00, 0x00, 0x00, 0x00, 0x00,
  0x00, 0x00, 0x00, 0x00, 0x00, 0x00, 0x00, 0x00, 0x00, 0x00, 0x00, 0x00, 0x00, 0x00, 0x00, 0x00,
  0x00, 0x02, 0x04, 0x28, 0x6a, 0x39, 0x58, 0x6a, 0xc3, 0xf0, 0xe9, 0xf3, 0xfa, 0xfd, 0xfd, 0xfd,
  0xfb, 0xfe, 0xfb, 0xfc, 0xfb, 0xfb, 0xfb, 0xfc, 0xfa, 0xf2, 0xfb, 0xf8, 0xc7, 0xe5, 0xcb, 0x62,
  0x13, 0x07, 0x04, 0x02, 0x00, 0x00, 0x00, 0x00, 0x00, 0x00, 0x00, 0x00, 0x00, 0x00, 0x00, 0x00,
  0x00, 0x00, 0x00, 0x00, 0x00, 0x00, 0x00, 0x00, 0x00, 0x00, 0x00, 0x00, 0x00, 0x00, 0x00, 0x00,
  0x00, 0x00, 0x00, 0x00, 0x00, 0x00, 0x00, 0x00, 0x00, 0x00, 0x00, 0x00, 0x00, 0x00, 0x00, 0x00,
  0x00, 0x00, 0x00, 0x00, 0x00, 0x00, 0x00, 0x00, 0x00, 0x00, 0x00, 0x00, 0x00, 0x00, 0x00, 0x00,
  0x00, 0x00, 0x00, 0x00, 0x00, 0x00, 0x00, 0x00, 0x00, 0x00, 0x00, 0x00, 0x00, 0x00, 0x00, 0x00,
  0x00, 0x00, 0x00, 0x00, 0x00, 0x00, 0x00, 0x00, 0x00, 0x00, 0x00, 0x00, 0x04, 0x11, 0x76, 0xc2,
  0xb5, 0xe7, 0xf8, 0xf8, 0xe5, 0xbb, 0x66, 0x5d, 0x80, 0x50, 0x1f, 0x1c, 0x1e, 0xe6, 0xf1, 0xf8,
  0xf5, 0xf8, 0xf6, 0xfc, 0xfa, 0xfc, 0xfe, 0xfe, 0xfa, 0xfe, 0xfd, 0xfb, 0xfb, 0xf8, 0xfc, 0xf5,
  0xef, 0xf7, 0xef, 0xf4, 0xe7, 0xb2, 0xa2, 0x38, 0x00, 0x00, 0x00, 0x00, 0x00, 0x00, 0x00, 0x00,
  0x00, 0x00, 0x00, 0x00, 0x00, 0x00, 0x00, 0x00, 0x00, 0x00, 0x00, 0x00, 0x00, 0x00, 0x00, 0x00,
  0x00, 0x00, 0x00, 0x01, 0x01, 0x00, 0x04, 0x02, 0x00, 0x00, 0x00, 0x1a, 0x8b, 0x61, 0x3e, 0xc2,
  0xe3, 0xec, 0xec, 0xf0, 0xfa, 0xff, 0xff, 0xff, 0xfb, 0xfd, 0xfc, 0xfd, 0xff, 0xfe, 0xfe, 0xff,
  0xf9, 0xf8, 0xf3, 0xe7, 0xb7, 0xd1, 0x80, 0x3c, 0x25, 0x16, 0x0d, 0x09, 0x08, 0x03, 0x00, 0x00,
  0x00, 0x00, 0x00, 0x00, 0x00, 0x00, 0x00, 0x00, 0x00, 0x00, 0x00, 0x00, 0x00, 0x00, 0x00, 0x00,
  0x00, 0x00, 0x00, 0x00, 0x00, 0x00, 0x00, 0x00, 0x00, 0x00, 0x00, 0x00, 0x00, 0x00, 0x00, 0x00,
  0x00, 0x00, 0x00, 0x00, 0x00, 0x00, 0x00, 0x00, 0x00, 0x00, 0x00, 0x00, 0x00, 0x00, 0x00, 0x00,
  0x00, 0x00, 0x00, 0x00, 0x00, 0x00, 0x00, 0x00, 0x00, 0x00, 0x00, 0x00, 0x00, 0x00, 0x00, 0x00,
  0x00, 0x00, 0x00, 0x00, 0x00, 0x00, 0x00, 0x00, 0x00, 0x00, 0x00, 0x00, 0x00, 0x02, 0x03, 0x02,
  0x03, 0x00, 0x00, 0x13, 0x4e, 0xb7, 0xc4, 0xd9, 0xcb, 0xc7, 0xd8, 0xdd, 0xad, 0x1e, 0x15, 0x3b,
  0x33, 0x11, 0x10, 0x05, 0x0d, 0x49, 0xde, 0xfb, 0xfb, 0xfa, 0xfa, 0xfd, 0xfe, 0xfc, 0xfd, 0xfc,
  0xfc, 0xfd, 0xfc, 0xfb, 0xfd, 0xfe, 0xfe, 0xfc, 0xfd, 0xfa, 0xfd, 0xf9, 0xf8, 0xd3, 0xbf, 0x51,
  0x00, 0x00, 0x00, 0x00, 0x00, 0x00, 0x00, 0x00, 0x00, 0x00, 0x00, 0x00, 0x00, 0x00, 0x00, 0x00,
  0x00, 0x00, 0x00, 0x00, 0x00, 0x00, 0x00, 0x00, 0x00, 0x00, 0x00, 0x00, 0x00, 0x00, 0x02, 0x00,
  0x08, 0x04, 0x06, 0x31, 0xd4, 0x4b, 0x6f, 0x8e, 0xdd, 0xef, 0xf1, 0xf2, 0xff, 0xfb, 0xff, 0xfd,
  0xff, 0xfb, 0xfe, 0xfc, 0xfe, 0xfb, 0xfb, 0xf7, 0xff, 0xf2, 0xe5, 0xd9, 0x9b, 0x79, 0x2e, 0x24,
  0x21, 0x0c, 0x05, 0x02, 0x03, 0x00, 0x00, 0x00, 0x01, 0x00, 0x00, 0x00, 0x00, 0x00, 0x00, 0x00,
  0x02, 0x00, 0x00, 0x00, 0x00, 0x00, 0x00, 0x00, 0x01, 0x00, 0x00, 0x00, 0x00, 0x00, 0x00, 0x00,
  0x01, 0x00, 0x00, 0x00, 0x00, 0x00, 0x00, 0x00, 0x00, 0x00, 0x00, 0x00, 0x00, 0x00, 0x00, 0x00,
  0x01, 0x00, 0x00, 0x00, 0x00, 0x00, 0x00, 0x00, 0x01, 0x00, 0x00, 0x00, 0x00, 0x00, 0x00, 0x00,
  0x00, 0x00, 0x00, 0x00, 0x00, 0x00, 0x00, 0x00, 0x00, 0x00, 0x00, 0x00, 0x00, 0x00, 0x00, 0x00,
  0x02, 0x00, 0x00, 0x00, 0x00, 0x01, 0x01, 0x00, 0x06, 0x1b, 0x35, 0x77, 0xa4, 0x96, 0x8e, 0x82,
  0x5b, 0x5b, 0x5c, 0x55, 0x28, 0x09, 0x06, 0x05, 0x09, 0x07, 0x07, 0x04, 0x06, 0x03, 0x6c, 0xee,
  0xf8, 0xf6, 0xfa, 0xfc, 0xfc, 0xf9, 0xfc, 0xfc, 0xfe, 0xfc, 0xfd, 0xfb, 0xfe, 0xfb, 0xfd, 0xfa,
  0xff, 0xf9, 0xfd, 0xfb, 0xf3, 0xe5, 0xaf, 0x4c, 0x00, 0x00, 0x00, 0x00, 0x00, 0x00, 0x00, 0x00,
  0x00, 0x00, 0x00, 0x00, 0x00, 0x00, 0x00, 0x00, 0x00, 0x00, 0x00, 0x00, 0x02, 0x00, 0x00, 0x00,
  0x00, 0x00, 0x00, 0x00, 0x00, 0x00, 0x03, 0x00, 0x09, 0x09, 0x04, 0x29, 0xb3, 0x52, 0x90, 0x97,
  0xbe, 0xf0, 0xf4, 0xf8, 0xf8, 0xfd, 0xff, 0xfd, 0xfe, 0xfc, 0xfd, 0xfe, 0xfe, 0xf9, 0xfb, 0xf8,
  0xf5, 0xee, 0xd4, 0xd4, 0xbb, 0x87, 0x2f, 0x17, 0x11, 0x05, 0x00, 0x03, 0x02, 0x00, 0x00, 0x00,
  0x01, 0x00, 0x00, 0x00, 0x00, 0x00, 0x00, 0x00, 0x00, 0x00, 0x00, 0x00, 0x00, 0x00, 0x00, 0x00,
  0x01, 0x00, 0x00, 0x00, 0x00, 0x00, 0x00, 0x00, 0x00, 0x00, 0x00, 0x00, 0x00, 0x00, 0x00, 0x00,
  0x00, 0x00, 0x00, 0x00, 0x00, 0x00, 0x00, 0x00, 0x00, 0x00, 0x00, 0x00, 0x00, 0x00, 0x00, 0x00,
  0x00, 0x00, 0x00, 0x00, 0x00, 0x00, 0x00, 0x00, 0x00, 0x00, 0x00, 0x00, 0x00, 0x00, 0x00, 0x00,
  0x00, 0x00, 0x00, 0x00, 0x00, 0x00, 0x00, 0x00, 0x00, 0x00, 0x00, 0x00, 0x00, 0x00, 0x02, 0x00,
  0x21, 0x6f, 0x6e, 0x4e, 0x24, 0x06, 0x02, 0x07, 0x10, 0x15, 0x17, 0x1a, 0x1f, 0x06, 0x01, 0x00,
  0x03, 0x04, 0x00, 0x04, 0x03, 0x12, 0x23, 0xcf, 0xf4, 0xfa, 0xf7, 0xfb, 0xfc, 0xfa, 0xfe, 0xfc,
  0xfe, 0xfc, 0xfd, 0xff, 0xfc, 0xfb, 0xff, 0xfe, 0xfe, 0xfb, 0xfd, 0xff, 0xf6, 0xed, 0xb4, 0x5a,
  0x00, 0x00, 0x00, 0x00, 0x00, 0x00, 0x00, 0x00, 0x00, 0x00, 0x00, 0x00, 0x00, 0x00, 0x00, 0x00,
  0x00, 0x00, 0x00, 0x00, 0x00, 0x00, 0x00, 0x00, 0x00, 0x00, 0x00, 0x00, 0x00, 0x01, 0x03, 0x04,
  0x0a, 0x07, 0x13, 0x35, 0x2e, 0x4c, 0x81, 0xbe, 0xea, 0xe9, 0xee, 0xfc, 0xfb, 0xfe, 0xff, 0xff,
  0xfd, 0xfc, 0xfa, 0xfd, 0xfe, 0xf6, 0xff, 0xfe, 0xfc, 0xf2, 0xae, 0xd4, 0xa4, 0x5d, 0x26, 0x0f,
  0x05, 0x02, 0x00, 0x00, 0x02, 0x01, 0x00, 0x01, 0x00, 0x00, 0x00, 0x00, 0x00, 0x00, 0x00, 0x00,
  0x00, 0x00, 0x00, 0x00, 0x00, 0x00, 0x00, 0x00, 0x00, 0x00, 0x00, 0x00, 0x00, 0x00, 0x00, 0x01,
  0x00, 0x00, 0x00, 0x00, 0x00, 0x00, 0x00, 0x00, 0x00, 0x00, 0x00, 0x00, 0x00, 0x00, 0x00, 0x00,
  0x00, 0x00, 0x00, 0x00, 0x00, 0x00, 0x00, 0x00, 0x00, 0x00, 0x00, 0x00, 0x00, 0x00, 0x00, 0x00,
  0x00, 0x00, 0x00, 0x00, 0x00, 0x00, 0x00, 0x00, 0x00, 0x00, 0x00, 0x00, 0x00, 0x00, 0x00, 0x00,
  0x00, 0x00, 0x00, 0x00, 0x00, 0x03, 0x01, 0x08, 0x1d, 0x1f, 0x0f, 0x05, 0x02, 0x06, 0x0c, 0x0f,
  0x07, 0x02, 0x02, 0x04, 0x06, 0x02, 0x02, 0x02, 0x00, 0x00, 0x00, 0x00, 0x01, 0x0a, 0x04, 0x36,
  0xde, 0xf2, 0xf5, 0xf8, 0xfa, 0xfb, 0xfd, 0xfd, 0xfa, 0xfa, 0xfa, 0xfc, 0xfb, 0xfc, 0xff, 0xfe,
  0xfb, 0xfc, 0xfa, 0xfd, 0xf5, 0xe9, 0xbd, 0x65, 0x00, 0x00, 0x00, 0x00, 0x00, 0x00, 0x00, 0x00,
  0x00, 0x00, 0x00, 0x00, 0x00, 0x00, 0x00, 0x00, 0x00, 0x00, 0x00, 0x00, 0x00, 0x00, 0x00, 0x00,
  0x00, 0x00, 0x00, 0x00, 0x00, 0x00, 0x04, 0x07, 0x07, 0x03, 0x07, 0x16, 0x60, 0xb8, 0x93, 0xc8,
  0xea, 0xfa, 0xfa, 0xfa, 0xff, 0xfe, 0xfd, 0xfd, 0xfe, 0xfe, 0xfc, 0xfc, 0xf8, 0xf1, 0xf9, 0xf7,
  0xf3, 0xe1, 0x91, 0x8b, 0x5d, 0x20, 0x17, 0x0e, 0x04, 0x00, 0x00, 0x00, 0x03, 0x00, 0x00, 0x00,
  0x00, 0x00, 0x00, 0x00, 0x01, 0x00, 0x00, 0x00, 0x00, 0x00, 0x00, 0x00, 0x00, 0x00, 0x00, 0x00,
  0x00, 0x00, 0x00, 0x00, 0x00, 0x00, 0x00, 0x00, 0x00, 0x00, 0x00, 0x00, 0x00, 0x00, 0x00, 0x00,
  0x00, 0x00, 0x00, 0x00, 0x00, 0x00, 0x00, 0x00, 0x00, 0x00, 0x00, 0x00, 0x00, 0x00, 0x00, 0x00,
  0x00, 0x00, 0x00, 0x00, 0x00, 0x00, 0x00, 0x00, 0x00, 0x00, 0x00, 0x00, 0x00, 0x00, 0x00, 0x00,
  0x00, 0x00, 0x00, 0x00, 0x00, 0x00, 0x00, 0x00, 0x00, 0x00, 0x00, 0x00, 0x00, 0x00, 0x00, 0x03,
  0x04, 0x04, 0x02, 0x04, 0x03, 0x00, 0x00, 0x00, 0x00, 0x02, 0x00, 0x00, 0x00, 0x01, 0x00, 0x00,
  0x00, 0x00, 0x00, 0x00, 0x00, 0x00, 0x06, 0x0b, 0x5d, 0xf0, 0xf0, 0xf3, 0xfc, 0xfb, 0xfd, 0xfc,
  0xfb, 0xff, 0xfb, 0xfa, 0xfc, 0xfc, 0xfd, 0xfe, 0xfc, 0xfd, 0xfa, 0xf9, 0xf2, 0xf2, 0xac, 0x7e,
  0x00, 0x00, 0x00, 0x00, 0x00, 0x00, 0x00, 0x00, 0x00, 0x00, 0x00, 0x00, 0x00, 0x00, 0x00, 0x00,
  0x00, 0x00, 0x00, 0x00, 0x00, 0x00, 0x00, 0x00, 0x00, 0x00, 0x00, 0x00, 0x01, 0x00, 0x04, 0x04,
  0x0e, 0x02, 0x00, 0x0e, 0xc8, 0xb8, 0xae, 0xe6, 0xee, 0xfd, 0xf9, 0xfe, 0xfc, 0xfc, 0xfd, 0xfe,
  0xfe, 0xfe, 0xfc, 0xff, 0xfd, 0xf9, 0xf7, 0xf5, 0xee, 0x9e, 0x75, 0x8d, 0x4b, 0x14, 0x0f, 0x09,
  0x02, 0x02, 0x00, 0x00, 0x03, 0x00, 0x00, 0x00, 0x00, 0x00, 0x00, 0x00, 0x07, 0x00, 0x00, 0x00,
  0x00, 0x00, 0x00, 0x00, 0x00, 0x00, 0x00, 0x00, 0x00, 0x00, 0x00, 0x00, 0x00, 0x00, 0x00, 0x00,
  0x00, 0x00, 0x00, 0x00, 0x00, 0x00, 0x00, 0x00, 0x00, 0x00, 0x00, 0x00, 0x00, 0x00, 0x00, 0x00,
  0x00, 0x00, 0x00, 0x00, 0x00, 0x00, 0x00, 0x00, 0x00, 0x00, 0x00, 0x00, 0x00, 0x00, 0x00, 0x00,
  0x00, 0x00, 0x00, 0x00, 0x00, 0x00, 0x00, 0x00, 0x00, 0x00, 0x00, 0x00, 0x00, 0x00, 0x00, 0x00,
  0x00, 0x00, 0x00, 0x00, 0x00, 0x00, 0x01, 0x00, 0x02, 0x01, 0x01, 0x01, 0x03, 0x00, 0x00, 0x00,
  0x04, 0x01, 0x01, 0x02, 0x00, 0x00, 0x00, 0x00, 0x00, 0x00, 0x00, 0x00, 0x00, 0x00, 0x00, 0x03,
  0x18, 0xba, 0xf7, 0xfb, 0xfb, 0xf8, 0xfc, 0xfa, 0xfe, 0xfc, 0xfc, 0xff, 0xfe, 0xfd, 0xfc, 0xfb,
  0xff, 0xfc, 0xfa, 0xfb, 0xfb, 0xec, 0xce, 0x6c, 0x00, 0x00, 0x00, 0x00, 0x00, 0x00, 0x00, 0x00,
  0x00, 0x00, 0x00, 0x00, 0x00, 0x00, 0x00, 0x00, 0x00, 0x00, 0x00, 0x00, 0x00, 0x00, 0x00, 0x00,
  0x00, 0x00, 0x00, 0x00, 0x00, 0x03, 0x04, 0x0b, 0x17, 0x12, 0x07, 0x6c, 0xe9, 0xc3, 0xd1, 0xf3,
  0xf8, 0xf8, 0xfb, 0xfd, 0xf8, 0xfd, 0xfc, 0xfc, 0xfd, 0xfd, 0xfc, 0xfd, 0xfe, 0xfb, 0xfd, 0xf1,
  0xb9, 0x74, 0x5d, 0x4b, 0x21, 0x0b, 0x00, 0x04, 0x01, 0x04, 0x00, 0x00, 0x02, 0x00, 0x00, 0x00,
  0x00, 0x00, 0x00, 0x00, 0x00, 0x00, 0x00, 0x00, 0x00, 0x00, 0x00, 0x00, 0x00, 0x00, 0x00, 0x00,
  0x00, 0x00, 0x00, 0x00, 0x00, 0x01, 0x00, 0x00, 0x00, 0x00, 0x00, 0x00, 0x00, 0x00, 0x00, 0x00,
  0x00, 0x00, 0x00, 0x00, 0x00, 0x00, 0x00, 0x00, 0x00, 0x00, 0x00, 0x00, 0x00, 0x00, 0x00, 0x00,
  0x00, 0x00, 0x00, 0x00, 0x00, 0x00, 0x00, 0x00, 0x00, 0x00, 0x00, 0x00, 0x00, 0x00, 0x00, 0x00,
  0x00, 0x00, 0x00, 0x00, 0x00, 0x00, 0x00, 0x00, 0x00, 0x00, 0x00, 0x00, 0x00, 0x00, 0x00, 0x00,
  0x01, 0x00, 0x00, 0x00, 0x00, 0x00, 0x00, 0x00, 0x00, 0x00, 0x00, 0x00, 0x00, 0x00, 0x00, 0x00,
  0x00, 0x00, 0x00, 0x00, 0x00, 0x00, 0x00, 0x00, 0x01, 0x22, 0xe1, 0xfd, 0xfc, 0xfc, 0xfa, 0xfa,
  0xfc, 0xfc, 0xfa, 0xfd, 0xfd, 0xff, 0xfc, 0xf8, 0xfd, 0xfd, 0xfa, 0xf7, 0xf8, 0xf4, 0xd3, 0xb6,
  0x00, 0x00, 0x00, 0x00, 0x00, 0x00, 0x00, 0x00, 0x00, 0x00, 0x00, 0x00, 0x00, 0x00, 0x00, 0x00,
  0x00, 0x00, 0x00, 0x00, 0x00, 0x00, 0x00, 0x00, 0x00, 0x00, 0x01, 0x00, 0x01, 0x01, 0x0c, 0x18,
  0x11, 0x09, 0x1d, 0xcd, 0xea, 0xd5, 0xe2, 0xfa, 0xf1, 0xf8, 0xfb, 0xff, 0xfc, 0xfc, 0xff, 0xfe,
  0xf9, 0xfc, 0xff, 0xfc, 0xff, 0xf5, 0xf1, 0xc5, 0x86, 0x49, 0x38, 0x2e, 0x1a, 0x0d, 0x02, 0x02,
  0x01, 0x02, 0x04, 0x00, 0x03, 0x00, 0x00, 0x00, 0x00, 0x00, 0x00, 0x00, 0x01, 0x00, 0x00, 0x00,
  0x00, 0x00, 0x00, 0x00, 0x00, 0x00, 0x00, 0x00, 0x00, 0x00, 0x00, 0x00, 0x00, 0x00, 0x00, 0x00,
  0x00, 0x00, 0x00, 0x00, 0x00, 0x00, 0x00, 0x00, 0x00, 0x00, 0x00, 0x00, 0x00, 0x00, 0x00, 0x00,
  0x00, 0x00, 0x00, 0x00, 0x00, 0x00, 0x00, 0x00, 0x00, 0x00, 0x00, 0x00, 0x00, 0x00, 0x00, 0x00,
  0x00, 0x00, 0x00, 0x00, 0x00, 0x00, 0x00, 0x00, 0x00, 0x00, 0x00, 0x00, 0x00, 0x00, 0x00, 0x00,
  0x00, 0x00, 0x00, 0x00, 0x00, 0x01, 0x01, 0x02, 0x00, 0x00, 0x00, 0x00, 0x01, 0x01, 0x00, 0x00,
  0x00, 0x04, 0x02, 0x00, 0x01, 0x00, 0x01, 0x01, 0x00, 0x00, 0x01, 0x00, 0x00, 0x00, 0x00, 0x00,
  0x00, 0x02, 0xc2, 0xf7, 0xfd, 0xfa, 0xfd, 0xfe, 0xf8, 0xfd, 0xfe, 0xfb, 0xfc, 0xfc, 0xff, 0xfe,
  0xf9, 0xfd, 0xfa, 0xf3, 0xf1, 0xf5, 0xef, 0xea, 0x00, 0x00, 0x00, 0x00, 0x00, 0x00, 0x00, 0x00,
  0x00, 0x00, 0x00, 0x00, 0x00, 0x00, 0x00, 0x00, 0x00, 0x00, 0x00, 0x00, 0x00, 0x00, 0x00, 0x00,
  0x00, 0x00, 0x00, 0x00, 0x00, 0x06, 0x02, 0x11, 0x05, 0x1d, 0x67, 0x9b, 0xc2, 0xed, 0xf9, 0xfa,
  0xfc, 0xfd, 0xfc, 0xfd, 0xfc, 0xfc, 0xff, 0xff, 0xff, 0xfc, 0xfc, 0xfa, 0xfd, 0xf6, 0xe7, 0xa8,
  0x60, 0x54, 0x76, 0x16, 0x1d, 0x01, 0x00, 0x00, 0x00, 0x00, 0x00, 0x00, 0x00, 0x00, 0x00, 0x00,
  0x00, 0x00, 0x00, 0x00, 0x00, 0x00, 0x00, 0x00, 0x00, 0x00, 0x00, 0x00, 0x00, 0x00, 0x00, 0x00,
  0x00, 0x00, 0x00, 0x00, 0x00, 0x00, 0x00, 0x00, 0x00, 0x00, 0x00, 0x00, 0x00, 0x00, 0x00, 0x00,
  0x00, 0x00, 0x00, 0x00, 0x00, 0x00, 0x00, 0x00, 0x00, 0x00, 0x00, 0x00, 0x00, 0x00, 0x00, 0x00,
  0x00, 0x00, 0x00, 0x00, 0x00, 0x00, 0x00, 0x00, 0x00, 0x00, 0x00, 0x00, 0x00, 0x00, 0x00, 0x00,
  0x00, 0x00, 0x00, 0x00, 0x00, 0x00, 0x00, 0x00, 0x00, 0x00, 0x00, 0x00, 0x00, 0x00, 0x00, 0x00,
  0x00, 0x00, 0x00, 0x00, 0x00, 0x00, 0x00, 0x00, 0x00, 0x00, 0x00, 0x00, 0x00, 0x00, 0x00, 0x00,
  0x00, 0x00, 0x00, 0x00, 0x00, 0x00, 0x01, 0x00, 0x00, 0x00, 0x36, 0xe7, 0xf2, 0xfb, 0xfc, 0xfe,
  0xfb, 0xfa, 0xfb, 0xfe, 0xfa, 0xfc, 0xfe, 0xfe, 0xfe, 0xfd, 0xfe, 0xfc, 0xfd, 0xf3, 0xde, 0xf6,
  0x00, 0x00, 0x00, 0x00, 0x00, 0x00, 0x00, 0x00, 0x00, 0x00, 0x00, 0x00, 0x00, 0x00, 0x00, 0x00,
  0x00, 0x00, 0x00, 0x00, 0x00, 0x00, 0x00, 0x00, 0x02, 0x00, 0x00, 0x00, 0x02, 0x03, 0x00, 0x16,
  0x10, 0x13, 0x54, 0xd2, 0xea, 0xf1, 0xfa, 0xf9, 0xfc, 0xfb, 0xfd, 0xfb, 0xfd, 0xfc, 0xff, 0xff,
  0xfc, 0xfb, 0xff, 0xfd, 0xfc, 0xf1, 0xe7, 0x7d, 0x37, 0x49, 0x6f, 0x25, 0x05, 0x00, 0x00, 0x00,
  0x00, 0x00, 0x00, 0x00, 0x00, 0x00, 0x00, 0x00, 0x00, 0x00, 0x00, 0x00, 0x00, 0x00, 0x00, 0x00,
  0x00, 0x00, 0x00, 0x00, 0x00, 0x00, 0x00, 0x00, 0x00, 0x00, 0x00, 0x00, 0x00, 0x00, 0x00, 0x00,
  0x00, 0x00, 0x00, 0x00, 0x00, 0x00, 0x00, 0x00, 0x00, 0x00, 0x00, 0x00, 0x00, 0x00, 0x00, 0x00,
  0x00, 0x00, 0x00, 0x00, 0x00, 0x00, 0x00, 0x00, 0x00, 0x00, 0x00, 0x00, 0x00, 0x00, 0x00, 0x00,
  0x00, 0x00, 0x00, 0x00, 0x00, 0x00, 0x00, 0x00, 0x00, 0x00, 0x00, 0x00, 0x00, 0x00, 0x00, 0x00,
  0x00, 0x00, 0x00, 0x00, 0x00, 0x00, 0x00, 0x00, 0x00, 0x00, 0x00, 0x00, 0x00, 0x00, 0x00, 0x00,
  0x00, 0x00, 0x00, 0x00, 0x00, 0x00, 0x00, 0x00, 0x00, 0x00, 0x00, 0x00, 0x00, 0x00, 0x01, 0x03,
  0x03, 0x00, 0x07, 0xb5, 0xf0, 0xf8, 0xfa, 0xfb, 0xfc, 0xfc, 0xfb, 0xfe, 0xfd, 0xfb, 0xfe, 0xff,
  0xfc, 0xfc, 0xfd, 0xfb, 0xfe, 0xf8, 0xef, 0xeb, 0x00, 0x00, 0x00, 0x00, 0x00, 0x00, 0x00, 0x00,
  0x00, 0x00, 0x00, 0x00, 0x00, 0x00, 0x00, 0x00, 0x00, 0x00, 0x00, 0x00, 0x00, 0x00, 0x00, 0x00,
  0x00, 0x00, 0x00, 0x01, 0x04, 0x00, 0x07, 0x0e, 0x03, 0x0e, 0x5d, 0xe7, 0xe6, 0xf7, 0xf9, 0xfb,
  0xfb, 0xfa, 0xfe, 0xfd, 0xfc, 0xff, 0xfd, 0xfd, 0xfe, 0xfb, 0xfb, 0xfb, 0xfa, 0xd7, 0xb8, 0x61,
  0x42, 0x3a, 0x67, 0x22, 0x00, 0x00, 0x00, 0x00, 0x00, 0x00, 0x00, 0x00, 0x00, 0x00, 0x00, 0x00,
  0x00, 0x00, 0x00, 0x00, 0x00, 0x00, 0x00, 0x00, 0x00, 0x00, 0x00, 0x00, 0x00, 0x00, 0x00, 0x00,
  0x00, 0x00, 0x00, 0x00, 0x00, 0x00, 0x00, 0x00, 0x00, 0x00, 0x00, 0x00, 0x00, 0x00, 0x00, 0x00,
  0x00, 0x00, 0x00, 0x00, 0x00, 0x00, 0x00, 0x00, 0x00, 0x00, 0x00, 0x00, 0x00, 0x00, 0x00, 0x00,
  0x00, 0x00, 0x00, 0x00, 0x00, 0x00, 0x00, 0x00, 0x00, 0x00, 0x00, 0x00, 0x00, 0x00, 0x00, 0x00,
  0x00, 0x00, 0x00, 0x00, 0x00, 0x00, 0x00, 0x00, 0x00, 0x00, 0x00, 0x00, 0x00, 0x00, 0x00, 0x00,
  0x00, 0x00, 0x00, 0x01, 0x00, 0x00, 0x00, 0x00, 0x00, 0x00, 0x00, 0x00, 0x00, 0x00, 0x00, 0x00,
  0x00, 0x00, 0x00, 0x00, 0x00, 0x00, 0x00, 0x00, 0x00, 0x03, 0x01, 0x46, 0xdc, 0xf4, 0xfa, 0xfa,
  0xfc, 0xfa, 0xfb, 0xfb, 0xfd, 0xff, 0xfe, 0xfd, 0xfd, 0xfb, 0xff, 0xfd, 0xfb, 0xf9, 0xfd, 0xf9,
  0x00, 0x00, 0x00, 0x00, 0x00, 0x00, 0x00, 0x00, 0x00, 0x00, 0x00, 0x00, 0x00, 0x00, 0x00, 0x00,
  0x00, 0x00, 0x00, 0x00, 0x00, 0x00, 0x00, 0x00, 0x00, 0x00, 0x00, 0x00, 0x01, 0x00, 0x03, 0x0c,
  0x00, 0x14, 0x9e, 0xd2, 0xf4, 0xf3, 0xf9, 0xfb, 0xfa, 0xfd, 0xfb, 0xfd, 0xfc, 0xfe, 0xfe, 0xfd,
  0xfa, 0xfd, 0xf9, 0xfb, 0xf8, 0xc3, 0x7c, 0x62, 0x43, 0x81, 0x4f, 0x1f, 0x09, 0x00, 0x00, 0x00,
  0x00, 0x00, 0x00, 0x00, 0x00, 0x00, 0x00, 0x00, 0x00, 0x00, 0x00, 0x00, 0x00, 0x00, 0x00, 0x00,
  0x00, 0x00, 0x00, 0x00, 0x00, 0x00, 0x00, 0x00, 0x00, 0x00, 0x00, 0x00, 0x00, 0x00, 0x00, 0x00,
  0x00, 0x00, 0x00, 0x00, 0x00, 0x00, 0x00, 0x00, 0x00, 0x00, 0x00, 0x00, 0x00, 0x00, 0x00, 0x00,
  0x00, 0x00, 0x00, 0x00, 0x00, 0x00, 0x00, 0x00, 0x00, 0x00, 0x00, 0x00, 0x00, 0x00, 0x00, 0x00,
  0x00, 0x00, 0x00, 0x00, 0x00, 0x00, 0x00, 0x00, 0x00, 0x00, 0x00, 0x00, 0x00, 0x00, 0x00, 0x00,
  0x00, 0x00, 0x00, 0x00, 0x00, 0x00, 0x00, 0x00, 0x00, 0x00, 0x00, 0x00, 0x00, 0x00, 0x00, 0x00,
  0x00, 0x00, 0x00, 0x00, 0x00, 0x00, 0x00, 0x00, 0x00, 0x00, 0x00, 0x00, 0x00, 0x00, 0x00, 0x00,
  0x00, 0x04, 0x00, 0x0d, 0xc0, 0xe9, 0xf9, 0xf7, 0xf8, 0xfd, 0xf8, 0xfb, 0xfd, 0xfb, 0xfc, 0xfc,
  0xfb, 0xfe, 0xfa, 0xfe, 0xfc, 0xf8, 0xfb, 0xfa, 0x00, 0x00, 0x00, 0x00, 0x00, 0x00, 0x00, 0x00,
  0x00, 0x00, 0x00, 0x00, 0x00, 0x00, 0x00, 0x00, 0x00, 0x00, 0x00, 0x00, 0x00, 0x00, 0x00, 0x00,
  0x00, 0x00, 0x02, 0x01, 0x03, 0x05, 0x00, 0x08, 0x0c, 0x25, 0xaa, 0xdb, 0xf4, 0xf5, 0xfb, 0xfe,
  0xfc, 0xfd, 0xfc, 0xfc, 0xfc, 0xfe, 0xfb, 0xfe, 0xfd, 0xfd, 0xfb, 0xfc, 0xf9, 0xab, 0x5c, 0x46,
  0x41, 0x71, 0x27, 0x1c, 0x0b, 0x00, 0x00, 0x00, 0x00, 0x00, 0x00, 0x00, 0x00, 0x00, 0x00, 0x00,
  0x00, 0x00, 0x00, 0x00, 0x00, 0x00, 0x00, 0x00, 0x00, 0x00, 0x00, 0x00, 0x00, 0x00, 0x00, 0x00,
  0x00, 0x00, 0x00, 0x00, 0x00, 0x00, 0x00, 0x00, 0x00, 0x00, 0x00, 0x00, 0x00, 0x00, 0x00, 0x00,
  0x00, 0x00, 0x00, 0x00, 0x00, 0x00, 0x00, 0x00, 0x00, 0x00, 0x00, 0x00, 0x00, 0x00, 0x00, 0x00,
  0x00, 0x00, 0x00, 0x00, 0x00, 0x00, 0x00, 0x00, 0x00, 0x00, 0x00, 0x00, 0x00, 0x00, 0x00, 0x00,
  0x00, 0x00, 0x00, 0x00, 0x00, 0x00, 0x00, 0x00, 0x00, 0x00, 0x00, 0x00, 0x00, 0x00, 0x00, 0x00,
  0x00, 0x00, 0x00, 0x00, 0x00, 0x00, 0x00, 0x00, 0x00, 0x00, 0x00, 0x00, 0x00, 0x00, 0x00, 0x00,
  0x00, 0x00, 0x00, 0x00, 0x00, 0x00, 0x00, 0x00, 0x00, 0x00, 0x02, 0x05, 0x5e, 0xdd, 0xf6, 0xf7,
  0xf8, 0xfa, 0xfa, 0xfb, 0xfd, 0xfc, 0xfc, 0xfd, 0xfb, 0xfd, 0xfc, 0xfb, 0xfa, 0xf4, 0xf6, 0xf9,
  0x00, 0x00, 0x00, 0x00, 0x00, 0x00, 0x00, 0x00, 0x00, 0x00, 0x00, 0x00, 0x00, 0x00, 0x00, 0x00,
  0x00, 0x00, 0x00, 0x00, 0x00, 0x00, 0x00, 0x00, 0x00, 0x00, 0x00, 0x02, 0x04, 0x03, 0x0a, 0x26,
  0x1f, 0x41, 0xaf, 0xf1, 0xf8, 0xfb, 0xf9, 0xfa, 0xfd, 0xfd, 0xfb, 0xfc, 0xfb, 0xfd, 0xfc, 0xfc,
  0xfb, 0xfb, 0xfa, 0xf8, 0xe3, 0xa3, 0x47, 0x41, 0x31, 0x40, 0x11, 0x0e, 0x07, 0x00, 0x00, 0x00,
  0x00, 0x00, 0x00, 0x00, 0x00, 0x00, 0x00, 0x00, 0x00, 0x00, 0x00, 0x00, 0x00, 0x00, 0x00, 0x00,
  0x00, 0x00, 0x00, 0x00, 0x00, 0x00, 0x00, 0x00, 0x00, 0x00, 0x00, 0x00, 0x00, 0x00, 0x00, 0x00,
  0x00, 0x00, 0x00, 0x00, 0x00, 0x00, 0x00, 0x00, 0x00, 0x00, 0x00, 0x00, 0x00, 0x00, 0x00, 0x00,
  0x00, 0x00, 0x00, 0x00, 0x00, 0x00, 0x00, 0x00, 0x00, 0x00, 0x00, 0x00, 0x00, 0x00, 0x00, 0x00,
  0x00, 0x00, 0x00, 0x00, 0x00, 0x00, 0x00, 0x00, 0x00, 0x00, 0x00, 0x00, 0x00, 0x00, 0x00, 0x00,
  0x00, 0x00, 0x00, 0x00, 0x00, 0x00, 0x00, 0x00, 0x00, 0x00, 0x00, 0x00, 0x00, 0x00, 0x00, 0x00,
  0x00, 0x00, 0x00, 0x00, 0x00, 0x00, 0x00, 0x00, 0x00, 0x00, 0x00, 0x00, 0x00, 0x02, 0x00, 0x00,
  0x00, 0x00, 0x02, 0x00, 0x09, 0x91, 0xf2, 0xf3, 0xfb, 0xfb, 0xf9, 0xfc, 0xfb, 0xfd, 0xfd, 0xfb,
  0xfd, 0xfd, 0xfb, 0xfd, 0xfc, 0xf4, 0xf8, 0xf8, 0x00, 0x00, 0x00, 0x00, 0x00, 0x00, 0x00, 0x00,
  0x00, 0x00, 0x00, 0x00, 0x00, 0x00, 0x00, 0x00, 0x00, 0x00, 0x00, 0x00, 0x00, 0x00, 0x00, 0x00,
  0x00, 0x00, 0x00, 0x00, 0x00, 0x06, 0x0d, 0x27, 0x73, 0xa3, 0xab, 0xd0, 0xf1, 0xf9, 0xfa, 0xfc,
  0xfc, 0xfd, 0xfb, 0xfd, 0xfc, 0xfc, 0xfe, 0xfe, 0xfc, 0xfb, 0xfb, 0xef, 0xb9, 0x73, 0x26, 0x27,
  0x1c, 0x2c, 0x17, 0x00, 0x06, 0x00, 0x00, 0x00, 0x00, 0x00, 0x00, 0x00, 0x00, 0x00, 0x00, 0x00,
  0x00, 0x00, 0x00, 0x00, 0x00, 0x00, 0x00, 0x00, 0x00, 0x00, 0x00, 0x00, 0x00, 0x00, 0x00, 0x00,
  0x00, 0x00, 0x00, 0x00, 0x00, 0x00, 0x00, 0x00, 0x00, 0x00, 0x00, 0x00, 0x00, 0x00, 0x00, 0x00,
  0x00, 0x00, 0x00, 0x00, 0x00, 0x00, 0x00, 0x00, 0x00, 0x00, 0x00, 0x00, 0x00, 0x00, 0x00, 0x00,
  0x00, 0x00, 0x00, 0x00, 0x00, 0x00, 0x00, 0x00, 0x00, 0x00, 0x00, 0x00, 0x00, 0x00, 0x00, 0x00,
  0x00, 0x00, 0x00, 0x00, 0x00, 0x00, 0x00, 0x00, 0x00, 0x00, 0x00, 0x00, 0x00, 0x00, 0x00, 0x00,
  0x00, 0x00, 0x00, 0x00, 0x00, 0x00, 0x00, 0x00, 0x00, 0x00, 0x00, 0x00, 0x00, 0x00, 0x00, 0x00,
  0x00, 0x00, 0x00, 0x00, 0x00, 0x00, 0x00, 0x00, 0x00, 0x00, 0x00, 0x00, 0x03, 0x25, 0xd4, 0xf1,
  0xf8, 0xf4, 0xf5, 0xfc, 0xfd, 0xfc, 0xfe, 0xfc, 0xfe, 0xfc, 0xfd, 0xfd, 0xfb, 0xf7, 0xf9, 0xe5,
  0x00, 0x00, 0x00, 0x00, 0x00, 0x00, 0x00, 0x00, 0x00, 0x00, 0x00, 0x00, 0x00, 0x00, 0x00, 0x00,
  0x00, 0x00, 0x00, 0x00, 0x00, 0x00, 0x00, 0x00, 0x00, 0x00, 0x00, 0x00, 0x02, 0x09, 0x12, 0x25,
  0x84, 0xd2, 0xe2, 0xd7, 0xed, 0xfc, 0xfb, 0xfe, 0xfc, 0xfe, 0xfc, 0xfd, 0xfc, 0xfd, 0xfd, 0xfc,
  0xfc, 0xfc, 0xf6, 0xe2, 0xb3, 0x45, 0x0e, 0x30, 0x21, 0x13, 0x17, 0x0a, 0x00, 0x00, 0x00, 0x00,
  0x00, 0x00, 0x00, 0x00, 0x00, 0x00, 0x00, 0x00, 0x00, 0x00, 0x00, 0x00, 0x00, 0x00, 0x00, 0x00,
  0x00, 0x00, 0x00, 0x00, 0x00, 0x00, 0x00, 0x00, 0x00, 0x00, 0x00, 0x00, 0x00, 0x00, 0x00, 0x00,
  0x00, 0x00, 0x00, 0x00, 0x00, 0x00, 0x00, 0x00, 0x00, 0x00, 0x00, 0x00, 0x00, 0x00, 0x00, 0x00,
  0x00, 0x00, 0x00, 0x00, 0x00, 0x00, 0x00, 0x00, 0x00, 0x00, 0x00, 0x00, 0x00, 0x00, 0x00, 0x00,
  0x00, 0x00, 0x00, 0x00, 0x00, 0x00, 0x00, 0x00, 0x00, 0x00, 0x00, 0x00, 0x00, 0x00, 0x00, 0x00,
  0x00, 0x00, 0x00, 0x00, 0x00, 0x00, 0x00, 0x00, 0x00, 0x00, 0x00, 0x00, 0x00, 0x00, 0x00, 0x00,
  0x00, 0x00, 0x00, 0x00, 0x00, 0x00, 0x00, 0x00, 0x00, 0x00, 0x00, 0x00, 0x00, 0x00, 0x00, 0x00,
  0x00, 0x00, 0x00, 0x00, 0x04, 0x13, 0xbc, 0xf2, 0xea, 0xf2, 0xfa, 0xf9, 0xfa, 0xfb, 0xfd, 0xff,
  0xfd, 0xfd, 0xfd, 0xfe, 0xfb, 0xf8, 0xf9, 0xf1, 0x00, 0x00, 0x00, 0x00, 0x00, 0x00, 0x00, 0x00,
  0x00, 0x00, 0x00, 0x00, 0x00, 0x00, 0x00, 0x00, 0x00, 0x00, 0x00, 0x00, 0x00, 0x03, 0x00, 0x00,
  0x00, 0x00, 0x00, 0x00, 0x00, 0x19, 0x2b, 0x79, 0xc2, 0xcd, 0xcb, 0xe6, 0xf9, 0xfd, 0xfc, 0xfb,
  0xfd, 0xfd, 0xfd, 0xfd, 0xfb, 0xfb, 0xfe, 0xfe, 0xf8, 0xf3, 0xf1, 0xbd, 0x54, 0x42, 0x14, 0x0d,
  0x02, 0x07, 0x00, 0x03, 0x00, 0x00, 0x00, 0x00, 0x00, 0x00, 0x00, 0x00, 0x00, 0x00, 0x00, 0x00,
  0x03, 0x00, 0x00, 0x00, 0x11, 0x0d, 0x05, 0x00, 0x00, 0x00, 0x00, 0x00, 0x00, 0x00, 0x00, 0x00,
  0x00, 0x00, 0x00, 0x00, 0x08, 0x0b, 0x00, 0x00, 0x00, 0x02, 0x00, 0x00, 0x05, 0x0f, 0x00, 0x00,
  0x00, 0x00, 0x01, 0x03, 0x00, 0x00, 0x00, 0x00, 0x00, 0x00, 0x00, 0x00, 0x04, 0x08, 0x05, 0x06,
  0x01, 0x00, 0x00, 0x02, 0x00, 0x00, 0x01, 0x00, 0x00, 0x00, 0x00, 0x00, 0x00, 0x01, 0x01, 0x00,
  0x00, 0x00, 0x00, 0x00, 0x11, 0x11, 0x04, 0x00, 0x00, 0x00, 0x00, 0x01, 0x00, 0x01, 0x00, 0x02,
  0x00, 0x00, 0x00, 0x01, 0x00, 0x05, 0x06, 0x04, 0x0c, 0x0e, 0x12, 0x18, 0x1d, 0x07, 0x02, 0x00,
  0x00, 0x00, 0x00, 0x00, 0x00, 0x00, 0x00, 0x00, 0x00, 0x00, 0x00, 0x00, 0x01, 0x0d, 0xa8, 0xe8,
  0xf6, 0xf6, 0xfb, 0xfd, 0xfc, 0xff, 0xff, 0xfc, 0xfc, 0xfb, 0xfe, 0xfc, 0xfc, 0xfc, 0xfb, 0xf9,
  0x00, 0x00, 0x00, 0x00, 0x00, 0x00, 0x00, 0x00, 0x00, 0x00, 0x00, 0x00, 0x00, 0x00, 0x00, 0x00,
  0x00, 0x00, 0x00, 0x00, 0x00, 0x00, 0x00, 0x00, 0x00, 0x00, 0x03, 0x04, 0x10, 0x16, 0x13, 0x45,
  0x7d, 0x98, 0xd6, 0xe9, 0xf1, 0xfc, 0xfd, 0xfc, 0xfc, 0xfd, 0xfe, 0xfb, 0xfe, 0xfc, 0xfe, 0xfe,
  0xf7, 0xf7, 0xf3, 0xb4, 0x5d, 0x20, 0x05, 0x08, 0x0d, 0x15, 0x04, 0x00, 0x00, 0x00, 0x00, 0x00,
  0x00, 0x00, 0x00, 0x00, 0x00, 0x04, 0x00, 0x00, 0x00, 0x00, 0x18, 0x9f, 0xcd, 0xdd, 0xec, 0xee,
  0xd8, 0xaf, 0x72, 0x21, 0x15, 0x00, 0x00, 0x00, 0x00, 0x00, 0x00, 0x00, 0x3c, 0xe3, 0xeb, 0xe1,
  0xcc, 0xd6, 0xda, 0xc9, 0xcf, 0xc1, 0x7f, 0x1b, 0x00, 0x00, 0x00, 0x00, 0x00, 0x00, 0x00, 0x00,
  0x00, 0x02, 0x48, 0xb2, 0xbe, 0xde, 0xd5, 0xd4, 0xbf, 0xbf, 0xb8, 0xad, 0xa6, 0x9c, 0x82, 0x37,
  0x00, 0x00, 0x00, 0x00, 0x00, 0x00, 0x00, 0x01, 0x00, 0x00, 0x1f, 0xc8, 0xeb, 0xde, 0xaa, 0x08,
  0x02, 0x01, 0x00, 0x00, 0x00, 0x02, 0x06, 0x04, 0x2a, 0x92, 0x95, 0x8f, 0x93, 0x86, 0x97, 0xcd,
  0xc6, 0xc8, 0xbc, 0xb4, 0xa6, 0x8b, 0x75, 0x6f, 0x3d, 0x03, 0x00, 0x00, 0x00, 0x00, 0x00, 0x00,
  0x00, 0x00, 0x00, 0x00, 0x02, 0x09, 0x50, 0xd0, 0xfa, 0xf8, 0xfa, 0xfb, 0xfe, 0xfc, 0xfd, 0xfc,
  0xfd, 0xfd, 0xfe, 0xfb, 0xfd, 0xfb, 0xf9, 0xf6, 0x00, 0x00, 0x00, 0x00, 0x00, 0x00, 0x00, 0x00,
  0x00, 0x00, 0x00, 0x00, 0x00, 0x00, 0x00, 0x00, 0x00, 0x00, 0x00, 0x00, 0x00, 0x00, 0x00, 0x00,
  0x00, 0x01, 0x1c, 0x63, 0x68, 0x48, 0x2a, 0x77, 0xd5, 0x76, 0xc2, 0xf3, 0xfc, 0xfc, 0xff, 0xff,
  0xfc, 0xfb, 0xfc, 0xfe, 0xfb, 0xfc, 0xfe, 0xf8, 0xf9, 0xfb, 0xea, 0xab, 0x4e, 0x1f, 0x08, 0x0a,
  0x0a, 0x0b, 0x01, 0x00, 0x00, 0x00, 0x00, 0x00, 0x00, 0x00, 0x00, 0x00, 0x00, 0x00, 0x03, 0x00,
  0x06, 0xac, 0xf7, 0xff, 0xff, 0xff, 0xff, 0xff, 0xff, 0xff, 0xff, 0xfe, 0xe6, 0xd0, 0x61, 0x00,
  0x00, 0x01, 0x00, 0x00, 0x9b, 0xfb, 0xff, 0xfe, 0xff, 0xff, 0xfe, 0xff, 0xff, 0xfc, 0xfe, 0xf8,
  0x9e, 0x08, 0x00, 0x07, 0x00, 0x00, 0x00, 0x00, 0x00, 0x04, 0xd0, 0xff, 0xfd, 0xff, 0xfe, 0xfc,
  0xfc, 0xfa, 0xfb, 0xf5, 0xfc, 0xf9, 0xff, 0xd5, 0x00, 0x00, 0x00, 0x00, 0x00, 0x00, 0x00, 0x00,
  0x00, 0x00, 0xc0, 0xfd, 0xf9, 0xfa, 0xfc, 0x87, 0x00, 0x00, 0x00, 0x00, 0x00, 0x00, 0x08, 0x00,
  0xc0, 0xff, 0xff, 0xfe, 0xfe, 0xff, 0xfe, 0xfd, 0xfd, 0xfd, 0xf7, 0xf8, 0xf6, 0xfc, 0xfb, 0xff,
  0xed, 0x26, 0x04, 0x07, 0x00, 0x00, 0x00, 0x00, 0x00, 0x00, 0x00, 0x00, 0x00, 0x09, 0x1c, 0xb2,
  0xef, 0xf6, 0xf9, 0xfc, 0xfc, 0xfd, 0xff, 0xfc, 0xfd, 0xfc, 0xfd, 0xfc, 0xfc, 0xf8, 0xfb, 0xfa,
  0x00, 0x00, 0x00, 0x00, 0x00, 0x00, 0x00, 0x00, 0x00, 0x00, 0x00, 0x00, 0x00, 0x00, 0x00, 0x00,
  0x00, 0x00, 0x00, 0x00, 0x00, 0x01, 0x00, 0x00, 0x00, 0x00, 0x22, 0x64, 0x3e, 0x46, 0x1e, 0x80,
  0xd8, 0xbe, 0xd1, 0xeb, 0xf2, 0xfc, 0xfd, 0xfe, 0xfa, 0xfb, 0xfa, 0xfc, 0xfb, 0xfa, 0xfe, 0xfa,
  0xf9, 0xf7, 0xd5, 0x8e, 0x2d, 0x3b, 0x2c, 0x23, 0x20, 0x0f, 0x00, 0x00, 0x01, 0x00, 0x00, 0x00,
  0x00, 0x00, 0x00, 0x00, 0x00, 0x00, 0x00, 0x0b, 0xe9, 0xff, 0xfc, 0xf7, 0xfa, 0xff, 0xff, 0xf7,
  0xfa, 0xff, 0xfb, 0xfa, 0xff, 0xff, 0xc0, 0x0d, 0x00, 0x00, 0x00, 0x00, 0xa4, 0xfa, 0xf7, 0xf6,
  0xfa, 0xfd, 0xf8, 0xfe, 0xfd, 0xff, 0xfa, 0xff, 0xff, 0xcc, 0x06, 0x00, 0x02, 0x00, 0x00, 0x00,
  0x00, 0x00, 0xd0, 0xfd, 0xfd, 0xff, 0xfb, 0xf9, 0xfc, 0xff, 0xff, 0xfc, 0xff, 0xfd, 0xfb, 0xea,
  0x05, 0x00, 0x01, 0x00, 0x00, 0x00, 0x01, 0x00, 0x00, 0x05, 0xf5, 0xfc, 0xff, 0xfe, 0xfa, 0xe6,
  0x00, 0x00, 0x00, 0x00, 0x00, 0x07, 0x03, 0x04, 0xba, 0xff, 0xfb, 0xfb, 0xff, 0xff, 0xfc, 0xfb,
  0xfa, 0xfb, 0xf7, 0xf9, 0xf8, 0xff, 0xfa, 0xfc, 0xff, 0x37, 0x00, 0x00, 0x00, 0x00, 0x00, 0x00,
  0x00, 0x00, 0x00, 0x00, 0x00, 0x0b, 0x14, 0x9d, 0xf0, 0xee, 0xfa, 0xf9, 0xfa, 0xfd, 0xfd, 0xfe,
  0xfe, 0xfc, 0xfa, 0xfd, 0xfd, 0xfb, 0xff, 0xfc, 0x00, 0x00, 0x00, 0x00, 0x00, 0x00, 0x00, 0x00,
  0x00, 0x00, 0x00, 0x00, 0x00, 0x00, 0x00, 0x00, 0x00, 0x00, 0x00, 0x00, 0x00, 0x00, 0x01, 0x00,
  0x00, 0x03, 0x0b, 0x2e, 0x49, 0x24, 0x29, 0xaa, 0xdb, 0xe9, 0xe2, 0xf1, 0xf8, 0xfb, 0xfe, 0xff,
  0xfb, 0xfe, 0xfd, 0xfc, 0xfc, 0xfe, 0xfd, 0xfb, 0xfc, 0xf0, 0x9e, 0x53, 0x25, 0x1b, 0x19, 0x22,
  0x18, 0x06, 0x00, 0x00, 0x00, 0x00, 0x00, 0x00, 0x00, 0x00, 0x00, 0x00, 0x00, 0x00, 0x12, 0xea,
  0xff, 0xff, 0xfe, 0xf5, 0xe0, 0xcd, 0x7f, 0x86, 0x8f, 0xce, 0xf5, 0xfe, 0xff, 0xf8, 0xf0, 0x0d,
  0x01, 0x03, 0x0a, 0x00, 0x90, 0xfb, 0xf9, 0xf6, 0xdf, 0xab, 0xbb, 0xd5, 0xda, 0xf6, 0xff, 0xfe,
  0xf8, 0xff, 0xcd, 0x00, 0x00, 0x00, 0x00, 0x00, 0x00, 0x02, 0xc4, 0xff, 0xff, 0xfa, 0xbe, 0xbd,
  0xd2, 0xd0, 0xd7, 0xde, 0xe1, 0xeb, 0xed, 0xc2, 0x03, 0x00, 0x02, 0x00, 0x01, 0x00, 0x00, 0x00,
  0x00, 0x58, 0xff, 0xf8, 0xff, 0xf9, 0xfc, 0xfa, 0x16, 0x00, 0x04, 0x00, 0x00, 0x00, 0x00, 0x00,
  0x65, 0xe6, 0xed, 0xf0, 0xe2, 0xe5, 0xef, 0xff, 0xfe, 0xff, 0xf3, 0xdc, 0xd3, 0xe5, 0xe0, 0xdc,
  0xe1, 0x15, 0x00, 0x00, 0x00, 0x00, 0x00, 0x00, 0x00, 0x00, 0x00, 0x00, 0x00, 0x0a, 0x0d, 0x6b,
  0xe0, 0xed, 0xfb, 0xfb, 0xfc, 0xfb, 0xfc, 0xfd, 0xfd, 0xfe, 0xfb, 0xfd, 0xfc, 0xfe, 0xff, 0xfc,
  0x00, 0x00, 0x00, 0x00, 0x00, 0x00, 0x00, 0x00, 0x00, 0x00, 0x00, 0x00, 0x00, 0x00, 0x00, 0x00,
  0x00, 0x00, 0x00, 0x00, 0x00, 0x00, 0x00, 0x00, 0x01, 0x00, 0x00, 0x0f, 0x76, 0x0c, 0x18, 0xb2,
  0xed, 0xea, 0xf2, 0xfa, 0xfd, 0xfc, 0xfd, 0xfe, 0xfc, 0xfe, 0xfd, 0xfc, 0xfb, 0xfa, 0xfc, 0xfb,
  0xf4, 0xe6, 0xb5, 0x93, 0x2a, 0x2a, 0x19, 0x32, 0x13, 0x00, 0x03, 0x01, 0x00, 0x00, 0x00, 0x00,
  0x00, 0x00, 0x00, 0x00, 0x00, 0x04, 0xbe, 0xfd, 0xff, 0xfd, 0xee, 0x46, 0x08, 0x06, 0x07, 0x03,
  0x03, 0x08, 0x33, 0xca, 0xff, 0xfd, 0xc2, 0x01, 0x05, 0x01, 0x00, 0x00, 0xa0, 0xfe, 0xf3, 0xf7,
  0x9a, 0x02, 0x00, 0x00, 0x02, 0x25, 0xb6, 0xff, 0xff, 0xfe, 0xff, 0x6c, 0x00, 0x00, 0x00, 0x00,
  0x00, 0x04, 0xc8, 0xfa, 0xff, 0xeb, 0x0c, 0x00, 0x01, 0x07, 0x0d, 0x09, 0x11, 0x1b, 0x1b, 0x22,
  0x04, 0x00, 0x02, 0x00, 0x00, 0x00, 0x00, 0x00, 0x01, 0xdc, 0xff, 0xfc, 0xf3, 0xfa, 0xfa, 0xfb,
  0x7e, 0x00, 0x00, 0x00, 0x00, 0x00, 0x01, 0x00, 0x08, 0x27, 0x23, 0x16, 0x16, 0x26, 0x9c, 0xfb,
  0xf9, 0xec, 0x60, 0x04, 0x00, 0x11, 0x12, 0x07, 0x07, 0x01, 0x00, 0x00, 0x00, 0x00, 0x00, 0x00,
  0x00, 0x00, 0x00, 0x00, 0x00, 0x00, 0x0e, 0x82, 0xe0, 0xf5, 0xfa, 0xfa, 0xfa, 0xfe, 0xfc, 0xfd,
  0xfd, 0xfd, 0xfb, 0xfd, 0xfb, 0xff, 0xfe, 0xff, 0x00, 0x00, 0x00, 0x00, 0x00, 0x00, 0x00, 0x00,
  0x00, 0x00, 0x00, 0x00, 0x00, 0x00, 0x00, 0x00, 0x00, 0x00, 0x00, 0x00, 0x00, 0x00, 0x00, 0x00,
  0x00, 0x03, 0x00, 0x05, 0x71, 0x34, 0x4b, 0xd7, 0xf2, 0xf7, 0xf3, 0xf4, 0xf7, 0xfb, 0xfd, 0xfb,
  0xfd, 0xfe, 0xfe, 0xfe, 0xfd, 0xf8, 0xf9, 0xf5, 0xfa, 0xf1, 0xe2, 0xc6, 0x5e, 0x41, 0x16, 0x16,
  0x07, 0x00, 0x00, 0x01, 0x03, 0x00, 0x00, 0x00, 0x00, 0x00, 0x00, 0x00, 0x00, 0x5f, 0xfa, 0xff,
  0xfb, 0xec, 0x30, 0x07, 0x03, 0x00, 0x00, 0x00, 0x00, 0x00, 0x04, 0x06, 0x63, 0x99, 0x3b, 0x00,
  0x00, 0x00, 0x01, 0x00, 0xa8, 0xff, 0xf5, 0xfb, 0xa1, 0x00, 0x00, 0x00, 0x00, 0x0a, 0x0d, 0xa1,
  0xfb, 0xff, 0xff, 0xe4, 0x01, 0x00, 0x00, 0x00, 0x00, 0x01, 0xc2, 0xff, 0xfc, 0xf3, 0x16, 0x00,
  0x00, 0x00, 0x00, 0x00, 0x00, 0x02, 0x00, 0x00, 0x00, 0x00, 0x00, 0x01, 0x00, 0x02, 0x00, 0x00,
  0x31, 0xf6, 0xff, 0xfb, 0xa4, 0xed, 0xf9, 0xf9, 0xd1, 0x0d, 0x00, 0x00, 0x00, 0x00, 0x00, 0x00,
  0x01, 0x02, 0x00, 0x06, 0x01, 0x13, 0x8a, 0xfa, 0xfc, 0xf8, 0x3b, 0x02, 0x04, 0x02, 0x00, 0x00,
  0x00, 0x01, 0x00, 0x01, 0x00, 0x00, 0x00, 0x00, 0x00, 0x00, 0x00, 0x00, 0x00, 0x02, 0x07, 0x40,
  0xbc, 0xef, 0xf8, 0xf7, 0xfb, 0xfc, 0xfc, 0xfb, 0xfd, 0xfd, 0xfd, 0xfd, 0xfd, 0xff, 0xff, 0xfb,
  0x00, 0x00, 0x00, 0x00, 0x00, 0x00, 0x00, 0x00, 0x00, 0x00, 0x00, 0x00, 0x00, 0x00, 0x00, 0x00,
  0x00, 0x00, 0x00, 0x00, 0x00, 0x01, 0x00, 0x00, 0x00, 0x00, 0x05, 0x10, 0x45, 0x1f, 0x71, 0xe6,
  0xf0, 0xf4, 0xf7, 0xf2, 0xfb, 0xfd, 0xfd, 0xfe, 0xfb, 0xfe, 0xff, 0xfd, 0xfc, 0xfd, 0xfb, 0xf9,
  0xf1, 0xed, 0xe8, 0xae, 0x77, 0x3b, 0x11, 0x0f, 0x05, 0x00, 0x01, 0x01, 0x00, 0x00, 0x00, 0x00,
  0x00, 0x00, 0x00, 0x00, 0x05, 0xe1, 0xfc, 0xf6, 0xf8, 0xa4, 0x00, 0x02, 0x00, 0x01, 0x01, 0x01,
  0x00, 0x00, 0x06, 0x00, 0x00, 0x06, 0x00, 0x00, 0x00, 0x00, 0x00, 0x00, 0xac, 0xfb, 0xf5, 0xff,
  0x99, 0x00, 0x00, 0x00, 0x00, 0x0d, 0x08, 0x68, 0xf7, 0xfa, 0xfc, 0xed, 0x09, 0x00, 0x00, 0x00,
  0x00, 0x01, 0xbc, 0xfe, 0xfe, 0xe3, 0x23, 0x00, 0x00, 0x00, 0x00, 0x01, 0x00, 0x00, 0x03, 0x00,
  0x00, 0x00, 0x01, 0x00, 0x00, 0x00, 0x00, 0x00, 0xab, 0xff, 0xff, 0xd6, 0x02, 0xc6, 0xfb, 0xf8,
  0xf4, 0x2f, 0x00, 0x01, 0x00, 0x01, 0x00, 0x00, 0x04, 0x03, 0x03, 0x01, 0x02, 0x0f, 0x94, 0xfa,
  0xf1, 0xfc, 0x58, 0x00, 0x00, 0x00, 0x00, 0x00, 0x00, 0x00, 0x02, 0x00, 0x00, 0x00, 0x00, 0x00,
  0x00, 0x00, 0x00, 0x00, 0x00, 0x00, 0x08, 0x26, 0x7d, 0xda, 0xf6, 0xf9, 0xf9, 0xfd, 0xfc, 0xff,
  0xfb, 0xfe, 0xfe, 0xfd, 0xfc, 0xfd, 0xf9, 0xf8, 0x00, 0x00, 0x00, 0x00, 0x00, 0x00, 0x00, 0x00,
  0x00, 0x00, 0x00, 0x00, 0x00, 0x00, 0x00, 0x00, 0x00, 0x00, 0x00, 0x00, 0x00, 0x04, 0x06, 0x05,
  0x01, 0x02, 0x04, 0x0e, 0x28, 0x2d, 0x2b, 0x61, 0xf0, 0xf3, 0xfb, 0xff, 0xf7, 0xff, 0xff, 0xfc,
  0xfc, 0xfd, 0xfd, 0xfe, 0xfc, 0xf9, 0xfe, 0xf9, 0xef, 0xef, 0xe1, 0x98, 0x74, 0x0f, 0x07, 0x00,
  0x00, 0x00, 0x00, 0x01, 0x01, 0x02, 0x00, 0x00, 0x00, 0x00, 0x00, 0x00, 0x2c, 0xf9, 0xfb, 0xf9,
  0xf7, 0x8b, 0x00, 0x00, 0x00, 0x01, 0x02, 0x00, 0x00, 0x00, 0x00, 0x01, 0x00, 0x00, 0x01, 0x00,
  0x00, 0x00, 0x00, 0x00, 0x76, 0xfd, 0xf6, 0xfa, 0xad, 0x03, 0x01, 0x01, 0x01, 0x00, 0x00, 0x15,
  0xf7, 0xf8, 0xfe, 0xe5, 0x27, 0x00, 0x04, 0x00, 0x00, 0x00, 0xa8, 0xff, 0xf9, 0xeb, 0x17, 0x00,
  0x00, 0x00, 0x00, 0x01, 0x00, 0x00, 0x00, 0x00, 0x00, 0x00, 0x00, 0x00, 0x00, 0x00, 0x00, 0x00,
  0xe1, 0xff, 0xff, 0xad, 0x00, 0x41, 0xff, 0xfa, 0xf9, 0x92, 0x00, 0x03, 0x00, 0x00, 0x00, 0x00,
  0x00, 0x00, 0x00, 0x00, 0x00, 0x0c, 0xc8, 0xfb, 0xf8, 0xff, 0xad, 0x00, 0x00, 0x01, 0x01, 0x00,
  0x00, 0x00, 0x00, 0x00, 0x00, 0x00, 0x00, 0x00, 0x00, 0x00, 0x00, 0x01, 0x00, 0x01, 0x09, 0x0f,
  0x64, 0xd2, 0xfb, 0xfc, 0xfa, 0xff, 0xff, 0xfd, 0xfd, 0xfd, 0xfc, 0xfd, 0xfc, 0xfc, 0xfe, 0xfb,
  0x00, 0x00, 0x00, 0x00, 0x00, 0x00, 0x00, 0x00, 0x00, 0x00, 0x00, 0x00, 0x00, 0x00, 0x00, 0x00,
  0x00, 0x00, 0x00, 0x00, 0x00, 0x04, 0x08, 0x10, 0x05, 0x08, 0x00, 0x2d, 0xb3, 0x7b, 0x49, 0x79,
  0xdf, 0xf6, 0xf6, 0xf4, 0xf7, 0xff, 0xfc, 0xfe, 0xfc, 0xfc, 0xfe, 0xf9, 0xfe, 0xfa, 0xfd, 0xfe,
  0xf9, 0xf6, 0xc5, 0x78, 0x50, 0x06, 0x00, 0x00, 0x00, 0x00, 0x00, 0x00, 0x00, 0x00, 0x00, 0x00,
  0x00, 0x00, 0x00, 0x00, 0x45, 0xf9, 0xf9, 0xfa, 0xe1, 0x13, 0x00, 0x00, 0x00, 0x00, 0x00, 0x00,
  0x01, 0x00, 0x00, 0x00, 0x00, 0x05, 0x00, 0x00, 0x00, 0x01, 0x00, 0x00, 0x7c, 0xfc, 0xf8, 0xfe,
  0x8f, 0x06, 0x01, 0x00, 0x00, 0x00, 0x00, 0x43, 0xf1, 0xfc, 0xff, 0xe7, 0x14, 0x00, 0x00, 0x02,
  0x00, 0x00, 0xb7, 0xfd, 0xff, 0xda, 0x13, 0x00, 0x05, 0x07, 0x00, 0x09, 0x13, 0x10, 0x0c, 0x00,
  0x00, 0x00, 0x00, 0x00, 0x00, 0x00, 0x00, 0x3f, 0xff, 0xff, 0xff, 0x39, 0x00, 0x07, 0xf2, 0xff,
  0xfe, 0xe5, 0x19, 0x00, 0x00, 0x00, 0x00, 0x00, 0x00, 0x00, 0x00, 0x00, 0x00, 0x01, 0xcf, 0xf6,
  0xf8, 0xff, 0xaf, 0x00, 0x00, 0x00, 0x00, 0x00, 0x00, 0x00, 0x00, 0x00, 0x00, 0x00, 0x00, 0x00,
  0x00, 0x00, 0x00, 0x00, 0x00, 0x03, 0x0c, 0x25, 0x4b, 0xa6, 0xf3, 0xf3, 0xf7, 0xfe, 0xfe, 0xff,
  0xfb, 0xfd, 0xfe, 0xf9, 0xfd, 0xfd, 0xfb, 0xfb, 0x00, 0x00, 0x00, 0x00, 0x00, 0x00, 0x00, 0x00,
  0x00, 0x00, 0x00, 0x00, 0x00, 0x00, 0x00, 0x00, 0x00, 0x00, 0x00, 0x00, 0x00, 0x00, 0x07, 0x09,
  0x09, 0x07, 0x15, 0xbe, 0xdc, 0x98, 0xb1, 0xc4, 0xf1, 0xf3, 0xf4, 0xfb, 0xf8, 0xfd, 0xfd, 0xfd,
  0xfa, 0xfb, 0xfc, 0xfd, 0xfc, 0xfb, 0xfc, 0xfc, 0xf5, 0xf0, 0xc2, 0x64, 0x39, 0x03, 0x00, 0x00,
  0x00, 0x00, 0x00, 0x02, 0x01, 0x00, 0x00, 0x00, 0x00, 0x00, 0x00, 0x00, 0x9e, 0xf8, 0xf9, 0xfa,
  0xc1, 0x00, 0x00, 0x00, 0x00, 0x00, 0x00, 0x00, 0x00, 0x00, 0x00, 0x00, 0x00, 0x03, 0x02, 0x00,
  0x00, 0x00, 0x00, 0x00, 0x7f, 0xf8, 0xf8, 0xf1, 0x43, 0x00, 0x00, 0x00, 0x00, 0x00, 0x4c, 0xee,
  0xff, 0xff, 0xff, 0x9e, 0x00, 0x00, 0x00, 0x00, 0x00, 0x00, 0xb9, 0xff, 0xfd, 0xef, 0xae, 0xa3,
  0xc5, 0xb6, 0xcc, 0xcc, 0xd7, 0xcb, 0x89, 0x00, 0x00, 0x00, 0x00, 0x00, 0x00, 0x00, 0x00, 0xbd,
  0xf9, 0xfd, 0xe2, 0x11, 0x00, 0x00, 0xca, 0xff, 0xf7, 0xfc, 0x73, 0x00, 0x00, 0x00, 0x00, 0x00,
  0x00, 0x00, 0x00, 0x00, 0x00, 0x00, 0xc9, 0xfc, 0xf6, 0xfb, 0xa3, 0x00, 0x00, 0x00, 0x00, 0x00,
  0x00, 0x00, 0x00, 0x00, 0x00, 0x00, 0x00, 0x00, 0x00, 0x00, 0x00, 0x00, 0x00, 0x00, 0x00, 0x1f,
  0x4b, 0x73, 0xf1, 0xfb, 0xfb, 0xff, 0xfd, 0xfc, 0xfa, 0xfc, 0xfb, 0xfc, 0xfd, 0xfc, 0xfb, 0xfb,
  0x00, 0x00, 0x00, 0x00, 0x00, 0x00, 0x00, 0x00, 0x00, 0x00, 0x00, 0x00, 0x00, 0x00, 0x00, 0x00,
  0x00, 0x00, 0x00, 0x00, 0x02, 0x05, 0x06, 0x05, 0x04, 0x1c, 0xa4, 0xd6, 0xee, 0xa0, 0xc2, 0xee,
  0xf7, 0xfb, 0xf7, 0xfb, 0xfe, 0xfe, 0xfd, 0xfe, 0xfb, 0xfc, 0xfb, 0xfd, 0xfc, 0xff, 0xfb, 0xf8,
  0xf4, 0xf1, 0xb8, 0x83, 0x43, 0x0a, 0x00, 0x00, 0x00, 0x00, 0x00, 0x00, 0x03, 0x00, 0x00, 0x00,
  0x00, 0x00, 0x00, 0x00, 0xc0, 0xfe, 0xfa, 0xff, 0x8e, 0x00, 0x00, 0x00, 0x00, 0x00, 0x00, 0x00,
  0x00, 0x00, 0x00, 0x00, 0x01, 0x01, 0x00, 0x00, 0x00, 0x00, 0x00, 0x00, 0x85, 0xf9, 0xf6, 0xf9,
  0xc0, 0x4d, 0x3e, 0x5c, 0x7d, 0xc0, 0xfa, 0xff, 0xff, 0xff, 0xd4, 0x18, 0x00, 0x02, 0x00, 0x00,
  0x00, 0x00, 0xb2, 0xff, 0xfe, 0xff, 0xfe, 0xfa, 0xfc, 0xff, 0xf8, 0xfe, 0xff, 0xf4, 0xe4, 0x03,
  0x00, 0x00, 0x00, 0x00, 0x00, 0x00, 0x0c, 0xf6, 0xfa, 0xf6, 0xa8, 0x00, 0x04, 0x00, 0x71, 0xfe,
  0xff, 0xff, 0xc3, 0x00, 0x00, 0x00, 0x00, 0x00, 0x00, 0x00, 0x00, 0x00, 0x02, 0x00, 0xc9, 0xfd,
  0xfa, 0xfb, 0x9e, 0x00, 0x00, 0x00, 0x00, 0x00, 0x00, 0x00, 0x00, 0x00, 0x00, 0x03, 0x03, 0x01,
  0x00, 0x00, 0x00, 0x00, 0x03, 0x01, 0x01, 0x18, 0x34, 0x79, 0xea, 0xf9, 0xf8, 0xfe, 0xfc, 0xfe,
  0xfb, 0xfe, 0xf9, 0xfd, 0xfb, 0xfe, 0xfb, 0xfb, 0x00, 0x00, 0x00, 0x00, 0x00, 0x00, 0x00, 0x00,
  0x00, 0x00, 0x00, 0x00, 0x00, 0x00, 0x00, 0x00, 0x00, 0x00, 0x00, 0x00, 0x00, 0x06, 0x03, 0x00,
  0x07, 0x1f, 0x40, 0x65, 0xbe, 0xbf, 0xd7, 0xf2, 0xfb, 0xf5, 0xfa, 0xfb, 0xff, 0xfe, 0xfb, 0xff,
  0xfc, 0xfc, 0xfc, 0xfc, 0xfd, 0xfd, 0xfb, 0xf8, 0xf6, 0xe7, 0xcb, 0x6a, 0x29, 0x0d, 0x01, 0x01,
  0x00, 0x00, 0x08, 0x03, 0x02, 0x00, 0x00, 0x00, 0x00, 0x00, 0x00, 0x00, 0xc3, 0xfd, 0xfa, 0xfc,
  0x71, 0x00, 0x00, 0x00, 0x00, 0x00, 0x00, 0x00, 0x02, 0x0d, 0x50, 0x62, 0x6a, 0x18, 0x2e, 0x2a,
  0x04, 0x00, 0x02, 0x00, 0x96, 0xfc, 0xf8, 0xfd, 0xf8, 0xf9, 0xff, 0xf6, 0xf9, 0xff, 0xff, 0xff,
  0xfe, 0xcf, 0x36, 0x03, 0x00, 0x00, 0x00, 0x00, 0x00, 0x00, 0xbe, 0xff, 0xff, 0xff, 0xfb, 0xf8,
  0xf8, 0xfc, 0xff, 0xfc, 0xfe, 0xef, 0xd7, 0x0a, 0x00, 0x00, 0x00, 0x00, 0x00, 0x00, 0x59, 0xf7,
  0xff, 0xfa, 0x30, 0x0b, 0x00, 0x01, 0x21, 0xea, 0xff, 0xfb, 0xf3, 0x21, 0x00, 0x00, 0x00, 0x00,
  0x00, 0x00, 0x00, 0x00, 0x00, 0x00, 0xc3, 0xff, 0xfa, 0xff, 0xac, 0x03, 0x00, 0x00, 0x00, 0x00,
  0x00, 0x00, 0x00, 0x00, 0x00, 0x25, 0x0d, 0x05, 0x00, 0x00, 0x00, 0x00, 0x00, 0x01, 0x06, 0x1c,
  0x3b, 0x79, 0xf5, 0xf9, 0xfb, 0xfd, 0xfd, 0xfe, 0xfb, 0xfc, 0xfc, 0xfd, 0xff, 0xfc, 0xfd, 0xfe,
  0x00, 0x00, 0x00, 0x00, 0x00, 0x00, 0x00, 0x00, 0x00, 0x00, 0x00, 0x00, 0x00, 0x00, 0x00, 0x00,
  0x00, 0x00, 0x00, 0x00, 0x00, 0x04, 0x00, 0x01, 0x00, 0x02, 0x01, 0x05, 0x18, 0x1f, 0x91, 0xf3,
  0xf9, 0xf7, 0xf8, 0xfa, 0xf9, 0xff, 0xfc, 0xff, 0xfd, 0xff, 0xfc, 0xfd, 0xfc, 0xfd, 0xfc, 0xf6,
  0xf7, 0xe2, 0xb3, 0x5f, 0x24, 0x0b, 0x09, 0x08, 0x08, 0x04, 0x0a, 0x05, 0x02, 0x00, 0x00, 0x00,
  0x00, 0x00, 0x00, 0x00, 0xba, 0xfc, 0xf9, 0xfd, 0x69, 0x00, 0x00, 0x00, 0x00, 0x00, 0x00, 0x02,
  0x03, 0x1a, 0xba, 0xff, 0xff, 0xf8, 0xfb, 0xd1, 0x0c, 0x00, 0x07, 0x00, 0xa9, 0xfa, 0xf3, 0xfa,
  0xfa, 0xff, 0xf9, 0xff, 0xfd, 0xfc, 0xfa, 0xe4, 0x5a, 0x1b, 0x06, 0x00, 0x00, 0x02, 0x00, 0x00,
  0x04, 0x00, 0xc5, 0xfd, 0xfe, 0xf4, 0x90, 0x69, 0x95, 0x96, 0xaa, 0x98, 0xa9, 0xab, 0x63, 0x06,
  0x02, 0x00, 0x00, 0x00, 0x00, 0x00, 0xb0, 0xff, 0xfe, 0xed, 0x29, 0x00, 0x06, 0x16, 0x12, 0xb1,
  0xfe, 0xf6, 0xff, 0xad, 0x00, 0x00, 0x00, 0x00, 0x00, 0x00, 0x00, 0x00, 0x00, 0x00, 0xc4, 0xff,
  0xf8, 0xfe, 0xa8, 0x05, 0x00, 0x00, 0x00, 0x00, 0x00, 0x00, 0x00, 0x00, 0x00, 0x5b, 0x1d, 0x01,
  0x00, 0x00, 0x00, 0x00, 0x00, 0x04, 0x03, 0x14, 0x4f, 0x7e, 0xf3, 0xf5, 0xfd, 0xff, 0xfb, 0xfe,
  0xfd, 0xfd, 0xfb, 0xfd, 0xfd, 0xfe, 0xfb, 0xfd, 0x00, 0x04, 0x00, 0x00, 0x00, 0x00, 0x00, 0x00,
  0x00, 0x00, 0x00, 0x00, 0x00, 0x00, 0x00, 0x00, 0x00, 0x00, 0x00, 0x00, 0x00, 0x00, 0x00, 0x00,
  0x00, 0x06, 0x00, 0x02, 0x16, 0x14, 0x3a, 0xc6, 0xfc, 0xfa, 0xf6, 0xfe, 0xfb, 0xfe, 0xff, 0xfe,
  0xfe, 0xfc, 0xfb, 0xfe, 0xfc, 0xfc, 0xfb, 0xfc, 0xf9, 0xe9, 0xd3, 0x73, 0x3e, 0x13, 0x15, 0x1d,
  0x19, 0x27, 0x0f, 0x00, 0x00, 0x00, 0x00, 0x00, 0x00, 0x00, 0x00, 0x00, 0xbc, 0xfc, 0xfc, 0xf9,
  0x7e, 0x00, 0x00, 0x00, 0x00, 0x00, 0x02, 0x00, 0x02, 0x00, 0x29, 0xee, 0xfa, 0xfb, 0xfe, 0x91,
  0x00, 0x00, 0x02, 0x00, 0xab, 0xf9, 0xfd, 0xff, 0xea, 0xd0, 0xea, 0xf9, 0xf4, 0xfa, 0xf3, 0x59,
  0x00, 0x00, 0x00, 0x00, 0x00, 0x00, 0x00, 0x00, 0x02, 0x00, 0xb8, 0xff, 0xfb, 0xec, 0x1e, 0x00,
  0x01, 0x02, 0x00, 0x00, 0x04, 0x05, 0x05, 0x00, 0x00, 0x00, 0x00, 0x00, 0x00, 0x10, 0xe9, 0xfc,
  0xf2, 0xf3, 0xa6, 0x8b, 0x90, 0xec, 0xe9, 0xf4, 0xfd, 0xfe, 0xfb, 0xf5, 0x0a, 0x00, 0x00, 0x00,
  0x00, 0x00, 0x00, 0x00, 0x00, 0x00, 0xb4, 0xfa, 0xfb, 0xff, 0x9d, 0x00, 0x00, 0x00, 0x00, 0x00,
  0x00, 0x00, 0x00, 0x00, 0x00, 0x14, 0x05, 0x00, 0x00, 0x00, 0x00, 0x00, 0x00, 0x02, 0x04, 0x0f,
  0x6b, 0xa9, 0xf6, 0xfa, 0xfa, 0xfe, 0xfe, 0xfe, 0xfc, 0xfd, 0xfc, 0xfd, 0xfe, 0xfc, 0xff, 0xfe,
  0x61, 0x40, 0x12, 0x02, 0x00, 0x00, 0x00, 0x00, 0x00, 0x00, 0x00, 0x00, 0x00, 0x00, 0x00, 0x00,
  0x00, 0x00, 0x00, 0x00, 0x01, 0x02, 0x00, 0x01, 0x00, 0x02, 0x00, 0x0c, 0x17, 0x21, 0x27, 0x71,
  0xf3, 0xf8, 0xf7, 0xfa, 0xf7, 0xff, 0xfc, 0xff, 0xfe, 0xfd, 0xfe, 0xff, 0xfd, 0xfa, 0xf8, 0xf8,
  0xf9, 0xeb, 0xe2, 0x9b, 0x50, 0x1b, 0x0c, 0x0d, 0x08, 0x22, 0x2d, 0x12, 0x00, 0x00, 0x00, 0x00,
  0x00, 0x00, 0x03, 0x00, 0x9d, 0xfc, 0xfb, 0xfe, 0xbf, 0x00, 0x00, 0x02, 0x00, 0x00, 0x00, 0x00,
  0x03, 0x00, 0x08, 0xdd, 0xfe, 0xff, 0xff, 0x6b, 0x00, 0x01, 0x08, 0x00, 0xbd, 0xfd, 0xf5, 0xf9,
  0xa6, 0x10, 0x25, 0x8a, 0xef, 0xff, 0xfc, 0xe9, 0x45, 0x00, 0x00, 0x00, 0x00, 0x01, 0x00, 0x00,
  0x00, 0x00, 0xc0, 0xff, 0xfe, 0xeb, 0x0d, 0x00, 0x07, 0x00, 0x02, 0x00, 0x00, 0x00, 0x00, 0x00,
  0x00, 0x00, 0x00, 0x01, 0x00, 0x48, 0xfb, 0xff, 0xff, 0xf5, 0xfb, 0xff, 0xff, 0xf6, 0xff, 0xf6,
  0xf8, 0xfa, 0xff, 0xff, 0x58, 0x00, 0x00, 0x00, 0x00, 0x00, 0x00, 0x03, 0x00, 0x00, 0xa8, 0xff,
  0xf8, 0xff, 0x9e, 0x00, 0x00, 0x00, 0x00, 0x00, 0x00, 0x00, 0x00, 0x00, 0x00, 0x00, 0x00, 0x00,
  0x00, 0x00, 0x00, 0x03, 0x00, 0x03, 0x00, 0x0b, 0x7a, 0xad, 0xf3, 0xfc, 0xfb, 0xfe, 0xfd, 0xff,
  0xfe, 0xfc, 0xff, 0xfe, 0xfe, 0xff, 0xfc, 0xff, 0x10, 0x29, 0x3e, 0x44, 0x2d, 0x3a, 0x0d, 0x09,
  0x02, 0x00, 0x00, 0x00, 0x00, 0x00, 0x00, 0x00, 0x00, 0x00, 0x00, 0x00, 0x00, 0x04, 0x0c, 0x15,
  0x09, 0x06, 0x00, 0x10, 0x04, 0x10, 0x2e, 0x9a, 0xe4, 0xf5, 0xfb, 0xfb, 0xfa, 0xfc, 0xfe, 0xfc,
  0xfa, 0xfd, 0xfb, 0xfd, 0xfc, 0xfa, 0xfe, 0xfe, 0xf3, 0xf5, 0xca, 0x9b, 0x7c, 0x2a, 0x25, 0x20,
  0x21, 0x18, 0x7a, 0x0e, 0x05, 0x00, 0x00, 0x00, 0x00, 0x00, 0x00, 0x00, 0x32, 0xf1, 0xfb, 0xfe,
  0xff, 0x6b, 0x00, 0x02, 0x00, 0x00, 0x04, 0x00, 0x06, 0x00, 0x00, 0xc6, 0xfc, 0xf6, 0xfc, 0x6b,
  0x00, 0x00, 0x00, 0x07, 0xb5, 0xf6, 0xf7, 0xfb, 0x7a, 0x00, 0x00, 0x14, 0xf2, 0xf0, 0xfc, 0xf9,
  0xe9, 0x53, 0x00, 0x00, 0x07, 0x00, 0x02, 0x00, 0x00, 0x00, 0xc3, 0xff, 0xf8, 0xee, 0x15, 0x00,
  0x00, 0x00, 0x00, 0x00, 0x00, 0x00, 0x00, 0x00, 0x00, 0x00, 0x00, 0x03, 0x0e, 0xf2, 0xff, 0xff,
  0xff, 0xf5, 0xf6, 0xfb, 0xf6, 0xff, 0xff, 0xf5, 0xfc, 0xff, 0xfd, 0xfa, 0xa9, 0x06, 0x00, 0x00,
  0x00, 0x00, 0x00, 0x00, 0x00, 0x00, 0xa8, 0xfe, 0xf8, 0xff, 0x90, 0x09, 0x00, 0x00, 0x00, 0x00,
  0x00, 0x00, 0x00, 0x00, 0x00, 0x00, 0x00, 0x00, 0x00, 0x00, 0x00, 0x00, 0x00, 0x00, 0x04, 0x01,
  0x41, 0xdd, 0xf8, 0xf9, 0xfa, 0xfd, 0xff, 0xfb, 0xfc, 0xfb, 0xfc, 0xfd, 0xfc, 0xfd, 0xff, 0xfd,
  0x04, 0x0c, 0x0f, 0x03, 0x03, 0x80, 0x18, 0x02, 0x00, 0x00, 0x00, 0x00, 0x00, 0x00, 0x00, 0x00,
  0x00, 0x00, 0x00, 0x00, 0x08, 0x01, 0x01, 0x19, 0x19, 0x0f, 0x07, 0x06, 0x17, 0x19, 0x1a, 0x64,
  0xe7, 0xf7, 0xf7, 0xf5, 0xf7, 0xfe, 0xfd, 0xfd, 0xfa, 0xfc, 0xfc, 0xfb, 0xfd, 0xfe, 0xfa, 0xfc,
  0xfb, 0xf5, 0xba, 0x57, 0x2b, 0x4e, 0x30, 0x4c, 0x33, 0x42, 0x55, 0x15, 0x0e, 0x00, 0x00, 0x00,
  0x00, 0x00, 0x00, 0x00, 0x04, 0xd7, 0xfe, 0xfe, 0xff, 0xeb, 0x08, 0x00, 0x00, 0x05, 0x02, 0x04,
  0x01, 0x01, 0x00, 0xc5, 0xfd, 0xfc, 0xf5, 0x6c, 0x00, 0x03, 0x07, 0x02, 0xb9, 0xff, 0xf9, 0xff,
  0x97, 0x00, 0x00, 0x00, 0x68, 0xfa, 0xfa, 0xfa, 0xfe, 0xc9, 0x26, 0x00, 0x00, 0x00, 0x00, 0x00,
  0x00, 0x00, 0xce, 0xfe, 0xfb, 0xec, 0x0e, 0x00, 0x00, 0x00, 0x00, 0x00, 0x00, 0x00, 0x00, 0x00,
  0x00, 0x00, 0x00, 0x00, 0x2e, 0xfc, 0xfd, 0xff, 0xea, 0xb0, 0x84, 0xb4, 0x92, 0xcc, 0xaf, 0x4e,
  0xb8, 0xf8, 0xfd, 0xf9, 0xf2, 0x19, 0x00, 0x01, 0x00, 0x00, 0x00, 0x00, 0x02, 0x00, 0xa2, 0xff,
  0xfa, 0xff, 0x93, 0x02, 0x00, 0x00, 0x00, 0x00, 0x00, 0x00, 0x00, 0x00, 0x00, 0x00, 0x00, 0x00,
  0x00, 0x00, 0x00, 0x00, 0x00, 0x04, 0x00, 0x09, 0x3a, 0xca, 0xf2, 0xf9, 0xff, 0xfd, 0xfd, 0xfe,
  0xfd, 0xfd, 0xfc, 0xf9, 0xfc, 0xff, 0xfc, 0xff, 0x00, 0x00, 0x00, 0x00, 0x00, 0x07, 0x00, 0x00,
  0x00, 0x00, 0x00, 0x00, 0x00, 0x00, 0x00, 0x00, 0x00, 0x00, 0x00, 0x01, 0x02, 0x00, 0x07, 0x09,
  0x09, 0x0b, 0x06, 0x0c, 0x24, 0x2b, 0x26, 0x4a, 0xdf, 0xf7, 0xfc, 0xf7, 0xf7, 0xfc, 0xfc, 0xfc,
  0xfc, 0xfa, 0xfb, 0xfc, 0xfa, 0xfc, 0xff, 0xfe, 0xfe, 0xfe, 0xb3, 0x6d, 0x2f, 0x40, 0x90, 0xb8,
  0x53, 0x3c, 0x37, 0x18, 0x11, 0x00, 0x00, 0x00, 0x00, 0x00, 0x00, 0x00, 0x00, 0xa1, 0xfe, 0xfc,
  0xfe, 0xfc, 0xb8, 0x04, 0x00, 0x00, 0x00, 0x01, 0x05, 0x02, 0x00, 0xb4, 0xf9, 0xf5, 0xfd, 0x58,
  0x00, 0x04, 0x03, 0x03, 0xbf, 0xf8, 0xf4, 0xfc, 0x8f, 0x00, 0x02, 0x00, 0x03, 0xcb, 0xf6, 0xf6,
  0xf9, 0xf8, 0x81, 0x03, 0x00, 0x00, 0x00, 0x00, 0x01, 0x00, 0xca, 0xff, 0xfa, 0xec, 0x0d, 0x00,
  0x00, 0x00, 0x00, 0x00, 0x00, 0x00, 0x00, 0x00, 0x00, 0x00, 0x00, 0x00, 0x85, 0xf9, 0xfd, 0xf7,
  0x34, 0x00, 0x00, 0x07, 0x15, 0x05, 0x02, 0x00, 0x16, 0xe4, 0xff, 0xfc, 0xf8, 0x7e, 0x00, 0x00,
  0x00, 0x00, 0x00, 0x00, 0x00, 0x00, 0x9b, 0xff, 0xf8, 0xff, 0x8b, 0x02, 0x03, 0x00, 0x00, 0x00,
  0x00, 0x00, 0x00, 0x00, 0x00, 0x00, 0x00, 0x00, 0x00, 0x00, 0x00, 0x00, 0x00, 0x03, 0x04, 0x0f,
  0x2e, 0xbe, 0xfd, 0xf7, 0xfb, 0xfe, 0xfd, 0xfb, 0xfc, 0xfd, 0xfc, 0xfd, 0xfb, 0xff, 0xfe, 0xfd,
  0x00, 0x00, 0x00, 0x00, 0x00, 0x00, 0x00, 0x00, 0x00, 0x00, 0x00, 0x00, 0x00, 0x00, 0x00, 0x00,
  0x00, 0x00, 0x00, 0x00, 0x00, 0x01, 0x07, 0x03, 0x02, 0x00, 0x00, 0x0d, 0x30, 0x2d, 0x31, 0x5a,
  0xd6, 0xf8, 0xf5, 0xf2, 0xfb, 0xfd, 0xfd, 0xfd, 0xfc, 0xfc, 0xfa, 0xfd, 0xfa, 0xf8, 0xff, 0xff,
  0xfb, 0xec, 0xd9, 0x61, 0x2f, 0x46, 0x81, 0xbe, 0x62, 0x1a, 0x17, 0x28, 0x11, 0x00, 0x00, 0x01,
  0x00, 0x00, 0x00, 0x00, 0x00, 0x20, 0xe3, 0xfe, 0xf7, 0xff, 0xf8, 0xb6, 0x06, 0x02, 0x00, 0x00,
  0x00, 0x00, 0x0c, 0xd3, 0xfd, 0xfc, 0xfb, 0x5d, 0x00, 0x06, 0x00, 0x02, 0xc5, 0xfa, 0xf6, 0xff,
  0x7e, 0x00, 0x00, 0x00, 0x00, 0x26, 0xf8, 0xfa, 0xf7, 0xf3, 0xf5, 0x5e, 0x00, 0x00, 0x00, 0x00,
  0x01, 0x00, 0xba, 0xfe, 0xfa, 0xe9, 0x12, 0x00, 0x00, 0x07, 0x05, 0x0d, 0x15, 0x07, 0x29, 0x22,
  0x00, 0x00, 0x00, 0x14, 0xec, 0xfe, 0xff, 0xe3, 0x08, 0x00, 0x02, 0x04, 0x00, 0x00, 0x00, 0x00,
  0x00, 0xac, 0xfd, 0xf8, 0xfd, 0xbf, 0x06, 0x00, 0x00, 0x00, 0x00, 0x02, 0x00, 0x00, 0x97, 0xff,
  0xf9, 0xfb, 0x97, 0x02, 0x02, 0x00, 0x00, 0x00, 0x00, 0x00, 0x00, 0x00, 0x00, 0x00, 0x00, 0x00,
  0x00, 0x00, 0x00, 0x04, 0x03, 0x00, 0x01, 0x12, 0x34, 0xc7, 0xf8, 0xfa, 0xfd, 0xfc, 0xfc, 0xfb,
  0xfb, 0xfc, 0xfa, 0xfc, 0xfc, 0xfc, 0xfe, 0xfc, 0x00, 0x00, 0x00, 0x00, 0x00, 0x00, 0x00, 0x00,
  0x00, 0x00, 0x00, 0x00, 0x00, 0x00, 0x00, 0x00, 0x00, 0x00, 0x00, 0x00, 0x00, 0x00, 0x00, 0x03,
  0x01, 0x02, 0x0a, 0x43, 0x7d, 0x36, 0x37, 0x58, 0xca, 0xf6, 0xfc, 0xf0, 0xf6, 0xfc, 0xfa, 0xfd,
  0xfc, 0xfc, 0xfa, 0xfb, 0xfb, 0xfc, 0xfd, 0xff, 0xfe, 0xf6, 0xe6, 0x4d, 0x20, 0x96, 0xc6, 0xc0,
  0x4a, 0x21, 0x24, 0x0d, 0x0d, 0x07, 0x00, 0x00, 0x00, 0x00, 0x00, 0x00, 0x00, 0x00, 0x28, 0xf1,
  0xff, 0xfb, 0xfb, 0xfb, 0xe4, 0xd1, 0x5d, 0x1a, 0x22, 0x51, 0xb6, 0xfe, 0xff, 0xf6, 0xf2, 0x4d,
  0x00, 0x05, 0x00, 0x00, 0xc7, 0xfb, 0xf5, 0xfa, 0x86, 0x00, 0x00, 0x00, 0x00, 0x00, 0x8b, 0xf7,
  0xf4, 0xfb, 0xfd, 0xd5, 0x06, 0x00, 0x00, 0x00, 0x02, 0x00, 0xc7, 0xfa, 0xf4, 0xf9, 0xb6, 0x9e,
  0xa1, 0xa9, 0xb3, 0xaf, 0xd1, 0xb7, 0xd9, 0xe5, 0x10, 0x00, 0x00, 0x60, 0xfa, 0xff, 0xfc, 0x68,
  0x00, 0x00, 0x00, 0x00, 0x00, 0x01, 0x02, 0x00, 0x00, 0x6d, 0xf9, 0xf8, 0xf9, 0xe3, 0x10, 0x00,
  0x00, 0x00, 0x00, 0x01, 0x00, 0x08, 0xb1, 0xff, 0xfa, 0xfa, 0xa2, 0x02, 0x00, 0x00, 0x00, 0x00,
  0x00, 0x00, 0x00, 0x00, 0x00, 0x00, 0x00, 0x00, 0x00, 0x00, 0x00, 0x08, 0x04, 0x08, 0x05, 0x40,
  0x5e, 0xba, 0xfa, 0xf5, 0xf9, 0xfc, 0xfb, 0xfc, 0xfc, 0xff, 0xfa, 0xf9, 0xfa, 0xfd, 0xfb, 0xfa,
  0x00, 0x00, 0x00, 0x00, 0x00, 0x00, 0x00, 0x00, 0x00, 0x00, 0x00, 0x00, 0x00, 0x00, 0x00, 0x00,
  0x00, 0x00, 0x00, 0x00, 0x02, 0x00, 0x00, 0x00, 0x05, 0x09, 0x0a, 0x32, 0xab, 0x42, 0x73, 0xaf,
  0xec, 0xf5, 0xf5, 0xfa, 0xff, 0xfe, 0xfc, 0xfc, 0xfd, 0xfe, 0xfa, 0xfb, 0xfc, 0xfc, 0xfb, 0xf9,
  0xfc, 0xf7, 0xf2, 0xbc, 0x74, 0xe3, 0xe1, 0xe2, 0xae, 0x94, 0x7f, 0x41, 0x22, 0x17, 0x02, 0x00,
  0x00, 0x00, 0x00, 0x00, 0x00, 0x01, 0x00, 0x39, 0xe4, 0xff, 0xf9, 0xff, 0xff, 0xfd, 0xfd, 0xf5,
  0xed, 0xfc, 0xfe, 0xfc, 0xfe, 0xfa, 0xeb, 0x39, 0x00, 0x05, 0x03, 0x00, 0xd0, 0xfe, 0xfa, 0xf8,
  0x94, 0x00, 0x00, 0x00, 0x00, 0x06, 0x12, 0xdc, 0xf7, 0xfb, 0xf2, 0xfa, 0x99, 0x0c, 0x00, 0x00,
  0x03, 0x02, 0xd9, 0xfa, 0xf9, 0xfe, 0xfb, 0xf7, 0xfd, 0xff, 0xfc, 0xfa, 0xfe, 0xfa, 0xff, 0xf5,
  0x39, 0x00, 0x0b, 0xbe, 0xfc, 0xfd, 0xfa, 0x1c, 0x00, 0x00, 0x00, 0x00, 0x01, 0x00, 0x00, 0x00,
  0x00, 0x18, 0xf4, 0xfc, 0xfd, 0xf7, 0x45, 0x00, 0x01, 0x00, 0x00, 0x00, 0x00, 0x10, 0xca, 0xff,
  0xf7, 0xfb, 0xa7, 0x01, 0x00, 0x00, 0x00, 0x00, 0x00, 0x00, 0x00, 0x00, 0x00, 0x00, 0x00, 0x00,
  0x01, 0x00, 0x00, 0x00, 0x05, 0x0e, 0x10, 0x74, 0xb7, 0xd8, 0xf6, 0xfa, 0xfb, 0xfe, 0xfe, 0xfc,
  0xfc, 0xfd, 0xfa, 0xfb, 0xfd, 0xfe, 0xfb, 0xfe, 0x00, 0x00, 0x00, 0x00, 0x00, 0x00, 0x00, 0x00,
  0x00, 0x00, 0x00, 0x00, 0x00, 0x00, 0x00, 0x00, 0x00, 0x00, 0x00, 0x00, 0x00, 0x03, 0x05, 0x09,
  0x07, 0x0d, 0x07, 0x12, 0xa1, 0x3f, 0x63, 0xc5, 0xf1, 0xf9, 0xfa, 0xfe, 0xfd, 0xfc, 0xfc, 0xfd,
  0xfd, 0xfb, 0xfc, 0xfe, 0xfc, 0xfb, 0xfe, 0xff, 0xfd, 0xf8, 0xf8, 0xdb, 0xd9, 0xd0, 0xe4, 0xce,
  0x73, 0x61, 0x7f, 0x57, 0x4c, 0x0f, 0x00, 0x00, 0x00, 0x00, 0x00, 0x00, 0x00, 0x02, 0x05, 0x00,
  0x02, 0x6f, 0xe8, 0xff, 0xff, 0xfc, 0xff, 0xfe, 0xff, 0xff, 0xfe, 0xfd, 0xf6, 0xdd, 0x99, 0x17,
  0x09, 0x01, 0x03, 0x00, 0xd6, 0xf4, 0xf3, 0xf6, 0xa4, 0x00, 0x00, 0x00, 0x00, 0x01, 0x05, 0x28,
  0xe8, 0xf7, 0xf8, 0xff, 0xfd, 0x2a, 0x00, 0x01, 0x00, 0x05, 0xd1, 0xfd, 0xfa, 0xfe, 0xf8, 0xfc,
  0xff, 0xf9, 0xff, 0xf7, 0xfe, 0xf9, 0xf7, 0xed, 0x39, 0x00, 0x48, 0xdb, 0xff, 0xff, 0xd3, 0x0d,
  0x00, 0x00, 0x00, 0x00, 0x00, 0x00, 0x00, 0x00, 0x00, 0x00, 0xef, 0xfb, 0xfe, 0xf4, 0x55, 0x00,
  0x00, 0x00, 0x00, 0x00, 0x00, 0x2a, 0xd8, 0xfc, 0xfc, 0xff, 0x9f, 0x0b, 0x00, 0x00, 0x00, 0x00,
  0x00, 0x00, 0x00, 0x00, 0x00, 0x00, 0x00, 0x00, 0x00, 0x00, 0x00, 0x00, 0x02, 0x04, 0x07, 0x41,
  0xb3, 0xda, 0xf9, 0xfe, 0xf9, 0xfc, 0xfd, 0xfc, 0xfc, 0xfb, 0xfe, 0xfd, 0xfc, 0xfd, 0xfe, 0xff,
  0x00, 0x00, 0x00, 0x00, 0x00, 0x00, 0x00, 0x00, 0x00, 0x00, 0x00, 0x00, 0x00, 0x00, 0x00, 0x00,
  0x00, 0x00, 0x00, 0x01, 0x00, 0x04, 0x07, 0x02, 0x0e, 0x29, 0x12, 0x1b, 0x84, 0x45, 0xae, 0xe6,
  0xfd, 0xfe, 0xfd, 0xfe, 0xfc, 0xfd, 0xfc, 0xfd, 0xfc, 0xfe, 0xfc, 0xfc, 0xf9, 0xfb, 0xfa, 0xfd,
  0xfc, 0xf6, 0xf9, 0xe3, 0xc2, 0xbe, 0xd4, 0x60, 0x16, 0x05, 0x0e, 0x05, 0x00, 0x05, 0x00, 0x00,
  0x00, 0x00, 0x00, 0x00, 0x00, 0x02, 0x01, 0x03, 0x04, 0x00, 0x05, 0x22, 0x40, 0xea, 0xed, 0xee,
  0xe9, 0xdf, 0xc8, 0x8c, 0x47, 0x05, 0x0e, 0x11, 0x00, 0x00, 0x06, 0x01, 0xa2, 0xc1, 0xcb, 0xb6,
  0x47, 0x00, 0x00, 0x00, 0x00, 0x01, 0x05, 0x0c, 0x42, 0xb6, 0xe5, 0xe7, 0xb5, 0x2e, 0x00, 0x00,
  0x00, 0x06, 0x8e, 0xce, 0xc7, 0xec, 0xd2, 0xcb, 0xc7, 0xcc, 0xc0, 0xbd, 0xc5, 0xce, 0xbb, 0xa2,
  0x15, 0x00, 0x4e, 0xe6, 0xef, 0xd0, 0x4d, 0x00, 0x00, 0x00, 0x00, 0x00, 0x00, 0x00, 0x00, 0x00,
  0x00, 0x00, 0x55, 0xa7, 0xb7, 0xd5, 0x3d, 0x00, 0x02, 0x00, 0x00, 0x00, 0x00, 0x09, 0x79, 0xd9,
  0xdc, 0xda, 0x74, 0x0c, 0x00, 0x00, 0x00, 0x00, 0x00, 0x00, 0x00, 0x00, 0x00, 0x00, 0x00, 0x00,
  0x00, 0x00, 0x00, 0x00, 0x06, 0x09, 0x03, 0x33, 0x8c, 0xdb, 0xf5, 0xf8, 0xf8, 0xfd, 0xfc, 0xfd,
  0xfd, 0xfd, 0xfc, 0xfb, 0xfc, 0xfc, 0xfd, 0xfe, 0x00, 0x00, 0x00, 0x00, 0x00, 0x00, 0x00, 0x00,
  0x00, 0x00, 0x00, 0x00, 0x00, 0x00, 0x00, 0x00, 0x00, 0x00, 0x00, 0x00, 0x02, 0x12, 0x07, 0x1b,
  0x39, 0x7b, 0x6f, 0x6e, 0xc6, 0xca, 0xf9, 0xfd, 0xfd, 0xfc, 0xf7, 0xfa, 0xf9, 0xfe, 0xfc, 0xfd,
  0xfb, 0xfe, 0xfc, 0xfb, 0xfc, 0xfc, 0xfc, 0xfd, 0xfb, 0xfb, 0xf9, 0xfa, 0xf4, 0xdc, 0xe2, 0xf0,
  0xa2, 0x23, 0x1a, 0x03, 0x03, 0x00, 0x00, 0x00, 0x00, 0x00, 0x00, 0x00, 0x00, 0x00, 0x00, 0x00,
  0x00, 0x00, 0x00, 0x00, 0x00, 0x04, 0x05, 0x06, 0x01, 0x01, 0x02, 0x05, 0x02, 0x00, 0x00, 0x00,
  0x00, 0x00, 0x00, 0x00, 0x01, 0x04, 0x02, 0x05, 0x01, 0x00, 0x00, 0x00, 0x00, 0x00, 0x00, 0x00,
  0x00, 0x00, 0x01, 0x0a, 0x12, 0x04, 0x00, 0x00, 0x00, 0x00, 0x00, 0x19, 0x15, 0x08, 0x07, 0x07,
  0x08, 0x0a, 0x09, 0x0a, 0x0c, 0x02, 0x00, 0x00, 0x00, 0x00, 0x00, 0x12, 0x0b, 0x1a, 0x01, 0x00,
  0x00, 0x00, 0x00, 0x00, 0x00, 0x00, 0x00, 0x00, 0x00, 0x00, 0x02, 0x0b, 0x1a, 0x2c, 0x07, 0x00,
  0x00, 0x00, 0x00, 0x00, 0x00, 0x00, 0x02, 0x0b, 0x0a, 0x11, 0x07, 0x02, 0x01, 0x01, 0x00, 0x00,
  0x00, 0x00, 0x00, 0x00, 0x00, 0x00, 0x00, 0x00, 0x00, 0x00, 0x00, 0x00, 0x01, 0x15, 0x36, 0x51,
  0xb2, 0xfa, 0xf6, 0xfc, 0xfd, 0xfd, 0xfd, 0xfd, 0xfc, 0xfd, 0xfc, 0xfc, 0xfd, 0xff, 0xfd, 0xfb,
  0x00, 0x00, 0x00, 0x00, 0x00, 0x00, 0x00, 0x00, 0x00, 0x00, 0x00, 0x00, 0x00, 0x00, 0x00, 0x00,
  0x00, 0x00, 0x00, 0x00, 0x0a, 0x22, 0x39, 0x6d, 0xbf, 0xcf, 0xdb, 0xc2, 0xe5, 0xe8, 0xfd, 0xfa,
  0xfb, 0xfa, 0xfa, 0xf8, 0xfa, 0xfe, 0xfc, 0xfe, 0xfc, 0xfd, 0xfc, 0xfa, 0xfc, 0xfe, 0xfa, 0xfc,
  0xfb, 0xf9, 0xfb, 0xf5, 0xda, 0xe9, 0xe5, 0xe6, 0x67, 0x3d, 0x36, 0x09, 0x0f, 0x00, 0x00, 0x00,
  0x00, 0x00, 0x00, 0x00, 0x00, 0x00, 0x00, 0x00, 0x00, 0x00, 0x00, 0x00, 0x01, 0x00, 0x00, 0x02,
  0x01, 0x00, 0x00, 0x00, 0x02, 0x00, 0x00, 0x00, 0x00, 0x00, 0x00, 0x00, 0x03, 0x00, 0x00, 0x01,
  0x01, 0x00, 0x00, 0x00, 0x00, 0x00, 0x00, 0x00, 0x00, 0x00, 0x00, 0x00, 0x01, 0x00, 0x00, 0x00,
  0x00, 0x00, 0x00, 0x00, 0x00, 0x00, 0x00, 0x00, 0x00, 0x00, 0x00, 0x00, 0x00, 0x01, 0x00, 0x00,
  0x00, 0x00, 0x00, 0x00, 0x00, 0x02, 0x00, 0x01, 0x00, 0x00, 0x00, 0x00, 0x00, 0x00, 0x00, 0x00,
  0x00, 0x00, 0x00, 0x00, 0x01, 0x02, 0x02, 0x01, 0x00, 0x00, 0x00, 0x00, 0x00, 0x01, 0x00, 0x00,
  0x01, 0x01, 0x00, 0x00, 0x02, 0x00, 0x00, 0x00, 0x00, 0x00, 0x00, 0x00, 0x01, 0x00, 0x00, 0x00,
  0x00, 0x00, 0x01, 0x00, 0x04, 0x0d, 0x5c, 0x84, 0xeb, 0xf9, 0xfb, 0xfa, 0xfa, 0xfe, 0xfd, 0xfe,
  0xfb, 0xfc, 0xfb, 0xfa, 0xfc, 0xfe, 0xfd, 0xfe, 0x00, 0x00, 0x00, 0x00, 0x00, 0x00, 0x00, 0x00,
  0x00, 0x00, 0x00, 0x00, 0x00, 0x00, 0x00, 0x00, 0x00, 0x00, 0x00, 0x06, 0x0f, 0x63, 0x8d, 0x98,
  0xce, 0xdb, 0xf1, 0xf3, 0xf3, 0xf7, 0xfb, 0xf7, 0xf4, 0xf7, 0xf9, 0xfc, 0xf7, 0xfb, 0xfd, 0xfd,
  0xfa, 0xf9, 0xfc, 0xfc, 0xfa, 0xfb, 0xfd, 0xfb, 0xfa, 0xfa, 0xfa, 0xfc, 0xf2, 0xe2, 0xef, 0xf5,
  0x73, 0x29, 0x0b, 0x13, 0x11, 0x00, 0x00, 0x00, 0x00, 0x00, 0x00, 0x00, 0x00, 0x00, 0x00, 0x00,
  0x00, 0x00, 0x00, 0x00, 0x00, 0x00, 0x00, 0x00, 0x00, 0x00, 0x00, 0x00, 0x00, 0x00, 0x00, 0x00,
  0x00, 0x00, 0x00, 0x00, 0x00, 0x00, 0x00, 0x00, 0x00, 0x00, 0x00, 0x00, 0x00, 0x00, 0x00, 0x00,
  0x00, 0x00, 0x00, 0x00, 0x00, 0x00, 0x00, 0x00, 0x00, 0x00, 0x00, 0x00, 0x00, 0x00, 0x00, 0x00,
  0x00, 0x00, 0x00, 0x00, 0x00, 0x00, 0x00, 0x00, 0x00, 0x00, 0x00, 0x00, 0x00, 0x00, 0x00, 0x00,
  0x00, 0x00, 0x00, 0x00, 0x00, 0x00, 0x00, 0x00, 0x00, 0x00, 0x00, 0x00, 0x00, 0x00, 0x00, 0x00,
  0x00, 0x00, 0x00, 0x00, 0x00, 0x00, 0x01, 0x00, 0x00, 0x00, 0x00, 0x00, 0x00, 0x00, 0x00, 0x00,
  0x00, 0x00, 0x00, 0x00, 0x00, 0x00, 0x00, 0x00, 0x00, 0x00, 0x00, 0x00, 0x03, 0x1f, 0x7b, 0xac,
  0xf1, 0xf9, 0xfc, 0xfc, 0xfc, 0xfc, 0xfd, 0xfd, 0xfa, 0xfa, 0xfc, 0xfc, 0xfa, 0xfc, 0xfd, 0xfa,
  0x00, 0x00, 0x00, 0x00, 0x00, 0x00, 0x00, 0x00, 0x00, 0x00, 0x00, 0x00, 0x00, 0x00, 0x00, 0x00,
  0x00, 0x00, 0x00, 0x04, 0x0b, 0x7a, 0x63, 0x6f, 0xe5, 0xec, 0xf1, 0xef, 0xff, 0xf6, 0xfd, 0xf9,
  0xfb, 0xfb, 0xf9, 0xf9, 0xff, 0xfc, 0xfd, 0xfe, 0xfa, 0xfc, 0xfc, 0xfd, 0xfa, 0xfd, 0xfe, 0xfe,
  0xfa, 0xfc, 0xf6, 0xfa, 0xfb, 0xd3, 0xeb, 0xeb, 0x6c, 0x23, 0x10, 0x09, 0x09, 0x00, 0x00, 0x00,
  0x00, 0x00, 0x00, 0x00, 0x00, 0x00, 0x00, 0x00, 0x00, 0x00, 0x00, 0x00, 0x00, 0x00, 0x00, 0x00,
  0x00, 0x00, 0x00, 0x00, 0x01, 0x00, 0x00, 0x00, 0x00, 0x00, 0x00, 0x00, 0x00, 0x00, 0x00, 0x00,
  0x00, 0x00, 0x00, 0x00, 0x00, 0x00, 0x00, 0x00, 0x00, 0x00, 0x00, 0x00, 0x00, 0x00, 0x00, 0x00,
  0x00, 0x00, 0x00, 0x00, 0x00, 0x00, 0x00, 0x00, 0x00, 0x00, 0x00, 0x00, 0x00, 0x00, 0x00, 0x00,
  0x00, 0x00, 0x00, 0x00, 0x00, 0x00, 0x00, 0x00, 0x00, 0x00, 0x00, 0x00, 0x00, 0x00, 0x00, 0x00,
  0x00, 0x00, 0x00, 0x00, 0x00, 0x00, 0x00, 0x01, 0x00, 0x00, 0x00, 0x00, 0x00, 0x00, 0x00, 0x03,
  0x00, 0x01, 0x00, 0x00, 0x00, 0x00, 0x00, 0x00, 0x00, 0x00, 0x00, 0x00, 0x00, 0x00, 0x00, 0x00,
  0x00, 0x00, 0x00, 0x00, 0x04, 0x1c, 0x79, 0xdc, 0xf5, 0xf6, 0xf9, 0xfc, 0xfd, 0xfd, 0xfd, 0xfe,
  0xfb, 0xfc, 0xfc, 0xfd, 0xfc, 0xfe, 0xfd, 0xfc, 0x00, 0x00, 0x00, 0x00, 0x00, 0x00, 0x00, 0x00,
  0x00, 0x00, 0x00, 0x00, 0x00, 0x00, 0x00, 0x00, 0x00, 0x00, 0x02, 0x09, 0x10, 0x21, 0x34, 0x4e,
  0x52, 0x64, 0xab, 0xd0, 0xd6, 0xf4, 0xfb, 0xfd, 0xfc, 0xfa, 0xfc, 0xfb, 0xfd, 0xfb, 0xf9, 0xfd,
  0xfd, 0xfd, 0xfc, 0xfc, 0xfc, 0xfc, 0xfb, 0xfc, 0xfc, 0xfd, 0xfa, 0xf7, 0xf6, 0xe3, 0xe6, 0xde,
  0x5f, 0x21, 0x0d, 0x07, 0x05, 0x00, 0x00, 0x00, 0x00, 0x00, 0x00, 0x00, 0x00, 0x00, 0x00, 0x00,
  0x00, 0x00, 0x00, 0x00, 0x00, 0x00, 0x00, 0x00, 0x00, 0x00, 0x00, 0x00, 0x00, 0x00, 0x00, 0x00,
  0x00, 0x00, 0x00, 0x00, 0x00, 0x00, 0x00, 0x00, 0x00, 0x00, 0x00, 0x00, 0x00, 0x00, 0x00, 0x00,
  0x00, 0x00, 0x00, 0x00, 0x00, 0x00, 0x00, 0x00, 0x00, 0x00, 0x00, 0x00, 0x00, 0x00, 0x00, 0x00,
  0x00, 0x00, 0x00, 0x00, 0x00, 0x00, 0x00, 0x00, 0x00, 0x00, 0x00, 0x00, 0x00, 0x00, 0x00, 0x00,
  0x00, 0x00, 0x00, 0x00, 0x00, 0x00, 0x00, 0x00, 0x00, 0x00, 0x00, 0x00, 0x00, 0x00, 0x00, 0x00,
  0x00, 0x00, 0x00, 0x00, 0x00, 0x00, 0x00, 0x00, 0x00, 0x00, 0x00, 0x00, 0x00, 0x00, 0x00, 0x00,
  0x00, 0x00, 0x00, 0x00, 0x00, 0x00, 0x00, 0x00, 0x00, 0x00, 0x00, 0x00, 0x05, 0x3f, 0xad, 0xef,
  0xf4, 0xfc, 0xfd, 0xfa, 0xfa, 0xfd, 0xfb, 0xfc, 0xfc, 0xfc, 0xfd, 0xfc, 0xfd, 0xfd, 0xfd, 0xff,
  0x00, 0x00, 0x00, 0x00, 0x00, 0x00, 0x00, 0x00, 0x00, 0x00, 0x00, 0x00, 0x00, 0x00, 0x00, 0x00,
  0x00, 0x00, 0x00, 0x00, 0x00, 0x14, 0x16, 0x2b, 0x2b, 0x20, 0x22, 0x33, 0x51, 0x97, 0xd2, 0xf2,
  0xf9, 0xf9, 0xfc, 0xfe, 0xfe, 0xfd, 0xfc, 0xfc, 0xfc, 0xfe, 0xfb, 0xfb, 0xfa, 0xfc, 0xfa, 0xfb,
  0xf9, 0xfc, 0xf9, 0xf8, 0xfa, 0xec, 0xe4, 0xf1, 0xbe, 0x1c, 0x03, 0x01, 0x00, 0x00, 0x00, 0x00,
  0x00, 0x00, 0x00, 0x00, 0x00, 0x00, 0x00, 0x00, 0x00, 0x00, 0x00, 0x00, 0x00, 0x00, 0x00, 0x00,
  0x00, 0x00, 0x00, 0x00, 0x00, 0x00, 0x00, 0x00, 0x00, 0x00, 0x00, 0x00, 0x00, 0x00, 0x00, 0x00,
  0x00, 0x00, 0x00, 0x00, 0x00, 0x00, 0x00, 0x00, 0x00, 0x00, 0x00, 0x00, 0x00, 0x00, 0x00, 0x00,
  0x00, 0x00, 0x00, 0x00, 0x00, 0x00, 0x00, 0x00, 0x00, 0x00, 0x00, 0x00, 0x00, 0x00, 0x00, 0x00,
  0x01, 0x00, 0x00, 0x00, 0x00, 0x00, 0x00, 0x00, 0x00, 0x00, 0x00, 0x00, 0x00, 0x00, 0x00, 0x00,
  0x00, 0x00, 0x00, 0x00, 0x00, 0x00, 0x00, 0x00, 0x00, 0x00, 0x00, 0x00, 0x00, 0x00, 0x00, 0x00,
  0x00, 0x00, 0x00, 0x00, 0x00, 0x00, 0x00, 0x00, 0x00, 0x00, 0x00, 0x00, 0x00, 0x00, 0x00, 0x00,
  0x00, 0x00, 0x00, 0x00, 0x07, 0x94, 0xd9, 0xf3, 0xf6, 0xff, 0xfa, 0xfb, 0xf7, 0xfc, 0xfd, 0xfd,
  0xfc, 0xfe, 0xfc, 0xfc, 0xfb, 0xfc, 0xfd, 0xfc, 0x00, 0x00, 0x00, 0x00, 0x00, 0x00, 0x00, 0x00,
  0x00, 0x00, 0x00, 0x00, 0x00, 0x00, 0x00, 0x00, 0x00, 0x00, 0x00, 0x00, 0x00, 0x01, 0x02, 0x09,
  0x07, 0x0d, 0x12, 0x28, 0x44, 0x9d, 0x68, 0xa0, 0xe6, 0xfa, 0xfb, 0xf5, 0xf9, 0xfc, 0xfd, 0xfb,
  0xfe, 0xfd, 0xfb, 0xfd, 0xfc, 0xfb, 0xfa, 0xfb, 0xfb, 0xfb, 0xf9, 0xf8, 0xfd, 0xf9, 0xfa, 0xf0,
  0xe0, 0x29, 0x01, 0x00, 0x09, 0x00, 0x00, 0x00, 0x00, 0x00, 0x00, 0x00, 0x00, 0x00, 0x00, 0x00,
  0x00, 0x00, 0x00, 0x00, 0x00, 0x00, 0x00, 0x00, 0x00, 0x00, 0x00, 0x00, 0x00, 0x00, 0x00, 0x00,
  0x00, 0x00, 0x00, 0x00, 0x00, 0x00, 0x00, 0x00, 0x00, 0x00, 0x00, 0x00, 0x00, 0x00, 0x00, 0x00,
  0x00, 0x00, 0x00, 0x00, 0x00, 0x00, 0x00, 0x00, 0x00, 0x00, 0x00, 0x00, 0x00, 0x00, 0x00, 0x00,
  0x00, 0x00, 0x00, 0x00, 0x00, 0x00, 0x00, 0x00, 0x00, 0x00, 0x00, 0x00, 0x00, 0x00, 0x00, 0x00,
  0x00, 0x00, 0x00, 0x00, 0x00, 0x00, 0x00, 0x00, 0x00, 0x00, 0x00, 0x00, 0x00, 0x00, 0x00, 0x00,
  0x00, 0x00, 0x00, 0x00, 0x00, 0x00, 0x00, 0x00, 0x00, 0x00, 0x00, 0x00, 0x00, 0x00, 0x00, 0x00,
  0x00, 0x00, 0x00, 0x00, 0x00, 0x00, 0x00, 0x00, 0x00, 0x00, 0x00, 0x00, 0x0a, 0xaa, 0xf1, 0xf8,
  0xf9, 0xfa, 0xfc, 0xfe, 0xfa, 0xfc, 0xfd, 0xfb, 0xfd, 0xfc, 0xfc, 0xfc, 0xfb, 0xfe, 0xfe, 0xfd,
  0x00, 0x00, 0x00, 0x00, 0x00, 0x00, 0x00, 0x00, 0x00, 0x00, 0x00, 0x00, 0x00, 0x00, 0x00, 0x00,
  0x00, 0x00, 0x00, 0x02, 0x00, 0x01, 0x09, 0x02, 0x01, 0x06, 0x10, 0x2e, 0x3a, 0x3c, 0x3b, 0x44,
  0xbc, 0xf7, 0xfb, 0xf9, 0xfa, 0xfc, 0xfd, 0xfe, 0xfc, 0xfc, 0xfd, 0xfb, 0xfb, 0xfd, 0xfc, 0xfd,
  0xfc, 0xfb, 0xfc, 0xfd, 0xfa, 0xfc, 0xf7, 0xf5, 0xc8, 0x47, 0x0e, 0x0a, 0x08, 0x00, 0x00, 0x00,
  0x00, 0x00, 0x00, 0x00, 0x00, 0x00, 0x00, 0x00, 0x00, 0x00, 0x00, 0x00, 0x00, 0x00, 0x00, 0x00,
  0x00, 0x00, 0x00, 0x00, 0x00, 0x00, 0x00, 0x00, 0x00, 0x00, 0x00, 0x00, 0x00, 0x00, 0x00, 0x00,
  0x00, 0x00, 0x00, 0x00, 0x00, 0x00, 0x00, 0x00, 0x00, 0x00, 0x00, 0x00, 0x00, 0x00, 0x00, 0x00,
  0x00, 0x00, 0x00, 0x00, 0x00, 0x00, 0x00, 0x00, 0x00, 0x00, 0x00, 0x00, 0x00, 0x00, 0x00, 0x00,
  0x00, 0x00, 0x00, 0x00, 0x00, 0x00, 0x00, 0x00, 0x00, 0x00, 0x00, 0x00, 0x00, 0x00, 0x00, 0x00,
  0x00, 0x00, 0x00, 0x00, 0x00, 0x00, 0x00, 0x00, 0x00, 0x00, 0x00, 0x00, 0x00, 0x00, 0x00, 0x00,
  0x00, 0x00, 0x00, 0x00, 0x00, 0x00, 0x00, 0x00, 0x00, 0x00, 0x00, 0x00, 0x00, 0x00, 0x00, 0x00,
  0x00, 0x00, 0x00, 0x06, 0x30, 0xe4, 0xf0, 0xf1, 0xf4, 0xf8, 0xfb, 0xfc, 0xfb, 0xfc, 0xfc, 0xfd,
  0xfd, 0xfc, 0xfe, 0xfe, 0xfa, 0xfd, 0xfb, 0xfa, 0x00, 0x00, 0x00, 0x00, 0x00, 0x00, 0x00, 0x00,
  0x00, 0x00, 0x00, 0x00, 0x00, 0x00, 0x00, 0x00, 0x00, 0x00, 0x00, 0x00, 0x00, 0x01, 0x01, 0x00,
  0x02, 0x03, 0x02, 0x1c, 0x3a, 0x3c, 0x92, 0x9e, 0xe2, 0xf9, 0xfe, 0xff, 0xf7, 0xfe, 0xfc, 0xfe,
  0xfe, 0xfd, 0xfc, 0xfe, 0xfd, 0xfc, 0xff, 0xfb, 0xfc, 0xfa, 0xf7, 0xf5, 0xfb, 0xf7, 0xf8, 0xf1,
  0xdf, 0x82, 0x31, 0x12, 0x24, 0x00, 0x00, 0x00, 0x00, 0x00, 0x00, 0x00, 0x00, 0x00, 0x00, 0x00,
  0x00, 0x00, 0x00, 0x00, 0x00, 0x00, 0x00, 0x00, 0x00, 0x00, 0x00, 0x00, 0x00, 0x00, 0x00, 0x00,
  0x00, 0x00, 0x00, 0x00, 0x00, 0x00, 0x00, 0x00, 0x00, 0x00, 0x00, 0x00, 0x00, 0x00, 0x00, 0x00,
  0x00, 0x00, 0x00, 0x00, 0x00, 0x00, 0x00, 0x00, 0x00, 0x00, 0x00, 0x00, 0x00, 0x00, 0x00, 0x00,
  0x00, 0x00, 0x00, 0x00, 0x00, 0x00, 0x00, 0x00, 0x00, 0x00, 0x00, 0x00, 0x00, 0x00, 0x00, 0x00,
  0x00, 0x00, 0x00, 0x00, 0x00, 0x00, 0x00, 0x00, 0x00, 0x00, 0x00, 0x00, 0x00, 0x00, 0x00, 0x00,
  0x00, 0x00, 0x00, 0x00, 0x00, 0x00, 0x00, 0x00, 0x00, 0x00, 0x00, 0x00, 0x00, 0x00, 0x00, 0x00,
  0x00, 0x00, 0x00, 0x00, 0x00, 0x00, 0x00, 0x00, 0x00, 0x00, 0x02, 0x19, 0x85, 0xc6, 0xf6, 0xfa,
  0xfa, 0xf9, 0xfa, 0xfb, 0xfc, 0xfe, 0xff, 0xfd, 0xfe, 0xfa, 0xfd, 0xfd, 0xfe, 0xfb, 0xfd, 0xf3,
  0x00, 0x00, 0x00, 0x00, 0x00, 0x00, 0x00, 0x00, 0x00, 0x00, 0x00, 0x00, 0x00, 0x00, 0x00, 0x00,
  0x00, 0x00, 0x00, 0x00, 0x00, 0x03, 0x00, 0x00, 0x0b, 0x07, 0x0a, 0x3d, 0xb5, 0x78, 0xac, 0xce,
  0xf3, 0xfc, 0xf6, 0xfe, 0xff, 0xfe, 0xfb, 0xfd, 0xff, 0xfe, 0xfd, 0xfc, 0xfe, 0xfc, 0xfa, 0xfc,
  0xfe, 0xfb, 0xfb, 0xf8, 0xf3, 0xf7, 0xf1, 0xf0, 0xea, 0x9d, 0x4f, 0x00, 0x0d, 0x00, 0x00, 0x00,
  0x00, 0x00, 0x00, 0x00, 0x00, 0x00, 0x00, 0x00, 0x00, 0x00, 0x00, 0x00, 0x00, 0x00, 0x00, 0x00,
  0x00, 0x00, 0x00, 0x00, 0x00, 0x00, 0x00, 0x00, 0x00, 0x00, 0x00, 0x00, 0x00, 0x00, 0x00, 0x00,
  0x00, 0x00, 0x00, 0x00, 0x00, 0x00, 0x00, 0x00, 0x00, 0x00, 0x00, 0x00, 0x00, 0x00, 0x00, 0x00,
  0x00, 0x00, 0x00, 0x00, 0x00, 0x00, 0x00, 0x00, 0x00, 0x00, 0x00, 0x00, 0x00, 0x00, 0x00, 0x00,
  0x02, 0x00, 0x00, 0x00, 0x00, 0x00, 0x00, 0x00, 0x00, 0x00, 0x00, 0x00, 0x00, 0x00, 0x00, 0x00,
  0x00, 0x00, 0x00, 0x00, 0x00, 0x00, 0x00, 0x00, 0x00, 0x00, 0x00, 0x00, 0x00, 0x00, 0x00, 0x00,
  0x00, 0x00, 0x00, 0x00, 0x00, 0x00, 0x00, 0x00, 0x00, 0x00, 0x00, 0x00, 0x00, 0x01, 0x00, 0x00,
  0x00, 0x02, 0x01, 0x16, 0x94, 0xec, 0xf8, 0xfb, 0xff, 0xfb, 0xfb, 0xfc, 0xfc, 0xfe, 0xfe, 0xfc,
  0xfe, 0xfd, 0xfc, 0xfb, 0xfc, 0xff, 0xfb, 0xf5, 0x00, 0x00, 0x00, 0x00, 0x00, 0x00, 0x00, 0x00,
  0x00, 0x00, 0x00, 0x00, 0x00, 0x00, 0x00, 0x00, 0x00, 0x00, 0x00, 0x00, 0x00, 0x00, 0x00, 0x00,
  0x03, 0x02, 0x05, 0x13, 0x45, 0x6c, 0xaf, 0xcd, 0xf3, 0xf6, 0xfa, 0xf9, 0xff, 0xfc, 0xfc, 0xfe,
  0xfe, 0xfa, 0xff, 0xff, 0xfe, 0xfd, 0xfd, 0xfa, 0xfd, 0xf9, 0xfd, 0xfa, 0xf3, 0xfa, 0xfb, 0xfa,
  0xf0, 0xdd, 0x54, 0x06, 0x05, 0x00, 0x00, 0x00, 0x00, 0x00, 0x00, 0x00, 0x00, 0x00, 0x00, 0x00,
  0x00, 0x00, 0x00, 0x00, 0x00, 0x00, 0x00, 0x00, 0x00, 0x00, 0x00, 0x00, 0x00, 0x00, 0x00, 0x00,
  0x00, 0x00, 0x00, 0x00, 0x00, 0x00, 0x00, 0x00, 0x00, 0x00, 0x00, 0x00, 0x00, 0x00, 0x00, 0x00,
  0x00, 0x00, 0x00, 0x00, 0x00, 0x00, 0x00, 0x00, 0x00, 0x00, 0x00, 0x00, 0x00, 0x00, 0x00, 0x00,
  0x00, 0x00, 0x00, 0x00, 0x00, 0x00, 0x00, 0x00, 0x00, 0x00, 0x00, 0x00, 0x00, 0x00, 0x00, 0x00,
  0x00, 0x00, 0x00, 0x00, 0x00, 0x00, 0x00, 0x00, 0x00, 0x00, 0x00, 0x00, 0x00, 0x00, 0x00, 0x00,
  0x00, 0x00, 0x00, 0x00, 0x00, 0x00, 0x00, 0x00, 0x00, 0x00, 0x00, 0x00, 0x00, 0x00, 0x00, 0x00,
  0x00, 0x00, 0x00, 0x00, 0x00, 0x00, 0x00, 0x00, 0x00, 0x00, 0x01, 0x3b, 0xec, 0xf4, 0xfa, 0xf9,
  0xff, 0xfa, 0xfc, 0xfb, 0xfe, 0xfe, 0xfd, 0xfc, 0xff, 0xfb, 0xfd, 0xfd, 0xfd, 0xff, 0xfd, 0xfc,
  0x00, 0x00, 0x00, 0x00, 0x00, 0x00, 0x00, 0x00, 0x00, 0x00, 0x00, 0x00, 0x00, 0x00, 0x00, 0x00,
  0x00, 0x00, 0x00, 0x00, 0x00, 0x00, 0x00, 0x02, 0x01, 0x01, 0x00, 0x0b, 0x25, 0x19, 0x37, 0xba,
  0xd8, 0xf0, 0xfa, 0xfe, 0xff, 0xfb, 0xfc, 0xff, 0xfc, 0xfb, 0xfd, 0xff, 0xfd, 0xfb, 0xfc, 0xff,
  0xfd, 0xfb, 0xfa, 0xfd, 0xfa, 0xf7, 0xf4, 0xf9, 0xfd, 0xef, 0xa8, 0x31, 0x19, 0x02, 0x00, 0x01,
  0x00, 0x00, 0x00, 0x00, 0x00, 0x00, 0x00, 0x00, 0x00, 0x00, 0x00, 0x00, 0x00, 0x00, 0x00, 0x00,
  0x00, 0x00, 0x00, 0x00, 0x00, 0x00, 0x00, 0x00, 0x00, 0x00, 0x00, 0x00, 0x00, 0x00, 0x00, 0x00,
  0x00, 0x00, 0x00, 0x00, 0x00, 0x00, 0x00, 0x00, 0x00, 0x00, 0x00, 0x00, 0x00, 0x00, 0x00, 0x00,
  0x00, 0x00, 0x00, 0x00, 0x00, 0x00, 0x00, 0x00, 0x00, 0x00, 0x00, 0x00, 0x00, 0x00, 0x00, 0x00,
  0x00, 0x00, 0x00, 0x00, 0x00, 0x00, 0x00, 0x00, 0x00, 0x00, 0x00, 0x00, 0x00, 0x00, 0x00, 0x00,
  0x00, 0x00, 0x00, 0x00, 0x00, 0x00, 0x00, 0x00, 0x00, 0x00, 0x00, 0x00, 0x00, 0x00, 0x00, 0x00,
  0x00, 0x00, 0x00, 0x00, 0x00, 0x00, 0x00, 0x00, 0x00, 0x00, 0x00, 0x00, 0x00, 0x00, 0x00, 0x00,
  0x02, 0x0a, 0x17, 0x9b, 0xf7, 0xf9, 0xfb, 0xfe, 0xfd, 0xfd, 0xfb, 0xfe, 0xff, 0xfd, 0xfe, 0xfe,
  0xff, 0xfb, 0xfc, 0xff, 0xfd, 0xf7, 0xf6, 0xfc, 0x00, 0x00, 0x00, 0x00, 0x00, 0x00, 0x00, 0x00,
  0x00, 0x00, 0x00, 0x00, 0x00, 0x00, 0x00, 0x00, 0x00, 0x00, 0x00, 0x00, 0x00, 0x01, 0x00, 0x00,
  0x02, 0x06, 0x05, 0x1e, 0x3f, 0x0f, 0x24, 0xbf, 0xea, 0xe2, 0xe9, 0xf0, 0xff, 0xfb, 0xfb, 0xfd,
  0xfe, 0xff, 0xfd, 0xfd, 0xfc, 0xfb, 0xf9, 0xfb, 0xff, 0xfe, 0xfb, 0xfb, 0xf9, 0xf7, 0xee, 0xf0,
  0xff, 0xf8, 0xfb, 0xd3, 0x2f, 0x0f, 0x00, 0x00, 0x00, 0x00, 0x00, 0x00, 0x00, 0x00, 0x00, 0x00,
  0x00, 0x00, 0x00, 0x00, 0x00, 0x00, 0x00, 0x00, 0x00, 0x00, 0x00, 0x00, 0x00, 0x00, 0x00, 0x00,
  0x00, 0x00, 0x00, 0x00, 0x00, 0x00, 0x00, 0x00, 0x00, 0x00, 0x00, 0x00, 0x00, 0x00, 0x00, 0x00,
  0x00, 0x00, 0x00, 0x00, 0x00, 0x00, 0x00, 0x00, 0x00, 0x00, 0x00, 0x00, 0x00, 0x00, 0x00, 0x00,
  0x00, 0x00, 0x00, 0x00, 0x00, 0x00, 0x00, 0x00, 0x00, 0x00, 0x00, 0x00, 0x00, 0x00, 0x00, 0x00,
  0x00, 0x00, 0x00, 0x00, 0x00, 0x00, 0x00, 0x00, 0x00, 0x00, 0x00, 0x00, 0x00, 0x00, 0x00, 0x00,
  0x00, 0x00, 0x00, 0x00, 0x00, 0x00, 0x00, 0x00, 0x00, 0x00, 0x00, 0x00, 0x00, 0x00, 0x00, 0x00,
  0x00, 0x00, 0x00, 0x00, 0x00, 0x00, 0x00, 0x00, 0x05, 0x06, 0x1b, 0xcb, 0xf4, 0xfb, 0xfa, 0xf9,
  0xff, 0xff, 0xfd, 0xfe, 0xfc, 0xfb, 0xfc, 0xfd, 0xfd, 0xfe, 0xfc, 0xfe, 0xfc, 0xfa, 0xf7, 0xfb,
  0x00, 0x00, 0x00, 0x00, 0x00, 0x00, 0x00, 0x00, 0x00, 0x00, 0x00, 0x00, 0x00, 0x00, 0x00, 0x00,
  0x00, 0x00, 0x00, 0x00, 0x00, 0x01, 0x00, 0x04, 0x01, 0x00, 0x01, 0x08, 0x23, 0x13, 0x19, 0xc9,
  0xf4, 0xea, 0xea, 0xf2, 0xfe, 0xfb, 0xfe, 0xfe, 0xfe, 0xfd, 0xfc, 0xfd, 0xfd, 0xff, 0xfe, 0xfd,
  0xfe, 0xfd, 0xfa, 0xfb, 0xf9, 0xf8, 0xf6, 0xf5, 0xfd, 0xfb, 0xfb, 0xef, 0xb2, 0x93, 0x10, 0x00,
  0x00, 0x00, 0x00, 0x00, 0x00, 0x00, 0x00, 0x00, 0x00, 0x00, 0x00, 0x00, 0x00, 0x00, 0x00, 0x00,
  0x00, 0x00, 0x00, 0x00, 0x00, 0x00, 0x00, 0x00, 0x00, 0x00, 0x00, 0x00, 0x00, 0x00, 0x00, 0x00,
  0x00, 0x00, 0x00, 0x00, 0x00, 0x00, 0x00, 0x00, 0x00, 0x00, 0x00, 0x00, 0x00, 0x00, 0x00, 0x00,
  0x00, 0x00, 0x00, 0x00, 0x00, 0x00, 0x00, 0x00, 0x00, 0x00, 0x00, 0x00, 0x00, 0x00, 0x00, 0x00,
  0x00, 0x00, 0x00, 0x00, 0x00, 0x00, 0x00, 0x00, 0x00, 0x00, 0x00, 0x00, 0x00, 0x00, 0x00, 0x00,
  0x00, 0x00, 0x00, 0x00, 0x00, 0x00, 0x00, 0x00, 0x00, 0x00, 0x00, 0x00, 0x00, 0x00, 0x00, 0x00,
  0x00, 0x00, 0x00, 0x00, 0x00, 0x00, 0x00, 0x00, 0x00, 0x00, 0x00, 0x00, 0x00, 0x01, 0x00, 0x03,
  0x17, 0x01, 0x61, 0xf7, 0xf8, 0xfe, 0xfb, 0xfc, 0xff, 0xff, 0xfd, 0xfd, 0xfe, 0xff, 0xfe, 0xfd,
  0xff, 0xff, 0xfd, 0xfe, 0xfc, 0xfb, 0xf9, 0xf4, 0x00, 0x00, 0x00, 0x00, 0x00, 0x00, 0x00, 0x00,
  0x00, 0x00, 0x00, 0x00, 0x00, 0x00, 0x00, 0x00, 0x00, 0x00, 0x00, 0x00, 0x00, 0x01, 0x00, 0x00,
  0x00, 0x00, 0x05, 0x07, 0x11, 0x1c, 0x12, 0x9b, 0xd9, 0xec, 0xf9, 0xf4, 0xfc, 0xfd, 0xfc, 0xfd,
  0xfd, 0xfd, 0xfe, 0xfd, 0xfc, 0xff, 0xfd, 0xfb, 0xfb, 0xfa, 0xfd, 0xf9, 0xf8, 0xfe, 0xf3, 0xfd,
  0xff, 0xf8, 0xf3, 0xe9, 0xe4, 0xa4, 0x28, 0x01, 0x00, 0x00, 0x00, 0x00, 0x00, 0x00, 0x00, 0x00,
  0x00, 0x00, 0x00, 0x00, 0x00, 0x00, 0x00, 0x00, 0x00, 0x00, 0x00, 0x00, 0x00, 0x00, 0x00, 0x00,
  0x00, 0x00, 0x00, 0x00, 0x00, 0x00, 0x00, 0x00, 0x00, 0x00, 0x00, 0x00, 0x00, 0x00, 0x00, 0x00,
  0x00, 0x00, 0x00, 0x00, 0x00, 0x00, 0x00, 0x00, 0x00, 0x00, 0x00, 0x00, 0x00, 0x00, 0x00, 0x00,
  0x00, 0x00, 0x00, 0x00, 0x00, 0x00, 0x00, 0x00, 0x00, 0x00, 0x00, 0x00, 0x00, 0x00, 0x00, 0x00,
  0x00, 0x00, 0x00, 0x00, 0x00, 0x00, 0x00, 0x00, 0x00, 0x00, 0x00, 0x00, 0x00, 0x00, 0x00, 0x00,
  0x00, 0x00, 0x00, 0x00, 0x00, 0x00, 0x00, 0x00, 0x00, 0x00, 0x00, 0x00, 0x00, 0x00, 0x00, 0x00,
  0x00, 0x00, 0x00, 0x00, 0x00, 0x00, 0x00, 0x03, 0x06, 0x0e, 0xd9, 0xf9, 0xf9, 0xff, 0xfc, 0xfc,
  0xff, 0xfe, 0xfd, 0xfa, 0xfd, 0xff, 0xfd, 0xfc, 0xfe, 0xfd, 0xff, 0xfd, 0xfc, 0xfe, 0xf4, 0xf5,
  0x00, 0x00, 0x00, 0x00, 0x00, 0x00, 0x00, 0x00, 0x00, 0x00, 0x00, 0x00, 0x00, 0x00, 0x00, 0x00,
  0x00, 0x00, 0x00, 0x00, 0x00, 0x01, 0x00, 0x00, 0x00, 0x01, 0x04, 0x0d, 0x07, 0x0e, 0x01, 0x70,
  0xb9, 0xd8, 0xf2, 0xf0, 0xf8, 0xfa, 0xfb, 0xfc, 0xfb, 0xfc, 0xfe, 0xfc, 0xff, 0xfd, 0xfe, 0xff,
  0xfa, 0xfc, 0xfd, 0xfb, 0xfb, 0xf9, 0xef, 0xf8, 0xf1, 0xf4, 0xcd, 0x52, 0x55, 0xa0, 0x27, 0x08,
  0x06, 0x00, 0x00, 0x00, 0x00, 0x00, 0x00, 0x00, 0x00, 0x00, 0x00, 0x00, 0x00, 0x00, 0x00, 0x00,
  0x00, 0x00, 0x00, 0x00, 0x00, 0x00, 0x00, 0x00, 0x00, 0x00, 0x00, 0x00, 0x00, 0x00, 0x00, 0x00,
  0x00, 0x00, 0x00, 0x00, 0x00, 0x00, 0x00, 0x00, 0x00, 0x00, 0x00, 0x00, 0x00, 0x00, 0x00, 0x00,
  0x00, 0x00, 0x00, 0x00, 0x00, 0x00, 0x00, 0x00, 0x00, 0x00, 0x00, 0x00, 0x00, 0x00, 0x00, 0x00,
  0x00, 0x00, 0x00, 0x00, 0x00, 0x00, 0x00, 0x00, 0x00, 0x00, 0x00, 0x00, 0x00, 0x00, 0x00, 0x00,
  0x00, 0x00, 0x00, 0x00, 0x00, 0x00, 0x00, 0x00, 0x00, 0x00, 0x00, 0x00, 0x00, 0x00, 0x00, 0x00,
  0x00, 0x00, 0x00, 0x00, 0x00, 0x00, 0x00, 0x00, 0x00, 0x00, 0x00, 0x00, 0x00, 0x02, 0x01, 0x08,
  0x01, 0x57, 0xf4, 0xf5, 0xfb, 0xfe, 0xfe, 0xfd, 0xff, 0xfe, 0xfb, 0xfd, 0xfd, 0xfe, 0xfd, 0xff,
  0xfd, 0xfd, 0xfe, 0xf9, 0xfc, 0xf8, 0xfa, 0xf3, 0x00, 0x00, 0x00, 0x00, 0x00, 0x00, 0x00, 0x00,
  0x00, 0x00, 0x00, 0x00, 0x00, 0x00, 0x00, 0x00, 0x00, 0x00, 0x00, 0x00, 0x00, 0x00, 0x03, 0x00,
  0x00, 0x01, 0x01, 0x00, 0x0c, 0x19, 0x21, 0x36, 0xa0, 0xd0, 0xec, 0xec, 0xf0, 0xfd, 0xfe, 0xfd,
  0xfa, 0xfc, 0xfc, 0xfc, 0xfc, 0xfb, 0xfd, 0xfb, 0xfc, 0xfc, 0xfc, 0xfc, 0xfb, 0xfc, 0xfa, 0xfb,
  0xf6, 0xf9, 0xaa, 0x57, 0x6b, 0x66, 0x0f, 0x05, 0x00, 0x00, 0x00, 0x00, 0x00, 0x00, 0x00, 0x00,
  0x00, 0x00, 0x00, 0x00, 0x00, 0x00, 0x00, 0x00, 0x00, 0x00, 0x00, 0x00, 0x00, 0x00, 0x00, 0x00,
  0x00, 0x00, 0x00, 0x00, 0x00, 0x00, 0x00, 0x00, 0x00, 0x00, 0x00, 0x00, 0x00, 0x00, 0x00, 0x00,
  0x00, 0x00, 0x00, 0x00, 0x00, 0x00, 0x00, 0x00, 0x00, 0x00, 0x00, 0x00, 0x00, 0x00, 0x00, 0x00,
  0x00, 0x00, 0x00, 0x00, 0x00, 0x00, 0x00, 0x00, 0x00, 0x00, 0x00, 0x00, 0x00, 0x00, 0x00, 0x00,
  0x00, 0x00, 0x00, 0x00, 0x00, 0x00, 0x00, 0x00, 0x00, 0x00, 0x00, 0x00, 0x00, 0x00, 0x00, 0x00,
  0x00, 0x00, 0x00, 0x00, 0x00, 0x01, 0x00, 0x00, 0x00, 0x00, 0x00, 0x00, 0x00, 0x01, 0x01, 0x00,
  0x00, 0x00, 0x00, 0x00, 0x00, 0x02, 0x04, 0x00, 0x12, 0xb4, 0xf4, 0xf7, 0xfe, 0xfc, 0xfd, 0xfb,
  0xfd, 0xfc, 0xfc, 0xfc, 0xfc, 0xfd, 0xff, 0xff, 0xfe, 0xfe, 0xfd, 0xfc, 0xfd, 0xff, 0xf4, 0xf5,
  0x00, 0x00, 0x00, 0x00, 0x00, 0x00, 0x00, 0x00, 0x00, 0x00, 0x00, 0x00, 0x00, 0x00, 0x00, 0x00,
  0x00, 0x00, 0x00, 0x00, 0x00, 0x00, 0x01, 0x04, 0x01, 0x00, 0x00, 0x01, 0x11, 0x4f, 0x07, 0x34,
  0x7f, 0xad, 0xdb, 0xf8, 0xe7, 0xfc, 0xfc, 0xfc, 0xfb, 0xfc, 0xfd, 0xfe, 0xff, 0xfc, 0xfb, 0xfa,
  0xfb, 0xfa, 0xfd, 0xfc, 0xfc, 0xfa, 0xf9, 0xf9, 0xf2, 0xf0, 0xc9, 0x5c, 0x2d, 0x1f, 0x06, 0x01,
  0x00, 0x01, 0x00, 0x00, 0x00, 0x00, 0x00, 0x00, 0x00, 0x00, 0x00, 0x00, 0x00, 0x00, 0x00, 0x00,
  0x00, 0x00, 0x00, 0x00, 0x00, 0x00, 0x00, 0x00, 0x00, 0x00, 0x00, 0x00, 0x00, 0x00, 0x00, 0x00,
  0x00, 0x00, 0x00, 0x00, 0x00, 0x00, 0x00, 0x00, 0x00, 0x00, 0x00, 0x00, 0x00, 0x00, 0x00, 0x00,
  0x00, 0x00, 0x00, 0x00, 0x00, 0x00, 0x00, 0x00, 0x00, 0x00, 0x00, 0x00, 0x00, 0x00, 0x00, 0x00,
  0x00, 0x00, 0x00, 0x00, 0x00, 0x00, 0x00, 0x00, 0x00, 0x00, 0x00, 0x00, 0x00, 0x00, 0x00, 0x00,
  0x00, 0x00, 0x00, 0x00, 0x00, 0x00, 0x00, 0x00, 0x00, 0x00, 0x00, 0x00, 0x00, 0x00, 0x00, 0x00,
  0x00, 0x00, 0x00, 0x00, 0x00, 0x01, 0x00, 0x00, 0x00, 0x00, 0x00, 0x00, 0x01, 0x03, 0x05, 0x09,
  0x6b, 0xec, 0xf8, 0xfc, 0xff, 0xfd, 0xfd, 0xfc, 0xfa, 0xfb, 0xfe, 0xfc, 0xfd, 0xfd, 0xfd, 0xfc,
  0xfb, 0xfb, 0xfd, 0xfc, 0xfd, 0xfc, 0xf7, 0xf1, 0x00, 0x00, 0x00, 0x00, 0x00, 0x00, 0x00, 0x00,
  0x00, 0x00, 0x00, 0x00, 0x00, 0x00, 0x00, 0x00, 0x00, 0x00, 0x00, 0x00, 0x00, 0x00, 0x00, 0x00,
  0x00, 0x00, 0x00, 0x04, 0x0e, 0x5c, 0x0a, 0x20, 0x53, 0x9e, 0xd9, 0xea, 0xef, 0xf7, 0xfb, 0xfc,
  0xfb, 0xfa, 0xfd, 0xfe, 0xfe, 0xfc, 0xfc, 0xfd, 0xfb, 0xf9, 0xfc, 0xfc, 0xfa, 0xfd, 0xfa, 0xfe,
  0xfc, 0xf4, 0xef, 0x85, 0x28, 0x1a, 0x0f, 0x05, 0x00, 0x00, 0x00, 0x01, 0x00, 0x00, 0x00, 0x00,
  0x01, 0x00, 0x00, 0x01, 0x00, 0x00, 0x00, 0x00, 0x00, 0x00, 0x00, 0x00, 0x00, 0x00, 0x00, 0x00,
  0x00, 0x00, 0x00, 0x00, 0x00, 0x00, 0x00, 0x00, 0x00, 0x00, 0x00, 0x00, 0x00, 0x00, 0x00, 0x00,
  0x00, 0x00, 0x00, 0x00, 0x00, 0x00, 0x00, 0x00, 0x00, 0x00, 0x00, 0x00, 0x00, 0x00, 0x00, 0x00,
  0x00, 0x00, 0x00, 0x00, 0x00, 0x00, 0x00, 0x00, 0x00, 0x00, 0x00, 0x00, 0x00, 0x00, 0x00, 0x00,
  0x00, 0x00, 0x00, 0x00, 0x00, 0x00, 0x00, 0x00, 0x00, 0x00, 0x00, 0x00, 0x00, 0x00, 0x00, 0x00,
  0x00, 0x00, 0x00, 0x00, 0x00, 0x00, 0x00, 0x00, 0x00, 0x00, 0x00, 0x00, 0x00, 0x00, 0x00, 0x00,
  0x00, 0x00, 0x00, 0x00, 0x03, 0x05, 0x10, 0x58, 0xb4, 0xf8, 0xf6, 0xfd, 0xfe, 0xfc, 0xfc, 0xfd,
  0xfb, 0xfb, 0xfd, 0xfe, 0xfd, 0xfc, 0xfd, 0xfc, 0xfd, 0xfc, 0xfd, 0xfd, 0xfa, 0xf7, 0xf6, 0xfc,
  0x00, 0x00, 0x00, 0x00, 0x00, 0x00, 0x00, 0x00, 0x00, 0x00, 0x00, 0x00, 0x00, 0x00, 0x00, 0x00,
  0x00, 0x00, 0x00, 0x00, 0x00, 0x00, 0x00, 0x00, 0x00, 0x00, 0x00, 0x03, 0x06, 0x17, 0x14, 0x0a,
  0x2b, 0x93, 0xc7, 0xf1, 0xf3, 0xed, 0xf5, 0xfc, 0xfa, 0xfd, 0xfd, 0xfe, 0xfd, 0xfd, 0xfd, 0xfd,
  0xfc, 0xfc, 0xfb, 0xfb, 0xf9, 0xfb, 0xfd, 0xff, 0xf8, 0xf9, 0xf5, 0xef, 0x41, 0x64, 0x26, 0x0d,
  0x02, 0x00, 0x00, 0x02, 0x04, 0x00, 0x00, 0x00, 0x00, 0x00, 0x00, 0x00, 0x00, 0x00, 0x00, 0x00,
  0x00, 0x00, 0x00, 0x00, 0x00, 0x00, 0x00, 0x00, 0x00, 0x00, 0x00, 0x00, 0x00, 0x00, 0x00, 0x00,
  0x00, 0x00, 0x00, 0x00, 0x00, 0x00, 0x00, 0x00, 0x00, 0x00, 0x00, 0x00, 0x00, 0x00, 0x00, 0x00,
  0x00, 0x00, 0x00, 0x00, 0x00, 0x00, 0x00, 0x00, 0x00, 0x00, 0x00, 0x00, 0x00, 0x00, 0x00, 0x00,
  0x00, 0x00, 0x00, 0x00, 0x00, 0x00, 0x00, 0x00, 0x00, 0x00, 0x00, 0x00, 0x00, 0x00, 0x00, 0x00,
  0x00, 0x00, 0x00, 0x00, 0x00, 0x00, 0x00, 0x00, 0x00, 0x00, 0x00, 0x00, 0x00, 0x00, 0x00, 0x01,
  0x00, 0x00, 0x00, 0x00, 0x00, 0x00, 0x00, 0x01, 0x00, 0x00, 0x00, 0x00, 0x04, 0x14, 0x26, 0x89,
  0xea, 0xe5, 0xf9, 0xfa, 0xfb, 0xfc, 0xfd, 0xfe, 0xfc, 0xfc, 0xfc, 0xfe, 0xfc, 0xfd, 0xfe, 0xff,
  0xfc, 0xfd, 0xfb, 0xfd, 0xfc, 0xfb, 0xf7, 0xf7, 0x00, 0x00, 0x00, 0x00, 0x00, 0x00, 0x00, 0x00,
  0x00, 0x00, 0x00, 0x00, 0x00, 0x00, 0x00, 0x00, 0x00, 0x00, 0x00, 0x00, 0x00, 0x02, 0x00, 0x00,
  0x00, 0x00, 0x01, 0x04, 0x0b, 0x21, 0x59, 0x1e, 0x0b, 0x2e, 0xa6, 0xdf, 0xec, 0xe2, 0xe8, 0xf9,
  0xfc, 0xfe, 0xfe, 0xfd, 0xfd, 0xfc, 0xfc, 0xfc, 0xfc, 0xfc, 0xfc, 0xfa, 0xf9, 0xfd, 0xfe, 0xfb,
  0xf9, 0xf9, 0xf7, 0xee, 0xbd, 0x70, 0x22, 0x20, 0x0c, 0x00, 0x03, 0x01, 0x00, 0x00, 0x00, 0x00,
  0x02, 0x02, 0x03, 0x00, 0x00, 0x00, 0x00, 0x00, 0x00, 0x00, 0x00, 0x00, 0x00, 0x00, 0x00, 0x00,
  0x00, 0x00, 0x00, 0x00, 0x00, 0x00, 0x00, 0x00, 0x00, 0x00, 0x00, 0x00, 0x00, 0x00, 0x00, 0x00,
  0x00, 0x00, 0x00, 0x00, 0x00, 0x00, 0x00, 0x00, 0x00, 0x00, 0x00, 0x00, 0x00, 0x00, 0x00, 0x00,
  0x00, 0x00, 0x00, 0x00, 0x00, 0x00, 0x00, 0x00, 0x00, 0x00, 0x00, 0x00, 0x00, 0x00, 0x00, 0x00,
  0x00, 0x00, 0x00, 0x00, 0x00, 0x00, 0x00, 0x00, 0x00, 0x00, 0x00, 0x00, 0x00, 0x00, 0x00, 0x00,
  0x00, 0x00, 0x00, 0x00, 0x00, 0x00, 0x00, 0x00, 0x00, 0x00, 0x00, 0x00, 0x00, 0x00, 0x00, 0x00,
  0x00, 0x00, 0x00, 0x01, 0x09, 0x10, 0x6a, 0xc0, 0xf9, 0xf9, 0xfe, 0xfb, 0xfd, 0xfd, 0xfc, 0xfd,
  0xfd, 0xfc, 0xfe, 0xfb, 0xfc, 0xff, 0xfe, 0xfd, 0xfd, 0xfd, 0xfd, 0xfc, 0xfa, 0xec, 0xfc, 0xf2,
  0x00, 0x00, 0x00, 0x00, 0x00, 0x00, 0x00, 0x00, 0x00, 0x00, 0x00, 0x00, 0x00, 0x00, 0x00, 0x00,
  0x00, 0x00, 0x00, 0x00, 0x00, 0x00, 0x00, 0x00, 0x00, 0x00, 0x00, 0x02, 0x0b, 0x49, 0xa4, 0x65,
  0x0d, 0x27, 0xa1, 0xd8, 0xe8, 0xaf, 0xd5, 0xf7, 0xfc, 0xff, 0xfc, 0xfd, 0xff, 0xfd, 0xfc, 0xfb,
  0xfe, 0xfd, 0xfc, 0xfc, 0xfd, 0xff, 0xfb, 0xf9, 0xfa, 0xfa, 0xf4, 0xef, 0xea, 0xc3, 0x5e, 0x15,
  0x03, 0x00, 0x07, 0x03, 0x07, 0x0a, 0x00, 0x0f, 0x38, 0x1c, 0x01, 0x00, 0x00, 0x01, 0x00, 0x00,
  0x00, 0x00, 0x00, 0x00, 0x00, 0x00, 0x00, 0x00, 0x00, 0x00, 0x00, 0x00, 0x01, 0x00, 0x00, 0x00,
  0x00, 0x00, 0x00, 0x00, 0x00, 0x00, 0x00, 0x00, 0x00, 0x00, 0x00, 0x00, 0x00, 0x00, 0x00, 0x00,
  0x00, 0x00, 0x00, 0x00, 0x00, 0x00, 0x00, 0x00, 0x00, 0x00, 0x00, 0x00, 0x00, 0x00, 0x00, 0x00,
  0x00, 0x00, 0x00, 0x00, 0x00, 0x00, 0x00, 0x00, 0x00, 0x00, 0x00, 0x00, 0x01, 0x00, 0x00, 0x00,
  0x00, 0x00, 0x00, 0x00, 0x00, 0x00, 0x00, 0x00, 0x00, 0x00, 0x00, 0x00, 0x01, 0x00, 0x00, 0x00,
  0x01, 0x00, 0x00, 0x00, 0x01, 0x00, 0x00, 0x00, 0x00, 0x00, 0x01, 0x07, 0x2e, 0x41, 0xd7, 0xf8,
  0xfa, 0xfe, 0xfb, 0xff, 0xff, 0xfe, 0xfc, 0xfc, 0xfe, 0xfe, 0xfe, 0xfb, 0xfe, 0xfb, 0xfc, 0xfd,
  0xfe, 0xfd, 0xfb, 0xfa, 0xfa, 0xee, 0xff, 0xf1, 0x00, 0x00, 0x00, 0x00, 0x00, 0x00, 0x00, 0x00,
  0x00, 0x00, 0x00, 0x00, 0x00, 0x00, 0x00, 0x00, 0x00, 0x00, 0x00, 0x00, 0x00, 0x00, 0x00, 0x00,
  0x00, 0x01, 0x01, 0x00, 0x03, 0x1b, 0x1f, 0x92, 0x34, 0x31, 0x77, 0xee, 0xf7, 0xa9, 0xd8, 0xf1,
  0xfa, 0xfa, 0xfc, 0xfe, 0xff, 0xfd, 0xfd, 0xfd, 0xfd, 0xfd, 0xfe, 0xff, 0xfc, 0xfb, 0xfe, 0xfc,
  0xf3, 0xfb, 0xfc, 0xf8, 0xf4, 0xde, 0x91, 0x32, 0x0b, 0x0b, 0x14, 0x07, 0x09, 0x10, 0x1d, 0x3f,
  0x2f, 0x1b, 0x01, 0x00, 0x00, 0x00, 0x00, 0x00, 0x00, 0x00, 0x00, 0x00, 0x00, 0x00, 0x00, 0x00,
  0x00, 0x00, 0x00, 0x00, 0x00, 0x00, 0x00, 0x00, 0x00, 0x00, 0x01, 0x00, 0x00, 0x00, 0x00, 0x00,
  0x00, 0x00, 0x00, 0x00, 0x00, 0x00, 0x00, 0x00, 0x00, 0x00, 0x00, 0x00, 0x00, 0x00, 0x00, 0x00,
  0x00, 0x00, 0x00, 0x00, 0x00, 0x00, 0x00, 0x00, 0x00, 0x00, 0x00, 0x00, 0x00, 0x00, 0x00, 0x00,
  0x00, 0x00, 0x00, 0x00, 0x00, 0x00, 0x00, 0x00, 0x00, 0x00, 0x00, 0x00, 0x00, 0x00, 0x00, 0x00,
  0x00, 0x00, 0x00, 0x00, 0x00, 0x08, 0x01, 0x00, 0x00, 0x00, 0x00, 0x00, 0x00, 0x00, 0x00, 0x00,
  0x00, 0x05, 0x0a, 0x52, 0xaa, 0xca, 0xf7, 0xf8, 0xff, 0xf8, 0xff, 0xfd, 0xfd, 0xfd, 0xff, 0xff,
  0xfd, 0xfd, 0xfe, 0xfe, 0xff, 0xfd, 0xfe, 0xfe, 0xfe, 0xfe, 0xfd, 0xfa, 0xf7, 0xf2, 0xfc, 0xe2,
  0x00, 0x00, 0x00, 0x00, 0x00, 0x00, 0x00, 0x00, 0x00, 0x00, 0x00, 0x00, 0x00, 0x00, 0x00, 0x00,
  0x00, 0x00, 0x00, 0x00, 0x00, 0x00, 0x00, 0x00, 0x00, 0x00, 0x01, 0x00, 0x04, 0x07, 0x0f, 0x4e,
  0x1f, 0x14, 0x6f, 0xc9, 0xf1, 0xc6, 0xd8, 0xfc, 0xf6, 0xfd, 0xfe, 0xff, 0xfc, 0xfd, 0xff, 0xfe,
  0xfc, 0xff, 0xff, 0xff, 0xfb, 0xfd, 0xfc, 0xfc, 0xf8, 0xfa, 0xff, 0xf8, 0xff, 0xdc, 0xae, 0x58,
  0x2c, 0x29, 0x0b, 0x09, 0x1c, 0x38, 0x83, 0x25, 0x00, 0x09, 0x02, 0x04, 0x00, 0x02, 0x00, 0x00,
  0x00, 0x00, 0x00, 0x01, 0x00, 0x00, 0x00, 0x00, 0x00, 0x00, 0x00, 0x00, 0x00, 0x00, 0x00, 0x00,
  0x00, 0x00, 0x00, 0x00, 0x00, 0x00, 0x00, 0x00, 0x00, 0x00, 0x00, 0x00, 0x00, 0x00, 0x00, 0x00,
  0x00, 0x00, 0x00, 0x00, 0x00, 0x00, 0x00, 0x00, 0x00, 0x00, 0x00, 0x00, 0x00, 0x00, 0x00, 0x00,
  0x00, 0x00, 0x00, 0x00, 0x00, 0x00, 0x00, 0x00, 0x00, 0x00, 0x00, 0x00, 0x00, 0x00, 0x00, 0x00,
  0x00, 0x00, 0x00, 0x00, 0x00, 0x00, 0x00, 0x00, 0x00, 0x00, 0x00, 0x00, 0x00, 0x03, 0x00, 0x00,
  0x00, 0x00, 0x01, 0x00, 0x02, 0x00, 0x04, 0x03, 0x00, 0x03, 0x25, 0xbb, 0xd3, 0xf9, 0xf8, 0xf7,
  0xfc, 0xfe, 0xff, 0xff, 0xfd, 0xff, 0xff, 0xff, 0xfe, 0xff, 0xfe, 0xff, 0xfb, 0xfb, 0xfe, 0xfe,
  0xfb, 0xfe, 0xfd, 0xfd, 0xf8, 0xf8, 0xef, 0x8b, 0x00, 0x00, 0x00, 0x00, 0x00, 0x00, 0x00, 0x00,
  0x00, 0x00, 0x00, 0x00, 0x00, 0x00, 0x00, 0x00, 0x00, 0x00, 0x00, 0x00, 0x00, 0x00, 0x00, 0x00,
  0x00, 0x00, 0x01, 0x03, 0x1e, 0x0a, 0x0a, 0x1b, 0x22, 0x2f, 0x42, 0x39, 0x67, 0xda, 0xe8, 0xf1,
  0xf6, 0xfb, 0xf9, 0xfc, 0xfe, 0xfb, 0xfe, 0xfc, 0xfa, 0xfa, 0xfc, 0xf9, 0xf6, 0xf8, 0xfc, 0xfb,
  0xf9, 0xf9, 0xfb, 0xfb, 0xfa, 0xf6, 0xdc, 0xcb, 0x4a, 0x15, 0x17, 0x24, 0x40, 0xbe, 0x75, 0x17,
  0x04, 0x0f, 0x07, 0x03, 0x06, 0x00, 0x00, 0x00, 0x00, 0x00, 0x00, 0x00, 0x00, 0x00, 0x00, 0x00,
  0x00, 0x00, 0x00, 0x00, 0x00, 0x00, 0x00, 0x00, 0x00, 0x00, 0x00, 0x00, 0x00, 0x00, 0x00, 0x00,
  0x00, 0x00, 0x00, 0x00, 0x00, 0x00, 0x00, 0x00, 0x00, 0x00, 0x00, 0x00, 0x00, 0x00, 0x00, 0x00,
  0x00, 0x00, 0x00, 0x00, 0x00, 0x00, 0x00, 0x00, 0x00, 0x00, 0x00, 0x00, 0x00, 0x00, 0x01, 0x00,
  0x00, 0x00, 0x00, 0x00, 0x00, 0x00, 0x00, 0x00, 0x00, 0x00, 0x00, 0x00, 0x00, 0x00, 0x00, 0x00,
  0x00, 0x00, 0x00, 0x00, 0x00, 0x04, 0x02, 0x00, 0x00, 0x00, 0x00, 0x00, 0x03, 0x00, 0x04, 0x02,
  0x0a, 0x11, 0x2b, 0xcb, 0xed, 0xf8, 0xfc, 0xf9, 0xfa, 0xfa, 0xfb, 0xfc, 0xfd, 0xfc, 0xff, 0xfc,
  0xfb, 0xfa, 0xfc, 0xfd, 0xfc, 0xfa, 0xfd, 0xff, 0xfa, 0xf7, 0xf2, 0xf6, 0xf0, 0xe5, 0xf2, 0xdc,
  0x00, 0x00, 0x00, 0x00, 0x00, 0x00, 0x00, 0x00, 0x00, 0x00, 0x00, 0x00, 0x00, 0x00, 0x00, 0x00,
  0x00, 0x00, 0x00, 0x00, 0x00, 0x00, 0x00, 0x00, 0x00, 0x00, 0x00, 0x00, 0x05, 0x05, 0x02, 0x14,
  0x0c, 0x0f, 0x17, 0x1b, 0x2a, 0xdc, 0xd7, 0xdd, 0xf0, 0xf9, 0xfd, 0xfe, 0xfd, 0xfc, 0xfa, 0xfd,
  0xfb, 0xfc, 0xfd, 0xfc, 0xfb, 0xfb, 0xf9, 0xfc, 0xf9, 0xf7, 0xfa, 0xfc, 0xfa, 0xf5, 0xe9, 0xf2,
  0xd5, 0x48, 0x11, 0x2d, 0x29, 0x99, 0x34, 0x05, 0x0d, 0x2c, 0x15, 0x07, 0x04, 0x00, 0x00, 0x00,
  0x00, 0x00, 0x00, 0x00, 0x00, 0x00, 0x00, 0x00, 0x00, 0x00, 0x00, 0x00, 0x00, 0x00, 0x00, 0x00,
  0x00, 0x00, 0x00, 0x00, 0x00, 0x00, 0x00, 0x00, 0x00, 0x00, 0x00, 0x00, 0x00, 0x00, 0x00, 0x00,
  0x00, 0x00, 0x00, 0x00, 0x00, 0x00, 0x00, 0x00, 0x00, 0x00, 0x00, 0x00, 0x00, 0x00, 0x00, 0x00,
  0x00, 0x00, 0x00, 0x00, 0x00, 0x00, 0x00, 0x00, 0x00, 0x00, 0x00, 0x00, 0x00, 0x00, 0x00, 0x00,
  0x00, 0x00, 0x00, 0x00, 0x00, 0x00, 0x00, 0x00, 0x00, 0x00, 0x00, 0x00, 0x00, 0x02, 0x02, 0x00,
  0x00, 0x00, 0x01, 0x00, 0x03, 0x0a, 0x04, 0x0c, 0x18, 0x26, 0x87, 0xe4, 0xf3, 0xf9, 0xfd, 0xfc,
  0xfb, 0xf9, 0xfe, 0xfc, 0xfa, 0xfd, 0xfd, 0xfd, 0xfd, 0xfc, 0xfe, 0xfc, 0xfb, 0xff, 0xf7, 0xff,
  0xff, 0xf9, 0xf3, 0xf1, 0xe7, 0xe4, 0xe3, 0x95, 0x00, 0x00, 0x00, 0x00, 0x00, 0x00, 0x00, 0x00,
  0x00, 0x00, 0x00, 0x00, 0x00, 0x00, 0x00, 0x00, 0x00, 0x00, 0x00, 0x00, 0x00, 0x00, 0x00, 0x00,
  0x00, 0x00, 0x00, 0x02, 0x07, 0x0b, 0x0b, 0x06, 0x05, 0x09, 0x10, 0x16, 0x25, 0xb0, 0xb6, 0xdd,
  0xed, 0xf5, 0xfb, 0xf6, 0xf7, 0xfa, 0xfb, 0xfd, 0xfc, 0xfc, 0xfc, 0xfe, 0xfc, 0xfa, 0xfb, 0xfb,
  0xfb, 0xfa, 0xfc, 0xfb, 0xfb, 0xfb, 0xf7, 0xdd, 0xe8, 0xce, 0x5f, 0x44, 0x44, 0x05, 0x08, 0x01,
  0x00, 0x14, 0x34, 0x15, 0x01, 0x00, 0x00, 0x00, 0x01, 0x00, 0x00, 0x00, 0x00, 0x00, 0x00, 0x00,
  0x00, 0x00, 0x00, 0x00, 0x00, 0x00, 0x00, 0x00, 0x00, 0x00, 0x00, 0x00, 0x00, 0x00, 0x00, 0x00,
  0x00, 0x00, 0x00, 0x00, 0x00, 0x00, 0x00, 0x00, 0x00, 0x00, 0x00, 0x00, 0x00, 0x00, 0x00, 0x00,
  0x00, 0x00, 0x00, 0x00, 0x00, 0x00, 0x00, 0x00, 0x00, 0x00, 0x00, 0x00, 0x00, 0x00, 0x00, 0x00,
  0x00, 0x00, 0x00, 0x00, 0x00, 0x00, 0x00, 0x00, 0x00, 0x00, 0x00, 0x00, 0x00, 0x00, 0x00, 0x00,
  0x00, 0x00, 0x00, 0x00, 0x00, 0x00, 0x00, 0x00, 0x00, 0x00, 0x00, 0x01, 0x06, 0x06, 0x18, 0x2e,
  0x3e, 0x7c, 0xd9, 0xfa, 0xf4, 0xfc, 0xfc, 0xff, 0xfe, 0xfa, 0xfc, 0xfc, 0xfe, 0xfc, 0xfc, 0xfd,
  0xfc, 0xfc, 0xfc, 0xfe, 0xfc, 0xfd, 0xf8, 0xfa, 0xfa, 0xf6, 0xe3, 0xf0, 0xf3, 0xe9, 0xd4, 0x91,
  0x00, 0x00, 0x00, 0x00, 0x00, 0x00, 0x00, 0x00, 0x00, 0x00, 0x00, 0x00, 0x00, 0x00, 0x00, 0x00,
  0x00, 0x00, 0x00, 0x00, 0x00, 0x00, 0x00, 0x00, 0x00, 0x00, 0x00, 0x00, 0x03, 0x0b, 0x06, 0x06,
  0x03, 0x05, 0x0a, 0x0f, 0x12, 0xac, 0x6a, 0x9b, 0xdf, 0xf3, 0xff, 0xea, 0xfb, 0xfc, 0xfb, 0xfd,
  0xfb, 0xfc, 0xfb, 0xfc, 0xfa, 0xfc, 0xfb, 0xfd, 0xfc, 0xfa, 0xfa, 0xfa, 0xf9, 0xfb, 0xf7, 0xfb,
  0xdb, 0xee, 0xd2, 0x75, 0x2e, 0x07, 0x07, 0x06, 0x00, 0x0d, 0x43, 0x65, 0x15, 0x00, 0x00, 0x01,
  0x00, 0x00, 0x00, 0x00, 0x00, 0x00, 0x00, 0x01, 0x00, 0x00, 0x00, 0x00, 0x00, 0x00, 0x00, 0x00,
  0x00, 0x00, 0x00, 0x00, 0x00, 0x00, 0x00, 0x00, 0x00, 0x00, 0x00, 0x00, 0x00, 0x00, 0x00, 0x00,
  0x00, 0x00, 0x00, 0x00, 0x00, 0x00, 0x00, 0x00, 0x00, 0x00, 0x00, 0x00, 0x00, 0x00, 0x00, 0x00,
  0x00, 0x00, 0x00, 0x00, 0x00, 0x00, 0x00, 0x00, 0x00, 0x00, 0x00, 0x00, 0x00, 0x00, 0x00, 0x01,
  0x00, 0x00, 0x00, 0x00, 0x00, 0x00, 0x00, 0x00, 0x00, 0x00, 0x00, 0x00, 0x00, 0x00, 0x00, 0x00,
  0x00, 0x00, 0x00, 0x02, 0x05, 0x05, 0x25, 0x67, 0x92, 0xe6, 0xf0, 0xf8, 0xfe, 0xfc, 0xfd, 0xfd,
  0xfb, 0xfd, 0xfc, 0xfb, 0xfb, 0xfe, 0xfc, 0xfe, 0xfc, 0xfb, 0xfb, 0xfc, 0xfa, 0xfd, 0xfc, 0xfe,
  0xf7, 0xd0, 0x8b, 0xbe, 0xe6, 0xe4, 0xa4, 0x51, 0x00, 0x00, 0x00, 0x00, 0x00, 0x00, 0x00, 0x00,
  0x00, 0x00, 0x00, 0x00, 0x00, 0x00, 0x00, 0x00, 0x00, 0x00, 0x00, 0x00, 0x00, 0x00, 0x00, 0x00,
  0x00, 0x00, 0x00, 0x01, 0x02, 0x06, 0x06, 0x07, 0x07, 0x01, 0x08, 0x04, 0x0a, 0x22, 0x22, 0x85,
  0x9d, 0xdf, 0xe1, 0xe8, 0xf9, 0xfd, 0xfc, 0xfd, 0xfd, 0xfd, 0xfb, 0xfc, 0xfa, 0xfc, 0xfb, 0xfc,
  0xfc, 0xfc, 0xfa, 0xf8, 0xfa, 0xf6, 0xfa, 0xf1, 0xed, 0xf6, 0xf2, 0xa8, 0x33, 0x12, 0x0f, 0x01,
  0x0e, 0x00, 0x19, 0x93, 0x4c, 0x00, 0x00, 0x00, 0x00, 0x00, 0x00, 0x00, 0x00, 0x00, 0x00, 0x00,
  0x00, 0x00, 0x00, 0x00, 0x00, 0x00, 0x00, 0x00, 0x00, 0x00, 0x00, 0x00, 0x00, 0x00, 0x00, 0x00,
  0x00, 0x00, 0x00, 0x00, 0x00, 0x00, 0x00, 0x00, 0x00, 0x00, 0x00, 0x00, 0x00, 0x00, 0x00, 0x00,
  0x00, 0x00, 0x00, 0x00, 0x00, 0x00, 0x00, 0x00, 0x00, 0x00, 0x00, 0x00, 0x00, 0x00, 0x00, 0x00,
  0x00, 0x00, 0x00, 0x00, 0x00, 0x00, 0x00, 0x00, 0x00, 0x00, 0x00, 0x00, 0x00, 0x00, 0x00, 0x00,
  0x00, 0x00, 0x00, 0x00, 0x00, 0x00, 0x00, 0x00, 0x00, 0x00, 0x00, 0x05, 0x08, 0x08, 0x39, 0xb2,
  0xec, 0xf6, 0xf8, 0xfa, 0xfb, 0xfe, 0xfb, 0xfc, 0xfe, 0xfc, 0xfc, 0xfa, 0xfb, 0xfd, 0xfd, 0xfe,
  0xfd, 0xfc, 0xfc, 0xfb, 0xfb, 0xfc, 0xfd, 0xfd, 0xfb, 0xdd, 0x62, 0x72, 0xa2, 0xde, 0x8c, 0x33,
  0x00, 0x00, 0x00, 0x00, 0x00, 0x00, 0x00, 0x00, 0x00, 0x00, 0x00, 0x00, 0x00, 0x00, 0x00, 0x00,
  0x00, 0x00, 0x00, 0x00, 0x00, 0x00, 0x00, 0x00, 0x00, 0x00, 0x00, 0x00, 0x00, 0x00, 0x06, 0x03,
  0x04, 0x00, 0x08, 0x2c, 0x2a, 0x00, 0x42, 0xc1, 0xb3, 0x8f, 0xc6, 0xef, 0xf9, 0xfa, 0xfb, 0xfc,
  0xfd, 0xfd, 0xfa, 0xfb, 0xfb, 0xf9, 0xfc, 0xfb, 0xfc, 0xfc, 0xfb, 0xfa, 0xfa, 0xfc, 0xfe, 0xfb,
  0xf7, 0xe9, 0xca, 0xe3, 0xb0, 0x31, 0x09, 0x05, 0x00, 0x03, 0x0d, 0x48, 0x60, 0x08, 0x04, 0x00,
  0x00, 0x00, 0x00, 0x00, 0x00, 0x00, 0x00, 0x00, 0x00, 0x00, 0x00, 0x00, 0x00, 0x00, 0x00, 0x00,
  0x00, 0x00, 0x00, 0x00, 0x00, 0x00, 0x00, 0x00, 0x00, 0x00, 0x00, 0x00, 0x00, 0x00, 0x00, 0x00,
  0x00, 0x00, 0x00, 0x00, 0x00, 0x00, 0x00, 0x00, 0x00, 0x00, 0x00, 0x00, 0x00, 0x00, 0x00, 0x00,
  0x00, 0x00, 0x00, 0x00, 0x00, 0x00, 0x00, 0x00, 0x00, 0x00, 0x00, 0x00, 0x00, 0x06, 0x00, 0x00,
  0x00, 0x00, 0x00, 0x00, 0x00, 0x00, 0x00, 0x00, 0x00, 0x00, 0x00, 0x00, 0x00, 0x00, 0x00, 0x00,
  0x02, 0x00, 0x02, 0x09, 0x35, 0x43, 0xbb, 0xf1, 0xf9, 0xfa, 0xf8, 0xfc, 0xf7, 0xfc, 0xfd, 0xfc,
  0xff, 0xfd, 0xfb, 0xfc, 0xfd, 0xfb, 0xfd, 0xfd, 0xfd, 0xfc, 0xfb, 0xfc, 0xfb, 0xff, 0xfc, 0xf6,
  0xd4, 0xca, 0x57, 0x4c, 0x57, 0xb3, 0x64, 0x11, 0x00, 0x00, 0x00, 0x00, 0x00, 0x00, 0x00, 0x00,
  0x00, 0x00, 0x00, 0x00, 0x00, 0x00, 0x00, 0x00, 0x00, 0x00, 0x00, 0x00, 0x00, 0x00, 0x00, 0x00,
  0x00, 0x00, 0x00, 0x00, 0x00, 0x05, 0x03, 0x0c, 0x08, 0x18, 0x69, 0xcf, 0xd0, 0x44, 0xa0, 0xda,
  0xb6, 0x55, 0x8f, 0xfa, 0xf7, 0xfa, 0xfa, 0xfc, 0xfc, 0xfb, 0xfe, 0xfd, 0xfa, 0xfb, 0xfa, 0xfd,
  0xfc, 0xfc, 0xfc, 0xfc, 0xfa, 0xf8, 0xf8, 0xf3, 0xf0, 0xef, 0xe7, 0xe1, 0xdd, 0x58, 0x19, 0x09,
  0x0a, 0x11, 0x01, 0x05, 0x13, 0x17, 0x0a, 0x01, 0x00, 0x00, 0x00, 0x00, 0x00, 0x00, 0x00, 0x00,
  0x00, 0x00, 0x00, 0x00, 0x00, 0x00, 0x00, 0x00, 0x00, 0x00, 0x00, 0x00, 0x00, 0x00, 0x00, 0x00,
  0x00, 0x00, 0x00, 0x00, 0x00, 0x00, 0x00, 0x00, 0x00, 0x00, 0x00, 0x00, 0x00, 0x00, 0x00, 0x00,
  0x00, 0x00, 0x00, 0x00, 0x00, 0x00, 0x00, 0x00, 0x00, 0x00, 0x00, 0x00, 0x00, 0x00, 0x00, 0x00,
  0x00, 0x00, 0x00, 0x00, 0x00, 0x01, 0x00, 0x03, 0x00, 0x00, 0x00, 0x00, 0x00, 0x00, 0x00, 0x00,
  0x00, 0x00, 0x00, 0x00, 0x00, 0x02, 0x01, 0x04, 0x00, 0x0a, 0x05, 0x1c, 0x85, 0xd4, 0xe6, 0xfc,
  0xfd, 0xf6, 0xf8, 0xfa, 0xfa, 0xfc, 0xfc, 0xfd, 0xfd, 0xfc, 0xff, 0xfc, 0xff, 0xfd, 0xfc, 0xfe,
  0xfc, 0xfb, 0xfe, 0xfc, 0xfc, 0xfb, 0xfc, 0xe8, 0x9e, 0x8d, 0xa5, 0x57, 0x2c, 0x33, 0x4f, 0x2b,
  0x00, 0x00, 0x00, 0x00, 0x00, 0x00, 0x00, 0x00, 0x00, 0x00, 0x00, 0x00, 0x00, 0x00, 0x00, 0x00,
  0x00, 0x00, 0x00, 0x00, 0x00, 0x00, 0x00, 0x00, 0x00, 0x00, 0x00, 0x00, 0x08, 0x0d, 0x0e, 0x13,
  0x3b, 0x5b, 0xc4, 0xe4, 0xdf, 0x6e, 0xba, 0x47, 0x50, 0x8d, 0xd3, 0xe0, 0xf4, 0xfb, 0xfb, 0xfc,
  0xfb, 0xfc, 0xfd, 0xfd, 0xfd, 0xfa, 0xfd, 0xfc, 0xfa, 0xfd, 0xfe, 0xfc, 0xfb, 0xfa, 0xfa, 0xfd,
  0xfd, 0xed, 0xee, 0xe9, 0xf1, 0xc7, 0x62, 0x38, 0x09, 0x13, 0x01, 0x00, 0x00, 0x32, 0x27, 0x0c,
  0x04, 0x00, 0x00, 0x01, 0x00, 0x00, 0x01, 0x00, 0x00, 0x00, 0x00, 0x00, 0x00, 0x00, 0x00, 0x00,
  0x00, 0x00, 0x00, 0x00, 0x00, 0x01, 0x00, 0x00, 0x03, 0x00, 0x00, 0x00, 0x00, 0x00, 0x00, 0x00,
  0x00, 0x00, 0x00, 0x00, 0x00, 0x00, 0x00, 0x00, 0x00, 0x00, 0x00, 0x00, 0x00, 0x00, 0x00, 0x00,
  0x00, 0x00, 0x00, 0x00, 0x01, 0x00, 0x00, 0x00, 0x00, 0x00, 0x02, 0x00, 0x00, 0x00, 0x01, 0x00,
  0x00, 0x00, 0x00, 0x00, 0x00, 0x01, 0x00, 0x00, 0x00, 0x00, 0x01, 0x05, 0x03, 0x02, 0x05, 0x01,
  0x05, 0x11, 0x1b, 0x4a, 0xbe, 0xf5, 0xfc, 0xf3, 0xfe, 0xfe, 0xf9, 0xfd, 0xf7, 0xfd, 0xfe, 0xfc,
  0xfc, 0xfc, 0xfe, 0xfd, 0xfc, 0xfe, 0xfd, 0xff, 0xfd, 0xfd, 0xfd, 0xfc, 0xfb, 0xf8, 0xf6, 0xdf,
  0x9d, 0x79, 0xc2, 0x53, 0x34, 0x64, 0x53, 0x28, 0x00, 0x00, 0x00, 0x00, 0x00, 0x00, 0x00, 0x00,
  0x00, 0x00, 0x00, 0x00, 0x00, 0x00, 0x00, 0x00, 0x00, 0x00, 0x00, 0x00, 0x00, 0x00, 0x00, 0x00,
  0x00, 0x00, 0x00, 0x00, 0x00, 0x21, 0x1c, 0x1a, 0x28, 0x44, 0x53, 0xc0, 0xf0, 0xd7, 0xc6, 0xc6,
  0xe7, 0xf1, 0xee, 0xee, 0xff, 0xfd, 0xfd, 0xfb, 0xff, 0xfe, 0xfd, 0xfd, 0xfb, 0xfd, 0xff, 0xfd,
  0xfe, 0xfc, 0xfd, 0xfd, 0xfd, 0xfb, 0xfb, 0xf7, 0xf1, 0xf5, 0xe3, 0x9c, 0x79, 0xcd, 0x99, 0x52,
  0x3a, 0x1d, 0x0b, 0x0d, 0x05, 0x04, 0x03, 0x00, 0x00, 0x01, 0x00, 0x00, 0x00, 0x00, 0x00, 0x00,
  0x00, 0x00, 0x00, 0x00, 0x00, 0x00, 0x00, 0x00, 0x00, 0x00, 0x00, 0x00, 0x00, 0x00, 0x02, 0x00,
  0x00, 0x00, 0x00, 0x00, 0x00, 0x00, 0x00, 0x00, 0x00, 0x00, 0x00, 0x00, 0x00, 0x00, 0x00, 0x00,
  0x00, 0x00, 0x00, 0x00, 0x00, 0x00, 0x00, 0x00, 0x00, 0x00, 0x00, 0x00, 0x00, 0x00, 0x00, 0x00,
  0x0c, 0x30, 0x09, 0x00, 0x00, 0x00, 0x00, 0x00, 0x04, 0x01, 0x00, 0x00, 0x00, 0x03, 0x01, 0x00,
  0x03, 0x00, 0x00, 0x00, 0x00, 0x0f, 0x0a, 0x00, 0x0f, 0x0c, 0x14, 0x66, 0xee, 0xf9, 0xff, 0xfc,
  0xfb, 0xfb, 0xfb, 0xfc, 0xfa, 0xff, 0xff, 0xff, 0xff, 0xfd, 0xfe, 0xfe, 0xfc, 0xfd, 0xff, 0xfe,
  0xff, 0xff, 0xfc, 0xfc, 0xf8, 0xfc, 0xf0, 0xe7, 0xb3, 0x8d, 0x84, 0x80, 0x96, 0x4a, 0x2b, 0x30,
  0x00, 0x00, 0x00, 0x00, 0x00, 0x00, 0x00, 0x00, 0x00, 0x00, 0x00, 0x00, 0x00, 0x00, 0x00, 0x00,
  0x00, 0x00, 0x00, 0x00, 0x00, 0x00, 0x00, 0x00, 0x00, 0x00, 0x00, 0x00, 0x00, 0x4a, 0x42, 0x24,
  0x11, 0x28, 0x4f, 0xbf, 0xf0, 0xdc, 0xc1, 0xd0, 0xb0, 0x73, 0x6e, 0xf2, 0xff, 0xff, 0xfc, 0xfc,
  0xfd, 0xfe, 0xfc, 0xfd, 0xff, 0xff, 0xff, 0xff, 0xfc, 0xfe, 0xfe, 0xfd, 0xfe, 0xfb, 0xfd, 0xfb,
  0xf3, 0xfd, 0xf0, 0xbc, 0x83, 0xda, 0xb4, 0x77, 0x3b, 0x40, 0x1f, 0x12, 0x1a, 0x0a, 0x00, 0x00,
  0x00, 0x00, 0x00, 0x00, 0x01, 0x00, 0x00, 0x00, 0x00, 0x00, 0x00, 0x00, 0x00, 0x00, 0x00, 0x00,
  0x00, 0x00, 0x00, 0x00, 0x00, 0x01, 0x00, 0x00, 0x00, 0x00, 0x00, 0x00, 0x00, 0x00, 0x00, 0x00,
  0x00, 0x00, 0x00, 0x00, 0x00, 0x00, 0x00, 0x00, 0x00, 0x00, 0x00, 0x00, 0x00, 0x01, 0x01, 0x00,
  0x00, 0x00, 0x00, 0x00, 0x00, 0x00, 0x00, 0x00, 0x07, 0x29, 0x09, 0x01, 0x02, 0x03, 0x00, 0x01,
  0x03, 0x00, 0x00, 0x00, 0x01, 0x04, 0x00, 0x00, 0x00, 0x02, 0x00, 0x00, 0x05, 0x1b, 0x2c, 0x12,
  0x0d, 0x1b, 0x63, 0xda, 0xfb, 0xfc, 0xfd, 0xfc, 0xfb, 0xfd, 0xfa, 0xfd, 0xfd, 0xff, 0xff, 0xff,
  0xfd, 0xfe, 0xfd, 0xfd, 0xff, 0xff, 0xfe, 0xff, 0xfe, 0xfe, 0xfd, 0xf9, 0xfd, 0xff, 0xff, 0xd8,
  0xc2, 0x96, 0xbf, 0xaa, 0xc2, 0x5d, 0x3b, 0x11, 0x00, 0x00, 0x00, 0x00, 0x00, 0x00, 0x00, 0x00,
  0x00, 0x00, 0x00, 0x00, 0x00, 0x00, 0x00, 0x00, 0x00, 0x00, 0x00, 0x00, 0x00, 0x00, 0x00, 0x00,
  0x00, 0x00, 0x00, 0x00, 0x00, 0x25, 0x2e, 0x16, 0x08, 0x1b, 0x7a, 0xcd, 0xe2, 0x47, 0x33, 0x43,
  0x4b, 0x2a, 0x5f, 0xde, 0xf2, 0xfe, 0xfa, 0xfa, 0xfd, 0xfb, 0xfe, 0xfe, 0xfa, 0xfe, 0xff, 0xfc,
  0xfd, 0xfb, 0xfe, 0xfe, 0xfd, 0xff, 0xfe, 0xfd, 0xfa, 0xf6, 0xf4, 0xee, 0xe9, 0xda, 0xa5, 0x9c,
  0x76, 0x49, 0x59, 0x29, 0x1d, 0x03, 0x00, 0x00, 0x00, 0x00, 0x00, 0x00, 0x00, 0x00, 0x00, 0x00,
  0x01, 0x00, 0x00, 0x00, 0x00, 0x00, 0x00, 0x00, 0x00, 0x00, 0x00, 0x00, 0x00, 0x00, 0x00, 0x00,
  0x00, 0x00, 0x00, 0x00, 0x00, 0x00, 0x00, 0x00, 0x00, 0x00, 0x00, 0x00, 0x00, 0x00, 0x00, 0x00,
  0x00, 0x00, 0x00, 0x00, 0x00, 0x00, 0x00, 0x00, 0x00, 0x00, 0x00, 0x00, 0x00, 0x00, 0x00, 0x00,
  0x03, 0x02, 0x04, 0x0c, 0x04, 0x04, 0x00, 0x00, 0x08, 0x00, 0x00, 0x04, 0x00, 0x00, 0x00, 0x00,
  0x00, 0x00, 0x04, 0x08, 0x02, 0x10, 0x1a, 0x14, 0x26, 0xa3, 0xdb, 0xf1, 0xf9, 0xfb, 0xfd, 0xfb,
  0xfd, 0xfb, 0xfe, 0xfe, 0xfc, 0xff, 0xfe, 0xfe, 0xfd, 0xfa, 0xff, 0xfd, 0xfe, 0xfe, 0xfd, 0xfd,
  0xfc, 0xf9, 0xfd, 0xfc, 0xfd, 0xff, 0xfd, 0xf1, 0xe1, 0xb8, 0xc9, 0x9d, 0xc4, 0x3b, 0x25, 0x04,
  0x00, 0x00, 0x00, 0x00, 0x00, 0x00, 0x00, 0x00, 0x00, 0x00, 0x00, 0x00, 0x00, 0x00, 0x00, 0x00,
  0x00, 0x00, 0x00, 0x00, 0x00, 0x00, 0x00, 0x00, 0x00, 0x00, 0x00, 0x00, 0x00, 0x0e, 0x0b, 0x0c,
  0x28, 0x6c, 0x5b, 0x2e, 0x21, 0x0d, 0x22, 0x25, 0x2a, 0x70, 0xbc, 0xda, 0xf2, 0xf4, 0xe9, 0xfd,
  0xf7, 0xfc, 0xf8, 0xfd, 0xfd, 0xfe, 0xfd, 0xff, 0xfa, 0xfc, 0xfa, 0xfb, 0xfb, 0xfc, 0xfe, 0xfe,
  0xf8, 0xf8, 0xf5, 0xf1, 0xf9, 0xf4, 0xa2, 0x7d, 0x8f, 0x71, 0x6f, 0x5a, 0x21, 0x1f, 0x20, 0x2c,
  0x1c, 0x0b, 0x00, 0x05, 0x00, 0x00, 0x00, 0x00, 0x00, 0x00, 0x00, 0x00, 0x00, 0x00, 0x00, 0x00,
  0x00, 0x00, 0x00, 0x00, 0x00, 0x00, 0x00, 0x00, 0x00, 0x00, 0x00, 0x00, 0x00, 0x00, 0x00, 0x00,
  0x00, 0x00, 0x00, 0x00, 0x00, 0x00, 0x00, 0x00, 0x00, 0x00, 0x00, 0x00, 0x00, 0x00, 0x00, 0x00,
  0x00, 0x00, 0x00, 0x00, 0x02, 0x00, 0x00, 0x00, 0x00, 0x00, 0x0d, 0x28, 0x06, 0x26, 0x02, 0x00,
  0x03, 0x02, 0x00, 0x00, 0x01, 0x00, 0x00, 0x04, 0x00, 0x00, 0x0d, 0x1b, 0x08, 0x0e, 0x0b, 0x51,
  0xc4, 0xe9, 0xe6, 0xf7, 0xff, 0xfc, 0xfe, 0xfe, 0xfb, 0xfa, 0xfb, 0xfc, 0xfd, 0xfe, 0xfc, 0xff,
  0xfc, 0xfc, 0xfb, 0xfd, 0xfe, 0xfd, 0xfc, 0xfe, 0xfb, 0xfb, 0xfa, 0xfb, 0xfc, 0xf2, 0xfa, 0xff,
  0xf7, 0xce, 0x70, 0x52, 0x5a, 0x1e, 0x15, 0x07, 0x00, 0x00, 0x00, 0x00, 0x00, 0x00, 0x00, 0x00,
  0x00, 0x00, 0x00, 0x00, 0x00, 0x00, 0x00, 0x00, 0x00, 0x00, 0x00, 0x00, 0x00, 0x00, 0x00, 0x00,
  0x00, 0x00, 0x00, 0x00, 0x02, 0x08, 0x05, 0x0c, 0x1d, 0x0c, 0x00, 0x00, 0x00, 0x1c, 0x1c, 0x23,
  0x1e, 0x32, 0x7c, 0x9c, 0xc6, 0xc6, 0xf8, 0xff, 0xff, 0xfd, 0xfc, 0xf9, 0xfe, 0xff, 0xfc, 0xff,
  0xfe, 0xfd, 0xff, 0xfc, 0xfc, 0xff, 0xfe, 0xff, 0xff, 0xfd, 0xfc, 0xf7, 0xf7, 0xff, 0xed, 0xb6,
  0xa0, 0x6b, 0x48, 0x60, 0x69, 0x34, 0x3a, 0x5a, 0x55, 0x32, 0x13, 0x05, 0x00, 0x01, 0x00, 0x00,
  0x00, 0x00, 0x00, 0x00, 0x00, 0x00, 0x00, 0x00, 0x00, 0x00, 0x00, 0x00, 0x00, 0x00, 0x00, 0x00,
  0x00, 0x00, 0x00, 0x00, 0x00, 0x00, 0x00, 0x00, 0x00, 0x00, 0x00, 0x00, 0x00, 0x00, 0x00, 0x00,
  0x00, 0x00, 0x00, 0x00, 0x00, 0x00, 0x00, 0x00, 0x00, 0x00, 0x01, 0x00, 0x00, 0x05, 0x01, 0x00,
  0x02, 0x00, 0x0d, 0x17, 0x07, 0x82, 0x1c, 0x01, 0x11, 0x2f, 0x23, 0x09, 0x01, 0x05, 0x01, 0x00,
  0x0c, 0x0a, 0x11, 0x35, 0x61, 0x1e, 0x69, 0xce, 0xf6, 0xf2, 0xef, 0xfa, 0xf7, 0xfe, 0xfb, 0xff,
  0xfe, 0xfe, 0xff, 0xfa, 0xfe, 0xfe, 0xfd, 0xff, 0xfd, 0xff, 0xfe, 0xfb, 0xfd, 0xff, 0xfc, 0xff,
  0xff, 0xfd, 0xfb, 0xf8, 0xfd, 0xff, 0xfa, 0xf6, 0xf0, 0xd8, 0x7a, 0x51, 0x73, 0x7f, 0x3b, 0x0b,
  0x00, 0x00, 0x00, 0x00, 0x00, 0x00, 0x00, 0x00, 0x00, 0x00, 0x00, 0x00, 0x00, 0x00, 0x00, 0x00,
  0x00, 0x00, 0x00, 0x00, 0x00, 0x00, 0x00, 0x00, 0x02, 0x00, 0x00, 0x00, 0x04, 0x07, 0x04, 0x03,
  0x03, 0x00, 0x01, 0x00, 0x07, 0x10, 0x13, 0x0d, 0x10, 0x07, 0x09, 0x28, 0xdb, 0xd1, 0xf5, 0xfb,
  0xfb, 0xfd, 0xfd, 0xfd, 0xff, 0xff, 0xfd, 0xfd, 0xfe, 0xfe, 0xfd, 0xfb, 0xfe, 0xfd, 0xfd, 0xfe,
  0xff, 0xff, 0xfd, 0xfa, 0xfd, 0xf4, 0xff, 0xf7, 0xdc, 0x9b, 0x63, 0x58, 0x69, 0x3a, 0x1b, 0x2c,
  0x45, 0x44, 0x7e, 0x19, 0x00, 0x07, 0x00, 0x00, 0x02, 0x00, 0x00, 0x00, 0x04, 0x01, 0x00, 0x00,
  0x01, 0x00, 0x00, 0x00, 0x01, 0x01, 0x00, 0x00, 0x01, 0x00, 0x00, 0x00, 0x01, 0x00, 0x00, 0x00,
  0x00, 0x00, 0x00, 0x00, 0x02, 0x01, 0x00, 0x00, 0x00, 0x00, 0x00, 0x00, 0x01, 0x01, 0x00, 0x00,
  0x00, 0x00, 0x00, 0x00, 0x03, 0x05, 0x03, 0x00, 0x02, 0x00, 0x04, 0x03, 0x05, 0x61, 0x39, 0x0a,
  0x15, 0x24, 0x53, 0x12, 0x07, 0x09, 0x05, 0x03, 0x0e, 0x0b, 0x0b, 0x37, 0xd8, 0xcb, 0xef, 0xf5,
  0xf5, 0xf7, 0xf8, 0xfd, 0xfd, 0xff, 0xfd, 0xfd, 0xff, 0xff, 0xfa, 0xfd, 0xff, 0xff, 0xfe, 0xfe,
  0xff, 0xff, 0xfe, 0xfe, 0xff, 0xfe, 0xfd, 0xfc, 0xff, 0xfd, 0xfc, 0xfb, 0xfe, 0xf9, 0xff, 0xf8,
  0xd3, 0xad, 0x61, 0x53, 0x46, 0x72, 0x45, 0x10, 0x00, 0x00, 0x00, 0x00, 0x00, 0x00, 0x00, 0x00,
  0x00, 0x00, 0x00, 0x00, 0x00, 0x00, 0x00, 0x00, 0x00, 0x00, 0x00, 0x00, 0x00, 0x00, 0x00, 0x00,
  0x00, 0x00, 0x00, 0x00, 0x00, 0x0e, 0x03, 0x03, 0x06, 0x02, 0x06, 0x00, 0x00, 0x0a, 0x0d, 0x16,
  0x05, 0x0f, 0x05, 0x12, 0x7e, 0xdd, 0xfa, 0xfb, 0xfc, 0xf8, 0xf9, 0xff, 0xfa, 0xfc, 0xff, 0xfe,
  0xff, 0xfd, 0xfc, 0xfe, 0xff, 0xfb, 0xff, 0xfe, 0xff, 0xfb, 0xfa, 0xfd, 0xfa, 0xf5, 0xf6, 0xf9,
  0xf5, 0xf2, 0xd0, 0x92, 0x87, 0x7d, 0x44, 0x2c, 0x38, 0x4e, 0x6d, 0x2d, 0x00, 0x06, 0x00, 0x00,
  0x01, 0x00, 0x00, 0x00, 0x00, 0x00, 0x00, 0x00, 0x00, 0x00, 0x00, 0x00, 0x00, 0x02, 0x00, 0x00,
  0x00, 0x00, 0x00, 0x00, 0x00, 0x00, 0x00, 0x00, 0x00, 0x00, 0x00, 0x00, 0x00, 0x00, 0x00, 0x00,
  0x00, 0x00, 0x00, 0x00, 0x00, 0x00, 0x00, 0x00, 0x00, 0x00, 0x00, 0x00, 0x00, 0x00, 0x05, 0x02,
  0x00, 0x00, 0x00, 0x00, 0x00, 0x15, 0x47, 0x41, 0x15, 0x22, 0x58, 0x26, 0x21, 0x08, 0x07, 0x05,
  0x10, 0x21, 0x33, 0x9c, 0xe2, 0xf4, 0xf6, 0xfa, 0xf9, 0xed, 0xf7, 0xfa, 0xfb, 0xfe, 0xfe, 0xfb,
  0xff, 0xfd, 0xfb, 0xfd, 0xfd, 0xff, 0xff, 0xff, 0xfd, 0xfe, 0xfd, 0xfd, 0xff, 0xfd, 0xfe, 0xfe,
  0xfe, 0xf7, 0xfc, 0xfd, 0xf8, 0xf8, 0xf9, 0xe3, 0x90, 0x62, 0x4e, 0x0c, 0x1f, 0x1e, 0x0d, 0x04,
  0x00, 0x00, 0x00, 0x00, 0x00, 0x00, 0x00, 0x00, 0x00, 0x00, 0x00, 0x00, 0x00, 0x00, 0x00, 0x00,
  0x00, 0x00, 0x00, 0x00, 0x00, 0x00, 0x00, 0x00, 0x00, 0x00, 0x00, 0x00, 0x02, 0x0d, 0x00, 0x00,
  0x04, 0x04, 0x00, 0x00, 0x0a, 0x00, 0x08, 0x03, 0x03, 0x13, 0x15, 0x1c, 0x4b, 0xd1, 0xfc, 0xff,
  0xf7, 0xf2, 0xff, 0xff, 0xfe, 0xfd, 0xff, 0xff, 0xfc, 0xfd, 0xff, 0xff, 0xff, 0xfc, 0xff, 0xff,
  0xfa, 0xfd, 0xfe, 0xff, 0xff, 0xfe, 0xf9, 0xfb, 0xf5, 0xf2, 0xf4, 0xd1, 0xd2, 0xd5, 0xa8, 0xc9,
  0xba, 0x76, 0x32, 0x30, 0x3b, 0x2d, 0x06, 0x04, 0x00, 0x02, 0x04, 0x00, 0x0a, 0x00, 0x03, 0x02,
  0x00, 0x00, 0x00, 0x01, 0x00, 0x17, 0x20, 0x04, 0x00, 0x00, 0x00, 0x01, 0x00, 0x00, 0x00, 0x00,
  0x00, 0x00, 0x00, 0x00, 0x00, 0x00, 0x00, 0x00, 0x00, 0x00, 0x00, 0x00, 0x00, 0x00, 0x00, 0x02,
  0x00, 0x03, 0x03, 0x05, 0x05, 0x04, 0x07, 0x04, 0x00, 0x00, 0x01, 0x00, 0x05, 0x00, 0x37, 0xb4,
  0x69, 0x4b, 0x3f, 0xa0, 0x64, 0x48, 0x1d, 0x20, 0x20, 0x56, 0x8f, 0xe2, 0xed, 0xf7, 0xff, 0xfa,
  0xf8, 0xfb, 0xfd, 0xff, 0xf9, 0xff, 0xfd, 0xfe, 0xfe, 0xff, 0xff, 0xff, 0xfc, 0xff, 0xff, 0xff,
  0xfd, 0xff, 0xff, 0xff, 0xff, 0xfb, 0xff, 0xff, 0xfa, 0xf4, 0xed, 0xe9, 0xe4, 0xfa, 0xed, 0xd2,
  0x79, 0x59, 0x63, 0x18, 0x0b, 0x0e, 0x09, 0x03, 0x00, 0x00, 0x00, 0x00, 0x00, 0x00, 0x00, 0x00,
  0x00, 0x00, 0x00, 0x00, 0x00, 0x00, 0x00, 0x00, 0x00, 0x00, 0x00, 0x00, 0x00, 0x00, 0x00, 0x00,
  0x00, 0x00, 0x00, 0x00, 0x20, 0x2f, 0x0c, 0x04, 0x03, 0x00, 0x00, 0x00, 0x00, 0x01, 0x02, 0x00,
  0x05, 0x08, 0x4c, 0x89, 0x4e, 0x90, 0xe0, 0xfa, 0xfe, 0xff, 0xfd, 0xff, 0xf9, 0xfd, 0xfb, 0xfd,
  0xfd, 0xfd, 0xfe, 0xfe, 0xfc, 0xfe, 0xfc, 0xfc, 0xfe, 0xfc, 0xff, 0xfe, 0xf9, 0xfd, 0xf9, 0xfa,
  0xfb, 0xf6, 0xf8, 0xf4, 0xe2, 0xf1, 0xc5, 0x86, 0x56, 0x48, 0x81, 0x57, 0x5c, 0x41, 0x1b, 0x00,
  0x08, 0x0e, 0x05, 0x15, 0x0e, 0x08, 0x07, 0x07, 0x0b, 0x06, 0x00, 0x00, 0x02, 0x05, 0x07, 0x05,
  0x05, 0x01, 0x00, 0x02, 0x00, 0x00, 0x10, 0x82, 0xb6, 0x1d, 0x10, 0x0b, 0x00, 0x01, 0x00, 0x00,
  0x00, 0x00, 0x00, 0x00, 0x00, 0x04, 0x00, 0x00, 0x02, 0x01, 0x00, 0x01, 0x02, 0x01, 0x00, 0x02,
  0x07, 0x00, 0x00, 0x02, 0x00, 0x0f, 0x1c, 0x2c, 0x31, 0x44, 0x6b, 0xb8, 0xca, 0x25, 0x25, 0x3b,
  0x5b, 0xb8, 0xc8, 0xf0, 0xf8, 0xfb, 0xf8, 0xfb, 0xfa, 0xfb, 0xfb, 0xfc, 0xf8, 0xff, 0xfd, 0xfc,
  0xfe, 0xfa, 0xfd, 0xfd, 0xfb, 0xff, 0xfd, 0xfc, 0xff, 0xfe, 0xfc, 0xfc, 0xfd, 0xff, 0xff, 0xff,
  0xff, 0xfa, 0xff, 0xfd, 0xfe, 0xee, 0xf8, 0xe6, 0xc6, 0x5a, 0x64, 0x2d, 0x15, 0x09, 0x00, 0x00,
  0x00, 0x00, 0x00, 0x00, 0x00, 0x00, 0x00, 0x00, 0x00, 0x00, 0x00, 0x00, 0x00, 0x00, 0x00, 0x00,
  0x00, 0x00, 0x00, 0x00, 0x00, 0x00, 0x00, 0x00, 0x00, 0x00, 0x00, 0x00, 0x12, 0x0e, 0x00, 0x00,
  0x00, 0x00, 0x00, 0x00, 0x00, 0x00, 0x01, 0x02, 0x01, 0x05, 0x10, 0x26, 0x38, 0x6c, 0xc7, 0xfc,
  0xfa, 0xf9, 0xf9, 0xff, 0xff, 0xfb, 0xfc, 0xfc, 0xfc, 0xfe, 0xfd, 0xff, 0xff, 0xfd, 0xfb, 0xfd,
  0xfc, 0xff, 0xff, 0xff, 0xff, 0xfe, 0xfa, 0xfc, 0xfb, 0xfc, 0xfb, 0xfb, 0xf7, 0xf5, 0xf3, 0xde,
  0xb3, 0x9c, 0xb3, 0x84, 0x35, 0x4c, 0x44, 0x3a, 0x22, 0x08, 0x12, 0x00, 0x0b, 0x0a, 0x08, 0x0f,
  0x01, 0x06, 0x00, 0x05, 0x00, 0x08, 0x01, 0x04, 0x06, 0x03, 0x00, 0x03, 0x01, 0x00, 0x0b, 0x46,
  0x96, 0x08, 0x00, 0x03, 0x02, 0x00, 0x00, 0x01, 0x03, 0x00, 0x00, 0x00, 0x02, 0x00, 0x00, 0x00,
  0x03, 0x04, 0x02, 0x01, 0x07, 0x06, 0x00, 0x00, 0x07, 0x02, 0x02, 0x05, 0x10, 0x12, 0x1b, 0x2c,
  0x5d, 0x91, 0xbb, 0xcd, 0xd0, 0x44, 0x65, 0xc8, 0xe9, 0xf7, 0xfb, 0xf2, 0xfa, 0xfc, 0xf9, 0xf9,
  0xfc, 0xfa, 0xfd, 0xfd, 0xfd, 0xfd, 0xfc, 0xff, 0xfc, 0xfd, 0xfe, 0xff, 0xff, 0xfe, 0xfc, 0xfd,
  0xfe, 0xfe, 0xfe, 0xfc, 0xff, 0xfe, 0xfa, 0xff, 0xfe, 0xfd, 0xfb, 0xfc, 0xf5, 0xf8, 0xe3, 0xde,
  0xc2, 0x86, 0x92, 0x22, 0x16, 0x04, 0x07, 0x00, 0x00, 0x00, 0x00, 0x00, 0x00, 0x00, 0x00, 0x00,
  0x00, 0x00, 0x00, 0x00, 0x00, 0x00, 0x00, 0x00, 0x00, 0x00, 0x00, 0x00, 0x00, 0x00, 0x00, 0x00,
  0x00, 0x00, 0x00, 0x00, 0x00, 0x00, 0x00, 0x00, 0x00, 0x00, 0x00, 0x00, 0x00, 0x00, 0x01, 0x00,
  0x01, 0x07, 0x0a, 0x16, 0x49, 0x3a, 0x77, 0xe8, 0xf4, 0xfc, 0xfa, 0xfe, 0xf9, 0xfe, 0xfd, 0xfa,
  0xfd, 0xfd, 0xfe, 0xfc, 0xfb, 0xfe, 0xfd, 0xfd, 0xfd, 0xfe, 0xff, 0xfe, 0xfc, 0xfc, 0xfc, 0xfd,
  0xfc, 0xfb, 0xfd, 0xfb, 0xf7, 0xf6, 0xf9, 0xf2, 0xf1, 0xbf, 0x99, 0xc1, 0x4d, 0x56, 0x3c, 0x31,
  0x2f, 0x1b, 0x0d, 0x1b, 0x1b, 0x08, 0x09, 0x00, 0x06, 0x05, 0x09, 0x0d, 0x00, 0x00, 0x00, 0x00,
  0x02, 0x05, 0x00, 0x00, 0x03, 0x03, 0x0a, 0x2e, 0x21, 0x02, 0x07, 0x06, 0x03, 0x02, 0x00, 0x00,
  0x00, 0x00, 0x00, 0x00, 0x00, 0x00, 0x01, 0x13, 0x12, 0x00, 0x00, 0x02, 0x08, 0x04, 0x00, 0x00,
  0x08, 0x08, 0x04, 0x06, 0x14, 0x1d, 0x3f, 0x54, 0x6b, 0xa4, 0xc7, 0xd2, 0xe1, 0xca, 0xec, 0xf6,
  0xf6, 0xfd, 0xfa, 0xee, 0xf7, 0xfa, 0xfb, 0xfa, 0xfb, 0xfc, 0xfd, 0xfd, 0xfc, 0xfd, 0xfe, 0xfd,
  0xfd, 0xfd, 0xfd, 0xfd, 0xfb, 0xfe, 0xfd, 0xfc, 0xfb, 0xfd, 0xff, 0xfb, 0xfa, 0xfc, 0xfe, 0xfa,
  0xf9, 0xfc, 0xf9, 0xf3, 0xe5, 0xc3, 0xfb, 0xfd, 0xe8, 0xbd, 0x2d, 0x0a, 0x0f, 0x05, 0x02, 0x02,
  0x00, 0x00, 0x00, 0x00, 0x00, 0x00, 0x00, 0x00, 0x00, 0x00, 0x00, 0x00, 0x00, 0x00, 0x00, 0x00,
  0x00, 0x00, 0x00, 0x00, 0x00, 0x00, 0x00, 0x00, 0x00, 0x00, 0x00, 0x00, 0x00, 0x00, 0x00, 0x00,
  0x00, 0x00, 0x00, 0x01, 0x00, 0x00, 0x03, 0x04, 0x02, 0x05, 0x05, 0x14, 0x2a, 0x7e, 0x7d, 0xbc,
  0xec, 0xee, 0xfc, 0xfb, 0xf9, 0xfb, 0xfd, 0xfd, 0xfd, 0xfc, 0xfa, 0xfe, 0xfd, 0xfd, 0xff, 0xff,
  0xff, 0xfd, 0xfb, 0xff, 0xfe, 0xfe, 0xfe, 0xfd, 0xfe, 0xfc, 0xfa, 0xfe, 0xfb, 0xf8, 0xfd, 0xfb,
  0xf7, 0xec, 0xdb, 0xe2, 0x95, 0x6c, 0x20, 0x0c, 0x16, 0x35, 0x2d, 0x3d, 0x47, 0x5b, 0x3b, 0x11,
  0x0b, 0x0c, 0x10, 0x0d, 0x06, 0x03, 0x06, 0x02, 0x00, 0x04, 0x00, 0x01, 0x05, 0x00, 0x14, 0x22,
  0x1c, 0x05, 0x0d, 0x0c, 0x06, 0x0a, 0x06, 0x09, 0x08, 0x01, 0x00, 0x07, 0x04, 0x07, 0x05, 0x15,
  0x17, 0x03, 0x00, 0x07, 0x09, 0x01, 0x07, 0x0e, 0x17, 0x42, 0x68, 0x35, 0x14, 0x32, 0x51, 0x5f,
  0x75, 0xd2, 0xe8, 0xec, 0xff, 0xfd, 0xff, 0xfa, 0xf9, 0xfa, 0xf4, 0xfd, 0xfe, 0xfd, 0xfe, 0xfe,
  0xfb, 0xfe, 0xfb, 0xfe, 0xfd, 0xfd, 0xfd, 0xff, 0xfe, 0xfe, 0xf9, 0xff, 0xff, 0xfe, 0xfd, 0xfd,
  0xfe, 0xfe, 0xfa, 0xfc, 0xfc, 0xfa, 0xff, 0xff, 0xfb, 0xfb, 0xea, 0xf2, 0xc9, 0x84, 0xad, 0xe4,
  0xca, 0xea, 0xb9, 0x48, 0x1b, 0x21, 0x10, 0x05, 0x00, 0x00, 0x00, 0x00, 0x00, 0x00, 0x00, 0x00,
  0x00, 0x00, 0x00, 0x00, 0x00, 0x00, 0x00, 0x00, 0x00, 0x00, 0x00, 0x00, 0x00, 0x00, 0x00, 0x00,
  0x00, 0x00, 0x00, 0x00, 0x00, 0x00, 0x00, 0x00, 0x00, 0x00, 0x00, 0x00, 0x00, 0x00, 0x01, 0x00,
  0x01, 0x05, 0x08, 0x09, 0x0f, 0x2d, 0x57, 0xb1, 0xe8, 0xd9, 0xeb, 0xff, 0xfc, 0xf0, 0xfa, 0xf9,
  0xf9, 0xfe, 0xfc, 0xfe, 0xfb, 0xfb, 0xfc, 0xfc, 0xfe, 0xfd, 0xfd, 0xfc, 0xfa, 0xfc, 0xfb, 0xfe,
  0xfd, 0xfe, 0xfb, 0xfb, 0xfb, 0xfa, 0xf9, 0xf8, 0xf8, 0xf9, 0xf7, 0xec, 0xc8, 0x98, 0x4a, 0x45,
  0x50, 0x51, 0x30, 0x3a, 0x2c, 0xbb, 0xcb, 0xbc, 0x67, 0x56, 0x66, 0x44, 0x08, 0x02, 0x05, 0x00,
  0x08, 0x0a, 0x06, 0x01, 0x00, 0x00, 0x08, 0x11, 0x0f, 0x06, 0x1f, 0x12, 0x05, 0x08, 0x05, 0x09,
  0x1a, 0x08, 0x07, 0x09, 0x08, 0x00, 0x16, 0x0f, 0x0c, 0x03, 0x01, 0x03, 0x07, 0x05, 0x0b, 0x0a,
  0x1d, 0x54, 0xbb, 0xc1, 0x94, 0x55, 0x5e, 0x75, 0xb7, 0xf7, 0xfb, 0xf8, 0xff, 0xf7, 0xfd, 0xfb,
  0xfb, 0xfe, 0xfa, 0xfb, 0xfc, 0xfc, 0xfc, 0xfd, 0xfb, 0xfb, 0xfc, 0xfa, 0xfd, 0xfd, 0xfe, 0xff,
  0xfd, 0xfe, 0xfc, 0xfc, 0xfb, 0xfc, 0xfb, 0xfc, 0xfc, 0xfc, 0xfa, 0xfd, 0xfc, 0xfc, 0xfe, 0xfb,
  0xf9, 0xf3, 0xdb, 0xcf, 0xd0, 0xbf, 0xb6, 0x78, 0x4d, 0x6b, 0xa8, 0xcf, 0x9b, 0x58, 0x0f, 0x07,
  0x00, 0x00, 0x00, 0x00, 0x00, 0x00, 0x00, 0x00, 0x00, 0x00, 0x00, 0x00, 0x00, 0x00, 0x00, 0x00,
  0x00, 0x00, 0x00, 0x00, 0x00, 0x00, 0x00, 0x00, 0x00, 0x00, 0x00, 0x00, 0x00, 0x00, 0x00, 0x00,
  0x00, 0x00, 0x00, 0x00, 0x00, 0x00, 0x01, 0x00, 0x03, 0x02, 0x01, 0x04, 0x08, 0x01, 0x47, 0xcb,
  0xee, 0xc9, 0xec, 0xed, 0xfa, 0xfa, 0xf7, 0xf8, 0xf8, 0xfb, 0xfc, 0xfd, 0xfc, 0xff, 0xfd, 0xfb,
  0xfc, 0xfd, 0xfb, 0xfe, 0xfc, 0xfe, 0xfd, 0xfc, 0xfc, 0xfe, 0xfb, 0xfc, 0xf8, 0xfd, 0xfc, 0xfa,
  0xf5, 0xf4, 0xf8, 0xf9, 0xfe, 0xdb, 0x9b, 0x8d, 0x5f, 0x49, 0x42, 0x33, 0x5a, 0xb2, 0xa1, 0xcb,
  0xd2, 0xf6, 0xe2, 0xd9, 0xbd, 0x59, 0x10, 0x04, 0x08, 0x04, 0x0b, 0x0c, 0x05, 0x08, 0x18, 0x1f,
  0x1d, 0x2b, 0x38, 0x36, 0x22, 0x0f, 0x10, 0x0a, 0x17, 0x0c, 0x01, 0x06, 0x13, 0x0c, 0x20, 0x4a,
  0x13, 0x0b, 0x27, 0x2e, 0x4d, 0x3f, 0x5c, 0xa8, 0xa7, 0xd3, 0xf2, 0xf5, 0xfd, 0xc6, 0xd6, 0xea,
  0xf9, 0xfa, 0xf0, 0xf7, 0xff, 0xfd, 0xff, 0xf8, 0xfd, 0xfc, 0xf8, 0xfa, 0xfc, 0xfc, 0xfa, 0xfc,
  0xfd, 0xff, 0xfb, 0xfd, 0xff, 0xfe, 0xff, 0xfd, 0xfe, 0xfd, 0xfd, 0xfc, 0xfd, 0xfd, 0xfd, 0xfd,
  0xfc, 0xfc, 0xfa, 0xfb, 0xfc, 0xfe, 0xff, 0xf6, 0xea, 0xed, 0xe8, 0xef, 0xcc, 0x99, 0x98, 0x68,
  0x4c, 0x41, 0x5c, 0x7c, 0xc4, 0x39, 0x13, 0x01, 0x00, 0x00, 0x00, 0x00, 0x00, 0x00, 0x00, 0x00,
  0x00, 0x00, 0x00, 0x00, 0x00, 0x00, 0x00, 0x00, 0x00, 0x00, 0x00, 0x00, 0x00, 0x00, 0x00, 0x00,
  0x00, 0x00, 0x00, 0x00, 0x00, 0x00, 0x00, 0x01, 0x01, 0x01, 0x00, 0x00, 0x00, 0x00, 0x00, 0x00,
  0x00, 0x00, 0x00, 0x00, 0x00, 0x08, 0x3f, 0xb4, 0xd0, 0xe7, 0xf6, 0xf4, 0xfb, 0xf7, 0xf8, 0xf8,
  0xfb, 0xfd, 0xfd, 0xfd, 0xff, 0xfd, 0xfe, 0xfb, 0xfd, 0xfd, 0xfc, 0xfd, 0xfe, 0xfe, 0xfd, 0xfa,
  0xfc, 0xfb, 0xfd, 0xfc, 0xfb, 0xff, 0xf7, 0xf9, 0xfe, 0xf9, 0xfd, 0xf7, 0xfe, 0xe5, 0xda, 0xe4,
  0xcf, 0x86, 0x9e, 0x5d, 0x61, 0xac, 0x68, 0x80, 0x72, 0x97, 0xcd, 0xde, 0xef, 0xe5, 0x9e, 0x56,
  0x24, 0x2c, 0x19, 0x18, 0x12, 0x05, 0x06, 0x0b, 0x1b, 0x24, 0x1a, 0x1a, 0x13, 0x07, 0x0b, 0x0f,
  0x15, 0x1b, 0x01, 0x11, 0x3b, 0x01, 0x23, 0x59, 0x2d, 0x7a, 0xbb, 0xd5, 0xe0, 0xdc, 0xee, 0xe6,
  0xe6, 0xf2, 0xf6, 0xf7, 0xf7, 0xf0, 0xf2, 0xf2, 0xff, 0xff, 0xf7, 0xf9, 0xf8, 0xfe, 0xfb, 0xf7,
  0xfd, 0xfb, 0xfb, 0xfe, 0xfd, 0xfa, 0xfc, 0xfb, 0xfc, 0xfd, 0xfb, 0xfe, 0xfe, 0xfe, 0xfe, 0xfc,
  0xfd, 0xfe, 0xfd, 0xfd, 0xfe, 0xfc, 0xfb, 0xfa, 0xfb, 0xfa, 0xf9, 0xf5, 0xf3, 0xf3, 0xfa, 0xe8,
  0xc9, 0xae, 0xcc, 0xa9, 0x88, 0x4d, 0x26, 0x41, 0x30, 0x1c, 0x0e, 0x2f, 0xa9, 0x4a, 0x3d, 0x40,
  0x00, 0x00, 0x00, 0x00, 0x00, 0x00, 0x00, 0x00, 0x00, 0x00, 0x00, 0x00, 0x00, 0x00, 0x00, 0x00,
  0x00, 0x00, 0x00, 0x00, 0x00, 0x00, 0x00, 0x00, 0x00, 0x00, 0x00, 0x00, 0x00, 0x06, 0x24, 0x21,
  0x19, 0x03, 0x01, 0x00, 0x03, 0x00, 0x00, 0x00, 0x00, 0x00, 0x00, 0x02, 0x00, 0x05, 0x36, 0xc8,
  0xf9, 0xff, 0xfa, 0xff, 0xf8, 0xf8, 0xf8, 0xfd, 0xf1, 0xf8, 0xfc, 0xfd, 0xfc, 0xfe, 0xfe, 0xff,
  0xfe, 0xfc, 0xfd, 0xfd, 0xfc, 0xfc, 0xfe, 0xff, 0xfa, 0xfd, 0xff, 0xfe, 0xfb, 0xff, 0xfe, 0xfd,
  0xfe, 0xff, 0xfe, 0xfc, 0xfa, 0xdc, 0xe1, 0xe0, 0xe7, 0xdf, 0x9f, 0xaa, 0xab, 0xf2, 0xd3, 0x79,
  0x50, 0x3c, 0x4a, 0x97, 0xc2, 0xe2, 0xc9, 0xd0, 0xad, 0x8c, 0x2c, 0x1e, 0x30, 0x38, 0x3d, 0x28,
  0x25, 0x2f, 0x3b, 0x38, 0x51, 0x3f, 0x2f, 0x46, 0x67, 0x69, 0x2e, 0x33, 0x56, 0x2d, 0x94, 0xca,
  0xba, 0xdc, 0xe0, 0xec, 0xed, 0xf3, 0xf5, 0xe9, 0xf8, 0xfc, 0xf8, 0xf1, 0xfb, 0xf9, 0xff, 0xff,
  0xfa, 0xfb, 0xf9, 0xfc, 0xf9, 0xfa, 0xfe, 0xfe, 0xfe, 0xff, 0xff, 0xff, 0xf9, 0xfb, 0xfb, 0xfd,
  0xfc, 0xfe, 0xff, 0xfd, 0xfc, 0xfc, 0xff, 0xfe, 0xff, 0xfe, 0xfe, 0xfd, 0xfc, 0xfb, 0xfa, 0xfb,
  0xfa, 0xfa, 0xfc, 0xf6, 0xee, 0xfb, 0xef, 0xab, 0x57, 0x33, 0x47, 0x35, 0x43, 0x08, 0x0c, 0x0f,
  0x12, 0x0f, 0x25, 0x20, 0x29, 0xb5, 0xd7, 0xc9, 0x00, 0x00, 0x00, 0x00, 0x00, 0x00, 0x00, 0x00,
  0x00, 0x00, 0x00, 0x00, 0x00, 0x00, 0x00, 0x00, 0x00, 0x00, 0x00, 0x00, 0x00, 0x00, 0x00, 0x00,
  0x00, 0x00, 0x00, 0x00, 0x00, 0x08, 0x00, 0x00, 0x00, 0x00, 0x00, 0x00, 0x00, 0x01, 0x00, 0x05,
  0x08, 0x01, 0x01, 0x03, 0x01, 0x39, 0x5b, 0xbf, 0xf2, 0xf6, 0xfa, 0xed, 0xf8, 0xfc, 0xfe, 0xf8,
  0xfd, 0xfb, 0xf5, 0xf8, 0xfa, 0xfd, 0xfd, 0xfb, 0xfe, 0xfb, 0xfa, 0xfc, 0xfb, 0xfe, 0xfe, 0xfb,
  0xfd, 0xfa, 0xfc, 0xfb, 0xfa, 0xfc, 0xfe, 0xfb, 0xfd, 0xfa, 0xfc, 0xfe, 0xfa, 0xf9, 0xf9, 0xf7,
  0xf7, 0xec, 0xf6, 0xf4, 0xec, 0xf7, 0xda, 0xe7, 0x72, 0x6f, 0x74, 0x4f, 0x58, 0x7a, 0x7e, 0x84,
  0x97, 0x90, 0x57, 0xb1, 0xae, 0xdf, 0xe0, 0xc1, 0x78, 0x7b, 0x85, 0x7d, 0x71, 0x60, 0x68, 0x76,
  0x6d, 0x8e, 0x61, 0x4d, 0x47, 0x92, 0x7e, 0x80, 0x72, 0xbd, 0xe4, 0xda, 0xd3, 0xf4, 0xf2, 0xf5,
  0xf5, 0xf0, 0xf8, 0xf7, 0xf9, 0xf9, 0xfb, 0xfd, 0xfb, 0xfa, 0xfa, 0xfb, 0xfa, 0xfb, 0xfe, 0xfc,
  0xfc, 0xf9, 0xfb, 0xfb, 0xfb, 0xfd, 0xfe, 0xfc, 0xfc, 0xfa, 0xfc, 0xfe, 0xfc, 0xfb, 0xff, 0xfd,
  0xfd, 0xfb, 0xf7, 0xfb, 0xfa, 0xfd, 0xff, 0xf6, 0xf9, 0xf9, 0xff, 0xdd, 0xeb, 0xe5, 0xcf, 0xb1,
  0x1d, 0x13, 0x16, 0x04, 0x02, 0x54, 0x5d, 0x0f, 0x07, 0x07, 0x02, 0x00, 0x02, 0x1e, 0x7d, 0xbd,
  0x00, 0x00, 0x00, 0x00, 0x00, 0x00, 0x00, 0x00, 0x00, 0x00, 0x00, 0x00, 0x00, 0x00, 0x00, 0x00,
  0x00, 0x00, 0x00, 0x00, 0x00, 0x00, 0x00, 0x00, 0x00, 0x00, 0x00, 0x00, 0x00, 0x00, 0x00, 0x00,
  0x00, 0x00, 0x00, 0x00, 0x07, 0x00, 0x01, 0x09, 0x04, 0x00, 0x00, 0x01, 0x09, 0x42, 0x1e, 0xdd,
  0xf9, 0xff, 0xfb, 0xe4, 0xff, 0xfd, 0xfd, 0xf1, 0xf6, 0xfc, 0xf6, 0xf8, 0xff, 0xf8, 0xfb, 0xfb,
  0xfa, 0xfd, 0xfc, 0xfa, 0xfc, 0xfd, 0xfc, 0xff, 0xfb, 0xfe, 0xff, 0xfd, 0xff, 0xfd, 0xfc, 0xfd,
  0xfa, 0xfc, 0xfd, 0xfc, 0xfd, 0xfc, 0xf9, 0xfb, 0xf8, 0xf5, 0xf9, 0xfa, 0xfa, 0xf7, 0xf1, 0xef,
  0xf0, 0xdd, 0xca, 0xcc, 0x68, 0xc5, 0x79, 0x6e, 0x8d, 0x91, 0x72, 0x9c, 0xb0, 0xfa, 0xed, 0xed,
  0xdc, 0xe0, 0xe6, 0xea, 0xd4, 0xb7, 0xbb, 0xb6, 0xa3, 0xca, 0xd0, 0xca, 0xde, 0xef, 0xe8, 0xe2,
  0xdb, 0xed, 0xf5, 0xf2, 0xf4, 0xf7, 0xf5, 0xf4, 0xf0, 0xf3, 0xf8, 0xfa, 0xfb, 0xfa, 0xfa, 0xfa,
  0xfa, 0xf9, 0xfa, 0xfa, 0xfd, 0xfd, 0xfc, 0xfd, 0xfb, 0xfc, 0xfc, 0xfb, 0xfe, 0xfc, 0xfe, 0xfc,
  0xfd, 0xfe, 0xfd, 0xfc, 0xff, 0xfd, 0xfd, 0xfc, 0xfb, 0xfc, 0xf9, 0xfb, 0xfb, 0xfc, 0xf4, 0xfb,
  0xfd, 0xff, 0xef, 0xef, 0xdd, 0x94, 0x50, 0x19, 0x0d, 0x03, 0x04, 0x00, 0x0b, 0x09, 0x01, 0x00,
  0x00, 0x00, 0x00, 0x00, 0x00, 0x00, 0x0e, 0x4b, 0x00, 0x00, 0x00, 0x00, 0x00, 0x00, 0x00, 0x00,
  0x00, 0x00, 0x00, 0x00, 0x00, 0x00, 0x00, 0x00, 0x00, 0x00, 0x00, 0x00, 0x00, 0x00, 0x00, 0x00,
  0x00, 0x00, 0x00, 0x00, 0x00, 0x00, 0x00, 0x00, 0x00, 0x00, 0x00, 0x00, 0x00, 0x00, 0x04, 0x00,
  0x00, 0x00, 0x00, 0x00, 0x01, 0x20, 0x8e, 0xad, 0x65, 0xe8, 0xe6, 0xf2, 0xfa, 0xfc, 0xf8, 0xea,
  0xe4, 0xf2, 0xf7, 0xf7, 0xfa, 0xf5, 0xfd, 0xfb, 0xfc, 0xfb, 0xfd, 0xf9, 0xfa, 0xfc, 0xfd, 0xfe,
  0xfc, 0xfc, 0xfe, 0xfe, 0xfb, 0xfd, 0xff, 0xfc, 0xfc, 0xfc, 0xfc, 0xfe, 0xfb, 0xfc, 0xfd, 0xfe,
  0xfb, 0xfa, 0xfc, 0xfa, 0xf7, 0xf8, 0xfb, 0xf7, 0xef, 0xed, 0xea, 0xe7, 0xe8, 0xed, 0xd5, 0xa3,
  0x7a, 0x88, 0xba, 0xac, 0xc0, 0xf4, 0xe3, 0xd9, 0xe5, 0xe4, 0xf7, 0xf5, 0xf4, 0xb0, 0xae, 0x90,
  0x80, 0xd0, 0xde, 0xdc, 0xe7, 0xe9, 0xe7, 0xf2, 0xf4, 0xf7, 0xf6, 0xf6, 0xf5, 0xf8, 0xfb, 0xfd,
  0xfc, 0xf8, 0xfc, 0xfc, 0xf6, 0xf9, 0xfa, 0xfc, 0xfb, 0xfa, 0xfb, 0xfc, 0xfc, 0xfd, 0xff, 0xfe,
  0xfe, 0xfc, 0xfd, 0xfe, 0xfb, 0xfd, 0xfe, 0xfe, 0xfd, 0xfc, 0xfc, 0xfc, 0xfa, 0xfd, 0xfe, 0xfd,
  0xfd, 0xfb, 0xfc, 0xf9, 0xfb, 0xfc, 0xfa, 0xfb, 0xfd, 0xf7, 0xf6, 0xf2, 0xe3, 0x0c, 0x14, 0x01,
  0x08, 0x00, 0x03, 0x04, 0x06, 0x00, 0x00, 0x00, 0x00, 0x00, 0x00, 0x00, 0x04, 0x00, 0x01, 0x00,
  0x00, 0x00, 0x00, 0x00, 0x00, 0x00, 0x00, 0x00, 0x00, 0x00, 0x00, 0x00, 0x00, 0x00, 0x00, 0x00,
  0x00, 0x00, 0x00, 0x00, 0x00, 0x00, 0x00, 0x00, 0x00, 0x00, 0x00, 0x00, 0x00, 0x00, 0x00, 0x00,
  0x00, 0x00, 0x00, 0x00, 0x05, 0x00, 0x00, 0x00, 0x00, 0x00, 0x00, 0x12, 0x73, 0x88, 0x7b, 0x32,
  0x29, 0x9f, 0xdc, 0xd0, 0xed, 0xf5, 0xf8, 0xf9, 0xf5, 0xfa, 0xfb, 0xfc, 0xff, 0xf4, 0xfa, 0xfa,
  0xfb, 0xfa, 0xf9, 0xfc, 0xfb, 0xfd, 0xfd, 0xfe, 0xfc, 0xfb, 0xfb, 0xfe, 0xfb, 0xfe, 0xff, 0xfe,
  0xfd, 0xfc, 0xfa, 0xfe, 0xfb, 0xfd, 0xfd, 0xfd, 0xfa, 0xfc, 0xf9, 0xfd, 0xfc, 0xfb, 0xfd, 0xfd,
  0xf7, 0xf5, 0xf7, 0xf7, 0xf5, 0xf4, 0xf7, 0xf3, 0xc7, 0xd7, 0xf0, 0xe5, 0xcc, 0xf1, 0xf8, 0xf5,
  0xf2, 0xef, 0xf1, 0xfb, 0xfc, 0xc5, 0xe4, 0xcc, 0xa9, 0xc1, 0xdc, 0xe9, 0xf0, 0xfa, 0xfa, 0xfa,
  0xf1, 0xf8, 0xf7, 0xfc, 0xf6, 0xfb, 0xfc, 0xfe, 0xfb, 0xfb, 0xf8, 0xfa, 0xfd, 0xfb, 0xfb, 0xfc,
  0xfd, 0xfe, 0xfa, 0xfd, 0xfe, 0xfe, 0xfe, 0xff, 0xfd, 0xfd, 0xfa, 0xfe, 0xfc, 0xfe, 0xfc, 0xfe,
  0xfd, 0xfd, 0xf8, 0xfc, 0xfc, 0xfd, 0xfd, 0xfb, 0xfd, 0xfd, 0xf8, 0xf9, 0xfc, 0xfd, 0xf4, 0xfa,
  0xf8, 0xef, 0xdd, 0xac, 0xb4, 0x3b, 0x0b, 0x0b, 0x11, 0x01, 0x00, 0x00, 0x01, 0x05, 0x02, 0x00,
  0x00, 0x00, 0x00, 0x00, 0x01, 0x00, 0x00, 0x00, 0x00, 0x00, 0x00, 0x00, 0x00, 0x00, 0x00, 0x00,
  0x00, 0x00, 0x00, 0x00, 0x00, 0x00, 0x00, 0x00, 0x00, 0x00, 0x00, 0x00, 0x00, 0x00, 0x00, 0x00,
  0x00, 0x00, 0x00, 0x00, 0x00, 0x00, 0x00, 0x00, 0x00, 0x00, 0x00, 0x00, 0x00, 0x00, 0x02, 0x02,
  0x00, 0x01, 0x08, 0x52, 0xc0, 0x38, 0x13, 0x1b, 0x1e, 0x28, 0x8a, 0xb4, 0xd3, 0xf1, 0xf4, 0xd1,
  0xda, 0xd2, 0xf2, 0xfc, 0xf3, 0xfb, 0xf4, 0xfa, 0xfa, 0xf9, 0xfd, 0xfc, 0xfc, 0xfe, 0xfa, 0xfd,
  0xfc, 0xfc, 0xff, 0xfc, 0xfd, 0xfd, 0xfe, 0xff, 0xfd, 0xfb, 0xfe, 0xfc, 0xfc, 0xfe, 0xfd, 0xfb,
  0xfd, 0xfc, 0xfe, 0xfb, 0xfe, 0xff, 0xfc, 0xff, 0xfd, 0xfd, 0xff, 0xfc, 0xf7, 0xfe, 0xfe, 0xfb,
  0xff, 0xfa, 0xf5, 0xf3, 0xf7, 0xfd, 0xfd, 0xfc, 0xf8, 0xf6, 0xfc, 0xf8, 0xfc, 0xf6, 0xf6, 0xfc,
  0xde, 0xd6, 0xf8, 0xfd, 0xf6, 0xfc, 0xfb, 0xfb, 0xfa, 0xf9, 0xfe, 0xf8, 0xfa, 0xfc, 0xfb, 0xfb,
  0xfe, 0xfd, 0xfc, 0xfd, 0xfb, 0xfd, 0xfc, 0xfc, 0xfd, 0xff, 0xfd, 0xfb, 0xfa, 0xff, 0xfe, 0xfe,
  0xfd, 0xfc, 0xff, 0xfd, 0xfd, 0xfd, 0xfd, 0xfe, 0xfc, 0xfc, 0xfe, 0xfc, 0xfc, 0xfb, 0xfe, 0xfa,
  0xf8, 0xfb, 0xf4, 0xf5, 0xf8, 0xfa, 0xf0, 0xf5, 0xe4, 0xcc, 0xcf, 0x75, 0x62, 0x3f, 0x0a, 0x01,
  0x03, 0x00, 0x00, 0x00, 0x02, 0x02, 0x01, 0x00, 0x00, 0x00, 0x00, 0x00, 0x00, 0x00, 0x00, 0x00,
  0x00, 0x00, 0x00, 0x00, 0x00, 0x00, 0x00, 0x00, 0x00, 0x00, 0x00, 0x00, 0x00, 0x00, 0x00, 0x00,
  0x00, 0x00, 0x00, 0x00, 0x00, 0x00, 0x00, 0x00, 0x00, 0x00, 0x00, 0x00, 0x00, 0x00, 0x00, 0x00,
  0x00, 0x00, 0x00, 0x00, 0x00, 0x00, 0x03, 0x00, 0x02, 0x08, 0x1a, 0x5a, 0x59, 0x00, 0x01, 0x11,
  0x0b, 0x10, 0x72, 0x9e, 0x6e, 0x6e, 0xe8, 0xe2, 0x8f, 0x75, 0xde, 0xfb, 0xfb, 0xfc, 0xf3, 0xf9,
  0xfc, 0xfc, 0xf9, 0xfa, 0xfd, 0xfc, 0xfc, 0xfb, 0xfd, 0xfd, 0xfc, 0xfc, 0xff, 0xfe, 0xfd, 0xfc,
  0xfd, 0xfd, 0xfb, 0xfc, 0xfd, 0xfc, 0xfb, 0xfd, 0xfe, 0xfd, 0xfd, 0xfb, 0xfd, 0xff, 0xfc, 0xfa,
  0xff, 0xff, 0xff, 0xfd, 0xfe, 0xff, 0xff, 0xf8, 0xfc, 0xff, 0xf9, 0xfb, 0xff, 0xfc, 0xfc, 0xfc,
  0xfb, 0xfa, 0xf5, 0xfb, 0xfc, 0xfc, 0xf3, 0xfb, 0xfa, 0xfa, 0xfc, 0xfe, 0xff, 0xfc, 0xfc, 0xfc,
  0xff, 0xf8, 0xfb, 0xfa, 0xfe, 0xfd, 0xfe, 0xfc, 0xfe, 0xfe, 0xfd, 0xfd, 0xfe, 0xfc, 0xfd, 0xfc,
  0xfe, 0xfe, 0xfb, 0xfc, 0xfd, 0xfe, 0xfe, 0xfe, 0xfe, 0xfd, 0xfd, 0xfc, 0xfe, 0xfd, 0xfd, 0xfc,
  0xfe, 0xfe, 0xfc, 0xfd, 0xfd, 0xfd, 0xf7, 0xfa, 0xfc, 0xf8, 0xe9, 0xe6, 0xed, 0xf8, 0xdb, 0xc9,
  0x84, 0x9c, 0xa6, 0x94, 0xa8, 0x18, 0x09, 0x01, 0x00, 0x00, 0x00, 0x00, 0x0b, 0x00, 0x00, 0x00,
  0x00, 0x00, 0x00, 0x00, 0x00, 0x00, 0x00, 0x00, 0x00, 0x00, 0x00, 0x00, 0x00, 0x00, 0x00, 0x00,
  0x00, 0x00, 0x00, 0x00, 0x00, 0x00, 0x00, 0x00, 0x00, 0x00, 0x00, 0x00, 0x00, 0x00, 0x00, 0x00,
  0x00, 0x00, 0x00, 0x00, 0x00, 0x00, 0x00, 0x00, 0x00, 0x00, 0x00, 0x00, 0x00, 0x00, 0x00, 0x08,
  0x0b, 0x15, 0x28, 0x16, 0x1f, 0x0c, 0x0b, 0x0e, 0x14, 0x1b, 0x4a, 0x76, 0x40, 0x39, 0x4e, 0x9c,
  0xb1, 0x74, 0x6b, 0xe3, 0xf8, 0xf4, 0xf6, 0xfa, 0xf8, 0xfc, 0xfa, 0xfb, 0xfb, 0xf9, 0xfb, 0xfc,
  0xfd, 0xfc, 0xfe, 0xfd, 0xfe, 0xfd, 0xfe, 0xfb, 0xfe, 0xfc, 0xfc, 0xff, 0xfc, 0xfb, 0xfc, 0xfa,
  0xfd, 0xfe, 0xfc, 0xfd, 0xfd, 0xfc, 0xfc, 0xfc, 0xfd, 0xfd, 0xfd, 0xfe, 0xfc, 0xfe, 0xfd, 0xfd,
  0xff, 0xff, 0xff, 0xfd, 0xff, 0xff, 0xfd, 0xfa, 0xfe, 0xff, 0xfc, 0xff, 0xfd, 0xfe, 0xf8, 0xfb,
  0xfa, 0xfb, 0xfb, 0xfe, 0xff, 0xfe, 0xfb, 0xfb, 0xfd, 0xfc, 0xfc, 0xff, 0xfd, 0xfc, 0xfc, 0xfd,
  0xfe, 0xff, 0xfc, 0xfe, 0xfd, 0xfd, 0xfc, 0xfd, 0xfd, 0xfd, 0xfd, 0xfd, 0xfc, 0xfe, 0xfe, 0xfd,
  0xfe, 0xfe, 0xfc, 0xfd, 0xfd, 0xfe, 0xfd, 0xfb, 0xff, 0xfc, 0xfc, 0xfe, 0xfc, 0xf7, 0xf8, 0xf2,
  0xf5, 0xa7, 0x9f, 0x8e, 0xcc, 0xdb, 0xae, 0xaa, 0x57, 0x59, 0x75, 0xd4, 0xc7, 0x09, 0x04, 0x00,
  0x00, 0x00, 0x00, 0x00, 0x00, 0x00, 0x00, 0x00, 0x00, 0x00, 0x00, 0x00, 0x00, 0x00, 0x00, 0x00,
  0x00, 0x00, 0x00, 0x00, 0x00, 0x00, 0x00, 0x00, 0x00, 0x00, 0x00, 0x00, 0x00, 0x00, 0x00, 0x00,
  0x00, 0x00, 0x00, 0x00, 0x00, 0x00, 0x00, 0x00, 0x00, 0x00, 0x00, 0x00, 0x00, 0x00, 0x00, 0x00,
  0x00, 0x00, 0x00, 0x00, 0x06, 0x06, 0x0c, 0x1d, 0x16, 0x07, 0x08, 0x10, 0x3d, 0x06, 0x04, 0x06,
  0x03, 0x0e, 0x11, 0x47, 0x1c, 0x11, 0x0f, 0x24, 0x30, 0x3e, 0x4f, 0x83, 0xe1, 0xf9, 0xf6, 0xfe,
  0xf8, 0xfc, 0xf9, 0xf4, 0xf6, 0xf9, 0xfd, 0xfe, 0xfd, 0xfe, 0xff, 0xfd, 0xfd, 0xfe, 0xfd, 0xfd,
  0xfc, 0xfc, 0xff, 0xfe, 0xfa, 0xfc, 0xfe, 0xff, 0xfb, 0xfe, 0xfe, 0xff, 0xfe, 0xff, 0xfc, 0xfb,
  0xfa, 0xfc, 0xfc, 0xfe, 0xf9, 0xff, 0xff, 0xff, 0xff, 0xff, 0xff, 0xfe, 0xff, 0xfd, 0xfb, 0xfe,
  0xfb, 0xff, 0xff, 0xff, 0xfb, 0xff, 0xfd, 0xff, 0xff, 0xff, 0xff, 0xff, 0xff, 0xfd, 0xfc, 0xfe,
  0xfb, 0xff, 0xff, 0xfc, 0xfb, 0xfc, 0xfe, 0xfc, 0xfc, 0xfd, 0xff, 0xfc, 0xfb, 0xfd, 0xfd, 0xfd,
  0xfc, 0xfe, 0xff, 0xfe, 0xfd, 0xff, 0xff, 0xff, 0xfc, 0xff, 0xfe, 0xfe, 0xfc, 0xfe, 0xfd, 0xfe,
  0xfb, 0xff, 0xff, 0xfd, 0xfc, 0xf9, 0xed, 0xe7, 0x6b, 0x3a, 0x46, 0x3d, 0x48, 0xba, 0xa1, 0x52,
  0x40, 0x1a, 0x29, 0xa5, 0x86, 0x09, 0x00, 0x00, 0x03, 0x00, 0x00, 0x00, 0x02, 0x00, 0x00, 0x00,
  0x00, 0x00, 0x00, 0x00, 0x00, 0x02, 0x00, 0x00, 0x00, 0x00, 0x00, 0x00, 0x00, 0x00, 0x00, 0x00,
  0x00, 0x00, 0x00, 0x00, 0x00, 0x00, 0x00, 0x00, 0x00, 0x00, 0x00, 0x00, 0x00, 0x00, 0x00, 0x00,
  0x00, 0x00, 0x00, 0x00, 0x00, 0x00, 0x00, 0x00, 0x00, 0x00, 0x00, 0x00, 0x02, 0x19, 0x35, 0x46,
  0x20, 0x10, 0x05, 0x0f, 0x01, 0x02, 0x00, 0x00, 0x01, 0x00, 0x00, 0x01, 0x07, 0x13, 0x11, 0x0e,
  0x0c, 0x0b, 0x0c, 0x43, 0x72, 0xde, 0xc3, 0xf8, 0xfb, 0xf7, 0xfb, 0xfa, 0xf9, 0xff, 0xfd, 0xfd,
  0xfb, 0xf9, 0xfc, 0xfc, 0xfd, 0xff, 0xff, 0xfb, 0xfc, 0xfb, 0xfd, 0xfd, 0xfd, 0xfe, 0xff, 0xfc,
  0xfd, 0xfb, 0xfc, 0xfe, 0xfc, 0xfe, 0xff, 0xfd, 0xfe, 0xfa, 0xfd, 0xfe, 0xfd, 0xfe, 0xff, 0xf9,
  0xfc, 0xf9, 0xf9, 0xfa, 0xfb, 0xfd, 0xff, 0xfc, 0xfc, 0xfa, 0xfd, 0xfc, 0xfa, 0xfe, 0xff, 0xfb,
  0xfd, 0xf9, 0xfc, 0xfc, 0xfa, 0xff, 0xfe, 0xfb, 0xfe, 0xfb, 0xfd, 0xfd, 0xfc, 0xff, 0xff, 0xfb,
  0xfe, 0xfb, 0xfe, 0xfd, 0xfc, 0xff, 0xff, 0xfd, 0xff, 0xfb, 0xfd, 0xfc, 0xfd, 0xff, 0xff, 0xff,
  0xfc, 0xfb, 0xfb, 0xfd, 0xfd, 0xfb, 0xfb, 0xf5, 0xf5, 0xfb, 0xfa, 0xf7, 0xf7, 0xff, 0xf3, 0xef,
  0xa6, 0x59, 0x25, 0x54, 0x8f, 0x4a, 0x35, 0x17, 0x13, 0x1d, 0x18, 0x21, 0x27, 0x0b, 0x08, 0x00,
  0x01, 0x00, 0x01, 0x03, 0x00, 0x40, 0x09, 0x00, 0x00, 0x00, 0x00, 0x00, 0x00, 0x00, 0x00, 0x00,
  0x00, 0x00, 0x00, 0x00, 0x00, 0x00, 0x00, 0x00, 0x00, 0x00, 0x00, 0x00, 0x00, 0x00, 0x00, 0x00,
  0x00, 0x00, 0x00, 0x00, 0x00, 0x00, 0x00, 0x00, 0x00, 0x00, 0x00, 0x00, 0x00, 0x00, 0x00, 0x00,
  0x00, 0x00, 0x00, 0x00, 0x03, 0x5b, 0x8e, 0x7c, 0x1a, 0x04, 0x00, 0x03, 0x02, 0x04, 0x00, 0x00,
  0x02, 0x00, 0x00, 0x08, 0x05, 0x08, 0x07, 0x04, 0x05, 0x03, 0x01, 0x18, 0x0a, 0x47, 0x68, 0xc8,
  0xf5, 0xf4, 0xf4, 0xfe, 0xfb, 0xfd, 0xfe, 0xfb, 0xff, 0xfb, 0xfa, 0xfb, 0xfc, 0xfb, 0xfc, 0xfb,
  0xff, 0xfd, 0xfb, 0xfb, 0xfc, 0xfd, 0xfc, 0xfd, 0xfe, 0xfb, 0xfd, 0xfa, 0xfe, 0xfd, 0xfb, 0xfc,
  0xfd, 0xfc, 0xfd, 0xfd, 0xfd, 0xfe, 0xfa, 0xfa, 0xfd, 0xfa, 0xfb, 0xfd, 0xfb, 0xfe, 0xfb, 0xfd,
  0xff, 0xfd, 0xfb, 0xfe, 0xff, 0xfd, 0xfb, 0xfd, 0xfe, 0xfc, 0xfd, 0xfe, 0xfd, 0xfe, 0xfb, 0xfe,
  0xfd, 0xfc, 0xfc, 0xfc, 0xfd, 0xfe, 0xfd, 0xfd, 0xfd, 0xfc, 0xfd, 0xfe, 0xfd, 0xfe, 0xfd, 0xfe,
  0xff, 0xfe, 0xfd, 0xfd, 0xfd, 0xfc, 0xfb, 0xfc, 0xfd, 0xfc, 0xfb, 0xfc, 0xfd, 0xfd, 0xfc, 0xf9,
  0xf8, 0xfa, 0xf9, 0xfa, 0xfa, 0xf9, 0xdb, 0xf7, 0xfb, 0xcd, 0x40, 0x1c, 0x43, 0x2a, 0x28, 0x28,
  0x4d, 0x6a, 0x63, 0x70, 0x3b, 0x1b, 0x11, 0x08, 0x03, 0x00, 0x00, 0x00, 0x00, 0x04, 0x00, 0x00,
  0x00, 0x00, 0x00, 0x00, 0x00, 0x00, 0x00, 0x00, 0x00, 0x00, 0x00, 0x00, 0x00, 0x00, 0x00, 0x00,
  0x00, 0x00, 0x00, 0x00, 0x00, 0x00, 0x00, 0x00, 0x00, 0x00, 0x00, 0x00, 0x00, 0x00, 0x00, 0x00,
  0x00, 0x00, 0x00, 0x00, 0x00, 0x00, 0x00, 0x00, 0x00, 0x00, 0x00, 0x00, 0x00, 0x81, 0x4c, 0x08,
  0x02, 0x00, 0x00, 0x02, 0x01, 0x00, 0x00, 0x00, 0x00, 0x00, 0x01, 0x03, 0x00, 0x01, 0x02, 0x00,
  0x00, 0x03, 0x01, 0x0b, 0x18, 0x25, 0x78, 0xaf, 0xf5, 0xf2, 0xf8, 0xfc, 0xff, 0xfe, 0xfd, 0xf8,
  0xff, 0xfb, 0xfe, 0xfe, 0xf9, 0xfd, 0xfc, 0xfa, 0xfd, 0xfe, 0xff, 0xff, 0xfe, 0xfd, 0xfd, 0xf8,
  0xfb, 0xfd, 0xfe, 0xff, 0xfb, 0xfe, 0xff, 0xfc, 0xfd, 0xfe, 0xfe, 0xff, 0xfc, 0xfc, 0xfe, 0xf8,
  0xfb, 0xfd, 0xfd, 0xfe, 0xfa, 0xfc, 0xfc, 0xfb, 0xfb, 0xfe, 0xfd, 0xff, 0xfb, 0xff, 0xff, 0xfc,
  0xfe, 0xfe, 0xfd, 0xff, 0xfc, 0xfd, 0xff, 0xfc, 0xfc, 0xfd, 0xfd, 0xff, 0xfa, 0xfd, 0xfe, 0xfc,
  0xfd, 0xff, 0xfe, 0xff, 0xfc, 0xfe, 0xfe, 0xfb, 0xff, 0xfe, 0xfe, 0xff, 0xfd, 0xfe, 0xff, 0xf9,
  0xfb, 0xfe, 0xfc, 0xfd, 0xfb, 0xfa, 0xfe, 0xf7, 0xfc, 0xfc, 0xfa, 0xfe, 0xf3, 0xf3, 0xff, 0xec,
  0xf0, 0xe2, 0x46, 0x05, 0x41, 0x75, 0x8e, 0xa7, 0x9c, 0x9f, 0x8d, 0x73, 0x47, 0x38, 0x1f, 0x01,
  0x00, 0x00, 0x00, 0x00, 0x00, 0x00, 0x00, 0x00, 0x00, 0x00, 0x00, 0x00, 0x02, 0x00, 0x00, 0x00,
  0x00, 0x00, 0x00, 0x00, 0x00, 0x00, 0x00, 0x00, 0x00, 0x00, 0x00, 0x00, 0x00, 0x00, 0x00, 0x00,
  0x00, 0x00, 0x00, 0x00, 0x00, 0x00, 0x00, 0x00, 0x00, 0x00, 0x00, 0x00, 0x00, 0x00, 0x00, 0x00,
  0x00, 0x00, 0x00, 0x00, 0x02, 0x1b, 0x07, 0x06, 0x09, 0x00, 0x00, 0x00, 0x05, 0x00, 0x02, 0x00,
  0x00, 0x00, 0x00, 0x02, 0x02, 0x02, 0x01, 0x00, 0x00, 0x02, 0x02, 0x0d, 0x17, 0x2d, 0x2e, 0x76,
  0xe4, 0xf4, 0xf1, 0xfc, 0xfb, 0xfe, 0xfb, 0xfd, 0xff, 0xf8, 0xf7, 0xfc, 0xfd, 0xfb, 0xfe, 0xfd,
  0xff, 0xfc, 0xfb, 0xff, 0xfe, 0xfd, 0xfc, 0xfd, 0xfe, 0xfe, 0xfb, 0xff, 0xfd, 0xfd, 0xfd, 0xfe,
  0xff, 0xfe, 0xfc, 0xfe, 0xfc, 0xfd, 0xff, 0xfe, 0xff, 0xfd, 0xfc, 0xff, 0xfe, 0xfe, 0xff, 0xfe,
  0xfe, 0xfd, 0xfd, 0xff, 0xfc, 0xff, 0xff, 0xfe, 0xff, 0xfe, 0xfc, 0xff, 0xfc, 0xff, 0xff, 0xfb,
  0xff, 0xfd, 0xfb, 0xff, 0xfc, 0xff, 0xfe, 0xfe, 0xff, 0xfd, 0xfb, 0xfe, 0xfd, 0xfe, 0xfe, 0xfe,
  0xff, 0xfd, 0xfb, 0xfe, 0xfd, 0xfc, 0xff, 0xfd, 0xff, 0xfc, 0xfa, 0xff, 0xfd, 0xfd, 0xfe, 0xf7,
  0xf8, 0xfc, 0xf3, 0xe7, 0xf8, 0xe1, 0xcc, 0xd8, 0xe4, 0xe6, 0x75, 0x14, 0x11, 0x4f, 0x4f, 0x56,
  0x6a, 0x2c, 0x0e, 0x1a, 0x2b, 0x2d, 0x16, 0x03, 0x00, 0x00, 0x00, 0x00, 0x00, 0x00, 0x00, 0x00,
  0x00, 0x00, 0x00, 0x00, 0x00, 0x00, 0x00, 0x00, 0x00, 0x00, 0x00, 0x00, 0x00, 0x00, 0x00, 0x00,
  0x00, 0x00, 0x00, 0x00, 0x00, 0x00, 0x00, 0x00, 0x00, 0x00, 0x00, 0x00, 0x00, 0x00, 0x00, 0x00,
  0x00, 0x00, 0x00, 0x00, 0x00, 0x00, 0x00, 0x00, 0x00, 0x00, 0x00, 0x00, 0x00, 0x03, 0x00, 0x00,
  0x00, 0x00, 0x00, 0x00, 0x00, 0x00, 0x00, 0x00, 0x00, 0x00, 0x00, 0x00, 0x00, 0x00, 0x00, 0x00,
  0x00, 0x00, 0x00, 0x13, 0x1b, 0x3f, 0x1c, 0x4b, 0xc5, 0xf0, 0xf3, 0xfc, 0xf2, 0xfe, 0xf9, 0xf8,
  0xed, 0xfa, 0xf7, 0xf9, 0xfb, 0xfa, 0xfc, 0xfe, 0xfe, 0xfb, 0xfc, 0xfd, 0xfc, 0xfa, 0xfa, 0xfa,
  0xfc, 0xfd, 0xfb, 0xfb, 0xfc, 0xfd, 0xfc, 0xfd, 0xfe, 0xfd, 0xfd, 0xfc, 0xfa, 0xff, 0xfc, 0xfd,
  0xfd, 0xfc, 0xfe, 0xfe, 0xfb, 0xfe, 0xfb, 0xfd, 0xfd, 0xfc, 0xfc, 0xfd, 0xfc, 0xfe, 0xfc, 0xfc,
  0xfc, 0xfc, 0xfc, 0xfc, 0xfb, 0xff, 0xfa, 0xfd, 0xfc, 0xfd, 0xfc, 0xfb, 0xfb, 0xfd, 0xfd, 0xfc,
  0xfe, 0xfc, 0xfd, 0xfd, 0xfc, 0xfd, 0xfc, 0xfd, 0xfd, 0xfd, 0xfe, 0xfe, 0xfd, 0xfa, 0xf9, 0xfd,
  0xfc, 0xfd, 0xfb, 0xfa, 0xf9, 0xf5, 0xf6, 0xef, 0xde, 0xab, 0x81, 0x83, 0xd6, 0xd0, 0xca, 0xe1,
  0xdb, 0xdf, 0xd9, 0x42, 0x16, 0x54, 0x1e, 0x19, 0x1c, 0x02, 0x0c, 0x09, 0x00, 0x05, 0x01, 0x01,
  0x00, 0x00, 0x00, 0x00, 0x00, 0x00, 0x00, 0x00, 0x00, 0x00, 0x00, 0x00, 0x00, 0x00, 0x00, 0x00,
  0x00, 0x00, 0x00, 0x00, 0x00, 0x00, 0x00, 0x00, 0x00, 0x00, 0x00, 0x00, 0x00, 0x00, 0x00, 0x00,
  0x00, 0x00, 0x00, 0x00, 0x00, 0x00, 0x00, 0x00, 0x00, 0x00, 0x00, 0x00, 0x00, 0x00, 0x00, 0x00,
  0x00, 0x00, 0x00, 0x00, 0x03, 0x00, 0x00, 0x00, 0x00, 0x00, 0x00, 0x00, 0x00, 0x02, 0x00, 0x03,
  0x01, 0x00, 0x00, 0x00, 0x02, 0x00, 0x00, 0x00, 0x00, 0x00, 0x05, 0x22, 0x91, 0x23, 0x20, 0x6e,
  0xaa, 0xec, 0xfc, 0xf8, 0xff, 0xf3, 0xea, 0xe7, 0xef, 0xfa, 0xf9, 0xf7, 0xfa, 0xfd, 0xfe, 0xfe,
  0xfe, 0xff, 0xfd, 0xfe, 0xff, 0xff, 0xfc, 0xfe, 0xfe, 0xfd, 0xfb, 0xfd, 0xfd, 0xff, 0xfd, 0xfc,
  0xfd, 0xfe, 0xfc, 0xfd, 0xfc, 0xff, 0xfc, 0xfc, 0xfd, 0xfe, 0xfd, 0xfd, 0xfd, 0xff, 0xfd, 0xfc,
  0xfe, 0xff, 0xfe, 0xfc, 0xfc, 0xfe, 0xfd, 0xfd, 0xfd, 0xfe, 0xfd, 0xfd, 0xfd, 0xff, 0xfe, 0xfd,
  0xfe, 0xfe, 0xfd, 0xfd, 0xff, 0xff, 0xfe, 0xfd, 0xfc, 0xff, 0xfd, 0xfe, 0xfd, 0xfe, 0xfb, 0xfc,
  0xfd, 0xfe, 0xfd, 0xfe, 0xfc, 0xff, 0xfd, 0xfe, 0xf8, 0xfd, 0xf8, 0xf6, 0xf7, 0xf6, 0xdc, 0xc9,
  0x80, 0x40, 0x2f, 0x22, 0x3d, 0xd6, 0xd2, 0xf1, 0xe7, 0xf3, 0xc3, 0x7c, 0x1c, 0x3b, 0x15, 0x05,
  0x04, 0x00, 0x02, 0x01, 0x02, 0x03, 0x00, 0x00, 0x02, 0x00, 0x00, 0x00, 0x00, 0x00, 0x00, 0x00,
  0x00, 0x00, 0x00, 0x00, 0x00, 0x00, 0x00, 0x00, 0x00, 0x00, 0x00, 0x00, 0x00, 0x00, 0x00, 0x00,
  0x00, 0x00, 0x00, 0x00, 0x00, 0x00, 0x00, 0x00, 0x00, 0x00, 0x00, 0x00, 0x00, 0x00, 0x00, 0x00,
  0x00, 0x00, 0x00, 0x00, 0x00, 0x00, 0x00, 0x00, 0x00, 0x00, 0x00, 0x00, 0x00, 0x00, 0x00, 0x00,
  0x00, 0x00, 0x00, 0x00, 0x00, 0x00, 0x01, 0x04, 0x01, 0x00, 0x00, 0x00, 0x00, 0x01, 0x01, 0x01,
  0x00, 0x07, 0x0a, 0x0f, 0x60, 0x14, 0x1d, 0x3d, 0xb4, 0xf2, 0xf7, 0xec, 0xd7, 0x7f, 0x64, 0xcd,
  0xe8, 0xea, 0xe7, 0xf0, 0xc8, 0xe3, 0xf5, 0xff, 0xfe, 0xfe, 0xfc, 0xfe, 0xfe, 0xfb, 0xfb, 0xff,
  0xfb, 0xfd, 0xfa, 0xfe, 0xfe, 0xff, 0xff, 0xff, 0xff, 0xff, 0xfb, 0xfe, 0xff, 0xff, 0xff, 0xfe,
  0xff, 0xff, 0xfd, 0xfd, 0xff, 0xff, 0xff, 0xfe, 0xff, 0xfe, 0xfc, 0xff, 0xfe, 0xff, 0xff, 0xff,
  0xfe, 0xfe, 0xfc, 0xff, 0xff, 0xff, 0xff, 0xff, 0xfe, 0xfd, 0xfe, 0xfe, 0xff, 0xff, 0xff, 0xff,
  0xff, 0xff, 0xfc, 0xfe, 0xfe, 0xff, 0xfd, 0xfe, 0xfe, 0xfd, 0xfb, 0xfe, 0xfe, 0xff, 0xff, 0xfd,
  0xfb, 0xfa, 0xf9, 0xfe, 0xfe, 0xc4, 0x74, 0x5b, 0x55, 0x35, 0x2a, 0x19, 0x31, 0x7f, 0x69, 0xe9,
  0xfe, 0xee, 0x61, 0x29, 0x33, 0x10, 0x0f, 0x0a, 0x05, 0x00, 0x00, 0x00, 0x00, 0x05, 0x01, 0x02,
  0x00, 0x04, 0x00, 0x00, 0x02, 0x00, 0x00, 0x00, 0x00, 0x00, 0x00, 0x00, 0x00, 0x00, 0x00, 0x00,
  0x00, 0x00, 0x00, 0x00, 0x00, 0x00, 0x00, 0x00, 0x00, 0x00, 0x00, 0x00, 0x00, 0x00, 0x00, 0x00,
  0x00, 0x00, 0x00, 0x00, 0x00, 0x00, 0x00, 0x00, 0x00, 0x00, 0x00, 0x00, 0x00, 0x00, 0x00, 0x00,
  0x00, 0x00, 0x00, 0x00, 0x00, 0x00, 0x00, 0x00, 0x00, 0x00, 0x00, 0x00, 0x00, 0x00, 0x00, 0x00,
  0x00, 0x00, 0x01, 0x00, 0x00, 0x00, 0x00, 0x00, 0x00, 0x00, 0x0d, 0x00, 0x03, 0x03, 0x10, 0x6d,
  0xf0, 0xf6, 0xbf, 0x42, 0x29, 0x59, 0x31, 0x70, 0xc7, 0xd9, 0x73, 0xd4, 0xc9, 0xb7, 0xb4, 0xf8,
  0xf7, 0xf2, 0xfb, 0xfc, 0xfc, 0xf9, 0xfc, 0xfe, 0xfb, 0xfa, 0xfd, 0xfc, 0xfb, 0xfe, 0xff, 0xff,
  0xff, 0xfd, 0xff, 0xfd, 0xfe, 0xfe, 0xfd, 0xfe, 0xfe, 0xfd, 0xff, 0xfe, 0xfb, 0xff, 0xff, 0xff,
  0xff, 0xfe, 0xff, 0xfe, 0xfd, 0xff, 0xff, 0xff, 0xff, 0xfe, 0xff, 0xff, 0xfd, 0xfe, 0xff, 0xff,
  0xff, 0xfe, 0xff, 0xfe, 0xfc, 0xfd, 0xff, 0xff, 0xfe, 0xff, 0xff, 0xfe, 0xfd, 0xfc, 0xfe, 0xff,
  0xfb, 0xfe, 0xff, 0xfe, 0xfd, 0xfb, 0xfe, 0xf9, 0xfa, 0xfc, 0xf1, 0xb6, 0x7a, 0x6f, 0x5a, 0x46,
  0x33, 0x30, 0x1d, 0x15, 0x17, 0x2b, 0x3d, 0x85, 0xec, 0x8d, 0x2e, 0x1f, 0x21, 0x11, 0x18, 0x06,
  0x02, 0x00, 0x00, 0x00, 0x00, 0x00, 0x00, 0x00, 0x00, 0x00, 0x02, 0x00, 0x05, 0x00, 0x00, 0x00,
  0x00, 0x00, 0x00, 0x00, 0x00, 0x00, 0x02, 0x00, 0x00, 0x00, 0x00, 0x00, 0x00, 0x00, 0x00, 0x00,
  0x00, 0x00, 0x00, 0x00, 0x00, 0x00, 0x00, 0x00, 0x00, 0x00, 0x00, 0x00, 0x00, 0x00, 0x00, 0x00,
  0x00, 0x00, 0x00, 0x00, 0x00, 0x00, 0x00, 0x00, 0x00, 0x00, 0x00, 0x00, 0x00, 0x00, 0x00, 0x02,
  0x05, 0x00, 0x00, 0x00, 0x00, 0x00, 0x00, 0x00, 0x00, 0x00, 0x00, 0x00, 0x00, 0x04, 0x03, 0x03,
  0x02, 0x00, 0x00, 0x01, 0x04, 0x1b, 0x1a, 0x58, 0x99, 0x7b, 0x2c, 0x11, 0x0e, 0x21, 0x57, 0x8f,
  0xeb, 0xd1, 0x65, 0x9f, 0xef, 0xe9, 0xe7, 0xf5, 0xff, 0xfd, 0xee, 0xfa, 0xf5, 0xf9, 0xf6, 0xef,
  0xff, 0xfb, 0xfc, 0xfe, 0xfa, 0xfe, 0xfc, 0xfb, 0xfc, 0xf7, 0xfe, 0xfc, 0xfd, 0xfc, 0xfe, 0xff,
  0xfd, 0xfe, 0xfc, 0xfb, 0xfa, 0xfc, 0xfd, 0xfc, 0xfb, 0xfb, 0xfd, 0xfb, 0xfb, 0xfb, 0xfd, 0xfe,
  0xfd, 0xfd, 0xfd, 0xfc, 0xfd, 0xff, 0xfd, 0xfd, 0xfc, 0xfb, 0xfd, 0xf9, 0xfb, 0xff, 0xfe, 0xff,
  0xfc, 0xfc, 0xff, 0xfb, 0xfe, 0xff, 0xf9, 0xfb, 0xff, 0xf9, 0xfd, 0xf7, 0xfa, 0xfc, 0xf3, 0xc2,
  0xae, 0xa1, 0x8e, 0x49, 0x2c, 0x22, 0x14, 0x24, 0x12, 0x23, 0x3a, 0x18, 0x21, 0x1c, 0x20, 0x1e,
  0x17, 0x06, 0x05, 0x09, 0x04, 0x5d, 0x98, 0x38, 0x0b, 0x06, 0x00, 0x00, 0x01, 0x04, 0x08, 0x07,
  0x00, 0x00, 0x00, 0x00, 0x00, 0x00, 0x00, 0x00, 0x00, 0x00, 0x00, 0x00, 0x00, 0x00, 0x00, 0x00,
  0x00, 0x00, 0x00, 0x00, 0x00, 0x00, 0x00, 0x00, 0x00, 0x00, 0x00, 0x00, 0x00, 0x00, 0x00, 0x00,
  0x00, 0x00, 0x00, 0x00, 0x00, 0x00, 0x00, 0x00, 0x00, 0x00, 0x00, 0x00, 0x00, 0x00, 0x00, 0x00,
  0x00, 0x00, 0x00, 0x00, 0x00, 0x00, 0x00, 0x00, 0x00, 0x00, 0x00, 0x00, 0x00, 0x00, 0x00, 0x00,
  0x02, 0x00, 0x00, 0x00, 0x00, 0x03, 0x00, 0x00, 0x05, 0x00, 0x00, 0x05, 0x0d, 0x38, 0x12, 0x11,
  0x22, 0x3f, 0x42, 0x59, 0x37, 0x24, 0x44, 0x51, 0xe3, 0xdc, 0xca, 0xcc, 0xe6, 0xef, 0xf6, 0xf4,
  0xff, 0xf8, 0xed, 0xf8, 0xf7, 0xec, 0xea, 0xee, 0xff, 0xf9, 0xfa, 0xfd, 0xf6, 0xfb, 0xfb, 0xfb,
  0xff, 0xfa, 0xfc, 0xfa, 0xfe, 0xfd, 0xfc, 0xfc, 0xfc, 0xfc, 0xfc, 0xfd, 0xfe, 0xfa, 0xfa, 0xfb,
  0xfe, 0xff, 0xfc, 0xfd, 0xff, 0xfe, 0xfc, 0xfc, 0xfe, 0xff, 0xfe, 0xfd, 0xfd, 0xfc, 0xfc, 0xfc,
  0xfd, 0xfe, 0xfd, 0xfc, 0xfe, 0xfd, 0xfc, 0xfe, 0xff, 0xfe, 0xfc, 0xfa, 0xff, 0xff, 0xfb, 0xf6,
  0xff, 0xfd, 0xfc, 0xf5, 0xf3, 0xe4, 0x86, 0x34, 0x2e, 0x2b, 0x15, 0x1d, 0x28, 0x29, 0x1e, 0x11,
  0x33, 0x53, 0x55, 0x44, 0x48, 0x12, 0x09, 0x0e, 0x10, 0x0b, 0x03, 0x05, 0x02, 0x30, 0x5f, 0x6d,
  0x2d, 0x01, 0x00, 0x02, 0x00, 0x06, 0x00, 0x01, 0x07, 0x02, 0x00, 0x00, 0x00, 0x00, 0x00, 0x00,
  0x00, 0x00, 0x00, 0x00, 0x00, 0x00, 0x00, 0x00, 0x00, 0x00, 0x00, 0x00, 0x00, 0x00, 0x00, 0x00,
  0x00, 0x00, 0x00, 0x00, 0x00, 0x00, 0x00, 0x00, 0x00, 0x00, 0x00, 0x00, 0x00, 0x00, 0x00, 0x00,
  0x00, 0x00, 0x00, 0x00, 0x00, 0x00, 0x00, 0x00, 0x00, 0x00, 0x00, 0x00, 0x00, 0x00, 0x00, 0x00,
  0x00, 0x00, 0x00, 0x00, 0x00, 0x00, 0x00, 0x00, 0x00, 0x00, 0x00, 0x00, 0x07, 0x08, 0x00, 0x00,
  0x00, 0x00, 0x00, 0x08, 0x0c, 0x17, 0x12, 0x0f, 0x0d, 0x2b, 0x3b, 0x56, 0x39, 0x31, 0x29, 0x88,
  0xd7, 0xde, 0xe6, 0xf2, 0xf4, 0xfb, 0xef, 0xef, 0xe9, 0xf9, 0xe5, 0xff, 0xde, 0x54, 0x71, 0xb4,
  0xec, 0xf4, 0xf8, 0xf8, 0xf9, 0xfc, 0xfc, 0xfa, 0xfa, 0xfa, 0xfc, 0xfb, 0xfb, 0xff, 0xfd, 0xfc,
  0xfe, 0xfb, 0xfd, 0xfc, 0xfc, 0xfa, 0xfc, 0xfb, 0xfd, 0xfd, 0xfd, 0xfd, 0xfb, 0xff, 0xfd, 0xfc,
  0xfc, 0xfb, 0xfd, 0xfd, 0xfb, 0xfd, 0xfd, 0xfc, 0xfd, 0xfa, 0xfb, 0xfc, 0xfc, 0xfb, 0xfa, 0xf9,
  0xfd, 0xfc, 0xfd, 0xf7, 0xf8, 0xfa, 0xf4, 0xf1, 0xee, 0xf2, 0xe4, 0xf3, 0xe8, 0x77, 0x3e, 0x12,
  0x0f, 0x10, 0x0b, 0x18, 0x1e, 0x14, 0x46, 0x4b, 0xa2, 0x72, 0x39, 0x4d, 0x6e, 0x24, 0x05, 0x0a,
  0x09, 0x0c, 0x07, 0x09, 0x04, 0x08, 0x16, 0x75, 0x71, 0x12, 0x00, 0x09, 0x01, 0x00, 0x00, 0x00,
  0x03, 0x00, 0x00, 0x00, 0x00, 0x00, 0x00, 0x00, 0x00, 0x00, 0x00, 0x00, 0x00, 0x00, 0x00, 0x00,
  0x00, 0x00, 0x00, 0x00, 0x00, 0x00, 0x00, 0x00, 0x00, 0x00, 0x00, 0x00, 0x00, 0x00, 0x00, 0x00,
  0x00, 0x00, 0x00, 0x00, 0x00, 0x00, 0x00, 0x00, 0x00, 0x00, 0x00, 0x00, 0x00, 0x00, 0x00, 0x00,
  0x00, 0x00, 0x00, 0x00, 0x00, 0x00, 0x00, 0x00, 0x00, 0x00, 0x00, 0x00, 0x00, 0x00, 0x00, 0x00,
  0x00, 0x00, 0x00, 0x00, 0x11, 0x06, 0x01, 0x02, 0x00, 0x00, 0x00, 0x2d, 0x5c, 0x13, 0x07, 0x0f,
  0x13, 0x16, 0x10, 0x18, 0x1e, 0x1f, 0x43, 0x89, 0x82, 0x46, 0x66, 0xa6, 0xa1, 0xee, 0xea, 0xf0,
  0xe3, 0xd5, 0xb9, 0xdf, 0x51, 0x0e, 0x18, 0x33, 0xaf, 0xe1, 0xf9, 0xfb, 0xf9, 0xfa, 0xfc, 0xfa,
  0xf4, 0xf2, 0xf8, 0xfc, 0xf8, 0xfc, 0xff, 0xfe, 0xfd, 0xfd, 0xfd, 0xff, 0xff, 0xfc, 0xfe, 0xfd,
  0xfc, 0xfa, 0xfd, 0xfd, 0xfc, 0xfd, 0xfe, 0xff, 0xfc, 0xfb, 0xfc, 0xfd, 0xfd, 0xfc, 0xfe, 0xfd,
  0xfc, 0xfc, 0xfa, 0xfd, 0xfb, 0xf8, 0xfd, 0xfd, 0xfa, 0xf8, 0xfb, 0xfb, 0xf9, 0xdf, 0xe2, 0xe6,
  0xb6, 0xae, 0xb6, 0xe3, 0xb2, 0x20, 0x2b, 0x2b, 0x1d, 0x0f, 0x08, 0x0d, 0x0d, 0x39, 0x41, 0x70,
  0x97, 0x7e, 0x4f, 0x33, 0x4d, 0x11, 0x06, 0x10, 0x04, 0x05, 0x02, 0x0d, 0x2f, 0x04, 0x0f, 0x2b,
  0x60, 0x20, 0x06, 0x09, 0x06, 0x01, 0x00, 0x07, 0x08, 0x00, 0x00, 0x00, 0x00, 0x00, 0x00, 0x00,
  0x00, 0x00, 0x00, 0x00, 0x00, 0x00, 0x00, 0x00, 0x00, 0x00, 0x00, 0x00, 0x00, 0x00, 0x00, 0x00,
  0x00, 0x00, 0x00, 0x00, 0x00, 0x00, 0x00, 0x00, 0x00, 0x00, 0x00, 0x00, 0x00, 0x00, 0x00, 0x00,
  0x00, 0x00, 0x00, 0x00, 0x00, 0x00, 0x00, 0x00, 0x00, 0x00, 0x00, 0x00, 0x00, 0x00, 0x00, 0x00,
  0x00, 0x00, 0x00, 0x00, 0x00, 0x00, 0x00, 0x00, 0x00, 0x00, 0x00, 0x00, 0x09, 0x01, 0x01, 0x00,
  0x00, 0x00, 0x00, 0x31, 0xa8, 0x01, 0x0d, 0x27, 0x2a, 0x14, 0x13, 0x0b, 0x03, 0x0c, 0x1e, 0x34,
  0x16, 0x0d, 0x2b, 0x22, 0x37, 0xc9, 0xda, 0xe9, 0xcf, 0x53, 0x81, 0xa9, 0x1e, 0x1b, 0x19, 0x24,
  0x43, 0x64, 0xaf, 0xed, 0xe9, 0xea, 0xef, 0xf6, 0xf2, 0xf3, 0xf6, 0xfd, 0xfc, 0xf9, 0xfe, 0xfc,
  0xfc, 0xfc, 0xfb, 0xfe, 0xfe, 0xfa, 0xfc, 0xfd, 0xfd, 0xfd, 0xfc, 0xfc, 0xfe, 0xfc, 0xfc, 0xff,
  0xfe, 0xfa, 0xfa, 0xfd, 0xfe, 0xfd, 0xfc, 0xfe, 0xfd, 0xfd, 0xfb, 0xfb, 0xfd, 0xf9, 0xfd, 0xfa,
  0xf9, 0xf9, 0xf5, 0xf2, 0xf0, 0xcb, 0xa5, 0xc7, 0xc9, 0xd3, 0x69, 0x7f, 0xcf, 0x71, 0x60, 0x2a,
  0x0a, 0x08, 0x00, 0x00, 0x02, 0x27, 0x1e, 0x49, 0x44, 0x40, 0x4a, 0x27, 0x23, 0x02, 0x04, 0x05,
  0x00, 0x04, 0x03, 0x08, 0x10, 0x00, 0x00, 0x05, 0x18, 0x22, 0x0c, 0x0b, 0x02, 0x00, 0x09, 0x22,
  0x42, 0x0c, 0x05, 0x00, 0x00, 0x00, 0x00, 0x00, 0x00, 0x00, 0x00, 0x00, 0x00, 0x00, 0x00, 0x00,
  0x00, 0x00, 0x00, 0x00, 0x00, 0x00, 0x00, 0x00, 0x00, 0x00, 0x00, 0x00, 0x00, 0x00, 0x00, 0x00,
  0x00, 0x00, 0x00, 0x00, 0x00, 0x00, 0x00, 0x00, 0x00, 0x00, 0x00, 0x00, 0x00, 0x00, 0x00, 0x00,
  0x00, 0x00, 0x00, 0x00, 0x00, 0x00, 0x00, 0x00, 0x00, 0x00, 0x00, 0x00, 0x00, 0x00, 0x00, 0x00,
  0x00, 0x00, 0x00, 0x00, 0x00, 0x01, 0x00, 0x01, 0x01, 0x03, 0x00, 0x08, 0x40, 0x00, 0x08, 0x15,
  0x08, 0x07, 0x10, 0x02, 0x08, 0x08, 0x19, 0x21, 0x17, 0x10, 0x16, 0x17, 0x25, 0x4e, 0xc6, 0xdb,
  0x90, 0x3d, 0x7e, 0x7e, 0x2f, 0x11, 0x1d, 0x26, 0x31, 0x36, 0x39, 0x76, 0xac, 0xe3, 0xf6, 0xf6,
  0xf4, 0xf4, 0xfb, 0xfa, 0xf7, 0xfc, 0xff, 0xfb, 0xf9, 0xfc, 0xfc, 0xfd, 0xfd, 0xfc, 0xf9, 0xf8,
  0xfb, 0xfc, 0xfb, 0xfc, 0xff, 0xfb, 0xfd, 0xfb, 0xfc, 0xfd, 0xfa, 0xfc, 0xfb, 0xfd, 0xfd, 0xfb,
  0xfc, 0xfc, 0xf7, 0xf9, 0xf3, 0xfa, 0xf7, 0xda, 0xaf, 0xa9, 0x98, 0xa3, 0xb1, 0xba, 0x98, 0x8a,
  0x65, 0x46, 0x29, 0x1a, 0x41, 0x29, 0x23, 0x0d, 0x03, 0x00, 0x00, 0x00, 0x03, 0x24, 0x13, 0x25,
  0x1e, 0x0d, 0x0d, 0x0a, 0x0e, 0x02, 0x02, 0x00, 0x01, 0x00, 0x02, 0x0b, 0x08, 0x00, 0x05, 0x10,
  0x15, 0x21, 0x4a, 0x34, 0x08, 0x02, 0x14, 0x7c, 0xb4, 0x32, 0x03, 0x00, 0x00, 0x00, 0x00, 0x00,
  0x00, 0x00, 0x00, 0x00, 0x00, 0x00, 0x00, 0x00, 0x00, 0x00, 0x00, 0x00, 0x00, 0x00, 0x00, 0x00,
  0x00, 0x00, 0x00, 0x00, 0x00, 0x00, 0x00, 0x00, 0x00, 0x00, 0x00, 0x00, 0x00, 0x00, 0x00, 0x00,
  0x00, 0x00, 0x00, 0x00, 0x00, 0x00, 0x00, 0x00, 0x00, 0x00, 0x00, 0x00, 0x00, 0x00, 0x00, 0x00,
  0x00, 0x00, 0x00, 0x00, 0x00, 0x00, 0x00, 0x00, 0x00, 0x00, 0x00, 0x00, 0x00, 0x00, 0x00, 0x00,
  0x00, 0x00, 0x00, 0x0c, 0x47, 0x09, 0x08, 0x07, 0x06, 0x07, 0x00, 0x03, 0x0c, 0x0a, 0x0b, 0x06,
  0x10, 0x08, 0x0c, 0x14, 0x12, 0x0a, 0x3b, 0xb7, 0x66, 0x3c, 0x98, 0xac, 0x14, 0x0d, 0x11, 0x17,
  0x30, 0x1b, 0x1e, 0x33, 0x3e, 0x30, 0x7c, 0xe2, 0xdf, 0xec, 0xe7, 0xe2, 0xf6, 0xec, 0xef, 0xf9,
  0xf9, 0xfc, 0xf7, 0xf7, 0xfa, 0xf7, 0xf6, 0xfb, 0xfd, 0xfd, 0xfb, 0xfa, 0xfc, 0xfb, 0xfe, 0xfe,
  0xfd, 0xff, 0xfc, 0xfd, 0xfc, 0xf9, 0xf9, 0xf8, 0xf4, 0xf8, 0xf1, 0xef, 0xb5, 0x9c, 0x79, 0x69,
  0x64, 0x43, 0x27, 0x24, 0x3c, 0x20, 0x21, 0x34, 0x1f, 0x17, 0x0b, 0x0c, 0x0e, 0x0d, 0x1d, 0x09,
  0x04, 0x00, 0x06, 0x01, 0x00, 0x0a, 0x09, 0x02, 0x04, 0x09, 0x0e, 0x07, 0x15, 0x01, 0x00, 0x00,
  0x00, 0x00, 0x00, 0x07, 0x08, 0x00, 0x00, 0x00, 0x09, 0x15, 0x82, 0xc0, 0x1d, 0x04, 0x0c, 0x80,
  0xc5, 0x5d, 0x06, 0x00, 0x00, 0x00, 0x00, 0x00, 0x00, 0x00, 0x00, 0x00, 0x00, 0x00, 0x00, 0x00,
  0x00, 0x00, 0x00, 0x00, 0x00, 0x00, 0x00, 0x00, 0x00, 0x00, 0x00, 0x00, 0x00, 0x00, 0x00, 0x00,
  0x00, 0x00, 0x00, 0x00, 0x00, 0x00, 0x00, 0x00, 0x00, 0x00, 0x00, 0x00, 0x00, 0x00, 0x00, 0x00,
  0x00, 0x00, 0x00, 0x00, 0x00, 0x00, 0x00, 0x00, 0x00, 0x00, 0x00, 0x00, 0x00, 0x00, 0x00, 0x00,
  0x00, 0x00, 0x00, 0x00, 0x00, 0x00, 0x04, 0x02, 0x00, 0x00, 0x00, 0x10, 0x31, 0x02, 0x05, 0x00,
  0x01, 0x00, 0x01, 0x01, 0x06, 0x04, 0x08, 0x00, 0x12, 0x14, 0x0e, 0x15, 0x15, 0x08, 0x3a, 0xac,
  0x3a, 0x2d, 0xc8, 0x97, 0x13, 0x10, 0x09, 0x23, 0x42, 0x45, 0x22, 0x2e, 0x5d, 0x1d, 0x2a, 0x52,
  0x30, 0x3c, 0x5b, 0x98, 0xc5, 0xe7, 0xdf, 0xd3, 0x8a, 0xa3, 0xea, 0xf0, 0xec, 0xc3, 0xe4, 0xcd,
  0xab, 0xd7, 0xda, 0xea, 0xe9, 0xf1, 0xf8, 0xf5, 0xf2, 0xfa, 0xfc, 0xf5, 0xf6, 0xef, 0xf8, 0xf7,
  0xdc, 0xed, 0xe7, 0xba, 0x75, 0x71, 0x2c, 0x2d, 0x2a, 0x2e, 0x2e, 0x2f, 0x1f, 0x28, 0x15, 0x13,
  0x09, 0x10, 0x11, 0x07, 0x14, 0x20, 0x2a, 0x17, 0x10, 0x09, 0x02, 0x05, 0x06, 0x02, 0x02, 0x02,
  0x0b, 0x0b, 0x12, 0x03, 0x10, 0x01, 0x02, 0x00, 0x00, 0x02, 0x00, 0x01, 0x0b, 0x00, 0x00, 0x00,
  0x00, 0x00, 0x10, 0xa7, 0x1f, 0x0b, 0x37, 0xa1, 0xb6, 0x8e, 0x35, 0x03, 0x03, 0x00, 0x00, 0x00,
  0x00, 0x00, 0x00, 0x00, 0x00, 0x00, 0x00, 0x00, 0x00, 0x00, 0x00, 0x00, 0x00, 0x00, 0x00, 0x00,
  0x00, 0x00, 0x00, 0x00, 0x00, 0x00, 0x00, 0x00, 0x00, 0x00, 0x00, 0x00, 0x00, 0x00, 0x00, 0x00,
  0x00, 0x00, 0x00, 0x00, 0x00, 0x00, 0x00, 0x00, 0x00, 0x00, 0x00, 0x00, 0x00, 0x00, 0x00, 0x00,
  0x00, 0x00, 0x00, 0x00, 0x00, 0x00, 0x00, 0x00, 0x00, 0x00, 0x00, 0x00, 0x00, 0x00, 0x00, 0x00,
  0x00, 0x00, 0x00, 0x00, 0x00, 0x01, 0x00, 0x00, 0x00, 0x00, 0x00, 0x00, 0x00, 0x01, 0x08, 0x05,
  0x03, 0x05, 0x09, 0x0b, 0x2a, 0x09, 0x0e, 0x16, 0x17, 0x26, 0xc6, 0x92, 0x13, 0x10, 0x16, 0x2b,
  0x49, 0x78, 0x58, 0x89, 0xc5, 0x15, 0x16, 0x34, 0x19, 0x27, 0x6a, 0x69, 0xae, 0xcc, 0xa8, 0x8f,
  0x84, 0x74, 0x99, 0xcc, 0xc3, 0x7e, 0x90, 0xb1, 0xba, 0xe8, 0xe5, 0xef, 0xe0, 0xfd, 0xf9, 0xeb,
  0xf1, 0xf2, 0xf6, 0xfb, 0xee, 0xee, 0xba, 0xce, 0xdc, 0xd3, 0xab, 0x81, 0x4d, 0x48, 0x44, 0x4f,
  0x62, 0x26, 0x17, 0x13, 0x0c, 0x21, 0x07, 0x09, 0x04, 0x03, 0x0a, 0x0e, 0x03, 0x07, 0x1d, 0x37,
  0x15, 0x01, 0x03, 0x07, 0x05, 0x02, 0x00, 0x03, 0x19, 0x1f, 0x02, 0x07, 0x02, 0x02, 0x06, 0x09,
  0x02, 0x06, 0x00, 0x00, 0x00, 0x00, 0x00, 0x00, 0x00, 0x00, 0x00, 0x00, 0x02, 0x00, 0x02, 0x0f,
  0x12, 0x00, 0x00, 0x00, 0x00, 0x00, 0x00, 0x00, 0x00, 0x00, 0x00, 0x00, 0x00, 0x00, 0x00, 0x00,
  0x00, 0x00, 0x00, 0x00, 0x00, 0x00, 0x00, 0x00, 0x00, 0x00, 0x00, 0x00, 0x00, 0x00, 0x00, 0x00,
  0x00, 0x00, 0x00, 0x00, 0x00, 0x00, 0x00, 0x00, 0x00, 0x00, 0x00, 0x00, 0x00, 0x00, 0x00, 0x00,
  0x00, 0x00, 0x00, 0x00, 0x00, 0x00, 0x00, 0x00, 0x00, 0x00, 0x00, 0x00, 0x00, 0x00, 0x00, 0x00,
  0x00, 0x00, 0x00, 0x00, 0x00, 0x00, 0x00, 0x00, 0x00, 0x00, 0x00, 0x00, 0x00, 0x00, 0x00, 0x00,
  0x00, 0x00, 0x00, 0x00, 0x00, 0x05, 0x03, 0x0b, 0x15, 0x06, 0x0e, 0x1b, 0x23, 0x00, 0x02, 0x07,
  0x05, 0x17, 0xaa, 0xb9, 0x2e, 0x59, 0x48, 0x76, 0x88, 0xb1, 0xab, 0xbe, 0x7d, 0x1d, 0x3a, 0x22,
  0x1a, 0x20, 0x43, 0x37, 0x35, 0x8d, 0x7d, 0x88, 0x9f, 0xaf, 0xa3, 0x9d, 0x80, 0x37, 0x4b, 0xb4,
  0xa4, 0xb3, 0xa1, 0xa0, 0xbb, 0xf4, 0xe1, 0xe3, 0xe2, 0xef, 0xeb, 0xf1, 0xe7, 0xf3, 0xe0, 0xb5,
  0xc6, 0xbe, 0xa2, 0x72, 0x57, 0x39, 0x55, 0x3c, 0x2f, 0x32, 0x38, 0x13, 0x0b, 0x13, 0x03, 0x05,
  0x04, 0x01, 0x01, 0x01, 0x05, 0x22, 0x14, 0x15, 0x02, 0x02, 0x05, 0x03, 0x01, 0x00, 0x04, 0x05,
  0x0c, 0x02, 0x00, 0x06, 0x04, 0x00, 0x08, 0x01, 0x00, 0x00, 0x00, 0x00, 0x00, 0x00, 0x00, 0x00,
  0x00, 0x00, 0x00, 0x00, 0x00, 0x00, 0x00, 0x00, 0x06, 0x00, 0x00, 0x00, 0x00, 0x00, 0x00, 0x00,
  0x00, 0x00, 0x00, 0x00, 0x00, 0x00, 0x00, 0x00, 0x00, 0x00, 0x00, 0x00, 0x00, 0x00, 0x00, 0x00,
  0x00, 0x00, 0x00, 0x00, 0x00, 0x00, 0x00, 0x00, 0x00, 0x00, 0x00, 0x00, 0x00, 0x00, 0x00, 0x00,
  0x00, 0x00, 0x00, 0x00, 0x00, 0x00, 0x00, 0x00, 0x00, 0x00, 0x00, 0x00, 0x00, 0x00, 0x00, 0x00,
  0x00, 0x00, 0x00, 0x00, 0x00, 0x00, 0x00, 0x00, 0x00, 0x00, 0x00, 0x00, 0x00, 0x00, 0x00, 0x00,
  0x00, 0x00, 0x00, 0x00, 0x00, 0x00, 0x00, 0x00, 0x00, 0x00, 0x00, 0x00, 0x00, 0x08, 0x07, 0x3c,
  0x2d, 0x18, 0x0d, 0x12, 0x01, 0x00, 0x02, 0x00, 0x00, 0x08, 0x19, 0x2f, 0x1d, 0x38, 0x35, 0x4c,
  0x56, 0x4c, 0x4e, 0x3c, 0x25, 0x1d, 0x15, 0x06, 0x05, 0x00, 0x04, 0x03, 0x0c, 0x20, 0x7a, 0x83,
  0x55, 0x78, 0x82, 0xbc, 0xc2, 0x3d, 0x6a, 0xbc, 0x6c, 0x6c, 0x69, 0x82, 0xb5, 0xe0, 0xda, 0xdf,
  0xeb, 0xe6, 0xf7, 0xf9, 0xf1, 0xfa, 0xe7, 0xab, 0xa5, 0x93, 0xaa, 0x85, 0x79, 0x2b, 0x44, 0x18,
  0x13, 0x24, 0x32, 0x05, 0x01, 0x10, 0x02, 0x01, 0x00, 0x00, 0x00, 0x00, 0x09, 0x54, 0x13, 0x03,
  0x00, 0x02, 0x00, 0x00, 0x01, 0x00, 0x09, 0x15, 0x01, 0x00, 0x01, 0x07, 0x02, 0x05, 0x02, 0x00,
  0x00, 0x00, 0x00, 0x00, 0x00, 0x00, 0x00, 0x00, 0x00, 0x00, 0x00, 0x00, 0x00, 0x00, 0x00, 0x00,
  0x00, 0x00, 0x00, 0x00, 0x00, 0x00, 0x00, 0x00, 0x00, 0x00, 0x00, 0x00, 0x00, 0x00, 0x00, 0x00,
  0x00, 0x00, 0x00, 0x00, 0x00, 0x00, 0x00, 0x00, 0x00, 0x00, 0x00, 0x00, 0x00, 0x00, 0x00, 0x00,
  0x00, 0x00, 0x00, 0x00, 0x00, 0x00, 0x00, 0x00, 0x00, 0x00, 0x00, 0x00, 0x00, 0x00, 0x00, 0x00,
  0x00, 0x00, 0x00, 0x00, 0x00, 0x00, 0x00, 0x00, 0x00, 0x00, 0x00, 0x00, 0x00, 0x00, 0x00, 0x00,
  0x00, 0x00, 0x00, 0x00, 0x00, 0x00, 0x00, 0x00, 0x00, 0x00, 0x00, 0x00, 0x00, 0x00, 0x00, 0x00,
  0x00, 0x00, 0x00, 0x00, 0x00, 0x00, 0x06, 0x7d, 0xa5, 0x47, 0x3b, 0x45, 0x1b, 0x00, 0x0d, 0x10,
  0x07, 0x0c, 0x0d, 0x0f, 0x04, 0x21, 0x1a, 0x09, 0x16, 0x20, 0x16, 0x13, 0x16, 0x07, 0x0f, 0x07,
  0x0a, 0x04, 0x00, 0x07, 0x06, 0x07, 0x2c, 0x5b, 0x51, 0x2d, 0x27, 0x43, 0x45, 0x30, 0x71, 0x82,
  0x37, 0x31, 0x51, 0x73, 0xaa, 0xe8, 0xe0, 0xdf, 0xeb, 0xde, 0xe0, 0xe5, 0xf9, 0xeb, 0x9d, 0x8d,
  0x99, 0x98, 0xb4, 0x97, 0x78, 0x2a, 0x1c, 0x1e, 0x25, 0x24, 0x3c, 0x22, 0x02, 0x07, 0x01, 0x03,
  0x05, 0x00, 0x00, 0x01, 0x03, 0x71, 0x35, 0x09, 0x01, 0x01, 0x00, 0x02, 0x0a, 0x09, 0x1e, 0x22,
  0x05, 0x02, 0x00, 0x00, 0x04, 0x06, 0x00, 0x00, 0x00, 0x00, 0x00, 0x00, 0x00, 0x00, 0x00, 0x00,
  0x00, 0x00, 0x00, 0x00, 0x00, 0x00, 0x00, 0x00, 0x00, 0x00, 0x00, 0x00, 0x00, 0x00, 0x00, 0x00,
  0x00, 0x00, 0x00, 0x00, 0x00, 0x00, 0x00, 0x00, 0x00, 0x00, 0x00, 0x00, 0x00, 0x00, 0x00, 0x00,
  0x00, 0x00, 0x00, 0x00, 0x00, 0x00, 0x00, 0x00, 0x00, 0x00, 0x00, 0x00, 0x00, 0x00, 0x00, 0x00,
  0x00, 0x00, 0x00, 0x00, 0x00, 0x00, 0x00, 0x00, 0x00, 0x00, 0x00, 0x00, 0x00, 0x00, 0x00, 0x00,
  0x00, 0x00, 0x00, 0x00, 0x00, 0x00, 0x00, 0x00, 0x00, 0x00, 0x00, 0x00, 0x00, 0x00, 0x00, 0x00,
  0x00, 0x00, 0x00, 0x00, 0x00, 0x00, 0x00, 0x00, 0x00, 0x00, 0x00, 0x00, 0x00, 0x00, 0x10, 0x78,
  0x9d, 0x46, 0x36, 0x5c, 0x37, 0x04, 0x0a, 0x01, 0x03, 0x09, 0x2b, 0x74, 0x05, 0x0d, 0x16, 0x14,
  0x11, 0x08, 0x0a, 0x0f, 0x0d, 0x00, 0x05, 0x00, 0x0e, 0x08, 0x07, 0x04, 0x01, 0x0a, 0x1c, 0x2d,
  0x47, 0x30, 0x15, 0x1e, 0x1e, 0x20, 0x28, 0x26, 0x4d, 0x32, 0x27, 0x62, 0x72, 0xa7, 0x9b, 0xb7,
  0xc1, 0xc7, 0xb2, 0x8a, 0xb0, 0xd1, 0xab, 0xba, 0xaa, 0x90, 0x65, 0x54, 0x4c, 0x2b, 0x2c, 0x1e,
  0x2b, 0x1c, 0x3a, 0x29, 0x18, 0x00, 0x00, 0x00, 0x00, 0x00, 0x00, 0x00, 0x00, 0x2a, 0x4b, 0x17,
  0x00, 0x00, 0x00, 0x00, 0x04, 0x09, 0x1c, 0x39, 0x00, 0x00, 0x00, 0x00, 0x03, 0x00, 0x00, 0x00,
  0x00, 0x00, 0x00, 0x00, 0x00, 0x00, 0x00, 0x00, 0x00, 0x00, 0x00, 0x00, 0x00, 0x00, 0x00, 0x00,
  0x00, 0x00, 0x00, 0x00, 0x00, 0x00, 0x00, 0x00, 0x00, 0x00, 0x00, 0x00, 0x00, 0x00, 0x00, 0x00,
  0x00, 0x00, 0x00, 0x00, 0x00, 0x00, 0x00, 0x00, 0x00, 0x00, 0x00, 0x00, 0x00, 0x00, 0x00, 0x00,
  0x00, 0x00, 0x00, 0x00, 0x00, 0x00, 0x00, 0x00, 0x00, 0x00, 0x00, 0x00, 0x00, 0x00, 0x00, 0x00,
  0x00, 0x00, 0x00, 0x00, 0x00, 0x00, 0x00, 0x00, 0x00, 0x00, 0x00, 0x00, 0x00, 0x00, 0x00, 0x00,
  0x00, 0x00, 0x00, 0x00, 0x00, 0x00, 0x00, 0x00, 0x00, 0x00, 0x00, 0x00, 0x00, 0x00, 0x00, 0x00,
  0x00, 0x00, 0x00, 0x00, 0x00, 0x03, 0x09, 0x3f, 0x25, 0x21, 0x5d, 0x70, 0x34, 0x06, 0x00, 0x00,
  0x08, 0x00, 0x40, 0xd3, 0x39, 0x32, 0x32, 0x2c, 0x14, 0x00, 0x07, 0x07, 0x08, 0x00, 0x04, 0x00,
  0x03, 0x01, 0x05, 0x00, 0x02, 0x07, 0x14, 0x07, 0x0b, 0x16, 0x10, 0x09, 0x0e, 0x22, 0x19, 0x18,
  0x35, 0x1d, 0x19, 0x0d, 0x18, 0x64, 0x80, 0x7e, 0x7a, 0x7a, 0x38, 0x29, 0x92, 0x94, 0x74, 0x5b,
  0x41, 0x2a, 0x22, 0x18, 0x15, 0x16, 0x46, 0x45, 0x31, 0x07, 0x03, 0x0f, 0x07, 0x01, 0x00, 0x01,
  0x00, 0x00, 0x00, 0x00, 0x01, 0x0f, 0x3f, 0x19, 0x00, 0x00, 0x00, 0x00, 0x02, 0x00, 0x17, 0x49,
  0x04, 0x00, 0x00, 0x00, 0x00, 0x00, 0x00, 0x00, 0x00, 0x00, 0x00, 0x00, 0x00, 0x00, 0x00, 0x00,
  0x00, 0x00, 0x00, 0x00, 0x00, 0x00, 0x00, 0x00, 0x00, 0x00, 0x00, 0x00, 0x00, 0x00, 0x00, 0x00,
  0x00, 0x00, 0x00, 0x00, 0x00, 0x00, 0x00, 0x00, 0x00, 0x00, 0x00, 0x00, 0x00, 0x00, 0x00, 0x00,
  0x00, 0x00, 0x00, 0x00, 0x00, 0x00, 0x00, 0x00, 0x00, 0x00, 0x00, 0x00, 0x00, 0x00, 0x00, 0x00,
  0x00, 0x00, 0x00, 0x00, 0x00, 0x00, 0x00, 0x00, 0x00, 0x00, 0x00, 0x00, 0x00, 0x00, 0x00, 0x00,
  0x00, 0x00, 0x00, 0x00, 0x00, 0x00, 0x00, 0x00, 0x00, 0x00, 0x00, 0x00, 0x00, 0x00, 0x00, 0x00,
  0x00, 0x00, 0x00, 0x00, 0x00, 0x00, 0x00, 0x00, 0x00, 0x00, 0x00, 0x00, 0x00, 0x04, 0x02, 0x07,
  0x00, 0x06, 0x15, 0x08, 0x08, 0x08, 0x00, 0x05, 0x05, 0x00, 0x6e, 0xde, 0xd2, 0xb9, 0x39, 0x0f,
  0x09, 0x06, 0x0d, 0x0f, 0x02, 0x02, 0x02, 0x00, 0x01, 0x04, 0x01, 0x00, 0x00, 0x0b, 0x0a, 0x05,
  0x03, 0x06, 0x02, 0x0d, 0x0b, 0x0a, 0x09, 0x11, 0x17, 0x0d, 0x0a, 0x13, 0x1b, 0x34, 0x5b, 0x52,
  0x3f, 0x3a, 0x21, 0x10, 0x29, 0x34, 0x2d, 0x1a, 0x22, 0x1e, 0x12, 0x0d, 0x0a, 0x0d, 0x21, 0x10,
  0x0b, 0x03, 0x02, 0x02, 0x02, 0x01, 0x00, 0x00, 0x00, 0x00, 0x00, 0x00, 0x00, 0x0d, 0x3f, 0x39,
  0x0c, 0x00, 0x00, 0x01, 0x06, 0x02, 0x04, 0x14, 0x06, 0x04, 0x00, 0x00, 0x00, 0x00, 0x00, 0x00,
  0x00, 0x00, 0x00, 0x00, 0x00, 0x00, 0x00, 0x00, 0x00, 0x00, 0x00, 0x00, 0x00, 0x00, 0x00, 0x00,
  0x00, 0x00, 0x00, 0x00, 0x00, 0x00, 0x00, 0x00, 0x00, 0x00, 0x00, 0x00, 0x00, 0x00, 0x00, 0x00,
};

const lv_image_dsc_t hit_ring_great = {
  .header = {
    .magic = LV_IMAGE_HEADER_MAGIC,
    .cf = LV_COLOR_FORMAT_RGB565A8,
    .w = 200,
    .h = 190,
    .stride = 400,
  },
  .data_size = sizeof(hit_ring_great_map),
  .data = hit_ring_great_map,
};
