#ifdef __has_include
    #if __has_include("lvgl.h")
        #ifndef LV_LVGL_H_INCLUDE_SIMPLE
            #define LV_LVGL_H_INCLUDE_SIMPLE
        #endif
    #endif
#endif

#if defined(LV_LVGL_H_INCLUDE_SIMPLE)
    #include "lvgl.h"
#else
    #include "lvgl/lvgl.h"
#endif

#ifndef LV_ATTRIBUTE_MEM_ALIGN
#define LV_ATTRIBUTE_MEM_ALIGN
#endif

#ifndef LV_ATTRIBUTE_IMAGE_HIT_RING_PERFECT
#define LV_ATTRIBUTE_IMAGE_HIT_RING_PERFECT
#endif

const LV_ATTRIBUTE_MEM_ALIGN LV_ATTRIBUTE_LARGE_CONST LV_ATTRIBUTE_IMAGE_HIT_RING_PERFECT uint8_t hit_ring_perfect_map[] = {
  0x00, 0x00, 0x00, 0x00, 0x00, 0x00, 0x00, 0x00, 0x00, 0x00, 0x00, 0x00, 0x00, 0x00, 0x00, 0x00,
  0x00, 0x00, 0x00, 0x00, 0x00, 0x00, 0x00, 0x00, 0x00, 0x00, 0x00, 0x00, 0x00, 0x00, 0x00, 0x00,
  0x00, 0x00, 0x00, 0x00, 0x00, 0x00, 0x00, 0x00, 0x00, 0x00, 0x00, 0x00, 0x00, 0x00, 0x00, 0x00,
  0x00, 0x00, 0x00, 0x00, 0x00, 0x00, 0x00, 0x00, 0x00, 0x00, 0x00, 0x00, 0x00, 0x00, 0x00, 0x00,
  0x00, 0x00, 0x00, 0x00, 0x00, 0x00, 0x00, 0x00, 0x00, 0x00, 0x00, 0x00, 0x00, 0x00, 0x00, 0x00,
  0x00, 0x00, 0x00, 0x00, 0x00, 0x00, 0x00, 0x00, 0x00, 0x00, 0x00, 0x00, 0x00, 0x00, 0x00, 0x00,
  0x00, 0x00, 0x00, 0x00, 0x00, 0x00, 0x00, 0x00, 0x00, 0x00, 0x00, 0x00, 0x00, 0x00, 0x00, 0x00,
  0x00, 0x00, 0x00, 0x00, 0x00, 0x00, 0x00, 0x00, 0x00, 0x00, 0x00, 0x00, 0x00, 0x00, 0x00, 0x00,
  0x00, 0x00, 0x00, 0x00, 0x00, 0x00, 0x00, 0x00, 0x00, 0x00, 0x00, 0x00, 0x00, 0x00, 0x00, 0x00,
  0x00, 0x00, 0x00, 0x00, 0x00, 0x00, 0x00, 0x00, 0x00, 0x00, 0x00, 0x00, 0x00, 0x00, 0x00, 0x00,
  0x00, 0x00, 0x00, 0x00, 0x00, 0x00, 0x00, 0x00, 0x00, 0x00, 0x00, 0x00, 0x00, 0x00, 0x00, 0x00,
  0x00, 0x00, 0x00, 0x00, 0x00, 0x00, 0x00, 0x00, 0x00, 0x00, 0x00, 0x00, 0x00, 0x00, 0x00, 0x00,
  0x00, 0x00, 0x00, 0x00, 0x00, 0xf8, 0x00, 0x00, 0x00, 0x00, 0x00, 0x00, 0x00, 0x00, 0x00, 0x00,
  0x00, 0x00, 0x00, 0x00, 0x00, 0x00, 0x00, 0x00, 0x00, 0x00, 0x00, 0x00, 0x00, 0x00, 0x00, 0x00,
  0x00, 0x00, 0x00, 0x00, 0x00, 0xf8, 0x00, 0x00, 0x00, 0x00, 0x00, 0x00, 0x00, 0x00, 0x00, 0x00,
  0x00, 0x00, 0x00, 0x00, 0x00, 0xf8, 0x00, 0x00, 0x00, 0xf8, 0x00, 0x00, 0x00, 0x00, 0x00, 0x00,
  0x00, 0x00, 0x00, 0x00, 0x00, 0x00, 0x00, 0x00, 0x00, 0x00, 0x00, 0x00, 0x00, 0xf8, 0x00, 0x00,
  0x00, 0x00, 0x00, 0x00, 0x00, 0xf8, 0x00, 0x00, 0x00, 0x84, 0xa0, 0xaa, 0x26, 0x9b, 0xe5, 0x72,
  0x08, 0x84, 0xa5, 0x82, 0xa0, 0xaa, 0x00, 0x00, 0x00, 0x00, 0x00, 0x00, 0x00, 0x00, 0x00, 0x00,
  0x00, 0x00, 0x00, 0x00, 0x00, 0x00, 0x00, 0x00, 0x00, 0xf8, 0x00, 0x00, 0x00, 0x00, 0x00, 0x00,
  0x00, 0x00, 0x00, 0x00, 0x00, 0xf8, 0x00, 0x00, 0x00, 0x00, 0x00, 0x00, 0x00, 0x00, 0x00, 0x00,
  0x00, 0x00, 0x00, 0x00, 0x00, 0x00, 0x00, 0x00, 0x00, 0x00, 0x00, 0x00, 0x00, 0x00, 0x00, 0x00,
  0x00, 0x00, 0x00, 0x00, 0x00, 0x00, 0x00, 0x00, 0x00, 0x00, 0x00, 0x00, 0x00, 0x00, 0x00, 0x00,
  0x00, 0x00, 0x00, 0x00, 0x00, 0x00, 0x00, 0x00, 0x00, 0x00, 0x00, 0x00, 0x00, 0x00, 0x00, 0x00,
  0x00, 0x00, 0x00, 0x00, 0x00, 0x00, 0x00, 0x00, 0x00, 0x00, 0x00, 0x00, 0x00, 0x00, 0x00, 0x00,
  0x00, 0x00, 0x00, 0x00, 0x00, 0x00, 0x00, 0x00, 0x00, 0x00, 0x00, 0x00, 0x00, 0x00, 0x00, 0x00,
  0x00, 0x00, 0x00, 0x00, 0x00, 0x00, 0x00, 0x00, 0x00, 0x00, 0x00, 0x00, 0x00, 0x00, 0x00, 0x00,
  0x00, 0x00, 0x00, 0x00, 0x00, 0x00, 0x00, 0x00, 0x00, 0x00, 0x00, 0x00, 0x00, 0x00, 0x00, 0x00,
  0x00, 0x00, 0x00, 0x00, 0x00, 0x00, 0x00, 0x00, 0x00, 0x00, 0x00, 0x00, 0x00, 0x00, 0x00, 0x00,
  0x00, 0x00, 0x00, 0x00, 0x00, 0x00, 0x00, 0x00, 0x00, 0x00, 0x00, 0x00, 0x00, 0x00, 0x00, 0x00,
  0x00, 0x00, 0x00, 0x00, 0x00, 0x00, 0x00, 0x00, 0x00, 0x00, 0x00, 0x00, 0x00, 0x00, 0x00, 0x00,
  0x00, 0x00, 0x00, 0x00, 0x00, 0x00, 0x00, 0x00, 0x00, 0x00, 0x00, 0x00, 0x00, 0x00, 0x00, 0x00,
  0x00, 0x00, 0x00, 0x00, 0x00, 0x00, 0x00, 0x00, 0x00, 0x00, 0x00, 0x00, 0x00, 0x00, 0x00, 0x00,
  0x00, 0x00, 0x00, 0x00, 0x00, 0x00, 0x00, 0x00, 0x00, 0x00, 0x00, 0x00, 0x00, 0x00, 0x00, 0x00,
  0x00, 0x00, 0x00, 0x00, 0x00, 0x00, 0x00, 0x00, 0x00, 0x00, 0x00, 0x00, 0x00, 0x00, 0x00, 0x00,
  0x00, 0x00, 0x00, 0x00, 0x00, 0x00, 0x00, 0x00, 0x00, 0x00, 0x00, 0x00, 0x00, 0x00, 0x00, 0x00,
  0x00, 0x00, 0x00, 0x00, 0x00, 0x00, 0x00, 0x00, 0x00, 0x00, 0x00, 0x00, 0x00, 0x00, 0x00, 0x00,
  0x00, 0x00, 0x00, 0x00, 0x00, 0x00, 0x00, 0xf8, 0x00, 0xf8, 0x00, 0x00, 0x00, 0x00, 0x00, 0x00,
  0x00, 0x00, 0x00, 0x00, 0x00, 0x00, 0x00, 0x00, 0x00, 0x00, 0x00, 0x00, 0x00, 0x00, 0x00, 0x00,
  0x00, 0x00, 0x00, 0x00, 0x00, 0x00, 0x00, 0x00, 0x00, 0x00, 0x00, 0x00, 0x00, 0x00, 0x00, 0x00,
  0x00, 0x00, 0x00, 0x00, 0x00, 0x00, 0x00, 0xf8, 0x00, 0x00, 0x00, 0x00, 0x00, 0x00, 0x00, 0x00,
  0x00, 0x00, 0x00, 0x00, 0x00, 0x00, 0x00, 0x00, 0x00, 0x00, 0x00, 0x00, 0x00, 0x00, 0x00, 0x00,
  0x00, 0x00, 0x00, 0x00, 0x00, 0x00, 0x00, 0x00, 0x08, 0x84, 0xa5, 0x82, 0x05, 0x83, 0x04, 0x7b,
  0xa5, 0x82, 0x06, 0x83, 0x00, 0xf8, 0x00, 0x00, 0x00, 0x00, 0x00, 0x00, 0x00, 0x00, 0x00, 0x00,
  0x00, 0x00, 0x00, 0x00, 0x00, 0x00, 0x00, 0x00, 0x00, 0x00, 0x00, 0x00, 0x00, 0x00, 0x00, 0x00,
  0x00, 0x00, 0x00, 0x00, 0x00, 0x00, 0x00, 0x00, 0x00, 0x00, 0x00, 0x00, 0x00, 0x00, 0x00, 0x00,
  0x00, 0x00, 0x00, 0x00, 0x00, 0x00, 0x00, 0x00, 0x00, 0x00, 0x00, 0x00, 0x00, 0x00, 0x00, 0x00,
  0x00, 0x00, 0x00, 0x00, 0x00, 0x00, 0x00, 0x00, 0x00, 0x00, 0x00, 0x00, 0x00, 0x00, 0x00, 0x00,
  0x00, 0x00, 0x00, 0x00, 0x00, 0x00, 0x00, 0x00, 0x00, 0x00, 0x00, 0x00, 0x00, 0x00, 0x00, 0x00,
  0x00, 0x00, 0x00, 0x00, 0x00, 0x00, 0x00, 0x00, 0x00, 0x00, 0x00, 0x00, 0x00, 0x00, 0x00, 0x00,
  0x00, 0x00, 0x00, 0x00, 0x00, 0x00, 0x00, 0x00, 0x00, 0x00, 0x00, 0x00, 0x00, 0x00, 0x00, 0x00,
  0x00, 0x00, 0x00, 0x00, 0x00, 0x00, 0x00, 0x00, 0x00, 0x00, 0x00, 0x00, 0x00, 0x00, 0x00, 0x00,
  0x00, 0x00, 0x00, 0x00, 0x00, 0x00, 0x00, 0x00, 0x00, 0x00, 0x00, 0x00, 0x00, 0x00, 0x00, 0x00,
  0x00, 0x00, 0x00, 0x00, 0x00, 0x00, 0x00, 0x00, 0x00, 0x00, 0x00, 0x00, 0x00, 0x00, 0x00, 0x00,
  0x00, 0x00, 0x00, 0x00, 0x00, 0x00, 0x00, 0x00, 0x00, 0x00, 0x00, 0x00, 0x00, 0x00, 0x00, 0x00,
  0x00, 0x00, 0x00, 0x00, 0x00, 0x00, 0x00, 0x00, 0x00, 0x00, 0x00, 0x00, 0x00, 0x00, 0x00, 0x00,
  0x00, 0x00, 0x00, 0x00, 0x00, 0x00, 0x00, 0x00, 0x00, 0x00, 0x00, 0x00, 0x00, 0x00, 0x00, 0x00,
  0x00, 0x00, 0x00, 0x00, 0x00, 0x00, 0x00, 0x00, 0x00, 0x00, 0x00, 0x00, 0x00, 0x00, 0x00, 0x00,
  0x00, 0x00, 0x00, 0x00, 0x00, 0x00, 0x00, 0x00, 0x00, 0x00, 0x00, 0x00, 0x00, 0x00, 0x00, 0x00,
  0x00, 0x00, 0x00, 0x00, 0x00, 0x00, 0x00, 0x00, 0x00, 0x00, 0x00, 0x00, 0x00, 0x00, 0x00, 0x00,
  0x00, 0x00, 0x00, 0x00, 0x00, 0x00, 0x00, 0x00, 0x00, 0x00, 0x00, 0x00, 0x00, 0x00, 0x00, 0x00,
  0x00, 0x00, 0x00, 0x00, 0x00, 0x00, 0x00, 0x00, 0x00, 0x00, 0x00, 0x00, 0x00, 0x00, 0x00, 0x00,
  0x00, 0x00, 0x00, 0x00, 0x00, 0x00, 0x00, 0x00, 0x00, 0x00, 0x00, 0x00, 0x00, 0x00, 0x00, 0x00,
  0x00, 0x00, 0x00, 0x00, 0x00, 0x00, 0x00, 0x00, 0x00, 0x00, 0x00, 0x00, 0x00, 0x00, 0x00, 0x00,
  0x00, 0x00, 0x00, 0x00, 0x00, 0x00, 0x00, 0x00, 0x00, 0x00, 0x00, 0x00, 0x00, 0x00, 0x00, 0xf8,
  0x00, 0x00, 0x00, 0x00, 0x00, 0x00, 0x00, 0x00, 0x00, 0x00, 0x00, 0x00, 0x00, 0x00, 0x00, 0x00,
  0x00, 0x00, 0x00, 0x00, 0x00, 0x00, 0x00, 0x00, 0x00, 0x00, 0x00, 0xf8, 0x00, 0x00, 0x00, 0xf8,
  0x00, 0x00, 0x00, 0x00, 0x00, 0x00, 0x00, 0x00, 0xa5, 0x82, 0x45, 0x83, 0xc4, 0x72, 0xc4, 0x72,
  0xe5, 0x7a, 0x05, 0x7b, 0x24, 0x73, 0x00, 0x84, 0x00, 0x84, 0x00, 0x00, 0x00, 0x00, 0x00, 0x00,
  0x00, 0x00, 0x00, 0x00, 0x00, 0x00, 0x00, 0x00, 0x00, 0x00, 0x00, 0x00, 0x00, 0x00, 0x00, 0x00,
  0x00, 0x00, 0x00, 0x00, 0x00, 0x00, 0x00, 0x00, 0x00, 0x00, 0x00, 0x00, 0x00, 0x00, 0x00, 0x00,
  0x00, 0x00, 0x00, 0x00, 0x00, 0x00, 0x00, 0x00, 0x00, 0x00, 0x00, 0x00, 0x00, 0x00, 0x00, 0x00,
  0x00, 0x00, 0x00, 0x00, 0x00, 0x00, 0x00, 0x00, 0x00, 0x00, 0x00, 0x00, 0x00, 0x00, 0x00, 0x00,
  0x00, 0x00, 0x00, 0x00, 0x00, 0x00, 0x00, 0x00, 0x00, 0x00, 0x00, 0x00, 0x00, 0x00, 0x00, 0x00,
  0x00, 0x00, 0x00, 0x00, 0x00, 0x00, 0x00, 0x00, 0x00, 0x00, 0x00, 0x00, 0x00, 0x00, 0x00, 0x00,
  0x00, 0x00, 0x00, 0x00, 0x00, 0x00, 0x00, 0x00, 0x00, 0x00, 0x00, 0x00, 0x00, 0x00, 0x00, 0x00,
  0x00, 0x00, 0x00, 0x00, 0x00, 0x00, 0x00, 0x00, 0x00, 0x00, 0x00, 0x00, 0x00, 0x00, 0x00, 0x00,
  0x00, 0x00, 0x00, 0x00, 0x00, 0x00, 0x00, 0x00, 0x00, 0x00, 0x00, 0x00, 0x00, 0x00, 0x00, 0x00,
  0x00, 0x00, 0x00, 0x00, 0x00, 0x00, 0x00, 0x00, 0x00, 0x00, 0x00, 0x00, 0x00, 0x00, 0x00, 0x00,
  0x00, 0x00, 0x00, 0x00, 0x00, 0x00, 0x00, 0x00, 0x00, 0x00, 0x00, 0x00, 0x00, 0x00, 0x00, 0x00,
  0x00, 0x00, 0x00, 0x00, 0x00, 0x00, 0x00, 0x00, 0x00, 0x00, 0x00, 0x00, 0x00, 0x00, 0x00, 0x00,
  0x00, 0x00, 0x00, 0x00, 0x00, 0x00, 0x00, 0x00, 0x00, 0x00, 0x00, 0x00, 0x00, 0x00, 0x00, 0x00,
  0x00, 0x00, 0x00, 0x00, 0x00, 0x00, 0x00, 0x00, 0x00, 0x00, 0x00, 0x00, 0x00, 0x00, 0x00, 0x00,
  0x00, 0x00, 0x00, 0x00, 0x00, 0x00, 0x00, 0x00, 0x00, 0x00, 0x00, 0x00, 0x00, 0x00, 0x00, 0x00,
  0x00, 0x00, 0x00, 0x00, 0x00, 0x00, 0x00, 0x00, 0x00, 0x00, 0x00, 0x00, 0x00, 0x00, 0x00, 0x00,
  0x00, 0x00, 0x00, 0x00, 0x00, 0x00, 0x00, 0x00, 0x00, 0x00, 0x00, 0x00, 0x00, 0x00, 0x00, 0x00,
  0x00, 0x00, 0x00, 0x00, 0x00, 0x00, 0x00, 0x00, 0x00, 0x00, 0x00, 0x00, 0x00, 0x00, 0x00, 0x00,
  0x00, 0x00, 0x00, 0x00, 0x00, 0x00, 0x00, 0x00, 0x00, 0x00, 0x00, 0xf8, 0x00, 0x00, 0x00, 0x00,
  0x00, 0x00, 0x00, 0x00, 0x00, 0x00, 0x00, 0x00, 0x00, 0x00, 0x00, 0x00, 0x00, 0x00, 0x00, 0x00,
  0x00, 0x00, 0x00, 0x00, 0x00, 0x00, 0x00, 0x00, 0x00, 0x00, 0x00, 0xf8, 0x00, 0xf8, 0x00, 0xf8,
  0x00, 0x00, 0x00, 0x00, 0x00, 0x00, 0x00, 0x00, 0x00, 0x00, 0x00, 0x00, 0x00, 0x00, 0x00, 0x00,
  0x00, 0x00, 0x00, 0x00, 0x00, 0x00, 0x00, 0x00, 0x00, 0x00, 0x00, 0x84, 0x00, 0x00, 0x00, 0x00,
  0x00, 0x00, 0x00, 0x00, 0x00, 0x00, 0x00, 0x00, 0x24, 0x8b, 0x45, 0x8b, 0x24, 0x83, 0x24, 0x83,
  0xc3, 0x72, 0xe4, 0x7a, 0x04, 0x73, 0x00, 0xf8, 0x45, 0x83, 0x00, 0x00, 0x00, 0x00, 0x00, 0x00,
  0x00, 0x00, 0x00, 0x00, 0x00, 0x00, 0x00, 0x00, 0x00, 0x00, 0x00, 0xf8, 0x00, 0x00, 0x00, 0x00,
  0x00, 0x00, 0x00, 0x00, 0x00, 0x00, 0x00, 0x00, 0x00, 0xf8, 0x00, 0x00, 0x00, 0x00, 0x00, 0x00,
  0x00, 0x00, 0x00, 0x00, 0x00, 0x00, 0x00, 0x00, 0x00, 0x00, 0x00, 0x00, 0x00, 0x00, 0x00, 0x00,
  0x00, 0x00, 0x00, 0x00, 0x00, 0x00, 0x00, 0x00, 0x00, 0x00, 0x00, 0x00, 0x00, 0x00, 0x00, 0x00,
  0x00, 0x00, 0x00, 0x00, 0x00, 0x00, 0x00, 0x00, 0x00, 0x00, 0x00, 0x00, 0x00, 0x00, 0x00, 0x00,
  0x00, 0x00, 0x00, 0x00, 0x00, 0x00, 0x00, 0x00, 0x00, 0x00, 0x00, 0x00, 0x00, 0x00, 0x00, 0x00,
  0x00, 0x00, 0x00, 0x00, 0x00, 0x00, 0x00, 0x00, 0x00, 0x00, 0x00, 0x00, 0x00, 0x00, 0x00, 0x00,
  0x00, 0x00, 0x00, 0x00, 0x00, 0x00, 0x00, 0x00, 0x00, 0x00, 0x00, 0x00, 0x00, 0x00, 0x00, 0x00,
  0x00, 0x00, 0x00, 0x00, 0x00, 0x00, 0x00, 0x00, 0x00, 0x00, 0x00, 0x00, 0x00, 0x00, 0x00, 0x00,
  0x00, 0x00, 0x00, 0x00, 0x00, 0x00, 0x00, 0x00, 0x00, 0x00, 0x00, 0x00, 0x00, 0x00, 0x00, 0x00,
  0x00, 0x00, 0x00, 0x00, 0x00, 0x00, 0x00, 0x00, 0x00, 0x00, 0x00, 0x00, 0x00, 0x00, 0x00, 0x00,
  0x00, 0x00, 0x00, 0x00, 0x00, 0x00, 0x00, 0x00, 0x00, 0x00, 0x00, 0x00, 0x00, 0x00, 0x00, 0x00,
  0x00, 0x00, 0x00, 0x00, 0x00, 0x00, 0x00, 0x00, 0x00, 0x00, 0x00, 0x00, 0x00, 0x00, 0x00, 0x00,
  0x00, 0x00, 0x00, 0x00, 0x00, 0x00, 0x00, 0x00, 0x00, 0x00, 0x00, 0x00, 0x00, 0x00, 0x00, 0x00,
  0x00, 0x00, 0x00, 0x00, 0x00, 0x00, 0x00, 0x00, 0x00, 0x00, 0x00, 0x00, 0x00, 0x00, 0x00, 0x00,
  0x00, 0x00, 0x00, 0x00, 0x00, 0x00, 0x00, 0x00, 0x00, 0x00, 0x00, 0x00, 0x00, 0x00, 0x00, 0x00,
  0x00, 0x00, 0x00, 0x00, 0x00, 0x00, 0x00, 0x00, 0x00, 0x00, 0x00, 0x00, 0x00, 0x00, 0x00, 0x00,
  0x00, 0x00, 0x00, 0x00, 0x00, 0x00, 0x00, 0x00, 0x00, 0x00, 0x00, 0x00, 0x00, 0x00, 0x00, 0x00,
  0x00, 0x00, 0x00, 0x00, 0x00, 0x84, 0x00, 0x00, 0x00, 0x00, 0x00, 0x00, 0x00, 0x00, 0x00, 0x00,
  0x00, 0x00, 0x00, 0x00, 0x00, 0x00, 0x00, 0x00, 0x00, 0x00, 0x00, 0x00, 0x00, 0x00, 0x00, 0x00,
  0x00, 0x00, 0x00, 0x00, 0x00, 0xf8, 0x00, 0x00, 0x00, 0x00, 0x00, 0x00, 0x00, 0xf8, 0x00, 0xf8,
  0x00, 0xf8, 0x00, 0x00, 0x00, 0x00, 0x00, 0x00, 0x00, 0x00, 0x00, 0x00, 0x00, 0x00, 0x00, 0x00,
  0x00, 0x00, 0x00, 0x00, 0x00, 0xf8, 0x00, 0x00, 0x00, 0x00, 0x00, 0x00, 0x00, 0x00, 0x00, 0x00,
  0x00, 0x00, 0x00, 0x00, 0x00, 0x84, 0x26, 0x9b, 0xc4, 0x7a, 0x65, 0x83, 0xa5, 0x93, 0xc5, 0x9b,
  0xa2, 0x7a, 0x43, 0x62, 0x83, 0x6a, 0x00, 0x00, 0xa0, 0xaa, 0x00, 0x00, 0x00, 0x00, 0x00, 0x00,
  0x00, 0x00, 0x00, 0x00, 0x00, 0x00, 0x00, 0x00, 0x00, 0x00, 0x00, 0x00, 0x00, 0x00, 0x00, 0x00,
  0x00, 0xf8, 0x00, 0x00, 0x00, 0x00, 0x00, 0x00, 0x00, 0x00, 0x00, 0x00, 0x00, 0x00, 0x00, 0x00,
  0x00, 0x00, 0x00, 0x00, 0x00, 0x00, 0x00, 0x00, 0x00, 0x00, 0x00, 0x00, 0x00, 0x00, 0x00, 0x00,
  0x00, 0x00, 0x00, 0x00, 0x00, 0x00, 0x00, 0x00, 0x00, 0x00, 0x00, 0x00, 0x00, 0x00, 0x00, 0x00,
  0x00, 0x00, 0x00, 0x00, 0x00, 0x00, 0x00, 0x00, 0x00, 0x00, 0x00, 0x00, 0x00, 0x00, 0x00, 0x00,
  0x00, 0x00, 0x00, 0x00, 0x00, 0x00, 0x00, 0x00, 0x00, 0x00, 0x00, 0x00, 0x00, 0x00, 0x00, 0x00,
  0x00, 0x00, 0x00, 0x00, 0x00, 0x00, 0x00, 0x00, 0x00, 0x00, 0x00, 0x00, 0x00, 0x00, 0x00, 0x00,
  0x00, 0x00, 0x00, 0x00, 0x00, 0x00, 0x00, 0x00, 0x00, 0x00, 0x00, 0x00, 0x00, 0x00, 0x00, 0x00,
  0x00, 0x00, 0x00, 0x00, 0x00, 0x00, 0x00, 0x00, 0x00, 0x00, 0x00, 0x00, 0x00, 0x00, 0x00, 0x00,
  0x00, 0x00, 0x00, 0x00, 0x00, 0x00, 0x00, 0x00, 0x00, 0x00, 0x00, 0x00, 0x00, 0x00, 0x00, 0x00,
  0x00, 0x00, 0x00, 0x00, 0x00, 0x00, 0x00, 0x00, 0x00, 0x00, 0x00, 0x00, 0x00, 0x00, 0x00, 0x00,
  0x00, 0x00, 0x00, 0x00, 0x00, 0x00, 0x00, 0x00, 0x00, 0x00, 0x00, 0x00, 0x00, 0x00, 0x00, 0x00,
  0x00, 0x00, 0x00, 0x00, 0x00, 0x00, 0x00, 0x00, 0x00, 0x00, 0x00, 0x00, 0x00, 0x00, 0x00, 0x00,
  0x00, 0x00, 0x00, 0x00, 0x00, 0x00, 0x00, 0x00, 0x00, 0x00, 0x00, 0x00, 0x00, 0x00, 0x00, 0x00,
  0x00, 0x00, 0x00, 0x00, 0x00, 0x00, 0x00, 0x00, 0x00, 0x00, 0x00, 0x00, 0x00, 0x00, 0x00, 0x00,
  0x00, 0x00, 0x00, 0x00, 0x00, 0x00, 0x00, 0x00, 0x00, 0x00, 0x00, 0x00, 0x00, 0x00, 0x00, 0x00,
  0x00, 0x00, 0x00, 0x00, 0x00, 0x00, 0x00, 0x00, 0x00, 0x00, 0x00, 0x00, 0x00, 0x00, 0x00, 0x00,
  0x00, 0x00, 0x00, 0x00, 0x00, 0x00, 0x00, 0x00, 0x00, 0x00, 0x00, 0x00, 0x00, 0x00, 0x00, 0x00,
  0x00, 0x00, 0x00, 0x00, 0xa0, 0xaa, 0x00, 0xf8, 0x00, 0x00, 0x00, 0x00, 0x00, 0x00, 0x00, 0x00,
  0x00, 0x00, 0x00, 0x00, 0x00, 0x00, 0x00, 0xf8, 0x08, 0x84, 0x00, 0x00, 0x00, 0x00, 0x00, 0x00,
  0x00, 0x00, 0x00, 0x00, 0x00, 0x00, 0x00, 0x00, 0x00, 0x00, 0xa0, 0xaa, 0x83, 0x8b, 0x64, 0x93,
  0x00, 0x84, 0xa0, 0xaa, 0x00, 0x00, 0x00, 0x00, 0x00, 0x00, 0x00, 0x00, 0x00, 0x00, 0x00, 0x00,
  0x00, 0x00, 0x00, 0x00, 0x00, 0x00, 0x00, 0x00, 0x00, 0x00, 0x00, 0x00, 0x00, 0x00, 0x00, 0x00,
  0x00, 0x00, 0xa0, 0xaa, 0x00, 0xf8, 0x04, 0x8b, 0x83, 0x6a, 0x03, 0x83, 0x82, 0x62, 0x84, 0x8b,
  0x65, 0xb4, 0xe3, 0x7a, 0x83, 0x6a, 0xa4, 0x8b, 0x45, 0x83, 0x00, 0x00, 0x00, 0x00, 0x00, 0x00,
  0x00, 0x00, 0x00, 0x00, 0x00, 0x00, 0x00, 0x00, 0x00, 0x00, 0x00, 0x00, 0x00, 0x00, 0x00, 0x00,
  0x00, 0x00, 0x00, 0xf8, 0x00, 0x00, 0x00, 0x00, 0x00, 0x00, 0x00, 0x00, 0x00, 0x00, 0x00, 0x00,
  0x00, 0x00, 0x00, 0x00, 0x00, 0x00, 0x00, 0x00, 0x00, 0x00, 0x00, 0x00, 0x00, 0x00, 0x00, 0x00,
  0x00, 0x00, 0x00, 0x00, 0x00, 0x00, 0x00, 0x00, 0x00, 0x00, 0x00, 0x00, 0x00, 0x00, 0x00, 0x00,
  0x00, 0x00, 0x00, 0x00, 0x00, 0x00, 0x00, 0x00, 0x00, 0x00, 0x00, 0x00, 0x00, 0x00, 0x00, 0x00,
  0x00, 0x00, 0x00, 0x00, 0x00, 0x00, 0x00, 0x00, 0x00, 0x00, 0x00, 0x00, 0x00, 0x00, 0x00, 0x00,
  0x00, 0x00, 0x00, 0x00, 0x00, 0x00, 0x00, 0x00, 0x00, 0x00, 0x00, 0x00, 0x00, 0x00, 0x00, 0x00,
  0x00, 0x00, 0x00, 0x00, 0x00, 0x00, 0x00, 0x00, 0x00, 0x00, 0x00, 0x00, 0x00, 0x00, 0x00, 0x00,
  0x00, 0x00, 0x00, 0x00, 0x00, 0x00, 0x00, 0x00, 0x00, 0x00, 0x00, 0x00, 0x00, 0x00, 0x00, 0x00,
  0x00, 0x00, 0x00, 0x00, 0x00, 0x00, 0x00, 0x00, 0x00, 0x00, 0x00, 0x00, 0x00, 0x00, 0x00, 0x00,
  0x00, 0x00, 0x00, 0x00, 0x00, 0x00, 0x00, 0x00, 0x00, 0x00, 0x00, 0x00, 0x00, 0x00, 0x00, 0x00,
  0x00, 0x00, 0x00, 0x00, 0x00, 0x00, 0x00, 0x00, 0x00, 0x00, 0x00, 0x00, 0x00, 0x00, 0x00, 0x00,
  0x00, 0x00, 0x00, 0x00, 0x00, 0x00, 0x00, 0x00, 0x00, 0x00, 0x00, 0x00, 0x00, 0x00, 0x00, 0x00,
  0x00, 0x00, 0x00, 0x00, 0x00, 0x00, 0x00, 0x00, 0x00, 0x00, 0x00, 0x00, 0x00, 0x00, 0x00, 0x00,
  0x00, 0x00, 0x00, 0x00, 0x00, 0x00, 0x00, 0x00, 0x00, 0x00, 0x00, 0x00, 0x00, 0x00, 0x00, 0x00,
  0x00, 0x00, 0x00, 0x00, 0x00, 0x00, 0x00, 0x00, 0x00, 0x00, 0x00, 0x00, 0x00, 0x00, 0x00, 0x00,
  0x00, 0x00, 0x00, 0x00, 0x00, 0x00, 0x00, 0x00, 0x00, 0x00, 0x00, 0x00, 0x00, 0x00, 0x00, 0x00,
  0x00, 0x00, 0x00, 0x00, 0x00, 0x00, 0x00, 0x00, 0x00, 0x00, 0x00, 0x00, 0x00, 0x00, 0x00, 0x00,
  0x00, 0x00, 0x00, 0x00, 0x00, 0xf8, 0x00, 0xf8, 0x00, 0x00, 0x00, 0x00, 0x00, 0x00, 0x00, 0x00,
  0x00, 0x00, 0x00, 0x00, 0x00, 0x00, 0x00, 0x00, 0xa0, 0xaa, 0x00, 0x00, 0x00, 0x00, 0x00, 0x00,
  0x00, 0x00, 0x00, 0x00, 0x00, 0x00, 0x00, 0x00, 0x00, 0x00, 0x04, 0x8b, 0x04, 0x83, 0x64, 0x93,
  0x00, 0x84, 0x00, 0x00, 0x00, 0xf8, 0x00, 0x00, 0x00, 0x00, 0x00, 0x00, 0x00, 0x00, 0x00, 0x00,
  0x00, 0x00, 0x00, 0x00, 0x00, 0x00, 0x00, 0x00, 0x00, 0x00, 0x00, 0x00, 0x00, 0x00, 0x00, 0x00,
  0x00, 0x00, 0x00, 0x00, 0xa0, 0xaa, 0x04, 0x83, 0xa3, 0x72, 0x04, 0xb4, 0xa3, 0xab, 0x43, 0xb4,
  0x49, 0xe6, 0x65, 0xb4, 0xa3, 0x6a, 0xc4, 0x7a, 0x64, 0x83, 0x00, 0x00, 0x00, 0x00, 0x00, 0x00,
  0x00, 0x00, 0x00, 0x00, 0x00, 0x00, 0x00, 0xf8, 0x00, 0x00, 0x00, 0x00, 0x00, 0x00, 0x00, 0x00,
  0x00, 0x00, 0x00, 0x00, 0x00, 0x00, 0x00, 0x00, 0x00, 0x00, 0x00, 0x00, 0x00, 0x00, 0x00, 0x00,
  0x00, 0x00, 0x00, 0x00, 0x00, 0x00, 0x00, 0x00, 0x00, 0x00, 0x00, 0x00, 0x00, 0x00, 0x00, 0x00,
  0x00, 0x00, 0x00, 0x00, 0x00, 0x00, 0x00, 0x00, 0x00, 0x00, 0x00, 0x00, 0x00, 0x00, 0x00, 0x00,
  0x00, 0x00, 0x00, 0x00, 0x00, 0x00, 0x00, 0x00, 0x00, 0x00, 0x00, 0x00, 0x00, 0x00, 0x00, 0x00,
  0x00, 0x00, 0x00, 0x00, 0x00, 0x00, 0x00, 0x00, 0x00, 0x00, 0x00, 0x00, 0x00, 0x00, 0x00, 0x00,
  0x00, 0x00, 0x00, 0x00, 0x00, 0x00, 0x00, 0x00, 0x00, 0x00, 0x00, 0x00, 0x00, 0x00, 0x00, 0x00,
  0x00, 0x00, 0x00, 0x00, 0x00, 0x00, 0x00, 0x00, 0x00, 0x00, 0x00, 0x00, 0x00, 0x00, 0x00, 0x00,
  0x00, 0x00, 0x00, 0x00, 0x00, 0x00, 0x00, 0x00, 0x00, 0x00, 0x00, 0x00, 0x00, 0x00, 0x00, 0x00,
  0x00, 0x00, 0x00, 0x00, 0x00, 0x00, 0x00, 0x00, 0x00, 0x00, 0x00, 0x00, 0x00, 0x00, 0x00, 0x00,
  0x00, 0x00, 0x00, 0x00, 0x00, 0x00, 0x00, 0x00, 0x00, 0x00, 0x00, 0x00, 0x00, 0x00, 0x00, 0x00,
  0x00, 0x00, 0x00, 0x00, 0x00, 0x00, 0x00, 0x00, 0x00, 0x00, 0x00, 0x00, 0x00, 0x00, 0x00, 0x00,
  0x00, 0x00, 0x00, 0x00, 0x00, 0x00, 0x00, 0x00, 0x00, 0x00, 0x00, 0x00, 0x00, 0x00, 0x00, 0x00,
  0x00, 0x00, 0x00, 0x00, 0x00, 0x00, 0x00, 0x00, 0x00, 0x00, 0x00, 0x00, 0x00, 0x00, 0x00, 0x00,
  0x00, 0x00, 0x00, 0x00, 0x00, 0x00, 0x00, 0x00, 0x00, 0x00, 0x00, 0x00, 0x00, 0x00, 0x00, 0x00,
  0x00, 0x00, 0x00, 0x00, 0x00, 0x00, 0x00, 0x00, 0x00, 0x00, 0x00, 0x00, 0x00, 0x00, 0x00, 0x00,
  0x00, 0x00, 0x00, 0x00, 0x00, 0x00, 0x00, 0x00, 0x00, 0x00, 0x00, 0x00, 0x00, 0x00, 0x00, 0x00,
  0x00, 0x00, 0x00, 0x00, 0x00, 0x00, 0x00, 0x00, 0x00, 0x00, 0x00, 0x00, 0x00, 0x00, 0x00, 0x00,
  0x00, 0x00, 0x00, 0x00, 0x00, 0x00, 0x00, 0x00, 0x00, 0x00, 0x00, 0x00, 0x00, 0x00, 0x00, 0x00,
  0x00, 0x00, 0x00, 0x00, 0x00, 0x00, 0x00, 0x00, 0x00, 0x00, 0x00, 0x00, 0x00, 0x00, 0x00, 0x00,
  0x00, 0x00, 0x00, 0x00, 0x00, 0x00, 0x00, 0x00, 0x00, 0x00, 0x00, 0x00, 0x00, 0x84, 0x08, 0x84,
  0x23, 0x83, 0xa5, 0x82, 0x00, 0x00, 0x00, 0x00, 0x00, 0x00, 0x00, 0x00, 0x00, 0x00, 0x00, 0x00,
  0x00, 0x00, 0x00, 0x00, 0x00, 0x00, 0x00, 0x00, 0x00, 0x00, 0x00, 0x00, 0x00, 0x00, 0x00, 0x00,
  0x00, 0x00, 0x00, 0x00, 0x00, 0x00, 0xa0, 0xaa, 0x04, 0x83, 0x22, 0xc4, 0x49, 0xff, 0xa4, 0xed,
  0xc1, 0xa3, 0x84, 0xbc, 0x64, 0x93, 0xc4, 0x7a, 0x64, 0x93, 0x00, 0x00, 0x00, 0x00, 0x00, 0x00,
  0x00, 0x00, 0x00, 0x00, 0x00, 0x00, 0x00, 0x00, 0x00, 0x00, 0x00, 0x00, 0x00, 0x00, 0x00, 0x00,
  0x00, 0x00, 0x00, 0x00, 0x00, 0x00, 0x00, 0x00, 0x00, 0x00, 0x00, 0x00, 0x00, 0x00, 0x00, 0x00,
  0x00, 0x00, 0x00, 0x00, 0x00, 0x00, 0x00, 0x00, 0x00, 0x00, 0x00, 0x00, 0x00, 0x00, 0x00, 0x00,
  0x00, 0x00, 0x00, 0x00, 0x00, 0x00, 0x00, 0x00, 0x00, 0x00, 0x00, 0x00, 0x00, 0x00, 0x00, 0x00,
  0x00, 0x00, 0x00, 0x00, 0x00, 0x00, 0x00, 0x00, 0x00, 0x00, 0x00, 0x00, 0x00, 0x00, 0x00, 0x00,
  0x00, 0x00, 0x00, 0x00, 0x00, 0x00, 0x00, 0x00, 0x00, 0x00, 0x00, 0x00, 0x00, 0x00, 0x00, 0x00,
  0x00, 0x00, 0x00, 0x00, 0x00, 0x00, 0x00, 0x00, 0x00, 0x00, 0x00, 0x00, 0x00, 0x00, 0x00, 0x00,
  0x00, 0x00, 0x00, 0x00, 0x00, 0x00, 0x00, 0x00, 0x00, 0x00, 0x00, 0x00, 0x00, 0x00, 0x00, 0x00,
  0x00, 0x00, 0x00, 0x00, 0x00, 0x00, 0x00, 0x00, 0x00, 0x00, 0x00, 0x00, 0x00, 0x00, 0x00, 0x00,
  0x00, 0x00, 0x00, 0x00, 0x00, 0x00, 0x00, 0x00, 0x00, 0x00, 0x00, 0x00, 0x00, 0x00, 0x00, 0x00,
  0x00, 0x00, 0x00, 0x00, 0x00, 0x00, 0x00, 0x00, 0x00, 0x00, 0x00, 0x00, 0x00, 0x00, 0x00, 0x00,
  0x00, 0x00, 0x00, 0x00, 0x00, 0x00, 0x00, 0x00, 0x00, 0x00, 0x00, 0x00, 0x00, 0x00, 0x00, 0x00,
  0x00, 0x00, 0x00, 0x00, 0x00, 0x00, 0x00, 0x00, 0x00, 0x00, 0x00, 0x00, 0x00, 0x00, 0x00, 0x00,
  0x00, 0x00, 0x00, 0x00, 0x00, 0x00, 0x00, 0x00, 0x00, 0x00, 0x00, 0x00, 0x00, 0x00, 0x00, 0x00,
  0x00, 0x00, 0x00, 0x00, 0x00, 0x00, 0x00, 0x00, 0x00, 0x00, 0x00, 0x00, 0x00, 0x00, 0x00, 0x00,
  0x00, 0x00, 0x00, 0x00, 0x00, 0x00, 0x00, 0x00, 0x00, 0x00, 0x00, 0x00, 0x00, 0x00, 0x00, 0x00,
  0x00, 0x00, 0x00, 0x00, 0x00, 0x00, 0x00, 0x00, 0x00, 0x00, 0x00, 0x00, 0x00, 0x00, 0x00, 0x00,
  0x00, 0x00, 0x00, 0x00, 0x00, 0x00, 0x00, 0x00, 0x00, 0x00, 0x00, 0x00, 0x00, 0x00, 0x00, 0x00,
  0x00, 0x00, 0x00, 0x00, 0x00, 0x00, 0x00, 0x00, 0x00, 0x00, 0x00, 0x00, 0x00, 0x00, 0x00, 0x00,
  0x00, 0x00, 0x00, 0x00, 0x00, 0x00, 0x00, 0x00, 0x00, 0x00, 0x00, 0x00, 0x00, 0x00, 0x00, 0x00,
  0x00, 0x00, 0x00, 0x00, 0x00, 0x00, 0x00, 0x00, 0x00, 0x00, 0x00, 0x00, 0x26, 0x9b, 0x64, 0x93,
  0x03, 0x8b, 0x04, 0x8b, 0x00, 0x00, 0x00, 0x00, 0x00, 0xf8, 0x00, 0x00, 0x00, 0x00, 0x00, 0x00,
  0x00, 0x00, 0x00, 0x00, 0x00, 0x00, 0x00, 0x00, 0x00, 0x84, 0x00, 0x00, 0x00, 0x00, 0x00, 0x00,
  0x00, 0x00, 0x00, 0x00, 0x00, 0x00, 0x00, 0xf8, 0x04, 0x83, 0x23, 0x9b, 0x0c, 0xff, 0xc3, 0x9b,
  0x82, 0x72, 0x25, 0xb4, 0x64, 0x93, 0xc4, 0x82, 0x00, 0x00, 0x00, 0x00, 0x00, 0x00, 0x00, 0x00,
  0x00, 0x00, 0x00, 0x00, 0x00, 0x00, 0x00, 0x00, 0x00, 0x00, 0x00, 0x00, 0x00, 0x00, 0x00, 0x00,
  0x00, 0x00, 0x00, 0x00, 0x00, 0x00, 0x00, 0x00, 0x00, 0x00, 0x00, 0x00, 0x00, 0x00, 0x00, 0x00,
  0x00, 0x00, 0x00, 0x00, 0x00, 0x00, 0x00, 0x00, 0x00, 0x00, 0x00, 0x00, 0x00, 0x00, 0x00, 0x00,
  0x00, 0x00, 0x00, 0x00, 0x00, 0x00, 0x00, 0x00, 0x00, 0x00, 0x00, 0x00, 0x00, 0x00, 0x00, 0x00,
  0x00, 0x00, 0x00, 0x00, 0x00, 0x00, 0x00, 0x00, 0x00, 0x00, 0x00, 0x00, 0x00, 0x00, 0x00, 0x00,
  0x00, 0x00, 0x00, 0x00, 0x00, 0x00, 0x00, 0x00, 0x00, 0x00, 0x00, 0x00, 0x00, 0x00, 0x00, 0x00,
  0x00, 0x00, 0x00, 0x00, 0x00, 0x00, 0x00, 0x00, 0x00, 0x00, 0x00, 0x00, 0x00, 0x00, 0x00, 0x00,
  0x00, 0x00, 0x00, 0x00, 0x00, 0x00, 0x00, 0x00, 0x00, 0x00, 0x00, 0x00, 0x00, 0x00, 0x00, 0x00,
  0x00, 0x00, 0x00, 0x00, 0x00, 0x00, 0x00, 0x00, 0x00, 0x00, 0x00, 0x00, 0x00, 0x00, 0x00, 0x00,
  0x00, 0x00, 0x00, 0x00, 0x00, 0x00, 0x00, 0x00, 0x00, 0x00, 0x00, 0x00, 0x00, 0x00, 0x00, 0x00,
  0x00, 0x00, 0x00, 0x00, 0x00, 0x00, 0x00, 0x00, 0x00, 0x00, 0x00, 0x00, 0x00, 0x00, 0x00, 0x00,
  0x00, 0x00, 0x00, 0x00, 0x00, 0x00, 0x00, 0x00, 0x00, 0x00, 0x00, 0x00, 0x00, 0x00, 0x00, 0x00,
  0x00, 0x00, 0x00, 0x00, 0x00, 0x00, 0x00, 0x00, 0x00, 0x00, 0x00, 0x00, 0x00, 0x00, 0x00, 0x00,
  0x00, 0x00, 0x00, 0x00, 0x00, 0x00, 0x00, 0x00, 0x00, 0x00, 0x00, 0x00, 0x00, 0x00, 0x00, 0x00,
  0x00, 0x00, 0x00, 0x00, 0x00, 0x00, 0x00, 0x00, 0x00, 0x00, 0x00, 0x00, 0x00, 0x00, 0x00, 0x00,
  0x00, 0x00, 0x00, 0x00, 0x00, 0x00, 0x00, 0x00, 0x00, 0x00, 0x00, 0x00, 0x00, 0x00, 0x00, 0x00,
  0x00, 0x00, 0x00, 0x00, 0x00, 0x00, 0x00, 0x00, 0x00, 0x00, 0x00, 0x00, 0x00, 0x00, 0x00, 0x00,
  0x00, 0x00, 0x00, 0x00, 0x00, 0x00, 0x00, 0x00, 0x00, 0x00, 0x00, 0x00, 0x00, 0x00, 0x00, 0x00,
  0x00, 0x00, 0x00, 0x00, 0x00, 0x00, 0x00, 0x00, 0x00, 0x00, 0x00, 0x00, 0x00, 0x00, 0x00, 0x00,
  0x00, 0x00, 0x00, 0x00, 0x00, 0x00, 0x00, 0x00, 0x00, 0x00, 0x00, 0x00, 0x00, 0x00, 0x00, 0x00,
  0x00, 0x00, 0x00, 0x00, 0x00, 0x00, 0x00, 0x00, 0x00, 0x00, 0x00, 0x00, 0x04, 0x8b, 0x23, 0x93,
  0x03, 0x83, 0x04, 0x83, 0x00, 0xf8, 0x00, 0x00, 0x00, 0x00, 0x00, 0x00, 0x00, 0x00, 0x00, 0x00,
  0x00, 0x00, 0x00, 0x00, 0x00, 0x00, 0x00, 0xf8, 0x00, 0x84, 0x00, 0x00, 0x00, 0x00, 0x00, 0x00,
  0x00, 0x00, 0x00, 0x00, 0x00, 0x00, 0x64, 0x93, 0x00, 0xf8, 0x02, 0x62, 0xa6, 0x93, 0x05, 0x7b,
  0xe3, 0x7a, 0x23, 0x83, 0xe3, 0x7a, 0x04, 0x8b, 0xa5, 0x82, 0x00, 0x00, 0x00, 0x00, 0x00, 0x00,
  0x00, 0x00, 0x00, 0x00, 0x00, 0x00, 0x00, 0x00, 0x00, 0x00, 0x00, 0x00, 0x00, 0x00, 0x00, 0x00,
  0x00, 0x00, 0x00, 0x00, 0x00, 0x00, 0x00, 0x00, 0x00, 0x00, 0x00, 0x00, 0x00, 0x00, 0x00, 0x00,
  0x00, 0x00, 0x00, 0x00, 0x00, 0x00, 0x00, 0x00, 0x00, 0x00, 0x00, 0x00, 0x00, 0x00, 0x00, 0x00,
  0x00, 0x00, 0x00, 0x00, 0x00, 0x00, 0x00, 0x00, 0x00, 0x00, 0x00, 0x00, 0x00, 0x00, 0x00, 0x00,
  0x00, 0x00, 0x00, 0x00, 0x00, 0x00, 0x00, 0x00, 0x00, 0x00, 0x00, 0x00, 0x00, 0x00, 0x00, 0x00,
  0x00, 0x00, 0x00, 0x00, 0x00, 0x00, 0x00, 0x00, 0x00, 0x00, 0x00, 0x00, 0x00, 0x00, 0x00, 0x00,
  0x00, 0x00, 0x00, 0x00, 0x00, 0x00, 0x00, 0x00, 0x00, 0x00, 0x00, 0x00, 0x00, 0x00, 0x00, 0x00,
  0x00, 0x00, 0x00, 0x00, 0x00, 0x00, 0x00, 0x00, 0x00, 0x00, 0x00, 0x00, 0x00, 0x00, 0x00, 0x00,
  0x00, 0x00, 0x00, 0x00, 0x00, 0x00, 0x00, 0x00, 0x00, 0x00, 0x00, 0x00, 0x00, 0x00, 0x00, 0x00,
  0x00, 0x00, 0x00, 0x00, 0x00, 0x00, 0x00, 0x00, 0x00, 0x00, 0x00, 0x00, 0x00, 0x00, 0x00, 0x00,
  0x00, 0x00, 0x00, 0x00, 0x00, 0x00, 0x00, 0x00, 0x00, 0x00, 0x00, 0x00, 0x00, 0x00, 0x00, 0x00,
  0x00, 0x00, 0x00, 0x00, 0x00, 0x00, 0x00, 0x00, 0x00, 0x00, 0x00, 0x00, 0x00, 0x00, 0x00, 0x00,
  0x00, 0x00, 0x00, 0x00, 0x00, 0x00, 0x00, 0x00, 0x00, 0x00, 0x00, 0x00, 0x00, 0x00, 0x00, 0x00,
  0x00, 0x00, 0x00, 0x00, 0x00, 0x00, 0x00, 0x00, 0x00, 0x00, 0x00, 0x00, 0x00, 0x00, 0x00, 0x00,
  0x00, 0x00, 0x00, 0x00, 0x00, 0x00, 0x00, 0x00, 0x00, 0x00, 0x00, 0x00, 0x00, 0x00, 0x00, 0x00,
  0x00, 0x00, 0x00, 0x00, 0x00, 0x00, 0x00, 0x00, 0x00, 0x00, 0x00, 0x00, 0x00, 0x00, 0x00, 0x00,
  0x00, 0x00, 0x00, 0x00, 0x00, 0x00, 0x00, 0x00, 0x00, 0x00, 0x00, 0x00, 0x00, 0x00, 0x00, 0x00,
  0x00, 0x00, 0x00, 0x00, 0x00, 0x00, 0x00, 0x00, 0x00, 0x84, 0x00, 0x00, 0x00, 0x00, 0x00, 0x00,
  0x00, 0x00, 0x00, 0x00, 0x00, 0x00, 0x00, 0x00, 0x00, 0x00, 0x00, 0x00, 0x00, 0x00, 0x00, 0x00,
  0x00, 0x00, 0x00, 0x00, 0x00, 0x00, 0x00, 0x00, 0x00, 0xf8, 0x00, 0x00, 0x00, 0x00, 0x00, 0x00,
  0x00, 0x00, 0x00, 0x00, 0x00, 0x00, 0x00, 0x00, 0x00, 0x00, 0x00, 0x00, 0x64, 0x93, 0x03, 0x8b,
  0xe4, 0x82, 0x04, 0x8b, 0x00, 0x00, 0x00, 0x00, 0x00, 0x84, 0x00, 0x00, 0x00, 0x00, 0x00, 0x00,
  0x00, 0x00, 0x00, 0x00, 0x00, 0x00, 0x00, 0x00, 0x00, 0xf8, 0x00, 0x00, 0x00, 0x00, 0x00, 0x00,
  0x00, 0x00, 0x00, 0x00, 0x00, 0xf8, 0x83, 0x8b, 0x24, 0x9b, 0xa3, 0x72, 0x82, 0x72, 0x03, 0x83,
  0x65, 0x93, 0xe4, 0x82, 0xa0, 0xaa, 0xa5, 0x82, 0xa0, 0xaa, 0x00, 0x00, 0x00, 0x00, 0x00, 0x00,
  0x00, 0x00, 0x00, 0x00, 0x00, 0x00, 0x00, 0x00, 0x00, 0x00, 0x00, 0x00, 0x00, 0x00, 0x00, 0x00,
  0x00, 0x00, 0x00, 0x00, 0x00, 0x00, 0x00, 0x00, 0x00, 0xf8, 0x00, 0x00, 0x00, 0x00, 0x00, 0x00,
  0x00, 0x00, 0x00, 0x00, 0x00, 0x00, 0x00, 0x00, 0x00, 0x00, 0x00, 0x00, 0x00, 0x00, 0x00, 0x00,
  0x00, 0x00, 0x00, 0x00, 0x00, 0x00, 0x00, 0x00, 0x00, 0x00, 0x00, 0x00, 0x00, 0x00, 0x00, 0x00,
  0x00, 0x00, 0x00, 0x00, 0x00, 0x00, 0x00, 0x00, 0x00, 0x00, 0x00, 0x00, 0x00, 0x00, 0x00, 0x00,
  0x00, 0x00, 0x00, 0x00, 0x00, 0x00, 0x00, 0x00, 0x00, 0x00, 0x00, 0x00, 0x00, 0x00, 0x00, 0x00,
  0x00, 0x00, 0x00, 0x00, 0x00, 0x00, 0x00, 0x00, 0x00, 0x00, 0x00, 0x00, 0x00, 0x00, 0x00, 0x00,
  0x00, 0x00, 0x00, 0x00, 0x00, 0x00, 0x00, 0x00, 0x00, 0x00, 0x00, 0x00, 0x00, 0x00, 0x00, 0x00,
  0x00, 0x00, 0x00, 0x00, 0x00, 0x00, 0x00, 0x00, 0x00, 0x00, 0x00, 0x00, 0x00, 0x00, 0x00, 0x00,
  0x00, 0x00, 0x00, 0x00, 0x00, 0x00, 0x00, 0x00, 0x00, 0x00, 0x00, 0x00, 0x00, 0x00, 0x00, 0x00,
  0x00, 0x00, 0x00, 0x00, 0x00, 0x00, 0x00, 0x00, 0x00, 0x00, 0x00, 0x00, 0x00, 0x00, 0x00, 0x00,
  0x00, 0x00, 0x00, 0x00, 0x00, 0x00, 0x00, 0x00, 0x00, 0x00, 0x00, 0x00, 0x00, 0x00, 0x00, 0x00,
  0x00, 0x00, 0x00, 0x00, 0x00, 0x00, 0x00, 0x00, 0x00, 0x00, 0x00, 0x00, 0x00, 0x00, 0x00, 0x00,
  0x00, 0x00, 0x00, 0x00, 0x00, 0x00, 0x00, 0x00, 0x00, 0x00, 0x00, 0x00, 0x00, 0x00, 0x00, 0x00,
  0x00, 0x00, 0x00, 0x00, 0x00, 0x00, 0x00, 0x00, 0x00, 0x00, 0x00, 0x00, 0x00, 0x00, 0x00, 0x00,
  0x00, 0x00, 0x00, 0x00, 0x00, 0x00, 0x00, 0x00, 0x00, 0x00, 0x00, 0x00, 0x00, 0x00, 0x00, 0x00,
  0x00, 0x00, 0x00, 0x00, 0x00, 0x00, 0x00, 0x00, 0x00, 0x00, 0x00, 0x00, 0x00, 0x00, 0x00, 0x00,
  0x00, 0x00, 0x00, 0x00, 0x00, 0x00, 0x00, 0x00, 0x00, 0x00, 0x00, 0x00, 0x00, 0x00, 0x00, 0x00,
  0x00, 0x00, 0x00, 0x00, 0x00, 0x00, 0x00, 0x00, 0x00, 0x00, 0x00, 0x00, 0x00, 0x00, 0x00, 0x00,
  0x00, 0x00, 0x00, 0x00, 0x00, 0x00, 0x00, 0x00, 0x00, 0x00, 0x00, 0x00, 0x00, 0x00, 0x00, 0x00,
  0x00, 0x00, 0x00, 0x00, 0x00, 0x00, 0x00, 0x00, 0x00, 0x00, 0x26, 0x9b, 0x03, 0x8b, 0x00, 0x00,
  0x00, 0x00, 0x00, 0x00, 0x00, 0x00, 0x00, 0x00, 0x00, 0x00, 0x00, 0x00, 0x00, 0x00, 0x00, 0x00,
  0x00, 0x00, 0x00, 0x00, 0x00, 0x00, 0x00, 0x00, 0x00, 0x00, 0x00, 0x00, 0x00, 0x00, 0x00, 0x00,
  0x00, 0x00, 0x00, 0x00, 0x08, 0x84, 0x64, 0x93, 0x04, 0x8b, 0x05, 0x83, 0xc4, 0x7a, 0x04, 0x8b,
  0x05, 0x8b, 0x04, 0x8b, 0x00, 0x84, 0x00, 0x84, 0x00, 0x84, 0x00, 0x00, 0x00, 0x00, 0x00, 0x00,
  0x00, 0x00, 0x00, 0x00, 0x00, 0x00, 0x00, 0x00, 0x00, 0x00, 0x00, 0x00, 0x00, 0x00, 0x00, 0x00,
  0x00, 0x00, 0x00, 0x00, 0x00, 0x00, 0x00, 0x00, 0x00, 0x00, 0x00, 0x00, 0x00, 0x00, 0x00, 0x00,
  0x00, 0x00, 0x00, 0x00, 0x00, 0x00, 0x00, 0x00, 0x00, 0x00, 0x00, 0x00, 0x00, 0x00, 0x00, 0x00,
  0x00, 0x00, 0x00, 0x00, 0x00, 0x00, 0x00, 0x00, 0x00, 0x00, 0x00, 0x00, 0x00, 0x00, 0x00, 0x00,
  0x00, 0x00, 0x00, 0x00, 0x00, 0x00, 0x00, 0x00, 0x00, 0x00, 0x00, 0x00, 0x00, 0x00, 0x00, 0x00,
  0x00, 0x00, 0x00, 0x00, 0x00, 0x00, 0x00, 0x00, 0x00, 0x00, 0x00, 0x00, 0x00, 0x00, 0x00, 0x00,
  0x00, 0x00, 0x00, 0x00, 0x00, 0x00, 0x00, 0x00, 0x00, 0x00, 0x00, 0x00, 0x00, 0x00, 0x00, 0x00,
  0x00, 0x00, 0x00, 0x00, 0x00, 0x00, 0x00, 0x00, 0x00, 0x00, 0x00, 0x00, 0x00, 0x00, 0x00, 0x00,
  0x00, 0x00, 0x00, 0x00, 0x00, 0x00, 0x00, 0x00, 0x00, 0x00, 0x00, 0x00, 0x00, 0x00, 0x00, 0x00,
  0x00, 0x00, 0x00, 0x00, 0x00, 0x00, 0x00, 0x00, 0x00, 0x00, 0x00, 0x00, 0x00, 0x00, 0x00, 0x00,
  0x00, 0x00, 0x00, 0x00, 0x00, 0x00, 0x00, 0x00, 0x00, 0x00, 0x00, 0x00, 0x00, 0x00, 0x00, 0x00,
  0x00, 0x00, 0x00, 0x00, 0x00, 0x00, 0x00, 0x00, 0x00, 0x00, 0x00, 0x00, 0x00, 0x00, 0x00, 0x00,
  0x00, 0x00, 0x00, 0x00, 0x00, 0x00, 0x00, 0x00, 0x00, 0x00, 0x00, 0x00, 0x00, 0x00, 0x00, 0x00,
  0x00, 0x00, 0x00, 0x00, 0x00, 0x00, 0x00, 0x00, 0x00, 0x00, 0x00, 0x00, 0x00, 0x00, 0x00, 0x00,
  0x00, 0x00, 0x00, 0x00, 0x00, 0x00, 0x00, 0x00, 0x00, 0x00, 0x00, 0x00, 0x00, 0x00, 0x00, 0x00,
  0x00, 0x00, 0x00, 0x00, 0x00, 0x00, 0x00, 0x00, 0x00, 0x00, 0x00, 0x00, 0x00, 0x00, 0x00, 0x00,
  0x00, 0x00, 0x00, 0x00, 0x00, 0x00, 0x00, 0x00, 0x00, 0x00, 0x00, 0x00, 0x00, 0x00, 0x00, 0x00,
  0x00, 0x00, 0x00, 0x00, 0x00, 0x00, 0x00, 0x00, 0x00, 0x00, 0x00, 0x00, 0x00, 0x00, 0x00, 0x00,
  0x00, 0x00, 0x00, 0x00, 0x00, 0x00, 0x00, 0x00, 0x00, 0x00, 0x00, 0x00, 0x00, 0x00, 0x00, 0x00,
  0x00, 0x00, 0x00, 0x00, 0x00, 0x00, 0x00, 0x00, 0x00, 0x00, 0x00, 0x00, 0x00, 0x00, 0x00, 0x00,
  0x00, 0x00, 0x00, 0x00, 0x00, 0x00, 0x00, 0x00, 0x00, 0x00, 0x26, 0x9b, 0x00, 0x00, 0x00, 0x00,
  0x00, 0x00, 0x00, 0x00, 0x00, 0x00, 0x00, 0x00, 0x00, 0x00, 0x00, 0x00, 0x00, 0x00, 0x00, 0x00,
  0x00, 0x00, 0x00, 0x00, 0x00, 0x00, 0x00, 0x00, 0x00, 0x00, 0x00, 0x00, 0x00, 0x00, 0x00, 0x00,
  0x00, 0x00, 0x00, 0x00, 0x00, 0x00, 0x00, 0x84, 0x03, 0x8b, 0x45, 0x83, 0x05, 0x8b, 0x44, 0x8b,
  0xc4, 0x92, 0x04, 0x83, 0xa0, 0xaa, 0xa5, 0x82, 0x04, 0x83, 0x00, 0x00, 0x00, 0x00, 0x00, 0x00,
  0x00, 0x00, 0x00, 0x00, 0x00, 0x00, 0x00, 0x00, 0x00, 0x00, 0x00, 0x00, 0x00, 0x00, 0x00, 0x00,
  0x00, 0x00, 0x00, 0x00, 0x00, 0x00, 0x00, 0x00, 0x00, 0x00, 0x00, 0x00, 0x00, 0x00, 0x00, 0x00,
  0x00, 0x00, 0x00, 0x00, 0x00, 0x00, 0x00, 0x00, 0x00, 0x00, 0x00, 0x00, 0x00, 0x00, 0x00, 0x00,
  0x00, 0x00, 0x00, 0x00, 0x00, 0x00, 0x00, 0x00, 0x00, 0x00, 0x00, 0x00, 0x00, 0x00, 0x00, 0x00,
  0x00, 0x00, 0x00, 0x00, 0x00, 0x00, 0x00, 0x00, 0x00, 0x00, 0x00, 0x00, 0x00, 0x00, 0x00, 0x00,
  0x00, 0x00, 0x00, 0x00, 0x00, 0x00, 0x00, 0x00, 0x00, 0x00, 0x00, 0x00, 0x00, 0x00, 0x00, 0x00,
  0x00, 0x00, 0x00, 0x00, 0x00, 0x00, 0x00, 0x00, 0x00, 0x00, 0x00, 0x00, 0x00, 0x00, 0x00, 0x00,
  0x00, 0x00, 0x00, 0x00, 0x00, 0x00, 0x00, 0x00, 0x00, 0x00, 0x00, 0x00, 0x00, 0x00, 0x00, 0x00,
  0x00, 0x00, 0x00, 0x00, 0x00, 0x00, 0x00, 0x00, 0x00, 0x00, 0x00, 0x00, 0x00, 0x00, 0x00, 0x00,
  0x00, 0x00, 0x00, 0x00, 0x00, 0x00, 0x00, 0x00, 0x00, 0x00, 0x00, 0x00, 0x00, 0x00, 0x00, 0x00,
  0x00, 0x00, 0x00, 0x00, 0x00, 0x00, 0x00, 0x00, 0x00, 0x00, 0x00, 0x00, 0x00, 0x00, 0x00, 0x00,
  0x00, 0x00, 0x00, 0x00, 0x00, 0x00, 0x00, 0x00, 0x00, 0x00, 0x00, 0x00, 0x00, 0x00, 0x00, 0x00,
  0x00, 0x00, 0x00, 0x00, 0x00, 0x00, 0x00, 0x00, 0x00, 0x00, 0x00, 0x00, 0x00, 0x00, 0x00, 0x00,
  0x00, 0x00, 0x00, 0x00, 0x00, 0x00, 0x00, 0x00, 0x00, 0x00, 0x00, 0x00, 0x00, 0x00, 0x00, 0x00,
  0x00, 0x00, 0x00, 0x00, 0x00, 0x00, 0x00, 0x00, 0x00, 0x00, 0x00, 0x00, 0x00, 0x00, 0x00, 0x00,
  0x00, 0x00, 0x00, 0x00, 0x00, 0x00, 0x00, 0x00, 0x00, 0x00, 0x00, 0x00, 0x00, 0x00, 0x00, 0x00,
  0x00, 0x00, 0x00, 0x00, 0x00, 0x00, 0x00, 0x00, 0x00, 0x00, 0x00, 0x00, 0x00, 0x00, 0x00, 0x00,
  0x00, 0x00, 0x00, 0x00, 0x00, 0x00, 0x00, 0x00, 0x00, 0x00, 0x00, 0x00, 0x00, 0x00, 0x00, 0x00,
  0x00, 0x00, 0x00, 0x00, 0x00, 0x00, 0x00, 0x00, 0x00, 0x00, 0x00, 0x00, 0x00, 0x00, 0x00, 0x00,
  0x00, 0x00, 0x00, 0x00, 0x00, 0x00, 0x00, 0x00, 0x00, 0x00, 0x00, 0x00, 0x00, 0x00, 0x00, 0x00,
  0x00, 0x00, 0x00, 0x00, 0x00, 0x00, 0x00, 0x00, 0x00, 0x00, 0x00, 0x00, 0x00, 0xf8, 0x00, 0x00,
  0x00, 0x00, 0x00, 0x00, 0x00, 0x84, 0x00, 0x00, 0x00, 0x00, 0x00, 0x00, 0x00, 0x00, 0x00, 0x00,
  0x00, 0x00, 0x00, 0x00, 0x00, 0x00, 0x00, 0x00, 0x00, 0x00, 0x00, 0x00, 0x00, 0x00, 0x00, 0x00,
  0x00, 0x00, 0x00, 0x00, 0x00, 0x00, 0x00, 0x00, 0x64, 0x93, 0x45, 0x83, 0xa5, 0x82, 0x08, 0x84,
  0x08, 0x84, 0x00, 0x84, 0xe5, 0x8a, 0x26, 0x9b, 0xa0, 0xaa, 0x00, 0x00, 0x00, 0x00, 0x00, 0x00,
  0x00, 0x00, 0x00, 0x00, 0x00, 0x00, 0x00, 0x00, 0x00, 0x00, 0x00, 0x00, 0x00, 0x00, 0x00, 0x00,
  0x00, 0x00, 0x00, 0x00, 0x00, 0x00, 0x00, 0x00, 0x00, 0x00, 0x00, 0x00, 0x00, 0x00, 0x00, 0x00,
  0x00, 0x00, 0x00, 0x00, 0x00, 0x00, 0x00, 0x00, 0x00, 0x00, 0x00, 0x00, 0x00, 0x00, 0x00, 0x00,
  0x00, 0x00, 0x00, 0x00, 0x00, 0x00, 0x00, 0x00, 0x00, 0x00, 0x00, 0x00, 0x00, 0x00, 0x00, 0x00,
  0x00, 0x00, 0x00, 0x00, 0x00, 0x00, 0x00, 0x00, 0x00, 0x00, 0x00, 0x00, 0x00, 0x00, 0x00, 0x00,
  0x00, 0x00, 0x00, 0x00, 0x00, 0x00, 0x00, 0x00, 0x00, 0x00, 0x00, 0x00, 0x00, 0x00, 0x00, 0x00,
  0x00, 0x00, 0x00, 0x00, 0x00, 0x00, 0x00, 0x00, 0x00, 0x00, 0x00, 0x00, 0x00, 0x00, 0x00, 0x00,
  0x00, 0x00, 0x00, 0x00, 0x00, 0x00, 0x00, 0x00, 0x00, 0x00, 0x00, 0x00, 0x00, 0x00, 0x00, 0x00,
  0x00, 0x00, 0x00, 0x00, 0x00, 0x00, 0x00, 0x00, 0x00, 0x00, 0x00, 0x00, 0x00, 0x00, 0x00, 0x00,
  0x00, 0x00, 0x00, 0x00, 0x00, 0x00, 0x00, 0x00, 0x00, 0x00, 0x00, 0x00, 0x00, 0x00, 0x00, 0x00,
  0x00, 0x00, 0x00, 0x00, 0x00, 0x00, 0x00, 0x00, 0x00, 0x00, 0x00, 0x00, 0x00, 0x00, 0x00, 0x00,
  0x00, 0x00, 0x00, 0x00, 0x00, 0x00, 0x00, 0x00, 0x00, 0x00, 0x00, 0x00, 0x00, 0x00, 0x00, 0x00,
  0x00, 0x00, 0x00, 0x00, 0x00, 0x00, 0x00, 0x00, 0x00, 0x00, 0x00, 0x00, 0x00, 0x00, 0x00, 0x00,
  0x00, 0x00, 0x00, 0x00, 0x00, 0x00, 0x00, 0x00, 0x00, 0x00, 0x00, 0x00, 0x00, 0x00, 0x00, 0x00,
  0x00, 0x00, 0x00, 0x00, 0x00, 0x00, 0x00, 0x00, 0x00, 0x00, 0x00, 0x00, 0x00, 0x00, 0x00, 0x00,
  0x00, 0x00, 0x00, 0x00, 0x00, 0x00, 0x00, 0x00, 0x00, 0x00, 0x00, 0x00, 0x00, 0x00, 0x00, 0x00,
  0x00, 0x00, 0x00, 0x00, 0x00, 0x00, 0x00, 0x00, 0x00, 0x00, 0x00, 0x00, 0x00, 0x00, 0x00, 0x00,
  0x00, 0x00, 0x00, 0x00, 0x00, 0x00, 0x00, 0x00, 0x00, 0x00, 0x00, 0x00, 0x00, 0x00, 0x00, 0xf8,
  0x00, 0x00, 0x00, 0x00, 0x00, 0x00, 0x00, 0x00, 0x00, 0x00, 0x00, 0x00, 0x00, 0x00, 0x00, 0x00,
  0x00, 0x00, 0x00, 0x00, 0x00, 0x00, 0x00, 0x00, 0x00, 0x00, 0x00, 0x00, 0x00, 0x00, 0x00, 0x00,
  0x00, 0x00, 0x00, 0x00, 0x00, 0x00, 0x00, 0x00, 0x00, 0x00, 0x00, 0x00, 0x00, 0x00, 0x00, 0x00,
  0x00, 0x00, 0x00, 0x84, 0x00, 0xf8, 0x00, 0x00, 0x00, 0xf8, 0x00, 0x00, 0x00, 0x00, 0xa0, 0xaa,
  0x00, 0x84, 0x00, 0x00, 0x00, 0xf8, 0x83, 0x8b, 0x45, 0x93, 0x00, 0x00, 0x00, 0x00, 0x00, 0x00,
  0x00, 0x00, 0x00, 0x00, 0x00, 0x84, 0x00, 0x84, 0x03, 0x8b, 0x00, 0x00, 0x00, 0x00, 0x00, 0x84,
  0x00, 0x00, 0x00, 0x00, 0x04, 0x9b, 0x00, 0x84, 0x08, 0x84, 0x00, 0x00, 0x00, 0x00, 0x00, 0x00,
  0x00, 0x00, 0x00, 0x00, 0x00, 0x00, 0x00, 0x00, 0x00, 0x00, 0x00, 0x00, 0x00, 0x00, 0x00, 0x00,
  0x00, 0x00, 0x00, 0x00, 0x00, 0x00, 0x00, 0x00, 0x00, 0x00, 0x00, 0x00, 0x00, 0x00, 0x00, 0x00,
  0x00, 0x00, 0x00, 0x00, 0x00, 0x00, 0x00, 0x00, 0x00, 0x00, 0x00, 0x00, 0x00, 0x00, 0x00, 0x00,
  0x00, 0x00, 0x00, 0x00, 0x00, 0x00, 0x00, 0x00, 0x00, 0x00, 0x00, 0x00, 0x00, 0x00, 0x00, 0x00,
  0x00, 0x00, 0x00, 0x00, 0x00, 0x00, 0x00, 0x00, 0x00, 0x00, 0x00, 0x00, 0x00, 0x00, 0x00, 0x00,
  0x00, 0x00, 0x00, 0x00, 0x00, 0x00, 0x00, 0x00, 0x00, 0x00, 0x00, 0x00, 0x00, 0x00, 0x00, 0x00,
  0x00, 0x00, 0x00, 0x00, 0x00, 0x00, 0x00, 0x00, 0x00, 0x00, 0x00, 0x00, 0x00, 0x00, 0x00, 0x00,
  0x00, 0x00, 0x00, 0x00, 0x00, 0x00, 0x00, 0x00, 0x00, 0x00, 0x00, 0x00, 0x00, 0x00, 0x00, 0x00,
  0x00, 0x00, 0x00, 0x00, 0x00, 0x00, 0x00, 0x00, 0x00, 0x00, 0x00, 0x00, 0x00, 0x00, 0x00, 0x00,
  0x00, 0x00, 0x00, 0x00, 0x00, 0x00, 0x00, 0x00, 0x00, 0x00, 0x00, 0x00, 0x00, 0x00, 0x00, 0x00,
  0x00, 0x00, 0x00, 0x00, 0x00, 0x00, 0x00, 0x00, 0x00, 0x00, 0x00, 0x00, 0x00, 0x00, 0x00, 0x00,
  0x00, 0x00, 0x00, 0x00, 0x00, 0x00, 0x00, 0x00, 0x00, 0x00, 0x00, 0x00, 0x00, 0x00, 0x00, 0x00,
  0x00, 0x00, 0x00, 0x00, 0x00, 0x00, 0x00, 0x00, 0x00, 0x00, 0x00, 0x00, 0x00, 0x00, 0x00, 0x00,
  0x00, 0x00, 0x00, 0x00, 0x00, 0x00, 0x00, 0x00, 0x00, 0x00, 0x00, 0x00, 0x00, 0x00, 0x00, 0x00,
  0x00, 0x00, 0x00, 0x00, 0x00, 0x00, 0x00, 0x00, 0x00, 0x00, 0x00, 0x00, 0x00, 0x00, 0x00, 0x00,
  0x00, 0x00, 0x00, 0x00, 0x00, 0x00, 0x00, 0x00, 0x00, 0x00, 0x00, 0x00, 0x00, 0x00, 0x00, 0x00,
  0x00, 0x00, 0x00, 0x00, 0x00, 0x00, 0x00, 0x00, 0x00, 0x00, 0x00, 0x00, 0x00, 0x00, 0x00, 0x00,
  0x00, 0x00, 0x00, 0x00, 0x00, 0x00, 0x00, 0x00, 0x00, 0x00, 0x00, 0x00, 0x00, 0x00, 0x00, 0x00,
  0x00, 0x00, 0x00, 0x00, 0x00, 0x00, 0x00, 0x00, 0x00, 0x00, 0x00, 0x00, 0x00, 0x00, 0x00, 0x00,
  0x00, 0x00, 0x00, 0x00, 0x00, 0x00, 0x00, 0x00, 0x00, 0x00, 0xa0, 0xaa, 0x00, 0xf8, 0x83, 0x8b,
  0xa5, 0xaa, 0x23, 0x9b, 0xc2, 0x92, 0xe3, 0x92, 0xe2, 0x8a, 0xa0, 0xaa, 0x26, 0x9b, 0x00, 0xf8,
  0x00, 0xf8, 0x04, 0x9b, 0x00, 0x00, 0x00, 0x00, 0x00, 0x84, 0x00, 0x00, 0x00, 0x84, 0x00, 0x00,
  0x02, 0x9b, 0x26, 0x9b, 0x83, 0x8b, 0x03, 0x93, 0x23, 0x9b, 0x00, 0x00, 0x00, 0x00, 0x00, 0x00,
  0x00, 0x00, 0x00, 0x84, 0x00, 0x00, 0x00, 0x00, 0x00, 0x00, 0xa0, 0xaa, 0x42, 0x93, 0x26, 0x9b,
  0x08, 0x84, 0x83, 0x8b, 0x04, 0x9b, 0x23, 0x9b, 0x03, 0x93, 0x00, 0xf8, 0x26, 0x9b, 0x04, 0x9b,
  0x00, 0x84, 0x00, 0x00, 0xa5, 0x82, 0xe2, 0x8a, 0x64, 0x93, 0x00, 0x00, 0x00, 0x00, 0x00, 0x00,
  0x00, 0x00, 0x00, 0x00, 0x00, 0x00, 0x64, 0x93, 0x00, 0x00, 0x00, 0x00, 0x00, 0x00, 0x00, 0x00,
  0x00, 0x00, 0x00, 0x00, 0x00, 0x00, 0x00, 0x00, 0x00, 0x00, 0x00, 0x00, 0x00, 0x00, 0x00, 0x00,
  0x00, 0x00, 0x00, 0x00, 0x00, 0x00, 0x00, 0x00, 0x00, 0x00, 0x00, 0xf8, 0x00, 0xf8, 0x00, 0x00,
  0x00, 0x00, 0x00, 0x00, 0x00, 0x00, 0x00, 0x00, 0x00, 0x00, 0x00, 0x00, 0x00, 0x00, 0x00, 0x00,
  0x00, 0x00, 0x00, 0x00, 0x00, 0x00, 0x00, 0x00, 0x00, 0x00, 0x00, 0x00, 0x00, 0x00, 0x00, 0x00,
  0x00, 0x00, 0x00, 0x00, 0x00, 0x00, 0x00, 0x00, 0x00, 0x00, 0x00, 0x00, 0x00, 0x00, 0x00, 0x00,
  0x00, 0x00, 0x00, 0x00, 0x00, 0x00, 0x00, 0x00, 0x00, 0x00, 0x00, 0x00, 0x00, 0x00, 0x00, 0x00,
  0x00, 0x00, 0x00, 0x00, 0x00, 0x00, 0x00, 0x00, 0x00, 0x00, 0x00, 0x00, 0x00, 0x00, 0x00, 0x00,
  0x00, 0x00, 0x00, 0x00, 0x00, 0x00, 0x00, 0x00, 0x00, 0x00, 0x00, 0x00, 0x00, 0x00, 0x00, 0x00,
  0x00, 0x00, 0x00, 0x00, 0x00, 0x00, 0x00, 0x00, 0x00, 0x00, 0x00, 0x00, 0x00, 0x00, 0x00, 0x00,
  0x00, 0x00, 0x00, 0x00, 0x00, 0x00, 0x00, 0x00, 0x00, 0x00, 0x00, 0x00, 0x00, 0x00, 0x00, 0x00,
  0x00, 0x00, 0x00, 0x00, 0x00, 0x00, 0x00, 0x00, 0x00, 0x00, 0x00, 0x00, 0x00, 0x00, 0x00, 0x00,
  0x00, 0x00, 0x00, 0x00, 0x00, 0x00, 0x00, 0x00, 0x00, 0x00, 0x00, 0x00, 0x00, 0x00, 0x00, 0x00,
  0x00, 0x00, 0x00, 0x00, 0x00, 0x00, 0x00, 0x00, 0x00, 0x00, 0x00, 0x00, 0x00, 0x00, 0x00, 0x00,
  0x00, 0x00, 0x00, 0x00, 0x00, 0x00, 0x00, 0x00, 0x00, 0x00, 0x00, 0x00, 0x00, 0x00, 0x00, 0x00,
  0x00, 0x00, 0x00, 0x00, 0x00, 0x00, 0x00, 0x00, 0x00, 0x00, 0x00, 0x00, 0x00, 0x00, 0x00, 0x00,
  0x00, 0x00, 0x00, 0x00, 0x00, 0x00, 0x00, 0x00, 0x00, 0x00, 0x00, 0x00, 0x00, 0x00, 0x00, 0x00,
  0x00, 0x00, 0x00, 0xf8, 0x00, 0x00, 0x00, 0xf8, 0xa0, 0xaa, 0x00, 0x00, 0x00, 0x00, 0x00, 0x00,
  0x00, 0x00, 0x00, 0x00, 0x00, 0x00, 0x00, 0x00, 0x00, 0xf8, 0xe2, 0x8a, 0x00, 0x00, 0x23, 0x9b,
  0x00, 0x84, 0x00, 0x84, 0x00, 0x00, 0xe2, 0xa2, 0x23, 0x9b, 0x04, 0x9b, 0x26, 0x9b, 0xa0, 0xaa,
  0x00, 0x00, 0x00, 0x84, 0x00, 0x84, 0x04, 0x9b, 0x64, 0x93, 0x04, 0x9b, 0xa5, 0xaa, 0x03, 0x93,
  0xa0, 0xaa, 0x43, 0x93, 0x44, 0x8b, 0x04, 0x9b, 0x24, 0x9b, 0x00, 0xf8, 0x00, 0x00, 0x00, 0x00,
  0x00, 0x00, 0x00, 0x00, 0x64, 0x93, 0x04, 0x9b, 0x00, 0x84, 0x00, 0x00, 0x00, 0xf8, 0x00, 0xf8,
  0x00, 0xf8, 0xa5, 0xaa, 0x00, 0x00, 0x00, 0xf8, 0x23, 0x9b, 0x00, 0x00, 0x00, 0x00, 0x00, 0xf8,
  0x00, 0xf8, 0x00, 0x00, 0x08, 0x84, 0xe2, 0x8a, 0xe2, 0x8a, 0x00, 0x00, 0x00, 0x00, 0x00, 0x00,
  0x00, 0x00, 0x00, 0x84, 0x00, 0x84, 0x08, 0x84, 0x00, 0x00, 0x00, 0x00, 0x00, 0x00, 0x00, 0x00,
  0x00, 0x00, 0x00, 0x00, 0x00, 0x00, 0x00, 0x00, 0x00, 0x00, 0x00, 0x00, 0x00, 0x00, 0x00, 0x00,
  0x00, 0x00, 0x00, 0x00, 0x00, 0x00, 0x00, 0x00, 0x00, 0x00, 0x00, 0x00, 0x00, 0x00, 0x00, 0x00,
  0x00, 0x00, 0x00, 0x00, 0x00, 0x00, 0x00, 0x00, 0x00, 0x00, 0x00, 0x00, 0x00, 0x00, 0x00, 0x00,
  0x00, 0x00, 0x00, 0x00, 0x00, 0x00, 0x00, 0x00, 0x00, 0x00, 0x00, 0x00, 0x00, 0x00, 0x00, 0x00,
  0x00, 0x00, 0x00, 0x00, 0x00, 0x00, 0x00, 0x00, 0x00, 0x00, 0x00, 0x00, 0x00, 0x00, 0x00, 0x00,
  0x00, 0x00, 0x00, 0x00, 0x00, 0x00, 0x00, 0x00, 0x00, 0x00, 0x00, 0x00, 0x00, 0x00, 0x00, 0x00,
  0x00, 0x00, 0x00, 0x00, 0x00, 0x00, 0x00, 0x00, 0x00, 0x00, 0x00, 0x00, 0x00, 0x00, 0x00, 0x00,
  0x00, 0x00, 0x00, 0x00, 0x00, 0x00, 0x00, 0x00, 0x00, 0x00, 0x00, 0x00, 0x00, 0x00, 0x00, 0x00,
  0x00, 0x00, 0x00, 0x00, 0x00, 0x00, 0x00, 0x00, 0x00, 0x00, 0x00, 0x00, 0x00, 0x00, 0x00, 0x00,
  0x00, 0x00, 0x00, 0x00, 0x00, 0x00, 0x00, 0x00, 0x00, 0x00, 0x00, 0x00, 0x00, 0x00, 0x00, 0x00,
  0x00, 0x00, 0x00, 0x00, 0x00, 0x00, 0x00, 0x00, 0x00, 0x00, 0x00, 0x00, 0x00, 0x00, 0x00, 0x00,
  0x00, 0x00, 0x00, 0x00, 0x00, 0x00, 0x00, 0x00, 0x00, 0x00, 0x00, 0x00, 0x00, 0x00, 0x00, 0x00,
  0x00, 0x00, 0x00, 0x00, 0x00, 0x00, 0x00, 0x00, 0x00, 0x00, 0x00, 0x00, 0x00, 0x00, 0x00, 0x00,
  0x00, 0x00, 0x00, 0x00, 0x00, 0x00, 0x00, 0x00, 0x00, 0x00, 0x00, 0x00, 0x00, 0x00, 0x00, 0x00,
  0x00, 0x00, 0x00, 0x00, 0x00, 0x00, 0x00, 0x00, 0x00, 0x00, 0x00, 0x00, 0x00, 0x00, 0x00, 0x00,
  0x00, 0x00, 0x00, 0x00, 0x00, 0x00, 0x00, 0x00, 0x00, 0x00, 0x00, 0x00, 0x00, 0x00, 0x00, 0x00,
  0x00, 0x00, 0x00, 0x00, 0x00, 0x00, 0x00, 0x00, 0x00, 0x84, 0x00, 0x00, 0x00, 0x00, 0x00, 0x00,
  0x00, 0x00, 0x00, 0x00, 0x00, 0x00, 0x00, 0x00, 0x00, 0x00, 0x03, 0x93, 0x64, 0x93, 0xe2, 0xa2,
  0xe2, 0x8a, 0xa0, 0xaa, 0x42, 0x93, 0x42, 0x93, 0xe3, 0x8a, 0x03, 0x93, 0x23, 0x93, 0x04, 0x9b,
  0xa0, 0xaa, 0x00, 0xf8, 0x04, 0x9b, 0x83, 0x8b, 0x24, 0x9b, 0x43, 0x93, 0x03, 0x93, 0x23, 0x93,
  0xe2, 0x8a, 0x23, 0x93, 0x03, 0x8b, 0x42, 0x93, 0x64, 0x93, 0x00, 0x00, 0x00, 0x00, 0x00, 0x00,
  0x00, 0x84, 0x00, 0x84, 0x00, 0x84, 0x83, 0x8b, 0x26, 0x9b, 0x00, 0x00, 0x00, 0x84, 0x00, 0x00,
  0x00, 0x00, 0x00, 0xf8, 0x00, 0x00, 0x00, 0xf8, 0x26, 0x9b, 0x00, 0x00, 0x00, 0x00, 0x00, 0x00,
  0x00, 0x00, 0x00, 0x00, 0x00, 0xf8, 0x64, 0x93, 0x64, 0x93, 0x00, 0x00, 0x00, 0x00, 0x00, 0x00,
  0x00, 0x00, 0x00, 0x00, 0x00, 0x00, 0x00, 0x84, 0x00, 0x00, 0x00, 0x00, 0x00, 0x00, 0x00, 0x00,
  0x00, 0x00, 0x00, 0x00, 0x00, 0x00, 0x00, 0x00, 0x00, 0x00, 0x00, 0x00, 0x00, 0x00, 0x00, 0x00,
  0x00, 0x00, 0x00, 0x00, 0x00, 0x00, 0x00, 0x00, 0x00, 0x00, 0x00, 0x00, 0x00, 0x00, 0x00, 0x00,
  0x00, 0x00, 0x00, 0x00, 0x00, 0x00, 0x00, 0x00, 0x00, 0x00, 0x00, 0x00, 0x00, 0x00, 0x00, 0x00,
  0x00, 0x00, 0x00, 0x00, 0x00, 0x00, 0x00, 0x00, 0x00, 0x00, 0x00, 0x00, 0x00, 0x00, 0x00, 0x00,
  0x00, 0x00, 0x00, 0x00, 0x00, 0x00, 0x00, 0x00, 0x00, 0x00, 0x00, 0x00, 0x00, 0x00, 0x00, 0x00,
  0x00, 0x00, 0x00, 0x00, 0x00, 0x00, 0x00, 0x00, 0x00, 0x00, 0x00, 0x00, 0x00, 0x00, 0x00, 0x00,
  0x00, 0x00, 0x00, 0x00, 0x00, 0x00, 0x00, 0x00, 0x00, 0x00, 0x00, 0x00, 0x00, 0x00, 0x00, 0x00,
  0x00, 0x00, 0x00, 0x00, 0x00, 0x00, 0x00, 0x00, 0x00, 0x00, 0x00, 0x00, 0x00, 0x00, 0x00, 0x00,
  0x00, 0x00, 0x00, 0x00, 0x00, 0x00, 0x00, 0x00, 0x00, 0x00, 0x00, 0x00, 0x00, 0x00, 0x00, 0x00,
  0x00, 0x00, 0x00, 0x00, 0x00, 0x00, 0x00, 0x00, 0x00, 0x00, 0x00, 0x00, 0x00, 0x00, 0x00, 0x00,
  0x00, 0x00, 0x00, 0x00, 0x00, 0x00, 0x00, 0x00, 0x00, 0x00, 0x00, 0x00, 0x00, 0x00, 0x00, 0x00,
  0x00, 0x00, 0x00, 0x00, 0x00, 0x00, 0x00, 0x00, 0x00, 0x00, 0x00, 0x00, 0x00, 0x00, 0x00, 0x00,
  0x00, 0x00, 0x00, 0x00, 0x00, 0x00, 0x00, 0x00, 0x00, 0x00, 0x00, 0x00, 0x00, 0x00, 0x00, 0x00,
  0x00, 0x00, 0x00, 0x00, 0x00, 0x00, 0x00, 0x00, 0x00, 0x00, 0x00, 0x00, 0x00, 0x00, 0x00, 0x00,
  0x00, 0x00, 0x00, 0x00, 0x00, 0x00, 0x00, 0x00, 0x00, 0x00, 0x00, 0x00, 0x00, 0x00, 0x00, 0x00,
  0x00, 0x00, 0x00, 0x00, 0x00, 0x00, 0x00, 0x00, 0x00, 0xf8, 0x00, 0x00, 0x00, 0x84, 0x04, 0x9b,
  0x00, 0x84, 0x08, 0x84, 0x00, 0x00, 0x00, 0xf8, 0x26, 0x9b, 0x00, 0x00, 0x00, 0x00, 0x00, 0x00,
  0x00, 0x00, 0x00, 0x00, 0x00, 0x00, 0x00, 0x00, 0x00, 0x84, 0x02, 0x9b, 0x03, 0x93, 0x22, 0x9b,
  0xe2, 0x8a, 0x04, 0x8b, 0x24, 0x9b, 0x03, 0x93, 0x61, 0x7a, 0xc2, 0x8a, 0x03, 0x93, 0x04, 0x93,
  0x00, 0x00, 0x00, 0xf8, 0x83, 0x8b, 0x00, 0x84, 0xa5, 0xaa, 0xa2, 0xa3, 0x43, 0x93, 0x22, 0x9b,
  0xe2, 0xa2, 0xe3, 0x92, 0xe3, 0x8a, 0x23, 0x9b, 0x42, 0x93, 0x00, 0x84, 0x83, 0x8b, 0x00, 0x00,
  0x00, 0x00, 0xa0, 0xaa, 0xe3, 0x92, 0x04, 0x9b, 0xe3, 0x92, 0x00, 0x84, 0x26, 0x9b, 0x00, 0x00,
  0x00, 0x00, 0x00, 0x00, 0x26, 0x9b, 0x00, 0xf8, 0x26, 0x9b, 0x00, 0x00, 0x00, 0x00, 0x00, 0x00,
  0x00, 0x00, 0x00, 0x00, 0x00, 0x00, 0x00, 0x00, 0x00, 0xf8, 0x00, 0x00, 0x00, 0x00, 0x00, 0x00,
  0x00, 0x00, 0x00, 0x00, 0x00, 0x00, 0x00, 0x84, 0x00, 0x00, 0x00, 0x00, 0x00, 0x00, 0x00, 0x00,
  0x00, 0x00, 0x00, 0x00, 0x00, 0x00, 0x00, 0x00, 0x00, 0x00, 0x00, 0x00, 0x00, 0x00, 0x00, 0x00,
  0x00, 0x00, 0x00, 0x00, 0x00, 0x00, 0x00, 0x00, 0x00, 0x00, 0x00, 0x00, 0x00, 0xf8, 0x00, 0x00,
  0x00, 0x00, 0x00, 0x00, 0x00, 0x00, 0x00, 0x00, 0x00, 0x00, 0x00, 0x00, 0x00, 0x00, 0x00, 0x00,
  0x00, 0x00, 0x00, 0x00, 0x00, 0x00, 0x00, 0x00, 0x00, 0x00, 0x00, 0x00, 0x00, 0x00, 0x00, 0x00,
  0x00, 0x00, 0x00, 0x00, 0x00, 0x00, 0x00, 0x00, 0x00, 0x00, 0x00, 0x00, 0x00, 0x00, 0x00, 0x00,
  0x00, 0x00, 0x00, 0x00, 0x00, 0x00, 0x00, 0x00, 0x00, 0x00, 0x00, 0x00, 0x00, 0x00, 0x00, 0x00,
  0x00, 0x00, 0x00, 0x00, 0x00, 0x00, 0x00, 0x00, 0x00, 0x00, 0x00, 0x00, 0x00, 0x00, 0x00, 0x00,
  0x00, 0x00, 0x00, 0x00, 0x00, 0x00, 0x00, 0x00, 0x00, 0x00, 0x00, 0x00, 0x00, 0x00, 0x00, 0x00,
  0x00, 0x00, 0x00, 0x00, 0x00, 0x00, 0x00, 0x00, 0x00, 0x00, 0x00, 0x00, 0x00, 0x00, 0x00, 0x00,
  0x00, 0x00, 0x00, 0x00, 0x00, 0x00, 0x00, 0x00, 0x00, 0x00, 0x00, 0x00, 0x00, 0x00, 0x00, 0x00,
  0x00, 0x00, 0x00, 0x00, 0x00, 0x00, 0x00, 0x00, 0x00, 0x00, 0x00, 0x00, 0x00, 0x00, 0x00, 0x00,
  0x00, 0x00, 0x00, 0x00, 0x00, 0x00, 0x00, 0x00, 0x00, 0x00, 0x00, 0x00, 0x00, 0x00, 0x00, 0x00,
  0x00, 0x00, 0x00, 0x00, 0x00, 0x00, 0x00, 0x00, 0x00, 0x00, 0x00, 0x00, 0x00, 0x00, 0x00, 0x00,
  0x00, 0x00, 0x00, 0x00, 0x00, 0x00, 0x00, 0x00, 0x00, 0x00, 0x00, 0x00, 0x00, 0x00, 0x00, 0x00,
  0x00, 0x00, 0x00, 0x00, 0x00, 0x00, 0x00, 0x00, 0x00, 0x00, 0x00, 0x00, 0x00, 0x00, 0x00, 0x00,
  0x00, 0x00, 0x00, 0x00, 0x00, 0x00, 0x00, 0x00, 0x00, 0x00, 0x00, 0x00, 0x64, 0x93, 0x64, 0x93,
  0x64, 0x93, 0xa5, 0xaa, 0x00, 0x00, 0xa5, 0xaa, 0x23, 0x93, 0x00, 0x00, 0x00, 0x00, 0x00, 0x00,
  0x00, 0x00, 0x00, 0x00, 0x00, 0xf8, 0x00, 0x00, 0x00, 0x00, 0xe2, 0x92, 0xe3, 0x92, 0xe2, 0x92,
  0x23, 0x9b, 0x04, 0x8b, 0x23, 0x9b, 0x03, 0x8b, 0x01, 0x6a, 0x82, 0x82, 0xe2, 0x92, 0xe2, 0x8a,
  0xe2, 0x92, 0x23, 0x9b, 0x03, 0x9b, 0xa5, 0xaa, 0x04, 0x9b, 0x64, 0xa3, 0x03, 0x9b, 0x43, 0x93,
  0x22, 0x9b, 0xe3, 0x8a, 0x02, 0x93, 0x04, 0x9b, 0x02, 0x9b, 0x24, 0x9b, 0xe2, 0xa2, 0x00, 0xf8,
  0x26, 0x9b, 0x42, 0x93, 0xe3, 0x8a, 0x04, 0x93, 0x04, 0x93, 0x00, 0x00, 0x00, 0x84, 0xa5, 0xaa,
  0x00, 0x84, 0x83, 0x8b, 0x00, 0x84, 0xa0, 0xaa, 0x83, 0x8b, 0x00, 0x00, 0x00, 0x00, 0x00, 0x00,
  0x00, 0x00, 0x00, 0x84, 0x00, 0x00, 0x00, 0x00, 0x00, 0x00, 0x00, 0x00, 0x00, 0x00, 0x00, 0x00,
  0x00, 0x00, 0x00, 0x00, 0x00, 0x00, 0x00, 0x00, 0x00, 0xf8, 0x00, 0x00, 0x00, 0x00, 0x00, 0x00,
  0x00, 0x00, 0x00, 0x84, 0xa0, 0xaa, 0x00, 0x00, 0x00, 0x00, 0x00, 0x00, 0x00, 0x00, 0x00, 0x00,
  0x00, 0x00, 0x00, 0x00, 0x00, 0x00, 0x00, 0x00, 0x00, 0x00, 0x00, 0x00, 0x00, 0x00, 0x00, 0x00,
  0x00, 0x00, 0x00, 0x00, 0x00, 0x00, 0x00, 0x00, 0x00, 0x00, 0x00, 0x00, 0x00, 0x00, 0x00, 0x00,
  0x00, 0x00, 0x00, 0x00, 0x00, 0x00, 0x00, 0x00, 0x00, 0x00, 0x00, 0x00, 0x00, 0x00, 0x00, 0x00,
  0x00, 0x00, 0x00, 0x00, 0x00, 0x00, 0x00, 0x00, 0x00, 0x00, 0x00, 0x00, 0x00, 0x00, 0x00, 0x00,
  0x00, 0x00, 0x00, 0x00, 0x00, 0x00, 0x00, 0x00, 0x00, 0x00, 0x00, 0x00, 0x00, 0x00, 0x00, 0x00,
  0x00, 0x00, 0x00, 0x00, 0x00, 0x00, 0x00, 0x00, 0x00, 0x00, 0x00, 0x00, 0x00, 0x00, 0x00, 0x00,
  0x00, 0x00, 0x00, 0x00, 0x00, 0x00, 0x00, 0x00, 0x00, 0x00, 0x00, 0x00, 0x00, 0x00, 0x00, 0x00,
  0x00, 0x00, 0x00, 0x00, 0x00, 0x00, 0x00, 0x00, 0x00, 0x00, 0x00, 0x00, 0x00, 0x00, 0x00, 0x00,
  0x00, 0x00, 0x00, 0x00, 0x00, 0x00, 0x00, 0x00, 0x00, 0x00, 0x00, 0x00, 0x00, 0x00, 0x00, 0x00,
  0x00, 0x00, 0x00, 0x00, 0x00, 0x00, 0x00, 0x00, 0x00, 0x00, 0x00, 0x00, 0x00, 0x00, 0x00, 0x00,
  0x00, 0x00, 0x00, 0x00, 0x00, 0x00, 0x00, 0x00, 0x00, 0x00, 0x00, 0x00, 0x00, 0x00, 0x00, 0x00,
  0x00, 0x00, 0x00, 0x00, 0x00, 0x00, 0x00, 0x00, 0x00, 0x00, 0x00, 0x00, 0x00, 0x00, 0x00, 0x00,
  0x00, 0x00, 0x00, 0x00, 0x00, 0x00, 0x00, 0x00, 0x00, 0x00, 0x00, 0x00, 0x00, 0x00, 0x00, 0x00,
  0x00, 0x00, 0x00, 0xf8, 0x00, 0x00, 0x00, 0x00, 0x00, 0x00, 0x00, 0x00, 0x00, 0x00, 0x00, 0xf8,
  0x00, 0x00, 0x00, 0x00, 0x00, 0x00, 0x00, 0x00, 0x00, 0x00, 0xa0, 0xaa, 0xa5, 0xaa, 0x45, 0x93,
  0x00, 0x84, 0x00, 0x00, 0xe2, 0x8a, 0xe2, 0xa2, 0x42, 0x93, 0x00, 0x00, 0x00, 0x00, 0x00, 0x00,
  0x00, 0x00, 0x00, 0x00, 0x00, 0x00, 0x00, 0xf8, 0xa5, 0xaa, 0x02, 0x93, 0x23, 0x9b, 0xe3, 0x92,
  0xe3, 0x8a, 0x22, 0x93, 0x03, 0x8b, 0xc2, 0x82, 0xe1, 0x61, 0x22, 0x9b, 0x22, 0x9b, 0x82, 0x82,
  0x03, 0x93, 0x43, 0xa3, 0x23, 0x9b, 0xa5, 0xaa, 0x24, 0x9b, 0x03, 0x93, 0x02, 0x9b, 0x23, 0x9b,
  0x02, 0x93, 0xe2, 0x8a, 0x02, 0x93, 0x23, 0x9b, 0x03, 0x9b, 0x03, 0x93, 0x24, 0x9b, 0x64, 0x93,
  0xe3, 0x8a, 0x23, 0x93, 0xe2, 0x8a, 0xc2, 0x8a, 0x03, 0x93, 0x00, 0xf8, 0x26, 0x9b, 0x26, 0x9b,
  0xa5, 0xaa, 0x64, 0x93, 0x00, 0xf8, 0x26, 0x9b, 0x23, 0x9b, 0x00, 0x00, 0x00, 0x00, 0x00, 0x00,
  0x08, 0x84, 0x08, 0x84, 0x26, 0x9b, 0x00, 0x00, 0x00, 0x00, 0x00, 0x00, 0x00, 0x00, 0x00, 0x00,
  0x00, 0x00, 0x00, 0x00, 0x00, 0x00, 0x00, 0x00, 0x00, 0x00, 0x00, 0x00, 0x00, 0x00, 0x00, 0x00,
  0x00, 0x00, 0x08, 0x84, 0x26, 0x9b, 0x00, 0x00, 0x00, 0x00, 0x00, 0xf8, 0x00, 0x00, 0x00, 0x00,
  0x00, 0x00, 0x00, 0x00, 0x00, 0x84, 0x00, 0x00, 0x00, 0x00, 0x64, 0x93, 0x00, 0xf8, 0x00, 0x00,
  0x00, 0x00, 0x00, 0x00, 0x00, 0x00, 0x00, 0x00, 0x00, 0x00, 0x00, 0x00, 0x00, 0x00, 0x00, 0x00,
  0x00, 0x00, 0x00, 0x00, 0x00, 0x00, 0x00, 0x00, 0x00, 0x00, 0x00, 0x00, 0x00, 0x00, 0x00, 0x00,
  0x00, 0x00, 0x00, 0x00, 0x00, 0x00, 0x00, 0x00, 0x00, 0x00, 0x00, 0x00, 0x00, 0x00, 0x00, 0x00,
  0x00, 0x00, 0x00, 0x00, 0x00, 0x00, 0x00, 0x00, 0x00, 0x00, 0x00, 0x00, 0x00, 0x00, 0x00, 0x00,
  0x00, 0x00, 0x00, 0x00, 0x00, 0x00, 0x00, 0x00, 0x00, 0x00, 0x00, 0x00, 0x00, 0x00, 0x00, 0x00,
  0x00, 0x00, 0x00, 0x00, 0x00, 0x00, 0x00, 0x00, 0x00, 0x00, 0x00, 0x00, 0x00, 0x00, 0x00, 0x00,
  0x00, 0x00, 0x00, 0x00, 0x00, 0x00, 0x00, 0x00, 0x00, 0x00, 0x00, 0x00, 0x00, 0x00, 0x00, 0x00,
  0x00, 0x00, 0x00, 0x00, 0x00, 0x00, 0x00, 0x00, 0x00, 0x00, 0x00, 0x00, 0x00, 0x00, 0x00, 0x00,
  0x00, 0x00, 0x00, 0x00, 0x00, 0x00, 0x00, 0x00, 0x00, 0x00, 0x00, 0x00, 0x00, 0x00, 0x00, 0x00,
  0x00, 0x00, 0x00, 0x00, 0x00, 0x00, 0x00, 0x00, 0x00, 0x00, 0x00, 0x00, 0x00, 0x00, 0x00, 0x00,
  0x00, 0x00, 0x00, 0x00, 0x00, 0x00, 0x00, 0x00, 0x00, 0x00, 0x00, 0x00, 0x00, 0x00, 0x00, 0x00,
  0x00, 0x00, 0x00, 0x00, 0x00, 0x00, 0x00, 0x00, 0x00, 0x00, 0x00, 0x00, 0x00, 0x00, 0x00, 0x00,
  0x00, 0x00, 0x00, 0x84, 0x00, 0x00, 0x00, 0x00, 0x00, 0x00, 0x00, 0x00, 0x00, 0xf8, 0x00, 0x00,
  0x00, 0x84, 0xa5, 0xaa, 0x00, 0x00, 0x00, 0x00, 0x00, 0x00, 0x08, 0x84, 0x84, 0x9b, 0x03, 0x93,
  0x04, 0x8b, 0x23, 0x9b, 0x64, 0x93, 0x23, 0x9b, 0x04, 0x9b, 0x00, 0x00, 0x00, 0x00, 0x00, 0x00,
  0x00, 0x00, 0x00, 0xf8, 0x00, 0x00, 0x00, 0x00, 0x43, 0x93, 0xe2, 0x92, 0xe3, 0x8a, 0x82, 0x82,
  0xe2, 0x8a, 0xa2, 0x8a, 0xa2, 0x82, 0xa2, 0x8a, 0x21, 0x72, 0x43, 0x9b, 0x02, 0x93, 0x82, 0x7a,
  0xc2, 0x92, 0x23, 0x9b, 0x43, 0x93, 0x00, 0x84, 0x23, 0x9b, 0xe2, 0x92, 0xc2, 0x8a, 0xe2, 0x92,
  0x02, 0x93, 0x43, 0x9b, 0x02, 0x9b, 0x24, 0x9b, 0x43, 0x9b, 0x23, 0x9b, 0xe3, 0x92, 0xe3, 0x92,
  0xe3, 0x8a, 0xe3, 0x8a, 0xe3, 0x8a, 0xa2, 0x82, 0xc2, 0x8a, 0x83, 0xab, 0x64, 0xa3, 0x03, 0x9b,
  0x43, 0x9b, 0x64, 0xa3, 0xa5, 0xaa, 0x83, 0x8b, 0x23, 0x9b, 0x08, 0x84, 0x26, 0x9b, 0x64, 0x93,
  0x64, 0x93, 0x43, 0x93, 0x08, 0x84, 0x00, 0x00, 0x00, 0xf8, 0x00, 0x00, 0x00, 0x00, 0x00, 0x00,
  0x00, 0x00, 0x00, 0x00, 0x00, 0x00, 0x00, 0x00, 0x00, 0x00, 0x00, 0x00, 0x00, 0x00, 0x00, 0x00,
  0x00, 0x00, 0x25, 0x8b, 0xe5, 0x92, 0xa0, 0xaa, 0x00, 0x00, 0xa0, 0xaa, 0x00, 0x00, 0x00, 0x00,
  0x00, 0x00, 0xa0, 0xaa, 0x00, 0x00, 0x00, 0x00, 0x00, 0x00, 0xa5, 0x82, 0x00, 0x00, 0x00, 0x00,
  0x00, 0x00, 0x00, 0x00, 0x00, 0x00, 0x00, 0x00, 0x00, 0x00, 0x00, 0x00, 0x00, 0x00, 0x00, 0x00,
  0x00, 0x00, 0x00, 0x00, 0x00, 0x00, 0x00, 0x00, 0x00, 0x00, 0x00, 0x00, 0x00, 0x00, 0x00, 0x00,
  0x00, 0x00, 0x00, 0x00, 0x00, 0x00, 0x00, 0x00, 0x00, 0x00, 0x00, 0x00, 0x00, 0x00, 0x00, 0x00,
  0x00, 0x00, 0x00, 0x00, 0x00, 0x00, 0x00, 0x00, 0x00, 0x00, 0x00, 0x00, 0x00, 0x00, 0x00, 0x00,
  0x00, 0x00, 0x00, 0x00, 0x00, 0x00, 0x00, 0x00, 0x00, 0x00, 0x00, 0x00, 0x00, 0x00, 0x00, 0x00,
  0x00, 0x00, 0x00, 0x00, 0x00, 0x00, 0x00, 0x00, 0x00, 0x00, 0x00, 0x00, 0x00, 0x00, 0x00, 0x00,
  0x00, 0x00, 0x00, 0x00, 0x00, 0x00, 0x00, 0x00, 0x00, 0x00, 0x00, 0x00, 0x00, 0x00, 0x00, 0x00,
  0x00, 0x00, 0x00, 0x00, 0x00, 0x00, 0x00, 0x00, 0x00, 0x00, 0x00, 0x00, 0x00, 0x00, 0x00, 0x00,
  0x00, 0x00, 0x00, 0x00, 0x00, 0x00, 0x00, 0x00, 0x00, 0x00, 0x00, 0x00, 0x00, 0x00, 0x00, 0x00,
  0x00, 0x00, 0x00, 0x00, 0x00, 0x00, 0x00, 0x00, 0x00, 0x00, 0x00, 0x00, 0x00, 0x00, 0x00, 0x00,
  0x00, 0x00, 0x00, 0x00, 0x00, 0x00, 0x00, 0x00, 0x00, 0x00, 0x00, 0x00, 0x00, 0x00, 0x00, 0x00,
  0x00, 0x00, 0x00, 0x00, 0x00, 0x00, 0x00, 0xf8, 0x00, 0x00, 0x00, 0x00, 0x00, 0x00, 0x00, 0x00,
  0x00, 0x00, 0x83, 0x8b, 0x00, 0xf8, 0x00, 0x00, 0x00, 0x00, 0x00, 0x00, 0x00, 0x84, 0x24, 0x9b,
  0xe2, 0x8a, 0xa3, 0x82, 0x04, 0x8b, 0x42, 0x93, 0x00, 0xf8, 0x00, 0x84, 0x24, 0x9b, 0x23, 0x8b,
  0x23, 0x8b, 0x23, 0x9b, 0x64, 0x93, 0x04, 0x8b, 0x26, 0x9b, 0xa0, 0xaa, 0x00, 0xf8, 0x00, 0x00,
  0x00, 0x00, 0xa0, 0xaa, 0x00, 0x84, 0x64, 0x93, 0xe2, 0x8a, 0x61, 0x7a, 0x22, 0x72, 0x22, 0x7a,
  0x82, 0x82, 0x21, 0x72, 0x21, 0x72, 0xa2, 0x8a, 0x81, 0x8a, 0x02, 0x93, 0xa2, 0x82, 0xa2, 0x8a,
  0xc2, 0x8a, 0xe2, 0x92, 0xe3, 0x92, 0xe2, 0xa2, 0x63, 0x9b, 0x82, 0x82, 0x82, 0x8a, 0x62, 0x82,
  0xc2, 0x8a, 0x43, 0xa3, 0x81, 0x82, 0xc2, 0x8a, 0x81, 0x82, 0x42, 0x9b, 0xe2, 0x92, 0xc2, 0x92,
  0xe2, 0x92, 0x62, 0x82, 0x62, 0x7a, 0x21, 0x72, 0x41, 0x72, 0x23, 0x9b, 0x42, 0x93, 0x03, 0x93,
  0x23, 0x9b, 0x44, 0x9b, 0x83, 0x8b, 0xa5, 0xaa, 0x23, 0x9b, 0x24, 0x9b, 0xa2, 0xa3, 0x43, 0x93,
  0x03, 0x9b, 0x83, 0x8b, 0x23, 0x9b, 0x64, 0xa3, 0x84, 0x9b, 0x26, 0x9b, 0x00, 0x00, 0x00, 0x00,
  0x00, 0x00, 0x00, 0x84, 0x00, 0x00, 0x00, 0x84, 0x00, 0x00, 0x00, 0xf8, 0x00, 0x00, 0xa0, 0xaa,
  0x00, 0xf8, 0xc3, 0x82, 0xa3, 0x7a, 0x23, 0x9b, 0x00, 0x00, 0x00, 0xf8, 0x00, 0x00, 0x00, 0x00,
  0x00, 0x00, 0x04, 0x9b, 0xa0, 0xaa, 0x00, 0x00, 0x00, 0x00, 0x45, 0x93, 0x00, 0x00, 0x00, 0x00,
  0x00, 0x00, 0x00, 0x00, 0x00, 0x00, 0x00, 0x00, 0x00, 0x00, 0x00, 0x00, 0x00, 0x00, 0x00, 0x00,
  0x00, 0x00, 0x00, 0x00, 0x00, 0x00, 0x00, 0x00, 0x00, 0x00, 0x00, 0x00, 0x00, 0x00, 0x00, 0x00,
  0x00, 0x00, 0x00, 0x00, 0x00, 0x00, 0x00, 0x00, 0x00, 0x00, 0x00, 0x00, 0x00, 0x00, 0x00, 0x00,
  0x00, 0x00, 0x00, 0x00, 0x00, 0x00, 0x00, 0x00, 0x00, 0x00, 0x00, 0x00, 0x00, 0x00, 0x00, 0x00,
  0x00, 0x00, 0x00, 0x00, 0x00, 0x00, 0x00, 0x00, 0x00, 0x00, 0x00, 0x00, 0x00, 0x00, 0x00, 0x00,
  0x00, 0x00, 0x00, 0x00, 0x00, 0x00, 0x00, 0x00, 0x00, 0x00, 0x00, 0x00, 0x00, 0x00, 0x00, 0x00,
  0x00, 0x00, 0x00, 0x00, 0x00, 0x00, 0x00, 0x00, 0x00, 0x00, 0x00, 0x00, 0x00, 0x00, 0x00, 0x00,
  0x00, 0x00, 0x00, 0x00, 0x00, 0x00, 0x00, 0x00, 0x00, 0x00, 0x00, 0x00, 0x00, 0x00, 0x00, 0x00,
  0x00, 0x00, 0x00, 0x00, 0x00, 0x00, 0x00, 0x00, 0x00, 0x00, 0x00, 0x00, 0x00, 0x00, 0x00, 0x00,
  0x00, 0x00, 0x00, 0x00, 0x00, 0x00, 0x00, 0xf8, 0x00, 0x00, 0x00, 0x82, 0x00, 0x00, 0x00, 0x00,
  0x00, 0x84, 0x00, 0x00, 0x00, 0x00, 0x26, 0x9b, 0x64, 0x93, 0x00, 0x00, 0x00, 0x00, 0x00, 0x00,
  0x00, 0x00, 0x00, 0x00, 0x00, 0x00, 0x00, 0xf8, 0xa0, 0xaa, 0x00, 0x84, 0x00, 0xf8, 0x00, 0x00,
  0x00, 0x00, 0xa0, 0xaa, 0x00, 0x00, 0x00, 0xf8, 0x00, 0x84, 0xa5, 0x82, 0x00, 0x84, 0x03, 0x93,
  0xe3, 0x8a, 0x82, 0x8a, 0xa2, 0x8a, 0x23, 0x9b, 0x64, 0xa3, 0xc2, 0x92, 0xa5, 0xaa, 0x83, 0x8b,
  0x64, 0x93, 0x04, 0x9b, 0xa5, 0xaa, 0x64, 0x93, 0x43, 0x93, 0x00, 0x84, 0x00, 0x84, 0x26, 0x9b,
  0x26, 0x9b, 0x04, 0x9b, 0x03, 0x9b, 0x62, 0xa3, 0x63, 0x9b, 0xa1, 0x92, 0xa1, 0x8a, 0xa1, 0x8a,
  0x22, 0xa3, 0x02, 0x9b, 0xc2, 0x92, 0x61, 0x82, 0xe0, 0x71, 0x61, 0x7a, 0x81, 0x8a, 0xc1, 0x8a,
  0xe1, 0x92, 0xa1, 0x92, 0xa1, 0x92, 0xc2, 0x8a, 0xa2, 0x92, 0x63, 0xab, 0x43, 0xa3, 0x62, 0xa3,
  0x02, 0x9b, 0x03, 0xb4, 0x41, 0xa3, 0xe2, 0x92, 0x62, 0xab, 0x22, 0x9b, 0x03, 0x9b, 0x22, 0x9b,
  0xc2, 0x92, 0xe2, 0x8a, 0xe2, 0x92, 0xe2, 0x92, 0xe2, 0x92, 0xe3, 0x92, 0x23, 0xa3, 0x23, 0x9b,
  0xc2, 0x8a, 0xe2, 0x9a, 0xc1, 0x9a, 0x42, 0xab, 0x23, 0xa3, 0x43, 0xa3, 0xa2, 0xa3, 0xa2, 0xa3,
  0x00, 0x84, 0x00, 0x00, 0x64, 0xa3, 0x04, 0x9b, 0x83, 0xab, 0x83, 0x8b, 0x00, 0xf8, 0x00, 0xf8,
  0x00, 0x00, 0x00, 0x00, 0x00, 0xf8, 0xa0, 0xaa, 0x00, 0x84, 0x42, 0x93, 0x44, 0x93, 0x84, 0x9b,
  0x84, 0x9b, 0x04, 0xbc, 0x04, 0x93, 0xa2, 0x82, 0x43, 0x93, 0x00, 0xf8, 0x00, 0x00, 0x00, 0x00,
  0x00, 0x00, 0x00, 0x00, 0x00, 0x00, 0x00, 0x84, 0x00, 0x00, 0x00, 0x84, 0x00, 0x00, 0x00, 0x00,
  0x00, 0x00, 0x00, 0x00, 0x00, 0x00, 0x00, 0x00, 0x00, 0x00, 0x00, 0x00, 0x00, 0xf8, 0x00, 0x00,
  0x00, 0x00, 0x00, 0x00, 0x00, 0x00, 0x00, 0x00, 0x00, 0x00, 0x00, 0x00, 0x00, 0x00, 0x00, 0x00,
  0x00, 0x00, 0x00, 0x00, 0x00, 0x00, 0x00, 0x00, 0x00, 0x00, 0x00, 0x00, 0x00, 0x00, 0x00, 0x00,
  0x00, 0x00, 0x00, 0x00, 0x00, 0x00, 0x00, 0x00, 0x00, 0x00, 0x00, 0x00, 0x00, 0x00, 0x00, 0x00,
  0x00, 0x00, 0x00, 0x00, 0x00, 0x00, 0x00, 0x00, 0x00, 0x00, 0x00, 0x00, 0x00, 0x00, 0x00, 0x00,
  0x00, 0x00, 0x00, 0x00, 0x00, 0x00, 0x00, 0x00, 0x00, 0x00, 0x00, 0x00, 0x00, 0x00, 0x00, 0x00,
  0x00, 0x00, 0x00, 0x00, 0x00, 0x00, 0x00, 0x00, 0x00, 0x00, 0x00, 0x00, 0x00, 0x00, 0x00, 0x00,
  0x00, 0x00, 0x00, 0x00, 0x00, 0x00, 0x00, 0x00, 0x00, 0x00, 0x00, 0x00, 0x00, 0x00, 0x00, 0x00,
  0x00, 0x00, 0x00, 0x00, 0x00, 0x00, 0x00, 0x00, 0x00, 0x00, 0x00, 0x00, 0x00, 0x00, 0x00, 0x00,
  0x00, 0x00, 0x00, 0x00, 0x00, 0x00, 0x00, 0x00, 0x00, 0x00, 0x00, 0x00, 0x00, 0xf8, 0x64, 0x93,
  0x43, 0x93, 0x44, 0x9b, 0x44, 0x93, 0x04, 0x8b, 0xc2, 0x92, 0x00, 0x00, 0x00, 0x00, 0x00, 0x00,
  0x00, 0x00, 0xa0, 0xaa, 0x00, 0x00, 0x00, 0x00, 0x00, 0xf8, 0x00, 0x00, 0x00, 0x00, 0x00, 0x00,
  0x00, 0x00, 0x00, 0x00, 0x00, 0x00, 0x00, 0x00, 0x26, 0x9b, 0x04, 0x9b, 0x00, 0x00, 0xa5, 0xaa,
  0xe2, 0x8a, 0xc2, 0x8a, 0xa1, 0x8a, 0x02, 0x93, 0x84, 0x9b, 0x04, 0x9b, 0x04, 0x8b, 0x03, 0x9b,
  0x43, 0x93, 0x43, 0x93, 0x64, 0x93, 0x00, 0x00, 0x42, 0x93, 0x64, 0x93, 0xa0, 0xaa, 0xa0, 0xaa,
  0x00, 0x84, 0x62, 0xa3, 0x42, 0x9b, 0x43, 0xa3, 0x63, 0xab, 0xc2, 0x92, 0xe2, 0x92, 0xe1, 0x92,
  0x42, 0xab, 0x62, 0xab, 0x62, 0xa3, 0xa2, 0x92, 0x00, 0x72, 0xe1, 0x92, 0x20, 0x7a, 0x20, 0x72,
  0xa1, 0x8a, 0x02, 0x9b, 0xe2, 0x9a, 0x02, 0x9b, 0x21, 0xa3, 0x82, 0x8a, 0x03, 0x93, 0x41, 0x7a,
  0xc1, 0x92, 0x4d, 0xff, 0x43, 0xc4, 0xc1, 0x69, 0xc2, 0x8a, 0x22, 0xab, 0x22, 0xa3, 0x02, 0x9b,
  0x43, 0x9b, 0x43, 0x9b, 0xe2, 0x9a, 0x42, 0xa3, 0x03, 0x9b, 0xc3, 0x92, 0x24, 0xa3, 0x23, 0x9b,
  0xa2, 0x8a, 0x20, 0x7a, 0x61, 0x82, 0x00, 0x84, 0x43, 0xa3, 0x44, 0x93, 0x44, 0x93, 0xa2, 0xa3,
  0x00, 0x00, 0x26, 0x9b, 0x00, 0x00, 0x00, 0x00, 0xa5, 0xaa, 0xa0, 0xaa, 0x00, 0x84, 0x83, 0xab,
  0x26, 0x9b, 0x00, 0x84, 0x00, 0x00, 0x00, 0x00, 0x26, 0x9b, 0xa0, 0xaa, 0x00, 0xf8, 0x64, 0xa3,
  0x82, 0x82, 0xa4, 0xd4, 0x08, 0xee, 0x83, 0x9b, 0x23, 0x9b, 0x00, 0x00, 0x00, 0x00, 0x00, 0x00,
  0x00, 0x00, 0x00, 0x00, 0x00, 0x00, 0x00, 0x00, 0x00, 0x00, 0x00, 0x00, 0x00, 0x00, 0x00, 0x00,
  0x00, 0x00, 0x00, 0x00, 0x00, 0x00, 0x00, 0x00, 0x00, 0x84, 0x00, 0x00, 0x00, 0x00, 0x00, 0x00,
  0x00, 0x00, 0x00, 0x00, 0x00, 0x00, 0x00, 0x00, 0x00, 0x00, 0x00, 0x00, 0x00, 0x00, 0x00, 0x00,
  0x00, 0x00, 0x00, 0x00, 0x00, 0x00, 0x00, 0x00, 0x00, 0x00, 0x00, 0x00, 0x00, 0x00, 0x00, 0x00,
  0x00, 0x00, 0x00, 0x00, 0x00, 0x00, 0x00, 0x00, 0x00, 0x00, 0x00, 0x00, 0x00, 0x00, 0x00, 0x00,
  0x00, 0x00, 0x00, 0x00, 0x00, 0x00, 0x00, 0x00, 0x00, 0x00, 0x00, 0x00, 0x00, 0x00, 0x00, 0x00,
  0x00, 0x00, 0x00, 0x00, 0x00, 0x00, 0x00, 0x00, 0x00, 0x00, 0x00, 0x00, 0x00, 0x00, 0x00, 0x00,
  0x00, 0x00, 0x00, 0x00, 0x00, 0x00, 0x00, 0x00, 0x00, 0x00, 0x00, 0x00, 0x00, 0x00, 0x00, 0x00,
  0x00, 0x00, 0x00, 0x00, 0x00, 0x00, 0x00, 0x00, 0x00, 0x00, 0x00, 0x00, 0x00, 0x00, 0x00, 0x00,
  0x00, 0x00, 0x00, 0x00, 0x00, 0x00, 0x00, 0x00, 0x00, 0x00, 0x00, 0x00, 0x00, 0x00, 0x00, 0x00,
  0x00, 0x00, 0xa0, 0xaa, 0x00, 0x00, 0x00, 0xf8, 0x00, 0x00, 0x00, 0xf8, 0x04, 0x9b, 0xc2, 0x92,
  0xa2, 0x92, 0x21, 0x7a, 0x00, 0x72, 0xa3, 0x8a, 0x03, 0x9b, 0x00, 0x84, 0x00, 0x00, 0x00, 0x00,
  0x00, 0x00, 0x00, 0xf8, 0x00, 0xf8, 0x00, 0x00, 0x00, 0x00, 0x00, 0x00, 0x00, 0xf8, 0x00, 0x00,
  0x00, 0x00, 0x00, 0x00, 0xa0, 0xaa, 0x00, 0x84, 0xa0, 0xaa, 0xe2, 0x92, 0xe2, 0xa2, 0xe2, 0xa2,
  0x03, 0x93, 0x81, 0x82, 0x61, 0x7a, 0xe2, 0x8a, 0xe2, 0xa2, 0x03, 0x93, 0x03, 0x93, 0x24, 0x9b,
  0xa2, 0xa3, 0x23, 0x9b, 0x22, 0x9b, 0x42, 0x93, 0x20, 0x9b, 0x03, 0x9b, 0xa0, 0xaa, 0x23, 0x9b,
  0x23, 0x9b, 0x62, 0xa3, 0x63, 0xab, 0x63, 0xab, 0x42, 0xa3, 0xe2, 0x92, 0x01, 0x93, 0xa0, 0x8a,
  0xa1, 0x92, 0xc1, 0x8a, 0x81, 0x82, 0xc2, 0x8a, 0x61, 0x82, 0xa1, 0x61, 0x20, 0x72, 0xe1, 0x9a,
  0xa1, 0x92, 0xc2, 0x92, 0x81, 0x82, 0x81, 0x8a, 0xa1, 0x8a, 0xe0, 0x71, 0x00, 0x7a, 0x60, 0x61,
  0xa1, 0x92, 0xa7, 0xed, 0x60, 0x92, 0x00, 0x51, 0x61, 0x8a, 0xc2, 0x92, 0xe1, 0x9a, 0xe1, 0x9a,
  0x02, 0x9b, 0x22, 0x9b, 0xc2, 0x92, 0x01, 0x9b, 0x02, 0x9b, 0xe3, 0x92, 0xe3, 0x92, 0x41, 0x72,
  0x61, 0x82, 0xc1, 0x61, 0x81, 0x82, 0x63, 0xab, 0x22, 0x9b, 0xe3, 0x8a, 0x03, 0x93, 0x43, 0xa3,
  0x00, 0xf8, 0x64, 0x93, 0xa2, 0xa3, 0x04, 0x9b, 0x23, 0x9b, 0x43, 0xa3, 0xa5, 0xaa, 0x00, 0x00,
  0x26, 0x9b, 0xa0, 0xaa, 0x00, 0x00, 0x00, 0x00, 0x00, 0xf8, 0x03, 0x93, 0xe2, 0x92, 0x43, 0x9b,
  0x21, 0x7a, 0x42, 0x9b, 0x06, 0xf6, 0x03, 0xb4, 0xe2, 0x8a, 0x00, 0x00, 0x00, 0x00, 0x00, 0x00,
  0x00, 0x00, 0x00, 0x00, 0x00, 0x00, 0x00, 0xf8, 0x00, 0x00, 0x00, 0x00, 0x00, 0x00, 0x00, 0x00,
  0x00, 0x00, 0x00, 0x00, 0x00, 0x00, 0x00, 0x00, 0x00, 0xf8, 0x00, 0x00, 0x00, 0x00, 0x00, 0x00,
  0x00, 0x00, 0x00, 0x00, 0x00, 0x00, 0x00, 0x00, 0x00, 0x00, 0x00, 0x84, 0x00, 0x00, 0x00, 0x00,
  0x00, 0x00, 0x00, 0x00, 0x00, 0x00, 0x00, 0x00, 0x00, 0x00, 0x00, 0x00, 0x00, 0x00, 0x00, 0x00,
  0x00, 0x00, 0x00, 0x00, 0x00, 0x00, 0x00, 0x00, 0x00, 0x00, 0x00, 0x00, 0x00, 0x00, 0x00, 0x00,
  0x00, 0x00, 0x00, 0x00, 0x00, 0x00, 0x00, 0x00, 0x00, 0x00, 0x00, 0x00, 0x00, 0x00, 0x00, 0x00,
  0x00, 0x00, 0x00, 0x00, 0x00, 0x00, 0x00, 0x00, 0x00, 0x00, 0x00, 0x00, 0x00, 0x00, 0x00, 0x00,
  0x00, 0x00, 0x00, 0x00, 0x00, 0x00, 0x00, 0x00, 0x00, 0x00, 0x00, 0x00, 0x00, 0x00, 0x00, 0x00,
  0x00, 0x00, 0x00, 0x00, 0x00, 0x00, 0x00, 0x00, 0x00, 0x00, 0x00, 0x00, 0x00, 0x00, 0x00, 0x00,
  0x00, 0x00, 0x00, 0x00, 0x00, 0x00, 0x00, 0x00, 0x00, 0x00, 0x00, 0x00, 0x00, 0x00, 0x00, 0x00,
  0x00, 0x00, 0x00, 0x00, 0x00, 0x00, 0x00, 0x00, 0x26, 0x9b, 0xc2, 0x82, 0x21, 0x7a, 0x20, 0x82,
  0x20, 0x92, 0x22, 0xcc, 0xc1, 0xc3, 0x20, 0x82, 0xe1, 0x92, 0xe3, 0x92, 0x00, 0x00, 0x00, 0x00,
  0x00, 0x00, 0x00, 0x00, 0x00, 0x00, 0x00, 0xf8, 0xa0, 0xaa, 0x00, 0x00, 0x00, 0x84, 0xa5, 0xaa,
  0x00, 0x00, 0x26, 0x9b, 0x03, 0x9b, 0x04, 0x9b, 0x23, 0x9b, 0x04, 0x9b, 0x22, 0x9b, 0x22, 0x9b,
  0xa0, 0xaa, 0x01, 0x8b, 0xa1, 0x82, 0xa1, 0x82, 0x02, 0x9b, 0xe2, 0x92, 0x23, 0x9b, 0x42, 0x9b,
  0x02, 0x93, 0xc2, 0x8a, 0x02, 0x93, 0x42, 0xa3, 0x43, 0xa3, 0x02, 0x9b, 0x02, 0x9b, 0xa2, 0xa3,
  0x41, 0xa3, 0x83, 0xa3, 0x82, 0xab, 0x42, 0xab, 0x22, 0xa3, 0x22, 0xa3, 0xc1, 0x9a, 0x81, 0x8a,
  0xa1, 0x8a, 0x81, 0x82, 0x61, 0x82, 0x81, 0x8a, 0x00, 0x7a, 0x21, 0x7a, 0x21, 0xab, 0xe0, 0xcb,
  0x80, 0x92, 0x60, 0x82, 0x40, 0x7a, 0x60, 0x82, 0x40, 0x82, 0x21, 0x7a, 0xe1, 0x69, 0x80, 0x61,
  0x60, 0x61, 0xa0, 0x61, 0x60, 0x61, 0x60, 0x61, 0xc0, 0x92, 0xc1, 0x92, 0x81, 0x92, 0x80, 0x8a,
  0xc1, 0x92, 0x42, 0xa3, 0xc1, 0x92, 0xe1, 0x9a, 0xa1, 0x8a, 0x62, 0x82, 0x21, 0x7a, 0xc0, 0x92,
  0x41, 0xab, 0x60, 0x7a, 0xe1, 0x92, 0xa1, 0x8a, 0x22, 0x9b, 0xc3, 0x8a, 0xc2, 0x8a, 0x02, 0x93,
  0x22, 0x9b, 0x03, 0x9b, 0xa2, 0xa3, 0x00, 0xbc, 0x23, 0x9b, 0x24, 0x9b, 0xe2, 0xa2, 0x00, 0x84,
  0x00, 0x00, 0x00, 0xf8, 0x00, 0x84, 0x26, 0x9b, 0x23, 0x9b, 0x23, 0x9b, 0x04, 0x9b, 0x22, 0x9b,
  0x61, 0x82, 0xc2, 0xab, 0xc2, 0xbb, 0xc2, 0x92, 0xa5, 0xaa, 0x00, 0x00, 0x00, 0x00, 0x00, 0x00,
  0x00, 0x00, 0x00, 0x00, 0x00, 0x00, 0x00, 0x00, 0x00, 0xf8, 0x00, 0x00, 0x00, 0x00, 0x00, 0x00,
  0x00, 0x00, 0x00, 0x00, 0x00, 0x00, 0x00, 0x00, 0x00, 0x00, 0x00, 0x00, 0x00, 0x00, 0x00, 0x00,
  0x00, 0x00, 0x00, 0x00, 0x00, 0x00, 0x00, 0x00, 0x00, 0xf8, 0x00, 0x00, 0x00, 0xf8, 0x00, 0x00,
  0x00, 0x00, 0x00, 0x00, 0x00, 0x00, 0x00, 0x00, 0x00, 0x00, 0x00, 0x00, 0x00, 0x00, 0x00, 0x00,
  0x00, 0x00, 0x00, 0x00, 0x00, 0x00, 0x00, 0x00, 0x00, 0x00, 0x00, 0x00, 0x00, 0x00, 0x00, 0x00,
  0x00, 0x00, 0x00, 0x00, 0x00, 0x00, 0x00, 0x00, 0x00, 0x00, 0x00, 0x00, 0x00, 0x00, 0x00, 0x00,
  0x00, 0x00, 0x00, 0x00, 0x00, 0x00, 0x00, 0x00, 0x00, 0x00, 0x00, 0x00, 0x00, 0x00, 0x00, 0x00,
  0x00, 0x00, 0x00, 0x00, 0x00, 0x00, 0x00, 0x00, 0x00, 0x00, 0x00, 0x00, 0x00, 0x00, 0x00, 0x00,
  0x00, 0x00, 0x00, 0x00, 0x00, 0x00, 0x00, 0x00, 0x00, 0x00, 0x00, 0x00, 0x00, 0x00, 0x00, 0x00,
  0x00, 0x00, 0x00, 0x00, 0x00, 0x00, 0x00, 0x00, 0x00, 0x00, 0x00, 0x00, 0x00, 0x00, 0x00, 0x00,
  0x00, 0x00, 0x00, 0x00, 0x00, 0x00, 0x00, 0x00, 0x64, 0x93, 0x61, 0x7a, 0xa1, 0x92, 0x27, 0xd5,
  0xe5, 0xfd, 0xaf, 0xff, 0xb8, 0xff, 0xea, 0xcc, 0x02, 0x9b, 0x23, 0x93, 0xa0, 0xaa, 0x00, 0x00,
  0x00, 0x00, 0x00, 0x84, 0x00, 0x00, 0x00, 0x00, 0x00, 0x84, 0xa5, 0xaa, 0x24, 0x9b, 0x20, 0x9b,
  0x00, 0x00, 0x00, 0x00, 0x00, 0x00, 0x26, 0x9b, 0xc2, 0x8a, 0x03, 0x93, 0x23, 0x9b, 0x63, 0xa3,
  0x43, 0x93, 0x43, 0x9b, 0x43, 0xa3, 0xc1, 0x92, 0xc2, 0x92, 0x02, 0x9b, 0x43, 0xa3, 0x02, 0x9b,
  0xa2, 0x82, 0x81, 0x7a, 0x02, 0x93, 0x43, 0xa3, 0x63, 0xa3, 0x42, 0x9b, 0xe2, 0xa2, 0xc2, 0xa2,
  0x22, 0xa3, 0x42, 0xa3, 0x42, 0xa3, 0xe1, 0x9a, 0xe2, 0x92, 0x02, 0xa3, 0xe1, 0xa2, 0x60, 0x92,
  0xa0, 0xa2, 0xe0, 0xa2, 0x41, 0xb3, 0x61, 0xb3, 0x01, 0xab, 0xc0, 0x9a, 0x60, 0xbb, 0x40, 0xbb,
  0x80, 0x9a, 0xe1, 0xa2, 0xc1, 0x9a, 0xa0, 0x9a, 0xa0, 0x92, 0x20, 0x72, 0x81, 0x82, 0xa0, 0x92,
  0xc0, 0x69, 0x20, 0xab, 0xc2, 0xe4, 0xc0, 0xc3, 0xe1, 0xa2, 0x21, 0xa3, 0xc1, 0xa2, 0xc1, 0x9a,
  0xe2, 0x9a, 0x42, 0xab, 0x42, 0xab, 0xe2, 0x9a, 0x61, 0x82, 0x21, 0x7a, 0x20, 0xab, 0x60, 0xe4,
  0xc0, 0xc3, 0x60, 0x82, 0x80, 0x92, 0x81, 0x8a, 0xa3, 0x82, 0xe3, 0x8a, 0xc2, 0x92, 0x02, 0x9b,
  0x22, 0x9b, 0x23, 0x9b, 0x62, 0xa3, 0x04, 0x9b, 0x84, 0x9b, 0x23, 0x9b, 0x26, 0x9b, 0x00, 0x84,
  0x00, 0x00, 0x64, 0x93, 0x26, 0x9b, 0xa5, 0xaa, 0x23, 0x93, 0x84, 0xa3, 0x05, 0x93, 0xe3, 0x92,
  0x02, 0xbc, 0x43, 0xe5, 0x45, 0xc4, 0x45, 0x93, 0x03, 0x93, 0x00, 0x00, 0x00, 0x00, 0x00, 0x00,
  0x00, 0x00, 0x00, 0xf8, 0x00, 0x00, 0x00, 0x00, 0x00, 0x00, 0x00, 0x00, 0x00, 0x00, 0x00, 0x00,
  0x00, 0x00, 0x00, 0x00, 0x00, 0x00, 0x00, 0x00, 0x00, 0x00, 0x00, 0x00, 0x00, 0x00, 0x00, 0x00,
  0x00, 0x00, 0x00, 0x00, 0x00, 0x00, 0x00, 0x00, 0x00, 0x00, 0x00, 0x00, 0x00, 0x00, 0x00, 0x00,
  0x00, 0x00, 0x00, 0x00, 0x00, 0x00, 0x00, 0x00, 0x00, 0x00, 0x00, 0x00, 0x00, 0x00, 0x00, 0x00,
  0x00, 0x00, 0x00, 0x00, 0x00, 0x00, 0x00, 0x00, 0x00, 0x00, 0x00, 0x00, 0x00, 0x00, 0x00, 0x00,
  0x00, 0x00, 0x00, 0x00, 0x00, 0x00, 0x00, 0x00, 0x00, 0x00, 0x00, 0x00, 0x00, 0x00, 0x00, 0x00,
  0x00, 0x00, 0x00, 0x00, 0x00, 0x00, 0x00, 0x00, 0x00, 0x00, 0x00, 0x00, 0x00, 0x00, 0x00, 0x00,
  0x00, 0x00, 0x00, 0x00, 0x00, 0x00, 0x00, 0x00, 0x00, 0x00, 0x00, 0x00, 0x00, 0x00, 0x00, 0x00,
  0x00, 0x00, 0x00, 0x00, 0x00, 0x00, 0x00, 0x00, 0x00, 0x00, 0x00, 0x00, 0x00, 0x00, 0x00, 0x00,
  0x00, 0x00, 0x00, 0x00, 0x00, 0x00, 0x00, 0x00, 0x00, 0x00, 0x00, 0x00, 0x00, 0x00, 0x00, 0x00,
  0x00, 0x00, 0x00, 0x00, 0x00, 0xf8, 0x00, 0x00, 0xa3, 0x8a, 0xe1, 0x69, 0x41, 0xd4, 0x93, 0xff,
  0xfb, 0xff, 0x0d, 0xff, 0xfd, 0xff, 0xb9, 0xf7, 0x00, 0xa3, 0xe3, 0x8a, 0x04, 0x9b, 0x00, 0xf8,
  0x00, 0x00, 0x00, 0x00, 0x00, 0x84, 0x00, 0x00, 0x00, 0x84, 0x02, 0x93, 0x02, 0x93, 0xe2, 0x9a,
  0xc2, 0x92, 0x24, 0x9b, 0x00, 0x84, 0x00, 0x00, 0xc3, 0x8a, 0x23, 0x8b, 0x43, 0x9b, 0x83, 0xa3,
  0x23, 0x9b, 0x43, 0x9b, 0x23, 0x9b, 0x83, 0xab, 0xa2, 0x8a, 0x22, 0x9b, 0x23, 0xa3, 0xe2, 0x8a,
  0xe2, 0x8a, 0x02, 0x93, 0x02, 0x93, 0x23, 0x93, 0x23, 0x9b, 0xc2, 0x92, 0x01, 0xa3, 0x22, 0xa3,
  0x42, 0xa3, 0xa2, 0x92, 0x41, 0x82, 0xa1, 0x92, 0xa1, 0x92, 0x41, 0xb3, 0xe1, 0xcb, 0x80, 0xbb,
  0x60, 0xb3, 0xe0, 0xcb, 0x21, 0xd4, 0x60, 0xb3, 0x40, 0xb3, 0x20, 0x8a, 0xc0, 0xa2, 0x40, 0x8a,
  0xa0, 0x71, 0x00, 0x82, 0x40, 0x8a, 0x80, 0x92, 0xa0, 0x9a, 0x21, 0x82, 0xe0, 0x89, 0xe0, 0xba,
  0xe1, 0xd3, 0xe3, 0xfd, 0x83, 0xfd, 0xa2, 0xcb, 0x02, 0xb3, 0xe1, 0xcb, 0x41, 0xbb, 0x22, 0xcc,
  0x41, 0xab, 0x61, 0x8a, 0xa1, 0x92, 0x82, 0x92, 0x41, 0x82, 0xe1, 0x69, 0xe1, 0xd3, 0x80, 0xcb,
  0x40, 0x82, 0xe0, 0x61, 0x40, 0x7a, 0xa1, 0x8a, 0xc1, 0x92, 0x43, 0x93, 0x22, 0xa3, 0x02, 0x9b,
  0x22, 0x9b, 0x62, 0xa3, 0x63, 0x9b, 0x26, 0x9b, 0x64, 0xa3, 0xe2, 0xa2, 0x03, 0x9b, 0x83, 0xab,
  0x00, 0x84, 0x04, 0x9b, 0x24, 0x9b, 0x64, 0xa3, 0x03, 0x9b, 0x04, 0x93, 0x02, 0x6a, 0x07, 0xb4,
  0xc5, 0xf5, 0xc2, 0xfd, 0xe8, 0xed, 0xa7, 0xc4, 0x43, 0xa3, 0x00, 0x00, 0x00, 0x00, 0x00, 0x84,
  0x00, 0x00, 0xa0, 0xaa, 0x00, 0x00, 0x00, 0x00, 0x00, 0x00, 0x00, 0x00, 0x00, 0x00, 0x00, 0x00,
  0x00, 0x00, 0x00, 0x00, 0x00, 0x00, 0x00, 0x00, 0x00, 0x00, 0x00, 0x00, 0x00, 0x00, 0x00, 0x00,
  0x00, 0x00, 0x00, 0x00, 0x00, 0x00, 0x00, 0x00, 0x00, 0x00, 0x00, 0x00, 0x00, 0x00, 0x00, 0x00,
  0x00, 0x00, 0x00, 0x00, 0x00, 0x00, 0x00, 0x00, 0x00, 0x00, 0x00, 0x00, 0x00, 0x00, 0x00, 0x00,
  0x00, 0x00, 0x00, 0x00, 0x00, 0x00, 0x00, 0x00, 0x00, 0x00, 0x00, 0x00, 0x00, 0x00, 0x00, 0x00,
  0x00, 0x00, 0x00, 0x00, 0x00, 0x00, 0x00, 0x00, 0x00, 0x00, 0x00, 0x00, 0x00, 0x00, 0x00, 0x00,
  0x00, 0x00, 0x00, 0x00, 0x00, 0x00, 0x00, 0x00, 0x00, 0x00, 0x00, 0x00, 0x00, 0x00, 0x00, 0x00,
  0x00, 0x00, 0x00, 0x00, 0x00, 0x00, 0x00, 0x00, 0x00, 0x00, 0x00, 0x00, 0x00, 0x00, 0x00, 0x00,
  0x00, 0x00, 0x00, 0x00, 0x00, 0x00, 0x00, 0x00, 0x00, 0x00, 0x00, 0x00, 0x00, 0x00, 0x00, 0x00,
  0x00, 0x00, 0x00, 0x00, 0x00, 0x00, 0x00, 0x00, 0x00, 0x00, 0x00, 0x00, 0x00, 0x00, 0x00, 0x00,
  0x00, 0x00, 0x00, 0x84, 0xa0, 0xaa, 0x00, 0x00, 0xa3, 0x8a, 0x00, 0x6a, 0xa1, 0xe4, 0xb3, 0xff,
  0xfb, 0xf7, 0x62, 0xed, 0xfb, 0xff, 0xd7, 0xff, 0x41, 0xcc, 0xc3, 0x82, 0x22, 0x9b, 0x00, 0x00,
  0x00, 0x00, 0xa0, 0xaa, 0x26, 0x9b, 0x00, 0x00, 0x83, 0x8b, 0xa2, 0x82, 0x23, 0x9b, 0x23, 0x93,
  0xe3, 0x92, 0xe3, 0x92, 0x23, 0x9b, 0x00, 0xf8, 0x83, 0xab, 0xa2, 0x7a, 0x23, 0x93, 0x63, 0xa3,
  0x63, 0xa3, 0x02, 0x93, 0xc2, 0x92, 0x63, 0xab, 0x02, 0x9b, 0xe2, 0x8a, 0x02, 0x93, 0xe2, 0x8a,
  0x02, 0x9b, 0x42, 0x9b, 0xa1, 0x8a, 0xe2, 0x92, 0x42, 0x9b, 0xc1, 0x92, 0xe1, 0x92, 0x42, 0xa3,
  0xa3, 0xbb, 0x22, 0xa3, 0x81, 0x8a, 0x21, 0xab, 0x80, 0xbb, 0xc0, 0xd3, 0x40, 0xbb, 0x60, 0xc3,
  0xc1, 0xcb, 0xe0, 0xcb, 0x20, 0xb3, 0x60, 0x9a, 0x00, 0xab, 0x00, 0xb3, 0x60, 0xc3, 0x00, 0xd4,
  0x80, 0xe4, 0x00, 0xd4, 0x00, 0xd4, 0xc0, 0xcb, 0xe0, 0xcb, 0x20, 0xb3, 0x40, 0xc3, 0xa0, 0xe4,
  0x44, 0xff, 0xc7, 0xfe, 0x04, 0xfe, 0xa2, 0xf5, 0xe0, 0xc3, 0x00, 0xcc, 0x41, 0xb3, 0x61, 0x9a,
  0xe0, 0x81, 0xe0, 0x89, 0xc1, 0xa2, 0x41, 0xab, 0x22, 0xcc, 0x20, 0xb3, 0xc1, 0xd3, 0x81, 0x92,
  0xe0, 0x79, 0x40, 0x8a, 0x00, 0xab, 0xc1, 0xe4, 0x02, 0xe5, 0xc3, 0xb3, 0x01, 0x9b, 0xa2, 0x82,
  0xe2, 0x92, 0x42, 0x9b, 0x43, 0xa3, 0xa2, 0xa3, 0x42, 0x9b, 0x24, 0x9b, 0x64, 0xa3, 0x04, 0x9b,
  0x42, 0x93, 0x23, 0x9b, 0x23, 0x9b, 0x03, 0x93, 0x23, 0x93, 0x82, 0x8a, 0x82, 0x8a, 0x64, 0xcc,
  0x22, 0xe5, 0xa5, 0xed, 0x2d, 0xff, 0x08, 0xcd, 0x62, 0x8a, 0x00, 0x84, 0x00, 0x00, 0x00, 0x00,
  0x00, 0x00, 0x00, 0x84, 0x00, 0x00, 0x00, 0x00, 0x00, 0x00, 0x00, 0x00, 0x00, 0x00, 0x00, 0x00,
  0x00, 0x00, 0x00, 0x84, 0x00, 0x00, 0x00, 0x00, 0x00, 0x00, 0x00, 0x00, 0x00, 0x00, 0x00, 0x00,
  0x00, 0x00, 0x00, 0xf8, 0x00, 0x00, 0x00, 0x00, 0x00, 0x00, 0x00, 0x00, 0x00, 0x00, 0x00, 0x00,
  0x00, 0x00, 0x00, 0x00, 0x00, 0x00, 0x00, 0x00, 0x00, 0x00, 0x00, 0x00, 0x00, 0x00, 0x00, 0x00,
  0x00, 0x00, 0x00, 0x00, 0x00, 0x00, 0x00, 0x00, 0x00, 0x00, 0x00, 0x00, 0x00, 0x00, 0x00, 0x00,
  0x00, 0x00, 0x00, 0x00, 0x00, 0x00, 0x00, 0x00, 0x00, 0x00, 0x00, 0x00, 0x00, 0x00, 0x00, 0x00,
  0x00, 0x00, 0x00, 0x00, 0x00, 0x00, 0x00, 0x00, 0x00, 0x00, 0x00, 0x00, 0x00, 0x00, 0x00, 0x00,
  0x00, 0x00, 0x00, 0x00, 0x00, 0x00, 0x00, 0x00, 0x00, 0x00, 0x00, 0x00, 0x00, 0x00, 0x00, 0x00,
  0x00, 0x00, 0x00, 0x00, 0x00, 0x00, 0x00, 0x00, 0x00, 0x00, 0x00, 0x00, 0x00, 0x00, 0x00, 0x00,
  0x00, 0x00, 0x00, 0x00, 0x00, 0x00, 0x00, 0x00, 0x00, 0x00, 0x00, 0x00, 0x00, 0x00, 0x00, 0x00,
  0x00, 0x00, 0x00, 0x84, 0x42, 0x93, 0xa0, 0xaa, 0x64, 0x93, 0x21, 0x8b, 0xc0, 0xdc, 0xc7, 0xf6,
  0x91, 0xff, 0x21, 0xe4, 0xb8, 0xff, 0xcf, 0xee, 0x21, 0xc4, 0xa2, 0x82, 0xe2, 0x92, 0x00, 0x00,
  0x00, 0x00, 0x00, 0x00, 0x00, 0x84, 0x00, 0x84, 0x43, 0xa3, 0xc2, 0x8a, 0x02, 0x93, 0x02, 0x93,
  0xc2, 0x8a, 0x03, 0x9b, 0x04, 0x9b, 0x04, 0x9b, 0x00, 0xbc, 0x43, 0x6a, 0x02, 0x93, 0xa3, 0xb3,
  0x83, 0xab, 0x22, 0x9b, 0xa2, 0x8a, 0x03, 0x9b, 0xc2, 0x8a, 0x82, 0x82, 0xc1, 0x8a, 0xc1, 0x8a,
  0x41, 0x9b, 0x21, 0x9b, 0x80, 0x82, 0xe1, 0x92, 0xa2, 0xb3, 0x01, 0xa3, 0x21, 0xa3, 0xe1, 0x9a,
  0x00, 0xa3, 0x40, 0xab, 0x20, 0xab, 0x21, 0xab, 0xe0, 0xa2, 0xa1, 0xc3, 0xe1, 0xa2, 0x20, 0x8a,
  0xa0, 0x9a, 0xa0, 0xbb, 0x01, 0xcc, 0xc2, 0xe4, 0x81, 0xf5, 0x62, 0xfe, 0xc2, 0xfe, 0x83, 0xfe,
  0xa3, 0xfe, 0x05, 0xff, 0x25, 0xff, 0xc3, 0xfe, 0x63, 0xfe, 0x62, 0xdc, 0x81, 0xed, 0x25, 0xff,
  0xb0, 0xff, 0xf6, 0xff, 0xf6, 0xff, 0xd0, 0xff, 0x66, 0xf6, 0x41, 0xed, 0x02, 0xf5, 0x41, 0xe4,
  0x61, 0xe4, 0x60, 0xe4, 0x20, 0xd4, 0xe0, 0xcb, 0xa1, 0xe4, 0x81, 0xe4, 0x62, 0xd4, 0xa1, 0x92,
  0x60, 0x9a, 0x61, 0xbb, 0x81, 0xbb, 0xa0, 0xbb, 0xa2, 0xbb, 0x43, 0xcc, 0xe1, 0x92, 0x61, 0x82,
  0xe2, 0x92, 0x02, 0x93, 0x22, 0x9b, 0x02, 0x9b, 0x02, 0x93, 0x23, 0x9b, 0x44, 0xa3, 0x43, 0xa3,
  0x23, 0x9b, 0x23, 0x9b, 0x23, 0x9b, 0xe3, 0x8a, 0xc3, 0x8a, 0x02, 0x9b, 0x63, 0xab, 0x80, 0xb3,
  0xe2, 0xdc, 0x89, 0xed, 0xcd, 0xf6, 0x86, 0xbc, 0xc1, 0x82, 0x04, 0x9b, 0x08, 0x84, 0x00, 0x00,
  0x00, 0x00, 0x00, 0x00, 0x00, 0x00, 0x00, 0x00, 0xa0, 0xaa, 0x00, 0x00, 0x00, 0xf8, 0x00, 0x00,
  0x00, 0x00, 0x00, 0x00, 0x00, 0x00, 0x00, 0x00, 0x00, 0x00, 0x26, 0x9b, 0x00, 0x00, 0x00, 0x00,
  0x00, 0x00, 0x00, 0x00, 0x00, 0x00, 0x00, 0x00, 0x00, 0x00, 0x00, 0x84, 0x00, 0x00, 0x00, 0x00,
  0x00, 0x00, 0x00, 0x00, 0x00, 0x00, 0x00, 0x00, 0x00, 0x00, 0x00, 0x00, 0x00, 0x00, 0x00, 0x00,
  0x00, 0x00, 0x00, 0x00, 0x00, 0x00, 0x00, 0x00, 0x00, 0x00, 0x00, 0x00, 0x00, 0x00, 0x00, 0x00,
  0x00, 0x00, 0x00, 0x00, 0x00, 0x00, 0x00, 0x00, 0x00, 0x00, 0x00, 0x00, 0x00, 0x00, 0x00, 0x00,
  0x00, 0x00, 0x00, 0x00, 0x00, 0x00, 0x00, 0x00, 0x00, 0x00, 0x00, 0x00, 0x00, 0x00, 0x00, 0x00,
  0x00, 0x00, 0x00, 0x00, 0x00, 0x00, 0x00, 0x00, 0x00, 0x00, 0x00, 0x00, 0x00, 0x00, 0x00, 0x00,
  0x00, 0x00, 0x00, 0x00, 0x00, 0x00, 0x00, 0x00, 0x00, 0x00, 0x00, 0x00, 0x00, 0x00, 0x00, 0x00,
  0x00, 0x00, 0x00, 0x00, 0x00, 0x00, 0x00, 0xf8, 0x00, 0x00, 0x00, 0x00, 0x00, 0x00, 0x00, 0x00,
  0x00, 0x00, 0x00, 0x00, 0x00, 0x00, 0x00, 0x00, 0x00, 0x00, 0x82, 0x82, 0xc5, 0xcc, 0x42, 0xa3,
  0x42, 0xa3, 0x03, 0xc4, 0xad, 0xf6, 0xf0, 0xee, 0x85, 0xc4, 0x43, 0x9b, 0xc2, 0x8a, 0xa3, 0x8a,
  0x42, 0x93, 0x00, 0x00, 0xe3, 0x92, 0x22, 0x8b, 0x02, 0x93, 0x22, 0x9b, 0x43, 0x93, 0x03, 0x93,
  0xe2, 0x92, 0xe2, 0x92, 0x42, 0x93, 0xc2, 0x92, 0xa2, 0x92, 0x02, 0x83, 0x81, 0x7a, 0x22, 0xa3,
  0x01, 0x9b, 0xe1, 0x9a, 0x61, 0x8a, 0x01, 0x7a, 0xe0, 0x71, 0xc1, 0x9a, 0x21, 0xab, 0xe1, 0xcb,
  0x80, 0xbb, 0xa0, 0xcb, 0xa0, 0xcb, 0xe0, 0xaa, 0xc0, 0xb2, 0xe0, 0x71, 0x40, 0x8a, 0xe0, 0xc3,
  0x40, 0xbb, 0x60, 0xcb, 0x00, 0xe4, 0x80, 0xec, 0x40, 0xe4, 0x80, 0xed, 0x84, 0xf6, 0x03, 0xff,
  0xc9, 0xff, 0xb3, 0xff, 0xd4, 0xff, 0xd5, 0xff, 0xd3, 0xff, 0xb8, 0xf7, 0xd9, 0xf7, 0xd8, 0xff,
  0xf7, 0xff, 0xb4, 0xff, 0xb3, 0xff, 0xb3, 0xff, 0xb0, 0xff, 0xab, 0xff, 0xaa, 0xff, 0x49, 0xff,
  0x8d, 0xff, 0xad, 0xff, 0x8c, 0xff, 0xac, 0xff, 0x49, 0xff, 0x09, 0xf7, 0xa6, 0xf6, 0xe3, 0xfd,
  0x82, 0xed, 0x44, 0xf6, 0x22, 0xee, 0x01, 0xee, 0x20, 0xdd, 0xc3, 0xfd, 0x21, 0xf5, 0xe0, 0xfd,
  0x03, 0xed, 0xc0, 0xe3, 0x01, 0xdc, 0x61, 0xc3, 0x20, 0x9a, 0xa2, 0x8a, 0xe2, 0x92, 0x61, 0x8a,
  0x61, 0x82, 0x41, 0x82, 0x61, 0x8a, 0x81, 0x92, 0xa1, 0x92, 0xc1, 0x92, 0x21, 0x9b, 0xe1, 0x9a,
  0xe2, 0x92, 0x02, 0x9b, 0x02, 0x9b, 0xa1, 0x8a, 0x62, 0xa3, 0xa2, 0x8a, 0x41, 0xab, 0x00, 0xd4,
  0xc2, 0xbb, 0xe1, 0x92, 0xe1, 0x9a, 0xc1, 0x8a, 0x22, 0xab, 0x64, 0x93, 0x00, 0x00, 0x00, 0x00,
  0x00, 0x84, 0x04, 0x9b, 0x00, 0x84, 0x04, 0x9b, 0x04, 0x9b, 0x00, 0x00, 0x00, 0x00, 0x00, 0x00,
  0x00, 0x00, 0x00, 0x00, 0xa5, 0x82, 0x64, 0x93, 0x00, 0xf8, 0x04, 0x9b, 0x00, 0x84, 0x00, 0x00,
  0x00, 0x00, 0x00, 0x00, 0x00, 0x00, 0x00, 0x00, 0x00, 0x00, 0x00, 0xf8, 0x00, 0x00, 0x00, 0x00,
  0x00, 0x00, 0x00, 0x00, 0x00, 0x00, 0x00, 0x00, 0x00, 0x00, 0x00, 0x00, 0x00, 0x00, 0x00, 0x00,
  0x00, 0x00, 0x00, 0x00, 0x00, 0x00, 0x00, 0x00, 0x00, 0x00, 0x00, 0x00, 0x00, 0x00, 0x00, 0x00,
  0x00, 0x00, 0x00, 0x00, 0x00, 0x00, 0x00, 0x00, 0x00, 0x00, 0x00, 0x00, 0x00, 0x00, 0x00, 0x00,
  0x00, 0x00, 0x00, 0x00, 0x00, 0x00, 0x00, 0x00, 0x00, 0x00, 0x00, 0x00, 0x00, 0x00, 0x00, 0x00,
  0x00, 0x00, 0x00, 0x00, 0x00, 0x00, 0x00, 0x00, 0x00, 0x00, 0x00, 0x00, 0x00, 0x00, 0x00, 0x00,
  0x00, 0x00, 0x00, 0x00, 0x00, 0x00, 0x00, 0x00, 0x00, 0x00, 0x00, 0x00, 0x00, 0x00, 0x00, 0x00,
  0x00, 0x00, 0x00, 0x00, 0x00, 0x00, 0x00, 0x00, 0x00, 0x00, 0x00, 0x00, 0x00, 0x00, 0x00, 0x00,
  0x00, 0x00, 0x00, 0x00, 0x00, 0x00, 0x00, 0x00, 0x00, 0x00, 0x62, 0x8a, 0xa5, 0xa3, 0xe3, 0xb3,
  0x20, 0x8a, 0x21, 0xa3, 0x46, 0xdd, 0xc6, 0xc4, 0xe2, 0x8a, 0x22, 0x9b, 0x02, 0x8b, 0xa5, 0xaa,
  0x26, 0x9b, 0x03, 0x8b, 0xc2, 0x8a, 0xa2, 0x92, 0xc2, 0x92, 0x03, 0x93, 0x23, 0x9b, 0xe3, 0x92,
  0x02, 0x9b, 0xe2, 0x92, 0x02, 0x93, 0x02, 0x93, 0x01, 0x9b, 0x60, 0x7a, 0xe1, 0x92, 0x61, 0xb3,
  0xc0, 0x92, 0xe0, 0x9a, 0xc1, 0x9a, 0x41, 0x82, 0xc0, 0x92, 0x21, 0xdc, 0x21, 0xdc, 0x81, 0xe4,
  0x20, 0xbb, 0xa0, 0xaa, 0x81, 0xa2, 0xe1, 0xa2, 0x40, 0xbb, 0xe0, 0xc3, 0x20, 0xcc, 0xa1, 0xf5,
  0x01, 0xfe, 0xc0, 0xfd, 0x60, 0xfe, 0x67, 0xff, 0xb1, 0xff, 0xfa, 0xff, 0xf7, 0xff, 0xd5, 0xff,
  0xf8, 0xff, 0xf9, 0xff, 0xfa, 0xff, 0xf8, 0xff, 0xf6, 0xff, 0xf7, 0xff, 0xd7, 0xff, 0xd5, 0xff,
  0xf4, 0xff, 0xf7, 0xff, 0xf9, 0xff, 0xfb, 0xff, 0xfb, 0xff, 0xf9, 0xff, 0xfa, 0xff, 0xfa, 0xff,
  0xfa, 0xff, 0xf5, 0xff, 0xd6, 0xff, 0xda, 0xff, 0xf6, 0xff, 0xd0, 0xff, 0xf4, 0xff, 0xf4, 0xff,
  0xf3, 0xff, 0xf6, 0xff, 0xd1, 0xff, 0x8e, 0xff, 0xab, 0xf6, 0xc9, 0xfe, 0x88, 0xfe, 0x02, 0xfe,
  0x62, 0xfe, 0x43, 0xfe, 0x20, 0xf5, 0x00, 0xab, 0xa0, 0x81, 0x40, 0x92, 0xa0, 0x9a, 0x21, 0xab,
  0xe0, 0x9a, 0xa1, 0x8a, 0xa2, 0x8a, 0x81, 0x8a, 0x60, 0x8a, 0x80, 0x8a, 0xa1, 0x8a, 0xe2, 0x92,
  0xe2, 0xa2, 0x01, 0x9b, 0x61, 0x82, 0x61, 0x82, 0xa6, 0xd4, 0xe0, 0x71, 0x00, 0xa3, 0xe1, 0xcb,
  0xa3, 0xab, 0xe2, 0x92, 0x22, 0xa3, 0xe2, 0x92, 0x43, 0x9b, 0x26, 0x9b, 0xa0, 0xaa, 0x00, 0xbc,
  0x04, 0x9b, 0xe2, 0xa2, 0xa2, 0xa3, 0xa0, 0xaa, 0x64, 0xa3, 0x00, 0x00, 0x00, 0x00, 0x00, 0x00,
  0x00, 0xf8, 0x00, 0xf8, 0x24, 0x9b, 0x24, 0x8b, 0x23, 0x9b, 0x00, 0xf8, 0x00, 0x00, 0x00, 0x00,
  0x00, 0xf8, 0x00, 0x00, 0x00, 0x00, 0x00, 0x00, 0x00, 0x00, 0x00, 0x00, 0x00, 0x00, 0x00, 0x00,
  0x00, 0x00, 0x00, 0x00, 0x00, 0x00, 0x00, 0x00, 0x00, 0x00, 0x00, 0x00, 0x00, 0x00, 0x00, 0x00,
  0x00, 0x00, 0x00, 0x00, 0x00, 0x00, 0x00, 0x00, 0x00, 0x00, 0x00, 0x00, 0x00, 0x00, 0x00, 0x00,
  0x00, 0x00, 0x00, 0x00, 0x00, 0x00, 0x00, 0x00, 0x00, 0x00, 0x00, 0x00, 0x00, 0x00, 0x00, 0x00,
  0x00, 0x00, 0x00, 0x00, 0x00, 0x00, 0x00, 0x00, 0x00, 0x00, 0x00, 0x00, 0x00, 0x00, 0x00, 0x00,
  0x00, 0x00, 0x00, 0x00, 0x00, 0x00, 0x00, 0x00, 0x00, 0x00, 0x00, 0x00, 0x00, 0x00, 0x00, 0x00,
  0x00, 0x00, 0x00, 0x00, 0x00, 0x00, 0x00, 0x00, 0x00, 0x00, 0x00, 0x00, 0x00, 0x00, 0x00, 0x00,
  0x00, 0x00, 0x00, 0x00, 0x00, 0x00, 0x00, 0x00, 0x00, 0x00, 0x00, 0x00, 0x00, 0x00, 0x00, 0x00,
  0x00, 0x00, 0x00, 0x00, 0x00, 0x00, 0x00, 0x00, 0x00, 0x00, 0x00, 0x00, 0x82, 0x7a, 0xa5, 0x9b,
  0x62, 0x72, 0xe2, 0x92, 0xa5, 0xcc, 0xc1, 0x82, 0xe0, 0x69, 0xa2, 0x82, 0xc3, 0x92, 0x03, 0x93,
  0xe2, 0x8a, 0x02, 0x8b, 0xc3, 0x92, 0x03, 0x93, 0x62, 0x9b, 0xe2, 0x92, 0xe2, 0x92, 0xc2, 0x8a,
  0xc2, 0x8a, 0x02, 0x9b, 0xc2, 0x8a, 0x23, 0x93, 0x04, 0x9b, 0x60, 0x82, 0xc0, 0x92, 0x80, 0x82,
  0x40, 0x72, 0x40, 0xab, 0xc1, 0xbb, 0xa1, 0xbb, 0x21, 0xab, 0x02, 0xab, 0xc2, 0xc3, 0x22, 0xd4,
  0x62, 0xb3, 0xc0, 0xaa, 0xc0, 0xa2, 0x80, 0xdc, 0x00, 0xed, 0x80, 0xf5, 0x23, 0xff, 0x45, 0xff,
  0x8b, 0xff, 0xd5, 0xff, 0xd8, 0xff, 0xf8, 0xff, 0xf6, 0xff, 0xf9, 0xff, 0xd7, 0xff, 0xd1, 0xff,
  0xa8, 0xff, 0x44, 0xff, 0x43, 0xff, 0x24, 0xff, 0xe2, 0xfe, 0xe4, 0xfe, 0xa3, 0xfe, 0xc1, 0xed,
  0xe1, 0xed, 0xc1, 0xf5, 0x44, 0xf6, 0x47, 0xff, 0x8a, 0xff, 0x6a, 0xff, 0x6b, 0xff, 0x6c, 0xff,
  0xf1, 0xff, 0xd2, 0xff, 0xf6, 0xff, 0xfa, 0xff, 0xfa, 0xff, 0xf5, 0xff, 0xfb, 0xff, 0xfd, 0xff,
  0xf9, 0xff, 0xf8, 0xff, 0xd7, 0xff, 0xf9, 0xff, 0xf8, 0xff, 0xf3, 0xff, 0xf1, 0xff, 0xad, 0xff,
  0x48, 0xff, 0xaa, 0xff, 0x24, 0xff, 0xa0, 0xe4, 0x60, 0xa2, 0xe0, 0xaa, 0xa0, 0xa2, 0xc0, 0xa2,
  0x20, 0x7a, 0xa1, 0x82, 0x01, 0x9b, 0x21, 0xab, 0xe1, 0xaa, 0x81, 0x8a, 0xc1, 0x92, 0xe1, 0x92,
  0xc1, 0x92, 0xa1, 0x92, 0x00, 0x72, 0x61, 0x8a, 0x81, 0xb3, 0xe0, 0x69, 0xa1, 0x92, 0x41, 0xa3,
  0x02, 0x93, 0x23, 0x9b, 0x03, 0x9b, 0xe2, 0x92, 0x23, 0x9b, 0x42, 0xa3, 0x64, 0xa3, 0x23, 0x9b,
  0x23, 0x9b, 0x04, 0x9b, 0x23, 0x9b, 0x00, 0xbc, 0x26, 0x9b, 0xa0, 0xaa, 0xa0, 0xaa, 0x00, 0x00,
  0x64, 0x93, 0x03, 0x93, 0x04, 0x93, 0x03, 0x93, 0x04, 0x93, 0x00, 0x84, 0x00, 0x00, 0x00, 0x84,
  0x00, 0x00, 0x00, 0x00, 0x00, 0x00, 0x00, 0xf8, 0x00, 0x00, 0x00, 0x00, 0x00, 0x00, 0x00, 0x00,
  0x00, 0x00, 0x00, 0x00, 0x00, 0x00, 0x00, 0x00, 0x00, 0x00, 0x00, 0x00, 0x00, 0x00, 0x00, 0x00,
  0x00, 0x00, 0x00, 0x00, 0x00, 0x00, 0x00, 0x00, 0x00, 0x00, 0x00, 0x00, 0x00, 0x00, 0x00, 0x00,
  0x00, 0x00, 0x00, 0x00, 0x00, 0x00, 0x00, 0x00, 0x00, 0x00, 0x00, 0x00, 0x00, 0x00, 0x00, 0x00,
  0x00, 0x00, 0x00, 0x00, 0x00, 0x00, 0x00, 0x00, 0x00, 0x00, 0x00, 0x00, 0x00, 0x00, 0x00, 0x00,
  0x00, 0x00, 0x00, 0xf8, 0x00, 0x00, 0x00, 0x00, 0x00, 0x00, 0x00, 0x00, 0x00, 0x00, 0x00, 0x00,
  0x00, 0x00, 0x00, 0x00, 0x00, 0xf8, 0x00, 0x00, 0x00, 0x00, 0x00, 0x00, 0x00, 0x00, 0x00, 0x00,
  0x00, 0x00, 0x00, 0x00, 0x00, 0x00, 0x00, 0x00, 0x00, 0x00, 0x00, 0x00, 0x00, 0x00, 0x00, 0x84,
  0x00, 0x00, 0x00, 0x00, 0x00, 0x00, 0x00, 0x00, 0x00, 0x00, 0x00, 0x00, 0x03, 0x93, 0xc3, 0x82,
  0x22, 0x6a, 0x01, 0x62, 0xa2, 0x7a, 0xa2, 0x7a, 0xe2, 0x92, 0xe2, 0x8a, 0x02, 0x9b, 0xe2, 0x8a,
  0xc2, 0x8a, 0x02, 0x9b, 0x02, 0x9b, 0xe3, 0x9a, 0x22, 0x9b, 0xc1, 0x92, 0xe3, 0x8a, 0xe2, 0x92,
  0xe2, 0x9a, 0x22, 0x9b, 0x02, 0x93, 0x02, 0x93, 0xe2, 0x92, 0xa0, 0x92, 0x00, 0x72, 0xe0, 0x69,
  0xa0, 0x61, 0xe0, 0x9a, 0x01, 0xed, 0x80, 0xdc, 0x61, 0xbb, 0xc0, 0x92, 0xa1, 0xb2, 0xa0, 0xb2,
  0x20, 0xc3, 0xe0, 0xf4, 0x20, 0xf5, 0xe3, 0xfe, 0x69, 0xff, 0xad, 0xff, 0xf5, 0xff, 0xf6, 0xff,
  0xf8, 0xff, 0xf9, 0xf7, 0xd5, 0xf7, 0x91, 0xf7, 0x0a, 0xff, 0xc1, 0xf5, 0xe0, 0xf5, 0x01, 0xed,
  0x40, 0xe4, 0xe0, 0xe3, 0x80, 0xdb, 0x20, 0xa2, 0xc0, 0x79, 0x20, 0x82, 0xa0, 0x69, 0x60, 0x69,
  0xc0, 0x89, 0x00, 0x92, 0x80, 0xaa, 0x40, 0xbb, 0x01, 0xcc, 0x80, 0xdc, 0xa0, 0xe4, 0x21, 0xed,
  0x41, 0xed, 0x81, 0xed, 0x43, 0xf6, 0x03, 0xf6, 0xc7, 0xfe, 0x26, 0xff, 0xce, 0xff, 0xf4, 0xff,
  0xf8, 0xff, 0xf7, 0xff, 0xfa, 0xff, 0xf9, 0xff, 0xfa, 0xff, 0xf8, 0xff, 0xf6, 0xff, 0xf3, 0xff,
  0xf3, 0xff, 0xf3, 0xff, 0xf1, 0xff, 0xae, 0xff, 0x08, 0xff, 0x03, 0xf6, 0x84, 0xf5, 0xa2, 0xe4,
  0x20, 0xb3, 0xe0, 0x9a, 0x80, 0x8a, 0xa0, 0x9a, 0x01, 0xa3, 0x81, 0xab, 0xa2, 0xbb, 0xe0, 0x9a,
  0xc0, 0x9a, 0xc1, 0x9a, 0x21, 0x82, 0xa1, 0x8a, 0xe1, 0x9a, 0x02, 0x9b, 0xc2, 0xbb, 0x62, 0xab,
  0xc2, 0x8a, 0xe2, 0x92, 0x41, 0x82, 0x81, 0x82, 0xc2, 0x92, 0x43, 0x9b, 0x43, 0x9b, 0x63, 0x9b,
  0x04, 0x9b, 0x43, 0xa3, 0x64, 0x93, 0x00, 0x00, 0x43, 0xa3, 0x00, 0x84, 0x08, 0x84, 0x64, 0x9b,
  0x24, 0x9b, 0xe2, 0x8a, 0x03, 0x8b, 0x03, 0x8b, 0x03, 0x8b, 0x08, 0x84, 0xa0, 0xaa, 0xa0, 0xaa,
  0x00, 0x00, 0x00, 0x00, 0x00, 0x00, 0x00, 0x00, 0x00, 0xf8, 0x00, 0x84, 0xa0, 0xaa, 0x26, 0x9b,
  0x00, 0x00, 0x00, 0x00, 0x00, 0x00, 0x00, 0x00, 0x00, 0x00, 0x00, 0x00, 0x00, 0x00, 0x00, 0x00,
  0x00, 0x00, 0x00, 0x00, 0x00, 0x00, 0x00, 0x00, 0x00, 0x00, 0x00, 0x00, 0x00, 0x00, 0x00, 0x00,
  0x00, 0x00, 0x00, 0x00, 0x00, 0x00, 0x00, 0x00, 0x00, 0x00, 0x00, 0x00, 0x00, 0x00, 0x00, 0x00,
  0x00, 0x00, 0x00, 0x00, 0x00, 0x00, 0x00, 0x00, 0x00, 0x00, 0x00, 0x00, 0x00, 0x00, 0x00, 0x00,
  0x00, 0x00, 0x00, 0x00, 0x00, 0x00, 0x00, 0x00, 0x00, 0x00, 0x00, 0x00, 0x00, 0x00, 0x00, 0x00,
  0x00, 0x00, 0x00, 0x00, 0x00, 0x00, 0x00, 0x00, 0x00, 0x00, 0x00, 0x00, 0x00, 0x00, 0x00, 0x00,
  0x00, 0x00, 0x00, 0x00, 0x00, 0x00, 0x00, 0x00, 0x00, 0x00, 0x00, 0x00, 0x00, 0x00, 0x00, 0x00,
  0x00, 0x00, 0x00, 0x00, 0x00, 0x00, 0x00, 0x00, 0x00, 0x00, 0x00, 0x00, 0x00, 0xf8, 0x83, 0x82,
  0x03, 0x93, 0xc3, 0x8a, 0xa2, 0x82, 0x23, 0x93, 0x43, 0x93, 0x00, 0x00, 0x02, 0x93, 0x02, 0x8b,
  0x02, 0x93, 0x43, 0x93, 0xe3, 0x92, 0x02, 0x93, 0x02, 0x93, 0xc1, 0x92, 0x62, 0x82, 0xe2, 0x92,
  0x22, 0xa3, 0xc1, 0x8a, 0xa1, 0x82, 0xe2, 0x92, 0xa2, 0x8a, 0xc0, 0x9a, 0x00, 0x7a, 0xa0, 0x9a,
  0xe0, 0xaa, 0x00, 0xab, 0x01, 0xd4, 0xa0, 0xe4, 0x40, 0xdc, 0xe1, 0xec, 0xe0, 0xf4, 0x40, 0xfe,
  0x43, 0xfe, 0xcc, 0xff, 0x8e, 0xff, 0xd6, 0xff, 0xf9, 0xff, 0xd7, 0xff, 0x92, 0xff, 0x6f, 0xff,
  0x4b, 0xff, 0xc5, 0xfe, 0x60, 0xf5, 0x40, 0xdc, 0x00, 0xd4, 0x20, 0xbb, 0xa0, 0x79, 0x80, 0x71,
  0x40, 0x69, 0x41, 0x69, 0x21, 0x59, 0x01, 0x51, 0x21, 0x51, 0x40, 0x51, 0x40, 0x59, 0x80, 0x61,
  0x40, 0x8a, 0xa0, 0x9a, 0x40, 0x8a, 0xc0, 0x81, 0x80, 0x71, 0x80, 0x61, 0x80, 0x69, 0x00, 0x92,
  0x21, 0x92, 0x81, 0xa2, 0x02, 0xb3, 0x40, 0x92, 0x80, 0xbb, 0x00, 0xbb, 0x60, 0xdc, 0x21, 0xed,
  0x83, 0xf5, 0x62, 0xf5, 0x42, 0xfe, 0x05, 0xff, 0xc6, 0xfe, 0xd0, 0xff, 0xf6, 0xff, 0xf6, 0xff,
  0xf8, 0xff, 0xf7, 0xff, 0xf1, 0xff, 0x8d, 0xff, 0x8a, 0xff, 0xc6, 0xfe, 0x06, 0xff, 0x85, 0xfe,
  0xe1, 0xdc, 0xa2, 0xdc, 0x23, 0xc4, 0x00, 0x9b, 0x60, 0x8a, 0xe0, 0xa2, 0xc1, 0xc3, 0x81, 0xb3,
  0x61, 0xb3, 0x20, 0xab, 0xa0, 0xbb, 0xc1, 0xbb, 0xe1, 0x9a, 0x03, 0xbc, 0xe2, 0xc3, 0x81, 0xb3,
  0xc2, 0x92, 0xc2, 0x92, 0x61, 0x82, 0xc2, 0x92, 0x02, 0x9b, 0x43, 0xa3, 0x64, 0xb3, 0xa0, 0xaa,
  0x83, 0xab, 0x64, 0x93, 0x00, 0xf8, 0x26, 0x9b, 0x43, 0x93, 0x00, 0xf8, 0x08, 0xbc, 0x64, 0x93,
  0xa2, 0x82, 0xc2, 0x82, 0x03, 0x93, 0x44, 0x8b, 0x00, 0x00, 0x00, 0x00, 0x00, 0xf8, 0x00, 0x00,
  0x00, 0x00, 0x00, 0x00, 0x00, 0x00, 0x00, 0x00, 0x00, 0xf8, 0xa0, 0xaa, 0xa0, 0xaa, 0xa0, 0xaa,
  0x00, 0x00, 0x00, 0x00, 0x00, 0x00, 0x00, 0x00, 0x00, 0x00, 0x00, 0x00, 0x00, 0x00, 0x00, 0x00,
  0x00, 0x00, 0x00, 0x00, 0x00, 0x00, 0x00, 0x00, 0x00, 0x00, 0x00, 0x00, 0x00, 0x00, 0x00, 0x00,
  0x00, 0x00, 0x00, 0x00, 0x00, 0x00, 0x00, 0x00, 0x00, 0x00, 0x00, 0x00, 0x00, 0x00, 0x00, 0x00,
  0x00, 0x00, 0x00, 0x00, 0x00, 0x00, 0x00, 0x00, 0x00, 0x00, 0x00, 0x00, 0x00, 0x00, 0x00, 0x00,
  0x00, 0x00, 0x00, 0x00, 0x00, 0x00, 0x00, 0x00, 0x00, 0x00, 0x00, 0x00, 0x00, 0x00, 0x00, 0x00,
  0x00, 0x00, 0x00, 0x00, 0x00, 0x00, 0x00, 0x00, 0x00, 0x00, 0x00, 0x00, 0x00, 0x00, 0x00, 0x00,
  0x00, 0x00, 0x00, 0x00, 0x00, 0x00, 0x00, 0x00, 0x00, 0x84, 0x00, 0x00, 0x00, 0x00, 0x00, 0x00,
  0x00, 0x00, 0x00, 0x00, 0x00, 0x00, 0x00, 0x00, 0x00, 0x00, 0x00, 0xf8, 0xa0, 0xaa, 0x00, 0x00,
  0x64, 0xa3, 0x84, 0xb3, 0x83, 0xab, 0x00, 0xf8, 0x02, 0x8b, 0x00, 0xbc, 0x22, 0x9b, 0x03, 0x93,
  0x02, 0x9b, 0x23, 0x9b, 0x62, 0x9b, 0x42, 0x9b, 0xe2, 0x92, 0xe2, 0x92, 0x61, 0x82, 0x02, 0x9b,
  0x22, 0x9b, 0x41, 0x72, 0x41, 0x72, 0xa1, 0x8a, 0xe1, 0x9a, 0x40, 0xb3, 0xe1, 0xd3, 0x00, 0xd4,
  0x00, 0xed, 0x41, 0xf5, 0x60, 0xd3, 0xc0, 0xec, 0x22, 0xfe, 0x26, 0xfe, 0x25, 0xff, 0xcf, 0xff,
  0xf6, 0xff, 0xfa, 0xf7, 0xaf, 0xff, 0x29, 0xff, 0x47, 0xff, 0x44, 0xfe, 0x01, 0xed, 0x80, 0xe4,
  0xe0, 0xdb, 0xe0, 0xd3, 0x80, 0xa2, 0xc1, 0x71, 0x41, 0x92, 0x00, 0x92, 0x21, 0x8a, 0xe2, 0xaa,
  0xe2, 0x9a, 0xa1, 0x8a, 0xa1, 0x8a, 0x40, 0x82, 0xe0, 0x79, 0xe1, 0x92, 0xc0, 0x9a, 0x00, 0xab,
  0x60, 0xb3, 0x60, 0xb3, 0x00, 0xa3, 0x00, 0xab, 0xe0, 0xa2, 0xc0, 0x9a, 0xa0, 0x9a, 0xc1, 0x9a,
  0xa1, 0x9a, 0x81, 0x92, 0x41, 0x8a, 0x01, 0x82, 0xa3, 0xb3, 0x83, 0x9a, 0x81, 0x9a, 0xa0, 0xaa,
  0x20, 0xb3, 0xa0, 0xa2, 0xa0, 0xb2, 0x00, 0xbb, 0x80, 0xcb, 0x42, 0xf5, 0x03, 0xf6, 0xc7, 0xf6,
  0xb1, 0xff, 0xf5, 0xff, 0xf6, 0xff, 0xf5, 0xff, 0xf3, 0xff, 0x90, 0xff, 0x4b, 0xff, 0x26, 0xff,
  0xa4, 0xfe, 0x83, 0xfe, 0x64, 0xfe, 0xa2, 0xdc, 0x21, 0xab, 0x60, 0xb3, 0x80, 0x9a, 0x00, 0xab,
  0x40, 0xbb, 0x20, 0xbb, 0x80, 0xe4, 0xa2, 0xdc, 0xc0, 0x9a, 0x42, 0xcc, 0x03, 0xe5, 0x63, 0xd4,
  0xe2, 0x92, 0x81, 0x8a, 0xc0, 0x92, 0xe1, 0x92, 0xe2, 0x92, 0xe3, 0x9a, 0x02, 0x9b, 0x23, 0xa3,
  0x44, 0x9b, 0x42, 0xa3, 0x42, 0x9b, 0x43, 0xa3, 0x23, 0x93, 0x00, 0x00, 0x04, 0x9b, 0x62, 0x7a,
  0xa2, 0x82, 0x04, 0x8b, 0x43, 0x93, 0x00, 0x00, 0x64, 0x93, 0x00, 0x00, 0x00, 0xf8, 0x08, 0x84,
  0x00, 0x84, 0x00, 0xf8, 0x00, 0x00, 0x00, 0x00, 0x00, 0xf8, 0x00, 0x84, 0x00, 0x00, 0x00, 0xf8,
  0x00, 0x00, 0x00, 0x00, 0x00, 0x00, 0x00, 0x00, 0x00, 0x00, 0x00, 0x00, 0x00, 0x00, 0x00, 0x00,
  0x00, 0x00, 0x00, 0x00, 0x00, 0x00, 0x00, 0x00, 0x00, 0x00, 0x00, 0x00, 0x00, 0x00, 0x00, 0x00,
  0x00, 0x00, 0x00, 0x00, 0x00, 0x00, 0x00, 0x00, 0x00, 0x00, 0x00, 0x00, 0x00, 0x00, 0x00, 0x00,
  0x00, 0x00, 0x00, 0x00, 0x00, 0x00, 0x00, 0x00, 0x00, 0x00, 0x00, 0x00, 0x00, 0x00, 0x00, 0x00,
  0x00, 0x00, 0x00, 0x00, 0x00, 0x00, 0x00, 0x00, 0x00, 0x00, 0x00, 0x00, 0x00, 0x00, 0x00, 0x00,
  0x00, 0x00, 0x00, 0x00, 0x00, 0x00, 0x00, 0x00, 0x00, 0x00, 0x00, 0x00, 0x00, 0x00, 0x00, 0x00,
  0x00, 0x00, 0x00, 0x00, 0x00, 0x00, 0x00, 0x00, 0x00, 0x00, 0x00, 0x00, 0x00, 0x00, 0x00, 0x00,
  0x00, 0x00, 0x00, 0x00, 0x00, 0x00, 0x00, 0x00, 0x00, 0x00, 0x26, 0x9b, 0x00, 0x00, 0x00, 0x00,
  0x23, 0xb3, 0x83, 0xab, 0xa0, 0xaa, 0x24, 0x9b, 0x00, 0x84, 0x20, 0x9b, 0x42, 0xa3, 0x22, 0x9b,
  0x23, 0x9b, 0x23, 0x9b, 0x22, 0x9b, 0x62, 0xab, 0xe1, 0x92, 0xe2, 0x9a, 0x81, 0x82, 0xe1, 0x92,
  0x81, 0x82, 0xe1, 0x69, 0x61, 0x82, 0xe1, 0x92, 0x61, 0xb3, 0x41, 0xdc, 0x60, 0xfd, 0x00, 0xf5,
  0x41, 0xfe, 0x64, 0xfe, 0x47, 0xf6, 0x2b, 0xff, 0xf3, 0xff, 0x47, 0xff, 0x32, 0xff, 0xd7, 0xff,
  0xb6, 0xff, 0xab, 0xff, 0x23, 0xfe, 0x80, 0xfd, 0x60, 0xe4, 0x20, 0xd4, 0x00, 0xc3, 0x40, 0xc3,
  0xe0, 0x79, 0x80, 0x61, 0x80, 0x61, 0x00, 0x72, 0x82, 0xbb, 0xc0, 0x9a, 0x40, 0x82, 0x61, 0x8a,
  0x61, 0x82, 0x20, 0x7a, 0xa0, 0x8a, 0x80, 0x8a, 0x40, 0x8a, 0x20, 0x7a, 0x20, 0x82, 0xa0, 0x92,
  0xa0, 0x92, 0xc0, 0x9a, 0xc0, 0x9a, 0xc0, 0x9a, 0xc0, 0xa2, 0x40, 0xbb, 0x80, 0xc3, 0xc1, 0xc3,
  0xe1, 0xc3, 0x41, 0xb3, 0x81, 0x92, 0xe2, 0x9a, 0xa2, 0xb3, 0x00, 0x9b, 0xa0, 0xa2, 0x01, 0xab,
  0x82, 0xbb, 0x60, 0x8a, 0xe0, 0x79, 0xa0, 0x69, 0xc0, 0x79, 0xa0, 0xb2, 0x40, 0xc3, 0x40, 0xc3,
  0x60, 0xd3, 0x20, 0xdc, 0x23, 0xed, 0xe8, 0xfe, 0x90, 0xff, 0xf7, 0xff, 0xf9, 0xf7, 0xd5, 0xff,
  0xd1, 0xff, 0x49, 0xff, 0xe5, 0xfe, 0xe5, 0xf5, 0x25, 0xf6, 0x40, 0xd4, 0x40, 0xb3, 0xa1, 0xc3,
  0xa0, 0xd3, 0x80, 0xc3, 0x01, 0xd4, 0x60, 0x92, 0xe0, 0x79, 0xe1, 0xe4, 0x03, 0xe5, 0x22, 0xa3,
  0x41, 0x7a, 0xe1, 0x92, 0x41, 0xa3, 0xe1, 0x92, 0xe2, 0x9a, 0xa2, 0x8a, 0xa2, 0x8a, 0x23, 0x9b,
  0x84, 0x9b, 0x22, 0x9b, 0x03, 0x9b, 0xe3, 0x9a, 0xc2, 0x8a, 0x23, 0xb3, 0x62, 0x7a, 0x82, 0x7a,
  0x63, 0x9b, 0x04, 0x9b, 0x00, 0xf8, 0xa0, 0xaa, 0x00, 0x84, 0x00, 0x00, 0xa5, 0xaa, 0x00, 0x84,
  0x00, 0x84, 0x00, 0x84, 0xa0, 0xaa, 0x00, 0x84, 0x00, 0xf8, 0x00, 0x84, 0x00, 0x84, 0x64, 0x93,
  0x00, 0x00, 0x00, 0x00, 0x00, 0x00, 0x00, 0x00, 0x00, 0x00, 0x00, 0x00, 0x00, 0x00, 0x00, 0x00,
  0x00, 0x00, 0x00, 0x00, 0x00, 0x00, 0x00, 0x00, 0x00, 0x00, 0x00, 0x00, 0x00, 0x00, 0x00, 0x00,
  0x00, 0x00, 0x00, 0x00, 0x00, 0x00, 0x00, 0x00, 0x00, 0x00, 0x00, 0x00, 0x00, 0x00, 0x00, 0x00,
  0x00, 0x00, 0x00, 0x00, 0x00, 0x00, 0x00, 0x00, 0x00, 0x00, 0x00, 0x00, 0x00, 0x00, 0x00, 0x00,
  0x00, 0x00, 0x00, 0x00, 0x00, 0x00, 0x00, 0x00, 0x00, 0x00, 0x00, 0x00, 0x00, 0x00, 0x00, 0x00,
  0x00, 0x00, 0x00, 0x00, 0x00, 0x00, 0x00, 0x00, 0x00, 0x00, 0x00, 0x00, 0x00, 0x00, 0x00, 0x00,
  0x00, 0x00, 0x00, 0x00, 0x00, 0x00, 0x00, 0x00, 0x00, 0x00, 0x00, 0x00, 0x00, 0x00, 0x00, 0x00,
  0x00, 0x00, 0x00, 0x00, 0x00, 0x00, 0x00, 0x00, 0x00, 0x84, 0x00, 0x00, 0x00, 0x00, 0x00, 0x00,
  0x00, 0xf8, 0x43, 0xa3, 0x23, 0x9b, 0x23, 0x93, 0x44, 0xa3, 0x24, 0xab, 0x83, 0xab, 0x22, 0xa3,
  0x22, 0x9b, 0x02, 0x9b, 0x02, 0x9b, 0x62, 0xa3, 0x01, 0x93, 0x61, 0x7a, 0x01, 0x72, 0x81, 0x82,
  0x61, 0x82, 0x81, 0x82, 0x81, 0x8a, 0xa1, 0x92, 0xc1, 0x9a, 0xc0, 0xe4, 0x00, 0xfe, 0xc0, 0xfd,
  0x44, 0xfe, 0x93, 0xff, 0xf8, 0xf7, 0xf9, 0xf7, 0x0f, 0xff, 0xb3, 0xff, 0xf4, 0xff, 0x87, 0xf6,
  0x40, 0xed, 0x40, 0xf5, 0x40, 0xb3, 0x80, 0x71, 0x60, 0x71, 0xe0, 0x79, 0x60, 0x69, 0x41, 0x61,
  0x60, 0x61, 0xa1, 0x9a, 0x41, 0xab, 0xe1, 0x9a, 0xe1, 0x9a, 0xe2, 0x92, 0x61, 0x82, 0x21, 0x7a,
  0x00, 0x72, 0xc0, 0x69, 0x21, 0x7a, 0x21, 0x7a, 0x00, 0x7a, 0x40, 0x82, 0x80, 0x92, 0xc0, 0x9a,
  0xe1, 0x9a, 0xc1, 0xa2, 0xc0, 0x9a, 0x80, 0x92, 0x60, 0x8a, 0xa1, 0x92, 0xa0, 0x9a, 0xc0, 0xa2,
  0xc0, 0xaa, 0xc0, 0xaa, 0x40, 0x8a, 0x20, 0x8a, 0xa1, 0x9a, 0xe0, 0xa2, 0xa0, 0xa2, 0x00, 0xab,
  0x40, 0xab, 0x80, 0x92, 0xa0, 0x92, 0x80, 0x8a, 0x81, 0x92, 0xa0, 0xa2, 0x81, 0xc3, 0x40, 0xc3,
  0xe0, 0xba, 0x60, 0xaa, 0x00, 0x9a, 0xa0, 0xc3, 0x22, 0xed, 0x80, 0xdc, 0xe3, 0xf5, 0xac, 0xff,
  0xf5, 0xff, 0xf7, 0xff, 0xf5, 0xff, 0xd2, 0xff, 0x89, 0xff, 0x02, 0xf6, 0x07, 0xff, 0x64, 0xfe,
  0x40, 0xf5, 0xe1, 0xf4, 0x42, 0xdc, 0x00, 0x82, 0xc1, 0xa2, 0xa0, 0xe4, 0xe0, 0xc3, 0x41, 0x7a,
  0x02, 0x6a, 0x21, 0xa3, 0x61, 0xab, 0xa1, 0x8a, 0xe2, 0x92, 0x82, 0x8a, 0x61, 0x82, 0xe3, 0x92,
  0x42, 0x9b, 0x02, 0x9b, 0x02, 0x8b, 0xe3, 0x92, 0x03, 0x9b, 0x82, 0x8a, 0x83, 0x82, 0x43, 0x93,
  0x00, 0x00, 0x00, 0x00, 0x03, 0x9b, 0x08, 0x84, 0x00, 0x00, 0xa5, 0xa3, 0x43, 0x93, 0x04, 0x9b,
  0xa0, 0xaa, 0x00, 0xf8, 0x08, 0x84, 0x26, 0x9b, 0x08, 0x84, 0x26, 0x9b, 0x04, 0x9b, 0xa5, 0x82,
  0x00, 0x00, 0x00, 0x00, 0x00, 0x00, 0x00, 0x00, 0x00, 0x00, 0x00, 0x00, 0x00, 0x00, 0x00, 0x00,
  0x00, 0x00, 0x00, 0x00, 0x00, 0x00, 0x00, 0x00, 0x00, 0x00, 0x00, 0x00, 0x00, 0x00, 0x00, 0x00,
  0x00, 0x00, 0x00, 0x00, 0x00, 0x00, 0x00, 0x00, 0x00, 0x00, 0x00, 0x00, 0x00, 0x00, 0x00, 0x00,
  0x00, 0x00, 0x00, 0x00, 0x00, 0x00, 0x00, 0x00, 0x00, 0x00, 0x00, 0x00, 0x00, 0x00, 0x00, 0x00,
  0x00, 0x00, 0x00, 0x00, 0x00, 0x00, 0x00, 0x00, 0x00, 0x00, 0x00, 0x00, 0x00, 0x00, 0x00, 0x00,
  0x00, 0x00, 0x00, 0x00, 0x00, 0x00, 0x00, 0x00, 0x00, 0x00, 0x00, 0x00, 0x00, 0x00, 0x00, 0x00,
  0x00, 0x00, 0x00, 0x00, 0x00, 0x00, 0x00, 0x84, 0x00, 0xf8, 0x00, 0x00, 0x00, 0x00, 0x00, 0x00,
  0x00, 0x00, 0x00, 0x00, 0x00, 0x00, 0x00, 0x84, 0x00, 0xf8, 0x00, 0x00, 0x00, 0x00, 0x00, 0x00,
  0x00, 0xf8, 0x00, 0x00, 0x43, 0xa3, 0x23, 0x9b, 0x64, 0xb3, 0x62, 0xb3, 0x62, 0xa3, 0x82, 0x9b,
  0x43, 0xab, 0x22, 0xa3, 0x43, 0xa3, 0xa2, 0x8a, 0xa1, 0x8a, 0x20, 0xab, 0x80, 0x8a, 0x21, 0x72,
  0xa0, 0xbb, 0x60, 0xc4, 0x80, 0xb3, 0xa0, 0xc3, 0xe1, 0xcb, 0xc3, 0xf5, 0xe2, 0xfe, 0xa3, 0xff,
  0x67, 0xff, 0xd3, 0xff, 0xd3, 0xff, 0x92, 0xff, 0x69, 0xff, 0xe2, 0xfd, 0x22, 0xfe, 0x60, 0xfd,
  0xa0, 0xcb, 0x80, 0x92, 0x00, 0x7a, 0xa0, 0x9a, 0xa1, 0xbb, 0x21, 0x8a, 0x22, 0xb3, 0xc1, 0x9a,
  0xc0, 0x9a, 0x41, 0xb3, 0xc1, 0xa2, 0x81, 0x92, 0x21, 0xab, 0x40, 0x82, 0xe0, 0x71, 0x21, 0x72,
  0xe0, 0x69, 0x00, 0x72, 0x20, 0x82, 0x01, 0x7a, 0x21, 0x7a, 0x00, 0x72, 0xc0, 0x71, 0xc1, 0x69,
  0x81, 0x59, 0x01, 0x82, 0xe1, 0x79, 0x20, 0x49, 0x20, 0x41, 0x80, 0x61, 0xc0, 0x69, 0x61, 0x7a,
  0x41, 0x7a, 0xe0, 0x69, 0x01, 0x6a, 0xe1, 0x69, 0x01, 0x72, 0xe1, 0x71, 0xe0, 0x71, 0xe0, 0x79,
  0xc1, 0xa2, 0x21, 0xb3, 0xe0, 0xa2, 0x01, 0xab, 0x01, 0xb3, 0xc0, 0x9a, 0xe1, 0xa2, 0xa1, 0x92,
  0x81, 0x92, 0xa1, 0x92, 0x20, 0x7a, 0x20, 0x7a, 0x60, 0x8a, 0x40, 0xa2, 0x80, 0xd3, 0xa2, 0xfd,
  0x84, 0xfe, 0x8b, 0xff, 0xf3, 0xff, 0xf6, 0xff, 0xf5, 0xff, 0xd8, 0xff, 0xd7, 0xff, 0xa5, 0xfe,
  0x61, 0xfe, 0xc3, 0xfe, 0xa3, 0xf6, 0x61, 0xed, 0x21, 0xdc, 0x21, 0xd4, 0xe0, 0xaa, 0xa0, 0x9a,
  0xa0, 0x9a, 0xc0, 0xa2, 0xa1, 0xc3, 0x60, 0xc3, 0xc0, 0xcb, 0xe0, 0xa2, 0x61, 0xb3, 0x21, 0xab,
  0x00, 0xa3, 0x01, 0xa3, 0xe1, 0x9a, 0xa1, 0x9a, 0x22, 0xab, 0x41, 0x7a, 0xa1, 0x92, 0x22, 0xa3,
  0x05, 0xac, 0x43, 0xa3, 0x04, 0x9b, 0x03, 0xab, 0x23, 0xa3, 0x03, 0x9b, 0x83, 0xab, 0x04, 0x9b,
  0xe2, 0xa2, 0x42, 0x93, 0x04, 0x9b, 0x04, 0x93, 0x45, 0x93, 0x00, 0x00, 0xa0, 0xaa, 0x26, 0x9b,
  0x00, 0x00, 0x00, 0x00, 0x00, 0x00, 0x00, 0x00, 0x00, 0x00, 0x00, 0x00, 0x00, 0x00, 0x00, 0x00,
  0x00, 0x00, 0x00, 0x00, 0x00, 0x00, 0x00, 0x00, 0x00, 0x00, 0x00, 0x00, 0x00, 0x00, 0x00, 0x00,
  0x00, 0x00, 0x00, 0x00, 0x00, 0x00, 0x00, 0x00, 0x00, 0x00, 0x00, 0x00, 0x00, 0x00, 0x00, 0x00,
  0x00, 0x00, 0x00, 0x00, 0x00, 0x00, 0x00, 0x00, 0x00, 0x00, 0x00, 0x00, 0x00, 0x00, 0x00, 0x00,
  0x00, 0x00, 0x00, 0x00, 0x00, 0x00, 0x00, 0x00, 0x00, 0x00, 0x00, 0x00, 0x00, 0x00, 0x00, 0x00,
  0x00, 0x00, 0x00, 0x00, 0x00, 0x00, 0x00, 0x00, 0x00, 0x00, 0x00, 0x00, 0x00, 0x00, 0x00, 0x00,
  0x00, 0x00, 0x00, 0x00, 0x00, 0x00, 0x00, 0x00, 0x00, 0x00, 0x00, 0x00, 0x00, 0x00, 0x00, 0x00,
  0x00, 0x00, 0x00, 0x00, 0xa0, 0xaa, 0x00, 0xf8, 0xa0, 0xaa, 0x00, 0x00, 0x00, 0x00, 0x00, 0x00,
  0x00, 0xf8, 0x00, 0x84, 0x20, 0x9b, 0x42, 0xab, 0x42, 0xab, 0x63, 0xab, 0x83, 0xab, 0xe1, 0x92,
  0xa2, 0x92, 0x42, 0xab, 0xe2, 0x9a, 0x01, 0x7a, 0x80, 0x92, 0x61, 0xab, 0x00, 0x93, 0xe0, 0x71,
  0x60, 0xab, 0x21, 0xdc, 0x00, 0xdc, 0xc1, 0xe4, 0x42, 0xf6, 0x07, 0xff, 0x2c, 0xf7, 0x6b, 0xf7,
  0xae, 0xff, 0x88, 0xff, 0xa1, 0xfe, 0xa0, 0xfe, 0x60, 0xd4, 0x20, 0xdc, 0x20, 0xab, 0x00, 0xab,
  0xe0, 0xaa, 0x80, 0x92, 0x60, 0x8a, 0xa0, 0x8a, 0xe1, 0x9a, 0x61, 0x92, 0x81, 0xbb, 0x21, 0xab,
  0x60, 0x8a, 0x40, 0x82, 0x00, 0x7a, 0x00, 0x7a, 0x41, 0x82, 0xa0, 0x69, 0xc0, 0x69, 0xe0, 0x71,
  0x00, 0x6a, 0x20, 0x7a, 0x40, 0x82, 0x20, 0x7a, 0x61, 0x8a, 0x81, 0xab, 0x61, 0xb3, 0x61, 0xbb,
  0x22, 0xcc, 0x44, 0xed, 0xc3, 0xdc, 0x00, 0xa3, 0x21, 0x82, 0x02, 0xc4, 0xc2, 0xb3, 0x21, 0xa3,
  0xe1, 0x92, 0x60, 0x82, 0xc1, 0x92, 0x22, 0x9b, 0x41, 0x7a, 0x40, 0x7a, 0xc1, 0x69, 0xa0, 0x69,
  0xe1, 0x79, 0x21, 0x7a, 0x21, 0x82, 0x41, 0x82, 0xe1, 0x9a, 0xc0, 0x92, 0xa0, 0x9a, 0x80, 0x92,
  0xc1, 0x92, 0x01, 0xa3, 0xa0, 0x92, 0x20, 0x72, 0x80, 0x59, 0x40, 0x8a, 0x60, 0x92, 0x40, 0x92,
  0x21, 0xd4, 0x21, 0xf5, 0x03, 0xfe, 0x67, 0xff, 0xe8, 0xfe, 0x95, 0xff, 0xdc, 0xff, 0xd9, 0xff,
  0xd7, 0xff, 0xe8, 0xfe, 0x02, 0xf6, 0x62, 0xf5, 0xa0, 0xf5, 0xe0, 0xec, 0x80, 0xdc, 0xc0, 0xc3,
  0x40, 0xb3, 0x21, 0xbb, 0x84, 0xe4, 0xc1, 0xd3, 0xa0, 0xa2, 0x80, 0x9a, 0x61, 0xc3, 0xc0, 0x9a,
  0xc0, 0x9a, 0xa0, 0x92, 0xa0, 0x92, 0x22, 0xab, 0x83, 0xbb, 0x21, 0x82, 0x81, 0x82, 0x62, 0xab,
  0x42, 0xab, 0x23, 0x9b, 0x42, 0xab, 0x64, 0xb3, 0x43, 0xa3, 0x00, 0x00, 0x83, 0xab, 0x43, 0x93,
  0x64, 0xa3, 0x44, 0x93, 0x24, 0x93, 0xe3, 0x92, 0xe3, 0x8a, 0x00, 0x00, 0xe5, 0xa2, 0xa5, 0xaa,
  0x00, 0x00, 0x00, 0x00, 0x00, 0x00, 0x00, 0x00, 0x00, 0x00, 0x00, 0x00, 0x00, 0x00, 0x00, 0x00,
  0x00, 0x00, 0x00, 0x00, 0x00, 0x00, 0x00, 0x00, 0x00, 0x00, 0x00, 0x00, 0x00, 0x00, 0x00, 0x00,
  0x00, 0x00, 0x00, 0x00, 0x00, 0x00, 0x00, 0x00, 0x00, 0x00, 0x00, 0x00, 0x00, 0x00, 0x00, 0x00,
  0x00, 0x00, 0x00, 0x00, 0x00, 0x00, 0x00, 0x00, 0x00, 0x00, 0x00, 0x00, 0x00, 0x00, 0x00, 0x00,
  0x00, 0x00, 0x00, 0x00, 0x00, 0x00, 0x00, 0x00, 0x00, 0x00, 0x00, 0x00, 0x00, 0x00, 0x00, 0x00,
  0x00, 0x00, 0x00, 0x00, 0x00, 0x00, 0x00, 0x00, 0x00, 0x00, 0x00, 0x00, 0x00, 0x00, 0x00, 0x00,
  0x00, 0x00, 0x00, 0x00, 0x00, 0x00, 0x00, 0x00, 0x00, 0x84, 0x00, 0x84, 0x00, 0x00, 0x00, 0x00,
  0x00, 0x00, 0x00, 0x00, 0x00, 0x00, 0x00, 0xbc, 0x26, 0x9b, 0x00, 0x00, 0x00, 0xf8, 0x00, 0x00,
  0x00, 0x00, 0x00, 0x00, 0x00, 0x00, 0x83, 0xab, 0x42, 0xa3, 0xe2, 0x9a, 0x22, 0x9b, 0xe2, 0x92,
  0x42, 0xab, 0x01, 0xcc, 0xc1, 0xa2, 0x41, 0x82, 0xc0, 0x69, 0x60, 0x92, 0xc3, 0xc3, 0x09, 0xdd,
  0x21, 0xd4, 0xa0, 0xba, 0x60, 0xf5, 0x40, 0xfe, 0x81, 0xfe, 0xd0, 0xff, 0xf1, 0xf7, 0x05, 0xff,
  0x80, 0xfe, 0x20, 0xfe, 0xc0, 0xd3, 0x61, 0xb3, 0xc0, 0x92, 0x40, 0x8a, 0x20, 0x7a, 0x40, 0x82,
  0xa0, 0x92, 0x01, 0xa3, 0xc1, 0x92, 0xc0, 0x69, 0x00, 0x6a, 0xa1, 0x9a, 0xe0, 0xa2, 0xc1, 0x92,
  0x01, 0x72, 0xc0, 0x69, 0xc0, 0x69, 0xc0, 0x69, 0xa0, 0x61, 0x01, 0x7a, 0x20, 0x7a, 0xc0, 0x69,
  0x20, 0x72, 0x81, 0x82, 0x61, 0x8a, 0xc1, 0x92, 0xe1, 0x92, 0x00, 0xab, 0x00, 0xa3, 0x61, 0xab,
  0xa2, 0xd4, 0x24, 0xf6, 0x05, 0xf6, 0x69, 0xf6, 0xe9, 0xfe, 0xa2, 0xdc, 0x81, 0xdc, 0x81, 0xe4,
  0xa1, 0xdc, 0x21, 0xcc, 0xe1, 0xc3, 0x02, 0xc4, 0xc0, 0x9a, 0xe1, 0xd3, 0x00, 0xa3, 0xa0, 0x92,
  0xa1, 0x8a, 0xa0, 0x69, 0xc0, 0x69, 0xa1, 0x61, 0xe1, 0x71, 0x20, 0x7a, 0xe0, 0x71, 0x00, 0x7a,
  0xc0, 0x92, 0xc0, 0x92, 0xe0, 0x9a, 0x60, 0xb3, 0x40, 0xa3, 0x00, 0xab, 0xe0, 0xa2, 0x40, 0x92,
  0xa0, 0x71, 0x40, 0x9a, 0xc0, 0xd3, 0xc0, 0xec, 0xc1, 0xf5, 0x60, 0xfe, 0xe8, 0xfe, 0xd8, 0xff,
  0xd5, 0xff, 0xd5, 0xff, 0x0e, 0xff, 0xe7, 0xfe, 0x21, 0xfe, 0xc0, 0xf5, 0x21, 0xfe, 0xa8, 0xfe,
  0x43, 0xed, 0x01, 0xe4, 0x40, 0xc3, 0xa0, 0xa2, 0x40, 0x8a, 0xa0, 0xa2, 0xc0, 0xaa, 0xa0, 0x9a,
  0x40, 0xab, 0x81, 0x92, 0xe0, 0xa2, 0x61, 0xb3, 0x01, 0xab, 0x61, 0x8a, 0x81, 0x82, 0x43, 0xa3,
  0x62, 0xa3, 0x22, 0xa3, 0x84, 0xab, 0x42, 0xab, 0x22, 0xab, 0x04, 0x9b, 0x03, 0x9b, 0x23, 0x9b,
  0x43, 0x9b, 0x04, 0x93, 0xe4, 0x92, 0x03, 0x8b, 0xc3, 0x82, 0x05, 0x9b, 0x83, 0x8b, 0x00, 0xf8,
  0x00, 0x00, 0x00, 0x00, 0x00, 0x00, 0x00, 0x00, 0x00, 0x00, 0x00, 0x00, 0x00, 0x00, 0x00, 0x00,
  0x00, 0x00, 0x00, 0x00, 0x00, 0x00, 0x00, 0x00, 0x00, 0x00, 0x00, 0x00, 0x00, 0x00, 0x00, 0x00,
  0x00, 0x00, 0x00, 0x00, 0x00, 0x00, 0x00, 0x00, 0x00, 0x00, 0x00, 0x00, 0x00, 0x00, 0x00, 0x00,
  0x00, 0x00, 0x00, 0x00, 0x00, 0x00, 0x00, 0x00, 0x00, 0x00, 0x00, 0x00, 0x00, 0x00, 0x00, 0x00,
  0x00, 0x00, 0x00, 0x00, 0x00, 0x00, 0x00, 0x00, 0x00, 0x00, 0x00, 0x00, 0x00, 0x00, 0x00, 0x00,
  0x00, 0x00, 0x00, 0x00, 0x00, 0x00, 0x00, 0x00, 0x00, 0x00, 0x00, 0x00, 0x00, 0x00, 0x00, 0x00,
  0x00, 0x00, 0x00, 0x00, 0x00, 0x00, 0x00, 0x00, 0x00, 0xf8, 0x00, 0x00, 0x00, 0xf8, 0x00, 0xf8,
  0x00, 0x00, 0x00, 0x00, 0x00, 0x00, 0x00, 0xf8, 0x26, 0x9b, 0x00, 0xf8, 0x00, 0x84, 0x00, 0x00,
  0x23, 0xb3, 0x00, 0xbc, 0x42, 0xab, 0x83, 0xab, 0x22, 0xa3, 0xc1, 0x92, 0xe1, 0x9a, 0xa0, 0x92,
  0x40, 0x82, 0x40, 0x82, 0x80, 0x92, 0xa0, 0x9a, 0x60, 0x92, 0x01, 0xbb, 0x00, 0xc3, 0xa0, 0xc3,
  0x40, 0xed, 0x43, 0xf6, 0x51, 0xff, 0x97, 0xf7, 0xd6, 0xff, 0x8c, 0xff, 0xe1, 0xfe, 0x00, 0xed,
  0xe0, 0xcb, 0x00, 0xcc, 0xa1, 0xa2, 0x81, 0x9a, 0xe2, 0x79, 0xa0, 0x69, 0x41, 0x82, 0x60, 0x82,
  0x80, 0x8a, 0xc0, 0x92, 0x81, 0x8a, 0x40, 0x7a, 0x00, 0x9b, 0xa0, 0x61, 0xa0, 0x61, 0x80, 0x59,
  0x61, 0x51, 0xc1, 0x61, 0x01, 0x72, 0xe1, 0x69, 0xa0, 0x61, 0x21, 0x72, 0xa1, 0x61, 0x80, 0x59,
  0xc1, 0x61, 0xe1, 0x69, 0x01, 0x72, 0x61, 0x7a, 0x81, 0x7a, 0xe1, 0x71, 0xc0, 0x69, 0xe0, 0x61,
  0x61, 0x49, 0x40, 0x49, 0x40, 0x51, 0xe1, 0x61, 0xc1, 0x82, 0xa0, 0x59, 0xe1, 0x69, 0x41, 0x7a,
  0xc1, 0x8a, 0xa1, 0x8a, 0x20, 0x72, 0x00, 0x72, 0x00, 0x7a, 0x00, 0xa3, 0xa1, 0xb3, 0x21, 0xcc,
  0xe2, 0xe4, 0x41, 0xcc, 0x61, 0xab, 0x81, 0xb3, 0x21, 0xab, 0x81, 0x8a, 0x40, 0x82, 0x40, 0x82,
  0x60, 0x82, 0x40, 0x82, 0x80, 0x8a, 0x21, 0xa3, 0x81, 0xb3, 0xa0, 0x9a, 0x60, 0xb3, 0x61, 0xd4,
  0x60, 0xb3, 0x20, 0x82, 0xe0, 0x71, 0x20, 0x7a, 0xc0, 0xa2, 0xa0, 0xd3, 0x00, 0xfe, 0x20, 0xfe,
  0xa3, 0xfe, 0xf6, 0xff, 0xfa, 0xff, 0xf9, 0xff, 0xb5, 0xff, 0x07, 0xff, 0x62, 0xfe, 0xc1, 0xfe,
  0x40, 0xf5, 0x01, 0xed, 0xe0, 0xd3, 0xc0, 0xb2, 0xa0, 0xaa, 0x40, 0x8a, 0xa0, 0x9a, 0x60, 0xbb,
  0xa0, 0xc3, 0xa0, 0x9a, 0x00, 0xab, 0xe0, 0xa2, 0xa0, 0x9a, 0x61, 0xbb, 0xc1, 0x9a, 0x81, 0x8a,
  0x02, 0x9b, 0x02, 0x9b, 0x02, 0x9b, 0x23, 0xa3, 0x42, 0xa3, 0x43, 0xa3, 0x23, 0x9b, 0x43, 0x9b,
  0x44, 0x9b, 0x03, 0x93, 0xe3, 0x8a, 0xc3, 0x8a, 0xe2, 0x8a, 0x24, 0x93, 0x24, 0x9b, 0x00, 0x84,
  0x00, 0x00, 0x00, 0x00, 0x00, 0x00, 0x00, 0x00, 0x00, 0x00, 0x00, 0x00, 0x00, 0x00, 0x00, 0x00,
  0x00, 0x00, 0x00, 0x00, 0x00, 0x00, 0x00, 0x00, 0x00, 0x00, 0x00, 0x00, 0x00, 0x00, 0x00, 0x00,
  0x00, 0x00, 0x00, 0x00, 0x00, 0x00, 0x00, 0x00, 0x00, 0x00, 0x00, 0x00, 0x00, 0x00, 0x00, 0x00,
  0x00, 0x00, 0x00, 0x00, 0x00, 0x00, 0x00, 0x00, 0x00, 0x00, 0x00, 0x00, 0x00, 0x00, 0x00, 0x00,
  0x00, 0x00, 0x00, 0x00, 0x00, 0x00, 0x00, 0x00, 0x00, 0x00, 0x00, 0x00, 0x00, 0x00, 0x00, 0x00,
  0x00, 0x00, 0x00, 0x00, 0x00, 0x00, 0x00, 0x00, 0x00, 0x00, 0x00, 0x00, 0x00, 0x00, 0x00, 0x00,
  0x00, 0x00, 0x00, 0x00, 0x00, 0x00, 0x00, 0x00, 0x00, 0x84, 0x00, 0x00, 0x00, 0xf8, 0x00, 0x00,
  0x00, 0x00, 0x00, 0x00, 0x00, 0x00, 0x04, 0x9b, 0x04, 0x9b, 0x00, 0x00, 0xa2, 0xb3, 0x64, 0xb3,
  0xa2, 0xb3, 0x83, 0xab, 0x23, 0xb3, 0x63, 0xb3, 0x42, 0xa3, 0xe1, 0x9a, 0xc1, 0x92, 0xa0, 0x92,
  0x00, 0x7a, 0xe0, 0x71, 0x20, 0x82, 0xe0, 0xa2, 0x40, 0xab, 0xc0, 0xcb, 0xa0, 0xd3, 0x80, 0xf5,
  0xc8, 0xff, 0x71, 0xff, 0xb9, 0xf7, 0x8e, 0xff, 0x20, 0xed, 0x40, 0xec, 0xa1, 0xd3, 0x21, 0xa3,
  0xa0, 0x92, 0x80, 0x9a, 0x40, 0x8a, 0x60, 0xb3, 0x22, 0xd4, 0xe1, 0xc3, 0x81, 0x82, 0x61, 0x82,
  0x21, 0xa3, 0x41, 0xa3, 0x61, 0x82, 0x21, 0x72, 0xa1, 0x8a, 0x20, 0x7a, 0x61, 0x8a, 0x61, 0x7a,
  0x41, 0x7a, 0x61, 0x82, 0x61, 0x82, 0x61, 0x82, 0xa1, 0x8a, 0x20, 0x72, 0xe0, 0x69, 0x60, 0x7a,
  0xa1, 0x92, 0xa1, 0x92, 0xc1, 0x92, 0x22, 0x9b, 0x42, 0xa3, 0x21, 0xa3, 0x62, 0xab, 0x62, 0xb3,
  0x62, 0xab, 0x82, 0xab, 0x42, 0xab, 0xa2, 0xab, 0x43, 0xa3, 0x02, 0x9b, 0x02, 0x9b, 0xe2, 0x8a,
  0x01, 0x93, 0xe1, 0x92, 0xa1, 0x8a, 0xc1, 0x8a, 0xa1, 0x8a, 0xa1, 0x8a, 0x81, 0x8a, 0xa1, 0x8a,
  0xc1, 0x9a, 0x21, 0xab, 0x21, 0xa3, 0xc2, 0xbb, 0x03, 0xc4, 0x41, 0xab, 0x21, 0xab, 0xa0, 0x92,
  0x20, 0x7a, 0x60, 0x8a, 0x60, 0x82, 0x20, 0x72, 0x20, 0x7a, 0x80, 0x8a, 0x20, 0x7a, 0xa0, 0x92,
  0x42, 0xd4, 0xe1, 0xcb, 0xe1, 0xc3, 0xc2, 0xbb, 0x20, 0x7a, 0xe0, 0x79, 0x81, 0xdc, 0x20, 0xe4,
  0x20, 0xf5, 0xe1, 0xfe, 0xe6, 0xfe, 0x0a, 0xff, 0xf1, 0xff, 0xd3, 0xff, 0x6c, 0xff, 0x84, 0xfe,
  0x81, 0xf5, 0x00, 0xf5, 0xa0, 0xe4, 0x20, 0xd4, 0xc0, 0xaa, 0x40, 0xb3, 0x80, 0xbb, 0xe0, 0xc3,
  0x00, 0xdc, 0xa0, 0xcb, 0x80, 0xc3, 0xa0, 0x9a, 0x60, 0x8a, 0x81, 0xb3, 0xe1, 0x9a, 0x80, 0x82,
  0xc1, 0x92, 0xc1, 0x92, 0x21, 0x9b, 0x02, 0x9b, 0x23, 0xa3, 0x43, 0xa3, 0x63, 0xa3, 0x23, 0x9b,
  0xe3, 0x8a, 0xc3, 0x8a, 0xe3, 0x8a, 0xe3, 0x8a, 0xe3, 0x8a, 0x64, 0xa3, 0x08, 0x84, 0x00, 0x00,
  0x00, 0x00, 0x00, 0x00, 0x00, 0x00, 0x00, 0x00, 0x00, 0x00, 0x00, 0x00, 0x00, 0x00, 0x00, 0x00,
  0x00, 0x00, 0x00, 0x00, 0x00, 0x00, 0x00, 0x00, 0x00, 0x00, 0x00, 0x00, 0x00, 0x00, 0x00, 0x00,
  0x00, 0x00, 0x00, 0x00, 0x00, 0x00, 0x00, 0x00, 0x00, 0x00, 0x00, 0x00, 0x00, 0x00, 0x00, 0x00,
  0x00, 0x00, 0x00, 0x00, 0x00, 0x00, 0x00, 0x00, 0x00, 0x00, 0x00, 0x00, 0x00, 0x00, 0x00, 0x00,
  0x00, 0x00, 0x00, 0x00, 0x00, 0x00, 0x00, 0x00, 0x00, 0x00, 0x00, 0x00, 0x00, 0x00, 0x00, 0x00,
  0x00, 0x00, 0x00, 0x00, 0x00, 0x00, 0x00, 0x00, 0x00, 0x00, 0x00, 0x00, 0x00, 0x00, 0x00, 0x00,
  0x00, 0x00, 0x00, 0x00, 0x00, 0x00, 0x00, 0x00, 0x00, 0x84, 0x00, 0x00, 0x00, 0x00, 0x00, 0xf8,
  0x00, 0x00, 0x00, 0x00, 0x00, 0x00, 0x44, 0xab, 0x83, 0xab, 0x42, 0xab, 0x43, 0xa3, 0x04, 0x9b,
  0x83, 0xb3, 0x83, 0xab, 0x83, 0xb3, 0x62, 0xa3, 0x02, 0x9b, 0xc1, 0x9a, 0x80, 0x92, 0x80, 0x92,
  0x60, 0x8a, 0x00, 0xab, 0xa0, 0xa2, 0xc0, 0xcb, 0xc1, 0xe4, 0x80, 0xec, 0x07, 0xff, 0xd2, 0xff,
  0xf3, 0xf7, 0xf0, 0xff, 0x88, 0xff, 0x40, 0xed, 0xa0, 0xd3, 0x60, 0x9a, 0xe2, 0xaa, 0xa1, 0x9a,
  0x80, 0x8a, 0xa0, 0x92, 0x60, 0x8a, 0x00, 0xab, 0x02, 0xd4, 0x61, 0xa3, 0x20, 0x72, 0x20, 0x72,
  0x01, 0x93, 0x21, 0x9b, 0x81, 0x8a, 0x01, 0x6a, 0xc1, 0x61, 0xc1, 0x92, 0xa1, 0x92, 0xc1, 0x92,
  0xe2, 0x92, 0x22, 0x9b, 0x03, 0x9b, 0x23, 0x9b, 0x83, 0xab, 0x43, 0xa3, 0x22, 0xab, 0x63, 0xab,
  0x42, 0xab, 0x05, 0xac, 0x20, 0x9b, 0x00, 0xac, 0x04, 0x9b, 0x22, 0xab, 0x22, 0xa3, 0x83, 0xab,
  0xa2, 0x9b, 0x42, 0xab, 0xa2, 0xa3, 0x20, 0x9b, 0x64, 0xb3, 0x02, 0xac, 0xa2, 0xab, 0x83, 0xb3,
  0xc3, 0xab, 0xa2, 0xab, 0x61, 0xab, 0x62, 0xab, 0x22, 0xa3, 0x83, 0xb3, 0x62, 0xab, 0x21, 0xa3,
  0xe1, 0x92, 0xc1, 0x92, 0xa1, 0x8a, 0x40, 0x7a, 0x20, 0x7a, 0x00, 0x72, 0x20, 0x72, 0x60, 0x82,
  0x20, 0xa3, 0xe1, 0xc3, 0x61, 0xab, 0xe0, 0x9a, 0x80, 0x8a, 0xe1, 0x92, 0x60, 0x82, 0x00, 0x7a,
  0x40, 0x82, 0xa0, 0x9a, 0x41, 0xab, 0x61, 0xab, 0x20, 0xa3, 0x01, 0xcc, 0xa0, 0x92, 0x01, 0x72,
  0x80, 0xb3, 0xe0, 0xec, 0x40, 0xf5, 0xa1, 0xf5, 0x6a, 0xff, 0xef, 0xff, 0xf4, 0xff, 0xf7, 0xff,
  0xd1, 0xff, 0x64, 0xfe, 0x20, 0xfe, 0xa1, 0xf5, 0x42, 0xdc, 0x80, 0xec, 0x20, 0xdc, 0x21, 0xd4,
  0xa0, 0xc3, 0x00, 0xab, 0x20, 0xb3, 0x20, 0xb3, 0xe0, 0xa2, 0xa1, 0x92, 0xc1, 0x9a, 0xe1, 0x9a,
  0xc1, 0x9a, 0xc1, 0x92, 0x81, 0xb3, 0xc2, 0xc3, 0x01, 0xa3, 0x83, 0xab, 0x43, 0xa3, 0xe3, 0x92,
  0xa2, 0x82, 0xe3, 0x8a, 0xe3, 0x92, 0xe3, 0x92, 0x03, 0x93, 0x08, 0x84, 0x08, 0x84, 0x00, 0x00,
  0x00, 0x00, 0x00, 0x00, 0x00, 0x00, 0x00, 0x00, 0x00, 0x00, 0x00, 0x00, 0x00, 0x00, 0x00, 0x00,
  0x00, 0x00, 0x00, 0x00, 0x00, 0x00, 0x00, 0x00, 0x00, 0x00, 0x00, 0x00, 0x00, 0x00, 0x00, 0x00,
  0x00, 0x00, 0x00, 0x00, 0x00, 0x00, 0x00, 0x00, 0x00, 0x00, 0x00, 0x00, 0x00, 0x00, 0x00, 0x00,
  0x00, 0x00, 0x00, 0x00, 0x00, 0x00, 0x00, 0x00, 0x00, 0x00, 0x00, 0x00, 0x00, 0x00, 0x00, 0x00,
  0x00, 0x00, 0x00, 0x00, 0x00, 0x00, 0x00, 0x00, 0x00, 0x00, 0x00, 0x00, 0x00, 0x00, 0x00, 0x00,
  0x00, 0x00, 0x00, 0x00, 0x00, 0x00, 0x00, 0x00, 0x00, 0x00, 0x00, 0x00, 0x00, 0x00, 0x00, 0x00,
  0x00, 0x00, 0x00, 0x00, 0x00, 0x00, 0x00, 0x00, 0x00, 0x00, 0x00, 0x00, 0x00, 0x00, 0x00, 0xf8,
  0x00, 0xf8, 0x26, 0x9b, 0x00, 0x84, 0x26, 0x9b, 0x23, 0xab, 0x02, 0x9b, 0x02, 0x9b, 0x83, 0xab,
  0x62, 0xb3, 0x42, 0xa3, 0xe2, 0x9a, 0xc1, 0x92, 0xc1, 0x92, 0xc0, 0x92, 0xa0, 0x8a, 0x60, 0x8a,
  0x80, 0x92, 0x60, 0xc3, 0xc0, 0xdb, 0xe0, 0xd3, 0xc1, 0xec, 0xa3, 0xfe, 0xd3, 0xff, 0xf4, 0xff,
  0xf4, 0xff, 0xa2, 0xfe, 0xc0, 0xec, 0xa1, 0xa2, 0x00, 0xcc, 0x61, 0x9a, 0x62, 0xbb, 0x41, 0xb3,
  0xe1, 0xd3, 0xe1, 0xd3, 0xc0, 0x9a, 0x20, 0x7a, 0xa1, 0x92, 0xa0, 0x59, 0x21, 0x72, 0x81, 0x82,
  0x20, 0x72, 0xe0, 0x61, 0xe0, 0x61, 0x01, 0x6a, 0xc2, 0x8a, 0x42, 0xa3, 0x22, 0xa3, 0x42, 0xab,
  0x42, 0xab, 0xa2, 0xa3, 0x83, 0xab, 0x00, 0xf8, 0x00, 0x84, 0xa2, 0xa3, 0x00, 0x00, 0x00, 0x00,
  0x04, 0x9b, 0xa0, 0xaa, 0x00, 0xbc, 0x00, 0xf8, 0x00, 0xbc, 0xa2, 0x9b, 0x64, 0xb3, 0x05, 0xac,
  0x00, 0xf8, 0xa2, 0xa3, 0x20, 0x9b, 0xa0, 0xaa, 0x20, 0x9b, 0xa0, 0xaa, 0x05, 0xac, 0x83, 0xab,
  0xa0, 0xaa, 0x20, 0x9b, 0x05, 0xac, 0x83, 0xab, 0x62, 0xa3, 0x83, 0xab, 0x20, 0x9b, 0x00, 0x00,
  0x64, 0xb3, 0x00, 0xac, 0x04, 0x9b, 0x21, 0xa3, 0xc1, 0x9a, 0xa1, 0x82, 0x41, 0x7a, 0x21, 0x72,
  0x81, 0x82, 0x80, 0x8a, 0x80, 0x82, 0xc1, 0x92, 0x01, 0x9b, 0x60, 0x82, 0xc0, 0x9a, 0xc0, 0x9a,
  0x40, 0x82, 0xc0, 0x92, 0x80, 0x82, 0xe0, 0x71, 0xc0, 0x9a, 0x41, 0xcc, 0x40, 0xab, 0x20, 0x7a,
  0x40, 0x82, 0x80, 0x92, 0xe1, 0xc3, 0x20, 0xed, 0xc6, 0xf5, 0x8f, 0xff, 0x8d, 0xff, 0xf6, 0xff,
  0xd9, 0xf7, 0xf4, 0xff, 0x8e, 0xff, 0xc5, 0xfe, 0x44, 0xf6, 0x40, 0xed, 0xe0, 0xcb, 0x01, 0xed,
  0x20, 0xab, 0xe0, 0xa2, 0x81, 0xbb, 0xa1, 0xc3, 0x40, 0xb3, 0x60, 0x8a, 0xc0, 0x9a, 0xc0, 0x9a,
  0x41, 0xb3, 0x62, 0xab, 0x21, 0xa3, 0x61, 0xb3, 0x40, 0xa3, 0x62, 0xab, 0xe2, 0x92, 0xe2, 0x92,
  0x43, 0x9b, 0x23, 0x9b, 0x02, 0x93, 0x03, 0x93, 0x23, 0x9b, 0x83, 0xab, 0x04, 0x9b, 0x00, 0x00,
  0x00, 0x00, 0x00, 0x00, 0x00, 0x00, 0x00, 0x00, 0x00, 0x00, 0x00, 0x00, 0x00, 0x00, 0x00, 0x00,
  0x00, 0x00, 0x00, 0x00, 0x00, 0x00, 0x00, 0x00, 0x00, 0x00, 0x00, 0x00, 0x00, 0x00, 0x00, 0x00,
  0x00, 0x00, 0x00, 0x00, 0x00, 0x00, 0x00, 0x00, 0x00, 0x00, 0x00, 0x00, 0x00, 0x00, 0x00, 0x00,
  0x00, 0x00, 0x00, 0x00, 0x00, 0x00, 0x00, 0x00, 0x00, 0x00, 0x00, 0x00, 0x00, 0x00, 0x00, 0x00,
  0x00, 0x00, 0x00, 0x00, 0x00, 0x00, 0x00, 0x00, 0x00, 0x00, 0x00, 0x00, 0x00, 0x00, 0x00, 0x00,
  0x00, 0x00, 0x00, 0x00, 0x00, 0x00, 0x00, 0x00, 0x00, 0x00, 0x00, 0x84, 0x00, 0x00, 0x00, 0x00,
  0x00, 0x00, 0x00, 0x00, 0x00, 0x00, 0x00, 0xf8, 0x26, 0x9b, 0x05, 0xac, 0x00, 0x84, 0x00, 0x00,
  0x00, 0x00, 0x00, 0xbc, 0x04, 0x9b, 0x83, 0xab, 0x02, 0x93, 0x81, 0x82, 0x63, 0xab, 0xa4, 0xab,
  0x42, 0xa3, 0x02, 0x9b, 0xa1, 0x8a, 0x81, 0x82, 0xe1, 0x9a, 0x60, 0x82, 0xe2, 0x9a, 0xe0, 0xa2,
  0x80, 0xc3, 0x40, 0xe4, 0x80, 0xec, 0x25, 0xfe, 0x27, 0xff, 0x48, 0xff, 0xae, 0xff, 0x6a, 0xff,
  0x80, 0xfd, 0x60, 0xe4, 0x81, 0xc3, 0xc1, 0xc3, 0xc0, 0xa2, 0x42, 0xb3, 0x43, 0xdc, 0xc1, 0xcb,
  0x82, 0xc3, 0xa2, 0xc3, 0x40, 0x82, 0xa0, 0x61, 0x41, 0x82, 0x61, 0x82, 0x21, 0x7a, 0x61, 0x82,
  0xe0, 0x71, 0x40, 0x7a, 0x62, 0x9b, 0x82, 0xab, 0x83, 0xb3, 0x04, 0x9b, 0x83, 0xab, 0x00, 0x00,
  0xa0, 0xaa, 0x00, 0xf8, 0x00, 0x00, 0x00, 0xf8, 0xa0, 0xaa, 0x20, 0x9b, 0x00, 0xf8, 0x00, 0x00,
  0x00, 0xf8, 0x00, 0x00, 0x00, 0x00, 0x00, 0xf8, 0x00, 0x00, 0x00, 0xbc, 0x00, 0xbc, 0x00, 0xf8,
  0x00, 0x00, 0x00, 0xf8, 0x00, 0x84, 0x00, 0xf8, 0x00, 0x00, 0x00, 0x00, 0x00, 0xf8, 0x00, 0x84,
  0x00, 0x84, 0x00, 0xf8, 0x64, 0xb3, 0x00, 0xf8, 0x00, 0x00, 0x20, 0x9b, 0x64, 0xb3, 0xa0, 0xaa,
  0xa0, 0xaa, 0x00, 0xf8, 0xa0, 0xaa, 0x05, 0xac, 0x00, 0x84, 0x21, 0x9b, 0xe1, 0x9a, 0xe1, 0x92,
  0x81, 0x82, 0x20, 0x7a, 0x20, 0x72, 0x21, 0x72, 0xa0, 0x8a, 0xa1, 0x92, 0x80, 0x8a, 0x60, 0x82,
  0x60, 0x8a, 0x00, 0xa3, 0x80, 0xbb, 0xe1, 0xcb, 0x00, 0xab, 0x80, 0x69, 0x00, 0x7a, 0x80, 0x9a,
  0x21, 0xb3, 0x42, 0xb3, 0x62, 0xab, 0xa1, 0xbb, 0xc0, 0xd3, 0x63, 0xe5, 0xc3, 0xfe, 0xf6, 0xff,
  0xd3, 0xff, 0xd7, 0xff, 0xf9, 0xff, 0xf4, 0xff, 0xc3, 0xfe, 0xc2, 0xfd, 0xe1, 0xec, 0x80, 0xe4,
  0xc1, 0xe4, 0x22, 0xf5, 0x61, 0xdc, 0x22, 0xd4, 0x81, 0xbb, 0x61, 0x8a, 0xc1, 0x9a, 0x21, 0xab,
  0xc2, 0xc3, 0x21, 0xa3, 0x81, 0x82, 0x41, 0x7a, 0xe2, 0x92, 0x42, 0xa3, 0x02, 0x9b, 0xe2, 0x92,
  0x02, 0x9b, 0x02, 0x9b, 0x42, 0x93, 0x43, 0x93, 0x03, 0x9b, 0x45, 0xab, 0x26, 0x9b, 0x23, 0x9b,
  0x00, 0x00, 0x00, 0x00, 0x00, 0x00, 0x00, 0x00, 0x00, 0x00, 0x00, 0x00, 0x00, 0x00, 0x00, 0x00,
  0x00, 0x00, 0x00, 0x00, 0x00, 0x00, 0x00, 0x00, 0x00, 0x00, 0x00, 0x00, 0x00, 0x00, 0x00, 0x00,
  0x00, 0x00, 0x00, 0x00, 0x00, 0x00, 0x00, 0x00, 0x00, 0x00, 0x00, 0x00, 0x00, 0x00, 0x00, 0x00,
  0x00, 0x00, 0x00, 0x00, 0x00, 0x00, 0x00, 0x00, 0x00, 0x00, 0x00, 0x00, 0x00, 0x00, 0x00, 0x00,
  0x00, 0x00, 0x00, 0x00, 0x00, 0x00, 0x00, 0x00, 0x00, 0x00, 0x00, 0x00, 0x00, 0x00, 0x00, 0x00,
  0x00, 0x00, 0x00, 0x00, 0x00, 0x00, 0x83, 0x8b, 0xa3, 0x8a, 0x00, 0x00, 0x00, 0x00, 0x00, 0xf8,
  0x00, 0x84, 0x00, 0x00, 0x00, 0xf8, 0x00, 0x00, 0x00, 0x00, 0x64, 0xb3, 0x00, 0x00, 0x83, 0xab,
  0x00, 0xf8, 0x42, 0xab, 0x43, 0xa3, 0x62, 0xab, 0x62, 0xab, 0x41, 0xab, 0xc0, 0x9a, 0x21, 0x9b,
  0x80, 0x8a, 0x20, 0xab, 0xa0, 0x92, 0xe0, 0x71, 0xc0, 0xa2, 0x20, 0xb3, 0x00, 0xbb, 0x46, 0xdc,
  0x60, 0xe4, 0x40, 0xf5, 0x44, 0xf6, 0xd0, 0xff, 0xf6, 0xff, 0xd2, 0xf7, 0x70, 0xff, 0x00, 0xcc,
  0x00, 0x82, 0x82, 0x9a, 0xe0, 0xaa, 0xa0, 0x92, 0x20, 0xb3, 0x40, 0xbb, 0x60, 0xbb, 0x20, 0xab,
  0x60, 0x8a, 0x00, 0x7a, 0xa0, 0x61, 0xc0, 0x59, 0x21, 0x6a, 0x01, 0x6a, 0x21, 0x72, 0xc2, 0x92,
  0x62, 0xa3, 0x22, 0xa3, 0x02, 0x9b, 0xa5, 0xaa, 0x00, 0xbc, 0x41, 0xa3, 0xa0, 0xaa, 0x00, 0x00,
  0x00, 0xf8, 0x00, 0x00, 0x00, 0x00, 0x00, 0xf8, 0x00, 0x00, 0x00, 0x00, 0x00, 0x00, 0x00, 0xf8,
  0x00, 0x84, 0x00, 0x00, 0x00, 0x00, 0x00, 0x00, 0x00, 0xbc, 0x00, 0x00, 0x00, 0x00, 0x00, 0x00,
  0x00, 0x00, 0x00, 0x00, 0x00, 0x00, 0x00, 0x00, 0x00, 0xf8, 0x00, 0x00, 0x00, 0x00, 0x00, 0x00,
  0x00, 0x00, 0x00, 0x00, 0x00, 0x00, 0x00, 0x84, 0xa0, 0xaa, 0x00, 0x00, 0x00, 0xf8, 0x00, 0x00,
  0x00, 0xf8, 0xa0, 0xaa, 0xa0, 0xaa, 0x00, 0xbc, 0x00, 0xbc, 0x20, 0x9b, 0x23, 0x9b, 0xa2, 0xa3,
  0x22, 0xa3, 0x02, 0x9b, 0x81, 0x82, 0x61, 0x7a, 0x61, 0x7a, 0x80, 0x59, 0xa0, 0x61, 0x60, 0x82,
  0xe1, 0x92, 0x60, 0x7a, 0x80, 0x82, 0x82, 0xab, 0x42, 0xa3, 0x20, 0xab, 0x00, 0xb3, 0x80, 0x9a,
  0x60, 0x8a, 0x80, 0x92, 0xc0, 0xa2, 0x80, 0xbb, 0xe0, 0xcb, 0xe0, 0xcb, 0x20, 0xed, 0x04, 0xff,
  0xce, 0xff, 0xf6, 0xff, 0xf6, 0xff, 0xf5, 0xff, 0x8b, 0xff, 0xc0, 0xf5, 0xa5, 0xed, 0xa2, 0xbb,
  0x20, 0xb3, 0x20, 0xdc, 0xa2, 0xe4, 0x41, 0xab, 0x60, 0x82, 0xe0, 0xaa, 0xe0, 0xa2, 0x02, 0x9b,
  0x85, 0xab, 0x02, 0x9b, 0xc1, 0x8a, 0x01, 0x9b, 0x22, 0xa3, 0x01, 0xa3, 0x21, 0xa3, 0xe1, 0x9a,
  0x22, 0xa3, 0x22, 0x9b, 0x41, 0x93, 0x23, 0x9b, 0x43, 0x9b, 0xe5, 0x92, 0x43, 0x93, 0x43, 0xa3,
  0x00, 0x00, 0x00, 0x00, 0x00, 0x00, 0x00, 0x00, 0x00, 0x00, 0x00, 0x00, 0x00, 0x00, 0x00, 0x00,
  0x00, 0x00, 0x00, 0x00, 0x00, 0x00, 0x00, 0x00, 0x00, 0x00, 0x00, 0x00, 0x00, 0x00, 0x00, 0x00,
  0x00, 0x00, 0x00, 0x00, 0x00, 0x00, 0x00, 0x00, 0x00, 0x00, 0x00, 0x00, 0x00, 0x00, 0x00, 0x00,
  0x00, 0x00, 0x00, 0x00, 0x00, 0x00, 0x00, 0x00, 0x00, 0x00, 0x00, 0x00, 0x00, 0x00, 0x00, 0x00,
  0x00, 0x00, 0x00, 0x00, 0x00, 0x00, 0x00, 0x00, 0x00, 0x00, 0x00, 0x00, 0x00, 0x00, 0x00, 0x00,
  0x00, 0x00, 0x00, 0x00, 0x00, 0x00, 0x00, 0x84, 0x00, 0xf8, 0x00, 0x84, 0x00, 0x00, 0x00, 0xbc,
  0x64, 0x93, 0x00, 0x00, 0x00, 0x00, 0x00, 0x00, 0x00, 0x00, 0x00, 0xbc, 0x00, 0x00, 0x20, 0x9b,
  0x20, 0x9b, 0x42, 0xab, 0x22, 0xa3, 0x42, 0xa3, 0xe3, 0xbb, 0xe0, 0xa2, 0xe0, 0x9a, 0x42, 0xab,
  0x40, 0x82, 0xe1, 0x9a, 0xe1, 0x9a, 0x80, 0x92, 0xe0, 0xa2, 0x00, 0xbb, 0x21, 0xc3, 0xc1, 0xec,
  0x22, 0xfe, 0x29, 0xff, 0xaa, 0xff, 0xf3, 0xff, 0xf2, 0xff, 0x04, 0xfe, 0x01, 0xed, 0x60, 0xc3,
  0xc1, 0x9a, 0x40, 0x92, 0x80, 0xc3, 0x01, 0xd4, 0x00, 0xab, 0x00, 0xab, 0xa0, 0xc3, 0x20, 0x82,
  0x80, 0x59, 0x00, 0x72, 0x20, 0x72, 0xa1, 0x8a, 0x42, 0xab, 0x81, 0x8a, 0x02, 0x9b, 0x02, 0x9b,
  0x41, 0xa3, 0x02, 0x9b, 0x20, 0x9b, 0x05, 0xac, 0x00, 0xf8, 0x00, 0x84, 0x00, 0x00, 0x00, 0x00,
  0x00, 0x00, 0x00, 0x00, 0x00, 0x00, 0x00, 0x00, 0x00, 0x84, 0x00, 0x00, 0x00, 0x00, 0x00, 0x00,
  0x00, 0x00, 0x00, 0x00, 0x00, 0x00, 0x00, 0x00, 0x00, 0x00, 0x00, 0x00, 0x00, 0x00, 0x00, 0x00,
  0x00, 0x00, 0x00, 0x00, 0x00, 0x00, 0x00, 0x00, 0x00, 0x00, 0x00, 0x00, 0x00, 0x00, 0x00, 0x00,
  0x00, 0x00, 0x00, 0x00, 0x00, 0x00, 0x00, 0x00, 0xa0, 0xaa, 0x00, 0x00, 0x00, 0x00, 0x00, 0x00,
  0x00, 0x00, 0x00, 0xbc, 0x42, 0xab, 0x00, 0xbc, 0xa0, 0xaa, 0x00, 0x00, 0x00, 0x84, 0x00, 0xf8,
  0x42, 0xab, 0x82, 0xab, 0x41, 0xa3, 0x02, 0x9b, 0xe1, 0x92, 0x81, 0x8a, 0x20, 0x7a, 0x21, 0x72,
  0xe0, 0x71, 0x20, 0x72, 0x60, 0x7a, 0xc1, 0x92, 0x01, 0xc4, 0x41, 0xf5, 0xa2, 0xfd, 0xa1, 0xe4,
  0xc0, 0x92, 0x60, 0x8a, 0x80, 0x8a, 0x21, 0xa3, 0x40, 0xab, 0x00, 0xb3, 0xe0, 0xb2, 0xe0, 0xec,
  0x61, 0xfe, 0xe4, 0xfe, 0xf3, 0xff, 0xf6, 0xff, 0xd4, 0xff, 0x26, 0xf6, 0xc0, 0xe3, 0xa3, 0xf5,
  0xa1, 0xdc, 0xa0, 0xc3, 0x20, 0xbb, 0x83, 0xe4, 0xc0, 0xbb, 0xe0, 0xaa, 0xe0, 0xa2, 0x22, 0xa3,
  0x21, 0xa3, 0x61, 0x8a, 0x80, 0x92, 0x01, 0xa3, 0xc2, 0x92, 0x62, 0xab, 0x02, 0x9b, 0xe2, 0x92,
  0x62, 0xa3, 0xc3, 0xbb, 0xa4, 0xab, 0x43, 0xa3, 0x62, 0xab, 0x24, 0x9b, 0xe3, 0x92, 0xe3, 0x92,
  0x00, 0x00, 0x00, 0x00, 0x00, 0x00, 0x00, 0x00, 0x00, 0x00, 0x00, 0x00, 0x00, 0x00, 0x00, 0x00,
  0x00, 0x00, 0x00, 0x00, 0x00, 0x00, 0x00, 0x00, 0x00, 0x00, 0x00, 0x00, 0x00, 0x00, 0x00, 0x00,
  0x00, 0x00, 0x00, 0x00, 0x00, 0x00, 0x00, 0x00, 0x00, 0x00, 0x00, 0x00, 0x00, 0x00, 0x00, 0x00,
  0x00, 0x00, 0x00, 0x00, 0x00, 0x00, 0x00, 0x00, 0x00, 0x00, 0x00, 0x00, 0x00, 0x00, 0x00, 0x00,
  0x00, 0x00, 0x00, 0x00, 0x00, 0x00, 0x00, 0x00, 0x00, 0x00, 0x00, 0x00, 0x00, 0x00, 0x00, 0x00,
  0x00, 0x00, 0x00, 0x00, 0x00, 0x00, 0x83, 0x8b, 0x64, 0x93, 0x00, 0x00, 0x26, 0x9b, 0x42, 0xab,
  0x64, 0x93, 0xa5, 0xaa, 0x00, 0x00, 0x00, 0xf8, 0xa0, 0xaa, 0xa0, 0xaa, 0x00, 0x00, 0x00, 0x00,
  0xa0, 0xaa, 0x05, 0xac, 0x82, 0xab, 0x02, 0x9b, 0x42, 0xa3, 0xe1, 0x9a, 0xa0, 0x8a, 0x20, 0xab,
  0x20, 0xab, 0x40, 0x82, 0x80, 0x8a, 0x61, 0xb3, 0xa0, 0x9a, 0x02, 0xc3, 0xc0, 0xdb, 0x81, 0xf5,
  0xd0, 0xff, 0xf4, 0xff, 0xf4, 0xff, 0x28, 0xff, 0x80, 0xf5, 0xa0, 0xcb, 0x80, 0xc3, 0xa0, 0xa2,
  0x20, 0xab, 0x00, 0xd4, 0xa0, 0xbb, 0x00, 0xab, 0x20, 0x82, 0x80, 0x92, 0x81, 0xbb, 0xe1, 0x9a,
  0x21, 0x72, 0x81, 0x8a, 0xa1, 0x8a, 0x02, 0x9b, 0x83, 0xa3, 0x41, 0xa3, 0x00, 0xac, 0x00, 0xac,
  0xa0, 0xaa, 0x00, 0xbc, 0x00, 0x84, 0x64, 0xb3, 0x00, 0x84, 0x00, 0x00, 0x00, 0x00, 0x00, 0x00,
  0x00, 0x00, 0x00, 0x00, 0x00, 0x00, 0x00, 0x00, 0x00, 0xf8, 0x00, 0x00, 0x00, 0x00, 0x00, 0xf8,
  0x00, 0x00, 0x00, 0x00, 0x00, 0x00, 0x00, 0x00, 0x00, 0x00, 0x00, 0x84, 0x00, 0x00, 0x00, 0x00,
  0x00, 0x00, 0x00, 0x00, 0x00, 0x00, 0x00, 0xf8, 0x00, 0xf8, 0x00, 0x00, 0x00, 0x00, 0x00, 0x00,
  0x00, 0x00, 0x00, 0x00, 0x00, 0x00, 0x00, 0x00, 0x00, 0x00, 0x20, 0x9b, 0x00, 0x00, 0x00, 0x00,
  0x00, 0x00, 0x00, 0x00, 0x00, 0x00, 0xa0, 0xaa, 0xa0, 0xaa, 0x00, 0x00, 0x00, 0x00, 0x00, 0x00,
  0x00, 0x00, 0x00, 0x00, 0x00, 0x00, 0x23, 0xb3, 0x42, 0xab, 0x00, 0xbc, 0x03, 0xcc, 0xc3, 0xc3,
  0x22, 0x9b, 0x41, 0x82, 0xe0, 0x69, 0xc0, 0x59, 0x80, 0x82, 0xe0, 0x9a, 0xc1, 0xe4, 0xc0, 0xbb,
  0x60, 0xb3, 0x60, 0xb3, 0x80, 0x8a, 0xa1, 0x8a, 0xe1, 0x9a, 0x21, 0xb3, 0xe0, 0xb2, 0x40, 0xbb,
  0x41, 0xe4, 0x20, 0xfe, 0x61, 0xfe, 0x63, 0xfe, 0xf4, 0xff, 0xf8, 0xff, 0xe1, 0xfd, 0xc0, 0xfd,
  0xe3, 0xf5, 0x82, 0xed, 0x20, 0xb3, 0x60, 0xc3, 0x21, 0xd4, 0x40, 0xc3, 0xe0, 0xaa, 0xa1, 0xc3,
  0x60, 0xb3, 0x40, 0x8a, 0x80, 0xb3, 0xe3, 0xe4, 0xa1, 0xb3, 0xa1, 0x8a, 0xa1, 0x8a, 0x82, 0xab,
  0x63, 0xab, 0x44, 0xa3, 0x03, 0x9b, 0xc2, 0x92, 0xe1, 0x92, 0x23, 0x93, 0xe3, 0x8a, 0xe3, 0x8a,
  0x00, 0x00, 0x00, 0x00, 0x00, 0x00, 0x00, 0x00, 0x00, 0x00, 0x00, 0x00, 0x00, 0x00, 0x00, 0x00,
  0x00, 0x00, 0x00, 0x00, 0x00, 0x00, 0x00, 0x00, 0x00, 0x00, 0x00, 0x00, 0x00, 0x00, 0x00, 0x00,
  0x00, 0x00, 0x00, 0x00, 0x00, 0x00, 0x00, 0x00, 0x00, 0x00, 0x00, 0x00, 0x00, 0x00, 0x00, 0x00,
  0x00, 0x00, 0x00, 0x00, 0x00, 0x00, 0x00, 0x00, 0x00, 0x00, 0x00, 0x00, 0x00, 0x00, 0x00, 0x00,
  0x00, 0x00, 0x00, 0x00, 0x00, 0x00, 0x00, 0x00, 0x00, 0x00, 0x00, 0x00, 0x00, 0x00, 0x00, 0x00,
  0x00, 0x00, 0x00, 0x00, 0x00, 0x00, 0x00, 0x00, 0xe2, 0xa2, 0x00, 0x84, 0x42, 0xab, 0x83, 0xab,
  0x26, 0x9b, 0x26, 0x9b, 0xa0, 0xaa, 0x00, 0x00, 0x00, 0x00, 0x00, 0xbc, 0x20, 0x9b, 0x00, 0x84,
  0x00, 0x00, 0x00, 0x00, 0x82, 0xb3, 0x01, 0x9b, 0xe1, 0x9a, 0xe1, 0x92, 0x40, 0x82, 0x60, 0x8a,
  0xc0, 0x9a, 0xe0, 0x9a, 0x21, 0xcc, 0x20, 0xb3, 0x60, 0xbb, 0x40, 0xed, 0x23, 0xfe, 0xd0, 0xff,
  0xf2, 0xff, 0x4e, 0xff, 0x0b, 0xff, 0x62, 0xfe, 0x80, 0xbb, 0x40, 0x92, 0x80, 0x71, 0x60, 0x8a,
  0x84, 0xf5, 0xe0, 0xc3, 0x20, 0x82, 0x00, 0x82, 0x20, 0x7a, 0x81, 0x8a, 0x42, 0xa3, 0x61, 0x82,
  0x21, 0x7a, 0xe1, 0x9a, 0x21, 0xab, 0x62, 0xa3, 0x20, 0x9b, 0x00, 0xbc, 0x00, 0xf8, 0x00, 0xbc,
  0x00, 0x00, 0x00, 0xf8, 0x00, 0x00, 0x00, 0xf8, 0x00, 0x00, 0x00, 0xf8, 0x00, 0x00, 0x00, 0x00,
  0x00, 0x00, 0x00, 0x00, 0x00, 0x00, 0x00, 0x00, 0x00, 0x84, 0x00, 0x00, 0x00, 0x00, 0xa0, 0xaa,
  0x00, 0x00, 0x00, 0x00, 0x00, 0x00, 0x00, 0x00, 0x00, 0x00, 0x00, 0x00, 0x00, 0x00, 0x00, 0x00,
  0x00, 0x00, 0x00, 0x00, 0x00, 0x00, 0x00, 0x00, 0x00, 0xf8, 0x00, 0x00, 0x00, 0x00, 0x00, 0x00,
  0x00, 0x00, 0x00, 0x00, 0x00, 0x00, 0x00, 0x00, 0x00, 0x00, 0x00, 0x00, 0x00, 0x00, 0x00, 0xf8,
  0x00, 0x00, 0x00, 0x00, 0x00, 0x00, 0x00, 0x00, 0x00, 0x84, 0x00, 0x00, 0x00, 0x00, 0xa0, 0xaa,
  0x00, 0x00, 0x00, 0xf8, 0x00, 0x00, 0x00, 0x00, 0x20, 0x9b, 0x42, 0xab, 0x83, 0xab, 0x82, 0xab,
  0xa2, 0xbb, 0x21, 0x9b, 0xe1, 0x92, 0x61, 0x82, 0xe0, 0x69, 0xc0, 0x71, 0x60, 0x82, 0xe0, 0x69,
  0x40, 0x82, 0xa0, 0xbb, 0x20, 0xa3, 0x20, 0x9b, 0x01, 0x9b, 0x60, 0x8a, 0xc1, 0xa2, 0x80, 0xc3,
  0xe1, 0xcb, 0xe0, 0xec, 0x41, 0xdc, 0xe0, 0xec, 0x67, 0xff, 0xf6, 0xff, 0xf7, 0xff, 0xd5, 0xff,
  0x60, 0xf5, 0xc0, 0xe4, 0x61, 0xed, 0x60, 0xc3, 0x00, 0xcc, 0x41, 0xd4, 0x80, 0xc3, 0x60, 0xc3,
  0x20, 0xb3, 0xc0, 0xc3, 0x00, 0xe5, 0xe0, 0xec, 0x42, 0xed, 0x00, 0xa3, 0xa0, 0xbb, 0x20, 0xdc,
  0x01, 0x9b, 0x83, 0x82, 0x62, 0x82, 0x61, 0x82, 0x21, 0x9b, 0xe2, 0x92, 0x43, 0x9b, 0xa4, 0x9b,
  0x00, 0x00, 0x00, 0x00, 0x00, 0x00, 0x00, 0x00, 0x00, 0x00, 0x00, 0x00, 0x00, 0x00, 0x00, 0x00,
  0x00, 0x00, 0x00, 0x00, 0x00, 0x00, 0x00, 0x00, 0x00, 0x00, 0x00, 0x00, 0x00, 0x00, 0x00, 0x00,
  0x00, 0x00, 0x00, 0x00, 0x00, 0x00, 0x00, 0x00, 0x00, 0x00, 0x00, 0x00, 0x00, 0x00, 0x00, 0x00,
  0x00, 0x00, 0x00, 0x00, 0x00, 0x00, 0x00, 0x00, 0x00, 0x00, 0x00, 0x00, 0x00, 0x00, 0x00, 0x00,
  0x00, 0x00, 0x00, 0x00, 0x00, 0x00, 0x00, 0x00, 0x00, 0x00, 0x00, 0x00, 0x00, 0x00, 0x00, 0x00,
  0x00, 0x00, 0x00, 0x00, 0x00, 0x84, 0x00, 0x00, 0xa2, 0xa3, 0xc2, 0x8a, 0x03, 0x9b, 0x03, 0x9b,
  0x24, 0xab, 0x83, 0xa3, 0xa2, 0xb3, 0x00, 0x00, 0xa2, 0xa3, 0x20, 0x9b, 0x83, 0xab, 0x00, 0x00,
  0xa2, 0xb3, 0x82, 0xab, 0x82, 0xab, 0x01, 0xa3, 0x60, 0x82, 0x80, 0x92, 0xe0, 0xaa, 0x60, 0x92,
  0x80, 0x92, 0xc1, 0xc3, 0x24, 0xed, 0x00, 0xcc, 0x01, 0xed, 0x63, 0xfe, 0xb6, 0xff, 0xb3, 0xff,
  0xae, 0xff, 0x66, 0xff, 0xc1, 0xfd, 0x61, 0xdc, 0x00, 0xb3, 0x80, 0x92, 0x20, 0xb3, 0x20, 0xd4,
  0x00, 0xa3, 0x80, 0x92, 0x20, 0xab, 0x82, 0x82, 0x60, 0x51, 0x21, 0x7a, 0x41, 0x7a, 0x21, 0x72,
  0xe1, 0x92, 0x22, 0xa3, 0x62, 0xa3, 0x64, 0xb3, 0x00, 0xf8, 0x00, 0x00, 0x00, 0x00, 0x00, 0x00,
  0x00, 0x00, 0x00, 0x00, 0x00, 0x00, 0x00, 0x00, 0x00, 0x00, 0x00, 0x00, 0x00, 0xbc, 0x00, 0x00,
  0x00, 0x00, 0x00, 0x00, 0x00, 0x00, 0x00, 0x00, 0x00, 0x00, 0x00, 0x00, 0x00, 0x00, 0x00, 0x00,
  0x00, 0x00, 0x00, 0x00, 0x00, 0x00, 0x00, 0x00, 0x00, 0x00, 0x00, 0x00, 0x00, 0x00, 0x00, 0x00,
  0x00, 0x00, 0x00, 0x00, 0x00, 0x00, 0x00, 0x00, 0x00, 0x00, 0x00, 0x00, 0x00, 0x00, 0x00, 0x00,
  0x00, 0x00, 0x00, 0x00, 0x00, 0x00, 0x00, 0x00, 0x00, 0x00, 0x00, 0x00, 0x00, 0x00, 0x00, 0x00,
  0x00, 0x00, 0x00, 0x00, 0x00, 0x00, 0x00, 0x00, 0x00, 0x00, 0x00, 0x00, 0x00, 0x00, 0x00, 0x00,
  0x00, 0x00, 0x00, 0x00, 0x00, 0x00, 0x00, 0x00, 0x00, 0xf8, 0xa0, 0xaa, 0x04, 0x9b, 0xa2, 0xab,
  0x81, 0xa3, 0x62, 0xb3, 0x83, 0xb3, 0x82, 0xab, 0xe2, 0x92, 0xc1, 0x92, 0x40, 0x7a, 0x00, 0x72,
  0x60, 0x8a, 0x60, 0xb3, 0xa0, 0xb3, 0x60, 0xab, 0x61, 0xab, 0xa0, 0x9a, 0xc0, 0x9a, 0xe0, 0x9a,
  0x20, 0xab, 0xa1, 0xb3, 0x60, 0xb3, 0x20, 0xdc, 0xc0, 0xfd, 0xeb, 0xff, 0xfc, 0xff, 0xfa, 0xff,
  0x2e, 0xff, 0x62, 0xed, 0x80, 0xec, 0x02, 0xe5, 0xc0, 0xd3, 0xec, 0xed, 0x64, 0xe4, 0xa0, 0xd3,
  0xa1, 0xdc, 0xe1, 0xf5, 0x80, 0xdc, 0xc0, 0xcb, 0xa0, 0xcb, 0xc0, 0xec, 0x61, 0xdc, 0xc1, 0x9a,
  0xa1, 0x61, 0x40, 0x8a, 0x00, 0xd4, 0xe0, 0xe4, 0x02, 0xc4, 0x43, 0xa3, 0x03, 0xb4, 0x62, 0xa3,
  0x00, 0x00, 0x00, 0x00, 0x00, 0x00, 0x00, 0x00, 0x00, 0x00, 0x00, 0x00, 0x00, 0x00, 0x00, 0x00,
  0x00, 0x00, 0x00, 0x00, 0x00, 0x00, 0x00, 0x00, 0x00, 0x00, 0x00, 0x00, 0x00, 0x00, 0x00, 0x00,
  0x00, 0x00, 0x00, 0x00, 0x00, 0x00, 0x00, 0x00, 0x00, 0x00, 0x00, 0x00, 0x00, 0x00, 0x00, 0x00,
  0x00, 0x00, 0x00, 0x00, 0x00, 0x00, 0x00, 0x00, 0x00, 0x00, 0x00, 0x00, 0x00, 0x00, 0x00, 0x00,
  0x00, 0x00, 0x00, 0x00, 0x00, 0x00, 0x00, 0x00, 0x00, 0xf8, 0x00, 0x00, 0x00, 0x00, 0x00, 0x00,
  0x00, 0x00, 0x00, 0x00, 0x00, 0x00, 0x00, 0x00, 0x00, 0xbc, 0x02, 0x9b, 0xe3, 0x9a, 0xa2, 0x8a,
  0xa2, 0x8a, 0x23, 0x9b, 0x05, 0xac, 0x04, 0xb4, 0x23, 0xb3, 0x82, 0xab, 0x83, 0xbb, 0x62, 0xb3,
  0x62, 0xb3, 0x42, 0xa3, 0x41, 0xa3, 0xc1, 0x92, 0x00, 0x72, 0x80, 0x92, 0x00, 0xab, 0x00, 0xd4,
  0xc0, 0xc3, 0x01, 0xdc, 0xe0, 0xdb, 0x02, 0xed, 0x6c, 0xff, 0xd8, 0xff, 0xd3, 0xff, 0xe6, 0xfe,
  0x23, 0xff, 0x42, 0xed, 0x60, 0x9a, 0x61, 0x9a, 0x41, 0xb3, 0x20, 0xdc, 0x61, 0xdc, 0x80, 0xc3,
  0x00, 0x7a, 0x40, 0x82, 0xc1, 0x92, 0x81, 0x82, 0x00, 0x72, 0x61, 0x82, 0x81, 0x8a, 0x02, 0x9b,
  0x01, 0xab, 0x00, 0xbc, 0x20, 0x9b, 0xa0, 0xaa, 0x00, 0x00, 0x00, 0x00, 0x00, 0x00, 0x00, 0x00,
  0x00, 0x00, 0x00, 0x00, 0x00, 0x00, 0x00, 0x00, 0x00, 0x84, 0x00, 0x00, 0x00, 0x00, 0x00, 0x00,
  0x00, 0x00, 0x00, 0x00, 0x00, 0x00, 0x00, 0x00, 0x00, 0x00, 0x00, 0x00, 0x00, 0x00, 0x00, 0x00,
  0x00, 0x00, 0x00, 0x00, 0x00, 0x00, 0x00, 0x00, 0x00, 0x00, 0x00, 0x00, 0x00, 0x00, 0x00, 0x00,
  0x00, 0x00, 0x00, 0x00, 0x00, 0x00, 0x00, 0x00, 0x00, 0x00, 0x00, 0x00, 0x00, 0x00, 0x00, 0x00,
  0x00, 0x00, 0x00, 0x00, 0x00, 0x00, 0x00, 0x00, 0x00, 0x00, 0x00, 0x00, 0x00, 0x00, 0x00, 0x00,
  0x00, 0x00, 0x00, 0x00, 0x00, 0x00, 0x00, 0x00, 0x00, 0x00, 0x00, 0x00, 0x00, 0x00, 0x00, 0x00,
  0x00, 0x00, 0x00, 0x00, 0x00, 0x00, 0x00, 0x00, 0x00, 0xf8, 0x00, 0x84, 0x00, 0x84, 0x00, 0xf8,
  0x04, 0x9b, 0x00, 0xbc, 0x00, 0xac, 0xa2, 0xa3, 0x42, 0xa3, 0x01, 0x9b, 0xc0, 0x92, 0x60, 0x8a,
  0x80, 0x8a, 0xc0, 0x9a, 0xc0, 0x92, 0x60, 0xb3, 0xe0, 0xbb, 0xa0, 0xbb, 0xc0, 0x9a, 0xa0, 0x92,
  0x60, 0x8a, 0x01, 0xa3, 0x60, 0xc3, 0x21, 0xf5, 0xa0, 0xe4, 0x42, 0xfe, 0xac, 0xff, 0xf9, 0xff,
  0xfe, 0xff, 0xd5, 0xff, 0x42, 0xfe, 0xe0, 0xec, 0x21, 0xdc, 0xa7, 0xf5, 0xe2, 0xec, 0xa5, 0xf5,
  0x62, 0xed, 0x01, 0xfe, 0x80, 0xdc, 0x40, 0xe4, 0xa1, 0xdc, 0xa0, 0xe4, 0x81, 0x9a, 0x21, 0x7a,
  0x41, 0x82, 0x60, 0xdc, 0xa0, 0xfd, 0x20, 0xed, 0x61, 0xab, 0x84, 0xa3, 0xc2, 0x8a, 0xe2, 0x8a,
  0x00, 0x00, 0x00, 0x00, 0x00, 0x00, 0x00, 0x00, 0x00, 0x00, 0x00, 0x00, 0x00, 0x00, 0x00, 0x00,
  0x00, 0x00, 0x00, 0x00, 0x00, 0x00, 0x00, 0x00, 0x00, 0x00, 0x00, 0x00, 0x00, 0x00, 0x00, 0x00,
  0x00, 0x00, 0x00, 0x00, 0x00, 0x00, 0x00, 0x00, 0x00, 0x00, 0x00, 0x00, 0x00, 0x00, 0x00, 0x00,
  0x00, 0x00, 0x00, 0x00, 0x00, 0x00, 0x00, 0x00, 0x00, 0x00, 0x00, 0x00, 0x00, 0x00, 0x00, 0x00,
  0x00, 0x00, 0x00, 0x00, 0x00, 0x00, 0x00, 0x00, 0x00, 0x00, 0x00, 0x00, 0x00, 0x00, 0x00, 0x00,
  0x00, 0x00, 0x00, 0x00, 0x00, 0x00, 0x00, 0x00, 0x00, 0x00, 0x82, 0xb3, 0x62, 0xab, 0x81, 0x82,
  0x21, 0x72, 0x21, 0x72, 0x21, 0x72, 0x02, 0x93, 0x64, 0xb3, 0xe1, 0x9a, 0x42, 0xab, 0x62, 0xab,
  0x22, 0xa3, 0x02, 0x9b, 0x81, 0x8a, 0x80, 0x8a, 0xa0, 0x92, 0x00, 0xa3, 0x40, 0xb3, 0x01, 0xf5,
  0x61, 0xf5, 0xc0, 0xec, 0xe1, 0xfd, 0xf2, 0xff, 0xfa, 0xf7, 0x8d, 0xff, 0xc7, 0xfe, 0xc2, 0xfe,
  0x80, 0xed, 0xe0, 0xa2, 0x81, 0x92, 0x00, 0xa3, 0xc1, 0x92, 0xc2, 0xbb, 0xa0, 0x92, 0xe0, 0x71,
  0xe0, 0x71, 0x21, 0xa3, 0x42, 0xa3, 0x02, 0xa3, 0x62, 0xb3, 0xe2, 0x9a, 0x42, 0xab, 0x83, 0xa3,
  0x62, 0xa3, 0x64, 0xb3, 0x00, 0x00, 0x00, 0x00, 0x00, 0x00, 0x00, 0x00, 0x00, 0x00, 0x00, 0x00,
  0x00, 0x00, 0x00, 0x00, 0x00, 0x00, 0x00, 0xf8, 0x00, 0x00, 0x00, 0x00, 0x00, 0x00, 0x00, 0x00,
  0x00, 0x00, 0x00, 0x00, 0x00, 0x00, 0x00, 0x00, 0x00, 0x00, 0x00, 0x00, 0x00, 0x00, 0x00, 0x00,
  0x00, 0x00, 0x00, 0x00, 0x00, 0x00, 0x00, 0x00, 0x00, 0x00, 0x00, 0x00, 0x00, 0x00, 0x00, 0x00,
  0x00, 0x00, 0x00, 0x00, 0x00, 0x00, 0x00, 0x00, 0x00, 0x00, 0x00, 0x00, 0x00, 0x00, 0x00, 0x00,
  0x00, 0x00, 0x00, 0x00, 0x00, 0x00, 0x00, 0x00, 0x00, 0x00, 0x00, 0x00, 0x00, 0x00, 0x00, 0x00,
  0x00, 0x00, 0x00, 0x00, 0x00, 0x00, 0x00, 0x00, 0x00, 0x00, 0x00, 0x00, 0x00, 0x00, 0x00, 0x00,
  0x00, 0x00, 0x00, 0x00, 0x00, 0x00, 0x00, 0x00, 0x00, 0x00, 0x00, 0x00, 0x00, 0xf8, 0x00, 0x00,
  0x00, 0xf8, 0xa0, 0xaa, 0x00, 0x84, 0x00, 0x00, 0x83, 0xab, 0xe1, 0x92, 0x01, 0x93, 0xc1, 0x92,
  0xa1, 0x8a, 0x01, 0x9b, 0xe1, 0x9a, 0xc0, 0x92, 0x60, 0xab, 0x00, 0xa3, 0x60, 0x8a, 0x80, 0xb3,
  0x60, 0xbb, 0xe1, 0xa2, 0xe0, 0xaa, 0x62, 0xe4, 0x03, 0xe5, 0x40, 0xed, 0x06, 0xff, 0x6e, 0xff,
  0xfa, 0xff, 0xfe, 0xf7, 0xf7, 0xff, 0xc6, 0xfe, 0xa1, 0xe4, 0x23, 0xf6, 0xc9, 0xf6, 0x8b, 0xff,
  0x63, 0xed, 0x40, 0xed, 0x80, 0xf5, 0x22, 0xfe, 0xcf, 0xff, 0x21, 0xab, 0xc1, 0x9a, 0x81, 0xbb,
  0x00, 0xcc, 0xc2, 0xfd, 0xe1, 0xe4, 0x60, 0xb3, 0x61, 0xab, 0x02, 0x8b, 0x82, 0x82, 0x03, 0x93,
  0x00, 0x00, 0x00, 0x00, 0x00, 0x00, 0x00, 0x00, 0x00, 0x00, 0x00, 0x00, 0x00, 0x00, 0x00, 0x00,
  0x00, 0x00, 0x00, 0x00, 0x00, 0x00, 0x00, 0x00, 0x00, 0x00, 0x00, 0x00, 0x00, 0x00, 0x00, 0x00,
  0x00, 0x00, 0x00, 0x00, 0x00, 0x00, 0x00, 0x00, 0x00, 0x00, 0x00, 0x00, 0x00, 0x00, 0x00, 0x00,
  0x00, 0x00, 0x00, 0x00, 0x00, 0x00, 0x00, 0x00, 0x00, 0x00, 0x00, 0x00, 0x00, 0x00, 0x00, 0x00,
  0x00, 0x00, 0x00, 0x00, 0x00, 0x00, 0x00, 0x00, 0x00, 0x00, 0x00, 0x00, 0x00, 0x00, 0x00, 0x00,
  0x00, 0x00, 0x00, 0x00, 0x00, 0x00, 0x00, 0x00, 0x00, 0x84, 0xc3, 0xc3, 0x83, 0xb3, 0x81, 0x8a,
  0x63, 0xb3, 0xe3, 0xc3, 0x00, 0x6a, 0x61, 0x82, 0x02, 0xa3, 0xa1, 0x8a, 0xc1, 0x9a, 0xc1, 0x9a,
  0xc1, 0x9a, 0x81, 0x8a, 0x61, 0x82, 0xc1, 0x92, 0x60, 0xab, 0x60, 0xc3, 0x60, 0xe4, 0x60, 0xdc,
  0x02, 0xfe, 0x03, 0xff, 0x8b, 0xff, 0xfa, 0xff, 0xf8, 0xff, 0x8d, 0xff, 0x6f, 0xff, 0x40, 0xec,
  0xe0, 0xb2, 0x21, 0xb3, 0xa2, 0xe4, 0x21, 0xcc, 0xa0, 0x9a, 0xa0, 0x92, 0x80, 0x92, 0xc0, 0x71,
  0x40, 0x82, 0x21, 0xa3, 0x23, 0xcc, 0xc2, 0xc3, 0xa2, 0xbb, 0x22, 0xab, 0x43, 0xab, 0x62, 0xa3,
  0xa0, 0xaa, 0x00, 0x00, 0x00, 0x00, 0xa0, 0xaa, 0x00, 0x00, 0x00, 0x00, 0x00, 0x00, 0x00, 0x00,
  0x00, 0x00, 0x00, 0x00, 0x00, 0x00, 0x00, 0xf8, 0x00, 0x00, 0x00, 0x00, 0x00, 0x00, 0x00, 0x00,
  0x00, 0x00, 0x00, 0x00, 0x00, 0x00, 0x00, 0x00, 0x00, 0x00, 0x00, 0x00, 0x00, 0x00, 0x00, 0x00,
  0x00, 0x00, 0x00, 0x00, 0x00, 0x00, 0x00, 0x00, 0x00, 0x00, 0x00, 0x00, 0x00, 0x00, 0x00, 0x00,
  0x00, 0x00, 0x00, 0x00, 0x00, 0x00, 0x00, 0x00, 0x00, 0x00, 0x00, 0x00, 0x00, 0x00, 0x00, 0x00,
  0x00, 0x00, 0x00, 0x00, 0x00, 0x00, 0x00, 0x00, 0x00, 0x00, 0x00, 0x00, 0x00, 0x00, 0x00, 0x00,
  0x00, 0x00, 0x00, 0x00, 0x00, 0x00, 0x00, 0x00, 0x00, 0x00, 0x00, 0x00, 0x00, 0x00, 0x00, 0x00,
  0x00, 0x00, 0x00, 0x00, 0x00, 0x00, 0x00, 0x00, 0x00, 0x00, 0x00, 0x00, 0x00, 0xbc, 0x00, 0x00,
  0x00, 0x00, 0x00, 0x00, 0xa0, 0xaa, 0x00, 0xf8, 0x00, 0x00, 0xa0, 0xaa, 0x42, 0xab, 0xc2, 0x92,
  0x21, 0x9b, 0x21, 0xa3, 0x01, 0x93, 0x81, 0x82, 0xe0, 0x9a, 0x80, 0x8a, 0x20, 0x82, 0x20, 0xab,
  0xc0, 0xc3, 0x20, 0xab, 0x00, 0xa3, 0xc0, 0xcb, 0x02, 0xed, 0x61, 0xdc, 0x81, 0xf5, 0xe7, 0xfe,
  0x22, 0xff, 0xfd, 0xf7, 0xff, 0xf7, 0xf7, 0xff, 0x87, 0xfe, 0x4a, 0xff, 0x09, 0xff, 0xc0, 0xec,
  0x62, 0xf5, 0x62, 0xfe, 0x0a, 0xff, 0xd6, 0xff, 0xf7, 0xff, 0x22, 0xd4, 0xa1, 0xe4, 0xc0, 0xec,
  0x60, 0xfd, 0xe1, 0xe4, 0x81, 0xbb, 0xe1, 0xa2, 0x21, 0xa3, 0xc1, 0x8a, 0xe2, 0x92, 0x83, 0xab,
  0x00, 0x00, 0x00, 0x00, 0x00, 0x00, 0x00, 0x00, 0x00, 0x00, 0x00, 0x00, 0x00, 0x00, 0x00, 0x00,
  0x00, 0x00, 0x00, 0x00, 0x00, 0x00, 0x00, 0x00, 0x00, 0x00, 0x00, 0x00, 0x00, 0x00, 0x00, 0x00,
  0x00, 0x00, 0x00, 0x00, 0x00, 0x00, 0x00, 0x00, 0x00, 0x00, 0x00, 0x00, 0x00, 0x00, 0x00, 0x00,
  0x00, 0x00, 0x00, 0x00, 0x00, 0x00, 0x00, 0x00, 0x00, 0x00, 0x00, 0x00, 0x00, 0x00, 0x00, 0x00,
  0x00, 0x00, 0x00, 0x00, 0x00, 0x00, 0x00, 0x00, 0x00, 0xf8, 0x00, 0x00, 0x00, 0x00, 0x00, 0x00,
  0x00, 0x00, 0x00, 0x00, 0x00, 0x00, 0x00, 0xbc, 0x83, 0xab, 0x83, 0xab, 0xa0, 0xaa, 0x64, 0xb3,
  0x42, 0xab, 0xe2, 0x92, 0x41, 0x7a, 0x01, 0x9b, 0x22, 0xcc, 0xa2, 0xbb, 0x01, 0xa3, 0x01, 0x82,
  0x00, 0x82, 0x00, 0xa3, 0x01, 0xb3, 0x20, 0x82, 0x00, 0xab, 0x83, 0xbb, 0xa1, 0xe4, 0x61, 0xf5,
  0x2e, 0xff, 0xd3, 0xff, 0xf4, 0xff, 0xb3, 0xff, 0xb2, 0xff, 0xf3, 0xff, 0x22, 0xf5, 0xc0, 0xb2,
  0x20, 0xd4, 0x40, 0xdc, 0x80, 0xc3, 0x00, 0xab, 0x40, 0xdc, 0x80, 0xbb, 0xa0, 0x92, 0x40, 0x82,
  0x80, 0x8a, 0xe0, 0x9a, 0x21, 0xab, 0x42, 0xab, 0x62, 0xb3, 0x22, 0xa3, 0x22, 0xa3, 0x63, 0xab,
  0x23, 0xb3, 0x00, 0x00, 0x04, 0x9c, 0x00, 0xf8, 0x00, 0x00, 0x00, 0xf8, 0x00, 0x00, 0x00, 0x00,
  0x64, 0xb3, 0x23, 0xb3, 0x00, 0x00, 0x00, 0xf8, 0x00, 0x00, 0x00, 0x00, 0x00, 0x00, 0x00, 0x00,
  0x00, 0x00, 0x00, 0x00, 0x00, 0x00, 0x00, 0x00, 0x00, 0x00, 0x00, 0x00, 0x00, 0x00, 0x00, 0x00,
  0x00, 0x00, 0x00, 0x00, 0x00, 0x00, 0x00, 0x00, 0x00, 0x00, 0x00, 0x00, 0x00, 0x00, 0x00, 0x00,
  0x00, 0x00, 0x00, 0x00, 0x00, 0x00, 0x00, 0x00, 0x00, 0x00, 0x00, 0x00, 0x00, 0x00, 0x00, 0x00,
  0x00, 0x00, 0x00, 0x00, 0x00, 0x00, 0x00, 0x00, 0x00, 0x00, 0x00, 0x00, 0x00, 0xf8, 0x00, 0x00,
  0x00, 0x00, 0x00, 0x00, 0x00, 0x00, 0x00, 0x00, 0x00, 0xf8, 0x00, 0x00, 0x00, 0x00, 0x00, 0x00,
  0x00, 0xf8, 0x00, 0x00, 0x05, 0xac, 0x64, 0xb3, 0x00, 0xbc, 0x00, 0xf8, 0x00, 0x00, 0x00, 0x00,
  0x00, 0x00, 0x00, 0x00, 0x00, 0x00, 0x00, 0xbc, 0xa0, 0xaa, 0x61, 0xab, 0x02, 0x9b, 0x42, 0xa3,
  0x62, 0xa3, 0x22, 0xa3, 0x42, 0xab, 0x01, 0x9b, 0x81, 0x82, 0x40, 0x7a, 0x60, 0x8a, 0x60, 0xbb,
  0x41, 0xd4, 0x40, 0xd4, 0x00, 0xa3, 0x21, 0xab, 0x01, 0xcc, 0x02, 0xc4, 0xe2, 0xcb, 0x40, 0xed,
  0x85, 0xff, 0xb1, 0xff, 0xd5, 0xff, 0xf9, 0xff, 0xf8, 0xff, 0xc5, 0xfe, 0xc5, 0xf6, 0xe5, 0xfe,
  0x28, 0xff, 0xac, 0xff, 0x4d, 0xff, 0xc3, 0xf5, 0xe0, 0xe3, 0x21, 0xed, 0x00, 0xcc, 0xe1, 0xa2,
  0x21, 0xab, 0x62, 0xb3, 0x63, 0xab, 0x22, 0xa3, 0x62, 0xab, 0x23, 0xa3, 0x43, 0xa3, 0x62, 0xab,
  0x00, 0x00, 0x00, 0x00, 0x00, 0x00, 0x00, 0x00, 0x00, 0x00, 0x00, 0x00, 0x00, 0x00, 0x00, 0x00,
  0x00, 0x00, 0x00, 0x00, 0x00, 0x00, 0x00, 0x00, 0x00, 0x00, 0x00, 0x00, 0x00, 0x00, 0x00, 0x00,
  0x00, 0x00, 0x00, 0x00, 0x00, 0x00, 0x00, 0x00, 0x00, 0x00, 0x00, 0x00, 0x00, 0x00, 0x00, 0x00,
  0x00, 0x00, 0x00, 0x00, 0x00, 0x00, 0x00, 0x00, 0x00, 0x00, 0x00, 0x00, 0x00, 0x00, 0x00, 0x00,
  0x00, 0x00, 0x00, 0x00, 0x00, 0x00, 0x00, 0x00, 0x00, 0x00, 0x00, 0x00, 0x00, 0x00, 0x00, 0x00,
  0x00, 0x00, 0x00, 0x00, 0x00, 0x00, 0x00, 0x00, 0x00, 0xf8, 0x00, 0x00, 0xa0, 0xaa, 0x64, 0xb3,
  0x42, 0xab, 0x63, 0xa3, 0x82, 0x7a, 0x61, 0x7a, 0x21, 0x9b, 0x45, 0xbc, 0x88, 0xed, 0x23, 0xd4,
  0x61, 0xb3, 0xc0, 0xc3, 0x62, 0xd4, 0x21, 0xe4, 0x20, 0xe4, 0xc0, 0xe4, 0x02, 0xed, 0x6d, 0xff,
  0xf5, 0xff, 0xd4, 0xff, 0xd5, 0xff, 0xb1, 0xff, 0x30, 0xff, 0xc2, 0xe4, 0x20, 0xb3, 0x63, 0xd4,
  0x80, 0xc3, 0x20, 0xbb, 0xa0, 0x9a, 0xe0, 0xa2, 0x80, 0xc3, 0x00, 0xa3, 0x60, 0x92, 0x80, 0x92,
  0xa0, 0x92, 0xe1, 0x92, 0x21, 0xa3, 0x20, 0x9b, 0x23, 0xb3, 0x63, 0xb3, 0x62, 0xb3, 0xe3, 0xbb,
  0xa3, 0xb3, 0x83, 0xab, 0x05, 0xac, 0xa0, 0xaa, 0x00, 0xbc, 0x00, 0x00, 0x00, 0xf8, 0x64, 0xb3,
  0x62, 0xa3, 0x00, 0xf8, 0x00, 0xf8, 0x00, 0xbc, 0x00, 0xf8, 0x00, 0x00, 0x00, 0x00, 0x00, 0x00,
  0x00, 0x00, 0x00, 0x00, 0x00, 0x00, 0x00, 0x00, 0x00, 0x00, 0x00, 0x00, 0x00, 0x00, 0x00, 0x00,
  0x00, 0x00, 0x00, 0x00, 0x00, 0x00, 0x00, 0x00, 0x00, 0x00, 0x00, 0x00, 0x00, 0x00, 0x00, 0x00,
  0x00, 0x00, 0x00, 0x00, 0x00, 0x00, 0x00, 0x00, 0x00, 0x00, 0x00, 0x00, 0x00, 0x00, 0x00, 0x00,
  0x00, 0x00, 0x00, 0x00, 0x00, 0x00, 0x00, 0x00, 0x00, 0x00, 0x00, 0x00, 0x00, 0x00, 0x00, 0x00,
  0x00, 0xf8, 0x00, 0x00, 0x00, 0x00, 0x00, 0x00, 0x00, 0x00, 0x00, 0x00, 0x00, 0x00, 0x00, 0x00,
  0x00, 0x84, 0x00, 0x00, 0x00, 0x00, 0x00, 0x00, 0x00, 0x00, 0x00, 0x00, 0x00, 0x00, 0x00, 0x00,
  0x00, 0x00, 0x00, 0x00, 0x00, 0x00, 0x00, 0x00, 0x00, 0x00, 0x64, 0xb3, 0x04, 0x9b, 0x64, 0xb3,
  0x82, 0x9b, 0x21, 0xa3, 0x82, 0xa3, 0x22, 0xa3, 0x21, 0xa3, 0x61, 0x8a, 0x20, 0x82, 0xe0, 0xa2,
  0xe1, 0xc3, 0x60, 0xdc, 0x60, 0x92, 0x00, 0x7a, 0xa1, 0xbb, 0xe0, 0xb2, 0x60, 0xdc, 0xa1, 0xec,
  0x83, 0xfe, 0xab, 0xff, 0xf7, 0xff, 0xf8, 0xff, 0xf9, 0xff, 0xd2, 0xff, 0x27, 0xff, 0xac, 0xff,
  0xf5, 0xff, 0xb5, 0xff, 0xe8, 0xfe, 0x64, 0xfe, 0x06, 0xf6, 0x02, 0xe5, 0xa0, 0xbb, 0xa0, 0x92,
  0xe1, 0x9a, 0x41, 0xab, 0x01, 0x9b, 0x82, 0xb3, 0xe2, 0xcb, 0xe3, 0x92, 0xe2, 0x92, 0x03, 0x9b,
  0x00, 0x00, 0x00, 0x00, 0x00, 0x00, 0x00, 0x00, 0x00, 0x00, 0x00, 0x00, 0x00, 0x00, 0x00, 0x00,
  0x00, 0x00, 0x00, 0x00, 0x00, 0x00, 0x00, 0x00, 0x00, 0x00, 0x00, 0x00, 0x00, 0x00, 0x00, 0x00,
  0x00, 0x00, 0x00, 0x00, 0x00, 0x00, 0x00, 0x00, 0x00, 0x00, 0x00, 0x00, 0x00, 0x00, 0x00, 0x00,
  0x00, 0x00, 0x00, 0x00, 0x00, 0x00, 0x00, 0x00, 0x00, 0x00, 0x00, 0x00, 0x00, 0x00, 0x00, 0x00,
  0x00, 0x00, 0x00, 0x00, 0x00, 0x00, 0x00, 0x00, 0x00, 0x00, 0x00, 0x00, 0x00, 0x00, 0x00, 0xf8,
  0x00, 0x00, 0x26, 0x9b, 0x00, 0x00, 0x00, 0x00, 0x00, 0x84, 0xa5, 0xaa, 0x83, 0xab, 0x23, 0xb3,
  0x21, 0xa3, 0xa2, 0xb3, 0x21, 0xa3, 0x80, 0x8a, 0xe1, 0x9a, 0x00, 0x7a, 0xc1, 0xb3, 0xa3, 0xed,
  0xa3, 0xe4, 0x80, 0xcb, 0x60, 0xcb, 0x20, 0xec, 0xa0, 0xfd, 0xa1, 0xec, 0x71, 0xff, 0xf7, 0xff,
  0xf1, 0xff, 0x4f, 0xff, 0xf7, 0xff, 0xd2, 0xff, 0xc1, 0xcc, 0xa0, 0xba, 0x01, 0xcc, 0x2d, 0xf6,
  0x62, 0xdc, 0xc0, 0xa2, 0xe1, 0x9a, 0xc0, 0x9a, 0x60, 0x8a, 0xc0, 0x61, 0x20, 0x82, 0xc1, 0x9a,
  0xe1, 0x9a, 0x21, 0xa3, 0x23, 0xb3, 0x60, 0xb3, 0x00, 0xbc, 0x20, 0xcb, 0x42, 0xab, 0x21, 0xa3,
  0x02, 0x9b, 0x42, 0xa3, 0x41, 0xa3, 0x42, 0xab, 0x00, 0xf8, 0x00, 0x84, 0x00, 0x00, 0x00, 0x84,
  0x00, 0x00, 0x00, 0x00, 0x00, 0x00, 0x00, 0x00, 0x00, 0x00, 0x00, 0x00, 0x00, 0x00, 0x00, 0x00,
  0x00, 0x00, 0x00, 0x00, 0x00, 0x00, 0x00, 0x00, 0x00, 0x00, 0x00, 0x00, 0x00, 0x00, 0x00, 0x00,
  0x00, 0x00, 0x00, 0x00, 0x00, 0x00, 0x00, 0x00, 0x00, 0x00, 0x00, 0x00, 0x00, 0x00, 0x00, 0x00,
  0x00, 0x00, 0x00, 0x00, 0x00, 0x00, 0x00, 0x00, 0x00, 0x00, 0x00, 0x00, 0x00, 0x00, 0x00, 0x00,
  0x00, 0x00, 0x00, 0x00, 0x00, 0x00, 0x00, 0x00, 0x00, 0x00, 0x00, 0x00, 0x00, 0x00, 0x00, 0x00,
  0x00, 0x00, 0x00, 0x00, 0x00, 0x00, 0x00, 0x00, 0x00, 0x00, 0x00, 0x00, 0x00, 0x00, 0x00, 0x00,
  0x00, 0x00, 0x00, 0x00, 0x00, 0x00, 0x00, 0x00, 0x00, 0x00, 0x00, 0x00, 0x00, 0x00, 0x00, 0x00,
  0x00, 0x00, 0x00, 0x00, 0x00, 0x00, 0x00, 0x00, 0x00, 0x00, 0x04, 0x9b, 0xa2, 0xb3, 0x23, 0xb3,
  0x62, 0xa3, 0x62, 0xa3, 0x42, 0xa3, 0x22, 0xa3, 0x82, 0xa3, 0xe1, 0x9a, 0x80, 0x8a, 0xa0, 0x8a,
  0xa0, 0x92, 0x80, 0xb3, 0xe1, 0xe4, 0xc0, 0xc3, 0x80, 0x9a, 0xa0, 0x9a, 0xa0, 0xb2, 0x20, 0xd3,
  0xe1, 0xfd, 0x82, 0xfe, 0xac, 0xff, 0xfc, 0xff, 0xf8, 0xff, 0xf8, 0xff, 0xf4, 0xff, 0xd9, 0xff,
  0xf6, 0xff, 0x09, 0xff, 0xc3, 0xfe, 0x85, 0xfe, 0x27, 0xf6, 0xe0, 0xdc, 0xc0, 0xc3, 0x40, 0xab,
  0x40, 0xab, 0x81, 0xb3, 0x00, 0xa3, 0x61, 0xb3, 0x82, 0xb3, 0x82, 0x82, 0xa1, 0x8a, 0x02, 0x93,
  0x00, 0x00, 0x00, 0x00, 0x00, 0x00, 0x00, 0x00, 0x00, 0x00, 0x00, 0x00, 0x00, 0x00, 0x00, 0x00,
  0x00, 0x00, 0x00, 0x00, 0x00, 0x00, 0x00, 0x00, 0x00, 0x00, 0x00, 0x00, 0x00, 0x00, 0x00, 0x00,
  0x00, 0x00, 0x00, 0x00, 0x00, 0x00, 0x00, 0x00, 0x00, 0x00, 0x00, 0x00, 0x00, 0x00, 0x00, 0x00,
  0x00, 0x00, 0x00, 0x00, 0x00, 0x00, 0x00, 0x00, 0x00, 0x00, 0x00, 0x00, 0x00, 0x00, 0x00, 0x00,
  0x00, 0x00, 0x00, 0x00, 0x00, 0x00, 0x00, 0xf8, 0x00, 0x00, 0x00, 0x84, 0x00, 0xf8, 0x00, 0x84,
  0x00, 0x00, 0xa0, 0xaa, 0x00, 0xbc, 0x26, 0x9b, 0x26, 0x9b, 0xa0, 0xaa, 0x83, 0xab, 0x42, 0xab,
  0x01, 0x9b, 0x21, 0xa3, 0x81, 0xb3, 0x61, 0xab, 0x01, 0x93, 0xe1, 0xa2, 0x80, 0x9a, 0xe0, 0xa2,
  0xe0, 0xaa, 0xa0, 0xaa, 0xc0, 0xb2, 0x00, 0xe4, 0x63, 0xfe, 0x28, 0xff, 0xd4, 0xff, 0xf9, 0xff,
  0xb7, 0xff, 0xd4, 0xff, 0xb5, 0xff, 0xa1, 0xe4, 0x40, 0xc3, 0x80, 0x9a, 0x03, 0xcc, 0x80, 0xc3,
  0x20, 0xab, 0x21, 0xa3, 0x80, 0x61, 0x20, 0x7a, 0xe1, 0x9a, 0x40, 0x82, 0xc1, 0x92, 0x21, 0xa3,
  0x62, 0xa3, 0x22, 0xab, 0x20, 0x9b, 0x23, 0xb3, 0x00, 0xac, 0x83, 0xab, 0x23, 0xb3, 0x21, 0x9b,
  0x81, 0x82, 0xc1, 0x8a, 0x22, 0x9b, 0xa2, 0xa3, 0x00, 0xbc, 0x83, 0xab, 0x00, 0x84, 0x00, 0xf8,
  0x00, 0x00, 0x00, 0x00, 0x00, 0x00, 0x00, 0x00, 0x00, 0x00, 0x00, 0x00, 0x00, 0x00, 0x00, 0x00,
  0x00, 0x00, 0x00, 0x00, 0x00, 0x00, 0x00, 0x00, 0x00, 0x00, 0x00, 0x00, 0x00, 0x00, 0x00, 0x00,
  0x00, 0x00, 0x00, 0x00, 0x00, 0x00, 0x00, 0x00, 0x00, 0x00, 0x00, 0x00, 0x00, 0x00, 0x00, 0x00,
  0x00, 0x00, 0x00, 0x00, 0x00, 0x00, 0x00, 0x00, 0x00, 0x00, 0x00, 0x00, 0x00, 0x00, 0x00, 0x00,
  0x00, 0x00, 0x00, 0x00, 0x00, 0x00, 0x00, 0x00, 0x00, 0x00, 0x00, 0x00, 0x00, 0x00, 0x00, 0xf8,
  0x00, 0x00, 0x00, 0xf8, 0x00, 0x00, 0x00, 0x00, 0x00, 0xf8, 0x00, 0x00, 0x00, 0x00, 0x00, 0x00,
  0x00, 0x00, 0x00, 0x00, 0x00, 0x00, 0x00, 0x00, 0x00, 0x00, 0x00, 0x00, 0x00, 0x00, 0x00, 0x00,
  0x00, 0x00, 0x00, 0x00, 0x00, 0x00, 0x00, 0x00, 0x00, 0x00, 0x64, 0xb3, 0x00, 0xac, 0x04, 0x9b,
  0x04, 0x9b, 0x41, 0xab, 0x82, 0xab, 0x42, 0xa3, 0x42, 0x9b, 0x21, 0xab, 0x01, 0xa3, 0xa0, 0x92,
  0x20, 0x82, 0xc0, 0x92, 0xc1, 0xdc, 0xc3, 0xe4, 0xe0, 0x81, 0xe0, 0x81, 0x60, 0xbb, 0x0c, 0xff,
  0x75, 0xff, 0xae, 0xf6, 0xa1, 0xf5, 0x6f, 0xff, 0xf9, 0xff, 0xfd, 0xff, 0xfb, 0xff, 0xfa, 0xff,
  0x49, 0xff, 0xa1, 0xfe, 0xac, 0xff, 0x6e, 0xff, 0x67, 0xfe, 0x61, 0xed, 0xe0, 0xcb, 0x80, 0xbb,
  0x80, 0xb3, 0x80, 0xbb, 0x20, 0xa3, 0x41, 0xab, 0x41, 0xab, 0xc1, 0x92, 0xc2, 0x92, 0x02, 0x93,
  0x00, 0x00, 0x00, 0x00, 0x00, 0x00, 0x00, 0x00, 0x00, 0x00, 0x00, 0x00, 0x00, 0x00, 0x00, 0x00,
  0x00, 0x00, 0x00, 0x00, 0x00, 0x00, 0x00, 0x00, 0x00, 0x00, 0x00, 0x00, 0x00, 0x00, 0x00, 0x00,
  0x00, 0x00, 0x00, 0x00, 0x00, 0x00, 0x00, 0x00, 0x00, 0x00, 0x00, 0x00, 0x00, 0x00, 0x00, 0x00,
  0x00, 0x00, 0x00, 0x00, 0x00, 0x00, 0x00, 0x00, 0x00, 0x00, 0x00, 0x00, 0x00, 0x00, 0x00, 0x00,
  0x00, 0x00, 0x00, 0x00, 0x00, 0x84, 0x00, 0xf8, 0x00, 0x00, 0x26, 0x9b, 0x00, 0xf8, 0x00, 0xf8,
  0x00, 0x00, 0x05, 0xac, 0x26, 0x9b, 0x05, 0xac, 0x42, 0xab, 0x00, 0x84, 0x83, 0xab, 0x42, 0xab,
  0x42, 0xa3, 0x21, 0xa3, 0x60, 0xab, 0x21, 0xa3, 0xa1, 0x8a, 0xc2, 0xbb, 0x20, 0xb3, 0xc0, 0x9a,
  0x00, 0xb3, 0xa0, 0xe4, 0x42, 0xfe, 0x23, 0xf6, 0x49, 0xff, 0xd9, 0xff, 0xd3, 0xff, 0xf6, 0xff,
  0xfd, 0xf7, 0xdb, 0xff, 0x20, 0xdc, 0xa0, 0xcb, 0xa1, 0xcb, 0x23, 0xcc, 0x81, 0x8a, 0xe0, 0x71,
  0x61, 0x82, 0x00, 0xa3, 0xa0, 0x61, 0xc0, 0x69, 0xc1, 0x92, 0x01, 0x9b, 0x83, 0xab, 0x20, 0x9b,
  0x62, 0xb3, 0x04, 0x9b, 0x04, 0x9b, 0x00, 0xbc, 0x00, 0x00, 0xc3, 0xab, 0x00, 0x00, 0xa2, 0xb3,
  0x42, 0xa3, 0x22, 0x9b, 0x43, 0xa3, 0x00, 0x00, 0x00, 0xbc, 0x00, 0xf8, 0x00, 0x00, 0x00, 0x00,
  0x00, 0x00, 0x00, 0x00, 0x00, 0x00, 0x00, 0x00, 0x00, 0x00, 0x00, 0x00, 0x00, 0x00, 0x00, 0x00,
  0x00, 0x00, 0x00, 0x00, 0x00, 0x00, 0x00, 0x00, 0x00, 0x00, 0x00, 0x00, 0x00, 0x00, 0x00, 0x00,
  0x00, 0x00, 0x00, 0x00, 0x00, 0x00, 0x00, 0x00, 0x00, 0x00, 0x00, 0x00, 0x00, 0x00, 0x00, 0x00,
  0x00, 0x00, 0x00, 0x00, 0x00, 0x00, 0x00, 0x00, 0x00, 0x00, 0x00, 0x00, 0x00, 0x00, 0x00, 0x00,
  0x00, 0x00, 0x00, 0x00, 0x00, 0x00, 0x00, 0x00, 0x00, 0x00, 0x00, 0x00, 0x00, 0x00, 0x00, 0xf8,
  0x00, 0x00, 0x00, 0x00, 0x00, 0x00, 0x00, 0x00, 0x00, 0x00, 0x00, 0x00, 0x00, 0x00, 0x00, 0x00,
  0x00, 0x00, 0x00, 0x00, 0x00, 0x00, 0x00, 0x00, 0x00, 0x00, 0x00, 0x00, 0x00, 0x00, 0x00, 0x00,
  0x00, 0x00, 0x00, 0x00, 0x00, 0x00, 0x00, 0x00, 0x00, 0x00, 0xa0, 0xaa, 0x20, 0x9b, 0x00, 0x00,
  0x00, 0x84, 0x04, 0x9b, 0x82, 0xab, 0x62, 0xa3, 0x21, 0x9b, 0x61, 0xb3, 0x82, 0xb3, 0x01, 0xa3,
  0xe1, 0x9a, 0x01, 0x9b, 0x81, 0xb3, 0x61, 0xb3, 0x41, 0xab, 0x24, 0xf6, 0x2b, 0xff, 0xe4, 0xf5,
  0x00, 0xe4, 0x20, 0xdc, 0x20, 0xf6, 0x02, 0xee, 0xd8, 0xff, 0xfa, 0xff, 0xf8, 0xff, 0xf6, 0xff,
  0xac, 0xff, 0x08, 0xff, 0x63, 0xfe, 0xca, 0xfe, 0xe7, 0xf6, 0x00, 0xf5, 0x80, 0xe4, 0xe1, 0xdc,
  0xa2, 0xd4, 0x61, 0xd4, 0xc0, 0xbb, 0x00, 0xa3, 0x80, 0x8a, 0x62, 0xab, 0xe2, 0x92, 0xe2, 0x92,
  0x00, 0x00, 0x00, 0x00, 0x00, 0x00, 0x00, 0x00, 0x00, 0x00, 0x00, 0x00, 0x00, 0x00, 0x00, 0x00,
  0x00, 0x00, 0x00, 0x00, 0x00, 0x00, 0x00, 0x00, 0x00, 0x00, 0x00, 0x00, 0x00, 0x00, 0x00, 0x00,
  0x00, 0x00, 0x00, 0x00, 0x00, 0x00, 0x00, 0x00, 0x00, 0x00, 0x00, 0x00, 0x00, 0x00, 0x00, 0x00,
  0x00, 0x00, 0x00, 0x00, 0x00, 0x00, 0x00, 0x00, 0x00, 0x00, 0x00, 0x00, 0x00, 0x00, 0x00, 0x00,
  0x00, 0x00, 0x00, 0x00, 0xa0, 0xaa, 0x24, 0x9b, 0x00, 0xbc, 0x45, 0xa3, 0x64, 0xb3, 0x00, 0x00,
  0x00, 0x00, 0x83, 0xab, 0x23, 0xb3, 0x05, 0xac, 0xc3, 0xa3, 0x00, 0x84, 0x64, 0xb3, 0x22, 0xab,
  0x22, 0xa3, 0x42, 0xa3, 0x01, 0xa3, 0xe1, 0x9a, 0x60, 0x82, 0x61, 0xa3, 0x80, 0xc3, 0x00, 0xd4,
  0x61, 0xf5, 0x64, 0xfe, 0xab, 0xff, 0xb5, 0xff, 0xf7, 0xff, 0xd4, 0xff, 0xd2, 0xff, 0xdc, 0xff,
  0xf7, 0xff, 0x61, 0xe4, 0xc0, 0x9a, 0xe1, 0xcb, 0x61, 0xdc, 0x21, 0xa3, 0xa0, 0x92, 0x81, 0x8a,
  0x80, 0x61, 0x80, 0x61, 0x80, 0x92, 0xa1, 0xb3, 0x62, 0xa3, 0xa2, 0xbb, 0x81, 0xbb, 0xa2, 0xb3,
  0x00, 0xac, 0x00, 0x00, 0x00, 0x00, 0x00, 0x00, 0x00, 0x00, 0x00, 0x00, 0x64, 0xb3, 0x64, 0xb3,
  0x00, 0x00, 0x00, 0x00, 0x42, 0xab, 0x00, 0xbc, 0x00, 0xbc, 0x00, 0x00, 0x00, 0x00, 0x00, 0x00,
  0x00, 0x00, 0x00, 0x00, 0x00, 0x00, 0x00, 0x00, 0x00, 0x00, 0x00, 0x00, 0x00, 0x00, 0x00, 0x00,
  0x00, 0x00, 0x00, 0x00, 0x00, 0x00, 0x00, 0x00, 0x00, 0x00, 0x00, 0x00, 0x00, 0x00, 0x00, 0x00,
  0x00, 0x00, 0x00, 0x00, 0x00, 0x00, 0x00, 0x00, 0x00, 0x00, 0x00, 0x00, 0x00, 0x00, 0x00, 0x00,
  0x00, 0x00, 0x00, 0x00, 0x00, 0x00, 0x00, 0x00, 0x00, 0x00, 0x00, 0x00, 0x00, 0x00, 0x00, 0x00,
  0x00, 0x00, 0x00, 0x00, 0x00, 0x00, 0x00, 0x00, 0x00, 0x00, 0x00, 0x00, 0x00, 0x00, 0x00, 0x00,
  0x00, 0x00, 0x00, 0x00, 0x00, 0x00, 0x00, 0x00, 0x00, 0x00, 0x00, 0x00, 0x00, 0x00, 0x00, 0x00,
  0x00, 0xf8, 0x00, 0x00, 0x00, 0x00, 0x00, 0x00, 0x00, 0x00, 0x00, 0x00, 0x00, 0x00, 0x00, 0x00,
  0x00, 0x00, 0x00, 0x00, 0x00, 0x00, 0x00, 0x00, 0x00, 0x00, 0x00, 0xac, 0x20, 0x9b, 0x00, 0x00,
  0x83, 0xab, 0x20, 0x9b, 0x43, 0xab, 0x62, 0xab, 0x01, 0x9b, 0x41, 0xa3, 0x61, 0xab, 0x01, 0xa3,
  0xe1, 0x9a, 0x01, 0xa3, 0xa0, 0x92, 0x61, 0xb3, 0x49, 0xfe, 0xb3, 0xff, 0xac, 0xfe, 0x40, 0xc3,
  0x60, 0xbb, 0xc1, 0xe4, 0x66, 0xf6, 0xb5, 0xff, 0xa5, 0xfe, 0x2b, 0xff, 0xf8, 0xff, 0xfa, 0xff,
  0xfb, 0xff, 0xf7, 0xff, 0xe5, 0xfe, 0xe0, 0xf5, 0xc7, 0xfe, 0x47, 0xfe, 0xcb, 0xfe, 0xe4, 0xfe,
  0xa1, 0xf5, 0x80, 0xdc, 0x60, 0xb3, 0x80, 0x8a, 0xe0, 0x69, 0x02, 0x9b, 0x82, 0x8a, 0x62, 0x82,
  0x00, 0x00, 0x00, 0x00, 0x00, 0x00, 0x00, 0x00, 0x00, 0x00, 0x00, 0x00, 0x00, 0x00, 0x00, 0x00,
  0x00, 0x00, 0x00, 0x00, 0x00, 0x00, 0x00, 0x00, 0x00, 0x00, 0x00, 0x00, 0x00, 0x00, 0x00, 0x00,
  0x00, 0x00, 0x00, 0x00, 0x00, 0x00, 0x00, 0x00, 0x00, 0x00, 0x00, 0x00, 0x00, 0x00, 0x00, 0x00,
  0x00, 0x00, 0x00, 0x00, 0x00, 0x00, 0x00, 0x00, 0x00, 0x00, 0x00, 0x00, 0x00, 0x00, 0x00, 0x00,
  0x00, 0x00, 0xa0, 0xaa, 0x02, 0x9b, 0x22, 0x9b, 0x23, 0x9b, 0xc2, 0x8a, 0x03, 0x93, 0x03, 0x9b,
  0x05, 0xac, 0x04, 0x9c, 0x23, 0xb3, 0x00, 0xf8, 0x00, 0x84, 0x83, 0xab, 0x41, 0xa3, 0x62, 0xab,
  0x41, 0xab, 0x41, 0xab, 0x41, 0xab, 0x40, 0xb3, 0x20, 0xa3, 0xa0, 0xa2, 0x00, 0xd4, 0xa0, 0xf5,
  0xe3, 0xfe, 0xc9, 0xff, 0xfa, 0xf7, 0xf8, 0xff, 0xf5, 0xff, 0xd1, 0xff, 0xfa, 0xff, 0xf6, 0xff,
  0x41, 0xdc, 0x80, 0xaa, 0xe2, 0xe4, 0x62, 0xe4, 0x00, 0xb3, 0xc0, 0x79, 0xc1, 0x92, 0x20, 0x7a,
  0xe0, 0x79, 0x81, 0xbb, 0x62, 0xab, 0x41, 0xab, 0xc2, 0xb3, 0x02, 0xbc, 0x62, 0xb3, 0x00, 0x00,
  0x20, 0x9b, 0x00, 0x00, 0x00, 0x00, 0x00, 0x00, 0x00, 0x00, 0x00, 0x00, 0x00, 0x00, 0x00, 0x00,
  0x00, 0x00, 0x00, 0x84, 0x00, 0xf8, 0x00, 0x00, 0x00, 0x00, 0x00, 0x00, 0x00, 0x00, 0x00, 0x00,
  0x00, 0x00, 0x00, 0x00, 0x00, 0x00, 0x00, 0x00, 0x00, 0x00, 0x00, 0x00, 0x00, 0x00, 0x00, 0x00,
  0x00, 0x00, 0x00, 0x00, 0x00, 0x00, 0x00, 0x00, 0x00, 0x00, 0x00, 0x00, 0x00, 0x00, 0x00, 0x00,
  0x00, 0x00, 0x00, 0x00, 0x00, 0x00, 0x00, 0x00, 0x00, 0x00, 0x00, 0x00, 0x00, 0x00, 0x00, 0x00,
  0x00, 0x00, 0x00, 0x00, 0x00, 0x00, 0x00, 0x00, 0x00, 0x00, 0x00, 0x00, 0x00, 0x00, 0x00, 0x00,
  0x00, 0x00, 0x00, 0x00, 0x00, 0x00, 0x00, 0x00, 0x00, 0x00, 0x00, 0x00, 0x00, 0x00, 0x00, 0x00,
  0x00, 0xbc, 0x20, 0x9b, 0x00, 0x00, 0x00, 0x00, 0x04, 0x9c, 0x00, 0x00, 0x00, 0x00, 0x00, 0x00,
  0x00, 0x00, 0x00, 0xf8, 0x00, 0x00, 0x00, 0x00, 0x00, 0x00, 0x00, 0x00, 0x00, 0x00, 0x00, 0x00,
  0x00, 0x00, 0x00, 0xf8, 0x00, 0x00, 0x00, 0x00, 0x00, 0x00, 0x00, 0xf8, 0x00, 0x00, 0x00, 0x00,
  0xa2, 0xa3, 0x62, 0xa3, 0x82, 0xab, 0x82, 0xab, 0xe2, 0x92, 0x42, 0xab, 0x21, 0xa3, 0x01, 0xa3,
  0x61, 0xab, 0x21, 0xa3, 0x40, 0x7a, 0x88, 0xe5, 0x4d, 0xff, 0xa7, 0xed, 0xa0, 0xcb, 0x40, 0xc3,
  0x23, 0xed, 0x68, 0xf6, 0x25, 0xf6, 0xa3, 0xf5, 0xa2, 0xf5, 0x25, 0xff, 0x93, 0xff, 0xfa, 0xff,
  0xfc, 0xff, 0xfd, 0xff, 0xf8, 0xff, 0xc7, 0xfe, 0x23, 0xfe, 0xf5, 0xff, 0xf4, 0xf7, 0x01, 0xfe,
  0x60, 0xe4, 0xc0, 0xcb, 0x80, 0xc3, 0x40, 0x82, 0x00, 0x72, 0xc2, 0x92, 0x03, 0x93, 0xc1, 0x92,
  0x00, 0x00, 0x00, 0x00, 0x00, 0x00, 0x00, 0x00, 0x00, 0x00, 0x00, 0x00, 0x00, 0x00, 0x00, 0x00,
  0x00, 0x00, 0x00, 0x00, 0x00, 0x00, 0x00, 0x00, 0x00, 0x00, 0x00, 0x00, 0x00, 0x00, 0x00, 0x00,
  0x00, 0x00, 0x00, 0x00, 0x00, 0x00, 0x00, 0x00, 0x00, 0x00, 0x00, 0x00, 0x00, 0x00, 0x00, 0x00,
  0x00, 0x00, 0x00, 0x00, 0x00, 0x00, 0x00, 0x00, 0x00, 0x00, 0x00, 0x00, 0x00, 0x00, 0x00, 0x00,
  0x00, 0x00, 0x00, 0x00, 0x23, 0x9b, 0x42, 0x93, 0x22, 0x9b, 0x81, 0x8a, 0xa2, 0xb3, 0x02, 0x9b,
  0x82, 0x8a, 0x23, 0xa3, 0x03, 0xb4, 0x64, 0xa3, 0xa2, 0xbb, 0x41, 0xb3, 0x62, 0xab, 0x82, 0xb3,
  0x41, 0xab, 0x41, 0xab, 0x41, 0xb3, 0x00, 0xa3, 0xc0, 0x92, 0x80, 0xcb, 0x20, 0xd4, 0x25, 0xff,
  0x27, 0xff, 0xd5, 0xff, 0xfb, 0xf7, 0xb6, 0xff, 0x4d, 0xff, 0xd7, 0xff, 0xfa, 0xff, 0x82, 0xfe,
  0xa0, 0xba, 0x41, 0xd3, 0x27, 0xf5, 0x02, 0xd4, 0x20, 0x82, 0x60, 0x92, 0x20, 0x82, 0xe0, 0x69,
  0x81, 0xb3, 0xcb, 0xfe, 0x63, 0xc4, 0x60, 0x8a, 0xc1, 0xbb, 0x41, 0xab, 0x43, 0xab, 0x00, 0x00,
  0x00, 0x00, 0x00, 0x00, 0x00, 0x00, 0x00, 0x00, 0x00, 0x00, 0x00, 0x00, 0x00, 0x00, 0x00, 0xbc,
  0x00, 0x00, 0x20, 0x9b, 0x00, 0x84, 0x00, 0x00, 0x00, 0x00, 0x00, 0x00, 0x00, 0x00, 0x00, 0x00,
  0x00, 0x00, 0x00, 0x00, 0x00, 0x00, 0x00, 0x00, 0x00, 0x00, 0x00, 0x00, 0x00, 0x00, 0x00, 0x00,
  0x00, 0x00, 0x00, 0x00, 0x00, 0x00, 0x00, 0x00, 0x00, 0x00, 0x00, 0x00, 0x00, 0x00, 0x00, 0x00,
  0x00, 0x00, 0x00, 0x00, 0x00, 0x00, 0x00, 0x00, 0x00, 0x00, 0x00, 0x00, 0x00, 0x00, 0x00, 0x00,
  0x00, 0x00, 0x00, 0x00, 0x00, 0x00, 0x00, 0x00, 0x00, 0x00, 0x00, 0x00, 0x00, 0x00, 0x00, 0x00,
  0x00, 0x00, 0x00, 0x00, 0x00, 0x00, 0x00, 0x00, 0x00, 0x00, 0x00, 0x00, 0xa0, 0xaa, 0x00, 0x84,
  0x00, 0x00, 0x00, 0x00, 0x00, 0x00, 0x00, 0x00, 0x00, 0x00, 0x00, 0x00, 0x00, 0x00, 0x00, 0x00,
  0x00, 0x00, 0x00, 0x00, 0x00, 0x00, 0x00, 0x00, 0x00, 0x00, 0x00, 0x00, 0x00, 0x00, 0x00, 0x00,
  0x00, 0x00, 0x00, 0x00, 0x00, 0x00, 0x00, 0x00, 0x00, 0x00, 0x00, 0x00, 0x00, 0x84, 0x00, 0x84,
  0x00, 0x00, 0x00, 0x00, 0xa2, 0xa3, 0x22, 0xa3, 0xa1, 0x82, 0x62, 0xa3, 0x02, 0xa3, 0xe1, 0x9a,
  0x01, 0xa3, 0xa2, 0x92, 0x22, 0x9b, 0x62, 0xcc, 0xa2, 0xd4, 0x60, 0xc3, 0xc0, 0xcb, 0xa6, 0xed,
  0xc4, 0xf5, 0xa1, 0xdc, 0x20, 0xd4, 0x20, 0xe4, 0x60, 0xe4, 0x82, 0xf6, 0x26, 0xff, 0xf7, 0xff,
  0xf9, 0xff, 0xfa, 0xff, 0xfb, 0xff, 0x8f, 0xff, 0x27, 0xff, 0x48, 0xff, 0xad, 0xff, 0x60, 0xf5,
  0x81, 0xe4, 0xa1, 0xec, 0x61, 0xdc, 0x80, 0x8a, 0x80, 0x8a, 0x22, 0x9b, 0xe1, 0x9a, 0x41, 0xab,
  0x00, 0x00, 0x00, 0x00, 0x00, 0x00, 0x00, 0x00, 0x00, 0x00, 0x00, 0x00, 0x00, 0x00, 0x00, 0x00,
  0x00, 0x00, 0x00, 0x00, 0x00, 0x00, 0x00, 0x00, 0x00, 0x00, 0x00, 0x00, 0x00, 0x00, 0x00, 0x00,
  0x00, 0x00, 0x00, 0x00, 0x00, 0x00, 0x00, 0x00, 0x00, 0x00, 0x00, 0x00, 0x00, 0x00, 0x00, 0x00,
  0x00, 0x00, 0x00, 0x00, 0x00, 0x00, 0x00, 0x00, 0x00, 0x00, 0x00, 0x84, 0x64, 0x93, 0x00, 0x00,
  0x04, 0x9b, 0x22, 0x9b, 0x23, 0xa3, 0x22, 0x9b, 0xa2, 0x82, 0x23, 0x9b, 0xc2, 0xbb, 0x63, 0xab,
  0x41, 0xb3, 0x82, 0xb3, 0x04, 0x93, 0x00, 0x00, 0xa0, 0xaa, 0x42, 0xab, 0x62, 0xb3, 0x81, 0x8a,
  0xa0, 0x92, 0x01, 0xa3, 0xc0, 0x9a, 0x40, 0xb3, 0x20, 0xab, 0xa1, 0xba, 0x20, 0xcb, 0x22, 0xfe,
  0x09, 0xff, 0xd8, 0xff, 0xf8, 0xff, 0xd2, 0xff, 0xf7, 0xff, 0xf1, 0xff, 0x02, 0xfe, 0x40, 0xcb,
  0x20, 0xdc, 0x60, 0xf5, 0xc0, 0xdc, 0x60, 0x8a, 0x00, 0x7a, 0xe0, 0x79, 0xc0, 0x69, 0x60, 0x8a,
  0xa0, 0x92, 0x21, 0xa3, 0x21, 0xa3, 0x21, 0xa3, 0x82, 0xab, 0x64, 0xb3, 0xa0, 0xaa, 0x00, 0x00,
  0xa0, 0xaa, 0x00, 0xf8, 0x00, 0xf8, 0x00, 0xf8, 0x00, 0x00, 0x00, 0x00, 0x00, 0x00, 0x00, 0x00,
  0x00, 0x00, 0x00, 0x00, 0x00, 0x00, 0x00, 0x00, 0x00, 0x00, 0x00, 0x00, 0x00, 0x00, 0x00, 0x00,
  0x00, 0x00, 0x00, 0x00, 0x00, 0x00, 0x00, 0x00, 0x00, 0x00, 0x00, 0x00, 0x00, 0x00, 0x00, 0x00,
  0x00, 0x00, 0x00, 0x00, 0x00, 0x00, 0x00, 0x00, 0x00, 0x00, 0x00, 0x00, 0x00, 0x00, 0x00, 0x00,
  0x00, 0x00, 0x00, 0x00, 0x00, 0x00, 0x00, 0x00, 0x00, 0x00, 0x00, 0x00, 0x00, 0x00, 0x00, 0x00,
  0x00, 0x00, 0x00, 0x00, 0x00, 0x00, 0x00, 0x00, 0x00, 0x00, 0x00, 0x00, 0x00, 0x00, 0x00, 0x00,
  0x00, 0x00, 0x00, 0x00, 0x00, 0x00, 0x00, 0x00, 0x00, 0x00, 0x00, 0x00, 0x00, 0x00, 0x00, 0x00,
  0x00, 0x00, 0x00, 0x00, 0x00, 0x00, 0x00, 0x00, 0x00, 0x00, 0x00, 0x00, 0x00, 0x00, 0x00, 0x00,
  0x00, 0x00, 0x00, 0x00, 0x00, 0x00, 0x00, 0x00, 0x00, 0x00, 0x00, 0x00, 0x00, 0x00, 0x00, 0x00,
  0x00, 0x00, 0x00, 0x00, 0x00, 0x00, 0x00, 0x00, 0x00, 0x00, 0x00, 0xf8, 0x00, 0x00, 0x00, 0x84,
  0x00, 0xbc, 0x00, 0xbc, 0x83, 0xb3, 0x42, 0xa3, 0x02, 0x93, 0x23, 0xb3, 0x41, 0xa3, 0xe1, 0xa2,
  0x80, 0x92, 0xa0, 0x8a, 0xe1, 0xcb, 0xa0, 0xc3, 0xc0, 0x71, 0x40, 0xb3, 0x40, 0xb3, 0xc0, 0x9a,
  0x60, 0xb3, 0xa0, 0xbb, 0xc2, 0xe4, 0x42, 0xf5, 0xa0, 0xcb, 0x00, 0xed, 0x03, 0xfe, 0xe7, 0xfe,
  0xf7, 0xff, 0xfd, 0xff, 0xff, 0xff, 0xfa, 0xff, 0x71, 0xff, 0xca, 0xfe, 0x86, 0xfe, 0xc2, 0xf5,
  0xa1, 0xf5, 0x63, 0xfe, 0xe1, 0xf5, 0x40, 0xdc, 0x00, 0xd4, 0x21, 0xbb, 0xa0, 0xcb, 0xa1, 0xc3,
  0x00, 0x00, 0x00, 0x00, 0x00, 0x00, 0x00, 0x00, 0x00, 0x00, 0x00, 0x00, 0x00, 0x00, 0x00, 0x00,
  0x00, 0x00, 0x00, 0x00, 0x00, 0x00, 0x00, 0x00, 0x00, 0x00, 0x00, 0x00, 0x00, 0x00, 0x00, 0x00,
  0x00, 0x00, 0x00, 0x00, 0x00, 0x00, 0x00, 0x00, 0x00, 0x00, 0x00, 0x00, 0x00, 0x00, 0x00, 0x00,
  0x00, 0x00, 0x00, 0x00, 0x00, 0x00, 0x00, 0x00, 0x00, 0x00, 0x00, 0x00, 0x00, 0x00, 0x00, 0xf8,
  0x00, 0xf8, 0xa0, 0xaa, 0x26, 0x9b, 0x04, 0x9b, 0x43, 0xab, 0x21, 0xa3, 0xe1, 0xa2, 0x23, 0xab,
  0x01, 0xa3, 0xa1, 0xbb, 0x65, 0xcc, 0x63, 0xab, 0x22, 0xa3, 0x01, 0x72, 0x81, 0x8a, 0xa1, 0x92,
  0xc0, 0x9a, 0xc2, 0xbb, 0xc0, 0x92, 0x00, 0xa3, 0xa1, 0xbb, 0xe0, 0xca, 0xc1, 0xe4, 0x2c, 0xff,
  0xd6, 0xff, 0xf8, 0xff, 0xf2, 0xff, 0xd5, 0xff, 0xf9, 0xff, 0xc6, 0xfe, 0xa0, 0xec, 0x00, 0xbb,
  0x85, 0xf5, 0x83, 0xf5, 0x40, 0x82, 0x00, 0x7a, 0x40, 0x7a, 0x60, 0x92, 0x20, 0xab, 0xc0, 0x92,
  0x60, 0x82, 0x01, 0xa3, 0x61, 0xab, 0x22, 0xab, 0x62, 0xb3, 0x00, 0x84, 0x00, 0x84, 0x64, 0xb3,
  0x00, 0xf8, 0x00, 0x00, 0x00, 0x00, 0x00, 0x00, 0x00, 0x00, 0x00, 0x00, 0x00, 0x00, 0x00, 0x00,
  0x00, 0x00, 0x00, 0x00, 0x00, 0x00, 0x00, 0x00, 0x00, 0x00, 0x00, 0x00, 0x00, 0x00, 0x00, 0x00,
  0x00, 0x00, 0x00, 0x00, 0x00, 0x00, 0x00, 0x00, 0x00, 0x00, 0x00, 0x00, 0x00, 0x00, 0x00, 0x00,
  0x00, 0x00, 0x00, 0x00, 0x00, 0x00, 0x00, 0x00, 0x00, 0x00, 0x00, 0x00, 0x00, 0x00, 0x00, 0x00,
  0x00, 0x00, 0x00, 0x00, 0x00, 0x00, 0x00, 0x00, 0x00, 0x00, 0x00, 0x00, 0x00, 0x00, 0x00, 0x00,
  0x00, 0x00, 0x00, 0x00, 0x00, 0x00, 0x00, 0x00, 0x00, 0x00, 0x00, 0x00, 0x00, 0x00, 0x00, 0x00,
  0x00, 0x00, 0x00, 0x00, 0x00, 0x00, 0x00, 0x00, 0x00, 0x00, 0x00, 0x00, 0x00, 0x00, 0x00, 0x00,
  0x00, 0x00, 0x00, 0x00, 0x00, 0x00, 0x00, 0x00, 0x00, 0x00, 0x00, 0x00, 0x00, 0x00, 0x00, 0x00,
  0x00, 0x00, 0x00, 0x00, 0x00, 0x00, 0x00, 0x00, 0x00, 0x00, 0x00, 0x00, 0x00, 0x00, 0x00, 0x00,
  0x00, 0x00, 0x00, 0x00, 0x00, 0x00, 0x00, 0x00, 0x00, 0x00, 0x00, 0x00, 0x00, 0x00, 0x00, 0x00,
  0xa0, 0xaa, 0x00, 0x00, 0xa0, 0xaa, 0x42, 0xab, 0xa2, 0xb3, 0x60, 0x93, 0x21, 0xa3, 0x81, 0x8a,
  0xc1, 0x9a, 0x41, 0xab, 0xe0, 0x9a, 0x20, 0x7a, 0x80, 0x61, 0xe0, 0x71, 0x80, 0x92, 0x60, 0x8a,
  0x20, 0x7a, 0x80, 0xb3, 0x42, 0xd4, 0x41, 0xd4, 0x01, 0xd4, 0xa0, 0xd3, 0xe0, 0xec, 0xa1, 0xfe,
  0xcd, 0xff, 0xf6, 0xff, 0xfa, 0xff, 0xdf, 0xff, 0xfb, 0xff, 0xd6, 0xff, 0x44, 0xf6, 0x61, 0xf6,
  0x08, 0xff, 0x82, 0xfe, 0x63, 0xfe, 0x05, 0xf6, 0xc1, 0xe4, 0x63, 0xf5, 0xe1, 0xec, 0xa0, 0xec,
  0x00, 0x00, 0x00, 0x00, 0x00, 0x00, 0x00, 0x00, 0x00, 0x00, 0x00, 0x00, 0x00, 0x00, 0x00, 0x00,
  0x00, 0x00, 0x00, 0x00, 0x00, 0x00, 0x00, 0x00, 0x00, 0x00, 0x00, 0x00, 0x00, 0x00, 0x00, 0x00,
  0x00, 0x00, 0x00, 0x00, 0x00, 0x00, 0x00, 0x00, 0x00, 0x00, 0x00, 0x00, 0x00, 0x00, 0x00, 0x00,
  0x00, 0x00, 0x00, 0x00, 0x00, 0x00, 0x00, 0x00, 0x00, 0x00, 0x00, 0x00, 0x00, 0x00, 0x00, 0x00,
  0x00, 0x00, 0xa0, 0xaa, 0x00, 0x00, 0x00, 0xf8, 0xa2, 0xbb, 0x42, 0xab, 0x04, 0x9b, 0x23, 0xa3,
  0x23, 0xa3, 0xc1, 0x9a, 0xc3, 0xdc, 0x8a, 0xf6, 0x49, 0xdd, 0x20, 0x82, 0xe0, 0x71, 0x00, 0x7a,
  0xa0, 0x9a, 0xc1, 0xcb, 0x60, 0xb3, 0xe0, 0xcb, 0xe0, 0xec, 0x60, 0xdb, 0x64, 0xfe, 0xb4, 0xff,
  0xf4, 0xff, 0xcf, 0xff, 0xd0, 0xff, 0xfd, 0xff, 0x94, 0xff, 0x00, 0xf5, 0x60, 0xcb, 0x20, 0xdc,
  0x60, 0xbb, 0xa1, 0xc3, 0x60, 0xb3, 0x60, 0xbb, 0x00, 0xa3, 0x60, 0xb3, 0x21, 0xab, 0xc1, 0x92,
  0x21, 0xa3, 0x61, 0xb3, 0x41, 0xab, 0x41, 0xab, 0xa2, 0xbb, 0x00, 0xf8, 0x00, 0x84, 0xa0, 0xaa,
  0x00, 0xf8, 0x00, 0xf8, 0x00, 0x00, 0x00, 0x00, 0x00, 0xf8, 0x00, 0x00, 0x00, 0x00, 0x00, 0x00,
  0x00, 0x00, 0x00, 0x00, 0x00, 0x00, 0x00, 0x00, 0x00, 0x00, 0x00, 0x00, 0x00, 0x00, 0x00, 0x00,
  0x00, 0x00, 0x00, 0x00, 0x00, 0x00, 0x00, 0x00, 0x00, 0x00, 0x00, 0x00, 0x00, 0x00, 0x00, 0x00,
  0x00, 0x00, 0x00, 0x00, 0x00, 0x00, 0x00, 0x00, 0x00, 0x00, 0x00, 0x00, 0x00, 0x00, 0x00, 0x00,
  0x00, 0x00, 0x00, 0x00, 0x00, 0x00, 0x00, 0x00, 0x00, 0x00, 0x00, 0x00, 0x00, 0x00, 0x00, 0x00,
  0x00, 0x00, 0x00, 0x00, 0x00, 0x00, 0x00, 0x00, 0x00, 0x00, 0x00, 0x00, 0x00, 0x00, 0x00, 0x00,
  0x00, 0x00, 0x00, 0x00, 0x00, 0x00, 0x00, 0x00, 0x00, 0x00, 0x00, 0x00, 0x00, 0x00, 0x00, 0x00,
  0x00, 0x00, 0x00, 0x00, 0x00, 0x00, 0x00, 0x00, 0x00, 0x00, 0x00, 0x00, 0x00, 0x00, 0x00, 0x00,
  0x00, 0x00, 0x00, 0x00, 0x00, 0x00, 0x00, 0x00, 0x00, 0x00, 0x00, 0x00, 0x00, 0x00, 0x00, 0x00,
  0x00, 0x00, 0x00, 0x00, 0x00, 0x00, 0x00, 0x00, 0x00, 0x00, 0x00, 0x00, 0x00, 0x00, 0x00, 0x00,
  0xa0, 0xaa, 0xa0, 0xaa, 0x00, 0x00, 0x20, 0x9b, 0x82, 0xab, 0xa1, 0x92, 0xc1, 0x92, 0xa1, 0x92,
  0x61, 0xab, 0xa1, 0x8a, 0x80, 0x61, 0xe0, 0x9a, 0x21, 0xc4, 0xe0, 0x71, 0xa0, 0x8a, 0x80, 0x8a,
  0x40, 0x82, 0x41, 0xab, 0x01, 0xa3, 0x01, 0xcc, 0x20, 0xdc, 0x20, 0xdc, 0xa0, 0xe4, 0x00, 0xfe,
  0x09, 0xff, 0xd6, 0xff, 0xfa, 0xff, 0xff, 0xff, 0xff, 0xff, 0xfa, 0xff, 0x2c, 0xff, 0x4a, 0xff,
  0x6c, 0xff, 0x63, 0xfe, 0xa3, 0xf5, 0xc4, 0xf5, 0x43, 0xed, 0xe2, 0xf5, 0xe0, 0xf4, 0xa0, 0xec,
  0x00, 0x00, 0x00, 0x00, 0x00, 0x00, 0x00, 0x00, 0x00, 0x00, 0x00, 0x00, 0x00, 0x00, 0x00, 0x00,
  0x00, 0x00, 0x00, 0x00, 0x00, 0x00, 0x00, 0x00, 0x00, 0x00, 0x00, 0x00, 0x00, 0x00, 0x00, 0x00,
  0x00, 0x00, 0x00, 0x00, 0x00, 0x00, 0x00, 0x00, 0x00, 0x00, 0x00, 0x00, 0x00, 0x00, 0x00, 0x00,
  0x00, 0x00, 0x00, 0x00, 0x00, 0x00, 0x00, 0x00, 0x00, 0x00, 0x00, 0x00, 0x00, 0x00, 0x00, 0x00,
  0x00, 0x00, 0x00, 0x00, 0x00, 0x00, 0x00, 0x84, 0x63, 0xab, 0x20, 0x9b, 0x22, 0xab, 0x41, 0xa3,
  0x61, 0xab, 0x81, 0x8a, 0x20, 0x7a, 0x24, 0xbc, 0x2d, 0xff, 0xc2, 0xe4, 0x20, 0xd4, 0x00, 0xa3,
  0xa0, 0x9a, 0x40, 0x8a, 0xc1, 0xa2, 0x62, 0xdc, 0x81, 0xfd, 0x00, 0xe5, 0xe6, 0xfe, 0xd5, 0xff,
  0x8d, 0xff, 0xae, 0xff, 0xfa, 0xff, 0xfa, 0xff, 0x84, 0xfd, 0x40, 0xc3, 0x21, 0xd4, 0x40, 0xdc,
  0xa0, 0x9a, 0x40, 0x8a, 0xe0, 0x9a, 0xc0, 0xd3, 0x61, 0xe4, 0x20, 0xab, 0x81, 0x8a, 0xe0, 0x92,
  0x21, 0xab, 0x81, 0xbb, 0xa1, 0xab, 0x22, 0xab, 0x23, 0xb3, 0x00, 0xf8, 0x00, 0x84, 0x00, 0xf8,
  0x00, 0x00, 0x00, 0xf8, 0x00, 0x00, 0x00, 0x00, 0x00, 0x00, 0x00, 0x00, 0x00, 0x00, 0x00, 0x00,
  0x00, 0x00, 0x00, 0x00, 0x00, 0x00, 0x00, 0x00, 0x00, 0x00, 0x00, 0x00, 0x00, 0x00, 0x00, 0x00,
  0x00, 0x00, 0x00, 0x00, 0x00, 0x00, 0x00, 0x00, 0x00, 0x00, 0x00, 0x00, 0x00, 0x00, 0x00, 0x00,
  0x00, 0x00, 0x00, 0x00, 0x00, 0x00, 0x00, 0x00, 0x00, 0x00, 0x00, 0x00, 0x00, 0x00, 0x00, 0x00,
  0x00, 0x00, 0x00, 0x00, 0x00, 0x00, 0x00, 0x00, 0x00, 0x00, 0x00, 0x00, 0x00, 0x00, 0x00, 0x00,
  0x00, 0x00, 0x00, 0x00, 0x00, 0x00, 0x00, 0x00, 0x00, 0x00, 0x00, 0x00, 0x00, 0x00, 0x00, 0x00,
  0x00, 0x00, 0x00, 0x00, 0x00, 0x00, 0x00, 0x00, 0x00, 0x00, 0x00, 0x00, 0x00, 0x00, 0x00, 0x00,
  0x00, 0x00, 0x00, 0x00, 0x00, 0x00, 0x00, 0x00, 0x00, 0x00, 0x00, 0x00, 0x00, 0x00, 0xa0, 0xaa,
  0x00, 0x00, 0x00, 0x00, 0x00, 0x00, 0x00, 0x00, 0x00, 0x00, 0x00, 0x00, 0x00, 0x00, 0x00, 0x00,
  0x00, 0x00, 0x00, 0x00, 0x00, 0x00, 0x00, 0x00, 0x00, 0x00, 0x00, 0xf8, 0x00, 0x00, 0x00, 0xf8,
  0x00, 0x84, 0x00, 0x00, 0x00, 0x00, 0x64, 0xb3, 0x64, 0xb3, 0xc1, 0x92, 0x02, 0xa3, 0x61, 0xab,
  0xc1, 0x92, 0xc0, 0x61, 0xa0, 0x61, 0xc2, 0xbb, 0xc3, 0xdc, 0xe1, 0x9a, 0x80, 0x8a, 0x80, 0x82,
  0x41, 0xab, 0x80, 0xbb, 0x21, 0xab, 0xc2, 0xbb, 0x01, 0xcc, 0xa0, 0xe4, 0x61, 0xe4, 0x80, 0xe4,
  0x20, 0xf6, 0xa4, 0xfe, 0xfe, 0xff, 0xfe, 0xff, 0xfc, 0xff, 0xfc, 0xff, 0xfb, 0xff, 0xb3, 0xff,
  0x83, 0xf6, 0x42, 0xf6, 0xe7, 0xfd, 0xa2, 0xed, 0x82, 0xed, 0xa0, 0xdc, 0x20, 0xe4, 0x60, 0xe4,
  0x00, 0x00, 0x00, 0x00, 0x00, 0x00, 0x00, 0x00, 0x00, 0x00, 0x00, 0x00, 0x00, 0x00, 0x00, 0x00,
  0x00, 0x00, 0x00, 0x00, 0x00, 0x00, 0x00, 0x00, 0x00, 0x00, 0x00, 0x00, 0x00, 0x00, 0x00, 0x00,
  0x00, 0x00, 0x00, 0x00, 0x00, 0x00, 0x00, 0x00, 0x00, 0x00, 0x00, 0x00, 0x00, 0x00, 0x00, 0x00,
  0x00, 0x00, 0x00, 0x00, 0x00, 0x00, 0x00, 0x00, 0x00, 0x00, 0x00, 0x84, 0x00, 0x00, 0x00, 0x00,
  0x00, 0x00, 0x00, 0x00, 0x00, 0xf8, 0x00, 0x00, 0x64, 0xb3, 0x04, 0xbb, 0x00, 0x00, 0x01, 0xa3,
  0x42, 0xab, 0xa1, 0x8a, 0x80, 0x69, 0xa1, 0xa2, 0x65, 0xfe, 0x22, 0xd4, 0x85, 0xf5, 0x01, 0xf5,
  0xe1, 0xe4, 0x80, 0xcb, 0xa1, 0xcb, 0x04, 0xfe, 0x01, 0xfe, 0x43, 0xf6, 0xd1, 0xff, 0xf7, 0xff,
  0xf4, 0xff, 0xf8, 0xff, 0xfb, 0xff, 0xa6, 0xfe, 0x21, 0xe4, 0x04, 0xed, 0xc3, 0xf5, 0xe0, 0xaa,
  0x20, 0x8a, 0x01, 0xab, 0x81, 0x8a, 0x21, 0xab, 0x81, 0xc3, 0x80, 0x8a, 0x42, 0xa3, 0x81, 0xb3,
  0x81, 0xb3, 0x82, 0xb3, 0x83, 0xb3, 0x83, 0xab, 0x64, 0xb3, 0x00, 0xf8, 0x20, 0xcb, 0x00, 0xf8,
  0x00, 0x00, 0x00, 0x00, 0x00, 0x00, 0x00, 0x00, 0x00, 0x00, 0x00, 0x00, 0x00, 0x00, 0x00, 0x00,
  0x00, 0x00, 0x00, 0x00, 0x00, 0x00, 0x00, 0x00, 0x00, 0x00, 0x00, 0x00, 0x00, 0x00, 0x00, 0x00,
  0x00, 0x00, 0x00, 0x00, 0x00, 0x00, 0x00, 0x00, 0x00, 0x00, 0x00, 0x00, 0x00, 0x00, 0x00, 0x00,
  0x00, 0x00, 0x00, 0x00, 0x00, 0x00, 0x00, 0x00, 0x00, 0x00, 0x00, 0x00, 0x00, 0x00, 0x00, 0x00,
  0x00, 0x00, 0x00, 0x00, 0x00, 0x00, 0x00, 0x00, 0x00, 0x00, 0x00, 0x00, 0x00, 0x00, 0x00, 0x00,
  0x00, 0x00, 0x00, 0x00, 0x00, 0x00, 0x00, 0x00, 0x00, 0x00, 0x00, 0x00, 0x00, 0x00, 0x00, 0x00,
  0x00, 0x00, 0x00, 0x00, 0x00, 0x00, 0x00, 0x00, 0x00, 0x00, 0x00, 0x00, 0x00, 0x00, 0x00, 0x00,
  0x00, 0x00, 0x00, 0x00, 0x00, 0x00, 0x00, 0x00, 0x00, 0x00, 0x00, 0xf8, 0x00, 0x00, 0x00, 0x00,
  0x00, 0x00, 0x00, 0x00, 0x00, 0x00, 0x00, 0x00, 0x00, 0x00, 0x00, 0x00, 0x00, 0x00, 0x00, 0x00,
  0x00, 0x00, 0x00, 0x00, 0x00, 0x00, 0x00, 0x00, 0x00, 0x00, 0x00, 0x00, 0x00, 0x00, 0x00, 0x00,
  0x00, 0xf8, 0xa0, 0xaa, 0x04, 0xbc, 0x00, 0x00, 0x62, 0xab, 0x01, 0xa3, 0x01, 0xa3, 0x81, 0x82,
  0x61, 0x82, 0x01, 0x9b, 0x42, 0xab, 0xa2, 0xbb, 0xc1, 0xc3, 0x41, 0xab, 0xe0, 0x9a, 0x20, 0xa3,
  0x20, 0xa3, 0x40, 0xb3, 0x40, 0xb3, 0xa0, 0x92, 0xe1, 0xa2, 0xe0, 0xd3, 0xc0, 0xec, 0x60, 0xe4,
  0x00, 0xf5, 0x60, 0xfe, 0xdd, 0xff, 0xfe, 0xff, 0xf6, 0xff, 0xff, 0xff, 0xff, 0xff, 0xb0, 0xff,
  0xc1, 0xfe, 0x00, 0xf6, 0xc2, 0xf5, 0xcb, 0xfe, 0x25, 0xf6, 0x81, 0xf5, 0x41, 0xfe, 0x22, 0xfe,
  0x00, 0x00, 0x00, 0x00, 0x00, 0x00, 0x00, 0x00, 0x00, 0x00, 0x00, 0x00, 0x00, 0x00, 0x00, 0x00,
  0x00, 0x00, 0x00, 0x00, 0x00, 0x00, 0x00, 0x00, 0x00, 0x00, 0x00, 0x00, 0x00, 0x00, 0x00, 0x00,
  0x00, 0x00, 0x00, 0x00, 0x00, 0x00, 0x00, 0x00, 0x00, 0x00, 0x00, 0x00, 0x00, 0x00, 0x00, 0x00,
  0x00, 0x00, 0x00, 0x00, 0x00, 0x00, 0x00, 0x00, 0x00, 0x00, 0xa0, 0xaa, 0x00, 0x00, 0x00, 0x00,
  0x00, 0x00, 0x00, 0x00, 0x00, 0x00, 0x00, 0x00, 0x00, 0x84, 0x60, 0xb3, 0x00, 0x84, 0x21, 0xab,
  0x82, 0xb3, 0x02, 0xa3, 0xe1, 0xa2, 0xe0, 0xa2, 0x00, 0x72, 0x20, 0x92, 0xe0, 0xaa, 0x82, 0xe4,
  0x42, 0xf5, 0x65, 0xfe, 0x64, 0xfe, 0xe3, 0xfe, 0x02, 0xfe, 0x2a, 0xff, 0xf1, 0xff, 0xd2, 0xff,
  0xf6, 0xff, 0xfd, 0xff, 0x4e, 0xff, 0x41, 0xf5, 0x61, 0xed, 0x02, 0xf5, 0xc0, 0xcb, 0x80, 0x92,
  0x40, 0x82, 0x00, 0xab, 0x41, 0xb3, 0xe0, 0xa2, 0xa1, 0x9a, 0xc1, 0x9a, 0x82, 0xb3, 0x62, 0xb3,
  0x81, 0xb3, 0xa2, 0xab, 0x83, 0xab, 0xa0, 0xaa, 0x64, 0xb3, 0x00, 0xf8, 0x00, 0x84, 0x00, 0x00,
  0x00, 0x00, 0x00, 0x00, 0x00, 0xf8, 0x00, 0x00, 0x00, 0x00, 0x00, 0x00, 0x00, 0x00, 0x00, 0x00,
  0x00, 0x00, 0x00, 0x00, 0x00, 0x00, 0x00, 0x00, 0x00, 0x00, 0x00, 0x00, 0x00, 0x00, 0x00, 0x00,
  0x00, 0x00, 0x00, 0x00, 0x00, 0x00, 0x00, 0x00, 0x00, 0x00, 0x00, 0x00, 0x00, 0x00, 0x00, 0x00,
  0x00, 0x00, 0x00, 0x00, 0x00, 0x00, 0x00, 0x00, 0x00, 0x00, 0x00, 0x00, 0x00, 0x00, 0x00, 0x00,
  0x00, 0x00, 0x00, 0x00, 0x00, 0x00, 0x00, 0x00, 0x00, 0x00, 0x00, 0x00, 0x00, 0x00, 0x00, 0x00,
  0x00, 0x00, 0x00, 0x00, 0x00, 0x00, 0x00, 0x00, 0x00, 0x00, 0x00, 0x00, 0x00, 0x00, 0x00, 0x00,
  0x00, 0x00, 0x00, 0x00, 0x00, 0x00, 0x00, 0x00, 0x00, 0x00, 0x00, 0x00, 0x00, 0x00, 0x00, 0x00,
  0x00, 0x00, 0x00, 0x00, 0x00, 0x00, 0x00, 0x00, 0x00, 0x00, 0x00, 0x00, 0x00, 0x00, 0x00, 0x00,
  0x00, 0xf8, 0x00, 0x00, 0x00, 0x00, 0x00, 0x00, 0x00, 0x00, 0x00, 0x00, 0x00, 0x00, 0x00, 0x00,
  0x00, 0x00, 0x00, 0x00, 0x00, 0x00, 0x00, 0x00, 0x00, 0x00, 0x00, 0x00, 0x00, 0x00, 0x00, 0x00,
  0x00, 0x00, 0x00, 0x00, 0x00, 0x00, 0x02, 0x9b, 0x21, 0x72, 0xc1, 0x9a, 0x81, 0x8a, 0xe1, 0x92,
  0x62, 0xab, 0x81, 0xb3, 0x83, 0xab, 0x42, 0xa3, 0x62, 0xab, 0x62, 0xab, 0x42, 0xab, 0xe0, 0x9a,
  0x60, 0x8a, 0xa0, 0x9a, 0xa0, 0x92, 0x80, 0x92, 0x80, 0x8a, 0x40, 0xbb, 0x20, 0xdc, 0x21, 0xed,
  0xe0, 0xec, 0x80, 0xf5, 0x8c, 0xff, 0xdf, 0xff, 0xfb, 0xff, 0xff, 0xff, 0xff, 0xff, 0xdd, 0xff,
  0xdc, 0xff, 0xbd, 0xff, 0x96, 0xff, 0x11, 0xf7, 0x05, 0xf6, 0xc6, 0xfe, 0xe8, 0xfe, 0xf1, 0xff,
  0x00, 0x00, 0x00, 0x00, 0x00, 0x00, 0x00, 0x00, 0x00, 0x00, 0x00, 0x00, 0x00, 0x00, 0x00, 0x00,
  0x00, 0x00, 0x00, 0x00, 0x00, 0x00, 0x00, 0x00, 0x00, 0x00, 0x00, 0x00, 0x00, 0x00, 0x00, 0x00,
  0x00, 0x00, 0x00, 0x00, 0x00, 0x00, 0x00, 0x00, 0x00, 0x00, 0x00, 0x00, 0x00, 0x00, 0x00, 0x00,
  0x00, 0x00, 0x00, 0x00, 0x00, 0x00, 0x00, 0x00, 0x00, 0x00, 0x00, 0x00, 0x00, 0x00, 0x00, 0x00,
  0x00, 0x00, 0x00, 0x00, 0x00, 0x00, 0x00, 0x00, 0x00, 0x00, 0x62, 0xb3, 0x04, 0x9b, 0x21, 0xab,
  0x21, 0x9b, 0x02, 0x9b, 0xe1, 0x9a, 0x60, 0xab, 0xa2, 0xb3, 0xe1, 0xa2, 0xa1, 0xd3, 0x01, 0xf5,
  0x85, 0xfd, 0x2d, 0xff, 0xac, 0xfe, 0x71, 0xff, 0xd6, 0xff, 0xf6, 0xff, 0xf3, 0xff, 0xf4, 0xff,
  0xf6, 0xff, 0xf7, 0xff, 0x02, 0xfe, 0xe0, 0xf4, 0x00, 0xed, 0x60, 0xe4, 0xc0, 0xa2, 0x81, 0x8a,
  0x20, 0x82, 0xe0, 0xcb, 0xa2, 0xe4, 0x00, 0xa3, 0xc1, 0x9a, 0x81, 0xb3, 0x82, 0xab, 0x04, 0xbc,
  0x20, 0xcb, 0xa2, 0xbb, 0x00, 0xac, 0x20, 0xcb, 0x64, 0xb3, 0x00, 0x00, 0x00, 0x00, 0x00, 0x00,
  0x00, 0x00, 0x00, 0x00, 0x00, 0x00, 0x00, 0x00, 0x00, 0x00, 0x00, 0x00, 0x00, 0x00, 0x00, 0x00,
  0x00, 0x00, 0x00, 0x00, 0x00, 0x00, 0x00, 0x00, 0x00, 0x00, 0x00, 0x00, 0x00, 0x00, 0x00, 0x00,
  0x00, 0x00, 0x00, 0x00, 0x00, 0x00, 0x00, 0x00, 0x00, 0x00, 0x00, 0x00, 0x00, 0x00, 0x00, 0x00,
  0x00, 0x00, 0x00, 0x00, 0x00, 0x00, 0x00, 0x00, 0x00, 0x00, 0x00, 0x00, 0x00, 0x00, 0x00, 0x00,
  0x00, 0x00, 0x00, 0x00, 0x00, 0x00, 0x00, 0x00, 0x00, 0x00, 0x00, 0x00, 0x00, 0x00, 0x00, 0x00,
  0x00, 0x00, 0x00, 0x00, 0x00, 0x00, 0x00, 0x00, 0x00, 0x00, 0x00, 0x00, 0x00, 0x00, 0x00, 0x00,
  0x00, 0x00, 0x00, 0x00, 0x00, 0x00, 0x00, 0x00, 0x00, 0x00, 0x00, 0x00, 0x00, 0x00, 0x00, 0x00,
  0x00, 0x00, 0x00, 0x00, 0x00, 0x00, 0x00, 0x00, 0x00, 0x00, 0x00, 0x00, 0x00, 0x00, 0x00, 0x00,
  0x00, 0x00, 0x00, 0x00, 0x00, 0x00, 0x00, 0x00, 0x00, 0x00, 0x00, 0x00, 0x00, 0x00, 0x00, 0x00,
  0x00, 0x00, 0x00, 0x00, 0x00, 0x00, 0x00, 0x00, 0x00, 0x00, 0x00, 0x00, 0x00, 0x00, 0x00, 0xbc,
  0xa0, 0xaa, 0x64, 0xb3, 0x02, 0x93, 0x20, 0x6a, 0x80, 0x7a, 0x81, 0x8a, 0x42, 0x93, 0xa2, 0xa3,
  0x61, 0xab, 0x42, 0xab, 0x42, 0xab, 0x62, 0xab, 0x62, 0xab, 0x82, 0xb3, 0x42, 0xab, 0xc1, 0x92,
  0x40, 0x82, 0x20, 0x82, 0x40, 0x82, 0x00, 0xa3, 0x21, 0xa3, 0xe0, 0xa2, 0xa0, 0xcb, 0x60, 0xe4,
  0x80, 0xec, 0xc0, 0xe4, 0xe1, 0xfe, 0xd6, 0xff, 0xfd, 0xff, 0xff, 0xff, 0xff, 0xff, 0xff, 0xff,
  0xff, 0xff, 0xde, 0xff, 0xfd, 0xff, 0x9a, 0xff, 0x11, 0xff, 0xb9, 0xff, 0xd8, 0xff, 0xfa, 0xff,
  0x00, 0x00, 0x00, 0x00, 0x00, 0x00, 0x00, 0x00, 0x00, 0x00, 0x00, 0x00, 0x00, 0x00, 0x00, 0x00,
  0x00, 0x00, 0x00, 0x00, 0x00, 0x00, 0x00, 0x00, 0x00, 0x00, 0x00, 0x00, 0x00, 0x00, 0x00, 0x00,
  0x00, 0x00, 0x00, 0x00, 0x00, 0x00, 0x00, 0x00, 0x00, 0x00, 0x00, 0x00, 0x00, 0x00, 0x00, 0x00,
  0x00, 0x00, 0x00, 0x00, 0x00, 0x00, 0x00, 0x00, 0x00, 0x00, 0x00, 0x00, 0x00, 0x00, 0x00, 0x00,
  0x00, 0x00, 0x00, 0x00, 0x00, 0x00, 0x00, 0xf8, 0x00, 0xbc, 0x00, 0xbc, 0x02, 0xb3, 0x01, 0xa3,
  0x21, 0xa3, 0x82, 0xab, 0xe2, 0xc3, 0x21, 0xcc, 0x03, 0xe5, 0x23, 0xab, 0xe3, 0xd3, 0x41, 0xf5,
  0x21, 0xfe, 0xa7, 0xfe, 0x6b, 0xfe, 0xb3, 0xff, 0xfa, 0xff, 0xf5, 0xff, 0xf4, 0xff, 0xf6, 0xff,
  0xf8, 0xff, 0x8b, 0xff, 0x00, 0xfe, 0x00, 0xed, 0x00, 0xdc, 0x00, 0xd4, 0xc0, 0x9a, 0x00, 0x72,
  0x40, 0x8a, 0x84, 0xf5, 0x04, 0xed, 0xe2, 0xc3, 0xa0, 0x92, 0x41, 0xab, 0x62, 0xab, 0xa2, 0xbb,
  0x00, 0xf8, 0x00, 0x84, 0x00, 0xf8, 0x00, 0x00, 0x03, 0xb4, 0x00, 0x00, 0x00, 0x00, 0x00, 0x00,
  0x00, 0x00, 0x00, 0x00, 0x00, 0x00, 0x00, 0x00, 0x00, 0x00, 0x00, 0x00, 0x00, 0x00, 0x00, 0x00,
  0x00, 0x00, 0x00, 0x00, 0x00, 0x00, 0x00, 0x00, 0x00, 0x00, 0x00, 0x00, 0x00, 0x00, 0x00, 0x00,
  0x00, 0x00, 0x00, 0x00, 0x00, 0x00, 0x00, 0x00, 0x00, 0x00, 0x00, 0x00, 0x00, 0x00, 0x00, 0x00,
  0x00, 0x00, 0x00, 0x00, 0x00, 0x00, 0x00, 0x00, 0x00, 0x00, 0x00, 0x00, 0x00, 0x00, 0x00, 0x00,
  0x00, 0x00, 0x00, 0x00, 0x00, 0x00, 0x00, 0x00, 0x00, 0x00, 0x00, 0x00, 0x00, 0x00, 0x00, 0x00,
  0x00, 0x00, 0x00, 0x00, 0x00, 0x00, 0x00, 0x00, 0x00, 0x00, 0x00, 0x00, 0x00, 0x00, 0x00, 0x00,
  0x00, 0x00, 0x00, 0x00, 0x00, 0x00, 0x00, 0x00, 0x00, 0x00, 0x00, 0x00, 0x00, 0x00, 0x00, 0x00,
  0x00, 0x00, 0x00, 0x00, 0x00, 0x00, 0x00, 0x00, 0x00, 0x00, 0x00, 0x00, 0x00, 0x00, 0x00, 0x00,
  0x00, 0x00, 0x00, 0x00, 0x00, 0x00, 0x00, 0x00, 0x00, 0x00, 0x00, 0x00, 0x00, 0x00, 0x00, 0x00,
  0x00, 0x00, 0x00, 0x00, 0x00, 0x00, 0x00, 0x00, 0x00, 0x00, 0x00, 0xf8, 0x00, 0x84, 0x00, 0x00,
  0x82, 0xab, 0xc1, 0x8a, 0x01, 0x6a, 0x81, 0x82, 0x82, 0xb3, 0x80, 0xab, 0x00, 0x00, 0x22, 0xab,
  0x23, 0xb3, 0x64, 0xb3, 0x64, 0xb3, 0x62, 0xb3, 0x03, 0xb4, 0x02, 0x9b, 0x01, 0x9b, 0x01, 0xa3,
  0xc0, 0x92, 0x60, 0x92, 0xe0, 0x9a, 0x21, 0xa3, 0x40, 0xab, 0x80, 0x92, 0x20, 0xc3, 0x40, 0xdc,
  0x61, 0xf5, 0xc2, 0xed, 0x21, 0xf6, 0xe4, 0xfe, 0xfc, 0xff, 0xff, 0xff, 0xff, 0xff, 0xff, 0xff,
  0xff, 0xff, 0xfe, 0xff, 0xfe, 0xff, 0xdc, 0xff, 0xfd, 0xff, 0xfa, 0xff, 0xfd, 0xff, 0xfc, 0xff,
  0x00, 0x00, 0x00, 0x00, 0x00, 0x00, 0x00, 0x00, 0x00, 0x00, 0x00, 0x00, 0x00, 0x00, 0x00, 0x00,
  0x00, 0x00, 0x00, 0x00, 0x00, 0x00, 0x00, 0x00, 0x00, 0x00, 0x00, 0x00, 0x00, 0x00, 0x00, 0x00,
  0x00, 0x00, 0x00, 0x00, 0x00, 0x00, 0x00, 0x00, 0x00, 0x00, 0x00, 0x00, 0x00, 0xf8, 0x00, 0x00,
  0xa0, 0xaa, 0x00, 0x00, 0x00, 0x00, 0x00, 0x00, 0x00, 0x00, 0x00, 0x84, 0x00, 0xf8, 0x00, 0x00,
  0x00, 0x84, 0x00, 0x84, 0x83, 0xab, 0x64, 0xb3, 0xa2, 0xb3, 0x42, 0xab, 0x62, 0xab, 0x01, 0xa3,
  0x01, 0x9b, 0xc2, 0xbb, 0x60, 0x82, 0x40, 0x82, 0xe3, 0xbb, 0x21, 0xb3, 0x20, 0xab, 0x60, 0xb3,
  0xc0, 0xcb, 0xa0, 0xcb, 0x83, 0xed, 0xb2, 0xff, 0x68, 0xff, 0xf4, 0xff, 0xf5, 0xff, 0xf9, 0xff,
  0xd3, 0xff, 0xa1, 0xfe, 0x61, 0xf5, 0x40, 0xbb, 0xa0, 0xc3, 0x00, 0xab, 0x60, 0x92, 0x01, 0xab,
  0xa1, 0xc3, 0xe0, 0xa2, 0x41, 0xab, 0x21, 0xab, 0x62, 0xb3, 0x02, 0xb4, 0x00, 0xf8, 0x00, 0x00,
  0x00, 0x00, 0x00, 0x00, 0x00, 0x00, 0x00, 0x00, 0x00, 0xf8, 0x00, 0x00, 0x00, 0x00, 0x00, 0x00,
  0x00, 0x00, 0x00, 0x00, 0x00, 0x00, 0x00, 0x00, 0x00, 0x00, 0x00, 0x00, 0x00, 0x00, 0x00, 0x00,
  0x00, 0x00, 0x00, 0x00, 0x00, 0x00, 0x00, 0x00, 0x00, 0x00, 0x00, 0x00, 0x00, 0x00, 0x00, 0x00,
  0x00, 0x00, 0x00, 0x00, 0x00, 0x00, 0x00, 0x00, 0x00, 0x00, 0x00, 0x00, 0x00, 0x00, 0x00, 0x00,
  0x00, 0x00, 0x00, 0x00, 0x00, 0x00, 0x00, 0x00, 0x00, 0x00, 0x00, 0x00, 0x00, 0x00, 0x00, 0x00,
  0x00, 0x00, 0x00, 0x00, 0x00, 0x00, 0x00, 0x00, 0x00, 0x00, 0x00, 0x00, 0x00, 0x00, 0x00, 0x00,
  0x00, 0x00, 0x00, 0x00, 0x00, 0x00, 0x00, 0x00, 0x00, 0x00, 0x00, 0x00, 0x00, 0x00, 0x00, 0x00,
  0x00, 0x00, 0x00, 0x00, 0x00, 0x00, 0x00, 0x00, 0x00, 0x00, 0x00, 0x00, 0x00, 0x00, 0x00, 0x00,
  0x00, 0x00, 0x00, 0x00, 0x00, 0x00, 0x00, 0x00, 0x00, 0x00, 0x00, 0x00, 0x00, 0x00, 0x00, 0x00,
  0x00, 0x00, 0x00, 0x00, 0x00, 0x00, 0x00, 0x00, 0x00, 0x00, 0x00, 0xf8, 0x00, 0xf8, 0x00, 0x00,
  0x00, 0x00, 0x20, 0x9b, 0x05, 0xac, 0x05, 0xac, 0x83, 0xab, 0x00, 0x00, 0x00, 0x00, 0x22, 0xa3,
  0x61, 0x7a, 0x20, 0x6a, 0xa1, 0x82, 0x22, 0xa3, 0x00, 0xbc, 0x04, 0xbc, 0x05, 0xac, 0xa0, 0xaa,
  0x05, 0xac, 0x00, 0x00, 0x00, 0x84, 0x83, 0xbb, 0x82, 0xb3, 0xa2, 0xb3, 0xa2, 0xbb, 0x42, 0xb3,
  0x41, 0xab, 0x21, 0xa3, 0x82, 0xb3, 0x41, 0xb3, 0x22, 0x9b, 0xc0, 0x79, 0x80, 0xb3, 0xc0, 0xbb,
  0x61, 0xed, 0xea, 0xfe, 0x45, 0xfe, 0x82, 0xfe, 0xdd, 0xf7, 0xff, 0xff, 0xfd, 0xff, 0xff, 0xff,
  0xff, 0xff, 0xff, 0xff, 0xff, 0xff, 0xfd, 0xff, 0xfe, 0xff, 0xff, 0xf7, 0xb6, 0xff, 0x65, 0xff,
  0x00, 0x00, 0x00, 0x00, 0x00, 0x00, 0x00, 0x00, 0x00, 0x00, 0x00, 0x00, 0x00, 0x00, 0x00, 0x00,
  0x00, 0x00, 0x00, 0x00, 0x00, 0x00, 0x00, 0x00, 0x00, 0x00, 0x00, 0x00, 0x00, 0x00, 0x00, 0x00,
  0x00, 0x00, 0x00, 0x00, 0x00, 0x00, 0x00, 0x00, 0x00, 0x00, 0x00, 0x00, 0x00, 0x00, 0x00, 0x00,
  0x26, 0x9b, 0x00, 0xf8, 0x00, 0xf8, 0x00, 0x00, 0x00, 0x84, 0x00, 0x84, 0x00, 0xf8, 0x00, 0x84,
  0x64, 0xb3, 0x00, 0xbc, 0x83, 0xab, 0x05, 0xac, 0x04, 0x9b, 0x02, 0xb3, 0x41, 0xab, 0x21, 0xa3,
  0xc1, 0x92, 0x21, 0xa3, 0xa0, 0x92, 0x01, 0xa3, 0x02, 0xe5, 0x80, 0x92, 0xa0, 0x9a, 0xc0, 0xa2,
  0xc3, 0xd4, 0xe1, 0xec, 0xe0, 0xec, 0xaa, 0xff, 0x92, 0xff, 0xf5, 0xff, 0xfa, 0xff, 0xd4, 0xff,
  0x01, 0xfe, 0x20, 0xf5, 0x61, 0xe4, 0x80, 0xc3, 0x20, 0xbb, 0xc1, 0xc3, 0x61, 0xb3, 0x21, 0xab,
  0xe0, 0x9a, 0x61, 0x8a, 0xc1, 0x9a, 0xc0, 0x9a, 0x21, 0xab, 0x00, 0xbc, 0xa0, 0xaa, 0x00, 0x00,
  0x00, 0x84, 0x00, 0x00, 0x00, 0x00, 0x00, 0x00, 0x00, 0x00, 0x00, 0x00, 0x00, 0x00, 0x00, 0x00,
  0x00, 0x00, 0x00, 0x00, 0x00, 0x00, 0x00, 0x00, 0x00, 0x00, 0x00, 0x00, 0x00, 0x00, 0x00, 0x00,
  0x00, 0xf8, 0x00, 0x00, 0x00, 0x00, 0x00, 0x00, 0x00, 0x00, 0x00, 0x00, 0x00, 0x00, 0x00, 0x00,
  0x00, 0xf8, 0x00, 0x00, 0x00, 0x00, 0x00, 0x00, 0x00, 0x00, 0x00, 0x00, 0x00, 0x00, 0x00, 0x00,
  0x00, 0xf8, 0x00, 0x00, 0x00, 0x00, 0x00, 0x00, 0x00, 0x00, 0x00, 0x00, 0x00, 0x00, 0x00, 0x00,
  0x00, 0xf8, 0x00, 0x00, 0x00, 0x00, 0x00, 0x00, 0x00, 0x00, 0x00, 0x00, 0x00, 0x00, 0x00, 0x00,
  0x00, 0x00, 0x00, 0x00, 0x00, 0x00, 0x00, 0x00, 0x00, 0x00, 0x00, 0x00, 0x00, 0x00, 0x00, 0x00,
  0x00, 0xf8, 0x00, 0x00, 0x00, 0x00, 0x00, 0x00, 0x00, 0x00, 0x00, 0x00, 0x00, 0x00, 0x00, 0x00,
  0x00, 0xf8, 0x00, 0x00, 0x00, 0x00, 0x00, 0x00, 0x00, 0x00, 0x00, 0x00, 0x00, 0x00, 0x00, 0x00,
  0x00, 0xf8, 0x00, 0x00, 0x00, 0x00, 0x00, 0x00, 0x00, 0x00, 0x00, 0xbc, 0x00, 0x00, 0x00, 0x00,
  0x20, 0x9b, 0x00, 0x84, 0x00, 0xf8, 0x64, 0xb3, 0x64, 0xb3, 0x00, 0x00, 0x04, 0x9b, 0x41, 0x72,
  0x01, 0x62, 0xe2, 0x92, 0xa0, 0xaa, 0x00, 0x00, 0x20, 0x9b, 0x00, 0xbc, 0x20, 0xcb, 0x00, 0x00,
  0x04, 0xbc, 0x00, 0x84, 0x00, 0xbc, 0x03, 0xb4, 0x64, 0xb3, 0x82, 0xbb, 0x62, 0xb3, 0x82, 0xb3,
  0x41, 0xab, 0x81, 0x8a, 0x41, 0x82, 0x81, 0x8a, 0x21, 0xa3, 0x60, 0x92, 0xc1, 0xc3, 0x81, 0xc3,
  0x85, 0xf5, 0x2c, 0xff, 0xa2, 0xfe, 0x61, 0xfe, 0x04, 0xff, 0xff, 0xff, 0xff, 0xff, 0xff, 0xff,
  0xff, 0xff, 0xfe, 0xff, 0xfd, 0xff, 0xfc, 0xff, 0xfc, 0xff, 0x95, 0xff, 0x44, 0xf6, 0x00, 0xfe,
  0x00, 0x00, 0x00, 0x00, 0x00, 0x00, 0x00, 0x00, 0x00, 0x00, 0x00, 0x00, 0x00, 0x00, 0x00, 0x00,
  0x00, 0x00, 0x00, 0x00, 0x00, 0x00, 0x00, 0x00, 0x00, 0x00, 0x00, 0x00, 0x00, 0x00, 0x00, 0x00,
  0x00, 0x00, 0x00, 0x00, 0x00, 0x00, 0x00, 0x00, 0x00, 0x00, 0x00, 0x00, 0x00, 0x00, 0x00, 0x00,
  0x00, 0xf8, 0x00, 0x00, 0x00, 0x00, 0x26, 0x9b, 0x04, 0x9b, 0x00, 0x00, 0x00, 0xbc, 0x00, 0x00,
  0xa0, 0xaa, 0x00, 0x84, 0x00, 0xbc, 0x00, 0xbc, 0x42, 0xab, 0x22, 0xab, 0x42, 0xa3, 0x42, 0xab,
  0xa1, 0x92, 0x21, 0xab, 0x00, 0xd4, 0x01, 0xcc, 0xc1, 0xe4, 0xa0, 0x92, 0x00, 0xab, 0x20, 0xbb,
  0xa0, 0xdc, 0xa0, 0xf5, 0xe1, 0xf5, 0xce, 0xff, 0xd6, 0xff, 0xf7, 0xff, 0xf9, 0xf7, 0xc8, 0xff,
  0x20, 0xf5, 0x20, 0xe4, 0x80, 0xe4, 0xc0, 0xd3, 0x60, 0xc3, 0x81, 0xc3, 0x21, 0xab, 0xe0, 0xa2,
  0x80, 0x92, 0xa1, 0x92, 0x61, 0xb3, 0x21, 0xa3, 0x61, 0xb3, 0x00, 0xf8, 0x00, 0x00, 0x00, 0x00,
  0x00, 0x84, 0x00, 0x00, 0x00, 0x00, 0x00, 0x00, 0x00, 0xf8, 0x00, 0x00, 0x00, 0x00, 0x00, 0x00,
  0x00, 0x00, 0x00, 0x00, 0x00, 0x00, 0x00, 0x00, 0x00, 0x00, 0x00, 0x00, 0x00, 0x00, 0x00, 0x00,
  0x00, 0xf8, 0x00, 0x00, 0x00, 0x00, 0x00, 0x00, 0x00, 0x00, 0x00, 0x00, 0x00, 0x00, 0x00, 0x00,
  0x00, 0x00, 0x00, 0x00, 0x00, 0x00, 0x00, 0x00, 0x00, 0x00, 0x00, 0x00, 0x00, 0x00, 0x00, 0x00,
  0x00, 0x00, 0x00, 0x00, 0x00, 0x00, 0x00, 0x00, 0x00, 0x00, 0x00, 0x00, 0x00, 0x00, 0x00, 0x00,
  0x00, 0x00, 0x00, 0x00, 0x00, 0x00, 0x00, 0x00, 0x00, 0x00, 0x00, 0x00, 0x00, 0x00, 0x00, 0x00,
  0x00, 0x00, 0x00, 0x00, 0x00, 0x00, 0x00, 0x00, 0x00, 0x00, 0x00, 0x00, 0x00, 0x00, 0x00, 0x00,
  0x00, 0x00, 0x00, 0x00, 0x00, 0x00, 0x00, 0x00, 0x00, 0x00, 0x00, 0x00, 0x00, 0x00, 0x00, 0x00,
  0x00, 0x00, 0x00, 0x00, 0x00, 0x00, 0x00, 0x00, 0x00, 0x00, 0x00, 0x00, 0x00, 0x00, 0x00, 0x00,
  0x00, 0x00, 0x00, 0x00, 0x00, 0x00, 0x00, 0x00, 0x00, 0x00, 0x00, 0x00, 0xa0, 0xaa, 0x00, 0x00,
  0x00, 0x00, 0x00, 0x00, 0x64, 0xb3, 0x00, 0x00, 0x83, 0xab, 0x22, 0xa3, 0x41, 0x72, 0x81, 0x82,
  0x81, 0xab, 0x00, 0x00, 0x00, 0x00, 0x00, 0x00, 0x00, 0x00, 0x00, 0x00, 0x00, 0xbc, 0x00, 0xf8,
  0xa0, 0xaa, 0x00, 0xf8, 0x00, 0x00, 0x00, 0xf8, 0x00, 0xbc, 0x82, 0xb3, 0xa2, 0xb3, 0xc1, 0xbb,
  0xa2, 0xb3, 0x21, 0xab, 0x01, 0xa3, 0xe1, 0x92, 0x21, 0xa3, 0x20, 0xa3, 0x80, 0xb3, 0x60, 0xbb,
  0xe0, 0xec, 0x07, 0xfe, 0xcd, 0xfe, 0x49, 0xff, 0x82, 0xfe, 0xfc, 0xff, 0xff, 0xff, 0xfe, 0xff,
  0xff, 0xff, 0xff, 0xff, 0xff, 0xff, 0xff, 0xff, 0xfb, 0xff, 0x62, 0xf6, 0xe1, 0xfe, 0x02, 0xff,
  0x00, 0x00, 0x00, 0x00, 0x00, 0x00, 0x00, 0x00, 0x00, 0x00, 0x00, 0x00, 0x00, 0x00, 0x00, 0x00,
  0x00, 0x00, 0x00, 0x00, 0x00, 0x00, 0x00, 0x00, 0x00, 0x00, 0x00, 0x00, 0x00, 0x00, 0x00, 0x00,
  0x00, 0x00, 0x00, 0x00, 0x00, 0x00, 0x00, 0x00, 0x00, 0x00, 0x00, 0x00, 0x00, 0x00, 0x00, 0x00,
  0x00, 0x00, 0x00, 0x00, 0x00, 0x84, 0x00, 0xf8, 0x00, 0x84, 0x04, 0x9b, 0xa0, 0xaa, 0x00, 0xf8,
  0x00, 0xf8, 0x00, 0x00, 0x00, 0x00, 0xa0, 0xaa, 0xa0, 0xaa, 0xa0, 0xaa, 0x23, 0xa3, 0x62, 0xab,
  0x21, 0xa3, 0x60, 0xab, 0xe0, 0xc3, 0xe0, 0xc3, 0x61, 0xdc, 0x61, 0xb3, 0x21, 0xdc, 0xe0, 0xcb,
  0x41, 0xf5, 0xa4, 0xfe, 0xe5, 0xfe, 0xd8, 0xff, 0xd8, 0xff, 0xf8, 0xff, 0xf7, 0xff, 0xa7, 0xff,
  0xe0, 0xec, 0x80, 0xcb, 0x20, 0xdc, 0x40, 0xbb, 0x40, 0xbb, 0x00, 0xa3, 0xc0, 0xa2, 0x20, 0xab,
  0xe1, 0x9a, 0x01, 0xa3, 0xa2, 0xbb, 0x81, 0xb3, 0x02, 0xbc, 0xa0, 0xaa, 0x00, 0xfc, 0x00, 0xf8,
  0x00, 0x00, 0x00, 0x00, 0x00, 0x00, 0x00, 0x00, 0x00, 0x00, 0x00, 0x00, 0x00, 0x00, 0x00, 0x00,
  0x00, 0x00, 0x00, 0x00, 0x00, 0x00, 0x00, 0x00, 0x00, 0x00, 0x00, 0x00, 0x00, 0x00, 0x00, 0x00,
  0x00, 0x00, 0x00, 0x00, 0x00, 0x00, 0x00, 0x00, 0x00, 0x00, 0x00, 0x00, 0x00, 0x00, 0x00, 0x00,
  0x00, 0x00, 0x00, 0x00, 0x00, 0x00, 0x00, 0x00, 0x00, 0x00, 0x00, 0x00, 0x00, 0x00, 0x00, 0x00,
  0x00, 0x00, 0x00, 0x00, 0x00, 0x00, 0x00, 0x00, 0x00, 0x00, 0x00, 0x00, 0x00, 0x00, 0x00, 0x00,
  0x00, 0x00, 0x00, 0x00, 0x00, 0x00, 0x00, 0x00, 0x00, 0x00, 0x00, 0x00, 0x00, 0x00, 0x00, 0x00,
  0x00, 0x00, 0x00, 0x00, 0x00, 0x00, 0x00, 0x00, 0x00, 0x00, 0x00, 0x00, 0x00, 0x00, 0x00, 0x00,
  0x00, 0x00, 0x00, 0x00, 0x00, 0x00, 0x00, 0x00, 0x00, 0x00, 0x00, 0x00, 0x00, 0x00, 0x00, 0x00,
  0x00, 0x00, 0x00, 0x00, 0x00, 0x00, 0x00, 0x00, 0x00, 0x00, 0x00, 0x00, 0x00, 0x00, 0x00, 0x00,
  0x00, 0x00, 0x00, 0x00, 0x00, 0x00, 0x00, 0x00, 0x00, 0x00, 0x00, 0x84, 0x20, 0x9b, 0xa0, 0xaa,
  0x00, 0xf8, 0x00, 0x00, 0x00, 0x00, 0x62, 0xa3, 0xe2, 0x92, 0x81, 0x82, 0xa1, 0x8a, 0xa2, 0xab,
  0x00, 0xf8, 0x00, 0x84, 0x00, 0x00, 0x00, 0x00, 0x00, 0x00, 0x00, 0x84, 0x00, 0xf8, 0x00, 0xbc,
  0x00, 0xf8, 0x00, 0x84, 0x00, 0x00, 0x00, 0xf8, 0x00, 0x00, 0x82, 0xbb, 0x04, 0xbc, 0xa2, 0xbb,
  0xa2, 0xbb, 0xa2, 0xbb, 0xa2, 0xbb, 0x81, 0xbb, 0x62, 0xd4, 0xc0, 0x9a, 0xe0, 0xa2, 0x20, 0xbb,
  0xc0, 0xdb, 0x01, 0xf5, 0x4f, 0xff, 0xd8, 0xff, 0xd5, 0xff, 0x8b, 0xff, 0xff, 0xff, 0xfe, 0xff,
  0xff, 0xff, 0xff, 0xff, 0xff, 0xff, 0xff, 0xff, 0xf3, 0xff, 0x68, 0xff, 0xa3, 0xfe, 0x61, 0xfe,
  0x00, 0x00, 0x00, 0x00, 0x00, 0x00, 0x00, 0x00, 0x00, 0x00, 0x00, 0x00, 0x00, 0x00, 0x00, 0x00,
  0x00, 0x00, 0x00, 0x00, 0x00, 0x00, 0x00, 0x00, 0x00, 0x00, 0x00, 0x00, 0x00, 0x00, 0x00, 0x00,
  0x00, 0x00, 0x00, 0x00, 0x00, 0x00, 0x00, 0x00, 0xe2, 0x8a, 0x00, 0x00, 0x00, 0x00, 0x00, 0x00,
  0x00, 0x00, 0x00, 0x84, 0xe2, 0x8a, 0x22, 0x93, 0x83, 0xab, 0x43, 0x9b, 0x04, 0x9b, 0x00, 0x00,
  0x00, 0x00, 0xa0, 0xaa, 0x05, 0xac, 0x20, 0x9b, 0x26, 0x9b, 0x02, 0xb3, 0x63, 0xab, 0x82, 0xb3,
  0x61, 0xab, 0x00, 0xa3, 0xa0, 0xbb, 0x00, 0xcc, 0x40, 0xdc, 0x01, 0xa3, 0x21, 0xdc, 0xa0, 0xe4,
  0xa0, 0xf5, 0x42, 0xfe, 0xb2, 0xff, 0xfa, 0xff, 0xdb, 0xff, 0xf8, 0xff, 0x8b, 0xff, 0xc0, 0xfd,
  0xe0, 0xdb, 0xa0, 0xd3, 0x40, 0xc3, 0x20, 0xb3, 0xc0, 0xa2, 0xe0, 0xcb, 0x01, 0xd4, 0x20, 0xab,
  0x60, 0x8a, 0x41, 0xa3, 0xc2, 0xc3, 0x02, 0xbc, 0x04, 0xbc, 0x00, 0xf8, 0x00, 0xf8, 0x00, 0x00,
  0x00, 0x00, 0x00, 0x00, 0x00, 0x00, 0x00, 0x00, 0x00, 0x00, 0x00, 0x00, 0x00, 0x00, 0x00, 0x00,
  0x00, 0x00, 0x00, 0x00, 0x00, 0x00, 0x00, 0x00, 0x00, 0x00, 0x00, 0x00, 0x00, 0x00, 0x00, 0x00,
  0x00, 0x00, 0x00, 0x00, 0x00, 0x00, 0x00, 0x00, 0x00, 0x00, 0x00, 0x00, 0x00, 0x00, 0x00, 0x00,
  0x00, 0x00, 0x00, 0x00, 0x00, 0x00, 0x00, 0x00, 0x00, 0x00, 0x00, 0x00, 0x00, 0x00, 0x00, 0x00,
  0x00, 0x00, 0x00, 0x00, 0x00, 0x00, 0x00, 0x00, 0x00, 0x00, 0x00, 0x00, 0x00, 0x00, 0x00, 0x00,
  0x00, 0x00, 0x00, 0x00, 0x00, 0x00, 0x00, 0x00, 0x00, 0x00, 0x00, 0x00, 0x00, 0x00, 0x00, 0x00,
  0x00, 0x00, 0x00, 0x00, 0x00, 0x00, 0x00, 0x00, 0x00, 0x00, 0x00, 0x00, 0x00, 0x00, 0x00, 0x00,
  0x00, 0x00, 0x00, 0x00, 0x00, 0x00, 0x00, 0x00, 0x00, 0x00, 0x00, 0x00, 0x00, 0x00, 0x00, 0x00,
  0x00, 0x00, 0x00, 0x00, 0x00, 0x00, 0x00, 0x00, 0x00, 0x00, 0x00, 0x00, 0x00, 0x00, 0x00, 0x00,
  0x00, 0x00, 0x00, 0x00, 0x00, 0x00, 0x00, 0x00, 0x00, 0x00, 0x00, 0xf8, 0x00, 0xbc, 0x00, 0xbc,
  0x20, 0x9b, 0x05, 0xac, 0x02, 0x9b, 0x80, 0x7a, 0x60, 0x7a, 0xe1, 0x92, 0x00, 0xac, 0x00, 0x00,
  0x00, 0x00, 0x00, 0x00, 0x00, 0x00, 0x00, 0x00, 0x00, 0x00, 0x00, 0x00, 0x00, 0x84, 0x20, 0xcb,
  0x00, 0x00, 0xa0, 0xaa, 0xa0, 0xaa, 0x00, 0xac, 0x03, 0xb4, 0x03, 0xb4, 0x83, 0xc3, 0xc3, 0xb3,
  0x82, 0xbb, 0xc3, 0xbb, 0xa2, 0xbb, 0x01, 0xcc, 0x61, 0xdc, 0x40, 0x8a, 0x20, 0xc3, 0x40, 0xbb,
  0xe0, 0xdb, 0x01, 0xfe, 0x0a, 0xff, 0xdb, 0xff, 0xfd, 0xff, 0x25, 0xff, 0xdf, 0xff, 0xff, 0xff,
  0xff, 0xff, 0xff, 0xff, 0xdf, 0xff, 0xfd, 0xff, 0xae, 0xff, 0x92, 0xff, 0xe1, 0xf5, 0x61, 0xf5,
  0x00, 0x00, 0x00, 0x00, 0x00, 0x00, 0x00, 0x00, 0x00, 0x00, 0x00, 0x00, 0x00, 0x00, 0x00, 0x00,
  0x00, 0x00, 0x00, 0x00, 0x00, 0x00, 0x00, 0x00, 0x00, 0x00, 0x00, 0x00, 0x00, 0x00, 0x00, 0x00,
  0x00, 0x00, 0x00, 0x00, 0x00, 0x00, 0x00, 0xf8, 0x26, 0x9b, 0x00, 0x00, 0x00, 0x00, 0x00, 0x00,
  0x00, 0x00, 0x00, 0x00, 0xe3, 0x8a, 0xe2, 0x8a, 0x63, 0xa3, 0x23, 0x9b, 0x43, 0xa3, 0xa2, 0xa3,
  0xa0, 0xaa, 0x26, 0x9b, 0x04, 0x9b, 0x05, 0xac, 0x23, 0xb3, 0x20, 0x9b, 0x21, 0xab, 0x42, 0xab,
  0x41, 0xab, 0x20, 0xa3, 0xa0, 0xbb, 0x00, 0xcc, 0x20, 0xd4, 0x20, 0xbb, 0xa0, 0xcb, 0xc0, 0xe4,
  0xe1, 0xf5, 0xa6, 0xfe, 0xf8, 0xff, 0xfa, 0xff, 0xfc, 0xff, 0xf6, 0xff, 0x62, 0xfe, 0x20, 0xe4,
  0x00, 0xab, 0x40, 0xbb, 0x20, 0xdc, 0x00, 0xcc, 0xc0, 0xa2, 0xc0, 0xc3, 0x80, 0xc3, 0x80, 0x92,
  0x81, 0x92, 0xc1, 0xbb, 0x02, 0xcc, 0xa2, 0xbb, 0x00, 0x84, 0x00, 0x00, 0x00, 0x00, 0x00, 0x00,
  0x00, 0xf8, 0x00, 0x00, 0x00, 0x00, 0x00, 0x00, 0x00, 0x00, 0x00, 0x00, 0x00, 0x00, 0x00, 0x00,
  0x00, 0x00, 0x00, 0x00, 0x00, 0x00, 0x00, 0x00, 0x00, 0x00, 0x00, 0x00, 0x00, 0x00, 0x00, 0x00,
  0x00, 0x00, 0x00, 0x00, 0x00, 0x00, 0x00, 0x00, 0x00, 0x00, 0x00, 0x00, 0x00, 0x00, 0x00, 0x00,
  0x00, 0x00, 0x00, 0x00, 0x00, 0x00, 0x00, 0x00, 0x00, 0x00, 0x00, 0x00, 0x00, 0x00, 0x00, 0x00,
  0x00, 0x00, 0x00, 0x00, 0x00, 0x00, 0x00, 0x00, 0x00, 0x00, 0x00, 0x00, 0x00, 0x00, 0x00, 0x00,
  0x00, 0x00, 0x00, 0x00, 0x00, 0x00, 0x00, 0x00, 0x00, 0x00, 0x00, 0x00, 0x00, 0x00, 0x00, 0x00,
  0x00, 0x00, 0x00, 0x00, 0x00, 0x00, 0x00, 0x00, 0x00, 0x00, 0x00, 0x00, 0x00, 0x00, 0x00, 0x00,
  0x00, 0x00, 0x00, 0x00, 0x00, 0x00, 0x00, 0x00, 0x00, 0x00, 0x00, 0x00, 0x00, 0x00, 0x00, 0x00,
  0x00, 0x00, 0x00, 0x00, 0x00, 0x00, 0x00, 0x00, 0x00, 0x00, 0x00, 0x00, 0x00, 0x00, 0x00, 0x00,
  0x00, 0x00, 0x00, 0x00, 0x00, 0x00, 0x00, 0x00, 0x00, 0x00, 0x00, 0x84, 0x20, 0xcb, 0x00, 0x84,
  0x83, 0xab, 0x22, 0x9b, 0xc1, 0x92, 0xe1, 0x9a, 0x23, 0xa3, 0x04, 0xbb, 0x00, 0xbc, 0x00, 0x00,
  0x00, 0x00, 0x00, 0x00, 0x00, 0x00, 0x00, 0x84, 0x00, 0x00, 0x00, 0x00, 0x00, 0xbc, 0xa0, 0xaa,
  0x20, 0xcb, 0x05, 0xac, 0x05, 0xac, 0x82, 0xb3, 0xc2, 0xbb, 0x00, 0x84, 0x03, 0xb4, 0x20, 0xcb,
  0xc3, 0xc3, 0xc3, 0xbb, 0xa2, 0xbb, 0xe1, 0xc3, 0x00, 0xab, 0x20, 0x9a, 0x60, 0xe4, 0x62, 0xed,
  0xe3, 0xf5, 0xe8, 0xfe, 0xdb, 0xff, 0xdf, 0xf7, 0x53, 0xff, 0x69, 0xff, 0xfc, 0xff, 0xff, 0xff,
  0xff, 0xff, 0xff, 0xff, 0xdf, 0xff, 0xfe, 0xff, 0xd3, 0xff, 0xfc, 0xf7, 0x41, 0xf5, 0xe1, 0xdb,
  0x00, 0x00, 0x00, 0x00, 0x00, 0x00, 0x00, 0x00, 0x00, 0x00, 0x00, 0x00, 0x00, 0x00, 0x00, 0x00,
  0x00, 0x00, 0x00, 0x00, 0x00, 0x00, 0x00, 0x00, 0x00, 0x00, 0x00, 0x00, 0x00, 0x00, 0x00, 0x00,
  0x00, 0x00, 0x00, 0x00, 0x00, 0x00, 0x00, 0x84, 0x00, 0x00, 0x00, 0x00, 0x00, 0x00, 0x00, 0x00,
  0x00, 0x84, 0xa0, 0xaa, 0x03, 0x93, 0x23, 0x9b, 0xc4, 0xb3, 0x83, 0xb3, 0x63, 0xa3, 0x43, 0xa3,
  0x43, 0xab, 0xa2, 0xab, 0xa2, 0xbb, 0x00, 0x84, 0x26, 0x9b, 0x22, 0xab, 0x42, 0xab, 0x21, 0xa3,
  0x40, 0xb3, 0x40, 0xdc, 0x41, 0xdc, 0xe0, 0xcb, 0xa1, 0xe4, 0xa0, 0xcb, 0x60, 0xdc, 0x00, 0xed,
  0xa4, 0xfe, 0xf8, 0xff, 0xfe, 0xff, 0xfc, 0xff, 0xfc, 0xff, 0xce, 0xff, 0xe0, 0xfd, 0x61, 0xdc,
  0xe0, 0xaa, 0xc0, 0xcb, 0x20, 0xd4, 0xe0, 0xdb, 0xa1, 0xc3, 0x80, 0xbb, 0xc0, 0xa2, 0xc1, 0x9a,
  0x61, 0xb3, 0xc2, 0xcb, 0x01, 0xc4, 0x00, 0xac, 0x04, 0xbc, 0x00, 0x00, 0x00, 0x00, 0x00, 0x00,
  0x00, 0x00, 0x00, 0x00, 0x00, 0xf8, 0x00, 0x00, 0x00, 0x00, 0x00, 0x00, 0x00, 0x00, 0x00, 0x00,
  0x00, 0x00, 0x00, 0x00, 0x00, 0x00, 0x00, 0x00, 0x00, 0x00, 0x00, 0x00, 0x00, 0x00, 0x00, 0x00,
  0x00, 0x00, 0x00, 0x00, 0x00, 0x00, 0x00, 0x00, 0x00, 0x00, 0x00, 0x00, 0x00, 0x00, 0x00, 0x00,
  0x00, 0x00, 0x00, 0x00, 0x00, 0x00, 0x00, 0x00, 0x00, 0x00, 0x00, 0x00, 0x00, 0x00, 0x00, 0x00,
  0x00, 0x00, 0x00, 0x00, 0x00, 0x00, 0x00, 0x00, 0x00, 0x00, 0x00, 0x00, 0x00, 0x00, 0x00, 0x00,
  0x00, 0x00, 0x00, 0x00, 0x00, 0x00, 0x00, 0x00, 0x00, 0x00, 0x00, 0x00, 0x00, 0x00, 0x00, 0x00,
  0x00, 0x00, 0x00, 0x00, 0x00, 0x00, 0x00, 0x00, 0x00, 0x00, 0x00, 0x00, 0x00, 0x00, 0x00, 0x00,
  0x00, 0x00, 0x00, 0x00, 0x00, 0x00, 0x00, 0x00, 0x00, 0x00, 0x00, 0x00, 0x00, 0x00, 0x00, 0x00,
  0x00, 0x00, 0x00, 0x00, 0x00, 0x00, 0x00, 0x00, 0x00, 0x00, 0x00, 0x00, 0x00, 0x00, 0x00, 0x00,
  0x00, 0x00, 0x00, 0x00, 0x00, 0x00, 0x00, 0x00, 0x00, 0x00, 0x04, 0xbc, 0x04, 0xbc, 0x05, 0xac,
  0x62, 0xb3, 0x42, 0xab, 0x63, 0xb3, 0x05, 0xac, 0x00, 0x00, 0x00, 0xf8, 0x00, 0x00, 0x00, 0x00,
  0x00, 0x00, 0x00, 0x00, 0x00, 0x00, 0x00, 0x00, 0x00, 0x00, 0x00, 0x84, 0x00, 0x00, 0x00, 0xf8,
  0x20, 0xcb, 0x00, 0xbc, 0x82, 0xb3, 0x82, 0xb3, 0x20, 0xcb, 0x20, 0xcb, 0x00, 0xbc, 0xa2, 0xc3,
  0xc2, 0xc3, 0xc3, 0xc3, 0x62, 0xbb, 0x00, 0xa3, 0x61, 0xbb, 0xc0, 0xcb, 0xe1, 0xfd, 0x09, 0xff,
  0x74, 0xff, 0xfd, 0xff, 0xfd, 0xff, 0xb0, 0xf6, 0x81, 0xf5, 0x23, 0xff, 0x87, 0xff, 0xfe, 0xff,
  0xff, 0xff, 0xff, 0xff, 0xff, 0xff, 0xff, 0xff, 0xf6, 0xff, 0x50, 0xff, 0x01, 0xf6, 0x00, 0xe4,
  0x00, 0x00, 0x00, 0x00, 0x00, 0x00, 0x00, 0x00, 0x00, 0x00, 0x00, 0x00, 0x00, 0x00, 0x00, 0x00,
  0x00, 0x00, 0x00, 0x00, 0x00, 0x00, 0x00, 0x00, 0x00, 0x00, 0x00, 0x00, 0x00, 0x00, 0x00, 0x00,
  0x00, 0x00, 0x00, 0x00, 0x00, 0xf8, 0x00, 0x84, 0x00, 0x00, 0x00, 0x00, 0x00, 0x00, 0x00, 0x00,
  0x00, 0x00, 0x00, 0xf8, 0x42, 0x93, 0x63, 0x9b, 0x43, 0xb3, 0xc3, 0xb3, 0x62, 0xa3, 0x02, 0xa3,
  0x63, 0xab, 0xa2, 0xa3, 0xa2, 0xb3, 0xa2, 0xb3, 0xa2, 0xb3, 0x83, 0xb3, 0xc3, 0xc3, 0x81, 0xb3,
  0xc0, 0xbb, 0x01, 0xed, 0xe3, 0xe4, 0xc0, 0xc3, 0x61, 0xdc, 0xc0, 0xd3, 0x60, 0xe4, 0x81, 0xf5,
  0x89, 0xff, 0xfc, 0xff, 0xff, 0xff, 0xfb, 0xff, 0xf9, 0xff, 0xa5, 0xfe, 0xe0, 0xec, 0x01, 0xe5,
  0xe0, 0xcb, 0xa0, 0xec, 0xc0, 0xa2, 0x00, 0xb3, 0xa1, 0xe4, 0x01, 0xcc, 0xc0, 0x9a, 0x21, 0xa3,
  0xc1, 0xbb, 0x00, 0xac, 0xa2, 0xbb, 0x00, 0xbc, 0xa2, 0xbb, 0x00, 0xf8, 0x00, 0x00, 0x00, 0x00,
  0x00, 0x00, 0x00, 0x00, 0x00, 0x00, 0x00, 0x00, 0x00, 0x00, 0x00, 0x00, 0x00, 0x00, 0x00, 0x00,
  0x00, 0x00, 0x00, 0x00, 0x00, 0x00, 0x00, 0x00, 0x00, 0x00, 0x00, 0x00, 0x00, 0x00, 0x00, 0x00,
  0x00, 0x00, 0x00, 0x00, 0x00, 0x00, 0x00, 0x00, 0x00, 0x00, 0x00, 0x00, 0x00, 0x00, 0x00, 0x00,
  0x00, 0x00, 0x00, 0x00, 0x00, 0x00, 0x00, 0x00, 0x00, 0x00, 0x00, 0x00, 0x00, 0x00, 0x00, 0x00,
  0x00, 0x00, 0x00, 0x00, 0x00, 0x00, 0x00, 0x00, 0x00, 0x00, 0x00, 0x00, 0x00, 0x00, 0x00, 0x00,
  0x00, 0x00, 0x00, 0x00, 0x00, 0x00, 0x00, 0x00, 0x00, 0x00, 0x00, 0x00, 0x00, 0x00, 0x00, 0x00,
  0x00, 0x00, 0x00, 0x00, 0x00, 0x00, 0x00, 0x00, 0x00, 0x00, 0x00, 0x00, 0x00, 0x00, 0x00, 0x00,
  0x00, 0x00, 0x00, 0x00, 0x00, 0x00, 0x00, 0x00, 0x00, 0x00, 0x00, 0x00, 0x00, 0x00, 0x00, 0x00,
  0x00, 0x00, 0x00, 0x00, 0x00, 0x00, 0x00, 0x00, 0x00, 0x00, 0x00, 0x00, 0x00, 0x00, 0x00, 0x00,
  0x00, 0x00, 0x00, 0x00, 0x00, 0x00, 0x00, 0x00, 0x00, 0x00, 0x83, 0xab, 0x42, 0xab, 0x63, 0xab,
  0x42, 0xa3, 0x41, 0xab, 0x00, 0x00, 0x00, 0x84, 0x00, 0x00, 0x00, 0x00, 0x00, 0x00, 0x00, 0x00,
  0x00, 0x00, 0x00, 0x00, 0x00, 0x00, 0x00, 0x00, 0x00, 0x00, 0x00, 0x00, 0x00, 0x00, 0x04, 0xbc,
  0x00, 0x00, 0xa2, 0xb3, 0x01, 0x9b, 0x01, 0xa3, 0x82, 0xbb, 0x00, 0x00, 0x00, 0xbc, 0x20, 0xcb,
  0xa2, 0xbb, 0xa2, 0xbb, 0xa2, 0xbb, 0xe0, 0xa2, 0x22, 0xd4, 0x41, 0xdc, 0xa1, 0xfe, 0x85, 0xfe,
  0xfd, 0xff, 0x9f, 0xff, 0xc0, 0xf4, 0xc0, 0xf5, 0x43, 0xfe, 0x22, 0xff, 0x88, 0xff, 0xfe, 0xff,
  0xff, 0xff, 0xff, 0xff, 0xff, 0xff, 0xfd, 0xff, 0xd3, 0xff, 0xcc, 0xfe, 0xe7, 0xfe, 0xc0, 0xe4,
  0x00, 0x00, 0x00, 0x00, 0x00, 0x00, 0x00, 0x00, 0x00, 0x00, 0x00, 0x00, 0x00, 0x00, 0x00, 0x00,
  0x00, 0x00, 0x00, 0x00, 0x00, 0x00, 0x00, 0x00, 0x00, 0x00, 0x00, 0x00, 0x00, 0x00, 0x00, 0x00,
  0x00, 0x00, 0x00, 0x00, 0x00, 0x00, 0x00, 0x00, 0x00, 0x00, 0x00, 0x00, 0x00, 0x00, 0x00, 0x00,
  0x00, 0x00, 0x00, 0x00, 0x00, 0x00, 0x00, 0x00, 0xe2, 0xa2, 0xc2, 0x92, 0x02, 0x9b, 0x42, 0xa3,
  0x62, 0xa3, 0x82, 0xab, 0x62, 0xab, 0x42, 0xa3, 0x82, 0xab, 0x02, 0xa3, 0x62, 0xb3, 0xa0, 0x9a,
  0x20, 0xab, 0xc0, 0xcb, 0x80, 0xc3, 0x60, 0x9a, 0xe0, 0xaa, 0xa0, 0xd3, 0xe3, 0xfd, 0xc9, 0xfe,
  0xf6, 0xff, 0xd5, 0xff, 0xf7, 0xff, 0xfd, 0xff, 0x48, 0xff, 0x02, 0xf5, 0x80, 0xe4, 0xa1, 0xf5,
  0x01, 0xe5, 0x40, 0xd4, 0x00, 0x7a, 0x40, 0xab, 0x44, 0xfe, 0x20, 0xd4, 0xe0, 0x92, 0xe1, 0x9a,
  0xa2, 0xb3, 0x81, 0xb3, 0x83, 0xc3, 0x00, 0xac, 0xa0, 0xaa, 0x00, 0x00, 0x00, 0x00, 0x00, 0x00,
  0x00, 0x00, 0x00, 0x00, 0x00, 0x00, 0x00, 0x00, 0x00, 0x00, 0x00, 0x00, 0x00, 0x00, 0x00, 0x00,
  0x00, 0x00, 0x00, 0x00, 0x00, 0x00, 0x00, 0x00, 0x00, 0x00, 0x00, 0x00, 0x00, 0x00, 0x00, 0x00,
  0x00, 0x00, 0x00, 0x00, 0x00, 0x00, 0x00, 0x00, 0x00, 0x00, 0x00, 0x00, 0x00, 0x00, 0x00, 0x00,
  0x00, 0x00, 0x00, 0x00, 0x00, 0x00, 0x00, 0x00, 0x00, 0x00, 0x00, 0x00, 0x00, 0x00, 0x00, 0x00,
  0x00, 0x00, 0x00, 0x00, 0x00, 0x00, 0x00, 0x00, 0x00, 0x00, 0x00, 0x00, 0x00, 0x00, 0x00, 0x00,
  0x00, 0x00, 0x00, 0x00, 0x00, 0x00, 0x00, 0x00, 0x00, 0x00, 0x00, 0x00, 0x00, 0x00, 0x00, 0x00,
  0x00, 0x00, 0x00, 0x00, 0x00, 0x00, 0x00, 0x00, 0x00, 0x00, 0x00, 0x00, 0x00, 0x00, 0x00, 0x00,
  0x00, 0x00, 0x00, 0x00, 0x00, 0x00, 0x00, 0x00, 0x00, 0x00, 0x00, 0x00, 0x00, 0x00, 0x00, 0x00,
  0x00, 0x00, 0x00, 0x00, 0x00, 0x00, 0x00, 0x00, 0x00, 0x00, 0x00, 0x00, 0x00, 0x00, 0x00, 0x00,
  0x00, 0x00, 0x00, 0x00, 0x00, 0x00, 0x00, 0x00, 0x00, 0x00, 0x00, 0x00, 0x00, 0x00, 0x00, 0x00,
  0x00, 0x00, 0x00, 0x00, 0x00, 0x00, 0x00, 0x00, 0x00, 0x00, 0x00, 0x00, 0x00, 0x00, 0x00, 0x00,
  0x00, 0x00, 0x00, 0x00, 0x00, 0x00, 0xa0, 0xaa, 0x00, 0x84, 0x20, 0xcb, 0x00, 0x00, 0x00, 0xf8,
  0xa0, 0xaa, 0x64, 0xb3, 0x04, 0xbc, 0xc3, 0xb3, 0x82, 0xb3, 0x02, 0xbc, 0x81, 0xbb, 0x82, 0xb3,
  0x62, 0xb3, 0xc3, 0xc3, 0xc1, 0x9a, 0x81, 0x8a, 0xa0, 0x92, 0x60, 0xdc, 0x63, 0xfe, 0xa3, 0xfe,
  0x42, 0xfe, 0xe0, 0xfd, 0x20, 0xed, 0x6b, 0xff, 0xec, 0xfe, 0x12, 0xff, 0xae, 0xff, 0x51, 0xff,
  0xfe, 0xff, 0xfe, 0xff, 0xfe, 0xff, 0xff, 0xff, 0xdf, 0xff, 0x47, 0xff, 0x86, 0xfe, 0xa3, 0xf5,
  0x00, 0x00, 0x00, 0x00, 0x00, 0x00, 0x00, 0x00, 0x00, 0x00, 0x00, 0x00, 0x00, 0x00, 0x00, 0x00,
  0x00, 0x00, 0x00, 0x00, 0x00, 0x00, 0x00, 0x00, 0x00, 0x00, 0x00, 0x00, 0x00, 0x00, 0x00, 0x00,
  0x00, 0x00, 0x00, 0x00, 0x00, 0x00, 0x00, 0x00, 0x00, 0x00, 0x00, 0x00, 0x00, 0x00, 0x00, 0x00,
  0x00, 0x00, 0x00, 0x00, 0x00, 0x00, 0x00, 0x00, 0x03, 0x9b, 0x43, 0xa3, 0xe2, 0xa2, 0xa0, 0xaa,
  0x83, 0xab, 0x22, 0xa3, 0x22, 0xab, 0x43, 0xab, 0x42, 0xab, 0x42, 0xa3, 0xa2, 0xc3, 0xa0, 0x9a,
  0xe0, 0xa2, 0x60, 0xe4, 0x00, 0xd4, 0xc0, 0xc3, 0x40, 0xd4, 0xc0, 0xd3, 0x04, 0xf6, 0x6e, 0xff,
  0xfa, 0xff, 0xf5, 0xff, 0xf7, 0xff, 0xfb, 0xff, 0x81, 0xfe, 0x00, 0xd4, 0x41, 0xe4, 0x43, 0xed,
  0x44, 0xfe, 0xa1, 0xfd, 0x80, 0xc3, 0x60, 0x8a, 0x42, 0xd4, 0x40, 0xb3, 0xa0, 0x92, 0x82, 0xb3,
  0x81, 0xbb, 0xa1, 0xbb, 0x20, 0xcb, 0x00, 0xf8, 0x00, 0x00, 0x00, 0x00, 0x00, 0x00, 0x00, 0x00,
  0x00, 0x00, 0x00, 0x00, 0x00, 0x00, 0x00, 0x00, 0x00, 0x00, 0x00, 0x00, 0x00, 0x00, 0x00, 0x00,
  0x00, 0x00, 0x00, 0x00, 0x00, 0x00, 0x00, 0x00, 0x00, 0x00, 0x00, 0x00, 0x00, 0x00, 0x00, 0x00,
  0x00, 0x00, 0x00, 0x00, 0x00, 0x00, 0x00, 0x00, 0x00, 0x00, 0x00, 0x00, 0x00, 0x00, 0x00, 0x00,
  0x00, 0x00, 0x00, 0x00, 0x00, 0x00, 0x00, 0x00, 0x00, 0x00, 0x00, 0x00, 0x00, 0x00, 0x00, 0x00,
  0x00, 0x00, 0x00, 0x00, 0x00, 0x00, 0x00, 0x00, 0x00, 0x00, 0x00, 0x00, 0x00, 0x00, 0x00, 0x00,
  0x00, 0x00, 0x00, 0x00, 0x00, 0x00, 0x00, 0x00, 0x00, 0x00, 0x00, 0x00, 0x00, 0x00, 0x00, 0x00,
  0x00, 0x00, 0x00, 0x00, 0x00, 0x00, 0x00, 0x00, 0x00, 0x00, 0x00, 0x00, 0x00, 0x00, 0x00, 0x00,
  0x00, 0x00, 0x00, 0x00, 0x00, 0x00, 0x00, 0x00, 0x00, 0x00, 0x00, 0x00, 0x00, 0x00, 0x00, 0x00,
  0x00, 0x00, 0x00, 0x00, 0x00, 0x00, 0x00, 0x00, 0x00, 0x00, 0x00, 0x00, 0x00, 0x00, 0x00, 0x00,
  0x00, 0x00, 0x00, 0x00, 0x00, 0x00, 0x00, 0x00, 0x00, 0x00, 0x00, 0x00, 0x00, 0x00, 0x00, 0x00,
  0x00, 0x00, 0x00, 0x00, 0x00, 0x00, 0x00, 0x00, 0x00, 0x00, 0x00, 0x00, 0x00, 0x00, 0x00, 0x00,
  0x00, 0x00, 0x00, 0x00, 0x00, 0x00, 0x00, 0x84, 0x00, 0xf8, 0x00, 0xf8, 0x00, 0x00, 0x20, 0xcb,
  0x00, 0x84, 0x00, 0xbc, 0xa2, 0xbb, 0x83, 0xbb, 0xc3, 0xb3, 0x00, 0xac, 0x61, 0xb3, 0x82, 0xb3,
  0x82, 0xb3, 0x82, 0xbb, 0xc0, 0x9a, 0x40, 0x82, 0xe1, 0xbb, 0xe1, 0xf5, 0xa8, 0xfe, 0x21, 0xfe,
  0x85, 0xfe, 0x6c, 0xff, 0xe6, 0xfe, 0x21, 0xff, 0xa0, 0xfd, 0x49, 0xff, 0xe6, 0xfe, 0x84, 0xfe,
  0xde, 0xff, 0xff, 0xff, 0xfe, 0xff, 0xdf, 0xff, 0xdf, 0xff, 0xb2, 0xff, 0x0a, 0xff, 0x42, 0xfe,
  0x00, 0x00, 0x00, 0x00, 0x00, 0x00, 0x00, 0x00, 0x00, 0x00, 0x00, 0x00, 0x00, 0x00, 0x00, 0x00,
  0x00, 0x00, 0x00, 0x00, 0x00, 0x00, 0x00, 0x00, 0x00, 0x00, 0x00, 0x00, 0x00, 0x00, 0x00, 0x00,
  0x00, 0x00, 0x00, 0x00, 0x00, 0x00, 0x00, 0x00, 0x00, 0x00, 0x00, 0x00, 0x00, 0x00, 0x00, 0x00,
  0x00, 0x00, 0x00, 0x00, 0x00, 0x00, 0x00, 0x00, 0x00, 0x84, 0x00, 0x84, 0xa2, 0xa3, 0x20, 0x9b,
  0x23, 0xb3, 0x22, 0xab, 0x42, 0xab, 0x63, 0xab, 0x62, 0xb3, 0x22, 0xa3, 0x62, 0xb3, 0x01, 0x9b,
  0xe0, 0xa2, 0x80, 0xbb, 0xc0, 0xc3, 0x01, 0xed, 0x23, 0xfe, 0x00, 0xe4, 0x61, 0xed, 0x92, 0xff,
  0xf9, 0xff, 0xf9, 0xff, 0xfc, 0xff, 0xf3, 0xff, 0x41, 0xfe, 0xc1, 0xd3, 0xa0, 0xcb, 0x40, 0xdc,
  0x41, 0xf5, 0x40, 0xdc, 0x21, 0xd4, 0x80, 0x8a, 0x21, 0x7a, 0xc0, 0x9a, 0x80, 0xb3, 0x01, 0xc4,
  0x82, 0xbb, 0xc2, 0xbb, 0x00, 0xac, 0x83, 0xc3, 0xa0, 0xaa, 0x00, 0x00, 0x00, 0x00, 0x00, 0x00,
  0x00, 0x00, 0x00, 0x00, 0x00, 0x00, 0x00, 0x00, 0x00, 0x00, 0x00, 0x00, 0x00, 0x00, 0x00, 0x00,
  0x00, 0x00, 0x00, 0x00, 0x00, 0x00, 0x00, 0x00, 0x00, 0x00, 0x00, 0x00, 0x00, 0x00, 0x00, 0x00,
  0x00, 0x00, 0x00, 0x00, 0x00, 0x00, 0x00, 0x00, 0x00, 0x00, 0x00, 0x00, 0x00, 0x00, 0x00, 0x00,
  0x00, 0x00, 0x00, 0x00, 0x00, 0x00, 0x00, 0x00, 0x00, 0x00, 0x00, 0x00, 0x00, 0x00, 0x00, 0x00,
  0x00, 0x00, 0x00, 0x00, 0x00, 0x00, 0x00, 0x00, 0x00, 0x00, 0x00, 0x00, 0x00, 0x00, 0x00, 0x00,
  0x00, 0x00, 0x00, 0x00, 0x00, 0x00, 0x00, 0x00, 0x00, 0x00, 0x00, 0x00, 0x00, 0x00, 0x00, 0x00,
  0x00, 0x00, 0x00, 0x00, 0x00, 0x00, 0x00, 0x00, 0x00, 0x00, 0x00, 0x00, 0x00, 0x00, 0x00, 0x00,
  0x00, 0x00, 0x00, 0x00, 0x00, 0x00, 0x00, 0x00, 0x00, 0x00, 0x00, 0x00, 0x00, 0x00, 0x00, 0x00,
  0x00, 0x00, 0x00, 0x00, 0x00, 0x00, 0x00, 0x00, 0x00, 0x00, 0x00, 0x00, 0x00, 0x00, 0x00, 0x00,
  0x00, 0x00, 0x00, 0x00, 0x00, 0x00, 0x00, 0x00, 0x00, 0x00, 0x00, 0x00, 0x00, 0x00, 0x00, 0x00,
  0x00, 0x00, 0x00, 0x00, 0x00, 0x00, 0x00, 0x00, 0x00, 0x00, 0x00, 0x00, 0x00, 0x00, 0x00, 0x00,
  0x00, 0x00, 0x00, 0x00, 0x00, 0x00, 0x00, 0x00, 0x00, 0x00, 0x00, 0x00, 0x00, 0xf8, 0x00, 0x00,
  0xa0, 0xaa, 0x00, 0xf8, 0xc3, 0xbb, 0x83, 0xc3, 0x03, 0xbc, 0x83, 0xc3, 0xa1, 0xbb, 0xa1, 0xb3,
  0x81, 0xb3, 0x81, 0xbb, 0xa0, 0x92, 0xc2, 0xb3, 0xa6, 0xfe, 0x66, 0xf6, 0xb1, 0xff, 0xf7, 0xff,
  0xf6, 0xff, 0xf8, 0xff, 0xc6, 0xfe, 0x60, 0xf5, 0x80, 0xe4, 0x07, 0xff, 0xc6, 0xfe, 0x6a, 0xff,
  0xd7, 0xff, 0xfe, 0xff, 0xf9, 0xff, 0xff, 0xff, 0xfd, 0xff, 0xf4, 0xff, 0x86, 0xfe, 0x62, 0xfe,
  0x00, 0x00, 0x00, 0x00, 0x00, 0x00, 0x00, 0x00, 0x00, 0x00, 0x00, 0x00, 0x00, 0x00, 0x00, 0x00,
  0x00, 0x00, 0x00, 0x00, 0x00, 0x00, 0x00, 0x00, 0x00, 0x00, 0x00, 0x00, 0x00, 0x00, 0x00, 0x00,
  0x00, 0x00, 0x00, 0x00, 0x00, 0x00, 0x00, 0x00, 0x00, 0x00, 0x00, 0x00, 0x00, 0x00, 0x00, 0x00,
  0x00, 0x00, 0x00, 0x00, 0x00, 0x00, 0x00, 0x00, 0x00, 0x00, 0x41, 0xa3, 0x00, 0x84, 0x00, 0x84,
  0x05, 0xac, 0x43, 0xab, 0x43, 0xa3, 0x82, 0xb3, 0x62, 0xb3, 0x01, 0x9b, 0x21, 0xab, 0x00, 0xa3,
  0x60, 0x8a, 0xe0, 0xa2, 0x20, 0xd4, 0x60, 0xdc, 0x01, 0xed, 0x21, 0xfe, 0x06, 0xff, 0xfa, 0xff,
  0xf6, 0xff, 0xfc, 0xff, 0xfb, 0xff, 0xa6, 0xfe, 0x40, 0xfd, 0x01, 0xed, 0x00, 0xdc, 0x20, 0xdc,
  0x60, 0xdc, 0x00, 0x82, 0x60, 0xb3, 0xe0, 0xcb, 0x41, 0x7a, 0x00, 0xab, 0x81, 0xbb, 0xc1, 0xbb,
  0xc2, 0xbb, 0xa2, 0xbb, 0x83, 0xc3, 0x03, 0xb4, 0x00, 0xd4, 0x00, 0x00, 0x00, 0x00, 0x00, 0x00,
  0x00, 0x00, 0x00, 0x00, 0x00, 0x00, 0x00, 0x00, 0x00, 0x00, 0x00, 0x00, 0x00, 0x00, 0x00, 0x00,
  0x00, 0x00, 0x00, 0x00, 0x00, 0x00, 0x00, 0x00, 0x00, 0x00, 0x00, 0x00, 0x00, 0x00, 0x00, 0x00,
  0x00, 0x00, 0x00, 0x00, 0x00, 0x00, 0x00, 0x00, 0x00, 0x00, 0x00, 0x00, 0x00, 0x00, 0x00, 0x00,
  0x00, 0x00, 0x00, 0x00, 0x00, 0x00, 0x00, 0x00, 0x00, 0x00, 0x00, 0x00, 0x00, 0x00, 0x00, 0x00,
  0x00, 0x00, 0x00, 0x00, 0x00, 0x00, 0x00, 0x00, 0x00, 0x00, 0x00, 0x00, 0x00, 0x00, 0x00, 0x00,
  0x00, 0x00, 0x00, 0x00, 0x00, 0x00, 0x00, 0x00, 0x00, 0x00, 0x00, 0x00, 0x00, 0x00, 0x00, 0x00,
  0x00, 0x00, 0x00, 0x00, 0x00, 0x00, 0x00, 0x00, 0x00, 0x00, 0x00, 0x00, 0x00, 0x00, 0x00, 0x00,
  0x00, 0x00, 0x00, 0x00, 0x00, 0x00, 0x00, 0x00, 0x00, 0x00, 0x00, 0x00, 0x00, 0x00, 0x00, 0x00,
  0x00, 0x00, 0x00, 0x00, 0x00, 0x00, 0x00, 0x00, 0x00, 0x00, 0x00, 0x00, 0x00, 0x00, 0x00, 0x00,
  0x00, 0x00, 0x00, 0x00, 0x00, 0x00, 0x00, 0x00, 0x00, 0x00, 0x00, 0x00, 0x00, 0x00, 0x00, 0x00,
  0x00, 0x00, 0x00, 0x00, 0x00, 0x00, 0x00, 0x00, 0x00, 0x00, 0x00, 0x00, 0x00, 0x00, 0x00, 0x00,
  0x00, 0x00, 0x00, 0x00, 0x00, 0x00, 0x00, 0x00, 0x00, 0x00, 0x00, 0x00, 0x00, 0x00, 0x00, 0x00,
  0x00, 0x00, 0x00, 0xf8, 0x00, 0xf8, 0x00, 0xf8, 0x64, 0xb3, 0xa2, 0xbb, 0x81, 0xbb, 0xa2, 0xbb,
  0xc1, 0xb3, 0xc1, 0xbb, 0xc0, 0x92, 0xa2, 0xbb, 0x85, 0xfe, 0x8e, 0xff, 0xf7, 0xff, 0xb3, 0xff,
  0xcb, 0xf6, 0xcc, 0xfe, 0x00, 0xf5, 0x20, 0xe4, 0xe1, 0xec, 0x44, 0xf6, 0x03, 0xf6, 0xe1, 0xf5,
  0x04, 0xff, 0xfd, 0xff, 0xfa, 0xff, 0xff, 0xff, 0xff, 0xff, 0x44, 0xf6, 0x80, 0xf5, 0xa1, 0xfd,
  0x00, 0x00, 0x00, 0x00, 0x00, 0x00, 0x00, 0x00, 0x00, 0x00, 0x00, 0x00, 0x00, 0x00, 0x00, 0x00,
  0x00, 0x00, 0x00, 0x00, 0x00, 0x00, 0x00, 0x00, 0x00, 0x00, 0x00, 0x00, 0x00, 0x00, 0x00, 0x00,
  0x00, 0x00, 0x00, 0x00, 0x00, 0x00, 0x00, 0x00, 0x00, 0x00, 0x00, 0x00, 0x00, 0x00, 0x00, 0x00,
  0x00, 0x00, 0x00, 0x00, 0x00, 0x00, 0x00, 0x00, 0x00, 0x00, 0x64, 0xb3, 0x00, 0xbc, 0x20, 0x9b,
  0x23, 0xa3, 0x42, 0xab, 0x22, 0x9b, 0x21, 0xa3, 0x42, 0xab, 0x21, 0xa3, 0x21, 0xb3, 0xe0, 0xa2,
  0xa0, 0x9a, 0xa0, 0xcb, 0xc1, 0xec, 0x20, 0xe4, 0xe1, 0xec, 0xe2, 0xfd, 0xb3, 0xff, 0xfb, 0xff,
  0xf9, 0xff, 0xfa, 0xff, 0xf3, 0xff, 0x21, 0xfe, 0x60, 0xf4, 0xe0, 0xd3, 0x61, 0xdc, 0xe4, 0xfd,
  0xc3, 0xfd, 0x20, 0xd4, 0x60, 0xe4, 0x81, 0xe4, 0xa1, 0x92, 0x00, 0xab, 0xc1, 0xbb, 0xa1, 0xbb,
  0xc2, 0xbb, 0xc1, 0xc3, 0x00, 0x00, 0xa0, 0xaa, 0x64, 0xb3, 0x00, 0x00, 0x00, 0x00, 0x00, 0x00,
  0x00, 0x00, 0x00, 0x00, 0x00, 0x00, 0x00, 0x00, 0x00, 0x00, 0x00, 0x00, 0x00, 0x00, 0x00, 0x00,
  0x00, 0x00, 0x00, 0x00, 0x00, 0x00, 0x00, 0x00, 0x00, 0x00, 0x00, 0x00, 0x00, 0x00, 0x00, 0x00,
  0x00, 0x00, 0x00, 0x00, 0x00, 0x00, 0x00, 0x00, 0x00, 0x00, 0x00, 0x00, 0x00, 0x00, 0x00, 0x00,
  0x00, 0x00, 0x00, 0x00, 0x00, 0x00, 0x00, 0x00, 0x00, 0x00, 0x00, 0x00, 0x00, 0x00, 0x00, 0x00,
  0x00, 0x00, 0x00, 0x00, 0x00, 0x00, 0x00, 0x00, 0x00, 0x00, 0x00, 0x00, 0x00, 0x00, 0x00, 0x00,
  0x00, 0x00, 0x00, 0x00, 0x00, 0x00, 0x00, 0x00, 0x00, 0x00, 0x00, 0x00, 0x00, 0x00, 0x00, 0x00,
  0x00, 0x00, 0x00, 0x00, 0x00, 0x00, 0x00, 0x00, 0x00, 0x00, 0x00, 0x00, 0x00, 0x00, 0x00, 0x00,
  0x00, 0x00, 0x00, 0x00, 0x00, 0x00, 0x00, 0x00, 0x00, 0x00, 0x00, 0x00, 0x00, 0x00, 0x00, 0x00,
  0x00, 0x00, 0x00, 0x00, 0x00, 0x00, 0x00, 0x00, 0x00, 0x00, 0x00, 0x00, 0x00, 0x00, 0x00, 0x00,
  0x00, 0x00, 0x00, 0x00, 0x00, 0x00, 0x00, 0x00, 0x00, 0x00, 0x00, 0x00, 0x00, 0x00, 0x00, 0x00,
  0x00, 0x00, 0x00, 0x00, 0x00, 0x00, 0x00, 0x00, 0x00, 0x00, 0x00, 0x00, 0x00, 0x00, 0x00, 0x00,
  0x00, 0x00, 0x00, 0x00, 0x00, 0x00, 0x00, 0x00, 0x00, 0x00, 0x00, 0x00, 0x00, 0xf8, 0x00, 0x00,
  0x00, 0x00, 0x00, 0x84, 0x00, 0x84, 0x04, 0xbc, 0xc2, 0xbb, 0xa2, 0xbb, 0xc1, 0xb3, 0x82, 0xb3,
  0x82, 0xb3, 0x41, 0xab, 0x00, 0xa3, 0xe1, 0xc3, 0xe4, 0xfd, 0xf3, 0xff, 0xd2, 0xff, 0x09, 0xff,
  0xe0, 0xb2, 0x40, 0xd3, 0xc7, 0xfe, 0xc3, 0xfd, 0xa1, 0xec, 0x25, 0xf6, 0x28, 0xf6, 0x82, 0xfe,
  0x41, 0xf6, 0xdb, 0xff, 0xf8, 0xff, 0xff, 0xff, 0xff, 0xff, 0x51, 0xff, 0xa4, 0xfe, 0x80, 0xf5,
  0x00, 0x00, 0x00, 0x00, 0x00, 0x00, 0x00, 0x00, 0x00, 0x00, 0x00, 0x00, 0x00, 0x00, 0x00, 0x00,
  0x00, 0x00, 0x00, 0x00, 0x00, 0x00, 0x00, 0x00, 0x00, 0x00, 0x00, 0x00, 0x00, 0x00, 0x00, 0x00,
  0x00, 0x00, 0x00, 0x00, 0x00, 0x00, 0x00, 0x00, 0x00, 0x00, 0x00, 0x00, 0x00, 0x00, 0x00, 0x00,
  0x00, 0x00, 0x00, 0x00, 0x00, 0x00, 0x00, 0x00, 0x00, 0x00, 0x00, 0xf8, 0xe2, 0xa2, 0x62, 0xab,
  0x42, 0xab, 0x62, 0xb3, 0xe2, 0xa2, 0x01, 0xa3, 0x22, 0xa3, 0x22, 0xab, 0x21, 0xb3, 0x01, 0xab,
  0x01, 0xa3, 0xe1, 0xcb, 0xe3, 0xfd, 0xc1, 0xfd, 0x22, 0xf5, 0xa2, 0xf5, 0xd5, 0xff, 0xf9, 0xff,
  0xfa, 0xff, 0xfb, 0xff, 0xcd, 0xff, 0xc1, 0xfd, 0xa0, 0xeb, 0x80, 0xc3, 0xc0, 0xd3, 0xa1, 0xfd,
  0xe1, 0xf4, 0x20, 0xdc, 0x21, 0xdc, 0x21, 0xd4, 0xe1, 0xd3, 0x00, 0x9b, 0x81, 0xb3, 0xa1, 0xb3,
  0xa2, 0xc3, 0x01, 0xc4, 0x00, 0x00, 0x00, 0xf8, 0x20, 0xcb, 0x00, 0x00, 0x00, 0x00, 0x00, 0x00,
  0x00, 0x00, 0x00, 0x00, 0x00, 0x00, 0x00, 0x00, 0x00, 0x00, 0x00, 0x00, 0x00, 0x00, 0x00, 0x00,
  0x00, 0x00, 0x00, 0x00, 0x00, 0x00, 0x00, 0x00, 0x00, 0x00, 0x00, 0x00, 0x00, 0x00, 0x00, 0x00,
  0x00, 0x00, 0x00, 0x00, 0x00, 0x00, 0x00, 0x00, 0x00, 0x00, 0x00, 0x00, 0x00, 0x00, 0x00, 0x00,
  0x00, 0x00, 0x00, 0x00, 0x00, 0x00, 0x00, 0x00, 0x00, 0x00, 0x00, 0x00, 0x00, 0x00, 0x00, 0x00,
  0x00, 0x00, 0x00, 0x00, 0x00, 0x00, 0x00, 0x00, 0x00, 0x00, 0x00, 0x00, 0x00, 0x00, 0x00, 0x00,
  0x00, 0x00, 0x00, 0x00, 0x00, 0x00, 0x00, 0x00, 0x00, 0x00, 0x00, 0x00, 0x00, 0x00, 0x00, 0x00,
  0x00, 0x00, 0x00, 0x00, 0x00, 0x00, 0x00, 0x00, 0x00, 0x00, 0x00, 0x00, 0x00, 0x00, 0x00, 0x00,
  0x00, 0x00, 0x00, 0x00, 0x00, 0x00, 0x00, 0x00, 0x00, 0x00, 0x00, 0x00, 0x00, 0x00, 0x00, 0x00,
  0x00, 0x00, 0x00, 0x00, 0x00, 0x00, 0x00, 0x00, 0x00, 0x00, 0x00, 0x00, 0x00, 0x00, 0x00, 0x00,
  0x00, 0x00, 0x00, 0x00, 0x00, 0x00, 0x00, 0x00, 0x00, 0x00, 0x00, 0x00, 0x00, 0x00, 0x00, 0x00,
  0x00, 0x00, 0x00, 0x00, 0x00, 0x00, 0x00, 0x00, 0x00, 0x00, 0x00, 0x00, 0x00, 0x00, 0x00, 0x00,
  0x00, 0xf8, 0x00, 0x00, 0x00, 0x00, 0x00, 0x00, 0x00, 0x00, 0x00, 0x00, 0x00, 0x00, 0x00, 0xf8,
  0x00, 0x84, 0x00, 0x00, 0x20, 0xcb, 0x03, 0xb4, 0xa2, 0xbb, 0xa1, 0xbb, 0x41, 0xab, 0x81, 0xab,
  0x61, 0xab, 0x20, 0xab, 0xa1, 0xbb, 0xe1, 0xcb, 0xe2, 0xe4, 0x70, 0xff, 0x28, 0xff, 0xc8, 0xf6,
  0xc0, 0xa2, 0x00, 0xdc, 0xa4, 0xfe, 0xc0, 0xe4, 0xc0, 0xd3, 0x42, 0xe5, 0x81, 0xd4, 0xe0, 0xec,
  0x40, 0xf5, 0x09, 0xff, 0xd4, 0xff, 0xdf, 0xff, 0xff, 0xff, 0xfa, 0xff, 0x27, 0xfe, 0xa0, 0xcb,
  0x00, 0x00, 0x00, 0x00, 0x00, 0x00, 0x00, 0x00, 0x00, 0x00, 0x00, 0x00, 0x00, 0x00, 0x00, 0x00,
  0x00, 0x00, 0x00, 0x00, 0x00, 0x00, 0x00, 0x00, 0x00, 0x00, 0x00, 0x00, 0x00, 0x00, 0x00, 0x00,
  0x00, 0x00, 0x00, 0x00, 0x00, 0x00, 0x00, 0x00, 0x00, 0x00, 0x00, 0x00, 0x00, 0x00, 0x00, 0x00,
  0x00, 0x00, 0x00, 0x00, 0x00, 0x00, 0x00, 0x00, 0x00, 0x00, 0x02, 0xb3, 0xa2, 0xa3, 0x43, 0xa3,
  0x62, 0xab, 0x42, 0xab, 0x22, 0xa3, 0x02, 0xa3, 0x22, 0xab, 0x62, 0xab, 0x41, 0xab, 0x61, 0xb3,
  0x21, 0xab, 0x80, 0x9a, 0xa0, 0xcb, 0xa1, 0xfd, 0xa1, 0xe4, 0x22, 0xfe, 0xf7, 0xff, 0xfa, 0xff,
  0xf8, 0xff, 0xf8, 0xff, 0xc4, 0xfe, 0x40, 0xf5, 0x00, 0xec, 0x00, 0xdc, 0x20, 0xe4, 0x01, 0xf5,
  0x41, 0xdc, 0xc0, 0xcb, 0x60, 0xb3, 0xe0, 0xa2, 0xe1, 0xb2, 0x80, 0xb3, 0x61, 0xb3, 0x82, 0xb3,
  0xa2, 0xbb, 0x83, 0xc3, 0x00, 0xbc, 0x00, 0x00, 0x00, 0xd4, 0x00, 0x00, 0x00, 0x00, 0x00, 0x00,
  0x00, 0x00, 0x00, 0x00, 0x00, 0x00, 0x00, 0x00, 0x00, 0x00, 0x00, 0x00, 0x00, 0x00, 0x00, 0x00,
  0x00, 0x00, 0x00, 0x00, 0x00, 0x00, 0x00, 0x00, 0x00, 0x00, 0x00, 0x00, 0x00, 0x00, 0x00, 0x00,
  0x00, 0x00, 0x00, 0x00, 0x00, 0x00, 0x00, 0x00, 0x00, 0x00, 0x00, 0x00, 0x00, 0x00, 0x00, 0x00,
  0x00, 0x00, 0x00, 0x00, 0x00, 0x00, 0x00, 0x00, 0x00, 0x00, 0x00, 0x00, 0x00, 0x00, 0x00, 0x00,
  0x00, 0x00, 0x00, 0x00, 0x00, 0x00, 0x00, 0x00, 0x00, 0x00, 0x00, 0x00, 0x00, 0x00, 0x00, 0x00,
  0x00, 0x00, 0x00, 0x00, 0x00, 0x00, 0x00, 0x00, 0x00, 0x00, 0x00, 0x00, 0x00, 0x00, 0x00, 0x00,
  0x00, 0x00, 0x00, 0x00, 0x00, 0x00, 0x00, 0x00, 0x00, 0x00, 0x00, 0x00, 0x00, 0x00, 0x00, 0x00,
  0x00, 0x00, 0x00, 0x00, 0x00, 0x00, 0x00, 0x00, 0x00, 0x00, 0x00, 0x00, 0x00, 0x00, 0x00, 0x00,
  0x00, 0x00, 0x00, 0x00, 0x00, 0x00, 0x00, 0x00, 0x00, 0x00, 0x00, 0x00, 0x00, 0x00, 0x00, 0x00,
  0x00, 0x00, 0x00, 0x00, 0x00, 0x00, 0x00, 0x00, 0x00, 0x00, 0x00, 0x00, 0x00, 0x00, 0x00, 0x00,
  0x00, 0x00, 0x00, 0x00, 0x00, 0x00, 0x00, 0x00, 0x00, 0x00, 0x00, 0x00, 0x00, 0x00, 0x00, 0x00,
  0x00, 0x00, 0x00, 0x00, 0x00, 0x00, 0x00, 0x00, 0x00, 0x00, 0x00, 0x00, 0x00, 0x00, 0x00, 0x00,
  0x00, 0xf8, 0x64, 0xb3, 0xa2, 0xc3, 0x00, 0xac, 0xe2, 0xbb, 0xa1, 0xbb, 0x81, 0xbb, 0x41, 0xab,
  0x21, 0xab, 0x20, 0xab, 0x81, 0xbb, 0xe1, 0xcb, 0xc1, 0xc3, 0x43, 0xe5, 0x81, 0xd4, 0xc1, 0xc3,
  0x80, 0xaa, 0x60, 0xc3, 0xa0, 0xc3, 0xe0, 0xcb, 0x00, 0xd4, 0xa0, 0xcb, 0x80, 0xdc, 0x20, 0xd4,
  0x40, 0xf5, 0x83, 0xfe, 0xb2, 0xff, 0xfc, 0xff, 0xff, 0xff, 0xf9, 0xff, 0xa9, 0xfe, 0xc0, 0xba,
  0x00, 0x00, 0x00, 0x00, 0x00, 0x00, 0x00, 0x00, 0x00, 0x00, 0x00, 0x00, 0x00, 0x00, 0x00, 0x00,
  0x00, 0x00, 0x00, 0x00, 0x00, 0x00, 0x00, 0x00, 0x00, 0x00, 0x00, 0x00, 0x00, 0x00, 0x00, 0x00,
  0x00, 0x00, 0x00, 0x00, 0x00, 0x00, 0x00, 0x00, 0x00, 0x00, 0x00, 0x00, 0x00, 0x00, 0x00, 0x00,
  0x00, 0x00, 0x00, 0x00, 0x00, 0x00, 0x00, 0x00, 0x00, 0x00, 0x00, 0x00, 0x04, 0x9b, 0xa2, 0xa3,
  0x63, 0xab, 0x41, 0xa3, 0x42, 0xb3, 0x41, 0xab, 0x22, 0xab, 0xc1, 0x9a, 0x60, 0x8a, 0xa0, 0x9a,
  0x01, 0xa3, 0xa0, 0x92, 0x60, 0xbb, 0xc1, 0xfd, 0x41, 0xed, 0x86, 0xfe, 0xf7, 0xff, 0xf9, 0xff,
  0xf9, 0xff, 0xd6, 0xff, 0xe0, 0xfd, 0x80, 0xed, 0x00, 0xe4, 0x00, 0xd4, 0x81, 0xec, 0x00, 0xd4,
  0x00, 0xab, 0x20, 0xb3, 0xc0, 0x9a, 0x80, 0x92, 0xa0, 0xa2, 0xc1, 0xcb, 0x41, 0xb3, 0x81, 0xbb,
  0x20, 0xcb, 0x83, 0xc3, 0x00, 0x00, 0x00, 0xf8, 0x00, 0xf8, 0x00, 0x00, 0x00, 0x00, 0x00, 0x00,
  0x00, 0x00, 0x00, 0x00, 0x00, 0x00, 0x00, 0x00, 0x00, 0x00, 0x00, 0x00, 0x00, 0x00, 0x00, 0x00,
  0x00, 0x00, 0x00, 0x00, 0x00, 0x00, 0x00, 0x00, 0x00, 0x00, 0x00, 0x00, 0x00, 0x00, 0x00, 0x00,
  0x00, 0x00, 0x00, 0x00, 0x00, 0x00, 0x00, 0x00, 0x00, 0x00, 0x00, 0x00, 0x00, 0x00, 0x00, 0x00,
  0x00, 0x00, 0x00, 0x00, 0x00, 0x00, 0x00, 0x00, 0x00, 0x00, 0x00, 0x00, 0x00, 0x00, 0x00, 0x00,
  0x00, 0x00, 0x00, 0x00, 0x00, 0x00, 0x00, 0x00, 0x00, 0x00, 0x00, 0x00, 0x00, 0x00, 0x00, 0x00,
  0x00, 0x00, 0x00, 0x00, 0x00, 0x00, 0x00, 0x00, 0x00, 0x00, 0x00, 0x00, 0x00, 0x00, 0x00, 0x00,
  0x00, 0x00, 0x00, 0x00, 0x00, 0x00, 0x00, 0x00, 0x00, 0x00, 0x00, 0x00, 0x00, 0x00, 0x00, 0x00,
  0x00, 0x00, 0x00, 0x00, 0x00, 0x00, 0x00, 0x00, 0x00, 0x00, 0x00, 0x00, 0x00, 0x00, 0x00, 0x00,
  0x00, 0x00, 0x00, 0x00, 0x00, 0x00, 0x00, 0x00, 0x00, 0x00, 0x00, 0x00, 0x00, 0x00, 0x00, 0x00,
  0x00, 0x00, 0x00, 0x00, 0x00, 0x00, 0x00, 0x00, 0x00, 0x00, 0x00, 0x00, 0x00, 0x00, 0x00, 0x00,
  0x00, 0x00, 0x00, 0x00, 0x00, 0x00, 0x00, 0x00, 0x00, 0x00, 0x00, 0x00, 0x00, 0x00, 0x00, 0x00,
  0x00, 0x00, 0x00, 0x00, 0x00, 0x00, 0x00, 0x00, 0x00, 0x00, 0x00, 0x84, 0x00, 0x00, 0x00, 0x84,
  0x00, 0xf8, 0xa2, 0xbb, 0xa2, 0xbb, 0xc3, 0xbb, 0x03, 0xcc, 0x40, 0xab, 0x41, 0xab, 0xe1, 0xa2,
  0xe0, 0xa2, 0x80, 0xbb, 0x82, 0xd4, 0xc3, 0xe4, 0xe2, 0xc3, 0x81, 0xbb, 0x20, 0xc3, 0x80, 0xaa,
  0x20, 0x92, 0x20, 0x9a, 0xa0, 0xc3, 0xe1, 0xd3, 0x01, 0xcc, 0x80, 0xd3, 0x80, 0xe4, 0x41, 0xdc,
  0xa0, 0xe4, 0xc0, 0xf5, 0x71, 0xff, 0xd5, 0xff, 0xfc, 0xff, 0xf8, 0xff, 0xe9, 0xff, 0xa2, 0xf5,
  0x00, 0x00, 0x00, 0x00, 0x00, 0x00, 0x00, 0x00, 0x00, 0x00, 0x00, 0x00, 0x00, 0x00, 0x00, 0x00,
  0x00, 0x00, 0x00, 0x00, 0x00, 0x00, 0x00, 0x00, 0x00, 0x00, 0x00, 0x00, 0x00, 0x00, 0x00, 0x00,
  0x00, 0x00, 0x00, 0x00, 0x00, 0x00, 0x00, 0x00, 0x00, 0xf8, 0x00, 0x00, 0x00, 0x00, 0x00, 0x00,
  0x00, 0x00, 0x00, 0x00, 0x00, 0x00, 0x00, 0x00, 0x00, 0x00, 0x02, 0x9b, 0x02, 0x9b, 0x03, 0x9b,
  0x02, 0x9b, 0xe2, 0xa2, 0x62, 0xb3, 0x62, 0xb3, 0x81, 0xbb, 0xa1, 0xbb, 0x42, 0xd4, 0x20, 0xab,
  0xe0, 0xaa, 0x00, 0xa3, 0xc1, 0xe4, 0xe0, 0xe4, 0x00, 0xed, 0xe7, 0xfe, 0xf4, 0xff, 0xd5, 0xff,
  0xf7, 0xff, 0x2e, 0xff, 0xc0, 0xf4, 0x40, 0xdc, 0x20, 0xbb, 0xa0, 0xcb, 0xe0, 0xdb, 0x21, 0xd4,
  0xa0, 0x9a, 0x01, 0xa3, 0x00, 0xab, 0xa0, 0xa2, 0xa0, 0xcb, 0x82, 0xcb, 0x21, 0xcc, 0xc0, 0xcc,
  0xa0, 0xaa, 0x00, 0x00, 0x00, 0x00, 0x60, 0xb3, 0x60, 0xb3, 0xe0, 0xff, 0x00, 0x00, 0x05, 0xd4,
  0x05, 0xd4, 0x00, 0x00, 0x00, 0x00, 0x08, 0xbc, 0x40, 0xfd, 0xe0, 0xff, 0x00, 0x00, 0x00, 0x00,
  0xa2, 0xd3, 0x00, 0xbc, 0x62, 0xcb, 0x23, 0xcb, 0x43, 0xcb, 0x64, 0xdb, 0x03, 0xcc, 0x83, 0xc3,
  0x04, 0xbc, 0x05, 0xd4, 0x62, 0xcb, 0x42, 0xbb, 0x00, 0x00, 0x00, 0x00, 0x00, 0x00, 0x00, 0x00,
  0x00, 0xf8, 0x00, 0xbc, 0x02, 0xbc, 0x03, 0xcc, 0x04, 0xbc, 0x24, 0xd4, 0xa5, 0xbb, 0x00, 0x00,
  0x00, 0x00, 0x00, 0x00, 0xe0, 0xff, 0x00, 0x00, 0x00, 0xfc, 0x00, 0x00, 0x00, 0x00, 0x00, 0x00,
  0x00, 0x00, 0x00, 0x00, 0x00, 0xfc, 0x64, 0xb3, 0x00, 0xd4, 0xa0, 0xaa, 0x00, 0x00, 0x00, 0xfc,
  0x00, 0x00, 0x00, 0x00, 0x00, 0x00, 0x00, 0x00, 0x04, 0xbc, 0x00, 0xbc, 0x00, 0x00, 0x00, 0x00,
  0x00, 0x00, 0x00, 0x00, 0x00, 0x00, 0x00, 0xfc, 0x84, 0xdc, 0x00, 0x00, 0x00, 0x00, 0x00, 0x00,
  0x00, 0x00, 0x00, 0x00, 0x00, 0x00, 0x00, 0x00, 0x20, 0xcb, 0x20, 0xcb, 0x00, 0x00, 0x00, 0x00,
  0x00, 0x00, 0x00, 0x00, 0x00, 0xfc, 0x00, 0xf8, 0x00, 0xfc, 0x00, 0x00, 0x00, 0x00, 0x00, 0x00,
  0x00, 0x00, 0x00, 0x00, 0x00, 0x00, 0x00, 0x00, 0x04, 0xbb, 0x20, 0xcb, 0xa0, 0xaa, 0x00, 0x00,
  0x00, 0x00, 0x00, 0x00, 0x00, 0x00, 0x00, 0x00, 0x00, 0xfc, 0x00, 0xf8, 0x00, 0xfc, 0xa0, 0xaa,
  0x00, 0x00, 0x64, 0xb3, 0xa2, 0xc3, 0x02, 0xbc, 0xa2, 0xc3, 0x81, 0xbb, 0x02, 0xd4, 0xa2, 0xc3,
  0xa1, 0xcb, 0x61, 0xcb, 0x00, 0xbb, 0xc0, 0xc2, 0x60, 0xba, 0xa0, 0xcb, 0x80, 0xaa, 0xa0, 0xa2,
  0xa0, 0xbb, 0xc0, 0xa2, 0xa0, 0xa2, 0xc0, 0xcb, 0x81, 0xdc, 0x80, 0xc3, 0xc0, 0xcb, 0xc0, 0xcb,
  0x60, 0xdc, 0x61, 0xed, 0x72, 0xff, 0xfd, 0xf7, 0xdc, 0xf7, 0xfa, 0xff, 0xfd, 0xff, 0x63, 0xfe,
  0x00, 0x00, 0x00, 0x00, 0x00, 0x00, 0x00, 0x00, 0x00, 0x00, 0x00, 0x00, 0x00, 0x00, 0x00, 0x00,
  0x00, 0x00, 0x00, 0x00, 0x00, 0x00, 0x00, 0x00, 0x00, 0x00, 0x00, 0x00, 0x00, 0x00, 0x00, 0x00,
  0x00, 0x00, 0x00, 0x00, 0x00, 0x00, 0x00, 0x00, 0x00, 0x00, 0x00, 0x00, 0x00, 0x00, 0x00, 0x00,
  0x00, 0x00, 0x00, 0x00, 0x00, 0x00, 0x00, 0x00, 0x00, 0x00, 0x02, 0x9b, 0x02, 0x9b, 0xe2, 0x9a,
  0xe1, 0x9a, 0x21, 0xab, 0x41, 0xab, 0xe1, 0xa2, 0x01, 0xa3, 0x00, 0xab, 0x80, 0xbb, 0xe1, 0xa2,
  0x40, 0xb3, 0x00, 0xab, 0x21, 0xed, 0x21, 0xfe, 0xc1, 0xfd, 0xe7, 0xfe, 0xf8, 0xff, 0xd8, 0xff,
  0xfa, 0xff, 0x07, 0xff, 0x80, 0xec, 0xa0, 0xd3, 0xe0, 0xb2, 0x80, 0xcb, 0x20, 0xe4, 0x81, 0xcb,
  0x80, 0x9a, 0x80, 0x92, 0xe0, 0xa2, 0x60, 0xc3, 0x81, 0xec, 0xe0, 0x99, 0x00, 0xaa, 0x60, 0xb2,
  0x60, 0xb2, 0xe0, 0xba, 0x20, 0xcb, 0xa2, 0xd3, 0xa1, 0xd3, 0x42, 0xdc, 0x20, 0xcb, 0x00, 0xd4,
  0x00, 0x00, 0x00, 0x00, 0xe0, 0xff, 0xe0, 0xff, 0x00, 0xfc, 0x00, 0x00, 0x03, 0xcc, 0x60, 0xcb,
  0x21, 0xc3, 0x00, 0xbb, 0x00, 0xbb, 0x20, 0xc3, 0x00, 0xc3, 0x60, 0xcb, 0x81, 0xc3, 0x61, 0xc3,
  0x60, 0xc3, 0x60, 0xc3, 0x81, 0xbb, 0x40, 0xb3, 0x62, 0xcb, 0x00, 0x00, 0x00, 0x00, 0x02, 0xd4,
  0xe2, 0xd3, 0xc1, 0xcb, 0xc0, 0xcb, 0xc0, 0xcb, 0xa0, 0xcb, 0xe0, 0xd3, 0xa0, 0xd3, 0x80, 0xcb,
  0xa0, 0xcb, 0x80, 0xcb, 0xa1, 0xcb, 0x00, 0x00, 0x00, 0x00, 0x00, 0x00, 0x00, 0x00, 0x00, 0x00,
  0x00, 0x00, 0x00, 0x00, 0x00, 0x00, 0x85, 0xdc, 0xc5, 0xd4, 0xe2, 0xcb, 0x61, 0xc3, 0x61, 0xcb,
  0x20, 0xbb, 0xe0, 0xb2, 0xe0, 0xb2, 0xe0, 0xaa, 0x00, 0xbb, 0xe0, 0xca, 0x60, 0xd3, 0xe2, 0xd3,
  0x61, 0xcb, 0x40, 0xad, 0x04, 0xcc, 0x03, 0xcc, 0x22, 0xcc, 0xa0, 0xaa, 0xa0, 0xb2, 0xc0, 0xb2,
  0xa0, 0xb2, 0xa0, 0xb2, 0xc0, 0xb2, 0xe0, 0xba, 0x00, 0xc3, 0x00, 0xc3, 0x00, 0xbb, 0x21, 0xbb,
  0xc2, 0xc3, 0x00, 0xfc, 0x00, 0x00, 0x00, 0x00, 0x00, 0x00, 0x00, 0x00, 0xe0, 0xff, 0x00, 0x00,
  0x00, 0x00, 0xe0, 0xff, 0xa1, 0xbb, 0x40, 0xbb, 0xc0, 0xcb, 0x20, 0xbb, 0x40, 0xbb, 0x00, 0xb3,
  0xa0, 0xb2, 0xa0, 0xaa, 0xc0, 0xb2, 0x20, 0xcb, 0x60, 0xb3, 0xa0, 0xaa, 0x64, 0xb3, 0x04, 0xbc,
  0x62, 0xbb, 0x61, 0xcb, 0x20, 0xbb, 0x20, 0xbb, 0xe0, 0xba, 0x01, 0xb3, 0x00, 0xab, 0x21, 0xb3,
  0x20, 0xbb, 0xe0, 0xba, 0xe0, 0xb2, 0x20, 0xab, 0xc0, 0xbb, 0x02, 0xed, 0x04, 0xed, 0x01, 0xd4,
  0x60, 0x9a, 0x40, 0x8a, 0x40, 0x92, 0x20, 0xa3, 0x81, 0xb3, 0x60, 0xbb, 0xa0, 0xc3, 0x60, 0xbb,
  0xe0, 0xdc, 0xa0, 0xed, 0x25, 0xff, 0xb3, 0xff, 0xfc, 0xf7, 0xfb, 0xff, 0xfd, 0xff, 0xa7, 0xfe,
  0x00, 0x00, 0x00, 0x00, 0x00, 0x00, 0x00, 0x00, 0x00, 0x00, 0x00, 0x00, 0x00, 0x00, 0x00, 0x00,
  0x00, 0x00, 0x00, 0x00, 0x00, 0x00, 0x00, 0x00, 0x00, 0x00, 0x00, 0x00, 0x00, 0x00, 0x00, 0x00,
  0x00, 0x00, 0x00, 0x00, 0x00, 0x00, 0x00, 0x00, 0x00, 0x00, 0x00, 0x00, 0x00, 0x00, 0x00, 0x00,
  0x00, 0x00, 0x00, 0x00, 0x00, 0x00, 0x00, 0x00, 0x00, 0x00, 0x02, 0x9b, 0xc2, 0xa2, 0x02, 0x9b,
  0x02, 0xa3, 0x41, 0xab, 0x21, 0xab, 0xe0, 0x9a, 0x40, 0x7a, 0xe0, 0xa2, 0x20, 0xab, 0xa0, 0x9a,
  0x00, 0xb3, 0x80, 0xbb, 0x22, 0xed, 0x61, 0xf5, 0xa0, 0xf5, 0x0a, 0xff, 0xf9, 0xff, 0xf8, 0xff,
  0xfa, 0xff, 0xa4, 0xfe, 0xe0, 0xd3, 0xa0, 0xcb, 0xc0, 0x9a, 0x60, 0xc3, 0x40, 0xe4, 0x20, 0xb3,
  0x80, 0x92, 0x60, 0x92, 0xe0, 0xa2, 0xe0, 0xcb, 0x20, 0xbb, 0xa2, 0xdc, 0x63, 0xed, 0xa5, 0xed,
  0xe7, 0xf5, 0x08, 0xf6, 0xac, 0xee, 0x4e, 0xff, 0x6f, 0xff, 0xd5, 0xff, 0x52, 0xff, 0x25, 0xed,
  0x80, 0xbb, 0x00, 0x00, 0x00, 0x00, 0x00, 0xbc, 0xc6, 0xcc, 0x00, 0x00, 0x00, 0xbc, 0xc3, 0xe4,
  0xb8, 0xff, 0xba, 0xff, 0xd9, 0xff, 0xb7, 0xff, 0x94, 0xff, 0xec, 0xfe, 0x0d, 0xff, 0x4d, 0xff,
  0x0d, 0xff, 0xee, 0xf6, 0x70, 0xff, 0x86, 0xe5, 0x02, 0xd4, 0x00, 0x00, 0x08, 0xbc, 0x21, 0xd4,
  0xe3, 0xe4, 0x94, 0xff, 0x73, 0xff, 0x30, 0xff, 0x10, 0xff, 0x51, 0xff, 0xb3, 0xff, 0x72, 0xff,
  0xce, 0xf6, 0xa6, 0xed, 0xe4, 0xdc, 0x01, 0xd4, 0xa1, 0xc3, 0xa2, 0xc3, 0x00, 0x00, 0x00, 0x00,
  0x00, 0x00, 0x00, 0x00, 0x00, 0xbc, 0x02, 0xcc, 0xd3, 0xff, 0x6f, 0xf7, 0x31, 0xf7, 0x93, 0xff,
  0xb4, 0xff, 0x72, 0xff, 0x71, 0xff, 0x50, 0xff, 0x30, 0xff, 0x74, 0xff, 0x32, 0xf7, 0xb2, 0xff,
  0x43, 0xcc, 0xc6, 0xcc, 0x63, 0xc4, 0x64, 0xdc, 0xec, 0xe5, 0x4e, 0xff, 0xee, 0xf6, 0xab, 0xf6,
  0x8b, 0xf6, 0xcc, 0xfe, 0xcd, 0xf6, 0x0e, 0xff, 0x0e, 0xf7, 0x2a, 0xee, 0xe8, 0xe5, 0xeb, 0xfe,
  0x42, 0xd4, 0x01, 0xb3, 0xe0, 0xff, 0xc6, 0xcc, 0x40, 0xad, 0xe0, 0xff, 0x00, 0x00, 0x00, 0x00,
  0x40, 0xb3, 0xc0, 0xb2, 0xa1, 0xc3, 0xe6, 0xed, 0xd4, 0xff, 0x91, 0xff, 0xd3, 0xff, 0x94, 0xff,
  0x30, 0xff, 0x29, 0xf6, 0xa3, 0xdc, 0x81, 0xc3, 0x21, 0xbb, 0x03, 0xcc, 0x23, 0xc4, 0x81, 0xbb,
  0xe2, 0xc3, 0x09, 0xf6, 0x84, 0xed, 0x63, 0xed, 0xc6, 0xf5, 0xa9, 0xfe, 0xa6, 0xe5, 0x86, 0xe5,
  0x83, 0xe5, 0x07, 0xee, 0x33, 0xf7, 0xd8, 0xff, 0xdc, 0xff, 0xf9, 0xff, 0xfb, 0xf7, 0x75, 0xff,
  0x21, 0xab, 0x40, 0x9a, 0x40, 0x92, 0xe0, 0x71, 0xa2, 0xbb, 0xa1, 0xbb, 0x00, 0xab, 0xe0, 0xa2,
  0x20, 0xcc, 0x02, 0xe5, 0xe1, 0xf5, 0xea, 0xfe, 0xfe, 0xff, 0xf8, 0xff, 0xfd, 0xff, 0x4e, 0xff,
  0x00, 0x00, 0x00, 0x00, 0x00, 0x00, 0x00, 0x00, 0x00, 0x00, 0x00, 0x00, 0x00, 0x00, 0x00, 0x00,
  0x00, 0x00, 0x00, 0x00, 0x00, 0x00, 0x00, 0x00, 0x00, 0x00, 0x00, 0x00, 0x00, 0x00, 0x00, 0x00,
  0x00, 0x00, 0x00, 0x00, 0x00, 0x00, 0x00, 0x00, 0x00, 0x00, 0x00, 0x00, 0x00, 0x00, 0x00, 0x00,
  0x00, 0x00, 0x00, 0x00, 0x00, 0x00, 0x00, 0x00, 0x00, 0x00, 0x41, 0xa3, 0xe1, 0xa2, 0x02, 0xa3,
  0x01, 0xa3, 0x01, 0x9b, 0xe1, 0xa2, 0x01, 0xa3, 0x01, 0x9b, 0xc1, 0x9a, 0xa0, 0x9a, 0x80, 0x92,
  0x80, 0x92, 0xc0, 0xc3, 0x61, 0xf5, 0xa0, 0xe4, 0x20, 0xed, 0x4e, 0xff, 0xf8, 0xff, 0xf9, 0xff,
  0xf3, 0xff, 0xa1, 0xfd, 0xe0, 0xcb, 0x80, 0xc3, 0x80, 0xa2, 0x80, 0xc3, 0x20, 0xe4, 0x60, 0x92,
  0x40, 0x8a, 0xc0, 0x9a, 0x00, 0xb3, 0x01, 0xdc, 0x80, 0xa2, 0x10, 0xff, 0xb4, 0xff, 0xd3, 0xff,
  0xfb, 0xff, 0xfc, 0xff, 0xfd, 0xf7, 0xdd, 0xf7, 0xdb, 0xf7, 0xf9, 0xff, 0xdb, 0xff, 0xf8, 0xff,
  0xa6, 0xf5, 0x60, 0xd3, 0x00, 0x00, 0x00, 0xbc, 0xe0, 0xff, 0x00, 0x00, 0x84, 0xdc, 0x41, 0xd4,
  0xf9, 0xff, 0xfa, 0xff, 0xd6, 0xff, 0xda, 0xff, 0xfa, 0xff, 0xf6, 0xf7, 0xf4, 0xff, 0xf4, 0xff,
  0xf5, 0xff, 0xf8, 0xf7, 0xf8, 0xff, 0x4b, 0xee, 0x02, 0xbc, 0x84, 0xdc, 0x00, 0x00, 0x22, 0xdc,
  0xc2, 0xe4, 0xb4, 0xff, 0xb6, 0xff, 0xf8, 0xff, 0xf8, 0xff, 0xd9, 0xf7, 0xfa, 0xff, 0xf9, 0xff,
  0xfb, 0xff, 0xfb, 0xff, 0x74, 0xff, 0x26, 0xfe, 0xc1, 0xe4, 0xe2, 0xcb, 0x00, 0x00, 0x00, 0x00,
  0x00, 0x00, 0x00, 0x00, 0x00, 0xf8, 0x40, 0xcb, 0xf5, 0xff, 0xcb, 0xfe, 0x11, 0xff, 0xf7, 0xff,
  0xf9, 0xff, 0xf9, 0xff, 0xfa, 0xff, 0xfc, 0xff, 0xfb, 0xf7, 0xfc, 0xf7, 0xfb, 0xff, 0xf8, 0xff,
  0xc3, 0xcb, 0x23, 0xd4, 0xc6, 0xcc, 0xc4, 0xe4, 0x30, 0xf7, 0xf7, 0xff, 0xb5, 0xff, 0xd4, 0xff,
  0xb4, 0xff, 0xd5, 0xff, 0xf7, 0xff, 0xf7, 0xff, 0xd7, 0xff, 0xf5, 0xff, 0xf4, 0xff, 0xf1, 0xff,
  0xc3, 0xdc, 0xe0, 0xb2, 0x00, 0x00, 0xc6, 0xcc, 0x00, 0xfc, 0x00, 0x00, 0x00, 0x00, 0x00, 0xb3,
  0x80, 0xcb, 0xe8, 0xf5, 0xb6, 0xff, 0xfc, 0xff, 0xfa, 0xf7, 0xf6, 0xff, 0xf6, 0xff, 0xf8, 0xff,
  0xfa, 0xff, 0xfa, 0xff, 0x92, 0xff, 0xc6, 0xf5, 0xe1, 0xb3, 0xc1, 0xc3, 0x42, 0xd4, 0xe2, 0xbb,
  0x88, 0xed, 0xf7, 0xff, 0xf6, 0xff, 0xf7, 0xff, 0xf8, 0xff, 0x8d, 0xff, 0x0d, 0xff, 0x4d, 0xff,
  0xb0, 0xff, 0xfc, 0xff, 0xfd, 0xff, 0xfd, 0xf7, 0xde, 0xf7, 0xfd, 0xf7, 0xfe, 0xf7, 0xdc, 0xf7,
  0xa5, 0xdc, 0xa1, 0xc3, 0x01, 0xab, 0xc0, 0x71, 0xa1, 0xc3, 0x41, 0xab, 0x20, 0xab, 0x60, 0xb3,
  0x60, 0xb3, 0x41, 0xcc, 0x41, 0xed, 0xe1, 0xf5, 0xde, 0xf7, 0xd8, 0xff, 0xfb, 0xff, 0x90, 0xff,
  0x00, 0x00, 0x00, 0x00, 0x00, 0x00, 0x00, 0x00, 0x00, 0x00, 0x00, 0x00, 0x00, 0x00, 0x00, 0x00,
  0x00, 0x00, 0x00, 0x00, 0x00, 0x00, 0x00, 0x00, 0x00, 0x00, 0x00, 0x00, 0x00, 0x00, 0x00, 0x00,
  0x00, 0x00, 0x00, 0x00, 0x00, 0x00, 0x00, 0x00, 0x00, 0x00, 0x00, 0x00, 0x00, 0x00, 0x00, 0x00,
  0x00, 0x00, 0x00, 0x00, 0x00, 0x00, 0x00, 0x00, 0x00, 0x00, 0x02, 0x9b, 0x64, 0xb3, 0x21, 0xa3,
  0x01, 0xa3, 0x01, 0x9b, 0xe1, 0x9a, 0x21, 0xab, 0xe1, 0x9a, 0x00, 0x7a, 0x61, 0x8a, 0x41, 0xab,
  0xa0, 0x9a, 0x20, 0xd4, 0xa0, 0xfd, 0x40, 0xdc, 0x01, 0xf5, 0xb2, 0xff, 0xf8, 0xff, 0xf8, 0xff,
  0xf3, 0xff, 0x81, 0xf5, 0xe0, 0xdb, 0xc0, 0xcb, 0x80, 0x9a, 0x80, 0xc3, 0x60, 0xcb, 0x20, 0x8a,
  0x60, 0x92, 0x20, 0xb3, 0x81, 0xc3, 0x00, 0xdc, 0x40, 0xc3, 0x8b, 0xff, 0x6d, 0xff, 0x86, 0xfe,
  0x64, 0xed, 0x24, 0xe5, 0x64, 0xf5, 0x05, 0xf6, 0xa7, 0xed, 0x11, 0xf7, 0xda, 0xff, 0xda, 0xff,
  0xf8, 0xff, 0xa7, 0xed, 0x00, 0xd4, 0x00, 0x00, 0x84, 0xdc, 0x00, 0x00, 0x05, 0xd4, 0xa0, 0xc3,
  0xf7, 0xff, 0xd4, 0xff, 0x43, 0xfe, 0x02, 0xe5, 0x47, 0xe5, 0x8a, 0xf6, 0x68, 0xf6, 0x27, 0xfe,
  0x68, 0xfe, 0x88, 0xfe, 0xaa, 0xf6, 0x64, 0xed, 0x02, 0xcc, 0xc6, 0xcc, 0x00, 0x00, 0x22, 0xd4,
  0x81, 0xdc, 0x52, 0xff, 0x72, 0xff, 0xe3, 0xed, 0xc1, 0xe4, 0x02, 0xe5, 0xc1, 0xec, 0x23, 0xe5,
  0x69, 0xf6, 0xf9, 0xff, 0xfa, 0xff, 0x71, 0xff, 0x4b, 0xff, 0xa6, 0xf5, 0x02, 0xd4, 0x00, 0x00,
  0x00, 0x00, 0x00, 0x00, 0x00, 0x00, 0x40, 0xcb, 0xb3, 0xff, 0x4d, 0xff, 0xea, 0xfe, 0x28, 0xf6,
  0x69, 0xf6, 0xcd, 0xfe, 0x8c, 0xfe, 0x2a, 0xf6, 0x4a, 0xf6, 0x4c, 0xff, 0x90, 0xff, 0x91, 0xff,
  0x04, 0xd4, 0x63, 0xdc, 0x00, 0x00, 0xa2, 0xe4, 0xcc, 0xf6, 0xd1, 0xff, 0xca, 0xfe, 0x88, 0xfe,
  0x06, 0xf6, 0x07, 0xfe, 0x07, 0xf6, 0xe6, 0xf5, 0xa5, 0xf5, 0x45, 0xe5, 0x45, 0xed, 0xa6, 0xf5,
  0xe1, 0xcb, 0x41, 0xbb, 0x40, 0xad, 0x40, 0xad, 0x00, 0xfc, 0x00, 0x00, 0x60, 0xbb, 0x82, 0xdc,
  0x33, 0xf7, 0xb8, 0xff, 0xf8, 0xff, 0xe4, 0xf5, 0x80, 0xcb, 0xe2, 0xec, 0x81, 0xec, 0xe2, 0xe4,
  0x86, 0xf5, 0x0d, 0xff, 0xb4, 0xff, 0x75, 0xf7, 0xfc, 0xff, 0xe4, 0xe4, 0xe0, 0xff, 0x83, 0xc3,
  0xc5, 0xdc, 0x55, 0xf7, 0xd8, 0xff, 0xb6, 0xf7, 0xd7, 0xff, 0x09, 0xff, 0x0a, 0xff, 0xf7, 0xff,
  0xd6, 0xff, 0xfc, 0xff, 0xd4, 0xff, 0x73, 0xff, 0x72, 0xf7, 0xcc, 0xfe, 0x32, 0xf7, 0xb7, 0xff,
  0xe6, 0xdc, 0x20, 0xab, 0x40, 0xb3, 0x80, 0x9a, 0x41, 0xb3, 0xe0, 0x9a, 0x80, 0xbb, 0xa1, 0xe4,
  0xc0, 0xc3, 0xe0, 0xcb, 0xe0, 0xe4, 0xe1, 0xf5, 0xfb, 0xff, 0xf7, 0xff, 0xfa, 0xff, 0xd5, 0xff,
  0x00, 0x00, 0x00, 0x00, 0x00, 0x00, 0x00, 0x00, 0x00, 0x00, 0x00, 0x00, 0x00, 0x00, 0x00, 0x00,
  0x00, 0x00, 0x00, 0x00, 0x00, 0x00, 0x00, 0x00, 0x00, 0x00, 0x00, 0x00, 0x00, 0x00, 0x00, 0x00,
  0x00, 0x00, 0x00, 0x00, 0x00, 0x00, 0x00, 0x00, 0x00, 0x00, 0x00, 0x00, 0x00, 0x00, 0x00, 0x00,
  0x00, 0x00, 0x00, 0x00, 0x00, 0x00, 0x00, 0x00, 0x00, 0x00, 0x00, 0x00, 0xc2, 0xa2, 0xe1, 0x9a,
  0xe1, 0x9a, 0xe1, 0x9a, 0xe1, 0x9a, 0xe1, 0x9a, 0x80, 0x8a, 0xc0, 0x9a, 0x60, 0x92, 0x40, 0xbb,
  0x00, 0xb3, 0x20, 0xdc, 0x61, 0xf5, 0x60, 0xe4, 0x63, 0xfe, 0xf5, 0xff, 0xf7, 0xff, 0xf7, 0xff,
  0xd2, 0xff, 0x00, 0xf5, 0x20, 0xcb, 0x20, 0xbb, 0x00, 0xbb, 0xc0, 0x9a, 0x60, 0x8a, 0x60, 0x92,
  0xc0, 0xa2, 0x80, 0xbb, 0xa1, 0xcb, 0x00, 0xcc, 0xa0, 0xcb, 0x6c, 0xff, 0x4c, 0xff, 0x43, 0xf5,
  0xc0, 0xc2, 0xa0, 0x99, 0x60, 0xb2, 0x80, 0xba, 0xa0, 0xb2, 0x20, 0xd3, 0xec, 0xf6, 0x95, 0xff,
  0xb6, 0xff, 0xf8, 0xff, 0x83, 0xdc, 0x42, 0xec, 0x00, 0x00, 0x00, 0x00, 0x04, 0xdc, 0xc0, 0xd3,
  0xf6, 0xff, 0xf7, 0xff, 0x09, 0xee, 0xa0, 0xba, 0xe1, 0xba, 0x80, 0xcb, 0x60, 0xcb, 0x40, 0xc3,
  0x20, 0xbb, 0xe0, 0xba, 0xe0, 0xb2, 0x40, 0xbb, 0xa0, 0xaa, 0x08, 0xbc, 0x00, 0xfc, 0xe3, 0xcb,
  0xa1, 0xec, 0x74, 0xf7, 0xf8, 0xff, 0x00, 0xd4, 0x80, 0xaa, 0xe1, 0xd3, 0xc1, 0xdb, 0xa1, 0xcb,
  0x80, 0xd3, 0xe3, 0xec, 0xb0, 0xf6, 0xd8, 0xff, 0x94, 0xff, 0x69, 0xf6, 0x60, 0xcb, 0x00, 0x00,
  0x00, 0x00, 0x00, 0x00, 0x00, 0x00, 0x40, 0xcb, 0x71, 0xff, 0x94, 0xff, 0x8d, 0xfe, 0x63, 0xe4,
  0x20, 0xc3, 0x20, 0xc3, 0x00, 0xc3, 0xe0, 0xba, 0xe0, 0xba, 0x20, 0xc3, 0x40, 0xbb, 0xc2, 0xcb,
  0x82, 0xc3, 0x84, 0xdc, 0x00, 0x00, 0x42, 0xdc, 0xac, 0xfe, 0x72, 0xff, 0x6a, 0xfe, 0x82, 0xe4,
  0x20, 0xc3, 0xc0, 0xb2, 0x20, 0xc3, 0x00, 0xbb, 0x20, 0xbb, 0xe0, 0xaa, 0x60, 0x9a, 0xe0, 0xb2,
  0xe0, 0xaa, 0x61, 0xc3, 0x00, 0x00, 0x00, 0x00, 0x00, 0xf8, 0x20, 0xaa, 0xa3, 0xe4, 0xb3, 0xff,
  0xd7, 0xf7, 0x95, 0xff, 0x41, 0xdc, 0x00, 0xbb, 0x61, 0xbb, 0xe1, 0xb2, 0x20, 0xb3, 0xa0, 0xaa,
  0x40, 0x9a, 0x82, 0xbb, 0xae, 0xf6, 0xfb, 0xff, 0xd3, 0xff, 0x63, 0xd4, 0x00, 0xd4, 0xa1, 0xbb,
  0x80, 0xc3, 0x40, 0xb3, 0xe1, 0xc3, 0xc1, 0xc3, 0x60, 0xbb, 0x01, 0xd4, 0xa2, 0xd4, 0xda, 0xff,
  0x91, 0xff, 0x0a, 0xee, 0x83, 0xd4, 0x81, 0xc3, 0x81, 0xc3, 0x80, 0xcb, 0x80, 0xd3, 0x43, 0xd4,
  0x84, 0xdc, 0xe3, 0xc3, 0xe2, 0xcb, 0x21, 0xb3, 0xa0, 0xa2, 0xe1, 0x9a, 0x80, 0x8a, 0xe0, 0xc3,
  0xc0, 0xc3, 0x21, 0xcc, 0x80, 0xdc, 0x62, 0xf5, 0xd4, 0xff, 0xf8, 0xff, 0xf9, 0xff, 0xf5, 0xff,
  0x00, 0x00, 0x00, 0x00, 0x00, 0x00, 0x00, 0x00, 0x00, 0x00, 0x00, 0x00, 0x00, 0x00, 0x00, 0x00,
  0x00, 0x00, 0x00, 0x00, 0x00, 0x00, 0x00, 0x00, 0x00, 0x00, 0x00, 0x00, 0x00, 0x00, 0x00, 0x00,
  0x00, 0x00, 0x00, 0x00, 0x00, 0x00, 0x00, 0x00, 0x00, 0x00, 0x00, 0x00, 0x00, 0x00, 0x00, 0x00,
  0x00, 0x00, 0x00, 0x00, 0x00, 0x00, 0x00, 0x00, 0x00, 0x00, 0x00, 0x84, 0x04, 0x9b, 0x02, 0x9b,
  0x01, 0xa3, 0x01, 0x9b, 0x41, 0x7a, 0x40, 0x7a, 0x21, 0xa3, 0x41, 0xab, 0x60, 0x8a, 0x00, 0xab,
  0xc0, 0xd3, 0x20, 0xdc, 0x01, 0xf5, 0x61, 0xf5, 0x48, 0xff, 0xf5, 0xff, 0xf6, 0xff, 0xf7, 0xff,
  0xce, 0xff, 0x40, 0xd4, 0x00, 0xbb, 0x60, 0xc3, 0x00, 0xdc, 0xa0, 0x9a, 0x80, 0x92, 0x00, 0xab,
  0x00, 0xab, 0x81, 0xbb, 0xc1, 0xcb, 0x01, 0xd4, 0xc1, 0xd3, 0xae, 0xff, 0xe9, 0xfe, 0x26, 0xf6,
  0x20, 0xb3, 0x00, 0xbc, 0x00, 0xd4, 0x00, 0xd4, 0x41, 0xcb, 0xc1, 0xd2, 0x01, 0xe4, 0x0d, 0xff,
  0xce, 0xfe, 0xf9, 0xff, 0x4d, 0xf6, 0xc0, 0xcb, 0x00, 0x00, 0x00, 0xfc, 0x01, 0xdc, 0xc0, 0xd3,
  0xd7, 0xff, 0xf7, 0xff, 0xa7, 0xed, 0x81, 0xcb, 0x00, 0x00, 0x00, 0x00, 0xe0, 0xff, 0x00, 0x00,
  0xe0, 0xff, 0x00, 0x00, 0x04, 0xdc, 0x00, 0x00, 0x00, 0x00, 0x40, 0xfd, 0x00, 0x00, 0xc1, 0xcb,
  0xe3, 0xec, 0x94, 0xff, 0xf7, 0xff, 0x83, 0xdc, 0x84, 0xdc, 0x40, 0xfd, 0x00, 0x00, 0x00, 0x00,
  0x00, 0x00, 0xc0, 0xca, 0x23, 0xd4, 0xb5, 0xff, 0xf8, 0xff, 0xcc, 0xf6, 0x20, 0xc3, 0x00, 0x00,
  0x00, 0x00, 0x00, 0x00, 0x00, 0x00, 0x60, 0xd3, 0x50, 0xf7, 0xb3, 0xff, 0xac, 0xfe, 0x02, 0xcc,
  0x00, 0x00, 0x00, 0xbc, 0x00, 0x00, 0x00, 0x00, 0x00, 0x00, 0x00, 0x00, 0x00, 0x00, 0x00, 0x00,
  0x00, 0x00, 0x00, 0x00, 0x00, 0x00, 0x02, 0xcc, 0xcc, 0xf6, 0x2f, 0xf7, 0xcb, 0xfe, 0xc2, 0xe4,
  0xc1, 0xcb, 0x00, 0xbc, 0x00, 0x00, 0x00, 0x00, 0x04, 0xdc, 0xe0, 0xff, 0x00, 0x00, 0x00, 0x00,
  0xe0, 0xff, 0x00, 0x00, 0x00, 0x00, 0x00, 0x00, 0x00, 0x00, 0x00, 0xb3, 0xab, 0xfe, 0x73, 0xf7,
  0x31, 0xff, 0x02, 0xe5, 0x80, 0xb2, 0x00, 0xfc, 0x00, 0x00, 0xc6, 0xcc, 0x00, 0x00, 0x00, 0x00,
  0x00, 0x00, 0x20, 0x9b, 0x80, 0x9a, 0x01, 0xd4, 0x42, 0xf5, 0xa1, 0xc3, 0x00, 0x00, 0x00, 0xfc,
  0xc1, 0xc3, 0x81, 0xc3, 0x81, 0xbb, 0x61, 0xb3, 0xc1, 0xc3, 0x00, 0x84, 0x82, 0xdc, 0xb4, 0xff,
  0x51, 0xff, 0x07, 0xee, 0xe3, 0xd4, 0x41, 0xb3, 0xa2, 0xcb, 0x20, 0xb3, 0x40, 0xb3, 0x00, 0xa3,
  0xc2, 0xc3, 0xc1, 0xbb, 0xe2, 0xc3, 0x03, 0xc4, 0xa2, 0xbb, 0x04, 0xed, 0xa0, 0xbb, 0xc0, 0x9a,
  0x20, 0xb3, 0x80, 0xdc, 0x40, 0xd4, 0x21, 0xe5, 0xaf, 0xff, 0xf8, 0xff, 0xf8, 0xff, 0xf6, 0xff,
  0x00, 0x00, 0x00, 0x00, 0x00, 0x00, 0x00, 0x00, 0x00, 0x00, 0x00, 0x00, 0x00, 0x00, 0x00, 0x00,
  0x00, 0x00, 0x00, 0x00, 0x00, 0x00, 0x00, 0x00, 0x00, 0x00, 0x00, 0x00, 0x00, 0x00, 0x00, 0x00,
  0x00, 0x00, 0x00, 0x00, 0x00, 0x00, 0x00, 0x00, 0x00, 0x00, 0x00, 0x00, 0x00, 0x00, 0x00, 0x00,
  0x00, 0x00, 0x00, 0x00, 0x00, 0xf8, 0x00, 0x00, 0x00, 0xf8, 0x21, 0xa3, 0x41, 0xa3, 0x01, 0x9b,
  0x01, 0xa3, 0x21, 0xa3, 0x00, 0x72, 0xa0, 0x8a, 0xa1, 0xdc, 0x20, 0x7a, 0x20, 0x82, 0xe0, 0xa2,
  0x60, 0xe4, 0xc1, 0xec, 0xe0, 0xe4, 0x22, 0xed, 0x29, 0xff, 0xf4, 0xff, 0xf6, 0xff, 0xd6, 0xff,
  0x86, 0xff, 0x80, 0xdc, 0xc1, 0xaa, 0x80, 0xc3, 0xe1, 0xd3, 0x01, 0xa3, 0x60, 0xbb, 0x00, 0xab,
  0xa0, 0x9a, 0x41, 0xb3, 0x42, 0xcc, 0x02, 0xd4, 0xe1, 0xd3, 0xd0, 0xff, 0x8b, 0xff, 0xa3, 0xf5,
  0xc0, 0xb2, 0x00, 0x00, 0x42, 0xdc, 0x00, 0xfc, 0x00, 0x00, 0x00, 0x00, 0x61, 0xd3, 0x87, 0xf6,
  0x2e, 0xff, 0xd9, 0xff, 0xf3, 0xf6, 0x80, 0xcb, 0xe0, 0xff, 0x40, 0xfd, 0x01, 0xd4, 0xe0, 0xdb,
  0xb6, 0xff, 0xd4, 0xff, 0xc6, 0xf5, 0x61, 0xcb, 0x00, 0xbc, 0x00, 0x00, 0x00, 0x00, 0x00, 0x00,
  0x00, 0x00, 0x00, 0x00, 0x84, 0xdc, 0x00, 0x00, 0x00, 0x00, 0x00, 0xfc, 0x00, 0x00, 0xe2, 0xd3,
  0xe2, 0xec, 0x92, 0xff, 0xf7, 0xff, 0x61, 0xdc, 0x21, 0xdc, 0x00, 0x00, 0x00, 0x00, 0x00, 0x00,
  0x00, 0x00, 0x00, 0x00, 0xa3, 0xe4, 0xed, 0xfe, 0xf8, 0xff, 0x70, 0xf7, 0x60, 0xcb, 0x00, 0x00,
  0x00, 0x00, 0x00, 0x00, 0x00, 0x00, 0x80, 0xcb, 0x30, 0xf7, 0xd3, 0xff, 0x8c, 0xfe, 0xe1, 0xcb,
  0x00, 0x00, 0x00, 0x00, 0x00, 0xfc, 0x00, 0x00, 0x00, 0x00, 0xa5, 0xec, 0x00, 0x00, 0x00, 0x00,
  0x00, 0x00, 0xe0, 0xff, 0xe0, 0xff, 0xe1, 0xcb, 0x8a, 0xf6, 0x50, 0xff, 0x0c, 0xff, 0xa2, 0xdc,
  0x02, 0xdc, 0x40, 0xfd, 0x04, 0xdc, 0x00, 0x00, 0x00, 0x00, 0x05, 0xd4, 0x40, 0xad, 0x00, 0x00,
  0x00, 0x00, 0x00, 0x00, 0x00, 0x00, 0x00, 0x00, 0xc1, 0xcb, 0x63, 0xe5, 0xd4, 0xf7, 0x92, 0xff,
  0xe6, 0xf5, 0x00, 0xc3, 0x00, 0x00, 0x08, 0xbc, 0x00, 0x00, 0x00, 0x00, 0x00, 0x00, 0x00, 0x00,
  0x00, 0x00, 0x00, 0x00, 0xa0, 0xaa, 0xc0, 0xa2, 0x20, 0x8a, 0x20, 0xb3, 0x00, 0x00, 0x00, 0x00,
  0x00, 0x00, 0x00, 0x00, 0x26, 0xcb, 0x00, 0xfc, 0x84, 0xb4, 0x00, 0x9a, 0x62, 0xdc, 0xd4, 0xff,
  0x70, 0xff, 0x07, 0xee, 0x44, 0xed, 0xa1, 0xc3, 0xe0, 0xd3, 0xa1, 0xcb, 0x60, 0xbb, 0x61, 0xb3,
  0x81, 0xbb, 0x01, 0xc4, 0x43, 0xcc, 0x44, 0xcc, 0x02, 0xcc, 0xe2, 0xec, 0x41, 0xdc, 0xa0, 0x92,
  0x60, 0xb3, 0xa0, 0xc3, 0x80, 0xd4, 0xc3, 0xed, 0xaf, 0xff, 0xf6, 0xff, 0xf7, 0xff, 0xf9, 0xff,
  0x00, 0x00, 0x00, 0x00, 0x00, 0x00, 0x00, 0x00, 0x00, 0x00, 0x00, 0x00, 0x00, 0x00, 0x00, 0x00,
  0x00, 0x00, 0x00, 0x00, 0x00, 0x00, 0x00, 0x00, 0x00, 0x00, 0x00, 0x00, 0x00, 0x00, 0x00, 0x00,
  0x00, 0x00, 0x00, 0x00, 0x00, 0x00, 0x00, 0x00, 0x00, 0x00, 0x00, 0x84, 0x00, 0xf8, 0x00, 0x84,
  0x00, 0x84, 0x42, 0x93, 0x43, 0xa3, 0x02, 0x9b, 0x00, 0xbc, 0x20, 0x9b, 0x00, 0xbc, 0x01, 0xab,
  0x00, 0xab, 0x41, 0xbb, 0x21, 0xb3, 0x20, 0xab, 0xe0, 0xb2, 0x80, 0xa2, 0x61, 0xdc, 0x41, 0xf5,
  0xa1, 0xf5, 0x22, 0xfe, 0xa0, 0xec, 0x42, 0xfe, 0xc6, 0xfe, 0xf7, 0xff, 0xf9, 0xff, 0xf1, 0xff,
  0x45, 0xff, 0x00, 0xf5, 0xe0, 0xdb, 0xa0, 0xc3, 0xc0, 0xaa, 0x60, 0xbb, 0xc0, 0xc3, 0x60, 0xb3,
  0x40, 0xb3, 0x61, 0xbb, 0x02, 0xbc, 0x82, 0xd4, 0x20, 0xbb, 0xaf, 0xff, 0xd2, 0xff, 0xe6, 0xf5,
  0xe0, 0xba, 0x00, 0x00, 0x40, 0xfd, 0x00, 0x00, 0xe0, 0xff, 0x08, 0xbc, 0x00, 0xfc, 0xa0, 0xdb,
  0x6a, 0xf6, 0x97, 0xf7, 0x72, 0xff, 0x80, 0xc3, 0x00, 0x00, 0x00, 0x00, 0x84, 0xdc, 0x41, 0xdc,
  0x70, 0xff, 0x91, 0xff, 0x65, 0xed, 0x23, 0xd4, 0xc1, 0xdb, 0x44, 0xdc, 0x02, 0xd4, 0x03, 0xcc,
  0x04, 0xdc, 0x00, 0xfc, 0x00, 0xfc, 0x00, 0xfc, 0x00, 0x00, 0x00, 0x00, 0x00, 0x00, 0x81, 0xcb,
  0x83, 0xe4, 0xb4, 0xff, 0x50, 0xff, 0x23, 0xed, 0xe2, 0xcb, 0xe4, 0xdc, 0x00, 0x00, 0xe0, 0xff,
  0x00, 0x00, 0x24, 0xdc, 0xe1, 0xd3, 0xf0, 0xfe, 0x0f, 0xff, 0x6d, 0xff, 0x41, 0xdc, 0x00, 0x00,
  0x00, 0x00, 0x00, 0x00, 0x20, 0xcb, 0xe1, 0xd3, 0xf8, 0xff, 0xf8, 0xf7, 0x49, 0xf6, 0xe3, 0xcb,
  0x00, 0x00, 0x00, 0x00, 0x00, 0x00, 0x00, 0x00, 0x00, 0x00, 0xc6, 0xcc, 0x08, 0xbc, 0x00, 0x00,
  0x00, 0x00, 0x00, 0x00, 0x00, 0x00, 0x61, 0xbb, 0xab, 0xf6, 0x6e, 0xff, 0x85, 0xf6, 0x21, 0xd4,
  0x62, 0xdc, 0x00, 0x00, 0x00, 0x00, 0x08, 0xbc, 0x00, 0xfc, 0xe4, 0xdc, 0x84, 0xdc, 0x08, 0xbc,
  0xc6, 0xcc, 0x00, 0x00, 0x00, 0xfc, 0x00, 0x00, 0x00, 0xbb, 0x8f, 0xff, 0xb2, 0xff, 0x2d, 0xff,
  0xe2, 0xc3, 0xa0, 0xcb, 0x00, 0x00, 0x00, 0x00, 0x00, 0x00, 0x00, 0xf8, 0x00, 0x00, 0x00, 0x00,
  0x00, 0x00, 0x00, 0x00, 0x00, 0x00, 0x00, 0x00, 0x00, 0x00, 0x00, 0x00, 0x00, 0x00, 0x00, 0x00,
  0x00, 0x00, 0x00, 0x00, 0x00, 0x00, 0x00, 0xbc, 0x00, 0x00, 0x00, 0xbb, 0x41, 0xc3, 0x91, 0xff,
  0x0d, 0xff, 0xc2, 0xec, 0xe3, 0xcb, 0x05, 0xd4, 0x05, 0xd4, 0x82, 0xb3, 0x82, 0xb3, 0xa2, 0xbb,
  0xa2, 0xbb, 0x00, 0x00, 0xc3, 0xc3, 0x23, 0xcc, 0x41, 0xab, 0xe1, 0xc3, 0x81, 0xb3, 0x42, 0xa3,
  0x01, 0xc4, 0x80, 0xbb, 0xa0, 0xe4, 0x23, 0xf6, 0xf7, 0xff, 0xfd, 0xff, 0xf9, 0xff, 0xfb, 0xff,
  0x00, 0x00, 0x00, 0x00, 0x00, 0x00, 0x00, 0x00, 0x00, 0x00, 0x00, 0x00, 0x00, 0x00, 0x00, 0x00,
  0x00, 0x00, 0x00, 0x00, 0x00, 0x00, 0x00, 0x00, 0x00, 0x00, 0x00, 0x00, 0x00, 0x00, 0x00, 0x00,
  0x00, 0x00, 0x00, 0x00, 0x00, 0x00, 0x00, 0x00, 0x00, 0x00, 0x00, 0xf8, 0x00, 0x00, 0x00, 0x84,
  0x64, 0x93, 0x83, 0xab, 0x43, 0xa3, 0x43, 0xa3, 0x43, 0xa3, 0x04, 0x9b, 0xe2, 0xa2, 0x42, 0xb3,
  0x42, 0xb3, 0x21, 0xb3, 0xc0, 0x9a, 0xe0, 0x71, 0x40, 0x92, 0x21, 0xd4, 0x42, 0xed, 0x01, 0xe5,
  0xc0, 0xe4, 0x00, 0xf5, 0xc0, 0xf4, 0xe0, 0xfd, 0x82, 0xfe, 0xf5, 0xff, 0xf8, 0xff, 0xd3, 0xff,
  0x62, 0xfe, 0x00, 0xf5, 0x82, 0xe4, 0x20, 0xb3, 0x00, 0xb3, 0x80, 0xb3, 0xc0, 0xcb, 0x20, 0xab,
  0x61, 0xb3, 0x81, 0xbb, 0xc1, 0xbb, 0x83, 0xdc, 0x40, 0xbb, 0x6e, 0xff, 0xd2, 0xff, 0xa5, 0xf5,
  0x00, 0xc3, 0x00, 0x00, 0x00, 0x00, 0x00, 0x00, 0x00, 0x00, 0x00, 0x00, 0x20, 0xcb, 0x21, 0xe4,
  0x30, 0xff, 0xb4, 0xff, 0x94, 0xff, 0xc0, 0xd3, 0x00, 0x00, 0x00, 0x00, 0x02, 0xd4, 0x20, 0xe4,
  0xb1, 0xff, 0x50, 0xff, 0xa4, 0xed, 0x62, 0xd4, 0x02, 0xdc, 0xa2, 0xcb, 0xa2, 0xc3, 0x64, 0xb3,
  0x00, 0xf8, 0x00, 0xfc, 0x42, 0xd4, 0x00, 0xbc, 0x00, 0x00, 0x00, 0x00, 0x00, 0x00, 0x82, 0xcb,
  0xc4, 0xe4, 0xb3, 0xff, 0x4f, 0xff, 0x02, 0xed, 0x24, 0xd4, 0x00, 0xfc, 0x00, 0x00, 0x00, 0x00,
  0x00, 0x00, 0x20, 0xc3, 0x01, 0xd4, 0x92, 0xff, 0x0e, 0xff, 0xc6, 0xf5, 0x60, 0xc3, 0x00, 0x00,
  0x00, 0x00, 0x00, 0x00, 0x83, 0xc3, 0xc0, 0xcb, 0xf9, 0xff, 0xd6, 0xff, 0x29, 0xfe, 0x82, 0xcb,
  0x00, 0x00, 0x00, 0x00, 0x00, 0x00, 0x00, 0x00, 0x00, 0x00, 0x05, 0xd4, 0x40, 0xad, 0xe0, 0xff,
  0x00, 0x00, 0xc6, 0xcc, 0x00, 0x00, 0x41, 0xbb, 0x6a, 0xf6, 0xb0, 0xff, 0xa7, 0xfe, 0x42, 0xe4,
  0x42, 0xdc, 0x00, 0x00, 0x00, 0x00, 0x00, 0x00, 0xa0, 0xaa, 0xa2, 0xcb, 0x00, 0x00, 0x00, 0x00,
  0x00, 0x00, 0x00, 0x00, 0x00, 0x00, 0x00, 0xf8, 0x40, 0xbb, 0x70, 0xff, 0x4f, 0xff, 0xa5, 0xf5,
  0x00, 0xb3, 0x00, 0x00, 0xe0, 0xff, 0x00, 0x00, 0x00, 0x00, 0x00, 0x00, 0x00, 0x00, 0x00, 0x00,
  0x00, 0x00, 0x00, 0x00, 0x00, 0x00, 0x00, 0x00, 0x00, 0x00, 0x00, 0x00, 0x00, 0x00, 0x00, 0x00,
  0x00, 0x00, 0x00, 0x00, 0x00, 0x00, 0x00, 0x00, 0x00, 0x00, 0x01, 0xbb, 0xa2, 0xcb, 0x4f, 0xff,
  0x2b, 0xff, 0x02, 0xf5, 0xc2, 0xc3, 0x00, 0x00, 0x00, 0xbc, 0xc3, 0xbb, 0xc2, 0xbb, 0xc2, 0xbb,
  0x00, 0xf8, 0x00, 0x00, 0x04, 0xbc, 0x03, 0xcc, 0x21, 0xa3, 0xa2, 0xbb, 0x01, 0xa3, 0x60, 0x8a,
  0xe0, 0xa2, 0x80, 0xb3, 0x41, 0xd4, 0xa1, 0xfd, 0x72, 0xff, 0xfc, 0xff, 0xf8, 0xff, 0xfd, 0xff,
  0x00, 0x00, 0x00, 0x00, 0x00, 0x00, 0x00, 0x00, 0x00, 0x00, 0x00, 0x00, 0x00, 0x00, 0x00, 0x00,
  0x00, 0x00, 0x00, 0x00, 0x00, 0x00, 0x00, 0x00, 0x00, 0x00, 0x00, 0x00, 0x00, 0x00, 0x00, 0x00,
  0x00, 0x00, 0x00, 0x00, 0x00, 0x00, 0x00, 0x00, 0x00, 0x00, 0x00, 0x00, 0xa0, 0xaa, 0x00, 0x00,
  0x00, 0x00, 0x00, 0xf8, 0x02, 0x9b, 0xa2, 0xab, 0x00, 0xbc, 0x00, 0x00, 0xe0, 0xa2, 0x21, 0xa3,
  0xc0, 0x9a, 0x20, 0x8a, 0xc2, 0x9a, 0x22, 0xa3, 0x41, 0xdc, 0xc2, 0xf5, 0x22, 0xed, 0x61, 0xdc,
  0xc1, 0xec, 0xa0, 0xe4, 0x80, 0xf5, 0xa1, 0xfe, 0x23, 0xfe, 0xf3, 0xff, 0xf6, 0xff, 0xf3, 0xff,
  0x41, 0xfe, 0xa0, 0xec, 0x41, 0xdc, 0x40, 0xbb, 0x40, 0xbb, 0x20, 0xab, 0x00, 0xa3, 0xc0, 0x9a,
  0x00, 0xab, 0x82, 0xbb, 0xc2, 0xc3, 0x82, 0xdc, 0x60, 0xc3, 0x89, 0xfe, 0x8f, 0xff, 0x85, 0xed,
  0x20, 0xc3, 0x00, 0x00, 0x00, 0x00, 0x00, 0x00, 0x00, 0x00, 0x00, 0x00, 0xe0, 0xc2, 0xc7, 0xf5,
  0xd6, 0xff, 0xb6, 0xff, 0xb6, 0xff, 0xc0, 0xd3, 0x00, 0x00, 0x00, 0x00, 0x63, 0xe4, 0x40, 0xe4,
  0xb0, 0xff, 0x93, 0xff, 0x8a, 0xfe, 0xe9, 0xed, 0xea, 0xed, 0xe4, 0xe4, 0x03, 0xe5, 0x23, 0xe5,
  0x03, 0xe5, 0xc6, 0xf5, 0x82, 0xdc, 0x02, 0xd4, 0xe0, 0xff, 0xe0, 0xff, 0x00, 0x00, 0xa1, 0xc3,
  0xc4, 0xe4, 0xb4, 0xff, 0x0e, 0xff, 0x23, 0xe5, 0x24, 0xcc, 0x00, 0x00, 0x00, 0x00, 0x00, 0x00,
  0x80, 0xcb, 0xe5, 0xe4, 0xb8, 0xff, 0xf9, 0xff, 0xef, 0xfe, 0xc0, 0xd3, 0x84, 0xdc, 0x00, 0x00,
  0x00, 0x00, 0x00, 0x00, 0x00, 0x00, 0xc0, 0xcb, 0xf8, 0xff, 0x70, 0xff, 0x87, 0xed, 0xe0, 0xca,
  0x80, 0xcb, 0x80, 0xcb, 0x81, 0xc3, 0xe1, 0xcb, 0xc2, 0xcb, 0xe3, 0xcb, 0x02, 0xcc, 0x02, 0xd4,
  0x00, 0x00, 0x08, 0xbc, 0x00, 0x00, 0x81, 0xc3, 0x07, 0xf6, 0xf4, 0xff, 0xa9, 0xf6, 0x03, 0xed,
  0xa3, 0xe4, 0xe4, 0xe4, 0x03, 0xe5, 0xe5, 0xe4, 0xe4, 0xe4, 0x22, 0xcc, 0x63, 0xcc, 0xc0, 0xcb,
  0x01, 0xd4, 0x00, 0x00, 0xe0, 0xff, 0x80, 0xab, 0x62, 0xdc, 0xd4, 0xff, 0x6e, 0xff, 0x81, 0xec,
  0x20, 0xb3, 0x00, 0x00, 0x00, 0x00, 0x00, 0x00, 0x00, 0x00, 0x00, 0x00, 0x00, 0x00, 0x00, 0x00,
  0x00, 0x00, 0x00, 0x00, 0x00, 0x00, 0x00, 0x00, 0x00, 0x00, 0x00, 0x00, 0x00, 0x00, 0x00, 0x00,
  0x00, 0x00, 0x00, 0x00, 0x00, 0x00, 0x00, 0x00, 0x00, 0xfc, 0x21, 0xbb, 0xe1, 0xd3, 0x70, 0xff,
  0x0b, 0xff, 0xe1, 0xf4, 0x81, 0xbb, 0xe0, 0xff, 0xe0, 0xff, 0x00, 0x00, 0x05, 0xac, 0x02, 0xbc,
  0x20, 0xcb, 0x64, 0xb3, 0xc2, 0xbb, 0x02, 0xc4, 0x21, 0xa3, 0x02, 0xc4, 0x80, 0x8a, 0x00, 0x72,
  0x60, 0xb3, 0x42, 0xc4, 0x40, 0xd4, 0x20, 0xf5, 0xb0, 0xff, 0xfd, 0xff, 0xfa, 0xff, 0xfd, 0xff,
  0x00, 0x00, 0x00, 0x00, 0x00, 0x00, 0x00, 0x00, 0x00, 0x00, 0x00, 0x00, 0x00, 0x00, 0x00, 0x00,
  0x00, 0x00, 0x00, 0x00, 0x00, 0x00, 0x00, 0x00, 0x00, 0x00, 0x00, 0x00, 0x00, 0x00, 0x00, 0x00,
  0x00, 0x00, 0x00, 0x00, 0x00, 0x00, 0x00, 0x00, 0x00, 0x00, 0x20, 0x9b, 0x00, 0x00, 0x00, 0x84,
  0x00, 0x00, 0x00, 0x00, 0x42, 0x93, 0x22, 0xab, 0x22, 0xa3, 0x41, 0xab, 0xe0, 0xa2, 0x20, 0xab,
  0x62, 0xb3, 0x84, 0xd4, 0x10, 0xff, 0xb3, 0xff, 0x4e, 0xff, 0xae, 0xff, 0xaf, 0xff, 0x03, 0xf6,
  0x21, 0xed, 0x80, 0xe4, 0xc1, 0xf4, 0x02, 0xfe, 0x46, 0xfe, 0xd2, 0xff, 0xf9, 0xff, 0xf5, 0xff,
  0x01, 0xfe, 0x60, 0xe4, 0xa0, 0xc3, 0xa0, 0xa2, 0x20, 0xab, 0x20, 0xa3, 0x40, 0xb3, 0xa0, 0x92,
  0xe0, 0xa2, 0xa2, 0xbb, 0xc2, 0xc3, 0x82, 0xdc, 0x60, 0xc3, 0xaa, 0xfe, 0xd3, 0xff, 0x82, 0xec,
  0xc0, 0xba, 0x26, 0xcb, 0x00, 0x00, 0x83, 0xc3, 0x61, 0xbb, 0x20, 0xcb, 0xa3, 0xe4, 0x51, 0xff,
  0xb4, 0xff, 0xf8, 0xff, 0xad, 0xfe, 0x60, 0xcb, 0x00, 0x00, 0x00, 0x00, 0x04, 0xdc, 0x40, 0xe4,
  0xb1, 0xff, 0xd6, 0xff, 0x73, 0xff, 0xd9, 0xff, 0xfa, 0xff, 0x93, 0xff, 0xb3, 0xff, 0xd2, 0xff,
  0xb2, 0xff, 0xf6, 0xff, 0xe5, 0xdc, 0xc2, 0xc3, 0x00, 0xfc, 0xe0, 0xff, 0x00, 0x00, 0xa2, 0xcb,
  0x83, 0xe4, 0x72, 0xff, 0x8b, 0xf6, 0xe2, 0xe4, 0x85, 0xd4, 0x22, 0xd4, 0x01, 0xcc, 0x41, 0xd4,
  0x68, 0xed, 0xb6, 0xff, 0xfb, 0xff, 0xcc, 0xfe, 0x86, 0xf5, 0xe1, 0xcb, 0x00, 0x00, 0x00, 0x00,
  0x00, 0xfc, 0x00, 0x00, 0x00, 0x00, 0xc0, 0xd3, 0xf8, 0xff, 0x90, 0xff, 0x51, 0xff, 0x43, 0xdc,
  0xc2, 0xe4, 0x66, 0xed, 0xc8, 0xed, 0x2a, 0xf6, 0x4a, 0xf6, 0x07, 0xf6, 0xa3, 0xe4, 0xc2, 0xd3,
  0x00, 0x00, 0x00, 0xfc, 0x00, 0x00, 0x81, 0xc3, 0xc7, 0xf5, 0xd1, 0xff, 0xe9, 0xfe, 0x28, 0xf6,
  0x51, 0xff, 0x95, 0xff, 0x32, 0xff, 0x52, 0xff, 0x52, 0xff, 0xf7, 0xff, 0xf5, 0xff, 0xe5, 0xdc,
  0xa1, 0xc3, 0x05, 0xd4, 0x00, 0x00, 0x00, 0xb3, 0x05, 0xe5, 0xb2, 0xff, 0xcc, 0xfe, 0xa0, 0xd3,
  0x81, 0xbb, 0x00, 0x00, 0x00, 0x00, 0x00, 0x00, 0x00, 0x00, 0x00, 0x00, 0x00, 0x00, 0x00, 0x00,
  0x00, 0x00, 0x00, 0x00, 0x00, 0x00, 0x00, 0x00, 0x00, 0x00, 0x00, 0x00, 0x00, 0x00, 0x00, 0x00,
  0x00, 0x00, 0x00, 0x00, 0x00, 0x00, 0x00, 0x00, 0xa0, 0xaa, 0x81, 0xbb, 0xe1, 0xd3, 0x91, 0xff,
  0xeb, 0xfe, 0x02, 0xf5, 0x82, 0xbb, 0x05, 0xd4, 0xe0, 0xff, 0x00, 0x84, 0xa2, 0xbb, 0xa2, 0xbb,
  0x03, 0xb4, 0x20, 0xcb, 0xa2, 0xbb, 0xa2, 0xbb, 0x22, 0xa3, 0x60, 0xbb, 0xc2, 0xc3, 0xc0, 0x9a,
  0x00, 0xa3, 0x00, 0x9b, 0xe0, 0xc3, 0x80, 0xfd, 0xd7, 0xff, 0xfd, 0xff, 0xf9, 0xff, 0xfb, 0xff,
  0x00, 0x00, 0x00, 0x00, 0x00, 0x00, 0x00, 0x00, 0x00, 0x00, 0x00, 0x00, 0x00, 0x00, 0x00, 0x00,
  0x00, 0x00, 0x00, 0x00, 0x00, 0x00, 0x00, 0x00, 0x00, 0xf8, 0x00, 0x00, 0x00, 0x00, 0x00, 0x00,
  0x00, 0x00, 0x00, 0x00, 0x00, 0x00, 0x00, 0x00, 0x00, 0x00, 0x64, 0x93, 0x42, 0x93, 0x42, 0x9b,
  0x42, 0xa3, 0x01, 0x8b, 0xe2, 0x8a, 0x62, 0xa3, 0xc2, 0xb3, 0x23, 0xcc, 0x25, 0xe5, 0xcc, 0xfe,
  0xb1, 0xff, 0xf0, 0xff, 0xeb, 0xf6, 0xc5, 0xed, 0xa4, 0xf5, 0x45, 0xf6, 0xc8, 0xfe, 0x62, 0xed,
  0x80, 0xbb, 0x80, 0xcb, 0xa0, 0xec, 0xe1, 0xfd, 0x09, 0xff, 0xf4, 0xff, 0xf9, 0xff, 0xf4, 0xff,
  0x00, 0xfe, 0x60, 0xe4, 0x80, 0xc3, 0x80, 0x9a, 0x60, 0x92, 0xe0, 0x9a, 0xa0, 0xbb, 0xa0, 0x9a,
  0xe0, 0xa2, 0xa2, 0xbb, 0xc1, 0xc3, 0x62, 0xdc, 0x60, 0xc3, 0x6e, 0xff, 0xb3, 0xff, 0xa1, 0xec,
  0x60, 0xdb, 0xe1, 0xba, 0x20, 0xc3, 0x00, 0xc3, 0xa0, 0xcb, 0x27, 0xe5, 0xd7, 0xf7, 0xf9, 0xff,
  0xf9, 0xf7, 0x6d, 0xff, 0xc0, 0xd3, 0x80, 0xc3, 0x00, 0x00, 0x00, 0x00, 0x03, 0xcc, 0x61, 0xe4,
  0xb1, 0xff, 0xd4, 0xff, 0x50, 0xff, 0x92, 0xff, 0x73, 0xff, 0xf3, 0xff, 0x91, 0xff, 0x70, 0xff,
  0x70, 0xff, 0xd6, 0xff, 0xa5, 0xd4, 0xa2, 0xc3, 0x08, 0xbc, 0x00, 0xfc, 0x00, 0x00, 0xa2, 0xcb,
  0xa3, 0xe4, 0x72, 0xff, 0x8d, 0xf6, 0x2a, 0xf6, 0x50, 0xff, 0x4e, 0xff, 0xb3, 0xff, 0xb2, 0xff,
  0xb4, 0xff, 0x0c, 0xf6, 0x0a, 0xee, 0x04, 0xe5, 0xc1, 0xd3, 0x63, 0xd4, 0x00, 0x00, 0x00, 0x00,
  0x00, 0x00, 0x00, 0x00, 0x00, 0x00, 0xa0, 0xd3, 0xf7, 0xf7, 0xb2, 0xff, 0xf7, 0xff, 0x51, 0xff,
  0x93, 0xff, 0xd5, 0xff, 0xb3, 0xff, 0x71, 0xff, 0x50, 0xff, 0x4d, 0xff, 0x04, 0xe5, 0xa2, 0xd3,
  0x00, 0x00, 0x40, 0xad, 0x00, 0x00, 0x81, 0xc3, 0xc7, 0xf5, 0x6e, 0xff, 0xf2, 0xff, 0xd7, 0xff,
  0xd8, 0xff, 0xd8, 0xff, 0xb6, 0xff, 0xd7, 0xff, 0xf7, 0xff, 0xf8, 0xff, 0xf7, 0xff, 0xac, 0xf6,
  0x81, 0xb3, 0x00, 0x00, 0x00, 0x00, 0x00, 0xbb, 0x26, 0xe5, 0xd1, 0xff, 0x91, 0xff, 0x80, 0xcb,
  0x81, 0xc3, 0x00, 0x00, 0xe0, 0xff, 0x00, 0x00, 0x00, 0x00, 0x00, 0x00, 0x00, 0x00, 0x00, 0x00,
  0x00, 0x00, 0x00, 0x00, 0x00, 0x00, 0x00, 0x00, 0x00, 0x00, 0x00, 0x00, 0x00, 0x00, 0x00, 0x00,
  0x00, 0x00, 0x00, 0x00, 0x00, 0x00, 0x00, 0x00, 0x00, 0x00, 0x62, 0xbb, 0xc1, 0xcb, 0x92, 0xff,
  0xa9, 0xfe, 0x02, 0xed, 0xe2, 0xc3, 0x00, 0x00, 0x84, 0xdc, 0x00, 0xbc, 0x64, 0xb3, 0x64, 0xb3,
  0x02, 0xbc, 0x03, 0xb4, 0xa3, 0xbb, 0x82, 0xb3, 0x62, 0xab, 0xa7, 0xf5, 0xab, 0xfe, 0x20, 0xa3,
  0x80, 0x9a, 0x00, 0x9b, 0xa1, 0xb3, 0x80, 0xfd, 0x94, 0xff, 0xfb, 0xff, 0xfa, 0xff, 0xfa, 0xff,
  0x00, 0x00, 0x00, 0x00, 0x00, 0x00, 0x00, 0x00, 0x00, 0x00, 0x00, 0x00, 0x00, 0x00, 0x00, 0x00,
  0x00, 0x00, 0x00, 0x00, 0x00, 0x00, 0x00, 0x00, 0x00, 0x00, 0x00, 0x00, 0x00, 0x00, 0x00, 0x00,
  0x00, 0x00, 0x00, 0x00, 0x00, 0x00, 0xa0, 0xaa, 0x20, 0x9b, 0x23, 0x9b, 0x21, 0x9b, 0x02, 0x9b,
  0x02, 0x9b, 0xe2, 0x92, 0xa2, 0xb3, 0x23, 0xc4, 0xc4, 0xdc, 0xca, 0xfe, 0x49, 0xf6, 0x25, 0xe5,
  0x82, 0xd4, 0x41, 0xab, 0x60, 0x92, 0x60, 0x92, 0xa2, 0xbb, 0x80, 0x9a, 0x40, 0x82, 0x80, 0x92,
  0x60, 0x92, 0x60, 0xc3, 0x40, 0xe4, 0x21, 0xfd, 0xb0, 0xff, 0xf5, 0xff, 0xf8, 0xff, 0x70, 0xff,
  0x20, 0xf5, 0x00, 0xed, 0x80, 0xc3, 0xa0, 0xa2, 0xc0, 0xa2, 0xe0, 0xa2, 0xa0, 0x92, 0x60, 0x8a,
  0xe0, 0x9a, 0x81, 0xbb, 0xc1, 0xbb, 0x23, 0xcc, 0x80, 0xc3, 0x8f, 0xff, 0xe8, 0xfe, 0x61, 0xe4,
  0x82, 0xec, 0x23, 0xed, 0xc7, 0xed, 0x33, 0xff, 0xb9, 0xff, 0x95, 0xff, 0xf9, 0xff, 0xf7, 0xff,
  0xcb, 0xfe, 0xc1, 0xd3, 0x40, 0xbb, 0x00, 0x00, 0x00, 0x00, 0x00, 0x00, 0x84, 0xdc, 0x81, 0xe4,
  0xd3, 0xff, 0xf5, 0xff, 0x49, 0xf6, 0xc0, 0xdb, 0x21, 0xdc, 0xe1, 0xd3, 0xa1, 0xc3, 0x81, 0xbb,
  0x60, 0xbb, 0xa1, 0xbb, 0xe1, 0xcb, 0x20, 0xcb, 0x00, 0x00, 0x08, 0xbc, 0x00, 0x00, 0xa2, 0xcb,
  0x25, 0xed, 0xb4, 0xff, 0x52, 0xf7, 0x04, 0xe5, 0x6a, 0xf6, 0xa9, 0xed, 0x52, 0xff, 0xf7, 0xff,
  0x92, 0xff, 0xc4, 0xe4, 0xe0, 0xcb, 0x04, 0xdc, 0x02, 0xcc, 0x00, 0x00, 0x00, 0x00, 0x00, 0x00,
  0x00, 0x00, 0x00, 0x00, 0x00, 0x00, 0x80, 0xd3, 0xf8, 0xf7, 0x72, 0xff, 0x10, 0xff, 0xc7, 0xed,
  0xc7, 0xed, 0x08, 0xf6, 0xe7, 0xfd, 0xa7, 0xf5, 0xc7, 0xf5, 0x86, 0xed, 0x61, 0xdc, 0x03, 0xcc,
  0xc6, 0xcc, 0x00, 0x00, 0x00, 0x00, 0xa2, 0xcb, 0xc7, 0xf5, 0xef, 0xfe, 0xcc, 0xfe, 0x86, 0xf5,
  0x42, 0xdc, 0x04, 0xd4, 0xa1, 0xc3, 0x40, 0xbb, 0x81, 0xc3, 0x21, 0xbb, 0xc1, 0xc3, 0x20, 0xbb,
  0x01, 0xab, 0x00, 0x00, 0x00, 0x00, 0x01, 0xbb, 0x06, 0xdd, 0x8f, 0xff, 0xf6, 0xff, 0x42, 0xd4,
  0x21, 0xbb, 0x00, 0x00, 0x00, 0xf8, 0x00, 0x00, 0x00, 0x00, 0x00, 0x00, 0x00, 0x00, 0x00, 0x00,
  0x00, 0x00, 0x00, 0x00, 0x00, 0x00, 0x00, 0x00, 0x00, 0x00, 0x00, 0x00, 0x00, 0x00, 0x00, 0x00,
  0x00, 0x00, 0x00, 0x00, 0x00, 0x00, 0x00, 0x00, 0x00, 0xf8, 0x41, 0xbb, 0xa1, 0xcb, 0xb1, 0xff,
  0xa9, 0xfe, 0xe2, 0xe4, 0xe2, 0xc3, 0x00, 0x00, 0xc6, 0xcc, 0x00, 0x84, 0x00, 0x00, 0x83, 0xc3,
  0xa2, 0xbb, 0x03, 0xb4, 0xc3, 0xb3, 0x82, 0xb3, 0x82, 0xb3, 0xc4, 0xd4, 0x63, 0xcc, 0xa0, 0x92,
  0x40, 0xb3, 0x42, 0xcc, 0xe0, 0xc3, 0x40, 0xf5, 0x92, 0xff, 0xda, 0xff, 0xfa, 0xff, 0xfa, 0xff,
  0x00, 0x00, 0x00, 0x00, 0x00, 0x00, 0x00, 0x00, 0x00, 0x00, 0x00, 0x00, 0x00, 0x00, 0x00, 0x00,
  0x00, 0x00, 0x00, 0x00, 0x00, 0x00, 0x00, 0x00, 0x00, 0x00, 0x00, 0x00, 0x00, 0x00, 0x00, 0x00,
  0x00, 0x00, 0xa0, 0xaa, 0xc1, 0x92, 0x02, 0x8b, 0x03, 0x93, 0x02, 0x9b, 0x03, 0x9b, 0x22, 0x9b,
  0x02, 0x93, 0x22, 0xa3, 0x63, 0xab, 0x02, 0x9b, 0xc2, 0x92, 0x62, 0xb3, 0xe1, 0xaa, 0x00, 0xa3,
  0xc0, 0x9a, 0x40, 0x8a, 0x01, 0x9b, 0xa3, 0xb3, 0x03, 0xc4, 0x22, 0xcc, 0x02, 0x9b, 0xe1, 0x9a,
  0x00, 0xa3, 0x00, 0xd4, 0x00, 0xec, 0x60, 0xf4, 0xd3, 0xf7, 0xf8, 0xff, 0xf8, 0xff, 0xb1, 0xff,
  0xe0, 0xec, 0x80, 0xdc, 0xe0, 0xb2, 0x80, 0x9a, 0x00, 0xdc, 0x60, 0xb3, 0xa0, 0x92, 0x80, 0x8a,
  0xe0, 0xa2, 0x61, 0xb3, 0x81, 0xc3, 0x02, 0xd4, 0x80, 0xc3, 0x90, 0xff, 0x10, 0xff, 0x77, 0xff,
  0x9b, 0xf7, 0xdb, 0xff, 0xfd, 0xff, 0xfd, 0xff, 0xba, 0xff, 0xf6, 0xf7, 0x6f, 0xff, 0xe7, 0xf5,
  0xc0, 0xd3, 0x20, 0xbb, 0x00, 0x00, 0x00, 0x00, 0x00, 0x00, 0x00, 0x00, 0x45, 0xd4, 0x61, 0xe4,
  0xf3, 0xff, 0xd5, 0xff, 0xe5, 0xed, 0xa0, 0xd3, 0x00, 0x00, 0x64, 0xdb, 0x00, 0x00, 0x00, 0x00,
  0x00, 0x00, 0x00, 0x00, 0x00, 0x00, 0x00, 0x00, 0x00, 0x00, 0x08, 0xbc, 0x00, 0x00, 0x81, 0xcb,
  0xe5, 0xe4, 0x94, 0xff, 0x95, 0xff, 0x21, 0xdc, 0x60, 0xc3, 0x80, 0xba, 0x81, 0xcb, 0x91, 0xff,
  0xd2, 0xff, 0xa1, 0xe4, 0x20, 0xcb, 0x00, 0x00, 0x00, 0x00, 0x00, 0xfc, 0x00, 0x00, 0x00, 0x00,
  0x00, 0x00, 0xe0, 0xff, 0x00, 0x00, 0x40, 0xcb, 0xf7, 0xf7, 0x91, 0xff, 0xed, 0xfe, 0xc0, 0xcb,
  0x20, 0xc3, 0x40, 0xbb, 0x60, 0xbb, 0x80, 0xcb, 0x81, 0xcb, 0x81, 0xbb, 0x02, 0xcc, 0x00, 0x00,
  0x00, 0x00, 0x00, 0x00, 0x00, 0x00, 0xa2, 0xcb, 0xa7, 0xed, 0x73, 0xf7, 0xca, 0xfe, 0xa1, 0xcb,
  0xa0, 0xba, 0x40, 0xd3, 0x81, 0xcb, 0x80, 0xd3, 0x81, 0xd3, 0x20, 0xcb, 0x60, 0xb3, 0x00, 0x00,
  0x00, 0x00, 0x00, 0x00, 0x00, 0xf8, 0x00, 0xfc, 0xc4, 0xdc, 0x2a, 0xff, 0xf3, 0xff, 0x87, 0xed,
  0xc0, 0xb2, 0x00, 0x00, 0x00, 0x00, 0x00, 0x00, 0x00, 0x00, 0x00, 0x00, 0x00, 0x00, 0x00, 0x00,
  0x00, 0x00, 0x00, 0x00, 0x00, 0x00, 0x00, 0x00, 0x00, 0x00, 0x00, 0x00, 0x00, 0x00, 0x00, 0x00,
  0x00, 0x00, 0x00, 0x00, 0x00, 0x00, 0x00, 0x00, 0x00, 0x00, 0x81, 0xbb, 0x22, 0xdc, 0xd1, 0xff,
  0xa8, 0xfe, 0xc2, 0xe4, 0xe2, 0xc3, 0x00, 0x00, 0x40, 0xad, 0x20, 0xcb, 0x05, 0xac, 0x03, 0xb4,
  0xa2, 0xbb, 0x83, 0xc3, 0x02, 0xb4, 0x82, 0xab, 0x61, 0xab, 0x62, 0xd4, 0xc2, 0xbb, 0xc0, 0x92,
  0x40, 0xa3, 0x00, 0xc4, 0xe0, 0xc3, 0xa0, 0xec, 0x70, 0xff, 0xd9, 0xff, 0xfa, 0xff, 0xf9, 0xff,
  0x00, 0x00, 0x00, 0x00, 0x00, 0x00, 0x00, 0x00, 0x00, 0x00, 0x00, 0x00, 0x00, 0x00, 0x00, 0x00,
  0x00, 0x00, 0x00, 0x00, 0x00, 0x00, 0x00, 0x00, 0xe2, 0x8a, 0x00, 0x00, 0x00, 0x00, 0x00, 0x00,
  0x00, 0x84, 0x23, 0x9b, 0xe3, 0x92, 0x03, 0x93, 0x00, 0x84, 0x42, 0x93, 0xa5, 0xaa, 0x42, 0x93,
  0x04, 0x9b, 0x00, 0x00, 0xa2, 0x8a, 0x83, 0x82, 0xc3, 0x8a, 0x83, 0xab, 0x23, 0x9b, 0xa0, 0xaa,
  0x82, 0xab, 0x82, 0xb3, 0x62, 0xab, 0xa2, 0xb3, 0xe2, 0xc3, 0xe5, 0xdc, 0xc3, 0xbb, 0xc2, 0x9a,
  0xc0, 0xa2, 0x20, 0xc3, 0x00, 0xe4, 0xe1, 0xf4, 0xd0, 0xff, 0xd8, 0xff, 0xf7, 0xff, 0x71, 0xff,
  0xc0, 0xf4, 0xe0, 0xdb, 0xc0, 0xaa, 0x20, 0x82, 0xa0, 0xcb, 0x00, 0xab, 0xc0, 0x9a, 0x00, 0xab,
  0x61, 0xb3, 0x61, 0xbb, 0xc1, 0xbb, 0xe1, 0xcb, 0x60, 0xc3, 0x50, 0xff, 0xb9, 0xff, 0xdc, 0xf7,
  0xb9, 0xf7, 0x55, 0xff, 0xae, 0xf6, 0x83, 0xe5, 0x01, 0xf5, 0x63, 0xd4, 0xc0, 0xc2, 0xa0, 0xba,
  0x40, 0xc3, 0x00, 0x00, 0x00, 0x00, 0x00, 0x00, 0x00, 0x00, 0x00, 0x00, 0x84, 0xdc, 0x21, 0xe4,
  0xb3, 0xff, 0x6f, 0xff, 0xc6, 0xfd, 0x02, 0xdc, 0xe0, 0xff, 0x00, 0x00, 0x00, 0x00, 0x00, 0x00,
  0xc6, 0xcc, 0x00, 0x00, 0x00, 0x00, 0x00, 0x00, 0x00, 0x00, 0x40, 0xfd, 0x00, 0x00, 0x61, 0xcb,
  0xc4, 0xe4, 0xb6, 0xff, 0xf8, 0xff, 0x64, 0xe5, 0xc2, 0xdb, 0x66, 0xe4, 0xe0, 0xc2, 0xea, 0xed,
  0xf3, 0xff, 0x44, 0xe5, 0xa0, 0xcb, 0x40, 0xfd, 0x00, 0x00, 0x00, 0x00, 0x00, 0x00, 0x00, 0x00,
  0xe0, 0xff, 0x00, 0x00, 0xc0, 0xcc, 0x60, 0xcb, 0xd7, 0xf7, 0x90, 0xff, 0x2f, 0xff, 0xc0, 0xcb,
  0x00, 0x00, 0x00, 0x00, 0x00, 0x00, 0x00, 0x00, 0xc6, 0xcc, 0x00, 0x00, 0x00, 0x00, 0x00, 0x00,
  0x00, 0x00, 0x00, 0x00, 0x00, 0x00, 0xc1, 0xd3, 0x86, 0xed, 0xb3, 0xf7, 0xa9, 0xfe, 0x20, 0xcb,
  0x00, 0xbc, 0x00, 0x00, 0x64, 0xdb, 0x00, 0x00, 0x00, 0xbc, 0x00, 0x00, 0x00, 0x00, 0x00, 0x00,
  0x00, 0x00, 0x00, 0x00, 0x00, 0x00, 0x23, 0xcc, 0x63, 0xd4, 0xe6, 0xf5, 0x4e, 0xff, 0x4e, 0xff,
  0xe0, 0xb2, 0x00, 0x00, 0xe0, 0xff, 0x00, 0x00, 0x00, 0x00, 0x00, 0x00, 0x00, 0x00, 0x00, 0x00,
  0x00, 0x00, 0x00, 0x00, 0x00, 0x00, 0xa0, 0xaa, 0x00, 0x00, 0x00, 0x00, 0x00, 0x00, 0x00, 0x00,
  0x00, 0x00, 0x00, 0x00, 0x00, 0x00, 0x00, 0x84, 0x00, 0x00, 0x61, 0xcb, 0x82, 0xec, 0x6f, 0xff,
  0xa7, 0xfe, 0xe1, 0xe4, 0xc1, 0xbb, 0xe0, 0xff, 0x84, 0xb4, 0x20, 0xcb, 0x04, 0xbc, 0x00, 0xf8,
  0x83, 0xc3, 0x03, 0xb4, 0x05, 0xac, 0x81, 0xb3, 0x81, 0xb3, 0xa2, 0xb3, 0xc1, 0xbb, 0x01, 0x9b,
  0x00, 0xa3, 0x60, 0xb3, 0x80, 0xbb, 0xc0, 0xec, 0x49, 0xff, 0xfb, 0xff, 0xfa, 0xff, 0xfa, 0xff,
  0x00, 0x00, 0x00, 0x00, 0x00, 0x00, 0x00, 0x00, 0x00, 0x00, 0x00, 0x00, 0x00, 0x00, 0x00, 0x00,
  0x00, 0x00, 0x00, 0x00, 0x00, 0x00, 0x00, 0x00, 0x00, 0x00, 0x00, 0x00, 0x00, 0x00, 0x00, 0x00,
  0x00, 0x00, 0x00, 0x00, 0x00, 0x00, 0x00, 0x00, 0x00, 0x84, 0xa0, 0xaa, 0xa5, 0xaa, 0x00, 0x00,
  0x00, 0x00, 0x00, 0x00, 0x00, 0x84, 0x64, 0xb3, 0x83, 0xab, 0x42, 0xab, 0x21, 0xa3, 0x01, 0xa3,
  0xe1, 0x9a, 0xe1, 0x9a, 0xe1, 0xa2, 0xc0, 0x9a, 0xe1, 0xc3, 0xc3, 0xbb, 0x05, 0xed, 0x20, 0xd4,
  0xa0, 0xcb, 0x60, 0xc3, 0xa0, 0xf4, 0xe1, 0xfd, 0xb0, 0xff, 0xfc, 0xff, 0xfb, 0xff, 0xb2, 0xff,
  0x22, 0xfe, 0x60, 0xed, 0xc0, 0xbb, 0x60, 0xbb, 0x40, 0xbb, 0xa1, 0xc3, 0x80, 0xb3, 0xc0, 0x9a,
  0xe0, 0xa2, 0x02, 0xbc, 0x03, 0xcc, 0xa2, 0xbb, 0x61, 0xd4, 0xd5, 0xff, 0xf7, 0xff, 0x4a, 0xff,
  0xc0, 0xcb, 0xc1, 0xc3, 0x21, 0xc4, 0x42, 0xc4, 0x03, 0xbc, 0xc3, 0xc3, 0x00, 0xfc, 0x00, 0x00,
  0x00, 0x00, 0x00, 0x00, 0x00, 0x00, 0x00, 0x00, 0x00, 0x00, 0x00, 0x00, 0x00, 0x00, 0xc2, 0xcb,
  0x50, 0xf7, 0xb5, 0xff, 0xa6, 0xed, 0x41, 0xc3, 0xa3, 0xd4, 0x40, 0xfd, 0x05, 0xd4, 0x00, 0x00,
  0x00, 0x00, 0x00, 0x00, 0x00, 0x00, 0x00, 0x00, 0x00, 0x00, 0x00, 0x00, 0x00, 0x00, 0x44, 0xd4,
  0x42, 0xdc, 0xb7, 0xff, 0x2f, 0xff, 0x24, 0xed, 0xa3, 0xd4, 0x44, 0xcc, 0xc1, 0xcb, 0x42, 0xe4,
  0x52, 0xff, 0xb7, 0xf7, 0x8d, 0xf6, 0x63, 0xe4, 0x00, 0x00, 0xe0, 0xff, 0x00, 0x00, 0x00, 0x00,
  0x00, 0x00, 0x00, 0x00, 0x00, 0x00, 0xc1, 0xd3, 0xf6, 0xf7, 0x6f, 0xff, 0x49, 0xf6, 0x81, 0xcb,
  0x00, 0x00, 0x00, 0xfc, 0x00, 0x00, 0x00, 0x00, 0x00, 0xfc, 0x00, 0x00, 0x00, 0x00, 0x00, 0x00,
  0x00, 0x00, 0x00, 0x00, 0x00, 0x00, 0x81, 0xbb, 0x29, 0xf6, 0xd1, 0xff, 0xab, 0xfe, 0xc1, 0xd3,
  0x42, 0xd4, 0x00, 0x00, 0x00, 0x00, 0x00, 0x00, 0x00, 0x00, 0x00, 0x00, 0xe0, 0xff, 0xe0, 0xff,
  0x00, 0xfc, 0xe0, 0xff, 0x00, 0x00, 0x00, 0x00, 0x81, 0xbb, 0x01, 0xd4, 0x30, 0xf7, 0x72, 0xff,
  0x42, 0xdc, 0xe0, 0xb2, 0x00, 0x00, 0xe0, 0xff, 0x00, 0xf8, 0x00, 0x00, 0x00, 0x00, 0x00, 0x00,
  0x00, 0x00, 0x00, 0x00, 0x00, 0x00, 0x00, 0x00, 0x00, 0xf8, 0x82, 0xbb, 0xa0, 0xaa, 0x00, 0x00,
  0x00, 0x00, 0x00, 0x00, 0x00, 0xf8, 0x20, 0xcb, 0x00, 0x00, 0x42, 0xbb, 0x43, 0xed, 0xf3, 0xf7,
  0xc7, 0xf6, 0xe1, 0xdb, 0xe3, 0xcb, 0x00, 0x00, 0x05, 0xd4, 0x00, 0x00, 0x00, 0xfc, 0x00, 0x00,
  0x00, 0xf8, 0x63, 0xc4, 0xc0, 0xcc, 0x04, 0xbc, 0x23, 0xc4, 0x21, 0xdc, 0xe0, 0xaa, 0x40, 0x82,
  0x61, 0xab, 0x41, 0xab, 0x20, 0xab, 0xe0, 0xd3, 0xc2, 0xfd, 0xfa, 0xff, 0xfa, 0xff, 0xf9, 0xff,
  0x00, 0x00, 0x00, 0x00, 0x00, 0x00, 0x00, 0x00, 0x00, 0x00, 0x00, 0x00, 0x00, 0x00, 0x00, 0x00,
  0x00, 0x00, 0x00, 0x00, 0x00, 0x00, 0x00, 0x00, 0x00, 0x00, 0x00, 0x00, 0x00, 0x00, 0x00, 0x00,
  0x00, 0x00, 0x00, 0x00, 0x00, 0x00, 0x00, 0x00, 0x00, 0x00, 0x00, 0xf8, 0x00, 0xf8, 0x00, 0xf8,
  0x00, 0x00, 0x00, 0x00, 0xa0, 0xaa, 0xa0, 0xaa, 0x42, 0xab, 0x62, 0xa3, 0x02, 0xb3, 0x22, 0xa3,
  0x21, 0xa3, 0x41, 0xab, 0x21, 0xa3, 0xe1, 0x9a, 0xc1, 0xc3, 0xa0, 0x9a, 0x61, 0xbb, 0xe0, 0xaa,
  0x60, 0xb3, 0xc0, 0xcb, 0xa0, 0xec, 0xa1, 0xfd, 0xd2, 0xff, 0xf9, 0xff, 0xfa, 0xff, 0x91, 0xff,
  0xa4, 0xfe, 0x20, 0xf5, 0x00, 0xa3, 0xe0, 0xaa, 0x20, 0xb3, 0xe0, 0xcb, 0x60, 0xbb, 0x40, 0x8a,
  0xa0, 0x92, 0xc1, 0xc3, 0x02, 0xbc, 0x61, 0xbb, 0xc2, 0xe4, 0xd4, 0xff, 0xf7, 0xf7, 0x0b, 0xff,
  0x20, 0xbb, 0x00, 0x00, 0x40, 0xad, 0xe0, 0xff, 0x00, 0xd4, 0x00, 0x00, 0x00, 0x00, 0x00, 0x00,
  0x00, 0x00, 0x00, 0x00, 0x00, 0x00, 0x00, 0x00, 0x00, 0x00, 0x00, 0x00, 0x00, 0xfc, 0xa1, 0xc3,
  0x2f, 0xff, 0xd4, 0xff, 0x65, 0xed, 0x00, 0xb3, 0xa2, 0xd4, 0xe0, 0xff, 0x00, 0x00, 0xe0, 0xff,
  0x00, 0x00, 0xe0, 0xff, 0x00, 0x00, 0x00, 0x00, 0x00, 0x00, 0x00, 0x00, 0x00, 0x00, 0x02, 0xd4,
  0x42, 0xdc, 0xb6, 0xff, 0x0d, 0xff, 0x66, 0xed, 0xe0, 0xff, 0x04, 0xdc, 0x00, 0x00, 0x81, 0xd3,
  0xc8, 0xf5, 0xd4, 0xff, 0x51, 0xff, 0x45, 0xed, 0xc2, 0xcb, 0x00, 0x00, 0x00, 0x00, 0x00, 0x00,
  0x00, 0x00, 0x00, 0x00, 0x00, 0x00, 0xe1, 0xd3, 0xd6, 0xf7, 0x70, 0xff, 0xcc, 0xfe, 0x41, 0xcb,
  0x00, 0x00, 0x00, 0x00, 0x00, 0x00, 0x00, 0x00, 0x00, 0x00, 0x00, 0x00, 0x00, 0x00, 0x00, 0x00,
  0x00, 0x00, 0x00, 0x00, 0x00, 0x00, 0x61, 0xc3, 0x29, 0xf6, 0xd2, 0xff, 0xcb, 0xfe, 0xc1, 0xdb,
  0xa2, 0xcb, 0x00, 0x00, 0xe0, 0xff, 0x00, 0x00, 0xe0, 0xff, 0x00, 0xfc, 0x00, 0x00, 0xe0, 0xff,
  0x00, 0xbc, 0x40, 0xad, 0x04, 0xbc, 0x00, 0x00, 0xc1, 0xbb, 0x20, 0xcb, 0xc5, 0xf5, 0x94, 0xff,
  0xef, 0xf6, 0x20, 0xbb, 0x04, 0xbc, 0x00, 0x00, 0x00, 0x00, 0x00, 0x00, 0x00, 0x00, 0x00, 0x00,
  0x00, 0xf8, 0x00, 0x00, 0x00, 0x00, 0x00, 0x00, 0x00, 0x00, 0x01, 0xab, 0x00, 0xbc, 0x00, 0xfc,
  0x00, 0xf8, 0x00, 0x00, 0x00, 0x00, 0x00, 0xf8, 0xa0, 0xaa, 0x21, 0xbb, 0x23, 0xed, 0xf3, 0xff,
  0xe7, 0xfe, 0xe1, 0xdb, 0xe2, 0xcb, 0x00, 0x00, 0x40, 0xad, 0x00, 0x00, 0x00, 0x00, 0x00, 0x00,
  0x00, 0x00, 0xc0, 0xcc, 0x02, 0xbc, 0x81, 0xb3, 0xc2, 0xc3, 0x01, 0xcc, 0x00, 0xa3, 0x80, 0x8a,
  0x00, 0xa3, 0x20, 0xab, 0xa0, 0xbb, 0x20, 0xdc, 0x63, 0xfe, 0xf9, 0xff, 0xfc, 0xff, 0xf9, 0xff,
  0x00, 0x00, 0x00, 0x00, 0x00, 0x00, 0x00, 0x00, 0x00, 0x00, 0x00, 0x00, 0x00, 0x00, 0x00, 0x00,
  0x00, 0x00, 0x00, 0x00, 0x00, 0x00, 0x00, 0x00, 0x00, 0x00, 0x00, 0x00, 0x00, 0x00, 0x00, 0x00,
  0x00, 0x00, 0x00, 0x00, 0x00, 0x00, 0x00, 0x00, 0x00, 0xf8, 0x00, 0x00, 0x00, 0x00, 0x00, 0x00,
  0x00, 0x00, 0x00, 0xf8, 0x00, 0x00, 0x20, 0x9b, 0xa2, 0xa3, 0x41, 0xb3, 0x62, 0xa3, 0x41, 0xab,
  0x42, 0xab, 0x01, 0xa3, 0x01, 0xa3, 0x01, 0x9b, 0x60, 0xab, 0xc0, 0xa2, 0x21, 0xd4, 0x81, 0xbb,
  0x20, 0xb3, 0x80, 0xc3, 0xc1, 0xf4, 0x63, 0xfe, 0xf4, 0xff, 0xd3, 0xff, 0xf7, 0xff, 0xaf, 0xff,
  0xa5, 0xfe, 0x80, 0xec, 0x60, 0xbb, 0xa0, 0xcb, 0x80, 0xcb, 0xe0, 0xcb, 0x80, 0xc3, 0xa0, 0x9a,
  0x80, 0x92, 0x02, 0xbc, 0x01, 0xc4, 0x21, 0xb3, 0xe2, 0xe4, 0xf3, 0xff, 0xd7, 0xf7, 0xc7, 0xfe,
  0x60, 0xcb, 0x00, 0x00, 0x00, 0xbc, 0xc6, 0xcc, 0x84, 0xdc, 0x00, 0x00, 0x00, 0x00, 0x00, 0x00,
  0x00, 0x00, 0x00, 0x00, 0x00, 0x00, 0x00, 0x00, 0x00, 0x00, 0x00, 0x00, 0x84, 0xdc, 0xc1, 0xcb,
  0x90, 0xff, 0xd6, 0xff, 0xe3, 0xe4, 0xc0, 0xb2, 0x00, 0x00, 0x00, 0x00, 0x00, 0x00, 0x00, 0x00,
  0x00, 0x00, 0x00, 0x00, 0x00, 0x00, 0x00, 0x00, 0x00, 0x00, 0x00, 0x00, 0x00, 0x00, 0x02, 0xd4,
  0x63, 0xdc, 0xb8, 0xff, 0xab, 0xfe, 0x25, 0xed, 0x03, 0xe4, 0x40, 0xfd, 0xc6, 0xcc, 0xa4, 0xcb,
  0x21, 0xdc, 0xce, 0xf6, 0x95, 0xf7, 0xed, 0xfe, 0x44, 0xed, 0x00, 0xbb, 0x00, 0x00, 0x00, 0x00,
  0x00, 0x00, 0x00, 0x00, 0x00, 0x00, 0x01, 0xd4, 0xd2, 0xff, 0xb1, 0xff, 0x50, 0xff, 0x41, 0xc3,
  0x00, 0x00, 0x00, 0x00, 0xe0, 0xff, 0xe0, 0xff, 0x40, 0xad, 0x00, 0x00, 0x00, 0x00, 0x00, 0x00,
  0x00, 0x00, 0x00, 0x00, 0x00, 0x00, 0x81, 0xc3, 0x28, 0xf6, 0xf2, 0xff, 0x4f, 0xff, 0x41, 0xe4,
  0xc1, 0xd3, 0x00, 0x00, 0x00, 0x00, 0x00, 0x00, 0x00, 0x00, 0x05, 0xd4, 0xc6, 0xcc, 0x04, 0xbc,
  0x23, 0xd4, 0x02, 0xbc, 0xa0, 0xaa, 0x00, 0x00, 0x83, 0xc3, 0xc0, 0xba, 0x63, 0xed, 0xce, 0xf6,
  0xb8, 0xf7, 0x4d, 0xee, 0xe0, 0xaa, 0x00, 0x00, 0x00, 0x00, 0x00, 0x00, 0xe0, 0xff, 0x00, 0x00,
  0x00, 0x00, 0x00, 0x00, 0x00, 0x00, 0x00, 0xc3, 0xa0, 0xcb, 0xe0, 0xa2, 0x04, 0xbc, 0x00, 0xfc,
  0x00, 0xfc, 0x00, 0x00, 0x00, 0x00, 0x00, 0xf8, 0x00, 0xf8, 0x22, 0xc3, 0x42, 0xed, 0xd2, 0xff,
  0xe8, 0xfe, 0xc0, 0xd3, 0x03, 0xd4, 0x00, 0x00, 0x84, 0xdc, 0xa0, 0xaa, 0x00, 0x84, 0x00, 0x00,
  0xa0, 0xaa, 0x04, 0xbc, 0x83, 0xc3, 0x61, 0xb3, 0xe1, 0x9a, 0xc1, 0xcb, 0x40, 0xab, 0x00, 0xa3,
  0x40, 0xab, 0x00, 0xab, 0xc0, 0xc3, 0x80, 0xdc, 0x21, 0xfe, 0xf9, 0xff, 0xfb, 0xff, 0xf8, 0xff,
  0x00, 0x00, 0x00, 0x00, 0x00, 0x00, 0x00, 0x00, 0x00, 0x00, 0x00, 0x00, 0x00, 0x00, 0x00, 0x00,
  0x00, 0x00, 0x00, 0x00, 0x00, 0x00, 0x00, 0x00, 0x00, 0x00, 0x00, 0x00, 0x00, 0x00, 0x00, 0x00,
  0x00, 0x00, 0x00, 0x00, 0x00, 0x00, 0x00, 0x00, 0x00, 0x00, 0x00, 0x00, 0x00, 0x00, 0x00, 0x00,
  0x00, 0x00, 0x00, 0xf8, 0x00, 0xf8, 0x20, 0x9b, 0x00, 0xbc, 0xa2, 0xb3, 0x82, 0xab, 0x61, 0xab,
  0x42, 0xab, 0x21, 0xab, 0x21, 0xa3, 0x01, 0xa3, 0x21, 0xa3, 0x20, 0xb3, 0xc0, 0xcb, 0xe0, 0xa2,
  0x00, 0xab, 0xa0, 0xc3, 0xc1, 0xec, 0xe2, 0xfd, 0xd3, 0xff, 0xf5, 0xff, 0xf9, 0xff, 0xb2, 0xff,
  0x01, 0xfe, 0xa0, 0xe4, 0x20, 0xab, 0x01, 0xd4, 0x20, 0xf5, 0x40, 0xdc, 0x22, 0xdc, 0x20, 0xab,
  0xc0, 0x9a, 0x03, 0xc4, 0x00, 0xd4, 0x21, 0xb3, 0x81, 0xdc, 0xd2, 0xff, 0xb5, 0xff, 0xaa, 0xfe,
  0x60, 0xc3, 0x04, 0xdc, 0x84, 0xdc, 0x00, 0xfc, 0x40, 0xad, 0x00, 0x00, 0x00, 0x00, 0x00, 0x00,
  0x00, 0x00, 0x00, 0x00, 0x00, 0x00, 0x00, 0x00, 0x00, 0x00, 0x00, 0x00, 0x03, 0xcc, 0xe2, 0xcb,
  0xd2, 0xff, 0xd4, 0xff, 0xc1, 0xe4, 0xa0, 0xb2, 0xc1, 0xcb, 0xa1, 0xdb, 0xa1, 0xd3, 0xa1, 0xd3,
  0xc1, 0xcb, 0xa0, 0xcb, 0xa1, 0xd3, 0xe1, 0xd3, 0x00, 0x00, 0x00, 0x00, 0x00, 0x00, 0x02, 0xd4,
  0x62, 0xe4, 0xf8, 0xff, 0xaa, 0xfe, 0xc3, 0xe4, 0x05, 0xd4, 0x00, 0x00, 0x05, 0xd4, 0x40, 0xfd,
  0xa1, 0xd3, 0xe4, 0xec, 0x73, 0xf7, 0x71, 0xff, 0x8b, 0xfe, 0x83, 0xdc, 0xa2, 0xcb, 0x00, 0x00,
  0xe0, 0xff, 0x00, 0x00, 0x00, 0x00, 0x01, 0xcc, 0x70, 0xff, 0x0d, 0xff, 0xab, 0xfe, 0x20, 0xbb,
  0x00, 0x00, 0x08, 0xbc, 0x00, 0x00, 0x00, 0x00, 0x00, 0x00, 0x00, 0x00, 0x00, 0x00, 0x00, 0x00,
  0x00, 0x00, 0x00, 0x00, 0x00, 0x00, 0xc1, 0xc3, 0xa6, 0xed, 0xb2, 0xff, 0xb2, 0xff, 0x60, 0xd3,
  0x80, 0xcb, 0x01, 0xe4, 0x22, 0xdc, 0xc1, 0xd3, 0x80, 0xcb, 0x20, 0xc3, 0xe0, 0xba, 0x00, 0xbb,
  0x20, 0xbb, 0x21, 0xab, 0x04, 0xbc, 0x05, 0xd4, 0x00, 0x00, 0x00, 0xbb, 0x21, 0xdc, 0x44, 0xed,
  0x97, 0xff, 0xba, 0xf7, 0x67, 0xf6, 0x20, 0xb3, 0x40, 0x9a, 0x00, 0x00, 0xa0, 0xaa, 0x00, 0x00,
  0x60, 0xb3, 0x00, 0xab, 0x00, 0xb3, 0x46, 0xe5, 0x32, 0xff, 0xe1, 0xc3, 0xa2, 0xcb, 0x00, 0xfc,
  0x00, 0x00, 0x00, 0x00, 0x00, 0xf8, 0xa0, 0xaa, 0x00, 0x84, 0x41, 0xbb, 0x64, 0xed, 0xd1, 0xff,
  0x45, 0xfe, 0xc0, 0xd3, 0x02, 0xd4, 0x00, 0x00, 0x40, 0xad, 0xa0, 0xaa, 0x00, 0x00, 0x00, 0x00,
  0x00, 0x84, 0x00, 0xd4, 0x00, 0x00, 0x03, 0xbc, 0x80, 0x8a, 0x80, 0xc3, 0x61, 0xb3, 0x80, 0x8a,
  0x20, 0xa3, 0x20, 0xab, 0x80, 0xbb, 0x00, 0xd4, 0x22, 0xfe, 0xfb, 0xff, 0xfc, 0xff, 0xf8, 0xff,
  0x00, 0x00, 0x00, 0x00, 0x00, 0x00, 0x00, 0x00, 0x00, 0x00, 0x00, 0x00, 0x00, 0x00, 0x00, 0x00,
  0x00, 0x00, 0x00, 0x00, 0x00, 0x00, 0x00, 0x00, 0x00, 0x00, 0x00, 0x00, 0x00, 0x00, 0x00, 0x00,
  0x00, 0x00, 0x00, 0x00, 0x00, 0x00, 0x00, 0x00, 0x00, 0x00, 0x00, 0x00, 0x00, 0x00, 0x00, 0x00,
  0x00, 0x00, 0x00, 0x00, 0x00, 0xf8, 0x00, 0xf8, 0xa0, 0xaa, 0x81, 0xab, 0x63, 0xab, 0x21, 0xa3,
  0x41, 0xab, 0x62, 0xb3, 0x42, 0xa3, 0x01, 0xa3, 0xe1, 0x9a, 0x20, 0xb3, 0x00, 0xab, 0x60, 0x92,
  0x00, 0xa3, 0x80, 0xc3, 0x00, 0xdc, 0x21, 0xf5, 0xd0, 0xff, 0xf4, 0xff, 0xf9, 0xff, 0x70, 0xff,
  0x60, 0xed, 0x80, 0xe4, 0xa0, 0xa2, 0x00, 0xab, 0xc0, 0xd3, 0xc0, 0xc3, 0x61, 0xbb, 0x00, 0xa3,
  0x20, 0xa3, 0x23, 0xcc, 0x02, 0xcc, 0x41, 0xbb, 0x81, 0xe4, 0xb2, 0xff, 0xb6, 0xff, 0x4d, 0xff,
  0x60, 0xc3, 0x40, 0xad, 0x00, 0x00, 0x00, 0x00, 0x00, 0x00, 0x00, 0x00, 0x00, 0x00, 0x00, 0x00,
  0x00, 0x00, 0x00, 0x00, 0x00, 0x00, 0x00, 0x00, 0x00, 0x00, 0x00, 0x00, 0x02, 0xcc, 0x43, 0xdc,
  0xf5, 0xff, 0x6c, 0xff, 0x25, 0xed, 0xc3, 0xe4, 0xc5, 0xdc, 0x63, 0xed, 0x44, 0xed, 0x45, 0xf5,
  0x25, 0xed, 0x25, 0xed, 0xe8, 0xfd, 0xe4, 0xec, 0xa2, 0xcb, 0x00, 0x00, 0x00, 0x00, 0xc2, 0xd3,
  0x01, 0xdc, 0xd8, 0xff, 0xa9, 0xfe, 0xa3, 0xe4, 0x02, 0xd4, 0x00, 0x00, 0x00, 0x00, 0x00, 0xfc,
  0x00, 0x00, 0x81, 0xcb, 0x28, 0xf6, 0x50, 0xff, 0xd7, 0xf7, 0xb4, 0xf7, 0x01, 0xdc, 0x40, 0xbb,
  0x00, 0x00, 0x00, 0x00, 0x00, 0x00, 0xc1, 0xcb, 0x6f, 0xff, 0x6f, 0xff, 0x8a, 0xfe, 0x20, 0xc3,
  0x00, 0x00, 0xe0, 0xff, 0xe0, 0xff, 0x00, 0x00, 0x00, 0x00, 0xe0, 0xff, 0x00, 0x00, 0x00, 0x00,
  0x00, 0x00, 0x00, 0xfc, 0x00, 0x00, 0xa1, 0xc3, 0x85, 0xed, 0x73, 0xf7, 0x53, 0xff, 0x02, 0xdc,
  0x02, 0xd4, 0x26, 0xed, 0xe5, 0xec, 0xa5, 0xe4, 0xc4, 0xe4, 0xc3, 0xe4, 0x83, 0xec, 0x85, 0xf5,
  0x45, 0xed, 0x00, 0xb3, 0x00, 0x00, 0x00, 0x00, 0xe0, 0xff, 0x00, 0x00, 0xa0, 0xcb, 0x00, 0xdc,
  0x6a, 0xf6, 0xb8, 0xff, 0xfa, 0xf7, 0x6c, 0xf6, 0x41, 0xcc, 0x80, 0xc3, 0xa0, 0xcb, 0xe1, 0xcb,
  0x01, 0xdc, 0x05, 0xed, 0xee, 0xfe, 0xd7, 0xff, 0xfb, 0xff, 0x03, 0xe5, 0xa2, 0xbb, 0x00, 0x00,
  0x00, 0x00, 0x00, 0x00, 0x00, 0xf8, 0x00, 0x00, 0x64, 0xb3, 0xc3, 0xc3, 0xe7, 0xed, 0xd6, 0xf7,
  0xc7, 0xfe, 0x00, 0xd4, 0xe1, 0xcb, 0x00, 0x00, 0x00, 0x00, 0x00, 0xf8, 0x00, 0x84, 0x00, 0x00,
  0x00, 0x00, 0x20, 0xcb, 0x00, 0xfc, 0xc2, 0xbb, 0x40, 0x82, 0xc0, 0xcb, 0x61, 0xab, 0x00, 0x72,
  0xc0, 0x92, 0x00, 0xab, 0x00, 0xab, 0x20, 0xd4, 0x63, 0xfe, 0xfa, 0xff, 0xfc, 0xff, 0xf9, 0xff,
  0x00, 0x00, 0x00, 0x00, 0x00, 0x00, 0x00, 0x00, 0x00, 0x00, 0x00, 0x00, 0x00, 0x00, 0x00, 0x00,
  0x00, 0x00, 0x00, 0x00, 0x00, 0x00, 0x00, 0x00, 0x00, 0x00, 0x00, 0x00, 0x00, 0x00, 0x00, 0x00,
  0x00, 0x00, 0x00, 0x00, 0x00, 0x00, 0x00, 0x00, 0x00, 0x00, 0x00, 0x00, 0x00, 0x00, 0x00, 0x00,
  0x00, 0x00, 0x00, 0x00, 0x00, 0x00, 0x00, 0x84, 0x00, 0x84, 0x23, 0xb3, 0x42, 0xab, 0x42, 0xab,
  0x42, 0xab, 0x62, 0xab, 0x21, 0xa3, 0x21, 0x9b, 0x41, 0xab, 0x00, 0xa3, 0x61, 0xbb, 0x00, 0xab,
  0x00, 0xab, 0xc0, 0xcb, 0xe0, 0xcb, 0x81, 0xf5, 0xd3, 0xff, 0xd3, 0xff, 0x95, 0xff, 0xd3, 0xff,
  0xe7, 0xfe, 0x81, 0xf5, 0x00, 0xb3, 0x40, 0x9a, 0x00, 0xbb, 0x20, 0xab, 0x21, 0xab, 0xa0, 0x92,
  0xe0, 0xa2, 0x02, 0xc4, 0x02, 0xc4, 0x00, 0xab, 0x61, 0xe4, 0x09, 0xff, 0xb4, 0xff, 0x4a, 0xff,
  0x40, 0xbb, 0x42, 0xdc, 0x00, 0x00, 0x00, 0x00, 0x00, 0x00, 0x00, 0x00, 0x00, 0x00, 0x00, 0x00,
  0x00, 0x00, 0x00, 0x00, 0x00, 0x00, 0x00, 0x00, 0x00, 0x00, 0x00, 0x00, 0x03, 0xcc, 0xa5, 0xe4,
  0xf6, 0xff, 0xf9, 0xff, 0xf9, 0xff, 0xf8, 0xff, 0xda, 0xef, 0xf4, 0xff, 0xf3, 0xff, 0xf3, 0xff,
  0xf3, 0xff, 0xf3, 0xff, 0xf8, 0xff, 0x27, 0xf6, 0x40, 0xbb, 0x00, 0x00, 0x00, 0x00, 0x62, 0xc3,
  0x21, 0xdc, 0xd8, 0xf7, 0xea, 0xfe, 0x02, 0xed, 0xe3, 0xcb, 0x00, 0x00, 0x00, 0x00, 0x00, 0x00,
  0x00, 0x00, 0x03, 0xdc, 0x01, 0xd4, 0x6b, 0xfe, 0xd4, 0xff, 0xf4, 0xff, 0x27, 0xfe, 0xa0, 0xaa,
  0x03, 0xcc, 0x00, 0x00, 0x00, 0x00, 0xc2, 0xcb, 0x71, 0xf7, 0xf8, 0xff, 0x0d, 0xff, 0x00, 0xbb,
  0x00, 0x00, 0x40, 0xad, 0x00, 0x00, 0x00, 0x00, 0x00, 0x00, 0x00, 0x00, 0x00, 0x00, 0x00, 0x00,
  0x00, 0x00, 0xe0, 0xff, 0x00, 0x00, 0xc2, 0xc3, 0xa6, 0xed, 0xd3, 0xff, 0xb0, 0xff, 0x92, 0xff,
  0x93, 0xff, 0xd5, 0xff, 0xd5, 0xff, 0xd6, 0xff, 0xb7, 0xf7, 0xd8, 0xff, 0xf8, 0xff, 0xfa, 0xff,
  0xef, 0xf6, 0x80, 0x9a, 0x00, 0xf8, 0x00, 0x00, 0x00, 0xf8, 0x00, 0x00, 0x00, 0x00, 0x61, 0xbb,
  0x80, 0xcb, 0xc7, 0xed, 0xb7, 0xf7, 0xdb, 0xf7, 0x78, 0xf7, 0x0f, 0xff, 0x4c, 0xff, 0xaf, 0xff,
  0xd2, 0xff, 0xf6, 0xff, 0xf8, 0xff, 0x96, 0xff, 0x88, 0xfe, 0x02, 0xcc, 0x20, 0xcb, 0x00, 0x00,
  0x00, 0x00, 0x00, 0x00, 0x00, 0x00, 0x00, 0x00, 0x83, 0xc3, 0x82, 0xbb, 0xc7, 0xed, 0xf6, 0xff,
  0x6b, 0xff, 0x82, 0xdc, 0xc1, 0xd3, 0x00, 0x00, 0x00, 0xf8, 0x00, 0xac, 0x00, 0x84, 0x00, 0x00,
  0x00, 0x00, 0x00, 0xf8, 0xa2, 0xbb, 0xa2, 0xb3, 0x80, 0x8a, 0x00, 0xdc, 0xa0, 0x92, 0x40, 0x7a,
  0x40, 0xab, 0xe1, 0xcb, 0x01, 0xd4, 0xc0, 0xec, 0xc9, 0xfe, 0xda, 0xff, 0xfa, 0xff, 0xf8, 0xff,
  0x00, 0x00, 0x00, 0x00, 0x00, 0x00, 0x00, 0x00, 0x00, 0x00, 0x00, 0x00, 0x00, 0x00, 0x00, 0x00,
  0x00, 0x00, 0x00, 0x00, 0x00, 0x00, 0x00, 0x00, 0x00, 0x00, 0x00, 0x00, 0x00, 0x00, 0x00, 0x00,
  0x00, 0x00, 0x00, 0x00, 0x00, 0x00, 0x00, 0x00, 0x00, 0x00, 0x00, 0x00, 0x00, 0x00, 0x00, 0x00,
  0x00, 0x00, 0x00, 0x00, 0x00, 0x00, 0x00, 0x00, 0x00, 0x00, 0x00, 0xf8, 0x82, 0xab, 0x62, 0xb3,
  0x42, 0xab, 0x62, 0xb3, 0x61, 0xa3, 0x01, 0xa3, 0x82, 0xb3, 0x80, 0x8a, 0xc0, 0x9a, 0xe0, 0xa2,
  0x00, 0xab, 0x40, 0xe4, 0x00, 0xf5, 0x21, 0xfe, 0xf6, 0xf7, 0xf5, 0xff, 0xf6, 0xff, 0xf4, 0xff,
  0xd3, 0xff, 0xc0, 0xfd, 0xc0, 0xa2, 0x20, 0x82, 0xe0, 0xaa, 0x20, 0xab, 0x21, 0xa3, 0x40, 0x82,
  0xa0, 0x9a, 0xc2, 0xc3, 0xe2, 0xc3, 0x20, 0xab, 0x62, 0xdc, 0x80, 0xe4, 0xa2, 0xfd, 0x26, 0xf6,
  0xc1, 0xcb, 0xc0, 0xcc, 0x00, 0x00, 0x00, 0x00, 0x00, 0x00, 0x00, 0x00, 0x00, 0x00, 0x00, 0x00,
  0x00, 0x00, 0x00, 0x00, 0x00, 0x00, 0x00, 0x00, 0x00, 0x00, 0xe0, 0xff, 0xc3, 0xcb, 0xe3, 0xcb,
  0x30, 0xf7, 0xed, 0xf6, 0x47, 0xf6, 0xab, 0xfe, 0xca, 0xfe, 0x50, 0xff, 0x2f, 0xff, 0x6f, 0xff,
  0x4f, 0xff, 0xb2, 0xff, 0xf4, 0xff, 0xe3, 0xdc, 0xe0, 0xb2, 0x00, 0xfc, 0x00, 0x00, 0x41, 0xbb,
  0x45, 0xed, 0x72, 0xff, 0x4e, 0xff, 0xa4, 0xf5, 0x44, 0xdc, 0x00, 0x00, 0x00, 0x00, 0x00, 0xfc,
  0x00, 0x00, 0x00, 0xfc, 0x41, 0xc3, 0x02, 0xd4, 0xef, 0xf6, 0xc6, 0xe5, 0x26, 0xf6, 0xe0, 0xc2,
  0x40, 0xbb, 0x00, 0xfc, 0x83, 0xc3, 0xa1, 0xd3, 0x28, 0xee, 0xf3, 0xff, 0x89, 0xf6, 0x61, 0xc3,
  0x00, 0x00, 0x00, 0xfc, 0x00, 0x00, 0x00, 0x00, 0x00, 0x00, 0x00, 0x00, 0x00, 0x00, 0x00, 0x00,
  0x00, 0x00, 0xe0, 0xff, 0x00, 0xf8, 0xc2, 0xc3, 0x45, 0xe5, 0xe7, 0xed, 0x89, 0xf6, 0xcc, 0xfe,
  0x6b, 0xfe, 0x4a, 0xf6, 0xcc, 0xfe, 0xec, 0xfe, 0x0f, 0xff, 0x31, 0xf7, 0xcd, 0xf6, 0x72, 0xff,
  0x68, 0xdd, 0xa0, 0xa2, 0x20, 0xcb, 0x00, 0x00, 0x00, 0x00, 0x00, 0x00, 0x20, 0xcb, 0x00, 0x00,
  0x01, 0xb3, 0xc0, 0xb2, 0x01, 0xd4, 0x4d, 0xf6, 0xb7, 0xff, 0x31, 0xff, 0x73, 0xff, 0x32, 0xff,
  0x8b, 0xf6, 0xa5, 0xed, 0xc3, 0xe4, 0x01, 0xdc, 0xe0, 0xaa, 0x00, 0xa3, 0x00, 0x00, 0x00, 0x00,
  0x00, 0x00, 0x00, 0x00, 0x00, 0xf8, 0x00, 0x00, 0x05, 0xac, 0x64, 0xcc, 0xc1, 0xdc, 0x45, 0xe5,
  0x61, 0xed, 0x20, 0xd4, 0x02, 0xd4, 0x00, 0x00, 0x00, 0xf8, 0x00, 0x84, 0x00, 0xf8, 0x00, 0x00,
  0x00, 0x00, 0x64, 0xb3, 0x03, 0xb4, 0x02, 0xbc, 0xa0, 0x8a, 0xe0, 0xf4, 0xe0, 0xa2, 0x40, 0xab,
  0xa0, 0xbb, 0xa0, 0xc3, 0x80, 0xdc, 0x20, 0xf5, 0x4f, 0xff, 0xfb, 0xff, 0xfa, 0xff, 0xf8, 0xff,
  0x00, 0x00, 0x00, 0x00, 0x00, 0x00, 0x00, 0x00, 0x00, 0x00, 0x00, 0x00, 0x00, 0x00, 0x00, 0x00,
  0x00, 0x00, 0x00, 0x00, 0x00, 0x00, 0x00, 0x00, 0x00, 0x00, 0x00, 0x00, 0x00, 0x00, 0x00, 0x00,
  0x00, 0x00, 0x00, 0x00, 0x00, 0x00, 0x00, 0x00, 0x00, 0x00, 0x00, 0x00, 0x00, 0x00, 0x00, 0x00,
  0x00, 0x00, 0x00, 0x00, 0x00, 0x00, 0x00, 0xf8, 0xa0, 0xaa, 0x00, 0x84, 0x41, 0xab, 0x21, 0xa3,
  0x41, 0xa3, 0x41, 0xa3, 0x22, 0xa3, 0x42, 0xa3, 0x82, 0xb3, 0xa0, 0x92, 0x60, 0x8a, 0x60, 0x8a,
  0xe0, 0xa2, 0x41, 0xdc, 0xa0, 0xe4, 0x01, 0xfe, 0xb2, 0xf7, 0xd4, 0xff, 0xf5, 0xff, 0xd0, 0xff,
  0xb2, 0xff, 0x01, 0xfe, 0xc0, 0xa2, 0x80, 0x9a, 0xc0, 0xa2, 0xe0, 0x9a, 0x21, 0xab, 0x60, 0x92,
  0x41, 0xb3, 0xc2, 0xbb, 0xc2, 0xc3, 0xe3, 0xc3, 0x62, 0xdc, 0x60, 0xa2, 0xc0, 0xba, 0x20, 0xb3,
  0xc1, 0xcb, 0x00, 0x00, 0x00, 0x00, 0x00, 0x00, 0x00, 0x00, 0x00, 0x00, 0x00, 0x00, 0x00, 0x00,
  0x00, 0x00, 0x00, 0x00, 0x00, 0x00, 0x00, 0x00, 0x00, 0x00, 0x00, 0x00, 0x00, 0xbc, 0x00, 0xbb,
  0xc1, 0xcb, 0x80, 0xcb, 0x20, 0xbb, 0x60, 0xc3, 0x40, 0xc3, 0x00, 0xcb, 0x20, 0xc3, 0x00, 0xc3,
  0xc0, 0xba, 0xc0, 0xba, 0xc0, 0xba, 0x61, 0xc3, 0x03, 0xd4, 0xc0, 0xcc, 0x00, 0x00, 0x22, 0xb3,
  0xc2, 0xcb, 0x82, 0xc3, 0x60, 0xbb, 0x61, 0xb3, 0x82, 0xcb, 0x00, 0x00, 0x00, 0x00, 0x00, 0x00,
  0x00, 0xfc, 0x00, 0x00, 0x63, 0xe4, 0x82, 0xc3, 0x41, 0xbb, 0x00, 0xb3, 0x02, 0xcc, 0x61, 0xc3,
  0x80, 0x9a, 0x05, 0xac, 0xa2, 0xc3, 0x60, 0xbb, 0x01, 0xd4, 0x23, 0xe5, 0x61, 0xdc, 0x82, 0xc3,
  0x00, 0x00, 0x00, 0x00, 0x00, 0x00, 0x00, 0x00, 0x00, 0x00, 0x00, 0x00, 0x00, 0x00, 0x00, 0x00,
  0x00, 0x00, 0x00, 0x00, 0x00, 0x00, 0x43, 0xd4, 0x25, 0xe5, 0x80, 0xb2, 0xa0, 0xb2, 0x00, 0xbb,
  0x00, 0xb3, 0x40, 0xc3, 0x40, 0xcb, 0x60, 0xcb, 0x80, 0xd3, 0xe1, 0xd3, 0x00, 0xd4, 0x00, 0xcc,
  0x20, 0xb3, 0x80, 0x92, 0xa0, 0xaa, 0x00, 0xac, 0x00, 0x00, 0x00, 0x00, 0x26, 0xcb, 0x00, 0x00,
  0x00, 0x00, 0x00, 0x84, 0x60, 0x9a, 0xa0, 0xa2, 0x80, 0xb3, 0x60, 0xb3, 0x61, 0xcb, 0x60, 0xc3,
  0xa0, 0xb2, 0x60, 0xaa, 0x80, 0xa2, 0x80, 0x9a, 0xa2, 0xa2, 0xa0, 0xaa, 0x00, 0x00, 0x00, 0x00,
  0x00, 0x00, 0x00, 0x00, 0x00, 0x00, 0x00, 0x84, 0x00, 0xac, 0x00, 0xfc, 0x41, 0xc3, 0x81, 0xbb,
  0x80, 0xc3, 0x60, 0xb3, 0x00, 0xd4, 0x00, 0xbc, 0x00, 0xbc, 0x00, 0x00, 0x00, 0x00, 0x00, 0x00,
  0x00, 0x00, 0x00, 0xbc, 0x02, 0xb4, 0x82, 0xb3, 0x60, 0x8a, 0xe1, 0xec, 0xc0, 0x92, 0x61, 0xab,
  0xa0, 0xb3, 0x20, 0xab, 0x41, 0xd4, 0xa0, 0xe4, 0xc8, 0xfe, 0xfb, 0xff, 0xfb, 0xff, 0xf9, 0xff,
  0x00, 0x00, 0x00, 0x00, 0x00, 0x00, 0x00, 0x00, 0x00, 0x00, 0x00, 0x00, 0x00, 0x00, 0x00, 0x00,
  0x00, 0x00, 0x00, 0x00, 0x00, 0x00, 0x00, 0x00, 0x00, 0x00, 0x00, 0x00, 0x00, 0x00, 0x00, 0x00,
  0x00, 0x00, 0x00, 0x00, 0x00, 0x00, 0x00, 0x00, 0x00, 0x00, 0x00, 0x84, 0x00, 0xf8, 0x00, 0x00,
  0x00, 0x00, 0x20, 0x9b, 0x04, 0x9b, 0x64, 0x93, 0x22, 0xab, 0x61, 0xab, 0x41, 0xab, 0x42, 0xa3,
  0x42, 0xab, 0x21, 0xa3, 0x21, 0xa3, 0x62, 0xab, 0x82, 0xab, 0x20, 0xab, 0x01, 0xab, 0x60, 0x92,
  0xe0, 0xaa, 0x00, 0xd4, 0x00, 0xe4, 0xe2, 0xf5, 0xb0, 0xff, 0xd6, 0xff, 0xf6, 0xff, 0xf7, 0xff,
  0xc8, 0xfe, 0x62, 0xe5, 0xa1, 0xcb, 0x80, 0x92, 0x20, 0x82, 0xa0, 0xc3, 0x80, 0xbb, 0x60, 0x8a,
  0xe0, 0xa2, 0x60, 0xb3, 0x00, 0x84, 0x60, 0xb3, 0x40, 0xb3, 0xe3, 0xe4, 0x00, 0xab, 0x80, 0xa2,
  0xa2, 0xc3, 0x40, 0xad, 0x02, 0xbc, 0x00, 0xfc, 0x84, 0xdc, 0x00, 0x00, 0x00, 0x00, 0x00, 0x00,
  0x00, 0x00, 0x00, 0x00, 0x00, 0x00, 0x00, 0x00, 0x00, 0x00, 0x00, 0x00, 0x00, 0x00, 0x00, 0xbc,
  0x04, 0xbc, 0xc1, 0xc3, 0xa2, 0xc3, 0xa2, 0xbb, 0x02, 0xbc, 0x04, 0xbc, 0x42, 0xd4, 0x03, 0xcc,
  0x02, 0xcc, 0x02, 0xc4, 0x03, 0xcc, 0xc3, 0xc3, 0x40, 0xad, 0x00, 0xfc, 0xe0, 0xff, 0x00, 0x00,
  0x02, 0xc4, 0xa3, 0xbb, 0xa3, 0xbb, 0xa3, 0xbb, 0x00, 0xfc, 0xe0, 0xff, 0x00, 0x00, 0x00, 0x00,
  0x00, 0x00, 0xe0, 0xff, 0x00, 0xfc, 0x03, 0xcc, 0x02, 0xbc, 0x42, 0xd4, 0x04, 0xbc, 0x04, 0xbc,
  0x00, 0x00, 0x00, 0x00, 0x00, 0x00, 0x20, 0xcb, 0xc2, 0xbb, 0x62, 0xcb, 0x05, 0xd4, 0x00, 0x00,
  0x00, 0x00, 0x00, 0x00, 0x00, 0x00, 0x00, 0x00, 0x00, 0x00, 0x00, 0x00, 0x00, 0x00, 0x00, 0x00,
  0x00, 0x00, 0x00, 0x00, 0x00, 0x00, 0x00, 0x00, 0xa0, 0xaa, 0x83, 0xc3, 0x04, 0xbc, 0x20, 0xcb,
  0xa0, 0xaa, 0xa0, 0xaa, 0x00, 0xf8, 0x00, 0xfc, 0x00, 0x00, 0x20, 0xcb, 0x00, 0x00, 0x00, 0x00,
  0x00, 0x00, 0x00, 0x00, 0x00, 0xf8, 0x00, 0x00, 0x00, 0x00, 0x00, 0x00, 0x00, 0x00, 0x00, 0x00,
  0x00, 0x00, 0x00, 0x00, 0x20, 0xcb, 0x82, 0xab, 0xe1, 0xaa, 0xa2, 0xbb, 0x81, 0xbb, 0xa2, 0xbb,
  0x82, 0xbb, 0x61, 0xb3, 0x42, 0xb3, 0x02, 0xbc, 0xc0, 0xcc, 0x00, 0x00, 0x00, 0x00, 0x00, 0x00,
  0x00, 0x00, 0x00, 0x00, 0x00, 0x00, 0x00, 0x00, 0x00, 0x00, 0x04, 0xbc, 0x41, 0xb3, 0x21, 0xb3,
  0x42, 0xab, 0x41, 0xb3, 0x00, 0x00, 0x00, 0xf8, 0x00, 0xf8, 0x00, 0xac, 0x00, 0xf8, 0x00, 0xf8,
  0xa0, 0xaa, 0xc2, 0xb3, 0x81, 0xbb, 0xe0, 0x9a, 0xa0, 0x61, 0x00, 0xab, 0x60, 0x82, 0x00, 0x9b,
  0xa0, 0xc3, 0x00, 0xbc, 0x80, 0xd4, 0x20, 0xed, 0x93, 0xff, 0xfb, 0xff, 0xf9, 0xff, 0xfd, 0xff,
  0x00, 0x00, 0x00, 0x00, 0x00, 0x00, 0x00, 0x00, 0x00, 0x00, 0x00, 0x00, 0x00, 0x00, 0x00, 0x00,
  0x00, 0x00, 0x00, 0x00, 0x00, 0x00, 0x00, 0x00, 0x00, 0x00, 0x00, 0x00, 0x00, 0x00, 0x00, 0x00,
  0x00, 0x00, 0x00, 0x00, 0x00, 0x00, 0x00, 0x00, 0x00, 0x84, 0x00, 0x00, 0x00, 0x00, 0x00, 0x84,
  0x00, 0xf8, 0x64, 0x93, 0x22, 0x9b, 0xa2, 0xa3, 0xa2, 0xa3, 0x22, 0xab, 0x42, 0xab, 0x63, 0xab,
  0x62, 0xab, 0x61, 0xab, 0x62, 0xab, 0x62, 0xb3, 0x62, 0xab, 0x20, 0xab, 0x40, 0xb3, 0x00, 0x82,
  0xe0, 0xa2, 0x40, 0xdc, 0x20, 0xe4, 0x21, 0xfe, 0x4b, 0xff, 0xd5, 0xff, 0xf7, 0xff, 0xf7, 0xff,
  0x6d, 0xff, 0xa6, 0xfe, 0xc0, 0xd3, 0xa0, 0x8a, 0xa0, 0x8a, 0x80, 0xbb, 0x80, 0xbb, 0xc0, 0x9a,
  0x01, 0xa3, 0x20, 0xab, 0x81, 0xab, 0x20, 0xab, 0x40, 0xab, 0xc2, 0xbb, 0x41, 0xb3, 0x60, 0x92,
  0xa2, 0xbb, 0x00, 0xfc, 0x20, 0xcb, 0xa0, 0xaa, 0x00, 0x00, 0x00, 0x00, 0x00, 0x00, 0x00, 0x00,
  0x00, 0x00, 0x00, 0x00, 0x00, 0x00, 0x00, 0x00, 0x00, 0x00, 0x00, 0x00, 0x00, 0x00, 0x00, 0x00,
  0x00, 0x00, 0x00, 0x00, 0x00, 0x00, 0x00, 0x00, 0xe0, 0xff, 0x00, 0xfc, 0x00, 0x00, 0x00, 0xfc,
  0xe0, 0xff, 0x00, 0x00, 0x00, 0x00, 0x00, 0x00, 0x00, 0x00, 0x00, 0x00, 0x00, 0x00, 0x00, 0xfc,
  0x00, 0xfc, 0x40, 0xad, 0x00, 0xbc, 0xe0, 0xff, 0xe0, 0xff, 0x00, 0x00, 0x00, 0x00, 0x00, 0x00,
  0x00, 0x00, 0x00, 0x00, 0x00, 0x00, 0x00, 0x00, 0x00, 0xfc, 0xe0, 0xff, 0x00, 0x00, 0x00, 0x00,
  0x00, 0x00, 0x00, 0x00, 0x00, 0x00, 0x00, 0x00, 0x00, 0xfc, 0x00, 0x00, 0x00, 0x00, 0x00, 0x00,
  0x00, 0x00, 0x00, 0x00, 0x00, 0x00, 0x00, 0x00, 0x00, 0x00, 0x00, 0x00, 0x00, 0x00, 0x00, 0x00,
  0x00, 0x00, 0x00, 0x00, 0x00, 0x00, 0x00, 0x00, 0x00, 0x00, 0xe0, 0xff, 0x00, 0x00, 0xe0, 0xff,
  0xe0, 0xff, 0x00, 0x00, 0x00, 0x00, 0x00, 0x00, 0x00, 0x00, 0x00, 0xf8, 0x00, 0x00, 0x00, 0x00,
  0x00, 0x00, 0x00, 0x00, 0x00, 0x00, 0x00, 0x00, 0x00, 0x00, 0x00, 0x00, 0x00, 0x00, 0x00, 0x00,
  0x00, 0x00, 0x00, 0x00, 0x00, 0x00, 0x00, 0x00, 0x00, 0x00, 0x00, 0x84, 0x00, 0x00, 0x00, 0x00,
  0x00, 0x00, 0x00, 0x00, 0x00, 0x00, 0x00, 0x00, 0x00, 0x84, 0x00, 0x00, 0x00, 0x00, 0x00, 0x00,
  0x00, 0xf8, 0x00, 0x00, 0x00, 0x00, 0x00, 0x00, 0x00, 0x00, 0x00, 0x00, 0x00, 0x00, 0x00, 0x84,
  0x00, 0x84, 0x00, 0xf8, 0x00, 0x00, 0x00, 0x00, 0x00, 0x84, 0x04, 0xbc, 0x20, 0xcb, 0x00, 0xbc,
  0x00, 0xac, 0xa2, 0xcb, 0x02, 0xcc, 0xe0, 0xa2, 0x40, 0xa3, 0x20, 0xa3, 0x40, 0x82, 0x20, 0xa3,
  0xc0, 0xc3, 0x01, 0xc4, 0x60, 0xd4, 0x60, 0xf5, 0xb1, 0xff, 0xfe, 0xff, 0xda, 0xff, 0xfc, 0xff,
  0x00, 0x00, 0x00, 0x00, 0x00, 0x00, 0x00, 0x00, 0x00, 0x00, 0x00, 0x00, 0x00, 0x00, 0x00, 0x00,
  0x00, 0x00, 0x00, 0x00, 0x00, 0x00, 0x00, 0x00, 0x00, 0x00, 0x00, 0x00, 0x00, 0x00, 0x00, 0x00,
  0x00, 0x00, 0x00, 0x00, 0x00, 0x00, 0x00, 0x00, 0x00, 0x00, 0x00, 0x00, 0x00, 0xf8, 0x00, 0xf8,
  0x00, 0x00, 0x20, 0x9b, 0x20, 0x9b, 0x00, 0xf8, 0x02, 0x9b, 0x00, 0xf8, 0x20, 0x9b, 0x05, 0xac,
  0x22, 0xab, 0x42, 0xab, 0x42, 0xab, 0x61, 0xab, 0x62, 0xab, 0x21, 0xab, 0x60, 0xb3, 0x00, 0x7a,
  0x80, 0x8a, 0x00, 0xd4, 0x00, 0xdc, 0xc1, 0xfd, 0x29, 0xff, 0xf3, 0xff, 0xf8, 0xff, 0xf7, 0xff,
  0xae, 0xff, 0x02, 0xed, 0x40, 0xcb, 0x81, 0xb3, 0x20, 0x7a, 0xc0, 0x92, 0x20, 0xab, 0xc0, 0xa2,
  0xe0, 0xa2, 0x00, 0xab, 0x01, 0xbc, 0x60, 0xbb, 0x60, 0xb3, 0x00, 0xab, 0x61, 0xdc, 0xe1, 0xa2,
  0x82, 0xb3, 0x00, 0x00, 0x03, 0xcc, 0x00, 0xfc, 0x00, 0xfc, 0x00, 0x00, 0x00, 0x00, 0x00, 0x00,
  0x00, 0x00, 0x00, 0x00, 0x00, 0x00, 0x00, 0x00, 0x00, 0x00, 0x00, 0x00, 0x00, 0x00, 0x00, 0x00,
  0x00, 0x00, 0x00, 0x00, 0x00, 0x00, 0x00, 0x00, 0x00, 0x00, 0x00, 0x00, 0x00, 0x00, 0x00, 0x00,
  0x00, 0x00, 0x00, 0x00, 0x00, 0x00, 0x00, 0x00, 0x00, 0x00, 0x00, 0x00, 0x00, 0x00, 0x00, 0x00,
  0x00, 0x00, 0xe0, 0xff, 0x00, 0x00, 0x00, 0x00, 0x00, 0x00, 0x00, 0x00, 0x00, 0x00, 0x00, 0x00,
  0x00, 0x00, 0x00, 0x00, 0x00, 0x00, 0x00, 0x00, 0xe0, 0xff, 0x00, 0x00, 0x00, 0x00, 0x00, 0x00,
  0x00, 0x00, 0x00, 0x00, 0x00, 0x00, 0x00, 0x00, 0x00, 0xfc, 0x00, 0x00, 0x00, 0x00, 0x00, 0x00,
  0x00, 0x00, 0x00, 0x00, 0x00, 0x00, 0x00, 0xf8, 0x00, 0x00, 0x00, 0x00, 0x00, 0x00, 0x00, 0x00,
  0x00, 0x00, 0x00, 0x00, 0x00, 0x00, 0x00, 0x00, 0x00, 0x00, 0x00, 0x00, 0x00, 0x00, 0x00, 0x00,
  0x00, 0x00, 0x00, 0x00, 0x00, 0x00, 0x00, 0x00, 0x00, 0x00, 0x00, 0x00, 0x00, 0x00, 0x00, 0x00,
  0x00, 0x00, 0x00, 0x00, 0x00, 0x00, 0x00, 0x00, 0x00, 0x00, 0x00, 0x00, 0x00, 0x00, 0x00, 0x00,
  0x00, 0x00, 0x00, 0x00, 0x00, 0x00, 0x00, 0x00, 0x00, 0x00, 0x00, 0x00, 0x00, 0xbc, 0x00, 0x00,
  0x00, 0x00, 0x00, 0x00, 0x00, 0x00, 0x00, 0x00, 0x00, 0x00, 0x00, 0x00, 0x00, 0x00, 0x00, 0x00,
  0x00, 0x00, 0x00, 0x00, 0x00, 0x00, 0x00, 0x00, 0x00, 0x00, 0x00, 0x00, 0x00, 0x84, 0x00, 0x00,
  0x00, 0x84, 0x00, 0x00, 0x00, 0x00, 0x00, 0x00, 0x00, 0x00, 0x00, 0xf8, 0x20, 0xcb, 0x00, 0x00,
  0x00, 0x00, 0x01, 0xcc, 0x21, 0xab, 0x60, 0xb3, 0x01, 0xed, 0x00, 0xab, 0xe0, 0x9a, 0x00, 0xa3,
  0xc0, 0xc3, 0x00, 0xc4, 0x40, 0xdc, 0xe1, 0xf5, 0xf3, 0xff, 0xff, 0xff, 0xf9, 0xff, 0xfb, 0xff,
  0x00, 0x00, 0x00, 0x00, 0x00, 0x00, 0x00, 0x00, 0x00, 0x00, 0x00, 0x00, 0x00, 0x00, 0x00, 0x00,
  0x00, 0x00, 0x00, 0x00, 0x00, 0x00, 0x00, 0x00, 0x00, 0x00, 0x00, 0x00, 0x00, 0x00, 0x00, 0x00,
  0x00, 0x00, 0x00, 0x00, 0x00, 0x00, 0x00, 0x00, 0x00, 0x00, 0x00, 0x84, 0xa0, 0xaa, 0x00, 0x84,
  0x00, 0x84, 0xe2, 0x8a, 0xa2, 0x82, 0x02, 0x93, 0x03, 0x9b, 0x23, 0xb3, 0x23, 0xb3, 0x62, 0xa3,
  0xa2, 0xb3, 0x62, 0xab, 0x41, 0xab, 0x42, 0xab, 0x62, 0xab, 0xe0, 0xa2, 0x61, 0xb3, 0x60, 0x8a,
  0x60, 0x8a, 0x80, 0xc3, 0xe0, 0xd3, 0xa1, 0xec, 0x4d, 0xff, 0xd2, 0xff, 0xf7, 0xff, 0xf7, 0xff,
  0xf4, 0xff, 0x41, 0xed, 0x60, 0xe4, 0x22, 0xdc, 0x60, 0x8a, 0x80, 0x8a, 0x80, 0xc3, 0x00, 0xa3,
  0x20, 0xab, 0x20, 0xab, 0x82, 0xbb, 0x41, 0xb3, 0x40, 0xb3, 0x22, 0xcc, 0x24, 0xed, 0x20, 0x8a,
  0xe0, 0xa2, 0x00, 0x00, 0x20, 0xcb, 0x00, 0x00, 0x00, 0xf8, 0x00, 0x00, 0x00, 0x00, 0x00, 0x00,
  0x00, 0x00, 0x00, 0x00, 0x00, 0x00, 0x00, 0x00, 0x00, 0x00, 0x00, 0x00, 0x00, 0x00, 0x00, 0x00,
  0x00, 0x00, 0x00, 0x00, 0x00, 0x00, 0x00, 0x00, 0x00, 0x00, 0x00, 0x00, 0x00, 0x00, 0x00, 0x00,
  0x00, 0x00, 0x00, 0x00, 0x00, 0x00, 0x00, 0x00, 0x00, 0x00, 0x00, 0x00, 0x00, 0x00, 0x00, 0x00,
  0x00, 0x00, 0x00, 0x00, 0x00, 0x00, 0xe0, 0xff, 0xe0, 0xff, 0x00, 0x00, 0x00, 0x00, 0x00, 0x00,
  0x00, 0x00, 0x00, 0x00, 0x00, 0x00, 0x00, 0x00, 0x00, 0x00, 0x00, 0x00, 0x00, 0x00, 0x00, 0x00,
  0x00, 0x00, 0x00, 0x00, 0x00, 0x00, 0x00, 0x00, 0x00, 0x00, 0x00, 0x00, 0x00, 0x00, 0x00, 0x00,
  0x00, 0x00, 0x00, 0x00, 0x00, 0x00, 0x00, 0x00, 0x00, 0x00, 0x00, 0x00, 0x00, 0x00, 0x00, 0x00,
  0x00, 0x00, 0x00, 0x00, 0x00, 0x00, 0x00, 0x00, 0x00, 0xf8, 0x00, 0x00, 0x00, 0x00, 0x00, 0x00,
  0x00, 0x00, 0x00, 0x00, 0x00, 0x00, 0x00, 0x00, 0x00, 0x00, 0x00, 0x00, 0x00, 0x00, 0x00, 0x00,
  0x00, 0x00, 0x00, 0x00, 0x00, 0x00, 0x00, 0x00, 0x00, 0x00, 0x00, 0x00, 0x00, 0x00, 0x00, 0x00,
  0x00, 0x00, 0x00, 0x00, 0x00, 0x00, 0x00, 0x00, 0x00, 0x00, 0x00, 0xf8, 0x00, 0x00, 0x00, 0xf8,
  0x00, 0x00, 0x00, 0x00, 0x00, 0x00, 0x00, 0x00, 0x00, 0x00, 0x00, 0x00, 0x00, 0x00, 0x00, 0x00,
  0x00, 0x00, 0x00, 0x00, 0x00, 0x00, 0x00, 0x00, 0x00, 0x00, 0x00, 0xf8, 0x00, 0x84, 0x00, 0xf8,
  0x00, 0xf8, 0x00, 0xbc, 0x00, 0x00, 0x00, 0x00, 0x00, 0xf8, 0x00, 0xbc, 0x20, 0xcb, 0x20, 0xcb,
  0x00, 0x84, 0xa1, 0xbb, 0xe1, 0x9a, 0x40, 0xdc, 0x22, 0xfe, 0x00, 0xab, 0x00, 0xa3, 0xc0, 0x9a,
  0xc0, 0xcb, 0x81, 0xd4, 0xe0, 0xe4, 0x01, 0xfe, 0xf5, 0xff, 0xff, 0xf7, 0xfc, 0xff, 0xfe, 0xff,
  0x00, 0x00, 0x00, 0x00, 0x00, 0x00, 0x00, 0x00, 0x00, 0x00, 0x00, 0x00, 0x00, 0x00, 0x00, 0x00,
  0x00, 0x00, 0x00, 0x00, 0x00, 0x00, 0x00, 0x00, 0x00, 0x00, 0x00, 0x00, 0x00, 0x00, 0x00, 0x00,
  0x00, 0x00, 0x00, 0x00, 0x00, 0x00, 0x00, 0x00, 0x00, 0x00, 0xa0, 0xaa, 0xa3, 0x8a, 0x20, 0x9b,
  0x03, 0x9b, 0xc2, 0x8a, 0x82, 0x7a, 0xe2, 0x92, 0x62, 0xa3, 0x81, 0xab, 0x04, 0x9b, 0x23, 0xb3,
  0x81, 0xa3, 0x42, 0xa3, 0x22, 0xab, 0x42, 0xab, 0x62, 0xab, 0xa0, 0x92, 0x01, 0xa3, 0x60, 0x8a,
  0x60, 0x8a, 0x80, 0xcb, 0xe0, 0xdb, 0xc0, 0xdb, 0x90, 0xff, 0x2a, 0xff, 0xf6, 0xff, 0xf5, 0xff,
  0xf5, 0xff, 0x63, 0xfe, 0xe0, 0xec, 0x01, 0xd4, 0x80, 0x9a, 0x20, 0xa3, 0x21, 0xd4, 0x60, 0xbb,
  0x40, 0xb3, 0x00, 0xa3, 0x21, 0xa3, 0x20, 0xab, 0x20, 0xb3, 0x43, 0xd4, 0x47, 0xfe, 0xa0, 0x92,
  0x00, 0xab, 0xc0, 0xcc, 0x04, 0xbc, 0x00, 0x00, 0x00, 0x00, 0x00, 0x00, 0x00, 0x00, 0x00, 0x00,
  0x00, 0x00, 0x00, 0x00, 0x00, 0x00, 0x00, 0x00, 0x00, 0x00, 0x00, 0x00, 0x00, 0x00, 0x00, 0x00,
  0x00, 0x00, 0x00, 0x00, 0x00, 0x00, 0x00, 0x00, 0x00, 0x00, 0x00, 0x00, 0x00, 0x00, 0x00, 0x00,
  0x00, 0x00, 0x00, 0x00, 0x00, 0x00, 0x00, 0x00, 0x00, 0x00, 0x00, 0x00, 0x00, 0x00, 0x00, 0x00,
  0x00, 0x00, 0x00, 0x00, 0x00, 0x00, 0x00, 0x00, 0x00, 0x00, 0x00, 0x00, 0x00, 0x00, 0x00, 0x00,
  0x00, 0x00, 0x00, 0x00, 0x00, 0x00, 0x00, 0x00, 0x00, 0x00, 0x00, 0x00, 0x00, 0x00, 0x00, 0x00,
  0x00, 0x00, 0x00, 0x00, 0x00, 0x00, 0x00, 0x00, 0x00, 0x00, 0x00, 0x00, 0x00, 0x00, 0x00, 0x00,
  0x00, 0x00, 0x00, 0x00, 0x00, 0x00, 0x00, 0x00, 0x00, 0x00, 0x00, 0x00, 0x00, 0x00, 0x00, 0x00,
  0x00, 0x00, 0x00, 0x00, 0x00, 0x00, 0x00, 0x00, 0x00, 0x84, 0x00, 0x00, 0x00, 0x00, 0x00, 0x00,
  0x00, 0x00, 0x00, 0x00, 0x00, 0x00, 0x00, 0x00, 0x00, 0x00, 0x00, 0x00, 0x00, 0x00, 0x00, 0x00,
  0x00, 0x00, 0x00, 0x00, 0x00, 0x00, 0x00, 0x00, 0x00, 0x00, 0x00, 0x00, 0x00, 0x00, 0x00, 0x00,
  0x00, 0x00, 0x00, 0x00, 0x00, 0x00, 0x00, 0x00, 0x00, 0x00, 0x00, 0x00, 0x00, 0x00, 0x00, 0x00,
  0x00, 0x00, 0x00, 0x00, 0x00, 0x00, 0x00, 0x00, 0x00, 0x00, 0x00, 0x00, 0x00, 0x00, 0x00, 0x00,
  0x00, 0x00, 0x00, 0x00, 0x00, 0x00, 0x00, 0x00, 0x00, 0x00, 0x00, 0x00, 0x00, 0x00, 0x00, 0x00,
  0x00, 0x00, 0x00, 0x00, 0xa0, 0xaa, 0x00, 0x00, 0x00, 0x00, 0x00, 0xf8, 0x00, 0xf8, 0x00, 0xf8,
  0xa2, 0xbb, 0xc1, 0xc3, 0xa0, 0x92, 0x80, 0xdc, 0x03, 0xfe, 0xa0, 0xc3, 0x80, 0xb3, 0xc0, 0x9a,
  0xa0, 0xc3, 0x21, 0xe5, 0x00, 0xf6, 0x62, 0xfe, 0xf9, 0xff, 0xff, 0xff, 0xfe, 0xff, 0xde, 0xff,
  0x00, 0x00, 0x00, 0x00, 0x00, 0x00, 0x00, 0x00, 0x00, 0x00, 0x00, 0x00, 0x00, 0x00, 0x00, 0x00,
  0x00, 0x00, 0x00, 0x00, 0x00, 0x00, 0x00, 0x00, 0x00, 0x00, 0x00, 0x00, 0x00, 0x00, 0x00, 0x00,
  0x00, 0x00, 0x00, 0x00, 0x00, 0x00, 0x00, 0x00, 0x00, 0x00, 0xa0, 0xaa, 0xa5, 0xaa, 0x04, 0x9b,
  0x20, 0x9b, 0x03, 0x9b, 0x03, 0x9b, 0x00, 0x84, 0x26, 0x9b, 0x02, 0xb3, 0x23, 0xb3, 0x62, 0xa3,
  0x23, 0xa3, 0x42, 0xab, 0x62, 0xab, 0x82, 0xab, 0x82, 0xab, 0x01, 0xa3, 0x81, 0xb3, 0xe0, 0xa2,
  0xe0, 0xa2, 0xc0, 0xd3, 0x42, 0xed, 0x60, 0xec, 0x44, 0xfe, 0x2a, 0xff, 0xd8, 0xff, 0xf3, 0xff,
  0xf5, 0xff, 0x47, 0xf6, 0xe0, 0xe4, 0x43, 0xd4, 0x01, 0xab, 0x40, 0xab, 0x21, 0xd4, 0x60, 0xb3,
  0x80, 0xbb, 0x20, 0xab, 0x00, 0xa3, 0x20, 0xab, 0x60, 0xb3, 0x20, 0xb3, 0x41, 0xdc, 0xa0, 0x9a,
  0x61, 0xb3, 0x02, 0xcc, 0x83, 0xc3, 0x00, 0xbc, 0x00, 0xbc, 0x00, 0x00, 0x00, 0x00, 0x00, 0x00,
  0x00, 0x00, 0x00, 0x00, 0x00, 0x00, 0x00, 0x00, 0x00, 0x00, 0x00, 0x00, 0x00, 0x00, 0x00, 0x00,
  0x00, 0x00, 0x00, 0x00, 0x00, 0x00, 0x00, 0x00, 0x00, 0x00, 0x00, 0x00, 0x00, 0x00, 0x00, 0x00,
  0x00, 0x00, 0x00, 0x00, 0x00, 0x00, 0x00, 0x00, 0x00, 0x00, 0x00, 0x00, 0x00, 0xfc, 0x00, 0x00,
  0x00, 0x00, 0x00, 0x00, 0x00, 0x00, 0x00, 0x00, 0x00, 0x00, 0x00, 0x00, 0x00, 0x00, 0xe0, 0xff,
  0x00, 0x00, 0x00, 0x00, 0x00, 0x00, 0x00, 0x00, 0x00, 0x00, 0x00, 0xf8, 0x00, 0x00, 0x00, 0x00,
  0x00, 0x00, 0x00, 0x00, 0x00, 0x00, 0x00, 0x00, 0x00, 0x00, 0x00, 0x00, 0x00, 0x00, 0x00, 0x00,
  0x00, 0x00, 0x00, 0x00, 0x00, 0x00, 0x00, 0x00, 0x00, 0x00, 0x00, 0x00, 0x00, 0x00, 0x00, 0x00,
  0x00, 0x00, 0x00, 0x00, 0x00, 0x00, 0x00, 0x00, 0x00, 0x00, 0x00, 0x00, 0x00, 0x00, 0x00, 0x00,
  0x00, 0x00, 0x00, 0x00, 0x00, 0x00, 0x00, 0x00, 0x00, 0x00, 0x00, 0x00, 0x00, 0x00, 0x00, 0x00,
  0x00, 0x00, 0x00, 0x00, 0x00, 0x00, 0x00, 0x00, 0x00, 0x00, 0x00, 0x00, 0x00, 0x00, 0x00, 0x00,
  0x00, 0x00, 0x00, 0x00, 0x00, 0x00, 0x00, 0x00, 0x00, 0x00, 0x00, 0xf8, 0x00, 0xf8, 0x00, 0xf8,
  0x00, 0x00, 0x00, 0x00, 0x00, 0x00, 0x00, 0x00, 0x00, 0x00, 0x00, 0x00, 0x00, 0x00, 0x00, 0x00,
  0x00, 0x00, 0x00, 0x00, 0x00, 0x00, 0x00, 0x00, 0x00, 0x00, 0x00, 0x00, 0x00, 0x00, 0x00, 0x00,
  0x00, 0x00, 0x00, 0x00, 0x00, 0x00, 0x00, 0x00, 0x00, 0x00, 0x00, 0xbc, 0x00, 0xf8, 0x00, 0xbc,
  0x02, 0xc4, 0xc2, 0xbb, 0x60, 0x92, 0xa2, 0xdc, 0xe1, 0xe4, 0x41, 0xab, 0xa0, 0xbb, 0x60, 0xb3,
  0xe0, 0xc3, 0x01, 0xed, 0xe0, 0xf5, 0x25, 0xff, 0xfb, 0xff, 0xff, 0xff, 0xff, 0xf7, 0xfc, 0xff,
  0x00, 0x00, 0x00, 0x00, 0x00, 0x00, 0x00, 0x00, 0x00, 0x00, 0x00, 0x00, 0x00, 0x00, 0x00, 0x00,
  0x00, 0x00, 0x00, 0x00, 0x00, 0x00, 0x00, 0x00, 0x00, 0x00, 0x00, 0x00, 0x00, 0x00, 0x00, 0x00,
  0x00, 0x00, 0x00, 0x00, 0x00, 0x00, 0x00, 0x00, 0x00, 0x00, 0x00, 0x00, 0x00, 0x00, 0x00, 0x00,
  0x00, 0x00, 0x00, 0x84, 0x00, 0x00, 0x00, 0x00, 0x00, 0x00, 0x64, 0xb3, 0xa0, 0xaa, 0xa2, 0xb3,
  0x04, 0x9b, 0xa2, 0xa3, 0x82, 0xab, 0x62, 0xab, 0x82, 0xab, 0x40, 0xab, 0xa1, 0xbb, 0x01, 0xa3,
  0xa0, 0x92, 0x80, 0xc3, 0xa2, 0xf5, 0xe0, 0xec, 0x41, 0xed, 0xc4, 0xfe, 0xf7, 0xff, 0xf7, 0xff,
  0xf8, 0xff, 0x91, 0xff, 0x00, 0xd4, 0x02, 0xd4, 0x00, 0xa3, 0x60, 0xb3, 0x42, 0xcc, 0x61, 0xb3,
  0xe0, 0xcb, 0xc0, 0xc3, 0x20, 0xab, 0x81, 0xbb, 0x40, 0xab, 0x01, 0xab, 0x20, 0xb3, 0xe0, 0x79,
  0x62, 0xb3, 0xa0, 0xaa, 0x20, 0xcb, 0x00, 0x00, 0xa0, 0xaa, 0x00, 0x00, 0x00, 0x00, 0x00, 0x00,
  0x00, 0x00, 0x00, 0x00, 0x00, 0x00, 0x00, 0x00, 0x00, 0x00, 0x00, 0x00, 0x00, 0x00, 0x00, 0x00,
  0x00, 0x00, 0x00, 0x00, 0x00, 0x00, 0x00, 0x00, 0x00, 0x00, 0x00, 0x00, 0x00, 0x00, 0x00, 0x00,
  0x00, 0x00, 0x00, 0x00, 0x00, 0x00, 0x00, 0x00, 0x00, 0x00, 0x00, 0x00, 0x00, 0x00, 0x00, 0x00,
  0x00, 0x00, 0x00, 0x00, 0x00, 0x00, 0x00, 0x00, 0x00, 0x00, 0x00, 0x00, 0x00, 0x00, 0x00, 0x00,
  0x00, 0x00, 0x00, 0x00, 0x00, 0x00, 0x00, 0x00, 0x00, 0x00, 0x00, 0x00, 0x00, 0x00, 0x00, 0x00,
  0x00, 0x00, 0x00, 0x00, 0x00, 0x00, 0x00, 0x00, 0x00, 0x00, 0x00, 0x00, 0x00, 0x00, 0x00, 0x00,
  0x00, 0x00, 0x00, 0x00, 0x00, 0x00, 0x00, 0x00, 0x00, 0x00, 0x00, 0x00, 0x00, 0x00, 0x00, 0x00,
  0x00, 0x00, 0x00, 0x00, 0x00, 0x00, 0x00, 0x00, 0x00, 0x00, 0x00, 0x00, 0x00, 0x00, 0x00, 0x00,
  0x00, 0x00, 0x00, 0x00, 0x00, 0x00, 0x00, 0x00, 0x00, 0x00, 0x00, 0x00, 0x00, 0x00, 0x00, 0x00,
  0x00, 0x00, 0x00, 0x00, 0x00, 0x00, 0x00, 0x00, 0x00, 0x00, 0x00, 0x00, 0x00, 0x00, 0x00, 0x00,
  0x00, 0x00, 0x00, 0x00, 0x00, 0x00, 0x00, 0x00, 0x00, 0x00, 0x00, 0x00, 0x00, 0x00, 0x00, 0x00,
  0x00, 0x00, 0x00, 0x00, 0x00, 0x00, 0x00, 0x00, 0x00, 0x00, 0x00, 0x00, 0x00, 0x00, 0x00, 0x00,
  0x00, 0x00, 0x00, 0x00, 0x00, 0x00, 0x00, 0x00, 0x00, 0x00, 0x00, 0x00, 0x00, 0x00, 0x00, 0x00,
  0x00, 0x00, 0x00, 0x00, 0x00, 0x00, 0x00, 0x00, 0x00, 0x00, 0x00, 0x84, 0x00, 0x00, 0x04, 0xbc,
  0x81, 0xb3, 0xe1, 0xa2, 0xc0, 0x92, 0xc1, 0xec, 0x80, 0xbb, 0x20, 0xab, 0x00, 0xa3, 0x60, 0xb3,
  0x60, 0xdc, 0x60, 0xed, 0x60, 0xfe, 0x29, 0xff, 0xfb, 0xf7, 0xff, 0xff, 0xff, 0xff, 0xfc, 0xff,
  0x00, 0x00, 0x00, 0x00, 0x00, 0x00, 0x00, 0x00, 0x00, 0x00, 0x00, 0x00, 0x00, 0x00, 0x00, 0x00,
  0x00, 0x00, 0x00, 0x00, 0x00, 0x00, 0x00, 0x00, 0x00, 0x00, 0x00, 0x00, 0x00, 0x00, 0x00, 0x00,
  0x00, 0x00, 0x00, 0x00, 0x00, 0x00, 0x00, 0x00, 0x00, 0x00, 0x00, 0x00, 0x00, 0x00, 0x00, 0xf8,
  0x00, 0x00, 0x00, 0x00, 0x00, 0x00, 0x00, 0x00, 0x00, 0x00, 0xa0, 0xaa, 0x00, 0x84, 0x20, 0x9b,
  0x00, 0xbc, 0x82, 0xab, 0x42, 0xa3, 0x82, 0xab, 0xa2, 0xb3, 0xc0, 0x9a, 0x01, 0xab, 0x60, 0xb3,
  0xa0, 0x9a, 0x40, 0xbb, 0x41, 0xf5, 0xa1, 0xf5, 0xe1, 0xec, 0x85, 0xfe, 0xb0, 0xff, 0xf5, 0xff,
  0xf8, 0xff, 0xb0, 0xff, 0x00, 0xf5, 0x40, 0xec, 0x60, 0xbb, 0xa0, 0xbb, 0xa0, 0xc3, 0xc1, 0xc3,
  0xa0, 0xc3, 0xc0, 0xcb, 0x60, 0xb3, 0x21, 0xb3, 0x41, 0xab, 0xe0, 0x9a, 0x40, 0xb3, 0xa0, 0x92,
  0x41, 0xab, 0xa2, 0xb3, 0x02, 0xbc, 0x00, 0xbc, 0x60, 0xb3, 0x00, 0x00, 0x00, 0x00, 0x00, 0x00,
  0x00, 0x00, 0x00, 0x00, 0x00, 0x00, 0x00, 0x00, 0x00, 0x00, 0x00, 0x00, 0x00, 0x00, 0x00, 0x00,
  0x00, 0x00, 0x00, 0x00, 0x00, 0x00, 0x00, 0x00, 0x00, 0x00, 0x00, 0x00, 0x00, 0x00, 0x00, 0x00,
  0x00, 0x00, 0x00, 0x00, 0x00, 0x00, 0x00, 0x00, 0x00, 0x00, 0x00, 0x00, 0x00, 0x00, 0x00, 0x00,
  0x00, 0x00, 0x00, 0x00, 0x00, 0x00, 0x00, 0x00, 0x00, 0x00, 0x00, 0x00, 0x00, 0x00, 0x00, 0x00,
  0x00, 0x00, 0x00, 0x00, 0x00, 0x00, 0x00, 0x00, 0x00, 0x00, 0x00, 0x00, 0x00, 0x00, 0x00, 0x00,
  0x00, 0x00, 0x00, 0x00, 0x00, 0x00, 0x00, 0x00, 0x00, 0x00, 0x00, 0x00, 0x00, 0x00, 0x00, 0x00,
  0x00, 0x00, 0x00, 0x00, 0x00, 0x00, 0x00, 0x00, 0x00, 0x00, 0x00, 0x00, 0x00, 0x00, 0x00, 0x00,
  0x00, 0x00, 0x00, 0x00, 0x00, 0x00, 0x00, 0x00, 0x00, 0x00, 0x00, 0x00, 0x00, 0x00, 0x00, 0x00,
  0x00, 0x00, 0x00, 0x00, 0x00, 0x00, 0x00, 0x00, 0x00, 0x00, 0x00, 0x00, 0x00, 0x00, 0x00, 0x00,
  0x00, 0x00, 0x00, 0x00, 0x00, 0x00, 0x00, 0x00, 0x00, 0x00, 0x00, 0x00, 0x00, 0x00, 0x00, 0x00,
  0x00, 0x00, 0x00, 0x00, 0x00, 0x00, 0x00, 0x00, 0x00, 0x00, 0x00, 0x84, 0x00, 0x00, 0x00, 0x00,
  0x00, 0x00, 0x00, 0x00, 0x00, 0x00, 0x00, 0x00, 0x00, 0x00, 0x00, 0x00, 0x00, 0x00, 0x00, 0x00,
  0x00, 0x00, 0x00, 0x00, 0x00, 0x00, 0x00, 0x00, 0x00, 0x00, 0x00, 0x00, 0x00, 0x00, 0x00, 0x00,
  0x00, 0x00, 0x00, 0x00, 0x00, 0x00, 0x00, 0x00, 0x00, 0x00, 0x00, 0xac, 0x00, 0x84, 0xa2, 0xbb,
  0xe0, 0xa2, 0xa0, 0x8a, 0x04, 0xe5, 0x81, 0xf5, 0x60, 0xb3, 0x60, 0xb3, 0xe0, 0x92, 0x40, 0xab,
  0x40, 0xdc, 0x61, 0xed, 0xc1, 0xfe, 0xd0, 0xff, 0xfb, 0xff, 0xfe, 0xff, 0xfd, 0xff, 0xd4, 0xff,
  0x00, 0x00, 0x00, 0x00, 0x00, 0x00, 0x00, 0x00, 0x00, 0x00, 0x00, 0x00, 0x00, 0x00, 0x00, 0x00,
  0x00, 0x00, 0x00, 0x00, 0x00, 0x00, 0x00, 0x00, 0x00, 0x00, 0x00, 0x00, 0x00, 0x00, 0x00, 0x00,
  0x00, 0x00, 0x00, 0x00, 0x00, 0x00, 0x00, 0x00, 0x00, 0x00, 0x00, 0x00, 0x00, 0x00, 0x00, 0x00,
  0x00, 0x00, 0x00, 0x00, 0x00, 0x00, 0x00, 0x00, 0x00, 0xf8, 0x00, 0x84, 0xa0, 0xaa, 0x20, 0x9b,
  0x22, 0xa3, 0xc1, 0x92, 0xc1, 0x92, 0xe1, 0x9a, 0x21, 0xa3, 0x62, 0xb3, 0x21, 0xa3, 0xa1, 0x9a,
  0x60, 0x92, 0xc0, 0xd3, 0xa0, 0xe4, 0x41, 0xe4, 0x21, 0xf5, 0x26, 0xfe, 0xaf, 0xff, 0x28, 0xff,
  0xfb, 0xff, 0xf7, 0xff, 0xe0, 0xeb, 0x60, 0xe3, 0xe0, 0xe3, 0x61, 0xb3, 0x40, 0xb3, 0x00, 0xb3,
  0x60, 0xbb, 0xa0, 0xc3, 0x20, 0xab, 0xc0, 0x92, 0x80, 0xbb, 0x21, 0xd4, 0xc0, 0x9a, 0x60, 0x8a,
  0x82, 0xb3, 0x00, 0x00, 0xa2, 0xc3, 0xa0, 0xaa, 0x20, 0xcb, 0x00, 0x00, 0x00, 0xf8, 0x00, 0x00,
  0x00, 0x00, 0x00, 0x00, 0x00, 0x00, 0x00, 0x00, 0x00, 0x00, 0x00, 0x00, 0x00, 0x00, 0x00, 0x00,
  0x00, 0x00, 0x00, 0x00, 0x00, 0x00, 0x00, 0xfc, 0x00, 0x00, 0x00, 0x00, 0x00, 0x00, 0x00, 0x00,
  0x00, 0x00, 0x00, 0x00, 0x00, 0x00, 0x00, 0xf8, 0x00, 0xf8, 0x00, 0x00, 0x00, 0x00, 0x00, 0x00,
  0x00, 0xf8, 0x00, 0x00, 0x02, 0xbc, 0xa0, 0xaa, 0x64, 0xb3, 0x00, 0x00, 0x00, 0x00, 0x00, 0x00,
  0x00, 0x00, 0x00, 0x00, 0x00, 0x00, 0x00, 0x00, 0x00, 0x00, 0x00, 0x00, 0x00, 0x00, 0x00, 0x00,
  0x00, 0x00, 0x00, 0x00, 0x00, 0x00, 0x00, 0x00, 0x00, 0x00, 0x00, 0x00, 0x00, 0x00, 0x00, 0x00,
  0x00, 0x00, 0x00, 0x00, 0x00, 0x00, 0x00, 0x00, 0x00, 0x00, 0x00, 0x00, 0x00, 0x00, 0x00, 0x00,
  0x00, 0x00, 0x00, 0x00, 0x00, 0x00, 0x00, 0x00, 0x00, 0x00, 0x00, 0x00, 0x00, 0x00, 0x00, 0x00,
  0x00, 0x00, 0x00, 0x00, 0x00, 0x00, 0x00, 0x00, 0x00, 0x00, 0x00, 0x00, 0x00, 0x00, 0x00, 0x00,
  0x00, 0x00, 0x00, 0x00, 0x00, 0x00, 0x00, 0x00, 0x00, 0x00, 0x00, 0x00, 0x00, 0x00, 0x00, 0x00,
  0x00, 0x00, 0x00, 0x00, 0x00, 0x00, 0x00, 0x00, 0x00, 0x00, 0x00, 0x00, 0x00, 0x00, 0x00, 0x00,
  0x00, 0x00, 0x00, 0x00, 0x00, 0x00, 0x00, 0x00, 0x00, 0x00, 0x00, 0x00, 0x00, 0x00, 0x00, 0x00,
  0x00, 0x00, 0x00, 0x00, 0x00, 0x00, 0x00, 0x00, 0x00, 0x00, 0x20, 0x9b, 0x61, 0xb3, 0x82, 0xab,
  0x42, 0xa3, 0x21, 0x9b, 0x00, 0xf8, 0x23, 0xb3, 0x00, 0xac, 0x00, 0xac, 0x62, 0xb3, 0x81, 0xb3,
  0xa0, 0x69, 0x80, 0x92, 0x80, 0xdc, 0x01, 0xc4, 0x00, 0xa3, 0x60, 0x8a, 0x20, 0xab, 0x80, 0xbb,
  0x61, 0xdc, 0x00, 0xe5, 0x81, 0xf5, 0xd7, 0xff, 0xfd, 0xff, 0xf9, 0xff, 0xfd, 0xff, 0xf7, 0xff,
  0x00, 0x00, 0x00, 0x00, 0x00, 0x00, 0x00, 0x00, 0x00, 0x00, 0x00, 0x00, 0x00, 0x00, 0x00, 0x00,
  0x00, 0x00, 0x00, 0x00, 0x00, 0x00, 0x00, 0x00, 0x00, 0x00, 0x00, 0x00, 0x00, 0x00, 0x00, 0x00,
  0x00, 0x00, 0x00, 0x00, 0x00, 0x00, 0x00, 0x00, 0x00, 0x00, 0x00, 0x00, 0x00, 0x00, 0x00, 0x00,
  0x00, 0x00, 0x00, 0x00, 0x00, 0x00, 0x00, 0x00, 0x00, 0xf8, 0x20, 0x9b, 0x00, 0xbc, 0x20, 0x9b,
  0x02, 0xa3, 0xe1, 0x9a, 0xe1, 0x92, 0xa1, 0x92, 0x01, 0x9b, 0xe1, 0xa2, 0xa1, 0x92, 0x80, 0x8a,
  0xe0, 0xaa, 0xc0, 0xd3, 0x40, 0xe4, 0x80, 0xec, 0xc0, 0xf4, 0x61, 0xf5, 0xd3, 0xff, 0x47, 0xff,
  0xf8, 0xff, 0xd6, 0xff, 0xe0, 0xfc, 0x80, 0xe3, 0x41, 0xe4, 0xa0, 0xa2, 0xa0, 0xcb, 0x20, 0xb3,
  0x20, 0xb3, 0x60, 0xbb, 0x41, 0xb3, 0x60, 0x8a, 0x01, 0xab, 0x41, 0xdc, 0xc0, 0x9a, 0xe0, 0x71,
  0x22, 0xa3, 0x00, 0x00, 0x00, 0x84, 0x00, 0x00, 0x00, 0x00, 0x00, 0xf8, 0x00, 0x00, 0x00, 0x00,
  0x00, 0x00, 0x00, 0x00, 0x00, 0x00, 0x00, 0x00, 0x00, 0x00, 0x00, 0x00, 0x00, 0x00, 0x00, 0x00,
  0x00, 0xf8, 0x00, 0x00, 0x00, 0x00, 0x00, 0x00, 0x00, 0x00, 0x00, 0xf8, 0x00, 0x00, 0x00, 0x00,
  0x00, 0x84, 0x00, 0xf8, 0x00, 0x00, 0x00, 0x00, 0x00, 0x00, 0x00, 0x00, 0x00, 0x00, 0x00, 0x00,
  0x00, 0x00, 0x00, 0x00, 0x00, 0x00, 0x00, 0x00, 0x00, 0x00, 0x00, 0x00, 0x00, 0x00, 0x00, 0x00,
  0x00, 0x00, 0x00, 0x00, 0x00, 0x00, 0x00, 0x00, 0x00, 0x00, 0x00, 0xf8, 0x00, 0x00, 0x00, 0x00,
  0x00, 0x00, 0x00, 0x00, 0x00, 0x00, 0x00, 0x00, 0x00, 0x00, 0x00, 0x00, 0x00, 0x00, 0x00, 0x00,
  0x00, 0x00, 0x00, 0x00, 0x00, 0x00, 0x00, 0x00, 0x00, 0x00, 0x00, 0x00, 0x00, 0x00, 0x00, 0x00,
  0x00, 0x00, 0x00, 0x00, 0x00, 0x00, 0x00, 0x00, 0x00, 0x00, 0x00, 0x00, 0x00, 0x00, 0x00, 0x00,
  0x00, 0x00, 0x00, 0x00, 0x00, 0x00, 0x00, 0x00, 0x00, 0x00, 0x00, 0x00, 0x00, 0x00, 0x00, 0x00,
  0x00, 0x00, 0x00, 0x00, 0x00, 0x00, 0x00, 0x00, 0x00, 0x00, 0x00, 0x00, 0x00, 0x00, 0x00, 0x00,
  0x00, 0x00, 0x00, 0x00, 0x00, 0x00, 0x00, 0x00, 0x00, 0x00, 0x00, 0x00, 0x00, 0x00, 0x00, 0x00,
  0x00, 0xf8, 0x00, 0x00, 0x00, 0x00, 0x00, 0x00, 0x00, 0x00, 0x00, 0x00, 0x00, 0x00, 0x00, 0x00,
  0x00, 0xf8, 0x00, 0x00, 0x00, 0x00, 0x00, 0x00, 0x00, 0x00, 0x00, 0x00, 0x20, 0x9b, 0x42, 0xab,
  0x21, 0xa3, 0x01, 0x9b, 0x21, 0xa3, 0x00, 0xbc, 0x00, 0xf8, 0x20, 0xcb, 0x81, 0xbb, 0x20, 0xa3,
  0x00, 0x7a, 0x80, 0xc3, 0x60, 0xd4, 0xa0, 0xbb, 0xc0, 0x92, 0x60, 0x8a, 0x40, 0xab, 0x60, 0xbb,
  0x20, 0xd4, 0xe0, 0xe4, 0x21, 0xfe, 0xfc, 0xff, 0xfc, 0xff, 0xf7, 0xff, 0xfe, 0xff, 0x6e, 0xff,
  0x00, 0x00, 0x00, 0x00, 0x00, 0x00, 0x00, 0x00, 0x00, 0x00, 0x00, 0x00, 0x00, 0x00, 0x00, 0x00,
  0x00, 0x00, 0x00, 0x00, 0x00, 0x00, 0x00, 0x00, 0x00, 0x00, 0x00, 0x00, 0x00, 0x00, 0x00, 0x00,
  0x00, 0xf8, 0x00, 0x00, 0x00, 0x00, 0x00, 0x00, 0x00, 0x00, 0x00, 0x00, 0x00, 0x00, 0x00, 0x00,
  0x00, 0x00, 0x00, 0x00, 0x00, 0x00, 0x00, 0x00, 0x00, 0x00, 0x00, 0x84, 0xa0, 0xaa, 0x64, 0x93,
  0x01, 0x9b, 0x01, 0x9b, 0xc1, 0x9a, 0xe1, 0x9a, 0xe1, 0x92, 0x01, 0xa3, 0xe0, 0xa2, 0xc0, 0xc3,
  0xa1, 0xe4, 0x41, 0xe4, 0x61, 0xe4, 0xa2, 0xfd, 0x81, 0xec, 0xa1, 0xec, 0xd1, 0xff, 0x4a, 0xff,
  0xf4, 0xff, 0xb0, 0xff, 0xe8, 0xfe, 0x43, 0xe4, 0x40, 0xec, 0x40, 0xbb, 0x60, 0xbb, 0xe0, 0xa2,
  0xa0, 0x92, 0xe0, 0xa2, 0x40, 0xb3, 0x00, 0xa3, 0xc0, 0xa2, 0x41, 0xdc, 0x40, 0xb3, 0x80, 0x92,
  0x41, 0xab, 0x61, 0xb3, 0x00, 0x00, 0x00, 0xbc, 0x04, 0xbc, 0x00, 0x00, 0x00, 0x00, 0x00, 0x00,
  0x00, 0x00, 0x00, 0x00, 0x00, 0x00, 0x00, 0x00, 0x00, 0x00, 0x00, 0x00, 0x00, 0x00, 0x00, 0x00,
  0x00, 0x00, 0x00, 0x00, 0x00, 0x00, 0x00, 0x00, 0x00, 0xf8, 0x00, 0x00, 0x00, 0x00, 0x00, 0x00,
  0x00, 0xf8, 0x00, 0x00, 0x00, 0x00, 0x00, 0x00, 0x00, 0x84, 0x00, 0x00, 0x00, 0x00, 0x00, 0x00,
  0x00, 0x00, 0x00, 0x00, 0x00, 0x00, 0x00, 0x00, 0x00, 0x00, 0x00, 0x00, 0x00, 0x00, 0x00, 0x00,
  0x00, 0x00, 0x00, 0x00, 0x00, 0x00, 0x00, 0xf8, 0x00, 0x00, 0x00, 0x00, 0x00, 0x00, 0x00, 0x00,
  0x00, 0x00, 0x00, 0x00, 0x00, 0x00, 0x00, 0x00, 0x00, 0x00, 0x00, 0x00, 0x00, 0x00, 0x00, 0x00,
  0x00, 0x00, 0x00, 0x00, 0x00, 0x00, 0x00, 0x00, 0x00, 0x00, 0x00, 0x00, 0x00, 0x00, 0x00, 0x00,
  0x00, 0x00, 0x00, 0x00, 0x00, 0x00, 0x00, 0x00, 0x00, 0x00, 0x00, 0x00, 0x00, 0x00, 0x00, 0x00,
  0x00, 0x00, 0x00, 0x00, 0x00, 0x00, 0x00, 0x00, 0x00, 0x00, 0x00, 0x00, 0x00, 0x00, 0x00, 0x00,
  0x00, 0x00, 0x00, 0x00, 0x00, 0x00, 0x00, 0x00, 0x00, 0x00, 0x00, 0x00, 0x00, 0x00, 0x00, 0x00,
  0x00, 0x00, 0x00, 0x00, 0x00, 0x00, 0x00, 0x00, 0x00, 0x00, 0x00, 0x00, 0x00, 0x00, 0x00, 0x00,
  0x00, 0x00, 0x00, 0x00, 0x00, 0x00, 0x00, 0x00, 0x00, 0x00, 0x00, 0x00, 0x00, 0x00, 0x00, 0x00,
  0x00, 0x00, 0x00, 0x00, 0x00, 0x00, 0x00, 0x00, 0x00, 0x00, 0x00, 0xf8, 0x00, 0x00, 0x00, 0xac,
  0x61, 0xab, 0x21, 0xa3, 0x23, 0xb3, 0x00, 0x84, 0x00, 0xbc, 0x00, 0xfc, 0x61, 0xb3, 0xa0, 0x92,
  0x20, 0xa3, 0x60, 0xe4, 0x20, 0xd4, 0x00, 0xa3, 0xa0, 0x8a, 0x40, 0xb3, 0x20, 0xab, 0x01, 0xcc,
  0x00, 0xd4, 0x80, 0xd4, 0x26, 0xff, 0xfc, 0xff, 0xfe, 0xff, 0xf8, 0xff, 0xfb, 0xff, 0x44, 0xff,
  0x00, 0x00, 0x00, 0x00, 0x00, 0x00, 0x00, 0x00, 0x00, 0x00, 0x00, 0x00, 0x00, 0x00, 0x00, 0x00,
  0x00, 0x00, 0x00, 0x00, 0x00, 0x00, 0x00, 0x00, 0x00, 0x00, 0x00, 0x00, 0x00, 0x00, 0x00, 0x00,
  0x00, 0x00, 0x00, 0x00, 0x00, 0x00, 0x00, 0x00, 0x00, 0x00, 0x00, 0x00, 0x00, 0x00, 0x00, 0x00,
  0x00, 0x00, 0x00, 0x00, 0x00, 0x00, 0x00, 0xf8, 0x00, 0x00, 0x00, 0x00, 0x00, 0x84, 0x00, 0xbc,
  0x02, 0x9b, 0xe1, 0x9a, 0x01, 0x9b, 0xe2, 0x9a, 0x01, 0x9b, 0xe0, 0x9a, 0x20, 0xab, 0xa0, 0xbb,
  0x42, 0xd4, 0x80, 0xbb, 0x80, 0xcb, 0x61, 0xf5, 0x62, 0xfd, 0x80, 0xec, 0x44, 0xfe, 0xf4, 0xff,
  0xf0, 0xff, 0xf6, 0xff, 0xb0, 0xff, 0xa0, 0xfd, 0x00, 0xdc, 0xc0, 0xcb, 0x20, 0xab, 0xe0, 0xa2,
  0xc0, 0xa2, 0x80, 0x92, 0x80, 0x92, 0xe0, 0xa2, 0x80, 0x8a, 0x61, 0xe4, 0x01, 0xdc, 0x60, 0xbb,
  0x01, 0xa3, 0x21, 0xa3, 0x00, 0xf8, 0x20, 0xcb, 0xa2, 0xbb, 0x00, 0x00, 0x00, 0x00, 0x00, 0x00,
  0x00, 0x00, 0x00, 0x00, 0x00, 0x00, 0x00, 0x00, 0x00, 0x00, 0x00, 0x00, 0x00, 0x00, 0x00, 0x00,
  0x00, 0x00, 0x00, 0x00, 0x00, 0x00, 0x00, 0x00, 0x00, 0x00, 0x00, 0x00, 0x00, 0x00, 0x00, 0x00,
  0x00, 0x00, 0x00, 0x00, 0x00, 0x00, 0x00, 0x00, 0x00, 0x00, 0x00, 0x00, 0x00, 0x00, 0x00, 0x00,
  0x00, 0x00, 0x00, 0x00, 0x00, 0x00, 0x00, 0x00, 0x00, 0x00, 0x00, 0x00, 0x00, 0x00, 0x00, 0x00,
  0x00, 0x00, 0x00, 0x00, 0x00, 0x00, 0x00, 0x00, 0x00, 0x00, 0x00, 0x00, 0x00, 0x00, 0x00, 0x00,
  0x00, 0x00, 0x00, 0x00, 0x00, 0x00, 0x00, 0x00, 0x00, 0x00, 0x00, 0x00, 0x00, 0x00, 0x00, 0x00,
  0x00, 0x00, 0x00, 0x00, 0x00, 0x00, 0x00, 0x00, 0x00, 0x00, 0x00, 0x00, 0x00, 0x00, 0x00, 0x00,
  0x00, 0x00, 0x00, 0x00, 0x00, 0x00, 0x00, 0x00, 0x00, 0x00, 0x00, 0x00, 0x00, 0x00, 0x00, 0x00,
  0x00, 0x00, 0x00, 0x00, 0x00, 0x00, 0x00, 0x00, 0x00, 0x00, 0x00, 0x00, 0x00, 0x00, 0x00, 0x00,
  0x00, 0x00, 0x00, 0x00, 0x00, 0x00, 0x00, 0x00, 0x00, 0x00, 0x00, 0x00, 0x00, 0x00, 0x00, 0x00,
  0x00, 0x00, 0x00, 0x00, 0x00, 0x00, 0x00, 0x00, 0x00, 0x00, 0x00, 0x00, 0x00, 0x00, 0x00, 0x00,
  0x00, 0x00, 0x00, 0x00, 0x00, 0x00, 0x00, 0x00, 0x00, 0x00, 0x00, 0x00, 0x00, 0x00, 0x00, 0x00,
  0x00, 0x00, 0x00, 0x00, 0x00, 0x00, 0x00, 0x00, 0x00, 0x00, 0x00, 0xbc, 0x20, 0x9b, 0x00, 0x84,
  0x81, 0xab, 0x81, 0xb3, 0x00, 0xbc, 0x20, 0x9b, 0x83, 0xab, 0x00, 0xbc, 0x41, 0xab, 0x20, 0x82,
  0xc0, 0xc3, 0x60, 0xdc, 0xe0, 0xcb, 0xc0, 0x92, 0xe0, 0x9a, 0xe0, 0xcb, 0x01, 0xcc, 0xa1, 0xdc,
  0xc0, 0xd3, 0x40, 0xdc, 0xcd, 0xff, 0xfb, 0xff, 0xfd, 0xff, 0xf9, 0xff, 0xd5, 0xff, 0xe1, 0xfe,
  0x00, 0x00, 0x00, 0x00, 0x00, 0x00, 0x00, 0x00, 0x00, 0x00, 0x00, 0x00, 0x00, 0x00, 0x00, 0x00,
  0x00, 0x00, 0x00, 0x00, 0x00, 0x00, 0x00, 0x00, 0x00, 0x00, 0x00, 0x00, 0x00, 0x00, 0x00, 0x00,
  0x00, 0x00, 0x00, 0x00, 0x00, 0x00, 0x00, 0x00, 0x00, 0x00, 0x00, 0x00, 0x00, 0x00, 0x00, 0x00,
  0x00, 0x00, 0x00, 0x00, 0x00, 0x00, 0x00, 0x00, 0x00, 0x84, 0x00, 0x00, 0x20, 0x9b, 0x64, 0x93,
  0x02, 0x9b, 0x02, 0x9b, 0x01, 0x9b, 0xc1, 0x92, 0xe1, 0x92, 0x80, 0x8a, 0x40, 0xab, 0x80, 0x8a,
  0x20, 0x7a, 0x80, 0x8a, 0x40, 0xbb, 0x61, 0xdc, 0x61, 0xfd, 0x20, 0xcb, 0x01, 0xfe, 0xb2, 0xff,
  0x8f, 0xff, 0xfb, 0xff, 0x8f, 0xff, 0x80, 0xfe, 0x81, 0xbb, 0x80, 0xbb, 0x20, 0xb3, 0x40, 0xb3,
  0x40, 0xb3, 0xc0, 0x9a, 0x80, 0x92, 0xe2, 0xcb, 0xe0, 0xc3, 0x00, 0xab, 0x60, 0xc3, 0x40, 0xb3,
  0x80, 0x92, 0xe1, 0x9a, 0xa2, 0xb3, 0x00, 0x00, 0x00, 0x00, 0x64, 0xb3, 0x00, 0x00, 0x00, 0x00,
  0x00, 0x00, 0x00, 0x00, 0x00, 0x00, 0x00, 0x00, 0x00, 0x00, 0x00, 0x00, 0x00, 0x00, 0x00, 0x00,
  0x00, 0x00, 0x00, 0x00, 0x00, 0x00, 0x00, 0x00, 0x00, 0x00, 0x00, 0x00, 0x00, 0x00, 0x00, 0xf8,
  0x00, 0x00, 0x00, 0x00, 0x00, 0x84, 0x00, 0x00, 0x00, 0x00, 0x00, 0x00, 0x00, 0x00, 0x00, 0x00,
  0x00, 0x00, 0x00, 0x00, 0x00, 0x00, 0x00, 0x00, 0x00, 0x00, 0x00, 0x00, 0x00, 0x00, 0x00, 0x00,
  0x00, 0x00, 0x00, 0x00, 0x00, 0x00, 0x00, 0x00, 0x00, 0x00, 0x00, 0x00, 0x00, 0x00, 0x00, 0x00,
  0x00, 0xf8, 0x00, 0x00, 0x00, 0x00, 0x00, 0x00, 0x00, 0x00, 0x00, 0x00, 0x00, 0x00, 0x00, 0x00,
  0x00, 0x00, 0x00, 0x00, 0x00, 0x00, 0x00, 0x00, 0x00, 0x00, 0x00, 0x00, 0x00, 0x00, 0x00, 0x00,
  0x00, 0x00, 0x00, 0x00, 0x00, 0x00, 0x00, 0x00, 0x00, 0x00, 0x00, 0x00, 0x00, 0x00, 0x00, 0x00,
  0x00, 0x00, 0x00, 0x00, 0x00, 0x00, 0x00, 0x00, 0x00, 0x00, 0x00, 0x00, 0x00, 0x00, 0x00, 0x00,
  0x00, 0x00, 0x00, 0x00, 0x00, 0x00, 0x00, 0x00, 0x00, 0x00, 0x00, 0x00, 0x00, 0x00, 0x00, 0x00,
  0x00, 0x00, 0x00, 0x00, 0x00, 0x00, 0x00, 0x00, 0x00, 0x00, 0x00, 0x00, 0x00, 0x00, 0x00, 0x00,
  0x00, 0x00, 0x00, 0x00, 0x00, 0x00, 0x00, 0x00, 0x00, 0x00, 0x00, 0x00, 0x00, 0x00, 0x00, 0x00,
  0x00, 0x00, 0x00, 0x00, 0x00, 0x00, 0x00, 0x00, 0x00, 0x00, 0x00, 0x00, 0x00, 0x00, 0x00, 0x00,
  0x00, 0x84, 0x83, 0xab, 0x00, 0x84, 0x00, 0x00, 0x83, 0xab, 0x21, 0xd4, 0x20, 0xab, 0x60, 0x82,
  0x00, 0xcc, 0x60, 0xb3, 0x00, 0xa3, 0xc0, 0x9a, 0x00, 0xa3, 0x60, 0xab, 0x80, 0xc3, 0x20, 0xcc,
  0x20, 0xd4, 0x81, 0xf5, 0xb3, 0xff, 0xf8, 0xff, 0xf9, 0xff, 0xfc, 0xff, 0xf2, 0xff, 0x21, 0xfe,
  0x00, 0x00, 0x00, 0x00, 0x00, 0x00, 0x00, 0x00, 0x00, 0x00, 0x00, 0x00, 0x00, 0x00, 0x00, 0x00,
  0x00, 0x00, 0x00, 0x00, 0x00, 0x00, 0x00, 0x00, 0x00, 0x00, 0x00, 0x00, 0x00, 0x00, 0x00, 0x00,
  0x00, 0x00, 0x00, 0x00, 0x00, 0x00, 0x00, 0x00, 0x00, 0x00, 0x00, 0x00, 0x00, 0x00, 0x00, 0x00,
  0x00, 0x00, 0x00, 0x00, 0x00, 0x00, 0x00, 0x00, 0x00, 0x00, 0x00, 0x84, 0xa0, 0xaa, 0x02, 0x9b,
  0x62, 0xa3, 0x22, 0x9b, 0x22, 0xa3, 0x21, 0x9b, 0xe1, 0x92, 0x60, 0x8a, 0x41, 0x82, 0x20, 0x7a,
  0xe0, 0xa2, 0xe1, 0xe4, 0x40, 0xdc, 0xc0, 0xc3, 0x00, 0xf5, 0x20, 0xdb, 0x43, 0xfe, 0x48, 0xff,
  0xa5, 0xfe, 0xfb, 0xff, 0xd0, 0xff, 0xc1, 0xfe, 0x83, 0xe4, 0x40, 0xbb, 0x80, 0x9a, 0x60, 0xbb,
  0x80, 0xbb, 0xe0, 0x9a, 0x60, 0x8a, 0x81, 0xbb, 0x20, 0xdc, 0x00, 0xab, 0x20, 0xb3, 0x00, 0xab,
  0xa0, 0x9a, 0xc1, 0x92, 0x81, 0xb3, 0x00, 0xbc, 0x00, 0x00, 0xa2, 0xbb, 0x00, 0x00, 0x00, 0x00,
  0x00, 0x00, 0x00, 0x00, 0x00, 0x00, 0x00, 0x00, 0x00, 0x00, 0x00, 0x00, 0x00, 0x00, 0x00, 0x00,
  0x00, 0x00, 0x00, 0x00, 0x00, 0x00, 0x00, 0x00, 0x00, 0x00, 0x00, 0x00, 0x00, 0xf8, 0x20, 0xcb,
  0x00, 0xf8, 0x00, 0xf8, 0xa0, 0xaa, 0x00, 0x84, 0x00, 0xbc, 0x00, 0x00, 0x00, 0x00, 0x00, 0x00,
  0x00, 0x00, 0x00, 0x00, 0x00, 0x00, 0x00, 0x00, 0x00, 0x00, 0x00, 0x00, 0x00, 0x00, 0x00, 0x00,
  0x00, 0x00, 0x00, 0x00, 0x00, 0x00, 0x00, 0x00, 0x00, 0x00, 0x00, 0x00, 0x00, 0x00, 0x00, 0x00,
  0x00, 0x00, 0x00, 0x00, 0x00, 0x00, 0x00, 0x00, 0x00, 0x00, 0x00, 0x00, 0x00, 0x00, 0x00, 0x00,
  0x00, 0x00, 0x00, 0x00, 0x00, 0x00, 0x00, 0x00, 0x00, 0x00, 0x00, 0xf8, 0x00, 0x00, 0x00, 0x00,
  0x00, 0x00, 0x00, 0x00, 0x00, 0x00, 0x00, 0x00, 0x00, 0x00, 0x00, 0x00, 0x00, 0x00, 0x00, 0x00,
  0x00, 0x00, 0x00, 0x00, 0x00, 0x00, 0x00, 0x00, 0x00, 0x00, 0x00, 0x00, 0x00, 0x00, 0x00, 0x00,
  0x00, 0x00, 0x00, 0x00, 0x00, 0x00, 0x00, 0x00, 0x00, 0x00, 0x00, 0x00, 0x00, 0x00, 0x00, 0x00,
  0x00, 0x00, 0x00, 0x00, 0x00, 0x00, 0x00, 0x00, 0x00, 0x00, 0x00, 0x00, 0x00, 0x00, 0x00, 0x00,
  0x00, 0x00, 0x00, 0x00, 0x00, 0x00, 0x00, 0x00, 0x00, 0x00, 0x00, 0x00, 0x00, 0x00, 0x00, 0x00,
  0x00, 0x00, 0x00, 0x00, 0x00, 0x00, 0x00, 0x00, 0x00, 0x00, 0x00, 0x00, 0x00, 0xf8, 0x00, 0x00,
  0x00, 0x00, 0x00, 0x84, 0x20, 0x9b, 0xa0, 0xaa, 0xa0, 0xaa, 0xe1, 0xcb, 0xa0, 0x92, 0xe0, 0x9a,
  0x00, 0xcc, 0x20, 0xa3, 0x00, 0xa3, 0x40, 0xab, 0xc0, 0xa2, 0x00, 0xa3, 0x80, 0xbb, 0xc0, 0xc3,
  0x40, 0xdc, 0x29, 0xff, 0xfa, 0xff, 0xfc, 0xff, 0xfb, 0xff, 0xf9, 0xff, 0x2a, 0xff, 0x01, 0xfe,
  0x00, 0x00, 0x00, 0x00, 0x00, 0x00, 0x00, 0x00, 0x00, 0x00, 0x00, 0x00, 0x00, 0x00, 0x00, 0x00,
  0x00, 0x00, 0x00, 0x00, 0x00, 0x00, 0x00, 0x00, 0x00, 0x00, 0x00, 0x00, 0x00, 0x00, 0x00, 0x00,
  0x00, 0x00, 0x00, 0x00, 0x00, 0x00, 0x00, 0x00, 0x00, 0x00, 0x00, 0x00, 0x00, 0x00, 0x00, 0x00,
  0x00, 0x00, 0x00, 0x00, 0x00, 0x00, 0x00, 0x00, 0x00, 0x00, 0x00, 0x84, 0xa0, 0xaa, 0x42, 0xa3,
  0x22, 0xa3, 0x01, 0x9b, 0xe0, 0x92, 0x41, 0xab, 0x81, 0xbb, 0xa0, 0x92, 0x80, 0x92, 0x00, 0xa3,
  0xc1, 0xe4, 0x43, 0xfe, 0xe0, 0xf4, 0x61, 0xe4, 0x62, 0xf5, 0x80, 0xdb, 0xc3, 0xfd, 0x82, 0xfe,
  0x43, 0xff, 0xfb, 0xf7, 0xf5, 0xff, 0x44, 0xff, 0x44, 0xfe, 0x40, 0xc3, 0x80, 0x92, 0x80, 0xbb,
  0xa0, 0xcb, 0x60, 0x8a, 0xc0, 0x9a, 0xc1, 0xd3, 0x60, 0xc3, 0xa1, 0xbb, 0x40, 0xb3, 0x60, 0xbb,
  0x40, 0xb3, 0x60, 0x8a, 0x01, 0x9b, 0x60, 0xb3, 0x00, 0xac, 0xa2, 0xbb, 0x00, 0x00, 0x00, 0x00,
  0x00, 0x00, 0x00, 0x00, 0x00, 0x00, 0x00, 0x00, 0x00, 0x00, 0x00, 0x00, 0x00, 0x00, 0x00, 0x00,
  0x00, 0x00, 0x00, 0x00, 0x00, 0x84, 0x20, 0xcb, 0x00, 0x84, 0x00, 0x00, 0x00, 0x84, 0xa2, 0xb3,
  0x81, 0xbb, 0x42, 0xab, 0x23, 0xb3, 0x00, 0x84, 0xa0, 0xaa, 0x00, 0x00, 0x00, 0x00, 0x00, 0x00,
  0x00, 0x00, 0x00, 0x00, 0x00, 0x00, 0x00, 0x00, 0x00, 0x00, 0x00, 0x00, 0x00, 0x00, 0x00, 0x00,
  0x00, 0x00, 0x00, 0x00, 0x00, 0x00, 0x00, 0x00, 0x00, 0x00, 0x00, 0x00, 0x00, 0x00, 0x00, 0x00,
  0x00, 0x00, 0x00, 0x00, 0x00, 0x00, 0x00, 0x00, 0x00, 0x00, 0x00, 0x00, 0x00, 0x00, 0x00, 0x00,
  0x00, 0x00, 0x00, 0x00, 0x00, 0x00, 0x00, 0x00, 0x00, 0x00, 0x00, 0x00, 0x00, 0x00, 0x00, 0x00,
  0x00, 0x00, 0x00, 0x00, 0x00, 0x00, 0x00, 0x00, 0x00, 0x00, 0x00, 0x00, 0x00, 0x00, 0x00, 0x00,
  0x00, 0x00, 0x00, 0x00, 0x00, 0x00, 0x00, 0x00, 0x00, 0x00, 0x00, 0x00, 0x00, 0x00, 0x00, 0x00,
  0x00, 0x00, 0x00, 0x00, 0x00, 0x00, 0x00, 0x00, 0x00, 0x00, 0x00, 0x00, 0x00, 0x00, 0x00, 0x00,
  0x00, 0x00, 0x00, 0x00, 0x00, 0x00, 0x00, 0x00, 0x00, 0x00, 0x00, 0xf8, 0x00, 0x00, 0x00, 0x00,
  0x00, 0x00, 0x00, 0x00, 0x00, 0x00, 0x00, 0x00, 0x00, 0x00, 0x00, 0x00, 0x00, 0x00, 0x00, 0x00,
  0x00, 0x00, 0x00, 0x00, 0x00, 0x00, 0x00, 0x00, 0x00, 0x00, 0x00, 0xf8, 0x00, 0x00, 0x00, 0x00,
  0x00, 0xf8, 0x00, 0xf8, 0x00, 0xbc, 0x00, 0x00, 0x41, 0xa3, 0xc0, 0xc3, 0x00, 0x7a, 0x40, 0xab,
  0x80, 0xbb, 0x60, 0x82, 0x00, 0xa3, 0x20, 0xa3, 0xa0, 0x92, 0xe0, 0xbb, 0xa0, 0xc3, 0x40, 0xdc,
  0xe0, 0xec, 0xd4, 0xff, 0xfc, 0xff, 0xfc, 0xff, 0xfb, 0xff, 0xf8, 0xff, 0x41, 0xfe, 0x43, 0xfe,
  0x00, 0x00, 0x00, 0x00, 0x00, 0x00, 0x00, 0x00, 0x00, 0x00, 0x00, 0x00, 0x00, 0x00, 0x00, 0x00,
  0x00, 0x00, 0x00, 0x00, 0x00, 0x00, 0x00, 0x00, 0x00, 0x00, 0x00, 0x00, 0x00, 0x00, 0x00, 0x00,
  0x00, 0x00, 0x00, 0x00, 0x00, 0x00, 0x00, 0x00, 0x00, 0x00, 0x00, 0x00, 0x00, 0x00, 0x00, 0x00,
  0x00, 0x00, 0x00, 0x00, 0x00, 0x00, 0x00, 0x00, 0x00, 0xf8, 0x00, 0x84, 0x00, 0x84, 0x02, 0x9b,
  0x22, 0xa3, 0xc1, 0x92, 0x00, 0xa3, 0x01, 0xc4, 0xc1, 0xbb, 0x20, 0xab, 0x60, 0xbb, 0xa0, 0xbb,
  0x20, 0xc4, 0x60, 0xbb, 0xe0, 0xaa, 0x20, 0xd4, 0xa0, 0xec, 0x60, 0xd3, 0x20, 0xec, 0xc1, 0xf4,
  0xc9, 0xff, 0xf5, 0xff, 0xda, 0xff, 0xf2, 0xff, 0x29, 0xff, 0x60, 0xc3, 0x40, 0xbb, 0x20, 0xb3,
  0xe0, 0xd3, 0x80, 0x92, 0xa0, 0x92, 0xc1, 0xc3, 0xe0, 0xa2, 0x01, 0xab, 0x00, 0xab, 0x20, 0xab,
  0x40, 0xb3, 0xc1, 0x9a, 0xc0, 0x9a, 0x21, 0xa3, 0xe1, 0x9a, 0x05, 0xac, 0x00, 0x00, 0x00, 0x00,
  0x20, 0xcb, 0xa0, 0xaa, 0x00, 0x00, 0x00, 0x00, 0x00, 0x00, 0x00, 0x00, 0x00, 0x00, 0x00, 0x00,
  0x00, 0x00, 0x00, 0x00, 0x00, 0x00, 0x00, 0x84, 0xe1, 0x92, 0x05, 0xac, 0xa2, 0xb3, 0x41, 0xab,
  0x42, 0xab, 0x62, 0xab, 0x20, 0x9b, 0x00, 0xbc, 0x20, 0x9b, 0x00, 0x00, 0x00, 0x00, 0x00, 0x00,
  0xa0, 0xaa, 0x00, 0x00, 0x00, 0x00, 0x00, 0x00, 0x00, 0x00, 0x00, 0x00, 0x00, 0x00, 0x00, 0x00,
  0x00, 0x00, 0x00, 0x00, 0x00, 0x00, 0x00, 0x00, 0x00, 0x00, 0x00, 0x00, 0x00, 0x00, 0x00, 0x00,
  0x00, 0x00, 0x00, 0x00, 0x00, 0x00, 0x00, 0x00, 0x00, 0x00, 0x00, 0x00, 0x00, 0x00, 0x00, 0x00,
  0x00, 0x00, 0x00, 0x00, 0x00, 0x00, 0x00, 0x00, 0x00, 0x00, 0x00, 0x00, 0x00, 0x00, 0x00, 0x00,
  0x00, 0x00, 0x00, 0x00, 0x00, 0x00, 0x00, 0x00, 0x00, 0x00, 0x00, 0x00, 0x00, 0x00, 0x00, 0x00,
  0x00, 0x00, 0x00, 0x00, 0x00, 0x00, 0x00, 0x00, 0x00, 0x00, 0x00, 0x00, 0x00, 0x00, 0x00, 0x00,
  0x00, 0x00, 0x00, 0x00, 0x00, 0x00, 0x00, 0x00, 0x00, 0x00, 0x00, 0x00, 0x00, 0x00, 0x00, 0x00,
  0x00, 0x00, 0x00, 0x00, 0x00, 0x00, 0x00, 0x00, 0x00, 0x00, 0x00, 0x00, 0x00, 0x00, 0x00, 0x00,
  0x00, 0x00, 0x00, 0x00, 0x00, 0x00, 0x00, 0x00, 0x00, 0x00, 0x00, 0x00, 0x00, 0x00, 0x00, 0x00,
  0x00, 0x00, 0x00, 0x00, 0x00, 0x00, 0x00, 0x00, 0xa0, 0xaa, 0x00, 0x84, 0x00, 0x00, 0x00, 0x00,
  0x00, 0x00, 0x00, 0x00, 0x00, 0x00, 0x81, 0xab, 0x01, 0x9b, 0x21, 0xcc, 0x80, 0x9a, 0xa0, 0xc3,
  0x40, 0xb3, 0x00, 0x7a, 0x40, 0xab, 0xe0, 0x9a, 0x00, 0xa3, 0x40, 0xd4, 0xa0, 0xcb, 0x81, 0xf5,
  0xe4, 0xfe, 0xf8, 0xff, 0xfc, 0xff, 0xfb, 0xff, 0xfc, 0xff, 0xf5, 0xff, 0x61, 0xfe, 0xc0, 0xfd,
  0x00, 0x00, 0x00, 0x00, 0x00, 0x00, 0x00, 0x00, 0x00, 0x00, 0x00, 0x00, 0x00, 0x00, 0x00, 0x00,
  0x00, 0x00, 0x00, 0x00, 0x00, 0x00, 0x00, 0x00, 0x00, 0x00, 0x00, 0x00, 0x00, 0x00, 0x00, 0x00,
  0x00, 0x00, 0x00, 0x00, 0x00, 0x00, 0x00, 0x00, 0x00, 0x00, 0x00, 0x84, 0x00, 0x00, 0x00, 0x00,
  0x00, 0x00, 0x00, 0xf8, 0x00, 0x00, 0x00, 0x00, 0x03, 0x9b, 0xe3, 0x8a, 0xc3, 0x8a, 0x61, 0x82,
  0xc1, 0x8a, 0xc1, 0x92, 0x82, 0xb3, 0x61, 0xab, 0xa1, 0x8a, 0x40, 0xab, 0x81, 0xbb, 0x40, 0xb3,
  0xc0, 0x9a, 0x80, 0x92, 0x60, 0x8a, 0xe1, 0xa2, 0x60, 0x8a, 0xe0, 0xd3, 0x80, 0xec, 0x02, 0xfe,
  0xf2, 0xff, 0xd8, 0xff, 0xd3, 0xff, 0xf6, 0xff, 0x8e, 0xff, 0x60, 0xec, 0x60, 0xdb, 0x81, 0xc3,
  0x60, 0xbb, 0xa0, 0xcb, 0x80, 0xc3, 0x20, 0xab, 0xa0, 0x9a, 0x80, 0xbb, 0x61, 0xe4, 0x40, 0xb3,
  0x40, 0xb3, 0xe0, 0xcb, 0x41, 0xb3, 0xa0, 0xa2, 0x21, 0xab, 0xa1, 0xb3, 0x42, 0xbb, 0x83, 0xab,
  0x20, 0xcb, 0x00, 0x00, 0x00, 0x00, 0x00, 0x00, 0x00, 0x00, 0x00, 0x00, 0x00, 0x00, 0x00, 0x00,
  0x00, 0x00, 0x00, 0xbc, 0xa0, 0xaa, 0xa2, 0xbb, 0x62, 0xb3, 0x82, 0xc3, 0xa0, 0x9a, 0x21, 0xab,
  0x82, 0xb3, 0x81, 0xab, 0x82, 0xab, 0x62, 0xb3, 0x42, 0xab, 0x00, 0x00, 0x00, 0x00, 0x00, 0x00,
  0x00, 0x00, 0x00, 0x00, 0x00, 0x00, 0x00, 0x00, 0x00, 0x00, 0x00, 0x00, 0x00, 0x00, 0x00, 0x00,
  0x00, 0x00, 0x00, 0x00, 0xa0, 0xaa, 0x00, 0x00, 0x00, 0x00, 0x82, 0xbb, 0x82, 0xb3, 0xa2, 0xb3,
  0x00, 0x00, 0x00, 0x00, 0x00, 0x00, 0x00, 0x00, 0x00, 0x00, 0x00, 0x00, 0x00, 0x00, 0x00, 0x00,
  0x00, 0x00, 0x00, 0x00, 0x00, 0x00, 0x00, 0x00, 0x00, 0x00, 0x00, 0x00, 0x00, 0x00, 0x00, 0x00,
  0x00, 0x00, 0x00, 0x00, 0x00, 0x00, 0x00, 0x00, 0x00, 0x00, 0x00, 0x00, 0x00, 0xf8, 0x00, 0x00,
  0x00, 0x00, 0x00, 0x00, 0x00, 0x00, 0x00, 0x00, 0x00, 0x00, 0x00, 0xf8, 0x00, 0x00, 0x00, 0x00,
  0x00, 0x00, 0x00, 0x00, 0x00, 0x00, 0x00, 0x00, 0x00, 0x00, 0x00, 0x00, 0x00, 0x00, 0x00, 0x00,
  0x00, 0x00, 0x00, 0x00, 0x00, 0x00, 0x00, 0x00, 0x00, 0x00, 0x00, 0x00, 0x00, 0x00, 0x00, 0x00,
  0x00, 0x00, 0x00, 0x00, 0x00, 0x00, 0x00, 0x00, 0x00, 0x00, 0x00, 0x00, 0x00, 0x00, 0x00, 0x00,
  0x00, 0x00, 0x00, 0x00, 0x00, 0x00, 0x00, 0x84, 0x00, 0x00, 0x20, 0xcb, 0x20, 0xcb, 0x00, 0x00,
  0x00, 0xbc, 0x00, 0x00, 0x00, 0x00, 0x42, 0xab, 0x00, 0xa3, 0x60, 0xbb, 0x60, 0xb3, 0x40, 0xab,
  0x20, 0x82, 0x00, 0xa3, 0x40, 0xb3, 0xe0, 0xa2, 0xe0, 0xa2, 0xa0, 0xd3, 0x00, 0xed, 0xa3, 0xfe,
  0x4a, 0xff, 0xfe, 0xff, 0xf8, 0xff, 0xfe, 0xff, 0xfa, 0xff, 0xf2, 0xff, 0xe1, 0xfd, 0x01, 0xfe,
  0x00, 0x00, 0x00, 0x00, 0x00, 0x00, 0x00, 0x00, 0x00, 0x00, 0x00, 0x00, 0x00, 0x00, 0x00, 0x00,
  0x00, 0x00, 0x00, 0x00, 0x00, 0x00, 0x00, 0x00, 0x00, 0x00, 0x00, 0x00, 0x00, 0x00, 0x00, 0x00,
  0x00, 0x00, 0x00, 0x00, 0x00, 0x00, 0x00, 0x00, 0x00, 0x00, 0x00, 0xf8, 0x00, 0x00, 0xa0, 0xaa,
  0x00, 0x00, 0x00, 0x00, 0x00, 0x00, 0x00, 0xf8, 0x64, 0x93, 0xa2, 0x8a, 0x61, 0x82, 0x61, 0x7a,
  0xc1, 0x8a, 0xc1, 0x92, 0xc1, 0x8a, 0xc1, 0x8a, 0xa1, 0x8a, 0x21, 0xa3, 0x01, 0x9b, 0x40, 0x82,
  0x80, 0x8a, 0x00, 0xa3, 0x80, 0x8a, 0xc1, 0x9a, 0x00, 0xa3, 0x00, 0xbb, 0xa0, 0xdb, 0xc0, 0xfd,
  0x27, 0xff, 0xf6, 0xff, 0x8f, 0xff, 0xd3, 0xff, 0xf2, 0xff, 0x41, 0xfe, 0x60, 0xe3, 0x41, 0xdc,
  0x80, 0xb3, 0xc0, 0xa2, 0x20, 0xb3, 0x60, 0xbb, 0x20, 0xb3, 0x00, 0xab, 0xc0, 0xcb, 0x60, 0x8a,
  0x00, 0x7a, 0x20, 0xb3, 0x41, 0xb3, 0x00, 0xab, 0x21, 0xab, 0x81, 0xb3, 0x41, 0xab, 0xa2, 0xb3,
  0x83, 0xab, 0x20, 0xcb, 0x00, 0x00, 0x00, 0x00, 0x42, 0xbb, 0x20, 0xcb, 0xa0, 0xaa, 0x00, 0xf8,
  0x00, 0x00, 0x00, 0x00, 0xa0, 0xaa, 0x81, 0xbb, 0x82, 0xb3, 0x40, 0x7a, 0x81, 0x82, 0x21, 0xab,
  0x62, 0xa3, 0x64, 0xb3, 0x82, 0xb3, 0x62, 0xb3, 0x00, 0x84, 0x00, 0x00, 0x00, 0x00, 0x00, 0x00,
  0x00, 0x00, 0x00, 0x00, 0x00, 0x00, 0x00, 0x00, 0x00, 0x00, 0x00, 0x00, 0x00, 0x00, 0x00, 0x00,
  0x00, 0x00, 0x00, 0x00, 0x00, 0x00, 0x00, 0x00, 0x00, 0x00, 0x82, 0xab, 0x82, 0xab, 0x00, 0xf8,
  0x00, 0x00, 0x00, 0x00, 0x00, 0x00, 0x00, 0x84, 0x00, 0x00, 0x00, 0x00, 0x00, 0x00, 0x00, 0x00,
  0x00, 0x00, 0x00, 0x00, 0x00, 0x00, 0x00, 0x00, 0x00, 0x00, 0x00, 0x00, 0x00, 0x00, 0x00, 0x00,
  0x00, 0x00, 0x00, 0x00, 0x00, 0x00, 0x00, 0x00, 0x00, 0x00, 0x00, 0x00, 0x00, 0x00, 0x00, 0x00,
  0x00, 0x00, 0x00, 0x00, 0x00, 0x00, 0x00, 0x00, 0x00, 0x00, 0x00, 0x00, 0x00, 0x00, 0x00, 0x00,
  0x00, 0x00, 0x00, 0x00, 0x00, 0x00, 0x00, 0x00, 0x00, 0x00, 0x00, 0x00, 0x00, 0x00, 0x00, 0x00,
  0x00, 0x00, 0x00, 0x00, 0x00, 0x00, 0x00, 0x00, 0x00, 0x00, 0x00, 0x00, 0x00, 0x00, 0x00, 0x00,
  0x00, 0x00, 0x00, 0x00, 0x00, 0x00, 0x00, 0x00, 0x00, 0x00, 0x00, 0x00, 0x00, 0x00, 0x00, 0x00,
  0x00, 0x00, 0x00, 0x00, 0x00, 0x00, 0x00, 0x00, 0x00, 0x00, 0x00, 0xbc, 0x00, 0x84, 0xa0, 0xaa,
  0xa0, 0xaa, 0x00, 0x00, 0x41, 0xab, 0xe0, 0x9a, 0x00, 0xa3, 0x00, 0xab, 0xa0, 0xc3, 0xc0, 0x9a,
  0x00, 0x7a, 0xa0, 0x92, 0x00, 0xab, 0x40, 0xab, 0xc0, 0xcb, 0x40, 0xc3, 0x80, 0xe4, 0x60, 0xfe,
  0xd2, 0xff, 0xfc, 0xff, 0xfa, 0xff, 0xfd, 0xff, 0xf5, 0xff, 0xad, 0xff, 0x61, 0xfe, 0x40, 0xfd,
  0x00, 0x00, 0x00, 0x00, 0x00, 0x00, 0x00, 0x00, 0x00, 0x00, 0x00, 0x00, 0x00, 0x00, 0x00, 0x00,
  0x00, 0x00, 0x00, 0x00, 0x00, 0x00, 0x00, 0x00, 0x00, 0x00, 0x00, 0x00, 0x00, 0x00, 0x00, 0x00,
  0x00, 0x00, 0x00, 0x00, 0x00, 0x00, 0x00, 0x00, 0x00, 0x00, 0x00, 0x00, 0xa0, 0xaa, 0x00, 0x00,
  0x00, 0x00, 0x00, 0xf8, 0x00, 0x00, 0xe2, 0x8a, 0x61, 0x7a, 0xc0, 0x69, 0x61, 0x82, 0xc1, 0x92,
  0x01, 0x9b, 0x02, 0x9b, 0xc1, 0x8a, 0xe1, 0x92, 0x01, 0xa3, 0xc1, 0x9a, 0x41, 0xa3, 0xe1, 0x9a,
  0x80, 0x8a, 0xa0, 0x92, 0xe0, 0xa2, 0x40, 0xab, 0xc0, 0x9a, 0x00, 0xb3, 0xc0, 0xd3, 0x40, 0xf5,
  0xc1, 0xfe, 0xb0, 0xff, 0xd3, 0xff, 0xf4, 0xff, 0xf7, 0xff, 0xc6, 0xfe, 0x40, 0xf5, 0xc1, 0xe4,
  0x21, 0xb3, 0x60, 0x92, 0xa0, 0xa2, 0xa2, 0xe4, 0x22, 0xdc, 0x60, 0x92, 0xc0, 0xa2, 0x00, 0xa3,
  0x80, 0x8a, 0x80, 0x92, 0x21, 0xab, 0xe0, 0xa2, 0x01, 0xa3, 0x61, 0xb3, 0x04, 0x9b, 0xa2, 0xb3,
  0x00, 0x84, 0x00, 0x00, 0x64, 0xb3, 0x04, 0xbc, 0x20, 0xcb, 0x00, 0x00, 0x00, 0x00, 0x00, 0xac,
  0x20, 0xcb, 0x03, 0xb4, 0xa1, 0xb3, 0x61, 0xb3, 0x62, 0xab, 0x22, 0xa3, 0x62, 0xab, 0x62, 0xb3,
  0x81, 0xab, 0x23, 0xb3, 0x41, 0xb3, 0xa2, 0xb3, 0x64, 0xb3, 0x00, 0x00, 0x00, 0x00, 0x00, 0x00,
  0x00, 0x00, 0x00, 0x00, 0x00, 0x00, 0x00, 0x00, 0x00, 0x00, 0x00, 0x00, 0x00, 0x00, 0x00, 0x00,
  0x00, 0x00, 0x00, 0x00, 0x00, 0x00, 0x00, 0x00, 0x00, 0x00, 0xa2, 0xab, 0x62, 0xb3, 0x43, 0xab,
  0x00, 0x00, 0x00, 0x00, 0x00, 0x00, 0x00, 0x00, 0x00, 0x00, 0x00, 0x00, 0x00, 0x00, 0x00, 0x00,
  0x00, 0x00, 0x00, 0x00, 0x00, 0x00, 0x00, 0x00, 0x00, 0x00, 0x00, 0x00, 0x00, 0x00, 0x00, 0x00,
  0x00, 0x00, 0x00, 0x00, 0x00, 0x00, 0x00, 0x00, 0x00, 0x00, 0x00, 0x00, 0x00, 0x00, 0x00, 0x00,
  0x00, 0x00, 0x00, 0x00, 0x00, 0x00, 0x00, 0x00, 0x00, 0x00, 0x00, 0x00, 0x00, 0x00, 0x00, 0x00,
  0x00, 0x00, 0x00, 0x00, 0x00, 0x00, 0x00, 0x00, 0x00, 0x00, 0x00, 0x00, 0x00, 0x00, 0x00, 0x00,
  0x00, 0x00, 0x00, 0x00, 0x00, 0x00, 0x00, 0xf8, 0x00, 0xf8, 0x00, 0x00, 0x00, 0x00, 0x00, 0x00,
  0x00, 0x00, 0x00, 0x00, 0x00, 0x00, 0x00, 0x00, 0x00, 0x00, 0x00, 0x00, 0x00, 0x00, 0x00, 0x00,
  0x00, 0x00, 0x00, 0x00, 0x00, 0x00, 0x00, 0x00, 0x00, 0xf8, 0x00, 0x00, 0x00, 0x00, 0x00, 0xbc,
  0x00, 0xf8, 0x83, 0xab, 0x21, 0xab, 0xe0, 0x9a, 0x42, 0xcc, 0xe0, 0xaa, 0x60, 0xbb, 0x80, 0x8a,
  0xe0, 0x71, 0x60, 0x82, 0xe0, 0xa2, 0x80, 0xbb, 0x00, 0xed, 0xc0, 0xdb, 0x41, 0xf5, 0xa0, 0xfe,
  0xf8, 0xff, 0xfe, 0xff, 0xfa, 0xff, 0xf9, 0xff, 0xef, 0xff, 0xc5, 0xfe, 0x62, 0xfe, 0x00, 0xf5,
  0x00, 0x00, 0x00, 0x00, 0x00, 0x00, 0x00, 0x00, 0x00, 0x00, 0x00, 0x00, 0x00, 0x00, 0x00, 0x00,
  0x00, 0x00, 0x00, 0x00, 0x00, 0x00, 0x00, 0x00, 0x00, 0x00, 0x00, 0x00, 0x00, 0x00, 0x00, 0x00,
  0x00, 0x00, 0x00, 0x00, 0x00, 0x00, 0x00, 0x00, 0x00, 0x84, 0x00, 0x84, 0x00, 0x00, 0x00, 0x00,
  0xe2, 0x8a, 0xe2, 0x8a, 0x62, 0x72, 0x01, 0x62, 0x21, 0x72, 0x81, 0x8a, 0x01, 0x9b, 0x01, 0x9b,
  0x01, 0x93, 0xe1, 0x92, 0xe1, 0x92, 0x22, 0x9b, 0x22, 0xa3, 0xe1, 0x9a, 0x81, 0xbb, 0x81, 0xbb,
  0xe1, 0x9a, 0x20, 0xa3, 0x80, 0xc3, 0x60, 0xbb, 0xa0, 0x92, 0x60, 0xbb, 0x40, 0xe4, 0x40, 0xf5,
  0x20, 0xed, 0x63, 0xfe, 0xf7, 0xff, 0xf5, 0xff, 0xd2, 0xff, 0x70, 0xff, 0x01, 0xfe, 0xa0, 0xec,
  0xe0, 0xd3, 0x00, 0xab, 0x20, 0xab, 0x20, 0xb3, 0xe1, 0xcb, 0x61, 0xbb, 0xe0, 0xa2, 0xe0, 0xa2,
  0xe1, 0x9a, 0x00, 0x7a, 0x80, 0x92, 0xc0, 0xa2, 0x00, 0xa3, 0x42, 0xa3, 0x82, 0xab, 0x62, 0xab,
  0x64, 0xb3, 0x62, 0xb3, 0xa0, 0xaa, 0x04, 0xbc, 0x04, 0xbc, 0x00, 0xf8, 0xa0, 0xaa, 0x00, 0xf8,
  0x03, 0xb4, 0x00, 0x00, 0x41, 0xab, 0x81, 0xb3, 0xa2, 0xb3, 0x62, 0xb3, 0x00, 0x84, 0x62, 0xb3,
  0x20, 0x9b, 0xa0, 0xaa, 0x00, 0x00, 0x00, 0x00, 0x00, 0x00, 0x00, 0x00, 0x00, 0x00, 0x00, 0x00,
  0x00, 0x00, 0x00, 0x00, 0x00, 0x00, 0x00, 0x00, 0x00, 0x00, 0x00, 0x00, 0x00, 0x00, 0x00, 0x00,
  0x00, 0x00, 0x00, 0x00, 0x00, 0x00, 0x00, 0x00, 0x00, 0xf8, 0x00, 0xbc, 0x42, 0xab, 0xa2, 0xab,
  0x00, 0x00, 0x00, 0x00, 0x00, 0xf8, 0x00, 0xf8, 0x00, 0x00, 0x00, 0x00, 0x00, 0x00, 0x00, 0x00,
  0x00, 0x00, 0x00, 0x00, 0x00, 0x00, 0x00, 0x00, 0x00, 0x00, 0x00, 0x00, 0x00, 0x00, 0x00, 0x00,
  0x00, 0x00, 0x00, 0x00, 0x00, 0x00, 0x00, 0x00, 0x00, 0x00, 0x00, 0x00, 0x00, 0x00, 0x00, 0x00,
  0x00, 0x00, 0x00, 0x00, 0x00, 0x00, 0x00, 0x00, 0x00, 0x00, 0x00, 0x00, 0x00, 0x00, 0x00, 0x00,
  0x00, 0x00, 0x00, 0x00, 0x00, 0x00, 0x00, 0x00, 0x00, 0x00, 0x00, 0x00, 0x00, 0x00, 0x00, 0x00,
  0x00, 0x00, 0x00, 0x00, 0x00, 0x00, 0x00, 0x00, 0x00, 0x00, 0x00, 0x00, 0x00, 0x00, 0x00, 0x00,
  0x00, 0x00, 0x00, 0x00, 0x00, 0x00, 0x00, 0x00, 0x00, 0x00, 0x00, 0x00, 0x00, 0x00, 0x00, 0x00,
  0x00, 0x00, 0x00, 0x00, 0x00, 0x00, 0x00, 0x00, 0xa0, 0xaa, 0xa2, 0xbb, 0x00, 0x00, 0x00, 0x00,
  0xa0, 0xaa, 0xa2, 0xb3, 0x00, 0x9b, 0xa0, 0xb3, 0x43, 0xd4, 0x00, 0xb3, 0xa0, 0x92, 0x40, 0x82,
  0x60, 0x8a, 0x60, 0xb3, 0x40, 0xb3, 0xa0, 0xec, 0x20, 0xf5, 0x80, 0xec, 0xa0, 0xfd, 0x6a, 0xff,
  0xfc, 0xff, 0xfd, 0xff, 0xf7, 0xff, 0xf4, 0xff, 0xcc, 0xff, 0x84, 0xfe, 0x61, 0xfe, 0xe0, 0xfd,
  0x00, 0x00, 0x00, 0x00, 0x00, 0x00, 0x00, 0x00, 0x00, 0x00, 0x00, 0x00, 0x00, 0x00, 0x00, 0x00,
  0x00, 0x00, 0x00, 0x00, 0x00, 0x00, 0x00, 0x00, 0x00, 0x00, 0x00, 0x00, 0x00, 0x00, 0x00, 0x00,
  0x00, 0x00, 0x00, 0x00, 0x00, 0x00, 0x00, 0x00, 0x00, 0x00, 0xa3, 0x8a, 0xa2, 0x8a, 0x42, 0x72,
  0x01, 0x62, 0x02, 0x62, 0x22, 0x6a, 0x82, 0x7a, 0x64, 0x93, 0xe2, 0x9a, 0x02, 0x9b, 0xe1, 0x92,
  0xe1, 0x92, 0xe2, 0x92, 0xe2, 0x9a, 0x01, 0x9b, 0x22, 0xa3, 0xe1, 0xa2, 0x41, 0xab, 0x41, 0xab,
  0x00, 0xa3, 0xe0, 0xa2, 0x60, 0xbb, 0x40, 0xb3, 0x20, 0xab, 0xa0, 0xc3, 0x00, 0xdc, 0x41, 0xf5,
  0xa0, 0xe4, 0x21, 0xfe, 0xf8, 0xff, 0xf7, 0xff, 0xd0, 0xff, 0xb4, 0xff, 0x29, 0xff, 0x40, 0xe4,
  0xe0, 0xd3, 0x61, 0xc3, 0x20, 0xbb, 0xa0, 0x9a, 0xa0, 0xa2, 0x01, 0xd4, 0x41, 0xb3, 0xa0, 0x92,
  0x21, 0xab, 0xa0, 0x9a, 0x80, 0x92, 0xe0, 0xa2, 0xe0, 0xa2, 0x22, 0xa3, 0x41, 0xab, 0x01, 0xa3,
  0x01, 0xa3, 0x41, 0xab, 0x42, 0xab, 0x82, 0xab, 0xa2, 0xab, 0x03, 0xb4, 0x00, 0x84, 0x00, 0xac,
  0x60, 0xb3, 0x42, 0xab, 0x41, 0xab, 0x82, 0xb3, 0x62, 0xab, 0x62, 0xb3, 0xa2, 0xab, 0xa0, 0xaa,
  0x00, 0x00, 0x00, 0x00, 0x00, 0x00, 0x00, 0x00, 0x00, 0x00, 0x00, 0x00, 0x00, 0x00, 0x00, 0x00,
  0x00, 0x00, 0x00, 0x00, 0x00, 0x00, 0x00, 0x00, 0x00, 0x00, 0x00, 0x00, 0x00, 0x00, 0x00, 0x00,
  0x00, 0x00, 0x00, 0x00, 0x00, 0x00, 0x00, 0x00, 0x00, 0x00, 0x00, 0x00, 0x01, 0x9b, 0xe1, 0x92,
  0x00, 0xac, 0xa0, 0xaa, 0x00, 0x00, 0x00, 0x00, 0x00, 0x00, 0x00, 0x00, 0x00, 0x00, 0x00, 0x00,
  0x00, 0x00, 0x00, 0x00, 0x00, 0x00, 0x00, 0x00, 0x00, 0x00, 0x00, 0x00, 0x00, 0x00, 0x00, 0x00,
  0x00, 0x00, 0x00, 0x00, 0x00, 0x00, 0x00, 0x00, 0x00, 0x00, 0x00, 0x00, 0x00, 0x00, 0x00, 0x00,
  0x00, 0x00, 0x00, 0x00, 0x00, 0x00, 0x00, 0x00, 0x00, 0xf8, 0x00, 0x00, 0x00, 0x00, 0x00, 0x00,
  0x00, 0x00, 0x00, 0x00, 0x00, 0x00, 0x00, 0x00, 0x00, 0x00, 0x00, 0x00, 0x00, 0x00, 0x00, 0x00,
  0x00, 0x00, 0x00, 0x00, 0x00, 0x00, 0x00, 0x00, 0x00, 0xf8, 0x00, 0x00, 0x00, 0x00, 0x00, 0x00,
  0x00, 0x00, 0x00, 0x00, 0x00, 0x00, 0x00, 0x00, 0x00, 0x00, 0x00, 0x00, 0x00, 0x00, 0x00, 0x00,
  0x00, 0x00, 0x00, 0x00, 0x00, 0x00, 0x00, 0x00, 0x04, 0xbc, 0x00, 0xf8, 0x00, 0xf8, 0x00, 0xf8,
  0x20, 0xcb, 0xe0, 0xa2, 0xa0, 0xbb, 0x62, 0xd4, 0x60, 0x82, 0xa0, 0x9a, 0xc0, 0x9a, 0x60, 0x82,
  0x40, 0x8a, 0x20, 0xb3, 0xa0, 0xcb, 0x00, 0xed, 0xe0, 0xec, 0xa0, 0xf5, 0x00, 0xfe, 0xf6, 0xff,
  0xfd, 0xff, 0xfb, 0xff, 0xf6, 0xff, 0xd3, 0xff, 0xaa, 0xff, 0x29, 0xff, 0x40, 0xfe, 0x80, 0xfe,
  0x00, 0x00, 0x00, 0x00, 0x00, 0x00, 0x00, 0x00, 0x00, 0x00, 0x00, 0x00, 0x00, 0x00, 0x00, 0x00,
  0x00, 0x00, 0x00, 0x00, 0x00, 0x00, 0x00, 0x00, 0x00, 0x00, 0x00, 0xf8, 0x00, 0x00, 0x00, 0x00,
  0x00, 0x00, 0x00, 0x00, 0x00, 0xf8, 0xa5, 0x82, 0xa2, 0x82, 0x41, 0x72, 0x21, 0x6a, 0x21, 0x6a,
  0x41, 0x72, 0x82, 0x82, 0x64, 0x93, 0x00, 0x00, 0x23, 0x9b, 0x02, 0x93, 0xe2, 0x92, 0xe2, 0x9a,
  0x01, 0x9b, 0x01, 0x9b, 0x22, 0x9b, 0x22, 0xa3, 0x62, 0xa3, 0x61, 0xab, 0x61, 0xab, 0x21, 0xa3,
  0xe0, 0x9a, 0xe0, 0xa2, 0x60, 0xbb, 0x20, 0xab, 0xa0, 0xc3, 0xa0, 0xcb, 0xe0, 0xd3, 0x80, 0xe4,
  0x20, 0xed, 0x62, 0xfe, 0xb2, 0xff, 0xd3, 0xff, 0xf8, 0xff, 0xf6, 0xff, 0xf5, 0xff, 0xc2, 0xfd,
  0x80, 0xd3, 0x60, 0xbb, 0x80, 0xbb, 0x41, 0xab, 0xe0, 0xa2, 0xa0, 0x9a, 0x20, 0xb3, 0xa1, 0xc3,
  0x20, 0xab, 0xa0, 0x92, 0x80, 0x9a, 0x01, 0xa3, 0xa0, 0x92, 0x81, 0xb3, 0x21, 0xa3, 0x01, 0x9b,
  0x01, 0x9b, 0x42, 0xa3, 0x62, 0xb3, 0xa2, 0xbb, 0x83, 0xab, 0x60, 0xb3, 0x00, 0xbc, 0xa2, 0xbb,
  0x01, 0xa3, 0xc0, 0x9a, 0x21, 0xa3, 0x42, 0xa3, 0xe1, 0x9a, 0x62, 0xab, 0x41, 0xab, 0xa0, 0xaa,
  0x64, 0xb3, 0x00, 0xbc, 0x00, 0x00, 0x00, 0x00, 0x00, 0x00, 0x00, 0x00, 0x00, 0x00, 0x00, 0x00,
  0x00, 0x00, 0x00, 0x00, 0x00, 0x00, 0x00, 0x00, 0x00, 0x00, 0x00, 0x00, 0x00, 0x00, 0x00, 0x00,
  0x00, 0x00, 0x00, 0x00, 0x00, 0x00, 0x00, 0x00, 0xa0, 0xaa, 0x42, 0xab, 0xa1, 0x8a, 0x81, 0x82,
  0x42, 0xa3, 0xa0, 0xaa, 0x00, 0x84, 0xa0, 0xaa, 0x00, 0x84, 0x00, 0x00, 0x00, 0x00, 0x00, 0xf8,
  0xa0, 0xaa, 0xa0, 0xaa, 0x00, 0x00, 0x00, 0x00, 0x00, 0xf8, 0x00, 0x00, 0x00, 0x00, 0x00, 0x00,
  0x00, 0x00, 0x00, 0x00, 0x00, 0x00, 0x00, 0x00, 0x00, 0x00, 0x00, 0x00, 0x00, 0x00, 0x00, 0x00,
  0x00, 0x00, 0x00, 0x00, 0x00, 0x00, 0x00, 0x00, 0x64, 0xb3, 0x00, 0x00, 0x00, 0x00, 0x00, 0x00,
  0x00, 0x00, 0x00, 0x00, 0x00, 0x00, 0x00, 0x00, 0x00, 0x00, 0x00, 0x00, 0x00, 0x00, 0x00, 0x00,
  0x00, 0x00, 0x00, 0x00, 0x00, 0x00, 0x00, 0x00, 0x00, 0x00, 0x00, 0x00, 0x00, 0x00, 0x00, 0x00,
  0x00, 0x00, 0x00, 0x00, 0x00, 0x00, 0x00, 0x00, 0x00, 0x00, 0x00, 0x00, 0x00, 0x00, 0x00, 0x00,
  0x00, 0x00, 0x00, 0x00, 0x00, 0x00, 0x00, 0x00, 0x41, 0xa3, 0xa0, 0xaa, 0x03, 0xb4, 0x00, 0xbc,
  0x21, 0xa3, 0xe0, 0x9a, 0xc3, 0xdc, 0xa1, 0xbb, 0x80, 0x8a, 0x00, 0xab, 0xc0, 0x9a, 0x40, 0x7a,
  0xe0, 0xa2, 0xa0, 0xc3, 0xc0, 0xec, 0x20, 0xf5, 0x62, 0xf5, 0x62, 0xfe, 0xe5, 0xfe, 0xfb, 0xff,
  0xfd, 0xff, 0xfa, 0xff, 0xf8, 0xff, 0x8a, 0xff, 0x43, 0xff, 0xa3, 0xfe, 0x60, 0xfd, 0xc0, 0xfd,
  0x00, 0x00, 0x00, 0x00, 0x00, 0x00, 0x00, 0x00, 0x00, 0x00, 0x00, 0x00, 0x00, 0x00, 0x00, 0x00,
  0x00, 0x00, 0x00, 0x00, 0x00, 0x00, 0x00, 0x00, 0x00, 0x00, 0x00, 0x00, 0x00, 0xf8, 0x63, 0x82,
  0x63, 0x7a, 0x42, 0x72, 0x22, 0x6a, 0x42, 0x72, 0x42, 0x72, 0x62, 0x72, 0xa2, 0x82, 0x04, 0x8b,
  0x00, 0x00, 0x00, 0x00, 0x00, 0x84, 0xa5, 0xaa, 0xc2, 0x92, 0xe2, 0x92, 0x01, 0x93, 0x03, 0x9b,
  0x01, 0x9b, 0x21, 0xa3, 0xe2, 0xa2, 0x62, 0xa3, 0x22, 0xa3, 0x41, 0xab, 0x21, 0xa3, 0x21, 0xab,
  0xe1, 0xa2, 0x60, 0xb3, 0x60, 0xe4, 0xc0, 0xc3, 0xc0, 0xcb, 0x00, 0xdc, 0xa0, 0xcb, 0xa0, 0xcb,
  0xe1, 0xec, 0x21, 0xfe, 0x69, 0xff, 0xb2, 0xff, 0xf8, 0xff, 0xd4, 0xff, 0xf4, 0xff, 0x44, 0xff,
  0xe0, 0xec, 0x60, 0xc3, 0xa0, 0xc3, 0x21, 0xd4, 0xe1, 0xcb, 0x60, 0x92, 0x61, 0xb3, 0x22, 0xf5,
  0xc1, 0xc3, 0x00, 0xa3, 0x40, 0xb3, 0xe2, 0xcb, 0xe2, 0xcb, 0x40, 0xb3, 0x60, 0x8a, 0xc0, 0x92,
  0x22, 0xa3, 0x41, 0xab, 0x62, 0xab, 0x21, 0xa3, 0x22, 0xa3, 0x00, 0x84, 0x00, 0x00, 0x21, 0xab,
  0x00, 0xa3, 0xe0, 0x9a, 0x60, 0x8a, 0xa1, 0x8a, 0x02, 0x9b, 0x42, 0xab, 0xa2, 0xbb, 0x00, 0xbc,
  0x00, 0xf8, 0x00, 0x00, 0x00, 0x84, 0xa0, 0xaa, 0x00, 0x84, 0x00, 0x00, 0x00, 0x00, 0x00, 0x00,
  0x00, 0x00, 0x00, 0x00, 0x00, 0x00, 0x00, 0x00, 0x00, 0x00, 0x00, 0x00, 0x00, 0x00, 0x00, 0x00,
  0x00, 0x00, 0x00, 0x00, 0x00, 0x00, 0x00, 0x00, 0x00, 0xbc, 0xa2, 0xa3, 0x42, 0xa3, 0xc1, 0x8a,
  0x22, 0xa3, 0x00, 0xf8, 0x00, 0x84, 0x00, 0x84, 0x00, 0x00, 0x00, 0x00, 0x00, 0x00, 0xa0, 0xaa,
  0x00, 0x00, 0x00, 0x84, 0x00, 0x00, 0x00, 0x00, 0x00, 0x00, 0x00, 0x00, 0x00, 0x00, 0x00, 0x00,
  0x00, 0x00, 0x00, 0x00, 0x00, 0x00, 0x00, 0x00, 0x00, 0x00, 0x00, 0x00, 0x00, 0x00, 0x00, 0x00,
  0x00, 0x00, 0x00, 0x00, 0x00, 0x00, 0x00, 0x00, 0x00, 0xf8, 0x00, 0x00, 0x00, 0x00, 0x00, 0x00,
  0x00, 0x00, 0x00, 0x00, 0x00, 0x00, 0x00, 0x00, 0x00, 0xf8, 0x00, 0x00, 0x00, 0x00, 0x00, 0x00,
  0x00, 0x00, 0x00, 0x00, 0x00, 0x00, 0x00, 0x00, 0x00, 0x00, 0x00, 0x00, 0x00, 0x00, 0x00, 0x00,
  0x00, 0x00, 0x00, 0x00, 0x00, 0xf8, 0x00, 0x00, 0x00, 0x00, 0x00, 0x00, 0x00, 0x00, 0x00, 0x00,
  0x00, 0xf8, 0x00, 0xf8, 0x00, 0x00, 0x00, 0xf8, 0xc1, 0x8a, 0x82, 0xbb, 0x00, 0xf8, 0x42, 0xab,
  0xa0, 0x92, 0xa1, 0xdc, 0x41, 0xdc, 0x60, 0xb3, 0x01, 0xa3, 0x20, 0xb3, 0xc0, 0x69, 0x40, 0x82,
  0x60, 0xbb, 0x60, 0xe4, 0xc0, 0xf4, 0x20, 0xfd, 0xc1, 0xfd, 0xc0, 0xfd, 0xd4, 0xff, 0xfc, 0xff,
  0xf9, 0xff, 0xf7, 0xff, 0xd2, 0xff, 0xd2, 0xff, 0x03, 0xff, 0x00, 0xfe, 0x20, 0xf5, 0x60, 0xf5,
  0x00, 0x00, 0x00, 0x00, 0x00, 0x00, 0x00, 0x00, 0x00, 0x00, 0x00, 0x00, 0x00, 0x00, 0x00, 0x00,
  0x00, 0x00, 0x00, 0x00, 0x00, 0x00, 0x00, 0x00, 0xa0, 0xaa, 0x82, 0x82, 0x42, 0x7a, 0x02, 0x6a,
  0x21, 0x72, 0x42, 0x7a, 0xa2, 0x8a, 0xa2, 0x8a, 0xc2, 0x8a, 0xa3, 0x8a, 0x00, 0x00, 0x00, 0x00,
  0x00, 0x00, 0x00, 0x84, 0x00, 0x00, 0x20, 0x9b, 0x26, 0x9b, 0xe2, 0x92, 0x22, 0x9b, 0x20, 0x9b,
  0x83, 0xab, 0x42, 0xa3, 0x03, 0x9b, 0x41, 0xa3, 0x23, 0xa3, 0xe1, 0x9a, 0xe1, 0xa2, 0x22, 0xab,
  0xc1, 0x9a, 0xc0, 0xa2, 0x20, 0xdc, 0xc1, 0xec, 0x61, 0xe4, 0x60, 0xc3, 0xa0, 0xa2, 0x80, 0xc3,
  0x01, 0xed, 0x40, 0xf5, 0x81, 0xf5, 0x4c, 0xff, 0xf8, 0xff, 0xd2, 0xff, 0xf3, 0xff, 0xd2, 0xff,
  0x82, 0xff, 0x60, 0xf5, 0xe0, 0xec, 0xc0, 0xc3, 0x80, 0x92, 0xa0, 0x9a, 0x82, 0x8a, 0x03, 0xed,
  0x61, 0xfd, 0xc1, 0xec, 0x60, 0xdc, 0x00, 0xd4, 0x82, 0xdc, 0xc1, 0xc3, 0x00, 0x7a, 0x20, 0x7a,
  0x22, 0xa3, 0x21, 0xab, 0x21, 0xa3, 0xe0, 0x9a, 0x01, 0x9b, 0xc1, 0xc3, 0x41, 0xb3, 0x61, 0xb3,
  0x80, 0xbb, 0xa0, 0x92, 0x60, 0x82, 0xe1, 0x92, 0x01, 0x93, 0x82, 0xb3, 0x62, 0xb3, 0x00, 0x00,
  0x20, 0x9b, 0xa2, 0xb3, 0x00, 0x84, 0x20, 0x9b, 0x00, 0xbc, 0x00, 0x00, 0x00, 0x00, 0x00, 0x00,
  0x00, 0x00, 0x00, 0x00, 0x00, 0x00, 0x00, 0x00, 0x00, 0x00, 0x00, 0x00, 0x00, 0x84, 0x00, 0x00,
  0x00, 0x00, 0x00, 0x00, 0x00, 0x00, 0xa0, 0xaa, 0xa2, 0xb3, 0x42, 0xab, 0x62, 0xab, 0xe1, 0x92,
  0xc1, 0x9a, 0x04, 0xbc, 0x00, 0x00, 0x00, 0x00, 0x00, 0x00, 0x00, 0x00, 0x00, 0x00, 0x00, 0x00,
  0x00, 0x00, 0x00, 0x00, 0x00, 0x00, 0x00, 0x00, 0x00, 0x00, 0x00, 0x00, 0x00, 0x00, 0x00, 0x00,
  0x00, 0x00, 0x00, 0x00, 0x00, 0x00, 0x00, 0x00, 0x00, 0x00, 0x00, 0xf8, 0x00, 0x00, 0x00, 0x00,
  0x00, 0x00, 0x00, 0x00, 0x00, 0x00, 0x00, 0x00, 0x00, 0x00, 0x00, 0x00, 0x00, 0x00, 0x00, 0x00,
  0x00, 0x00, 0x00, 0x00, 0x64, 0xb3, 0xa0, 0xaa, 0x00, 0x84, 0x00, 0x00, 0x00, 0x00, 0x00, 0x00,
  0x00, 0x00, 0x00, 0x00, 0x00, 0x00, 0x00, 0x00, 0x00, 0x00, 0x00, 0x00, 0x00, 0x00, 0x00, 0x00,
  0x00, 0x00, 0x00, 0x00, 0x00, 0x00, 0x00, 0x00, 0x00, 0x00, 0x00, 0x00, 0x00, 0x00, 0x00, 0x00,
  0x00, 0x00, 0x00, 0x00, 0x00, 0x00, 0xa0, 0xaa, 0x22, 0x9b, 0x81, 0xbb, 0x00, 0x84, 0xc0, 0x92,
  0xe0, 0xc3, 0x41, 0xdc, 0xa0, 0x92, 0x80, 0x8a, 0x40, 0x7a, 0x00, 0xab, 0x20, 0x82, 0x20, 0xab,
  0x00, 0xab, 0xc0, 0xcb, 0xa0, 0xec, 0xa2, 0xfd, 0x43, 0xfe, 0x82, 0xfe, 0xfb, 0xff, 0xfb, 0xff,
  0xf9, 0xff, 0xf4, 0xff, 0x8a, 0xff, 0x4b, 0xff, 0x25, 0xff, 0x80, 0xf5, 0x40, 0xf5, 0x80, 0xec,
  0x00, 0x00, 0x00, 0x00, 0x00, 0x00, 0x00, 0x00, 0x00, 0x00, 0x00, 0x00, 0x20, 0x63, 0xa3, 0x72,
  0x00, 0x00, 0x00, 0x82, 0x42, 0x82, 0x42, 0x7a, 0x42, 0x72, 0x42, 0x72, 0x42, 0x72, 0x62, 0x7a,
  0x82, 0x7a, 0x82, 0x82, 0xc2, 0x8a, 0xe2, 0x8a, 0x04, 0x8b, 0x20, 0x9b, 0xa0, 0xaa, 0x20, 0x9b,
  0x20, 0x9b, 0x00, 0x00, 0x00, 0x00, 0x00, 0xf8, 0x00, 0x84, 0xa0, 0xaa, 0x20, 0x9b, 0x00, 0xf8,
  0xa0, 0xaa, 0x00, 0x84, 0x00, 0x84, 0x42, 0x93, 0x22, 0x9b, 0x43, 0xa3, 0xe1, 0x92, 0xe1, 0x92,
  0xe2, 0x9a, 0x41, 0xab, 0xc0, 0x9a, 0xa0, 0x92, 0xe1, 0x9a, 0xe0, 0xa2, 0xc0, 0xa2, 0x00, 0xb3,
  0x40, 0xdc, 0x60, 0xf5, 0x20, 0xf5, 0xc9, 0xfe, 0xf6, 0xf7, 0xf8, 0xff, 0xf6, 0xff, 0xd3, 0xff,
  0xaf, 0xff, 0xa3, 0xfe, 0x80, 0xec, 0x20, 0xf5, 0xe0, 0xec, 0x61, 0xdc, 0x60, 0x8a, 0xe1, 0x9a,
  0xc2, 0xe4, 0x06, 0xf6, 0x61, 0xb3, 0x61, 0xdc, 0x01, 0xed, 0xe3, 0xe4, 0xa2, 0xbb, 0x20, 0x7a,
  0xc0, 0x9a, 0x20, 0xab, 0x41, 0xb3, 0xc0, 0x9a, 0x80, 0x92, 0xa3, 0xe4, 0x02, 0xed, 0xc2, 0xe4,
  0x21, 0x92, 0x61, 0x8a, 0xe2, 0xc3, 0x62, 0xb3, 0x21, 0xa3, 0x21, 0xa3, 0x61, 0xb3, 0x82, 0xab,
  0x20, 0x9b, 0x00, 0x00, 0x00, 0x00, 0x00, 0x00, 0x00, 0xf8, 0x00, 0x00, 0x00, 0x00, 0x00, 0x00,
  0x00, 0x00, 0x00, 0x00, 0x00, 0x00, 0x00, 0x00, 0x00, 0x00, 0x00, 0xf8, 0x00, 0x00, 0x00, 0x00,
  0x00, 0x00, 0x00, 0x00, 0x00, 0xf8, 0x82, 0xab, 0xc1, 0x8a, 0x42, 0xab, 0x00, 0x00, 0x00, 0xf8,
  0x00, 0x00, 0x00, 0xbc, 0x00, 0x00, 0x62, 0xb3, 0x62, 0xab, 0x00, 0xf8, 0x00, 0x00, 0x00, 0x00,
  0x00, 0x00, 0x00, 0x00, 0x00, 0x00, 0x00, 0x00, 0x00, 0x00, 0x00, 0x00, 0x00, 0x00, 0x00, 0x00,
  0x00, 0x00, 0x00, 0x00, 0x00, 0x00, 0x00, 0x00, 0x00, 0x00, 0x00, 0x00, 0x00, 0x00, 0x00, 0x00,
  0x00, 0x00, 0x00, 0x00, 0x00, 0x00, 0x00, 0x00, 0x00, 0x00, 0x00, 0xf8, 0x00, 0x00, 0x00, 0x00,
  0x60, 0xb3, 0x02, 0x9b, 0x60, 0xb3, 0x22, 0xab, 0x20, 0x9b, 0x00, 0x00, 0x00, 0x00, 0x00, 0x00,
  0xa0, 0xaa, 0x00, 0x84, 0x00, 0x00, 0x00, 0x00, 0x20, 0x9b, 0x00, 0x00, 0x00, 0x00, 0x00, 0x00,
  0x00, 0x00, 0x00, 0x00, 0x00, 0x00, 0xa0, 0xaa, 0x00, 0x00, 0xa0, 0xaa, 0xa0, 0xaa, 0x00, 0xbc,
  0x00, 0x00, 0x60, 0xb3, 0x03, 0xb4, 0xc1, 0xb3, 0x62, 0xab, 0xa1, 0xb3, 0x80, 0xbb, 0xa0, 0x92,
  0x80, 0xbb, 0x80, 0xb3, 0x80, 0x8a, 0x20, 0x72, 0xe0, 0xa2, 0xa0, 0x92, 0x00, 0xa3, 0x41, 0xbb,
  0x60, 0xbb, 0x00, 0xed, 0x42, 0xf6, 0x63, 0xfe, 0xe1, 0xfe, 0x8b, 0xff, 0xf7, 0xff, 0xfd, 0xff,
  0xf4, 0xff, 0x6f, 0xff, 0xd0, 0xff, 0x47, 0xff, 0x40, 0xfe, 0x81, 0xf5, 0xa1, 0xf5, 0xe0, 0xcb,
  0x00, 0x00, 0x00, 0x00, 0x00, 0x00, 0x00, 0x00, 0x00, 0x00, 0x00, 0x00, 0x00, 0x00, 0x00, 0x00,
  0x84, 0x72, 0x42, 0x7a, 0x42, 0x7a, 0x42, 0x72, 0x42, 0x72, 0x82, 0x82, 0x82, 0x82, 0xa2, 0x82,
  0xa0, 0xaa, 0x00, 0x00, 0x00, 0x00, 0x00, 0x00, 0xa0, 0xaa, 0xa0, 0xaa, 0x00, 0x00, 0x00, 0x00,
  0x00, 0xf8, 0x00, 0x00, 0x00, 0x00, 0x00, 0x00, 0x00, 0xf8, 0xa0, 0xaa, 0x00, 0x84, 0x20, 0x9b,
  0x64, 0x93, 0x20, 0x9b, 0xe2, 0xa2, 0x42, 0x93, 0x43, 0xa3, 0x02, 0x93, 0xa1, 0x92, 0xc1, 0x92,
  0xe1, 0x9a, 0x41, 0xab, 0xe1, 0x9a, 0xa0, 0x92, 0x60, 0x8a, 0xc0, 0xa2, 0x80, 0xbb, 0x80, 0xbb,
  0x80, 0xdc, 0x03, 0xfe, 0x62, 0xf5, 0x02, 0xfe, 0xf4, 0xf7, 0xd3, 0xff, 0xf7, 0xff, 0xf6, 0xff,
  0xd2, 0xff, 0xf4, 0xff, 0x40, 0xfd, 0x60, 0xfd, 0xa2, 0xf5, 0xa1, 0xe4, 0x01, 0xc4, 0x40, 0x82,
  0x80, 0xbb, 0xe7, 0xfe, 0x43, 0xcc, 0x60, 0xbb, 0x83, 0xf5, 0xc0, 0xc3, 0xa2, 0xdc, 0x02, 0xcc,
  0x21, 0xab, 0x41, 0xab, 0x21, 0xa3, 0x40, 0x8a, 0x00, 0xa3, 0x8a, 0xfe, 0xe2, 0xec, 0xc0, 0xaa,
  0x81, 0x9a, 0xc4, 0xe4, 0x24, 0xe5, 0x21, 0xab, 0x61, 0xb3, 0x42, 0xab, 0x81, 0xab, 0x83, 0xab,
  0x00, 0xac, 0x00, 0x00, 0x00, 0x00, 0x00, 0x00, 0xa0, 0xaa, 0x00, 0x00, 0x00, 0x00, 0x00, 0x00,
  0x00, 0x00, 0x00, 0x00, 0x00, 0x00, 0x00, 0x00, 0x00, 0x00, 0x00, 0x00, 0x00, 0x00, 0x00, 0x00,
  0x00, 0x00, 0xa0, 0xaa, 0x00, 0xf8, 0x00, 0x00, 0xe1, 0x92, 0x20, 0xcb, 0x00, 0x00, 0x00, 0xf8,
  0x00, 0xbc, 0x00, 0x84, 0xa0, 0xaa, 0xa2, 0xab, 0x62, 0xab, 0x00, 0xf8, 0x00, 0x00, 0x00, 0x00,
  0x00, 0x00, 0x00, 0x00, 0x00, 0x00, 0x00, 0x00, 0x00, 0x00, 0x00, 0x00, 0x00, 0x00, 0x00, 0x00,
  0x00, 0x00, 0x00, 0x00, 0x00, 0x00, 0x00, 0x00, 0x00, 0x00, 0x00, 0xf8, 0x00, 0x00, 0x00, 0x00,
  0x00, 0x00, 0x00, 0x00, 0x00, 0x00, 0x00, 0x00, 0x00, 0x00, 0x00, 0x00, 0x00, 0x00, 0x00, 0xf8,
  0x04, 0x9b, 0x22, 0xa3, 0x22, 0xa3, 0x42, 0x9b, 0x02, 0xb3, 0x00, 0x00, 0x00, 0x00, 0x00, 0x00,
  0x00, 0xf8, 0x00, 0x00, 0x00, 0x00, 0x00, 0x00, 0x00, 0xf8, 0x00, 0x00, 0x00, 0x00, 0x00, 0x00,
  0x00, 0xf8, 0x00, 0x00, 0x00, 0x00, 0x00, 0x00, 0x00, 0x00, 0xa0, 0xaa, 0x00, 0x00, 0xa0, 0xaa,
  0x64, 0xb3, 0xc1, 0xb3, 0x62, 0xab, 0x82, 0xb3, 0x82, 0xab, 0xa1, 0xb3, 0x80, 0x92, 0x40, 0xb3,
  0xc0, 0xe4, 0x40, 0x82, 0xe0, 0x71, 0x60, 0x8a, 0x20, 0xab, 0xa0, 0x92, 0x20, 0xa3, 0xa0, 0xc3,
  0x00, 0xed, 0xc0, 0xf5, 0xc1, 0xfe, 0x82, 0xfe, 0xe4, 0xfe, 0xd1, 0xff, 0xfa, 0xff, 0xf8, 0xff,
  0xf3, 0xff, 0x88, 0xff, 0xcc, 0xff, 0x47, 0xff, 0x40, 0xfe, 0x40, 0xf5, 0x61, 0xf5, 0xa0, 0xc3,
  0x00, 0x00, 0x00, 0x00, 0x00, 0x00, 0x00, 0x00, 0x00, 0x00, 0xa0, 0x52, 0x82, 0x72, 0x42, 0x72,
  0x42, 0x72, 0x22, 0x72, 0x62, 0x72, 0x42, 0x7a, 0x62, 0x82, 0xa5, 0x82, 0x00, 0x84, 0x00, 0xf8,
  0x00, 0x00, 0x00, 0xf8, 0x00, 0x84, 0xa0, 0xaa, 0xa5, 0x82, 0x00, 0x00, 0x00, 0x00, 0x00, 0x00,
  0x00, 0x00, 0x00, 0x00, 0x00, 0x00, 0x00, 0x00, 0x00, 0xf8, 0x00, 0x00, 0x00, 0x00, 0x00, 0x84,
  0xa5, 0xaa, 0x04, 0x9b, 0xa5, 0xaa, 0x83, 0xab, 0x22, 0x9b, 0xa1, 0x8a, 0x01, 0x9b, 0x42, 0xa3,
  0x21, 0xa3, 0x61, 0xab, 0x61, 0xab, 0x21, 0xa3, 0x80, 0x92, 0xa0, 0x9a, 0x60, 0xb3, 0x80, 0xbb,
  0x20, 0xd4, 0x41, 0xf5, 0x40, 0xfd, 0xe0, 0xfd, 0x69, 0xff, 0xf4, 0xff, 0xf8, 0xff, 0xf7, 0xff,
  0xf6, 0xff, 0xf8, 0xff, 0xc7, 0xfe, 0xe0, 0xf4, 0x60, 0xec, 0x40, 0xdc, 0x81, 0xdc, 0x00, 0xab,
  0xc0, 0x9a, 0x62, 0xd4, 0x03, 0xed, 0xc0, 0xc3, 0x82, 0xd4, 0x00, 0x82, 0x60, 0xb3, 0x62, 0xd4,
  0x82, 0xbb, 0x61, 0x82, 0x40, 0x8a, 0xe0, 0xaa, 0xa4, 0xfe, 0xa2, 0xf4, 0xc0, 0xba, 0xa2, 0x8a,
  0xa4, 0xed, 0x86, 0xfe, 0xa1, 0xbb, 0x20, 0xab, 0x61, 0xb3, 0x42, 0xab, 0x62, 0xb3, 0xa0, 0xaa,
  0x00, 0xbc, 0x00, 0x00, 0x00, 0x00, 0x00, 0xbc, 0xa0, 0xaa, 0x00, 0x00, 0x00, 0x00, 0x00, 0x00,
  0x00, 0x00, 0x00, 0x00, 0x00, 0x00, 0x00, 0x00, 0x00, 0xf8, 0x00, 0x00, 0x00, 0x00, 0x00, 0x00,
  0x00, 0x00, 0x00, 0xf8, 0x00, 0x00, 0x00, 0x84, 0x01, 0x93, 0xa0, 0xaa, 0x00, 0x00, 0x05, 0xac,
  0x20, 0xcb, 0x20, 0x9b, 0xa0, 0xaa, 0x82, 0xab, 0x62, 0xab, 0x00, 0x84, 0x00, 0x00, 0x00, 0x00,
  0x00, 0x00, 0x00, 0x00, 0x00, 0x00, 0x00, 0x00, 0x00, 0x84, 0x00, 0x00, 0x00, 0x00, 0x00, 0x00,
  0x00, 0x00, 0x00, 0x00, 0x00, 0x00, 0x00, 0x00, 0x00, 0x00, 0x00, 0x00, 0x00, 0x00, 0x00, 0x00,
  0x00, 0x00, 0x00, 0x00, 0x00, 0x00, 0x00, 0x00, 0x00, 0xf8, 0x00, 0xf8, 0x00, 0x00, 0x00, 0x00,
  0x00, 0x00, 0x22, 0xab, 0xe1, 0x9a, 0xe2, 0x92, 0x22, 0xa3, 0xa0, 0xaa, 0x00, 0xbc, 0x00, 0xf8,
  0xa0, 0xaa, 0x00, 0x00, 0x00, 0x00, 0x00, 0x00, 0xa0, 0xaa, 0x00, 0x00, 0x00, 0x00, 0x00, 0x00,
  0x00, 0x00, 0x00, 0x00, 0x00, 0x00, 0x00, 0x00, 0x00, 0xf8, 0x00, 0x00, 0x00, 0xf8, 0x83, 0xab,
  0xa0, 0xaa, 0x82, 0xab, 0x42, 0xa3, 0x62, 0xa3, 0x62, 0xab, 0x60, 0x8a, 0x40, 0xb3, 0x81, 0xf5,
  0x60, 0xb3, 0xa0, 0x69, 0x40, 0x7a, 0x80, 0x8a, 0x21, 0xa3, 0xe0, 0xa2, 0xc0, 0x9a, 0xe0, 0xcb,
  0x40, 0xf6, 0xa4, 0xfe, 0x20, 0xfe, 0xc3, 0xfe, 0xd2, 0xff, 0xf7, 0xff, 0xfc, 0xff, 0xf8, 0xff,
  0xce, 0xff, 0x81, 0xfe, 0x81, 0xfe, 0x28, 0xff, 0x44, 0xfe, 0x20, 0xdc, 0x40, 0xdc, 0x00, 0xcc,
  0x00, 0x00, 0x00, 0x00, 0x00, 0x00, 0x00, 0x82, 0xa2, 0x6a, 0x02, 0x62, 0x02, 0x6a, 0x42, 0x6a,
  0x63, 0x72, 0xa3, 0x72, 0x04, 0x82, 0x00, 0x84, 0x00, 0x84, 0x00, 0xf8, 0x00, 0x00, 0x00, 0xf8,
  0x00, 0x00, 0x00, 0x00, 0x26, 0x9b, 0x00, 0x00, 0x00, 0x84, 0x00, 0x00, 0x00, 0x00, 0x00, 0xf8,
  0x00, 0x00, 0x00, 0x00, 0x00, 0x00, 0x00, 0xf8, 0x00, 0x00, 0x00, 0x84, 0x00, 0x00, 0x00, 0xf8,
  0x00, 0xf8, 0x00, 0x84, 0x00, 0x84, 0x64, 0x93, 0x22, 0x9b, 0xa1, 0x8a, 0x02, 0xa3, 0x42, 0x9b,
  0x21, 0x9b, 0x21, 0xa3, 0x62, 0xab, 0x01, 0xa3, 0xa0, 0x8a, 0xc0, 0x9a, 0x00, 0xab, 0x80, 0xc3,
  0x80, 0xe4, 0xa0, 0xec, 0xe0, 0xec, 0xe0, 0xf4, 0xc1, 0xfd, 0x8e, 0xff, 0xf5, 0xff, 0xf7, 0xff,
  0xf7, 0xff, 0xd3, 0xff, 0xb0, 0xff, 0x80, 0xfd, 0x00, 0xe4, 0x60, 0xe4, 0x81, 0xe4, 0x00, 0xd4,
  0x60, 0x8a, 0xe0, 0x9a, 0x81, 0xbb, 0x41, 0xd4, 0xc3, 0xdc, 0x81, 0xb3, 0xa0, 0x71, 0xc1, 0x92,
  0x44, 0xcc, 0x00, 0xab, 0xe0, 0xaa, 0x00, 0xcc, 0x60, 0xcc, 0x20, 0x9a, 0xa1, 0xcb, 0x90, 0xff,
  0xe6, 0xfe, 0xc2, 0xf5, 0xa0, 0xc3, 0x20, 0xab, 0x41, 0xb3, 0x62, 0xb3, 0x64, 0xb3, 0x00, 0xbc,
  0x00, 0x00, 0xa0, 0xaa, 0xa0, 0xaa, 0x00, 0x84, 0xa0, 0xaa, 0x00, 0x84, 0x00, 0x00, 0x00, 0x84,
  0x00, 0x00, 0x00, 0x00, 0x00, 0x00, 0x00, 0x00, 0x00, 0x00, 0xa0, 0xaa, 0x00, 0x00, 0x00, 0x00,
  0x00, 0x00, 0x00, 0x00, 0xa0, 0xaa, 0x00, 0x00, 0x22, 0x9b, 0x42, 0xab, 0x00, 0x84, 0x42, 0xab,
  0x04, 0xbc, 0x64, 0xb3, 0x64, 0xb3, 0x82, 0xab, 0x62, 0xab, 0x42, 0xb3, 0x00, 0x00, 0x00, 0x84,
  0x00, 0x00, 0x00, 0x00, 0x00, 0x00, 0x00, 0x00, 0x00, 0x00, 0x00, 0x00, 0x00, 0x00, 0x00, 0x00,
  0x00, 0x00, 0x00, 0x00, 0x00, 0x00, 0x00, 0x00, 0x00, 0x00, 0x00, 0x00, 0x00, 0x00, 0x00, 0x00,
  0x00, 0x00, 0x00, 0x00, 0x00, 0x00, 0x00, 0x00, 0x00, 0x00, 0x00, 0x00, 0x00, 0x00, 0x00, 0x84,
  0x00, 0x00, 0x00, 0xbc, 0x02, 0xa3, 0xc1, 0x9a, 0xc1, 0x8a, 0x42, 0xab, 0x00, 0xf8, 0xa0, 0xaa,
  0x00, 0xf8, 0x00, 0x00, 0x00, 0x00, 0x00, 0x00, 0x00, 0x00, 0x00, 0xf8, 0x00, 0x00, 0x00, 0x84,
  0x00, 0x00, 0x00, 0x00, 0x00, 0x00, 0x00, 0x00, 0x00, 0xf8, 0x00, 0x84, 0x00, 0xbc, 0x83, 0xab,
  0x82, 0xab, 0x61, 0xab, 0x21, 0xa3, 0x21, 0xa3, 0x61, 0xb3, 0x60, 0xbb, 0x20, 0xf5, 0xe0, 0xcb,
  0x20, 0x8a, 0x60, 0x82, 0x00, 0x9b, 0x60, 0x82, 0xe0, 0x9a, 0x40, 0xbb, 0x40, 0xdc, 0xe0, 0xe4,
  0xc0, 0xf5, 0x22, 0xff, 0xc2, 0xfe, 0xae, 0xff, 0xfa, 0xff, 0xf7, 0xff, 0xf9, 0xff, 0xf8, 0xff,
  0x6d, 0xff, 0x42, 0xfe, 0xa0, 0xf5, 0xa0, 0xfe, 0xe1, 0xfd, 0xa0, 0xcb, 0x60, 0xb3, 0x80, 0xbb,
  0x62, 0x6a, 0x23, 0x72, 0x22, 0x6a, 0x22, 0x6a, 0x22, 0x6a, 0x43, 0x72, 0x43, 0x6a, 0xa5, 0x82,
  0x00, 0x00, 0x00, 0x00, 0x00, 0x00, 0x00, 0x00, 0x00, 0x00, 0x00, 0x00, 0x00, 0x00, 0x00, 0x00,
  0x00, 0x00, 0x00, 0x00, 0x00, 0x00, 0x00, 0x00, 0x00, 0xf8, 0x00, 0x00, 0x00, 0x00, 0x00, 0xf8,
  0x00, 0x00, 0x00, 0x00, 0x00, 0x00, 0x00, 0x00, 0x00, 0x00, 0x00, 0x84, 0x00, 0x84, 0x00, 0xf8,
  0xa0, 0xaa, 0xa5, 0xaa, 0x04, 0x9b, 0x64, 0x93, 0x24, 0x9b, 0xe2, 0x9a, 0x22, 0xa3, 0x22, 0xa3,
  0x01, 0xa3, 0x01, 0xa3, 0x22, 0xa3, 0x01, 0x9b, 0xc1, 0x92, 0x00, 0xa3, 0x40, 0xb3, 0x80, 0xc3,
  0xa0, 0xc3, 0xc0, 0xcb, 0xa1, 0xe4, 0x80, 0xe4, 0x80, 0xf5, 0x01, 0xfe, 0xae, 0xff, 0xf7, 0xff,
  0xfa, 0xff, 0xf5, 0xff, 0xfb, 0xff, 0xc7, 0xfe, 0x41, 0xfd, 0xa0, 0xec, 0x01, 0xdc, 0xc0, 0xcb,
  0x60, 0xbb, 0x80, 0xbb, 0xe0, 0xaa, 0x81, 0xbb, 0x8a, 0xed, 0x22, 0xcc, 0x60, 0xbb, 0x01, 0xa3,
  0x60, 0x9a, 0xc1, 0xd3, 0x2a, 0xff, 0x66, 0xf6, 0xe1, 0xc3, 0xe0, 0xb2, 0x24, 0xdd, 0xd2, 0xf7,
  0xa9, 0xfe, 0xc1, 0xe4, 0x22, 0xcc, 0x61, 0xb3, 0x01, 0xa3, 0x82, 0xb3, 0x83, 0xab, 0x00, 0x84,
  0x20, 0xcb, 0x04, 0xbc, 0xa0, 0xaa, 0x00, 0xf8, 0x00, 0xac, 0x64, 0xb3, 0xa0, 0xaa, 0x00, 0xf8,
  0x00, 0x00, 0x00, 0x00, 0x00, 0x00, 0x00, 0x00, 0x00, 0x00, 0x64, 0xb3, 0x00, 0xbc, 0x00, 0xf8,
  0x00, 0x00, 0x00, 0xf8, 0x00, 0x00, 0xa2, 0xbb, 0x22, 0x9b, 0x83, 0xab, 0x20, 0xcb, 0xa2, 0xb3,
  0xa2, 0xbb, 0x23, 0xb3, 0x20, 0x9b, 0xa2, 0xbb, 0x62, 0xab, 0x42, 0xa3, 0xa0, 0xaa, 0x00, 0xf8,
  0x00, 0x00, 0x00, 0x00, 0x00, 0x00, 0x00, 0x00, 0x00, 0xf8, 0x00, 0x00, 0x00, 0xf8, 0x00, 0x00,
  0x00, 0x00, 0x00, 0x00, 0x00, 0x00, 0x00, 0x00, 0x00, 0x00, 0x00, 0x00, 0x00, 0x00, 0x00, 0x00,
  0x00, 0x00, 0x00, 0x00, 0x00, 0x00, 0x00, 0x00, 0x00, 0x00, 0x00, 0x00, 0x00, 0x84, 0xa0, 0xaa,
  0x00, 0x00, 0x83, 0xab, 0x42, 0xab, 0x01, 0x9b, 0x81, 0x82, 0xc1, 0x92, 0x01, 0xa3, 0x00, 0x00,
  0x00, 0xbc, 0x00, 0xf8, 0x00, 0x00, 0x00, 0x00, 0x00, 0x84, 0xa0, 0xaa, 0x00, 0x84, 0x00, 0xf8,
  0x00, 0x00, 0x00, 0x00, 0x00, 0x00, 0x00, 0x00, 0x00, 0x84, 0x00, 0x00, 0xa2, 0xb3, 0xa1, 0xab,
  0x82, 0xab, 0x21, 0xab, 0x01, 0x9b, 0xa1, 0xbb, 0x80, 0xbb, 0x60, 0xe4, 0x20, 0xe4, 0x40, 0x8a,
  0xc0, 0x9a, 0xa0, 0x9a, 0xe0, 0x9a, 0xc0, 0x92, 0x01, 0xe5, 0xa0, 0xe4, 0xc1, 0xf5, 0x02, 0xf6,
  0x43, 0xfe, 0x41, 0xfe, 0xf9, 0xff, 0xfc, 0xff, 0xfb, 0xff, 0xfa, 0xff, 0xd3, 0xff, 0x8f, 0xff,
  0x04, 0xff, 0x81, 0xfe, 0xc0, 0xfe, 0xa0, 0xfd, 0xe0, 0xf4, 0x20, 0xdc, 0x40, 0xb3, 0x20, 0xb3,
  0x02, 0x62, 0x22, 0x62, 0x23, 0x6a, 0x62, 0x72, 0x63, 0x82, 0x00, 0x00, 0xa0, 0x52, 0x00, 0x84,
  0x00, 0x00, 0x00, 0x00, 0x00, 0x00, 0x00, 0x00, 0x00, 0x00, 0x00, 0x00, 0x00, 0x00, 0x00, 0x00,
  0x00, 0x00, 0x00, 0x00, 0x00, 0x00, 0x00, 0x00, 0x00, 0xf8, 0x00, 0x00, 0x00, 0xf8, 0x00, 0xf8,
  0x00, 0x00, 0x00, 0x00, 0x00, 0x00, 0x00, 0x00, 0x00, 0x00, 0x00, 0x00, 0x00, 0xf8, 0x00, 0x00,
  0x00, 0x84, 0x23, 0x9b, 0x02, 0x9b, 0x00, 0x84, 0x64, 0x93, 0xe1, 0xa2, 0x22, 0xa3, 0x22, 0x9b,
  0x01, 0x9b, 0x01, 0x9b, 0x01, 0x9b, 0x21, 0xa3, 0x41, 0xab, 0xa0, 0x9a, 0x20, 0xab, 0x00, 0xa3,
  0x40, 0xab, 0xe1, 0xc3, 0x61, 0xdc, 0xe0, 0xe4, 0xe0, 0xfd, 0xe0, 0xfd, 0x65, 0xfe, 0xb2, 0xff,
  0xf8, 0xff, 0xf8, 0xff, 0xfb, 0xff, 0xb3, 0xff, 0xa5, 0xfe, 0x80, 0xec, 0xc0, 0xdb, 0xe0, 0xd3,
  0x81, 0xe4, 0xe0, 0xd3, 0x21, 0xd4, 0xc1, 0xbb, 0x81, 0xbb, 0x00, 0xb3, 0xc4, 0xf5, 0x81, 0xe4,
  0x20, 0x92, 0xc2, 0x92, 0xcb, 0xf6, 0x2f, 0xff, 0xab, 0xfe, 0xf3, 0xff, 0x44, 0xf6, 0x02, 0xe5,
  0x80, 0xdc, 0xa1, 0xc3, 0xe1, 0xa2, 0x21, 0x9b, 0x21, 0x9b, 0x62, 0xab, 0xc3, 0xb3, 0xa2, 0xb3,
  0x03, 0xb4, 0xa2, 0xb3, 0x64, 0xb3, 0x20, 0x9b, 0x43, 0xab, 0x83, 0xb3, 0x83, 0xab, 0x00, 0x00,
  0x00, 0x00, 0x00, 0x00, 0x00, 0x00, 0x00, 0x00, 0x00, 0x00, 0x04, 0xbc, 0x00, 0x84, 0x00, 0x00,
  0x00, 0x00, 0x00, 0xf8, 0x00, 0x84, 0xa2, 0xab, 0x01, 0x9b, 0x43, 0xab, 0x84, 0xab, 0xa2, 0xb3,
  0xa2, 0xab, 0x62, 0xab, 0x20, 0x9b, 0x83, 0xbb, 0x42, 0xa3, 0x22, 0xa3, 0x20, 0x9b, 0x00, 0xf8,
  0x00, 0xf8, 0x00, 0x00, 0x00, 0x00, 0x00, 0x00, 0x00, 0xf8, 0x00, 0x00, 0x00, 0x00, 0x00, 0x84,
  0x00, 0x00, 0x00, 0x00, 0x00, 0x00, 0x00, 0x00, 0x00, 0x00, 0x00, 0x00, 0x00, 0xf8, 0x00, 0x00,
  0x00, 0x00, 0x00, 0x00, 0x00, 0x00, 0x00, 0x00, 0x00, 0x00, 0x00, 0x00, 0x00, 0x00, 0x00, 0x00,
  0x00, 0x00, 0x00, 0x84, 0x83, 0xab, 0x41, 0xa3, 0xa1, 0x82, 0xa1, 0x8a, 0x21, 0x7a, 0x41, 0xab,
  0x00, 0x00, 0x20, 0x9b, 0x00, 0x84, 0x00, 0x00, 0x00, 0xf8, 0x83, 0xab, 0xa0, 0xaa, 0x00, 0x00,
  0x00, 0x00, 0x00, 0x00, 0x00, 0x00, 0x00, 0xf8, 0x00, 0xbc, 0xa2, 0xbb, 0xa2, 0xb3, 0x00, 0xbc,
  0x62, 0xab, 0x01, 0x9b, 0x00, 0xa3, 0xe0, 0xc3, 0x80, 0xb3, 0x00, 0xd4, 0x60, 0x8a, 0x00, 0x7a,
  0x00, 0xa3, 0xa0, 0x92, 0x60, 0x8a, 0x40, 0xab, 0xa2, 0xf5, 0x00, 0xed, 0xe0, 0xfd, 0xa1, 0xf5,
  0x83, 0xfe, 0x8c, 0xff, 0xfd, 0xff, 0xfd, 0xff, 0xfc, 0xff, 0xf7, 0xff, 0xd1, 0xff, 0x25, 0xff,
  0xa1, 0xfe, 0x20, 0xf5, 0xe0, 0xfd, 0xa1, 0xfe, 0xe0, 0xec, 0x00, 0xcc, 0xc0, 0xa2, 0xe0, 0xa2,
  0x22, 0x6a, 0x83, 0x7a, 0x44, 0x6a, 0x00, 0x00, 0x00, 0x00, 0x00, 0x00, 0x00, 0x84, 0x00, 0x82,
  0x00, 0x00, 0x00, 0x00, 0x00, 0x00, 0x00, 0x00, 0x00, 0x00, 0x00, 0x00, 0x00, 0x00, 0x00, 0x00,
  0x00, 0x00, 0x00, 0x00, 0x00, 0x00, 0x00, 0x00, 0x00, 0x00, 0x00, 0x00, 0x00, 0x00, 0x00, 0x00,
  0x00, 0x00, 0x00, 0x00, 0x00, 0x00, 0x00, 0x00, 0x00, 0x00, 0x00, 0x00, 0x00, 0x00, 0xa0, 0xaa,
  0x00, 0x00, 0x00, 0x84, 0x64, 0x93, 0x00, 0x00, 0x02, 0x9b, 0xe1, 0xa2, 0x42, 0xa3, 0x02, 0x9b,
  0x01, 0x9b, 0x01, 0x9b, 0x01, 0x9b, 0x41, 0xa3, 0x81, 0xb3, 0x40, 0x8a, 0xa0, 0xc3, 0x61, 0xb3,
  0x81, 0xbb, 0x22, 0xcc, 0x20, 0xdc, 0x80, 0xe4, 0x60, 0xfd, 0x00, 0xf5, 0x42, 0xfe, 0x6f, 0xff,
  0xb2, 0xff, 0xf6, 0xff, 0xf8, 0xff, 0xfa, 0xff, 0xd4, 0xff, 0xe1, 0xfd, 0x40, 0xe4, 0xe0, 0xd3,
  0x20, 0xdc, 0x20, 0xdc, 0x21, 0xf5, 0x62, 0xdc, 0x21, 0xd4, 0x00, 0xf5, 0x20, 0xe4, 0xc1, 0xd3,
  0x48, 0xf6, 0x2d, 0xee, 0xe0, 0xa2, 0x00, 0xdc, 0xaa, 0xfe, 0x40, 0xe4, 0xc2, 0xec, 0x01, 0xab,
  0x20, 0x82, 0x40, 0x8a, 0x20, 0x7a, 0xa1, 0x8a, 0xe2, 0x9a, 0x82, 0xb3, 0x02, 0xbc, 0xa2, 0xbb,
  0x83, 0xab, 0xa2, 0xb3, 0x62, 0xb3, 0xa0, 0xaa, 0x83, 0xab, 0x62, 0xab, 0x83, 0xb3, 0x05, 0xac,
  0x00, 0x00, 0x00, 0x00, 0x00, 0x84, 0x00, 0x00, 0x00, 0x00, 0x64, 0xb3, 0x00, 0xf8, 0x00, 0x00,
  0xa0, 0xaa, 0x20, 0xcb, 0xa0, 0xaa, 0x42, 0xab, 0x22, 0xa3, 0x42, 0xa3, 0x05, 0xac, 0xa2, 0xb3,
  0x63, 0xb3, 0x82, 0xb3, 0x20, 0x9b, 0x82, 0xab, 0x42, 0xa3, 0x82, 0xab, 0x00, 0x00, 0x00, 0x00,
  0x00, 0x00, 0x00, 0x00, 0x00, 0x00, 0x00, 0x00, 0xa0, 0xaa, 0x00, 0x00, 0x00, 0x00, 0x00, 0x00,
  0x00, 0x00, 0x00, 0x00, 0x00, 0x00, 0x00, 0x00, 0x00, 0x00, 0x00, 0x00, 0x00, 0x00, 0x00, 0x00,
  0x00, 0x00, 0x00, 0x00, 0x00, 0x00, 0x00, 0x00, 0x00, 0x00, 0x00, 0xf8, 0x00, 0x84, 0x00, 0x00,
  0x00, 0x00, 0x00, 0xf8, 0x00, 0x84, 0x00, 0xbc, 0x01, 0x9b, 0xc1, 0x8a, 0xc2, 0x92, 0x41, 0x7a,
  0x02, 0x9b, 0x20, 0xcb, 0xa2, 0xb3, 0xa0, 0xaa, 0x00, 0xf8, 0x82, 0xab, 0x00, 0x00, 0x00, 0x00,
  0x00, 0x00, 0x00, 0x00, 0x00, 0x84, 0x83, 0xab, 0xa2, 0xb3, 0x82, 0xab, 0xa2, 0xb3, 0xa2, 0xab,
  0x01, 0x9b, 0x80, 0x8a, 0x61, 0xab, 0x60, 0xb3, 0x00, 0x9b, 0x40, 0xab, 0x00, 0x7a, 0x00, 0x82,
  0xe0, 0xa2, 0xa0, 0x92, 0x60, 0xb3, 0x21, 0xd4, 0x82, 0xf5, 0x60, 0xed, 0x22, 0xfe, 0xe0, 0xfd,
  0x64, 0xf6, 0xd9, 0xff, 0xfc, 0xff, 0xfc, 0xff, 0xf7, 0xff, 0x8b, 0xff, 0x05, 0xff, 0xc2, 0xfe,
  0x04, 0xff, 0xa0, 0xec, 0x00, 0xf5, 0x20, 0xf5, 0x60, 0xe4, 0xa1, 0xc3, 0xe0, 0xa2, 0xe0, 0xa2,
  0x00, 0x00, 0x00, 0x00, 0x00, 0x00, 0x00, 0x00, 0x00, 0x00, 0x00, 0x00, 0x00, 0x00, 0x00, 0x00,
  0x00, 0x00, 0x00, 0x00, 0x00, 0x00, 0x00, 0x00, 0x00, 0x00, 0x00, 0x00, 0x00, 0x00, 0x00, 0x00,
  0x00, 0x00, 0x00, 0x00, 0x00, 0x00, 0x00, 0x00, 0x00, 0xf8, 0x00, 0x00, 0x00, 0x00, 0x00, 0x00,
  0x00, 0x00, 0x00, 0x00, 0x00, 0x00, 0x00, 0x00, 0x00, 0xf8, 0x00, 0xf8, 0x00, 0x00, 0x00, 0x00,
  0x00, 0xf8, 0x00, 0x00, 0x00, 0x84, 0x00, 0x84, 0x83, 0xab, 0x01, 0x9b, 0x02, 0x9b, 0x41, 0x93,
  0xe1, 0x92, 0x21, 0x9b, 0xe1, 0x9a, 0x21, 0x9b, 0x61, 0xb3, 0xa0, 0x92, 0xc0, 0xcb, 0x81, 0xbb,
  0xe0, 0xa2, 0x40, 0xb3, 0x20, 0xdc, 0x20, 0xdc, 0x21, 0xf5, 0xa1, 0xf5, 0xe1, 0xfd, 0xe8, 0xfe,
  0xae, 0xff, 0xfd, 0xff, 0xf9, 0xff, 0xfa, 0xff, 0xd3, 0xff, 0x24, 0xfe, 0xc0, 0xec, 0x60, 0xd3,
  0x00, 0xbb, 0x21, 0xd4, 0x01, 0xed, 0x60, 0xe4, 0x62, 0xf5, 0x24, 0xfe, 0x24, 0xed, 0x0a, 0xf6,
  0xf3, 0xff, 0x2b, 0xff, 0xe0, 0xba, 0xa1, 0xe4, 0xe0, 0xe3, 0xe0, 0xca, 0xe0, 0xb2, 0x00, 0x82,
  0xe0, 0x71, 0x60, 0x8a, 0xe2, 0x92, 0xa1, 0x92, 0xc1, 0x9a, 0xc2, 0xb3, 0xa2, 0xbb, 0x04, 0xbc,
  0xa2, 0xbb, 0xa2, 0xbb, 0x00, 0xac, 0x64, 0xb3, 0x62, 0xab, 0x42, 0xab, 0x62, 0xab, 0x83, 0xab,
  0x62, 0xb3, 0x62, 0xb3, 0xa2, 0xbb, 0x83, 0xab, 0x00, 0x00, 0xa2, 0xb3, 0x20, 0xcb, 0x00, 0x00,
  0x05, 0xac, 0x00, 0xf8, 0x20, 0xcb, 0x62, 0xab, 0x21, 0x9b, 0xe1, 0x9a, 0x83, 0xab, 0x64, 0xb3,
  0x62, 0xab, 0x62, 0xab, 0x00, 0xbc, 0x62, 0xab, 0x62, 0xab, 0x83, 0xb3, 0x00, 0x84, 0x00, 0x00,
  0x00, 0x00, 0x00, 0x00, 0x00, 0x00, 0x00, 0x00, 0xa0, 0xaa, 0x00, 0x00, 0x00, 0x00, 0x00, 0x00,
  0x04, 0x9b, 0xa0, 0xaa, 0x00, 0x00, 0x00, 0x00, 0x00, 0x00, 0x00, 0xf8, 0x00, 0x00, 0x00, 0x00,
  0x00, 0x00, 0x00, 0x00, 0x00, 0x00, 0x00, 0x00, 0x00, 0x00, 0x00, 0xbc, 0x00, 0x00, 0x00, 0x00,
  0x00, 0x00, 0x00, 0x00, 0x00, 0x84, 0x83, 0xab, 0x42, 0xab, 0x61, 0x7a, 0x82, 0xb3, 0x21, 0x7a,
  0x80, 0x61, 0x01, 0xa3, 0x62, 0xb3, 0xa0, 0xaa, 0x83, 0xab, 0x62, 0xb3, 0x00, 0xf8, 0x00, 0x00,
  0x00, 0x00, 0x00, 0x00, 0x00, 0xac, 0x41, 0xb3, 0x62, 0xab, 0x82, 0xb3, 0x61, 0xab, 0x42, 0xa3,
  0xe1, 0x9a, 0x01, 0x9b, 0xe0, 0x9a, 0xc0, 0x8a, 0x80, 0x8a, 0xc0, 0x9a, 0x00, 0xab, 0xe0, 0xa2,
  0x20, 0x82, 0xa0, 0x92, 0x40, 0xd4, 0x61, 0xf5, 0x44, 0xfe, 0xa3, 0xfe, 0x82, 0xfe, 0x43, 0xff,
  0xf5, 0xff, 0xfa, 0xff, 0xfb, 0xff, 0xf9, 0xff, 0xf1, 0xff, 0xaf, 0xff, 0x03, 0xff, 0x44, 0xff,
  0x81, 0xfe, 0x20, 0xe4, 0x80, 0xcb, 0xc0, 0xd3, 0xa0, 0xc3, 0x00, 0xab, 0xa0, 0xbb, 0x00, 0xa3,
  0x00, 0x00, 0x00, 0x00, 0x00, 0x00, 0x00, 0x00, 0x00, 0x00, 0x00, 0x00, 0x00, 0x00, 0x00, 0x00,
  0x00, 0x00, 0x00, 0x00, 0x00, 0x00, 0x00, 0x00, 0x00, 0x00, 0x00, 0x00, 0x00, 0x00, 0x00, 0x00,
  0x00, 0x00, 0x00, 0x00, 0x00, 0x00, 0x00, 0x00, 0x00, 0x00, 0x00, 0x00, 0x00, 0x00, 0x00, 0x00,
  0x00, 0x00, 0x00, 0x00, 0x00, 0x00, 0x00, 0x00, 0x00, 0x00, 0xa0, 0xaa, 0xa0, 0xaa, 0x00, 0x00,
  0x00, 0xf8, 0x00, 0x84, 0x04, 0x9b, 0xe3, 0x92, 0xe2, 0x92, 0x41, 0xa3, 0x82, 0x9b, 0x42, 0xab,
  0x62, 0xab, 0x42, 0xab, 0xe1, 0x9a, 0x41, 0xab, 0x41, 0xa3, 0x80, 0x82, 0x21, 0xcc, 0x24, 0xcc,
  0xc1, 0xc3, 0xa0, 0xcb, 0x60, 0xc3, 0x20, 0xdc, 0xa3, 0xfd, 0x01, 0xf5, 0xc0, 0xf4, 0x00, 0xfe,
  0x43, 0xfe, 0xf7, 0xff, 0xd5, 0xff, 0xf9, 0xff, 0xf7, 0xff, 0xb0, 0xff, 0x62, 0xfe, 0x62, 0xf5,
  0x20, 0xec, 0xc0, 0xe3, 0x60, 0xd3, 0xc0, 0xdb, 0x80, 0xec, 0x41, 0xdc, 0xe0, 0xf4, 0x42, 0xfe,
  0xcf, 0xff, 0x65, 0xf6, 0x25, 0xfe, 0x93, 0xff, 0x40, 0xed, 0xa1, 0xec, 0x00, 0xd4, 0xa0, 0xc3,
  0xe1, 0xcb, 0x61, 0xb3, 0xe0, 0xa2, 0xc0, 0x9a, 0xe1, 0xa2, 0x82, 0xbb, 0xc1, 0xb3, 0x81, 0xbb,
  0x62, 0xb3, 0x00, 0xf8, 0xa2, 0xbb, 0x83, 0xc3, 0x62, 0xb3, 0x42, 0xab, 0x62, 0xb3, 0x42, 0xab,
  0x62, 0xb3, 0x82, 0xab, 0x22, 0xab, 0x82, 0xa3, 0x04, 0x9b, 0x83, 0xab, 0x42, 0xab, 0x00, 0x00,
  0x64, 0xb3, 0x00, 0xbc, 0x82, 0xab, 0x21, 0xa3, 0x01, 0xa3, 0x82, 0xb3, 0x83, 0xab, 0x83, 0xab,
  0xe2, 0x92, 0x21, 0xa3, 0x00, 0x00, 0x20, 0x9b, 0x42, 0xa3, 0xa0, 0xaa, 0x00, 0xf8, 0x00, 0x84,
  0x00, 0xf8, 0x00, 0x00, 0x00, 0x00, 0x00, 0x00, 0x00, 0x84, 0x00, 0x00, 0x00, 0x84, 0x00, 0x00,
  0x00, 0x84, 0x00, 0xf8, 0x00, 0x00, 0x00, 0x00, 0x00, 0xf8, 0x00, 0xf8, 0x00, 0x00, 0x00, 0x00,
  0x00, 0x00, 0x00, 0x00, 0xa0, 0xaa, 0x00, 0x00, 0x00, 0xbc, 0x00, 0x00, 0x00, 0xf8, 0x00, 0x84,
  0x83, 0xab, 0x00, 0x00, 0x00, 0x00, 0x00, 0x00, 0x00, 0xac, 0xa2, 0xbb, 0xe1, 0x9a, 0x00, 0x72,
  0x22, 0xcc, 0x21, 0xcc, 0x40, 0x82, 0x01, 0xab, 0xa1, 0xab, 0x00, 0x84, 0x20, 0xcb, 0xa0, 0xaa,
  0xa2, 0xbb, 0x41, 0xb3, 0x60, 0xb3, 0x62, 0xb3, 0x41, 0xa3, 0x40, 0x82, 0x61, 0xb3, 0x01, 0xcc,
  0xa1, 0xdc, 0x80, 0x92, 0xa0, 0x69, 0x40, 0x82, 0x40, 0xab, 0x81, 0xb3, 0x42, 0xcc, 0xa0, 0x8a,
  0x40, 0x7a, 0x00, 0xab, 0xc0, 0xe4, 0x81, 0xf5, 0x21, 0xfe, 0x83, 0xfe, 0x08, 0xff, 0xf9, 0xff,
  0xfb, 0xff, 0xfc, 0xff, 0xf3, 0xff, 0xef, 0xff, 0xf8, 0xff, 0xc6, 0xfe, 0xc0, 0xfd, 0x00, 0xf5,
  0x80, 0xf5, 0x00, 0xf5, 0x00, 0xf5, 0x80, 0xec, 0xa0, 0xc3, 0xe0, 0xa2, 0xa0, 0xc3, 0x60, 0xbb,
  0x00, 0x00, 0x00, 0x00, 0x00, 0x00, 0x00, 0x00, 0x00, 0x00, 0x00, 0x00, 0x00, 0x00, 0x00, 0x00,
  0x00, 0x00, 0x00, 0x00, 0x00, 0x00, 0x00, 0x00, 0x00, 0x00, 0x00, 0x00, 0x00, 0x00, 0x00, 0x00,
  0x00, 0x00, 0x00, 0x00, 0x00, 0x00, 0x00, 0x00, 0x00, 0x00, 0x00, 0xf8, 0x00, 0x00, 0x00, 0x00,
  0x00, 0x00, 0x00, 0x00, 0x00, 0x00, 0x00, 0x00, 0x00, 0x00, 0x20, 0x9b, 0x00, 0x84, 0x00, 0xf8,
  0x00, 0x84, 0x00, 0xf8, 0xa0, 0xaa, 0xa3, 0x8a, 0x43, 0x93, 0x22, 0xa3, 0x22, 0xa3, 0x62, 0xab,
  0x82, 0xab, 0x42, 0xa3, 0xc1, 0x8a, 0x61, 0x82, 0x60, 0x82, 0x41, 0x7a, 0x81, 0xdc, 0x22, 0xd4,
  0x21, 0xd4, 0xc0, 0xcb, 0xe0, 0xcb, 0xc0, 0xf4, 0xa1, 0xf4, 0x27, 0xfe, 0xc0, 0xf4, 0x00, 0xf5,
  0x80, 0xfd, 0x06, 0xff, 0xf2, 0xff, 0xfa, 0xff, 0xd6, 0xff, 0xd4, 0xff, 0xa5, 0xfe, 0xa0, 0xfd,
  0x81, 0xfd, 0xe0, 0xe3, 0xa0, 0xd3, 0xe0, 0xdb, 0x00, 0xdc, 0xe0, 0xd2, 0xe1, 0xfd, 0x2a, 0xff,
  0x8c, 0xfe, 0x05, 0xff, 0xc1, 0xf5, 0xe0, 0xcb, 0x60, 0xdc, 0xa0, 0xd3, 0x20, 0xdc, 0x42, 0xf5,
  0x82, 0xdc, 0x20, 0xa3, 0x01, 0x9b, 0x21, 0xab, 0x41, 0xab, 0x82, 0xbb, 0x81, 0xb3, 0x82, 0xbb,
  0x00, 0xbc, 0x03, 0xb4, 0x03, 0xb4, 0x83, 0xab, 0xa2, 0xb3, 0x82, 0xbb, 0x41, 0xab, 0x82, 0xb3,
  0x62, 0xb3, 0x61, 0xab, 0x42, 0xab, 0x42, 0xab, 0x83, 0xab, 0x64, 0xb3, 0xa0, 0xaa, 0x00, 0xf8,
  0xa2, 0xab, 0x81, 0xbb, 0x62, 0xb3, 0xa2, 0xb3, 0xa1, 0xbb, 0x82, 0xab, 0x62, 0xb3, 0xa3, 0xbb,
  0x22, 0xa3, 0x41, 0xa3, 0x00, 0x00, 0x81, 0xab, 0x62, 0xb3, 0x04, 0xbc, 0x00, 0x00, 0x00, 0x84,
  0x00, 0x00, 0x00, 0x00, 0x00, 0x00, 0x00, 0x00, 0x00, 0x00, 0x04, 0xbc, 0x00, 0xbc, 0xa0, 0xaa,
  0x00, 0x00, 0x00, 0x00, 0x00, 0x00, 0x00, 0xf8, 0x00, 0x84, 0x05, 0xac, 0x20, 0x9b, 0x20, 0x9b,
  0x00, 0xbc, 0x00, 0x84, 0xa0, 0xaa, 0x00, 0x00, 0x00, 0x84, 0x00, 0xf8, 0x00, 0x84, 0x00, 0xf8,
  0x00, 0x84, 0x00, 0x00, 0x00, 0x00, 0x00, 0x00, 0x00, 0xbc, 0xa2, 0xb3, 0x00, 0xf8, 0xa0, 0x9a,
  0x00, 0xa3, 0x41, 0xd4, 0x20, 0xab, 0xa0, 0x92, 0xa0, 0xaa, 0x00, 0x00, 0x00, 0xbc, 0x60, 0xb3,
  0x00, 0xac, 0x82, 0xab, 0x81, 0xbb, 0x41, 0xab, 0xc0, 0x92, 0xc0, 0x9a, 0x80, 0x92, 0xc0, 0x9a,
  0xc0, 0x9a, 0xe0, 0x71, 0x20, 0x7a, 0x60, 0xb3, 0x80, 0xbb, 0xe0, 0xcb, 0xc0, 0xc3, 0xa0, 0x9a,
  0xa0, 0x9a, 0x80, 0xdc, 0x40, 0xf5, 0x00, 0xed, 0x60, 0xf5, 0x2a, 0xff, 0xf7, 0xff, 0xf9, 0xff,
  0xfb, 0xff, 0xfb, 0xff, 0xf4, 0xff, 0xf7, 0xff, 0xce, 0xff, 0x40, 0xfe, 0xe0, 0xfd, 0x60, 0xfd,
  0x20, 0xfe, 0xa0, 0xec, 0x20, 0xf5, 0xa0, 0xec, 0x60, 0xbb, 0xc0, 0xa2, 0xa0, 0x9a, 0xa0, 0x9a,
  0x00, 0x00, 0x00, 0x00, 0x00, 0x00, 0x00, 0x00, 0x00, 0x00, 0x00, 0x00, 0x00, 0x00, 0x00, 0x00,
  0x00, 0x00, 0x00, 0x00, 0x00, 0x00, 0x00, 0x00, 0x00, 0x00, 0x00, 0x00, 0x00, 0x00, 0x00, 0x00,
  0x00, 0x00, 0x00, 0x00, 0x00, 0x00, 0x00, 0x00, 0x00, 0x00, 0x00, 0x00, 0x00, 0x00, 0x00, 0x00,
  0x00, 0x00, 0x00, 0x00, 0x00, 0x00, 0x00, 0x00, 0x00, 0x00, 0xa0, 0xaa, 0x00, 0x84, 0x00, 0xf8,
  0x00, 0xf8, 0x00, 0xf8, 0x64, 0x93, 0x03, 0x9b, 0xe2, 0x92, 0x22, 0x9b, 0x62, 0x9b, 0x42, 0xa3,
  0x42, 0xa3, 0x02, 0x9b, 0x41, 0x72, 0xe1, 0x61, 0x41, 0x72, 0xe0, 0x79, 0x20, 0xdc, 0xa0, 0xe4,
  0x20, 0xd4, 0x21, 0xd4, 0x00, 0xd4, 0xc0, 0xd3, 0xa0, 0xd3, 0x44, 0xed, 0xc0, 0xf4, 0x20, 0xec,
  0xa0, 0xfd, 0x42, 0xfe, 0x6a, 0xff, 0xf9, 0xff, 0xf8, 0xff, 0xf8, 0xff, 0xd0, 0xff, 0x27, 0xff,
  0x41, 0xfe, 0x21, 0xfd, 0x60, 0xdb, 0x80, 0xdb, 0xc0, 0xdb, 0x60, 0xf4, 0x29, 0xff, 0x44, 0xf6,
  0x02, 0xed, 0xc1, 0xe4, 0x00, 0xb3, 0x80, 0x9a, 0xc1, 0xcb, 0x61, 0xfd, 0x40, 0xfd, 0x02, 0xf5,
  0x61, 0xd4, 0xe0, 0xcb, 0x01, 0xd4, 0xc1, 0xc3, 0x81, 0xb3, 0xc3, 0xc3, 0xa2, 0xb3, 0x61, 0xb3,
  0x81, 0xb3, 0x61, 0xbb, 0x82, 0xb3, 0x61, 0xb3, 0xa2, 0xbb, 0x00, 0xbc, 0x00, 0xbc, 0xa2, 0xbb,
  0x64, 0xb3, 0x04, 0xbc, 0x42, 0xab, 0x42, 0xab, 0xa0, 0xaa, 0x05, 0xac, 0x00, 0x00, 0xa0, 0xaa,
  0xc1, 0xb3, 0x62, 0xb3, 0x81, 0xb3, 0xa2, 0xb3, 0x61, 0xab, 0xc3, 0xb3, 0x42, 0xab, 0xa2, 0xb3,
  0x42, 0xab, 0xe1, 0x9a, 0x81, 0xab, 0xa2, 0xb3, 0xa2, 0xab, 0xa2, 0xb3, 0x00, 0x00, 0x00, 0x00,
  0x00, 0x00, 0x00, 0x00, 0xa0, 0xaa, 0x00, 0x00, 0xa0, 0xaa, 0x62, 0xa3, 0x20, 0x9b, 0x00, 0x00,
  0x00, 0x00, 0x00, 0x00, 0x00, 0x00, 0x00, 0x00, 0xa0, 0xaa, 0x05, 0xac, 0x60, 0xb3, 0x04, 0xbc,
  0x20, 0x9b, 0xa0, 0xaa, 0x83, 0xab, 0x00, 0xbc, 0x00, 0xf8, 0x00, 0x00, 0x00, 0x00, 0x00, 0x00,
  0x00, 0xf8, 0x00, 0x00, 0x00, 0x00, 0x00, 0xbc, 0x00, 0xbc, 0x83, 0xab, 0x00, 0xf8, 0x64, 0xb3,
  0x00, 0xa3, 0x41, 0xb3, 0xa2, 0xdc, 0xe1, 0xc3, 0xa0, 0x92, 0x21, 0xab, 0x61, 0xb3, 0xa2, 0xbb,
  0x60, 0xb3, 0x62, 0xb3, 0x00, 0xa3, 0xa0, 0x8a, 0xe0, 0x9a, 0x80, 0x8a, 0xe0, 0x71, 0x20, 0x7a,
  0x40, 0x7a, 0x20, 0x82, 0x60, 0xb3, 0xa0, 0xbb, 0x00, 0xa3, 0x20, 0xab, 0x00, 0xa3, 0x00, 0xab,
  0x21, 0xdc, 0xc2, 0xf5, 0x20, 0xf5, 0xe0, 0xf4, 0x21, 0xff, 0xf0, 0xff, 0xfb, 0xff, 0xf7, 0xff,
  0xf4, 0xff, 0xcf, 0xff, 0xf5, 0xff, 0xfe, 0xff, 0xab, 0xff, 0x60, 0xfe, 0xa0, 0xfd, 0x20, 0xfe,
  0xe0, 0xfd, 0xe0, 0xd3, 0x00, 0xd4, 0x60, 0xe4, 0x60, 0xb3, 0x40, 0xb3, 0x00, 0xab, 0xc0, 0x9a,
  0x00, 0x00, 0x00, 0x00, 0x00, 0x00, 0x00, 0x00, 0x00, 0x00, 0x00, 0x00, 0x00, 0x00, 0x00, 0x00,
  0x00, 0x00, 0x00, 0x00, 0x00, 0x00, 0x00, 0x00, 0x00, 0x00, 0x00, 0x00, 0x00, 0x00, 0x00, 0x00,
  0x00, 0x00, 0x00, 0x00, 0x00, 0x00, 0x00, 0x00, 0x00, 0x00, 0x00, 0x00, 0x00, 0x00, 0x00, 0x00,
  0x00, 0x00, 0x00, 0x00, 0x00, 0x00, 0x00, 0x00, 0x00, 0x00, 0x00, 0xf8, 0x00, 0x00, 0x00, 0x84,
  0x00, 0x00, 0x00, 0x00, 0x00, 0x00, 0x42, 0x93, 0xe3, 0x92, 0x22, 0x9b, 0x42, 0x9b, 0x42, 0xa3,
  0x42, 0xa3, 0xe2, 0x92, 0x41, 0x72, 0x81, 0x82, 0xa1, 0x82, 0xc1, 0xc3, 0x02, 0xfe, 0x00, 0xf5,
  0xc0, 0xc3, 0x60, 0xb3, 0x01, 0xa3, 0xa0, 0x9a, 0x41, 0xb3, 0xa0, 0xcb, 0x21, 0xe4, 0x20, 0xe4,
  0x41, 0xf5, 0x01, 0xf5, 0x41, 0xfe, 0xb2, 0xff, 0xf6, 0xff, 0xf9, 0xff, 0xd5, 0xff, 0xf9, 0xff,
  0xce, 0xff, 0xa0, 0xfd, 0x20, 0xf4, 0xe0, 0xe3, 0xc0, 0xd3, 0x09, 0xff, 0xa2, 0xf5, 0xe0, 0xd3,
  0x20, 0xb3, 0x40, 0xbb, 0x02, 0xd4, 0x40, 0xb3, 0x00, 0xab, 0x45, 0xfe, 0xe0, 0xf4, 0x00, 0xdc,
  0x61, 0xb3, 0x61, 0xab, 0x81, 0xbb, 0xa1, 0xbb, 0xc2, 0xbb, 0xc1, 0xbb, 0x61, 0xb3, 0x41, 0xab,
  0x41, 0xab, 0x81, 0xb3, 0xa1, 0xbb, 0xa2, 0xbb, 0xa0, 0xaa, 0x00, 0xf8, 0x64, 0xb3, 0x20, 0xcb,
  0x00, 0x00, 0x00, 0x00, 0xa0, 0xaa, 0xa2, 0xbb, 0x83, 0xab, 0x04, 0xbc, 0x83, 0xab, 0x82, 0xbb,
  0x61, 0xb3, 0x82, 0xb3, 0x82, 0xbb, 0x82, 0xbb, 0x00, 0x9b, 0xc3, 0xb3, 0x83, 0xb3, 0x83, 0xbb,
  0x82, 0xab, 0x01, 0x9b, 0x22, 0xab, 0x81, 0xab, 0x62, 0xab, 0x62, 0xab, 0x00, 0x00, 0x00, 0xbc,
  0x00, 0x00, 0x00, 0x00, 0x00, 0x00, 0xa0, 0xaa, 0x82, 0xb3, 0x02, 0x9b, 0xa2, 0xbb, 0x00, 0x00,
  0x00, 0x00, 0x00, 0x00, 0x00, 0x00, 0x00, 0x00, 0xa0, 0xaa, 0x42, 0xab, 0xa2, 0xab, 0x82, 0xab,
  0x00, 0x00, 0xa0, 0xaa, 0x43, 0xab, 0x05, 0xac, 0x20, 0x9b, 0x00, 0x00, 0x00, 0x00, 0x00, 0x84,
  0x00, 0x00, 0x00, 0x00, 0x00, 0x00, 0xa0, 0xaa, 0x83, 0xab, 0x83, 0xab, 0x60, 0xb3, 0x00, 0xac,
  0x82, 0xb3, 0xc0, 0x92, 0xe2, 0xbb, 0xe5, 0xf5, 0x21, 0xd4, 0x00, 0xa3, 0xa0, 0x92, 0x00, 0x9b,
  0x41, 0xa3, 0x00, 0x9b, 0x21, 0xa3, 0x41, 0xa3, 0x00, 0x9b, 0x60, 0x82, 0x60, 0x8a, 0x20, 0x7a,
  0x60, 0x8a, 0x60, 0xb3, 0x40, 0xdc, 0x21, 0xd4, 0x20, 0xb3, 0x80, 0x92, 0x20, 0xab, 0xc0, 0xe4,
  0x22, 0xed, 0x40, 0xf5, 0x20, 0xfd, 0xc2, 0xfe, 0xd5, 0xff, 0xf7, 0xff, 0xfb, 0xff, 0xf9, 0xff,
  0xf1, 0xff, 0xcf, 0xff, 0xd4, 0xff, 0xe4, 0xfe, 0x08, 0xff, 0xe2, 0xfd, 0x41, 0xfd, 0x80, 0xfd,
  0xc0, 0xec, 0xe0, 0xd3, 0x40, 0xbb, 0x80, 0xbb, 0xe0, 0xa2, 0x80, 0xbb, 0x00, 0xab, 0xa0, 0x92,
  0x00, 0x00, 0x00, 0x00, 0x00, 0x00, 0x00, 0x00, 0x00, 0x00, 0x00, 0x00, 0x00, 0x00, 0x00, 0x00,
  0x00, 0x00, 0x00, 0x00, 0x00, 0x00, 0x00, 0x00, 0x00, 0x00, 0x00, 0x00, 0x00, 0x00, 0x00, 0x00,
  0x00, 0x00, 0x00, 0x00, 0x00, 0x00, 0x00, 0x00, 0x00, 0x00, 0x00, 0x00, 0x00, 0x00, 0x00, 0x00,
  0x00, 0x00, 0x00, 0x00, 0x00, 0x00, 0x00, 0x00, 0x00, 0x00, 0x00, 0x84, 0x00, 0x00, 0x00, 0xf8,
  0x00, 0x00, 0x00, 0x00, 0xa5, 0xaa, 0x64, 0x93, 0x04, 0x9b, 0x03, 0x9b, 0x22, 0x9b, 0x01, 0x93,
  0x61, 0x82, 0x81, 0x82, 0xc1, 0x92, 0x81, 0xb3, 0x82, 0xdc, 0x68, 0xf6, 0xe1, 0xe4, 0x60, 0x92,
  0xc0, 0x9a, 0xc0, 0x9a, 0x20, 0x7a, 0xe1, 0xa2, 0xa2, 0xbb, 0x01, 0xd4, 0xa0, 0xcb, 0xc0, 0xd3,
  0xa0, 0xcb, 0x20, 0xe4, 0x60, 0xfd, 0x04, 0xff, 0x8c, 0xff, 0xf2, 0xff, 0xf8, 0xff, 0xf9, 0xff,
  0xf4, 0xff, 0x26, 0xff, 0x83, 0xfe, 0x64, 0xfe, 0x60, 0xf5, 0xe9, 0xfe, 0x80, 0xf4, 0x20, 0xbb,
  0x40, 0xb3, 0x81, 0xdc, 0xa0, 0xec, 0x80, 0xdc, 0xc0, 0xcb, 0xc4, 0xfd, 0x40, 0xe4, 0x00, 0xdc,
  0xa1, 0xbb, 0x00, 0x9b, 0xa0, 0x92, 0xa0, 0x92, 0xc1, 0x9a, 0x01, 0x9b, 0x62, 0xab, 0x41, 0xab,
  0x60, 0xab, 0xa1, 0xbb, 0xe2, 0xc3, 0x83, 0xc3, 0x00, 0x00, 0x00, 0xf8, 0x00, 0x84, 0x00, 0xf8,
  0x00, 0xf8, 0x00, 0x00, 0x20, 0xcb, 0xa2, 0xab, 0x82, 0xab, 0xa2, 0xbb, 0x05, 0xac, 0x23, 0xb3,
  0x41, 0xb3, 0x81, 0xb3, 0x03, 0xb4, 0x01, 0xa3, 0xc1, 0x92, 0xa3, 0xb3, 0x00, 0xf8, 0x81, 0xbb,
  0x82, 0xb3, 0x42, 0xa3, 0x00, 0xac, 0x62, 0xab, 0x62, 0xab, 0x22, 0x9b, 0x00, 0xbc, 0x05, 0xac,
  0xa2, 0xbb, 0x62, 0xb3, 0x00, 0xbc, 0x00, 0xbc, 0x82, 0xab, 0x02, 0x93, 0x42, 0xa3, 0xa0, 0xaa,
  0x00, 0xbc, 0x00, 0x00, 0x00, 0x00, 0x00, 0x00, 0x20, 0x9b, 0xa2, 0xa3, 0xa2, 0xbb, 0x62, 0xb3,
  0x03, 0xb4, 0x00, 0xac, 0x23, 0xb3, 0x00, 0xf8, 0x42, 0xab, 0x00, 0x00, 0x00, 0x00, 0x00, 0x84,
  0x00, 0xf8, 0x00, 0x00, 0x00, 0x00, 0x00, 0x84, 0xa2, 0xb3, 0x60, 0xb3, 0xa0, 0xaa, 0x41, 0xab,
  0x61, 0xab, 0x82, 0xbb, 0x40, 0x82, 0x62, 0xab, 0xa4, 0xdc, 0x40, 0xab, 0x80, 0xbb, 0x40, 0xab,
  0x41, 0xab, 0x20, 0xa3, 0xa1, 0xbb, 0xa1, 0xbb, 0x00, 0xa3, 0x20, 0xa3, 0x20, 0x7a, 0xe0, 0x71,
  0x60, 0xbb, 0xe0, 0xec, 0x20, 0xdc, 0x60, 0xd4, 0x21, 0xcc, 0x60, 0xbb, 0x01, 0xe5, 0xa6, 0xf5,
  0xa0, 0xec, 0x00, 0xfe, 0x61, 0xfe, 0xae, 0xff, 0xdc, 0xff, 0xfb, 0xff, 0xf9, 0xff, 0xf4, 0xff,
  0xf4, 0xff, 0xf7, 0xff, 0xc3, 0xfe, 0xc1, 0xfe, 0x00, 0xfe, 0xe2, 0xfd, 0xc1, 0xfd, 0x00, 0xed,
  0x40, 0xe4, 0x20, 0xdc, 0x40, 0xbb, 0x40, 0xb3, 0x80, 0x9a, 0x01, 0xcc, 0x60, 0xb3, 0x80, 0x92,
  0x00, 0x00, 0x00, 0x00, 0x00, 0x00, 0x00, 0x00, 0x00, 0x00, 0x00, 0x00, 0x00, 0x00, 0x00, 0x00,
  0x00, 0x00, 0x00, 0x00, 0x00, 0x00, 0x00, 0x00, 0x00, 0x00, 0x00, 0x00, 0x00, 0x00, 0x00, 0x00,
  0x00, 0x00, 0x00, 0x00, 0x00, 0x00, 0x00, 0x00, 0x00, 0x00, 0x00, 0x00, 0x00, 0x00, 0x00, 0x00,
  0x00, 0x00, 0x00, 0x00, 0x00, 0x00, 0x00, 0x00, 0x00, 0x84, 0x00, 0x00, 0x00, 0x00, 0x00, 0x00,
  0x00, 0xf8, 0x00, 0xf8, 0x00, 0xf8, 0x00, 0xf8, 0x04, 0x9b, 0x22, 0x9b, 0xc1, 0x92, 0x61, 0x7a,
  0x61, 0x7a, 0xe1, 0x92, 0x42, 0xab, 0xe2, 0xcb, 0x83, 0xdc, 0x21, 0x9b, 0x40, 0x82, 0x60, 0x82,
  0x60, 0x8a, 0xe1, 0x9a, 0x60, 0x8a, 0x20, 0xab, 0x00, 0xa3, 0x01, 0xd4, 0x20, 0xdc, 0x80, 0xc3,
  0xc0, 0xcb, 0x21, 0xdc, 0xa0, 0xf4, 0xe2, 0xfd, 0x8a, 0xff, 0x4a, 0xff, 0xf6, 0xff, 0xf6, 0xff,
  0xf7, 0xff, 0xf6, 0xff, 0x8c, 0xff, 0xc8, 0xfe, 0x02, 0xfe, 0xc0, 0xf4, 0x00, 0xec, 0xe0, 0xec,
  0xc1, 0xe4, 0x81, 0xdc, 0xc0, 0xcb, 0xa1, 0xc3, 0xc1, 0xcb, 0xe9, 0xfe, 0x02, 0xf5, 0x01, 0xdc,
  0x21, 0xab, 0xe0, 0xa2, 0xa0, 0xbb, 0x60, 0xbb, 0xc0, 0xa2, 0x61, 0x82, 0x41, 0xab, 0xa1, 0xbb,
  0x81, 0xb3, 0xa1, 0xbb, 0xa1, 0xbb, 0xa2, 0xc3, 0x83, 0xc3, 0x02, 0xbc, 0x03, 0xb4, 0x04, 0xbc,
  0x02, 0xbc, 0x64, 0xb3, 0xa2, 0xb3, 0x82, 0xb3, 0x82, 0xab, 0xa2, 0xb3, 0x83, 0xab, 0x41, 0xb3,
  0x61, 0xb3, 0x82, 0xab, 0x81, 0xb3, 0xa0, 0x92, 0xe1, 0x92, 0x82, 0xab, 0x82, 0xb3, 0x83, 0xb3,
  0x82, 0xb3, 0xa2, 0xb3, 0x82, 0xb3, 0x21, 0xa3, 0x62, 0xab, 0xc1, 0x8a, 0x83, 0xa3, 0x83, 0xab,
  0x42, 0xab, 0x62, 0xb3, 0xa2, 0xbb, 0x00, 0xbc, 0x43, 0xab, 0x63, 0x9b, 0x01, 0x93, 0x05, 0xac,
  0xa0, 0xaa, 0x00, 0xf8, 0x00, 0x00, 0x00, 0xf8, 0xa2, 0xbb, 0x62, 0xab, 0x43, 0xab, 0x20, 0xcb,
  0x04, 0xbc, 0xc3, 0xb3, 0x04, 0xbc, 0x04, 0xbc, 0xc3, 0xab, 0x00, 0x84, 0x00, 0xf8, 0x00, 0x00,
  0x00, 0xf8, 0x00, 0x00, 0x00, 0x00, 0x00, 0x84, 0x00, 0xbc, 0x04, 0xbc, 0x42, 0xab, 0xa0, 0xaa,
  0x82, 0xab, 0x00, 0xf8, 0x41, 0xab, 0xc0, 0x69, 0x41, 0xa3, 0xc0, 0xe4, 0x41, 0xf5, 0x41, 0xdc,
  0x01, 0xcc, 0xa1, 0xb3, 0x00, 0xa3, 0xa0, 0x92, 0x80, 0xb3, 0x80, 0x92, 0xc0, 0x71, 0x20, 0xd4,
  0x20, 0xf5, 0xa1, 0xe4, 0x20, 0xb3, 0xa0, 0xa2, 0x40, 0xb3, 0x81, 0xf5, 0x22, 0xfe, 0x03, 0xfe,
  0x00, 0xf5, 0x61, 0xfe, 0x28, 0xff, 0xf7, 0xff, 0xff, 0xff, 0xf7, 0xff, 0xad, 0xff, 0xf5, 0xff,
  0xfa, 0xff, 0x28, 0xff, 0xc0, 0xfd, 0x60, 0xfe, 0x62, 0xfe, 0x20, 0xed, 0xa0, 0xec, 0xe0, 0xd3,
  0x80, 0xc3, 0x80, 0xcb, 0x40, 0xbb, 0x40, 0xb3, 0x60, 0x82, 0xc0, 0xc3, 0xc0, 0xcb, 0xe0, 0xa2,
  0x00, 0x00, 0x00, 0x00, 0x00, 0x00, 0x00, 0x00, 0x00, 0x00, 0x00, 0x00, 0x00, 0x00, 0x00, 0x00,
  0x00, 0x00, 0x00, 0x00, 0x00, 0x00, 0x00, 0x00, 0x00, 0x00, 0x00, 0x00, 0x00, 0x00, 0x00, 0x00,
  0x00, 0x00, 0x00, 0x00, 0x00, 0x00, 0x00, 0x00, 0x00, 0x00, 0x00, 0x00, 0x00, 0x00, 0x00, 0x00,
  0x00, 0x00, 0x00, 0x00, 0x00, 0x00, 0x00, 0x00, 0x00, 0x00, 0x00, 0x00, 0x00, 0x00, 0x00, 0x00,
  0x00, 0xf8, 0x00, 0x84, 0xa5, 0x82, 0x23, 0x9b, 0xe2, 0x8a, 0xa1, 0x8a, 0xe2, 0x92, 0x02, 0x93,
  0x02, 0x9b, 0xa2, 0xb3, 0x82, 0xab, 0x21, 0xa3, 0x21, 0xab, 0x60, 0x82, 0x81, 0x82, 0x81, 0x8a,
  0xa1, 0x9a, 0x42, 0xab, 0xe1, 0x9a, 0x01, 0xa3, 0x00, 0xa3, 0x20, 0xab, 0xa2, 0xec, 0xa0, 0xc3,
  0x00, 0xd4, 0x40, 0xdc, 0x80, 0xec, 0x41, 0xf5, 0x24, 0xfe, 0x41, 0xf6, 0x8f, 0xff, 0xf9, 0xff,
  0xf9, 0xff, 0xf9, 0xff, 0xfc, 0xf7, 0xa3, 0xfe, 0x60, 0xed, 0xc2, 0xfd, 0xa0, 0xfd, 0xe0, 0xf4,
  0x60, 0xe4, 0xa0, 0xcb, 0xe0, 0xcb, 0x40, 0xc3, 0x40, 0xc3, 0x8e, 0xf6, 0x55, 0xf7, 0xa4, 0xe4,
  0xc1, 0xa2, 0xc0, 0xaa, 0x60, 0xdc, 0x41, 0xd4, 0xe2, 0xc3, 0xe1, 0xbb, 0x41, 0xd4, 0xe1, 0xc3,
  0xa2, 0xbb, 0xa1, 0xb3, 0x01, 0xc4, 0xe2, 0xc3, 0xc3, 0xbb, 0x82, 0xbb, 0x05, 0xac, 0x00, 0x84,
  0x62, 0xb3, 0x82, 0xbb, 0x82, 0xb3, 0x62, 0xb3, 0x42, 0xab, 0xa2, 0xb3, 0x82, 0xab, 0x82, 0xab,
  0x01, 0xab, 0x61, 0xb3, 0x22, 0xcc, 0x01, 0xcc, 0x62, 0xb3, 0x21, 0x9b, 0x42, 0x9b, 0x62, 0xa3,
  0x62, 0xab, 0x62, 0xab, 0x82, 0xb3, 0xa0, 0xaa, 0x62, 0xab, 0x01, 0x93, 0x82, 0xab, 0xa2, 0xb3,
  0xa2, 0xbb, 0x00, 0xf8, 0x20, 0xcb, 0x00, 0xf8, 0x00, 0x84, 0x83, 0xab, 0x22, 0x9b, 0xc2, 0xb3,
  0x00, 0xf8, 0x05, 0xac, 0x03, 0xb4, 0x00, 0xbc, 0x62, 0xb3, 0x42, 0xa3, 0xa2, 0xab, 0x02, 0xac,
  0xc3, 0xab, 0x62, 0xb3, 0x83, 0xab, 0x02, 0xb4, 0xa0, 0xaa, 0xa0, 0xaa, 0x00, 0xbc, 0x00, 0x84,
  0x00, 0x84, 0x00, 0xf8, 0x00, 0xf8, 0x00, 0x00, 0x00, 0x00, 0x81, 0xbb, 0x62, 0xb3, 0x04, 0xbc,
  0x82, 0xb3, 0x21, 0xa3, 0x41, 0xa3, 0x21, 0xa3, 0x60, 0x82, 0x01, 0xdd, 0xe0, 0xf4, 0x81, 0xe4,
  0x82, 0xdc, 0xe0, 0xc3, 0x40, 0xab, 0xa0, 0x92, 0x60, 0xb3, 0x60, 0x92, 0x41, 0xd4, 0x80, 0xfd,
  0xa0, 0xcb, 0x40, 0xbb, 0x80, 0xc3, 0x00, 0xcc, 0xc0, 0xe4, 0xa0, 0xf5, 0x02, 0xfe, 0xa2, 0xfe,
  0x81, 0xfe, 0x4a, 0xff, 0xfd, 0xf7, 0xfe, 0xff, 0xfc, 0xff, 0xf3, 0xff, 0xd0, 0xff, 0xf7, 0xff,
  0xd7, 0xff, 0x03, 0xfe, 0x80, 0xf5, 0x40, 0xfe, 0xe1, 0xf5, 0xe0, 0xdb, 0xa0, 0xc3, 0xc0, 0xcb,
  0x80, 0xc3, 0x60, 0xc3, 0x60, 0xbb, 0x20, 0xab, 0x60, 0x8a, 0x60, 0x82, 0x00, 0xa3, 0xe0, 0xa2,
  0x00, 0x00, 0x00, 0x00, 0x00, 0x00, 0x00, 0x00, 0x00, 0x00, 0x00, 0x00, 0x00, 0x00, 0x00, 0x00,
  0x00, 0x00, 0x00, 0x00, 0x00, 0x00, 0x00, 0x00, 0x00, 0x00, 0x00, 0x00, 0x00, 0x00, 0x00, 0x00,
  0x00, 0x00, 0x00, 0x00, 0x00, 0x00, 0x00, 0x00, 0x00, 0x00, 0x00, 0x00, 0x00, 0x00, 0x00, 0x00,
  0x00, 0x00, 0x00, 0xf8, 0x00, 0x00, 0x00, 0x00, 0x00, 0x00, 0x00, 0x84, 0x00, 0x84, 0x00, 0x84,
  0x00, 0xf8, 0x04, 0x83, 0x02, 0x8b, 0x02, 0x93, 0xe1, 0x8a, 0xe1, 0x92, 0x43, 0x9b, 0x02, 0x9b,
  0x02, 0x9b, 0x23, 0x9b, 0xa1, 0x92, 0xa1, 0x8a, 0xc1, 0x9a, 0x01, 0x9b, 0xc1, 0x92, 0x81, 0x92,
  0xc2, 0xbb, 0xe2, 0xc3, 0xe1, 0x9a, 0xe0, 0xa2, 0x41, 0xb3, 0x60, 0x8a, 0x61, 0xbb, 0x60, 0xc3,
  0xc0, 0xcb, 0x80, 0xe4, 0xa1, 0xec, 0x62, 0xf5, 0x02, 0xfe, 0x40, 0xfe, 0xe1, 0xfe, 0x8d, 0xff,
  0xcf, 0xff, 0xfb, 0xf7, 0xfb, 0xff, 0x2d, 0xff, 0x8e, 0xff, 0xf4, 0xf7, 0x85, 0xfe, 0x60, 0xf4,
  0x20, 0xec, 0xe0, 0xd3, 0xa0, 0xe4, 0xa1, 0xe4, 0xc0, 0xd3, 0xa4, 0xcb, 0xb6, 0xff, 0x47, 0xed,
  0x01, 0xcc, 0x21, 0xdc, 0x82, 0xc3, 0x20, 0x82, 0x61, 0xb3, 0xe2, 0xbb, 0x62, 0x82, 0x81, 0x8a,
  0x62, 0xab, 0x21, 0xa3, 0x81, 0xb3, 0xc2, 0xbb, 0x02, 0xc4, 0x62, 0xab, 0x82, 0xab, 0x02, 0xbc,
  0xc2, 0xbb, 0x82, 0xb3, 0xc2, 0xb3, 0x83, 0xab, 0x42, 0xab, 0x42, 0xab, 0x62, 0xb3, 0x82, 0xbb,
  0x41, 0xab, 0x82, 0xdc, 0x01, 0xf5, 0xc1, 0xe4, 0x82, 0xbb, 0x02, 0x9b, 0x22, 0xa3, 0x02, 0x9b,
  0xe1, 0x9a, 0x01, 0x9b, 0xa2, 0xbb, 0x63, 0xab, 0x21, 0xa3, 0x82, 0xab, 0x22, 0xa3, 0x62, 0xab,
  0x82, 0xbb, 0x64, 0xb3, 0xa3, 0xb3, 0x05, 0xac, 0xa0, 0xaa, 0xc3, 0xbb, 0xc1, 0x8a, 0x01, 0xa3,
  0xc3, 0xb3, 0x00, 0x84, 0x62, 0xb3, 0x62, 0xb3, 0x82, 0xab, 0x22, 0xa3, 0x62, 0xa3, 0xc1, 0xb3,
  0x03, 0xb4, 0xa2, 0xbb, 0x00, 0xbc, 0x83, 0xb3, 0x20, 0xcb, 0x00, 0xbc, 0x05, 0xac, 0x00, 0xac,
  0x20, 0xcb, 0xa0, 0xaa, 0x00, 0xac, 0x00, 0xf8, 0x00, 0x00, 0x82, 0xb3, 0x62, 0xb3, 0x42, 0xab,
  0xa2, 0xb3, 0x82, 0xb3, 0x01, 0x9b, 0xc1, 0x92, 0x21, 0x72, 0xa1, 0xbb, 0x22, 0xed, 0x60, 0xfd,
  0x20, 0xdc, 0x80, 0xbb, 0x21, 0xd4, 0x40, 0xab, 0xa0, 0x92, 0x41, 0xed, 0xa6, 0xfe, 0x20, 0xd4,
  0xc0, 0xaa, 0xc0, 0xaa, 0x02, 0xe5, 0xc5, 0xfe, 0xca, 0xfe, 0x60, 0xfd, 0x21, 0xf6, 0x83, 0xfe,
  0x48, 0xff, 0xfa, 0xff, 0xfe, 0xff, 0xf9, 0xff, 0xd6, 0xff, 0xf6, 0xff, 0xf9, 0xff, 0xd7, 0xff,
  0xa4, 0xfe, 0x40, 0xf5, 0x00, 0xf6, 0x05, 0xff, 0x40, 0xed, 0xe0, 0xaa, 0xe0, 0xa2, 0x60, 0xbb,
  0x80, 0xbb, 0x80, 0xbb, 0x00, 0xa3, 0xa0, 0x9a, 0x40, 0x82, 0x40, 0x82, 0x60, 0x82, 0xa0, 0x92,
  0x00, 0x00, 0x00, 0x00, 0x00, 0x00, 0x00, 0x00, 0x00, 0x00, 0x00, 0x00, 0x00, 0x00, 0x00, 0x00,
  0x00, 0x00, 0x00, 0x00, 0x00, 0x00, 0x00, 0x00, 0x00, 0x00, 0x00, 0x00, 0x00, 0x00, 0x00, 0x00,
  0x00, 0x00, 0x00, 0x00, 0x00, 0x00, 0x00, 0x00, 0x00, 0x00, 0x00, 0x00, 0x00, 0x00, 0x00, 0x00,
  0x00, 0x00, 0x00, 0x00, 0x00, 0x00, 0x00, 0x00, 0x00, 0x00, 0x00, 0x00, 0x00, 0x00, 0x00, 0x00,
  0xa0, 0xaa, 0xa5, 0x82, 0x22, 0x9b, 0xc2, 0x92, 0xe2, 0x8a, 0xa2, 0x8a, 0xc2, 0x8a, 0x01, 0x8b,
  0x22, 0x93, 0xc2, 0x92, 0xe2, 0x92, 0xc1, 0x8a, 0xc2, 0x8a, 0x21, 0xa3, 0xc1, 0x9a, 0x21, 0xa3,
  0x22, 0xa3, 0xe1, 0x9a, 0xa1, 0x92, 0xc1, 0x92, 0xa0, 0xc3, 0xe0, 0xaa, 0xa0, 0xa2, 0x60, 0xbb,
  0xc0, 0xc3, 0xc0, 0xd3, 0x40, 0xe4, 0xe1, 0xec, 0xe0, 0xf4, 0xe1, 0xf4, 0xa1, 0xf5, 0xa4, 0xfe,
  0xf4, 0xff, 0xd1, 0xff, 0xfa, 0xff, 0xfc, 0xff, 0xf1, 0xff, 0xb6, 0xff, 0x61, 0xfd, 0x01, 0xf5,
  0xe0, 0xeb, 0xe2, 0xf4, 0x22, 0xf5, 0x60, 0xec, 0xc0, 0xdb, 0x00, 0xc3, 0x01, 0xed, 0x23, 0xfe,
  0x20, 0xf5, 0x00, 0xed, 0x81, 0xe4, 0xe1, 0xe4, 0xc0, 0xc3, 0xe0, 0x71, 0xe0, 0x79, 0x80, 0x8a,
  0x81, 0xb3, 0x81, 0xb3, 0x61, 0xb3, 0x41, 0xab, 0x60, 0xab, 0xc1, 0xbb, 0x81, 0xbb, 0xa2, 0xbb,
  0x81, 0xbb, 0x81, 0xc3, 0xa1, 0xbb, 0x61, 0xb3, 0xa1, 0xbb, 0xc1, 0xc3, 0xe1, 0x9a, 0xa1, 0x8a,
  0xc0, 0xc3, 0x22, 0xed, 0x80, 0xc3, 0x20, 0x82, 0x20, 0xab, 0xe1, 0xcb, 0x03, 0xcc, 0xc3, 0xbb,
  0x61, 0xab, 0x40, 0xb3, 0x01, 0xa3, 0x22, 0xa3, 0xe2, 0xdc, 0x00, 0xa3, 0xe0, 0xa2, 0xc0, 0x9a,
  0xe1, 0xa2, 0x61, 0xb3, 0x41, 0xab, 0x41, 0xab, 0x42, 0xab, 0xa2, 0xbb, 0x61, 0xab, 0x21, 0xa3,
  0xe2, 0xc3, 0xa2, 0xbb, 0xc3, 0xbb, 0xc2, 0xbb, 0xa1, 0xbb, 0xa2, 0xbb, 0x82, 0xb3, 0xa2, 0xb3,
  0xa2, 0xbb, 0x00, 0xac, 0xc1, 0xb3, 0x81, 0xbb, 0x00, 0xac, 0xa2, 0xb3, 0x20, 0xcb, 0x00, 0xac,
  0x02, 0xbc, 0x00, 0xbc, 0x00, 0xac, 0x00, 0xac, 0x64, 0xb3, 0xa1, 0xb3, 0x81, 0xb3, 0x41, 0xb3,
  0xc1, 0xc3, 0xa1, 0xbb, 0x00, 0xab, 0xa0, 0xa2, 0x80, 0x92, 0xe0, 0xa2, 0x83, 0xed, 0x61, 0xcc,
  0x41, 0xcc, 0x82, 0xd4, 0xe1, 0xd3, 0xa0, 0xc3, 0x40, 0xcc, 0xe2, 0xdc, 0xe0, 0xb2, 0xa0, 0xa2,
  0x80, 0xd3, 0x61, 0xed, 0xc0, 0xf5, 0xc0, 0xfd, 0x43, 0xf6, 0xe6, 0xfe, 0x65, 0xff, 0x65, 0xff,
  0xf5, 0xff, 0xff, 0xff, 0xff, 0xff, 0xd5, 0xff, 0xfa, 0xff, 0x6e, 0xff, 0x28, 0xff, 0xe3, 0xfe,
  0x80, 0xfe, 0xc0, 0xfd, 0xc0, 0xec, 0x20, 0xed, 0xc0, 0xfd, 0x60, 0xb3, 0xc0, 0x9a, 0x20, 0xab,
  0xe0, 0xc3, 0x60, 0xb3, 0xa0, 0x9a, 0xe0, 0x9a, 0x00, 0xc4, 0xa0, 0xc3, 0xc0, 0xcb, 0x40, 0xd4,
  0x00, 0x00, 0x00, 0x00, 0x00, 0x00, 0x00, 0x00, 0x00, 0x00, 0x00, 0x00, 0x00, 0x00, 0x00, 0x00,
  0x00, 0x00, 0x00, 0x00, 0x00, 0x00, 0x00, 0x00, 0x00, 0x00, 0x00, 0x00, 0x00, 0x00, 0x00, 0x00,
  0x00, 0x00, 0x00, 0x00, 0x00, 0x00, 0x00, 0x00, 0x00, 0x00, 0x00, 0x00, 0x00, 0x00, 0x00, 0x00,
  0x00, 0x00, 0x00, 0x00, 0x00, 0x00, 0x00, 0x00, 0x00, 0x00, 0x00, 0x00, 0x00, 0x00, 0x00, 0x00,
  0xa3, 0x8a, 0xc3, 0x92, 0x04, 0x8b, 0x04, 0x83, 0xe2, 0x8a, 0x23, 0x9b, 0xa0, 0xaa, 0xa0, 0xaa,
  0x03, 0x93, 0x02, 0x93, 0x02, 0x9b, 0x02, 0x9b, 0x22, 0x9b, 0x22, 0xa3, 0x21, 0xa3, 0x01, 0xa3,
  0xe1, 0x9a, 0xe1, 0x9a, 0xe1, 0x9a, 0xe1, 0x9a, 0x41, 0xab, 0xc1, 0xc3, 0xe0, 0xa2, 0xa0, 0x9a,
  0x20, 0xb3, 0x00, 0xdc, 0x40, 0xdc, 0xa0, 0xec, 0x20, 0xf5, 0xa5, 0xfe, 0x04, 0xf6, 0x81, 0xfd,
  0xad, 0xff, 0xe2, 0xfe, 0xf6, 0xff, 0xfd, 0xff, 0xf4, 0xff, 0xd9, 0xff, 0xc7, 0xfe, 0xe7, 0xfe,
  0x02, 0xfe, 0x60, 0xec, 0x00, 0xec, 0x80, 0xec, 0xe0, 0xeb, 0xa0, 0xaa, 0x00, 0xc3, 0x2a, 0xff,
  0x25, 0xff, 0xc0, 0xdb, 0x40, 0xe4, 0x41, 0xf5, 0x63, 0xe4, 0xc0, 0xcb, 0x40, 0xb3, 0xc0, 0x9a,
  0xc0, 0x92, 0x80, 0xb3, 0x81, 0xb3, 0x20, 0xa3, 0x00, 0xa3, 0xc1, 0xc3, 0xe1, 0xc3, 0xa1, 0xc3,
  0xe2, 0xc3, 0x82, 0xbb, 0x81, 0xb3, 0x81, 0xbb, 0xa1, 0xbb, 0x00, 0x9b, 0x21, 0x82, 0xe0, 0xcb,
  0xe0, 0xfd, 0x40, 0xec, 0xe0, 0x71, 0xc0, 0x71, 0x60, 0xbb, 0xa1, 0xbb, 0xe3, 0xc3, 0xa1, 0xbb,
  0x60, 0xb3, 0x21, 0xcc, 0xc1, 0x92, 0xa0, 0x92, 0x01, 0xe5, 0xa1, 0xc3, 0x01, 0xa3, 0xa0, 0x92,
  0x22, 0xa3, 0xa2, 0xb3, 0x41, 0xab, 0x41, 0xab, 0x81, 0xbb, 0x82, 0xab, 0xa2, 0xbb, 0x41, 0xab,
  0xa3, 0xbb, 0xe3, 0xbb, 0xa2, 0xb3, 0xc3, 0xb3, 0xc2, 0xbb, 0x81, 0xbb, 0xa2, 0xbb, 0x82, 0xb3,
  0xa2, 0xbb, 0x03, 0xb4, 0xa0, 0xaa, 0xa2, 0xbb, 0xa2, 0xbb, 0xa0, 0xaa, 0x20, 0xcb, 0x00, 0xac,
  0x83, 0xc3, 0xa2, 0xc3, 0x83, 0xc3, 0xc2, 0xc3, 0x83, 0xc3, 0x41, 0xab, 0xa1, 0xbb, 0x81, 0xb3,
  0x61, 0xab, 0x60, 0x82, 0x60, 0x8a, 0xa0, 0x9a, 0xc0, 0x9a, 0x40, 0x82, 0x20, 0xab, 0x00, 0xa3,
  0x80, 0xb3, 0x61, 0xd4, 0xa3, 0xdc, 0xaa, 0xfe, 0xa3, 0xcc, 0x80, 0xd3, 0x40, 0xbb, 0xe0, 0xe4,
  0x40, 0xed, 0x20, 0xf5, 0xe1, 0xfd, 0x42, 0xfe, 0xa0, 0xed, 0xb0, 0xff, 0xf0, 0xff, 0xf9, 0xff,
  0xfd, 0xff, 0xfa, 0xff, 0xf4, 0xff, 0xee, 0xff, 0xfa, 0xff, 0xc4, 0xfe, 0xa0, 0xfe, 0xe1, 0xfd,
  0x40, 0xf5, 0x80, 0xe4, 0xe0, 0xec, 0xe2, 0xfd, 0x86, 0xfe, 0x80, 0xc3, 0xc0, 0xc3, 0xc0, 0xc3,
  0x00, 0xab, 0xa0, 0xbb, 0x01, 0xa3, 0x40, 0x82, 0xe0, 0xa2, 0x40, 0xb3, 0x40, 0xab, 0x01, 0xa3,
  0x00, 0x00, 0x00, 0x00, 0x00, 0x00, 0x00, 0x00, 0x00, 0x00, 0x00, 0x00, 0x00, 0x00, 0x00, 0x00,
  0x00, 0x00, 0x00, 0x00, 0x00, 0x00, 0x00, 0x00, 0x00, 0x00, 0x00, 0x00, 0x00, 0x00, 0x00, 0x00,
  0x00, 0x00, 0x00, 0x00, 0x00, 0x00, 0x00, 0x00, 0x00, 0x00, 0x00, 0x00, 0x00, 0x00, 0x00, 0x00,
  0x00, 0x00, 0x00, 0x00, 0x00, 0x00, 0x00, 0x00, 0x00, 0x00, 0x00, 0x00, 0x00, 0xf8, 0xa5, 0x82,
  0x02, 0x8b, 0xe2, 0x8a, 0xc2, 0x92, 0x64, 0x93, 0x20, 0x9b, 0x20, 0x9b, 0xa5, 0x82, 0x00, 0x84,
  0x42, 0x93, 0x03, 0x93, 0xe2, 0x92, 0x42, 0x93, 0x22, 0x9b, 0x41, 0xab, 0x42, 0xab, 0x02, 0xa3,
  0x21, 0xa3, 0x01, 0xa3, 0xe1, 0x9a, 0x21, 0xa3, 0x01, 0xa3, 0x01, 0xa3, 0xc1, 0x9a, 0x00, 0x7a,
  0xc0, 0xa2, 0x00, 0xd4, 0x01, 0xcc, 0x00, 0xd4, 0x80, 0xe4, 0x82, 0xf5, 0x60, 0xec, 0x42, 0xfe,
  0x27, 0xff, 0x41, 0xfe, 0xc8, 0xff, 0xfb, 0xff, 0xfc, 0xff, 0xfa, 0xff, 0xfc, 0xff, 0xd1, 0xff,
  0xe3, 0xfe, 0xe0, 0xfd, 0x42, 0xf5, 0xe0, 0xeb, 0xa0, 0xf4, 0x80, 0xc3, 0xe0, 0xba, 0x01, 0xed,
  0xa3, 0xfe, 0x83, 0xf5, 0x00, 0xd4, 0x00, 0xb3, 0x00, 0xb3, 0xa0, 0xe4, 0xc0, 0xcb, 0x60, 0xb3,
  0xc0, 0x9a, 0x60, 0xb3, 0x40, 0xab, 0xc0, 0x9a, 0x80, 0x92, 0x81, 0xbb, 0x80, 0xbb, 0x20, 0xab,
  0x40, 0xb3, 0x80, 0xbb, 0xc0, 0xc3, 0x20, 0xa3, 0x00, 0xab, 0xe0, 0xaa, 0x80, 0xdc, 0x21, 0xfe,
  0x60, 0xf5, 0x00, 0xb3, 0xa0, 0x61, 0x40, 0x82, 0xc0, 0xcb, 0x20, 0xb3, 0x21, 0xa3, 0x00, 0xa3,
  0x41, 0xd4, 0xa1, 0xbb, 0x60, 0x8a, 0x20, 0x82, 0xa0, 0xe4, 0x60, 0xb3, 0x80, 0x92, 0x80, 0x8a,
  0x61, 0xab, 0x81, 0xb3, 0x41, 0xab, 0x61, 0xb3, 0x82, 0xbb, 0xe2, 0xc3, 0xc3, 0xbb, 0xa2, 0xb3,
  0xa2, 0xab, 0x62, 0xb3, 0x82, 0xb3, 0xc2, 0xbb, 0x04, 0xbc, 0x83, 0xbb, 0x81, 0xbb, 0x82, 0xb3,
  0xa2, 0xb3, 0x82, 0xbb, 0x03, 0xb4, 0xc2, 0xb3, 0xa2, 0xbb, 0x03, 0xbc, 0x04, 0xbc, 0x03, 0xcc,
  0xa2, 0xc3, 0x04, 0xbc, 0x00, 0xfc, 0x00, 0xbc, 0x81, 0xbb, 0x82, 0xb3, 0x41, 0xab, 0x80, 0x8a,
  0x00, 0x7a, 0x20, 0x7a, 0x60, 0x8a, 0x20, 0x82, 0xc0, 0x9a, 0xe0, 0x69, 0xe0, 0x79, 0xc0, 0x9a,
  0x21, 0xcc, 0xc0, 0xcb, 0xc1, 0xdc, 0xe5, 0xfe, 0xc1, 0xe4, 0xa0, 0xd3, 0xa2, 0xec, 0x65, 0xf6,
  0x00, 0xf6, 0x85, 0xf5, 0xd7, 0xff, 0xfa, 0xff, 0x65, 0xff, 0xf2, 0xff, 0xfd, 0xff, 0xff, 0xff,
  0xfd, 0xff, 0xf3, 0xff, 0xf2, 0xff, 0xf5, 0xff, 0x46, 0xff, 0x82, 0xfe, 0x62, 0xfe, 0x40, 0xf5,
  0xa0, 0xe4, 0xe0, 0xaa, 0x40, 0xdc, 0xa1, 0xf5, 0x02, 0xfe, 0x20, 0xdc, 0xc0, 0xcb, 0xc0, 0xc3,
  0xa0, 0x9a, 0x40, 0xab, 0x01, 0xa3, 0x60, 0x82, 0x80, 0x92, 0x21, 0xa3, 0x80, 0x8a, 0x40, 0x7a,
  0x00, 0x00, 0x00, 0x00, 0x00, 0x00, 0x00, 0x00, 0x00, 0x00, 0x00, 0x00, 0x00, 0x00, 0x00, 0x00,
  0x00, 0x00, 0x00, 0x00, 0x00, 0x00, 0x00, 0x00, 0x00, 0x00, 0x00, 0x00, 0x00, 0x00, 0x00, 0x00,
  0x00, 0x00, 0x00, 0x00, 0x00, 0x00, 0x00, 0x00, 0x00, 0x00, 0x00, 0x00, 0x00, 0x00, 0x00, 0x00,
  0x00, 0x00, 0x00, 0x00, 0x00, 0x00, 0x00, 0xf8, 0xa0, 0xaa, 0x00, 0x00, 0x02, 0x8b, 0xc3, 0x8a,
  0x22, 0x8b, 0x20, 0x9b, 0xa3, 0x8a, 0x00, 0x84, 0xa0, 0xaa, 0x00, 0x84, 0x23, 0x9b, 0x00, 0x84,
  0xa5, 0xaa, 0x42, 0x93, 0x43, 0x93, 0x04, 0x9b, 0x03, 0x93, 0x22, 0xa3, 0x42, 0xa3, 0x02, 0xa3,
  0x21, 0xab, 0x22, 0xab, 0x01, 0x9b, 0x21, 0xab, 0x21, 0xa3, 0xa1, 0x92, 0x81, 0x8a, 0x40, 0x7a,
  0xe0, 0x9a, 0x01, 0xcc, 0x60, 0xb3, 0x00, 0xab, 0x00, 0xd4, 0x80, 0xdb, 0x21, 0xf5, 0xcf, 0xff,
  0x84, 0xfe, 0xe0, 0xe3, 0x43, 0xfe, 0xae, 0xff, 0xfc, 0xff, 0xf6, 0xff, 0xfa, 0xff, 0xfb, 0xff,
  0xb1, 0xff, 0x80, 0xfe, 0xc1, 0xfd, 0xa2, 0xfd, 0x00, 0xf5, 0xc1, 0xec, 0x20, 0xdc, 0x60, 0xcb,
  0x60, 0xdc, 0x44, 0xfe, 0x45, 0xfe, 0x63, 0xed, 0xc0, 0xc3, 0x81, 0xdc, 0x60, 0xc3, 0x60, 0xc3,
  0x80, 0xbb, 0xc0, 0xc3, 0x20, 0xab, 0x80, 0x92, 0xe0, 0xa2, 0x60, 0x92, 0x00, 0x82, 0xa0, 0x92,
  0x00, 0xab, 0x40, 0xb3, 0xc1, 0xc3, 0x20, 0xab, 0x42, 0xed, 0xc4, 0xed, 0x46, 0xff, 0x80, 0xe4,
  0xc0, 0xaa, 0x40, 0x8a, 0x20, 0x7a, 0x00, 0xd4, 0x40, 0xdc, 0x40, 0xb3, 0xe0, 0x9a, 0x60, 0xb3,
  0x42, 0xd4, 0x80, 0x82, 0xe0, 0x71, 0x40, 0x92, 0xe2, 0xe4, 0xe0, 0xcb, 0xc0, 0x9a, 0x80, 0x8a,
  0x82, 0xb3, 0xc2, 0xbb, 0xa2, 0xb3, 0x82, 0xb3, 0x62, 0xb3, 0xe2, 0xc3, 0xa2, 0xbb, 0xc1, 0xbb,
  0xc2, 0xbb, 0x82, 0xb3, 0x61, 0xab, 0xa3, 0xbb, 0x02, 0xc4, 0xc3, 0xbb, 0xc2, 0xc3, 0x81, 0xb3,
  0x61, 0xb3, 0x82, 0xbb, 0x81, 0xbb, 0xc2, 0xbb, 0x82, 0xbb, 0xc2, 0xbb, 0x03, 0xcc, 0x00, 0xbc,
  0x02, 0xbc, 0x23, 0xc4, 0xc1, 0xab, 0x41, 0xab, 0x01, 0xa3, 0x40, 0x82, 0x80, 0x8a, 0x80, 0x8a,
  0xa0, 0x92, 0x20, 0xa3, 0xa0, 0x92, 0x40, 0x8a, 0xe0, 0x9a, 0x40, 0x82, 0xc0, 0x9a, 0x20, 0xab,
  0x80, 0xdc, 0x40, 0xdc, 0x80, 0xd4, 0x80, 0xdc, 0xc0, 0xec, 0x81, 0xe4, 0x40, 0xed, 0x41, 0xfe,
  0xa6, 0xfe, 0x72, 0xff, 0xfb, 0xff, 0xb3, 0xff, 0xb2, 0xff, 0xf7, 0xff, 0xfd, 0xff, 0xfe, 0xff,
  0xfd, 0xff, 0xf8, 0xff, 0xef, 0xff, 0x8e, 0xff, 0x04, 0xff, 0x62, 0xfe, 0x02, 0xfe, 0x03, 0xfe,
  0xc3, 0xf5, 0xa0, 0xbb, 0x20, 0x82, 0x60, 0xbb, 0x00, 0xcc, 0x60, 0xfd, 0xc0, 0xcb, 0x60, 0xb3,
  0x80, 0xbb, 0x40, 0xb3, 0x01, 0xa3, 0xa0, 0x92, 0xc0, 0x92, 0x20, 0x7a, 0xa1, 0x8a, 0xa1, 0x8a,
  0x00, 0x00, 0x00, 0x00, 0x00, 0x00, 0x00, 0x00, 0x00, 0x00, 0x00, 0x00, 0x00, 0x00, 0x00, 0x00,
  0x00, 0x00, 0x00, 0x00, 0x00, 0x00, 0x00, 0x00, 0x00, 0x00, 0x00, 0x00, 0x00, 0x00, 0x00, 0x00,
  0x00, 0x00, 0x00, 0x00, 0x00, 0x00, 0x00, 0x00, 0x00, 0x00, 0x00, 0x00, 0x00, 0x00, 0x00, 0x00,
  0x00, 0x00, 0x00, 0x00, 0x00, 0x00, 0x00, 0x00, 0x00, 0xf8, 0xa3, 0x8a, 0xe2, 0x8a, 0x23, 0x83,
  0x00, 0x82, 0x00, 0x00, 0x00, 0x82, 0x00, 0x84, 0xa0, 0xaa, 0xa5, 0x82, 0x00, 0x84, 0x00, 0xf8,
  0xc3, 0x92, 0x00, 0x84, 0x42, 0x93, 0xa3, 0x8a, 0x03, 0x93, 0x02, 0x9b, 0x82, 0x9b, 0x21, 0xa3,
  0x22, 0xa3, 0x62, 0xa3, 0x22, 0xa3, 0x21, 0xa3, 0x41, 0xab, 0xa1, 0x92, 0xa1, 0x92, 0x60, 0x82,
  0x80, 0x92, 0x61, 0xb3, 0x00, 0xa3, 0x00, 0xa3, 0x80, 0xc3, 0xe3, 0xdc, 0x30, 0xff, 0x45, 0xfe,
  0x20, 0xec, 0x40, 0xec, 0x80, 0xfd, 0xa9, 0xff, 0xf2, 0xff, 0xf6, 0xff, 0xd3, 0xff, 0xfa, 0xff,
  0xf9, 0xff, 0x49, 0xff, 0xa3, 0xfe, 0xa4, 0xfe, 0x63, 0xfd, 0x01, 0xf5, 0x20, 0xe4, 0x60, 0xcb,
  0x40, 0xe4, 0xe0, 0xcb, 0x21, 0xed, 0xe2, 0xf5, 0x64, 0xf5, 0x42, 0xed, 0xc0, 0xd3, 0x00, 0xdc,
  0x01, 0xf5, 0x20, 0xd4, 0x80, 0xbb, 0xe0, 0xaa, 0x00, 0xab, 0x40, 0xab, 0x61, 0xb3, 0x00, 0xa3,
  0xc0, 0x9a, 0xc0, 0x9a, 0x80, 0x9a, 0x02, 0xee, 0x4a, 0xff, 0x26, 0xff, 0x41, 0xfe, 0x00, 0xf5,
  0x43, 0xd4, 0x20, 0xab, 0x01, 0xc4, 0x60, 0xdc, 0xc0, 0xc3, 0x21, 0xab, 0xa0, 0x92, 0x80, 0xb3,
  0x61, 0xab, 0x00, 0x72, 0x60, 0x59, 0x20, 0x92, 0xa3, 0xf5, 0x41, 0xcc, 0x01, 0xa3, 0xc1, 0x92,
  0xc2, 0xc3, 0x02, 0xc4, 0xa1, 0xb3, 0x81, 0xb3, 0x61, 0xab, 0xe2, 0xc3, 0x41, 0xab, 0xc2, 0xbb,
  0x03, 0xc4, 0xc1, 0xbb, 0x61, 0xab, 0x81, 0xb3, 0xc2, 0xbb, 0x03, 0xcc, 0x02, 0xc4, 0x81, 0xb3,
  0x61, 0xb3, 0x81, 0xb3, 0xc2, 0xb3, 0xa1, 0xb3, 0x81, 0xab, 0xc1, 0xc3, 0xc2, 0xc3, 0xa2, 0xb3,
  0x61, 0xab, 0x42, 0xa3, 0xc0, 0x92, 0xa1, 0x92, 0x82, 0xab, 0x40, 0x8a, 0xa0, 0x9a, 0x80, 0xb3,
  0xc1, 0xc3, 0xc1, 0xc3, 0x61, 0xb3, 0x40, 0xb3, 0x81, 0xbb, 0x60, 0x8a, 0xc0, 0x92, 0x00, 0xa3,
  0x40, 0xd4, 0x21, 0xed, 0x80, 0xdc, 0x20, 0xd4, 0x20, 0xdc, 0xa1, 0xf5, 0x06, 0xff, 0x6c, 0xff,
  0x29, 0xff, 0x69, 0xff, 0xfa, 0xff, 0xf8, 0xff, 0xfa, 0xff, 0xfb, 0xff, 0xfa, 0xff, 0xfe, 0xff,
  0xfc, 0xff, 0xce, 0xff, 0x61, 0xff, 0x46, 0xff, 0x8a, 0xff, 0xa2, 0xfd, 0x41, 0xf5, 0xa1, 0xf5,
  0x66, 0xfe, 0xa7, 0xfe, 0xa0, 0x92, 0xe0, 0x79, 0x20, 0x82, 0x00, 0xd4, 0xc0, 0xcb, 0x60, 0xb3,
  0xe0, 0xcb, 0x00, 0xa3, 0xa0, 0x9a, 0xc0, 0x9a, 0xe0, 0xa2, 0x60, 0x82, 0x02, 0x9b, 0x22, 0x9b,
  0x00, 0x00, 0x00, 0x00, 0x00, 0x00, 0x00, 0x00, 0x00, 0x00, 0x00, 0x00, 0x00, 0x00, 0x00, 0x00,
  0x00, 0x00, 0x00, 0x00, 0x00, 0x00, 0x00, 0x00, 0x00, 0x00, 0x00, 0x00, 0x00, 0x00, 0x00, 0x00,
  0x00, 0x00, 0x00, 0x00, 0x00, 0x00, 0x00, 0x00, 0x00, 0x00, 0x00, 0x00, 0x00, 0x00, 0x00, 0x00,
  0x00, 0x00, 0x00, 0x00, 0x00, 0x00, 0x00, 0x00, 0x00, 0x84, 0xa2, 0x82, 0xa4, 0x8a, 0xa5, 0x82,
  0x00, 0x84, 0x00, 0x00, 0x00, 0x00, 0x00, 0xf8, 0x00, 0x00, 0xa0, 0xaa, 0x00, 0x84, 0xa0, 0xaa,
  0x00, 0x84, 0x00, 0x00, 0x00, 0x00, 0xa0, 0xaa, 0x23, 0x93, 0x21, 0xa3, 0x22, 0xab, 0x02, 0x9b,
  0x22, 0xa3, 0x42, 0xa3, 0x22, 0xa3, 0x22, 0x9b, 0x02, 0x9b, 0x02, 0x9b, 0x21, 0xa3, 0xa0, 0x92,
  0x60, 0x8a, 0x01, 0x9b, 0x41, 0xab, 0x60, 0xb3, 0xc0, 0xcb, 0xe8, 0xed, 0x66, 0xed, 0x60, 0xcb,
  0xe0, 0xe3, 0x00, 0xec, 0x20, 0xfd, 0xc3, 0xfe, 0x61, 0xfe, 0x8a, 0xff, 0xf6, 0xff, 0xf3, 0xff,
  0xf9, 0xff, 0xf9, 0xff, 0xd5, 0xff, 0x2a, 0xff, 0xe1, 0xfd, 0x20, 0xf5, 0xc0, 0xf4, 0xc0, 0xec,
  0x80, 0xec, 0x40, 0xc3, 0x00, 0xb3, 0x20, 0xb3, 0xa2, 0xdc, 0x22, 0xed, 0xa1, 0xf5, 0xa2, 0xf5,
  0xc5, 0xfe, 0x81, 0xf5, 0xe2, 0xec, 0xe0, 0xd3, 0x00, 0xb3, 0x80, 0xe4, 0x81, 0xbb, 0xe0, 0xa2,
  0x80, 0x9a, 0x80, 0xa2, 0xc0, 0xd3, 0x8d, 0xff, 0x70, 0xff, 0x02, 0xfe, 0xc3, 0xfe, 0xc9, 0xfe,
  0x83, 0xed, 0xc0, 0x9a, 0x80, 0xbb, 0xa0, 0xcb, 0x20, 0xab, 0xa0, 0x92, 0x00, 0xa3, 0xe1, 0xc3,
  0x81, 0xb3, 0xe0, 0x92, 0x60, 0x61, 0x60, 0x92, 0x25, 0xfe, 0x23, 0xe5, 0x41, 0xab, 0xa1, 0x9a,
  0x81, 0xb3, 0xc1, 0xbb, 0xc1, 0xbb, 0x02, 0xc4, 0xa2, 0xb3, 0x62, 0xab, 0x21, 0xa3, 0x82, 0xb3,
  0x41, 0xab, 0x21, 0x9b, 0x00, 0x9b, 0x01, 0xa3, 0x01, 0x9b, 0x03, 0xc4, 0xe2, 0xc3, 0x61, 0xb3,
  0x61, 0xb3, 0xa1, 0xb3, 0xa2, 0xb3, 0x82, 0xb3, 0x21, 0xa3, 0x82, 0xb3, 0xa2, 0xb3, 0x22, 0xa3,
  0xa1, 0x8a, 0xa0, 0x8a, 0xe0, 0x9a, 0x82, 0xb3, 0x23, 0xcc, 0xc0, 0xc3, 0xc0, 0xc3, 0x80, 0xb3,
  0x61, 0xab, 0x80, 0xb3, 0xa0, 0xc3, 0x20, 0xdc, 0x41, 0xdc, 0xa0, 0xbb, 0x80, 0xab, 0x00, 0xa3,
  0x80, 0xbb, 0x80, 0xe4, 0x20, 0xf5, 0xc0, 0xec, 0xc0, 0xd3, 0xc0, 0xf5, 0xf3, 0xff, 0xfc, 0xff,
  0xf0, 0xff, 0xac, 0xff, 0xff, 0xff, 0xfe, 0xff, 0xff, 0xff, 0xfc, 0xff, 0xf4, 0xff, 0xf8, 0xff,
  0xf4, 0xff, 0x85, 0xff, 0x03, 0xff, 0x66, 0xff, 0xa9, 0xff, 0x20, 0xdc, 0xa0, 0xd3, 0xa0, 0xcb,
  0xe1, 0xe4, 0xe4, 0xf5, 0xa5, 0xf5, 0x21, 0xa3, 0x60, 0x92, 0xe0, 0x79, 0x20, 0xab, 0x80, 0xbb,
  0x60, 0xbb, 0x40, 0xab, 0xc0, 0x9a, 0xc0, 0x9a, 0xe0, 0xa2, 0x22, 0x9b, 0x02, 0x9b, 0x42, 0xa3,
  0x00, 0x00, 0x00, 0x00, 0x00, 0x00, 0x00, 0x00, 0x00, 0x00, 0x00, 0x00, 0x00, 0x00, 0x00, 0x00,
  0x00, 0x00, 0x00, 0x00, 0x00, 0x00, 0x00, 0x00, 0x00, 0x00, 0x00, 0x00, 0x00, 0x00, 0x00, 0x00,
  0x00, 0x00, 0x00, 0x00, 0x00, 0x00, 0x00, 0x00, 0x00, 0x00, 0x00, 0x00, 0x00, 0x00, 0x00, 0x00,
  0x00, 0x00, 0x00, 0x00, 0x00, 0x00, 0x00, 0x00, 0xc2, 0x82, 0x04, 0x83, 0xa5, 0x82, 0xc2, 0x92,
  0x00, 0xf8, 0x00, 0x84, 0x00, 0x00, 0x00, 0x00, 0x00, 0xf8, 0x00, 0x00, 0x00, 0x00, 0x00, 0xf8,
  0x00, 0x00, 0x00, 0x00, 0x04, 0x9b, 0x00, 0x00, 0xe2, 0xa2, 0x23, 0x9b, 0x04, 0x9b, 0x62, 0xa3,
  0x22, 0xa3, 0x42, 0xa3, 0x02, 0xa3, 0x02, 0x9b, 0xc1, 0x92, 0x21, 0xa3, 0x42, 0xab, 0x41, 0xa3,
  0xc1, 0x9a, 0xa1, 0x92, 0x01, 0xa3, 0xa2, 0xbb, 0x24, 0xd4, 0x80, 0xbb, 0x80, 0x92, 0xe0, 0xb2,
  0x20, 0xec, 0x01, 0xf5, 0x80, 0xf4, 0x40, 0xfd, 0x60, 0xfd, 0x48, 0xff, 0x90, 0xff, 0xb2, 0xff,
  0xf6, 0xff, 0xfa, 0xff, 0xfc, 0xf7, 0xf4, 0xff, 0xc9, 0xfe, 0xc2, 0xf5, 0x20, 0xf5, 0x21, 0xfd,
  0x01, 0xf5, 0x00, 0xed, 0xc0, 0xc3, 0x00, 0xd4, 0x60, 0xe4, 0x67, 0xe5, 0x71, 0xff, 0x30, 0xff,
  0x8f, 0xff, 0x43, 0xe5, 0x21, 0xd4, 0xc0, 0xc3, 0x41, 0xdc, 0xc1, 0xe4, 0x40, 0x8a, 0x20, 0xab,
  0x01, 0xd4, 0xe0, 0xd3, 0x81, 0xfe, 0xc5, 0xfe, 0x04, 0xfe, 0xc0, 0xfd, 0x4b, 0xff, 0x83, 0xfd,
  0x40, 0xd4, 0xa0, 0x8a, 0xc0, 0xd3, 0x81, 0xe4, 0x60, 0xb3, 0x20, 0xab, 0x60, 0xb3, 0xc0, 0xc3,
  0xc0, 0xc3, 0x61, 0xab, 0x00, 0x7a, 0x80, 0xb3, 0x67, 0xfe, 0xa4, 0xf5, 0xa1, 0xab, 0xe2, 0x92,
  0x21, 0xab, 0x40, 0xab, 0xa1, 0xbb, 0xe3, 0xbb, 0x82, 0xab, 0xe1, 0x9a, 0x61, 0xab, 0x82, 0xb3,
  0x01, 0x9b, 0xc0, 0x92, 0xc1, 0x92, 0xa0, 0x8a, 0x01, 0x9b, 0x23, 0xc4, 0x42, 0xd4, 0xa2, 0xb3,
  0x62, 0xab, 0x81, 0xb3, 0xc2, 0xb3, 0x62, 0xab, 0x21, 0x9b, 0x82, 0xab, 0xc3, 0xb3, 0xc4, 0xb3,
  0x41, 0xab, 0x80, 0xbb, 0xe1, 0xcb, 0x62, 0xdc, 0xe3, 0xec, 0xc1, 0xdc, 0xc1, 0xe4, 0x60, 0xdc,
  0xc1, 0xc3, 0x80, 0xbb, 0xe0, 0xcb, 0x00, 0xd4, 0x81, 0xe4, 0x60, 0xdc, 0x41, 0xd4, 0x40, 0xd4,
  0x40, 0xdc, 0xc0, 0xec, 0x20, 0xf5, 0x80, 0xfd, 0x02, 0xfe, 0x41, 0xf6, 0x24, 0xff, 0xf2, 0xff,
  0xfc, 0xff, 0xfd, 0xff, 0xfe, 0xff, 0xfc, 0xff, 0xfb, 0xff, 0xfc, 0xff, 0xf3, 0xff, 0x87, 0xff,
  0x67, 0xff, 0x48, 0xff, 0x06, 0xff, 0xe1, 0xfe, 0x04, 0xff, 0xe0, 0xcb, 0x60, 0xbb, 0x60, 0xbb,
  0xa0, 0xa2, 0x80, 0x9a, 0x44, 0xed, 0xe5, 0xdc, 0xc1, 0x9a, 0xc0, 0x9a, 0xc0, 0xa2, 0x40, 0xb3,
  0x00, 0xab, 0x80, 0xb3, 0x41, 0xab, 0xc1, 0x92, 0x21, 0xa3, 0x21, 0x9b, 0x62, 0xa3, 0x62, 0xab,
  0x00, 0x00, 0x00, 0x00, 0x00, 0x00, 0x00, 0x00, 0x00, 0x00, 0x00, 0x00, 0x00, 0x00, 0x00, 0x00,
  0x00, 0x00, 0x00, 0x00, 0x00, 0x00, 0x00, 0x00, 0x00, 0x00, 0x00, 0x00, 0x00, 0x00, 0x00, 0x00,
  0x00, 0x00, 0x00, 0x00, 0x00, 0x00, 0x00, 0x00, 0x00, 0x00, 0x00, 0x00, 0x00, 0x00, 0x00, 0x00,
  0x00, 0x00, 0x00, 0x00, 0x00, 0x00, 0x00, 0x00, 0x83, 0x82, 0xa0, 0xaa, 0xa5, 0x82, 0x00, 0x00,
  0x00, 0x00, 0x00, 0x00, 0x00, 0x00, 0x00, 0x00, 0x00, 0x00, 0x00, 0x00, 0x00, 0x84, 0x00, 0x00,
  0x00, 0x00, 0x00, 0x00, 0x00, 0xf8, 0x00, 0x00, 0x00, 0xf8, 0xa0, 0xaa, 0x83, 0xab, 0x00, 0x84,
  0x42, 0xab, 0x00, 0xf8, 0x42, 0x9b, 0x42, 0x9b, 0x02, 0x9b, 0x22, 0xa3, 0x22, 0xa3, 0x22, 0xa3,
  0x63, 0xab, 0x42, 0xab, 0x80, 0x92, 0xc4, 0xbb, 0x2c, 0xf6, 0x20, 0x82, 0x40, 0x8a, 0x40, 0xdc,
  0x61, 0xdc, 0x60, 0xe4, 0xc0, 0xf4, 0x21, 0xfd, 0x00, 0xfe, 0xc3, 0xfe, 0x6c, 0xff, 0xb2, 0xff,
  0x90, 0xff, 0xd6, 0xff, 0xf7, 0xff, 0xf8, 0xff, 0xfa, 0xff, 0xac, 0xff, 0x01, 0xfe, 0x60, 0xfd,
  0x80, 0xfd, 0x00, 0xfe, 0xe1, 0xfd, 0x20, 0xed, 0xe1, 0xec, 0xa0, 0xbb, 0x81, 0xe4, 0x41, 0xdc,
  0xa2, 0xbb, 0x40, 0xab, 0x22, 0xed, 0x42, 0xed, 0x21, 0xd4, 0xe0, 0xa2, 0x80, 0x9a, 0x00, 0xed,
  0xe0, 0xf4, 0xe5, 0xf5, 0xae, 0xff, 0xe2, 0xfd, 0x41, 0xfe, 0xe2, 0xf5, 0x2a, 0xff, 0x00, 0xf5,
  0xc3, 0xf5, 0x71, 0xff, 0xc2, 0xfd, 0xa1, 0xf5, 0x80, 0xe4, 0x20, 0xab, 0xa0, 0xc3, 0xa0, 0xbb,
  0xa0, 0xc3, 0x60, 0xb3, 0xa1, 0x8a, 0x41, 0xab, 0xad, 0xfe, 0x87, 0xfe, 0xa3, 0xd4, 0x03, 0xc4,
  0xc3, 0xb3, 0x62, 0xa3, 0xe1, 0xbb, 0xc1, 0xbb, 0xc1, 0xbb, 0x61, 0xab, 0x61, 0xdc, 0x23, 0xd4,
  0x61, 0xab, 0x40, 0xab, 0x60, 0xb3, 0xe0, 0x9a, 0x21, 0x9b, 0xe2, 0xc3, 0xe2, 0xc3, 0xa1, 0x92,
  0x61, 0x82, 0x21, 0x9b, 0x61, 0xa3, 0xe2, 0xb3, 0x63, 0xcc, 0x22, 0xc4, 0xc4, 0xdc, 0xc4, 0xdc,
  0xa3, 0xe4, 0x61, 0xe4, 0x21, 0xdc, 0x81, 0xbb, 0x60, 0xb3, 0xc0, 0xbb, 0x81, 0xdc, 0xc1, 0xe4,
  0x61, 0xd4, 0xa0, 0xbb, 0xc0, 0xc3, 0x40, 0xdc, 0x80, 0xe4, 0xe0, 0xd3, 0x00, 0xd4, 0xe0, 0xe4,
  0x60, 0xf5, 0x00, 0xf5, 0x20, 0xf5, 0x8b, 0xff, 0x6b, 0xff, 0x26, 0xff, 0x8e, 0xff, 0xf9, 0xff,
  0xf9, 0xff, 0xfa, 0xff, 0xfb, 0xff, 0xd5, 0xff, 0xf5, 0xff, 0xf5, 0xff, 0xeb, 0xff, 0xcc, 0xff,
  0x69, 0xff, 0x84, 0xfe, 0xe4, 0xfe, 0x84, 0xfe, 0x22, 0xfe, 0x81, 0xbb, 0x20, 0xb3, 0x60, 0xbb,
  0x20, 0xab, 0x20, 0x82, 0x80, 0x8a, 0xa1, 0x92, 0xa3, 0xb3, 0xe0, 0xc3, 0x80, 0xb3, 0x81, 0xb3,
  0xe0, 0xa2, 0x20, 0xa3, 0x21, 0xa3, 0xe1, 0x9a, 0x21, 0xa3, 0xe1, 0x92, 0x42, 0xa3, 0x62, 0xa3,
  0x00, 0x00, 0x00, 0x00, 0x00, 0x00, 0x00, 0x00, 0x00, 0x00, 0x00, 0x00, 0x00, 0x00, 0x00, 0x00,
  0x00, 0x00, 0x00, 0x00, 0x00, 0x00, 0x00, 0x00, 0x00, 0x00, 0x00, 0x00, 0x00, 0x00, 0x00, 0x00,
  0x00, 0x00, 0x00, 0x00, 0x00, 0x00, 0x00, 0x00, 0x00, 0x00, 0x00, 0x00, 0x00, 0x00, 0x00, 0x00,
  0x00, 0x00, 0x00, 0x00, 0x00, 0x00, 0x83, 0x72, 0xc2, 0x82, 0x00, 0x00, 0x00, 0x00, 0x00, 0x00,
  0x00, 0x84, 0x00, 0x00, 0x00, 0x00, 0x00, 0x00, 0x00, 0xf8, 0x00, 0x84, 0x00, 0x00, 0x00, 0x00,
  0x00, 0x00, 0x00, 0x00, 0x00, 0x00, 0x64, 0x93, 0xa0, 0xaa, 0x22, 0x9b, 0x02, 0x9b, 0xa0, 0xaa,
  0xe2, 0x92, 0x43, 0xa3, 0x22, 0xa3, 0xe2, 0x92, 0x02, 0x93, 0x62, 0xa3, 0xc1, 0x92, 0x02, 0x9b,
  0x02, 0x9b, 0x82, 0xab, 0x00, 0x9b, 0xa0, 0x92, 0xa2, 0xbb, 0xe0, 0x9a, 0xc2, 0xe4, 0x01, 0xcc,
  0xc0, 0xcb, 0xa0, 0xcb, 0x60, 0xc3, 0x60, 0xe4, 0xc1, 0xfd, 0xe1, 0xf5, 0x07, 0xff, 0xae, 0xff,
  0x60, 0xfe, 0xe2, 0xfe, 0x68, 0xff, 0xf6, 0xff, 0xf9, 0xf7, 0xff, 0xff, 0x91, 0xff, 0x02, 0xff,
  0xc1, 0xfe, 0x40, 0xfe, 0x60, 0xf5, 0x20, 0xf5, 0x20, 0xf5, 0x61, 0xdc, 0x80, 0xd3, 0x40, 0xd3,
  0xa0, 0xcb, 0x60, 0xed, 0x4a, 0xfe, 0x64, 0xf5, 0xa1, 0xf5, 0xa0, 0xcb, 0x00, 0xdc, 0x21, 0xed,
  0xc0, 0xd3, 0x43, 0xfe, 0xac, 0xff, 0xc1, 0xf5, 0xc2, 0xf5, 0xeb, 0xfe, 0xe7, 0xfe, 0x20, 0xed,
  0x03, 0xfe, 0xe6, 0xfe, 0x20, 0xcc, 0x80, 0xc3, 0xa0, 0xd3, 0xe0, 0xc3, 0xc0, 0xc3, 0xe1, 0xc3,
  0x00, 0xcc, 0xa0, 0xdc, 0x20, 0xcc, 0x20, 0xab, 0x01, 0xfe, 0x8d, 0xff, 0x27, 0xee, 0x80, 0xc3,
  0xa1, 0xc3, 0xa1, 0x92, 0x41, 0x8a, 0xa0, 0xcb, 0xc0, 0xbb, 0xe4, 0xdc, 0x0e, 0xee, 0x07, 0xdd,
  0xe1, 0xa2, 0xe1, 0x9a, 0x80, 0x8a, 0xa1, 0x92, 0x20, 0xa3, 0xe0, 0x9a, 0x61, 0xbb, 0x62, 0xdc,
  0x03, 0xed, 0x21, 0xd4, 0xe0, 0xcb, 0x41, 0xd4, 0xa2, 0xe4, 0xe3, 0xcb, 0x83, 0xdc, 0x64, 0xed,
  0xa3, 0xe4, 0xa1, 0xc3, 0x61, 0xb3, 0x00, 0xab, 0xc0, 0xa2, 0x40, 0xb3, 0xa0, 0xd3, 0xe0, 0xe3,
  0xa0, 0xec, 0xc2, 0xfd, 0x81, 0xf5, 0xc1, 0xfd, 0x00, 0xed, 0x64, 0xf5, 0x00, 0xe5, 0x80, 0xf5,
  0xc1, 0xf5, 0x07, 0xff, 0x28, 0xff, 0x27, 0xff, 0x6c, 0xff, 0xb0, 0xff, 0xf7, 0xff, 0xff, 0xff,
  0xfe, 0xff, 0xff, 0xff, 0xfe, 0xff, 0xf3, 0xff, 0x8d, 0xff, 0x4b, 0xff, 0xfd, 0xff, 0xf7, 0xff,
  0xad, 0xff, 0x81, 0xfe, 0xc0, 0xfd, 0xe0, 0xec, 0x81, 0xf5, 0x40, 0xf5, 0x60, 0xc3, 0x20, 0x82,
  0x60, 0x82, 0xe1, 0x9a, 0x00, 0x9b, 0x80, 0x8a, 0xc0, 0x92, 0xe1, 0xc3, 0xa0, 0x8a, 0x23, 0xc4,
  0x02, 0xc4, 0x01, 0x9b, 0x41, 0xa3, 0xe1, 0x9a, 0x02, 0xc4, 0xe3, 0x92, 0x43, 0xab, 0xa2, 0xbb,
  0x00, 0x00, 0x00, 0x00, 0x00, 0x00, 0x00, 0x00, 0x00, 0x00, 0x00, 0x00, 0x00, 0x00, 0x00, 0x00,
  0x00, 0x00, 0x00, 0x00, 0x00, 0x00, 0x00, 0x00, 0x00, 0x00, 0x00, 0x00, 0x00, 0x00, 0x00, 0x00,
  0x00, 0x00, 0x00, 0x00, 0x00, 0x00, 0x00, 0x00, 0x00, 0x00, 0x00, 0x00, 0x00, 0x00, 0x00, 0x00,
  0x00, 0x00, 0x00, 0x00, 0x00, 0x00, 0x44, 0x92, 0xc3, 0x8a, 0x00, 0x00, 0x00, 0x00, 0x00, 0x00,
  0x00, 0x00, 0x00, 0x00, 0x00, 0x00, 0x00, 0x00, 0x00, 0xf8, 0x00, 0x00, 0x00, 0x00, 0x00, 0x00,
  0x00, 0x00, 0x00, 0x00, 0x00, 0x00, 0x00, 0xf8, 0x26, 0x9b, 0xe2, 0x92, 0x22, 0x9b, 0x23, 0x9b,
  0xa0, 0xaa, 0x23, 0x9b, 0x22, 0x9b, 0x82, 0x82, 0x61, 0x7a, 0xa2, 0x8a, 0x42, 0xa3, 0xc3, 0xb3,
  0x02, 0x9b, 0xe2, 0x92, 0x40, 0x7a, 0x82, 0xb3, 0xa4, 0xdc, 0x42, 0xa3, 0x00, 0xab, 0xe0, 0x79,
  0x80, 0x92, 0xe0, 0xa2, 0x00, 0xab, 0xa0, 0xec, 0xa1, 0xfd, 0x61, 0xf5, 0x42, 0xfe, 0xea, 0xfe,
  0x42, 0xfe, 0xc1, 0xfe, 0xc2, 0xfe, 0x4b, 0xff, 0xb6, 0xff, 0xfe, 0xff, 0xfd, 0xff, 0xfd, 0xff,
  0xf7, 0xff, 0x06, 0xff, 0x40, 0xfe, 0x80, 0xf5, 0x40, 0xed, 0x40, 0xe4, 0x60, 0xd3, 0x00, 0xc3,
  0x60, 0xdc, 0x81, 0xf5, 0xa0, 0xe4, 0xe0, 0xf4, 0xa2, 0xf5, 0xa0, 0xf5, 0xc1, 0xf5, 0x01, 0xf6,
  0x4d, 0xff, 0xf2, 0xff, 0x89, 0xff, 0x23, 0xfe, 0x43, 0xfe, 0x02, 0xf6, 0x00, 0xed, 0x00, 0xed,
  0xa5, 0xfe, 0x60, 0xf5, 0xa0, 0xbb, 0x80, 0xc3, 0xc0, 0xc3, 0x81, 0xdc, 0x20, 0xcc, 0xc0, 0xc3,
  0x20, 0xcc, 0x20, 0xcc, 0x00, 0xcc, 0x60, 0xbb, 0x82, 0xfe, 0x48, 0xff, 0xb7, 0xff, 0xe8, 0xf5,
  0x60, 0xe4, 0x80, 0x9a, 0x44, 0x8a, 0xc0, 0x92, 0x01, 0xbc, 0x01, 0xe5, 0xac, 0xfe, 0x61, 0xec,
  0x20, 0xc3, 0x83, 0xbb, 0x05, 0xcc, 0x21, 0xb3, 0x40, 0xb3, 0xa0, 0xc3, 0x81, 0xe4, 0x01, 0xf5,
  0x80, 0xe4, 0xe0, 0xd3, 0x40, 0xdc, 0x80, 0xe4, 0x40, 0xdc, 0xa4, 0xe4, 0x27, 0xe5, 0xa3, 0xc3,
  0x80, 0xa2, 0xa0, 0xa2, 0x61, 0xbb, 0x02, 0xa3, 0x80, 0x92, 0xa0, 0xc3, 0x40, 0xe4, 0x20, 0xe4,
  0x00, 0xed, 0x60, 0xf5, 0xe0, 0xfd, 0x42, 0xfe, 0x80, 0xf5, 0x40, 0xf5, 0x62, 0xfe, 0x42, 0xfe,
  0xa6, 0xfe, 0x70, 0xff, 0x08, 0xff, 0xd2, 0xff, 0xfd, 0xff, 0xf9, 0xff, 0xf8, 0xff, 0xd3, 0xff,
  0xef, 0xff, 0xfc, 0xff, 0xfa, 0xff, 0x03, 0xff, 0x00, 0xff, 0x26, 0xff, 0xd6, 0xff, 0xfb, 0xff,
  0xf5, 0xff, 0xa0, 0xf5, 0x41, 0xf6, 0x20, 0xdc, 0x80, 0xd4, 0xa0, 0xfd, 0x40, 0xd4, 0x20, 0x7a,
  0xe0, 0x69, 0xc1, 0x92, 0xc1, 0x92, 0xa1, 0x8a, 0x60, 0x82, 0x01, 0x9b, 0xe0, 0x61, 0x01, 0x72,
  0xc2, 0x8a, 0x02, 0x9b, 0x82, 0xb3, 0x21, 0xa3, 0x61, 0xab, 0xc2, 0x8a, 0x22, 0x9b, 0x62, 0xa3,
  0x00, 0x00, 0x00, 0x00, 0x00, 0x00, 0x00, 0x00, 0x00, 0x00, 0x00, 0x00, 0x00, 0x00, 0x00, 0x00,
  0x00, 0x00, 0x00, 0x00, 0x00, 0x00, 0x00, 0x00, 0x00, 0x00, 0x00, 0x00, 0x00, 0x00, 0x00, 0x00,
  0x00, 0x00, 0x00, 0x00, 0x00, 0x00, 0x00, 0x00, 0x00, 0x00, 0x00, 0x00, 0x00, 0x00, 0x00, 0x00,
  0x00, 0x00, 0x00, 0x00, 0x00, 0x00, 0x00, 0x00, 0xa5, 0x82, 0x00, 0x00, 0x00, 0x00, 0x00, 0x00,
  0x00, 0x00, 0x00, 0x00, 0x00, 0x00, 0x00, 0x00, 0x00, 0x00, 0x00, 0x00, 0x00, 0x00, 0x00, 0x00,
  0x00, 0x00, 0x00, 0x00, 0x00, 0x00, 0x00, 0x00, 0x00, 0x00, 0xe3, 0x92, 0x02, 0x9b, 0x42, 0x93,
  0x00, 0xf8, 0x83, 0x8b, 0x02, 0x9b, 0xa2, 0x82, 0x41, 0x7a, 0xa2, 0x82, 0x63, 0xa3, 0x83, 0xab,
  0xe2, 0x92, 0x41, 0x72, 0x01, 0x93, 0x43, 0xc4, 0x81, 0xbb, 0x02, 0x9b, 0xa0, 0x69, 0x80, 0x92,
  0x00, 0xab, 0x20, 0xb3, 0xc0, 0xcb, 0xe0, 0xf4, 0xc0, 0xec, 0x01, 0xf5, 0x80, 0xfd, 0xa2, 0xfd,
  0x61, 0xf5, 0xa2, 0xfd, 0xe2, 0xfe, 0x4a, 0xff, 0x29, 0xff, 0x4b, 0xff, 0xfb, 0xff, 0xfd, 0xff,
  0xfd, 0xff, 0xf5, 0xff, 0x4b, 0xff, 0x82, 0xfe, 0x80, 0xfe, 0x40, 0xf5, 0xa1, 0xf5, 0x80, 0xec,
  0x85, 0xfe, 0x20, 0xf5, 0x60, 0xcb, 0xc0, 0xd3, 0x60, 0xe4, 0x81, 0xf5, 0x62, 0xf5, 0x25, 0xff,
  0xf5, 0xff, 0xec, 0xfe, 0xe2, 0xfd, 0x64, 0xfe, 0x47, 0xff, 0xc1, 0xf5, 0x00, 0xe4, 0x20, 0xed,
  0xe0, 0xfd, 0xc0, 0xec, 0x20, 0xd4, 0x60, 0xdc, 0x60, 0xb3, 0xc1, 0xe4, 0x60, 0xd4, 0x60, 0xbb,
  0xa0, 0xcb, 0x80, 0xc3, 0x60, 0xbb, 0x80, 0xcb, 0xc8, 0xfe, 0xc5, 0xfe, 0xf8, 0xff, 0x11, 0xff,
  0xe0, 0xec, 0xc1, 0xcb, 0xe1, 0xb2, 0xe1, 0xc3, 0xd1, 0xf6, 0x60, 0xed, 0x2c, 0xff, 0x41, 0xf5,
  0xa3, 0xf5, 0x20, 0xe4, 0x00, 0xdc, 0x60, 0xe4, 0xa1, 0xec, 0x20, 0xf5, 0xa0, 0xec, 0x40, 0xe4,
  0x40, 0xdc, 0xe0, 0xd3, 0x20, 0xd4, 0x80, 0xe4, 0x00, 0xd4, 0x23, 0xd4, 0x04, 0xe5, 0x81, 0xc3,
  0xc0, 0xaa, 0x41, 0xc3, 0x40, 0xc3, 0x00, 0xbb, 0x40, 0xc3, 0x60, 0xc3, 0xc1, 0xec, 0xa4, 0xfe,
  0x40, 0xfe, 0x80, 0xfd, 0x00, 0xfe, 0xa1, 0xfd, 0x44, 0xf6, 0x81, 0xfe, 0xd3, 0xff, 0xd8, 0xff,
  0x6a, 0xff, 0xb3, 0xff, 0xf6, 0xff, 0xf7, 0xff, 0xfb, 0xff, 0xf8, 0xff, 0xf9, 0xff, 0xcc, 0xff,
  0x22, 0xff, 0xaa, 0xff, 0xb6, 0xff, 0x4a, 0xff, 0x8d, 0xff, 0x40, 0xf6, 0xa7, 0xfe, 0xf8, 0xff,
  0xf9, 0xff, 0x42, 0xf6, 0x01, 0xf6, 0xc0, 0xe4, 0x00, 0xa3, 0xa0, 0xe4, 0xa0, 0xec, 0x20, 0xa3,
  0x20, 0x72, 0xa1, 0x8a, 0x81, 0x82, 0xa0, 0x8a, 0xa0, 0x8a, 0x22, 0xa3, 0x22, 0x9b, 0x41, 0x7a,
  0x41, 0x7a, 0xa1, 0x8a, 0x41, 0xa3, 0x81, 0xab, 0x61, 0xab, 0xc3, 0x92, 0x02, 0x9b, 0x43, 0x9b,
  0x00, 0x00, 0x00, 0x00, 0x00, 0x00, 0x00, 0x00, 0x00, 0x00, 0x00, 0x00, 0x00, 0x00, 0x00, 0x00,
  0x00, 0x00, 0x00, 0x00, 0x00, 0x00, 0x00, 0x00, 0x00, 0x00, 0x00, 0x00, 0x00, 0x00, 0x00, 0x00,
  0x00, 0x00, 0x00, 0x00, 0x00, 0x00, 0x00, 0x00, 0x00, 0x00, 0x00, 0x00, 0x00, 0x00, 0x00, 0x00,
  0x00, 0x00, 0x00, 0x00, 0x00, 0x00, 0x00, 0x00, 0xa0, 0x52, 0x00, 0xf8, 0x00, 0x00, 0x00, 0x00,
  0x00, 0x00, 0x00, 0x00, 0x00, 0x00, 0x00, 0x00, 0x00, 0x00, 0x00, 0xf8, 0x00, 0x00, 0x00, 0x00,
  0x00, 0x00, 0x00, 0x00, 0x00, 0x00, 0x00, 0x00, 0x00, 0xf8, 0x00, 0x84, 0x04, 0x9b, 0x04, 0x9b,
  0x00, 0x84, 0xa0, 0xaa, 0xe2, 0x92, 0xc2, 0x8a, 0xc2, 0x8a, 0xe2, 0x92, 0x02, 0x93, 0x23, 0x9b,
  0x02, 0x93, 0x41, 0x72, 0x23, 0x9b, 0x83, 0xab, 0x42, 0xa3, 0x80, 0x59, 0x00, 0x7a, 0x21, 0xab,
  0x20, 0xb3, 0x80, 0xc3, 0xe0, 0xd3, 0xa0, 0xc3, 0x60, 0xe4, 0x21, 0xf5, 0xe0, 0xf4, 0x44, 0xfe,
  0x61, 0xfd, 0xe0, 0xeb, 0x21, 0xf5, 0x09, 0xff, 0x47, 0xff, 0x6d, 0xff, 0xfa, 0xff, 0xf8, 0xff,
  0xd5, 0xff, 0xfc, 0xff, 0xfc, 0xff, 0xb1, 0xff, 0x03, 0xff, 0x68, 0xff, 0x62, 0xfe, 0x41, 0xf5,
  0x2b, 0xff, 0x80, 0xe4, 0x60, 0xcb, 0x20, 0xe4, 0x00, 0xed, 0x01, 0xf6, 0xa3, 0xfe, 0xf0, 0xff,
  0xb3, 0xff, 0xc0, 0xec, 0x00, 0xed, 0xc2, 0xf5, 0xc5, 0xfe, 0x00, 0xed, 0x60, 0xe4, 0xe0, 0xf4,
  0x60, 0xf5, 0x80, 0xf5, 0x20, 0xf5, 0xc3, 0xf5, 0x40, 0xb3, 0x61, 0xd4, 0xa0, 0xdc, 0xc0, 0xc3,
  0xc0, 0xcb, 0x80, 0xdc, 0xa0, 0xc3, 0xa0, 0xe4, 0xd3, 0xff, 0xc7, 0xf6, 0xae, 0xff, 0x2f, 0xff,
  0x05, 0xf6, 0x00, 0xe4, 0x80, 0xa2, 0x82, 0xd4, 0x73, 0xff, 0x83, 0xfe, 0xf2, 0xff, 0x25, 0xfe,
  0x43, 0xfe, 0x62, 0xf5, 0x80, 0xe4, 0x82, 0xf5, 0x82, 0xf5, 0x81, 0xf5, 0xa0, 0xec, 0x80, 0xec,
  0x62, 0xf5, 0x40, 0xf5, 0xa0, 0xec, 0x41, 0xf5, 0x42, 0xf5, 0xa0, 0xd3, 0x40, 0xe4, 0x42, 0xf5,
  0xc2, 0xec, 0xa0, 0xec, 0x80, 0xec, 0x01, 0xed, 0xc0, 0xec, 0x42, 0xf6, 0x02, 0xf6, 0x81, 0xfe,
  0x80, 0xfe, 0x60, 0xfe, 0xe3, 0xfe, 0x8f, 0xff, 0xd9, 0xff, 0xfc, 0xff, 0xf2, 0xff, 0xab, 0xff,
  0xf7, 0xff, 0xfd, 0xff, 0xfd, 0xff, 0xfc, 0xff, 0xfa, 0xff, 0xf6, 0xff, 0xed, 0xff, 0x45, 0xff,
  0x80, 0xf6, 0xa2, 0xfe, 0x92, 0xff, 0xb4, 0xff, 0xfe, 0xff, 0x41, 0xf6, 0xa0, 0xf5, 0x6b, 0xff,
  0xf8, 0xff, 0x21, 0xff, 0x81, 0xf5, 0xa1, 0xdc, 0x40, 0x72, 0xa0, 0x92, 0x60, 0xbb, 0xa0, 0xbb,
  0xa1, 0x82, 0xc1, 0x8a, 0x21, 0x9b, 0xe1, 0x92, 0x01, 0x9b, 0x02, 0x9b, 0x42, 0xa3, 0xe1, 0x92,
  0x02, 0x9b, 0xa1, 0x8a, 0x81, 0x82, 0xa0, 0x8a, 0x41, 0xa3, 0x03, 0x93, 0x62, 0xa3, 0x43, 0x9b,
  0x00, 0x00, 0x00, 0x00, 0x00, 0x00, 0x00, 0x00, 0x00, 0x00, 0x00, 0x00, 0x00, 0x00, 0x00, 0x00,
  0x00, 0x00, 0x00, 0x00, 0x00, 0x00, 0x00, 0x00, 0x00, 0x00, 0x00, 0x00, 0x00, 0x00, 0x00, 0x00,
  0x00, 0x00, 0x00, 0x00, 0x00, 0x00, 0x00, 0x00, 0x00, 0x00, 0x00, 0x00, 0x00, 0x00, 0x00, 0x00,
  0x00, 0x00, 0x00, 0x00, 0x00, 0x00, 0x00, 0x00, 0x00, 0x00, 0x00, 0x00, 0x00, 0x00, 0x00, 0x00,
  0x00, 0x00, 0x00, 0x00, 0x00, 0x84, 0x00, 0x00, 0x00, 0x00, 0x00, 0xf8, 0x00, 0x00, 0x00, 0x00,
  0x00, 0x00, 0x00, 0x00, 0x00, 0x00, 0x00, 0x00, 0x00, 0x00, 0x00, 0x84, 0x00, 0x00, 0xa0, 0xaa,
  0x00, 0xf8, 0xc2, 0x92, 0xe2, 0x92, 0x02, 0x93, 0x23, 0x9b, 0x63, 0xa3, 0xe2, 0x92, 0xa2, 0x82,
  0x02, 0x93, 0x82, 0x82, 0x22, 0x9b, 0x25, 0xbc, 0xc3, 0xb3, 0xe1, 0x9a, 0x21, 0xa3, 0x00, 0x7a,
  0x80, 0x92, 0x21, 0xab, 0x20, 0x82, 0x60, 0x8a, 0xa0, 0xcb, 0x20, 0xdc, 0x80, 0xcb, 0x00, 0xf5,
  0x01, 0xf5, 0x00, 0xf5, 0x60, 0xfd, 0xa0, 0xfd, 0x81, 0xfe, 0xdb, 0xff, 0xf6, 0xff, 0xad, 0xff,
  0xcf, 0xff, 0xf8, 0xff, 0xf9, 0xff, 0xfc, 0xff, 0xf7, 0xff, 0xae, 0xff, 0x09, 0xff, 0x48, 0xff,
  0xe4, 0xfe, 0xc0, 0xec, 0x20, 0xf5, 0x20, 0xf5, 0x24, 0xfe, 0xe2, 0xf5, 0xe7, 0xfe, 0xfa, 0xff,
  0xb2, 0xff, 0xc6, 0xfe, 0xe1, 0xfd, 0x84, 0xfe, 0xc5, 0xfe, 0x60, 0xec, 0x40, 0xe4, 0x60, 0xf5,
  0xa0, 0xfd, 0xe0, 0xfd, 0xa0, 0xfd, 0xc1, 0xe4, 0x60, 0xbb, 0x20, 0xcc, 0x21, 0xed, 0xc1, 0xe4,
  0x40, 0xb3, 0xc0, 0xcb, 0xc0, 0xcb, 0xc1, 0xf5, 0xf8, 0xf7, 0xac, 0xff, 0x4c, 0xff, 0xb4, 0xff,
  0x49, 0xff, 0x41, 0xed, 0x60, 0xc3, 0x61, 0xed, 0xb2, 0xff, 0xa7, 0xfe, 0xaa, 0xfe, 0x85, 0xfe,
  0xa1, 0xfe, 0x62, 0xfe, 0x81, 0xf5, 0x42, 0xf5, 0xc0, 0xf4, 0x65, 0xfe, 0x25, 0xfe, 0xa0, 0xec,
  0xe0, 0xf4, 0x44, 0xfe, 0xa2, 0xf5, 0xc0, 0xec, 0xa0, 0xec, 0x41, 0xdc, 0x80, 0xec, 0xe5, 0xf5,
  0x49, 0xfe, 0x44, 0xfe, 0xe0, 0xfd, 0x63, 0xfe, 0x84, 0xfe, 0x42, 0xfe, 0xe4, 0xfe, 0xc5, 0xfe,
  0xaf, 0xff, 0xfd, 0xff, 0xfb, 0xff, 0xf9, 0xff, 0xfd, 0xff, 0xfa, 0xff, 0xf9, 0xff, 0xfb, 0xff,
  0xfb, 0xff, 0xf9, 0xff, 0xf7, 0xff, 0xfc, 0xff, 0xd9, 0xff, 0xd2, 0xff, 0x8b, 0xff, 0x8e, 0xff,
  0x2b, 0xff, 0x60, 0xfe, 0x22, 0xfe, 0x50, 0xf7, 0xfd, 0xff, 0x65, 0xf6, 0xc0, 0xf5, 0xa5, 0xfe,
  0x6a, 0xff, 0xc2, 0xfe, 0xd1, 0xff, 0x06, 0xee, 0xc0, 0x71, 0x60, 0x82, 0xe0, 0xa2, 0x00, 0x9b,
  0xe1, 0x92, 0x41, 0x9b, 0x41, 0x9b, 0x01, 0x93, 0x42, 0x9b, 0x42, 0xa3, 0x42, 0xa3, 0x22, 0x9b,
  0x42, 0xa3, 0x42, 0xa3, 0x42, 0xa3, 0xa1, 0x82, 0xc1, 0x8a, 0x03, 0x8b, 0x63, 0x9b, 0x23, 0x9b,
  0x00, 0x00, 0x00, 0x00, 0x00, 0x00, 0x00, 0x00, 0x00, 0x00, 0x00, 0x00, 0x00, 0x00, 0x00, 0x00,
  0x00, 0x00, 0x00, 0x00, 0x00, 0x00, 0x00, 0x00, 0x00, 0x00, 0x00, 0x00, 0x00, 0x00, 0x00, 0x00,
  0x00, 0x00, 0x00, 0x00, 0x00, 0x00, 0x00, 0x00, 0x00, 0x00, 0x00, 0x00, 0x00, 0x00, 0x00, 0x00,
  0x00, 0x00, 0x00, 0x00, 0x00, 0x00, 0x00, 0x00, 0x00, 0x00, 0x00, 0x00, 0x00, 0x00, 0x00, 0x00,
  0x00, 0x00, 0x00, 0x00, 0x00, 0x00, 0x00, 0x00, 0xa5, 0x82, 0x00, 0x00, 0x00, 0x00, 0x00, 0x00,
  0x00, 0x00, 0x00, 0x00, 0x00, 0x00, 0x00, 0x00, 0x00, 0xf8, 0x00, 0x00, 0x00, 0xf8, 0x02, 0x9b,
  0x23, 0x9b, 0x02, 0x93, 0xe2, 0x92, 0x23, 0x9b, 0x23, 0x93, 0x64, 0xa3, 0xa2, 0x8a, 0xa2, 0x82,
  0x43, 0xa3, 0x03, 0x93, 0x63, 0xa3, 0x82, 0xab, 0xe2, 0x92, 0xa3, 0xb3, 0x41, 0x7a, 0xc0, 0x69,
  0xc1, 0x9a, 0x40, 0x82, 0xc0, 0x71, 0x80, 0x92, 0xa0, 0x9a, 0xe0, 0xb2, 0x40, 0xc3, 0x01, 0xed,
  0x20, 0xf5, 0xc0, 0xfd, 0x60, 0xfd, 0x40, 0xf5, 0x02, 0xfe, 0xe7, 0xfe, 0xf7, 0xff, 0xf7, 0xff,
  0x68, 0xff, 0x47, 0xff, 0xf3, 0xff, 0xd6, 0xff, 0xfe, 0xff, 0xfd, 0xff, 0xd4, 0xff, 0x87, 0xff,
  0x25, 0xff, 0x65, 0xff, 0x09, 0xff, 0x48, 0xff, 0xe6, 0xfe, 0x4b, 0xff, 0xcf, 0xff, 0xfa, 0xff,
  0xf8, 0xff, 0xd8, 0xff, 0x41, 0xfe, 0xe1, 0xfd, 0xa4, 0xfe, 0x01, 0xfe, 0xa0, 0xec, 0x00, 0xf5,
  0xc0, 0xfd, 0x00, 0xe5, 0xe0, 0xec, 0xe0, 0xd3, 0xa0, 0xe4, 0x00, 0xd4, 0xa0, 0xec, 0xe5, 0xf5,
  0x80, 0xc3, 0x60, 0xc3, 0x80, 0xcb, 0xe0, 0xfd, 0xd5, 0xff, 0xfa, 0xff, 0xf8, 0xff, 0xf9, 0xff,
  0xf7, 0xff, 0xe1, 0xe4, 0xc0, 0xe4, 0xb9, 0xff, 0xf8, 0xff, 0x31, 0xff, 0xd6, 0xff, 0xf4, 0xff,
  0x8d, 0xff, 0xa7, 0xfe, 0xe4, 0xfd, 0x2d, 0xff, 0x45, 0xfe, 0xea, 0xfe, 0x90, 0xff, 0x62, 0xed,
  0xe6, 0xf5, 0x50, 0xff, 0xe8, 0xfe, 0x60, 0xf5, 0x61, 0xf5, 0x23, 0xfe, 0xc0, 0xfd, 0x42, 0xfe,
  0xe9, 0xfe, 0xc5, 0xfe, 0x40, 0xfe, 0x83, 0xfe, 0x25, 0xff, 0x8a, 0xff, 0xf8, 0xff, 0xfb, 0xff,
  0xf9, 0xff, 0xf8, 0xff, 0xf8, 0xff, 0xfc, 0xff, 0xfd, 0xff, 0xfd, 0xff, 0xfd, 0xff, 0xfc, 0xff,
  0xf9, 0xff, 0xfd, 0xff, 0xfe, 0xff, 0xd3, 0xff, 0x07, 0xff, 0xc3, 0xfe, 0x27, 0xff, 0xc2, 0xfe,
  0x83, 0xf6, 0x81, 0xed, 0x21, 0xfe, 0x0b, 0xff, 0x90, 0xff, 0xbb, 0xf7, 0x40, 0xed, 0x60, 0xed,
  0x82, 0xf6, 0x80, 0xed, 0xab, 0xff, 0x50, 0xff, 0x00, 0x82, 0xe0, 0x9a, 0xc0, 0x9a, 0x81, 0x8a,
  0x01, 0x9b, 0x21, 0x9b, 0xc1, 0x8a, 0x22, 0x9b, 0x83, 0xa3, 0xa3, 0xab, 0x22, 0xa3, 0x42, 0xa3,
  0x42, 0xa3, 0x22, 0x9b, 0x83, 0xab, 0x42, 0xa3, 0xe1, 0x8a, 0xe3, 0x8a, 0x84, 0xab, 0x63, 0xa3,
  0x00, 0x00, 0x00, 0x00, 0x00, 0x00, 0x00, 0x00, 0x00, 0x00, 0x00, 0x00, 0x00, 0x00, 0x00, 0x00,
  0x00, 0x00, 0x00, 0x00, 0x00, 0x00, 0x00, 0x00, 0x00, 0x00, 0x00, 0x00, 0x00, 0x00, 0x00, 0x00,
  0x00, 0x00, 0x00, 0x00, 0x00, 0x00, 0x00, 0x00, 0x00, 0x00, 0x00, 0x00, 0x00, 0x00, 0x00, 0x00,
  0x00, 0x00, 0x00, 0x00, 0x00, 0x00, 0x00, 0x00, 0x00, 0x00, 0x00, 0x00, 0x00, 0x00, 0x00, 0x00,
  0x00, 0x00, 0x26, 0x9b, 0xa0, 0xaa, 0xc2, 0x82, 0xa2, 0x82, 0x00, 0x00, 0x00, 0x00, 0x00, 0x00,
  0x00, 0x00, 0x00, 0x00, 0x00, 0x00, 0x00, 0x00, 0x00, 0x00, 0x00, 0x00, 0xe2, 0x8a, 0xa0, 0xaa,
  0x02, 0x9b, 0xc2, 0x8a, 0xe2, 0x92, 0xe3, 0x8a, 0xa2, 0x8a, 0x23, 0x9b, 0xe2, 0x8a, 0x63, 0x9b,
  0x63, 0xa3, 0x63, 0x9b, 0x63, 0xa3, 0x02, 0x9b, 0xc2, 0x8a, 0xe1, 0x9a, 0x20, 0x72, 0xa1, 0x8a,
  0x60, 0x8a, 0x60, 0x8a, 0x20, 0xab, 0xa0, 0x92, 0x00, 0x7a, 0x00, 0x82, 0x40, 0xbb, 0xc1, 0xec,
  0x40, 0xe4, 0xa0, 0xd3, 0x60, 0xfd, 0x45, 0xff, 0x80, 0xfd, 0x01, 0xfd, 0x22, 0xfe, 0xd4, 0xff,
  0xd7, 0xff, 0x4e, 0xff, 0xb0, 0xff, 0x4e, 0xff, 0xf5, 0xff, 0xfd, 0xff, 0xfd, 0xff, 0xf5, 0xff,
  0xf2, 0xff, 0xae, 0xff, 0x28, 0xff, 0x6a, 0xff, 0x4a, 0xff, 0xb2, 0xff, 0xf5, 0xff, 0xf7, 0xff,
  0xf6, 0xff, 0xfc, 0xff, 0x0b, 0xff, 0xe0, 0xfd, 0x07, 0xff, 0xa7, 0xfe, 0xa3, 0xf5, 0x80, 0xec,
  0xe0, 0xf4, 0x60, 0xdc, 0x41, 0xdc, 0x41, 0xf5, 0x61, 0xf5, 0x22, 0xed, 0x80, 0xec, 0xe2, 0xfd,
  0x21, 0xed, 0x80, 0xe4, 0x80, 0xec, 0x61, 0xfe, 0xd6, 0xff, 0xfc, 0xff, 0xfd, 0xff, 0xfe, 0xff,
  0xbf, 0xff, 0x61, 0xf6, 0x73, 0xff, 0xdf, 0xff, 0xf9, 0xff, 0xfd, 0xff, 0xfb, 0xff, 0xf8, 0xff,
  0xce, 0xff, 0x85, 0xfe, 0xc5, 0xfe, 0xc6, 0xfe, 0x22, 0xf6, 0x6f, 0xff, 0xb1, 0xff, 0xe9, 0xfe,
  0x23, 0xfe, 0x43, 0xfe, 0x43, 0xfe, 0x21, 0xfe, 0xa4, 0xfe, 0x22, 0xfe, 0x01, 0xfe, 0xa5, 0xfe,
  0x6f, 0xff, 0xf8, 0xff, 0xf8, 0xff, 0xfb, 0xff, 0xdb, 0xff, 0xfa, 0xff, 0xf7, 0xff, 0xf9, 0xff,
  0xfd, 0xff, 0xf9, 0xff, 0xfb, 0xff, 0xf9, 0xff, 0xf9, 0xff, 0xfd, 0xff, 0xf9, 0xff, 0xfa, 0xff,
  0xf8, 0xff, 0xf8, 0xff, 0x8e, 0xff, 0xa0, 0xfe, 0x40, 0xfe, 0xe0, 0xfd, 0x83, 0xfe, 0xa3, 0xfe,
  0x20, 0xf6, 0x60, 0xf5, 0x20, 0xf5, 0x45, 0xf6, 0x64, 0xfe, 0xb5, 0xff, 0x81, 0xed, 0xa0, 0xf5,
  0x20, 0xf6, 0x23, 0xf6, 0x6b, 0xff, 0x27, 0xf6, 0x40, 0x72, 0x01, 0xa3, 0x60, 0x82, 0xc0, 0x69,
  0x22, 0x9b, 0x22, 0x9b, 0xc1, 0x92, 0x62, 0x9b, 0x43, 0xa3, 0xc4, 0xb3, 0xc2, 0x8a, 0x02, 0x93,
  0xc3, 0xb3, 0xa2, 0xab, 0xe2, 0x92, 0x83, 0xa3, 0x43, 0x9b, 0x02, 0x93, 0xa3, 0xab, 0x83, 0xab,
  0x00, 0x00, 0x00, 0x00, 0x00, 0x00, 0x00, 0x00, 0x00, 0x00, 0x00, 0x00, 0x00, 0x00, 0x00, 0x00,
  0x00, 0x00, 0x00, 0x00, 0x00, 0x00, 0x00, 0x00, 0x00, 0x00, 0x00, 0x00, 0x00, 0x00, 0x00, 0x00,
  0x00, 0x00, 0x00, 0x00, 0x00, 0x00, 0x00, 0x00, 0x00, 0x00, 0x00, 0x00, 0x00, 0x00, 0x00, 0x00,
  0x00, 0x00, 0x00, 0x00, 0x00, 0x00, 0x00, 0x00, 0x00, 0x00, 0x00, 0x00, 0x00, 0x00, 0x00, 0x00,
  0x00, 0x82, 0xa5, 0x82, 0xa2, 0x82, 0xe3, 0x8a, 0xc2, 0x82, 0x00, 0x00, 0x00, 0x00, 0x00, 0x00,
  0x00, 0x00, 0x00, 0x00, 0x00, 0x00, 0x00, 0x00, 0x00, 0x00, 0x00, 0x00, 0x00, 0x00, 0xa5, 0x82,
  0xe3, 0x92, 0x82, 0x82, 0x61, 0x72, 0xa2, 0x8a, 0x23, 0x9b, 0x02, 0x9b, 0x23, 0x93, 0x23, 0x9b,
  0x62, 0xa3, 0x63, 0x9b, 0x03, 0x93, 0xe2, 0x92, 0x42, 0x9b, 0x22, 0xab, 0xa1, 0x9a, 0x81, 0x8a,
  0xe0, 0x71, 0x60, 0x82, 0x61, 0xbb, 0xc0, 0x9a, 0x20, 0x82, 0x60, 0x9a, 0x20, 0xbb, 0x20, 0xdc,
  0x00, 0xb3, 0x00, 0xbb, 0x20, 0xe4, 0x82, 0xfd, 0x20, 0xfd, 0x40, 0xf4, 0xe0, 0xfd, 0xe0, 0xfd,
  0xc4, 0xfe, 0x71, 0xff, 0xed, 0xfe, 0x2b, 0xff, 0x47, 0xff, 0x6c, 0xff, 0xf5, 0xff, 0xfa, 0xff,
  0xf9, 0xff, 0xdb, 0xff, 0xb4, 0xff, 0xfa, 0xff, 0xf7, 0xff, 0xb2, 0xff, 0xf9, 0xff, 0xfc, 0xff,
  0xf8, 0xff, 0xf7, 0xff, 0x8f, 0xff, 0xe4, 0xfe, 0x2a, 0xff, 0xea, 0xfe, 0x2b, 0xff, 0xa2, 0xf5,
  0xc2, 0xf5, 0x61, 0xf5, 0x61, 0xf5, 0x23, 0xfe, 0xe6, 0xfe, 0x01, 0xfe, 0xc1, 0xfd, 0x60, 0xf5,
  0x60, 0xf5, 0x41, 0xed, 0x20, 0xf5, 0xe5, 0xfe, 0xf7, 0xff, 0xfd, 0xff, 0xfa, 0xff, 0xfe, 0xff,
  0xdf, 0xff, 0x2d, 0xff, 0xb8, 0xff, 0xde, 0xff, 0x6b, 0xff, 0x4f, 0xff, 0xb5, 0xff, 0xf6, 0xff,
  0xc3, 0xfe, 0x00, 0xfe, 0xc3, 0xfe, 0x25, 0xff, 0x87, 0xff, 0xb2, 0xff, 0xac, 0xfe, 0x67, 0xfe,
  0x21, 0xfe, 0x62, 0xfe, 0x83, 0xfe, 0xc5, 0xfe, 0x24, 0xff, 0xe8, 0xfe, 0x06, 0xff, 0x06, 0xff,
  0xa9, 0xff, 0x94, 0xff, 0xfb, 0xff, 0xfc, 0xff, 0xfe, 0xff, 0xfb, 0xff, 0xf9, 0xff, 0xf8, 0xff,
  0xf8, 0xff, 0xfb, 0xff, 0xb7, 0xff, 0x95, 0xff, 0xf9, 0xff, 0xf5, 0xff, 0xf4, 0xff, 0xf6, 0xff,
  0x8f, 0xff, 0x64, 0xfe, 0x01, 0xf6, 0x45, 0xfe, 0x82, 0xfd, 0x47, 0xf6, 0x4a, 0xff, 0x84, 0xf6,
  0xe0, 0xd3, 0x20, 0xec, 0xe2, 0xec, 0x60, 0xdc, 0xc5, 0xed, 0x81, 0xf5, 0x50, 0xff, 0x40, 0xf6,
  0xa0, 0xfd, 0xd3, 0xff, 0x09, 0xf6, 0x81, 0xc3, 0xc3, 0x8a, 0xe0, 0x9a, 0x41, 0x7a, 0x80, 0x59,
  0xe2, 0x92, 0x63, 0xa3, 0xe1, 0x92, 0x22, 0x9b, 0x43, 0x9b, 0xc6, 0xab, 0xa2, 0x82, 0x02, 0x9b,
  0x27, 0xdd, 0x44, 0xe5, 0x41, 0xa3, 0xe2, 0x92, 0x05, 0xbc, 0x63, 0xa3, 0x03, 0x93, 0x02, 0x93,
  0x00, 0x00, 0x00, 0x00, 0x00, 0x00, 0x00, 0x00, 0x00, 0x00, 0x00, 0x00, 0x00, 0x00, 0x00, 0x00,
  0x00, 0x00, 0x00, 0x00, 0x00, 0x00, 0x00, 0x00, 0x00, 0x00, 0x00, 0x00, 0x00, 0x00, 0x00, 0x00,
  0x00, 0x00, 0x00, 0x00, 0x00, 0x00, 0x00, 0x00, 0x00, 0x00, 0x00, 0x00, 0x00, 0x00, 0x00, 0x00,
  0x00, 0x00, 0x00, 0x00, 0x00, 0x00, 0x00, 0x00, 0x00, 0x00, 0x00, 0x00, 0x00, 0x00, 0x00, 0x00,
  0x00, 0x00, 0x00, 0x00, 0xa0, 0x52, 0x63, 0x72, 0x42, 0x6a, 0x83, 0x82, 0xa3, 0x8a, 0x00, 0x00,
  0x00, 0x00, 0x00, 0x00, 0x00, 0x00, 0x00, 0x00, 0xa2, 0x82, 0xa5, 0x82, 0xa3, 0x8a, 0x23, 0x93,
  0xe2, 0x8a, 0xa2, 0x82, 0xa2, 0x82, 0x82, 0x82, 0x23, 0x9b, 0xc2, 0x8a, 0xc2, 0x92, 0xc3, 0x92,
  0xe2, 0x8a, 0xa2, 0x8a, 0x62, 0x7a, 0x62, 0x82, 0xc2, 0x8a, 0xa2, 0x8a, 0x00, 0x72, 0x21, 0x7a,
  0x01, 0x72, 0x61, 0x8a, 0xe1, 0xa2, 0xc1, 0xc3, 0xc0, 0xc3, 0x60, 0x92, 0x40, 0xbb, 0x60, 0xc3,
  0x00, 0xab, 0xc0, 0xcb, 0x21, 0xf5, 0x80, 0xec, 0x80, 0xe4, 0x20, 0xfd, 0x40, 0xfd, 0x40, 0xfd,
  0xa0, 0xfd, 0xe4, 0xfe, 0xc0, 0xfd, 0x29, 0xff, 0xf2, 0xff, 0xc3, 0xfe, 0x82, 0xfe, 0xc8, 0xff,
  0xf9, 0xff, 0xfe, 0xff, 0xff, 0xff, 0xfd, 0xff, 0xfc, 0xff, 0xf4, 0xff, 0xfb, 0xff, 0xfd, 0xff,
  0xfd, 0xff, 0xfd, 0xff, 0xfd, 0xff, 0xaa, 0xff, 0x63, 0xff, 0xc5, 0xfe, 0xe4, 0xfe, 0x02, 0xff,
  0xa2, 0xfe, 0xa1, 0xfe, 0xa1, 0xfe, 0x41, 0xfe, 0x82, 0xfe, 0xa3, 0xfe, 0x44, 0xfe, 0xa0, 0xf5,
  0x02, 0xf6, 0x03, 0xfe, 0xa0, 0xf4, 0x80, 0xf5, 0x4a, 0xff, 0xd2, 0xff, 0xfc, 0xff, 0xfc, 0xff,
  0xfb, 0xff, 0xfe, 0xff, 0xf1, 0xff, 0x8b, 0xff, 0x64, 0xff, 0xaf, 0xff, 0xf7, 0xff, 0xf7, 0xff,
  0x6a, 0xff, 0x02, 0xff, 0x8a, 0xff, 0x69, 0xff, 0xe3, 0xfe, 0x26, 0xff, 0x06, 0xff, 0xe3, 0xfe,
  0xc3, 0xfe, 0x01, 0xff, 0xc1, 0xf6, 0x23, 0xff, 0x45, 0xff, 0xb0, 0xff, 0xd1, 0xff, 0xd1, 0xff,
  0xab, 0xff, 0xf5, 0xff, 0xfa, 0xff, 0xfb, 0xff, 0xfd, 0xff, 0xfb, 0xff, 0xfb, 0xff, 0xf8, 0xff,
  0x8d, 0xff, 0xf7, 0xff, 0xf8, 0xff, 0x69, 0xff, 0x8e, 0xff, 0xf2, 0xff, 0xa4, 0xfe, 0x00, 0xfe,
  0xa0, 0xfd, 0x00, 0xf5, 0x60, 0xed, 0xcc, 0xfe, 0xb1, 0xff, 0xe3, 0xfe, 0xc2, 0xfe, 0x02, 0xfe,
  0x41, 0xe5, 0x00, 0xf6, 0xa0, 0xdc, 0xa1, 0xbb, 0x40, 0xa3, 0xa3, 0xd4, 0x81, 0xdc, 0xe0, 0xd3,
  0x60, 0xed, 0x01, 0xff, 0xac, 0xff, 0x21, 0xcc, 0xe0, 0x81, 0x61, 0x82, 0x80, 0x8a, 0xe1, 0x92,
  0x42, 0x9b, 0x62, 0xab, 0x42, 0xa3, 0x43, 0xa3, 0x83, 0xa3, 0xa5, 0xa3, 0x08, 0xbc, 0x26, 0x9b,
  0xc5, 0xa3, 0x65, 0x9b, 0xa5, 0xa3, 0xa5, 0xa3, 0x84, 0x9b, 0x63, 0x93, 0x44, 0x93, 0x83, 0x8b,
  0x00, 0x00, 0x00, 0x00, 0x00, 0x00, 0x00, 0x00, 0x00, 0x00, 0x00, 0x00, 0x00, 0x00, 0x00, 0x00,
  0x00, 0x00, 0x00, 0x00, 0x00, 0x00, 0x00, 0x00, 0x00, 0x00, 0x00, 0x00, 0x00, 0x00, 0x00, 0x00,
  0x00, 0x00, 0x00, 0x00, 0x00, 0x00, 0x00, 0x00, 0x00, 0x00, 0x00, 0x00, 0x00, 0x00, 0x00, 0x00,
  0x00, 0x00, 0x00, 0x00, 0x00, 0x00, 0x00, 0x00, 0x00, 0x00, 0x00, 0x00, 0x00, 0x00, 0x00, 0x00,
  0x00, 0x00, 0x00, 0x00, 0x00, 0x00, 0x00, 0x00, 0x83, 0x7a, 0xa5, 0x82, 0x26, 0x9b, 0x00, 0x00,
  0x44, 0x92, 0x00, 0x00, 0x00, 0x00, 0xe2, 0x82, 0x02, 0x6a, 0xa2, 0x82, 0xa2, 0x82, 0xc3, 0x8a,
  0xa2, 0x82, 0x62, 0x72, 0x62, 0x72, 0xc2, 0x8a, 0x43, 0xa3, 0xe2, 0x92, 0xc2, 0x8a, 0xc3, 0x8a,
  0xe3, 0x92, 0xc2, 0x8a, 0x82, 0x82, 0xa2, 0x8a, 0x43, 0x93, 0xa1, 0x8a, 0x01, 0x7a, 0xa1, 0x69,
  0xe1, 0x71, 0x01, 0x7a, 0xc1, 0x69, 0x60, 0x8a, 0xc1, 0xcb, 0xa0, 0x9a, 0xa0, 0x9a, 0xc0, 0xa2,
  0xc0, 0xa2, 0xc0, 0xcb, 0x61, 0xdc, 0xe0, 0xd3, 0x00, 0xf5, 0xc0, 0xec, 0x40, 0xf5, 0x60, 0xfd,
  0x00, 0xf5, 0x01, 0xfe, 0xe0, 0xfd, 0x20, 0xfe, 0xa3, 0xfe, 0x62, 0xfe, 0x81, 0xfe, 0xe2, 0xfe,
  0xf5, 0xff, 0xfa, 0xff, 0xfd, 0xff, 0xff, 0xff, 0xfe, 0xff, 0xfa, 0xff, 0xfc, 0xff, 0xfd, 0xff,
  0xfe, 0xff, 0xfe, 0xff, 0xff, 0xff, 0xf9, 0xff, 0xf4, 0xff, 0xaf, 0xff, 0xd1, 0xff, 0x6a, 0xff,
  0xe3, 0xfe, 0x4b, 0xff, 0x6e, 0xff, 0xe7, 0xfe, 0xa3, 0xfe, 0x04, 0xff, 0x41, 0xfe, 0x41, 0xfe,
  0xa4, 0xfe, 0x2a, 0xff, 0x28, 0xff, 0xc2, 0xfe, 0x23, 0xff, 0x6a, 0xff, 0xfc, 0xff, 0xfc, 0xff,
  0xfe, 0xff, 0xfd, 0xff, 0xf2, 0xff, 0xe7, 0xff, 0xa6, 0xff, 0xf4, 0xff, 0xfe, 0xff, 0xfc, 0xff,
  0xf6, 0xff, 0xf0, 0xff, 0xad, 0xff, 0xeb, 0xff, 0xaa, 0xff, 0x23, 0xff, 0xe5, 0xfe, 0x45, 0xff,
  0xf0, 0xff, 0xc2, 0xfe, 0x67, 0xff, 0xf6, 0xff, 0xf5, 0xff, 0xfa, 0xff, 0xfd, 0xff, 0xfb, 0xff,
  0xfc, 0xff, 0xfd, 0xff, 0xfe, 0xff, 0xfc, 0xff, 0xfd, 0xff, 0xf5, 0xff, 0xf7, 0xff, 0xf7, 0xff,
  0xae, 0xff, 0xae, 0xff, 0xf2, 0xff, 0xc7, 0xfe, 0x60, 0xe5, 0x82, 0xfe, 0x41, 0xfe, 0x40, 0xf5,
  0x80, 0xf5, 0x21, 0xed, 0xe0, 0xdb, 0x22, 0xed, 0xf5, 0xff, 0xa1, 0xfe, 0x01, 0xe5, 0x40, 0xcc,
  0x00, 0xcc, 0xe0, 0xe4, 0xc0, 0xdc, 0x41, 0xd4, 0xe0, 0x71, 0xe1, 0xa2, 0x61, 0xb3, 0xe1, 0xc3,
  0x41, 0xd4, 0x00, 0xfe, 0x48, 0xff, 0x06, 0xf6, 0x00, 0xbb, 0x61, 0x7a, 0xa1, 0x8a, 0x81, 0x8a,
  0xe2, 0x8a, 0x43, 0x9b, 0x23, 0x93, 0x42, 0x9b, 0x43, 0xa3, 0x26, 0x9b, 0x00, 0xf8, 0x00, 0x84,
  0x08, 0xbc, 0x05, 0x9b, 0x04, 0x8b, 0xe4, 0x82, 0x03, 0x8b, 0x44, 0x93, 0x05, 0xac, 0x00, 0x00,
  0x00, 0x00, 0x00, 0x00, 0x00, 0x00, 0x00, 0x00, 0x00, 0x00, 0x00, 0x00, 0x00, 0x00, 0x00, 0x00,
  0x00, 0x00, 0x00, 0x00, 0x00, 0x00, 0x00, 0x00, 0x00, 0x00, 0x00, 0x00, 0x00, 0x00, 0x00, 0x00,
  0x00, 0x00, 0x00, 0x00, 0x00, 0x00, 0x00, 0x00, 0x00, 0x00, 0x00, 0x00, 0x00, 0x00, 0x00, 0x00,
  0x00, 0x00, 0x00, 0x00, 0x00, 0x00, 0x00, 0x00, 0x00, 0x00, 0x00, 0x00, 0x00, 0x00, 0x00, 0x00,
  0x00, 0x00, 0x00, 0x84, 0x00, 0x00, 0x00, 0x00, 0xc3, 0x82, 0x00, 0x00, 0xa0, 0x52, 0x00, 0x00,
  0xa0, 0xaa, 0x26, 0x9b, 0xa4, 0x72, 0x62, 0x6a, 0x02, 0x62, 0xc2, 0x8a, 0xc2, 0x8a, 0xa2, 0x82,
  0x82, 0x7a, 0x82, 0x82, 0xe3, 0x92, 0x43, 0x93, 0x00, 0x00, 0xc3, 0x8a, 0xa3, 0x8a, 0xc2, 0x8a,
  0xe3, 0x92, 0xc2, 0x8a, 0xc2, 0x8a, 0x03, 0x9b, 0x03, 0x9b, 0xc1, 0x92, 0x02, 0x9b, 0x81, 0x82,
  0x41, 0x7a, 0xe1, 0x69, 0xc1, 0x61, 0x00, 0x7a, 0xe1, 0x92, 0x60, 0x92, 0xe0, 0x79, 0xa0, 0x9a,
  0xa0, 0x92, 0x40, 0xb3, 0x80, 0xc3, 0x20, 0xb3, 0xc0, 0xd3, 0x00, 0xd4, 0x00, 0xe4, 0xc0, 0xf4,
  0x00, 0xf5, 0x40, 0xfd, 0x60, 0xfd, 0xe0, 0xfd, 0x40, 0xfd, 0x61, 0xfe, 0xa2, 0xfe, 0x61, 0xfe,
  0x26, 0xff, 0xae, 0xff, 0xf2, 0xff, 0xfb, 0xff, 0xfe, 0xff, 0xff, 0xff, 0xfd, 0xff, 0xfd, 0xff,
  0xfc, 0xff, 0xfa, 0xff, 0xf9, 0xff, 0xff, 0xff, 0xff, 0xff, 0xfb, 0xff, 0xfd, 0xff, 0xf8, 0xff,
  0xf3, 0xff, 0xf5, 0xff, 0xf5, 0xff, 0xf7, 0xff, 0xd4, 0xff, 0xa9, 0xff, 0x67, 0xff, 0x66, 0xff,
  0x44, 0xff, 0x23, 0xff, 0x42, 0xff, 0x86, 0xff, 0xca, 0xff, 0x6b, 0xff, 0xfa, 0xff, 0xfe, 0xff,
  0xfe, 0xff, 0xff, 0xff, 0xfc, 0xff, 0xef, 0xff, 0xa9, 0xff, 0xad, 0xff, 0xfe, 0xff, 0xfc, 0xff,
  0xf8, 0xff, 0xf9, 0xff, 0xf9, 0xff, 0xf5, 0xff, 0xf1, 0xff, 0xb0, 0xff, 0xf4, 0xff, 0xf6, 0xff,
  0xfc, 0xff, 0xfa, 0xff, 0xd6, 0xff, 0xfa, 0xff, 0xfa, 0xff, 0xfb, 0xff, 0xfd, 0xff, 0xfb, 0xff,
  0xfd, 0xff, 0xfe, 0xff, 0xfa, 0xff, 0xfb, 0xff, 0xf8, 0xff, 0x8b, 0xff, 0xfb, 0xf7, 0xf9, 0xff,
  0xf8, 0xff, 0x82, 0xfe, 0xe4, 0xfe, 0x2c, 0xff, 0x44, 0xfe, 0xa3, 0xfe, 0x0c, 0xf6, 0x80, 0xf5,
  0x20, 0xf5, 0x61, 0xf5, 0x20, 0xd4, 0x80, 0xc3, 0xa3, 0xf5, 0xc0, 0xe4, 0xa0, 0xbb, 0x60, 0xb3,
  0x00, 0xa3, 0xe0, 0x9a, 0xa0, 0xb3, 0x80, 0xb3, 0x60, 0x7a, 0xc0, 0x9a, 0xa1, 0x92, 0xc3, 0xb3,
  0xc1, 0xc3, 0x20, 0xd4, 0xa3, 0xfe, 0x84, 0xfe, 0x84, 0xe5, 0xe2, 0x8a, 0x21, 0x9b, 0x40, 0x7a,
  0xa2, 0x82, 0x43, 0xa3, 0x22, 0x9b, 0x63, 0xa3, 0x23, 0xa3, 0x00, 0x84, 0x00, 0x84, 0x00, 0x00,
  0x00, 0xf8, 0x64, 0x93, 0x24, 0x9b, 0x03, 0x8b, 0x04, 0x93, 0x24, 0x9b, 0x23, 0x9b, 0x00, 0x00,
  0x00, 0x00, 0x00, 0x00, 0x00, 0x00, 0x00, 0x00, 0x00, 0x00, 0x00, 0x00, 0x00, 0x00, 0x00, 0x00,
  0x00, 0x00, 0x00, 0x00, 0x00, 0x00, 0x00, 0x00, 0x00, 0x00, 0x00, 0x00, 0x00, 0x00, 0x00, 0x00,
  0x00, 0x00, 0x00, 0x00, 0x00, 0x00, 0x00, 0x00, 0x00, 0x00, 0x00, 0x00, 0x00, 0x00, 0x00, 0x00,
  0x00, 0x00, 0x00, 0x00, 0x00, 0x00, 0x00, 0x00, 0x00, 0x00, 0x00, 0x00, 0x00, 0x00, 0x00, 0x00,
  0x00, 0x00, 0x00, 0x00, 0x00, 0x00, 0x00, 0x00, 0xa3, 0x72, 0x00, 0x00, 0x00, 0x84, 0xa3, 0x8a,
  0xe2, 0x8a, 0x00, 0x00, 0x84, 0x82, 0x82, 0x7a, 0x62, 0x72, 0x82, 0x7a, 0x82, 0x7a, 0x41, 0x72,
  0xa2, 0x82, 0xe2, 0x8a, 0xa5, 0x82, 0xc3, 0x92, 0x24, 0x9b, 0x04, 0x8b, 0xc3, 0x8a, 0xc3, 0x92,
  0x64, 0x93, 0xe2, 0x8a, 0xe3, 0x8a, 0x23, 0x9b, 0x42, 0x93, 0xe2, 0x92, 0xe2, 0x9a, 0xa1, 0x92,
  0xe2, 0x92, 0xa2, 0x8a, 0x82, 0x82, 0xc1, 0x92, 0xa1, 0x8a, 0x80, 0x92, 0xe0, 0x71, 0x80, 0x92,
  0xe0, 0x9a, 0x20, 0xab, 0xa0, 0x9a, 0x20, 0xb3, 0x60, 0xbb, 0x00, 0xab, 0x40, 0xb3, 0x80, 0xec,
  0xc0, 0xf4, 0xc0, 0xec, 0x60, 0xec, 0xc0, 0xfd, 0x61, 0xfd, 0x20, 0xfe, 0x82, 0xfe, 0x81, 0xfe,
  0xc0, 0xfe, 0x6b, 0xff, 0xf3, 0xff, 0xb2, 0xff, 0xfd, 0xff, 0xff, 0xff, 0xff, 0xff, 0xff, 0xff,
  0xfe, 0xff, 0xfc, 0xff, 0xfc, 0xff, 0xfb, 0xff, 0xf8, 0xff, 0xf8, 0xff, 0xfc, 0xff, 0xfc, 0xff,
  0xfd, 0xff, 0xfc, 0xff, 0xfa, 0xff, 0xfb, 0xff, 0xfb, 0xff, 0xfa, 0xff, 0xf8, 0xff, 0xf9, 0xff,
  0xf8, 0xff, 0xf7, 0xff, 0xfb, 0xff, 0xfd, 0xff, 0xfd, 0xff, 0xf5, 0xff, 0xfc, 0xff, 0xfd, 0xff,
  0xfe, 0xff, 0xff, 0xff, 0xff, 0xff, 0xfd, 0xff, 0xf8, 0xff, 0xf7, 0xff, 0xff, 0xff, 0xfd, 0xff,
  0xfc, 0xff, 0xfb, 0xff, 0xfa, 0xff, 0xf9, 0xff, 0xfc, 0xff, 0xfd, 0xff, 0xff, 0xff, 0xff, 0xff,
  0xfd, 0xff, 0xfa, 0xff, 0xf7, 0xff, 0xfa, 0xff, 0xfa, 0xff, 0xfb, 0xff, 0xfc, 0xff, 0xf9, 0xff,
  0xf9, 0xff, 0xf9, 0xff, 0xf8, 0xff, 0xf6, 0xff, 0xcd, 0xff, 0xf3, 0xff, 0xaf, 0xff, 0xf3, 0xff,
  0xfb, 0xff, 0xad, 0xff, 0x06, 0xff, 0xc7, 0xfe, 0xe9, 0xfe, 0x63, 0xed, 0x12, 0xff, 0x6a, 0xf6,
  0xa0, 0xcb, 0x20, 0xdc, 0xc0, 0xbb, 0x20, 0xab, 0x20, 0xa3, 0xc1, 0xe4, 0xc0, 0xc3, 0x00, 0xa3,
  0x60, 0xab, 0x40, 0x82, 0xa0, 0x92, 0x20, 0xa3, 0x20, 0xa3, 0x62, 0xcc, 0x81, 0xb3, 0x41, 0xab,
  0x21, 0xab, 0xa0, 0x92, 0x60, 0xe4, 0x61, 0xf5, 0x61, 0xd4, 0x82, 0x82, 0x43, 0x9b, 0xe1, 0x92,
  0x81, 0x82, 0x03, 0x93, 0x23, 0x93, 0x43, 0xa3, 0x43, 0x9b, 0x83, 0xab, 0x00, 0x00, 0x00, 0x84,
  0xa0, 0xaa, 0x65, 0x9b, 0xa0, 0xaa, 0xa5, 0x8b, 0x05, 0x9b, 0x64, 0x93, 0x08, 0x84, 0x00, 0x00,
  0x00, 0x00, 0x00, 0x00, 0x00, 0x00, 0x00, 0x00, 0x00, 0x00, 0x00, 0x00, 0x00, 0x00, 0x00, 0x00,
  0x00, 0x00, 0x00, 0x00, 0x00, 0x00, 0x00, 0x00, 0x00, 0x00, 0x00, 0x00, 0x00, 0x00, 0x00, 0x00,
  0x00, 0x00, 0x00, 0x00, 0x00, 0x00, 0x00, 0x00, 0x00, 0x00, 0x00, 0x00, 0x00, 0x00, 0x00, 0x00,
  0x00, 0x00, 0x00, 0x00, 0x00, 0x00, 0x00, 0x00, 0x00, 0x00, 0x00, 0x00, 0x00, 0x00, 0x00, 0x00,
  0x00, 0x00, 0x00, 0x00, 0x00, 0x00, 0x00, 0x00, 0x00, 0x00, 0x00, 0x00, 0x00, 0x00, 0x44, 0x6a,
  0xa3, 0x8a, 0x00, 0x00, 0xa2, 0x82, 0xc3, 0x82, 0xa2, 0x82, 0xa2, 0x82, 0xa3, 0x82, 0xe3, 0x82,
  0xc3, 0x92, 0xc3, 0x82, 0xa2, 0x92, 0x00, 0xf8, 0x00, 0x84, 0x00, 0x00, 0x00, 0xf8, 0x00, 0x82,
  0x00, 0x00, 0x24, 0x9b, 0x22, 0x93, 0xa3, 0x8a, 0xa0, 0xaa, 0xe2, 0x92, 0xc1, 0x92, 0x02, 0x8b,
  0xc2, 0x92, 0x41, 0x7a, 0x40, 0x7a, 0xe1, 0x9a, 0xe1, 0x9a, 0x80, 0x8a, 0x40, 0x82, 0xc1, 0x9a,
  0xe1, 0xa2, 0xe1, 0x9a, 0xa0, 0x9a, 0x41, 0xdc, 0x62, 0xdc, 0x60, 0x8a, 0x40, 0xb3, 0x40, 0xe4,
  0xe0, 0xd3, 0x80, 0xec, 0x60, 0xec, 0x61, 0xfd, 0xa2, 0xfd, 0x42, 0xfe, 0x06, 0xff, 0xa4, 0xfe,
  0xc1, 0xfe, 0x8b, 0xff, 0x6a, 0xff, 0xac, 0xff, 0xfa, 0xff, 0xfc, 0xff, 0xfe, 0xff, 0xfe, 0xff,
  0xfc, 0xff, 0xfd, 0xff, 0xfd, 0xff, 0xff, 0xff, 0xfc, 0xff, 0xfb, 0xff, 0xfe, 0xff, 0xfe, 0xff,
  0xfe, 0xff, 0xfe, 0xff, 0xfc, 0xff, 0xfe, 0xff, 0xfc, 0xff, 0xfe, 0xff, 0xfe, 0xff, 0xfe, 0xff,
  0xfe, 0xff, 0xff, 0xff, 0xff, 0xff, 0xdf, 0xff, 0xff, 0xff, 0xfe, 0xff, 0xff, 0xff, 0xff, 0xff,
  0xff, 0xff, 0xff, 0xff, 0xff, 0xff, 0xff, 0xff, 0xfe, 0xff, 0xfe, 0xff, 0xff, 0xff, 0xfe, 0xff,
  0xfe, 0xff, 0xff, 0xff, 0xfd, 0xff, 0xfc, 0xff, 0xfd, 0xff, 0xfc, 0xff, 0xfd, 0xff, 0xfc, 0xff,
  0xfb, 0xff, 0xfd, 0xff, 0xfd, 0xff, 0xfd, 0xff, 0xfe, 0xff, 0xfe, 0xff, 0xfc, 0xff, 0xf9, 0xff,
  0xfa, 0xff, 0xd4, 0xff, 0x8f, 0xff, 0x6d, 0xff, 0xe4, 0xfe, 0x24, 0xf6, 0xe2, 0xfd, 0x43, 0xfe,
  0x88, 0xfe, 0x6f, 0xff, 0x2c, 0xff, 0xa0, 0xe4, 0xa1, 0xed, 0xc0, 0xec, 0xb1, 0xf6, 0x76, 0xff,
  0x62, 0xd4, 0x20, 0xb3, 0x00, 0xab, 0x20, 0xa3, 0x00, 0x72, 0xa1, 0xbb, 0xc1, 0xc3, 0xa0, 0x92,
  0xc0, 0x92, 0x81, 0xab, 0xa0, 0x92, 0xc1, 0x8a, 0xe1, 0x92, 0xe2, 0xe4, 0x04, 0xe5, 0x01, 0xcc,
  0xc1, 0x9a, 0x81, 0x92, 0xe0, 0xaa, 0xc1, 0xc3, 0x20, 0xab, 0x82, 0x82, 0x41, 0x72, 0xe2, 0x8a,
  0x81, 0x82, 0xe3, 0x8a, 0x23, 0x9b, 0x23, 0x9b, 0x43, 0x93, 0x64, 0xa3, 0x00, 0x00, 0x00, 0x00,
  0x00, 0x00, 0x86, 0x9b, 0x24, 0x9b, 0x04, 0x9b, 0x64, 0x93, 0x00, 0x00, 0x00, 0x00, 0x00, 0x00,
  0x00, 0x00, 0x00, 0x00, 0x00, 0x00, 0x00, 0x00, 0x00, 0x00, 0x00, 0x00, 0x00, 0x00, 0x00, 0x00,
  0x00, 0x00, 0x00, 0x00, 0x00, 0x00, 0x00, 0x00, 0x00, 0x00, 0x00, 0x00, 0x00, 0x00, 0x00, 0x00,
  0x00, 0x00, 0x00, 0x00, 0x00, 0x00, 0x00, 0x00, 0x00, 0x00, 0x00, 0x00, 0x00, 0x00, 0x00, 0x00,
  0x00, 0x00, 0x00, 0x00, 0x00, 0x00, 0x00, 0x00, 0x00, 0x00, 0x00, 0x00, 0x00, 0x00, 0x00, 0x00,
  0x00, 0x00, 0x00, 0x00, 0x00, 0x00, 0x00, 0x00, 0x00, 0x00, 0x00, 0x84, 0x63, 0x82, 0xa2, 0x82,
  0xa3, 0x82, 0x83, 0x7a, 0x83, 0x7a, 0x04, 0x83, 0xe2, 0x8a, 0xa2, 0x8a, 0xa3, 0x8a, 0x03, 0x83,
  0xe3, 0x8a, 0x00, 0x82, 0x00, 0x00, 0x00, 0x00, 0xa5, 0x82, 0x00, 0x00, 0xe2, 0x8a, 0x00, 0x00,
  0x04, 0x9b, 0x02, 0x8b, 0xa3, 0x8a, 0x00, 0x84, 0x23, 0x9b, 0xe2, 0x92, 0xe2, 0x92, 0xe2, 0x92,
  0xa2, 0x8a, 0x41, 0x82, 0x00, 0x72, 0x20, 0x7a, 0xa1, 0xab, 0x20, 0x82, 0x20, 0x82, 0xa1, 0x92,
  0x41, 0x8a, 0x80, 0x8a, 0x60, 0x8a, 0x60, 0xbb, 0xc1, 0xbb, 0xc0, 0x9a, 0xe1, 0xd3, 0xa0, 0xc3,
  0x60, 0xbb, 0xa0, 0xec, 0x00, 0xdc, 0xe0, 0xf4, 0x63, 0xfe, 0xa1, 0xf5, 0xa3, 0xfe, 0x06, 0xff,
  0x26, 0xff, 0xb1, 0xff, 0xe6, 0xfe, 0xb0, 0xff, 0xb0, 0xff, 0x49, 0xff, 0xae, 0xff, 0xac, 0xff,
  0xae, 0xff, 0xf9, 0xff, 0xfb, 0xff, 0xfe, 0xff, 0xfe, 0xff, 0xff, 0xff, 0xfe, 0xff, 0xfd, 0xff,
  0xfe, 0xff, 0xff, 0xff, 0xff, 0xff, 0xff, 0xff, 0xff, 0xff, 0xfd, 0xff, 0xfe, 0xff, 0xfc, 0xff,
  0xfd, 0xff, 0xfd, 0xff, 0xff, 0xff, 0xff, 0xff, 0xff, 0xff, 0xff, 0xff, 0xff, 0xff, 0xff, 0xff,
  0xff, 0xff, 0xff, 0xff, 0xff, 0xff, 0xff, 0xff, 0xff, 0xff, 0xff, 0xff, 0xfe, 0xff, 0xfe, 0xff,
  0xfd, 0xff, 0xfb, 0xff, 0xfd, 0xff, 0xfb, 0xff, 0xfb, 0xff, 0xfc, 0xff, 0xfd, 0xff, 0xfb, 0xff,
  0xfd, 0xff, 0xfc, 0xff, 0xfa, 0xff, 0xd4, 0xff, 0xf9, 0xff, 0xfc, 0xff, 0xf5, 0xff, 0x6c, 0xff,
  0xb5, 0xff, 0xce, 0xff, 0x26, 0xff, 0xa4, 0xfe, 0x08, 0xff, 0x80, 0xf5, 0x60, 0xf5, 0xe1, 0xfd,
  0x00, 0xed, 0xc0, 0xe4, 0xc6, 0xfe, 0x27, 0xee, 0x80, 0xbb, 0x00, 0xdc, 0xe4, 0xe4, 0x6a, 0xfe,
  0x03, 0xe5, 0x22, 0xd4, 0x60, 0xb3, 0x20, 0x82, 0xa1, 0x8a, 0xc0, 0x69, 0xe0, 0x9a, 0xa0, 0x9a,
  0x60, 0x59, 0xc1, 0x92, 0x82, 0xab, 0x21, 0xa3, 0xc1, 0x92, 0xe1, 0x9a, 0x05, 0xe5, 0x63, 0xdc,
  0xc1, 0x9a, 0x80, 0x92, 0x60, 0x92, 0xe0, 0xa2, 0xc0, 0x92, 0xe2, 0xcb, 0xe1, 0x8a, 0xc2, 0x82,
  0x03, 0x93, 0x23, 0x93, 0x23, 0x9b, 0x43, 0x93, 0x00, 0x84, 0x00, 0xf8, 0x00, 0xf8, 0x00, 0x00,
  0x00, 0x00, 0x04, 0x9b, 0x26, 0x9b, 0x00, 0x84, 0x04, 0x9b, 0x08, 0x84, 0x00, 0x00, 0x00, 0x00,
  0x00, 0x00, 0x00, 0x00, 0x00, 0x00, 0x00, 0x00, 0x00, 0x00, 0x00, 0x00, 0x00, 0x00, 0x00, 0x00,
  0x00, 0x00, 0x00, 0x00, 0x00, 0x00, 0x00, 0x00, 0x00, 0x00, 0x00, 0x00, 0x00, 0x00, 0x00, 0x00,
  0x00, 0x00, 0x00, 0x00, 0x00, 0x00, 0x00, 0x00, 0x00, 0x00, 0x00, 0x00, 0x00, 0x00, 0x00, 0x00,
  0x00, 0x00, 0x00, 0x00, 0x00, 0x00, 0x00, 0x00, 0x00, 0x00, 0x00, 0x00, 0x00, 0x00, 0x00, 0x00,
  0x00, 0x00, 0x00, 0x00, 0x00, 0x00, 0x00, 0x00, 0x00, 0x00, 0x00, 0x84, 0x44, 0x72, 0x62, 0x72,
  0x42, 0x72, 0x62, 0x7a, 0x83, 0x7a, 0xc3, 0x82, 0x00, 0x00, 0x02, 0x8b, 0xc3, 0x8a, 0x04, 0x83,
  0x00, 0x82, 0xa5, 0x82, 0x04, 0x83, 0x64, 0x93, 0x00, 0x84, 0x26, 0x9b, 0x23, 0x9b, 0x00, 0x82,
  0x26, 0x9b, 0xa0, 0xaa, 0x00, 0x82, 0xa5, 0xaa, 0x42, 0x93, 0x23, 0x9b, 0x02, 0x9b, 0x02, 0x93,
  0x02, 0x9b, 0x81, 0x8a, 0xe0, 0x69, 0x40, 0x51, 0xa1, 0x8a, 0x21, 0x7a, 0x21, 0x7a, 0x41, 0x7a,
  0x20, 0x7a, 0x00, 0x7a, 0x40, 0x82, 0xe0, 0x9a, 0x80, 0x8a, 0xe0, 0x9a, 0xe1, 0xc3, 0x20, 0xab,
  0x20, 0xab, 0x60, 0xdc, 0xe0, 0xd3, 0xe0, 0xdb, 0x63, 0xfe, 0x40, 0xf5, 0x40, 0xfe, 0x26, 0xff,
  0x8e, 0xff, 0x23, 0xfe, 0x81, 0xfd, 0x50, 0xff, 0xe7, 0xfe, 0x47, 0xff, 0x05, 0xff, 0x08, 0xff,
  0xa1, 0xfe, 0x65, 0xff, 0xac, 0xff, 0xac, 0xff, 0xb2, 0xff, 0xf8, 0xff, 0xd9, 0xff, 0xf9, 0xff,
  0xfa, 0xff, 0xfa, 0xff, 0xfb, 0xff, 0xfc, 0xff, 0xfe, 0xff, 0xfc, 0xff, 0xfd, 0xff, 0xfd, 0xff,
  0xfd, 0xff, 0xfc, 0xff, 0xfc, 0xff, 0xfe, 0xff, 0xff, 0xff, 0xff, 0xff, 0xff, 0xff, 0xff, 0xff,
  0xff, 0xff, 0xff, 0xff, 0xff, 0xff, 0xff, 0xff, 0xfe, 0xff, 0xff, 0xff, 0xff, 0xff, 0xff, 0xff,
  0xfc, 0xff, 0xf5, 0xff, 0xf7, 0xff, 0xf9, 0xff, 0xfb, 0xff, 0xfa, 0xff, 0xfa, 0xff, 0xfb, 0xff,
  0xdb, 0xff, 0x8b, 0xff, 0x6a, 0xff, 0x62, 0xf6, 0xe8, 0xfe, 0xd5, 0xff, 0x26, 0xff, 0x6c, 0xff,
  0x8f, 0xff, 0xd6, 0xff, 0x49, 0xff, 0x61, 0xed, 0xa5, 0xf6, 0xa0, 0xf5, 0xa0, 0xec, 0xa0, 0xe4,
  0xa0, 0xe4, 0x60, 0xd4, 0x82, 0xed, 0x54, 0xff, 0x42, 0xdd, 0x80, 0x9a, 0x81, 0xbb, 0x43, 0xc4,
  0xe0, 0x9a, 0xa1, 0xbb, 0xa5, 0xd4, 0xc0, 0x69, 0x40, 0x7a, 0xc0, 0x71, 0xe0, 0x71, 0xe3, 0xbb,
  0xc6, 0xed, 0x60, 0x8a, 0xe0, 0x79, 0x03, 0xcc, 0x02, 0x9b, 0x62, 0x82, 0x85, 0xab, 0xe3, 0xbb,
  0x42, 0xab, 0x01, 0x9b, 0xa1, 0x92, 0x81, 0x8a, 0x61, 0x82, 0x01, 0xcc, 0xc3, 0xab, 0x82, 0x7a,
  0x84, 0xa3, 0x63, 0xa3, 0x22, 0x9b, 0x23, 0x9b, 0xa4, 0x9b, 0x00, 0x00, 0x00, 0x00, 0x00, 0x00,
  0x00, 0x00, 0x00, 0x00, 0x00, 0xf8, 0x00, 0x00, 0x00, 0x00, 0x00, 0x00, 0xa0, 0xaa, 0x00, 0xf8,
  0x00, 0x00, 0x00, 0x00, 0x00, 0x00, 0x00, 0x00, 0x00, 0x00, 0x00, 0x00, 0x00, 0x00, 0x00, 0x00,
  0x00, 0x00, 0x00, 0x00, 0x00, 0x00, 0x00, 0x00, 0x00, 0x00, 0x00, 0x00, 0x00, 0x00, 0x00, 0x00,
  0x00, 0x00, 0x00, 0x00, 0x00, 0x00, 0x00, 0x00, 0x00, 0x00, 0x00, 0x00, 0x00, 0x00, 0x00, 0x00,
  0x00, 0x00, 0x00, 0x00, 0x00, 0x00, 0x00, 0x00, 0x00, 0x00, 0x00, 0x00, 0x00, 0x00, 0x00, 0x00,
  0x00, 0x00, 0x00, 0x00, 0x00, 0x00, 0x00, 0x00, 0x00, 0x00, 0x04, 0x83, 0x62, 0x7a, 0x22, 0x6a,
  0x63, 0x72, 0xa3, 0x7a, 0xa4, 0x8a, 0x00, 0x00, 0x20, 0x63, 0x04, 0x83, 0x00, 0x00, 0x00, 0x00,
  0x26, 0x9b, 0x00, 0x00, 0xa0, 0xaa, 0xa3, 0x8a, 0xa0, 0xaa, 0xa3, 0x8a, 0x00, 0x82, 0x00, 0xf8,
  0xa0, 0xaa, 0x00, 0x84, 0x26, 0x9b, 0x00, 0x84, 0x00, 0xf8, 0x23, 0x9b, 0x03, 0x93, 0x03, 0x93,
  0x43, 0x9b, 0x61, 0x7a, 0xa0, 0x59, 0x63, 0x9b, 0xa3, 0xab, 0x61, 0x7a, 0x42, 0xa3, 0x80, 0x8a,
  0x40, 0x82, 0x40, 0x7a, 0x20, 0x7a, 0x80, 0x8a, 0x20, 0x7a, 0xc0, 0x9a, 0xc0, 0x9a, 0x80, 0x8a,
  0x41, 0xa3, 0x61, 0xb3, 0xa0, 0x9a, 0xc0, 0xcb, 0x82, 0xf5, 0x40, 0xe5, 0xa0, 0xf5, 0x29, 0xff,
  0x92, 0xff, 0x40, 0xec, 0xa0, 0xfd, 0xc1, 0xfd, 0x24, 0xfe, 0x82, 0xfe, 0xe4, 0xfe, 0x97, 0xff,
  0x28, 0xff, 0xa1, 0xfe, 0xa1, 0xfe, 0x61, 0xfe, 0x81, 0xf6, 0x21, 0xff, 0x46, 0xff, 0xaf, 0xff,
  0xaf, 0xff, 0xce, 0xff, 0xd0, 0xff, 0xad, 0xff, 0xf1, 0xff, 0xd4, 0xff, 0xd6, 0xff, 0xfa, 0xff,
  0xfb, 0xff, 0xfa, 0xff, 0xf8, 0xff, 0xfb, 0xff, 0xff, 0xff, 0xfe, 0xff, 0xff, 0xff, 0xff, 0xff,
  0xff, 0xff, 0xff, 0xff, 0xfe, 0xff, 0xff, 0xff, 0xff, 0xff, 0xfd, 0xff, 0xfc, 0xff, 0xfe, 0xff,
  0xfd, 0xff, 0xd3, 0xff, 0xb1, 0xff, 0xb1, 0xff, 0xd3, 0xff, 0xf7, 0xff, 0xf9, 0xff, 0xdb, 0xff,
  0xb5, 0xff, 0x25, 0xff, 0xa8, 0xff, 0x91, 0xff, 0x01, 0xfe, 0x84, 0xf6, 0xc6, 0xf6, 0x0b, 0xff,
  0x0a, 0xff, 0xd5, 0xff, 0xc6, 0xfe, 0x62, 0xf5, 0x84, 0xed, 0x60, 0xe4, 0x21, 0xdc, 0xe0, 0xd3,
  0xc0, 0xd3, 0x00, 0xdc, 0xa0, 0xdc, 0x82, 0xe5, 0xcb, 0xf6, 0x80, 0x92, 0x40, 0x8a, 0xa0, 0x92,
  0x00, 0xa3, 0x63, 0xab, 0x68, 0xed, 0xe0, 0x9a, 0xe0, 0x71, 0xe1, 0xcb, 0xa0, 0xa2, 0xa2, 0xd4,
  0x8f, 0xff, 0x64, 0xcc, 0x00, 0x7a, 0xc6, 0xd4, 0xc3, 0xbb, 0x64, 0x9b, 0xa4, 0xa3, 0xa3, 0xb3,
  0x03, 0x9b, 0x03, 0x93, 0xe2, 0x92, 0xc3, 0x8a, 0x60, 0x8a, 0xa2, 0xb3, 0x43, 0x9b, 0x01, 0x62,
  0x62, 0x9b, 0xc3, 0xab, 0x23, 0x93, 0x83, 0x8b, 0x83, 0x9b, 0x05, 0xac, 0x00, 0x00, 0x00, 0x00,
  0x00, 0x00, 0x00, 0x84, 0x00, 0x00, 0xa5, 0xa3, 0x00, 0x00, 0x00, 0x00, 0x08, 0x84, 0x00, 0x00,
  0x00, 0x00, 0x00, 0x00, 0x00, 0x00, 0x00, 0x00, 0x00, 0x00, 0x00, 0x00, 0x00, 0x00, 0x00, 0x00,
  0x00, 0x00, 0x00, 0x00, 0x00, 0x00, 0x00, 0x00, 0x00, 0x00, 0x00, 0x00, 0x00, 0x00, 0x00, 0x00,
  0x00, 0x00, 0x00, 0x00, 0x00, 0x00, 0x00, 0x00, 0x00, 0x00, 0x00, 0x00, 0x00, 0x00, 0x00, 0x00,
  0x00, 0x00, 0x00, 0x00, 0x00, 0x00, 0x00, 0x00, 0x00, 0x00, 0x00, 0x00, 0x00, 0x00, 0x00, 0x00,
  0x00, 0x00, 0x00, 0x00, 0x00, 0x00, 0x00, 0x00, 0x00, 0x00, 0xa2, 0x82, 0x62, 0x72, 0x42, 0x6a,
  0x63, 0x72, 0x62, 0x7a, 0xa2, 0x82, 0xa0, 0xaa, 0x00, 0xf8, 0xa5, 0x82, 0x00, 0x84, 0x00, 0x00,
  0x00, 0x00, 0x00, 0x84, 0xc4, 0x92, 0x00, 0x84, 0x23, 0x9b, 0xa0, 0xaa, 0x00, 0xf8, 0x00, 0x00,
  0x00, 0xf8, 0x00, 0x00, 0x00, 0x84, 0x04, 0x9b, 0x04, 0x9b, 0x00, 0x84, 0x22, 0xa3, 0x02, 0x93,
  0xc2, 0x92, 0xc1, 0x61, 0xc1, 0x69, 0x98, 0xf7, 0xfd, 0xef, 0x41, 0x9b, 0x42, 0xbc, 0x01, 0xa3,
  0xa1, 0x8a, 0x43, 0xa3, 0xe2, 0x9a, 0x61, 0x82, 0x20, 0x7a, 0x41, 0x82, 0x21, 0x7a, 0xa1, 0x8a,
  0x21, 0xcc, 0xe1, 0xfd, 0x00, 0xab, 0xa0, 0x9a, 0xa1, 0xbb, 0xa1, 0xe4, 0xe3, 0xf5, 0x05, 0xff,
  0x25, 0xff, 0x42, 0xf5, 0x81, 0xfd, 0x06, 0xff, 0xef, 0xff, 0x21, 0xfe, 0xc3, 0xfe, 0x49, 0xff,
  0x03, 0xff, 0xc2, 0xfe, 0x60, 0xfd, 0x80, 0xfe, 0x60, 0xfe, 0x42, 0xfe, 0x09, 0xff, 0xcf, 0xff,
  0x22, 0xfe, 0x61, 0xfe, 0x03, 0xff, 0x44, 0xff, 0x8e, 0xff, 0x27, 0xff, 0xad, 0xff, 0xf3, 0xff,
  0xd5, 0xff, 0xf7, 0xff, 0xf8, 0xff, 0xf8, 0xff, 0xf8, 0xf7, 0x90, 0xff, 0xd8, 0xff, 0xfd, 0xff,
  0xfe, 0xff, 0xff, 0xff, 0xff, 0xff, 0xff, 0xff, 0xfe, 0xff, 0xfc, 0xff, 0xf8, 0xff, 0xfb, 0xff,
  0xf8, 0xff, 0xae, 0xff, 0x09, 0xff, 0xa3, 0xfe, 0xe3, 0xfe, 0x2c, 0xff, 0x0e, 0xff, 0x20, 0xf5,
  0x80, 0xf5, 0x60, 0xf5, 0x61, 0xf5, 0x0a, 0xff, 0x02, 0xfe, 0xa0, 0xf5, 0xa0, 0xf5, 0x80, 0xf5,
  0xc0, 0xfd, 0xe5, 0xfe, 0x47, 0xff, 0x41, 0xd4, 0xc0, 0xd3, 0x21, 0xcc, 0x01, 0xcc, 0x42, 0xd4,
  0xa2, 0xdc, 0x61, 0xcc, 0x20, 0xa3, 0x61, 0xab, 0x04, 0xf6, 0xc4, 0xf5, 0x01, 0x9b, 0x21, 0x72,
  0x42, 0x7a, 0x61, 0x7a, 0xe1, 0x61, 0xc1, 0x61, 0x61, 0xab, 0xe2, 0x9a, 0xe1, 0x69, 0x62, 0x7a,
  0xa1, 0x8a, 0x21, 0x72, 0x41, 0x82, 0xc2, 0x92, 0x02, 0x93, 0xa4, 0xab, 0x83, 0xab, 0xe3, 0x92,
  0x21, 0x6a, 0x82, 0x82, 0x23, 0x9b, 0x62, 0x7a, 0xe2, 0x8a, 0x83, 0xa3, 0x02, 0x9b, 0x81, 0x82,
  0xa2, 0x82, 0xe3, 0x8a, 0x43, 0x9b, 0x64, 0xa3, 0x84, 0xab, 0x86, 0x8b, 0x26, 0x9b, 0x00, 0x00,
  0x08, 0x84, 0x00, 0x00, 0xa0, 0xaa, 0x00, 0x84, 0x24, 0x9b, 0x00, 0x84, 0x00, 0x00, 0x00, 0x00,
  0x00, 0x00, 0x00, 0x00, 0x00, 0x00, 0x00, 0x00, 0x00, 0x00, 0x00, 0x00, 0x00, 0x00, 0x00, 0x00,
  0x00, 0x00, 0x00, 0x00, 0x00, 0x00, 0x00, 0x00, 0x00, 0x00, 0x00, 0x00, 0x00, 0x00, 0x00, 0x00,
  0x00, 0x00, 0x00, 0x00, 0x00, 0x00, 0x00, 0x00, 0x00, 0x00, 0x00, 0x00, 0x00, 0x00, 0x00, 0x00,
  0x00, 0x00, 0x00, 0x00, 0x00, 0x00, 0x00, 0x00, 0x00, 0x00, 0x00, 0x00, 0x00, 0x00, 0x00, 0x00,
  0x00, 0x00, 0x00, 0x00, 0x00, 0x00, 0x00, 0x00, 0x00, 0x84, 0xc3, 0x82, 0x42, 0x72, 0x42, 0x6a,
  0xc3, 0x7a, 0x00, 0x82, 0x00, 0xf8, 0x00, 0x00, 0x00, 0x00, 0x00, 0xf8, 0x00, 0x00, 0x00, 0x00,
  0x00, 0x82, 0x00, 0xf8, 0x26, 0x9b, 0xa5, 0x82, 0x24, 0x8b, 0x00, 0x00, 0x00, 0x00, 0x00, 0x00,
  0xa0, 0xaa, 0x00, 0xf8, 0xa0, 0xaa, 0x00, 0xf8, 0x24, 0x9b, 0x64, 0x93, 0xc2, 0x92, 0x64, 0xa3,
  0xc5, 0xab, 0x60, 0x51, 0x22, 0xa3, 0x95, 0xff, 0xfa, 0xff, 0x41, 0xab, 0x64, 0xe5, 0x85, 0xed,
  0x22, 0xa3, 0x03, 0x9b, 0xc3, 0x8a, 0xc2, 0x8a, 0xe2, 0x9a, 0x60, 0x82, 0x40, 0x82, 0xc0, 0x9a,
  0x61, 0xdc, 0xe1, 0xc3, 0x40, 0x7a, 0x80, 0xbb, 0x21, 0xd4, 0xa3, 0xf5, 0xc3, 0xfe, 0x40, 0xf5,
  0xe0, 0xec, 0x40, 0xdc, 0xe3, 0xfd, 0x49, 0xff, 0xc3, 0xfe, 0xa4, 0xfe, 0x03, 0xfe, 0x41, 0xf5,
  0xc0, 0xfd, 0xe8, 0xfe, 0xe0, 0xfc, 0xe0, 0xfc, 0xa0, 0xfc, 0xc1, 0xfd, 0x04, 0xff, 0xf2, 0xff,
  0x03, 0xfe, 0xe7, 0xfe, 0x62, 0xfe, 0x80, 0xfd, 0x60, 0xfd, 0x61, 0xfe, 0x42, 0xfe, 0x21, 0xf6,
  0x80, 0xfe, 0x40, 0xfe, 0x41, 0xfe, 0xe2, 0xfe, 0x04, 0xff, 0x63, 0xf6, 0x6a, 0xff, 0xb0, 0xff,
  0xf8, 0xff, 0xdd, 0xff, 0xfe, 0xff, 0xdf, 0xff, 0xfd, 0xff, 0x91, 0xff, 0x49, 0xff, 0xe2, 0xfe,
  0xa1, 0xfe, 0xa1, 0xfe, 0xc0, 0xf5, 0x40, 0xfe, 0x20, 0xf5, 0xa4, 0xfe, 0x07, 0xff, 0x40, 0xfd,
  0x80, 0xe4, 0x80, 0xe4, 0x20, 0xf5, 0xe5, 0xfe, 0xd1, 0xff, 0x89, 0xf6, 0x20, 0xed, 0xe0, 0xfd,
  0xc0, 0xe4, 0x20, 0xbb, 0x89, 0xfe, 0x96, 0xff, 0x00, 0xbb, 0x80, 0xb3, 0xc1, 0xbb, 0x41, 0xab,
  0x80, 0x8a, 0xe0, 0x92, 0x21, 0xa3, 0xa1, 0x8a, 0x80, 0x8a, 0x00, 0x9b, 0xa1, 0x82, 0x82, 0x82,
  0x62, 0x7a, 0x61, 0x7a, 0x80, 0x51, 0xa1, 0x59, 0x83, 0xcc, 0xe2, 0x9a, 0xe2, 0x9a, 0x61, 0x82,
  0x82, 0x82, 0xa2, 0x8a, 0x61, 0x7a, 0xe2, 0x8a, 0x23, 0x9b, 0x43, 0x93, 0x64, 0xa3, 0xc5, 0xab,
  0xa2, 0x82, 0x62, 0x72, 0xc3, 0x82, 0x82, 0x7a, 0xe2, 0x82, 0x24, 0x83, 0x03, 0x8b, 0x42, 0xa3,
  0x83, 0xa3, 0x64, 0xa3, 0x03, 0x8b, 0x24, 0x93, 0x44, 0x9b, 0x25, 0x93, 0x26, 0x9b, 0x00, 0x00,
  0x00, 0x84, 0x00, 0xf8, 0x00, 0x00, 0x00, 0x00, 0x26, 0x9b, 0x00, 0x00, 0x00, 0x00, 0x00, 0x00,
  0x00, 0x00, 0x00, 0x00, 0x00, 0x00, 0x00, 0x00, 0x00, 0x00, 0x00, 0x00, 0x00, 0x00, 0x00, 0x00,
  0x00, 0x00, 0x00, 0x00, 0x00, 0x00, 0x00, 0x00, 0x00, 0x00, 0x00, 0x00, 0x00, 0x00, 0x00, 0x00,
  0x00, 0x00, 0x00, 0x00, 0x00, 0x00, 0x00, 0x00, 0x00, 0x00, 0x00, 0x00, 0x00, 0x00, 0x00, 0x00,
  0x00, 0x00, 0x00, 0x00, 0x00, 0x00, 0x00, 0x00, 0x00, 0x00, 0x00, 0x00, 0x00, 0x00, 0x00, 0x00,
  0x00, 0x00, 0x00, 0x00, 0x00, 0x00, 0x00, 0x00, 0xa0, 0x52, 0xa3, 0x72, 0xa3, 0x72, 0x00, 0x00,
  0x00, 0x00, 0x00, 0x00, 0x00, 0x00, 0x00, 0xf8, 0x00, 0x00, 0x00, 0x00, 0x00, 0x00, 0x00, 0x00,
  0x00, 0xf8, 0xa5, 0x82, 0x23, 0x83, 0xa3, 0x8a, 0x64, 0x93, 0x00, 0x00, 0x00, 0x00, 0x00, 0x00,
  0x00, 0x00, 0x00, 0x00, 0x00, 0x00, 0x00, 0x84, 0xe3, 0x92, 0x23, 0x9b, 0xc2, 0x92, 0x43, 0x9b,
  0x22, 0x93, 0xe0, 0x61, 0x41, 0xcc, 0x4a, 0xff, 0x0c, 0xff, 0x82, 0x7a, 0xa2, 0xab, 0x45, 0xfe,
  0x63, 0xcc, 0x21, 0x72, 0x01, 0x6a, 0x21, 0x72, 0x41, 0x7a, 0xe1, 0x92, 0xa0, 0x92, 0x00, 0xa3,
  0x41, 0xa3, 0xe1, 0x69, 0x21, 0x72, 0x81, 0xb3, 0x40, 0xab, 0xa0, 0xec, 0x01, 0xfe, 0x40, 0xf5,
  0xe0, 0xd3, 0x00, 0xc3, 0xc1, 0xf5, 0x44, 0xff, 0xa0, 0xfd, 0x08, 0xff, 0x80, 0xf5, 0xc0, 0xf4,
  0x80, 0xf5, 0x63, 0xfe, 0x86, 0xfe, 0xc0, 0xf4, 0xc0, 0xe3, 0x00, 0xf5, 0x20, 0xf5, 0x43, 0xfe,
  0x60, 0xf5, 0x44, 0xfe, 0x22, 0xfe, 0xa1, 0xf5, 0x60, 0xf5, 0x21, 0xfe, 0x42, 0xfe, 0x86, 0xfe,
  0x43, 0xfe, 0xe2, 0xf5, 0x02, 0xf6, 0x41, 0xfe, 0x80, 0xfe, 0x01, 0xf6, 0x28, 0xff, 0x46, 0xff,
  0xa8, 0xff, 0xb0, 0xff, 0xdc, 0xff, 0xfe, 0xff, 0xfd, 0xff, 0x6b, 0xff, 0xc3, 0xfe, 0xc1, 0xfe,
  0xc0, 0xfe, 0x00, 0xfe, 0x60, 0xed, 0x02, 0xf6, 0x21, 0xed, 0x61, 0xfe, 0xa1, 0xfd, 0x22, 0xfe,
  0x62, 0xf6, 0x41, 0xd4, 0xe1, 0xec, 0xc1, 0xf5, 0xe3, 0xf5, 0xf6, 0xf7, 0x42, 0xed, 0x60, 0xed,
  0x03, 0xe5, 0x20, 0xb3, 0x63, 0xd4, 0xf7, 0xff, 0x06, 0xd5, 0xc0, 0x9a, 0xe1, 0x9a, 0xc1, 0x92,
  0x00, 0x72, 0x80, 0x59, 0xa1, 0x82, 0xe1, 0x92, 0xa1, 0x8a, 0x21, 0x72, 0x21, 0x72, 0xe1, 0x92,
  0x42, 0x9b, 0xa1, 0x8a, 0x81, 0x82, 0xa1, 0x82, 0xc1, 0x8a, 0xe1, 0x9a, 0xe3, 0xe4, 0x62, 0xd4,
  0x03, 0xbc, 0xc3, 0xab, 0x83, 0xa3, 0xe2, 0x92, 0xc2, 0x8a, 0x23, 0x9b, 0xc3, 0x8a, 0xa3, 0x82,
  0xe3, 0x82, 0xc3, 0x82, 0xa3, 0x82, 0xc3, 0x82, 0x03, 0x8b, 0x45, 0x93, 0x44, 0x9b, 0x63, 0x9b,
  0xc5, 0xab, 0x84, 0xa3, 0x44, 0x93, 0xe3, 0x8a, 0x24, 0x8b, 0x08, 0x84, 0x45, 0x93, 0xa0, 0xaa,
  0x00, 0x00, 0x00, 0xf8, 0x00, 0x00, 0x00, 0x00, 0x00, 0x00, 0x00, 0x00, 0x00, 0x00, 0x00, 0x00,
  0x00, 0x00, 0x00, 0x00, 0x00, 0x00, 0x00, 0x00, 0x00, 0x00, 0x00, 0x00, 0x00, 0x00, 0x00, 0x00,
  0x00, 0x00, 0x00, 0x00, 0x00, 0x00, 0x00, 0x00, 0x00, 0x00, 0x00, 0x00, 0x00, 0x00, 0x00, 0x00,
  0x00, 0x00, 0x00, 0x00, 0x00, 0x00, 0x00, 0x00, 0x00, 0x00, 0x00, 0x00, 0x00, 0x00, 0x00, 0x00,
  0x00, 0x00, 0x00, 0x00, 0x00, 0x00, 0x00, 0x00, 0x00, 0x00, 0x00, 0x00, 0x00, 0x00, 0x00, 0x00,
  0x00, 0x00, 0x00, 0x00, 0x00, 0x00, 0x00, 0x00, 0x00, 0x00, 0x00, 0x84, 0x00, 0x00, 0xa3, 0x72,
  0x00, 0x84, 0x00, 0x00, 0x00, 0x00, 0x00, 0x00, 0x00, 0x00, 0x00, 0xf8, 0x00, 0x00, 0x00, 0x00,
  0x00, 0x00, 0xa0, 0xaa, 0x26, 0x9b, 0x00, 0x84, 0xa5, 0x82, 0x00, 0x84, 0x00, 0xf8, 0x00, 0xf8,
  0x00, 0x00, 0x00, 0x84, 0x26, 0x9b, 0x03, 0x8b, 0xc3, 0x8a, 0xe2, 0x8a, 0xa2, 0x8a, 0x61, 0x82,
  0x63, 0x7a, 0x63, 0x6a, 0xe2, 0x8a, 0x81, 0xcc, 0xe3, 0xd4, 0xaa, 0xf6, 0x42, 0xc4, 0x61, 0xab,
  0x41, 0xab, 0x61, 0x7a, 0x21, 0x72, 0xe1, 0x69, 0x41, 0x82, 0x00, 0xa3, 0xa0, 0x92, 0xa1, 0x8a,
  0x61, 0x7a, 0x41, 0x7a, 0xe2, 0x8a, 0x81, 0x82, 0x01, 0x72, 0x41, 0xed, 0x22, 0xed, 0xa2, 0xbb,
  0x20, 0xb3, 0x80, 0x9a, 0x00, 0xdc, 0x81, 0xf5, 0xc1, 0xfd, 0xe2, 0xf5, 0x80, 0xe4, 0x80, 0xec,
  0x60, 0xec, 0x00, 0xe4, 0xc6, 0xfe, 0xe0, 0xf4, 0xe0, 0xdb, 0xc0, 0xec, 0x80, 0xfd, 0x02, 0xfe,
  0x80, 0xfd, 0x20, 0xf5, 0x60, 0xf5, 0xe0, 0xf4, 0x00, 0xf5, 0xe0, 0xec, 0x61, 0xf5, 0x04, 0xfe,
  0xa1, 0xfd, 0x41, 0xf5, 0x62, 0xf5, 0x81, 0xfd, 0x00, 0xfe, 0x00, 0xf6, 0x82, 0xfe, 0x07, 0xff,
  0x8b, 0xff, 0x02, 0xff, 0xad, 0xff, 0xfe, 0xff, 0xf9, 0xff, 0xa3, 0xfe, 0xa2, 0xfe, 0x85, 0xff,
  0x43, 0xff, 0x00, 0xf6, 0x20, 0xed, 0x81, 0xed, 0x00, 0xed, 0xc1, 0xf5, 0x61, 0xf5, 0xa1, 0xf5,
  0x23, 0xfe, 0x01, 0xc4, 0x00, 0xa3, 0x01, 0xc4, 0x21, 0xcc, 0xc9, 0xf6, 0xaa, 0xf6, 0x69, 0xf6,
  0x20, 0xcc, 0x00, 0xab, 0x82, 0xab, 0xe3, 0xdc, 0x41, 0xd4, 0xc0, 0x9a, 0x81, 0x8a, 0x02, 0x9b,
  0x61, 0x82, 0xc0, 0x61, 0x00, 0x6a, 0xc1, 0x8a, 0xe1, 0x92, 0x22, 0xa3, 0x42, 0xa3, 0xe1, 0x92,
  0x03, 0xbc, 0x62, 0xa3, 0x04, 0xb4, 0xa3, 0xab, 0x41, 0x7a, 0x22, 0xab, 0x01, 0x9b, 0x82, 0xab,
  0xa3, 0xab, 0x43, 0x9b, 0x83, 0xa3, 0x23, 0x9b, 0xc2, 0x8a, 0xa4, 0xb3, 0x63, 0x9b, 0x62, 0x7a,
  0xe3, 0x8a, 0x64, 0x9b, 0x04, 0x8b, 0xe3, 0x8a, 0x23, 0x8b, 0xa0, 0xaa, 0xa4, 0xa3, 0x65, 0x9b,
  0x45, 0x9b, 0x85, 0xa3, 0xc3, 0xab, 0x03, 0x93, 0x04, 0x8b, 0x25, 0x93, 0x25, 0x93, 0x83, 0x8b,
  0x00, 0x00, 0xaa, 0xaa, 0x08, 0x84, 0x08, 0x84, 0x00, 0x00, 0x00, 0x00, 0x00, 0x00, 0x00, 0x00,
  0x00, 0x00, 0x00, 0x00, 0x00, 0x00, 0x00, 0x00, 0x00, 0x00, 0x00, 0x00, 0x00, 0x00, 0x00, 0x00,
  0x00, 0x00, 0x00, 0x00, 0x00, 0x00, 0x00, 0x00, 0x00, 0x00, 0x00, 0x00, 0x00, 0x00, 0x00, 0x00,
  0x00, 0x00, 0x00, 0x00, 0x00, 0x00, 0x00, 0x00, 0x00, 0x00, 0x00, 0x00, 0x00, 0x00, 0x00, 0x00,
  0x00, 0x00, 0x00, 0x00, 0x00, 0x00, 0x00, 0x00, 0x00, 0x00, 0x00, 0x00, 0x00, 0x00, 0x00, 0x00,
  0x00, 0x00, 0x00, 0x00, 0x00, 0x00, 0x00, 0x00, 0x00, 0x84, 0x00, 0x00, 0xa0, 0x52, 0x00, 0x00,
  0x00, 0x00, 0x00, 0x00, 0x00, 0x00, 0x00, 0x00, 0x00, 0x00, 0x00, 0x00, 0x00, 0x00, 0x00, 0x00,
  0x00, 0x00, 0x00, 0x84, 0x00, 0x00, 0x00, 0x00, 0x00, 0x84, 0x00, 0x00, 0x00, 0x00, 0x00, 0x00,
  0x00, 0x00, 0x00, 0xf8, 0x00, 0x84, 0xa3, 0x8a, 0xa3, 0x82, 0xe3, 0x8a, 0xa3, 0x82, 0xa3, 0x82,
  0xa3, 0x82, 0x83, 0x7a, 0x83, 0x7a, 0x62, 0xab, 0xe5, 0xd4, 0x49, 0xff, 0xc7, 0xcc, 0x22, 0x6a,
  0x81, 0x82, 0xe2, 0x92, 0x21, 0x72, 0x21, 0x72, 0xe3, 0x92, 0xa0, 0x92, 0x60, 0x82, 0x60, 0x82,
  0x21, 0x7a, 0x61, 0x82, 0xe1, 0x9a, 0x01, 0x6a, 0xc1, 0x69, 0x03, 0xed, 0xa0, 0xbb, 0xa1, 0x92,
  0xa0, 0x92, 0x00, 0xab, 0x81, 0xf5, 0x80, 0xfd, 0x81, 0xe4, 0x21, 0xdc, 0x80, 0xc3, 0xa0, 0xc3,
  0xe1, 0xcb, 0xe0, 0xaa, 0x02, 0xed, 0xe0, 0xf4, 0x00, 0xdc, 0xe0, 0xec, 0xc1, 0xfd, 0x8d, 0xff,
  0xc5, 0xf5, 0xe0, 0xec, 0xe0, 0xe4, 0x80, 0xc3, 0x40, 0xbb, 0x20, 0xdc, 0x20, 0xf5, 0x81, 0xf5,
  0xc0, 0xec, 0x60, 0xdc, 0xa0, 0xe4, 0xa0, 0xe4, 0x40, 0xf5, 0x43, 0xf6, 0x64, 0xf6, 0xe7, 0xfe,
  0x90, 0xff, 0x07, 0xff, 0x29, 0xff, 0xfd, 0xff, 0xb2, 0xff, 0x62, 0xfe, 0xc2, 0xf5, 0x61, 0xfe,
  0xa1, 0xfe, 0xe1, 0xf5, 0x00, 0xcc, 0x61, 0xd4, 0x20, 0xcc, 0x60, 0xdc, 0x60, 0xf5, 0xa0, 0xe4,
  0xe2, 0xe4, 0x81, 0xd4, 0x00, 0x7a, 0x20, 0x7a, 0x00, 0xa3, 0xc1, 0xbb, 0x49, 0xee, 0xf7, 0xff,
  0xe6, 0xd4, 0x40, 0x8a, 0x80, 0x82, 0x42, 0xc4, 0xe2, 0xc3, 0x01, 0xe5, 0x60, 0xab, 0xe0, 0x69,
  0x00, 0x6a, 0x40, 0x7a, 0xc0, 0x61, 0xc0, 0x61, 0xa1, 0x8a, 0xe2, 0x92, 0xe4, 0xb3, 0xa1, 0x82,
  0x82, 0xa3, 0xa3, 0xab, 0x84, 0xa3, 0x43, 0x9b, 0x44, 0x9b, 0x83, 0xab, 0x02, 0x93, 0xe2, 0x92,
  0x02, 0x93, 0x03, 0x93, 0x03, 0x93, 0x23, 0x93, 0xe3, 0x92, 0x03, 0x9b, 0xe5, 0xb3, 0x85, 0xa3,
  0x24, 0x93, 0x45, 0x9b, 0x45, 0x93, 0x24, 0x93, 0x24, 0x9b, 0x00, 0x00, 0xa4, 0x9b, 0xa4, 0x9b,
  0xe4, 0x8a, 0x24, 0x93, 0x84, 0xa3, 0x23, 0x8b, 0xc4, 0x92, 0x04, 0x8b, 0xe4, 0x82, 0x04, 0x8b,
  0x00, 0x00, 0x00, 0x84, 0x00, 0x00, 0xaa, 0xaa, 0x00, 0xf8, 0x00, 0x00, 0x00, 0x00, 0x00, 0x00,
  0x00, 0x00, 0x00, 0x00, 0x00, 0x00, 0x00, 0x00, 0x00, 0x00, 0x00, 0x00, 0x00, 0x00, 0x00, 0x00,
  0x00, 0x00, 0x00, 0x00, 0x00, 0x00, 0x00, 0x00, 0x00, 0x00, 0x00, 0x00, 0x00, 0x00, 0x00, 0x00,
  0x00, 0x00, 0x00, 0x00, 0x00, 0x00, 0x00, 0x00, 0x00, 0x00, 0x00, 0x00, 0x00, 0x00, 0x00, 0x00,
  0x00, 0x00, 0x00, 0x00, 0x00, 0x00, 0x00, 0x00, 0x00, 0x00, 0x00, 0x00, 0x00, 0x00, 0x00, 0x00,
  0x00, 0x00, 0x00, 0x00, 0x00, 0x00, 0x00, 0x00, 0x00, 0x00, 0x00, 0x00, 0x00, 0x00, 0x00, 0x00,
  0x00, 0x00, 0x00, 0x00, 0x00, 0x00, 0x00, 0x00, 0x00, 0x00, 0x00, 0x00, 0x00, 0x00, 0x00, 0x00,
  0x00, 0x00, 0x00, 0x00, 0x00, 0x00, 0x64, 0x93, 0x04, 0x83, 0x00, 0x00, 0x00, 0xf8, 0x00, 0x00,
  0x00, 0x00, 0x00, 0x00, 0x00, 0x00, 0x00, 0x84, 0x24, 0x93, 0xc4, 0x82, 0x03, 0x8b, 0x04, 0x9b,
  0x44, 0x93, 0xa2, 0x7a, 0x83, 0x7a, 0x03, 0x8b, 0x04, 0xb4, 0x62, 0xa3, 0x23, 0x9b, 0x02, 0x8b,
  0x02, 0x93, 0xe2, 0x92, 0x21, 0x72, 0x21, 0x72, 0x62, 0x82, 0x00, 0x7a, 0x61, 0x82, 0xc1, 0x92,
  0xa1, 0x92, 0xc1, 0x92, 0x81, 0x8a, 0x41, 0x7a, 0xe2, 0x92, 0xc1, 0xc3, 0x20, 0x7a, 0xa1, 0x8a,
  0x41, 0x82, 0x61, 0xd4, 0x43, 0xfe, 0xc1, 0xe4, 0x80, 0x92, 0xa1, 0xbb, 0xe1, 0xcb, 0xe1, 0xcb,
  0x81, 0xdc, 0x80, 0x9a, 0x20, 0xbb, 0x80, 0xcb, 0xa0, 0xcb, 0x60, 0xe4, 0x60, 0xe4, 0x63, 0xed,
  0x60, 0xbb, 0xe0, 0xaa, 0x20, 0xab, 0xe0, 0x9a, 0x00, 0xab, 0x40, 0xdc, 0xa0, 0xe4, 0xa0, 0xe4,
  0xc0, 0xcb, 0xe0, 0xd3, 0x80, 0xe4, 0x60, 0xe4, 0xa0, 0xec, 0x25, 0xf6, 0xc2, 0xf5, 0xc1, 0xf5,
  0xe7, 0xfe, 0x86, 0xf6, 0x2a, 0xff, 0xfb, 0xff, 0xd5, 0xff, 0x8c, 0xff, 0xe6, 0xf5, 0x40, 0xf5,
  0x40, 0xf5, 0x60, 0xf5, 0x80, 0xc3, 0xc0, 0xc3, 0xe0, 0xa2, 0x01, 0xc4, 0xe0, 0xc3, 0x60, 0xb3,
  0xe0, 0xa2, 0xe1, 0xc3, 0x40, 0xb3, 0x20, 0x82, 0x40, 0x82, 0x41, 0x72, 0xc0, 0x69, 0xc9, 0xd4,
  0x8f, 0xee, 0x43, 0xa3, 0xc0, 0xa2, 0xc1, 0x9a, 0xa4, 0xab, 0x03, 0xe5, 0x63, 0xed, 0x01, 0x9b,
  0x60, 0x82, 0xc1, 0x92, 0xc1, 0x82, 0x61, 0x72, 0x82, 0x7a, 0x82, 0x7a, 0xc2, 0x82, 0xc2, 0x8a,
  0x63, 0x9b, 0xa4, 0xab, 0x63, 0x9b, 0x64, 0x9b, 0x83, 0xa3, 0x44, 0x9b, 0x03, 0x9b, 0x22, 0x9b,
  0x23, 0x9b, 0x64, 0x9b, 0x63, 0x9b, 0x23, 0x9b, 0x23, 0x9b, 0x03, 0x93, 0x44, 0x9b, 0x85, 0xa3,
  0x45, 0x9b, 0x65, 0x93, 0x45, 0x93, 0x24, 0x93, 0x83, 0x8b, 0x00, 0x00, 0x05, 0xac, 0x05, 0xac,
  0x25, 0x9b, 0x04, 0x8b, 0x44, 0x9b, 0x24, 0x93, 0x04, 0x9b, 0x05, 0x8b, 0xe4, 0x82, 0x45, 0x8b,
  0x00, 0xf8, 0x00, 0x84, 0x00, 0x84, 0xaa, 0xaa, 0x26, 0x9b, 0x00, 0x00, 0x00, 0x00, 0x00, 0x00,
  0x00, 0x00, 0x00, 0x00, 0x00, 0x00, 0x00, 0x00, 0x00, 0x00, 0x00, 0x00, 0x00, 0x00, 0x00, 0x00,
  0x00, 0x00, 0x00, 0x00, 0x00, 0x00, 0x00, 0x00, 0x00, 0x00, 0x00, 0x00, 0x00, 0x00, 0x00, 0x00,
  0x00, 0x00, 0x00, 0x00, 0x00, 0x00, 0x00, 0x00, 0x00, 0x00, 0x00, 0x00, 0x00, 0x00, 0x00, 0x00,
  0x00, 0x00, 0x00, 0x00, 0x00, 0x00, 0x00, 0x00, 0x00, 0x00, 0x00, 0x00, 0x00, 0x00, 0x00, 0x00,
  0x00, 0x00, 0x00, 0x00, 0x00, 0x00, 0x00, 0x00, 0x00, 0x00, 0x00, 0x00, 0x00, 0x00, 0x00, 0x00,
  0x00, 0x00, 0x00, 0x00, 0x00, 0x00, 0x00, 0x00, 0x00, 0x00, 0x00, 0x00, 0x00, 0x00, 0x00, 0x00,
  0x00, 0x00, 0xa0, 0xaa, 0xa0, 0xaa, 0x64, 0x93, 0x23, 0x83, 0x00, 0x00, 0x00, 0x00, 0x00, 0x00,
  0x00, 0x00, 0x26, 0x9b, 0x00, 0x84, 0x23, 0x9b, 0xc4, 0x92, 0xc3, 0x82, 0x24, 0x93, 0xa0, 0xaa,
  0x25, 0x9b, 0x03, 0x93, 0xc3, 0x82, 0xa2, 0x7a, 0x22, 0x62, 0x81, 0x82, 0xa2, 0x8a, 0x02, 0x8b,
  0xc2, 0x8a, 0xc2, 0x8a, 0xe2, 0x92, 0xe2, 0x92, 0x41, 0x7a, 0x61, 0x82, 0x42, 0xa3, 0x02, 0x9b,
  0xa1, 0x92, 0xe1, 0x9a, 0xa1, 0x92, 0xc1, 0x92, 0x62, 0xab, 0x40, 0x7a, 0x61, 0x7a, 0xe0, 0x69,
  0x61, 0x82, 0xa1, 0xf5, 0x40, 0xdc, 0x60, 0x82, 0xa0, 0x59, 0xe1, 0x9a, 0x20, 0xab, 0x60, 0xb3,
  0xe1, 0xc3, 0xc1, 0x9a, 0xa0, 0x9a, 0xe0, 0xa2, 0xc0, 0x9a, 0xa0, 0xbb, 0x00, 0xd4, 0xa0, 0xe4,
  0xe0, 0xa2, 0x20, 0x82, 0x60, 0x82, 0xa0, 0x8a, 0x61, 0xab, 0x00, 0xc4, 0x00, 0xcc, 0xa0, 0xbb,
  0x60, 0xbb, 0xa0, 0xc3, 0x00, 0xcc, 0xa0, 0xc3, 0x80, 0xbb, 0xa6, 0xed, 0x60, 0xed, 0x20, 0xed,
  0xe2, 0xe4, 0x81, 0xed, 0x02, 0xf6, 0x6f, 0xff, 0xd1, 0xff, 0xf5, 0xf7, 0xb0, 0xff, 0xe8, 0xed,
  0xa0, 0xcb, 0x61, 0xdc, 0xe0, 0x9a, 0xc2, 0x92, 0xa0, 0x8a, 0xe1, 0x9a, 0x41, 0xa3, 0x21, 0xab,
  0x00, 0x7a, 0xc0, 0x9a, 0xc4, 0xdc, 0xe2, 0xc3, 0x80, 0x8a, 0x22, 0x6a, 0xc0, 0x61, 0xe0, 0x71,
  0xe1, 0x8a, 0xa1, 0x8a, 0x2f, 0xee, 0x04, 0x9b, 0xc0, 0x61, 0x61, 0x82, 0x24, 0xd4, 0xc5, 0xf5,
  0xa0, 0x8a, 0x00, 0x72, 0x04, 0xb4, 0xa7, 0xd4, 0x67, 0xbc, 0xc2, 0x82, 0x22, 0x62, 0xa3, 0x82,
  0x64, 0x9b, 0x23, 0x93, 0x63, 0x9b, 0x64, 0xa3, 0x43, 0x9b, 0x85, 0xa3, 0x84, 0xa3, 0x85, 0x9b,
  0x45, 0xab, 0xc5, 0xa3, 0x45, 0xab, 0x04, 0x9c, 0x04, 0x9b, 0x06, 0xa4, 0x64, 0x9b, 0x85, 0x93,
  0x45, 0x9b, 0x45, 0x93, 0x26, 0x9b, 0x45, 0x93, 0x04, 0x9b, 0x00, 0xf8, 0x00, 0x84, 0xa5, 0xa3,
  0x08, 0x84, 0x00, 0x00, 0x45, 0x93, 0x44, 0x93, 0x00, 0x00, 0x85, 0x9b, 0x05, 0x8b, 0x25, 0x93,
  0xaa, 0xaa, 0x00, 0x00, 0x00, 0x00, 0x00, 0x00, 0x00, 0xf8, 0x00, 0x00, 0x00, 0x00, 0x00, 0x00,
  0x00, 0x00, 0x00, 0x00, 0x00, 0x00, 0x00, 0x00, 0x00, 0x00, 0x00, 0x00, 0x00, 0x00, 0x00, 0x00,
  0x00, 0x00, 0x00, 0x00, 0x00, 0x00, 0x00, 0x00, 0x00, 0x00, 0x00, 0x00, 0x00, 0x00, 0x00, 0x00,
  0x00, 0x00, 0x00, 0x00, 0x00, 0x00, 0x00, 0x00, 0x00, 0x00, 0x00, 0x00, 0x00, 0x00, 0x00, 0x00,
  0x00, 0x00, 0x00, 0x00, 0x00, 0x00, 0x00, 0x00, 0x00, 0x00, 0x00, 0x00, 0x00, 0x00, 0x00, 0x00,
  0x00, 0x00, 0x00, 0x00, 0x00, 0x00, 0x00, 0x00, 0x00, 0x00, 0x00, 0x00, 0x00, 0x00, 0x00, 0x00,
  0x00, 0x00, 0x00, 0x00, 0x00, 0x00, 0x00, 0x00, 0x00, 0x00, 0x00, 0x00, 0x00, 0x00, 0x00, 0x00,
  0x00, 0x00, 0x00, 0x00, 0x00, 0x00, 0x00, 0x00, 0x00, 0x00, 0x00, 0x00, 0x00, 0x00, 0x00, 0x00,
  0x00, 0x00, 0x26, 0x9b, 0xe2, 0x8a, 0x64, 0x93, 0x08, 0x82, 0xa3, 0x8a, 0x26, 0x9b, 0x08, 0x82,
  0xa3, 0x82, 0xe3, 0x8a, 0xc3, 0x8a, 0xa3, 0x82, 0xc3, 0x82, 0x03, 0x93, 0xa2, 0x8a, 0x82, 0x7a,
  0x82, 0x7a, 0x82, 0x82, 0xe3, 0x8a, 0xc2, 0x8a, 0x62, 0x82, 0x02, 0x93, 0xa2, 0x8a, 0x82, 0x82,
  0x82, 0x82, 0xa2, 0x82, 0xe2, 0x92, 0x42, 0xab, 0x61, 0xb3, 0x60, 0x82, 0x01, 0x6a, 0xc0, 0x61,
  0x00, 0xcc, 0x80, 0xe4, 0x40, 0x7a, 0x80, 0x59, 0x01, 0x6a, 0xe1, 0x9a, 0x40, 0x7a, 0xe1, 0x71,
  0x41, 0xab, 0x41, 0xb3, 0xe1, 0xa2, 0xc0, 0x92, 0x20, 0x7a, 0x80, 0x8a, 0x40, 0xab, 0xe1, 0xbb,
  0xe0, 0x9a, 0x20, 0x72, 0x20, 0x72, 0x61, 0x82, 0xa0, 0x92, 0xe0, 0x9a, 0xa0, 0x8a, 0x80, 0x8a,
  0xc0, 0x92, 0xa0, 0x92, 0x60, 0x8a, 0x60, 0x8a, 0x80, 0x8a, 0x40, 0xb3, 0xe0, 0xbb, 0x41, 0xd4,
  0x21, 0xcc, 0x80, 0xd4, 0x21, 0xe5, 0xed, 0xfe, 0x4c, 0xff, 0x8f, 0xff, 0xca, 0xfe, 0x07, 0xf6,
  0x41, 0xbb, 0xe2, 0x9a, 0x80, 0x82, 0x61, 0x7a, 0x40, 0x72, 0x81, 0x8a, 0xc0, 0x92, 0x00, 0xa3,
  0x00, 0xa3, 0x81, 0x92, 0xa3, 0xb3, 0x03, 0xbc, 0xe1, 0x9a, 0x22, 0x72, 0x61, 0x82, 0x60, 0x82,
  0x80, 0x82, 0xe0, 0x69, 0x34, 0xff, 0x07, 0xcd, 0x01, 0x72, 0xc0, 0x61, 0x80, 0x59, 0x62, 0xd4,
  0x02, 0xbc, 0x21, 0x6a, 0xa4, 0xab, 0x65, 0xbc, 0x25, 0xb4, 0xe2, 0x8a, 0x41, 0x72, 0xe2, 0x8a,
  0x83, 0xa3, 0x23, 0x8b, 0x23, 0x9b, 0x84, 0xa3, 0x23, 0x93, 0xa4, 0xa3, 0x03, 0x9c, 0xc3, 0xa3,
  0x65, 0x9b, 0x00, 0xf8, 0xa0, 0xaa, 0x64, 0x93, 0x08, 0x84, 0xc5, 0xa3, 0x44, 0x9b, 0x45, 0x93,
  0xa4, 0x9b, 0x45, 0x93, 0x45, 0x93, 0xa5, 0x8b, 0x24, 0x9b, 0x00, 0x00, 0x00, 0x00, 0x00, 0x84,
  0x00, 0x00, 0x00, 0x00, 0x64, 0x9b, 0x25, 0x9b, 0x64, 0x93, 0x66, 0x93, 0x06, 0x8b, 0x00, 0x84,
  0x26, 0x9b, 0x00, 0x84, 0x00, 0x00, 0x00, 0x00, 0x00, 0x00, 0x00, 0x84, 0x00, 0x84, 0x00, 0x00,
  0x00, 0x00, 0x00, 0x00, 0x00, 0x00, 0x00, 0x00, 0x00, 0x00, 0x00, 0x00, 0x00, 0x00, 0x00, 0x00,
  0x00, 0x00, 0x00, 0x00, 0x00, 0x00, 0x00, 0x00, 0x00, 0x00, 0x00, 0x00, 0x00, 0x00, 0x00, 0x00,
  0x00, 0x00, 0x00, 0x00, 0x00, 0x00, 0x00, 0x00, 0x00, 0x00, 0x00, 0x00, 0x00, 0x00, 0x00, 0x00,
  0x00, 0x00, 0x00, 0x00, 0x00, 0x00, 0x00, 0x00, 0x00, 0x00, 0x00, 0x00, 0x63, 0x6a, 0x22, 0x6a,
  0x43, 0x6a, 0x00, 0x00, 0x00, 0x00, 0x00, 0x00, 0x00, 0x00, 0x00, 0x00, 0x00, 0x00, 0x00, 0x00,
  0x00, 0x00, 0x00, 0x00, 0x00, 0x00, 0x00, 0x00, 0x00, 0x00, 0x00, 0x00, 0x00, 0x00, 0x00, 0x00,
  0x00, 0x00, 0x00, 0x00, 0x00, 0x84, 0xc4, 0x7a, 0xc4, 0x7a, 0x00, 0x00, 0x00, 0x00, 0x00, 0x00,
  0x00, 0x00, 0x00, 0x00, 0x00, 0x84, 0xa0, 0xaa, 0x00, 0x00, 0x00, 0x00, 0x00, 0xf8, 0x00, 0xf8,
  0x08, 0x84, 0xc4, 0x92, 0xc3, 0x82, 0xa4, 0x82, 0xe4, 0x8a, 0xe3, 0x92, 0x04, 0x93, 0x03, 0x93,
  0x04, 0x93, 0x03, 0x8b, 0x03, 0x93, 0xc3, 0x8a, 0xc2, 0x82, 0xe2, 0x92, 0xe2, 0x8a, 0xc2, 0x8a,
  0xe1, 0x92, 0x81, 0x82, 0xe1, 0x61, 0x21, 0x72, 0xc1, 0x8a, 0xa1, 0x8a, 0x61, 0x82, 0x81, 0x82,
  0x40, 0xab, 0x40, 0xab, 0x81, 0x8a, 0xa1, 0x61, 0xa1, 0x61, 0xc1, 0x8a, 0x41, 0x72, 0x41, 0x7a,
  0xc1, 0x92, 0xa1, 0x92, 0x41, 0x7a, 0x41, 0x82, 0x41, 0xab, 0x02, 0x9b, 0x81, 0x82, 0x41, 0x7a,
  0xc1, 0x8a, 0xc1, 0x92, 0x81, 0x82, 0x40, 0x7a, 0x81, 0xab, 0xa0, 0x92, 0x80, 0x82, 0xa0, 0x8a,
  0xe0, 0x92, 0x40, 0x7a, 0xc1, 0xbb, 0x20, 0xa3, 0x60, 0x82, 0x81, 0x8a, 0xc0, 0x9a, 0x60, 0xb3,
  0x82, 0xdc, 0x41, 0xcc, 0x82, 0xc3, 0x6b, 0xf6, 0xb0, 0xff, 0xd1, 0xff, 0xc8, 0xfe, 0x07, 0xf6,
  0x88, 0xfe, 0x62, 0xcc, 0xa0, 0x8a, 0x20, 0x72, 0x22, 0x93, 0x81, 0xab, 0xc1, 0xb3, 0x73, 0xff,
  0xf4, 0xff, 0xa1, 0xb3, 0x60, 0x8a, 0x63, 0xab, 0xc3, 0xab, 0xc2, 0x82, 0x62, 0x72, 0xa2, 0x7a,
  0x02, 0x8b, 0x22, 0x93, 0x63, 0x9b, 0x23, 0x8b, 0xa2, 0x72, 0x85, 0x93, 0x88, 0xac, 0x46, 0xac,
  0x23, 0x93, 0x43, 0x93, 0x23, 0x8b, 0xe3, 0x82, 0x23, 0x93, 0xa3, 0x7a, 0xe4, 0x8a, 0x65, 0x9b,
  0x24, 0x93, 0x85, 0xa3, 0x06, 0xb4, 0x65, 0xa3, 0x04, 0x8b, 0xe2, 0x8a, 0x03, 0x8b, 0x24, 0x93,
  0x04, 0x8b, 0x04, 0x8b, 0x65, 0x93, 0x45, 0x93, 0x66, 0x93, 0x64, 0x93, 0x00, 0x00, 0x00, 0x00,
  0xaa, 0xaa, 0x00, 0x00, 0x05, 0x84, 0x86, 0x8b, 0xaa, 0xaa, 0x26, 0x9b, 0x64, 0x93, 0x87, 0x8b,
  0x04, 0x9b, 0x00, 0x00, 0x26, 0x8b, 0x64, 0x93, 0x00, 0x00, 0x00, 0xf8, 0x00, 0x00, 0x00, 0x00,
  0x00, 0x00, 0x00, 0x00, 0x00, 0x00, 0x00, 0xf8, 0x00, 0x00, 0x00, 0xf8, 0x00, 0x00, 0x00, 0x00,
  0x00, 0x00, 0x00, 0x00, 0x00, 0x00, 0x00, 0x00, 0x00, 0x00, 0x00, 0x00, 0x00, 0x00, 0x00, 0x00,
  0x00, 0x00, 0x00, 0x00, 0x00, 0x00, 0x00, 0x00, 0x00, 0x00, 0x00, 0x00, 0x00, 0x00, 0x00, 0x00,
  0x00, 0x00, 0x00, 0x00, 0x00, 0x00, 0x00, 0x00, 0x00, 0x00, 0x00, 0x00, 0x00, 0x00, 0x00, 0x00,
  0x00, 0x00, 0x00, 0x00, 0x00, 0x00, 0x00, 0x00, 0x00, 0x00, 0x00, 0x00, 0x00, 0x82, 0x04, 0x62,
  0x00, 0x00, 0x00, 0x00, 0x00, 0x00, 0x00, 0x00, 0x00, 0x00, 0x00, 0x00, 0x00, 0x00, 0x00, 0x00,
  0x00, 0x00, 0x00, 0x00, 0x00, 0x00, 0x00, 0x00, 0x00, 0x00, 0x00, 0x00, 0x00, 0x00, 0x00, 0x00,
  0x00, 0x00, 0x00, 0x00, 0x00, 0x00, 0xa0, 0xaa, 0xa5, 0x82, 0x00, 0x00, 0x00, 0x00, 0x00, 0x00,
  0x00, 0x00, 0x00, 0x00, 0x00, 0x00, 0x00, 0x00, 0x00, 0x00, 0x00, 0xf8, 0x00, 0x00, 0x00, 0x00,
  0xa0, 0xaa, 0x26, 0x9b, 0xa5, 0x92, 0x24, 0x93, 0x04, 0x8b, 0x03, 0x93, 0x42, 0x93, 0x43, 0x93,
  0x43, 0x93, 0x23, 0x93, 0x03, 0x93, 0x03, 0x93, 0x63, 0xa3, 0x23, 0x93, 0x22, 0x9b, 0x03, 0x8b,
  0xc2, 0x82, 0x41, 0x72, 0x62, 0x72, 0x41, 0x6a, 0xa2, 0x7a, 0xa1, 0x8a, 0x21, 0x9b, 0xc1, 0xc3,
  0xe1, 0x9a, 0x01, 0x72, 0xc2, 0x8a, 0x01, 0x72, 0xa1, 0x59, 0xc1, 0x8a, 0x02, 0x93, 0x62, 0xa3,
  0x82, 0xab, 0x60, 0x82, 0x61, 0x7a, 0x01, 0x9b, 0x21, 0xa3, 0x21, 0x72, 0x01, 0x72, 0xa2, 0x8a,
  0xe1, 0x92, 0x01, 0x9b, 0x42, 0xa3, 0x01, 0x93, 0xc2, 0xb3, 0xe1, 0x92, 0x20, 0x72, 0x20, 0x72,
  0x02, 0x9b, 0xa0, 0x8a, 0xe1, 0x92, 0xa0, 0x8a, 0xe0, 0x92, 0xa1, 0x8a, 0x60, 0x82, 0x80, 0x8a,
  0x40, 0xab, 0x20, 0xa3, 0xc0, 0xbb, 0x67, 0xdd, 0xb3, 0xff, 0xc4, 0xf5, 0x40, 0xd4, 0x80, 0x92,
  0xe3, 0xbb, 0x63, 0xcc, 0x43, 0xc4, 0xa0, 0x82, 0xc2, 0xb3, 0x40, 0xa3, 0x40, 0x82, 0xe2, 0x82,
  0x89, 0xee, 0x65, 0xfe, 0xc1, 0xab, 0xa1, 0x8a, 0x62, 0x9b, 0x02, 0x8b, 0x24, 0x8b, 0x63, 0x6a,
  0x22, 0x62, 0x62, 0x72, 0x62, 0x72, 0x42, 0x72, 0x61, 0x72, 0x02, 0x93, 0x65, 0xc4, 0x87, 0xc4,
  0xe2, 0x61, 0x43, 0x93, 0x83, 0xa3, 0x41, 0x72, 0x03, 0x93, 0xa3, 0x7a, 0x24, 0x8b, 0x06, 0xac,
  0x45, 0x9b, 0x24, 0x93, 0x85, 0x93, 0x24, 0x8b, 0xa3, 0x82, 0x24, 0x93, 0x64, 0x9b, 0x44, 0x8b,
  0x05, 0x8b, 0x24, 0x8b, 0x65, 0x93, 0x25, 0x93, 0x66, 0x93, 0x26, 0x9b, 0x00, 0x00, 0x00, 0x00,
  0x00, 0x84, 0x00, 0x00, 0x00, 0x00, 0x00, 0x00, 0x00, 0x00, 0xaa, 0xaa, 0x08, 0x84, 0x64, 0x93,
  0x00, 0xf8, 0x00, 0x00, 0x08, 0x84, 0x26, 0x9b, 0xa5, 0x82, 0x00, 0x00, 0x00, 0x00, 0x00, 0x00,
  0x00, 0xf8, 0x00, 0x00, 0x00, 0x00, 0x00, 0x00, 0x00, 0x00, 0x00, 0x00, 0x00, 0x00, 0x00, 0x00,
  0x00, 0x00, 0x00, 0x00, 0x00, 0x00, 0x00, 0x00, 0x00, 0x00, 0x00, 0x00, 0x00, 0x00, 0x00, 0x00,
  0x00, 0x00, 0x00, 0x00, 0x00, 0x00, 0x00, 0x00, 0x00, 0x00, 0x00, 0x00, 0x00, 0x00, 0x00, 0x00,
  0x00, 0x00, 0x00, 0x00, 0x00, 0x00, 0x00, 0x00, 0x00, 0x00, 0x00, 0x00, 0x00, 0x00, 0x00, 0x00,
  0x00, 0x00, 0x00, 0x00, 0x00, 0x00, 0x00, 0x00, 0x00, 0x00, 0x00, 0x00, 0x00, 0x00, 0x00, 0x00,
  0x00, 0x00, 0x00, 0x00, 0x00, 0x00, 0x00, 0x00, 0x00, 0x00, 0x00, 0x00, 0x00, 0x00, 0x00, 0x00,
  0x00, 0x00, 0x00, 0x00, 0x00, 0x00, 0x00, 0x00, 0x00, 0x00, 0x00, 0x00, 0x00, 0x00, 0x00, 0x00,
  0x00, 0x00, 0x00, 0x00, 0x00, 0x00, 0x00, 0x00, 0x00, 0x00, 0x00, 0x00, 0x00, 0x00, 0x00, 0x00,
  0x00, 0x00, 0x00, 0x00, 0x00, 0x00, 0x00, 0x00, 0x00, 0x00, 0x00, 0x00, 0x00, 0xf8, 0x00, 0x00,
  0x00, 0x00, 0x00, 0x84, 0xa0, 0xaa, 0x08, 0x84, 0x24, 0x8b, 0xa5, 0x82, 0xa5, 0x82, 0x64, 0x93,
  0x83, 0x8b, 0x04, 0x9b, 0x24, 0x9b, 0x23, 0x93, 0x44, 0x9b, 0x22, 0x93, 0x43, 0x9b, 0x23, 0x9b,
  0x61, 0x7a, 0x01, 0x6a, 0x03, 0x93, 0x81, 0x7a, 0xc1, 0x59, 0xa1, 0x8a, 0x41, 0xab, 0x61, 0xab,
  0x81, 0x82, 0x01, 0x6a, 0x41, 0x7a, 0x01, 0x93, 0x22, 0x9b, 0x01, 0x6a, 0x42, 0x9b, 0x22, 0xc4,
  0xc1, 0xb3, 0x61, 0x7a, 0x21, 0x6a, 0x02, 0x9b, 0xc1, 0x92, 0xa1, 0x59, 0xa1, 0x82, 0xa2, 0xab,
  0x81, 0xab, 0x41, 0xa3, 0x01, 0x9b, 0xe1, 0x8a, 0xc2, 0xab, 0xa1, 0x8a, 0xc0, 0x61, 0x41, 0x72,
  0xc1, 0x82, 0x00, 0x72, 0x20, 0x6a, 0xc0, 0x61, 0xe0, 0x69, 0x81, 0x8a, 0x20, 0x72, 0x40, 0x7a,
  0xa0, 0x8a, 0x20, 0x7a, 0x41, 0xab, 0x01, 0xbc, 0x04, 0xf6, 0x64, 0xed, 0x24, 0xe5, 0xa1, 0xb3,
  0x81, 0x8a, 0x22, 0x93, 0x42, 0x9b, 0xe1, 0x8a, 0x41, 0x9b, 0x82, 0xb3, 0x20, 0x82, 0x80, 0x82,
  0x22, 0xb4, 0x8b, 0xf6, 0x89, 0xdd, 0x00, 0x6a, 0xc1, 0x59, 0x42, 0x6a, 0xe3, 0x82, 0xe3, 0x82,
  0x42, 0x6a, 0x01, 0x62, 0x41, 0x6a, 0xa2, 0x82, 0xe3, 0x8a, 0xc3, 0xb3, 0xc3, 0xb3, 0x43, 0x93,
  0x02, 0x62, 0x61, 0x7a, 0x42, 0x9b, 0xe2, 0x8a, 0xc3, 0x8a, 0x45, 0x93, 0x65, 0x9b, 0xa6, 0x9b,
  0x45, 0x9b, 0x45, 0x9b, 0x24, 0x9b, 0x04, 0x8b, 0xc3, 0x82, 0x44, 0x93, 0x64, 0x9b, 0x64, 0x93,
  0x44, 0x8b, 0x45, 0x93, 0x25, 0x9b, 0x65, 0x93, 0x05, 0x8b, 0x00, 0xf8, 0x00, 0x00, 0x00, 0x00,
  0x00, 0x00, 0x00, 0x00, 0x00, 0x00, 0x00, 0x00, 0x00, 0x00, 0x86, 0x8b, 0x26, 0x9b, 0x26, 0x9b,
  0x00, 0x00, 0x00, 0xf8, 0x00, 0x84, 0x45, 0x83, 0x64, 0x93, 0x00, 0x00, 0x00, 0x00, 0x00, 0x00,
  0x00, 0x00, 0x00, 0x00, 0x00, 0x00, 0x00, 0x00, 0x00, 0x00, 0x00, 0x00, 0x00, 0x00, 0x00, 0x00,
  0x00, 0x00, 0x00, 0x00, 0x00, 0x00, 0x00, 0x00, 0x00, 0x00, 0x00, 0x00, 0x00, 0x00, 0x00, 0x00,
  0x00, 0x00, 0x00, 0x00, 0x00, 0x00, 0x00, 0x00, 0x00, 0x00, 0x00, 0x00, 0x00, 0x00, 0x00, 0x00,
  0x00, 0x00, 0x00, 0x00, 0x00, 0x00, 0x00, 0x00, 0x00, 0x00, 0x00, 0x00, 0x00, 0x00, 0x00, 0x00,
  0x00, 0x00, 0x00, 0x00, 0x00, 0x00, 0x00, 0x00, 0x00, 0x00, 0x00, 0x00, 0x00, 0x00, 0x00, 0x00,
  0x00, 0x00, 0x00, 0x00, 0x00, 0x00, 0x00, 0x00, 0x00, 0x00, 0x00, 0x00, 0x00, 0x00, 0x00, 0x00,
  0x00, 0x00, 0x00, 0x00, 0x00, 0x00, 0x00, 0x00, 0x00, 0x00, 0x00, 0x00, 0x00, 0x00, 0x00, 0x00,
  0x00, 0x00, 0x00, 0x00, 0x00, 0x00, 0xa0, 0x52, 0x00, 0x00, 0x00, 0x00, 0x00, 0x00, 0x00, 0x00,
  0x00, 0x00, 0x00, 0x00, 0x00, 0x00, 0x00, 0x00, 0x00, 0x00, 0x00, 0x00, 0x00, 0xf8, 0x00, 0x00,
  0x00, 0x84, 0x00, 0x84, 0x00, 0x00, 0x00, 0x84, 0x24, 0x8b, 0x26, 0x9b, 0x26, 0x9b, 0x08, 0x84,
  0x64, 0x93, 0x64, 0x93, 0x83, 0x8b, 0x24, 0x9b, 0x04, 0x93, 0x02, 0x93, 0x22, 0x9b, 0xc2, 0x8a,
  0x21, 0x72, 0x82, 0x7a, 0xa2, 0x82, 0xe0, 0x69, 0xc0, 0x61, 0xc1, 0x92, 0xe1, 0x9a, 0xc1, 0x8a,
  0x81, 0x82, 0xc1, 0x8a, 0xe2, 0x92, 0xc2, 0x8a, 0x81, 0x82, 0xe2, 0x8a, 0xe4, 0xb3, 0xa1, 0x82,
  0xe1, 0x8a, 0xc2, 0x82, 0xa2, 0x82, 0xa2, 0x8a, 0x81, 0x82, 0xe2, 0x8a, 0x62, 0xa3, 0x61, 0xab,
  0x21, 0x9b, 0x42, 0x9b, 0xc2, 0x8a, 0x41, 0x72, 0x22, 0x93, 0x61, 0x7a, 0xe0, 0x69, 0x61, 0x7a,
  0xc2, 0x8a, 0x61, 0x7a, 0x81, 0x7a, 0xe0, 0x69, 0xc0, 0x61, 0xc1, 0x8a, 0x81, 0x82, 0xa0, 0x8a,
  0xa1, 0x8a, 0xe0, 0x69, 0xa2, 0x8a, 0x62, 0xa3, 0x81, 0xed, 0x87, 0xe5, 0x6c, 0xf6, 0xc2, 0xb3,
  0xa1, 0x61, 0xe3, 0x82, 0x82, 0x72, 0x22, 0x62, 0x82, 0x72, 0xe2, 0x92, 0x41, 0x7a, 0x25, 0xb4,
  0xa5, 0xc4, 0x08, 0xc5, 0x8e, 0xee, 0x42, 0x93, 0x80, 0x51, 0x42, 0x6a, 0xa2, 0x7a, 0xa2, 0x82,
  0xa2, 0x82, 0xc2, 0x82, 0x03, 0x8b, 0xe3, 0x8a, 0xe3, 0x82, 0xc2, 0x8a, 0x03, 0x8b, 0x03, 0x8b,
  0x83, 0x7a, 0x82, 0x7a, 0xc2, 0x82, 0xa2, 0x82, 0xa3, 0x82, 0x85, 0x9b, 0x65, 0x9b, 0x85, 0x9b,
  0x65, 0x93, 0x65, 0x93, 0x45, 0x93, 0x26, 0x9b, 0x65, 0x9b, 0x45, 0x93, 0x86, 0x8b, 0x84, 0x9b,
  0x08, 0x84, 0x45, 0x93, 0x05, 0xac, 0x64, 0x93, 0x05, 0x84, 0x00, 0x00, 0x00, 0x00, 0x00, 0x00,
  0x00, 0x84, 0x00, 0x00, 0x00, 0x00, 0x00, 0x00, 0xaa, 0xaa, 0x08, 0x84, 0x00, 0x84, 0x08, 0x84,
  0x00, 0xf8, 0x00, 0x00, 0x00, 0xf8, 0xa5, 0x82, 0x00, 0x84, 0x00, 0x00, 0x00, 0x84, 0x00, 0x00,
  0x00, 0x00, 0x00, 0x00, 0x00, 0x00, 0x00, 0x00, 0x00, 0x00, 0x00, 0x00, 0x00, 0xf8, 0x00, 0x00,
  0x00, 0x00, 0x00, 0x00, 0x00, 0x00, 0x00, 0x00, 0x00, 0x00, 0x00, 0x00, 0x00, 0x00, 0x00, 0x00,
  0x00, 0x00, 0x00, 0x00, 0x00, 0x00, 0x00, 0x00, 0x00, 0x00, 0x00, 0x00, 0x00, 0x00, 0x00, 0x00,
  0x00, 0x00, 0x00, 0x00, 0x00, 0x00, 0x00, 0x00, 0x00, 0x00, 0x00, 0x00, 0x00, 0x00, 0x00, 0x00,
  0x00, 0x00, 0x00, 0x00, 0x00, 0x00, 0x00, 0x00, 0x00, 0x00, 0x00, 0x00, 0x00, 0x00, 0x00, 0x00,
  0x00, 0x00, 0x00, 0x00, 0x00, 0x00, 0x00, 0x00, 0x00, 0x00, 0x00, 0x00, 0x00, 0x00, 0x00, 0x00,
  0x00, 0x00, 0x00, 0x00, 0x00, 0x00, 0x00, 0x00, 0x00, 0x00, 0x00, 0x00, 0x00, 0x00, 0x00, 0x00,
  0x00, 0x00, 0x00, 0x00, 0x00, 0x00, 0x00, 0x00, 0x00, 0x00, 0x00, 0x00, 0x00, 0x00, 0x00, 0x00,
  0x00, 0x00, 0x00, 0x00, 0x00, 0x00, 0x00, 0x00, 0x00, 0x00, 0x00, 0x00, 0x00, 0x00, 0x00, 0x00,
  0x00, 0x00, 0x00, 0xf8, 0x00, 0x00, 0x00, 0x00, 0x00, 0x00, 0xa0, 0xaa, 0xa0, 0xaa, 0x00, 0x00,
  0x00, 0xf8, 0xa5, 0x82, 0xe2, 0x8a, 0xc4, 0x92, 0x24, 0x93, 0xe2, 0x8a, 0x03, 0x93, 0xa2, 0x82,
  0xa1, 0x82, 0x62, 0x7a, 0x00, 0x62, 0x20, 0x7a, 0x21, 0x9b, 0x82, 0x82, 0x42, 0x72, 0xa2, 0x82,
  0xa1, 0x8a, 0xc1, 0x8a, 0x02, 0x93, 0xc2, 0x8a, 0x82, 0x82, 0x43, 0x9b, 0x22, 0x93, 0x20, 0x6a,
  0x21, 0x72, 0x81, 0x7a, 0xe2, 0x92, 0x81, 0x82, 0x02, 0x93, 0x02, 0x8b, 0xa1, 0x7a, 0xe1, 0x8a,
  0xc1, 0x8a, 0x02, 0x93, 0x43, 0x93, 0xe2, 0x8a, 0x43, 0x9b, 0x21, 0x72, 0x42, 0x72, 0x61, 0x72,
  0x02, 0x93, 0x23, 0x93, 0x23, 0x93, 0xe3, 0x8a, 0x02, 0x8b, 0xa1, 0x82, 0x82, 0x82, 0xa1, 0x82,
  0x02, 0x93, 0x81, 0x7a, 0x62, 0x7a, 0x82, 0x7a, 0x03, 0xb4, 0xc5, 0xa3, 0x8d, 0xdd, 0x63, 0xa3,
  0x01, 0x72, 0x84, 0x9b, 0xa2, 0x72, 0x62, 0x72, 0x62, 0x72, 0xe4, 0x8a, 0x84, 0x7a, 0xe4, 0x82,
  0x23, 0x93, 0x41, 0x72, 0x27, 0xb4, 0x04, 0x83, 0xe1, 0x61, 0xa3, 0x82, 0xa3, 0x7a, 0xe3, 0x82,
  0x04, 0x93, 0x44, 0x93, 0x24, 0x93, 0x04, 0x8b, 0x03, 0x8b, 0x22, 0x72, 0xa3, 0x82, 0xe2, 0x8a,
  0xa4, 0x7a, 0xc4, 0x82, 0xc3, 0x82, 0xa3, 0x7a, 0xa3, 0x7a, 0x45, 0x9b, 0x46, 0x93, 0x65, 0x9b,
  0x87, 0x8b, 0x45, 0x93, 0x45, 0x93, 0x04, 0x9b, 0x87, 0x8b, 0x65, 0x9b, 0x04, 0x9b, 0x64, 0x93,
  0x26, 0x9b, 0x05, 0x84, 0x26, 0x9b, 0x00, 0x00, 0x00, 0xf8, 0x00, 0x00, 0x00, 0x00, 0x00, 0x00,
  0x00, 0x00, 0x00, 0x00, 0x00, 0x00, 0x00, 0x00, 0x00, 0x00, 0x00, 0x84, 0x00, 0x84, 0x00, 0x00,
  0x00, 0x00, 0x00, 0x84, 0x08, 0x84, 0x00, 0xf8, 0x00, 0x00, 0x00, 0x00, 0x00, 0x00, 0x00, 0x00,
  0x00, 0x00, 0x00, 0x00, 0x00, 0x00, 0x00, 0x00, 0x00, 0x00, 0x00, 0x00, 0x00, 0x00, 0x00, 0x00,
  0x00, 0x00, 0x00, 0x00, 0x00, 0x00, 0x00, 0x00, 0x00, 0x00, 0x00, 0x00, 0x00, 0x00, 0x00, 0x00,
  0x00, 0x00, 0x00, 0x00, 0x00, 0x00, 0x00, 0x00, 0x00, 0x00, 0x00, 0x00, 0x00, 0x00, 0x00, 0x00,
  0x00, 0x00, 0x00, 0x00, 0x00, 0x00, 0x00, 0x00, 0x00, 0x00, 0x00, 0x00, 0x00, 0x00, 0x00, 0x00,
  0x00, 0x00, 0x00, 0x00, 0x00, 0x00, 0x00, 0x00, 0x00, 0x00, 0x00, 0x00, 0x00, 0x00, 0x00, 0x00,
  0x00, 0x00, 0x00, 0x00, 0x00, 0x00, 0x00, 0x00, 0x00, 0x00, 0x00, 0x00, 0x00, 0x00, 0x00, 0x00,
  0x00, 0x00, 0x00, 0x00, 0x00, 0x00, 0x00, 0x00, 0x00, 0x00, 0x00, 0x00, 0x00, 0x00, 0x00, 0x00,
  0x00, 0x00, 0x00, 0x00, 0x00, 0x00, 0x00, 0x00, 0x00, 0x00, 0x00, 0x00, 0x00, 0x00, 0x00, 0x00,
  0x00, 0x00, 0x00, 0x00, 0x00, 0x00, 0x00, 0x00, 0x00, 0x00, 0x00, 0x00, 0x00, 0x00, 0xa0, 0xaa,
  0x00, 0x84, 0x00, 0x84, 0x00, 0x00, 0x00, 0x00, 0x26, 0x9b, 0xa5, 0x82, 0x00, 0x84, 0xa0, 0xaa,
  0x00, 0x84, 0x00, 0x84, 0xa0, 0xaa, 0x45, 0x93, 0xc4, 0x92, 0x04, 0x8b, 0x03, 0x93, 0xa2, 0x82,
  0x62, 0x7a, 0x40, 0x7a, 0x80, 0x8a, 0xe1, 0x92, 0xa2, 0xbb, 0x83, 0x7a, 0x42, 0x7a, 0xc2, 0x82,
  0x81, 0x82, 0x61, 0x7a, 0x80, 0x7a, 0xc2, 0x8a, 0xa2, 0x82, 0x02, 0x93, 0x01, 0x6a, 0x00, 0x6a,
  0x41, 0x72, 0xa2, 0x82, 0x23, 0x9b, 0xc1, 0x8a, 0xc2, 0x8a, 0xa2, 0x82, 0x21, 0x72, 0x42, 0x9b,
  0x42, 0x9b, 0xe2, 0x8a, 0x22, 0x9b, 0x02, 0x93, 0x23, 0x93, 0x62, 0x72, 0x21, 0x6a, 0x21, 0x6a,
  0xc2, 0x8a, 0x02, 0x8b, 0x23, 0x93, 0x43, 0x9b, 0xe2, 0x92, 0x61, 0x7a, 0x82, 0x7a, 0x81, 0x7a,
  0xe2, 0x8a, 0x22, 0x93, 0xa2, 0x82, 0x81, 0x7a, 0xa2, 0x7a, 0x01, 0x62, 0x45, 0x9b, 0x83, 0xab,
  0xe3, 0x8a, 0xc6, 0x9b, 0x44, 0x93, 0xc3, 0x82, 0xc3, 0x82, 0xe3, 0x8a, 0x21, 0x72, 0xa3, 0x82,
  0x24, 0x93, 0xc2, 0x82, 0x81, 0x82, 0x61, 0x72, 0x41, 0x72, 0x43, 0x93, 0xc3, 0x82, 0x44, 0x93,
  0x44, 0x93, 0x44, 0x93, 0x44, 0x93, 0x24, 0x9b, 0x64, 0x9b, 0x45, 0x93, 0x24, 0x93, 0x24, 0x93,
  0x65, 0x93, 0x04, 0x9b, 0x24, 0x93, 0x04, 0x93, 0x24, 0x93, 0x65, 0x93, 0x00, 0x84, 0x45, 0x93,
  0xaa, 0xaa, 0x04, 0x9b, 0x45, 0x93, 0x00, 0xf8, 0x04, 0x9b, 0x45, 0x93, 0x05, 0xac, 0x26, 0x9b,
  0x64, 0x93, 0x00, 0x00, 0x00, 0xf8, 0x00, 0x00, 0x08, 0x9b, 0x00, 0x00, 0x00, 0x00, 0x00, 0x00,
  0x00, 0x00, 0x00, 0x00, 0x00, 0x00, 0x00, 0x00, 0x00, 0x00, 0x00, 0x84, 0xaa, 0xaa, 0x00, 0x00,
  0x00, 0x00, 0x00, 0xf8, 0x00, 0x00, 0x00, 0x00, 0x00, 0x00, 0x00, 0x00, 0x00, 0x00, 0x00, 0x00,
  0x00, 0x00, 0x00, 0x00, 0x00, 0x00, 0x00, 0x00, 0x00, 0xf8, 0x00, 0x00, 0x00, 0x00, 0x00, 0xf8,
  0x00, 0x00, 0x00, 0x00, 0x00, 0x00, 0x00, 0x00, 0x00, 0x00, 0x00, 0x00, 0x00, 0x00, 0x00, 0x00,
  0x00, 0x00, 0x00, 0x00, 0x00, 0x00, 0x00, 0x00, 0x00, 0x00, 0x00, 0x00, 0x00, 0x00, 0x00, 0x00,
  0x00, 0x00, 0x00, 0x00, 0x00, 0x00, 0x00, 0x00, 0x00, 0x00, 0x00, 0x00, 0x00, 0x00, 0x00, 0x00,
  0x00, 0x00, 0x00, 0x00, 0x00, 0x00, 0x00, 0x00, 0x00, 0x00, 0x00, 0x00, 0x00, 0x00, 0x00, 0x00,
  0x00, 0x00, 0x00, 0x00, 0x00, 0x00, 0x00, 0x00, 0x00, 0x00, 0x00, 0x00, 0x00, 0x00, 0x00, 0x00,
  0x00, 0x00, 0x00, 0x00, 0x00, 0x00, 0x00, 0x00, 0x00, 0x00, 0x00, 0x00, 0x00, 0x00, 0x00, 0x00,
  0x00, 0x00, 0x00, 0x00, 0x00, 0x00, 0x00, 0x00, 0x00, 0x00, 0x00, 0x00, 0x00, 0x00, 0x00, 0x00,
  0x00, 0x00, 0x00, 0x00, 0x00, 0x00, 0x00, 0x00, 0x00, 0x00, 0x00, 0x00, 0x00, 0x00, 0x00, 0x00,
  0x00, 0x00, 0x00, 0x00, 0x00, 0x00, 0x00, 0x00, 0xa3, 0x8a, 0x64, 0x93, 0x00, 0x84, 0x26, 0x9b,
  0x00, 0x84, 0xa5, 0x82, 0xa0, 0xaa, 0xa5, 0x82, 0xa3, 0x8a, 0xe2, 0x8a, 0xc2, 0x8a, 0x82, 0x7a,
  0x41, 0x7a, 0x41, 0xab, 0xe0, 0x92, 0xe2, 0x8a, 0x42, 0xa3, 0x83, 0x7a, 0xa2, 0x82, 0xa2, 0x82,
  0x62, 0x7a, 0x41, 0x7a, 0xc1, 0x8a, 0xe2, 0x8a, 0x82, 0x82, 0x02, 0x8b, 0x01, 0x6a, 0x01, 0x62,
  0x02, 0x93, 0x02, 0x93, 0x02, 0x93, 0xc1, 0x8a, 0xe2, 0x8a, 0xc1, 0x82, 0xe1, 0x8a, 0x83, 0xa3,
  0xc2, 0x8a, 0xa2, 0x82, 0x43, 0x9b, 0x02, 0x93, 0x23, 0x93, 0x03, 0x8b, 0x02, 0x8b, 0xe3, 0x82,
  0x23, 0x93, 0x02, 0x93, 0x43, 0x9b, 0x63, 0xa3, 0xe2, 0x8a, 0xc2, 0x8a, 0xc2, 0x82, 0x02, 0x8b,
  0x03, 0x8b, 0x81, 0x7a, 0x21, 0x6a, 0x21, 0x6a, 0x42, 0x6a, 0x21, 0x72, 0x21, 0x72, 0x02, 0x8b,
  0x03, 0x8b, 0x23, 0x8b, 0xc5, 0x9b, 0x03, 0x8b, 0x24, 0x8b, 0x64, 0x9b, 0xa2, 0x82, 0x43, 0x93,
  0x84, 0x9b, 0xa5, 0x9b, 0x83, 0x9b, 0x44, 0x93, 0x23, 0x8b, 0x85, 0x9b, 0x24, 0x8b, 0xa5, 0x93,
  0x64, 0x93, 0x84, 0x8b, 0x05, 0xac, 0x26, 0x9b, 0x45, 0x93, 0x65, 0x93, 0xa4, 0x9b, 0x45, 0x93,
  0x25, 0x93, 0x44, 0x93, 0x45, 0x93, 0xa5, 0x93, 0x86, 0x9b, 0x86, 0x9b, 0x08, 0x84, 0x26, 0x9b,
  0x00, 0x00, 0x26, 0x9b, 0x04, 0x9b, 0x00, 0x00, 0x00, 0x00, 0x00, 0x00, 0xaa, 0xaa, 0xaa, 0xaa,
  0x00, 0xf8, 0x00, 0x00, 0x00, 0x00, 0x00, 0xf8, 0x00, 0x00, 0x00, 0x00, 0x00, 0x00, 0x00, 0x00,
  0x00, 0x00, 0x00, 0x00, 0x00, 0x00, 0x00, 0x00, 0x00, 0xf8, 0x00, 0xf8, 0x00, 0xf8, 0x00, 0x00,
  0x00, 0x00, 0x00, 0x00, 0x00, 0x00, 0x00, 0x00, 0x00, 0x00, 0x00, 0x00, 0x00, 0x00, 0x00, 0x00,
  0x00, 0x00, 0x00, 0xf8, 0x00, 0x00, 0x00, 0x00, 0x00, 0x00, 0x00, 0x00, 0x00, 0x00, 0x00, 0x00,
  0x00, 0x00, 0x00, 0x00, 0x00, 0x00, 0x00, 0x00, 0x00, 0x00, 0x00, 0x00, 0x00, 0x00, 0x00, 0x00,
  0x00, 0x00, 0x00, 0x00, 0x00, 0x00, 0x00, 0x00, 0x00, 0x00, 0x00, 0x00, 0x00, 0x00, 0x00, 0x00,
  0x00, 0x00, 0x00, 0x00, 0x00, 0x00, 0x00, 0x00, 0x00, 0x00, 0x00, 0x00, 0x00, 0x00, 0x00, 0x00,
  0x00, 0x00, 0x00, 0x00, 0x00, 0x00, 0x00, 0x00, 0x00, 0x00, 0x00, 0x00, 0x00, 0x00, 0x00, 0x00,
  0x00, 0x00, 0x00, 0x00, 0x00, 0x00, 0x00, 0x00, 0x00, 0x00, 0x00, 0x00, 0x00, 0x00, 0x00, 0x00,
  0x00, 0x00, 0x00, 0x00, 0x00, 0x00, 0x00, 0x00, 0x00, 0x00, 0x00, 0x00, 0x00, 0x00, 0x00, 0x00,
  0x00, 0x00, 0x01, 0x00, 0x00, 0x00, 0x00, 0x00, 0x00, 0x00, 0x00, 0x00, 0x00, 0x00, 0x00, 0x00,
  0x00, 0x00, 0x01, 0x00, 0x00, 0x00, 0x00, 0x00, 0x00, 0x00, 0x01, 0x00, 0x01, 0x00, 0x00, 0x00,
  0x00, 0x00, 0x00, 0x00, 0x00, 0x00, 0x01, 0x00, 0x00, 0x00, 0x01, 0x00, 0x02, 0x03, 0x05, 0x0b,
  0x04, 0x06, 0x03, 0x00, 0x00, 0x00, 0x00, 0x00, 0x00, 0x00, 0x00, 0x00, 0x01, 0x00, 0x00, 0x00,
  0x00, 0x00, 0x01, 0x00, 0x00, 0x00, 0x00, 0x00, 0x00, 0x00, 0x00, 0x00, 0x00, 0x00, 0x00, 0x00,
  0x00, 0x00, 0x00, 0x00, 0x00, 0x00, 0x00, 0x00, 0x00, 0x00, 0x00, 0x00, 0x00, 0x00, 0x00, 0x00,
  0x00, 0x00, 0x00, 0x00, 0x00, 0x00, 0x00, 0x00, 0x00, 0x00, 0x00, 0x00, 0x00, 0x00, 0x00, 0x00,
  0x00, 0x00, 0x00, 0x00, 0x00, 0x00, 0x00, 0x00, 0x00, 0x00, 0x00, 0x00, 0x00, 0x00, 0x00, 0x00,
  0x00, 0x00, 0x00, 0x00, 0x00, 0x00, 0x00, 0x00, 0x00, 0x00, 0x00, 0x00, 0x00, 0x00, 0x00, 0x00,
  0x00, 0x00, 0x00, 0x00, 0x00, 0x00, 0x00, 0x00, 0x00, 0x00, 0x00, 0x00, 0x00, 0x00, 0x00, 0x00,
  0x00, 0x00, 0x00, 0x00, 0x00, 0x00, 0x00, 0x00, 0x00, 0x00, 0x00, 0x00, 0x00, 0x00, 0x00, 0x00,
  0x00, 0x00, 0x00, 0x00, 0x00, 0x00, 0x00, 0x00, 0x00, 0x00, 0x00, 0x00, 0x00, 0x00, 0x00, 0x00,
  0x00, 0x00, 0x00, 0x00, 0x00, 0x00, 0x00, 0x00, 0x00, 0x00, 0x00, 0x01, 0x01, 0x00, 0x00, 0x00,
  0x00, 0x00, 0x00, 0x00, 0x00, 0x00, 0x00, 0x00, 0x00, 0x00, 0x00, 0x00, 0x00, 0x00, 0x00, 0x00,
  0x00, 0x00, 0x00, 0x01, 0x00, 0x00, 0x00, 0x00, 0x00, 0x00, 0x00, 0x00, 0x00, 0x00, 0x00, 0x00,
  0x00, 0x00, 0x00, 0x00, 0x04, 0x06, 0x18, 0x15, 0x06, 0x10, 0x01, 0x00, 0x00, 0x00, 0x00, 0x00,
  0x00, 0x00, 0x00, 0x00, 0x00, 0x00, 0x00, 0x00, 0x00, 0x00, 0x00, 0x00, 0x00, 0x00, 0x00, 0x00,
  0x00, 0x00, 0x00, 0x00, 0x00, 0x00, 0x00, 0x00, 0x00, 0x00, 0x00, 0x00, 0x00, 0x00, 0x00, 0x00,
  0x00, 0x00, 0x00, 0x00, 0x00, 0x00, 0x00, 0x00, 0x00, 0x00, 0x00, 0x00, 0x00, 0x00, 0x00, 0x00,
  0x00, 0x00, 0x00, 0x00, 0x00, 0x00, 0x00, 0x00, 0x00, 0x00, 0x00, 0x00, 0x00, 0x00, 0x00, 0x00,
  0x00, 0x00, 0x00, 0x00, 0x00, 0x00, 0x00, 0x00, 0x00, 0x00, 0x00, 0x00, 0x00, 0x00, 0x00, 0x00,
  0x00, 0x00, 0x00, 0x00, 0x00, 0x00, 0x00, 0x00, 0x00, 0x00, 0x00, 0x00, 0x00, 0x00, 0x00, 0x00,
  0x00, 0x00, 0x00, 0x00, 0x00, 0x00, 0x00, 0x00, 0x00, 0x00, 0x00, 0x00, 0x00, 0x00, 0x00, 0x00,
  0x00, 0x00, 0x00, 0x00, 0x00, 0x00, 0x00, 0x00, 0x00, 0x00, 0x00, 0x00, 0x00, 0x00, 0x00, 0x00,
  0x00, 0x00, 0x00, 0x00, 0x00, 0x00, 0x00, 0x00, 0x00, 0x00, 0x00, 0x00, 0x00, 0x00, 0x00, 0x00,
  0x00, 0x00, 0x00, 0x00, 0x00, 0x00, 0x00, 0x00, 0x00, 0x00, 0x00, 0x00, 0x00, 0x00, 0x00, 0x00,
  0x00, 0x00, 0x00, 0x00, 0x00, 0x00, 0x00, 0x01, 0x00, 0x00, 0x00, 0x00, 0x00, 0x00, 0x00, 0x00,
  0x00, 0x00, 0x00, 0x00, 0x00, 0x01, 0x00, 0x01, 0x00, 0x00, 0x00, 0x00, 0x06, 0x18, 0x43, 0x4f,
  0x26, 0x2d, 0x0f, 0x02, 0x02, 0x00, 0x00, 0x00, 0x00, 0x00, 0x00, 0x00, 0x00, 0x00, 0x00, 0x00,
  0x00, 0x00, 0x00, 0x00, 0x00, 0x00, 0x00, 0x00, 0x00, 0x00, 0x00, 0x00, 0x00, 0x00, 0x00, 0x00,
  0x00, 0x00, 0x00, 0x00, 0x00, 0x00, 0x00, 0x00, 0x00, 0x00, 0x00, 0x00, 0x00, 0x00, 0x00, 0x00,
  0x00, 0x00, 0x00, 0x00, 0x00, 0x00, 0x00, 0x00, 0x00, 0x00, 0x00, 0x00, 0x00, 0x00, 0x00, 0x00,
  0x00, 0x00, 0x00, 0x00, 0x00, 0x00, 0x00, 0x00, 0x00, 0x00, 0x00, 0x00, 0x00, 0x00, 0x00, 0x00,
  0x00, 0x00, 0x00, 0x00, 0x00, 0x00, 0x00, 0x00, 0x00, 0x00, 0x00, 0x00, 0x00, 0x00, 0x00, 0x00,
  0x00, 0x00, 0x00, 0x00, 0x00, 0x00, 0x00, 0x00, 0x00, 0x00, 0x00, 0x00, 0x00, 0x00, 0x00, 0x00,
  0x00, 0x00, 0x00, 0x00, 0x00, 0x00, 0x00, 0x00, 0x00, 0x00, 0x00, 0x00, 0x00, 0x00, 0x00, 0x00,
  0x00, 0x00, 0x00, 0x00, 0x00, 0x00, 0x00, 0x00, 0x00, 0x00, 0x00, 0x00, 0x00, 0x00, 0x00, 0x00,
  0x00, 0x00, 0x00, 0x00, 0x00, 0x00, 0x00, 0x00, 0x00, 0x00, 0x00, 0x00, 0x00, 0x01, 0x00, 0x00,
  0x00, 0x00, 0x00, 0x00, 0x00, 0x00, 0x00, 0x00, 0x00, 0x00, 0x00, 0x00, 0x00, 0x01, 0x01, 0x01,
  0x00, 0x00, 0x00, 0x00, 0x00, 0x00, 0x00, 0x00, 0x00, 0x00, 0x00, 0x00, 0x00, 0x02, 0x00, 0x00,
  0x00, 0x00, 0x00, 0x00, 0x0f, 0x16, 0x46, 0x7a, 0x83, 0x67, 0x0d, 0x01, 0x0c, 0x00, 0x00, 0x00,
  0x00, 0x00, 0x00, 0x00, 0x00, 0x01, 0x00, 0x00, 0x00, 0x00, 0x00, 0x00, 0x01, 0x00, 0x00, 0x00,
  0x00, 0x00, 0x00, 0x00, 0x00, 0x00, 0x00, 0x00, 0x00, 0x00, 0x00, 0x00, 0x00, 0x00, 0x00, 0x00,
  0x00, 0x00, 0x00, 0x00, 0x00, 0x00, 0x00, 0x00, 0x00, 0x00, 0x00, 0x00, 0x00, 0x00, 0x00, 0x00,
  0x00, 0x00, 0x00, 0x00, 0x00, 0x00, 0x00, 0x00, 0x00, 0x00, 0x00, 0x00, 0x00, 0x00, 0x00, 0x00,
  0x00, 0x00, 0x00, 0x00, 0x00, 0x00, 0x00, 0x00, 0x00, 0x00, 0x00, 0x00, 0x00, 0x00, 0x00, 0x00,
  0x00, 0x00, 0x00, 0x00, 0x00, 0x00, 0x00, 0x00, 0x00, 0x00, 0x00, 0x00, 0x00, 0x00, 0x00, 0x00,
  0x00, 0x00, 0x00, 0x00, 0x00, 0x00, 0x00, 0x00, 0x00, 0x00, 0x00, 0x00, 0x00, 0x00, 0x00, 0x00,
  0x00, 0x00, 0x00, 0x00, 0x00, 0x00, 0x00, 0x00, 0x00, 0x00, 0x00, 0x00, 0x00, 0x00, 0x00, 0x00,
  0x00, 0x00, 0x00, 0x00, 0x00, 0x00, 0x00, 0x00, 0x00, 0x00, 0x00, 0x00, 0x00, 0x00, 0x00, 0x00,
  0x00, 0x00, 0x02, 0x00, 0x00, 0x00, 0x00, 0x00, 0x00, 0x00, 0x00, 0x00, 0x00, 0x00, 0x00, 0x00,
  0x00, 0x00, 0x01, 0x00, 0x00, 0x00, 0x01, 0x01, 0x01, 0x00, 0x00, 0x00, 0x00, 0x00, 0x00, 0x00,
  0x00, 0x00, 0x01, 0x00, 0x00, 0x00, 0x00, 0x00, 0x00, 0x00, 0x02, 0x05, 0x30, 0x87, 0x6d, 0x90,
  0x93, 0x90, 0x42, 0x00, 0x03, 0x00, 0x00, 0x00, 0x00, 0x00, 0x00, 0x00, 0x00, 0x00, 0x00, 0x00,
  0x01, 0x00, 0x00, 0x00, 0x00, 0x00, 0x00, 0x00, 0x00, 0x00, 0x00, 0x00, 0x00, 0x00, 0x00, 0x00,
  0x00, 0x00, 0x00, 0x00, 0x00, 0x00, 0x00, 0x00, 0x00, 0x00, 0x00, 0x00, 0x00, 0x00, 0x00, 0x00,
  0x00, 0x00, 0x00, 0x00, 0x00, 0x00, 0x00, 0x00, 0x00, 0x00, 0x00, 0x00, 0x00, 0x00, 0x00, 0x00,
  0x00, 0x00, 0x00, 0x00, 0x00, 0x00, 0x00, 0x00, 0x00, 0x00, 0x00, 0x00, 0x00, 0x00, 0x00, 0x00,
  0x00, 0x00, 0x00, 0x00, 0x00, 0x00, 0x00, 0x00, 0x00, 0x00, 0x00, 0x00, 0x00, 0x00, 0x00, 0x00,
  0x00, 0x00, 0x00, 0x00, 0x00, 0x00, 0x00, 0x00, 0x00, 0x00, 0x00, 0x00, 0x00, 0x00, 0x00, 0x00,
  0x00, 0x00, 0x00, 0x00, 0x00, 0x00, 0x00, 0x00, 0x00, 0x00, 0x00, 0x00, 0x00, 0x00, 0x00, 0x00,
  0x00, 0x00, 0x00, 0x00, 0x00, 0x00, 0x00, 0x00, 0x00, 0x00, 0x00, 0x00, 0x00, 0x00, 0x00, 0x00,
  0x00, 0x00, 0x00, 0x00, 0x00, 0x00, 0x00, 0x00, 0x00, 0x00, 0x03, 0x01, 0x00, 0x00, 0x00, 0x00,
  0x00, 0x00, 0x00, 0x01, 0x04, 0x00, 0x00, 0x00, 0x00, 0x00, 0x00, 0x00, 0x00, 0x03, 0x09, 0x07,
  0x02, 0x03, 0x00, 0x00, 0x00, 0x00, 0x00, 0x00, 0x00, 0x00, 0x00, 0x00, 0x00, 0x00, 0x00, 0x00,
  0x00, 0x03, 0x01, 0x0d, 0x9d, 0xd6, 0x99, 0xc3, 0x9c, 0xad, 0x3e, 0x0d, 0x0c, 0x00, 0x00, 0x00,
  0x00, 0x00, 0x00, 0x00, 0x00, 0x00, 0x00, 0x00, 0x00, 0x01, 0x00, 0x00, 0x00, 0x00, 0x00, 0x00,
  0x00, 0x00, 0x00, 0x00, 0x00, 0x00, 0x00, 0x00, 0x00, 0x00, 0x00, 0x00, 0x00, 0x00, 0x00, 0x00,
  0x00, 0x00, 0x00, 0x00, 0x00, 0x00, 0x00, 0x00, 0x00, 0x00, 0x00, 0x00, 0x00, 0x00, 0x00, 0x00,
  0x00, 0x00, 0x00, 0x00, 0x00, 0x00, 0x00, 0x00, 0x00, 0x00, 0x00, 0x00, 0x00, 0x00, 0x00, 0x00,
  0x00, 0x00, 0x00, 0x00, 0x00, 0x00, 0x00, 0x00, 0x00, 0x00, 0x00, 0x00, 0x00, 0x00, 0x00, 0x00,
  0x00, 0x00, 0x00, 0x00, 0x00, 0x00, 0x00, 0x00, 0x00, 0x00, 0x00, 0x00, 0x00, 0x00, 0x00, 0x00,
  0x00, 0x00, 0x00, 0x00, 0x00, 0x00, 0x00, 0x00, 0x00, 0x00, 0x00, 0x00, 0x00, 0x00, 0x00, 0x00,
  0x00, 0x00, 0x00, 0x00, 0x00, 0x00, 0x00, 0x00, 0x00, 0x00, 0x00, 0x00, 0x00, 0x00, 0x00, 0x00,
  0x00, 0x00, 0x00, 0x00, 0x00, 0x00, 0x00, 0x00, 0x00, 0x00, 0x00, 0x00, 0x00, 0x00, 0x00, 0x00,
  0x00, 0x00, 0x01, 0x01, 0x00, 0x00, 0x00, 0x00, 0x00, 0x00, 0x00, 0x00, 0x03, 0x00, 0x00, 0x00,
  0x00, 0x00, 0x00, 0x00, 0x00, 0x25, 0x7d, 0x1c, 0x02, 0x00, 0x01, 0x00, 0x00, 0x00, 0x00, 0x00,
  0x00, 0x00, 0x00, 0x00, 0x00, 0x00, 0x00, 0x00, 0x00, 0x00, 0x03, 0x1d, 0xd4, 0xe6, 0xf1, 0xe1,
  0xdc, 0xe8, 0xba, 0x20, 0x0e, 0x00, 0x00, 0x00, 0x00, 0x00, 0x00, 0x01, 0x00, 0x00, 0x00, 0x00,
  0x00, 0x00, 0x00, 0x00, 0x00, 0x00, 0x00, 0x00, 0x00, 0x00, 0x00, 0x00, 0x00, 0x00, 0x00, 0x00,
  0x00, 0x00, 0x00, 0x00, 0x00, 0x00, 0x00, 0x00, 0x00, 0x00, 0x00, 0x00, 0x00, 0x00, 0x00, 0x00,
  0x00, 0x00, 0x00, 0x00, 0x00, 0x00, 0x00, 0x00, 0x00, 0x00, 0x00, 0x00, 0x00, 0x00, 0x00, 0x00,
  0x00, 0x00, 0x00, 0x00, 0x00, 0x00, 0x00, 0x00, 0x00, 0x00, 0x00, 0x00, 0x00, 0x00, 0x00, 0x00,
  0x00, 0x00, 0x00, 0x00, 0x00, 0x00, 0x00, 0x00, 0x00, 0x00, 0x00, 0x00, 0x00, 0x00, 0x00, 0x00,
  0x00, 0x00, 0x00, 0x00, 0x00, 0x00, 0x00, 0x00, 0x00, 0x00, 0x00, 0x00, 0x00, 0x00, 0x00, 0x00,
  0x00, 0x00, 0x00, 0x00, 0x00, 0x00, 0x00, 0x00, 0x00, 0x00, 0x00, 0x00, 0x00, 0x00, 0x00, 0x00,
  0x00, 0x00, 0x00, 0x00, 0x00, 0x00, 0x00, 0x00, 0x00, 0x00, 0x00, 0x00, 0x00, 0x00, 0x00, 0x00,
  0x00, 0x00, 0x00, 0x00, 0x00, 0x00, 0x00, 0x00, 0x00, 0x00, 0x00, 0x00, 0x00, 0x00, 0x00, 0x00,
  0x00, 0x00, 0x00, 0x00, 0x00, 0x00, 0x00, 0x00, 0x00, 0x00, 0x00, 0x00, 0x00, 0x00, 0x02, 0x04,
  0x0a, 0x06, 0x00, 0x00, 0x00, 0x00, 0x00, 0x00, 0x00, 0x00, 0x00, 0x00, 0x00, 0x00, 0x00, 0x00,
  0x00, 0x00, 0x00, 0x03, 0x31, 0xc5, 0xee, 0xed, 0xe0, 0xec, 0xa9, 0x17, 0x07, 0x00, 0x00, 0x00,
  0x00, 0x00, 0x00, 0x00, 0x00, 0x00, 0x00, 0x00, 0x00, 0x00, 0x00, 0x00, 0x00, 0x00, 0x00, 0x00,
  0x00, 0x00, 0x00, 0x00, 0x00, 0x00, 0x00, 0x00, 0x00, 0x00, 0x00, 0x00, 0x00, 0x00, 0x00, 0x00,
  0x00, 0x00, 0x00, 0x00, 0x00, 0x00, 0x00, 0x00, 0x00, 0x00, 0x00, 0x00, 0x00, 0x00, 0x00, 0x00,
  0x00, 0x00, 0x00, 0x00, 0x00, 0x00, 0x00, 0x00, 0x00, 0x00, 0x00, 0x00, 0x00, 0x00, 0x00, 0x00,
  0x00, 0x00, 0x00, 0x00, 0x00, 0x00, 0x00, 0x00, 0x00, 0x00, 0x00, 0x00, 0x00, 0x00, 0x00, 0x00,
  0x00, 0x00, 0x00, 0x00, 0x00, 0x00, 0x00, 0x00, 0x00, 0x00, 0x00, 0x00, 0x00, 0x00, 0x00, 0x00,
  0x00, 0x00, 0x00, 0x00, 0x00, 0x00, 0x00, 0x00, 0x00, 0x00, 0x00, 0x00, 0x00, 0x00, 0x00, 0x00,
  0x00, 0x00, 0x00, 0x00, 0x00, 0x00, 0x00, 0x00, 0x00, 0x00, 0x00, 0x00, 0x00, 0x00, 0x00, 0x00,
  0x00, 0x00, 0x00, 0x00, 0x00, 0x00, 0x00, 0x00, 0x00, 0x00, 0x00, 0x00, 0x00, 0x00, 0x00, 0x00,
  0x00, 0x00, 0x00, 0x00, 0x00, 0x00, 0x00, 0x00, 0x00, 0x00, 0x00, 0x00, 0x00, 0x00, 0x00, 0x00,
  0x00, 0x00, 0x00, 0x00, 0x00, 0x00, 0x05, 0x2d, 0xae, 0x57, 0x00, 0x00, 0x01, 0x00, 0x00, 0x00,
  0x00, 0x00, 0x00, 0x00, 0x02, 0x00, 0x00, 0x00, 0x00, 0x00, 0x00, 0x01, 0x08, 0xf0, 0xf7, 0xed,
  0xf0, 0xef, 0xc7, 0x20, 0x00, 0x00, 0x00, 0x00, 0x00, 0x00, 0x00, 0x00, 0x00, 0x00, 0x00, 0x00,
  0x00, 0x00, 0x00, 0x00, 0x00, 0x00, 0x00, 0x00, 0x00, 0x00, 0x00, 0x00, 0x00, 0x00, 0x00, 0x00,
  0x00, 0x00, 0x00, 0x00, 0x00, 0x00, 0x00, 0x00, 0x00, 0x00, 0x00, 0x00, 0x00, 0x00, 0x00, 0x00,
  0x00, 0x00, 0x00, 0x00, 0x00, 0x00, 0x00, 0x00, 0x00, 0x00, 0x00, 0x00, 0x00, 0x00, 0x00, 0x00,
  0x00, 0x00, 0x00, 0x00, 0x00, 0x00, 0x00, 0x00, 0x00, 0x00, 0x00, 0x00, 0x00, 0x00, 0x00, 0x00,
  0x00, 0x00, 0x00, 0x00, 0x00, 0x00, 0x00, 0x00, 0x00, 0x00, 0x00, 0x00, 0x00, 0x00, 0x00, 0x00,
  0x00, 0x00, 0x00, 0x00, 0x00, 0x00, 0x00, 0x00, 0x00, 0x00, 0x00, 0x00, 0x00, 0x00, 0x00, 0x00,
  0x00, 0x00, 0x00, 0x00, 0x00, 0x00, 0x00, 0x00, 0x00, 0x00, 0x00, 0x00, 0x00, 0x00, 0x00, 0x00,
  0x00, 0x00, 0x00, 0x00, 0x00, 0x00, 0x00, 0x00, 0x00, 0x00, 0x00, 0x00, 0x00, 0x00, 0x00, 0x00,
  0x00, 0x00, 0x00, 0x00, 0x00, 0x00, 0x00, 0x00, 0x00, 0x00, 0x00, 0x00, 0x00, 0x00, 0x00, 0x00,
  0x00, 0x00, 0x00, 0x00, 0x00, 0x00, 0x00, 0x00, 0x00, 0x00, 0x00, 0x00, 0x00, 0x00, 0x0d, 0xbe,
  0xda, 0x80, 0x01, 0x00, 0x00, 0x00, 0x00, 0x00, 0x00, 0x00, 0x00, 0x01, 0x02, 0x00, 0x00, 0x00,
  0x00, 0x00, 0x00, 0x07, 0x01, 0xe2, 0xff, 0xe4, 0xd8, 0xe9, 0x52, 0x0d, 0x06, 0x00, 0x00, 0x00,
  0x00, 0x00, 0x00, 0x00, 0x00, 0x00, 0x00, 0x00, 0x00, 0x00, 0x00, 0x00, 0x00, 0x00, 0x00, 0x00,
  0x00, 0x00, 0x00, 0x00, 0x00, 0x00, 0x00, 0x00, 0x00, 0x00, 0x00, 0x00, 0x00, 0x00, 0x00, 0x00,
  0x00, 0x00, 0x00, 0x00, 0x00, 0x00, 0x00, 0x00, 0x00, 0x00, 0x00, 0x00, 0x00, 0x00, 0x00, 0x00,
  0x00, 0x00, 0x00, 0x00, 0x00, 0x00, 0x00, 0x00, 0x00, 0x00, 0x00, 0x00, 0x00, 0x00, 0x00, 0x00,
  0x00, 0x00, 0x00, 0x00, 0x00, 0x00, 0x00, 0x00, 0x00, 0x00, 0x00, 0x00, 0x00, 0x00, 0x00, 0x00,
  0x00, 0x00, 0x00, 0x00, 0x00, 0x00, 0x00, 0x00, 0x00, 0x00, 0x00, 0x00, 0x00, 0x00, 0x00, 0x00,
  0x00, 0x00, 0x00, 0x00, 0x00, 0x00, 0x00, 0x00, 0x00, 0x00, 0x00, 0x00, 0x00, 0x00, 0x00, 0x00,
  0x00, 0x00, 0x00, 0x00, 0x00, 0x00, 0x00, 0x00, 0x00, 0x00, 0x00, 0x00, 0x00, 0x00, 0x00, 0x00,
  0x00, 0x00, 0x00, 0x00, 0x00, 0x00, 0x00, 0x00, 0x00, 0x00, 0x00, 0x00, 0x02, 0x00, 0x00, 0x00,
  0x00, 0x00, 0x00, 0x00, 0x00, 0x00, 0x00, 0x00, 0x00, 0x00, 0x00, 0x00, 0x01, 0x00, 0x00, 0x00,
  0x00, 0x00, 0x00, 0x00, 0x00, 0x00, 0x0e, 0x72, 0x3b, 0x10, 0x00, 0x00, 0x02, 0x00, 0x00, 0x00,
  0x00, 0x00, 0x00, 0x00, 0x01, 0x00, 0x00, 0x00, 0x00, 0x00, 0x01, 0x09, 0x0f, 0x6f, 0x9c, 0xbd,
  0xb0, 0x57, 0x03, 0x06, 0x03, 0x00, 0x00, 0x00, 0x00, 0x00, 0x00, 0x00, 0x00, 0x00, 0x00, 0x00,
  0x00, 0x00, 0x00, 0x00, 0x01, 0x00, 0x00, 0x00, 0x00, 0x00, 0x00, 0x00, 0x00, 0x00, 0x00, 0x00,
  0x00, 0x00, 0x00, 0x00, 0x00, 0x00, 0x00, 0x00, 0x00, 0x00, 0x00, 0x00, 0x00, 0x00, 0x00, 0x00,
  0x00, 0x00, 0x00, 0x00, 0x00, 0x00, 0x00, 0x00, 0x00, 0x00, 0x00, 0x00, 0x00, 0x00, 0x00, 0x00,
  0x00, 0x00, 0x00, 0x00, 0x00, 0x00, 0x00, 0x00, 0x00, 0x00, 0x00, 0x00, 0x00, 0x00, 0x00, 0x00,
  0x00, 0x00, 0x00, 0x00, 0x00, 0x00, 0x00, 0x00, 0x00, 0x00, 0x00, 0x00, 0x00, 0x00, 0x00, 0x00,
  0x00, 0x00, 0x00, 0x00, 0x00, 0x00, 0x00, 0x00, 0x00, 0x00, 0x00, 0x00, 0x00, 0x00, 0x00, 0x00,
  0x00, 0x00, 0x00, 0x00, 0x00, 0x00, 0x00, 0x00, 0x00, 0x00, 0x00, 0x00, 0x00, 0x00, 0x00, 0x00,
  0x00, 0x00, 0x00, 0x00, 0x00, 0x00, 0x00, 0x00, 0x00, 0x00, 0x00, 0x00, 0x00, 0x00, 0x00, 0x00,
  0x00, 0x00, 0x00, 0x00, 0x00, 0x00, 0x00, 0x00, 0x00, 0x00, 0x00, 0x00, 0x00, 0x00, 0x00, 0x00,
  0x00, 0x00, 0x00, 0x00, 0x00, 0x00, 0x00, 0x00, 0x00, 0x00, 0x00, 0x00, 0x00, 0x05, 0x12, 0x00,
  0x00, 0x00, 0x00, 0x00, 0x00, 0x00, 0x00, 0x00, 0x00, 0x00, 0x00, 0x00, 0x00, 0x00, 0x00, 0x00,
  0x00, 0x00, 0x04, 0x07, 0x22, 0x12, 0x28, 0x2f, 0x1f, 0x10, 0x02, 0x02, 0x02, 0x00, 0x00, 0x00,
  0x00, 0x00, 0x00, 0x00, 0x00, 0x00, 0x00, 0x00, 0x00, 0x00, 0x00, 0x00, 0x00, 0x00, 0x00, 0x00,
  0x00, 0x00, 0x00, 0x00, 0x00, 0x00, 0x00, 0x00, 0x00, 0x00, 0x00, 0x00, 0x00, 0x00, 0x00, 0x00,
  0x00, 0x00, 0x00, 0x00, 0x00, 0x00, 0x00, 0x00, 0x00, 0x00, 0x00, 0x00, 0x00, 0x00, 0x00, 0x00,
  0x00, 0x00, 0x00, 0x00, 0x00, 0x00, 0x00, 0x00, 0x00, 0x00, 0x00, 0x00, 0x00, 0x00, 0x00, 0x00,
  0x00, 0x00, 0x00, 0x00, 0x00, 0x00, 0x00, 0x00, 0x00, 0x00, 0x00, 0x00, 0x00, 0x00, 0x00, 0x00,
  0x00, 0x00, 0x00, 0x00, 0x00, 0x00, 0x00, 0x00, 0x00, 0x00, 0x00, 0x00, 0x00, 0x00, 0x00, 0x00,
  0x00, 0x00, 0x00, 0x00, 0x00, 0x00, 0x00, 0x00, 0x00, 0x00, 0x00, 0x00, 0x00, 0x00, 0x00, 0x00,
  0x00, 0x00, 0x00, 0x00, 0x00, 0x00, 0x00, 0x00, 0x00, 0x00, 0x00, 0x00, 0x00, 0x00, 0x00, 0x00,
  0x00, 0x00, 0x00, 0x00, 0x00, 0x00, 0x00, 0x00, 0x00, 0x00, 0x00, 0x00, 0x00, 0x00, 0x00, 0x00,
  0x00, 0x00, 0x00, 0x00, 0x00, 0x00, 0x00, 0x00, 0x00, 0x00, 0x00, 0x00, 0x00, 0x00, 0x00, 0x00,
  0x00, 0x00, 0x00, 0x00, 0x00, 0x05, 0x00, 0x00, 0x00, 0x00, 0x00, 0x00, 0x00, 0x00, 0x00, 0x00,
  0x00, 0x00, 0x00, 0x00, 0x00, 0x00, 0x00, 0x00, 0x00, 0x00, 0x00, 0x02, 0x1a, 0x11, 0x12, 0x16,
  0x0e, 0x08, 0x03, 0x06, 0x08, 0x00, 0x00, 0x00, 0x00, 0x00, 0x00, 0x00, 0x00, 0x00, 0x00, 0x00,
  0x00, 0x00, 0x00, 0x00, 0x00, 0x00, 0x00, 0x00, 0x00, 0x00, 0x00, 0x00, 0x00, 0x00, 0x00, 0x00,
  0x00, 0x00, 0x00, 0x00, 0x00, 0x00, 0x00, 0x00, 0x00, 0x00, 0x00, 0x00, 0x00, 0x00, 0x00, 0x00,
  0x00, 0x00, 0x00, 0x00, 0x00, 0x00, 0x00, 0x00, 0x00, 0x00, 0x00, 0x00, 0x00, 0x00, 0x00, 0x00,
  0x00, 0x00, 0x00, 0x00, 0x00, 0x00, 0x00, 0x00, 0x00, 0x00, 0x00, 0x00, 0x00, 0x00, 0x00, 0x00,
  0x00, 0x00, 0x00, 0x00, 0x00, 0x00, 0x00, 0x00, 0x00, 0x00, 0x00, 0x00, 0x00, 0x00, 0x00, 0x00,
  0x00, 0x00, 0x00, 0x00, 0x00, 0x00, 0x00, 0x00, 0x00, 0x00, 0x00, 0x00, 0x00, 0x00, 0x00, 0x00,
  0x00, 0x00, 0x00, 0x00, 0x00, 0x00, 0x00, 0x00, 0x00, 0x00, 0x00, 0x00, 0x00, 0x00, 0x00, 0x00,
  0x00, 0x00, 0x00, 0x00, 0x00, 0x00, 0x00, 0x00, 0x00, 0x00, 0x00, 0x00, 0x00, 0x00, 0x00, 0x00,
  0x00, 0x00, 0x00, 0x00, 0x00, 0x00, 0x00, 0x00, 0x00, 0x00, 0x00, 0x00, 0x00, 0x00, 0x00, 0x00,
  0x00, 0x00, 0x00, 0x00, 0x00, 0x00, 0x00, 0x00, 0x00, 0x00, 0x00, 0x00, 0x00, 0x00, 0x01, 0x00,
  0x00, 0x00, 0x02, 0x00, 0x00, 0x00, 0x00, 0x00, 0x00, 0x00, 0x00, 0x00, 0x00, 0x00, 0x00, 0x00,
  0x00, 0x00, 0x00, 0x00, 0x0e, 0x0c, 0x06, 0x04, 0x04, 0x02, 0x0b, 0x05, 0x03, 0x00, 0x00, 0x00,
  0x00, 0x00, 0x00, 0x00, 0x00, 0x00, 0x00, 0x00, 0x00, 0x00, 0x00, 0x00, 0x00, 0x00, 0x00, 0x00,
  0x00, 0x00, 0x00, 0x00, 0x00, 0x00, 0x00, 0x00, 0x00, 0x00, 0x00, 0x00, 0x00, 0x00, 0x00, 0x00,
  0x00, 0x00, 0x00, 0x00, 0x00, 0x00, 0x00, 0x00, 0x00, 0x00, 0x00, 0x00, 0x00, 0x00, 0x00, 0x00,
  0x00, 0x00, 0x00, 0x00, 0x00, 0x00, 0x00, 0x00, 0x00, 0x00, 0x00, 0x00, 0x00, 0x00, 0x00, 0x00,
  0x00, 0x00, 0x00, 0x00, 0x00, 0x00, 0x00, 0x00, 0x00, 0x00, 0x00, 0x00, 0x00, 0x00, 0x00, 0x00,
  0x00, 0x00, 0x00, 0x00, 0x00, 0x00, 0x00, 0x00, 0x00, 0x00, 0x00, 0x00, 0x00, 0x00, 0x00, 0x00,
  0x00, 0x00, 0x00, 0x00, 0x00, 0x00, 0x00, 0x00, 0x00, 0x00, 0x00, 0x00, 0x00, 0x00, 0x00, 0x00,
  0x00, 0x00, 0x00, 0x00, 0x00, 0x00, 0x00, 0x00, 0x00, 0x00, 0x00, 0x00, 0x00, 0x00, 0x00, 0x00,
  0x00, 0x00, 0x00, 0x00, 0x00, 0x00, 0x00, 0x00, 0x00, 0x00, 0x00, 0x00, 0x00, 0x00, 0x00, 0x01,
  0x00, 0x00, 0x00, 0x00, 0x00, 0x00, 0x00, 0x00, 0x00, 0x00, 0x00, 0x00, 0x00, 0x00, 0x00, 0x00,
  0x00, 0x00, 0x00, 0x00, 0x00, 0x00, 0x00, 0x00, 0x00, 0x02, 0x01, 0x00, 0x01, 0x00, 0x00, 0x03,
  0x02, 0x00, 0x01, 0x09, 0x0c, 0x00, 0x00, 0x00, 0x00, 0x00, 0x02, 0x02, 0x12, 0x00, 0x00, 0x02,
  0x00, 0x00, 0x08, 0x02, 0x04, 0x00, 0x00, 0x00, 0x00, 0x00, 0x00, 0x00, 0x00, 0x00, 0x00, 0x00,
  0x00, 0x00, 0x00, 0x00, 0x00, 0x00, 0x00, 0x00, 0x00, 0x00, 0x00, 0x00, 0x00, 0x00, 0x00, 0x00,
  0x00, 0x00, 0x00, 0x00, 0x00, 0x00, 0x00, 0x00, 0x00, 0x00, 0x00, 0x00, 0x00, 0x00, 0x00, 0x00,
  0x00, 0x00, 0x00, 0x00, 0x00, 0x00, 0x00, 0x00, 0x00, 0x00, 0x00, 0x00, 0x00, 0x00, 0x00, 0x00,
  0x00, 0x00, 0x00, 0x00, 0x00, 0x00, 0x00, 0x00, 0x00, 0x00, 0x00, 0x00, 0x00, 0x00, 0x00, 0x00,
  0x00, 0x00, 0x00, 0x00, 0x00, 0x00, 0x00, 0x00, 0x00, 0x00, 0x00, 0x00, 0x00, 0x00, 0x00, 0x00,
  0x00, 0x00, 0x00, 0x00, 0x00, 0x00, 0x00, 0x00, 0x00, 0x00, 0x00, 0x00, 0x00, 0x00, 0x00, 0x00,
  0x00, 0x00, 0x00, 0x00, 0x00, 0x00, 0x00, 0x00, 0x00, 0x00, 0x00, 0x00, 0x00, 0x00, 0x00, 0x00,
  0x00, 0x00, 0x00, 0x00, 0x00, 0x00, 0x00, 0x00, 0x00, 0x00, 0x00, 0x00, 0x00, 0x00, 0x00, 0x00,
  0x00, 0x00, 0x00, 0x00, 0x00, 0x00, 0x00, 0x00, 0x00, 0x00, 0x00, 0x00, 0x00, 0x00, 0x00, 0x00,
  0x00, 0x00, 0x00, 0x00, 0x00, 0x03, 0x01, 0x09, 0x06, 0x0a, 0x0e, 0x13, 0x0b, 0x03, 0x05, 0x01,
  0x01, 0x08, 0x00, 0x00, 0x02, 0x00, 0x04, 0x00, 0x0d, 0x05, 0x09, 0x15, 0x0a, 0x00, 0x00, 0x00,
  0x00, 0x02, 0x00, 0x00, 0x00, 0x03, 0x0c, 0x05, 0x04, 0x09, 0x08, 0x14, 0x3c, 0x01, 0x05, 0x08,
  0x02, 0x00, 0x06, 0x0b, 0x07, 0x00, 0x00, 0x00, 0x00, 0x00, 0x00, 0x07, 0x00, 0x00, 0x00, 0x00,
  0x00, 0x00, 0x00, 0x00, 0x00, 0x00, 0x00, 0x00, 0x00, 0x00, 0x00, 0x00, 0x00, 0x01, 0x01, 0x00,
  0x00, 0x00, 0x00, 0x00, 0x00, 0x00, 0x00, 0x00, 0x00, 0x00, 0x00, 0x00, 0x00, 0x00, 0x00, 0x00,
  0x00, 0x00, 0x00, 0x00, 0x00, 0x00, 0x00, 0x00, 0x00, 0x00, 0x00, 0x00, 0x00, 0x00, 0x00, 0x00,
  0x00, 0x00, 0x00, 0x00, 0x00, 0x00, 0x00, 0x00, 0x00, 0x00, 0x00, 0x00, 0x00, 0x00, 0x00, 0x00,
  0x00, 0x00, 0x00, 0x00, 0x00, 0x00, 0x00, 0x00, 0x00, 0x00, 0x00, 0x00, 0x00, 0x00, 0x00, 0x00,
  0x00, 0x00, 0x00, 0x00, 0x00, 0x00, 0x00, 0x00, 0x00, 0x00, 0x00, 0x00, 0x00, 0x00, 0x00, 0x00,
  0x00, 0x00, 0x00, 0x00, 0x00, 0x00, 0x00, 0x00, 0x00, 0x00, 0x00, 0x00, 0x00, 0x00, 0x00, 0x00,
  0x00, 0x00, 0x00, 0x00, 0x00, 0x00, 0x00, 0x00, 0x00, 0x00, 0x00, 0x00, 0x00, 0x00, 0x00, 0x00,
  0x00, 0x01, 0x00, 0x01, 0x03, 0x00, 0x00, 0x00, 0x00, 0x00, 0x00, 0x00, 0x01, 0x0b, 0x00, 0x0a,
  0x04, 0x04, 0x00, 0x0b, 0x14, 0x08, 0x05, 0x03, 0x00, 0x02, 0x04, 0x08, 0x07, 0x08, 0x06, 0x15,
  0x03, 0x11, 0x20, 0x08, 0x0f, 0x01, 0x00, 0x00, 0x00, 0x00, 0x07, 0x08, 0x02, 0x00, 0x01, 0x01,
  0x01, 0x06, 0x00, 0x01, 0x0a, 0x00, 0x00, 0x01, 0x01, 0x00, 0x04, 0x0b, 0x0b, 0x00, 0x00, 0x00,
  0x00, 0x02, 0x02, 0x04, 0x00, 0x00, 0x00, 0x00, 0x00, 0x00, 0x00, 0x00, 0x00, 0x00, 0x00, 0x00,
  0x00, 0x00, 0x00, 0x00, 0x00, 0x00, 0x00, 0x00, 0x00, 0x00, 0x00, 0x00, 0x00, 0x00, 0x00, 0x00,
  0x00, 0x00, 0x00, 0x00, 0x00, 0x00, 0x00, 0x00, 0x00, 0x00, 0x00, 0x00, 0x00, 0x00, 0x00, 0x00,
  0x00, 0x00, 0x00, 0x00, 0x00, 0x00, 0x00, 0x00, 0x00, 0x00, 0x00, 0x00, 0x00, 0x00, 0x00, 0x00,
  0x00, 0x00, 0x00, 0x00, 0x00, 0x00, 0x00, 0x00, 0x00, 0x00, 0x00, 0x00, 0x00, 0x00, 0x00, 0x00,
  0x00, 0x00, 0x00, 0x00, 0x00, 0x00, 0x00, 0x00, 0x00, 0x00, 0x00, 0x00, 0x00, 0x00, 0x00, 0x00,
  0x00, 0x00, 0x00, 0x00, 0x00, 0x00, 0x00, 0x00, 0x00, 0x00, 0x00, 0x00, 0x00, 0x00, 0x00, 0x00,
  0x00, 0x00, 0x00, 0x00, 0x00, 0x00, 0x00, 0x00, 0x00, 0x00, 0x00, 0x00, 0x00, 0x00, 0x00, 0x00,
  0x00, 0x00, 0x00, 0x00, 0x00, 0x00, 0x00, 0x00, 0x00, 0x00, 0x00, 0x00, 0x02, 0x00, 0x00, 0x00,
  0x00, 0x00, 0x00, 0x00, 0x00, 0x15, 0x07, 0x0b, 0x0b, 0x03, 0x0c, 0x16, 0x3b, 0x4a, 0x2b, 0x08,
  0x03, 0x01, 0x08, 0x09, 0x0f, 0x11, 0x1a, 0x3a, 0x0b, 0x28, 0x30, 0x16, 0x0e, 0x00, 0x00, 0x00,
  0x02, 0x02, 0x04, 0x09, 0x05, 0x00, 0x02, 0x00, 0x00, 0x01, 0x00, 0x01, 0x05, 0x00, 0x00, 0x00,
  0x00, 0x00, 0x01, 0x07, 0x07, 0x00, 0x00, 0x00, 0x00, 0x00, 0x00, 0x02, 0x00, 0x00, 0x00, 0x00,
  0x00, 0x00, 0x00, 0x00, 0x00, 0x00, 0x00, 0x00, 0x00, 0x00, 0x00, 0x00, 0x00, 0x00, 0x00, 0x00,
  0x00, 0x00, 0x00, 0x00, 0x00, 0x00, 0x00, 0x00, 0x00, 0x00, 0x00, 0x00, 0x00, 0x00, 0x00, 0x00,
  0x00, 0x00, 0x00, 0x00, 0x00, 0x00, 0x00, 0x00, 0x00, 0x00, 0x00, 0x00, 0x00, 0x00, 0x00, 0x00,
  0x00, 0x00, 0x00, 0x00, 0x00, 0x00, 0x00, 0x00, 0x00, 0x00, 0x00, 0x00, 0x00, 0x00, 0x00, 0x00,
  0x00, 0x00, 0x00, 0x00, 0x00, 0x00, 0x00, 0x00, 0x00, 0x00, 0x00, 0x00, 0x00, 0x00, 0x00, 0x00,
  0x00, 0x00, 0x00, 0x00, 0x00, 0x00, 0x00, 0x00, 0x00, 0x00, 0x00, 0x00, 0x00, 0x00, 0x00, 0x00,
  0x00, 0x00, 0x00, 0x00, 0x00, 0x00, 0x00, 0x00, 0x00, 0x00, 0x00, 0x00, 0x00, 0x00, 0x00, 0x00,
  0x00, 0x00, 0x00, 0x00, 0x00, 0x00, 0x00, 0x00, 0x00, 0x00, 0x00, 0x00, 0x01, 0x00, 0x02, 0x08,
  0x04, 0x04, 0x00, 0x01, 0x05, 0x00, 0x00, 0x00, 0x00, 0x00, 0x00, 0x00, 0x02, 0x0d, 0x1a, 0x19,
  0x0b, 0x10, 0x0f, 0x2a, 0xb7, 0x82, 0x59, 0x18, 0x00, 0x01, 0x09, 0x04, 0x06, 0x0b, 0x11, 0x17,
  0x0b, 0x23, 0x2b, 0x14, 0x0c, 0x02, 0x09, 0x00, 0x00, 0x03, 0x13, 0x10, 0x1b, 0x02, 0x05, 0x00,
  0x00, 0x00, 0x05, 0x01, 0x05, 0x00, 0x00, 0x00, 0x00, 0x00, 0x00, 0x00, 0x01, 0x00, 0x00, 0x00,
  0x00, 0x00, 0x00, 0x02, 0x00, 0x00, 0x00, 0x00, 0x00, 0x00, 0x00, 0x00, 0x00, 0x00, 0x00, 0x00,
  0x00, 0x00, 0x00, 0x00, 0x00, 0x00, 0x01, 0x00, 0x00, 0x00, 0x00, 0x00, 0x00, 0x00, 0x00, 0x00,
  0x00, 0x00, 0x00, 0x00, 0x00, 0x00, 0x00, 0x00, 0x00, 0x00, 0x00, 0x00, 0x00, 0x00, 0x00, 0x00,
  0x00, 0x00, 0x00, 0x00, 0x00, 0x00, 0x00, 0x00, 0x00, 0x00, 0x00, 0x00, 0x00, 0x00, 0x00, 0x00,
  0x00, 0x00, 0x00, 0x00, 0x00, 0x00, 0x00, 0x00, 0x00, 0x00, 0x00, 0x00, 0x00, 0x00, 0x00, 0x00,
  0x00, 0x00, 0x00, 0x00, 0x00, 0x00, 0x00, 0x00, 0x00, 0x00, 0x00, 0x00, 0x00, 0x00, 0x00, 0x00,
  0x00, 0x00, 0x00, 0x00, 0x00, 0x00, 0x00, 0x00, 0x00, 0x00, 0x00, 0x00, 0x00, 0x00, 0x00, 0x00,
  0x00, 0x00, 0x00, 0x00, 0x00, 0x00, 0x00, 0x00, 0x00, 0x00, 0x00, 0x00, 0x00, 0x00, 0x00, 0x00,
  0x00, 0x00, 0x00, 0x00, 0x00, 0x00, 0x07, 0x07, 0x07, 0x06, 0x00, 0x06, 0x1c, 0x00, 0x00, 0x00,
  0x00, 0x00, 0x01, 0x00, 0x00, 0x4e, 0x4c, 0x4e, 0x14, 0x10, 0x1c, 0x2d, 0xca, 0xaa, 0x6c, 0x59,
  0x16, 0x0a, 0x12, 0x06, 0x08, 0x0e, 0x15, 0x11, 0x17, 0x34, 0x3c, 0x10, 0x0d, 0x0f, 0x0b, 0x01,
  0x05, 0x0c, 0x41, 0x1f, 0x1f, 0x00, 0x04, 0x06, 0x02, 0x09, 0x02, 0x03, 0x09, 0x00, 0x00, 0x00,
  0x00, 0x02, 0x00, 0x00, 0x00, 0x00, 0x00, 0x00, 0x00, 0x00, 0x00, 0x00, 0x01, 0x00, 0x00, 0x00,
  0x00, 0x02, 0x03, 0x00, 0x00, 0x00, 0x00, 0x00, 0x00, 0x00, 0x00, 0x00, 0x00, 0x00, 0x00, 0x00,
  0x00, 0x00, 0x00, 0x00, 0x00, 0x00, 0x00, 0x00, 0x00, 0x00, 0x00, 0x00, 0x00, 0x00, 0x00, 0x00,
  0x00, 0x00, 0x00, 0x00, 0x00, 0x00, 0x00, 0x00, 0x00, 0x00, 0x00, 0x00, 0x00, 0x00, 0x00, 0x00,
  0x00, 0x00, 0x00, 0x00, 0x00, 0x00, 0x00, 0x00, 0x00, 0x00, 0x00, 0x00, 0x00, 0x00, 0x00, 0x00,
  0x00, 0x00, 0x00, 0x00, 0x00, 0x00, 0x00, 0x00, 0x00, 0x00, 0x00, 0x00, 0x00, 0x00, 0x00, 0x00,
  0x00, 0x00, 0x00, 0x00, 0x00, 0x00, 0x00, 0x00, 0x00, 0x00, 0x00, 0x00, 0x00, 0x00, 0x00, 0x00,
  0x00, 0x00, 0x00, 0x00, 0x00, 0x00, 0x00, 0x00, 0x00, 0x00, 0x00, 0x00, 0x00, 0x00, 0x00, 0x00,
  0x00, 0x01, 0x00, 0x00, 0x00, 0x00, 0x00, 0x01, 0x00, 0x00, 0x00, 0x00, 0x00, 0x03, 0x06, 0x0c,
  0x02, 0x00, 0x0b, 0x0b, 0x0c, 0x00, 0x00, 0x00, 0x00, 0x00, 0x00, 0x01, 0x06, 0x3f, 0x28, 0x36,
  0x1b, 0x17, 0x12, 0x31, 0xad, 0xd3, 0xd5, 0xac, 0x25, 0x1b, 0x19, 0x06, 0x0f, 0x1f, 0x2d, 0x21,
  0x2f, 0x6a, 0x2f, 0x0a, 0x15, 0x1f, 0x0f, 0x0e, 0x1b, 0x21, 0x4e, 0x4f, 0x48, 0x01, 0x05, 0x05,
  0x06, 0x07, 0x01, 0x05, 0x0a, 0x00, 0x00, 0x00, 0x04, 0x04, 0x05, 0x00, 0x00, 0x00, 0x00, 0x00,
  0x00, 0x00, 0x00, 0x00, 0x00, 0x00, 0x00, 0x00, 0x00, 0x04, 0x05, 0x00, 0x00, 0x01, 0x00, 0x00,
  0x00, 0x00, 0x02, 0x00, 0x00, 0x07, 0x01, 0x00, 0x00, 0x00, 0x00, 0x00, 0x00, 0x00, 0x00, 0x00,
  0x00, 0x00, 0x00, 0x00, 0x00, 0x00, 0x00, 0x00, 0x00, 0x00, 0x00, 0x00, 0x00, 0x00, 0x00, 0x00,
  0x00, 0x00, 0x00, 0x00, 0x00, 0x00, 0x00, 0x00, 0x00, 0x00, 0x00, 0x00, 0x00, 0x00, 0x00, 0x00,
  0x00, 0x00, 0x00, 0x00, 0x00, 0x00, 0x00, 0x00, 0x00, 0x00, 0x00, 0x00, 0x00, 0x00, 0x00, 0x00,
  0x00, 0x00, 0x00, 0x00, 0x00, 0x00, 0x00, 0x00, 0x00, 0x00, 0x00, 0x00, 0x00, 0x00, 0x00, 0x00,
  0x00, 0x00, 0x00, 0x00, 0x00, 0x00, 0x00, 0x00, 0x00, 0x00, 0x00, 0x00, 0x00, 0x00, 0x00, 0x00,
  0x00, 0x00, 0x00, 0x00, 0x00, 0x00, 0x00, 0x00, 0x00, 0x02, 0x00, 0x00, 0x00, 0x00, 0x01, 0x00,
  0x04, 0x06, 0x00, 0x00, 0x00, 0x04, 0x10, 0x1a, 0x10, 0x0a, 0x07, 0x0a, 0x08, 0x00, 0x00, 0x00,
  0x00, 0x01, 0x00, 0x00, 0x20, 0x34, 0x40, 0x62, 0x3d, 0x4d, 0x54, 0x4d, 0xa1, 0xcc, 0xc7, 0xa1,
  0x25, 0x1c, 0x13, 0x04, 0x0a, 0x42, 0x7a, 0x5e, 0x24, 0x5b, 0x3b, 0x0f, 0x31, 0x2e, 0x3b, 0x54,
  0x45, 0x29, 0x59, 0x7b, 0x70, 0x09, 0x0e, 0x15, 0x1d, 0x0e, 0x06, 0x09, 0x23, 0x04, 0x05, 0x07,
  0x0e, 0x11, 0x04, 0x00, 0x01, 0x00, 0x00, 0x00, 0x00, 0x00, 0x00, 0x00, 0x00, 0x00, 0x00, 0x00,
  0x00, 0x19, 0x13, 0x03, 0x00, 0x03, 0x00, 0x00, 0x00, 0x03, 0x00, 0x00, 0x00, 0x06, 0x00, 0x00,
  0x00, 0x00, 0x00, 0x00, 0x00, 0x00, 0x00, 0x00, 0x00, 0x00, 0x00, 0x00, 0x00, 0x00, 0x00, 0x00,
  0x00, 0x00, 0x00, 0x00, 0x00, 0x00, 0x00, 0x00, 0x00, 0x00, 0x00, 0x00, 0x00, 0x00, 0x00, 0x00,
  0x00, 0x00, 0x00, 0x00, 0x00, 0x00, 0x00, 0x00, 0x00, 0x00, 0x00, 0x00, 0x00, 0x00, 0x00, 0x00,
  0x00, 0x00, 0x00, 0x00, 0x00, 0x00, 0x00, 0x00, 0x00, 0x00, 0x00, 0x00, 0x00, 0x00, 0x00, 0x00,
  0x00, 0x00, 0x00, 0x00, 0x00, 0x00, 0x00, 0x00, 0x00, 0x00, 0x00, 0x00, 0x00, 0x00, 0x00, 0x00,
  0x00, 0x00, 0x00, 0x00, 0x00, 0x00, 0x00, 0x00, 0x00, 0x00, 0x00, 0x01, 0x00, 0x00, 0x00, 0x00,
  0x00, 0x09, 0x01, 0x00, 0x00, 0x00, 0x02, 0x0f, 0x4e, 0x6a, 0x10, 0x0c, 0x01, 0x02, 0x0f, 0x14,
  0x19, 0x0a, 0x07, 0x10, 0x05, 0x03, 0x01, 0x00, 0x00, 0x03, 0x02, 0x07, 0x3c, 0x5d, 0xb6, 0xb7,
  0x8d, 0xba, 0xb4, 0x8c, 0xd6, 0xda, 0xd5, 0x8e, 0x3c, 0x34, 0x1b, 0x0b, 0x1a, 0x88, 0x98, 0x8e,
  0x33, 0xae, 0xbb, 0x90, 0xa4, 0x62, 0x81, 0x6e, 0x3a, 0x4e, 0x7e, 0x96, 0x8c, 0x19, 0x16, 0x2c,
  0x35, 0x18, 0x09, 0x06, 0x14, 0x0f, 0x0b, 0x1b, 0x12, 0x09, 0x19, 0x0e, 0x10, 0x05, 0x00, 0x00,
  0x00, 0x02, 0x00, 0x02, 0x00, 0x01, 0x00, 0x03, 0x01, 0x70, 0x8a, 0x0a, 0x00, 0x01, 0x00, 0x00,
  0x00, 0x08, 0x03, 0x00, 0x00, 0x0c, 0x00, 0x00, 0x00, 0x00, 0x00, 0x00, 0x00, 0x00, 0x00, 0x00,
  0x00, 0x00, 0x00, 0x00, 0x00, 0x00, 0x00, 0x00, 0x00, 0x00, 0x00, 0x00, 0x00, 0x00, 0x00, 0x00,
  0x00, 0x00, 0x00, 0x00, 0x00, 0x00, 0x00, 0x00, 0x00, 0x00, 0x00, 0x00, 0x00, 0x00, 0x00, 0x00,
  0x00, 0x00, 0x00, 0x00, 0x00, 0x00, 0x00, 0x00, 0x00, 0x00, 0x00, 0x00, 0x00, 0x00, 0x00, 0x00,
  0x00, 0x00, 0x00, 0x00, 0x00, 0x00, 0x00, 0x00, 0x00, 0x00, 0x00, 0x00, 0x00, 0x00, 0x00, 0x00,
  0x00, 0x00, 0x00, 0x01, 0x00, 0x04, 0x00, 0x00, 0x02, 0x00, 0x00, 0x05, 0x07, 0x00, 0x00, 0x00,
  0x00, 0x00, 0x00, 0x01, 0x03, 0x04, 0x01, 0x00, 0x00, 0x03, 0x00, 0x01, 0x02, 0x06, 0x04, 0x1d,
  0x1b, 0x25, 0x66, 0x0a, 0x17, 0x0e, 0x06, 0x09, 0x07, 0x08, 0x06, 0x07, 0x13, 0x04, 0x04, 0x05,
  0x05, 0x08, 0x12, 0x0e, 0x1a, 0x7c, 0x6a, 0x7b, 0x1c, 0x30, 0x4a, 0x46, 0xb6, 0xd1, 0xb9, 0x80,
  0x4b, 0x30, 0x55, 0x30, 0x18, 0x15, 0x1f, 0x3a, 0x2a, 0xb3, 0xa7, 0xc4, 0x9a, 0x35, 0x1f, 0x17,
  0x0e, 0x19, 0x27, 0x33, 0x33, 0x1b, 0x14, 0x0a, 0x34, 0x93, 0x2a, 0x0c, 0x28, 0x13, 0x0b, 0x0b,
  0x02, 0x00, 0x0e, 0x08, 0x09, 0x09, 0x01, 0x01, 0x00, 0x00, 0x01, 0x03, 0x04, 0x0c, 0x18, 0x10,
  0x10, 0x96, 0xf9, 0x8a, 0x13, 0x01, 0x00, 0x00, 0x00, 0x00, 0x00, 0x02, 0x00, 0x02, 0x00, 0x00,
  0x00, 0x00, 0x00, 0x00, 0x00, 0x00, 0x01, 0x00, 0x00, 0x00, 0x00, 0x00, 0x00, 0x00, 0x00, 0x00,
  0x00, 0x00, 0x00, 0x00, 0x00, 0x00, 0x00, 0x00, 0x00, 0x00, 0x00, 0x00, 0x00, 0x00, 0x00, 0x00,
  0x00, 0x00, 0x00, 0x00, 0x00, 0x00, 0x00, 0x00, 0x00, 0x00, 0x00, 0x00, 0x00, 0x00, 0x00, 0x00,
  0x00, 0x00, 0x00, 0x00, 0x00, 0x00, 0x00, 0x00, 0x00, 0x00, 0x00, 0x00, 0x00, 0x00, 0x00, 0x00,
  0x00, 0x00, 0x00, 0x00, 0x00, 0x00, 0x00, 0x00, 0x00, 0x00, 0x00, 0x00, 0x00, 0x00, 0x01, 0x0e,
  0x1b, 0x1d, 0x18, 0x10, 0x0e, 0x00, 0x00, 0x00, 0x00, 0x03, 0x00, 0x00, 0x01, 0x00, 0x00, 0x00,
  0x00, 0x00, 0x00, 0x00, 0x05, 0x08, 0x00, 0x06, 0x39, 0x9a, 0xa1, 0x3a, 0x10, 0x08, 0x10, 0x12,
  0x13, 0x13, 0x07, 0x00, 0x0c, 0x07, 0x03, 0x03, 0x02, 0x0e, 0x18, 0x13, 0x15, 0x60, 0x40, 0x6e,
  0x35, 0x2e, 0x42, 0x55, 0xc8, 0x77, 0xb5, 0x9e, 0x29, 0x40, 0x54, 0x30, 0x21, 0x5c, 0x60, 0x5f,
  0x78, 0xea, 0xec, 0xc9, 0x92, 0x23, 0x25, 0x28, 0x1d, 0x20, 0x26, 0x16, 0x12, 0x11, 0x14, 0x1c,
  0x50, 0xc6, 0x7d, 0x02, 0x11, 0x16, 0x18, 0x0b, 0x00, 0x05, 0x00, 0x00, 0x06, 0x03, 0x02, 0x09,
  0x05, 0x02, 0x00, 0x00, 0x05, 0x03, 0x01, 0x0e, 0x23, 0xdf, 0xfd, 0xc5, 0x0a, 0x00, 0x00, 0x00,
  0x00, 0x00, 0x00, 0x00, 0x00, 0x00, 0x00, 0x00, 0x00, 0x00, 0x00, 0x00, 0x02, 0x00, 0x00, 0x00,
  0x00, 0x00, 0x00, 0x00, 0x00, 0x00, 0x00, 0x00, 0x00, 0x00, 0x00, 0x00, 0x00, 0x00, 0x00, 0x00,
  0x00, 0x00, 0x00, 0x00, 0x00, 0x00, 0x00, 0x00, 0x00, 0x00, 0x00, 0x00, 0x00, 0x00, 0x00, 0x00,
  0x00, 0x00, 0x00, 0x00, 0x00, 0x00, 0x00, 0x00, 0x00, 0x00, 0x00, 0x00, 0x00, 0x00, 0x00, 0x00,
  0x00, 0x00, 0x00, 0x00, 0x00, 0x00, 0x00, 0x00, 0x00, 0x00, 0x00, 0x00, 0x00, 0x00, 0x00, 0x00,
  0x00, 0x03, 0x00, 0x01, 0x00, 0x01, 0x08, 0x71, 0x7c, 0xa7, 0x6e, 0x09, 0x22, 0x04, 0x00, 0x00,
  0x00, 0x01, 0x01, 0x00, 0x00, 0x00, 0x01, 0x00, 0x00, 0x00, 0x03, 0x02, 0x03, 0x16, 0x0b, 0x0b,
  0x1f, 0xba, 0xc6, 0x56, 0x0b, 0x20, 0x1a, 0x0f, 0x0b, 0x0a, 0x0f, 0x0c, 0x05, 0x12, 0x03, 0x0a,
  0x0a, 0x17, 0x2c, 0x4a, 0x16, 0x2b, 0x15, 0x26, 0x23, 0x3a, 0x6a, 0x40, 0x8a, 0x8b, 0xc2, 0xd3,
  0x90, 0x6b, 0x65, 0x68, 0x4f, 0xd4, 0xb6, 0xc5, 0xe3, 0xfa, 0xef, 0xd9, 0xc1, 0x51, 0x80, 0x46,
  0x31, 0x2d, 0x3e, 0x6c, 0x4a, 0x29, 0x51, 0xb5, 0xc3, 0xac, 0x94, 0x1e, 0x0f, 0x6b, 0x35, 0x13,
  0x01, 0x07, 0x0b, 0x08, 0x0a, 0x13, 0x06, 0x00, 0x05, 0x03, 0x00, 0x00, 0x01, 0x15, 0x16, 0x22,
  0x24, 0xd7, 0xff, 0x60, 0x0b, 0x00, 0x00, 0x00, 0x00, 0x00, 0x00, 0x01, 0x00, 0x00, 0x00, 0x00,
  0x00, 0x00, 0x00, 0x00, 0x01, 0x00, 0x00, 0x00, 0x00, 0x00, 0x00, 0x00, 0x00, 0x02, 0x00, 0x00,
  0x00, 0x00, 0x00, 0x00, 0x00, 0x00, 0x00, 0x00, 0x00, 0x00, 0x00, 0x00, 0x00, 0x00, 0x00, 0x00,
  0x00, 0x00, 0x00, 0x00, 0x00, 0x00, 0x00, 0x00, 0x00, 0x00, 0x00, 0x00, 0x00, 0x00, 0x00, 0x00,
  0x00, 0x00, 0x00, 0x00, 0x00, 0x00, 0x00, 0x00, 0x00, 0x00, 0x00, 0x00, 0x00, 0x00, 0x00, 0x00,
  0x00, 0x00, 0x00, 0x00, 0x00, 0x00, 0x00, 0x00, 0x00, 0x00, 0x00, 0x00, 0x05, 0x0e, 0xa0, 0xe1,
  0xc7, 0xe2, 0xd1, 0xa6, 0x97, 0x1b, 0x00, 0x00, 0x00, 0x00, 0x00, 0x01, 0x03, 0x00, 0x02, 0x06,
  0x00, 0x05, 0x12, 0x08, 0x14, 0x08, 0x17, 0x37, 0x03, 0x22, 0xab, 0x84, 0x42, 0x49, 0x32, 0x2c,
  0x3c, 0x5f, 0x72, 0x3b, 0x36, 0x0d, 0x0d, 0x0b, 0x11, 0x20, 0x39, 0x66, 0x48, 0x39, 0x43, 0x79,
  0x8b, 0xb0, 0xd9, 0xc9, 0xee, 0xe7, 0xe1, 0xf7, 0xe7, 0xe5, 0xdd, 0xd6, 0xc7, 0xe2, 0xe9, 0xf3,
  0xfa, 0xfd, 0xff, 0xf9, 0xf1, 0xdf, 0xdf, 0xbd, 0x77, 0x59, 0xaf, 0x6a, 0xa0, 0xbd, 0xec, 0xe5,
  0xf4, 0xe9, 0xb1, 0x44, 0x42, 0x8d, 0x37, 0x22, 0x17, 0x12, 0x0b, 0x04, 0x0a, 0x0f, 0x0b, 0x04,
  0x00, 0x01, 0x02, 0x05, 0x14, 0x1e, 0x0d, 0x29, 0x5c, 0xf2, 0xff, 0x4c, 0x06, 0x00, 0x00, 0x00,
  0x00, 0x00, 0x00, 0x00, 0x01, 0x00, 0x00, 0x00, 0x00, 0x00, 0x00, 0x00, 0x00, 0x00, 0x00, 0x00,
  0x00, 0x00, 0x00, 0x00, 0x01, 0x00, 0x01, 0x00, 0x00, 0x00, 0x00, 0x00, 0x00, 0x00, 0x00, 0x00,
  0x00, 0x00, 0x00, 0x00, 0x00, 0x00, 0x00, 0x00, 0x00, 0x00, 0x00, 0x00, 0x00, 0x00, 0x00, 0x00,
  0x00, 0x00, 0x00, 0x00, 0x00, 0x00, 0x00, 0x00, 0x00, 0x00, 0x00, 0x00, 0x00, 0x00, 0x00, 0x00,
  0x00, 0x00, 0x00, 0x00, 0x00, 0x00, 0x00, 0x00, 0x00, 0x00, 0x00, 0x00, 0x00, 0x00, 0x00, 0x00,
  0x00, 0x00, 0x00, 0x00, 0x07, 0x64, 0xe2, 0xbf, 0xda, 0xfe, 0xf9, 0xf6, 0xc2, 0x29, 0x03, 0x00,
  0x00, 0x02, 0x00, 0x00, 0x02, 0x06, 0x0f, 0x05, 0x00, 0x00, 0x00, 0x05, 0x5b, 0x49, 0x2a, 0x2a,
  0x13, 0x1f, 0x2e, 0x65, 0xa5, 0x6f, 0x59, 0x5f, 0x73, 0xb2, 0x81, 0x29, 0x1c, 0x22, 0x0b, 0x0e,
  0x26, 0x4c, 0x2c, 0x69, 0x82, 0xd5, 0xe2, 0xf2, 0xee, 0xf5, 0xf9, 0xf6, 0xf0, 0xf5, 0xf9, 0xf8,
  0xf6, 0xf3, 0xee, 0xf0, 0xf3, 0xf2, 0xf5, 0xf7, 0xf6, 0xfe, 0xfc, 0xf9, 0xfb, 0xf5, 0xfb, 0xf1,
  0xe7, 0xc5, 0xda, 0xb3, 0x69, 0xd3, 0xe9, 0xe3, 0xf1, 0xf7, 0xd9, 0x69, 0x49, 0x6b, 0x74, 0x50,
  0x45, 0x28, 0x0e, 0x08, 0x10, 0x14, 0x05, 0x02, 0x00, 0x07, 0x05, 0x06, 0x2b, 0x34, 0x20, 0x87,
  0xdf, 0xf9, 0xee, 0x9e, 0x27, 0x00, 0x00, 0x00, 0x00, 0x01, 0x00, 0x00, 0x00, 0x00, 0x00, 0x00,
  0x00, 0x00, 0x00, 0x00, 0x00, 0x00, 0x00, 0x00, 0x00, 0x00, 0x00, 0x00, 0x00, 0x00, 0x00, 0x00,
  0x00, 0x00, 0x00, 0x00, 0x00, 0x00, 0x00, 0x00, 0x00, 0x00, 0x00, 0x00, 0x00, 0x00, 0x00, 0x00,
  0x00, 0x00, 0x00, 0x00, 0x00, 0x00, 0x00, 0x00, 0x00, 0x00, 0x00, 0x00, 0x00, 0x00, 0x00, 0x00,
  0x00, 0x00, 0x00, 0x00, 0x00, 0x00, 0x00, 0x00, 0x00, 0x00, 0x00, 0x00, 0x00, 0x00, 0x00, 0x00,
  0x00, 0x00, 0x00, 0x00, 0x00, 0x00, 0x00, 0x00, 0x00, 0x00, 0x01, 0x00, 0x09, 0x8b, 0xd0, 0xe0,
  0xf6, 0xfa, 0xff, 0xf8, 0xc3, 0x4b, 0x08, 0x01, 0x00, 0x00, 0x02, 0x00, 0x02, 0x38, 0x18, 0x23,
  0x0e, 0x0f, 0x02, 0x00, 0x6b, 0xc1, 0x7d, 0x2d, 0x1e, 0x3a, 0x40, 0x3b, 0xae, 0x7b, 0x4d, 0x8c,
  0x4e, 0x4d, 0x25, 0x41, 0x1e, 0x35, 0x58, 0x79, 0x60, 0xa4, 0xb6, 0xdf, 0xed, 0xf9, 0xec, 0xf0,
  0xf2, 0xfa, 0xfb, 0xf6, 0xfd, 0xf7, 0xfa, 0xfd, 0xff, 0xfa, 0xf5, 0xf8, 0xfa, 0xfc, 0xfa, 0xfc,
  0xfa, 0xfe, 0xfb, 0xf9, 0xfa, 0xf3, 0xf2, 0xf1, 0xf9, 0xf2, 0xf1, 0xeb, 0xc5, 0xf5, 0xf0, 0xf0,
  0xfa, 0xf7, 0xf0, 0xe9, 0xcf, 0xc1, 0xc5, 0x81, 0x3d, 0x21, 0x1a, 0x05, 0x0e, 0x0b, 0x12, 0x09,
  0x02, 0x08, 0x0f, 0x0e, 0x25, 0x3f, 0x81, 0xbf, 0xe3, 0xf5, 0xfe, 0xc9, 0x20, 0x00, 0x00, 0x02,
  0x00, 0x03, 0x00, 0x00, 0x00, 0x00, 0x00, 0x00, 0x00, 0x00, 0x00, 0x00, 0x00, 0x00, 0x00, 0x00,
  0x00, 0x00, 0x00, 0x00, 0x00, 0x00, 0x00, 0x00, 0x00, 0x00, 0x00, 0x00, 0x00, 0x00, 0x00, 0x00,
  0x00, 0x00, 0x00, 0x00, 0x00, 0x00, 0x00, 0x00, 0x00, 0x00, 0x00, 0x00, 0x00, 0x00, 0x00, 0x00,
  0x00, 0x00, 0x00, 0x00, 0x00, 0x00, 0x00, 0x00, 0x00, 0x00, 0x00, 0x00, 0x00, 0x00, 0x00, 0x00,
  0x00, 0x00, 0x00, 0x00, 0x00, 0x00, 0x00, 0x00, 0x00, 0x00, 0x00, 0x00, 0x00, 0x00, 0x00, 0x00,
  0x00, 0x02, 0x03, 0x00, 0x09, 0x7f, 0xca, 0xfa, 0xf4, 0xff, 0xfe, 0xf7, 0xd5, 0x8a, 0x19, 0x00,
  0x00, 0x03, 0x05, 0x00, 0x09, 0x61, 0x1e, 0x2b, 0x4b, 0x13, 0x0a, 0x01, 0x09, 0xda, 0xcb, 0x43,
  0x1c, 0x22, 0x51, 0x2c, 0x37, 0xa5, 0x92, 0x6d, 0x43, 0x40, 0x4f, 0x95, 0x77, 0xb1, 0xec, 0xec,
  0xe5, 0xf4, 0xf6, 0xf6, 0xf8, 0xf4, 0xf7, 0xf4, 0xf9, 0xfd, 0xf7, 0xf4, 0xf8, 0xfb, 0xff, 0xfa,
  0xf5, 0xfd, 0xfa, 0xf5, 0xfb, 0xf9, 0xf9, 0xf8, 0xfb, 0xfc, 0xfb, 0xfc, 0xfb, 0xfa, 0xf3, 0xf6,
  0xfa, 0xf8, 0xf6, 0xfa, 0xf5, 0xf2, 0xf7, 0xfa, 0xf4, 0xed, 0xe8, 0xf4, 0xe9, 0xe9, 0xcb, 0x96,
  0x4f, 0x40, 0x1b, 0x0b, 0x22, 0x14, 0x0e, 0x08, 0x0c, 0x21, 0x2f, 0x27, 0x57, 0x5a, 0xbb, 0xe2,
  0xe5, 0xf4, 0xff, 0xe3, 0x2d, 0x02, 0x00, 0x00, 0x00, 0x02, 0x00, 0x00, 0x00, 0x00, 0x00, 0x00,
  0x00, 0x02, 0x00, 0x00, 0x00, 0x00, 0x00, 0x00, 0x00, 0x01, 0x00, 0x00, 0x00, 0x00, 0x00, 0x00,
  0x00, 0x00, 0x00, 0x00, 0x00, 0x00, 0x00, 0x00, 0x00, 0x00, 0x00, 0x00, 0x00, 0x00, 0x00, 0x00,
  0x00, 0x00, 0x00, 0x00, 0x00, 0x00, 0x00, 0x00, 0x00, 0x00, 0x00, 0x00, 0x00, 0x00, 0x00, 0x00,
  0x00, 0x00, 0x00, 0x00, 0x00, 0x00, 0x00, 0x00, 0x00, 0x00, 0x00, 0x00, 0x00, 0x00, 0x00, 0x00,
  0x00, 0x00, 0x00, 0x00, 0x00, 0x00, 0x00, 0x00, 0x00, 0x02, 0x0c, 0x03, 0x07, 0x76, 0xe9, 0xf3,
  0xfd, 0xee, 0xf7, 0xf5, 0xd5, 0xa9, 0x27, 0x00, 0x00, 0x00, 0x02, 0x02, 0x1b, 0x65, 0x22, 0x24,
  0x77, 0x12, 0x08, 0x10, 0x04, 0xb5, 0xdc, 0x4d, 0x33, 0x42, 0x6f, 0x5f, 0x5c, 0xc3, 0xba, 0x57,
  0x3a, 0xbf, 0xde, 0xe3, 0xea, 0xf1, 0xfa, 0xf4, 0xf3, 0xf8, 0xf3, 0xf5, 0xf3, 0xf4, 0xf5, 0xf6,
  0xfa, 0xfb, 0xff, 0xf9, 0xfb, 0xf8, 0xfb, 0xfe, 0xfb, 0xff, 0xfc, 0xfb, 0xfb, 0xfa, 0xfd, 0xfd,
  0xfd, 0xfb, 0xfa, 0xfd, 0xfb, 0xfb, 0xfe, 0xf4, 0xf8, 0xf7, 0xf8, 0xf7, 0xfa, 0xf7, 0xf7, 0xf2,
  0xf5, 0xf5, 0xf8, 0xf4, 0xf9, 0xe9, 0xe9, 0xd7, 0x97, 0x58, 0x32, 0x3c, 0x47, 0x5a, 0x36, 0x3b,
  0x4c, 0x3a, 0x2a, 0x73, 0xb4, 0x68, 0xc0, 0xd5, 0xf8, 0xf2, 0xfb, 0xb6, 0x1d, 0x08, 0x04, 0x00,
  0x00, 0x00, 0x00, 0x00, 0x03, 0x00, 0x01, 0x00, 0x00, 0x00, 0x00, 0x00, 0x00, 0x05, 0x00, 0x00,
  0x00, 0x00, 0x00, 0x00, 0x00, 0x02, 0x00, 0x00, 0x00, 0x00, 0x00, 0x00, 0x00, 0x00, 0x00, 0x00,
  0x00, 0x00, 0x00, 0x00, 0x00, 0x00, 0x00, 0x00, 0x00, 0x00, 0x00, 0x00, 0x00, 0x00, 0x00, 0x00,
  0x00, 0x00, 0x00, 0x00, 0x00, 0x00, 0x00, 0x00, 0x00, 0x00, 0x00, 0x00, 0x00, 0x00, 0x00, 0x00,
  0x00, 0x00, 0x00, 0x00, 0x00, 0x00, 0x00, 0x00, 0x00, 0x00, 0x00, 0x01, 0x00, 0x00, 0x00, 0x00,
  0x00, 0x00, 0x00, 0x00, 0x00, 0x16, 0xbb, 0xf8, 0xdb, 0xd7, 0xf0, 0xf4, 0xa1, 0xb5, 0x38, 0x09,
  0x0c, 0x00, 0x13, 0x0f, 0x18, 0x19, 0x11, 0x1d, 0x52, 0x36, 0x0c, 0x0e, 0x0c, 0xa7, 0xd9, 0xcf,
  0x9f, 0xb5, 0xdb, 0xe9, 0xd9, 0x5e, 0x92, 0xa9, 0xde, 0xf1, 0xf3, 0xfa, 0xf9, 0xf2, 0xf7, 0xfb,
  0xfb, 0xfb, 0xfc, 0xfb, 0xfb, 0xfb, 0xfd, 0xfe, 0xf9, 0xf9, 0xfc, 0xfe, 0xfd, 0xff, 0xfe, 0xfd,
  0xfd, 0xfd, 0xfc, 0xfc, 0xfe, 0xfe, 0xfe, 0xfc, 0xfc, 0xfb, 0xfe, 0xfc, 0xfd, 0xfc, 0xfd, 0xfb,
  0xf9, 0xfc, 0xfb, 0xfd, 0xfd, 0xfc, 0xfb, 0xfb, 0xfb, 0xfb, 0xfb, 0xfb, 0xf6, 0xf3, 0xfa, 0xf7,
  0xe9, 0xa0, 0x81, 0x90, 0x65, 0x95, 0x55, 0x3b, 0x40, 0x30, 0x57, 0xcc, 0xa7, 0x8f, 0xd8, 0xef,
  0xf0, 0xc8, 0xc0, 0x3d, 0x0f, 0x07, 0x00, 0x00, 0x04, 0x08, 0x04, 0x10, 0x10, 0x00, 0x00, 0x00,
  0x00, 0x00, 0x06, 0x07, 0x01, 0x08, 0x02, 0x00, 0x00, 0x00, 0x00, 0x00, 0x00, 0x01, 0x00, 0x00,
  0x00, 0x00, 0x00, 0x00, 0x00, 0x00, 0x00, 0x00, 0x00, 0x00, 0x00, 0x00, 0x00, 0x00, 0x00, 0x00,
  0x00, 0x00, 0x00, 0x00, 0x00, 0x00, 0x00, 0x00, 0x00, 0x00, 0x00, 0x00, 0x00, 0x00, 0x00, 0x00,
  0x00, 0x00, 0x00, 0x00, 0x00, 0x00, 0x00, 0x00, 0x00, 0x00, 0x00, 0x00, 0x00, 0x00, 0x00, 0x00,
  0x00, 0x00, 0x00, 0x00, 0x00, 0x00, 0x00, 0x00, 0x00, 0x00, 0x00, 0x00, 0x00, 0x0d, 0xd9, 0xe5,
  0xe5, 0xd7, 0xee, 0xe3, 0xad, 0x8a, 0x18, 0x06, 0x05, 0x12, 0x25, 0x0c, 0x0e, 0x1d, 0x0a, 0x13,
  0x0d, 0x51, 0x62, 0x18, 0x12, 0x9f, 0xdc, 0xa3, 0x93, 0xa6, 0xf1, 0xf2, 0xdc, 0xd9, 0xfc, 0xf7,
  0xfb, 0xfc, 0xfb, 0xfb, 0xfc, 0xfb, 0xfc, 0xfb, 0xfb, 0xfc, 0xfb, 0xfb, 0xfb, 0xfa, 0xfb, 0xfb,
  0xfb, 0xfb, 0xfc, 0xfc, 0xfc, 0xfa, 0xfa, 0xfc, 0xfb, 0xf9, 0xfc, 0xfc, 0xfa, 0xfc, 0xfa, 0xfb,
  0xfc, 0xfb, 0xfd, 0xfc, 0xfd, 0xfb, 0xfb, 0xfc, 0xfb, 0xfb, 0xfe, 0xfb, 0xfe, 0xfb, 0xfc, 0xfb,
  0xfa, 0xfb, 0xfb, 0xf8, 0xfd, 0xec, 0xf3, 0xf4, 0xfa, 0xf4, 0xe0, 0xc6, 0x8d, 0xa1, 0x5d, 0x50,
  0x46, 0x57, 0xb9, 0xe4, 0x8a, 0xb5, 0xdf, 0xf9, 0xc1, 0xb4, 0x9c, 0x66, 0x20, 0x05, 0x03, 0x04,
  0x08, 0x0b, 0x0b, 0x03, 0x0e, 0x00, 0x00, 0x00, 0x01, 0x01, 0x0f, 0x14, 0x0a, 0x01, 0x00, 0x00,
  0x01, 0x00, 0x00, 0x00, 0x00, 0x00, 0x00, 0x00, 0x00, 0x00, 0x00, 0x00, 0x00, 0x00, 0x00, 0x00,
  0x00, 0x00, 0x00, 0x00, 0x00, 0x00, 0x00, 0x00, 0x00, 0x00, 0x00, 0x00, 0x00, 0x00, 0x00, 0x00,
  0x00, 0x00, 0x00, 0x00, 0x00, 0x00, 0x00, 0x00, 0x00, 0x00, 0x00, 0x00, 0x00, 0x00, 0x00, 0x00,
  0x00, 0x00, 0x00, 0x00, 0x00, 0x00, 0x00, 0x00, 0x00, 0x00, 0x00, 0x00, 0x00, 0x00, 0x00, 0x00,
  0x00, 0x00, 0x00, 0x00, 0x00, 0x00, 0x94, 0xf7, 0xf1, 0xd0, 0xee, 0xd6, 0xaa, 0x8c, 0x11, 0x1d,
  0x23, 0x18, 0x1f, 0x27, 0x1a, 0x56, 0x16, 0x45, 0x1f, 0x52, 0x86, 0x2b, 0x10, 0xd9, 0xcb, 0xcb,
  0xc9, 0xe1, 0xf6, 0xfb, 0xfb, 0xec, 0xfb, 0xfc, 0xfb, 0xf9, 0xfb, 0xfb, 0xf9, 0xfc, 0xfc, 0xfb,
  0xfa, 0xfc, 0xfb, 0xfd, 0xfc, 0xfd, 0xfd, 0xfc, 0xfa, 0xf9, 0xfa, 0xfe, 0xfd, 0xfb, 0xfa, 0xfb,
  0xfb, 0xfa, 0xfb, 0xfd, 0xfc, 0xfd, 0xfc, 0xfc, 0xfb, 0xfc, 0xfb, 0xfd, 0xfd, 0xfe, 0xfb, 0xfd,
  0xfd, 0xfc, 0xfc, 0xfe, 0xfd, 0xfc, 0xfd, 0xfc, 0xfc, 0xfc, 0xfb, 0xfc, 0xfb, 0xfb, 0xfd, 0xfb,
  0xfb, 0xfa, 0xf2, 0xee, 0xe8, 0xc9, 0xa5, 0xa6, 0x90, 0x9e, 0xbe, 0xdf, 0xd9, 0xeb, 0xfa, 0xf1,
  0xa1, 0x88, 0x8c, 0x88, 0x28, 0x16, 0x0e, 0x0a, 0x0a, 0x08, 0x0a, 0x04, 0x05, 0x03, 0x03, 0x00,
  0x07, 0x1d, 0x2c, 0x43, 0x1a, 0x02, 0x00, 0x02, 0x00, 0x00, 0x00, 0x01, 0x00, 0x00, 0x00, 0x00,
  0x00, 0x00, 0x00, 0x00, 0x00, 0x00, 0x00, 0x00, 0x00, 0x00, 0x00, 0x00, 0x00, 0x00, 0x00, 0x00,
  0x00, 0x00, 0x00, 0x00, 0x00, 0x00, 0x00, 0x00, 0x00, 0x00, 0x00, 0x00, 0x00, 0x00, 0x00, 0x00,
  0x00, 0x01, 0x00, 0x00, 0x00, 0x00, 0x00, 0x00, 0x00, 0x00, 0x01, 0x00, 0x00, 0x00, 0x00, 0x00,
  0x00, 0x00, 0x00, 0x00, 0x00, 0x00, 0x00, 0x02, 0x00, 0x00, 0x00, 0x00, 0x00, 0x00, 0x15, 0xd5,
  0xe0, 0xec, 0xcb, 0x6f, 0x58, 0x45, 0x0d, 0x42, 0x38, 0x0d, 0x24, 0x1e, 0x46, 0x65, 0x3d, 0x53,
  0x23, 0x2d, 0x5c, 0x83, 0x8f, 0xf7, 0xf4, 0xf9, 0xe4, 0xf2, 0xfe, 0xfc, 0xf6, 0xfc, 0xfe, 0xff,
  0xfd, 0xfe, 0xfe, 0xfc, 0xfb, 0xfd, 0xfb, 0xff, 0xfb, 0xfc, 0xff, 0xfc, 0xfb, 0xfc, 0xfa, 0xfe,
  0xfc, 0xff, 0xfd, 0xfc, 0xfc, 0xfd, 0xfb, 0xff, 0xfb, 0xfc, 0xfc, 0xfb, 0xfc, 0xfd, 0xfb, 0xfb,
  0xfe, 0xff, 0xfe, 0xfc, 0xfc, 0xfe, 0xfc, 0xfd, 0xff, 0xfe, 0xff, 0xfb, 0xfb, 0xfc, 0xfb, 0xfe,
  0xfd, 0xfc, 0xfe, 0xfd, 0xfc, 0xff, 0xfc, 0xff, 0xfc, 0xfe, 0xff, 0xf6, 0xf5, 0xa9, 0xce, 0xe9,
  0xbb, 0xdb, 0xe0, 0xbd, 0xc5, 0xdb, 0xe7, 0xde, 0x96, 0x74, 0x7e, 0x8c, 0x36, 0x22, 0x1d, 0x1a,
  0x10, 0x13, 0x07, 0x00, 0x11, 0x02, 0x04, 0x15, 0x1e, 0x44, 0x97, 0x52, 0x12, 0x04, 0x03, 0x03,
  0x00, 0x00, 0x00, 0x00, 0x01, 0x02, 0x03, 0x05, 0x00, 0x00, 0x00, 0x00, 0x00, 0x00, 0x00, 0x00,
  0x00, 0x00, 0x00, 0x00, 0x00, 0x00, 0x00, 0x00, 0x00, 0x00, 0x00, 0x00, 0x00, 0x00, 0x00, 0x00,
  0x00, 0x00, 0x00, 0x00, 0x00, 0x00, 0x00, 0x00, 0x00, 0x00, 0x00, 0x00, 0x00, 0x00, 0x00, 0x00,
  0x00, 0x00, 0x00, 0x00, 0x00, 0x00, 0x00, 0x00, 0x00, 0x00, 0x00, 0x00, 0x00, 0x00, 0x00, 0x00,
  0x00, 0x00, 0x00, 0x00, 0x00, 0x00, 0x01, 0x13, 0x53, 0x97, 0x6b, 0x29, 0x20, 0x00, 0x18, 0x30,
  0x30, 0x11, 0x13, 0x18, 0x5a, 0x54, 0xa4, 0x7a, 0x30, 0x56, 0xa2, 0x9f, 0xeb, 0xfa, 0xf5, 0xfc,
  0xf8, 0xfd, 0xfc, 0xff, 0xfe, 0xf9, 0xfb, 0xfb, 0xfc, 0xfc, 0xfb, 0xfd, 0xfa, 0xfc, 0xfb, 0xfb,
  0xfa, 0xfd, 0xf9, 0xfc, 0xfd, 0xfd, 0xfb, 0xfd, 0xfc, 0xfc, 0xf9, 0xfe, 0xfc, 0xfb, 0xfc, 0xfc,
  0xf9, 0xf9, 0xf8, 0xfc, 0xfc, 0xfd, 0xfa, 0xfb, 0xf9, 0xfc, 0xf9, 0xfe, 0xfc, 0xfd, 0xfd, 0xfd,
  0xfc, 0xfc, 0xfb, 0xfd, 0xfd, 0xfb, 0xfa, 0xfc, 0xf9, 0xfc, 0xfa, 0xfb, 0xfd, 0xfb, 0xfb, 0xfc,
  0xfd, 0xff, 0xfd, 0xfc, 0xfc, 0xf4, 0xef, 0xf1, 0xed, 0xf6, 0xec, 0xdf, 0xe7, 0xfa, 0xef, 0xe2,
  0xc3, 0x8e, 0x75, 0x69, 0x4c, 0x11, 0x07, 0x03, 0x09, 0x07, 0x01, 0x05, 0x1b, 0x01, 0x04, 0x07,
  0x63, 0xa2, 0x87, 0x16, 0x00, 0x00, 0x01, 0x00, 0x00, 0x00, 0x00, 0x00, 0x01, 0x03, 0x03, 0x03,
  0x00, 0x00, 0x00, 0x00, 0x00, 0x00, 0x00, 0x00, 0x00, 0x00, 0x00, 0x00, 0x00, 0x00, 0x00, 0x00,
  0x00, 0x00, 0x00, 0x00, 0x00, 0x00, 0x00, 0x00, 0x00, 0x00, 0x00, 0x00, 0x00, 0x00, 0x00, 0x00,
  0x00, 0x00, 0x00, 0x00, 0x00, 0x00, 0x00, 0x00, 0x00, 0x00, 0x00, 0x00, 0x00, 0x00, 0x00, 0x00,
  0x00, 0x00, 0x00, 0x00, 0x04, 0x00, 0x00, 0x00, 0x00, 0x00, 0x00, 0x00, 0x00, 0x01, 0x03, 0x00,
  0x1c, 0x14, 0x09, 0x01, 0x0d, 0x04, 0x17, 0x31, 0x1a, 0x0a, 0x1a, 0x22, 0x6f, 0x91, 0xe4, 0x92,
  0x35, 0x9a, 0xd2, 0xab, 0xe7, 0xfa, 0xf8, 0xfe, 0xfd, 0xfd, 0xfb, 0xfe, 0xfb, 0xfa, 0xf9, 0xfb,
  0xfc, 0xfa, 0xfa, 0xfa, 0xfa, 0xfa, 0xfa, 0xfb, 0xfb, 0xfb, 0xfa, 0xfb, 0xfb, 0xfa, 0xfc, 0xfb,
  0xfc, 0xfd, 0xfa, 0xfa, 0xfa, 0xfa, 0xfc, 0xfb, 0xf9, 0xf7, 0xf9, 0xf9, 0xfb, 0xfa, 0xfa, 0xfb,
  0xfb, 0xfa, 0xfb, 0xfc, 0xfc, 0xfb, 0xfc, 0xfd, 0xfe, 0xfe, 0xfd, 0xfc, 0xfc, 0xfb, 0xfc, 0xfc,
  0xfd, 0xfe, 0xfb, 0xfb, 0xfc, 0xfb, 0xfb, 0xfc, 0xfc, 0xfe, 0xfe, 0xfd, 0xfd, 0xf9, 0xf2, 0xf6,
  0xff, 0xf9, 0xef, 0xf0, 0xf6, 0xf9, 0xf5, 0xf1, 0xe6, 0xb4, 0x92, 0x6e, 0x88, 0x33, 0x5a, 0x41,
  0x18, 0x16, 0x18, 0x1b, 0x2e, 0x00, 0x10, 0x94, 0xb1, 0x44, 0x11, 0x00, 0x07, 0x00, 0x01, 0x04,
  0x02, 0x01, 0x00, 0x00, 0x01, 0x02, 0x00, 0x01, 0x00, 0x00, 0x00, 0x00, 0x00, 0x00, 0x00, 0x00,
  0x00, 0x00, 0x00, 0x00, 0x00, 0x00, 0x00, 0x00, 0x00, 0x00, 0x00, 0x00, 0x00, 0x00, 0x00, 0x00,
  0x00, 0x00, 0x00, 0x00, 0x00, 0x00, 0x00, 0x00, 0x00, 0x00, 0x00, 0x00, 0x00, 0x00, 0x00, 0x00,
  0x00, 0x00, 0x00, 0x00, 0x00, 0x00, 0x00, 0x00, 0x00, 0x00, 0x00, 0x00, 0x00, 0x00, 0x00, 0x00,
  0x00, 0x00, 0x00, 0x00, 0x00, 0x05, 0x00, 0x00, 0x0a, 0x09, 0x03, 0x0f, 0x02, 0x05, 0x1b, 0x2f,
  0x1c, 0x29, 0x2f, 0x3e, 0xac, 0xcb, 0xd1, 0xaa, 0xc2, 0xd5, 0xc4, 0xd7, 0xee, 0xfc, 0xfb, 0xfa,
  0xfe, 0xfe, 0xfe, 0xfe, 0xfb, 0xf9, 0xf9, 0xfd, 0xfb, 0xfb, 0xfd, 0xfc, 0xfa, 0xfa, 0xfc, 0xfc,
  0xfb, 0xfa, 0xfc, 0xfb, 0xfa, 0xfa, 0xfa, 0xfd, 0xfb, 0xf7, 0xfc, 0xfc, 0xf9, 0xf6, 0xfa, 0xf8,
  0xf8, 0xf7, 0xfc, 0xfb, 0xf9, 0xfb, 0xfc, 0xfa, 0xf9, 0xfa, 0xfe, 0xfa, 0xfb, 0xfa, 0xfb, 0xfc,
  0xfc, 0xfc, 0xff, 0xfc, 0xfe, 0xfd, 0xfd, 0xfd, 0xfd, 0xfd, 0xff, 0xfe, 0xfb, 0xfb, 0xff, 0xfe,
  0xfe, 0xfe, 0xff, 0xfe, 0xfb, 0xfc, 0xf9, 0xfa, 0xfb, 0xfc, 0xf9, 0xfc, 0xf9, 0xf7, 0xfd, 0xe6,
  0xdb, 0xbf, 0xaa, 0x58, 0x56, 0x72, 0x80, 0x51, 0x10, 0x21, 0x3e, 0x34, 0x2d, 0x0a, 0xa9, 0xb6,
  0x1a, 0x08, 0x01, 0x03, 0x02, 0x00, 0x06, 0x02, 0x02, 0x02, 0x03, 0x02, 0x01, 0x02, 0x02, 0x07,
  0x00, 0x00, 0x00, 0x00, 0x00, 0x00, 0x00, 0x00, 0x00, 0x00, 0x00, 0x00, 0x00, 0x00, 0x00, 0x00,
  0x00, 0x00, 0x00, 0x00, 0x00, 0x00, 0x00, 0x00, 0x00, 0x00, 0x00, 0x00, 0x00, 0x00, 0x00, 0x00,
  0x00, 0x00, 0x00, 0x00, 0x00, 0x00, 0x00, 0x00, 0x00, 0x00, 0x00, 0x00, 0x00, 0x00, 0x00, 0x00,
  0x00, 0x00, 0x00, 0x00, 0x00, 0x00, 0x00, 0x00, 0x00, 0x00, 0x00, 0x00, 0x02, 0x00, 0x00, 0x00,
  0x01, 0x13, 0x48, 0x41, 0x16, 0x0f, 0x09, 0x19, 0x2e, 0x2d, 0x30, 0x68, 0xb6, 0xed, 0xf0, 0xde,
  0xe9, 0xec, 0xc3, 0xf7, 0xfa, 0xf9, 0xf9, 0xfa, 0xfb, 0xfc, 0xfc, 0xfe, 0xfd, 0xfd, 0xfe, 0xfd,
  0xfe, 0xfb, 0xfb, 0xff, 0xfb, 0xfa, 0xfd, 0xfb, 0xfc, 0xfc, 0xfc, 0xfd, 0xfe, 0xfa, 0xfb, 0xfb,
  0xfc, 0xfc, 0xfc, 0xfd, 0xfe, 0xf7, 0xfa, 0xf9, 0xfa, 0xfc, 0xfa, 0xfb, 0xfb, 0xfa, 0xfa, 0xfa,
  0xfd, 0xfd, 0xfb, 0xfd, 0xfd, 0xfb, 0xfb, 0xfd, 0xfd, 0xfe, 0xfe, 0xfe, 0xfb, 0xfd, 0xfc, 0xfe,
  0xfd, 0xfe, 0xfe, 0xfd, 0xfd, 0xfd, 0xff, 0xfa, 0xfe, 0xff, 0xfe, 0xfb, 0xfd, 0xf9, 0xfb, 0xf9,
  0xff, 0xf9, 0xf9, 0xfe, 0xfd, 0xf6, 0xfe, 0xf0, 0xe9, 0xe5, 0xc5, 0xad, 0x8e, 0xc4, 0xb2, 0x41,
  0x18, 0x2d, 0x30, 0x3b, 0x4b, 0xaa, 0xa7, 0x1b, 0x00, 0x00, 0x12, 0x04, 0x00, 0x0b, 0x11, 0x0d,
  0x03, 0x01, 0x04, 0x05, 0x04, 0x05, 0x08, 0x06, 0x00, 0x00, 0x00, 0x00, 0x00, 0x00, 0x00, 0x00,
  0x00, 0x00, 0x00, 0x00, 0x00, 0x00, 0x00, 0x00, 0x00, 0x00, 0x00, 0x00, 0x00, 0x00, 0x00, 0x00,
  0x00, 0x00, 0x00, 0x00, 0x00, 0x00, 0x00, 0x00, 0x00, 0x00, 0x00, 0x00, 0x00, 0x00, 0x00, 0x00,
  0x00, 0x00, 0x00, 0x00, 0x00, 0x00, 0x00, 0x00, 0x00, 0x00, 0x00, 0x04, 0x01, 0x00, 0x00, 0x00,
  0x00, 0x00, 0x00, 0x02, 0x01, 0x00, 0x00, 0x00, 0x01, 0x00, 0x1b, 0x2a, 0x07, 0x0e, 0x0e, 0x10,
  0x35, 0x93, 0x63, 0xd0, 0xf0, 0xf4, 0xf1, 0xf2, 0xf8, 0xf6, 0xf8, 0xf9, 0xfd, 0xfd, 0xfb, 0xfc,
  0xf9, 0xfc, 0xfc, 0xfb, 0xfb, 0xfe, 0xfb, 0xfc, 0xfb, 0xf8, 0xfa, 0xfa, 0xfd, 0xf9, 0xf7, 0xf9,
  0xfa, 0xfb, 0xfb, 0xfa, 0xf8, 0xff, 0xfa, 0xf8, 0xfa, 0xf8, 0xfc, 0xf9, 0xfc, 0xfb, 0xf7, 0xfc,
  0xf9, 0xf6, 0xf6, 0xf0, 0xf0, 0xfe, 0xfa, 0xfd, 0xfc, 0xfb, 0xfc, 0xfa, 0xfb, 0xfe, 0xfc, 0xff,
  0xfd, 0xfb, 0xfa, 0xf6, 0xfb, 0xfd, 0xfe, 0xff, 0xfc, 0xfa, 0xfc, 0xf9, 0xfd, 0xfd, 0xfb, 0xfc,
  0xfb, 0xf9, 0xfb, 0xfa, 0xfc, 0xfd, 0xfc, 0xfa, 0xf9, 0xfb, 0xfb, 0xfd, 0xfd, 0xf9, 0xf3, 0xf3,
  0xea, 0xe0, 0xd2, 0xcb, 0x93, 0xbb, 0x56, 0x38, 0x31, 0x56, 0x85, 0x58, 0x5f, 0xb3, 0x86, 0x2d,
  0x06, 0x11, 0x10, 0x12, 0x14, 0x24, 0x09, 0x10, 0x0b, 0x0c, 0x08, 0x18, 0x0c, 0x00, 0x03, 0x0a,
  0x00, 0x00, 0x00, 0x00, 0x00, 0x00, 0x00, 0x00, 0x00, 0x00, 0x00, 0x00, 0x00, 0x00, 0x00, 0x00,
  0x00, 0x00, 0x00, 0x00, 0x00, 0x00, 0x00, 0x00, 0x00, 0x00, 0x00, 0x00, 0x00, 0x00, 0x00, 0x00,
  0x00, 0x00, 0x00, 0x00, 0x00, 0x00, 0x00, 0x00, 0x00, 0x00, 0x00, 0x00, 0x00, 0x00, 0x00, 0x00,
  0x00, 0x00, 0x00, 0x00, 0x00, 0x00, 0x00, 0x00, 0x00, 0x00, 0x03, 0x01, 0x03, 0x00, 0x00, 0x00,
  0x01, 0x02, 0x05, 0x18, 0x18, 0x15, 0x12, 0x13, 0x38, 0xae, 0xd2, 0xe1, 0xf0, 0xf3, 0xf7, 0xf6,
  0xf7, 0xfa, 0xfb, 0xf9, 0xfc, 0xf9, 0xfd, 0xf9, 0xf9, 0xf9, 0xfc, 0xfe, 0xfe, 0xfb, 0xfb, 0xfb,
  0xfa, 0xf6, 0xfa, 0xf9, 0xf9, 0xec, 0xee, 0xf8, 0xf3, 0xf9, 0xfc, 0xfb, 0xfa, 0xfa, 0xf9, 0xf6,
  0xf4, 0xf4, 0xf7, 0xfc, 0xf9, 0xf3, 0xf8, 0xf7, 0xf6, 0xf4, 0xf6, 0xf6, 0xf3, 0xfa, 0xf9, 0xfb,
  0xfa, 0xfb, 0xfb, 0xf9, 0xfa, 0xfa, 0xfd, 0xfb, 0xfd, 0xfd, 0xf9, 0xf8, 0xf8, 0xfa, 0xfb, 0xfc,
  0xfd, 0xfb, 0xfd, 0xf9, 0xf8, 0xf8, 0xfc, 0xfa, 0xfc, 0xf9, 0xfc, 0xfd, 0xfd, 0xf8, 0xfa, 0xf7,
  0xfa, 0xfb, 0xfc, 0xfd, 0xfe, 0xfa, 0xfc, 0xfa, 0xfc, 0xf7, 0xec, 0xf7, 0xf6, 0xdf, 0x86, 0x5c,
  0x50, 0xc8, 0x9a, 0x2d, 0x28, 0xcf, 0x76, 0x2f, 0x0c, 0x0a, 0x18, 0x07, 0x11, 0x00, 0x09, 0x1b,
  0x0e, 0x16, 0x30, 0x1b, 0x24, 0x00, 0x0b, 0x06, 0x00, 0x00, 0x00, 0x00, 0x00, 0x00, 0x00, 0x00,
  0x00, 0x00, 0x00, 0x00, 0x00, 0x00, 0x00, 0x00, 0x00, 0x00, 0x00, 0x00, 0x00, 0x00, 0x00, 0x00,
  0x00, 0x00, 0x00, 0x00, 0x00, 0x00, 0x00, 0x00, 0x00, 0x00, 0x00, 0x00, 0x00, 0x00, 0x00, 0x00,
  0x00, 0x00, 0x00, 0x00, 0x00, 0x00, 0x00, 0x00, 0x00, 0x00, 0x00, 0x00, 0x02, 0x02, 0x00, 0x00,
  0x00, 0x00, 0x00, 0x04, 0x05, 0x00, 0x01, 0x00, 0x00, 0x00, 0x00, 0x29, 0x4c, 0x50, 0x30, 0x31,
  0x5c, 0xcc, 0xf3, 0xf6, 0xf1, 0xf5, 0xf5, 0xfb, 0xfd, 0xf9, 0xfa, 0xfb, 0xfc, 0xfd, 0xfc, 0xfc,
  0xfa, 0xf7, 0xfb, 0xfa, 0xfd, 0xfa, 0xf9, 0xfa, 0xfa, 0xfa, 0xfb, 0xfc, 0xfb, 0xf3, 0xf3, 0xf6,
  0xf8, 0xfb, 0xf9, 0xf7, 0xf8, 0xf9, 0xf1, 0xf5, 0xf8, 0xf4, 0xf2, 0xf6, 0xf9, 0xf5, 0xf5, 0xf1,
  0xf1, 0xf8, 0xf5, 0xff, 0xfd, 0xf8, 0xfc, 0xfb, 0xf8, 0xfa, 0xf4, 0xfa, 0xfb, 0xf9, 0xfa, 0xf9,
  0xf9, 0xf8, 0xf9, 0xfd, 0xf9, 0xfc, 0xfc, 0xfd, 0xfc, 0xfb, 0xfa, 0xfd, 0xfc, 0xfb, 0xfb, 0xfd,
  0xfb, 0xf8, 0xfb, 0xfb, 0xfc, 0xfb, 0xfc, 0xfb, 0xfb, 0xf8, 0xfc, 0xfe, 0xfb, 0xfc, 0xfc, 0xfc,
  0xfc, 0xf8, 0xfb, 0xf8, 0xf8, 0xe8, 0xda, 0xe5, 0x9d, 0xb0, 0x72, 0x65, 0x8e, 0xa8, 0xb9, 0x33,
  0x0e, 0x28, 0x10, 0x16, 0x0f, 0x0d, 0x31, 0x1e, 0x1f, 0x1f, 0x2e, 0x30, 0x53, 0x12, 0x09, 0x01,
  0x00, 0x00, 0x00, 0x00, 0x00, 0x00, 0x00, 0x00, 0x00, 0x00, 0x00, 0x00, 0x00, 0x00, 0x00, 0x00,
  0x00, 0x00, 0x00, 0x00, 0x00, 0x00, 0x00, 0x00, 0x00, 0x00, 0x00, 0x00, 0x00, 0x00, 0x00, 0x00,
  0x00, 0x00, 0x00, 0x00, 0x00, 0x00, 0x00, 0x00, 0x00, 0x00, 0x00, 0x00, 0x00, 0x00, 0x00, 0x00,
  0x00, 0x00, 0x00, 0x00, 0x01, 0x00, 0x01, 0x01, 0x00, 0x00, 0x00, 0x01, 0x05, 0x01, 0x02, 0x00,
  0x0a, 0x04, 0x0c, 0x19, 0x7c, 0xa7, 0x79, 0x5c, 0xd3, 0xe7, 0xf1, 0xf4, 0xf7, 0xfb, 0xfb, 0xfb,
  0xfb, 0xfc, 0xfd, 0xfa, 0xfa, 0xfc, 0xfb, 0xfd, 0xfd, 0xf9, 0xfa, 0xfb, 0xfb, 0xfb, 0xfa, 0xfa,
  0xfb, 0xff, 0xf6, 0xf3, 0xed, 0xf6, 0xf2, 0xf7, 0xf6, 0xf9, 0xf0, 0xf9, 0xff, 0xef, 0xf0, 0xe6,
  0xdc, 0xe6, 0xe0, 0xc1, 0xc0, 0xd0, 0xad, 0x77, 0x9a, 0xc9, 0xae, 0xaa, 0xb0, 0xcd, 0xe3, 0xe6,
  0xec, 0xf3, 0xf4, 0xf8, 0xff, 0xfa, 0xf9, 0xfd, 0xfc, 0xfd, 0xfd, 0xfa, 0xfe, 0xfc, 0xfe, 0xfe,
  0xfe, 0xfd, 0xfd, 0xfc, 0xfb, 0xf9, 0xf9, 0xfb, 0xfb, 0xfa, 0xfc, 0xfd, 0xfc, 0xf9, 0xfb, 0xfa,
  0xfd, 0xf9, 0xfd, 0xfc, 0xfb, 0xfe, 0xfb, 0xfb, 0xfd, 0xfc, 0xfd, 0xfc, 0xfd, 0xf8, 0xf4, 0xf0,
  0xcc, 0xcf, 0xac, 0x8a, 0xb7, 0xa5, 0x7e, 0x5e, 0x64, 0x8c, 0x4d, 0x2a, 0x2c, 0x3b, 0x4b, 0x1f,
  0x18, 0x39, 0x34, 0x41, 0x58, 0x49, 0x14, 0x02, 0x00, 0x00, 0x00, 0x00, 0x00, 0x00, 0x00, 0x00,
  0x00, 0x00, 0x00, 0x00, 0x00, 0x00, 0x00, 0x00, 0x00, 0x00, 0x00, 0x00, 0x00, 0x00, 0x00, 0x00,
  0x00, 0x00, 0x00, 0x00, 0x00, 0x00, 0x00, 0x00, 0x00, 0x00, 0x00, 0x00, 0x00, 0x00, 0x00, 0x00,
  0x00, 0x00, 0x00, 0x00, 0x00, 0x00, 0x00, 0x00, 0x00, 0x00, 0x00, 0x00, 0x02, 0x00, 0x01, 0x00,
  0x00, 0x00, 0x00, 0x08, 0x08, 0x00, 0x0d, 0x07, 0x0d, 0x12, 0x0a, 0x15, 0x5a, 0xbe, 0xbd, 0xc9,
  0xf4, 0xec, 0xe9, 0xf4, 0xfa, 0xfb, 0xfa, 0xfa, 0xfb, 0xfc, 0xf8, 0xfc, 0xfc, 0xfc, 0xfb, 0xfa,
  0xf8, 0xf7, 0xf6, 0xfa, 0xf7, 0xf9, 0xf5, 0xfc, 0xf8, 0xfd, 0xf7, 0xed, 0xe1, 0xf3, 0xf7, 0xf3,
  0xea, 0xda, 0xc3, 0xa9, 0x83, 0xc3, 0xc4, 0x9d, 0x6d, 0x4f, 0x37, 0x29, 0x1b, 0x21, 0x31, 0x17,
  0x28, 0x19, 0x16, 0x0f, 0x13, 0x1a, 0x2d, 0x19, 0x22, 0x2e, 0x39, 0x54, 0xa0, 0xb1, 0xc6, 0xdb,
  0xe4, 0xea, 0xeb, 0xf3, 0xfe, 0xf7, 0xf9, 0xfa, 0xf8, 0xfc, 0xf9, 0xfd, 0xfc, 0xf9, 0xf9, 0xf8,
  0xf6, 0xfa, 0xf7, 0xfb, 0xfd, 0xfa, 0xfc, 0xfa, 0xf9, 0xfa, 0xf7, 0xfb, 0xfb, 0xfb, 0xfc, 0xfb,
  0xfb, 0xfb, 0xfa, 0xfa, 0xfb, 0xf7, 0xf5, 0xf0, 0xee, 0xdc, 0xeb, 0xd4, 0xe3, 0xba, 0x72, 0xb5,
  0xa0, 0x8b, 0x65, 0x50, 0x7e, 0x5f, 0x21, 0x23, 0x4a, 0x70, 0x45, 0x49, 0x46, 0x0e, 0x04, 0x00,
  0x00, 0x00, 0x00, 0x00, 0x00, 0x00, 0x00, 0x00, 0x00, 0x00, 0x00, 0x00, 0x00, 0x00, 0x00, 0x00,
  0x00, 0x00, 0x00, 0x00, 0x00, 0x00, 0x00, 0x00, 0x00, 0x00, 0x00, 0x00, 0x00, 0x00, 0x00, 0x00,
  0x00, 0x00, 0x00, 0x00, 0x00, 0x00, 0x00, 0x00, 0x00, 0x00, 0x00, 0x00, 0x00, 0x00, 0x00, 0x00,
  0x00, 0x00, 0x00, 0x00, 0x02, 0x00, 0x00, 0x01, 0x00, 0x00, 0x00, 0x18, 0x12, 0x0c, 0x11, 0x08,
  0x14, 0x12, 0x14, 0x2e, 0x6b, 0xd4, 0xeb, 0xec, 0xfb, 0xfe, 0xf2, 0xf9, 0xfc, 0xfb, 0xfc, 0xfb,
  0xfa, 0xfc, 0xf9, 0xfb, 0xfb, 0xf9, 0xf9, 0xfa, 0xf8, 0xf9, 0xf8, 0xfb, 0xf6, 0xf9, 0xfa, 0xf9,
  0xf7, 0xf6, 0xec, 0xf3, 0xf5, 0xbf, 0xab, 0x76, 0x49, 0x25, 0x12, 0x0a, 0x09, 0x20, 0x23, 0x15,
  0x16, 0x06, 0x05, 0x06, 0x08, 0x0f, 0x19, 0x12, 0x0d, 0x0c, 0x0b, 0x05, 0x07, 0x0c, 0x16, 0x14,
  0x13, 0x16, 0x15, 0x1c, 0x32, 0x14, 0x2d, 0x26, 0x2c, 0x4b, 0x6f, 0xac, 0xdd, 0xf4, 0xf7, 0xf9,
  0xfa, 0xfa, 0xf7, 0xf8, 0xf8, 0xed, 0xf5, 0xf7, 0xf7, 0xf8, 0xf8, 0xfb, 0xfa, 0xf9, 0xfc, 0xfa,
  0xfb, 0xfa, 0xfc, 0xfb, 0xfa, 0xfa, 0xfb, 0xfc, 0xfb, 0xfe, 0xfa, 0xfb, 0xfb, 0xfe, 0xf5, 0xf3,
  0xfe, 0xfa, 0xf9, 0xfd, 0xf8, 0xc8, 0xa1, 0x97, 0xc9, 0xa8, 0x3a, 0x74, 0xc7, 0x7b, 0x58, 0x7c,
  0xa9, 0x46, 0x33, 0x3e, 0x25, 0x04, 0x04, 0x00, 0x00, 0x00, 0x00, 0x00, 0x00, 0x00, 0x00, 0x00,
  0x00, 0x00, 0x00, 0x00, 0x00, 0x00, 0x00, 0x00, 0x00, 0x00, 0x00, 0x00, 0x00, 0x00, 0x00, 0x00,
  0x00, 0x00, 0x00, 0x00, 0x00, 0x00, 0x00, 0x00, 0x00, 0x00, 0x00, 0x00, 0x00, 0x00, 0x00, 0x00,
  0x00, 0x00, 0x00, 0x00, 0x00, 0x00, 0x00, 0x00, 0x00, 0x00, 0x00, 0x00, 0x00, 0x00, 0x00, 0x01,
  0x01, 0x05, 0x02, 0x05, 0x1e, 0x37, 0x0d, 0x09, 0x17, 0x37, 0x57, 0x7b, 0xbc, 0xe6, 0xeb, 0xf0,
  0xfe, 0xf6, 0xfc, 0xf9, 0xff, 0xfa, 0xf9, 0xfa, 0xf9, 0xfa, 0xfd, 0xfa, 0xfd, 0xf9, 0xf8, 0xf9,
  0xf4, 0xf7, 0xf9, 0xef, 0xee, 0xf6, 0xf3, 0xf5, 0xed, 0xf6, 0xe3, 0xba, 0x63, 0x2e, 0x19, 0x0c,
  0x0c, 0x0b, 0x09, 0x01, 0x02, 0x0b, 0x00, 0x00, 0x08, 0x03, 0x04, 0x01, 0x04, 0x0d, 0x07, 0x06,
  0x01, 0x0b, 0x05, 0x03, 0x05, 0x03, 0x06, 0x09, 0x03, 0x05, 0x06, 0x09, 0x0e, 0x09, 0x05, 0x00,
  0x07, 0x06, 0x08, 0x14, 0x30, 0x9b, 0xb5, 0xe1, 0xed, 0xea, 0xf8, 0xf6, 0xf6, 0xf7, 0xf9, 0xf2,
  0xf8, 0xf5, 0xf9, 0xfb, 0xfb, 0xf9, 0xf9, 0xf9, 0xfc, 0xfb, 0xff, 0xfb, 0xfc, 0xfb, 0xf9, 0xf9,
  0xfc, 0xfc, 0xfe, 0xfb, 0xfd, 0xf8, 0xf9, 0xf8, 0xfe, 0xfa, 0xfa, 0xf7, 0xf3, 0xd7, 0xd1, 0xc5,
  0xa7, 0x59, 0x5c, 0xb0, 0xc8, 0x70, 0x94, 0x7c, 0x40, 0x35, 0x2d, 0x27, 0x0a, 0x09, 0x08, 0x00,
  0x00, 0x00, 0x00, 0x00, 0x00, 0x00, 0x00, 0x00, 0x00, 0x00, 0x00, 0x00, 0x00, 0x00, 0x00, 0x00,
  0x00, 0x00, 0x00, 0x00, 0x00, 0x00, 0x00, 0x00, 0x00, 0x00, 0x00, 0x00, 0x00, 0x00, 0x00, 0x00,
  0x00, 0x00, 0x00, 0x00, 0x00, 0x00, 0x00, 0x00, 0x00, 0x00, 0x00, 0x00, 0x00, 0x02, 0x00, 0x00,
  0x00, 0x00, 0x00, 0x01, 0x05, 0x06, 0x02, 0x00, 0x00, 0x04, 0x08, 0x12, 0x87, 0xd0, 0x49, 0x0f,
  0x1d, 0x82, 0xcc, 0xca, 0xea, 0xf6, 0xf2, 0xf9, 0xf6, 0xf8, 0xfc, 0xfe, 0xfc, 0xfb, 0xfd, 0xfa,
  0xfa, 0xfa, 0xfb, 0xf9, 0xf9, 0xf6, 0xf3, 0xf6, 0xf9, 0xf6, 0xe1, 0xdb, 0xe8, 0xf5, 0xf6, 0xf2,
  0xe6, 0xba, 0x50, 0x26, 0x28, 0x08, 0x09, 0x00, 0x03, 0x01, 0x00, 0x01, 0x03, 0x05, 0x01, 0x00,
  0x01, 0x00, 0x00, 0x01, 0x00, 0x04, 0x04, 0x01, 0x00, 0x01, 0x02, 0x01, 0x00, 0x00, 0x01, 0x02,
  0x02, 0x01, 0x07, 0x01, 0x00, 0x05, 0x07, 0x03, 0x03, 0x01, 0x03, 0x06, 0x02, 0x26, 0x39, 0x47,
  0x73, 0x8f, 0xbc, 0xe4, 0xea, 0xef, 0xf8, 0xf5, 0xf3, 0xf3, 0xf8, 0xf8, 0xf6, 0xf5, 0xf7, 0xf8,
  0xf8, 0xfc, 0xfc, 0xfa, 0xfb, 0xfb, 0xfc, 0xfc, 0xfd, 0xfc, 0xfc, 0xfa, 0xfe, 0xf7, 0xfc, 0xf7,
  0xfa, 0xf9, 0xf9, 0xfa, 0xf4, 0xf8, 0xe5, 0xe1, 0xb3, 0x6a, 0xad, 0xd1, 0xe6, 0x7f, 0x41, 0x74,
  0x4f, 0x34, 0x18, 0x13, 0x12, 0x0c, 0x0a, 0x0a, 0x00, 0x00, 0x00, 0x00, 0x00, 0x00, 0x00, 0x00,
  0x00, 0x00, 0x00, 0x00, 0x00, 0x00, 0x00, 0x00, 0x00, 0x00, 0x00, 0x00, 0x00, 0x00, 0x00, 0x00,
  0x00, 0x00, 0x00, 0x00, 0x00, 0x00, 0x00, 0x00, 0x00, 0x00, 0x00, 0x00, 0x00, 0x00, 0x00, 0x00,
  0x00, 0x00, 0x00, 0x09, 0x09, 0x00, 0x00, 0x01, 0x02, 0x00, 0x01, 0x00, 0x00, 0x07, 0x00, 0x09,
  0x01, 0x0c, 0x20, 0x2c, 0x51, 0x75, 0x7b, 0x2d, 0x33, 0x7b, 0xdf, 0xf7, 0xf6, 0xfa, 0xfc, 0xfb,
  0xfe, 0xfd, 0xfe, 0xfd, 0xff, 0xfe, 0xfd, 0xfe, 0xfe, 0xf8, 0xfc, 0xff, 0xfb, 0xf8, 0xf9, 0xf5,
  0xf3, 0xea, 0xea, 0xf7, 0xe4, 0xdb, 0x9a, 0x4f, 0x2d, 0x26, 0x0d, 0x06, 0x04, 0x11, 0x03, 0x00,
  0x01, 0x00, 0x00, 0x01, 0x00, 0x00, 0x00, 0x01, 0x02, 0x00, 0x00, 0x00, 0x04, 0x00, 0x00, 0x00,
  0x00, 0x00, 0x00, 0x00, 0x01, 0x00, 0x00, 0x00, 0x00, 0x00, 0x00, 0x02, 0x03, 0x00, 0x01, 0x00,
  0x01, 0x03, 0x03, 0x04, 0x04, 0x05, 0x0a, 0x0b, 0x26, 0x3f, 0x80, 0x6c, 0x91, 0xe9, 0xee, 0xe9,
  0xea, 0xf4, 0xf9, 0xfc, 0xfd, 0xfb, 0xfc, 0xfc, 0xfb, 0xf8, 0xfd, 0xfc, 0xfe, 0xfa, 0xfd, 0xfc,
  0xff, 0xfa, 0xfc, 0xfb, 0xfb, 0xfd, 0xfe, 0xfe, 0xff, 0xfc, 0xfe, 0xfc, 0xf9, 0xe9, 0xef, 0xe3,
  0x94, 0xaf, 0xa0, 0x9e, 0x53, 0x64, 0x57, 0x6c, 0x39, 0x2b, 0x11, 0x1e, 0x20, 0x13, 0x11, 0x31,
  0x00, 0x00, 0x00, 0x00, 0x00, 0x00, 0x00, 0x00, 0x00, 0x00, 0x00, 0x00, 0x00, 0x00, 0x00, 0x00,
  0x00, 0x00, 0x00, 0x00, 0x00, 0x00, 0x00, 0x00, 0x00, 0x00, 0x00, 0x00, 0x00, 0x00, 0x00, 0x00,
  0x00, 0x00, 0x00, 0x00, 0x00, 0x00, 0x00, 0x00, 0x00, 0x00, 0x00, 0x04, 0x01, 0x02, 0x00, 0x04,
  0x07, 0x00, 0x00, 0x00, 0x00, 0x04, 0x00, 0x05, 0x05, 0x0c, 0x6a, 0x8e, 0x42, 0x96, 0xc1, 0x54,
  0x6d, 0xa5, 0xed, 0xf5, 0xfc, 0xff, 0xfc, 0xfb, 0xfc, 0xfa, 0xfc, 0xfb, 0xfc, 0xfa, 0xfb, 0xfc,
  0xfc, 0xf6, 0xfa, 0xf6, 0xf5, 0xfe, 0xf8, 0xe6, 0xe3, 0xd6, 0xe2, 0x9c, 0x29, 0x6c, 0x1f, 0x0d,
  0x11, 0x0d, 0x05, 0x06, 0x01, 0x02, 0x00, 0x00, 0x00, 0x00, 0x00, 0x00, 0x02, 0x00, 0x00, 0x00,
  0x00, 0x00, 0x00, 0x00, 0x00, 0x00, 0x00, 0x00, 0x00, 0x00, 0x00, 0x00, 0x00, 0x00, 0x00, 0x00,
  0x00, 0x00, 0x00, 0x00, 0x03, 0x00, 0x00, 0x00, 0x00, 0x04, 0x0c, 0x04, 0x03, 0x00, 0x02, 0x01,
  0x0c, 0x10, 0x11, 0x1f, 0x37, 0x49, 0x8d, 0x85, 0xd3, 0xe3, 0xe9, 0xf4, 0xfa, 0xfc, 0xfc, 0xfa,
  0xfc, 0xfa, 0xfb, 0xf6, 0xf8, 0xfd, 0xfd, 0xfd, 0xfa, 0xfb, 0xfa, 0xfa, 0xfd, 0xfc, 0xfc, 0xfd,
  0xfc, 0xfd, 0xfc, 0xfb, 0xfd, 0xfa, 0xfb, 0xf8, 0xe5, 0xed, 0xea, 0xd4, 0x5d, 0x57, 0x6f, 0x59,
  0x2f, 0x13, 0x1c, 0x13, 0x21, 0x25, 0x5e, 0x83, 0x00, 0x00, 0x00, 0x00, 0x00, 0x00, 0x00, 0x00,
  0x00, 0x00, 0x00, 0x00, 0x00, 0x00, 0x00, 0x00, 0x00, 0x00, 0x00, 0x00, 0x00, 0x00, 0x00, 0x00,
  0x00, 0x00, 0x00, 0x00, 0x00, 0x00, 0x00, 0x00, 0x00, 0x00, 0x00, 0x00, 0x00, 0x00, 0x00, 0x00,
  0x00, 0x00, 0x00, 0x09, 0x07, 0x00, 0x05, 0x0c, 0x07, 0x06, 0x00, 0x01, 0x03, 0x03, 0x00, 0x00,
  0x03, 0x06, 0x26, 0xc4, 0xaa, 0x8d, 0xdf, 0x91, 0x9b, 0xdf, 0xf8, 0xfc, 0xfd, 0xfd, 0xfd, 0xff,
  0xfd, 0xf9, 0xfc, 0xfe, 0xfd, 0xfb, 0xf8, 0xfd, 0xfd, 0xfa, 0xfb, 0xfa, 0xf2, 0xf3, 0xe2, 0xdc,
  0xed, 0xc0, 0x4d, 0x25, 0x14, 0x11, 0x06, 0x06, 0x03, 0x04, 0x02, 0x07, 0x02, 0x00, 0x00, 0x00,
  0x00, 0x00, 0x00, 0x00, 0x01, 0x00, 0x00, 0x01, 0x00, 0x00, 0x00, 0x00, 0x00, 0x02, 0x00, 0x00,
  0x00, 0x00, 0x00, 0x01, 0x01, 0x00, 0x00, 0x00, 0x00, 0x00, 0x00, 0x00, 0x00, 0x05, 0x00, 0x00,
  0x00, 0x00, 0x00, 0x03, 0x03, 0x00, 0x00, 0x00, 0x00, 0x00, 0x00, 0x0a, 0x0c, 0x04, 0x0a, 0x11,
  0x48, 0xbe, 0xe5, 0xef, 0xfb, 0xee, 0xf9, 0xf9, 0xfb, 0xf7, 0xfa, 0xf9, 0xf4, 0xfb, 0xfc, 0xfe,
  0xfd, 0xfa, 0xfc, 0xfe, 0xfd, 0xfa, 0xfe, 0xfd, 0xff, 0xfc, 0xfd, 0xff, 0xfd, 0xfb, 0xfa, 0xfc,
  0xf6, 0xf5, 0xeb, 0xef, 0xf1, 0xb8, 0xcc, 0x99, 0x78, 0x31, 0x2f, 0x67, 0xa4, 0xc0, 0xd3, 0x85,
  0x00, 0x00, 0x00, 0x00, 0x00, 0x00, 0x00, 0x00, 0x00, 0x00, 0x00, 0x00, 0x00, 0x00, 0x00, 0x00,
  0x00, 0x00, 0x00, 0x00, 0x00, 0x00, 0x00, 0x00, 0x00, 0x00, 0x00, 0x00, 0x00, 0x00, 0x00, 0x00,
  0x00, 0x00, 0x00, 0x00, 0x00, 0x00, 0x00, 0x00, 0x00, 0x00, 0x00, 0x00, 0x0b, 0x02, 0x0c, 0x09,
  0x05, 0x05, 0x03, 0x00, 0x00, 0x04, 0x05, 0x02, 0x00, 0x00, 0x1b, 0x9b, 0xc5, 0xc1, 0xf0, 0xee,
  0xed, 0xf4, 0xff, 0xf7, 0xfd, 0xff, 0xfc, 0xfe, 0xfd, 0xfe, 0xfc, 0xfd, 0xfe, 0xfc, 0xf7, 0xfc,
  0xf8, 0xf8, 0xf9, 0xf8, 0xf7, 0xde, 0xa0, 0xe0, 0xd1, 0x69, 0x23, 0x0e, 0x05, 0x04, 0x01, 0x04,
  0x00, 0x01, 0x00, 0x01, 0x00, 0x01, 0x00, 0x00, 0x00, 0x00, 0x00, 0x00, 0x02, 0x00, 0x00, 0x03,
  0x00, 0x00, 0x00, 0x00, 0x00, 0x00, 0x00, 0x00, 0x00, 0x00, 0x00, 0x00, 0x01, 0x00, 0x00, 0x00,
  0x00, 0x00, 0x00, 0x00, 0x00, 0x00, 0x00, 0x01, 0x00, 0x00, 0x00, 0x00, 0x02, 0x00, 0x00, 0x03,
  0x00, 0x01, 0x00, 0x00, 0x05, 0x0c, 0x09, 0x10, 0x0b, 0x44, 0x8f, 0xaa, 0xf0, 0xf7, 0xee, 0xf5,
  0xf9, 0xfa, 0xf8, 0xf4, 0xf5, 0xfe, 0xfa, 0xfd, 0xfc, 0xfd, 0xfc, 0xf9, 0xfc, 0xfe, 0xfb, 0xfe,
  0xfe, 0xff, 0xfe, 0xfc, 0xff, 0xfd, 0xf5, 0xff, 0xf9, 0xf9, 0xf8, 0xf2, 0xec, 0xf3, 0xea, 0xc0,
  0xca, 0xb3, 0xba, 0xe1, 0xe6, 0xea, 0x36, 0x0d, 0x00, 0x00, 0x00, 0x00, 0x00, 0x00, 0x00, 0x00,
  0x00, 0x00, 0x00, 0x00, 0x00, 0x00, 0x00, 0x00, 0x00, 0x00, 0x00, 0x00, 0x00, 0x00, 0x00, 0x00,
  0x00, 0x00, 0x00, 0x00, 0x00, 0x00, 0x00, 0x00, 0x00, 0x00, 0x00, 0x00, 0x00, 0x00, 0x00, 0x00,
  0x00, 0x00, 0x02, 0x00, 0x0b, 0x80, 0x54, 0x12, 0x0f, 0x14, 0x0d, 0x00, 0x0b, 0x05, 0x09, 0x00,
  0x0d, 0x1b, 0x20, 0x5e, 0xc5, 0xe6, 0xf6, 0xf1, 0xf7, 0xfd, 0xfa, 0xfe, 0xf9, 0xfd, 0xfa, 0xfc,
  0xfc, 0xfe, 0xfe, 0xfd, 0xfd, 0xfb, 0xf9, 0xf7, 0xfa, 0xf9, 0xf9, 0xef, 0xe1, 0xe9, 0xd2, 0x9c,
  0x34, 0x2b, 0x17, 0x07, 0x01, 0x00, 0x00, 0x00, 0x00, 0x00, 0x00, 0x00, 0x00, 0x00, 0x04, 0x00,
  0x00, 0x00, 0x00, 0x00, 0x00, 0x00, 0x00, 0x00, 0x00, 0x00, 0x00, 0x00, 0x00, 0x00, 0x00, 0x00,
  0x00, 0x00, 0x00, 0x00, 0x00, 0x00, 0x00, 0x00, 0x00, 0x00, 0x00, 0x00, 0x00, 0x00, 0x00, 0x00,
  0x00, 0x00, 0x00, 0x00, 0x00, 0x00, 0x00, 0x00, 0x00, 0x00, 0x00, 0x00, 0x01, 0x03, 0x08, 0x0f,
  0x14, 0x0e, 0x14, 0x38, 0xc7, 0xde, 0xdf, 0xef, 0xf4, 0xeb, 0xf5, 0xf5, 0xf9, 0xf6, 0xf5, 0xf8,
  0xfa, 0xfb, 0xfd, 0xfb, 0xfc, 0xfe, 0xfb, 0xfd, 0xfd, 0xfd, 0xfe, 0xfc, 0xfe, 0xfb, 0xf9, 0xf6,
  0xfe, 0xfb, 0xfd, 0xf9, 0xfa, 0xf0, 0xf2, 0xe0, 0xe4, 0xef, 0xf6, 0xca, 0x39, 0x38, 0x0a, 0x0e,
  0x00, 0x00, 0x00, 0x00, 0x00, 0x00, 0x00, 0x00, 0x00, 0x00, 0x00, 0x00, 0x00, 0x00, 0x00, 0x00,
  0x00, 0x00, 0x00, 0x00, 0x00, 0x00, 0x00, 0x00, 0x00, 0x00, 0x00, 0x00, 0x00, 0x00, 0x00, 0x00,
  0x00, 0x00, 0x00, 0x00, 0x01, 0x00, 0x00, 0x00, 0x00, 0x00, 0x00, 0x00, 0x04, 0x3d, 0x80, 0xbd,
  0x78, 0x37, 0x06, 0x0e, 0x0a, 0x10, 0x12, 0x45, 0x2d, 0x2b, 0x3b, 0x7b, 0xe3, 0xf4, 0xfa, 0xfa,
  0xf7, 0xf9, 0xfd, 0xfb, 0xfb, 0xfd, 0xfb, 0xfc, 0xfd, 0xff, 0xfc, 0xfd, 0xfd, 0xf4, 0xf6, 0xf6,
  0xf2, 0xdf, 0xed, 0xe5, 0xcf, 0xd1, 0x69, 0x35, 0x12, 0x04, 0x05, 0x03, 0x00, 0x00, 0x00, 0x00,
  0x00, 0x00, 0x00, 0x00, 0x02, 0x00, 0x00, 0x00, 0x00, 0x00, 0x00, 0x00, 0x00, 0x00, 0x00, 0x00,
  0x00, 0x00, 0x00, 0x00, 0x00, 0x00, 0x00, 0x00, 0x00, 0x00, 0x00, 0x00, 0x00, 0x00, 0x00, 0x00,
  0x00, 0x00, 0x00, 0x00, 0x00, 0x00, 0x00, 0x00, 0x00, 0x00, 0x00, 0x00, 0x00, 0x00, 0x00, 0x00,
  0x00, 0x00, 0x00, 0x00, 0x01, 0x02, 0x02, 0x01, 0x08, 0x04, 0x06, 0x0b, 0x36, 0x46, 0x8a, 0xc9,
  0xee, 0xe7, 0xf6, 0xf6, 0xf3, 0xf8, 0xf7, 0xf8, 0xfb, 0xfa, 0xf8, 0xfa, 0xfe, 0xfc, 0xfc, 0xfa,
  0xfd, 0xfd, 0xfd, 0xfb, 0xfc, 0xfc, 0xfe, 0xfc, 0xfc, 0xfb, 0xfb, 0xfb, 0xfd, 0xf0, 0xf2, 0xf6,
  0xf0, 0xed, 0xf3, 0x91, 0x41, 0x40, 0x5f, 0x44, 0x00, 0x00, 0x00, 0x00, 0x00, 0x00, 0x00, 0x00,
  0x00, 0x00, 0x00, 0x00, 0x00, 0x00, 0x00, 0x00, 0x00, 0x00, 0x00, 0x00, 0x00, 0x00, 0x00, 0x00,
  0x00, 0x00, 0x00, 0x00, 0x00, 0x00, 0x00, 0x00, 0x00, 0x00, 0x00, 0x00, 0x00, 0x00, 0x00, 0x00,
  0x00, 0x00, 0x00, 0x00, 0x00, 0x32, 0x2e, 0xd6, 0xe4, 0xda, 0x9f, 0x38, 0x17, 0x4c, 0x4f, 0x6d,
  0x3e, 0x60, 0xb8, 0xc3, 0xdd, 0xfa, 0xfe, 0xf9, 0xfe, 0xfd, 0xfa, 0xfb, 0xfb, 0xfd, 0xfc, 0xfa,
  0xfe, 0xfd, 0xff, 0xfb, 0xfc, 0xfb, 0xfb, 0xee, 0xda, 0x96, 0xa4, 0x72, 0x4d, 0x5b, 0x18, 0x20,
  0x0e, 0x07, 0x00, 0x00, 0x00, 0x00, 0x00, 0x00, 0x00, 0x00, 0x00, 0x01, 0x00, 0x00, 0x00, 0x00,
  0x00, 0x00, 0x00, 0x00, 0x00, 0x00, 0x00, 0x00, 0x00, 0x00, 0x00, 0x00, 0x00, 0x00, 0x00, 0x00,
  0x00, 0x00, 0x00, 0x00, 0x00, 0x00, 0x00, 0x00, 0x00, 0x00, 0x00, 0x00, 0x00, 0x00, 0x00, 0x00,
  0x00, 0x00, 0x00, 0x00, 0x00, 0x00, 0x00, 0x00, 0x00, 0x00, 0x00, 0x00, 0x00, 0x00, 0x01, 0x00,
  0x01, 0x03, 0x02, 0x00, 0x12, 0x1b, 0x18, 0x4c, 0x8b, 0xca, 0xeb, 0xef, 0xf4, 0xf7, 0xf7, 0xf7,
  0xfa, 0xfb, 0xfb, 0xfb, 0xfb, 0xfc, 0xfc, 0xf9, 0xfc, 0xfc, 0xfe, 0xfe, 0xfc, 0xff, 0xff, 0xfa,
  0xfe, 0xff, 0xfc, 0xfd, 0xfa, 0xf6, 0xf4, 0xf8, 0xfa, 0xf5, 0xde, 0x9b, 0x61, 0x62, 0xb7, 0xa5,
  0x00, 0x00, 0x00, 0x00, 0x00, 0x00, 0x00, 0x00, 0x00, 0x00, 0x00, 0x00, 0x00, 0x00, 0x00, 0x00,
  0x00, 0x00, 0x00, 0x00, 0x00, 0x00, 0x00, 0x00, 0x00, 0x00, 0x00, 0x00, 0x00, 0x00, 0x00, 0x00,
  0x00, 0x00, 0x00, 0x00, 0x00, 0x00, 0x00, 0x00, 0x00, 0x00, 0x00, 0x00, 0x02, 0x19, 0x33, 0xb2,
  0xd1, 0xee, 0xee, 0xd4, 0xbf, 0xc8, 0xdd, 0x92, 0xa8, 0xd1, 0xd6, 0xe4, 0xfd, 0xf7, 0xf7, 0xfe,
  0xfb, 0xf9, 0xff, 0xfa, 0xfc, 0xfb, 0xfa, 0xfd, 0xfb, 0xfe, 0xfb, 0xfc, 0xfd, 0xfb, 0xf2, 0xe6,
  0xc8, 0xac, 0x4a, 0x19, 0x0b, 0x49, 0x13, 0x0e, 0x03, 0x00, 0x00, 0x03, 0x00, 0x00, 0x00, 0x00,
  0x00, 0x00, 0x00, 0x01, 0x00, 0x00, 0x00, 0x00, 0x00, 0x00, 0x00, 0x00, 0x00, 0x00, 0x00, 0x00,
  0x00, 0x00, 0x00, 0x00, 0x00, 0x00, 0x00, 0x00, 0x00, 0x00, 0x00, 0x00, 0x00, 0x00, 0x00, 0x00,
  0x00, 0x00, 0x00, 0x00, 0x00, 0x00, 0x00, 0x00, 0x00, 0x00, 0x00, 0x00, 0x00, 0x00, 0x00, 0x00,
  0x00, 0x00, 0x00, 0x00, 0x00, 0x00, 0x04, 0x00, 0x00, 0x00, 0x03, 0x01, 0x00, 0x06, 0x0c, 0x1c,
  0x33, 0x68, 0x8f, 0xe6, 0xf4, 0xf4, 0xf8, 0xfa, 0xfa, 0xfb, 0xf9, 0xfc, 0xf9, 0xfb, 0xfd, 0xfd,
  0xfa, 0xfc, 0xfc, 0xfe, 0xfc, 0xfa, 0xfc, 0xfd, 0xfa, 0xfd, 0xf8, 0xfb, 0xfb, 0xf3, 0xfd, 0xef,
  0xf6, 0xda, 0xe0, 0xa5, 0xb9, 0xb7, 0xb3, 0x62, 0x00, 0x00, 0x00, 0x00, 0x00, 0x00, 0x00, 0x00,
  0x00, 0x00, 0x00, 0x00, 0x00, 0x00, 0x00, 0x00, 0x00, 0x00, 0x00, 0x00, 0x00, 0x00, 0x00, 0x00,
  0x00, 0x00, 0x00, 0x00, 0x00, 0x00, 0x00, 0x00, 0x00, 0x00, 0x00, 0x00, 0x01, 0x00, 0x00, 0x00,
  0x00, 0x00, 0x00, 0x04, 0x09, 0x09, 0x06, 0x07, 0x1b, 0x6c, 0xe5, 0xe0, 0xf0, 0xda, 0xc2, 0xc6,
  0xbd, 0xc7, 0xe1, 0xeb, 0xf8, 0xfb, 0xfc, 0xfc, 0xfc, 0xfb, 0xfc, 0xfc, 0xfd, 0xfd, 0xf9, 0xfd,
  0xfb, 0xfc, 0xfc, 0xf8, 0xfa, 0xf1, 0xf7, 0xeb, 0xde, 0x99, 0x46, 0x27, 0x17, 0x6a, 0x30, 0x15,
  0x0a, 0x00, 0x08, 0x01, 0x00, 0x01, 0x00, 0x00, 0x07, 0x0a, 0x00, 0x01, 0x00, 0x00, 0x00, 0x00,
  0x00, 0x00, 0x00, 0x00, 0x00, 0x00, 0x00, 0x00, 0x00, 0x00, 0x00, 0x00, 0x00, 0x00, 0x00, 0x00,
  0x00, 0x00, 0x00, 0x00, 0x00, 0x00, 0x00, 0x00, 0x00, 0x00, 0x00, 0x00, 0x00, 0x00, 0x01, 0x00,
  0x00, 0x00, 0x00, 0x00, 0x01, 0x00, 0x00, 0x00, 0x01, 0x00, 0x06, 0x07, 0x04, 0x01, 0x00, 0x00,
  0x00, 0x00, 0x00, 0x04, 0x03, 0x15, 0x0d, 0x1b, 0x17, 0x25, 0x38, 0x9a, 0xe1, 0xe0, 0xfe, 0xf7,
  0xf5, 0xfd, 0xff, 0xff, 0xf8, 0xfc, 0xfb, 0xf9, 0xfb, 0xfb, 0xfd, 0xfb, 0xfc, 0xfe, 0xfc, 0xfa,
  0xfd, 0xfa, 0xfc, 0xfb, 0xfd, 0xfb, 0xfb, 0xf7, 0xe6, 0xca, 0x68, 0x80, 0xa8, 0xd4, 0x81, 0x4c,
  0x00, 0x00, 0x00, 0x00, 0x00, 0x00, 0x00, 0x00, 0x00, 0x00, 0x00, 0x00, 0x00, 0x00, 0x00, 0x00,
  0x00, 0x00, 0x00, 0x00, 0x00, 0x00, 0x00, 0x00, 0x00, 0x00, 0x00, 0x00, 0x00, 0x00, 0x00, 0x00,
  0x00, 0x00, 0x00, 0x00, 0x00, 0x00, 0x00, 0x00, 0x00, 0x00, 0x00, 0x00, 0x01, 0x00, 0x06, 0x07,
  0x1f, 0x3b, 0xc7, 0xe6, 0xe0, 0xf4, 0xe8, 0xe6, 0xf4, 0xf2, 0xf5, 0xf7, 0xfb, 0xfc, 0xfe, 0xfd,
  0xfe, 0xfb, 0xfa, 0xfa, 0xfc, 0xfa, 0xff, 0xfc, 0xfc, 0xf3, 0xf9, 0xf9, 0xf4, 0xf3, 0xf4, 0xe6,
  0xc2, 0x5d, 0x19, 0x05, 0x0a, 0x1c, 0x17, 0x1e, 0x2f, 0x09, 0x06, 0x03, 0x04, 0x00, 0x01, 0x07,
  0x0e, 0x01, 0x01, 0x04, 0x01, 0x00, 0x00, 0x00, 0x00, 0x00, 0x00, 0x00, 0x00, 0x00, 0x00, 0x00,
  0x00, 0x00, 0x00, 0x00, 0x00, 0x00, 0x00, 0x00, 0x00, 0x00, 0x00, 0x00, 0x00, 0x00, 0x00, 0x00,
  0x00, 0x00, 0x00, 0x00, 0x00, 0x00, 0x00, 0x00, 0x01, 0x00, 0x00, 0x00, 0x00, 0x00, 0x00, 0x00,
  0x02, 0x00, 0x00, 0x00, 0x00, 0x00, 0x00, 0x00, 0x00, 0x00, 0x00, 0x00, 0x00, 0x07, 0x08, 0x07,
  0x10, 0x14, 0x20, 0x34, 0x5b, 0x70, 0xc0, 0xe1, 0xec, 0xf5, 0xfd, 0xf4, 0xfd, 0xfa, 0xf8, 0xfb,
  0xfc, 0xf9, 0xfc, 0xfb, 0xfd, 0xfb, 0xfd, 0xfc, 0xfb, 0xfa, 0xfc, 0xfb, 0xfd, 0xfa, 0xfc, 0xef,
  0xda, 0xb6, 0x74, 0xbb, 0xc0, 0xd2, 0x8a, 0x5c, 0x00, 0x00, 0x00, 0x00, 0x00, 0x00, 0x00, 0x00,
  0x00, 0x00, 0x00, 0x00, 0x00, 0x00, 0x00, 0x00, 0x00, 0x00, 0x00, 0x00, 0x00, 0x00, 0x00, 0x00,
  0x00, 0x00, 0x00, 0x00, 0x00, 0x00, 0x00, 0x00, 0x00, 0x00, 0x00, 0x00, 0x00, 0x00, 0x00, 0x01,
  0x00, 0x05, 0x00, 0x00, 0x02, 0x06, 0x09, 0x0a, 0x14, 0x23, 0xa2, 0xe6, 0xe9, 0xeb, 0xf0, 0xf5,
  0xf7, 0xf5, 0xf9, 0xf9, 0xf9, 0xfb, 0xfe, 0xfd, 0xfe, 0xfc, 0xfc, 0xfd, 0xfd, 0xfc, 0xfb, 0xf8,
  0xfb, 0xfa, 0xfd, 0xfa, 0xea, 0xf2, 0xec, 0xb1, 0x60, 0x28, 0x0a, 0x07, 0x04, 0x05, 0x0c, 0xad,
  0xce, 0x3f, 0x11, 0x0c, 0x01, 0x02, 0x00, 0x02, 0x00, 0x00, 0x00, 0x00, 0x00, 0x00, 0x00, 0x00,
  0x00, 0x00, 0x00, 0x00, 0x00, 0x00, 0x00, 0x00, 0x00, 0x00, 0x00, 0x00, 0x00, 0x00, 0x00, 0x00,
  0x00, 0x00, 0x00, 0x00, 0x00, 0x00, 0x00, 0x00, 0x00, 0x00, 0x00, 0x00, 0x00, 0x00, 0x00, 0x00,
  0x00, 0x00, 0x00, 0x00, 0x00, 0x00, 0x00, 0x00, 0x00, 0x00, 0x00, 0x00, 0x00, 0x00, 0x00, 0x00,
  0x00, 0x00, 0x00, 0x00, 0x00, 0x08, 0x0d, 0x0a, 0x17, 0x1c, 0x16, 0x19, 0x20, 0x29, 0x6b, 0xb4,
  0xed, 0xfb, 0xf8, 0xfc, 0xfc, 0xfa, 0xfa, 0xfc, 0xfb, 0xfd, 0xfc, 0xfb, 0xfc, 0xfa, 0xfc, 0xfd,
  0xfc, 0xfb, 0xfc, 0xfd, 0xfc, 0xfc, 0xf9, 0xef, 0xf0, 0xdf, 0xce, 0xf3, 0xef, 0xd1, 0x94, 0xc2,
  0x00, 0x00, 0x00, 0x00, 0x00, 0x00, 0x00, 0x00, 0x00, 0x00, 0x00, 0x00, 0x00, 0x00, 0x00, 0x00,
  0x00, 0x00, 0x00, 0x00, 0x00, 0x00, 0x00, 0x00, 0x00, 0x00, 0x00, 0x00, 0x00, 0x00, 0x00, 0x00,
  0x00, 0x00, 0x00, 0x01, 0x00, 0x02, 0x01, 0x02, 0x00, 0x03, 0x04, 0x05, 0x05, 0x03, 0x09, 0x41,
  0x22, 0x3a, 0x50, 0xae, 0xee, 0xf4, 0xf5, 0xf7, 0xfa, 0xfc, 0xfb, 0xf9, 0xfb, 0xff, 0xfc, 0xfc,
  0xfc, 0xfe, 0xfa, 0xfc, 0xfc, 0xfb, 0xf6, 0xfa, 0xfa, 0xfe, 0xfc, 0xf9, 0xea, 0xed, 0xa3, 0x44,
  0x0e, 0x0f, 0x05, 0x0a, 0x06, 0x09, 0x14, 0x68, 0xce, 0x8d, 0x2f, 0x0b, 0x04, 0x09, 0x02, 0x01,
  0x00, 0x00, 0x00, 0x00, 0x00, 0x00, 0x00, 0x00, 0x00, 0x00, 0x00, 0x00, 0x00, 0x00, 0x00, 0x00,
  0x00, 0x00, 0x00, 0x00, 0x00, 0x00, 0x00, 0x00, 0x00, 0x00, 0x00, 0x00, 0x00, 0x00, 0x00, 0x00,
  0x00, 0x00, 0x00, 0x00, 0x00, 0x00, 0x00, 0x01, 0x00, 0x01, 0x00, 0x00, 0x01, 0x00, 0x00, 0x00,
  0x00, 0x00, 0x00, 0x00, 0x00, 0x00, 0x00, 0x00, 0x00, 0x00, 0x00, 0x00, 0x00, 0x07, 0x06, 0x08,
  0x08, 0x13, 0x10, 0x1d, 0x40, 0x28, 0x41, 0x7d, 0xa8, 0xdc, 0xf2, 0xf4, 0xed, 0xfa, 0xfa, 0xfd,
  0xfc, 0xfe, 0xfc, 0xfd, 0xfa, 0xfb, 0xfc, 0xfc, 0xfa, 0xfe, 0xfb, 0xfd, 0xfd, 0xfd, 0xf9, 0xf8,
  0xfb, 0xf6, 0xf9, 0xfa, 0xf2, 0xeb, 0xb9, 0xb3, 0x00, 0x00, 0x00, 0x00, 0x00, 0x00, 0x00, 0x00,
  0x00, 0x00, 0x00, 0x00, 0x00, 0x00, 0x00, 0x00, 0x00, 0x00, 0x00, 0x00, 0x00, 0x00, 0x00, 0x00,
  0x00, 0x00, 0x00, 0x00, 0x00, 0x00, 0x00, 0x00, 0x00, 0x00, 0x02, 0x01, 0x00, 0x05, 0x01, 0x01,
  0x00, 0x06, 0x05, 0x06, 0x0c, 0x02, 0x09, 0x2c, 0x20, 0x28, 0x28, 0x45, 0x76, 0xf4, 0xf5, 0xf9,
  0xfd, 0xfe, 0xfd, 0xfb, 0xfd, 0xfd, 0xfe, 0xfd, 0xfd, 0xfb, 0xfc, 0xfb, 0xfa, 0xfb, 0xf6, 0xfc,
  0xfa, 0xf8, 0xfb, 0xfa, 0xae, 0x91, 0x20, 0x05, 0x0e, 0x08, 0x08, 0x04, 0x00, 0x13, 0x00, 0x18,
  0x2b, 0x1e, 0x1f, 0x00, 0x04, 0x01, 0x00, 0x00, 0x00, 0x00, 0x00, 0x00, 0x00, 0x00, 0x00, 0x00,
  0x00, 0x00, 0x00, 0x00, 0x00, 0x00, 0x00, 0x00, 0x00, 0x00, 0x00, 0x00, 0x00, 0x00, 0x00, 0x00,
  0x00, 0x00, 0x00, 0x00, 0x00, 0x00, 0x00, 0x00, 0x00, 0x00, 0x00, 0x00, 0x00, 0x00, 0x00, 0x01,
  0x00, 0x00, 0x00, 0x00, 0x00, 0x00, 0x00, 0x00, 0x00, 0x00, 0x00, 0x00, 0x00, 0x00, 0x00, 0x00,
  0x00, 0x00, 0x00, 0x00, 0x00, 0x03, 0x05, 0x00, 0x02, 0x08, 0x10, 0x53, 0x7e, 0x1a, 0x1d, 0x46,
  0x63, 0x6c, 0xb6, 0xd9, 0xfc, 0xf8, 0xfa, 0xfb, 0xfa, 0xfc, 0xfb, 0xfd, 0xfb, 0xfb, 0xf9, 0xfc,
  0xfc, 0xfd, 0xfd, 0xfb, 0xfc, 0xfd, 0xfa, 0xfc, 0xfa, 0xfa, 0xfc, 0xfc, 0xf2, 0xe4, 0xcc, 0x8b,
  0x00, 0x00, 0x00, 0x00, 0x00, 0x00, 0x00, 0x00, 0x00, 0x00, 0x00, 0x00, 0x00, 0x00, 0x00, 0x00,
  0x00, 0x00, 0x00, 0x00, 0x00, 0x00, 0x00, 0x00, 0x00, 0x00, 0x00, 0x00, 0x00, 0x00, 0x00, 0x00,
  0x00, 0x00, 0x03, 0x0f, 0x04, 0x13, 0x07, 0x00, 0x00, 0x09, 0x0a, 0x06, 0x11, 0x02, 0x07, 0x1c,
  0x2a, 0x40, 0x71, 0x94, 0xc9, 0xf3, 0xfc, 0xf8, 0xfc, 0xfc, 0xfa, 0xf9, 0xfb, 0xfb, 0xfd, 0xfb,
  0xfb, 0xfe, 0xfc, 0xfb, 0xfb, 0xfb, 0xfb, 0xf4, 0xf6, 0xfa, 0xf7, 0xd8, 0x6d, 0x0b, 0x14, 0x0d,
  0x06, 0x00, 0x00, 0x00, 0x00, 0x00, 0x07, 0x07, 0x00, 0x00, 0x0c, 0x04, 0x04, 0x00, 0x00, 0x00,
  0x00, 0x00, 0x00, 0x00, 0x00, 0x00, 0x00, 0x00, 0x00, 0x00, 0x00, 0x00, 0x00, 0x00, 0x00, 0x00,
  0x00, 0x00, 0x00, 0x00, 0x00, 0x00, 0x00, 0x00, 0x00, 0x00, 0x00, 0x00, 0x00, 0x00, 0x00, 0x00,
  0x00, 0x00, 0x00, 0x00, 0x00, 0x00, 0x00, 0x00, 0x00, 0x00, 0x00, 0x00, 0x00, 0x00, 0x00, 0x00,
  0x01, 0x00, 0x00, 0x00, 0x00, 0x00, 0x00, 0x00, 0x00, 0x00, 0x00, 0x00, 0x00, 0x06, 0x05, 0x00,
  0x09, 0x05, 0x13, 0x2e, 0x88, 0x27, 0x28, 0x51, 0x3a, 0x3e, 0x46, 0xca, 0xf1, 0xfa, 0xfc, 0xf9,
  0xfa, 0xfe, 0xfb, 0xfb, 0xfb, 0xfd, 0xfe, 0xfc, 0xfa, 0xfd, 0xfa, 0xfc, 0xfb, 0xfd, 0xfc, 0xf8,
  0xfb, 0xfa, 0xfa, 0xf9, 0xf3, 0xe3, 0xe9, 0xc4, 0x00, 0x00, 0x00, 0x00, 0x00, 0x00, 0x00, 0x00,
  0x00, 0x00, 0x00, 0x00, 0x00, 0x00, 0x00, 0x00, 0x00, 0x00, 0x00, 0x00, 0x00, 0x00, 0x00, 0x00,
  0x00, 0x00, 0x00, 0x00, 0x00, 0x00, 0x00, 0x00, 0x00, 0x03, 0x0d, 0x17, 0x4a, 0xc0, 0xa3, 0x1a,
  0x06, 0x08, 0x0a, 0x01, 0x02, 0x09, 0x11, 0x23, 0x36, 0x69, 0x9d, 0xc1, 0xdc, 0xf9, 0xf8, 0xf8,
  0xfa, 0xfe, 0xf9, 0xfa, 0xf8, 0xfc, 0xfd, 0xfb, 0xfd, 0xfe, 0xfd, 0xfb, 0xfc, 0xf8, 0xf3, 0xf2,
  0xf5, 0xf7, 0xee, 0x7d, 0x22, 0x0c, 0x0e, 0x00, 0x05, 0x00, 0x00, 0x00, 0x00, 0x00, 0x00, 0x00,
  0x00, 0x02, 0x01, 0x00, 0x00, 0x00, 0x00, 0x00, 0x00, 0x00, 0x00, 0x00, 0x00, 0x00, 0x00, 0x00,
  0x00, 0x00, 0x00, 0x00, 0x00, 0x00, 0x00, 0x00, 0x00, 0x00, 0x00, 0x00, 0x00, 0x00, 0x00, 0x00,
  0x00, 0x00, 0x00, 0x00, 0x00, 0x00, 0x00, 0x00, 0x00, 0x00, 0x00, 0x00, 0x00, 0x00, 0x00, 0x00,
  0x04, 0x05, 0x00, 0x00, 0x08, 0x00, 0x00, 0x00, 0x00, 0x01, 0x00, 0x00, 0x00, 0x00, 0x00, 0x00,
  0x00, 0x01, 0x00, 0x00, 0x00, 0x01, 0x00, 0x00, 0x0b, 0x0e, 0x10, 0x19, 0x8c, 0x29, 0x2a, 0x4e,
  0x21, 0x28, 0x3c, 0xd6, 0xf4, 0xfa, 0xf8, 0xf8, 0xfe, 0xfe, 0xfc, 0xfc, 0xfc, 0xfe, 0xfc, 0xfb,
  0xfd, 0xfe, 0xfc, 0xfc, 0xfb, 0xfd, 0xf9, 0xf6, 0xfd, 0xfc, 0xf9, 0xf3, 0xf2, 0xec, 0xe4, 0xf1,
  0x00, 0x00, 0x00, 0x00, 0x00, 0x00, 0x00, 0x00, 0x00, 0x00, 0x00, 0x00, 0x00, 0x00, 0x00, 0x00,
  0x00, 0x00, 0x00, 0x00, 0x00, 0x00, 0x00, 0x00, 0x00, 0x00, 0x00, 0x00, 0x00, 0x00, 0x00, 0x00,
  0x00, 0x00, 0x0a, 0x16, 0x63, 0xcd, 0xe2, 0xc6, 0x7c, 0x26, 0x0a, 0x0e, 0x0b, 0x11, 0x23, 0x1b,
  0x35, 0x69, 0x83, 0xcf, 0xee, 0xf6, 0xfa, 0xf8, 0xfb, 0xfb, 0xfb, 0xfa, 0xfb, 0xfb, 0xfd, 0xfc,
  0xfe, 0xfe, 0xfd, 0xfd, 0xf9, 0xf3, 0xf5, 0xf7, 0xfb, 0xd8, 0xa2, 0x5e, 0x24, 0x13, 0x13, 0x00,
  0x00, 0x00, 0x00, 0x00, 0x00, 0x00, 0x00, 0x04, 0x00, 0x05, 0x02, 0x00, 0x00, 0x00, 0x00, 0x00,
  0x00, 0x00, 0x00, 0x00, 0x00, 0x00, 0x00, 0x00, 0x00, 0x00, 0x00, 0x00, 0x00, 0x00, 0x00, 0x00,
  0x00, 0x00, 0x00, 0x00, 0x00, 0x00, 0x00, 0x00, 0x00, 0x00, 0x00, 0x00, 0x00, 0x00, 0x00, 0x00,
  0x00, 0x00, 0x00, 0x00, 0x00, 0x00, 0x03, 0x02, 0x00, 0x00, 0x00, 0x00, 0x00, 0x00, 0x00, 0x00,
  0x00, 0x00, 0x00, 0x00, 0x00, 0x00, 0x00, 0x00, 0x00, 0x00, 0x00, 0x00, 0x00, 0x00, 0x02, 0x02,
  0x00, 0x00, 0x0b, 0x25, 0x86, 0x28, 0x1f, 0x61, 0x3e, 0x2c, 0xa2, 0xe8, 0xf1, 0xf6, 0xf6, 0xf6,
  0xfb, 0xfc, 0xfd, 0xfa, 0xf8, 0xfe, 0xfd, 0xfd, 0xfd, 0xfc, 0xfe, 0xfb, 0xfd, 0xfc, 0xff, 0xf9,
  0xfb, 0xfc, 0xfc, 0xfc, 0xfa, 0xf0, 0xef, 0xee, 0x00, 0x00, 0x00, 0x00, 0x00, 0x00, 0x00, 0x00,
  0x00, 0x00, 0x00, 0x00, 0x00, 0x00, 0x00, 0x00, 0x00, 0x00, 0x00, 0x00, 0x00, 0x00, 0x00, 0x00,
  0x00, 0x00, 0x00, 0x00, 0x00, 0x02, 0x07, 0x00, 0x08, 0x19, 0x29, 0x21, 0x7d, 0x26, 0xae, 0xe9,
  0xec, 0x77, 0x20, 0x00, 0x03, 0x46, 0x6f, 0xb9, 0xcd, 0xe0, 0xf0, 0xf1, 0xf3, 0xf7, 0xfe, 0xfa,
  0xfb, 0xfa, 0xfd, 0xfc, 0xfe, 0xff, 0xfd, 0xfb, 0xfd, 0xfd, 0xf8, 0xf9, 0xfb, 0xf2, 0xf6, 0xf2,
  0xe5, 0x81, 0x75, 0x4b, 0x20, 0x07, 0x03, 0x00, 0x03, 0x01, 0x01, 0x01, 0x00, 0x00, 0x00, 0x00,
  0x00, 0x00, 0x00, 0x00, 0x00, 0x00, 0x00, 0x00, 0x00, 0x00, 0x00, 0x00, 0x00, 0x00, 0x00, 0x00,
  0x00, 0x00, 0x00, 0x00, 0x00, 0x00, 0x00, 0x00, 0x00, 0x00, 0x00, 0x00, 0x00, 0x00, 0x00, 0x00,
  0x00, 0x00, 0x00, 0x00, 0x00, 0x00, 0x00, 0x00, 0x00, 0x00, 0x00, 0x00, 0x00, 0x00, 0x00, 0x00,
  0x00, 0x00, 0x00, 0x00, 0x00, 0x00, 0x00, 0x00, 0x00, 0x00, 0x00, 0x00, 0x00, 0x00, 0x00, 0x00,
  0x00, 0x00, 0x00, 0x00, 0x00, 0x01, 0x00, 0x02, 0x04, 0x04, 0x14, 0x3c, 0x4e, 0x0a, 0x11, 0x13,
  0x4a, 0xe6, 0xf3, 0xf2, 0xff, 0xf7, 0xf7, 0xfb, 0xf7, 0xf9, 0xfb, 0xfc, 0xfc, 0xfd, 0xfd, 0xf9,
  0xfb, 0xfa, 0xfc, 0xf9, 0xfc, 0xfd, 0xfd, 0xfa, 0xfc, 0xfb, 0xfd, 0xfc, 0xfd, 0xf7, 0xf9, 0xf7,
  0x00, 0x00, 0x00, 0x00, 0x00, 0x00, 0x00, 0x00, 0x00, 0x00, 0x00, 0x00, 0x00, 0x00, 0x00, 0x00,
  0x00, 0x00, 0x00, 0x00, 0x00, 0x00, 0x00, 0x00, 0x00, 0x00, 0x00, 0x00, 0x00, 0x00, 0x00, 0x01,
  0x01, 0x03, 0x05, 0x08, 0x26, 0x14, 0x13, 0xa1, 0xeb, 0xf4, 0xdf, 0x9e, 0x26, 0xba, 0xce, 0xda,
  0xe0, 0xf1, 0xf6, 0xf8, 0xfc, 0xfb, 0xfb, 0xfb, 0xfc, 0xfb, 0xfc, 0xfa, 0xfd, 0xfd, 0xfa, 0xfc,
  0xfd, 0xf9, 0xf7, 0xfb, 0xfa, 0xf3, 0xf1, 0xf0, 0x84, 0x3d, 0x3d, 0x39, 0x1a, 0x02, 0x02, 0x07,
  0x01, 0x00, 0x00, 0x00, 0x00, 0x00, 0x00, 0x00, 0x00, 0x00, 0x00, 0x00, 0x00, 0x00, 0x00, 0x00,
  0x00, 0x00, 0x00, 0x00, 0x00, 0x00, 0x00, 0x00, 0x00, 0x00, 0x00, 0x00, 0x00, 0x00, 0x00, 0x00,
  0x00, 0x00, 0x00, 0x00, 0x00, 0x00, 0x00, 0x00, 0x00, 0x00, 0x00, 0x00, 0x00, 0x00, 0x00, 0x00,
  0x00, 0x00, 0x00, 0x00, 0x00, 0x00, 0x00, 0x00, 0x00, 0x00, 0x00, 0x00, 0x00, 0x00, 0x00, 0x00,
  0x00, 0x00, 0x00, 0x00, 0x00, 0x00, 0x00, 0x00, 0x00, 0x00, 0x00, 0x00, 0x00, 0x00, 0x00, 0x00,
  0x03, 0x00, 0x03, 0x0c, 0x0d, 0x07, 0x17, 0x90, 0xe1, 0xf8, 0xf0, 0xf9, 0xda, 0xf9, 0xf1, 0xf4,
  0xfa, 0xf6, 0xfb, 0xfc, 0xfa, 0xfa, 0xfc, 0xfb, 0xfa, 0xfc, 0xfc, 0xf9, 0xfc, 0xfb, 0xfa, 0xfc,
  0xfc, 0xfa, 0xfb, 0xfb, 0xfc, 0xfa, 0xfa, 0xf8, 0x00, 0x00, 0x00, 0x00, 0x00, 0x00, 0x00, 0x00,
  0x00, 0x00, 0x00, 0x00, 0x00, 0x00, 0x00, 0x00, 0x00, 0x00, 0x00, 0x00, 0x00, 0x00, 0x00, 0x00,
  0x00, 0x00, 0x00, 0x00, 0x00, 0x00, 0x00, 0x00, 0x00, 0x03, 0x00, 0x01, 0x0b, 0x0c, 0x08, 0x26,
  0x74, 0xed, 0xf5, 0xf9, 0xfa, 0xf1, 0xec, 0xea, 0xee, 0xf5, 0xf9, 0xfa, 0xfa, 0xfd, 0xff, 0xfd,
  0xfd, 0xfc, 0xfd, 0xfe, 0xfc, 0xfb, 0xfc, 0xfb, 0xfc, 0xfa, 0xfb, 0xfc, 0xf5, 0xf3, 0xee, 0xc8,
  0x61, 0x44, 0x43, 0x24, 0x0b, 0x01, 0x02, 0x03, 0x01, 0x01, 0x00, 0x00, 0x01, 0x00, 0x00, 0x00,
  0x00, 0x00, 0x00, 0x00, 0x00, 0x00, 0x00, 0x00, 0x00, 0x00, 0x00, 0x00, 0x00, 0x00, 0x00, 0x00,
  0x00, 0x00, 0x00, 0x00, 0x00, 0x00, 0x00, 0x00, 0x00, 0x00, 0x00, 0x00, 0x00, 0x00, 0x00, 0x00,
  0x00, 0x00, 0x00, 0x00, 0x00, 0x00, 0x00, 0x00, 0x00, 0x00, 0x00, 0x00, 0x00, 0x00, 0x00, 0x00,
  0x00, 0x00, 0x00, 0x00, 0x00, 0x00, 0x00, 0x00, 0x00, 0x00, 0x00, 0x00, 0x00, 0x00, 0x00, 0x00,
  0x00, 0x00, 0x00, 0x00, 0x00, 0x00, 0x00, 0x00, 0x03, 0x03, 0x00, 0x05, 0x10, 0x27, 0x63, 0xe9,
  0xde, 0xec, 0xf0, 0xef, 0xe7, 0xf6, 0xe5, 0xe8, 0xf6, 0xfb, 0xff, 0xff, 0xfe, 0xfc, 0xfc, 0xfc,
  0xfc, 0xfb, 0xfc, 0xfd, 0xfb, 0xfb, 0xfc, 0xfb, 0xfe, 0xfb, 0xfc, 0xff, 0xfb, 0xfa, 0xfd, 0xfd,
  0x00, 0x00, 0x00, 0x00, 0x00, 0x00, 0x00, 0x00, 0x00, 0x00, 0x00, 0x00, 0x00, 0x00, 0x00, 0x00,
  0x00, 0x00, 0x00, 0x00, 0x00, 0x00, 0x00, 0x00, 0x00, 0x00, 0x00, 0x00, 0x00, 0x00, 0x00, 0x00,
  0x00, 0x00, 0x00, 0x02, 0x15, 0x05, 0x0f, 0x11, 0x15, 0xa7, 0xdb, 0xf9, 0xfb, 0xf8, 0xf6, 0xfa,
  0xf7, 0xfa, 0xfd, 0xfa, 0xfc, 0xfe, 0xfc, 0xfd, 0xfc, 0xfd, 0xfc, 0xfd, 0xfe, 0xfc, 0xfc, 0xfd,
  0xfb, 0xfb, 0xfa, 0xf2, 0xf4, 0xa5, 0xa5, 0x4e, 0x68, 0x36, 0x16, 0x0f, 0x0a, 0x01, 0x02, 0x01,
  0x00, 0x01, 0x00, 0x00, 0x00, 0x00, 0x00, 0x00, 0x00, 0x00, 0x00, 0x00, 0x00, 0x00, 0x00, 0x00,
  0x00, 0x00, 0x00, 0x00, 0x00, 0x00, 0x00, 0x00, 0x00, 0x00, 0x00, 0x00, 0x00, 0x00, 0x00, 0x00,
  0x00, 0x00, 0x00, 0x00, 0x00, 0x00, 0x00, 0x00, 0x00, 0x00, 0x00, 0x00, 0x00, 0x00, 0x00, 0x00,
  0x00, 0x00, 0x00, 0x00, 0x00, 0x00, 0x00, 0x00, 0x00, 0x00, 0x00, 0x00, 0x00, 0x00, 0x00, 0x03,
  0x00, 0x00, 0x00, 0x00, 0x00, 0x00, 0x00, 0x00, 0x00, 0x00, 0x00, 0x00, 0x00, 0x01, 0x00, 0x01,
  0x02, 0x00, 0x00, 0x07, 0x07, 0x45, 0xd8, 0xdd, 0xe9, 0xf1, 0xd1, 0xd2, 0xe6, 0xbf, 0xca, 0xcb,
  0xde, 0xeb, 0xf5, 0xf8, 0xf7, 0xfc, 0xfb, 0xfc, 0xfa, 0xfc, 0xfa, 0xfc, 0xfc, 0xfe, 0xfa, 0xfd,
  0xfc, 0xfe, 0xfd, 0xfd, 0xfd, 0xfd, 0xfb, 0xfb, 0x00, 0x00, 0x00, 0x00, 0x00, 0x00, 0x00, 0x00,
  0x00, 0x00, 0x00, 0x00, 0x00, 0x00, 0x00, 0x00, 0x00, 0x00, 0x00, 0x00, 0x00, 0x00, 0x00, 0x00,
  0x00, 0x00, 0x00, 0x00, 0x00, 0x02, 0x00, 0x00, 0x00, 0x00, 0x01, 0x00, 0x07, 0x08, 0x00, 0x1f,
  0x18, 0x4b, 0xaf, 0xca, 0xf4, 0xfc, 0xf7, 0xfa, 0xfd, 0xf9, 0xfc, 0xfa, 0xfb, 0xfc, 0xfa, 0xfd,
  0xfd, 0xfc, 0xfd, 0xfd, 0xfb, 0xfc, 0xfb, 0xfa, 0xf9, 0xf7, 0xed, 0xe0, 0xc2, 0x7f, 0x2b, 0x24,
  0x24, 0x26, 0x1f, 0x09, 0x07, 0x01, 0x05, 0x01, 0x00, 0x00, 0x00, 0x00, 0x00, 0x00, 0x00, 0x00,
  0x00, 0x00, 0x00, 0x00, 0x00, 0x00, 0x00, 0x00, 0x00, 0x00, 0x00, 0x00, 0x00, 0x00, 0x00, 0x00,
  0x00, 0x00, 0x00, 0x00, 0x00, 0x00, 0x00, 0x00, 0x00, 0x00, 0x00, 0x00, 0x00, 0x00, 0x00, 0x00,
  0x00, 0x00, 0x00, 0x00, 0x00, 0x00, 0x00, 0x00, 0x00, 0x00, 0x00, 0x00, 0x00, 0x00, 0x00, 0x00,
  0x00, 0x00, 0x00, 0x00, 0x00, 0x01, 0x00, 0x00, 0x00, 0x00, 0x00, 0x00, 0x00, 0x00, 0x00, 0x00,
  0x00, 0x00, 0x00, 0x00, 0x00, 0x00, 0x00, 0x00, 0x01, 0x03, 0x08, 0x00, 0x3b, 0xee, 0xe7, 0xf1,
  0xc7, 0x4f, 0x26, 0x65, 0xb6, 0x4f, 0x91, 0xbc, 0xe7, 0xdd, 0xf2, 0xf0, 0xfc, 0xfc, 0xfa, 0xfd,
  0xfa, 0xfb, 0xfa, 0xfa, 0xfa, 0xfc, 0xfb, 0xfc, 0xfb, 0xfc, 0xfb, 0xfb, 0xfb, 0xfc, 0xf9, 0xfb,
  0x00, 0x00, 0x00, 0x00, 0x00, 0x00, 0x00, 0x00, 0x00, 0x00, 0x00, 0x00, 0x00, 0x00, 0x00, 0x00,
  0x00, 0x00, 0x00, 0x00, 0x00, 0x00, 0x00, 0x00, 0x00, 0x00, 0x00, 0x00, 0x00, 0x03, 0x00, 0x00,
  0x00, 0x00, 0x00, 0x00, 0x02, 0x07, 0x02, 0x21, 0x1d, 0x2c, 0xba, 0xe6, 0xf7, 0xfb, 0xf9, 0xfb,
  0xfb, 0xfb, 0xfa, 0xfa, 0xfd, 0xfb, 0xfe, 0xfd, 0xfb, 0xfd, 0xfe, 0xfb, 0xfd, 0xfb, 0xfe, 0xf9,
  0xf4, 0xf7, 0xea, 0xea, 0x79, 0x6f, 0x39, 0x17, 0x14, 0x16, 0x09, 0x03, 0x07, 0x01, 0x02, 0x00,
  0x00, 0x00, 0x01, 0x00, 0x00, 0x00, 0x00, 0x00, 0x00, 0x00, 0x00, 0x00, 0x00, 0x00, 0x00, 0x00,
  0x00, 0x00, 0x00, 0x00, 0x00, 0x00, 0x00, 0x00, 0x00, 0x00, 0x00, 0x00, 0x00, 0x00, 0x00, 0x00,
  0x00, 0x00, 0x00, 0x00, 0x00, 0x00, 0x00, 0x00, 0x00, 0x00, 0x00, 0x00, 0x00, 0x00, 0x00, 0x00,
  0x00, 0x00, 0x00, 0x00, 0x00, 0x00, 0x00, 0x00, 0x00, 0x00, 0x00, 0x00, 0x00, 0x00, 0x00, 0x00,
  0x01, 0x00, 0x00, 0x00, 0x00, 0x00, 0x00, 0x00, 0x00, 0x00, 0x00, 0x00, 0x00, 0x00, 0x00, 0x00,
  0x00, 0x00, 0x00, 0x3c, 0xd8, 0xf2, 0xb4, 0x4b, 0x2a, 0x14, 0x40, 0x7a, 0x8f, 0x46, 0x58, 0xd9,
  0xed, 0xef, 0xe1, 0xe5, 0xf2, 0xfb, 0xfb, 0xf9, 0xfa, 0xfd, 0xfb, 0xfa, 0xfb, 0xfc, 0xfc, 0xfc,
  0xfa, 0xfb, 0xfb, 0xfb, 0xf9, 0xfd, 0xfc, 0xfc, 0x00, 0x00, 0x00, 0x00, 0x00, 0x00, 0x00, 0x00,
  0x00, 0x00, 0x00, 0x00, 0x00, 0x00, 0x00, 0x00, 0x00, 0x00, 0x00, 0x00, 0x00, 0x00, 0x00, 0x00,
  0x00, 0x00, 0x00, 0x00, 0x00, 0x00, 0x00, 0x00, 0x00, 0x00, 0x00, 0x00, 0x00, 0x0e, 0x08, 0x23,
  0x3a, 0x41, 0xb2, 0xc8, 0xe1, 0xf9, 0xfc, 0xfb, 0xfd, 0xfc, 0xfd, 0xfd, 0xfd, 0xfd, 0xfd, 0xfd,
  0xfe, 0xfe, 0xfe, 0xfc, 0xfd, 0xfd, 0xfb, 0xf9, 0xfa, 0xf5, 0xf4, 0xda, 0x67, 0x42, 0x20, 0x08,
  0x05, 0x0b, 0x06, 0x05, 0x07, 0x00, 0x00, 0x00, 0x00, 0x00, 0x00, 0x00, 0x00, 0x00, 0x00, 0x00,
  0x00, 0x00, 0x00, 0x00, 0x00, 0x00, 0x00, 0x00, 0x00, 0x00, 0x00, 0x00, 0x00, 0x00, 0x00, 0x00,
  0x00, 0x00, 0x00, 0x00, 0x00, 0x00, 0x00, 0x00, 0x00, 0x00, 0x00, 0x00, 0x00, 0x00, 0x00, 0x00,
  0x00, 0x00, 0x00, 0x00, 0x00, 0x00, 0x00, 0x00, 0x00, 0x00, 0x00, 0x00, 0x00, 0x00, 0x00, 0x00,
  0x00, 0x00, 0x00, 0x00, 0x00, 0x00, 0x00, 0x00, 0x00, 0x00, 0x00, 0x00, 0x00, 0x00, 0x00, 0x00,
  0x00, 0x00, 0x00, 0x00, 0x00, 0x00, 0x00, 0x04, 0x03, 0x07, 0x4b, 0xdc, 0xcd, 0x7e, 0x0c, 0x0b,
  0x15, 0x26, 0x51, 0x52, 0x2e, 0x31, 0x3c, 0xbc, 0xe8, 0xef, 0xec, 0xd1, 0xd3, 0xfb, 0xfb, 0xfa,
  0xfb, 0xfe, 0xfc, 0xfa, 0xfc, 0xfb, 0xfc, 0xfb, 0xfc, 0xfd, 0xfc, 0xfc, 0xfb, 0xfc, 0xfb, 0xfd,
  0x00, 0x00, 0x00, 0x00, 0x00, 0x00, 0x00, 0x00, 0x00, 0x00, 0x00, 0x00, 0x00, 0x00, 0x00, 0x00,
  0x00, 0x00, 0x00, 0x00, 0x00, 0x00, 0x00, 0x00, 0x00, 0x00, 0x00, 0x00, 0x00, 0x00, 0x00, 0x00,
  0x00, 0x00, 0x00, 0x01, 0x04, 0x04, 0x0d, 0x36, 0x34, 0x72, 0xab, 0xe4, 0xfa, 0xfd, 0xf5, 0xf9,
  0xfc, 0xfe, 0xfb, 0xfb, 0xfd, 0xfc, 0xfc, 0xfc, 0xfc, 0xff, 0xfd, 0xfe, 0xfc, 0xfa, 0xf9, 0xf7,
  0xf6, 0xf8, 0xee, 0xb2, 0xb8, 0x4b, 0x2f, 0x0b, 0x01, 0x02, 0x01, 0x00, 0x0a, 0x00, 0x00, 0x00,
  0x00, 0x00, 0x00, 0x00, 0x00, 0x00, 0x00, 0x00, 0x00, 0x00, 0x00, 0x00, 0x00, 0x00, 0x00, 0x00,
  0x00, 0x00, 0x00, 0x00, 0x00, 0x00, 0x00, 0x00, 0x00, 0x00, 0x00, 0x00, 0x00, 0x00, 0x00, 0x00,
  0x00, 0x00, 0x00, 0x00, 0x00, 0x00, 0x00, 0x00, 0x00, 0x00, 0x00, 0x00, 0x00, 0x00, 0x00, 0x00,
  0x00, 0x00, 0x00, 0x00, 0x00, 0x00, 0x00, 0x00, 0x00, 0x00, 0x00, 0x00, 0x00, 0x00, 0x00, 0x00,
  0x00, 0x00, 0x00, 0x00, 0x00, 0x00, 0x00, 0x00, 0x00, 0x00, 0x00, 0x00, 0x00, 0x01, 0x02, 0x00,
  0x19, 0x67, 0xea, 0xcf, 0x1d, 0x09, 0x00, 0x0f, 0x0a, 0x07, 0x07, 0x0e, 0x0a, 0x62, 0x59, 0xa2,
  0xd4, 0xb1, 0xe9, 0xdb, 0xc2, 0xf9, 0xfb, 0xfc, 0xfc, 0xfc, 0xfb, 0xfa, 0xfb, 0xfc, 0xfd, 0xfe,
  0xfa, 0xfd, 0xfc, 0xfe, 0xfc, 0xfd, 0xfd, 0xfc, 0x00, 0x00, 0x00, 0x00, 0x00, 0x00, 0x00, 0x00,
  0x00, 0x00, 0x00, 0x00, 0x00, 0x00, 0x00, 0x00, 0x00, 0x00, 0x00, 0x00, 0x00, 0x00, 0x01, 0x00,
  0x03, 0x00, 0x00, 0x00, 0x00, 0x02, 0x01, 0x00, 0x02, 0x02, 0x09, 0x07, 0x0d, 0x18, 0x21, 0x7a,
  0x55, 0x4d, 0xdb, 0xf5, 0xf7, 0xed, 0xf4, 0xfa, 0xfa, 0xfd, 0xfc, 0xfb, 0xfd, 0xff, 0xff, 0xfd,
  0xf9, 0xfc, 0xff, 0xfd, 0xff, 0xfd, 0xf9, 0xf4, 0xee, 0xf6, 0xea, 0x97, 0x5d, 0x0e, 0x01, 0x00,
  0x00, 0x00, 0x00, 0x00, 0x01, 0x00, 0x00, 0x00, 0x00, 0x00, 0x00, 0x00, 0x00, 0x00, 0x00, 0x00,
  0x00, 0x00, 0x00, 0x00, 0x00, 0x00, 0x00, 0x00, 0x00, 0x00, 0x00, 0x00, 0x00, 0x00, 0x00, 0x00,
  0x00, 0x00, 0x00, 0x00, 0x00, 0x00, 0x00, 0x00, 0x00, 0x00, 0x00, 0x00, 0x00, 0x00, 0x00, 0x00,
  0x00, 0x00, 0x00, 0x00, 0x00, 0x00, 0x00, 0x00, 0x00, 0x00, 0x00, 0x00, 0x00, 0x00, 0x00, 0x00,
  0x00, 0x00, 0x00, 0x00, 0x00, 0x00, 0x00, 0x00, 0x00, 0x00, 0x00, 0x00, 0x00, 0x01, 0x01, 0x00,
  0x00, 0x05, 0x06, 0x06, 0x12, 0x00, 0x00, 0x19, 0xb6, 0xd7, 0x90, 0x1c, 0x04, 0x08, 0x06, 0x03,
  0x06, 0x00, 0x02, 0x1d, 0x22, 0x1c, 0x16, 0x45, 0x74, 0x9b, 0xe9, 0xdf, 0x6f, 0xed, 0xfb, 0xfa,
  0xfc, 0xfd, 0xfc, 0xfd, 0xff, 0xff, 0xff, 0xff, 0xfd, 0xfc, 0xfe, 0xfb, 0xff, 0xff, 0xfd, 0xfc,
  0x00, 0x00, 0x00, 0x00, 0x00, 0x00, 0x00, 0x00, 0x00, 0x00, 0x00, 0x00, 0x00, 0x00, 0x00, 0x00,
  0x00, 0x00, 0x00, 0x00, 0x00, 0x00, 0x00, 0x00, 0x05, 0x01, 0x01, 0x00, 0x04, 0x02, 0x01, 0x02,
  0x07, 0x04, 0x09, 0x06, 0x08, 0x0d, 0x13, 0x4b, 0xa9, 0x83, 0xdd, 0xdf, 0xeb, 0xf5, 0xf5, 0xf5,
  0xfd, 0xfb, 0xfa, 0xfa, 0xfd, 0xfc, 0xff, 0xfc, 0xff, 0xfd, 0xfd, 0xfd, 0xff, 0xf9, 0xfc, 0xf2,
  0xf0, 0xf3, 0xd2, 0x79, 0x2a, 0x04, 0x03, 0x00, 0x02, 0x00, 0x00, 0x00, 0x00, 0x00, 0x00, 0x00,
  0x00, 0x00, 0x00, 0x00, 0x00, 0x00, 0x00, 0x00, 0x01, 0x00, 0x00, 0x00, 0x00, 0x00, 0x00, 0x00,
  0x01, 0x00, 0x00, 0x00, 0x00, 0x00, 0x00, 0x00, 0x01, 0x00, 0x00, 0x00, 0x00, 0x00, 0x00, 0x00,
  0x01, 0x00, 0x00, 0x00, 0x00, 0x00, 0x00, 0x00, 0x00, 0x00, 0x00, 0x00, 0x00, 0x00, 0x00, 0x00,
  0x01, 0x00, 0x00, 0x00, 0x00, 0x00, 0x00, 0x00, 0x01, 0x00, 0x00, 0x00, 0x00, 0x00, 0x00, 0x00,
  0x01, 0x00, 0x00, 0x00, 0x00, 0x04, 0x00, 0x00, 0x05, 0x02, 0x01, 0x07, 0x07, 0x00, 0x08, 0x86,
  0xbc, 0x31, 0x03, 0x00, 0x05, 0x04, 0x05, 0x00, 0x08, 0x02, 0x04, 0x0a, 0x07, 0x36, 0x27, 0x24,
  0x29, 0x69, 0xd2, 0xe9, 0xa3, 0xf9, 0xfe, 0xfa, 0xfd, 0xfa, 0xfd, 0xf9, 0xfe, 0xfb, 0xfe, 0xfe,
  0xff, 0xfb, 0xfd, 0xfb, 0xfd, 0xfa, 0xfd, 0xfa, 0x00, 0x00, 0x00, 0x00, 0x00, 0x00, 0x00, 0x00,
  0x00, 0x00, 0x00, 0x00, 0x00, 0x00, 0x00, 0x00, 0x00, 0x00, 0x00, 0x00, 0x00, 0x00, 0x00, 0x00,
  0x01, 0x00, 0x00, 0x05, 0x08, 0x00, 0x04, 0x00, 0x03, 0x02, 0x04, 0x04, 0x0c, 0x0f, 0x1d, 0x3c,
  0xae, 0xd0, 0xe7, 0xe7, 0xf5, 0xf7, 0xf9, 0xf8, 0xfd, 0xfd, 0xfb, 0xfe, 0xfd, 0xfc, 0xff, 0xfa,
  0xfe, 0xfc, 0xfd, 0xff, 0xff, 0xfc, 0xff, 0xfb, 0xfb, 0xe9, 0x88, 0x50, 0x17, 0x01, 0x00, 0x00,
  0x02, 0x00, 0x00, 0x00, 0x01, 0x00, 0x00, 0x00, 0x00, 0x00, 0x00, 0x00, 0x00, 0x00, 0x00, 0x00,
  0x01, 0x00, 0x00, 0x00, 0x00, 0x00, 0x00, 0x00, 0x00, 0x00, 0x00, 0x00, 0x00, 0x00, 0x00, 0x00,
  0x00, 0x00, 0x00, 0x00, 0x00, 0x00, 0x00, 0x00, 0x00, 0x00, 0x00, 0x00, 0x00, 0x00, 0x00, 0x00,
  0x00, 0x00, 0x00, 0x00, 0x00, 0x00, 0x00, 0x00, 0x00, 0x00, 0x00, 0x00, 0x00, 0x00, 0x00, 0x00,
  0x00, 0x00, 0x00, 0x00, 0x00, 0x00, 0x00, 0x00, 0x00, 0x00, 0x00, 0x00, 0x00, 0x00, 0x03, 0x00,
  0x00, 0x00, 0x07, 0x00, 0x09, 0x1e, 0xad, 0xa6, 0x12, 0x00, 0x00, 0x00, 0x00, 0x00, 0x04, 0x01,
  0x03, 0x01, 0x00, 0x01, 0x04, 0x1b, 0x1c, 0x24, 0x2e, 0x44, 0xaf, 0xfa, 0xf5, 0xf9, 0xf8, 0xfa,
  0xfe, 0xfa, 0xfc, 0xfd, 0xfd, 0xfd, 0xff, 0xfe, 0xff, 0xfa, 0xfe, 0xfd, 0xfd, 0xfb, 0xfd, 0xfe,
  0x00, 0x00, 0x00, 0x00, 0x00, 0x00, 0x00, 0x00, 0x00, 0x00, 0x00, 0x00, 0x00, 0x00, 0x00, 0x00,
  0x00, 0x00, 0x00, 0x00, 0x00, 0x00, 0x00, 0x00, 0x00, 0x00, 0x02, 0x01, 0x04, 0x08, 0x03, 0x01,
  0x01, 0x00, 0x00, 0x03, 0x03, 0x06, 0x14, 0x2f, 0x7a, 0x9d, 0xe2, 0xf3, 0xf0, 0xfe, 0xfd, 0xfb,
  0xff, 0xfc, 0xfb, 0xfc, 0xfb, 0xff, 0xff, 0xfd, 0xfe, 0xff, 0xfb, 0xfb, 0xfb, 0xfe, 0xff, 0xfb,
  0xf8, 0xc5, 0x59, 0x42, 0x0c, 0x03, 0x02, 0x01, 0x00, 0x00, 0x00, 0x00, 0x00, 0x00, 0x00, 0x00,
  0x00, 0x00, 0x00, 0x00, 0x00, 0x00, 0x00, 0x00, 0x00, 0x00, 0x00, 0x00, 0x00, 0x00, 0x00, 0x00,
  0x00, 0x00, 0x00, 0x00, 0x00, 0x00, 0x00, 0x00, 0x00, 0x00, 0x00, 0x00, 0x00, 0x00, 0x00, 0x00,
  0x00, 0x00, 0x00, 0x00, 0x00, 0x00, 0x00, 0x00, 0x00, 0x00, 0x00, 0x00, 0x00, 0x00, 0x00, 0x00,
  0x00, 0x00, 0x00, 0x00, 0x00, 0x00, 0x00, 0x00, 0x00, 0x00, 0x00, 0x00, 0x00, 0x00, 0x00, 0x00,
  0x00, 0x00, 0x00, 0x00, 0x00, 0x02, 0x05, 0x03, 0x01, 0x00, 0x00, 0x0e, 0x2c, 0xaa, 0xa3, 0x16,
  0x01, 0x02, 0x00, 0x00, 0x00, 0x02, 0x01, 0x04, 0x01, 0x02, 0x00, 0x01, 0x00, 0x10, 0x08, 0x1a,
  0x1e, 0x23, 0x79, 0xdf, 0xfa, 0xfd, 0xff, 0xfd, 0xfd, 0xfd, 0xfd, 0xfc, 0xfc, 0xff, 0xfe, 0xfe,
  0xff, 0xfd, 0xf9, 0xfd, 0xfa, 0xff, 0xfc, 0xfc, 0x00, 0x00, 0x00, 0x00, 0x00, 0x00, 0x00, 0x00,
  0x00, 0x00, 0x00, 0x00, 0x00, 0x00, 0x00, 0x00, 0x00, 0x00, 0x00, 0x00, 0x0b, 0x00, 0x00, 0x00,
  0x00, 0x02, 0x0b, 0x45, 0x30, 0x1d, 0x08, 0x00, 0x00, 0x03, 0x06, 0x05, 0x05, 0x0d, 0x15, 0x31,
  0xb9, 0xbd, 0xc5, 0xcf, 0xf2, 0xfa, 0xfa, 0xfe, 0xfd, 0xfc, 0xfb, 0xfc, 0xfe, 0xff, 0xff, 0xfd,
  0xfa, 0xfd, 0xfa, 0xf7, 0xfa, 0xfd, 0xfa, 0xf9, 0xe1, 0x3d, 0x1d, 0x18, 0x08, 0x01, 0x01, 0x00,
  0x00, 0x00, 0x00, 0x00, 0x00, 0x00, 0x00, 0x00, 0x00, 0x00, 0x00, 0x00, 0x00, 0x00, 0x00, 0x00,
  0x00, 0x00, 0x00, 0x00, 0x00, 0x00, 0x00, 0x00, 0x00, 0x00, 0x00, 0x00, 0x00, 0x00, 0x00, 0x00,
  0x00, 0x00, 0x00, 0x00, 0x00, 0x00, 0x00, 0x00, 0x00, 0x00, 0x00, 0x00, 0x00, 0x00, 0x00, 0x00,
  0x00, 0x00, 0x00, 0x00, 0x00, 0x00, 0x00, 0x00, 0x00, 0x00, 0x00, 0x00, 0x00, 0x00, 0x00, 0x00,
  0x00, 0x00, 0x00, 0x00, 0x00, 0x00, 0x00, 0x00, 0x00, 0x00, 0x00, 0x00, 0x00, 0x01, 0x04, 0x04,
  0x05, 0x06, 0x2c, 0xaa, 0xb9, 0x53, 0x06, 0x00, 0x00, 0x00, 0x00, 0x00, 0x00, 0x00, 0x02, 0x05,
  0x00, 0x03, 0x03, 0x06, 0x0a, 0x0a, 0x09, 0x15, 0x1b, 0x1b, 0x51, 0xaa, 0xf0, 0xfc, 0xfd, 0xfd,
  0xfd, 0xfd, 0xfa, 0xfd, 0xfd, 0xff, 0xff, 0xfd, 0xfc, 0xfe, 0xfb, 0xfb, 0xfd, 0xfd, 0xfc, 0xfb,
  0x00, 0x00, 0x00, 0x00, 0x00, 0x00, 0x00, 0x00, 0x00, 0x00, 0x00, 0x00, 0x00, 0x00, 0x00, 0x00,
  0x00, 0x00, 0x00, 0x01, 0x05, 0x00, 0x00, 0x00, 0x00, 0x00, 0x3d, 0xbe, 0xb9, 0x5c, 0x11, 0x0b,
  0x03, 0x05, 0x08, 0x06, 0x0a, 0x05, 0x23, 0x5f, 0xce, 0xd2, 0xdb, 0xf2, 0xf8, 0xf9, 0xfa, 0xfc,
  0xfb, 0xfc, 0xfc, 0xfc, 0xfe, 0xfb, 0xff, 0xfc, 0xff, 0xfb, 0xfe, 0xfc, 0xfe, 0xfd, 0xfb, 0xf7,
  0x9c, 0x24, 0x1c, 0x0f, 0x02, 0x00, 0x00, 0x00, 0x01, 0x00, 0x00, 0x00, 0x00, 0x00, 0x00, 0x00,
  0x00, 0x00, 0x00, 0x00, 0x00, 0x00, 0x00, 0x00, 0x00, 0x00, 0x00, 0x00, 0x00, 0x00, 0x00, 0x00,
  0x00, 0x00, 0x00, 0x00, 0x00, 0x00, 0x00, 0x00, 0x00, 0x00, 0x00, 0x00, 0x00, 0x00, 0x00, 0x00,
  0x00, 0x00, 0x00, 0x00, 0x00, 0x00, 0x00, 0x00, 0x00, 0x00, 0x00, 0x00, 0x00, 0x00, 0x00, 0x00,
  0x00, 0x00, 0x00, 0x00, 0x00, 0x00, 0x00, 0x00, 0x00, 0x00, 0x00, 0x00, 0x00, 0x00, 0x00, 0x00,
  0x00, 0x00, 0x00, 0x00, 0x00, 0x02, 0x05, 0x02, 0x09, 0x61, 0x9a, 0x66, 0x14, 0x08, 0x04, 0x00,
  0x00, 0x00, 0x00, 0x02, 0x00, 0x00, 0x04, 0x03, 0x05, 0x06, 0x06, 0x2d, 0x19, 0x02, 0x0a, 0x05,
  0x11, 0x13, 0x3b, 0x54, 0xeb, 0xfb, 0xfb, 0xfc, 0xfc, 0xfe, 0xfa, 0xff, 0xfe, 0xfd, 0xfe, 0xfe,
  0xfc, 0xfe, 0xfe, 0xff, 0xff, 0xfc, 0xfd, 0xfc, 0x00, 0x00, 0x00, 0x00, 0x00, 0x00, 0x00, 0x00,
  0x00, 0x00, 0x00, 0x00, 0x00, 0x00, 0x00, 0x00, 0x00, 0x00, 0x00, 0x02, 0x00, 0x00, 0x00, 0x00,
  0x02, 0x03, 0x46, 0x98, 0x55, 0x24, 0x1e, 0x35, 0x26, 0x16, 0x0b, 0x02, 0x05, 0x23, 0x26, 0x8f,
  0xea, 0xe5, 0xee, 0xf3, 0xfe, 0xfb, 0xf9, 0xfb, 0xfc, 0xfc, 0xfc, 0xfd, 0xfb, 0xff, 0xf9, 0xfc,
  0xfd, 0xfc, 0xfc, 0xf9, 0xf9, 0xfd, 0xf0, 0xd6, 0x5e, 0x17, 0x12, 0x06, 0x08, 0x00, 0x00, 0x00,
  0x00, 0x00, 0x01, 0x00, 0x00, 0x00, 0x00, 0x00, 0x00, 0x00, 0x00, 0x00, 0x00, 0x00, 0x00, 0x00,
  0x00, 0x00, 0x00, 0x00, 0x00, 0x00, 0x00, 0x00, 0x00, 0x00, 0x00, 0x00, 0x00, 0x00, 0x00, 0x00,
  0x00, 0x00, 0x00, 0x00, 0x00, 0x00, 0x00, 0x00, 0x00, 0x00, 0x00, 0x00, 0x00, 0x00, 0x00, 0x00,
  0x00, 0x00, 0x00, 0x00, 0x00, 0x00, 0x00, 0x00, 0x00, 0x00, 0x00, 0x00, 0x00, 0x00, 0x00, 0x00,
  0x00, 0x00, 0x00, 0x00, 0x00, 0x00, 0x00, 0x00, 0x00, 0x00, 0x00, 0x00, 0x00, 0x08, 0x08, 0x06,
  0x1e, 0x3f, 0x15, 0x06, 0x00, 0x01, 0x00, 0x00, 0x00, 0x00, 0x00, 0x00, 0x00, 0x02, 0x00, 0x01,
  0x05, 0x04, 0x1b, 0x38, 0x05, 0x05, 0x04, 0x0d, 0x19, 0x15, 0x2c, 0x77, 0xeb, 0xfd, 0xfb, 0xfc,
  0xfe, 0xfc, 0xfd, 0xfc, 0xfd, 0xff, 0xfd, 0xfc, 0xff, 0xfd, 0xfe, 0xfe, 0xfc, 0xfe, 0xfd, 0xfd,
  0x00, 0x00, 0x00, 0x00, 0x00, 0x00, 0x00, 0x00, 0x00, 0x00, 0x00, 0x00, 0x00, 0x00, 0x00, 0x00,
  0x00, 0x00, 0x01, 0x02, 0x00, 0x00, 0x00, 0x00, 0x00, 0x01, 0x0c, 0x15, 0x11, 0x45, 0x87, 0x31,
  0x15, 0x0b, 0x0d, 0x0d, 0x0d, 0x4b, 0x45, 0x92, 0xec, 0xe4, 0xe4, 0xf2, 0xfc, 0xf9, 0xfd, 0xfd,
  0xfa, 0xfc, 0xfd, 0xfb, 0xff, 0xfc, 0xff, 0xfc, 0xfa, 0xfd, 0xfe, 0xfb, 0xfd, 0xf6, 0xf2, 0x9a,
  0x13, 0x06, 0x0b, 0x04, 0x0f, 0x01, 0x00, 0x00, 0x00, 0x00, 0x00, 0x00, 0x00, 0x00, 0x00, 0x00,
  0x00, 0x00, 0x00, 0x00, 0x00, 0x00, 0x00, 0x00, 0x00, 0x00, 0x00, 0x00, 0x00, 0x00, 0x00, 0x00,
  0x00, 0x00, 0x00, 0x00, 0x00, 0x00, 0x00, 0x00, 0x00, 0x00, 0x00, 0x00, 0x00, 0x00, 0x00, 0x00,
  0x00, 0x00, 0x00, 0x00, 0x00, 0x00, 0x00, 0x00, 0x00, 0x00, 0x00, 0x00, 0x00, 0x00, 0x00, 0x00,
  0x00, 0x00, 0x00, 0x00, 0x00, 0x00, 0x00, 0x00, 0x00, 0x00, 0x00, 0x00, 0x00, 0x00, 0x00, 0x00,
  0x00, 0x00, 0x00, 0x00, 0x00, 0x09, 0x0c, 0x15, 0x20, 0x13, 0x00, 0x02, 0x00, 0x00, 0x00, 0x00,
  0x00, 0x00, 0x00, 0x00, 0x00, 0x00, 0x00, 0x08, 0x00, 0x0d, 0x82, 0x88, 0x1b, 0x00, 0x04, 0x05,
  0x0b, 0x16, 0x36, 0xd7, 0xe3, 0xf6, 0xfd, 0xfc, 0xfd, 0xfc, 0xfd, 0xfa, 0xfa, 0xfd, 0xff, 0xfe,
  0xfb, 0xff, 0xff, 0xfc, 0xfe, 0xfc, 0xff, 0xfc, 0x00, 0x00, 0x00, 0x00, 0x00, 0x00, 0x00, 0x00,
  0x00, 0x00, 0x00, 0x00, 0x00, 0x00, 0x00, 0x00, 0x00, 0x00, 0x00, 0x00, 0x00, 0x00, 0x00, 0x00,
  0x00, 0x00, 0x00, 0x00, 0x0b, 0x7f, 0x4f, 0x22, 0x1a, 0x10, 0x2f, 0x43, 0x30, 0x1a, 0x31, 0xaf,
  0xf2, 0xee, 0xfa, 0xfb, 0xfc, 0xfd, 0xfd, 0xfe, 0xfd, 0xfb, 0xfe, 0xfb, 0xff, 0xfd, 0xff, 0xfe,
  0xfc, 0xfb, 0xfc, 0xfa, 0xfb, 0xf5, 0xcd, 0x83, 0x1c, 0x14, 0x09, 0x06, 0x03, 0x00, 0x00, 0x00,
  0x00, 0x00, 0x00, 0x00, 0x00, 0x00, 0x00, 0x00, 0x00, 0x00, 0x00, 0x00, 0x00, 0x00, 0x00, 0x00,
  0x00, 0x00, 0x00, 0x00, 0x00, 0x00, 0x00, 0x00, 0x00, 0x00, 0x00, 0x00, 0x00, 0x00, 0x00, 0x00,
  0x00, 0x00, 0x00, 0x00, 0x00, 0x00, 0x00, 0x00, 0x00, 0x00, 0x00, 0x00, 0x00, 0x00, 0x00, 0x00,
  0x00, 0x00, 0x00, 0x00, 0x00, 0x00, 0x00, 0x00, 0x00, 0x00, 0x00, 0x00, 0x00, 0x00, 0x00, 0x00,
  0x00, 0x00, 0x00, 0x00, 0x00, 0x00, 0x00, 0x00, 0x00, 0x00, 0x00, 0x00, 0x00, 0x00, 0x00, 0x00,
  0x00, 0x00, 0x00, 0x00, 0x00, 0x00, 0x00, 0x00, 0x00, 0x00, 0x00, 0x03, 0x02, 0x05, 0x00, 0x01,
  0x03, 0x07, 0x08, 0x15, 0x24, 0x0c, 0x12, 0x3c, 0x2c, 0x3a, 0xb1, 0xd2, 0xc3, 0xfd, 0xfb, 0xfc,
  0xfc, 0xfb, 0xfd, 0xfa, 0xff, 0xfe, 0xfd, 0xfb, 0xfe, 0xfc, 0xff, 0xfc, 0xfd, 0xfd, 0xfb, 0xff,
  0x00, 0x00, 0x00, 0x00, 0x00, 0x00, 0x00, 0x00, 0x00, 0x00, 0x00, 0x00, 0x00, 0x00, 0x00, 0x00,
  0x00, 0x00, 0x00, 0x00, 0x00, 0x00, 0x00, 0x00, 0x00, 0x00, 0x00, 0x00, 0x12, 0x1f, 0x0b, 0x03,
  0x09, 0x17, 0x23, 0x35, 0x45, 0x1d, 0x2f, 0x9e, 0xea, 0xf3, 0xf6, 0xfb, 0xfd, 0xfe, 0xfe, 0xfd,
  0xfc, 0xfc, 0xfc, 0xff, 0xfe, 0xfd, 0xff, 0xfc, 0xfd, 0xfc, 0xfa, 0xfc, 0xf5, 0xef, 0xdc, 0x3c,
  0x14, 0x16, 0x05, 0x01, 0x00, 0x00, 0x00, 0x00, 0x00, 0x00, 0x00, 0x00, 0x00, 0x00, 0x00, 0x00,
  0x00, 0x00, 0x00, 0x00, 0x00, 0x00, 0x00, 0x00, 0x00, 0x00, 0x00, 0x00, 0x00, 0x00, 0x00, 0x00,
  0x00, 0x00, 0x00, 0x00, 0x00, 0x00, 0x00, 0x00, 0x00, 0x00, 0x00, 0x00, 0x00, 0x00, 0x00, 0x00,
  0x00, 0x00, 0x00, 0x00, 0x00, 0x00, 0x00, 0x00, 0x00, 0x00, 0x00, 0x00, 0x00, 0x00, 0x00, 0x00,
  0x00, 0x00, 0x00, 0x00, 0x00, 0x00, 0x00, 0x00, 0x00, 0x00, 0x00, 0x00, 0x00, 0x00, 0x00, 0x00,
  0x00, 0x00, 0x00, 0x00, 0x00, 0x00, 0x00, 0x00, 0x00, 0x00, 0x00, 0x00, 0x00, 0x00, 0x00, 0x00,
  0x00, 0x00, 0x00, 0x02, 0x01, 0x01, 0x00, 0x05, 0x02, 0x04, 0x0f, 0x12, 0x20, 0x06, 0x15, 0x31,
  0x59, 0x4d, 0xaf, 0xb0, 0xa5, 0xfa, 0xfc, 0xfc, 0xfd, 0xfa, 0xfd, 0xfb, 0xfd, 0xfc, 0xfe, 0xfc,
  0xfd, 0xfb, 0xff, 0xfc, 0xfe, 0xf9, 0xfb, 0xfc, 0x00, 0x00, 0x00, 0x00, 0x00, 0x00, 0x00, 0x00,
  0x00, 0x00, 0x00, 0x00, 0x00, 0x00, 0x00, 0x00, 0x00, 0x00, 0x00, 0x00, 0x00, 0x00, 0x00, 0x00,
  0x00, 0x00, 0x00, 0x00, 0x02, 0x02, 0x0b, 0x05, 0x0a, 0x1e, 0x2c, 0x15, 0x2d, 0x21, 0x27, 0xa8,
  0xed, 0xef, 0xf9, 0xf8, 0xfc, 0xfe, 0xff, 0xfc, 0xff, 0xf9, 0xfc, 0xfd, 0xfd, 0xfe, 0xfe, 0xfe,
  0xfc, 0xfb, 0xf9, 0xfe, 0xf8, 0xf5, 0x8d, 0x28, 0x10, 0x17, 0x06, 0x09, 0x03, 0x00, 0x00, 0x00,
  0x00, 0x00, 0x00, 0x00, 0x00, 0x00, 0x00, 0x00, 0x00, 0x00, 0x00, 0x00, 0x00, 0x00, 0x00, 0x00,
  0x00, 0x00, 0x00, 0x00, 0x00, 0x00, 0x00, 0x00, 0x00, 0x00, 0x00, 0x00, 0x00, 0x00, 0x00, 0x00,
  0x00, 0x00, 0x00, 0x00, 0x00, 0x00, 0x00, 0x00, 0x00, 0x00, 0x00, 0x00, 0x00, 0x00, 0x00, 0x00,
  0x00, 0x00, 0x00, 0x00, 0x00, 0x00, 0x00, 0x00, 0x00, 0x00, 0x00, 0x00, 0x00, 0x00, 0x00, 0x00,
  0x00, 0x00, 0x00, 0x00, 0x00, 0x00, 0x00, 0x00, 0x00, 0x00, 0x00, 0x00, 0x00, 0x00, 0x00, 0x00,
  0x00, 0x00, 0x00, 0x00, 0x00, 0x00, 0x00, 0x00, 0x00, 0x00, 0x00, 0x00, 0x00, 0x00, 0x01, 0x00,
  0x03, 0x01, 0x13, 0x09, 0x12, 0x09, 0x16, 0x27, 0x26, 0x24, 0xa2, 0xc5, 0xe1, 0xfe, 0xfd, 0xfe,
  0xfb, 0xfe, 0xfe, 0xfe, 0xff, 0xfe, 0xff, 0xfd, 0xfc, 0xf9, 0xfc, 0xff, 0xfd, 0xfc, 0xfd, 0xfb,
  0x00, 0x00, 0x00, 0x00, 0x00, 0x00, 0x00, 0x00, 0x00, 0x00, 0x00, 0x00, 0x00, 0x00, 0x00, 0x00,
  0x00, 0x00, 0x00, 0x00, 0x00, 0x00, 0x00, 0x00, 0x00, 0x00, 0x00, 0x00, 0x00, 0x11, 0x02, 0x02,
  0x06, 0x1f, 0x20, 0x1d, 0x3a, 0x22, 0x44, 0x90, 0xd1, 0xf0, 0xfc, 0xff, 0xff, 0xff, 0xff, 0xfe,
  0xfd, 0xff, 0xfd, 0xff, 0xfe, 0xfb, 0xfd, 0xfc, 0xfb, 0xfd, 0xf8, 0xfb, 0xc9, 0xdd, 0x61, 0x3b,
  0x1b, 0x18, 0x09, 0x0a, 0x06, 0x00, 0x00, 0x00, 0x00, 0x00, 0x00, 0x00, 0x00, 0x00, 0x00, 0x00,
  0x00, 0x00, 0x00, 0x00, 0x00, 0x00, 0x00, 0x00, 0x00, 0x00, 0x00, 0x00, 0x00, 0x00, 0x00, 0x00,
  0x00, 0x00, 0x00, 0x00, 0x00, 0x00, 0x00, 0x00, 0x00, 0x00, 0x00, 0x00, 0x00, 0x00, 0x00, 0x00,
  0x00, 0x00, 0x00, 0x00, 0x00, 0x00, 0x00, 0x00, 0x00, 0x00, 0x00, 0x00, 0x00, 0x00, 0x00, 0x00,
  0x00, 0x00, 0x00, 0x00, 0x00, 0x00, 0x00, 0x00, 0x00, 0x00, 0x00, 0x00, 0x00, 0x00, 0x00, 0x00,
  0x00, 0x00, 0x00, 0x00, 0x00, 0x00, 0x00, 0x00, 0x00, 0x00, 0x00, 0x00, 0x00, 0x00, 0x00, 0x00,
  0x00, 0x00, 0x00, 0x00, 0x00, 0x00, 0x00, 0x00, 0x00, 0x01, 0x01, 0x01, 0x07, 0x16, 0x14, 0x2b,
  0x15, 0x22, 0x75, 0xca, 0xfb, 0xfd, 0xfb, 0xfe, 0xfd, 0xfd, 0xfd, 0xfc, 0xfe, 0xff, 0xfe, 0xfe,
  0xfa, 0xff, 0xfc, 0xfd, 0xfc, 0xfa, 0xfc, 0xfb, 0x00, 0x00, 0x00, 0x00, 0x00, 0x00, 0x00, 0x00,
  0x00, 0x00, 0x00, 0x00, 0x00, 0x00, 0x00, 0x00, 0x00, 0x00, 0x00, 0x00, 0x00, 0x00, 0x00, 0x00,
  0x00, 0x00, 0x00, 0x00, 0x00, 0x07, 0x04, 0x05, 0x14, 0x32, 0x78, 0x48, 0x43, 0x47, 0xb4, 0xee,
  0xeb, 0xf5, 0xfc, 0xfb, 0xfe, 0xff, 0xfd, 0xfe, 0xff, 0xff, 0xfe, 0xff, 0xff, 0xfd, 0xfe, 0xfc,
  0xfe, 0xfb, 0xf7, 0xfa, 0xd9, 0xb9, 0x59, 0x43, 0x17, 0x15, 0x00, 0x03, 0x07, 0x00, 0x00, 0x00,
  0x00, 0x00, 0x00, 0x00, 0x00, 0x00, 0x00, 0x00, 0x00, 0x00, 0x00, 0x00, 0x00, 0x00, 0x00, 0x00,
  0x00, 0x00, 0x00, 0x00, 0x00, 0x00, 0x00, 0x00, 0x00, 0x00, 0x00, 0x00, 0x00, 0x00, 0x00, 0x00,
  0x00, 0x00, 0x00, 0x00, 0x00, 0x00, 0x00, 0x00, 0x00, 0x00, 0x00, 0x00, 0x00, 0x00, 0x00, 0x00,
  0x00, 0x00, 0x00, 0x00, 0x00, 0x00, 0x00, 0x00, 0x00, 0x00, 0x00, 0x00, 0x00, 0x00, 0x00, 0x00,
  0x00, 0x00, 0x00, 0x00, 0x00, 0x00, 0x00, 0x00, 0x00, 0x00, 0x00, 0x00, 0x00, 0x00, 0x00, 0x00,
  0x00, 0x00, 0x00, 0x00, 0x00, 0x00, 0x00, 0x00, 0x00, 0x00, 0x00, 0x00, 0x00, 0x00, 0x01, 0x00,
  0x00, 0x02, 0x02, 0x08, 0x1b, 0x0f, 0x15, 0x1f, 0x1b, 0x49, 0x6e, 0xbc, 0xf0, 0xfd, 0xff, 0xfd,
  0xfb, 0xfc, 0xfc, 0xfc, 0xfd, 0xfc, 0xfc, 0xfd, 0xfd, 0xff, 0xfe, 0xfd, 0xff, 0xfd, 0xff, 0xfb,
  0x00, 0x00, 0x00, 0x00, 0x00, 0x00, 0x00, 0x00, 0x00, 0x00, 0x00, 0x00, 0x00, 0x00, 0x00, 0x00,
  0x00, 0x00, 0x00, 0x00, 0x00, 0x00, 0x00, 0x00, 0x00, 0x00, 0x00, 0x00, 0x00, 0x01, 0x0b, 0x23,
  0x18, 0x1a, 0x6b, 0x57, 0x3a, 0x61, 0xd9, 0xd5, 0xeb, 0xef, 0xf7, 0xff, 0xff, 0xff, 0xfd, 0xfd,
  0xfd, 0xfd, 0xfd, 0xfc, 0xfc, 0xfd, 0xfa, 0xfc, 0xfd, 0xf5, 0xf5, 0xed, 0xdd, 0xdd, 0x61, 0x3b,
  0x0d, 0x12, 0x00, 0x01, 0x05, 0x00, 0x00, 0x00, 0x00, 0x00, 0x00, 0x00, 0x00, 0x00, 0x00, 0x00,
  0x00, 0x00, 0x00, 0x00, 0x00, 0x00, 0x00, 0x00, 0x00, 0x00, 0x00, 0x00, 0x00, 0x00, 0x00, 0x00,
  0x00, 0x00, 0x00, 0x00, 0x00, 0x00, 0x00, 0x00, 0x00, 0x00, 0x00, 0x00, 0x00, 0x00, 0x00, 0x00,
  0x00, 0x00, 0x00, 0x00, 0x00, 0x00, 0x00, 0x00, 0x00, 0x00, 0x00, 0x00, 0x00, 0x00, 0x00, 0x00,
  0x00, 0x00, 0x00, 0x00, 0x00, 0x00, 0x00, 0x00, 0x00, 0x00, 0x00, 0x00, 0x00, 0x00, 0x00, 0x00,
  0x00, 0x00, 0x00, 0x00, 0x00, 0x00, 0x00, 0x00, 0x00, 0x00, 0x00, 0x00, 0x00, 0x00, 0x00, 0x00,
  0x01, 0x00, 0x00, 0x00, 0x00, 0x00, 0x00, 0x01, 0x02, 0x00, 0x05, 0x0a, 0x2b, 0x21, 0x18, 0x19,
  0x33, 0x8a, 0x93, 0xe7, 0xee, 0xfc, 0xfc, 0xfa, 0xf8, 0xfc, 0xf9, 0xfc, 0xfd, 0xfe, 0xfe, 0xfe,
  0xfc, 0xff, 0xf9, 0xff, 0xfc, 0xfb, 0xfa, 0xfc, 0x00, 0x00, 0x00, 0x00, 0x00, 0x00, 0x00, 0x00,
  0x00, 0x00, 0x00, 0x00, 0x00, 0x00, 0x00, 0x00, 0x00, 0x00, 0x00, 0x00, 0x00, 0x00, 0x00, 0x00,
  0x00, 0x00, 0x00, 0x00, 0x00, 0x0d, 0x0b, 0x20, 0x3b, 0x1f, 0x17, 0x2f, 0x2a, 0x3b, 0xb3, 0xc6,
  0xed, 0xf2, 0xfc, 0xff, 0xfc, 0xfc, 0xfd, 0xfe, 0xff, 0xff, 0xff, 0xfd, 0xff, 0xfb, 0xfc, 0xfb,
  0xfc, 0xf9, 0xf3, 0xd8, 0xe3, 0xc5, 0x94, 0x66, 0x0b, 0x09, 0x04, 0x00, 0x06, 0x00, 0x00, 0x00,
  0x00, 0x00, 0x00, 0x00, 0x00, 0x00, 0x00, 0x00, 0x00, 0x00, 0x00, 0x00, 0x00, 0x00, 0x00, 0x00,
  0x00, 0x00, 0x00, 0x00, 0x00, 0x00, 0x00, 0x00, 0x00, 0x00, 0x00, 0x00, 0x00, 0x00, 0x00, 0x00,
  0x00, 0x00, 0x00, 0x00, 0x00, 0x00, 0x00, 0x00, 0x00, 0x00, 0x00, 0x00, 0x00, 0x00, 0x00, 0x00,
  0x00, 0x00, 0x00, 0x00, 0x00, 0x00, 0x00, 0x00, 0x00, 0x00, 0x00, 0x00, 0x00, 0x00, 0x00, 0x00,
  0x00, 0x00, 0x00, 0x00, 0x00, 0x00, 0x00, 0x00, 0x00, 0x00, 0x00, 0x00, 0x00, 0x00, 0x00, 0x00,
  0x00, 0x00, 0x00, 0x00, 0x00, 0x00, 0x00, 0x00, 0x00, 0x00, 0x00, 0x00, 0x00, 0x00, 0x00, 0x00,
  0x01, 0x07, 0x0d, 0x06, 0x23, 0x16, 0x19, 0x58, 0x7b, 0xb6, 0xa8, 0xd9, 0xd8, 0xf5, 0xf9, 0xf5,
  0xef, 0xf5, 0xf7, 0xfa, 0xfe, 0xfc, 0xfc, 0xfc, 0xfe, 0xfd, 0xff, 0xfc, 0xff, 0xf7, 0xfb, 0xf9,
  0x00, 0x00, 0x00, 0x00, 0x00, 0x00, 0x00, 0x00, 0x00, 0x00, 0x00, 0x00, 0x00, 0x00, 0x00, 0x00,
  0x00, 0x00, 0x00, 0x00, 0x00, 0x00, 0x00, 0x00, 0x00, 0x00, 0x00, 0x00, 0x00, 0x00, 0x08, 0x0b,
  0x15, 0x11, 0x1d, 0x13, 0x1e, 0x57, 0xcf, 0xe1, 0xf2, 0xf5, 0xf9, 0xff, 0xfe, 0xfe, 0xfe, 0xff,
  0xff, 0xfe, 0xfe, 0xfe, 0xfe, 0xfb, 0xfa, 0xfc, 0xfe, 0xfb, 0xf3, 0xdd, 0xd8, 0xe4, 0xd1, 0x36,
  0x05, 0x09, 0x00, 0x01, 0x01, 0x00, 0x00, 0x00, 0x00, 0x00, 0x00, 0x00, 0x00, 0x00, 0x00, 0x00,
  0x00, 0x00, 0x00, 0x00, 0x00, 0x00, 0x00, 0x00, 0x00, 0x00, 0x00, 0x00, 0x00, 0x00, 0x00, 0x00,
  0x00, 0x00, 0x00, 0x00, 0x00, 0x00, 0x00, 0x00, 0x00, 0x00, 0x00, 0x00, 0x00, 0x00, 0x00, 0x00,
  0x00, 0x00, 0x00, 0x00, 0x00, 0x00, 0x00, 0x00, 0x00, 0x00, 0x00, 0x00, 0x00, 0x00, 0x00, 0x00,
  0x00, 0x00, 0x00, 0x00, 0x00, 0x00, 0x00, 0x00, 0x00, 0x00, 0x00, 0x00, 0x00, 0x00, 0x00, 0x00,
  0x00, 0x00, 0x00, 0x00, 0x00, 0x00, 0x00, 0x00, 0x00, 0x00, 0x00, 0x00, 0x00, 0x00, 0x00, 0x00,
  0x00, 0x00, 0x00, 0x00, 0x00, 0x02, 0x00, 0x02, 0x01, 0x0f, 0x1e, 0x20, 0x2a, 0x6e, 0x64, 0x94,
  0x8b, 0xcb, 0xdb, 0xf0, 0xf6, 0xf1, 0xf9, 0xfa, 0xf4, 0xed, 0xf8, 0xf8, 0xfc, 0xfd, 0xfd, 0xff,
  0xfd, 0xff, 0xfe, 0xfb, 0xfd, 0xfa, 0xfb, 0xfb, 0x00, 0x00, 0x00, 0x00, 0x00, 0x00, 0x00, 0x00,
  0x00, 0x00, 0x00, 0x00, 0x00, 0x00, 0x00, 0x00, 0x00, 0x00, 0x00, 0x00, 0x01, 0x00, 0x00, 0x00,
  0x00, 0x00, 0x00, 0x00, 0x00, 0x10, 0x10, 0x20, 0x40, 0x3b, 0x1a, 0x1c, 0x33, 0x85, 0x65, 0xd2,
  0xf3, 0xf6, 0xfe, 0xf8, 0xfb, 0xff, 0xff, 0xfb, 0xfe, 0xfc, 0xff, 0xfc, 0xff, 0xfe, 0xfe, 0xf2,
  0xe4, 0xd3, 0xc1, 0xd9, 0xa0, 0x2a, 0x15, 0x05, 0x03, 0x00, 0x00, 0x07, 0x07, 0x01, 0x00, 0x06,
  0x06, 0x00, 0x00, 0x04, 0x03, 0x01, 0x00, 0x00, 0x0b, 0x04, 0x0e, 0x0a, 0x13, 0x07, 0x0a, 0x09,
  0x08, 0x06, 0x0e, 0x16, 0x00, 0x00, 0x00, 0x00, 0x01, 0x04, 0x0c, 0x0a, 0x08, 0x1b, 0x0b, 0x00,
  0x00, 0x00, 0x01, 0x00, 0x02, 0x00, 0x00, 0x00, 0x00, 0x00, 0x02, 0x07, 0x06, 0x03, 0x00, 0x02,
  0x00, 0x00, 0x00, 0x00, 0x08, 0x04, 0x00, 0x00, 0x00, 0x00, 0x00, 0x02, 0x07, 0x00, 0x00, 0x00,
  0x00, 0x00, 0x00, 0x00, 0x05, 0x05, 0x00, 0x00, 0x00, 0x00, 0x02, 0x01, 0x02, 0x00, 0x00, 0x00,
  0x00, 0x00, 0x00, 0x00, 0x08, 0x05, 0x03, 0x00, 0x00, 0x00, 0x00, 0x00, 0x02, 0x01, 0x02, 0x03,
  0x00, 0x07, 0x0d, 0x0c, 0x16, 0x14, 0x1c, 0x1a, 0x18, 0x3f, 0x90, 0xaa, 0xb1, 0xe1, 0xee, 0xe1,
  0xd3, 0xea, 0xf9, 0xfa, 0xff, 0xfe, 0xfc, 0xfb, 0xfe, 0xfb, 0xff, 0xfd, 0xfe, 0xff, 0xfb, 0xfa,
  0x00, 0x00, 0x00, 0x00, 0x00, 0x00, 0x00, 0x00, 0x00, 0x00, 0x00, 0x00, 0x00, 0x00, 0x00, 0x00,
  0x00, 0x00, 0x00, 0x00, 0x00, 0x00, 0x00, 0x00, 0x00, 0x00, 0x00, 0x00, 0x00, 0x10, 0x20, 0x3e,
  0x8a, 0x5e, 0x46, 0x49, 0x57, 0xaa, 0x6a, 0xee, 0xf8, 0xfa, 0xfc, 0xf9, 0xfa, 0xfb, 0xfc, 0xfd,
  0xfd, 0xfc, 0xfe, 0xfc, 0xfd, 0xfc, 0xfc, 0xee, 0xe3, 0xe9, 0x95, 0x65, 0x67, 0x61, 0xb5, 0xa2,
  0xaf, 0xa8, 0xb0, 0x80, 0x84, 0x5e, 0x28, 0x06, 0x00, 0x00, 0x01, 0x01, 0x02, 0x00, 0x0a, 0x67,
  0xb7, 0xb2, 0xba, 0xa1, 0xa4, 0x91, 0x88, 0xa3, 0xa3, 0xaf, 0xbd, 0x9f, 0x0e, 0x00, 0x00, 0x0c,
  0x53, 0x95, 0xb3, 0xa2, 0xaa, 0xc2, 0xca, 0xb7, 0xa3, 0x4d, 0x1c, 0x00, 0x00, 0x00, 0x00, 0x00,
  0x00, 0x00, 0x00, 0x31, 0x68, 0x83, 0x82, 0x7b, 0x80, 0x80, 0x7c, 0x88, 0x8d, 0x85, 0x7e, 0x5a,
  0x15, 0x03, 0x10, 0x14, 0x42, 0x78, 0x89, 0x94, 0x74, 0x6e, 0x87, 0x77, 0x91, 0x88, 0x88, 0x4f,
  0x28, 0x02, 0x00, 0x00, 0x00, 0x00, 0x01, 0x00, 0x00, 0x01, 0x1c, 0x65, 0x9b, 0xae, 0xc2, 0xbd,
  0x9b, 0x3f, 0x17, 0x05, 0x07, 0x03, 0x07, 0x08, 0x1c, 0x3c, 0x38, 0x4a, 0x53, 0x5f, 0x59, 0x78,
  0x5e, 0x8e, 0xd0, 0xc8, 0xce, 0xe6, 0xe1, 0xd9, 0xc2, 0xe5, 0xe7, 0xf0, 0xf7, 0xf9, 0xf9, 0xfb,
  0xfe, 0xfb, 0xfc, 0xfb, 0xfc, 0xfc, 0xfa, 0xf8, 0x00, 0x00, 0x00, 0x00, 0x00, 0x00, 0x00, 0x00,
  0x00, 0x00, 0x00, 0x00, 0x00, 0x00, 0x00, 0x00, 0x00, 0x00, 0x00, 0x00, 0x00, 0x00, 0x00, 0x00,
  0x00, 0x00, 0x00, 0x00, 0x00, 0x10, 0x0e, 0x2f, 0x49, 0x46, 0x4a, 0x64, 0xca, 0x83, 0x73, 0xeb,
  0xf8, 0xfa, 0xfd, 0xf8, 0xfd, 0xfd, 0xff, 0xfe, 0xfd, 0xfc, 0xfe, 0xfe, 0xfe, 0xf7, 0xfe, 0xf7,
  0xdb, 0xcc, 0x69, 0x33, 0xc2, 0xf2, 0xfd, 0xff, 0xfc, 0xff, 0xff, 0xfd, 0xff, 0xfb, 0xf2, 0xa7,
  0x10, 0x00, 0x00, 0x04, 0x05, 0x00, 0x04, 0xe8, 0xfc, 0xf7, 0xfb, 0xf8, 0xfd, 0xff, 0xff, 0xff,
  0xff, 0xfe, 0xff, 0xf7, 0x16, 0x00, 0x04, 0x19, 0xcf, 0xf2, 0xfb, 0xfc, 0xff, 0xfe, 0xff, 0xff,
  0xff, 0xff, 0xfe, 0xc7, 0x23, 0x0d, 0x00, 0x00, 0x00, 0x00, 0x08, 0xbf, 0xfb, 0xff, 0xff, 0xf9,
  0xfb, 0xfa, 0xfb, 0xf9, 0xfb, 0xff, 0xff, 0xfb, 0xcc, 0x05, 0x09, 0x5c, 0xec, 0xff, 0xff, 0xfc,
  0xfa, 0xfb, 0xfe, 0xff, 0xff, 0xff, 0xff, 0xf6, 0xf1, 0x37, 0x01, 0x05, 0x03, 0x01, 0x00, 0x00,
  0x26, 0x97, 0xf2, 0xfc, 0xff, 0xff, 0xff, 0xfb, 0xff, 0xff, 0xf3, 0xb0, 0x33, 0x0a, 0x11, 0x14,
  0xb6, 0xf1, 0xfe, 0xf8, 0xf1, 0xff, 0xfb, 0xf4, 0xed, 0xf8, 0xfe, 0xfc, 0xfe, 0xfa, 0xf6, 0xf1,
  0xdc, 0xaf, 0xe1, 0xf6, 0xee, 0xfc, 0xfc, 0xfb, 0xfd, 0xfc, 0xfd, 0xfe, 0xfb, 0xfd, 0xfd, 0xfc,
  0x00, 0x00, 0x00, 0x00, 0x00, 0x00, 0x00, 0x00, 0x00, 0x00, 0x00, 0x00, 0x00, 0x00, 0x00, 0x00,
  0x00, 0x00, 0x00, 0x00, 0x00, 0x00, 0x00, 0x00, 0x00, 0x00, 0x00, 0x00, 0x00, 0x11, 0x13, 0x36,
  0x34, 0x48, 0x43, 0x69, 0xcf, 0xd1, 0xc7, 0xe8, 0xf6, 0xf9, 0xfc, 0xfa, 0xfd, 0xff, 0xff, 0xfc,
  0xfe, 0xff, 0xfd, 0xfe, 0xfd, 0xfd, 0xff, 0xf2, 0xc2, 0x7c, 0x68, 0x3d, 0xe8, 0xf9, 0xf6, 0xf8,
  0xff, 0xfe, 0xf9, 0xf8, 0xfb, 0xff, 0xfb, 0xf9, 0xf1, 0x3e, 0x00, 0x04, 0x01, 0x00, 0x07, 0xe5,
  0xf8, 0xfd, 0xf9, 0xf9, 0xf6, 0xff, 0xff, 0xfd, 0xfb, 0xfc, 0xfe, 0xff, 0x1c, 0x07, 0x00, 0x1b,
  0xda, 0xfb, 0xf7, 0xf6, 0xfb, 0xff, 0xff, 0xfa, 0xfb, 0xfe, 0xfc, 0xfb, 0xfd, 0x7f, 0x00, 0x00,
  0x00, 0x00, 0x01, 0xd4, 0xff, 0xfe, 0xfa, 0xfc, 0xf9, 0xfa, 0xfd, 0xf7, 0xfb, 0xff, 0xff, 0xfd,
  0xee, 0x11, 0x05, 0x6a, 0xff, 0xfa, 0xf9, 0xfd, 0xfd, 0xfd, 0xf3, 0xf9, 0xfb, 0xff, 0xfd, 0xf4,
  0xff, 0x51, 0x00, 0x05, 0x02, 0x00, 0x00, 0x3d, 0xea, 0xfd, 0xfc, 0xfb, 0xfa, 0xff, 0xfb, 0xf4,
  0xfa, 0xff, 0xf7, 0xfd, 0xf2, 0x62, 0x0b, 0x27, 0xfa, 0xff, 0xff, 0xfb, 0xf9, 0xfd, 0xf4, 0xf6,
  0xff, 0xfe, 0xff, 0xfb, 0xf8, 0xff, 0xf5, 0xef, 0xee, 0xad, 0xe4, 0xf7, 0xea, 0xfc, 0xfa, 0xfb,
  0xfc, 0xfd, 0xfd, 0xfc, 0xfc, 0xfd, 0xfa, 0xfb, 0x00, 0x00, 0x00, 0x00, 0x00, 0x00, 0x00, 0x00,
  0x00, 0x00, 0x00, 0x00, 0x00, 0x00, 0x00, 0x00, 0x00, 0x00, 0x00, 0x00, 0x00, 0x00, 0x00, 0x00,
  0x00, 0x00, 0x00, 0x00, 0x00, 0x10, 0x07, 0x25, 0x39, 0x57, 0x71, 0xa8, 0xdb, 0xdb, 0xc9, 0xda,
  0xf6, 0xfc, 0xf9, 0xfb, 0xff, 0xfc, 0xfe, 0xfe, 0xfe, 0xff, 0xfe, 0xfe, 0xff, 0xf8, 0xf8, 0xf6,
  0xab, 0x80, 0x50, 0x28, 0xe3, 0xfb, 0xfd, 0xff, 0xeb, 0xef, 0xf2, 0xfe, 0xfc, 0xff, 0xfa, 0xfa,
  0xf9, 0xf5, 0x50, 0x00, 0x07, 0x00, 0x06, 0xf0, 0xfc, 0xff, 0xfb, 0xe8, 0xee, 0xf3, 0xf2, 0xf3,
  0xf6, 0xfa, 0xff, 0xef, 0x18, 0x05, 0x00, 0x26, 0xd3, 0xff, 0xfc, 0xf8, 0xe9, 0xea, 0xe4, 0xf3,
  0xee, 0xfb, 0xff, 0xfd, 0xff, 0xe9, 0x0c, 0x00, 0x00, 0x00, 0x00, 0xcd, 0xff, 0xfa, 0xff, 0xfb,
  0xf0, 0xf7, 0xfe, 0xfa, 0xff, 0xf1, 0xf8, 0xfe, 0xce, 0x14, 0x00, 0x56, 0xfe, 0xfa, 0xff, 0xff,
  0xf1, 0xef, 0xff, 0xf9, 0xfa, 0xf7, 0xfe, 0xfe, 0xf5, 0x5e, 0x03, 0x03, 0x02, 0x00, 0x2c, 0xfc,
  0xff, 0xff, 0xff, 0xff, 0xf8, 0xf3, 0xe7, 0xf6, 0xf8, 0xfc, 0xf9, 0xff, 0xff, 0xc4, 0x01, 0x09,
  0xdc, 0xff, 0xf6, 0xfe, 0xf3, 0xed, 0xfe, 0xff, 0xff, 0xfb, 0xf9, 0xf9, 0xff, 0xfc, 0xf8, 0xf2,
  0xee, 0x8e, 0xb2, 0xd1, 0xf0, 0xf9, 0xfa, 0xfb, 0xf9, 0xff, 0xfd, 0xff, 0xfe, 0xfb, 0xfc, 0xfb,
  0x00, 0x00, 0x00, 0x00, 0x00, 0x00, 0x00, 0x00, 0x00, 0x00, 0x00, 0x00, 0x00, 0x00, 0x00, 0x00,
  0x00, 0x00, 0x00, 0x00, 0x00, 0x00, 0x00, 0x00, 0x00, 0x00, 0x00, 0x00, 0x00, 0x00, 0x0e, 0x47,
  0x73, 0x89, 0x88, 0xc3, 0xeb, 0xad, 0xdd, 0xf6, 0xff, 0xfd, 0xfb, 0xfc, 0xfc, 0xfc, 0xfd, 0xff,
  0xfc, 0xfe, 0xfd, 0xfd, 0xfd, 0xf3, 0xf3, 0xe5, 0xa5, 0x4b, 0x27, 0x10, 0xc4, 0xfe, 0xf2, 0xf2,
  0x96, 0x45, 0x38, 0x6c, 0xae, 0xd6, 0xf0, 0xfd, 0xf8, 0xfd, 0xdb, 0x0b, 0x00, 0x00, 0x08, 0xe8,
  0xfb, 0xf6, 0xf3, 0x2c, 0x1e, 0x29, 0x25, 0x2b, 0x30, 0x49, 0x88, 0x5f, 0x03, 0x04, 0x02, 0x29,
  0xd6, 0xfd, 0xfb, 0xdc, 0x3f, 0x35, 0x17, 0x1a, 0x1b, 0xae, 0xf8, 0xfc, 0xff, 0xfd, 0x4e, 0x00,
  0x00, 0x00, 0x00, 0xb1, 0xfc, 0xff, 0xfb, 0x8d, 0x3e, 0x56, 0x63, 0x4c, 0x60, 0x52, 0x77, 0x9f,
  0x52, 0x07, 0x00, 0x3f, 0xfd, 0xff, 0xf8, 0xec, 0x6c, 0x52, 0x4e, 0x43, 0x5a, 0x36, 0x66, 0x77,
  0x68, 0x15, 0x00, 0x00, 0x01, 0x12, 0xde, 0xfb, 0xfc, 0xfa, 0xf2, 0x79, 0x37, 0x21, 0x0a, 0x29,
  0x88, 0xe9, 0xfe, 0xfc, 0xff, 0xc8, 0x06, 0x16, 0x62, 0xcf, 0xd0, 0x88, 0x8f, 0x7f, 0xe5, 0xff,
  0xfb, 0xf6, 0xa5, 0x59, 0x61, 0x61, 0x82, 0xd7, 0x95, 0x75, 0x74, 0x75, 0x8e, 0xf6, 0xf5, 0xf9,
  0xfb, 0xfe, 0xfa, 0xfb, 0xfa, 0xfc, 0xfb, 0xfe, 0x00, 0x00, 0x00, 0x00, 0x00, 0x00, 0x00, 0x00,
  0x00, 0x00, 0x00, 0x00, 0x00, 0x00, 0x00, 0x00, 0x00, 0x00, 0x00, 0x00, 0x00, 0x00, 0x00, 0x00,
  0x00, 0x00, 0x00, 0x00, 0x00, 0x02, 0x08, 0x4d, 0x69, 0x72, 0xb0, 0xec, 0xee, 0xe2, 0xde, 0xf2,
  0xfe, 0xf9, 0xfd, 0xfc, 0xf9, 0xfb, 0xfc, 0xfc, 0xfe, 0xfd, 0xfe, 0xfe, 0xfc, 0xf9, 0xfa, 0xd5,
  0xb1, 0x38, 0x17, 0x12, 0xbc, 0xfc, 0xfe, 0xf5, 0xb4, 0x08, 0x06, 0x06, 0x13, 0x20, 0xc2, 0xf3,
  0xfd, 0xfc, 0xf4, 0x32, 0x00, 0x02, 0x14, 0xea, 0xf7, 0xf9, 0xf8, 0x28, 0x00, 0x00, 0x01, 0x00,
  0x01, 0x00, 0x08, 0x00, 0x00, 0x03, 0x00, 0x3d, 0xe0, 0xfb, 0xff, 0xd4, 0x07, 0x03, 0x00, 0x00,
  0x00, 0x0e, 0xe0, 0xfe, 0xff, 0xfa, 0x8e, 0x00, 0x00, 0x00, 0x00, 0xb1, 0xfc, 0xfe, 0xfa, 0x53,
  0x00, 0x04, 0x00, 0x00, 0x00, 0x00, 0x00, 0x00, 0x00, 0x00, 0x00, 0x5a, 0xfc, 0xf7, 0xf5, 0xe2,
  0x20, 0x04, 0x00, 0x00, 0x08, 0x01, 0x00, 0x00, 0x01, 0x00, 0x00, 0x00, 0x00, 0xb9, 0xff, 0xfd,
  0xf8, 0xeb, 0x44, 0x02, 0x00, 0x05, 0x00, 0x00, 0x00, 0x0a, 0xc4, 0xf0, 0xd0, 0x44, 0x00, 0x02,
  0x11, 0x1d, 0x12, 0x25, 0x1d, 0x02, 0xce, 0xf6, 0xf9, 0xec, 0x4d, 0x1d, 0x1e, 0x37, 0x53, 0xa8,
  0x83, 0x55, 0x45, 0x30, 0x62, 0xf6, 0xf5, 0xf6, 0xfc, 0xfb, 0xfc, 0xfc, 0xfc, 0xfc, 0xfd, 0xfc,
  0x00, 0x00, 0x00, 0x00, 0x00, 0x00, 0x00, 0x00, 0x00, 0x00, 0x00, 0x00, 0x00, 0x00, 0x00, 0x00,
  0x00, 0x00, 0x00, 0x00, 0x00, 0x00, 0x00, 0x00, 0x00, 0x00, 0x01, 0x00, 0x01, 0x14, 0x16, 0x27,
  0x4e, 0x59, 0x9d, 0xea, 0xe9, 0xdc, 0xf2, 0xf8, 0xfc, 0xfd, 0xfe, 0xfc, 0xfe, 0xfc, 0xfe, 0xfe,
  0xfe, 0xfe, 0xfe, 0xfd, 0xf9, 0xf4, 0xf1, 0xe5, 0xc8, 0x3f, 0x0f, 0x20, 0xcb, 0xfc, 0xfb, 0xff,
  0x97, 0x00, 0x0d, 0x02, 0x00, 0x00, 0x38, 0xf5, 0xf6, 0xfe, 0xfc, 0x58, 0x01, 0x03, 0x12, 0xf4,
  0xfa, 0xf8, 0xf9, 0x1a, 0x04, 0x00, 0x00, 0x00, 0x00, 0x00, 0x07, 0x00, 0x00, 0x02, 0x00, 0x4e,
  0xe6, 0xf9, 0xfe, 0xe6, 0x17, 0x00, 0x00, 0x00, 0x00, 0x00, 0xd4, 0xf8, 0xfc, 0xfe, 0xac, 0x00,
  0x00, 0x00, 0x00, 0xa3, 0xfd, 0xfc, 0xfa, 0x4c, 0x00, 0x00, 0x02, 0x00, 0x00, 0x0c, 0x00, 0x00,
  0x00, 0x01, 0x01, 0x76, 0xff, 0xfd, 0xf9, 0xe3, 0x2f, 0x03, 0x08, 0x00, 0x00, 0x06, 0x03, 0x00,
  0x00, 0x00, 0x00, 0x00, 0x13, 0xf8, 0xfc, 0xf7, 0xf8, 0xab, 0x00, 0x04, 0x00, 0x00, 0x00, 0x00,
  0x00, 0x00, 0x03, 0x2b, 0x12, 0x0a, 0x00, 0x00, 0x00, 0x00, 0x05, 0x02, 0x07, 0x08, 0xcc, 0xfa,
  0xfe, 0xee, 0x6f, 0x1a, 0x27, 0x3e, 0x51, 0xb6, 0x71, 0x12, 0x1a, 0x18, 0x5c, 0xf7, 0xf1, 0xf4,
  0xf8, 0xfa, 0xfd, 0xfd, 0xfc, 0xfb, 0xfa, 0xfc, 0x00, 0x00, 0x00, 0x00, 0x00, 0x00, 0x00, 0x00,
  0x00, 0x00, 0x00, 0x00, 0x00, 0x00, 0x00, 0x00, 0x00, 0x00, 0x00, 0x00, 0x00, 0x02, 0x01, 0x04,
  0x04, 0x0c, 0x13, 0x0d, 0x04, 0x05, 0x04, 0x15, 0x25, 0x35, 0x32, 0xb8, 0xef, 0xf7, 0xfe, 0xfd,
  0xff, 0xfd, 0xfd, 0xfd, 0xfc, 0xff, 0xff, 0xfe, 0xfd, 0xfc, 0xfd, 0xfd, 0xfe, 0xfe, 0xf9, 0xe6,
  0xb3, 0x3d, 0x10, 0x17, 0xec, 0xff, 0xfb, 0xff, 0xcc, 0x00, 0x03, 0x00, 0x01, 0x04, 0x02, 0xef,
  0xfb, 0xf9, 0xff, 0xb0, 0x00, 0x00, 0x07, 0xf1, 0xf9, 0xf7, 0xdc, 0x2e, 0x1b, 0x0d, 0x0c, 0x0a,
  0x0e, 0x02, 0x02, 0x02, 0x00, 0x00, 0x00, 0x49, 0xf3, 0xf7, 0xfb, 0xe3, 0x64, 0x08, 0x00, 0x01,
  0x00, 0x15, 0xd7, 0xfe, 0xf8, 0xfc, 0xa6, 0x00, 0x00, 0x00, 0x05, 0xcb, 0xfc, 0xff, 0xfc, 0x3d,
  0x00, 0x00, 0x00, 0x00, 0x00, 0x05, 0x04, 0x00, 0x00, 0x00, 0x00, 0x8b, 0xfb, 0xfa, 0xff, 0xe4,
  0x2a, 0x00, 0x00, 0x04, 0x02, 0x08, 0x0e, 0x04, 0x05, 0x00, 0x02, 0x00, 0x8d, 0xfc, 0xfe, 0xfd,
  0xe6, 0x25, 0x00, 0x00, 0x00, 0x01, 0x00, 0x00, 0x00, 0x00, 0x00, 0x00, 0x00, 0x00, 0x00, 0x00,
  0x00, 0x00, 0x00, 0x04, 0x00, 0x24, 0xe7, 0xfe, 0xfa, 0xfa, 0x60, 0x06, 0x06, 0x38, 0x34, 0x36,
  0x0f, 0x00, 0x11, 0x26, 0x6c, 0xf9, 0xfc, 0xfc, 0xfa, 0xfc, 0xfd, 0xfc, 0xfb, 0xff, 0xff, 0xfd,
  0x00, 0x00, 0x00, 0x00, 0x00, 0x00, 0x00, 0x00, 0x00, 0x00, 0x00, 0x00, 0x00, 0x00, 0x00, 0x00,
  0x00, 0x00, 0x00, 0x00, 0x00, 0x01, 0x00, 0x02, 0x07, 0x09, 0x1b, 0x11, 0x13, 0x08, 0x0b, 0x1b,
  0x30, 0x37, 0x98, 0xdb, 0xea, 0xf7, 0xff, 0xfe, 0xfc, 0xfd, 0xff, 0xfb, 0xff, 0xfe, 0xfd, 0xfd,
  0xfe, 0xfa, 0xfc, 0xfb, 0xfd, 0xfe, 0xf4, 0xe6, 0xa2, 0x45, 0x22, 0x15, 0xdd, 0xff, 0xfb, 0xff,
  0xbd, 0x00, 0x00, 0x00, 0x00, 0x00, 0x2b, 0xf9, 0xff, 0xf6, 0xff, 0x92, 0x00, 0x00, 0x0c, 0xf5,
  0xff, 0xff, 0xed, 0x50, 0x16, 0x0f, 0x0d, 0x07, 0x01, 0x02, 0x0b, 0x04, 0x00, 0x00, 0x00, 0x48,
  0xf7, 0xf9, 0xfb, 0xe0, 0x28, 0x02, 0x00, 0x00, 0x00, 0x2a, 0xee, 0xf9, 0xff, 0xf9, 0x5c, 0x00,
  0x00, 0x00, 0x09, 0xc6, 0xfd, 0xfb, 0xec, 0x3a, 0x00, 0x00, 0x00, 0x00, 0x00, 0x06, 0x03, 0x01,
  0x00, 0x05, 0x00, 0x81, 0xff, 0xf8, 0xfd, 0xdb, 0x0d, 0x00, 0x00, 0x00, 0x03, 0x0f, 0x00, 0x00,
  0x00, 0x00, 0x00, 0x01, 0xec, 0xfe, 0xfc, 0xff, 0xa2, 0x00, 0x01, 0x00, 0x00, 0x00, 0x00, 0x00,
  0x00, 0x00, 0x00, 0x00, 0x00, 0x00, 0x00, 0x00, 0x00, 0x00, 0x00, 0x00, 0x00, 0x1f, 0xe1, 0xfb,
  0xfb, 0xfd, 0x57, 0x00, 0x04, 0x1b, 0x26, 0x17, 0x01, 0x00, 0x08, 0x14, 0x5b, 0xf1, 0xfc, 0xfd,
  0xfb, 0xfe, 0xfc, 0xfa, 0xfd, 0xfd, 0xfc, 0xfd, 0x00, 0x00, 0x00, 0x00, 0x00, 0x00, 0x00, 0x00,
  0x00, 0x00, 0x00, 0x00, 0x00, 0x00, 0x00, 0x00, 0x00, 0x00, 0x00, 0x00, 0x00, 0x00, 0x03, 0x00,
  0x00, 0x01, 0x0d, 0x0f, 0x04, 0x00, 0x0b, 0x19, 0x3d, 0x69, 0xc5, 0xee, 0xf1, 0xf7, 0xfa, 0xfb,
  0xfa, 0xfc, 0xfd, 0xfe, 0xfe, 0xfc, 0xfe, 0xfc, 0xfb, 0xfa, 0xfe, 0xff, 0xfd, 0xfa, 0xf8, 0xf5,
  0xa1, 0x2f, 0x19, 0x1a, 0xdb, 0xff, 0xff, 0xf8, 0xb4, 0x00, 0x00, 0x00, 0x00, 0x00, 0x69, 0xf8,
  0xff, 0xf9, 0xfb, 0x6c, 0x00, 0x00, 0x09, 0xf3, 0xfc, 0xfa, 0xf5, 0xca, 0xa6, 0xbf, 0xbd, 0xcd,
  0xd0, 0xd6, 0x8d, 0x0c, 0x01, 0x01, 0x00, 0x40, 0xf5, 0xf9, 0xfb, 0xdd, 0x17, 0x00, 0x00, 0x00,
  0x2f, 0xe1, 0xfd, 0xfd, 0xff, 0xe4, 0x0e, 0x00, 0x00, 0x00, 0x00, 0xc4, 0xfe, 0xfc, 0xf1, 0x8a,
  0x26, 0x26, 0x52, 0x4c, 0x5b, 0x6b, 0x3e, 0x0c, 0x00, 0x04, 0x00, 0x72, 0xff, 0xf5, 0xfc, 0xf8,
  0x9f, 0x57, 0x76, 0x8d, 0x92, 0xbe, 0xa9, 0x8e, 0x33, 0x00, 0x01, 0x09, 0xfc, 0xfb, 0xfa, 0xf8,
  0x54, 0x00, 0x00, 0x00, 0x00, 0x00, 0x00, 0x00, 0x00, 0x00, 0x00, 0x00, 0x00, 0x00, 0x00, 0x00,
  0x00, 0x00, 0x00, 0x00, 0x02, 0x23, 0xe7, 0xfa, 0xfa, 0xf7, 0x60, 0x01, 0x01, 0x00, 0x06, 0x0c,
  0x05, 0x07, 0x17, 0x2d, 0x72, 0xfa, 0xfb, 0xf8, 0xfa, 0xfc, 0xfe, 0xff, 0xff, 0xfc, 0xfc, 0xfa,
  0x00, 0x00, 0x00, 0x00, 0x00, 0x00, 0x00, 0x00, 0x00, 0x00, 0x00, 0x00, 0x00, 0x00, 0x00, 0x00,
  0x00, 0x00, 0x00, 0x00, 0x00, 0x05, 0x00, 0x04, 0x00, 0x00, 0x0c, 0x0f, 0x19, 0x33, 0x5e, 0xc0,
  0xe6, 0xeb, 0xf1, 0xf3, 0xff, 0xfe, 0xfd, 0xfc, 0xff, 0xff, 0xff, 0xfd, 0xff, 0xff, 0xfd, 0xfc,
  0xfe, 0xff, 0xfe, 0xfe, 0xfd, 0xff, 0xf3, 0xf3, 0x8a, 0x2e, 0x1b, 0x17, 0xda, 0xfe, 0xfc, 0xff,
  0x86, 0x05, 0x00, 0x09, 0x21, 0x54, 0xeb, 0xfc, 0xfc, 0xff, 0xf1, 0x3d, 0x00, 0x00, 0x0e, 0xf5,
  0xf8, 0xfd, 0xf9, 0xfa, 0xfd, 0xff, 0xfb, 0xfa, 0xff, 0xff, 0xf4, 0x20, 0x02, 0x01, 0x00, 0x44,
  0xf9, 0xf9, 0xf8, 0xf2, 0xca, 0x5d, 0x66, 0xd7, 0xf9, 0xff, 0xff, 0xfd, 0xed, 0x86, 0x00, 0x00,
  0x02, 0x00, 0x00, 0xc8, 0xfe, 0xfc, 0xf6, 0xf2, 0xe4, 0xee, 0xe9, 0xf5, 0xef, 0xff, 0xd6, 0x1b,
  0x00, 0x02, 0x00, 0x81, 0xff, 0xfb, 0xf8, 0xfc, 0xfe, 0xfe, 0xf2, 0xf7, 0xfb, 0xff, 0xf6, 0xf5,
  0xc3, 0x06, 0x00, 0x28, 0xff, 0xff, 0xf9, 0xf3, 0x26, 0x00, 0x00, 0x00, 0x00, 0x00, 0x00, 0x00,
  0x00, 0x00, 0x00, 0x00, 0x00, 0x00, 0x00, 0x00, 0x00, 0x00, 0x00, 0x00, 0x03, 0x24, 0xe9, 0xf8,
  0xf9, 0xf5, 0x52, 0x06, 0x01, 0x02, 0x0b, 0x0b, 0x0a, 0x05, 0x1a, 0x51, 0x79, 0xfd, 0xf8, 0xfa,
  0xfc, 0xff, 0xfb, 0xfc, 0xff, 0xfe, 0xfe, 0xfa, 0x00, 0x00, 0x00, 0x00, 0x00, 0x00, 0x00, 0x00,
  0x00, 0x00, 0x00, 0x00, 0x01, 0x00, 0x00, 0x00, 0x00, 0x00, 0x00, 0x00, 0x00, 0x07, 0x0c, 0x22,
  0x1b, 0x22, 0x5e, 0xa3, 0x99, 0xbe, 0xf9, 0xf8, 0xff, 0xff, 0xff, 0xff, 0xf8, 0xfc, 0xf7, 0xf4,
  0xfa, 0xfd, 0xfd, 0xff, 0xfe, 0xff, 0xfe, 0xfc, 0xfa, 0xfd, 0xfc, 0xfe, 0xfb, 0xfc, 0xf6, 0xe7,
  0x7f, 0x30, 0x26, 0x1b, 0xdf, 0xfc, 0xff, 0xfd, 0x5f, 0x6a, 0xa1, 0xc1, 0xe8, 0xff, 0xff, 0xfc,
  0xfb, 0xf4, 0xab, 0x09, 0x00, 0x00, 0x0a, 0xf2, 0xf6, 0xf8, 0xfc, 0xf8, 0xfe, 0xff, 0xfd, 0xfd,
  0xfa, 0xff, 0xe6, 0x0d, 0x04, 0x02, 0x00, 0x3f, 0xf7, 0xf9, 0xfd, 0xf9, 0xff, 0xff, 0xf9, 0xff,
  0xfb, 0xf6, 0xf0, 0xcb, 0x9a, 0x12, 0x00, 0x00, 0x00, 0x00, 0x00, 0xd6, 0xff, 0xfa, 0xf9, 0xfd,
  0xf5, 0xfd, 0xfd, 0xfb, 0xff, 0xfc, 0xf2, 0x0b, 0x00, 0x03, 0x00, 0x7e, 0xff, 0xfd, 0xfe, 0xff,
  0xf8, 0xfb, 0xf4, 0xf9, 0xfd, 0xfa, 0xfa, 0xff, 0xc8, 0x00, 0x00, 0x24, 0xfb, 0xfd, 0xfa, 0xee,
  0x1b, 0x00, 0x01, 0x00, 0x00, 0x00, 0x00, 0x00, 0x00, 0x00, 0x00, 0x00, 0x00, 0x00, 0x00, 0x00,
  0x00, 0x00, 0x00, 0x00, 0x00, 0x1e, 0xed, 0xfe, 0xfc, 0xf7, 0x40, 0x00, 0x07, 0x04, 0x07, 0x07,
  0x0c, 0x0a, 0x1e, 0x2f, 0x92, 0xf8, 0xec, 0xf3, 0xf6, 0xfc, 0xfd, 0xff, 0xfe, 0xfe, 0xfd, 0xfd,
  0x00, 0x00, 0x00, 0x00, 0x00, 0x00, 0x00, 0x00, 0x00, 0x00, 0x00, 0x00, 0x00, 0x00, 0x00, 0x00,
  0x00, 0x00, 0x00, 0x03, 0x05, 0x0a, 0x14, 0x54, 0x54, 0xc3, 0xeb, 0xed, 0xe7, 0xdc, 0xe7, 0xfb,
  0xf0, 0xec, 0xcc, 0xaf, 0x6d, 0xf0, 0xea, 0xf6, 0xfa, 0xfa, 0xfd, 0xfb, 0xfd, 0xfd, 0xfa, 0xfc,
  0xfc, 0xfc, 0xfc, 0xfe, 0xfc, 0xf8, 0xf7, 0xe3, 0xaa, 0x50, 0x28, 0x15, 0xe4, 0xfe, 0xfa, 0xf8,
  0xf2, 0xfa, 0xff, 0xfe, 0xff, 0xff, 0xfc, 0xff, 0xf8, 0x81, 0x0c, 0x00, 0x00, 0x00, 0x07, 0xec,
  0xf8, 0xf7, 0xfb, 0xa9, 0x90, 0xb2, 0x98, 0x87, 0x89, 0xa3, 0x4e, 0x05, 0x00, 0x04, 0x00, 0x3d,
  0xf0, 0xfa, 0xfe, 0xf7, 0xf4, 0xfa, 0xf4, 0xff, 0xfd, 0xbb, 0x23, 0x08, 0x10, 0x00, 0x00, 0x00,
  0x00, 0x00, 0x00, 0xc5, 0xfe, 0xfd, 0xf8, 0xfb, 0xfd, 0xf6, 0xf6, 0xff, 0xfc, 0xfb, 0xd1, 0x0a,
  0x05, 0x00, 0x00, 0x61, 0xfe, 0xf9, 0xf7, 0xfa, 0xe0, 0xda, 0xe2, 0xda, 0xef, 0xd7, 0xdf, 0xae,
  0x4d, 0x00, 0x00, 0x1d, 0xf2, 0xfe, 0xf8, 0xf5, 0x2e, 0x00, 0x01, 0x00, 0x00, 0x00, 0x00, 0x00,
  0x00, 0x00, 0x00, 0x00, 0x00, 0x00, 0x00, 0x00, 0x00, 0x00, 0x00, 0x00, 0x01, 0x27, 0xf2, 0xfd,
  0xfb, 0xf2, 0x39, 0x00, 0x05, 0x02, 0x00, 0x09, 0x0b, 0x0a, 0x11, 0x1b, 0x8b, 0xfc, 0xef, 0xfa,
  0xfe, 0xfb, 0xfb, 0xfd, 0xfd, 0xff, 0xfc, 0xfe, 0x00, 0x00, 0x00, 0x00, 0x00, 0x00, 0x00, 0x00,
  0x00, 0x00, 0x00, 0x00, 0x00, 0x00, 0x00, 0x00, 0x00, 0x03, 0x11, 0x22, 0x15, 0x0d, 0x15, 0x2d,
  0x2c, 0x67, 0xa5, 0xc0, 0xa0, 0x6c, 0x3b, 0x58, 0x44, 0x38, 0x22, 0x1c, 0x30, 0x8f, 0xb1, 0xe3,
  0xf4, 0xfc, 0xfc, 0xfc, 0xff, 0xfd, 0xfd, 0xfd, 0xff, 0xfd, 0xfc, 0xfe, 0xfe, 0xfa, 0xf6, 0xd9,
  0x9a, 0x31, 0x1d, 0x16, 0xec, 0xfd, 0xfa, 0xfd, 0xfc, 0xf9, 0xff, 0xfc, 0xff, 0xfc, 0xfd, 0xcc,
  0x77, 0x0f, 0x00, 0x00, 0x00, 0x00, 0x0b, 0xee, 0xf3, 0xf6, 0xed, 0x2e, 0x00, 0x07, 0x00, 0x00,
  0x00, 0x00, 0x00, 0x00, 0x00, 0x04, 0x00, 0x45, 0xf5, 0xfa, 0xf9, 0xed, 0x91, 0x7c, 0xf9, 0xff,
  0xf8, 0xde, 0x05, 0x00, 0x00, 0x02, 0x00, 0x00, 0x00, 0x01, 0x00, 0xd0, 0xff, 0xf7, 0xf9, 0xba,
  0x25, 0x40, 0x5e, 0x43, 0x3e, 0x2a, 0x10, 0x00, 0x00, 0x00, 0x00, 0x5b, 0xfd, 0xfb, 0xff, 0xcd,
  0x0f, 0x0c, 0x19, 0x12, 0x1d, 0x05, 0x07, 0x00, 0x00, 0x00, 0x01, 0x02, 0xdc, 0xfd, 0xfe, 0xf7,
  0x4e, 0x00, 0x00, 0x00, 0x00, 0x00, 0x00, 0x00, 0x00, 0x00, 0x00, 0x00, 0x00, 0x00, 0x00, 0x00,
  0x00, 0x00, 0x00, 0x00, 0x00, 0x24, 0xe8, 0xf7, 0xfe, 0xf0, 0x2d, 0x00, 0x03, 0x05, 0x06, 0x0a,
  0x0b, 0x09, 0x0e, 0x10, 0x7a, 0xf5, 0xf3, 0xf5, 0xfc, 0xfa, 0xfc, 0xfc, 0xfc, 0xfd, 0xff, 0xff,
  0x00, 0x00, 0x00, 0x00, 0x00, 0x00, 0x00, 0x00, 0x00, 0x00, 0x00, 0x00, 0x0b, 0x00, 0x00, 0x00,
  0x02, 0x0a, 0x1e, 0x1d, 0x04, 0x0c, 0x06, 0x0c, 0x08, 0x00, 0x18, 0x2b, 0x1d, 0x09, 0x0a, 0x06,
  0x10, 0x24, 0x21, 0x2e, 0x59, 0x74, 0x98, 0xcf, 0xf1, 0xfc, 0xfd, 0xff, 0xff, 0xfd, 0xfc, 0xfe,
  0xff, 0xfd, 0xff, 0xff, 0xff, 0xf7, 0xee, 0xbf, 0x52, 0x1e, 0x20, 0x23, 0xf6, 0xfb, 0xf9, 0xff,
  0xfa, 0xeb, 0xe4, 0xf2, 0xed, 0xd8, 0xb9, 0x46, 0x16, 0x00, 0x00, 0x00, 0x00, 0x00, 0x07, 0xf2,
  0xf5, 0xf7, 0xef, 0x3b, 0x01, 0x00, 0x00, 0x00, 0x05, 0x00, 0x00, 0x00, 0x00, 0x03, 0x00, 0x51,
  0xf5, 0xfb, 0xfc, 0xef, 0x34, 0x38, 0xe0, 0xfb, 0xfc, 0xf8, 0x9c, 0x03, 0x00, 0x00, 0x00, 0x00,
  0x01, 0x00, 0x05, 0xbf, 0xff, 0xfd, 0xfb, 0x98, 0x00, 0x00, 0x00, 0x00, 0x05, 0x00, 0x00, 0x00,
  0x00, 0x00, 0x00, 0x5d, 0xff, 0xfd, 0xfc, 0xc6, 0x04, 0x00, 0x07, 0x00, 0x04, 0x00, 0x00, 0x00,
  0x00, 0x00, 0x00, 0x15, 0xa4, 0xff, 0xfa, 0xfe, 0xc3, 0x00, 0x01, 0x00, 0x00, 0x00, 0x00, 0x00,
  0x00, 0x00, 0x00, 0x03, 0x00, 0x00, 0x00, 0x00, 0x00, 0x00, 0x00, 0x02, 0x00, 0x17, 0xe1, 0xfa,
  0xff, 0xec, 0x2a, 0x01, 0x07, 0x05, 0x08, 0x01, 0x09, 0x0a, 0x06, 0x14, 0x6b, 0xe8, 0xeb, 0xed,
  0xfa, 0xfc, 0xfe, 0xfe, 0xfd, 0xfd, 0xfe, 0xfe, 0x00, 0x00, 0x00, 0x00, 0x00, 0x00, 0x00, 0x00,
  0x00, 0x00, 0x00, 0x00, 0x00, 0x00, 0x00, 0x00, 0x00, 0x00, 0x00, 0x00, 0x02, 0x03, 0x06, 0x00,
  0x00, 0x00, 0x02, 0x07, 0x09, 0x1b, 0x25, 0x36, 0x79, 0x81, 0x6e, 0x8a, 0xa7, 0xee, 0xcc, 0xce,
  0xf2, 0xf7, 0xfd, 0xff, 0xfa, 0xfc, 0xff, 0xfc, 0xff, 0xfc, 0xfb, 0xfc, 0xfb, 0xf0, 0xf2, 0xe7,
  0xb1, 0x18, 0x14, 0x2f, 0xeb, 0xfb, 0xff, 0xff, 0xd2, 0x24, 0x11, 0x0d, 0x2f, 0x1d, 0x02, 0x00,
  0x00, 0x00, 0x00, 0x00, 0x00, 0x00, 0x00, 0xf1, 0xf8, 0xff, 0xf4, 0x73, 0x13, 0x03, 0x06, 0x00,
  0x00, 0x00, 0x00, 0x00, 0x00, 0x00, 0x00, 0x16, 0xf0, 0xfc, 0xf9, 0xdd, 0x13, 0x0f, 0x33, 0xe3,
  0xf6, 0xfd, 0xf5, 0xab, 0x00, 0x01, 0x00, 0x00, 0x00, 0x00, 0x00, 0xc7, 0xfa, 0xf8, 0xff, 0x66,
  0x00, 0x02, 0x00, 0x00, 0x02, 0x00, 0x00, 0x00, 0x00, 0x00, 0x00, 0x94, 0xf9, 0xf8, 0xff, 0xd8,
  0x0b, 0x00, 0x00, 0x00, 0x00, 0x00, 0x01, 0x01, 0x02, 0x01, 0x00, 0x00, 0x69, 0xf9, 0xff, 0xf8,
  0xf7, 0x44, 0x00, 0x01, 0x01, 0x00, 0x00, 0x00, 0x00, 0x00, 0x00, 0x00, 0x01, 0x1b, 0x03, 0x00,
  0x00, 0x00, 0x01, 0x05, 0x00, 0x20, 0xed, 0xfd, 0xfb, 0xf7, 0x25, 0x00, 0x06, 0x00, 0x02, 0x00,
  0x01, 0x09, 0x05, 0x08, 0xc5, 0xf6, 0xfa, 0xf9, 0xfb, 0xfd, 0xfc, 0xfc, 0xfb, 0xfc, 0xff, 0xfc,
  0x00, 0x00, 0x00, 0x00, 0x00, 0x00, 0x00, 0x00, 0x00, 0x00, 0x00, 0x00, 0x00, 0x00, 0x00, 0x00,
  0x00, 0x00, 0x00, 0x00, 0x00, 0x01, 0x01, 0x01, 0x00, 0x00, 0x03, 0x03, 0x0c, 0x0e, 0x0d, 0x2f,
  0x54, 0x47, 0x2f, 0x48, 0x6a, 0xc6, 0xa6, 0xd5, 0xf7, 0xfa, 0xfa, 0xfc, 0xfd, 0xfc, 0xfc, 0xfc,
  0xfe, 0xfc, 0xf9, 0xfc, 0xfb, 0xe5, 0xe4, 0xf0, 0xaf, 0x11, 0x0c, 0x3b, 0xf0, 0xfd, 0xfb, 0xff,
  0xa2, 0x00, 0x03, 0x01, 0x06, 0x00, 0x00, 0x00, 0x00, 0x00, 0x00, 0x00, 0x00, 0x00, 0x02, 0xee,
  0xff, 0xff, 0xf7, 0x59, 0x0c, 0x01, 0x00, 0x01, 0x00, 0x01, 0x00, 0x00, 0x00, 0x00, 0x00, 0x23,
  0xf8, 0xf9, 0xfb, 0xca, 0x01, 0x08, 0x00, 0x62, 0xff, 0xfc, 0xfb, 0xf6, 0x2a, 0x00, 0x00, 0x00,
  0x00, 0x00, 0x00, 0xbf, 0xff, 0xf9, 0xf6, 0x5d, 0x00, 0x00, 0x00, 0x00, 0x00, 0x00, 0x00, 0x00,
  0x00, 0x00, 0x00, 0x89, 0xf5, 0xfa, 0xfa, 0xd8, 0x0f, 0x00, 0x01, 0x00, 0x01, 0x02, 0x00, 0x01,
  0x04, 0x03, 0x08, 0x00, 0x28, 0xf4, 0xf9, 0xf9, 0xff, 0xdb, 0x08, 0x00, 0x00, 0x00, 0x00, 0x00,
  0x01, 0x00, 0x00, 0x00, 0x00, 0x59, 0x04, 0x02, 0x01, 0x00, 0x00, 0x01, 0x03, 0x21, 0xf3, 0xfb,
  0xf9, 0xf7, 0x2f, 0x00, 0x03, 0x00, 0x00, 0x00, 0x00, 0x05, 0x0c, 0x3d, 0xee, 0xf5, 0xfa, 0xfd,
  0xfd, 0xfd, 0xfc, 0xf9, 0xfb, 0xfc, 0xfc, 0xfd, 0x00, 0x00, 0x00, 0x00, 0x00, 0x00, 0x00, 0x00,
  0x00, 0x00, 0x00, 0x00, 0x00, 0x00, 0x00, 0x00, 0x00, 0x00, 0x00, 0x00, 0x01, 0x00, 0x00, 0x00,
  0x00, 0x01, 0x00, 0x05, 0x0b, 0x11, 0x0e, 0x13, 0x1f, 0x5d, 0x3a, 0x48, 0xac, 0xc0, 0xb7, 0xe4,
  0xf9, 0xfb, 0xfc, 0xfa, 0xfe, 0xfd, 0xfd, 0xfc, 0xfe, 0xfc, 0xfc, 0xfa, 0xf5, 0xf5, 0xe9, 0xef,
  0xa4, 0x10, 0x12, 0x34, 0xec, 0xfd, 0xfc, 0xfc, 0x9a, 0x00, 0x04, 0x05, 0x07, 0x00, 0x00, 0x00,
  0x00, 0x00, 0x00, 0x00, 0x00, 0x00, 0x07, 0xf1, 0xfe, 0xfc, 0xf4, 0x34, 0x00, 0x00, 0x00, 0x00,
  0x00, 0x00, 0x00, 0x00, 0x00, 0x00, 0x00, 0x2b, 0xf7, 0xfc, 0xfc, 0xc0, 0x0a, 0x03, 0x05, 0x0f,
  0xc7, 0xff, 0xfd, 0xfb, 0xc0, 0x44, 0x00, 0x00, 0x00, 0x00, 0x00, 0xc1, 0xff, 0xf7, 0xfd, 0x61,
  0x00, 0x00, 0x01, 0x01, 0x03, 0x00, 0x00, 0x00, 0x00, 0x00, 0x00, 0x8b, 0xfa, 0xf7, 0xfd, 0xb9,
  0x13, 0x00, 0x00, 0x00, 0x00, 0x06, 0x05, 0x08, 0x11, 0x0c, 0x03, 0x00, 0x09, 0xcd, 0xff, 0xf9,
  0xfe, 0xfb, 0xaf, 0x00, 0x00, 0x00, 0x01, 0x00, 0x00, 0x00, 0x00, 0x3b, 0x89, 0xa4, 0x08, 0x02,
  0x02, 0x00, 0x00, 0x01, 0x01, 0x19, 0xf9, 0xf7, 0xfc, 0xec, 0x2b, 0x00, 0x07, 0x03, 0x02, 0x00,
  0x03, 0x08, 0x09, 0x44, 0xed, 0xfa, 0xf9, 0xfb, 0xfd, 0xfc, 0xfb, 0xfb, 0xfe, 0xfc, 0xfd, 0xfc,
  0x00, 0x00, 0x00, 0x00, 0x00, 0x00, 0x00, 0x00, 0x00, 0x00, 0x00, 0x00, 0x00, 0x00, 0x00, 0x00,
  0x00, 0x00, 0x00, 0x00, 0x00, 0x00, 0x00, 0x00, 0x00, 0x01, 0x01, 0x05, 0x04, 0x0d, 0x10, 0x15,
  0x18, 0x35, 0x3a, 0x5f, 0xbc, 0xc3, 0xc2, 0xdf, 0xf2, 0xf5, 0xfb, 0xfe, 0xfd, 0xfd, 0xfc, 0xfb,
  0xfd, 0xfd, 0xfe, 0xfd, 0xfb, 0xf7, 0xec, 0xf2, 0xa0, 0x12, 0x06, 0x43, 0xf6, 0xfe, 0xfb, 0xfb,
  0x8c, 0x08, 0x07, 0x02, 0x03, 0x00, 0x00, 0x00, 0x00, 0x00, 0x00, 0x00, 0x00, 0x00, 0x14, 0xef,
  0xff, 0xf9, 0xe5, 0x55, 0x17, 0x1a, 0x1c, 0x21, 0x17, 0x1e, 0x2d, 0x21, 0x00, 0x00, 0x00, 0x21,
  0xf4, 0xfd, 0xfc, 0xc9, 0x06, 0x00, 0x06, 0x03, 0x27, 0xf1, 0xfb, 0xfa, 0xff, 0xd6, 0x0f, 0x00,
  0x01, 0x00, 0x00, 0xd3, 0xff, 0xf7, 0xfe, 0x70, 0x00, 0x04, 0x00, 0x00, 0x00, 0x00, 0x00, 0x00,
  0x00, 0x00, 0x00, 0x88, 0xfe, 0xf7, 0xfa, 0xcf, 0x33, 0x27, 0x1d, 0x1f, 0x3b, 0x1e, 0x23, 0x35,
  0x43, 0x19, 0x08, 0x06, 0x00, 0x49, 0xfa, 0xf7, 0xfb, 0xff, 0xf8, 0xce, 0x18, 0x00, 0x03, 0x00,
  0x0e, 0x35, 0xa0, 0xe8, 0xf8, 0xe4, 0x0f, 0x02, 0x00, 0x00, 0x01, 0x03, 0x02, 0x35, 0xf9, 0xfc,
  0xfb, 0xf0, 0x2e, 0x00, 0x03, 0x03, 0x00, 0x00, 0x02, 0x06, 0x00, 0x14, 0xe2, 0xfa, 0xf7, 0xf9,
  0xf9, 0xfd, 0xfd, 0xfe, 0xfc, 0xfe, 0xfd, 0xfb, 0x00, 0x00, 0x00, 0x00, 0x00, 0x00, 0x00, 0x00,
  0x00, 0x00, 0x00, 0x00, 0x00, 0x00, 0x00, 0x00, 0x00, 0x00, 0x00, 0x00, 0x00, 0x00, 0x00, 0x00,
  0x00, 0x00, 0x01, 0x01, 0x03, 0x12, 0x15, 0x14, 0x18, 0x1e, 0x40, 0x81, 0x9f, 0xcc, 0xc4, 0xd1,
  0xf0, 0xf7, 0xfb, 0xfc, 0xfa, 0xff, 0xfb, 0xfc, 0xfe, 0xfd, 0xfb, 0xfe, 0xfb, 0xe4, 0xec, 0xdf,
  0xa4, 0x13, 0x0e, 0x48, 0xf4, 0xfa, 0xfc, 0xf7, 0x83, 0x03, 0x00, 0x00, 0x00, 0x00, 0x00, 0x00,
  0x00, 0x00, 0x00, 0x00, 0x00, 0x00, 0x10, 0xf1, 0xfd, 0xfe, 0xf7, 0xe7, 0xd7, 0xf1, 0xe9, 0xea,
  0xec, 0xf5, 0xfc, 0xef, 0x2d, 0x00, 0x00, 0x26, 0xf9, 0xfc, 0xfe, 0xe0, 0x0c, 0x00, 0x00, 0x02,
  0x00, 0xaf, 0xfc, 0xfc, 0xff, 0xfb, 0xb7, 0x0c, 0x00, 0x00, 0x00, 0xdb, 0xfd, 0xf6, 0xfe, 0x75,
  0x00, 0x01, 0x01, 0x00, 0x00, 0x01, 0x00, 0x00, 0x00, 0x02, 0x00, 0x8e, 0xfc, 0xfd, 0xff, 0xff,
  0xdf, 0xed, 0xeb, 0xea, 0xe8, 0xef, 0xe5, 0xe8, 0xfb, 0x58, 0x00, 0x00, 0x01, 0x00, 0x71, 0xff,
  0xfe, 0xff, 0xf7, 0xfe, 0xf7, 0xc9, 0xa0, 0xb5, 0xd9, 0xf4, 0xff, 0xff, 0xfb, 0xf4, 0x0b, 0x00,
  0x00, 0x00, 0x01, 0x00, 0x07, 0x41, 0xf0, 0xf7, 0xfc, 0xf7, 0x35, 0x00, 0x00, 0x01, 0x02, 0x00,
  0x00, 0x05, 0x02, 0x17, 0xd5, 0xf9, 0xf3, 0xf8, 0xf9, 0xfe, 0xf9, 0xfc, 0xfd, 0xfd, 0xf9, 0xfb,
  0x00, 0x00, 0x00, 0x00, 0x00, 0x00, 0x00, 0x00, 0x00, 0x00, 0x00, 0x00, 0x00, 0x00, 0x00, 0x00,
  0x00, 0x00, 0x00, 0x00, 0x00, 0x00, 0x00, 0x00, 0x00, 0x00, 0x00, 0x02, 0x02, 0x0a, 0x18, 0x35,
  0x29, 0x1c, 0x37, 0x59, 0x69, 0xa2, 0x97, 0xd1, 0xed, 0xf5, 0xf8, 0xfc, 0xfd, 0xfd, 0xfd, 0xfb,
  0xfc, 0xfd, 0xfd, 0xfb, 0xfa, 0xf4, 0xdd, 0xc6, 0xba, 0x22, 0x16, 0x54, 0xe7, 0xfa, 0xfd, 0xf2,
  0x8d, 0x0d, 0x00, 0x00, 0x00, 0x00, 0x00, 0x00, 0x00, 0x00, 0x00, 0x00, 0x00, 0x00, 0x14, 0xec,
  0xfa, 0xfc, 0xfd, 0xf7, 0xfe, 0xfc, 0xf8, 0xf6, 0xf9, 0xfc, 0xfe, 0xff, 0x4c, 0x00, 0x00, 0x2f,
  0xf4, 0xff, 0xfb, 0xe8, 0x25, 0x00, 0x00, 0x00, 0x00, 0x27, 0xee, 0xf8, 0xfd, 0xfc, 0xf8, 0xaa,
  0x0a, 0x00, 0x00, 0xc9, 0xf9, 0xf7, 0xff, 0x88, 0x00, 0x03, 0x00, 0x00, 0x00, 0x00, 0x00, 0x00,
  0x00, 0x01, 0x00, 0x75, 0xff, 0xfb, 0xfc, 0xfd, 0xf2, 0xf9, 0xf4, 0xf9, 0xf7, 0xff, 0xfc, 0xfb,
  0xfc, 0x90, 0x01, 0x00, 0x01, 0x00, 0x00, 0x81, 0xf8, 0xfc, 0xf4, 0xff, 0xff, 0xfc, 0xf6, 0xf9,
  0xfa, 0xfb, 0xfc, 0xfa, 0xfb, 0xe8, 0x05, 0x00, 0x00, 0x00, 0x00, 0x00, 0x09, 0x43, 0xef, 0xf7,
  0xf4, 0xe6, 0x28, 0x00, 0x01, 0x06, 0x02, 0x00, 0x00, 0x01, 0x0b, 0x18, 0xae, 0xfa, 0xf5, 0xfa,
  0xfc, 0xff, 0xf9, 0xfb, 0xfc, 0xfe, 0xfc, 0xfc, 0x00, 0x00, 0x00, 0x00, 0x00, 0x00, 0x00, 0x00,
  0x00, 0x00, 0x00, 0x00, 0x00, 0x00, 0x00, 0x00, 0x00, 0x00, 0x00, 0x00, 0x00, 0x00, 0x00, 0x00,
  0x00, 0x00, 0x00, 0x00, 0x00, 0x01, 0x10, 0x1a, 0x22, 0x1a, 0x1a, 0x27, 0x2a, 0xb0, 0xad, 0xe9,
  0xf2, 0xf2, 0xf4, 0xf8, 0xfa, 0xfd, 0xfb, 0xfd, 0xfd, 0xfb, 0xfd, 0xfc, 0xfd, 0xee, 0xe5, 0xdf,
  0xad, 0x2a, 0x23, 0x4a, 0xe3, 0xfd, 0xf9, 0xee, 0x82, 0x05, 0x00, 0x00, 0x00, 0x00, 0x00, 0x00,
  0x00, 0x00, 0x00, 0x00, 0x00, 0x01, 0x13, 0xe9, 0xf5, 0xf5, 0xfc, 0xfb, 0xfa, 0xf8, 0xf8, 0xf9,
  0xf9, 0xfc, 0xfa, 0xfe, 0x6f, 0x02, 0x00, 0x4c, 0xf1, 0xf5, 0xfa, 0xf8, 0x58, 0x00, 0x00, 0x02,
  0x00, 0x02, 0x93, 0xf8, 0xf5, 0xfa, 0xf5, 0xe6, 0x67, 0x02, 0x09, 0xa8, 0xf8, 0xf5, 0xfe, 0x97,
  0x00, 0x02, 0x00, 0x00, 0x00, 0x00, 0x00, 0x00, 0x00, 0x01, 0x01, 0x7f, 0xfd, 0xfb, 0xff, 0xf8,
  0xf8, 0xf4, 0xf5, 0xfa, 0xfc, 0xfe, 0xf7, 0xfd, 0xff, 0xaa, 0x05, 0x00, 0x00, 0x00, 0x05, 0x00,
  0x35, 0xd3, 0xfb, 0xf9, 0xff, 0xf4, 0xf6, 0xf9, 0xfb, 0xfa, 0xfe, 0xfe, 0xf4, 0x6d, 0x00, 0x00,
  0x00, 0x00, 0x01, 0x00, 0x06, 0x35, 0xdd, 0xf8, 0xf8, 0xdd, 0x18, 0x00, 0x01, 0x02, 0x01, 0x00,
  0x00, 0x07, 0x0a, 0x16, 0xbd, 0xf4, 0xf3, 0xfa, 0xfb, 0xfb, 0xfc, 0xfd, 0xfd, 0xfc, 0xfb, 0xfe,
  0x00, 0x00, 0x00, 0x00, 0x00, 0x00, 0x00, 0x00, 0x00, 0x00, 0x00, 0x00, 0x00, 0x00, 0x00, 0x00,
  0x00, 0x00, 0x00, 0x00, 0x00, 0x00, 0x00, 0x00, 0x00, 0x00, 0x00, 0x01, 0x03, 0x02, 0x16, 0x14,
  0x13, 0x22, 0x26, 0x1d, 0x31, 0x84, 0xa3, 0xe3, 0xe5, 0xdf, 0xeb, 0xfb, 0xfa, 0xfb, 0xfc, 0xfe,
  0xfd, 0xfd, 0xfe, 0xfc, 0xf8, 0xe7, 0xeb, 0xee, 0x9a, 0x39, 0x3a, 0x41, 0xb4, 0xe6, 0xdc, 0xc0,
  0x26, 0x00, 0x00, 0x00, 0x00, 0x00, 0x00, 0x00, 0x00, 0x00, 0x00, 0x00, 0x00, 0x00, 0x04, 0xab,
  0xe0, 0xe1, 0xc1, 0xac, 0x90, 0xc9, 0xc0, 0xc6, 0xc3, 0xc2, 0xd4, 0xbd, 0x23, 0x05, 0x00, 0x2d,
  0xaf, 0xe5, 0xd7, 0x99, 0x19, 0x00, 0x00, 0x00, 0x02, 0x00, 0x09, 0x50, 0xa5, 0xd9, 0xdd, 0xc7,
  0x98, 0x06, 0x0d, 0x48, 0xc4, 0xe0, 0xe8, 0x67, 0x00, 0x00, 0x00, 0x00, 0x00, 0x00, 0x00, 0x00,
  0x00, 0x00, 0x00, 0x36, 0x6e, 0xae, 0xae, 0x9c, 0x94, 0x8c, 0x8c, 0x9d, 0x9c, 0xcb, 0xd4, 0xe5,
  0xe7, 0x5d, 0x03, 0x06, 0x00, 0x00, 0x05, 0x00, 0x00, 0x02, 0x81, 0xc8, 0xe4, 0xf0, 0xf5, 0xea,
  0xf2, 0xe2, 0xa6, 0x77, 0x39, 0x03, 0x00, 0x00, 0x00, 0x00, 0x00, 0x02, 0x06, 0x02, 0x52, 0xa6,
  0x85, 0x55, 0x06, 0x04, 0x04, 0x00, 0x00, 0x00, 0x00, 0x04, 0x0e, 0x36, 0x92, 0xf7, 0xf5, 0xf9,
  0xfa, 0xfe, 0xfc, 0xfc, 0xfb, 0xfd, 0xfc, 0xfd, 0x00, 0x00, 0x00, 0x00, 0x00, 0x00, 0x00, 0x00,
  0x00, 0x00, 0x00, 0x00, 0x00, 0x00, 0x00, 0x00, 0x00, 0x00, 0x00, 0x00, 0x00, 0x04, 0x01, 0x00,
  0x00, 0x05, 0x08, 0x07, 0x0f, 0x15, 0x13, 0x16, 0x35, 0x43, 0x4a, 0x40, 0x50, 0x45, 0x36, 0xc3,
  0xef, 0xfa, 0xfe, 0xfd, 0xf9, 0xfe, 0xfe, 0xfd, 0xff, 0xff, 0xfd, 0xfc, 0xfc, 0xef, 0xef, 0xf3,
  0xe9, 0x63, 0x02, 0x25, 0xc2, 0xf2, 0xfb, 0xeb, 0x1a, 0x03, 0x0c, 0x02, 0x07, 0x00, 0x00, 0x00,
  0x00, 0x00, 0x00, 0x00, 0x00, 0x00, 0x00, 0x04, 0x08, 0x11, 0x0d, 0x0b, 0x0c, 0x10, 0x0b, 0x0a,
  0x0e, 0x1a, 0x1c, 0x11, 0x03, 0x02, 0x01, 0x00, 0x16, 0x3e, 0x4b, 0x29, 0x02, 0x01, 0x00, 0x00,
  0x00, 0x01, 0x02, 0x0a, 0x10, 0x0b, 0x10, 0x08, 0x00, 0x00, 0x00, 0x05, 0x26, 0x0e, 0x06, 0x00,
  0x00, 0x00, 0x00, 0x00, 0x00, 0x00, 0x00, 0x00, 0x00, 0x00, 0x00, 0x00, 0x03, 0x09, 0x08, 0x05,
  0x03, 0x03, 0x01, 0x02, 0x00, 0x05, 0x00, 0x00, 0x00, 0x00, 0x01, 0x00, 0x00, 0x00, 0x00, 0x00,
  0x00, 0x00, 0x05, 0x10, 0x26, 0x0b, 0x12, 0x1e, 0x2d, 0x27, 0x1f, 0x0c, 0x05, 0x00, 0x00, 0x00,
  0x00, 0x00, 0x00, 0x00, 0x00, 0x08, 0x11, 0x34, 0x20, 0x11, 0x00, 0x01, 0x01, 0x06, 0x01, 0x01,
  0x03, 0x20, 0x1f, 0x85, 0xf7, 0xfd, 0xfb, 0xfb, 0xfd, 0xfc, 0xfd, 0xfc, 0xfd, 0xfd, 0xfd, 0xfe,
  0x00, 0x00, 0x00, 0x00, 0x00, 0x00, 0x00, 0x00, 0x00, 0x00, 0x00, 0x00, 0x00, 0x00, 0x00, 0x00,
  0x00, 0x00, 0x00, 0x00, 0x02, 0x00, 0x00, 0x02, 0x01, 0x07, 0x0f, 0x0b, 0x0b, 0x1e, 0x0c, 0x15,
  0x21, 0x42, 0x3c, 0x2a, 0x4b, 0x4c, 0x4b, 0xb6, 0xf2, 0xf8, 0xfe, 0xfc, 0xff, 0xfd, 0xfa, 0xfd,
  0xfc, 0xfb, 0xfd, 0xfc, 0xfb, 0xf7, 0xf0, 0xf9, 0xe0, 0x75, 0x12, 0x25, 0xb0, 0xee, 0xf5, 0xf4,
  0x27, 0x02, 0x05, 0x03, 0x00, 0x00, 0x00, 0x00, 0x00, 0x00, 0x00, 0x00, 0x00, 0x00, 0x00, 0x00,
  0x00, 0x00, 0x00, 0x00, 0x01, 0x02, 0x00, 0x02, 0x01, 0x00, 0x00, 0x00, 0x00, 0x00, 0x00, 0x02,
  0x02, 0x03, 0x04, 0x01, 0x01, 0x00, 0x00, 0x00, 0x00, 0x00, 0x00, 0x00, 0x02, 0x01, 0x00, 0x00,
  0x00, 0x00, 0x00, 0x00, 0x02, 0x00, 0x00, 0x00, 0x00, 0x00, 0x00, 0x00, 0x00, 0x00, 0x00, 0x00,
  0x00, 0x00, 0x00, 0x00, 0x00, 0x01, 0x00, 0x01, 0x01, 0x00, 0x00, 0x00, 0x00, 0x01, 0x00, 0x00,
  0x00, 0x00, 0x00, 0x00, 0x00, 0x00, 0x00, 0x00, 0x00, 0x00, 0x00, 0x00, 0x00, 0x02, 0x00, 0x00,
  0x00, 0x00, 0x00, 0x00, 0x02, 0x00, 0x00, 0x00, 0x01, 0x00, 0x00, 0x00, 0x00, 0x00, 0x00, 0x02,
  0x02, 0x01, 0x00, 0x00, 0x02, 0x08, 0x05, 0x04, 0x06, 0x0f, 0x18, 0xd7, 0xfc, 0xf8, 0xfb, 0xfb,
  0xfc, 0xfc, 0xfc, 0xfa, 0xfd, 0xfe, 0xfc, 0xfc, 0x00, 0x00, 0x00, 0x00, 0x00, 0x00, 0x00, 0x00,
  0x00, 0x00, 0x00, 0x00, 0x00, 0x00, 0x00, 0x00, 0x00, 0x00, 0x00, 0x00, 0x00, 0x00, 0x01, 0x01,
  0x00, 0x05, 0x05, 0x01, 0x0d, 0x01, 0x05, 0x06, 0x0f, 0x22, 0x24, 0x25, 0x36, 0x3d, 0x51, 0xd2,
  0xf4, 0xfc, 0xfe, 0xfd, 0xfd, 0xfe, 0xfe, 0xfa, 0xfd, 0xfc, 0xfe, 0xff, 0xfa, 0xfd, 0xfd, 0xe6,
  0xd5, 0xab, 0x12, 0x21, 0xc5, 0xf9, 0xfd, 0xf6, 0x20, 0x00, 0x0a, 0x02, 0x02, 0x00, 0x00, 0x00,
  0x00, 0x00, 0x00, 0x00, 0x00, 0x00, 0x00, 0x00, 0x00, 0x00, 0x00, 0x00, 0x00, 0x00, 0x00, 0x00,
  0x00, 0x00, 0x00, 0x00, 0x00, 0x00, 0x00, 0x00, 0x00, 0x01, 0x00, 0x00, 0x00, 0x00, 0x00, 0x00,
  0x00, 0x00, 0x00, 0x00, 0x01, 0x00, 0x00, 0x00, 0x00, 0x00, 0x00, 0x00, 0x02, 0x00, 0x00, 0x00,
  0x00, 0x00, 0x00, 0x01, 0x00, 0x00, 0x00, 0x00, 0x00, 0x00, 0x00, 0x00, 0x00, 0x00, 0x00, 0x00,
  0x00, 0x00, 0x00, 0x00, 0x00, 0x00, 0x00, 0x00, 0x00, 0x00, 0x00, 0x00, 0x00, 0x00, 0x00, 0x00,
  0x00, 0x00, 0x00, 0x00, 0x00, 0x00, 0x04, 0x00, 0x00, 0x00, 0x00, 0x00, 0x00, 0x00, 0x00, 0x00,
  0x00, 0x00, 0x00, 0x00, 0x00, 0x00, 0x02, 0x00, 0x02, 0x00, 0x00, 0x00, 0x00, 0x01, 0x05, 0x00,
  0x00, 0x2a, 0x86, 0xf3, 0xfb, 0xf2, 0xfb, 0xfa, 0xfb, 0xfb, 0xfb, 0xfd, 0xfc, 0xfc, 0xfb, 0xfc,
  0x00, 0x00, 0x00, 0x00, 0x00, 0x00, 0x00, 0x00, 0x00, 0x00, 0x00, 0x00, 0x00, 0x00, 0x00, 0x00,
  0x00, 0x00, 0x00, 0x00, 0x00, 0x02, 0x03, 0x04, 0x04, 0x44, 0x81, 0x28, 0x15, 0x0a, 0x0a, 0x0e,
  0x0d, 0x2f, 0x32, 0x2e, 0x33, 0x50, 0x40, 0xb7, 0xf3, 0xfc, 0xff, 0xfb, 0xfb, 0xfe, 0xfe, 0xfc,
  0xfc, 0xfe, 0xfd, 0xfe, 0xfc, 0xfb, 0xff, 0xf4, 0xdc, 0xaf, 0x1d, 0x22, 0x9e, 0xfd, 0xf8, 0xff,
  0x46, 0x00, 0x05, 0x00, 0x01, 0x00, 0x00, 0x00, 0x00, 0x00, 0x00, 0x00, 0x00, 0x00, 0x00, 0x00,
  0x00, 0x00, 0x00, 0x00, 0x00, 0x00, 0x00, 0x00, 0x00, 0x00, 0x00, 0x00, 0x00, 0x00, 0x00, 0x00,
  0x00, 0x00, 0x00, 0x01, 0x01, 0x00, 0x00, 0x00, 0x00, 0x00, 0x00, 0x00, 0x00, 0x00, 0x00, 0x00,
  0x00, 0x00, 0x00, 0x00, 0x00, 0x00, 0x00, 0x00, 0x00, 0x00, 0x00, 0x00, 0x00, 0x00, 0x00, 0x00,
  0x00, 0x00, 0x00, 0x00, 0x01, 0x00, 0x00, 0x00, 0x00, 0x00, 0x00, 0x00, 0x00, 0x00, 0x00, 0x00,
  0x00, 0x00, 0x00, 0x00, 0x00, 0x00, 0x00, 0x00, 0x00, 0x00, 0x00, 0x00, 0x00, 0x01, 0x00, 0x01,
  0x00, 0x00, 0x00, 0x00, 0x00, 0x00, 0x00, 0x00, 0x00, 0x00, 0x00, 0x00, 0x00, 0x01, 0x02, 0x01,
  0x01, 0x04, 0x00, 0x00, 0x01, 0x04, 0x05, 0x05, 0x02, 0x5a, 0xa9, 0xf5, 0xfe, 0xfa, 0xfc, 0xfb,
  0xfb, 0xfd, 0xfd, 0xfb, 0xfb, 0xfe, 0xfc, 0xfc, 0x00, 0x00, 0x00, 0x00, 0x00, 0x00, 0x00, 0x00,
  0x00, 0x00, 0x00, 0x00, 0x00, 0x00, 0x00, 0x00, 0x00, 0x00, 0x00, 0x00, 0x00, 0x03, 0x09, 0x05,
  0x12, 0x76, 0x93, 0x26, 0x0e, 0x12, 0x08, 0x0a, 0x14, 0x1d, 0x2a, 0x35, 0x56, 0x89, 0x54, 0xb7,
  0xf1, 0xf7, 0xff, 0xfc, 0xfe, 0xff, 0xfb, 0xfd, 0xfe, 0xff, 0xfb, 0xff, 0xff, 0xff, 0xf2, 0xf8,
  0xeb, 0xd4, 0x37, 0x1c, 0x72, 0xf8, 0xf5, 0xf4, 0x48, 0x05, 0x08, 0x00, 0x00, 0x00, 0x00, 0x00,
  0x00, 0x00, 0x00, 0x00, 0x00, 0x00, 0x00, 0x00, 0x00, 0x00, 0x00, 0x00, 0x00, 0x00, 0x00, 0x00,
  0x00, 0x00, 0x00, 0x00, 0x00, 0x00, 0x00, 0x00, 0x00, 0x00, 0x00, 0x00, 0x00, 0x00, 0x00, 0x00,
  0x00, 0x00, 0x00, 0x00, 0x00, 0x00, 0x00, 0x00, 0x00, 0x00, 0x00, 0x00, 0x00, 0x00, 0x00, 0x00,
  0x00, 0x00, 0x00, 0x00, 0x00, 0x00, 0x00, 0x00, 0x00, 0x00, 0x00, 0x00, 0x02, 0x00, 0x00, 0x00,
  0x00, 0x00, 0x00, 0x00, 0x00, 0x00, 0x00, 0x00, 0x00, 0x00, 0x00, 0x00, 0x00, 0x00, 0x00, 0x00,
  0x00, 0x00, 0x00, 0x00, 0x00, 0x00, 0x00, 0x00, 0x00, 0x00, 0x00, 0x00, 0x00, 0x00, 0x00, 0x00,
  0x00, 0x00, 0x00, 0x00, 0x00, 0x00, 0x00, 0x00, 0x00, 0x00, 0x03, 0x00, 0x00, 0x01, 0x01, 0x01,
  0x0b, 0x74, 0xe9, 0xfb, 0xff, 0xf5, 0xfa, 0xfb, 0xfb, 0xfe, 0xfc, 0xfc, 0xfc, 0xfe, 0xf9, 0xfc,
  0x00, 0x00, 0x00, 0x00, 0x00, 0x00, 0x00, 0x00, 0x00, 0x00, 0x00, 0x00, 0x00, 0x00, 0x00, 0x00,
  0x00, 0x00, 0x00, 0x00, 0x00, 0x03, 0x06, 0x08, 0x05, 0x15, 0x15, 0x02, 0x05, 0x0d, 0x0a, 0x0e,
  0x14, 0x18, 0x2a, 0x32, 0x4a, 0x62, 0x62, 0xba, 0xf4, 0xfc, 0xf9, 0xff, 0xff, 0xfd, 0xfd, 0xfc,
  0xfc, 0xff, 0xfb, 0xfc, 0xfa, 0xf6, 0xfd, 0xf8, 0xf5, 0xed, 0x6d, 0x0f, 0x34, 0xea, 0xf9, 0xf0,
  0x38, 0x0e, 0x09, 0x04, 0x04, 0x00, 0x00, 0x00, 0x00, 0x00, 0x00, 0x00, 0x00, 0x00, 0x00, 0x00,
  0x00, 0x00, 0x00, 0x00, 0x00, 0x00, 0x00, 0x00, 0x00, 0x00, 0x00, 0x00, 0x00, 0x00, 0x02, 0x00,
  0x00, 0x00, 0x00, 0x00, 0x00, 0x00, 0x00, 0x01, 0x00, 0x00, 0x00, 0x00, 0x00, 0x01, 0x00, 0x00,
  0x00, 0x00, 0x00, 0x00, 0x00, 0x00, 0x00, 0x00, 0x00, 0x00, 0x00, 0x00, 0x00, 0x00, 0x00, 0x00,
  0x00, 0x00, 0x00, 0x00, 0x00, 0x00, 0x00, 0x00, 0x00, 0x00, 0x00, 0x00, 0x00, 0x00, 0x00, 0x00,
  0x00, 0x00, 0x00, 0x00, 0x00, 0x00, 0x00, 0x00, 0x00, 0x00, 0x00, 0x00, 0x00, 0x01, 0x01, 0x01,
  0x00, 0x00, 0x00, 0x00, 0x00, 0x00, 0x00, 0x00, 0x00, 0x00, 0x00, 0x00, 0x00, 0x00, 0x00, 0x00,
  0x00, 0x00, 0x00, 0x00, 0x00, 0x04, 0x01, 0x04, 0x16, 0x91, 0xf8, 0xf9, 0xfd, 0xf6, 0xfb, 0xfb,
  0xf9, 0xfd, 0xfb, 0xfc, 0xf9, 0xfc, 0xfc, 0xfe, 0x00, 0x00, 0x00, 0x00, 0x00, 0x00, 0x00, 0x00,
  0x00, 0x00, 0x00, 0x00, 0x00, 0x00, 0x00, 0x00, 0x00, 0x00, 0x00, 0x00, 0x00, 0x00, 0x00, 0x00,
  0x00, 0x04, 0x00, 0x00, 0x00, 0x07, 0x03, 0x0d, 0x08, 0x0b, 0x1b, 0x23, 0x2f, 0x7e, 0x74, 0xbc,
  0xf1, 0xf9, 0xfc, 0xf8, 0xfa, 0xfb, 0xfc, 0xfb, 0xfe, 0xfb, 0xfe, 0xfd, 0xfe, 0xfb, 0xfd, 0xf9,
  0xf2, 0xf2, 0xbf, 0x12, 0x3f, 0xa7, 0xe8, 0xe2, 0x47, 0x03, 0x05, 0x00, 0x03, 0x00, 0x00, 0x00,
  0x00, 0x00, 0x00, 0x00, 0x00, 0x00, 0x00, 0x00, 0x00, 0x00, 0x00, 0x00, 0x00, 0x00, 0x00, 0x00,
  0x00, 0x00, 0x00, 0x00, 0x00, 0x00, 0x00, 0x00, 0x00, 0x00, 0x00, 0x00, 0x00, 0x00, 0x00, 0x00,
  0x00, 0x00, 0x00, 0x00, 0x00, 0x00, 0x00, 0x00, 0x00, 0x00, 0x00, 0x00, 0x00, 0x00, 0x00, 0x00,
  0x00, 0x00, 0x00, 0x00, 0x00, 0x00, 0x00, 0x00, 0x00, 0x00, 0x00, 0x00, 0x00, 0x00, 0x00, 0x00,
  0x00, 0x00, 0x00, 0x00, 0x00, 0x00, 0x00, 0x00, 0x00, 0x00, 0x00, 0x00, 0x00, 0x00, 0x00, 0x00,
  0x00, 0x00, 0x00, 0x00, 0x00, 0x00, 0x00, 0x00, 0x00, 0x00, 0x00, 0x00, 0x00, 0x00, 0x00, 0x00,
  0x00, 0x00, 0x00, 0x00, 0x00, 0x00, 0x00, 0x00, 0x00, 0x00, 0x00, 0x00, 0x00, 0x02, 0x00, 0x08,
  0x2a, 0xbc, 0xf5, 0xfa, 0xf8, 0xf7, 0xf9, 0xf9, 0xfc, 0xfc, 0xfa, 0xfc, 0xfc, 0xfc, 0xfc, 0xfa,
  0x00, 0x00, 0x00, 0x00, 0x00, 0x00, 0x00, 0x00, 0x00, 0x00, 0x00, 0x00, 0x00, 0x00, 0x00, 0x00,
  0x00, 0x00, 0x00, 0x00, 0x00, 0x00, 0x00, 0x01, 0x00, 0x00, 0x00, 0x00, 0x00, 0x06, 0x02, 0x05,
  0x04, 0x10, 0x2e, 0x29, 0x39, 0xa8, 0xaf, 0x9c, 0xea, 0xfa, 0xfe, 0xf9, 0xfd, 0xfd, 0xfc, 0xff,
  0xfd, 0xfd, 0xff, 0xfe, 0xfe, 0xfb, 0xf9, 0xf9, 0xf8, 0xfb, 0xdc, 0x2d, 0x40, 0x6d, 0xf0, 0xef,
  0x69, 0x0d, 0x0c, 0x04, 0x07, 0x00, 0x00, 0x00, 0x00, 0x00, 0x00, 0x00, 0x00, 0x00, 0x00, 0x00,
  0x00, 0x00, 0x00, 0x00, 0x00, 0x00, 0x00, 0x00, 0x00, 0x00, 0x00, 0x00, 0x00, 0x00, 0x00, 0x00,
  0x00, 0x00, 0x00, 0x00, 0x00, 0x00, 0x00, 0x00, 0x00, 0x00, 0x00, 0x00, 0x00, 0x00, 0x00, 0x00,
  0x00, 0x00, 0x00, 0x00, 0x00, 0x00, 0x00, 0x00, 0x00, 0x00, 0x00, 0x00, 0x00, 0x00, 0x00, 0x00,
  0x00, 0x00, 0x00, 0x00, 0x00, 0x00, 0x00, 0x00, 0x00, 0x00, 0x00, 0x00, 0x00, 0x00, 0x00, 0x00,
  0x00, 0x00, 0x00, 0x00, 0x00, 0x00, 0x00, 0x00, 0x00, 0x00, 0x00, 0x00, 0x00, 0x02, 0x00, 0x00,
  0x00, 0x00, 0x00, 0x00, 0x00, 0x00, 0x00, 0x00, 0x00, 0x00, 0x00, 0x00, 0x00, 0x00, 0x00, 0x00,
  0x00, 0x00, 0x00, 0x00, 0x00, 0x06, 0x02, 0x0b, 0x72, 0xda, 0xf8, 0xf7, 0xf9, 0xfa, 0xfa, 0xf8,
  0xfd, 0xfb, 0xfe, 0xfc, 0xfe, 0xfc, 0xfd, 0xfe, 0x00, 0x00, 0x00, 0x00, 0x00, 0x00, 0x00, 0x00,
  0x00, 0x00, 0x00, 0x00, 0x00, 0x00, 0x00, 0x00, 0x00, 0x00, 0x00, 0x00, 0x00, 0x00, 0x00, 0x00,
  0x00, 0x00, 0x00, 0x00, 0x01, 0x02, 0x06, 0x05, 0x29, 0x6e, 0x5f, 0x37, 0x6f, 0x90, 0x85, 0x77,
  0xdf, 0xf7, 0xfa, 0xfb, 0xfd, 0xff, 0xfd, 0xfc, 0xfe, 0xfa, 0xfe, 0xfc, 0xfe, 0xf9, 0xfa, 0xfd,
  0xf6, 0xed, 0xf5, 0xd6, 0x36, 0x87, 0xe5, 0xf7, 0x7d, 0x00, 0x0d, 0x03, 0x05, 0x00, 0x01, 0x00,
  0x00, 0x00, 0x00, 0x00, 0x00, 0x00, 0x00, 0x00, 0x00, 0x00, 0x00, 0x02, 0x00, 0x00, 0x00, 0x00,
  0x00, 0x00, 0x00, 0x01, 0x01, 0x00, 0x00, 0x00, 0x01, 0x00, 0x0c, 0x03, 0x07, 0x00, 0x00, 0x00,
  0x00, 0x00, 0x00, 0x00, 0x00, 0x00, 0x00, 0x00, 0x00, 0x00, 0x00, 0x00, 0x00, 0x00, 0x00, 0x00,
  0x00, 0x00, 0x00, 0x00, 0x00, 0x00, 0x00, 0x00, 0x00, 0x00, 0x00, 0x00, 0x00, 0x00, 0x00, 0x00,
  0x00, 0x00, 0x00, 0x00, 0x00, 0x00, 0x00, 0x00, 0x00, 0x00, 0x00, 0x00, 0x00, 0x00, 0x00, 0x00,
  0x00, 0x00, 0x00, 0x00, 0x00, 0x00, 0x00, 0x00, 0x00, 0x00, 0x00, 0x00, 0x00, 0x00, 0x00, 0x00,
  0x00, 0x00, 0x00, 0x00, 0x00, 0x05, 0x15, 0x20, 0x71, 0x6b, 0x01, 0x0a, 0x06, 0x06, 0x0e, 0x69,
  0xd8, 0xf4, 0xf9, 0xf6, 0xfc, 0xfa, 0xfc, 0xfe, 0xfe, 0xfb, 0xfe, 0xff, 0xff, 0xff, 0xfe, 0xfb,
  0x00, 0x00, 0x00, 0x00, 0x00, 0x00, 0x00, 0x00, 0x00, 0x00, 0x00, 0x00, 0x00, 0x00, 0x00, 0x00,
  0x00, 0x00, 0x00, 0x00, 0x00, 0x00, 0x00, 0x00, 0x00, 0x00, 0x00, 0x00, 0x01, 0x05, 0x04, 0x05,
  0x22, 0x43, 0x44, 0x26, 0x68, 0x96, 0x82, 0x7f, 0xeb, 0xf8, 0xf9, 0xf8, 0xfc, 0xfc, 0xfb, 0xfb,
  0xfe, 0xfc, 0xfc, 0xfa, 0xfc, 0xfc, 0xfc, 0xfc, 0xf5, 0xf9, 0xf3, 0xbc, 0x5a, 0x5e, 0xe2, 0xf4,
  0xbe, 0x00, 0x02, 0x00, 0x00, 0x01, 0x00, 0x00, 0x00, 0x00, 0x00, 0x00, 0x00, 0x00, 0x00, 0x00,
  0x01, 0x00, 0x00, 0x00, 0x00, 0x01, 0x00, 0x00, 0x02, 0x01, 0x00, 0x00, 0x00, 0x00, 0x00, 0x00,
  0x00, 0x00, 0x00, 0x00, 0x00, 0x00, 0x00, 0x00, 0x00, 0x00, 0x00, 0x00, 0x00, 0x01, 0x00, 0x00,
  0x00, 0x00, 0x00, 0x00, 0x00, 0x00, 0x00, 0x00, 0x00, 0x00, 0x00, 0x00, 0x00, 0x00, 0x00, 0x00,
  0x00, 0x00, 0x00, 0x00, 0x00, 0x00, 0x00, 0x00, 0x00, 0x00, 0x00, 0x00, 0x00, 0x00, 0x00, 0x00,
  0x00, 0x00, 0x00, 0x00, 0x00, 0x00, 0x00, 0x00, 0x00, 0x00, 0x00, 0x00, 0x00, 0x00, 0x00, 0x00,
  0x01, 0x00, 0x00, 0x00, 0x00, 0x00, 0x00, 0x00, 0x01, 0x00, 0x00, 0x00, 0x00, 0x00, 0x05, 0x0c,
  0x7f, 0x77, 0x14, 0x04, 0x01, 0x05, 0x14, 0x81, 0xf1, 0xf4, 0xfa, 0xfb, 0xf7, 0xff, 0xfe, 0xfc,
  0xfe, 0xfd, 0xfb, 0xfc, 0xff, 0xfb, 0xfe, 0xfa, 0x00, 0x00, 0x00, 0x00, 0x00, 0x00, 0x00, 0x00,
  0x00, 0x00, 0x00, 0x00, 0x00, 0x00, 0x00, 0x00, 0x01, 0x00, 0x00, 0x00, 0x00, 0x00, 0x00, 0x00,
  0x00, 0x00, 0x00, 0x00, 0x00, 0x02, 0x06, 0x07, 0x12, 0x25, 0x43, 0x23, 0x6b, 0x7e, 0xab, 0xc4,
  0xf7, 0xfa, 0xf8, 0xf9, 0xfd, 0xfe, 0xfc, 0xfd, 0xff, 0xfb, 0xff, 0xfe, 0xfd, 0xfa, 0xfa, 0xfb,
  0xfd, 0xf5, 0xf8, 0xd9, 0x89, 0x49, 0xc4, 0xf3, 0xcc, 0x17, 0x00, 0x04, 0x08, 0x00, 0x00, 0x00,
  0x00, 0x00, 0x00, 0x00, 0x00, 0x00, 0x00, 0x00, 0x00, 0x00, 0x00, 0x00, 0x01, 0x00, 0x00, 0x00,
  0x01, 0x00, 0x00, 0x00, 0x02, 0x00, 0x00, 0x00, 0x00, 0x00, 0x00, 0x00, 0x00, 0x00, 0x00, 0x00,
  0x00, 0x00, 0x00, 0x01, 0x00, 0x00, 0x00, 0x00, 0x00, 0x00, 0x00, 0x00, 0x00, 0x00, 0x00, 0x00,
  0x00, 0x00, 0x00, 0x00, 0x00, 0x00, 0x00, 0x00, 0x00, 0x00, 0x00, 0x00, 0x00, 0x00, 0x00, 0x00,
  0x00, 0x00, 0x00, 0x00, 0x00, 0x00, 0x00, 0x00, 0x00, 0x00, 0x00, 0x00, 0x00, 0x00, 0x00, 0x00,
  0x00, 0x00, 0x00, 0x00, 0x00, 0x00, 0x00, 0x00, 0x00, 0x00, 0x00, 0x00, 0x00, 0x00, 0x00, 0x00,
  0x00, 0x00, 0x00, 0x00, 0x00, 0x01, 0x00, 0x06, 0x25, 0x68, 0x0a, 0x02, 0x04, 0x02, 0x37, 0xce,
  0xed, 0xf0, 0xf7, 0xfb, 0xfc, 0xfd, 0xfc, 0xfe, 0xff, 0xfd, 0xfe, 0xff, 0xff, 0xfb, 0xfa, 0xfc,
  0x00, 0x00, 0x00, 0x00, 0x00, 0x00, 0x00, 0x00, 0x00, 0x00, 0x00, 0x00, 0x00, 0x00, 0x00, 0x00,
  0x00, 0x00, 0x00, 0x00, 0x00, 0x00, 0x00, 0x00, 0x00, 0x00, 0x00, 0x01, 0x00, 0x00, 0x02, 0x04,
  0x10, 0x23, 0x48, 0x4e, 0x8c, 0x95, 0xbf, 0xe0, 0xf1, 0xf9, 0xfa, 0xfd, 0xfd, 0xfe, 0xfd, 0xfe,
  0xfe, 0xfe, 0xfe, 0xfe, 0xfe, 0xfb, 0xfc, 0xf8, 0xfc, 0xf1, 0xfa, 0xf9, 0xe5, 0xbf, 0xdf, 0xf3,
  0xe0, 0x2b, 0x01, 0x05, 0x0b, 0x00, 0x00, 0x00, 0x00, 0x00, 0x00, 0x00, 0x00, 0x00, 0x00, 0x00,
  0x00, 0x00, 0x00, 0x00, 0x00, 0x00, 0x00, 0x00, 0x00, 0x00, 0x00, 0x00, 0x00, 0x00, 0x00, 0x00,
  0x00, 0x00, 0x00, 0x00, 0x00, 0x00, 0x00, 0x00, 0x00, 0x00, 0x00, 0x00, 0x00, 0x00, 0x00, 0x00,
  0x00, 0x00, 0x00, 0x00, 0x00, 0x00, 0x00, 0x00, 0x00, 0x00, 0x00, 0x00, 0x00, 0x00, 0x00, 0x00,
  0x00, 0x00, 0x00, 0x00, 0x00, 0x00, 0x00, 0x00, 0x00, 0x00, 0x00, 0x00, 0x00, 0x00, 0x00, 0x00,
  0x00, 0x00, 0x00, 0x00, 0x00, 0x00, 0x00, 0x00, 0x00, 0x00, 0x00, 0x00, 0x00, 0x00, 0x00, 0x00,
  0x00, 0x00, 0x00, 0x00, 0x00, 0x00, 0x00, 0x00, 0x00, 0x00, 0x00, 0x00, 0x00, 0x04, 0x05, 0x02,
  0x12, 0x14, 0x04, 0x05, 0x09, 0x04, 0x40, 0xed, 0xf6, 0xe9, 0xf4, 0xfc, 0xfb, 0xff, 0xfc, 0xfe,
  0xfe, 0xfd, 0xff, 0xff, 0xfd, 0xfd, 0xfb, 0xfb, 0x00, 0x00, 0x00, 0x00, 0x00, 0x00, 0x00, 0x00,
  0x00, 0x00, 0x00, 0x00, 0x00, 0x00, 0x00, 0x00, 0x00, 0x00, 0x00, 0x00, 0x00, 0x00, 0x00, 0x00,
  0x00, 0x00, 0x00, 0x00, 0x02, 0x00, 0x05, 0x07, 0x0d, 0x2d, 0x58, 0x5f, 0x76, 0x9d, 0xbb, 0xdb,
  0xf8, 0xfb, 0xf5, 0xf7, 0xfc, 0xfb, 0xfc, 0xfa, 0xfe, 0xff, 0xfb, 0xfd, 0xff, 0xfa, 0xfb, 0xf7,
  0xfa, 0xea, 0xf2, 0xf5, 0xec, 0xf4, 0xea, 0xee, 0xe6, 0x68, 0x0d, 0x00, 0x00, 0x07, 0x00, 0x00,
  0x00, 0x00, 0x00, 0x00, 0x00, 0x00, 0x00, 0x00, 0x00, 0x00, 0x00, 0x00, 0x00, 0x00, 0x00, 0x01,
  0x00, 0x00, 0x02, 0x00, 0x00, 0x00, 0x00, 0x00, 0x00, 0x00, 0x00, 0x00, 0x00, 0x00, 0x00, 0x00,
  0x00, 0x00, 0x00, 0x00, 0x00, 0x00, 0x00, 0x00, 0x01, 0x00, 0x00, 0x00, 0x00, 0x00, 0x00, 0x00,
  0x00, 0x00, 0x00, 0x00, 0x00, 0x00, 0x00, 0x00, 0x00, 0x00, 0x00, 0x00, 0x00, 0x00, 0x00, 0x00,
  0x00, 0x00, 0x00, 0x00, 0x00, 0x00, 0x00, 0x00, 0x00, 0x00, 0x00, 0x00, 0x00, 0x00, 0x00, 0x00,
  0x00, 0x00, 0x00, 0x00, 0x00, 0x00, 0x00, 0x00, 0x00, 0x00, 0x00, 0x00, 0x00, 0x00, 0x00, 0x00,
  0x00, 0x00, 0x00, 0x00, 0x00, 0x00, 0x00, 0x00, 0x02, 0x09, 0x02, 0x00, 0x09, 0x11, 0x9b, 0xfa,
  0xf9, 0xfb, 0xfa, 0xfa, 0xf9, 0xfe, 0xfd, 0xfe, 0xfe, 0xfe, 0xfc, 0xff, 0xfd, 0xfc, 0xfa, 0xfb,
  0x00, 0x00, 0x00, 0x00, 0x00, 0x00, 0x00, 0x00, 0x00, 0x00, 0x00, 0x00, 0x00, 0x00, 0x00, 0x00,
  0x00, 0x00, 0x00, 0x00, 0x00, 0x00, 0x00, 0x00, 0x00, 0x00, 0x00, 0x00, 0x00, 0x02, 0x03, 0x10,
  0x0e, 0x25, 0x30, 0x66, 0x87, 0xba, 0xe5, 0xee, 0xf8, 0xfb, 0xf5, 0xfa, 0xf9, 0xfd, 0xff, 0xfe,
  0xfe, 0xfd, 0xfd, 0xfd, 0xfc, 0xff, 0xfb, 0xf9, 0xfa, 0xfa, 0xfa, 0xf7, 0xfa, 0xf4, 0xd7, 0xec,
  0xdd, 0xad, 0x14, 0x04, 0x00, 0x0f, 0x00, 0x00, 0x00, 0x00, 0x00, 0x00, 0x00, 0x00, 0x00, 0x00,
  0x00, 0x00, 0x00, 0x00, 0x00, 0x00, 0x01, 0x05, 0x01, 0x01, 0x03, 0x02, 0x04, 0x00, 0x00, 0x00,
  0x00, 0x00, 0x00, 0x00, 0x00, 0x00, 0x00, 0x00, 0x00, 0x00, 0x00, 0x00, 0x00, 0x00, 0x00, 0x00,
  0x00, 0x00, 0x00, 0x00, 0x00, 0x00, 0x00, 0x00, 0x00, 0x00, 0x00, 0x00, 0x00, 0x01, 0x00, 0x00,
  0x00, 0x00, 0x00, 0x00, 0x00, 0x00, 0x00, 0x00, 0x00, 0x00, 0x00, 0x00, 0x00, 0x00, 0x00, 0x00,
  0x00, 0x00, 0x00, 0x00, 0x00, 0x00, 0x00, 0x00, 0x00, 0x00, 0x00, 0x00, 0x00, 0x00, 0x00, 0x00,
  0x00, 0x00, 0x00, 0x00, 0x00, 0x00, 0x00, 0x00, 0x00, 0x00, 0x00, 0x00, 0x00, 0x00, 0x01, 0x00,
  0x00, 0x02, 0x05, 0x03, 0x03, 0x46, 0xd8, 0xfb, 0xfb, 0xff, 0xfc, 0xf8, 0xf3, 0xff, 0xff, 0xff,
  0xff, 0xff, 0xfa, 0xfb, 0xfb, 0xfd, 0xfb, 0xfb, 0x00, 0x00, 0x00, 0x00, 0x00, 0x00, 0x00, 0x00,
  0x00, 0x00, 0x00, 0x00, 0x00, 0x00, 0x00, 0x00, 0x00, 0x00, 0x00, 0x00, 0x00, 0x00, 0x00, 0x00,
  0x00, 0x00, 0x00, 0x00, 0x00, 0x02, 0x06, 0x16, 0x17, 0x25, 0x8f, 0xd0, 0xd7, 0xf0, 0xf2, 0xf7,
  0xf8, 0xf5, 0xfc, 0xf6, 0xfd, 0xff, 0xfd, 0xfd, 0xfe, 0xfb, 0xfd, 0xfe, 0xfb, 0xfe, 0xf9, 0xfb,
  0xfa, 0xf9, 0xfe, 0xf5, 0xf9, 0xfb, 0xc5, 0xd2, 0xe4, 0xdf, 0x58, 0x07, 0x06, 0x0f, 0x00, 0x00,
  0x00, 0x00, 0x00, 0x00, 0x00, 0x00, 0x00, 0x00, 0x00, 0x00, 0x02, 0x05, 0x02, 0x00, 0x02, 0x18,
  0x12, 0x0c, 0x0a, 0x02, 0x03, 0x00, 0x00, 0x00, 0x00, 0x00, 0x00, 0x00, 0x00, 0x00, 0x00, 0x00,
  0x00, 0x00, 0x00, 0x00, 0x00, 0x00, 0x00, 0x00, 0x00, 0x00, 0x00, 0x00, 0x00, 0x00, 0x00, 0x00,
  0x00, 0x00, 0x00, 0x00, 0x00, 0x00, 0x00, 0x00, 0x00, 0x00, 0x00, 0x00, 0x00, 0x00, 0x00, 0x00,
  0x00, 0x00, 0x00, 0x00, 0x00, 0x00, 0x00, 0x00, 0x00, 0x00, 0x00, 0x00, 0x00, 0x00, 0x00, 0x00,
  0x00, 0x00, 0x00, 0x00, 0x00, 0x01, 0x00, 0x00, 0x00, 0x00, 0x00, 0x00, 0x00, 0x00, 0x00, 0x00,
  0x00, 0x00, 0x00, 0x00, 0x00, 0x01, 0x00, 0x00, 0x01, 0x01, 0x04, 0x00, 0x31, 0xdd, 0xcd, 0xf7,
  0xf9, 0xf6, 0xf5, 0xf6, 0xf5, 0xff, 0xfc, 0xfd, 0xfd, 0xfb, 0xff, 0xfc, 0xfc, 0xff, 0xfd, 0xfb,
  0x00, 0x00, 0x00, 0x00, 0x00, 0x00, 0x00, 0x00, 0x00, 0x00, 0x00, 0x00, 0x00, 0x00, 0x00, 0x00,
  0x00, 0x00, 0x00, 0x00, 0x00, 0x00, 0x00, 0x00, 0x00, 0x00, 0x00, 0x00, 0x01, 0x02, 0x02, 0x10,
  0x19, 0x75, 0xdc, 0xe6, 0xde, 0xe3, 0xf3, 0xf3, 0xf6, 0xed, 0xfd, 0xf8, 0xfb, 0xfd, 0xfe, 0xfc,
  0xfd, 0xff, 0xfe, 0xfa, 0xfc, 0xfd, 0xfc, 0xf8, 0xf8, 0xf9, 0xf9, 0xf7, 0xfa, 0xff, 0xe4, 0xb3,
  0xb4, 0xde, 0xe7, 0x3a, 0x31, 0x06, 0x00, 0x00, 0x05, 0x03, 0x00, 0x00, 0x00, 0x00, 0x00, 0x00,
  0x00, 0x00, 0x00, 0x02, 0xae, 0x06, 0x1c, 0x5c, 0x4c, 0x1c, 0x05, 0x04, 0x05, 0x00, 0x00, 0x00,
  0x03, 0x00, 0x00, 0x00, 0x00, 0x00, 0x00, 0x00, 0x00, 0x00, 0x00, 0x00, 0x00, 0x00, 0x00, 0x00,
  0x00, 0x00, 0x00, 0x00, 0x00, 0x00, 0x00, 0x00, 0x00, 0x00, 0x00, 0x00, 0x00, 0x00, 0x00, 0x00,
  0x00, 0x00, 0x00, 0x00, 0x00, 0x00, 0x00, 0x00, 0x00, 0x00, 0x00, 0x00, 0x00, 0x00, 0x00, 0x00,
  0x00, 0x00, 0x00, 0x00, 0x00, 0x00, 0x00, 0x00, 0x00, 0x00, 0x00, 0x00, 0x00, 0x00, 0x00, 0x00,
  0x00, 0x00, 0x00, 0x00, 0x00, 0x00, 0x00, 0x00, 0x00, 0x00, 0x00, 0x00, 0x03, 0x02, 0x00, 0x00,
  0x00, 0x00, 0x00, 0x12, 0xb0, 0xee, 0xf7, 0xfb, 0xfa, 0xfc, 0xf9, 0xfc, 0xff, 0xff, 0xff, 0xfe,
  0xff, 0xff, 0xfd, 0xfa, 0xfe, 0xff, 0xfd, 0xfd, 0x00, 0x00, 0x00, 0x00, 0x00, 0x00, 0x00, 0x00,
  0x00, 0x00, 0x00, 0x00, 0x00, 0x00, 0x00, 0x00, 0x00, 0x00, 0x00, 0x00, 0x00, 0x02, 0x00, 0x00,
  0x00, 0x01, 0x00, 0x00, 0x12, 0x1b, 0x28, 0x7f, 0x63, 0x85, 0x98, 0xbc, 0x68, 0xa8, 0xd9, 0xd7,
  0xee, 0xe6, 0xf3, 0xff, 0xf7, 0xfd, 0xfe, 0xfc, 0xfe, 0xfd, 0xfd, 0xfc, 0xfd, 0xfd, 0xfe, 0xfe,
  0xfc, 0xfb, 0xfc, 0xfa, 0xfc, 0xf8, 0xed, 0xe7, 0xf3, 0xf4, 0xd0, 0xbf, 0x66, 0x37, 0x0c, 0x09,
  0x05, 0x00, 0x00, 0x00, 0x00, 0x00, 0x00, 0x00, 0x00, 0x04, 0x03, 0x18, 0x48, 0x31, 0xad, 0x86,
  0x1f, 0x12, 0x29, 0x1c, 0x0c, 0x00, 0x00, 0x00, 0x00, 0x00, 0x00, 0x00, 0x00, 0x00, 0x00, 0x00,
  0x00, 0x00, 0x03, 0x00, 0x00, 0x19, 0x28, 0x0d, 0x00, 0x00, 0x00, 0x00, 0x00, 0x00, 0x00, 0x00,
  0x00, 0x00, 0x00, 0x00, 0x00, 0x00, 0x00, 0x00, 0x00, 0x00, 0x00, 0x00, 0x00, 0x00, 0x01, 0x00,
  0x00, 0x00, 0x00, 0x00, 0x00, 0x01, 0x00, 0x00, 0x00, 0x00, 0x00, 0x00, 0x00, 0x00, 0x00, 0x00,
  0x00, 0x00, 0x00, 0x00, 0x00, 0x00, 0x00, 0x00, 0x00, 0x00, 0x00, 0x00, 0x00, 0x00, 0x00, 0x00,
  0x00, 0x00, 0x00, 0x02, 0x00, 0x05, 0x05, 0x00, 0x08, 0x00, 0x00, 0x2e, 0xf0, 0xfb, 0xf1, 0xf7,
  0xfc, 0xf8, 0xf1, 0xf7, 0xfe, 0xfe, 0xfe, 0xfd, 0xfc, 0xfb, 0xfc, 0xfb, 0xfe, 0xfe, 0xfe, 0xfb,
  0x00, 0x00, 0x00, 0x00, 0x00, 0x00, 0x00, 0x00, 0x00, 0x00, 0x00, 0x00, 0x00, 0x00, 0x00, 0x00,
  0x00, 0x00, 0x00, 0x00, 0x00, 0x01, 0x00, 0x03, 0x00, 0x00, 0x00, 0x01, 0x07, 0x67, 0xc5, 0x7c,
  0x69, 0x5c, 0x6b, 0x86, 0x39, 0x69, 0x64, 0xbc, 0xdb, 0xe8, 0xfd, 0xfd, 0xf7, 0xfc, 0xfc, 0xfc,
  0xfe, 0xfd, 0xfc, 0xfc, 0xfe, 0xfd, 0xfd, 0xfb, 0xfc, 0xfb, 0xfc, 0xfa, 0xf7, 0xfb, 0xf3, 0xf6,
  0xf7, 0xeb, 0xd4, 0xad, 0x33, 0x44, 0x13, 0x0d, 0x09, 0x05, 0x00, 0x00, 0x0c, 0x05, 0x03, 0x01,
  0x00, 0x00, 0x03, 0x24, 0x49, 0xd3, 0xce, 0x23, 0x0e, 0x07, 0x1b, 0x0e, 0x02, 0x00, 0x00, 0x00,
  0x00, 0x00, 0x00, 0x00, 0x00, 0x00, 0x00, 0x00, 0x00, 0x00, 0x00, 0x00, 0x00, 0x10, 0x19, 0x01,
  0x00, 0x00, 0x00, 0x02, 0x00, 0x00, 0x00, 0x00, 0x00, 0x00, 0x00, 0x00, 0x00, 0x00, 0x00, 0x00,
  0x00, 0x00, 0x00, 0x00, 0x00, 0x00, 0x00, 0x00, 0x00, 0x00, 0x00, 0x00, 0x00, 0x00, 0x00, 0x00,
  0x00, 0x00, 0x00, 0x00, 0x00, 0x00, 0x00, 0x00, 0x00, 0x00, 0x00, 0x00, 0x00, 0x00, 0x00, 0x00,
  0x00, 0x00, 0x00, 0x00, 0x00, 0x00, 0x00, 0x00, 0x00, 0x00, 0x00, 0x00, 0x00, 0x04, 0x02, 0x03,
  0x03, 0x00, 0x13, 0x93, 0xf4, 0xf8, 0xf6, 0xfb, 0xf9, 0xf4, 0xf9, 0xf9, 0xfb, 0xfd, 0xfc, 0xfa,
  0xfc, 0xfc, 0xfd, 0xfb, 0xfd, 0xfd, 0xfd, 0xfc, 0x00, 0x00, 0x00, 0x00, 0x00, 0x00, 0x00, 0x00,
  0x00, 0x00, 0x00, 0x00, 0x00, 0x00, 0x00, 0x00, 0x00, 0x00, 0x00, 0x00, 0x00, 0x00, 0x03, 0x00,
  0x00, 0x01, 0x00, 0x27, 0x5f, 0xd1, 0x88, 0x33, 0x3a, 0x41, 0x6b, 0x9d, 0x41, 0x91, 0x7c, 0xce,
  0xda, 0xde, 0xf3, 0xf8, 0xf6, 0xfd, 0xfd, 0xfd, 0xfc, 0xfb, 0xfe, 0xfe, 0xfd, 0xfc, 0xfc, 0xfb,
  0xfc, 0xf9, 0xfc, 0xfc, 0xfb, 0xf3, 0xf6, 0xf8, 0xee, 0xf0, 0xca, 0x6b, 0x20, 0x17, 0x08, 0x0d,
  0x02, 0x00, 0x07, 0x08, 0x05, 0x00, 0x00, 0x06, 0x05, 0x0a, 0x23, 0x46, 0x59, 0x5c, 0x33, 0x27,
  0x12, 0x0a, 0x11, 0x0d, 0x07, 0x00, 0x00, 0x00, 0x00, 0x00, 0x00, 0x00, 0x00, 0x00, 0x00, 0x00,
  0x00, 0x00, 0x00, 0x00, 0x00, 0x16, 0x3d, 0x13, 0x00, 0x00, 0x00, 0x00, 0x00, 0x00, 0x00, 0x00,
  0x00, 0x00, 0x00, 0x00, 0x00, 0x00, 0x00, 0x00, 0x00, 0x00, 0x00, 0x00, 0x00, 0x00, 0x00, 0x00,
  0x00, 0x00, 0x00, 0x00, 0x00, 0x00, 0x00, 0x00, 0x00, 0x00, 0x00, 0x00, 0x00, 0x00, 0x00, 0x00,
  0x00, 0x00, 0x00, 0x01, 0x01, 0x00, 0x00, 0x00, 0x00, 0x00, 0x00, 0x00, 0x00, 0x00, 0x00, 0x00,
  0x00, 0x00, 0x00, 0x00, 0x01, 0x00, 0x00, 0x04, 0x01, 0x09, 0x23, 0xf4, 0xff, 0xf6, 0xf8, 0xf8,
  0xfa, 0xf8, 0xfe, 0xfa, 0xfa, 0xfb, 0xfd, 0xfc, 0xfe, 0xf9, 0xfc, 0xfd, 0xfe, 0xfb, 0xfd, 0xfe,
  0x00, 0x00, 0x00, 0x00, 0x00, 0x00, 0x00, 0x00, 0x00, 0x00, 0x00, 0x00, 0x00, 0x00, 0x00, 0x00,
  0x00, 0x00, 0x00, 0x00, 0x02, 0x02, 0x00, 0x00, 0x0b, 0x2f, 0x82, 0xca, 0xbd, 0x6f, 0x25, 0x2d,
  0x60, 0x64, 0x56, 0x38, 0x3d, 0xa7, 0x64, 0x6b, 0x74, 0xa4, 0xed, 0xea, 0xf0, 0xfe, 0xfb, 0xfe,
  0xfc, 0xfd, 0xfd, 0xfe, 0xfb, 0xfe, 0xfc, 0xfe, 0xfe, 0xfd, 0xfe, 0xfb, 0xfb, 0xfc, 0xf6, 0xfa,
  0xf6, 0xf4, 0xe8, 0x71, 0x28, 0x31, 0x19, 0x2f, 0x07, 0x17, 0x03, 0x08, 0x08, 0x01, 0x03, 0x01,
  0x0a, 0x00, 0x13, 0x34, 0x27, 0x0e, 0x02, 0x0e, 0x05, 0x03, 0x00, 0x00, 0x00, 0x00, 0x00, 0x00,
  0x00, 0x00, 0x00, 0x00, 0x00, 0x00, 0x00, 0x00, 0x00, 0x00, 0x00, 0x00, 0x01, 0x04, 0x4d, 0x16,
  0x00, 0x00, 0x01, 0x01, 0x00, 0x00, 0x00, 0x00, 0x00, 0x00, 0x00, 0x00, 0x00, 0x00, 0x00, 0x00,
  0x00, 0x00, 0x00, 0x00, 0x00, 0x00, 0x00, 0x00, 0x00, 0x00, 0x00, 0x00, 0x00, 0x00, 0x00, 0x00,
  0x00, 0x00, 0x00, 0x00, 0x00, 0x00, 0x00, 0x00, 0x00, 0x00, 0x00, 0x00, 0x00, 0x00, 0x00, 0x00,
  0x00, 0x00, 0x00, 0x00, 0x00, 0x00, 0x00, 0x00, 0x00, 0x00, 0x00, 0x00, 0x03, 0x0b, 0x00, 0x00,
  0x03, 0x0d, 0x8b, 0xf1, 0xf2, 0xf7, 0xfa, 0xfb, 0xf7, 0xfb, 0xfd, 0xfc, 0xfb, 0xfe, 0xfe, 0xfe,
  0xfe, 0xfe, 0xfe, 0xfd, 0xfb, 0xfe, 0xfe, 0xff, 0x00, 0x00, 0x00, 0x00, 0x00, 0x00, 0x00, 0x00,
  0x00, 0x00, 0x00, 0x00, 0x00, 0x00, 0x00, 0x00, 0x00, 0x00, 0x00, 0x00, 0x00, 0x09, 0x26, 0x5f,
  0xa1, 0xb4, 0xa3, 0x43, 0x07, 0x23, 0x1a, 0x42, 0x4d, 0x41, 0x2b, 0x25, 0x25, 0x83, 0x36, 0x54,
  0x8f, 0xdd, 0xf9, 0xf1, 0xf5, 0xfe, 0xfc, 0xff, 0xfd, 0xff, 0xfd, 0xfd, 0xfb, 0xfc, 0xfd, 0xfc,
  0xfd, 0xfd, 0xfb, 0xf9, 0xfd, 0xfc, 0xfa, 0xf9, 0xfc, 0xf1, 0xeb, 0xcd, 0x45, 0x70, 0x76, 0x74,
  0x50, 0x37, 0x0c, 0x19, 0x0f, 0x0a, 0x02, 0x06, 0x07, 0x20, 0x3d, 0x1b, 0x28, 0x1a, 0x0f, 0x03,
  0x00, 0x00, 0x00, 0x00, 0x00, 0x00, 0x00, 0x00, 0x00, 0x00, 0x00, 0x00, 0x00, 0x00, 0x00, 0x00,
  0x00, 0x00, 0x00, 0x00, 0x00, 0x00, 0x65, 0x33, 0x06, 0x03, 0x00, 0x00, 0x00, 0x00, 0x00, 0x00,
  0x00, 0x00, 0x00, 0x00, 0x00, 0x00, 0x00, 0x00, 0x00, 0x00, 0x00, 0x00, 0x00, 0x00, 0x00, 0x00,
  0x00, 0x00, 0x00, 0x00, 0x01, 0x00, 0x00, 0x00, 0x00, 0x00, 0x00, 0x00, 0x00, 0x00, 0x00, 0x00,
  0x00, 0x00, 0x00, 0x00, 0x01, 0x00, 0x00, 0x00, 0x00, 0x00, 0x00, 0x00, 0x00, 0x00, 0x00, 0x00,
  0x00, 0x00, 0x00, 0x00, 0x08, 0x01, 0x01, 0x01, 0x05, 0x5e, 0xea, 0xeb, 0xfb, 0xf4, 0xfa, 0xf9,
  0xf6, 0xfc, 0xfc, 0xfc, 0xfc, 0xfe, 0xfd, 0xfe, 0xfe, 0xfd, 0xff, 0xfe, 0xfc, 0xfd, 0xfc, 0xfe,
  0x00, 0x00, 0x00, 0x00, 0x00, 0x00, 0x00, 0x00, 0x00, 0x00, 0x00, 0x00, 0x00, 0x01, 0x00, 0x00,
  0x00, 0x00, 0x01, 0x06, 0x18, 0xb9, 0xc3, 0xc7, 0xa7, 0x25, 0x07, 0x00, 0x0a, 0x27, 0x3c, 0x3f,
  0x34, 0x22, 0x29, 0x1e, 0x1a, 0x40, 0x55, 0x68, 0xb3, 0xd7, 0xe6, 0xe5, 0xf9, 0xfc, 0xfe, 0xfc,
  0xfc, 0xff, 0xfa, 0xfe, 0xfe, 0xfd, 0xfd, 0xfb, 0xfd, 0xff, 0xfd, 0xfa, 0xfc, 0xff, 0xff, 0xfa,
  0xf9, 0xf4, 0xea, 0xe3, 0xb5, 0x86, 0x8b, 0xb0, 0x85, 0x3d, 0x1e, 0x0f, 0x09, 0x07, 0x04, 0x0b,
  0x44, 0x9b, 0x56, 0x2c, 0x34, 0x46, 0x13, 0x03, 0x07, 0x04, 0x00, 0x00, 0x00, 0x00, 0x00, 0x00,
  0x00, 0x00, 0x00, 0x00, 0x00, 0x00, 0x00, 0x00, 0x00, 0x00, 0x00, 0x00, 0x03, 0x0c, 0x7c, 0xa9,
  0x2b, 0x03, 0x02, 0x03, 0x02, 0x00, 0x00, 0x01, 0x03, 0x03, 0x00, 0x00, 0x01, 0x00, 0x00, 0x00,
  0x00, 0x00, 0x00, 0x00, 0x00, 0x00, 0x00, 0x00, 0x00, 0x00, 0x00, 0x00, 0x07, 0x00, 0x00, 0x00,
  0x00, 0x00, 0x00, 0x00, 0x00, 0x00, 0x00, 0x00, 0x00, 0x00, 0x00, 0x00, 0x00, 0x00, 0x00, 0x00,
  0x00, 0x00, 0x00, 0x00, 0x00, 0x00, 0x00, 0x00, 0x00, 0x00, 0x00, 0x00, 0x27, 0x03, 0x0a, 0x04,
  0x21, 0xc4, 0xf7, 0xfc, 0xfe, 0xfd, 0xf9, 0xf7, 0xfd, 0xfd, 0xfa, 0xfc, 0xff, 0xfc, 0xfd, 0xfc,
  0xfe, 0xff, 0xfd, 0xfc, 0xfd, 0xfe, 0xfe, 0xfb, 0x00, 0x00, 0x00, 0x00, 0x00, 0x00, 0x00, 0x00,
  0x00, 0x00, 0x00, 0x00, 0x00, 0x00, 0x01, 0x1d, 0x2b, 0x5c, 0x97, 0xae, 0xa8, 0x6b, 0x23, 0x10,
  0x00, 0x00, 0x04, 0x06, 0x0e, 0x16, 0x22, 0x15, 0x15, 0x14, 0x0b, 0x0e, 0x19, 0x41, 0x54, 0x33,
  0x61, 0xc8, 0xd5, 0xf4, 0xfc, 0xfc, 0xfd, 0xff, 0xfd, 0xff, 0xff, 0xff, 0xfe, 0xfc, 0xfd, 0xfe,
  0xfe, 0xfd, 0xff, 0xfc, 0xfd, 0xff, 0xfd, 0xfa, 0xf6, 0xfa, 0xf8, 0xf5, 0xfb, 0xdc, 0xbb, 0xbd,
  0x5a, 0x65, 0x52, 0x4c, 0x3c, 0x02, 0x00, 0x38, 0xc8, 0xc3, 0x68, 0x62, 0x41, 0x45, 0x0b, 0x04,
  0x01, 0x00, 0x02, 0x03, 0x02, 0x00, 0x00, 0x00, 0x00, 0x00, 0x00, 0x00, 0x00, 0x00, 0x00, 0x00,
  0x00, 0x00, 0x00, 0x00, 0x04, 0x0b, 0x39, 0xc1, 0x51, 0x01, 0x02, 0x02, 0x00, 0x00, 0x00, 0x03,
  0x00, 0x02, 0x00, 0x00, 0x00, 0x00, 0x00, 0x00, 0x00, 0x00, 0x00, 0x00, 0x00, 0x00, 0x00, 0x00,
  0x00, 0x00, 0x00, 0x00, 0x01, 0x00, 0x00, 0x00, 0x00, 0x00, 0x00, 0x00, 0x01, 0x00, 0x00, 0x00,
  0x00, 0x00, 0x00, 0x00, 0x00, 0x00, 0x00, 0x00, 0x00, 0x00, 0x01, 0x00, 0x00, 0x00, 0x00, 0x00,
  0x01, 0x01, 0x00, 0x01, 0x91, 0x10, 0x01, 0x0c, 0xa1, 0xf6, 0xfa, 0xfb, 0xfc, 0xfc, 0xf9, 0xfb,
  0xfc, 0xfc, 0xff, 0xfd, 0xff, 0xff, 0xfd, 0xff, 0xff, 0xff, 0xff, 0xfe, 0xff, 0xfd, 0xfd, 0xff,
  0x00, 0x00, 0x00, 0x00, 0x00, 0x00, 0x00, 0x00, 0x00, 0x00, 0x00, 0x00, 0x03, 0x39, 0x77, 0x9f,
  0xb2, 0xa2, 0x5e, 0x44, 0x39, 0x12, 0x00, 0x00, 0x00, 0x02, 0x00, 0x05, 0x05, 0x16, 0x0f, 0x05,
  0x09, 0x16, 0x1f, 0x13, 0x14, 0x3a, 0x66, 0x2d, 0x5d, 0xe0, 0xeb, 0xee, 0xef, 0xf9, 0xfd, 0xfc,
  0xfb, 0xfd, 0xfe, 0xfe, 0xff, 0xfe, 0xfc, 0xfb, 0xfe, 0xfd, 0xfc, 0xfc, 0xfa, 0xfb, 0xff, 0xfb,
  0xfb, 0xfb, 0xff, 0xff, 0xf6, 0xee, 0xda, 0xb6, 0x80, 0x69, 0x5e, 0x97, 0x91, 0x11, 0x3e, 0xc2,
  0xe1, 0x7e, 0x8b, 0x7d, 0x85, 0x20, 0x17, 0x00, 0x05, 0x0d, 0x02, 0x05, 0x04, 0x00, 0x00, 0x00,
  0x00, 0x00, 0x00, 0x00, 0x00, 0x00, 0x02, 0x00, 0x00, 0x00, 0x00, 0x03, 0x0d, 0x0c, 0x21, 0x8e,
  0x54, 0x08, 0x00, 0x00, 0x00, 0x00, 0x00, 0x00, 0x00, 0x00, 0x00, 0x00, 0x00, 0x00, 0x00, 0x00,
  0x00, 0x00, 0x00, 0x00, 0x00, 0x01, 0x00, 0x00, 0x00, 0x00, 0x00, 0x00, 0x00, 0x00, 0x00, 0x00,
  0x00, 0x00, 0x07, 0x03, 0x02, 0x00, 0x00, 0x00, 0x00, 0x00, 0x00, 0x00, 0x00, 0x00, 0x00, 0x00,
  0x00, 0x00, 0x00, 0x00, 0x00, 0x00, 0x00, 0x00, 0x00, 0x00, 0x00, 0x03, 0x82, 0x28, 0x02, 0x7a,
  0xf4, 0xf2, 0xf8, 0xfa, 0xff, 0xfd, 0xfc, 0xfb, 0xfc, 0xfd, 0xfe, 0xfc, 0xfc, 0xff, 0xff, 0xfe,
  0xfe, 0xff, 0xff, 0xff, 0xfc, 0xfd, 0xff, 0xfd, 0x00, 0x00, 0x00, 0x00, 0x00, 0x00, 0x05, 0x09,
  0x00, 0x04, 0x18, 0x41, 0x5b, 0x83, 0x7f, 0x56, 0x3b, 0x16, 0x1a, 0x16, 0x10, 0x05, 0x03, 0x05,
  0x05, 0x00, 0x00, 0x01, 0x04, 0x03, 0x05, 0x01, 0x03, 0x02, 0x04, 0x16, 0x0f, 0x3f, 0x8b, 0x99,
  0x9f, 0x9e, 0xec, 0xe8, 0xe1, 0xee, 0xf3, 0xfc, 0xfc, 0xfc, 0xfc, 0xfa, 0xfb, 0xfd, 0xff, 0xfd,
  0xfb, 0xfa, 0xfd, 0xfa, 0xfc, 0xf8, 0xf7, 0xf9, 0xfb, 0xf8, 0xf8, 0xf5, 0xf7, 0xfb, 0xe4, 0xad,
  0xab, 0x45, 0x64, 0x9c, 0x65, 0x55, 0xa4, 0xe1, 0xe2, 0xdf, 0xe1, 0x9f, 0x3e, 0x3e, 0x17, 0x10,
  0x05, 0x00, 0x00, 0x00, 0x01, 0x00, 0x00, 0x00, 0x00, 0x00, 0x00, 0x00, 0x00, 0x01, 0x00, 0x00,
  0x00, 0x00, 0x01, 0x10, 0x95, 0x0c, 0x00, 0x01, 0x00, 0x04, 0x00, 0x17, 0x36, 0x01, 0x00, 0x00,
  0x00, 0x00, 0x00, 0x00, 0x00, 0x00, 0x00, 0x00, 0x00, 0x00, 0x00, 0x00, 0x00, 0x00, 0x00, 0x00,
  0x00, 0x00, 0x00, 0x00, 0x00, 0x01, 0x00, 0x00, 0x07, 0x10, 0x07, 0x0f, 0x05, 0x00, 0x00, 0x00,
  0x03, 0x02, 0x00, 0x00, 0x05, 0x00, 0x00, 0x00, 0x00, 0x00, 0x00, 0x03, 0x00, 0x03, 0x03, 0x04,
  0x00, 0x07, 0x0a, 0x11, 0x2c, 0x18, 0x2b, 0xe8, 0xfb, 0xe3, 0xe8, 0xee, 0xf8, 0xfc, 0xfc, 0xfa,
  0xfc, 0xfa, 0xfb, 0xf9, 0xfb, 0xfe, 0xfd, 0xfc, 0xfb, 0xfb, 0xfd, 0xfb, 0xfd, 0xfb, 0xfc, 0xfb,
  0x00, 0x00, 0x00, 0x00, 0x00, 0x00, 0x00, 0x00, 0x10, 0x33, 0x44, 0x64, 0x43, 0x22, 0x10, 0x0c,
  0x03, 0x00, 0x00, 0x00, 0x03, 0x03, 0x00, 0x00, 0x01, 0x00, 0x00, 0x00, 0x01, 0x03, 0x02, 0x05,
  0x07, 0x05, 0x0b, 0x16, 0x11, 0x30, 0x85, 0xc6, 0xa6, 0x55, 0xc9, 0xe8, 0xe2, 0xe6, 0xfa, 0xfe,
  0xfd, 0xfa, 0xfc, 0xfa, 0xfb, 0xfc, 0xfc, 0xfd, 0xfb, 0xfb, 0xfd, 0xfc, 0xfb, 0xf8, 0xf9, 0xf9,
  0xfc, 0xf9, 0xf7, 0xf8, 0xf3, 0xf7, 0xfa, 0xdf, 0xb7, 0x66, 0x92, 0x68, 0xbf, 0xde, 0xf4, 0xd8,
  0xf2, 0xff, 0xb4, 0x7d, 0x3a, 0x38, 0x12, 0x09, 0x06, 0x00, 0x00, 0x00, 0x03, 0x00, 0x00, 0x00,
  0x00, 0x00, 0x00, 0x00, 0x00, 0x00, 0x00, 0x00, 0x00, 0x03, 0x01, 0x00, 0x89, 0x05, 0x00, 0x01,
  0x04, 0x02, 0x03, 0x18, 0x3e, 0x01, 0x00, 0x00, 0x00, 0x00, 0x00, 0x00, 0x00, 0x00, 0x00, 0x00,
  0x00, 0x00, 0x00, 0x00, 0x00, 0x01, 0x00, 0x00, 0x00, 0x00, 0x00, 0x00, 0x00, 0x00, 0x00, 0x01,
  0x08, 0x1e, 0x2b, 0x18, 0x0d, 0x00, 0x00, 0x00, 0x01, 0x00, 0x00, 0x00, 0x01, 0x00, 0x00, 0x00,
  0x01, 0x00, 0x00, 0x00, 0x00, 0x03, 0x00, 0x03, 0x07, 0x11, 0x42, 0x31, 0x19, 0x1e, 0xda, 0xfa,
  0xe8, 0xf0, 0xf6, 0xf4, 0xf6, 0xfb, 0xfb, 0xfc, 0xfd, 0xfa, 0xfb, 0xf9, 0xfc, 0xfb, 0xfd, 0xfe,
  0xfd, 0xfb, 0xfc, 0xfc, 0xfd, 0xfa, 0xfa, 0xfb, 0x00, 0x00, 0x00, 0x00, 0x00, 0x03, 0x16, 0x46,
  0x6a, 0x6b, 0x43, 0x22, 0x1a, 0x06, 0x02, 0x01, 0x00, 0x01, 0x02, 0x03, 0x06, 0x00, 0x00, 0x00,
  0x00, 0x00, 0x00, 0x00, 0x01, 0x00, 0x00, 0x04, 0x06, 0x08, 0x06, 0x09, 0x17, 0x88, 0xa8, 0x7c,
  0x7b, 0x82, 0xa6, 0xc5, 0xf7, 0xf4, 0xfa, 0xfe, 0xfc, 0xfc, 0xfc, 0xfd, 0xfe, 0xfc, 0xfb, 0xfe,
  0xfe, 0xfa, 0xfc, 0xfd, 0xfd, 0xfa, 0xfa, 0xfc, 0xfb, 0xfb, 0xf5, 0xfa, 0xf4, 0xfa, 0xf8, 0xef,
  0xde, 0xe0, 0xb8, 0x96, 0xee, 0xfa, 0xdf, 0xda, 0xe3, 0xf1, 0xca, 0x8f, 0x3f, 0x1f, 0x0e, 0x03,
  0x04, 0x00, 0x00, 0x04, 0x03, 0x00, 0x00, 0x00, 0x00, 0x00, 0x00, 0x00, 0x01, 0x00, 0x00, 0x00,
  0x00, 0x01, 0x00, 0x02, 0x97, 0x03, 0x00, 0x06, 0x05, 0x05, 0x03, 0x10, 0x51, 0x02, 0x00, 0x00,
  0x00, 0x00, 0x00, 0x00, 0x02, 0x00, 0x00, 0x00, 0x00, 0x00, 0x00, 0x00, 0x00, 0x00, 0x00, 0x00,
  0x00, 0x00, 0x00, 0x00, 0x01, 0x01, 0x00, 0x00, 0x00, 0x0f, 0x4b, 0x4e, 0x1c, 0x03, 0x04, 0x01,
  0x03, 0x00, 0x00, 0x00, 0x03, 0x00, 0x00, 0x00, 0x00, 0x00, 0x00, 0x00, 0x01, 0x00, 0x01, 0x09,
  0x03, 0x39, 0x2e, 0x1c, 0x1e, 0xa0, 0xfd, 0xf6, 0xe9, 0xf5, 0xf7, 0xf4, 0xf1, 0xfc, 0xfc, 0xfc,
  0xfc, 0xfa, 0xfd, 0xfd, 0xfb, 0xfe, 0xfa, 0xfc, 0xfd, 0xfc, 0xfd, 0xfc, 0xfc, 0xfa, 0xfb, 0xfc,
  0x00, 0x00, 0x00, 0x04, 0x0c, 0x73, 0x72, 0x45, 0x1d, 0x12, 0x08, 0x02, 0x02, 0x01, 0x00, 0x01,
  0x00, 0x00, 0x05, 0x00, 0x02, 0x00, 0x00, 0x01, 0x00, 0x00, 0x00, 0x01, 0x00, 0x02, 0x00, 0x01,
  0x01, 0x02, 0x04, 0x07, 0x19, 0x7b, 0x56, 0x60, 0x66, 0x55, 0x5f, 0x9b, 0xd4, 0xf1, 0xf5, 0xfc,
  0xfd, 0xff, 0xfd, 0xfc, 0xfb, 0xfd, 0xfd, 0xfe, 0xfd, 0xfc, 0xfc, 0xfd, 0xfb, 0xfd, 0xfb, 0xfc,
  0xfb, 0xfc, 0xfc, 0xf9, 0xf6, 0xff, 0xf3, 0xfa, 0xf5, 0xf4, 0xf4, 0xed, 0xe0, 0xde, 0xd3, 0xeb,
  0xe7, 0xfb, 0xef, 0xb4, 0x41, 0x1a, 0x07, 0x04, 0x00, 0x03, 0x03, 0x02, 0x03, 0x02, 0x00, 0x02,
  0x00, 0x00, 0x00, 0x00, 0x00, 0x03, 0x00, 0x00, 0x00, 0x00, 0x03, 0x00, 0x84, 0x0c, 0x02, 0x0c,
  0x08, 0x07, 0x07, 0x10, 0x4e, 0x1d, 0x00, 0x02, 0x00, 0x00, 0x00, 0x00, 0x00, 0x00, 0x00, 0x00,
  0x00, 0x00, 0x00, 0x00, 0x00, 0x00, 0x00, 0x00, 0x00, 0x00, 0x00, 0x00, 0x00, 0x00, 0x00, 0x02,
  0x00, 0x04, 0x31, 0x57, 0x74, 0x16, 0x01, 0x03, 0x01, 0x00, 0x00, 0x00, 0x00, 0x01, 0x00, 0x02,
  0x00, 0x00, 0x00, 0x00, 0x01, 0x02, 0x04, 0x09, 0x10, 0x55, 0x5a, 0x77, 0x5f, 0xfa, 0xf5, 0xf3,
  0xf6, 0xfd, 0xfc, 0xf5, 0xf4, 0xfd, 0xfc, 0xfe, 0xfd, 0xfb, 0xfb, 0xfb, 0xfb, 0xff, 0xfb, 0xff,
  0xfe, 0xfd, 0xfc, 0xfd, 0xfc, 0xfd, 0xfc, 0xfd, 0x21, 0x36, 0x57, 0x48, 0x48, 0x29, 0x15, 0x06,
  0x00, 0x00, 0x00, 0x00, 0x00, 0x00, 0x00, 0x00, 0x00, 0x00, 0x00, 0x00, 0x01, 0x00, 0x00, 0x01,
  0x00, 0x00, 0x00, 0x00, 0x00, 0x02, 0x02, 0x01, 0x03, 0x06, 0x10, 0x07, 0x0f, 0x2c, 0x2b, 0x41,
  0x4f, 0x4b, 0x70, 0x94, 0xd6, 0xea, 0xf7, 0xfb, 0xfb, 0xfd, 0xfb, 0xfd, 0xfd, 0xfe, 0xfd, 0xfd,
  0xfc, 0xfd, 0xfb, 0xfb, 0xff, 0xfd, 0xfc, 0xfc, 0xfb, 0xfd, 0xfb, 0xfb, 0xf9, 0xff, 0xfa, 0xf8,
  0xf8, 0xf3, 0xf4, 0xf7, 0xfa, 0xf0, 0xe9, 0xf5, 0xfc, 0xe5, 0xd6, 0x7c, 0x4a, 0x2a, 0x09, 0x02,
  0x05, 0x08, 0x03, 0x01, 0x06, 0x07, 0x03, 0x01, 0x00, 0x00, 0x00, 0x00, 0x00, 0x07, 0x04, 0x01,
  0x00, 0x01, 0x00, 0x0b, 0x78, 0x1b, 0x05, 0x0d, 0x0b, 0x0a, 0x05, 0x0b, 0x53, 0x5b, 0x03, 0x01,
  0x00, 0x00, 0x00, 0x00, 0x01, 0x00, 0x01, 0x00, 0x00, 0x00, 0x00, 0x00, 0x00, 0x00, 0x00, 0x00,
  0x00, 0x00, 0x00, 0x00, 0x00, 0x00, 0x02, 0x03, 0x00, 0x09, 0x2c, 0x45, 0xab, 0x9c, 0x22, 0x00,
  0x04, 0x01, 0x00, 0x00, 0x02, 0x03, 0x02, 0x01, 0x00, 0x00, 0x00, 0x00, 0x02, 0x00, 0x0d, 0x16,
  0x10, 0x32, 0xb5, 0xb5, 0xe1, 0xf8, 0xfb, 0xfa, 0xfa, 0xf9, 0xf8, 0xf3, 0xf6, 0xfc, 0xfc, 0xfd,
  0xfc, 0xfa, 0xf9, 0xfc, 0xfc, 0xfd, 0xfe, 0xfe, 0xfd, 0xff, 0xfb, 0xfe, 0xfc, 0xfd, 0xfb, 0xfb,
  0x74, 0x66, 0x2b, 0x1b, 0x0a, 0x00, 0x03, 0x02, 0x00, 0x00, 0x00, 0x00, 0x00, 0x00, 0x00, 0x00,
  0x00, 0x00, 0x00, 0x00, 0x01, 0x00, 0x01, 0x01, 0x00, 0x00, 0x00, 0x00, 0x00, 0x00, 0x01, 0x00,
  0x02, 0x0a, 0x0d, 0x02, 0x07, 0x16, 0x2d, 0x40, 0x55, 0x4c, 0x5d, 0x95, 0xb5, 0xe3, 0xf4, 0xf9,
  0xfc, 0xfb, 0xfa, 0xfd, 0xfb, 0xfc, 0xfc, 0xfd, 0xfc, 0xfc, 0xfc, 0xfc, 0xfc, 0xfa, 0xfd, 0xf9,
  0xfc, 0xfc, 0xfa, 0xfa, 0xf8, 0xfa, 0xfd, 0xfc, 0xfc, 0xfa, 0xfa, 0xf7, 0xf7, 0xff, 0xf6, 0xdc,
  0xd6, 0xbf, 0x65, 0x55, 0x30, 0x44, 0x15, 0x0d, 0x0a, 0x0d, 0x07, 0x05, 0x13, 0x14, 0x09, 0x00,
  0x00, 0x00, 0x00, 0x00, 0x00, 0x08, 0x02, 0x00, 0x00, 0x01, 0x02, 0x0f, 0xa2, 0x1f, 0x10, 0x1a,
  0x16, 0x1c, 0x05, 0x12, 0x60, 0x4a, 0x05, 0x01, 0x01, 0x00, 0x00, 0x00, 0x01, 0x00, 0x00, 0x02,
  0x00, 0x00, 0x00, 0x00, 0x00, 0x00, 0x01, 0x00, 0x00, 0x00, 0x00, 0x00, 0x00, 0x00, 0x00, 0x00,
  0x00, 0x02, 0x09, 0x29, 0x97, 0xec, 0xb6, 0x13, 0x00, 0x05, 0x02, 0x00, 0x01, 0x09, 0x03, 0x00,
  0x00, 0x00, 0x00, 0x01, 0x04, 0x0b, 0x0d, 0x04, 0x1c, 0x8f, 0xda, 0xe2, 0xf6, 0xfb, 0xfd, 0xfa,
  0xfa, 0xfc, 0xf8, 0xf8, 0xf9, 0xfb, 0xfc, 0xfb, 0xfa, 0xfc, 0xf8, 0xfa, 0xfb, 0xfd, 0xfd, 0xfc,
  0xfd, 0xfb, 0xfb, 0xfb, 0xfd, 0xfa, 0xfc, 0xfb, 0x1a, 0x13, 0x07, 0x00, 0x00, 0x00, 0x02, 0x04,
  0x00, 0x00, 0x00, 0x00, 0x00, 0x00, 0x00, 0x00, 0x00, 0x00, 0x00, 0x00, 0x00, 0x00, 0x00, 0x00,
  0x00, 0x00, 0x00, 0x00, 0x00, 0x00, 0x00, 0x03, 0x00, 0x04, 0x07, 0x00, 0x0d, 0x13, 0x1b, 0x2c,
  0x4d, 0x4e, 0x52, 0x73, 0xc5, 0xf2, 0xf0, 0xf9, 0xfc, 0xfc, 0xfc, 0xfa, 0xfc, 0xfc, 0xfa, 0xff,
  0xfd, 0xfc, 0xfd, 0xfe, 0xfc, 0xfc, 0xfb, 0xfe, 0xfc, 0xfb, 0xfc, 0xfa, 0xfa, 0xf6, 0xfb, 0xf9,
  0xfd, 0xfa, 0xff, 0xfa, 0xf9, 0xfb, 0xee, 0xde, 0xe7, 0x9e, 0x6b, 0x65, 0x39, 0x2d, 0x0c, 0x0f,
  0x09, 0x0d, 0x0e, 0x03, 0x12, 0x1c, 0x14, 0x06, 0x00, 0x00, 0x02, 0x00, 0x00, 0x07, 0x01, 0x00,
  0x03, 0x05, 0x03, 0x0c, 0x8d, 0x45, 0x06, 0x18, 0x2a, 0x1d, 0x05, 0x19, 0x6a, 0x24, 0x00, 0x00,
  0x00, 0x00, 0x00, 0x00, 0x03, 0x00, 0x00, 0x00, 0x00, 0x00, 0x00, 0x00, 0x00, 0x00, 0x00, 0x00,
  0x00, 0x00, 0x00, 0x00, 0x00, 0x01, 0x02, 0x00, 0x00, 0x01, 0x02, 0x04, 0x69, 0xd4, 0xe1, 0xcb,
  0x2f, 0x05, 0x0d, 0x03, 0x01, 0x10, 0x00, 0x00, 0x00, 0x00, 0x02, 0x09, 0x18, 0x10, 0x0d, 0x16,
  0x44, 0xc6, 0xe8, 0xf7, 0xf4, 0xfa, 0xf7, 0xf9, 0xfa, 0xfa, 0xfa, 0xfa, 0xfa, 0xfc, 0xfb, 0xfc,
  0xfd, 0xfc, 0xfd, 0xfb, 0xfc, 0xfc, 0xfb, 0xfd, 0xfc, 0xfd, 0xfe, 0xfd, 0xfd, 0xfc, 0xfa, 0xfc,
  0x00, 0x00, 0x00, 0x00, 0x00, 0x00, 0x00, 0x00, 0x00, 0x00, 0x00, 0x00, 0x00, 0x00, 0x00, 0x00,
  0x00, 0x00, 0x00, 0x00, 0x01, 0x00, 0x00, 0x00, 0x00, 0x00, 0x00, 0x00, 0x01, 0x01, 0x00, 0x00,
  0x01, 0x00, 0x02, 0x04, 0x09, 0x24, 0x10, 0x11, 0x33, 0x1c, 0x51, 0x6d, 0xd4, 0xf5, 0xe8, 0xf7,
  0xf9, 0xfb, 0xfc, 0xfb, 0xfc, 0xfc, 0xfe, 0xfc, 0xfd, 0xfe, 0xfc, 0xfb, 0xfd, 0xfc, 0xfd, 0xfc,
  0xfe, 0xfc, 0xfb, 0xfc, 0xfb, 0xff, 0xff, 0xf8, 0xfb, 0xfe, 0xfd, 0xfa, 0xf8, 0xee, 0xec, 0xef,
  0xf5, 0xd8, 0xd3, 0x89, 0xa7, 0x26, 0x16, 0x08, 0x0f, 0x0b, 0x06, 0x07, 0x3e, 0x4c, 0x4b, 0x1f,
  0x0e, 0x0e, 0x16, 0x09, 0x00, 0x0d, 0x05, 0x00, 0x06, 0x01, 0x05, 0x23, 0x96, 0x77, 0x09, 0x07,
  0x40, 0x2e, 0x04, 0x25, 0x56, 0x14, 0x02, 0x00, 0x00, 0x00, 0x00, 0x00, 0x03, 0x00, 0x00, 0x00,
  0x08, 0x03, 0x00, 0x00, 0x00, 0x01, 0x00, 0x00, 0x00, 0x00, 0x00, 0x00, 0x00, 0x04, 0x00, 0x00,
  0x00, 0x00, 0x02, 0x09, 0x24, 0x85, 0xd4, 0xe7, 0xde, 0x6c, 0x1c, 0x03, 0x09, 0x0e, 0x01, 0x00,
  0x00, 0x00, 0x06, 0x11, 0x57, 0x38, 0x25, 0x1d, 0x94, 0xee, 0xfd, 0xfa, 0xf9, 0xfb, 0xf5, 0xf5,
  0xfa, 0xfb, 0xfb, 0xf9, 0xfc, 0xfe, 0xfd, 0xfb, 0xfc, 0xfe, 0xfd, 0xfb, 0xfb, 0xff, 0xfe, 0xfb,
  0xfc, 0xff, 0xff, 0xfe, 0xfa, 0xf7, 0xfa, 0xfa, 0x00, 0x00, 0x00, 0x00, 0x00, 0x00, 0x00, 0x00,
  0x00, 0x00, 0x00, 0x00, 0x00, 0x00, 0x00, 0x00, 0x00, 0x00, 0x00, 0x00, 0x00, 0x00, 0x00, 0x00,
  0x00, 0x00, 0x00, 0x00, 0x00, 0x03, 0x03, 0x00, 0x01, 0x02, 0x08, 0x2b, 0x23, 0x16, 0x10, 0x32,
  0x61, 0x49, 0x73, 0xb0, 0xea, 0xfc, 0xfa, 0xfe, 0xff, 0xfa, 0xfc, 0xfc, 0xfa, 0xfd, 0xff, 0xfc,
  0xfe, 0xfd, 0xfd, 0xfb, 0xfc, 0xff, 0xff, 0xfd, 0xff, 0xfe, 0xfe, 0xfc, 0xfb, 0xff, 0xff, 0xfc,
  0xfe, 0xfc, 0xfe, 0xf8, 0xfb, 0xe3, 0xfa, 0xfa, 0xe9, 0xc2, 0xbb, 0xb9, 0x86, 0x1d, 0x11, 0x12,
  0x0e, 0x01, 0x0b, 0x09, 0x3a, 0x48, 0x1a, 0x29, 0x0e, 0x20, 0x39, 0x20, 0x08, 0x09, 0x0c, 0x00,
  0x07, 0x04, 0x10, 0x14, 0x53, 0x86, 0x20, 0x26, 0xab, 0x14, 0x00, 0x05, 0x2e, 0x03, 0x01, 0x02,
  0x01, 0x00, 0x00, 0x00, 0x02, 0x00, 0x02, 0x00, 0x02, 0x01, 0x00, 0x00, 0x01, 0x01, 0x00, 0x00,
  0x00, 0x00, 0x03, 0x00, 0x04, 0x00, 0x01, 0x02, 0x09, 0x00, 0x00, 0x00, 0x06, 0x0b, 0x64, 0xe9,
  0xf0, 0xe8, 0x5e, 0x12, 0x16, 0x02, 0x05, 0x03, 0x0b, 0x11, 0x07, 0x1e, 0x4c, 0x6c, 0x86, 0xcc,
  0xe7, 0xf9, 0xf7, 0xf6, 0xfa, 0xfe, 0xfd, 0xf9, 0xfc, 0xff, 0xfe, 0xfc, 0xfe, 0xfe, 0xff, 0xfe,
  0xff, 0xfd, 0xfe, 0xfd, 0xff, 0xfe, 0xfe, 0xfd, 0xff, 0xfd, 0xfd, 0xfc, 0xfd, 0xff, 0xff, 0xfc,
  0x00, 0x00, 0x00, 0x00, 0x00, 0x00, 0x00, 0x00, 0x00, 0x00, 0x00, 0x00, 0x00, 0x00, 0x00, 0x00,
  0x00, 0x00, 0x00, 0x00, 0x00, 0x01, 0x00, 0x00, 0x00, 0x00, 0x00, 0x00, 0x00, 0x05, 0x02, 0x01,
  0x02, 0x01, 0x03, 0x09, 0x11, 0x3f, 0x19, 0x1c, 0x4f, 0x48, 0x77, 0xe2, 0xf2, 0xf9, 0xff, 0xff,
  0xff, 0xff, 0xfb, 0xf9, 0xff, 0xfe, 0xff, 0xfe, 0xfd, 0xff, 0xfc, 0xfc, 0xfe, 0xff, 0xfd, 0xfe,
  0xfc, 0xff, 0xfd, 0xfb, 0xfd, 0xff, 0xfe, 0xfd, 0xfd, 0xfb, 0xfa, 0xf7, 0xf9, 0xf0, 0xd0, 0xc8,
  0x8b, 0xb9, 0x8d, 0x5b, 0x42, 0x2a, 0x22, 0x19, 0x04, 0x0a, 0x0a, 0x09, 0x1c, 0x1d, 0x13, 0x22,
  0x21, 0x15, 0x33, 0x2c, 0x09, 0x07, 0x03, 0x01, 0x0f, 0x12, 0x0e, 0x0d, 0x39, 0x39, 0x0e, 0x1a,
  0x83, 0x31, 0x00, 0x12, 0x3a, 0x08, 0x00, 0x02, 0x00, 0x00, 0x00, 0x00, 0x00, 0x08, 0x04, 0x03,
  0x00, 0x00, 0x00, 0x01, 0x02, 0x06, 0x05, 0x05, 0x04, 0x02, 0x03, 0x00, 0x02, 0x01, 0x02, 0x01,
  0x02, 0x00, 0x00, 0x00, 0x04, 0x0d, 0x01, 0x4e, 0xed, 0xf1, 0xf1, 0xa7, 0x03, 0x00, 0x08, 0x07,
  0x06, 0x10, 0x12, 0x16, 0x4c, 0xe4, 0xf9, 0xef, 0xec, 0xfc, 0xf6, 0xf9, 0xfc, 0xff, 0xfc, 0xfd,
  0xfd, 0xff, 0xfb, 0xfc, 0xfe, 0xff, 0xff, 0xfd, 0xfd, 0xfe, 0xfc, 0xfa, 0xfe, 0xff, 0xfe, 0xff,
  0xfd, 0xfe, 0xfb, 0xfa, 0xfc, 0xfd, 0xfe, 0xf8, 0x00, 0x00, 0x00, 0x00, 0x00, 0x00, 0x00, 0x00,
  0x00, 0x00, 0x00, 0x00, 0x00, 0x00, 0x00, 0x00, 0x00, 0x00, 0x00, 0x00, 0x00, 0x00, 0x00, 0x00,
  0x00, 0x00, 0x00, 0x00, 0x00, 0x03, 0x02, 0x01, 0x01, 0x01, 0x07, 0x12, 0x1b, 0x44, 0x1a, 0x22,
  0x31, 0x48, 0x96, 0xe4, 0xe0, 0xfc, 0xfb, 0xfc, 0xfa, 0xfb, 0xfb, 0xfb, 0xfb, 0xfd, 0xfe, 0xfd,
  0xfe, 0xfa, 0xff, 0xfe, 0xfd, 0xfc, 0xfe, 0xfd, 0xff, 0xfb, 0xfd, 0xff, 0xfe, 0xfd, 0xfe, 0xfe,
  0xfc, 0xf7, 0xfc, 0xfc, 0xfc, 0xfe, 0xe1, 0x9f, 0x4c, 0x4b, 0x42, 0x51, 0x7e, 0x1d, 0x18, 0x15,
  0x14, 0x21, 0x20, 0x27, 0x0f, 0x04, 0x04, 0x0f, 0x07, 0x08, 0x37, 0x0c, 0x03, 0x06, 0x00, 0x03,
  0x11, 0x17, 0x14, 0x18, 0x65, 0x15, 0x0c, 0x2d, 0x64, 0x5a, 0x12, 0x0d, 0x16, 0x0d, 0x00, 0x00,
  0x00, 0x00, 0x03, 0x00, 0x03, 0x1a, 0x05, 0x00, 0x00, 0x00, 0x00, 0x00, 0x03, 0x06, 0x07, 0x08,
  0x05, 0x03, 0x09, 0x04, 0x01, 0x00, 0x00, 0x00, 0x01, 0x00, 0x00, 0x04, 0x04, 0x09, 0x01, 0x07,
  0x84, 0xfc, 0xf5, 0xfb, 0xc5, 0x2a, 0x17, 0x0b, 0x07, 0x0e, 0x58, 0xaa, 0xd1, 0xf3, 0xf2, 0xfa,
  0xfa, 0xf2, 0xf9, 0xfd, 0xfd, 0xfd, 0xfc, 0xfc, 0xff, 0xfa, 0xff, 0xff, 0xfd, 0xff, 0xff, 0xfe,
  0xfe, 0xf9, 0xff, 0xff, 0xfd, 0xfd, 0xfe, 0xfd, 0xfd, 0xf9, 0xfe, 0xfc, 0xfb, 0xfc, 0xfc, 0xf6,
  0x00, 0x00, 0x00, 0x00, 0x00, 0x00, 0x00, 0x00, 0x00, 0x00, 0x00, 0x00, 0x00, 0x00, 0x00, 0x00,
  0x00, 0x00, 0x00, 0x00, 0x00, 0x00, 0x00, 0x00, 0x00, 0x00, 0x00, 0x00, 0x00, 0x01, 0x00, 0x02,
  0x00, 0x00, 0x00, 0x0c, 0x13, 0x1e, 0x18, 0x2b, 0x31, 0x68, 0xc5, 0xc7, 0xd0, 0xfb, 0xf9, 0xf9,
  0xfb, 0xfd, 0xfa, 0xf7, 0xfe, 0xff, 0xfe, 0xfd, 0xfb, 0xfe, 0xfe, 0xfd, 0xfd, 0xfe, 0xfc, 0xfe,
  0xfc, 0xfd, 0xfd, 0xfe, 0xff, 0xff, 0xfc, 0xff, 0xfb, 0xfc, 0xfd, 0xfc, 0xfd, 0xea, 0xe8, 0xda,
  0xaf, 0x76, 0x4c, 0x44, 0x40, 0x24, 0x33, 0x5e, 0x62, 0x48, 0x3a, 0x1a, 0x03, 0x01, 0x07, 0x05,
  0x00, 0x00, 0x03, 0x0b, 0x09, 0x08, 0x09, 0x19, 0x21, 0x1b, 0x19, 0x2b, 0xac, 0x20, 0x14, 0x1d,
  0x4b, 0x7a, 0x0f, 0x12, 0x2c, 0x1c, 0x00, 0x04, 0x00, 0x00, 0x00, 0x03, 0x1d, 0x5d, 0x0b, 0x00,
  0x00, 0x00, 0x00, 0x00, 0x03, 0x0c, 0x0f, 0x10, 0x00, 0x03, 0x13, 0x06, 0x05, 0x00, 0x00, 0x02,
  0x00, 0x00, 0x00, 0x03, 0x09, 0x09, 0x07, 0x06, 0x1b, 0xc6, 0xef, 0xeb, 0xfb, 0xe2, 0x95, 0x5a,
  0x39, 0x4d, 0x73, 0xca, 0xed, 0xf1, 0xf5, 0xfa, 0xfb, 0xf9, 0xfc, 0xfd, 0xfc, 0xfe, 0xfd, 0xfe,
  0xfd, 0xff, 0xff, 0xfc, 0xfd, 0xff, 0xfe, 0xfe, 0xfc, 0xfb, 0xfb, 0xff, 0xff, 0xfd, 0xfc, 0xff,
  0xfd, 0xfd, 0xfb, 0xfa, 0xf9, 0xfb, 0xf9, 0xfd, 0x00, 0x00, 0x00, 0x00, 0x00, 0x00, 0x00, 0x00,
  0x00, 0x00, 0x00, 0x00, 0x00, 0x00, 0x00, 0x00, 0x00, 0x00, 0x00, 0x00, 0x00, 0x00, 0x00, 0x00,
  0x00, 0x00, 0x00, 0x00, 0x00, 0x02, 0x00, 0x01, 0x00, 0x00, 0x06, 0x07, 0x08, 0x15, 0x19, 0x35,
  0x6a, 0xbf, 0xf6, 0xdd, 0xe7, 0xf8, 0xfa, 0xfb, 0xfd, 0xfa, 0xfd, 0xfc, 0xfa, 0xfe, 0xfc, 0xff,
  0xfd, 0xfe, 0xfd, 0xfe, 0xff, 0xff, 0xfd, 0xfd, 0xff, 0xfe, 0xfd, 0xfc, 0xff, 0xff, 0xfd, 0xfe,
  0xfd, 0xfc, 0xfd, 0xfb, 0xfe, 0xed, 0xf2, 0xe0, 0xce, 0xb4, 0x85, 0x91, 0x44, 0x36, 0x31, 0x83,
  0x7d, 0x5e, 0x39, 0x09, 0x00, 0x01, 0x02, 0x01, 0x01, 0x00, 0x05, 0x16, 0x19, 0x16, 0x06, 0x0a,
  0x11, 0x14, 0x0a, 0x4f, 0x9c, 0x2b, 0x01, 0x12, 0x28, 0x5a, 0x06, 0x27, 0x4a, 0x50, 0x04, 0x06,
  0x0f, 0x0e, 0x04, 0x04, 0x19, 0x98, 0x58, 0x03, 0x04, 0x00, 0x00, 0x00, 0x05, 0x0b, 0x0b, 0x0e,
  0x0a, 0x06, 0x0a, 0x01, 0x0c, 0x00, 0x00, 0x02, 0x01, 0x00, 0x00, 0x02, 0x0d, 0x07, 0x03, 0x16,
  0x23, 0x3c, 0xe8, 0xff, 0xf1, 0xf8, 0xf1, 0xbb, 0xdd, 0xc9, 0xbd, 0xcb, 0xcf, 0xfd, 0xfa, 0xfa,
  0xfe, 0xfc, 0xff, 0xfb, 0xfd, 0xff, 0xfe, 0xff, 0xff, 0xfd, 0xfd, 0xfd, 0xff, 0xff, 0xfc, 0xff,
  0xff, 0xfc, 0xff, 0xfe, 0xff, 0xff, 0xfd, 0xff, 0xfc, 0xfd, 0xfb, 0xfb, 0xfc, 0xfd, 0xfd, 0xfe,
  0x00, 0x00, 0x00, 0x00, 0x00, 0x00, 0x00, 0x00, 0x00, 0x00, 0x00, 0x00, 0x00, 0x00, 0x00, 0x00,
  0x00, 0x00, 0x00, 0x00, 0x00, 0x00, 0x00, 0x00, 0x00, 0x00, 0x00, 0x00, 0x02, 0x00, 0x00, 0x00,
  0x01, 0x01, 0x01, 0x01, 0x08, 0x21, 0x43, 0x96, 0xcc, 0xce, 0x83, 0x8b, 0xbd, 0xf7, 0xee, 0xe6,
  0xf8, 0xf5, 0xfb, 0xf9, 0xfe, 0xfb, 0xfc, 0xfd, 0xff, 0xff, 0xfc, 0xfc, 0xff, 0xff, 0xff, 0xfd,
  0xfe, 0xfe, 0xfd, 0xfe, 0xff, 0xff, 0xfd, 0xfc, 0xfd, 0xfe, 0xfc, 0xfc, 0xff, 0xf7, 0xf5, 0xf3,
  0xec, 0xe3, 0xbf, 0xe6, 0xd7, 0xdc, 0xc9, 0xb6, 0x6b, 0x44, 0x2d, 0x0d, 0x09, 0x0c, 0x0a, 0x08,
  0x0c, 0x07, 0x0d, 0x30, 0x29, 0x23, 0x20, 0x11, 0x15, 0x10, 0x26, 0xbe, 0xb1, 0x51, 0x2d, 0x20,
  0x24, 0x62, 0x2a, 0x25, 0x41, 0x80, 0x14, 0x09, 0x0c, 0x0e, 0x0b, 0x04, 0x13, 0x40, 0x65, 0x06,
  0x03, 0x01, 0x00, 0x01, 0x0b, 0x2f, 0x13, 0x05, 0x08, 0x11, 0x08, 0x08, 0x13, 0x02, 0x01, 0x00,
  0x01, 0x00, 0x00, 0x02, 0x04, 0x08, 0x0c, 0x03, 0x10, 0x01, 0x3f, 0xeb, 0xff, 0xec, 0xf2, 0xeb,
  0xf6, 0xe0, 0xe3, 0xf2, 0xe9, 0xfd, 0xfd, 0xfa, 0xff, 0xff, 0xff, 0xfd, 0xff, 0xff, 0xfd, 0xfe,
  0xfe, 0xff, 0xfc, 0xfc, 0xff, 0xff, 0xff, 0xfd, 0xff, 0xff, 0xfd, 0xff, 0xff, 0xfc, 0xfe, 0xf9,
  0xfd, 0xff, 0xfa, 0xfc, 0xff, 0xf9, 0xfc, 0xfa, 0x00, 0x00, 0x00, 0x00, 0x00, 0x00, 0x00, 0x00,
  0x00, 0x00, 0x00, 0x00, 0x00, 0x00, 0x00, 0x00, 0x00, 0x00, 0x00, 0x00, 0x00, 0x00, 0x00, 0x00,
  0x00, 0x00, 0x00, 0x00, 0x00, 0x00, 0x00, 0x00, 0x01, 0x02, 0x06, 0x0a, 0x37, 0x8d, 0x7b, 0x82,
  0x7b, 0x46, 0x4d, 0x6d, 0x73, 0xb8, 0x82, 0xd6, 0xf5, 0xe4, 0xe3, 0xcc, 0xe1, 0xfc, 0xfa, 0xff,
  0xfe, 0xfd, 0xff, 0xfe, 0xfe, 0xfe, 0xfd, 0xff, 0xfe, 0xfe, 0xff, 0xfe, 0xfd, 0xfe, 0xfc, 0xff,
  0xfd, 0xfd, 0xfe, 0xfc, 0xfe, 0xf2, 0xf6, 0xfd, 0xec, 0xf0, 0xef, 0xda, 0xd0, 0xec, 0xe1, 0x84,
  0x36, 0x3d, 0x25, 0x33, 0x13, 0x1d, 0x06, 0x02, 0x0e, 0x19, 0x1b, 0x17, 0x4e, 0x23, 0x22, 0x20,
  0x15, 0x17, 0x94, 0xe6, 0xdc, 0x95, 0x52, 0x28, 0x25, 0xa3, 0x43, 0x06, 0x5b, 0xa9, 0x4f, 0x37,
  0x0f, 0x01, 0x05, 0x01, 0x02, 0x59, 0x8f, 0x3d, 0x01, 0x06, 0x0a, 0x04, 0x0e, 0x48, 0x18, 0x0c,
  0x13, 0x0e, 0x09, 0x0e, 0x03, 0x03, 0x04, 0x02, 0x02, 0x01, 0x01, 0x00, 0x00, 0x12, 0x0e, 0x08,
  0x1f, 0x2a, 0x22, 0x43, 0xe5, 0xeb, 0xfc, 0xfc, 0xf5, 0xf4, 0xf9, 0xf4, 0xef, 0xff, 0xfc, 0xfe,
  0xff, 0xfd, 0xfb, 0xfd, 0xfd, 0xfe, 0xff, 0xff, 0xff, 0xfd, 0xfd, 0xfa, 0xfe, 0xff, 0xfc, 0xff,
  0xff, 0xff, 0xff, 0xff, 0xfe, 0xfb, 0xfd, 0xfb, 0xfc, 0xf8, 0xfd, 0xfc, 0xfb, 0xf9, 0xf4, 0xf6,
  0x00, 0x00, 0x00, 0x00, 0x00, 0x00, 0x00, 0x00, 0x00, 0x00, 0x00, 0x00, 0x00, 0x00, 0x00, 0x00,
  0x00, 0x00, 0x00, 0x00, 0x00, 0x00, 0x00, 0x00, 0x00, 0x01, 0x00, 0x00, 0x00, 0x02, 0x02, 0x02,
  0x01, 0x08, 0x22, 0x3e, 0x87, 0x66, 0x29, 0x0d, 0x0d, 0x2d, 0x46, 0x50, 0x44, 0x22, 0x36, 0x6e,
  0xb8, 0xb9, 0x9b, 0xb5, 0xca, 0xf9, 0xfb, 0xff, 0xfd, 0xff, 0xff, 0xff, 0xff, 0xfe, 0xfe, 0xff,
  0xfb, 0xff, 0xff, 0xff, 0xfe, 0xfd, 0xfe, 0xff, 0xfe, 0xff, 0xfb, 0xfe, 0xfd, 0xfa, 0xff, 0xf5,
  0xfb, 0xf0, 0xee, 0xef, 0xf7, 0xd8, 0xdf, 0x9b, 0x7d, 0x7c, 0x56, 0x34, 0x31, 0x7b, 0x10, 0x10,
  0x17, 0x1d, 0x17, 0x20, 0x37, 0x4f, 0x41, 0x26, 0x26, 0x75, 0xea, 0xdb, 0x9b, 0xac, 0x88, 0x3f,
  0x99, 0xde, 0x5c, 0x15, 0x85, 0xa0, 0x85, 0x7f, 0x28, 0x07, 0x1c, 0x06, 0x03, 0x5d, 0x9f, 0xa9,
  0x31, 0x02, 0x0e, 0x17, 0x22, 0x54, 0x25, 0x11, 0x0a, 0x0b, 0x04, 0x14, 0x05, 0x04, 0x06, 0x06,
  0x05, 0x03, 0x06, 0x01, 0x00, 0x28, 0x0e, 0x0c, 0x0d, 0x2b, 0x22, 0x5a, 0xda, 0xea, 0xff, 0xfb,
  0xfa, 0xf8, 0xfc, 0xff, 0xf7, 0xfd, 0xff, 0xfe, 0xfc, 0xfe, 0xfc, 0xfd, 0xfe, 0xfe, 0xff, 0xff,
  0xfe, 0xff, 0xff, 0xff, 0xff, 0xff, 0xff, 0xff, 0xff, 0xff, 0xff, 0xff, 0xff, 0xfc, 0xfd, 0xfb,
  0xf1, 0xe5, 0xf2, 0xfc, 0xfb, 0xfe, 0xf9, 0xe9, 0x00, 0x00, 0x00, 0x00, 0x00, 0x00, 0x00, 0x00,
  0x00, 0x00, 0x00, 0x00, 0x00, 0x00, 0x00, 0x00, 0x00, 0x00, 0x00, 0x00, 0x00, 0x00, 0x00, 0x00,
  0x00, 0x00, 0x00, 0x00, 0x00, 0x00, 0x00, 0x00, 0x03, 0x06, 0x0f, 0x25, 0x16, 0x5b, 0x31, 0x12,
  0x1c, 0x2d, 0x61, 0x56, 0x35, 0x33, 0x49, 0x5f, 0x6b, 0x97, 0xb5, 0xe3, 0xe1, 0xfa, 0xf3, 0xf7,
  0xfb, 0xf7, 0xff, 0xfa, 0xff, 0xfe, 0xfc, 0xfa, 0xff, 0xfa, 0xfd, 0xfb, 0xfc, 0xff, 0xfe, 0xfd,
  0xfd, 0xfc, 0xfe, 0xfa, 0xfd, 0xfe, 0xfb, 0xfa, 0xfd, 0xf9, 0xfb, 0xef, 0xf7, 0xf3, 0xe1, 0xc8,
  0x6c, 0xa7, 0x7c, 0x39, 0x50, 0x3b, 0x24, 0x2e, 0x1d, 0x19, 0x27, 0x27, 0x25, 0x2c, 0x24, 0x49,
  0xca, 0xef, 0xe7, 0x9e, 0x94, 0x5f, 0x41, 0x36, 0x67, 0xd1, 0xda, 0x6f, 0xac, 0xdc, 0x49, 0x6b,
  0x3e, 0x15, 0x35, 0x36, 0x0c, 0x34, 0x6c, 0xad, 0x4e, 0x1e, 0x1d, 0x17, 0x42, 0x2f, 0x1f, 0x0d,
  0x0b, 0x06, 0x11, 0x12, 0x06, 0x0d, 0x05, 0x06, 0x10, 0x04, 0x06, 0x06, 0x07, 0x18, 0x14, 0x18,
  0x15, 0x4b, 0x9d, 0xcf, 0xd3, 0xf3, 0xf5, 0xf8, 0xfd, 0xf9, 0xff, 0xfb, 0xfe, 0xfe, 0xfb, 0xfb,
  0xfe, 0xfc, 0xff, 0xfb, 0xfb, 0xff, 0xfd, 0xfc, 0xfd, 0xfb, 0xfd, 0xfd, 0xfd, 0xff, 0xfc, 0xf8,
  0xfc, 0xfa, 0xfc, 0xfc, 0xfd, 0xff, 0xfd, 0xfa, 0xf8, 0xf3, 0xfb, 0xe9, 0xed, 0xff, 0xf3, 0xe7,
  0x00, 0x00, 0x00, 0x00, 0x00, 0x00, 0x00, 0x00, 0x00, 0x00, 0x00, 0x00, 0x00, 0x00, 0x00, 0x00,
  0x00, 0x00, 0x00, 0x00, 0x00, 0x00, 0x00, 0x00, 0x00, 0x00, 0x00, 0x00, 0x00, 0x00, 0x00, 0x00,
  0x09, 0x11, 0x10, 0x08, 0x0b, 0x0a, 0x06, 0x03, 0x15, 0x24, 0x31, 0x30, 0x23, 0x25, 0x33, 0x34,
  0x3c, 0x62, 0x88, 0xb2, 0xcc, 0xec, 0xee, 0xf2, 0xfa, 0xf9, 0xfe, 0xff, 0xff, 0xfd, 0xfd, 0xfe,
  0xfb, 0xfc, 0xfc, 0xfd, 0xfe, 0xfd, 0xfc, 0xfe, 0xfd, 0xff, 0xfe, 0xff, 0xfd, 0xff, 0xfc, 0xfc,
  0xfe, 0xfb, 0xfc, 0xf8, 0xf5, 0xe0, 0xd0, 0xaa, 0xb4, 0xe7, 0xbe, 0xa4, 0x70, 0x55, 0x49, 0x37,
  0x2b, 0x41, 0x39, 0x3b, 0x37, 0x28, 0x55, 0xb1, 0xed, 0xfa, 0xd9, 0xad, 0x8e, 0x4b, 0x31, 0x36,
  0xc8, 0xee, 0xe8, 0xba, 0xe9, 0xdd, 0x40, 0x81, 0x52, 0x2e, 0x2c, 0x3c, 0x19, 0x10, 0x4d, 0xac,
  0x41, 0x2b, 0x4b, 0x2a, 0x3c, 0x12, 0x16, 0x1b, 0x0b, 0x0a, 0x03, 0x0f, 0x1a, 0x03, 0x05, 0x06,
  0x09, 0x0d, 0x09, 0x19, 0x09, 0x13, 0x16, 0x2a, 0x4b, 0xc7, 0xef, 0xef, 0xf1, 0xf7, 0xfa, 0xf6,
  0xfc, 0xfb, 0xfb, 0xfc, 0xfd, 0xfe, 0xfd, 0xfd, 0xfe, 0xfd, 0xfd, 0xfe, 0xfe, 0xfe, 0xfd, 0xfe,
  0xfd, 0xfe, 0xfd, 0xfe, 0xff, 0xfe, 0xfb, 0xfc, 0xfe, 0xfb, 0xfc, 0xfc, 0xfc, 0xf8, 0xff, 0xfb,
  0xf8, 0xea, 0xd1, 0xdf, 0xf2, 0xf8, 0xf8, 0xd8, 0x00, 0x00, 0x00, 0x00, 0x00, 0x00, 0x00, 0x00,
  0x00, 0x00, 0x00, 0x00, 0x00, 0x00, 0x00, 0x00, 0x00, 0x00, 0x00, 0x00, 0x00, 0x00, 0x00, 0x00,
  0x00, 0x00, 0x00, 0x00, 0x00, 0x00, 0x01, 0x06, 0x0d, 0x16, 0x0e, 0x07, 0x05, 0x05, 0x06, 0x02,
  0x0c, 0x1d, 0x1b, 0x16, 0x21, 0x16, 0x1b, 0x36, 0x35, 0x4d, 0x69, 0x96, 0xc8, 0xd2, 0xd7, 0xe1,
  0xf3, 0xfd, 0xfd, 0xfe, 0xff, 0xff, 0xfe, 0xfd, 0xfe, 0xfd, 0xfd, 0xfe, 0xfb, 0xfe, 0xfd, 0xfc,
  0xfe, 0xfb, 0xfe, 0xfc, 0xfc, 0xff, 0xfd, 0xfd, 0xfb, 0xfb, 0xfd, 0xfc, 0xf8, 0xf1, 0xef, 0xc4,
  0xe2, 0xe7, 0xc7, 0xd8, 0xbb, 0x7d, 0x6c, 0x8d, 0x6b, 0x93, 0x7e, 0x88, 0x91, 0xb6, 0xf0, 0xf5,
  0xfb, 0xf9, 0xe8, 0xca, 0xdc, 0x79, 0x43, 0xa8, 0xe8, 0xc7, 0xe8, 0xce, 0xf3, 0xf0, 0x6b, 0x9f,
  0x5a, 0x34, 0x38, 0x2e, 0x2f, 0x21, 0x79, 0x9e, 0x3f, 0x2e, 0x73, 0x53, 0x08, 0x14, 0x14, 0x20,
  0x0d, 0x10, 0x0a, 0x31, 0x3b, 0x14, 0x08, 0x0a, 0x0d, 0x08, 0x02, 0x04, 0x19, 0x26, 0x6c, 0xd6,
  0xe9, 0xf6, 0xf8, 0xf3, 0xfa, 0xf9, 0xfd, 0xfd, 0xfd, 0xfc, 0xfd, 0xfd, 0xfb, 0xfe, 0xff, 0xfc,
  0xff, 0xfa, 0xfd, 0xfe, 0xfc, 0xff, 0xff, 0xfc, 0xfe, 0xfc, 0xff, 0xfd, 0xfd, 0xfe, 0xfc, 0xfb,
  0xfc, 0xf8, 0xfc, 0xfd, 0xfc, 0xfa, 0xfd, 0xff, 0xfc, 0xe7, 0xb2, 0xdf, 0xe3, 0xec, 0xda, 0xe0,
  0x00, 0x00, 0x00, 0x00, 0x00, 0x00, 0x00, 0x00, 0x00, 0x00, 0x00, 0x00, 0x00, 0x00, 0x00, 0x00,
  0x00, 0x00, 0x00, 0x00, 0x00, 0x00, 0x00, 0x00, 0x00, 0x00, 0x00, 0x01, 0x03, 0x00, 0x0d, 0x1c,
  0x0f, 0x05, 0x09, 0x04, 0x03, 0x02, 0x0a, 0x02, 0x06, 0x0c, 0x11, 0x08, 0x1d, 0x17, 0x20, 0x1f,
  0x23, 0x28, 0x58, 0x68, 0x88, 0x8b, 0x9d, 0xc9, 0xe4, 0xf1, 0xf6, 0xfd, 0xff, 0xfd, 0xfd, 0xfe,
  0xff, 0xff, 0xfe, 0xff, 0xfc, 0xfd, 0xfd, 0xfd, 0xff, 0xfe, 0xfa, 0xff, 0xff, 0xfd, 0xfe, 0xfc,
  0xfe, 0xff, 0xfe, 0xfc, 0xf9, 0xf9, 0xfe, 0xe7, 0xec, 0xed, 0xec, 0xbc, 0xb7, 0xeb, 0xce, 0xce,
  0xda, 0xd2, 0xda, 0xe4, 0xf4, 0xfa, 0xf9, 0xf7, 0xff, 0xf9, 0xf5, 0xf5, 0xe8, 0x6d, 0x65, 0xdb,
  0xfd, 0xf9, 0xeb, 0xae, 0xe6, 0xd8, 0x7d, 0xb8, 0x75, 0x1f, 0x2c, 0x1b, 0x31, 0x3b, 0xa3, 0x96,
  0x5e, 0x2f, 0x42, 0x4b, 0x22, 0x1f, 0x2e, 0x51, 0x42, 0x1d, 0x12, 0x1b, 0x1b, 0x17, 0x0a, 0x04,
  0x0c, 0x15, 0x13, 0x35, 0xc1, 0xe4, 0xea, 0xfc, 0xfe, 0xf4, 0xf8, 0xf9, 0xfa, 0xfa, 0xfe, 0xfc,
  0xff, 0xfe, 0xfd, 0xff, 0xfd, 0xfe, 0xfc, 0xfe, 0xff, 0xfd, 0xfb, 0xff, 0xfd, 0xff, 0xfe, 0xfe,
  0xff, 0xff, 0xfc, 0xff, 0xff, 0xfd, 0xfb, 0xfb, 0xfd, 0xfd, 0xfb, 0xfc, 0xff, 0xfd, 0xff, 0xfb,
  0xf8, 0xed, 0xb1, 0xac, 0xb0, 0xd9, 0x78, 0xa3, 0x00, 0x00, 0x00, 0x00, 0x00, 0x00, 0x00, 0x00,
  0x00, 0x00, 0x00, 0x00, 0x00, 0x00, 0x00, 0x00, 0x00, 0x00, 0x00, 0x00, 0x00, 0x00, 0x00, 0x00,
  0x00, 0x00, 0x00, 0x00, 0x01, 0x12, 0x1b, 0x0a, 0x04, 0x00, 0x04, 0x02, 0x03, 0x06, 0x04, 0x01,
  0x11, 0x02, 0x0c, 0x09, 0x35, 0x0d, 0x10, 0x14, 0x2f, 0x1a, 0x2e, 0x40, 0x46, 0x83, 0x7b, 0x94,
  0xde, 0xe7, 0xf3, 0xf5, 0xfb, 0xfe, 0xfe, 0xfe, 0xfb, 0xff, 0xfd, 0xff, 0xfe, 0xfe, 0xfe, 0xfd,
  0xfd, 0xff, 0xfc, 0xfd, 0xfe, 0xfd, 0xfd, 0xfc, 0xfc, 0xfd, 0xfa, 0xfb, 0xfb, 0xf9, 0xfc, 0xfa,
  0xeb, 0xf2, 0xf5, 0xed, 0xf1, 0xfd, 0xe5, 0xe0, 0xe2, 0xc2, 0xef, 0xfc, 0xfd, 0xf6, 0xfe, 0xfe,
  0xfc, 0xff, 0xfd, 0xf4, 0xf0, 0xc4, 0xaf, 0xf7, 0xf6, 0xf4, 0xeb, 0xec, 0xeb, 0xfe, 0xbe, 0x87,
  0x68, 0x3d, 0x47, 0x35, 0x1e, 0x62, 0xac, 0xb2, 0x5a, 0x43, 0x42, 0x3a, 0x68, 0x33, 0x4f, 0x48,
  0x48, 0x47, 0x20, 0x4a, 0x43, 0x22, 0x1d, 0x1c, 0x5d, 0x8d, 0xd3, 0xe3, 0xf1, 0xfa, 0xfd, 0xfd,
  0xf7, 0xf9, 0xf7, 0xf5, 0xfd, 0xfb, 0xfd, 0xfc, 0xfd, 0xfd, 0xfa, 0xfd, 0xfd, 0xff, 0xfe, 0xff,
  0xfd, 0xfe, 0xfc, 0xfe, 0xfe, 0xfe, 0xfd, 0xfd, 0xfd, 0xff, 0xfb, 0xff, 0xff, 0xfb, 0xfc, 0xfc,
  0xfc, 0xfc, 0xf9, 0xfc, 0xfb, 0xff, 0xfe, 0xf7, 0xf4, 0xf2, 0xce, 0xa2, 0x8b, 0xa2, 0x83, 0xa8,
  0x00, 0x00, 0x00, 0x00, 0x00, 0x00, 0x00, 0x00, 0x00, 0x00, 0x00, 0x00, 0x00, 0x00, 0x00, 0x00,
  0x00, 0x00, 0x00, 0x00, 0x00, 0x00, 0x00, 0x00, 0x00, 0x00, 0x00, 0x00, 0x02, 0x0c, 0x0f, 0x06,
  0x02, 0x00, 0x00, 0x01, 0x00, 0x03, 0x02, 0x03, 0x02, 0x00, 0x00, 0x03, 0x1c, 0x14, 0x0f, 0x10,
  0x2a, 0x1f, 0x2b, 0x40, 0x3c, 0x6c, 0xa6, 0xdb, 0xde, 0xe6, 0xeb, 0xf9, 0xfa, 0xfe, 0xff, 0xfd,
  0xfd, 0xff, 0xfb, 0xfc, 0xfe, 0xfe, 0xfe, 0xfb, 0xfb, 0xff, 0xfc, 0xfd, 0xfc, 0xfd, 0xfc, 0xfc,
  0xfd, 0xfd, 0xfb, 0xfa, 0xfb, 0xff, 0xfe, 0xfc, 0xf5, 0xf9, 0xf8, 0xfb, 0xfc, 0xfd, 0xfa, 0xf4,
  0xe0, 0xf5, 0xfa, 0xf9, 0xfc, 0xff, 0xff, 0xfa, 0xfc, 0xfd, 0xfb, 0xf9, 0xf6, 0xf3, 0xfc, 0xfc,
  0xfa, 0xef, 0xf5, 0xfa, 0xf5, 0xea, 0xf0, 0xb0, 0x84, 0x48, 0x46, 0x36, 0x2e, 0xa2, 0xd0, 0xd3,
  0xac, 0x78, 0x69, 0x82, 0xa9, 0x5b, 0x74, 0x7d, 0x74, 0x84, 0x4e, 0x3d, 0x4d, 0x41, 0x3d, 0xa3,
  0xdf, 0xf2, 0xf4, 0xf2, 0xf3, 0xf8, 0xfa, 0xfd, 0xfb, 0xfc, 0xfa, 0xfa, 0xfb, 0xfe, 0xfd, 0xfb,
  0xfb, 0xfc, 0xfd, 0xfd, 0xfd, 0xfe, 0xfd, 0xfd, 0xfa, 0xfe, 0xfa, 0xfd, 0xfd, 0xfe, 0xfe, 0xfe,
  0xfd, 0xff, 0xfd, 0xfd, 0xfe, 0xfe, 0xfd, 0xfa, 0xf9, 0xf8, 0xf0, 0xed, 0xe3, 0xf1, 0xfa, 0xf1,
  0xea, 0xd8, 0xbe, 0x95, 0x46, 0x78, 0x88, 0x75, 0x00, 0x00, 0x00, 0x00, 0x00, 0x00, 0x00, 0x00,
  0x00, 0x00, 0x00, 0x00, 0x00, 0x00, 0x00, 0x00, 0x00, 0x00, 0x00, 0x00, 0x00, 0x00, 0x00, 0x00,
  0x00, 0x00, 0x00, 0x00, 0x0e, 0x08, 0x06, 0x0e, 0x01, 0x04, 0x00, 0x00, 0x01, 0x00, 0x00, 0x01,
  0x00, 0x00, 0x08, 0x00, 0x0b, 0x0a, 0x08, 0x1a, 0x29, 0x16, 0x24, 0x2f, 0x4c, 0x53, 0x74, 0xe1,
  0xbf, 0xd7, 0xf2, 0xf9, 0xf7, 0xfa, 0xfd, 0xfa, 0xfd, 0xff, 0xff, 0xff, 0xff, 0xfd, 0xfd, 0xfc,
  0xfd, 0xfd, 0xfc, 0xfd, 0xfe, 0xfc, 0xfc, 0xfc, 0xfe, 0xfb, 0xfd, 0xfc, 0xfd, 0xff, 0xfb, 0xfd,
  0xf9, 0xf9, 0xfb, 0xf5, 0xfc, 0xff, 0xff, 0xfa, 0xfa, 0xff, 0xf9, 0xfa, 0xfd, 0xfb, 0xfc, 0xf8,
  0xf7, 0xff, 0xfb, 0xf9, 0xf8, 0xf4, 0xfa, 0xf4, 0xf8, 0xf9, 0xf7, 0xf6, 0xf7, 0xf3, 0xf4, 0xd4,
  0xb2, 0x70, 0x56, 0x51, 0x64, 0xb1, 0xce, 0xe0, 0xef, 0xd8, 0xdd, 0xc9, 0xdf, 0xa3, 0x86, 0xaa,
  0x93, 0x8d, 0xa2, 0x9b, 0xbe, 0xc2, 0xae, 0xd3, 0xee, 0xfb, 0xfc, 0xf4, 0xf8, 0xfb, 0xfb, 0xf9,
  0xfb, 0xfd, 0xff, 0xfb, 0xfe, 0xfa, 0xfd, 0xfc, 0xfd, 0xfd, 0xfd, 0xfc, 0xfe, 0xfe, 0xfd, 0xfd,
  0xfc, 0xfe, 0xfc, 0xfb, 0xff, 0xfc, 0xfc, 0xfc, 0xfd, 0xff, 0xfe, 0xff, 0xff, 0xfb, 0xfb, 0xf8,
  0xf5, 0xf6, 0xee, 0xc4, 0x9d, 0xf4, 0xfb, 0xed, 0xda, 0xaf, 0xb8, 0xa7, 0x5c, 0x5d, 0x1e, 0x2c,
  0x00, 0x00, 0x00, 0x00, 0x00, 0x00, 0x00, 0x00, 0x00, 0x00, 0x00, 0x00, 0x00, 0x00, 0x00, 0x00,
  0x00, 0x00, 0x00, 0x00, 0x00, 0x00, 0x00, 0x00, 0x00, 0x00, 0x00, 0x00, 0x13, 0x03, 0x06, 0x00,
  0x00, 0x00, 0x00, 0x00, 0x00, 0x00, 0x02, 0x00, 0x00, 0x00, 0x01, 0x00, 0x01, 0x06, 0x09, 0x02,
  0x0c, 0x01, 0x18, 0x1f, 0x2d, 0x57, 0x44, 0x68, 0x45, 0x4c, 0xd7, 0xf5, 0xfc, 0xf7, 0xfe, 0xfe,
  0xfe, 0xfe, 0xff, 0xfc, 0xfd, 0xfd, 0xfd, 0xfd, 0xfd, 0xfe, 0xfe, 0xfe, 0xfc, 0xfa, 0xfc, 0xfc,
  0xfe, 0xfd, 0xfd, 0xfc, 0xf9, 0xfd, 0xfb, 0xfb, 0xfd, 0xff, 0xfd, 0xfd, 0xf7, 0xf9, 0xff, 0xff,
  0xf9, 0xf8, 0xfb, 0xf7, 0xf9, 0xfb, 0xfe, 0xf9, 0xfb, 0xfe, 0xfd, 0xfd, 0xf9, 0xf9, 0xf7, 0xf8,
  0xf3, 0xf6, 0xfe, 0xfb, 0xff, 0xf7, 0xec, 0xed, 0xeb, 0xd1, 0x87, 0xb3, 0xd4, 0xf3, 0xf0, 0xeb,
  0xef, 0xec, 0xf7, 0xf0, 0xfb, 0xd9, 0xee, 0xf5, 0xea, 0xe1, 0xf6, 0xed, 0xe3, 0xf4, 0xe1, 0xf6,
  0xfc, 0xff, 0xfc, 0xfc, 0xf8, 0xfa, 0xfd, 0xfb, 0xfc, 0xfe, 0xfe, 0xfd, 0xf9, 0xfb, 0xfc, 0xfb,
  0xfe, 0xfe, 0xff, 0xfc, 0xfc, 0xfe, 0xfe, 0xff, 0xfe, 0xff, 0xff, 0xfd, 0xfc, 0xfc, 0xfd, 0xfc,
  0xfe, 0xff, 0xff, 0xfd, 0xfe, 0xf8, 0xf6, 0xfb, 0xf8, 0xef, 0xe7, 0xab, 0xae, 0xce, 0xee, 0xf2,
  0xd3, 0x77, 0xac, 0x84, 0xae, 0x82, 0x31, 0x0e, 0x00, 0x00, 0x00, 0x00, 0x00, 0x00, 0x00, 0x00,
  0x00, 0x00, 0x00, 0x00, 0x00, 0x00, 0x00, 0x00, 0x00, 0x00, 0x00, 0x00, 0x00, 0x00, 0x00, 0x00,
  0x00, 0x00, 0x00, 0x49, 0xab, 0x00, 0x00, 0x00, 0x02, 0x00, 0x00, 0x00, 0x01, 0x02, 0x00, 0x00,
  0x00, 0x00, 0x00, 0x07, 0x03, 0x0f, 0x0d, 0x03, 0x1b, 0x11, 0x39, 0x9a, 0x73, 0x28, 0x43, 0x2a,
  0x2a, 0x4a, 0xac, 0xd8, 0xee, 0xfc, 0xfa, 0xfa, 0xfa, 0xfa, 0xfc, 0xff, 0xfb, 0xfe, 0xfd, 0xfb,
  0xfe, 0xfa, 0xfd, 0xfc, 0xfb, 0xfe, 0xfe, 0xfb, 0xfd, 0xfc, 0xfe, 0xfc, 0xfd, 0xfc, 0xfe, 0xfd,
  0xfe, 0xfb, 0xfc, 0xfd, 0xfc, 0xfe, 0xfd, 0xfc, 0xfe, 0xfc, 0xfe, 0xfd, 0xfb, 0xfe, 0xfd, 0xfd,
  0xfd, 0xfc, 0xfd, 0xfb, 0xfb, 0xfd, 0xff, 0xfc, 0xfd, 0xfa, 0xfb, 0xfa, 0xfa, 0xfb, 0xfb, 0xf5,
  0xf4, 0xe9, 0xe5, 0xf5, 0xed, 0xe9, 0xf7, 0xf6, 0xf7, 0xf7, 0xf4, 0xf7, 0xe5, 0xf8, 0xf9, 0xf5,
  0xf8, 0xf7, 0xfa, 0xf6, 0xf8, 0xfd, 0xfb, 0xf8, 0xfc, 0xfa, 0xf9, 0xfa, 0xfa, 0xfc, 0xfc, 0xfb,
  0xfd, 0xfb, 0xfd, 0xfc, 0xfc, 0xfc, 0xfe, 0xfc, 0xfc, 0xfc, 0xfd, 0xfd, 0xfc, 0xfe, 0xff, 0xfc,
  0xff, 0xfc, 0xff, 0xfd, 0xfd, 0xfe, 0xfe, 0xfb, 0xfd, 0xfa, 0xfd, 0xfc, 0xfd, 0xff, 0xed, 0xf6,
  0xf8, 0xf2, 0xde, 0xd6, 0xe4, 0xf0, 0xff, 0xef, 0xe8, 0xd8, 0x51, 0x67, 0x6b, 0xcc, 0x35, 0x0b,
  0x00, 0x00, 0x00, 0x00, 0x00, 0x00, 0x00, 0x00, 0x00, 0x00, 0x00, 0x00, 0x00, 0x00, 0x00, 0x00,
  0x00, 0x00, 0x00, 0x00, 0x00, 0x00, 0x00, 0x00, 0x00, 0x00, 0x00, 0x07, 0x14, 0x00, 0x00, 0x00,
  0x00, 0x00, 0x00, 0x00, 0x01, 0x00, 0x00, 0x00, 0x00, 0x00, 0x00, 0x01, 0x05, 0x3b, 0x1c, 0x0a,
  0x03, 0x0a, 0x35, 0x9a, 0x87, 0x75, 0x5d, 0x4c, 0xa7, 0xb3, 0xe8, 0xe7, 0xf3, 0xfc, 0xfb, 0xf9,
  0xf9, 0xfa, 0xfc, 0xfc, 0xfc, 0xfd, 0xfd, 0xfc, 0xfc, 0xfc, 0xfd, 0xfc, 0xfc, 0xfd, 0xfb, 0xfb,
  0xfa, 0xfc, 0xfd, 0xfc, 0xfd, 0xff, 0xfc, 0xfe, 0xfd, 0xfc, 0xfd, 0xfc, 0xfd, 0xfe, 0xfe, 0xfc,
  0xff, 0xfb, 0xfc, 0xfc, 0xfd, 0xfd, 0xfd, 0xfb, 0xfc, 0xfd, 0xfa, 0xf9, 0xfd, 0xfd, 0xfb, 0xfd,
  0xfd, 0xfc, 0xfa, 0xfc, 0xfd, 0xfc, 0xfb, 0xfc, 0xf8, 0xfb, 0xf5, 0xf9, 0xf6, 0xf9, 0xfa, 0xfb,
  0xfa, 0xfc, 0xfc, 0xfb, 0xfc, 0xfc, 0xfb, 0xfb, 0xfb, 0xfa, 0xfc, 0xfb, 0xfd, 0xfa, 0xfc, 0xfc,
  0xfa, 0xfc, 0xfa, 0xfc, 0xfc, 0xff, 0xfe, 0xfd, 0xfc, 0xfc, 0xfb, 0xfc, 0xfd, 0xfe, 0xfd, 0xfd,
  0xfd, 0xfb, 0xfc, 0xfd, 0xff, 0xfe, 0xfe, 0xff, 0xfe, 0xfd, 0xfc, 0xfb, 0xfe, 0xfc, 0xfd, 0xfd,
  0xfc, 0xfc, 0xfb, 0xfc, 0xfd, 0xff, 0xf6, 0xf8, 0xff, 0xf9, 0xf2, 0xda, 0xd0, 0x87, 0xd6, 0xdb,
  0xdd, 0xd5, 0xac, 0x63, 0x3f, 0x87, 0xb5, 0x42, 0x00, 0x00, 0x00, 0x00, 0x00, 0x00, 0x00, 0x00,
  0x00, 0x00, 0x00, 0x00, 0x00, 0x00, 0x00, 0x00, 0x00, 0x00, 0x00, 0x00, 0x00, 0x00, 0x00, 0x00,
  0x00, 0x00, 0x00, 0x00, 0x06, 0x00, 0x00, 0x00, 0x00, 0x00, 0x00, 0x00, 0x00, 0x00, 0x00, 0x00,
  0x00, 0x00, 0x00, 0x00, 0x00, 0x2b, 0x10, 0x0c, 0x01, 0x09, 0x2d, 0x7d, 0x87, 0x4e, 0x3d, 0x92,
  0xda, 0xd0, 0xe5, 0xd5, 0xe3, 0xfb, 0xfb, 0xfd, 0xfa, 0xfc, 0xfa, 0xfb, 0xfc, 0xff, 0xfc, 0xfd,
  0xff, 0xfc, 0xfd, 0xfd, 0xfc, 0xff, 0xfe, 0xfe, 0xfd, 0xfb, 0xfc, 0xfb, 0xfb, 0xfe, 0xfe, 0xfd,
  0xfd, 0xfa, 0xfe, 0xfd, 0xfd, 0xfd, 0xfe, 0xfd, 0xfe, 0xfa, 0xfe, 0xfe, 0xfc, 0xfe, 0xfe, 0xff,
  0xfd, 0xfb, 0xfd, 0xfb, 0xfc, 0xfc, 0xfe, 0xfd, 0xfd, 0xfa, 0xfd, 0xfe, 0xfc, 0xfd, 0xfb, 0xf9,
  0xfd, 0xfa, 0xfa, 0xfa, 0xf9, 0xfb, 0xfd, 0xfe, 0xfd, 0xfc, 0xfc, 0xfa, 0xfa, 0xfc, 0xfd, 0xfc,
  0xfc, 0xfb, 0xfb, 0xfc, 0xfd, 0xfc, 0xfc, 0xfe, 0xfc, 0xf9, 0xfd, 0xfc, 0xfb, 0xfd, 0xfe, 0xfd,
  0xfe, 0xf9, 0xfd, 0xfd, 0xfd, 0xfe, 0xff, 0xfd, 0xfd, 0xfa, 0xfb, 0xff, 0xfb, 0xfd, 0xfe, 0xfd,
  0xfe, 0xfb, 0xfd, 0xfd, 0xfc, 0xfa, 0xfd, 0xfe, 0xfc, 0xfc, 0xfd, 0xff, 0xfc, 0xf5, 0xf8, 0xf5,
  0xeb, 0xe8, 0xe4, 0xda, 0xd7, 0xaa, 0x73, 0x77, 0xd7, 0xd7, 0xc7, 0xad, 0x54, 0x1a, 0x82, 0xa7,
  0x00, 0x00, 0x00, 0x00, 0x00, 0x00, 0x00, 0x00, 0x00, 0x00, 0x00, 0x00, 0x00, 0x00, 0x00, 0x00,
  0x00, 0x00, 0x00, 0x00, 0x00, 0x00, 0x00, 0x00, 0x00, 0x00, 0x00, 0x00, 0x03, 0x01, 0x00, 0x00,
  0x00, 0x00, 0x00, 0x00, 0x00, 0x01, 0x00, 0x00, 0x00, 0x00, 0x00, 0x00, 0x01, 0x04, 0x08, 0x08,
  0x02, 0x03, 0x29, 0x52, 0x6b, 0x8c, 0x4b, 0x81, 0xb7, 0xab, 0xa9, 0xc2, 0xc1, 0xf1, 0xf6, 0xfd,
  0xf5, 0xf7, 0xfb, 0xfd, 0xfa, 0xff, 0xfc, 0xfc, 0xfe, 0xfd, 0xfc, 0xfc, 0xfb, 0xfe, 0xfd, 0xfc,
  0xff, 0xff, 0xfb, 0xfd, 0xff, 0xff, 0xfe, 0xfd, 0xff, 0xfe, 0xfd, 0xfe, 0xfe, 0xff, 0xfd, 0xfc,
  0xff, 0xfd, 0xfb, 0xff, 0xfe, 0xfd, 0xfd, 0xfd, 0xfd, 0xfd, 0xfe, 0xfd, 0xfc, 0xfe, 0xfe, 0xfd,
  0xfd, 0xfe, 0xfe, 0xfd, 0xfc, 0xfd, 0xfc, 0xfb, 0xfc, 0xfc, 0xf9, 0xfc, 0xfd, 0xfe, 0xfd, 0xfd,
  0xfe, 0xfd, 0xfd, 0xfc, 0xfc, 0xfe, 0xfc, 0xfd, 0xfd, 0xfd, 0xfc, 0xfc, 0xfd, 0xfc, 0xfd, 0xfb,
  0xfd, 0xfc, 0xfd, 0xfd, 0xfc, 0xff, 0xfd, 0xfb, 0xfe, 0xfe, 0xfa, 0xff, 0xfd, 0xff, 0xfe, 0xfc,
  0xfe, 0xfd, 0xfa, 0xfe, 0xfc, 0xff, 0xfd, 0xfb, 0xfe, 0xfd, 0xfd, 0xff, 0xfd, 0xff, 0xfd, 0xfb,
  0xfe, 0xfb, 0xfb, 0xfd, 0xfd, 0xf7, 0xf7, 0xfb, 0xe3, 0xb8, 0x54, 0x83, 0xc4, 0x9d, 0x5d, 0x47,
  0x57, 0x79, 0xab, 0xba, 0x72, 0x1a, 0x0e, 0x5f, 0x00, 0x00, 0x00, 0x00, 0x00, 0x00, 0x00, 0x00,
  0x00, 0x00, 0x00, 0x00, 0x00, 0x00, 0x00, 0x00, 0x00, 0x00, 0x00, 0x00, 0x00, 0x00, 0x00, 0x00,
  0x00, 0x00, 0x00, 0x00, 0x00, 0x00, 0x00, 0x00, 0x00, 0x00, 0x02, 0x00, 0x00, 0x01, 0x00, 0x00,
  0x00, 0x00, 0x00, 0x00, 0x00, 0x04, 0x00, 0x03, 0x01, 0x0e, 0x3e, 0x35, 0x54, 0x53, 0x67, 0x81,
  0x95, 0xb3, 0x6e, 0x64, 0x55, 0xca, 0xde, 0xfa, 0xf7, 0xf9, 0xfc, 0xfd, 0xfd, 0xff, 0xfd, 0xfe,
  0xfd, 0xfb, 0xfe, 0xfc, 0xfc, 0xff, 0xff, 0xff, 0xfe, 0xfd, 0xfe, 0xfd, 0xff, 0xfe, 0xfd, 0xfe,
  0xfd, 0xfe, 0xfe, 0xfd, 0xff, 0xff, 0xfe, 0xfd, 0xff, 0xfe, 0xff, 0xfd, 0xfd, 0xff, 0xfd, 0xfe,
  0xfc, 0xfe, 0xfd, 0xfd, 0xfe, 0xff, 0xfe, 0xfe, 0xfe, 0xfd, 0xfd, 0xfc, 0xfe, 0xfe, 0xfc, 0xfc,
  0xfd, 0xfa, 0xfc, 0xfd, 0xff, 0xfd, 0xfc, 0xfc, 0xfb, 0xfd, 0xfe, 0xfb, 0xfc, 0xfd, 0xfd, 0xfd,
  0xfd, 0xfd, 0xfe, 0xfc, 0xfe, 0xff, 0xfd, 0xfe, 0xfd, 0xfd, 0xff, 0xfc, 0xfe, 0xff, 0xfd, 0xff,
  0xfe, 0xfd, 0xfe, 0xfd, 0xff, 0xfd, 0xfd, 0xfe, 0xff, 0xfb, 0xfd, 0xfd, 0xfe, 0xff, 0xfd, 0xff,
  0xff, 0xfd, 0xfe, 0xff, 0xfe, 0xff, 0xfd, 0xff, 0xff, 0xfe, 0xfb, 0xfa, 0xfe, 0xf7, 0xf0, 0xdd,
  0xb4, 0x8b, 0x4e, 0x44, 0x82, 0x45, 0x7c, 0x47, 0x31, 0x2e, 0x66, 0x83, 0x91, 0x5a, 0x15, 0x14,
  0x00, 0x00, 0x00, 0x00, 0x00, 0x00, 0x00, 0x00, 0x00, 0x00, 0x00, 0x00, 0x00, 0x00, 0x00, 0x00,
  0x00, 0x00, 0x00, 0x00, 0x00, 0x00, 0x00, 0x00, 0x00, 0x00, 0x00, 0x00, 0x00, 0x00, 0x00, 0x00,
  0x00, 0x00, 0x00, 0x00, 0x06, 0x00, 0x00, 0x00, 0x00, 0x00, 0x00, 0x00, 0x01, 0x00, 0x01, 0x0d,
  0x0a, 0x18, 0x41, 0x34, 0x56, 0x44, 0x8d, 0x84, 0x37, 0x64, 0x47, 0x4f, 0x93, 0x6d, 0xe0, 0xf5,
  0xfc, 0xf9, 0xf8, 0xfd, 0xfb, 0xfd, 0xfe, 0xfb, 0xfe, 0xff, 0xfc, 0xfd, 0xfe, 0xfe, 0xff, 0xff,
  0xfc, 0xfe, 0xfb, 0xfc, 0xff, 0xfc, 0xfd, 0xfd, 0xfe, 0xff, 0xfc, 0xfb, 0xfd, 0xff, 0xfe, 0xfd,
  0xfe, 0xff, 0xfc, 0xfd, 0xfe, 0xff, 0xfe, 0xfe, 0xfd, 0xff, 0xfd, 0xfd, 0xfd, 0xfc, 0xfe, 0xfc,
  0xfe, 0xfe, 0xfd, 0xfc, 0xfe, 0xfd, 0xfc, 0xfc, 0xfc, 0xfe, 0xfc, 0xfb, 0xff, 0xfc, 0xfd, 0xfe,
  0xfd, 0xfd, 0xfc, 0xfc, 0xfe, 0xfe, 0xfd, 0xfd, 0xfc, 0xfd, 0xfd, 0xfd, 0xfe, 0xfd, 0xfe, 0xfd,
  0xfc, 0xfd, 0xfb, 0xfc, 0xfb, 0xfd, 0xfe, 0xfd, 0xfc, 0xfe, 0xfc, 0xfd, 0xfe, 0xfc, 0xfe, 0xff,
  0xfe, 0xfe, 0xfc, 0xfc, 0xff, 0xff, 0xfd, 0xfd, 0xfe, 0xfe, 0xfb, 0xfc, 0xfe, 0xff, 0xfc, 0xfd,
  0xfa, 0xfd, 0xf8, 0xf9, 0xfd, 0xec, 0xe0, 0xb8, 0x75, 0x8a, 0x7f, 0x3e, 0x36, 0x23, 0x43, 0x4c,
  0x3b, 0x2e, 0x1f, 0x1f, 0x9a, 0x96, 0x87, 0x62, 0x00, 0x00, 0x00, 0x00, 0x00, 0x00, 0x00, 0x00,
  0x00, 0x00, 0x00, 0x00, 0x00, 0x00, 0x00, 0x00, 0x00, 0x00, 0x00, 0x00, 0x00, 0x00, 0x00, 0x00,
  0x00, 0x00, 0x00, 0x00, 0x00, 0x00, 0x00, 0x00, 0x00, 0x05, 0x03, 0x0e, 0x46, 0x00, 0x00, 0x00,
  0x00, 0x00, 0x00, 0x00, 0x00, 0x00, 0x0b, 0x03, 0x0d, 0x68, 0x81, 0x4b, 0x6a, 0x35, 0x67, 0x5c,
  0x1e, 0x3b, 0x6e, 0x4d, 0x75, 0x45, 0xaf, 0xd6, 0xe4, 0xef, 0xf2, 0xf9, 0xfa, 0xfc, 0xfe, 0xfb,
  0xfd, 0xfd, 0xfd, 0xfc, 0xfe, 0xfd, 0xff, 0xfe, 0xfe, 0xfd, 0xff, 0xfe, 0xfe, 0xfe, 0xfd, 0xfd,
  0xfe, 0xfe, 0xff, 0xfe, 0xfd, 0xfe, 0xfd, 0xfd, 0xfe, 0xff, 0xff, 0xfc, 0xfe, 0xfd, 0xff, 0xfe,
  0xfd, 0xfc, 0xfe, 0xfc, 0xfd, 0xfd, 0xfe, 0xfe, 0xff, 0xfe, 0xfe, 0xfd, 0xfe, 0xfb, 0xfc, 0xfc,
  0xfc, 0xfd, 0xfe, 0xfc, 0xfc, 0xfb, 0xfc, 0xfd, 0xfe, 0xfd, 0xfe, 0xfc, 0xfc, 0xfe, 0xfd, 0xfe,
  0xfd, 0xfd, 0xfd, 0xfd, 0xff, 0xfc, 0xfc, 0xfd, 0xfd, 0xfc, 0xfc, 0xfd, 0xfd, 0xfd, 0xfd, 0xfd,
  0xfe, 0xfd, 0xfe, 0xfc, 0xfd, 0xfe, 0xfc, 0xfd, 0xff, 0xff, 0xff, 0xfd, 0xfe, 0xfc, 0xfc, 0xff,
  0xfe, 0xfe, 0xfd, 0xfe, 0xfe, 0xfd, 0xfc, 0xfc, 0xfe, 0xfb, 0xfe, 0xfd, 0xfa, 0xe3, 0xf2, 0xc6,
  0x76, 0x6e, 0x9d, 0x47, 0x2e, 0x17, 0x4c, 0xae, 0x88, 0x7e, 0x6e, 0x19, 0x1d, 0x91, 0xc2, 0xdc,
  0x00, 0x00, 0x00, 0x00, 0x00, 0x00, 0x00, 0x00, 0x00, 0x00, 0x00, 0x00, 0x00, 0x00, 0x00, 0x00,
  0x00, 0x00, 0x00, 0x00, 0x00, 0x00, 0x00, 0x00, 0x00, 0x00, 0x00, 0x00, 0x00, 0x00, 0x00, 0x00,
  0x04, 0x06, 0x0c, 0x27, 0x84, 0x00, 0x00, 0x00, 0x00, 0x00, 0x00, 0x00, 0x00, 0x00, 0x00, 0x06,
  0x36, 0x95, 0x9b, 0x3e, 0x46, 0x24, 0x40, 0x2b, 0x23, 0x31, 0x71, 0x4e, 0x30, 0x2f, 0x46, 0xbd,
  0xf2, 0xf7, 0xf5, 0xfa, 0xf9, 0xfa, 0xfd, 0xfd, 0xfd, 0xff, 0xff, 0xfe, 0xfc, 0xfd, 0xfe, 0xfe,
  0xfd, 0xfe, 0xff, 0xfc, 0xff, 0xfe, 0xfe, 0xfe, 0xfe, 0xfd, 0xff, 0xfe, 0xfd, 0xff, 0xff, 0xff,
  0xfe, 0xfe, 0xff, 0xff, 0xfe, 0xfe, 0xfe, 0xff, 0xff, 0xfe, 0xff, 0xfe, 0xfc, 0xfd, 0xfd, 0xfe,
  0xfe, 0xfe, 0xff, 0xfe, 0xff, 0xff, 0xfe, 0xff, 0xfe, 0xff, 0xfe, 0xfd, 0xfd, 0xff, 0xfd, 0xfe,
  0xff, 0xff, 0xff, 0xfd, 0xfc, 0xff, 0xff, 0xfe, 0xfe, 0xfd, 0xff, 0xff, 0xfb, 0xfd, 0xfd, 0xfd,
  0xfd, 0xfc, 0xfe, 0xfd, 0xfc, 0xff, 0xff, 0xfe, 0xfd, 0xfe, 0xff, 0xfd, 0xfe, 0xff, 0xfd, 0xff,
  0xff, 0xff, 0xff, 0xff, 0xfe, 0xfe, 0xfe, 0xfd, 0xff, 0xff, 0xff, 0xfe, 0xfd, 0xfd, 0xfe, 0xfe,
  0xfd, 0xff, 0xfe, 0xfc, 0xf4, 0xda, 0xc4, 0xc9, 0x4b, 0x47, 0x6b, 0x28, 0x26, 0x15, 0x61, 0xc4,
  0xd4, 0xb2, 0xcb, 0x93, 0x12, 0x23, 0x7c, 0xa3, 0x00, 0x00, 0x00, 0x00, 0x00, 0x00, 0x00, 0x00,
  0x00, 0x00, 0x00, 0x00, 0x00, 0x00, 0x00, 0x00, 0x00, 0x00, 0x00, 0x00, 0x00, 0x00, 0x00, 0x00,
  0x00, 0x00, 0x00, 0x00, 0x00, 0x00, 0x00, 0x00, 0x00, 0x00, 0x03, 0x2b, 0x54, 0x13, 0x09, 0x00,
  0x00, 0x00, 0x00, 0x00, 0x0c, 0x06, 0x09, 0x26, 0x2f, 0x7c, 0x97, 0x5b, 0x19, 0x30, 0x25, 0x35,
  0x3d, 0x32, 0x4f, 0x67, 0x58, 0x89, 0xce, 0xc9, 0xdc, 0xde, 0xfb, 0xf5, 0xf9, 0xfb, 0xfc, 0xf9,
  0xfb, 0xfa, 0xfc, 0xfb, 0xfc, 0xff, 0xff, 0xfb, 0xff, 0xfc, 0xfe, 0xfd, 0xfe, 0xfe, 0xff, 0xfc,
  0xff, 0xfb, 0xfe, 0xfa, 0xfc, 0xff, 0xff, 0xfc, 0xfe, 0xfc, 0xfe, 0xfc, 0xfe, 0xff, 0xff, 0xfc,
  0xff, 0xfc, 0xfd, 0xfa, 0xfe, 0xfe, 0xfe, 0xfc, 0xfd, 0xfa, 0xfb, 0xfb, 0xff, 0xff, 0xff, 0xfc,
  0xfe, 0xfa, 0xfe, 0xfa, 0xfd, 0xff, 0xff, 0xfd, 0xff, 0xfc, 0xfc, 0xfc, 0xfd, 0xff, 0xff, 0xfb,
  0xfd, 0xfa, 0xfc, 0xfa, 0xfc, 0xff, 0xff, 0xfd, 0xfd, 0xfb, 0xfc, 0xfc, 0xfe, 0xff, 0xff, 0xfc,
  0xfe, 0xfa, 0xfd, 0xfb, 0xfd, 0xff, 0xff, 0xfb, 0xff, 0xfb, 0xfd, 0xfc, 0xfb, 0xff, 0xff, 0xfc,
  0xff, 0xfc, 0xfa, 0xf8, 0xfa, 0xff, 0xff, 0xf9, 0xfc, 0xf7, 0xfd, 0xfa, 0xf6, 0xec, 0xf9, 0xdd,
  0x58, 0x66, 0x99, 0x4d, 0x19, 0x0b, 0x04, 0x05, 0x11, 0x5e, 0xa9, 0x84, 0x2b, 0x1a, 0x1b, 0x09,
  0x00, 0x00, 0x00, 0x00, 0x00, 0x00, 0x00, 0x00, 0x00, 0x00, 0x00, 0x00, 0x00, 0x00, 0x00, 0x00,
  0x00, 0x00, 0x00, 0x00, 0x00, 0x00, 0x00, 0x00, 0x00, 0x00, 0x00, 0x00, 0x00, 0x00, 0x00, 0x00,
  0x00, 0x00, 0x00, 0x00, 0x20, 0x06, 0x05, 0x00, 0x07, 0x00, 0x00, 0x16, 0x49, 0x39, 0x5e, 0x63,
  0x73, 0xc1, 0x8a, 0x3d, 0x11, 0x21, 0x45, 0x28, 0x33, 0x37, 0x4c, 0x26, 0x11, 0x76, 0xc0, 0xc5,
  0xe1, 0xc2, 0xea, 0xe3, 0xf3, 0xf9, 0xfa, 0xfa, 0xff, 0xf8, 0xfa, 0xfc, 0xfd, 0xfd, 0xfb, 0xfd,
  0xfe, 0xfd, 0xfc, 0xfc, 0xfd, 0xfd, 0xfd, 0xfe, 0xff, 0xfc, 0xfb, 0xfd, 0xfd, 0xfd, 0xfd, 0xfe,
  0xff, 0xfb, 0xfe, 0xfc, 0xfe, 0xfe, 0xfc, 0xfe, 0xfe, 0xfc, 0xfb, 0xfd, 0xfc, 0xfe, 0xfd, 0xfe,
  0xff, 0xfb, 0xfc, 0xfc, 0xfd, 0xfe, 0xfe, 0xfd, 0xff, 0xfc, 0xfc, 0xfe, 0xff, 0xfe, 0xfd, 0xfe,
  0xff, 0xfa, 0xfc, 0xfe, 0xfb, 0xfe, 0xfc, 0xfe, 0xfe, 0xfc, 0xfd, 0xfe, 0xfd, 0xfc, 0xfc, 0xff,
  0xfe, 0xfb, 0xfb, 0xfc, 0xff, 0xfd, 0xfc, 0xfd, 0xff, 0xfc, 0xfc, 0xfd, 0xfc, 0xfd, 0xfc, 0xfb,
  0xfe, 0xfc, 0xfb, 0xfc, 0xfb, 0xfd, 0xfe, 0xfe, 0xfe, 0xfa, 0xfd, 0xfb, 0xf6, 0xfc, 0xf4, 0xfa,
  0xff, 0xfe, 0xfc, 0xfa, 0xf7, 0xe2, 0xf0, 0xd9, 0x9d, 0x80, 0x76, 0x42, 0x27, 0x05, 0x01, 0x02,
  0x04, 0x12, 0x6d, 0x84, 0x68, 0x22, 0x06, 0x00, 0x00, 0x00, 0x00, 0x00, 0x00, 0x00, 0x00, 0x00,
  0x00, 0x00, 0x00, 0x00, 0x00, 0x00, 0x00, 0x00, 0x00, 0x00, 0x00, 0x00, 0x00, 0x00, 0x00, 0x00,
  0x00, 0x00, 0x00, 0x00, 0x00, 0x00, 0x00, 0x00, 0x00, 0x02, 0x00, 0x00, 0x1a, 0x00, 0x03, 0x00,
  0x03, 0x05, 0x0f, 0x72, 0xb3, 0xac, 0xb9, 0xa7, 0xac, 0x72, 0x1e, 0x11, 0x00, 0x4b, 0x35, 0x22,
  0x1e, 0x42, 0x47, 0x15, 0x1f, 0x75, 0x3d, 0x82, 0xba, 0xb1, 0xd4, 0xd5, 0xea, 0xf8, 0xf4, 0xf7,
  0xf9, 0xfb, 0xfb, 0xfc, 0xfa, 0xfb, 0xfd, 0xfc, 0xfd, 0xff, 0xfc, 0xfe, 0xfe, 0xff, 0xff, 0xfa,
  0xfb, 0xfd, 0xff, 0xfe, 0xfc, 0xff, 0xfe, 0xfb, 0xfc, 0xfb, 0xfe, 0xff, 0xfb, 0xff, 0xfe, 0xfd,
  0xfc, 0xfc, 0xfc, 0xfe, 0xfb, 0xfe, 0xff, 0xfc, 0xfb, 0xfe, 0xff, 0xff, 0xfb, 0xfe, 0xff, 0xfc,
  0xff, 0xfd, 0xff, 0xff, 0xfc, 0xfe, 0xfe, 0xfa, 0xfc, 0xfd, 0xff, 0xff, 0xfc, 0xfc, 0xff, 0xfb,
  0xfb, 0xfc, 0xfe, 0xff, 0xfc, 0xfe, 0xff, 0xfb, 0xfd, 0xfe, 0xfe, 0xff, 0xfd, 0xfc, 0xff, 0xfa,
  0xfd, 0xfd, 0xfe, 0xff, 0xfe, 0xfb, 0xfe, 0xfa, 0xfb, 0xfe, 0xff, 0xff, 0xfc, 0xfb, 0xfe, 0xf9,
  0xf8, 0xfd, 0xfb, 0xfd, 0xfd, 0xfb, 0xf9, 0xfa, 0xff, 0xfd, 0xfc, 0xff, 0xf7, 0xee, 0xe7, 0xd5,
  0x5b, 0x4e, 0x43, 0x28, 0x19, 0x02, 0x02, 0x00, 0x01, 0x07, 0x14, 0x31, 0x53, 0x37, 0x0a, 0x00,
  0x00, 0x00, 0x00, 0x00, 0x00, 0x00, 0x00, 0x00, 0x00, 0x00, 0x00, 0x00, 0x00, 0x00, 0x00, 0x00,
  0x00, 0x00, 0x00, 0x00, 0x00, 0x00, 0x00, 0x00, 0x00, 0x00, 0x00, 0x00, 0x00, 0x00, 0x00, 0x00,
  0x00, 0x00, 0x00, 0x00, 0x09, 0x00, 0x02, 0x09, 0x0b, 0x00, 0x10, 0x7d, 0xc0, 0xb3, 0xbf, 0x84,
  0x3e, 0x21, 0x06, 0x11, 0x0f, 0x10, 0x14, 0x11, 0x07, 0x16, 0x40, 0x14, 0x0c, 0x2f, 0x1e, 0x5b,
  0x4d, 0x75, 0xad, 0x94, 0xee, 0xf2, 0xe7, 0xf6, 0xfc, 0xf7, 0xf6, 0xfa, 0xfa, 0xfe, 0xff, 0xfc,
  0xff, 0xff, 0xfc, 0xff, 0xfd, 0xfe, 0xfe, 0xfd, 0xff, 0xff, 0xfd, 0xff, 0xfd, 0xff, 0xff, 0xfc,
  0xff, 0xfd, 0xfc, 0xfe, 0xfe, 0xfe, 0xff, 0xfe, 0xff, 0xfe, 0xfe, 0xff, 0xfd, 0xfe, 0xfe, 0xfd,
  0xff, 0xff, 0xfd, 0xff, 0xfc, 0xff, 0xff, 0xff, 0xff, 0xfd, 0xfd, 0xff, 0xfd, 0xff, 0xff, 0xff,
  0xff, 0xfd, 0xfc, 0xff, 0xfd, 0xfd, 0xff, 0xfc, 0xff, 0xff, 0xfd, 0xff, 0xff, 0xff, 0xfe, 0xfd,
  0xff, 0xff, 0xfc, 0xff, 0xff, 0xfe, 0xff, 0xfd, 0xff, 0xfe, 0xfe, 0xff, 0xfe, 0xfe, 0xfb, 0xfe,
  0xff, 0xfe, 0xfd, 0xff, 0xfd, 0xfa, 0xfa, 0xfb, 0xfe, 0xff, 0xf7, 0xf7, 0xf9, 0xfb, 0xf4, 0xfa,
  0xfe, 0xfd, 0xfe, 0xfb, 0xfc, 0xf4, 0xd5, 0xee, 0xc2, 0x60, 0x2f, 0x37, 0x29, 0x09, 0x00, 0x02,
  0x03, 0x17, 0x03, 0x0b, 0x12, 0x07, 0x04, 0x00, 0x00, 0x00, 0x00, 0x00, 0x00, 0x00, 0x00, 0x00,
  0x00, 0x00, 0x00, 0x00, 0x00, 0x00, 0x00, 0x00, 0x00, 0x00, 0x00, 0x00, 0x00, 0x00, 0x00, 0x00,
  0x00, 0x00, 0x00, 0x00, 0x00, 0x00, 0x00, 0x00, 0x00, 0x00, 0x00, 0x00, 0x00, 0x00, 0x00, 0x07,
  0x09, 0x00, 0x0c, 0x1f, 0x90, 0x4d, 0x2a, 0x13, 0x11, 0x20, 0x0c, 0x01, 0x02, 0x00, 0x01, 0x04,
  0x00, 0x0f, 0x17, 0x09, 0x03, 0x24, 0x11, 0x10, 0x3b, 0xa0, 0xd8, 0xb0, 0xe8, 0xe9, 0xe6, 0xe8,
  0xf6, 0xf7, 0xf8, 0xfc, 0xf3, 0xf9, 0xfd, 0xfd, 0xfd, 0xfd, 0xfc, 0xfe, 0xfd, 0xfd, 0xfb, 0xfb,
  0xfe, 0xfd, 0xfb, 0xfe, 0xfe, 0xff, 0xfe, 0xfd, 0xfd, 0xfe, 0xfc, 0xfd, 0xfd, 0xfe, 0xfd, 0xfc,
  0xfe, 0xfc, 0xfb, 0xfc, 0xfc, 0xfd, 0xfd, 0xfe, 0xfd, 0xfd, 0xfe, 0xfc, 0xfc, 0xfe, 0xfd, 0xff,
  0xfe, 0xff, 0xfd, 0xfb, 0xfd, 0xff, 0xff, 0xfe, 0xfd, 0xfb, 0xf9, 0xfb, 0xfb, 0xfd, 0xfd, 0xfd,
  0xfe, 0xfe, 0xfc, 0xfc, 0xfb, 0xff, 0xfe, 0xfe, 0xfc, 0xfe, 0xfc, 0xfe, 0xfa, 0xff, 0xfb, 0xfd,
  0xfe, 0xfd, 0xfb, 0xff, 0xfc, 0xfd, 0xfb, 0xfc, 0xfd, 0xfc, 0xfa, 0xfc, 0xfa, 0xfa, 0xf9, 0xfa,
  0xfb, 0xfa, 0xec, 0xf1, 0xf0, 0xf7, 0xf2, 0xf0, 0xf0, 0xf9, 0xfa, 0xf2, 0xf9, 0xe2, 0x91, 0xbb,
  0xb9, 0x69, 0x25, 0x19, 0x31, 0x0e, 0x00, 0x00, 0x00, 0x10, 0x0f, 0x08, 0x0e, 0x00, 0x00, 0x00,
  0x00, 0x00, 0x00, 0x00, 0x00, 0x00, 0x00, 0x00, 0x00, 0x00, 0x00, 0x00, 0x00, 0x00, 0x00, 0x00,
  0x00, 0x00, 0x00, 0x00, 0x00, 0x00, 0x00, 0x00, 0x00, 0x00, 0x00, 0x00, 0x00, 0x00, 0x00, 0x00,
  0x00, 0x00, 0x00, 0x00, 0x00, 0x02, 0x0a, 0x18, 0x12, 0x32, 0x20, 0x10, 0x0b, 0x0f, 0x09, 0x20,
  0x1b, 0x04, 0x00, 0x00, 0x06, 0x00, 0x0b, 0x00, 0x08, 0x0d, 0x09, 0x02, 0x0a, 0x26, 0x16, 0x21,
  0x5d, 0xc1, 0xde, 0xe1, 0xfc, 0xe9, 0xeb, 0xde, 0xe3, 0xdd, 0xf7, 0xf9, 0xfa, 0xf8, 0xfc, 0xfc,
  0xfd, 0xff, 0xfd, 0xfc, 0xfe, 0xff, 0xfd, 0xfd, 0xfb, 0xff, 0xfb, 0xfd, 0xfd, 0xfe, 0xff, 0xfe,
  0xfc, 0xff, 0xfc, 0xfd, 0xfd, 0xff, 0xfe, 0xfe, 0xfc, 0xfe, 0xfd, 0xfe, 0xfd, 0xfe, 0xfb, 0xff,
  0xfb, 0xff, 0xfd, 0xfc, 0xff, 0xff, 0xff, 0xff, 0xff, 0xff, 0xfe, 0xfd, 0xfe, 0xff, 0xfd, 0xff,
  0xfd, 0xff, 0xfc, 0xfe, 0xfd, 0xff, 0xfe, 0xff, 0xfc, 0xfe, 0xfd, 0xfd, 0xfe, 0xff, 0xfe, 0xff,
  0xfa, 0xff, 0xfd, 0xfd, 0xff, 0xff, 0xfd, 0xff, 0xfc, 0xff, 0xfc, 0xff, 0xfe, 0xfe, 0xfd, 0xfc,
  0xfc, 0xfd, 0xfa, 0xfb, 0xf2, 0xf9, 0xf8, 0xf2, 0xf5, 0xe6, 0xd9, 0xdf, 0xde, 0xeb, 0xeb, 0xe3,
  0xd0, 0xd9, 0xe9, 0xe6, 0xfa, 0xfd, 0xc3, 0xa3, 0x56, 0x56, 0x25, 0x11, 0x02, 0x01, 0x01, 0x00,
  0x00, 0x08, 0x05, 0x02, 0x08, 0x04, 0x00, 0x00, 0x00, 0x00, 0x00, 0x00, 0x00, 0x00, 0x00, 0x00,
  0x00, 0x00, 0x00, 0x00, 0x00, 0x00, 0x00, 0x00, 0x00, 0x00, 0x00, 0x00, 0x00, 0x00, 0x00, 0x00,
  0x00, 0x00, 0x00, 0x00, 0x00, 0x00, 0x00, 0x00, 0x00, 0x00, 0x00, 0x00, 0x00, 0x02, 0x18, 0x78,
  0x59, 0x42, 0x13, 0x14, 0x00, 0x0d, 0x14, 0x08, 0x04, 0x06, 0x08, 0x07, 0x02, 0x05, 0x0a, 0x04,
  0x05, 0x03, 0x04, 0x06, 0x0c, 0x28, 0x1a, 0x22, 0x70, 0xb2, 0xaf, 0xc1, 0xd6, 0xca, 0x90, 0xe5,
  0xcf, 0xbe, 0xf1, 0xfc, 0xf3, 0xf5, 0xf8, 0xfe, 0xfc, 0xfe, 0xfc, 0xff, 0xfe, 0xff, 0xff, 0xfe,
  0xfe, 0xfd, 0xfd, 0xfe, 0xff, 0xfe, 0xff, 0xff, 0xff, 0xfe, 0xff, 0xff, 0xff, 0xff, 0xff, 0xff,
  0xff, 0xfe, 0xfe, 0xfe, 0xfe, 0xff, 0xff, 0xff, 0xfe, 0xfe, 0xfe, 0xff, 0xff, 0xff, 0xff, 0xff,
  0xfe, 0xff, 0xfd, 0xff, 0xff, 0xff, 0xfe, 0xff, 0xff, 0xff, 0xfe, 0xff, 0xfe, 0xff, 0xfe, 0xff,
  0xff, 0xfd, 0xfe, 0xff, 0xff, 0xff, 0xfe, 0xff, 0xfe, 0xfe, 0xfe, 0xff, 0xfe, 0xff, 0xff, 0xff,
  0xfd, 0xfe, 0xff, 0xfd, 0xfe, 0xfd, 0xfc, 0xff, 0xfd, 0xf7, 0xf6, 0xf4, 0xf7, 0xfb, 0xff, 0xfe,
  0xfd, 0xfb, 0xd9, 0xc9, 0x55, 0xcd, 0xac, 0x82, 0x8b, 0x95, 0xd9, 0xe4, 0xfc, 0xfb, 0xd0, 0xc8,
  0x43, 0x3a, 0x21, 0x0a, 0x0d, 0x00, 0x00, 0x00, 0x00, 0x00, 0x01, 0x00, 0x00, 0x00, 0x03, 0x01,
  0x00, 0x00, 0x00, 0x00, 0x00, 0x00, 0x00, 0x00, 0x00, 0x00, 0x00, 0x00, 0x00, 0x00, 0x00, 0x00,
  0x00, 0x00, 0x00, 0x00, 0x00, 0x00, 0x00, 0x00, 0x00, 0x00, 0x00, 0x00, 0x00, 0x00, 0x00, 0x00,
  0x00, 0x00, 0x00, 0x00, 0x00, 0x08, 0x3d, 0x87, 0x5b, 0x43, 0x0f, 0x00, 0x05, 0x10, 0x00, 0x00,
  0x05, 0x00, 0x03, 0x09, 0x03, 0x09, 0x04, 0x01, 0x03, 0x02, 0x05, 0x04, 0x01, 0x2f, 0x15, 0x22,
  0x61, 0x54, 0xb6, 0xe3, 0x9b, 0x3c, 0x55, 0xce, 0xcc, 0xdf, 0xc9, 0xe5, 0xfd, 0xeb, 0xf4, 0xfa,
  0xfa, 0xfe, 0xff, 0xfc, 0xfc, 0xfb, 0xff, 0xfe, 0xff, 0xfe, 0xff, 0xff, 0xff, 0xfd, 0xff, 0xff,
  0xff, 0xff, 0xff, 0xfd, 0xfc, 0xfe, 0xff, 0xff, 0xff, 0xfe, 0xff, 0xfd, 0xfd, 0xff, 0xfd, 0xff,
  0xfe, 0xfe, 0xff, 0xfd, 0xfd, 0xfe, 0xff, 0xff, 0xff, 0xff, 0xff, 0xff, 0xff, 0xfe, 0xff, 0xff,
  0xff, 0xff, 0xff, 0xfc, 0xff, 0xff, 0xff, 0xff, 0xff, 0xfd, 0xff, 0xfd, 0xfe, 0xfe, 0xff, 0xff,
  0xfe, 0xff, 0xff, 0xfd, 0xff, 0xfd, 0xff, 0xff, 0xfd, 0xfd, 0xff, 0xfb, 0xfd, 0xfa, 0xfc, 0xfb,
  0xf9, 0xf8, 0xf5, 0xc5, 0xf5, 0xf9, 0xf9, 0xfa, 0xfc, 0xf6, 0xd1, 0x43, 0x2a, 0x3e, 0x70, 0xa2,
  0xb7, 0x6c, 0x4c, 0x5c, 0xe9, 0xfe, 0xe1, 0xe3, 0x6d, 0x54, 0x5b, 0x09, 0x12, 0x06, 0x00, 0x00,
  0x00, 0x02, 0x00, 0x0b, 0x00, 0x00, 0x04, 0x00, 0x00, 0x00, 0x00, 0x00, 0x00, 0x00, 0x00, 0x00,
  0x00, 0x00, 0x00, 0x00, 0x00, 0x00, 0x00, 0x00, 0x00, 0x00, 0x00, 0x00, 0x00, 0x00, 0x00, 0x00,
  0x00, 0x00, 0x00, 0x00, 0x00, 0x00, 0x00, 0x00, 0x00, 0x00, 0x00, 0x00, 0x00, 0x0c, 0x75, 0x96,
  0x7b, 0x17, 0x0c, 0x03, 0x01, 0x06, 0x02, 0x00, 0x00, 0x02, 0x0e, 0x04, 0x0a, 0x03, 0x01, 0x00,
  0x01, 0x00, 0x04, 0x08, 0x08, 0x04, 0x2e, 0x71, 0x8e, 0x6c, 0xd5, 0xf3, 0xf1, 0xde, 0xf0, 0xf0,
  0xc4, 0x73, 0xa9, 0xc3, 0xd6, 0xf4, 0xf3, 0xf9, 0xff, 0xf8, 0xff, 0xfd, 0xfd, 0xfe, 0xfd, 0xfb,
  0xfd, 0xfc, 0xfc, 0xfb, 0xfb, 0xfd, 0xfc, 0xfd, 0xfc, 0xfa, 0xff, 0xfa, 0xfc, 0xfe, 0xfe, 0xfb,
  0xfe, 0xfb, 0xfe, 0xfb, 0xfe, 0xff, 0xfb, 0xfc, 0xfe, 0xfb, 0xfe, 0xfb, 0xfe, 0xff, 0xff, 0xfe,
  0xfd, 0xfc, 0xff, 0xfd, 0xfe, 0xff, 0xfc, 0xfc, 0xfd, 0xfc, 0xff, 0xfb, 0xfb, 0xff, 0xfc, 0xfb,
  0xfe, 0xfe, 0xfe, 0xfa, 0xfc, 0xff, 0xfd, 0xfd, 0xfd, 0xfd, 0xfe, 0xfa, 0xfc, 0xfe, 0xff, 0xfb,
  0xfc, 0xf8, 0xfb, 0xfc, 0xfe, 0xff, 0xf5, 0xf2, 0xf5, 0xef, 0xf4, 0xff, 0xf3, 0xee, 0xf9, 0xe9,
  0xe1, 0xe3, 0x8a, 0x3e, 0x31, 0x45, 0xc1, 0xde, 0xeb, 0xc4, 0x43, 0x74, 0xc4, 0xe5, 0xd8, 0xcd,
  0x86, 0x7b, 0x84, 0x4f, 0x35, 0x10, 0x05, 0x00, 0x04, 0x00, 0x03, 0x02, 0x14, 0x02, 0x00, 0x00,
  0x00, 0x00, 0x00, 0x00, 0x00, 0x00, 0x00, 0x00, 0x00, 0x00, 0x00, 0x00, 0x00, 0x00, 0x00, 0x00,
  0x00, 0x00, 0x00, 0x00, 0x00, 0x00, 0x00, 0x00, 0x00, 0x00, 0x00, 0x00, 0x00, 0x00, 0x00, 0x00,
  0x00, 0x00, 0x00, 0x00, 0x02, 0x20, 0x7f, 0x44, 0x11, 0x04, 0x01, 0x00, 0x00, 0x01, 0x00, 0x00,
  0x04, 0x01, 0x05, 0x06, 0x0f, 0x00, 0x00, 0x00, 0x03, 0x01, 0x03, 0x01, 0x0f, 0x07, 0x4f, 0xd3,
  0x59, 0x91, 0xf8, 0xfd, 0xf4, 0xe7, 0xa8, 0xea, 0xe4, 0xaa, 0xdb, 0xb2, 0xd3, 0xfa, 0xef, 0xfb,
  0xfd, 0xfa, 0xfc, 0xf8, 0xfc, 0xfc, 0xfd, 0xfd, 0xfe, 0xfc, 0xfc, 0xfa, 0xfc, 0xfc, 0xfc, 0xfa,
  0xff, 0xfc, 0xfe, 0xfa, 0xfc, 0xfd, 0xfd, 0xfc, 0xff, 0xfe, 0xfc, 0xfb, 0xfd, 0xfe, 0xfc, 0xfd,
  0xff, 0xfe, 0xfc, 0xfd, 0xfe, 0xff, 0xfd, 0xfe, 0xff, 0xfb, 0xff, 0xfe, 0xfc, 0xfc, 0xfd, 0xfd,
  0xff, 0xfd, 0xfe, 0xfb, 0xfd, 0xfd, 0xfb, 0xfc, 0xfd, 0xff, 0xfd, 0xfc, 0xfb, 0xfc, 0xfb, 0xfa,
  0xfd, 0xfb, 0xfd, 0xfc, 0xfa, 0xfe, 0xfe, 0xfe, 0xff, 0xfa, 0xfb, 0xf8, 0xff, 0xfb, 0xe8, 0xe1,
  0xfc, 0xf0, 0xfb, 0xff, 0xf5, 0xed, 0xe6, 0xc1, 0xd9, 0xe2, 0xa4, 0x64, 0x34, 0x1b, 0x56, 0x53,
  0xbc, 0xda, 0x71, 0x23, 0x4e, 0x57, 0xb0, 0xcb, 0xbb, 0x5e, 0x3b, 0x32, 0x22, 0x17, 0x0a, 0x00,
  0x02, 0x01, 0x00, 0x00, 0x05, 0x00, 0x00, 0x00, 0x00, 0x00, 0x00, 0x00, 0x00, 0x00, 0x00, 0x00,
  0x00, 0x00, 0x00, 0x00, 0x00, 0x00, 0x00, 0x00, 0x00, 0x00, 0x00, 0x00, 0x00, 0x00, 0x00, 0x00,
  0x00, 0x00, 0x00, 0x00, 0x00, 0x00, 0x00, 0x00, 0x00, 0x00, 0x00, 0x00, 0x03, 0x09, 0x09, 0x00,
  0x00, 0x00, 0x00, 0x01, 0x00, 0x00, 0x00, 0x00, 0x01, 0x06, 0x0a, 0x09, 0x07, 0x00, 0x00, 0x00,
  0x00, 0x00, 0x00, 0x04, 0x13, 0x28, 0x4d, 0x8f, 0x44, 0xd4, 0xe7, 0xee, 0xff, 0xe9, 0xda, 0xef,
  0xda, 0xd4, 0xe3, 0xf1, 0xec, 0xe9, 0xfa, 0xf9, 0xf8, 0xf9, 0xfc, 0xf9, 0xf8, 0xfd, 0xfc, 0xfa,
  0xfb, 0xfc, 0xfc, 0xfd, 0xfa, 0xfc, 0xfc, 0xfb, 0xfb, 0xfa, 0xfa, 0xfd, 0xfb, 0xfd, 0xfc, 0xfc,
  0xfd, 0xfb, 0xfb, 0xfc, 0xfb, 0xfe, 0xfd, 0xfc, 0xfe, 0xfb, 0xfc, 0xfc, 0xfd, 0xfd, 0xfd, 0xfb,
  0xfc, 0xfb, 0xfc, 0xfd, 0xfc, 0xfe, 0xfc, 0xfd, 0xfb, 0xfd, 0xfc, 0xfe, 0xfc, 0xfb, 0xfc, 0xfd,
  0xfa, 0xfa, 0xfc, 0xfd, 0xfd, 0xfb, 0xfc, 0xfd, 0xfc, 0xfa, 0xfc, 0xfa, 0xf9, 0xfd, 0xfe, 0xfb,
  0xfb, 0xf9, 0xf6, 0xfb, 0xf9, 0xf3, 0xeb, 0xf1, 0xe0, 0x9b, 0xea, 0xfc, 0xef, 0xe0, 0xd9, 0xd5,
  0xca, 0xc3, 0x7d, 0x66, 0x54, 0x23, 0x4b, 0x8d, 0x81, 0x9b, 0x9b, 0x20, 0x1a, 0x0c, 0x31, 0x74,
  0xa1, 0x86, 0x1b, 0x33, 0x38, 0x04, 0x18, 0x03, 0x00, 0x01, 0x00, 0x00, 0x00, 0x00, 0x00, 0x00,
  0x00, 0x00, 0x00, 0x00, 0x00, 0x00, 0x00, 0x00, 0x00, 0x00, 0x00, 0x00, 0x00, 0x00, 0x00, 0x00,
  0x00, 0x00, 0x00, 0x00, 0x00, 0x00, 0x00, 0x00, 0x00, 0x00, 0x00, 0x00, 0x00, 0x00, 0x00, 0x00,
  0x00, 0x00, 0x00, 0x00, 0x00, 0x02, 0x00, 0x09, 0x02, 0x00, 0x00, 0x00, 0x00, 0x01, 0x00, 0x00,
  0x00, 0x03, 0x05, 0x02, 0x06, 0x02, 0x01, 0x01, 0x00, 0x02, 0x05, 0x12, 0x51, 0x7d, 0x6c, 0x4d,
  0x4b, 0xaa, 0xd6, 0xd4, 0xfc, 0xf0, 0xdc, 0xd2, 0xd2, 0xa8, 0xa2, 0xec, 0xec, 0xd9, 0xf4, 0xed,
  0xed, 0xe9, 0xf3, 0xf4, 0xfb, 0xfe, 0xfb, 0xfa, 0xfb, 0xff, 0xfb, 0xfd, 0xfa, 0xfc, 0xfc, 0xfd,
  0xfe, 0xff, 0xfd, 0xfe, 0xfb, 0xfe, 0xfd, 0xff, 0xfe, 0xfd, 0xfe, 0xfe, 0xfd, 0xfd, 0xfc, 0xfd,
  0xfe, 0xfd, 0xfd, 0xfe, 0xfb, 0xfd, 0xfe, 0xfd, 0xfc, 0xfd, 0xfd, 0xff, 0xf9, 0xfd, 0xfb, 0xfb,
  0xfe, 0xff, 0xfe, 0xfe, 0xfb, 0xfd, 0xfc, 0xfd, 0xfc, 0xfb, 0xfe, 0xfc, 0xfc, 0xfd, 0xfe, 0xfc,
  0xfd, 0xfe, 0xfe, 0xfd, 0xfa, 0xfa, 0xf9, 0xfa, 0xfa, 0xf9, 0xf9, 0xf6, 0xf1, 0xe9, 0x82, 0xb2,
  0xe5, 0xc1, 0x80, 0x88, 0x77, 0xb8, 0xe3, 0xd1, 0xa6, 0x96, 0x83, 0x3c, 0x88, 0x3e, 0x42, 0xb1,
  0x73, 0x3c, 0x86, 0x57, 0x19, 0x03, 0x1a, 0x38, 0x7d, 0xb9, 0x5d, 0x2d, 0x2f, 0x17, 0x1e, 0x09,
  0x00, 0x03, 0x04, 0x04, 0x00, 0x00, 0x00, 0x00, 0x00, 0x00, 0x00, 0x00, 0x00, 0x00, 0x00, 0x00,
  0x00, 0x00, 0x00, 0x00, 0x00, 0x00, 0x00, 0x00, 0x00, 0x00, 0x00, 0x00, 0x00, 0x00, 0x00, 0x00,
  0x00, 0x00, 0x00, 0x00, 0x00, 0x00, 0x00, 0x00, 0x00, 0x00, 0x00, 0x00, 0x02, 0x00, 0x03, 0x00,
  0x00, 0x00, 0x00, 0x00, 0x00, 0x00, 0x00, 0x00, 0x00, 0x02, 0x00, 0x00, 0x02, 0x00, 0x00, 0x00,
  0x00, 0x01, 0x04, 0x09, 0x6a, 0x4f, 0x35, 0x3a, 0x82, 0xbb, 0xc3, 0xc2, 0xea, 0xe8, 0xce, 0xa8,
  0x98, 0xc3, 0xd4, 0xd5, 0xd2, 0xe6, 0xf2, 0xda, 0xec, 0xe7, 0xf4, 0xf6, 0xff, 0xf9, 0xfb, 0xfa,
  0xfa, 0xfc, 0xf7, 0xfb, 0xfb, 0xfc, 0xfc, 0xfc, 0xfc, 0xfc, 0xf9, 0xfd, 0xfe, 0xfc, 0xfe, 0xfd,
  0xfd, 0xfd, 0xfa, 0xfd, 0xfe, 0xfb, 0xfc, 0xfc, 0xfd, 0xfd, 0xfc, 0xfe, 0xfd, 0xfd, 0xfe, 0xff,
  0xfc, 0xfe, 0xfb, 0xfd, 0xfc, 0xfe, 0xfe, 0xfd, 0xfd, 0xfd, 0xf9, 0xfc, 0xfd, 0xfc, 0xfc, 0xfd,
  0xfb, 0xfc, 0xfa, 0xfb, 0xfc, 0xfa, 0xfe, 0xfb, 0xfc, 0xfc, 0xfa, 0xfa, 0xfb, 0xf6, 0xf4, 0xfb,
  0xf6, 0xf7, 0xf6, 0xef, 0xea, 0xef, 0xb9, 0x95, 0xb2, 0xd8, 0x6d, 0x3a, 0x26, 0x84, 0x97, 0x4c,
  0x4e, 0x5b, 0x6b, 0x5b, 0x6c, 0xcf, 0x6c, 0x2b, 0x62, 0x32, 0x38, 0x43, 0x0f, 0x00, 0x0d, 0x0d,
  0x74, 0xc9, 0xb8, 0x29, 0x0e, 0x72, 0x54, 0x0d, 0x00, 0x02, 0x00, 0x03, 0x01, 0x00, 0x00, 0x00,
  0x00, 0x00, 0x00, 0x00, 0x00, 0x00, 0x00, 0x00, 0x00, 0x00, 0x00, 0x00, 0x00, 0x00, 0x00, 0x00,
  0x00, 0x00, 0x00, 0x00, 0x00, 0x00, 0x00, 0x00, 0x00, 0x00, 0x00, 0x00, 0x00, 0x00, 0x00, 0x00,
  0x00, 0x00, 0x00, 0x00, 0x00, 0x00, 0x00, 0x00, 0x00, 0x00, 0x00, 0x00, 0x00, 0x00, 0x00, 0x00,
  0x00, 0x00, 0x00, 0x07, 0x08, 0x00, 0x01, 0x00, 0x00, 0x00, 0x00, 0x02, 0x17, 0x17, 0x22, 0x1f,
  0x6c, 0xab, 0x6a, 0xc6, 0xc4, 0xd2, 0x4d, 0x7c, 0x81, 0x7b, 0x9c, 0xa7, 0xc9, 0xe7, 0xeb, 0xdf,
  0xdd, 0xe5, 0xf0, 0xf2, 0xf6, 0xf5, 0xf8, 0xf8, 0xfb, 0xfb, 0xf6, 0xf7, 0xfa, 0xfa, 0xfb, 0xf9,
  0xfb, 0xfb, 0xf9, 0xfb, 0xfb, 0xfb, 0xfe, 0xfb, 0xfb, 0xfd, 0xfb, 0xfd, 0xfc, 0xfb, 0xfc, 0xfb,
  0xfc, 0xfc, 0xfb, 0xfc, 0xfc, 0xfe, 0xfd, 0xfc, 0xfa, 0xfe, 0xfc, 0xfe, 0xfe, 0xfd, 0xfe, 0xfb,
  0xfc, 0xfd, 0xf9, 0xfd, 0xfa, 0xfb, 0xfd, 0xfa, 0xfb, 0xfb, 0xfa, 0xfa, 0xf9, 0xf8, 0xfc, 0xfb,
  0xf9, 0xfb, 0xf8, 0xf8, 0xf4, 0xf9, 0xfb, 0xf4, 0xf6, 0xf8, 0xb6, 0xbf, 0xde, 0xe1, 0xe7, 0x9d,
  0x42, 0x4b, 0x43, 0x2f, 0x29, 0x1f, 0x25, 0x19, 0x0a, 0x17, 0x1a, 0x19, 0x3e, 0x90, 0x5b, 0x29,
  0x3c, 0x2f, 0x18, 0x35, 0x09, 0x00, 0x06, 0x06, 0x19, 0x4a, 0x82, 0x45, 0x08, 0x4b, 0x4a, 0x1d,
  0x01, 0x02, 0x02, 0x03, 0x05, 0x00, 0x00, 0x00, 0x00, 0x00, 0x00, 0x00, 0x00, 0x00, 0x00, 0x00,
  0x00, 0x00, 0x00, 0x00, 0x00, 0x00, 0x00, 0x00, 0x00, 0x00, 0x00, 0x00, 0x00, 0x00, 0x00, 0x00,
  0x00, 0x00, 0x00, 0x00, 0x00, 0x00, 0x00, 0x00, 0x00, 0x00, 0x00, 0x00, 0x00, 0x00, 0x00, 0x00,
  0x00, 0x00, 0x00, 0x00, 0x00, 0x00, 0x00, 0x00, 0x00, 0x03, 0x03, 0x07, 0x0a, 0x00, 0x00, 0x00,
  0x00, 0x05, 0x04, 0x0a, 0x0e, 0x11, 0x17, 0x03, 0x19, 0x45, 0x57, 0x58, 0x72, 0x73, 0x5b, 0xad,
  0xc4, 0x66, 0x47, 0x53, 0xc2, 0xc2, 0x7d, 0xc2, 0xaf, 0xa1, 0xc2, 0xea, 0xdc, 0xea, 0xec, 0xf5,
  0xf8, 0xfa, 0xf9, 0xfb, 0xf8, 0xf3, 0xf2, 0xfa, 0xf8, 0xf9, 0xfc, 0xfb, 0xf9, 0xfb, 0xfb, 0xfb,
  0xfc, 0xfb, 0xfd, 0xfd, 0xfb, 0xfc, 0xfb, 0xfb, 0xfd, 0xfc, 0xfc, 0xfd, 0xfd, 0xfa, 0xfb, 0xfc,
  0xfd, 0xff, 0xfe, 0xfd, 0xfd, 0xfb, 0xfc, 0xfe, 0xfd, 0xfc, 0xfd, 0xfb, 0xfe, 0xf5, 0xfc, 0xfc,
  0xfb, 0xf6, 0xf3, 0xf5, 0xec, 0xf7, 0xfa, 0xf7, 0xf8, 0xf8, 0xf8, 0xf8, 0xf0, 0xf8, 0xf7, 0xf6,
  0xf3, 0xf2, 0x82, 0x1b, 0x1b, 0x98, 0xad, 0xd9, 0x74, 0x2b, 0x21, 0x1e, 0x45, 0x19, 0x14, 0x20,
  0x0c, 0x13, 0x0c, 0x08, 0x08, 0x0e, 0x36, 0x20, 0x26, 0x29, 0x0a, 0x1d, 0x08, 0x01, 0x02, 0x0b,
  0x04, 0x00, 0x11, 0x1b, 0x00, 0x12, 0x22, 0x17, 0x03, 0x00, 0x00, 0x00, 0x01, 0x00, 0x00, 0x00,
  0x00, 0x00, 0x00, 0x00, 0x00, 0x00, 0x00, 0x00, 0x00, 0x00, 0x00, 0x00, 0x00, 0x00, 0x00, 0x00,
  0x00, 0x00, 0x00, 0x00, 0x00, 0x00, 0x00, 0x00, 0x00, 0x00, 0x00, 0x00, 0x00, 0x00, 0x00, 0x00,
  0x00, 0x00, 0x00, 0x00, 0x00, 0x00, 0x00, 0x00, 0x00, 0x00, 0x00, 0x00, 0x00, 0x00, 0x00, 0x00,
  0x00, 0x00, 0x00, 0x00, 0x00, 0x00, 0x00, 0x00, 0x00, 0x05, 0x0b, 0x07, 0x04, 0x09, 0x05, 0x04,
  0x12, 0x23, 0x30, 0x24, 0x2b, 0x35, 0x47, 0x75, 0x92, 0x37, 0x46, 0x7d, 0x94, 0x40, 0x29, 0x82,
  0xa4, 0x75, 0x7e, 0x9f, 0x76, 0xdb, 0xeb, 0xf5, 0xf6, 0xf6, 0xf8, 0xf8, 0xd6, 0xe5, 0xf4, 0xed,
  0xee, 0xf4, 0xf7, 0xf3, 0xf0, 0xf8, 0xfb, 0xf9, 0xf9, 0xfc, 0xfc, 0xfc, 0xfb, 0xfb, 0xfa, 0xfb,
  0xfc, 0xfd, 0xfe, 0xfc, 0xfb, 0xfb, 0xfd, 0xfc, 0xfb, 0xfe, 0xfd, 0xfc, 0xfc, 0xfa, 0xfd, 0xfc,
  0xfb, 0xfd, 0xfa, 0xf6, 0xf8, 0xf0, 0xfc, 0xfc, 0xf7, 0xce, 0xbf, 0xf2, 0xef, 0xf5, 0xfb, 0xf9,
  0xf6, 0xf9, 0xf6, 0xe2, 0xee, 0xf6, 0xf5, 0xf6, 0xf9, 0xf2, 0x50, 0x2b, 0x3f, 0x7b, 0x9a, 0xe9,
  0x8a, 0x19, 0x0a, 0x1b, 0x49, 0x25, 0x0a, 0x11, 0x17, 0x01, 0x03, 0x07, 0x04, 0x13, 0x1f, 0x11,
  0x0d, 0x1f, 0x11, 0x0b, 0x0f, 0x00, 0x00, 0x02, 0x00, 0x00, 0x15, 0x19, 0x0e, 0x0e, 0x10, 0x02,
  0x05, 0x02, 0x00, 0x00, 0x00, 0x02, 0x02, 0x00, 0x00, 0x00, 0x00, 0x00, 0x00, 0x00, 0x00, 0x00,
  0x00, 0x00, 0x00, 0x00, 0x00, 0x00, 0x00, 0x00, 0x00, 0x00, 0x00, 0x00, 0x00, 0x00, 0x00, 0x00,
  0x00, 0x00, 0x00, 0x00, 0x00, 0x00, 0x1e, 0x69, 0x3b, 0x00, 0x00, 0x00, 0x00, 0x00, 0x00, 0x00,
  0x00, 0x00, 0x00, 0x00, 0x00, 0x00, 0x00, 0x00, 0x00, 0x00, 0x02, 0x1f, 0x1f, 0x00, 0x00, 0x00,
  0x00, 0x00, 0x02, 0x03, 0x00, 0x00, 0x01, 0x01, 0x04, 0x0e, 0x31, 0x50, 0x3e, 0x26, 0x28, 0x52,
  0x46, 0x30, 0x50, 0x94, 0x71, 0x41, 0x3d, 0x1d, 0xac, 0xb6, 0xc5, 0xc0, 0xca, 0xb1, 0xe5, 0xee,
  0xf9, 0xf8, 0xf7, 0xe8, 0xf5, 0xec, 0xe3, 0xe1, 0xee, 0xfb, 0xeb, 0xf9, 0xf9, 0xfd, 0xf9, 0xfb,
  0xf0, 0xfa, 0xfb, 0xf5, 0xfb, 0xf6, 0xf7, 0xfa, 0xfc, 0xf7, 0xf9, 0xfa, 0xf9, 0xfb, 0xfa, 0xfc,
  0xfe, 0xf8, 0xfe, 0xf8, 0xf8, 0xf8, 0xf7, 0xf2, 0xfb, 0xf1, 0xf6, 0xf7, 0xf3, 0xf0, 0xf9, 0xf8,
  0xfa, 0xf2, 0xef, 0xf4, 0xf7, 0xf9, 0xf6, 0xe5, 0xef, 0xee, 0xea, 0xe9, 0xf0, 0xec, 0xd5, 0xef,
  0xee, 0xf0, 0xa0, 0x64, 0x59, 0x8b, 0x5b, 0x74, 0x9e, 0x31, 0x14, 0x1e, 0x8a, 0x9e, 0xa1, 0x68,
  0x56, 0x7d, 0x53, 0x18, 0x0e, 0x07, 0x00, 0x00, 0x03, 0x00, 0x06, 0x10, 0x03, 0x05, 0x07, 0x09,
  0x08, 0x00, 0x14, 0x07, 0x00, 0x01, 0x00, 0x00, 0x00, 0x00, 0x00, 0x01, 0x00, 0x01, 0x00, 0x00,
  0x00, 0x00, 0x00, 0x00, 0x00, 0x00, 0x00, 0x00, 0x00, 0x00, 0x00, 0x00, 0x00, 0x00, 0x00, 0x00,
  0x00, 0x00, 0x00, 0x00, 0x00, 0x00, 0x00, 0x00, 0x00, 0x00, 0x00, 0x00, 0x00, 0x00, 0x04, 0x08,
  0x00, 0x00, 0x00, 0x00, 0x00, 0x00, 0x00, 0x00, 0x00, 0x00, 0x00, 0x00, 0x00, 0x00, 0x00, 0x00,
  0x00, 0x00, 0x00, 0x03, 0x06, 0x00, 0x00, 0x00, 0x00, 0x00, 0x00, 0x00, 0x00, 0x01, 0x00, 0x00,
  0x03, 0x05, 0x0c, 0x17, 0x18, 0x1a, 0x0c, 0x1b, 0x1b, 0x1e, 0x4d, 0x4e, 0x2c, 0x30, 0x19, 0x40,
  0xa9, 0xb7, 0x7b, 0x7c, 0xb8, 0x96, 0xe4, 0xdb, 0xe8, 0xf2, 0xef, 0xf1, 0xf7, 0xe6, 0xc8, 0xc4,
  0xce, 0xe8, 0xe8, 0xee, 0xf8, 0xf3, 0xf6, 0xfa, 0xf6, 0xf7, 0xf6, 0xf3, 0xf6, 0xf1, 0xf8, 0xf2,
  0xed, 0xf5, 0xea, 0xfa, 0xf8, 0xff, 0xfd, 0xf6, 0xf6, 0xfc, 0xfc, 0xfc, 0xfe, 0xf8, 0xf5, 0xef,
  0xfb, 0xf9, 0xfc, 0xf0, 0xe6, 0xf7, 0xf7, 0xf6, 0xfd, 0xf2, 0xf6, 0xfa, 0xf7, 0xeb, 0xe0, 0xde,
  0xe2, 0xf2, 0xf1, 0xde, 0xf1, 0xec, 0xf0, 0xd3, 0xe9, 0xf5, 0xf3, 0xa1, 0x3b, 0x74, 0x34, 0x10,
  0x72, 0x44, 0x20, 0x38, 0xaf, 0x7c, 0x3c, 0x29, 0x2d, 0x34, 0x2a, 0x28, 0x15, 0x05, 0x00, 0x00,
  0x02, 0x00, 0x00, 0x00, 0x00, 0x03, 0x04, 0x07, 0x01, 0x00, 0x04, 0x05, 0x06, 0x00, 0x00, 0x00,
  0x01, 0x00, 0x00, 0x00, 0x00, 0x00, 0x00, 0x00, 0x00, 0x00, 0x00, 0x00, 0x00, 0x00, 0x00, 0x00,
  0x00, 0x00, 0x00, 0x00, 0x00, 0x00, 0x00, 0x00, 0x00, 0x00, 0x00, 0x00, 0x00, 0x00, 0x00, 0x00,
  0x00, 0x00, 0x00, 0x00, 0x00, 0x00, 0x00, 0x00, 0x00, 0x00, 0x00, 0x00, 0x00, 0x00, 0x00, 0x00,
  0x00, 0x00, 0x00, 0x00, 0x00, 0x00, 0x00, 0x00, 0x00, 0x00, 0x00, 0x00, 0x00, 0x00, 0x00, 0x00,
  0x00, 0x00, 0x00, 0x00, 0x00, 0x00, 0x01, 0x00, 0x00, 0x02, 0x03, 0x04, 0x0f, 0x06, 0x06, 0x07,
  0x09, 0x0d, 0x17, 0x2b, 0x27, 0x17, 0x24, 0x7d, 0xce, 0xaf, 0x5b, 0xce, 0xde, 0xf3, 0xf3, 0xe7,
  0xc2, 0xe1, 0xe2, 0xd2, 0xe9, 0xd2, 0xcb, 0xdc, 0xba, 0xd4, 0xfa, 0xf1, 0xf3, 0xef, 0xf6, 0xf4,
  0xf5, 0xf6, 0xee, 0xf3, 0xed, 0xe6, 0xf2, 0xf1, 0xec, 0xe2, 0xea, 0xf6, 0xf4, 0xfd, 0xef, 0xf4,
  0xfa, 0xf3, 0xf9, 0xff, 0xf5, 0xfd, 0xfc, 0xed, 0xe9, 0xe9, 0xf3, 0xf6, 0xe3, 0xfa, 0xef, 0xf6,
  0xfc, 0xfa, 0xf0, 0xec, 0xf0, 0xe4, 0xec, 0xda, 0xe1, 0xae, 0xd7, 0xdf, 0xc7, 0xfb, 0xf2, 0xf5,
  0xe0, 0xf4, 0xf4, 0xd5, 0x5b, 0x3d, 0x25, 0x1a, 0x48, 0x24, 0x0f, 0x50, 0x88, 0x27, 0x23, 0x1a,
  0x22, 0x1d, 0x19, 0x21, 0x12, 0x01, 0x00, 0x00, 0x00, 0x00, 0x00, 0x00, 0x00, 0x10, 0x05, 0x05,
  0x00, 0x01, 0x02, 0x11, 0x07, 0x00, 0x00, 0x00, 0x00, 0x00, 0x00, 0x00, 0x00, 0x00, 0x00, 0x00,
  0x00, 0x00, 0x00, 0x00, 0x00, 0x00, 0x00, 0x00, 0x00, 0x00, 0x00, 0x00, 0x00, 0x00, 0x00, 0x00,
  0x00, 0x00, 0x00, 0x00, 0x00, 0x00, 0x00, 0x00, 0x00, 0x00, 0x00, 0x00, 0x00, 0x00, 0x00, 0x00,
  0x00, 0x00, 0x00, 0x00, 0x00, 0x00, 0x00, 0x00, 0x00, 0x00, 0x00, 0x00, 0x00, 0x00, 0x00, 0x00,
  0x00, 0x00, 0x00, 0x03, 0x00, 0x00, 0x00, 0x00, 0x00, 0x00, 0x00, 0x00, 0x00, 0x00, 0x01, 0x00,
  0x02, 0x02, 0x00, 0x02, 0x0f, 0x05, 0x05, 0x04, 0x07, 0x0e, 0x09, 0x0f, 0x1f, 0x18, 0x21, 0x83,
  0x96, 0x47, 0xb9, 0xed, 0xfd, 0xf6, 0xed, 0xa9, 0x76, 0x7f, 0xa3, 0xb0, 0xce, 0xb7, 0x60, 0x9b,
  0x86, 0xc0, 0xe7, 0xe9, 0xe8, 0xf0, 0xf6, 0xf6, 0xf8, 0xf6, 0xda, 0xe1, 0xbe, 0xb3, 0xb7, 0xb7,
  0x7f, 0x88, 0xa9, 0xb2, 0xf2, 0xf3, 0xe1, 0xe7, 0xf1, 0xf2, 0xf4, 0xfe, 0xfd, 0xfd, 0xff, 0xee,
  0xd8, 0xd0, 0xe1, 0xe9, 0xd4, 0xec, 0xd2, 0xe7, 0xef, 0xfc, 0xe2, 0xef, 0xf1, 0xc0, 0xa7, 0x89,
  0x7e, 0x6f, 0x6c, 0xab, 0x92, 0xdf, 0xc4, 0xd0, 0xb8, 0xd7, 0xe2, 0xe0, 0xb4, 0x29, 0x1e, 0x24,
  0x34, 0x47, 0x0c, 0x05, 0x17, 0x18, 0x10, 0x14, 0x04, 0x0c, 0x06, 0x07, 0x06, 0x00, 0x00, 0x00,
  0x02, 0x00, 0x00, 0x00, 0x03, 0x04, 0x02, 0x04, 0x01, 0x00, 0x01, 0x06, 0x02, 0x00, 0x02, 0x00,
  0x00, 0x00, 0x00, 0x00, 0x00, 0x00, 0x01, 0x00, 0x00, 0x00, 0x00, 0x00, 0x00, 0x00, 0x00, 0x00,
  0x00, 0x00, 0x00, 0x00, 0x00, 0x00, 0x00, 0x00, 0x00, 0x00, 0x00, 0x00, 0x00, 0x00, 0x00, 0x00,
  0x00, 0x00, 0x00, 0x00, 0x00, 0x00, 0x00, 0x00, 0x00, 0x00, 0x00, 0x00, 0x00, 0x00, 0x00, 0x00,
  0x00, 0x00, 0x00, 0x00, 0x00, 0x00, 0x00, 0x00, 0x00, 0x00, 0x00, 0x00, 0x00, 0x00, 0x00, 0x00,
  0x00, 0x00, 0x00, 0x00, 0x00, 0x00, 0x00, 0x00, 0x00, 0x01, 0x00, 0x00, 0x00, 0x03, 0x03, 0x00,
  0x01, 0x06, 0x0b, 0x0e, 0x23, 0x0b, 0x1f, 0x46, 0x24, 0x8a, 0xf7, 0xee, 0xee, 0xe8, 0x58, 0x4c,
  0x77, 0xca, 0xa8, 0x41, 0x71, 0x5f, 0x52, 0xa7, 0xc3, 0xdc, 0xc2, 0xc8, 0xd2, 0xee, 0xeb, 0xc3,
  0xcd, 0xa7, 0x76, 0x6b, 0x49, 0xa7, 0x6e, 0x8a, 0x75, 0x7a, 0x53, 0x43, 0x8d, 0xe7, 0xe9, 0xb3,
  0xdc, 0xf8, 0xee, 0xf4, 0xf6, 0xf4, 0xf5, 0xea, 0xa7, 0x83, 0x7a, 0x59, 0x70, 0xdb, 0xb5, 0xa9,
  0xd5, 0xb6, 0xcb, 0xcb, 0xe0, 0x8f, 0x80, 0x6f, 0x43, 0x44, 0x43, 0x31, 0x22, 0xb2, 0x75, 0x5e,
  0x58, 0x38, 0x62, 0xa9, 0xab, 0x3c, 0x13, 0x17, 0x09, 0x13, 0x1f, 0x08, 0x09, 0x17, 0x08, 0x07,
  0x05, 0x06, 0x05, 0x00, 0x01, 0x00, 0x00, 0x00, 0x00, 0x00, 0x00, 0x00, 0x00, 0x02, 0x02, 0x00,
  0x00, 0x02, 0x04, 0x01, 0x00, 0x00, 0x00, 0x00, 0x00, 0x00, 0x00, 0x00, 0x00, 0x00, 0x00, 0x00,
  0x00, 0x00, 0x00, 0x00, 0x00, 0x00, 0x00, 0x00, 0x00, 0x00, 0x00, 0x00, 0x00, 0x00, 0x00, 0x00,
  0x00, 0x00, 0x00, 0x00, 0x00, 0x00, 0x00, 0x00, 0x00, 0x00, 0x00, 0x00, 0x00, 0x00, 0x00, 0x00,
  0x00, 0x00, 0x00, 0x00, 0x00, 0x00, 0x00, 0x00, 0x00, 0x00, 0x00, 0x00, 0x00, 0x00, 0x00, 0x00,
  0x00, 0x00, 0x00, 0x00, 0x00, 0x00, 0x00, 0x00, 0x00, 0x00, 0x00, 0x00, 0x00, 0x00, 0x00, 0x03,
  0x02, 0x02, 0x00, 0x00, 0x05, 0x06, 0x02, 0x03, 0x02, 0x02, 0x03, 0x0c, 0x0e, 0x10, 0x2a, 0x44,
  0x48, 0xeb, 0xeb, 0xf0, 0xcf, 0x4b, 0x31, 0x86, 0xde, 0xe5, 0x79, 0x3e, 0x5e, 0x71, 0xbf, 0xe2,
  0xda, 0xb9, 0x5e, 0x6b, 0x96, 0xdd, 0xd2, 0x9f, 0x82, 0x72, 0x66, 0x82, 0x66, 0xe4, 0xd2, 0xc0,
  0xb9, 0xb0, 0x47, 0x32, 0xa5, 0xdd, 0xd4, 0x8e, 0xcc, 0xe4, 0xaf, 0xba, 0xd9, 0xea, 0xea, 0xd9,
  0x6e, 0x4a, 0x63, 0x39, 0x72, 0xc3, 0xe2, 0xb7, 0x66, 0x59, 0x38, 0x76, 0xb0, 0x5d, 0x75, 0x37,
  0x16, 0x26, 0x16, 0x0f, 0x17, 0x36, 0x32, 0x17, 0x1c, 0x0d, 0x23, 0x27, 0x3c, 0x21, 0x02, 0x0c,
  0x03, 0x08, 0x0c, 0x01, 0x08, 0x0c, 0x06, 0x05, 0x07, 0x00, 0x01, 0x00, 0x08, 0x00, 0x00, 0x00,
  0x00, 0x00, 0x00, 0x00, 0x00, 0x02, 0x03, 0x00, 0x00, 0x01, 0x00, 0x00, 0x00, 0x00, 0x00, 0x00,
  0x00, 0x00, 0x00, 0x00, 0x01, 0x00, 0x00, 0x01, 0x00, 0x00, 0x00, 0x00, 0x00, 0x00, 0x00, 0x00,
  0x00, 0x00, 0x00, 0x00, 0x00, 0x00, 0x00, 0x00, 0x00, 0x00, 0x00, 0x00, 0x00, 0x00, 0x00, 0x00,
  0x00, 0x00, 0x00, 0x00, 0x00, 0x00, 0x00, 0x00, 0x00, 0x00, 0x00, 0x00, 0x00, 0x00, 0x00, 0x00,
  0x00, 0x00, 0x00, 0x00, 0x00, 0x00, 0x00, 0x00, 0x00, 0x00, 0x00, 0x00, 0x00, 0x00, 0x00, 0x00,
  0x00, 0x00, 0x00, 0x00, 0x00, 0x00, 0x00, 0x00, 0x00, 0x00, 0x00, 0x00, 0x09, 0x07, 0x02, 0x05,
  0x02, 0x06, 0x03, 0x06, 0x09, 0x0b, 0x22, 0x3b, 0x9b, 0xe4, 0xc1, 0xa4, 0x39, 0x13, 0x40, 0xaa,
  0x8a, 0x41, 0x3a, 0x27, 0x28, 0x48, 0xbd, 0xcf, 0x98, 0x82, 0x88, 0x63, 0x55, 0xc3, 0xa5, 0xa2,
  0xb8, 0x99, 0x75, 0x95, 0x88, 0x87, 0xa4, 0x80, 0x6f, 0x70, 0x3e, 0x37, 0xad, 0x87, 0x6b, 0x70,
  0x88, 0xa9, 0xa4, 0x6e, 0xa0, 0xe4, 0xd2, 0xcc, 0xa8, 0x4a, 0x30, 0x31, 0x58, 0x95, 0x8c, 0x51,
  0x26, 0x2d, 0x19, 0x1f, 0x4e, 0x3a, 0x48, 0x18, 0x07, 0x10, 0x06, 0x0a, 0x11, 0x44, 0x1a, 0x13,
  0x39, 0x2e, 0x13, 0x16, 0x10, 0x19, 0x04, 0x0a, 0x00, 0x05, 0x08, 0x00, 0x00, 0x00, 0x03, 0x03,
  0x01, 0x00, 0x00, 0x01, 0x00, 0x00, 0x00, 0x00, 0x00, 0x00, 0x00, 0x00, 0x01, 0x01, 0x01, 0x00,
  0x00, 0x00, 0x00, 0x00, 0x00, 0x00, 0x00, 0x00, 0x00, 0x01, 0x00, 0x00, 0x00, 0x00, 0x00, 0x00,
};

const lv_image_dsc_t hit_ring_perfect = {
  .header = {
    .magic = LV_IMAGE_HEADER_MAGIC,
    .cf = LV_COLOR_FORMAT_RGB565A8,
    .w = 200,
    .h = 190,
    .stride = 400,
  },
  .data_size = sizeof(hit_ring_perfect_map),
  .data = hit_ring_perfect_map,
};
